number_id,source_file,source_type,row,column,value,context,label
carbon_price_1,replication/derived/carbon_prices.csv,derived_carbon_price,1,pee,6.7,parameter_ambiguity,parameter_ambiguity det xi=\infty
carbon_price_2,replication/derived/carbon_prices.csv,derived_carbon_price,2,pee,6.8,parameter_ambiguity,parameter_ambiguity det xi=\infty
carbon_price_3,replication/derived/carbon_prices.csv,derived_carbon_price,3,pee,2.8,parameter_ambiguity,parameter_ambiguity hmc xi=0.5
carbon_price_4,replication/derived/carbon_prices.csv,derived_carbon_price,4,pee,4.8,parameter_ambiguity,parameter_ambiguity hmc xi=1
carbon_price_5,replication/derived/carbon_prices.csv,derived_carbon_price,5,pee,5.6,parameter_ambiguity,parameter_ambiguity hmc xi=2
carbon_price_6,replication/derived/carbon_prices.csv,derived_carbon_price,6,pee,5.6,price_stochasticity,price_stochasticity constrained xi=0.5
carbon_price_7,replication/derived/carbon_prices.csv,derived_carbon_price,7,pee,6.2,price_stochasticity,price_stochasticity constrained xi=1
carbon_price_8,replication/derived/carbon_prices.csv,derived_carbon_price,8,pee,6.7,price_stochasticity,price_stochasticity constrained xi=\infty
carbon_price_9,replication/derived/carbon_prices.csv,derived_carbon_price,9,pee,6.1,price_stochasticity,price_stochasticity unconstrained xi=0.5
carbon_price_10,replication/derived/carbon_prices.csv,derived_carbon_price,10,pee,6.5,price_stochasticity,price_stochasticity unconstrained xi=1
carbon_price_11,replication/derived/carbon_prices.csv,derived_carbon_price,11,pee,6.9,price_stochasticity,price_stochasticity unconstrained xi=\infty
mpc_transition_1_prob_from_low_to_low,job-outs/stage_mpc/mpc_hmc_pre_unconstrained/0026_run.out,mpc_run_log_transition_probability,1,prob_from_low_to_low,0.98311359,price_stochasticity,b=0 unconstrained xi=0.5 pe=6.1 mc=998
mpc_transition_1_prob_from_high_to_high,job-outs/stage_mpc/mpc_hmc_pre_unconstrained/0026_run.out,mpc_run_log_transition_probability,1,prob_from_high_to_high,0.16395947,price_stochasticity,b=0 unconstrained xi=0.5 pe=6.1 mc=998
mpc_transition_2_prob_from_low_to_low,job-outs/stage_mpc/mpc_hmc_pre_unconstrained/0027_run.out,mpc_run_log_transition_probability,2,prob_from_low_to_low,0.79123366,price_stochasticity,b=10 unconstrained xi=0.5 pe=16.1 mc=998
mpc_transition_2_prob_from_high_to_high,job-outs/stage_mpc/mpc_hmc_pre_unconstrained/0027_run.out,mpc_run_log_transition_probability,2,prob_from_high_to_high,0.75101032,price_stochasticity,b=10 unconstrained xi=0.5 pe=16.1 mc=998
mpc_transition_3_prob_from_low_to_low,job-outs/stage_mpc/mpc_hmc_pre_unconstrained/0028_run.out,mpc_run_log_transition_probability,3,prob_from_low_to_low,0.74071239,price_stochasticity,b=15 unconstrained xi=0.5 pe=21.1 mc=998
mpc_transition_3_prob_from_high_to_high,job-outs/stage_mpc/mpc_hmc_pre_unconstrained/0028_run.out,mpc_run_log_transition_probability,3,prob_from_high_to_high,0.80014341,price_stochasticity,b=15 unconstrained xi=0.5 pe=21.1 mc=998
mpc_transition_4_prob_from_low_to_low,job-outs/stage_mpc/mpc_hmc_pre_unconstrained/0029_run.out,mpc_run_log_transition_probability,4,prob_from_low_to_low,0.72607065,price_stochasticity,b=20 unconstrained xi=0.5 pe=26.1 mc=998
mpc_transition_4_prob_from_high_to_high,job-outs/stage_mpc/mpc_hmc_pre_unconstrained/0029_run.out,mpc_run_log_transition_probability,4,prob_from_high_to_high,0.81194761,price_stochasticity,b=20 unconstrained xi=0.5 pe=26.1 mc=998
mpc_transition_5_prob_from_low_to_low,job-outs/stage_mpc/mpc_hmc_pre_unconstrained/0030_run.out,mpc_run_log_transition_probability,5,prob_from_low_to_low,0.71630417,price_stochasticity,b=25 unconstrained xi=0.5 pe=31.1 mc=998
mpc_transition_5_prob_from_high_to_high,job-outs/stage_mpc/mpc_hmc_pre_unconstrained/0030_run.out,mpc_run_log_transition_probability,5,prob_from_high_to_high,0.8192664199999999,price_stochasticity,b=25 unconstrained xi=0.5 pe=31.1 mc=998
mpc_transition_6_prob_from_low_to_low,job-outs/stage_mpc/mpc_hmc_pre_unconstrained/0016_run.out,mpc_run_log_transition_probability,6,prob_from_low_to_low,0.91406113,price_stochasticity,b=0 unconstrained xi=1 pe=6.5 mc=998
mpc_transition_6_prob_from_high_to_high,job-outs/stage_mpc/mpc_hmc_pre_unconstrained/0016_run.out,mpc_run_log_transition_probability,6,prob_from_high_to_high,0.51781805,price_stochasticity,b=0 unconstrained xi=1 pe=6.5 mc=998
mpc_transition_7_prob_from_low_to_low,job-outs/stage_mpc/mpc_hmc_pre_unconstrained/0017_run.out,mpc_run_log_transition_probability,7,prob_from_low_to_low,0.74920368,price_stochasticity,b=10 unconstrained xi=1 pe=16.5 mc=998
mpc_transition_7_prob_from_high_to_high,job-outs/stage_mpc/mpc_hmc_pre_unconstrained/0017_run.out,mpc_run_log_transition_probability,7,prob_from_high_to_high,0.79296694,price_stochasticity,b=10 unconstrained xi=1 pe=16.5 mc=998
mpc_transition_8_prob_from_low_to_low,job-outs/stage_mpc/mpc_hmc_pre_unconstrained/0018_run.out,mpc_run_log_transition_probability,8,prob_from_low_to_low,0.72319333,price_stochasticity,b=15 unconstrained xi=1 pe=21.5 mc=998
mpc_transition_8_prob_from_high_to_high,job-outs/stage_mpc/mpc_hmc_pre_unconstrained/0018_run.out,mpc_run_log_transition_probability,8,prob_from_high_to_high,0.81417874,price_stochasticity,b=15 unconstrained xi=1 pe=21.5 mc=998
mpc_transition_9_prob_from_low_to_low,job-outs/stage_mpc/mpc_hmc_pre_unconstrained/0019_run.out,mpc_run_log_transition_probability,9,prob_from_low_to_low,0.71609127,price_stochasticity,b=20 unconstrained xi=1 pe=26.5 mc=998
mpc_transition_9_prob_from_high_to_high,job-outs/stage_mpc/mpc_hmc_pre_unconstrained/0019_run.out,mpc_run_log_transition_probability,9,prob_from_high_to_high,0.81948239,price_stochasticity,b=20 unconstrained xi=1 pe=26.5 mc=998
mpc_transition_10_prob_from_low_to_low,job-outs/stage_mpc/mpc_hmc_pre_unconstrained/0020_run.out,mpc_run_log_transition_probability,10,prob_from_low_to_low,0.71152891,price_stochasticity,b=25 unconstrained xi=1 pe=31.5 mc=998
mpc_transition_10_prob_from_high_to_high,job-outs/stage_mpc/mpc_hmc_pre_unconstrained/0020_run.out,mpc_run_log_transition_probability,10,prob_from_high_to_high,0.82276231,price_stochasticity,b=25 unconstrained xi=1 pe=31.5 mc=998
mpc_transition_11_prob_from_low_to_low,job-outs/stage_mpc/mpc_hmc_pre_unconstrained/0006_run.out,mpc_run_log_transition_probability,11,prob_from_low_to_low,0.70702865,price_stochasticity,b=0 unconstrained xi=\infty pe=6.9 mc=998
mpc_transition_11_prob_from_high_to_high,job-outs/stage_mpc/mpc_hmc_pre_unconstrained/0006_run.out,mpc_run_log_transition_probability,11,prob_from_high_to_high,0.82598008,price_stochasticity,b=0 unconstrained xi=\infty pe=6.9 mc=998
mpc_transition_12_prob_from_low_to_low,job-outs/stage_mpc/mpc_hmc_pre_unconstrained/0007_run.out,mpc_run_log_transition_probability,12,prob_from_low_to_low,0.7070042,price_stochasticity,b=10 unconstrained xi=\infty pe=16.9 mc=998
mpc_transition_12_prob_from_high_to_high,job-outs/stage_mpc/mpc_hmc_pre_unconstrained/0007_run.out,mpc_run_log_transition_probability,12,prob_from_high_to_high,0.82599707,price_stochasticity,b=10 unconstrained xi=\infty pe=16.9 mc=998
mpc_transition_13_prob_from_low_to_low,job-outs/stage_mpc/mpc_hmc_pre_unconstrained/0008_run.out,mpc_run_log_transition_probability,13,prob_from_low_to_low,0.70700155,price_stochasticity,b=15 unconstrained xi=\infty pe=21.9 mc=998
mpc_transition_13_prob_from_high_to_high,job-outs/stage_mpc/mpc_hmc_pre_unconstrained/0008_run.out,mpc_run_log_transition_probability,13,prob_from_high_to_high,0.82599891,price_stochasticity,b=15 unconstrained xi=\infty pe=21.9 mc=998
mpc_transition_14_prob_from_low_to_low,job-outs/stage_mpc/mpc_hmc_pre_unconstrained/0009_run.out,mpc_run_log_transition_probability,14,prob_from_low_to_low,0.70700086,price_stochasticity,b=20 unconstrained xi=\infty pe=26.9 mc=998
mpc_transition_14_prob_from_high_to_high,job-outs/stage_mpc/mpc_hmc_pre_unconstrained/0009_run.out,mpc_run_log_transition_probability,14,prob_from_high_to_high,0.8259993999999999,price_stochasticity,b=20 unconstrained xi=\infty pe=26.9 mc=998
mpc_transition_15_prob_from_low_to_low,job-outs/stage_mpc/mpc_hmc_pre_unconstrained/0010_run.out,mpc_run_log_transition_probability,15,prob_from_low_to_low,0.70700044,price_stochasticity,b=25 unconstrained xi=\infty pe=31.9 mc=998
mpc_transition_15_prob_from_high_to_high,job-outs/stage_mpc/mpc_hmc_pre_unconstrained/0010_run.out,mpc_run_log_transition_probability,15,prob_from_high_to_high,0.82599969,price_stochasticity,b=25 unconstrained xi=\infty pe=31.9 mc=998
hmm_information_criteria_r1_c1,output/tables/hmm_information_criteria.tex,latex_table_cell,1,1,,,
hmm_information_criteria_r1_c2,output/tables/hmm_information_criteria.tex,latex_table_cell,1,2,distinct variances,,
hmm_information_criteria_r1_c3,output/tables/hmm_information_criteria.tex,latex_table_cell,1,3,common variance,,
hmm_information_criteria_r2_c1,output/tables/hmm_information_criteria.tex,latex_table_cell,2,1,log likelihood,,
hmm_information_criteria_r2_c2,output/tables/hmm_information_criteria.tex,latex_table_cell,2,2,270.16,,
hmm_information_criteria_r2_c3,output/tables/hmm_information_criteria.tex,latex_table_cell,2,3,268.04,,
hmm_information_criteria_r3_c1,output/tables/hmm_information_criteria.tex,latex_table_cell,3,1,aic,,
hmm_information_criteria_r3_c2,output/tables/hmm_information_criteria.tex,latex_table_cell,3,2,-528.32,,
hmm_information_criteria_r3_c3,output/tables/hmm_information_criteria.tex,latex_table_cell,3,3,-526.09,,
hmm_information_criteria_r4_c1,output/tables/hmm_information_criteria.tex,latex_table_cell,4,1,bic,,
hmm_information_criteria_r4_c2,output/tables/hmm_information_criteria.tex,latex_table_cell,4,2,-502.98,,
hmm_information_criteria_r4_c3,output/tables/hmm_information_criteria.tex,latex_table_cell,4,3,-504.37,,
hmm_results_table_r1_c1,output/tables/hmm_results_table.tex,latex_table_cell,1,1,,,
hmm_results_table_r1_c2,output/tables/hmm_results_table.tex,latex_table_cell,1,2,\multicolumn{2}{c}{distinct variances,,
hmm_results_table_r1_c3,output/tables/hmm_results_table.tex,latex_table_cell,1,3,,,
hmm_results_table_r1_c4,output/tables/hmm_results_table.tex,latex_table_cell,1,4,\multicolumn{2}{c}{a common variance,,
hmm_results_table_r2_c1,output/tables/hmm_results_table.tex,latex_table_cell,2,1,,,
hmm_results_table_r2_c2,output/tables/hmm_results_table.tex,latex_table_cell,2,2,low price,,
hmm_results_table_r2_c3,output/tables/hmm_results_table.tex,latex_table_cell,2,3,high price,,
hmm_results_table_r2_c4,output/tables/hmm_results_table.tex,latex_table_cell,2,4,,,
hmm_results_table_r2_c5,output/tables/hmm_results_table.tex,latex_table_cell,2,5,low price,,
hmm_results_table_r2_c6,output/tables/hmm_results_table.tex,latex_table_cell,2,6,high price,,
hmm_results_table_r3_c1,output/tables/hmm_results_table.tex,latex_table_cell,3,1,,,
hmm_results_table_r3_c2,output/tables/hmm_results_table.tex,latex_table_cell,3,2,35.76,,
hmm_results_table_r3_c3,output/tables/hmm_results_table.tex,latex_table_cell,3,3,44.32,,
hmm_results_table_r3_c4,output/tables/hmm_results_table.tex,latex_table_cell,3,4,,,
hmm_results_table_r3_c5,output/tables/hmm_results_table.tex,latex_table_cell,3,5,32.49,,
hmm_results_table_r3_c6,output/tables/hmm_results_table.tex,latex_table_cell,3,6,42.85,,
hmm_results_table_r4_c1,output/tables/hmm_results_table.tex,latex_table_cell,4,1,s.d.,,
hmm_results_table_r4_c2,output/tables/hmm_results_table.tex,latex_table_cell,4,2,0.106,,
hmm_results_table_r4_c3,output/tables/hmm_results_table.tex,latex_table_cell,4,3,0.075,,
hmm_results_table_r4_c4,output/tables/hmm_results_table.tex,latex_table_cell,4,4,,,
hmm_results_table_r4_c5,output/tables/hmm_results_table.tex,latex_table_cell,4,5,0.089,,
hmm_results_table_r4_c6,output/tables/hmm_results_table.tex,latex_table_cell,4,6,0.089,,
hmm_results_table_r5_c1,output/tables/hmm_results_table.tex,latex_table_cell,5,1,,,
hmm_results_table_r5_c2,output/tables/hmm_results_table.tex,latex_table_cell,5,2,,,
hmm_results_table_r5_c3,output/tables/hmm_results_table.tex,latex_table_cell,5,3,,,
hmm_results_table_r5_c4,output/tables/hmm_results_table.tex,latex_table_cell,5,4,transition probabilities,,
hmm_results_table_r5_c5,output/tables/hmm_results_table.tex,latex_table_cell,5,5,,,
hmm_results_table_r5_c6,output/tables/hmm_results_table.tex,latex_table_cell,5,6,,,
hmm_results_table_r6_c1,output/tables/hmm_results_table.tex,latex_table_cell,6,1,,,
hmm_results_table_r6_c2,output/tables/hmm_results_table.tex,latex_table_cell,6,2,low,,
hmm_results_table_r6_c3,output/tables/hmm_results_table.tex,latex_table_cell,6,3,high,,
hmm_results_table_r6_c4,output/tables/hmm_results_table.tex,latex_table_cell,6,4,,,
hmm_results_table_r6_c5,output/tables/hmm_results_table.tex,latex_table_cell,6,5,low,,
hmm_results_table_r6_c6,output/tables/hmm_results_table.tex,latex_table_cell,6,6,high,,
hmm_results_table_r7_c1,output/tables/hmm_results_table.tex,latex_table_cell,7,1,low,,
hmm_results_table_r7_c2,output/tables/hmm_results_table.tex,latex_table_cell,7,2,0.707,,
hmm_results_table_r7_c3,output/tables/hmm_results_table.tex,latex_table_cell,7,3,0.293,,
hmm_results_table_r7_c4,output/tables/hmm_results_table.tex,latex_table_cell,7,4,,,
hmm_results_table_r7_c5,output/tables/hmm_results_table.tex,latex_table_cell,7,5,0.762,,
hmm_results_table_r7_c6,output/tables/hmm_results_table.tex,latex_table_cell,7,6,0.238,,
hmm_results_table_r8_c1,output/tables/hmm_results_table.tex,latex_table_cell,8,1,high,,
hmm_results_table_r8_c2,output/tables/hmm_results_table.tex,latex_table_cell,8,2,0.174,,
hmm_results_table_r8_c3,output/tables/hmm_results_table.tex,latex_table_cell,8,3,0.826,,
hmm_results_table_r8_c4,output/tables/hmm_results_table.tex,latex_table_cell,8,4,,,
hmm_results_table_r8_c5,output/tables/hmm_results_table.tex,latex_table_cell,8,5,0.041,,
hmm_results_table_r8_c6,output/tables/hmm_results_table.tex,latex_table_cell,8,6,0.959,,
present_value_site1043_pa41.11_det_r1_c1,output/tables/present_value_site1043_pa41.11_det.tex,latex_table_cell,1,1,pa,,
present_value_site1043_pa41.11_det_r1_c2,output/tables/present_value_site1043_pa41.11_det.tex,latex_table_cell,1,2,pe,,
present_value_site1043_pa41.11_det_r1_c3,output/tables/present_value_site1043_pa41.11_det.tex,latex_table_cell,1,3,b,,
present_value_site1043_pa41.11_det_r1_c4,output/tables/present_value_site1043_pa41.11_det.tex,latex_table_cell,1,4,agricultural output value,,
present_value_site1043_pa41.11_det_r1_c5,output/tables/present_value_site1043_pa41.11_det.tex,latex_table_cell,1,5,net transfers,,
present_value_site1043_pa41.11_det_r1_c6,output/tables/present_value_site1043_pa41.11_det.tex,latex_table_cell,1,6,forest services,,
present_value_site1043_pa41.11_det_r1_c7,output/tables/present_value_site1043_pa41.11_det.tex,latex_table_cell,1,7,adjustment costs,,
present_value_site1043_pa41.11_det_r1_c8,output/tables/present_value_site1043_pa41.11_det.tex,latex_table_cell,1,8,planner value,,
present_value_site1043_pa41.11_det_r2_c1,output/tables/present_value_site1043_pa41.11_det.tex,latex_table_cell,2,1,41.11,,
present_value_site1043_pa41.11_det_r2_c2,output/tables/present_value_site1043_pa41.11_det.tex,latex_table_cell,2,2,6.80,,
present_value_site1043_pa41.11_det_r2_c3,output/tables/present_value_site1043_pa41.11_det.tex,latex_table_cell,2,3,0,,
present_value_site1043_pa41.11_det_r2_c4,output/tables/present_value_site1043_pa41.11_det.tex,latex_table_cell,2,4,3.76,,
present_value_site1043_pa41.11_det_r2_c5,output/tables/present_value_site1043_pa41.11_det.tex,latex_table_cell,2,5,0.00,,
present_value_site1043_pa41.11_det_r2_c6,output/tables/present_value_site1043_pa41.11_det.tex,latex_table_cell,2,6,-1.08,,
present_value_site1043_pa41.11_det_r2_c7,output/tables/present_value_site1043_pa41.11_det.tex,latex_table_cell,2,7,0.06,,
present_value_site1043_pa41.11_det_r2_c8,output/tables/present_value_site1043_pa41.11_det.tex,latex_table_cell,2,8,2.61,,
present_value_site1043_pa41.11_det_r3_c1,output/tables/present_value_site1043_pa41.11_det.tex,latex_table_cell,3,1,41.11,,
present_value_site1043_pa41.11_det_r3_c2,output/tables/present_value_site1043_pa41.11_det.tex,latex_table_cell,3,2,16.80,,
present_value_site1043_pa41.11_det_r3_c3,output/tables/present_value_site1043_pa41.11_det.tex,latex_table_cell,3,3,10,,
present_value_site1043_pa41.11_det_r3_c4,output/tables/present_value_site1043_pa41.11_det.tex,latex_table_cell,3,4,0.88,,
present_value_site1043_pa41.11_det_r3_c5,output/tables/present_value_site1043_pa41.11_det.tex,latex_table_cell,3,5,1.28,,
present_value_site1043_pa41.11_det_r3_c6,output/tables/present_value_site1043_pa41.11_det.tex,latex_table_cell,3,6,0.87,,
present_value_site1043_pa41.11_det_r3_c7,output/tables/present_value_site1043_pa41.11_det.tex,latex_table_cell,3,7,0.10,,
present_value_site1043_pa41.11_det_r3_c8,output/tables/present_value_site1043_pa41.11_det.tex,latex_table_cell,3,8,2.93,,
present_value_site1043_pa41.11_det_r4_c1,output/tables/present_value_site1043_pa41.11_det.tex,latex_table_cell,4,1,41.11,,
present_value_site1043_pa41.11_det_r4_c2,output/tables/present_value_site1043_pa41.11_det.tex,latex_table_cell,4,2,21.80,,
present_value_site1043_pa41.11_det_r4_c3,output/tables/present_value_site1043_pa41.11_det.tex,latex_table_cell,4,3,15,,
present_value_site1043_pa41.11_det_r4_c4,output/tables/present_value_site1043_pa41.11_det.tex,latex_table_cell,4,4,0.48,,
present_value_site1043_pa41.11_det_r4_c5,output/tables/present_value_site1043_pa41.11_det.tex,latex_table_cell,4,5,2.28,,
present_value_site1043_pa41.11_det_r4_c6,output/tables/present_value_site1043_pa41.11_det.tex,latex_table_cell,4,6,1.03,,
present_value_site1043_pa41.11_det_r4_c7,output/tables/present_value_site1043_pa41.11_det.tex,latex_table_cell,4,7,0.14,,
present_value_site1043_pa41.11_det_r4_c8,output/tables/present_value_site1043_pa41.11_det.tex,latex_table_cell,4,8,3.64,,
present_value_site1043_pa41.11_det_r5_c1,output/tables/present_value_site1043_pa41.11_det.tex,latex_table_cell,5,1,41.11,,
present_value_site1043_pa41.11_det_r5_c2,output/tables/present_value_site1043_pa41.11_det.tex,latex_table_cell,5,2,26.80,,
present_value_site1043_pa41.11_det_r5_c3,output/tables/present_value_site1043_pa41.11_det.tex,latex_table_cell,5,3,20,,
present_value_site1043_pa41.11_det_r5_c4,output/tables/present_value_site1043_pa41.11_det.tex,latex_table_cell,5,4,0.26,,
present_value_site1043_pa41.11_det_r5_c5,output/tables/present_value_site1043_pa41.11_det.tex,latex_table_cell,5,5,3.25,,
present_value_site1043_pa41.11_det_r5_c6,output/tables/present_value_site1043_pa41.11_det.tex,latex_table_cell,5,6,1.10,,
present_value_site1043_pa41.11_det_r5_c7,output/tables/present_value_site1043_pa41.11_det.tex,latex_table_cell,5,7,0.18,,
present_value_site1043_pa41.11_det_r5_c8,output/tables/present_value_site1043_pa41.11_det.tex,latex_table_cell,5,8,4.43,,
present_value_site1043_pa41.11_det_r6_c1,output/tables/present_value_site1043_pa41.11_det.tex,latex_table_cell,6,1,41.11,,
present_value_site1043_pa41.11_det_r6_c2,output/tables/present_value_site1043_pa41.11_det.tex,latex_table_cell,6,2,31.80,,
present_value_site1043_pa41.11_det_r6_c3,output/tables/present_value_site1043_pa41.11_det.tex,latex_table_cell,6,3,25,,
present_value_site1043_pa41.11_det_r6_c4,output/tables/present_value_site1043_pa41.11_det.tex,latex_table_cell,6,4,0.16,,
present_value_site1043_pa41.11_det_r6_c5,output/tables/present_value_site1043_pa41.11_det.tex,latex_table_cell,6,5,4.17,,
present_value_site1043_pa41.11_det_r6_c6,output/tables/present_value_site1043_pa41.11_det.tex,latex_table_cell,6,6,1.13,,
present_value_site1043_pa41.11_det_r6_c7,output/tables/present_value_site1043_pa41.11_det.tex,latex_table_cell,6,7,0.22,,
present_value_site1043_pa41.11_det_r6_c8,output/tables/present_value_site1043_pa41.11_det.tex,latex_table_cell,6,8,5.25,,
present_value_site78_pa41.11_det_r1_c1,output/tables/present_value_site78_pa41.11_det.tex,latex_table_cell,1,1,pa,,
present_value_site78_pa41.11_det_r1_c2,output/tables/present_value_site78_pa41.11_det.tex,latex_table_cell,1,2,pe,,
present_value_site78_pa41.11_det_r1_c3,output/tables/present_value_site78_pa41.11_det.tex,latex_table_cell,1,3,b,,
present_value_site78_pa41.11_det_r1_c4,output/tables/present_value_site78_pa41.11_det.tex,latex_table_cell,1,4,agricultural output value,,
present_value_site78_pa41.11_det_r1_c5,output/tables/present_value_site78_pa41.11_det.tex,latex_table_cell,1,5,net transfers,,
present_value_site78_pa41.11_det_r1_c6,output/tables/present_value_site78_pa41.11_det.tex,latex_table_cell,1,6,forest services,,
present_value_site78_pa41.11_det_r1_c7,output/tables/present_value_site78_pa41.11_det.tex,latex_table_cell,1,7,adjustment costs,,
present_value_site78_pa41.11_det_r1_c8,output/tables/present_value_site78_pa41.11_det.tex,latex_table_cell,1,8,planner value,,
present_value_site78_pa41.11_det_r2_c1,output/tables/present_value_site78_pa41.11_det.tex,latex_table_cell,2,1,41.11,,
present_value_site78_pa41.11_det_r2_c2,output/tables/present_value_site78_pa41.11_det.tex,latex_table_cell,2,2,6.70,,
present_value_site78_pa41.11_det_r2_c3,output/tables/present_value_site78_pa41.11_det.tex,latex_table_cell,2,3,0,,
present_value_site78_pa41.11_det_r2_c4,output/tables/present_value_site78_pa41.11_det.tex,latex_table_cell,2,4,3.55,,
present_value_site78_pa41.11_det_r2_c5,output/tables/present_value_site78_pa41.11_det.tex,latex_table_cell,2,5,0.00,,
present_value_site78_pa41.11_det_r2_c6,output/tables/present_value_site78_pa41.11_det.tex,latex_table_cell,2,6,-1.14,,
present_value_site78_pa41.11_det_r2_c7,output/tables/present_value_site78_pa41.11_det.tex,latex_table_cell,2,7,0.05,,
present_value_site78_pa41.11_det_r2_c8,output/tables/present_value_site78_pa41.11_det.tex,latex_table_cell,2,8,2.36,,
present_value_site78_pa41.11_det_r3_c1,output/tables/present_value_site78_pa41.11_det.tex,latex_table_cell,3,1,41.11,,
present_value_site78_pa41.11_det_r3_c2,output/tables/present_value_site78_pa41.11_det.tex,latex_table_cell,3,2,16.70,,
present_value_site78_pa41.11_det_r3_c3,output/tables/present_value_site78_pa41.11_det.tex,latex_table_cell,3,3,10,,
present_value_site78_pa41.11_det_r3_c4,output/tables/present_value_site78_pa41.11_det.tex,latex_table_cell,3,4,0.61,,
present_value_site78_pa41.11_det_r3_c5,output/tables/present_value_site78_pa41.11_det.tex,latex_table_cell,3,5,1.40,,
present_value_site78_pa41.11_det_r3_c6,output/tables/present_value_site78_pa41.11_det.tex,latex_table_cell,3,6,0.94,,
present_value_site78_pa41.11_det_r3_c7,output/tables/present_value_site78_pa41.11_det.tex,latex_table_cell,3,7,0.10,,
present_value_site78_pa41.11_det_r3_c8,output/tables/present_value_site78_pa41.11_det.tex,latex_table_cell,3,8,2.85,,
present_value_site78_pa41.11_det_r4_c1,output/tables/present_value_site78_pa41.11_det.tex,latex_table_cell,4,1,41.11,,
present_value_site78_pa41.11_det_r4_c2,output/tables/present_value_site78_pa41.11_det.tex,latex_table_cell,4,2,21.70,,
present_value_site78_pa41.11_det_r4_c3,output/tables/present_value_site78_pa41.11_det.tex,latex_table_cell,4,3,15,,
present_value_site78_pa41.11_det_r4_c4,output/tables/present_value_site78_pa41.11_det.tex,latex_table_cell,4,4,0.28,,
present_value_site78_pa41.11_det_r4_c5,output/tables/present_value_site78_pa41.11_det.tex,latex_table_cell,4,5,2.40,,
present_value_site78_pa41.11_det_r4_c6,output/tables/present_value_site78_pa41.11_det.tex,latex_table_cell,4,6,1.07,,
present_value_site78_pa41.11_det_r4_c7,output/tables/present_value_site78_pa41.11_det.tex,latex_table_cell,4,7,0.15,,
present_value_site78_pa41.11_det_r4_c8,output/tables/present_value_site78_pa41.11_det.tex,latex_table_cell,4,8,3.60,,
present_value_site78_pa41.11_det_r5_c1,output/tables/present_value_site78_pa41.11_det.tex,latex_table_cell,5,1,41.11,,
present_value_site78_pa41.11_det_r5_c2,output/tables/present_value_site78_pa41.11_det.tex,latex_table_cell,5,2,26.70,,
present_value_site78_pa41.11_det_r5_c3,output/tables/present_value_site78_pa41.11_det.tex,latex_table_cell,5,3,20,,
present_value_site78_pa41.11_det_r5_c4,output/tables/present_value_site78_pa41.11_det.tex,latex_table_cell,5,4,0.22,,
present_value_site78_pa41.11_det_r5_c5,output/tables/present_value_site78_pa41.11_det.tex,latex_table_cell,5,5,3.27,,
present_value_site78_pa41.11_det_r5_c6,output/tables/present_value_site78_pa41.11_det.tex,latex_table_cell,5,6,1.10,,
present_value_site78_pa41.11_det_r5_c7,output/tables/present_value_site78_pa41.11_det.tex,latex_table_cell,5,7,0.19,,
present_value_site78_pa41.11_det_r5_c8,output/tables/present_value_site78_pa41.11_det.tex,latex_table_cell,5,8,4.41,,
present_value_site78_pa41.11_det_r6_c1,output/tables/present_value_site78_pa41.11_det.tex,latex_table_cell,6,1,41.11,,
present_value_site78_pa41.11_det_r6_c2,output/tables/present_value_site78_pa41.11_det.tex,latex_table_cell,6,2,31.70,,
present_value_site78_pa41.11_det_r6_c3,output/tables/present_value_site78_pa41.11_det.tex,latex_table_cell,6,3,25,,
present_value_site78_pa41.11_det_r6_c4,output/tables/present_value_site78_pa41.11_det.tex,latex_table_cell,6,4,0.14,,
present_value_site78_pa41.11_det_r6_c5,output/tables/present_value_site78_pa41.11_det.tex,latex_table_cell,6,5,4.20,,
present_value_site78_pa41.11_det_r6_c6,output/tables/present_value_site78_pa41.11_det.tex,latex_table_cell,6,6,1.12,,
present_value_site78_pa41.11_det_r6_c7,output/tables/present_value_site78_pa41.11_det.tex,latex_table_cell,6,7,0.22,,
present_value_site78_pa41.11_det_r6_c8,output/tables/present_value_site78_pa41.11_det.tex,latex_table_cell,6,8,5.24,,
present_value_site_ambiguity_comparison_xi_0.5_r1_c1,output/tables/present_value_site_ambiguity_comparison_xi_0.5.tex,latex_table_cell,1,1,b,,
present_value_site_ambiguity_comparison_xi_0.5_r1_c2,output/tables/present_value_site_ambiguity_comparison_xi_0.5.tex,latex_table_cell,1,2,AO_det,,
present_value_site_ambiguity_comparison_xi_0.5_r1_c3,output/tables/present_value_site_ambiguity_comparison_xi_0.5.tex,latex_table_cell,1,3,AO_hmc,,
present_value_site_ambiguity_comparison_xi_0.5_r1_c4,output/tables/present_value_site_ambiguity_comparison_xi_0.5.tex,latex_table_cell,1,4,% Change AO,,
present_value_site_ambiguity_comparison_xi_0.5_r1_c5,output/tables/present_value_site_ambiguity_comparison_xi_0.5.tex,latex_table_cell,1,5,PV_det,,
present_value_site_ambiguity_comparison_xi_0.5_r1_c6,output/tables/present_value_site_ambiguity_comparison_xi_0.5.tex,latex_table_cell,1,6,PV_hmc,,
present_value_site_ambiguity_comparison_xi_0.5_r1_c7,output/tables/present_value_site_ambiguity_comparison_xi_0.5.tex,latex_table_cell,1,7,% Change PV,,
present_value_site_ambiguity_comparison_xi_0.5_r2_c1,output/tables/present_value_site_ambiguity_comparison_xi_0.5.tex,latex_table_cell,2,1,0.00,,
present_value_site_ambiguity_comparison_xi_0.5_r2_c2,output/tables/present_value_site_ambiguity_comparison_xi_0.5.tex,latex_table_cell,2,2,3.76,,
present_value_site_ambiguity_comparison_xi_0.5_r2_c3,output/tables/present_value_site_ambiguity_comparison_xi_0.5.tex,latex_table_cell,2,3,1.86,,
present_value_site_ambiguity_comparison_xi_0.5_r2_c4,output/tables/present_value_site_ambiguity_comparison_xi_0.5.tex,latex_table_cell,2,4,-50.53,,
present_value_site_ambiguity_comparison_xi_0.5_r2_c5,output/tables/present_value_site_ambiguity_comparison_xi_0.5.tex,latex_table_cell,2,5,2.61,,
present_value_site_ambiguity_comparison_xi_0.5_r2_c6,output/tables/present_value_site_ambiguity_comparison_xi_0.5.tex,latex_table_cell,2,6,1.19,,
present_value_site_ambiguity_comparison_xi_0.5_r2_c7,output/tables/present_value_site_ambiguity_comparison_xi_0.5.tex,latex_table_cell,2,7,-54.41,,
present_value_site_ambiguity_comparison_xi_0.5_r3_c1,output/tables/present_value_site_ambiguity_comparison_xi_0.5.tex,latex_table_cell,3,1,10.00,,
present_value_site_ambiguity_comparison_xi_0.5_r3_c2,output/tables/present_value_site_ambiguity_comparison_xi_0.5.tex,latex_table_cell,3,2,0.88,,
present_value_site_ambiguity_comparison_xi_0.5_r3_c3,output/tables/present_value_site_ambiguity_comparison_xi_0.5.tex,latex_table_cell,3,3,0.80,,
present_value_site_ambiguity_comparison_xi_0.5_r3_c4,output/tables/present_value_site_ambiguity_comparison_xi_0.5.tex,latex_table_cell,3,4,-9.09,,
present_value_site_ambiguity_comparison_xi_0.5_r3_c5,output/tables/present_value_site_ambiguity_comparison_xi_0.5.tex,latex_table_cell,3,5,2.93,,
present_value_site_ambiguity_comparison_xi_0.5_r3_c6,output/tables/present_value_site_ambiguity_comparison_xi_0.5.tex,latex_table_cell,3,6,2.20,,
present_value_site_ambiguity_comparison_xi_0.5_r3_c7,output/tables/present_value_site_ambiguity_comparison_xi_0.5.tex,latex_table_cell,3,7,-24.91,,
present_value_site_ambiguity_comparison_xi_0.5_r4_c1,output/tables/present_value_site_ambiguity_comparison_xi_0.5.tex,latex_table_cell,4,1,15.00,,
present_value_site_ambiguity_comparison_xi_0.5_r4_c2,output/tables/present_value_site_ambiguity_comparison_xi_0.5.tex,latex_table_cell,4,2,0.48,,
present_value_site_ambiguity_comparison_xi_0.5_r4_c3,output/tables/present_value_site_ambiguity_comparison_xi_0.5.tex,latex_table_cell,4,3,0.45,,
present_value_site_ambiguity_comparison_xi_0.5_r4_c4,output/tables/present_value_site_ambiguity_comparison_xi_0.5.tex,latex_table_cell,4,4,-6.25,,
present_value_site_ambiguity_comparison_xi_0.5_r4_c5,output/tables/present_value_site_ambiguity_comparison_xi_0.5.tex,latex_table_cell,4,5,3.64,,
present_value_site_ambiguity_comparison_xi_0.5_r4_c6,output/tables/present_value_site_ambiguity_comparison_xi_0.5.tex,latex_table_cell,4,6,2.91,,
present_value_site_ambiguity_comparison_xi_0.5_r4_c7,output/tables/present_value_site_ambiguity_comparison_xi_0.5.tex,latex_table_cell,4,7,-20.05,,
present_value_site_ambiguity_comparison_xi_0.5_r5_c1,output/tables/present_value_site_ambiguity_comparison_xi_0.5.tex,latex_table_cell,5,1,20.00,,
present_value_site_ambiguity_comparison_xi_0.5_r5_c2,output/tables/present_value_site_ambiguity_comparison_xi_0.5.tex,latex_table_cell,5,2,0.26,,
present_value_site_ambiguity_comparison_xi_0.5_r5_c3,output/tables/present_value_site_ambiguity_comparison_xi_0.5.tex,latex_table_cell,5,3,0.30,,
present_value_site_ambiguity_comparison_xi_0.5_r5_c4,output/tables/present_value_site_ambiguity_comparison_xi_0.5.tex,latex_table_cell,5,4,15.38,,
present_value_site_ambiguity_comparison_xi_0.5_r5_c5,output/tables/present_value_site_ambiguity_comparison_xi_0.5.tex,latex_table_cell,5,5,4.43,,
present_value_site_ambiguity_comparison_xi_0.5_r5_c6,output/tables/present_value_site_ambiguity_comparison_xi_0.5.tex,latex_table_cell,5,6,3.66,,
present_value_site_ambiguity_comparison_xi_0.5_r5_c7,output/tables/present_value_site_ambiguity_comparison_xi_0.5.tex,latex_table_cell,5,7,-17.38,,
present_value_site_ambiguity_comparison_xi_0.5_r6_c1,output/tables/present_value_site_ambiguity_comparison_xi_0.5.tex,latex_table_cell,6,1,25.00,,
present_value_site_ambiguity_comparison_xi_0.5_r6_c2,output/tables/present_value_site_ambiguity_comparison_xi_0.5.tex,latex_table_cell,6,2,0.16,,
present_value_site_ambiguity_comparison_xi_0.5_r6_c3,output/tables/present_value_site_ambiguity_comparison_xi_0.5.tex,latex_table_cell,6,3,0.19,,
present_value_site_ambiguity_comparison_xi_0.5_r6_c4,output/tables/present_value_site_ambiguity_comparison_xi_0.5.tex,latex_table_cell,6,4,18.75,,
present_value_site_ambiguity_comparison_xi_0.5_r6_c5,output/tables/present_value_site_ambiguity_comparison_xi_0.5.tex,latex_table_cell,6,5,5.25,,
present_value_site_ambiguity_comparison_xi_0.5_r6_c6,output/tables/present_value_site_ambiguity_comparison_xi_0.5.tex,latex_table_cell,6,6,4.42,,
present_value_site_ambiguity_comparison_xi_0.5_r6_c7,output/tables/present_value_site_ambiguity_comparison_xi_0.5.tex,latex_table_cell,6,7,-15.81,,
present_value_site_ambiguity_comparison_xi_1.0_r1_c1,output/tables/present_value_site_ambiguity_comparison_xi_1.0.tex,latex_table_cell,1,1,b,,
present_value_site_ambiguity_comparison_xi_1.0_r1_c2,output/tables/present_value_site_ambiguity_comparison_xi_1.0.tex,latex_table_cell,1,2,AO_det,,
present_value_site_ambiguity_comparison_xi_1.0_r1_c3,output/tables/present_value_site_ambiguity_comparison_xi_1.0.tex,latex_table_cell,1,3,AO_hmc,,
present_value_site_ambiguity_comparison_xi_1.0_r1_c4,output/tables/present_value_site_ambiguity_comparison_xi_1.0.tex,latex_table_cell,1,4,% Change AO,,
present_value_site_ambiguity_comparison_xi_1.0_r1_c5,output/tables/present_value_site_ambiguity_comparison_xi_1.0.tex,latex_table_cell,1,5,PV_det,,
present_value_site_ambiguity_comparison_xi_1.0_r1_c6,output/tables/present_value_site_ambiguity_comparison_xi_1.0.tex,latex_table_cell,1,6,PV_hmc,,
present_value_site_ambiguity_comparison_xi_1.0_r1_c7,output/tables/present_value_site_ambiguity_comparison_xi_1.0.tex,latex_table_cell,1,7,% Change PV,,
present_value_site_ambiguity_comparison_xi_1.0_r2_c1,output/tables/present_value_site_ambiguity_comparison_xi_1.0.tex,latex_table_cell,2,1,0.00,,
present_value_site_ambiguity_comparison_xi_1.0_r2_c2,output/tables/present_value_site_ambiguity_comparison_xi_1.0.tex,latex_table_cell,2,2,3.76,,
present_value_site_ambiguity_comparison_xi_1.0_r2_c3,output/tables/present_value_site_ambiguity_comparison_xi_1.0.tex,latex_table_cell,2,3,2.85,,
present_value_site_ambiguity_comparison_xi_1.0_r2_c4,output/tables/present_value_site_ambiguity_comparison_xi_1.0.tex,latex_table_cell,2,4,-24.20,,
present_value_site_ambiguity_comparison_xi_1.0_r2_c5,output/tables/present_value_site_ambiguity_comparison_xi_1.0.tex,latex_table_cell,2,5,2.61,,
present_value_site_ambiguity_comparison_xi_1.0_r2_c6,output/tables/present_value_site_ambiguity_comparison_xi_1.0.tex,latex_table_cell,2,6,1.90,,
present_value_site_ambiguity_comparison_xi_1.0_r2_c7,output/tables/present_value_site_ambiguity_comparison_xi_1.0.tex,latex_table_cell,2,7,-27.20,,
present_value_site_ambiguity_comparison_xi_1.0_r3_c1,output/tables/present_value_site_ambiguity_comparison_xi_1.0.tex,latex_table_cell,3,1,10.00,,
present_value_site_ambiguity_comparison_xi_1.0_r3_c2,output/tables/present_value_site_ambiguity_comparison_xi_1.0.tex,latex_table_cell,3,2,0.88,,
present_value_site_ambiguity_comparison_xi_1.0_r3_c3,output/tables/present_value_site_ambiguity_comparison_xi_1.0.tex,latex_table_cell,3,3,0.83,,
present_value_site_ambiguity_comparison_xi_1.0_r3_c4,output/tables/present_value_site_ambiguity_comparison_xi_1.0.tex,latex_table_cell,3,4,-5.68,,
present_value_site_ambiguity_comparison_xi_1.0_r3_c5,output/tables/present_value_site_ambiguity_comparison_xi_1.0.tex,latex_table_cell,3,5,2.93,,
present_value_site_ambiguity_comparison_xi_1.0_r3_c6,output/tables/present_value_site_ambiguity_comparison_xi_1.0.tex,latex_table_cell,3,6,2.55,,
present_value_site_ambiguity_comparison_xi_1.0_r3_c7,output/tables/present_value_site_ambiguity_comparison_xi_1.0.tex,latex_table_cell,3,7,-12.97,,
present_value_site_ambiguity_comparison_xi_1.0_r4_c1,output/tables/present_value_site_ambiguity_comparison_xi_1.0.tex,latex_table_cell,4,1,15.00,,
present_value_site_ambiguity_comparison_xi_1.0_r4_c2,output/tables/present_value_site_ambiguity_comparison_xi_1.0.tex,latex_table_cell,4,2,0.48,,
present_value_site_ambiguity_comparison_xi_1.0_r4_c3,output/tables/present_value_site_ambiguity_comparison_xi_1.0.tex,latex_table_cell,4,3,0.46,,
present_value_site_ambiguity_comparison_xi_1.0_r4_c4,output/tables/present_value_site_ambiguity_comparison_xi_1.0.tex,latex_table_cell,4,4,-4.17,,
present_value_site_ambiguity_comparison_xi_1.0_r4_c5,output/tables/present_value_site_ambiguity_comparison_xi_1.0.tex,latex_table_cell,4,5,3.64,,
present_value_site_ambiguity_comparison_xi_1.0_r4_c6,output/tables/present_value_site_ambiguity_comparison_xi_1.0.tex,latex_table_cell,4,6,3.27,,
present_value_site_ambiguity_comparison_xi_1.0_r4_c7,output/tables/present_value_site_ambiguity_comparison_xi_1.0.tex,latex_table_cell,4,7,-10.16,,
present_value_site_ambiguity_comparison_xi_1.0_r5_c1,output/tables/present_value_site_ambiguity_comparison_xi_1.0.tex,latex_table_cell,5,1,20.00,,
present_value_site_ambiguity_comparison_xi_1.0_r5_c2,output/tables/present_value_site_ambiguity_comparison_xi_1.0.tex,latex_table_cell,5,2,0.26,,
present_value_site_ambiguity_comparison_xi_1.0_r5_c3,output/tables/present_value_site_ambiguity_comparison_xi_1.0.tex,latex_table_cell,5,3,0.28,,
present_value_site_ambiguity_comparison_xi_1.0_r5_c4,output/tables/present_value_site_ambiguity_comparison_xi_1.0.tex,latex_table_cell,5,4,7.69,,
present_value_site_ambiguity_comparison_xi_1.0_r5_c5,output/tables/present_value_site_ambiguity_comparison_xi_1.0.tex,latex_table_cell,5,5,4.43,,
present_value_site_ambiguity_comparison_xi_1.0_r5_c6,output/tables/present_value_site_ambiguity_comparison_xi_1.0.tex,latex_table_cell,5,6,4.03,,
present_value_site_ambiguity_comparison_xi_1.0_r5_c7,output/tables/present_value_site_ambiguity_comparison_xi_1.0.tex,latex_table_cell,5,7,-9.03,,
present_value_site_ambiguity_comparison_xi_1.0_r6_c1,output/tables/present_value_site_ambiguity_comparison_xi_1.0.tex,latex_table_cell,6,1,25.00,,
present_value_site_ambiguity_comparison_xi_1.0_r6_c2,output/tables/present_value_site_ambiguity_comparison_xi_1.0.tex,latex_table_cell,6,2,0.16,,
present_value_site_ambiguity_comparison_xi_1.0_r6_c3,output/tables/present_value_site_ambiguity_comparison_xi_1.0.tex,latex_table_cell,6,3,0.18,,
present_value_site_ambiguity_comparison_xi_1.0_r6_c4,output/tables/present_value_site_ambiguity_comparison_xi_1.0.tex,latex_table_cell,6,4,12.50,,
present_value_site_ambiguity_comparison_xi_1.0_r6_c5,output/tables/present_value_site_ambiguity_comparison_xi_1.0.tex,latex_table_cell,6,5,5.25,,
present_value_site_ambiguity_comparison_xi_1.0_r6_c6,output/tables/present_value_site_ambiguity_comparison_xi_1.0.tex,latex_table_cell,6,6,4.82,,
present_value_site_ambiguity_comparison_xi_1.0_r6_c7,output/tables/present_value_site_ambiguity_comparison_xi_1.0.tex,latex_table_cell,6,7,-8.19,,
present_value_site_ambiguity_comparison_xi_2.0_r1_c1,output/tables/present_value_site_ambiguity_comparison_xi_2.0.tex,latex_table_cell,1,1,b,,
present_value_site_ambiguity_comparison_xi_2.0_r1_c2,output/tables/present_value_site_ambiguity_comparison_xi_2.0.tex,latex_table_cell,1,2,AO_det,,
present_value_site_ambiguity_comparison_xi_2.0_r1_c3,output/tables/present_value_site_ambiguity_comparison_xi_2.0.tex,latex_table_cell,1,3,AO_hmc,,
present_value_site_ambiguity_comparison_xi_2.0_r1_c4,output/tables/present_value_site_ambiguity_comparison_xi_2.0.tex,latex_table_cell,1,4,% Change AO,,
present_value_site_ambiguity_comparison_xi_2.0_r1_c5,output/tables/present_value_site_ambiguity_comparison_xi_2.0.tex,latex_table_cell,1,5,PV_det,,
present_value_site_ambiguity_comparison_xi_2.0_r1_c6,output/tables/present_value_site_ambiguity_comparison_xi_2.0.tex,latex_table_cell,1,6,PV_hmc,,
present_value_site_ambiguity_comparison_xi_2.0_r1_c7,output/tables/present_value_site_ambiguity_comparison_xi_2.0.tex,latex_table_cell,1,7,% Change PV,,
present_value_site_ambiguity_comparison_xi_2.0_r2_c1,output/tables/present_value_site_ambiguity_comparison_xi_2.0.tex,latex_table_cell,2,1,0.00,,
present_value_site_ambiguity_comparison_xi_2.0_r2_c2,output/tables/present_value_site_ambiguity_comparison_xi_2.0.tex,latex_table_cell,2,2,3.76,,
present_value_site_ambiguity_comparison_xi_2.0_r2_c3,output/tables/present_value_site_ambiguity_comparison_xi_2.0.tex,latex_table_cell,2,3,3.21,,
present_value_site_ambiguity_comparison_xi_2.0_r2_c4,output/tables/present_value_site_ambiguity_comparison_xi_2.0.tex,latex_table_cell,2,4,-14.63,,
present_value_site_ambiguity_comparison_xi_2.0_r2_c5,output/tables/present_value_site_ambiguity_comparison_xi_2.0.tex,latex_table_cell,2,5,2.61,,
present_value_site_ambiguity_comparison_xi_2.0_r2_c6,output/tables/present_value_site_ambiguity_comparison_xi_2.0.tex,latex_table_cell,2,6,2.17,,
present_value_site_ambiguity_comparison_xi_2.0_r2_c7,output/tables/present_value_site_ambiguity_comparison_xi_2.0.tex,latex_table_cell,2,7,-16.86,,
present_value_site_ambiguity_comparison_xi_2.0_r3_c1,output/tables/present_value_site_ambiguity_comparison_xi_2.0.tex,latex_table_cell,3,1,10.00,,
present_value_site_ambiguity_comparison_xi_2.0_r3_c2,output/tables/present_value_site_ambiguity_comparison_xi_2.0.tex,latex_table_cell,3,2,0.88,,
present_value_site_ambiguity_comparison_xi_2.0_r3_c3,output/tables/present_value_site_ambiguity_comparison_xi_2.0.tex,latex_table_cell,3,3,0.87,,
present_value_site_ambiguity_comparison_xi_2.0_r3_c4,output/tables/present_value_site_ambiguity_comparison_xi_2.0.tex,latex_table_cell,3,4,-1.14,,
present_value_site_ambiguity_comparison_xi_2.0_r3_c5,output/tables/present_value_site_ambiguity_comparison_xi_2.0.tex,latex_table_cell,3,5,2.93,,
present_value_site_ambiguity_comparison_xi_2.0_r3_c6,output/tables/present_value_site_ambiguity_comparison_xi_2.0.tex,latex_table_cell,3,6,2.71,,
present_value_site_ambiguity_comparison_xi_2.0_r3_c7,output/tables/present_value_site_ambiguity_comparison_xi_2.0.tex,latex_table_cell,3,7,-7.51,,
present_value_site_ambiguity_comparison_xi_2.0_r4_c1,output/tables/present_value_site_ambiguity_comparison_xi_2.0.tex,latex_table_cell,4,1,15.00,,
present_value_site_ambiguity_comparison_xi_2.0_r4_c2,output/tables/present_value_site_ambiguity_comparison_xi_2.0.tex,latex_table_cell,4,2,0.48,,
present_value_site_ambiguity_comparison_xi_2.0_r4_c3,output/tables/present_value_site_ambiguity_comparison_xi_2.0.tex,latex_table_cell,4,3,0.47,,
present_value_site_ambiguity_comparison_xi_2.0_r4_c4,output/tables/present_value_site_ambiguity_comparison_xi_2.0.tex,latex_table_cell,4,4,-2.08,,
present_value_site_ambiguity_comparison_xi_2.0_r4_c5,output/tables/present_value_site_ambiguity_comparison_xi_2.0.tex,latex_table_cell,4,5,3.64,,
present_value_site_ambiguity_comparison_xi_2.0_r4_c6,output/tables/present_value_site_ambiguity_comparison_xi_2.0.tex,latex_table_cell,4,6,3.42,,
present_value_site_ambiguity_comparison_xi_2.0_r4_c7,output/tables/present_value_site_ambiguity_comparison_xi_2.0.tex,latex_table_cell,4,7,-6.04,,
present_value_site_ambiguity_comparison_xi_2.0_r5_c1,output/tables/present_value_site_ambiguity_comparison_xi_2.0.tex,latex_table_cell,5,1,20.00,,
present_value_site_ambiguity_comparison_xi_2.0_r5_c2,output/tables/present_value_site_ambiguity_comparison_xi_2.0.tex,latex_table_cell,5,2,0.26,,
present_value_site_ambiguity_comparison_xi_2.0_r5_c3,output/tables/present_value_site_ambiguity_comparison_xi_2.0.tex,latex_table_cell,5,3,0.27,,
present_value_site_ambiguity_comparison_xi_2.0_r5_c4,output/tables/present_value_site_ambiguity_comparison_xi_2.0.tex,latex_table_cell,5,4,3.85,,
present_value_site_ambiguity_comparison_xi_2.0_r5_c5,output/tables/present_value_site_ambiguity_comparison_xi_2.0.tex,latex_table_cell,5,5,4.43,,
present_value_site_ambiguity_comparison_xi_2.0_r5_c6,output/tables/present_value_site_ambiguity_comparison_xi_2.0.tex,latex_table_cell,5,6,4.19,,
present_value_site_ambiguity_comparison_xi_2.0_r5_c7,output/tables/present_value_site_ambiguity_comparison_xi_2.0.tex,latex_table_cell,5,7,-5.42,,
present_value_site_ambiguity_comparison_xi_2.0_r6_c1,output/tables/present_value_site_ambiguity_comparison_xi_2.0.tex,latex_table_cell,6,1,25.00,,
present_value_site_ambiguity_comparison_xi_2.0_r6_c2,output/tables/present_value_site_ambiguity_comparison_xi_2.0.tex,latex_table_cell,6,2,0.16,,
present_value_site_ambiguity_comparison_xi_2.0_r6_c3,output/tables/present_value_site_ambiguity_comparison_xi_2.0.tex,latex_table_cell,6,3,0.18,,
present_value_site_ambiguity_comparison_xi_2.0_r6_c4,output/tables/present_value_site_ambiguity_comparison_xi_2.0.tex,latex_table_cell,6,4,12.50,,
present_value_site_ambiguity_comparison_xi_2.0_r6_c5,output/tables/present_value_site_ambiguity_comparison_xi_2.0.tex,latex_table_cell,6,5,5.25,,
present_value_site_ambiguity_comparison_xi_2.0_r6_c6,output/tables/present_value_site_ambiguity_comparison_xi_2.0.tex,latex_table_cell,6,6,5.00,,
present_value_site_ambiguity_comparison_xi_2.0_r6_c7,output/tables/present_value_site_ambiguity_comparison_xi_2.0.tex,latex_table_cell,6,7,-4.76,,
transfer_cost_1043site_41.11pa_15year_det_r1_c1,output/tables/transfer_cost_1043site_41.11pa_15year_det.tex,latex_table_cell,1,1,pe,,
transfer_cost_1043site_41.11pa_15year_det_r1_c2,output/tables/transfer_cost_1043site_41.11pa_15year_det.tex,latex_table_cell,1,2,b,,
transfer_cost_1043site_41.11pa_15year_det_r1_c3,output/tables/transfer_cost_1043site_41.11pa_15year_det.tex,latex_table_cell,1,3,net captured emissions,,
transfer_cost_1043site_41.11pa_15year_det_r1_c4,output/tables/transfer_cost_1043site_41.11pa_15year_det.tex,latex_table_cell,1,4,discounted net transfers,,
transfer_cost_1043site_41.11pa_15year_det_r1_c5,output/tables/transfer_cost_1043site_41.11pa_15year_det.tex,latex_table_cell,1,5,discounted effective costs,,
transfer_cost_1043site_41.11pa_15year_det_r2_c1,output/tables/transfer_cost_1043site_41.11pa_15year_det.tex,latex_table_cell,2,1,6.80,,
transfer_cost_1043site_41.11pa_15year_det_r2_c2,output/tables/transfer_cost_1043site_41.11pa_15year_det.tex,latex_table_cell,2,2,0,,
transfer_cost_1043site_41.11pa_15year_det_r2_c3,output/tables/transfer_cost_1043site_41.11pa_15year_det.tex,latex_table_cell,2,3,-12.11,,
transfer_cost_1043site_41.11pa_15year_det_r2_c4,output/tables/transfer_cost_1043site_41.11pa_15year_det.tex,latex_table_cell,2,4,0.00,,
transfer_cost_1043site_41.11pa_15year_det_r2_c5,output/tables/transfer_cost_1043site_41.11pa_15year_det.tex,latex_table_cell,2,5,nan,,
transfer_cost_1043site_41.11pa_15year_det_r3_c1,output/tables/transfer_cost_1043site_41.11pa_15year_det.tex,latex_table_cell,3,1,16.80,,
transfer_cost_1043site_41.11pa_15year_det_r3_c2,output/tables/transfer_cost_1043site_41.11pa_15year_det.tex,latex_table_cell,3,2,10,,
transfer_cost_1043site_41.11pa_15year_det_r3_c3,output/tables/transfer_cost_1043site_41.11pa_15year_det.tex,latex_table_cell,3,3,6.68,,
transfer_cost_1043site_41.11pa_15year_det_r3_c4,output/tables/transfer_cost_1043site_41.11pa_15year_det.tex,latex_table_cell,3,4,0.56,,
transfer_cost_1043site_41.11pa_15year_det_r3_c5,output/tables/transfer_cost_1043site_41.11pa_15year_det.tex,latex_table_cell,3,5,3.56,,
transfer_cost_1043site_41.11pa_15year_det_r4_c1,output/tables/transfer_cost_1043site_41.11pa_15year_det.tex,latex_table_cell,4,1,21.80,,
transfer_cost_1043site_41.11pa_15year_det_r4_c2,output/tables/transfer_cost_1043site_41.11pa_15year_det.tex,latex_table_cell,4,2,15,,
transfer_cost_1043site_41.11pa_15year_det_r4_c3,output/tables/transfer_cost_1043site_41.11pa_15year_det.tex,latex_table_cell,4,3,8.83,,
transfer_cost_1043site_41.11pa_15year_det_r4_c4,output/tables/transfer_cost_1043site_41.11pa_15year_det.tex,latex_table_cell,4,4,1.12,,
transfer_cost_1043site_41.11pa_15year_det_r4_c5,output/tables/transfer_cost_1043site_41.11pa_15year_det.tex,latex_table_cell,4,5,6.33,,
transfer_cost_1043site_41.11pa_15year_det_r5_c1,output/tables/transfer_cost_1043site_41.11pa_15year_det.tex,latex_table_cell,5,1,26.80,,
transfer_cost_1043site_41.11pa_15year_det_r5_c2,output/tables/transfer_cost_1043site_41.11pa_15year_det.tex,latex_table_cell,5,2,20,,
transfer_cost_1043site_41.11pa_15year_det_r5_c3,output/tables/transfer_cost_1043site_41.11pa_15year_det.tex,latex_table_cell,5,3,9.75,,
transfer_cost_1043site_41.11pa_15year_det_r5_c4,output/tables/transfer_cost_1043site_41.11pa_15year_det.tex,latex_table_cell,5,4,1.66,,
transfer_cost_1043site_41.11pa_15year_det_r5_c5,output/tables/transfer_cost_1043site_41.11pa_15year_det.tex,latex_table_cell,5,5,8.92,,
transfer_cost_1043site_41.11pa_15year_det_r6_c1,output/tables/transfer_cost_1043site_41.11pa_15year_det.tex,latex_table_cell,6,1,31.80,,
transfer_cost_1043site_41.11pa_15year_det_r6_c2,output/tables/transfer_cost_1043site_41.11pa_15year_det.tex,latex_table_cell,6,2,25,,
transfer_cost_1043site_41.11pa_15year_det_r6_c3,output/tables/transfer_cost_1043site_41.11pa_15year_det.tex,latex_table_cell,6,3,10.32,,
transfer_cost_1043site_41.11pa_15year_det_r6_c4,output/tables/transfer_cost_1043site_41.11pa_15year_det.tex,latex_table_cell,6,4,2.21,,
transfer_cost_1043site_41.11pa_15year_det_r6_c5,output/tables/transfer_cost_1043site_41.11pa_15year_det.tex,latex_table_cell,6,5,11.50,,
transfer_cost_1043site_41.11pa_15year_hmc_xi_1.0_r1_c1,output/tables/transfer_cost_1043site_41.11pa_15year_hmc_xi_1.0.tex,latex_table_cell,1,1,pe,,
transfer_cost_1043site_41.11pa_15year_hmc_xi_1.0_r1_c2,output/tables/transfer_cost_1043site_41.11pa_15year_hmc_xi_1.0.tex,latex_table_cell,1,2,b,,
transfer_cost_1043site_41.11pa_15year_hmc_xi_1.0_r1_c3,output/tables/transfer_cost_1043site_41.11pa_15year_hmc_xi_1.0.tex,latex_table_cell,1,3,net captured emissions,,
transfer_cost_1043site_41.11pa_15year_hmc_xi_1.0_r1_c4,output/tables/transfer_cost_1043site_41.11pa_15year_hmc_xi_1.0.tex,latex_table_cell,1,4,discounted net transfers,,
transfer_cost_1043site_41.11pa_15year_hmc_xi_1.0_r1_c5,output/tables/transfer_cost_1043site_41.11pa_15year_hmc_xi_1.0.tex,latex_table_cell,1,5,discounted effective costs,,
transfer_cost_1043site_41.11pa_15year_hmc_xi_1.0_r2_c1,output/tables/transfer_cost_1043site_41.11pa_15year_hmc_xi_1.0.tex,latex_table_cell,2,1,4.80,,
transfer_cost_1043site_41.11pa_15year_hmc_xi_1.0_r2_c2,output/tables/transfer_cost_1043site_41.11pa_15year_hmc_xi_1.0.tex,latex_table_cell,2,2,0,,
transfer_cost_1043site_41.11pa_15year_hmc_xi_1.0_r2_c3,output/tables/transfer_cost_1043site_41.11pa_15year_hmc_xi_1.0.tex,latex_table_cell,2,3,-10.73,,
transfer_cost_1043site_41.11pa_15year_hmc_xi_1.0_r2_c4,output/tables/transfer_cost_1043site_41.11pa_15year_hmc_xi_1.0.tex,latex_table_cell,2,4,0.00,,
transfer_cost_1043site_41.11pa_15year_hmc_xi_1.0_r2_c5,output/tables/transfer_cost_1043site_41.11pa_15year_hmc_xi_1.0.tex,latex_table_cell,2,5,nan,,
transfer_cost_1043site_41.11pa_15year_hmc_xi_1.0_r3_c1,output/tables/transfer_cost_1043site_41.11pa_15year_hmc_xi_1.0.tex,latex_table_cell,3,1,14.80,,
transfer_cost_1043site_41.11pa_15year_hmc_xi_1.0_r3_c2,output/tables/transfer_cost_1043site_41.11pa_15year_hmc_xi_1.0.tex,latex_table_cell,3,2,10,,
transfer_cost_1043site_41.11pa_15year_hmc_xi_1.0_r3_c3,output/tables/transfer_cost_1043site_41.11pa_15year_hmc_xi_1.0.tex,latex_table_cell,3,3,6.11,,
transfer_cost_1043site_41.11pa_15year_hmc_xi_1.0_r3_c4,output/tables/transfer_cost_1043site_41.11pa_15year_hmc_xi_1.0.tex,latex_table_cell,3,4,0.51,,
transfer_cost_1043site_41.11pa_15year_hmc_xi_1.0_r3_c5,output/tables/transfer_cost_1043site_41.11pa_15year_hmc_xi_1.0.tex,latex_table_cell,3,5,3.63,,
transfer_cost_1043site_41.11pa_15year_hmc_xi_1.0_r4_c1,output/tables/transfer_cost_1043site_41.11pa_15year_hmc_xi_1.0.tex,latex_table_cell,4,1,19.80,,
transfer_cost_1043site_41.11pa_15year_hmc_xi_1.0_r4_c2,output/tables/transfer_cost_1043site_41.11pa_15year_hmc_xi_1.0.tex,latex_table_cell,4,2,15,,
transfer_cost_1043site_41.11pa_15year_hmc_xi_1.0_r4_c3,output/tables/transfer_cost_1043site_41.11pa_15year_hmc_xi_1.0.tex,latex_table_cell,4,3,8.36,,
transfer_cost_1043site_41.11pa_15year_hmc_xi_1.0_r4_c4,output/tables/transfer_cost_1043site_41.11pa_15year_hmc_xi_1.0.tex,latex_table_cell,4,4,1.06,,
transfer_cost_1043site_41.11pa_15year_hmc_xi_1.0_r4_c5,output/tables/transfer_cost_1043site_41.11pa_15year_hmc_xi_1.0.tex,latex_table_cell,4,5,6.57,,
transfer_cost_1043site_41.11pa_15year_hmc_xi_1.0_r5_c1,output/tables/transfer_cost_1043site_41.11pa_15year_hmc_xi_1.0.tex,latex_table_cell,5,1,24.80,,
transfer_cost_1043site_41.11pa_15year_hmc_xi_1.0_r5_c2,output/tables/transfer_cost_1043site_41.11pa_15year_hmc_xi_1.0.tex,latex_table_cell,5,2,20,,
transfer_cost_1043site_41.11pa_15year_hmc_xi_1.0_r5_c3,output/tables/transfer_cost_1043site_41.11pa_15year_hmc_xi_1.0.tex,latex_table_cell,5,3,9.34,,
transfer_cost_1043site_41.11pa_15year_hmc_xi_1.0_r5_c4,output/tables/transfer_cost_1043site_41.11pa_15year_hmc_xi_1.0.tex,latex_table_cell,5,4,1.59,,
transfer_cost_1043site_41.11pa_15year_hmc_xi_1.0_r5_c5,output/tables/transfer_cost_1043site_41.11pa_15year_hmc_xi_1.0.tex,latex_table_cell,5,5,9.31,,
transfer_cost_1043site_41.11pa_15year_hmc_xi_1.0_r6_c1,output/tables/transfer_cost_1043site_41.11pa_15year_hmc_xi_1.0.tex,latex_table_cell,6,1,29.80,,
transfer_cost_1043site_41.11pa_15year_hmc_xi_1.0_r6_c2,output/tables/transfer_cost_1043site_41.11pa_15year_hmc_xi_1.0.tex,latex_table_cell,6,2,25,,
transfer_cost_1043site_41.11pa_15year_hmc_xi_1.0_r6_c3,output/tables/transfer_cost_1043site_41.11pa_15year_hmc_xi_1.0.tex,latex_table_cell,6,3,9.94,,
transfer_cost_1043site_41.11pa_15year_hmc_xi_1.0_r6_c4,output/tables/transfer_cost_1043site_41.11pa_15year_hmc_xi_1.0.tex,latex_table_cell,6,4,2.12,,
transfer_cost_1043site_41.11pa_15year_hmc_xi_1.0_r6_c5,output/tables/transfer_cost_1043site_41.11pa_15year_hmc_xi_1.0.tex,latex_table_cell,6,5,12.02,,
transfer_cost_1043site_41.11pa_30year_det_r1_c1,output/tables/transfer_cost_1043site_41.11pa_30year_det.tex,latex_table_cell,1,1,pe,,
transfer_cost_1043site_41.11pa_30year_det_r1_c2,output/tables/transfer_cost_1043site_41.11pa_30year_det.tex,latex_table_cell,1,2,b,,
transfer_cost_1043site_41.11pa_30year_det_r1_c3,output/tables/transfer_cost_1043site_41.11pa_30year_det.tex,latex_table_cell,1,3,net captured emissions,,
transfer_cost_1043site_41.11pa_30year_det_r1_c4,output/tables/transfer_cost_1043site_41.11pa_30year_det.tex,latex_table_cell,1,4,discounted net transfers,,
transfer_cost_1043site_41.11pa_30year_det_r1_c5,output/tables/transfer_cost_1043site_41.11pa_30year_det.tex,latex_table_cell,1,5,discounted effective costs,,
transfer_cost_1043site_41.11pa_30year_det_r2_c1,output/tables/transfer_cost_1043site_41.11pa_30year_det.tex,latex_table_cell,2,1,6.80,,
transfer_cost_1043site_41.11pa_30year_det_r2_c2,output/tables/transfer_cost_1043site_41.11pa_30year_det.tex,latex_table_cell,2,2,0,,
transfer_cost_1043site_41.11pa_30year_det_r2_c3,output/tables/transfer_cost_1043site_41.11pa_30year_det.tex,latex_table_cell,2,3,-14.71,,
transfer_cost_1043site_41.11pa_30year_det_r2_c4,output/tables/transfer_cost_1043site_41.11pa_30year_det.tex,latex_table_cell,2,4,0.00,,
transfer_cost_1043site_41.11pa_30year_det_r2_c5,output/tables/transfer_cost_1043site_41.11pa_30year_det.tex,latex_table_cell,2,5,nan,,
transfer_cost_1043site_41.11pa_30year_det_r3_c1,output/tables/transfer_cost_1043site_41.11pa_30year_det.tex,latex_table_cell,3,1,16.80,,
transfer_cost_1043site_41.11pa_30year_det_r3_c2,output/tables/transfer_cost_1043site_41.11pa_30year_det.tex,latex_table_cell,3,2,10,,
transfer_cost_1043site_41.11pa_30year_det_r3_c3,output/tables/transfer_cost_1043site_41.11pa_30year_det.tex,latex_table_cell,3,3,13.68,,
transfer_cost_1043site_41.11pa_30year_det_r3_c4,output/tables/transfer_cost_1043site_41.11pa_30year_det.tex,latex_table_cell,3,4,1.02,,
transfer_cost_1043site_41.11pa_30year_det_r3_c5,output/tables/transfer_cost_1043site_41.11pa_30year_det.tex,latex_table_cell,3,5,4.82,,
transfer_cost_1043site_41.11pa_30year_det_r4_c1,output/tables/transfer_cost_1043site_41.11pa_30year_det.tex,latex_table_cell,4,1,21.80,,
transfer_cost_1043site_41.11pa_30year_det_r4_c2,output/tables/transfer_cost_1043site_41.11pa_30year_det.tex,latex_table_cell,4,2,15,,
transfer_cost_1043site_41.11pa_30year_det_r4_c3,output/tables/transfer_cost_1043site_41.11pa_30year_det.tex,latex_table_cell,4,3,16.30,,
transfer_cost_1043site_41.11pa_30year_det_r4_c4,output/tables/transfer_cost_1043site_41.11pa_30year_det.tex,latex_table_cell,4,4,1.86,,
transfer_cost_1043site_41.11pa_30year_det_r4_c5,output/tables/transfer_cost_1043site_41.11pa_30year_det.tex,latex_table_cell,4,5,7.88,,
transfer_cost_1043site_41.11pa_30year_det_r5_c1,output/tables/transfer_cost_1043site_41.11pa_30year_det.tex,latex_table_cell,5,1,26.80,,
transfer_cost_1043site_41.11pa_30year_det_r5_c2,output/tables/transfer_cost_1043site_41.11pa_30year_det.tex,latex_table_cell,5,2,20,,
transfer_cost_1043site_41.11pa_30year_det_r5_c3,output/tables/transfer_cost_1043site_41.11pa_30year_det.tex,latex_table_cell,5,3,17.35,,
transfer_cost_1043site_41.11pa_30year_det_r5_c4,output/tables/transfer_cost_1043site_41.11pa_30year_det.tex,latex_table_cell,5,4,2.66,,
transfer_cost_1043site_41.11pa_30year_det_r5_c5,output/tables/transfer_cost_1043site_41.11pa_30year_det.tex,latex_table_cell,5,5,10.82,,
transfer_cost_1043site_41.11pa_30year_det_r6_c1,output/tables/transfer_cost_1043site_41.11pa_30year_det.tex,latex_table_cell,6,1,31.80,,
transfer_cost_1043site_41.11pa_30year_det_r6_c2,output/tables/transfer_cost_1043site_41.11pa_30year_det.tex,latex_table_cell,6,2,25,,
transfer_cost_1043site_41.11pa_30year_det_r6_c3,output/tables/transfer_cost_1043site_41.11pa_30year_det.tex,latex_table_cell,6,3,17.84,,
transfer_cost_1043site_41.11pa_30year_det_r6_c4,output/tables/transfer_cost_1043site_41.11pa_30year_det.tex,latex_table_cell,6,4,3.44,,
transfer_cost_1043site_41.11pa_30year_det_r6_c5,output/tables/transfer_cost_1043site_41.11pa_30year_det.tex,latex_table_cell,6,5,13.70,,
transfer_cost_1043site_41.11pa_30year_hmc_xi_1.0_r1_c1,output/tables/transfer_cost_1043site_41.11pa_30year_hmc_xi_1.0.tex,latex_table_cell,1,1,pe,,
transfer_cost_1043site_41.11pa_30year_hmc_xi_1.0_r1_c2,output/tables/transfer_cost_1043site_41.11pa_30year_hmc_xi_1.0.tex,latex_table_cell,1,2,b,,
transfer_cost_1043site_41.11pa_30year_hmc_xi_1.0_r1_c3,output/tables/transfer_cost_1043site_41.11pa_30year_hmc_xi_1.0.tex,latex_table_cell,1,3,net captured emissions,,
transfer_cost_1043site_41.11pa_30year_hmc_xi_1.0_r1_c4,output/tables/transfer_cost_1043site_41.11pa_30year_hmc_xi_1.0.tex,latex_table_cell,1,4,discounted net transfers,,
transfer_cost_1043site_41.11pa_30year_hmc_xi_1.0_r1_c5,output/tables/transfer_cost_1043site_41.11pa_30year_hmc_xi_1.0.tex,latex_table_cell,1,5,discounted effective costs,,
transfer_cost_1043site_41.11pa_30year_hmc_xi_1.0_r2_c1,output/tables/transfer_cost_1043site_41.11pa_30year_hmc_xi_1.0.tex,latex_table_cell,2,1,4.80,,
transfer_cost_1043site_41.11pa_30year_hmc_xi_1.0_r2_c2,output/tables/transfer_cost_1043site_41.11pa_30year_hmc_xi_1.0.tex,latex_table_cell,2,2,0,,
transfer_cost_1043site_41.11pa_30year_hmc_xi_1.0_r2_c3,output/tables/transfer_cost_1043site_41.11pa_30year_hmc_xi_1.0.tex,latex_table_cell,2,3,-16.94,,
transfer_cost_1043site_41.11pa_30year_hmc_xi_1.0_r2_c4,output/tables/transfer_cost_1043site_41.11pa_30year_hmc_xi_1.0.tex,latex_table_cell,2,4,0.00,,
transfer_cost_1043site_41.11pa_30year_hmc_xi_1.0_r2_c5,output/tables/transfer_cost_1043site_41.11pa_30year_hmc_xi_1.0.tex,latex_table_cell,2,5,nan,,
transfer_cost_1043site_41.11pa_30year_hmc_xi_1.0_r3_c1,output/tables/transfer_cost_1043site_41.11pa_30year_hmc_xi_1.0.tex,latex_table_cell,3,1,14.80,,
transfer_cost_1043site_41.11pa_30year_hmc_xi_1.0_r3_c2,output/tables/transfer_cost_1043site_41.11pa_30year_hmc_xi_1.0.tex,latex_table_cell,3,2,10,,
transfer_cost_1043site_41.11pa_30year_hmc_xi_1.0_r3_c3,output/tables/transfer_cost_1043site_41.11pa_30year_hmc_xi_1.0.tex,latex_table_cell,3,3,12.99,,
transfer_cost_1043site_41.11pa_30year_hmc_xi_1.0_r3_c4,output/tables/transfer_cost_1043site_41.11pa_30year_hmc_xi_1.0.tex,latex_table_cell,3,4,0.96,,
transfer_cost_1043site_41.11pa_30year_hmc_xi_1.0_r3_c5,output/tables/transfer_cost_1043site_41.11pa_30year_hmc_xi_1.0.tex,latex_table_cell,3,5,4.34,,
transfer_cost_1043site_41.11pa_30year_hmc_xi_1.0_r4_c1,output/tables/transfer_cost_1043site_41.11pa_30year_hmc_xi_1.0.tex,latex_table_cell,4,1,19.80,,
transfer_cost_1043site_41.11pa_30year_hmc_xi_1.0_r4_c2,output/tables/transfer_cost_1043site_41.11pa_30year_hmc_xi_1.0.tex,latex_table_cell,4,2,15,,
transfer_cost_1043site_41.11pa_30year_hmc_xi_1.0_r4_c3,output/tables/transfer_cost_1043site_41.11pa_30year_hmc_xi_1.0.tex,latex_table_cell,4,3,15.87,,
transfer_cost_1043site_41.11pa_30year_hmc_xi_1.0_r4_c4,output/tables/transfer_cost_1043site_41.11pa_30year_hmc_xi_1.0.tex,latex_table_cell,4,4,1.80,,
transfer_cost_1043site_41.11pa_30year_hmc_xi_1.0_r4_c5,output/tables/transfer_cost_1043site_41.11pa_30year_hmc_xi_1.0.tex,latex_table_cell,4,5,7.26,,
transfer_cost_1043site_41.11pa_30year_hmc_xi_1.0_r5_c1,output/tables/transfer_cost_1043site_41.11pa_30year_hmc_xi_1.0.tex,latex_table_cell,5,1,24.80,,
transfer_cost_1043site_41.11pa_30year_hmc_xi_1.0_r5_c2,output/tables/transfer_cost_1043site_41.11pa_30year_hmc_xi_1.0.tex,latex_table_cell,5,2,20,,
transfer_cost_1043site_41.11pa_30year_hmc_xi_1.0_r5_c3,output/tables/transfer_cost_1043site_41.11pa_30year_hmc_xi_1.0.tex,latex_table_cell,5,3,16.81,,
transfer_cost_1043site_41.11pa_30year_hmc_xi_1.0_r5_c4,output/tables/transfer_cost_1043site_41.11pa_30year_hmc_xi_1.0.tex,latex_table_cell,5,4,2.57,,
transfer_cost_1043site_41.11pa_30year_hmc_xi_1.0_r5_c5,output/tables/transfer_cost_1043site_41.11pa_30year_hmc_xi_1.0.tex,latex_table_cell,5,5,9.96,,
transfer_cost_1043site_41.11pa_30year_hmc_xi_1.0_r6_c1,output/tables/transfer_cost_1043site_41.11pa_30year_hmc_xi_1.0.tex,latex_table_cell,6,1,29.80,,
transfer_cost_1043site_41.11pa_30year_hmc_xi_1.0_r6_c2,output/tables/transfer_cost_1043site_41.11pa_30year_hmc_xi_1.0.tex,latex_table_cell,6,2,25,,
transfer_cost_1043site_41.11pa_30year_hmc_xi_1.0_r6_c3,output/tables/transfer_cost_1043site_41.11pa_30year_hmc_xi_1.0.tex,latex_table_cell,6,3,17.37,,
transfer_cost_1043site_41.11pa_30year_hmc_xi_1.0_r6_c4,output/tables/transfer_cost_1043site_41.11pa_30year_hmc_xi_1.0.tex,latex_table_cell,6,4,3.34,,
transfer_cost_1043site_41.11pa_30year_hmc_xi_1.0_r6_c5,output/tables/transfer_cost_1043site_41.11pa_30year_hmc_xi_1.0.tex,latex_table_cell,6,5,12.65,,
day0_present_value_mpc_b0_sites78_xi_0.5_pee_5.6_constrained_r1_c1,output/mpc/day0_present_value_mpc_b0_sites78_xi_0.5_pee_5.6_constrained.tex,latex_table_cell,1,1,,,
day0_present_value_mpc_b0_sites78_xi_0.5_pee_5.6_constrained_r1_c2,output/mpc/day0_present_value_mpc_b0_sites78_xi_0.5_pee_5.6_constrained.tex,latex_table_cell,1,2,agricultural output value,,
day0_present_value_mpc_b0_sites78_xi_0.5_pee_5.6_constrained_r1_c3,output/mpc/day0_present_value_mpc_b0_sites78_xi_0.5_pee_5.6_constrained.tex,latex_table_cell,1,3,net transfers,,
day0_present_value_mpc_b0_sites78_xi_0.5_pee_5.6_constrained_r1_c4,output/mpc/day0_present_value_mpc_b0_sites78_xi_0.5_pee_5.6_constrained.tex,latex_table_cell,1,4,forest services,,
day0_present_value_mpc_b0_sites78_xi_0.5_pee_5.6_constrained_r1_c5,output/mpc/day0_present_value_mpc_b0_sites78_xi_0.5_pee_5.6_constrained.tex,latex_table_cell,1,5,adjustment costs,,
day0_present_value_mpc_b0_sites78_xi_0.5_pee_5.6_constrained_r1_c6,output/mpc/day0_present_value_mpc_b0_sites78_xi_0.5_pee_5.6_constrained.tex,latex_table_cell,1,6,planner value,,
day0_present_value_mpc_b0_sites78_xi_0.5_pee_5.6_constrained_r2_c1,output/mpc/day0_present_value_mpc_b0_sites78_xi_0.5_pee_5.6_constrained.tex,latex_table_cell,2,1,"b = 0, xi = 0.5",,
day0_present_value_mpc_b0_sites78_xi_0.5_pee_5.6_constrained_r2_c2,output/mpc/day0_present_value_mpc_b0_sites78_xi_0.5_pee_5.6_constrained.tex,latex_table_cell,2,2,288.01,,
day0_present_value_mpc_b0_sites78_xi_0.5_pee_5.6_constrained_r2_c3,output/mpc/day0_present_value_mpc_b0_sites78_xi_0.5_pee_5.6_constrained.tex,latex_table_cell,2,3,0.00,,
day0_present_value_mpc_b0_sites78_xi_0.5_pee_5.6_constrained_r2_c4,output/mpc/day0_present_value_mpc_b0_sites78_xi_0.5_pee_5.6_constrained.tex,latex_table_cell,2,4,-84.02,,
day0_present_value_mpc_b0_sites78_xi_0.5_pee_5.6_constrained_r2_c5,output/mpc/day0_present_value_mpc_b0_sites78_xi_0.5_pee_5.6_constrained.tex,latex_table_cell,2,5,-4.95,,
day0_present_value_mpc_b0_sites78_xi_0.5_pee_5.6_constrained_r2_c6,output/mpc/day0_present_value_mpc_b0_sites78_xi_0.5_pee_5.6_constrained.tex,latex_table_cell,2,6,199.03,,
day0_present_value_mpc_b0_sites78_xi_0.5_pee_6.1_unconstrained_r1_c1,output/mpc/day0_present_value_mpc_b0_sites78_xi_0.5_pee_6.1_unconstrained.tex,latex_table_cell,1,1,,,
day0_present_value_mpc_b0_sites78_xi_0.5_pee_6.1_unconstrained_r1_c2,output/mpc/day0_present_value_mpc_b0_sites78_xi_0.5_pee_6.1_unconstrained.tex,latex_table_cell,1,2,agricultural output value,,
day0_present_value_mpc_b0_sites78_xi_0.5_pee_6.1_unconstrained_r1_c3,output/mpc/day0_present_value_mpc_b0_sites78_xi_0.5_pee_6.1_unconstrained.tex,latex_table_cell,1,3,net transfers,,
day0_present_value_mpc_b0_sites78_xi_0.5_pee_6.1_unconstrained_r1_c4,output/mpc/day0_present_value_mpc_b0_sites78_xi_0.5_pee_6.1_unconstrained.tex,latex_table_cell,1,4,forest services,,
day0_present_value_mpc_b0_sites78_xi_0.5_pee_6.1_unconstrained_r1_c5,output/mpc/day0_present_value_mpc_b0_sites78_xi_0.5_pee_6.1_unconstrained.tex,latex_table_cell,1,5,adjustment costs,,
day0_present_value_mpc_b0_sites78_xi_0.5_pee_6.1_unconstrained_r1_c6,output/mpc/day0_present_value_mpc_b0_sites78_xi_0.5_pee_6.1_unconstrained.tex,latex_table_cell,1,6,planner value,,
day0_present_value_mpc_b0_sites78_xi_0.5_pee_6.1_unconstrained_r2_c1,output/mpc/day0_present_value_mpc_b0_sites78_xi_0.5_pee_6.1_unconstrained.tex,latex_table_cell,2,1,"b = 0, xi = 0.5",,
day0_present_value_mpc_b0_sites78_xi_0.5_pee_6.1_unconstrained_r2_c2,output/mpc/day0_present_value_mpc_b0_sites78_xi_0.5_pee_6.1_unconstrained.tex,latex_table_cell,2,2,296.44,,
day0_present_value_mpc_b0_sites78_xi_0.5_pee_6.1_unconstrained_r2_c3,output/mpc/day0_present_value_mpc_b0_sites78_xi_0.5_pee_6.1_unconstrained.tex,latex_table_cell,2,3,0.00,,
day0_present_value_mpc_b0_sites78_xi_0.5_pee_6.1_unconstrained_r2_c4,output/mpc/day0_present_value_mpc_b0_sites78_xi_0.5_pee_6.1_unconstrained.tex,latex_table_cell,2,4,-83.04,,
day0_present_value_mpc_b0_sites78_xi_0.5_pee_6.1_unconstrained_r2_c5,output/mpc/day0_present_value_mpc_b0_sites78_xi_0.5_pee_6.1_unconstrained.tex,latex_table_cell,2,5,-4.61,,
day0_present_value_mpc_b0_sites78_xi_0.5_pee_6.1_unconstrained_r2_c6,output/mpc/day0_present_value_mpc_b0_sites78_xi_0.5_pee_6.1_unconstrained.tex,latex_table_cell,2,6,208.79,,
day0_present_value_mpc_b0_sites78_xi_1.0_pee_6.2_constrained_r1_c1,output/mpc/day0_present_value_mpc_b0_sites78_xi_1.0_pee_6.2_constrained.tex,latex_table_cell,1,1,,,
day0_present_value_mpc_b0_sites78_xi_1.0_pee_6.2_constrained_r1_c2,output/mpc/day0_present_value_mpc_b0_sites78_xi_1.0_pee_6.2_constrained.tex,latex_table_cell,1,2,agricultural output value,,
day0_present_value_mpc_b0_sites78_xi_1.0_pee_6.2_constrained_r1_c3,output/mpc/day0_present_value_mpc_b0_sites78_xi_1.0_pee_6.2_constrained.tex,latex_table_cell,1,3,net transfers,,
day0_present_value_mpc_b0_sites78_xi_1.0_pee_6.2_constrained_r1_c4,output/mpc/day0_present_value_mpc_b0_sites78_xi_1.0_pee_6.2_constrained.tex,latex_table_cell,1,4,forest services,,
day0_present_value_mpc_b0_sites78_xi_1.0_pee_6.2_constrained_r1_c5,output/mpc/day0_present_value_mpc_b0_sites78_xi_1.0_pee_6.2_constrained.tex,latex_table_cell,1,5,adjustment costs,,
day0_present_value_mpc_b0_sites78_xi_1.0_pee_6.2_constrained_r1_c6,output/mpc/day0_present_value_mpc_b0_sites78_xi_1.0_pee_6.2_constrained.tex,latex_table_cell,1,6,planner value,,
day0_present_value_mpc_b0_sites78_xi_1.0_pee_6.2_constrained_r2_c1,output/mpc/day0_present_value_mpc_b0_sites78_xi_1.0_pee_6.2_constrained.tex,latex_table_cell,2,1,"b = 0, xi = 1.0",,
day0_present_value_mpc_b0_sites78_xi_1.0_pee_6.2_constrained_r2_c2,output/mpc/day0_present_value_mpc_b0_sites78_xi_1.0_pee_6.2_constrained.tex,latex_table_cell,2,2,349.56,,
day0_present_value_mpc_b0_sites78_xi_1.0_pee_6.2_constrained_r2_c3,output/mpc/day0_present_value_mpc_b0_sites78_xi_1.0_pee_6.2_constrained.tex,latex_table_cell,2,3,0.00,,
day0_present_value_mpc_b0_sites78_xi_1.0_pee_6.2_constrained_r2_c4,output/mpc/day0_present_value_mpc_b0_sites78_xi_1.0_pee_6.2_constrained.tex,latex_table_cell,2,4,-112.87,,
day0_present_value_mpc_b0_sites78_xi_1.0_pee_6.2_constrained_r2_c5,output/mpc/day0_present_value_mpc_b0_sites78_xi_1.0_pee_6.2_constrained.tex,latex_table_cell,2,5,-6.17,,
day0_present_value_mpc_b0_sites78_xi_1.0_pee_6.2_constrained_r2_c6,output/mpc/day0_present_value_mpc_b0_sites78_xi_1.0_pee_6.2_constrained.tex,latex_table_cell,2,6,230.52,,
day0_present_value_mpc_b0_sites78_xi_1.0_pee_6.5_unconstrained_r1_c1,output/mpc/day0_present_value_mpc_b0_sites78_xi_1.0_pee_6.5_unconstrained.tex,latex_table_cell,1,1,,,
day0_present_value_mpc_b0_sites78_xi_1.0_pee_6.5_unconstrained_r1_c2,output/mpc/day0_present_value_mpc_b0_sites78_xi_1.0_pee_6.5_unconstrained.tex,latex_table_cell,1,2,agricultural output value,,
day0_present_value_mpc_b0_sites78_xi_1.0_pee_6.5_unconstrained_r1_c3,output/mpc/day0_present_value_mpc_b0_sites78_xi_1.0_pee_6.5_unconstrained.tex,latex_table_cell,1,3,net transfers,,
day0_present_value_mpc_b0_sites78_xi_1.0_pee_6.5_unconstrained_r1_c4,output/mpc/day0_present_value_mpc_b0_sites78_xi_1.0_pee_6.5_unconstrained.tex,latex_table_cell,1,4,forest services,,
day0_present_value_mpc_b0_sites78_xi_1.0_pee_6.5_unconstrained_r1_c5,output/mpc/day0_present_value_mpc_b0_sites78_xi_1.0_pee_6.5_unconstrained.tex,latex_table_cell,1,5,adjustment costs,,
day0_present_value_mpc_b0_sites78_xi_1.0_pee_6.5_unconstrained_r1_c6,output/mpc/day0_present_value_mpc_b0_sites78_xi_1.0_pee_6.5_unconstrained.tex,latex_table_cell,1,6,planner value,,
day0_present_value_mpc_b0_sites78_xi_1.0_pee_6.5_unconstrained_r2_c1,output/mpc/day0_present_value_mpc_b0_sites78_xi_1.0_pee_6.5_unconstrained.tex,latex_table_cell,2,1,"b = 0, xi = 1.0",,
day0_present_value_mpc_b0_sites78_xi_1.0_pee_6.5_unconstrained_r2_c2,output/mpc/day0_present_value_mpc_b0_sites78_xi_1.0_pee_6.5_unconstrained.tex,latex_table_cell,2,2,323.38,,
day0_present_value_mpc_b0_sites78_xi_1.0_pee_6.5_unconstrained_r2_c3,output/mpc/day0_present_value_mpc_b0_sites78_xi_1.0_pee_6.5_unconstrained.tex,latex_table_cell,2,3,0.00,,
day0_present_value_mpc_b0_sites78_xi_1.0_pee_6.5_unconstrained_r2_c4,output/mpc/day0_present_value_mpc_b0_sites78_xi_1.0_pee_6.5_unconstrained.tex,latex_table_cell,2,4,-97.15,,
day0_present_value_mpc_b0_sites78_xi_1.0_pee_6.5_unconstrained_r2_c5,output/mpc/day0_present_value_mpc_b0_sites78_xi_1.0_pee_6.5_unconstrained.tex,latex_table_cell,2,5,-5.04,,
day0_present_value_mpc_b0_sites78_xi_1.0_pee_6.5_unconstrained_r2_c6,output/mpc/day0_present_value_mpc_b0_sites78_xi_1.0_pee_6.5_unconstrained.tex,latex_table_cell,2,6,221.18,,
day0_present_value_mpc_b0_sites78_xi_10000.0_pee_6.7_constrained_r1_c1,output/mpc/day0_present_value_mpc_b0_sites78_xi_10000.0_pee_6.7_constrained.tex,latex_table_cell,1,1,,,
day0_present_value_mpc_b0_sites78_xi_10000.0_pee_6.7_constrained_r1_c2,output/mpc/day0_present_value_mpc_b0_sites78_xi_10000.0_pee_6.7_constrained.tex,latex_table_cell,1,2,agricultural output value,,
day0_present_value_mpc_b0_sites78_xi_10000.0_pee_6.7_constrained_r1_c3,output/mpc/day0_present_value_mpc_b0_sites78_xi_10000.0_pee_6.7_constrained.tex,latex_table_cell,1,3,net transfers,,
day0_present_value_mpc_b0_sites78_xi_10000.0_pee_6.7_constrained_r1_c4,output/mpc/day0_present_value_mpc_b0_sites78_xi_10000.0_pee_6.7_constrained.tex,latex_table_cell,1,4,forest services,,
day0_present_value_mpc_b0_sites78_xi_10000.0_pee_6.7_constrained_r1_c5,output/mpc/day0_present_value_mpc_b0_sites78_xi_10000.0_pee_6.7_constrained.tex,latex_table_cell,1,5,adjustment costs,,
day0_present_value_mpc_b0_sites78_xi_10000.0_pee_6.7_constrained_r1_c6,output/mpc/day0_present_value_mpc_b0_sites78_xi_10000.0_pee_6.7_constrained.tex,latex_table_cell,1,6,planner value,,
day0_present_value_mpc_b0_sites78_xi_10000.0_pee_6.7_constrained_r2_c1,output/mpc/day0_present_value_mpc_b0_sites78_xi_10000.0_pee_6.7_constrained.tex,latex_table_cell,2,1,"b = 0, xi = 10000.0",,
day0_present_value_mpc_b0_sites78_xi_10000.0_pee_6.7_constrained_r2_c2,output/mpc/day0_present_value_mpc_b0_sites78_xi_10000.0_pee_6.7_constrained.tex,latex_table_cell,2,2,371.00,,
day0_present_value_mpc_b0_sites78_xi_10000.0_pee_6.7_constrained_r2_c3,output/mpc/day0_present_value_mpc_b0_sites78_xi_10000.0_pee_6.7_constrained.tex,latex_table_cell,2,3,0.00,,
day0_present_value_mpc_b0_sites78_xi_10000.0_pee_6.7_constrained_r2_c4,output/mpc/day0_present_value_mpc_b0_sites78_xi_10000.0_pee_6.7_constrained.tex,latex_table_cell,2,4,-120.96,,
day0_present_value_mpc_b0_sites78_xi_10000.0_pee_6.7_constrained_r2_c5,output/mpc/day0_present_value_mpc_b0_sites78_xi_10000.0_pee_6.7_constrained.tex,latex_table_cell,2,5,-5.84,,
day0_present_value_mpc_b0_sites78_xi_10000.0_pee_6.7_constrained_r2_c6,output/mpc/day0_present_value_mpc_b0_sites78_xi_10000.0_pee_6.7_constrained.tex,latex_table_cell,2,6,244.20,,
day0_present_value_mpc_b0_sites78_xi_10000.0_pee_6.9_unconstrained_r1_c1,output/mpc/day0_present_value_mpc_b0_sites78_xi_10000.0_pee_6.9_unconstrained.tex,latex_table_cell,1,1,,,
day0_present_value_mpc_b0_sites78_xi_10000.0_pee_6.9_unconstrained_r1_c2,output/mpc/day0_present_value_mpc_b0_sites78_xi_10000.0_pee_6.9_unconstrained.tex,latex_table_cell,1,2,agricultural output value,,
day0_present_value_mpc_b0_sites78_xi_10000.0_pee_6.9_unconstrained_r1_c3,output/mpc/day0_present_value_mpc_b0_sites78_xi_10000.0_pee_6.9_unconstrained.tex,latex_table_cell,1,3,net transfers,,
day0_present_value_mpc_b0_sites78_xi_10000.0_pee_6.9_unconstrained_r1_c4,output/mpc/day0_present_value_mpc_b0_sites78_xi_10000.0_pee_6.9_unconstrained.tex,latex_table_cell,1,4,forest services,,
day0_present_value_mpc_b0_sites78_xi_10000.0_pee_6.9_unconstrained_r1_c5,output/mpc/day0_present_value_mpc_b0_sites78_xi_10000.0_pee_6.9_unconstrained.tex,latex_table_cell,1,5,adjustment costs,,
day0_present_value_mpc_b0_sites78_xi_10000.0_pee_6.9_unconstrained_r1_c6,output/mpc/day0_present_value_mpc_b0_sites78_xi_10000.0_pee_6.9_unconstrained.tex,latex_table_cell,1,6,planner value,,
day0_present_value_mpc_b0_sites78_xi_10000.0_pee_6.9_unconstrained_r2_c1,output/mpc/day0_present_value_mpc_b0_sites78_xi_10000.0_pee_6.9_unconstrained.tex,latex_table_cell,2,1,"b = 0, xi = 10000.0",,
day0_present_value_mpc_b0_sites78_xi_10000.0_pee_6.9_unconstrained_r2_c2,output/mpc/day0_present_value_mpc_b0_sites78_xi_10000.0_pee_6.9_unconstrained.tex,latex_table_cell,2,2,355.64,,
day0_present_value_mpc_b0_sites78_xi_10000.0_pee_6.9_unconstrained_r2_c3,output/mpc/day0_present_value_mpc_b0_sites78_xi_10000.0_pee_6.9_unconstrained.tex,latex_table_cell,2,3,0.00,,
day0_present_value_mpc_b0_sites78_xi_10000.0_pee_6.9_unconstrained_r2_c4,output/mpc/day0_present_value_mpc_b0_sites78_xi_10000.0_pee_6.9_unconstrained.tex,latex_table_cell,2,4,-110.75,,
day0_present_value_mpc_b0_sites78_xi_10000.0_pee_6.9_unconstrained_r2_c5,output/mpc/day0_present_value_mpc_b0_sites78_xi_10000.0_pee_6.9_unconstrained.tex,latex_table_cell,2,5,-5.45,,
day0_present_value_mpc_b0_sites78_xi_10000.0_pee_6.9_unconstrained_r2_c6,output/mpc/day0_present_value_mpc_b0_sites78_xi_10000.0_pee_6.9_unconstrained.tex,latex_table_cell,2,6,239.44,,
day0_present_value_mpc_b10_sites78_xi_0.5_pee_5.6_constrained_r1_c1,output/mpc/day0_present_value_mpc_b10_sites78_xi_0.5_pee_5.6_constrained.tex,latex_table_cell,1,1,,,
day0_present_value_mpc_b10_sites78_xi_0.5_pee_5.6_constrained_r1_c2,output/mpc/day0_present_value_mpc_b10_sites78_xi_0.5_pee_5.6_constrained.tex,latex_table_cell,1,2,agricultural output value,,
day0_present_value_mpc_b10_sites78_xi_0.5_pee_5.6_constrained_r1_c3,output/mpc/day0_present_value_mpc_b10_sites78_xi_0.5_pee_5.6_constrained.tex,latex_table_cell,1,3,net transfers,,
day0_present_value_mpc_b10_sites78_xi_0.5_pee_5.6_constrained_r1_c4,output/mpc/day0_present_value_mpc_b10_sites78_xi_0.5_pee_5.6_constrained.tex,latex_table_cell,1,4,forest services,,
day0_present_value_mpc_b10_sites78_xi_0.5_pee_5.6_constrained_r1_c5,output/mpc/day0_present_value_mpc_b10_sites78_xi_0.5_pee_5.6_constrained.tex,latex_table_cell,1,5,adjustment costs,,
day0_present_value_mpc_b10_sites78_xi_0.5_pee_5.6_constrained_r1_c6,output/mpc/day0_present_value_mpc_b10_sites78_xi_0.5_pee_5.6_constrained.tex,latex_table_cell,1,6,planner value,,
day0_present_value_mpc_b10_sites78_xi_0.5_pee_5.6_constrained_r2_c1,output/mpc/day0_present_value_mpc_b10_sites78_xi_0.5_pee_5.6_constrained.tex,latex_table_cell,2,1,"b = 10, xi = 0.5",,
day0_present_value_mpc_b10_sites78_xi_0.5_pee_5.6_constrained_r2_c2,output/mpc/day0_present_value_mpc_b10_sites78_xi_0.5_pee_5.6_constrained.tex,latex_table_cell,2,2,73.36,,
day0_present_value_mpc_b10_sites78_xi_0.5_pee_5.6_constrained_r2_c3,output/mpc/day0_present_value_mpc_b10_sites78_xi_0.5_pee_5.6_constrained.tex,latex_table_cell,2,3,131.94,,
day0_present_value_mpc_b10_sites78_xi_0.5_pee_5.6_constrained_r2_c4,output/mpc/day0_present_value_mpc_b10_sites78_xi_0.5_pee_5.6_constrained.tex,latex_table_cell,2,4,73.89,,
day0_present_value_mpc_b10_sites78_xi_0.5_pee_5.6_constrained_r2_c5,output/mpc/day0_present_value_mpc_b10_sites78_xi_0.5_pee_5.6_constrained.tex,latex_table_cell,2,5,-8.79,,
day0_present_value_mpc_b10_sites78_xi_0.5_pee_5.6_constrained_r2_c6,output/mpc/day0_present_value_mpc_b10_sites78_xi_0.5_pee_5.6_constrained.tex,latex_table_cell,2,6,270.40,,
day0_present_value_mpc_b10_sites78_xi_0.5_pee_6.1_unconstrained_r1_c1,output/mpc/day0_present_value_mpc_b10_sites78_xi_0.5_pee_6.1_unconstrained.tex,latex_table_cell,1,1,,,
day0_present_value_mpc_b10_sites78_xi_0.5_pee_6.1_unconstrained_r1_c2,output/mpc/day0_present_value_mpc_b10_sites78_xi_0.5_pee_6.1_unconstrained.tex,latex_table_cell,1,2,agricultural output value,,
day0_present_value_mpc_b10_sites78_xi_0.5_pee_6.1_unconstrained_r1_c3,output/mpc/day0_present_value_mpc_b10_sites78_xi_0.5_pee_6.1_unconstrained.tex,latex_table_cell,1,3,net transfers,,
day0_present_value_mpc_b10_sites78_xi_0.5_pee_6.1_unconstrained_r1_c4,output/mpc/day0_present_value_mpc_b10_sites78_xi_0.5_pee_6.1_unconstrained.tex,latex_table_cell,1,4,forest services,,
day0_present_value_mpc_b10_sites78_xi_0.5_pee_6.1_unconstrained_r1_c5,output/mpc/day0_present_value_mpc_b10_sites78_xi_0.5_pee_6.1_unconstrained.tex,latex_table_cell,1,5,adjustment costs,,
day0_present_value_mpc_b10_sites78_xi_0.5_pee_6.1_unconstrained_r1_c6,output/mpc/day0_present_value_mpc_b10_sites78_xi_0.5_pee_6.1_unconstrained.tex,latex_table_cell,1,6,planner value,,
day0_present_value_mpc_b10_sites78_xi_0.5_pee_6.1_unconstrained_r2_c1,output/mpc/day0_present_value_mpc_b10_sites78_xi_0.5_pee_6.1_unconstrained.tex,latex_table_cell,2,1,"b = 10, xi = 0.5",,
day0_present_value_mpc_b10_sites78_xi_0.5_pee_6.1_unconstrained_r2_c2,output/mpc/day0_present_value_mpc_b10_sites78_xi_0.5_pee_6.1_unconstrained.tex,latex_table_cell,2,2,69.08,,
day0_present_value_mpc_b10_sites78_xi_0.5_pee_6.1_unconstrained_r2_c3,output/mpc/day0_present_value_mpc_b10_sites78_xi_0.5_pee_6.1_unconstrained.tex,latex_table_cell,2,3,134.73,,
day0_present_value_mpc_b10_sites78_xi_0.5_pee_6.1_unconstrained_r2_c4,output/mpc/day0_present_value_mpc_b10_sites78_xi_0.5_pee_6.1_unconstrained.tex,latex_table_cell,2,4,82.19,,
day0_present_value_mpc_b10_sites78_xi_0.5_pee_6.1_unconstrained_r2_c5,output/mpc/day0_present_value_mpc_b10_sites78_xi_0.5_pee_6.1_unconstrained.tex,latex_table_cell,2,5,-9.43,,
day0_present_value_mpc_b10_sites78_xi_0.5_pee_6.1_unconstrained_r2_c6,output/mpc/day0_present_value_mpc_b10_sites78_xi_0.5_pee_6.1_unconstrained.tex,latex_table_cell,2,6,276.57,,
day0_present_value_mpc_b10_sites78_xi_1.0_pee_6.2_constrained_r1_c1,output/mpc/day0_present_value_mpc_b10_sites78_xi_1.0_pee_6.2_constrained.tex,latex_table_cell,1,1,,,
day0_present_value_mpc_b10_sites78_xi_1.0_pee_6.2_constrained_r1_c2,output/mpc/day0_present_value_mpc_b10_sites78_xi_1.0_pee_6.2_constrained.tex,latex_table_cell,1,2,agricultural output value,,
day0_present_value_mpc_b10_sites78_xi_1.0_pee_6.2_constrained_r1_c3,output/mpc/day0_present_value_mpc_b10_sites78_xi_1.0_pee_6.2_constrained.tex,latex_table_cell,1,3,net transfers,,
day0_present_value_mpc_b10_sites78_xi_1.0_pee_6.2_constrained_r1_c4,output/mpc/day0_present_value_mpc_b10_sites78_xi_1.0_pee_6.2_constrained.tex,latex_table_cell,1,4,forest services,,
day0_present_value_mpc_b10_sites78_xi_1.0_pee_6.2_constrained_r1_c5,output/mpc/day0_present_value_mpc_b10_sites78_xi_1.0_pee_6.2_constrained.tex,latex_table_cell,1,5,adjustment costs,,
day0_present_value_mpc_b10_sites78_xi_1.0_pee_6.2_constrained_r1_c6,output/mpc/day0_present_value_mpc_b10_sites78_xi_1.0_pee_6.2_constrained.tex,latex_table_cell,1,6,planner value,,
day0_present_value_mpc_b10_sites78_xi_1.0_pee_6.2_constrained_r2_c1,output/mpc/day0_present_value_mpc_b10_sites78_xi_1.0_pee_6.2_constrained.tex,latex_table_cell,2,1,"b = 10, xi = 1.0",,
day0_present_value_mpc_b10_sites78_xi_1.0_pee_6.2_constrained_r2_c2,output/mpc/day0_present_value_mpc_b10_sites78_xi_1.0_pee_6.2_constrained.tex,latex_table_cell,2,2,64.39,,
day0_present_value_mpc_b10_sites78_xi_1.0_pee_6.2_constrained_r2_c3,output/mpc/day0_present_value_mpc_b10_sites78_xi_1.0_pee_6.2_constrained.tex,latex_table_cell,2,3,138.17,,
day0_present_value_mpc_b10_sites78_xi_1.0_pee_6.2_constrained_r2_c4,output/mpc/day0_present_value_mpc_b10_sites78_xi_1.0_pee_6.2_constrained.tex,latex_table_cell,2,4,85.67,,
day0_present_value_mpc_b10_sites78_xi_1.0_pee_6.2_constrained_r2_c5,output/mpc/day0_present_value_mpc_b10_sites78_xi_1.0_pee_6.2_constrained.tex,latex_table_cell,2,5,-9.28,,
day0_present_value_mpc_b10_sites78_xi_1.0_pee_6.2_constrained_r2_c6,output/mpc/day0_present_value_mpc_b10_sites78_xi_1.0_pee_6.2_constrained.tex,latex_table_cell,2,6,278.96,,
day0_present_value_mpc_b10_sites78_xi_1.0_pee_6.5_unconstrained_r1_c1,output/mpc/day0_present_value_mpc_b10_sites78_xi_1.0_pee_6.5_unconstrained.tex,latex_table_cell,1,1,,,
day0_present_value_mpc_b10_sites78_xi_1.0_pee_6.5_unconstrained_r1_c2,output/mpc/day0_present_value_mpc_b10_sites78_xi_1.0_pee_6.5_unconstrained.tex,latex_table_cell,1,2,agricultural output value,,
day0_present_value_mpc_b10_sites78_xi_1.0_pee_6.5_unconstrained_r1_c3,output/mpc/day0_present_value_mpc_b10_sites78_xi_1.0_pee_6.5_unconstrained.tex,latex_table_cell,1,3,net transfers,,
day0_present_value_mpc_b10_sites78_xi_1.0_pee_6.5_unconstrained_r1_c4,output/mpc/day0_present_value_mpc_b10_sites78_xi_1.0_pee_6.5_unconstrained.tex,latex_table_cell,1,4,forest services,,
day0_present_value_mpc_b10_sites78_xi_1.0_pee_6.5_unconstrained_r1_c5,output/mpc/day0_present_value_mpc_b10_sites78_xi_1.0_pee_6.5_unconstrained.tex,latex_table_cell,1,5,adjustment costs,,
day0_present_value_mpc_b10_sites78_xi_1.0_pee_6.5_unconstrained_r1_c6,output/mpc/day0_present_value_mpc_b10_sites78_xi_1.0_pee_6.5_unconstrained.tex,latex_table_cell,1,6,planner value,,
day0_present_value_mpc_b10_sites78_xi_1.0_pee_6.5_unconstrained_r2_c1,output/mpc/day0_present_value_mpc_b10_sites78_xi_1.0_pee_6.5_unconstrained.tex,latex_table_cell,2,1,"b = 10, xi = 1.0",,
day0_present_value_mpc_b10_sites78_xi_1.0_pee_6.5_unconstrained_r2_c2,output/mpc/day0_present_value_mpc_b10_sites78_xi_1.0_pee_6.5_unconstrained.tex,latex_table_cell,2,2,61.93,,
day0_present_value_mpc_b10_sites78_xi_1.0_pee_6.5_unconstrained_r2_c3,output/mpc/day0_present_value_mpc_b10_sites78_xi_1.0_pee_6.5_unconstrained.tex,latex_table_cell,2,3,139.71,,
day0_present_value_mpc_b10_sites78_xi_1.0_pee_6.5_unconstrained_r2_c4,output/mpc/day0_present_value_mpc_b10_sites78_xi_1.0_pee_6.5_unconstrained.tex,latex_table_cell,2,4,90.81,,
day0_present_value_mpc_b10_sites78_xi_1.0_pee_6.5_unconstrained_r2_c5,output/mpc/day0_present_value_mpc_b10_sites78_xi_1.0_pee_6.5_unconstrained.tex,latex_table_cell,2,5,-9.74,,
day0_present_value_mpc_b10_sites78_xi_1.0_pee_6.5_unconstrained_r2_c6,output/mpc/day0_present_value_mpc_b10_sites78_xi_1.0_pee_6.5_unconstrained.tex,latex_table_cell,2,6,282.71,,
day0_present_value_mpc_b10_sites78_xi_10000.0_pee_6.7_constrained_r1_c1,output/mpc/day0_present_value_mpc_b10_sites78_xi_10000.0_pee_6.7_constrained.tex,latex_table_cell,1,1,,,
day0_present_value_mpc_b10_sites78_xi_10000.0_pee_6.7_constrained_r1_c2,output/mpc/day0_present_value_mpc_b10_sites78_xi_10000.0_pee_6.7_constrained.tex,latex_table_cell,1,2,agricultural output value,,
day0_present_value_mpc_b10_sites78_xi_10000.0_pee_6.7_constrained_r1_c3,output/mpc/day0_present_value_mpc_b10_sites78_xi_10000.0_pee_6.7_constrained.tex,latex_table_cell,1,3,net transfers,,
day0_present_value_mpc_b10_sites78_xi_10000.0_pee_6.7_constrained_r1_c4,output/mpc/day0_present_value_mpc_b10_sites78_xi_10000.0_pee_6.7_constrained.tex,latex_table_cell,1,4,forest services,,
day0_present_value_mpc_b10_sites78_xi_10000.0_pee_6.7_constrained_r1_c5,output/mpc/day0_present_value_mpc_b10_sites78_xi_10000.0_pee_6.7_constrained.tex,latex_table_cell,1,5,adjustment costs,,
day0_present_value_mpc_b10_sites78_xi_10000.0_pee_6.7_constrained_r1_c6,output/mpc/day0_present_value_mpc_b10_sites78_xi_10000.0_pee_6.7_constrained.tex,latex_table_cell,1,6,planner value,,
day0_present_value_mpc_b10_sites78_xi_10000.0_pee_6.7_constrained_r2_c1,output/mpc/day0_present_value_mpc_b10_sites78_xi_10000.0_pee_6.7_constrained.tex,latex_table_cell,2,1,"b = 10, xi = 10000.0",,
day0_present_value_mpc_b10_sites78_xi_10000.0_pee_6.7_constrained_r2_c2,output/mpc/day0_present_value_mpc_b10_sites78_xi_10000.0_pee_6.7_constrained.tex,latex_table_cell,2,2,62.55,,
day0_present_value_mpc_b10_sites78_xi_10000.0_pee_6.7_constrained_r2_c3,output/mpc/day0_present_value_mpc_b10_sites78_xi_10000.0_pee_6.7_constrained.tex,latex_table_cell,2,3,139.78,,
day0_present_value_mpc_b10_sites78_xi_10000.0_pee_6.7_constrained_r2_c4,output/mpc/day0_present_value_mpc_b10_sites78_xi_10000.0_pee_6.7_constrained.tex,latex_table_cell,2,4,93.65,,
day0_present_value_mpc_b10_sites78_xi_10000.0_pee_6.7_constrained_r2_c5,output/mpc/day0_present_value_mpc_b10_sites78_xi_10000.0_pee_6.7_constrained.tex,latex_table_cell,2,5,-9.81,,
day0_present_value_mpc_b10_sites78_xi_10000.0_pee_6.7_constrained_r2_c6,output/mpc/day0_present_value_mpc_b10_sites78_xi_10000.0_pee_6.7_constrained.tex,latex_table_cell,2,6,286.17,,
day0_present_value_mpc_b10_sites78_xi_10000.0_pee_6.9_unconstrained_r1_c1,output/mpc/day0_present_value_mpc_b10_sites78_xi_10000.0_pee_6.9_unconstrained.tex,latex_table_cell,1,1,,,
day0_present_value_mpc_b10_sites78_xi_10000.0_pee_6.9_unconstrained_r1_c2,output/mpc/day0_present_value_mpc_b10_sites78_xi_10000.0_pee_6.9_unconstrained.tex,latex_table_cell,1,2,agricultural output value,,
day0_present_value_mpc_b10_sites78_xi_10000.0_pee_6.9_unconstrained_r1_c3,output/mpc/day0_present_value_mpc_b10_sites78_xi_10000.0_pee_6.9_unconstrained.tex,latex_table_cell,1,3,net transfers,,
day0_present_value_mpc_b10_sites78_xi_10000.0_pee_6.9_unconstrained_r1_c4,output/mpc/day0_present_value_mpc_b10_sites78_xi_10000.0_pee_6.9_unconstrained.tex,latex_table_cell,1,4,forest services,,
day0_present_value_mpc_b10_sites78_xi_10000.0_pee_6.9_unconstrained_r1_c5,output/mpc/day0_present_value_mpc_b10_sites78_xi_10000.0_pee_6.9_unconstrained.tex,latex_table_cell,1,5,adjustment costs,,
day0_present_value_mpc_b10_sites78_xi_10000.0_pee_6.9_unconstrained_r1_c6,output/mpc/day0_present_value_mpc_b10_sites78_xi_10000.0_pee_6.9_unconstrained.tex,latex_table_cell,1,6,planner value,,
day0_present_value_mpc_b10_sites78_xi_10000.0_pee_6.9_unconstrained_r2_c1,output/mpc/day0_present_value_mpc_b10_sites78_xi_10000.0_pee_6.9_unconstrained.tex,latex_table_cell,2,1,"b = 10, xi = 10000.0",,
day0_present_value_mpc_b10_sites78_xi_10000.0_pee_6.9_unconstrained_r2_c2,output/mpc/day0_present_value_mpc_b10_sites78_xi_10000.0_pee_6.9_unconstrained.tex,latex_table_cell,2,2,59.29,,
day0_present_value_mpc_b10_sites78_xi_10000.0_pee_6.9_unconstrained_r2_c3,output/mpc/day0_present_value_mpc_b10_sites78_xi_10000.0_pee_6.9_unconstrained.tex,latex_table_cell,2,3,141.78,,
day0_present_value_mpc_b10_sites78_xi_10000.0_pee_6.9_unconstrained_r2_c4,output/mpc/day0_present_value_mpc_b10_sites78_xi_10000.0_pee_6.9_unconstrained.tex,latex_table_cell,2,4,97.83,,
day0_present_value_mpc_b10_sites78_xi_10000.0_pee_6.9_unconstrained_r2_c5,output/mpc/day0_present_value_mpc_b10_sites78_xi_10000.0_pee_6.9_unconstrained.tex,latex_table_cell,2,5,-10.03,,
day0_present_value_mpc_b10_sites78_xi_10000.0_pee_6.9_unconstrained_r2_c6,output/mpc/day0_present_value_mpc_b10_sites78_xi_10000.0_pee_6.9_unconstrained.tex,latex_table_cell,2,6,288.87,,
day0_present_value_mpc_b15_sites78_xi_0.5_pee_5.6_constrained_r1_c1,output/mpc/day0_present_value_mpc_b15_sites78_xi_0.5_pee_5.6_constrained.tex,latex_table_cell,1,1,,,
day0_present_value_mpc_b15_sites78_xi_0.5_pee_5.6_constrained_r1_c2,output/mpc/day0_present_value_mpc_b15_sites78_xi_0.5_pee_5.6_constrained.tex,latex_table_cell,1,2,agricultural output value,,
day0_present_value_mpc_b15_sites78_xi_0.5_pee_5.6_constrained_r1_c3,output/mpc/day0_present_value_mpc_b15_sites78_xi_0.5_pee_5.6_constrained.tex,latex_table_cell,1,3,net transfers,,
day0_present_value_mpc_b15_sites78_xi_0.5_pee_5.6_constrained_r1_c4,output/mpc/day0_present_value_mpc_b15_sites78_xi_0.5_pee_5.6_constrained.tex,latex_table_cell,1,4,forest services,,
day0_present_value_mpc_b15_sites78_xi_0.5_pee_5.6_constrained_r1_c5,output/mpc/day0_present_value_mpc_b15_sites78_xi_0.5_pee_5.6_constrained.tex,latex_table_cell,1,5,adjustment costs,,
day0_present_value_mpc_b15_sites78_xi_0.5_pee_5.6_constrained_r1_c6,output/mpc/day0_present_value_mpc_b15_sites78_xi_0.5_pee_5.6_constrained.tex,latex_table_cell,1,6,planner value,,
day0_present_value_mpc_b15_sites78_xi_0.5_pee_5.6_constrained_r2_c1,output/mpc/day0_present_value_mpc_b15_sites78_xi_0.5_pee_5.6_constrained.tex,latex_table_cell,2,1,"b = 15, xi = 0.5",,
day0_present_value_mpc_b15_sites78_xi_0.5_pee_5.6_constrained_r2_c2,output/mpc/day0_present_value_mpc_b15_sites78_xi_0.5_pee_5.6_constrained.tex,latex_table_cell,2,2,36.75,,
day0_present_value_mpc_b15_sites78_xi_0.5_pee_5.6_constrained_r2_c3,output/mpc/day0_present_value_mpc_b15_sites78_xi_0.5_pee_5.6_constrained.tex,latex_table_cell,2,3,232.94,,
day0_present_value_mpc_b15_sites78_xi_0.5_pee_5.6_constrained_r2_c4,output/mpc/day0_present_value_mpc_b15_sites78_xi_0.5_pee_5.6_constrained.tex,latex_table_cell,2,4,86.96,,
day0_present_value_mpc_b15_sites78_xi_0.5_pee_5.6_constrained_r2_c5,output/mpc/day0_present_value_mpc_b15_sites78_xi_0.5_pee_5.6_constrained.tex,latex_table_cell,2,5,-13.61,,
day0_present_value_mpc_b15_sites78_xi_0.5_pee_5.6_constrained_r2_c6,output/mpc/day0_present_value_mpc_b15_sites78_xi_0.5_pee_5.6_constrained.tex,latex_table_cell,2,6,343.05,,
day0_present_value_mpc_b15_sites78_xi_0.5_pee_6.1_unconstrained_r1_c1,output/mpc/day0_present_value_mpc_b15_sites78_xi_0.5_pee_6.1_unconstrained.tex,latex_table_cell,1,1,,,
day0_present_value_mpc_b15_sites78_xi_0.5_pee_6.1_unconstrained_r1_c2,output/mpc/day0_present_value_mpc_b15_sites78_xi_0.5_pee_6.1_unconstrained.tex,latex_table_cell,1,2,agricultural output value,,
day0_present_value_mpc_b15_sites78_xi_0.5_pee_6.1_unconstrained_r1_c3,output/mpc/day0_present_value_mpc_b15_sites78_xi_0.5_pee_6.1_unconstrained.tex,latex_table_cell,1,3,net transfers,,
day0_present_value_mpc_b15_sites78_xi_0.5_pee_6.1_unconstrained_r1_c4,output/mpc/day0_present_value_mpc_b15_sites78_xi_0.5_pee_6.1_unconstrained.tex,latex_table_cell,1,4,forest services,,
day0_present_value_mpc_b15_sites78_xi_0.5_pee_6.1_unconstrained_r1_c5,output/mpc/day0_present_value_mpc_b15_sites78_xi_0.5_pee_6.1_unconstrained.tex,latex_table_cell,1,5,adjustment costs,,
day0_present_value_mpc_b15_sites78_xi_0.5_pee_6.1_unconstrained_r1_c6,output/mpc/day0_present_value_mpc_b15_sites78_xi_0.5_pee_6.1_unconstrained.tex,latex_table_cell,1,6,planner value,,
day0_present_value_mpc_b15_sites78_xi_0.5_pee_6.1_unconstrained_r2_c1,output/mpc/day0_present_value_mpc_b15_sites78_xi_0.5_pee_6.1_unconstrained.tex,latex_table_cell,2,1,"b = 15, xi = 0.5",,
day0_present_value_mpc_b15_sites78_xi_0.5_pee_6.1_unconstrained_r2_c2,output/mpc/day0_present_value_mpc_b15_sites78_xi_0.5_pee_6.1_unconstrained.tex,latex_table_cell,2,2,34.30,,
day0_present_value_mpc_b15_sites78_xi_0.5_pee_6.1_unconstrained_r2_c3,output/mpc/day0_present_value_mpc_b15_sites78_xi_0.5_pee_6.1_unconstrained.tex,latex_table_cell,2,3,235.24,,
day0_present_value_mpc_b15_sites78_xi_0.5_pee_6.1_unconstrained_r2_c4,output/mpc/day0_present_value_mpc_b15_sites78_xi_0.5_pee_6.1_unconstrained.tex,latex_table_cell,2,4,95.66,,
day0_present_value_mpc_b15_sites78_xi_0.5_pee_6.1_unconstrained_r2_c5,output/mpc/day0_present_value_mpc_b15_sites78_xi_0.5_pee_6.1_unconstrained.tex,latex_table_cell,2,5,-14.23,,
day0_present_value_mpc_b15_sites78_xi_0.5_pee_6.1_unconstrained_r2_c6,output/mpc/day0_present_value_mpc_b15_sites78_xi_0.5_pee_6.1_unconstrained.tex,latex_table_cell,2,6,350.97,,
day0_present_value_mpc_b15_sites78_xi_1.0_pee_6.2_constrained_r1_c1,output/mpc/day0_present_value_mpc_b15_sites78_xi_1.0_pee_6.2_constrained.tex,latex_table_cell,1,1,,,
day0_present_value_mpc_b15_sites78_xi_1.0_pee_6.2_constrained_r1_c2,output/mpc/day0_present_value_mpc_b15_sites78_xi_1.0_pee_6.2_constrained.tex,latex_table_cell,1,2,agricultural output value,,
day0_present_value_mpc_b15_sites78_xi_1.0_pee_6.2_constrained_r1_c3,output/mpc/day0_present_value_mpc_b15_sites78_xi_1.0_pee_6.2_constrained.tex,latex_table_cell,1,3,net transfers,,
day0_present_value_mpc_b15_sites78_xi_1.0_pee_6.2_constrained_r1_c4,output/mpc/day0_present_value_mpc_b15_sites78_xi_1.0_pee_6.2_constrained.tex,latex_table_cell,1,4,forest services,,
day0_present_value_mpc_b15_sites78_xi_1.0_pee_6.2_constrained_r1_c5,output/mpc/day0_present_value_mpc_b15_sites78_xi_1.0_pee_6.2_constrained.tex,latex_table_cell,1,5,adjustment costs,,
day0_present_value_mpc_b15_sites78_xi_1.0_pee_6.2_constrained_r1_c6,output/mpc/day0_present_value_mpc_b15_sites78_xi_1.0_pee_6.2_constrained.tex,latex_table_cell,1,6,planner value,,
day0_present_value_mpc_b15_sites78_xi_1.0_pee_6.2_constrained_r2_c1,output/mpc/day0_present_value_mpc_b15_sites78_xi_1.0_pee_6.2_constrained.tex,latex_table_cell,2,1,"b = 15, xi = 1.0",,
day0_present_value_mpc_b15_sites78_xi_1.0_pee_6.2_constrained_r2_c2,output/mpc/day0_present_value_mpc_b15_sites78_xi_1.0_pee_6.2_constrained.tex,latex_table_cell,2,2,32.43,,
day0_present_value_mpc_b15_sites78_xi_1.0_pee_6.2_constrained_r2_c3,output/mpc/day0_present_value_mpc_b15_sites78_xi_1.0_pee_6.2_constrained.tex,latex_table_cell,2,3,236.51,,
day0_present_value_mpc_b15_sites78_xi_1.0_pee_6.2_constrained_r2_c4,output/mpc/day0_present_value_mpc_b15_sites78_xi_1.0_pee_6.2_constrained.tex,latex_table_cell,2,4,97.76,,
day0_present_value_mpc_b15_sites78_xi_1.0_pee_6.2_constrained_r2_c5,output/mpc/day0_present_value_mpc_b15_sites78_xi_1.0_pee_6.2_constrained.tex,latex_table_cell,2,5,-14.23,,
day0_present_value_mpc_b15_sites78_xi_1.0_pee_6.2_constrained_r2_c6,output/mpc/day0_present_value_mpc_b15_sites78_xi_1.0_pee_6.2_constrained.tex,latex_table_cell,2,6,352.46,,
day0_present_value_mpc_b15_sites78_xi_1.0_pee_6.5_unconstrained_r1_c1,output/mpc/day0_present_value_mpc_b15_sites78_xi_1.0_pee_6.5_unconstrained.tex,latex_table_cell,1,1,,,
day0_present_value_mpc_b15_sites78_xi_1.0_pee_6.5_unconstrained_r1_c2,output/mpc/day0_present_value_mpc_b15_sites78_xi_1.0_pee_6.5_unconstrained.tex,latex_table_cell,1,2,agricultural output value,,
day0_present_value_mpc_b15_sites78_xi_1.0_pee_6.5_unconstrained_r1_c3,output/mpc/day0_present_value_mpc_b15_sites78_xi_1.0_pee_6.5_unconstrained.tex,latex_table_cell,1,3,net transfers,,
day0_present_value_mpc_b15_sites78_xi_1.0_pee_6.5_unconstrained_r1_c4,output/mpc/day0_present_value_mpc_b15_sites78_xi_1.0_pee_6.5_unconstrained.tex,latex_table_cell,1,4,forest services,,
day0_present_value_mpc_b15_sites78_xi_1.0_pee_6.5_unconstrained_r1_c5,output/mpc/day0_present_value_mpc_b15_sites78_xi_1.0_pee_6.5_unconstrained.tex,latex_table_cell,1,5,adjustment costs,,
day0_present_value_mpc_b15_sites78_xi_1.0_pee_6.5_unconstrained_r1_c6,output/mpc/day0_present_value_mpc_b15_sites78_xi_1.0_pee_6.5_unconstrained.tex,latex_table_cell,1,6,planner value,,
day0_present_value_mpc_b15_sites78_xi_1.0_pee_6.5_unconstrained_r2_c1,output/mpc/day0_present_value_mpc_b15_sites78_xi_1.0_pee_6.5_unconstrained.tex,latex_table_cell,2,1,"b = 15, xi = 1.0",,
day0_present_value_mpc_b15_sites78_xi_1.0_pee_6.5_unconstrained_r2_c2,output/mpc/day0_present_value_mpc_b15_sites78_xi_1.0_pee_6.5_unconstrained.tex,latex_table_cell,2,2,33.52,,
day0_present_value_mpc_b15_sites78_xi_1.0_pee_6.5_unconstrained_r2_c3,output/mpc/day0_present_value_mpc_b15_sites78_xi_1.0_pee_6.5_unconstrained.tex,latex_table_cell,2,3,236.12,,
day0_present_value_mpc_b15_sites78_xi_1.0_pee_6.5_unconstrained_r2_c4,output/mpc/day0_present_value_mpc_b15_sites78_xi_1.0_pee_6.5_unconstrained.tex,latex_table_cell,2,4,102.32,,
day0_present_value_mpc_b15_sites78_xi_1.0_pee_6.5_unconstrained_r2_c5,output/mpc/day0_present_value_mpc_b15_sites78_xi_1.0_pee_6.5_unconstrained.tex,latex_table_cell,2,5,-14.60,,
day0_present_value_mpc_b15_sites78_xi_1.0_pee_6.5_unconstrained_r2_c6,output/mpc/day0_present_value_mpc_b15_sites78_xi_1.0_pee_6.5_unconstrained.tex,latex_table_cell,2,6,357.36,,
day0_present_value_mpc_b15_sites78_xi_10000.0_pee_6.7_constrained_r1_c1,output/mpc/day0_present_value_mpc_b15_sites78_xi_10000.0_pee_6.7_constrained.tex,latex_table_cell,1,1,,,
day0_present_value_mpc_b15_sites78_xi_10000.0_pee_6.7_constrained_r1_c2,output/mpc/day0_present_value_mpc_b15_sites78_xi_10000.0_pee_6.7_constrained.tex,latex_table_cell,1,2,agricultural output value,,
day0_present_value_mpc_b15_sites78_xi_10000.0_pee_6.7_constrained_r1_c3,output/mpc/day0_present_value_mpc_b15_sites78_xi_10000.0_pee_6.7_constrained.tex,latex_table_cell,1,3,net transfers,,
day0_present_value_mpc_b15_sites78_xi_10000.0_pee_6.7_constrained_r1_c4,output/mpc/day0_present_value_mpc_b15_sites78_xi_10000.0_pee_6.7_constrained.tex,latex_table_cell,1,4,forest services,,
day0_present_value_mpc_b15_sites78_xi_10000.0_pee_6.7_constrained_r1_c5,output/mpc/day0_present_value_mpc_b15_sites78_xi_10000.0_pee_6.7_constrained.tex,latex_table_cell,1,5,adjustment costs,,
day0_present_value_mpc_b15_sites78_xi_10000.0_pee_6.7_constrained_r1_c6,output/mpc/day0_present_value_mpc_b15_sites78_xi_10000.0_pee_6.7_constrained.tex,latex_table_cell,1,6,planner value,,
day0_present_value_mpc_b15_sites78_xi_10000.0_pee_6.7_constrained_r2_c1,output/mpc/day0_present_value_mpc_b15_sites78_xi_10000.0_pee_6.7_constrained.tex,latex_table_cell,2,1,"b = 15, xi = 10000.0",,
day0_present_value_mpc_b15_sites78_xi_10000.0_pee_6.7_constrained_r2_c2,output/mpc/day0_present_value_mpc_b15_sites78_xi_10000.0_pee_6.7_constrained.tex,latex_table_cell,2,2,28.70,,
day0_present_value_mpc_b15_sites78_xi_10000.0_pee_6.7_constrained_r2_c3,output/mpc/day0_present_value_mpc_b15_sites78_xi_10000.0_pee_6.7_constrained.tex,latex_table_cell,2,3,239.54,,
day0_present_value_mpc_b15_sites78_xi_10000.0_pee_6.7_constrained_r2_c4,output/mpc/day0_present_value_mpc_b15_sites78_xi_10000.0_pee_6.7_constrained.tex,latex_table_cell,2,4,106.99,,
day0_present_value_mpc_b15_sites78_xi_10000.0_pee_6.7_constrained_r2_c5,output/mpc/day0_present_value_mpc_b15_sites78_xi_10000.0_pee_6.7_constrained.tex,latex_table_cell,2,5,-14.75,,
day0_present_value_mpc_b15_sites78_xi_10000.0_pee_6.7_constrained_r2_c6,output/mpc/day0_present_value_mpc_b15_sites78_xi_10000.0_pee_6.7_constrained.tex,latex_table_cell,2,6,360.47,,
day0_present_value_mpc_b15_sites78_xi_10000.0_pee_6.9_unconstrained_r1_c1,output/mpc/day0_present_value_mpc_b15_sites78_xi_10000.0_pee_6.9_unconstrained.tex,latex_table_cell,1,1,,,
day0_present_value_mpc_b15_sites78_xi_10000.0_pee_6.9_unconstrained_r1_c2,output/mpc/day0_present_value_mpc_b15_sites78_xi_10000.0_pee_6.9_unconstrained.tex,latex_table_cell,1,2,agricultural output value,,
day0_present_value_mpc_b15_sites78_xi_10000.0_pee_6.9_unconstrained_r1_c3,output/mpc/day0_present_value_mpc_b15_sites78_xi_10000.0_pee_6.9_unconstrained.tex,latex_table_cell,1,3,net transfers,,
day0_present_value_mpc_b15_sites78_xi_10000.0_pee_6.9_unconstrained_r1_c4,output/mpc/day0_present_value_mpc_b15_sites78_xi_10000.0_pee_6.9_unconstrained.tex,latex_table_cell,1,4,forest services,,
day0_present_value_mpc_b15_sites78_xi_10000.0_pee_6.9_unconstrained_r1_c5,output/mpc/day0_present_value_mpc_b15_sites78_xi_10000.0_pee_6.9_unconstrained.tex,latex_table_cell,1,5,adjustment costs,,
day0_present_value_mpc_b15_sites78_xi_10000.0_pee_6.9_unconstrained_r1_c6,output/mpc/day0_present_value_mpc_b15_sites78_xi_10000.0_pee_6.9_unconstrained.tex,latex_table_cell,1,6,planner value,,
day0_present_value_mpc_b15_sites78_xi_10000.0_pee_6.9_unconstrained_r2_c1,output/mpc/day0_present_value_mpc_b15_sites78_xi_10000.0_pee_6.9_unconstrained.tex,latex_table_cell,2,1,"b = 15, xi = 10000.0",,
day0_present_value_mpc_b15_sites78_xi_10000.0_pee_6.9_unconstrained_r2_c2,output/mpc/day0_present_value_mpc_b15_sites78_xi_10000.0_pee_6.9_unconstrained.tex,latex_table_cell,2,2,32.89,,
day0_present_value_mpc_b15_sites78_xi_10000.0_pee_6.9_unconstrained_r2_c3,output/mpc/day0_present_value_mpc_b15_sites78_xi_10000.0_pee_6.9_unconstrained.tex,latex_table_cell,2,3,236.84,,
day0_present_value_mpc_b15_sites78_xi_10000.0_pee_6.9_unconstrained_r2_c4,output/mpc/day0_present_value_mpc_b15_sites78_xi_10000.0_pee_6.9_unconstrained.tex,latex_table_cell,2,4,108.95,,
day0_present_value_mpc_b15_sites78_xi_10000.0_pee_6.9_unconstrained_r2_c5,output/mpc/day0_present_value_mpc_b15_sites78_xi_10000.0_pee_6.9_unconstrained.tex,latex_table_cell,2,5,-14.93,,
day0_present_value_mpc_b15_sites78_xi_10000.0_pee_6.9_unconstrained_r2_c6,output/mpc/day0_present_value_mpc_b15_sites78_xi_10000.0_pee_6.9_unconstrained.tex,latex_table_cell,2,6,363.75,,
day0_present_value_mpc_b20_sites78_xi_0.5_pee_5.6_constrained_r1_c1,output/mpc/day0_present_value_mpc_b20_sites78_xi_0.5_pee_5.6_constrained.tex,latex_table_cell,1,1,,,
day0_present_value_mpc_b20_sites78_xi_0.5_pee_5.6_constrained_r1_c2,output/mpc/day0_present_value_mpc_b20_sites78_xi_0.5_pee_5.6_constrained.tex,latex_table_cell,1,2,agricultural output value,,
day0_present_value_mpc_b20_sites78_xi_0.5_pee_5.6_constrained_r1_c3,output/mpc/day0_present_value_mpc_b20_sites78_xi_0.5_pee_5.6_constrained.tex,latex_table_cell,1,3,net transfers,,
day0_present_value_mpc_b20_sites78_xi_0.5_pee_5.6_constrained_r1_c4,output/mpc/day0_present_value_mpc_b20_sites78_xi_0.5_pee_5.6_constrained.tex,latex_table_cell,1,4,forest services,,
day0_present_value_mpc_b20_sites78_xi_0.5_pee_5.6_constrained_r1_c5,output/mpc/day0_present_value_mpc_b20_sites78_xi_0.5_pee_5.6_constrained.tex,latex_table_cell,1,5,adjustment costs,,
day0_present_value_mpc_b20_sites78_xi_0.5_pee_5.6_constrained_r1_c6,output/mpc/day0_present_value_mpc_b20_sites78_xi_0.5_pee_5.6_constrained.tex,latex_table_cell,1,6,planner value,,
day0_present_value_mpc_b20_sites78_xi_0.5_pee_5.6_constrained_r2_c1,output/mpc/day0_present_value_mpc_b20_sites78_xi_0.5_pee_5.6_constrained.tex,latex_table_cell,2,1,"b = 20, xi = 0.5",,
day0_present_value_mpc_b20_sites78_xi_0.5_pee_5.6_constrained_r2_c2,output/mpc/day0_present_value_mpc_b20_sites78_xi_0.5_pee_5.6_constrained.tex,latex_table_cell,2,2,23.89,,
day0_present_value_mpc_b20_sites78_xi_0.5_pee_5.6_constrained_r2_c3,output/mpc/day0_present_value_mpc_b20_sites78_xi_0.5_pee_5.6_constrained.tex,latex_table_cell,2,3,326.04,,
day0_present_value_mpc_b20_sites78_xi_0.5_pee_5.6_constrained_r2_c4,output/mpc/day0_present_value_mpc_b20_sites78_xi_0.5_pee_5.6_constrained.tex,latex_table_cell,2,4,91.29,,
day0_present_value_mpc_b20_sites78_xi_0.5_pee_5.6_constrained_r2_c5,output/mpc/day0_present_value_mpc_b20_sites78_xi_0.5_pee_5.6_constrained.tex,latex_table_cell,2,5,-17.81,,
day0_present_value_mpc_b20_sites78_xi_0.5_pee_5.6_constrained_r2_c6,output/mpc/day0_present_value_mpc_b20_sites78_xi_0.5_pee_5.6_constrained.tex,latex_table_cell,2,6,423.41,,
day0_present_value_mpc_b20_sites78_xi_1.0_pee_6.2_constrained_r1_c1,output/mpc/day0_present_value_mpc_b20_sites78_xi_1.0_pee_6.2_constrained.tex,latex_table_cell,1,1,,,
day0_present_value_mpc_b20_sites78_xi_1.0_pee_6.2_constrained_r1_c2,output/mpc/day0_present_value_mpc_b20_sites78_xi_1.0_pee_6.2_constrained.tex,latex_table_cell,1,2,agricultural output value,,
day0_present_value_mpc_b20_sites78_xi_1.0_pee_6.2_constrained_r1_c3,output/mpc/day0_present_value_mpc_b20_sites78_xi_1.0_pee_6.2_constrained.tex,latex_table_cell,1,3,net transfers,,
day0_present_value_mpc_b20_sites78_xi_1.0_pee_6.2_constrained_r1_c4,output/mpc/day0_present_value_mpc_b20_sites78_xi_1.0_pee_6.2_constrained.tex,latex_table_cell,1,4,forest services,,
day0_present_value_mpc_b20_sites78_xi_1.0_pee_6.2_constrained_r1_c5,output/mpc/day0_present_value_mpc_b20_sites78_xi_1.0_pee_6.2_constrained.tex,latex_table_cell,1,5,adjustment costs,,
day0_present_value_mpc_b20_sites78_xi_1.0_pee_6.2_constrained_r1_c6,output/mpc/day0_present_value_mpc_b20_sites78_xi_1.0_pee_6.2_constrained.tex,latex_table_cell,1,6,planner value,,
day0_present_value_mpc_b20_sites78_xi_1.0_pee_6.2_constrained_r2_c1,output/mpc/day0_present_value_mpc_b20_sites78_xi_1.0_pee_6.2_constrained.tex,latex_table_cell,2,1,"b = 20, xi = 1.0",,
day0_present_value_mpc_b20_sites78_xi_1.0_pee_6.2_constrained_r2_c2,output/mpc/day0_present_value_mpc_b20_sites78_xi_1.0_pee_6.2_constrained.tex,latex_table_cell,2,2,23.48,,
day0_present_value_mpc_b20_sites78_xi_1.0_pee_6.2_constrained_r2_c3,output/mpc/day0_present_value_mpc_b20_sites78_xi_1.0_pee_6.2_constrained.tex,latex_table_cell,2,3,326.68,,
day0_present_value_mpc_b20_sites78_xi_1.0_pee_6.2_constrained_r2_c4,output/mpc/day0_present_value_mpc_b20_sites78_xi_1.0_pee_6.2_constrained.tex,latex_table_cell,2,4,101.27,,
day0_present_value_mpc_b20_sites78_xi_1.0_pee_6.2_constrained_r2_c5,output/mpc/day0_present_value_mpc_b20_sites78_xi_1.0_pee_6.2_constrained.tex,latex_table_cell,2,5,-18.22,,
day0_present_value_mpc_b20_sites78_xi_1.0_pee_6.2_constrained_r2_c6,output/mpc/day0_present_value_mpc_b20_sites78_xi_1.0_pee_6.2_constrained.tex,latex_table_cell,2,6,433.22,,
day0_present_value_mpc_b20_sites78_xi_10000.0_pee_6.7_constrained_r1_c1,output/mpc/day0_present_value_mpc_b20_sites78_xi_10000.0_pee_6.7_constrained.tex,latex_table_cell,1,1,,,
day0_present_value_mpc_b20_sites78_xi_10000.0_pee_6.7_constrained_r1_c2,output/mpc/day0_present_value_mpc_b20_sites78_xi_10000.0_pee_6.7_constrained.tex,latex_table_cell,1,2,agricultural output value,,
day0_present_value_mpc_b20_sites78_xi_10000.0_pee_6.7_constrained_r1_c3,output/mpc/day0_present_value_mpc_b20_sites78_xi_10000.0_pee_6.7_constrained.tex,latex_table_cell,1,3,net transfers,,
day0_present_value_mpc_b20_sites78_xi_10000.0_pee_6.7_constrained_r1_c4,output/mpc/day0_present_value_mpc_b20_sites78_xi_10000.0_pee_6.7_constrained.tex,latex_table_cell,1,4,forest services,,
day0_present_value_mpc_b20_sites78_xi_10000.0_pee_6.7_constrained_r1_c5,output/mpc/day0_present_value_mpc_b20_sites78_xi_10000.0_pee_6.7_constrained.tex,latex_table_cell,1,5,adjustment costs,,
day0_present_value_mpc_b20_sites78_xi_10000.0_pee_6.7_constrained_r1_c6,output/mpc/day0_present_value_mpc_b20_sites78_xi_10000.0_pee_6.7_constrained.tex,latex_table_cell,1,6,planner value,,
day0_present_value_mpc_b20_sites78_xi_10000.0_pee_6.7_constrained_r2_c1,output/mpc/day0_present_value_mpc_b20_sites78_xi_10000.0_pee_6.7_constrained.tex,latex_table_cell,2,1,"b = 20, xi = 10000.0",,
day0_present_value_mpc_b20_sites78_xi_10000.0_pee_6.7_constrained_r2_c2,output/mpc/day0_present_value_mpc_b20_sites78_xi_10000.0_pee_6.7_constrained.tex,latex_table_cell,2,2,23.18,,
day0_present_value_mpc_b20_sites78_xi_10000.0_pee_6.7_constrained_r2_c3,output/mpc/day0_present_value_mpc_b20_sites78_xi_10000.0_pee_6.7_constrained.tex,latex_table_cell,2,3,327.15,,
day0_present_value_mpc_b20_sites78_xi_10000.0_pee_6.7_constrained_r2_c4,output/mpc/day0_present_value_mpc_b20_sites78_xi_10000.0_pee_6.7_constrained.tex,latex_table_cell,2,4,109.60,,
day0_present_value_mpc_b20_sites78_xi_10000.0_pee_6.7_constrained_r2_c5,output/mpc/day0_present_value_mpc_b20_sites78_xi_10000.0_pee_6.7_constrained.tex,latex_table_cell,2,5,-18.53,,
day0_present_value_mpc_b20_sites78_xi_10000.0_pee_6.7_constrained_r2_c6,output/mpc/day0_present_value_mpc_b20_sites78_xi_10000.0_pee_6.7_constrained.tex,latex_table_cell,2,6,441.41,,
day0_present_value_mpc_b25_sites78_xi_0.5_pee_5.6_constrained_r1_c1,output/mpc/day0_present_value_mpc_b25_sites78_xi_0.5_pee_5.6_constrained.tex,latex_table_cell,1,1,,,
day0_present_value_mpc_b25_sites78_xi_0.5_pee_5.6_constrained_r1_c2,output/mpc/day0_present_value_mpc_b25_sites78_xi_0.5_pee_5.6_constrained.tex,latex_table_cell,1,2,agricultural output value,,
day0_present_value_mpc_b25_sites78_xi_0.5_pee_5.6_constrained_r1_c3,output/mpc/day0_present_value_mpc_b25_sites78_xi_0.5_pee_5.6_constrained.tex,latex_table_cell,1,3,net transfers,,
day0_present_value_mpc_b25_sites78_xi_0.5_pee_5.6_constrained_r1_c4,output/mpc/day0_present_value_mpc_b25_sites78_xi_0.5_pee_5.6_constrained.tex,latex_table_cell,1,4,forest services,,
day0_present_value_mpc_b25_sites78_xi_0.5_pee_5.6_constrained_r1_c5,output/mpc/day0_present_value_mpc_b25_sites78_xi_0.5_pee_5.6_constrained.tex,latex_table_cell,1,5,adjustment costs,,
day0_present_value_mpc_b25_sites78_xi_0.5_pee_5.6_constrained_r1_c6,output/mpc/day0_present_value_mpc_b25_sites78_xi_0.5_pee_5.6_constrained.tex,latex_table_cell,1,6,planner value,,
day0_present_value_mpc_b25_sites78_xi_0.5_pee_5.6_constrained_r2_c1,output/mpc/day0_present_value_mpc_b25_sites78_xi_0.5_pee_5.6_constrained.tex,latex_table_cell,2,1,"b = 25, xi = 0.5",,
day0_present_value_mpc_b25_sites78_xi_0.5_pee_5.6_constrained_r2_c2,output/mpc/day0_present_value_mpc_b25_sites78_xi_0.5_pee_5.6_constrained.tex,latex_table_cell,2,2,15.24,,
day0_present_value_mpc_b25_sites78_xi_0.5_pee_5.6_constrained_r2_c3,output/mpc/day0_present_value_mpc_b25_sites78_xi_0.5_pee_5.6_constrained.tex,latex_table_cell,2,3,418.49,,
day0_present_value_mpc_b25_sites78_xi_0.5_pee_5.6_constrained_r2_c4,output/mpc/day0_present_value_mpc_b25_sites78_xi_0.5_pee_5.6_constrained.tex,latex_table_cell,2,4,93.74,,
day0_present_value_mpc_b25_sites78_xi_0.5_pee_5.6_constrained_r2_c5,output/mpc/day0_present_value_mpc_b25_sites78_xi_0.5_pee_5.6_constrained.tex,latex_table_cell,2,5,-21.42,,
day0_present_value_mpc_b25_sites78_xi_0.5_pee_5.6_constrained_r2_c6,output/mpc/day0_present_value_mpc_b25_sites78_xi_0.5_pee_5.6_constrained.tex,latex_table_cell,2,6,506.06,,
day0_present_value_mpc_b25_sites78_xi_0.5_pee_6.1_unconstrained_r1_c1,output/mpc/day0_present_value_mpc_b25_sites78_xi_0.5_pee_6.1_unconstrained.tex,latex_table_cell,1,1,,,
day0_present_value_mpc_b25_sites78_xi_0.5_pee_6.1_unconstrained_r1_c2,output/mpc/day0_present_value_mpc_b25_sites78_xi_0.5_pee_6.1_unconstrained.tex,latex_table_cell,1,2,agricultural output value,,
day0_present_value_mpc_b25_sites78_xi_0.5_pee_6.1_unconstrained_r1_c3,output/mpc/day0_present_value_mpc_b25_sites78_xi_0.5_pee_6.1_unconstrained.tex,latex_table_cell,1,3,net transfers,,
day0_present_value_mpc_b25_sites78_xi_0.5_pee_6.1_unconstrained_r1_c4,output/mpc/day0_present_value_mpc_b25_sites78_xi_0.5_pee_6.1_unconstrained.tex,latex_table_cell,1,4,forest services,,
day0_present_value_mpc_b25_sites78_xi_0.5_pee_6.1_unconstrained_r1_c5,output/mpc/day0_present_value_mpc_b25_sites78_xi_0.5_pee_6.1_unconstrained.tex,latex_table_cell,1,5,adjustment costs,,
day0_present_value_mpc_b25_sites78_xi_0.5_pee_6.1_unconstrained_r1_c6,output/mpc/day0_present_value_mpc_b25_sites78_xi_0.5_pee_6.1_unconstrained.tex,latex_table_cell,1,6,planner value,,
day0_present_value_mpc_b25_sites78_xi_0.5_pee_6.1_unconstrained_r2_c1,output/mpc/day0_present_value_mpc_b25_sites78_xi_0.5_pee_6.1_unconstrained.tex,latex_table_cell,2,1,"b = 25, xi = 0.5",,
day0_present_value_mpc_b25_sites78_xi_0.5_pee_6.1_unconstrained_r2_c2,output/mpc/day0_present_value_mpc_b25_sites78_xi_0.5_pee_6.1_unconstrained.tex,latex_table_cell,2,2,15.17,,
day0_present_value_mpc_b25_sites78_xi_0.5_pee_6.1_unconstrained_r2_c3,output/mpc/day0_present_value_mpc_b25_sites78_xi_0.5_pee_6.1_unconstrained.tex,latex_table_cell,2,3,418.86,,
day0_present_value_mpc_b25_sites78_xi_0.5_pee_6.1_unconstrained_r2_c4,output/mpc/day0_present_value_mpc_b25_sites78_xi_0.5_pee_6.1_unconstrained.tex,latex_table_cell,2,4,102.20,,
day0_present_value_mpc_b25_sites78_xi_0.5_pee_6.1_unconstrained_r2_c5,output/mpc/day0_present_value_mpc_b25_sites78_xi_0.5_pee_6.1_unconstrained.tex,latex_table_cell,2,5,-21.67,,
day0_present_value_mpc_b25_sites78_xi_0.5_pee_6.1_unconstrained_r2_c6,output/mpc/day0_present_value_mpc_b25_sites78_xi_0.5_pee_6.1_unconstrained.tex,latex_table_cell,2,6,514.55,,
day0_present_value_mpc_b25_sites78_xi_1.0_pee_6.2_constrained_r1_c1,output/mpc/day0_present_value_mpc_b25_sites78_xi_1.0_pee_6.2_constrained.tex,latex_table_cell,1,1,,,
day0_present_value_mpc_b25_sites78_xi_1.0_pee_6.2_constrained_r1_c2,output/mpc/day0_present_value_mpc_b25_sites78_xi_1.0_pee_6.2_constrained.tex,latex_table_cell,1,2,agricultural output value,,
day0_present_value_mpc_b25_sites78_xi_1.0_pee_6.2_constrained_r1_c3,output/mpc/day0_present_value_mpc_b25_sites78_xi_1.0_pee_6.2_constrained.tex,latex_table_cell,1,3,net transfers,,
day0_present_value_mpc_b25_sites78_xi_1.0_pee_6.2_constrained_r1_c4,output/mpc/day0_present_value_mpc_b25_sites78_xi_1.0_pee_6.2_constrained.tex,latex_table_cell,1,4,forest services,,
day0_present_value_mpc_b25_sites78_xi_1.0_pee_6.2_constrained_r1_c5,output/mpc/day0_present_value_mpc_b25_sites78_xi_1.0_pee_6.2_constrained.tex,latex_table_cell,1,5,adjustment costs,,
day0_present_value_mpc_b25_sites78_xi_1.0_pee_6.2_constrained_r1_c6,output/mpc/day0_present_value_mpc_b25_sites78_xi_1.0_pee_6.2_constrained.tex,latex_table_cell,1,6,planner value,,
day0_present_value_mpc_b25_sites78_xi_1.0_pee_6.2_constrained_r2_c1,output/mpc/day0_present_value_mpc_b25_sites78_xi_1.0_pee_6.2_constrained.tex,latex_table_cell,2,1,"b = 25, xi = 1.0",,
day0_present_value_mpc_b25_sites78_xi_1.0_pee_6.2_constrained_r2_c2,output/mpc/day0_present_value_mpc_b25_sites78_xi_1.0_pee_6.2_constrained.tex,latex_table_cell,2,2,14.88,,
day0_present_value_mpc_b25_sites78_xi_1.0_pee_6.2_constrained_r2_c3,output/mpc/day0_present_value_mpc_b25_sites78_xi_1.0_pee_6.2_constrained.tex,latex_table_cell,2,3,419.10,,
day0_present_value_mpc_b25_sites78_xi_1.0_pee_6.2_constrained_r2_c4,output/mpc/day0_present_value_mpc_b25_sites78_xi_1.0_pee_6.2_constrained.tex,latex_table_cell,2,4,103.94,,
day0_present_value_mpc_b25_sites78_xi_1.0_pee_6.2_constrained_r2_c5,output/mpc/day0_present_value_mpc_b25_sites78_xi_1.0_pee_6.2_constrained.tex,latex_table_cell,2,5,-21.81,,
day0_present_value_mpc_b25_sites78_xi_1.0_pee_6.2_constrained_r2_c6,output/mpc/day0_present_value_mpc_b25_sites78_xi_1.0_pee_6.2_constrained.tex,latex_table_cell,2,6,516.12,,
day0_present_value_mpc_b25_sites78_xi_1.0_pee_6.5_unconstrained_r1_c1,output/mpc/day0_present_value_mpc_b25_sites78_xi_1.0_pee_6.5_unconstrained.tex,latex_table_cell,1,1,,,
day0_present_value_mpc_b25_sites78_xi_1.0_pee_6.5_unconstrained_r1_c2,output/mpc/day0_present_value_mpc_b25_sites78_xi_1.0_pee_6.5_unconstrained.tex,latex_table_cell,1,2,agricultural output value,,
day0_present_value_mpc_b25_sites78_xi_1.0_pee_6.5_unconstrained_r1_c3,output/mpc/day0_present_value_mpc_b25_sites78_xi_1.0_pee_6.5_unconstrained.tex,latex_table_cell,1,3,net transfers,,
day0_present_value_mpc_b25_sites78_xi_1.0_pee_6.5_unconstrained_r1_c4,output/mpc/day0_present_value_mpc_b25_sites78_xi_1.0_pee_6.5_unconstrained.tex,latex_table_cell,1,4,forest services,,
day0_present_value_mpc_b25_sites78_xi_1.0_pee_6.5_unconstrained_r1_c5,output/mpc/day0_present_value_mpc_b25_sites78_xi_1.0_pee_6.5_unconstrained.tex,latex_table_cell,1,5,adjustment costs,,
day0_present_value_mpc_b25_sites78_xi_1.0_pee_6.5_unconstrained_r1_c6,output/mpc/day0_present_value_mpc_b25_sites78_xi_1.0_pee_6.5_unconstrained.tex,latex_table_cell,1,6,planner value,,
day0_present_value_mpc_b25_sites78_xi_1.0_pee_6.5_unconstrained_r2_c1,output/mpc/day0_present_value_mpc_b25_sites78_xi_1.0_pee_6.5_unconstrained.tex,latex_table_cell,2,1,"b = 25, xi = 1.0",,
day0_present_value_mpc_b25_sites78_xi_1.0_pee_6.5_unconstrained_r2_c2,output/mpc/day0_present_value_mpc_b25_sites78_xi_1.0_pee_6.5_unconstrained.tex,latex_table_cell,2,2,14.81,,
day0_present_value_mpc_b25_sites78_xi_1.0_pee_6.5_unconstrained_r2_c3,output/mpc/day0_present_value_mpc_b25_sites78_xi_1.0_pee_6.5_unconstrained.tex,latex_table_cell,2,3,419.42,,
day0_present_value_mpc_b25_sites78_xi_1.0_pee_6.5_unconstrained_r2_c4,output/mpc/day0_present_value_mpc_b25_sites78_xi_1.0_pee_6.5_unconstrained.tex,latex_table_cell,2,4,109.05,,
day0_present_value_mpc_b25_sites78_xi_1.0_pee_6.5_unconstrained_r2_c5,output/mpc/day0_present_value_mpc_b25_sites78_xi_1.0_pee_6.5_unconstrained.tex,latex_table_cell,2,5,-22.00,,
day0_present_value_mpc_b25_sites78_xi_1.0_pee_6.5_unconstrained_r2_c6,output/mpc/day0_present_value_mpc_b25_sites78_xi_1.0_pee_6.5_unconstrained.tex,latex_table_cell,2,6,521.27,,
day0_present_value_mpc_b25_sites78_xi_10000.0_pee_6.7_constrained_r1_c1,output/mpc/day0_present_value_mpc_b25_sites78_xi_10000.0_pee_6.7_constrained.tex,latex_table_cell,1,1,,,
day0_present_value_mpc_b25_sites78_xi_10000.0_pee_6.7_constrained_r1_c2,output/mpc/day0_present_value_mpc_b25_sites78_xi_10000.0_pee_6.7_constrained.tex,latex_table_cell,1,2,agricultural output value,,
day0_present_value_mpc_b25_sites78_xi_10000.0_pee_6.7_constrained_r1_c3,output/mpc/day0_present_value_mpc_b25_sites78_xi_10000.0_pee_6.7_constrained.tex,latex_table_cell,1,3,net transfers,,
day0_present_value_mpc_b25_sites78_xi_10000.0_pee_6.7_constrained_r1_c4,output/mpc/day0_present_value_mpc_b25_sites78_xi_10000.0_pee_6.7_constrained.tex,latex_table_cell,1,4,forest services,,
day0_present_value_mpc_b25_sites78_xi_10000.0_pee_6.7_constrained_r1_c5,output/mpc/day0_present_value_mpc_b25_sites78_xi_10000.0_pee_6.7_constrained.tex,latex_table_cell,1,5,adjustment costs,,
day0_present_value_mpc_b25_sites78_xi_10000.0_pee_6.7_constrained_r1_c6,output/mpc/day0_present_value_mpc_b25_sites78_xi_10000.0_pee_6.7_constrained.tex,latex_table_cell,1,6,planner value,,
day0_present_value_mpc_b25_sites78_xi_10000.0_pee_6.7_constrained_r2_c1,output/mpc/day0_present_value_mpc_b25_sites78_xi_10000.0_pee_6.7_constrained.tex,latex_table_cell,2,1,"b = 25, xi = 10000.0",,
day0_present_value_mpc_b25_sites78_xi_10000.0_pee_6.7_constrained_r2_c2,output/mpc/day0_present_value_mpc_b25_sites78_xi_10000.0_pee_6.7_constrained.tex,latex_table_cell,2,2,14.72,,
day0_present_value_mpc_b25_sites78_xi_10000.0_pee_6.7_constrained_r2_c3,output/mpc/day0_present_value_mpc_b25_sites78_xi_10000.0_pee_6.7_constrained.tex,latex_table_cell,2,3,419.43,,
day0_present_value_mpc_b25_sites78_xi_10000.0_pee_6.7_constrained_r2_c4,output/mpc/day0_present_value_mpc_b25_sites78_xi_10000.0_pee_6.7_constrained.tex,latex_table_cell,2,4,112.41,,
day0_present_value_mpc_b25_sites78_xi_10000.0_pee_6.7_constrained_r2_c5,output/mpc/day0_present_value_mpc_b25_sites78_xi_10000.0_pee_6.7_constrained.tex,latex_table_cell,2,5,-22.05,,
day0_present_value_mpc_b25_sites78_xi_10000.0_pee_6.7_constrained_r2_c6,output/mpc/day0_present_value_mpc_b25_sites78_xi_10000.0_pee_6.7_constrained.tex,latex_table_cell,2,6,524.51,,
day0_present_value_mpc_b25_sites78_xi_10000.0_pee_6.9_unconstrained_r1_c1,output/mpc/day0_present_value_mpc_b25_sites78_xi_10000.0_pee_6.9_unconstrained.tex,latex_table_cell,1,1,,,
day0_present_value_mpc_b25_sites78_xi_10000.0_pee_6.9_unconstrained_r1_c2,output/mpc/day0_present_value_mpc_b25_sites78_xi_10000.0_pee_6.9_unconstrained.tex,latex_table_cell,1,2,agricultural output value,,
day0_present_value_mpc_b25_sites78_xi_10000.0_pee_6.9_unconstrained_r1_c3,output/mpc/day0_present_value_mpc_b25_sites78_xi_10000.0_pee_6.9_unconstrained.tex,latex_table_cell,1,3,net transfers,,
day0_present_value_mpc_b25_sites78_xi_10000.0_pee_6.9_unconstrained_r1_c4,output/mpc/day0_present_value_mpc_b25_sites78_xi_10000.0_pee_6.9_unconstrained.tex,latex_table_cell,1,4,forest services,,
day0_present_value_mpc_b25_sites78_xi_10000.0_pee_6.9_unconstrained_r1_c5,output/mpc/day0_present_value_mpc_b25_sites78_xi_10000.0_pee_6.9_unconstrained.tex,latex_table_cell,1,5,adjustment costs,,
day0_present_value_mpc_b25_sites78_xi_10000.0_pee_6.9_unconstrained_r1_c6,output/mpc/day0_present_value_mpc_b25_sites78_xi_10000.0_pee_6.9_unconstrained.tex,latex_table_cell,1,6,planner value,,
day0_present_value_mpc_b25_sites78_xi_10000.0_pee_6.9_unconstrained_r2_c1,output/mpc/day0_present_value_mpc_b25_sites78_xi_10000.0_pee_6.9_unconstrained.tex,latex_table_cell,2,1,"b = 25, xi = 10000.0",,
day0_present_value_mpc_b25_sites78_xi_10000.0_pee_6.9_unconstrained_r2_c2,output/mpc/day0_present_value_mpc_b25_sites78_xi_10000.0_pee_6.9_unconstrained.tex,latex_table_cell,2,2,14.68,,
day0_present_value_mpc_b25_sites78_xi_10000.0_pee_6.9_unconstrained_r2_c3,output/mpc/day0_present_value_mpc_b25_sites78_xi_10000.0_pee_6.9_unconstrained.tex,latex_table_cell,2,3,419.69,,
day0_present_value_mpc_b25_sites78_xi_10000.0_pee_6.9_unconstrained_r2_c4,output/mpc/day0_present_value_mpc_b25_sites78_xi_10000.0_pee_6.9_unconstrained.tex,latex_table_cell,2,4,115.83,,
day0_present_value_mpc_b25_sites78_xi_10000.0_pee_6.9_unconstrained_r2_c5,output/mpc/day0_present_value_mpc_b25_sites78_xi_10000.0_pee_6.9_unconstrained.tex,latex_table_cell,2,5,-22.21,,
day0_present_value_mpc_b25_sites78_xi_10000.0_pee_6.9_unconstrained_r2_c6,output/mpc/day0_present_value_mpc_b25_sites78_xi_10000.0_pee_6.9_unconstrained.tex,latex_table_cell,2,6,528.00,,
present_value_mpc_b0_sites78_xi_10000.0_pee_6.9_unconstrained_r1_c1,output/mpc/present_value_mpc_b0_sites78_xi_10000.0_pee_6.9_unconstrained.tex,latex_table_cell,1,1,,,
present_value_mpc_b0_sites78_xi_10000.0_pee_6.9_unconstrained_r1_c2,output/mpc/present_value_mpc_b0_sites78_xi_10000.0_pee_6.9_unconstrained.tex,latex_table_cell,1,2,agricultural output value,,
present_value_mpc_b0_sites78_xi_10000.0_pee_6.9_unconstrained_r1_c3,output/mpc/present_value_mpc_b0_sites78_xi_10000.0_pee_6.9_unconstrained.tex,latex_table_cell,1,3,net transfers,,
present_value_mpc_b0_sites78_xi_10000.0_pee_6.9_unconstrained_r1_c4,output/mpc/present_value_mpc_b0_sites78_xi_10000.0_pee_6.9_unconstrained.tex,latex_table_cell,1,4,forest services,,
present_value_mpc_b0_sites78_xi_10000.0_pee_6.9_unconstrained_r1_c5,output/mpc/present_value_mpc_b0_sites78_xi_10000.0_pee_6.9_unconstrained.tex,latex_table_cell,1,5,adjustment costs,,
present_value_mpc_b0_sites78_xi_10000.0_pee_6.9_unconstrained_r1_c6,output/mpc/present_value_mpc_b0_sites78_xi_10000.0_pee_6.9_unconstrained.tex,latex_table_cell,1,6,planner value,,
present_value_mpc_b0_sites78_xi_10000.0_pee_6.9_unconstrained_r2_c1,output/mpc/present_value_mpc_b0_sites78_xi_10000.0_pee_6.9_unconstrained.tex,latex_table_cell,2,1,b = 0,,
present_value_mpc_b0_sites78_xi_10000.0_pee_6.9_unconstrained_r2_c2,output/mpc/present_value_mpc_b0_sites78_xi_10000.0_pee_6.9_unconstrained.tex,latex_table_cell,2,2,3.31,,
present_value_mpc_b0_sites78_xi_10000.0_pee_6.9_unconstrained_r2_c3,output/mpc/present_value_mpc_b0_sites78_xi_10000.0_pee_6.9_unconstrained.tex,latex_table_cell,2,3,0.00,,
present_value_mpc_b0_sites78_xi_10000.0_pee_6.9_unconstrained_r2_c4,output/mpc/present_value_mpc_b0_sites78_xi_10000.0_pee_6.9_unconstrained.tex,latex_table_cell,2,4,-0.93,,
present_value_mpc_b0_sites78_xi_10000.0_pee_6.9_unconstrained_r2_c5,output/mpc/present_value_mpc_b0_sites78_xi_10000.0_pee_6.9_unconstrained.tex,latex_table_cell,2,5,0.05,,
present_value_mpc_b0_sites78_xi_10000.0_pee_6.9_unconstrained_r2_c6,output/mpc/present_value_mpc_b0_sites78_xi_10000.0_pee_6.9_unconstrained.tex,latex_table_cell,2,6,2.33,,
present_value_mpc_b10_sites78_xi_10000.0_pee_6.9_unconstrained_r1_c1,output/mpc/present_value_mpc_b10_sites78_xi_10000.0_pee_6.9_unconstrained.tex,latex_table_cell,1,1,,,
present_value_mpc_b10_sites78_xi_10000.0_pee_6.9_unconstrained_r1_c2,output/mpc/present_value_mpc_b10_sites78_xi_10000.0_pee_6.9_unconstrained.tex,latex_table_cell,1,2,agricultural output value,,
present_value_mpc_b10_sites78_xi_10000.0_pee_6.9_unconstrained_r1_c3,output/mpc/present_value_mpc_b10_sites78_xi_10000.0_pee_6.9_unconstrained.tex,latex_table_cell,1,3,net transfers,,
present_value_mpc_b10_sites78_xi_10000.0_pee_6.9_unconstrained_r1_c4,output/mpc/present_value_mpc_b10_sites78_xi_10000.0_pee_6.9_unconstrained.tex,latex_table_cell,1,4,forest services,,
present_value_mpc_b10_sites78_xi_10000.0_pee_6.9_unconstrained_r1_c5,output/mpc/present_value_mpc_b10_sites78_xi_10000.0_pee_6.9_unconstrained.tex,latex_table_cell,1,5,adjustment costs,,
present_value_mpc_b10_sites78_xi_10000.0_pee_6.9_unconstrained_r1_c6,output/mpc/present_value_mpc_b10_sites78_xi_10000.0_pee_6.9_unconstrained.tex,latex_table_cell,1,6,planner value,,
present_value_mpc_b10_sites78_xi_10000.0_pee_6.9_unconstrained_r2_c1,output/mpc/present_value_mpc_b10_sites78_xi_10000.0_pee_6.9_unconstrained.tex,latex_table_cell,2,1,b = 10,,
present_value_mpc_b10_sites78_xi_10000.0_pee_6.9_unconstrained_r2_c2,output/mpc/present_value_mpc_b10_sites78_xi_10000.0_pee_6.9_unconstrained.tex,latex_table_cell,2,2,0.62,,
present_value_mpc_b10_sites78_xi_10000.0_pee_6.9_unconstrained_r2_c3,output/mpc/present_value_mpc_b10_sites78_xi_10000.0_pee_6.9_unconstrained.tex,latex_table_cell,2,3,1.40,,
present_value_mpc_b10_sites78_xi_10000.0_pee_6.9_unconstrained_r2_c4,output/mpc/present_value_mpc_b10_sites78_xi_10000.0_pee_6.9_unconstrained.tex,latex_table_cell,2,4,0.96,,
present_value_mpc_b10_sites78_xi_10000.0_pee_6.9_unconstrained_r2_c5,output/mpc/present_value_mpc_b10_sites78_xi_10000.0_pee_6.9_unconstrained.tex,latex_table_cell,2,5,0.10,,
present_value_mpc_b10_sites78_xi_10000.0_pee_6.9_unconstrained_r2_c6,output/mpc/present_value_mpc_b10_sites78_xi_10000.0_pee_6.9_unconstrained.tex,latex_table_cell,2,6,2.88,,
present_value_mpc_b15_sites78_xi_10000.0_pee_6.9_unconstrained_r1_c1,output/mpc/present_value_mpc_b15_sites78_xi_10000.0_pee_6.9_unconstrained.tex,latex_table_cell,1,1,,,
present_value_mpc_b15_sites78_xi_10000.0_pee_6.9_unconstrained_r1_c2,output/mpc/present_value_mpc_b15_sites78_xi_10000.0_pee_6.9_unconstrained.tex,latex_table_cell,1,2,agricultural output value,,
present_value_mpc_b15_sites78_xi_10000.0_pee_6.9_unconstrained_r1_c3,output/mpc/present_value_mpc_b15_sites78_xi_10000.0_pee_6.9_unconstrained.tex,latex_table_cell,1,3,net transfers,,
present_value_mpc_b15_sites78_xi_10000.0_pee_6.9_unconstrained_r1_c4,output/mpc/present_value_mpc_b15_sites78_xi_10000.0_pee_6.9_unconstrained.tex,latex_table_cell,1,4,forest services,,
present_value_mpc_b15_sites78_xi_10000.0_pee_6.9_unconstrained_r1_c5,output/mpc/present_value_mpc_b15_sites78_xi_10000.0_pee_6.9_unconstrained.tex,latex_table_cell,1,5,adjustment costs,,
present_value_mpc_b15_sites78_xi_10000.0_pee_6.9_unconstrained_r1_c6,output/mpc/present_value_mpc_b15_sites78_xi_10000.0_pee_6.9_unconstrained.tex,latex_table_cell,1,6,planner value,,
present_value_mpc_b15_sites78_xi_10000.0_pee_6.9_unconstrained_r2_c1,output/mpc/present_value_mpc_b15_sites78_xi_10000.0_pee_6.9_unconstrained.tex,latex_table_cell,2,1,b = 15,,
present_value_mpc_b15_sites78_xi_10000.0_pee_6.9_unconstrained_r2_c2,output/mpc/present_value_mpc_b15_sites78_xi_10000.0_pee_6.9_unconstrained.tex,latex_table_cell,2,2,0.28,,
present_value_mpc_b15_sites78_xi_10000.0_pee_6.9_unconstrained_r2_c3,output/mpc/present_value_mpc_b15_sites78_xi_10000.0_pee_6.9_unconstrained.tex,latex_table_cell,2,3,2.40,,
present_value_mpc_b15_sites78_xi_10000.0_pee_6.9_unconstrained_r2_c4,output/mpc/present_value_mpc_b15_sites78_xi_10000.0_pee_6.9_unconstrained.tex,latex_table_cell,2,4,1.10,,
present_value_mpc_b15_sites78_xi_10000.0_pee_6.9_unconstrained_r2_c5,output/mpc/present_value_mpc_b15_sites78_xi_10000.0_pee_6.9_unconstrained.tex,latex_table_cell,2,5,0.15,,
present_value_mpc_b15_sites78_xi_10000.0_pee_6.9_unconstrained_r2_c6,output/mpc/present_value_mpc_b15_sites78_xi_10000.0_pee_6.9_unconstrained.tex,latex_table_cell,2,6,3.63,,
present_value_mpc_b25_sites78_xi_10000.0_pee_6.9_unconstrained_r1_c1,output/mpc/present_value_mpc_b25_sites78_xi_10000.0_pee_6.9_unconstrained.tex,latex_table_cell,1,1,,,
present_value_mpc_b25_sites78_xi_10000.0_pee_6.9_unconstrained_r1_c2,output/mpc/present_value_mpc_b25_sites78_xi_10000.0_pee_6.9_unconstrained.tex,latex_table_cell,1,2,agricultural output value,,
present_value_mpc_b25_sites78_xi_10000.0_pee_6.9_unconstrained_r1_c3,output/mpc/present_value_mpc_b25_sites78_xi_10000.0_pee_6.9_unconstrained.tex,latex_table_cell,1,3,net transfers,,
present_value_mpc_b25_sites78_xi_10000.0_pee_6.9_unconstrained_r1_c4,output/mpc/present_value_mpc_b25_sites78_xi_10000.0_pee_6.9_unconstrained.tex,latex_table_cell,1,4,forest services,,
present_value_mpc_b25_sites78_xi_10000.0_pee_6.9_unconstrained_r1_c5,output/mpc/present_value_mpc_b25_sites78_xi_10000.0_pee_6.9_unconstrained.tex,latex_table_cell,1,5,adjustment costs,,
present_value_mpc_b25_sites78_xi_10000.0_pee_6.9_unconstrained_r1_c6,output/mpc/present_value_mpc_b25_sites78_xi_10000.0_pee_6.9_unconstrained.tex,latex_table_cell,1,6,planner value,,
present_value_mpc_b25_sites78_xi_10000.0_pee_6.9_unconstrained_r2_c1,output/mpc/present_value_mpc_b25_sites78_xi_10000.0_pee_6.9_unconstrained.tex,latex_table_cell,2,1,b = 25,,
present_value_mpc_b25_sites78_xi_10000.0_pee_6.9_unconstrained_r2_c2,output/mpc/present_value_mpc_b25_sites78_xi_10000.0_pee_6.9_unconstrained.tex,latex_table_cell,2,2,0.14,,
present_value_mpc_b25_sites78_xi_10000.0_pee_6.9_unconstrained_r2_c3,output/mpc/present_value_mpc_b25_sites78_xi_10000.0_pee_6.9_unconstrained.tex,latex_table_cell,2,3,4.20,,
present_value_mpc_b25_sites78_xi_10000.0_pee_6.9_unconstrained_r2_c4,output/mpc/present_value_mpc_b25_sites78_xi_10000.0_pee_6.9_unconstrained.tex,latex_table_cell,2,4,1.16,,
present_value_mpc_b25_sites78_xi_10000.0_pee_6.9_unconstrained_r2_c5,output/mpc/present_value_mpc_b25_sites78_xi_10000.0_pee_6.9_unconstrained.tex,latex_table_cell,2,5,0.22,,
present_value_mpc_b25_sites78_xi_10000.0_pee_6.9_unconstrained_r2_c6,output/mpc/present_value_mpc_b25_sites78_xi_10000.0_pee_6.9_unconstrained.tex,latex_table_cell,2,6,5.28,,
