1.889855110655215054e+00,5.155670591796419622e-01,6.315210837031520752e-01,4.338650425407549194e-01,1.891208567646561312e+00,9.538490320044544779e-01,3.365047024031508460e+00,2.400952266919204714e+00,2.145516655170915943e+00,3.098417811260615551e+00,4.200431160915515605e+00,2.420392362609772086e+00,9.429181430498978500e-01,3.643292783595649453e+00,3.713040269533752546e+00,2.830884698544899436e+00,3.511466172923987106e+00,4.372924906967555536e+00,3.748873637042389628e+00,3.698210849213227736e+00,3.024859830137546446e+00,8.545085630582675007e-01,3.553572848414352503e-01,1.301027316504484999e+00,4.163600133104297996e+00,3.757055898405157190e+00,3.551633653850543304e+00,3.055152538972842002e+00,3.336234306636050029e+00,2.953521734076365757e+00,3.656462271988428103e+00,3.440124852529627297e+00,2.094965545714008393e+00,1.127075159906467450e+00,1.195233827398612947e-01,2.968195890857913355e+00,5.045324139435408028e+00,4.583390380896503302e+00,4.341215179235213384e+00,3.848734454473882405e+00,3.789789700550484586e+00,4.367781681985693609e+00,4.548741759781650629e+00,4.195799600543858254e+00,2.552799272631493199e+00,6.223393868602107304e-01,2.719151895272453046e-01,4.290956186846480946e+00,5.392090933694002608e+00,4.879683979764311452e+00,4.379528084815000000e+00,3.441118076516969104e+00,3.966130493895582809e+00,4.071534200364653522e+00,3.598597032885545222e+00,3.883245069957321771e+00,1.278777121423055219e+00,1.359084721028384901e-01,7.252484414373235877e-01,2.951911122947802557e+00,1.718408165564703882e+00,1.878514207222545362e+00,1.960140679710580924e+00,3.643057894610690184e+00,2.262215408570966702e+00,1.584740183231113875e+00,2.148563461687405862e+00,4.870276006065839547e-01,2.214916676959147734e-01,8.649199052634589657e-01,1.140285982698861611e+00,8.133352375585671812e-01,8.367992796450678394e-01,1.187809926752265488e+00,1.079502240932837254e-01,2.283641724157404185e-01,2.779585784150652161e-01,3.289546174761724673e-02
1.889855110654865333e+00,5.155670591793191093e-01,6.315210837028115698e-01,4.341677028442293418e-01,1.891208567646227356e+00,9.538490320041133064e-01,3.365047024031163403e+00,2.400952266918869871e+00,2.145516655170561560e+00,3.098417811260260724e+00,4.200431160915151452e+00,2.420392362609426140e+00,9.434157629313075777e-01,3.643292783595310169e+00,3.713040269533410598e+00,2.830884698544567701e+00,3.511466172923645157e+00,4.372924906967203817e+00,3.748873637042041462e+00,3.698210849212877349e+00,3.024859830137202721e+00,8.545085630579496438e-01,3.553572848411291618e-01,1.301027316504128839e+00,4.163600133103948053e+00,3.757055898404812577e+00,3.551633653850202244e+00,3.055152538972504939e+00,3.336234306635704527e+00,2.953521734076022032e+00,3.656462271988072832e+00,3.440124852529272914e+00,2.094965545713668664e+00,1.127075159906149260e+00,1.195233827395752180e-01,2.968195890857546981e+00,5.045324139435045652e+00,4.583390380896147143e+00,4.341215179234854560e+00,3.848734454473522693e+00,3.789789700550139528e+00,4.367781681985340114e+00,4.548741759781290916e+00,4.195799600543502983e+00,2.552799272631141925e+00,6.223393868598507961e-01,2.719151895268930863e-01,4.290956186846113241e+00,5.392090933693634014e+00,4.879683979763948187e+00,4.379528084814644728e+00,3.441118076516621826e+00,3.966130493895230202e+00,4.071534200364302691e+00,3.598597032885195723e+00,3.883245069956975826e+00,1.278777121422722818e+00,1.359084721024785281e-01,7.252484414369435584e-01,2.951911122947429966e+00,1.718408165564344392e+00,1.878514207222188759e+00,1.960140679710230982e+00,3.643057894610336689e+00,2.262215408570623421e+00,1.584740183230755273e+00,2.148563461687074128e+00,4.870276006062626006e-01,2.214916676955668573e-01,8.649199052630696105e-01,1.140285982698475031e+00,8.133352375581957006e-01,8.367992796444874148e-01,1.187809926751926204e+00,1.079502240929824386e-01,9.533877447112490411e-02,2.779585784143408511e-01,3.289546174717737637e-02
1.890007006002991208e+00,5.183753174519962759e-01,6.317412044561830919e-01,4.341677028422410434e-01,1.891237805107945924e+00,9.539382359103003584e-01,3.365270430922723044e+00,2.400952266923834344e+00,2.145717707119329187e+00,3.098490248633742450e+00,4.200549066944403442e+00,2.423315053087431892e+00,9.434157629292734271e-01,3.643343451525313803e+00,3.713232454830684315e+00,2.831448709145417464e+00,3.511466172931104079e+00,4.373176279745177197e+00,3.758186743900484572e+00,3.707962548994392371e+00,3.027282566689708521e+00,8.545085630587153647e-01,3.553572848410359031e-01,1.301475608870271694e+00,4.164411191756873798e+00,3.757964358532184690e+00,3.552342126617743734e+00,3.055152538977561782e+00,3.343419851551012734e+00,2.972190311956871334e+00,3.686534571281953276e+00,3.481783853724069733e+00,2.094965545714214006e+00,1.127075159906118396e+00,1.195233827393545611e-01,2.968253030105998835e+00,5.046031921835581358e+00,4.583789433788717282e+00,4.341215179235347499e+00,3.848734454473529798e+00,3.789789700571016606e+00,4.369681401817540944e+00,4.561866491351411312e+00,4.211473035823373401e+00,2.552799272631694372e+00,6.223393868595853418e-01,2.719151895266022634e-01,4.299005309603806779e+00,5.400430561523209327e+00,4.892175227501824430e+00,4.379528084836433521e+00,3.441118076520464086e+00,3.977856463150618804e+00,4.071534200374141932e+00,3.598597032897528969e+00,3.883245069965385987e+00,1.278777121422611796e+00,1.359084721021521502e-01,7.253315361801395689e-01,2.955011947641847936e+00,1.718408165566884804e+00,1.878514207243907830e+00,1.960140679711151579e+00,3.645747265582524044e+00,2.262215408571617292e+00,1.584740183230526567e+00,2.148563461687028386e+00,4.870276006060601515e-01,2.214916676968865239e-01,8.649199052627675188e-01,1.140285982698165723e+00,8.133352375579163684e-01,8.367992796439152059e-01,1.187809926751680845e+00,1.079502240927577433e-01,1.899064625536119044e-02,2.779585784135968907e-01,3.289546174675816309e-02
1.890152064936562182e+00,5.210571841375152280e-01,6.319514181462008162e-01,4.341677028407295857e-01,1.891265726671202074e+00,9.540234249828438706e-01,3.365483782852806360e+00,2.414507106308188433e+00,2.145909710243817603e+00,3.098559425790676336e+00,4.200661666329568611e+00,2.426106200827099268e+00,9.434157629277288848e-01,3.643391839026369983e+00,3.713415990368182484e+00,2.831987335361762170e+00,3.512976619626831276e+00,4.373416338887525789e+00,3.767080691907376266e+00,3.717275349988990119e+00,3.029596262138626095e+00,8.545085630658539877e-01,3.553572848413205643e-01,1.301903724758334935e+00,4.165185746762998242e+00,3.758831931223358236e+00,3.553018712870913642e+00,3.061681022293171850e+00,3.350281993677644898e+00,2.990018665429102107e+00,3.715253394156166511e+00,3.521567891009449447e+00,2.094965545717554889e+00,1.127075159906625101e+00,1.195233827392311599e-01,2.968307597666869579e+00,5.046707848783110073e+00,4.584170526372737697e+00,4.341215179237897459e+00,3.848734454474143085e+00,3.792158594930918003e+00,4.371495620179144836e+00,4.574400512696410459e+00,4.226441050319300174e+00,2.552799272634775907e+00,6.223393868594456757e-01,2.719151895263914875e-01,4.306692162163917814e+00,5.408394844272250701e+00,4.904104276487908365e+00,4.383619882911441223e+00,3.457415110273125869e+00,3.989054676862840321e+00,4.075392056607515912e+00,3.619033926335092577e+00,3.886083674324354753e+00,1.278777121422857821e+00,1.359084721018685993e-01,7.254108910451765313e-01,2.957973212237978267e+00,1.758514379567680752e+00,1.906811898112652504e+00,1.960140679717410128e+00,3.680039330363865879e+00,2.262215408579268505e+00,1.584740183230476829e+00,2.148563461687483578e+00,4.870276006060348939e-01,2.214916677090870978e-01,8.649199052625743400e-01,1.140285982697952782e+00,8.133352375577562743e-01,8.367992796433511016e-01,1.187809926751565825e+00,1.079502240926454165e-01,1.935048579704279348e-10,2.779585784128309478e-01,3.289546174636340942e-02
1.890290595143497177e+00,5.236183469413806524e-01,6.321521706625210513e-01,4.341677028394146376e-01,1.891292391558457409e+00,9.541047799166212373e-01,3.365687532365624790e+00,2.427451877429804838e+00,2.146093071805469155e+00,3.098625489463532556e+00,4.200769197908177155e+00,2.428771726225665617e+00,9.434157629263854039e-01,3.643438048732210000e+00,3.713591265446854806e+00,2.832501719407780616e+00,3.514419085027530532e+00,4.373645593589724712e+00,3.775574346315547558e+00,3.726169005894591546e+00,3.031805824139704342e+00,8.667636218134822101e-01,3.553572848422961727e-01,1.302312572258175427e+00,4.165925441052850786e+00,3.759660456712604848e+00,3.553664847728541520e+00,3.067915675462711711e+00,3.356835288534212314e+00,3.007044610817024122e+00,3.742679657081084965e+00,3.559561351659449535e+00,2.094965545735582246e+00,1.127075159908180524e+00,1.195233827392562925e-01,2.968359709283800107e+00,5.047353354007630521e+00,4.584534466968056776e+00,4.341215179246149525e+00,3.848734454475776445e+00,3.794420871485488345e+00,4.373228185265535473e+00,4.586370410154528621e+00,4.240735393191764402e+00,2.552799272647740203e+00,6.223393868594756517e-01,2.719151895262887919e-01,4.314033049369530914e+00,5.416000675251136265e+00,4.915496429829462777e+00,4.387527519740987536e+00,3.472978656689912125e+00,3.999748887936488195e+00,4.079076280713278102e+00,3.638551008053396707e+00,3.888794520446623881e+00,1.278777121423687380e+00,1.359084721016443897e-01,7.254866743535444140e-01,2.960801197973445209e+00,1.799595614671146260e+00,1.933835983097805356e+00,2.011555554202098861e+00,3.712787997992462952e+00,2.323691276296674602e+00,1.584740183230676447e+00,2.148563461688839382e+00,4.870276006062762564e-01,2.223858067643435521e-01,8.649199052625196060e-01,1.140285982697863298e+00,8.133352375577530546e-01,8.367992796428048718e-01,1.187809926751635325e+00,1.079502240927017742e-01,1.469624707050246411e-10,2.779585784120622294e-01,3.289546174600394002e-02
1.890422890464538375e+00,5.260642384316629450e-01,6.323438878277173325e-01,4.341677028382151526e-01,1.891317856328782021e+00,9.541824732758042993e-01,3.365882111640491559e+00,2.439814037880268849e+00,2.146268180738101439e+00,3.098688579781812003e+00,4.200871889768862388e+00,2.431317283219522896e+00,9.434157629251598287e-01,3.643482178659270598e+00,3.713758651848090508e+00,2.832992952359238092e+00,3.515796628792549061e+00,4.373864530131219119e+00,3.783685723304101245e+00,3.734662381347370719e+00,3.033915939469639333e+00,8.784671120723088755e-01,3.553572848447869026e-01,1.302703018589787876e+00,4.166631843616372954e+00,3.760451692412861036e+00,3.554281901728102877e+00,3.073869723017813804e+00,3.363093636536901965e+00,3.023304262432839451e+00,3.768871534836820025e+00,3.595844824897395320e+00,2.149370052885351434e+00,1.127075159912349411e+00,1.195233827395172088e-01,2.968409475492123306e+00,5.047969806711822827e+00,4.584882027539677551e+00,4.341215179278908209e+00,3.848734454479366018e+00,3.796581328824127688e+00,4.374882772078666271e+00,4.597801573482720450e+00,4.254386384657594888e+00,2.576262032575749039e+00,6.223393868597395517e-01,2.719151895263317020e-01,4.321043542226151501e+00,5.423264187446784845e+00,4.926375851810173678e+00,4.391259283943787395e+00,3.487841728132685226e+00,4.009961780225943073e+00,4.082594687421376989e+00,3.657189676396515932e+00,3.891383358397030090e+00,1.278777121425576091e+00,1.359084721014981179e-01,7.255590468515434877e-01,2.963501903384705649e+00,1.838827889627922874e+00,1.959643783903891823e+00,2.094894086949007583e+00,3.744062732780710778e+00,2.382400274217575387e+00,1.584740183231238442e+00,2.148563461692143850e+00,4.870276006069469421e-01,2.232397029490154894e-01,8.649199052626415085e-01,1.140285982697931022e+00,8.133352375579590010e-01,8.367992796422814017e-01,1.187809926751973499e+00,1.079502240930224205e-01,1.283496529043752084e-10,2.779585784113017821e-01,3.289546174568869913e-02
1.890549231515622042e+00,5.284000466716726185e-01,6.325269762994168987e-01,4.341677028370889979e-01,1.891342174996087699e+00,9.542566698581977924e-01,3.366067933405852752e+00,2.451619809458459365e+00,2.146435408470972472e+00,3.098748830568357260e+00,4.200969959734705661e+00,2.433748271276189534e+00,9.434157629240096377e-01,3.643524322412820204e+00,3.713918504620661754e+00,2.833462076186571199e+00,3.517112172876070808e+00,4.374073612905545971e+00,3.791432028190884651e+00,3.742773491935224239e+00,3.035931083965729638e+00,8.896438585041425151e-01,3.553572848573419152e-01,1.303075891942023778e+00,4.167306452827795660e+00,3.761207316640851062e+00,3.554871183723455452e+00,3.079555794290714577e+00,3.369070312480594520e+00,3.038832109177350471e+00,3.793884583907463526e+00,3.630495272834437959e+00,2.201325953895910459e+00,1.165290692626754554e+00,1.195233827402240046e-01,2.968457001852458532e+00,5.048558514474322578e+00,4.585213945309594585e+00,4.341472759331117537e+00,3.848734454489402879e+00,3.798644549565814099e+00,4.376462890218664192e+00,4.608718249710847203e+00,4.267422980299591551e+00,2.639807110028549175e+00,6.223393868603518397e-01,2.719151895265796703e-01,4.327738510928840654e+00,5.430200787742257340e+00,4.936765619142343020e+00,4.394823091091232037e+00,3.502035851167282665e+00,4.019715016644630268e+00,4.085954739743273834e+00,3.674989466478156608e+00,3.893855679447100648e+00,1.278777121430335617e+00,1.359084721014538200e-01,7.256281620508199248e-01,2.966081057029827939e+00,1.876294421347361574e+00,1.984290042335756121e+00,2.174481767866701443e+00,3.773929872633540406e+00,2.438466931971404517e+00,1.584740183232395072e+00,2.148563461707394318e+00,4.870276006084763298e-01,2.240551674800401183e-01,8.649199052629968909e-01,1.140285982698205913e+00,8.133352375584601557e-01,8.367992796417831336e-01,1.187809926752752876e+00,1.079502240938341739e-01,1.165085735239067223e-10,2.779585784105503277e-01,3.289546174542518076e-02
1.890669886282944745e+00,5.306307262235960831e-01,6.327018244326999552e-01,4.341677028360140800e-01,1.891365399143362103e+00,9.543275270445601421e-01,3.366245391814413956e+00,2.462894233788270881e+00,2.146595109716361804e+00,3.098806369623049228e+00,4.201063615825171738e+00,2.436069846847166875e+00,9.434157629229124042e-01,3.643564569385272289e+00,3.714071162833589845e+00,2.833910085964028713e+00,3.518368507723022454e+00,4.374273285405165801e+00,3.798829691926977947e+00,3.750519542411086871e+00,3.037855532019489768e+00,9.003175684836786097e-01,3.694115813018076233e-01,1.303431983229150548e+00,4.167950699623512278e+00,3.761928932176703100e+00,3.555433943660482488e+00,3.084985950200450855e+00,3.374777993696095546e+00,3.053661087695219489e+00,3.817771860323528443e+00,3.663586193716222628e+00,2.250943454163958357e+00,1.219706825862020061e+00,1.195233827418662742e-01,2.968502389174472622e+00,5.049120726023099692e+00,4.585530924319570545e+00,4.341718746379556571e+00,3.848734454520705395e+00,3.800614910077979580e+00,4.377971891327750775e+00,4.619143594572719280e+00,4.279872832484773681e+00,2.700492187878876571e+00,6.223393868614954805e-01,2.719151895271189612e-01,4.334132156403706304e+00,5.436825189596703467e+00,4.946687769915261157e+00,4.398226500495646896e+00,3.515591133430985060e+00,4.029029285114412495e+00,4.089163564799951800e+00,3.691988134039129399e+00,3.896216727720788864e+00,1.278777121442973508e+00,1.359084721015424158e-01,7.256941665538979569e-01,2.968544129639363760e+00,1.912074681364304585e+00,2.007827036411508725e+00,2.250487413083418708e+00,3.802452769758614348e+00,2.492010174450519866e+00,1.584740183234590649e+00,2.172290760342673543e+00,4.870276006119702572e-01,2.248339300633675486e-01,8.649199052636614704e-01,1.140285982698753253e+00,8.133352375593821959e-01,8.367992796413119549e-01,1.187809926754298084e+00,1.079502240956560638e-01,1.077322467634950628e-10,2.779585784098089762e-01,3.289546174522121891e-02
1.890785110691376447e+00,5.327610086577072579e-01,6.328688031038307571e-01,4.341677028349774092e-01,1.891387578032042827e+00,9.543951951324021188e-01,3.366414863279153735e+00,2.473661225435098920e+00,2.146747623221927359e+00,3.098861318993868075e+00,4.201153056697336297e+00,2.438286934305442966e+00,9.434157629218550278e-01,3.643603004945770163e+00,3.714216950295329944e+00,2.834337931980269953e+00,3.519568298187842004e+00,4.374463971162140474e+00,3.805894405948906822e+00,3.757916963186495263e+00,3.039693365643177714e+00,9.105108823801540963e-01,3.828333303727829984e-01,1.303772047768465558e+00,4.168565950537243658e+00,3.762618069663621334e+00,3.555971375228334619e+00,3.090171708835526498e+00,3.380228786940409957e+00,3.067822652237973013e+00,3.840584032200862197e+00,3.695187777822487529e+00,2.298327799057818144e+00,1.271673829678728440e+00,1.195233827508084407e-01,2.968545733730690195e+00,5.049657633884151231e+00,4.585833636924413703e+00,4.341953662190842778e+00,3.849569098993680605e+00,3.802496589759256640e+00,4.379412976199482443e+00,4.629099721622488950e+00,4.291762349018713785e+00,2.758445987309642966e+00,6.223393868636317716e-01,2.719151895281258224e-01,4.340238040429941435e+00,5.443151444254554328e+00,4.956163350340896834e+00,4.401476731244467366e+00,3.528536327494569136e+00,4.037924342447387183e+00,4.092227968939343263e+00,3.708221735532200913e+00,3.898471511317816329e+00,1.326672669229538526e+00,1.359084721018149478e-01,7.257572003651256987e-01,2.970896345720472009e+00,1.946244564406745647e+00,2.030304691251068050e+00,2.323072240761349772e+00,3.829691925044731882e+00,2.543143574049853139e+00,1.584740183239640388e+00,2.197050814889132120e+00,4.879000911070807134e-01,2.255776425579297806e-01,8.649199052647676966e-01,1.140285982699687617e+00,8.133352375609883556e-01,8.367992796408705303e-01,1.187809926757893875e+00,1.079502241041580407e-01,1.007085706161518413e-10,2.779585784090787826e-01,3.289546174508711784e-02
1.890895149147282961e+00,5.347954125885662213e-01,6.330282664969044681e-01,4.341677028339702704e-01,1.891408758706455195e+00,9.544598176547467450e-01,3.366576707271696112e+00,2.483943622631645365e+00,2.146893272489188487e+00,3.098913795235741730e+00,4.201238472067238661e+00,2.440404236390722570e+00,9.434157629208285156e-01,3.643639710621228378e+00,3.714356176240571461e+00,2.834746521753951143e+00,3.520714089186808948e+00,4.374646074646462601e+00,3.812641155462234810e+00,3.764981445182664643e+00,3.041448483128251556e+00,9.202454215785768055e-01,3.956510012293005252e-01,1.304096806882399928e+00,4.169153510598585299e+00,3.763276190854536463e+00,3.556484618391327235e+00,3.095124069885121010e+00,3.385434254076738814e+00,3.081346841382634594e+00,3.862369487214466712e+00,3.725367056350010309e+00,2.343579497124912425e+00,1.321301933042566379e+00,1.222108831255034750e-01,2.968587127460669883e+00,5.050170376910975811e+00,4.586122725218015894e+00,4.342178005050582712e+00,3.850366178283476160e+00,3.804293579904393319e+00,4.380789201567995228e+00,4.638607749140435388e+00,4.303116749159969778e+00,2.813791436097870413e+00,6.223393868674507168e-01,2.719151895298189681e-01,4.346069114406144962e+00,5.449192970550081228e+00,4.965212459395668354e+00,4.404580677512723419e+00,3.540898891850036811e+00,4.046419056252657853e+00,4.095154452173316528e+00,3.723724704602489499e+00,3.900624812936338781e+00,1.372412562273335856e+00,1.359084721023266773e-01,7.258173971876273889e-01,2.973142694638772010e+00,1.978876549377459160e+00,2.051770684973862835e+00,2.392390213050826109e+00,3.855705116392186049e+00,2.591975591564963821e+00,1.584740183252371537e+00,2.220696483413519218e+00,5.146191169734510851e-01,2.262878824770750141e-01,8.649199052664652276e-01,1.140285982701136458e+00,8.133352375636109244e-01,8.367992796404608580e-01,1.187809926766783875e+00,1.125438728137644756e-01,9.482195831925457859e-11,2.779585784083601907e-01,3.289546174503182874e-02
1.891000235056945256e+00,5.367382532596103317e-01,6.331805528551200934e-01,4.341677028329866683e-01,1.891428986093602216e+00,9.545215316845848674e-01,3.366731267084796198e+00,2.493763235720877436e+00,2.147032366459719288e+00,3.098963909657776128e+00,4.201320043112300340e+00,2.442426244184570550e+00,9.434157629198269834e-01,3.643674764269263289e+00,3.714489135986167145e+00,2.835136721958696704e+00,3.521808311096159549e+00,4.374819982123993256e+00,3.819084251227196525e+00,3.771727973113036647e+00,3.043124607314169339e+00,9.295418343415471352e-01,4.078917818682585295e-01,1.304406949428539964e+00,4.169714626101147736e+00,3.763904691712682382e+00,3.556974761806960483e+00,3.099853537970908679e+00,3.390405436598744160e+00,3.094262341747578748e+00,3.883174435235245525e+00,3.754188043594766544e+00,2.386794533283532971e+00,1.368696403813391083e+00,1.247774261092140513e-01,2.968626658166023446e+00,5.050660042700237717e+00,4.586398802395327046e+00,4.342392250819359312e+00,3.851127383098452928e+00,3.806009692170333025e+00,4.382103486591753416e+00,4.647687844927668621e+00,4.313960117113516013e+00,2.866645929360294165e+00,6.223393868747743030e-01,2.719151895326087920e-01,4.351637746821972463e+00,5.454962583370535079e+00,4.973854291453069898e+00,4.407544923186510033e+00,3.552705049153761063e+00,4.054531444957062192e+00,4.097949221965075495e+00,3.738529925125847697e+00,3.902681200017693364e+00,1.416093821016875642e+00,1.359084721031604825e-01,7.258748847069043109e-01,2.975287941201452568e+00,2.010039853091448947e+00,2.072270549830518949e+00,2.458588362664466676e+00,3.880547521267438515e+00,2.638609806251837941e+00,1.627933513987238845e+00,2.243277921546957376e+00,5.401355885944145729e-01,2.269661563346381250e-01,8.649199052689940936e-01,1.140285982703301837e+00,8.133352375678929436e-01,8.367992796400819389e-01,1.187809926890890377e+00,1.175259052888173866e-01,8.973419789866174442e-11,2.779585784076539778e-01,3.289546174506576687e-02
1.891100591321638769e+00,5.385936516963437670e-01,6.333259851982326882e-01,4.341677028320219955e-01,1.891448303098449024e+00,9.545804681256154778e-01,3.366878870560503945e+00,2.503140893418651647e+00,2.147165200170442656e+00,3.099011768559350344e+00,4.201397942855622958e+00,2.444357246636591263e+00,9.434157629188454353e-01,3.643708240243328955e+00,3.714616111557531131e+00,2.835509360261408318e+00,3.522853284907205840e+00,4.374986062475777260e+00,3.825237359913726376e+00,3.778170857267859617e+00,3.044725293485022632e+00,9.384198396068305081e-01,4.195816366260082253e-01,1.304703133260780357e+00,4.170250487246102367e+00,3.764504905372607180e+00,3.557442845135089460e+00,3.104370144928734643e+00,3.395152879051023476e+00,3.106596548840680594e+00,3.903043006347321153e+00,3.781711872734820457e+00,2.428064572419181832e+00,1.413957772017597758e+00,1.272284556344551454e-01,2.968664409696646356e+00,5.051127669898694883e+00,4.586662454052995663e+00,4.342596853940809076e+00,3.851854328054751697e+00,3.807648566661217870e+00,4.383358619045461424e+00,4.656359269084730634e+00,4.324315453116555297e+00,2.917121578563265150e+00,6.223393868894447900e-01,2.719151895371230698e-01,4.356955749493353736e+00,5.460472520838237642e+00,4.982107176997495834e+00,4.410375755828262356e+00,3.563979841848199825e+00,4.062278716024659175e+00,4.100618206395982845e+00,3.752668800959940487e+00,3.904645034434521378e+00,1.457809099265351405e+00,1.359084721044251931e-01,7.259297848616687032e-01,2.977336635764062045e+00,2.039800577093946021e+00,2.091847768782834294e+00,2.521807104752866735e+00,3.904271833741898234e+00,2.683145135532111425e+00,1.686844771737039395e+00,2.264843027546555199e+00,5.645036298167919186e-01,2.276139028402533737e-01,8.649199052726902481e-01,1.140285982706463086e+00,8.133352375748451601e-01,8.367992796397374367e-01,1.204121770544552161e+00,1.222837093715623824e-01,8.523941300354643177e-11,2.779585784069608101e-01,3.289546174519993038e-02
1.891196430810434315e+00,5.403655434475815866e-01,6.334648720077190598e-01,4.341677028310729769e-01,1.891466750694926979e+00,9.546367519899077170e-01,3.367019830785552781e+00,2.512096486994205069e+00,2.147292055379440789e+00,3.099057473455587797e+00,4.201472336532988017e+00,2.446201339661862928e+00,9.434157629178805404e-01,3.643740209550431874e+00,3.714737372286850192e+00,2.835865227077853934e+00,3.523851227149461085e+00,4.375144667980483071e+00,3.831113533090295675e+00,3.784323763868229662e+00,3.046253936910765514e+00,9.468982688138377624e-01,4.307453612515658725e-01,1.304985986624718874e+00,4.170762230666754000e+00,3.765078104967929828e+00,3.557889861243179297e+00,3.108683471087473116e+00,3.399686651395498860e+00,3.118375625168858356e+00,3.922017344453859966e+00,3.807996925501990759e+00,2.467477153817995816e+00,1.457182043085317069e+00,1.295691706614137684e-01,2.968700462128573747e+00,5.051574250406306810e+00,4.586914239431496121e+00,4.342792248405388911e+00,3.852548555099553962e+00,3.809213679649531947e+00,4.384557261233303471e+00,4.664640414864852147e+00,4.334204722225103446e+00,2.965325449326074558e+00,6.503339658627754760e-01,2.719151895454375856e-01,4.362034402616938422e+00,5.465734470269278944e+00,4.989988621505652588e+00,4.413079180013506075e+00,3.574747185280262141e+00,4.069677302456058854e+00,4.103167066739811908e+00,3.766171322556025824e+00,3.906520481742874473e+00,1.497646880716442919e+00,1.359084721063332224e-01,7.259822141024910858e-01,2.979293123882420069e+00,2.068221847870619357e+00,2.110543867736961232e+00,2.582180534743888423e+00,3.926928376263102649e+00,2.725676044810134702e+00,1.743104586405435530e+00,2.285437543893147794e+00,5.877749285215764230e-01,2.282324959510099172e-01,8.649199052783127506e-01,1.140285982711236601e+00,8.133352375881566232e-01,8.367992796394290167e-01,1.221709570195196770e+00,1.268273769993455147e-01,8.120299136068310010e-11,2.779585784062813536e-01,3.289546174544864116e-02
1.891287956811719129e+00,5.420576869332682790e-01,6.335975078811055816e-01,4.341677028301368368e-01,1.891484368012840589e+00,9.546905026630638780e-01,3.367154446755456387e+00,2.520649012462192307e+00,2.147413201163596685e+00,3.099101121292683558e+00,4.201543381943344535e+00,2.447962434828921285e+00,9.434157629169296344e-01,3.643770740001738062e+00,3.714853175384369877e+00,2.836205077249235984e+00,3.524804254592183383e+00,4.375296135061629066e+00,3.836725234908033855e+00,3.790199744053974751e+00,3.047713780049036369e+00,9.549951058476042753e-01,4.414066355014724108e-01,1.305256109490245731e+00,4.171250941839482529e+00,3.765625506331820471e+00,3.558316758312302319e+00,3.112802665590177487e+00,3.404016370371151456e+00,3.129624555732255509e+00,3.940137696669935075e+00,3.833098956017326309e+00,2.505115876849250078e+00,1.498460901490600294e+00,1.318045361592768416e-01,2.968734891933827225e+00,5.052000731480186246e+00,4.587154692601339789e+00,4.342978848670815850e+00,3.853211536781139923e+00,3.810708350949731038e+00,4.385701955636039706e+00,4.672548847688503315e+00,4.343648900904811150e+00,3.011359788521399850e+00,7.035826044031961990e-01,2.719151895610512071e-01,4.366884478696896110e+00,5.470759592963876372e+00,4.997515342578011222e+00,4.415660930067359935e+00,3.585029918428947138e+00,4.076742897645015518e+00,4.105601209471049451e+00,3.779066130572715565e+00,3.908311520017905938e+00,1.535691666645539799e+00,1.359084721091864678e-01,7.260322836388047874e-01,2.981161555530118523e+00,2.095363950747280324e+00,2.128398503625410942e+00,2.639836712776982619e+00,3.948565206395365568e+00,2.766292747846716971e+00,1.796832292313869761e+00,2.305105154316887450e+00,6.099988462524542632e-01,2.288232477857612968e-01,8.649199052871128224e-01,1.140285982718623359e+00,8.133352376143843099e-01,8.367992796391556798e-01,1.238505788474335567e+00,1.311665458986574495e-01,7.753201770510068095e-11,2.779585784056159414e-01,3.289546174582608229e-02
1.891375363464399051e+00,5.436736714165908424e-01,6.337241741568487852e-01,4.341677028292113549e-01,1.891501192420866673e+00,9.547418341574523959e-01,3.367283004008717828e+00,2.528816610875779691e+00,2.147528894489342921e+00,3.099142804653537198e+00,4.201611229783520862e+00,2.449644267656720498e+00,9.434157629159902747e-01,3.643799896356413104e+00,3.714963766483969199e+00,2.836529631643312843e+00,3.525714388734328075e+00,4.375440785001186050e+00,3.842084368538863259e+00,3.795811261566873096e+00,3.049107919422842539e+00,9.627275251850199167e-01,4.515880733677214431e-01,1.305514074824161153e+00,4.171717657386191824e+00,3.766148270575947254e+00,3.558724441848357678e+00,3.116736465800639344e+00,3.408151219892415540e+00,3.140367201020771937e+00,3.957442498692053334e+00,3.857071209053071215e+00,2.541060578290821326e+00,1.537881905226471169e+00,1.339392936375516929e-01,2.968767772142624661e+00,5.052408017743855062e+00,4.587384323595914637e+00,4.343157050541177178e+00,3.853844679372338877e+00,3.812135750960015113e+00,4.386795130303952739e+00,4.680101342402005926e+00,4.352668021524858766e+00,3.055322241154622809e+00,7.667578538659216569e-01,2.719151896465374918e-01,4.371516265394846279e+00,5.475558547880991611e+00,5.004703305399086588e+00,4.418126482227807017e+00,3.594849852349880415e+00,4.083490488666219775e+00,4.107925797732754347e+00,3.791380576626648402e+00,3.910021948291901861e+00,1.572024155144264412e+00,1.359084721137874263e-01,7.260800996747965863e-01,2.982945893901173928e+00,2.121284457763140008e+00,2.145449548524722694e+00,2.694897935335913264e+00,3.969228218756316373e+00,2.805081398114606994e+00,1.848141853124927625e+00,2.323887576456280080e+00,6.312225229181948061e-01,2.293874114083028493e-01,8.649199053045194541e-01,1.140285982732594405e+00,8.244990488326372491e-01,8.367992796389197574e-01,1.254546052408504586e+00,1.353104200279471037e-01,7.415970855998772165e-11,2.779585784049655173e-01,3.289546174635126635e-02
1.891458836169690905e+00,5.452169246172842154e-01,6.338451395110898945e-01,4.341677028282948103e-01,1.891517259605816070e+00,9.547908553540418453e-01,3.367405775232491294e+00,2.536616606806247010e+00,2.147639380757719429e+00,3.099182611954133026e+00,4.201676023967873874e+00,2.451250405538167421e+00,9.434157629150607960e-01,3.643827740458980724e+00,3.715069380164185198e+00,2.836839578683451268e+00,3.526583560092414693e+00,4.375578924621057020e+00,3.847202301423723103e+00,3.801170219187917532e+00,3.050439312188700569e+00,9.701119283241885771e-01,4.613112710450263942e-01,1.305760429805512546e+00,4.172163367273112655e+00,3.766647506553345792e+00,3.559113776602768286e+00,3.120493215836504852e+00,3.412099970529486104e+00,3.150626347625363533e+00,3.973968456325418064e+00,3.879964532971964530e+00,2.575387501673683577e+00,1.575528671527131053e+00,1.359779712027849863e-01,2.968799172498283401e+00,5.052796973106070233e+00,4.587603619493324736e+00,4.343327232006459759e+00,3.854449325853321007e+00,3.813498907387162351e+00,4.387839104007063007e+00,4.687313918859230988e+00,4.361281214849297427e+00,3.097306057481957531e+00,8.270897487394774927e-01,2.860073623091461958e-01,4.375939587351363791e+00,5.480141514247407919e+00,5.011567756601723822e+00,4.420481066261520375e+00,3.604227816439482979e+00,4.089934388064886406e+00,4.110145762288274440e+00,3.803140781308932628e+00,3.911655394612532088e+00,1.606721412291856499e+00,1.359084721223580705e-01,7.261257636346786226e-01,2.984649923816490968e+00,2.146038349788815136e+00,2.161733169987212211e+00,2.747480994655978392e+00,3.988961242365530513e+00,2.842124271541545788e+00,1.897142103293611104e+00,2.341824650346830072e+00,6.514909767822841813e-01,2.299261834852771025e-01,8.655522527210646189e-01,1.140285982828773692e+00,8.363292658269224633e-01,8.367992796387229149e-01,1.269864385545740104e+00,1.392677890994619694e-01,7.103643162352613075e-11,2.779585784043304697e-01,3.289546174704446879e-02
1.891538551984383254e+00,5.466907199822835794e-01,6.339606605275532880e-01,4.341677028273854266e-01,1.891532603648330202e+00,9.548376702333506438e-01,3.367523020840990533e+00,2.544065545090722580e+00,2.147744894324901566e+00,3.099220627631081193e+00,4.201737901933545238e+00,2.452784255307040251e+00,9.434157629141393109e-01,3.643854331370503630e+00,3.715170240445781591e+00,2.837135575808863663e+00,3.527413612295407397e+00,4.375710846933883680e+00,3.852089889384432198e+00,3.806287983984710799e+00,3.051710782409160494e+00,9.771639785742017859e-01,4.705968527392336287e-01,1.305995696986234744e+00,4.172589016910659865e+00,3.767124273210445740e+00,3.559485588406732237e+00,3.124080884268265024e+00,3.415870998111876666e+00,3.160423756571454579e+00,3.989750623341863367e+00,3.901827487583432674e+00,2.608169459004651802e+00,1.611481054231313381e+00,1.379248931632169883e-01,2.968829159605155699e+00,5.053168422593293130e+00,4.587813045449552263e+00,4.343489754044308704e+00,3.855026758760213834e+00,3.814800711668699940e+00,4.388836091153550001e+00,4.694201875901853782e+00,4.369506750615961721e+00,3.137400290806737768e+00,8.847062610474433209e-01,2.994652827306464316e-01,4.380163827025359780e+00,5.484518213149236487e+00,5.018123256607253779e+00,4.422729676556905964e+00,3.613183702616909798e+00,4.096088264215586250e+00,4.112265811980049257e+00,3.814371689590422498e+00,3.913215323738425511e+00,1.639857035622639847e+00,1.359084721367187776e-01,7.261693723778223086e-01,2.986277259751973112e+00,2.169678133148119414e+00,2.177283907757195713e+00,2.797697426455996172e+00,4.007806133611756749e+00,2.877499941028537123e+00,1.943936978918633596e+00,2.358954422927082906e+00,6.708471999526381957e-01,2.304407068244599122e-01,8.867055506887512317e-01,1.140725794590584652e+00,8.476270353572032956e-01,8.367992796385661514e-01,1.284493280123106818e+00,1.430470472233145995e-01,6.812419374054682374e-11,2.779585784037106322e-01,3.289546174792157274e-02
1.891614679996397985e+00,5.480981836291445308e-01,6.340709822417944785e-01,4.341677028264817606e-01,1.891547257095169687e+00,9.548823780960047358e-01,3.367634989527859002e+00,2.551179225926004879e+00,2.147845658999299800e+00,3.099256932320719748e+00,4.201796994931988216e+00,2.454249070464341376e+00,9.434157629132241540e-01,3.643879725493861077e+00,3.715266561266928225e+00,2.837418250869125469e+00,3.528206305995301051e+00,4.375836831764568835e+00,3.856757499650344645e+00,3.811175411422537795e+00,3.052925027043021711e+00,9.838986342791188333e-01,4.794645144140329829e-01,1.306220375399552491e+00,4.172995509158771377e+00,3.767579581833238489e+00,3.559840665922924252e+00,3.127507081021661861e+00,3.419472301494676625e+00,3.169780209476990684e+00,4.004822475833603512e+00,3.922706447145457354e+00,2.639475985210414599e+00,1.645815313162985349e+00,1.397841892012404164e-01,2.968857797069905935e+00,5.053523154099675452e+00,4.588013045685112701e+00,4.343644961385709102e+00,3.855578202905543428e+00,3.816043925106031853e+00,4.389788206486808342e+00,4.700779823810250946e+00,4.377362076289032622e+00,3.175689986373416485e+00,9.397296031352118106e-01,3.123174969601084094e-01,4.384197944595534580e+00,5.488697928151642813e+00,5.024383710510098133e+00,4.424877082717861398e+00,3.621736507517478554e+00,4.101965170314698206e+00,4.114290443717703027e+00,3.825097123733342208e+00,3.914705044488388186e+00,1.671501310236268134e+00,1.359084721598453060e-01,7.262110184042104288e-01,2.987831353505312482e+00,2.192253950991019718e+00,2.192134747034421682e+00,2.845653746520519611e+00,4.025802865035929656e+00,2.911283443113506841e+00,1.988625738204554017e+00,2.375313228741290139e+00,6.893322495736484701e-01,2.309320727988105060e-01,9.069067935517766132e-01,1.158057516177147139e+00,8.584163215018567605e-01,8.367992796384505771e-01,1.298463765986844987e+00,1.466562107125397307e-01,6.539334703922628085e-11,2.779585784031066154e-01,3.289546174900138259e-02
1.891687381683447855e+00,5.494423009769574540e-01,6.341763386609534647e-01,4.341677028255824800e-01,1.891561251028252233e+00,9.549250737733666616e-01,3.367741918793685230e+00,2.557972738382894740e+00,2.147941888516288422e+00,3.099291603030155162e+00,4.201853428307369853e+00,2.455647958079406834e+00,9.434157629123141042e-01,3.643903976693384728e+00,3.715358546936992745e+00,2.837688203455928981e+00,3.528963322601700092e+00,4.375957146343820270e+00,3.861215032848632323e+00,3.815842868390266762e+00,3.054084621665942745e+00,9.903301805466179220e-01,4.879330655687312834e-01,1.306434941618495937e+00,4.173383706241995839e+00,3.768014398192347958e+00,3.560179762318352203e+00,3.130779073519361244e+00,3.422911519525193125e+00,3.178715552633036179e+00,4.019215983220513877e+00,3.942645698730593562e+00,2.669373485630432974e+00,1.678604275888654351e+00,1.415598031329610706e-01,2.968885145636427580e+00,5.053861920058293933e+00,4.588204044427308226e+00,4.343793183246206446e+00,3.856104827976211347e+00,3.817231184721529225e+00,4.390697469571103184e+00,4.707061715293861859e+00,4.384863854067450717e+00,3.212256361759927792e+00,9.922764868877294031e-01,3.245912662656047498e-01,4.388050496966115155e+00,5.492689524990529648e+00,5.030362397572339717e+00,4.426927839680751653e+00,3.629904372787079225e+00,4.107577572067990346e+00,4.116223952016587084e+00,3.835339833821501454e+00,3.916127716759850053e+00,1.701721357881833097e+00,1.359084722010376611e-01,7.262507900506411929e-01,2.989315501517714857e+00,2.213813689653977068e+00,2.206317188440099830e+00,2.891451676634094081e+00,4.042989610118286947e+00,2.943546437133857108e+00,2.031303172001094115e+00,2.390935767009839008e+00,7.069853349138487397e-01,2.314013236614176072e-01,9.261988307884274629e-01,1.189043209593287020e+00,8.687200097815503952e-01,8.367992796383760812e-01,1.311805476410279780e+00,1.501029350867018608e-01,6.282033356900611883e-11,2.779585784025186967e-01,3.289546175030782366e-02
1.891756811255552284e+00,5.507259230788207338e-01,6.342769532601151283e-01,4.341677028246863634e-01,1.891574615130578563e+00,9.549658478286858765e-01,3.367844035449769624e+00,2.564460492412138137e+00,2.148033786991567329e+00,3.099324713300604106e+00,4.201907321762440084e+00,2.456983885380417121e+00,9.434157629114079402e-01,3.643927136409114365e+00,3.715446392569907275e+00,2.837946006174895786e+00,3.529686267848310965e+00,4.376072045874984440e+00,3.865471944004840843e+00,3.820300255189905680e+00,3.055192025933584521e+00,9.964722595486243950e-01,4.960204691357185669e-01,1.306639850766777355e+00,4.173754431578383439e+00,3.768429644591562155e+00,3.560503596861925857e+00,3.133903802096129620e+00,3.426195947245971318e+00,3.187248739100417172e+00,4.032961676061552758e+00,3.961687536164788526e+00,2.697925376871566083e+00,1.709917492194396260e+00,1.432555012735398647e-01,2.968911263314689464e+00,5.054185439037160776e+00,4.588386446810067021e+00,4.343934734024209376e+00,3.856607751014548224e+00,3.818365008852006248e+00,4.391565809075336446e+00,4.713060875086758195e+00,4.392027996227669817e+00,3.247176979151055853e+00,1.042458371290161834e+00,3.363126249566863457e-01,4.391729655917201214e+00,5.496501470377959109e+00,5.036071999390817844e+00,4.428886297376036119e+00,3.637704623563035700e+00,4.112937374132050294e+00,4.118070438107025666e+00,3.845121546016271097e+00,3.917486358231430987e+00,1.730581279332086719e+00,1.414410108205643724e-01,7.262887716781031289e-01,2.990732851866091835e+00,2.234403080233285266e+00,2.219861314833940558e+00,2.935188360346799197e+00,4.059402824249439767e+00,2.974357357225528187e+00,2.072059804867069754e+00,2.405855175230946053e+00,7.238439005340114862e-01,2.318494547562566510e-01,9.446225833758428170e-01,1.220940948622154520e+00,8.785599556996595005e-01,8.367992796383433296e-01,1.324546710949827233e+00,1.533945313102515751e-01,6.038614775392393666e-11,2.779585784019468764e-01,3.289546175187196136e-02
1.891823115982137482e+00,5.519517726693069504e-01,6.343730394563297237e-01,4.341677028237925784e-01,1.891587377749195831e+00,9.550047867491948672e-01,3.367941556099224076e+00,2.570656249409863037e+00,2.148121549354116144e+00,3.099356333363383786e+00,4.201958789612437961e+00,2.458259686048287929e+00,9.434157629105046627e-01,3.643949253765906615e+00,3.715530284498031577e+00,2.838192205860149198e+00,3.530376675198920289e+00,4.376181774075365460e+00,3.869537262598268690e+00,3.824557026536472559e+00,3.056249588798866768e+00,1.002337899458185078e+00,5.037438795822529736e-01,1.306835537484167808e+00,4.174108471526071007e+00,3.768826201824160727e+00,3.560812856450122688e+00,3.136887894720215009e+00,3.429332551368557969e+00,3.195397868911706851e+00,4.046088710814174760e+00,3.979872349738256432e+00,2.725192221323196495e+00,1.739821381610274775e+00,1.448748804260401035e-01,2.968936205503782233e+00,5.054494397263398220e+00,4.588560639733287871e+00,4.344069913967869567e+00,3.857088038787705120e+00,3.819447802490450350e+00,4.392395066864009934e+00,4.718790028211187426e+00,4.398869698875730982e+00,3.280525909858226452e+00,1.090381698847086689e+00,3.475064356060934556e-01,4.395243225438201229e+00,5.500141849961175389e+00,5.041524626796489272e+00,4.430756609955055936e+00,3.645153805223046550e+00,4.118055945365659554e+00,4.119833818633571454e+00,3.854463008640681476e+00,3.918783850763840615e+00,1.758142290349768544e+00,1.523112975366434918e-01,7.263250438507152795e-01,2.992086410940555385e+00,2.254065795586856602e+00,2.232795855123934636e+00,2.976956569028739619e+00,4.075077322057142126e+00,3.003781557480973863e+00,2.110982087085042203e+00,2.420103099469731234e+00,7.399437057120696881e-01,2.322774166294464815e-01,9.622171305253850448e-01,1.251403052948244943e+00,8.879570311000556382e-01,8.367992796383530996e-01,1.336714495472084430e+00,1.565379813000459808e-01,5.807522476629543799e-11,2.779585784013915983e-01,3.289546175372774078e-02
1.891886436504414348e+00,5.531224499397469074e-01,6.344648010612985445e-01,4.341677028229001811e-01,1.891599565955324858e+00,9.550419731295601844e-01,3.368034687596415999e+00,2.576573151407345996e+00,2.148205361759666143e+00,3.099386530288882113e+00,4.202007941027571469e+00,2.459478066227284376e+00,9.434157629096032727e-01,3.643970375677636042e+00,3.715610400667388902e+00,2.838427324734225099e+00,3.531036009100076534e+00,4.376286563693183140e+00,3.873419611714702615e+00,3.828622211612713322e+00,3.057259553494414916e+00,1.007939542083970075e+00,5.111196792973855541e-01,1.307022416848427460e+00,4.174446577051249996e+00,3.769204911041196926e+00,3.561108197063986402e+00,3.139737681052154450e+00,3.432327985050829700e+00,3.203180227463819474e+00,4.058624931679082337e+00,3.997238711878697170e+00,2.751231855618176514e+00,1.768379374295069084e+00,1.464213755107286741e-01,2.968960025109428358e+00,5.054789450078821744e+00,4.588726992683508144e+00,4.344199009811950951e+00,3.857546710050408389e+00,3.820481862387335781e+00,4.393187001904069966e+00,4.724261326969054764e+00,4.405403474180242362e+00,3.312373891434689188e+00,1.136148121361312713e+00,3.581964417866574379e-01,4.398598658281143159e+00,5.503618385473351360e+00,5.046731845543131811e+00,4.432542744601541074e+00,3.652267718480146641e+00,4.122944142944667156e+00,4.121517833962735189e+00,3.863384036189401627e+00,3.920022946512691675e+00,1.784462851534446282e+00,1.669781684022363655e-01,7.263596835066147284e-01,2.993379049821374149e+00,2.272843542970207853e+00,2.245148245204217741e+00,3.016844898650562712e+00,4.090046351252781598e+00,3.031881450573953529e+00,2.148152578033956317e+00,2.433709761483764389e+00,7.553189002933388130e-01,2.326861170454847805e-01,9.790197926216812618e-01,1.280494136757030166e+00,8.969311684391265693e-01,8.367992796384090548e-01,1.348334639479314090e+00,1.595399527349299074e-01,5.587469254913944090e-11,2.779585784008531402e-01,3.289546175592036881e-02
1.891946907133696731e+00,5.542404380535852493e-01,6.345524327136862208e-01,4.341677028220084500e-01,1.891611205601781753e+00,9.550774858470769679e-01,3.368123627485732463e+00,2.582223748947022557e+00,2.148285401985562615e+00,3.099415368128823012e+00,4.202054880264578962e+00,2.460641610265117407e+00,9.434157629087029928e-01,3.643990546946706655e+00,3.715686911015111615e+00,2.838651861515772978e+00,3.531665668087376364e+00,4.376386637001263402e+00,3.877127226337137245e+00,3.832504433221209261e+00,3.058224062290754386e+00,1.013289069261016806e+00,5.181635133412032523e-01,1.307200885255740408e+00,4.174769465321062967e+00,3.769566575535691300e+00,3.561390245160551249e+00,3.142459205870834715e+00,3.435188602009231928e+00,3.210612322182654577e+00,4.070596929661511432e+00,4.013823458968592384e+00,2.776099513312081157e+00,1.795652045580143907e+00,1.478982668509994380e-01,2.968982772656199476e+00,5.055071223330007690e+00,4.588885858517630645e+00,4.344322295386030319e+00,3.857984737705872025e+00,3.821469381922337316e+00,4.393943293995907773e+00,4.729486376718582186e+00,4.411643181154630611e+00,3.342788477719350393e+00,1.179854715550930466e+00,3.684053184344945886e-01,4.401803071768958020e+00,5.506938451112418420e+00,5.051704700839854567e+00,4.434248489946544858e+00,3.659061452898138445e+00,4.127612335391512843e+00,4.123126056116804605e+00,3.871903551357935847e+00,3.921206273766190353e+00,1.809598792325283645e+00,1.839435360654928797e-01,7.263927641211522790e-01,2.994613510368917542e+00,2.290776152503141816e+00,2.256944686150281321e+00,3.054937957707385632e+00,4.104341663154239761e+00,3.058716640145181742e+00,2.183650121308632563e+00,2.446704022827462577e+00,7.700020971269145864e-01,2.330764229127381126e-01,9.950662103598030273e-01,1.308275906130041966e+00,9.055014030650608836e-01,8.367992796385114174e-01,1.359431790854845223e+00,1.624068131987727315e-01,5.377382959955688914e-11,2.779585784003323345e-01,3.289546175851136567e-02
1.892004656136295537e+00,5.553081084135020884e-01,6.346361202919753586e-01,4.341677028211168854e-01,1.891622321377814719e+00,9.551114002289782245e-01,3.368208564420600126e+00,2.587620027703868342e+00,2.148361839807850782e+00,3.099442908052129297e+00,4.202099706887875818e+00,2.461752786194692177e+00,9.434157629078032681e-01,3.644009810359082113e+00,3.715759977829903526e+00,2.838866292477407960e+00,3.532266987751946363e+00,4.376482206268505593e+00,3.880667970813279410e+00,3.836211926074495793e+00,3.059145161040355720e+00,1.018397828053695386e+00,5.248903226300982716e-01,1.307371321261524333e+00,4.175077821224817853e+00,3.769911962446522491e+00,3.561659599001640863e+00,3.145058241895276829e+00,3.437920469995865425e+00,3.217709917537561193e+00,4.082030098974316346e+00,4.029661769480101796e+00,2.799847942040983639e+00,1.821697244457849196e+00,1.493086871313768771e-01,2.969004496394688886e+00,5.055340314695796700e+00,4.589037574211381809e+00,4.344440032195321599e+00,3.858403050869456674e+00,3.822412455756783345e+00,4.394665547336444433e+00,4.734476260490830590e+00,4.417602055053967192e+00,3.371834182127523505e+00,1.221594188962022987e+00,3.781547199455395636e-01,4.404863262892279252e+00,5.510109089182730457e+00,5.056453740779468298e+00,4.435877464104630796e+00,3.665549418898580658e+00,4.132070424568256684e+00,4.124661896350583667e+00,3.880039625180197405e+00,3.922336342520088781e+00,1.833603429422764997e+00,2.017499195146198188e-01,7.264243558627440089e-01,2.995792411039512881e+00,2.307901661654770287e+00,2.268210199794964854e+00,3.091316546684759636e+00,4.117993580034688073e+00,3.084344047229639951e+00,2.217550011957593714e+00,2.459113446071317544e+00,7.840244412418954090e-01,2.334491621222701818e-01,1.010390420340871120e+00,1.334807289921154938e+00,9.136859135943187216e-01,8.367992796386616305e-01,1.370029488144530072e+00,1.651446436869649370e-01,5.176364016328893466e-11,2.779585783998301807e-01,3.289546176158784224e-02
1.892059806005586431e+00,5.563277256914762603e-01,6.347160413087394870e-01,4.341677028202252098e-01,1.891632936861474157e+00,9.551437882122135736e-01,3.368289678563642919e+00,2.592773433908624359e+00,2.148434837361397065e+00,3.099469208474668669e+00,4.202142515980738402e+00,2.462813950969135135e+00,9.434157629069038764e-01,3.644028206775041578e+00,3.715829756096273861e+00,2.839071072455945810e+00,3.532841243573412005e+00,4.376573474210136538e+00,3.884049355536883574e+00,3.839752554261993467e+00,3.060024803517161107e+00,1.023276654824352594e+00,5.313143756284544050e-01,1.307534086383397076e+00,4.175372298826725448e+00,3.770241804385634055e+00,3.561916829922862959e+00,3.147540302029347536e+00,3.440529383668999852e+00,3.224488068479890668e+00,4.092948690902502129e+00,4.044787238593330336e+00,2.822527515406264786e+00,1.846570216286987476e+00,1.506556280423589356e-01,2.969025242403855458e+00,5.055597294955051169e+00,4.589182461574084826e+00,4.344552469975369924e+00,3.858802536839445185e+00,3.823313084276714235e+00,4.395355293921847206e+00,4.739241562498294869e+00,4.423292735448721480e+00,3.399572614492530676e+00,1.261455076613787529e+00,3.874653261073984223e-01,4.407785722726769606e+00,5.513137025032732730e+00,5.060989038712405019e+00,4.437433122348387826e+00,3.671745378327223808e+00,4.136327866679754273e+00,4.126128612387119254e+00,3.887809515359598400e+00,3.923415549801721358e+00,1.856527679880564774e+00,2.189780742570647531e-01,7.264545257417075463e-01,2.996918252439538577e+00,2.324256395926085794e+00,2.278968681803118734e+00,3.126057829447332459e+00,4.131031059440195996e+00,3.108818030993724779e+00,2.249924156193952030e+00,2.470964353265800995e+00,7.974156759101647118e-01,2.338051253039097332e-01,1.025024927267348174e+00,1.360144564750425777e+00,9.215020604708847873e-01,8.367992796388642462e-01,1.380150210485151518e+00,1.677592515050232991e-01,4.983654394880073298e-11,2.779585783993472337e-01,3.289546176527990973e-02
1.892112473721835553e+00,5.573014526324574502e-01,6.347923652871700906e-01,4.341677028193327015e-01,1.891643074569622884e+00,9.551747184960366344e-01,3.368367141968831024e+00,2.597694898626786486e+00,2.148504549483796211e+00,3.099494325183162147e+00,4.202183398346991616e+00,2.463827355461207791e+00,9.434157629060038186e-01,3.644045775215849048e+00,3.715896393823279187e+00,2.839266635817173867e+00,3.533389653625357507e+00,4.376660634417695483e+00,3.887278552878302484e+00,3.843133827930794499e+00,3.060864855560800013e+00,1.027935898218688582e+00,5.374492986139700612e-01,1.307689525868003466e+00,4.175653522753258073e+00,3.770556800991999413e+00,3.562162483545485703e+00,3.149910651055367605e+00,3.443020876884321790e+00,3.230961152376565781e+00,4.103375865243448217e+00,4.059231949456203914e+00,2.844186339823771448e+00,1.870323719975624410e+00,1.519419466261855423e-01,2.969045054688764118e+00,5.055842709197351681e+00,4.589320827931255842e+00,4.344659847221765681e+00,3.859184042979117102e+00,3.824173177835966442e+00,4.396013996797096368e+00,4.743792390585436003e+00,4.428727293034980583e+00,3.426062611748419418e+00,1.299521928793113235e+00,3.963568859638071928e-01,4.410576650201560867e+00,5.516028681320331195e+00,5.065320214613643124e+00,4.438918764437515208e+00,3.677662473644727648e+00,4.140393692331532094e+00,4.127529315327766568e+00,3.895229702874945410e+00,3.924446184754420752e+00,1.878420169107440252e+00,2.354308343109854373e-01,7.264833377523994828e-01,2.997993422629546600e+00,2.339875045901219419e+00,2.289242952357513072e+00,3.159235496913749497e+00,4.143481755612570261e+00,3.132190504038324885e+00,2.280841223918100624e+00,2.482281881773959586e+00,8.102042057358491700e-01,2.341450675032807349e-01,1.039000772885600554e+00,1.384341474366096225e+00,9.289664227899370186e-01,8.367992796391165999e-01,1.389815425285661599e+00,1.702561825866550083e-01,4.798570840146147122e-11,2.779585783988828274e-01,3.289546176960776724e-02
1.892162771000329924e+00,5.582313546418381511e-01,6.348652541206588618e-01,4.341677028184386944e-01,1.891652756005698599e+00,9.552042566877257945e-01,3.368441118946431168e+00,2.602394860944860611e+00,2.148571124043804126e+00,3.099518311453514752e+00,4.202222440703615725e+00,2.464795149237709371e+00,9.434157629051024285e-01,3.644062552946522704e+00,3.715960032358472720e+00,2.839453397377199373e+00,3.533913381159026201e+00,4.376743871769667393e+00,3.890362412398048253e+00,3.846362919215691623e+00,3.061667099034285577e+00,1.032385441116622449e+00,5.433081045808230147e-01,1.307837969423330193e+00,4.175922089518064872e+00,3.770857620415652089e+00,3.562397080933776383e+00,3.152174316801419351e+00,3.445400234432983932e+00,3.237142899506404881e+00,4.113333739431944913e+00,4.073026541237124931e+00,2.864870356563976816e+00,1.893008139889809538e+00,1.531703713370159703e-01,2.969063975273924960e+00,5.056077077979209911e+00,4.589452966776483400e+00,4.344762391696032289e+00,3.859548378514123801e+00,3.824994560808291144e+00,4.396643053159303705e+00,4.748138397668776101e+00,4.433917255238016608e+00,3.451360362730988118e+00,1.335875490397150811e+00,4.048482597051784038e-01,4.413241965248015930e+00,5.518790191636206544e+00,5.069456455487963531e+00,4.440337541618067263e+00,3.683313255803585928e+00,4.144276525684918333e+00,4.128866976251255316e+00,3.902315926938810353e+00,3.925430433493098281e+00,1.899327334008247936e+00,2.511430981837353693e-01,7.265108530089562366e-01,2.999020202189659923e+00,2.354790740830819296e+00,2.299054804563504195e+00,3.190919923364972544e+00,4.155372078147704151e+00,3.154511042512408991e+00,2.310366794375806165e+00,2.493090037591136010e+00,8.224171569053007058e-01,2.344697097833567667e-01,1.052347601836370883e+00,1.407449343655593710e+00,9.360948334645250446e-01,8.367992796394184696e-01,1.399045633762458829e+00,1.726407332574355913e-01,4.620514375737413835e-11,2.779585783984365177e-01,3.289546177456283832e-02
1.892210804528341450e+00,5.591194041664566683e-01,6.349348624161950116e-01,4.341677028175423558e-01,1.891662001705325391e+00,9.552324654417460037e-01,3.368511766411530051e+00,2.606883290113064078e+00,2.148634702254987427e+00,3.099541218163821998e+00,4.202259725864684548e+00,2.465719385118997575e+00,9.434157629041990401e-01,3.644078575554878796e+00,3.716020806687720057e+00,2.839631753282330084e+00,3.534413537070732136e+00,4.376823362823634156e+00,3.893307475375628268e+00,3.849446677452239562e+00,3.062433235603584603e+00,1.036634721595206310e+00,5.489032208419758474e-01,1.307979731918060606e+00,4.176178568787261902e+00,3.771144900734920924e+00,3.562621119700246641e+00,3.154336100806045984e+00,3.447672503251356879e+00,3.243046422183883060e+00,4.122843435454241146e+00,4.086200274114760944e+00,2.884623439199576644e+00,1.914671592725571081e+00,1.543435078283462158e-01,2.969082044292434386e+00,5.056300898428231605e+00,4.589579158393971348e+00,4.344860320908735751e+00,3.859896316248963899e+00,3.825778975457095221e+00,4.397243797321350733e+00,4.752288802212024876e+00,4.438873630663500158e+00,3.475519527361841554e+00,1.370592872204061452e+00,4.129574586735753616e-01,4.415787321356697603e+00,5.521427413513986693e+00,5.073406534856820471e+00,4.441692463306659455e+00,3.688709710870377023e+00,4.147984602750040217e+00,4.130144432515745478e+00,3.909083218382509717e+00,3.926370383741286663e+00,1.919293521482843712e+00,2.661481936928000169e-01,7.265371298749255802e-01,3.000000769056988315e+00,2.369035118903636050e+00,2.308425050675133594e+00,3.221178315717565521e+00,4.166727248013881280e+00,3.175826991270685795e+00,2.338563495260582936e+00,2.503411746264903037e+00,8.340804347253749640e-01,2.347797407539322367e-01,1.065093724532599317e+00,1.429517187507017839e+00,9.429024128092822199e-01,8.367992796397691890e-01,1.407860414425216700e+00,1.749179614690259954e-01,4.448962111192667523e-11,2.779585783980079716e-01,3.289546178013771222e-02
1.892256676191423237e+00,5.599674848784196302e-01,6.350013378223072769e-01,4.341677028166429642e-01,1.891670831279872900e+00,9.552594045926473543e-01,3.368579234216872553e+00,2.611169706691445214e+00,2.148695418975254512e+00,3.099563093902287125e+00,4.202295332917024950e+00,2.466602023533293941e+00,9.434157629032927650e-01,3.644093877027018369e+00,3.716078845721522139e+00,2.839802081849353232e+00,3.534891182258218745e+00,4.376899276190778565e+00,3.896119988684474400e+00,3.852391643705111335e+00,3.063164890347080505e+00,1.040692752948052080e+00,5.542465153891725782e-01,1.308115114049453132e+00,4.176423504587764235e+00,3.771419251309879428e+00,3.562835075061157930e+00,3.156400588502959348e+00,3.449842503126256510e+00,3.248684242572110747e+00,4.131925124650604353e+00,4.098781091342803329e+00,2.903487486667216011e+00,1.935360029570880158e+00,1.554638444799486263e-01,2.969099300071103009e+00,5.056514645297597532e+00,4.589699670453056157e+00,4.344953842580855152e+00,3.860228594206206676e+00,3.826528085631016651e+00,4.397817503542147399e+00,4.756252407779681057e+00,4.443606932448229685e+00,3.498591350468277739e+00,1.403747714435305216e+00,4.207016835671592569e-01,4.418218117569176151e+00,5.523945940854857461e+00,5.077178831368157397e+00,4.442986403473850210e+00,3.693863285449819234e+00,4.151525788855510157e+00,4.131364393777245958e+00,3.915545931538512381e+00,3.927268029259482596e+00,1.938361082491803389e+00,2.804779486571529756e-01,7.265622240870631687e-01,3.000937203145324084e+00,2.382638394355360845e+00,2.317373566240710669e+00,3.250074856078576602e+00,4.177571351048820603e+00,3.196183564298388013e+00,2.365491135555422009e+00,2.513268901523223686e+00,8.452187785720587376e-01,2.350758180322560786e-01,1.077266177209025511e+00,1.450591814775444188e+00,9.494036006126135296e-01,8.367992796401677591e-01,1.416278464605523979e+00,1.770926975277650472e-01,4.283455041634521705e-11,2.779585783975964675e-01,3.289546178632557494e-02
1.892300483289524271e+00,5.607773956706237906e-01,6.350648213422459554e-01,4.341677028157398532e-01,1.891679263458053484e+00,9.552851312819816698e-01,3.368643665470719917e+00,2.615263202744262827e+00,2.148753402992908956e+00,3.099583985070285763e+00,4.202329337387969765e+00,2.467444936675016631e+00,9.434157629023828262e-01,3.644108489819416707e+00,3.716134272568452079e+00,2.839964744367995841e+00,3.535347329870967226e+00,4.376971772893532453e+00,3.898805918042400176e+00,3.855204064642574036e+00,3.063863615202581325e+00,1.044568142803734556e+00,5.593493220665401999e-01,1.308244402981160182e+00,4.176657416461244665e+00,3.771681254074881195e+00,3.563039400844516091e+00,3.158372158947357899e+00,3.451914836918359875e+00,3.254068319244019403e+00,4.140598070501443573e+00,4.110795678521358631e+00,2.921502512140753183e+00,1.955117333374068123e+00,1.565337576760584271e-01,2.969115779211749739e+00,5.056718771973074844e+00,4.589814758575968767e+00,4.345043155084386655e+00,3.860545917191934961e+00,3.827243480293168520e+00,4.398365388729505554e+00,4.760037621710572431e+00,4.448127200559903294e+00,3.520624770480438315e+00,1.435410342956418006e+00,4.280973609251647050e-01,4.420539509930126343e+00,5.526351115792979662e+00,5.080781346568640444e+00,4.444222106740213896e+00,3.698784910964555195e+00,4.154907595331836845e+00,4.132529447737153028e+00,3.921717774687904168e+00,3.928125274074178552e+00,1.956570461888487822e+00,2.941627584080817592e-01,7.265861888735577478e-01,3.001831490756918797e+00,2.395629421557071037e+00,2.325919332261512373e+00,3.277670837884390842e+00,4.187927389048971882e+00,3.215623940616196830e+00,2.391206832395661230e+00,2.522682411713983441e+00,8.558558143660037754e-01,2.353585696379259518e-01,1.088890779269506170e+00,1.470717927570573957e+00,9.556121867654089330e-01,8.367992796406131806e-01,1.424317640116430805e+00,1.791695543403960811e-01,4.123589992350107318e-11,2.779585783972011725e-01,3.289546179312079210e-02
1.892342318743374108e+00,5.615508544724494566e-01,6.351254476330702170e-01,4.341677028148323014e-01,1.891687316125648888e+00,9.553097000795075511e-01,3.368705196840400706e+00,2.619172461125477192e+00,2.148808777299827000e+00,3.099603935980786318e+00,4.202361811405562975e+00,2.468249912475953156e+00,9.434157629014685575e-01,3.644122444927767823e+00,3.716187204796284504e+00,2.840120085867269495e+00,3.535782947459219727e+00,4.377041006707121262e+00,3.901370960665689225e+00,3.857889905786511697e+00,3.064530892259187844e+00,1.048269111383726582e+00,5.642224646111918540e-01,1.308367872952341804e+00,4.176880800566146412e+00,3.771931464772919629e+00,3.563234530452703108e+00,3.160254994104489956e+00,3.453893900325485600e+00,3.259210072548096804e+00,4.148880669487725825e+00,4.122269520200681825e+00,2.938706727904565330e+00,1.973985412025444086e+00,1.575555168460029409e-01,2.969131516668842341e+00,5.056913711434712688e+00,4.589924666880047965e+00,4.345128447863115362e+00,3.860848958290733268e+00,3.827926676891543423e+00,4.398888615021364856e+00,4.763652472950948180e+00,4.452444023093239167e+00,3.541666523236278508e+00,1.465647918447597453e+00,4.351601779707851558e-01,4.422756422423984368e+00,5.528648040026868493e+00,5.084221721876012623e+00,4.445402194198051937e+00,3.703485026842161076e+00,4.158137195443970313e+00,4.133642065631115692e+00,3.927611839137488570e+00,3.928943936516558821e+00,1.973960284207999072e+00,3.072316502616825873e-01,7.266090750669350617e-01,3.002685528795697945e+00,2.408035756219219614e+00,2.334080475453034875e+00,3.304024795912326340e+00,4.197817328559411365e+00,3.234189355868733351e+00,2.415765132222086553e+00,2.531672244154399731e+00,8.660141046862706027e-01,2.356285953250018550e-01,1.099992188053366737e+00,1.489938216075827437e+00,9.615413405112432921e-01,8.367992796411056755e-01,1.431994993127019500e+00,1.811529371986602965e-01,3.969009650372425942e-11,2.779585783968223089e-01,3.289546180051867302e-02
1.892382271291581430e+00,5.622895018937177358e-01,6.351833452912731826e-01,4.341677028139196426e-01,1.891695006363448561e+00,9.553331630989401191e-01,3.368763958842201145e+00,2.622905773896246906e+00,2.148861659352338194e+00,3.099622988952346780e+00,4.202392823851550219e+00,2.469018658397705845e+00,9.434157629005494039e-01,3.644135771952727865e+00,3.716237754681373850e+00,2.840268435847322248e+00,3.536198959026285227e+00,4.377107124485747569e+00,3.903820557353653964e+00,3.860454864166094513e+00,3.065168136901003759e+00,1.051803508938590426e+00,5.688762796118237430e-01,1.308485785859362371e+00,4.177094130730107935e+00,3.772170414134432548e+00,3.563420877781779073e+00,3.162053087720162914e+00,3.455783891206463565e+00,3.264120408832480447e+00,4.156790490112386216e+00,4.133226953937322534e+00,2.955136626406927647e+00,1.992004287249548922e+00,1.585312892779651983e-01,2.969146545823637240e+00,5.057099877175244451e+00,4.590029628495539527e+00,4.345209901834452104e+00,3.861138360293390193e+00,3.828579124577724979e+00,4.399388292250842269e+00,4.767104629084948364e+00,4.456566556607604035e+00,3.561761241114547616e+00,1.494524578860508823e+00,4.419051158858729456e-01,4.424873557419379821e+00,5.530841585640785318e+00,5.087507254787566602e+00,4.446529168971079748e+00,3.707973602658576784e+00,4.161221439606753947e+00,4.134704607470859550e+00,3.933240626988204980e+00,3.929725753079424067e+00,1.990567435594998491e+00,3.197123450896569019e-01,7.266309312118806041e-01,3.003501128790845520e+00,2.419883713840991657e+00,2.341874306694184504e+00,3.329192630440745759e+00,4.207262147467827340e+00,3.251919189790891451e+00,2.439218126481243143e+00,2.540257467484376974e+00,8.757151966285843248e-01,2.358864678541649218e-01,1.110593951136894963e+00,1.508293449099910477e+00,9.672036383801031478e-01,8.367992796416461321e-01,1.439326808332341834e+00,1.830470531235106335e-01,3.819396366864122419e-11,2.779585783964589329e-01,3.289546180851531110e-02
1.892420425678859042e+00,5.629949047046447497e-01,6.352386371255523967e-01,4.341677028130011551e-01,1.891702350483479789e+00,9.553555701084912588e-01,3.368820076118206330e+00,2.626471059913499939e+00,2.148912161320366554e+00,3.099641184398875815e+00,4.202422440507490364e+00,2.469752805053446298e+00,9.434157628996245881e-01,3.644148499162706223e+00,3.716286029446805195e+00,2.840410108978353776e+00,3.536596246988473524e+00,4.377170266474085913e+00,3.906159904029297358e+00,3.862904380401942728e+00,3.065776700809353716e+00,1.055178832399411792e+00,5.733206384340061579e-01,1.308598391811308437e+00,4.177297859455008755e+00,3.772398609003054570e+00,3.563598838099415911e+00,3.163770253792014042e+00,3.457588818485352711e+00,3.268809743578780846e+00,4.164344310165475349e+00,4.143691221917348066e+00,2.970827057665388349e+00,2.009212179496597805e+00,1.594631447160925752e-01,2.969160898554987771e+00,5.057277664077166612e+00,4.590129866060101982e+00,4.345287689773185136e+00,3.861414737060344216e+00,3.829202207280731685e+00,4.399865480300334752e+00,4.770401412598579860e+00,4.460503545549308058e+00,3.580951547706046512e+00,1.522101575463476797e+00,4.483464815880319199e-01,4.426895405643493042e+00,5.532936405439075500e+00,5.090644914359112150e+00,4.447605421523887159e+00,3.712260159284910266e+00,4.164166869915575830e+00,4.135719327050084715e+00,3.938616077653759096e+00,3.930472382100524964e+00,2.006427142044163947e+00,3.316313161189803349e-01,7.266518036682094728e-01,3.004280020739302337e+00,2.431198425529006002e+00,2.349317357745975610e+00,3.353227725821041449e+00,4.216281879501430296e+00,3.268851049737532932e+00,2.461615562118377731e+00,2.548456292113650878e+00,8.849796675096128773e-01,2.361327342076196822e-01,1.120718556280890343e+00,1.525822560552905660e+00,9.726110908648898379e-01,8.367992796422327739e-01,1.446328637495438496e+00,1.848559197887672256e-01,3.674466703486073837e-11,2.779585783961108780e-01,3.289546181710761158e-02
1.892456862835779852e+00,5.636685591591708011e-01,6.352914404173034546e-01,4.341677028120761728e-01,1.891709364063607790e+00,9.553769686364341762e-01,3.368873667700684305e+00,2.629875881626893008e+00,2.148960390325358016e+00,3.099658560915356631e+00,4.202450724194282117e+00,2.470453909666663783e+00,9.434157628986932220e-01,3.644160653553823792e+00,3.716332131489829660e+00,2.840545405768070353e+00,3.536975654046818462e+00,4.377230566604760398e+00,3.908393962760566609e+00,3.865243650246410922e+00,3.066357874829882313e+00,1.058402241279796208e+00,5.775649681586728645e-01,1.308705929660503031e+00,4.177492418876791014e+00,3.772616533410697581e+00,3.563768788883307170e+00,3.165410134659510266e+00,3.459312510654906969e+00,3.273288023494716370e+00,4.171558152312100809e+00,4.153684520256136992e+00,2.985811303188328214e+00,2.025645589013181702e+00,1.603530597507014377e-01,2.969174605306962533e+00,5.057447449250337179e+00,4.590225592191048420e+00,4.345361976677954097e+00,3.861678674823763480e+00,3.829797246642516750e+00,4.400321191349674699e+00,4.773549816411692071e+00,4.464263340799746516e+00,3.599278148223979290e+00,1.548437402763638060e+00,4.544979380775062139e-01,4.428826255707485338e+00,5.534936942815395611e+00,5.093641355987280406e+00,4.448633234732434438e+00,3.716353789082481818e+00,4.166979734023028570e+00,4.136688376725067506e+00,3.943749593185723157e+00,3.931185407280118227e+00,2.021573044119247431e+00,3.430138450851576426e-01,7.266717367092013768e-01,3.005023856775320912e+00,2.442003891303761609e+00,2.356425416317609933e+00,3.376181063713001862e+00,4.224895656721178838e+00,3.285020850453730379e+00,2.483004947097379844e+00,2.556286108848505823e+00,8.938271685142148426e-01,2.363679167493163424e-01,1.130387479130210648e+00,1.542562732030305250e+00,9.777751678972834704e-01,8.367992796428656010e-01,1.453015332434714590e+00,1.865833740431419585e-01,3.533967486492388495e-11,2.779585783957782552e-01,3.289546182629363158e-02
1.892491660050440672e+00,5.643118941687157442e-01,6.353418671693897846e-01,4.341677028111440295e-01,1.891716061980578401e+00,9.553974040719175331e-01,3.368924847264568534e+00,2.633127461119781021e+00,2.149006448667500013e+00,3.099675155359712164e+00,4.202477734905420093e+00,2.471123459374244380e+00,9.434157628977548615e-01,3.644172260907175609e+00,3.716376158599064006e+00,2.840674613199105192e+00,3.537337984974560534e+00,4.377288152782434771e+00,3.910527472285563189e+00,3.867477635604477548e+00,3.066912891710608768e+00,1.061480572862155691e+00,5.816182715782236556e-01,1.308808627509144618e+00,4.177678221682075588e+00,3.772824649604251235e+00,3.563931090621853315e+00,3.166976208729837872e+00,3.460958623897322894e+00,3.277564747612413232e+00,4.178447318078648109e+00,4.163228046079311184e+00,3.000121146569501906e+00,2.041339373264181578e+00,1.612029220108902039e-01,2.969187695153422180e+00,5.057609592831872725e+00,4.590317009936336845e+00,4.345432920121238496e+00,3.861930733431022222e+00,3.830365504821345635e+00,4.400756392023097874e+00,4.776556518710894039e+00,4.467853917388739049e+00,3.616779915845167448e+00,1.573587922581631826e+00,4.603725334182346973e-01,4.430670203203220581e+00,5.536847441177743079e+00,5.096502935526510569e+00,4.449614788726342418e+00,3.720263175188942117e+00,4.169665998391017148e+00,4.137613811980090261e+00,3.948652062458811951e+00,3.931866341040208379e+00,2.036037268309222270e+00,3.538840758581678347e-01,7.266907726155101832e-01,3.005734214674863569e+00,2.452323031006899967e+00,2.363213559554325105e+00,3.398101331223747135e+00,4.233121750103443048e+00,3.300462890254756587e+00,2.503431651171539762e+00,2.563763525780009545e+00,9.022764663782364414e-01,2.365925143329549174e-01,1.139621228766487526e+00,1.558549471680153564e+00,9.827068231770041962e-01,8.367992796435441694e-01,1.459401076526636531e+00,1.882330800487088396e-01,3.397671338470360614e-11,2.779585783954605094e-01,3.289546183607196250e-02
1.892524891132401077e+00,5.649262743330915049e-01,6.353900243437153872e-01,4.341677028102041147e-01,1.891722458441573052e+00,9.554169197612418785e-01,3.368973723368577033e+00,2.636232695428222694e+00,2.149050434042713675e+00,3.099691002930985650e+00,4.202503529934245030e+00,2.471762874380889485e+00,9.434157628968086184e-01,3.644183345843515553e+00,3.716418204161911820e+00,2.840798005337743959e+00,3.537684008324176954e+00,4.377343147155114522e+00,3.912564958064039811e+00,3.869611075058609906e+00,3.067442928716753059e+00,1.064420356700502834e+00,5.854891462926541390e-01,1.308906703193140730e+00,4.177855661983524094e+00,3.773023399026066205e+00,3.564086087578804296e+00,3.168471797856071692e+00,3.462530649839491215e+00,3.281648987437126408e+00,4.185026420309368334e+00,4.172342042484685543e+00,3.013786940905302192e+00,2.056326820870125971e+00,1.620145341684535167e-01,2.969200195859686531e+00,5.057764438750050218e+00,4.590404313205262099e+00,4.345500670583587244e+00,3.862171447532212643e+00,3.830908187169005608e+00,4.401172005439583756e+00,4.779427897114884694e+00,4.471282891410636395e+00,3.633493974165270313e+00,1.597606482542010875e+00,4.659827284145428017e-01,4.432431159390564979e+00,5.538671952949293598e+00,5.099235722770670165e+00,4.450552165513230740e+00,3.723996609936370383e+00,4.172231360946426548e+00,4.138497595787407057e+00,3.953333884267650866e+00,3.932516627732596692e+00,2.049850495172871767e+00,3.642650656548459542e-01,7.267089517648470665e-01,3.006412601202277379e+00,2.462177732917260276e+00,2.369696186018042994e+00,3.419035024179609916e+00,4.240977608295195544e+00,3.315209923777409529e+00,2.522939002118881557e+00,2.570904403511999448e+00,9.103454831952748627e-01,2.368070033601208380e-01,1.148439391210634763e+00,1.573816689520586065e+00,9.874165174060771655e-01,8.367992796442699222e-01,1.465499414790574884e+00,1.898085370530830374e-01,3.265373114003256601e-11,2.779585783951573630e-01,3.289546184644236149e-02
1.892556626569243283e+00,5.655130028350014992e-01,6.354360140881056829e-01,4.341677028092557622e-01,1.891728567014345552e+00,9.554355570998025460e-01,3.369020399685481948e+00,2.639198171170519913e+00,2.149092439749878292e+00,3.099706137244002235e+00,4.202528163995475019e+00,2.472373510971559440e+00,9.434157628958539377e-01,3.644193931875482129e+00,3.716458357362650844e+00,2.840915843915258865e+00,3.538014458057586520e+00,4.377395666373240068e+00,3.914510741876508604e+00,3.871648493919930711e+00,3.067949110127871304e+00,1.067227828470510120e+00,5.891858029462181401e-01,1.309000364744168587e+00,4.178025116155806629e+00,3.773213203250314951e+00,3.564234108523488320e+00,3.169900074383270372e+00,3.464031922959205367e+00,3.285549406189117505e+00,4.191309414162185831e+00,4.181045841480591996e+00,3.026837673177746435e+00,2.070639722216818246e+00,1.627896177615908713e-01,2.969212133941431908e+00,5.057912315453824803e+00,4.590487687179763299e+00,4.345565371772810437e+00,3.862401327714209298e+00,3.831426444787516594e+00,4.401568913170912367e+00,4.782170042202239735e+00,4.474557536179077033e+00,3.649455775942909153e+00,1.620544029230705396e+00,4.713404230421788799e-01,4.434112859493692937e+00,5.540414348164137692e+00,5.101845514327901121e+00,4.451447353394942574e+00,3.727562012440425399e+00,4.174681263167187240e+00,4.139341602770965522e+00,3.957804989384009708e+00,3.933137646702545620e+00,2.063042024416369191e+00,3.741788339463290591e-01,7.267263127176267767e-01,3.007060455306342917e+00,2.471588900178854686e+00,2.375887046228646771e+00,3.439026545750020425e+00,4.248479894624930253e+00,3.329293231456988966e+00,2.541568377646185706e+00,2.577723888803549634e+00,9.180513344318415037e-01,2.370118387907963198e-01,1.156860670967421179e+00,1.588396769367520500e+00,9.919142404773830801e-01,8.367992796450433035e-01,1.471323282619606543e+00,1.913130868117941252e-01,3.136887962156765212e-11,2.779585783948683164e-01,3.289546185740524487e-02
1.892586933676085659e+00,5.660733242042655933e-01,6.354799339529765279e-01,4.341677028082983614e-01,1.891734400655999515e+00,9.554533556198955280e-01,3.369064975222010538e+00,2.642030178518318451e+00,2.149132554888732116e+00,3.099720590400671050e+00,4.202551689341256669e+00,2.472956664388335390e+00,9.434157628948902641e-01,3.644204041457470122e+00,3.716496703371605648e+00,2.841028378883073469e+00,3.538330035102979831e+00,4.377445821837115503e+00,3.916368950991317988e+00,3.873594213827012744e+00,3.068432509622604609e+00,1.069908943196213214e+00,5.927160826433043317e-01,1.309089810830937450e+00,4.178186943633946271e+00,3.773394464877207533e+00,3.564375467428176680e+00,3.171264067877444415e+00,3.465465627658036230e+00,3.289274277179507600e+00,4.197309626709451180e+00,4.189357904991659609e+00,3.039301025739752138e+00,2.084308436887007954e+00,1.635298168465198210e-01,2.969223534720931479e+00,5.058053536609514289e+00,4.590567308707218963e+00,4.345627160928799526e+00,3.862620861583692555e+00,3.831921376970774062e+00,4.401947957111598697e+00,4.784788770430343341e+00,4.477684797654663207e+00,3.664699178299719584e+00,1.642449216259561640e+00,4.764569816897577526e-01,4.435718870623995613e+00,5.542078322676137425e+00,5.104337845916004035e+00,4.452302251184997672e+00,3.730966945397846679e+00,4.177020901624379334e+00,4.140147623182738101e+00,3.962074861621299959e+00,3.933730715214553975e+00,2.075639837041881819e+00,3.836464091643050911e-01,7.267428922987595463e-01,3.007679151172475862e+00,2.480576495139240389e+00,2.381799271830678855e+00,3.458118300632577746e+00,4.255644522447818545e+00,3.342742685877292619e+00,2.559359293156653781e+00,2.584236446697278922e+00,9.254103652315607276e-01,2.372074551083916960e-01,1.164902930700231876e+00,1.602320637525070479e+00,9.962095326645596938e-01,8.367992796458623150e-01,1.476885033218217513e+00,1.927499206765975193e-01,3.012047915345754592e-11,2.779585783945935362e-01,3.289546186896175756e-02
1.892615876738367175e+00,5.666084269576344701e-01,6.355218770982515863e-01,4.341677028073311906e-01,1.891739971740473036e+00,9.554703530745701778e-01,3.369107544528854525e+00,2.644734724538904569e+00,2.149170864548864746e+00,3.099734393058077409e+00,4.202574155872005335e+00,2.473513571577802050e+00,9.434157628939170426e-01,3.644213696033261396e+00,3.716533323525804011e+00,2.841135848942944797e+00,3.538631408841582893e+00,4.377493719933205796e+00,3.918143526919140474e+00,3.875452361912652854e+00,3.068894152556094213e+00,1.072469387881415548e+00,5.960874735804706503e-01,1.309175231180591759e+00,4.178341487675722554e+00,3.773567568386958282e+00,3.564510464134061252e+00,3.172566671551673601e+00,3.466834805015874821e+00,3.292831501359079205e+00,4.203039785206454049e+00,4.197295864019030986e+00,3.051203435033118971e+00,2.097361958057133879e+00,1.642367014847395945e-01,2.969234422380769178e+00,5.058188401766125608e+00,4.590643346675565617e+00,4.345686169114634900e+00,3.862830514801426141e+00,3.832394033536297595e+00,4.402309941264662463e+00,4.787289636472872978e+00,4.480671309178271500e+00,3.679256514535847788e+00,1.663368507467176016e+00,4.813432572641521134e-01,4.437252599346408921e+00,5.543667405998331965e+00,5.106718004104435771e+00,4.453118672236228370e+00,3.734218631127952381e+00,4.179255239004858957e+00,4.140917366700086255e+00,3.966152557951020619e+00,3.934297091246452549e+00,2.087670654699028461e+00,3.926878733051346604e-01,7.267587256757618297e-01,3.008270001137561156e+00,2.489159581692331979e+00,2.387445403447320480e+00,3.476350784999101773e+00,4.262486688900065879e+00,3.355586815134373957e+00,2.576349485567377418e+00,2.590455891201643990e+00,9.324381850854116527e-01,2.373942672413427435e-01,1.172583229120170323e+00,1.615617828384381616e+00,1.000311504858201417e+00,8.367992796467277339e-01,1.482196463805106168e+00,1.941220863647594441e-01,2.890700490941205513e-11,2.779585783943328559e-01,3.289546188111417552e-02
1.892643517148205667e+00,5.671194461197937020e-01,6.355619324909673740e-01,4.341677028063536392e-01,1.891745292084785035e+00,9.554865855177085976e-01,3.369148197901223440e+00,2.647317545936999750e+00,2.149207449990204299e+00,3.099747574493509461e+00,4.202595611242246676e+00,2.474045413814777383e+00,9.434157628929333850e-01,3.644222916081506281e+00,3.716568295501504249e+00,2.841238482053280556e+00,3.538919218527503130e+00,4.377539462259797176e+00,3.919838233773445868e+00,3.877226879558071992e+00,3.069335018134899062e+00,1.074914593572587007e+00,5.993071269299126147e-01,1.309256806981147436e+00,4.178489076089768162e+00,3.773732880955322777e+00,3.564639384987256410e+00,3.173810648402998424e+00,3.468142359241470629e+00,3.296228624077252256e+00,4.208512044087637349e+00,4.204876556038082747e+00,3.062570147663765674e+00,2.109827973995740624e+00,1.649117710733419562e-01,2.969244820015133346e+00,5.058317196990739006e+00,4.590715962371529457e+00,4.345742521494587507e+00,3.863030732069988371e+00,3.832845417052036296e+00,4.402655633447027483e+00,4.789677945002009274e+00,4.483523405541260942e+00,3.693158662713214468e+00,1.683346275474926212e+00,4.860096142109628370e-01,4.438717298905188180e+00,5.545184968789505398e+00,5.108991037527833790e+00,4.453898348287147257e+00,3.737323966892144522e+00,4.181389014637778345e+00,4.141652466052214265e+00,3.970046727713801182e+00,3.934837976157742556e+00,2.099159996365082215e+00,4.013224045264570106e-01,7.267738464333508563e-01,3.008834258473595202e+00,2.497356365715479587e+00,2.392837417280732737e+00,3.493762672393441626e+00,4.269020907134079224e+00,3.367852863348455017e+00,2.592574993354398227e+00,2.596395414592305162e+00,9.391497009415505914e-01,2.375726714432297160e-01,1.179917857169870521e+00,1.628316547070033815e+00,1.004228857891278581e+00,8.367992796476403372e-01,1.487268840636664535e+00,1.954324944236736916e-01,2.772706890078216580e-11,2.779585783940862753e-01,3.289546189386552411e-02
1.892669913534617665e+00,5.676074656309028077e-01,6.356001850939839715e-01,4.341677028053652077e-01,1.891750372974100980e+00,9.555020873805011306e-01,3.369187021570372309e+00,2.649784121223081712e+00,2.149242388815378213e+00,3.099760162666560959e+00,4.202616100961699352e+00,2.474553319207954516e+00,9.434157628919388472e-01,3.644231721159165716e+00,3.716601693478958524e+00,2.841336495912671012e+00,3.539194074643673193e+00,4.377583145842498524e+00,3.921456666254691470e+00,3.878921530753115743e+00,3.069756041494022369e+00,1.077249746878839121e+00,6.023818720080583722e-01,1.309334711265816908e+00,4.178630021930900718e+00,3.773890753232424178e+00,3.564762503446178510e+00,3.174998637073107588e+00,3.469391063832647504e+00,3.299472851086780345e+00,4.213738010747777984e+00,4.212116060712966181e+00,3.073425273953167114e+00,2.121732926794008378e+00,1.655564575254333815e-01,2.969254749678801542e+00,5.058440195475296441e+00,4.590785309822739357e+00,4.345796337599607817e+00,3.863221938077043838e+00,3.833276484962947706e+00,4.402985766918162902e+00,4.791958761940355416e+00,4.486247136422410797e+00,3.706435111152023509e+00,1.702424895807249428e+00,4.904659504988977958e-01,4.440116076124477118e+00,5.546634230003803623e+00,5.111161767594845529e+00,4.454642933135194660e+00,3.740289539523926177e+00,4.183426754547342696e+00,4.142354480483407819e+00,3.973765630965819806e+00,3.935354517237841243e+00,2.110132232474140057e+00,4.095683178266329438e-01,7.267882866446825352e-01,3.009373120046041183e+00,2.505184233686574391e+00,2.397986750515188170e+00,3.510390895763248587e+00,4.275261037102804806e+00,3.379566848452360883e+00,2.608070232995145954e+00,2.602067615394709765e+00,9.455591488249472931e-01,2.377430461332840916e-01,1.186922372578770313e+00,1.640443729266890971e+00,1.007969900994771351e+00,8.367992796485994589e-01,1.492112922904219596e+00,1.966839244045230084e-01,2.657939456908439575e-11,2.779585783938536281e-01,3.289546190721975849e-02
1.892695121887879806e+00,5.680735206457776520e-01,6.356367160462030874e-01,4.341677028043652298e-01,1.891755225185670408e+00,9.555168915444788302e-01,3.369224097886510894e+00,2.652139682334038628e+00,2.149275755134321564e+00,3.099772184278436704e+00,4.202635668491806697e+00,2.475038365092770309e+00,9.434157628909326521e-01,3.644240129942991402e+00,3.716633588299756763e+00,2.841430098421654282e+00,3.539456560196769797e+00,4.377624863340048300e+00,3.923002257275162385e+00,3.880539910080179400e+00,3.070158115680459154e+00,1.079479800973421444e+00,6.053182307614644042e-01,1.309409109280034622e+00,4.178764624164148067e+00,3.774041520086531154e+00,3.564880080661587680e+00,3.176133157445251598e+00,3.470583567459264884e+00,3.302571063828120934e+00,4.218728770162833541e+00,4.219029734003728827e+00,3.083791839079577990e+00,2.133102068452971789e+00,1.661721283074147903e-01,2.969264232433924899e+00,5.058557658116075828e+00,4.590851536124438859e+00,4.345847731580866125e+00,3.863404538396165044e+00,3.833688151621867046e+00,4.403301041935425708e+00,4.794136925206439415e+00,4.488848279220105653e+00,3.719114020979444657e+00,1.720644836775812259e+00,4.947217186146898871e-01,4.441451897998300424e+00,5.548018263718575760e+00,5.113234798714985097e+00,4.455354006144664147e+00,3.743121639400457834e+00,4.185372781053110280e+00,4.143024899060398170e+00,3.977317155999485099e+00,3.935847810139635694e+00,2.120610636610082977e+00,4.174431038933114624e-01,7.268020769393832570e-01,3.009887728852543631e+00,2.512659789563099100e+00,2.402904325576872502e+00,3.526270725799708572e+00,4.281220314958550155e+00,3.390753617379043572e+00,2.622868071970403392e+00,2.607484525107255369e+00,9.516801240339021195e-01,2.379057526990665528e-01,1.193611632863139427e+00,1.652025098354299670e+00,1.011542569422661630e+00,8.367992796496060981e-01,1.496738985555720491e+00,1.978790307580796104e-01,2.546281875749024528e-11,2.779585783936350252e-01,3.289546192118145140e-02
1.892719195678291166e+00,5.685185997295928439e-01,6.356716028346737213e-01,4.341677028033530394e-01,1.891759859011686196e+00,9.555310294112603353e-01,3.369259505493478635e+00,2.654389225730809709e+00,2.149307619721471330e+00,3.099783664828589469e+00,4.202654355337926084e+00,2.475501580316581407e+00,9.434157628899142445e-01,3.644248160269143444e+00,3.716664047617091349e+00,2.841519488123703585e+00,3.539707231953845401e+00,4.377664703240853328e+00,3.924478285240638353e+00,3.882085450338801369e+00,3.070542093547468543e+00,1.081609486100063355e+00,6.081224316007386443e-01,1.309480158831965113e+00,4.178893168298896121e+00,3.774185501314357261e+00,3.564992366030524718e+00,3.177216615989251203e+00,3.471722399581401053e+00,3.305529834025891400e+00,4.223494908402657622e+00,4.225632240738371515e+00,3.093691831917523061e+00,2.143959514446401204e+00,1.667600893395609074e-01,2.969273288394699506e+00,5.058669834067089255e+00,4.590914781751495255e+00,4.345896812451884195e+00,3.863578920347105150e+00,3.834081290228974037e+00,4.403602127239398811e+00,4.796217054976584571e+00,4.491332351306967396e+00,3.731222285863137866e+00,1.738044745318223949e+00,4.987859456130890323e-01,4.442727597983954446e+00,5.549340005654895158e+00,5.115214528065200383e+00,4.456033075596745441e+00,3.745826273785291871e+00,4.187231221938212400e+00,4.143665143830875586e+00,3.980708836075563806e+00,3.936318901203511356e+00,2.130617434872966953e+00,4.249634662035228772e-01,7.268152465685188135e-01,3.010379176447379290e+00,2.519798890001347935e+00,2.407600573301813540e+00,3.541435845751406575e+00,4.286911381128634346e+00,3.401436898765256789e+00,2.636999898480638649e+00,2.612657633721710226e+00,9.575256099774965834e-01,2.380611362630183914e-01,1.199999826840864703e+00,1.663085219968824635e+00,1.014954441283671516e+00,8.367992796506601438e-01,1.501156841090280247e+00,1.990203484651512922e-01,2.437625867471198950e-11,2.779585783934304111e-01,3.289546193575629274e-02
1.892742185969590540e+00,5.689436469547606290e-01,6.357049194589536878e-01,4.341677028023281371e-01,1.891764284281116648e+00,9.555445309691583677e-01,3.369293319495558769e+00,2.656537522996547107e+00,2.149338050165891634e+00,3.099794628668807395e+00,4.202672201137366059e+00,2.475943947420984337e+00,9.434157628888830693e-01,3.644255829171022310e+00,3.716693136039260104e+00,2.841604854626364141e+00,3.539946621623306644e+00,4.377702750050686653e+00,3.925887881004334723e+00,3.883561429827089295e+00,3.070908789563589814e+00,1.083643319606456989e+00,6.108004226118343150e-01,1.309548010627236359e+00,4.179015926994490648e+00,3.774323002319392995e+00,3.565099597725313263e+00,3.178251310865944923e+00,3.472809975814677319e+00,3.308355437628378137e+00,4.228046535085477231e+00,4.231937585718907435e+00,3.103146251679147483e+00,2.154328294872955407e+00,1.673215877660522433e-01,2.969281936770034491e+00,5.058776961268571348e+00,4.590975180856363913e+00,4.345943684319769851e+00,3.863745453817358122e+00,3.834456734683965973e+00,4.403889661472381256e+00,4.798203563484928935e+00,4.493704621732944382e+00,3.742785589056328632e+00,1.754661528973374240e+00,5.026672522644551888e-01,4.443945882012149795e+00,5.550602259404621819e+00,5.117105154916875343e+00,4.456681581888794597e+00,3.748409179570581617e+00,4.189006019204938980e+00,4.144276572839840078e+00,3.983947865402235777e+00,3.936768789676777569e+00,2.140173853023562778e+00,4.321453564539926018e-01,7.268278234666402104e-01,3.010848505256789043e+00,2.526616677990520810e+00,2.412085455061084183e+00,3.555918422871015228e+00,4.292346307127434812e+00,3.411639353283175247e+00,2.650495688024587793e+00,2.617597914095026290e+00,9.631080057151448770e-01,2.382095264145125124e-01,1.206100504727833478e+00,1.673647554111257207e+00,1.018212753615446831e+00,8.367992796517620402e-01,1.505375860371802377e+00,2.001102984136154950e-01,2.331871329104591890e-11,2.779585783932397858e-01,3.289546195095081893e-02
1.892764141527270239e+00,5.693495639034352740e-01,6.357367365880717269e-01,4.341677028012898565e-01,1.891768510380553270e+00,9.555574248567894058e-01,3.369325611616785121e+00,2.658589130957785596e+00,2.149367111014637732e+00,3.099805099054866897e+00,4.202689243743461311e+00,2.476366404725919512e+00,9.434157628878385715e-01,3.644263152915398596e+00,3.716720915266708225e+00,2.841686379003435015e+00,3.540175236982740614e+00,4.377739084471936160e+00,3.927234034507857796e+00,3.884970979295431004e+00,3.071258981540239574e+00,1.085585615526156289e+00,6.133578841727378439e-01,1.309612808588604960e+00,4.179133160638586197e+00,3.774454314759706275e+00,3.565202003198756575e+00,3.179239436801894136e+00,3.473848603054102480e+00,3.311053868119665733e+00,4.232393304821744806e+00,4.237959143427425523e+00,3.112175152456362781e+00,2.164230403306108830e+00,1.678578146003351368e-01,2.969290195904295437e+00,5.058879266951681331e+00,4.591032861553645539e+00,4.345988446606036781e+00,3.863904492046738248e+00,3.834815281354872152e+00,4.404164254533035283e+00,4.800100664382360272e+00,4.495970122401673486e+00,3.753828457875433067e+00,1.770530434167269629e+00,5.063738713405683267e-01,4.445109334226651221e+00,5.551807702377198339e+00,5.118910689543049841e+00,4.457300900589608261e+00,3.750875835445801609e+00,4.190700937436250051e+00,4.144860483010197605e+00,3.987041114394976660e+00,3.937198429833205893e+00,2.149300161506037643e+00,4.390040083968288487e-01,7.268398343110366033e-01,3.011296710790104747e+00,2.533127614973034625e+00,2.416368483890205976e+00,3.569749176646348499e+00,4.297536621161680337e+00,3.421382621706721139e+00,2.663384066981304699e+00,2.622315845224240771e+00,9.684391522566613286e-01,2.383512379089565980e-01,1.211926606879758284e+00,1.683734504908422247e+00,1.021324417735284262e+00,8.367992796529131194e-01,1.509404992505839038e+00,2.011511925334468487e-01,2.228925757434351919e-11,2.779585783930635934e-01,3.289546196677235051e-02
1.892785108922013348e+00,5.697372115798897685e-01,6.357671217104262640e-01,4.341677028002375316e-01,1.891772546274121281e+00,9.555697384238195369e-01,3.369356450353079069e+00,2.660548401350080638e+00,2.149394863909667386e+00,3.099815098195862983e+00,4.202705519305865778e+00,2.476769848319972933e+00,9.434157628867799739e-01,3.644270147036917873e+00,3.716747444222904040e+00,2.841764234179052551e+00,3.540393562955978624e+00,4.377773783574782307e+00,3.928519601123276583e+00,3.886317088587234458e+00,3.071593412281554691e+00,1.087440493729221247e+00,6.158002410023118989e-01,1.309674690161236610e+00,4.179245117899461626e+00,3.774579717166591131e+00,3.565299799666595604e+00,3.180183089744692992e+00,3.474840484367306637e+00,3.313630849232617859e+00,4.236544437692862708e+00,4.243709686395165548e+00,3.120797685758262663e+00,2.173686843445469030e+00,1.683699072514207862e-01,2.969298083316215475e+00,5.058976968120490803e+00,4.591087946191836799e+00,4.346031194257495400e+00,3.864056372376649673e+00,3.835157690767255101e+00,4.404426488870059941e+00,4.801912381674236840e+00,4.498133658743820540e+00,3.764374315725782516e+00,1.785685120975430307e+00,5.099136650774404034e-01,4.446220422465597899e+00,5.552958891478788850e+00,5.120634961724743306e+00,4.457892345357186592e+00,3.753231473518780170e+00,4.192319571780960707e+00,4.145418112893709761e+00,3.989995144249626868e+00,3.937608732997174954e+00,2.158015718444286524e+00,4.455539701523525964e-01,7.268513045783211446e-01,3.011724743751357458e+00,2.539345511519179865e+00,2.420458744667571160e+00,3.582957443960514521e+00,4.302493332583327224e+00,3.430687370814546000e+00,2.675692373330549767e+00,2.626821434473832539e+00,9.735303576786294988e-01,2.384865713354314964e-01,1.217490491240406536e+00,1.693367468135334786e+00,1.024296033899962266e+00,8.367992796541138256e-01,1.513252783821843916e+00,2.021452387006308915e-01,2.128702613011682275e-11,2.779585783929018339e-01,3.289546198322924192e-02
1.892805132628477605e+00,5.701074122368213759e-01,6.357961392769375664e-01,4.341677027991706628e-01,1.891776400522494184e+00,9.555814977889773854e-01,3.369385901117535997e+00,2.662419490048624660e+00,2.149421367718594045e+00,3.099824647301316016e+00,4.202721062347230863e+00,2.477155133961101541e+00,9.434157628857068323e-01,3.644276826371051659e+00,3.716772779179321695e+00,2.841838585294484520e+00,3.540602062641683645e+00,4.377806920960675363e+00,3.929747307709744675e+00,3.887602612980789019e+00,3.071912791159977285e+00,1.089211888661014038e+00,6.181326736668515398e-01,1.309733786604245775e+00,4.179352036253479952e+00,3.774699475535367998e+00,3.565393194568253765e+00,3.181084271308755707e+00,3.475787723667542295e+00,3.316091847089684741e+00,4.240508738808213884e+00,4.249201412294764779e+00,3.129032141134043155e+00,2.182717673668439495e+00,1.688589519364823432e-01,2.969305615736054449e+00,5.059070272012281322e+00,4.591140551612840959e+00,4.346072017947643751e+00,3.864201416965631797e+00,3.835484689217388610e+00,4.404676920717646382e+00,4.803642558255841521e+00,4.500199819910044141e+00,3.774445531785806995e+00,1.800157734520422714e+00,5.132941418521730359e-01,4.447281503496115285e+00,5.554058268535825071e+00,5.122281628874436166e+00,4.458457170725179886e+00,3.755481090413703704e+00,4.193865355579537102e+00,4.145950645298125181e+00,3.992816220859570553e+00,3.938000569476708179e+00,2.166339010703107970e+00,4.518091350676114448e-01,7.268622585984705342e-01,3.012133512055847451e+00,2.545283556621192655e+00,2.424364913384689846e+00,3.595571241319377886e+00,4.307226955241870492e+00,3.439573337227036287e+00,2.687446714640311374e+00,2.631124238802684090e+00,9.783924211103488533e-01,2.386158137542809532e-01,1.222803959554454867e+00,1.702566876598506473e+00,1.027133905305769979e+00,8.367992796553641588e-01,1.516927396001083173e+00,2.030945454203648137e-01,2.031119668201168595e-11,2.779585783927543963e-01,3.289546200033059004e-02
1.892824255119630594e+00,5.704609511194600469e-01,6.358238508377563880e-01,4.341677027980886949e-01,1.891780081301051242e+00,9.555927278954549076e-01,3.369414026379178750e+00,2.664206365883414307e+00,2.149446678659551857e+00,3.099833766626160614e+00,4.202735905836433972e+00,2.477523078891807895e+00,9.434157628846184807e-01,3.644283205085564692e+00,3.716796973874803456e+00,2.841909590058417479e+00,3.540801178295645446e+00,4.377838566918455854e+00,3.930919758397537933e+00,3.888830279245690580e+00,3.072217795620931113e+00,1.090903557687686209e+00,6.203601295687598549e-01,1.309790223269113207e+00,4.179454142488806312e+00,3.774813843889595510e+00,3.565482386006840976e+00,3.181944893021006582e+00,3.476692330176369250e+00,3.318442081797279730e+00,4.244294616981977519e+00,4.254445969813159145e+00,3.136895984967588369e+00,2.191342049576728623e+00,1.693259859848670335e-01,2.969312809141086973e+00,5.059159376537119002e+00,4.591190789399812289e+00,4.346111004269001654e+00,3.864339933472701993e+00,3.835796970312829846e+00,4.404916081275319861e+00,4.805294864063678340e+00,4.502172988505199314e+00,3.784063468455062917e+00,1.813978973155973229e+00,5.165224721092310789e-01,4.448294828013334978e+00,5.555108165474445414e+00,5.123854183793930872e+00,4.458996574763926191e+00,3.757629457869623657e+00,4.195341567646665659e+00,4.146459209796074852e+00,3.995510328106533837e+00,3.938374770409516223e+00,2.174287693101323971e+00,4.577827711860311122e-01,7.268727196064322937e-01,3.012523882755956617e+00,2.550954345668874357e+00,2.428095275549130516e+00,3.607617324278324933e+00,4.311747529785630029e+00,3.448059369270335850e+00,2.698672023444456336e+00,2.635233385035674392e+00,9.830356556402357615e-01,2.387392393060050466e-01,1.227878282400572507e+00,1.711352243476668589e+00,1.029844051458432830e+00,8.367992796566647851e-01,1.520436623388655706e+00,2.040011262994796681e-01,1.936100117255579304e-11,2.779585783926217801e-01,3.289546201808626197e-02
1.892842516956841470e+00,5.707985781311779583e-01,6.358503151728205349e-01,4.341677027969909064e-01,1.891783596417218938e+00,9.556034525638152921e-01,3.369440885795459195e+00,2.665912819057672412e+00,2.149470850420442058e+00,3.099842475513709505e+00,4.202750081258507464e+00,2.477874463572624641e+00,9.434157628835143639e-01,3.644289296710568227e+00,3.716820079629542750e+00,2.841977399081478062e+00,3.540991332268864866e+00,4.377868788573445968e+00,3.932039440111763984e+00,3.890002691426687420e+00,3.072509072619772574e+00,1.092519089066054994e+00,6.224873334406517689e-01,1.309844119865573475e+00,4.179551653186457827e+00,3.774923064819888818e+00,3.565567563169358412e+00,3.182766780375486881e+00,3.477556222685477927e+00,3.320686538518325737e+00,4.247910102569351309e+00,4.259454483360006094e+00,3.144405897526010740e+00,2.199578264627947810e+00,1.697720000384107253e-01,2.969319678789491768e+00,5.059244470697648488e+00,4.591238766113834302e+00,4.346148235916783342e+00,3.864472215709940706e+00,3.836095196443653155e+00,4.405144477834691763e+00,4.806872803859898902e+00,4.504057349884429406e+00,3.793248526666745946e+00,1.827178153582293518e+00,5.196055035699169711e-01,4.449262545414421233e+00,5.556110809266823658e+00,5.125355962083052219e+00,4.459511701621712731e+00,3.759681132861956598e+00,4.196751339226067579e+00,4.146944885121046198e+00,3.998083180553199778e+00,3.938732129525950310e+00,2.181878625860016907e+00,4.634875493907144595e-01,7.268827097914087876e-01,3.012896683880281312e+00,2.556369907166104571e+00,2.431657743759191970e+00,3.619121244194385412e+00,4.316064644959307195e+00,3.456163466956170272e+00,2.709392110127978981e+00,2.639157589222896227e+00,9.874699101912671750e-01,2.388571097927489617e-01,1.232724223097829253e+00,1.719742203710839412e+00,1.032432220941289502e+00,8.367992796580168147e-01,1.523787909526343798e+00,2.048669043175704030e-01,1.843570966536446286e-11,2.779585783925042630e-01,3.289546203650744322e-02
1.892859956875917904e+00,5.711210094241359059e-01,6.358755884165345762e-01,4.341677027958767976e-01,1.891786953327031950e+00,9.556136945425200979e-01,3.369466536338802776e+00,2.667542469187373921e+00,2.149493934272812545e+00,3.099850792436683378e+00,4.202763618681423452e+00,2.478210033337572504e+00,9.434157628823937047e-01,3.644295114167216632e+00,3.716842145453945978e+00,2.842042156195696556e+00,3.541172927903415424e+00,4.377897650029830778e+00,3.933108727847460795e+00,3.891122336367208501e+00,3.072787239994071662e+00,1.094061909554777223e+00,6.245187973671454396e-01,1.309895590715535851e+00,4.179644775179700567e+00,3.775027369998486648e+00,3.565648906727989953e+00,3.183551676705471678e+00,3.478381233626708813e+00,3.322829978046454080e+00,4.251362864500012329e+00,4.264237576664055673e+00,3.151577808340735309e+00,2.207443788938488360e+00,1.701979401527221603e-01,2.969326239252716437e+00,5.059325734989995382e+00,4.591284583519951390e+00,4.346183791864306478e+00,3.864598544265706703e+00,3.836380000187468831e+00,4.405362594855487757e+00,4.808379724666374422e+00,4.505856901030867334e+00,3.802020189160804531e+00,1.839783273030731747e+00,5.225497757573057678e-01,4.450186708357729337e+00,5.557068326654874824e+00,5.126790149214905057e+00,4.460003643951673702e+00,3.761640467268441590e+00,4.198097660632277517e+00,4.147408701455522539e+00,4.000540235564563396e+00,3.939073404832611036e+00,2.189127910365318286e+00,4.689355702810832915e-01,7.268922503439236849e-01,3.013252706189990526e+00,2.561541728244908889e+00,2.435059874487585319e+00,3.630107402424083585e+00,4.320187457943002407e+00,3.463902820162285234e+00,2.719629713432016871e+00,2.642905175127566508e+00,9.917045904118659827e-01,2.389696752336203656e-01,1.237352060536138110e+00,1.727754553531532178e+00,1.034903903608809239e+00,8.367992796594203586e-01,1.526988362941362531e+00,2.056937159058934428e-01,1.753462459681128062e-11,2.779585783924020115e-01,3.289546205560616582e-02
1.892876611869267922e+00,5.714289289183380749e-01,6.358997241768389319e-01,4.341677027947457579e-01,1.891790159150948059e+00,9.556234755561813232e-01,3.369491032417453180e+00,2.669098772978941714e+00,2.149515979180610881e+00,3.099858735036392421e+00,4.202776546819873893e+00,2.478530499975116985e+00,9.434157628812561702e-01,3.644300669795117464e+00,3.716863218152587134e+00,2.842103998759596184e+00,3.541346350387987840e+00,4.377925212506628583e+00,3.934129889707281613e+00,3.892191588984290185e+00,3.073052887774125441e+00,1.095535291682964374e+00,6.264588303555985727e-01,1.309944744995575894e+00,4.179733705992770609e+00,3.775126980670659105e+00,3.565726589223331189e+00,3.184301246881313663e+00,3.479169112958882426e+00,3.324876946904286701e+00,4.254660226544944024e+00,4.268805395307498252e+00,3.158426929996172028e+00,2.214955306339980279e+00,1.706047098038936949e-01,2.969332504446384302e+00,5.059403341786621766e+00,4.591328338803028153e+00,4.346217747530502606e+00,3.864719187099801889e+00,3.836651985651204022e+00,4.405570894993156017e+00,4.809818822864177612e+00,4.507575459033769327e+00,3.810397061809446040e+00,1.851821068649654123e+00,5.253615338674504365e-01,4.451069277116770806e+00,5.557982748661358663e+00,5.128159787292685401e+00,4.460473445229448330e+00,3.763511617100053108e+00,4.199383387593506711e+00,4.147851642616137369e+00,4.002886704883734659e+00,3.939399320220182243e+00,2.196050923321608117e+00,4.741383898398718322e-01,7.269013615007701157e-01,3.013592704856138837e+00,2.566480779031205639e+00,2.438308884109726904e+00,3.640599102081988114e+00,4.324124713775820084e+00,3.471293845094482133e+00,2.729406548685772815e+00,2.646484091881846190e+00,9.957486786265428158e-01,2.390771743950134698e-01,1.241771610979159002e+00,1.735406288206946979e+00,1.037264342231308145e+00,8.367992796608774153e-01,1.530044772224500527e+00,2.064833148426833687e-01,1.665708189533137912e-11,2.779585783923155251e-01,3.289546207539539857e-02
1.892892517264367580e+00,5.717229897523177229e-01,6.359227736489189153e-01,4.341677027935971767e-01,1.891793220688951394e+00,9.556328163516419893e-01,3.369514425990879136e+00,2.670585031561379274e+00,2.149537031904044770e+00,3.099866320160157063e+00,4.202788893096173872e+00,2.478836543237964207e+00,9.434157628801010942e-01,3.644305975378504758e+00,3.716883342423486614e+00,2.842163057949549376e+00,3.541511967574926256e+00,4.377951534467550587e+00,3.935105091712444381e+00,3.893212717306094195e+00,3.073306579434494257e+00,1.096942360691655294e+00,6.283115474760905261e-01,1.309991686968513980e+00,4.179818634259844679e+00,3.775222108123999831e+00,3.565800775430372216e+00,3.185017080841856085e+00,3.479921531879699881e+00,3.326831786987219708e+00,4.257809182851138630e+00,4.273167628246104854e+00,3.164967790397646308e+00,2.222128749767936728e+00,1.709931718048950944e-01,2.969338487659813453e+00,5.059477455701950177e+00,4.591370124773887618e+00,4.346250174939894073e+00,3.864834400111850865e+00,3.836911729752496392e+00,4.405769820080218224e+00,4.811193150973533506e+00,4.509216669185077464e+00,3.818396913082683586e+00,1.863317074217521352e+00,5.280467420162793246e-01,4.451912123738215321e+00,5.558856014897952669e+00,5.129467781502391688e+00,4.460922101966539266e+00,3.765298551316459630e+00,4.200611247309026020e+00,4.148274648140481524e+00,4.005127565686744440e+00,3.939710566998900543e+00,2.202662349367566108e+00,4.791070439449157115e-01,7.269100625879353350e-01,3.013917401061484647e+00,2.571197535913914756e+00,2.441411664210636268e+00,3.650618597469744486e+00,4.327884763905268883e+00,3.478352219107590848e+00,2.738743353867638231e+00,2.649901930848014064e+00,9.996107528886107874e-01,2.391798352970646302e-01,1.245992248885910092e+00,1.742713638092212358e+00,1.039518543615568502e+00,8.367992796623899832e-01,1.532963620429629970e+00,2.072373759731519216e-01,1.580243806135684402e-11,2.779585783922445819e-01,3.289546209588919967e-02
1.892907706798694134e+00,5.720038156685315345e-01,6.359447857237970902e-01,4.341677027924304988e-01,1.891796144434976457e+00,9.556417367419837161e-01,3.369536766679988915e+00,2.672004397488411342e+00,2.149557137098764947e+00,3.099873563897044271e+00,4.202800683698434625e+00,2.479128812284908445e+00,9.434157628789278105e-01,3.644311042171233694e+00,3.716902560952923817e+00,2.842219459038018758e+00,3.541670130760489865e+00,4.377976671745007486e+00,3.936036402397154355e+00,3.894187887282700267e+00,3.073548853089205668e+00,1.098286101162871287e+00,6.300808785900381404e-01,1.310036516204570400e+00,4.179899740125168961e+00,3.775312954136592847e+00,3.565871622708007393e+00,3.185700696966906165e+00,3.480640086370573538e+00,3.328698644773164350e+00,4.260816412777117534e+00,4.277333528360804493e+00,3.171214263587033511e+00,2.228979335057646338e+00,1.713641501357155705e-01,2.969344201584203979e+00,5.059548233941533191e+00,4.591410030066178649e+00,4.346281142875364267e+00,3.864944427684098738e+00,3.837159783443411243e+00,4.405959792063456781e+00,4.812505624128625925e+00,4.510784012711568813e+00,3.826036711737644591e+00,1.874295674303455783e+00,5.306110958902867658e-01,4.452717036012753482e+00,5.559689977679430406e+00,5.130716906275113232e+00,4.461350565824040437e+00,3.767005060244718262e+00,4.201783844233920817e+00,4.148678615279989046e+00,4.007267571139798257e+00,3.940007805364915683e+00,2.208976212224261104e+00,4.838520717777279878e-01,7.269183720615938205e-01,3.014227483530215412e+00,2.575702003766782600e+00,2.444374796202913203e+00,3.660187141280430101e+00,4.331475583901802651e+00,3.485092913959243699e+00,2.747659933593224135e+00,2.653165941720763588e+00,1.003299005175386283e+00,2.392778756973134302e-01,1.250022926795251399e+00,1.749692103056144310e+00,1.041671289224947117e+00,8.367992796639589503e-01,1.535751098825134164e+00,2.079574987620590454e-01,1.497006767249286940e-11,2.779585783921898479e-01,3.289546211710266121e-02
1.892922212691288797e+00,5.722720023364012976e-01,6.359658070920374273e-01,4.341677027912451137e-01,1.891798936590682434e+00,9.556502556485523270e-01,3.369558101872380806e+00,2.673359881425472651e+00,2.149576337410587179e+00,3.099880481611993144e+00,4.202811943636105774e+00,2.479407927057786676e+00,9.434157628777357640e-01,3.644315880920653061e+00,3.716920914505977613e+00,2.842273321659275709e+00,3.541821175430003965e+00,4.378000677658537398e+00,3.936925797196241028e+00,3.895119167380376890e+00,3.073780222633165859e+00,1.099569363350315410e+00,6.317705766859583738e-01,1.310079327792567305e+00,4.179977195625158792e+00,3.775399711405013736e+00,3.565939281332812794e+00,3.186353545297921919e+00,3.481326300581919941e+00,3.330481480117784443e+00,4.263688295060748423e+00,4.281311932084283178e+00,3.177179599171462421e+00,2.235521593218997793e+00,1.717184316911358755e-01,2.969349658339557774e+00,5.059615826635510238e+00,4.591448139324378452e+00,4.346310717024057801e+00,3.865049503199777359e+00,3.837396672879087589e+00,4.406141213898920661e+00,4.813759026260989060e+00,4.512280814159005615e+00,3.833332662811579805e+00,1.884780155990182449e+00,5.330600348278464740e-01,4.453485721267240294e+00,5.560486405952666189e+00,5.131909811171970759e+00,4.461759745631241003e+00,3.768634763619067574e+00,4.202903665603483496e+00,4.149064400903125005e+00,4.009311260481384309e+00,3.940291665800656151e+00,2.215005904441341489e+00,4.883835381785166518e-01,7.269263075472554014e-01,3.014523609988823516e+00,2.580003737170061040e+00,2.447204565286795752e+00,3.669325029678365713e+00,4.334904790376072903e+00,3.491530227566977285e+00,2.756175201123609586e+00,2.656283047904778094e+00,1.006821258764470928e+00,2.393715035525957602e-01,1.253872194315421185e+00,1.756356485358547159e+00,1.043727145321499794e+00,8.367992796655853160e-01,1.538413120026416614e+00,2.086452106863920519e-01,1.415937747387972881e-11,2.779585783921522668e-01,3.289546213905200633e-02
1.892936065711096072e+00,5.725281186158084346e-01,6.359858823427824159e-01,4.341677027900404107e-01,1.891801603078607785e+00,9.556583911410928556e-01,3.369578476822860935e+00,2.674654358535730747e+00,2.149594673565949243e+00,3.099887087978406175e+00,4.202822696793026225e+00,2.479674479596456482e+00,9.434157628765242887e-01,3.644320501890401243e+00,3.716938442012997612e+00,2.842324760063164479e+00,3.541965421969466288e+00,4.378023603127902952e+00,3.937775162635320125e+00,3.896008532969073013e+00,3.074001178832200143e+00,1.100794869225141914e+00,6.333842258400603775e-01,1.310120212541624474e+00,4.180051165053317419e+00,3.775482563953062254e+00,3.566003894817804554e+00,3.186977010613747385e+00,3.481981630066088407e+00,3.332184074653880224e+00,4.266430921349402716e+00,4.285111278144244196e+00,3.182876450427509329e+00,2.241769401258704164e+00,1.720567679498375691e-01,2.969354869500387295e+00,5.059680377157048881e+00,4.591484533383336064e+00,4.346338960116709949e+00,3.865149849538143112e+00,3.837622900533781412e+00,4.406314470406648809e+00,4.814956016004596329e+00,4.513710248443943307e+00,3.840300241994919261e+00,1.894792758269053135e+00,5.353987533567785562e-01,4.454219809986163625e+00,5.561246989048809652e+00,5.133049026504192369e+00,4.462150509313375757e+00,3.770191118258868546e+00,4.203973086708980844e+00,4.149432823312923624e+00,4.011262968650606275e+00,3.940562750412166526e+00,2.220764215804428510e+00,4.927110549950596274e-01,7.269338858771512424e-01,3.014806408561232498e+00,2.584111860677052785e+00,2.449906973781912356e+00,3.678051645350003174e+00,4.338179657134783263e+00,3.497677814336034974e+00,2.764307218482901618e+00,2.659259861200200081e+00,1.010184984827972698e+00,2.394609174601480817e-01,1.257548216258900231e+00,1.762720921047790101e+00,1.045690472651636282e+00,8.367992796672698574e-01,1.540955330537352230e+00,2.093019704753492638e-01,1.336977532400780668e-11,2.779585783921323383e-01,3.289546216175458226e-02
1.892949295242230878e+00,5.727727077637224662e-01,6.360050540583324086e-01,4.341677027888157792e-01,1.891804149554733305e+00,9.556661604760778861e-01,3.369597934749432699e+00,2.675890574578696057e+00,2.149612184458296937e+00,3.099893397009275020e+00,4.202832965978085866e+00,2.479929035294591966e+00,9.434157628752929403e-01,3.644324914882176802e+00,3.716955180652178115e+00,2.842373883357437681e+00,3.542103176345128723e+00,4.378045496781100887e+00,3.938586300332368229e+00,3.896857870512445920e+00,3.074212190364033148e+00,1.101965218249622680e+00,6.349252488185513910e-01,1.310159257173778347e+00,4.180121805308720795e+00,3.775561687522103416e+00,3.566065600216850040e+00,3.187572415367909695e+00,3.482607464864779345e+00,3.333810039812739934e+00,4.269050109121156567e+00,4.288739625463074745e+00,3.188316901140492376e+00,2.247736011615290685e+00,1.723798765683900169e-01,2.969359846120264823e+00,5.059742022426461538e+00,4.591519289439732532e+00,4.346365932060708204e+00,3.865245679547232971e+00,3.837838946266681539e+00,4.406479929086925651e+00,4.816099132335182276e+00,4.515075347588152432e+00,3.846954228457286629e+00,1.904354719211928781e+00,5.376322122126389047e-01,4.454920859270121269e+00,5.561973340266585630e+00,5.134136968700238057e+00,4.462523685732608492e+00,3.771677425400981498e+00,4.204994375935963369e+00,4.149784663982715394e+00,4.013126835482165866e+00,3.940821634206256530e+00,2.226263360463967445e+00,4.968438014707228234e-01,7.269411231259372830e-01,3.015076479101132634e+00,2.588035088168513020e+00,2.452487753859007746e+00,3.686385498617199996e+00,4.341307130609407317e+00,3.503548714122190599e+00,2.772073234770209282e+00,2.662102695827146537e+00,1.013397318279863901e+00,2.395463070788588222e-01,1.261058789961074122e+00,1.768798909945260789e+00,1.047565435695846592e+00,8.367992796690131296e-01,1.543383122727278067e+00,2.099291712044999980e-01,1.260068421012367084e-11,2.779585783921301734e-01,3.289546218522897830e-02
1.892961929346304251e+00,5.730062885865211397e-01,6.360233629044684811e-01,4.341677027875706640e-01,1.891806581420477862e+00,9.556735801333103852e-01,3.369616516924969218e+00,2.677071151734342180e+00,2.149628907230583863e+00,3.099899422086901613e+00,4.202842772973604646e+00,2.480172134098960424e+00,9.434157628740409418e-01,3.644329129256528077e+00,3.716971165928418586e+00,2.842420795739191597e+00,3.542234730752494176e+00,4.378066405057507993e+00,3.939360930819195694e+00,3.897668981569301749e+00,3.074413704812417603e+00,1.103082892890954403e+00,6.363969143377828930e-01,1.310196544507930883e+00,4.180189266228824252e+00,3.775637249943837315e+00,3.566124528415376194e+00,3.188141022493723220e+00,3.483205132457510622e+00,3.335362824484467303e+00,4.271551414024443716e+00,4.292204670251912546e+00,3.193512491235801498e+00,2.253434080269296036e+00,1.726884429034962198e-01,2.969364598755270812e+00,5.059800893201633620e+00,4.591552481215826376e+00,4.346391690067164859e+00,3.865337196495344685e+00,3.838045268339756788e+00,4.406637940899797989e+00,4.817190799955748837e+00,4.516379007149945224e+00,3.853308736196099815e+00,1.913486321019978176e+00,5.397651488611046044e-01,4.455590356138638519e+00,5.562667000294314157e+00,5.135175945431373457e+00,4.462880066446159866e+00,3.773096837702133222e+00,4.205969699575811127e+00,4.150120669213734459e+00,4.014906814487512854e+00,3.941068866310165397e+00,2.231515002843078133e+00,5.007905437148659766e-01,7.269480346447907415e-01,3.015334394464351586e+00,2.591781741335957623e+00,2.454952379698644105e+00,3.694344266700093637e+00,4.344293844590500164e+00,3.509155379891030435e+00,2.779489722747298774e+00,2.664817581819014958e+00,1.016465072910089473e+00,2.396278535315602698e-01,1.264411361819426594e+00,1.774603344280297978e+00,1.049356011502123875e+00,8.367992796708179082e-01,1.545701646268932361e+00,2.105281432506847239e-01,1.185154235939866194e-11,2.779585783921459941e-01,3.289546220949515071e-02
1.892973994821947059e+00,5.732293565404488200e-01,6.360408477167101005e-01,4.341677027863045102e-01,1.891808903834157007e+00,9.556806658508804064e-01,3.369634262764759303e+00,2.678198594165103419e+00,2.149644877354053740e+00,3.099905175991286121e+00,4.202852138581538277e+00,2.480404291654720872e+00,9.434157628727677380e-01,3.644333153952711513e+00,3.716986431748635411e+00,2.842465596715878728e+00,3.542360364236100345e+00,4.378086372306382756e+00,3.940100697190924706e+00,3.898443586614943168e+00,3.074606149616518014e+00,1.104150263886905403e+00,6.378023439976362452e-01,1.310232153635519259e+00,4.180253690907287378e+00,3.775709411496294354e+00,3.566180804407994565e+00,3.188684038083139605e+00,3.483775900577381623e+00,3.336845722333542597e+00,4.273940141662325942e+00,4.295513762335327890e+00,3.198474241256627160e+00,2.258875693588302980e+00,1.729831214657263083e-01,2.969369137486382648e+00,5.059857114355372332e+00,4.591584179115824504e+00,4.346416288772266157e+00,3.865424594502195443e+00,3.838242304389787751e+00,4.406788841009508850e+00,4.818233334439685933e+00,4.517623992366042174e+00,3.859377243974252192e+00,1.922206933044944721e+00,5.418020875467736142e-01,4.456229720684339313e+00,5.563329440477918553e+00,5.136168160506549007e+00,4.463220407385308341e+00,3.774452365926123321e+00,4.206901126420733661e+00,4.150441551718128785e+00,4.016606681240769028e+00,3.941304971136334157e+00,2.236530282379359136e+00,5.045596532969356396e-01,7.269546350939718460e-01,3.015580701723956647e+00,2.595359767333087486e+00,2.457306079102673735e+00,3.701944831212858666e+00,4.347146134298860431e+00,3.514509704132362966e+00,2.786572413779526691e+00,2.667410277812992447e+00,1.019394755837529365e+00,2.397057297892144223e-01,1.267613043088347657e+00,1.780146536036336657e+00,1.051065998121815559e+00,8.367992796726844151e-01,1.547915819061600473e+00,2.111001571139226873e-01,1.112179292097947054e-11,2.779585783921806330e-01,3.289546223457388147e-02
1.892985517261652539e+00,5.734423847825455001e-01,6.360575455826904534e-01,4.341677027850165960e-01,1.891811121721923783e+00,9.556874326585470536e-01,3.369651209910109912e+00,2.679275293327539220e+00,2.149660128703481554e+00,3.099910670927232825e+00,4.202861082667597614e+00,2.480626000399177578e+00,9.434157628714727739e-01,3.644336997507648501e+00,3.717001010493682145e+00,2.842508381316380728e+00,3.542480343281412480e+00,4.378105440880939447e+00,3.940807168591216936e+00,3.899183328690528860e+00,3.074789932977568085e+00,1.105169595274467342e+00,6.391445189028546192e-01,1.310266160088279674e+00,4.180315215997491229e+00,3.775778325243803746e+00,3.566234547563632784e+00,3.189202613945030684e+00,3.484320979900101811e+00,3.338261878785123926e+00,4.276221358846392206e+00,4.298673920741297394e+00,3.203212675740009452e+00,2.264072393963744823e+00,1.732645373078220974e-01,2.969373471940860654e+00,5.059910805140285461e+00,4.591614450375227641e+00,4.346439780353165361e+00,3.865508058950676062e+00,3.838430472356657130e+00,4.406932949495424801e+00,4.819228947142412345e+00,4.518812944017009059e+00,3.865172623910375638e+00,1.930535052874139179e+00,5.437473488896944485e-01,4.456840309085149165e+00,5.563962065941845836e+00,5.137115718546970022e+00,4.463545430458818686e+00,3.775746885330059310e+00,4.207790632151951371e+00,4.150747992130715325e+00,4.018230041387230500e+00,3.941530449494758503e+00,2.241319837153130656e+00,5.081591250036865404e-01,7.269609384739207369e-01,3.015815923330670945e+00,2.598776755632766999e+00,2.459553844583104887e+00,3.709203313971869420e+00,4.349870049823380214e+00,3.519623044085784080e+00,2.793336331204176570e+00,2.669886283264899074e+00,1.022192581312471038e+00,2.397801010378074749e-01,1.270670624963057493e+00,1.785440243066277022e+00,1.052699022665799733e+00,8.367992796746145379e-01,1.550030337662638535e+00,2.116464261123127688e-01,1.041089097934474116e-11,2.779585783922345898e-01,3.289546226048791627e-02
1.892996521106062646e+00,5.736458251742767578e-01,6.360734919208240745e-01,4.341677027837064218e-01,1.891813239788217471e+00,9.556938949096187574e-01,3.369667394308190733e+00,2.680303533044932962e+00,2.149674693629026745e+00,3.099915918550240068e+00,4.202869624203391830e+00,2.480837730606305414e+00,9.434157628701553833e-01,3.644340668074036227e+00,3.717014933087034123e+00,2.842549240292572943e+00,3.542594922380074340e+00,4.378123651228182922e+00,3.941481843540633800e+00,3.899889776888183945e+00,3.074965444724720331e+00,1.106143049192181760e+00,6.404262859863657509e-01,1.310298635998459860e+00,4.180373972002405125e+00,3.775844137361666242e+00,3.566285871878732472e+00,3.189697850048330174e+00,3.484841526611997864e+00,3.339614297696917866e+00,4.278399904344146520e+00,4.301691848589499045e+00,3.207737845540793220e+00,2.269035204293864183e+00,1.735332873505179008e-01,2.969377611312666421e+00,5.059962079441730154e+00,4.591643359203437136e+00,4.346462214638657784e+00,3.865587766880074216e+00,3.838610171369853497e+00,4.407070572030968414e+00,4.820179749891959631e+00,4.519948384028707800e+00,3.870707168782329344e+00,1.938488345566302007e+00,5.456050590499802455e-01,4.457423416480933653e+00,5.564566218569527045e+00,5.138020629450288368e+00,4.463855825084208639e+00,3.776983141763161633e+00,4.208640103530381538e+00,4.151040640452696273e+00,4.019780338291420563e+00,3.941745779655269288e+00,2.245893826452226349e+00,5.115965937971963529e-01,7.269669581549534909e-01,3.016040558221061652e+00,2.602039954125312970e+00,2.461700443951892137e+00,3.716135111192237606e+00,4.352471368954098807e+00,3.524506245830905993e+00,2.799795822196971873e+00,2.672250850114270104e+00,1.024864483897865552e+00,2.398511250287315433e-01,1.273590592984640724e+00,1.790495694032465890e+00,1.054258548998073808e+00,8.367992796766117181e-01,1.552049687249502208e+00,2.121681089556438360e-01,9.718303616581691193e-12,2.779585783923083642e-01,3.289546228726100696e-02
1.893007029695809251e+00,5.738401092399915138e-01,6.360887205554343060e-01,4.341677027823733770e-01,1.891815262525742947e+00,9.557000663113985883e-01,3.369682850288282516e+00,2.681285494351588028e+00,2.149688603024851652e+00,3.099920929991221819e+00,4.202877781306665561e+00,2.481039931384263486e+00,9.434157628688149000e-01,3.644344173437641388e+00,3.717028229060380884e+00,2.842588260311824655e+00,3.542704344569718611e+00,4.378141041974704883e+00,3.942126153115201426e+00,3.900564429679254097e+00,3.075133057141923310e+00,1.107072690466325948e+00,6.416503640480083481e-01,1.310329650251822020e+00,4.180430083551393672e+00,3.775906987446209229e+00,3.566334886219049150e+00,3.190170796855213542e+00,3.485338644862440383e+00,3.340905847730763156e+00,4.280480399142676973e+00,4.304573947309528137e+00,3.212059349150837573e+00,2.273774651364760757e+00,1.737899416486893833e-01,2.969381564381964100e+00,5.060011046019374348e+00,4.591670966919957131e+00,4.346483639214874017e+00,3.865663887361595386e+00,3.838781782595078962e+00,4.407202000531991182e+00,4.821087759468440481e+00,4.521032720821640538e+00,3.875992618101829823e+00,1.946083681121562270e+00,5.473791584799478915e-01,4.457980279720660910e+00,5.565143179849687982e+00,5.138884812653856216e+00,4.464152249650097382e+00,3.778163757491077579e+00,4.209451342398713436e+00,4.151320117430402412e+00,4.021260860340929888e+00,3.941951418362009463e+00,2.250261952321207737e+00,5.148793510096434378e-01,7.269727069056229896e-01,3.016255082875852533e+00,2.605156284492241348e+00,2.463750430434103578e+00,3.722754926145247278e+00,4.354955609437664243e+00,3.529169667293344581e+00,2.805964588204357568e+00,2.674508993924423539e+00,1.027416131057332871e+00,2.399189524133965579e-01,1.276379140796750189e+00,1.795323612224195342e+00,1.055747885083073712e+00,8.367992796786748455e-01,1.553978151133407870e+00,2.126663122031735575e-01,9.043492619795580899e-12,2.779585783924032882e-01,3.289546231491859846e-02
1.893017065321022319e+00,5.740256490822440716e-01,6.361032637884993513e-01,4.341677027810167400e-01,1.891817194224999943e+00,9.557059599542593320e-01,3.369697610634593055e+00,2.682223260119094732e+00,2.149701886394652206e+00,3.099925715880119004e+00,4.202885571279729504e+00,2.481233031628013563e+00,9.434157628674508800e-01,3.644347521033811876e+00,3.717040926616266283e+00,2.842625524140830251e+00,3.542808841949482979e+00,4.378157650008612123e+00,3.942741463981915828e+00,3.901208718092765704e+00,3.075293125757589063e+00,1.107960490990685720e+00,6.428193495214712394e-01,1.310359268633757734e+00,4.180483669664578628e+00,3.775967008810891645e+00,3.566381694550572412e+00,3.190622457549270763e+00,3.485813389105891336e+00,3.342139268437447797e+00,4.282467256250397369e+00,4.307326330219187760e+00,3.216186353058705372e+00,2.278300788179111969e+00,1.740350446005163032e-01,2.969385339533746837e+00,5.060057808737898455e+00,4.591697332084456740e+00,4.346504099526214304e+00,3.865736581856987986e+00,3.838945670042753555e+00,4.407327513775967986e+00,4.821954901881910338e+00,4.522068254419527200e+00,3.881040183015529443e+00,1.953337170264968448e+00,5.490734102823452423e-01,4.458512079985925247e+00,5.565694173594564198e+00,5.139710101206116377e+00,4.464435332912735532e+00,3.779291236758058670e+00,4.210226069503354651e+00,4.151587015871975872e+00,4.022674747921529459e+00,3.942147801802250218e+00,2.254433480140698887e+00,5.180143598092005197e-01,7.269781969198026994e-01,3.016459952330600380e+00,2.608132356888083425e+00,2.465708152325920999e+00,3.729076800345962894e+00,4.357328040681216486e+00,3.533623200215270543e+00,2.811855714006107121e+00,2.676665504521142491e+00,1.029852935176611473e+00,2.399837270627819263e-01,1.279042183283154444e+00,1.799934238303237066e+00,1.057170190002310939e+00,8.367992796808069178e-01,1.555819819844811436e+00,2.131420926107888969e-01,8.385935345948067736e-12,2.779585783925199727e-01,3.289546234348734305e-02
1.893026649268610528e+00,5.742028382559181132e-01,6.361171524681682454e-01,4.341677027796359556e-01,1.891819038983383772e+00,9.557115883394101674e-01,3.369711706655798444e+00,2.683118819474378025e+00,2.149714571914238981e+00,3.099930286368445476e+00,4.202893010646165273e+00,2.481417440929065243e+00,9.434157628660625461e-01,3.644350717963249942e+00,3.717053052687911308e+00,2.842661110821169235e+00,3.542908636172322545e+00,4.378173510557772374e+00,3.943329081297624938e+00,3.901824008750828909e+00,3.075445990098714333e+00,1.108808333909206745e+00,6.439357219816773670e-01,1.310387553968828334e+00,4.180534844005292960e+00,3.776024328769077343e+00,3.566426396160051748e+00,3.191053790163392190e+00,3.486266766338545153e+00,3.343317176067663432e+00,4.284364690057620884e+00,4.309954835491655700e+00,3.220127611193013717e+00,2.282623215279943718e+00,1.742691161022240920e-01,2.969388944775619876e+00,5.060102466787300024e+00,4.591722510620988906e+00,4.346523638971746095e+00,3.865806004561025411e+00,3.839102181340129594e+00,4.407447377993319648e+00,4.822783016457690586e+00,4.523057181327972742e+00,3.885860570085363008e+00,1.960264198619497300e+00,5.506914081923972581e-01,4.459019945296393672e+00,5.566220368535762297e+00,5.140498245654741005e+00,4.464705675329679657e+00,3.780367971098799185e+00,4.210965928144369208e+00,4.151841901904798071e+00,4.024025000078345293e+00,3.942335346531600226e+00,2.258417258280502438e+00,5.210082699698473929e-01,7.269834398425512045e-01,3.016655601140889154e+00,2.610974483961409298e+00,2.467577762217960213e+00,3.735114143337169512e+00,4.359593694929509766e+00,3.537876291137118656e+00,2.817481695469892689e+00,2.678724956152538361e+00,1.032180065043954098e+00,2.400455863726063954e-01,1.281585369113999562e+00,1.804337352025658481e+00,1.058528480655207105e+00,8.367992796830097113e-01,1.557578599809970932e+00,2.135964593725271921e-01,7.745110888846332989e-12,2.779585783926589726e-01,3.289546237299602327e-02
1.893035801867413825e+00,5.743720526030097195e-01,6.361304160541952912e-01,4.341677027782303577e-01,1.891820800713876594e+00,9.557169634054129004e-01,3.369725168251452629e+00,2.683974072018905144e+00,2.149726686491302274e+00,3.099934651150822784e+00,4.202900115185866703e+00,2.481593550444272545e+00,9.434157628646492322e-01,3.644353771007074361e+00,3.717064632996342155e+00,2.842695095836964558e+00,3.543003938915166628e+00,4.378188657264541206e+00,3.943890251477442099e+00,3.902411606767425933e+00,3.075591974411064466e+00,1.109618017610396024e+00,6.450018494042942807e-01,1.310414566254024527e+00,4.180583715121176880e+00,3.776079068904085290e+00,3.566469085865596522e+00,3.191465709611886137e+00,3.486699738234300572e+00,3.344442069121422723e+00,4.286176725275852917e+00,4.312465038539031958e+00,3.223891483490689769e+00,2.286751101114665730e+00,1.744926526508536468e-01,2.969392387754786977e+00,5.060145114893292551e+00,4.591746555936606633e+00,4.346542298997253972e+00,3.865872302728572407e+00,3.839251648468655631e+00,4.407561847432124758e+00,4.823573859737829039e+00,4.524001599193538503e+00,3.890464003998598042e+00,1.966879459341022818e+00,5.522365842005996228e-01,4.459504952902483055e+00,5.566722880803307127e+00,5.141250917759777828e+00,4.464963850333444562e+00,3.781396244411201035e+00,4.211672487661132003e+00,4.152085316176322038e+00,4.025314480877239198e+00,3.942514450357577971e+00,2.262221736868179178e+00,5.238674319764333731e-01,7.269884467948127815e-01,3.016842444304079329e+00,2.613688694244800992e+00,2.469363225803471895e+00,3.740879761132807513e+00,4.361757377938972446e+00,3.541937961434967086e+00,2.822854466056697653e+00,2.680691717191643786e+00,1.034402456813820370e+00,2.401046615547625940e-01,1.284014092727396417e+00,1.808542292985997335e+00,1.059825638158343075e+00,8.367992796852866677e-01,1.559258221637000563e+00,2.140303762612118244e-01,7.120503591452655751e-12,2.779585783928215648e-01,3.289546240347498290e-02
1.893044542531323815e+00,5.745336510498391114e-01,6.361430826804269634e-01,4.341677027767993358e-01,1.891822483153347223e+00,9.557220965535055957e-01,3.369738023975406449e+00,2.684790831857993165e+00,2.149738255822486899e+00,3.099938819485541508e+00,4.202906899968517962e+00,2.481761733725531549e+00,9.434157628632104942e-01,3.644356686641202714e+00,3.717075692104947482e+00,2.842727551274993658e+00,3.543094952327913383e+00,4.378203122257115609e+00,3.944426164838559679e+00,3.902972758516733975e+00,3.075731388346941486e+00,1.110391259541943842e+00,6.460199931885284297e-01,1.310440362786027046e+00,4.180630386674422105e+00,3.776131345327083277e+00,3.566509854217798203e+00,3.191859089631133184e+00,3.487113223184600930e+00,3.345516333647715168e+00,4.287907205474740913e+00,4.314862263838537437e+00,3.227485953629518622e+00,2.290693201482580932e+00,1.747061283973977697e-01,2.969395675774271215e+00,5.060185843518228310e+00,4.591769519034651914e+00,4.346560119183158655e+00,3.865935616986932999e+00,3.839394388468152730e+00,4.407671164897411842e+00,4.824329109206957789e+00,4.524903511253145716e+00,3.894860249255770679e+00,1.973196984284468769e+00,5.537122158324310206e-01,4.459968131570356320e+00,5.567202776293092903e+00,5.141969714039678507e+00,4.465210405547831662e+00,3.782378237800827492e+00,4.212347246761113162e+00,4.152317775000855526e+00,4.026545925479874555e+00,3.942685493183414547e+00,2.265854985712899339e+00,5.265979104949072287e-01,7.269932283970073073e-01,3.017020878139573981e+00,2.616280744942177883e+00,2.471068330290107973e+00,3.746385883381245563e+00,4.363823679171367154e+00,3.545816826456086091e+00,2.827985422133286075e+00,2.682569959402318016e+00,1.036524824477123241e+00,2.401610779156351516e-01,1.286333505771746211e+00,1.812557980427793147e+00,1.061064413956692487e+00,8.367992796876381201e-01,1.560862248028990651e+00,2.144447636727436490e-01,6.511606557552380718e-12,2.779585783930088039e-01,3.289546243495636985e-02
1.893052889800463268e+00,5.746879763683802045e-01,6.361551792144782835e-01,4.341677027753422236e-01,1.891824089870477899e+00,9.557269986717858989e-01,3.369750301096376965e+00,2.685570831448769180e+00,2.149749304447898357e+00,3.099942800214201100e+00,4.202913379385556425e+00,2.481922347512133697e+00,9.434157628617454439e-01,3.644359471050088395e+00,3.717086253471582502e+00,2.842758545977595031e+00,3.543181869462216138e+00,4.378216936217687483e+00,3.944937958125071642e+00,3.903508654276852230e+00,3.075864527621997357e+00,1.111129699853661723e+00,6.469923129538558415e-01,1.310464998282741433e+00,4.180674957661652869e+00,3.776181268923375800e+00,3.566548787691800726e+00,3.192234764632898791e+00,3.487508098246466570e+00,3.346542248305634626e+00,4.289559801234803516e+00,4.317151596226441512e+00,3.230918645962594482e+00,2.294457878107106552e+00,1.749099961525392710e-01,2.969398815808405701e+00,5.060224739052985754e+00,4.591791448622935867e+00,4.346577137328464957e+00,3.865996081634140324e+00,3.839530704109300974e+00,4.407775562266184721e+00,4.825050366850462069e+00,4.525764830583197451e+00,3.899058630882498377e+00,1.979230173767255963e+00,5.551214331004240554e-01,4.460410463764071132e+00,5.567661072927798216e+00,5.142656159157726670e+00,4.465445863949508265e+00,3.783316034207320655e+00,4.212991636698832920e+00,4.152539771454735629e+00,4.027721945945361703e+00,3.942848837813877960e+00,2.269324711422591623e+00,5.292054972362862930e-01,7.269977947915564620e-01,3.017191281129463665e+00,2.618756134140599823e+00,2.472696692433099308e+00,3.751644189306005739e+00,4.365796981528645482e+00,3.549521113793245863e+00,2.832885447145425672e+00,2.684363666788116998e+00,1.038551669860234616e+00,2.402149551218923929e-01,1.288548528033077734e+00,1.816392932162499640e+00,1.062247435659806172e+00,8.367992796900680652e-01,1.562394081340978902e+00,2.148405005783841915e-01,5.917914755377420069e-12,2.779585783932215226e-01,3.289546246747437203e-02
1.893060861380511550e+00,5.748353559033273497e-01,6.361667313147221225e-01,4.341677027738584105e-01,1.891825624273333339e+00,9.557316801583064514e-01,3.369762025655786086e+00,2.686315725274946331e+00,2.149759855803154540e+00,3.099946601780463329e+00,4.202919567180694926e+00,2.482075732487456055e+00,9.434157628602536372e-01,3.644362130139838118e+00,3.717096339498323410e+00,2.842788145688690538e+00,3.543264874680972287e+00,4.378230128447521352e+00,3.945426716919159915e+00,3.904020430754540527e+00,3.075991674642487794e+00,1.111834904876459307e+00,6.479208711208647165e-01,1.310488524999361637e+00,4.180717522623912608e+00,3.776228945587607022e+00,3.566585968870724432e+00,3.192593531474232194e+00,3.487885201002848490e+00,3.347521989197721037e+00,4.291138017933219473e+00,4.319337891683681541e+00,3.234196841690594404e+00,2.298053116372112736e+00,1.751046883471230331e-01,2.969401814517625748e+00,5.060261884000209598e+00,4.591812391217059641e+00,4.346593389530943874e+00,3.866053824923820326e+00,3.839660884535854191e+00,4.407875260979261967e+00,4.825739162552507899e+00,4.526587384157475746e+00,3.903068054209109849e+00,1.984991824993171061e+00,5.564672251433414596e-01,4.460832887729517360e+00,5.568098742816032676e+00,5.143311709156057177e+00,4.465670724977318429e+00,3.784211622822596155e+00,4.213607024311749605e+00,4.152751776422205943e+00,4.028845036770785093e+00,3.943004830724833099e+00,2.272638273750690274e+00,5.316957232416528178e-01,7.270021556643979643e-01,3.017354014721339794e+00,2.621120112472446362e+00,2.474251766206875036e+00,3.756665832478962130e+00,4.367681470649681152e+00,3.553058680736540964e+00,2.837564934703133979e+00,2.686076644042899364e+00,1.040487292173962963e+00,2.402664074543152117e-01,1.290663857870573361e+00,1.820055282636903415e+00,1.063377212615323808e+00,8.367992796925786125e-01,1.563856970796801527e+00,2.152184263891714078e-01,5.338935469345033543e-12,2.779585783934611087e-01,3.289546250106508557e-02
1.893068474180261029e+00,5.749761022664363619e-01,6.361777634847143315e-01,4.341677027723472304e-01,1.891827089616590518e+00,9.557361509431303581e-01,3.369773222522999045e+00,2.687027093356203711e+00,2.149769932269096628e+00,3.099950232247962401e+00,4.202925476479081546e+00,2.482222214001599259e+00,9.434157628587342970e-01,3.644364669550740121e+00,3.717105971578988477e+00,2.842816413193238301e+00,3.543344144049382471e+00,4.378242726929108208e+00,3.945893477943758665e+00,3.904509173496326646e+00,3.076113099104292647e+00,1.112508370444742267e+00,6.488076372859258312e-01,1.310510992839210909e+00,4.180758171847194227e+00,3.776274476448376660e+00,3.566621476620837505e+00,3.192936151147709012e+00,3.488245331339255628e+00,3.348457634485768608e+00,4.292645203179208835e+00,4.321425787636052895e+00,3.237327494306182718e+00,2.301486542259992163e+00,1.752906179493997629e-01,2.969404678262598019e+00,5.060297357149314834e+00,4.591832391239075939e+00,4.346608910263699777e+00,3.866108969337235024e+00,3.839785205877953356e+00,4.407970472510983839e+00,4.826396957341132499e+00,4.527372916722398166e+00,3.906897023760044885e+00,1.990494159196952273e+00,5.577524465665404385e-01,4.461236299484564682e+00,5.568516714314313276e+00,5.143937754544109175e+00,4.465885465591651560e+00,3.785066903310185360e+00,4.214194714919500484e+00,4.152954239594230934e+00,4.029917580182364567e+00,3.943153802798161411e+00,2.275802701207159551e+00,5.340738706142325043e-01,7.270063202655304702e-01,3.017509424094972026e+00,2.623377694252711834e+00,2.475736850131407429e+00,3.761461464478560668e+00,4.369481143788562783e+00,3.556437030939758159e+00,2.842033810626920509e+00,2.687712524621091781e+00,1.042335797132756481e+00,2.403155440502020845e-01,1.292683982182418312e+00,1.823552800187376866e+00,1.064456141231637565e+00,8.367992796951709833e-01,1.565254019381132400e+00,2.155793427364232073e-01,4.774174467216941497e-12,2.779585783937286725e-01,3.289546253576705603e-02
1.893075744347483713e+00,5.751105139996165461e-01,6.361882991251692765e-01,4.341677027708080727e-01,1.891828489008441361e+00,9.557404205093941174e-01,3.369783915448075540e+00,2.687706444599620603e+00,2.149779555219263116e+00,3.099953699317409050e+00,4.202931119815130678e+00,2.482362102761496825e+00,9.434157628571868681e-01,3.644367094669228369e+00,3.717115170144514646e+00,2.842843408450407949e+00,3.543419845708408289e+00,4.378254758385519807e+00,3.946339231261584590e+00,3.904975919191095990e+00,3.076229058564977858e+00,1.113151525069278502e+00,6.496544923989707732e-01,1.310532449459592019e+00,4.180796991553954456e+00,3.776317958082747062e+00,3.566655386258841709e+00,3.193263350395594724e+00,3.488589253140419011e+00,3.349351168798881506e+00,4.294084553914754743e+00,4.323419712790805391e+00,3.240317244343299929e+00,2.304765438527389687e+00,1.754681793409872126e-01,2.969407413117712835e+00,5.060331233743611712e+00,4.591851491111714978e+00,4.346623732448289701e+00,3.866161631843081370e+00,3.839903931837836293e+00,4.408061398817777921e+00,4.827025146487279095e+00,4.528123094497856549e+00,3.910553661293091121e+00,1.995748847567166084e+00,5.589798234969728385e-01,4.461621554719636507e+00,5.568915873996229671e+00,5.144535623248093437e+00,4.466090541286144244e+00,3.785883689834676602e+00,4.214755955092660322e+00,4.153147590422346269e+00,4.030941851188481806e+00,3.943296070023606159e+00,2.278824705966906894e+00,5.363449837234450790e-01,7.270102974286341002e-01,3.017657838894480804e+00,2.625533668115037855e+00,2.477155094268815194e+00,3.766041257483247584e+00,4.371199818293312944e+00,3.559663330336631848e+00,2.846301554001780865e+00,2.689274778444733283e+00,1.044101105663472806e+00,2.403624691348638653e-01,1.294613185923114473e+00,1.826892903517561617e+00,1.065486510060994041e+00,8.367992796978488412e-01,1.566588190421329019e+00,2.159240151721046608e-01,4.223153393834861919e-12,2.779585783940253241e-01,3.289546257162113962e-02
1.893082687303181189e+00,5.752388762081777074e-01,6.361983605835953570e-01,4.341677027692401603e-01,1.891829825417185917e+00,9.557444979134228635e-01,3.369794127112145432e+00,2.688355220000270496e+00,2.149788745065224660e+00,3.099957010342925035e+00,4.202936509159118650e+00,2.482495695489966625e+00,9.434157628556104624e-01,3.644369410639307194e+00,3.717123954706295308e+00,2.842869188720762441e+00,3.543492140231420784e+00,4.378266248337090438e+00,3.946764922375192164e+00,3.905421657869049046e+00,3.076339798990110008e+00,1.113765732967259448e+00,6.504632327532388070e-01,1.310552940372876618e+00,4.180834064085996893e+00,3.776359482721097116e+00,3.566687769711627709e+00,3.193575823251367130e+00,3.488917695910592531e+00,3.350204487443140700e+00,4.295459123195751516e+00,4.325323896530528955e+00,3.243172433462627957e+00,2.307896760152908122e+00,1.756377491534062696e-01,2.969410024883967658e+00,5.060363585639901629e+00,4.591869731348370287e+00,4.346637887524558153e+00,3.866211924145597667e+00,3.840017314249184466e+00,4.408148232766533781e+00,4.827625062464352190e+00,4.528839508711496542e+00,3.914045723026720491e+00,2.000767036002363497e+00,5.601519593656665297e-01,4.461989470612741648e+00,5.569297068532987893e+00,5.145106583427690339e+00,4.466286387053843399e+00,3.786663714909801470e+00,4.215291935296888504e+00,4.153332239029584372e+00,4.031920022405270920e+00,3.943431934169030484e+00,2.281710698107204838e+00,5.385138799046870206e-01,7.270140955898076740e-01,3.017799573927557155e+00,2.627592607169051409e+00,2.478509506905067550e+00,3.770414925848021959e+00,4.372841139702988045e+00,3.562744422340749839e+00,2.850377217283608822e+00,2.690766719263645079e+00,1.045786962222191585e+00,2.404072822426996658e-01,1.296455561192441541e+00,1.830082677434432759e+00,1.066470504653822093e+00,8.367992797006155170e-01,1.567862313873048086e+00,2.162531747926667858e-01,3.685392472214573620e-12,2.779585783943525068e-01,3.289546260867066280e-02
1.893089317774296232e+00,5.753614611655769595e-01,6.362079692016977539e-01,4.341677027676428824e-01,1.891831101677529325e+00,9.557483918039398896e-01,3.369803879175519157e+00,2.688974795697764986e+00,2.149797521299879666e+00,3.099960172347642651e+00,4.202941655942569632e+00,2.482623275555099429e+00,9.434157628540045248e-01,3.644371622373461683e+00,3.717132343897566304e+00,2.842893808687714241e+00,3.543561180964798663e+00,4.378277221155550514e+00,3.947171454232509369e+00,3.905847335001686460e+00,3.076445555274979871e+00,1.114352296955989585e+00,6.512355737954556023e-01,1.310572509043041345e+00,4.180869468079136730e+00,3.776399138442755099e+00,3.566718695668844141e+00,3.193874232511849875e+00,3.489231356320929400e+00,3.351019400421801464e+00,4.296771826667939997e+00,4.327142377884242386e+00,3.245899117903098929e+00,2.310887149089548398e+00,1.757996870669669698e-01,2.969412519101271020e+00,5.060394481460894767e+00,4.591887150639032633e+00,4.346651405517324207e+00,3.866259952921503817e+00,3.840125593611297461e+00,4.408231158543702399e+00,4.828197977774576266e+00,4.529523678973919942e+00,3.917380616092069889e+00,2.005559368753024430e+00,5.612713404299510822e-01,4.462340827562821133e+00,5.569661106489309788e+00,5.145651846165995913e+00,4.466473418309884202e+00,3.787408633073328534e+00,4.215803792418062024e+00,4.153508577080402553e+00,4.032854168665032546e+00,3.943561683420504949e+00,2.284466799204323717e+00,5.405851596775459456e-01,7.270177228054631735e-01,3.017934929833212543e+00,2.629558878700539726e+00,2.479802960930960420e+00,3.774591746709885509e+00,4.374408589480359488e+00,3.565686842361351694e+00,2.854269445500667857e+00,2.692191511684338678e+00,1.047396942736707359e+00,2.404500784283226111e-01,1.298215015915350712e+00,1.833128887876124713e+00,1.067410212194577435e+00,8.367992797034737862e-01,1.569079092322960944e+00,2.165675197897997395e-01,3.160424431543390533e-12,2.779585783947116084e-01,3.289546264696183164e-02
1.893095649824950044e+00,5.754785288909471941e-01,6.362171453606462190e-01,4.341677027660155730e-01,1.891832320496593445e+00,9.557521104404118617e-01,3.369813192323634965e+00,2.689566485895231285e+00,2.149805902538800773e+00,3.099963192038600379e+00,4.202946571082503802e+00,2.482745113571321216e+00,9.434157628523683892e-01,3.644373734563079115e+00,3.717140355512929872e+00,2.842917320573516982e+00,3.543627114353197438e+00,4.378287700115722103e+00,3.947559689142114969e+00,3.906253853507281271e+00,3.076546551742850966e+00,1.114912461216335027e+00,6.519731537645258035e-01,1.310591196977862527e+00,4.180903278629992670e+00,3.776437009362826114e+00,3.566748229728594843e+00,3.194159211143096755e+00,3.489530899687217413e+00,3.351797636274552961e+00,4.298025448751388033e+00,4.328879014094709099e+00,3.248503081327992703e+00,2.313742948353182616e+00,1.759543365736987441e-01,2.969414901060195788e+00,5.060423986740774538e+00,4.591903785932355930e+00,4.346664315100064790e+00,3.866305820046275876e+00,3.840228999599223147e+00,4.408310352045978320e+00,4.828745107648140689e+00,4.530177056501986321e+00,3.920565414244457703e+00,2.010136010999442391e+00,5.623403410471431441e-01,4.462676370845076512e+00,5.570008760038513529e+00,5.146172568038386963e+00,4.466652031772638587e+00,3.788120024396560037e+00,4.216292612173764276e+00,4.153676978611449577e+00,4.033746271417232521e+00,3.943685592993591005e+00,2.287098855318216106e+00,5.425632165041203159e-01,7.270211867694141850e-01,3.018064193719473209e+00,2.631436653435052175e+00,2.481038199935905464e+00,3.778580579665894223e+00,4.375905492396564789e+00,3.568496831665807445e+00,2.857986494590855742e+00,2.693552177882569953e+00,1.048934462191551731e+00,2.404909484681834464e-01,1.299895282131197094e+00,1.836037996263393479e+00,1.068307625928940796e+00,8.367992797064262023e-01,1.570241106721301350e+00,2.168677169313912578e-01,2.647791089828978503e-12,2.779585783951040168e-01,3.289546268654351679e-02
1.893101696886273277e+00,5.755903277006323426e-01,6.362259085243069379e-01,4.341677027643573994e-01,1.891833484459659598e+00,9.557556617105680274e-01,3.369822086310930498e+00,2.690131545646910816e+00,2.149813906559722376e+00,3.099966075820970168e+00,4.202951265004593928e+00,2.482861467973402902e+00,9.434157628507015003e-01,3.644375751688400111e+00,3.717148006546099115e+00,2.842939774250035079e+00,3.543690080250176955e+00,4.378297707444887443e+00,3.947930450602306962e+00,3.906642075666090452e+00,3.076643002620774503e+00,1.115447413931798470e+00,6.526775371664573777e-01,1.310609043816958197e+00,4.180935567455279944e+00,3.776473175810612481e+00,3.566776434536583551e+00,3.194431363622995512e+00,3.489816961381099869e+00,3.352540845743983589e+00,4.299222648546616732e+00,4.330537488800175083e+00,3.250989847092861762e+00,2.316470215476941430e+00,1.761020257059429384e-01,2.969417175813199083e+00,5.060452164064197511e+00,4.591919672514030992e+00,4.346676643655740691e+00,3.866349622810238973e+00,3.840327751550927982e+00,4.408385981253400310e+00,4.829267612620864902e+00,4.530801027197037811e+00,3.923606872867768658e+00,2.014506670413431344e+00,5.633612287108767935e-01,4.462996812191801332e+00,5.570340766600390126e+00,5.146669853565773778e+00,4.466822606305211885e+00,3.788799397835875382e+00,4.216759431416238435e+00,4.153837800824955018e+00,4.034598222931419897e+00,3.943803925717109582e+00,2.289612449392794957e+00,5.444522461081405806e-01,7.270244948291955112e-01,3.018187639772376585e+00,2.633229914384564996e+00,2.482217844027448717e+00,3.782389885565551335e+00,4.377335023583387219e+00,3.571180350618182509e+00,2.861536248913654212e+00,2.694851604013778879e+00,1.050402781871634161e+00,2.405299790531196247e-01,1.301499923909895218e+00,1.838816173205156002e+00,1.069164649391759037e+00,8.367992797094760959e-01,1.571350821856407176e+00,2.171544029758306349e-01,2.147036468961206805e-12,2.779585783955313971e-01,3.289546272746789873e-02
1.893107471784897022e+00,5.756970947348997170e-01,6.362342772805276159e-01,4.341677027626678620e-01,1.891834596035652627e+00,9.557590531471313877e-01,3.369830580002748821e+00,2.690671173520299941e+00,2.149821550340249132e+00,3.099968829811644344e+00,4.202955747665282793e+00,2.482972585564633849e+00,9.434157628490028591e-01,3.644377678028019929e+00,3.717155313225943836e+00,2.842961217344530667e+00,3.543750212214848982e+00,4.378307264369937002e+00,3.948284525047854654e+00,3.907012824949366081e+00,3.076735112493997004e+00,1.115958289808815618e+00,6.533502180928888459e-01,1.310626087415869501e+00,4.180966403043928636e+00,3.776507714500001445e+00,3.566803369918992050e+00,3.194691267223447984e+00,3.490090148177786400e+00,3.353250605277026342e+00,4.300365965474908236e+00,4.332121319847852092e+00,3.253364689961308898e+00,2.319074735360054706e+00,1.762430677321535077e-01,2.969419348185339480e+00,5.060479073199048550e+00,4.591934844081629663e+00,4.346688417334873655e+00,3.866391454124930238e+00,3.840422058932545291e+00,4.408458206585659234e+00,4.829766600995855086e+00,4.531396914584578717e+00,3.926511443303527749e+00,2.018680617749601502e+00,5.643361688607616555e-01,4.463302831302055296e+00,5.570657830405373545e+00,5.147144757557435391e+00,4.466985503719062223e+00,3.789448194433429062e+00,4.217205240331690419e+00,4.153991384846399626e+00,4.035411830310983383e+00,3.943916932590635582e+00,2.292012913098103954e+00,5.462562553746622696e-01,7.270276540016485933e-01,3.018305529837554513e+00,2.634942465295985414e+00,2.483344395388871639e+00,3.786027744457404420e+00,4.378700215268141349e+00,3.573743091321969878e+00,2.864926237973914880e+00,2.696092546335013385e+00,1.051805016279863336e+00,2.405672529722381048e-01,1.303032344911789542e+00,1.841469311587178748e+00,1.069983100444698687e+00,8.367992797126262428e-01,1.572410591582867667e+00,2.174281860226587038e-01,1.657724197729813643e-12,2.779585783959955259e-01,3.289546276979040534e-02
1.893112986770158157e+00,5.757990564609468676e-01,6.362422693805651619e-01,4.341677027609460726e-01,1.891835657582376706e+00,9.557622919437963604e-01,3.369838691415351750e+00,2.691186514138471875e+00,2.149828850093867150e+00,3.099971459852209232e+00,4.202960028572896078e+00,2.483078702040326657e+00,9.434157628472720214e-01,3.644379517667967416e+00,3.717162291050915002e+00,2.842981695340684123e+00,3.543807637795176824e+00,4.378316391162392129e+00,3.948622663518133180e+00,3.907366887766050123e+00,3.076823076739912288e+00,1.116446172483620325e+00,6.539926233902575436e-01,1.310642363926358023e+00,4.180995850802358582e+00,3.776540698692186560e+00,3.566829093009381335e+00,3.194939473234840399e+00,3.490351039543102996e+00,3.353928420368813779e+00,4.301457824664759677e+00,4.333633866755745245e+00,3.255632647293466242e+00,2.321562032538396547e+00,1.763777618213813181e-01,2.969421422784512821e+00,5.060504771223212295e+00,4.591949332816086304e+00,4.346699661111020241e+00,3.866431402720182042e+00,3.840512121782678534e+00,4.408527181242372528e+00,4.830243131194357886e+00,4.531965982621655620e+00,3.929285286535062038e+00,2.022666706509872458e+00,5.652672294755700655e-01,4.463595077283405210e+00,5.570960623988308491e+00,5.147598287348414736e+00,4.467141069541446186e+00,3.790067790373794043e+00,4.217630984540602590e+00,4.154138056448087646e+00,4.036188819326263832e+00,3.944024853316902224e+00,2.294305338139506656e+00,5.479790708492063844e-01,7.270306709878046059e-01,3.018418113975644079e+00,2.636577938719410152e+00,2.484420243586657140e+00,3.789501872727909948e+00,4.380003963205431283e+00,3.576190489693803265e+00,2.868163652392946794e+00,2.697277637051318067e+00,1.053144139743426688e+00,2.406028492885221581e-01,1.304495795607273800e+00,1.844003039071678840e+00,1.070764715132172862e+00,8.367992797158785301e-01,1.573422663814363798e+00,2.176896468024284159e-01,1.179420222175887416e-12,2.779585783964979018e-01,3.289546281357014906e-02
1.893118253540083007e+00,5.758964291532678859e-01,6.362499017767382359e-01,4.341677027591913651e-01,1.891836671351518007e+00,9.557653849704879079e-01,3.369846437754135948e+00,2.691678660607974560e+00,2.149835821304336037e+00,3.099973971521336136e+00,4.202964116807814676e+00,2.483180042487755923e+00,9.434157628455080991e-01,3.644381274510367419e+00,3.717168954821917559e+00,2.843001251675074226e+00,3.543862478798518456e+00,4.378325107181406217e+00,3.948945583250175861e+00,3.907705015130849002e+00,3.076907081942482858e+00,1.116912096820781297e+00,6.546061156863324237e-01,1.310657907873088002e+00,4.181023973193217280e+00,3.776572198351065612e+00,3.566853658369877778e+00,3.195176508135403992e+00,3.490600188862617692e+00,3.354575728756036934e+00,4.302500542095907043e+00,4.335078337838644380e+00,3.257798529730913994e+00,2.323937382902769411e+00,1.765063936778518972e-01,2.969423404011225287e+00,5.060529312645646982e+00,4.591963169449949866e+00,4.346710398833740108e+00,3.866469553332323450e+00,3.840598131136711224e+00,4.408593051528037599e+00,4.830698214000818780e+00,4.532509438377874567e+00,3.931934286255769351e+00,2.026473391722937833e+00,5.661563854596980416e-01,4.463874170028764077e+00,5.571249789614983960e+00,5.148031404936207700e+00,4.467289633748333877e+00,3.790659499903035634e+00,4.218037567103527508e+00,4.154278126740154953e+00,4.036930838075138084e+00,3.944127916810243217e+00,2.296494587057874792e+00,5.496243468543752231e-01,7.270335521870989748e-01,3.018525630992700659e+00,2.638139803713248188e+00,2.485447670639079121e+00,3.792819639468925086e+00,4.381249032819432898e+00,3.578527736993765807e+00,2.871255359160789666e+00,2.698409389898996924e+00,1.054422992722735986e+00,2.406368435065345812e-01,1.305893380171475604e+00,1.846422730034350090e+00,1.071511151363725656e+00,8.367992797192388421e-01,1.574389185291794613e+00,2.179393399085122751e-01,7.116998038777905739e-13,2.779585783970405233e-01,3.289546285886982974e-02
1.893123283266199497e+00,5.759894193524015549e-01,6.362571906583853742e-01,4.341677027574030734e-01,1.891837639493419543e+00,9.557683387879335468e-01,3.369853835450127288e+00,2.692148656837457743e+00,2.149842478758530628e+00,3.099976370146614979e+00,4.202968021041738389e+00,2.483276821863601214e+00,9.434157628437103149e-01,3.644382952281721710e+00,3.717175318673706652e+00,2.843019927829311566e+00,3.543914851549997636e+00,4.378333430914828739e+00,3.949253969200033243e+00,3.908027924257241548e+00,3.076987306288009094e+00,1.117357051108289312e+00,6.551919962805302644e-01,1.310672752226856863e+00,4.181050829867870355e+00,3.776602280291641467e+00,3.566877118106907663e+00,3.195402874707946150e+00,3.490838124615444293e+00,3.355193903466575200e+00,4.303496329511826701e+00,4.336457797013385296e+00,3.259866931400694945e+00,2.326205824889772789e+00,1.766292361469823102e-01,2.969425296067927267e+00,5.060552749522003069e+00,4.591976383332580625e+00,4.346720653279187552e+00,3.866505986883922219e+00,3.840680269432017901e+00,4.408655957162366690e+00,4.831132814706887046e+00,4.533028434595760991e+00,3.934464061349224995e+00,2.030108747878514475e+00,5.670055228322015139e-01,4.464140701531266409e+00,5.571525940644467489e+00,5.148445029021290864e+00,4.467431511464330818e+00,3.791224578116401567e+00,4.218425850436596569e+00,4.154411892830472297e+00,4.037639460478863462e+00,3.944226341682147918e+00,2.298585303543689840e+00,5.511955732411610853e-01,7.270363037109447424e-01,3.018628308946735395e+00,2.639631373202561804e+00,2.486428855856671394e+00,3.795988082108538553e+00,4.382438065069734989e+00,3.580759790836749890e+00,2.874207916202019319e+00,2.699490205477581561e+00,1.055644287836425388e+00,2.406693077325730290e-01,1.307228063068627044e+00,1.848733516964134571e+00,1.072223992430679562e+00,8.367992797227115087e-01,1.575312206136803450e+00,2.181777949734692024e-01,2.541545200714489639e-13,2.779585783976253888e-01,3.289546290575635218e-02
1.893128086617234418e+00,5.760782243030306837e-01,6.362641514862048542e-01,4.341677027555804202e-01,1.891838564061643302e+00,9.557711596615789951e-01,3.369860900194835196e+00,2.692597499751941292e+00,2.149848836577807010e+00,3.099978660815855491e+00,4.202971749556072112e+00,2.483369245449897011e+00,9.434157628418780028e-01,3.644384554540811116e+00,3.717181396104867641e+00,2.843037763418026387e+00,3.543964867139245190e+00,4.378341380018416551e+00,3.949548475495654909e+00,3.908336300078781633e+00,3.077063919943086923e+00,1.117781979153848360e+00,6.557515079041462691e-01,1.310686928474532831e+00,4.181076477792927015e+00,3.776631008321746030e+00,3.566899521981721666e+00,3.195619053106320884e+00,3.491065351495219016e+00,3.355784255731874222e+00,4.304447299111139991e+00,4.337775170297831551e+00,3.261842239660074139e+00,2.328372170169004107e+00,1.767465497941229369e-01,2.969427102967928445e+00,5.060575131565041573e+00,4.591989002492399052e+00,4.346730446198419529e+00,3.866540780655429721e+00,3.840758710894939476e+00,4.408716031576645378e+00,4.831547855158933480e+00,4.533524072135882044e+00,3.936879977807583586e+00,2.033580486054417769e+00,5.678164427272964776e-01,4.464395237139966888e+00,5.571789662830119561e+00,5.148840036955808941e+00,4.467567003631097933e+00,3.791764223620548879e+00,4.218796658140822053e+00,4.154539638454857631e+00,4.038316189620568153e+00,3.944320336704970398e+00,2.300581922286933700e+00,5.526960827913877106e-01,7.270389313956963084e-01,3.018726365631458908e+00,2.641055811006222331e+00,2.487365880464835755e+00,3.799013921338399769e+00,4.383573582053161388e+00,3.582891385708220522e+00,2.877027586285984206e+00,2.700522376341828235e+00,1.056810615615179083e+00,2.407003108276171421e-01,1.308502675340091237e+00,1.850940301349919492e+00,1.072904750364509718e+00,8.367992797263005267e-01,1.576193684200359435e+00,2.184055177924661695e-01,-1.936111426682695727e-13,2.779585783982543856e-01,3.289546295430145761e-02
1.893132673781742437e+00,5.761630323723651026e-01,6.362707990250486834e-01,4.341677027537226286e-01,1.891839447017325204e+00,9.557738535748786513e-01,3.369867646973532249e+00,2.693026141407428575e+00,2.149854908247956331e+00,3.099980848387877241e+00,4.202975310259499331e+00,2.483457509289464404e+00,9.434157628400102746e-01,3.644386084686244587e+00,3.717187200006450531e+00,2.843054796272896478e+00,3.544012631656035861e+00,4.378348971353287489e+00,3.949829726824382714e+00,3.908630796701935584e+00,3.077137085415553752e+00,1.118187782286818477e+00,6.562858373563539294e-01,1.310700466685841059e+00,4.181100971371079389e+00,3.776658443377385765e+00,3.566920917515945089e+00,3.195825501873897689e+00,3.491282351480622381e+00,3.356348037768243309e+00,4.305355468027871169e+00,4.339033252017348907e+00,3.263728644402711598e+00,2.330441013849255505e+00,1.768585834572515836e-01,2.969428828543908327e+00,5.060596506250079507e+00,4.592001053696337820e+00,4.346739798363533858e+00,3.866574008449104038e+00,3.840833621910338280e+00,4.408773402196764835e+00,4.831944215713407154e+00,4.533997402311914726e+00,3.939187160113569508e+00,2.036895970272791345e+00,5.685908652148051745e-01,4.464638316759022452e+00,5.572041515562057512e+00,5.149217266604555476e+00,4.467696397645689821e+00,3.792279581075947092e+00,4.219150776749063247e+00,4.154661634578909357e+00,4.038962460933498200e+00,3.944410101254759660e+00,2.302488678383660226e+00,5.541290582869873305e-01,7.270414408150286389e-01,3.018820009038250429e+00,2.642416138547795335e+00,2.488260732018400478e+00,3.801903575369206312e+00,4.384657992353481859e+00,3.584927043006696401e+00,2.879720350310981392e+00,2.701508091864531114e+00,1.057924449996594296e+00,2.407299185533918473e-01,1.309719920609380583e+00,1.853047764077252246e+00,1.073554869144063506e+00,8.367992797300112251e-01,1.577035489215623087e+00,2.186229913961377225e-01,-6.319831927380236085e-13,2.779585783989294012e-01,3.289546300458146000e-02
1.893137054489717697e+00,5.762440234496939429e-01,6.362771473752414364e-01,4.341677027518289211e-01,1.891840290233336219e+00,9.557764262419869983e-01,3.369874090097044306e+00,2.693435491010344407e+00,2.149860706647807707e+00,3.099982937502816505e+00,4.202978710704752707e+00,2.483541800601744676e+00,9.434157628381065752e-01,3.644387545963669872e+00,3.717192742689311213e+00,2.843071062522894099e+00,3.544058246415316749e+00,4.378356221021684647e+00,3.950098319757996634e+00,3.908912038793528332e+00,3.077206957899189632e+00,1.118575321270055767e+00,6.567961180215645678e-01,1.310713395577145945e+00,4.181124362556494667e+00,3.776684643651995632e+00,3.566941350092378116e+00,3.196022658916195525e+00,3.491489584857720541e+00,3.356886445432973431e+00,4.306222762610058652e+00,4.340234710731944112e+00,3.265530146945988310e+00,2.332416744225355831e+00,1.769655747747920504e-01,2.969430476456049295e+00,5.060616918915692430e+00,4.592012562506619489e+00,4.346748729611731754e+00,3.866605740745555408e+00,3.840905161374525534e+00,4.408828190713506068e+00,4.832322737104187027e+00,4.534449429120626540e+00,3.941390502110192262e+00,2.040062233120184754e+00,5.693304329486554849e-01,4.464870455992899778e+00,5.572282033053697070e+00,5.149577518122195663e+00,4.467819967970164008e+00,3.792771743624860026e+00,4.219488957394370132e+00,4.154778139972767015e+00,4.039579645245759743e+00,3.944495825734164018e+00,2.304309616319201393e+00,5.554975392611083418e-01,7.270438372917596981e-01,3.018909437797333339e+00,2.643715241264386062e+00,2.489115308617490641e+00,3.804663173544589938e+00,4.385693596150337825e+00,3.586871080634240982e+00,2.882291919990541462e+00,2.702449442880476838e+00,1.058988153572734792e+00,2.407581937118568605e-01,1.310882380816904114e+00,1.855060375357126645e+00,1.074175727758435617e+00,8.367992797338470456e-01,1.577839406763900332e+00,2.188306770751585473e-01,-1.061338066200178094e-12,2.779585783996523229e-01,3.289546305667822440e-02
1.893141238033232421e+00,5.763213693279539696e-01,6.362832100024881088e-01,4.341677027498985209e-01,1.891841095498253633e+00,9.557788831198790191e-01,3.369880243232103556e+00,2.693826416846082594e+00,2.149866244076548139e+00,3.099984932591969944e+00,4.202981958104634153e+00,2.483622298179915422e+00,9.434157628361660164e-01,3.644388941472654686e+00,3.717198035910227460e+00,2.843086596670919342e+00,3.544101808172111845e+00,4.378363144401128615e+00,3.950354824018123878e+00,3.909180622905747082e+00,3.077273685602904152e+00,1.118945418125705915e+00,6.572834322734881773e-01,1.310725742572362851e+00,4.181146700965014951e+00,3.776709664719874127e+00,3.566960863051258368e+00,3.196210942429738910e+00,3.491687491196294957e+00,3.357400620760911725e+00,4.307051022505795856e+00,4.341382094896638399e+00,3.267250568518337950e+00,2.334303552086331113e+00,1.770677506896771725e-01,2.969432050199797501e+00,5.060636412859884636e+00,4.592023553334978914e+00,4.346757258887391728e+00,3.866636044853242193e+00,3.840973481032300185e+00,4.408880513340661444e+00,4.832684222225897663e+00,4.534881111371490192e+00,3.943494677381242042e+00,2.043085990664615270e+00,5.700367146511701177e-01,4.465092147240040887e+00,5.572511725474887712e+00,5.149921555650501581e+00,4.467937976713750814e+00,3.793241755210043475e+00,4.219811917403236023e+00,4.154889401759994882e+00,4.040169051688031310e+00,3.944577691976301370e+00,2.306048598547063122e+00,5.568044284453721460e-01,7.270461259091415274e-01,3.018994841599099477e+00,2.644955874727036527e+00,2.489931422933654659e+00,3.807298569342276728e+00,4.386682590098234691e+00,3.588727622155311714e+00,2.884747749968739061e+00,2.703348426121385373e+00,1.060003982601504635e+00,2.407851962784180178e-01,1.311992521696610625e+00,1.856982404207899284e+00,1.074768643131986945e+00,8.367992797378125402e-01,1.578607142062099733e+00,2.190290153587029498e-01,-1.482032148757989447e-12,2.779585784004259263e-01,3.289546311067929885e-02
1.893145233286146478e+00,5.763952340681265385e-01,6.362889997664371577e-01,4.341677027479307061e-01,1.891841864520155569e+00,9.557812294199256042e-01,3.369886119430338223e+00,2.694199748120757576e+00,2.149871532279810094e+00,3.099986837887192426e+00,4.202985059347319030e+00,2.483699172770136077e+00,9.434157628341878210e-01,3.644390274173264554e+00,3.717203090896833206e+00,2.843101431666986478e+00,3.544143409326750316e+00,4.378369756177039385e+00,3.950599783684694000e+00,3.909437118741506900e+00,3.077337410065106749e+00,1.119298857878823661e+00,6.577488137709929239e-01,1.310737533861127346e+00,4.181168033979404619e+00,3.776733559654064099e+00,3.566979497782191366e+00,3.196390751789107032e+00,3.491876490282226797e+00,3.357891654386869984e+00,4.307842004565374694e+00,4.342477838267084778e+00,3.268893558364583729e+00,2.336105439604630796e+00,1.771653279307252027e-01,2.969433553113277391e+00,5.060655029431929464e+00,4.592034049494437831e+00,4.346765404282255219e+00,3.866664985051245118e+00,3.841038725798818998e+00,4.408930481061542395e+00,4.833029437836952269e+00,4.535293364720438980e+00,3.945504149164589247e+00,2.045973656701244980e+00,5.707112084405365771e-01,4.465303860737306785e+00,5.572731080034055040e+00,5.150250108939202320e+00,4.468050674188820182e+00,3.793690612789089478e+00,4.220120341817144016e+00,4.154995655941765342e+00,4.040731930470405686e+00,3.944655873630450671e+00,2.307709313681708174e+00,5.580524979269564367e-01,7.270483115216419545e-01,3.019076401596467285e+00,2.646140670485662483e+00,2.490710806054779791e+00,3.809815352790095755e+00,4.387627071985938265e+00,3.590500605543392787e+00,2.887093049390226263e+00,2.704206948451244763e+00,1.060974091792474816e+00,2.408109835291431522e-01,1.313052698006139885e+00,1.858817927510450385e+00,1.075334872917718787e+00,8.367992797419132600e-01,1.579340323579726313e+00,2.192184269488661463e-01,-1.894401703437834376e-12,2.779585784012520988e-01,3.289546316667873310e-02
1.893149048722930328e+00,5.764657743472321183e-01,6.362945289479574607e-01,4.341677027459246441e-01,1.891842598930244090e+00,9.557834701189471538e-01,3.369891731155955306e+00,2.694556276720061483e+00,2.149876582474584907e+00,3.099988657429873840e+00,4.202988021010962250e+00,2.483772587433723089e+00,9.434157628321712119e-01,3.644391546892340017e+00,3.717207918371435937e+00,2.843115598978115166e+00,3.544183138120863941e+00,4.378376070373882989e+00,3.950833718350005963e+00,3.909682070362868966e+00,3.077398266453928333e+00,1.119636390222516598e+00,6.581932496506345265e-01,1.310748794454347221e+00,4.181188406849849493e+00,3.776756379138928477e+00,3.566997293811942971e+00,3.196562468394062773e+00,3.492056983007921556e+00,3.358360587859006596e+00,4.308597386567796228e+00,4.343524265061886602e+00,3.270462601486475940e+00,2.337826228825271802e+00,1.772585134723506650e-01,2.969434988384373586e+00,5.060672808120075139e+00,4.592044073248763070e+00,4.346773183073800340e+00,3.866692622725608430e+00,3.841101034066983555e+00,4.408978199864388436e+00,4.833359116185948601e+00,4.535687063612102499e+00,3.947423179819308459e+00,2.048731356356901845e+00,5.713553450085170349e-01,4.465506045557415149e+00,5.572940562011631904e+00,5.150563874893877347e+00,4.468158299441829406e+00,3.794119268449107185e+00,4.220414884845631320e+00,4.155097127897446896e+00,4.041269475534249977e+00,3.944730536530387077e+00,2.309295284322600672e+00,5.592443950285634902e-01,7.270503987652415789e-01,3.019154290789129558e+00,2.647272141650923061e+00,2.491455111156965163e+00,3.812218862323180524e+00,4.388529045186166044e+00,3.592193791533966341e+00,2.889332792949523832e+00,2.705026830911026803e+00,1.061900538877310174e+00,2.408356101622524670e-01,1.314065158521579457e+00,1.860570838655794201e+00,1.075875618164923386e+00,8.367992797461542009e-01,1.580040506493084473e+00,2.193993136130300559e-01,-2.298783612002645227e-12,2.779585784021336714e-01,3.289546322477712031e-02
1.893152692436640860e+00,5.765331397906637845e-01,6.362998092751880330e-01,4.341677027438795022e-01,1.891843300286304652e+00,9.557856099697701335e-01,3.369897090312181209e+00,2.694896758888957411e+00,2.149881405373017085e+00,3.099990395079511796e+00,4.202990849377651550e+00,2.483842697893023921e+00,9.434157628301151899e-01,3.644392762329491386e+00,3.717212528573760277e+00,2.843129128655074389e+00,3.544221078824554283e+00,4.378382100384921038e+00,3.951057124220853201e+00,3.909915997345066785e+00,3.077456383853932387e+00,1.119958731108143146e+00,6.586176826205050183e-01,1.310759548237254046e+00,4.181207862789945828e+00,3.776778171577657606e+00,3.567014288888281648e+00,3.196726456478551803e+00,3.492229352222652849e+00,3.358808415848092199e+00,4.309318770779571039e+00,4.344523594892577556e+00,3.271961026034849063e+00,2.339469569772908653e+00,1.773475049735849240e-01,2.969436359057492592e+00,5.060689786635307108e+00,4.592053645859684785e+00,4.346780611761892565e+00,3.866719016499549078e+00,3.841160538000988556e+00,4.409023770967180234e+00,4.833673956564870089e+00,4.536063043134618056e+00,3.949255839866715689e+00,2.051364939082295891e+00,5.719704906551373869e-01,4.465699130561480601e+00,5.573140615746983606e+00,5.150863519054187378e+00,4.468261080760375314e+00,3.794528631426227427e+00,4.220696171253956130e+00,4.155194032862667086e+00,4.041782827084720253e+00,3.944801839046134795e+00,2.310809874526112750e+00,5.603826479237467018e-01,7.270523920672676832e-01,3.019228674390510125e+00,2.648352688224865137e+00,2.492165917011128773e+00,3.814514196107503974e+00,4.389390422905012024e+00,3.593810771601535059e+00,2.891471731443016502e+00,2.705809812581358553e+00,1.062785288974494424e+00,2.408591284141405331e-01,1.315032050807420472e+00,1.862244855803483645e+00,1.076392025866769631e+00,8.367992797505398039e-01,1.580709175984014836e+00,2.195720590360655811e-01,-2.695480601888474022e-12,2.779585784030737527e-01,3.289546328508284601e-02
1.893156172156086336e+00,5.765974732895625676e-01,6.363048519484141297e-01,4.341677027417944479e-01,1.891843970076011239e+00,9.557876535113083438e-01,3.369902208266508659e+00,2.695221916835779385e+00,2.149886011205123904e+00,3.099992054521897522e+00,4.202993550446737281e+00,2.483909652861726158e+00,9.434157628280190888e-01,3.644393923062827945e+00,3.717216931282667503e+00,2.843142049396127025e+00,3.544257311915144815e+00,4.378387859000619997e+00,3.951270475171044794e+00,3.910139395878597490e+00,3.077511885539920389e+00,1.120266564263943332e+00,6.590230129598428910e-01,1.310769818020066646e+00,4.181226443068351450e+00,3.776798983194939119e+00,3.567030519060046867e+00,3.196883063883291687e+00,3.492393963544638602e+00,3.359236088257336661e+00,4.310007687353333061e+00,4.345477947471716007e+00,3.273392010369074345e+00,2.341038948194025249e+00,1.774324911973374497e-01,2.969437668040018963e+00,5.060706000991335607e+00,4.592062787631999043e+00,4.346787706103778959e+00,3.866744222357804794e+00,3.841217363816659347e+00,4.409067291032342517e+00,4.833974626792376661e+00,4.536422100790967527e+00,3.951006016624488915e+00,2.053879991059486265e+00,5.725579501867924526e-01,4.465883525308687929e+00,5.573331665580906424e+00,5.151149677005576244e+00,4.468359236157418479e+00,3.794919570034213763e+00,4.220964797688306014e+00,4.155286576385853081e+00,4.042273074009286482e+00,3.944869932419893921e+00,2.312256296941137101e+00,5.614696709995059543e-01,7.270542956557847214e-01,3.019299710178204865e+00,2.649384602191649840e+00,2.492844731331791852e+00,3.816706222853771813e+00,4.390213032240109392e+00,3.595354975577622181e+00,2.893514401846030371e+00,2.706557554271343591e+00,1.063630218757610546e+00,2.408815881701769079e-01,1.315955425771830001e+00,1.863843529768325791e+00,1.076885191393230690e+00,8.367992797550771744e-01,1.581347750390163398e+00,2.197370296341797091e-01,-3.084788919429544431e-12,2.779585784040751739e-01,3.289546334771249747e-02
1.893159495262222380e+00,5.766589113039087833e-01,6.363096676638252402e-01,4.341677027396687039e-01,1.891844609720081172e+00,9.557896050781913289e-01,3.369907095874808078e+00,2.695532440264131857e+00,2.149890409740496722e+00,3.099993639276935387e+00,4.202996129947551118e+00,2.483973594360299408e+00,9.434157628258821315e-01,3.644395031554423792e+00,3.717221135836896284e+00,2.843154388607900707e+00,3.544291914247882591e+00,4.378393358435779703e+00,3.951474223746554770e+00,3.910352739821706169e+00,3.077564889238412871e+00,1.120560542645317126e+00,6.594101004286460066e-01,1.310779625586375063e+00,4.181244187096333498e+00,3.776818858135007506e+00,3.567046018753612824e+00,3.197032622793588796e+00,3.492551166136567797e+00,3.359644512237264014e+00,4.310665597573505536e+00,4.346389347109081314e+00,3.274758589798787423e+00,2.342537692950670269e+00,1.775136524107872038e-01,2.969438918108484593e+00,5.060721485580987000e+00,4.592071517956632931e+00,4.346794481147514766e+00,3.866768293765385778e+00,3.841271632049173768e+00,4.409108852371771192e+00,4.834261764630336522e+00,4.536764998190582432e+00,3.952677422452189226e+00,2.056281847050924316e+00,5.731189696839155134e-01,4.466059620925023843e+00,5.573514116755718284e+00,5.151422955727428921e+00,4.468452973833719533e+00,3.795292913506272292e+00,4.221221333941370446e+00,4.155374954764228690e+00,4.042741256187409427e+00,3.944934961086843384e+00,2.313637619623548858e+00,5.625077699775256068e-01,7.270561135685631449e-01,3.019367548828647330e+00,2.650370072379158337e+00,2.493492993975144234e+00,3.818799592144612731e+00,4.390998618056154434e+00,3.596829678925903107e+00,2.895465136936365091e+00,2.707271642041364945e+00,1.064437120436016126e+00,2.409030370705196045e-01,1.316837242016901666e+00,1.865370251552134651e+00,1.077356160814509467e+00,8.367992797597723076e-01,1.581957584213466550e+00,2.198945753321335794e-01,-3.466984365475579426e-12,2.779585784051406550e-01,3.289546341279199482e-02
1.893162668803806126e+00,5.767175841519713853e-01,6.363142666362032740e-01,4.341677027375013820e-01,1.891845220575288922e+00,9.557914688099576894e-01,3.369911763504356284e+00,2.695828987835843904e+00,2.149894610309022180e+00,3.099995152706106261e+00,4.202998593351565226e+00,2.484034658017237884e+00,9.434157628237034299e-01,3.644396090155542556e+00,3.717225151154873952e+00,2.843166172463521768e+00,3.544324959218958071e+00,4.378398610355442422e+00,3.951668802125432478e+00,3.910556481705503629e+00,3.077615507377364779e+00,1.120841289819830111e+00,6.597797660913383710e-01,1.310788991739346043e+00,4.181261132511357559e+00,3.776837838555278992e+00,3.567060820845911362e+00,3.197175450443947131e+00,3.492701293446217825e+00,3.360034554109899041e+00,4.311293896955877614e+00,4.347259727005504004e+00,3.276063663022186212e+00,2.343968983081420099e+00,1.775911607677534976e-01,2.969440111914455560e+00,5.060736273249156980e+00,4.592079855351781426e+00,4.346800951263880108e+00,3.866791281780979528e+00,3.841323457808732744e+00,4.409148543142643817e+00,4.834535979136606265e+00,4.537092462664825909e+00,3.954273602625674400e+00,2.058575601715198822e+00,5.736547391440819377e-01,4.466227790932903119e+00,5.573688356274826283e+00,5.151683934880557203e+00,4.468542492619461903e+00,3.795649453753967340e+00,4.221466324160939365e+00,4.155459355460187965e+00,4.043188366696263358e+00,3.944997062981508318e+00,2.314956772543962149e+00,5.634991468049198593e-01,7.270578496616434405e-01,3.019432334236714421e+00,2.651311189101788646e+00,2.494112079993172415e+00,3.820798744296963090e+00,4.391748846685992191e+00,3.598238009689903816e+00,2.897328074484694760e+00,2.707953590567326874e+00,1.065207705556360462e+00,2.409235206111662031e-01,1.317679369993113747e+00,1.866828259536501999e+00,1.077805933119894588e+00,8.367992797646315317e-01,1.582539970993231293e+00,2.200450303054795054e-01,-3.842322204005119858e-12,2.779585784062738041e-01,3.289546348045702812e-02
1.893165699512348477e+00,5.767736162867317384e-01,6.363186586205888950e-01,4.341677027352916496e-01,1.891845803937343806e+00,9.557932486598360589e-01,3.369916221055824668e+00,2.696112188568077883e+00,2.149898621820673927e+00,3.099996598019600480e+00,4.203000945883992756e+00,2.484092973356749390e+00,9.434157628214819846e-01,3.644397101111621851e+00,3.717228985753632031e+00,2.843177425958131721e+00,3.544356516921189915e+00,4.378403625899638385e+00,3.951854623034511516e+00,3.910751053693846124e+00,3.077663847324639601e+00,1.121109401289884344e+00,6.601327940583572307e-01,1.310797936345849735e+00,4.181277315256925142e+00,3.776855964715773784e+00,3.567074956734168634e+00,3.197311849790966942e+00,3.492844663913744263e+00,3.360407041206351586e+00,4.311893918207682752e+00,4.348090933353444321e+00,3.277309998274558822e+00,2.345335854544545739e+00,1.776651806738574202e-01,2.969441251990158293e+00,5.060750395362475729e+00,4.592087817502179092e+00,4.346807130176864931e+00,3.866813235165253548e+00,3.841372951024725424e+00,4.409186447534410469e+00,4.834797851956921022e+00,4.537405188809756851e+00,3.955797942857104399e+00,2.060766120413490388e+00,5.741663950061537403e-01,4.466388392043464606e+00,5.573854753723615829e+00,5.151933168036739730e+00,4.468627982395997122e+00,3.795989947046971125e+00,4.221700288004120338e+00,4.155539957498928239e+00,4.043615353917187960e+00,3.945056369830338028e+00,2.316216553802589839e+00,5.644459043248571950e-01,7.270595076175156990e-01,3.019494203820946687e+00,2.652209948594293820e+00,2.494703302550328683e+00,3.822707919780578667e+00,4.392465309465138468e+00,3.599582955128000084e+00,2.899107166031336114e+00,2.708604846353490192e+00,1.065943608633003858e+00,2.409430822404571015e-01,1.318483595966805755e+00,1.868220646351838488e+00,1.078235462336749828e+00,8.367992797696607310e-01,1.583096146049906006e+00,2.201887136893924402e-01,-4.211033595920375651e-12,2.779585784074777854e-01,3.289546355085449375e-02
1.893168593816392686e+00,5.768271265598637898e-01,6.363228529329735261e-01,4.341677027330386185e-01,1.891846361043638902e+00,9.557949484031305065e-01,3.369920477984282403e+00,2.696382643167561266e+00,2.149902452784409501e+00,3.099997978283125732e+00,4.203003192534874088e+00,2.484148664073491553e+00,9.434157628192170186e-01,3.644398066567040129e+00,3.717232647766872233e+00,2.843188172961905291e+00,3.544386654292699834e+00,4.378408415707012225e+00,3.952032080624858335e+00,3.910936868500011432e+00,3.077710011615750307e+00,1.121365445755858392e+00,6.604699331493566472e-01,1.310806478378599538e+00,4.181292769658814024e+00,3.776873275064512647e+00,3.567088456402503382e+00,3.197442110155954698e+00,3.492981581647136125e+00,3.360762763621698568e+00,4.312466934054448586e+00,4.348884729253012615e+00,3.278500239200081268e+00,2.346641206657687384e+00,1.777358691352481646e-01,2.969442340753850829e+00,5.060763881875843140e+00,4.592095421296621183e+00,4.346813030992776383e+00,3.866834200484285056e+00,3.841420216678902211e+00,4.409222645947372676e+00,4.835047938558648006e+00,4.537703839959460694e+00,3.957253676476489179e+00,2.062858049529654902e+00,5.746550225608182405e-01,4.466541764913199763e+00,5.574013662053388884e+00,5.152171183852921388e+00,4.468709624498607091e+00,3.796315115617213909e+00,4.221923721739596402e+00,4.155616931848183704e+00,4.044023123547332510e+00,3.945113007431114038e+00,2.317419635564390124e+00,5.653500507369733086e-01,7.270610909529306998e-01,3.019553288815032044e+00,2.653068257246062434e+00,2.495267915708928363e+00,3.824531168212635279e+00,4.393149526107209546e+00,3.600867368049793349e+00,2.900806185267995385e+00,2.709226790800698392e+00,1.066646390615042739e+00,2.409617634512351281e-01,1.319251625809088280e+00,1.869550365437257833e+00,1.078645659554134495e+00,8.367992797748665668e-01,1.583627289105359548e+00,2.203259302555982402e-01,-4.573332435237515678e-12,2.779585784087564848e-01,3.289546362414345199e-02
1.893171357855149672e+00,5.768782284738351862e-01,6.363268584700599861e-01,4.341677027307413450e-01,1.891846893075875169e+00,9.557965716452284655e-01,3.369924543319248844e+00,2.696640925304764735e+00,2.149906111326221669e+00,3.099999296424409856e+00,4.203005338069661256e+00,2.484201848294945059e+00,9.434157628169077547e-01,3.644398988569660602e+00,3.717236144962220212e+00,2.843198436270682361e+00,3.544415435258897684e+00,4.378412989937393363e+00,3.952201551307818139e+00,3.911114320262120803e+00,3.077754098171351593e+00,1.121609966322397955e+00,6.607918984815546182e-01,1.310814635956396135e+00,4.181307528497884896e+00,3.776889806319069898e+00,3.567101348485524959e+00,3.197566507838613514e+00,3.493112337067266093e+00,3.361102475890879404e+00,4.313014159939616121e+00,4.349642798451744063e+00,3.279636910459342580e+00,2.347887808247695052e+00,1.778033760916340744e-01,2.969443380514950714e+00,5.060776761395967327e+00,4.592102682863778540e+00,4.346818666228040584e+00,3.866854222208331304e+00,3.841465355028057527e+00,4.409257215163220778e+00,4.835286769409004037e+00,4.537989049593072366e+00,3.958643891290016814e+00,2.064855826325826094e+00,5.751216582526360588e-01,4.466688234866533769e+00,5.574165418330023769e+00,5.152398487192565213e+00,4.468787592101143069e+00,3.796625649190834562e+00,4.222137099300281804e+00,4.155690441780873989e+00,4.044412540520756494e+00,3.945167095919785982e+00,2.318568569727087691e+00,5.662135038570315082e-01,7.270626030263592776e-01,3.019609714546168444e+00,2.653887935644826612e+00,2.495807117089185123e+00,3.826272356947513664e+00,4.393802947927444968e+00,3.602093972867301819e+00,2.902428736042273361e+00,2.709820743136515109e+00,1.067317542197290026e+00,2.409796038688575559e-01,1.319985088614224145e+00,1.870820237305216072e+00,1.079037394855345777e+00,8.367992797802593641e-01,1.584134526785230479e+00,2.204569710588355769e-01,-4.929408300987456069e-12,2.779585784101129553e-01,3.289546370049660495e-02
1.893173997491519822e+00,5.769270304226606916e-01,6.363306837281332839e-01,4.341677027283989965e-01,1.891847401162568332e+00,9.557981218292479486e-01,3.369928425683848872e+00,2.696887582830733709e+00,2.149909605206371310e+00,3.100000555239411426e+00,4.203007387039325415e+00,2.484252638831977222e+00,9.434157628145530827e-01,3.644399869075178877e+00,3.717239484757699497e+00,2.843208237654321291e+00,3.544442920868075664e+00,4.378417358293341444e+00,3.952363394553435327e+00,3.911283785379157329e+00,3.077796200504942181e+00,1.121843481650412588e+00,6.610993729865924928e-01,1.310822426382559858e+00,4.181321623079620409e+00,3.776905593544456874e+00,3.567113660329075397e+00,3.197685306703111685e+00,3.493237207523915977e+00,3.361426898589168655e+00,4.313536756602660560e+00,4.350366748916050241e+00,3.280722423084486028e+00,2.349078303523683520e+00,1.778678447343249314e-01,2.969444373478935084e+00,5.060789061242039644e+00,4.592109617606412009e+00,4.346824047835752935e+00,3.866873342806159464e+00,3.841508461816685482e+00,4.409290228507901865e+00,4.835514851100248812e+00,4.538261422678467660e+00,3.959971536129704095e+00,2.066763688354444461e+00,5.755672918784778824e-01,4.466828112585878863e+00,5.574310344448932142e+00,5.152615560196533551e+00,4.468862050583346957e+00,3.796922206451181392e+00,4.222340873288596086e+00,4.155760643221426243e+00,4.044784430843075818e+00,3.945218750025294430e+00,2.319665793334088733e+00,5.670380951848670303e-01,7.270640470451160686e-01,3.019663600700901007e+00,2.654670722438373875e+00,2.496322050409524707e+00,3.827935179279973621e+00,4.394426960921136605e+00,3.603265371373804982e+00,2.903978260001909728e+00,2.710387963213482632e+00,1.067958486982241162e+00,2.409966413352467307e-01,1.320685540155156712e+00,1.872032955524197684e+00,1.079411499163481558e+00,8.367992797858466725e-01,1.584618935008650364e+00,2.205821140542218173e-01,-5.279422871761061805e-12,2.779585784115521929e-01,3.289546378010170524e-02
1.893176518324530155e+00,5.769736359218210486e-01,6.363343368210828688e-01,4.341677027260106292e-01,1.891847886381442523e+00,9.557996022433412620e-01,3.369932133313101819e+00,2.697123138939156561e+00,2.149912941835852020e+00,3.100001757398249236e+00,4.203009343790010455e+00,2.484301143418131907e+00,9.434157628121522254e-01,3.644400709951269413e+00,3.717242674237468680e+00,2.843217597902874427e+00,3.544469169420899846e+00,4.378421530040727205e+00,3.952517953652936900e+00,3.911445623309359299e+00,3.077836407921221262e+00,1.122066487057225892e+00,6.613930088591241097e-01,1.310829866181633552e+00,4.181335083300520949e+00,3.776920670227499777e+00,3.567125418048228802e+00,3.197798758737772307e+00,3.493356457884069677e+00,3.361736719860609846e+00,4.314035832541176063e+00,4.351058116241934393e+00,3.281759079593334238e+00,2.350215217685752034e+00,1.779294118099598865e-01,2.969445321752017364e+00,5.060800807503689214e+00,4.592116240234046742e+00,4.346829187231029401e+00,3.866891602835125230e+00,3.841549628480068979e+00,4.409321756007149595e+00,4.835732667424231579e+00,4.538521536955483882e+00,3.961239427108263822e+00,2.068585682446672180e+00,5.759928686870170456e-01,4.466961694770636093e+00,5.574448747817849714e+00,5.152822863305777545e+00,4.468933157881647134e+00,3.797205416435968761e+00,4.222535475936494365e+00,4.155827685076513234e+00,4.045139583343530632e+00,3.945268079312926890e+00,2.320713633743777926e+00,5.678255737892439203e-01,7.270654260721628459e-01,3.019715061578994053e+00,2.655418278022449563e+00,2.496813807912563465e+00,3.829523162279129700e+00,4.395022888703513431e+00,3.604384048262593510e+00,2.905458043894979969e+00,2.710929654181439385e+00,1.068570584499724196e+00,2.410129119891578076e-01,1.321354466183511711e+00,1.873191092432135108e+00,1.079768766003939673e+00,8.367992797916369296e-01,1.585081541270413563e+00,2.207016246868333254e-01,-5.623513253646907241e-12,2.779585784130779169e-01,3.289546386316332532e-02
1.893178925701209714e+00,5.770181438278325636e-01,6.363378254976126414e-01,4.341677027235753550e-01,1.891848349761716008e+00,9.558010160276693146e-01,3.369935674071391052e+00,2.697348093276125347e+00,2.149916128292105544e+00,3.100002905450868429e+00,4.203011212472249625e+00,2.484347464938143180e+00,9.434157628097041837e-01,3.644401512981547242e+00,3.717245720166845402e+00,2.843226536870688825e+00,3.544494236594074810e+00,4.378425514028392307e+00,3.952665556446900208e+00,3.911600177332678729e+00,3.077874805705513417e+00,1.122279455567209094e+00,6.616734289402087521e-01,1.310836971134432316e+00,4.181347937711524132e+00,3.776935068347868629e+00,3.567136646582688364e+00,3.197907104589576388e+00,3.493470341093734444e+00,3.362032596877663426e+00,4.314512446362146036e+00,4.351718366912193936e+00,3.282749078873336224e+00,2.351300962281273943e+00,1.779882079105654102e-01,2.969446227345617029e+00,5.060812025096314670e+00,4.592122564794167694e+00,4.346834095315222690e+00,3.866909041027204452e+00,3.841588942338225010e+00,4.409351864535021370e+00,4.835940680398584490e+00,4.538769944161381353e+00,3.962450253592458171e+00,2.070325673296267599e+00,5.763992913837284737e-01,4.467089264766534562e+00,5.574580922008880890e+00,5.153020836237988789e+00,4.469001064824161595e+00,3.797475879871550664e+00,4.222721320022287728e+00,4.155891709550901147e+00,4.045478751348194457e+00,3.945315188416720353e+00,2.321714313566158427e+00,5.685776100178641101e-01,7.270667430326051006e-01,3.019764206335873613e+00,2.656132188062679589e+00,2.497283432681902227e+00,3.831039674269835160e+00,4.395591995317303713e+00,3.605452376397339620e+00,2.906871226541527964e+00,2.711446965039560286e+00,1.069155133090645249e+00,2.410284503428340164e-01,1.321993285581076538e+00,1.874297104592682395e+00,1.080109953187592176e+00,8.367992797976393504e-01,1.585523326820430290e+00,2.208157564547498786e-01,-5.961784895240804299e-12,2.779585784146944571e-01,3.289546394990493922e-02
1.893181224727931378e+00,5.770606485479354841e-01,6.363411571576775838e-01,4.341677027210921747e-01,1.891848792286284775e+00,9.558023661810624017e-01,3.369939055469144407e+00,2.697562922999953372e+00,2.149919171334037760e+00,3.100004001832446843e+00,4.203012997049775379e+00,2.484391701646169626e+00,9.434157628072079582e-01,3.644402279869351169e+00,3.717248629006659311e+00,2.843235073518517009e+00,3.544518175558440287e+00,4.378429318706912987e+00,3.952806516020645144e+00,3.911747775278926031e+00,3.077911475304671907e+00,1.122482838915130454e+00,6.619412280384401326e-01,1.310843756311518282e+00,4.181360213578563467e+00,3.776948818445911904e+00,3.567147369749686270e+00,3.198010574074606538e+00,3.493579098714471254e+00,3.362315157235156171e+00,4.314967609027390516e+00,4.352348901407026460e+00,3.283694520845703124e+00,2.352337840320112061e+00,1.780443577505585739e-01,2.969447092180624193e+00,5.060822737813937877e+00,4.592128604702019778e+00,4.346838782499041542e+00,3.866925694371146527e+00,3.841626486781121841e+00,4.409380617955745763e+00,4.836139331246719131e+00,4.539007171201153490e+00,3.963606583907606673e+00,2.071987351657115450e+00,5.767874220456482570e-01,4.467211093166643110e+00,5.574707147381210426e+00,5.153209898920303900e+00,4.469065915450624260e+00,3.797734170447141011e+00,4.222898799746203302e+00,4.155952852449090074e+00,4.045802654277884436e+00,3.945360177261405976e+00,2.322669955377303808e+00,5.692957990403992863e-01,7.270680007198970785e-01,3.019811139214162665e+00,2.656813966857982656e+00,2.497731920854645793e+00,3.832487931977353046e+00,4.396135487913944040e+00,3.606472621845257187e+00,2.908220805491424255e+00,2.711940993073537864e+00,1.069713372660943795e+00,2.410432893552117151e-01,1.322603353369438572e+00,1.875353338005915749e+00,1.080435784418203315e+00,8.367992798038629276e-01,1.585945228745089697e+00,2.209247514467581885e-01,-6.294318542305373034e-12,2.779585784164064766e-01,3.289546404057099721e-02
1.893183420281243201e+00,5.771012402403442598e-01,6.363443388681795376e-01,4.341677027185602000e-01,1.891849214893807085e+00,9.558036555673812273e-01,3.369942284678764111e+00,2.697768083793292693e+00,2.149922077416352995e+00,3.100005048868560653e+00,4.203014701307917989e+00,2.484433947374204976e+00,9.434157628046627719e-01,3.644403012241357764e+00,3.717251406926953550e+00,2.843243225953739017e+00,3.544541037091753832e+00,4.378432952146527057e+00,3.952941131368330474e+00,3.911888730223137767e+00,3.077946494499837815e+00,1.122677068504343234e+00,6.621969741916151619e-01,1.310850236105166156e+00,4.181371936940404765e+00,3.776961949687434927e+00,3.567157610294501513e+00,3.198109386665517473e+00,3.493682961435779610e+00,3.362585000281494985e+00,4.315402285997952170e+00,4.352951057174640148e+00,3.284597410919622096e+00,2.353328051159610190e+00,1.780979804312829429e-01,2.969447918091474126e+00,5.060832968379675556e+00,4.592134372769060668e+00,4.346843258724637060e+00,3.866941598190932083e+00,3.841662341445561069e+00,4.409408077259189263e+00,4.836329041333724987e+00,4.539233721265162558e+00,3.964710870785347119e+00,2.073574242171813964e+00,5.771580839499540483e-01,4.467327438385337857e+00,5.574827691675782404e+00,5.153390452380027575e+00,4.469127847317913904e+00,3.797980836031684682e+00,4.223068291566535848e+00,4.156011243463369809e+00,4.046111979174146001e+00,3.945403141274358649e+00,2.323582586221628166e+00,5.699816642320590931e-01,7.270692018017665958e-01,3.019855959764793152e+00,2.657465060552596903e+00,2.498160223734343877e+00,3.833871007350460491e+00,4.396654519314104448e+00,3.607446948683735499e+00,2.909509643382571564e+00,2.712412786183074243e+00,1.070246487311599104e+00,2.410574605018306893e-01,1.323185963584167180e+00,1.876362033084515435e+00,1.080746950827502939e+00,8.367992798103172092e-01,1.586348141954946334e+00,2.210288408558547246e-01,-6.621159403837619723e-12,2.779585784182191932e-01,3.289546413542943082e-02
1.893185517018212805e+00,5.771400050054853459e-01,6.363473773779575460e-01,4.341677027159784874e-01,1.891849618480694328e+00,9.558048869215917120e-01,3.369945368549840836e+00,2.697964010829698278e+00,2.149924852703246181e+00,3.100006048780118650e+00,4.203016328861642670e+00,2.484474291731106455e+00,9.434157628020675146e-01,3.644403711651030608e+00,3.717254059820074286e+00,2.843251011468766798e+00,3.544562869686397555e+00,4.378436422054250876e+00,3.953069688027162965e+00,3.912023341149653888e+00,3.077979937571422742e+00,1.122862556321852390e+00,6.624412098716185859e-01,1.310856424259891240e+00,4.181383132663874846e+00,3.776974489925566392e+00,3.567167389938706634e+00,3.198203751957067631e+00,3.493782149564421236e+00,3.362842698389964191e+00,4.315817399281969280e+00,4.353526111468156046e+00,3.285459664246000333e+00,2.354273695169725844e+00,1.781491896936385488e-01,2.969448706830038365e+00,5.060842738493932735e+00,4.592139881230139942e+00,4.346847533486689841e+00,3.866956786220700604e+00,3.841696582384098502e+00,4.409434300690219466e+00,4.836510213060133623e+00,4.539450074896472564e+00,3.965765456566209046e+00,2.075089710847911384e+00,5.775120633202470710e-01,4.467438547206430854e+00,5.574942810583211283e+00,5.153562879595258828e+00,4.469186991791829655e+00,3.798216399835963486e+00,4.223230154998163677e+00,4.156067006448914469e+00,4.046407382156561816e+00,3.945444171588015525e+00,2.324454141911517446e+00,5.706366604048745961e-01,7.270703488258741798e-01,3.019898763058167290e+00,2.658086850203549290e+00,2.498569249808834325e+00,3.835191834077463557e+00,4.397150190452977725e+00,3.608377423590635846e+00,2.910740474012943224e+00,2.712863345104615576e+00,1.070755607850267577e+00,2.410709938415980247e-01,1.323742352019637414e+00,1.877325329405979737e+00,1.081044112441168270e+00,8.367992798170129642e-01,1.586732921082944170e+00,2.211282454696369415e-01,-6.942313693240266550e-12,2.779585784201373810e-01,3.289546423477478221e-02
1.893187519386305029e+00,5.771770250686272252e-01,6.363502791321027363e-01,4.341677027133459821e-01,1.891850003903013278e+00,9.558060628555654636e-01,3.369948313623683855e+00,2.698151119696686528e+00,2.149927503081477731e+00,3.100007003688072249e+00,4.203017883163214563e+00,2.484512820292668511e+00,9.434157627994211870e-01,3.644404379581914988e+00,3.717256593313167379e+00,2.843258446577726417e+00,3.544583719652236731e+00,4.378439735790228937e+00,3.953192458683056021e+00,3.912151893586301998e+00,3.078011875456670321e+00,1.123039695812192651e+00,6.626744531350782230e-01,1.310862333901604337e+00,4.181393824496608680e+00,3.776986465759837319e+00,3.567176729426243309e+00,3.198293870110697323e+00,3.493876873491719603e+00,3.363088798172807703e+00,4.316213829390378898e+00,4.354075284054835571e+00,3.286283109779754241e+00,2.355176778188196263e+00,1.781980941593415968e-01,2.969449460069342628e+00,5.060852068880436150e+00,4.592145141769447214e+00,4.346851615852548534e+00,3.866971290676306072e+00,3.841729282226360009e+00,4.409459343872255133e+00,4.836683230715473236e+00,4.539656691010148570e+00,3.966772578168031860e+00,2.076536972197660980e+00,5.778501109942371095e-01,4.467544655306634915e+00,5.575052748286139170e+00,5.153727546307243834e+00,4.469243474325735654e+00,3.798441361522394644e+00,4.223384733375134203e+00,4.156120259686499452e+00,4.046689489814467855e+00,3.945483355233177836e+00,2.325286471133448885e+00,5.712621768935496336e-01,7.270714442252164122e-01,3.019939639885814042e+00,2.658680654710060765e+00,2.498959866677265662e+00,3.836453213808944884e+00,4.397623552715512751e+00,3.609266020227993810e+00,2.911915908139335318e+00,2.713293625534048292e+00,1.071241814189877184e+00,2.410839180805469939e-01,1.324273698850314984e+00,1.878245270250956889e+00,1.081327899578828022e+00,8.367992798239607399e-01,1.587100382297208956e+00,2.212231761386233841e-01,-7.257755349233353929e-12,2.779585784221668132e-01,3.289546433893129895e-02
1.893189431632815500e+00,5.772123789542918937e-01,6.363530502856290516e-01,4.341677027106617404e-01,1.891850371978300638e+00,9.558071858636209006e-01,3.369951126147194387e+00,2.698329807277256798e+00,2.149930034172859550e+00,3.100007915617913667e+00,4.203019367509518212e+00,2.484549614783140736e+00,9.434157627967229010e-01,3.644405017450787376e+00,3.717259012780116834e+00,2.843265547051486042e+00,3.544603631214849226e+00,4.378442900383343606e+00,3.953309703749035897e+00,3.912274660210040889e+00,3.078042375900121641e+00,1.123208862711977618e+00,6.628971987222330720e-01,1.310867977565452147e+00,4.181404035117419760e+00,3.776997902592602152e+00,3.567185648567421374e+00,3.198379932279097559e+00,3.493967334139830516e+00,3.363323821640665123e+00,4.316592417204597076e+00,4.354599739803369118e+00,3.287069494159268856e+00,2.356039215775189266e+00,1.782447975613256075e-01,2.969450179407113311e+00,5.060860979330192855e+00,4.592150165545296758e+00,4.346855514481464233e+00,3.866985142323649427e+00,3.841760510333100509e+00,4.409483259925247367e+00,4.836848461293392631e+00,4.539854007866674479e+00,3.967734371830768048e+00,2.077919096056433101e+00,5.781729440163704270e-01,4.467645987755459736e+00,5.575157737977177952e+00,5.153884801796163373e+00,4.469297414726663753e+00,3.798656198264881212e+00,4.223532354578914294e+00,4.156171116133384302e+00,4.046958900536036019e+00,3.945520775323615226e+00,2.326081339369301393e+00,5.718595405024257117e-01,7.270724903232870240e-01,3.019978676952970620e+00,2.659247733611109776e+00,2.499332902890393004e+00,3.837657822100439375e+00,4.398075610166538141e+00,3.610114623428420710e+00,2.913038439015132042e+00,2.713704540153857536e+00,1.071706137639267586e+00,2.410962606327265723e-01,1.324781131134064482e+00,1.879123806937317731e+00,1.081598914191054472e+00,8.367992798311733038e-01,1.587451305032249627e+00,2.213138342234959866e-01,-7.567415428245959581e-12,2.779585784243132074e-01,3.289546444825754146e-02
1.893191257813880313e+00,5.772461416528154032e-01,6.363556967165294731e-01,4.341677027079247631e-01,1.891850723487298325e+00,9.558082583278132427e-01,3.369953812086115885e+00,2.698500452591729104e+00,2.149932451346181495e+00,3.100008786503973379e+00,4.203020785049056407e+00,2.484584753248574973e+00,9.434157627939715463e-01,3.644405626610657922e+00,3.717261323352941016e+00,2.843272327951106071e+00,3.544622646609334016e+00,4.378445922546127633e+00,3.953421671917611846e+00,3.912391901425343210e+00,3.078071503597312297e+00,1.123370415846887793e+00,6.631099191063428711e-01,1.310873367222407548e+00,4.181413786184410952e+00,3.777008824682921873e+00,3.567194166280940326e+00,3.198462121011671044e+00,3.494053723387921639e+00,3.363548267309827811e+00,4.316953965760141898e+00,4.355100591154720924e+00,3.287820485411252935e+00,2.356862837276461953e+00,1.782893989637731047e-01,2.969450866369167219e+00,5.060869488743465539e+00,4.592154963213795682e+00,4.346859237642958007e+00,3.866998370543937913e+00,3.841790332943326725e+00,4.409506099578357485e+00,4.837006255270106081e+00,4.540042444001563204e+00,3.968652877647733668e+00,2.079239014094246052e+00,5.784812471587770233e-01,4.467742759492622007e+00,5.575258002353543851e+00,5.154034979621996193e+00,4.469348927409441785e+00,3.798861365760964226e+00,4.223673331733873937e+00,4.156219683662918385e+00,4.047216185777532615e+00,3.945556511232361618e+00,2.326840432641180456e+00,5.724300183198121061e-01,7.270734893390053966e-01,3.020015957062494483e+00,2.659789289757081399e+00,2.499689149708044233e+00,3.838808214087646054e+00,4.398507321680521720e+00,3.610925033193086442e+00,2.914110447678829541e+00,2.714096960569050587e+00,1.072149563090734725e+00,2.411080476783502013e-01,1.325265725202791289e+00,1.879962802959160628e+00,1.081857731136181666e+00,8.367992798386626463e-01,1.587786433642242923e+00,2.214004120222130834e-01,-7.871185363137323129e-12,2.779585784265827808e-01,3.289546456315008832e-02
1.893193001803079145e+00,5.772783847794130674e-01,6.363582240382433808e-01,4.341677027051339954e-01,1.891851059175608585e+00,9.558092825229878020e-01,3.369956377137690584e+00,2.698663417601699699e+00,2.149934759728596489e+00,3.100009618193522609e+00,4.203022138788626627e+00,2.484618310222372450e+00,9.434157627911661237e-01,3.644406208353640597e+00,3.717263529932679500e+00,2.843278803659789578e+00,3.544640806169897296e+00,4.378448808688997218e+00,3.953528600688287042e+00,3.912503865916551415e+00,3.078099320331997291e+00,1.123524697892787305e+00,6.633130654958676597e-01,1.310878514304660181e+00,4.181423098380907533e+00,3.777019255198019732e+00,3.567202300634017664e+00,3.198540610641744220e+00,3.494136224479175379e+00,3.363762611259657032e+00,4.317299241949978494e+00,4.355578900481763327e+00,3.288537676488846095e+00,2.357649389703651455e+00,1.783319929722437525e-01,2.969451522412647648e+00,5.060877615169864896e+00,4.592159544951446293e+00,4.346862793234359756e+00,3.867011003396007229e+00,3.841818813314797687e+00,4.409527911277555390e+00,4.837156947347798663e+00,4.540222399113125640e+00,3.969530043892920634e+00,2.080499526034231383e+00,5.787756743737640930e-01,4.467835175783955393e+00,5.575353754089428016e+00,5.154178398332052602e+00,4.469398121639382104e+00,3.799057299198415283e+00,4.223807963871466065e+00,4.156266065293347189e+00,4.047461891275454526e+00,3.945590638760076541e+00,2.327565361087696960e+00,5.729748204056501759e-01,7.270744433914225757e-01,3.020051559290502396e+00,2.660306471861175748e+00,2.500029362777488551e+00,3.839906829906213570e+00,4.398919602975471577e+00,3.611698968509761798e+00,2.915134208004540373e+00,2.714471719155948204e+00,1.072573031109118613e+00,2.411193042193275626e-01,1.325728508945484219e+00,1.880764037939534283e+00,1.082104899399656039e+00,8.367992798464435333e-01,1.588106478979909308e+00,2.214830931778990764e-01,-8.168899387936033344e-12,2.779585784289819173e-01,3.289546468404926094e-02
1.893194667299652023e+00,5.773091767260839502e-01,6.363606376115639174e-01,4.341677027022884938e-01,1.891851379755276064e+00,9.558102606216047903e-01,3.369958826742741387e+00,2.698819047977809582e+00,2.149936964216498936e+00,3.100010412450690644e+00,4.203023431599696380e+00,2.484650356883378652e+00,9.434157627883057451e-01,3.644406763913695446e+00,3.717265637199787864e+00,2.843284987913387241e+00,3.544658148415407162e+00,4.378451564933852680e+00,3.953630716871325390e+00,3.912610791175367364e+00,3.078125885107205306e+00,1.123672036102585814e+00,6.635070687915418652e-01,1.310883429729867045e+00,4.181431991459330533e+00,3.777029216262421052e+00,3.567210068880711127e+00,3.198615567656351466e+00,3.494215012409472632e+00,3.363967308142413071e+00,4.317628978151202723e+00,4.356035682342713322e+00,3.289222588650486667e+00,2.358400541439917397e+00,1.783726699343456124e-01,2.969452148929117463e+00,5.060885375846637224e+00,4.592163920476735939e+00,4.346866188797562813e+00,3.867023067675837034e+00,3.841846011858205401e+00,4.409548741288385365e+00,4.837300857164577472e+00,4.540394254910287586e+00,3.970367731153546575e+00,2.081703305591223518e+00,5.790568501809365554e-01,4.467923432656808913e+00,5.575445196287104999e+00,5.154315362136651757e+00,4.469445101764047301e+00,3.799244414178330143e+00,4.223936536564510291e+00,4.156310359406334420e+00,4.047696538204112571e+00,3.945623230295827177e+00,2.328257662379285442e+00,5.734951023582125496e-01,7.270753545042168975e-01,3.020085559154098931e+00,2.660800376935982481e+00,2.500354263736265903e+00,3.840955999867595061e+00,4.399313328555296998e+00,3.612438070999024031e+00,2.916111891525181132e+00,2.714829610827763862e+00,1.072977439926868115e+00,2.411300541322969060e-01,1.326170463988507464e+00,1.881529211405255753e+00,1.082340943258508936e+00,8.367992798545308419e-01,1.588412119904326625e+00,2.215620530683761746e-01,-8.460348168770038073e-12,2.779585784315170560e-01,3.289546481144554890e-02
1.893196257836345486e+00,5.773385828066806003e-01,6.363629425560085595e-01,4.341677026993871480e-01,1.891851685906298597e+00,9.558111946983475216e-01,3.369961166097214189e+00,2.698967673832957548e+00,2.149939069485907961e+00,3.100011170960208950e+00,4.203024666224496997e+00,2.484680961206862992e+00,9.434157627853890782e-01,3.644407294469245606e+00,3.717267649624067971e+00,2.843290893829536259e+00,3.544674710131096695e+00,4.378454197127066294e+00,3.953728237068847129e+00,3.912712904004606251e+00,3.078151254270391490e+00,1.123812743000385916e+00,6.636923405003718468e-01,1.310888123924308424e+00,4.181440484283098336e+00,3.777038729004884576e+00,3.567217487498518746e+00,3.198687151049375288e+00,3.494290254298582088e+00,3.364162792147633585e+00,4.317943873778513186e+00,4.356471905633145347e+00,3.289876674686704305e+00,2.359117885778807988e+00,1.784115161313744868e-01,2.969452747247506075e+00,5.060892787235223622e+00,4.592168099070744525e+00,4.346869431535016481e+00,3.867034588973388587e+00,3.841871986265312344e+00,4.409568633794099135e+00,4.837438289972462613e+00,4.540558375922240764e+00,3.971167716276609916e+00,2.082852906143065397e+00,5.793253709918867456e-01,4.468007717315849447e+00,5.575532522907741040e+00,5.154446161554389505e+00,4.469489967434586042e+00,3.799423107596674232e+00,4.224059322532933258e+00,4.156352659955637741e+00,4.047920624281107216e+00,3.945654354970635325e+00,2.328918804979811963e+00,5.739919677652819407e-01,7.270762246099862214e-01,3.020118028771557661e+00,2.661272052620391015e+00,2.500664541742875890e+00,3.841957949401951566e+00,4.399689333564746896e+00,3.613143908396354131e+00,2.917045572038588830e+00,2.715171394720722997e+00,1.073363647349312888e+00,2.411403202192707040e-01,1.326592527777760822e+00,1.882259946391835248e+00,1.082566363393418385e+00,8.367992798629378948e-01,1.588704004720880691e+00,2.216374591781642700e-01,-8.745261189776441957e-12,2.779585784341961352e-01,3.289546494588595910e-02
1.893197776786906150e+00,5.773666653954474537e-01,6.363651437606785422e-01,4.341677026964289032e-01,1.891851978278068280e+00,9.558120867345230032e-01,3.369963400163198841e+00,2.699109610422515182e+00,2.149941080002388372e+00,3.100011895330983869e+00,4.203025845281837647e+00,2.484710188108703921e+00,9.434157627824153458e-01,3.644407801145674419e+00,3.717269571474146161e+00,2.843296533935480763e+00,3.544690526446590884e+00,4.378456710851875933e+00,3.953821368134271541e+00,3.912810420999274896e+00,3.078175481632956956e+00,1.123947117044388433e+00,6.638692736084977897e-01,1.310892606845005526e+00,4.181448594866634672e+00,3.777047813603216841e+00,3.567224572223329560e+00,3.198755512658795652e+00,3.494362109744643785e+00,3.364349477923108900e+00,4.318244596767760513e+00,4.356888495641151771e+00,3.290501322001683437e+00,2.359802944303849515e+00,1.784486139613280786e-01,2.969453318636932071e+00,5.060899865056177838e+00,4.592172089596836315e+00,4.346872528325010698e+00,3.867045591726885334e+00,3.841896791631323804e+00,4.409587630989372009e+00,4.837569537284871046e+00,4.540715110271661636e+00,3.971931696137819490e+00,2.083950766146666744e+00,5.795818063752637972e-01,4.468088208540144102e+00,5.575615919182811631e+00,5.154571074028375222e+00,4.469532813817107098e+00,3.799593758486151884e+00,4.224176582222241016e+00,4.156393056666398245e+00,4.048134624823057415e+00,3.945684078804115646e+00,2.329550191261380299e+00,5.744664705450089892e-01,7.270770555543468738e-01,3.020149037015297022e+00,2.661722499401774300e+00,2.500960854938577338e+00,3.842914803778587185e+00,4.400048415560862125e+00,3.613817977877511911e+00,2.917937230006323102e+00,2.715497795804293624e+00,1.073732472574182584e+00,2.411501242560018243e-01,1.326995595567127761e+00,1.882957792886151394e+00,1.082781637950720022e+00,8.367992798716826774e-01,1.588982752556408640e+00,2.217094714537380939e-01,-9.023313403852438398e-12,2.779585784370260382e-01,3.289546508798370933e-02
1.893199227373236759e+00,5.773934840593255569e-01,6.363672458946294519e-01,4.341677026934127048e-01,1.891852257490750588e+00,9.558129386222647961e-01,3.369965533679454506e+00,2.699245158813023959e+00,2.149943000030519968e+00,3.100012587099506778e+00,4.203026971272661783e+00,2.484738099583084114e+00,9.434157627793834378e-01,3.644408285017716409e+00,3.717271406826530011e+00,2.843301920194647447e+00,3.544705630910420791e+00,4.378459111440234253e+00,3.953910307611080199e+00,3.912903549005998904e+00,3.078198618584392143e+00,1.124075443259962226e+00,6.640382434147698021e-01,1.310896888000840033e+00,4.181456340413578054e+00,3.777056489327075273e+00,3.567231338082799574e+00,3.198820797488756362e+00,3.494430731162698311e+00,3.364527761454404686e+00,4.318531784992727829e+00,4.357286336009998706e+00,3.291097855556134544e+00,2.360457170116028180e+00,1.784840421136832944e-01,2.969453864309395286e+00,5.060906624322512926e+00,4.592175900519457343e+00,4.346875485736257261e+00,3.867056099274650105e+00,3.841920480571753060e+00,4.409605773169809062e+00,4.837694877494954859e+00,4.540864790413125185e+00,3.972661291240898507e+00,2.084999214310298221e+00,5.798267002649046820e-01,4.468165077062377755e+00,5.575695562007003225e+00,5.154690364514720180e+00,4.469573731794537430e+00,3.799756728820185003e+00,4.224288564355961562e+00,4.156431635225462884e+00,4.048338993753811010e+00,3.945712464844509437e+00,2.330153160478952934e+00,5.749196171814138223e-01,7.270778490998487387e-01,3.020178649657964343e+00,2.662152672738154813e+00,2.501243831843391163e+00,3.843828592613930173e+00,4.400391336204709347e+00,3.614461709234247255e+00,2.918788756754489011e+00,2.715809506418942476e+00,1.074084697929235555e+00,2.411594870381726374e-01,1.327380522317430422e+00,1.883624231114182646e+00,1.082987223556619361e+00,8.367992798807831756e-01,1.589248954672449310e+00,2.217782426427951092e-01,-9.294111044039298607e-12,2.779585784400152026e-01,3.289546523842738074e-02
1.893200612672231387e+00,5.774190956843020528e-01,6.363692534167743053e-01,4.341677026903374426e-01,1.891852524136597768e+00,9.558137521685465821e-01,3.369967571171460730e+00,2.699374606520799968e+00,2.149944833642945863e+00,3.100013247733118149e+00,4.203028046585354005e+00,2.484764754833987954e+00,9.434157627762921328e-01,3.644408747111734126e+00,3.717273159574252972e+00,2.843307064032019493e+00,3.544720055561185745e+00,4.378461403984118760e+00,3.953995244151833344e+00,3.912992485561771705e+00,3.078220714201278518e+00,1.124197993844221255e+00,6.641996083268072448e-01,1.310900976472722190e+00,4.181463737353279697e+00,3.777064774578838158e+00,3.567237799428229827e+00,3.198883144017141689e+00,3.494496264107979755e+00,3.364698020904798081e+00,4.318806047618151567e+00,4.357666270612453374e+00,3.291667540677713166e+00,2.361081950916012584e+00,1.785178757363070357e-01,2.969454385422345855e+00,5.060913079371543333e+00,4.592179539922092602e+00,4.346878310041828009e+00,3.867066133904606851e+00,3.841943103334023668e+00,4.409623098817411879e+00,4.837814576466110239e+00,4.541007733838284821e+00,3.973358049154886107e+00,2.086000474533091786e+00,5.800605721135909665e-01,4.468238485930997150e+00,5.575771620313430432e+00,5.154804286044543993e+00,4.469612808159400430e+00,3.799912364280709109e+00,4.224395506463219263e+00,4.156468477463132416e+00,4.048534164567276328e+00,3.945739573302419867e+00,2.330728991611089373e+00,5.753523688592734331e-01,7.270786069297138221e-01,3.020206929511951799e+00,2.662563485084861181e+00,2.501514072689279722e+00,3.844701254176622562e+00,4.400718822876955372e+00,3.615076467907083480e+00,2.919601958485495086e+00,2.716107187744681184e+00,1.074421070531680344e+00,2.411684284255056487e-01,1.327748124509914751e+00,1.884260674680762637e+00,1.083183556285757243e+00,8.367992798902550433e-01,1.589503175719389150e+00,2.218439186182538381e-01,-9.557187819049967018e-12,2.779585784431724549e-01,3.289546539799380331e-02
1.893201935622299992e+00,5.774435545960728833e-01,6.363711705853423162e-01,4.341677026872021172e-01,1.891852778781207167e+00,9.558145290990144316e-01,3.369969516961016431e+00,2.699498228121791854e+00,2.149946584729010013e+00,3.100013878633115283e+00,4.203029073500800905e+00,2.484790210400782406e+00,9.434157627731404316e-01,3.644409188407896849e+00,3.717274833435133541e+00,2.843311976358370519e+00,3.544733830995509649e+00,4.378463593346327620e+00,3.954076357918328011e+00,3.913077419312957161e+00,3.078241815351386634e+00,1.124315028743391398e+00,6.643537106212293875e-01,1.310904880932855177e+00,4.181470801375644974e+00,3.777072686932640977e+00,3.567243969965005590e+00,3.198942684489302302e+00,3.494558847584657180e+00,3.364860617417416933e+00,4.319067966391838098e+00,4.358029105340753162e+00,3.292211585744948099e+00,2.361678611947652495e+00,1.785501865948550537e-01,2.969454883081139585e+00,5.060919243895301456e+00,4.592183015524406997e+00,4.346881007232462402e+00,3.867075716901559268e+00,3.841964707904053533e+00,4.409639644682209259e+00,4.837928888095909485e+00,4.541144243749317688e+00,3.974023447796742214e+00,2.086956670622231336e+00,5.802839179948776627e-01,4.468308590856060469e+00,5.575844255431964491e+00,5.154913080260692837e+00,4.469650125797910434e+00,3.800060994991408148e+00,4.224497635382570060e+00,4.156503661526739890e+00,4.048720551246921318e+00,3.945765461678526709e+00,2.331278906072831170e+00,5.757656435029242514e-01,7.270793306514067300e-01,3.020233936562626287e+00,2.662955807829966215e+00,2.501772150693314156e+00,3.845534639498847440e+00,4.401031570220744982e+00,3.615663557881594770e+00,2.920378560109249566e+00,2.716391471203519981e+00,1.074742303872912474e+00,2.411769673838884964e-01,1.328099181878117152e+00,1.884868473568028113e+00,1.083371052586182826e+00,8.367992799001181536e-01,1.589745954934160599e+00,2.219066386876699104e-01,-9.812004552587008977e-12,2.779585784465073428e-01,3.289546556756269696e-02
1.893203199029602768e+00,5.774669126752748349e-01,6.363730014669103374e-01,4.341677026840056186e-01,1.891853021964719384e+00,9.558152710616475423e-01,3.369971375175408124e+00,2.699616285833996265e+00,2.149948257003005736e+00,3.100014481137727707e+00,4.203030054197234300e+00,2.484814520278142869e+00,9.434157627699271131e-01,3.644409609842258035e+00,3.717276431959660954e+00,2.843316667593410063e+00,3.544746986432941505e+00,4.378465684170795846e+00,3.954153820963743460e+00,3.913158530415435266e+00,3.078261966793091275e+00,1.124426796204190948e+00,6.645008771696699901e-01,1.310908609663127944e+00,4.181477547464418798e+00,3.777080243171653251e+00,3.567249862781668668e+00,3.198999545198568661e+00,3.494618614340680551e+00,3.365015895881270147e+00,4.319318096878629554e+00,4.358375609816009799e+00,3.292731144750375982e+00,2.362248418808999162e+00,1.785810432249964053e-01,2.969455358341383633e+00,5.060925130969573082e+00,4.592186334698626915e+00,4.346883583029269360e+00,3.867084868592335578e+00,3.841985340108039271e+00,4.409655445860204637e+00,4.838038054854650660e+00,4.541274609702051990e+00,3.974658898566206577e+00,2.087869830797831838e+00,5.804972116553321904e-01,4.468375540539520685e+00,5.575913621431435097e+00,5.155016977930290345e+00,4.469685763865787642e+00,3.800202936217953020e+00,4.224595167743148139e+00,4.156537262046405168e+00,4.048898549143889802e+00,3.945790184885552776e+00,2.331804070306488175e+00,5.761603177233015627e-01,7.270800218000439408e-01,3.020259728095569862e+00,2.663330473142619503e+00,2.502018613273550240e+00,3.846330516302614910e+00,4.401330241615132088e+00,3.616224224454336778e+00,2.921120208901927473e+00,2.716662959798796351e+00,1.075049079331924506e+00,2.411851220256032158e-01,1.328434439061784378e+00,1.885448916998910818e+00,1.083550110162695201e+00,8.367992799103964874e-01,1.589977807284036038e+00,2.219665358887260298e-01,-1.005793144816362690e-11,2.779585784500291368e-01,3.289546574813670410e-02
1.893204405574001825e+00,5.774892194675310675e-01,6.363747499450294054e-01,4.341677026807467810e-01,1.891853254202965129e+00,9.558159796302539979e-01,3.369973149756162911e+00,2.699729030073654723e+00,2.149949854012056960e+00,3.100015056524954460e+00,4.203030990754847984e+00,2.484837736030583333e+00,9.434157627666512891e-01,3.644410012308741731e+00,3.717277958538525162e+00,2.843321147687881911e+00,3.544759549777933394e+00,4.378467680892448755e+00,3.954227797597591021e+00,3.913235990916735574e+00,3.078281211270307960e+00,1.124533533300395183e+00,6.646414201321155790e-01,1.310912170572683166e+00,4.181483989928966416e+00,3.777087459323676732e+00,3.567255490377678750e+00,3.199053846754134511e+00,3.494675691149358610e+00,3.365164185662804730e+00,4.319556969638828292e+00,4.358706519020677739e+00,3.293227319748313064e+00,2.362792580136808152e+00,1.786105110777869154e-01,2.969455812211175161e+00,5.060930753081638755e+00,4.592189504485171270e+00,4.346886042895865998e+00,3.867093608388906922e+00,3.842005043709657119e+00,4.409670535867820540e+00,4.838142308299671512e+00,4.541399108220159242e+00,3.975265749339564891e+00,2.088741891995065547e+00,5.807009055194136682e-01,4.468439476990637260e+00,5.575979865446432981e+00,5.155116199434231383e+00,4.469719797956160257e+00,3.800338489036722667e+00,4.224688310424174809e+00,4.156569350293343845e+00,4.049068535815592895e+00,3.945813795364740972e+00,2.332305598255818069e+00,5.765372286773495780e-01,7.270806818416505335e-01,3.020284358818087878e+00,2.663688275738189226e+00,2.502253983210170674e+00,3.847090572749339632e+00,4.401615470582195933e+00,3.616759656874288353e+00,2.921828478000061846e+00,2.716922229394228339e+00,1.075342047620602370e+00,2.411929096477448131e-01,1.328754607186353853e+00,1.886003236171751807e+00,1.083721108820429047e+00,8.367992799211102506e-01,1.590199224558942914e+00,2.220237372714228552e-01,-1.029425461122621690e-11,2.779585784537487725e-01,3.289546594086683456e-02
1.893205557814745532e+00,5.775105222885444922e-01,6.363764197284617063e-01,4.341677026774245496e-01,1.891853475988558797e+00,9.558166563078085431e-01,3.369974844467411135e+00,2.699836699986422506e+00,2.149951379143639763e+00,3.100015606015274816e+00,4.203031885160211978e+00,2.484859906901833781e+00,9.434157627633117382e-01,3.644410396661039719e+00,3.717279416409811077e+00,2.843325426144673429e+00,3.544771547679031354e+00,4.378469587746605995e+00,3.954298444734234863e+00,3.913309965120971956e+00,3.078299589603158637e+00,1.124635466435702336e+00,6.647756376190389060e-01,1.310915571214692932e+00,4.181490142434622470e+00,3.777094350695143099e+00,3.567260864689927757e+00,3.199105704336886458e+00,3.494730199078261101e+00,3.365305801304534938e+00,4.319785091353593565e+00,4.359022534857554199e+00,3.293701163192461312e+00,2.363312250170220619e+00,1.786386526584995416e-01,2.969456245653238291e+00,5.060936122156758366e+00,4.592192531607588890e+00,4.346888392049967464e+00,3.867101954829561095e+00,3.842023860502894461e+00,4.409684946712992826e+00,4.838241869566513031e+00,4.541518003381693980e+00,3.975845287328678257e+00,2.089574703972661318e+00,5.808954316491264924e-01,4.468500535827202746e+00,5.576043127989403381e+00,5.155210955234633907e+00,4.469752300259902889e+00,3.800467940973425662e+00,4.224777260993769268e+00,4.156599994331036108e+00,4.049230871826557276e+00,3.945836343197089757e+00,2.332784553728850074e+00,5.768971758437435593e-01,7.270813121762693676e-01,3.020307880975251713e+00,2.664029974563959957e+00,2.502478759754374504e+00,3.847816421020655575e+00,4.401887862130822171e+00,3.617270990865406599e+00,2.922504869737378996e+00,2.717169829935395242e+00,1.075621830163973058e+00,2.412003467689106395e-01,1.329060365371345753e+00,1.886532606871838658e+00,1.083884411270472192e+00,8.367992799322844233e-01,1.590410676414615310e+00,2.220783641675689590e-01,-1.052014784621790823e-11,2.779585784576772411e-01,3.289546614708822175e-02
1.893206658195897063e+00,5.775308663244606011e-01,6.363780143590478389e-01,4.341677026740377587e-01,1.891853687791942962e+00,9.558173025296411440e-01,3.369976462903868430e+00,2.699939523954625997e+00,2.149952835632768622e+00,3.100016130774236878e+00,4.203032739310486932e+00,2.484881079919291302e+00,9.434157627599072393e-01,3.644410763714420742e+00,3.717280808665864633e+00,2.843329512038970552e+00,3.544783005585398161e+00,4.378471408777969032e+00,3.954365912225730195e+00,3.913380609937355814e+00,3.078317140774556648e+00,1.124732811823964784e+00,6.649038143237314680e-01,1.310918818802381258e+00,4.181496018031685580e+00,3.777100931903580872e+00,3.567265997118058696e+00,3.199155227943715651e+00,3.494782253746019585e+00,3.365441043192229920e+00,4.320002945899672930e+00,4.359324327638604224e+00,3.294153680168303122e+00,2.363808531199058649e+00,1.786655276592065134e-01,2.969456659586968250e+00,5.060941249583464696e+00,4.592195422486819112e+00,4.346890635474452758e+00,3.867109925618225752e+00,3.842041830400698910e+00,4.409698708963062153e+00,4.838336949837978018e+00,4.541631547379241240e+00,3.976398741811329796e+00,2.090370033236490954e+00,5.810812026604814662e-01,4.468558846563201570e+00,5.576103543248686734e+00,5.155301446321263192e+00,4.469783339718764736e+00,3.800591566612983918e+00,4.224862208128024044e+00,4.156629259159601020e+00,4.049385901513235630e+00,3.945857876209580617e+00,2.333241952654365292e+00,5.772409227186907632e-01,7.270819141409308184e-01,3.020330344460717242e+00,2.664356294408960490e+00,2.502693419687356258e+00,3.848509600738071690e+00,4.402147994040013224e+00,3.617759311035650072e+00,2.923150818831449893e+00,2.717406286616248945e+00,1.075889020418330011e+00,2.412074491642387797e-01,1.329352362170867163e+00,1.887038151965404920e+00,1.084040363899223980e+00,8.367992799439438745e-01,1.590612611368797280e+00,2.221305324481419041e-01,-1.073468605452231467e-11,2.779585784618262001e-01,3.289546636837402394e-02
1.893207709051518250e+00,5.775502947277131316e-01,6.363795372192188049e-01,4.341677026705852982e-01,1.891853890062386911e+00,9.558179196664808863e-01,3.369978008498461630e+00,2.700037720081694737e+00,2.149954226568859372e+00,3.100016631914932042e+00,4.203033555017444911e+00,2.484901299993769186e+00,9.434157627564369042e-01,3.644411114247459782e+00,3.717282138259853763e+00,2.843333414037509055e+00,3.544793947800796374e+00,4.378473147849194724e+00,3.954430343179678786e+00,3.913448075213020516e+00,3.078333902012896583e+00,1.124825775947809081e+00,6.650262221261755702e-01,1.310921920224323411e+00,4.181501629183089541e+00,3.777107216908621723e+00,3.567270898548645874e+00,3.199202522620839151e+00,3.494831965567569476e+00,3.365570198192071594e+00,4.320210995375774132e+00,4.359612537506785124e+00,3.294585830525022185e+00,2.364282475901929192e+00,1.786911930853941621e-01,2.969457054890380476e+00,5.060946146237725429e+00,4.592198183254811106e+00,4.346892777927932272e+00,3.867117537662020599e+00,3.842058991519639477e+00,4.409711851809613670e+00,4.838427750792074988e+00,4.541739981054849551e+00,3.976927286738688672e+00,2.091129566786565697e+00,5.812586125987099228e-01,4.468614532883528945e+00,5.576161239373154999e+00,5.155387864637851258e+00,4.469812982171608162e+00,3.800709628181959232e+00,4.224943332011204866e+00,4.156657206853671127e+00,4.049533953714385071e+00,3.945878440076627136e+00,2.333678765236817831e+00,5.775691984354089925e-01,7.270824890124891748e-01,3.020351796922554843e+00,2.664667927441341178e+00,2.502898418331620523e+00,3.849171582228712918e+00,4.402396418084432383e+00,3.618225653177578049e+00,2.923767695426916280e+00,2.717632100993119248e+00,1.076144185130033293e+00,2.412142318988690082e-01,1.329631216949281880e+00,1.887520943781377580e+00,1.084189297503128868e+00,8.367992799561161377e-01,1.590805457752609398e+00,2.221803527690661695e-01,-1.093681696266432026e-11,2.779585784662084169e-01,3.289546660662184818e-02
1.893208712610620958e+00,5.775688487085564038e-01,6.363809915391716032e-01,4.341677026670660577e-01,1.891854083228940109e+00,9.558185090273639828e-01,3.369979484529610492e+00,2.700131496654786023e+00,2.149955554902279964e+00,3.100017110500353112e+00,4.203034334011316986e+00,2.484920610014763831e+00,9.434157627528994006e-01,3.644411449003690961e+00,3.717283408012032275e+00,2.843337140416957620e+00,3.544804397535138651e+00,4.378474808649091443e+00,3.954491874262779039e+00,3.913512504050867591e+00,3.078349908871018226e+00,1.124914555996612497e+00,6.651431206697387966e-01,1.310924882059057106e+00,4.181506987790846175e+00,3.777113219041611014e+00,3.567275579378287542e+00,3.199247688686614577e+00,3.494879439988356040e+00,3.365693540259138583e+00,4.320409681082737485e+00,4.359887775793875875e+00,3.294998530911472656e+00,2.364735089579098393e+00,1.787157033768793091e-01,2.969457432401973573e+00,5.060950822506005586e+00,4.592200819767531250e+00,4.346894823954844611e+00,3.867124807107119366e+00,3.842075380260756567e+00,4.409724403130391934e+00,4.838514465029808420e+00,4.541843534410889838e+00,3.977432043225417768e+00,2.091854915695388506e+00,5.814280377740860262e-01,4.468667712906343681e+00,5.576216338744030665e+00,5.155470393489242298e+00,4.469841290494056985e+00,3.800822376104776357e+00,4.225020804717951606e+00,4.156683896694058689e+00,4.049675342468579409e+00,3.945898078416954835e+00,2.334095918014267745e+00,5.778826993107153420e-01,7.270830380103306956e-01,3.020372283864319218e+00,2.664965534676553283e+00,2.503094190516784057e+00,3.849803769644082774e+00,4.402633661204792936e+00,3.618671006465405071e+00,2.924356808001754349e+00,2.717847752048582866e+00,1.076387865537654864e+00,2.412207093598980889e-01,1.329897521194965515e+00,1.887982006385932499e+00,1.084331527990337385e+00,8.367992799688303007e-01,1.590989624619095988e+00,2.222279308059291747e-01,-1.112536751224356316e-11,2.779585784708369367e-01,3.289546686420295046e-02
1.893209671001895078e+00,5.775865676224777312e-01,6.363823804037199716e-01,4.341677026634789827e-01,1.891854267701340797e+00,9.558190718624102189e-01,3.369980894128182136e+00,2.700221052586591064e+00,2.149956823450610788e+00,3.100017567545649833e+00,4.203035077944459630e+00,2.484939050941424643e+00,9.434157627492935072e-01,3.644411768693183618e+00,3.717284620615720847e+00,2.843340699081473133e+00,3.544814376953718593e+00,4.378476394700447472e+00,3.954550635990714103e+00,3.913574033113106587e+00,3.078365195301620449e+00,1.124999340284768223e+00,6.652547579119119092e-01,1.310927710589038009e+00,4.181512105221287356e+00,3.777118951033884287e+00,3.567280049535657582e+00,3.199290821944329455e+00,3.494924777707997254e+00,3.365811331018497388e+00,4.320599424459590665e+00,4.360150626317192746e+00,3.295392656720513624e+00,2.365167332284866308e+00,1.787391105232832289e-01,2.969457792922505668e+00,5.060955288307305899e+00,4.592203337617382530e+00,4.346896777895095987e+00,3.867131749372998417e+00,3.842091031386774436e+00,4.409736389548437607e+00,4.838597276483708853e+00,4.541942427097921176e+00,3.977914081927707901e+00,2.092547618525254283e+00,5.815898375601319392e-01,4.468718499433611768e+00,5.576268958234471995e+00,5.155549207930202549e+00,4.469868324731864462e+00,3.800930049534902544e+00,4.225094790578269865e+00,4.156709385293500425e+00,4.049810367680333201e+00,3.945916832886123604e+00,2.334494295823692944e+00,5.781820903220079577e-01,7.270835622989599845e-01,3.020391848741567742e+00,2.665249747379451417e+00,2.503281151501906443e+00,3.850407503938457765e+00,4.402860226625567641e+00,3.619096315553173238e+00,2.924919406142728828e+00,2.718053697207449382e+00,1.076620578520018467e+00,2.412268952868966421e-01,1.330151839774931677e+00,1.888422317754674840e+00,1.084467357050792113e+00,8.367992799821207806e-01,1.591165502610881521e+00,2.222733674781333102e-01,-1.129901202818265646e-11,2.779585784757260813e-01,3.289546714423518398e-02
1.893210586258223804e+00,5.776034890536755340e-01,6.363837067588381524e-01,4.341677026598229072e-01,1.891854443870885971e+00,9.558196093654748315e-01,3.369982240284130182e+00,2.700306577837255251e+00,2.149958034904619009e+00,3.100018004020283158e+00,4.203035788394861250e+00,2.484956661889436091e+00,9.434157627456183359e-01,3.644412073994048207e+00,3.717285778643020677e+00,2.843344097579466379e+00,3.544823907224229131e+00,4.378477909367495258e+00,3.954606753004994424e+00,3.913632792911134750e+00,3.078379793729279612e+00,1.125080308651126071e+00,6.653613706502602421e-01,1.310930411813963303e+00,4.181516992329175508e+00,3.777124425043771883e+00,3.567284318502565554e+00,3.199332013885413772e+00,3.494968074893882282e+00,3.365923820320148696e+00,4.320780627977484301e+00,4.360401646617944493e+00,3.295769043945835808e+00,2.365580120863971736e+00,1.787614641743088539e-01,2.969458137216697047e+00,5.060959553114194875e+00,4.592205742145069713e+00,4.346898643893264413e+00,3.867138379185143471e+00,3.842105978095837315e+00,4.409747836488558725e+00,4.838676360807981247e+00,4.542036868880598988e+00,3.978374425314283869e+00,2.093209144591750004e+00,5.817443551558965087e-01,4.468767000190372762e+00,5.576319209457481385e+00,5.155624475136733942e+00,4.469894142228281630e+00,3.801032876862127541e+00,4.225165446526094826e+00,4.156733726716741018e+00,4.049939315756227565e+00,3.945934743264884137e+00,2.334874743677847864e+00,5.784680065177715269e-01,7.270840629904704588e-01,3.020410533054035174e+00,2.665521168403292673e+00,2.503459697856311728e+00,3.850984065713228155e+00,4.403076594922398002e+00,3.619502482578487612e+00,2.925456683195936769e+00,2.718250373307020240e+00,1.076842817692568399e+00,2.412328028010527758e-01,1.330394712132990875e+00,1.888842811847057268e+00,1.084597072796151362e+00,8.367992799960217720e-01,1.591333464788776242e+00,2.223167591629597040e-01,-1.145627504159750106e-11,2.779585784808913385e-01,3.289546745111201348e-02
1.893211460320994854e+00,5.776196488947807905e-01,6.363849734179101159e-01,4.341677026560966657e-01,1.891854612111261602e+00,9.558201226766804837e-01,3.369983525852838557e+00,2.700388253817309181e+00,2.149959191833968219e+00,3.100018420850081391e+00,4.203036466869489729e+00,2.484973480213986452e+00,9.434157627418726655e-01,3.644412365553875599e+00,3.717286884550270454e+00,2.843347343119614568e+00,3.544833008561658172e+00,4.378479355863053257e+00,3.954660344337337374e+00,3.913688908082368467e+00,3.078393735119222985e+00,1.125157632840453337e+00,6.654631850247031410e-01,1.310932991463500619e+00,4.181521659480729625e+00,3.777129652682389427e+00,3.567288395334069495e+00,3.199371351883503412e+00,3.495009423385154523e+00,3.366031246768989682e+00,4.320953675993380649e+00,4.360641369143850810e+00,3.296128490955215540e+00,2.365974330896342792e+00,1.787828117450543375e-01,2.969458466014848863e+00,5.060963625972907387e+00,4.592208038450926288e+00,4.346900425907390009e+00,3.867144710606283731e+00,3.842120252091925980e+00,4.409758768231257342e+00,4.838751885751086057e+00,4.542127060082614243e+00,3.978814049835197153e+00,2.093840897080365693e+00,5.818919183139272810e-01,4.468813318053241446e+00,5.576367199002646657e+00,5.155696354760681110e+00,4.469918797745687122e+00,3.801131076197005410e+00,4.225232922432173410e+00,4.156756972595208488e+00,4.050062460212429549e+00,3.945951847543558433e+00,2.335238068557647040e+00,5.787410543646011041e-01,7.270845411469029074e-01,3.020428376433660578e+00,2.665780373468466635e+00,2.503630208300763105e+00,3.851534677933229123e+00,4.403283225041458415e+00,3.619890369076072645e+00,2.925969778798052978e+00,2.718438197523679989e+00,1.077055054454394201e+00,2.412384444330037681e-01,1.330626653433981899e+00,1.889244380587433048e+00,1.084720950370912762e+00,8.367992800105722440e-01,1.591493867423087627e+00,2.223581978999972231e-01,-1.159550281833916531e-11,2.779585784863493059e-01,3.289546779157335316e-02
1.893212295044219617e+00,5.776350814229899155e-01,6.363861830676960096e-01,4.341677026522991478e-01,1.891854772779334670e+00,9.558206128848358851e-01,3.369984753561178881e+00,2.700466253772463965e+00,2.149960296692668749e+00,3.100018818919203500e+00,4.203037114807487207e+00,2.484989541589003981e+00,9.434157627380554967e-01,3.644412643991109757e+00,3.717287940683253744e+00,2.843350442586150439e+00,3.544841700271169849e+00,4.378480737255340927e+00,3.954711523662151507e+00,3.913742497654616681e+00,3.078407049043016208e+00,1.125231476867730063e+00,6.655604169971869322e-01,1.310935455009439199e+00,4.181526116575610352e+00,3.777134645038266125e+00,3.567292288677682777e+00,3.199408919379775007e+00,3.495048910887514459e+00,3.366133838230928710e+00,4.321118935565331221e+00,4.360870302378536678e+00,3.296471760183960598e+00,2.366350798554319290e+00,1.788031985165867699e-01,2.969458780014393451e+00,5.060967515522530213e+00,4.592210231405731591e+00,4.346902127717372721e+00,3.867150757066220912e+00,3.842133883652107063e+00,4.409769207964233217e+00,4.838824011511561274e+00,4.542213192011604228e+00,3.979233887993006924e+00,2.094444216022842031e+00,5.820328400354771725e-01,4.468857551268622608e+00,5.576413028662233984e+00,5.155764999268371618e+00,4.469942343581747579e+00,3.801224855833499117e+00,4.225297361421956666e+00,4.156779172236536368e+00,4.050180062254849389e+00,3.945968182002622449e+00,2.335585041123881656e+00,5.790018130335987667e-01,7.270849977824985766e-01,3.020445416728652077e+00,2.666027912383678089e+00,2.503793044510781662e+00,3.852060508520811055e+00,4.403480555272942354e+00,3.620260797805203712e+00,2.926459781293652362e+00,2.718617568257782668e+00,1.077257738988131264e+00,2.412438321494152771e-01,1.330848155656507492e+00,1.889627875756946240e+00,1.084839252536031307e+00,8.367992800258122754e-01,1.591647050749318337e+00,2.223977715863707516e-01,-1.171485215089996800e-11,2.779585784921180802e-01,3.289546817696706316e-02
1.893213092198464897e+00,5.776498193727712671e-01,6.363873382740321549e-01,4.341677026484292434e-01,1.891854926215910782e+00,9.558210810297452786e-01,3.369985926013291166e+00,2.700540743151089718e+00,2.149961351824280609e+00,3.100019199072014509e+00,4.203037733583223634e+00,2.485004880082824830e+00,9.434157627341654972e-01,3.644412909896360908e+00,3.717288949282177679e+00,2.843353402553464804e+00,3.544850000789053102e+00,4.378482056474483741e+00,3.954760399537653903e+00,3.913793675298554042e+00,3.078419763741282456e+00,1.125301997366045859e+00,6.656532728097690477e-01,1.310937807677297284e+00,4.181530373067920081e+00,3.777139412700865062e+00,3.567296006791715879e+00,3.199444796059931928e+00,3.495086621159255280e+00,3.366231812316218708e+00,4.321276757231052201e+00,4.361088931920093614e+00,3.296799579752136555e+00,2.366710322376285980e+00,1.788226677319895708e-01,2.969459079881372698e+00,5.060971230013326050e+00,4.592212325661044758e+00,4.346903752932988141e+00,3.867156531390317120e+00,3.842146901690755012e+00,4.409779177831564922e+00,4.838892891077822611e+00,4.542295447364946170e+00,3.979634830320744499e+00,2.095020381139556687e+00,5.821674192344219456e-01,4.468899793661105235e+00,5.576456795647103171e+00,5.155830554264015930e+00,4.469964829680344920e+00,3.801314414690799115e+00,4.225358900179188915e+00,4.156800372729147597e+00,4.050292371333191532e+00,3.945983781289661430e+00,2.335916397351892826e+00,5.792508356288728066e-01,7.270854338658498950e-01,3.020461690083767525e+00,2.666264310212162147e+00,2.503948551883809603e+00,3.852562672833158341e+00,4.403669004180736479e+00,3.620614554494888893e+00,2.926927730043734854e+00,2.718788865978711833e+00,1.077451301214858992e+00,2.412489773783643154e-01,1.331059688636485383e+00,1.889994110800275351e+00,1.084952230226271741e+00,8.367992800417872745e-01,1.591793339689850706e+00,2.224355641631829139e-01,-1.181227211259907116e-11,2.779585784982158136e-01,3.289546862822778639e-02
1.893213853474609021e+00,5.776638940052991611e-01,6.363884414872731377e-01,4.341677026444858978e-01,1.891855072746456701e+00,9.558215281044138978e-01,3.369987045696111405e+00,2.700611879955153061e+00,2.149962359466886852e+00,3.100019562114876504e+00,4.203038324509213552e+00,2.485019528230458352e+00,9.434157627302016680e-01,3.644413163833656544e+00,3.717289912486422487e+00,2.843356229300052718e+00,3.544857927721826840e+00,4.378483316318728669e+00,3.954807075636137093e+00,3.913842549568831597e+00,3.078431906183609623e+00,1.125369343918840137e+00,6.657419494220853107e-01,1.310940054457406134e+00,4.181534437986258901e+00,3.777143965783045676e+00,3.567299557562795709e+00,3.199479058023230404e+00,3.495122634188927879e+00,3.366325376841036832e+00,4.321427475751463021e+00,4.361297721511101066e+00,3.297112645009008247e+00,2.367053664960480752e+00,1.788412606880867839e-01,2.969459366251852916e+00,5.060974777324236840e+00,4.592214325659069729e+00,4.346905305001544484e+00,3.867162045826697980e+00,3.842159333820881706e+00,4.409788698980687371e+00,4.838958670552671038e+00,4.542374000617281915e+00,3.980017727270851235e+00,2.095570614553981414e+00,5.822959413712972543e-01,4.468940134832473987e+00,5.576498592792905384e+00,5.155893158798559028e+00,4.469986303737517375e+00,3.801399942735256943e+00,4.225417669235831397e+00,4.156820619042138176e+00,4.050399625670078052e+00,3.945998678492862233e+00,2.336232840092675733e+00,5.794886503607463712e-01,7.270858503219558289e-01,3.020477231016982511e+00,2.666490068385417800e+00,2.504097060271842423e+00,3.853042236028112910e+00,4.403848971490246456e+00,3.620952389510504243e+00,2.927374617630350340e+00,2.718952454031909216e+00,1.077636151706020673e+00,2.412538910335795816e-01,1.331261701063734204e+00,1.890343862551057130e+00,1.085060123082473460e+00,8.367992800585462021e-01,1.591933044543150988e+00,2.224716557935643990e-01,-1.188548705239274068e-11,2.779585785046636004e-01,3.289546918739157111e-02
1.893214580487428078e+00,5.776773351747637175e-01,6.363894950474893175e-01,4.341677026404680562e-01,1.891855212681790688e+00,9.558219550571545042e-01,3.369988114984643790e+00,2.700679815075361034e+00,2.149963321757840440e+00,3.100019908817860603e+00,4.203038888838896980e+00,2.485033517102596345e+00,9.434157627261630097e-01,3.644413406341638684e+00,3.717290832339081863e+00,2.843358928821829945e+00,3.544865497883586070e+00,4.378484519460381641e+00,3.954851650963871368e+00,3.913889224134337486e+00,3.078443502125752573e+00,1.125433659377188755e+00,6.658266349291277475e-01,1.310942200115495115e+00,4.181538319952871063e+00,3.777148313942513269e+00,3.567302948522590444e+00,3.199511777943896185e+00,3.495157026365003805e+00,3.366414730268293187e+00,4.321571410820761905e+00,4.361497114022281352e+00,3.297411620007967503e+00,2.367381554582566050e+00,1.788590168230391464e-01,2.969459639733271317e+00,5.060978164979590410e+00,4.592216235642078814e+00,4.346906787215197632e+00,3.867167312072232299e+00,3.842171206412711371e+00,4.409797791607241280e+00,4.839021489463200432e+00,4.542449018390597892e+00,3.980383391019103545e+00,2.096096083384971553e+00,5.824186790587977391e-01,4.468978660351769605e+00,5.576538508756997636e+00,5.155952945664619591e+00,4.470006811302627447e+00,3.801481621383330900e+00,4.225473793248941234e+00,4.156839954120659542e+00,4.050502052766345784e+00,3.946012905211197630e+00,2.336535040563718635e+00,5.797157616661617885e-01,7.270862480341833134e-01,3.020492072492708235e+00,2.666705665766806899e+00,2.504238884681090571e+00,3.853500215323518052e+00,4.404020838936274274e+00,3.621275019445421517e+00,2.927801391961997179e+00,2.719108679409577789e+00,1.077812682554300627e+00,2.412585835375911092e-01,1.331454621433703966e+00,1.890677872879655830e+00,1.085163159959861678e+00,8.367992800761417937e-01,1.592066461641953756e+00,2.225061230327106121e-01,-1.193192446098477320e-11,2.779585785114836449e-01,3.289546994620072551e-02
1.893215274779021406e+00,5.776901713916948733e-01,6.363905011894307462e-01,4.341677026363747749e-01,1.891855346318741526e+00,9.558223627935985567e-01,3.369989136147001130e+00,2.700744692611220188e+00,2.149964240738297505e+00,3.100020239916377207e+00,4.203039427769300396e+00,2.485046876371520774e+00,9.434157627220484121e-01,3.644413637934707406e+00,3.717291710791293280e+00,2.843361506844852116e+00,3.544872727331667139e+00,4.378485668451475910e+00,3.954894220071110578e+00,3.913933797998090824e+00,3.078454576164267209e+00,1.125495080162809636e+00,6.659075089602189967e-01,1.310944249202800505e+00,4.181542027201935241e+00,3.777152466402304842e+00,3.567306186863788753e+00,3.199543025225275006e+00,3.495189870637906981e+00,3.366500062128594539e+00,4.321708867744535887e+00,4.361687532391892219e+00,3.297697138915081094e+00,2.367694686740399845e+00,1.788759737999978672e-01,2.969459900905726979e+00,5.060981400165067257e+00,4.592218059661409946e+00,4.346908202717931324e+00,3.867172341297342442e+00,3.842182544649610509e+00,4.409806474997914449e+00,4.839081481056751066e+00,4.542520659807658845e+00,3.980732597187347732e+00,2.096597902222381737e+00,5.825358926400261428e-01,4.469015451936792616e+00,5.576576628206500352e+00,5.156010041678165123e+00,4.470026395874977965e+00,3.801559623886392458e+00,4.225527391265083033e+00,4.156858418977015468e+00,4.050599869883606097e+00,3.946026491621453136e+00,2.336823639772747541e+00,5.799326512786595611e-01,7.270866278461410870e-01,3.020506245991712913e+00,2.666911559667290543e+00,2.504374325940149415e+00,3.853937582154870700e+00,4.404184971072722554e+00,3.621583128640997629e+00,2.928208958284262753e+00,2.719257873486697896e+00,1.077981268205305376e+00,2.412630648438378045e-01,1.331638858956373017e+00,1.890996850266768670e+00,1.085261559413480015e+00,8.367992800946338905e-01,1.592193873981824215e+00,2.225390389902656973e-01,-1.194872355485196807e-11,2.779585785187003721e-01,3.289547112612874885e-02
1.893215937822082084e+00,5.777024298834375626e-01,6.363914620472669315e-01,4.341677026322051103e-01,1.891855473940779131e+00,9.558227521786176739e-01,3.369990111349213446e+00,2.700806650176689416e+00,2.149965118357546334e+00,3.100020556112738301e+00,4.203039942443575150e+00,2.485059634374039206e+00,9.434157627178569872e-01,3.644413859104110198e+00,3.717292549706379567e+00,2.843363968837458788e+00,3.544879631400706721e+00,4.378486765729183716e+00,3.954934873252646810e+00,3.913976365707239946e+00,3.078465151788681631e+00,1.125553736557432183e+00,6.659847430600308593e-01,1.310946206065718878e+00,4.181545567597032331e+00,3.777156431970352113e+00,3.567309279455353810e+00,3.199572866147049499e+00,3.495221236674752596e+00,3.366581553422264950e+00,4.321840138087358341e+00,4.361869380522835016e+00,3.297969807354240501e+00,2.367993725629281343e+00,1.788921675869931949e-01,2.969460150323210090e+00,5.060984489742938131e+00,4.592219801586061578e+00,4.346909554512226492e+00,3.867177144169700043e+00,3.842193372581508282e+00,4.409814767571351268e+00,4.839138772583543080e+00,4.542589076829523620e+00,3.981066086488695088e+00,2.097077135491258293e+00,5.826478307407153556e-01,4.469050587627435789e+00,5.576613031997884384e+00,5.156064567947503896e+00,4.470045098996083155e+00,3.801634115698217187e+00,4.225578576972843337e+00,4.156876052777649377e+00,4.050693284505089586e+00,3.946039466542235807e+00,2.337099249877387930e+00,5.801397792501991058e-01,7.270869905634695929e-01,3.020519781577896357e+00,2.667108186815446480e+00,2.504503671338098147e+00,3.854355264235869161e+00,4.404341716045869326e+00,3.621877370638154847e+00,2.928598181099972386e+00,2.719400352723919223e+00,1.078142266251812975e+00,2.412673444577800308e-01,1.331814804424237275e+00,1.891301471306210180e+00,1.085355530161774329e+00,8.367992801140876624e-01,1.592315551821428032e+00,2.225704734853977962e-01,-1.193268118253722155e-11,2.779585785263409270e-01,3.289547337057074916e-02
1.893216571023021988e+00,5.777141366519046306e-01,6.363923796591142157e-01,4.341677026279581741e-01,1.891855595818614955e+00,9.558231240381577232e-01,3.369991042659824299e+00,2.700865819192081130e+00,2.149965956477144502e+00,3.100020858077647379e+00,4.203040433953423083e+00,2.485071818171593172e+00,9.434157627135878466e-01,3.644414070318985122e+00,3.717293350863800860e+00,2.843366320021875726e+00,3.544886224735169566e+00,4.378487813620985492e+00,3.954973696739337630e+00,3.914017017553611755e+00,3.078475251431321613e+00,1.125609752979142009e+00,6.660585010524527894e-01,1.310948074855027068e+00,4.181548948647822783e+00,3.777160219058164348e+00,3.567312232857095644e+00,3.199601364005823623e+00,3.495251191007117342e+00,3.366659377003272891e+00,4.321965500291235607e+00,4.362043044139384484e+00,3.298230203691772111e+00,2.368279305550796021e+00,1.789076325332275563e-01,2.969460388514776561e+00,5.060987440266618620e+00,4.592221465110897682e+00,4.346910845465429496e+00,3.867181730876851464e+00,3.842203713175908586e+00,4.409822686917220125e+00,4.839193485566594788e+00,4.542654414577875777e+00,3.981384566298676209e+00,2.097534799709630082e+00,5.827547307965971202e-01,4.469084141951217504e+00,5.576647797348480928e+00,5.156116640130172790e+00,4.470062960337777724e+00,3.801705254825934244e+00,4.225627458943979953e+00,4.156892892926226324e+00,4.050782494775741149e+00,3.946051857495100013e+00,2.337362455483633195e+00,5.803375849269912790e-01,7.270873369555491683e-01,3.020532707962060748e+00,2.667295964283828535e+00,2.504627195233875447e+00,3.854754147526217256e+00,4.404491406332827097e+00,3.622158369563628799e+00,2.928969886002915413e+00,2.719536419338816735e+00,1.078296018192275829e+00,2.412714314570619523e-01,1.331982831041233162e+00,1.891592382140056205e+00,1.085445271529313915e+00,8.367992801345788267e-01,1.592431753255788118e+00,2.226004931948949994e-01,-1.188015907574772847e-11,2.779585785344339532e-01,3.289547957434826170e-02
1.893217175724953183e+00,5.777253165287299375e-01,6.363932559713588732e-01,4.341677026236334669e-01,1.891855712210776641e+00,9.558234791609910852e-01,3.369991932054275718e+00,2.700922325162819604e+00,2.149966756874864160e+00,3.100021146451621412e+00,4.203040903341411116e+00,2.485083453607659809e+00,9.434157627092404352e-01,3.644414272027356017e+00,3.717294115962927581e+00,2.843368565385288704e+00,3.544892521320411216e+00,4.378488814349609903e+00,3.955010772881011327e+00,3.914055839765231415e+00,3.078484896514892100e+00,1.125663248246289161e+00,6.661289393880852616e-01,1.310949859534686457e+00,4.181552177525978742e+00,3.777163835698671868e+00,3.567315053333584007e+00,3.199628579249385485e+00,3.495279797172166081e+00,3.366733697945876180e+00,4.322085220266217220e+00,4.362208891605363625e+00,3.298478880263230106e+00,2.368552032258255835e+00,1.789224014419351638e-01,2.969460615985671570e+00,5.060990257994575359e+00,4.592223053764487695e+00,4.346912078315836148e+00,3.867186111147829397e+00,3.842213588366607535e+00,4.409830249833524896e+00,4.839245736059487157e+00,4.542716811642849351e+00,3.981688712155677656e+00,2.097971865644678413e+00,5.828568195570351662e-01,4.469116186081367736e+00,5.576680998000266953e+00,5.156166368678261058e+00,4.470080017786371762e+00,3.801773192165180948e+00,4.225674140863716843e+00,4.156908975142967755e+00,4.050867689922514892e+00,3.946063690762926957e+00,2.337613814885873609e+00,5.805264878814107021e-01,7.270876677571327384e-01,3.020545052562808586e+00,2.667475290373632291e+00,2.504745159638235741e+00,3.855135078110864200e+00,4.404634359446771619e+00,3.622426721453825049e+00,2.929324861429039029e+00,2.719666361946933009e+00,1.078442850155183930e+00,2.412753345107667424e-01,1.332143295214353262e+00,1.891870199829199350e+00,1.085530973869584637e+00,8.367992801561948690e-01,1.592542724763737594e+00,2.226291617945960477e-01,-1.178674130945779881e-11,2.779585785430137568e-01,3.289554180423753110e-02
1.893217753210538756e+00,5.777359932279402255e-01,6.363940928427855859e-01,4.341677026192309330e-01,1.891855823364156697e+00,9.558238183003900934e-01,3.369992781419102634e+00,2.700976287945653809e+00,2.149967521248465019e+00,3.100021421846348879e+00,4.203041351603181930e+00,2.485094565362567565e+00,9.434157627048145311e-01,3.644414464657081965e+00,3.717294846626646443e+00,2.843370709690423048e+00,3.544898534512342714e+00,4.378489770037745643e+00,3.955046180321144966e+00,3.914092914689223601e+00,3.078494107497916854e+00,1.125714335829516966e+00,6.661962074760922059e-01,1.310951563890250693e+00,4.181555261080392327e+00,3.777167289563263086e+00,3.567317746867436856e+00,3.199654569604925669e+00,3.495307115847419155e+00,3.366804673894767674e+00,4.322199551954432728e+00,4.362367274705492903e+00,3.298716364544973967e+00,2.368812484241583416e+00,1.789365056399623566e-01,2.969460833218400708e+00,5.060992948903596300e+00,4.592224570916587645e+00,4.346913255678498622e+00,3.867190294273787465e+00,3.842223019100218018e+00,4.409837472362234223e+00,4.839295634892531339e+00,4.542776400376995483e+00,3.981979169193851753e+00,2.098389260371863685e+00,5.829543135659913666e-01,4.469146787987792635e+00,5.576712704376286744e+00,5.156213859072696692e+00,4.470096307523011347e+00,3.801838071820172527e+00,4.225718721750673978e+00,4.156924333540421124e+00,4.050949050655749062e+00,3.946074991445674751e+00,2.337853861251113496e+00,5.807068888019647490e-01,7.270879836699036813e-01,3.020556841564702388e+00,2.667646545459548602e+00,2.504857814769505975e+00,3.855498863994663239e+00,4.404770878610433371e+00,3.622682995519091342e+00,2.929663860328828306e+00,2.719790456173972970e+00,1.078583073590828389e+00,2.412790618978047363e-01,1.332296537309633822e+00,1.892135513662218660e+00,1.085612818968754389e+00,8.367992801790453683e-01,1.592648701730735583e+00,2.226565400944555961e-01,-1.164697017026890787e-11,2.779585785521212493e-01,3.290894249506493702e-02
1.893218304704710420e+00,5.777461893962529960e-01,6.363948920485179572e-01,4.341677026147483520e-01,1.891855929514533408e+00,9.558241421757219802e-01,3.369993592555929229e+00,2.701027822002888268e+00,2.149968251219294579e+00,3.100021684845986059e+00,4.203041779689567825e+00,2.485105177005845878e+00,9.434157627003082469e-01,3.644414648616763674e+00,3.717295544404800811e+00,2.843372757485644886e+00,3.544904277065757725e+00,4.378490682712542714e+00,3.955079994163674062e+00,3.914128320966479890e+00,3.078502903918133526e+00,1.125763124092446166e+00,6.662604480011142805e-01,1.310953191536894158e+00,4.181558205851703569e+00,3.777170587978055050e+00,3.567320319172008869e+00,3.199679390201479734e+00,3.495333204979457431e+00,3.366872455399458897e+00,4.322308737868728379e+00,4.362518529391572031e+00,3.298943160273014819e+00,2.369061213954362533e+00,1.789499750442102022e-01,2.969461040673751828e+00,5.060995518701466800e+00,4.592226019785289104e+00,4.346914380050771243e+00,3.867194289127707130e+00,3.842232025380598159e+00,4.409844369823307630e+00,4.839343287907849955e+00,4.542833307176016078e+00,3.982256553511527741e+00,2.098787869241375947e+00,5.830474196213414340e-01,4.469176012581245416e+00,5.576742983730023084e+00,5.156259212046982121e+00,4.470111864100420718e+00,3.801900031409363834e+00,4.225761296166896663e+00,4.156939000695815345e+00,4.051026749552474548e+00,3.946085783513614054e+00,2.338083103749885705e+00,5.808791703432046871e-01,7.270882853639635268e-01,3.020568099973804266e+00,2.667810092796584431e+00,2.504965399584333063e+00,3.855846276816257134e+00,4.404901253399271965e+00,3.622927735351088252e+00,2.929987601764411309e+00,2.719908965240438459e+00,1.078716985931924333e+00,2.412826215244723016e-01,1.332442882374114568e+00,1.892388886405335091e+00,1.085690980431264441e+00,8.367992802031581911e-01,1.592749908948147608e+00,2.226826861675252622e-01,-1.146023440227458154e-11,2.779585785617692539e-01,3.299401606808059079e-02
1.893218831377269762e+00,5.777559266611161926e-01,6.363956552837866099e-01,4.341677026101844472e-01,1.891856030887074214e+00,9.558244514739780984e-01,3.369994367185293438e+00,2.701077036645176843e+00,2.149968948335727603e+00,3.100021936008399592e+00,4.203042188508605115e+00,2.485115311046220743e+00,9.434157626957200282e-01,3.644414824296612565e+00,3.717296210777479626e+00,2.843374713114611652e+00,3.544909761161391337e+00,4.378491554309915657e+00,3.955112286132300703e+00,3.914162133698470658e+00,3.078511304433937390e+00,1.125809716521532389e+00,6.663217972259266597e-01,1.310954745927081833e+00,4.181561018086176418e+00,3.777173737939437004e+00,3.567322775703511084e+00,3.199703093686869781e+00,3.495358119906835537e+00,3.366937186233617041e+00,4.322413009607076972e+00,4.362662976495075284e+00,3.299159748511508283e+00,2.369298748985671832e+00,1.789628382250994520e-01,2.969461238791773816e+00,5.060997972839082593e+00,4.592227403443846612e+00,4.346915453817607577e+00,3.867198104183220853e+00,3.842240626311285379e+00,4.409850956847193970e+00,4.839388796183884622e+00,4.542887652746870231e+00,3.982521453478044204e+00,2.099168537756083808e+00,5.831363352135245925e-01,4.469203921851017114e+00,5.576771900288052031e+00,5.156302523800865956e+00,4.470126720516195640e+00,3.801959202357360290e+00,4.225801954418439976e+00,4.156953007720162852e+00,4.051100951422478502e+00,3.946096089858176725e+00,2.338302028636276120e+00,5.810436979373914124e-01,7.270885734792548183e-01,3.020578851670719267e+00,2.667966279290578946e+00,2.505068142284542887e+00,3.856178053484829782e+00,4.405025760355703035e+00,3.623161460075823292e+00,2.930296772434792363e+00,2.720022140519957610e+00,1.078844871224511781e+00,2.412860209412246437e-01,1.332582640825309639e+00,1.892630855496119757e+00,1.085765624048069977e+00,8.367992802286191578e-01,1.592846561090062618e+00,2.227076554731407532e-01,-1.122272734606602783e-11,2.779585785719895230e-01,3.320049857604297910e-02
1.893219334345368043e+00,5.777652256765822836e-01,6.363963841675240873e-01,4.341677026055378308e-01,1.891856127696811773e+00,9.558247468512297562e-01,3.369995106950297359e+00,2.701124036263382600e+00,2.149969614076450153e+00,3.100022175866347318e+00,4.203042578927462358e+00,2.485124988979358740e+00,9.434157626910485428e-01,3.644414992069277659e+00,3.717296847158156670e+00,2.843376580725482494e+00,3.544914998431754949e+00,4.378492386678646930e+00,3.955143124722628301e+00,3.914194424606541656e+00,3.078519326863956795e+00,1.125854211945573224e+00,6.663803852804693895e-01,1.310956230357892993e+00,4.181563703748945038e+00,3.777176746128907858e+00,3.567325121672584309e+00,3.199725730339375573e+00,3.495381913477464408e+00,3.366999003700028581e+00,4.322512588343824014e+00,4.362800922407687132e+00,3.299366588673156464e+00,2.369525593179169221e+00,1.789751224671697893e-01,2.969461427992711400e+00,5.061000316522007658e+00,4.592228724827194242e+00,4.346916479256623056e+00,3.867201747532584388e+00,3.842248840136015975e+00,4.409857247405862601e+00,4.839432256249801334e+00,4.542939552363809419e+00,3.982774430981756986e+00,2.099532073364958062e+00,5.832212489444462689e-01,4.469230574996418959e+00,5.576799515386280603e+00,5.156343886204393989e+00,4.470140908282793646e+00,3.802015710173685115e+00,4.225840782746914215e+00,4.156966384324249475e+00,4.051171813657885146e+00,3.946105932340510769e+00,2.338511100279331067e+00,5.812008205696250762e-01,7.270888486269178053e-01,3.020589119461246863e+00,2.668115436234038018e+00,2.505166260801186873e+00,3.856494897743188766e+00,4.405144663575684127e+00,3.623384665454783438e+00,2.930592028132426918e+00,2.720130222072482784e+00,1.078967000730452153e+00,2.412892673586903847e-01,1.332716109109644442e+00,1.892861934183468264e+00,1.085836908148304358e+00,8.367992802555173082e-01,1.592938863168643637e+00,2.227315009745561847e-01,-1.093041017489937616e-11,2.779585785828160849e-01,3.356769249298584279e-02
1.893219814675876744e+00,5.777741061671182177e-01,6.363970802457988851e-01,4.341677026008071705e-01,1.891856220149101153e+00,9.558250289340205486e-01,3.369995813420090247e+00,2.701168920550006902e+00,2.149970249853596638e+00,3.100022404928608921e+00,4.203042951774278890e+00,2.485134231333462562e+00,9.434157626862927915e-01,3.644415152290635618e+00,3.717297454896690390e+00,2.843378364279718795e+00,3.544919999985809866e+00,4.378493181584312666e+00,3.955172575347451147e+00,3.914225262184047427e+00,3.078526988224850047e+00,1.125896704745337429e+00,6.664363364378704802e-01,1.310957647978012730e+00,4.181566268536670350e+00,3.777179618927248850e+00,3.567327362055352946e+00,3.199747348174380779e+00,3.495404636160706069e+00,3.367058038921837859e+00,4.322607685298830660e+00,4.362932659731193041e+00,3.299564119493685332e+00,2.369742227701812531e+00,1.789868538269545895e-01,2.969461608677894215e+00,5.061002554721516944e+00,4.592229986738173508e+00,4.346917458542923107e+00,3.867205226903842163e+00,3.842256684277422618e+00,4.409863254842441016e+00,4.839473760290234239e+00,4.542989116112888581e+00,3.983016022621880037e+00,2.099879247175779895e+00,5.833023409275283067e-01,4.469256028552355708e+00,5.576825887600044496e+00,5.156383386992780871e+00,4.470154457494381006e+00,3.802069674719003256e+00,4.225877863512420340e+00,4.156979158881655145e+00,4.051239486567006054e+00,3.946115331837850793e+00,2.338710762148046740e+00,5.813508715180892850e-01,7.270891113905870728e-01,3.020598925124757361e+00,2.668257880008847227e+00,2.505259963256805111e+00,3.856797481660496629e+00,4.405258215268896826e+00,3.623597824936513945e+00,2.930873995134249732e+00,2.720233439153488142e+00,1.079083633502812667e+00,2.412923676629664949e-01,1.332843570331256888e+00,1.893082612616271421e+00,1.085904983935116253e+00,8.367992802839664401e-01,1.593027010968987245e+00,2.227542732512868273e-01,-1.057831238674903890e-11,2.779585785942890186e-01,3.412413829114362834e-02
1.893220273387650421e+00,5.777825869694438454e-01,6.363977449950952714e-01,4.341677025959914116e-01,1.891856308440055034e+00,9.558252983206948494e-01,3.369996488093198739e+00,2.701211784710648711e+00,2.149970857015745196e+00,3.100022623681065070e+00,4.203043307839921638e+00,2.485143057712813075e+00,9.434157626814515529e-01,3.644415305300546581e+00,3.717298035282184276e+00,2.843380067560487667e+00,3.544924776432532898e+00,4.378493940713022781e+00,3.955200700475502096e+00,3.914254711841633760e+00,3.078534304767400531e+00,1.125937285053759673e+00,6.664897693780460486e-01,1.310959001794412604e+00,4.181568717889620146e+00,3.777182362428059825e+00,3.567329501603978770e+00,3.199767993046221726e+00,3.495426336154427549e+00,3.367114417120673497e+00,4.322698502185497560e+00,4.363058467898127901e+00,3.299752759962458981e+00,2.369949112064479557e+00,1.789980571882505145e-01,2.969461781230589459e+00,5.061004692185140819e+00,4.592231191853477057e+00,4.346918393753716359e+00,3.867208549677220386e+00,3.842264175373991009e+00,4.409868991899518420e+00,4.839513396340827001e+00,4.543036449125474441e+00,3.983246740846685174e+00,2.100210795590764068e+00,5.833797831697536962e-01,4.469280336509243057e+00,5.576851072868352688e+00,5.156421109952503912e+00,4.470167396890663447e+00,3.802121210459360245e+00,4.225913275368243127e+00,4.156991358488940413e+00,4.051304113693165121e+00,3.946124308287800364e+00,2.338901437752028301e+00,5.814941690609793934e-01,7.270893623276291073e-01,3.020608289460387397e+00,2.668393912757362152e+00,2.505349448406878121e+00,3.857086447057822109e+00,4.405366656293716154e+00,3.623801390660864818e+00,2.931143271530090466e+00,2.720332010700252656e+00,1.079195016935352136e+00,2.412953284302248314e-01,1.332965294852501481e+00,1.893293358883086697e+00,1.085969995806392419e+00,8.367992803141039992e-01,1.593111191464408938e+00,2.227760206063952031e-01,-1.016035472825332793e-11,2.779585786064578401e-01,3.488724096860085222e-02
1.893220711453687866e+00,5.777906860724870697e-01,6.363983798254447821e-01,4.341677025910896104e-01,1.891856392756959604e+00,9.558255555826671301e-01,3.369997132400704309e+00,2.701252719665949709e+00,2.149971436850778073e+00,3.100022832587728594e+00,4.203043647879663780e+00,2.485151486839353385e+00,9.434157626765240501e-01,3.644415451423574037e+00,3.717298589545722898e+00,2.843381694180685759e+00,3.544929337903418354e+00,4.378494665675000341e+00,3.955227559763958123e+00,3.914282836045982261e+00,3.078541292010984698e+00,1.125976038947124946e+00,6.665407974394365054e-01,1.310960294678728433e+00,4.181571057003210079e+00,3.777184982450684014e+00,3.567331544856740866e+00,3.199787708745449599e+00,3.495447059487234664e+00,3.367168257882263482e+00,4.322785231638627934e+00,4.363178613764489455e+00,3.299932910211214931e+00,2.370146685096652384e+00,1.790087563148990701e-01,2.969461946016814569e+00,5.061006733446736128e+00,4.592232342729325900e+00,4.346919286872723553e+00,3.867211722900779858e+00,3.842271329315351647e+00,4.409874470746171227e+00,4.839551248474967871e+00,4.543081651801244014e+00,3.983467075040471261e+00,2.100527421868565892e+00,5.834537399365161692e-01,4.469303550427525806e+00,5.576875124612547197e+00,5.156457135099028477e+00,4.470179753917844501e+00,3.802170426708982198e+00,4.225947093427687484e+00,4.157003009023116924e+00,4.051365832119172339e+00,3.946132880730624404e+00,2.339083531539807748e+00,5.816310171516122507e-01,7.270896019703251278e-01,3.020617232331159308e+00,2.668523823023292607e+00,2.505434906061418499e+00,3.857362406869527138e+00,4.405470216668105010e+00,3.623995794418041871e+00,2.931400428491302446e+00,2.720426145796253525e+00,1.079301387287276093e+00,2.412981559406608134e-01,1.333081540867422365e+00,1.893494620005016449e+00,1.086032081661044035e+00,8.367992803460934104e-01,1.593191583213039220e+00,2.227967891689480728e-01,-9.669722988739342161e-12,2.779585786193784491e-01,3.586285021989747690e-02
1.893221129803195346e+00,5.777984206555407676e-01,6.363989860834170509e-01,4.341677025861008787e-01,1.891856473278671569e+00,9.558258012656341007e-01,3.369997747709279512e+00,2.701291812244448032e+00,2.149971990588613657e+00,3.100023032091729025e+00,4.203043972614785240e+00,2.485159536592400187e+00,9.434157626715092837e-01,3.644415590969673602e+00,3.717299118862983143e+00,2.843383247590601570e+00,3.544933694073967079e+00,4.378495358007997496e+00,3.955253210184981327e+00,3.914309694452311028e+00,3.078547964776493284e+00,1.126013048627647395e+00,6.665895288594116952e-01,1.310961529373350976e+00,4.181573290839024182e+00,3.777187484552550156e+00,3.567333496147661709e+00,3.199806537091715697e+00,3.495466850116105029e+00,3.367219675410092261e+00,4.322868057623031390e+00,4.363293352175781514e+00,3.300104952362795441e+00,2.370335365877231926e+00,1.790189739011926462e-01,2.969462103386113494e+00,5.061008682836103389e+00,4.592233441806892635e+00,4.346920139794382187e+00,3.867214753305367125e+00,3.842278161275983095e+00,4.409879703003778850e+00,4.839587396982118150e+00,4.543124820021144039e+00,3.983677492561617406e+00,2.100829797615987982e+00,5.835243681000489291e-01,4.469325719547048159e+00,5.576898093849611548e+00,5.156491538846531775e+00,4.470191554786846488e+00,3.802217427862143229e+00,4.225979389423401678e+00,4.157014135196542171e+00,4.051424772758094761e+00,3.946141067349633769e+00,2.339257429756734563e+00,5.817617060631524728e-01,7.270898308269995169e-01,3.020625772706111434e+00,2.668647886363741950e+00,2.505516517487579975e+00,3.857625946443383302e+00,4.405569116057514556e+00,3.624181448564489649e+00,2.931646011482293090e+00,2.720516044114662080e+00,1.079402970184374366e+00,2.413008561918145445e-01,1.333192554949417463e+00,1.893686822883899445e+00,1.086091373191509390e+00,8.367992803801121982e-01,1.593268356736569302e+00,2.228166229918621954e-01,-9.099145436207723607e-12,2.779585786331101871e-01,3.704479171766542761e-02
1.893221529323558361e+00,5.778058071247021976e-01,6.363995650549763017e-01,4.341677025810243284e-01,1.891856550175998075e+00,9.558260358907321175e-01,3.369998335324086103e+00,2.701329145366754503e+00,2.149972519403814175e+00,3.100023222616250962e+00,4.203044282734102133e+00,2.485167224046569423e+00,9.434157626664064766e-01,3.644415724234852050e+00,3.717299624356728227e+00,2.843384731085236705e+00,3.544937854184212256e+00,4.378496019180555976e+00,3.955277706146563599e+00,3.914335344030909880e+00,3.078554337217766168e+00,1.126048392597830627e+00,6.666360670038576908e-01,1.310962708497243057e+00,4.181575424135338892e+00,3.777189874040961737e+00,3.567335359615701584e+00,3.199824518022477360e+00,3.495485750019625470e+00,3.367268778767640303e+00,4.322947155823735343e+00,4.363402926507567337e+00,3.300269251341682697e+00,2.370515554623462418e+00,1.790287316200121492e-01,2.969462253672298324e+00,5.061010544488167895e+00,4.592234491417479525e+00,4.346920954327865516e+00,3.867217647318890172e+00,3.842284685747400896e+00,4.409884699770670657e+00,4.839621918538117740e+00,4.543166045350766069e+00,3.983878439733910426e+00,2.101118564212547390e+00,5.835918174721721474e-01,4.469346890891495505e+00,5.576920029300388215e+00,5.156524394169986536e+00,4.470202824528906937e+00,3.802262313614602984e+00,4.226010231859532951e+00,4.157024760609332681e+00,4.051481060630941045e+00,3.946148885509754844e+00,2.339423501264254579e+00,5.818865130043204825e-01,7.270900493830986244e-01,3.020633928700535265e+00,2.668766365933701312e+00,2.505594455794150743e+00,3.857877624782172443e+00,4.405663564240819063e+00,3.624358746897556216e+00,2.931880541417528185e+00,2.720601896341877435e+00,1.079499981097603811e+00,2.413034349112924970e-01,1.333298572574254992e+00,1.893870375207827417e+00,1.086147996163091323e+00,8.367992804163648657e-01,1.593341674881949555e+00,2.228355641453464708e-01,-8.440756778787046333e-12,2.779585786477201670e-01,3.841434681812213453e-02
1.893221910862223245e+00,5.778128611476727183e-01,6.364001179682083897e-01,4.341677025758592379e-01,1.891856623612058641e+00,9.558262599556425210e-01,3.369998896491544382e+00,2.701364798221438157e+00,2.149973024418078360e+00,3.100023404565432905e+00,4.203044578895429595e+00,2.485174565507991318e+00,9.434157626612149627e-01,3.644415851501792591e+00,3.717300107099187567e+00,2.843386147811291842e+00,3.544941827058316175e+00,4.378496650595120165e+00,3.955301099607935189e+00,3.914359839187985024e+00,3.078560422851615908e+00,1.126082145826985625e+00,6.666805105864297420e-01,1.310963834551494900e+00,4.181577461417171016e+00,3.777192155984354649e+00,3.567337139213536457e+00,3.199841689677710654e+00,3.495503799287036806e+00,3.367315672109722602e+00,4.323022694018639811e+00,4.363507569181706458e+00,3.300426155648050752e+00,2.370687633539845240e+00,1.790380501687985904e-01,2.969462397194156722e+00,5.061012322351754911e+00,4.592235493787463874e+00,4.346921732200922150e+00,3.867220411079954179e+00,3.842290916568893877e+00,4.409889471645671577e+00,4.839654886367827480e+00,4.543205415234571554e+00,3.984070342793256447e+00,2.101394334170927802e+00,5.836562311220638843e-01,4.469367109368139523e+00,5.576940977492919949e+00,5.156555770759950974e+00,4.470213587048671222e+00,3.802305179175071270e+00,4.226039686157035291e+00,4.157034907799423529e+00,4.051534815131846656e+00,3.946156351794365413e+00,2.339582098322313897e+00,5.820057027073897160e-01,7.270902581022201661e-01,3.020641717614398924e+00,2.668879513044236429e+00,2.505668886298740183e+00,3.858117975729407956e+00,4.405753761555290637e+00,3.624528065490788542e+00,2.932104515766460917e+00,2.720683884581995837e+00,1.079592625800130490e+00,2.413058975689165442e-01,1.333399818619547705e+00,1.894045666315905985e+00,1.086202070680721388e+00,8.367992804550936636e-01,1.593411693166811416e+00,2.228536528061388633e-01,-7.685649376833938294e-12,2.779585786632856048e-01,3.993967811561439235e-02
1.893222275228495288e+00,5.778195976869913153e-01,6.364006459959272721e-01,4.341677025706052739e-01,1.891856693742631546e+00,9.558264739356477913e-01,3.369999432401976858e+00,2.701398846432994549e+00,2.149973506702620440e+00,3.100023578325224349e+00,4.203044861726976222e+00,2.485181576548900484e+00,9.434157626559345200e-01,3.644415973040455725e+00,3.717300568114334069e+00,2.843387500773844057e+00,3.544945621123289037e+00,4.378497253591018712e+00,3.955323440189773887e+00,3.914383231881059633e+00,3.078566234586498140e+00,1.126114379910247543e+00,6.667229538779367859e-01,1.310964909924629440e+00,4.181579407005879823e+00,3.777194335223047705e+00,3.567338838715943705e+00,3.199858088480810103e+00,3.495521036203265375e+00,3.367360454903415512e+00,4.323094832434394519e+00,4.363607502159351448e+00,3.300575998096982655e+00,2.370851967628845092e+00,1.790469493134554113e-01,2.969462534256129160e+00,5.061014020197964314e+00,4.592236451043016920e+00,4.346922475063539792e+00,3.867223050450881772e+00,3.842296866956882440e+00,4.409894028750578343e+00,4.839686370400444027e+00,4.543243013181376355e+00,3.984253608791787915e+00,2.101657692436201597e+00,5.837177456797287833e-01,4.469386417863090877e+00,5.576960982861142391e+00,5.156585735170390095e+00,4.470223865174898670e+00,3.802346115467161614e+00,4.226067814792433985e+00,4.157044598290378090e+00,4.051586150281328180e+00,3.946163482040468296e+00,2.339733557336549641e+00,5.821195279897193320e-01,7.270904574270965481e-01,3.020649155969045374e+00,2.668987567695552343e+00,2.505739966878440139e+00,3.858347509101686335e+00,4.405839899321539299e+00,3.624689763491637517e+00,2.932318409608730914e+00,2.720762182743080349e+00,1.079681100803803195e+00,2.413082493883264290e-01,1.333496507841749557e+00,1.894213068024094726e+00,1.086253711443720071e+00,8.367992804966084552e-01,1.593478560109339748e+00,2.228709273427269266e-01,-6.823494171980253203e-12,2.779585786799004254e-01,4.157519876676541576e-02
1.893222623195256027e+00,5.778260310317724358e-01,6.364011502581615742e-01,4.341677025652626587e-01,1.891856760716484231e+00,9.558266782846396303e-01,3.369999944192133334e+00,2.701431362222257881e+00,2.149973967280442544e+00,3.100023744264204240e+00,4.203045131828677228e+00,2.485188272040665947e+00,9.434157626505650374e-01,3.644416089108652113e+00,3.717301008380053062e+00,2.843388792842719504e+00,3.544949244426863544e+00,4.378497829447296041e+00,3.955344775279462155e+00,3.914405571729182576e+00,3.078571784749894125e+00,1.126145163220440892e+00,6.667634869063034930e-01,1.310965936897668715e+00,4.181581265028333050e+00,3.777196416379509980e+00,3.567340461727806833e+00,3.199873749215847329e+00,3.495537497330133636e+00,3.367403222139040864e+00,4.323163724086264814e+00,4.363702937411758853e+00,3.300719096524415974e+00,2.371008905465110672e+00,1.790554479302748081e-01,2.969462665148954628e+00,5.061015641628165973e+00,4.592237365214618450e+00,4.346923184491444658e+00,3.867225571030148412e+00,3.842302549532949474e+00,4.409898380751632985e+00,4.839716437417833639e+00,4.543278918941477507e+00,3.984428626461272493e+00,2.101909197626577797e+00,5.837764916258093573e-01,4.469404857332269110e+00,5.576980087839135791e+00,5.156614350959848103e+00,4.470233680708886048e+00,3.802385209322250326e+00,4.226094677430348057e+00,4.157053852637039526e+00,4.051635174968131636e+00,3.946170291372283145e+00,2.339878199571852058e+00,5.822282302900136930e-01,7.270906477805345602e-01,3.020656259542234601e+00,2.669090759086065745e+00,2.505807848304703267e+00,3.858566711770078594e+00,4.405922160249327035e+00,3.624844183883254800e+00,2.932522676641873272e+00,2.720836956906042658e+00,1.079765593775981580e+00,2.413104953580597345e-01,1.333588845331683093e+00,1.894372935413880077e+00,1.086303027989088399e+00,8.367992805413065893e-01,1.593542417543301282e+00,2.228874243967326196e-01,-5.842466752882797122e-12,2.779585786976774275e-01,4.326089101034968215e-02
1.893222955500601712e+00,5.778321748280157433e-01,6.364016318245316883e-01,4.341677025598326689e-01,1.891856824675690163e+00,9.558268734360823027e-01,3.370000432947602764e+00,2.701462414559590020e+00,2.149974407128505405e+00,3.100023902734364345e+00,4.203045389773467200e+00,2.485194666185335688e+00,9.434157626451078471e-01,3.644416199952591473e+00,3.717301428830220633e+00,2.843390026758582767e+00,3.544952704654566134e+00,4.378498379385434625e+00,3.955365150131597396e+00,3.914426906118180671e+00,3.078577085114456491e+00,1.126174561053107981e+00,6.668021956475321810e-01,1.310966917648973329e+00,4.181583039425657233e+00,3.777198403868166299e+00,3.567342011691764458e+00,3.199888705101354258e+00,3.495553217583911465e+00,3.367444064531651904e+00,4.323229515102692488e+00,4.363794077369907320e+00,3.300855754461315961e+00,2.371158779934849026e+00,1.790635640459784794e-01,2.969462790150287468e+00,5.061017190081643413e+00,4.592238238241364456e+00,4.346923861989442806e+00,3.867227978164257784e+00,3.842307976350614496e+00,4.409902536880028201e+00,4.839745151196185091e+00,4.543313208675819226e+00,3.984595767037668157e+00,2.102149383218304468e+00,5.838325935683533752e-01,4.469422466888273604e+00,5.576998332951133008e+00,5.156641678826265007e+00,4.470243054470711463e+00,3.802422543663659837e+00,4.226120331050047696e+00,4.157062690469132349e+00,4.051681993180205055e+00,3.946176794233330121e+00,2.340016331833810526e+00,5.823320401804473745e-01,7.270908295663118803e-01,3.020663043401610626e+00,2.669189306098565861e+00,2.505872674563149882e+00,3.858776048692849070e+00,4.406000718825125340e+00,3.624991654212009973e+00,2.932717750143670532e+00,2.720908365676922624e+00,1.079846283937603957e+00,2.413126402421339189e-01,1.333677026949563915e+00,1.894525607585449967e+00,1.086350124923851856e+00,8.367992805897873643e-01,1.593603400918892854e+00,2.229031789606354119e-01,-4.727485031877377562e-12,2.779585787167745958e-01,4.492184953217404769e-02
1.893223272849409389e+00,5.778380421075501872e-01,6.364020917165174041e-01,4.341677025543167479e-01,1.891856885755928586e+00,9.558270598039313448e-01,3.370000899705113184e+00,2.701492069311175026e+00,2.149974827179798265e+00,3.100024054071854440e+00,4.203045636108494243e+00,2.485200772545760994e+00,9.434157626395641705e-01,3.644416305807400835e+00,3.717301830356680714e+00,2.843391205138748212e+00,3.544956009146017273e+00,4.378498904571938688e+00,3.955384607963987165e+00,3.914447280301165843e+00,3.078582146922982155e+00,1.126202635765007010e+00,6.668391622080677150e-01,1.310967854258860754e+00,4.181584733961600797e+00,3.777200301904759527e+00,3.567343491895511587e+00,3.199902987860783643e+00,3.495568230309378244e+00,3.367483068713452266e+00,4.323292345035258499e+00,4.363881115353881235e+00,3.300986261777503206e+00,2.371301908941919390e+00,1.790713148759519591e-01,2.969462909525284910e+00,5.061018668842886647e+00,4.592239071975074971e+00,4.346924508994615799e+00,3.867230276959081170e+00,3.842313158920898086e+00,4.409906505951481925e+00,4.839772572641283688e+00,4.543345955117541024e+00,3.984755385048562193e+00,2.102378758677244885e+00,5.838861705071226593e-01,4.469439283883345659e+00,5.577015756897475640e+00,5.156667776735722519e+00,4.470252006343392814e+00,3.802458197682547780e+00,4.226144830066313141e+00,4.157071130532897563e+00,4.051726704225267817e+00,3.946183004417062712e+00,2.340148247119488545e+00,5.824311778557378361e-01,7.270910031700335008e-01,3.020669521936662161e+00,2.669283417764493738e+00,2.505934583158979212e+00,3.858975963901692730e+00,4.406075741682219160e+00,3.625132487282256566e+00,2.932904043891193080e+00,2.720976560523312937e+00,1.079923342443337653e+00,2.413146885901504557e-01,1.333761239740446802e+00,1.894671408376969790e+00,1.086395102146944014e+00,8.367992806427267949e-01,1.593661639590048251e+00,2.229182244519936906e-01,-3.463591148592938762e-12,2.779585787373584083e-01,4.650847677793728402e-02
1.893223575914829926e+00,5.778436453156731156e-01,6.364025309096222882e-01,4.341677025487143959e-01,1.891856944086770076e+00,9.558272377835088651e-01,3.370001345454731734e+00,2.701520389378729181e+00,2.149975228325318621e+00,3.100024198597692848e+00,4.203045871356278163e+00,2.485206604074362335e+00,9.434157626339336744e-01,3.644416406897624139e+00,3.717302213811136014e+00,2.843392330482729324e+00,3.544959164910498117e+00,4.378499406120813120e+00,3.955403190049313178e+00,3.914466737494523230e+00,3.078586980912257687e+00,1.126229446906377607e+00,6.668744649989528650e-01,1.310968748714017584e+00,4.181586352230514336e+00,3.777202114515291420e+00,3.567344905478770478e+00,3.199916627789794799e+00,3.495582567350549397e+00,3.367520317417552533e+00,4.323352347154685305e+00,4.363964235982924933e+00,3.301110895296507142e+00,2.371438596082149353e+00,1.790787168607558821e-01,2.969463023527169732e+00,5.061020081048559938e+00,4.592239868184222473e+00,4.346925126879362722e+00,3.867232472290686118e+00,3.842318108236739249e+00,4.409910296384940587e+00,4.839798759917703919e+00,4.543377227726246304e+00,3.984907819065170109e+00,2.102597810539517553e+00,5.839373360860049544e-01,4.469455343988600227e+00,5.577032396636700362e+00,5.156692700045400812e+00,4.470260555315066497e+00,3.802492247005880621e+00,4.226168226444854348e+00,4.157079190730852858e+00,4.051769402941452825e+00,3.946188935096125672e+00,2.340274225238907047e+00,5.825258536002049237e-01,7.270911689599484085e-01,3.020675708889243971e+00,2.669373293707325345e+00,2.505993705408636085e+00,3.859166881443583996e+00,4.406147387954161054e+00,3.625266981819831980e+00,2.933081953038474410e+00,2.721041686095639012e+00,1.079996932744617943e+00,2.413166447469434206e-01,1.333841662330971012e+00,1.894810647051485830e+00,1.086438055061104802e+00,8.367992807004634992e-01,1.593717257088812733e+00,2.229325927843239241e-01,-2.041375837490156179e-12,2.779585787595168500e-01,4.802369492600953860e-02
1.893223865339718204e+00,5.778489963375524896e-01,6.364029503354455830e-01,4.341677025430257797e-01,1.891856999791953875e+00,9.558274077523457590e-01,3.370001771141965197e+00,2.701547434832924921e+00,2.149975611415962717e+00,3.100024336618451226e+00,4.203046096015825128e+00,2.485212173140605163e+00,9.434157626282163589e-01,3.644416503437699628e+00,3.717302580006957680e+00,2.843393405177544242e+00,3.544962178641821726e+00,4.378499885095921584e+00,3.955420935802683058e+00,3.914485318969580963e+00,3.078591597335834429e+00,1.126255051347257785e+00,6.669081789021534812e-01,1.310969602911715937e+00,4.181587897664974740e+00,3.777203845544563787e+00,3.567346255439953318e+00,3.199929653820518194e+00,3.495596259118224136e+00,3.367555889653461421e+00,4.323409648733525401e+00,4.364043615567052115e+00,3.301229919382745237e+00,2.371569131287301513e+00,1.790857857010057230e-01,2.969463132397768490e+00,5.061021429694152474e+00,4.592240628557688886e+00,4.346925716954315178e+00,3.867234568815682838e+00,3.842322834796314091e+00,4.409913916220433272e+00,4.839823768572181883e+00,4.543407092835344052e+00,3.985053392420494056e+00,2.102807003443512457e+00,5.839861988340724341e-01,4.469470681269687162e+00,5.577048287463940213e+00,5.156716501620992155e+00,4.470268719519260969e+00,3.802524763856852896e+00,4.226190569812541042e+00,4.157086888159773785e+00,4.051810179898476250e+00,3.946194598850297552e+00,2.340394533408562960e+00,5.826162682338167365e-01,7.270913272877321809e-01,3.020681617382724671e+00,2.669459124566000430e+00,2.506050166718353900e+00,3.859349206280242139e+00,4.406215809612312739e+00,3.625395423105697290e+00,2.933251854954687765e+00,2.721103880533986441e+00,1.080067210936356048e+00,2.413185128617981179e-01,1.333918465308253865e+00,1.894943618952915632e+00,1.086479074775244413e+00,8.367992807636179808e-01,1.593770371387375429e+00,2.229463144347995363e-01,-4.477630951233408202e-13,2.779585787833947497e-01,4.947071757044894241e-02
1.893224141737995581e+00,5.778541065234352736e-01,6.364033508836584030e-01,4.341677025372514542e-01,1.891857052989650789e+00,9.558275700709815137e-01,3.370002177669767285e+00,2.701573263040810247e+00,2.149975977264330318e+00,3.100024468426902047e+00,4.203046310563679278e+00,2.485217491557238922e+00,9.434157626224130011e-01,3.644416595632414158e+00,3.717302929720908367e+00,2.843394431502777042e+00,3.544965056732530151e+00,4.378500342513246935e+00,3.955437882865231458e+00,3.914503064140151700e+00,3.078596005985778206e+00,1.126279503398113224e+00,6.669403754293924402e-01,1.310970418663836234e+00,4.181589373543070032e+00,3.777205498664335526e+00,3.567347544642522017e+00,3.199942093582925917e+00,3.495609334654489864e+00,3.367589860874672603e+00,4.323464371316124932e+00,4.364119422481014254e+00,3.301343586502277994e+00,2.371693791440062871e+00,1.790925363906734347e-01,2.969463236368023562e+00,5.061022717640336843e+00,4.592241354708341383e+00,4.346926280471118176e+00,3.867236570981099408e+00,3.842327348625302008e+00,4.409917373136130081e+00,4.839847651651441041e+00,4.543435613792749628e+00,3.985192413895154218e+00,2.103006781115446255e+00,5.840328623957847798e-01,4.469485328259049872e+00,5.577063463085782935e+00,5.156739231948844981e+00,4.470276516273362866e+00,3.802555817208078892e+00,4.226211907562664294e+00,4.157094239146952752e+00,4.051849121589744307e+00,3.946200007693174694e+00,2.340509426818230043e+00,5.827026135381548899e-01,7.270914784892328342e-01,3.020687259949825343e+00,2.669541092399294158e+00,2.506104086850154733e+00,3.859523325147106387e+00,4.406281151788198791e+00,3.625518083581054540e+00,2.933414110024596511e+00,2.721163275761112832e+00,1.080134326088034502e+00,2.413202968972516238e-01,1.333991811581728637e+00,1.895070606132511992e+00,1.086518248297697831e+00,8.367992808329803855e-01,1.593821095148302946e+00,2.229594185088956682e-01,1.331766315957663409e-12,2.779585788091631926e-01,5.085261376036449843e-02
1.893224405695953072e+00,5.778589867127241764e-01,6.364037334038900040e-01,4.341677025313921967e-01,1.891857103792713435e+00,9.558277250837287076e-01,3.370002565900450442e+00,2.701597928787491387e+00,2.149976326646448666e+00,3.100024594302642988e+00,4.203046515454940568e+00,2.485222570605350345e+00,9.434157626165241561e-01,3.644416683677337954e+00,3.717303263694790694e+00,2.843395411635415204e+00,3.544967805287453366e+00,4.378500779343046823e+00,3.955454067183964639e+00,3.914520010646134640e+00,3.078600216213439822e+00,1.126302854925035568e+00,6.669711228738349762e-01,1.310971197700711466e+00,4.181590782995349365e+00,3.777207077381108835e+00,3.567348775821061135e+00,3.199953973463435464e+00,3.495621821694326226e+00,3.367622303138714912e+00,4.323516630976431685e+00,4.364191817521454908e+00,3.301452137758320582e+00,2.371812840961345703e+00,1.790989832488914246e-01,2.969463335658483860e+00,5.061023947619033514e+00,4.592242048176457203e+00,4.346926818625084010e+00,3.867238483033816010e+00,3.842331659298154456e+00,4.409920674464626877e+00,4.839870459814707537e+00,4.543462851095251942e+00,3.985325178372354227e+00,2.103197567310566285e+00,5.840774257508336564e-01,4.469499316024930557e+00,5.577077955691771116e+00,5.156760939243048014e+00,4.470283962115347620e+00,3.802585472927895172e+00,4.226232284955468543e+00,4.157101259284835315e+00,4.051886310615819831e+00,3.946205173097651731e+00,2.340619149172250779e+00,5.827850726632088918e-01,7.270916228851826979e-01,3.020692648559201388e+00,2.669619371071986436e+00,2.506155580175882136e+00,3.859689607373653963e+00,4.406343553081350173e+00,3.625635223425233811e+00,2.933569062412978212e+00,2.721219997762274634e+00,1.080198420559904893e+00,2.413220006374978410e-01,1.334061856728697704e+00,1.895191877947130399e+00,1.086555658720780082e+00,8.367992809095505802e-01,1.593869535963510886e+00,2.229719328021258218e-01,3.313037110764146274e-12,2.779585788370241839e-01,5.217231452694331278e-02
1.893224657773494801e+00,5.778636472569681493e-01,6.364040987075303413e-01,4.341677025254490063e-01,1.891857152308915158e+00,9.558278731194036482e-01,3.370002936657518600e+00,2.701621484392338512e+00,2.149976660303418718e+00,3.100024714512687130e+00,4.203046711124223123e+00,2.485227421058295416e+00,9.434157626105509342e-01,3.644416767759239395e+00,3.717303582637022874e+00,2.843396347654465028e+00,3.544970430136659356e+00,4.378501196511908944e+00,3.955469523088006145e+00,3.914536194433355210e+00,3.078604236949290751e+00,1.126325155459758420e+00,6.670004864549481383e-01,1.310971941674796915e+00,4.181592129011463932e+00,3.777208585043567712e+00,3.567349951587079904e+00,3.199965318660880520e+00,3.495633746724432722e+00,3.367653285259993634e+00,4.323566538564206141e+00,4.364260954247975555e+00,3.301555803402657308e+00,2.371926532371161578e+00,1.791051399503254815e-01,2.969463430479771127e+00,5.061025122239205309e+00,4.592242710432991259e+00,4.346927332557727119e+00,3.867240309029571499e+00,3.842335775958400479e+00,4.409923827208499070e+00,4.839892241441168252e+00,4.543488862516835702e+00,3.985451967463367495e+00,2.103379766711993781e+00,5.841199834240912159e-01,4.469512674237271277e+00,5.577091796022678238e+00,5.156781669547696012e+00,4.470291072838858959e+00,3.802613793920075036e+00,4.226251745214150368e+00,4.157107963464088840e+00,4.051921825859627901e+00,3.946210106020259456e+00,2.340723933206465546e+00,5.828638205158613861e-01,7.270917607818792039e-01,3.020697794640831102e+00,2.669694126623654018e+00,2.506204755919799521e+00,3.859848405666797433e+00,4.406403145853290404e+00,3.625747091107565545e+00,2.933717040794644237e+00,2.721274166852456933e+00,1.080259630304952312e+00,2.413236276964143279e-01,1.334128749324331675e+00,1.895307691630572222e+00,1.086591385397037035e+00,8.367992809946149801e-01,1.593915796582482614e+00,2.229838838589997263e-01,5.513289907744836913e-12,2.779585788672160329e-01,5.343261905899186759e-02
1.893224898505324827e+00,5.778680980418203772e-01,6.364044475694513592e-01,4.341677025194232709e-01,1.891857198641179405e+00,9.558280144920239252e-01,3.370003290727411116e+00,2.701643979819961405e+00,2.149976978942985895e+00,3.100024829312029606e+00,4.203046897986582486e+00,2.485232053204548208e+00,9.434157626044946676e-01,3.644416848056481584e+00,3.717303887224137959e+00,2.843397241545362331e+00,3.544972936847820666e+00,4.378501594904721017e+00,3.955484283361415443e+00,3.914551649829809410e+00,3.078608076721864872e+00,1.126346452304720858e+00,6.670285284568399087e-01,1.310972652164176022e+00,4.181593414446509449e+00,3.777210024849679826e+00,3.567351074434550018e+00,3.199976153239960652e+00,3.495645135039411322e+00,3.367682872955756412e+00,4.323614199940148062e+00,4.364326979308857268e+00,3.301654803324035381e+00,2.372035106824248896e+00,1.791110195541806005e-01,2.969463521033029796e+00,5.061026243992395202e+00,4.592243342882692758e+00,4.346927823359186149e+00,3.867242052841567634e+00,3.842339707338044086e+00,4.409926838055153731e+00,4.839913042732586490e+00,4.543513703231227829e+00,3.985573050104872728e+00,2.103553765789110130e+00,5.841606256861102686e-01,4.469525431230644941e+00,5.577105013435716963e+00,5.156801466834561865e+00,4.470297863526711879e+00,3.802640840257255572e+00,4.226270329616542476e+00,4.157114365905193232e+00,4.051955742653779780e+00,3.946214816924403124e+00,2.340824001181877279e+00,5.829390241308896048e-01,7.270918924718345888e-01,3.020702709110258510e+00,2.669765517620861672e+00,2.506251718390268834e+00,3.860000056859025364e+00,4.406460056508294976e+00,3.625853923914418964e+00,2.933858359051603859e+00,2.721325897931580418e+00,1.080318085157270014e+00,2.413251815252278332e-01,1.334192631256817974e+00,1.895418292839211594e+00,1.086625504107562978e+00,8.367992810898685629e-01,1.593959975130213369e+00,2.229952970293279657e-01,7.951221799367838475e-12,2.779585789000206253e-01,5.463620060050843052e-02
1.893225128402082236e+00,5.778723485080066169e-01,6.364047807296502324e-01,4.341677025133166001e-01,1.891857242887797108e+00,9.558281495014743223e-01,3.370003628861173439e+00,2.701665462786194460e+00,2.149977283241043313e+00,3.100024938944191177e+00,4.203047076438393148e+00,2.485236476869526978e+00,9.434157625983569107e-01,3.644416924739400265e+00,3.717304178102219581e+00,2.843398095204184628e+00,3.544975330738023622e+00,4.378501975366540400e+00,3.955498379312726076e+00,3.914566409618480236e+00,3.078611743675848889e+00,1.126366790633401616e+00,6.670553083603719680e-01,1.310973330675906379e+00,4.181594642027080866e+00,3.777211399853482199e+00,3.567352146745196961e+00,3.199986500182286697e+00,3.495656010795420432e+00,3.367711128985487523e+00,4.323659716200441316e+00,4.364390032752122117e+00,3.301749347514578492e+00,2.372138794621597491e+00,1.791166345319012976e-01,2.969463607510351100e+00,5.061027315258006531e+00,4.592243946867088589e+00,4.346928292070536770e+00,3.867243718168682953e+00,3.842343461776083657e+00,4.409929713391015582e+00,4.839932907811306251e+00,4.543537425928930062e+00,3.985688683129404719e+00,2.103719933617308691e+00,5.841994387446003412e-01,4.469537614064361897e+00,5.577117635966807541e+00,5.156820373096360655e+00,4.470304348582883058e+00,3.802666669308360614e+00,4.226288077582669445e+00,4.157120480188599032e+00,4.051988132940357090e+00,3.946219315802558469e+00,2.340919565356096577e+00,5.830108430252682883e-01,7.270920182343961757e-01,3.020707402391748619e+00,2.669833695493505132e+00,2.506296567201002468e+00,3.860144882622866369e+00,4.406514405761507547e+00,3.625955948452518118e+00,2.933993316938849905e+00,2.721375300728217095e+00,1.080373909107455566e+00,2.413266654198348571e-01,1.334253638028324751e+00,1.895523916173065260e+00,1.086658087222741376e+00,8.367992811976048273e-01,1.594002165315346442e+00,2.230061965219922726e-01,1.064705774341672273e-11,2.779585789357744696e-01,5.578561209595855191e-02
1.893225347951424054e+00,5.778764076713506226e-01,6.364050988948188881e-01,4.341677025071310481e-01,1.891857285142636291e+00,9.558282784341430860e-01,3.370003951776046947e+00,2.701685978859305060e+00,2.149977573843063094e+00,3.100025043641730704e+00,4.203047246858189645e+00,2.485240701436433053e+00,9.434157625921398838e-01,3.644416997970665317e+00,3.717304455888275516e+00,2.843398910441672367e+00,3.544977616885046423e+00,4.378502338704393537e+00,3.955511840841356097e+00,3.914580505106873609e+00,3.078615245589359173e+00,1.126386213586138885e+00,6.670808829693271047e-01,1.310973978649217830e+00,4.181595814357056184e+00,3.777212712971558251e+00,3.567353170793550632e+00,3.199996381435126658e+00,3.495666397061412134e+00,3.367738113284029833e+00,4.323703183891193902e+00,4.364450248322592429e+00,3.301839636515208287e+00,2.372237815698944541e+00,1.791219967936252266e-01,2.969463690095180741e+00,5.061028338308353192e+00,4.592244523667328160e+00,4.346928739685996135e+00,3.867245308543321158e+00,3.842347047236202684e+00,4.409932459315073494e+00,4.839951878813837816e+00,4.543560080928982892e+00,3.985799111810131024e+00,2.103878622660855680e+00,5.842365049272859601e-01,4.469549248579862244e+00,5.577129690390048466e+00,5.156838428435825072e+00,4.470310541763061529e+00,3.802691335860287403e+00,4.226305026758362615e+00,4.157126319283539928e+00,4.052019065423517752e+00,3.946223612197465425e+00,2.341010828433568225e+00,5.830794295365264723e-01,7.270921383363389001e-01,3.020711884440396844e+00,2.669898804856011054e+00,2.506339397482359566e+00,3.860283190153201094e+00,4.406566308895000894e+00,3.626053381129604958e+00,2.934122200720178153e+00,2.721422480032340996e+00,1.080427220565610469e+00,2.413280825277926422e-01,1.334311899042418759e+00,1.895624785673410750e+00,1.086689203855752517e+00,8.367992813210491931e-01,1.594042456628942617e+00,2.230166054562958966e-01,1.362264292127342237e-11,2.779585789748820757e-01,5.688329159408504060e-02
1.893225557619059751e+00,5.778802841418976266e-01,6.364054027398441393e-01,4.341677025008689461e-01,1.891857325495341247e+00,9.558284015635294395e-01,3.370004260156993947e+00,2.701705571556650920e+00,2.149977851365468151e+00,3.100025143626742086e+00,4.203047409607472140e+00,2.485244735866154464e+00,9.434157625858458074e-01,3.644417067905626251e+00,3.717304721171542425e+00,2.843399688987068963e+00,3.544979800138130077e+00,4.378502685688985707e+00,3.955524696501028892e+00,3.914593966193425700e+00,3.078618589890439683e+00,1.126404762361635781e+00,6.671053065308969465e-01,1.310974597458564483e+00,4.181596933923121817e+00,3.777213966989222627e+00,3.567354148751771259e+00,3.200005817957958687e+00,3.495676315868065487e+00,3.367763883088714216e+00,4.323744695213220801e+00,4.364507753745582974e+00,3.301925861841018772e+00,2.372332380093288950e+00,1.791271177134462489e-01,2.969463768962708361e+00,5.061029315313478882e+00,4.592245074506900337e+00,4.346929167155039408e+00,3.867246827338902015e+00,3.842350471323659367e+00,4.409935081651818578e+00,4.839969995980238693e+00,4.543581716285693517e+00,3.985904570381108680e+00,2.104030169520513915e+00,5.842719028565344086e-01,4.469560359455529763e+00,5.577141202274502163e+00,5.156855671150769815e+00,4.470316456203831557e+00,3.802714892234117183e+00,4.226321213095114437e+00,4.157131895575535196e+00,4.052048605715222962e+00,3.946227715222370591e+00,2.341097983995535259e+00,5.831449291458761230e-01,7.270922530324317457e-01,3.020716164763246336e+00,2.669960983814086308e+00,2.506380300083125956e+00,3.860415272818864985e+00,4.406615876002295984e+00,3.626146428613469030e+00,2.934245283775392732e+00,2.721467535917600156e+00,1.080478132612505027e+00,2.413294358549956664e-01,1.334367537878548227e+00,1.895721115298008241e+00,1.086718920009172917e+00,8.367992814649627409e-01,1.594080934534301885e+00,2.230265459110026549e-01,1.690152502298691233e-11,2.779585790178366600e-01,5.793156741506236967e-02
1.893225757849738455e+00,5.778839861421775081e-01,6.364056929092377635e-01,4.341677024945332364e-01,1.891857364031521049e+00,9.558285191508234524e-01,3.370004554658148521e+00,2.701724282436987590e+00,2.149978116396937367e+00,3.100025239111323661e+00,4.203047565031468480e+00,2.485248588716272966e+00,9.434157625794774571e-01,3.644417134692639504e+00,3.717304974514737292e+00,2.843400432491790752e+00,3.544981885128264398e+00,4.378503017056333491e+00,3.955536973560339398e+00,3.914606821430921979e+00,3.078621783672817358e+00,1.126422476304349107e+00,6.671286308507482499e-01,1.310975188416540149e+00,4.181598003100044814e+00,3.777215164566432026e+00,3.567355082694256385e+00,3.200014829766931079e+00,3.495685788254515369e+00,3.367788493060768662e+00,4.323784338217620871e+00,4.364562670997822913e+00,3.302008206387505584e+00,2.372422688388407863e+00,1.791320081535404951e-01,2.969463844280240128e+00,5.061030248345758764e+00,4.592245600554226037e+00,4.346929575384404387e+00,3.867248277777016519e+00,3.842353741301419490e+00,4.409937585963594309e+00,4.839987297739463123e+00,4.543602377890572974e+00,3.986005282534126337e+00,2.104174895647515697e+00,5.843057076161243257e-01,4.469570970259039377e+00,5.577152196038435150e+00,5.156872137815321722e+00,4.470322104450533907e+00,3.802737388396095319e+00,4.226336670926332140e+00,4.157137220892666463e+00,4.052076816474410315e+00,3.946231633580358000e+00,2.341181216910650065e+00,5.832074807867968502e-01,7.270923625659774236e-01,3.020720252439454079e+00,2.670020364257657874e+00,2.506419361763220888e+00,3.860541410784918970e+00,4.406663212221890724e+00,3.626235288270317270e+00,2.934362827180180044e+00,2.721510563953588147e+00,1.080526753239436477e+00,2.413307282720515423e-01,1.334420672554170961e+00,1.895813109374933525e+00,1.086747298714973775e+00,8.367992816369271836e-01,1.594117680648243107e+00,2.230360389711691371e-01,2.050907503225498188e-11,2.779585790652441823e-01,5.893266308781348189e-02
1.893225949068193303e+00,5.778875215246459529e-01,6.364059700185045187e-01,4.341677024881271940e-01,1.891857400832933189e+00,9.558286314454602639e-01,3.370004835904204299e+00,2.701742151188618379e+00,2.149978369499655706e+00,3.100025330298027626e+00,4.203047713459871382e+00,2.485252268159217515e+00,9.434157625730382746e-01,3.644417198473386410e+00,3.717305216455252914e+00,2.843401142532927750e+00,3.544983876278011703e+00,4.378503333509328854e+00,3.955548698060593171e+00,3.914619098087062099e+00,3.078624833710950526e+00,1.126439392987944377e+00,6.671509054029094443e-01,1.310975752776663006e+00,4.181599024155709721e+00,3.777216308243425136e+00,3.567355974602040014e+00,3.200023435977315867e+00,3.495694834312981669e+00,3.367811995401259750e+00,4.323822196992535893e+00,4.364615116566185726e+00,3.302086844818512112e+00,2.372508932140322546e+00,1.791366784872063800e-01,2.969463916207552234e+00,5.061031139384297717e+00,4.592246102925142459e+00,4.346929965240024174e+00,3.867249662934261867e+00,3.842356864105562764e+00,4.409939977562399527e+00,4.840003820790880873e+00,4.543622109569671608e+00,3.986101461893183817e+00,2.104313108025406276e+00,5.843379909105088643e-01,4.469581103497345609e+00,5.577162695001113946e+00,5.156887863357503043e+00,4.470327498483873896e+00,3.802758872063616735e+00,4.226351433040166583e+00,4.157142306530664300e+00,4.052103757539901707e+00,3.946235375582809013e+00,2.341260703727105597e+00,5.832672171397327299e-01,7.270924671693286268e-01,3.020724156139547034e+00,2.670077072140628172e+00,2.506456665377724491e+00,3.860661871606922535e+00,4.406708417960272683e+00,3.626320148583415559e+00,2.934475080259885793e+00,2.721551655408558368e+00,1.080573185577294648e+00,2.413319625203699526e-01,1.334471415775084768e+00,1.895900963035985098e+00,1.086774400168222465e+00,8.367992818504901287e-01,1.594152772914224414e+00,2.230451047728687908e-01,2.447263257886455467e-11,2.779585791178643683e-01,5.988870206608135766e-02
1.893226131680041391e+00,5.778908977883407960e-01,6.364062346554476557e-01,4.341677024816547048e-01,1.891857435977655433e+00,9.558287386856495482e-01,3.370005104491739178e+00,2.701759215713580353e+00,2.149978611210506596e+00,3.100025417380291248e+00,4.203047855207534766e+00,2.485255781999597513e+00,9.434157625665320346e-01,3.644417259383172070e+00,3.717305447506294325e+00,2.843401820616590303e+00,3.544985777810886418e+00,4.378503635719229514e+00,3.955559894871045756e+00,3.914630822202297633e+00,3.078627746474396076e+00,1.126455548294994058e+00,6.671721774347115774e-01,1.310976291736034360e+00,4.181599999255930733e+00,3.777217400446112539e+00,3.567356826366996359e+00,3.200031654844057716e+00,3.495703473231384972e+00,3.367834439961821413e+00,4.323858351841524339e+00,4.364665201694770680e+00,3.302161943936714472e+00,2.372591294283614261e+00,1.791411386208679180e-01,2.969463984897229736e+00,5.061031990319125207e+00,4.592246582685263867e+00,4.346930337548855938e+00,3.867250985748766023e+00,3.842359846359994613e+00,4.409942261521155871e+00,4.840019600182115411e+00,4.543640953176547370e+00,3.986193312467618988e+00,2.104445099821196319e+00,5.843688212169102503e-01,4.469590780664424834e+00,5.577172721432262392e+00,5.156902881133316185e+00,4.470332649745341058e+00,3.802779388806440064e+00,4.226365530749058408e+00,4.157147163276867730e+00,4.052129486057326702e+00,3.946238949167031329e+00,2.341336613047118931e+00,5.833242649135254032e-01,7.270925670643814120e-01,3.020727884143815434e+00,2.670131227748041791e+00,2.506492290052624305e+00,3.860776910798450867e+00,4.406751589104894506e+00,3.626401189552886262e+00,2.934582281118368385e+00,2.721590897443017631e+00,1.080617528115314974e+00,2.413331412179776092e-01,1.334519875174492443e+00,1.895984862630585077e+00,1.086800281854762407e+00,8.367992821353340549e-01,1.594186285767670963e+00,2.230537625459034223e-01,2.882167225322014748e-11,2.779585791766658875e-01,6.080171223252154450e-02
1.893226306072645526e+00,5.778941220947881874e-01,6.364064873814155865e-01,4.341677024751202096e-01,1.891857469540253245e+00,9.558288410988802219e-01,3.370005360990482757e+00,2.701775512208037355e+00,2.149978842042209681e+00,3.100025500542845869e+00,4.203047990575142556e+00,2.485259137690756681e+00,9.434157625599628449e-01,3.644417317551212232e+00,3.717305668157969922e+00,2.843402468181102982e+00,3.544987593760313693e+00,4.378503924327082686e+00,3.955570587741651600e+00,3.914642018645066557e+00,3.078630528141534040e+00,1.126470976493090026e+00,6.671924920670064818e-01,1.310976806437877507e+00,4.181600930469046240e+00,3.777218443491220601e+00,3.567357639795852631e+00,3.200039503800494511e+00,3.495711723334048227e+00,3.367855874350393464e+00,4.323892879453888227e+00,4.364713032620870514e+00,3.302233663037432265e+00,2.372669949519452537e+00,1.791453980150876646e-01,2.969464050494992513e+00,5.061032802955208965e+00,4.592247040852245554e+00,4.346930693100640397e+00,3.867252249026420508e+00,3.842362694390495825e+00,4.409944442684464505e+00,4.840034669383391552e+00,4.543658948681034815e+00,3.986281029084837613e+00,2.104571151007208929e+00,5.843982639305689286e-01,4.469600022286864593e+00,5.577182296599304756e+00,5.156917222997498662e+00,4.470337569161471514e+00,3.802798982143348105e+00,4.226378993956158681e+00,4.157151801433107252e+00,4.052154056600342003e+00,3.946242361913095742e+00,2.341409105884557196e+00,5.833787451141801972e-01,7.270926624630454915e-01,3.020731444359876061e+00,2.670182945951224074e+00,2.506526311352651692e+00,3.860886772373074205e+00,4.406792817227560555e+00,3.626478583077512141e+00,2.934684657143048270e+00,2.721628373294604497e+00,1.080659874909988716e+00,2.413342668650715339e-01,1.334566153541306255e+00,1.896064986121051232e+00,1.086824998673148857e+00,8.367992826098802350e-01,1.594218290293863083e+00,2.230620306545921805e-01,3.358804820565028479e-11,2.779585792429216662e-01,6.167363020026898207e-02
1.893226472615934242e+00,5.778972012831933291e-01,6.364067287324922662e-01,4.341677024685282049e-01,1.891857501591935442e+00,9.558289389024032801e-01,3.370005605944522031e+00,2.701791075239059037e+00,2.149979062484409731e+00,3.100025579962109479e+00,4.203048119849846387e+00,2.485262342350583964e+00,9.434157625533353686e-01,3.644417373100908186e+00,3.717305878878331082e+00,2.843403086600056362e+00,3.544989327978185667e+00,4.378504199945080444e+00,3.955580799353442423e+00,3.914652711164544385e+00,3.078633184612672213e+00,1.126485710307527865e+00,6.672118923898733289e-01,1.310977297973962896e+00,4.181601819770302875e+00,3.777219439591207095e+00,3.567358416614018868e+00,3.200046999495335331e+00,3.495719602120564762e+00,3.367876344032207925e+00,4.323925853067340341e+00,4.364758710800312080e+00,3.302302154246515187e+00,2.372745064686158756e+00,1.791494657046326655e-01,2.969464113140001693e+00,5.061033579016277706e+00,4.592247478397942118e+00,4.346931032649574256e+00,3.867253455446832078e+00,3.842365414238141152e+00,4.409946525678885010e+00,4.840049060358524002e+00,4.543676134254032384e+00,3.986364797803568116e+00,2.104691528954936608e+00,5.844263815034554943e-01,4.469608847967405652e+00,5.577191440812473644e+00,5.156930919371086830e+00,4.470342267167026762e+00,3.802817693634456653e+00,4.226391851218753715e+00,4.157156230837554922e+00,4.052177521286382422e+00,3.946245621059914388e+00,2.341478336006469707e+00,5.834307733015356989e-01,7.270927535676935394e-01,3.020734844339444614e+00,2.670232336451441757e+00,2.506558801441566953e+00,3.860991689361944701e+00,4.406832189778666198e+00,3.626552493319357140e+00,2.934782425487226565e+00,2.721664162454646263e+00,1.080700315784567378e+00,2.413353418493218161e-01,1.334610349038175103e+00,1.896141503460077704e+00,1.086848603051096207e+00,8.370394260278497534e-01,1.594248854378716995e+00,2.230699266367238420e-01,3.880417954921818679e-11,2.779585793180986975e-01,6.250630541978459409e-02
1.893226631663185611e+00,5.779001418849438743e-01,6.364069592206323955e-01,4.341677024618816882e-01,1.891857532200704739e+00,9.558290323036900960e-01,3.370005839873455145e+00,2.701805937817938208e+00,2.149979273004712255e+00,3.100025655806558866e+00,4.203048243305873122e+00,2.485265402776610344e+00,9.434157625466528252e-01,3.644417426150104777e+00,3.717306080114360700e+00,2.843403677185217138e+00,3.544990984143030044e+00,4.378504463157865345e+00,3.955590551366633623e+00,3.914662922441015436e+00,3.078635721522559265e+00,1.126499780990721344e+00,6.672304195540157412e-01,1.310977767386922288e+00,4.181602669046045939e+00,3.777220390858951671e+00,3.567359158469248559e+00,3.200054157827972201e+00,3.495727126302914378e+00,3.367895892426220783e+00,4.323957342623355515e+00,4.364802333122656641e+00,3.302367562843021354e+00,2.372816799113091957e+00,1.791533503176344078e-01,2.969464172965154525e+00,5.061034320148479537e+00,4.592247896250467143e+00,4.346931356915909817e+00,3.867254607569003966e+00,3.842368011672110395e+00,4.409948514922747087e+00,4.840062803632718236e+00,4.543692546348463424e+00,3.986444796308516114e+00,2.104806489002172487e+00,5.844532335767369524e-01,4.469617276426518515e+00,5.577200173467890210e+00,5.156943999305945603e+00,4.470346753727127975e+00,3.802835562969366201e+00,4.226404129808840615e+00,4.157160460885590325e+00,4.052199929887214225e+00,3.946248733520594243e+00,2.341544450259248844e+00,5.834804598343786841e-01,7.270928405715898490e-01,3.020738091294353556e+00,2.670279504012589733e+00,2.506589829235225331e+00,3.861091884308084143e+00,4.406869790272692988e+00,3.626623077051974509e+00,2.934875793530695276e+00,2.721698340836771202e+00,1.080738936519588744e+00,2.413363684509349794e-01,1.334652555409701735e+00,1.896214576951227526e+00,1.086871145056682142e+00,8.382569915731858945e-01,1.594278042852778077e+00,2.230774672407534465e-01,4.449591945141350604e-11,2.779585794028243129e-01,6.330150410032278629e-02
1.893226783551777981e+00,5.779029501374672861e-01,6.364071793347495509e-01,4.341677024551841568e-01,1.891857561431504076e+00,9.558291215008749564e-01,3.370006063273494945e+00,2.701820131470217046e+00,2.149979474049677819e+00,3.100025728237088440e+00,4.203048361205107497e+00,2.485268325460426642e+00,9.434157625399187674e-01,3.644417476811343981e+00,3.717306272292924874e+00,2.843404241189313453e+00,3.544992565767813186e+00,4.378504714523765884e+00,3.955599864466571081e+00,3.914672674133984120e+00,3.078638144252340059e+00,1.126513218388494275e+00,6.672481128580513010e-01,1.310978215672461644e+00,4.181603480097722425e+00,3.777221299312238045e+00,3.567359866935135404e+00,3.200060993982206892e+00,3.495734311840914987e+00,3.367914560997215645e+00,4.323987414915522187e+00,4.364843992116717253e+00,3.302430027567374360e+00,2.372885304958608277e+00,1.791570600938952873e-01,2.969464230097367707e+00,5.061035027923874274e+00,4.592248295296161409e+00,4.346931666587482646e+00,3.867255707836767531e+00,3.842370492201928833e+00,4.409950414635522620e+00,4.840075928357320478e+00,4.543708219776600998e+00,3.986521194287258929e+00,2.104916274994617087e+00,5.844788771072871869e-01,4.469625325542115668e+00,5.577208513088705466e+00,5.156956490546391159e+00,4.470351038358391094e+00,3.802852628051352379e+00,4.226415855770975227e+00,4.157164500549733965e+00,4.052221329934503125e+00,3.946251705897101392e+00,2.341607588880111557e+00,5.835279101045339756e-01,7.270929236593007827e-01,3.020741192111850104e+00,2.670324548683411958e+00,2.506619460547758305e+00,3.861187569738429026e+00,4.406905698465349630e+00,3.626690483992944802e+00,2.934964959319619648e+00,2.721730980937930866e+00,1.080775819034831109e+00,2.413373488474923056e-01,1.334692862181286799e+00,1.896284361593201018e+00,1.086892672504550905e+00,8.410871226431824166e-01,1.594305917628737523e+00,2.230846684613323194e-01,5.069295050370173854e-11,2.779585794980142244e-01,6.406091296074963026e-02
1.893226928603906067e+00,5.779056319974614775e-01,6.364073895417531324e-01,4.341677024484394409e-01,1.891857589346353397e+00,9.558292066831750589e-01,3.370006276618521479e+00,2.701833686302553605e+00,2.149979666045770621e+00,3.100025797407352179e+00,4.203048473797649009e+00,2.485271116601454722e+00,9.434157625331373032e-01,3.644417525192102936e+00,3.717306455821678401e+00,2.843404779808691885e+00,3.544994076207394151e+00,4.378504954575980435e+00,3.955608758407607617e+00,3.914681986928118196e+00,3.078640457940966080e+00,1.126526051003387430e+00,6.672650098318694267e-01,1.310978643781473663e+00,4.181604254645701069e+00,3.777222166878037246e+00,3.567360543514447979e+00,3.200067522458458491e+00,3.495741173976075977e+00,3.367932389343752941e+00,4.324016133731224620e+00,4.364883776146825767e+00,3.302489680915652315e+00,2.372950727532812110e+00,1.791606029023661562e-01,2.969464284657846509e+00,5.061035703843768552e+00,4.592248676381475825e+00,4.346931962321173515e+00,3.867256758583963450e+00,3.842372861089153435e+00,4.409952228846777622e+00,4.840088462371651801e+00,4.543723187783905715e+00,3.986594153790176787e+00,2.105021119803107688e+00,5.845033664884996538e-01,4.469633012387470572e+00,5.577216477364394187e+00,5.156968419588039865e+00,4.470355130149114231e+00,3.802868925077763418e+00,4.226427053977515058e+00,4.157168358398676489e+00,4.052241766820640301e+00,3.946254544494265382e+00,2.341667885794559645e+00,5.835732247604142886e-01,7.270930030070869021e-01,3.020744153369204543e+00,2.670367566009717475e+00,2.506647758231173917e+00,3.861278948614629059e+00,4.406939990522748651e+00,3.626754857121449405e+00,2.935050111986619470e+00,2.721762151992178858e+00,1.080811041563076280e+00,2.413382851185687239e-01,1.334731354849026497e+00,1.896351005408609236e+00,1.086913231057334617e+00,8.460602898606627287e-01,1.594332537832757746e+00,2.230915455732348784e-01,5.742849381363525043e-11,2.779585796048656410e-01,6.478614280611280640e-02
1.893227067127263741e+00,5.779081931535289263e-01,6.364075902875385715e-01,4.341677024416517594e-01,1.891857616004482212e+00,9.558292880312925233e-01,3.370006480361088297e+00,2.701846631066585402e+00,2.149979849400259546e+00,3.100025863464089149e+00,4.203048581322340382e+00,2.485273782120097863e+00,9.434157625263128732e-01,3.644417571395023092e+00,3.717306631089928981e+00,2.843405294185855414e+00,3.544995518665638556e+00,4.378505183823712343e+00,3.955617252055005029e+00,3.914690880577120780e+00,3.078642667496101382e+00,1.126538306055117067e+00,6.672811463162365841e-01,1.310979052622054608e+00,4.181604994332921876e+00,3.777222995396591454e+00,3.567361189642322739e+00,3.200073757104521022e+00,3.495747727263925686e+00,3.367949415282165404e+00,4.324043559986942675e+00,4.364921769600264234e+00,3.302546649420626146e+00,2.373013205605775333e+00,1.791639862578376097e-01,2.969464336762341450e+00,5.061036349341899943e+00,4.592249040314764663e+00,4.346932244744298401e+00,3.867257762039395530e+00,3.842375123358531930e+00,4.409953961404718292e+00,4.840100432262055996e+00,4.543737482119552418e+00,3.986663829574181861e+00,2.105121245817568543e+00,5.845267536656635343e-01,4.469640353267434030e+00,5.577224083188274228e+00,5.156979811734012209e+00,4.470359037778557365e+00,3.802884488616799619e+00,4.226437748181378851e+00,4.157172042615453478e+00,4.052261283895021826e+00,3.946257255333153413e+00,2.341725468900457408e+00,5.836164999205089021e-01,7.270930787832765585e-01,3.020746981347663063e+00,2.670408647237048516e+00,2.506674782308675908e+00,3.861366214763555682e+00,4.406972739182962506e+00,3.626816332981547930e+00,2.935131432151947273e+00,2.721791920117524022e+00,1.080844678816052395e+00,2.413391792501440036e-01,1.334768115061059524e+00,1.896414649757949711e+00,1.086932864322509351e+00,8.535993329154966114e-01,1.594357959929886714e+00,2.230981131637583548e-01,6.473987431224400108e-11,2.779585797249929935e-01,6.547873194392002383e-02
1.893227199415697726e+00,5.779106390382435787e-01,6.364077819979336859e-01,4.341677024348261082e-01,1.891857641462455275e+00,9.558293657177970859e-01,3.370006674933380797e+00,2.701858993219912630e+00,2.149980024502085918e+00,3.100025926547435251e+00,4.203048684007275604e+00,2.485276327670297825e+00,9.434157625194508068e-01,3.644417615518125597e+00,3.717306798469464102e+00,2.843405785411887265e+00,3.544996896202214476e+00,4.378505402753248177e+00,3.955625363424947860e+00,3.914699373945634164e+00,3.078644777604528038e+00,1.126550009538311414e+00,6.672965565388205844e-01,1.310979443061430549e+00,4.181605700728383113e+00,3.777223786625320212e+00,3.567361806689303805e+00,3.200079711144935946e+00,3.495753985604886704e+00,3.367965674926771680e+00,4.324069751857463118e+00,4.364958053066262167e+00,3.302601053920157792e+00,2.373072871701890296e+00,1.791672173368800136e-01,2.969464386521395660e+00,5.061036965787478081e+00,4.592249387868002408e+00,4.346932514455941643e+00,3.867258720331554045e+00,3.842377283808663169e+00,4.409955615984354260e+00,4.840111863418298022e+00,4.543751133103762108e+00,3.986730369430978804e+00,2.105216865418729988e+00,5.845490882461460425e-01,4.469647363753020741e+00,5.577231346693338310e+00,5.156990691148598316e+00,4.470362769535348946e+00,3.802899351680836482e+00,4.226447961066428505e+00,4.157175561014806675e+00,4.052279922556002667e+00,3.946259844163839237e+00,2.341780460339316861e+00,5.836578273772639047e-01,7.270931511486230514e-01,3.020749682045769102e+00,2.670447879504220801e+00,2.506700590101978765e+00,3.861449553288436753e+00,4.407004013910314377e+00,3.626875041971805658e+00,2.935209092306604983e+00,2.721820348456175154e+00,1.080876802142907378e+00,2.413400331388152464e-01,1.334803220790754974e+00,1.896475429639451260e+00,1.086951613944893813e+00,8.640160619210200954e-01,1.594382237843827932e+00,2.231043851636647923e-01,7.266916902173840794e-11,2.779585798606455938e-01,6.614014944684280806e-02
1.893227325749829992e+00,5.779129748396748534e-01,6.364079650796017340e-01,4.341677024279681496e-01,1.891857665774291819e+00,9.558294399074925840e-01,3.370006860748134159e+00,2.701870798984341793e+00,2.149980191722686396e+00,3.100025986791219434e+00,4.203048782070284872e+00,2.485278758651527475e+00,9.434157625125568769e-01,3.644417657655021348e+00,3.717306958315338861e+00,2.843406254528763721e+00,3.544998211739085026e+00,4.378505611828988009e+00,3.955633109722761720e+00,3.914707485049252700e+00,3.078646792742090188e+00,1.126561186277648119e+00,6.673112731867916203e-01,1.310979815927796777e+00,4.181606375330465752e+00,3.777224542242546779e+00,3.567362395964251753e+00,3.200085397209043059e+00,3.495759962273760735e+00,3.367981202766479054e+00,4.324094764899276910e+00,4.364992703506938909e+00,3.302653009813509843e+00,2.373129852380968519e+00,1.791703029930661328e-01,2.969464434040576695e+00,5.061037554488088119e+00,4.592249719778420669e+00,4.346932772028224257e+00,3.867259635493134784e+00,3.842379347022174318e+00,4.409957196095293241e+00,4.840122780087412480e+00,4.543764169692127375e+00,3.986793914500552205e+00,2.105308181428616976e+00,5.845704176046168099e-01,4.469654058714432665e+00,5.577238283286477305e+00,5.157001080908521828e+00,4.470366333335070941e+00,3.802913545796450023e+00,4.226457714295585255e+00,4.157178921059756505e+00,4.052297722338704666e+00,3.946262316477603171e+00,2.341832976755378937e+00,5.836972947917864474e-01,7.270932202566455782e-01,3.020752261192090060e+00,2.670485346028159679e+00,2.506725236352896680e+00,3.861529140961482920e+00,4.407033881042717205e+00,3.626931108621887390e+00,2.935283257178223248e+00,2.721847497308475194e+00,1.080907479681549432e+00,2.413408485958199734e-01,1.334836746502103377e+00,1.896533473975422490e+00,1.086969519694981567e+00,8.775073979172391958e-01,1.594405423071320493e+00,2.231103748767299111e-01,8.126402249841397603e-11,2.779585800151047059e-01,6.677179826866916357e-02
1.893227446397653724e+00,5.779152055123908394e-01,6.364081399209041701e-01,4.341677024210844338e-01,1.891857688991581687e+00,9.558295107577665650e-01,3.370007038199508642e+00,2.701882073401505213e+00,2.149980351416780344e+00,3.100026044323249241e+00,4.203048875719395561e+00,2.485281080220245187e+00,9.434157625056380780e-01,3.644417697895110386e+00,3.717307110966628247e+00,2.843406702531566133e+00,3.544999468066703852e+00,4.378505811494430411e+00,3.955640507379404536e+00,3.914715231092736669e+00,3.078648717183185557e+00,1.126571859980512347e+00,6.673253274761560272e-01,1.310980172012075062e+00,4.181607019570114048e+00,3.777225263851058390e+00,3.567362958717120058e+00,3.200090827357770173e+00,3.495765669947886511e+00,3.367996031737939155e+00,4.324118652168423615e+00,4.365025794420547278e+00,3.302702627306123517e+00,2.373184268506695282e+00,1.791732497715088079e-01,2.969464479420702574e+00,5.061038116692467170e+00,4.592250036750071374e+00,4.346933018007521632e+00,3.867260509465347607e+00,3.842381317375441530e+00,4.409958705089184861e+00,4.840133205425142471e+00,4.543776619537023720e+00,3.986854599570541335e+00,2.105395387540760943e+00,5.845907869835357262e-01,4.469660452352605340e+00,5.577244907681157216e+00,5.157011003051879428e+00,4.470369736737044519e+00,3.802927101071286398e+00,4.226467028556781358e+00,4.157182129877432963e+00,4.052314720998878350e+00,3.946264677518579234e+00,2.341883129543029796e+00,5.837349858797857838e-01,7.270932862539553065e-01,3.020754724257364909e+00,2.670521126280412716e+00,2.506748773339457781e+00,3.861605146598845906e+00,4.407062403932387795e+00,3.626984651856700825e+00,2.935354084080469494e+00,2.721873424260806473e+00,1.080936776503177432e+00,2.413416273508779686e-01,1.334868763307665018e+00,1.896588905885713716e+00,1.086986619553301558e+00,8.941510303170441265e-01,1.594427564791369489e+00,2.231160950079626171e-01,9.057864259652558025e-11,2.779585801934895684e-01,6.737501822006573826e-02
1.893227561615102195e+00,5.779173357879692219e-01,6.364083068927247622e-01,4.341677024141825103e-01,1.891857711163593692e+00,9.558295784189245747e-01,3.370007207663924920e+00,2.701892840385977212e+00,2.149980503923125674e+00,3.100026099265581259e+00,4.203048965153271865e+00,2.485283297300830974e+00,9.434157624987020707e-01,3.644417736323768864e+00,3.717307256747149236e+00,2.843407130370591229e+00,3.545000667849934839e+00,4.378506002173117473e+00,3.955647572086321784e+00,3.914722628506504876e+00,3.078650555009834644e+00,1.126582053287282559e+00,6.673387492179703173e-01,1.310980512069590764e+00,4.181607634813871321e+00,3.777225952981507096e+00,3.567363496141606749e+00,3.200096013109214876e+00,3.495771120734029846e+00,3.368010193295411625e+00,4.324141464333028040e+00,4.365057395997376410e+00,3.302750011643380113e+00,2.373236235502994784e+00,1.791760639227440721e-01,2.969464522758055836e+00,5.061038653593149306e+00,4.592250339455318020e+00,4.346933252915617274e+00,3.867261344102035370e+00,3.842383199047873177e+00,4.409960146166833184e+00,4.840143161545050532e+00,4.543788509046266633e+00,3.986912553362145228e+00,2.105478668731049829e+00,5.846102395891186188e-01,4.469666558229327791e+00,5.577251233928632423e+00,5.157020478624894544e+00,4.470372986960368777e+00,3.802940046257928142e+00,4.226475923606836993e+00,4.157185194274195972e+00,4.052330954592986423e+00,3.946266932294876018e+00,2.341931025083084261e+00,5.837709805891455606e-01,7.270933492805661258e-01,3.020757076466111801e+00,2.670555296155721514e+00,2.506771250986793209e+00,3.861677731418700965e+00,4.407089643080225549e+00,3.627035785248652555e+00,2.935421723246731673e+00,2.721898184307738333e+00,1.080964754750305845e+00,2.413423710558604829e-01,1.334899339119409722e+00,1.896641842948871615e+00,1.087002949790978779e+00,9.139005671392371744e-01,1.594448709969562561e+00,2.231215576905540565e-01,1.006751088100497166e-10,2.779585804046721398e-01,6.795108881043683546e-02
1.893227671646590338e+00,5.779193701850333653e-01,6.364084663492560745e-01,4.341677024072710944e-01,1.891857732337381082e+00,9.558296430345082362e-01,3.370007369500864769e+00,2.701903122776000643e+00,2.149980649565234270e+00,3.100026151734779578e+00,4.203049050561640243e+00,2.485285414596032805e+00,9.434157624917577367e-01,3.644417773022532447e+00,3.717307395966145567e+00,2.843407538953367730e+00,3.545001813633705368e+00,4.378506184269529200e+00,3.955654318828728755e+00,3.914729692981488540e+00,3.078652310120337798e+00,1.126591787819353652e+00,6.673515668815743762e-01,1.310980836821675988e+00,4.181608222366777206e+00,3.777226611095655606e+00,3.567364009377686163e+00,3.200100965463076541e+00,3.495776326194063532e+00,3.368023717477482748e+00,4.324163249780774265e+00,4.365087575268633557e+00,3.302795263333840659e+00,2.373285863598860512e+00,1.791787514159897121e-01,2.969464564144586038e+00,5.061039166328999528e+00,4.592250628536266532e+00,4.346933477250813915e+00,3.867262141173606782e+00,3.842384996030774325e+00,4.409961522384982402e+00,4.840152669565426002e+00,4.543799863439124564e+00,3.986967898803155386e+00,2.105558201650087113e+00,5.846288166829829436e-01,4.469672389296008852e+00,5.577257275447747631e+00,5.157029527726555429e+00,4.470376090899231158e+00,3.802952408814878726e+00,4.226484418313371627e+00,4.157188120750067384e+00,4.052346457554686587e+00,3.946269085589203751e+00,2.341976764968433766e+00,5.838053552695037229e-01,7.270934094701914097e-01,3.020759322807707203e+00,2.670587928133001832e+00,2.506792716973034185e+00,3.861747049383212005e+00,4.407115656264141812e+00,3.627084617258550914e+00,2.935486318148782026e+00,2.721921829968679152e+00,1.080991473768577515e+00,2.413430812882939869e-01,1.334928538792766517e+00,1.896692397451537726e+00,1.087018545046670059e+00,9.365801518019681859e-01,1.594468903457689102e+00,2.231267745116139456e-01,1.116250427595732935e-10,2.779585806671429626e-01,6.850123196189586428e-02
1.893227776725534994e+00,5.779213130188363134e-01,6.364086186287511993e-01,4.341677024003603447e-01,1.891857752557880579e+00,9.558297047416010050e-01,3.370007524053632242e+00,2.701912942381929472e+00,2.149980788652058550e+00,3.100026201842164486e+00,4.203049132125688203e+00,2.485287436596943067e+00,9.434157624848154011e-01,3.644417808069269071e+00,3.717307528918943671e+00,2.843407929146579249e+00,3.545002907848402884e+00,4.378506358169941493e+00,3.955660761917397128e+00,3.914736439502411347e+00,3.078653986237545492e+00,1.126601084225000049e+00,6.673638076549786025e-01,1.310981146957199028e+00,4.181608783475136981e+00,3.777227239589477481e+00,3.567364499514026122e+00,3.200105694923988775e+00,3.495781297369491725e+00,3.368036632970781596e+00,4.324184054721546211e+00,4.365116396248626351e+00,3.302838478362436714e+00,2.373333258062166440e+00,1.791813179518069454e-01,2.969464603668106939e+00,5.061039655987626062e+00,4.592250904606124173e+00,4.346933691488988671e+00,3.867262902370789401e+00,3.842386712135814175e+00,4.409962836662804087e+00,4.840161749654082080e+00,4.543810706799814803e+00,3.987020753288703201e+00,2.105634154997891638e+00,5.846465576696696642e-01,4.469677957921150302e+00,5.577263045053401314e+00,5.157038169551247719e+00,4.470379055137529534e+00,3.802964214964807077e+00,4.226492530694825334e+00,4.157190915512523510e+00,4.052361262767866457e+00,3.946271141969015961e+00,2.342020446219538421e+00,5.838381828342006363e-01,7.270934669505282333e-01,3.020761468046970322e+00,2.670619091429083714e+00,2.506813216830444446e+00,3.861813247525105908e+00,4.407140498661616057e+00,3.627131251465665507e+00,2.935548005801102978e+00,2.721944411399275676e+00,1.081016990232642971e+00,2.413437595547064107e-01,1.334956424264191366e+00,1.896740676626623934e+00,1.087033438400038410e+00,9.618785180353393027e-01,1.594488188088877711e+00,2.231317565367485212e-01,1.235117913534114709e-10,2.779585810397652290e-01,6.902661460109836555e-02
1.893227877074849186e+00,5.779231684104154665e-01,6.364087640542411828e-01,4.341677023934617519e-01,1.891857771868008964e+00,9.558297636711181600e-01,3.370007671650081527e+00,2.701922320032493108e+00,2.149980921478648277e+00,3.100026249694047387e+00,4.203049210018450665e+00,2.485289367592522503e+00,9.434157624778864992e-01,3.644417841538343694e+00,3.717307655887581941e+00,2.843408301777904601e+00,3.545003952815032999e+00,4.378506524243248599e+00,3.955666915019008467e+00,3.914742882379575128e+00,3.078655586916753339e+00,1.126609962223172001e+00,6.673754975025341096e-01,1.310981443134025648e+00,4.181609319329163910e+00,3.777227839796119202e+00,3.567364967590299418e+00,3.200110211523800263e+00,3.495786044804872095e+00,3.368048967170828689e+00,4.324203923285440787e+00,4.365143920070543970e+00,3.302879748394069281e+00,2.373378519422953303e+00,1.791837689741924144e-01,2.969464641412481232e+00,5.061040123607688734e+00,4.592251168250502502e+00,4.346933896084602011e+00,3.867263629308218764e+00,3.842388351003110714e+00,4.409964091788085128e+00,4.840170421071132267e+00,4.543821062128587052e+00,3.987071228930271882e+00,2.105706689881733151e+00,5.846635001802253928e-01,4.469683275916582765e+00,5.577268554983727533e+00,5.157046422429470311e+00,4.470381885962842361e+00,3.802975489750170635e+00,4.226500277958675333e+00,4.157193584489660587e+00,4.052375401636395758e+00,3.946273105796199054e+00,2.342062161490220618e+00,5.838695329149381497e-01,7.270935218435281566e-01,3.020763516734270571e+00,2.670648852145527830e+00,2.506832794042000323e+00,3.861876466259548835e+00,4.407164222966732936e+00,3.627175786787432799e+00,2.935606917051510223e+00,2.721965976497801698e+00,1.081041358266376262e+00,2.413444072938228102e-01,1.334983054682542081e+00,1.896786782880768296e+00,1.087047661441918001e+00,9.893424405144575218e-01,1.594506604768451741e+00,2.231365143335324042e-01,1.364331584809310944e-10,2.779585900057426895e-01,6.952835113442745740e-02
1.893227972907412626e+00,5.779249402953285930e-01,6.364089029342170356e-01,4.341677023865851415e-01,1.891857790308749676e+00,9.558298199480819157e-01,3.370007812603309727e+00,2.701931275618971728e+00,2.149981048326773170e+00,3.100026295391954179e+00,4.203049284405173225e+00,2.485291211678695156e+00,9.434157624709813561e-01,3.644417873500773286e+00,3.717307777141401814e+00,2.843408657637770176e+00,3.545004950750136885e+00,4.378506682841739384e+00,3.955672791185143033e+00,3.914749035279211586e+00,3.078657115553241841e+00,1.126618440645319685e+00,6.673866612200006765e-01,1.310981725980412627e+00,4.181609831065503435e+00,3.777228412988725914e+00,3.567365414599384721e+00,3.200114524842851083e+00,3.495790578570177054e+00,3.368060746240141068e+00,4.324222897616372130e+00,4.365170205116131186e+00,3.302919160968036838e+00,2.373421743686662921e+00,1.791861096821177335e-01,2.969464677457796853e+00,5.061040570181098097e+00,4.592251420028655495e+00,4.346934091471659656e+00,3.867264323527858760e+00,3.842389916108948533e+00,4.409965290423142115e+00,4.840178702209840367e+00,4.543830951390511075e+00,3.987119432793495122e+00,2.105775960157856730e+00,5.846796801520182107e-01,4.469688354562515009e+00,5.577273816926056504e+00,5.157054303866712708e+00,4.470384589379757578e+00,3.802986257086328870e+00,4.226507676537933911e+00,4.157196133342766053e+00,4.052388904150740601e+00,3.946274981236321366e+00,2.342101999264191825e+00,5.838994720094716762e-01,7.270935742656540191e-01,3.020765473215177632e+00,2.670677273408834651e+00,2.506851490133620519e+00,3.861936839681983535e+00,4.407186879501953314e+00,3.627218317689270499e+00,2.935663176858696488e+00,2.721986571006752342e+00,1.081064629557672907e+00,2.413450258796142889e-01,1.335008486534537964e+00,1.896830814011548405e+00,1.087061244341320121e+00,1.015570283072659397e+00,1.594524192560688336e+00,2.231410579939172856e-01,1.504709602165010417e-10,2.806128228828837501e-01,7.000750581128205308e-02
1.893228064426524915e+00,5.779266324320057047e-01,6.364090355632867624e-01,4.341677023797411716e-01,1.891857807919242962e+00,9.558298736918889871e-01,3.370007947212324773e+00,2.701939828137391864e+00,2.149981169465523312e+00,3.100026339032843303e+00,4.203049355443667423e+00,2.485292972767040975e+00,9.434157624641109630e-01,3.644417904024380039e+00,3.717307892937625091e+00,2.843408997481028155e+00,3.545005903770496847e+00,4.378506834301850503e+00,3.955678402879963862e+00,3.914754911252472436e+00,3.078658575389479513e+00,1.126626537475339696e+00,6.673973224871470045e-01,1.310981996096341362e+00,4.181610319769644590e+00,3.777228960383141931e+00,3.567365841489475109e+00,3.200118644030297776e+00,3.495794908282158442e+00,3.368071995163730126e+00,4.324241017961468536e+00,4.365195307139520864e+00,3.302956799683724132e+00,2.373463022537783296e+00,1.791883450405641065e-01,2.969464711880538843e+00,5.061040996655124857e+00,4.592251660474667041e+00,4.346934278064637169e+00,3.867264986502275015e+00,3.842391410773155158e+00,4.409966435110469263e+00,4.840186610635639042e+00,4.543840395562065204e+00,3.987165467125261209e+00,2.105842112757838613e+00,5.846951319049700224e-01,4.469693204631464134e+00,5.577278842041699214e+00,5.157061830580589756e+00,4.470387171122615300e+00,3.802996539812274701e+00,4.226514742126007640e+00,4.157198567478326723e+00,4.052401798951572154e+00,3.946276772267471422e+00,2.342140044042742009e+00,5.839280636226663601e-01,7.270936243281286293e-01,3.020767341639678527e+00,2.670704415504346230e+00,2.506869344762253426e+00,3.861994495852563158e+00,4.407208516324856440e+00,3.627258934384953282e+00,2.935716904557289286e+00,2.722006238609872231e+00,1.081086853468091746e+00,2.413456166242147760e-01,1.335032773764578407e+00,1.896872863414928556e+00,1.087074215909427988e+00,1.040617678367090848e+00,1.594540988771684820e+00,2.231453971556439930e-01,1.657210762395111268e-10,2.860694719366162486e-01,7.046509498207167987e-02
1.893228151826336969e+00,5.779282484097213457e-01,6.364091622228004175e-01,4.341677023729417773e-01,1.891857824736869143e+00,9.558299250165636085e-01,3.370008075762677802e+00,2.701947995728820384e+00,2.149981285151878474e+00,3.100026380709310470e+00,4.203049423284643815e+00,2.485294654593090957e+00,9.434157624572876433e-01,3.644417933173934809e+00,3.717308003521897497e+00,2.843409322028559671e+00,3.545006813897626063e+00,4.378506978944876060e+00,3.955683762006655613e+00,3.914760522763110817e+00,3.078659969522002271e+00,1.126634269887721640e+00,6.674075039179783175e-01,1.310982254054791518e+00,4.181610786478222153e+00,3.777229483140492228e+00,3.567366249166089354e+00,3.200122577823516945e+00,3.495799043124743211e+00,3.368082737802098769e+00,4.324258322756440620e+00,4.365219279385499362e+00,3.302992744377924339e+00,2.373502443534321049e+00,1.791904797910536251e-01,2.969464744753752328e+00,5.061041403934408045e+00,4.592251890098585143e+00,4.346934456259355706e+00,3.867265619637758611e+00,3.842392838166142965e+00,4.409967528278129656e+00,4.840194163123388016e+00,4.543849414675632303e+00,3.987209429570591990e+00,2.105905288000246234e+00,5.847098882143534349e-01,4.469697836411106628e+00,5.577283640989629809e+00,5.157069018536302174e+00,4.470389636667667865e+00,3.803006359739079301e+00,4.226521489709986312e+00,4.157200892059501385e+00,4.052414113390522488e+00,3.946278482688696521e+00,2.342176376523979364e+00,5.839553684011996593e-01,7.270936721371705769e-01,3.020769125970982572e+00,2.670730336004118577e+00,2.506886395799989842e+00,3.862049557067789074e+00,4.407229179330072633e+00,3.627297723027969933e+00,2.935768214110974217e+00,2.722025021024816027e+00,1.081108077137557855e+00,2.413461807807042725e-01,1.335055967889166695e+00,1.896913020283362616e+00,1.087086603660710526e+00,1.064537755242737527e+00,1.594557029028489836e+00,2.231495410226856380e-01,1.822963203285313514e-10,2.943807800362008842e-01,7.090208925400513784e-02
1.893228235292264028e+00,5.779297916562076143e-01,6.364092831814467388e-01,4.341677023661999479e-01,1.891857840797327883e+00,9.558299740310000070e-01,3.370008198527069787e+00,2.701955795717843500e+00,2.149981395631255232e+00,3.100026420509785385e+00,4.203049488072029938e+00,2.485296260724249695e+00,9.434157624505247197e-01,3.644417961011294782e+00,3.717308109128810933e+00,2.843409631968800699e+00,3.545007683062056270e+00,4.378507117077652389e+00,3.955688879932673263e+00,3.914765881713921925e+00,3.078661300907979737e+00,1.126641654283977445e+00,6.674172271087041031e-01,1.310982500402956274e+00,4.181611232181218440e+00,3.777229982369643579e+00,3.567366638493993047e+00,3.200126334566641528e+00,3.495802991868515619e+00,3.368092996941852046e+00,4.324274848707108987e+00,4.365242172702444634e+00,3.303027071294185379e+00,2.373540090293526195e+00,1.791925184617070010e-01,2.969464776147195728e+00,5.061041792882869039e+00,4.592252109387506387e+00,4.346934626433824889e+00,3.867266224277309927e+00,3.842394201315634472e+00,4.409968572244910234e+00,4.840201375692957164e+00,4.543858027861992888e+00,3.987251413379762077e+00,2.105965619888272577e+00,5.847239803803130354e-01,4.469702259726100024e+00,5.577288223949089740e+00,5.157075882980498349e+00,4.470391991244700769e+00,3.803015737696155085e+00,4.226527933602430842e+00,4.157203112017071156e+00,4.052425873588198613e+00,3.946280116128060289e+00,2.342211073774000951e+00,5.839814442622004442e-01,7.270937177942198293e-01,3.020770829993927098e+00,2.670755089889039535e+00,2.506902679414399593e+00,3.862102140119913152e+00,4.407248912346640068e+00,3.627334765894265622e+00,2.935817214354227822e+00,2.722042958091636322e+00,1.081128345584352113e+00,2.413467195457667802e-01,1.335078118106182599e+00,1.896951369794984688e+00,1.087098433871282133e+00,1.087381251369454960e+00,1.594572347354672237e+00,2.231534983847704157e-01,2.003308034652680009e-10,3.054990901784779278e-01,7.131941554985125886e-02
1.893228315001377338e+00,5.779312654449253461e-01,6.364093986958233584e-01,4.341677023595300056e-01,1.891857856134713689e+00,9.558300208391933284e-01,3.370008315765931073e+00,2.701963244649313811e+00,2.149981501138026108e+00,3.100026458518720940e+00,4.203049549943277619e+00,2.485297794567365770e+00,9.434157624438366252e-01,3.644417987595535813e+00,3.717308209982400413e+00,2.843409927959205330e+00,3.545008513107433590e+00,4.378507248993209089e+00,3.955693767513855263e+00,3.914770999471988588e+00,3.078662572371488881e+00,1.126648706327431970e+00,6.674265126835461359e-01,1.310982735663403176e+00,4.181611657824060302e+00,3.777230459129557794e+00,3.567367010299033137e+00,3.200129922228258206e+00,3.495806762889321906e+00,3.368102794344030038e+00,4.324290630867261953e+00,4.365264035650182173e+00,3.303059853244532107e+00,2.373576042669254260e+00,1.791944653768484941e-01,2.969464806127490419e+00,5.061042164325552761e+00,4.592252318806601785e+00,4.346934788949041284e+00,3.867266801703484358e+00,3.842395503113083866e+00,4.409969569225234309e+00,4.840208263643202891e+00,4.543866253390902443e+00,3.987291507606093965e+00,2.106023236393975484e+00,5.847374382942562843e-01,4.469706483958919563e+00,5.577292600641181153e+00,5.157082438473618247e+00,4.470394239848118012e+00,3.803024693575438597e+00,4.226534087471732093e+00,4.157205232059894229e+00,4.052437104489590602e+00,3.946281676050337861e+00,2.342244209390359710e+00,5.840063465160997280e-01,7.270937613961522272e-01,3.020772457323004812e+00,2.670778729665453266e+00,2.506918230145244841e+00,3.862152356544673371e+00,4.407267757230963312e+00,3.627370141556758742e+00,2.935864009223170701e+00,2.722060087857290700e+00,1.081147701800601268e+00,2.413472340622287160e-01,1.335099271399238230e+00,1.896987993294283026e+00,1.087109731634639420e+00,1.109196620852528126e+00,1.594586976242490017e+00,2.231572776360261079e-01,2.199858094300967328e-10,3.192724642695910497e-01,7.171795907404629467e-02
1.893228391122781407e+00,5.779326729020072273e-01,6.364095090109812558e-01,4.341677023529477708e-01,1.891857870781589179e+00,9.558300655404601276e-01,3.370008427727971156e+00,2.701970358323445787e+00,2.149981601896016503e+00,3.100026494816769507e+00,4.203049609029655187e+00,2.485299259375955749e+00,9.434157624372397910e-01,3.644418012983076327e+00,3.717308306296620568e+00,2.843410210627639767e+00,3.545009305794427412e+00,4.378507374971386312e+00,3.955698435117447342e+00,3.914775886892792212e+00,3.078663786609505681e+00,1.126655440976446654e+00,6.674353803384867057e-01,1.310982960335181913e+00,4.181612064309624621e+00,3.777230914431537911e+00,3.567367365369889409e+00,3.200133348418310764e+00,3.495810364186033414e+00,3.368112150790267378e+00,4.324305702713008515e+00,4.365284914602987065e+00,3.303091159763910323e+00,2.373610376921348575e+00,1.791963246661785469e-01,2.969464834758260618e+00,5.061042519050371169e+00,4.592252518800112426e+00,4.346934944149757563e+00,3.867267353141116359e+00,3.842396746319810763e+00,4.409970521333864468e+00,4.840214841584423056e+00,4.543874108709841764e+00,3.987329797294851819e+00,2.106078259729723179e+00,5.847502905022580189e-01,4.469710518069763161e+00,5.577296780349487726e+00,5.157088698920774483e+00,4.470396387247544290e+00,3.803033246373585197e+00,4.226539964371104574e+00,4.157207256684901431e+00,4.052447829916976829e+00,3.946283165764367329e+00,2.342275853658175144e+00,5.840301279839505977e-01,7.270938030354857640e-01,3.020774011410032767e+00,2.670801305476529386e+00,2.506933080977745032e+00,3.862200312857873907e+00,4.407285753955602736e+00,3.627403925052007150e+00,2.935908697976028492e+00,2.722076446656342963e+00,1.081166186843469879e+00,2.413477254214828893e-01,1.335119472637336768e+00,1.897022968464642245e+00,1.087120520914887534e+00,1.130030137006658775e+00,1.594600946721811408e+00,2.231608867927852013e-01,2.414580407442633738e-10,3.354398481400723275e-01,7.209856519031661304e-02
1.893228463817971496e+00,5.779340170128897114e-01,6.364096143609447864e-01,4.341677023464706742e-01,1.891857884769053255e+00,9.558301082296494222e-01,3.370008534650710263e+00,2.701977151829328960e+00,2.149981698118981654e+00,3.100026529480957471e+00,4.203049665456524586e+00,2.485300658257105777e+00,9.434157624307516476e-01,3.644418037227798113e+00,3.717308398275798620e+00,2.843410480573713706e+00,3.545010062804467399e+00,4.378507495279434281e+00,3.955702892644096025e+00,3.914780554343239682e+00,3.078664946197623209e+00,1.126661872516147467e+00,6.674438488830447547e-01,1.310983174894883918e+00,4.181612452500155896e+00,3.777231349241372271e+00,3.567367704459747824e+00,3.200136620404240517e+00,3.495813803397516129e+00,3.368121086126874442e+00,4.324320096213789100e+00,4.365304853847951527e+00,3.303121057257681237e+00,2.373643165877395322e+00,1.791981002735336670e-01,2.969464862100269720e+00,5.061042857809774809e+00,4.592252709792286502e+00,4.346935092365209918e+00,3.867267879759914706e+00,3.842397933572856861e+00,4.409971430590384323e+00,4.840221123469345521e+00,4.543881610481030009e+00,3.987366363663635394e+00,2.106130806607423800e+00,5.847625642656101297e-01,4.469714370615553989e+00,5.577300771939763813e+00,5.157094677601249622e+00,4.470398437997936902e+00,3.803041414232260831e+00,4.226545576766273626e+00,4.157209190186625491e+00,4.052458072620461316e+00,3.946284588430065909e+00,2.342306073699218061e+00,5.840528391094700345e-01,7.270938428005765397e-01,3.020775495551471845e+00,2.670822865208625441e+00,2.506947263412541371e+00,3.862246110781320407e+00,4.407302940694059146e+00,3.627436188039368847e+00,2.935951375403672792e+00,2.722092069188034813e+00,1.081183839922248202e+00,2.413481946658036226e-01,1.335138764670044997e+00,1.897056369493120398e+00,1.087130824597570600e+00,1.149925990506274642e+00,1.594614288425932003e+00,2.231643335105886750e-01,2.649915328572150363e-10,3.536257578672812873e-01,7.246204121479755955e-02
1.893228533241177347e+00,5.779353006286448435e-01,6.364097149692078403e-01,4.341677023401178670e-01,1.891857898126808379e+00,9.558301489973439757e-01,3.370008636760978948e+00,2.701983639576935214e+00,2.149981790011056937e+00,3.100026562584845102e+00,4.203049719343608714e+00,2.485301994178063190e+00,9.434157624243915130e-01,3.644418060381160895e+00,3.717308486115068256e+00,2.843410738370053092e+00,3.545010785743308190e+00,4.378507610172576392e+00,3.955707149548846502e+00,3.914785011723652897e+00,3.078666053595516594e+00,1.126668014588728006e+00,6.674519362801749622e-01,1.310983379797652448e+00,4.181612823219090558e+00,3.777231764481385756e+00,3.567368028287897452e+00,3.200139745126403756e+00,3.495817087818833269e+00,3.368129619306930778e+00,4.324333841900182662e+00,4.365323895678921318e+00,3.303149609142473686e+00,2.373674479087203526e+00,1.791997959652520678e-01,2.969464888211548192e+00,5.061043181322353313e+00,4.592252892188278146e+00,4.346935233909820617e+00,3.867268382676944505e+00,3.842399067390581457e+00,4.409972298923483969e+00,4.840227122622724920e+00,4.543888774616765325e+00,3.987401284274651569e+00,2.106180988486085148e+00,5.847742856186467497e-01,4.469718049768093948e+00,5.577304583878741617e+00,5.157100387196662084e+00,4.470400396449247360e+00,3.803049214476624584e+00,4.226550936561918270e+00,4.157211036666320858e+00,4.052467854326228469e+00,3.946285947065133470e+00,2.342334933614284687e+00,5.840745280660356586e-01,7.270938807758060562e-01,3.020776912895420718e+00,2.670843454592860322e+00,2.506960807532516267e+00,3.862289847458585612e+00,4.407319353901744563e+00,3.627466998953002175e+00,2.935992132030686097e+00,2.722106988589888310e+00,1.081200698481521005e+00,2.413486427905574272e-01,1.335157188418382601e+00,1.897088267227809544e+00,1.087140664538215562e+00,1.168926383119066825e+00,1.594627029654432482e+00,2.231676251004246769e-01,2.908954018659527130e-10,3.733344604843824022e-01,7.280915812845124846e-02
1.893228599539689361e+00,5.779365264720285333e-01,6.364098110492082405e-01,4.341677023339104990e-01,1.891857910883222527e+00,9.558301879300522552e-01,3.370008734275402595e+00,2.701989835327683664e+00,2.149981877767194849e+00,3.100026594198685981e+00,4.203049770805243668e+00,2.485303269972529705e+00,9.434157624181805923e-01,3.644418082492310251e+00,3.717308570000782186e+00,2.843410984563513821e+00,3.545011476144437346e+00,4.378507719894551897e+00,3.955711214861199920e+00,3.914789268488767515e+00,3.078667111152161073e+00,1.126673880222383684e+00,6.674596596843688223e-01,1.310983575478148921e+00,4.181613177252812896e+00,3.777232161032392455e+00,3.567368337541256818e+00,3.200142729212791526e+00,3.495820224416718691e+00,3.368137768430490731e+00,4.324346968928669099e+00,4.365342080486209753e+00,3.303176875980700533e+00,2.373704382970327487e+00,1.792014153381628061e-01,2.969464913147517482e+00,5.061043490274356849e+00,4.592253066375011628e+00,4.346935369083862355e+00,3.867268862958997744e+00,3.842400150177999851e+00,4.409973128175050050e+00,4.840232851769606270e+00,4.543895616313175623e+00,3.987434633199236522e+00,2.106228911808236681e+00,5.847854794239659704e-01,4.469721563331394698e+00,5.577308224252090163e+00,5.157105839817866411e+00,4.470402266755652221e+00,3.803056663652077951e+00,4.226556055126919453e+00,4.157212800040654521e+00,4.052477195782623554e+00,3.946287244551454076e+00,2.342362494619161684e+00,5.840952408588685474e-01,7.270939170417602959e-01,3.020778266448292282e+00,2.670863117302116230e+00,2.506973742066600508e+00,3.862331615661063644e+00,4.407335028393310594e+00,3.627496423147023030e+00,2.936031054307375321e+00,2.722121236507992759e+00,1.081216798280591140e+00,2.413490707463143703e-01,1.335174782961622508e+00,1.897118729328114206e+00,1.087150061608690654e+00,1.187071617221139075e+00,1.594639197433204814e+00,2.231707685442362032e-01,3.195714266482923075e-10,3.939436200418228728e-01,7.314065221241412840e-02
1.893228662854172351e+00,5.779376971432556021e-01,6.364099028047806028e-01,4.341677023278717740e-01,1.891857923065390246e+00,9.558302251103923952e-01,3.370008827400860163e+00,2.701995752223629754e+00,2.149981961573574907e+00,3.100026624389573104e+00,4.203049819950622101e+00,2.485304488346671725e+00,9.434157624121417562e-01,3.644418103608182857e+00,3.717308650110910939e+00,2.843411219676342139e+00,3.545012135472326076e+00,4.378507824678132820e+00,3.955715097204266506e+00,3.914793333667790698e+00,3.078668121110812450e+00,1.126679481858948506e+00,6.674670354780425363e-01,1.310983762351474402e+00,4.181613515352309740e+00,3.777232539735567496e+00,3.567368632875831391e+00,3.200145578993088602e+00,3.495823219844353513e+00,3.368145550782974951e+00,4.324359505143473115e+00,4.365359446842267843e+00,3.303202915609020796e+00,2.373732940956952753e+00,1.792029618272154567e-01,2.969464936961107249e+00,5.061043785321150068e+00,4.592253232721997591e+00,4.346935498174094192e+00,3.867269321624853706e+00,3.842401184231886813e+00,4.409973920104074629e+00,4.840238323062314052e+00,4.543902150082454128e+00,3.987466481174967825e+00,2.106274678225705799e+00,5.847961694251674336e-01,4.469724918758233301e+00,5.577311700781567794e+00,5.157111047030640272e+00,4.470404052884357604e+00,3.803063777559358538e+00,4.226560943318476760e+00,4.157214484050019365e+00,4.052486116804166372e+00,3.946288483641208433e+00,2.342388815174475614e+00,5.841150214226166204e-01,7.270939516754009180e-01,3.020779559081190779e+00,2.670881895043673460e+00,2.506986094450712965e+00,3.862371503984750376e+00,4.407349997416492471e+00,3.627524523034130866e+00,2.936068224793144221e+00,2.722134843164131901e+00,1.081232173469331981e+00,2.413494794408642674e-01,1.335191585620181698e+00,1.897147820408266128e+00,1.087159035741477098e+00,1.204400181283473703e+00,1.594650817571777957e+00,2.231737705097308899e-01,3.515591316117560217e-10,4.146973777676213335e-01,7.345722660974281226e-02
1.893228723318963524e+00,5.779388151255171469e-01,6.364099904305896560e-01,4.341677023220280596e-01,1.891857934699191279e+00,9.558302606172680571e-01,3.370008916334921611e+00,2.702001402815343400e+00,2.149982041608000660e+00,3.100026653221584994e+00,4.203049866884025931e+00,2.485305651884863742e+00,9.434157624063010950e-01,3.644418123773608187e+00,3.717308726615417225e+00,2.843411444207284422e+00,3.545012765125536980e+00,4.378507924745617785e+00,3.955718804813055378e+00,3.914797215883550230e+00,3.078669085613766843e+00,1.126684831380286855e+00,6.674740793062872157e-01,1.310983940814050897e+00,4.181613838234776281e+00,3.777232901394230513e+00,3.567368914918105371e+00,3.200148300512101862e+00,3.495826080455481488e+00,3.368152982871836620e+00,4.324371477135627195e+00,4.365376031583505068e+00,3.303227783261018402e+00,2.373760213622440052e+00,1.792044387127686711e-01,2.969464959702867723e+00,5.061044067088605658e+00,4.592253391582119981e+00,4.346935621454371734e+00,3.867269759647442573e+00,3.842402171745649575e+00,4.409974676390384651e+00,4.840243548106232474e+00,4.543908389783640978e+00,3.987496895755712867e+00,2.106318384815238698e+00,5.848063782972169333e-01,4.469728123165957356e+00,5.577315020841395743e+00,5.157116019880219504e+00,4.470405758624022674e+00,3.803070571288057256e+00,4.226565611505139763e+00,4.157216092266463825e+00,4.052494636313579868e+00,3.946289666962711440e+00,2.342413951109695081e+00,5.841339117145477600e-01,7.270939847502284614e-01,3.020780793536001596e+00,2.670899827647677860e+00,2.506997890885955815e+00,3.862409597038167330e+00,4.407364292722634858e+00,3.627551358217993904e+00,2.936103722331614652e+00,2.722147837419889527e+00,1.081246856660623479e+00,2.413498697411431693e-01,1.335207632034784986e+00,1.897175602174380193e+00,1.087167605971950168e+00,1.220948831511684984e+00,1.594661914718065177e+00,2.231766373645263091e-01,3.876730618328299397e-10,4.346988358641329375e-01,7.375955281691373711e-02
1.893228781062352262e+00,5.779398827902388902e-01,6.364100741125369165e-01,4.341677023164025040e-01,1.891857945809337860e+00,9.558302945260296335e-01,3.370009001266264015e+00,2.702006799088524147e+00,2.149982118040271839e+00,3.100026680755913588e+00,4.203049911705043939e+00,2.485306763055161294e+00,9.434157624006818121e-01,3.644418143031395552e+00,3.717308799676613429e+00,2.843411658632637007e+00,3.545013366439684788e+00,4.378508020309300086e+00,3.955722345551937913e+00,3.914800923370782559e+00,3.078670006706901052e+00,1.126689940133486889e+00,6.674808061100439005e-01,1.310984111244457351e+00,4.181614146585126868e+00,3.777233246775544728e+00,3.567369184266364179e+00,3.200150899542574479e+00,3.495828812317878231e+00,3.368160080461568562e+00,4.324382910299367389e+00,4.365391869888417098e+00,3.303251531684352482e+00,2.373786258815806072e+00,1.792058491275319021e-01,2.969464981421073624e+00,5.061044336174426839e+00,4.592253543292378559e+00,4.346935739186225334e+00,3.867270177955902444e+00,3.842403114813973009e+00,4.409975398638199984e+00,4.840248537984416011e+00,4.543914348652014823e+00,3.987525941454908907e+00,2.106360124284402335e+00,5.848161276945318399e-01,4.469731183351582260e+00,5.577318191473904285e+00,5.157120768914721154e+00,4.470407387592786108e+00,3.803077059248620273e+00,4.226570069588794887e+00,4.157217628101266271e+00,4.052502772381921581e+00,3.946290797025983732e+00,2.342437955741544453e+00,5.841519518035327430e-01,7.270940163364348896e-01,3.020781972431206164e+00,2.670916953151623030e+00,2.507009156394186089e+00,3.862445975621823901e+00,4.407377944634034428e+00,3.627576985619671124e+00,2.936137622217856791e+00,2.722160246837860509e+00,1.081260878999518837e+00,2.413502424750661735e-01,1.335222956242055448e+00,1.897202133555333514e+00,1.087175790478747128e+00,1.236752669806358007e+00,1.594672512410635346e+00,2.231793751896425371e-01,4.286509787402026197e-10,4.538000801937852047e-01,7.404827210783326841e-02
1.893228836206856114e+00,5.779409024021168184e-01,6.364101540281585923e-01,4.341677023110189215e-01,1.891857956419431996e+00,9.558303269086381171e-01,3.370009082375074794e+00,2.702011952489426605e+00,2.149982191032547618e+00,3.100026707050999253e+00,4.203049954508782271e+00,2.485307824214540773e+00,9.434157623953077776e-01,3.644418161422428692e+00,3.717308869449508002e+00,2.843411863407260487e+00,3.545013940690274534e+00,4.378508111571917993e+00,3.955725726931332620e+00,3.914804463993600159e+00,3.078670886344012647e+00,1.126694818954935506e+00,6.674872301578016476e-01,1.310984274004235228e+00,4.181614441057448950e+00,3.777233576612145427e+00,3.567369441491967219e+00,3.200153381597434787e+00,3.495831421226226254e+00,3.368166858607145375e+00,4.324393828886003099e+00,4.365406995352206998e+00,3.303274211252648751e+00,2.373811131782434192e+00,1.792071960632209415e-01,2.969465002161828515e+00,5.061044593149415682e+00,4.592253688174606552e+00,4.346935851619412539e+00,3.867270577437553758e+00,3.842404015437268505e+00,4.409976088379541359e+00,4.840253303281102149e+00,4.543920039327171700e+00,3.987553679882414048e+00,2.106399985168236455e+00,5.848254382969209075e-01,4.469734105806207225e+00,5.577321219404463903e+00,5.157125304207521133e+00,4.470408943245944400e+00,3.803083255202917456e+00,4.226574327025670819e+00,4.157219094812174554e+00,4.052510542266919202e+00,3.946291876228076756e+00,2.342460879987100952e+00,5.841691799550468023e-01,7.270940465010550247e-01,3.020783098267434852e+00,2.670933307881033336e+00,2.507019914871093214e+00,3.862480716899608701e+00,4.407390982108262634e+00,3.627601459598353006e+00,2.936169996358105383e+00,2.722172097740118701e+00,1.081274270229313883e+00,2.413505984332873500e-01,1.335237590746715997e+00,1.897227470827767659e+00,1.087183606622331933e+00,1.251845218223412770e+00,1.594682633128647442e+00,2.231819897924098017e-01,4.754487199662174604e-10,4.720416269758873629e-01,7.432399689433784318e-02
1.893228888869479487e+00,5.779418761239204505e-01,6.364102303470021704e-01,4.341677023059017926e-01,1.891857966552014991e+00,9.558303578338173123e-01,3.370009159833432300e+00,2.702016873949141029e+00,2.149982260739690343e+00,3.100026732162653342e+00,4.203049995386070492e+00,2.485308837613899868e+00,9.434157623902035272e-01,3.644418178985753709e+00,3.717308936082134974e+00,2.843412058965545608e+00,3.545014489095404286e+00,4.378508198727088185e+00,3.955728956123634177e+00,3.914807845262175512e+00,3.078671726390965535e+00,1.126699478193303516e+00,6.674933650758634318e-01,1.310984429438655896e+00,4.181614722276393081e+00,3.777233891603696936e+00,3.567369687140561130e+00,3.200155751941490045e+00,3.495833912714406022e+00,3.368173331685959671e+00,4.324404256055356832e+00,4.365421440058049996e+00,3.303295870072347817e+00,2.373834885281257634e+00,1.792084823769034829e-01,2.969465021969161178e+00,5.061044838558686365e+00,4.592253826536154548e+00,4.346935958992453664e+00,3.867270958939783121e+00,3.842404875525914143e+00,4.409976747077479331e+00,4.840257854104158319e+00,4.543925473879831145e+00,3.987580169875185820e+00,2.106438052017048257e+00,5.848343298534488532e-01,4.469736896728786490e+00,5.577324111055759204e+00,5.157129635378616683e+00,4.470410428883281995e+00,3.803089172293435016e+00,4.226578392846398025e+00,4.157220495510315139e+00,4.052517962449576849e+00,3.946292906858158478e+00,2.342482772471797148e+00,5.841856327123351456e-01,7.270940753081076569e-01,3.020784173432772945e+00,2.670948926526516942e+00,2.507030189136883802e+00,3.862513894562464856e+00,4.407403432799585019e+00,3.627624832066664862e+00,2.936200913422281289e+00,2.722183415264051831e+00,1.081287058754636821e+00,2.413509383708767053e-01,1.335251566590536454e+00,1.897251667735458058e+00,1.087191070981819774e+00,1.266258490078485011e+00,1.594692298339532632e+00,2.231844867187867953e-01,5.293472097457539587e-10,4.894621689500655015e-01,7.458731202521139136e-02
1.893228939161963442e+00,5.779428060210801688e-01,6.364103032309860186e-01,4.341677023010762082e-01,1.891857976228615845e+00,9.558303873671997186e-01,3.370009233805672189e+00,2.702021573906780105e+00,2.149982327309594599e+00,3.100026756144176332e+00,4.203050034423649883e+00,2.485309805402829753e+00,9.434157623853941521e-01,3.644418195758660772e+00,3.717308999715866147e+00,2.843412245722334308e+00,3.545015012818350630e+00,4.378508281959715198e+00,3.955732039978428816e+00,3.914811074348667930e+00,3.078672528629648575e+00,1.126703927731496302e+00,6.674992238772488040e-01,1.310984577877452484e+00,4.181614990838498969e+00,3.777234192418374104e+00,3.567369921733235305e+00,3.200158015602593498e+00,3.495836292067234119e+00,3.368179513428315452e+00,4.324414213924887562e+00,4.365435234645137719e+00,3.303316554084744450e+00,2.373857569696667280e+00,1.792097107970594128e-01,2.969465040885122420e+00,5.061045072922822463e+00,4.592253958670541536e+00,4.346936061533131834e+00,3.867271323271837424e+00,3.842405696904309664e+00,4.409977376129235793e+00,4.840262200106527857e+00,4.543930663837444150e+00,3.987605467622083122e+00,2.106474405575755160e+00,5.848428212243261815e-01,4.469739562039276137e+00,5.577326872561404691e+00,5.157133771615038498e+00,4.470411847656070137e+00,3.803094823071149211e+00,4.226582275675163203e+00,4.157221833166792280e+00,4.052525048669131102e+00,3.946293891102369500e+00,2.342503679632562896e+00,5.842013449739266173e-01,7.270941028187319910e-01,3.020785200207825039e+00,2.670963842217347395e+00,2.507040000984688710e+00,3.862545578984696526e+00,4.407415323117623629e+00,3.627647152600779634e+00,2.936230438989650970e+00,2.722194223415679737e+00,1.081299271701698261e+00,2.413512630089216515e-01,1.335264913418177546e+00,1.897274775603311925e+00,1.087198199390142728e+00,1.280023057851190194e+00,1.594701528544529623e+00,2.231868712651239872e-01,5.921286024086752595e-10,5.060986574080518219e-01,7.483877602672697749e-02
1.893228987191020174e+00,5.779436940660686028e-01,6.364103728347428879e-01,4.341677022965678145e-01,1.891857985469795222e+00,9.558304155714654193e-01,3.370009304448735143e+00,2.702026062331619016e+00,2.149982390883498518e+00,3.100026779046472836e+00,4.203050071704359070e+00,2.485310729634176763e+00,9.434157623809051874e-01,3.644418211776763172e+00,3.717309060485713967e+00,2.843412424073798128e+00,3.545015512970035143e+00,4.378508361446381336e+00,3.955734985037020923e+00,3.914814158102438491e+00,3.078673294761752999e+00,1.126708177007616829e+00,6.675048189892962558e-01,1.310984719635519546e+00,4.181615247313458461e+00,3.777234479694281166e+00,3.567370145767628120e+00,3.200160177382309179e+00,3.495838564331672504e+00,3.368185416946551936e+00,4.324423723616607873e+00,4.365448408373675093e+00,3.303336307163434959e+00,2.373879233145383072e+00,1.792108839293680145e-01,2.969465058949870340e+00,5.061045296738976518e+00,4.592254084858075736e+00,4.346936159458981486e+00,3.867271671206543360e+00,3.842406481314742717e+00,4.409977976869149607e+00,4.840266350506698956e+00,4.543935620208641168e+00,3.987629626783050885e+00,2.106509122955154911e+00,5.848509304209149606e-01,4.469742107391192931e+00,5.577329509778960137e+00,5.157137721690333798e+00,4.470413202573750411e+00,3.803100219522152159e+00,4.226585983748002207e+00,4.157223110618986972e+00,4.052531815956438521e+00,3.946294831048458018e+00,2.342523645816320332e+00,5.842163500676578192e-01,7.270941290913170985e-01,3.020786180770553830e+00,2.670978086591738521e+00,2.507049371226786061e+00,3.862575837373243726e+00,4.407426678283370869e+00,3.627668468545576896e+00,2.936258635687927665e+00,2.722204545120573194e+00,1.081310934975828530e+00,2.413515730360562550e-01,1.335277659540070161e+00,1.897296843446236059e+00,1.087205006967633780e+00,1.293168118033273251e+00,1.594710343322169654e+00,2.231891484893979705e-01,6.663901461125913586e-10,5.219863805642579457e-01,7.507892228735353612e-02
1.893229033058561939e+00,5.779445421425840612e-01,6.364104393059472065e-01,4.341677022924027574e-01,1.891857994295190970e+00,9.558304425064748644e-01,3.370009371912499940e+00,2.702030348744243859e+00,2.149982451596286648e+00,3.100026800918156411e+00,4.203050107307312544e+00,2.485311612268394921e+00,9.434157623767625012e-01,3.644418227074072814e+00,3.717309118520614408e+00,2.843412594398279758e+00,3.545015990611381618e+00,4.378508437355724148e+00,3.955737797546310386e+00,3.914817103064578419e+00,3.078674026412383746e+00,1.126712235034984300e+00,6.675101622800232448e-01,1.310984855013580086e+00,4.181615492245323473e+00,3.777234754040804443e+00,3.567370359718982087e+00,3.200162241866096657e+00,3.495840734327534172e+00,3.368191054762858183e+00,4.324432805301882787e+00,4.365460989186940033e+00,3.303355171207380980e+00,2.373899921578518590e+00,1.792120042622349363e-01,2.969465076201756926e+00,5.061045510481926080e+00,4.592254205366451458e+00,4.346936252977745774e+00,3.867272003481943887e+00,3.842407230421088116e+00,4.409978550571503675e+00,4.840270314108263250e+00,4.543940353506584984e+00,3.987652698602939694e+00,2.106542277795487639e+00,5.848586746439324857e-01,4.469744538183602067e+00,5.577332028302352640e+00,5.157141493983173675e+00,4.470414496510317193e+00,3.803105373093073283e+00,4.226589524930267849e+00,4.157224330576581472e+00,4.052538278665856808e+00,3.946295728690210058e+00,2.342542713374053509e+00,5.842306798213657837e-01,7.270941541816251519e-01,3.020787117200898209e+00,2.670991689863948082e+00,2.507058319738749042e+00,3.862604733910237176e+00,4.407437522382688933e+00,3.627688825115066074e+00,2.936285563326114012e+00,2.722214402272484346e+00,1.081322073316426824e+00,2.413518691099218738e-01,1.335289831992466203e+00,1.897317918073102350e+00,1.087211508154099837e+00,1.305721553058164508e+00,1.594718761369805282e+00,2.231913232219398524e-01,7.561661288867228555e-10,5.371590384041645683e-01,7.530826018914203723e-02
1.893229076861914439e+00,5.779453520495461127e-01,6.364105027856287178e-01,4.341677022886074044e-01,1.891858002723557863e+00,9.558304682293962129e-01,3.370009436340100972e+00,2.702034442236744383e+00,2.149982509576773282e+00,3.100026821805654809e+00,4.203050141308062315e+00,2.485312455177705271e+00,9.434157623729927389e-01,3.644418241683073045e+00,3.717309173943702305e+00,2.843412757057095508e+00,3.545016446755563599e+00,4.378508509848792585e+00,3.955740483472040658e+00,3.914819915481781987e+00,3.078674725133504264e+00,1.126716110421253303e+00,6.675152650832993917e-01,1.310984984298823486e+00,4.181615726153661505e+00,3.777235016039903304e+00,3.567370564041150161e+00,3.200164213433036586e+00,3.495842806657705193e+00,3.368196438835834083e+00,4.324441478244218651e+00,4.365473003770559579e+00,3.303373186229780156e+00,2.373919678879047090e+00,1.792130741720702192e-01,2.969465092677409768e+00,5.061045714605083568e+00,4.592254320451317540e+00,4.346936342287817112e+00,3.867272320802866759e+00,3.842407945812334358e+00,4.409979098453232993e+00,4.840274099318585321e+00,4.543944873771268433e+00,3.987674732020201951e+00,2.106573940422636682e+00,5.848660703199365374e-01,4.469746859572574671e+00,5.577334433473740916e+00,5.157145096495130865e+00,4.470415732210415882e+00,3.803110294715359885e+00,4.226592906733317001e+00,4.157225495627302259e+00,4.052544450505692453e+00,3.946296585931677203e+00,2.342560922750639651e+00,5.842443646303989713e-01,7.270941781429098860e-01,3.020788011485185276e+00,2.671004680888369620e+00,2.507066865501602848e+00,3.862632329889136518e+00,4.407447878417399600e+00,3.627708265488291506e+00,2.936311279021364129e+00,2.722223815779784672e+00,1.081332710349437454e+00,2.413521518585619030e-01,1.335301456594785607e+00,1.897338044186037020e+00,1.087217716739448781e+00,1.317709990443277634e+00,1.594726800543269984e+00,2.231934000756808645e-01,8.683471330566039414e-10,5.516488141653804744e-01,7.552727618819091160e-02
1.893229118694024882e+00,5.779461255049107571e-01,6.364105634084711305e-01,4.341677022852083456e-01,1.891858010772808907e+00,9.558304927948256813e-01,3.370009497868232007e+00,2.702038351492000334e+00,2.149982564947975128e+00,3.100026841753306783e+00,4.203050173778763110e+00,2.485313260150065595e+00,9.434157623696222128e-01,3.644418255634786163e+00,3.717309226872572037e+00,2.843412912395300474e+00,3.545016882370158218e+00,4.378508579079385399e+00,3.955743048511453974e+00,3.914822601319597251e+00,3.078675392407229872e+00,1.126719811386671433e+00,6.675201382228872493e-01,1.310985107765515689e+00,4.181615949534656984e+00,3.777235266247348289e+00,3.567370759167561634e+00,3.200166096265120164e+00,3.495844785717908909e+00,3.368201580585853616e+00,4.324449760840122003e+00,4.365484477609109071e+00,3.303390390442940472e+00,2.373938546954883044e+00,1.792140959283287371e-01,2.969465108411808885e+00,5.061045909541453725e+00,4.592254430356813799e+00,4.346936427578662610e+00,3.867272623842416213e+00,3.842408629005954701e+00,4.409979621676500372e+00,4.840277714166635548e+00,4.543949190590811149e+00,3.987695773770698171e+00,2.106604177997299931e+00,5.848731331361681773e-01,4.469749076482120387e+00,5.577336730394850228e+00,5.157148536867647515e+00,4.470416912295162248e+00,3.803114994828463935e+00,4.226596136330438291e+00,4.157226608242408972e+00,4.052550344567277030e+00,3.946297404591215585e+00,2.342578312570635646e+00,5.842574335220901416e-01,7.270942010260293964e-01,3.020788865520343425e+00,2.671017087220736830e+00,2.507075026642087145e+00,3.862658683844740981e+00,4.407457768354071881e+00,3.627726830900921851e+00,2.936335837320136921e+00,2.722232805609813955e+00,1.081342868637461541e+00,2.413524218817537925e-01,1.335312558004383643e+00,1.897357264475238781e+00,1.087223645892940960e+00,1.329158859270487936e+00,1.594734477894752755e+00,2.231953834559368688e-01,1.016732148248242111e-09,5.654864426020389523e-01,7.573643484648273638e-02
1.893229158643658705e+00,5.779468641493150649e-01,6.364106213030978898e-01,4.341677022822322818e-01,1.891858018460051527e+00,9.558305162549035616e-01,3.370009556627434844e+00,2.702042084802098287e+00,2.149982617827373765e+00,3.100026860803457129e+00,4.203050204788322475e+00,2.485314028892965155e+00,9.434157623666775683e-01,3.644418268958839136e+00,3.717309277419527103e+00,2.843413060742421727e+00,3.545017298379192550e+00,4.378508645194385984e+00,3.955745498105375457e+00,3.914825166275079482e+00,3.078676029648971912e+00,1.126723345781515562e+00,6.675247920354004938e-01,1.310985225675579180e+00,4.181616162862163755e+00,3.777235505193894838e+00,3.567370945512137848e+00,3.200167894356118481e+00,3.495846675706031359e+00,3.368206490919291696e+00,4.324457670658119923e+00,4.365495435040170236e+00,3.303406820339332750e+00,2.373956565827775478e+00,1.792150716983238468e-01,2.969465123438360887e+00,5.061046095704555547e+00,4.592254535316095954e+00,4.346936509031219309e+00,3.867272913243401611e+00,3.842409281451125480e+00,4.409980121351163795e+00,4.840281166320025363e+00,4.543953313121797954e+00,3.987715868486828352e+00,2.106633054657446102e+00,5.848798780738263536e-01,4.469751193614632356e+00,5.577338923937788628e+00,5.157151822398243546e+00,4.470418039267705090e+00,3.803119483401984802e+00,4.226599220572072824e+00,4.157227670781937334e+00,4.052555973352735208e+00,3.946298186405342356e+00,2.342594919720207614e+00,5.842699142173267690e-01,7.270942228795534978e-01,3.020789681117926673e+00,2.671028935176570140e+00,2.507082820471104867e+00,3.862683851677351843e+00,4.407467213170618514e+00,3.627744560732713897e+00,2.936359290313896420e+00,2.722241390831234842e+00,1.081352569727617174e+00,2.413526797522810574e-01,1.335323159768851076e+00,1.897375619709531280e+00,1.087229308191122179e+00,1.340092444124581395e+00,1.594741809708967839e+00,2.231972775697524669e-01,1.239815010034205849e-09,5.787012751770129748e-01,7.593617981728048583e-02
1.893229196795586766e+00,5.779475695495563947e-01,6.364106765923449593e-01,4.341677022797062468e-01,1.891858025801624876e+00,9.558305386594249109e-01,3.370009612742378202e+00,2.702045650085921569e+00,2.149982668327165225e+00,3.100026878996545943e+00,4.203050234402549989e+00,2.485314763037043573e+00,9.434157623641854507e-01,3.644418281683527994e+00,3.717309325691816824e+00,2.843413202413155982e+00,3.545017695665109159e+00,4.378508708334063471e+00,3.955747837449754556e+00,3.914827615788876169e+00,3.078676638210437577e+00,1.126726721102742079e+00,6.675292363922297190e-01,1.310985338279148982e+00,4.181616366588707834e+00,3.777235733386413497e+00,3.567371123470173266e+00,3.200169611520054858e+00,3.495848480631021715e+00,3.368211180251655890e+00,4.324465224476028880e+00,4.365505899305954784e+00,3.303422510768997178e+00,2.373973773718197844e+00,1.792160035518250705e-01,2.969465137788969145e+00,5.061046273489296254e+00,4.592254635551825004e+00,4.346936586818282322e+00,3.867273189619703011e+00,3.842409904531800535e+00,4.409980598537130980e+00,4.840284463101265366e+00,4.543957250108698886e+00,3.987735058792203802e+00,2.106660631654359239e+00,5.848863194398453702e-01,4.469753215460861462e+00,5.577341018755387125e+00,5.157154960055999382e+00,4.470419115518532216e+00,3.803123769956817668e+00,4.226602166000341221e+00,4.157228685499704923e+00,4.052561348801505758e+00,3.946298933032419853e+00,2.342610779425372769e+00,5.842818331893513406e-01,7.270942437498670863e-01,3.020790460007956035e+00,2.671040249886997842e+00,2.507090263520440399e+00,3.862707886771341137e+00,4.407476232900789270e+00,3.627761492591046188e+00,2.936381687749604730e+00,2.722249589654479607e+00,1.081361834197242633e+00,2.413529260171484170e-01,1.335333284375963103e+00,1.897393148822839271e+00,1.087234715644501026e+00,1.350533936604096263e+00,1.594748811537697097e+00,2.231990864348250558e-01,2.529018054509045290e-09,5.913213423201537644e-01,7.612693478617761633e-02
1.893229233230761421e+00,5.779482432019090732e-01,6.364107293935152843e-01,4.341677022776515571e-01,1.891858032813127588e+00,9.558305600559392490e-01,3.370009666332114406e+00,2.702049054905938608e+00,2.149982716554491358e+00,3.100026896371190333e+00,4.203050262684287830e+00,2.485315464139546737e+00,9.434157623621677313e-01,3.644418293835869349e+00,3.717309371791859718e+00,2.843413337708030397e+00,3.545018075070627273e+00,4.378508768632372039e+00,3.955750071506679344e+00,3.914829955056761346e+00,3.078677219382493835e+00,1.126729944509882841e+00,6.675334807204704735e-01,1.310985445815099126e+00,4.181616561146445754e+00,3.777235951308957063e+00,3.567371293419165035e+00,3.200171251399286376e+00,3.495850204321393484e+00,3.368215658529674972e+00,4.324472438316533385e+00,4.365515892602597425e+00,3.303437495013458403e+00,2.373990207126412066e+00,1.792168934654330137e-01,2.969465151494099064e+00,5.061046443272807061e+00,4.592254731276637969e+00,4.346936661104863653e+00,3.867273453557564800e+00,3.842410499569640425e+00,4.409981054246602028e+00,4.840287611503296894e+00,4.543961009902416137e+00,3.987753385392053485e+00,2.106686967482553907e+00,5.848924708972307318e-01,4.469755146309440264e+00,5.577343019291061132e+00,5.157157956496330797e+00,4.470420143330536611e+00,3.803127863585342272e+00,4.226604978862915196e+00,4.157229654548086017e+00,4.052566482315658192e+00,3.946299646056167010e+00,2.342625925326707659e+00,5.842932157199000054e-01,7.270942636812649518e-01,3.020791203842585482e+00,2.671051055352056558e+00,2.507097371577819978e+00,3.862730840108385078e+00,4.407484846676664070e+00,3.627777662390680113e+00,2.936403077135234074e+00,2.722257419470368145e+00,1.081370681697533698e+00,2.413531611987362879e-01,1.335342953301370539e+00,1.897409888996762550e+00,1.087239879723015168e+00,1.360505484513553354e+00,1.594755498232767410e+00,2.232008138880135495e-01,1.480802249886933007e-03,6.033734128837425770e-01,7.630910436969684518e-02
1.893229268026491718e+00,5.779488865353045179e-01,6.364107798186330323e-01,4.341677022760890847e-01,1.891858039509457523e+00,9.558305804898563629e-01,3.370009717510338731e+00,2.702052306484250987e+00,2.149982762611671649e+00,3.100026912964267911e+00,4.203050289693551989e+00,2.485316133687632600e+00,9.434157623606452825e-01,3.644418305441665229e+00,3.717309415817465101e+00,2.843413466914047838e+00,3.545018437400538236e+00,4.378508826217236027e+00,3.955752205014908096e+00,3.914832189040660992e+00,3.078677774397909683e+00,1.126733022840237686e+00,6.675375340229295906e-01,1.310985548511552912e+00,4.181616746948084717e+00,3.777236159423792206e+00,3.567371455719621665e+00,3.200172817472239917e+00,3.495851850433348229e+00,3.368219935252400710e+00,4.324479327481180135e+00,4.365525436127244419e+00,3.303451804856325946e+00,2.374005900909896827e+00,1.792177433267867770e-01,2.969465164582844707e+00,5.061046605415245203e+00,4.592254822693599969e+00,4.346936732048551022e+00,3.867273705616846247e+00,3.842411067826823068e+00,4.409981489446219705e+00,4.840290618204327266e+00,4.543964600477997884e+00,3.987770887159567845e+00,2.106712118003856826e+00,5.848983454940515081e-01,4.469756990255978835e+00,5.577344929788238481e+00,5.157160818075110065e+00,4.470421124883866781e+00,3.803131772970712809e+00,4.226607665126275393e+00,4.157230579982584828e+00,4.052571384784084962e+00,3.946300326989024665e+00,2.342640389550712854e+00,5.843040859528439990e-01,7.270942827160488120e-01,3.020791914199611572e+00,2.671061374491602969e+00,2.507104159720407122e+00,3.862752760375605554e+00,4.407493072769238296e+00,3.627793104429946069e+00,2.936423503840546179e+00,2.722264896887004237e+00,1.081379130995236970e+00,2.413533857959142548e-01,1.335352187054160256e+00,1.897425875739454426e+00,1.087244811380370768e+00,1.370028238842226909e+00,1.594761883977563244e+00,2.232024635934898860e-01,5.867714841137877668e-03,6.148830509238149000e-01,7.648307497365371133e-02
1.893229301256609265e+00,5.779495009143635897e-01,6.364108279746822916e-01,4.341677022750407011e-01,1.891858045904843300e+00,9.558306000045443396e-01,3.370009766385631433e+00,2.702055411717914524e+00,2.149982806596422602e+00,3.100026928810999838e+00,4.203050315487656619e+00,2.485316773101528209e+00,9.434157623596405307e-01,3.644418316525559032e+00,3.717309457862042255e+00,2.843413590305295280e+00,3.545018783423414366e+00,4.378508881210823489e+00,3.955754242499921247e+00,3.914834322479178397e+00,3.078678304433971391e+00,1.126735962623379494e+00,6.675414048972231340e-01,1.310985646586367848e+00,4.181616924387755674e+00,3.777236358172382236e+00,3.567371610715827313e+00,3.200174313060788034e+00,3.495853422458533810e+00,3.368224019491359744e+00,4.324485906582832051e+00,4.365534550123014057e+00,3.303465470650711389e+00,2.374020888357288861e+00,1.792185549385710563e-01,2.969465177082991847e+00,5.061046760260559552e+00,4.592254909996639434e+00,4.346936799799839157e+00,3.867273946332210333e+00,3.842411610508718933e+00,4.409981905059123797e+00,4.840293489581997122e+00,4.543968029451558088e+00,3.987787601218358180e+00,2.106736136565901862e+00,5.849039556911196369e-01,4.469758751211757364e+00,5.577346754299363774e+00,5.157163550862150281e+00,4.470422062260547946e+00,3.803135506405279642e+00,4.226610230488367925e+00,4.157231463766190238e+00,4.052576066605599436e+00,3.946300977275362776e+00,2.342654202777961991e+00,5.843144669454047868e-01,7.270943008946179065e-01,3.020792592585817449e+00,2.671071229193931806e+00,2.507110642346781493e+00,3.862773694068843966e+00,4.407500928627175796e+00,3.627807851463498157e+00,2.936443011193329067e+00,2.722272037765006925e+00,1.081387200012459138e+00,2.413536002851005557e-01,1.335361005220360386e+00,1.897441142960940130e+00,1.087249521077277681e+00,1.379122398628204405e+00,1.594767982317113919e+00,2.232040390505141969e-01,1.402509579274193244e-02,6.258746699247563772e-01,7.664921561278215112e-02
1.893229332991624547e+00,5.779500876422918321e-01,6.364108739638341117e-01,4.341677022745293879e-01,1.891858052012875380e+00,9.558306186414210481e-01,3.370009813061686454e+00,2.702058377193568450e+00,2.149982848602064678e+00,3.100026943945023206e+00,4.203050340121340156e+00,2.485317383737541963e+00,9.434157623591761244e-01,3.644418327111084821e+00,3.717309498014798042e+00,2.843413708143525565e+00,3.545019113873237870e+00,4.378508933729809094e+00,3.955756188283521269e+00,3.914836359897648332e+00,3.078678810614981387e+00,1.126738770095004227e+00,6.675451015540134758e-01,1.310985740247598175e+00,4.181617093841857091e+00,3.777236547976323244e+00,3.567371758736572751e+00,3.200175741337295765e+00,3.495854923731450459e+00,3.368227919909794199e+00,4.324492189576670143e+00,4.365543253921934763e+00,3.303478521383615085e+00,2.374035201258990924e+00,1.792193300223404728e-01,2.969465189021077478e+00,5.061046908137220690e+00,4.592254993370957550e+00,4.346936864502450426e+00,3.867274176214257064e+00,3.842412128766449886e+00,4.409982301966904217e+00,4.840296231726906484e+00,4.543971304096431574e+00,3.987803563021198539e+00,2.106759074115285735e+00,5.849093133884213369e-01,4.469760432912021741e+00,5.577348496694493285e+00,5.157166160654080400e+00,4.470422957448900725e+00,3.803139071808177896e+00,4.226612680390692489e+00,4.157232307773544910e+00,4.052580537710993802e+00,3.946301598294546409e+00,2.342667394308176387e+00,5.843243807170620530e-01,7.270943182555541506e-01,3.020793240440172500e+00,2.671080640362204051e+00,2.507116833207481577e+00,3.862793685591287218e+00,4.407508430913826381e+00,3.627821934771789270e+00,2.936461640571300880e+00,2.722278857251151596e+00,1.081394905864681233e+00,2.413538051212727742e-01,1.335369426504485313e+00,1.897455723045044618e+00,1.087254018803639255e+00,1.387807253803204244e+00,1.594773806186825515e+00,2.232055436008575089e-01,2.623557155087126447e-02,6.363715845833960438e-01,7.680787869345323537e-02
1.893229363298876589e+00,5.779506479636434824e-01,6.364109178836637737e-01,4.341677022745795145e-01,1.891858057846535379e+00,9.558306364400431798e-01,3.370009857637533468e+00,2.702061209201406911e+00,2.149982888717719920e+00,3.100026958398462984e+00,4.203050363646879006e+00,2.485317966890941310e+00,9.434157623592763775e-01,3.644418337220722393e+00,3.717309536360926536e+00,2.843413820678713844e+00,3.545019429450957826e+00,4.378508983885614825e+00,3.955758046492999558e+00,3.914838305617732939e+00,3.078679294014641687e+00,1.126741451210158118e+00,6.675486318344260317e-01,1.310985829693936067e+00,4.181617255669844546e+00,3.777236729238238944e+00,3.567371900095852588e+00,3.200177105331351690e+00,3.495856357436521566e+00,3.368231644781038536e+00,4.324498189789786728e+00,4.365551565985954063e+00,3.303490984737408542e+00,2.374048869974605847e+00,1.792200702221716790e-01,2.969465200422445772e+00,5.061047049358916361e+00,4.592255072993421727e+00,4.346936926293642145e+00,3.867274395750609717e+00,3.842412623699331231e+00,4.409982681011480388e+00,4.840298850455535096e+00,4.543974431358599908e+00,3.987818806425229123e+00,2.106780979305633128e+00,5.849144299503592492e-01,4.469762038923904335e+00,5.577350160669501733e+00,5.157168652986635848e+00,4.470423812347759096e+00,3.803142476742123801e+00,4.226615020029839798e+00,4.157233113794921664e+00,4.052584807584100446e+00,3.946302191363860956e+00,2.342679992122375765e+00,5.843338482962606717e-01,7.270943348357047364e-01,3.020793859136882809e+00,2.671089627958785240e+00,2.507122745434172018e+00,3.862812777347650606e+00,4.407515595542565556e+00,3.627835384227421578e+00,2.936479431489878333e+00,2.722285369810498512e+00,1.081402264897064924e+00,2.413540007389330944e-01,1.335377468769210152e+00,1.897469646918084285e+00,1.087258314099741607e+00,1.396101226109077054e+00,1.594779367939917591e+00,2.232069804358906284e-01,4.217681783811574187e-02,6.463960602625089535e-01,7.695940076116865314e-02
1.893229392242676390e+00,5.779511830669622485e-01,6.364109598273580692e-01,4.341677022752173376e-01,1.891858063418223601e+00,9.558306534381896258e-01,3.370009900207749265e+00,2.702063913748520285e+00,2.149982927028501134e+00,3.100026972202000852e+00,4.203050386114198567e+00,2.485318523798698553e+00,9.434157623599672693e-01,3.644418346875941683e+00,3.717309572981790655e+00,2.843413928149586933e+00,3.545019730825978765e+00,4.378509031784653338e+00,3.955759821069891213e+00,3.914840163766590386e+00,3.078679755658333850e+00,1.126744011655869793e+00,6.675520032266812898e-01,1.310985915115133738e+00,4.181617410214999886e+00,3.777236902342634650e+00,3.567372035093532734e+00,3.200178407936191682e+00,3.495857726614851391e+00,3.368235202006068629e+00,4.324503919949460595e+00,4.365559503946096598e+00,3.303502887148555001e+00,2.374061923497333026e+00,1.792207771081516243e-01,2.969465211311302699e+00,5.061047184225218487e+00,4.592255149032942185e+00,4.346936985304495238e+00,3.867274605406945565e+00,3.842413096357204072e+00,4.409983042996875824e+00,4.840301351322580103e+00,4.543977417871426283e+00,3.987833363763768180e+00,2.106801898600800360e+00,5.849193162298580440e-01,4.469763572653991268e+00,5.577351749753926669e+00,5.157171033146410011e+00,4.470424628770497399e+00,3.803145728429458305e+00,4.226617254368520094e+00,4.157233883540019548e+00,4.052588885281913633e+00,3.946302757741307232e+00,2.342692022942230778e+00,5.843428897650150278e-01,7.270943506702598480e-01,3.020794449988307040e+00,2.671098211047588045e+00,2.507128391567496450e+00,3.862831009834125862e+00,4.407522437710549745e+00,3.627848228358512284e+00,2.936496421685996339e+00,2.722291589257077149e+00,1.081409292719122339e+00,2.413541875530305081e-01,1.335385149073260891e+00,1.897482944114464942e+00,1.087262416076491656e+00,1.404021908172768729e+00,1.594784679373628000e+00,2.232083526033543375e-01,6.089576050045840405e-02,6.559693602185842076e-01,7.710410321441374393e-02
1.893229419884443709e+00,5.779516940873025144e-01,6.364109998839130311e-01,4.341677022764713900e-01,1.891858068739786347e+00,9.558306696719426343e-01,3.370009940862654929e+00,2.702066496571640108e+00,2.149982963615693965e+00,3.100026985384941813e+00,4.203050407570979807e+00,2.485319055642118080e+00,9.434157623612766663e-01,3.644418356097249845e+00,3.717309607955094908e+00,2.843414030784131796e+00,3.545020018637579984e+00,4.378509077528547344e+00,3.955761515778335902e+00,3.914841938285628764e+00,3.078680196525291457e+00,1.126746456863213952e+00,6.675552228819797707e-01,1.310985996692405786e+00,4.181617557805157759e+00,3.777237067656712632e+00,3.567372164015986336e+00,3.200179651914839773e+00,3.495859034170675894e+00,3.368238599130260802e+00,4.324509392210152292e+00,4.365567084639863538e+00,3.303514253863683248e+00,2.374074389515467232e+00,1.792214521797087512e-01,2.969465221710767100e+00,5.061047313022220884e+00,4.592255221650829888e+00,4.346937041660194900e+00,3.867274805627987533e+00,3.842413547742661084e+00,4.409983388690934092e+00,4.840303739632740410e+00,4.543980269969727814e+00,3.987847265914899797e+00,2.106821876373428992e+00,5.849239825913861157e-01,4.469765037355551307e+00,5.577353267318451380e+00,5.157173306182059491e+00,4.470425408448877036e+00,3.803148833767467707e+00,4.226619388146087175e+00,4.157234618641591162e+00,4.052592779453798144e+00,3.946303298628268674e+00,2.342703512286741674e+00,5.843515243015072747e-01,7.270943657928286008e-01,3.020795014247740884e+00,2.671106407834510588e+00,2.507133783583680664e+00,3.862848421724278669e+00,4.407528971930956274e+00,3.627860494409205216e+00,2.936512647198150638e+00,2.722297528783188092e+00,1.081416004237826689e+00,2.413543659598413327e-01,1.335392483707598998e+00,1.897495642839330809e+00,1.087266333434742105e+00,1.411586100822629364e+00,1.594789751754235985e+00,2.232096630138246940e-01,8.078006253732206154e-02,6.651117907040113852e-01,7.724229298638375651e-02
1.893229446282838069e+00,5.779521821086384126e-01,6.364110381383237813e-01,4.341677022783735906e-01,1.891858073822541231e+00,9.558306851757647493e-01,3.370009979688511681e+00,2.702068963149307557e+00,2.149982998556928759e+00,3.100026997975273702e+00,4.203050428062761412e+00,2.485319563549339694e+00,9.434157623632352108e-01,3.644418364904235652e+00,3.717309641355050598e+00,2.843414128800078711e+00,3.545020293496273567e+00,4.378509121214352540e+00,3.955763134213063914e+00,3.914843632938868723e+00,3.078680617550680232e+00,1.126748792018831269e+00,6.675582976296717819e-01,1.310986074598814888e+00,4.181617698753401946e+00,3.777237225531153708e+00,3.567372287136702180e+00,3.200180839905967023e+00,3.495860282877522263e+00,3.368241843359398580e+00,4.324514618179283509e+00,4.365574324146946239e+00,3.303525108993142112e+00,2.374086294471130731e+00,1.792220968687958105e-01,2.969465231642920422e+00,5.061047436023141444e+00,4.592255291001138495e+00,4.346937095480296165e+00,3.867274996838446555e+00,3.842413978813175479e+00,4.409983718826943289e+00,4.840306020451966340e+00,4.543982993703209239e+00,3.987860542366969074e+00,2.106840954999069648e+00,5.849284389329414413e-01,4.469766436135433452e+00,5.577354716582058280e+00,5.157175476915019097e+00,4.470426153036720862e+00,3.803151799343011064e+00,4.226621425888593464e+00,4.157235320658908329e+00,4.052596498359836374e+00,3.946303815172063079e+00,2.342714484526371432e+00,5.843597702207684597e-01,7.270943802355103180e-01,3.020795553112074927e+00,2.671114235706055329e+00,2.507138932919934060e+00,3.862865049951082153e+00,4.407535212063764085e+00,3.627872208397459719e+00,2.936528142442843770e+00,2.722303200987384209e+00,1.081422413689234308e+00,2.413545363378107600e-01,1.335399488229977338e+00,1.897507770028391105e+00,1.087270074483748905e+00,1.418809848725217426e+00,1.594794595840961726e+00,2.232109144468888695e-01,9.976943123312860540e-02,6.738427440393564005e-01,7.737426319603071811e-02
1.893229471493874660e+00,5.779526481661504400e-01,6.364110746717551725e-01,4.341677022809491970e-01,1.891858078677291166e+00,9.558306999825625372e-01,3.370010016767693628e+00,2.702071318713481496e+00,2.149983031926339105e+00,3.100027009999722249e+00,4.203050447633029485e+00,2.485320048597725595e+00,9.434157623658683267e-01,3.644418373315601034e+00,3.717309673252524593e+00,2.843414222405352021e+00,3.545020555985087363e+00,4.378509162934752119e+00,3.955764679807010076e+00,3.914845251320917097e+00,3.078681019627572457e+00,1.126751022075918263e+00,6.675612339917247340e-01,1.310986148999630840e+00,4.181617833358719061e+00,3.777237376300849547e+00,3.567372404716853573e+00,3.200181974429478160e+00,3.495861475384083317e+00,3.368244941574946694e+00,4.324519608941852944e+00,4.365581237823327854e+00,3.303535475562128454e+00,2.374097663616344889e+00,1.792227125428993983e-01,2.969465241128847133e+00,5.061047553488900341e+00,4.592255357230983215e+00,4.346937146878965486e+00,3.867275179443912858e+00,3.842414390483121611e+00,4.409984034105180584e+00,4.840308198618200386e+00,4.543985594849291765e+00,3.987873221281120539e+00,2.106859174946047464e+00,5.849326947070242477e-01,4.469767771960655445e+00,5.577356100618846568e+00,5.157177549949717665e+00,4.470426864113413501e+00,3.803154631446487244e+00,4.226623371918380556e+00,4.157235991081058124e+00,4.052600049888344103e+00,3.946304308468363775e+00,2.342724962934722210e+00,5.843676450134981382e-01,7.270943940289571472e-01,3.020796067724328182e+00,2.671121711266197796e+00,2.507143850498703141e+00,3.862880929785245332e+00,4.407541171345146225e+00,3.627883395170227399e+00,2.936542940287571124e+00,2.722308617901182171e+00,1.081428534668661179e+00,2.413546990483455557e-01,1.335406177497924674e+00,1.897519351405037247e+00,1.087273647158778944e+00,1.425708474418044158e+00,1.594799221908768772e+00,2.232121095570162861e-01,1.179041376337177371e-01,6.821807397467600786e-01,7.750029376971505346e-02
1.893229495571050691e+00,5.779530932484314709e-01,6.364111095617225322e-01,4.341677022842258538e-01,1.891858083314356342e+00,9.558307141237650795e-01,3.370010052178871174e+00,2.702073568260647818e+00,2.149983063794723925e+00,3.100027021483812817e+00,4.203050466323317025e+00,2.485320511816149658e+00,9.434157623692029926e-01,3.644418381349209479e+00,3.717309703715196978e+00,2.843414311798521776e+00,3.545020806660813317e+00,4.378509202778260168e+00,3.955766155838606579e+00,3.914846796864599909e+00,3.078681403608848566e+00,1.126753151764744221e+00,6.675640381965731729e-01,1.310986220052687834e+00,4.181617961906643366e+00,3.777237520285623429e+00,3.567372517005864108e+00,3.200183057891868632e+00,3.495862614219845454e+00,3.368247900348654955e+00,4.324524375083954375e+00,4.365587840333860825e+00,3.303545375559539643e+00,2.374108521066605526e+00,1.792233005079637009e-01,2.969465250188686678e+00,5.061047665668676032e+00,4.592255420480862327e+00,4.346937195965238310e+00,3.867275353831724605e+00,3.842414783625724084e+00,4.409984335194412353e+00,4.840310278751643658e+00,4.543988078925371710e+00,3.987885329551042801e+00,2.106876574861317408e+00,5.849367589407065138e-01,4.469769047664697403e+00,5.577357422364563000e+00,5.157179529683356911e+00,4.470427543187258657e+00,3.803157336085181583e+00,4.226625230363254992e+00,4.157236631330110121e+00,4.052603441572602883e+00,3.946304779563535536e+00,2.342734969737914508e+00,5.843751653831896764e-01,7.270944072024448923e-01,3.020796559176078144e+00,2.671128850371614849e+00,2.507148546750846307e+00,3.862896094910038158e+00,4.407546862415551381e+00,3.627894078456167737e+00,2.936557072120550949e+00,2.722313791014595363e+00,1.081434380159536968e+00,2.413548544365898829e-01,1.335412565700274667e+00,1.897530411534921857e+00,1.087277059037957905e+00,1.432296610810869453e+00,1.594803639770174364e+00,2.232132508792100400e-01,1.352226478366751750e-01,6.901434638326335858e-01,7.762065203505362498e-02
1.893229518565459291e+00,5.779535182995846343e-01,6.364111428822558647e-01,4.341677022882334813e-01,1.891858087743595762e+00,9.558307276293901422e-01,3.370010085997176663e+00,2.702075716562417629e+00,2.149983094229699798e+00,3.100027032451926789e+00,4.203050484173289192e+00,2.485320954187184572e+00,9.434157623732689624e-01,3.644418389022125115e+00,3.717309732807705824e+00,2.843414397169224728e+00,3.545021046055186975e+00,4.378509240829409954e+00,3.955767565438734756e+00,3.914848272848244548e+00,3.078681770309005916e+00,1.126755185602684284e+00,6.675667161923297677e-01,1.310986287908720849e+00,4.181618084669863400e+00,3.777237657790907477e+00,3.567372624241933465e+00,3.200184092591326745e+00,3.495863701800451917e+00,3.368250725956501324e+00,4.324528926715233368e+00,4.365594145683374450e+00,3.303554829984611807e+00,2.374118889852037118e+00,1.792238620111594183e-01,2.969465258841674782e+00,5.061047772800437272e+00,4.592255480884954721e+00,4.346937242843243787e+00,3.867275520371791675e+00,3.842415159074909159e+00,4.409984622733307269e+00,4.840312265264559599e+00,4.543990451200525804e+00,3.987896892860012255e+00,2.106893191652438713e+00,5.849406402547795425e-01,4.469770265953516564e+00,5.577358684622826246e+00,5.157181420315232856e+00,4.470428191698680997e+00,3.803159918996012134e+00,4.226627005165244810e+00,4.157237242764137086e+00,4.052606680606847256e+00,3.946305229456851915e+00,2.342744526161733010e+00,5.843823472815595776e-01,7.270944197839354084e-01,3.020797028509777604e+00,2.671135668165319998e+00,2.507153031637760154e+00,3.862910577492737918e+00,4.407552297346521541e+00,3.627904280915977164e+00,2.936570567917302643e+00,2.722318731300504613e+00,1.081439962560945212e+00,2.413550028321576890e-01,1.335418666387262698e+00,1.897540973878064641e+00,1.087280317358343407e+00,1.438588232224048857e+00,1.594807858796065014e+00,2.232143408343829627e-01,1.517616967071610812e-01,6.977478063020156052e-01,7.773559328795033585e-02
1.893229540525899424e+00,5.779539242212262673e-01,6.364111747040586131e-01,4.341677022930061081e-01,1.891858091974430112e+00,9.558307405281101232e-01,3.370010118294367363e+00,2.702077768175649375e+00,2.149983123295845289e+00,3.100027042927351761e+00,4.203050501220833013e+00,2.485321376649185066e+00,9.434157623780999868e-01,3.644418396350648681e+00,3.717309760591785750e+00,2.843414478698567560e+00,3.545021274676015910e+00,4.378509277168936009e+00,3.955768911597368653e+00,3.914849682402635089e+00,3.078682120505888964e+00,1.126757127903804001e+00,6.675692736594032173e-01,1.310986352711685399e+00,4.181618201908797516e+00,3.777237789108392363e+00,3.567372726652547232e+00,3.200185080722609765e+00,3.495864740432830686e+00,3.368253424392002593e+00,4.324533273490333229e+00,4.365600167246383556e+00,3.303563858891466865e+00,2.374128791966243046e+00,1.792243982435307303e-01,2.969465267106186968e+00,5.061047875111444938e+00,4.592255538571405005e+00,4.346937287612430367e+00,3.867275679417380818e+00,3.842415517627075783e+00,4.409984897331796105e+00,4.840314162370630058e+00,4.543992716706688029e+00,3.987907935735373499e+00,2.106909060565863800e+00,5.849443468820409997e-01,4.469771429411287578e+00,5.577359890071078574e+00,5.157183225855647812e+00,4.470428811023275273e+00,3.803162385657698152e+00,4.226628700088966184e+00,4.157237826680090009e+00,4.052609773861524545e+00,3.946305659102616659e+00,2.342753652476649684e+00,5.843892059423850815e-01,7.270944318001374418e-01,3.020797476720966213e+00,2.671142179108783932e+00,2.507157314672509685e+00,3.862924408252859987e+00,4.407557487666293738e+00,3.627914024190459052e+00,2.936583456304231454e+00,2.722323449237935566e+00,1.081445293713923839e+00,2.413551445498334502e-01,1.335424492499268645e+00,1.897551060838617243e+00,1.087283429031277615e+00,1.444596684029941569e+00,1.594811887935573047e+00,2.232153817344944835e-01,1.675563657765310188e-01,7.050098969845323138e-01,7.784536133411400216e-02
1.893229561498981584e+00,5.779543118744014940e-01,6.364112050946602039e-01,4.341677022985841461e-01,1.891858096015864410e+00,9.558307528473146686e-01,3.370010149138977340e+00,2.702079727452117108e+00,2.149983151054841279e+00,3.100027052932336158e+00,4.203050517502138206e+00,2.485321780098280087e+00,9.434157623837362561e-01,3.644418403350354385e+00,3.717309787126398923e+00,2.843414556559514139e+00,3.545021493008262858e+00,4.378509311873949095e+00,3.955770197169918845e+00,3.914851028517654541e+00,3.078682454942341717e+00,1.126758982788012231e+00,6.675717160225500546e-01,1.310986414599065952e+00,4.181618313872151660e+00,3.777237914516648587e+00,3.567372824454960067e+00,3.200186024381703742e+00,3.495865732320087460e+00,3.368256001378930886e+00,4.324537424629371962e+00,4.365605917795456925e+00,3.303572481431648722e+00,2.374138248412959840e+00,1.792249103425242462e-01,2.969465274999780746e+00,5.061047972818742302e+00,4.592255593662598834e+00,4.346937330367781627e+00,3.867275831305867939e+00,3.842415860042787124e+00,4.409985159572364033e+00,4.840315974093899243e+00,4.543994880249327295e+00,3.987918481600567500e+00,2.106924215261700706e+00,5.849478866847601655e-01,4.469772540505886127e+00,5.577361041266263975e+00,5.157184950134420909e+00,4.470429402474739078e+00,3.803164741302385021e+00,4.226630318729604596e+00,4.157238384316559454e+00,4.052612727897867195e+00,3.946306069412192308e+00,2.342762368040824494e+00,5.843957559138190927e-01,7.270944432765658050e-01,3.020797904760385233e+00,2.671148397012612197e+00,2.507161404940009941e+00,3.862937616527323481e+00,4.407562444384256928e+00,3.627923328946427883e+00,2.936595764619350124e+00,2.722327954834288910e+00,1.081450384926585295e+00,2.413552798902423580e-01,1.335430056394269149e+00,1.897560693812387234e+00,1.087286400657051066e+00,1.450334710960233364e+00,1.594815735735061857e+00,2.232163757874570109e-01,1.826401576502440782e-01,7.119451397479269472e-01,7.795018900620515057e-02
1.893229581529231043e+00,5.779546820814142061e-01,6.364112341185627075e-01,4.341677023050183326e-01,1.891858099876509769e+00,9.558307646131731783e-01,3.370010178596470229e+00,2.702081598547744434e+00,2.149983177565604198e+00,3.100027062488139418e+00,4.203050533051777116e+00,2.485322165390278837e+00,9.434157623902282852e-01,3.644418410036128986e+00,3.717309812467868735e+00,2.843414630917255881e+00,3.545021701515073786e+00,4.378509345018098742e+00,3.955771424883294696e+00,3.914852314048630433e+00,3.078682774327786476e+00,1.126760754189803482e+00,6.675740484623849946e-01,1.310986473702171473e+00,4.181618420797453162e+00,3.777238034281721557e+00,3.567372917856661108e+00,3.200186925570272400e+00,3.495866679566185464e+00,3.368258462383458607e+00,4.324541388937507946e+00,4.365611409528314724e+00,3.303580715894755215e+00,2.374147279250612641e+00,1.792253993944053492e-01,2.969465282539234696e+00,5.061048066129614220e+00,4.592255646275425818e+00,4.346937371200016109e+00,3.867275976359457079e+00,3.842416187048388831e+00,4.409985410011294960e+00,4.840317704277313560e+00,4.543996946417642846e+00,3.987928552824818951e+00,2.106938687885117734e+00,5.849512671713594791e-01,4.469773601594127399e+00,5.577362140650258482e+00,5.157186596809013146e+00,4.470429967307652852e+00,3.803166990926744262e+00,4.226631864520548731e+00,4.157238916856400124e+00,4.052615548981816751e+00,3.946306461255935094e+00,2.342770691341168110e+00,5.844020110892536035e-01,7.270944542375994413e-01,3.020798313535998592e+00,2.671154335065843544e+00,2.507165311116299478e+00,3.862950230332680146e+00,4.407567178014307530e+00,3.627932214920552401e+00,2.936607518970273389e+00,2.722332257646570053e+00,1.081455246998105135e+00,2.413554091404919721e-01,1.335435369874053535e+00,1.897569893232225802e+00,1.087289238538904357e+00,1.455814484139223985e+00,1.594819410356258738e+00,2.232173251018230997e-01,1.970450670697162787e-01,7.185682451717283481e-01,7.805029865770903019e-02
1.893229600659188216e+00,5.779550356275776624e-01,6.364112618373846120e-01,4.341677023123766688e-01,1.891858103564610039e+00,9.558307758506967566e-01,3.370010206729381785e+00,2.702083385431428120e+00,2.149983202884418798e+00,3.100027071615084395e+00,4.203050547902786427e+00,2.485322533342491980e+00,9.434157623976437979e-01,3.644418416422207763e+00,3.717309836670000589e+00,2.843414701929568356e+00,3.545021900638771761e+00,4.378509376671742004e+00,3.955772597341692620e+00,3.914853541722401076e+00,3.078683079339736839e+00,1.126762445866610785e+00,6.675762759263764723e-01,1.310986530146420970e+00,4.181618522911555225e+00,3.777238148657700911e+00,3.567373007055819389e+00,3.200187786199908402e+00,3.495867584180413434e+00,3.368260812625758494e+00,4.324545174823621885e+00,4.365616654093710913e+00,3.303588579747235077e+00,2.374155903634869169e+00,1.792258664365694865e-01,2.969465289740592873e+00,5.061048155242039215e+00,4.592255696521534425e+00,4.346937410195791607e+00,3.867276114885872307e+00,3.842416499337554026e+00,4.409985649179855471e+00,4.840319356590873312e+00,4.543998919594305796e+00,3.987938170770592983e+00,2.106952509134532914e+00,5.849544955123474610e-01,4.469774614926773637e+00,5.577363190555052697e+00,5.157188169372290076e+00,4.470430506720153296e+00,3.803169139302580604e+00,4.226633340740679756e+00,4.157239425429249735e+00,4.052618243097319883e+00,3.946306835465048568e+00,2.342778640032565196e+00,5.844079847367960046e-01,7.270944647065397115e-01,3.020798703914924221e+00,2.671160005863932874e+00,2.507169041486952743e+00,3.862962276424551256e+00,4.407571698597160470e+00,3.627940700961222564e+00,2.936618744289598570e+00,2.722336366801669794e+00,1.081459890241636801e+00,2.413555325747880065e-01,1.335440444209264443e+00,1.897578678611375746e+00,1.087291948696407884e+00,1.461047626900419782e+00,1.594822919593573252e+00,2.232182316912650066e-01,2.108016487767246372e-01,7.248932617503670572e-01,7.814590263458415231e-02
1.893229618929512803e+00,5.779553732628939233e-01,6.364112883100043749e-01,4.341677023207574648e-01,1.891858107088070895e+00,9.558307865838040485e-01,3.370010233597466875e+00,2.702085091893469126e+00,2.149983227065070501e+00,3.100027080332611096e+00,4.203050562086748876e+00,2.485322884735478688e+00,9.434157624060811598e-01,3.644418422522219814e+00,3.717309859784213355e+00,2.843414769747160786e+00,3.545022090801804193e+00,4.378509406902100665e+00,3.955773717032136094e+00,3.914854714143108261e+00,3.078683370625246773e+00,1.126764061406788198e+00,6.675784031393541262e-01,1.310986584051621939e+00,4.181618620431136968e+00,3.777238257887276518e+00,3.567373092241720389e+00,3.200188608096203424e+00,3.495868448081660418e+00,3.368263057091092527e+00,4.324548790318165636e+00,4.365621662616153920e+00,3.303596089669451619e+00,2.374164139859282763e+00,1.792263124597555102e-01,2.969465296619210104e+00,5.061048240345115801e+00,4.592255744507583337e+00,4.346937447437900559e+00,3.867276247179021631e+00,3.842416797572769660e+00,4.409985877585432590e+00,4.840320934539439790e+00,4.544000803964768131e+00,3.987947355838918462e+00,2.106965708326742348e+00,5.849575785555426455e-01,4.469775582653318757e+00,5.577364193207717591e+00,5.157189671159949640e+00,4.470431021856484222e+00,3.803171190986966543e+00,4.226634750521338191e+00,4.157239911113938646e+00,4.052620815959036449e+00,3.946307192833359956e+00,2.342786230975332895e+00,5.844136895274265608e-01,7.270944747056730106e-01,3.020799076725287691e+00,2.671165421435481413e+00,2.507172603964663349e+00,3.862973780354390207e+00,4.407576015721658358e+00,3.627948805068547777e+00,2.936629464387807253e+00,2.722340291015734159e+00,1.081464324506200336e+00,2.413556504550292692e-01,1.335445290163318921e+00,1.897587068584875691e+00,1.087294536878241846e+00,1.466045239441195358e+00,1.594826270890643771e+00,2.232190974788590687e-01,2.239390823237507877e-01,7.309336056919274460e-01,7.823720372569073489e-02
1.893229636379098357e+00,5.779556957036733333e-01,6.364113135927148557e-01,4.341677023303188721e-01,1.891858110454506692e+00,9.558307968354015083e-01,3.370010259257856244e+00,2.702086721553640825e+00,2.149983250158988390e+00,3.100027088659350838e+00,4.203050575633890951e+00,2.485323220314731074e+00,9.434157624156982447e-01,3.644418428349244010e+00,3.717309881859675258e+00,2.843414834514022882e+00,3.545022272407671426e+00,4.378509435773437986e+00,3.955774786329777637e+00,3.914855833797754148e+00,3.078683648802310824e+00,1.126765604237252472e+00,6.675804346135604250e-01,1.310986635532253919e+00,4.181618713563189260e+00,3.777238362202278044e+00,3.567373173595194569e+00,3.200189393002648597e+00,3.495869273102515606e+00,3.368265200540411453e+00,4.324552243090227677e+00,4.365626445719529514e+00,3.303603261591094409e+00,2.374172005394128870e+00,1.792267384101768335e-01,2.969465303189815941e+00,5.061048321619499468e+00,4.592255790335496357e+00,4.346937483005474334e+00,3.867276373519653809e+00,3.842417082386771376e+00,4.409986095712644882e+00,4.840322441470193304e+00,4.544002603526171136e+00,3.987956127512694238e+00,2.106978313459138885e+00,5.849605228406286050e-01,4.469776506826577567e+00,5.577365150735153598e+00,5.157191105357623151e+00,4.470431513809458579e+00,3.803173150331937702e+00,4.226636096852996793e+00,4.157240374940808891e+00,4.052623273024489770e+00,3.946307534119033456e+00,2.342793480271016637e+00,5.844191375619061102e-01,7.270944842563477062e-01,3.020799432758007885e+00,2.671170593267778948e+00,2.507176006106062616e+00,3.862984766523712032e+00,4.407580138545137416e+00,3.627956544432563657e+00,2.936639702003801755e+00,2.722344038612684702e+00,1.081468559197602319e+00,2.413557630313931390e-01,1.335449918015269244e+00,1.897595080949118440e+00,1.087297008574422241e+00,1.470817922367833486e+00,1.594829471356157269e+00,2.232199243011946110e-01,2.364852339675551363e-01,7.367020893757559863e-01,7.832439559296472398e-02
1.893229653045240823e+00,5.779560036341391260e-01,6.364113377394270410e-01,4.341677023413641479e-01,1.891858113671340824e+00,9.558308066275171822e-01,3.370010283765261683e+00,2.702088277868953892e+00,2.149983272215440167e+00,3.100027096613247934e+00,4.203050588573230328e+00,2.485323540792341301e+00,9.434157624267984765e-01,3.644418433915923572e+00,3.717309902943494393e+00,2.843414896367816525e+00,3.545022445841866432e+00,4.378509463347275421e+00,3.955775807503023600e+00,3.914856903061558313e+00,3.078683914461263438e+00,1.126767077630836278e+00,6.675823746583071649e-01,1.310986684697797333e+00,4.181618802505540522e+00,3.777238461824254045e+00,3.567373251289085445e+00,3.200190142584418584e+00,3.495870060993242046e+00,3.368267247520541741e+00,4.324555540463881798e+00,4.365631013549723605e+00,3.303610110725053950e+00,2.374179516923542899e+00,1.792271451916141178e-01,2.969465309466630121e+00,5.061048399237865425e+00,4.592255834102761725e+00,4.346937516974239024e+00,3.867276494176038248e+00,3.842417354383970363e+00,4.409986304024451798e+00,4.840323880579817661e+00,4.544004322095907433e+00,3.987964504398100019e+00,2.106990351269183659e+00,5.849633346131136724e-01,4.469777389407129320e+00,5.577366065168686937e+00,5.157192475007718713e+00,4.470431983622855654e+00,3.803175021493809815e+00,4.226637382591688308e+00,4.157240817893980811e+00,4.052625619505727528e+00,3.946307860046264882e+00,2.342800403296627199e+00,5.844243403965314609e-01,7.270944933791047005e-01,3.020799772768560487e+00,2.671175532331258040e+00,2.507179255127831130e+00,3.862995258235937701e+00,4.407584075812941649e+00,3.627963935469781465e+00,2.936649478853222028e+00,2.722347617541960307e+00,1.081472603298474056e+00,2.413558705429520723e-01,1.335454337581695627e+00,1.897602732699688488e+00,1.087299369028033258e+00,1.475375799180923320e+00,1.594832527779014297e+00,2.232207139123555117e-01,2.484667157772387780e-01,7.422109485293290065e-01,7.840766318229196175e-02
