5.713628934761565577e-06,1.476893937465045055e-04,9.344426290023148695e-06,5.770929400978702751e-07,1.350812047242953849e-06,3.758080485774173190e-06,8.963865424485230229e-06,6.253071947267982390e-04,7.103935333340407323e-06,2.542926411305254182e-06,3.581564117650438191e-06,1.156720918408968800e-04,8.521239077835020561e-07,2.187070535565061758e-06,8.018458580218518897e-06,2.678550539495797172e-05,6.352393014856061275e-05,9.171070457588335575e-06,3.579978998547131853e-04,3.623797711735249078e-04,9.853172546322789790e-05,7.131832333392987755e-04,1.062176598537365900e-03,1.539652977737020656e-05,3.023567470354796623e-05,3.668585576082632909e-05,2.987238150647079796e-05,2.934335588127973127e-04,2.864601790221853054e-04,7.620081618069286409e-04,1.048023923144826780e-03,1.466554983030863646e-03,2.505504298582404872e-03,3.630546115127898221e-03,3.009934347421813782e-04,1.677500344874387039e-06,2.222895984025000359e-05,1.378118008155897603e-05,9.385082155257761340e-06,3.339267025352241693e-05,9.499445112957398342e-05,6.768862727610427531e-05,4.296675655363258904e-04,5.432444131700980882e-04,2.574056481091862875e-03,3.907754713870180245e-03,1.033201850958963969e-03,2.309230891001140442e-04,2.370302547934338819e-04,3.837206725936014116e-04,1.420026034327702912e-04,6.425730423107159275e-04,4.227123293882077367e-04,1.433288957264073466e-04,7.759328880314888491e-04,1.129986099972766806e-04,2.824844174910850093e-03,1.805485450413915919e-03,1.933989422476655922e-06,8.247650082578159079e-05,1.443602715707997201e-03,9.686437866233932022e-04,3.398858562153504563e-03,1.226145433495722708e-03,2.640896539930064416e-03,3.210661266963465293e-03,1.466631498544911658e-03,1.992156500752607917e-03,3.595402398489008485e-05,1.003991536193392072e-03,1.756907883689506813e-03,6.627827461972998031e-04,1.942158685500673188e-03,1.263981622725933061e-03,5.027788099922600625e-04,8.606905049079218968e-04,2.149764669184671406e-03,1.593915881617865465e-04
7.727596250422639782e-13,1.476893924885259481e-04,1.126899976600528206e-12,9.094698545729041105e-15,2.274611036769821189e-12,1.285256001973398720e-12,1.523149106932830443e-12,6.253071936019823952e-04,1.000279338053965316e-12,7.465743650264779928e-13,3.938260264435261717e-13,7.944671068184125182e-13,8.281040183367883197e-15,5.148912170491225245e-13,1.376054725773810378e-12,2.678549992044104429e-05,6.352392248983202165e-05,9.072549910681799357e-13,1.118740980912505562e-12,7.824209302116162509e-13,1.122989909431218285e-12,7.131832331405322080e-04,1.062176598461555014e-03,6.239142937009885075e-13,1.117860798421194436e-12,1.274438938050268738e-12,2.206077036929596498e-12,2.934335574822574135e-04,1.400950063900744780e-12,1.353293784614009603e-12,9.251166940310442157e-13,9.120699024621896412e-13,2.505504298335202006e-03,3.630546115031650992e-03,3.009934347089935161e-04,5.850381424029291407e-13,6.094958559277602500e-13,1.410262561361477123e-12,9.385081751621250935e-06,3.339267010614677497e-05,3.936013402820861030e-12,1.065418160683046356e-12,6.347849793760397858e-13,1.021102229240482273e-12,2.574056480717285770e-03,3.907754713823831903e-03,1.033201850927444694e-03,5.631896686716962852e-13,4.697457381784739512e-13,8.132885360799413436e-13,1.746826409134268416e-12,6.425730390536088868e-04,1.240853436864049039e-12,3.010321866065128150e-12,3.191558000731950072e-12,7.763339163438716546e-12,2.824844174824433975e-03,1.805485450391681318e-03,2.918407116647128799e-13,4.914359973070019266e-13,9.387624635553670467e-04,1.679056729428968998e-12,3.398858561681521000e-03,1.708004392203704494e-12,2.640896539509649411e-03,3.210661266903214444e-03,1.466631498443212193e-03,1.992156500700718001e-03,3.595402346936642593e-05,1.003991536145270409e-03,1.756907883647737490e-03,6.627827461502317679e-04,1.942158685479835473e-03,1.263981622682040220e-03,5.027788099555085361e-04,8.606905049021549171e-04,2.149764669170230267e-03,1.593915881421112315e-04
4.152732890757540112e-13,1.501628138452952122e-12,5.307948963581180417e-13,1.853704982482587884e-14,5.835482680799104801e-13,5.629460095434834813e-13,6.132180950811363582e-13,1.604329820848839929e-12,4.837450662343337455e-13,3.938173848750135518e-13,2.736632522238776266e-13,4.703702374552549813e-13,1.685812636554485275e-14,4.837599753013372284e-13,5.765234223216134196e-13,1.187797360841657100e-12,1.204553585746745660e-12,4.751265237175386829e-13,5.923374948464354200e-13,4.668296209978163849e-13,5.913909544628442920e-13,7.131832322663777266e-04,1.062176598278488345e-03,3.979580460682511485e-13,5.972497565122834680e-13,6.407822999407658476e-13,8.138556050641913713e-13,1.509887948447069949e-12,6.715790609807464051e-13,6.578598823016788828e-13,5.274260579290456301e-13,5.223156773745205671e-13,2.505504296827745954e-03,3.630546114762163434e-03,3.009934346523901396e-04,3.015106195367212099e-13,3.925375894665941206e-13,6.318220652840088367e-13,2.296733262369052133e-12,3.339266958734144614e-05,9.701483511646712292e-13,5.797908699854719879e-13,4.015504049433830737e-13,5.636249014824671736e-13,2.161745287985605921e-03,3.907754713737103536e-03,1.033201850875798723e-03,3.682661804239907101e-13,3.160926670509680379e-13,4.870144767824572114e-13,7.556444835080562166e-13,1.305531852841492076e-12,6.327887909815174504e-13,9.126725474815515338e-13,9.260097788714878740e-13,1.067714354708424924e-12,2.824844174600787787e-03,1.805485450357512253e-03,2.118335081898574049e-13,3.305947149673270963e-13,1.197551644321140164e-12,7.420385081610538704e-13,4.269425384826495793e-12,7.460512740236877356e-13,7.647438590946258159e-12,3.210661266777643449e-03,1.466631498154044849e-03,1.992156500597901808e-03,2.462126767983906841e-12,1.003991536054566706e-03,1.756907883573345175e-03,6.627827460619267535e-04,1.942158685449013340e-03,1.263981622601278651e-03,5.027788098912709669e-04,8.606905048942983544e-04,2.149764669149446111e-03,1.593915881128817914e-04
3.176365498034212900e-13,7.014612147554917284e-13,3.787447438868480777e-13,2.457757086411359385e-14,4.303730818092297050e-13,3.805681231765324333e-13,4.172534992186419472e-13,7.302741673166370196e-13,3.539009701825046502e-13,2.898604728821179509e-13,2.216250165016793611e-13,3.439420350462367810e-13,2.233711163733870388e-14,3.559873390852981655e-13,3.983860621884001250e-13,6.300800865671100341e-13,6.396332463730816354e-13,3.501062208200785001e-13,4.141746384838940716e-13,3.431999575959958928e-13,4.118419238756073860e-13,1.487805083265660314e-12,1.062176597089405658e-03,3.023436743985215580e-13,4.190976674911843549e-13,4.385420188960353661e-13,5.159630896860670258e-13,7.118778457740376105e-13,4.529550979025273692e-13,4.452107107988819521e-13,3.810372656134854044e-13,3.778115271500932870e-13,1.315601692869295124e-12,2.841843854858104590e-03,3.009934345453674589e-04,2.256417033822866025e-13,3.000038102592599238e-13,4.419122408293500258e-13,9.445443427982101771e-13,1.788806395757529852e-12,5.721043247217474566e-13,4.103582552187601134e-13,3.043337649146132404e-13,4.017407109201345781e-13,1.130745860269346564e-12,3.907754713530101585e-03,1.033201850783657802e-03,2.845152131016557017e-13,2.477467584660891334e-13,3.605288658361135480e-13,4.971690703619852415e-13,6.684878898596111586e-13,4.374315056662850830e-13,5.558553320072409844e-13,5.590949666478162314e-13,6.022520102526946022e-13,2.824844171908616648e-03,1.805485450302911615e-03,1.724365498837589580e-13,2.594318962626680614e-13,6.460922334021010050e-13,4.914688625603267049e-13,9.758052730849239645e-13,4.915348730567827145e-13,1.038089619784233911e-12,3.210661266367284637e-03,9.758272589397009952e-12,1.992156500315001369e-03,8.631097214771558984e-13,1.003991535832534678e-03,1.756907883414962537e-03,6.627827458492555101e-04,1.942158685401965254e-03,1.263981622417676169e-03,5.027788097629204032e-04,8.606905048837161076e-04,2.149764669119264525e-03,1.593915880682548916e-04
2.655202984445111273e-13,5.145710514828574600e-13,3.071458731337686593e-13,2.922086881556542047e-14,3.499514862227303310e-13,3.087681045899345642e-13,3.368562473688694316e-13,5.364091986738619377e-13,2.926148186615987647e-13,2.411484812069585061e-13,1.895732895201619071e-13,2.803292212897684375e-13,2.654537489590032851e-14,2.844117967232518628e-13,3.229814637437665598e-13,4.746435185293704699e-13,4.827591711097843044e-13,2.878023286810088322e-13,3.328565689679783439e-13,2.806788516729280716e-13,3.301261843228680794e-13,9.409571432509853507e-13,2.211496489216714363e-04,2.508411206922170582e-13,3.375045872873870655e-13,3.497547913363216468e-13,4.027797276454797748e-13,5.259569749608900516e-13,3.598307362095292934e-13,3.537795053778031227e-13,3.102890786523091184e-13,3.076835462898354360e-13,8.613887544018346760e-13,3.372642049222542745e-12,3.009934343626120639e-04,1.917703842579087266e-13,2.499576757701905219e-13,3.569563631863269065e-13,6.435205049599917992e-13,1.118984624361044566e-12,4.402664143421607592e-13,3.316694420932063281e-13,2.524758504557427699e-13,3.257161963794847598e-13,7.643278447074090553e-13,3.907754713053565240e-03,1.033201850633878958e-03,2.385192580244020273e-13,2.089109883570870792e-13,2.969751230838549182e-13,3.939799166138303594e-13,5.024134262025247560e-13,3.509430503011751895e-13,4.318148048077347729e-13,4.331353816676994205e-13,4.598901240506014766e-13,5.276690369742750240e-12,1.805485450221738916e-03,1.487541661641339764e-13,2.192169391310816223e-13,4.926029491398046905e-13,3.902579891708018887e-13,6.838379579036510472e-13,3.892995962711159827e-13,7.134016028990247842e-13,3.210661265017930414e-03,2.594715988456380510e-12,1.992156499542430560e-03,6.243458536831701981e-13,1.003991535306384807e-03,1.756907883101832806e-03,6.627827453568168464e-04,1.942158685334366116e-03,1.263981622025392741e-03,5.027788095300223924e-04,8.606905048693389362e-04,2.149764669077824149e-03,1.593915880043428812e-04
2.290599415894123212e-13,4.126445847343914651e-13,2.602714395504996386e-13,3.303078211860684984e-14,2.908814319044770609e-13,2.629319099497002530e-13,2.851419434812303650e-13,4.315877221584246515e-13,2.514297819639315339e-13,2.087052992346551159e-13,1.663633884438139338e-13,2.384443151564182470e-13,2.999835867494068520e-14,2.415002863515270645e-13,2.737874081977782077e-13,3.863161137285494982e-13,3.943912044073990321e-13,2.463954345774283524e-13,2.811194591013547882e-13,2.394419241191535593e-13,2.781744359310754170e-13,6.971177178805510418e-13,2.530930088107450312e-12,2.159759526225750610e-13,2.855039567933667927e-13,2.939328286310556666e-13,3.344700017945512617e-13,4.246236241010351499e-13,3.018574393849069462e-13,2.967116019117597678e-13,2.643847428458058051e-13,2.621260393642526000e-13,6.545770199623413506e-13,1.569609842463137515e-12,3.009934339895138644e-04,1.693992180647747872e-13,2.160426782461712438e-13,3.028831364488236956e-13,5.166023780439303420e-13,8.285780565382910007e-13,3.634486288461075701e-13,2.813176328706801740e-13,2.175513241776608724e-13,2.768979215281385652e-13,5.938169186876751181e-13,3.907754710093406213e-03,1.033201850354018838e-03,2.071545901559083235e-13,1.820424165210417636e-13,2.551513559593792538e-13,3.309341848914589565e-13,4.101671493784800236e-13,2.964620139271572498e-13,3.586760984098818024e-13,3.591431536794195475e-13,3.783321037467465581e-13,1.896025362139815046e-12,1.805485450090340768e-03,1.318981820834691175e-13,1.914505026024025409e-13,4.062903568613735954e-13,3.282280922064224282e-13,5.398615206806847378e-13,3.267583301270616855e-13,5.573492079885135130e-13,5.060978212676319007e-12,1.407851622141439531e-12,2.490018629756936231e-11,4.994247450797461677e-13,1.003991530987279404e-03,1.756907882149939077e-03,6.627827420414299274e-04,1.942158685230033774e-03,1.263981620418759728e-03,5.027788089842538839e-04,8.606905048507239439e-04,2.149764669018323568e-03,1.593915879064654187e-04
2.018344822736413811e-13,3.472418541441166071e-13,2.266780596096113126e-13,3.626712627522186277e-14,2.478720429359133187e-13,2.301040605509172322e-13,2.483991220954117554e-13,3.646266884517035444e-13,2.213247644357662446e-13,1.848796995464357709e-13,1.485438487462352089e-13,2.082511159714685012e-13,3.293333676366733567e-14,2.120988845317920620e-13,2.385269779137478124e-13,3.282665569051516878e-13,3.364782840665578753e-13,2.163777647969669184e-13,2.446346445408686696e-13,2.096695904807683780e-13,2.415644037982862949e-13,5.620859130452599955e-13,1.570864811277453292e-12,1.903683640391056323e-13,2.488100081309112028e-13,2.548880177078463389e-13,2.879064185127929182e-13,3.595670834204552672e-13,2.615349321744743157e-13,2.569453906636982551e-13,2.315765616739573096e-13,2.295460605600172224e-13,5.368846226849858911e-13,1.104318647958335598e-12,3.009934332800892664e-04,1.525864256708146136e-13,1.910921618054831057e-13,2.647678842811097318e-13,4.411388019206087634e-13,6.717786937487814882e-13,3.120931296426763178e-13,2.456760248310159944e-13,1.919581586199999529e-13,2.422420516200953871e-13,4.940004842348765860e-13,1.075552591527510369e-03,1.033201849851524525e-03,1.839585979162516164e-13,1.619692344739333335e-13,2.249687978255611964e-13,2.875546202279039328e-13,3.501765940520763036e-13,2.582697898055585036e-13,3.094137034750286740e-13,3.094008492941289385e-13,3.243192234024944490e-13,1.286022103876740882e-12,1.805485449872715371e-03,1.189909397568603344e-13,1.707284664278747537e-13,3.496724753271982771e-13,2.854539120864488689e-13,4.527514353084379646e-13,2.836851777040695959e-13,4.643331175312154899e-13,2.687218477738010098e-12,1.022764227572798672e-12,5.680090753602806880e-12,4.215495599507578983e-13,2.052486293204547767e-11,1.756907879265757685e-03,4.037556366384875814e-11,1.942158685065000856e-03,1.263981613188961371e-03,5.027788078161432453e-04,8.606905048263854482e-04,2.149764668931542725e-03,1.593915877535705236e-04
1.801536660663382076e-13,2.990242339065861508e-13,2.004790788340817413e-13,3.906167956104339812e-14,2.150829893106604313e-13,2.043752473734241467e-13,2.198665593841725809e-13,3.153747558111627291e-13,1.975945309274114353e-13,1.659874087230734345e-13,1.341120075154585726e-13,1.846571530989236312e-13,3.547197755393627534e-14,1.893464621092688114e-13,2.110318947675943615e-13,2.849664542360635247e-13,2.933460199781363015e-13,1.928075852816329485e-13,2.164486663844482213e-13,1.863830588339844071e-13,2.132890622718468425e-13,4.687415568695459293e-13,1.107148049949370597e-12,1.701432735929631450e-13,2.204428435898501225e-13,2.248463458048320610e-13,2.525500202975688759e-13,3.115998542272753389e-13,2.306072717071858384e-13,2.264175593765740496e-13,2.060449806061720141e-13,2.041847645211980221e-13,4.546501264109737886e-13,8.412749678604011276e-13,3.009934313716322043e-04,1.389470582387417637e-13,1.713629632603169970e-13,2.352874358245759970e-13,3.856567064509117013e-13,5.645631109983840051e-13,2.734822849098796702e-13,2.180858454044094469e-13,1.717718666185379739e-13,2.153685129803625930e-13,4.234159130624818981e-13,6.541199545587534450e-12,1.033201848595211763e-03,1.655627578494435098e-13,1.459647944190781011e-13,2.013513668954319132e-13,2.544538209658471985e-13,3.056775023459158593e-13,2.288519190381580157e-13,2.722288574956086817e-13,2.718975781463982476e-13,2.838889369451210529e-13,9.589008215487798920e-13,1.805485449389442661e-03,1.085213643118963238e-13,1.542074057052098047e-13,3.074986149755367600e-13,2.527836890375241521e-13,3.902600960749791747e-13,2.508083821860003956e-13,3.980301657701032173e-13,1.695865344327567615e-12,7.959469662986774402e-13,2.659592689883562856e-12,3.649006121442046378e-13,4.802542568244600643e-12,4.995437566095060292e-04,5.541256356067664710e-12,1.942158684735056451e-03,1.007469541168207797e-11,5.027788038326221585e-04,8.606905047940955223e-04,2.149764668787094903e-03,1.593915874577357694e-04
1.621778262704318649e-13,2.608228826523045306e-13,1.790164909739317549e-13,4.149218848679709587e-14,1.890670028660119998e-13,1.831737869299676269e-13,1.965450540567756194e-13,2.764139504790061248e-13,1.780240595398881391e-13,1.503225665628906156e-13,1.220196230175749299e-13,1.653220975651538276e-13,3.768682841249221647e-14,1.706038362870602898e-13,1.885102746005833696e-13,2.504282684463917819e-13,2.589780743103509604e-13,1.734110066048521428e-13,1.935005833554130244e-13,1.672866085477211887e-13,1.902704203086952381e-13,3.974347257548262955e-13,8.072424272127746683e-13,1.534556618875292562e-13,1.973325893244989157e-13,2.004448793131029711e-13,2.240547307939098005e-13,2.736018801482964396e-13,2.055345625087488507e-13,2.016588556459433980e-13,1.851638730084938169e-13,1.834396387952889740e-13,3.914979169931333135e-13,6.594382255704594251e-13,2.371612905617898394e-12,1.274320200079492017e-13,1.550682229505548676e-13,2.112478014468437791e-13,3.413827017525524196e-13,4.832865926140898811e-13,2.425448729255540926e-13,1.955939736051637135e-13,1.551301087684562135e-13,1.934353404658667554e-13,3.688487780736929814e-13,1.683371322722191256e-12,2.913940344122559642e-12,1.503403523932679173e-13,1.326830636832959490e-13,1.819655491601904812e-13,2.276940368758883104e-13,2.703063813262541148e-13,2.049394120410337049e-13,2.423614701565839063e-13,2.418002318222869786e-13,2.515733390558683847e-13,7.384118783600695988e-13,1.420193919375256197e-03,9.972318098900505083e-14,1.404898725345993608e-13,2.738961742287385815e-13,2.263606041634987044e-13,3.415497378537575857e-13,2.242293112600370279e-13,3.465277250727164036e-13,1.112016411540330227e-12,6.364244916499457399e-13,1.323887124746930274e-12,3.203801079228344086e-13,1.632713188997413033e-12,2.010121216446166707e-12,1.654725791052151193e-12,1.942158682623480129e-03,1.763520714859946438e-12,2.115332319624251107e-12,8.606905047490306590e-04,2.149764668448840739e-03,1.593915859963858210e-04
1.474079029189076032e-13,2.311689270601489512e-13,1.616101850968499460e-13,4.364859532422438424e-14,1.689185389370946592e-13,1.658963496777443307e-13,1.776826375279949080e-13,2.461751088738300997e-13,1.620077501516163367e-13,1.374010658986888508e-13,1.119225735339185561e-13,1.495876007952681215e-13,3.965751676991806787e-14,1.552790849529073290e-13,1.702669223099723806e-13,2.233494783443323659e-13,2.320012467586658455e-13,1.575586900629101130e-13,1.749673951950525422e-13,1.517185887291480581e-13,1.716991434034039279e-13,3.454570054025931581e-13,6.473737750961977683e-13,1.397449619064042118e-13,1.786553112301227525e-13,1.808132812894336444e-13,2.013674648311958327e-13,2.440403813994125840e-13,1.854007883106738032e-13,1.817715690124261177e-13,1.681868353436000261e-13,1.665710218332536831e-13,3.447687240684666204e-13,5.480251335998967852e-13,1.480096858291374443e-12,1.177404338049423108e-13,1.416477019411539850e-13,1.918089528114192519e-13,3.069634654413941949e-13,4.249086096755769155e-13,2.180619555665388889e-13,1.773861890826599887e-13,1.414546181002355011e-13,1.756475442277230162e-13,3.278322717278967792e-13,1.179387168929439696e-12,1.786778801796238351e-12,1.377578989727357974e-13,1.216624691238021514e-13,1.661140656576197244e-13,2.062515439124752937e-13,2.426014263953137542e-13,1.856523473970377672e-13,2.186369809328231270e-13,2.179174928130704447e-13,2.260806637969717029e-13,6.098419855508842836e-13,5.839931902903512622e-12,9.230801457555983729e-14,1.290965235510169961e-13,2.474386396816121503e-13,2.051691572369029495e-13,3.044814473944347484e-13,2.029316663861708291e-13,3.075771018955592260e-13,8.699944013903251404e-13,5.355904745118669218e-13,9.682471543338339030e-13,2.861589905661722188e-13,1.173732948891544632e-12,1.359539235024250088e-12,1.173155729182431344e-12,1.262294467901367134e-03,1.206216709931355200e-12,1.358988983600097735e-12,8.606905046872254973e-04,2.149764667628265794e-03,1.593915732641170769e-04
1.349848388842474377e-13,2.071632406842022317e-13,1.471020184223478255e-13,4.557377200672975762e-14,1.527648815553464105e-13,1.514277932640366718e-13,1.619730013194315144e-13,2.216779684247772201e-13,1.485544559362793892e-13,1.264838128269571340e-13,1.033344173954570635e-13,1.364445848478428662e-13,4.142355437566999533e-14,1.423861211768349708e-13,1.550666800732365909e-13,2.012743782560346306e-13,2.099756332279976414e-13,1.442601497248018156e-13,1.595499372072023232e-13,1.386911042486964060e-13,1.562659936854993086e-13,3.050009570665859552e-13,5.406472476535561347e-13,1.282068455758060308e-13,1.631044164735423157e-13,1.645271119383539121e-13,1.826751609566027716e-13,2.200512737953907532e-13,1.687166304353320958e-13,1.652929179165330007e-13,1.539913405340352748e-13,1.524666996844368254e-13,3.080339718373816815e-13,4.690385933241291966e-13,1.068997647120904826e-12,1.094264419406050505e-13,1.303252460064552008e-13,1.756034254787991764e-13,2.789976218562711679e-13,3.798259277482220383e-13,1.979573684240928504e-13,1.622043822371836774e-13,1.299399212098201709e-13,1.607963478846198738e-13,2.952527920327590899e-13,9.264384143874392858e-13,1.287814563377820536e-12,1.271104730775132302e-13,1.123180863324824036e-13,1.527964701641667326e-13,1.884850623445051050e-13,2.200036485223136872e-13,1.696107351675087405e-13,1.990994866113357319e-13,1.982681525805452845e-13,2.051877734648531364e-13,5.207641701787401174e-13,2.406782059443071196e-12,8.594665502034587635e-14,1.194199146572622585e-13,2.257673332105630815e-13,1.876008766259658964e-13,2.748055266259563346e-13,1.852905733164558589e-13,2.765259623898512138e-13,7.219241213606025839e-13,4.630147550421129257e-13,7.705102003419663101e-13,2.585846571892881796e-13,9.379479934984154299e-13,1.053679437276748969e-12,9.286149864187271835e-13,3.579590495179509644e-12,9.325198799227893947e-13,1.005454513825472216e-12,8.606905045974308976e-04,2.043031649425116388e-03,3.606668135496853459e-12
1.245123997226869056e-13,1.876304442566672425e-13,1.349774587607696690e-13,4.732275111247211245e-14,1.397432615236835632e-13,1.392875761813388388e-13,1.488372741474183612e-13,2.016929994704152197e-13,1.372084470976476880e-13,1.172327083088812652e-13,9.601479806747188547e-14,1.254321747013403866e-13,4.303309170093754796e-14,1.315248483920644905e-13,1.423626201853517368e-13,1.831776578898396141e-13,1.918674433623330090e-13,1.330611838491791142e-13,1.466611693773334648e-13,1.277462909965768773e-13,1.433887988745242169e-13,2.732238922673275701e-13,4.668116624965525971e-13,1.184600497800571086e-13,1.500890405640652748e-13,1.509524331242291721e-13,1.671902311917348089e-13,2.004457155985636123e-13,1.548192326489713326e-13,1.515728286620416068e-13,1.420585070789646737e-13,1.406124534116211580e-13,2.788508086658803671e-13,4.116835327212561708e-13,8.569847468001650582e-13,1.022812472219059954e-13,1.207275905540807272e-13,1.620134092560395558e-13,2.561252658686119944e-13,3.445602487403554297e-13,1.813395928348232843e-13,1.494765095864343011e-13,1.202009802884233323e-13,1.483261699441766233e-13,2.690920831955467815e-13,7.816030025559339068e-13,1.043924693993852221e-12,1.180524230165255743e-13,1.043583476534328219e-13,1.415397199098811569e-13,1.736631078979423611e-13,2.014255961524975831e-13,1.561896353063337335e-13,1.828965969458533031e-13,1.819870834942955392e-13,1.879457427865971078e-13,4.572069110476474104e-13,1.747904973464866175e-12,8.046879993583743498e-14,1.111570202587929859e-13,2.078577276012457212e-13,1.729334549657685020e-13,2.508091303783607741e-13,1.705793440283128446e-13,2.515287028577404868e-13,6.256049988822380059e-13,4.096202890140387884e-13,6.499950737078504229e-13,2.361664296681002329e-13,8.007422625256601406e-13,8.865660118428785611e-13,7.874632836578294982e-13,2.473671988975019175e-12,7.784529255392190204e-13,8.171691583212747520e-13,8.606905044662349537e-04,9.326579707079501493e-04,2.480224970685954779e-12
1.155064757463432607e-13,1.711943172604634680e-13,1.246137622928711899e-13,4.891122418316070105e-14,1.288977352854511953e-13,1.288692276604935503e-13,1.375842315374017676e-13,1.848215403140568249e-13,1.274299077017170602e-13,1.092416208257988142e-13,8.968138304063586577e-14,1.160080488248280910e-13,4.450168469737983569e-14,1.221720238416995851e-13,1.314923299170281403e-13,1.678667030351977768e-13,1.765015679124067285e-13,1.234261983202440046e-13,1.356233470480065569e-13,1.183544247136673974e-13,1.323829277935944712e-13,2.469867666917095721e-13,4.097271274100925657e-13,1.100654510833488691e-13,1.389275897340362268e-13,1.393507797629962885e-13,1.539996476309039862e-13,1.838734647305338026e-13,1.429430799522713107e-13,1.398567915981976170e-13,1.317962641541832754e-13,1.304208815761265259e-13,2.545676133435663313e-13,3.662756414888493293e-13,7.097512464719908734e-13,9.604458351894277034e-14,1.124325845535188786e-13,1.503276478397250180e-13,2.367245212960976788e-13,3.154469386582896249e-13,1.671902790966172088e-13,1.385465111736817800e-13,1.118012769927591952e-13,1.376048534310297795e-13,2.471745149434117859e-13,6.780681533908353731e-13,8.775334741514481833e-13,1.102004677747263333e-13,9.746169979043254236e-14,1.318133989499204298e-13,1.609584961011165906e-13,1.856500014982867450e-13,1.446768086353882707e-13,1.690633658509276556e-13,1.680979795125118757e-13,1.732752745524879614e-13,4.073222744431923632e-13,1.360248754495240812e-12,7.568947152591589923e-14,1.039755678026110147e-13,1.925838148658703961e-13,1.603546889572298055e-13,2.306225256216960281e-13,1.579771497883577522e-13,2.305642463636782912e-13,5.532049100565639195e-13,3.670503150444777562e-13,5.617378716245198462e-13,2.172464339656067566e-13,7.021560152658108858e-13,7.690664220255369033e-13,6.862851860385491134e-13,1.875913567916989613e-12,6.688692847735171280e-13,6.853335589531338525e-13,8.606905042332123681e-04,2.487753188774917564e-04,1.853490500444823541e-12
1.076482323498022975e-13,1.570328236952532477e-13,1.156098143235087975e-13,5.034745775544774077e-14,1.196460674924881175e-13,1.197827694513113331e-13,1.277738885678709779e-13,1.702322797568348665e-13,1.188681878486114333e-13,1.022429902488046655e-13,8.414087456393988892e-14,1.078188230092383615e-13,4.583842180568215597e-14,1.139924159482532199e-13,1.220318060694396279e-13,1.546205605653815854e-13,1.631677775704927618e-13,1.150070001680455144e-13,1.260045338107404017e-13,1.101705733992884380e-13,1.228115429358465141e-13,2.245893763846914576e-13,3.627313450743341124e-13,1.027332538003078159e-13,1.291863043810805904e-13,1.292550661713375228e-13,1.425372956356981256e-13,1.695293642136310799e-13,1.326055258416542730e-13,1.296681448704732210e-13,1.228232680890876832e-13,1.215133434970532435e-13,2.337212999147566558e-13,3.284162777990675139e-13,5.940109997054752162e-13,9.053960579786512779e-14,1.051612944473387704e-13,1.400956641590937837e-13,2.198455111224239412e-13,2.905508597980120068e-13,1.548849866214779405e-13,1.289955304736138517e-13,1.044527694579618003e-13,1.282276856540887340e-13,2.282726060159166570e-13,5.962249961077421349e-13,7.481783331783654035e-13,1.032997516088291644e-13,9.141158349692649142e-14,1.232733535803701527e-13,1.498542263490215455e-13,1.719443343253965781e-13,1.346209111434627791e-13,1.570052418372662401e-13,1.560001911227661832e-13,1.605183995064491286e-13,3.659301514015274150e-13,1.072094954655875095e-12,7.148030325742047625e-14,9.765231871895853143e-14,1.792635110800239089e-13,1.493563750650613189e-13,2.131717365380771816e-13,1.469706702204414843e-13,2.124813711321102265e-13,4.945401877004642107e-13,3.314142628313558461e-13,4.910584542641661850e-13,2.008595822754341313e-13,6.241199749559764178e-13,6.769473592247972977e-13,6.062324112673063221e-13,1.442383917340387503e-12,5.823375867594539766e-13,5.815590273928368552e-13,8.606905032037820294e-04,2.443661949485321624e-12,1.389326506072504227e-12
1.009789779387712263e-13,1.452854574219958615e-13,1.080272419783743306e-13,5.171776509238083540e-14,1.120468384887388253e-13,1.121094511990965453e-13,1.194645663061352596e-13,1.580313720718786474e-13,1.115582153624481693e-13,9.627715874872062198e-14,7.940474658699640911e-14,1.009044098031179940e-13,4.711454768621183391e-14,1.070912298526199260e-13,1.140445010799832034e-13,1.435456859408962801e-13,1.519430314763399101e-13,1.078398027601728192e-13,1.178459388080629756e-13,1.032256848936424341e-13,1.147252511595997230e-13,2.063199098222174616e-13,3.268018081073288641e-13,9.648416603746130403e-14,1.209044658363847058e-13,1.207185834053480336e-13,1.328710836006243867e-13,1.575117664116373643e-13,1.238566939325223187e-13,1.210599886186441274e-13,1.151652763787649830e-13,1.139164250459876266e-13,2.164821520620517420e-13,2.987124133527709328e-13,5.164170921557346513e-13,8.579493783416744069e-14,9.892508273006002409e-14,1.313513042570997485e-13,2.056065039303732863e-13,2.700604981793646152e-13,1.444840903075589840e-13,1.208540300669268875e-13,9.816960180182065510e-14,1.202207281033321320e-13,2.124905857218237839e-13,5.377225992233187449e-13,6.627434223834181196e-13,9.735210770447794583e-14,8.620808575357979256e-14,1.159300333027970309e-13,1.403822655942689567e-13,1.603725073423308589e-13,1.260554049869989494e-13,1.467680710163146178e-13,1.457427846075926817e-13,1.497366880322610704e-13,3.336306330441424540e-13,9.182660219044171252e-13,6.783818057270891888e-14,9.218336308710723145e-14,1.679305737477483162e-13,1.399681393479251170e-13,1.985489644223342242e-13,1.375950141706734934e-13,1.973976488849785112e-13,4.504573457038466132e-13,3.031867935484106832e-13,4.396154326036904498e-13,1.870979144090822526e-13,5.678268750936307750e-13,6.122476853577918625e-13,5.487713207859233719e-13,1.243596915831492845e-12,5.211332480848071596e-13,5.105746397520728942e-13,7.619451912507566428e-04,1.899474278514615124e-12,1.181842164740779952e-12
9.534824579138238165e-14,1.355667768277231689e-13,1.016789802419588956e-13,5.305972694271002615e-14,1.058160289238226930e-13,1.056596355550261220e-13,1.124481461079178465e-13,1.478207877217766142e-13,1.053330691087082771e-13,9.121377300195828660e-14,7.538019478845209181e-14,9.509983513582791784e-14,4.836181380944290815e-14,1.012988901401542720e-13,1.073315022568049488e-13,1.343003513912981441e-13,1.424838619483620372e-13,1.017594898839457028e-13,1.109422182058522782e-13,9.735696882459768431e-14,1.079191140178850081e-13,1.913576365639517901e-13,2.988005724205065561e-13,9.118106514221463239e-14,1.138741797665456681e-13,1.135186073705658927e-13,1.247312256322781144e-13,1.474343299794903478e-13,1.164669893154967408e-13,1.138066534883615845e-13,1.086394215510081357e-13,1.074490353079889072e-13,2.021349265591519325e-13,2.750615554161770332e-13,4.614026961862865894e-13,8.172009287826798971e-14,9.359009696767004108e-14,1.238763472504794992e-13,1.935228761742412537e-13,2.530167097502159568e-13,1.356888146007991658e-13,1.139212673713392329e-13,9.281441846500337303e-14,1.133893062252144578e-13,1.992254260904222948e-13,4.939273837266579173e-13,6.021420934005936324e-13,9.223418277618386618e-14,8.174702237945226706e-14,1.096162204959506063e-13,1.322919371009975796e-13,1.505793007200081665e-13,1.187632080590353399e-13,1.380645738599356297e-13,1.370353474969887575e-13,1.406143923074414964e-13,3.079547743367849675e-13,8.209501302810200375e-13,6.469902883380943248e-14,8.746025606808939159e-14,1.582497319566886131e-13,1.319424637105240470e-13,1.862274503990692549e-13,1.296014855975090506e-13,1.847512497659409153e-13,4.162700843329785288e-13,2.804932008266232136e-13,4.007953507115451758e-13,1.754892923735079365e-13,5.253144771501082453e-13,5.642987454094489215e-13,5.055849349395411487e-13,1.124974005521980382e-12,4.757415375598371362e-13,4.594039527126137114e-13,6.686404470816837082e-04,1.666900621734383892e-12,1.059384008032673948e-12
9.057991765549985430e-14,1.274529074048565080e-13,9.634594396583433232e-14,5.438305394097213550e-14,1.006709445250623307e-13,1.002171770943649028e-13,1.064872651222606065e-13,1.391761869794453441e-13,1.000022234621925319e-13,8.690552930507232439e-14,7.195917909979666607e-14,9.021370494808495978e-14,4.958935467689980446e-14,9.642785518483855435e-14,1.016623824884587656e-13,1.265102149172739376e-13,1.344248159366156579e-13,9.657682680023477181e-14,1.050636488331410266e-13,9.237856511075572352e-14,1.021599448493365734e-13,1.788807646179048566e-13,2.761511868762101638e-13,8.666661601134225637e-14,1.078649179365410929e-13,1.074067682760168216e-13,1.178204345321836480e-13,1.388854270097558729e-13,1.101811327237574534e-13,1.076554370889568277e-13,1.030426329693934918e-13,1.019093155999271234e-13,1.899703195524692275e-13,2.556322189245610199e-13,4.193618219323936157e-13,7.821542365583577420e-14,8.900610995040884357e-14,1.174314585214182398e-13,1.831028637829219242e-13,2.385092863643989095e-13,1.281758594499883835e-13,1.079753845646719203e-13,8.823211881174827538e-14,1.075187986739511668e-13,1.878769651971484703e-13,4.590725290906967389e-13,5.554042810335328152e-13,8.780927233142748824e-14,7.791156761766679995e-14,1.041489488904930268e-13,1.253134540856756407e-13,1.421903676842184065e-13,1.125060642476957549e-13,1.305868013352051397e-13,1.295666721886844371e-13,1.328123465593812787e-13,2.868247400377377057e-13,7.500780227235081195e-13,6.199232504786010337e-14,8.336332941712191452e-14,1.498729875239112495e-13,1.250139325925263894e-13,1.756750487171614992e-13,1.227216799250045529e-13,1.739736093941068203e-13,3.884732612590014094e-13,2.616867999769088566e-13,3.698895964316546395e-13,1.655485727690335273e-13,4.912369847654266349e-13,5.262993611608845811e-13,4.711032825186490440e-13,1.040420264931875734e-12,4.398828683526844923e-13,4.198311357847700046e-13,5.808870642963708366e-04,1.519025747684947457e-12,9.725981790983655746e-13
8.654324752930643697e-14,1.206489957965348243e-13,9.186736284412791881e-14,5.569475300061105470e-14,9.641462928741184902e-14,9.562318127002840260e-14,1.014101849574311519e-13,1.318040942787421317e-13,9.542615247505639356e-14,8.324209428759283247e-14,6.905882984939464597e-14,8.610410086292684167e-14,5.080392138879479521e-14,9.233851994951138970e-14,9.686946432883520754e-14,1.199132447319406277e-13,1.275105096606726812e-13,9.215266686001861080e-14,1.000434808945585481e-13,8.815306843811265813e-14,9.727816368701419060e-14,1.683530818715649856e-13,2.573795653001162433e-13,8.282337570913952988e-14,1.027097552180042719e-13,1.022035849900813434e-13,1.119271587676099041e-13,1.315798272150059384e-13,1.048152692102689068e-13,1.024239282487204788e-13,9.822665396383067507e-14,9.714972541841130696e-14,1.795199329009121355e-13,2.393307510621002900e-13,3.857843592426731045e-13,7.520462578158527694e-14,8.506128673426256844e-14,1.118443989461155272e-13,1.740116790981315850e-13,2.259521881149057030e-13,1.217172448075413604e-13,1.028555904258486007e-13,8.430717169536544586e-14,1.024532821356445796e-13,1.780431236796259761e-13,4.302240532288192202e-13,5.175051754848057150e-13,8.397526709270538037e-14,7.461334625536158358e-14,9.939417213089337991e-14,1.192542775541580019e-13,1.349448885281893614e-13,1.071120852165411896e-13,1.241169936916495987e-13,1.231168110832360683e-13,1.260923811859386201e-13,2.690191409964430786e-13,6.944933100122382489e-13,5.966322648610712883e-14,7.980261101761804227e-14,1.425568125186660173e-13,1.189929555292409099e-13,1.665315145359275277e-13,1.167638713240115940e-13,1.646819069263232968e-13,3.651452061386203865e-13,2.457720409115336057e-13,3.444250052923313657e-13,1.569449801276417059e-13,4.628445575191815029e-13,4.948787757616064625e-13,4.424792074998756560e-13,9.746043472510603104e-13,4.104028564271997991e-13,3.879007599937986774e-13,4.987981357830826440e-04,1.410265000108712201e-12,9.053488265396796840e-13
8.313887613970760717e-14,1.149435120597738328e-13,8.812211271761902133e-14,5.700049643427453812e-14,9.290438767843982814e-14,9.175811111946920801e-14,9.708953237587669831e-14,1.254958440062555902e-13,9.150039826527623216e-14,8.013909678085780254e-14,6.661432250938091383e-14,8.266332734127481995e-14,5.201102054180919877e-14,8.892459559111059212e-14,9.282750893018079366e-14,1.143207434687837210e-13,1.215576494711290654e-13,8.838239889893197542e-14,9.575807177206628435e-14,8.457673391080411482e-14,9.314754125774707984e-14,1.594105713970459657e-13,2.415774617656958727e-13,7.956187649264053718e-14,9.828526585611415369e-14,9.777639883818035586e-14,1.068971324194528835e-13,1.253144582496032552e-13,1.002340050302510589e-13,9.797739785492080951e-14,9.408116134677754963e-14,9.306033712635286644e-14,1.704633316999298764e-13,2.254627237092227097e-13,3.582303494964994216e-13,7.262840843152281694e-14,8.167087227875238311e-14,1.069886494333184338e-13,1.660143604922263736e-13,2.149515106086209066e-13,1.161483417477294749e-13,9.844285339390525314e-14,8.095192312166899541e-14,9.807729825087487429e-14,1.694457701236008892e-13,4.057099497320341402e-13,4.857644685707143546e-13,8.065469841424907656e-14,7.178439522869826941e-14,9.525203437866746973e-14,1.139741889359586459e-13,1.286566099077436345e-13,1.024547659893997747e-13,1.184977247341614473e-13,1.175267782934712686e-13,1.202831720656201793e-13,2.537710013575695986e-13,6.489164197700693755e-13,5.766842305878965885e-14,7.670946491909422102e-14,1.361268248409986918e-13,1.137413604717283559e-13,1.585456215334078931e-13,1.115882748623004247e-13,1.566102625198364072e-13,3.451351873717635086e-13,2.321110840319723070e-13,3.229636396213472402e-13,1.494463598301104443e-13,4.385577888306076977e-13,4.681475284424562744e-13,4.180842518540229567e-13,9.206617378337540791e-13,3.855193488580753322e-13,3.614387625740995252e-13,4.224891036442516147e-04,1.324069567386981223e-12,8.504625074229065919e-13
8.028878873944003955e-14,1.101784907250400615e-13,8.501562932323268715e-14,5.830507408254115120e-14,9.003263191109893712e-14,8.852896729539869013e-14,9.342767455934397203e-14,1.200977268119578752e-13,8.814437597714482983e-14,7.752999699292096985e-14,6.457343548057258954e-14,7.980681190719020768e-14,5.321530899367525869e-14,8.610227427879171238e-14,8.943967793278530522e-14,1.095917306374551165e-13,1.164304379668400479e-13,8.518488803407538322e-14,9.211279821892635652e-14,8.156867339162127994e-14,8.967089148089643164e-14,1.517951237400963213e-13,2.281482981723923189e-13,7.681182972802240781e-14,9.449736348749950758e-14,9.402389564824103311e-14,1.026140331630649996e-13,1.199396392866808251e-13,9.633436632986395560e-14,9.421297624217926676e-14,9.052163977072471889e-14,8.955680260662952437e-14,1.625727219305594751e-13,2.135619044164687891e-13,3.352382036510652268e-13,7.043942630130729390e-14,7.876880702802677198e-14,1.027686259918699190e-13,1.589405038987494251e-13,2.052312393766198013e-13,1.113464305829176958e-13,9.464650797530731901e-14,7.809790110933830093e-14,9.430287561665966879e-14,1.618855697317736175e-13,3.844920419691648372e-13,4.585914458695160171e-13,7.778725739852982581e-14,6.937100780753798910e-14,9.164620137975679600e-14,1.093681524206395643e-13,1.231882721503739141e-13,9.843823819440391210e-14,1.136117418284662573e-13,1.126781183616405250e-13,1.152575262143143069e-13,2.405699407672216701e-13,6.104458014943442744e-13,5.597284328039773063e-14,7.403022720766303077e-14,1.304544838391117452e-13,1.091555986134487934e-13,1.515361001286836850e-13,1.070900020449686948e-13,1.495673510613387861e-13,3.277032930031467737e-13,2.202730300954442448e-13,3.046004963092021185e-13,1.428842509417078909e-13,4.173901370138502225e-13,4.449452934178481563e-13,3.969044415844791182e-13,8.749420979850388243e-13,3.641327518486084730e-13,3.391291365447040313e-13,3.520778109443986116e-04,1.252610159190588849e-12,8.041405949899534156e-13
7.792977589243026264e-14,1.062313956102131172e-13,8.247154831611052437e-14,5.961268864491078516e-14,8.771537373968058766e-14,8.586102417354557939e-14,9.034736225744181211e-14,1.154927157656176730e-13,8.529408149891721175e-14,7.536071586497860919e-14,6.289289628682379823e-14,7.746592344537678652e-14,5.442085617790197438e-14,8.380325507752335009e-14,8.662856957806654721e-14,1.056171283725309372e-13,1.120251367468067132e-13,8.249526829249884021e-14,8.903297039357149869e-14,7.906380373773721197e-14,8.677089409650906233e-14,1.453165494607752348e-13,2.166800128570522779e-13,7.451632141820118616e-14,9.127216122497894709e-14,9.086618830873163333e-14,9.898727739454187213e-14,1.153414230050990644e-13,9.303554023514178618e-14,9.104954073515692874e-14,8.748147217989328918e-14,8.657250133434121503e-14,1.556807940669699691e-13,2.033010123188607047e-13,3.158661327565979439e-13,6.859882138342828856e-14,7.630214473638401557e-14,9.911016801112764801e-14,1.526630613235549235e-13,1.965913656208163908e-13,1.072172559336909128e-13,9.139549384729572418e-14,7.569004540334732160e-14,9.106109592790136697e-14,1.552153161947358344e-13,3.658842791363207890e-13,4.349689508999267785e-13,7.532476729356662904e-14,6.732956915935043042e-14,8.851683466957888854e-14,1.053553868692033239e-13,1.184357762842249952e-13,9.498776588799577978e-14,1.093692603967874169e-13,1.084800414084691674e-13,1.109181992063495523e-13,2.290606515880843953e-13,5.773227172678817316e-13,5.454736558245795442e-14,7.172188936164943567e-14,1.254425851913148764e-13,1.051560214329593598e-13,1.453682758400568717e-13,1.031881857675500285e-13,1.434112047011715331e-13,3.123477574740581689e-13,2.099542945142686234e-13,2.887316598932637637e-13,1.371328091960623637e-13,3.986864485409335336e-13,4.245111040615408227e-13,3.782681884661731346e-13,8.352791070481983327e-13,3.455200232883681701e-13,3.201181794178099009e-13,2.876845549623390148e-04,1.191577411244884463e-12,7.641357456695580155e-13
7.600908144551782079e-14,1.030036664778921375e-13,8.042624724459205851e-14,6.092712871589461471e-14,8.588498205894293739e-14,8.369237053129666831e-14,8.778555318551073595e-14,1.115887985163833593e-13,8.289719394636913913e-14,7.358601208007943238e-14,6.153589718621975094e-14,7.558324516800609978e-14,5.563130306629489624e-14,8.197017856074637223e-14,8.433033667867154698e-14,1.023096258529003365e-13,1.082600874768933025e-13,8.026011798762520312e-14,8.645780212617442343e-14,7.700814606550696928e-14,8.438405303358190820e-14,1.398295503164151269e-13,2.068756093874121651e-13,7.262790426786852535e-14,8.854988657910725273e-14,8.823827347825409277e-14,9.594404918075314056e-14,1.114302904628258761e-13,9.027210890727004003e-14,8.842106147726139842e-14,8.490662801655236159e-14,8.405327032781985542e-14,1.496609904478400229e-13,1.944413926238686444e-13,2.994716584244066895e-13,6.707383177207054650e-14,7.422724662871414562e-14,9.595419723970052867e-14,1.470849621833265973e-13,1.888827881696785300e-13,1.036862645030402683e-13,8.863250325608220501e-14,7.368279330030328245e-14,8.829643971510153067e-14,1.493233606431450581e-13,3.494110698474863473e-13,4.142092812654045205e-13,7.322772171689185719e-14,6.562368653525576314e-14,8.581582241689805867e-14,1.018721369317950476e-13,1.143179597678784741e-13,9.204341617627299685e-14,1.056996409550942777e-13,1.048610032592949666e-13,1.071886773501333256e-13,2.189864064214644883e-13,5.484037921045773486e-13,5.336720533799460724e-14,6.974910154637221668e-14,1.210158523569690137e-13,1.016797788467932386e-13,1.399394027047832280e-13,9.981878591926671453e-14,1.380334682791045673e-13,2.987137647013362201e-13,2.009333033275948502e-13,2.749351269509063338e-13,1.320954631774718456e-13,3.819905932320550943e-13,4.063202294617988531e-13,3.617090354902975846e-13,8.002838461369571842e-13,3.291819096798774566e-13,3.038215349731194265e-13,2.294321418366124233e-04,1.138349935080202526e-12,7.290110842260483800e-13
7.448145562053709592e-14,1.004132822943842354e-13,7.882522429788284424e-14,6.225183166045940870e-14,8.448542722254864038e-14,8.197022561624029876e-14,8.568922915225459012e-14,1.083112516513686373e-13,8.090970050381411682e-14,7.216699691199257073e-14,6.047038601655321742e-14,7.410942161342972193e-14,5.684992806147225027e-14,8.055358955506535197e-14,8.249074323954293639e-14,9.959698189049767533e-14,1.050690270974548971e-13,7.843415792440528572e-14,8.433631121759208268e-14,7.535563843594123155e-14,8.245663466856531888e-14,1.352190845241860220e-13,1.985124481105085761e-13,7.110592160791381637e-14,8.628072122402948149e-14,8.608560921061772458e-14,9.342394217750206373e-14,1.081336437986854636e-13,8.798946898622247499e-14,8.627211627894817589e-14,8.275200263064616067e-14,8.195377793274203027e-14,1.444148053716411568e-13,1.868027691361699098e-13,2.855944373401569742e-13,6.583611598757059923e-14,7.250713279634046517e-14,9.325235100237000932e-14,1.421302905668784323e-13,1.819914828003258570e-13,1.006926946446170250e-13,8.630996088851670112e-14,7.203737454424959774e-14,8.596288802241243882e-14,1.441228383967360997e-13,3.347295960156813184e-13,3.958262952772294838e-13,7.146284744285253137e-14,6.422217951165747597e-14,8.350344894972878633e-14,9.886672556476977047e-14,1.107697378554992370e-13,8.955571827588215240e-14,1.025457408868471604e-13,1.017629987655507501e-13,1.040069672089041003e-13,2.101554812997544310e-13,5.229044649410692338e-13,5.241076557031289406e-14,6.808204662845122406e-14,1.171145950979341453e-13,9.867595257176089247e-14,1.351690448225089041e-13,9.692966894102872169e-14,1.333491142474702631e-13,2.865415104024652239e-13,1.930430778007118917e-13,2.629042350373710767e-13,1.276960908870013974e-13,3.669725531870168971e-13,3.899958781681952441e-13,3.468902221972936551e-13,7.690119485517304273e-13,3.147595835159814421e-13,2.898206285763755876e-13,1.774459424940055081e-04,1.091212502163948085e-12,6.977925403652218191e-13
7.330720872110637713e-14,9.839002670115060971e-14,7.762077231311084741e-14,6.358992591253661637e-14,8.346911844145591936e-14,8.064850752584350877e-14,8.401260063975882190e-14,1.055975546203918693e-13,7.929359628593220717e-14,7.106946255799726762e-14,5.966792429348829823e-14,7.300113069827036853e-14,5.807969218660937218e-14,7.950994434010824512e-14,8.106257264497472218e-14,9.741765759397569828e-14,1.023966125609400590e-13,7.697803286284852753e-14,8.262459160446669367e-14,7.406604629505243052e-14,8.094200276443982841e-14,1.313909869823796886e-13,1.914175181041359113e-13,6.991473576399907806e-14,8.442200234153960163e-14,8.436118712194022608e-14,9.137540960389218051e-14,1.053908354016034329e-13,8.614078620101657343e-14,8.455494329913477097e-14,8.097894058250442264e-14,8.023507477832736316e-14,1.398634922446237464e-13,1.802445356897433421e-13,2.738906587219197363e-13,6.486059294216435482e-14,7.110968444685768719e-14,9.096397889833553941e-14,1.377383293597891276e-13,1.758282684947118674e-13,9.818559828051556136e-14,8.438729455388875315e-14,7.071999964855479326e-14,8.402127950885025390e-14,1.395445672129365008e-13,3.215850238274698679e-13,3.794637952287029290e-13,7.000142225373080034e-14,6.309771566160092230e-14,8.154609780057073685e-14,9.629616881045639471e-14,1.077375069524040499e-13,8.748272421735456616e-14,9.986007858007240957e-14,9.913771888091911900e-14,1.013214078946103695e-13,2.024205457814368092e-13,5.002630810452579476e-13,5.165884333257403034e-14,6.669495729750815076e-14,1.136904090981380721e-13,9.610223376285054313e-14,1.309927022962485072e-13,9.447726094182987590e-14,1.292896521963963099e-13,2.756353760298685198e-13,1.861542076309071227e-13,2.524087013013976321e-13,1.238731571243581406e-13,3.533859982821983890e-13,3.752587605321686762e-13,3.335608699656706937e-13,7.407912833662671282e-13,3.019865682596885374e-13,2.778040574124771497e-13,1.318539496410622922e-04,1.048978835226653600e-12,6.697893297360320187e-13
7.245084277835362798e-14,9.687211105821467845e-14,7.677032080920783979e-14,6.494410397752086420e-14,8.279472560669476694e-14,7.968618281829652918e-14,8.271510991509237322e-14,1.033936114115180523e-13,7.801522728032871469e-14,7.026272707022961363e-14,5.910286987022414803e-14,7.221961317097034854e-14,5.932315007311944866e-14,7.880030036745580100e-14,8.000379908900296408e-14,9.571765342768113646e-14,1.001951325781993594e-13,7.585670639366725602e-14,8.128376962894825270e-14,7.310339833844709508e-14,7.979868544751304325e-14,1.282652817187986749e-13,1.854507770552948456e-13,6.902241359419053788e-14,8.293613290373401001e-14,8.302338506558859556e-14,8.975314868471931035e-14,1.031495003553198486e-13,8.468473042409661358e-14,8.322722277384437380e-14,7.955334712087541094e-14,7.886274250187341171e-14,1.359420099042364295e-13,1.746527320916336848e-13,2.640900165573155991e-13,6.412466044598149295e-14,7.000627589360456071e-14,8.905390426135314000e-14,1.338593716958008301e-13,1.703216293381892680e-13,9.612090478810096049e-14,8.282889311122949123e-14,6.970046828029678197e-14,8.243726464094601496e-14,1.355318251070752309e-13,3.097813705693854751e-13,3.648518105564162062e-13,6.881797969278922890e-14,6.222576605399705775e-14,7.991446270081744134e-14,9.412362563034846136e-14,1.051756417121661144e-13,8.578776471055547152e-14,9.760196717748324140e-14,9.694359704975194653e-14,9.908757932740743946e-14,1.956644062687055863e-13,4.800618380942631590e-13,5.109404049430924714e-14,6.556498326013756717e-14,1.107029266982417784e-13,9.392237089426946629e-14,1.273570664956566651e-13,9.242399243005663510e-14,1.257981081789856393e-13,2.658433308300851857e-13,1.801627777356679365e-13,2.432688542571066057e-13,1.205753939254647219e-13,3.410416376755655156e-13,3.618948165309792987e-13,3.215284372838433786e-13,7.151243844487088333e-13,2.906581715888001027e-13,2.675293474129536586e-13,9.278683490431074196e-05,1.010790054342982969e-12,6.444890938467784103e-13
7.188021022655912808e-14,9.580434007242521307e-14,7.623550469281645935e-14,6.631662881554842596e-14,8.242565543465820786e-14,7.904617331740877744e-14,8.176020143156162286e-14,1.016515822312445971e-13,7.704422034723371543e-14,6.971887805187599027e-14,5.875188143995023649e-14,7.172988272783679335e-14,6.058246020984135957e-14,7.838940858911277934e-14,7.927649615439900295e-14,9.444870623417181698e-14,9.842247478444484425e-14,7.503848608841990627e-14,8.027885644073751288e-14,7.243515663889310158e-14,7.898928016410495752e-14,1.257722559031302800e-13,1.804952032017006514e-13,6.839999203163990358e-14,8.178934967434794546e-14,8.203473340699088999e-14,8.851658570045096703e-14,1.013633841338262827e-13,8.358418376450357517e-14,8.225088836548667352e-14,7.844459728579912202e-14,7.780581864164404338e-14,1.325953057226222531e-13,1.699323691982343692e-13,2.559729818966509412e-13,6.360761579099522212e-14,6.917098618549324177e-14,8.749097836664753077e-14,1.304517473857388051e-13,1.654130554463392526e-13,9.445960487177932856e-14,8.160286741349687557e-14,6.895141692614291934e-14,8.118013548120386033e-14,1.320370934273685108e-13,2.991649296585359334e-13,3.517802057505766385e-13,6.788953560067513550e-14,6.158401790659841162e-14,7.858247255323818828e-14,9.231678154438513278e-14,1.030444162526171885e-13,8.443813438284713400e-14,9.573571035546651114e-14,9.514408239248795766e-14,9.726636489439057399e-14,1.897915845717089900e-13,4.619804709431551767e-13,5.070039864271738471e-14,6.467148521231247919e-14,1.081177587506928712e-13,9.210460947583193989e-14,1.242170949117535500e-13,9.073674872614530703e-14,1.228259394676157652e-13,2.570450088308585879e-13,1.749833748153671249e-13,2.353407975175560006e-13,1.177590297340062815e-13,3.297907393731048295e-13,3.497367263029837562e-13,3.106417292902156289e-13,6.916315063731434981e-13,2.806132020539700205e-13,2.588019854552834431e-13,6.037800216713619123e-05,9.760008493567793951e-13,6.215018706307693997e-13
7.156535639636796570e-14,9.513559558097642044e-14,7.598074970549247480e-14,6.770863590298600147e-14,8.232818157424275774e-14,7.869392220686248185e-14,8.111377940515075895e-14,1.003272428326914983e-13,7.635219693754536446e-14,6.941177668184238129e-14,5.859319814891022925e-14,7.149949110453923655e-14,6.185883226206621583e-14,7.824441081444219168e-14,7.884535948991071419e-14,9.356598868477353807e-14,9.703978303290241995e-14,7.449376931159663997e-14,7.957723171357593333e-14,7.203099649008426201e-14,7.847895826828301925e-14,1.238479777629813216e-13,1.764466705451907600e-13,6.802043357195292232e-14,8.095018324522454068e-14,8.136030487716002683e-14,8.762796775721437545e-14,9.998976775166482243e-14,8.280457244692221184e-14,8.159048392085142443e-14,7.762414901556277962e-14,7.703542828671010317e-14,1.297742875101796252e-13,1.659993835645532831e-13,2.493470264516561751e-13,6.328994853025211594e-14,6.857956703483660755e-14,8.624643621251430282e-14,1.274788978039186251e-13,1.610524772481737298e-13,9.316564744395698629e-14,8.067954684529405446e-14,6.844726601607277072e-14,8.022134352645686657e-14,1.290185769033169167e-13,2.896089429491336779e-13,3.400761872496968039e-13,6.719462200860439275e-14,6.115157603303155333e-14,7.752598744728831926e-14,9.084601360031003866e-14,1.013075674305230373e-13,8.340346910586700481e-14,9.422855451329741602e-14,9.370555892221390687e-14,9.582174778528054643e-14,1.847197643360985296e-13,4.457582682988391353e-13,5.046291350948450894e-14,6.399518218442326132e-14,1.059042306302567386e-13,9.061986994239458201e-14,1.215328101491197775e-13,8.938504251893194642e-14,1.203296395970857635e-13,2.491403964927094867e-13,1.705416937655207100e-13,2.285019137590960987e-13,1.153847948471949016e-13,3.195112335336314268e-13,3.386474653867825122e-13,3.007763838812134526e-13,6.700070262328765430e-13,2.717174979399540899e-13,2.514543802280038216e-13,3.476361804562954586e-05,9.440943450748813661e-13,6.005136294042309874e-13
7.147720733572122141e-14,9.481614732224146263e-14,7.597163960994333152e-14,6.911897025606004272e-14,8.246933787986873384e-14,7.859575946780595288e-14,8.074257289073082671e-14,9.937744173896910233e-14,7.591143926593877023e-14,6.931591848644343276e-14,5.860580152618931509e-14,7.149710806586177123e-14,6.315159993196227742e-14,7.833321746324681632e-14,7.867606043371815058e-14,9.302575241258214543e-14,9.600920685908024512e-14,7.419370732587039251e-14,7.914709534010231668e-14,7.186148851799933474e-14,7.823385654759777950e-14,1.224300623812498524e-13,1.732050194700219272e-13,6.785749713166100189e-14,8.038791568811264091e-14,8.096604349475272788e-14,8.705043799950437024e-14,9.898699270438498581e-14,8.231217422075781902e-14,8.121146976871134906e-14,7.706416981888038443e-14,7.652341425547003170e-14,1.274322116789029395e-13,1.627736036996696770e-13,2.440266539137729646e-13,6.315252950996725437e-14,6.820839171480798225e-14,8.529231123620459680e-14,1.249067035468994073e-13,1.571943262946840028e-13,9.220391251526748793e-14,8.002999435833662232e-14,6.816313173775421180e-14,7.953306367355231203e-14,1.264371183022809883e-13,2.810017345597007932e-13,3.295867019458237722e-13,6.671233172347826164e-14,6.090813613316211624e-14,7.672155547290055897e-14,8.968266115015796618e-14,9.993004317155456090e-14,8.265417390346329135e-14,9.304875595368130786e-14,9.259539642862064365e-14,9.471871082472125152e-14,1.803725520289737002e-13,4.311652464722275159e-13,5.036700870913203350e-14,6.351730878554564060e-14,1.040333314393839872e-13,8.944004709614499735e-14,1.192664376509626015e-13,8.833928889046758544e-14,1.182676711075315171e-13,2.420408843398580033e-13,1.667682246574073675e-13,2.226389104537099850e-13,1.134152179642600072e-13,3.100969824127325426e-13,3.285078875154358981e-13,2.918235283709337406e-13,6.499882676818228104e-13,2.638507148250451010e-13,2.453284428344336810e-13,1.608250769634478618e-05,9.146224391578054427e-13,5.812523027390424829e-13
7.158724789701418771e-14,9.479697238601942817e-14,7.617449065276682833e-14,7.054387975824584199e-14,8.281628493861152659e-14,7.871850349597367844e-14,8.061374368662812728e-14,9.875943228353728534e-14,7.569456603571270703e-14,6.940616734548388646e-14,5.876920648023601707e-14,7.169215199102100773e-14,6.445798200011766755e-14,7.862408907391696040e-14,7.873484277891962498e-14,9.278475120714393679e-14,9.529329524401397377e-14,7.410988748298373758e-14,7.895708861557486497e-14,7.189777675889017166e-14,7.822068725076219848e-14,1.214565448539779380e-13,1.706714231495841798e-13,6.788546691203904650e-14,8.007220089478257298e-14,8.081836775015565354e-14,8.674756451650075129e-14,9.831380161800484447e-14,8.207370175425256153e-14,8.107980798825056995e-14,7.673718677061120611e-14,7.624199329184314314e-14,1.255235203731075567e-13,1.601765669419023996e-13,2.398276464317945211e-13,6.317642619404500425e-14,6.803420055422278909e-14,8.460098627484860539e-14,1.227025670959876819e-13,1.537961573497580446e-13,9.153966226449226756e-14,7.962562373461322193e-14,6.807456236827708153e-14,7.908781213074238278e-14,1.242551405935195168e-13,2.732427880252364130e-13,3.201730454755546753e-13,6.642206860983712944e-14,6.083378478823984283e-14,7.614605465310215884e-14,8.879850556375667729e-14,9.887732305030838603e-14,8.216100304934306302e-14,9.216501309668514828e-14,9.178138663055182324e-14,9.392264708029233487e-14,1.766770716832981025e-13,4.179940454982058662e-13,5.039841513224639019e-14,6.321939087688756212e-14,1.024770130003744728e-13,8.853749282213913913e-14,1.173814439109563781e-13,8.757030461270116686e-14,1.165994804436960361e-13,2.356662357835648814e-13,1.635961647877687568e-13,2.176439593132125094e-13,1.118137477975203950e-13,3.014541971143037877e-13,3.192126343592050266e-13,2.836860286041056009e-13,6.313465200282532881e-13,2.569020412836305595e-13,2.402702439887071233e-13,4.474876384748967725e-06,8.871920674641438622e-13,5.634783817055184403e-13
7.185097436352258511e-14,9.499705162586611781e-14,7.653539578490869679e-14,7.195834226006685329e-14,8.331137824555376222e-14,7.900862200612165331e-14,8.067562645523154255e-14,9.840442921306087341e-14,7.565941737758293370e-14,6.964328248868052074e-14,5.905276062795599338e-14,7.203662634817013764e-14,6.575809189496450050e-14,7.906401680180786943e-14,7.896805472910798617e-14,9.277309064841418372e-14,9.483250527349384292e-14,7.419847868835852215e-14,7.895858010097917085e-14,7.209539795405179193e-14,7.838721022611325071e-14,1.208230909976726854e-13,1.686704445779160893e-13,6.806530027565212785e-14,7.995610055040000693e-14,8.086462902630684679e-14,8.666176164898600766e-14,9.790404231151628297e-14,8.203715785493404931e-14,8.114214196978213516e-14,7.660127550999221452e-14,7.614872367811560565e-14,1.239738181180068591e-13,1.580727607149356869e-13,2.363939356165293509e-13,6.333269034721163859e-14,6.802222816425586008e-14,8.412984105857085283e-14,1.208144642782799070e-13,1.507904788010652362e-13,9.111821365676391952e-14,7.942251014306386953e-14,6.814483145143737391e-14,7.884358290663025936e-14,1.224126468511370648e-13,2.661675926989166712e-13,3.115952284793309509e-13,6.629347015398469656e-14,6.089942190357129748e-14,7.576469038142343486e-14,8.814990895200842175e-14,9.809491192780270601e-14,8.187890339279459725e-14,9.152843211978184582e-14,9.121319833340454092e-14,9.337901322133056199e-14,1.735095245345366878e-13,4.058718494065964854e-13,5.053678242933686963e-14,6.307452240568638354e-14,1.011917146395213094e-13,8.786955421365425475e-14,1.158195542524134998e-13,8.703294621060924736e-14,1.152596829607893149e-13,2.298867056176529958e-13,1.609126293060198125e-13,2.133261470407363773e-13,1.105219712306140293e-13,2.934381708781313068e-13,3.105966049865149046e-13,2.762086980704559680e-13,6.137149496323948037e-13,2.506805777702103291e-13,2.359915131613678077e-13,5.500547028892044301e-08,8.611085858367657135e-13,5.467855784952619836e-13
7.226050852669955222e-14,9.540700941275615485e-14,7.704653676886723441e-14,7.337520403741958951e-14,8.395090588198195228e-14,7.945847563383974075e-14,8.091919420392966069e-14,9.830198419201025029e-14,7.579741060034727104e-14,7.002010112520614926e-14,5.944966940851182615e-14,7.252261493296887881e-14,6.706247376227379039e-14,7.964730361489037402e-14,7.936721902906329796e-14,9.298072033581679514e-14,9.461704651032630608e-14,7.445085804259796921e-14,7.914221513171396251e-14,7.244577255161500234e-14,7.872438599741228103e-14,1.205193099674274015e-13,1.671975009763563607e-13,6.838877304611777982e-14,8.003033777300010264e-14,8.109547717202557533e-14,8.678319190119335726e-14,9.774740345391867492e-14,8.219295183483095405e-14,8.138896693271845474e-14,7.664741567919699497e-14,7.623456307634796473e-14,1.227751567371466139e-13,1.564560520214037029e-13,2.337463649663999583e-13,6.361509712578696721e-14,6.816420070921809943e-14,8.387030439589091397e-14,1.192373031707103753e-13,1.481736988526422071e-13,9.092987196525954529e-14,7.941157035844084547e-14,6.836552547211361951e-14,7.879136061717162042e-14,1.209031386357385837e-13,2.597854076599443190e-13,3.038795528075029567e-13,6.631866161604937161e-14,6.109739127944306653e-14,7.556932821474724459e-14,8.772838034141009854e-14,9.757365371506366140e-14,8.179865157262942226e-14,9.113004960957828862e-14,9.088153196078683697e-14,9.307828540476611349e-14,1.708673903448548344e-13,3.948614095367266349e-13,5.077615174569007365e-14,6.307529302738188238e-14,1.001705340623830533e-13,8.742784112554729209e-14,1.145735589999468191e-13,8.671831656712115035e-14,1.142400306229776519e-13,2.247058994961365561e-13,1.587130629108656065e-13,2.096917198190518494e-13,1.095319506041065547e-13,2.860533877632485280e-13,3.026677248693533867e-13,2.693991244131193367e-13,5.971385020136443379e-13,2.451990772505460743e-13,2.325083853283193574e-13,3.024325565235993420e-10,8.365300244047174176e-13,5.312396639727933371e-13
7.284804284657490225e-14,9.609572669505697691e-14,7.775086812210735506e-14,7.485258389171832016e-14,8.479062064607026526e-14,8.011060534677480726e-14,8.138145487313488375e-14,9.850341836411114528e-14,7.613594234332887899e-14,7.056441830833803971e-14,5.997930628451309756e-14,7.318636207167870420e-14,6.841803863875901450e-14,8.042039118311901265e-14,7.997317625291480937e-14,9.346208826629587958e-14,9.468920863496003913e-14,7.489646874783732975e-14,7.954097268472998743e-14,7.297950780784067361e-14,7.927020151277605466e-14,1.206335188567606975e-13,1.664206809745417890e-13,6.888124417197774439e-14,8.032582297991784605e-14,8.154826138853865340e-14,8.715317277095373405e-14,9.789247060447280664e-14,8.257709776853103718e-14,8.185827392853173827e-14,7.690169012492355014e-14,7.652620832127793359e-14,1.219858353498231499e-13,1.554493898540507667e-13,2.322846594118235318e-13,6.404201188912484399e-14,6.848028386799037668e-14,8.384923840378756931e-14,1.180111404195998772e-13,1.460015301762947851e-13,9.101216381891895789e-14,7.962068229667933682e-14,6.875888082972940476e-14,7.895708572905541604e-14,1.197722038404312210e-13,2.542559201544917279e-13,2.972820662903541180e-13,6.651370243558000091e-14,6.144322208778426658e-14,7.557971871003603519e-14,8.756164733473947603e-14,9.735103887507263489e-14,8.194891076802904613e-14,9.100218537485866981e-14,9.081977529932516187e-14,9.305784546330448439e-14,1.688640003653533539e-13,3.853912280300879301e-13,5.112615444137484917e-14,6.323497327406338615e-14,9.944283396421349347e-14,8.723920508477200298e-14,1.136866217135998787e-13,8.665518365191217462e-14,1.135895582545478850e-13,2.202447439545127229e-13,1.570978187456584731e-13,2.069331677933920963e-13,1.088862663947958851e-13,2.794284669384965480e-13,2.955777911344476101e-13,2.634032819509555414e-13,5.819757922454365243e-13,2.406527881480004713e-13,2.301335014188974286e-13,1.872135583402484062e-10,8.142500799092718322e-13,5.172778852518325364e-13
7.358199757523566883e-14,9.700605379350557196e-14,7.861071115628569926e-14,7.637327238805834806e-14,8.578992311640164032e-14,8.092710794401004077e-14,8.202504481391902872e-14,9.895802868403655419e-14,7.664401777621582295e-14,7.124810114986611020e-14,6.061991415940321826e-14,7.399428726321654256e-14,6.981114691278942930e-14,8.134611331895003343e-14,8.074783949071394351e-14,9.416685434154750465e-14,9.500456600531002846e-14,7.550356040564479487e-14,8.011946319671423566e-14,7.366487139698976870e-14,7.998735258381055347e-14,1.210890931487834051e-13,1.662096528947336548e-13,6.951470724547578329e-14,8.080796922380745416e-14,8.218490833827861049e-14,8.772971034326782215e-14,9.829025538106365417e-14,8.315170909223668983e-14,8.251158042696026128e-14,7.733302599644463053e-14,7.699233970708164883e-14,1.215495168946322169e-13,1.549513300877603708e-13,2.317458977214261441e-13,6.459223838878568597e-14,6.894483828903485615e-14,8.403435585674941759e-14,1.170967367203016051e-13,1.442243539972659485e-13,9.132423154464096439e-14,8.001717333775378201e-14,6.929813815330330251e-14,7.930935853314675240e-14,1.189744387887037572e-13,2.494627644609726107e-13,2.916315233858771052e-13,6.685579876472084426e-14,6.191555040573861203e-14,7.576939362514060313e-14,8.761646589504969463e-14,9.738576835577415447e-14,8.229601624236853709e-14,9.110778025457793326e-14,9.098992886866733703e-14,9.327669235128493319e-14,1.674069752057784047e-13,3.771957647171082161e-13,5.157182646563741847e-14,6.353322258306637699e-14,9.897529574977936624e-14,8.727110024160592597e-14,1.131144522144819056e-13,8.680934186513400764e-14,1.132586295805771423e-13,2.164109199332816734e-13,1.559822872646594574e-13,2.049088384386370585e-13,1.085404457461422312e-13,2.734633170313598391e-13,2.892123389760984241e-13,2.581125134947863012e-13,5.679701754528488235e-13,2.369033931100118853e-13,2.286526956716447483e-13,1.444313814051813706e-10,7.937725620011753801e-13,5.046151128670302265e-13
7.443992224936212320e-14,9.809854489233836817e-14,7.959985567740391286e-14,7.792796778137724903e-14,8.692121484706772604e-14,8.188142139634652971e-14,8.282313954637984665e-14,9.962928733060209760e-14,7.729892025233090703e-14,7.205097092254407171e-14,6.135576103751360776e-14,7.492283700773531583e-14,7.123448160820904191e-14,8.239887040567478383e-14,8.166433482631755291e-14,9.505941511547145135e-14,9.553069979755410644e-14,7.624913070640734169e-14,8.085202358478561762e-14,7.447910736585128891e-14,8.084928545610051853e-14,1.218320649370446058e-13,1.664743471402006289e-13,7.026888633753176950e-14,8.145145897771496205e-14,8.297807169097444072e-14,8.848255959698612092e-14,9.890529966005112659e-14,8.388937111702518268e-14,8.332127633390953861e-14,7.791845011384239692e-14,7.760988110354000013e-14,1.214252459313723109e-13,1.548905832932715110e-13,2.319558345568014867e-13,6.525018604882435988e-14,6.953882249461275541e-14,8.440153576449066328e-14,1.164655152944148689e-13,1.428071433116750966e-13,9.183609302249879853e-14,8.057690092203645242e-14,6.996362110948393242e-14,7.982483756246902190e-14,1.184766585051322495e-13,2.453302663415506356e-13,2.868186831221117046e-13,6.732771640755372465e-14,6.249841658877808111e-14,7.611831783054666473e-14,8.786793238615349875e-14,9.764727907887418500e-14,8.281503141014911755e-14,9.141928424026257667e-14,9.136381548051259793e-14,9.370463064455947106e-14,1.664316743139121321e-13,3.701116385960737464e-13,5.210186723514413674e-14,6.395451971382972740e-14,9.874301855342501788e-14,8.749909826989405848e-14,1.128244864305468328e-13,8.715526166755448764e-14,1.132108721120182221e-13,2.131431635312840426e-13,1.553066957574821057e-13,2.035222470577565390e-13,1.084617072728763789e-13,2.680938323699370293e-13,2.834985007898586273e-13,2.534567390785656995e-13,5.549662725125958807e-13,2.338594092338693130e-13,2.279222515445754035e-13,1.370142642768183246e-10,7.748095900526864098e-13,4.930803943029591125e-13
7.540685853434648460e-14,9.934811743363929352e-14,8.070146882261184594e-14,7.951397341523766678e-14,8.816747708433295221e-14,8.295624654054502518e-14,8.375752508371146922e-14,1.004921206707827720e-13,7.808471027410089603e-14,7.295938376192130821e-14,6.217609515188333679e-14,7.595667884565244449e-14,7.268601693400987453e-14,8.356250829617193471e-14,8.270495536011307338e-14,9.611613359933853094e-14,9.624486088495730054e-14,7.711735189214784652e-14,8.172095384674317956e-14,7.540683770326809498e-14,8.183824507012086320e-14,1.228265596277847853e-13,1.671558782216761385e-13,7.112987259071029805e-14,8.223854126699487299e-14,8.390916542909068902e-14,8.939103957401087061e-14,9.971306689475923604e-14,8.477122500635910404e-14,8.426864678207842538e-14,7.864161917008262555e-14,7.836250982855631298e-14,1.215840003653895264e-13,1.552191067806245571e-13,2.328077612214506111e-13,6.600488767274253015e-14,7.024862621542078399e-14,8.493324696270990120e-14,1.160969314880978866e-13,1.417255509795707668e-13,9.252655309301515115e-14,8.128267840654399166e-14,7.074149388045423178e-14,8.048675750753923795e-14,1.182549821029646499e-13,2.418111875260348186e-13,2.827773083240754070e-13,6.791679647436614331e-14,6.318033761834209313e-14,7.661168424761204164e-14,8.829782671731610576e-14,9.811357468167674403e-14,8.348812540430493001e-14,9.191677311653118445e-14,9.192116510157687261e-14,9.432015913019102782e-14,1.658941532725892235e-13,3.640449674413840872e-13,5.270802687470727231e-14,6.448731197063785509e-14,9.872761774410067797e-14,8.790526965511418440e-14,1.127931948471076530e-13,8.767440478297628942e-14,1.134202645678997169e-13,2.104021388712215162e-13,1.550300187426908894e-13,2.027101880530471402e-13,1.086263906758380329e-13,2.632807830866005763e-13,2.783920865654207908e-13,2.493926728554162634e-13,5.428754255059247355e-13,2.314626039889555091e-13,2.278512361223593573e-13,1.347104997061353991e-10,7.572072326180282725e-13,4.825786145752101183e-13
7.647145372900613930e-14,1.007363802843473779e-13,8.190315270637955007e-14,8.113095490505645224e-14,8.951647969301828391e-14,8.413865990528842254e-14,8.481411789247227322e-14,1.015268497694549806e-13,7.898873589197979955e-14,7.396284638696015435e-14,6.307262295753915551e-14,7.708441183935535456e-14,7.416561481662408405e-14,8.482524758700089797e-14,8.385636075535888594e-14,9.731902471039396600e-14,9.712885206565755282e-14,7.809587902538547473e-14,8.271240661201322584e-14,7.643626637407322544e-14,8.294070162593421035e-14,1.240450081054337733e-13,1.682090007358591211e-13,7.208687765421070369e-14,8.315512262257410373e-14,8.496381494199898250e-14,9.043904040945110895e-14,1.006941623804316360e-13,8.578253194902225588e-14,8.533925485690333988e-14,7.948941732066983273e-14,7.923719342019865629e-14,1.220019933646132255e-13,1.558989570665865770e-13,2.342235222062845217e-13,6.684763274939603451e-14,7.106332539927317809e-14,8.561508188495642025e-14,1.159737788442428520e-13,1.409595347325872616e-13,9.337857850560369152e-14,8.212068177757709415e-14,7.162080485437375455e-14,8.128153658534333321e-14,1.182894782504296367e-13,2.388695594035692544e-13,2.794578549373959142e-13,6.861265082117382169e-14,6.395208140333470338e-14,7.723720554918090427e-14,8.889105266724170229e-14,9.876662078969880916e-14,8.430088778944340249e-14,9.258388942939940259e-14,9.264542937271683309e-14,9.510586467103570450e-14,1.657590103319242008e-13,3.589285385251852857e-13,5.338361707101661059e-14,6.512202690973101166e-14,9.891355674423260332e-14,8.847471815613442697e-14,1.130009618546797439e-13,8.835153598552458999e-14,1.138653765706087381e-13,2.081572271990437117e-13,1.551190977883154721e-13,2.024229652652445459e-13,1.090148772256240953e-13,2.589952455155833809e-13,2.738606793885382715e-13,2.458878155150618467e-13,5.316363585378802582e-13,2.296677515901376819e-13,2.283705750771564975e-13,1.329721740712590591e-10,7.408641563499538635e-13,4.730449148424726831e-13
7.762440366695137352e-14,1.022485751279236825e-13,8.319495635151501913e-14,8.277931263325462002e-14,9.095849093195235190e-14,8.541816330692196076e-14,8.598119365936484046e-14,1.027168427175709430e-13,8.000026511711323875e-14,7.505266818524273365e-14,6.403849146521116577e-14,7.829683655112445011e-14,7.567371995594223849e-14,8.617766015661166902e-14,8.510765986392815317e-14,9.865326273122530837e-14,9.816706686426922772e-14,7.917438692070221641e-14,8.381476481742337391e-14,7.755765931505554435e-14,8.414552608929916567e-14,1.254643733579562674e-13,1.695955276282268965e-13,7.313093451507619732e-14,8.418923965736926265e-14,8.613005735068577143e-14,9.161306343528278010e-14,1.018321031073227339e-13,8.691092662951128271e-14,8.652111063245817002e-14,8.045062974787664749e-14,8.022283442307175062e-14,1.226581997762395415e-13,1.568974093724846185e-13,2.361389264603264102e-13,6.777103485908939362e-14,7.197360249613846890e-14,8.643444218704304719e-14,1.160804664112143840e-13,1.404909976839020718e-13,9.437752365783082678e-14,8.307905657069782844e-14,7.259231336392504036e-14,8.219746568463520279e-14,1.185622013554120826e-13,2.364743111984238003e-13,2.768178108299619002e-13,6.940626770074670817e-14,6.480578350289202310e-14,7.798408516702712476e-14,8.963430118592370570e-14,9.959061450500738110e-14,8.524090693175319984e-14,9.340631136778320261e-14,9.352219373916430103e-14,9.604666891254348970e-14,1.659949425149955245e-13,3.547061934389843651e-13,5.412291750429633444e-14,6.585030417244758176e-14,9.928679986897613040e-14,8.919428177463586453e-14,1.134302043745442319e-13,8.917332648755832961e-14,1.145272375834353197e-13,2.063816139540945555e-13,1.555446545202781213e-13,2.026171829986549555e-13,1.096097140919113205e-13,2.552131487217138159e-13,2.698773277320633896e-13,2.429144857694137456e-13,5.212009518723091637e-13,2.284352183816562820e-13,2.294216795466097514e-13,1.312210455936500410e-10,7.257027577329783317e-13,4.644281447926036169e-13
7.885788631236727834e-14,1.038724774156665304e-13,8.456865020402314926e-14,8.445969543843057563e-14,9.248547767878317163e-14,8.678598161629780900e-14,8.724875741198716138e-14,1.040477124811558302e-13,8.111000748857336520e-14,7.622147642324532174e-14,6.506791186779838973e-14,7.958631935503593022e-14,7.721097076403190150e-14,8.761194642774881494e-14,8.644971767745445368e-14,1.001062980568056715e-13,9.934583475203410750e-14,8.034404683926972801e-14,8.501806606704924659e-14,7.876279085871513127e-14,8.544333067675999031e-14,1.270648731454385018e-13,1.712822218429461691e-13,7.425442406855155611e-14,8.533052728192463825e-14,8.739769979039059129e-14,9.290153303595323405e-14,1.031125623690710182e-13,8.814580050152245477e-14,8.780401636048421379e-14,8.151548343818701620e-14,8.130979744520064566e-14,1.235336036199746394e-13,1.581854383626612760e-13,2.384990867710233783e-13,6.876870331585968563e-14,7.297136504985231501e-14,8.738011225966610774e-14,1.164025028958296919e-13,1.403030489986116988e-13,9.551053749286412454e-14,8.414744112962807249e-14,7.364806829776695996e-14,8.322426363278927500e-14,1.190566063337091830e-13,2.345971417079939873e-13,2.748185551091269011e-13,7.028970513455434381e-14,6.573462919812599538e-14,7.884268249525117234e-14,9.051562782405539857e-14,1.005714352387069825e-13,8.629728931512041986e-14,9.437126223312686895e-14,9.453866150838064200e-14,9.712925295161345621e-14,1.665734101791429612e-13,3.513277374121687922e-13,5.492095996944860214e-14,6.666473473614435673e-14,9.983441243415605199e-14,9.005212420886315645e-14,1.140648097222971825e-13,9.012790247525330620e-14,1.153886868471457080e-13,2.050506613010927793e-13,1.562800912285031477e-13,2.032535750111588716e-13,1.103950460126796427e-13,2.519133469293894450e-13,2.664183339346126946e-13,2.404477710845871986e-13,5.115293695898849653e-13,2.277286400387755276e-13,2.309529546495543815e-13,1.294421541146331292e-10,7.116596212949166770e-13,4.566852501980146696e-13
8.016528682333895205e-14,1.055978755051612393e-13,8.601737602500498619e-14,8.617284619358528516e-14,9.409074323398013773e-14,8.823472782049951057e-14,8.860824413867185285e-14,1.055069541197822073e-13,8.230988978719863590e-14,7.746298334023397115e-14,6.615597223783985749e-14,8.094648219276432230e-14,7.877807651227144037e-14,8.912159725748272213e-14,8.787482210569187278e-14,1.016674409701665023e-13,1.006531341044601118e-13,8.159727522076999980e-14,8.631372866732826014e-14,8.004467347225112983e-14,8.682615035696694947e-14,1.288294129255501257e-13,1.732399436208434464e-13,7.545084293766656149e-14,8.656997079324828102e-14,8.875801308845962112e-14,9.429447397265273936e-14,1.045230319849402564e-13,8.947801018691886809e-14,8.917925311193363884e-14,8.267543416644597426e-14,8.248968762638031960e-14,1.246109279784838586e-13,1.597371395281239233e-13,2.412565556130478609e-13,6.983508839687060423e-14,7.404956367538065805e-14,8.844208051642182546e-14,1.169263293966821377e-13,1.403797434750411124e-13,9.676630275369969346e-14,8.531674906783452272e-14,7.478120362008980918e-14,8.435287656259363698e-14,1.197573567646046648e-13,2.332116487190071373e-13,2.734241329339555724e-13,7.125594969339137555e-14,6.673269786791329749e-14,7.980437149248664581e-14,9.152428465563571168e-14,1.016964249927793524e-13,8.746044398797615306e-14,9.546731007086160884e-14,9.568343743600802488e-14,9.834181192273011753e-14,1.674681867081317360e-13,3.487469156635578449e-13,5.577342101404587155e-14,6.755874226685874853e-14,1.005444291479699068e-13,9.103757414833536381e-14,1.148899463579145739e-13,9.120465731103474699e-14,1.164341378362155017e-13,2.041412575392353973e-13,1.573010805413471035e-13,2.042962652006006211e-13,1.113564131740350602e-13,2.490767313457565726e-13,2.634622484449984505e-13,2.384646392024378943e-13,5.025878711375836961e-13,2.275140887207122370e-13,2.329185192336328084e-13,1.276749498368909027e-10,6.986814493454364278e-13,4.497788040666241035e-13
8.154101720023113502e-14,1.074162385602244216e-13,8.753542114060592029e-14,8.791954695158663943e-14,9.576870525256635678e-14,8.975818720707908524e-14,9.005232295954589713e-14,1.070837133256051188e-13,8.359290874967348295e-14,7.877183345879975412e-14,6.729851192995166720e-14,8.237200031175714796e-14,8.037577421284484317e-14,9.070118129874275110e-14,8.937646727118559512e-14,1.033275926250934866e-13,1.020784118685354475e-13,8.292756759363214034e-14,8.769437112103113442e-14,8.139737881636510640e-14,8.828723392556217734e-14,1.307432320333153555e-13,1.754431604820142526e-13,7.671464850047648594e-14,8.789974348889699902e-14,9.020353069886100648e-14,9.578330117503642289e-14,1.060526079150386682e-13,9.089968621763838318e-14,9.063937506144860238e-14,8.392302668441280101e-14,8.375520466219763062e-14,1.258745006814452831e-13,1.615294174911283328e-13,2.443702808391590783e-13,7.096537967480174574e-14,7.520207031515103334e-14,8.961143022368845557e-14,1.176392586095230708e-13,1.407059789810944866e-13,9.813487146804712357e-14,8.657902799775753371e-14,7.598580123399591501e-14,8.557534822330638229e-14,1.206502488008829956e-13,2.322928918918957356e-13,2.726006758651330318e-13,7.229882313900935389e-14,6.779485714707276305e-14,8.086145315533956671e-14,9.265062268920065185e-14,1.029542606056179792e-13,8.872194403651605877e-14,9.668424840492312618e-14,9.694639576947830744e-14,9.967390356431232127e-14,1.686551697934548680e-13,3.469204172115962686e-13,5.667654794257578025e-14,6.852650492326784431e-14,1.014057994365757687e-13,9.214103304403159922e-14,1.158919814270315515e-13,9.239413758496629061e-14,1.176494588226669071e-13,2.036315029595448651e-13,1.585853839542860602e-13,2.057124517562564466e-13,1.124806516871115118e-13,2.466857029447391242e-13,2.609892813701478535e-13,2.369434534412930577e-13,4.943475152692585058e-13,2.277597259321296310e-13,2.352775610194157594e-13,1.259462635178889764e-10,6.867227679407103075e-13,4.436755812720261653e-13
8.298037552673666905e-14,1.093204638351778005e-13,8.911804610088669045e-14,8.970059764519921048e-14,9.751473025624564961e-14,9.135115118927515629e-14,9.157474231515858973e-14,1.087686023155016366e-13,8.495301243920270839e-14,8.014348348919073184e-14,6.849202214282183654e-14,8.385844659018129832e-14,8.200481226712584270e-14,9.234618469526876691e-14,9.094918536280164413e-14,1.050790348668870513e-13,1.036124389966411400e-13,8.432936624775415498e-14,8.915366797536896028e-14,8.281589675278769832e-14,8.982088032797757540e-14,1.327936273334829250e-13,1.778695754968981431e-13,7.804113570082904414e-14,8.931307577563844341e-14,9.172788950775560922e-14,9.736065268357249585e-14,1.076918191897135004e-13,9.240408051522897556e-14,9.217804690289866587e-14,8.525178110718399930e-14,8.510002452113606094e-14,1.273101586363991834e-13,1.635417549978738583e-13,2.478048394762239262e-13,7.215542441443584744e-14,7.642357892535231106e-14,9.088025133164674133e-14,1.185294494996861743e-13,1.412674561552791448e-13,9.960753251160492999e-14,8.792734485516004072e-14,7.725678021959061849e-14,8.688471427312063566e-14,1.217221704312214217e-13,2.318171481875625468e-13,2.723160972598143401e-13,7.341290513527643074e-14,6.891667620140084992e-14,8.200708391638570780e-14,9.388601430233470575e-14,1.043348528657007846e-13,9.007441404280368297e-14,9.801300095687511957e-14,9.831857416275863606e-14,1.011163265868157245e-13,1.701122747286545373e-13,3.458073179605053654e-13,5.762709772159034514e-14,6.956289015629788777e-14,1.024083547544669694e-13,9.335390207257900781e-14,1.170584290852505768e-13,9.368795127437614667e-14,1.190218861228104291e-13,2.035005436452007018e-13,1.601127394191819838e-13,2.074722255429816656e-13,1.137558227570021524e-13,2.447238115746708241e-13,2.589809051897157016e-13,2.358636725566198124e-13,4.867832462109173798e-13,2.284356452303817703e-13,2.379938887950947345e-13,1.242690168797401098e-10,6.757443672631545660e-13,4.383455810591039600e-13
8.447942767342161853e-14,1.113046687773993576e-13,9.076134301833216898e-14,9.151680762588123081e-14,9.932499850720363090e-14,9.300927900356326256e-14,9.317019738050742816e-14,1.105535387634636484e-13,8.638499619368836493e-14,8.157410026624266964e-14,6.973356158826640635e-14,8.540216282697187024e-14,8.366594426419177304e-14,9.405287983596688829e-14,9.258840587277676320e-14,1.069152521004359372e-13,1.052471814189964417e-13,8.579794628059441779e-14,9.068622510125301808e-14,8.429601586460002997e-14,9.142230042351984931e-14,1.349697146555983603e-13,1.804998028993752553e-13,7.942633179514544452e-14,9.080414012189671937e-14,9.332569346636237843e-14,9.902024525862320476e-14,1.094324771141117681e-13,9.398543439166233389e-14,9.378990492914997408e-14,8.665609203022963266e-14,8.651869504318800939e-14,1.289051614013213201e-13,1.657560077475000426e-13,2.515297905405920547e-13,7.340165629352151130e-14,7.770951766568011982e-14,9.224155956098619925e-14,1.195858931065792476e-13,1.420506657298201678e-13,1.011766929978376501e-13,8.935568364640934797e-14,7.858980035040131792e-14,8.827490724963301934e-14,1.229610696226696131e-13,2.317617734966206722e-13,2.725399308591088228e-13,7.459346310725837747e-14,7.009434920919659773e-14,8.323520929644502199e-14,9.522278123879091733e-14,1.058292538198600251e-13,9.151142904908695923e-14,9.944553407692487289e-14,9.979207684682804712e-14,1.026610106281977786e-13,1.718193511363938899e-13,3.453687577242847131e-13,5.862228285084198396e-14,7.066339486999019421e-14,1.035427802474712048e-13,9.466851412704607853e-14,1.183779055018102381e-13,9.507868334787935493e-14,1.205399449608595117e-13,2.037284849265529806e-13,1.618647671896675670e-13,2.095484289895554559e-13,1.151711483192413538e-13,2.431754944123610421e-13,2.574195708211046336e-13,2.352056579147036900e-13,4.798731881199923429e-13,2.295137994642641079e-13,2.410355500428863732e-13,1.226476642598441909e-10,6.657121271214549432e-13,4.337612969102626156e-13
8.603490515478782015e-14,1.133640148566356745e-13,9.246211576737371848e-14,9.336899270945572122e-14,1.011963895572785061e-13,9.472897917359486737e-14,9.483421330916996549e-14,1.124316002857633067e-13,8.788440876348092920e-14,8.306047157016962741e-14,7.102068320169430913e-14,8.700015037805225490e-14,8.535992704389453919e-14,9.581821430766031767e-14,9.429033441214304116e-14,1.088307758894143364e-13,1.069756807774946286e-13,8.732931482475940511e-14,9.228746883772694323e-14,8.583421956124694568e-14,9.308749705328067550e-14,1.372622155729111781e-13,1.833170700948472385e-13,8.086690414539551109e-14,9.236794704565817010e-14,9.499239356149384923e-14,1.007567459796184944e-13,1.112675378944540620e-13,9.563886111862527416e-14,9.547043507401299991e-14,8.813113639277411890e-14,8.800654122606714482e-14,1.306481049977604027e-13,1.681562089137982352e-13,2.555190977350268010e-13,7.470103132091828169e-14,7.905596925728079287e-14,9.368921905018288605e-14,1.207983997241683201e-13,1.430428877704587931e-13,1.028357683247732002e-13,9.085885150826976037e-14,7.998117593952460409e-14,8.974066847603899445e-14,1.243559216522499705e-13,2.321051303574500300e-13,2.732432523975305120e-13,7.583638681039525783e-14,7.132462626343193877e-14,8.454050002156510657e-14,9.665412425437256533e-14,1.074295671607223301e-13,9.302742094275844732e-14,1.009747724831895446e-13,1.013599825497088234e-13,1.043009127746183003e-13,1.737581019723951792e-13,3.455677595612446119e-13,5.965972234783844166e-14,7.182408893829374054e-14,1.048005846879470552e-13,9.607806698759923931e-14,1.198400824091383996e-13,9.655981488033907391e-14,1.221933704159902549e-13,2.042963524458019818e-13,1.638248765853865493e-13,2.119165219593412026e-13,1.167169466735272836e-13,2.420258845849274502e-13,2.562885030917885325e-13,2.349505527382637203e-13,4.735980745171814023e-13,2.309679660547099393e-13,2.443744735171590533e-13,1.210821796567216502e-10,6.565960837054309293e-13,4.298971509108607423e-13
8.764411621732843720e-14,1.154945567968596350e-13,9.421777765581431744e-14,9.525797483094353083e-14,1.031263840403612345e-13,9.650730691563544963e-14,9.656304167847891429e-14,1.143968921369134127e-13,8.944746716407761106e-14,8.459992758173390772e-14,7.235136999773245572e-14,8.864997637138146186e-14,8.708752067212759358e-14,9.763971580666480977e-14,9.605184747450978711e-14,1.108210483104100156e-13,1.087919434962559808e-13,8.892012135105353946e-14,9.395354685025379567e-14,8.742759507967565534e-14,9.481316018333436769e-14,1.396632652914838462e-13,1.863069405447154085e-13,8.236007890481201088e-14,9.400025056185631835e-14,9.672418144030385183e-14,1.025656573092727834e-13,1.131909766834430080e-13,9.736024079844412215e-14,9.721586509571850894e-14,8.967278892240850677e-14,8.955957886583993327e-14,1.325288338874859552e-13,1.707283797104954031e-13,2.597506079298694532e-13,7.605096984236128525e-14,8.045959842522745779e-14,9.521786796840706973e-14,1.221575832223507518e-13,1.442321944080160547e-13,1.045790796481049867e-13,9.243239197032677814e-14,8.142779850520539830e-14,9.127746601665188701e-14,1.258966921359779748e-13,2.328265582370390500e-13,2.743986500192712790e-13,7.713812709670690285e-14,7.260475072273515525e-14,8.591829024224218885e-14,9.817405384879312521e-14,1.091288608601993652e-13,9.461759128643387048e-14,1.025945176120646893e-13,1.030162563856593966e-13,1.060299196449410199e-13,1.759119972852886987e-13,3.463691399335126276e-13,6.073739716720217085e-14,7.304156174283121239e-14,1.061740667913399767e-13,9.757655712701411001e-14,1.214356367784665091e-13,9.812564506548679167e-14,1.239730268292231426e-13,2.051860820409024185e-13,1.659781682458249537e-13,2.145544427807511880e-13,1.183845670125735223e-13,2.412606737848091870e-13,2.555715567404415448e-13,2.350802127787392328e-13,4.679407751450706030e-13,2.327737261359513795e-13,2.479861264589065053e-13,1.195703485143388896e-10,6.483696659036456664e-13,4.267290527607435643e-13
8.930486838889468386e-14,1.176931131815930440e-13,9.602626369857320567e-14,9.718458309508917738e-14,1.051129791114372617e-13,9.834187513469315022e-14,9.835356869188058593e-14,1.164444272001037179e-13,9.107097964522830883e-14,8.619027166906829207e-14,7.372397890351830735e-14,9.034969311971335289e-14,8.884948929842320765e-14,9.951541042786181732e-14,9.787040093786135152e-14,1.128823017981548763e-13,1.106908380231063988e-13,9.056757790023608706e-14,9.568123958955209263e-14,8.907375376145831863e-14,9.659657518557830798e-14,1.421662398979023243e-13,1.894570567120373211e-13,8.390356932133089874e-14,9.569746245433930250e-14,9.851789519874551532e-14,1.044432143562633140e-13,1.151976724527356988e-13,9.914612638639249247e-14,9.902306930866202419e-14,9.127754480136916322e-14,9.117443604483707500e-14,1.345383515628364035e-13,1.734603464671472983e-13,2.642055821915240099e-13,7.744930410113304066e-14,8.191758598972202465e-14,9.682284742562775222e-14,1.236548408054449780e-13,1.456074512042198399e-13,1.064017586860546134e-13,9.407250516750235155e-14,8.292706747758907464e-14,9.288141860518777132e-14,1.275742949326650001e-13,2.339063703468756904e-13,2.759802211960289368e-13,7.849563889834965827e-14,7.393240256387179560e-14,8.736451821012947282e-14,9.977732258117674490e-14,1.109210825566530617e-13,9.627783050342732009e-14,1.042993690164560688e-13,1.047556660409339900e-13,1.078427552156650173e-13,1.782661809314064429e-13,3.477394758216346962e-13,6.185360965638837365e-14,7.431287187971353126e-14,1.076562777577121584e-13,9.915871466051358466e-14,1.231561965061715326e-13,9.977121650922162540e-14,1.258708261621570744e-13,2.063805258359068785e-13,1.683113312044956533e-13,2.174424615356497170e-13,1.201663232600160706e-13,2.408660179640102824e-13,2.552531201564503193e-13,2.355771739863039694e-13,4.628858981505076718e-13,2.349084439362202128e-13,2.518491867339684696e-13,1.181089951876118925e-10,6.410090598472069117e-13,4.242340657755395257e-13
9.101540108074814423e-14,1.199571551318687044e-13,9.788595513726434953e-14,9.914965551117831165e-14,1.071546155816389960e-13,1.002307772877908453e-13,1.002032340265068149e-13,1.185700176652210663e-13,9.275227629976537974e-14,8.782971950347518447e-14,7.513719165604056174e-14,9.209776887254319868e-14,9.064660222338220029e-14,1.014437523932303752e-13,9.974395059303437229e-14,1.150114537284870869e-13,1.126680002867301840e-13,9.226938835974440648e-14,9.746788149780862624e-14,9.077076133713437083e-14,9.843554273607304962e-14,1.447656015268076751e-13,1.927569034046494573e-13,8.549551266182227998e-14,9.745657492619464088e-14,1.003709361778677510e-13,1.063862933762040234e-13,1.172833033566383086e-13,1.009936599875483966e-13,1.008894846239027989e-13,9.294244933532524531e-14,9.284828211724956715e-14,1.366687309546447588e-13,1.763415656815827374e-13,2.688682791634355536e-13,7.889423102366684390e-14,8.342756929502254942e-14,9.850013417336605318e-14,1.252823277971792742e-13,1.471583142919961084e-13,1.082996599472920136e-13,9.577597489366884106e-14,8.447682834693092878e-14,9.454922559384600049e-14,1.293805453208395212e-13,2.353258651413912624e-13,2.779635810320427618e-13,7.990632852015242880e-14,7.530564739630273292e-14,8.887566988606031903e-14,1.014593596949338998e-13,1.128009784819705842e-13,9.800464346754956837e-14,1.060846494662036968e-13,1.065737027734846271e-13,1.097348947588727483e-13,1.808073709202462776e-13,3.496471049397260937e-13,6.300694726539583237e-14,7.563550022181415214e-14,1.092409806146521923e-13,1.008199401732832859e-13,1.249942829280191794e-13,1.014922443634768932e-13,1.278796464554335909e-13,2.078634655215573547e-13,1.708125359881485112e-13,2.205630265105979522e-13,1.220554254565344010e-13,2.408284776166677511e-13,2.553180568550826740e-13,2.364246460668205833e-13,4.584194530999834076e-13,2.373512387293651775e-13,2.559452330324686098e-13,1.166946198543717943e-10,6.344926749881141101e-13,4.223901821729656275e-13
9.277432687067328719e-14,1.222847105327064679e-13,9.979561484369785377e-14,1.011540409296097030e-13,1.092501149080696082e-13,1.021725207356428173e-13,1.021099591905515803e-13,1.207701776197082624e-13,9.448914674941106847e-14,8.951684554022382502e-14,7.658997190346529600e-14,9.389302819727020866e-14,9.247963495349562432e-14,1.034235634831817206e-13,1.016708831001411171e-13,1.172060139670914348e-13,1.147197471969167377e-13,9.402368589008170425e-14,9.931129106281900981e-14,9.251707700545054520e-14,1.003283089006577318e-13,1.474567599129595237e-13,1.961975911231295731e-13,8.713441488415543261e-14,9.927509108099931746e-14,1.022811956044237489e-13,1.083923304740311150e-13,1.194442520238712196e-13,1.029004984782031333e-13,1.028130366447216813e-13,9.466503428931622632e-14,9.457876374422774963e-14,1.389130259155863384e-13,1.793629580492705509e-13,2.737255898750974286e-13,8.038426981039581270e-14,8.498758858941650130e-14,1.002462774316678272e-13,1.270329276230020283e-13,1.488752217850108234e-13,1.102692802792779873e-13,9.754010225603824969e-14,8.607531761833563426e-14,9.627810282963804239e-14,1.313081093121597109e-13,2.370673434565804979e-13,2.803258718191927918e-13,8.136800522086770981e-14,7.672289074564361865e-14,9.044872582408469766e-14,1.032162086486647113e-13,1.147640165312082724e-13,9.979508139081722700e-14,1.079463342358298546e-13,1.084665075559138598e-13,1.117024850643725840e-13,1.835237547235694026e-13,3.520621404892134760e-13,6.419624984450935638e-14,7.700730639316985023e-14,1.109226071570893555e-13,1.025562440183425321e-13,1.269432512150783581e-13,1.032850496992225357e-13,1.299932515038319155e-13,2.096196261401402927e-13,1.734713253264075947e-13,2.239006055760275669e-13,1.240459032057042514e-13,2.411349853218285248e-13,2.557516760630484110e-13,2.376065227088497016e-13,4.545285644308775066e-13,2.400829450896442514e-13,2.602584552394587913e-13,1.153237182461388710e-10,6.288006924790003383e-13,4.211761972259955484e-13
9.458057975102990279e-14,1.246742827060466528e-13,1.017543321874003307e-13,1.031985985551479166e-13,1.113986238559047286e-13,1.041659689419328064e-13,1.040720838392689552e-13,1.230420350935868148e-13,9.627978383450900631e-14,9.125053557492286351e-14,7.808152740047458167e-14,9.573460009800622783e-14,9.434937004963820452e-14,1.054539801263617697e-13,1.036499554277493946e-13,1.194640031566369992e-13,1.168429973550886282e-13,9.582897721460990740e-14,1.012097083822657953e-13,9.431149977403175201e-14,1.022735036046646193e-13,1.502359478220234089e-13,1.997716572027258822e-13,8.881910180870139891e-14,1.011509621993198255e-13,1.042469894834720387e-13,1.104592489655705442e-13,1.216775195761994705e-13,1.048647470599451785e-13,1.047920741774427809e-13,9.644326008731105911e-14,9.636394707594365990e-14,1.412651842834608429e-13,1.825167511358676714e-13,2.787667098869733542e-13,8.191822356465534341e-14,8.659603858706374607e-14,1.020583396394585497e-13,1.289002171196487333e-13,1.507493783269765467e-13,1.123076850072619729e-13,9.936264518897579740e-14,8.772111357596223971e-14,9.806572386421857769e-14,1.333504496988487921e-13,2.391141237629212392e-13,2.830457645576809087e-13,8.287883667564775713e-14,7.818283689224317957e-14,9.208111122109191846e-14,1.050444676047305559e-13,1.168063134173478189e-13,1.016466793720822877e-13,1.098809844609785131e-13,1.104308020715866250e-13,1.137422704657961221e-13,1.864048806432665386e-13,3.549564842663970262e-13,6.542057953884651519e-14,7.842648840142137707e-14,1.126962130075144324e-13,1.043641881903429729e-13,1.289972292820579295e-13,1.051464969517843213e-13,1.322062121929242769e-13,2.116346850035211079e-13,1.762785033504305230e-13,2.274415235590297241e-13,1.261325439828513858e-13,2.417728334834501644e-13,2.565397242074570487e-13,2.391074001180015670e-13,4.512012268144079875e-13,2.430860585732489050e-13,2.647753741641620261e-13,1.139929329526451430e-10,6.239146803251680407e-13,4.205714967750624557e-13
9.643305824415612696e-14,1.271241782598626064e-13,1.037610791029634309e-13,1.052837875327224017e-13,1.135991019838635796e-13,1.062099008641837695e-13,1.060879511226218537e-13,1.253827843476530664e-13,9.812245185952967445e-14,9.302966791191666739e-14,7.961106949164326294e-14,9.762153195331679580e-14,9.625627862094082955e-14,1.075339965942630914e-13,1.056798588427246538e-13,1.217833888723082354e-13,1.190348024591082924e-13,9.768379549802651757e-14,1.031614114784405709e-13,9.615281669740054570e-14,1.042697226448521695e-13,1.530993761797961023e-13,2.034716392731176600e-13,9.054841556873116718e-14,1.030822215020111869e-13,1.062666412381687226e-13,1.125850025205093645e-13,1.239801994925559529e-13,1.068845474739873556e-13,1.068249451354455042e-13,9.827519159977844355e-14,9.820198831317636183e-14,1.437194903068009519e-13,1.857954219568090498e-13,2.839803241827463156e-13,8.349494456757302586e-14,8.825140321278742507e-14,1.039335676899674217e-13,1.308781038790732341e-13,1.527723748408155152e-13,1.144120780713362561e-13,1.012414766020244051e-13,8.941285303212923661e-14,9.990989626723890650e-14,1.355014124860780674e-13,2.414498530300844196e-13,2.861023107881883800e-13,8.443712023811624322e-14,7.968426956236422469e-14,9.377043404816133244e-14,1.069409565898378382e-13,1.189242167899000917e-13,1.035571069948427804e-13,1.118853697473162692e-13,1.124635012673607652e-13,1.158511658986242406e-13,1.894407890189787581e-13,3.583021708918969927e-13,6.667906430811154198e-14,7.989138278476068841e-14,1.145571758281288143e-13,1.062405674979812473e-13,1.311507022511258936e-13,1.070736493915722622e-13,1.345134165631268706e-13,2.138946937804688564e-13,1.792253187012304311e-13,2.311725986193907250e-13,1.283104965620154041e-13,2.427292283857908776e-13,2.576678783092261467e-13,2.409120118240237836e-13,4.484255352995010427e-13,2.463436427071815419e-13,2.694826260628080179e-13,1.126990920985531950e-10,6.198161947645904391e-13,4.205548507724952429e-13
9.833151043534033923e-14,1.296342068090076166e-13,1.058158296083145344e-13,1.074108573797046886e-13,1.158516575373601129e-13,1.083041158332290936e-13,1.081569213574246047e-13,1.277910081364215145e-13,1.000162761626529212e-13,9.485389837058704942e-14,8.117839864646892343e-14,9.955376256733652660e-14,9.820145964017829175e-14,1.096636433453302009e-13,1.077603089736330383e-13,1.241634835258884384e-13,1.212934596600128539e-13,9.958753974856425217e-14,1.051656407651096262e-13,9.804066485682924754e-14,1.063165605898908572e-13,1.560453141934281886e-13,2.072935910389392438e-13,9.232194696914648981e-14,1.050678533659801168e-13,1.083394984571510770e-13,1.147686822471563034e-13,1.263507407004177129e-13,1.089590723432746406e-13,1.089110324693641641e-13,1.001597582837211881e-13,1.000919101646955804e-13,1.462718923872506616e-13,1.891942745643560899e-13,2.893613267176327149e-13,8.511389780038140640e-14,8.995287408966762086e-14,1.058701550726292859e-13,1.329617534069364875e-13,1.549372263063380663e-13,1.165808177382637627e-13,1.031753868283080710e-13,9.114990208557881202e-14,1.018093146037791494e-13,1.377562331581837530e-13,2.440605867558193767e-13,2.894782699285071042e-13,8.604180404640855655e-14,8.122655987490323190e-14,9.551508096229035527e-14,1.089034869904236880e-13,1.211152803246652950e-13,1.055249849663043743e-13,1.139573467233777880e-13,1.145626152077193533e-13,1.180272607980824408e-13,1.926241628058601500e-13,3.620762637980776840e-13,6.797125689615758847e-14,8.140091454748704887e-14,1.165019108412670484e-13,1.081831424916071117e-13,1.333995045060259277e-13,1.090645652959635183e-13,1.369112280586380130e-13,2.163877957279699808e-13,1.823054625153953979e-13,2.350845566745446421e-13,1.305761376033691289e-13,2.439926353422431914e-13,2.591232876669330549e-13,2.430069888159571828e-13,4.461911887121714107e-13,2.498423057484094624e-13,2.743722373656157150e-13,1.114393940848955408e-10,6.164897227628405300e-13,4.211076115393794077e-13
1.002755922893090333e-13,1.322038974069951828e-13,1.079183831847272711e-13,1.095806747638023823e-13,1.181561585433368175e-13,1.104482666647316052e-13,1.102782848348220788e-13,1.302652494894971785e-13,1.019603841287069943e-13,9.672282103315766067e-14,8.278327561797141780e-14,1.015310953195375468e-13,1.001857162593260082e-13,1.118427559687406504e-13,1.098908905222923381e-13,1.266034563104117120e-13,1.236172982511942660e-13,1.015395698376394542e-13,1.072216007120721863e-13,9.997460914778378742e-14,1.084135097310031530e-13,1.590718659540634077e-13,2.112333258345335540e-13,9.413924664204718878e-14,1.071068469948452960e-13,1.104648413486846702e-13,1.170093245011876111e-13,1.287875787500161511e-13,1.110874522714503076e-13,1.110496436314074354e-13,1.020959211136136764e-13,1.020327533899805181e-13,1.489185493819620963e-13,1.927086577534606668e-13,2.949036703586063666e-13,8.677454964731636341e-14,9.169967118657733521e-14,1.078663984013987107e-13,1.351465983457538258e-13,1.572373000599131410e-13,1.188123058222445227e-13,1.051632038483961629e-13,9.293162567458337707e-14,1.037627311850571490e-13,1.401104413557910972e-13,2.469327585743547160e-13,2.931568020937553917e-13,8.769190648898824382e-14,8.280910661529537489e-14,9.731355174882475213e-14,1.109300075461787079e-13,1.233771882126631693e-13,1.075489876943124225e-13,1.160948885194954170e-13,1.167262544624817886e-13,1.202687174610641060e-13,1.959480117557844840e-13,3.662560436132446231e-13,6.929673781553815460e-14,8.295409200144510264e-14,1.185270815758974808e-13,1.101898236331767906e-13,1.357397316332237624e-13,1.111174161704654915e-13,1.393962129141596255e-13,2.191025319910122555e-13,1.855129066696147758e-13,2.391683808970476814e-13,1.329260958266602396e-13,2.455515030965958154e-13,2.608931152426472661e-13,2.453791834774492023e-13,4.444877217794746291e-13,2.535691292284733770e-13,2.794359601482107720e-13,1.102112261549084882e-10,6.139193265833576725e-13,4.222104888289290194e-13
1.022651387006826965e-13,1.348330312830420638e-13,1.100687149522631765e-13,1.117941179002936861e-13,1.205126499604364657e-13,1.126422020576928261e-13,1.124515698721725730e-13,1.328044086130186483e-13,1.039541414047708482e-13,9.863620793028988690e-14,8.442559987700228112e-14,1.035534985192024104e-13,1.022098620689425180e-13,1.140713423295312682e-13,1.120713925033981676e-13,1.291027599176155404e-13,1.260050098564464120e-13,1.035394604549339407e-13,1.093287385197561532e-13,1.019544050052009214e-13,1.105602758420614248e-13,1.621776016080030121e-13,2.152874870468982365e-13,9.600004699425953392e-14,1.091984557407928824e-13,1.126421909554168161e-13,1.193062449237998603e-13,1.312895135877647807e-13,1.132690757273448525e-13,1.132403249991879816e-13,1.040828976911254052e-13,1.040238077034825248e-13,1.516562158424026121e-13,1.963347290222623949e-13,3.006026137267912888e-13,8.847653750494012530e-14,9.349122594856748812e-14,1.099209196184781755e-13,1.374286109210856417e-13,1.596666227323004417e-13,1.211052885953185811e-13,1.072040309792824175e-13,9.475758827547062916e-14,1.057691774557390845e-13,1.425601497868186694e-13,2.500538276467714846e-13,2.971225021280365088e-13,8.938666782730888645e-14,8.443148650283127257e-14,9.916463096859925568e-14,1.130188270057905899e-13,1.257080387652033972e-13,1.096280839916627878e-13,1.182963408787948232e-13,1.189528933265379185e-13,1.225740667950653296e-13,1.994062996009303286e-13,3.708205541939007664e-13,7.065522196133959387e-14,8.455013626779629419e-14,1.206298028638353410e-13,1.122588816310218152e-13,1.381680248389005948e-13,1.132307179025414708e-13,1.419654752738261289e-13,2.220283698600150720e-13,1.888424859515413730e-13,2.434163213832602948e-13,1.353575127101997190e-13,2.473947114775293484e-13,2.629650468350502739e-13,2.480162363802606261e-13,4.433049191504642175e-13,2.575125583428091991e-13,2.846669749587844621e-13,1.090121947184767048e-10,6.120894892242335279e-13,4.238446894348192950e-13
1.043001411367314189e-13,1.375216066782262352e-13,1.122669517226635453e-13,1.140520806459672041e-13,1.229213314752385003e-13,1.148859411108019090e-13,1.146765131634599187e-13,1.354076992851487483e-13,1.059971237535766558e-13,1.005939872294190012e-13,8.610539248624401220e-14,1.056210840591010450e-13,1.042747226389807810e-13,1.163495606892993711e-13,1.143017819795620376e-13,1.316610940849797660e-13,1.284556061724644676e-13,1.055869746490650184e-13,1.114867141947929926e-13,1.039799742944562490e-13,1.127567508965411591e-13,1.653614990346952418e-13,2.194534462850929044e-13,9.790423962939618692e-14,1.113421654585106623e-13,1.148712789330937884e-13,1.216590037944486583e-13,1.338556657567162131e-13,1.155035572175023277e-13,1.154828317764391153e-13,1.061201321658547692e-13,1.060645822428716682e-13,1.544821826804503511e-13,2.000693637129093213e-13,3.064545364001171305e-13,9.021965029434280330e-14,9.532715644084883653e-14,1.120326309335666434e-13,1.398042652100039397e-13,1.622198468867631928e-13,1.234588169556048174e-13,1.092972148596130275e-13,9.662752977549376201e-14,1.078279320817670355e-13,1.451020061889368695e-13,2.534122635139109016e-13,3.013613542439670730e-13,9.112552550642121406e-14,8.609343327721273610e-14,1.010673578040926178e-13,1.151685767416794570e-13,1.281063001466333450e-13,1.117615032932346019e-13,1.205603821148517235e-13,1.212413297828459008e-13,1.249421667623919304e-13,2.029938575232120408e-13,3.757505716332357827e-13,7.204654380303094593e-14,8.618845831915895732e-14,1.228076029703286239e-13,1.143889106315557673e-13,1.406815224021849967e-13,1.154032935731794166e-13,1.446166036482363698e-13,2.251556807176320839e-13,1.922898160421130699e-13,2.478217743475736743e-13,1.378679938569392972e-13,2.495116010515096610e-13,2.653273224442244701e-13,2.509065884136026469e-13,4.426327343529643673e-13,2.616623199916767012e-13,2.900597240855400398e-13,1.078401170488743759e-10,6.109849911866150855e-13,4.259919958425306956e-13
1.063807277229564094e-13,1.402698095952527497e-13,1.145133522902009861e-13,1.163554734736408691e-13,1.253825376279135737e-13,1.171796511255382693e-13,1.169530334885629393e-13,1.380746099650245094e-13,1.080890918474230764e-13,1.025962238672119251e-13,8.782278096714917759e-14,1.077340886043405663e-13,1.063811366618483870e-13,1.186777003055280655e-13,1.165821808786925787e-13,1.342783733944739151e-13,1.309683809377848287e-13,1.076820403640225661e-13,1.136953739895746137e-13,1.060513840336906874e-13,1.150029890122718742e-13,1.686228914113750164e-13,2.237292110054258422e-13,9.985185531389396323e-14,1.135376662787223975e-13,1.171520207880788353e-13,1.240673752483399710e-13,1.364854372102345002e-13,1.177907090272866238e-13,1.177771013784398151e-13,1.082072683223583659e-13,1.081547792079796842e-13,1.573942219932598801e-13,2.039100717735684189e-13,3.124567713961653362e-13,9.200381098482260749e-14,9.720724516967898932e-14,1.142007029243210155e-13,1.422704995047363564e-13,1.648922152633557515e-13,1.258722105899820193e-13,1.114423167518475917e-13,9.854134405128667475e-14,1.099384922657742092e-13,1.477331470518725777e-13,2.569975213970132981e-13,3.058606758655403634e-13,9.290809190564508690e-14,8.779481906723681824e-14,1.030209986009991548e-13,1.173781764911398780e-13,1.305707699188245399e-13,1.139487052826516480e-13,1.228859866166803604e-13,1.235906491688275272e-13,1.273721648124530017e-13,2.067063016906347100e-13,3.810285546719326737e-13,7.347064341650147369e-14,8.786863816563576217e-14,1.250583873631272080e-13,1.165787943416463902e-13,1.432778136395500640e-13,1.176342396293117298e-13,1.473476212047471351e-13,2.284757103868530251e-13,1.958512160564021681e-13,2.523791670593828850e-13,1.404555693244725490e-13,2.518920000030688011e-13,2.679687633359623492e-13,2.540394841221854544e-13,4.424612294649614227e-13,2.660093365654119395e-13,2.956097508195506455e-13,1.066930060490662461e-10,6.105908172829471143e-13,4.286347276824738872e-13
1.085071458030789171e-13,1.430779887224766984e-13,1.168082904055462237e-13,1.187052239621178216e-13,1.278967203797540301e-13,1.195236285236835401e-13,1.192812086966964123e-13,1.408048694961299880e-13,1.102299690262450112e-13,1.046431026710857702e-13,8.957798614901105859e-14,1.098928572785347532e-13,1.085299568171538000e-13,1.210561645558060494e-13,1.189128458490780096e-13,1.369546991095324208e-13,1.335428761864204453e-13,1.098247299275132246e-13,1.159547271375272224e-13,1.081688278818056309e-13,1.172991855177317891e-13,1.719614208517748754e-13,2.281133428711638525e-13,1.018430465822747360e-13,1.157848277567095429e-13,1.194844924967948974e-13,1.265313202816396320e-13,1.391784766532276351e-13,1.201305164466864135e-13,1.201232301467415415e-13,1.103441258085246914e-13,1.102942706312968610e-13,1.603905365069137283e-13,2.078549226148378137e-13,3.186074632880564860e-13,9.382906115363075088e-14,9.913141955434389843e-14,1.164245359025331064e-13,1.448246798121002475e-13,1.676795240102833214e-13,1.283450261368473770e-13,1.136390871450581187e-13,1.004990602074900258e-13,1.121005482899747414e-13,1.504511538875981120e-13,2.608000099838541707e-13,3.106090552104796268e-13,9.473413455111031160e-14,8.953563802016770782e-14,1.050250221870915109e-13,1.196468033772443177e-13,1.331005385633994602e-13,1.161893529291767665e-13,1.252723920162741665e-13,1.260001916255348056e-13,1.298634643499656035e-13,2.105399559166888288e-13,3.866385829127778740e-13,7.492755461417396959e-14,8.959040621203194256e-14,1.273804046491949237e-13,1.188276752611706465e-13,1.459548959878818102e-13,1.199228955075104176e-13,1.501569402828307511e-13,2.319805438969417877e-13,1.995236366535939223e-13,2.570838506717184709e-13,1.431186463757868335e-13,2.545262474763103042e-13,2.708787941919184789e-13,2.574049675257249674e-13,4.427805342354543308e-13,2.705456389713553898e-13,3.013135567436792909e-13,1.055690520816961563e-10,6.108920924340822995e-13,4.317557729066208988e-13
1.106797469406401382e-13,1.459466338255545425e-13,1.191522400494231861e-13,1.211022769568953242e-13,1.304644342472196457e-13,1.219182825192060268e-13,1.216612559046959441e-13,1.435984173242819269e-13,1.124198218566978593e-13,1.067349138011230938e-13,9.137131088036520821e-14,1.120978298190688786e-13,1.107220504283391312e-13,1.234854566241036545e-13,1.212941510948746701e-13,1.396903350856520231e-13,1.361788526986202775e-13,1.120152423559030385e-13,1.182649257660156535e-13,1.103326102901056982e-13,1.196456590330474713e-13,1.753769984100359678e-13,2.326048868350748557e-13,1.038780727788797588e-13,1.180836772649610113e-13,1.218689104067252944e-13,1.290509634654052906e-13,1.419346493874301861e-13,1.225231163516267199e-13,1.225214533664168802e-13,1.125306793769499880e-13,1.124830781449726970e-13,1.634697139632341822e-13,2.119024787543197093e-13,3.249054513196938394e-13,9.569554748435305949e-14,1.010997349005109042e-13,1.187037344802160451e-13,1.474645650758409001e-13,1.705780859586918805e-13,1.308770292685930949e-13,1.158874435286732086e-13,1.025008263236183170e-13,1.143139611624671349e-13,1.532540125494788425e-13,2.648110539324983806e-13,3.155962842244244155e-13,9.660355867317354768e-14,9.131599204419642904e-14,1.070790778901059063e-13,1.219738641964153040e-13,1.356949570122300050e-13,1.184832888253638644e-13,1.277190699909169807e-13,1.284695232806031990e-13,1.324156951771386825e-13,2.144917807052755619e-13,3.925662868070473041e-13,7.641739444171090662e-14,9.135362671265976954e-14,1.297722150000171128e-13,1.211349270669340401e-13,1.487111355691119829e-13,1.222688166521988481e-13,1.530433213588371988e-13,2.356630666687422728e-13,2.033045946214563619e-13,2.619320025036929702e-13,1.458559674213781399e-13,2.574052127690278460e-13,2.740474600048316722e-13,2.609938714228318915e-13,4.435808231547624923e-13,2.752642814443495059e-13,3.071684778733004332e-13,1.044666054226208701e-10,6.118740447760824197e-13,4.353386251444856478e-13
1.128989744938275315e-13,1.488763579169488548e-13,1.215457632938110637e-13,1.235475951921270343e-13,1.330863242138529685e-13,1.243641215850656663e-13,1.240935148435554871e-13,1.464553781686614661e-13,1.146588435781376546e-13,1.088720405323008275e-13,9.320313059295246284e-14,1.143495291782536003e-13,1.129583003265119606e-13,1.259661677655162589e-13,1.237265741456891970e-13,1.424856876553109010e-13,1.388762646038977122e-13,1.142538884298726474e-13,1.206262479235180858e-13,1.125431332745045899e-13,1.220428365406019328e-13,1.788697704042336866e-13,2.372033106335183767e-13,1.059572875075073650e-13,1.204343815731727884e-13,1.243056143498284812e-13,1.316265732812058859e-13,1.447540115651482377e-13,1.249687791208701470e-13,1.249721285029665476e-13,1.147670410961994503e-13,1.147213556966249704e-13,1.666306866199089703e-13,2.160517381118546208e-13,3.313501724806424140e-13,9.760351023611563097e-14,1.031123598385186137e-13,1.210380853549774537e-13,1.501882747404369469e-13,1.735846949314403361e-13,1.334681706600741240e-13,1.181874513041609705e-13,1.045468956668784005e-13,1.165787433363973505e-13,1.561400760465303136e-13,2.690228531227288176e-13,3.208132895566957385e-13,9.851639209410639714e-14,9.313607863097866914e-14,1.091829762753843138e-13,1.243589710322200853e-13,1.383536082028643467e-13,1.208305147907421019e-13,1.302257007291741323e-13,1.309984111608200738e-13,1.350286878914863791e-13,2.185593092324461801e-13,3.987987726111948599e-13,7.794035412987184294e-14,9.315828335712345716e-14,1.322326614002080974e-13,1.235001302561080657e-13,1.515452315528183511e-13,1.246717509412530936e-13,1.560058366133248651e-13,2.395169238159059127e-13,2.071921142970895196e-13,2.669205386674419885e-13,1.486665728966195047e-13,2.605203102460543666e-13,2.774654378779656202e-13,2.647978014512025413e-13,4.448523086068144581e-13,2.801592603947888572e-13,3.131725804739874989e-13,1.033841595063932367e-10,6.135219932910893796e-13,4.393674384678313160e-13
1.151653527164945991e-13,1.518678815095243092e-13,1.239894995767754164e-13,1.260421593962242414e-13,1.357631150091946294e-13,1.268617415004121709e-13,1.265784331868088257e-13,1.493760396290559148e-13,1.169473394568325584e-13,1.110549484707628140e-13,9.507388500274510352e-14,1.166485515206175542e-13,1.152396052239690825e-13,1.284989669466833761e-13,1.262106833564415962e-13,1.453412879524405328e-13,1.416352368054912692e-13,1.165410775362549488e-13,1.230390826150628066e-13,1.148008847932626662e-13,1.244912402646317958e-13,1.824400887463913729e-13,2.419084511015319860e-13,1.080811275732521792e-13,1.228372305502275441e-13,1.267950527803674932e-13,1.342585447706625632e-13,1.476367873889563831e-13,1.274678926877840307e-13,1.274757204512592260e-13,1.170534445756166837e-13,1.170093742440265579e-13,1.698726944782676051e-13,2.203020824033514689e-13,3.379415793830432357e-13,9.955327298679727055e-14,1.051695634266811860e-13,1.234275373832352598e-13,1.529942580116018500e-13,1.766965906739189638e-13,1.361185645957432730e-13,1.205393068267698703e-13,1.066376145226753816e-13,1.188950415525559234e-13,1.591080299784678882e-13,2.734284382704200725e-13,3.262520607941513532e-13,1.004727717558306172e-13,9.499618008346037834e-14,1.113366718429104061e-13,1.268019192653233453e-13,1.410762815175312477e-13,1.232311737260129558e-13,1.327921499999272095e-13,1.335868007435770175e-13,1.377024510389024073e-13,2.227405884530940756e-13,4.053245410957811108e-13,7.949669103885185222e-14,9.500446640034364319e-14,1.347608430135006834e-13,1.259230501628811485e-13,1.544561833500703599e-13,1.271316175417015848e-13,1.590438368590581035e-13,2.435364772591053525e-13,2.111846740177018054e-13,2.720470341881842490e-13,1.515497691438661717e-13,2.638635085146143814e-13,2.811240423450111411e-13,2.688091142732440380e-13,4.465852463415034431e-13,2.852254359406063985e-13,3.193245687071335341e-13,1.023203358018437163e-10,6.158213538671857537e-13,4.438270792798523468e-13
1.174794776603050597e-13,1.549220196290559687e-13,1.264841568515903835e-13,1.285869686391650957e-13,1.384956023065250311e-13,1.294118154006362343e-13,1.291165541658748161e-13,1.523608331029312669e-13,1.192857142723874771e-13,1.132841764671632295e-13,9.698407113694677026e-14,1.189955579589206703e-13,1.175668802188348408e-13,1.310845922979433118e-13,1.287471274929222233e-13,1.482577770957565375e-13,1.444560455472165999e-13,1.188773065291725019e-13,1.255039171151355398e-13,1.171064289998525002e-13,1.269914766901881727e-13,1.860884858516334140e-13,2.467204683119994352e-13,1.102501036963073743e-13,1.252926232357138880e-13,1.293377702412592793e-13,1.369473848487502695e-13,1.505833496080099581e-13,1.300209490137628433e-13,1.300327891130009786e-13,1.193902314173363472e-13,1.193475086481636734e-13,1.731952527341669504e-13,2.246532323528477447e-13,3.446800717577914179e-13,1.015452338397118386e-13,1.072717040932664846e-13,1.258721841756461368e-13,1.558812654715811818e-13,1.799114254188145117e-13,1.388284705227060621e-13,1.229433228134972705e-13,1.087734118372127504e-13,1.212631220196004153e-13,1.621568611645039703e-13,2.780216252809398890e-13,3.319055794187853185e-13,1.024729320325798481e-13,9.689665428881051497e-14,1.135402478680357578e-13,1.293026682408642645e-13,1.438629504104926617e-13,1.256855339492834901e-13,1.354184491144633264e-13,1.362347964107793724e-13,1.404371512882798091e-13,2.270341263129182452e-13,4.121334047407002527e-13,8.108672172464683410e-14,9.689236145389173510e-14,1.373560910694942641e-13,1.284036175954852853e-13,1.574432611203302383e-13,1.296484884392893271e-13,1.621569222624647759e-13,2.477167626084049150e-13,2.152811584217440469e-13,2.773096519614915657e-13,1.545051009368663710e-13,2.674273348022226088e-13,2.850152254255460564e-13,2.730208919677063800e-13,4.487699519486613097e-13,2.904584584192618438e-13,3.256237056885316700e-13,1.012738702710311828e-10,6.187576619003295428e-13,4.487031682050223811e-13
1.198420094825089137e-13,1.580396709503525439e-13,1.290305041778790380e-13,1.311830407301972303e-13,1.412846453592572985e-13,1.320150853870310100e-13,1.317085060079787841e-13,1.554103173875039039e-13,1.216744615392963380e-13,1.155603288774936874e-13,9.893423741227108022e-14,1.213912676276668410e-13,1.199410572881383216e-13,1.337238439390179969e-13,1.313366269403611376e-13,1.512358936244280076e-13,1.473391015686086285e-13,1.212631502099447717e-13,1.280213261118095549e-13,1.194603979754954503e-13,1.295442272635004681e-13,1.898156532020323132e-13,2.516398060945138902e-13,1.124647925408580848e-13,1.278010558424276796e-13,1.319343966848757249e-13,1.396936997376026979e-13,1.535942027028655176e-13,1.326285325143784552e-13,1.326439788234412417e-13,1.217778394997005236e-13,1.217362263649595732e-13,1.765981228698091888e-13,2.291052085984738818e-13,3.515664380599793115e-13,1.035798578257055241e-13,1.094192200878462037e-13,1.283722488228212904e-13,1.588483228857870570e-13,1.832272321405500336e-13,1.415982770458777000e-13,1.253999157001410612e-13,1.109547903285675143e-13,1.236833575342942837e-13,1.652858291485010161e-13,2.827969689495755321e-13,3.377677491316231245e-13,1.045171945383671804e-13,9.883792675952183601e-14,1.157939030640939663e-13,1.318613242027478999e-13,1.467137527361895021e-13,1.281939755895333538e-13,1.381047773072372697e-13,1.389426443304565497e-13,1.432330961585063488e-13,2.314388443395939946e-13,4.192164044345381313e-13,8.271081593826691360e-14,9.882223967083601379e-14,1.400179470158696756e-13,1.309419117181941001e-13,1.605059792120115436e-13,1.322225722273147076e-13,1.653449163371844235e-13,2.520534462678583080e-13,2.194808158474729683e-13,2.827070793813923777e-13,1.575323275090833225e-13,2.712048745504865913e-13,2.891315715517167731e-13,2.774269132532644671e-13,4.513968257419907636e-13,2.958546997101019563e-13,3.320697453577796790e-13,1.002436013799812460e-10,6.223166073945614708e-13,4.539821118766887708e-13
1.222536659471236435e-13,1.612218087273502234e-13,1.316293655320825886e-13,1.338314126102994191e-13,1.441311608471303429e-13,1.346723554622011593e-13,1.343549929366181000e-13,1.585251646029457207e-13,1.241141542326673776e-13,1.178840689783345896e-13,1.009249786118421216e-13,1.238364518843642631e-13,1.223630857683859024e-13,1.364175779630511766e-13,1.339799662881384196e-13,1.542764628521046976e-13,1.502849355198758894e-13,1.236992531975118329e-13,1.305919624260279943e-13,1.218634847236559615e-13,1.321502405236502154e-13,1.936224230463750108e-13,2.566671581013402022e-13,1.147258299428341788e-13,1.303631114325860652e-13,1.345856383937832336e-13,1.424981842261698016e-13,1.566699684032834496e-13,1.352913101635922842e-13,1.353100093596416848e-13,1.242167928549203161e-13,1.241760776989834455e-13,1.800812870362942941e-13,2.336582976204960851e-13,3.586018059190459047e-13,1.056576703461736768e-13,1.116126212448355582e-13,1.309280705102225967e-13,1.618947071473939490e-13,1.866423946457457962e-13,1.444284880444479738e-13,1.279095946992285017e-13,1.131823188658655209e-13,1.261562163008684335e-13,1.684944404100811302e-13,2.877497168005193721e-13,3.438333284083888898e-13,1.066059592496957456e-13,1.008204837759091356e-13,1.180979398660076600e-13,1.344781252548327954e-13,1.496289734802436925e-13,1.307569787806504071e-13,1.408514462887550045e-13,1.417107175071138938e-13,1.460907189765663525e-13,2.359540352021907360e-13,4.265657270909116750e-13,8.436939144132379087e-14,1.007944491624632333e-13,1.427461427887357204e-13,1.335381449453860402e-13,1.636440723158605339e-13,1.348541998998089368e-13,1.686078428937176071e-13,2.565427833562621767e-13,2.237832203882507132e-13,2.882384719825145147e-13,1.606314013894520836e-13,2.751897666254466051e-13,2.934662879047330903e-13,2.820216224119047109e-13,4.544563838233421193e-13,3.014111894802549414e-13,3.386628735576039447e-13,9.922845951157843029e-11,6.264840792039668419e-13,4.596511255855491684e-13
1.247152169413019019e-13,1.644694732380973232e-13,1.342816146490586818e-13,1.365331407740243021e-13,1.470361177423705514e-13,1.373844855922566842e-13,1.370567875135563786e-13,1.617061481232373768e-13,1.266054368167999013e-13,1.202561133725777144e-13,1.029569316313599923e-13,1.263319294633036417e-13,1.248339328233060389e-13,1.391667014130242285e-13,1.366779880951364868e-13,1.573803878582125266e-13,1.532941853501362219e-13,1.261863229952520442e-13,1.332165490953141589e-13,1.243164372422132644e-13,1.348103254549050031e-13,1.975097527953553916e-13,2.618034386864503562e-13,1.170339051668501951e-13,1.329794510449324660e-13,1.372922702329361319e-13,1.453616125043812910e-13,1.598113732305002103e-13,1.380100230436174314e-13,1.380316683041322041e-13,1.267076929359097365e-13,1.266676874137678170e-13,1.836449254004033072e-13,2.383130220946720379e-13,3.657876001604916457e-13,1.077792515223444740e-13,1.138524818880090746e-13,1.335400928066389907e-13,1.650199242794687317e-13,1.901556195829912381e-13,1.473197106509242331e-13,1.304729523418876938e-13,1.154566259438571696e-13,1.286822522382125032e-13,1.717824251011794638e-13,2.928757637201481889e-13,3.500978659337546273e-13,1.087396967847291960e-13,1.028448664855714419e-13,1.204527541543853078e-13,1.371534281438934192e-13,1.526090296247283696e-13,1.333751134383152248e-13,1.436588867208313854e-13,1.445395027284251826e-13,1.490105657906742313e-13,2.405793248295763428e-13,4.341746253162679441e-13,8.606290953452337865e-14,1.028094075042969210e-13,1.455405830490159858e-13,1.361926496352617804e-13,1.668574741133921497e-13,1.375438124259778538e-13,1.719459056522252369e-13,2.611815769176716400e-13,2.281882381831900486e-13,2.939034034552409900e-13,1.638024495895233032e-13,2.793761946476177791e-13,2.980131907876427557e-13,2.868000967027910385e-13,4.579392932920308902e-13,3.071255563607474726e-13,3.454036570826615047e-13,9.822745762218065324e-11,6.312462153423173847e-13,4.656982477738721124e-13
1.272274798576926768e-13,1.677837655121596910e-13,1.369881707383908908e-13,1.392893017008084515e-13,1.500005330385576184e-13,1.401523867275959990e-13,1.398147241339785405e-13,1.649541322440652914e-13,1.291490184044587782e-13,1.226772272463531969e-13,1.050307718851561351e-13,1.288785624359118095e-13,1.273545839006597587e-13,1.419721680565886791e-13,1.394315876258599430e-13,1.605486418788936065e-13,1.563675854185501270e-13,1.287251240886767931e-13,1.358958726138188980e-13,1.268200535238654303e-13,1.375253458817394135e-13,2.014787117358451881e-13,2.670497579538270889e-13,1.193897560395689880e-13,1.356508060826942327e-13,1.400551290894267850e-13,1.482848303528232795e-13,1.630192377976471000e-13,1.407854791413678488e-13,1.408098045713695987e-13,1.292512110931652755e-13,1.292117475217856783e-13,1.872893961543603491e-13,2.430701151383379593e-13,3.731255072872340792e-13,1.099452313340289333e-13,1.161394347278366817e-13,1.362088534335746450e-13,1.682236893946656469e-13,1.937659104035353292e-13,1.502726448588186841e-13,1.330906563155136401e-13,1.177783941051609928e-13,1.312620965901179538e-13,1.751497161238774068e-13,2.981716079047764805e-13,3.565576393851733903e-13,1.109189417012223497e-13,1.049116658347588029e-13,1.228588262580095080e-13,1.398876966288662150e-13,1.556544569064667665e-13,1.360490304076240403e-13,1.465276363858200590e-13,1.474295891927335128e-13,1.519932840101863082e-13,2.453146386894172028e-13,4.420373400233638153e-13,8.779187120928555059e-14,1.048675952035935860e-13,1.484013292326391811e-13,1.389058663892742916e-13,1.701462982082313945e-13,1.402919498909489951e-13,1.753594702470560177e-13,2.659671387819149654e-13,2.326959975420143530e-13,2.997018214228185343e-13,1.670457568503190129e-13,2.837588749964624209e-13,3.027666886958265344e-13,2.917580129645116180e-13,4.618364097661510393e-13,3.129959739551401026e-13,3.522929996830375780e-13,9.723968299257711022e-11,6.365894566114134110e-13,4.721123470140838127e-13
1.297913157131903047e-13,1.711658421327243661e-13,1.397499949352668995e-13,1.421009922725596403e-13,1.530254682059423638e-13,1.429770166351790320e-13,1.426296935094869315e-13,1.682700633486393302e-13,1.317456668939733561e-13,1.251482203543730493e-13,1.071472102756362174e-13,1.314772528511512062e-13,1.299260431768050036e-13,1.448349748845718973e-13,1.422417084454080107e-13,1.637822618895936470e-13,1.595059571046285111e-13,1.313164729279920066e-13,1.386307771783811822e-13,1.293751773380801656e-13,1.402962157510330170e-13,2.055304697340625058e-13,2.724074004022971109e-13,1.217941648298737575e-13,1.383779718001815566e-13,1.428751083047813613e-13,1.512687484964648461e-13,1.662944676314026540e-13,1.436185472161871804e-13,1.436453229284835000e-13,1.318480821102654053e-13,1.318090110961830746e-13,1.910152179048794985e-13,2.479304979682796465e-13,3.806174454126071681e-13,1.121562854436383638e-13,1.184741656197952654e-13,1.389349753469333409e-13,1.715059084970201830e-13,1.974725432583808943e-13,1.532880745486046979e-13,1.357634424284323447e-13,1.201483551794514899e-13,1.338964506723322761e-13,1.785964303612479745e-13,3.036343085153228149e-13,3.632095978720300080e-13,1.131442866949930298e-13,1.070215182205397346e-13,1.253167130863153881e-13,1.426814912962755515e-13,1.587658982477481240e-13,1.387794538093965643e-13,1.494583298606206086e-13,1.503816586140421628e-13,1.550396125542513071e-13,2.501601718374287282e-13,4.501490266509300189e-13,8.955681384021076311e-14,1.069695500125018579e-13,1.513285852624868584e-13,1.416783337785100900e-13,1.735108211329736578e-13,1.430992420139844099e-13,1.788490483692255869e-13,2.708972523284120610e-13,2.373068625210379049e-13,3.056340083998414746e-13,1.703617507205856816e-13,2.883330420553555076e-13,3.077217627382082589e-13,2.968916139977091326e-13,4.661388156010205408e-13,3.190211115059003819e-13,3.593321040877309449e-13,9.626428992967446825e-11,6.425006011302256634e-13,4.788831220308564581e-13
1.324076258972196272e-13,1.746169109460848273e-13,1.425680873732155617e-13,1.449693301867107739e-13,1.561120262627103759e-13,1.458593764218321814e-13,1.455026380006377814e-13,1.716549623685489824e-13,1.343962039543031327e-13,1.276699436317767539e-13,1.093069906468013843e-13,1.341289399530943245e-13,1.325493339917063904e-13,1.477561591973077031e-13,1.451093387304202518e-13,1.670823432070105255e-13,1.627102007257184435e-13,1.339612336738630249e-13,1.414221598036259211e-13,1.319826946769549816e-13,1.431238951732130408e-13,2.096662876480961589e-13,2.778778066756585091e-13,1.242479547754364899e-13,1.411618017057700209e-13,1.457531529685509470e-13,1.543143369616286658e-13,1.696380453131144327e-13,1.465101515913832501e-13,1.465391793695983758e-13,1.344990986427030092e-13,1.344602869780057953e-13,1.948230541872968237e-13,2.528952605492879458e-13,3.882655388640941064e-13,1.144131316168801525e-13,1.208574090714337735e-13,1.417191589631653779e-13,1.748666620067278589e-13,2.012750447894739047e-13,1.563668597521046676e-13,1.384921085687972356e-13,1.225672862292821552e-13,1.365860796141524808e-13,1.821228518815083987e-13,3.092614453265800572e-13,3.700513082422683123e-13,1.154163775541397142e-13,1.091751017694158121e-13,1.278270412619885250e-13,1.455354606404802214e-13,1.619440936654059947e-13,1.415671744445447417e-13,1.524516895168048563e-13,1.533964766266160580e-13,1.581503733236751728e-13,2.551163623742804092e-13,4.585056854864482830e-13,9.135830834858403093e-14,1.091158619858134222e-13,1.543226847780236873e-13,1.445106793381189786e-13,1.769514672383817627e-13,1.459663998997321943e-13,1.824152838182417623e-13,2.759701373252211017e-13,2.420214095987728721e-13,3.117005473959816014e-13,1.737509883040747947e-13,2.930944312548603419e-13,3.128739450367126768e-13,3.021976752259539320e-13,4.708378574421084403e-13,3.252000889970296124e-13,3.665224392866880409e-13,9.530049329944663582e-11,6.489668577435176242e-13,4.860010954416774250e-13
1.350773492738767366e-13,1.781382271949432147e-13,1.454434845459145040e-13,1.478954540553975528e-13,1.592613491092923220e-13,1.488005074156998571e-13,1.484345474711119737e-13,1.751099180961308930e-13,1.371015005753650529e-13,1.302432861794682894e-13,1.115108875387889383e-13,1.368345976894524735e-13,1.352254990835830861e-13,1.507367959710903993e-13,1.480355079763548920e-13,1.704500346869392454e-13,1.659812883605554132e-13,1.366603144228763748e-13,1.442709659858282620e-13,1.346435306035071964e-13,1.460093869004198200e-13,2.138875088078484260e-13,2.834625573536953654e-13,1.267519869983488620e-13,1.440032026180779556e-13,1.486902557414985864e-13,1.574226200689633639e-13,1.730510235062448379e-13,1.494612675348023883e-13,1.494923770084358863e-13,1.372051062856917330e-13,1.371664350727728623e-13,1.987136995919743652e-13,2.579656443805172808e-13,3.960720960579390682e-13,1.167165265398184650e-13,1.232899442615988300e-13,1.445621752274423420e-13,1.783061896873366502e-13,2.051731715137324385e-13,1.595099297822768073e-13,1.412775093210392443e-13,1.250360059594107613e-13,1.393318068162342156e-13,1.857294167168467260e-13,3.150510801068569656e-13,3.770809047650720244e-13,1.177359086962082612e-13,1.113731330442671825e-13,1.303905009997250141e-13,1.484503330958497281e-13,1.651898712723145625e-13,1.444130439314010796e-13,1.555085174981539930e-13,1.564748851340877862e-13,1.613264636174713866e-13,2.601838675394428020e-13,4.671040954991211047e-13,9.319695668999314666e-14,1.113071690888149143e-13,1.573840795784372300e-13,1.474036115199614420e-13,1.804687950623962052e-13,1.488942086809719302e-13,1.860589400062650761e-13,2.811844165628473657e-13,2.468404067265333979e-13,3.179022910260591037e-13,1.772141443814554404e-13,2.980392601000228849e-13,3.182192952950175077e-13,3.076734716230533522e-13,4.759251815280306487e-13,3.315324358527991535e-13,3.738657117414538205e-13,9.434756270446998816e-11,6.559758959605227039e-13,4.934576015131286452e-13
1.378014601615629474e-13,1.817310910375244203e-13,1.483772576237871061e-13,1.508805239621801057e-13,1.624746158964916955e-13,1.518014890621458034e-13,1.514264562420198740e-13,1.786360820711743582e-13,1.398624736397834603e-13,1.328691730851382204e-13,1.137597045606529770e-13,1.395952330848830991e-13,1.379556012465594003e-13,1.537779961853635410e-13,1.510212847307974536e-13,1.738865352927777892e-13,1.693202581913188593e-13,1.394146644071779673e-13,1.471781864544654644e-13,1.373586469987441383e-13,1.489537338376625061e-13,2.181955526732416264e-13,2.891633605143346371e-13,1.293071582554300820e-13,1.469031308417004389e-13,1.516874537908789561e-13,1.605946726878146060e-13,1.765345195592276423e-13,1.524729177946616498e-13,1.525059630842280289e-13,1.399669997127544068e-13,1.399283626984741265e-13,2.026880682103382742e-13,2.631430286701633779e-13,4.040395922774924239e-13,1.190672633646778361e-13,1.257725919372375863e-13,1.474648599633963675e-13,1.818248775012654441e-13,2.091668914834443730e-13,1.627182777921309427e-13,1.441205517365311078e-13,1.275553719872519713e-13,1.421345095104251771e-13,1.894166997876576558e-13,3.210017213260524006e-13,3.842970439959226522e-13,1.201036195653388961e-13,1.136163644836534209e-13,1.330078410738778809e-13,1.514269104546781257e-13,1.685041399091383959e-13,1.473179700510020883e-13,1.586296891627803757e-13,1.596177961079423730e-13,1.645688500483853373e-13,2.653635435424174684e-13,4.759417535015390285e-13,9.507338987894221415e-14,1.135441536165199825e-13,1.605133296955594001e-13,1.503579130189477759e-13,1.840634857332374495e-13,1.518835215153546212e-13,1.897808895405605970e-13,2.865390855689250366e-13,2.517647957718825293e-13,3.242403358142261395e-13,1.807520012418444317e-13,3.031642087857301421e-13,3.237543773183338218e-13,3.133167465962748303e-13,4.813927673881174141e-13,3.380180549014848647e-13,3.813638418881758795e-13,9.340481750695298377e-11,6.635158935210089379e-13,5.012447695593200131e-13
1.405809664708138301e-13,1.853968451788668557e-13,1.513705108415302189e-13,1.539257216762633810e-13,1.657530414409945032e-13,1.548634369563815601e-13,1.544794403180093078e-13,1.822346639593081467e-13,1.426800828292701491e-13,1.355485634308861010e-13,1.160542729198343666e-13,1.424118847145507483e-13,1.407407237405166225e-13,1.568809052221674560e-13,1.540677744936950829e-13,1.773930909482696770e-13,1.727282094083611558e-13,1.422252714452413902e-13,1.501448542293570813e-13,1.401290405029850851e-13,1.519580167570540785e-13,2.225919090665397404e-13,2.949820404982910034e-13,1.319143988916948122e-13,1.498625887224641041e-13,1.547458260007071260e-13,1.638316168385807321e-13,1.800897106354324394e-13,1.555461694605082495e-13,1.555810262323668521e-13,1.427857191975901284e-13,1.427470212974853266e-13,2.067471832124677179e-13,2.684289178904404768e-13,4.121706543681851342e-13,1.214661694912510631e-13,1.283062116229459301e-13,1.504281087849997111e-13,1.854232455680705737e-13,2.132563672934120513e-13,1.659929558766819114e-13,1.470221915214673548e-13,1.301262783802701828e-13,1.449951147904258506e-13,1.931854030170234251e-13,3.271122906790807859e-13,3.916988623323854468e-13,1.225202914049919711e-13,1.159055821023935983e-13,1.356798642965611705e-13,1.544660619429261652e-13,1.718878825149645142e-13,1.502829125614025164e-13,1.618161471836592430e-13,1.628261860112181235e-13,1.678785630689329126e-13,2.706564273032871783e-13,4.850168180526954966e-13,9.698826620468122845e-14,1.158275389857303946e-13,1.637110943827967446e-13,1.533744347671704652e-13,1.877363324638890316e-13,1.549352541878165511e-13,1.935821048277730725e-13,2.920334840435445388e-13,2.567956766542321839e-13,3.307159989633877391e-13,1.843654396473218362e-13,3.084663996216134779e-13,3.294762345682220733e-13,3.191256815923374664e-13,4.872329576667334246e-13,3.446571892135541765e-13,3.890189432097927863e-13,9.247162232572703709e-11,6.715755781751894503e-13,5.093555022051209273e-13
1.434169080419828342e-13,1.891368727568686929e-13,1.544243800858777522e-13,1.570322510923859803e-13,1.690978747596439944e-13,1.579875010822115299e-13,1.575946149216566421e-13,1.859069274457757723e-13,1.455553278864045050e-13,1.382824485243141222e-13,1.183954501161039464e-13,1.452856213292494932e-13,1.435819705755235999e-13,1.600467014000779309e-13,1.571761178321279229e-13,1.809709917191574483e-13,1.762062976914588658e-13,1.450931596794804649e-13,1.531720420124707838e-13,1.429557406864899467e-13,1.550233522587658974e-13,2.270781330003822422e-13,3.009205278222390681e-13,1.345746710317776897e-13,1.528826215993990606e-13,1.578664904916998307e-13,1.671346186739171109e-13,1.837178293896822214e-13,1.586821311795209249e-13,1.587186940568781583e-13,1.456622475431371582e-13,1.456234035279167128e-13,2.108921675373515690e-13,2.738249306923271475e-13,4.204680464236206139e-13,1.239141046049334210e-13,1.308916991613178535e-13,1.534528725856806842e-13,1.891019372330310718e-13,2.174419404725517237e-13,1.693350707311140705e-13,1.499834296662067068e-13,1.327496534842362162e-13,1.479145960888369747e-13,1.970363446213162783e-13,3.333820915982727392e-13,3.992859363217960105e-13,1.249867444101137507e-13,1.182416034704829340e-13,1.384074235186000406e-13,1.575687189530518091e-13,1.753421502345258654e-13,1.533088794937027397e-13,1.650688963092861019e-13,1.661010908506643956e-13,1.712566921154657945e-13,2.760637200630432632e-13,4.943280555196587543e-13,9.894226972566627507e-14,1.181580869000263531e-13,1.669781240047634787e-13,1.564540905877647993e-13,1.914882311228072622e-13,1.580503803207964090e-13,1.974636496843445011e-13,2.976672691796017052e-13,2.619342931323486496e-13,3.373307974635340511e-13,1.880554298978778646e-13,3.139433758153441171e-13,3.353823653344945961e-13,3.250988667984097702e-13,4.934384838264936270e-13,3.514503918243288927e-13,3.968333034624204467e-13,9.154738291814438251e-11,6.801442625222821825e-13,5.177834646504416136e-13
1.463103554315766909e-13,1.929525959266910303e-13,1.575400319381778897e-13,1.602013387220361954e-13,1.725103981200990423e-13,1.611748645572646131e-13,1.607731326133918827e-13,1.896541869965419512e-13,1.484892464344794474e-13,1.410718505637128653e-13,1.207841189692892669e-13,1.482175409130471120e-13,1.464804669523071820e-13,1.632765950013061016e-13,1.603474890309675084e-13,1.846215697241089442e-13,1.797557315498034876e-13,1.480193878351180678e-13,1.562608601655368486e-13,1.458398086924888575e-13,1.581508912700050856e-13,2.316558407124094905e-13,3.069808513099023532e-13,1.372889672039409954e-13,1.559643153800172553e-13,1.610506027368643294e-13,1.705048861451303852e-13,1.874201605238313025e-13,1.618819509963180731e-13,1.619201312946750795e-13,1.485976076034367396e-13,1.485585409366990534e-13,2.151242360000150107e-13,2.793327907966792335e-13,4.289346611437216052e-13,1.264119591106177319e-13,1.335299847346331580e-13,1.565401537702671623e-13,1.928617094225199968e-13,2.217241175017494611e-13,1.727457801192823054e-13,1.530053097137989109e-13,1.354264582151510491e-13,1.508939703000218069e-13,2.009704497893657657e-13,3.398107804694026106e-13,4.070582466914923055e-13,1.275038353703889857e-13,1.206252760893469458e-13,1.411914182514123806e-13,1.607358705989645699e-13,1.788680574869834908e-13,1.563969241280832365e-13,1.683889989835744388e-13,1.694436020708658396e-13,1.747043816147987241e-13,2.815867733308532961e-13,5.038747915845737287e-13,1.009361089903537933e-13,1.205365949859234122e-13,1.703152529779573486e-13,1.595978526737593637e-13,1.953201720908709340e-13,1.612299273736958103e-13,2.014266722164923861e-13,3.034403913959100063e-13,2.671820207006904326e-13,3.440864304822153990e-13,1.918230257020788486e-13,3.195930804780137165e-13,3.414706984629834710e-13,3.312352737488475292e-13,5.000024882762364167e-13,3.583984990646159542e-13,4.048093704720147521e-13,9.063154256166582029e-11,6.892118745314323950e-13,5.265230381266670628e-13
1.492624089088045505e-13,1.968454747806603453e-13,1.607186629767987202e-13,1.634342352124108759e-13,1.759919262597947005e-13,1.644267426250617062e-13,1.640161817071860756e-13,1.934778050949406693e-13,1.514829121239512352e-13,1.439178215233223364e-13,1.232211868190645895e-13,1.512087699127146494e-13,1.494373597006127089e-13,1.665718274660826978e-13,1.635830949669740922e-13,1.883461973733040477e-13,1.833777691762045042e-13,1.510050477498564355e-13,1.594124549995032754e-13,1.487823361057541948e-13,1.613418177916194111e-13,2.363267062754119544e-13,3.131651312841823745e-13,1.400583092036351215e-13,1.591087944750783592e-13,1.642993539722485745e-13,1.739436670225349327e-13,1.911980378378405866e-13,1.651468145243489912e-13,1.651865382704073119e-13,1.515928601685290412e-13,1.515535019780886334e-13,2.194446883714945539e-13,2.849543191005551264e-13,4.375735104880933181e-13,1.289606528021452689e-13,1.362220311841783149e-13,1.596910029892064406e-13,1.967034240007166638e-13,2.261035571313858318e-13,1.762262898363048204e-13,1.560889154214029767e-13,1.381576846282362808e-13,1.539342953103839212e-13,2.049887423990462404e-13,3.463983400265097545e-13,4.150161456219436314e-13,1.300724556492771189e-13,1.230574760190189015e-13,1.440327917428542614e-13,1.639685598441255419e-13,1.824667776795735264e-13,1.595481423973912740e-13,1.717775715430382565e-13,1.728548629999765535e-13,1.782228275352799381e-13,2.872270765019880401e-13,5.136568665028633606e-13,1.029705160414496019e-13,1.229638947520983526e-13,1.737233935036838809e-13,1.628067476414713214e-13,1.992332330624866114e-13,1.644749731739681512e-13,2.054723985775358142e-13,3.093530720021414020e-13,2.725403559379327566e-13,3.509847638287526716e-13,1.956693572927014965e-13,3.254138357570170732e-13,3.477395694935641274e-13,3.375342294430743336e-13,5.069185423024123118e-13,3.655026065932008890e-13,4.129497389242325734e-13,8.972357881234834542e-11,6.987689813693222956e-13,5.355692991783547007e-13
1.522741976374252708e-13,2.008170063894821545e-13,1.639614991471526532e-13,1.667322182889553617e-13,1.795438057648620406e-13,1.677443818216829339e-13,1.673249849498152873e-13,1.973791899035780945e-13,1.545374330652844042e-13,1.468214422303987346e-13,1.257075848686896982e-13,1.542604626242556702e-13,1.524538176633421642e-13,1.699336707503361415e-13,1.668841741907231005e-13,1.921462859112106318e-13,1.870737157596215785e-13,1.540512631477790082e-13,1.626280073411545699e-13,1.517844440218608307e-13,1.645973478677792112e-13,2.410924587574769991e-13,3.194755738140916314e-13,1.428837471491685042e-13,1.623172200505600313e-13,1.676139698745249803e-13,1.774522472358280585e-13,1.950528417258824653e-13,1.684779434120231393e-13,1.685191496127091166e-13,1.546491021642173387e-13,1.546093903330333511e-13,2.238549033326518217e-13,2.906914268786312361e-13,4.463877178129996249e-13,1.315611337344708401e-13,1.389688325978549566e-13,1.629065163130681272e-13,2.006280400334322774e-13,2.305810588990285611e-13,1.797778511101981955e-13,1.592353687655766716e-13,1.409443546992418276e-13,1.570366678839966275e-13,2.090923376718742443e-13,3.531450548280290070e-13,4.231603269772312369e-13,1.326935294460702746e-13,1.255391067170981253e-13,1.469325284394524335e-13,1.672678801333067202e-13,1.861395394914369088e-13,1.627636706648394131e-13,1.752357809232076746e-13,1.763360657822080227e-13,1.818132744220013695e-13,2.929862459532157555e-13,5.236745942374302673e-13,1.050462455096065227e-13,1.254408498307482692e-13,1.772035300126112230e-13,1.660818530931379909e-13,2.032285726928027522e-13,1.677866429153415578e-13,2.096021275132726257e-13,3.154057827171946016e-13,2.780109071731907775e-13,3.580278163850825438e-13,1.995956259024588714e-13,3.314043223482682293e-13,3.541876974369433232e-13,3.439953920589319435e-13,5.141806598927454046e-13,3.727640478990311529e-13,4.212571391884332790e-13,8.882300057880953609e-11,7.088068070674952283e-13,5.449179908836692485e-13
1.553468790418491868e-13,2.048687240771978191e-13,1.672697953015158110e-13,1.700965913877754365e-13,1.831674146225943605e-13,1.711290593340822883e-13,1.707007984573583690e-13,2.013597933300611879e-13,1.576539505344787319e-13,1.497838216341192692e-13,1.282442676755571161e-13,1.573738007417858641e-13,1.555310320823951565e-13,1.733634268540445016e-13,1.702519962166999904e-13,1.960232842547124540e-13,1.908449212274913938e-13,1.571591886481069440e-13,1.659087313666966067e-13,1.548472823159810893e-13,1.679187287772790965e-13,2.459548798892878597e-13,3.259144658910498654e-13,1.457663587274190721e-13,1.655907885812583005e-13,1.709957094968968828e-13,1.810319495208709801e-13,1.989859970917228903e-13,1.718765940929145522e-13,1.719192332256939320e-13,1.577674651519824357e-13,1.577273435156254182e-13,2.283563332338098864e-13,2.965461099823136019e-13,4.553805116097738433e-13,1.342143772943835320e-13,1.417714131160186468e-13,1.661878328182430414e-13,2.046366068996147469e-13,2.351575527829734191e-13,1.834017584150832654e-13,1.624458282724638207e-13,1.437875193369247492e-13,1.602022218832114581e-13,2.132824356958547326e-13,3.600514887844066308e-13,4.314917993185522548e-13,1.353680123296089944e-13,1.280710980813853738e-13,1.498916518110324075e-13,1.706349724933423408e-13,1.898876236879335783e-13,1.660446838543834533e-13,1.787648418394326127e-13,1.798884487646686295e-13,1.854770128832552601e-13,2.988660155136039948e-13,5.339287251925028605e-13,1.071640738684383785e-13,1.279683544836216060e-13,1.807567142723490174e-13,1.694242946539268112e-13,2.073074250290135014e-13,1.711661065921857379e-13,2.138172256337180975e-13,3.215992269734398050e-13,2.835953863561330943e-13,3.652177483120101737e-13,2.036030990915414536e-13,3.375635595886643897e-13,3.608141623992620172e-13,3.506187282862060583e-13,5.217833076507297105e-13,3.801843751247073757e-13,4.297344275509504471e-13,8.792934549948267665e-11,7.193172445115502456e-13,5.545654930116449260e-13
1.584816383183648417e-13,2.090021969010494987e-13,1.706448348862115850e-13,1.735286830144883429e-13,1.868641619117714425e-13,1.745820825192339686e-13,1.741449108585383411e-13,2.054211094250655119e-13,1.608336379021514565e-13,1.528060962264070968e-13,1.308322127564847809e-13,1.605499930308354772e-13,1.586702169856246566e-13,1.768624274807408114e-13,1.736878609767729715e-13,1.999786780685021772e-13,1.946927783463012471e-13,1.603300089633767617e-13,1.692558736518754058e-13,1.579720290693448513e-13,1.713072384000468485e-13,2.509158021508807337e-13,3.324841714067183312e-13,1.487072485964579780e-13,1.689307306523805727e-13,1.744458644131863250e-13,1.846841323155933496e-13,2.029989716112543458e-13,1.753440567665816203e-13,1.753880894646559685e-13,1.609491140763371800e-13,1.609085317154459361e-13,2.329504995489369759e-13,3.025204438959766391e-13,4.645552203971981744e-13,1.369213854350027509e-13,1.446308259547433663e-13,1.695361325205555710e-13,2.087302581555361597e-13,2.398340898815666156e-13,1.870993476277388074e-13,1.657214876176812602e-13,1.466882575702764427e-13,1.634321267684594978e-13,2.175603157108844246e-13,3.671184645973888172e-13,4.400118614961748515e-13,1.380968899974402327e-13,1.306544056596862441e-13,1.529112224858429943e-13,1.740710230337703485e-13,1.937123603860156860e-13,1.693923938750079898e-13,1.823660143698093415e-13,1.835132942675626034e-13,1.892153774565438897e-13,3.048682281332146340e-13,5.444204123076312851e-13,1.093247988264453080e-13,1.305473323303765978e-13,1.843840610730552726e-13,1.728352434121150764e-13,2.114710946247650375e-13,1.746145768025719734e-13,2.181191233108513300e-13,3.279343228773796958e-13,2.892956019767874570e-13,3.725568507987482773e-13,2.076931067078092012e-13,3.438908862393748978e-13,3.676183841452380429e-13,3.574044922368294186e-13,5.297214109997034825e-13,3.877653419671479097e-13,4.383845780814636763e-13,8.704217758782380528e-11,7.302928620901878934e-13,5.645087914685117685e-13
1.616796880701099984e-13,2.132190293026878136e-13,1.740879297538567930e-13,1.770298467877563928e-13,1.906354876050700159e-13,1.781047885634567528e-13,1.776586426153550784e-13,2.095646730654249208e-13,1.640776997559600388e-13,1.558894295934346395e-13,1.334724202921379167e-13,1.637902751069169403e-13,1.618726095775699765e-13,1.804320338079025947e-13,1.771930984124899000e-13,2.040139890413500324e-13,1.986187211324264590e-13,1.635649382608569081e-13,1.726707124083601796e-13,1.611598901306334969e-13,1.747641847329874989e-13,2.559771072156792747e-13,3.391871278191452730e-13,1.517075479247970735e-13,1.723383099755108945e-13,1.779657580399789323e-13,1.884101888695947159e-13,2.070932742935828610e-13,1.788816545772995264e-13,1.789270504869434546e-13,1.641952462271445406e-13,1.641541568445882067e-13,2.376389889398500342e-13,3.086165795297609852e-13,4.739152684978290216e-13,1.396831860518837084e-13,1.475481525929129978e-13,1.729526346137276279e-13,2.129102060767707561e-13,2.446118340291670682e-13,1.908719944824216949e-13,1.690635744604109946e-13,1.496476758950919634e-13,1.667275863411824226e-13,2.219273310741945533e-13,3.743470449864015889e-13,4.487220806072462523e-13,1.408811772324033304e-13,1.332900100045779845e-13,1.559923366565663396e-13,1.775772607990191619e-13,1.976151267138880713e-13,1.728080483005881609e-13,1.860406018905118246e-13,1.872119266892517150e-13,1.930297448049251749e-13,3.109948286056140804e-13,5.551511802636272948e-13,1.115292388374391655e-13,1.331787352718473757e-13,1.880867444299891113e-13,1.763159137147343823e-13,2.157209522607883719e-13,1.781333068747154949e-13,2.225093111267921690e-13,3.344121877081102778e-13,2.951134529061212808e-13,3.800475371507439621e-13,2.118670373481193516e-13,3.503859420561344034e-13,3.746001016745985708e-13,3.643532058866227381e-13,5.379903569509445070e-13,3.955088884413613870e-13,4.472106760163679417e-13,8.616108511534642256e-11,7.417269054272617899e-13,5.747454474028745638e-13
1.649422680463869625e-13,2.175208608942939577e-13,1.776004200770860949e-13,1.806014617446297051e-13,1.944828624638890343e-13,1.816985442587262657e-13,1.812433454936250949e-13,2.137920588799922994e-13,1.673873711884610479e-13,1.590350120776879926e-13,1.361659129148862874e-13,1.670959093013858997e-13,1.651394706312754236e-13,1.840736363495009430e-13,1.807690681839203955e-13,2.081307743314339818e-13,2.026242235295848957e-13,1.668652196623749058e-13,1.761545568783989902e-13,1.644120987912436606e-13,1.782909055313294478e-13,2.611407246977101677e-13,3.460258434075990410e-13,1.547684140463447337e-13,1.758148225878797330e-13,1.815567451097098623e-13,1.922115465352119660e-13,2.112704542978947785e-13,1.824907429611174743e-13,1.825374797503349868e-13,1.675070903863420323e-13,1.674654517597105229e-13,2.424234498541888823e-13,3.148367396478916251e-13,4.834641727284990590e-13,1.425008324801982378e-13,1.505245021142249978e-13,1.764385959726244099e-13,2.171777368082540529e-13,2.494920542623146297e-13,1.947211132820290298e-13,1.724733494787912810e-13,1.526669077551468354e-13,1.700898376963568874e-13,2.263849048297000867e-13,3.817385155757672020e-13,4.576242721132271734e-13,1.437219170298543028e-13,1.359789161579273385e-13,1.591361247221552134e-13,1.811549559271973341e-13,2.015973448138388343e-13,1.762929292701691793e-13,1.897899493169795537e-13,1.909857109014441089e-13,1.969215321985934078e-13,3.172478572179114398e-13,5.661228975606432355e-13,1.137782327110933171e-13,1.358635425821033848e-13,1.918659942462344332e-13,1.798675612730200626e-13,2.200584312014999496e-13,1.817235892740453418e-13,2.269893368038625340e-13,3.410341238360960615e-13,3.010509230442218574e-13,3.876923350477334830e-13,2.161263352330118850e-13,3.570486502093284003e-13,3.817593538560952956e-13,3.714656409853781563e-13,5.465859937481116877e-13,4.034171273158091216e-13,4.562159119235959842e-13,8.528567870701166130e-11,7.536132946818611065e-13,5.852735668313693411e-13
1.682706449697559843e-13,2.219093663582323506e-13,1.811836743516119145e-13,1.842449327526017037e-13,1.984077880078603152e-13,1.853647458797901906e-13,1.849004021612334912e-13,2.181048803834651391e-13,1.707639172262489091e-13,1.622440605335770591e-13,1.389137355672561456e-13,1.704681846001652287e-13,1.684720848824806369e-13,1.877886548960783892e-13,1.844171594763993091e-13,2.123306261548884498e-13,2.067107983161184558e-13,1.702321248619240349e-13,1.797087468643597757e-13,1.677299155564296201e-13,1.818887680557430725e-13,2.664086311570864634e-13,3.530028950313609953e-13,1.578910302135990727e-13,1.793615962086429764e-13,1.852202112717204110e-13,1.960896662134504862e-13,2.155320999693519001e-13,1.861727091363057376e-13,1.862207716370407057e-13,1.708859061334201932e-13,1.708436796344839637e-13,2.473055895911739412e-13,3.211832158472649947e-13,4.932055394705210497e-13,1.453754030950999296e-13,1.535610106777721862e-13,1.799953098869733617e-13,2.215342060586978942e-13,2.544761180571860763e-13,1.986481558307960461e-13,1.759521055787312973e-13,1.557471131373050662e-13,1.735201503559420553e-13,2.309345258138014240e-13,3.892943693198625639e-13,4.667204819258222414e-13,1.466201798725741779e-13,1.387221532422277795e-13,1.623437501350631215e-13,1.848054180767281726e-13,2.056604801438372054e-13,1.798483525781064326e-13,1.936154416117741968e-13,1.948360508962822506e-13,2.008921962436706757e-13,3.236294442180188182e-13,5.773377512372319301e-13,1.160726393109570942e-13,1.386027601449293670e-13,1.957230933770488457e-13,1.834914815384940874e-13,2.244850239248981930e-13,1.853867542544185188e-13,2.315608025571754809e-13,3.478016059514626314e-13,3.071100766784560249e-13,3.954938798231711834e-13,2.204724974610062661e-13,3.638792005907388328e-13,3.890964611409063125e-13,3.787428023622348279e-13,5.555046277243593836e-13,4.114923320468514268e-13,4.654035767199924934e-13,8.441558962732494657e-11,7.659466179241189755e-13,5.960917706987835512e-13
1.716661124369480691e-13,2.263862554273081624e-13,1.848390894694331555e-13,1.879616909535756933e-13,2.024117965457514908e-13,1.891048191433003765e-13,1.886312258944299070e-13,2.225047892867495516e-13,1.742086323785543967e-13,1.655178181622966955e-13,1.417169554198390188e-13,1.739084166424590200e-13,1.718717614229094253e-13,1.915785385191433040e-13,1.881387908898848534e-13,2.166151714945656611e-13,2.108799962096346806e-13,1.736669538434816526e-13,1.833346523730685364e-13,1.711146279978454275e-13,1.855591689088045349e-13,2.717828493209262260e-13,3.601209263079894543e-13,1.610766054323216813e-13,1.829799897297328794e-13,1.889575728019402367e-13,2.000460419311914715e-13,2.198798380627178594e-13,1.899289717158118495e-13,1.899783511835825886e-13,1.743329832867299361e-13,1.742901334606473891e-13,2.522871717760751881e-13,3.276583660100881230e-13,5.031430624632869593e-13,1.483080010002906303e-13,1.566588410986912565e-13,1.836241049947826289e-13,2.259810352811227475e-13,2.595654852637827400e-13,2.026546105572907894e-13,1.795011672517798801e-13,1.588894782638855072e-13,1.770198255580568014e-13,2.355777452358843677e-13,3.970162923445530316e-13,4.760129702743472600e-13,1.495770631332053205e-13,1.415207741307224675e-13,1.656164084271389689e-13,1.885299950863785400e-13,2.098060400383814507e-13,1.834756669280002694e-13,1.975185025235621412e-13,1.987643886515415987e-13,2.049432318242234705e-13,3.301418049982694202e-13,5.887982239976395181e-13,1.184133373262573416e-13,1.413974198196912552e-13,1.996593750547340950e-13,1.871890083142192878e-13,2.290022792698889890e-13,1.891241687212701041e-13,2.362253628163083762e-13,3.547162694912164268e-13,3.132930544623707271e-13,4.034549086771317583e-13,2.249070715678176381e-13,3.708780340189632761e-13,3.966120083527686562e-13,3.861859125390209292e-13,5.647430177134269767e-13,4.197369260494525136e-13,4.747770574549677303e-13,8.355046823788403568e-11,7.787221210868550533e-13,6.071991664100407491e-13
1.751299909106868746e-13,2.309532729449447038e-13,1.885680908651201534e-13,1.917531941749930109e-13,2.064964512564909341e-13,1.929202192410551597e-13,1.924372603751757332e-13,2.269934749577871435e-13,1.777228402858641258e-13,1.688575544127653704e-13,1.445766618388927256e-13,1.774179477684641051e-13,1.753398340979465403e-13,1.954447656293698075e-13,1.919354103967950097e-13,2.209860719102041533e-13,2.151334051411363791e-13,1.771710346831417749e-13,1.870336733571570657e-13,1.745675506735636526e-13,1.893035339457119744e-13,2.772654474838469219e-13,3.673826461462761036e-13,1.643263743659174870e-13,1.866713928210214926e-13,1.927702764040473575e-13,2.040822005300039944e-13,2.243153331259728554e-13,1.937609804229366542e-13,1.938116739000942607e-13,1.778496414612511135e-13,1.778061356587704941e-13,2.573700141912282672e-13,3.342646121651449979e-13,5.132805209691419180e-13,1.512997537916923573e-13,1.598191825225573448e-13,1.873263443887339654e-13,2.305197082871428333e-13,2.647617026681550224e-13,2.067420018010096131e-13,1.831218900603025287e-13,1.620952153671969753e-13,1.805901956798726019e-13,2.403161736789890712e-13,4.049061510890704548e-13,4.855041972001478165e-13,1.525936905860985490e-13,1.443758551985650565e-13,1.689553263899072276e-13,1.923300718378596617e-13,2.140355724944885392e-13,1.871762533270026896e-13,2.015005935264233789e-13,2.027722031841162647e-13,2.090761712280943397e-13,3.367872359087785883e-13,6.005070735388946623e-13,1.208012251104107904e-13,1.442485789151297504e-13,2.036762206291082117e-13,1.909615125700020686e-13,2.336117999512218704e-13,1.929372352779515509e-13,2.409847222695506609e-13,3.617799001642042799e-13,3.196020699389624261e-13,4.115782556428774530e-13,2.294316533401637005e-13,3.780458273390745203e-13,4.043068285389699768e-13,3.937963975633768768e-13,5.742983673055610524e-13,4.281534731597621782e-13,4.843398337410710125e-13,8.268998260948410122e-11,7.919356949839063842e-13,6.185953198466029239e-13
1.786636277224642904e-13,2.356121989923301333e-13,1.923721327306166788e-13,1.956209273948313146e-13,2.106633463127795613e-13,1.968124309366114738e-13,1.963199795679458997e-13,2.315726640123784941e-13,1.813078934472708363e-13,1.722645649401465810e-13,1.474939663971270351e-13,1.809981471089349740e-13,1.788776619093615435e-13,1.993888440816432442e-13,1.958084953601021041e-13,2.254450234362461212e-13,2.194726496766285099e-13,1.807457234248893502e-13,1.908072395409802054e-13,1.780900251074734159e-13,1.931233182498190563e-13,2.828585390590325291e-13,3.747908275674296133e-13,1.676415972990549624e-13,1.904372256350591890e-13,1.966597990902959820e-13,2.081997014518664518e-13,2.288402870231919981e-13,1.976702158967853042e-13,1.977222256672465353e-13,1.814372297273869769e-13,1.813930377846176159e-13,2.625559869211595153e-13,3.410044387052223452e-13,5.236217782092115311e-13,1.543518133857556223e-13,1.630432501812655826e-13,1.911034248740757080e-13,2.351517682491795741e-13,2.700663991223959247e-13,2.109118892415062335e-13,1.868156602340628354e-13,1.653655625355437189e-13,1.842326237772616733e-13,2.451514784737700884e-13,4.129659806401040519e-13,4.951968095266305530e-13,1.556712120149290258e-13,1.472884961409692061e-13,1.723617613907674515e-13,1.962070692966659693e-13,2.183506651547660518e-13,1.909515246027083234e-13,2.055632129348457997e-13,2.068610097684044196e-13,2.132925834332518135e-13,3.435681106258882690e-13,6.124673138741689165e-13,1.232372205746085640e-13,1.471573197583087493e-13,2.077750575880752306e-13,1.948104014362629029e-13,2.383152403993013842e-13,1.968273914328716085e-13,2.458406341916354579e-13,3.689944244788291153e-13,3.260394065425868211e-13,4.198668472165268448e-13,2.340478848023683240e-13,3.853834793983031974e-13,4.121819878551738086e-13,4.015758739679557022e-13,5.841683153135738310e-13,4.367446691605728783e-13,4.940954747216887599e-13,8.183381727367388489e-11,8.055838598569459927e-13,6.302802283961432280e-13
1.822683971166459660e-13,2.403648490563028096e-13,1.962526982812108164e-13,1.995664032281354178e-13,2.149141070354117152e-13,2.007829687062932950e-13,2.002808876621493500e-13,2.362441200142203237e-13,1.849651730377472572e-13,1.757401716108604041e-13,1.504700029194667878e-13,1.846504107066533091e-13,1.824866294142586623e-13,2.034123113184596970e-13,1.997595526006446294e-13,2.299937565521623124e-13,2.238993905640946236e-13,1.843924040173274055e-13,1.946568103169856242e-13,1.816834198171363417e-13,1.970200061610693056e-13,2.885642822434386467e-13,3.823483067332288904e-13,1.710235601460639479e-13,1.942789385958786515e-13,2.006276481286286489e-13,2.124001366058418526e-13,2.334564385751547191e-13,2.016581895726879631e-13,2.017115226975831825e-13,1.850971263553750613e-13,1.850522203157125177e-13,2.678470107698017080e-13,3.478803909108313431e-13,5.341707800084154124e-13,1.574653559014537161e-13,1.663322852172035181e-13,1.949567763561213820e-13,2.398788150460390092e-13,2.754812811827625815e-13,2.151658674488707652e-13,1.905838943606501412e-13,1.687017836186134041e-13,1.879485032232544217e-13,2.500853814003301376e-13,4.211979741535562421e-13,5.050936291487638371e-13,1.588108029010268804e-13,1.502598198493350543e-13,1.758370008047825880e-13,2.001624437059552824e-13,2.227529444597653114e-13,1.948029250239438194e-13,2.097078951692081940e-13,2.110323592957473826e-13,2.175940735312713668e-13,3.504868769238426407e-13,6.246821984477198273e-13,1.257222610979539911e-13,1.501247493438035231e-13,2.119573578226332422e-13,1.987371173499465000e-13,2.431143048849492563e-13,2.007961089440461593e-13,2.507948990178934529e-13,3.763619011825060916e-13,3.326074150192539370e-13,4.283236985430413606e-13,2.387574523015224428e-13,3.928920978603910759e-13,4.202387714400827647e-13,4.095261367509846885e-13,5.943509247287024454e-13,4.455133342500987499e-13,5.040476364690703303e-13,8.098167210003503260e-11,8.196637478753138013e-13,6.422542955203739820e-13
1.859457003354059582e-13,2.452130742433713508e-13,2.002113000728298151e-13,2.035911624040678582e-13,2.192503900768317127e-13,2.048333769143600618e-13,2.043215190754313010e-13,2.410096432733125306e-13,1.886960888339809634e-13,1.792857225508023101e-13,1.535059275614337216e-13,1.883761616721221174e-13,1.861681471183365473e-13,2.075167345516472282e-13,2.037901185116335994e-13,2.346340362207414427e-13,2.284153243935579435e-13,1.881124883069238916e-13,1.985838747069785011e-13,1.853491303872117624e-13,2.009951113540354275e-13,2.943848797723912718e-13,3.900579821103509407e-13,1.744735744925176326e-13,1.981980122636215960e-13,2.046753610511806777e-13,2.166851303095289399e-13,2.381655633065376974e-13,2.057264436313023485e-13,2.057811115564460144e-13,1.888307386367357263e-13,1.887850925107273781e-13,2.732450559214954440e-13,3.548950737480815469e-13,5.449315536237399972e-13,1.606415815897655616e-13,1.696875545693392982e-13,1.988878613440576563e-13,2.447025029180680151e-13,2.810081292094033505e-13,2.195055655432091904e-13,1.944280391609064619e-13,1.721051681872231453e-13,1.917392574355415917e-13,2.551196566845495513e-13,4.296044732749381227e-13,5.151976425126328394e-13,1.620136641842089219e-13,1.532909723383313076e-13,1.793823615507114334e-13,2.041976859176569603e-13,2.272440749522707888e-13,1.987319300151643509e-13,2.139362101562811036e-13,2.152878377601753114e-13,2.219822822740210564e-13,3.575460540378138693e-13,6.371552048565936015e-13,1.282573033189387742e-13,1.531519990532703340e-13,2.162246361096377414e-13,2.027431373354821329e-13,2.480107458986473780e-13,2.048448932870595262e-13,2.558493631383075723e-13,3.838845135373854177e-13,3.393085112207377629e-13,4.369519100744802259e-13,2.435620846265787396e-13,4.005729868195953640e-13,4.284786702672088299e-13,4.176491482788878204e-13,6.048446704568550284e-13,4.544624063573352066e-13,5.142000597632317518e-13,8.013326128748496830e-11,8.341730839873282877e-13,6.545183068110501479e-13
1.896969657174229484e-13,2.501587615300595539e-13,2.042494803487709368e-13,2.076967742674646922e-13,2.236738836258481220e-13,2.089652299961431696e-13,2.084434385080603684e-13,2.458710707271996122e-13,1.925020790850240072e-13,1.829025922288270118e-13,1.566029189149932778e-13,1.921768503640203511e-13,1.899236518472762121e-13,2.117037109765474972e-13,2.079017592134387204e-13,2.393676619824017105e-13,2.330221833537674802e-13,1.919074160794514934e-13,2.025899513784841917e-13,1.890885795814976861e-13,2.050501769571819497e-13,3.003225787225304051e-13,3.979228136551843753e-13,1.779929776584052429e-13,2.021959572646420092e-13,2.088045057150197828e-13,2.210563392936569209e-13,2.429694732837809965e-13,2.098765510058774116e-13,2.099325692332093523e-13,1.926395027715881849e-13,1.925930923312495997e-13,2.787521408139878715e-13,3.620511509028829005e-13,5.559082066975319498e-13,1.638817148020198991e-13,1.731103509121557062e-13,2.028981745549639365e-13,2.496245383965209002e-13,2.866487938784085878e-13,2.239326469480789123e-13,1.983495713370354481e-13,1.755770315394716613e-13,1.956063396805940203e-13,2.602561292535235903e-13,4.381879594679058601e-13,5.255119911181265569e-13,1.652810220850769788e-13,1.563831227160424217e-13,1.829991897163281274e-13,2.083143208421059898e-13,2.318257587123874432e-13,2.027400459510284811e-13,2.182497628461598072e-13,2.196290658533924330e-13,2.264588857262585890e-13,3.647482303164346151e-13,6.498900209566403783e-13,1.308433231733737440e-13,1.562402244339429769e-13,2.205784488243079289e-13,2.068299724002373960e-13,2.530063627530807852e-13,2.089752832293508007e-13,2.610059178835058742e-13,3.915645623458368468e-13,3.461451742260620064e-13,4.457546646081898085e-13,2.484635511337341949e-13,4.084276351532360520e-13,4.369033688610990928e-13,4.259470279916999438e-13,6.156484260853364990e-13,4.635949352068570988e-13,5.245565681867002788e-13,7.928831245834868711e-11,8.491101654846860540e-13,6.670734067141667173e-13
1.935236488223773881e-13,2.552038340057937650e-13,2.083688113408016617e-13,2.118848373133751165e-13,2.281863076244907923e-13,2.131801326006829279e-13,2.126482410434503981e-13,2.508302758966195671e-13,1.963846104875550486e-13,1.865921815707959923e-13,1.597621781378791204e-13,1.960539545879588992e-13,1.937546070544716076e-13,2.159748680187999257e-13,2.120960707466575164e-13,2.441964681025775795e-13,2.377217350756024023e-13,1.957786551453617162e-13,2.066765887110260744e-13,1.929032174902529562e-13,2.091867757093639173e-13,3.063796703197749027e-13,4.059458218712312526e-13,1.815831327586325493e-13,2.062743142797769864e-13,2.130166804109590975e-13,2.255154527647314735e-13,2.478700170347287607e-13,2.141101154414742994e-13,2.141675032582097614e-13,1.965248838143990871e-13,1.964776864186272142e-13,2.843703312012305926e-13,3.693513440331421512e-13,5.671049263138918801e-13,1.671870039900956195e-13,1.766019926412552804e-13,2.069892426064242947e-13,2.546466784775323524e-13,2.924051930665579883e-13,2.284488092273790783e-13,2.023499974853994541e-13,1.791187147482472307e-13,1.995512329452234595e-13,2.654966732218542343e-13,4.469510461803433014e-13,5.360399628490510178e-13,1.686141279803915073e-13,1.595374631921887090e-13,1.866888602623334988e-13,2.125139070023671177e-13,2.364997349088275516e-13,2.068288100220782481e-13,2.226501928322265266e-13,2.240576986559995677e-13,2.310255950127790092e-13,3.720960612308841590e-13,6.628905321260524458e-13,1.334813159684506055e-13,1.593906050259685197e-13,2.250203927539269278e-13,2.109991670774362923e-13,2.581030003843009191e-13,2.131888504985984279e-13,2.662664986813475167e-13,3.994044596490394681e-13,3.531199447591294307e-13,4.547352246395800892e-13,2.534636599798437176e-13,4.164577055465859971e-13,4.455147338905538726e-13,4.344220427877642287e-13,6.267614499261144304e-13,4.729140770673850470e-13,5.351210665122489046e-13,7.844656584510786429e-11,8.644738405462239175e-13,6.799210764863837935e-13
1.974272325822609265e-13,2.603502510410079513e-13,2.125708953781665829e-13,2.161569797408911997e-13,2.327894139970235610e-13,2.174797196149300555e-13,2.169375522957346577e-13,2.558891689136215737e-13,2.003451781831716310e-13,1.903559181044795141e-13,1.629849291081369702e-13,2.000089798189727850e-13,1.976625029937358869e-13,2.203318636201455248e-13,2.163746793083141683e-13,2.491223237728668398e-13,2.425157825590410355e-13,1.997277014715392477e-13,2.108453649137919933e-13,1.967945217154469347e-13,2.134065101554227955e-13,3.125584896959698161e-13,4.141300865418534557e-13,1.852454287291039050e-13,2.104346540910113503e-13,2.173135140226343464e-13,2.300641925263330282e-13,2.528690795485969031e-13,2.184287716070881016e-13,2.184875518664308768e-13,2.004883756768130288e-13,2.004403701259251960e-13,2.901017393929034117e-13,3.767984322300485507e-13,5.785259781721528900e-13,1.705587217354474025e-13,1.801638239057496051e-13,2.111626237927557268e-13,2.597707290205277527e-13,2.982793090779132387e-13,2.330557840034661617e-13,2.064308540726153103e-13,1.827315847514679264e-13,2.035754498739236450e-13,2.708432105907083357e-13,4.558964717925567795e-13,5.467849838796193512e-13,1.720142583279984885e-13,1.627552091242093460e-13,1.904527768000696633e-13,2.167980361859336523e-13,2.412677794591721213e-13,2.109997901687908988e-13,2.271391740682352710e-13,2.285754254205013901e-13,2.356841561562162145e-13,3.795922677037315329e-13,6.761608094251785020e-13,1.361722963470891603e-13,1.626043442321715935e-13,2.295521040787552695e-13,2.152522989667379518e-13,2.633025483356117916e-13,2.174871995397359009e-13,2.716330843730576483e-13,4.074067231375025890e-13,3.602354238830948061e-13,4.638969299722577004e-13,2.585642568139561251e-13,4.246650241220810685e-13,4.543148035893098022e-13,4.430765979635712216e-13,6.381833705694327690e-13,4.824230901361951715e-13,5.458975393863867183e-13,7.760777356015422993e-11,8.802634863235521897e-13,6.930631141630644503e-13
2.014092274372925257e-13,2.656000082892892009e-13,2.168573645289206012e-13,2.205148599256101843e-13,2.374849868829636176e-13,2.218656559403099798e-13,2.213130285969154497e-13,2.610496966133701132e-13,2.043853057727753689e-13,1.941952561279654227e-13,1.662724185972864648e-13,2.040434594370156093e-13,2.016488566339660930e-13,2.247763865612212039e-13,2.207392415274786783e-13,2.541471333606000454e-13,2.474061641737489362e-13,2.037560793542861037e-13,2.150978881880589255e-13,2.007639975883532394e-13,2.177110128731506125e-13,3.188614155179863615e-13,4.224787448944228709e-13,1.889812802642442606e-13,2.146785776794468544e-13,2.216966662302293823e-13,2.347043131529280948e-13,2.579685823462769953e-13,2.228341852518428148e-13,2.228943842012483283e-13,2.045315011791445450e-13,2.044826675970956943e-13,2.959485236517550984e-13,3.843952516759183499e-13,5.901757058672980645e-13,1.739981647986234622e-13,1.837972146806925439e-13,2.154199079336341002e-13,2.649985433444589014e-13,3.042731861763576374e-13,2.377553369460064104e-13,2.105937074665929840e-13,1.864170344793834198e-13,2.076805327628021509e-13,2.762977101345811496e-13,4.650270932952241641e-13,5.577506108244690011e-13,1.754827146315191560e-13,1.660375990956635860e-13,1.942923714320486484e-13,2.211683331808245361e-13,2.461317047850577409e-13,2.152545850747869601e-13,2.317184146693038136e-13,2.331839694336648681e-13,2.404363499941439477e-13,3.872396347340450199e-13,6.897050983570519844e-13,1.389172981479563755e-13,1.658826692191029119e-13,2.341752574885373755e-13,2.195909783873183750e-13,2.686069399025818872e-13,2.218719673489017160e-13,2.771076966698085200e-13,4.155739711060524038e-13,3.674942719475126240e-13,4.732431955493780800e-13,2.637672245982553901e-13,4.330515706014026288e-13,4.633057779775759153e-13,4.519132285840678577e-13,6.499141721706598060e-13,4.921253305253544173e-13,5.568900502729587894e-13,7.677169893826866315e-11,8.964789865427355972e-13,7.065016163468337213e-13
2.054711714328343011e-13,2.709551374419312634e-13,2.212298792856940272e-13,2.249601665581872385e-13,2.422748428673543685e-13,2.263396358232946148e-13,2.257763572137340661e-13,2.663138426787270933e-13,2.085065453334128284e-13,1.981116768938296172e-13,1.696259164554286699e-13,2.081589549682184084e-13,2.057152111185870905e-13,2.293101568164008664e-13,2.251914447744126996e-13,2.592728366951096301e-13,2.523947537208201695e-13,2.078653416274674121e-13,2.194357969265887457e-13,2.048131784128183924e-13,2.221019467224910442e-13,3.252908694140333902e-13,4.309949889873483053e-13,1.927921275834175759e-13,2.190077163655351466e-13,2.261678277511017342e-13,2.394376022063902493e-13,2.631704836094927656e-13,2.273280533965095038e-13,2.273897005483538325e-13,2.086558121416587827e-13,2.086061318850192911e-13,3.019128877279717884e-13,3.921446953935461482e-13,6.020585301502671335e-13,1.775066541826644176e-13,1.875035608727105580e-13,2.197627162832335336e-13,2.703320209964164295e-13,3.103889283895091160e-13,2.425492678205080846e-13,2.148401540132953546e-13,1.901764830129703746e-13,2.118680536006615395e-13,2.818621864514021844e-13,4.743458806489924365e-13,5.689405227267454084e-13,1.790208234352835147e-13,1.693858950210597451e-13,1.982091046448195794e-13,2.256264555822696515e-13,2.510933596473996169e-13,2.195948242086480965e-13,2.363896567839139540e-13,2.378850879457242341e-13,2.452839921637341814e-13,3.950410102901592053e-13,7.035278079444064583e-13,1.417173740281169279e-13,1.692268308402116401e-13,2.388915654168166536e-13,2.240168480925835943e-13,2.740181514173196757e-13,2.263448233716379959e-13,2.826923997314066722e-13,4.239089179504539448e-13,3.748992077605231743e-13,4.827775095013053549e-13,2.690744854964945918e-13,4.416194689718816943e-13,4.724900098649064465e-13,4.609345912220182739e-13,6.619541796855666078e-13,5.020242488244361421e-13,5.681027404954390394e-13,7.593811594032323208e-11,9.131207089584517115e-13,7.202389655464678011e-13
2.096146302319607898e-13,2.764177056628732558e-13,2.256901256166579890e-13,2.294946178197591708e-13,2.471608311832954407e-13,2.309033815038344757e-13,2.303292565548536826e-13,2.716836277941268298e-13,2.127104774060681508e-13,2.021066887802073406e-13,1.730467157808827287e-13,2.123570562961761389e-13,2.098631345209226252e-13,2.339349258973661700e-13,2.297330074611656786e-13,2.645014093432004384e-13,2.574834605108489421e-13,2.120570698692290177e-13,2.238607599111240595e-13,2.089436256979322168e-13,2.265810050770465875e-13,3.318493151744393585e-13,4.396820624093275750e-13,1.966794359276843525e-13,2.234237319537115916e-13,2.307287205765372084e-13,2.442658804522238543e-13,2.684767783210718360e-13,2.319121045194603806e-13,2.319752325592102804e-13,2.128628894806278498e-13,2.128123450731910243e-13,3.079970804734587864e-13,4.000497131967550028e-13,6.141789475630567622e-13,1.810855351932612951e-13,1.912842844285927796e-13,2.241927014620938561e-13,2.757731066398344314e-13,3.166286975177288173e-13,2.474394105532357476e-13,2.191718201224095683e-13,1.940113757418205457e-13,2.161396141212345241e-13,2.875386991209112407e-13,4.838559117332992789e-13,5.803585125386457657e-13,1.826299363224724155e-13,1.728013822512399520e-13,2.022044652213909321e-13,2.301740936308538397e-13,2.561546290172803124e-13,2.240221678768243574e-13,2.411546764949471128e-13,2.426805721244401496e-13,2.502289331091758947e-13,4.029993043957567219e-13,7.176334999937372205e-13,1.445735943926647225e-13,1.726381035630631950e-13,2.437027773732262604e-13,2.285315830296410616e-13,2.795382016201136145e-13,2.309074694265119919e-13,2.883892998130932756e-13,4.324143700945288419e-13,3.824530079087420610e-13,4.925034314481084777e-13,2.744880053124661376e-13,4.503709787208789086e-13,4.818699965668658754e-13,4.701434561624856947e-13,6.743040442052031621e-13,5.121233871773930781e-13,5.795398277827079512e-13,7.510680860413914629e-11,9.301894830376661479e-13,7.342778311622600250e-13
2.138411969424812670e-13,2.819898091484329725e-13,2.302398099809146731e-13,2.341199582313297986e-13,2.521448338291696840e-13,2.355586411789951082e-13,2.349734762894369917e-13,2.771611097155180440e-13,2.169987109337279043e-13,2.061818274020295852e-13,1.765361330294124769e-13,2.166393818308605443e-13,2.140942178490938472e-13,2.386524770789656077e-13,2.343656792358653633e-13,2.698348627655967210e-13,2.626742293644982883e-13,2.163328745287435241e-13,2.283744764268040846e-13,2.131569293068492608e-13,2.311499119623146583e-13,3.385392578545749529e-13,4.485432557557293794e-13,2.006446948023885362e-13,2.279283168023049574e-13,2.353810981150007682e-13,2.491910019799640743e-13,2.738894983143374521e-13,2.365880986579596553e-13,2.366527433815200924e-13,2.171543432416442214e-13,2.171029183308054466e-13,3.142033954194162296e-13,4.081133115430548821e-13,6.265415265874451670e-13,1.847361774771257228e-13,1.951408333875067881e-13,2.287115473412959347e-13,2.813237889788713262e-13,3.229947112446984038e-13,2.524276332232745019e-13,2.235903622881687252e-13,1.979231844579611559e-13,2.204968457962304825e-13,2.933293518748863966e-13,4.935603676877694127e-13,5.920084782116498437e-13,1.863114298760688141e-13,1.762853696311115378e-13,2.062799701159320572e-13,2.348129700126041485e-13,2.613174338979120449e-13,2.285383072152848229e-13,2.460152836719162702e-13,2.475722469533629521e-13,2.552730580229323244e-13,4.111174882275563737e-13,7.320268787749177633e-13,1.474870448596308036e-13,1.761177853896778744e-13,2.486106793402870266e-13,2.331368901240000447e-13,2.851691510276794184e-13,2.355616395796237386e-13,2.942005448767304695e-13,4.410932221586288761e-13,3.901585060473324413e-13,5.024245911737716499e-13,2.800097984727826763e-13,4.593084868913092953e-13,4.914483722987542278e-13,4.795427005174973360e-13,6.869647283090888193e-13,5.224263766745731834e-13,5.912056025423454153e-13,7.427757052647813300e-11,9.476865777193566836e-13,7.486211906091893348e-13
2.181524920857524521e-13,2.876735621585753070e-13,2.348806536867636563e-13,2.388379509402590378e-13,2.572287656897475825e-13,2.403071871769558856e-13,2.397107973252000671e-13,2.827483832088035313e-13,2.213728830799118743e-13,2.103386556572547345e-13,1.800955080345925336e-13,2.210075786258536198e-13,2.184100731573010163e-13,2.434646253977346299e-13,2.390912409715896393e-13,2.752752442862653666e-13,2.679690404618174900e-13,2.206943948893813692e-13,2.329786762167214153e-13,2.174547074550633513e-13,2.358104220606054385e-13,3.453632431485998190e-13,4.575819025193538884e-13,2.046894173764305218e-13,2.325231937425577258e-13,2.401267451571170673e-13,2.542148541453970171e-13,2.794107121581174532e-13,2.413578273670436124e-13,2.414240276386232505e-13,2.215318125088699796e-13,2.214794918341680051e-13,3.205341702325712323e-13,4.163385530476611309e-13,6.391508973694572789e-13,1.884599750701635077e-13,1.990746818143007107e-13,2.333209688135200527e-13,2.869860996554355958e-13,3.294892412741052556e-13,2.575158379057404891e-13,2.280974669746322683e-13,2.019134073170678797e-13,2.249414097015131430e-13,2.992362917058439733e-13,5.034625284902233663e-13,6.038944148084222728e-13,1.900667055782325426e-13,1.798391894567855097e-13,2.104371642359532603e-13,2.395448395602160727e-13,2.665837310315821052e-13,2.331449640551718402e-13,2.509733217077674345e-13,2.525619710058314022e-13,2.604182866419184926e-13,4.193985931000394068e-13,7.467127821186942811e-13,1.504588254318172344e-13,1.796671977259978791e-13,2.536170933365785450e-13,2.378345081084034012e-13,2.909131012293327554e-13,2.403090999044264074e-13,3.001283240862405747e-13,4.499484532326315578e-13,3.980185920080846055e-13,5.125446868161680457e-13,2.856419267630485198e-13,4.684345013912891408e-13,5.012279012430451357e-13,4.891353031409645138e-13,6.999374921881201437e-13,5.329369350047286991e-13,6.031044175967668944e-13,7.345020436687469036e-11,9.656136801155172125e-13,7.632723355285813896e-13
2.225501642861012374e-13,2.934710909817184929e-13,2.396143935322369669e-13,2.436503643626789520e-13,2.624145748009496739e-13,2.451508166502649104e-13,2.445430319983278627e-13,2.884475804027942505e-13,2.258346599371984952e-13,2.145787639011581024e-13,1.837262041102785313e-13,2.254633224879748922e-13,2.228123343724354284e-13,2.483732177612385820e-13,2.439115048624099537e-13,2.808246374188420509e-13,2.733699093989556469e-13,2.251432990827922833e-13,2.376751195360571168e-13,2.218386068017205778e-13,2.405643209798755753e-13,3.523238584588778459e-13,4.668013787318240978e-13,2.088151409428775069e-13,2.372101160851336774e-13,2.449674779583432747e-13,2.593393576787652983e-13,2.850425253242935830e-13,2.462231138691627536e-13,2.462909116170475781e-13,2.259969653914594194e-13,2.259437347564457561e-13,3.269917865108836617e-13,4.247285567289473927e-13,6.520117244962174738e-13,1.922583465000514942e-13,2.030873297509839101e-13,2.380227116502926303e-13,2.927621123681414976e-13,3.361146118170651718e-13,2.627059606713285252e-13,2.326948505762656567e-13,2.059835688201311603e-13,2.294749964519794988e-13,3.052617082303873441e-13,5.135657696809388516e-13,6.160204107556714432e-13,1.938971897982674157e-13,1.834641974283238583e-13,2.146776202687852814e-13,2.443714890625370566e-13,2.719555127983361567e-13,2.378438908867475810e-13,2.560306673923727074e-13,2.576516363610784748e-13,2.656665731990142055e-13,4.278457102311893748e-13,7.616961755370600272e-13,1.534900484382127395e-13,1.832876856324939579e-13,2.587238769542353488e-13,2.426262076043953419e-13,2.967721944260945498e-13,2.451516483465210508e-13,3.061748675702763437e-13,4.589831238914207782e-13,4.060362114921054543e-13,5.228674868636540908e-13,2.913864859955564007e-13,4.777516464925674028e-13,5.112114709870130712e-13,4.989243426469259178e-13,7.132238792419347326e-13,5.436588651605689632e-13,6.152406650853551154e-13,7.262452140668595510e-11,9.839728772619507703e-13,7.782347093168340157e-13
2.270359023164161764e-13,2.993845639549021411e-13,2.444427999231591592e-13,2.485589723870060334e-13,2.677042607389827582e-13,2.500913698160697880e-13,2.494720373517845329e-13,2.942608889817802772e-13,2.303857470320373507e-13,2.189037796865775170e-13,1.874296149431121881e-13,2.300083307179825043e-13,2.273026735247459756e-13,2.533801485452093884e-13,2.488283289206944401e-13,2.864851811082933882e-13,2.788789024109538977e-13,2.296812949051577521e-13,2.424656093660874780e-13,2.263103135658152022e-13,2.454134387206421436e-13,3.594237665068069963e-13,4.762051608173992022e-13,2.130234377361077605e-13,2.419908790872580997e-13,2.499051578467428481e-13,2.645664817705972468e-13,2.907870976990922725e-13,2.511858262262317213e-13,2.512552670503427370e-13,2.305515088711894769e-13,2.304973553236180621e-13,3.335786888766712085e-13,4.332865370837856622e-13,6.651287389816150681e-13,1.961327414934832593e-13,2.071803109237173852e-13,2.428185622729150389e-13,2.986539539969835748e-13,3.428732132849148020e-13,2.679999852719830242e-13,2.373842698081689656e-13,2.101352282499875996e-13,2.340993359731090071e-13,3.114078474430814842e-13,5.238735934194312055e-13,6.283907004565846255e-13,1.978043399988539696e-13,1.871617787337660545e-13,2.190029461072572022e-13,2.492947471823069425e-13,2.774348205309106854e-13,2.426368815678609940e-13,2.611892425067784258e-13,2.628431807630755053e-13,2.710199199339478354e-13,4.364620231988751014e-13,7.769822274009965990e-13,1.565818396939067188e-13,1.869806231247743158e-13,2.639329329312166686e-13,2.475138009919173827e-13,3.027486270788738206e-13,2.500911252312608381e-13,3.123424627172783626e-13,4.682004017488482256e-13,4.142143964100795852e-13,5.333968852380216537e-13,2.972456060996569538e-13,4.872626856889381545e-13,5.214021157589088375e-13,5.089130305881238723e-13,7.268257446263100221e-13,5.545961001424958455e-13,6.276188098540837094e-13,7.180034143718078321e-11,1.002766710351409969e-12,7.935117610983122871e-13
2.316118940178285436e-13,3.054171152380991691e-13,2.493682923941708037e-13,2.535662274119087607e-13,2.731005675105710713e-13,2.551312906784999480e-13,2.545002383214092424e-13,3.001912316807093302e-13,2.350282884636414627e-13,2.233157701749447043e-13,1.912074688898701660e-13,2.346448778682898552e-13,2.318832619432233187e-13,2.584879709661160994e-13,2.538441872978872736e-13,2.922597987088151838e-13,2.844987003019083081e-13,2.343105635065838492e-13,2.473524713009807446e-13,2.308720066383778086e-13,2.503601903773823572e-13,3.666667464697783663e-13,4.857985684862162140e-13,2.173162893222797018e-13,2.468677688449277213e-13,2.549422218141960579e-13,2.698988188923811041e-13,2.966472884737373902e-13,2.562483924257851420e-13,2.563195533580536007e-13,2.351975803621868715e-13,2.351425012691935141e-13,3.402980403974845923e-13,4.420170771213395135e-13,6.785106406912026915e-13,2.000849183054977601e-13,2.113555121337078797e-13,2.477107263194192920e-13,3.046642061490660333e-13,3.497679764956363276e-13,2.734004565453956551e-13,2.421679299326080280e-13,2.143703286425998995e-13,2.388165828687720940e-13,3.176774968703157913e-13,5.343905831735615011e-13,6.410112989125897553e-13,2.017899090704029973e-13,1.909336103764613060e-13,2.234150844371629067e-13,2.543168643824557510e-13,2.830242343755572367e-13,2.475261878066655767e-13,2.664514504393827202e-13,2.681390449815141698e-13,2.764808808689592842e-13,4.452518475243839378e-13,7.925786681233513943e-13,1.597355427022024182e-13,1.907476378330246306e-13,2.692465547055097264e-13,2.524995081516170437e-13,3.088451344934111874e-13,2.551298158723364331e-13,3.186340272495767735e-13,4.776043570943173422e-13,4.225572389946121607e-13,5.441384882916204059e-13,3.032219928620391155e-13,4.969711170609340361e-13,5.318037241412543948e-13,5.191055095487072512e-13,7.407461082061000145e-13,5.657540462027118866e-13,6.402463743318332995e-13,7.097767347517709946e-11,1.022000001660569409e-12,8.091102403381137406e-13
2.362794168099142604e-13,3.115701778913219374e-13,2.543921768991345231e-13,2.586734594123227135e-13,2.786048523942472392e-13,2.602719384141444048e-13,2.596290153430759179e-13,3.062401654267239493e-13,2.397636362664704050e-13,2.278160051268668965e-13,1.950608963031734268e-13,2.393742124167286276e-13,2.365553835075365549e-13,2.636980140451808977e-13,2.589604136204094502e-13,2.981499481465352991e-13,2.902308529006725498e-13,2.390324236678032362e-13,2.523370740750554045e-13,2.355249639633069668e-13,2.554059121618443675e-13,3.740544883274659374e-13,4.955835149659314317e-13,2.216949496057947879e-13,2.518421773339808829e-13,2.600800466188348924e-13,2.753378100756687942e-13,3.026246603662884606e-13,2.614122119654860853e-13,2.614851466842921113e-13,2.399365401280528775e-13,2.398805251733964070e-13,3.471516806522951133e-13,4.509221598397397906e-13,6.921587698613951527e-13,2.041160903305408753e-13,2.156141902534682967e-13,2.527006577636642842e-13,3.107946496212562824e-13,3.568008814165449789e-13,2.789088920024347833e-13,2.470472247974343086e-13,2.186901232422664637e-13,2.436281268498896482e-13,3.240724711389968292e-13,5.451193715141300829e-13,6.538849994948698150e-13,2.058551316549096656e-13,1.947808553155403563e-13,2.279153875260782676e-13,2.594393363317988060e-13,2.887253541365128098e-13,2.525132327901074571e-13,2.718188238097986500e-13,2.735407567347685275e-13,2.820510019644757669e-13,4.542173769598992024e-13,8.084885170482423703e-13,1.629521724747063167e-13,1.945899185562895228e-13,2.746663488169863144e-13,2.575848221353557599e-13,3.150634805627957376e-13,2.602692046774878592e-13,3.250513258249180543e-13,4.871974406027362206e-13,4.310668455001171710e-13,5.550946646077184777e-13,3.093173373811903447e-13,5.068792497574873740e-13,5.424187546908129261e-13,5.295043242463683739e-13,7.549863305095714684e-13,5.771353524292245260e-13,6.531252391553828236e-13,7.015617073207199877e-11,1.041673988176203412e-12,8.250316171227678098e-13
2.410402401015578348e-13,3.178461608337437216e-13,2.595164194424081738e-13,2.638826770249710690e-13,2.842192065394933435e-13,2.655152783323225051e-13,2.648603076820444391e-13,3.124099711809227269e-13,2.445935743705126404e-13,2.324061867871678545e-13,1.989913564909421206e-13,2.441981314591721272e-13,2.413208254155028558e-13,2.690122551374180157e-13,2.641789477341951772e-13,3.041578600180774558e-13,2.960775148034785532e-13,2.438486595777183700e-13,2.574213004336190135e-13,2.402709480078908820e-13,2.605525161761178413e-13,3.815897882254552406e-13,5.055637447355833359e-13,2.261610800906538001e-13,2.569159791888185686e-13,2.653205753502336968e-13,2.808855097091053988e-13,3.087214646049274310e-13,2.666792352725890034e-13,2.667540015093684757e-13,2.447701715700718370e-13,2.447132116866701299e-13,3.541421563388457574e-13,4.600051186292421169e-13,7.060784167707004324e-13,2.082277743158834049e-13,2.199579490812901480e-13,2.577902225475201351e-13,3.170475113108841729e-13,3.639744378535484745e-13,2.845273610885781387e-13,2.520239892022729258e-13,2.230962424354357061e-13,2.485357750454154203e-13,3.305951168909681535e-13,5.560636541091522136e-13,6.670163559883619605e-13,2.100015326358126663e-13,1.987049631644053505e-13,2.325055364570331230e-13,2.646640731642270551e-13,2.945403095255213775e-13,2.575998898353671172e-13,2.772933687017921408e-13,2.790503383594239961e-13,2.877323718988483711e-13,4.633619214485053484e-13,8.247173202278320884e-13,1.662329674027001804e-13,1.985089033395336158e-13,2.801943054711699749e-13,2.627716367056273540e-13,3.214059587451449085e-13,2.655112134201164948e-13,3.315967431736722672e-13,4.969829891799297865e-13,4.397463672222019962e-13,5.662694769363169948e-13,3.155338719413702208e-13,5.169901100454811449e-13,5.532505002899007293e-13,5.401129345872546112e-13,7.695488989904735795e-13,5.887441222149726757e-13,6.662603311234450214e-13,6.933567468083355700e-11,1.061792127333515764e-12,8.412799368322065398e-13
2.458961663093296916e-13,3.242475063464379614e-13,2.647430127007561521e-13,2.691958871590813808e-13,2.899457610258675857e-13,2.708633159857954578e-13,2.701960898639060543e-13,3.187029720218561072e-13,2.495199188918841787e-13,2.370880474649901423e-13,2.030003341482839855e-13,2.491184651080523812e-13,2.461814119717963828e-13,2.744327088343592368e-13,2.695017656197623898e-13,3.102858071444497087e-13,3.020408798468045112e-13,2.487610873977980225e-13,2.626070671679253465e-13,2.451117531030741147e-13,2.658019494777302106e-13,3.892755010063136430e-13,5.157430772216465153e-13,2.307163736666232005e-13,2.620910825442429807e-13,2.706657867319511776e-13,2.865440100536775607e-13,3.149399940883650003e-13,2.720514481515900650e-13,2.721281080838164939e-13,2.497002894530051328e-13,2.496423769685189008e-13,3.612720611623904992e-13,4.692693541291879830e-13,7.202748778375038545e-13,2.124215129609222456e-13,2.243884201740565651e-13,2.629813190800643607e-13,3.234250582004261904e-13,3.712912037621757658e-13,2.902579705558534734e-13,2.571000903051498325e-13,2.275903451721947292e-13,2.535413662263526604e-13,3.372478232008942426e-13,5.672272107405329206e-13,6.804100205780906980e-13,2.142306626612040574e-13,2.027074082907753047e-13,2.371872409718476195e-13,2.699930182411535348e-13,3.004712682594438864e-13,2.627880653083533311e-13,2.828771265949823987e-13,2.846698480794648896e-13,2.935271168432877149e-13,4.726888555219013515e-13,8.412707571340181203e-13,1.695791786123992128e-13,2.025060546492403793e-13,2.858324498559312346e-13,2.680618787853362479e-13,3.278749036690935964e-13,2.708577975190852740e-13,3.382727073549897854e-13,5.069644129718453645e-13,4.485990167919681361e-13,5.776670753912348506e-13,3.218738374285796534e-13,5.273068237368975136e-13,5.643023521153654516e-13,5.509348974957179227e-13,7.844365193304304220e-13,6.005845447903967645e-13,6.796566008221723027e-13,6.851603430996624813e-11,1.082358193334432025e-12,8.578592978899391409e-13
2.508490271173890319e-13,3.307766684461547361e-13,2.700739588490507006e-13,2.746151013356392998e-13,2.957866813406818935e-13,2.763180861851357153e-13,2.756383677458115133e-13,3.251215279522538563e-13,2.545445150510185706e-13,2.418633469141529007e-13,2.070893374750833049e-13,2.541370728727664105e-13,2.511389933735699173e-13,2.799614220224833785e-13,2.749308748307834249e-13,3.165360987723661801e-13,3.081231762344086548e-13,2.537715518941015565e-13,2.678963212993256083e-13,2.500492020996122656e-13,2.711561902744995324e-13,3.971145274410882408e-13,5.261253767431091187e-13,2.353625493556107292e-13,2.673694254227397518e-13,2.761176908494010326e-13,2.923154364749478310e-13,3.212825778859102639e-13,2.775308678144904599e-13,2.776094883107207811e-13,2.547287368286255446e-13,2.546698655439758692e-13,3.685440293072876396e-13,4.787183209567836217e-13,7.347534841885987732e-13,2.166988731333524757e-13,2.289072604615823263e-13,2.682758750275136363e-13,3.299295928766486905e-13,3.787537792696267596e-13,2.961028600501014124e-13,2.622774243270818035e-13,2.321741163774654249e-13,2.586467676916776050e-13,3.440330164665978327e-13,5.786138931685260792e-13,6.940707137618301955e-13,2.185440963202837530e-13,2.067896879674915353e-13,2.419622370196015207e-13,2.754281448334011275e-13,3.065204316734674376e-13,2.680796952148789356e-13,2.885721705401526274e-13,2.904013760335327319e-13,2.994373960573598295e-13,4.822016076093627122e-13,8.581546001682005572e-13,1.729920653005710536e-13,2.065828577806823221e-13,2.915828387977263003e-13,2.734575054248880482e-13,3.344726862410272949e-13,2.763109425835788055e-13,3.450816841715679366e-13,5.171451839557545527e-13,4.576280576569233812e-13,5.892916787107842941e-13,3.283395126534867491e-13,5.378325997646944068e-13,5.755777862316814951e-13,5.619738452138777212e-13,7.996520890482087937e-13,6.126608811791139339e-13,6.933190351223048398e-13,6.769710560947609627e-11,1.103376228462876455e-12,8.747738909659846510e-13
2.559006825469314939e-13,3.374361167010015323e-13,2.755112729360670733e-13,2.801423495282204854e-13,3.017441676036202320e-13,2.818816494572048795e-13,2.811891785867684945e-13,3.316680358232669497e-13,2.596692361442422996e-13,2.467338724235536416e-13,2.112598982487023284e-13,2.592558440860942991e-13,2.561954420761722162e-13,2.856004741854603332e-13,2.804683147528051439e-13,3.229110806758157913e-13,3.143266665124233610e-13,2.588819266037684113e-13,2.732910402125285228e-13,2.550851465354015670e-13,2.766172480050359642e-13,4.051098119150096013e-13,5.367145494090673436e-13,2.401013506882265164e-13,2.727529758185660241e-13,2.816783293230493540e-13,2.982019475710285563e-13,3.277515812328630592e-13,2.831195429436944377e-13,2.832001958438863049e-13,2.598573850648430542e-13,2.597975503665657781e-13,3.759607350413489793e-13,4.883555274725296815e-13,7.495196316869543319e-13,2.210614457367667578e-13,2.335161523132083591e-13,2.736758472039260954e-13,3.365634526388878108e-13,3.863648052228764738e-13,3.020642020981476914e-13,2.675579165823977749e-13,2.368492670710878357e-13,2.638538752691860454e-13,3.509531597203480473e-13,5.902276215219052941e-13,7.080032199274797400e-13,2.229434320326918048e-13,2.109533224362687269e-13,2.468322866361243319e-13,2.809714559289541556e-13,3.126900345302915208e-13,2.734767451877619828e-13,2.943806050123996208e-13,2.962470441692797829e-13,3.054654018305923779e-13,4.919036591594695149e-13,8.753747090870669584e-13,1.764728976102517967e-13,2.107408203413466997e-13,2.974475602315616948e-13,2.789605033031217555e-13,3.412017130949876009e-13,2.818726642941121493e-13,3.520261768100988556e-13,5.275288332290653672e-13,4.668368034500756500e-13,6.011475703356811300e-13,3.349332313509900639e-13,5.485707214329794666e-13,5.870803582771546869e-13,5.732334758866769904e-13,8.151986828789389983e-13,6.249774619422611309e-13,7.072526810762504431e-13,6.687875158852601866e-11,1.124850517609961439e-12,8.920281153480526299e-13
2.610530116424779599e-13,3.442283300035697646e-13,2.810569801376622909e-13,2.857796782582069121e-13,3.078204409802194934e-13,2.875560809524548923e-13,2.868505806399194286e-13,3.383449155431889500e-13,2.648959752160241048e-13,2.517014307052923235e-13,2.155135657662597658e-13,2.644766878633833170e-13,2.613526439973100431e-13,2.913519657329557429e-13,2.861161455944701823e-13,3.294131209744901005e-13,3.206536358117323785e-13,2.640941051175942712e-13,2.787932220062735314e-13,2.602214577419043548e-13,2.821871527932552416e-13,4.132643201416563236e-13,5.475145118782592006e-13,2.449345377501377628e-13,2.782437224676555841e-13,2.873497647973142624e-13,3.042057236805680917e-13,3.343493923508190840e-13,2.888195433476181469e-13,2.889023053822148656e-13,2.650881256487650270e-13,2.650273245086876371e-13,3.835248780135962344e-13,4.981845091105353349e-13,7.645787253838102196e-13,2.255108396328876270e-13,2.382167968357323848e-13,2.791832132136915380e-13,3.433289990247651049e-13,3.941269501256966313e-13,3.081441913270871482e-13,2.729435128938319324e-13,2.416175272178841965e-13,2.691646051076386027e-13,3.580107407717626915e-13,6.020723564994478908e-13,7.222123543233670624e-13,2.274302862573199980e-13,2.151998493802478973e-13,2.517991711918298196e-13,2.866249756712513001e-13,3.189823342564855306e-13,2.789812016550829632e-13,3.003045563045295469e-13,3.022089963283557012e-13,3.116133487405715107e-13,5.017985208438908891e-13,8.929369796567258451e-13,1.800229566289042204e-13,2.149814671204253131e-13,3.034287242000801198e-13,2.845728801139103582e-13,3.480644150556287820e-13,2.875449995411129351e-13,3.591087129100712904e-13,5.381189284691546133e-13,4.762285961026176586e-13,6.132390616975283631e-13,3.416573692595540373e-13,5.595245220551968415e-13,5.988136768122921891e-13,5.847175264754395359e-13,8.310795086416510205e-13,6.375386526956230422e-13,7.214626052110661261e-13,6.606084228742663575e-11,1.146785519296766225e-12,9.096265217512320346e-13
2.663079274520637509e-13,3.511558297714765592e-13,2.867131387856966517e-13,2.915291707158454103e-13,3.140177655348503707e-13,2.933434900236792116e-13,2.926246702289033008e-13,3.451546325011204166e-13,2.702266583180468904e-13,2.567678609823617776e-13,2.198519167246698930e-13,2.698015493369367946e-13,2.666125149984667773e-13,2.972180374729989929e-13,2.918764666772686990e-13,3.360446336537851411e-13,3.271064107895409000e-13,2.694100153106718408e-13,2.844049012552832142e-13,2.654600415030561431e-13,2.878679728587081904e-13,4.215810735614805309e-13,5.585292501746692184e-13,2.498639000096302496e-13,2.838436897674884961e-13,2.931340982305212526e-13,3.103289857336541231e-13,3.410784438967022860e-13,2.946329768700514259e-13,2.947179302954828461e-13,2.704228832947624236e-13,2.703611145134924187e-13,3.912392061142115202e-13,5.082088717587776579e-13,7.799362905443836016e-13,2.300486908329399639e-13,2.430109245472570708e-13,2.847999844332134912e-13,3.502286323104116488e-13,4.020429275088927622e-13,3.143450617526881040e-13,2.784361933021828714e-13,2.464806572667961685e-13,2.745809066861662638e-13,3.652082895513235419e-13,6.141521357634132510e-13,7.367030179613533691e-13,2.320063024312197544e-13,2.195308326762264377e-13,2.568647016910775279e-13,2.923907624915502421e-13,3.253996277888361964e-13,2.845950858865775616e-13,3.063461875181426625e-13,3.082894138600102927e-13,3.178834907460605384e-13,5.118897694971515150e-13,9.108474215718279328e-13,1.836435418520878422e-13,2.193063476530580931e-13,3.095284750015026202e-13,2.902966771055726831e-13,3.550632643233021305e-13,2.933300202283556629e-13,3.663318645720611609e-13,5.489191038327029305e-13,4.858068401811376507e-13,6.255705481705277528e-13,3.485143490488919224e-13,5.706974060105783665e-13,6.107814301318022299e-13,5.964298016228932226e-13,8.472979360382654867e-13,6.503489042010016536e-13,7.359539792627559170e-13,6.524325481586194176e-11,1.169185920691877226e-12,9.275738261516046873e-13
2.716673739723572267e-13,3.582211788448234701e-13,2.924818400911156345e-13,2.973929445188208504e-13,3.203384435999922666e-13,2.992460179068762547e-13,2.985135780510885576e-13,3.520996926400679193e-13,2.756632414987032731e-13,2.619350320647774997e-13,2.242765530292860135e-13,2.752324061887314885e-13,2.719769993149459230e-13,3.032008665604396477e-13,2.977514125901308052e-13,3.428080735511757187e-13,3.336873553644258620e-13,2.748316162018833271e-13,2.901281455559699770e-13,2.708028349070032887e-13,2.936618108040067292e-13,4.300631423425027957e-13,5.697628122344760286e-13,2.548912541122220410e-13,2.895549344221628599e-13,2.990334651726550606e-13,3.165739911761009189e-13,3.479412082519131141e-13,3.005619856984765786e-13,3.006492188415731849e-13,2.758636129209307902e-13,2.758008773463089110e-13,3.991065099521761849e-13,5.184322823280664992e-13,7.955979521019434752e-13,2.346766602234277602e-13,2.479002928712786761e-13,2.905282028185348819e-13,3.572647870701172764e-13,4.101154902343255808e-13,3.206690828391045917e-13,2.840379688924797483e-13,2.514404455253037151e-13,2.801047597491267723e-13,3.725483733409304833e-13,6.264710619429940872e-13,7.514801862637277361e-13,2.366731487293643887e-13,2.239478603025955590e-13,2.620307161255114733e-13,2.982709057992035484e-13,3.319442475274504466e-13,2.903204507194296104e-13,3.125076949300421392e-13,3.144905119121061172e-13,3.242781172225042006e-13,5.221810392128982844e-13,9.291121403511416129e-13,1.873359716450127751e-13,2.237170342040609701e-13,3.157489875053532113e-13,2.961339657558593655e-13,3.622007699099899981e-13,2.992298299060005675e-13,3.736982434517491946e-13,5.599330502295888276e-13,4.955749947804222138e-13,6.381464955165486635e-13,3.555066270323755326e-13,5.820928367201298562e-13,6.229873731826422428e-13,6.083741629980109353e-13,8.638574707287968392e-13,6.634127389545682916e-13,7.507320633620412995e-13,6.442587334234275183e-11,1.192056600729730949e-12,9.458748735357011654e-13
2.771333227746870026e-13,3.654269781804725588e-13,2.983652061614176900e-13,3.033731484405306383e-13,3.267848108280517946e-13,3.052658349820795740e-13,3.045194650806767801e-13,3.591826370436931641e-13,2.812077075200932790e-13,2.672048391413834944e-13,2.287890993527547613e-13,2.807712648824677196e-13,2.774480675127802327e-13,3.093026620228050652e-13,3.037431489366583907e-13,3.497059309556372021e-13,3.403988659822197398e-13,2.803608944698673979e-13,2.959650516916784305e-13,2.762518028527770920e-13,2.995707995173782426e-13,4.387136381643503667e-13,5.812192992033497647e-13,2.600184414080138382e-13,2.953795417144533486e-13,3.050500316392599837e-13,3.229430294510657066e-13,3.549401923068772076e-13,3.066087422678247447e-13,3.066983499753321579e-13,2.814122962838351830e-13,2.813485970039334515e-13,4.071296167466324579e-13,5.288584583705142021e-13,8.115694123172132879e-13,2.393964310854646981e-13,2.528866833485455500e-13,2.963699373522548016e-13,3.644399272666323650e-13,4.183474242389957120e-13,3.271185551207709316e-13,2.897508782644349180e-13,2.564987052416359634e-13,2.857381708954257051e-13,3.800335914904792163e-13,6.390332897417889431e-13,7.665488956992512829e-13,2.414325155643276858e-13,2.284525420093793014e-13,2.672990765263438709e-13,3.042675222978550505e-13,3.386185568374696888e-13,2.961593769149088453e-13,3.187913039497119376e-13,3.208145353055487203e-13,3.307995485561092946e-13,5.326760115833758677e-13,9.477373172850922417e-13,1.911015819167566144e-13,2.282151195627851459e-13,3.220924631648667148e-13,3.020868441699948711e-13,3.694794725786600449e-13,3.052465600239630449e-13,3.812104953168010782e-13,5.711645047153571520e-13,5.055365645766190750e-13,6.509714260106596290e-13,3.626366841206390962e-13,5.937143246663545736e-13,6.354353138283229043e-13,6.205545184925147905e-13,8.807617277562374538e-13,6.767347368682896723e-13,7.658021876321516742e-13,6.360858909181449568e-11,1.215402592021350781e-12,9.645346089160921373e-13
2.827077725749597297e-13,3.727758675236459659e-13,3.043653904925100506e-13,3.094719621324299103e-13,3.333592358009399918e-13,3.114051413780527339e-13,3.106445219473026358e-13,3.664060411326811793e-13,2.868620652908240130e-13,2.725792032669679828e-13,2.333912026881188503e-13,2.864201602558662665e-13,2.830277170544327731e-13,3.155256642538719916e-13,3.098538718055356612e-13,3.567407309864264210e-13,3.472433707459845649e-13,2.859998638617983017e-13,3.019177450014108728e-13,2.818089375313025867e-13,3.055971016294987250e-13,4.475357141569165571e-13,5.929028669202848336e-13,2.652473279087143611e-13,3.013196248121297922e-13,3.111859935015492747e-13,3.294384213180786963e-13,3.620779366008938814e-13,3.127754486047220066e-13,3.128675327444884247e-13,2.870709412762402912e-13,2.870062838367812642e-13,4.153113889166956023e-13,5.394911666389359449e-13,8.278564506821336429e-13,2.442097085175636413e-13,2.579719010168665431e-13,3.023272831405445452e-13,3.717565443974690079e-13,4.267415460129570785e-13,3.336958093481632661e-13,2.955769867916519972e-13,2.616572740294412395e-13,2.914831728157783998e-13,3.876665737449143178e-13,6.518430211674516002e-13,7.819142404063991173e-13,2.462861149013137306e-13,2.330465087639330513e-13,2.726716681198683520e-13,3.103827549886742811e-13,3.454249489980592938e-13,3.021139723733958907e-13,3.251992681402128423e-13,3.272637575959019279e-13,3.374501352255126370e-13,5.433784136544682185e-13,9.667292047952530549e-13,1.949417261313085913e-13,2.328022164021684410e-13,3.285611286431063846e-13,3.081574361232030126e-13,3.769019433424429532e-13,3.113823690035068120e-13,3.888712987199017334e-13,5.826172464159716302e-13,5.156950979864112717e-13,6.640499167807183690e-13,3.699070235929349660e-13,6.055654211203549041e-13,6.481291058479228473e-13,6.329748180228828292e-13,8.980144141492691470e-13,6.903195318256383032e-13,7.811697510112552081e-13,6.279130037601640045e-11,1.239229057922522264e-12,9.835580607413247503e-13
2.883927432327232447e-13,3.802705157460169165e-13,3.104845714696992910e-13,3.156915894407934627e-13,3.400641116700486738e-13,3.176661604166696993e-13,3.168909620973957125e-13,3.737725056938567116e-13,2.926283443141995690e-13,2.780600659994382344e-13,2.380845282732594223e-13,2.921811492396145556e-13,2.887179668938113950e-13,3.218721374752465220e-13,3.160858006199146349e-13,3.639150244586877202e-13,3.542233215932356245e-13,2.917505593936800885e-13,3.079883729880282137e-13,2.874762525702264227e-13,3.117429026469954291e-13,4.565325520148642795e-13,6.048177064367080841e-13,2.705797994885323056e-13,3.073773185894091405e-13,3.174435695844359606e-13,3.360625113093626889e-13,3.693570066529278773e-13,3.190643295019051677e-13,3.191589992796527660e-13,2.928415763751517132e-13,2.927759689430252878e-13,4.236547141479841102e-13,5.503342058956067686e-13,8.444648844335944280e-13,2.491182153788197937e-13,2.631577698244785209e-13,3.084023556369906305e-13,3.792171499077031674e-13,4.353006931097975162e-13,3.404031992649553856e-13,3.015183808069532854e-13,2.669180090371104518e-13,2.973418186940284513e-13,3.954499719077479312e-13,6.649044862803289416e-13,7.975813483162491165e-13,2.512356761946579980e-13,2.377314089280572540e-13,2.781503945708160134e-13,3.166187672153022988e-13,3.523658398746998923e-13,3.081863661422600534e-13,3.317338626349298482e-13,3.338404743263534702e-13,3.442322505623803527e-13,5.542920021951402414e-13,9.860940922385176984e-13,1.988577729257029985e-13,2.374799537021743470e-13,3.351572296267515245e-13,3.143478852805110007e-13,3.844707754168500761e-13,3.176394361389065391e-13,3.966833561707219285e-13,5.942950805529926854e-13,5.260541726432894829e-13,6.773865772499755397e-13,3.773201646991242261e-13,6.176497017682961932e-13,6.610726299880950140e-13,6.456390369040445538e-13,9.156192955758467989e-13,7.041717893186612257e-13,7.968401897467002662e-13,6.197391263466185035e-11,1.263541241806786938e-12,1.002950305307148860e-12
2.941902821660168441e-13,3.879136314779274226e-13,3.167249591985682144e-13,3.220342651208632350e-13,3.469018658119684989e-13,3.240511461953951671e-13,3.232610290169665307e-13,3.812846664399881141e-13,2.985086000839330908e-13,2.836493948724087255e-13,2.428707636464721170e-13,2.980563179369728795e-13,2.945208634936910341e-13,3.283443781687595865e-13,3.224411860018994391e-13,3.712313980632998022e-13,3.613412021658929059e-13,2.976150432893741610e-13,3.141791119235844335e-13,2.932557892279486909e-13,3.180104184033279332e-13,4.657073772641619039e-13,6.169680679699491351e-13,2.760177670480839612e-13,3.135547857912152472e-13,3.238250089960833151e-13,3.428176757168305770e-13,3.767800020439814044e-13,3.254776396320784174e-13,3.255750122844514552e-13,2.987262559632239336e-13,2.986597096238006161e-13,4.321625146531780791e-13,5.613914256435209788e-13,8.614006170999670325e-13,2.541236959451136307e-13,2.684461369066735288e-13,3.145972957398820649e-13,3.868242802698846875e-13,4.440277300875791807e-13,3.472431087271098969e-13,3.075771731693375997e-13,2.722827916614981237e-13,3.033161874337336487e-13,4.033864663522378077e-13,6.782219566254006844e-13,8.135554007278920688e-13,2.562829498104034596e-13,2.425089117108302368e-13,2.837371818976791371e-13,3.229777477549480258e-13,3.594436746763805620e-13,3.143787140993397631e-13,3.383973900967880883e-13,3.405470093063066368e-13,3.511482977276940650e-13,5.654205790473896448e-13,1.005838335897257120e-12,2.028511078140564893e-13,2.422499795806367276e-13,3.418830352658924908e-13,3.206603601052327368e-13,3.921885907815258184e-13,3.240199670517411003e-13,4.046494021359567985e-13,6.062018491635150591e-13,5.366174096337568868e-13,6.909860737014954925e-13,3.848786503259349098e-13,6.299707722875217285e-13,6.742698018900935626e-13,6.585511855564100400e-13,9.335801988608259452e-13,7.182962271451116909e-13,8.128190145622565861e-13,6.115633855125028983e-11,1.288344478365711781e-12,1.022716476982278857e-12
3.001024647974155040e-13,3.957079636197280736e-13,3.230887955651855531e-13,3.285022550816549978e-13,3.538749608392907521e-13,3.305623837497415463e-13,3.297569966783810097e-13,3.889451946618124639e-13,3.045049140186637940e-13,2.893491836332611344e-13,2.477516187466140878e-13,3.040477822266339673e-13,3.004384807571029567e-13,3.349447158460615756e-13,3.289223104207004816e-13,3.786924752962583815e-13,3.685995280929312969e-13,3.035954052331413927e-13,3.204921671714552705e-13,2.991496167716509250e-13,3.244018956342150412e-13,4.750634607612317958e-13,6.293582631003096313e-13,2.815631666197553419e-13,3.198542172103053818e-13,3.303325915966642341e-13,3.497063230964781109e-13,3.843495569409773471e-13,3.320176639360161351e-13,3.321178655455283422e-13,3.047270603548100505e-13,3.046595894578575486e-13,4.408377471197775860e-13,5.726667276786611890e-13,8.786696447916319598e-13,2.592279157680895287e-13,2.738388725260414550e-13,3.209142695608130319e-13,3.945804957746733884e-13,4.529255467987331032e-13,3.542179518694581810e-13,3.137555032887181446e-13,2.777535276122292236e-13,3.094083836004830525e-13,4.114787652328256885e-13,6.917997427329531582e-13,8.298416301998707447e-13,2.614297067575315079e-13,2.473807070452225884e-13,2.894339781062507921e-13,3.294619104869925525e-13,3.666609278547021805e-13,3.206931989496338495e-13,3.451921805526939263e-13,3.473857145441201529e-13,3.582007097839547162e-13,5.767679915096710044e-13,1.025968357227919718e-12,2.069231326375446683e-13,2.471139609019387650e-13,3.487408373475027767e-13,3.270970534989126020e-13,4.000580395855177011e-13,3.305261934932555680e-13,4.127722028679831360e-13,6.183414287493075851e-13,5.473884738716671615e-13,7.048531310491758153e-13,3.925850479601492000e-13,6.425322626993389994e-13,6.877245665507656903e-13,6.717153056739169751e-13,9.519009965519357694e-13,7.326976153467725048e-13,8.291118153220956142e-13,6.033849818107176902e-11,1.313644174011403685e-12,1.042861756912777118e-12
3.061313905343392319e-13,4.036562946384614479e-13,3.295783494950492025e-13,3.350978517625292536e-13,3.609858891210140007e-13,3.372021839443688500e-13,3.363811648327334299e-13,3.967567911170319921e-13,3.106193895807027478e-13,2.951614484993184268e-13,2.527288229950692943e-13,3.101576835289347282e-13,3.064729157214073072e-13,3.416755079968493931e-13,3.355314833543193388e-13,3.863009103744138128e-13,3.760008414675024309e-13,3.096937582828399899e-13,3.269297687173140158e-13,3.051598284263212237e-13,3.309196073237744849e-13,4.846041100718413276e-13,6.419926512282037601e-13,2.872179557431518384e-13,3.262778272917681629e-13,3.369686232431907000e-13,3.567308890767915786e-13,3.920683341210514244e-13,3.386867128899653376e-13,3.387898791363901036e-13,3.108460917720447500e-13,3.107777142629685722e-13,4.496833955399072676e-13,5.841640545977971244e-13,8.962780319006354789e-13,2.644326586412253002e-13,2.793378666914080503e-13,3.273554641050035604e-13,4.024883744774408715e-13,4.619970507756936317e-13,3.613301679617161953e-13,3.200555329095244362e-13,2.833321434202602724e-13,3.156205333179437824e-13,4.197295980900618175e-13,7.056421794372091077e-13,8.464453022092334207e-13,2.666777355856146071e-13,2.523485027233315902e-13,2.952427495311019203e-13,3.360734898986066764e-13,3.740200977549527677e-13,3.271320258715268620e-13,3.521205865358586485e-13,3.543589653224625535e-13,3.653919444886040611e-13,5.883381213184881123e-13,1.046490617327103207e-12,2.110752633815823153e-13,2.520735803753603064e-13,3.557329454443607622e-13,3.336601784249713298e-13,4.080817940407705849e-13,3.371603688132596875e-13,4.210545499606312813e-13,6.307177178725548954e-13,5.583710638987902647e-13,7.189925176257536959e-13,4.004419454422459047e-13,6.553378133462015883e-13,7.014408827541594751e-13,6.851354563711076923e-13,9.705855782325350742e-13,7.473807604503341160e-13,8.457242404298573493e-13,5.952031908977127686e-11,1.339445763863712142e-12,1.063391349451335651e-12
3.122791817137063141e-13,4.117614391213946408e-13,3.361959156247246295e-13,3.418233727857075571e-13,3.682371718319778610e-13,3.439728820522792093e-13,3.431358576852847027e-13,4.047221844213185448e-13,3.168541509850753565e-13,3.010882270193406023e-13,2.578041243189257474e-13,3.163881878490797017e-13,3.126262873946761683e-13,3.485391389266066098e-13,3.422710400980209321e-13,3.940593868721481944e-13,3.835477091056613359e-13,3.159122375956925316e-13,3.334941698252215123e-13,3.112885402306794528e-13,3.375658515292026713e-13,4.943326679920651693e-13,6.548756371232479465e-13,2.929841123060436964e-13,3.328278526878420934e-13,3.437354344723191292e-13,3.638938349217476739e-13,3.999390232793733006e-13,3.454871211383742879e-13,3.455933981168844487e-13,3.170854729044126673e-13,3.170162106900896730e-13,4.587024686119869198e-13,5.958873870799953128e-13,9.142319098783493231e-13,2.697397254111736530e-13,2.849450278676205816e-13,3.339230855061348719e-13,4.105505090324047455e-13,4.712451631508946822e-13,3.685822196946244056e-13,3.264794445979311332e-13,2.890205852139751544e-13,3.219547827248008218e-13,4.281417129098486169e-13,7.197536188927390484e-13,8.633717073008402347e-13,2.720288410284985819e-13,2.574140232362862571e-13,3.011654791911656658e-13,3.428147391776343018e-13,3.815237045969531488e-13,3.336974209348513836e-13,3.591849811905596595e-13,3.614691583627079310e-13,3.727244824756102624e-13,6.001348811218128333e-13,1.067411606994944108e-12,2.153089289369459345e-13,2.571305352119498069e-13,3.628616845796538880e-13,3.403519660591560060e-13,4.162625457367235864e-13,3.439247661500434398e-13,4.294992578860222031e-13,6.433346309738843386e-13,5.695689086044079945e-13,7.334090422614366429e-13,4.084519499480764999e-13,6.683910659356695820e-13,7.154227136643477361e-13,6.988157065528145354e-13,9.896378293199392061e-13,7.623505001291199086e-13,8.626619936390677506e-13,5.870173652834707150e-11,1.365754682988358011e-12,1.084310471776960741e-12
3.185479789081098541e-13,4.200262359633630020e-13,3.429438086502238107e-13,3.486811554589141744e-13,3.756313526673113942e-13,3.508768320972504495e-13,3.500234184461515915e-13,4.128441239716541961e-13,3.232113385718658861e-13,3.071315737081242487e-13,2.629792857294721519e-13,3.227414808783577501e-13,3.189007324249700767e-13,3.555380139120489856e-13,3.491433361561265236e-13,4.019706107024376781e-13,3.912427161544445741e-13,3.222529956548657616e-13,3.401876418294255989e-13,3.175378863199859317e-13,3.443429459876540235e-13,5.042525027827589977e-13,6.680116553903776354e-13,2.988636303185264493e-13,3.395065471220609969e-13,3.506353749735107972e-13,3.711976415054037323e-13,4.079643340993505310e-13,3.524212419769403137e-13,3.525307869743525333e-13,3.234473421934053048e-13,3.233772214936966908e-13,4.678979913893350877e-13,6.078407306724992721e-13,9.325374495936278593e-13,2.751509304128593193e-13,2.906622789977525874e-13,3.406193539498773374e-13,4.187694995684322034e-13,4.806728097582321282e-13,3.759765871803551046e-13,3.330294368020517412e-13,2.948208146222952523e-13,3.284132931590342754e-13,4.367178686269483643e-13,7.341384136535383340e-13,8.806261397739431790e-13,2.774848403425614542e-13,2.625790063920285973e-13,3.072041624712212670e-13,3.496879249298228441e-13,3.891742842282148173e-13,3.403916260010029001e-13,3.663877525798389355e-13,3.687187060620655427e-13,3.802008211756451519e-13,6.121622017330590457e-13,1.088737817300490192e-12,2.196255683606620909e-13,2.622865338487986306e-13,3.701293893749537033e-13,3.471746606619508491e-13,4.246029984885582003e-13,3.508216731119999056e-13,4.381091564711401087e-13,6.561960840172797587e-13,5.809857554169359292e-13,7.481075383138882909e-13,4.166176830055026042e-13,6.816956476653919008e-13,7.296740090463439891e-13,7.127601190491588271e-13,1.009061598850638454e-12,7.776116850823765654e-13,8.799308098833865277e-13,5.788269361740681609e-11,1.392576318434158173e-12,1.105624335110761066e-12
3.249399432033044936e-13,4.284535522804847315e-13,3.498243653857414547e-13,3.556735593943203754e-13,3.831710015871185133e-13,3.579164099052148975e-13,3.570462120220816720e-13,4.211253836162860569e-13,3.296931104804956466e-13,3.132935619037039622e-13,2.682560865896647877e-13,3.292197708146276149e-13,3.252984085474839793e-13,3.626745627236214093e-13,3.561507504237962538e-13,4.100373143622664898e-13,3.990884688066511621e-13,3.287182043353864803e-13,3.470124764965175216e-13,3.239100212205887535e-13,3.512532310220166135e-13,5.143670146197200428e-13,6.814051799294460032e-13,3.048585214989975709e-13,3.463161834329265057e-13,3.576708163691794156e-13,3.786448123373431331e-13,4.161469996389379687e-13,3.594914499590688424e-13,3.596044324938293624e-13,3.299338554162875619e-13,3.298629072193565531e-13,4.772730080763755778e-13,6.200281237148871341e-13,9.512008823320804076e-13,2.806681021447169299e-13,2.964915586517798682e-13,3.474465048826339972e-13,4.271479538170591472e-13,4.902829210556060908e-13,3.835157702974402010e-13,3.397077255171178092e-13,3.007348102140577240e-13,3.349982426143065476e-13,4.454608361885694402e-13,7.488009183977762820e-13,8.982139008314436383e-13,2.830475639255802505e-13,2.678452041258795266e-13,3.133608077901008956e-13,3.566953282681231616e-13,3.969743900236119105e-13,3.472169003899672281e-13,3.737313052534238755e-13,3.761100382817568872e-13,3.878234770035375110e-13,6.244240374499573776e-13,1.110475746426723440e-12,2.240266305641021589e-13,2.675432963194628690e-13,3.775384041667061602e-13,3.541305204921788096e-13,4.331058696117931507e-13,3.578533931425378998e-13,4.468870931207898661e-13,6.693059955267068238e-13,5.926253753073450817e-13,7.630928739761654529e-13,4.249417818405548780e-13,6.952551673618659726e-13,7.441987023555123656e-13,7.269727494054631809e-13,1.028860686710723196e-12,7.931691855342770441e-13,8.975364708064578524e-13,5.706314158076834687e-11,1.419915995460339079e-12,1.127338150300993640e-12
3.314572572004391214e-13,4.370462869290647529e-13,3.568399465014839204e-13,3.628029685415540462e-13,3.908587169190030794e-13,3.650940161146733613e-13,3.642066250956041767e-13,4.295687620728143753e-13,3.363016430626476770e-13,3.195762839474063026e-13,2.736363224594318102e-13,3.358252893484335283e-13,3.318214989449393594e-13,3.699512397511905773e-13,3.632956852285432683e-13,4.182622575492642273e-13,4.070875937575658546e-13,3.353100544852004132e-13,3.539709857190132153e-13,3.304071197956917567e-13,3.582990699822130181e-13,5.246796399566383038e-13,6.950607316795344216e-13,3.109708160308199411e-13,3.532590530233030409e-13,3.648441520552391436e-13,3.862378733727468762e-13,4.244897761437854188e-13,3.667001408229393354e-13,3.668167438867220747e-13,3.365471850523029022e-13,3.364754456063542386e-13,4.868305805997992727e-13,6.324536369103335927e-13,9.702285283982966124e-13,2.862930830339203539e-13,3.024348203211699075e-13,3.544067878688680926e-13,4.356884843119280518e-13,5.000784284532083711e-13,3.912022879698057682e-13,3.465165435407708091e-13,3.067645669526708341e-13,3.417118248986679600e-13,4.543733962097099561e-13,7.637454853131623312e-13,9.161402998751796810e-13,2.887188545564227719e-13,2.732143818081305347e-13,3.196374354071132688e-13,3.638392435311993788e-13,4.049265918152809160e-13,3.541755201211044218e-13,3.812180591325392017e-13,3.836456013634785689e-13,3.955949844576931037e-13,6.369243649126840704e-13,1.132631903301055760e-12,2.285135741627521051e-13,2.729025537375764564e-13,3.850910815878624322e-13,3.612218172507743071e-13,4.417738879682640642e-13,3.650222443962924860e-13,4.558359312983505630e-13,6.826682811539533202e-13,6.044915611133715275e-13,7.783699576938205547e-13,4.334269021981318366e-13,7.090732091048656135e-13,7.590007034038876988e-13,7.414576422051622601e-13,1.049038824735039539e-12,8.090278906432360721e-13,9.154848245092189712e-13,5.624304000094929459e-11,1.447778957378196928e-12,1.149457014106176463e-12
3.381021184204740990e-13,4.458073537458556786e-13,3.639929255070193257e-13,3.700717791073989279e-13,3.986971164249835749e-13,3.724120703025107834e-13,3.715070593535485553e-13,4.381770739790288875e-13,3.430391246362194771e-13,3.259818453247097951e-13,2.791218006671098097e-13,3.425602848920601491e-13,3.384722003275691048e-13,3.773705174242820480e-13,3.705805599025233709e-13,4.266482186749232481e-13,4.152427306335811273e-13,3.420307503467049347e-13,3.610654953524570746e-13,3.370313715325737958e-13,3.654828423768482748e-13,5.351938375736098439e-13,7.089828534596854399e-13,3.172025565334611875e-13,3.603374598009385466e-13,3.721577907443072106e-13,3.939793659977598158e-13,4.329954348276085154e-13,3.740497247547783586e-13,3.741701459659688904e-13,3.432895145662478601e-13,3.432170259112239852e-13,4.965737789291033978e-13,6.451213595010954235e-13,9.896267275151119435e-13,2.920277244849894121e-13,3.084940276112499901e-13,3.615024605182015027e-13,4.443936998509786497e-13,5.100622536984299720e-13,3.990386711341858734e-13,3.534581346022899098e-13,3.129120912836950913e-13,3.485562438817805483e-13,4.634583301586177506e-13,7.789764430319128635e-13,9.344106195717881943e-13,2.945005626382033100e-13,2.786883140883270618e-13,3.260360721518562468e-13,3.711219719070037363e-13,4.130334684028104169e-13,3.612697717833333067e-13,3.888504427170739194e-13,3.913278512709247223e-13,4.035178890154016207e-13,6.496671681775160719e-13,1.155212761355157255e-12,2.330878627106504968e-13,2.783660435591095878e-13,3.927897747654719374e-13,3.684508289579051261e-13,4.506097854387573093e-13,3.723305533884910595e-13,4.649585417891068014e-13,6.962868373871131176e-13,6.165881146146125373e-13,7.939437138292738625e-13,4.420757205245805200e-13,7.231533111991786133e-13,7.740838749320682817e-13,7.562188091511838308e-13,1.069599636348995544e-12,8.251926848190054258e-13,9.337817310768515444e-13,5.542235694387945113e-11,1.476170302456552270e-12,1.171986089650949797e-12
3.448767394764157727e-13,4.547396863310487555e-13,3.712856941170495468e-13,3.774824007608998328e-13,4.066888374143386340e-13,3.798730116365318850e-13,3.789499296241626489e-13,4.469531477726122629e-13,3.499077543811015138e-13,3.325123633396815355e-13,2.847143389557239643e-13,3.494270219209481603e-13,3.452527248581283527e-13,3.849348843038908905e-13,3.780078088647361600e-13,4.351979929939814130e-13,4.235565291638340177e-13,3.488825074610417493e-13,3.682983430727785981e-13,3.437849788288514580e-13,3.728069424156853305e-13,5.459130919046000513e-13,7.231761175049317561e-13,3.235557997671319822e-13,3.675537178169672392e-13,3.796141543630948092e-13,4.018718447255212354e-13,4.416667592084215792e-13,3.815426243562635597e-13,3.816670773010256796e-13,3.501630361090068729e-13,3.500898466421532904e-13,5.065056766669046002e-13,6.580353941219617329e-13,1.009401858398371603e-12,2.978738854989540157e-13,3.146711521401942959e-13,3.687357855601486690e-13,4.532662002668311524e-13,5.202373022007332745e-13,4.070274599161796653e-13,3.605347508772696653e-13,3.191793991506114420e-13,3.555337109585690457e-13,4.727184154031158925e-13,7.944980861279614188e-13,9.530301134291432384e-13,3.003945441503062350e-13,2.842687830181824312e-13,3.325587487244802596e-13,3.785458182963015790e-13,4.212976042579603275e-13,3.685019499741803021e-13,3.966308899595753099e-13,3.991592505681220828e-13,4.115947441019822922e-13,6.626564329308318987e-13,1.178224755827313455e-12,2.377509636363111159e-13,2.839355079417141356e-13,4.006368340815723064e-13,3.758198377755034639e-13,4.596162924535722009e-13,3.797806520000360802e-13,4.742577985120910845e-13,7.101655312951104617e-13,6.289188406325057626e-13,8.098190817514495206e-13,4.508909282642990942e-13,7.374989566931394365e-13,7.894520195085102710e-13,7.712602226767281623e-13,1.090546610287327098e-12,8.416684404207370734e-13,9.524330742948385947e-13,5.460106936922371231e-11,1.505094953389195281e-12,1.194930411707708269e-12
3.517833441954162148e-13,4.638462371950499885e-13,3.787206571848384934e-13,3.850372534289812746e-13,4.148365303515042354e-13,3.874792986823532664e-13,3.865376578005922118e-13,4.558998177647077337e-13,3.569097374168903515e-13,3.391699620973642189e-13,2.904157615480252434e-13,3.564277757377702389e-13,3.521653011860447383e-13,3.926468389886033383e-13,3.855798756826437125e-13,4.439143850848979534e-13,4.320316419575235108e-13,3.558675473717628270e-13,3.756718726114574421e-13,3.506701518143736651e-13,3.802737730732541288e-13,5.568409064874527328e-13,7.376451179082306372e-13,3.300326159866287363e-13,3.749101454834647606e-13,3.872156720179435808e-13,4.099178706069087126e-13,4.505065374219617761e-13,3.891812685072312639e-13,3.893099840925159782e-13,3.571699450826848512e-13,3.570961101548439487e-13,5.166293413822219676e-13,6.711998429151355725e-13,1.029560311924690720e-12,3.038334284705076355e-13,3.209681689113425757e-13,3.761090248385268546e-13,4.623085675251208624e-13,5.306064518834416542e-13,4.151711968292370013e-13,3.677486473174520127e-13,3.255685113228599344e-13,3.626464394612733415e-13,4.821564161197843520e-13,8.103146542370330274e-13,9.720039868153527225e-13,3.064026561505591029e-13,2.899575740561533189e-13,3.392074944615284973e-13,3.861130849924427896e-13,4.297215822074221938e-13,3.758743514084763150e-13,4.045618335855586885e-13,4.071422617246566248e-13,4.198281041468482144e-13,6.758961319504817923e-13,1.201674256504290892e-12,2.425043476495956866e-13,2.896126897588375449e-13,4.086345998476391033e-13,3.833311238013886216e-13,4.687961293550105715e-13,3.873748712158383083e-13,4.837365697430771320e-13,7.243081831548520837e-13,6.414875338195956931e-13,8.260009974955528587e-13,4.598752116862234276e-13,7.521135552481614393e-13,8.051088566198300443e-13,7.865857995064492201e-13,1.111883060442725131e-12,8.584599962222406559e-13,9.714447394560964137e-13,5.377916341649888873e-11,1.534557602967162394e-12,1.218294779108165433e-12
3.588241676518992213e-13,4.731299923696950824e-13,3.863002440229413488e-13,3.927387741050227883e-13,4.231428578390939134e-13,3.952334186061754630e-13,3.942726712667820551e-13,4.650199220040741301e-13,3.640472833897281241e-13,3.459567706777167757e-13,2.962278977645494841e-13,3.635648310520520845e-13,3.592121841860031543e-13,4.005088892597185501e-13,3.932992120581117764e-13,4.528002076059677009e-13,4.406707223363225172e-13,3.629880961626335743e-13,3.831884322112741519e-13,3.576891071017201216e-13,3.878857446673288023e-13,5.679808059061489661e-13,7.523944805629810123e-13,3.366350928651165347e-13,3.824090637881274606e-13,3.949647786396840525e-13,4.181200097191111182e-13,4.595175602677592629e-13,3.969680907076317104e-13,3.971013187246519914e-13,3.643124381839308263e-13,3.642380208074986203e-13,5.269478310679855821e-13,6.846188055677220866e-13,1.050108500556298549e-12,3.099082171030016324e-13,3.273870545232394672e-13,3.836244367430409550e-13,4.715233606421712431e-13,5.411725466624801768e-13,4.234724245973510540e-13,3.751020796367159633e-13,3.320814518097079692e-13,3.698966425313971079e-13,4.917750788043079789e-13,8.264303205848123375e-13,9.913373963209246044e-13,3.125267545282223713e-13,2.957564743867767702e-13,3.459843348048870204e-13,3.938260688369073813e-13,4.383079805692750099e-13,3.833892727569661102e-13,4.126457023805100919e-13,4.152793445609779380e-13,4.282205222087871331e-13,6.893902204028652711e-13,1.225567564274811530e-12,2.473494922931298241e-13,2.953993303954803726e-13,4.167853977437445729e-13,3.909869617629743967e-13,4.781520022946772547e-13,3.951155385227909403e-13,4.933977146730173937e-13,7.387185573219966715e-13,6.542979747953077266e-13,8.424943884507355528e-13,4.690312263269834668e-13,7.670004301319421226e-13,8.210580060692893063e-13,8.021993915757951481e-13,1.133612094942929194e-12,8.755721483059657138e-13,9.908226220006175661e-13,5.295663475004772587e-11,1.564562678329075899e-12,1.242083571386957821e-12
3.660014527836936735e-13,4.825939915238731478e-13,3.940269351341018262e-13,4.005894361235113719e-13,4.316104895090115749e-13,4.031378944113854588e-13,4.021573993542349678e-13,4.743162971993342924e-13,3.713226029534245103e-13,3.528749191552471134e-13,3.021525793662221259e-13,3.708404776542698467e-13,3.663956639512149301e-13,4.085235494685210979e-13,4.011682750649754914e-13,4.618582774485434975e-13,4.494764201160798675e-13,3.702463815424674101e-13,3.908503714272279173e-13,3.648440649704914346e-13,3.956452711939230231e-13,5.793363294390939714e-13,7.674288666111517046e-13,3.433653362380940859e-13,3.900527929296894054e-13,4.028639118821219305e-13,4.264808296915863657e-13,4.687026169300931047e-13,4.049055255226815956e-13,4.050435363495085760e-13,3.715927099860211972e-13,3.715177816619599242e-13,5.374641880836445926e-13,6.982963733454944735e-13,1.071052886191899504e-12,3.161001123120594559e-13,3.339297842106284975e-13,3.912842721642927544e-13,4.809131087363148813e-13,5.519383876486506235e-13,4.319336821220875360e-13,3.825973008102101439e-13,3.387202450484307531e-13,3.772865295566079243e-13,5.015771257250398878e-13,8.428491751264436409e-13,1.011035446697604088e-12,3.187686905298243637e-13,3.016672702641150388e-13,3.528912875400516772e-13,4.016870568030528313e-13,4.470593683725145872e-13,3.910490069202086184e-13,4.208849167779116859e-13,4.235729519522945445e-13,4.367745457658189211e-13,7.031426271693737210e-13,1.249910902446948065e-12,2.522878915524680046e-13,3.012971662141058933e-13,4.250915310075298906e-13,3.987896149156359180e-13,4.876865970889886250e-13,4.030049737462206195e-13,5.032440777519241921e-13,7.534003495507284429e-13,6.673539228324954065e-13,8.593041616560327944e-13,4.783615729790262021e-13,7.821627975525187499e-13,8.373029645750025295e-13,8.181047689419221024e-13,1.155736575133736004e-12,8.930096331763679754e-13,1.010572655138469512e-12,5.213348895290757018e-11,1.595114297524390713e-12,1.266300704918247463e-12
3.733174290100932502e-13,4.922413220576251482e-13,4.019032558562432428e-13,4.085917770588660687e-13,4.402420805477441982e-13,4.111952685260137880e-13,4.101942573635447703e-13,4.837917582713934459e-13,3.787378879527101857e-13,3.599265267143072580e-13,3.081916312814567488e-13,3.782569969908057188e-13,3.737180530115838989e-13,4.166933232820042465e-13,4.091895107553406994e-13,4.710913945533413742e-13,4.584513633422975698e-13,3.776446194870119026e-13,3.986600263412001105e-13,3.721372358389705281e-13,4.035547547465547587e-13,5.909109826842765697e-13,7.827529223965279273e-13,3.502254539338545166e-13,3.978436379660156329e-13,4.109154961695110200e-13,4.350028822215699882e-13,4.780644747685084195e-13,4.129959925987231843e-13,4.131390784866812570e-13,3.790129399986400981e-13,3.789375814530567008e-13,5.481814159511354466e-13,7.122365906593168411e-13,1.092400026704655750e-12,3.224109616767103137e-13,3.405983212302707962e-13,3.990907609355669034e-13,4.904802929996600580e-13,5.629067108281789148e-13,4.405574876298395443e-13,3.902365475347632623e-13,3.454869047769226019e-13,3.848182931060786618e-13,5.115652352457447033e-13,8.595751820971986497e-13,1.031103146925389575e-12,3.251303012146602242e-13,3.076917382103341494e-13,3.599303515832166871e-13,4.096983119374170134e-13,4.559782881103765566e-13,3.988558290094940647e-13,4.292818733805211554e-13,4.320255139984437001e-13,4.454926998028804938e-13,7.171572185852480338e-13,1.274710347318021282e-12,2.573210624835938798e-13,3.073079173474413990e-13,4.335552644859432319e-13,4.067413188697906318e-13,4.974025601887452326e-13,4.110454747127536194e-13,5.132784680449619496e-13,7.683571507392580790e-13,6.806590826453762708e-13,8.764351384078584595e-13,4.878687523264799107e-13,7.976037144856089695e-13,8.538470648663985008e-13,8.343055655965398889e-13,1.178259050526207359e-12,9.107770808769924488e-13,1.030700847955653132e-12,5.130974179750522455e-11,1.626216160418766442e-12,1.290949731970651941e-12
3.807734333101142817e-13,5.020734935746771887e-13,4.099306493729054341e-13,4.167473285547431371e-13,4.490389965998386516e-13,4.194070036513404297e-13,4.183846536444737066e-13,4.934478081292431070e-13,3.862945161688103092e-13,3.671129246103342269e-13,3.143462763705276466e-13,3.858157059749804310e-13,3.811807552747056203e-13,4.250195787258188809e-13,4.173642938205252307e-13,4.805009979978541538e-13,4.675970591112200247e-13,3.851841738813102842e-13,4.066187961595957526e-13,3.795699594038368612e-13,4.116155741739903723e-13,6.027062407402298483e-13,7.983680707270972278e-13,3.572167928095339466e-13,4.057830096241208442e-13,4.191209364946819948e-13,4.436876116643677824e-13,4.876046456824418555e-13,4.212409121039134212e-13,4.213893504421919674e-13,3.865745123512878473e-13,3.864988012194384367e-13,5.591011545464711791e-13,7.264410176078197457e-13,1.114150425724904957e-12,3.288420331072424181e-13,3.473939708677510616e-13,4.070453323104878516e-13,5.002264528611835596e-13,5.740791148825917766e-13,4.493453284281579866e-13,3.980212256113743755e-13,3.523827415278139464e-13,3.924933317684913696e-13,5.217410038438359363e-13,8.766100039269582071e-13,1.051542243243946475e-12,3.316128596026937545e-13,3.138311072656523006e-13,3.671028749473738288e-13,4.178612832556412953e-13,4.650662649320766185e-13,4.068111629866364783e-13,4.378380553620155228e-13,4.406385160604910842e-13,4.543764853573509094e-13,7.314356972521628567e-13,1.299967152485755424e-12,2.624501547238104177e-13,3.134328111717860498e-13,4.421780612540468152e-13,4.148435117582394026e-13,5.073014755203294345e-13,4.192384927679276748e-13,5.235024910001886733e-13,7.835906525268940624e-13,6.942151530468921918e-13,8.938888368591475520e-13,4.975542681638846534e-13,8.133245775458024494e-13,8.706916931111634925e-13,8.508034407799984569e-13,1.201179409007359112e-12,9.288761346927797957e-13,1.051208429536705412e-12,5.048541127047282736e-11,1.657867212353923548e-12,1.316026177190586925e-12
3.883725964444761946e-13,5.120949887792765634e-13,4.181125478229458302e-13,4.250594573142749891e-13,4.580052244467830345e-13,4.277765980669125097e-13,4.267320326021146612e-13,5.032886008660871504e-13,3.939954892025731296e-13,3.744370323809835646e-13,3.206189493392980693e-13,3.935198822861122338e-13,3.887868622874842635e-13,4.335059954424544950e-13,4.256961757699111858e-13,4.900912932325259511e-13,4.769172637217409043e-13,3.928681252027806707e-13,4.147299691561589821e-13,3.871453376969095327e-13,4.198311841976220799e-13,6.147276355099076478e-13,8.142820550438791998e-13,3.643421567889944750e-13,4.138741132670711621e-13,4.274837001320486284e-13,4.525387006069866533e-13,4.973271730496735591e-13,4.296437216194024052e-13,4.297978557773428393e-13,3.942803993828203106e-13,3.942044380884701550e-13,5.702277470016463768e-13,7.409162313426693538e-13,1.136316498417602022e-12,3.353957427643752548e-13,3.543193484949623210e-13,4.151509943230296432e-13,5.101549122523307051e-13,5.854593365997765047e-13,4.583007551760186702e-13,4.059543989294788631e-13,3.594104745902829143e-13,4.003146231591965682e-13,5.321081210581273057e-13,8.939597004040431840e-13,1.072360629747096684e-12,3.382187477741181944e-13,3.200876932966454332e-13,3.744114781566527468e-13,4.261790176181359579e-13,4.743268406994084435e-13,4.149181289219118232e-13,4.465567526962794287e-13,4.494153194962892161e-13,4.634294460649255867e-13,7.459840747529895991e-13,1.325691798589900613e-12,2.676769336517003010e-13,3.196740342191544030e-13,4.509629203541029323e-13,4.230991941524300562e-13,5.173869956262428935e-13,4.275871513533355077e-13,5.339201299487024077e-13,7.991061542153406883e-13,7.080278304498064814e-13,9.116733606288037718e-13,5.074217426567877926e-13,8.293296853311630115e-13,8.878417688568286722e-13,8.676036415882038001e-13,1.224502035305048626e-12,9.473143269495681745e-13,1.072105914382971274e-12,4.966054743852168378e-11,1.690074768162309999e-12,1.341541574982520213e-12
3.961171398209570163e-13,5.223086749634724487e-13,4.264512711956796310e-13,4.335304930704216028e-13,4.671434406181335868e-13,4.363064333902191123e-13,4.352388140437353021e-13,5.133169548459830261e-13,4.018429785521283558e-13,3.819009681762631774e-13,3.270114721500153177e-13,4.013718243579004220e-13,3.965385245102357715e-13,4.421550984155167603e-13,4.341876185517539578e-13,4.998651015289152950e-13,4.864145903964536609e-13,4.006986861687511012e-13,4.229958795636993850e-13,3.948655869936210620e-13,4.282039993396925947e-13,6.269786229754546845e-13,8.304993190860804495e-13,3.716035606706405864e-13,4.221192426797332908e-13,4.360062167692278883e-13,4.615587041527204777e-13,5.072348209800403647e-13,4.382068411951965399e-13,4.383670437863353514e-13,4.021327621532138212e-13,4.020566656180905368e-13,5.815641418891315667e-13,7.556662719843248818e-13,1.158904459513809721e-12,3.420739152726110768e-13,3.613763981353335193e-13,4.234099364447805504e-13,5.202680256635772064e-13,5.970499403125660789e-13,4.674262668988976480e-13,4.140382836447231519e-13,3.665721065565596037e-13,4.082843343536864990e-13,5.426691659970171820e-13,9.116279598968972052e-13,1.093562837413451442e-12,3.449497712234171783e-13,3.264632533015549609e-13,3.818581153814875731e-13,4.346537288949569224e-13,4.837625176985423603e-13,4.231789782670605316e-13,4.554403217563094878e-13,4.583583206901425510e-13,4.726540803462435297e-13,7.608061487881748141e-13,1.351889804827942330e-12,2.730027811070697514e-13,3.260332684880842894e-13,4.599120181350093499e-13,4.315105512738193294e-13,5.276616837501543672e-13,4.360937086131644681e-13,5.445341369260879834e-13,8.149069973296708413e-13,7.221007592113325990e-13,9.297934299590671010e-13,5.174737865126625802e-13,8.456216036024829425e-13,9.053001928542398345e-13,8.847093656946864435e-13,1.248228524051391637e-12,9.660961254878155065e-13,1.093398918373400730e-12,4.883520357054468628e-11,1.722841192621620268e-12,1.367499762974751430e-12
4.040092528869887602e-13,5.327174509854567741e-13,4.349491752316075503e-13,4.421628141413458674e-13,4.764562902897341160e-13,4.449988894377961828e-13,4.439073858974502304e-13,5.235356452408089966e-13,4.098391163778942934e-13,3.895068230983313690e-13,3.335256459650953736e-13,4.093738078164776042e-13,4.044378954775316078e-13,4.509693861850301076e-13,4.428410569364110352e-13,5.098252088294641076e-13,4.960916080110284247e-13,4.086780405096723335e-13,4.314188300911346286e-13,4.027328979304626683e-13,4.367364058425870532e-13,6.394625960606077372e-13,8.470242614637686692e-13,3.790029962073534813e-13,4.305206572721523360e-13,4.446908851956164841e-13,4.707501424349755561e-13,5.173303097915069003e-13,4.469326575168042007e-13,4.470993326697551541e-13,4.101337273422722893e-13,4.100576241714802816e-13,5.931132168433572954e-13,7.706951003592467376e-13,1.181920600929175677e-12,3.488783442869198628e-13,3.685670342189636848e-13,4.318243040014879601e-13,5.305680613521559591e-13,6.088533777926842349e-13,4.767243196395106521e-13,4.222750595368916955e-13,3.738696125288059991e-13,4.164045951267647319e-13,5.534266379151623465e-13,9.296182685920487325e-13,1.115153220283785706e-12,3.518077027050847501e-13,3.329595184256609387e-13,3.894447001249599008e-13,4.432875823067731537e-13,4.933757458856311327e-13,4.315959237619254648e-13,4.644910705729224827e-13,4.674698694496505579e-13,4.820528406285949588e-13,7.759056123159547011e-13,1.378566441766777954e-12,2.784290880990608547e-13,3.325121604633223986e-13,4.690274611456175821e-13,4.400797151691140429e-13,5.381280304945406768e-13,4.447603771293305437e-13,5.553471979051893837e-13,8.309963510930548655e-13,7.364374901528451707e-13,9.482536292326215960e-13,5.277128894945655365e-13,8.622026431981204969e-13,9.230696066449969164e-13,9.021235882922304627e-13,1.272359981446136551e-12,9.852258277553909721e-13,1.115093102925873152e-12,4.800944509065861417e-11,1.756168195322171204e-12,1.393904172567569118e-12
4.120511039163640321e-13,5.433242392188996637e-13,4.436086373013312361e-13,4.509588079934792798e-13,4.859463922908082667e-13,4.538563530430752545e-13,4.527401048628760802e-13,5.339474047873411927e-13,4.179860017420141299e-13,3.972566595892442778e-13,3.401632497552105739e-13,4.175280846765840170e-13,4.124871382928719596e-13,4.599513333824878105e-13,4.516589003623506347e-13,5.199743690006439574e-13,5.059508407912958779e-13,4.168083426236019179e-13,4.400010919263855941e-13,4.107494358403155365e-13,4.454307623514508901e-13,6.521829133934199061e-13,8.638612545086208636e-13,3.865424421988312566e-13,4.390805812828347036e-13,4.535400741181460478e-13,4.801155015957218798e-13,5.276163169814694962e-13,4.558235242336652118e-13,4.559971105418454110e-13,4.182853856398691065e-13,4.182094195718208617e-13,6.048777765391751852e-13,7.860066036464898761e-13,1.205371183328050383e-12,3.558107906913725882e-13,3.758931395381610341e-13,4.403961952160686296e-13,5.410571939996788077e-13,6.208719791407856580e-13,4.861973255819839216e-13,4.306668683905329042e-13,3.813049387352686569e-13,4.246774958992900136e-13,5.643829507230408260e-13,9.479338983663766638e-13,1.137135939609776070e-12,3.587942789169929983e-13,3.395781916173623998e-13,3.971731016049434290e-13,4.520826909652871462e-13,5.031689205749564702e-13,4.401711376603821437e-13,4.737112562152940846e-13,4.767522668920027612e-13,4.916281319726722471e-13,7.912860537805277081e-13,1.405726722426536946e-12,2.839572383340258092e-13,3.391123205226646949e-13,4.783112803645018831e-13,4.488087629048977160e-13,5.487884491273285341e-13,4.535893211381706952e-13,5.663619301085482353e-13,8.473772019059020525e-13,7.510414806315603593e-13,9.670584297517535900e-13,5.381414243386509065e-13,8.790748575057482049e-13,9.411523707229293985e-13,9.198490644620221554e-13,1.296896985761323438e-12,1.004707555055102537e-12,1.137194082021165841e-12,4.718335001528140621e-11,1.790056798814864973e-12,1.420757425334536623e-12
4.202448329056932733e-13,5.541319524404442266e-13,4.524320239734170393e-13,4.599208411385324487e-13,4.956163344669659515e-13,4.628812027305878545e-13,4.617392886240015336e-13,5.445549148620265030e-13,4.262856931264038966e-13,4.051525056156952256e-13,3.469260346592103019e-13,4.258368797553130553e-13,4.206884088938008945e-13,4.691033831292560266e-13,4.606435253240221145e-13,5.303152953224437030e-13,5.159947582792103827e-13,4.250917099430849017e-13,4.487448966927945514e-13,4.189173337363177863e-13,4.542893930792998352e-13,6.651428934003202866e-13,8.810146193566066617e-13,3.942238593559475999e-13,4.478011953433153088e-13,4.625561141001366456e-13,4.896572250653680380e-13,5.380954672639860933e-13,4.648817538368705411e-13,4.650627276538845925e-13,4.265897835159782648e-13,4.265141149873942195e-13,6.168605386908050156e-13,8.016045790013888265e-13,1.229262378513020019e-12,3.628729770206610226e-13,3.833565578679385457e-13,4.491276515556048085e-13,5.517374894315515419e-13,6.331079339900431831e-13,4.958476432362447106e-13,4.392158053653457062e-13,3.888799953677993285e-13,4.331050790397775909e-13,5.755404181703376647e-13,9.665778781117828756e-13,1.159514916100838156e-12,3.659111932594985427e-13,3.463209410077597746e-13,4.050451359176436717e-13,4.610411056238725974e-13,5.131443714338855133e-13,4.489067427921610914e-13,4.831030744142494868e-13,4.862077552634016526e-13,5.013823018110325300e-13,8.069509385440986769e-13,1.433375347907569334e-12,2.895885923321211262e-13,3.458353163007125439e-13,4.877654211972001416e-13,4.576997083881197023e-13,5.596452617956371644e-13,4.625826466147445104e-13,5.775808687960288300e-13,8.640523261138858032e-13,7.659160766937910306e-13,9.862121716864789922e-13,5.487616494555486703e-13,8.962400132236120191e-13,9.595505355709358427e-13,9.378882999879262966e-13,1.321839533861317390e-12,1.024545229957935790e-12,1.159707362112547677e-12,4.635700938746484790e-11,1.824507249927656326e-12,1.448061220823170976e-12
4.285925439283607677e-13,5.651434676824498459e-13,4.614216723024978081e-13,4.690512427272723727e-13,5.054686668233025888e-13,4.720757892310282417e-13,4.709072075839857149e-13,5.553607957227070377e-13,4.347402002133430650e-13,4.131963478209673713e-13,3.538157178370704376e-13,4.343023844447078799e-13,4.290438365760939347e-13,4.784279390776358137e-13,4.697972673733684178e-13,5.408506515871176959e-13,5.262257647246722154e-13,4.335302147983849387e-13,4.576524279140688044e-13,4.272386848713748620e-13,4.633145803308193651e-13,6.783458001930168518e-13,8.984885973918265657e-13,4.020491802070286657e-13,4.566846274864328994e-13,4.717412890471008841e-13,4.993777043813149123e-13,5.487703221028266415e-13,4.741096090539119152e-13,4.742984881726057227e-13,4.350489144127130225e-13,4.349737222512528166e-13,6.290641192577611659e-13,8.174927167551575604e-13,1.253600241206673838e-12,3.700665804101795415e-13,3.909590860140036141e-13,4.580206473584735082e-13,5.626108882076363232e-13,6.455632714097560392e-13,5.056775670140463054e-13,4.479239097586142066e-13,3.965966488904582068e-13,4.416893295332590642e-13,5.869012380023084166e-13,9.855529625148368148e-13,1.182293782393940871e-12,3.731600879296573681e-13,3.531893927444661268e-13,4.130625564230709029e-13,4.701648036682915941e-13,5.233043507613984368e-13,4.578048030060295509e-13,4.926686484645885871e-13,4.958385070717188997e-13,5.113176290265477345e-13,8.229035894292902400e-13,1.461516651978469513e-12,2.953244756906810249e-13,3.526826650619508108e-13,4.973917310815457121e-13,4.667544923213049697e-13,5.707006848019763271e-13,4.717423906396212998e-13,5.890064532318541290e-13,8.810242611821985460e-13,7.810644945064222128e-13,1.005719044049457086e-12,5.595757250780803978e-13,9.136995536369691410e-13,9.782658059123833181e-13,9.562435145759002007e-13,1.347186979349628589e-12,1.044742550310480008e-12,1.182638309429630100e-12,4.553052779536641634e-11,1.859518931339531523e-12,1.475816479282295099e-12
4.370962971516888942e-13,5.763616094521988116e-13,4.705798759798008162e-13,4.783522940741459375e-13,5.155058934230568064e-13,4.814424187754103575e-13,4.802460761631276737e-13,5.663675960173333240e-13,4.433514746157267107e-13,4.213901238784502798e-13,3.608339758720358351e-13,4.429267496763705875e-13,4.375555082878471215e-13,4.879273573157117642e-13,4.791224129305312130e-13,5.515830428339486640e-13,5.366461880139606369e-13,4.421258759391544294e-13,4.667258121352593713e-13,4.357155349908246896e-13,4.725085565001806830e-13,6.917948275481793363e-13,9.162873236557313352e-13,4.100203000446068407e-13,4.657329437505276493e-13,4.810978274053870955e-13,5.092792696917929981e-13,5.596433688136916473e-13,4.835092938223448033e-13,4.837066415732657837e-13,4.436647094705197133e-13,4.435901927459607023e-13,6.414910169403343107e-13,8.336745833499466594e-13,1.278390686835652558e-12,3.773932245146837987e-13,3.987024654073622550e-13,4.670770788654145912e-13,5.736791881562425784e-13,6.582398385350224010e-13,5.156893163386182722e-13,4.567931552997166156e-13,4.044567139556199715e-13,4.504321651488707886e-13,5.984674751908635758e-13,1.004861598318172114e-12,1.205475837729718163e-12,3.805425453664130689e-13,3.601851233723302090e-13,4.212270435392599096e-13,4.794556774512507766e-13,5.336510211372479284e-13,4.668673131129942214e-13,5.024100175220959075e-13,5.056466136541225729e-13,5.214363125242194075e-13,8.391471662501966713e-13,1.490154545414911882e-12,3.011661698067923269e-13,3.596558250499120675e-13,5.071919454536306691e-13,4.759749706729488309e-13,5.819568130165317358e-13,4.810705101704073452e-13,6.006410119514592281e-13,8.982952752711508731e-13,7.964898010658442897e-13,1.025583060286717832e-12,5.705857141676036314e-13,9.314545574575031920e-13,9.972995015889282454e-13,9.749166013708956644e-13,1.372937965770665720e-12,1.065302960107158751e-12,1.205992124486780281e-12,4.470402390522490998e-11,1.895090266883372547e-12,1.504023431155070169e-12
4.457581009612222669e-13,5.877891377438003476e-13,4.799088740367686529e-13,4.878262195159647949e-13,5.257304628959455572e-13,4.909833395257773382e-13,4.897580430642042712e-13,5.775777808677813467e-13,4.521213997513666901e-13,4.297357137522958039e-13,3.679824373987802416e-13,4.517120774862749901e-13,4.462254563869842298e-13,4.976039374842723312e-13,4.886211902830143055e-13,5.625150049263584028e-13,5.472582674329408980e-13,4.508806492382686044e-13,4.759671091427590343e-13,4.443498737646301388e-13,4.818734950056840431e-13,7.054930809829911242e-13,9.344148022581701527e-13,4.181390633805579328e-13,4.749481378542108612e-13,4.906278924671184960e-13,5.193641792725372119e-13,5.707170084520132588e-13,4.930829432374113995e-13,4.932893730274968052e-13,4.524390273126264284e-13,4.523654073781644893e-13,6.541435960703298011e-13,8.501536024769023011e-13,1.303639467951037821e-12,3.848544703634342386e-13,4.065883728938180813e-13,4.762987521808475339e-13,5.849440252450066471e-13,6.711392771591177920e-13,5.258850236558467008e-13,4.658254394916574857e-13,4.124619445485917407e-13,4.593354256447720647e-13,6.102410435450769383e-13,1.024505886902919882e-12,1.229064002553953566e-12,3.880600787266719209e-13,3.673096514721332724e-13,4.295401935418567567e-13,4.889155214731827202e-13,5.441864417966142895e-13,4.760961878144241355e-13,5.123291237315504373e-13,5.156340725954015343e-13,5.317404586707383828e-13,8.556846429691450358e-13,1.519292458521403314e-12,3.071149032788747731e-13,3.667561858881720998e-13,5.171676718761097828e-13,4.853629016164384693e-13,5.934156027328258119e-13,4.905688697099822305e-13,6.124867465556272907e-13,9.158673339335440369e-13,8.121948929157073642e-13,1.045808030105311924e-12,5.817935673767601532e-13,9.495056942328608243e-13,1.016652513590076576e-12,9.939090837553093736e-13,1.399090353748436446e-12,1.086229615442700366e-12,1.229773815835232720e-12,4.387763096998057239e-11,1.931218621495308384e-12,1.532681633938280668e-12
4.545799011057658043e-13,5.994287371617090593e-13,4.894108463200969285e-13,4.974751766676401985e-13,5.361447575661803614e-13,5.007007296433150492e-13,4.994451802103899777e-13,5.889937182481394891e-13,4.610517800795107139e-13,4.382349297602518172e-13,3.752626747796493516e-13,4.606604117290438532e-13,4.550556480380420865e-13,5.074599127324719728e-13,4.982957594146579010e-13,5.736489926251911889e-13,5.580641398700535142e-13,4.597964172700477394e-13,4.853783009519434463e-13,4.531436251074788508e-13,4.914114999295929963e-13,7.194435591123076998e-13,9.528748823288203736e-13,4.264072502590408433e-13,4.843321196101882981e-13,5.003335714315309159e-13,5.296346076778511322e-13,5.819935420710037499e-13,5.028326121581834473e-13,5.030487924776587643e-13,4.613736425891860688e-13,4.613011653404917026e-13,6.670240674190815863e-13,8.669330336635104283e-13,1.329352147639975573e-12,3.924518061185239649e-13,4.146184104756919362e-13,4.856873698414099076e-13,5.964068523774867973e-13,6.842629978058289765e-13,5.362667209646977544e-13,4.750225716817274119e-13,4.206140240453027743e-13,4.684008607003037839e-13,6.222236852508085278e-13,1.044487542478451057e-12,1.253060770735647216e-12,3.957141212012700684e-13,3.745644283462187141e-13,4.380035061008075521e-13,4.985460180770231960e-13,5.549125533444539497e-13,4.854932492914204894e-13,5.224277978260410813e-13,5.258027736332084659e-13,5.422320672140483725e-13,8.725187818166436656e-13,1.548933280130590392e-12,3.131718431078703751e-13,3.739850580154375646e-13,5.273203722442013746e-13,4.949199308981455556e-13,6.050788525384293114e-13,5.002392275320675622e-13,6.245457135670453685e-13,9.337420632078614216e-13,8.281824722247286958e-13,1.066397527780221656e-12,5.932011003380044216e-13,9.678531764368676296e-13,1.036325255517094729e-12,1.013222069291643945e-12,1.425641141902910969e-12,1.107525348782691818e-12,1.253988170750212330e-12,4.305149729783072302e-11,1.967900190681361509e-12,1.561789938887022264e-12
4.635635689657405945e-13,6.112830051759363831e-13,4.990878964867103381e-13,5.073012453204756803e-13,5.467510812110989700e-13,5.105966855137074838e-13,5.093094702485352955e-13,6.006176635873747404e-13,4.701443279665971628e-13,4.468895054099680430e-13,3.826761947461009154e-13,4.697737277868785731e-13,4.640479746895284493e-13,5.174974383490995874e-13,5.081482005063417509e-13,5.849873660377763617e-13,5.690658242827800149e-13,4.688749775987497000e-13,4.949612794031842555e-13,4.620986362572849654e-13,5.011245943002809085e-13,7.336491340727812169e-13,9.716712330113108139e-13,4.348265638606661753e-13,4.938867019081256788e-13,5.102168630607367982e-13,5.400926323639591207e-13,5.934751552204330125e-13,5.127602623489879184e-13,5.129869222849004653e-13,4.704702331217781022e-13,4.703991714981579614e-13,6.801344666658245464e-13,8.840159480356279887e-13,1.355534069515666836e-12,4.001866356717804067e-13,4.227940937650914006e-13,4.952445158044516435e-13,6.080689158763537865e-13,6.976121510216467379e-13,5.468363246803165233e-13,4.843862596865999873e-13,4.289145540903053760e-13,4.776301164012530869e-13,6.344169480915593174e-13,1.064807845796890688e-12,1.277468157760797481e-12,4.035060140647469136e-13,3.819508276130381851e-13,4.466183703808936474e-13,5.083487214676633479e-13,5.658311606207115722e-13,4.950602132843233615e-13,5.327077430051648227e-13,5.361544828600216931e-13,5.529130154834595601e-13,8.896521042099607200e-13,1.579079291601174165e-12,3.193380868431958109e-13,3.813436612040787552e-13,5.376513429468201504e-13,5.046475755787906430e-13,6.169481819746450242e-13,5.100832202743547504e-13,6.368198041136370331e-13,9.519207087729170754e-13,8.444550199216500132e-13,1.087354857652399085e-12,6.048099687469848165e-13,9.864967079774833087e-13,1.056317610730847191e-12,1.032856200288152416e-12,1.452586380734549050e-12,1.129192626381406424e-12,1.278639722060836781e-12,4.222578667381724568e-11,2.005129883717891027e-12,1.591346427791064539e-12
4.727108888696875217e-13,6.233544387627218017e-13,5.089420417059068725e-13,5.173064153117184644e-13,5.575516451818113932e-13,5.206732091566982078e-13,5.193527925178571248e-13,6.124517424898398923e-13,4.794006489170615727e-13,4.557010829358786897e-13,3.902244279355291500e-13,4.790539209668776699e-13,4.732042406963499496e-13,5.277185789352561097e-13,5.181805009776450943e-13,5.965323753493632875e-13,5.802652042698909398e-13,4.781180296401630041e-13,5.047178322355138610e-13,4.712166655061490086e-13,5.110147069372545615e-13,7.481125306004513522e-13,9.908073164706381515e-13,4.433986179359812923e-13,5.036135861225752117e-13,5.202796637994664995e-13,5.507402186458738532e-13,6.051639005176099322e-13,5.228677480422231164e-13,5.231056833468587377e-13,4.797303655182077978e-13,4.796610222663572849e-13,6.934766303271393330e-13,9.014052009945699284e-13,1.382190325496614901e-12,4.080602659136155860e-13,4.311168391244705172e-13,5.049716386961283631e-13,6.199312294433832876e-13,7.111875956536737305e-13,5.575956186702587209e-13,4.939180948257135403e-13,4.373650421465046774e-13,4.870247201310375837e-13,6.468221601319106491e-13,1.085467593122536495e-12,1.302287643970827891e-12,4.114369933668750153e-13,3.894701335998042682e-13,4.553860495621967713e-13,5.183250398951901560e-13,5.769439135490209210e-13,5.047986735188136328e-13,5.431705169280414950e-13,5.466908250597888789e-13,5.637850406992409025e-13,9.070868582224629888e-13,1.609732094851077203e-12,3.256146515527800949e-13,3.888331114853897215e-13,5.481616928744296519e-13,5.145472059764522867e-13,6.290250077869245413e-13,5.201023457375555890e-13,6.493107212457060918e-13,9.704040908335285000e-13,8.610147655712841594e-13,1.108683015114818284e-12,6.166216427282035314e-13,1.005435428715316446e-12,1.076628874260323812e-12,1.052811600390810476e-12,1.479921081672431240e-12,1.151233500971932508e-12,1.303732711412440551e-12,4.140067872949939454e-11,2.042901198593361188e-12,1.621348324587965903e-12
4.820235443494335418e-13,6.356454194642292650e-13,5.189752012071844090e-13,5.274925727198843955e-13,5.685485534494934108e-13,5.309321944360718948e-13,5.295769073727852796e-13,6.244979314419190610e-13,4.888222256061917219e-13,4.646711994575756713e-13,3.979087172495635719e-13,4.885027936035720535e-13,4.825261506885702680e-13,5.381252939744213699e-13,5.283945409325908560e-13,6.082861437076688115e-13,5.916640085920791214e-13,4.875271599589237981e-13,5.146496275019481358e-13,4.804993684763200055e-13,5.210836577711798225e-13,7.628363036567246582e-13,1.010286358922251646e-12,4.521249235076889415e-13,5.135143458003793791e-13,5.305237522184893042e-13,5.615792028367670986e-13,6.170616781373453651e-13,5.331567998057000933e-13,5.334068795755108443e-13,4.891554791249567742e-13,4.890881898439281985e-13,7.070521689124211756e-13,9.191034014343840273e-13,1.409325724188809631e-12,4.160738928367149437e-13,4.395879493219350264e-13,5.148700331585948876e-13,6.319945453765303272e-13,7.249898638656360588e-13,5.685462352953171741e-13,5.036195352151954418e-13,4.459668875950346792e-13,4.965860637203641917e-13,6.594404016328166577e-13,1.106467040149633719e-12,1.327520112977982406e-12,4.195081751677963472e-13,3.971235284220068580e-13,4.643076636368877890e-13,5.284762158383402221e-13,5.882522857953675097e-13,5.147100843342153946e-13,5.538175116517411602e-13,5.574132640122267259e-13,5.748497202134337209e-13,9.248249822784003130e-13,1.640892534567879533e-12,3.320024635609132646e-13,3.964544064496452825e-13,5.588523198075464876e-13,5.246200257000038698e-13,6.413105175532905017e-13,5.302979437259347155e-13,6.620199546503694299e-13,9.891925543438893141e-13,8.778636536929613189e-13,1.130384642958457958e-12,6.286373825761615026e-13,1.024667854835198529e-12,1.097257689584689407e-12,1.073087817061124964e-12,1.507639118944142604e-12,1.173649559396386537e-12,1.329271050385363828e-12,4.057636925492496215e-11,2.081206088793281881e-12,1.651791888258280316e-12
4.915031026171298346e-13,6.481581904953285362e-13,5.291891783754122899e-13,5.378614795530278047e-13,5.797437874380477636e-13,5.413754090287196349e-13,5.399834389091048519e-13,6.367580367900208262e-13,4.984104002127646693e-13,4.738012718426101919e-13,4.057303049634414273e-13,4.981220411341019684e-13,4.920152929231466117e-13,5.487194217599729001e-13,5.387920769600371323e-13,6.202506485048139714e-13,6.032637896033544593e-13,4.971038258460984907e-13,5.247581962380492661e-13,4.899482828828306638e-13,5.313331417744506783e-13,7.778228123390980425e-13,1.030111312160787580e-12,4.610068730028674126e-13,5.235904084951772250e-13,5.409507717223768704e-13,5.726112735546055291e-13,6.291702143012237051e-13,5.436290067247069667e-13,5.438921807819158032e-13,4.987468681845999180e-13,4.986820046600641474e-13,7.208624373045583991e-13,9.371128780095806153e-13,1.436944719600698141e-12,4.242285866542697140e-13,4.482085975176719421e-13,5.249408191073140052e-13,6.442593228464929692e-13,7.390191227545056563e-13,5.796896343585765649e-13,5.134918871607185686e-13,4.547213662078373826e-13,5.063153846815641903e-13,6.722724740339339623e-13,1.127805841678212703e-12,1.353165775832689728e-12,4.277205392057934681e-13,4.049120776088235724e-13,4.733841702733725824e-13,5.388033040140712057e-13,5.997575511448830562e-13,5.247957413782765993e-13,5.646499313701477648e-13,5.683230806349093318e-13,5.861084495558966322e-13,9.428680656226420448e-13,1.672560604520326202e-12,3.385023451216170799e-13,4.042084091181858066e-13,5.697238844791609824e-13,5.348670498817523861e-13,6.538056405692463159e-13,5.406711747564302761e-13,6.749487526810132841e-13,1.008285914729890313e-12,8.950033067388716315e-13,1.152461984951287355e-12,6.408582142910394278e-13,1.044191813088427180e-12,1.118201981034145396e-12,1.093683756764671725e-12,1.535733126321039898e-12,1.196441866743201034e-12,1.355258252287913944e-12,3.975307044859598877e-11,2.120034819028897958e-12,1.682672398615369842e-12
5.011509950915590276e-13,6.608948385392627642e-13,5.395856461285011398e-13,5.484147597470294319e-13,5.911391811839091328e-13,5.520044764307464255e-13,5.505738536681525674e-13,6.492336675498978004e-13,5.081663525071227999e-13,4.830925772012895590e-13,4.136903171374142327e-13,5.079132323873948002e-13,5.016731232821466131e-13,5.595026605996132394e-13,5.493747231243300068e-13,6.324276974383293292e-13,6.150658978941582848e-13,5.068493365635612962e-13,5.350449122218113634e-13,4.995648103662459027e-13,5.417647083055458380e-13,7.930741868009394521e-13,1.050284812061581144e-12,4.700457233847286704e-13,5.338430348717493319e-13,5.515622102513181778e-13,5.838379496138489188e-13,6.414910353202358228e-13,5.542857947824674629e-13,5.545631016103411044e-13,5.085056612013326395e-13,5.084436351634347741e-13,7.349085004904341818e-13,9.554356389468210057e-13,1.465051379414888797e-12,4.325252724785500042e-13,4.569798091167313609e-13,5.351849182666049796e-13,6.567256924485850977e-13,7.532751313130167979e-13,5.910270787805907050e-13,5.235362839170153631e-13,4.636296124686029755e-13,5.162137448552617495e-13,6.853188650914097414e-13,1.149482978744517554e-12,1.379224093320801501e-12,4.360749097114814479e-13,4.128367137735792591e-13,4.826163432664664102e-13,5.493071463996024573e-13,6.114607561608249762e-13,5.350567593629382198e-13,5.756687669650625857e-13,5.794213478932000005e-13,5.975624173150275440e-13,9.612172999185912450e-13,1.704735345571558946e-12,3.451150020181930523e-13,4.120958287913296737e-13,5.807767787071000159e-13,5.452890778190342166e-13,6.665110147099773250e-13,5.512229958773599615e-13,6.880980904053482818e-13,1.027683396769209296e-12,9.124349821382140900e-13,1.174916820106462293e-12,6.532848954941131660e-13,1.064004367247982793e-12,1.139458872080434353e-12,1.114597612636891072e-12,1.564194374723128072e-12,1.219610892458415030e-12,1.381697393466465639e-12,3.893101102689896709e-11,2.159375799074285165e-12,1.713983928742951657e-12
5.109685027651679891e-13,6.738572777166814174e-13,5.501661326541983168e-13,5.591538832125911319e-13,6.027364079607145805e-13,5.628208610617965705e-13,5.613494409757934505e-13,6.619262125472131332e-13,5.180910820906754956e-13,4.925462368640336218e-13,4.217897490431566253e-13,5.178777963852705568e-13,5.115009511428620316e-13,5.704765489649610126e-13,5.601439311862131078e-13,6.448189075186034943e-13,6.270714564454718112e-13,5.167648331794117775e-13,5.455109710981938190e-13,5.093501985620884343e-13,5.523797436527648468e-13,8.085923076429808447e-13,1.070809151486210383e-12,4.792425814944350631e-13,5.442732966153065326e-13,5.623593793876100050e-13,5.952605575505005364e-13,6.540254422615843993e-13,5.651284062412682817e-13,5.654209819421342787e-13,5.184327995685496244e-13,5.183740666443976826e-13,7.491910976999069650e-13,9.740733299179530660e-13,1.493649348872670188e-12,4.409647140168905779e-13,4.659024423134411867e-13,5.456030289438272685e-13,6.693934180169774138e-13,7.677571945672057229e-13,6.025596090492597543e-13,5.337536630504518587e-13,4.726926006856256595e-13,5.262820075981414282e-13,6.985797111949192961e-13,1.171496691443316304e-12,1.405693705150495374e-12,4.445719365764983861e-13,4.208982191279879514e-13,4.920047493882274773e-13,5.599883456882150105e-13,6.233626918622999507e-13,5.454940488305886020e-13,5.868747690846159933e-13,5.907089043674621227e-13,6.092125783034429723e-13,9.798734333745573684e-13,1.737414761195076022e-12,3.518410095782090751e-13,4.201172034191252433e-13,5.920110969338052975e-13,5.558866698696647531e-13,6.794269513833286313e-13,5.619541348203839576e-13,7.014686355224792014e-13,1.047383569294268047e-12,9.301595266522329670e-13,1.197750424132218939e-12,6.659178783971266098e-13,1.084101749338231676e-12,1.161024613764106936e-12,1.135826798270252438e-12,1.593012666139609050e-12,1.243156452944095841e-12,1.408591072529385967e-12,3.811043639227727829e-11,2.199215442752838607e-12,1.745719167712301600e-12
5.209567340182824671e-13,6.870472205978970483e-13,5.609319978825380510e-13,5.700801415579372601e-13,6.145369545355300322e-13,5.738258439175481123e-13,5.723112894011837086e-13,6.748368108062452655e-13,5.281853833856538750e-13,5.021631946721876159e-13,4.300294474615584173e-13,5.280170011815591361e-13,5.214999170670415728e-13,5.816424450426251373e-13,5.711009697465153627e-13,6.574256793949288192e-13,6.392813322715008474e-13,5.268512673667282850e-13,5.561573676882775560e-13,5.193055208435991525e-13,5.631794484796106463e-13,8.243787679864150194e-13,1.091686226855107224e-12,4.885983827324448137e-13,5.548820527865579500e-13,5.733433918139900355e-13,6.068802071461688619e-13,6.667744823189935736e-13,5.761578756239387674e-13,5.764669636917816013e-13,5.285290140500708409e-13,5.284740782259744991e-13,7.637106039509204839e-13,9.930271912023435468e-13,1.522741777702607721e-12,4.495474917332050306e-13,4.749771671687911901e-13,5.561955990570499247e-13,6.822618559419386580e-13,7.824641145593935959e-13,6.142880157999044388e-13,5.441447422081545776e-13,4.819111247439602935e-13,5.365208133271077944e-13,7.120547575599480368e-13,1.193844397745888206e-12,1.432572331388690235e-12,4.532120731920701807e-13,4.290972065247112677e-13,5.015497233911016607e-13,5.708472365819484240e-13,6.354638627185489621e-13,5.561082908157376943e-13,5.982684190961740063e-13,6.021863257123682877e-13,6.210596251265266923e-13,9.988367177801829729e-13,1.770595692627793675e-12,3.586807948871969365e-13,4.282728777057507940e-13,6.034265996363608618e-13,5.666601164335572316e-13,6.925533977539399394e-13,5.728650622882354410e-13,7.150607122319143095e-13,1.067384276787704402e-12,9.481773290584011018e-13,1.220963499374432222e-12,6.787572769573277060e-13,1.104479275377740166e-12,1.182894494706732112e-12,1.157367863167632823e-12,1.622176202126447991e-12,1.267077631868069046e-12,1.435941335260024389e-12,3.729160865893169360e-11,2.239537984689987101e-12,1.777869339339624638e-12
5.311166037136939212e-13,7.004661548403062648e-13,5.718844131942479881e-13,5.811946274524032237e-13,6.265420989613385011e-13,5.850205003428010852e-13,5.834602625799616373e-13,6.879663220547986346e-13,5.384498212577879485e-13,5.119441955836806283e-13,4.384100924748378764e-13,5.383319344087380993e-13,5.316709720408030133e-13,5.930015046499429587e-13,5.822469018558710816e-13,6.702491714554165957e-13,6.516961061031961550e-13,5.371093783587555309e-13,5.669848716952418577e-13,5.294316550398146131e-13,5.741648154179789698e-13,8.404348410811490636e-13,1.112917495480728448e-12,4.981138701677683816e-13,5.656699242556132895e-13,5.845151371912019638e-13,6.186977653265384541e-13,6.797389186868685815e-13,5.873750047361500355e-13,5.877019669160062211e-13,5.387947995681417588e-13,5.387442180904119113e-13,7.784669884204762173e-13,1.012298010850696877e-12,1.552331277922648460e-12,4.582739810449524085e-13,4.842044429197831309e-13,5.669627967879759330e-13,6.953299109162932235e-13,7.973941372395464155e-13,6.262128101840150725e-13,5.547099928434584785e-13,4.912857761779500292e-13,5.469305529825688176e-13,7.257433147576149876e-13,1.216522611549999671e-12,1.459856680552904953e-12,4.619955531935255404e-13,4.374340989346067484e-13,5.112513408629696578e-13,5.818838546918327969e-13,6.477644533165025146e-13,5.668999095715151580e-13,6.098498976400462547e-13,6.138538937976609116e-13,6.331039572514582983e-13,1.018106853081155077e-12,1.804273705394928158e-12,3.656346189338683244e-13,4.365629805719835326e-13,6.150226763357257076e-13,5.776094070055178728e-13,7.058898958253994622e-13,5.839559618528684547e-13,7.288742618859924142e-13,1.087682564945035153e-12,9.664882683647259528e-13,1.244556113849346329e-12,6.918028322310989713e-13,1.125131261086364888e-12,1.205062751318942404e-12,1.179216409439257903e-12,1.651671454627748369e-12,1.291372703117446953e-12,1.463749620376127709e-12,3.647480691350634437e-11,2.280325305615853126e-12,1.810424069960923755e-12
5.414488160778077782e-13,7.141153303580687972e-13,5.830243476771562370e-13,5.924982201748663976e-13,6.387528950394474827e-13,5.964056839335088199e-13,5.947969795693930815e-13,7.013153032080921699e-13,5.488847092524092201e-13,5.218897673067854902e-13,4.469321813990623913e-13,5.488234885035305026e-13,5.420148615357933744e-13,6.045546653017626675e-13,5.935825681477964084e-13,6.832902810496223329e-13,6.643160466528422093e-13,5.475396734766335298e-13,5.779940074542333397e-13,5.397292660985076303e-13,5.853366115427731770e-13,8.567614593000438361e-13,1.134503952652016089e-12,5.077895769230926951e-13,5.766372716474865524e-13,5.958752628033262552e-13,6.307138352186302557e-13,6.929192060843316229e-13,5.987803420592262638e-13,5.991266707614205101e-13,5.492303927243219892e-13,5.491847816182456443e-13,7.934597776424632070e-13,1.031886090440708384e-12,1.582419924375772264e-12,4.671443318071580866e-13,4.935844973089756575e-13,5.779044834621537430e-13,7.085959931164425975e-13,8.125449011326692478e-13,6.383341982347692779e-13,5.654496168355564699e-13,5.008169247431964904e-13,5.575113440519208050e-13,7.396442177778273878e-13,1.239526865549008616e-12,1.487542371028919236e-12,4.709223683323874179e-13,4.459091103652737865e-13,5.211093924420661366e-13,5.930979075201473115e-13,6.602642983473075896e-13,5.778690481859756474e-13,6.216190559850226986e-13,6.257115689761725692e-13,6.453456538442562483e-13,1.037682940544704167e-12,1.838442995798726753e-12,3.727025595209963486e-13,4.449874031085744473e-13,6.267983095109020269e-13,5.887342007918518192e-13,7.194355441901716264e-13,5.952267023297192507e-13,7.429088076042077837e-13,1.108274610818245202e-12,9.850916702417331445e-13,1.268527656541390232e-12,7.050538806466954655e-13,1.146050940579137103e-12,1.227522481620725167e-12,1.201367013753610042e-12,1.681483042701335478e-12,1.316039065448490926e-12,1.492016736813495903e-12,3.566032850386754931e-11,2.321556771931815262e-12,1.843371288749756801e-12
5.519538176668306855e-13,7.279956837709070913e-13,5.943525129949912836e-13,6.039915281964256200e-13,6.511701117479219803e-13,6.079819712455313338e-13,6.063217592736732943e-13,7.148839389051558296e-13,5.594900610649015227e-13,5.320001742713950979e-13,4.555959913295654304e-13,5.594923116207278035e-13,5.525320775137011655e-13,6.163025886742672824e-13,6.051085309684679817e-13,6.965495767834248798e-13,6.771410457032816775e-13,5.581423782965219809e-13,5.891850003067638259e-13,5.501987574025757215e-13,5.966953241129790490e-13,8.733591202001735515e-13,1.156445986000177450e-12,5.176257834396321772e-13,5.877841417656853088e-13,6.074241176006660678e-13,6.429286956506435705e-13,7.063154220707837617e-13,6.103741266060877961e-13,6.107414572682016912e-13,5.598357215495167677e-13,5.597957611988841503e-13,8.086879729119936834e-13,1.051791126248769436e-12,1.613008988445042976e-12,4.761584283627438088e-13,5.031172829755482620e-13,5.890201591285838240e-13,7.220579456685647316e-13,8.279133511808626946e-13,6.506520192755254666e-13,5.763634941373418391e-13,5.105046741982113366e-13,5.682629790741689992e-13,7.537557499967516414e-13,1.262851564568605954e-12,1.515623736950121282e-12,4.799922271128575124e-13,4.545222077474919829e-13,5.311233360337672028e-13,6.044887179513569667e-13,6.729628179130230766e-13,5.890155146477902962e-13,6.335753562125912390e-13,6.377589298937056040e-13,6.577844111413616729e-13,1.057563365173321029e-12,1.873096135666815854e-12,3.798844805981014582e-13,4.535457603856683936e-13,6.387520138274877905e-13,6.000337718347618590e-13,7.331889249208800678e-13,6.066767812532238594e-13,7.571633784330910610e-13,1.129155596342767023e-12,1.003986196992012909e-12,1.292876676005480180e-12,7.185092752310208019e-13,1.167230334106881154e-12,1.250265502677748746e-12,1.223813083856979834e-12,1.711593537204508308e-12,1.341073079792876944e-12,1.520742638682681826e-12,3.484848470150599423e-11,2.363208941809410837e-12,1.876696927095451765e-12
5.626317776401672623e-13,7.421078249656525286e-13,6.058693479618852839e-13,6.156748728605929964e-13,6.637942160836097039e-13,6.197496433056622999e-13,6.180345980004877413e-13,7.286720148560760624e-13,5.702655651394061229e-13,5.422753963457557239e-13,4.644015603727225071e-13,5.703387909883513825e-13,5.632228398931842862e-13,6.282456429504200613e-13,6.168250554583526934e-13,7.100272777526829959e-13,6.901705885676930817e-13,5.689174141965063236e-13,6.005577533400942558e-13,5.608402509123168081e-13,6.082411407060434985e-13,8.902278633964843653e-13,1.178743352741059454e-12,5.276224966455802201e-13,5.991102421032992814e-13,6.191617301601660654e-13,6.553422773392615349e-13,7.199272392098426720e-13,6.221562643111512401e-13,6.225463896977012957e-13,5.706103793559576863e-13,5.705768208383868502e-13,8.241500080685085945e-13,1.072012171835683612e-12,1.644098949674255257e-12,4.853158654221348962e-13,5.128024532744338314e-13,6.003089309538841665e-13,7.357129952465444275e-13,8.434956799548729767e-13,6.631657163712511487e-13,5.874511556134723483e-13,5.203488396692650355e-13,5.791848977212894353e-13,7.680755959453431777e-13,1.286489899014332760e-12,1.544093741475633864e-12,4.892045287585166127e-13,4.632730884937206548e-13,5.412922666085977240e-13,6.160551904467531326e-13,6.858589827884978644e-13,6.003387535177535053e-13,6.457178379575045524e-13,6.499951413385638203e-13,6.704195110848365537e-13,1.077745742826047024e-12,1.908223971335767191e-12,3.871800119273486571e-13,4.622373653311124333e-13,6.508817941960524751e-13,6.115069746917459315e-13,7.471480593667062750e-13,6.183052927325924108e-13,7.716364685941224109e-13,1.150319629450273777e-12,1.023169798370558658e-12,1.317600831365563993e-12,7.321673494954385917e-13,1.188660157546939022e-12,1.273282254568588487e-12,1.246546771176612812e-12,1.741983328993355484e-12,1.366469996151705710e-12,1.549926406850108817e-12,3.403960247003730113e-11,2.405255396435668201e-12,1.910384828282273414e-12
5.734825534939850114e-13,7.564519961168519257e-13,6.175749844419050099e-13,6.275482532266444506e-13,6.766253352773449440e-13,6.317086487432327182e-13,6.299351304566932577e-13,7.426788701181076347e-13,5.812105459435212392e-13,5.527150944553898659e-13,4.733486586696979995e-13,5.813630204907933036e-13,5.740870627094071042e-13,6.403838665620920886e-13,6.287320730471633676e-13,7.237232107546944535e-13,7.034037062945909426e-13,5.798643617738889121e-13,6.121118086619600513e-13,5.716535528715162205e-13,6.199739125491389607e-13,9.073672146073169339e-13,1.201395103513863756e-12,5.377794164504476152e-13,6.106149005653920463e-13,6.310877698857820033e-13,6.679541209610807889e-13,7.337538768854257221e-13,6.341262879792394094e-13,6.345411738365483672e-13,5.815535853408907133e-13,5.815272573278838681e-13,8.398436857323015934e-13,1.092547562704083825e-12,1.675689401654943401e-12,4.946159140895695470e-13,5.226393270037346657e-13,6.117694683351921708e-13,7.495576877682320614e-13,8.592872515231283895e-13,6.758742899070952574e-13,5.987117420863349897e-13,5.303489132211393652e-13,5.902761456676294087e-13,7.826007768996872838e-13,1.310433725533638761e-12,1.572943838057494847e-12,4.985583275186022862e-13,4.721611487128566181e-13,5.516148750346413146e-13,6.277957637787329636e-13,6.989512631047529245e-13,6.118378034963562233e-13,6.580450701406281254e-13,6.624189065825462895e-13,6.832497732166153743e-13,1.098226834612854560e-12,1.943815450780172570e-12,3.945885217844159407e-13,4.710611940190622003e-13,6.631850909685134244e-13,6.231521970696325904e-13,7.613103469499987987e-13,6.301108813194681584e-13,7.863259774662463086e-13,1.171759638013810871e-12,1.042639631707476597e-12,1.342696790934925743e-12,7.460258610371894876e-13,1.210329707505586040e-12,1.296561677475717281e-12,1.269558852665067525e-12,1.772630464991119195e-12,1.392223836053499501e-12,1.579566147587662748e-12,3.323402391343120062e-11,2.447666513212331973e-12,1.944416577776466815e-12
5.845056532931556760e-13,7.710280268351994145e-13,6.294692099890775920e-13,6.396113073224506549e-13,6.896632151364091408e-13,6.438585634198325386e-13,6.420225867601552047e-13,7.569033445055336121e-13,5.923239212950752912e-13,5.633185726873286719e-13,4.824367564309551069e-13,5.925647649071747202e-13,5.851243170603427437e-13,6.527169281795428410e-13,6.408291411791455947e-13,7.376367631258084042e-13,7.168389231281825525e-13,5.909824205314820376e-13,6.238463047333155771e-13,5.826381159783188613e-13,6.318931140763774661e-13,9.247761242864971552e-13,1.224399499073538354e-12,5.480958989857506674e-13,6.222970211380138623e-13,6.432015042382929000e-13,6.807633309608815177e-13,7.477940483601874427e-13,6.462833131615961009e-13,6.467251153369160950e-13,5.926641412573564433e-13,5.926459575164791432e-13,8.557661074828756169e-13,1.113394833623229369e-12,1.707778948534661277e-12,5.040574845344928184e-13,5.326268495989399073e-13,6.233999536903240512e-13,7.635878186592194862e-13,8.752825192011384923e-13,6.887762465711320655e-13,6.101439593111059793e-13,5.405040259361179063e-13,6.015353293990272839e-13,7.973275807811386540e-13,1.334673438766775785e-12,1.602163821052924235e-12,5.080522934818395488e-13,4.811854482228465708e-13,5.620894029752718675e-13,6.397083592795885428e-13,7.122375721046675395e-13,6.235112507974242748e-13,6.705550980584486950e-13,6.750284150933227917e-13,6.962735018582279466e-13,1.119002453479124260e-12,1.979857437699561909e-12,4.021090870320303116e-13,4.800158478720930565e-13,6.756587204701829089e-13,6.349673079882222430e-13,7.756724984385438148e-13,6.420916914306151597e-13,8.012291439463757474e-13,1.193467255653883885e-12,1.062391974618588361e-12,1.368160122522498110e-12,7.600819296265379215e-13,1.232226739383181704e-12,1.320091081016042688e-12,1.292838604484488577e-12,1.803510477464992700e-12,1.418327265165363454e-12,1.609658877915377860e-12,3.243210560586867712e-11,2.490409229323293848e-12,1.978771323672798417e-12
5.957001914176482304e-13,7.858352840417613398e-13,6.415514260643522797e-13,6.518632685428434400e-13,7.029071705350828857e-13,6.561985449414467794e-13,6.542957417582362415e-13,7.713437161859450272e-13,6.036041525847111574e-13,5.740847339038846136e-13,4.916649867663004887e-13,6.039434175486091225e-13,5.963337894531110640e-13,6.652440791977263624e-13,6.531153956287779047e-13,7.517668264735240350e-13,7.304741947293628763e-13,6.022703616526001375e-13,6.357599262557422278e-13,5.937929949248399679e-13,6.439977951024942430e-13,9.424528972316102081e-13,1.247753916278263009e-12,5.585709147863395658e-13,6.341550320189366317e-13,6.555017483020603156e-13,6.937685210003068240e-13,7.620458980913332686e-13,6.586259862088531535e-13,6.590970693449706712e-13,6.039403809591454115e-13,6.039313484933674609e-13,8.719135920164264591e-13,1.134550619190936139e-12,1.740365105844644328e-12,5.136390828755556046e-13,5.427635481550960558e-13,6.351980254809538581e-13,7.777983530586295967e-13,8.914749313951017938e-13,7.018695395702443047e-13,6.217460255232329135e-13,5.508129037851411332e-13,6.129605636966146676e-13,8.122514812143978558e-13,1.359197824603690479e-12,1.631741658698153729e-12,5.176846675006163261e-13,4.903446701706505700e-13,5.727135910102854650e-13,6.517903210209294305e-13,7.257152005775937235e-13,6.353571748400793060e-13,6.832453818960897549e-13,6.878212816205950130e-13,7.094884243397300751e-13,1.140067353827439509e-12,2.016334503064184278e-12,4.097404598081766664e-13,4.890995102558797255e-13,6.882988065605115284e-13,6.469495978722095004e-13,7.902304587216374980e-13,6.542453086880173959e-13,8.163424698130988892e-13,1.215432689876692392e-12,1.082422121574069289e-12,1.393985167751195201e-12,7.743319701195809933e-13,1.254337333563255778e-12,1.343855998534567154e-12,1.316373662274061823e-12,1.834596198148141836e-12,1.444771446569627212e-12,1.640200408790040885e-12,3.163421913621954500e-11,2.533446782967371379e-12,2.013425598242591497e-12
6.070648389405843181e-13,8.008726026768916523e-13,6.538205930341901636e-13,6.643029082213739218e-13,7.163560283076344699e-13,6.687272755163147496e-13,6.667528578442189688e-13,7.859976321099052679e-13,6.150491903369974876e-13,5.850120300855646741e-13,5.010321038503023332e-13,6.154979515669652118e-13,6.077142302748657974e-13,6.779640984345885748e-13,6.655894954793282091e-13,7.661117321194898546e-13,7.443068399950682178e-13,6.137264749092735096e-13,6.478508478509952669e-13,6.051167958031670082e-13,6.562865262721345510e-13,9.603951038533185219e-13,1.271454720862686228e-12,5.692030001180700896e-13,6.461868279326758454e-13,6.679868076130832224e-13,7.069677524326728303e-13,7.765069319554016285e-13,6.711524259330837721e-13,6.716553833862471929e-13,6.153801146916314044e-13,6.153813423857941017e-13,8.882815875162673823e-13,1.156010544096694649e-12,1.773444093229234374e-12,5.233587643243096784e-13,5.530474817439741584e-13,6.471607163829306412e-13,7.921833425513418586e-13,9.078568347230035484e-13,7.151515027915224152e-13,6.335156136195827010e-13,5.612738184495796273e-13,6.245494139936497494e-13,8.273670523196364304e-13,1.383993907653677108e-12,1.661663300908978896e-12,5.274532120669628469e-13,4.996370764527387855e-13,5.834846225000377405e-13,6.640383512890583166e-13,7.393807458683896074e-13,6.473730885942178416e-13,6.961127300586092100e-13,7.007944798621438552e-13,7.228916233695329971e-13,1.161415113918714633e-12,2.053228684056017542e-12,4.174810288784618180e-13,4.983098997407257976e-13,7.011007089107129905e-13,6.590957147242081276e-13,8.049793250545011081e-13,6.665686962528549755e-13,8.316616376135711798e-13,1.237644588418209040e-12,1.102724273630542330e-12,1.420164889793116186e-12,7.887716051927100990e-13,1.276645753176992512e-12,1.367840036228582986e-12,1.340149868410338784e-12,1.865857569110079534e-12,1.471545879029329814e-12,1.671185153612569051e-12,3.084074722044080770e-11,2.576738444740451338e-12,2.048353044496094891e-12
6.185977872869756929e-13,8.161382529689794136e-13,6.662751981872897487e-13,6.769285020641116512e-13,7.300080922238513120e-13,6.814429254491360955e-13,6.793916441046132331e-13,8.008620594600234635e-13,6.266564298785497282e-13,5.960984243431367582e-13,5.105364497721484292e-13,6.272268876101403958e-13,6.192639185059029282e-13,6.908752575911197498e-13,6.782495870494685134e-13,7.806692106461324385e-13,7.583334897465955378e-13,6.253485288211975063e-13,6.601166925407376026e-13,6.166076398054561528e-13,6.687573617709911072e-13,9.785995311136769822e-13,1.295497210139796319e-12,5.799902192635504794e-13,6.583897257817319527e-13,6.806544378846338045e-13,7.203584909833261285e-13,7.911739674778404640e-13,6.838601811682026011e-13,6.843978574498941069e-13,6.269805844492473908e-13,6.269932926787098464e-13,9.048646025244147475e-13,1.177769153851678526e-12,1.807010800768461744e-12,5.332140926782764926e-13,5.634762004039284548e-13,6.592844014246519062e-13,8.067358511260734019e-13,9.244193881488220779e-13,7.286188000785541815e-13,6.454498049326421029e-13,5.718845481457922458e-13,6.362988493825336717e-13,8.426678957046313002e-13,1.409046827171232507e-12,1.691912544651117414e-12,5.373551684124059859e-13,5.090604698706349728e-13,5.943990746864551722e-13,6.764484558085538695e-13,7.532300544233023228e-13,6.595558906348999336e-13,7.091532443497335271e-13,7.139442888560375440e-13,7.364794839497256801e-13,1.183038048955855992e-12,2.090519324540835067e-12,4.253287857297097684e-13,5.076442275569506406e-13,7.140589582073592324e-13,6.714016084180141979e-13,8.199132776830824545e-13,6.790581419255979011e-13,8.471814444561083677e-13,1.260089926194594301e-12,1.123291456810401118e-12,1.446690782050589275e-12,8.033956045072767386e-13,1.299134323892148293e-12,1.392024745358659165e-12,1.364151148950420344e-12,1.897261489212763878e-12,1.498638280789402753e-12,1.702606061856226797e-12,3.005208411603054061e-11,2.620239317457884875e-12,2.083524288346734107e-12
6.302966843017101565e-13,8.316298585420947374e-13,6.789131900530341980e-13,6.897377620456158845e-13,7.438610672946726817e-13,6.943430833460134817e-13,6.922091822823941744e-13,8.159331946930628040e-13,6.384226408655506547e-13,6.073413268022658771e-13,5.201759010548523492e-13,6.391282303191725184e-13,6.309805986558502316e-13,7.039752496124599050e-13,6.910932327290398136e-13,7.954363075418373861e-13,7.725499986585969605e-13,6.371337024167958177e-13,6.725544591527814891e-13,6.282630980355342593e-13,6.814077685179804284e-13,9.970620728807836480e-13,1.319875461525384573e-12,5.909301033459442091e-13,6.707603905204024307e-13,6.935017711083244751e-13,7.339375271130888002e-13,8.060430431155666133e-13,6.967461553304863990e-13,6.973216699829822292e-13,6.387383926934935028e-13,6.387639235004575015e-13,9.216560928164191407e-13,1.199819769509048979e-12,1.841058587386737068e-12,5.432020798807468260e-13,5.740466818779373854e-13,6.715647193709651682e-13,8.214478510644625708e-13,9.411524418338889008e-13,7.422673404341028365e-13,6.575450152265069623e-13,5.826423147697134756e-13,6.482051690210425698e-13,8.581465325722887509e-13,1.434339647072650954e-12,1.722470805607185638e-12,5.473871944042699244e-13,5.186121375938324632e-13,6.054528478528738336e-13,6.890158618586408481e-13,7.672581307907689895e-13,6.719017887846088827e-13,7.223622348403031715e-13,7.272662080435162091e-13,7.502476064467853696e-13,1.204927057732644824e-12,2.128182787991245036e-12,4.332812780172320364e-13,5.170991383864126764e-13,7.271671658103764057e-13,6.838624489951594064e-13,8.350254759749863783e-13,6.917091770402232260e-13,8.628956965747987968e-13,1.282753836119876366e-12,1.144115377926814143e-12,1.473552681684742835e-12,8.181977878697228973e-13,1.321783269059315988e-12,1.416389442271846893e-12,1.388359334363720044e-12,1.928771599286002762e-12,1.526034387446918895e-12,1.734454417047406705e-12,2.926863432485152626e-11,2.663900028897421806e-12,2.118906683081733515e-12
6.421585740786114194e-13,8.473443216866827946e-13,6.917319163105098950e-13,7.027277714127019648e-13,7.579119901062888781e-13,7.074246897842351374e-13,7.052018561933832891e-13,8.312063779060934755e-13,6.503438988544328675e-13,6.187375324893716544e-13,5.299478160964299714e-13,6.511994086399725324e-13,6.428614200050023838e-13,7.172611219570157419e-13,7.041173440929434215e-13,8.104093050898187887e-13,7.869513607916349205e-13,6.490785193007605708e-13,6.851604525821502423e-13,6.400801290348164891e-13,6.942345591895401572e-13,1.015777629514068170e-12,1.344582197064679288e-12,6.020195905379513165e-13,6.832947633804751286e-13,7.065252452130338045e-13,7.477009003594082084e-13,8.211093323479260961e-13,7.098065342670342502e-13,7.104233076379131487e-13,6.506494326724571561e-13,6.506892606549598158e-13,9.386483530693721063e-13,1.222154355162467812e-12,1.875579105868479563e-12,5.533191258251027744e-13,5.847552691564267117e-13,6.839964954247682202e-13,8.363101208149723541e-13,9.580444193596819436e-13,7.560921962548544738e-13,6.697969224708573871e-13,5.935437222798077132e-13,6.602639300122464963e-13,8.737942986314835099e-13,1.459853176808408165e-12,1.753316904774336925e-12,5.575453025264009320e-13,5.282887948292338887e-13,6.166410948963440020e-13,7.017349377072589301e-13,7.814590492808020419e-13,6.844062256046473695e-13,7.357341367434452856e-13,7.407548746087427989e-13,7.641907225334578919e-13,1.227071479536764546e-12,2.166192193666533049e-12,4.413355618624978782e-13,5.266706508495138712e-13,7.404179345176275749e-13,6.964725463157658424e-13,8.503079572487459398e-13,7.045164969633952428e-13,8.787971076337992489e-13,1.305619448623813324e-12,1.165186289464469625e-12,1.500738598397338699e-12,8.331709295815848889e-13,1.344570552231211972e-12,1.440911037951317456e-12,1.412753988508986160e-12,1.960348085882369077e-12,1.553717763745634531e-12,1.766719654594092226e-12,2.849081117862428269e-11,2.707666457051790537e-12,2.154464076808765735e-12
6.541798317473936876e-13,8.632777419284404943e-13,7.047280558737469785e-13,7.158949137654264955e-13,7.721571528580517779e-13,7.206839646237397545e-13,7.183652733616128889e-13,8.466759977967748493e-13,6.624155099087603545e-13,6.302831524031202457e-13,5.398489768483542445e-13,6.634372093050785530e-13,6.549028699602013914e-13,7.307292023085589038e-13,7.173181074561524553e-13,8.255836354355986019e-13,8.015316162045508305e-13,6.611787745596171153e-13,6.979302064615299884e-13,6.520550093759980262e-13,7.072338178200708626e-13,1.034739998091272347e-12,1.369608636598920694e-12,6.132549602718045142e-13,6.959879824430840291e-13,7.197205260092875617e-13,7.616438153937065433e-13,8.363670484608643810e-13,7.230367062004782495e-13,7.236984872798986404e-13,6.627088114446647906e-13,6.627645553739812991e-13,9.558323978147703223e-13,1.244763371222454731e-12,1.910562126401984204e-12,5.635609526253789909e-13,5.955976015133865403e-13,6.965736562656728308e-13,8.513121343570957148e-13,9.750821906022370575e-13,7.700875129955920376e-13,6.822003870903035442e-13,6.045846885099993566e-13,6.724698678682113167e-13,8.896012295722485769e-13,1.485565779709807762e-12,1.784426841668036377e-12,5.678247916888404357e-13,5.380865226474387587e-13,6.279581440779823846e-13,7.145991042337935975e-13,7.958258567628662007e-13,6.970637961844998070e-13,7.492624189994191511e-13,7.544039724424843383e-13,7.783026024420620500e-13,1.249458937332719283e-12,2.204517137009329976e-12,4.494881496847142112e-13,5.363540922354795261e-13,7.538027616319852796e-13,7.092252621040437159e-13,8.657515262595974501e-13,7.174738736770619217e-13,8.948771870850424140e-13,1.328667718987271920e-12,1.186492840887553155e-12,1.528234529265978455e-12,8.483066574936025741e-13,1.367471712880289630e-12,1.465563859075352989e-12,1.437312228470280087e-12,1.991947481810557611e-12,1.581669600664242426e-12,1.799389172313314137e-12,2.771903594845803505e-11,2.751479450746740116e-12,2.190156589369372930e-12
6.663560819355218530e-13,8.794253096641858947e-13,7.178975330484404864e-13,7.292347838111881095e-13,7.865920105700775026e-13,7.341163168461099300e-13,7.316941723361941571e-13,8.623353792437975200e-13,6.746319237972860785e-13,6.419735328950883191e-13,5.498755207621524977e-13,6.758376968296388160e-13,6.671006924510134703e-13,7.443750083155312303e-13,7.306908941873647822e-13,8.409537754550391276e-13,8.162837421527624742e-13,6.734294489361649274e-13,7.108583921534886526e-13,6.641832512990131998e-13,7.204008108083527449e-13,1.053941734121119107e-12,1.394944307182818578e-12,6.246317550867667008e-13,7.088342900896839604e-13,7.330824144950503043e-13,7.757605425451056464e-13,8.518093324185618481e-13,7.364311674548342733e-13,7.371420631984148914e-13,6.749107609730504738e-13,6.749841959557952585e-13,9.731978254343581636e-13,1.267635599752599814e-12,1.945995261374519075e-12,5.739225298061902582e-13,6.065685351781479173e-13,7.092891334095115023e-13,8.664419393686890526e-13,9.922509328084824600e-13,7.842464044443299127e-13,6.947493598982658292e-13,6.157603660221237399e-13,6.848168051339155304e-13,9.055559333549823077e-13,1.511453159726775007e-12,1.815773529653267844e-12,5.782201699658858590e-13,5.480006967709066970e-13,6.393974118387559406e-13,7.276007348773029727e-13,8.103504615524128487e-13,7.098681534365669154e-13,7.629394800031410257e-13,7.682061278019630514e-13,7.925759480074773299e-13,1.272075157146507677e-12,2.243123360848452886e-12,4.577349498941890789e-13,5.461440258085498984e-13,7.673119313578775927e-13,7.221129108589557616e-13,8.813456313084008275e-13,7.305740561703607480e-13,9.111261131023088101e-13,1.351877237926914570e-12,1.208021907456632781e-12,1.556024233070310586e-12,8.635953294156300631e-13,1.390459687103102279e-12,1.490319453255215558e-12,1.462008523134955817e-12,2.023522454010448729e-12,1.609868479831197455e-12,1.832448063676052946e-12,2.695373481676417750e-11,2.795274525356603146e-12,2.225940312222744531e-12
6.786821262058602083e-13,8.957812288683440076e-13,7.312354495080159746e-13,7.427421169332580659e-13,8.012111093299553205e-13,7.477162709187343161e-13,7.451823447307464119e-13,8.781766906440431358e-13,6.869866576279786672e-13,6.538031853914771612e-13,5.600228800456308018e-13,6.883961478735702465e-13,6.794498190570685822e-13,7.581931758068377842e-13,7.442301879375947581e-13,8.565131635773774645e-13,8.311995603934739855e-13,6.858246348900644752e-13,7.239387411536837472e-13,6.764595329779262374e-13,7.337299133729690729e-13,1.073374047075726112e-12,1.420576909296179062e-12,6.361447113850017799e-13,7.218269527277652143e-13,7.466047694033408073e-13,7.900443350124689928e-13,8.674281595939600378e-13,7.499834426234351072e-13,7.507479498596614530e-13,6.872485594319167321e-13,6.873416299655643149e-13,9.907327015745779827e-13,1.290758009422945181e-12,1.981863809655988646e-12,5.843980050285265365e-13,6.176620717865345885e-13,7.221347763713045063e-13,8.816860470822982998e-13,1.009534006589870794e-12,7.985608623363142402e-13,7.074368008496795145e-13,6.270650718251209237e-13,6.972975700251189854e-13,9.216454765924608409e-13,1.537488183500428165e-12,1.847326585932527085e-12,5.887250830326503996e-13,5.580259221958507224e-13,6.509513227120488447e-13,7.407310654816117188e-13,8.250235359525636577e-13,7.228119244599469121e-13,7.767565551136818839e-13,7.821528174406878635e-13,8.070022997636975710e-13,1.294903819357806547e-12,2.281972502711099451e-12,4.660712097709996357e-13,5.560341816946618788e-13,7.809344166391444437e-13,7.351266693761937116e-13,8.970782542006653371e-13,7.438086814655000217e-13,9.275326221504695070e-13,1.375224070297177113e-12,1.229758449412998747e-12,1.584089057953240843e-12,8.790259297572128520e-13,1.413504655745677560e-12,1.515146425376118800e-12,1.486814524460317954e-12,2.055021639895320778e-12,1.638290184783504120e-12,1.865878942815319147e-12,2.619533769925264638e-11,2.838981641149773522e-12,2.261767126172074862e-12
6.911518431002318498e-13,9.123385927706217131e-13,7.447359827631676113e-13,7.564106847883860317e-13,8.160079744116067159e-13,7.614773599352863178e-13,7.588225236152904007e-13,8.941908088733848451e-13,6.994721954707019801e-13,6.657656890015782135e-13,5.702856997833929097e-13,7.011069536618145565e-13,6.919442720699631183e-13,7.721773497875625426e-13,7.579294764477537653e-13,8.722540729361479946e-13,8.462696074971199367e-13,6.983574336730202194e-13,7.371639359733835649e-13,6.888775993269185482e-13,7.472145020015203822e-13,1.093026638171724695e-12,1.446492097109759682e-12,6.477876660332933765e-13,7.349581502609896932e-13,7.602803957413893547e-13,8.044873094350825747e-13,8.832142055940950846e-13,7.636859712666932228e-13,7.645090101597854599e-13,6.997144253460270421e-13,6.998292588518841289e-13,1.008423399352620707e-12,1.314115547781436079e-12,2.018150470690624188e-12,5.949806142502353208e-13,6.288712638649314628e-13,7.351012388153644705e-13,8.970292931086604379e-13,1.026912798597305360e-12,8.130216316598801465e-13,7.202545695420047343e-13,6.384921926786236878e-13,7.099038880015411096e-13,9.378552369005544498e-13,1.563640643254289155e-12,1.879052040128075712e-12,5.993322227828535446e-13,5.681559483134897613e-13,6.626112069077425095e-13,7.539800768614617516e-13,8.398343851121466411e-13,7.358865980567322779e-13,7.907035936430236029e-13,7.962342451461645084e-13,8.215719099960604655e-13,1.317926346724702566e-12,2.321021734596651316e-12,4.744914452754859970e-13,5.660173697260936621e-13,7.946577559948687879e-13,7.482564605497361780e-13,9.129357662671561268e-13,7.571681571908889063e-13,9.440838598926430624e-13,1.398681542485645282e-12,1.251685310959402374e-12,1.612407682166966935e-12,8.945859328399207068e-13,1.436573855496868825e-12,1.540010229705750278e-12,1.511698850343182871e-12,2.086389437807975778e-12,1.666907434313930853e-12,1.899661657388601544e-12,2.544427637852211791e-11,2.882524901257457633e-12,2.297584420514359603e-12
7.037580871673553840e-13,9.290892593841180799e-13,7.583922824780771163e-13,7.702331890870642086e-13,8.309749945337442370e-13,7.753920169126110744e-13,7.726062705383951235e-13,9.103671837802599443e-13,7.120798783205447712e-13,6.778535912059388167e-13,5.806577535072776903e-13,7.139635212946084330e-13,7.045770652843837806e-13,7.863200748130061580e-13,7.717811423898382250e-13,8.881674844322686288e-13,8.614830041008454235e-13,7.110198505381155699e-13,7.505254993486278431e-13,7.014301610097689617e-13,7.608468457055449662e-13,1.112887539047861629e-12,1.472673262584486210e-12,6.595534604141004378e-13,7.482188637076832564e-13,7.741009320003219180e-13,8.190803253741715608e-13,8.991567114430995559e-13,7.775299931854068392e-13,7.784169424276672571e-13,7.122994096035081055e-13,7.124383304950395529e-13,1.026254439894847949e-12,1.337690937472393518e-12,2.054835061272306587e-12,6.056625895464488193e-13,6.401881180324461086e-13,7.481778628121913390e-13,9.124546987344896979e-13,1.044366566450831454e-12,8.276180846342963494e-13,7.331933137319594286e-13,6.500340882048270944e-13,7.226262712996559893e-13,9.541687555162007796e-13,1.589877028362980718e-12,1.910912052405620102e-12,6.100332333897575375e-13,5.783835815053629867e-13,6.743671958527329806e-13,7.673363756819382866e-13,8.547708147701144594e-13,7.490824103373900614e-13,8.047691343565362807e-13,8.104392168817900505e-13,8.362736145081934829e-13,1.341121696690324370e-12,2.360223418112720718e-12,4.829893680451548602e-13,5.760853901871644633e-13,8.084679301661711580e-13,7.614908361074162945e-13,9.289027842387877302e-13,7.706415424032036699e-13,9.607652318808379329e-13,1.422220037077849499e-12,1.273783022099867190e-12,1.640955860508930163e-12,9.102611639243356106e-13,1.459631399305479601e-12,1.564872972851060778e-12,1.536626875595008524e-12,2.117565821795975115e-12,1.695689623258972424e-12,1.933773003848962129e-12,2.470098249445283418e-11,2.925822286612901153e-12,2.333334838355672784e-12
7.164925759155473537e-13,9.460237099890162722e-13,7.721963559188236189e-13,7.842011421832592188e-13,8.461032904444468093e-13,7.894514524078287183e-13,7.865238486473395404e-13,9.266936861287801849e-13,7.247997837440755388e-13,6.900582966306326680e-13,5.911318488260113788e-13,7.269581617428083526e-13,7.173400924736882892e-13,8.006126705733030548e-13,7.857763398809358101e-13,9.042429429953569022e-13,8.768273093727205809e-13,7.238026774361411481e-13,7.640136701738633795e-13,7.141087809029427796e-13,7.746179832971856135e-13,1.132942930398179354e-12,1.499101292858086530e-12,6.714338333840174209e-13,7.615987500572495332e-13,7.880567233774786693e-13,8.338128500149483085e-13,9.152433327403376813e-13,7.915054198548690497e-13,7.924621532861487267e-13,7.249932756720062915e-13,7.251588197753978427e-13,1.044208316965248059e-12,1.361464448119876105e-12,2.091894203107126950e-12,6.164350572554359347e-13,6.516034876227969048e-13,7.613525516577212828e-13,9.279433220528957135e-13,1.061872273281128278e-12,8.423380807346237930e-13,7.462423457253709153e-13,6.616819828801425606e-13,7.354538967471169779e-13,9.705675776115059139e-13,1.616160282844894505e-12,1.942864612296351102e-12,6.208186081482922413e-13,5.887005884603401734e-13,6.862081076985488322e-13,7.807870639931654824e-13,8.698189855751574239e-13,7.623882180760496759e-13,8.189401684934197605e-13,8.247550029457341031e-13,8.510946906180569568e-13,1.364466131524368831e-12,2.399524736786026977e-12,4.915578058289518643e-13,5.862289362030836011e-13,8.223492307824173627e-13,7.748168492932205374e-13,9.449620134897458316e-13,7.842164165253500646e-13,9.775602396643312626e-13,1.445806772655556111e-12,1.296029580264007215e-12,1.669706145125973102e-12,9.260356489118514503e-13,1.482638092069301213e-12,1.589693210162490685e-12,1.561560513387076441e-12,2.148486159516409687e-12,1.724602541987531960e-12,1.968186414849191593e-12,2.396588567424902310e-11,2.968785393677283919e-12,2.368956015883941113e-12
7.293457726633713823e-13,9.631309014075094784e-13,7.861389454563101433e-13,7.983047420017049576e-13,8.613825801360597260e-13,8.036455263896343034e-13,8.005640922120290184e-13,9.431564525819313550e-13,7.376206015368678369e-13,7.023699519772471549e-13,6.016997290962189857e-13,7.400819739196134061e-13,7.302240101706060670e-13,8.150451038580635198e-13,7.999048673117025897e-13,9.204684106505779412e-13,8.922883726309707791e-13,7.366953719816745278e-13,7.776172758206969732e-13,7.269037567140099635e-13,7.885175969666270980e-13,1.153176955529771053e-12,1.525754322319312117e-12,6.834193092378471892e-13,7.750860136397848106e-13,8.021366913724502375e-13,8.486728194605211549e-13,9.314599859543501631e-13,8.056007023306121938e-13,8.066336269050480835e-13,7.377843763992085338e-13,7.379793056472610487e-13,1.062265320938894384e-12,1.385413668600126978e-12,2.129300984572978578e-12,6.272879326217191666e-13,6.631069617396439610e-13,7.746116400266758940e-13,9.434741101765810962e-13,1.079404425693719135e-12,8.571678237875535835e-13,7.593895154643796212e-13,6.734258543071628888e-13,7.483744803841348935e-13,9.870310929586734171e-13,1.642449571888085033e-12,1.974863243638517604e-12,6.316775831032214297e-13,5.990975957076684903e-13,6.981213301855066204e-13,7.943176064672494393e-13,8.849632652266520157e-13,7.757913688989038716e-13,8.332020003718294664e-13,8.391671975183850035e-13,8.660207124566287423e-13,1.387932990074630991e-12,2.438867338241175806e-12,5.001886185368563190e-13,5.964374931088924124e-13,8.362841229778149272e-13,7.882199261608546945e-13,9.610940909469450516e-13,7.978787456784190371e-13,9.944503158602203475e-13,1.469405594000034300e-12,1.318400233423579071e-12,1.698627604862349223e-12,9.418914571833303124e-13,1.505551257262528342e-12,1.614425754598328114e-12,1.586458005251874868e-12,2.179081057163885180e-12,1.753608100338490496e-12,2.002871628688907722e-12,2.323941104552783149e-11,3.011319210730998011e-12,2.404380326671390004e-12
7.423067565448832645e-13,9.803981007142961635e-13,8.002093933959300781e-13,8.125327333678454399e-13,8.768010277615604948e-13,8.179626063616491578e-13,8.147142618335948499e-13,9.597397139477812920e-13,7.505294981335535311e-13,7.147773186154201547e-13,6.123519646639160267e-13,7.533247145661535436e-13,7.432181081032505582e-13,8.296058450205816922e-13,8.141550252115823318e-13,9.368301022057556763e-13,9.078501702612088055e-13,7.496859236586582567e-13,7.913235908756093284e-13,7.398039904222877582e-13,8.025338712845337279e-13,1.173571513857140732e-12,1.552607458626590602e-12,6.954990746599143506e-13,7.886672645069152006e-13,8.163281889597724184e-13,8.636464849116366037e-13,9.477906786200969105e-13,8.198026849870298802e-13,8.209187796399095005e-13,7.506595189498225609e-13,7.508868361249730192e-13,1.080403347906547674e-12,1.409513255781171740e-12,2.167024591992425189e-12,6.382098047316454157e-13,6.746867437657161936e-13,7.879397530673854686e-13,9.590237431748901859e-13,1.096934903826239694e-12,8.720917052285649753e-13,7.726210714897518443e-13,6.852543102434333143e-13,7.613741404827304713e-13,1.003536365844402999e-12,1.668700038560166422e-12,2.006856695565445464e-12,6.425980215531967296e-13,6.095639797946841138e-13,7.100926940262132937e-13,8.079116868444691615e-13,9.001860677253954240e-13,7.892775593264188405e-13,8.475380959083248015e-13,8.536595656434749167e-13,8.810353927570234098e-13,1.411492440571238281e-12,2.478186960064696901e-12,5.088726074500493601e-13,6.066992296334152312e-13,8.502531000722455319e-13,8.016837204230368055e-13,9.772774166734454432e-13,8.116127375075084181e-13,1.011414645609744440e-12,1.492976751006401437e-12,1.340867244318219307e-12,1.727685520753653103e-12,9.578085333118693461e-13,1.528324564036399436e-12,1.639021484112756449e-12,1.611273706714848623e-12,2.209276215305504103e-12,1.782664033566064219e-12,2.037794331338703630e-12,2.252197706053156585e-11,3.053321907400125827e-12,2.439534618671847433e-12
7.553630777845471054e-13,9.978106994177191391e-13,8.143954893421938923e-13,8.268722534063824468e-13,8.923450732879303193e-13,8.323894099288830591e-13,8.289598834662324066e-13,9.764256046558482729e-13,7.635119682798374571e-13,7.272676312830852411e-13,6.230778323626592684e-13,7.666746517873230992e-13,7.563101658524868158e-13,8.442817065557620715e-13,8.285134569443412290e-13,9.533123010515628645e-13,9.234946263395789961e-13,7.627607055607861635e-13,8.051181805963860195e-13,7.527968427978946968e-13,8.166533355664468064e-13,1.194106030891812598e-12,1.579632478334770178e-12,7.076608435525168065e-13,8.023273623837863417e-13,8.306168394149293187e-13,8.787182417814786800e-13,9.642173215306491882e-13,8.340964433062248887e-13,8.353032980854712586e-13,7.636038166347041732e-13,7.638667798545091637e-13,1.098597692811699976e-12,1.433734654363000541e-12,2.205029899727742759e-12,6.491878108397967441e-13,6.863295182327963248e-13,8.013196535547350343e-13,9.745664696026185748e-13,1.114432783795463672e-12,8.870921320771024868e-13,7.859215086008616479e-13,6.971544531050407931e-13,7.744372478490930249e-13,1.020057953877812640e-12,1.694862551056090092e-12,2.038788619340806331e-12,6.535662886846081508e-13,6.200877470797106905e-13,7.221063361607072920e-13,8.215510528208333802e-13,9.154676786564390153e-13,8.028306794600929456e-13,8.619299181218374043e-13,8.682138765166257663e-13,8.961204098237918865e-13,1.435111213131019480e-12,2.517413039207773758e-12,5.175994170835727659e-13,6.170008804010838841e-13,8.642345296894856410e-13,8.151899587353768961e-13,9.934879736043420185e-13,8.254006836257623670e-13,1.028429973447405696e-12,1.516476668606696121e-12,1.363399634652192260e-12,1.756841054395482088e-12,9.737645140208109993e-13,1.550907855748481441e-12,1.663427148547128221e-12,1.635957869007639306e-12,2.238992297402730475e-12,1.811723589053419270e-12,2.072915764089564866e-12,2.181399341457317592e-11,3.094684640082363510e-12,2.474339918787346205e-12
7.685006026330271128e-13,1.015352016305299067e-12,8.286833091586838395e-13,8.413086678269811589e-13,9.079992496048921514e-13,8.469108375279332510e-13,8.432845779488736735e-13,9.931939624158436594e-13,7.765516792645911571e-13,7.398264480493631767e-13,6.338651870497351113e-13,7.801184079842703870e-13,7.694863006519654123e-13,8.590576709486863004e-13,8.429649790785015740e-13,9.698971639174023684e-13,9.392014249176881492e-13,7.759043174398240888e-13,8.189847353872798609e-13,7.658679786035585086e-13,8.308606961924952701e-13,1.214757214681507084e-12,1.606797508404734363e-12,7.198907135664503620e-13,8.160492523677809891e-13,8.449863655422955091e-13,8.938704491952691462e-13,9.807195316355075825e-13,8.484651124523752422e-13,8.497709673740636866e-13,7.766005332047568795e-13,7.769026699604142156e-13,1.116820836976826599e-12,1.458045809159904300e-12,2.243277032728313737e-12,6.602075038314564128e-13,6.980203106132499620e-13,8.147320830690827459e-13,9.900739416096747044e-13,1.131864162189170694e-12,9.021493469920414872e-13,7.992734080333071246e-13,7.091117366895615028e-13,7.875462690886224977e-13,1.036567724456224667e-12,1.720883457004409731e-12,2.070597251823377196e-12,6.645671203801831734e-13,6.306554068881258526e-13,7.341445577808325693e-13,8.352153555669508580e-13,9.307860741320476947e-13,8.164326503495717581e-13,8.763567564446932538e-13,8.828097300512949291e-13,9.112552271226585093e-13,1.458752327117844243e-12,2.556468331094128514e-12,5.263574317387338107e-13,6.273276232524708496e-13,8.782044968874956627e-13,8.287182804738963204e-13,1.009699143920966418e-12,8.392227959278651038e-13,1.045470404810476744e-12,1.539857722833888387e-12,1.385962923811945241e-12,1.786050906874690965e-12,9.897345339216169311e-13,1.573246991525219051e-12,1.687585189842207272e-12,1.660456430463836454e-12,2.268144828139156912e-12,1.840735212393958670e-12,2.108192312754194307e-12,2.111585883044994104e-11,3.135291399780116231e-12,2.508711099232216801e-12
7.817033081329242757e-13,1.033003046984275873e-12,8.430570105941877194e-13,8.558253685757556478e-13,9.237459342687252168e-13,8.615097603140939428e-13,8.576698323309259629e-13,1.010022056320561119e-12,7.896302686077601670e-13,7.524374513458556883e-13,6.447002950872059584e-13,7.936407457969089776e-13,7.827307758442410925e-13,8.739166566916618037e-13,8.574923522879096382e-13,9.865644524708405246e-13,9.549477596797794064e-13,7.890993792382012149e-13,8.329048512970193903e-13,7.790011607819467536e-13,8.451386096420895481e-13,1.235498744584572750e-12,1.634066627976734838e-12,7.321729846331436674e-13,8.298137489256307383e-13,8.594183611912555256e-13,9.090831875787592892e-13,9.972743659478434297e-13,8.628896581802378493e-13,8.643034401173875003e-13,7.896308802709877633e-13,7.899760003416937966e-13,1.135042163955833854e-12,1.482410770820725677e-12,2.281720834117376731e-12,6.712526816406991786e-13,7.097423076216291160e-13,8.281555572013845651e-13,1.005515001806414513e-12,1.149191925322744402e-12,9.172411902085909162e-13,8.126572292647621978e-13,7.211097808051828369e-13,8.006815635829267134e-13,1.053034614568485326e-12,1.746704267507500059e-12,2.102215023400180450e-12,6.755834571154458050e-13,6.412518110818317121e-13,7.461876444457135495e-13,8.488819429067693623e-13,9.461166826824614573e-13,8.300632118863233023e-13,8.907955042264341319e-13,8.974243298229445167e-13,9.264168554352565885e-13,1.482374727664029851e-12,2.595268439330517186e-12,5.351336534006615250e-13,6.376629251095864904e-13,8.921366048234278094e-13,8.422460325690326878e-13,1.025881468495882186e-12,8.530569944806142266e-13,1.062507142967260807e-12,1.563067940948331538e-12,1.408518775244199469e-12,1.815266897567317987e-12,1.005690994989617286e-12,1.595283653324228180e-12,1.711433516720063558e-12,1.684710762652439566e-12,2.296644059432444843e-12,1.869642152701731145e-12,2.143575002859932521e-12,2.042795701511308498e-11,3.175018809469062063e-12,2.542556463674722890e-12
7.949531116789866286e-13,1.050742192527180151e-12,8.574986166311200546e-13,8.704035473758612281e-13,9.395651466803447014e-13,8.761668124127224180e-13,8.720948283032255476e-13,1.026884389447882985e-12,8.027271811669171615e-13,7.650822968602379972e-13,6.555677016772618573e-13,8.072244045257203912e-13,7.960258137871231213e-13,8.888393396855877806e-13,8.720761066886719228e-13,1.003291334349056015e-12,9.707081533769076519e-13,8.023263734798256081e-13,8.468578644541631712e-13,7.921780918795857756e-13,8.594675109542401071e-13,1.256300969362581934e-12,1.661399442606054501e-12,7.444899936897583785e-13,8.435993742218441799e-13,8.738921189525435705e-13,9.243340785303716043e-13,1.013856129412130161e-12,8.773487056277610108e-13,8.788800626501692511e-13,8.026738650926765216e-13,8.030660721023474252e-13,1.153227769820857650e-12,1.506789415328423691e-12,2.320310182931751222e-12,6.823052571167863633e-13,7.214767185123937782e-13,8.415662167346908163e-13,1.020855550192330408e-12,1.166375617574016770e-12,9.323429268466077291e-13,8.260511548586928727e-13,7.331302277445273697e-13,8.138212324019220716e-13,1.069424476434299536e-12,1.772261456706647113e-12,2.133568216806172561e-12,6.865963166512000622e-13,6.518600271034451987e-13,7.582137324582751916e-13,8.625257113974937645e-13,9.614322177206728261e-13,8.436997661379306343e-13,9.052204998321893076e-13,9.120323200592980948e-13,9.415796819293634072e-13,1.505933035668468605e-12,2.633721393427046158e-12,5.439135791409633801e-13,6.479884267001956826e-13,9.060018349091792703e-13,8.557481185919396268e-13,1.042002488583362674e-12,8.668787543536798900e-13,1.079508311593260957e-12,1.586050840546997103e-12,1.431024763369765892e-12,1.844435565120202459e-12,1.021603339963827245e-12,1.616955220831551822e-12,1.734905374419515182e-12,1.708657478093003872e-12,2.324394939370590576e-12,1.898382150530558274e-12,2.179008908730263501e-12,1.975065689861130350e-11,3.213736035844081077e-12,2.575777417141693995e-12
8.082297714172141464e-13,1.068545199635061062e-12,8.719879441828117822e-13,8.850221270815848796e-13,9.554344587805046764e-13,8.908603007579739833e-13,8.865363487047598540e-13,1.043752608257180374e-12,8.158195689876876073e-13,7.777405231647864939e-13,6.664501407926174004e-13,8.208500158837189018e-13,8.093515075216943074e-13,9.038040606858634360e-13,8.866944478622610370e-13,1.020052294413914821e-12,9.864543619831504480e-13,8.155635480858489710e-13,8.608207544044794697e-13,8.053783199722817218e-13,8.738255237826518283e-13,1.277130808037952199e-12,1.688751020284206002e-12,7.568220166349057919e-13,8.573822608751731429e-13,8.883845339927587377e-13,9.395981886155192131e-13,1.030436280365826193e-12,8.918184446569472394e-13,8.934777817345796867e-13,8.157061950523352786e-13,8.161498973351413815e-13,1.171340376588765105e-12,1.531137353272629387e-12,2.358988093137424832e-12,6.933451697194818374e-13,7.332026809117710566e-13,8.549377348347916504e-13,1.036058478816666941e-12,1.183371393279639408e-12,9.474271503117987279e-13,8.394309940953343316e-13,7.451526469354660988e-13,8.269410228216258086e-13,1.085700001973774624e-12,1.797486454039947909e-12,2.164577002774177514e-12,6.975847062222333410e-13,6.624612467765594480e-13,7.701987196050361189e-13,8.761190160794507708e-13,9.767025854865563062e-13,8.573172818529852547e-13,9.196034337797093574e-13,9.266056913984127248e-13,9.567153740683528401e-13,1.529377470524620326e-12,2.671727733479167003e-12,5.526811258715348073e-13,6.582838562532306721e-13,9.197684717543934458e-13,8.691969089203716653e-13,1.058026665908444746e-12,8.806610125241233256e-13,1.096438866785167432e-12,1.608745410302522570e-12,1.453434292035530908e-12,1.873498085735104494e-12,1.037437933025497431e-12,1.638194808623266054e-12,1.757929386466784785e-12,1.732228442411111134e-12,2.351297317585982147e-12,1.926887389984774817e-12,2.214433192877171692e-12,1.908431109138155120e-11,3.251305141136540657e-12,2.608268040215104271e-12
8.215106076206757838e-13,1.086384780139290101e-12,8.865023057805417087e-13,8.996574618139477644e-13,9.713286642613826620e-13,9.055658926464962304e-13,9.009684950356285901e-13,1.060595167449824328e-12,8.288820320548250866e-13,7.903893077918020891e-13,6.773283305175783678e-13,8.344958299307575354e-13,8.226855441744620502e-13,9.187865272221673802e-13,9.013229678606075069e-13,1.036818793779617276e-12,1.002155076283377816e-12,8.287866654232423882e-13,8.747678765471762101e-13,8.185789829814735517e-13,8.881881748652291668e-13,1.297951297592879862e-12,1.716071287517054858e-12,7.691470116876933927e-13,8.711358934729172285e-13,9.028698218819649649e-13,9.548477313693618176e-13,1.046983107103509456e-12,9.062723492132107602e-13,9.080708573686568426e-13,8.287020383764748597e-13,8.292019571450940990e-13,1.189339008517592755e-12,1.555405441010512439e-12,2.397690794261832856e-12,7.043501857430433675e-13,7.448970492886344678e-13,8.682410843469399415e-13,1.051083453184234164e-12,1.200131786128890255e-12,9.624635009081598188e-13,8.527699381646159686e-13,7.571543129523376649e-13,8.400140917990718188e-13,1.101820465845391541e-12,1.822305312980566750e-12,2.195154951463811630e-12,7.085254318194136845e-13,6.730345977145482742e-13,7.821160634578356204e-13,8.896314384098701371e-13,9.918946121531083647e-13,8.708880461947169720e-13,9.339130947311993552e-13,9.411135188799178708e-13,9.717926017829152387e-13,1.552653425290165721e-12,2.709179908296276935e-12,5.614184835196256536e-13,6.685268480084370422e-13,9.334018914236035237e-13,8.825620055469376512e-13,1.073915120870908197e-12,8.943739261766516973e-13,1.113260300089033205e-12,1.631085807298962631e-12,1.475696184729413552e-12,1.902389704377757430e-12,1.053157866596329969e-12,1.658931073520026760e-12,1.780429343382551814e-12,1.755350491197237699e-12,2.377245856754156510e-12,1.955084032802252372e-12,2.249780305347849790e-12,1.842925275616712061e-11,3.287580887966775960e-12,2.639915526126043801e-12
8.347702985102116264e-13,1.104230293280944971e-12,9.010162430579076996e-13,9.142830893841520224e-13,9.872195513227462651e-13,9.202563467758271536e-13,9.153624837686258912e-13,1.077377101177723380e-12,8.418864336611817256e-13,8.030032930710165838e-13,6.881808160905592694e-13,8.481375255530080482e-13,8.360029583463834034e-13,9.337595914477303946e-13,9.159344296904467282e-13,1.053559030815377831e-12,1.017775710012289931e-12,8.419688111039364397e-13,8.886707631177529862e-13,8.317546166877325137e-13,9.025281903479626100e-13,1.318721269046187593e-12,1.743304596057954351e-12,7.814403968439575810e-13,8.848309160232070900e-13,9.173193095869929798e-13,9.700518504250417384e-13,1.063461500855193734e-12,9.206809742628768876e-13,9.226306551468082938e-13,8.416328458661628175e-13,8.421940201825675331e-13,1.207178778075217412e-12,1.579539456587395018e-12,2.436347161181193993e-12,7.152957541745078826e-13,7.565342313384114181e-13,8.814443678926174259e-13,1.065886776925945230e-12,1.216605581374324354e-12,9.774184631202029086e-13,8.660383777032497530e-13,7.691100336156161495e-13,8.530108296407719106e-13,1.117741560266566842e-12,1.846638562008050359e-12,2.225208764169122501e-12,7.193929566168878397e-13,6.835569939279735318e-13,7.939366311782812818e-13,9.030296203017868127e-13,1.006971853560508431e-12,8.843814824293529207e-13,9.481151884490219860e-13,9.555217745302387245e-13,9.867768380598871273e-13,1.575701204587074477e-12,2.745961977507355359e-12,5.701059756905455418e-13,6.786928159795261761e-13,9.468644294820030204e-13,8.958100877477745680e-13,1.089625461270602288e-12,9.079846977895825836e-13,1.129930438595070064e-12,1.653001211400490181e-12,1.497754422498864205e-12,1.931039382206400588e-12,1.068722983436065712e-12,1.679088159548229427e-12,1.802324157080519339e-12,1.777945300586592855e-12,2.402130146008636723e-12,1.982891961030866817e-12,2.284975506977136444e-12,1.778579372332383968e-11,3.322410863423146357e-12,2.670601728015131228e-12
8.479807324576267506e-13,1.122047349267854014e-12,9.155011811366980281e-13,9.288693685287409985e-13,1.003075714706170819e-12,9.349012377193994513e-13,9.296864493244343844e-13,1.094059809915534132e-12,8.548017693284031797e-13,8.155544282722540272e-13,6.989838188343820145e-13,8.617480394938531491e-13,8.492758687741268049e-13,9.486930244420454712e-13,9.304985495061429774e-13,1.070237709205868305e-12,1.033278194271083581e-12,8.550802017687522077e-13,9.024979252927684763e-13,8.448769636116380431e-13,9.168153024637205364e-13,1.339395078074409923e-12,1.770389289082843711e-12,7.936748468127290728e-13,8.984349410798469130e-13,9.317012267463455456e-13,9.851764047909868814e-13,1.079832736048538969e-12,9.350117583428433624e-13,9.371254439701298676e-13,8.544671759694169827e-13,8.550949633369801397e-13,1.224810686324492643e-12,1.603479794780540655e-12,2.474878173584191331e-12,7.261548898610732453e-13,7.680860252178493428e-13,8.945126533421217933e-13,1.080421273216788717e-12,1.232737711438452774e-12,9.922551676860578119e-13,8.792037229360675036e-13,7.809919778297245095e-13,8.658986867829271291e-13,1.133415245309497293e-12,1.870401116888925842e-12,2.254638015031752910e-12,7.301592690965373542e-13,6.940029868073903027e-13,8.056285542862108701e-13,9.162771055752568544e-13,1.021894414191648495e-12,8.977639719617501368e-13,9.621721638718230709e-13,9.697931464653306728e-13,1.001630164853807195e-12,1.598455795159125834e-12,2.781949352739252122e-12,5.787218622806820742e-13,6.887548571540232326e-13,9.601152902042309939e-13,9.089047969592980417e-13,1.105111625645124594e-12,9.214574061386653575e-13,1.146403257133373261e-12,1.674415720659112457e-12,1.519547903847112745e-12,1.959369499733570370e-12,1.084089855549869762e-12,1.698585717505312179e-12,1.823527881141197269e-12,1.799929326547215486e-12,2.425834900808033861e-12,2.010224583237193087e-12,2.319936307512160481e-12,1.715422285094981015e-11,3.355635718409020420e-12,2.700204116594043701e-12
8.611109667956639341e-13,1.139797390126023953e-12,9.299251824409838769e-13,9.433829634042308495e-13,1.018862374148411218e-12,9.494667831470962774e-13,9.439052842926167367e-13,1.110600842667056208e-12,8.675941330458104262e-13,8.280118580610039937e-13,7.097111445736560739e-13,8.752974250920915405e-13,8.624733258977716328e-13,9.635533132692906547e-13,9.449818116155792509e-13,1.086815790273696940e-12,1.048620815530875889e-12,8.680880576891792345e-13,9.162147099794406070e-13,8.579148339907212815e-13,9.310160803770192742e-13,1.359922273145147871e-12,1.797256893537456973e-12,8.058202657688518232e-13,9.119124230864094234e-13,9.459805407629018559e-13,1.000183789501791270e-12,1.096054270484168200e-12,9.492288683487204057e-13,9.515202273129085665e-13,8.671705904848196113e-13,8.678706624920456521e-13,1.242181458437789420e-12,1.627160939237206758e-12,2.513194758357371289e-12,7.368981284488398469e-13,7.795215357317931695e-13,9.074078906976234305e-13,1.094636260886904235e-12,1.248469240564294815e-12,1.006933250137541688e-12,8.922302963452263561e-13,7.927695781229345954e-13,8.786420769078468126e-13,1.148789679967210500e-12,1.893502087015469619e-12,2.283334642096769060e-12,7.407938205720091875e-13,7.043446953196300303e-13,8.171571695642291624e-13,9.293342633649563478e-13,1.036618830401605124e-12,9.109987468666428093e-13,9.760431128988086216e-13,9.838869270729469299e-13,1.016311140659384430e-12,1.620846519435019562e-12,2.817007903248019519e-12,5.872421958212506452e-13,6.986837394679868193e-13,9.731105367698002435e-13,9.218067059504475312e-13,1.120323802287598265e-12,9.347529157521335780e-13,1.162628746600933463e-12,1.695248250494847746e-12,1.541010132547243756e-12,1.987295125339893115e-12,1.099211614707838598e-12,1.717339002786064118e-12,1.843949723459597320e-12,1.821213785874207038e-12,2.448240066809562637e-12,2.036988308942258646e-12,2.354570959241689001e-12,1.653485169889418810e-11,3.387088910237507582e-12,2.728608439266843177e-12
8.741258928532884398e-13,1.157437616115384515e-12,9.442528311662248994e-13,9.577874632586613918e-13,1.034539795955046857e-12,9.639153493442807795e-13,9.579793429129369906e-13,1.126952408661755880e-12,8.802254380730382229e-13,8.403406689467609577e-13,7.203332075321744329e-13,8.887513721863421279e-13,8.755609338724071918e-13,9.783023742092405168e-13,9.593462073789484368e-13,1.103249017890245726e-12,1.063756931525379602e-12,8.809555021061441544e-13,9.297821192678965635e-13,8.708329414917594856e-13,9.450925682627324917e-13,1.380246426368100447e-12,1.823831955974748414e-12,8.178431039560064752e-13,9.252235269222756398e-13,9.601177216636429841e-13,1.015031647031655618e-12,1.112078367043723004e-12,9.632919300396773775e-13,9.657754365656047259e-13,8.797045892715629844e-13,8.804829217812863243e-13,1.259232210434024071e-12,1.650510140632064137e-12,2.551198968087715383e-12,7.474924262980724270e-13,7.908062448417822735e-13,9.200878904818111832e-13,1.108476533343992327e-12,1.263736260943987933e-12,1.021407637369213815e-12,9.050782598854551770e-13,8.044085503454644032e-13,8.912013389695401208e-13,1.163808083991428384e-12,1.915843666628619327e-12,2.311182927469011268e-12,7.512626346539264514e-13,7.145509823500726470e-13,8.284841301605036552e-13,9.421572590549734230e-13,1.051096874808739977e-12,9.240447932410204909e-13,9.896826557736146473e-13,9.977578679781045400e-13,1.030773608426594840e-12,1.642795674222300939e-12,2.850994496099285150e-12,5.956409230061197089e-13,7.084469259759738828e-13,9.858019514174155959e-13,9.344721036589528180e-13,1.135207267388783632e-12,9.478278160493721920e-13,1.178551658200266519e-12,1.715411326625075291e-12,1.562067840649623459e-12,2.014723356282141945e-12,1.114035432267494712e-12,1.735258138750320810e-12,1.863493068816412873e-12,1.841703954519818241e-12,2.469220262042269434e-12,2.063081636965576162e-12,2.388778953344044481e-12,1.592786993060925474e-11,3.416597122281689585e-12,2.755660049248990304e-12
8.869870683302451829e-13,1.174920344258900660e-12,9.584447742096681363e-13,9.720421946056648478e-13,1.050064228133747584e-12,9.782053873452585515e-13,9.718651888127974551e-13,1.143062261774519256e-12,8.926542632055138504e-13,8.525026600882795718e-13,7.308175864516739136e-13,9.020721161256101932e-13,8.885007244988797224e-13,9.928982214237586612e-13,9.735499052359579271e-13,1.119488728225286846e-12,1.078635732538023708e-12,8.936421726076283337e-13,9.431574758896262344e-13,8.835925488795020027e-13,9.590030728619606748e-13,1.400305573517539657e-12,1.850031295498613047e-12,8.297066026426778346e-13,9.383247795667917778e-13,9.740694242725562251e-13,1.029673587860853952e-12,1.127852891461465228e-12,9.771567612458059730e-13,9.798476737580234300e-13,8.920272397048666919e-13,8.928900969257258014e-13,1.275899314790443984e-12,1.673447984614678865e-12,2.588781411622315941e-12,7.579018965876858180e-13,8.019025476305939488e-13,9.325069641354357279e-13,1.121883151531242038e-12,1.278470811404523647e-12,1.035629269407640376e-12,9.177042483244806894e-13,8.158714460209347688e-13,9.035333583040441604e-13,1.178409562528746318e-12,1.937322106379033181e-12,2.338059250051489779e-12,7.615288642983092684e-13,7.245879216212093934e-13,8.395679669404374623e-13,9.546987198646216635e-13,1.065276316904617988e-12,9.368575108415047766e-13,1.003041645098217636e-12,1.011356890598959529e-12,1.044967416715066691e-12,1.664219357274050187e-12,2.883756197284040559e-12,6.038895194358261183e-13,7.180092576760725651e-13,9.981379224215940602e-13,9.468538695136159034e-13,1.149703203007525782e-12,9.606350871422890416e-13,1.194112325899952490e-12,1.734812135997348443e-12,1.582641815148316116e-12,2.041553285706204517e-12,1.128504614956947073e-12,1.752249003773048411e-12,1.882056574934051533e-12,1.861299878188796290e-12,2.488645893556708485e-12,2.088395650069171949e-12,2.422449402410173376e-12,1.533349036256548796e-11,3.443980619679034280e-12,2.781212397056843915e-12
8.996522391217826962e-13,1.192192654220322647e-12,9.724573486832667624e-13,9.861021294724807776e-13,1.065387428988307763e-12,9.922910020066357358e-13,9.855152375319087572e-13,1.158873339837294339e-12,9.048354494154444347e-13,8.644560099389606270e-13,7.411287250269804713e-13,9.152180417702693140e-13,9.012507701695694225e-13,1.007294575852336574e-12,9.875468700496160321e-13,1.135481457937815346e-12,1.093201908611166376e-12,9.061038841922842310e-13,9.562940786697444665e-13,8.961511166906785442e-13,9.727017917203097228e-13,1.420031730257073424e-12,1.875763762013631762e-12,8.413703524665151391e-13,9.511687434470412202e-13,9.877881271229298633e-13,1.044058829186584056e-12,1.143320959232668256e-12,9.907750214346563776e-13,9.936893471040277589e-13,9.040928722961304328e-13,9.050467835651073082e-13,1.292114120196912152e-12,1.695888141390818183e-12,2.625821811433994865e-12,7.680875236157984639e-13,8.127694659611891157e-13,9.446156512674789783e-13,1.134793263274161202e-12,1.292600728808731300e-12,1.049544776462971017e-12,9.300610630691030732e-13,8.271173458173518406e-13,9.155912722236172143e-13,1.192528885720323469e-12,1.957827733040975326e-12,2.363832224044474023e-12,7.715525489230049223e-13,7.344185320370750505e-13,8.503638434310007260e-13,9.669074741078502908e-13,1.079100632986892158e-12,9.493884108336133026e-13,1.016066882476761505e-12,1.024630790803804499e-12,1.058838107729814279e-12,1.685027261308864134e-12,2.915130727560919606e-12,6.119568563858815331e-13,7.273326983349971400e-13,1.010063214803007016e-12,9.589011743460674344e-13,1.163748460225861670e-12,9.731238213980488730e-13,1.209246389989504922e-12,1.753352461828988304e-12,1.602646663801392932e-12,2.067675921472385689e-12,1.142558500235613060e-12,1.768213221199372504e-12,1.899534240965742280e-12,1.879896318186385659e-12,2.506383532774429940e-12,2.112814055319760559e-12,2.455461304823546286e-12,1.475189767489410639e-11,3.469054080254276672e-12,2.805115357142433785e-12
9.120749924665194450e-13,1.209196079330487905e-12,9.862423583158779184e-13,9.999176841728916859e-13,1.080456228025534526e-12,1.006121674419360726e-12,9.988774531596421512e-13,1.174323425218735702e-12,9.167198143217873959e-13,8.761549974355701779e-13,7.512276989880528719e-13,9.281433258574732976e-13,9.137649509186652191e-13,1.021440518264885868e-12,1.001286535328262836e-12,1.151168562086667591e-12,1.107395384027063690e-12,9.182923746125004926e-13,9.691409309024104476e-13,9.084620185232144829e-13,9.861384804633041919e-13,1.439350426079799637e-12,1.900929757673686603e-12,8.527900646320645720e-13,9.637037726177252697e-13,1.001221834894172154e-12,1.058131891005591774e-12,1.158420628338818600e-12,1.004093921236373712e-12,1.007248357643990208e-12,9.158518628616663909e-13,9.169035920857858293e-13,1.307802738832815872e-12,1.717736960567628715e-12,2.662188078117609083e-12,7.780069544808350459e-13,8.233624550889936893e-13,9.563605463948077087e-13,1.147140038241923978e-12,1.306049613141251022e-12,1.063096234766340976e-12,9.420974563660526121e-13,8.381016421334105690e-13,9.273242692165512429e-13,1.206096374244978989e-12,1.977244923256776010e-12,2.388362712576757033e-12,7.812904498961206284e-13,7.440026028362399002e-13,8.608234116196785991e-13,9.787283904677084468e-13,1.092508802471971373e-12,9.615849018118967524e-13,1.028700929054413633e-12,1.037522033343580768e-12,1.072326689977470803e-12,1.705122409406790096e-12,2.944946468106617535e-12,6.198091441428712817e-13,7.363761705466679441e-13,1.021518835805648155e-12,9.705592814161668176e-13,1.177275422020414041e-12,9.852390423853672700e-13,1.223884604963028807e-12,1.770928669028387319e-12,1.621990555101174726e-12,2.092973791226140771e-12,1.156132163863718997e-12,1.783048282641328471e-12,1.915815513132858644e-12,1.897382816569296189e-12,2.522296250675988034e-12,2.136212980568347990e-12,2.487682979068242535e-12,1.418324703161010294e-11,3.491627070773929873e-12,2.827214465928232860e-12
9.242044853779305460e-13,1.225866227546048342e-12,9.997467742712375351e-13,1.013434416729750679e-12,1.095212142390667160e-12,1.019641992922642910e-12,1.011895064834074010e-12,1.189344837280624093e-12,9.282539414472485892e-13,8.875497505389780904e-13,7.610719984176592772e-13,9.407975969348245009e-13,9.259927181328787634e-13,1.035280148090525947e-12,1.014713483387656054e-12,1.166485853617965051e-12,1.121151075415882560e-12,9.301550605167752338e-13,9.816424827525677909e-13,9.204742677086663003e-13,9.992581418693538490e-13,1.458180322605579848e-12,1.925420788532697977e-12,8.639173777941332272e-13,9.758737844271574377e-13,1.014313793613345477e-12,1.071832308549070365e-12,1.173084617034761560e-12,1.017055951402874282e-12,1.020467804027625136e-12,9.272504317911677279e-13,9.284069380078876121e-13,1.322885871044662500e-12,1.738893115540677818e-12,2.697735470571462395e-12,7.876143330477142804e-13,8.336332231825660512e-13,9.676841464366934756e-13,1.158852636955782570e-12,1.318736834712759880e-12,1.076220943716841661e-12,9.537579323123971589e-13,8.487758328581729632e-13,9.386774055327957479e-13,1.219037819864539216e-12,1.995452168095434961e-12,2.411503883330346308e-12,7.906959084098248351e-13,7.532965299966810664e-13,8.708946866255449024e-13,9.901022407055858627e-13,1.105435131631620664e-12,9.733900950864823487e-13,1.040881939973476232e-12,1.049968569583716066e-12,1.085369433266789243e-12,1.724400955716855993e-12,2.973022543345208022e-12,6.274098233694932717e-13,7.450954252348020733e-13,1.032441960864272061e-12,9.817694063353244340e-13,1.190211900337910470e-12,9.969215456486792372e-13,1.237952680303625533e-12,1.787431755276824223e-12,1.640575010698995779e-12,2.117320649283678635e-12,1.169156057134022404e-12,1.796647765529361125e-12,1.930785476297570427e-12,1.913643856659894163e-12,2.536244046692072439e-12,2.158460875665014210e-12,2.518971460065463827e-12,1.362766322913609689e-11,3.511504648984051349e-12,2.847349360065707235e-12
9.359851986491829486e-13,1.242132362550603248e-12,1.012912404885528369e-12,1.026592714388350670e-12,1.109591017495347859e-12,1.032791365160287635e-12,1.024506308151574463e-12,1.203864157568588761e-12,9.393800052715731540e-13,8.985860202821481522e-13,7.706153279218861956e-13,9.531256224772908794e-13,9.378788363919166200e-13,1.048752257531506171e-12,1.027767142640787895e-12,1.181363268768514422e-12,1.134398681630680331e-12,9.416348131819751232e-13,9.937383962023888164e-13,9.321322626695038488e-13,1.012000738163877218e-12,1.476432861410005000e-12,1.949119029168965974e-12,8.746996592996003507e-13,9.876180553723452900e-13,1.027002227418895062e-12,1.085094369658451180e-12,1.187240053763024872e-12,1.029598637396360082e-12,1.033285711091240211e-12,9.382304681824412104e-13,9.394988560722281947e-13,1.337278674858777263e-12,1.759247301302386845e-12,2.732305762694212228e-12,7.968601530168165362e-13,8.435295712332326453e-13,9.785247269983973306e-13,1.169856220404085428e-12,1.330577588888360854e-12,1.088851233082987257e-12,9.649825731018083728e-13,8.590873341406751449e-13,9.495914473613865653e-13,1.231274448373099724e-12,2.012322218175979792e-12,2.433101315105470046e-12,7.997187286718464798e-13,7.622531704492062080e-13,8.805219472973556554e-13,1.000965593528537745e-12,1.117809112535660807e-12,9.847426373133908107e-13,1.052543530904356538e-12,1.061903686839353965e-12,1.097897694946119805e-12,1.742752051431218746e-12,2.999168984097421483e-12,6.347194538372755450e-13,7.534429549269811140e-13,1.042765899503692506e-12,9.924686201108525842e-13,1.202481074631553799e-12,1.008107769470422572e-12,1.251371162315679293e-12,1.802747469180254401e-12,1.658294755662093410e-12,2.140581275055439359e-12,1.181555832451034627e-12,1.808901605330536661e-12,1.944325119712141375e-12,1.928559080739718509e-12,2.548084346625911975e-12,2.179418504713555798e-12,2.549171965855555144e-12,1.308524023036721130e-11,3.528488053664575841e-12,2.865353674347321584e-12
9.473566797001313327e-13,1.257916940529497905e-12,1.025675540478480664e-12,1.039327459587580594e-12,1.123522650453754972e-12,1.045503698993138283e-12,1.036644152778997567e-12,1.217801938794484171e-12,9.500355935889254981e-13,9.092049525128792128e-13,7.798074029838551405e-13,9.650669843617368601e-13,9.493631014247585033e-13,1.061789974549778727e-12,1.040381458886804495e-12,1.195724504223910810e-12,1.147062461194590217e-12,9.526697212111925666e-13,1.005363296227436381e-12,9.433755174646380716e-13,1.024300887640110274e-12,1.494011867865421293e-12,1.971896828425625824e-12,8.850797887694653413e-13,9.988710068254524866e-13,1.039220056648552341e-12,1.097846833125571253e-12,1.200808209409309705e-12,1.041654281072213074e-12,1.045634742013720803e-12,9.487293492087360764e-13,9.501168077571674731e-13,1.350890624440128043e-12,1.778681879265823857e-12,2.765726292540807197e-12,8.056911240933468552e-13,8.529952299094027338e-13,9.888162175214912457e-13,1.180071963103898555e-12,1.341482951594400467e-12,1.100914259842296599e-12,9.757068591698281021e-13,8.689792865542128671e-13,9.600027089871564959e-13,1.242722881382780287e-12,2.027722208178259011e-12,2.452993083389516380e-12,8.083050669902225190e-13,7.708216956162855741e-13,8.896456397094372378e-13,1.011250709120939091e-12,1.129555277656725993e-12,9.955765383332286693e-13,1.063614641638779212e-12,1.073255852893316063e-12,1.109837737149408253e-12,1.760057683326177848e-12,3.023186860620549088e-12,6.416956153053813044e-13,7.613679088565553835e-13,1.052420083860307282e-12,1.002589763166331078e-12,1.214001429743118550e-12,1.018729663613733919e-12,1.264055308383581209e-12,1.816756409030332330e-12,1.675037539311095282e-12,2.162611218996697639e-12,1.193252179453616788e-12,1.819696356277474400e-12,1.956311589508676729e-12,1.942003493798386231e-12,2.557672462653479721e-12,2.198938908564997315e-12,2.578117276144655164e-12,1.255603968725163913e-11,3.542375325034213516e-12,2.881054907478545299e-12
9.582533190476290947e-13,1.273135182885593970e-12,1.037966628962707618e-12,1.051567722525326054e-12,1.136930473419175409e-12,1.057707114520747198e-12,1.048236104584194721e-12,1.231072508110635712e-12,9.601535680302453735e-13,9.193429127378193370e-13,7.885937912472535247e-13,9.765558093832670959e-13,9.603800842717411029e-13,1.074320490410739613e-12,1.052484647936077978e-12,1.209486747351804767e-12,1.159061103337470147e-12,9.631929258420598981e-13,1.016446598817594420e-12,9.541384588980433682e-13,1.036087629752788881e-12,1.510813237388790608e-12,1.993616311349158349e-12,8.949959674359913039e-13,1.009562068096762560e-12,1.050894696960668692e-12,1.110012734941641435e-12,1.213704328091219227e-12,1.053149779234782329e-12,1.057441986606062844e-12,9.586798291562905712e-13,9.601935594758767618e-13,1.363625487062221261e-12,1.797070710068909458e-12,2.797809158870015717e-12,8.140500795004516083e-13,8.619697568276639559e-13,9.984881518567145858e-13,1.189417154900727632e-12,1.351360037021589946e-12,1.112331894410535677e-12,9.858615639563577892e-13,8.783904234132980487e-13,9.698429635463741136e-13,1.253295198881636844e-12,2.041513947799224699e-12,2.471009977398162572e-12,8.163973703803406055e-13,7.789474960087366150e-13,8.982023439792585690e-13,1.020885510157103346e-12,1.140593144617313097e-12,1.005821074580558506e-12,1.074019483119182014e-12,1.083948645467994624e-12,1.121110635198971167e-12,1.776192680337485752e-12,3.044868580210242774e-12,6.482928333262949039e-13,7.688160457117091965e-13,1.061330117244786296e-12,1.012061416997539761e-12,1.224686791035663842e-12,1.028714636778075109e-12,1.275915069116208630e-12,1.829334280747915998e-12,1.690684122836298455e-12,2.183256714055396668e-12,1.204160874759812368e-12,1.828915539143045345e-12,1.966618567221314224e-12,1.953847768645003320e-12,2.564862183445050463e-12,2.216867558904899211e-12,2.605627260780210839e-12,1.204009115797973433e-11,3.552962088261716449e-12,2.894275902827929089e-12
9.686041462818697009e-13,1.287694736663455896e-12,1.049710016429137782e-12,1.063236522652933814e-12,1.149731259460628349e-12,1.069323705557771451e-12,1.059204025777739679e-12,1.243583797453519244e-12,9.696619568195141027e-13,9.289313321602431191e-13,7.969157681936870926e-13,9.875205175157058825e-13,9.708589222056109730e-13,1.086264791838217178e-12,1.063998955911307822e-12,1.222560423191651345e-12,1.170307620137056808e-12,9.731324689925076319e-13,1.026912353856385342e-12,9.643502360152885115e-13,1.047284207530046409e-12,1.526724682749852386e-12,2.014129102547157604e-12,9.043815623034803070e-13,1.019615555914825558e-12,1.061947871413540268e-12,1.121509209880566270e-12,1.225837479309805378e-12,1.064006460463031799e-12,1.068628766097291106e-12,9.680099467742096799e-13,9.696570778713257182e-13,1.375381326217068337e-12,1.814279007442570131e-12,2.828350656793577150e-12,8.218759065086873952e-13,8.703884496485150885e-13,1.007465639102161053e-12,1.197805325731601114e-12,1.360112179068882037e-12,1.123020626666607125e-12,9.953726664655849901e-13,8.872549533024829626e-13,9.790393721598542422e-13,1.262899026073227710e-12,2.053554252556366442e-12,2.486975862163606896e-12,8.239343358948982122e-13,7.865721008366672900e-13,9.061247606132899840e-13,1.029793574632909362e-12,1.150837184835267912e-12,1.015400712049680030e-12,1.083677506415591277e-12,1.093900703254166510e-12,1.131632206252689505e-12,1.791024757437574779e-12,3.063998351665634516e-12,6.544625349434370317e-13,7.757297103549019647e-13,1.069417853998501489e-12,1.020807907223721002e-12,1.234446385112958893e-12,1.037985524883163914e-12,1.286855095269315333e-12,1.840352178480049783e-12,1.705108294033943696e-12,2.202354682376033412e-12,1.214192822752796768e-12,1.836440035071815169e-12,1.975116683628355168e-12,1.963958619369871556e-12,2.569506382453712334e-12,2.233042575433349964e-12,2.631508626616649358e-12,1.153739177600506058e-11,3.560042397616101439e-12,2.904835489727515994e-12
9.783326140703484990e-13,1.301495260417008715e-12,1.060823634561406944e-12,1.074250535448214941e-12,1.161834791622765558e-12,1.080269270366339980e-12,1.069463939581464726e-12,1.255237153352966295e-12,9.784838421008725546e-13,9.378965437587812171e-13,8.047101673688862658e-13,9.978835454200150638e-13,9.807230863625834918e-13,1.097537368856554517e-12,1.074840398996389317e-12,1.234848912062848690e-12,1.180709227854736893e-12,9.824111328860825713e-13,1.036679077135864607e-12,9.739345162540512190e-13,1.057807829850080898e-12,1.541625420465601819e-12,2.033275959900451324e-12,9.131649399943390460e-13,1.028950546896765983e-12,1.072295407687405805e-12,1.132247297401452701e-12,1.237110393552411060e-12,1.074139908388701577e-12,1.079110420686508849e-12,9.766429287713355659e-13,9.784304204721560489e-13,1.386050494952866234e-12,1.830163162557539294e-12,2.857130521452139013e-12,8.291034779145504490e-13,8.781822584059744639e-13,1.015669334242476995e-12,1.205146369555621908e-12,1.367639107082619189e-12,1.132891464174308949e-12,1.004161260141880090e-12,8.955024390523661443e-13,9.875144109731722361e-13,1.271437617548625700e-12,2.063695244209680243e-12,2.500707966220282559e-12,8.308508721552737093e-13,7.936330987124528801e-13,9.133416996505937350e-13,1.037894128791442611e-12,1.160196787335408837e-12,1.024235025475646262e-12,1.092503369165922170e-12,1.103025673033498378e-12,1.141312931838854436e-12,1.804414537259092307e-12,3.080352563970552808e-12,6.601529987294815624e-13,7.820478159429973646e-13,1.076601478424626004e-12,1.028749305133761200e-12,1.243184897494909729e-12,1.046460558158817899e-12,1.296774738398202878e-12,1.849676848178843590e-12,1.718176864943322359e-12,2.219732682534117532e-12,1.223254067066978046e-12,1.842148440226494017e-12,1.981673893857785918e-12,1.972199129780893427e-12,2.571457552762544371e-12,2.247294903309941624e-12,2.655554523133808357e-12,1.104790579584385961e-11,3.563409466991311383e-12,2.912549063138267190e-12
9.873564183002339695e-13,1.314428057890070522e-12,1.071218718062094531e-12,1.084519833029621746e-12,1.173143571648771888e-12,1.090453079943893955e-12,1.078925877101948907e-12,1.265927197541218996e-12,9.865372847201929127e-13,9.461596552410085651e-13,8.119092602726690805e-13,1.007561104823467088e-12,9.898901830244274597e-13,1.108045962825966516e-12,1.084918543444808677e-12,1.246248314636474338e-12,1.190167275890374312e-12,9.909463176789255359e-13,1.045659623043882636e-12,9.828093184071426633e-13,1.067569474515429846e-12,1.555385920587356928e-12,2.050886486746640764e-12,9.212693337166711548e-13,1.037480790558298960e-12,1.081847077158138661e-12,1.142131792623880158e-12,1.247419348410579297e-12,1.083459827611571368e-12,1.088796139381506069e-12,9.844971314016832911e-13,9.864316645473940119e-13,1.395519681125145521e-12,1.844570640383796427e-12,2.883911206231723334e-12,8.356636155369962048e-13,8.852777313308687624e-13,1.023015447102186805e-12,1.211346702933486381e-12,1.373837155520452453e-12,1.141849875560037984e-12,1.012143500961705472e-12,9.030577109597382868e-13,9.951858364212304086e-13,1.278809983165807319e-12,2.071784692467239534e-12,2.512017229432909418e-12,8.370780918378312700e-13,8.000640881832415557e-13,9.197781030765234600e-13,1.045102078428963781e-12,1.168576267370946052e-12,1.032238657548236428e-12,1.100406943774941238e-12,1.111232199637013477e-12,1.150057925465428906e-12,1.816215636044394782e-12,3.093700228279698592e-12,6.653093269808472859e-13,7.877058549067676505e-13,1.082795617321119290e-12,1.035801466231023725e-12,1.250802573197267447e-12,1.054053367994656129e-12,1.305568100294505958e-12,1.857170991031535762e-12,1.729749732872181175e-12,2.235208936342510091e-12,1.231245840697590300e-12,1.845917433543131062e-12,1.986155870554132947e-12,1.978429113730064397e-12,2.570568325069768993e-12,2.259448554944504829e-12,2.677544203922007324e-12,1.057156409602139392e-11,3.562856375331425134e-12,2.917229137983184941e-12
9.955873812674888363e-13,1.326375806081217240e-12,1.080799597346140215e-12,1.093947708314891092e-12,1.183552612133658786e-12,1.099777722267326335e-12,1.087493797800462548e-12,1.275541779359671827e-12,9.937353091287481528e-13,9.536364813142577084e-13,8.184406842675141656e-13,1.016463006351448584e-12,9.982718201676332674e-13,1.117691392994526872e-12,1.094136361499100898e-12,1.256647308585815638e-12,1.198577257034541794e-12,9.986499840551687601e-13,1.053761127372145170e-12,9.908869104632461291e-13,1.076473764241328995e-12,1.567867783439163374e-12,2.066779024639959992e-12,9.286127674161577330e-13,1.045114690169772336e-12,1.090506508570972033e-12,1.151061177473308822e-12,1.256654143831119509e-12,1.091869983237986088e-12,1.097588864888550380e-12,9.914860435223724437e-13,9.935738983325456587e-13,1.403670044077587394e-12,1.857340026757092225e-12,2.908437474243417143e-12,8.414830990083529578e-13,8.915970134448327664e-13,1.029415811556256670e-12,1.216309480298033454e-12,1.378599535175566678e-12,1.149795809814480809e-12,1.019230619235854351e-12,9.098408357595463250e-13,1.001966711627753131e-12,1.284911083202936715e-12,2.077666461529343082e-12,2.520708804593802647e-12,8.425433495224228282e-13,8.057946736507567589e-13,9.253551174488976216e-13,1.051328100233070899e-12,1.175874948381829085e-12,1.039321342865219492e-12,1.107293392802214960e-12,1.118423985630929137e-12,1.157766975347028211e-12,1.826274879311023862e-12,3.103803606928082947e-12,6.698734539273750153e-13,7.926359481826933099e-13,1.087911503919626850e-12,1.041876125363617151e-12,1.257195387704975293e-12,1.060673056960472729e-12,1.313124164693069003e-12,1.862693657943030609e-12,1.739680065410969089e-12,2.248592532790839028e-12,1.238064705760561279e-12,1.847622204295965152e-12,1.988426465162142081e-12,1.982505559879647788e-12,2.566692037791504634e-12,2.269321001818141007e-12,2.697242965775653421e-12,1.010826414664191728e-11,3.558176864090153650e-12,2.918686031453134523e-12
1.002931355681939595e-12,1.337212297749385572e-12,1.089463510942743329e-12,1.102430516466521749e-12,1.192949249533185036e-12,1.108138968581846634e-12,1.095065531080315836e-12,1.283961950768142645e-12,9.999859080924805169e-13,9.602374960870355688e-13,8.242273881426576602e-13,1.024492502817007640e-12,1.005773494700911022e-12,1.126367403228657475e-12,1.102390107806188833e-12,1.265927028091073316e-12,1.205828838049517384e-12,1.005428615441325511e-12,1.060884970461749768e-12,9.980737272205034846e-13,1.084418863673923262e-12,1.578923643010129941e-12,2.080760578194214118e-12,9.351080007967224507e-13,1.051755303127183030e-12,1.098171122640368548e-12,1.158927573364125539e-12,1.264698099377777786e-12,1.099268161386755623e-12,1.105385219725099191e-12,9.975183079184725772e-13,9.997652309088992343e-13,1.410377366272579313e-12,1.868301099251318196e-12,2.930436009865087954e-12,8.464846915155879905e-13,8.970578622387682387e-13,1.034777969983296403e-12,1.219934810303230420e-12,1.381816598851480236e-12,1.156623735005467741e-12,1.025328949625121013e-12,9.157671037313190354e-13,1.007765450180279385e-12,1.289632029780179407e-12,2.081180933600594215e-12,2.526582543274591654e-12,8.471702943936675664e-13,8.107504773000171181e-13,9.299901799844436139e-13,1.056478747010413002e-12,1.181987260295158892e-12,1.045387949871212542e-12,1.113063260231486624e-12,1.124499868043810738e-12,1.164334605534549537e-12,1.834432529748753962e-12,3.110418817417320665e-12,6.737841667381785761e-13,7.967669084269585053e-13,1.091857148659218305e-12,1.046881005901095029e-12,1.262255226979594653e-12,1.066224284444995337e-12,1.319326943073592690e-12,1.866100626048505804e-12,1.747814499638142989e-12,2.259683651065644916e-12,1.243602695234744177e-12,1.847136841862189401e-12,1.988348127741773982e-12,1.984283047915419075e-12,2.559683218454360777e-12,2.276723562800369206e-12,2.714402112761394560e-12,9.657869860522841078e-12,3.549166011408268238e-12,2.916728425237784267e-12
1.009288103015193843e-12,1.346802141765576446e-12,1.097100390689534187e-12,1.109857491290998274e-12,1.201212916477430073e-12,1.115425609737920055e-12,1.101532687184436644e-12,1.291061900128159923e-12,1.005192023282208440e-12,9.658677626154657337e-13,8.291875621393438310e-13,1.031546102205088376e-12,1.012294456596509784e-12,1.133960473193463006e-12,1.109569162983855026e-12,1.273960900948835607e-12,1.211805853991878610e-12,1.011183155532362802e-12,1.066926712369467324e-12,1.004270262466055576e-12,1.091296344869425093e-12,1.588397013231752191e-12,2.092626657310898746e-12,9.406624554925422279e-13,1.057300314241429383e-12,1.104732035907670701e-12,1.165616659855296915e-12,1.271428011517878956e-12,1.105546099200808667e-12,1.112075400687993755e-12,1.002497718479137846e-12,1.004908777915169167e-12,1.415512154149734834e-12,1.877274824083558699e-12,2.949614933899083685e-12,8.505871485209367283e-13,9.015736447365078442e-13,1.039005230195567171e-12,1.222119925290241848e-12,1.383376046705961470e-12,1.162222643645237637e-12,1.030339935450351248e-12,9.207469963057402727e-13,1.012485834966823069e-12,1.292860240278157115e-12,2.082165320646622278e-12,2.529433348680996670e-12,8.508789056000021210e-13,8.148531367714175596e-13,9.335970823021370973e-13,1.060456523314908813e-12,1.186802801706189818e-12,1.050338495757271578e-12,1.117612530728111807e-12,1.129353862903345906e-12,1.169650102983080695e-12,1.840522437892195198e-12,3.113296275139961487e-12,6.769771215790687282e-13,8.000242872873238160e-13,1.094537473513358586e-12,1.050719899380962882e-12,1.265870022619169574e-12,1.070607323047062207e-12,1.324055574813155111e-12,1.867244679701289797e-12,1.753993270167416338e-12,2.268273685946981017e-12,1.247747411384287168e-12,1.844334615430903985e-12,1.985782209708656921e-12,1.983614053382315455e-12,2.549397892858172696e-12,2.281461680905561080e-12,2.728758831273418449e-12,9.220211212310115441e-12,3.535620665887113780e-12,2.911163637334363107e-12
1.014551244163969631e-12,1.355000571626902169e-12,1.103592726545826186e-12,1.116110636501608492e-12,1.208215015312688555e-12,1.121519373848953029e-12,1.106780646711166464e-12,1.296708979384065980e-12,1.009251585313123155e-12,9.704269240534123298e-13,8.332346188549211917e-13,1.037513462162645281e-12,1.017727640957570325e-12,1.140349721161904097e-12,1.115555963395098115e-12,1.280614589668417580e-12,1.216386379023764107e-12,1.015809011796698293e-12,1.071776099754615209e-12,1.009371032127110494e-12,1.096991135536906540e-12,1.596122263658543958e-12,2.102161291646485499e-12,9.451781993237240997e-13,1.061642074313930719e-12,1.110074043914515285e-12,1.171007676798609070e-12,1.276714199262895762e-12,1.110589491297443741e-12,1.117543154876620989e-12,1.006323273898017275e-12,1.008902705827404835e-12,1.418939810981696963e-12,1.884073489565930899e-12,2.965663524637520936e-12,8.537052689905680930e-13,9.050533820615487961e-13,1.041996770281616746e-12,1.222759377854520297e-12,1.383163156192763322e-12,1.166476127786133204e-12,1.034160190698495600e-12,9.246862073279211514e-13,1.016027090465513176e-12,1.294479633346769105e-12,2.080454016822085727e-12,2.529051599595455495e-12,8.535855644756470446e-13,8.180203429442200388e-13,9.360860712178479750e-13,1.063160006443254805e-12,1.190206462461274792e-12,1.054068219045783462e-12,1.120832743475550873e-12,1.132875268727935331e-12,1.173597610860768347e-12,1.844372290007797808e-12,3.112181215139067708e-12,6.793848812499172715e-13,8.023304536247370819e-13,1.095854476268649671e-12,1.053292788831794958e-12,1.267923933928382713e-12,1.073718165872864231e-12,1.327184490860025996e-12,1.865975926691395493e-12,1.758050433340743642e-12,2.274145513215826868e-12,1.250382178012417926e-12,1.839088249142464718e-12,1.980589267729231989e-12,1.980349272549178273e-12,2.535693853749796189e-12,2.283335291596090905e-12,2.740036240333323369e-12,8.795084074571356916e-12,3.517339834991782337e-12,2.901798041233119916e-12
1.018608181746351381e-12,1.361653214232644293e-12,1.108815400527629235e-12,1.121064585170944843e-12,1.213818754046093238e-12,1.126294810661809184e-12,1.110688513888843857e-12,1.300763680767284483e-12,1.012057519094320809e-12,9.738091657424823567e-13,8.362771533780878026e-13,1.042277256399254916e-12,1.021959571999025468e-12,1.145406772658800400e-12,1.120225897275832134e-12,1.285745888494569877e-12,1.219442747627471393e-12,1.019196026922959520e-12,1.075317037351148902e-12,1.013264508348629554e-12,1.101381434061543803e-12,1.601924528005798137e-12,2.109136946375915642e-12,9.485519042973728365e-13,1.064667601169879333e-12,1.114075568371660696e-12,1.174973385656936307e-12,1.280420499023411299e-12,1.114277958682597429e-12,1.121665719726351567e-12,1.008889195277415956e-12,1.011640240999816171e-12,1.420520733850621825e-12,1.888500742351760334e-12,2.978251797505848087e-12,8.557499185474473962e-13,9.074017640309745528e-13,1.043647698528768188e-12,1.221745160432186353e-12,1.381060915591373369e-12,1.169262406897931809e-12,1.036681523501407278e-12,9.274856356862385112e-13,1.018283916187325012e-12,1.294370747964296290e-12,2.075878781746081922e-12,2.525223373467114314e-12,8.552030956988393405e-13,8.201658526479155615e-13,9.373639100017176435e-13,1.064483918633394559e-12,1.192078491180179295e-12,1.056467611351564809e-12,1.122611055828907516e-12,1.134948720867806120e-12,1.176056171971095578e-12,1.845803742789151374e-12,3.106813961491471379e-12,6.809369335246083197e-13,8.036046419658255244e-13,1.095707333428968073e-12,1.054495923318931979e-12,1.268297458318732772e-12,1.075448587008172685e-12,1.328583507837403806e-12,1.862141967615920542e-12,1.759813987775729258e-12,2.277073616643528003e-12,1.251386102377540993e-12,1.831270036899807918e-12,1.972629193205383139e-12,1.974337780989461107e-12,2.518430681686101890e-12,2.282139024162505934e-12,2.747943298298879229e-12,8.382249806695149026e-12,3.494124721003381107e-12,2.888436977625098901e-12
1.021340010979050098e-12,1.366595862252808593e-12,1.112635515159567248e-12,1.124586455477274702e-12,1.217878974900568155e-12,1.129619171659693746e-12,1.113129052518575922e-12,1.303079589564074830e-12,1.013497724936333318e-12,9.759031610960088573e-13,8.382188900290063748e-13,1.045713033196631365e-12,1.024870262928579728e-12,1.148995621177548256e-12,1.123447190572950143e-12,1.289204607518234116e-12,1.220841545718409310e-12,1.021228432424509011e-12,1.077427540526966858e-12,1.015833040566131400e-12,1.104338612087530633e-12,1.605619594807735142e-12,2.113314412535075741e-12,9.506747929920959332e-13,1.066258557229625917e-12,1.116608588163748644e-12,1.177380011701170099e-12,1.282404232871982524e-12,1.116484998132379822e-12,1.124313747273408154e-12,1.010084918115112107e-12,1.013009654721833443e-12,1.420110357675176960e-12,1.890351580836902672e-12,2.987030103643881356e-12,8.566280278599626568e-13,9.085191407023927416e-13,1.043849077056807324e-12,1.218966756511090544e-12,1.376950074106138197e-12,1.170454325253670402e-12,1.037790932369456174e-12,9.290413584641460342e-13,1.019146491044808750e-12,1.292410798755906021e-12,2.068268793917748776e-12,2.517730530525549444e-12,8.556407801172678598e-13,8.211994803880657636e-13,9.373339044560100804e-13,1.064319158775573221e-12,1.192294521974557979e-12,1.057422419723325953e-12,1.122830268404376562e-12,1.135454209683727473e-12,1.176899738126595992e-12,1.844632486791087847e-12,3.096930021252227435e-12,6.815596908583714595e-13,8.037629710777016902e-13,1.093992446649739661e-12,1.054221850333229167e-12,1.266867483430425671e-12,1.075686165060623252e-12,1.328117871128281163e-12,1.855587950112110237e-12,1.759105930533207244e-12,2.276824138805449285e-12,1.250634006433022176e-12,1.820751820101161899e-12,1.961761196437392272e-12,1.965427057861772484e-12,2.497469563005850439e-12,2.277662290063882577e-12,2.752174687155108351e-12,7.981434728122989455e-12,3.465778485825838276e-12,2.870883551884498392e-12
1.022621414721521920e-12,1.369654250925792774e-12,1.114912219484053738e-12,1.126535696504503263e-12,1.220241986173386065e-12,1.131352269792329076e-12,1.113968608756824717e-12,1.303503317136546599e-12,1.013455027582818109e-12,9.765920018591432812e-13,8.389586150758387093e-13,1.047689073925922356e-12,1.026333092905040758e-12,1.150972491723004327e-12,1.125080790792785833e-12,1.290832454720871888e-12,1.220443570887644162e-12,1.021784785112205889e-12,1.077979670564110307e-12,1.016952767418918373e-12,1.105727111663390744e-12,1.607013782323030562e-12,2.114442674421625819e-12,9.514325532126616323e-13,1.066291202481755680e-12,1.117538558402055642e-12,1.178087171018483521e-12,1.282516152763404713e-12,1.117077914850879137e-12,1.125351218071264726e-12,1.009795055372939924e-12,1.012894221761960450e-12,1.417559138698310236e-12,1.889412307702996103e-12,2.991628714474711465e-12,8.562425585860716015e-13,9.083014864588644847e-13,1.042487901929846633e-12,1.214311108096223037e-12,1.370709090303029340e-12,1.169919316561444624e-12,1.037370571602273623e-12,9.292445823233058266e-13,1.018500443875947746e-12,1.288473654593507363e-12,2.057450549718545937e-12,2.506350624806273812e-12,8.548043320700379291e-13,8.210270638207405705e-13,9.358958851851416489e-13,1.062552785242084244e-12,1.190725554283591933e-12,1.056813615510221202e-12,1.121368804960505411e-12,1.134267057128105827e-12,1.175997141667603509e-12,1.840668229332220181e-12,3.082259962222237974e-12,6.811764569792105056e-13,8.027184211013567486e-13,1.090603417930663843e-12,1.052359394503020341e-12,1.263507269461702860e-12,1.074314262882288033e-12,1.325648238842383982e-12,1.846156483573485384e-12,1.755742240547728012e-12,2.273154850220003623e-12,1.247996630709244213e-12,1.807404794308499075e-12,1.947843616766911805e-12,1.953462841889407729e-12,2.472672863356099866e-12,2.269689241211815640e-12,2.752410645923573923e-12,7.592329568204285943e-12,3.432105679056890685e-12,2.848940406258155290e-12
1.022320446848997918e-12,1.370643692412269837e-12,1.115496424051610567e-12,1.126763818076998018e-12,1.220745260656353471e-12,1.131346229336278946e-12,1.113066898409505812e-12,1.301874266688296980e-12,1.011807004514953118e-12,9.757530137859248421e-13,8.383900145567583723e-13,1.048066139861113739e-12,1.026214586847777527e-12,1.151185572763892440e-12,1.124980120345884429e-12,1.290462762424181824e-12,1.218103630554036269e-12,1.020737779596109801e-12,1.076839337376523205e-12,1.016493410281685566e-12,1.105404211714906365e-12,1.605903618041360389e-12,2.112258506625640442e-12,9.507051591449426416e-13,1.064636212274896640e-12,1.116724194112394278e-12,1.176947650985627710e-12,1.280600217509835271e-12,1.115917617024398646e-12,1.124635219553133213e-12,1.007899231171170998e-12,1.011172050530947761e-12,1.412712330311067487e-12,1.885460216160255275e-12,2.991657071417870250e-12,8.544923652754725497e-13,9.066402504272492927e-13,1.039446940597085209e-12,1.207662395197165905e-12,1.362213861948551963e-12,1.167519213052622693e-12,1.035297582130963365e-12,9.279814817367098582e-13,1.016226690402723898e-12,1.282429621037091185e-12,2.043247418498531567e-12,2.490856404655242526e-12,8.525957658471679709e-13,8.195503286917860986e-13,9.329460624437332673e-13,1.059067850107944465e-12,1.187237766181469925e-12,1.054517224200818974e-12,1.118100536995630821e-12,1.131257738126007374e-12,1.173211907639856589e-12,1.833714396607041225e-12,3.062528781582280412e-12,6.797073164706008343e-13,8.003807097530182825e-13,1.085430865208798244e-12,1.048793492795984301e-12,1.258086242302395554e-12,1.071211859763111891e-12,1.321030472510706119e-12,1.833687248645940136e-12,1.749532597868189564e-12,2.265814778844839637e-12,1.243340337326272709e-12,1.791099019238614084e-12,1.930733404960321160e-12,1.938288667118309958e-12,2.443903286326944797e-12,2.257998360897862362e-12,2.748316450415147042e-12,7.214588415179222404e-12,3.392911087170988660e-12,2.822407876521570738e-12
1.020298201126811618e-12,1.369368566553825813e-12,1.114230401096966718e-12,1.125113997418948219e-12,1.219217010310370545e-12,1.129445105851158794e-12,1.110276660060053960e-12,1.298024236414973477e-12,1.008425681769544253e-12,9.732574538145328703e-13,8.364014106582132574e-13,1.046697110503896781e-12,1.024374073678054649e-12,1.149474625595854579e-12,1.122990705486446104e-12,1.287920069214354748e-12,1.213670176651270322e-12,1.017953934021833530e-12,1.073865968469501805e-12,1.014317948407714168e-12,1.103219669518674375e-12,1.602075331686360701e-12,2.106485815252215539e-12,9.483665732862162370e-13,1.061158355976327167e-12,1.114017120459542296e-12,1.173807046824356428e-12,1.276493205528512692e-12,1.112858272432909168e-12,1.122015591564417347e-12,1.004271778285798416e-12,1.007715778831761167e-12,1.405409547304702564e-12,1.878263024509035031e-12,2.986702697073248120e-12,8.512719399734802339e-13,9.034220842178068992e-13,1.034604416790374374e-12,1.198901612895609016e-12,1.351337222781416970e-12,1.163109895606495831e-12,1.031443781160840449e-12,9.251329172500327488e-13,1.012201128639357115e-12,1.274145015371905380e-12,2.025478846515215015e-12,2.471014889436625687e-12,8.489131389950244069e-13,8.166666425817958773e-13,9.283767411150125910e-13,1.053743074105878008e-12,1.181692154389910938e-12,1.050404009387038991e-12,1.112894444834637001e-12,1.126291539825316702e-12,1.168401901910159595e-12,1.823567557932235027e-12,3.037454754545999725e-12,6.770689275719870979e-13,7.966560504415465290e-13,1.078362061824366550e-12,1.043404871881637904e-12,1.250469587111758848e-12,1.066253226970635499e-12,1.314115228383892214e-12,1.818016290824856349e-12,1.740279841054859411e-12,2.254543512809545497e-12,1.236526726229666494e-12,1.771702608961420806e-12,1.910285264300774640e-12,1.919745058128702005e-12,2.411022599716312841e-12,2.242361690795431332e-12,2.739541538247763939e-12,6.847827327561920109e-12,3.347997983384721443e-12,2.791082794046227650e-12
1.016408274780023596e-12,1.365621550067420145e-12,1.110947169958312974e-12,1.121420464389597726e-12,1.215475522608266862e-12,1.125484283844213706e-12,1.105443075295481538e-12,1.291776742176554157e-12,1.003177011959236798e-12,9.689700039818512356e-13,8.328753261979482760e-13,1.043426417711427364e-12,1.020663143434838746e-12,1.145670366039090748e-12,1.118949579291978827e-12,1.283019437613581832e-12,1.206984671174561131e-12,1.013293061074013899e-12,1.068911950332426088e-12,1.010282086541987532e-12,1.099015137756728424e-12,1.595304008518153845e-12,2.096834518249377657e-12,9.442842548266006119e-13,1.055715945468973957e-12,1.109261290540356057e-12,1.168503149515560866e-12,1.270024049330802998e-12,1.107746728875975013e-12,1.117334338639798062e-12,9.987812150892257733e-13,1.002392050019851633e-12,1.395484000144931408e-12,1.867577884413865468e-12,2.976329481473160652e-12,8.464709701723718800e-13,8.985283725868290831e-13,1.027833458795447043e-12,1.187905856593601219e-12,1.337948107138084094e-12,1.156540685034088393e-12,1.025675123940542124e-12,9.205739561027820923e-13,1.006294108700991382e-12,1.263481434683299165e-12,2.003959054034911633e-12,2.446585824808117919e-12,8.436501048653770065e-13,8.122685914314098424e-13,9.220758225389119580e-13,1.046452277595176127e-12,1.173943902477069462e-12,1.044338922769384852e-12,1.105614023471764908e-12,1.119227964707756266e-12,1.161418715996193744e-12,1.810016413338611644e-12,3.006747512903097537e-12,6.731741676438218596e-13,7.914467304516618147e-13,1.069280317442709751e-12,1.036069483699009921e-12,1.240517543059731961e-12,1.059307359378505872e-12,1.304747240297355690e-12,1.798974861949571420e-12,1.727779011668204029e-12,2.239069966022447714e-12,1.227411869926220928e-12,1.749080483928064411e-12,1.886350316113022036e-12,1.897668246406802676e-12,2.373889778218115040e-12,2.222543502271817161e-12,2.725718017563703538e-12,6.491622317606453182e-12,3.297165557682444413e-12,2.754755732646846760e-12
1.010495961102691489e-12,1.359182510102213538e-12,1.105469596496016382e-12,1.115507598367788260e-12,1.209328191804250697e-12,1.119289575174030568e-12,1.098402890049825330e-12,1.282945987028026421e-12,9.959200688967456985e-13,9.627480026280810119e-13,8.276878234996341543e-13,1.038089214864538212e-12,1.014924830154692551e-12,1.139593549848304470e-12,1.112684390909668140e-12,1.275565435679737947e-12,1.197880609066885914e-12,1.006607459250538133e-12,1.061821775531046548e-12,1.004233452480154882e-12,1.092623293257151742e-12,1.585352319327695418e-12,2.082998865925383653e-12,9.383184037196347892e-13,1.048159986447508234e-12,1.102292102573426480e-12,1.160865014159006471e-12,1.261012816605593137e-12,1.100421631508355610e-12,1.110424742598728307e-12,9.912894379954969270e-13,9.950607052506888845e-13,1.382761315826615085e-12,1.853149858169823348e-12,2.960075230827729062e-12,8.399736529194271323e-13,8.918345073383510000e-13,1.019001244792908055e-12,1.174547242556654543e-12,1.321910303116489533e-12,1.147653402575103524e-12,1.017850871701721765e-12,9.141731346342930746e-13,9.983696119138683143e-13,1.250294639448066654e-12,1.978495127546073753e-12,2.417319403511562747e-12,8.366952193528976635e-13,8.062433236930969470e-13,9.139260324213485898e-13,1.037063500721707033e-12,1.163841404717772942e-12,1.036180253784384297e-12,1.096116363422094639e-12,1.109919807229786822e-12,1.152106715878554332e-12,1.792840246804676424e-12,2.970105225170446688e-12,6.679315821364830268e-13,7.846504539191919923e-13,1.058064034564117847e-12,1.026657633606310848e-12,1.228084323371459317e-12,1.050237095448047827e-12,1.292764214424571652e-12,1.776387708922149167e-12,1.711815886264993414e-12,2.219110505780448090e-12,1.215845361058517081e-12,1.723092594856206409e-12,1.858774200368280121e-12,1.871888310863075654e-12,2.332358460665992645e-12,2.198298311576799257e-12,2.706458454533775801e-12,6.145506668619708178e-12,3.240205395062250906e-12,2.713209126597634535e-12
1.002397017981798764e-12,1.349816825151872241e-12,1.097609035731343715e-12,1.107188556862345920e-12,1.200570036520036164e-12,1.110675845713741408e-12,1.088983062611840858e-12,1.271335264847529495e-12,9.865058097836665099e-13,9.544402585147870612e-13,8.207074920576458310e-13,1.030510104916944804e-12,1.006992367540541470e-12,1.131053582964513532e-12,1.104012047601934570e-12,1.265350569327765241e-12,1.186182018473764745e-12,9.977406761919076208e-13,1.052430735359977340e-12,9.960103693674280512e-13,1.083866496880679599e-12,1.571968558521990887e-12,2.064654834639302135e-12,9.303208076524753168e-13,1.038332878797713948e-12,1.092935047449290794e-12,1.150711529806772513e-12,1.249269141035929632e-12,1.090712065222432224e-12,1.101109998475618354e-12,9.816504855957214213e-13,9.855735472509947230e-13,1.367057746307517795e-12,1.834709574089484699e-12,2.937447943003861675e-12,8.316576441442373550e-13,8.832087790095087439e-13,1.007967704713447676e-12,1.158691314521856542e-12,1.303080627016945925e-12,1.136280931279179537e-12,1.007822319977010930e-12,9.057913310811922296e-13,9.882839980065005725e-13,1.234432887264302470e-12,1.948884220227253580e-12,2.382952893905544199e-12,8.279308833442561081e-13,7.984715502756106990e-13,9.038037519409841439e-13,1.025437670391078057e-12,1.151224778627746732e-12,1.025778329539580469e-12,1.084250752330171803e-12,1.098211745678696826e-12,1.140301588889932026e-12,1.771806568240723454e-12,2.927210424955342998e-12,6.612445480774871755e-13,7.761593431467866379e-13,1.044585295702031947e-12,1.015032654232101868e-12,1.213016493752635639e-12,1.038897779402408573e-12,1.277995154067307287e-12,1.750070580614378510e-12,1.692164745070482012e-12,2.194366061488904803e-12,1.201668816134972288e-12,1.693591407556108958e-12,1.827394360273361911e-12,1.842226497880988964e-12,2.286273429275834789e-12,2.169367875025883382e-12,2.681352474949571361e-12,5.808967196168294662e-12,3.176896582487508008e-12,2.666214013227601173e-12
9.919358885001837019e-13,1.337272971164808308e-12,1.087163384994430263e-12,1.096263286657291874e-12,1.188981571342668328e-12,1.099445047992435173e-12,1.076998808750999437e-12,1.256734662758657826e-12,9.747752878803545673e-13,9.438853349479826814e-13,8.117939794443388312e-13,1.020501309912094261e-12,9.966874015802934017e-13,1.119846511364444118e-12,1.092736748411739905e-12,1.252153023217839573e-12,1.171701296509534386e-12,9.865257130268108412e-13,1.040563024736085653e-12,9.854400761245455122e-13,1.072554859059549329e-12,1.554883840867729477e-12,2.041456407226586690e-12,9.201331872523658943e-13,1.026066533617973439e-12,1.081003748760997020e-12,1.137849349248761345e-12,1.234589957937922693e-12,1.078435590875809579e-12,1.089201242089079445e-12,9.697087500863555560e-13,9.737725494417751215e-13,1.348177610393920463e-12,1.811969866268267248e-12,2.907920435247737283e-12,8.213925386744186012e-13,8.725107693764371707e-13,9.945836517756232328e-13,1.140194803386973166e-12,1.281306378226718325e-12,1.122245138658439800e-12,9.954309584909933101e-13,8.952801284492137756e-13,9.758841939984703091e-13,1.215734574124791946e-12,1.914909712879974585e-12,2.343205970672948915e-12,8.172318178114102982e-13,7.888260925561456801e-13,8.915773364525948697e-13,1.011426687693831651e-12,1.135923729495455615e-12,1.012973636640187308e-12,1.069856664672396149e-12,1.083938314799605077e-12,1.125828248160900485e-12,1.746667777676530478e-12,2.877724266191217568e-12,6.530100638645195387e-13,7.658585007357622840e-13,1.028707865809823012e-12,1.001049008358583641e-12,1.195150669789659799e-12,1.025135336178128572e-12,1.260257965633784009e-12,1.719826780310088476e-12,1.668585196887451750e-12,2.164518045593477444e-12,1.184713598745034296e-12,1.660418507588105654e-12,1.792036376268343774e-12,1.808491568283271415e-12,2.235465962385244500e-12,2.135477027278967410e-12,2.649961856748295348e-12,5.481439066091136755e-12,3.106999254516788190e-12,2.613524328146681512e-12
9.789230652841810754e-13,1.321279080456908150e-12,1.073914310537379782e-12,1.082515713091851429e-12,1.174325635048595942e-12,1.085383383443731552e-12,1.062250726484026902e-12,1.238917673412495008e-12,9.605570244450942848e-13,9.309090177902428508e-13,8.007958359287583106e-13,1.007859947808532470e-12,9.838174243863114221e-13,1.105752061863713718e-12,1.078647091809951060e-12,1.235733320412157770e-12,1.154236051921512976e-12,9.727823997727850301e-13,1.026028967738066327e-12,9.723361135886763677e-13,1.058483381381887529e-12,1.533807978772808282e-12,2.013030173179598480e-12,9.075848007378984210e-13,1.011179626987233491e-12,1.066297086875138905e-12,1.122069851846121117e-12,1.216756185149760541e-12,1.063395362712749239e-12,1.074494647001726408e-12,9.552963747979535687e-13,9.594872477426713762e-13,1.325909601905204678e-12,1.784620849564711762e-12,2.870922523878466573e-12,8.090376447963620753e-13,8.595890172743223228e-13,9.786880874438456745e-13,1.118902462924280057e-12,1.256421758643140561e-12,1.105353853201784851e-12,9.805057973268178508e-13,8.824794290177327223e-13,9.610050678918255019e-13,1.194024876643887962e-12,1.876335795672897510e-12,2.297774230816428548e-12,8.044628552905010040e-13,7.771697760551996135e-13,8.771046983157054346e-13,9.948706759846835627e-13,1.117754461778127304e-12,9.975940932924703015e-13,1.052760857920404348e-12,1.066920970235510575e-12,1.108497791128838830e-12,1.717156336116681216e-12,2.821278504500063888e-12,6.431170481040100522e-13,7.536239210641143163e-13,1.010284330253941144e-12,9.845495364065827607e-13,1.174310225662471706e-12,1.008783492523428342e-12,1.239356010485939409e-12,1.685442324157362525e-12,1.640817588704965561e-12,2.129222407280314103e-12,1.164797370155410093e-12,1.623399937936885552e-12,1.752508871841845755e-12,1.770474741236016708e-12,2.179747503235205609e-12,2.096327691919137795e-12,2.611813463742975322e-12,5.162298551567373466e-12,3.030245823113049512e-12,2.554867316426729827e-12
9.631512004626773734e-13,1.301537980451506128e-12,1.057623255434922712e-12,1.065709863146271034e-12,1.156342726528546020e-12,1.068257108035214372e-12,1.044520658691006606e-12,1.217636314509451466e-12,9.436631843644449253e-13,9.153206721875626603e-13,7.875474159798926270e-13,9.923640680485905743e-13,9.681720084598110378e-13,1.088529364424025379e-12,1.061511899770306599e-12,1.215829492985181849e-12,1.133564584039055406e-12,9.563136232122200188e-13,1.008621030410600891e-12,9.564945597182185652e-13,1.041427832885115237e-12,1.508423338384548149e-12,1.978967299212121023e-12,8.924888940981003960e-13,9.934736632920378568e-13,1.048595058194542857e-12,1.103144773440323503e-12,1.195527955262282217e-12,1.045375984963722717e-12,1.056767243322953442e-12,9.382295320332423615e-13,9.425310061202247312e-13,1.300021543357719521e-12,1.752322814090327386e-12,2.825828894940896385e-12,7.944387777808896310e-13,8.442776795383865953e-13,9.601043692103322875e-13,1.094642639561080214e-12,1.228242877802991644e-12,1.085396539757578062e-12,9.628595440427812826e-13,8.672140330496138197e-13,9.434656791531544486e-13,1.169111024660701498e-12,1.832899873719895516e-12,2.246319930449736912e-12,7.894757980596596405e-13,7.633524175237588201e-13,8.602298763606428287e-13,9.755940768371517986e-13,1.096515284831281046e-12,9.794511533083420696e-13,1.032773242200538348e-12,1.046963906003994393e-12,1.088103156837079103e-12,1.682977876235363699e-12,2.757463956868717272e-12,6.314439619259445801e-13,7.393194993697532373e-13,9.891520368781056283e-13,9.653615129786951386e-13,1.150300649844006608e-12,9.896598244070031305e-13,1.215073210689664165e-12,1.646679178200958280e-12,1.608576460222316153e-12,2.088100988485851184e-12,1.141718675904819014e-12,1.582339678955219145e-12,1.708596432931886356e-12,1.727942560378227880e-12,2.118900943269000661e-12,2.051590356689749640e-12,2.566388338443305969e-12,4.850851493611391842e-12,2.946328802918035254e-12,2.489923673865164400e-12
9.443909564384527103e-13,1.277720662271555889e-12,1.038025817628816436e-12,1.045583795570863678e-12,1.134746385902335100e-12,1.047807278368241284e-12,1.023567247592228574e-12,1.192616137101007748e-12,9.238854915081047027e-13,8.969093619126990364e-13,7.718653487289789927e-13,9.737686246347135414e-13,9.495178834636419134e-13,1.067912321510795636e-12,1.041075668492794859e-12,1.192152118222100175e-12,1.109441015776341182e-12,9.369010763991638801e-13,9.881094098969466040e-13,9.376898518914467491e-13,1.021140400128923104e-12,1.478378627115619047e-12,1.938815661546680334e-12,8.746383355155147958e-13,9.727285814016477175e-13,1.027654243014805461e-12,1.080821486644610311e-12,1.170639592203591818e-12,1.024139029925822540e-12,1.035772429993057991e-12,9.183042277259876939e-13,9.226968038727443829e-13,1.270254876151453337e-12,1.714699868390949168e-12,2.771951362045763638e-12,7.774248002613980375e-13,8.263926599143497253e-13,9.386358765931698211e-13,1.067222391405698593e-12,1.196562402898814950e-12,1.062139569562598433e-12,9.422842963166188120e-13,8.492897000069172752e-13,9.230650314925628216e-13,1.140777169029276949e-12,1.784305497803925871e-12,2.188462860147351505e-12,7.721058127885564180e-13,7.472072633618160126e-13,8.407790669931358757e-13,9.534012578765538150e-13,1.071981822358772203e-12,9.583354469977442637e-13,1.009682297306899360e-12,1.023849433144835513e-12,1.064414361880243811e-12,1.643804769888227634e-12,2.685820440725614033e-12,6.178551988382082805e-13,7.227937190785513722e-13,9.651288231856432193e-13,9.432924909136628463e-13,1.122904508936275873e-12,9.675613210616553006e-13,1.187168807345097463e-12,1.603268606904560072e-12,1.571544290545523149e-12,2.040733815611202493e-12,1.115254674507530259e-12,1.537012653024903823e-12,1.660052614531891499e-12,1.680629273674730506e-12,2.052672487052216397e-12,2.000896611090269110e-12,2.513114061756943317e-12,4.546326739004876815e-12,2.854890447924105458e-12,2.418347233321632149e-12
9.223824214467387875e-13,1.249456040722584538e-12,1.014823429500973925e-12,1.021841618275098507e-12,1.109212792592876583e-12,1.023740937871596324e-12,9.991166256231444363e-13,1.163545566380230025e-12,9.009868496586563068e-13,8.754356621869631038e-13,7.535416578512023348e-13,9.517963995330278528e-13,9.275910686223889119e-13,1.043600151796987884e-12,1.017049286662888359e-12,1.164373764889967094e-12,1.081585447946698853e-12,9.142968878283560411e-13,9.642331390753465093e-13,9.156663354298558959e-13,9.973403286782379795e-13,1.443275601079329507e-12,1.892061623645585094e-12,8.537981887796351001e-13,9.486940479762068927e-13,1.003198592146541687e-12,1.054813384822430052e-12,1.141789290614347646e-12,9.994137528742674656e-13,1.011230594090012089e-12,8.952881259586809669e-13,8.997490178361032702e-13,1.236313692359657541e-12,1.671323353469863238e-12,2.708509981347299065e-12,7.578005993068834384e-13,8.057243396257628973e-13,9.140577131320864876e-13,1.036418111904964982e-12,1.161139119957981906e-12,1.035316744861731565e-12,9.185431580750171544e-13,8.284856388701638405e-13,8.995738877961466085e-13,1.108774359026590680e-12,1.730206356930585742e-12,2.123760350823674011e-12,7.521646288788782374e-13,7.285444720169873900e-13,8.185532739329978499e-13,9.280680825377485633e-13,1.043897424806795724e-12,9.340082358511682914e-13,9.832460743085610506e-13,9.973288261952387061e-13,1.037169024147022050e-12,1.599260955417840289e-12,2.605810821933136449e-12,6.021963485218536021e-13,7.038732205672075098e-13,9.380043532740118924e-13,9.181217679838741830e-13,1.091871509724067830e-12,9.422558018495133109e-13,1.155367004192222469e-12,1.554897421714137599e-12,1.529357142766621218e-12,1.986639388487070580e-12,1.085148331018278076e-12,1.487152010231212944e-12,1.606586049519517990e-12,1.628222962056540514e-12,1.980754194310915105e-12,1.943819985153403798e-12,2.451338844420257294e-12,4.247850206965757039e-12,2.755496162101844537e-12,2.339712050520938302e-12
8.968244876132195133e-13,1.216315237801781467e-12,9.876713267296414550e-13,9.941412303324682290e-13,1.079367539943942143e-12,9.957192328941106101e-13,9.708511573686859561e-13,1.130061819040615623e-12,8.746909146101126036e-13,8.506214346096559376e-13,7.323349276417466751e-13,9.261271503526493332e-13,9.020860145604406331e-13,1.015244780553043543e-12,9.890980532381689334e-13,1.132114450710158238e-12,1.049671285460891794e-12,8.882131970768718901e-13,9.366892460495458338e-13,8.901278093781205190e-13,9.697026394648133634e-13,1.402651433403274024e-12,1.838107619498143029e-12,8.296957263857310342e-13,9.210787367910945297e-13,9.749079146282274107e-13,1.024787442411803176e-12,1.108625172972886002e-12,9.708858533302842209e-13,9.828175594061412006e-13,8.689102309965161078e-13,8.734130817264446963e-13,1.197849450441330620e-12,1.621691881528308113e-12,2.634601724774600844e-12,7.353383143288129400e-13,7.820281663981373066e-13,8.861062411398964028e-13,1.001964114078539151e-12,1.121685063515297778e-12,1.004617523057907957e-12,8.913597515543573989e-13,8.045448104141260277e-13,8.727244297223071418e-13,1.072808106663642477e-12,1.670185573094460662e-12,2.051682685916035899e-12,7.294317997703494203e-13,7.071426004074785809e-13,7.933188169774113413e-13,8.993313174032111433e-13,1.011961530599779025e-12,9.061907844770880901e-13,9.531811768109431783e-13,9.671111981463502373e-13,1.006060611510023343e-12,1.548902506064713993e-12,2.516791456935989258e-12,5.842870326810651012e-13,6.823546874732253746e-13,9.075294318795169055e-13,8.895898390854717376e-13,1.056906330032842391e-12,9.134712245156563119e-13,1.119343245046498990e-12,1.501188706086937022e-12,1.481585889409934992e-12,1.925251432986908356e-12,1.051097095560704796e-12,1.432432212623387086e-12,1.547841135967656242e-12,1.570346033843067432e-12,1.902761170659663504e-12,1.879853241577564780e-12,2.380303207638330871e-12,3.954417140443358218e-12,2.647604499904559513e-12,2.253496881048288350e-12
8.673587697023707914e-13,1.177790002107158573e-12,9.561603489487221414e-13,9.620759984707486201e-13,1.044766101312643918e-12,9.633390458805913444e-13,9.383911179294667638e-13,1.091730762124611736e-12,8.446668242872502725e-13,8.221350674452067451e-13,7.079572194395587960e-13,8.963805413063682923e-13,8.726393049085166194e-13,9.824323552951026123e-13,9.568233812164188999e-13,1.094921677823753587e-12,1.013306089127922964e-12,8.583058825170904996e-13,9.051151576057247047e-13,8.607211420572649915e-13,9.378398372862766816e-13,1.355954153847101985e-12,1.776239844350839504e-12,8.020056493279408401e-13,8.895333266485750484e-13,9.423996347203127608e-13,9.903454332626517043e-13,1.070725602212198933e-12,9.381791589152390068e-13,9.501461624449090357e-13,8.388455399551141178e-13,8.433599191530420436e-13,1.154440286975134757e-12,1.565203252761144327e-12,2.549154049141375026e-12,7.097643436505919949e-13,7.550109860953279638e-13,8.544635185782927619e-13,9.635347434411903613e-13,1.077845317289164929e-12,9.696683413153872327e-13,8.604022076342214354e-13,7.771599502720841229e-13,8.421948470808013045e-13,1.032518835004178656e-12,1.603728206360217422e-12,1.971578622165306951e-12,7.036418433739491459e-13,6.827360541398310788e-13,7.647935472009650439e-13,8.668728675422926383e-13,9.758107975489391586e-13,8.745480426525934825e-13,9.191453355669595977e-13,9.328455787866994358e-13,9.707197489117804770e-13,1.492191357849232648e-12,2.417969976189535835e-12,5.639105070727573942e-13,6.579928687767387207e-13,8.734004702123353276e-13,8.573830352135236121e-13,1.017649195379356328e-12,8.808793594205723935e-13,1.078704305486937295e-12,1.441677291205990097e-12,1.427711081095745558e-12,1.855885733443216323e-12,1.012734370961753493e-12,1.372445056577913345e-12,1.483372981697058278e-12,1.506529420441154517e-12,1.818201792224879377e-12,1.808376628310687494e-12,2.299098136636605500e-12,3.664851373274252508e-12,2.530525187045856610e-12,2.159049631461701048e-12
8.335450518012130343e-13,1.133259482754187012e-12,9.197901938739748781e-13,9.251478942935628238e-13,1.004864650527002988e-12,9.261061756219257119e-13,9.012691214599123006e-13,1.048016854837012556e-12,8.105053953790679093e-13,7.895677705613082061e-13,6.800546382800740969e-13,8.620910529286598334e-13,8.388050311360561702e-13,9.446559903643005231e-13,9.197364322795842329e-13,1.052239940784633977e-12,9.720040498281364798e-13,8.241506308563590021e-13,8.690639393189562181e-13,8.270122012237743210e-13,9.012762112950202001e-13,1.302504792022265971e-12,1.705578831000228634e-12,7.703276469409579250e-13,8.536259969762299435e-13,9.052030394431283984e-13,9.509968007010235102e-13,1.027569765047154968e-12,9.008301065150319906e-13,9.127402813701431040e-13,8.046913607822300659e-13,8.091822140575932671e-13,1.105559740053638460e-12,1.501111317458344555e-12,2.450853656316036410e-12,6.807397954847555343e-13,7.243099393068037202e-13,8.187334202432575423e-13,9.207186426737337806e-13,1.029170005193784011e-12,9.300064174407097539e-13,8.252591618200720573e-13,7.459513747853955563e-13,8.075856709037480120e-13,9.874546418099075014e-13,1.530179004252975047e-12,1.882623007592968345e-12,6.744650443128877426e-13,6.549963929829827156e-13,7.326258924552346767e-13,8.302956317638014488e-13,9.349929922812387869e-13,8.386643342141046476e-13,8.807123683107482577e-13,8.940956557343265121e-13,9.306880721173539667e-13,1.428454803405542953e-12,2.308341196692701006e-12,5.407981024857657818e-13,6.304825530081305624e-13,8.352359338651103598e-13,8.211099634350088364e-13,9.736489653899140026e-13,8.440714179549229902e-13,1.032959297831992808e-12,1.375771689420448495e-12,1.367084077418949344e-12,1.777689457562474473e-12,9.696017765995973077e-13,1.306664485745691056e-12,1.412609120235405215e-12,1.436173178909218965e-12,1.726432095023728636e-12,1.728609418021275398e-12,2.206601303150870552e-12,3.377742465962724166e-12,2.403355442717161976e-12,2.055531450912465292e-12
7.948234397085375056e-13,1.081938092536312423e-12,8.779271683494784382e-13,8.827250920293657863e-13,9.589739776045289885e-13,8.833929733672028605e-13,8.588891959425782537e-13,9.982357563588483347e-13,7.716827027047317097e-13,7.523981720195483578e-13,6.481758416887584005e-13,8.226685796757322707e-13,8.000165670280150396e-13,9.012725048670783035e-13,8.772160854869933102e-13,1.003362742854937310e-12,9.251422807250833589e-13,7.852058068363081283e-13,8.279649935125970367e-13,7.884484015812080688e-13,8.594067359432279171e-13,1.241438140681065767e-12,1.625002150782380858e-12,7.341512140117924764e-13,8.128040877766695661e-13,8.627181512959766679e-13,9.061155346905428750e-13,9.784913058077620528e-13,8.582469262078510543e-13,8.699933248542299275e-13,7.659314386676286148e-13,7.703582505296146663e-13,1.050527724335113867e-12,1.428458647472564767e-12,2.338034372901658049e-12,6.478302925968468599e-13,6.894597356065399797e-13,7.784054519536502673e-13,8.729789064117386058e-13,9.750698297700720091e-13,8.850379937111797497e-13,7.854029369623430477e-13,7.104335092790518345e-13,7.683838593636685847e-13,9.370280226946716321e-13,1.448676814492350556e-12,1.783735410148986302e-12,6.414773127738596620e-13,6.235026324556391922e-13,6.963619608481861472e-13,7.890869366312193034e-13,8.889253400279738768e-13,7.980060065362380823e-13,8.373331078900451070e-13,8.502999526691851072e-13,8.853765578294628489e-13,1.356822342671792092e-12,2.186587577205437683e-12,5.146049465296064302e-13,5.994305047888012917e-13,7.925394542569382657e-13,7.802649531686403215e-13,9.243203007759192596e-13,8.025206930701499219e-13,9.814738822615581575e-13,1.302694986466132506e-12,1.298866502879945319e-12,1.689562165666248626e-12,9.211059611686140217e-13,1.234391640012348752e-12,1.334790060786733505e-12,1.358485329413156725e-12,1.626585196528560354e-12,1.639534536753165945e-12,2.101377240183197908e-12,3.091346684833867493e-12,2.264881436828673019e-12,1.941830172993430396e-12
7.504521879471706370e-13,1.022790027814343842e-12,8.297349271226681912e-13,8.339724919658024737e-13,9.061840355215079612e-13,8.343689616038726060e-13,8.104598681058208669e-13,9.414768535146806708e-13,7.275004925350392592e-13,7.099337334253738569e-13,6.117216895031623548e-13,7.773336844023899444e-13,7.555237987932599784e-13,8.514316033617280998e-13,8.284401724438056695e-13,9.473540775335176253e-13,8.718894323906910600e-13,7.407513967928943954e-13,7.810596880343256847e-13,7.442970761377694609e-13,8.114298135549180155e-13,1.171605880052029557e-12,1.533017972425589273e-12,6.927984750751316322e-13,7.663311818324152263e-13,8.141484658471169192e-13,8.548696740784656513e-13,9.226025444906022886e-13,8.096429062426470923e-13,8.211003503747261512e-13,7.218768592460063273e-13,7.261923814693895837e-13,9.884305353005238908e-13,1.345966508846704899e-12,2.208493173416050736e-12,6.104553230573876705e-13,6.498395689044359322e-13,7.327952456466873282e-13,8.195878192950004445e-13,9.147436524188084727e-13,8.339701212481240196e-13,7.401290041856169266e-13,6.699598473206428656e-13,7.239037028167049715e-13,8.804453232196800055e-13,1.358047759886496374e-12,1.673447520826503525e-12,6.041106114377149955e-13,5.876929827514109631e-13,6.553926036505002958e-13,7.425584010439979633e-13,8.368265384034954963e-13,7.518599932077986440e-13,7.882713564011793819e-13,8.007066317472183492e-13,8.339974750046787778e-13,1.276122741522536490e-12,2.050917035103000439e-12,4.848703088673162933e-13,5.643098154310243695e-13,7.446404650001293798e-13,7.341688436982808451e-13,8.688738209236970565e-13,7.555211787629830093e-13,9.233955733369353582e-13,1.221388590217429576e-12,1.221931460102290838e-12,1.590026932551421965e-12,8.664483741048242522e-13,1.154665483282226440e-12,1.248872563333304065e-12,1.272382310804434032e-12,1.517456570904074157e-12,1.539775723373485928e-12,1.981513988930834632e-12,2.803423721595451335e-12,2.113418076925575689e-12,1.816421515007788781e-12
6.993999285511089735e-13,9.543808787546022029e-13,7.740543047163952096e-13,7.777312113249346587e-13,8.452330543625006369e-13,7.778804734756626259e-13,7.548781718027076914e-13,8.764690062560946331e-13,6.769828316190122464e-13,6.612091746689776014e-13,5.698576339854129815e-13,7.250052910115606906e-13,7.042842145843763094e-13,7.939530567711167297e-13,7.722662338406928689e-13,8.829122888535914366e-13,8.110820312432443967e-13,6.897831842579683177e-13,7.272898027751777371e-13,6.935386466883940494e-13,7.562306568047878507e-13,1.091408720068766981e-12,1.427545909360941638e-12,6.453248861970874557e-13,7.131780883672937257e-13,7.583843666895049518e-13,7.960991265322576843e-13,8.586631795247091655e-13,7.539207347554431055e-13,7.649403871910835756e-13,6.715636249419839535e-13,6.757118439459773934e-13,9.179823663679028479e-13,1.251844296706015444e-12,2.059170992190235812e-12,5.678020556290226697e-13,6.045808846782703834e-13,6.809414652619768262e-13,7.595139277366968712e-13,8.470532047381365323e-13,7.756925068516284246e-13,6.884510709018028975e-13,6.236275164403152550e-13,6.731844137467327260e-13,8.165846486297442137e-13,1.256620266243322762e-12,1.549673712346975547e-12,5.615679296103125637e-13,5.467815330176967770e-13,6.088613834122954408e-13,6.897417730395981668e-13,7.775990347751508292e-13,6.992273909721973981e-13,7.324929767643075263e-13,7.442605994301236956e-13,7.754465310693831236e-13,1.184705781045141831e-12,1.898782386772383053e-12,4.509489192898494444e-13,5.243803300806948027e-13,6.905909482672181066e-13,6.818660910023485132e-13,8.061952198784902429e-13,7.020812469064730370e-13,8.575244303057423303e-13,1.130345742680144156e-12,1.134692523405015367e-12,1.477007305435525419e-12,8.045044266483881822e-13,1.066108320060223623e-12,1.153362362900296443e-12,1.176316858630467458e-12,1.397305730570626213e-12,1.427384992854760131e-12,1.844340495290432724e-12,2.510951332698723721e-12,1.946532121467148158e-12,1.677129649483170388e-12
6.401436678191710254e-13,8.745994954031392756e-13,7.091780363823441832e-13,7.122927584292583793e-13,7.742620857851749903e-13,7.122251342748604607e-13,6.905122912060374941e-13,8.013289837391005610e-13,6.186823446501743389e-13,6.047961045637906873e-13,5.213494557643927607e-13,6.640901495198587486e-13,6.447588685303671132e-13,7.270965111668166973e-13,7.070080458945862155e-13,8.081149378160761928e-13,7.409927976361957477e-13,6.308144518772334484e-13,6.650884987971641665e-13,6.346664205172531159e-13,6.921627288624230452e-13,9.984820206882127725e-13,1.305506534085315409e-12,5.903333023559427177e-13,6.518185869333917169e-13,6.937846565341696198e-13,7.280867299360970171e-13,7.848342832952022941e-13,6.894557759900250881e-13,6.998559171868411681e-13,6.135607438304674353e-13,6.174734244101537331e-13,8.372658947934366220e-13,1.143432573260126130e-12,1.885555059935935862e-12,5.186632395086332143e-13,5.523945523604132258e-13,6.214126508020354020e-13,6.912104908152034980e-13,7.702883880833382497e-13,7.085561470618659358e-13,6.289045225260535050e-13,5.700984208542794825e-13,6.147982415785654291e-13,7.437671586846473457e-13,1.141878812854484554e-12,1.409281293255007900e-12,5.126635743402689379e-13,4.996019029087591145e-13,5.554921444212287079e-13,6.291937776734213108e-13,7.096084839019733296e-13,6.386240684209982870e-13,6.684581185717503385e-13,6.793920061236462863e-13,7.080820747199560793e-13,1.080108387287716099e-12,1.726356004182270454e-12,4.118822739827069471e-13,4.785396159562670328e-13,6.289720137724051704e-13,6.219319391220634817e-13,7.346188183648548100e-13,6.407244574453431005e-13,7.820708280200866919e-13,1.027299668524469575e-12,1.034783430120499738e-12,1.347409635055272550e-12,7.335939415197271597e-13,9.666365327032232783e-13,1.046000666137365351e-12,1.067955792129704662e-12,1.263484670069751575e-12,1.299444438509303429e-12,1.685897664065945977e-12,2.209586693127248906e-12,1.760523650537046146e-12,1.520664922329111472e-12
5.702474308425778540e-13,7.800782273998369811e-13,6.323810864385128040e-13,6.349282922841434886e-13,6.903032617790117906e-13,6.346820531884923234e-13,6.147484780170511234e-13,7.130370648250640243e-13,5.502760250524751601e-13,5.384061782527719801e-13,4.642208154393239850e-13,5.920439818253800948e-13,5.744871959132203867e-13,6.480816830119914000e-13,6.299698070077358919e-13,7.198870175381333191e-13,6.588476404427031213e-13,5.614625955322103045e-13,5.919445684437052903e-13,5.652692663251513924e-13,6.165921727903178001e-13,8.890405480134869149e-13,1.161965992289548869e-12,5.255865527795437636e-13,5.798035977496447143e-13,6.177211516163413856e-13,6.480810159946385428e-13,6.981654748839780800e-13,6.136442957674576209e-13,6.231932081718999566e-13,5.455701230742671280e-13,5.491603921259198050e-13,7.431913602480675926e-13,1.016458968404173783e-12,1.680434699931663720e-12,4.610991264269427225e-13,4.912105243935956138e-13,5.519044544696250471e-13,6.121741872699163599e-13,6.816776430070492670e-13,6.299118147720978537e-13,5.591366187635921824e-13,5.072263318036194562e-13,5.464503970084562678e-13,6.592800613946750896e-13,1.009741419084831552e-12,1.247194267044214536e-12,4.554901487762381811e-13,4.442812508799344962e-13,4.932294324917057222e-13,5.585891720071053203e-13,6.302239000903617515e-13,5.676649514328986172e-13,5.936879807969028465e-13,6.035752570117424946e-13,6.292647464607776966e-13,9.583584888228850566e-13,1.527434315889211153e-12,3.661300269904734152e-13,4.250127687158309444e-13,5.574903990105705246e-13,5.520702653723037355e-13,6.514553017248547907e-13,5.690742177688280129e-13,6.941503512939298201e-13,9.085729829949212850e-13,9.183902162050528423e-13,1.196252386863623501e-12,6.510090424381134832e-13,8.528567972085984794e-13,9.231095047299578908e-13,9.435077265762833168e-13,1.111661775584374371e-12,1.151235530492135644e-12,1.499836068194970444e-12,1.892536478867157329e-12,1.549343832254641076e-12,1.341680125048879655e-12
4.853383241494380776e-13,6.647853576867169831e-13,5.387800486487785388e-13,5.407448160047516613e-13,5.880369929540293682e-13,5.403710794086988512e-13,5.228902384616848474e-13,6.061628914920111631e-13,4.675828171869131111e-13,4.579268731727681869e-13,3.949211885385421989e-13,5.043056354804282400e-13,4.890545952046337078e-13,5.519230125323089731e-13,5.363146543683367983e-13,6.127092644759613124e-13,5.596517220675875059e-13,4.774446181341766292e-13,5.033436031432501911e-13,4.810177495399864213e-13,5.247911709283513621e-13,7.562869501987007161e-13,9.880592687818310191e-13,4.470660859800820753e-13,4.927262720237725836e-13,5.254722318020061956e-13,5.511366564411868655e-13,5.933487291725071803e-13,5.218057332504704102e-13,5.301855729777809500e-13,4.634540463776463707e-13,4.666028382856956400e-13,6.301812925254925772e-13,8.632301025789789129e-13,1.430882546220284540e-12,3.916156137484269773e-13,4.173019316530291658e-13,4.682603176566031902e-13,5.178712641467069927e-13,5.761962709587010537e-13,5.349882790449020268e-13,4.749103622710808453e-13,4.311506081271696560e-13,4.640064869130981401e-13,5.582161885407764169e-13,8.528013712739533665e-13,1.054213739070659620e-12,3.866088554400795648e-13,3.774478530894692452e-13,4.183640633341653703e-13,4.737311437176178740e-13,5.346996024343625584e-13,4.820534746687383353e-13,5.037114292542392628e-13,5.122568839974679821e-13,5.342384059993869354e-13,8.122824769822818562e-13,1.290774100224638208e-12,3.109164276808196721e-13,3.605976561860445179e-13,4.719967680557728795e-13,4.681355456400771195e-13,5.518429838788297707e-13,4.828439020224935745e-13,5.885555314819685387e-13,7.674942848618504616e-13,7.786274517591712564e-13,1.014549743228463035e-12,5.518585319131684216e-13,7.185954219361403505e-13,7.779978955553846067e-13,7.960866798823271314e-13,9.339299194775319993e-13,9.742192373924445352e-13,1.274738220393557249e-12,1.547797161817826316e-12,1.301959155048218404e-12,1.130449872982993407e-12
3.759365300332410766e-13,5.156734216328590509e-13,4.178058520351698965e-13,4.191444111214763389e-13,4.559470861401177244e-13,4.187229362012684149e-13,4.047498041973876165e-13,4.689198179753741154e-13,3.615196740699114071e-13,3.544354873519000085e-13,3.057491204363002528e-13,3.909991382486212310e-13,3.788978369315915075e-13,4.278237427344892128e-13,4.155628254273586563e-13,4.746205266971647434e-13,4.325524110681858914e-13,3.694662453071667887e-13,3.894888927857026464e-13,3.725252980821445327e-13,4.065124649646761777e-13,5.854837655444687350e-13,7.645655040601850073e-13,3.460551547752392269e-13,3.810160111462147691e-13,4.067970710626673091e-13,4.265239102498457029e-13,4.588586297684574673e-13,4.037832545761679042e-13,4.104959267203704683e-13,3.582217307326066574e-13,3.607424523301481323e-13,4.860927124898451791e-13,6.670325067400474312e-13,1.108922527702554893e-12,3.026171409843082369e-13,3.225709566041175696e-13,3.614352630757276163e-13,3.984041392117468439e-13,4.428663415956600154e-13,4.134164481568102026e-13,3.670177789290199744e-13,3.334887517448402752e-13,3.584783684195623183e-13,4.298734919214957104e-13,6.548689878890598741e-13,8.102580472919337701e-13,2.985392294668019802e-13,2.917755506042736640e-13,3.228215745157662602e-13,3.654826410740580816e-13,4.127091956474419649e-13,3.724498899192823894e-13,3.887993426140313543e-13,3.955322963775072506e-13,4.126620557613698680e-13,6.262585758724798427e-13,9.918327565287501742e-13,2.402061527158100927e-13,2.783243404612262672e-13,3.634391652129781636e-13,3.610997569004335695e-13,4.251842274779681864e-13,3.727060141547461938e-13,4.539474087684309593e-13,5.894821864496826502e-13,6.005050877796349335e-13,7.827534171133999606e-13,4.254894702889932927e-13,5.503241274597374495e-13,5.960089385335332912e-13,6.106271938124291039e-13,7.129238971694020652e-13,7.497721084132071033e-13,9.858309625199991523e-13,1.149576811248860054e-12,9.941588335604473318e-13,8.656153042703245714e-13
2.118596943942382836e-13,2.913167180535534443e-13,2.358743649664780807e-13,2.364218022400694652e-13,2.574311497108934108e-13,2.361108140274850832e-13,2.278727000239481116e-13,2.637426862224795039e-13,2.031018955506412255e-13,1.994979307267686054e-13,1.721661941424346839e-13,2.207238656024839686e-13,2.135802486002316062e-13,2.414531251622131601e-13,2.343733976183401039e-13,2.675629527149681367e-13,2.429195308547537475e-13,2.079055372464771378e-13,2.191575248616777030e-13,2.099044965002940640e-13,2.291408391742370361e-13,3.297257666257345846e-13,4.303338101079895833e-13,1.947691687007214742e-13,2.141451152893126580e-13,2.290775752874423174e-13,2.400564892532445290e-13,2.579469923194066885e-13,2.272085664226837055e-13,2.312046838520155044e-13,2.011773941983986027e-13,2.026764383786896340e-13,2.720998255914881811e-13,3.745780559029731903e-13,6.257972992763874848e-13,1.698455242715915077e-13,1.811709981112399990e-13,2.025155872315250691e-13,2.220270989118478989e-13,2.464513120775954293e-13,2.320996773996703489e-13,2.060656080131979156e-13,1.875066067691969312e-13,2.011632194748844254e-13,2.399652117846320519e-13,3.639841734231702126e-13,4.509767259654133684e-13,1.673735543760200562e-13,1.638791735512450910e-13,1.807782825673687125e-13,2.046204504876939032e-13,2.312482498504972509e-13,2.090326076086098844e-13,2.178541721142704849e-13,2.217561847807292377e-13,2.315126327707725602e-13,3.503448425744653474e-13,5.520089775856579482e-13,1.347169494573027862e-13,1.559000401680466235e-13,2.028029801148745539e-13,2.020782077268888348e-13,2.375441885304960026e-13,2.088461957989416119e-13,2.540626234103665975e-13,3.277330257087318096e-13,3.361114513397077559e-13,4.384619310988838722e-13,2.378048117532122228e-13,3.044898832822973209e-13,3.299864491621539486e-13,3.387083107707346148e-13,3.926459998303638167e-13,4.182800228654298596e-13,5.542819410461178785e-13,6.160265659076030332e-13,5.479837255095876689e-13,4.783516819008063972e-13
