5.713628786270885207e-06,2.381835234224515785e-13,9.344426091174664698e-06,3.982249996074512541e-16,1.350811758001578163e-06,3.758080248755267931e-06,8.963865175746160049e-06,2.081985481179062511e-13,7.103935162154234684e-06,2.542926277138588316e-06,3.581564032689586158e-06,1.156720916890892771e-04,0.000000000000000000e+00,2.187070290275773813e-06,8.018458350724340516e-06,7.549701610181350697e-13,1.251599787006848810e-12,9.171070294889588074e-06,3.579978996411763148e-04,3.623797710248713574e-04,9.853172524755050062e-05,3.775559400512878815e-14,1.491376810146125725e-14,1.539652965546196202e-05,3.023567448271825050e-05,3.668585550892525612e-05,2.987238105304969738e-05,2.474277768113944920e-13,2.864601787534268198e-04,7.620081615482059102e-04,1.048023922969354297e-03,1.466554982857724149e-03,4.688475668672351202e-14,1.868482959870782416e-14,7.193324254032522771e-15,1.677500245456815213e-06,2.222895972232428097e-05,1.378117982495832710e-05,8.132014543140310735e-14,3.022275630499178119e-14,9.499445031987266484e-05,6.768862707131842070e-05,4.296675654162027949e-04,5.432444129761566541e-04,7.040777008785884436e-14,9.395196025989265523e-15,6.654433089989066955e-15,2.309230889935556732e-04,2.370302547046270174e-04,3.837206724394945953e-04,1.420026030960207014e-04,5.876374353052134112e-13,4.227123291514901901e-04,1.433288951323691816e-04,7.759328874083730324e-04,1.129986083620030854e-04,1.683242862634993656e-14,5.013939114588546463e-15,1.933989361437194236e-06,8.247650073259944206e-05,5.348776855082746111e-04,9.686437863028389637e-04,8.834497376239083507e-14,1.226145433169151472e-03,7.860415453487721369e-14,1.186659188761686764e-14,1.966606224718263091e-14,1.041412308763729605e-14,1.080431025779194704e-13,9.685433686919846262e-15,8.480396645380949726e-15,9.525166691798232815e-15,4.545838158665823278e-15,8.986823196799710204e-15,7.774930351926510585e-15,2.001420273105880318e-15,3.538428593550767506e-15,4.451462829927613573e-15
6.059753011551366439e-14,1.476893932196821589e-04,9.283301525672301854e-14,5.146589676057012018e-16,1.413670334805873721e-13,1.205217909180215619e-13,1.273042348228740685e-13,6.253071942136520728e-04,7.363617461708231270e-14,5.336833028577867270e-14,2.823494593724688742e-14,6.312214366652227272e-14,4.711680613272471100e-16,1.253112762675952462e-13,1.137275823379749262e-13,2.678550440283248866e-05,6.352392866429838248e-05,6.889352869953917521e-14,1.018948798741949497e-13,6.087751112206716431e-14,1.038754800662489817e-13,1.644188603963669846e-13,3.521763393935558937e-14,4.592410968513973798e-14,1.071716980226174843e-13,1.300527906389410342e-13,2.953101175254032780e-13,2.934335582780781253e-04,1.419655911241092191e-13,1.346912740088033999e-13,7.628511947525572491e-14,7.492680094012644578e-14,2.833815708975485277e-13,5.137859244819333545e-14,1.174175042973477654e-14,3.384393828871028832e-14,4.369636300701468782e-14,1.315994404967299999e-13,9.385081070361846848e-06,1.067027228187205823e-13,6.249889359810523793e-13,9.537217123594680304e-14,4.477244575466132663e-14,8.793556968706860199e-14,4.616952814528595302e-04,1.730271024271325616e-14,1.055773247635221806e-14,3.745892745432394968e-14,2.956605377086638640e-14,6.260346664621145312e-14,1.939514897446644995e-13,6.425730414763511237e-04,1.174903562607385460e-13,4.210668175628463018e-13,4.482662057530636724e-13,1.431406735320097965e-12,4.282575102940860240e-14,7.329594806637301291e-15,1.824390485279921495e-14,3.109538285573457495e-14,9.087250299737859157e-04,1.807271818599414629e-13,3.398858561254463739e-03,1.859856044998730161e-13,2.640896538368347948e-03,2.428627447107329268e-14,5.512261637132902572e-14,2.003936257668224688e-14,3.595402337300963836e-05,1.809342213872484192e-14,1.486650503870518458e-14,1.765394854247775995e-14,6.484235575659433913e-15,1.618543051472139790e-14,1.309880549483128826e-14,2.460377785766776311e-15,4.777328088139448890e-15,6.316159851757159755e-15
2.405952339290633979e-14,1.569960240001805382e-13,3.241328907242969193e-14,5.935448792882641380e-16,5.422552431875668977e-14,3.724796372525936684e-14,3.939517548236873369e-14,1.682499475198837023e-13,2.754843635624763863e-14,2.086945746249771997e-14,1.284368069021529311e-14,2.466531885588281269e-14,5.419612389436052101e-16,3.884377311228137226e-14,3.688142806914153612e-14,1.169469424886108312e-13,1.124205363084256752e-13,2.619826461002892891e-14,3.443441562341057538e-14,2.396354414497072195e-14,3.489295904929385498e-14,7.131832328572891610e-04,2.261301202509267285e-13,1.925267561148546561e-14,3.515024398171744868e-14,3.973035016835717820e-14,6.077629182577529115e-14,1.539574009007455608e-13,4.225528869507158262e-14,4.100154533949036260e-14,2.821639836254589103e-14,2.786724961008005384e-14,2.505504298005590668e-03,8.479546740450647109e-04,2.159824346012633278e-14,1.504226563306935264e-14,1.823729535559471119e-14,4.012394055401209849e-14,8.139637524129606091e-13,3.339266976190743524e-05,7.755881272624565680e-14,3.285853014989591401e-14,1.882239107743203131e-14,3.114491058018187007e-14,2.112361199356956824e-03,4.160799065428555881e-14,1.845762253285399925e-14,1.623112757716850642e-14,1.330039117232262871e-14,2.436309219534602520e-14,4.982540111524158670e-14,1.217449895499570165e-13,3.763370266628566780e-14,6.890777766630995887e-14,7.037124564552955264e-14,9.091168504658697636e-14,5.194995958217787821e-13,1.128804863318231650e-14,8.561164457891253757e-15,1.386517279068485899e-14,1.051689042227245299e-13,4.804855089665283161e-14,6.280602885608646044e-13,4.881474285536477043e-14,1.288654802996140379e-12,7.780168256242088834e-14,1.466631496646211927e-03,5.372733407356515644e-14,3.383994061282151360e-13,4.512874471418009158e-14,3.171200734943513579e-14,4.313979660909954055e-14,9.645036452714651106e-15,3.677410728078841560e-14,2.562692009867093611e-14,3.039487298914596524e-15,6.604883059205338989e-15,9.325287063364986625e-15
1.235674053997265532e-14,3.628616940418116891e-14,1.532595333944463785e-14,6.599730193934754204e-16,2.152625344784961097e-14,1.673581657226608862e-14,1.743247396353751491e-14,3.729717516877093423e-14,1.362414102772140718e-14,1.107762221321663313e-14,7.490818647462187880e-15,1.258535056281299356e-14,6.012406642432695595e-16,1.737997011271246180e-14,1.671546726057847084e-14,3.137073381445529880e-14,3.059761238548327216e-14,1.314514480887037127e-14,1.589120343164856953e-14,1.230188094808627951e-14,1.605861038778889464e-14,1.045428549997982021e-13,9.034626972154447249e-04,1.040773555680295560e-14,1.608099778843634318e-14,1.748836463575774666e-14,2.248203772439746566e-14,3.582695279675471775e-14,1.816230071051352240e-14,1.783179806827554801e-14,1.382374181115082001e-14,1.370607872882408280e-14,8.632063201923610640e-14,2.782591440370430283e-03,3.665671511351520036e-14,8.582975078054316177e-15,9.953439629456063390e-15,1.754270379449909558e-14,5.769676003699439498e-14,1.392741858940180014e-13,2.556597766778910547e-14,1.537341366387999264e-14,1.021366529104461851e-14,1.480884831440680690e-14,6.955118570368775632e-14,9.981610816745741561e-14,2.983441544844955638e-14,9.059276799480884305e-15,7.701427733600564507e-15,1.239841636021010589e-14,2.001963556699436466e-14,3.187030156421885033e-14,1.682543249192891922e-14,2.402996003453469639e-14,2.430464497707867880e-14,2.761033606789299001e-14,2.824844173314694160e-03,1.645566520107754406e-14,5.275810208029702344e-15,7.958785365274642066e-15,2.939481925677443768e-14,1.958042899194904527e-14,5.556300550023926823e-14,1.978612093720270354e-14,6.186159537285789405e-14,2.399543060292355357e-13,1.336364383389541507e-12,1.424678088346785410e-13,4.801327230598279336e-14,1.138796485500062209e-13,6.415835037892531751e-14,1.057573103021566861e-13,1.365789539945424292e-14,8.088200712748242451e-14,4.647768731764898091e-14,3.674119464600723507e-15,8.794477385274416854e-15,1.311737096134795998e-14
8.322347716863018533e-15,2.009309647514343512e-14,1.002495336619940770e-14,7.229285483526883907e-16,1.348054004974381459e-14,1.081919264557321247e-14,1.114188090946327891e-14,2.047857814768427386e-14,9.037448363316400094e-15,7.591627857071031495e-15,5.324828272769355870e-15,8.464585313942959330e-15,6.569892928086585743e-16,1.116495048223393263e-14,1.077136155404782564e-14,1.781481101755931196e-14,1.741252274089489198e-14,8.774216304474026095e-15,1.029882352269035779e-14,8.288077515915733428e-15,1.040376098246101872e-14,4.732167718723840934e-14,1.587139006027102968e-04,7.156010384356197230e-15,1.040442354936003710e-14,1.117038741105229877e-14,1.367283549923942839e-14,1.981744848746223572e-14,1.150652385392978235e-14,1.134173126904193589e-14,9.140596381435041453e-15,9.076417600515358604e-15,3.988292103857237065e-14,3.580417771064709373e-13,7.703720627234280844e-14,6.038692075334576359e-15,6.872950576542904333e-15,1.115526903229559914e-14,2.866546731845341102e-14,5.974589289954915228e-14,1.510999209964878299e-14,1.000188294857361819e-14,7.031322909465972233e-15,9.685771154065865031e-15,3.282234019046955758e-14,1.602038725212584992e-12,5.677965979402997973e-14,6.306489856286773023e-15,5.453693236715500988e-15,8.307152710390929100e-15,1.241089190663795652e-14,1.797326322656794300e-14,1.078139920798635816e-14,1.437013009373796361e-14,1.450554468400339354e-14,1.603463808982999586e-14,6.773992205209186422e-13,2.642377251455486410e-14,3.850933004141260900e-15,5.608736117801887612e-15,1.676062005861484996e-14,1.218687790408652049e-14,2.778747797174205616e-14,1.230093701218396024e-14,3.015574599884974309e-14,3.210661265829045478e-03,2.314988610956712027e-13,1.992156498744874094e-03,2.486158530627749891e-14,5.949004761876805410e-05,2.326153959545048323e-13,2.892294718435127808e-12,2.096316949776880504e-14,4.604545629244611178e-13,1.149334119890699095e-13,4.528684740142412264e-15,1.232999076551175662e-14,1.992343861817062014e-14
6.112934095015557686e-15,1.292841238370308994e-14,7.209714488793984066e-15,7.813715930224464288e-16,9.306468866710689981e-15,7.708308077516427209e-15,7.879419739285829036e-15,1.309199941394399120e-14,6.560914241247951501e-15,5.643935027886542306e-15,4.079462598518111136e-15,6.213915910659604224e-15,7.085522103223455683e-16,7.925118451113307531e-15,7.662610584184152141e-15,1.167226711095331589e-14,1.142040435165603515e-14,6.400573531307684415e-15,7.357394551814673732e-15,6.090491841051029907e-15,7.432424679784052612e-15,2.568253174452233064e-14,1.572481902125248800e-13,5.340301027671166087e-15,7.421262320447184534e-15,7.897377488069310473e-15,9.365434170910429549e-15,1.273566619100401524e-14,8.092416061434607238e-15,7.999012573986016453e-15,6.622859288965906527e-15,6.584158060113452040e-15,2.233562884480049692e-14,8.226219084682500795e-14,1.324793238046200832e-13,4.580534704945273805e-15,5.142731211849200035e-15,7.859111339464612507e-15,1.710319231015767015e-14,3.050170190557461719e-14,1.015401660979901786e-14,7.163011032489771455e-15,5.250846081987426615e-15,6.962181360648785647e-15,1.899127717473743015e-14,2.908184415357972265e-03,9.430730858701836879e-14,4.749103693154478771e-15,4.164089336741010798e-15,6.075038637008899430e-15,8.596699710135291515e-15,1.170943599387721067e-14,7.639021658131354696e-15,9.725434313116641090e-15,9.805389076454885849e-15,1.065670007752353505e-14,1.047070839350262453e-13,4.174144638117469804e-14,3.013542389569035051e-15,4.264734829714501868e-15,1.100610069760097319e-14,8.463406059529439658e-15,1.668020705104829227e-14,8.537818370638365827e-15,1.781204129187536098e-14,3.104832505325326218e-13,6.875511626330606633e-14,8.753379027517728011e-13,1.527629840982584598e-14,9.445014845562507439e-04,5.499032599345697845e-13,6.627827353428001039e-04,3.197337023499038051e-14,1.305930761277462099e-12,2.117317412676850478e-13,5.584850556577881082e-15,1.732287333456252613e-14,3.007610565859472350e-14
4.921528307545510206e-15,9.771156380620955670e-15,5.743843481901727526e-15,8.402466692919003119e-16,7.238081224243280486e-15,6.108723801547702200e-15,6.216562850796455728e-15,9.850537752804561181e-15,5.243668708678918804e-15,4.572020009340077313e-15,3.361737546609578895e-15,5.004135448813461029e-15,7.601102650466938517e-16,6.271341287876207790e-15,6.067365141328944178e-15,8.884895661446431360e-15,8.684687635013202328e-15,5.131089897862321387e-15,5.834037543661741732e-15,4.904159452621476788e-15,5.897136498883427394e-15,1.816684482288769467e-14,8.368114519907781396e-14,4.335397171361312729e-15,5.877317778990771811e-15,6.230325704671700935e-15,7.273546593522671637e-15,9.602039469474472129e-15,6.366091216821239868e-15,6.303574380546458931e-15,5.286895913637804384e-15,5.259963566387976043e-15,1.592958068611351530e-14,4.877866797474795169e-14,3.525205452256428632e-13,3.748569992436832447e-15,4.177535177407581905e-15,6.178634106593622908e-15,1.246264999987968360e-14,2.104771858174416498e-14,7.807224138712482688e-15,5.682805271482328612e-15,4.262380613464107084e-15,5.533132649338643035e-15,1.368855465292334446e-14,9.995702954464899450e-04,2.300001971652154313e-13,3.869602313559180250e-15,3.421727823765385436e-15,4.868897886047987000e-15,6.699962752966149750e-15,8.870697397270691184e-15,6.026582084455572204e-15,7.497461306178313562e-15,7.556509477101597526e-15,8.149694025017101881e-15,5.971725346808810486e-14,9.125734919285937451e-14,2.511869340605669704e-15,3.493250591437850073e-15,8.354999329577099166e-15,6.603976300851236485e-15,1.219739083487476185e-14,6.662751008788627028e-15,1.295275698414625609e-14,1.631272438261597437e-13,4.215130758310245449e-14,4.295350731806576318e-13,1.128142655390234404e-14,2.915122936036020251e-12,1.342779414415238562e-03,6.701162204776081637e-12,6.333813485354482962e-14,1.263981618710795013e-03,6.957502585576316431e-13,7.207870897993077855e-15,2.822645649512975005e-14,5.795577464309849752e-14
4.164575849584635819e-15,7.944366363922763906e-15,4.828908462814025499e-15,8.996354064824272158e-16,5.983302835488531599e-15,5.115546024840928559e-15,5.188018993050714077e-15,7.974920062813409915e-15,4.411263796538462494e-15,3.883233468129066440e-15,2.890243461399935806e-15,4.237105080772667203e-15,8.117767301144784554e-16,5.247583685025267307e-15,5.078120549528533798e-15,7.250996790080968165e-15,7.074801546199113760e-15,4.327041734872667480e-15,4.884224461030328368e-15,4.149735891283339637e-15,4.941684132931975410e-15,1.417041538097310298e-14,5.627587742868374470e-14,3.688185142498622027e-15,4.914528194544074031e-15,5.199622912179577854e-15,6.008325431409559924e-15,7.782299675998754233e-15,5.302086761013462157e-15,5.257469228204373464e-15,4.443409205542861240e-15,4.423461327632914045e-15,1.246221838670615022e-14,3.460763852448079887e-14,3.009934336573000615e-04,3.203594578552933692e-15,3.552777322897750972e-15,5.137241793792512211e-15,9.863033608308540021e-15,1.610596608096272664e-14,6.403481941256261898e-15,4.756173934341242981e-15,3.624428917918624231e-15,4.635608514557536472e-15,1.077082584590772636e-14,9.822242670481494691e-13,1.033201849967029570e-03,3.296456788662569670e-15,2.933591196402090795e-15,4.099763436820834893e-15,5.538277734273998046e-15,7.204117179382294023e-15,5.024822382046336581e-15,6.156061733978443046e-15,6.204328058631365710e-15,6.660409791412159360e-15,4.145321967664547667e-14,4.722246283040624614e-04,2.175099766372767293e-15,2.986193097126491272e-15,6.786011871862079797e-15,5.462764983089810723e-15,9.683240857741651946e-15,5.513500740065776032e-15,1.025446031474556685e-14,1.039263310236154944e-13,3.035037450378531765e-14,2.340208291575251905e-13,9.013389840057718926e-15,6.129302841495263948e-13,4.141284679983775626e-04,7.766683891670088890e-13,4.179913792117693233e-13,1.777115301709308674e-12,5.027788084815439226e-04,9.900789300913394261e-15,6.512504135776369197e-14,2.974537838219097762e-13
3.530561471842375232e-15,6.379989502161402215e-15,4.056946495964920878e-15,9.518858669914246546e-16,4.922366058881874343e-15,4.275575028348231027e-15,4.320833550554478296e-15,6.376003922494031432e-15,3.713971391971720387e-15,3.306836887723076529e-15,2.502480727547048312e-15,3.593384467982313118e-15,8.573793679824147285e-16,4.379732750049706296e-15,4.243316609274838343e-15,5.862447491397015169e-15,5.713797001733373163e-15,3.653060849203204817e-15,4.085507974066405175e-15,3.518013045548063471e-15,4.136632572195394239e-15,1.060676932233955901e-14,3.089861221289421882e-14,3.149098231405381889e-15,4.104975165586368969e-15,4.330541218242436180e-15,4.938931614154315545e-15,6.234037025400653351e-15,4.405545647163807562e-15,4.375334185566208936e-15,3.737231289803986950e-15,3.723072650405249962e-15,9.434925544836875863e-15,2.173421830788646364e-14,1.733852934023788024e-13,2.752354957146500523e-15,3.033823344603006786e-15,4.263471650225895382e-15,7.644972663776387961e-15,1.171682742928007725e-14,5.219916291826828015e-15,3.978905700340021717e-15,3.093989007636852568e-15,3.883703605117353828e-15,8.272848418818766588e-15,9.645175327187439984e-14,2.143137408802067882e-13,2.822751897838843782e-15,2.532057734992931001e-15,3.458994785664753119e-15,4.563567358833239816e-15,5.797030062924268957e-15,4.183768429996862728e-15,5.028068266045548347e-15,5.066407958929743530e-15,5.405193096254207598e-15,2.478515747253313046e-14,1.333260820781255853e-03,1.902314688491642616e-15,2.569219984420663281e-15,5.471447576660905453e-15,4.505672471390934591e-15,7.537656650264788368e-15,4.548481498912447002e-15,7.941200476805757492e-15,4.521027064369624168e-14,1.963111530226842184e-14,6.697666325833587601e-14,7.080273001458295788e-15,8.734520864411058955e-14,1.233975255275322590e-13,9.223117487767680318e-14,7.627869831808986719e-04,1.072124879376356214e-13,1.458980664524249786e-13,1.337730191837537125e-14,1.557838586925601165e-13,2.058478279058844548e-12
3.086964574091573753e-15,5.366732427057349928e-15,3.524788624831040668e-15,1.003153890450642147e-15,4.212557023805148384e-15,3.699229417532445521e-15,3.726864112100324833e-15,5.339773178116855515e-15,3.227859890794421956e-15,2.900036518038808486e-15,2.223623035050869574e-15,3.143921235556940326e-15,9.019898881978704445e-16,3.785562691293180702e-15,3.670602379828779804e-15,4.951504347017237342e-15,4.817462669985134215e-15,3.182498250591988304e-15,3.534721016374291731e-15,3.075597217041006637e-15,3.582580529213420315e-15,8.503564236279823970e-15,2.115524088197191879e-14,2.767580482083177149e-15,3.546723741593178249e-15,3.735481215113777691e-15,4.219164131652408554e-15,5.227176095021082882e-15,3.792958300387895053e-15,3.772205395721906194e-15,3.245135046434508666e-15,3.234848897465532200e-15,7.606283753884477640e-15,1.578677662759784551e-14,8.078278470301758024e-14,2.428679178181830234e-15,2.664916112279074211e-15,3.663498296516855651e-15,6.252737058748684822e-15,9.194098409829513292e-15,4.429841101843795141e-15,3.440980013782405965e-15,2.717811241290169047e-15,3.361861900675700600e-15,6.728594411753889380e-15,4.886467005033592506e-14,9.612633727549985112e-14,2.483893370202456815e-15,2.242843036274927236e-15,3.008593498301420365e-15,3.900299902413675257e-15,4.872194110045318524e-15,3.605131096811682247e-15,4.270925712281539709e-15,4.303435922830979921e-15,4.571749349502874358e-15,1.756122905646027951e-14,6.828812035411217315e-13,1.702488494237274900e-15,2.268788485377951749e-15,4.600596737982905195e-15,3.853257990720507082e-15,6.186962755515869431e-15,3.891501828367789095e-15,6.498695540620930252e-15,2.832697385383626033e-14,1.445290270217395130e-14,3.819288053509230204e-14,5.849046665796385518e-15,4.529325089335623275e-14,5.857475190809618946e-14,4.723132287530859327e-14,1.179371701087782685e-03,5.315348368035056681e-14,6.908024441062759814e-14,1.946710749673916275e-14,1.781914083169037957e-04,1.593915849713679683e-04
2.731348112200672689e-15,4.576295517400068136e-15,3.099783486919056615e-15,1.049062347040395144e-15,3.653814744124915847e-15,3.239670282722564081e-15,3.254180613794713075e-15,4.533400631905732295e-15,2.838935936275241262e-15,2.572906632050430189e-15,1.998979492963475982e-15,2.783604087549925591e-15,9.421112798477612888e-16,3.311890233841610042e-15,3.214242376543504485e-15,4.238499622308375642e-15,4.116378570648619882e-15,2.805618807909873035e-15,3.095494299020008501e-15,2.720847571537165357e-15,3.140682139396584512e-15,6.925243816933504980e-15,1.506335422540947141e-14,2.460872481056282028e-15,3.101682032809943817e-15,3.261961895381510007e-15,3.650376660979380848e-15,4.442863814865345270e-15,3.306095025844184439e-15,3.292521894017905012e-15,2.851588834446740756e-15,2.844316174825684161e-15,6.227062365648163053e-15,1.179284617145382945e-14,4.221709505223626894e-14,2.167693379141530511e-15,2.368161567410776994e-15,3.186689087787540081e-15,5.189589471524067516e-15,7.338481143636184009e-15,3.808524026863325620e-15,3.011811549383522599e-15,2.415357091392477152e-15,2.945241511533731213e-15,5.555956816561888032e-15,2.831291523496805847e-14,4.740327208454079348e-14,2.211092087072399742e-15,2.009726440573054860e-15,2.647784900096542089e-15,3.375320527380971236e-15,4.150274120465776154e-15,3.144614642204887121e-15,3.674780322596497084e-15,3.702813067556852961e-15,3.918083846543116904e-15,1.284759523612399271e-14,1.273402162510745111e-13,1.541309248349439438e-15,2.026636271425774592e-15,3.920440863183587124e-15,3.336594059202290548e-15,5.152651907379687541e-15,3.371198823571758109e-15,5.397266147285689903e-15,1.881924419626382156e-14,1.091520727015601048e-14,2.381924423041822103e-14,4.900747997886005195e-15,2.663254398171347722e-14,3.233192352984158288e-14,2.755281654567355797e-14,2.086414527263172598e-13,3.029332741810193756e-14,3.734541657388654407e-14,2.879222942382693678e-14,1.092814270519089446e-03,2.275232787254418420e-13
2.478947082682416899e-15,4.050191043893043810e-15,2.802696843651339081e-15,1.095934642152772611e-15,3.272225379508402363e-15,2.919188040041591477e-15,2.924133105666525817e-15,3.993610155548537384e-15,2.562734569336254503e-15,2.338704871818375495e-15,1.835269336068990602e-15,2.528870715201142452e-15,9.828842825328910888e-16,2.982478104021570934e-15,2.895853268604337143e-15,3.757752972458475773e-15,3.640235457837791612e-15,2.538086151292930494e-15,2.786845161911100738e-15,2.468740465010595854e-15,2.831358489842605483e-15,5.941434413968358458e-15,1.199308703114530212e-14,2.240690426114249909e-15,2.788599483795910016e-15,2.931484955842164192e-15,3.258513976769907501e-15,3.916108810497016157e-15,2.966536842658547294e-15,2.958185042834528062e-15,2.572007993101695495e-15,2.566918547520682526e-15,5.347750531055694761e-15,9.612520122556821482e-15,2.989972177325238705e-14,1.977442131839433962e-15,2.153655681053255884e-15,2.851318475481743385e-15,4.489597024228737760e-15,6.191235001504902172e-15,3.381952715730125443e-15,2.708599781015741951e-15,2.197439543874098816e-15,2.650021360495583886e-15,4.793039895403941254e-15,2.053209274734230139e-14,3.275595865837900693e-14,2.012338011152124489e-15,1.839084109401006030e-15,2.388750413001160511e-15,3.008407063363397656e-15,3.659691126133045561e-15,2.820690555832551558e-15,3.262921184644167289e-15,3.288460724540018028e-15,3.470803955282886697e-15,1.034124753507492937e-14,7.554304745015320112e-14,1.421162528685226770e-15,1.848850911611579613e-15,3.453616598247175642e-15,2.974914417282829403e-15,4.471217874005408604e-15,3.007733888521075677e-15,4.677732527464173413e-15,1.442068968542313996e-14,8.938201804451623777e-15,1.783834590544032637e-14,4.271136105816957104e-15,1.937029883152692729e-14,2.301022849192402175e-14,2.001009861830998792e-14,1.137014593418896974e-13,2.188908790904313426e-14,2.665617158701727267e-14,5.426490194363433734e-14,6.601050619523875793e-04,1.249017974319542069e-13
2.294692327403904312e-15,3.683803611067882354e-15,2.588752010349869813e-15,1.144275541264530367e-15,3.001703979933330917e-15,2.688254392791172354e-15,2.685472839270221732e-15,3.613885323201763258e-15,2.360131337571463807e-15,2.166333332631445163e-15,1.713380713848055722e-15,2.343888151108363622e-15,1.024722989838657502e-15,2.745745220066687313e-15,2.666324657006940492e-15,3.418874461060888803e-15,3.301378208971841631e-15,2.342267669239421061e-15,2.562466152329610291e-15,2.284412902015421135e-15,2.607676022326470450e-15,5.282514581307984123e-15,1.018005199167228322e-14,2.078395099812860997e-15,2.560502144908335253e-15,2.692645444734316492e-15,2.977606015195700425e-15,3.544489574661840783e-15,2.720989070214759724e-15,2.716828374750887891e-15,2.366715403449529358e-15,2.363349653951956575e-15,4.746326843820980848e-15,8.262179924802995100e-15,2.403850661498144206e-14,1.835089639371803705e-15,1.994229336663483007e-15,2.606161652322566870e-15,3.998687332871583055e-15,5.418855462428068003e-15,3.075983927913147384e-15,2.486745558072992313e-15,2.036072890460242201e-15,2.433419829831455173e-15,4.262894499002834172e-15,1.648811709572600439e-14,2.583774951094090587e-14,1.863456538804203958e-15,1.711120272974751911e-15,2.196488052253648479e-15,2.741169460702752426e-15,3.309585224758215982e-15,2.584297956183556592e-15,2.965612928030452505e-15,2.989823142051642979e-15,3.150481049743649863e-15,8.807355058015499402e-15,5.688451130168048675e-14,1.329773436603223794e-15,1.714823616753236919e-15,3.117009771450422321e-15,2.711132065493396959e-15,3.993960387302492352e-15,2.743327736908151152e-15,4.177402596607186480e-15,1.191133545929177254e-14,7.693202547647795841e-15,1.461754863747681074e-14,3.828245563661338389e-15,1.553844932250602572e-14,1.828086860620718698e-14,1.606385967303598241e-14,8.346585981410404158e-14,1.758968966536936570e-14,2.143176374420328235e-14,4.094514260521972175e-13,2.186539276659219661e-04,9.281284653613263117e-14
2.098568345572236547e-15,3.275128982994177790e-15,2.356969272887470975e-15,1.176059744835560042e-15,2.705852614366650304e-15,2.438290446822408659e-15,2.429051416257586317e-15,3.198205010722692503e-15,2.146099635768522466e-15,1.984442837293837749e-15,1.587796756276193217e-15,2.145588165023448652e-15,1.053197333526709491e-15,2.488529804741272029e-15,2.418373546179964773e-15,3.046607757881323556e-15,2.935070254653011384e-15,2.134612923207138126e-15,2.322907983969882633e-15,2.088646961925525341e-15,2.366962702773232245e-15,4.534709531481098938e-15,8.060760918220141544e-15,1.907924307139253969e-15,2.317753391965221750e-15,2.435809156996147625e-15,2.673870616688592353e-15,3.139069924963604285e-15,2.457528545402791377e-15,2.457042559927600434e-15,2.150252873509821297e-15,2.148502855836610245e-15,4.084239290477007238e-15,6.714078306532126381e-15,1.635104117026199148e-14,1.688535192846990033e-15,1.828619430526814946e-15,2.347430745126008133e-15,3.472675163600324432e-15,4.575829572172960874e-15,2.747288014006127636e-15,2.252045341380371720e-15,1.867665676972869165e-15,2.205094291869886426e-15,3.689874285986708167e-15,1.185944343532178845e-14,1.702077729269051124e-14,1.710583468059702381e-15,1.580271043944133885e-15,1.996750757812888480e-15,2.458895153897498120e-15,2.933860464030507130e-15,2.333827790306022717e-15,2.649053251763563368e-15,2.671086926790340674e-15,2.806616542493781478e-15,7.066259369603384287e-15,2.950246182825546313e-14,1.238947627139519142e-15,1.578551461038201019e-15,2.761786606902323949e-15,2.432896897869824222e-15,3.479014716526918816e-15,2.463281106131003943e-15,3.632826343557269028e-15,9.079053752365963457e-15,6.285588282697686530e-15,1.084960864727531097e-14,3.350018110771333498e-15,1.124276830885953410e-14,1.284539265306869868e-14,1.158521072712537847e-14,3.651046247961338795e-14,1.255370079934656788e-14,1.486553587974842882e-14,1.376432011463974813e-04,9.120601715522960135e-14,3.903446664247551103e-14
1.943228293989137203e-15,2.962575447070210970e-15,2.174962266054215305e-15,1.204465668798403536e-15,2.476218122075447462e-15,2.242031580677829107e-15,2.227655008448794668e-15,2.879260359425466395e-15,1.976393183785173112e-15,1.839598189434613612e-15,1.487105691002380907e-15,1.988914302258789038e-15,1.078908005502438504e-15,2.286955651800129689e-15,2.223772164768801285e-15,2.759818030488754853e-15,2.651703659189107204e-15,1.970065403693924140e-15,2.133998751052997366e-15,1.933433821034797409e-15,2.177630923791190252e-15,3.984615035936824938e-15,6.672174613123077906e-15,1.772081485068020244e-15,2.126235022636738115e-15,2.234109542655869461e-15,2.437015313166370492e-15,2.827430187908202229e-15,2.250625828647336272e-15,2.253131646281416277e-15,1.978515356681379415e-15,1.978058225681761958e-15,3.591097603415242294e-15,5.656980635445065616e-15,1.231096402308358790e-14,1.570719653099852273e-15,1.696085337244044580e-15,2.143268157656789017e-15,3.073764654617943251e-15,3.960192626992686792e-15,2.491417744611577685e-15,2.066378648998662279e-15,1.733137001296249282e-15,2.024160346965495930e-15,3.258032121875429459e-15,9.192928898678281965e-15,1.254036303083353761e-14,1.587666295797292938e-15,1.474944233967926462e-15,1.837300939437035652e-15,2.236903324432143126e-15,2.643122582297344170e-15,2.136142208249665596e-15,2.401741134353289509e-15,2.422287216294530085e-15,2.539456875247565281e-15,5.894503669264812367e-15,1.947034075547785784e-14,1.165286284194183641e-15,1.468560621736948090e-15,2.485428838521037314e-15,2.213907150775433937e-15,3.087973391611500583e-15,2.243112088281228180e-15,3.221223343702050174e-15,7.301870228623561199e-15,5.312982696703761383e-15,8.592537703386180910e-15,2.985154650016005941e-15,8.739158834357337116e-15,9.809072437920948618e-15,8.992273665160758622e-15,2.261084039801972360e-14,9.693705865289980782e-15,1.130815271627616874e-14,1.264500127828867661e-04,4.260928309199647034e-14,2.389886198468756062e-14
1.825427102354639255e-15,2.733758198108567142e-15,2.038507215656529266e-15,1.232804893510875692e-15,2.305670763722472219e-15,2.094598086550473082e-15,2.075773139425850892e-15,2.643467689713044708e-15,1.846881945381068915e-15,1.728965106142420734e-15,1.409703999563886216e-15,1.870754515460823997e-15,1.104525908143340691e-15,2.135913443317691605e-15,2.077541100953404698e-15,2.547678015620506921e-15,2.440183196264338493e-15,1.844846703393436441e-15,1.990917764402082112e-15,1.815568115438927711e-15,2.034985600627305706e-15,3.593260495343187080e-15,5.768660037484851245e-15,1.668271914999962371e-15,1.980824293746416920e-15,2.082073561230914573e-15,2.259465808507501571e-15,2.596473120058880968e-15,2.094516964193118866e-15,2.099580252864085778e-15,1.847296853130293588e-15,1.847926716746668831e-15,3.234090435504973906e-15,4.945998959738396067e-15,1.005155343149861955e-14,1.479446367890618157e-15,1.593951694404415033e-15,1.987567151247672457e-15,2.778914066584853986e-15,3.519844525398702127e-15,2.299251828701122479e-15,1.924858904303064744e-15,1.629847261077944455e-15,1.885918333049244001e-15,2.941239378858864341e-15,7.593781902026261575e-15,1.006465338995812741e-14,1.492250340314153283e-15,1.393289896806752808e-15,1.714244501989496951e-15,2.068011084048922525e-15,2.425459260456411952e-15,1.985717344584219752e-15,2.214933913339482471e-15,2.234633188469320335e-15,2.338981711372493023e-15,5.112733386022605850e-15,1.477413330621399650e-14,1.107586492614782179e-15,1.382723453212137362e-15,2.276580891480022418e-15,2.047107714936079257e-15,2.799361983617945899e-15,2.075832359634159462e-15,2.919252791648661455e-15,6.171667510019221399e-15,4.650951546687319134e-15,7.209231639314581934e-15,2.714987301155703372e-15,7.222108748730319256e-15,8.021800941094883063e-15,7.430103859917721684e-15,1.661158158061998210e-14,7.998187266657246490e-15,9.274481700711229571e-15,1.150298164859481600e-04,2.833676159891072655e-14,1.750019945237895991e-14
1.735073202629460580e-15,2.562534650153563017e-15,1.934947744441545671e-15,1.261178949298516392e-15,2.176838921650528431e-15,1.982225509008931845e-15,1.959335193068239862e-15,2.464715319146906488e-15,1.746544662765928685e-15,1.643501077398690722e-15,1.349852975485494081e-15,1.780747442313669932e-15,1.130145775642432943e-15,2.021077261990856744e-15,1.966042473522867660e-15,2.387288922889192399e-15,2.278494973345403265e-15,1.748252116068731767e-15,1.880829023037297121e-15,1.725021450007574159e-15,1.925948026522710623e-15,3.304509751760245068e-15,5.139849833544674809e-15,1.588122180118294288e-15,1.868556017956901198e-15,1.965588824858612333e-15,2.123767783731521722e-15,2.420981002807055000e-15,1.974691664772716791e-15,1.982051843277109240e-15,1.745464570134061914e-15,1.747054825516108873e-15,2.966126287108705485e-15,4.439550339202083037e-15,8.619810269455285124e-15,1.407973922575071518e-15,1.514302732122753378e-15,1.866488865485019581e-15,2.553660217056955329e-15,3.191035062604386396e-15,2.151701113051402763e-15,1.815151353600306814e-15,1.549645407995311449e-15,1.778504278201817625e-15,2.700783286153570903e-15,6.531174216066883112e-15,8.498410295526212747e-15,1.417278410685335057e-15,1.329422392990379780e-15,1.617723065193898092e-15,1.936776443498978876e-15,2.258341017042295552e-15,1.869169889205615865e-15,2.070622222556075885e-15,2.089905482950824243e-15,2.185011494909480684e-15,4.557697372590049227e-15,1.205532141069689488e-14,1.062137506261379116e-15,1.314971864727252729e-15,2.114615832987574411e-15,1.917360970998388557e-15,2.579463437704107586e-15,1.946094707657927168e-15,2.690441802491211756e-15,5.392325534664798621e-15,4.174672640051939361e-15,6.280035770481531105e-15,2.508819981736233562e-15,6.206504528853263814e-15,6.846609234188533080e-15,6.388605977967578985e-15,1.326661712505121515e-14,6.880650395745377534e-15,7.966971746461448294e-15,1.033779656428804051e-04,2.150328145589399393e-14,1.396785850703860197e-14
1.665519081754426320e-15,2.432868517388734620e-15,1.856071374752940551e-15,1.289675420608721481e-15,2.078749072108040136e-15,1.896031952149771997e-15,1.869291138665898002e-15,2.326992838459013720e-15,1.668171481344813958e-15,1.577200198180013122e-15,1.303635751143774154e-15,1.712070705328429717e-15,1.155849227463940949e-15,1.933231023623042375e-15,1.880480428888000429e-15,2.264461493059452903e-15,2.152960339525953879e-15,1.673261998912116963e-15,1.795415102321344293e-15,1.655179345601685045e-15,1.842054418499940774e-15,3.086247899422490305e-15,4.682337477647617506e-15,1.526047676065287274e-15,1.781042492188691220e-15,1.875579038157272768e-15,2.018873254876081600e-15,2.285449898158013839e-15,1.881832208302204536e-15,1.891330751560133932e-15,1.665736877196506569e-15,1.668206610820592207e-15,2.759802834139656346e-15,4.064477430255269669e-15,7.641571721608841316e-15,1.351747425896924195e-15,1.451844594672183626e-15,1.771125932249559136e-15,2.377390543487615262e-15,2.937758676048542947e-15,2.036768596900513061e-15,1.729246256584853241e-15,1.487085904740851520e-15,1.694191973283660008e-15,2.513727447896009744e-15,5.776768834219703368e-15,7.422347840772769716e-15,1.357996716471886829e-15,1.279332209019074164e-15,1.541235999429966452e-15,1.833334906143263034e-15,2.127790031170298625e-15,1.777857314077680939e-15,1.957435385475593743e-15,1.976610973960136382e-15,2.064919967677115880e-15,4.146510036270357539e-15,1.028735869005783950e-14,1.026348050743141051e-15,1.261183521109505127e-15,1.986647104958590893e-15,1.814984747680629913e-15,2.408054023314382742e-15,1.844090941159051420e-15,2.513066060399630969e-15,4.824901163635897538e-15,3.818673682986414704e-15,5.617699145827788735e-15,2.348095777235499676e-15,5.480929924410378257e-15,6.017245216658104154e-15,5.647117925783014386e-15,1.113501739591790170e-14,6.092579006490796707e-15,7.063314230455849601e-15,9.148971558726330439e-05,1.749564191612198828e-14,1.173099433145663496e-14
1.612199936232359748e-15,2.334366966515445837e-15,1.796304388715425626e-15,1.318370831901930243e-15,2.004116789593909887e-15,1.830024091864656315e-15,1.799549931308158412e-15,2.219938924780264111e-15,1.606844238976152341e-15,1.525914980901416634e-15,1.268281905022053222e-15,1.660039635333163687e-15,1.181707462556584293e-15,1.866168322473922641e-15,1.814918607208735761e-15,2.169929429903607749e-15,2.054633007780434402e-15,1.615076627063993839e-15,1.729047730602414002e-15,1.601497716138749222e-15,1.777579233625316121e-15,2.918776082785532134e-15,4.339358399799388593e-15,1.478176030143357144e-15,1.712614678798371552e-15,1.805936209305668502e-15,1.937444882165323879e-15,2.179824761544788366e-15,1.809679489835576091e-15,1.821219147816908101e-15,1.603149699758594445e-15,1.606446217229752221e-15,2.598098951811735372e-15,3.779174124751569045e-15,6.939897152652391303e-15,1.307577466248422379e-15,1.402900490841656889e-15,1.695486159651361510e-15,2.237019897450460157e-15,2.738146513397356070e-15,1.946536719025610913e-15,1.661715889596413694e-15,1.438389800815212927e-15,1.627734203097357582e-15,2.365626436212046517e-15,5.216076070623146536e-15,6.641211075434994762e-15,1.311086057940296493e-15,1.240191873328950226e-15,1.480324681584028268e-15,1.751093061394549159e-15,2.024678370197457302e-15,1.705950734491636643e-15,1.867843727383737399e-15,1.887143152604822218e-15,1.970404487687234766e-15,3.832620621909213224e-15,9.050557393452761118e-15,9.983527580329678758e-16,1.218459690633005399e-15,1.884214167627615155e-15,1.733499938700014299e-15,2.272274349204091557e-15,1.763262037205119266e-15,2.373386848560386703e-15,4.395544983924983271e-15,3.545309504762280816e-15,5.126030417166781719e-15,2.220940495010164536e-15,4.938448896710185570e-15,5.402657752736429624e-15,5.094568695103503786e-15,9.659904011651612746e-15,5.510576390873476058e-15,6.408288211131767868e-15,7.936022136782988189e-05,1.486394666227620320e-14,1.019047733589893103e-14
1.571869755311544921e-15,2.259986695669469639e-15,1.751718796369319959e-15,1.347333366591471587e-15,1.947904656740896021e-15,1.780004063744194763e-15,1.745855617841553830e-15,2.136551832856700461e-15,1.559089726000001803e-15,1.486684955452720791e-15,1.241771126897597271e-15,1.621320847425395384e-15,1.207783750062760383e-15,1.815546695821734210e-15,1.765196697475403880e-15,2.097378169187178735e-15,1.977415042186110075e-15,1.570297430725958681e-15,1.677779005205473418e-15,1.560745878358506597e-15,1.728503273389434543e-15,2.789340426914632868e-15,4.077165202978750632e-15,1.441732020113260203e-15,1.659299901689013500e-15,1.752392466573376383e-15,1.874414253054912416e-15,2.097299322376527594e-15,1.753869972710956241e-15,1.767390533918659855e-15,1.554200819556888686e-15,1.558289502117432453e-15,2.469891843749482754e-15,3.558243901258368926e-15,6.420272621567401161e-15,1.273161864076037222e-15,1.364834247960698868e-15,1.635389865036542364e-15,2.123845133401809691e-15,2.578154853894236520e-15,1.875569023593475997e-15,1.608750424519466053e-15,1.400849532108457133e-15,1.575442325917168138e-15,2.246937289317708560e-15,4.785366193491259135e-15,6.051753747331900339e-15,1.274157990515165365e-15,1.209947942550717292e-15,1.431830257689794205e-15,1.685478619888146011e-15,1.942796331943092802e-15,1.649376353302561307e-15,1.796664927755856573e-15,1.816269397897447390e-15,1.895781964106991956e-15,3.587882261582290719e-15,8.141285997399295334e-15,9.767728767757169925e-16,1.184701762553397778e-15,1.801536971403852367e-15,1.668409017597918550e-15,2.163563734448621050e-15,1.699057045665196094e-15,2.262297266448023808e-15,4.061385490342768284e-15,3.331411024686173032e-15,4.750557418946835290e-15,2.119407223561041945e-15,4.519154757559766086e-15,4.930837088611273487e-15,4.668950739349035268e-15,8.580470634080769829e-15,5.066428640059634748e-15,5.917936652642380211e-15,6.698453543278348624e-05,1.300646380277244735e-14,9.067973038695922946e-15
1.542148659652712139e-15,2.204769284682759449e-15,1.719454049124831426e-15,1.376624413393449137e-15,1.906504620924775006e-15,1.742934497439823799e-15,1.705137137210942488e-15,2.071925715898678732e-15,1.522380700255521485e-15,1.457334217022792782e-15,1.222589473329317350e-15,1.593466810421486823e-15,1.234134930222518826e-15,1.778224989812111299e-15,1.728302389940230044e-15,2.042346460712165079e-15,1.917003080310277559e-15,1.536443734934224278e-15,1.638752171590503387e-15,1.530556593308239656e-15,1.691912806396462679e-15,2.689313616483062102e-15,3.874437129242947176e-15,1.414667803362733559e-15,1.618226263902221313e-15,1.711867263720894037e-15,1.826160877900544831e-15,2.033098556411417415e-15,1.711262800757318708e-15,1.726726098845589105e-15,1.516345257739005866e-15,1.521203006860660775e-15,2.367609382626431864e-15,3.385312200805550222e-15,6.027637054753854100e-15,1.246793558161333298e-15,1.335702476841604006e-15,1.587830311517102929e-15,2.031854952880030949e-15,2.448356397238467039e-15,1.820005778277425318e-15,1.567593374862875545e-15,1.372469894115929119e-15,1.534645496339982624e-15,2.151106777132738459e-15,4.446351729397734522e-15,5.594253677339060804e-15,1.245447843839903664e-15,1.187069599298800329e-15,1.393451558303997478e-15,1.633220611845026569e-15,1.877773397073430882e-15,1.605198887658550723e-15,1.740214411686160135e-15,1.760271606659398311e-15,1.837028969799116553e-15,3.394283811000549077e-15,7.448761620665029933e-15,9.605647114737285580e-16,1.158350903303366296e-15,1.734534475259425771e-15,1.616492316767056258e-15,2.076006018595561260e-15,1.648218536535177808e-15,2.173524822023786153e-15,3.795834651194276190e-15,3.161946181110144164e-15,4.458133606954719885e-15,2.037978264611167652e-15,4.186876453194392598e-15,4.558932633065696126e-15,4.332924996756219041e-15,7.758252245119804095e-15,4.719367038774998162e-15,5.542906963143845521e-15,5.435760526090522611e-05,1.162837606768569091e-14,8.216521239466241151e-15
1.521241230283341502e-15,2.165101091374727605e-15,1.697363145134916376e-15,1.406297863845221609e-15,1.877248269027346140e-15,1.716549579518350653e-15,1.675112174353729767e-15,2.022509031633874487e-15,1.494826860406124969e-15,1.436218077102688081e-15,1.209572678234639696e-15,1.574627005551504351e-15,1.260811011051119179e-15,1.751859873531244390e-15,1.701987998016870183e-15,2.001577457449992273e-15,1.870264281421419043e-15,1.511653516397900354e-15,1.609838954840189733e-15,1.509145003865627279e-15,1.665631514589788319e-15,2.612633326071098976e-15,3.717023281576915596e-15,1.395430292713391040e-15,1.587257749730783162e-15,1.682070099650012510e-15,1.790018432606947975e-15,1.983762678035489457e-15,1.679528999011817690e-15,1.696909079209437882e-15,1.487682114742610623e-15,1.493292739645137778e-15,2.285912174511847060e-15,3.249334350244288423e-15,5.727695636938218980e-15,1.227174052860751062e-15,1.314034754477313098e-15,1.550583760281881456e-15,1.956762248835041235e-15,2.342184136706670368e-15,1.777022897462401018e-15,1.536193781588399369e-15,1.351740654853308190e-15,1.503355745906282076e-15,2.073482189369306022e-15,4.174626560461902892e-15,5.231742053002588128e-15,1.223618736467880209e-15,1.170386588398856412e-15,1.363468161562967333e-15,1.591912268327621835e-15,1.826438347451956453e-15,1.571242776108296877e-15,1.695794813856330573e-15,1.716429133269123532e-15,1.791209780739993547e-15,3.239756503047145887e-15,6.907488065371265657e-15,9.489194250718649820e-16,1.138220940969570413e-15,1.680240612251893141e-15,1.575380158838042540e-15,2.005377891454425852e-15,1.608348314982389964e-15,2.102602990439816916e-15,3.581516945481400420e-15,3.026728920333015635e-15,4.227417508204190518e-15,1.972698609008542399e-15,3.918465153783791088e-15,4.259831243136710751e-15,4.062648999693675884e-15,7.112838315866634835e-15,4.443510070144164611e-15,5.252257850490373557e-15,4.147427100979079047e-05,1.056803724971213297e-14,7.551107582900517884e-15
1.507755175634836554e-15,2.138260450637046278e-15,1.683789206815819593e-15,1.436398994554275064e-15,1.858101157711027538e-15,1.699105458252618015e-15,1.654037122638231779e-15,1.985646411473092907e-15,1.474976746131660364e-15,1.422056964360814242e-15,1.201802118568546744e-15,1.563363021472316262e-15,1.287854152060356235e-15,1.734651446980110717e-15,1.684527926898056294e-15,1.972618396718185976e-15,1.834851734967285849e-15,1.494492440688499563e-15,1.589406515195454254e-15,1.495125853099736096e-15,1.647987054775030991e-15,2.554885145341244734e-15,3.595117711223430523e-15,1.382810357118999525e-15,1.564762898604996598e-15,1.661251049696064252e-15,1.763965778931073867e-15,1.946704708373156412e-15,1.656889561916440608e-15,1.676165041548333473e-15,1.466751572338911185e-15,1.473102495012769843e-15,2.220909532445009016e-15,3.142553734971469932e-15,5.497826605586531750e-15,1.213290512777160704e-15,1.298690040614270801e-15,1.521964547214561285e-15,1.895422551675448144e-15,2.254913313252559092e-15,1.744494466589856126e-15,1.512983785829468006e-15,1.337486345159773751e-15,1.480050620517370427e-15,2.010655551909730715e-15,3.953845028926639813e-15,4.940048699875040995e-15,1.207631514349230760e-15,1.158980777221532898e-15,1.340558992851434791e-15,1.559734741124147832e-15,1.786419422318596752e-15,1.545848571888379894e-15,1.661376350155660456e-15,1.682691400159198717e-15,1.756121092992180601e-15,3.115879492407943236e-15,6.476158629825876461e-15,9.411941053775983955e-16,1.123387980201302972e-15,1.636440092221415157e-15,1.543280747095278430e-15,1.948571012174274839e-15,1.577630906076663587e-15,2.046249513900964271e-15,3.406561864770038703e-15,2.918580999406219668e-15,4.043996496043475308e-15,1.920649530466482884e-15,3.698382429163077264e-15,4.015487904031722621e-15,3.842145874185815355e-15,6.594205158967431959e-15,4.221587596208076255e-15,5.025475374774656962e-15,2.832926391354355865e-05,9.729159801287427057e-15,7.018978878311344350e-15
1.500667511673086852e-15,2.122306500397541134e-15,1.677524735334247097e-15,1.467042656474705043e-15,1.847593972845669566e-15,1.689330886245895378e-15,1.640644765322044282e-15,1.959443085429550917e-15,1.461767380094481638e-15,1.413906257359427764e-15,1.198590428594363797e-15,1.558619767583671039e-15,1.315361619395745014e-15,1.725291834094345616e-15,1.674666643674034339e-15,1.953712430789589325e-15,1.809083038655031647e-15,1.483909411252002912e-15,1.576264154395902290e-15,1.487481038536190566e-15,1.637761163999915079e-15,2.512991963401824878e-15,3.502136206750728907e-15,1.375914323362547927e-15,1.549553284306355696e-15,1.648138762551187430e-15,1.746543429235768467e-15,1.920076658718058472e-15,1.642052145317206036e-15,1.663204250321613771e-15,1.452484574365854688e-15,1.459565635539209470e-15,2.169866639007212741e-15,3.059694702918744100e-15,5.323529047923273299e-15,1.204388941501151053e-15,1.288824008718967567e-15,1.500747689844464439e-15,1.845597095469199856e-15,2.183228873074743925e-15,1.720889525286322914e-15,1.496819378330235326e-15,1.328837370728584235e-15,1.463617400248888358e-15,1.960212197010815081e-15,3.773172880162785401e-15,4.703496428843364114e-15,1.196714459846189932e-15,1.152165890040086652e-15,1.323753112604896506e-15,1.535369362327682067e-15,1.756015124715578346e-15,1.527807905709372374e-15,1.635494335463942593e-15,1.657578573165315296e-15,1.730178776273602784e-15,3.016927599404132668e-15,6.128783499221213961e-15,9.369010563214781996e-16,1.113163158624932958e-15,1.601536238479582894e-15,1.518893718496904270e-15,1.903376743570363525e-15,1.554749576369873871e-15,2.002140425757631234e-15,3.262975477849909951e-15,2.832588162923038966e-15,3.898335196595084869e-15,1.879752708184423345e-15,3.516256978231180401e-15,3.813955140780103998e-15,3.660788592509756561e-15,6.170961516012028193e-15,4.042225903205824382e-15,4.849287775062713616e-15,1.491722857139565806e-05,9.053751946761080389e-15,6.587218169069687767e-15
1.502579756375779826e-15,2.122532400796086635e-15,1.681904009648194900e-15,1.501773974830959749e-15,1.849738441026077140e-15,1.690519263968514510e-15,1.638000161378714453e-15,1.948136634939869032e-15,1.457574303027621877e-15,1.414018888800329772e-15,1.201564862799947849e-15,1.563258725092925761e-15,1.346184715775903130e-15,1.727257453521805666e-15,1.675660910957840365e-15,1.949230041323494340e-15,1.796541724039876885e-15,1.482404119533612649e-15,1.573199631457606370e-15,1.488740932825396484e-15,1.638052420527943801e-15,2.493972282249624777e-15,3.451108346085348445e-15,1.376901703604894399e-15,1.544306177418711375e-15,1.645842947267180917e-15,1.741192762538535948e-15,1.907926213529345659e-15,1.638042828206831177e-15,1.661161118081675023e-15,1.447189122524213606e-15,1.455026634964114041e-15,2.137562693564641034e-15,3.010425509070341928e-15,5.235220824952226335e-15,1.202049271749266725e-15,1.286265785833721318e-15,1.489346935303863099e-15,1.810525792328025390e-15,2.131472955442932937e-15,1.709432615643560787e-15,1.490155915575196042e-15,1.327752415721271982e-15,1.456364795014322349e-15,1.925874579904849804e-15,3.644617628300693503e-15,4.541720684840562381e-15,1.192393995542220098e-15,1.151388459203155271e-15,1.314881235308569603e-15,1.521283545277676962e-15,1.738441402593355424e-15,1.519643188748739396e-15,1.620980166948258981e-15,1.643993656058317893e-15,1.716608097777879458e-15,2.951719568246905582e-15,5.899172610476889583e-15,9.369642051243435851e-16,1.108858548877476078e-15,1.578042061264493864e-15,1.504612629983456924e-15,1.873374066955819654e-15,1.542252650188634471e-15,1.974352127209679699e-15,3.159851605981532261e-15,2.776626857740809742e-15,3.805196690268228672e-15,1.853596454641689745e-15,3.381746213577850305e-15,3.666708187687387506e-15,3.529538111793183097e-15,5.872786899090289833e-15,3.920235874841707102e-15,4.747606455805390397e-15,1.276647010573077127e-06,8.612668499406306299e-15,6.291971261189570032e-15
1.501495831485605343e-15,2.115180199997347604e-15,1.681921278993495616e-15,1.529303359465915931e-15,1.846482106205468994e-15,1.687605381398860880e-15,1.631815618299556438e-15,1.931637583950763334e-15,1.451041730081747774e-15,1.411805111289177447e-15,1.203026124613096123e-15,1.564317014427768081e-15,1.371259172712378584e-15,1.724761344098942367e-15,1.672614076685437052e-15,1.939047429582236908e-15,1.779973123345601540e-15,1.478237715507713790e-15,1.567079150442529245e-15,1.487157381598729935e-15,1.634604845082699534e-15,2.464992395527518593e-15,3.379279724448851293e-15,1.375654334449081817e-15,1.536273460084222914e-15,1.639913814418398454e-15,1.731787995101782039e-15,1.890942538283138363e-15,1.630623375695179573e-15,1.655437635064100833e-15,1.439710910897769181e-15,1.448216031178132619e-15,2.099652519534551210e-15,2.946833774079530978e-15,5.090870391807535686e-15,1.198531042383719913e-15,1.282156954711891499e-15,1.475801684435489294e-15,1.772474039620808219e-15,2.075078492995522644e-15,1.694518434992062538e-15,1.481124521786766667e-15,1.324854555857379973e-15,1.447005222160484020e-15,1.887764327410525169e-15,3.496991725877142859e-15,4.345092534413127822e-15,1.187051943547617810e-15,1.149558183237056823e-15,1.304696560337586623e-15,1.505052007461960639e-15,1.717612437561547592e-15,1.509062675891318577e-15,1.603750060280945778e-15,1.627555908611057250e-15,1.699646234185623986e-15,2.873900977806846224e-15,5.603455056055331655e-15,9.366689579343334862e-16,1.103835504162532076e-15,1.552548163046819732e-15,1.488310090383659250e-15,1.839770344088604790e-15,1.527440111228479880e-15,1.942089112220132396e-15,3.043514748740137425e-15,2.709764157396468828e-15,3.687924307971098063e-15,1.823753714752445020e-15,3.232708601432067204e-15,3.501224455892099635e-15,3.381241643655497219e-15,5.515147323699727060e-15,3.773735748590687804e-15,4.603233304545639641e-15,1.569976277355998612e-13,8.016861491493971998e-15,5.923578883833587218e-15
1.507769838951858337e-15,2.120982730139596337e-15,1.690620077614906498e-15,1.560596329302918354e-15,1.853542891674162435e-15,1.693639440481853347e-15,1.634414138432027437e-15,1.927269643841364807e-15,1.451895289437284065e-15,1.416358442770909713e-15,1.209556307051983952e-15,1.573033507074277016e-15,1.399396581864163955e-15,1.731504309482038511e-15,1.678428687175501850e-15,1.940613242808836284e-15,1.774191991131490983e-15,1.481501815056475126e-15,1.569198216371008565e-15,1.492853992928908665e-15,1.639746150974662669e-15,2.454559370238825575e-15,3.341155514568504978e-15,1.380862262109069039e-15,1.536393196522112560e-15,1.642822668030023072e-15,1.732237649885705444e-15,1.885752296863037719e-15,1.632051128160896976e-15,1.658629239080039911e-15,1.439581106654812663e-15,1.448774226718866481e-15,2.076894836953343086e-15,2.910228375475646302e-15,5.015521170212282947e-15,1.200404944348987251e-15,1.284045462692788591e-15,1.470291169164945235e-15,1.746316062611523499e-15,2.034589809707349001e-15,1.689520691708331699e-15,1.479872639380152191e-15,1.328156488781659268e-15,1.445164037384732888e-15,1.862650663472632249e-15,3.390019614904632122e-15,4.207018084597351021e-15,1.187131305999509433e-15,1.152686886419481016e-15,1.301020075901846271e-15,1.497222035375149833e-15,1.707234987369035900e-15,1.506563341276302753e-15,1.595800960409815845e-15,1.620527700228971558e-15,1.692778508212980907e-15,2.823010118531369835e-15,5.399938157755930022e-15,9.399609388135447398e-16,1.103684636565295450e-15,1.536323476476604683e-15,1.480266733806592770e-15,1.818460097487441682e-15,1.521116003925981343e-15,1.923051191170373901e-15,2.958883874298529661e-15,2.666945392340732256e-15,3.612373284141631935e-15,1.805870922466092124e-15,3.120468083202315715e-15,3.377709784440794110e-15,3.271879771211011014e-15,5.253509787462534712e-15,3.672360181846401077e-15,4.518330721285691880e-15,5.272882494939404205e-13,7.603912351878856552e-15,5.660952116756339867e-15
1.517735342070447623e-15,2.132743841753414663e-15,1.703438542703013938e-15,1.592525003651065184e-15,1.865433991293977313e-15,1.704028781009242240e-15,1.641426555670051511e-15,1.928901533297954466e-15,1.456644745905118367e-15,1.424427780002312704e-15,1.218785867423882599e-15,1.585461844132008451e-15,1.428088765595254841e-15,1.742678130741475303e-15,1.688563732339012114e-15,1.947801121346767410e-15,1.773913561102017204e-15,1.488597277590000221e-15,1.575536101887583486e-15,1.502238531297650156e-15,1.649127103263316176e-15,2.452705978524918761e-15,3.317738304314739860e-15,1.389421311339043429e-15,1.540753915578417788e-15,1.650153701358877918e-15,1.737613400332667009e-15,1.886455602227389288e-15,1.637970700309141121e-15,1.666277857692631078e-15,1.443369893062094991e-15,1.453238332131690140e-15,2.061827212841764449e-15,2.886042679957603622e-15,4.966563857563694683e-15,1.205273864016618670e-15,1.289198751775802371e-15,1.469126814075334376e-15,1.726555147268041645e-15,2.002394757248461558e-15,1.689653923794208985e-15,1.482751414231038531e-15,1.334773605073679939e-15,1.447367211129278247e-15,1.844403655702740848e-15,3.301796761985159713e-15,4.094043920031405189e-15,1.190271982656691787e-15,1.158580705333480550e-15,1.300990998891968815e-15,1.493961580230080783e-15,1.702366107394663799e-15,1.508366337899457827e-15,1.592799358717725812e-15,1.618488661634798502e-15,1.691167239222803123e-15,2.784882455431873691e-15,5.232815582181163825e-15,9.453658015128519869e-16,1.106342325818382568e-15,1.525216116467522548e-15,1.476740311764055839e-15,1.803653444468866464e-15,1.519369101658103029e-15,1.910853408216894364e-15,2.889406616636559362e-15,2.635662679734671592e-15,3.555243213912765055e-15,1.794275685824189673e-15,3.025728824232468885e-15,3.273717578881658240e-15,3.180711904434199791e-15,5.031166254878645533e-15,3.591097271906253994e-15,4.457574830878093983e-15,5.165249683495292154e-13,7.255801230444197185e-15,5.440014176138564381e-15
1.530889589448737677e-15,2.149560708076272000e-15,1.719784563588388313e-15,1.625040030134081179e-15,1.881454336064026478e-15,1.718161419947453224e-15,1.652252562565132211e-15,1.935698485201705181e-15,1.464787136941334235e-15,1.435551436838066384e-15,1.230367867570948870e-15,1.601078863668176964e-15,1.457299335898198955e-15,1.757652242039568380e-15,1.702413249104801625e-15,1.959804246554433098e-15,1.778398583520655578e-15,1.499017148200168259e-15,1.585528404506509760e-15,1.514812235487099766e-15,1.662159544255319504e-15,2.458152439165405152e-15,3.306676777246429843e-15,1.400890406622584820e-15,1.548799427181002741e-15,1.661302394461144064e-15,1.747240192213479343e-15,1.892241588996796779e-15,1.647775674342864780e-15,1.677771734989861687e-15,1.450575767849273262e-15,1.461105090166268891e-15,2.053395303002132306e-15,2.872384222033817101e-15,4.939291594454740475e-15,1.212772080230544406e-15,1.297208661270317581e-15,1.471763230564059496e-15,1.712354415869816475e-15,1.977338588291840983e-15,1.694239266800625335e-15,1.489230508013424056e-15,1.344281962224943792e-15,1.453101926421687030e-15,1.832110700842092033e-15,3.229188977849760914e-15,4.001776378465994472e-15,1.196105946846392417e-15,1.166901028810796032e-15,1.304167825809628109e-15,1.494697954504234827e-15,1.702287804842299505e-15,1.513919875730311628e-15,1.594110959019617085e-15,1.620794361033129376e-15,1.694121292552688975e-15,2.757590459310233261e-15,5.095248607118455559e-15,9.526388608166349647e-16,1.111478972453178991e-15,1.518585486122240737e-15,1.477167635318175935e-15,1.794494037986691049e-15,1.521620069818571113e-15,1.904578764774059294e-15,2.832660205319818929e-15,2.614207831632269106e-15,3.513543074087495535e-15,1.788142272788282007e-15,2.945525016152381885e-15,3.185886253691210407e-15,3.104681315748068467e-15,4.840346723210848923e-15,3.526598853631010354e-15,4.416819085677886338e-15,4.693352856780787645e-13,6.958727845925675189e-15,5.252575122794391391e-15
1.546860616194437905e-15,2.170784178693973896e-15,1.739227383233974074e-15,1.658157568752544029e-15,1.901093381299132896e-15,1.735587358065750875e-15,1.666447484497311553e-15,1.947046691855546551e-15,1.475945128914615689e-15,1.449383372417320751e-15,1.244041533222111160e-15,1.619502214273199554e-15,1.487044225922522173e-15,1.775964910188836412e-15,1.719532249127095577e-15,1.976032972856655594e-15,1.787099844975203161e-15,1.512383329315593475e-15,1.598755380028040074e-15,1.530205370708233124e-15,1.678410512400948158e-15,2.469975761743148238e-15,3.306315350499938726e-15,1.414940157287843397e-15,1.560114438944889085e-15,1.675821926262539666e-15,1.760619075630208326e-15,1.902512776876251743e-15,1.661016162919324359e-15,1.692658759197947372e-15,1.460821976976713831e-15,1.471996912247800006e-15,2.050828828496259588e-15,2.867905570102742529e-15,4.930513874879749806e-15,1.222620577548193514e-15,1.307766375781258071e-15,1.477790676664201254e-15,1.703096341936776065e-15,1.958580439635945708e-15,1.702772172886870661e-15,1.498912211270266557e-15,1.356362446775821516e-15,1.461982426730265126e-15,1.825101426423995850e-15,3.170002803916372664e-15,3.927203067342992457e-15,1.204352470572275481e-15,1.177390036286974484e-15,1.310215614603943921e-15,1.499001702155110989e-15,1.706466277814916999e-15,1.522810190803934413e-15,1.599262254352896084e-15,1.626963674620933445e-15,1.701126965809999073e-15,2.739763475993262987e-15,4.982657034071864256e-15,9.615903771092450899e-16,1.118841902494210457e-15,1.515953871243699767e-15,1.481125863091431922e-15,1.790350879107840355e-15,1.527434527030614376e-15,1.903553078571108806e-15,2.786931439098493154e-15,2.601359047522897383e-15,3.485190735070525746e-15,1.786860622451613930e-15,2.877759082227038560e-15,3.111853237165502543e-15,3.041639535572228206e-15,4.675759516109633210e-15,3.476542505923312610e-15,4.393225982404394920e-15,4.215217659130015445e-13,6.703653632183642041e-15,5.093107120123632814e-15
1.565336881687840561e-15,2.195877724079909828e-15,1.761409376069306946e-15,1.691898030245522800e-15,1.923926971485934136e-15,1.755930948032788318e-15,1.683638067514793344e-15,1.962432534997630417e-15,1.489799946187834290e-15,1.465632044816863318e-15,1.259587194759651570e-15,1.640413808531992442e-15,1.517342557536508732e-15,1.797231570916057559e-15,1.739549194246004166e-15,1.995995644104865417e-15,1.799557923827938055e-15,1.528377457885164356e-15,1.614863963327245350e-15,1.548107867169041902e-15,1.697517877968532110e-15,2.487410994302016405e-15,3.315303695519196080e-15,1.431293354170817080e-15,1.574348767743779968e-15,1.693337523286440752e-15,1.777331516850760526e-15,1.916768695003100245e-15,1.677314129081439002e-15,1.710559941654989102e-15,1.473789959521241736e-15,1.485594749524286581e-15,2.053489288685148233e-15,2.871503977368955109e-15,4.937675520047449409e-15,1.234582145259086420e-15,1.320610060294587449e-15,1.486862905661542833e-15,1.698271149153349189e-15,1.945435506073255847e-15,1.714828232155088933e-15,1.511460448811494497e-15,1.370745292517104967e-15,1.473682366485918403e-15,1.822821469134522200e-15,3.122507861813651096e-15,3.867965930519845493e-15,1.214772582464979846e-15,1.189828706261260087e-15,1.318850054031071055e-15,1.506510561636900575e-15,1.714453396861759327e-15,1.534687750779285028e-15,1.607854529763719059e-15,1.636591432250358038e-15,1.711752305699011854e-15,2.730289875506909850e-15,4.891502178675038205e-15,9.720581748062910589e-16,1.128215527472604869e-15,1.516922084614370695e-15,1.488258245852047647e-15,1.790699938135468579e-15,1.536445867525497861e-15,1.907215332453669320e-15,2.750858363794475577e-15,2.596119967698507060e-15,3.468517913166999039e-15,1.789922166581762463e-15,2.820776802618027238e-15,3.049760991364670102e-15,2.989892540430218402e-15,4.533326039594457425e-15,3.439090837447500405e-15,4.384526520647170550e-15,3.801307679610338356e-13,6.483714761056109357e-15,4.957359117616574232e-15
1.586053922072873915e-15,2.224390858653153010e-15,1.786029504702289065e-15,1.726281296129564292e-15,1.949597653312510951e-15,1.778874217132595214e-15,1.703506280526809029e-15,1.981418533335395443e-15,1.506078203823505210e-15,1.484048596361060751e-15,1.276817617477964890e-15,1.663545459578399612e-15,1.548212840339289320e-15,1.821127419788169689e-15,1.762149425046076333e-15,2.019275681845838214e-15,1.815380042046245945e-15,1.546727609704806106e-15,1.633552694129571071e-15,1.568256134337759822e-15,1.719174364890629850e-15,2.509811463797802984e-15,3.332512728644538656e-15,1.449713597566683385e-15,1.591202478362142384e-15,1.713530077458070904e-15,1.797020804152951150e-15,1.934582521649223681e-15,1.696346982467133880e-15,1.731152824879136275e-15,1.489206164027412103e-15,1.501624887012472562e-15,2.060835410449151184e-15,2.882254402598502145e-15,4.958670204556364086e-15,1.248452398138902357e-15,1.335514567945681807e-15,1.498682085528946765e-15,1.697448885761890742e-15,1.937333828559727310e-15,1.730044042322173857e-15,1.526586632767107945e-15,1.387199315662994464e-15,1.487921165569980121e-15,1.824802110280954789e-15,3.085306559600876086e-15,3.822170531734031686e-15,1.227159856293062174e-15,1.204028559230429333e-15,1.329825735925945736e-15,1.516913188469545008e-15,1.725865553127344978e-15,1.549252357065796412e-15,1.619545684632661443e-15,1.649330109372376250e-15,1.725627336671768314e-15,2.728244851132618334e-15,4.818973072930077625e-15,9.839020889506214213e-16,1.139413201017946433e-15,1.521149581252169124e-15,1.498258115240831698e-15,1.795096401258203343e-15,1.548339043784361011e-15,1.915088441369753236e-15,2.723333100509373258e-15,2.597657580854410644e-15,3.462150406771818263e-15,1.796893804511602805e-15,2.773245808632675099e-15,2.998116940028059439e-15,2.948074387799914856e-15,4.409824569766196125e-15,3.412751464263220304e-15,4.388852211512086127e-15,3.455280822996703323e-13,6.293547984013420820e-15,4.841977919342259040e-15
1.608786957079557660e-15,2.255944648243135059e-15,1.812834175407628838e-15,1.761326456681761928e-15,1.977803800397818628e-15,1.804147633698118760e-15,1.725780430191434584e-15,2.003630223966730796e-15,1.524544651685508678e-15,1.504420256945028121e-15,1.295573112516493207e-15,1.688670920430651511e-15,1.579672792014216081e-15,1.847377770686331137e-15,1.787066037159762310e-15,2.045519086735124334e-15,1.834228468974071510e-15,1.567200976717501383e-15,1.654563446635617082e-15,1.590425771157543000e-15,1.743118779503078407e-15,2.536627273909081158e-15,3.356988762649780992e-15,1.469998987690967062e-15,1.610417731066026652e-15,1.736127184527790806e-15,1.819381883215576565e-15,1.955588321533833730e-15,1.717838597740344796e-15,1.754162383542165774e-15,1.506834786505644377e-15,1.519851675336182669e-15,2.072403492425493737e-15,2.899372219862279096e-15,4.991741029158768144e-15,1.264054733777084588e-15,1.352285734400246122e-15,1.512990394201332061e-15,1.700262625835792669e-15,1.933795131503847428e-15,1.748106694856244028e-15,1.544041879670038610e-15,1.405525949647400990e-15,1.504456470902855093e-15,1.830642430219470234e-15,3.057254994798273690e-15,3.788272723403004569e-15,1.241335275719175925e-15,1.219827041409220809e-15,1.342929585875628493e-15,1.529940021661974289e-15,1.740371822285980049e-15,1.566244928678467755e-15,1.634040103281248007e-15,1.664879650490589058e-15,1.742433146973481120e-15,2.732848559255501168e-15,4.762802919965811037e-15,9.970007782837377343e-16,1.152272659703039229e-15,1.528342812086487582e-15,1.510859867633565082e-15,1.803158553139978952e-15,1.562841527488954459e-15,1.926762623950896343e-15,2.703442621270399674e-15,2.605266463790847095e-15,3.464939438311458178e-15,1.807402984658272160e-15,2.734080481330968051e-15,2.955707371394140212e-15,2.915069851073454588e-15,4.302676212592879129e-15,3.396294034799584243e-15,4.404642467397204786e-15,3.167080098952690721e-13,6.128900126541131123e-15,4.744282448842480141e-15
1.633345142719994465e-15,2.290220599979956877e-15,1.841610106663607801e-15,1.797051965466727113e-15,2.008291190211170889e-15,1.831522951306646021e-15,1.750228387154657934e-15,2.028746444588529689e-15,1.544996685782402762e-15,1.526565227596696544e-15,1.315717688097892700e-15,1.715599655773212049e-15,1.611739488661163937e-15,1.875750578108228378e-15,1.814072830629985300e-15,2.074424966756002980e-15,1.855811988780025932e-15,1.589598257196251823e-15,1.677675136993125083e-15,1.614425913127485239e-15,1.769129250845525328e-15,2.567389585222828918e-15,3.387921139037214818e-15,1.491977228860633151e-15,1.631772642152742646e-15,1.760896307962133801e-15,1.844153687792397927e-15,1.979471623448090804e-15,1.741552507021703389e-15,1.779354070443861333e-15,1.526472306948200189e-15,1.540072042482619643e-15,2.087793281646927149e-15,2.922186830781200315e-15,5.035411707111359392e-15,1.281236478162421227e-15,1.370756029970316088e-15,1.529563840086961313e-15,1.706396169296232119e-15,1.934410359574335926e-15,1.768746022632369009e-15,1.563611189718556481e-15,1.425554661123554482e-15,1.523078532996575474e-15,1.839996360018493055e-15,3.037405993847925168e-15,3.764997996794773545e-15,1.257143364710341258e-15,1.237083967576476567e-15,1.357976004610701047e-15,1.545356608645877804e-15,1.757685353821297859e-15,1.585441390384192348e-15,1.651081255341147406e-15,1.682980012704666790e-15,1.761893890149424464e-15,2.743436319722531722e-15,4.721140031155159818e-15,1.011249238710177072e-15,1.166652593238401478e-15,1.538246727964515514e-15,1.525832374788333781e-15,1.814556106418302445e-15,1.579716677601179858e-15,1.941883414996685294e-15,2.690425835889742585e-15,2.618343311109494267e-15,3.475913378383783647e-15,1.821126919289070106e-15,2.702387543525274006e-15,2.921535299724239272e-15,2.889958522741514496e-15,4.209794202236080817e-15,3.388691138860712131e-15,4.430580499438551336e-15,2.925597480769981127e-13,5.986358051139512011e-15,4.662105056606079430e-15
1.659566795539192001e-15,2.326951543020117091e-15,1.872178396204791640e-15,1.833475807437521754e-15,2.040846031874293225e-15,1.860807282619192597e-15,1.776652049015742797e-15,2.056491620246392932e-15,1.567259900435480574e-15,1.550328440292750595e-15,1.337135821008882331e-15,1.744171645752260717e-15,1.644429522298807601e-15,1.906050243781072871e-15,1.842978480009139841e-15,2.105737836528962092e-15,1.879879193548642108e-15,1.613749050307672335e-15,1.702698589349817781e-15,1.640094543090547351e-15,1.797017650806362366e-15,2.601698292715049364e-15,3.424617965547870597e-15,1.515501566398973017e-15,1.655076328240219285e-15,1.787639185235281850e-15,1.871112932256706237e-15,2.005961974494439161e-15,1.767286365461963486e-15,1.806528118749176759e-15,1.547943088172158697e-15,1.562111053909618572e-15,2.106657342783305475e-15,2.950121994722147745e-15,5.088435827488499857e-15,1.299865735603527045e-15,1.390781012339058477e-15,1.548207437774312214e-15,1.715574730083844402e-15,1.938827691692179625e-15,1.791728495542808782e-15,1.585108788115254763e-15,1.447139177962956268e-15,1.543605723421762897e-15,1.852562925901284370e-15,3.024966646643645870e-15,3.751281946724770348e-15,1.274449073785458904e-15,1.255678589454054001e-15,1.374803052810285044e-15,1.562958446884710132e-15,1.777556744547904042e-15,1.606647814544509134e-15,1.670445964891792042e-15,1.703405361502433568e-15,1.783770542928389823e-15,2.759436567248198710e-15,4.692453444153740912e-15,1.026556736535557645e-15,1.182429893119500542e-15,1.550638331067607069e-15,1.542973897779927679e-15,1.829001398575241557e-15,1.598758575597392757e-15,1.960142604600123904e-15,2.683641429543132881e-15,2.636368040856809676e-15,3.494242428708061308e-15,1.837784427281160566e-15,2.677425277321259369e-15,2.894774040047135586e-15,2.871973010097781927e-15,4.129473844231586098e-15,3.389074713157674131e-15,4.465546690241893903e-15,2.721431156664411941e-13,5.863154123600304251e-15,4.593675654121326614e-15
1.687315342515933830e-15,2.365913984389626658e-15,1.904389498656505448e-15,1.870615638043869906e-15,2.075289082767524438e-15,1.891838089752670748e-15,1.804882697279247690e-15,2.086629454385081984e-15,1.591184382240630771e-15,1.575577965074798043e-15,1.359729697802499920e-15,1.774252976678229242e-15,1.677759131959823975e-15,1.938112384972529316e-15,1.873621610635359981e-15,2.139241193172202390e-15,1.906213050165149716e-15,1.639507979735936760e-15,1.729472236038419093e-15,1.667294517981748575e-15,1.826624884601815749e-15,2.639212057967511088e-15,3.466487361269710805e-15,1.540447339979070436e-15,1.680164791227331092e-15,1.816187133729338903e-15,1.900068947142384819e-15,2.034826875438674253e-15,1.794867329550264484e-15,1.835514756921765008e-15,1.571095728032381922e-15,1.585818218854329148e-15,2.128692889705470652e-15,2.982680786144321274e-15,5.149758175654750429e-15,1.319828746668377134e-15,1.412236353663956095e-15,1.568751335288065041e-15,1.727557812139509510e-15,1.946741842554167745e-15,1.816852268000482857e-15,1.608374286360933919e-15,1.470154307302800600e-15,1.565880856246587151e-15,1.868078799221944512e-15,3.019266201001243309e-15,3.746225680688158989e-15,1.293135202710706347e-15,1.275507118358749464e-15,1.393269371604042127e-15,1.582566892896471398e-15,1.799768802118356465e-15,1.629696444614040616e-15,1.691939848790227829e-15,1.725959422876635970e-15,1.807855889035469342e-15,2.780354291311755309e-15,4.675462746962629873e-15,1.042845049400767135e-15,1.199497382455360673e-15,1.565321706793739193e-15,1.562108060883597588e-15,1.846242644057794116e-15,1.619787890000841540e-15,1.981271243093066536e-15,2.682543447138803638e-15,2.658889542202984980e-15,3.519212366460736316e-15,1.857129640692768507e-15,2.658572467719533755e-15,2.874731962571539543e-15,2.860467201006477087e-15,4.060310641707112143e-15,3.396703468664040707e-15,4.508583844644182401e-15,2.547154311953854174e-13,5.757023207395878674e-15,4.537535512173806399e-15
1.716475853337575625e-15,2.406921638634984841e-15,1.938118944784186016e-15,1.908488895133579175e-15,2.111470641396451293e-15,1.924478908321376040e-15,1.834777046621674721e-15,2.118957660436242890e-15,1.616641566494233397e-15,1.602201929829808318e-15,1.383416837710485526e-15,1.805732074819562149e-15,1.711744310312271868e-15,1.971799375267066026e-15,1.905866597585348208e-15,2.174752078246350875e-15,1.934626399263365927e-15,1.666751384405979320e-15,1.757858460100943443e-15,1.695910167034770810e-15,1.857816871245543186e-15,2.679640066226611143e-15,3.513022578555157832e-15,1.566709027142361575e-15,1.706897437859274329e-15,1.846397055182674078e-15,1.930859309008681994e-15,2.065866733222340976e-15,1.824148134651939393e-15,1.866170134739100117e-15,1.595799977651797369e-15,1.611064360981629911e-15,2.153635392186305188e-15,3.019433824658217671e-15,5.218484406710022799e-15,1.341027634488621759e-15,1.435015306478204101e-15,1.591047634718030466e-15,1.742133717835569095e-15,1.957885832377748954e-15,1.843943070521891424e-15,1.633269454498916255e-15,1.494493212499608890e-15,1.589768105430679540e-15,1.886312543368111069e-15,3.019731568058990759e-15,3.749062110225793920e-15,1.313100224175734167e-15,1.296480600219733268e-15,1.413251641581273597e-15,1.604025846131968968e-15,1.824132313243588867e-15,1.654442370441804396e-15,1.715393602723463977e-15,1.750471675677984846e-15,1.833970394661817724e-15,2.805758440679041552e-15,4.669085317829182152e-15,1.060046947804893651e-15,1.217761903911496535e-15,1.582124146835994676e-15,1.583080595263968213e-15,1.866058688749293017e-15,1.642648489688558755e-15,2.005034137963145569e-15,2.686662610880121542e-15,2.685514765972124000e-15,3.550204757330812523e-15,1.878947062342662116e-15,2.645304474976539863e-15,2.860825417686548271e-15,2.854891925736897631e-15,4.001138499545416186e-15,3.410938357367674957e-15,4.558870702125935702e-15,2.397011241680228321e-13,5.666095883148430907e-15,4.492472193364800806e-15
1.746952055959355187e-15,2.449819923018698579e-15,1.973263681906704585e-15,1.947112889766107152e-15,2.149266267662715772e-15,1.958615678760310070e-15,1.866213851261635603e-15,2.153303492487744519e-15,1.643521536349505190e-15,1.630105860875665515e-15,1.408128035641694787e-15,1.838516480411757375e-15,1.746400891132629109e-15,2.006996525929369169e-15,1.939599961036139029e-15,2.212116431373523580e-15,1.964958157140286744e-15,1.695374467423860881e-15,1.787740451776589753e-15,1.725844362147335846e-15,1.890481090863233632e-15,2.722735093798824218e-15,3.563789917810360647e-15,1.594197690716805731e-15,1.735154096451109493e-15,1.878148003747448552e-15,1.963346099086851452e-15,2.098910588350808095e-15,1.855003729205452677e-15,1.898372824648974652e-15,1.621944100244102491e-15,1.637738931777128354e-15,2.181253472125872717e-15,3.060009851693417558e-15,5.293856662590939698e-15,1.363378458652910313e-15,1.459026517507482938e-15,1.614967728979093199e-15,1.759115278694938631e-15,1.972024623659476831e-15,1.872850738549805756e-15,1.659675464260600880e-15,1.520065060677852762e-15,1.615150378126628265e-15,1.907060113837337206e-15,3.025868505365247997e-15,3.759130288324262178e-15,1.334256416869136856e-15,1.318523074302930372e-15,1.434642444455830663e-15,1.627199004216980093e-15,1.850482550347221447e-15,1.680760700733922258e-15,1.740659913681610871e-15,1.776794168200874382e-15,1.861958749026602653e-15,2.835272206021094079e-15,4.672396317523170647e-15,1.078104871853484525e-15,1.237142682098641113e-15,1.600893079141906398e-15,1.605756649840755111e-15,1.888254867154861696e-15,1.667204613287382887e-15,2.031225437089165291e-15,2.695591939878665829e-15,2.715900235098895322e-15,3.586681814284085659e-15,1.903047609225649862e-15,2.637174617929659178e-15,2.852557732116406884e-15,2.854776140069214774e-15,3.950982478349839959e-15,3.431223966337675230e-15,4.615701265729292648e-15,2.266547166730077907e-13,5.588817609256648087e-15,4.457469814605395471e-15
1.778663761462908339e-15,2.494481262714049151e-15,2.009738942208743075e-15,1.986504880960628410e-15,2.188573117916314848e-15,1.994153590655478347e-15,1.899090972497244591e-15,2.189519909651318101e-15,1.671730681511664103e-15,1.659210377482078586e-15,1.433805578610051864e-15,1.872530081920423167e-15,1.781744622017210019e-15,2.043608808626064930e-15,1.974727264396770828e-15,2.251205097461146477e-15,1.997070063788001122e-15,1.725288825721256602e-15,1.819019488450876188e-15,1.757015986985301228e-15,1.924523608518068882e-15,2.768287604420059736e-15,3.618418706079692988e-15,1.622838766954102715e-15,1.764832435531113502e-15,1.911338221566656003e-15,1.997412675176711706e-15,2.133812451477447541e-15,1.887328365554035297e-15,1.932020801344736514e-15,1.649432583738742354e-15,1.665747682256283714e-15,2.211344743592565737e-15,3.104088015640880736e-15,5.375233542922440667e-15,1.386809520163667570e-15,1.484192125908523784e-15,1.640400031547680790e-15,1.778336500825968390e-15,1.988950173995275269e-15,1.903446236646780749e-15,1.687490506575172253e-15,1.546792978109924268e-15,1.641927047322888478e-15,1.930141284127999474e-15,3.037247082971382584e-15,3.775855758987164681e-15,1.356528244479051539e-15,1.341569967061944584e-15,1.457348432648906757e-15,1.651967546761314542e-15,1.878676330972309582e-15,1.708544126207303492e-15,1.767610844889381376e-15,1.804798809538057133e-15,1.891686914129206761e-15,2.868565396217157185e-15,4.684598142968181429e-15,1.096969770969110294e-15,1.257569902323174520e-15,1.621493595136381813e-15,1.630018526648587432e-15,1.912659670791950738e-15,1.693338460764196677e-15,2.059665009508055207e-15,2.708975628260547594e-15,2.749745312597912448e-15,3.628174603316421640e-15,1.929265379529965842e-15,2.633799568569908381e-15,2.849502779237442625e-15,2.859712283751729047e-15,3.909022242394885620e-15,3.457074306030398282e-15,4.678468278658977470e-15,2.152293888118063995e-13,5.523886743564719359e-15,4.431670600794978104e-15
1.811544640069716569e-15,2.540801083724706547e-15,2.047475563236218148e-15,2.026682137995396798e-15,2.229306805208620295e-15,2.031014366103630454e-15,1.933322836224334123e-15,2.227482257972730859e-15,1.701189656813732824e-15,1.689449189232189077e-15,1.460401698436769086e-15,1.907710745431913430e-15,1.817791225537187137e-15,2.081558040975492185e-15,2.011170442121410879e-15,2.291910384760108712e-15,2.030843868173458617e-15,1.756420302699836410e-15,1.851612571600760944e-15,1.789357747735270233e-15,1.959866504810329314e-15,2.816120678559040214e-15,3.676592846248123430e-15,1.652570145759005600e-15,1.795845716371264453e-15,1.945882570229282726e-15,2.032960873002616460e-15,2.170448133576542244e-15,1.921033074399393469e-15,1.967028826764241020e-15,1.678184145652675143e-15,1.695010632646564233e-15,2.243732351691213895e-15,3.151391426569251670e-15,5.462073370327617298e-15,1.411259876771688510e-15,1.510446100111718316e-15,1.667248013386373961e-15,1.799649893864459956e-15,2.008477563074094997e-15,1.935619079488883464e-15,1.716627715511254508e-15,1.574612266915002592e-15,1.670011976204375375e-15,1.955396756333400520e-15,3.053490407701074501e-15,3.798735432991287099e-15,1.379850935923717030e-15,1.365566685424934546e-15,1.481288740606377149e-15,1.678228147736900842e-15,1.908589500608438761e-15,1.737700799006222682e-15,1.796135586042037964e-15,1.834375031950461495e-15,1.923039575674131207e-15,2.905348342137975627e-15,4.704996973287400611e-15,1.116600082767392712e-15,1.278983464901488130e-15,1.643806420256486326e-15,1.655763740525240971e-15,1.939122015967336223e-15,1.720948114012713789e-15,2.090195419082207629e-15,2.726500407248852676e-15,2.786786752826690042e-15,3.674273670382459267e-15,1.957454955776441258e-15,2.634847814365600632e-15,2.851292039381882771e-15,2.869344831047706006e-15,3.874563469238251217e-15,3.488061864429748803e-15,4.746649711450523494e-15,2.051527414183050382e-13,5.470206467574243291e-15,4.414344873801462888e-15
1.845540300762858032e-15,2.588694393787082835e-15,2.086417697232327376e-15,2.067661992873533717e-15,2.271398710865621830e-15,2.069133921774409134e-15,1.968838225281367934e-15,2.267085385675346550e-15,1.731831596342986870e-15,1.720767355457655521e-15,1.487877229998063086e-15,1.944008284504818720e-15,1.854556451185069207e-15,2.120780470423714186e-15,2.048865497798390703e-15,2.334143093837383833e-15,2.066178873731059041e-15,1.788707119040269018e-15,1.885450369831122859e-15,1.822814279234088784e-15,1.996445657131604247e-15,2.866085634491563362e-15,3.738043599780308980e-15,1.683340503967440401e-15,1.828120829089114206e-15,1.981710302311002293e-15,2.069908573733161176e-15,2.208712486850344149e-15,1.956043467352285693e-15,2.003326183530356128e-15,1.708129985189782197e-15,1.725460295402956642e-15,2.278262037789076595e-15,3.201681679003802867e-15,5.553920034693231837e-15,1.436678038370948455e-15,1.537732778977238813e-15,1.695428486998418469e-15,1.822924310182824097e-15,2.030441933320428715e-15,1.969275079895051150e-15,1.747013349572609510e-15,1.603468847140807778e-15,1.699331785832596556e-15,1.982685779972624011e-15,3.074265840447879051e-15,3.827325887382100165e-15,1.404169234641765875e-15,1.390467382240423711e-15,1.506393591386197973e-15,1.705891246483503784e-15,1.940114748844131634e-15,1.768152475245635997e-15,1.826138494071263410e-15,1.865427751746216616e-15,1.955917919521156716e-15,2.945366921274165508e-15,4.732984673189045736e-15,1.136960832825348018e-15,1.301331885901170088e-15,1.667726215626861096e-15,1.682903332970299529e-15,1.967508958204082898e-15,1.749945721271601919e-15,2.122679347020138012e-15,2.747888808010196960e-15,2.826794198605396828e-15,3.724621432404099268e-15,1.987489110858247967e-15,2.640030493894815670e-15,2.857604353635819420e-15,2.883361303445889723e-15,3.847015258346965647e-15,3.523809089624553612e-15,4.819797486713348697e-15,1.962087093528234323e-13,5.426847089746876574e-15,4.404867423641378582e-15
1.880606634378708355e-15,2.638092867719169339e-15,2.126520855389049173e-15,2.109461884957055814e-15,2.314793684833937698e-15,2.108460359085220607e-15,2.005578362108697815e-15,2.308241128555701002e-15,1.763600548685846480e-15,1.753119772998003175e-15,1.516200448870695505e-15,1.981382723815977531e-15,1.892056119865850388e-15,2.161224702016225117e-15,2.087760522728612810e-15,2.377829952771980933e-15,2.102989787962055080e-15,1.822098245377645550e-15,1.920475427371797120e-15,1.857340507755361207e-15,2.034208824864862398e-15,2.918058235330244245e-15,3.802543368026025312e-15,1.715107859172666317e-15,1.861596573558064760e-15,2.018763127774567298e-15,2.108187587781454613e-15,2.248516994877703929e-15,1.992297823539062783e-15,2.040854710437599249e-15,1.739212248386541709e-15,1.757040117198439212e-15,2.314799610318122888e-15,3.254754134874263785e-15,5.650390920416372352e-15,1.463020818889583324e-15,1.566005590525893713e-15,1.724870095003754134e-15,1.848043165354073287e-15,2.054696045409094550e-15,2.004334373128816383e-15,1.778585193633761989e-15,1.633317895303072341e-15,1.729824330439333384e-15,2.011884151022659465e-15,3.099278127353854136e-15,3.861234260807425024e-15,1.429436293074625303e-15,1.416233872144117465e-15,1.532603065497100636e-15,1.734879528211664542e-15,1.973159695652088157e-15,1.799832881588369239e-15,1.857537371763524868e-15,1.897875577246967731e-15,1.990237679606851640e-15,2.988398413309919641e-15,4.768024763246873044e-15,1.158022840856539760e-15,1.324571322990986538e-15,1.693160129870539309e-15,1.711360390921657152e-15,1.997703744150321287e-15,1.780255899260440741e-15,2.156997362329182649e-15,2.772893881025986253e-15,2.869566385877743111e-15,3.778905869174795149e-15,2.019256823012204013e-15,2.649094087497036519e-15,2.868157777540374348e-15,2.901485194216642796e-15,3.825872111245423225e-15,3.563981677244555081e-15,4.897527915684123161e-15,1.882241880527757366e-13,5.393016190814827952e-15,4.402698753407116045e-15
1.916708385446998402e-15,2.688942366132144215e-15,2.167750240805780126e-15,2.152099399261641688e-15,2.359448080930666997e-15,2.148952239101930703e-15,2.043495244526501469e-15,2.350876115600059631e-15,1.796450105174139678e-15,1.786469863521840365e-15,1.545346065710064423e-15,2.019802816301600466e-15,1.930306162235902685e-15,2.202849923300970220e-15,2.127813992350512267e-15,2.422911404502745773e-15,2.141204833718277025e-15,1.856551986438982675e-15,1.956640604374408126e-15,1.892900237265089065e-15,2.073113998700908936e-15,2.971935399093766818e-15,3.869900303270146340e-15,1.747838316235950117e-15,1.896222153994290187e-15,2.056993537328224036e-15,2.147741813999584879e-15,2.289787664428260541e-15,2.029745423978487776e-15,2.079567100994527708e-15,1.771382679242881588e-15,1.789703112326088222e-15,2.353228736653645739e-15,3.310433821590786665e-15,5.751166555804186658e-15,1.490252325443576174e-15,1.595225926519211636e-15,1.755511972279286227e-15,1.874902944551613846e-15,2.081108297292977970e-15,2.040729679132699094e-15,1.811291152911076683e-15,1.664122655250503792e-15,1.761437352948962598e-15,2.042882499114221340e-15,3.128264001692496481e-15,3.900111117339815856e-15,1.455612693923838624e-15,1.442834679860143406e-15,1.559866007976614940e-15,1.765126579042870502e-15,2.007645202809824992e-15,1.832686275956910452e-15,1.890261946408420938e-15,1.931649226438216377e-15,2.025927417534711693e-15,3.034247981496610658e-15,4.809641484698495313e-15,1.179762022101616660e-15,1.348664710400398233e-15,1.720026543217343463e-15,1.741068735523593745e-15,2.029604123533535712e-15,1.811814319667096519e-15,2.193045969511531356e-15,2.801295030828076847e-15,2.914927888621378598e-15,3.836855191789331253e-15,2.052661535362708215e-15,2.661814570580442003e-15,2.882703085867782810e-15,2.923470383802610991e-15,3.810699434108861187e-15,3.608283198696804691e-15,4.979513487024144206e-15,1.810591343348199876e-13,5.368034763113085450e-15,4.407370047854735817e-15
1.953817922832402955e-15,2.741200826500988029e-15,2.210079330675410809e-15,2.195592299336758318e-15,2.405328080257340163e-15,2.190577103793374845e-15,2.082550202740115308e-15,2.394929854295862435e-15,1.830342197629073891e-15,1.820788435541309684e-15,1.575294357475594230e-15,2.059244778269977387e-15,1.969322651758292600e-15,2.245624385806898597e-15,2.168993303530783606e-15,2.469339700054567148e-15,2.180764088715711977e-15,1.892034750514217436e-15,1.993907720327885014e-15,1.929464930291945883e-15,2.113127979569558099e-15,3.027632345005664244e-15,3.939953623846611000e-15,1.781504982031862868e-15,1.931955861274681580e-15,2.096363350205941801e-15,2.188525639702298175e-15,2.332463180594816367e-15,2.068345102916559843e-15,2.119425431487039727e-15,1.804601434550581126e-15,1.823410664554012025e-15,2.393448996601265813e-15,3.368571841891872149e-15,5.855981722624304202e-15,1.518343068356152295e-15,1.625362154594047104e-15,1.787302558419745162e-15,1.903411925095815389e-15,2.109561092018062497e-15,2.078404772526195249e-15,1.845088015734115273e-15,1.695853400650075339e-15,1.794127298834577446e-15,2.075584797288226365e-15,3.160987914659747426e-15,3.943644799716193332e-15,1.482665583361809730e-15,1.470244205558445714e-15,1.588139055667361317e-15,1.796575690124594747e-15,2.043503877543679886e-15,1.866666178552219275e-15,1.924252520483935399e-15,1.966690126136630622e-15,2.062927003382537274e-15,3.082745635511345799e-15,4.857411218287641677e-15,1.202158775050273334e-15,1.373580990017972171e-15,1.748253962932111612e-15,1.771971755724361229e-15,2.063120866504848544e-15,1.844566455054267873e-15,2.230735883647182027e-15,2.832894702965938830e-15,2.962726286960532147e-15,3.898233260841134423e-15,2.087619619489187181e-15,2.677992727699272436e-15,2.901018584202289073e-15,2.949096719449944189e-15,3.801121781709723682e-15,3.656450726557985646e-15,5.065475759722287434e-15,1.745991955785548621e-13,5.351317981090713719e-15,4.418470954250156170e-15
1.991914183976419542e-15,2.794836473277005623e-15,2.253488673053492523e-15,2.239958557120499607e-15,2.452408262511174869e-15,2.233310208026789833e-15,2.122712649588672590e-15,2.440353061061664532e-15,1.865246046509806418e-15,1.856052699535126007e-15,1.606030417886758890e-15,2.099691212419186116e-15,2.009121832974849163e-15,2.289524107589059070e-15,2.211273520158411449e-15,2.517077257211304885e-15,2.221618025555472026e-15,1.928519981233023547e-15,2.032246375375566127e-15,1.967012657877732144e-15,2.154225156869028802e-15,3.085080125317425803e-15,4.012569535779544976e-15,1.816087026406736639e-15,1.968763920514209664e-15,2.136842457736103091e-15,2.230502551380506377e-15,2.376493292874801904e-15,2.108063989149437406e-15,2.160399889062671706e-15,1.838836043229277492e-15,1.858131477493334334e-15,2.435374154905952803e-15,3.429042218880779725e-15,5.964617826365753184e-15,1.547269177787850754e-15,1.656388751969007380e-15,1.820198542255022935e-15,1.933489064827775846e-15,2.139949468319867173e-15,2.117313135369685377e-15,1.879940365328956051e-15,1.728486530731395981e-15,1.827858269855782817e-15,2.109907047581970282e-15,3.197238630362751488e-15,3.991556902030727834e-15,1.510567903679714262e-15,1.498441993631061651e-15,1.617385770376803367e-15,1.829178791420335871e-15,2.080678743230483176e-15,1.901734253179089198e-15,1.959458772631179204e-15,2.002949170328230910e-15,2.101186273141851165e-15,3.133743574064932072e-15,4.910955687392352059e-15,1.225197431295713443e-15,1.399294428454881708e-15,1.777780041129000629e-15,1.804021368109588938e-15,2.098176447554578876e-15,1.878466464547943040e-15,2.269990496844907759e-15,2.867515719873381990e-15,3.012829675992245565e-15,3.962835596544862128e-15,2.124059034299346585e-15,2.697450391932674912e-15,2.922905959128695969e-15,2.978166502409928131e-15,3.796813257357179954e-15,3.708251203322205699e-15,5.155179187695748765e-15,1.687501763809240750e-13,5.342359586265386116e-15,4.435639476806603221e-15
2.030981770020747236e-15,2.849826295527844857e-15,2.297964857364716158e-15,2.285216379070698530e-15,2.500670390452657454e-15,2.277133426437325238e-15,2.163958998647388273e-15,2.487106204901458840e-15,1.901137241684149075e-15,1.892245416188724212e-15,1.637543511022024858e-15,2.141130191434064827e-15,2.049720145309315988e-15,2.334531764594735499e-15,2.254636297125370120e-15,2.566095248159318993e-15,2.263726227509939346e-15,1.965987230178416601e-15,2.071632926083645176e-15,2.005527195121008682e-15,2.196386457807424249e-15,3.144223489338525738e-15,4.087637688386633428e-15,1.851568869809855764e-15,2.006619483081926862e-15,2.178407736193029299e-15,2.273643928482526342e-15,2.421837403234362449e-15,2.148876412709580402e-15,2.202467672978472239e-15,1.874060492414572513e-15,1.893840654881193509e-15,2.478930619948174322e-15,3.491739115297753554e-15,6.076896371537243447e-15,1.577011715422896151e-15,1.688285545796795742e-15,1.854163922830844144e-15,1.965063020762013478e-15,2.172179929984458395e-15,2.157416770171867596e-15,1.915819622300695187e-15,1.762003781896244069e-15,1.862601100655833449e-15,2.145776108069247790e-15,3.236826477901021804e-15,4.043598576638360694e-15,1.539297714056702221e-15,1.527412091895031369e-15,1.647575865291718985e-15,1.862895498909633676e-15,2.119122056164058173e-15,1.937859320656360299e-15,1.995838690299281940e-15,2.040385618196802819e-15,2.140663840974487428e-15,3.187113834562273640e-15,4.969936510239514236e-15,1.248865782219065814e-15,1.425784011135966148e-15,1.808550693801010750e-15,1.837177087963814455e-15,2.134703867228094093e-15,1.913476202197590150e-15,2.310744508067958287e-15,2.904999107888714597e-15,3.065124454939189458e-15,4.030485867356115812e-15,2.161918186455702152e-15,2.720027423822590996e-15,2.948186954835536745e-15,3.010501680918943282e-15,3.797489624412472345e-15,3.763478364822464159e-15,5.248425750789697833e-15,1.634338398257617111e-13,5.340719134382779347e-15,4.458554102398142568e-15
2.071010169692657100e-15,2.906154745499463371e-15,2.343499629908942166e-15,2.331384241514983364e-15,2.550102373597576226e-15,2.322034314406392028e-15,2.206271724753644202e-15,2.535158233894792740e-15,1.937996939115630221e-15,1.929354158361542727e-15,1.669826512304498175e-15,2.183554473838782287e-15,2.091134244560415688e-15,2.380635739613143346e-15,2.299068953729443167e-15,2.616372379996660671e-15,2.307056255844623062e-15,2.004421349067640654e-15,2.112049592628946956e-15,2.044997239309664275e-15,2.239598440888612200e-15,3.205019030199047297e-15,4.165068069971458229e-15,1.887939483527133345e-15,2.045501742431528342e-15,2.221042102981276458e-15,2.317927993083624684e-15,2.468463327466379215e-15,2.190762952312143017e-15,2.245612042197745426e-15,1.910254422737918301e-15,1.930518892383076874e-15,2.524056061126244247e-15,3.556574374160398109e-15,6.192673506070945600e-15,1.607556072094708463e-15,1.721037045140338154e-15,1.889169171580929359e-15,1.998071269981590661e-15,2.206169423687876827e-15,2.198685151212956791e-15,1.952703199704195870e-15,1.796391537965955788e-15,1.898332541470434125e-15,2.183128634856767202e-15,3.279581097117517374e-15,4.099547471616935088e-15,1.568837588067974832e-15,1.557142488204246739e-15,1.678684512436883506e-15,1.897692260042439795e-15,2.158794248914282595e-15,1.975016486396231871e-15,2.033357616486580772e-15,2.078966113293879882e-15,2.181326045341072108e-15,3.242746191764732315e-15,5.034050759154039455e-15,1.273154674084424108e-15,1.453032903464364053e-15,1.840519303071735525e-15,1.871405195972652332e-15,2.172645588714349520e-15,1.949564331744772652e-15,2.352942692614041517e-15,2.945202292269502530e-15,3.119513349545197498e-15,4.101032763256998219e-15,2.201144727032967962e-15,2.745579278873066509e-15,2.976700703138222299e-15,3.045941588538439988e-15,3.802901786653276543e-15,3.821950075993778271e-15,5.345050349273926394e-15,1.585847020999948885e-13,5.346011524186878458e-15,4.486929954115102901e-15
2.111993069471399363e-15,2.963812601238141507e-15,2.390089147730858475e-15,2.378480937972839455e-15,2.600697358309663876e-15,2.368005300108354437e-15,2.249638540338662990e-15,2.584485454974498834e-15,1.975811142273258740e-15,1.967370659236591039e-15,1.702875419047382427e-15,2.226960819979055794e-15,2.133380993549922773e-15,2.427829299705500847e-15,2.344563673462000993e-15,2.667893834896704334e-15,2.351582645510126923e-15,2.043811782913006202e-15,2.153483679933356801e-15,2.085415732011264630e-15,2.283852507858002599e-15,3.267433514516359322e-15,4.244788174487763849e-15,1.925191772032658395e-15,2.085395155126426408e-15,2.264733694998607017e-15,2.363338890713167003e-15,2.516346205187858399e-15,2.233709601877408329e-15,2.289821486637673987e-15,1.947402418310403128e-15,1.968151766894222982e-15,2.570698161825407646e-15,3.623475335085620906e-15,6.311835599335297549e-15,1.638891432099719583e-15,1.754631850733371974e-15,1.925190475441083631e-15,2.032459282092782534e-15,2.241844395800010819e-15,2.241094295083774969e-15,1.990573755818075220e-15,1.831640227893368920e-15,1.935034534894104279e-15,2.221910119123334761e-15,3.325349536197940872e-15,4.159205074736091408e-15,1.599174074903035157e-15,1.587624615748492040e-15,1.710691722245383588e-15,1.933541584057251234e-15,2.199662983189232296e-15,2.013186367438412194e-15,2.071987395069076256e-15,2.118663808882588488e-15,2.223146011452181474e-15,3.300546257109015925e-15,5.103027150363214570e-15,1.298057688104379133e-15,1.481027961747240032e-15,1.873645980043847176e-15,1.906677976568982042e-15,2.211952570569536581e-15,1.986705535630476872e-15,2.396538792272393817e-15,2.987997558809699696e-15,3.175913628010667240e-15,4.174347119393860781e-15,2.241694563398308171e-15,2.773975017788896516e-15,3.008301547332851133e-15,3.084341067025250242e-15,3.812830350038781989e-15,3.883505943025503844e-15,5.444916837978715814e-15,1.541474475631992698e-13,5.357898391013638977e-15,4.520514860092051863e-15
2.153927885175976983e-15,3.022796346756140059e-15,2.437733519922481430e-15,2.426525540465124639e-15,2.652453168528659396e-15,2.415043211809727486e-15,2.294051859598345094e-15,2.635070758761121856e-15,2.014570210187564181e-15,2.006290385725575759e-15,1.736689035924912196e-15,2.271349559002592078e-15,2.176477633159117988e-15,2.476110081419393387e-15,2.391116992864908359e-15,2.720650566032649335e-15,2.397286225394061108e-15,2.084152113598229047e-15,2.195927059669124033e-15,2.126779423166641033e-15,2.329144393231236406e-15,3.331442787855431778e-15,4.326741322227306497e-15,1.963322160966821740e-15,2.126288924383496802e-15,2.309475335328354537e-15,2.409866080369197716e-15,2.565467743409918184e-15,2.277707212608774252e-15,2.335089174409005128e-15,1.985493523012429451e-15,2.006729256721955863e-15,2.618813706067868950e-15,3.692383179345382392e-15,6.434290032391690452e-15,1.671010401790551983e-15,1.789062260487288367e-15,1.962209223819502127e-15,2.068179945436179756e-15,2.279140197401619340e-15,2.284626125593400221e-15,2.029418691382369074e-15,1.867743928600513360e-15,1.972693716575098291e-15,2.262074179008114826e-15,3.373994913704078364e-15,4.222394903840138078e-15,1.630297324674983956e-15,1.618853024237437464e-15,1.743581905880613590e-15,1.970421507146038411e-15,2.241702472403845024e-15,2.052354559743279692e-15,2.111705779516442980e-15,2.159457747851274042e-15,2.266103006533460140e-15,3.360434061941063370e-15,5.176623621261428259e-15,1.323570662919566527e-15,1.509759376814226665e-15,1.907897023054360408e-15,1.942973166899999414e-15,2.252583559050336270e-15,2.024879954720702108e-15,2.441494707588071290e-15,3.033270926462145320e-15,3.234255753845527896e-15,4.250320059259180721e-15,2.283531246797992310e-15,2.805095963796297361e-15,3.042857518034545521e-15,3.125569242411848503e-15,3.827081261656992498e-15,3.948005692637845968e-15,5.547911502543085199e-15,1.500756604390880088e-13,5.376080106743177067e-15,4.559061121421110998e-15
2.196815131198226228e-15,3.083106921350769962e-15,2.486436000003870309e-15,2.475537452590448479e-15,2.705371393133718949e-15,2.463148373718560241e-15,2.339507952398472813e-15,2.686902517019817485e-15,2.054268149370764791e-15,2.046111882941997668e-15,1.771268472567163583e-15,2.316723921733278465e-15,2.220441558351563082e-15,2.525479243354857706e-15,2.438728976620417602e-15,2.774638247586136096e-15,2.444153070975384232e-15,2.125439316112197049e-15,2.239375367196743882e-15,2.169088168132378359e-15,2.375473366314704648e-15,3.397030191131134898e-15,4.410883684449373239e-15,2.002329987487038956e-15,2.168176184181078325e-15,2.355263677592165839e-15,2.457503394078606101e-15,2.615815125618332117e-15,2.322750645572873164e-15,2.381412119905604697e-15,2.024520505946323771e-15,2.046245002659952772e-15,2.668367308497928472e-15,3.763250904871405021e-15,6.559970167150328280e-15,1.703908461058337362e-15,1.824323652587969985e-15,2.000211203296659974e-15,2.105192704632255236e-15,2.318000039509678959e-15,2.329267506607521561e-15,2.069229362085935210e-15,1.904699730297527979e-15,2.011300664133288820e-15,2.303581544039632816e-15,3.425394717115180014e-15,4.288960043538316644e-15,1.662200535661013348e-15,1.650824855578495550e-15,1.777343223873548452e-15,2.008314768295992226e-15,2.284892510812825198e-15,2.092510837810831710e-15,2.152495525235992658e-15,2.201331965898760528e-15,2.310181456950472527e-15,3.422342163871016900e-15,5.254623852805147052e-15,1.349691619194065533e-15,1.539220205227554575e-15,1.943244161278849667e-15,1.980273203463588020e-15,2.294504072881387591e-15,2.064072368118008226e-15,2.487779354531735801e-15,3.080920756647015589e-15,3.294481634760801145e-15,4.328859897775411376e-15,2.326624753279671721e-15,2.838834088345415208e-15,3.080248652272937585e-15,3.169507868849805393e-15,3.845481905493627318e-15,4.015326680895975906e-15,5.653944850300197508e-15,1.463292189581086223e-13,5.400291384613147132e-15,4.602363131836893713e-15
2.240658104182972770e-15,3.144749360179471958e-15,2.536202704962730246e-15,2.525536375831698691e-15,2.759457032260999027e-15,2.512324317924139132e-15,2.386006579069017241e-15,2.739974032169433254e-15,2.094902268981709715e-15,2.086836483538850972e-15,1.806616931913191931e-15,2.363089760413869120e-15,2.265290480168022726e-15,2.575941129972210401e-15,2.487402879314572588e-15,2.829856797162624683e-15,2.492174018755752267e-15,2.167673446698244127e-15,2.283827642998721717e-15,2.212344635431805821e-15,2.422841890167221351e-15,3.464185803515633525e-15,4.497183156038014402e-15,2.042217222334458711e-15,2.211053637188629542e-15,2.402098844918480233e-15,2.506248615620563252e-15,2.667380471390127020e-15,2.368838384392343942e-15,2.428790804453490992e-15,2.064479515100802284e-15,2.086695967616851700e-15,2.719330706864677680e-15,3.836042075408241366e-15,6.688827318699109159e-15,1.737583701655967592e-15,1.860414205840283418e-15,2.039186219274899369e-15,2.143463092824864124e-15,2.358374522985047768e-15,2.375009784615035830e-15,2.110000719713854747e-15,1.942507460360644080e-15,2.050849534069277322e-15,2.346399485959076302e-15,3.479439804876354364e-15,4.358761808363599876e-15,1.694879679672990827e-15,1.683539612175877771e-15,1.811967257047031570e-15,2.047208407485228856e-15,2.329217962327262716e-15,2.133648768171960490e-15,2.194343950742352974e-15,2.244275029398781063e-15,2.355370478408889015e-15,3.486214523649964230e-15,5.336835561036791379e-15,1.376420374284337026e-15,1.569406103985378451e-15,1.979664120469402565e-15,2.018564801135385542e-15,2.337685841914691130e-15,2.104271773410975637e-15,2.535368040041502343e-15,3.130856883214733151e-15,3.356543560528304938e-15,4.409890730607715784e-15,2.370951065389304638e-15,2.875091178318173526e-15,3.120366011649582884e-15,3.216050508619345676e-15,3.867878056168667065e-15,4.085362609625851269e-15,5.762946014927600934e-15,1.428737993720959500e-13,5.430295361510074574e-15,4.650231038539957740e-15
2.285462504742242271e-15,3.207732203134659660e-15,2.587042234512122583e-15,2.576542348758161974e-15,2.814718017072905256e-15,2.562577344339022524e-15,2.433550539228005112e-15,2.794282908297682724e-15,2.136472763994301032e-15,2.128467949676440049e-15,1.842739444941418936e-15,2.410455190705810619e-15,2.311042414630006228e-15,2.627502845080982566e-15,2.537144724549497297e-15,2.886309809485291325e-15,2.541344082501539905e-15,2.210857254059875310e-15,2.329285902579985741e-15,2.256553943533345895e-15,2.471255200593869403e-15,3.532905508364471322e-15,4.585617727122892705e-15,2.082988124931454193e-15,2.254921113347833152e-15,2.449983982641886985e-15,2.556102973615258138e-15,2.720160217496584202e-15,2.415972074115965503e-15,2.477228727316451055e-15,2.105369668991127950e-15,2.128082031718005822e-15,2.771681975954545110e-15,3.910729529553131234e-15,6.820828586660625865e-15,1.772036513834977215e-15,1.897334562452433240e-15,2.079127634611778628e-15,2.182962163397459720e-15,2.400220999589463372e-15,2.421848246323142216e-15,2.151730879154833161e-15,1.981169347370033119e-15,2.091337638487128285e-15,2.390501174969507645e-15,3.536033336140350683e-15,4.431678161884532493e-15,1.728333180729295243e-15,1.716998875353245109e-15,1.847448625814379693e-15,2.087093286811959027e-15,2.374668181560400715e-15,2.175765257310519474e-15,2.237242415493041618e-15,2.288279509877856988e-15,2.401663319442576541e-15,3.552005283774756199e-15,5.423088387120466620e-15,1.403758371002991729e-15,1.600315031065835537e-15,2.017138125539777106e-15,2.057838472895522439e-15,2.382106171209673497e-15,2.145470906238880382e-15,2.584241761206080011e-15,3.182999700280018708e-15,3.420403069151101616e-15,4.493350612018363167e-15,2.416491464466847252e-15,2.913777960867751887e-15,3.163110724512288427e-15,3.265101591610855403e-15,3.894131265883299982e-15,4.158021980007129040e-15,5.874860526989894611e-15,1.396797930027256694e-13,5.465879609762864916e-15,4.702490751306293193e-15
2.331236136259129583e-15,3.272067014855407400e-15,2.638965335168702260e-15,2.628575766533839629e-15,2.871164822414412750e-15,2.613916163403363260e-15,2.482145288872524863e-15,2.849830510602755119e-15,2.178982368876903587e-15,2.171012172963823936e-15,1.879642647316730875e-15,2.458830298736644492e-15,2.357715694269506091e-15,2.680173890852423781e-15,2.587962946253466662e-15,2.944004075239656505e-15,2.591661948920444281e-15,2.254995845341458954e-15,2.375754766009920172e-15,2.301723351352790002e-15,2.520720949965078206e-15,3.603190237952809748e-15,4.676174165130757299e-15,2.124648965178528404e-15,2.299781189130811215e-15,2.498924875491773420e-15,2.607070707432598393e-15,2.774154583214681048e-15,2.464156126305345591e-15,2.526732022341548580e-15,2.147192702436481705e-15,2.170405641114201042e-15,2.825404830169795641e-15,3.987294250462364172e-15,6.955954834295417516e-15,1.807269318990611455e-15,1.935087536089976315e-15,2.120031968642856614e-15,2.223665990856229660e-15,2.443503009070152904e-15,2.469781647456511449e-15,2.194420742163268544e-15,2.020689729585388271e-15,2.132765074886717447e-15,2.435865098326848081e-15,3.595089808850412570e-15,4.507602311907789593e-15,1.762561637063464974e-15,1.751206060344466597e-15,1.883784653989533832e-15,2.127963668773436565e-15,2.421236504743507905e-15,2.218860157905762735e-15,2.281185861932016848e-15,2.333341522718521066e-15,2.449056875582212650e-15,3.619677677307935744e-15,5.513232065789603496e-15,1.431708506187425797e-15,1.631946991273782945e-15,2.055651460527328191e-15,2.098088115904595955e-15,2.427747371064749759e-15,2.187665816975149414e-15,2.634386582706246916e-15,3.237279332487439106e-15,3.486029936474900477e-15,4.579189985836373375e-15,2.463231898669461489e-15,2.954813387753067532e-15,3.208393192290057167e-15,3.316575603816272351e-15,3.924116690236468311e-15,4.233226708258339642e-15,5.989648341578660669e-15,1.367215285352010273e-13,5.506852747509730436e-15,4.758984355558015630e-15
2.377988653577969413e-15,3.337767987712260153e-15,2.691984631350558236e-15,2.681657389153407839e-15,2.928810147551641922e-15,2.666351596013226492e-15,2.531798617503637924e-15,2.906621506266675938e-15,2.222436061963527448e-15,2.214476919758576423e-15,1.917334591373395693e-15,2.508226899601133685e-15,2.405328976372531364e-15,2.733965867734390380e-15,2.639868089607354334e-15,3.002949178695251441e-15,2.643129544697360713e-15,2.300096403769538999e-15,2.423241144481194679e-15,2.347861998824033106e-15,2.571248909609216767e-15,3.675045339486119126e-15,4.768846893936528668e-15,2.167207784965683339e-15,2.345638862999770005e-15,2.548929625304805060e-15,2.659158699882013073e-15,2.829367114134155924e-15,2.513397384682600094e-15,2.577309135685538490e-15,2.189952663187635784e-15,2.213671508152311904e-15,2.880488010359494916e-15,4.065724387986268579e-15,7.094198836584730245e-15,1.843286339653311300e-15,1.973677862210963086e-15,2.161898548208611417e-15,2.265555216684109714e-15,2.488189764240103653e-15,2.518811807868834747e-15,2.238073674799404335e-15,2.061074807725348081e-15,2.175134407685160545e-15,2.482474539864245180e-15,3.656534188971326476e-15,4.586441435446107323e-15,1.797567580611741301e-15,1.786166207321866416e-15,1.920975075874750509e-15,2.169816847740435732e-15,2.468919806208436229e-15,2.262935930069976291e-15,2.326172417225436616e-15,2.379460327157815563e-15,2.497551270084271935e-15,3.689203061894360633e-15,5.607134778508714456e-15,1.460274962743180431e-15,1.664303815752432836e-15,2.095193075478450717e-15,2.139310649523092886e-15,2.474596249827471686e-15,2.230855502764062261e-15,2.685793089466450022e-15,3.293634878466485704e-15,3.553401283647252131e-15,4.667370304882371269e-15,2.511162603141628192e-15,2.998124034678625124e-15,3.256132417182052253e-15,3.370396367045613716e-15,3.957721281705829383e-15,4.310910873336532473e-15,6.107282051586589138e-15,1.339766339874476839e-13,5.553041610568483647e-15,4.819568173929820126e-15
2.425731349474002368e-15,3.404851616073565345e-15,2.746114404343789963e-15,2.735808355609099303e-15,2.987668648471897676e-15,2.719896321932475471e-15,2.582520372995423913e-15,2.964663471811289822e-15,2.266840812642108384e-15,2.258871615672806910e-15,1.955824586690338272e-15,2.558658334446749711e-15,2.453901253404087519e-15,2.788892222522746250e-15,2.692872559063425922e-15,3.063157156881154378e-15,2.695751662671349827e-15,2.346167948259123999e-15,2.471753972903638487e-15,2.394980687257478513e-15,2.622850718730562152e-15,3.748480028542406438e-15,4.863637030297849448e-15,2.210674194448497994e-15,2.392501276951570776e-15,2.600008377180584022e-15,2.712376163871246550e-15,2.885804289907694292e-15,2.563704839788786578e-15,2.628970551760095112e-15,2.233655650506578159e-15,2.257886353683903079e-15,2.936924742780582776e-15,4.146014408392569382e-15,7.235563706747603500e-15,1.880093401552531437e-15,2.013111983447505690e-15,2.204729202947335783e-15,2.308614637090506061e-15,2.534255678956211075e-15,2.568943261520923523e-15,2.282695229205938793e-15,2.102332433764112861e-15,2.218450392703469232e-15,2.530317112972785434e-15,3.720301114765704290e-15,4.668115528014529230e-15,1.833355268003248233e-15,1.821885802030711060e-15,1.959021779998694933e-15,2.212652826540536935e-15,2.517718110108920157e-15,2.307997348245025204e-15,2.372203045239956119e-15,2.426637977797473426e-15,2.547149490082224231e-15,3.760560060472614164e-15,5.704681666130758679e-15,1.489463074384361696e-15,1.697388969477663586e-15,2.135755233243366793e-15,2.181505696290082031e-15,2.522643661429156068e-15,2.275041586237924409e-15,2.738455903739654955e-15,3.352013715750655516e-15,3.622500786354087486e-15,4.757862816216294787e-15,2.560277657460291789e-15,3.043643589353526157e-15,3.306255422339732497e-15,3.426496391934008298e-15,3.994842295357288147e-15,4.391019587703867475e-15,6.227745344759564984e-15,1.314255284134046387e-13,5.604288913826905060e-15,4.884111523067613544e-15
2.474476969411062956e-15,3.473336420781627451e-15,2.801370404277548490e-15,2.791050193786679298e-15,3.047756709470344833e-15,2.774564665782002365e-15,2.634322226620958658e-15,3.023966555055837881e-15,2.312205360114087237e-15,2.304207161094516248e-15,1.995123064227431642e-15,2.610139299941281509e-15,2.503451862340918452e-15,2.844968035822696450e-15,2.746990405054515829e-15,3.124642209975639012e-15,2.749535637920615607e-15,2.393221127630800297e-15,2.521303980843065354e-15,2.443091692650563685e-15,2.675539670978122191e-15,3.823506916759961542e-15,4.960551549810447996e-15,2.255059197617123511e-15,2.440377476525391231e-15,2.652173085797269472e-15,2.766734374021994601e-15,2.943475186083903893e-15,2.615089384322518930e-15,2.681728559586711587e-15,2.278309589048230456e-15,2.303058684657547036e-15,2.994712260791387322e-15,4.228164354198673183e-15,7.380061535768273192e-15,1.917697761694439294e-15,2.053397864178481227e-15,2.248527998199405894e-15,2.352832827839045216e-15,2.581679933550270661e-15,2.620182952773855203e-15,2.328292902562626566e-15,2.144471929510501123e-15,2.262719737824082463e-15,2.579384340618612617e-15,3.786334160994412199e-15,4.752556341516767247e-15,1.869930498320451141e-15,1.858372620987487190e-15,1.997928584050814913e-15,2.256474031665455988e-15,2.567634249895501467e-15,2.354051246692651976e-15,2.419281241400121524e-15,2.474879020056756840e-15,2.597857069664985475e-15,3.833733795921700530e-15,5.805773458895004505e-15,1.519279206822554903e-15,1.731207381892183521e-15,2.177333191310675472e-15,2.224675299569474181e-15,2.571884100909620073e-15,2.320228034021305038e-15,2.792373258039811856e-15,3.412370858118093930e-15,3.693317973372375834e-15,4.850647480735511527e-15,2.610574594283918710e-15,3.091312403357082480e-15,3.358696739955346255e-15,3.484816284369732847e-15,4.035386055192557204e-15,4.473507966796483159e-15,6.351031630956514241e-15,1.290510009499897837e-13,5.660451324541994917e-15,4.952495395714319813e-15
2.524239555000273985e-15,3.543242719217298390e-15,2.857769692646599097e-15,2.847404831031284567e-15,3.109092252825967767e-15,2.830372416865916994e-15,2.687217472712037500e-15,3.084543185071811235e-15,2.358540022960913537e-15,2.350495773832943996e-15,2.035241460880588121e-15,2.662685704643908057e-15,2.554000494194483871e-15,2.902209842988620354e-15,2.802237143715606725e-15,3.187420455844164738e-15,2.804491067747832630e-15,2.441268044742662414e-15,2.571903496666674559e-15,2.492208607334775624e-15,2.729330533629224430e-15,3.900141609911590003e-15,5.059602573397005399e-15,2.300375044196723277e-15,2.489278204369968764e-15,2.705437316364578426e-15,2.822246437688196089e-15,3.002391183223274660e-15,2.667563604049468801e-15,2.735597054128454893e-15,2.323924033676822469e-15,2.349198602529577006e-15,3.053851383089678912e-15,4.312179201190001347e-15,7.527712217893002020e-15,1.956107960054954142e-15,2.094544830626088361e-15,2.293301001455884835e-15,2.398201804122255642e-15,2.630446076091067102e-15,2.672539973451662312e-15,2.374875928649386107e-15,2.187503931013781942e-15,2.307950895457390032e-15,2.629671278727251577e-15,3.854585158412488691e-15,4.839706408606873773e-15,1.907300454599658580e-15,1.895635598098542471e-15,2.037701037631985274e-15,2.301285063096467660e-15,2.618673570252526760e-15,2.401106298952494438e-15,2.467412765762780265e-15,2.524190224590329209e-15,2.649681814318135222e-15,3.908715211540653447e-15,5.910325217969470462e-15,1.549730654815352038e-15,1.765765298440040531e-15,2.219924917235007710e-15,2.268823675120885621e-15,2.622315343860441149e-15,2.366420910618046623e-15,2.847546618395720508e-15,3.474668361253842754e-15,3.765847605971407937e-15,4.945712018092615667e-15,2.662054035798540229e-15,3.141077093869122813e-15,3.413397952174268074e-15,3.545304197668809800e-15,4.079266941084541235e-15,4.558340194410166923e-15,6.477142868891448132e-15,1.268378653235845255e-13,5.721397882553038499e-15,5.024611533342670226e-15
2.575034311901867486e-15,3.614592432600216284e-15,2.915330510079351410e-15,2.904894603881739687e-15,3.171694578178483917e-15,2.887336677193669043e-15,2.741220857895048371e-15,3.146407823276105597e-15,2.405856535523741954e-15,2.397750854889833806e-15,2.076192121403301442e-15,2.716314548215422417e-15,2.605567203043807936e-15,2.960635483370203064e-15,2.858629604607572999e-15,3.251509721933174553e-15,2.860629569690235011e-15,2.490322106256663529e-15,2.623566280147221197e-15,2.542346205701881770e-15,2.784239394395404151e-15,3.978402365483141498e-15,5.160806755903552732e-15,2.346635103733660422e-15,2.539215722742374212e-15,2.759816075143848651e-15,2.878927098982789257e-15,3.062565716709566863e-15,2.721141599157202688e-15,2.790591367251689860e-15,2.370510001055675690e-15,2.396317638295575973e-15,3.114346142090874760e-15,4.398068300128006490e-15,7.678542457452735675e-15,1.995333691278298757e-15,2.136563433025565094e-15,2.339056078237671036e-15,2.444716712493234151e-15,2.680541656723792488e-15,2.726025335433306993e-15,2.422455097695611490e-15,2.231440255191605420e-15,2.354153882691745555e-15,2.681176178878196220e-15,3.925013562663456716e-15,4.929518144124517453e-15,1.945473566023863147e-15,1.933684709797393932e-15,2.078346249503107780e-15,2.347092474687347199e-15,2.670843666388024388e-15,2.449172826826977995e-15,2.516605409609875666e-15,2.574580355764824366e-15,2.702633561747752543e-15,3.985500468077692397e-15,6.018265174209706477e-15,1.580825552886482387e-15,1.801070151197068685e-15,2.263530833650625584e-15,2.313956992708305412e-15,2.673938125350238230e-15,2.413628163376213516e-15,2.903980352274567063e-15,3.538874772562651514e-15,3.840089129332712623e-15,5.043051064686754752e-15,2.714719370608403627e-15,3.192890182612319660e-15,3.470307272498391787e-15,3.607915322540611463e-15,4.126406560307687860e-15,4.645488675200301171e-15,6.606088542421926330e-15,1.247726729899042714e-13,5.787008709151624640e-15,5.100361770732101957e-15
2.626877498384306623e-15,3.687408924782088115e-15,2.974072165602488012e-15,2.963542267275970620e-15,3.235584227882282822e-15,2.945475733453249528e-15,2.796348435766182787e-15,3.209576750174933234e-15,2.454167907438430375e-15,2.445986874203192804e-15,2.117988215245308776e-15,2.771043820182714643e-15,2.658172414602029061e-15,3.020263973681706111e-15,2.916185802354138167e-15,3.316929369136766231e-15,2.917964572678928004e-15,2.540397894543760330e-15,2.676307379632087871e-15,2.593520330563430023e-15,2.840283531889171819e-15,4.058309801344981324e-15,5.264184762628237041e-15,2.393853758736727762e-15,2.590203661134416194e-15,2.815325665396837195e-15,2.936792571801732740e-15,3.124014061852084589e-15,2.775838831732447383e-15,2.846728124197217233e-15,2.418079824554856905e-15,2.444428610668584483e-15,3.176203456994595345e-15,4.485844892649383280e-15,7.832584934027838450e-15,2.035385693948595253e-15,2.179465327015041789e-15,2.385802713973583631e-15,2.492375552436368996e-15,2.731957893070136901e-15,2.780651773919000638e-15,2.471042600920199483e-15,2.276293785707956776e-15,2.401340125676882558e-15,2.733900186788892457e-15,3.997585869017940251e-15,5.021953018623411426e-15,1.984459388281546998e-15,1.972530876297215068e-15,2.119872736528521908e-15,2.393904581669182810e-15,2.724154156324271000e-15,2.498262635182583445e-15,2.566868791816815353e-15,2.626059970442214838e-15,2.756723974223145193e-15,4.064090409612269405e-15,6.129533656739776877e-15,1.612572798186171706e-15,1.837130446406131798e-15,2.308153590376297292e-15,2.360083184427140749e-15,2.726755854516058402e-15,2.461859434898331839e-15,2.961681436349272598e-15,3.604964622239037383e-15,3.916046188426851312e-15,5.142665432557460665e-15,2.768576472439633956e-15,3.246709763645267374e-15,3.529379159076366869e-15,3.672611410461988576e-15,4.176733072403713382e-15,4.734933268044570810e-15,6.737884776151214373e-15,1.228434736187338842e-13,5.857173955188614823e-15,5.179657501315237707e-15
2.679786331384659124e-15,3.761716867627084001e-15,3.034014944129012036e-15,3.023371003524177597e-15,3.300782874373547648e-15,3.004808949272329656e-15,2.852617443368692310e-15,3.274067882868715912e-15,2.503488303101127679e-15,2.495219273558380833e-15,2.160643666159944696e-15,2.826892415305835879e-15,2.711836934370974999e-15,3.081115401806395923e-15,2.974924828605139844e-15,3.383700142911048314e-15,2.976511136983721417e-15,2.591511058607850603e-15,2.730143010311520457e-15,2.645747797100862465e-15,2.897481306278450525e-15,4.139886648055825594e-15,5.369760821244894060e-15,2.442046313978590971e-15,2.642256885615161853e-15,2.871983564984598209e-15,2.995860397595186382e-15,3.186753149490032376e-15,2.831671995764284887e-15,2.904025121855072750e-15,2.466647029385073951e-15,2.493545504290992803e-15,3.239432846495507658e-15,4.575525691874592660e-15,7.989877592415723243e-15,2.076275655163898356e-15,2.223263171696132970e-15,2.433551858747992480e-15,2.541178925227753022e-15,2.784689364689863290e-15,2.836433577732667394e-15,2.520651896525160108e-15,2.322078375451773101e-15,2.449522325119318356e-15,2.787847073206995154e-15,4.072275070006321220e-15,5.116980799376555760e-15,2.024268499816806312e-15,2.012185876809265914e-15,2.162290291737364997e-15,2.441731292122322293e-15,2.778616482216217957e-15,2.548388869226961068e-15,2.618214181252896141e-15,2.678641242749293309e-15,2.811966358627302035e-15,4.144490091081256544e-15,6.244082105132607422e-15,1.644981983990849487e-15,1.873955666604854855e-15,2.353797861123140811e-15,2.407211776661041692e-15,2.780774361202660679e-15,2.511125899565580010e-15,3.020659199621956365e-15,3.672917953056102473e-15,3.993726201301918888e-15,5.244561457438897499e-15,2.823633455427553796e-15,3.302499194025407778e-15,3.590573953760833983e-15,3.739360327403838274e-15,4.230180641409918793e-15,4.826660593271122296e-15,6.872553573141363410e-15,1.210396140259856977e-13,5.931792946340095959e-15,5.262419199892854715e-15
2.733778907446407769e-15,3.837542128823245188e-15,3.095180029353947306e-15,3.084404430749268152e-15,3.367313226149748296e-15,3.065356674716502703e-15,2.910046196336234841e-15,3.339900619054222418e-15,2.553832938434679270e-15,2.545464384216996534e-15,2.204173092719636542e-15,2.883880062992289657e-15,2.766581955450002277e-15,3.143210837725792006e-15,3.034866761116536509e-15,3.451844047585096161e-15,3.036285799123630998e-15,2.643678221324212604e-15,2.785090450536304304e-15,2.699046311810499104e-15,2.955852067118541696e-15,4.223157538411918302e-15,5.477562338522772147e-15,2.491228919616358257e-15,2.695391386916994665e-15,2.929808322928305008e-15,3.056149324275014636e-15,3.250801407914382354e-15,2.888658906456844738e-15,2.962501225661189383e-15,2.516226225249887622e-15,2.543683365263406705e-15,3.304046176604511936e-15,4.667130519387452343e-15,8.150463040580286633e-15,2.118016128413982880e-15,2.267970542122025139e-15,2.482315792125349487e-15,2.591129807827099987e-15,2.838733734668292271e-15,2.893386442950355677e-15,2.571297594303921198e-15,2.368808763302197146e-15,2.498714340149104116e-15,2.843022994064341202e-15,4.149060153501053433e-15,5.214578854610511594e-15,2.064912411963124757e-15,2.052662276842986638e-15,2.205609869211777267e-15,2.490583959503257060e-15,2.834243737170345084e-15,2.599565891296379801e-15,2.670654341970393228e-15,2.732337812055366184e-15,2.868375510793356130e-15,4.226708360900289781e-15,6.361872159889762782e-15,1.678063342475013705e-15,1.911556185522754200e-15,2.400470162432441661e-15,2.455353742927358757e-15,2.836001671347638723e-15,2.561440121201432046e-15,3.080925097872825768e-15,3.742719886645415764e-15,4.073139983410057708e-15,5.348750426122272093e-15,2.879900460796779524e-15,3.360226803173992461e-15,3.653857542754347515e-15,3.808135635791066941e-15,4.286688992267632372e-15,4.920663408407408110e-15,7.010122158391509471e-15,1.193515685476487093e-13,6.010773489474835388e-15,5.348575974490006715e-15
2.788874136295191218e-15,3.914911678586971876e-15,3.157589439646629167e-15,3.146666611085355983e-15,3.435198949443149871e-15,3.127140170405156334e-15,2.968654000001856879e-15,3.407095703826073673e-15,2.605217992503994915e-15,2.596739357142092411e-15,2.248591758145158649e-15,2.942027268563573336e-15,2.822429066039186747e-15,3.206572259563540563e-15,3.096032587800444646e-15,3.521384240405497053e-15,3.097306438409081813e-15,2.696916900651965352e-15,2.841167953741810195e-15,2.753434404174703435e-15,3.015416075797076413e-15,4.308148828757843661e-15,5.587619572747257745e-15,2.541418506168338165e-15,2.749624184680168903e-15,2.988819471505154118e-15,3.117679203306329001e-15,3.316178627491769843e-15,2.946818406107620979e-15,3.022176282391033078e-15,2.566833014159401051e-15,2.594858211624964374e-15,3.370057439512627381e-15,4.760681991280108571e-15,8.314388040121576240e-15,2.160620463002712960e-15,2.313601854262239164e-15,2.532108005570988177e-15,2.642233349645667871e-15,2.894091496415630009e-15,2.951527346747520713e-15,2.622995356378241244e-15,2.416500503178654699e-15,2.548931088142214411e-15,2.899436276995689028e-15,4.227925639038106448e-15,5.314731516879454013e-15,2.106403491191930010e-15,2.093973365943086929e-15,2.249843483751771638e-15,2.540475254009353092e-15,2.891050514435054321e-15,2.651809174627137146e-15,2.724203398629686042e-15,2.787164651045629671e-15,2.925967580753712553e-15,4.310757492700779219e-15,6.482874826365411225e-15,1.711827695520237666e-15,1.949943194182565473e-15,2.448178692623729001e-15,2.504521375152511730e-15,2.892447808085680998e-15,2.612815929245385585e-15,3.142492515813356467e-15,3.814360224181832793e-15,4.154301417238064080e-15,5.455248074020150345e-15,2.937389470208400769e-15,3.419865618111765274e-15,3.719201036003378986e-15,3.878916203102171274e-15,4.346203051668909934e-15,5.016940046430644829e-15,7.150622413727304453e-15,1.177707952730063835e-13,6.094031309244925125e-15,5.438065140488669076e-15
2.845091685122656375e-15,3.993853512291343690e-15,3.221265974915053402e-15,3.210182058627257440e-15,3.504464603112853132e-15,3.190181544028591771e-15,3.028461074161312385e-15,3.475675116077541200e-15,2.657660531957966752e-15,2.649062103994812247e-15,2.293915528078425579e-15,3.001355264513116220e-15,2.879400256667460421e-15,3.271222491426709259e-15,3.158444142851891668e-15,3.592344942355536505e-15,3.159592162216844430e-15,2.751245442811870163e-15,2.898394673763844011e-15,2.808931369169194788e-15,3.076194440394551925e-15,4.394888447389926877e-15,5.699965353997926809e-15,2.592632729607301084e-15,2.804973245469133715e-15,3.049037452057170964e-15,3.180470902348248823e-15,3.382905844855168627e-15,3.006170284176904547e-15,3.083071046515486634e-15,2.618483911309606120e-15,2.647086956741992571e-15,3.437482559872401285e-15,4.856205246867077713e-15,8.481703076111983841e-15,2.204102743468977138e-15,2.360172300742853976e-15,2.582943100248071860e-15,2.694496690146875356e-15,2.950765743822233430e-15,3.010874438829145767e-15,2.675761811903993485e-15,2.465169903647582187e-15,2.600188458405078296e-15,2.957097231556909663e-15,4.308861150287373507e-15,5.417429501676754862e-15,2.148754891835203610e-15,2.136133104441207711e-15,2.295004123508320497e-15,2.591419050111772109e-15,2.949052776198636635e-15,2.705135212037121751e-15,2.778876719377975784e-15,2.843137951330633478e-15,2.984759956330533052e-15,4.396652860782889661e-15,6.607069707687976825e-15,1.746286412520375959e-15,1.989128636814041946e-15,2.496933188714844952e-15,2.554728171187442280e-15,2.950124615827893605e-15,2.665268311394470533e-15,3.205376593709761048e-15,3.887833079483859498e-15,4.237227162071400574e-15,5.564074144757202567e-15,2.996114142326782051e-15,3.481393102673108612e-15,3.786580463471974854e-15,3.951685835849087364e-15,4.408672656423266220e-15,5.115493911123015984e-15,7.294090392104532681e-15,1.162896136657207176e-13,6.181489588566352851e-15,5.530831814477413228e-15
2.902451931959200061e-15,4.074396586486445796e-15,3.286233172717845887e-15,3.274975747061111512e-15,3.575135584675298497e-15,3.254503697376960630e-15,3.089488489497689577e-15,3.545661971748486287e-15,2.711178446540481554e-15,2.702451247340279072e-15,2.340160835127422725e-15,3.061885970188292892e-15,2.937517927161446570e-15,3.337185151937825951e-15,3.222124053463319116e-15,3.664751363238403382e-15,3.223163207485869837e-15,2.806682965713114029e-15,2.956790601319415185e-15,2.865557219301416014e-15,3.138209061096873558e-15,4.483405766105344000e-15,5.814634845548135558e-15,2.644889925088246206e-15,2.861457413269267799e-15,3.110483552363176573e-15,3.244546231219216995e-15,3.451005243962709550e-15,3.066735209522182894e-15,3.145207118127770587e-15,2.671196277354749386e-15,2.700387343777167157e-15,3.506339225264657546e-15,4.953727714494178197e-15,8.652461994130765826e-15,2.248477737672421148e-15,2.407697795896248204e-15,2.634836698296313509e-15,2.747928795382710232e-15,3.008761962980348101e-15,3.071446948083742872e-15,2.729614483772684461e-15,2.514833976601281888e-15,2.652503237889075092e-15,3.016017980719248680e-15,4.391861021677399267e-15,5.522669377523008685e-15,2.191980498246249876e-15,2.179156077984817356e-15,2.341105673995224594e-15,2.643430328538002095e-15,3.008267739560324315e-15,2.759561437097783052e-15,2.834690814155850368e-15,2.900275024409577818e-15,3.044771162653486457e-15,4.484412654402187151e-15,6.734444302344858913e-15,1.781451374241082219e-15,2.029125155351771206e-15,2.546744799463856964e-15,2.605988736617882522e-15,3.009045604836259552e-15,2.718813320089935557e-15,3.269594075607261576e-15,3.963136542592067340e-15,4.321936399288200583e-15,5.675252004539853988e-15,3.056089669481643036e-15,3.544790909515033947e-15,3.855976487115488128e-15,4.026432937882127473e-15,4.474052315035989979e-15,5.216333024475033922e-15,7.440565900433816777e-15,1.149010999546105581e-13,6.273078590746499885e-15,5.626828525881627235e-15
2.960975926747406767e-15,4.156570766189626970e-15,3.352515272167805108e-15,3.341073117089820241e-15,3.647238085696895528e-15,3.320130282259979724e-15,3.151758113970777225e-15,3.617080441538458543e-15,2.765790394116534409e-15,2.756926078713314545e-15,2.387344649103355262e-15,3.123641958561228990e-15,2.996804893376197678e-15,3.404484611459180089e-15,3.287095695430065758e-15,3.738629638872653707e-15,3.288040856234603134e-15,2.863249311145259051e-15,3.016376510436088773e-15,2.923332644120284833e-15,3.201482584558855213e-15,4.573731491512083850e-15,5.931665340556304371e-15,2.698209068056069519e-15,2.919096349753574358e-15,3.173179853836957172e-15,3.309927879253820525e-15,3.520500071670731963e-15,3.128534673047018164e-15,3.208606890731706016e-15,2.724988260582338351e-15,2.754777889837151255e-15,3.576646737974839483e-15,5.053278909549143257e-15,8.826721694761362942e-15,2.293760852364397834e-15,2.456194928841723501e-15,2.687805366090274236e-15,2.802540311679393282e-15,3.068087843761210027e-15,3.133265102426401077e-15,2.784571726049760763e-15,2.565510393724512968e-15,2.705893047208841024e-15,3.076212311419438373e-15,4.476923937189678551e-15,5.630453083987519165e-15,2.236094874691352179e-15,2.223057458775843223e-15,2.388162852062187342e-15,2.696525090927255264e-15,3.068713777531554271e-15,2.815106156611373833e-15,2.891663246458761924e-15,2.958594216001382252e-15,3.106020775522273044e-15,4.574057626509286996e-15,6.864993362388019754e-15,1.817334941937255214e-15,2.069946041430123927e-15,2.597625972831398004e-15,2.658318699135207694e-15,3.069225814051001458e-15,2.773467991687404290e-15,3.335163176587998068e-15,4.040272371912906486e-15,4.408450609048573760e-15,5.788808304767972930e-15,3.117332651961848978e-15,3.610044644174615364e-15,3.927374127789605238e-15,4.103150192028437874e-15,4.542301010315102094e-15,5.319469621335535700e-15,7.590092141945767874e-15,1.135989973643732246e-13,6.368735344712837547e-15,5.726014845401497115e-15
3.020685358936198025e-15,4.240406781634616430e-15,3.420137184401190783e-15,3.408500083092498884e-15,3.720799055038002000e-15,3.387085663943568887e-15,3.215292567696947173e-15,3.689955681019829615e-15,2.821515753879574662e-15,2.812506523381877719e-15,2.435484452361638799e-15,3.186646428941736463e-15,3.057284393688442078e-15,3.473145956707829411e-15,3.353383156202899576e-15,3.814006778556548244e-15,3.354247363199239705e-15,2.920965004408153087e-15,3.077173913083875351e-15,2.982278976626521736e-15,3.266038365858152095e-15,4.665897573216342886e-15,6.051096089026438327e-15,2.752609741632615112e-15,2.977910483774580529e-15,3.237149187166068772e-15,3.376639362393119697e-15,3.591414565795121781e-15,3.191590939249387102e-15,3.273293507417701835e-15,2.779878747317241784e-15,2.810277838474737417e-15,3.648425885511375093e-15,5.154890260400888448e-15,9.004541877512761637e-15,2.339968095222982170e-15,2.505680923488615824e-15,2.741866547472397709e-15,2.858343434835203004e-15,3.128753109603651472e-15,3.196350060040811671e-15,2.840652670211504291e-15,2.617217449634568096e-15,2.760376286083992681e-15,3.137695542139310015e-15,4.564052599066358669e-15,5.740787494072394638e-15,2.281113222361018797e-15,2.267852972582906736e-15,2.436191148588424564e-15,2.750720285501645923e-15,3.130410333159635883e-15,2.871788492545435967e-15,2.949812556855131884e-15,3.018114832019089060e-15,3.168529346782654813e-15,4.665610872962302406e-15,6.998718306859532674e-15,1.853949931044817962e-15,2.111605194912444809e-15,2.649590356319034266e-15,2.711734633928521335e-15,3.130681690132986480e-15,2.829250276303437164e-15,3.402103466778940476e-15,4.119245713031823608e-15,4.496793374673863239e-15,5.904772687164369475e-15,3.179860988061175713e-15,3.677143640735426392e-15,4.000762506594038111e-15,4.181834264100683949e-15,4.613382033420870530e-15,5.424919786861611397e-15,7.742715410362764547e-15,1.123776387942434412e-13,6.468403378058155905e-15,5.828357026085091242e-15
3.081602530677636013e-15,4.325936193074342545e-15,3.489124468602006902e-15,3.477283038717840526e-15,3.795846168773518745e-15,3.455394891046413966e-15,3.280115185108064694e-15,3.764313771445709820e-15,2.878374586662083614e-15,2.869213110862498869e-15,2.484598219140660396e-15,3.250923184741583956e-15,3.118980095330089411e-15,3.543194961667559448e-15,3.421011204350795606e-15,3.890910621294123000e-15,3.421805893970672430e-15,2.979851220403381136e-15,3.139205021017082402e-15,3.042418165236760605e-15,3.331900436920831621e-15,4.759937126671979170e-15,6.172968151248928666e-15,2.808112109426141757e-15,3.037920968350541636e-15,3.302415095153333087e-15,3.444704978636246490e-15,3.663773893944374796e-15,3.255927005415989018e-15,3.339290824216997691e-15,2.835887319807170157e-15,2.866907119128724827e-15,3.721698827648671412e-15,5.258594958624486921e-15,9.185984826563559534e-15,2.387116042494578502e-15,2.556173604521723910e-15,2.797038506231746804e-15,2.915351793344020036e-15,3.190769364014542034e-15,3.260723850525044478e-15,2.897877179298910304e-15,2.669974030770719806e-15,2.815972086210531811e-15,3.200484405739779841e-15,4.653253425502180771e-15,5.853684018037059423e-15,2.327051342359607975e-15,2.313558870745924661e-15,2.485206778821131583e-15,2.806033742496524356e-15,3.193377845157024566e-15,2.929628332333099262e-15,3.009158196790899342e-15,3.078857074711156444e-15,3.232318340167855338e-15,4.759097638789270477e-15,7.135626692333386022e-15,1.891309588839268127e-15,2.154117088054098776e-15,2.702652708844338645e-15,2.766253998795506826e-15,3.193430980952913333e-15,2.886178977177295620e-15,3.470435770131921620e-15,4.200064842425404693e-15,4.586990211500230402e-15,6.023177526533741867e-15,3.243693776057609022e-15,3.746080749023816368e-15,4.076134600487707133e-15,4.262485528559045749e-15,4.687262841083248655e-15,5.532703132882977751e-15,7.898484828363264716e-15,1.112318801258779025e-13,6.572032485988177625e-15,5.933827652354980202e-15
3.143750334302609680e-15,4.413191359658464231e-15,3.559503310822866088e-15,3.547448858469209000e-15,3.872407805101407820e-15,3.525083669746310430e-15,3.346249983360095731e-15,3.840181669639080071e-15,2.936387600963210222e-15,2.927066950161608618e-15,2.534704398548434349e-15,3.316496615167875093e-15,3.181916099563158171e-15,3.614658063955267132e-15,3.490005264561744527e-15,3.969369799576956857e-15,3.490740472297876395e-15,3.039929755480438104e-15,3.202492713803662464e-15,3.103772750683076080e-15,3.399093480379961899e-15,4.855884366702332975e-15,6.297324269329467797e-15,2.864736892369356993e-15,3.099149644316346264e-15,3.369001801793490048e-15,3.514149770741344422e-15,3.737604101769917399e-15,3.321566567432383064e-15,3.406623379643403620e-15,2.893034220327762659e-15,2.924686312897100032e-15,3.796488998102077645e-15,5.364427830791809547e-15,9.371115213366298240e-15,2.435221811269334613e-15,2.607691368545610407e-15,2.853340276293634742e-15,2.973580344231356446e-15,3.254149952312900182e-15,3.326409324659914641e-15,2.956265808863493792e-15,2.723799589219588465e-15,2.872700271194789271e-15,3.264596945902723505e-15,4.744536273833617344e-15,5.969158244438218691e-15,2.373925603924002702e-15,2.360191906459996795e-15,2.535226639316753955e-15,2.862484118124240988e-15,3.257637683617109716e-15,2.988646286415249633e-15,3.069720471405612504e-15,3.140841987687875123e-15,3.297410076276508741e-15,4.854545148615116868e-15,7.275731723409949164e-15,1.929427574347366616e-15,2.197496734454016458e-15,2.756828822637350235e-15,2.821895077440771594e-15,3.257492641915329353e-15,2.944273698321072207e-15,3.540182076262864833e-15,4.282740934399400434e-15,4.679068417582651730e-15,6.144057703344149711e-15,3.308851248263462235e-15,3.816852131724285953e-15,4.153487010877290750e-15,4.345107812748426613e-15,4.763914928128011415e-15,5.642842508253458352e-15,8.057452109495960896e-15,1.101570412460432207e-13,6.679578522382924594e-15,6.042405110251561036e-15
3.207152234401348104e-15,4.502205419998059680e-15,3.631300510669522389e-15,3.619024904898242554e-15,3.950513024560635854e-15,3.596178344859416600e-15,3.413721635073709076e-15,3.917587164868126459e-15,2.995576124661455967e-15,2.986089709039679020e-15,2.585821900118041529e-15,3.383391680533726361e-15,3.246116948690414119e-15,3.687562344360357541e-15,3.560391396031245520e-15,4.049413707910312773e-15,3.561075934143034185e-15,3.101223002931503152e-15,3.267060511213617329e-15,3.166365846119653332e-15,3.467642807349575630e-15,4.953774554582679958e-15,6.424208767233481117e-15,2.922505350540830693e-15,3.161619008904587420e-15,3.436934185541087243e-15,3.584999493866973842e-15,3.812932067771672097e-15,3.388533990135954588e-15,3.475316368336409595e-15,2.951340320151803159e-15,2.983636622866577272e-15,3.872821017737736547e-15,5.472425225275614326e-15,9.559999968950244593e-15,2.484303036079564041e-15,2.660253159263125039e-15,2.910791618317280622e-15,3.033045279863654773e-15,3.318909836731477265e-15,3.393430110688771399e-15,3.015839773104179254e-15,2.778714120268881456e-15,2.930581321716721610e-15,3.330052425041297758e-15,4.837914187744520249e-15,6.087229623079365265e-15,2.421752916987407083e-15,2.407769314463739654e-15,2.586268270532168360e-15,2.920090845501494981e-15,3.323212093681518624e-15,3.048863651371013175e-15,3.131520489528795200e-15,3.204091407925505763e-15,3.363827684604867951e-15,4.951982455671507597e-15,7.419051822825603714e-15,1.968317943398917631e-15,2.241759662576937631e-15,2.812135454652236198e-15,2.878676930582727833e-15,3.322886752926741442e-15,3.003554798817355891e-15,3.611365462746889578e-15,4.367287847991975477e-15,4.773056941262616111e-15,6.267450410519756425e-15,3.375354662369265494e-15,3.889457075267742972e-15,4.232819746970221986e-15,4.429708164704452754e-15,4.843313713900373975e-15,5.755363740983688075e-15,8.219671386225571399e-15,1.091488576674197618e-13,6.791003217163074273e-15,6.154073913491256498e-15
3.271832252814212121e-15,4.593012270145981518e-15,3.704543466458674229e-15,3.692039025669533973e-15,4.030191554146519391e-15,3.668705882102722511e-15,3.482555447342144953e-15,3.996558844327807494e-15,3.055962080928088231e-15,3.046303597408036531e-15,2.637970082654322624e-15,3.451633901052150853e-15,3.311607630488945276e-15,3.761935512039503401e-15,3.632196276491823550e-15,4.131072479523035607e-15,3.632837890315226911e-15,3.163753933742324843e-15,3.332932551484100428e-15,3.230221122192137618e-15,3.537574340617515209e-15,5.053643951271205067e-15,6.553667457033201735e-15,2.981439267103231680e-15,3.225352190331973022e-15,3.506237758664488034e-15,3.657280590308973971e-15,3.889785467403144519e-15,3.456854284307127071e-15,3.545395621088893485e-15,3.010827094219237331e-15,3.043779850031868361e-15,3.950720621036914586e-15,5.582624920063134791e-15,9.752708130355390721e-15,2.534377849106582256e-15,2.713878447092349537e-15,2.969412983034704241e-15,3.093763945719143829e-15,3.385065485236291870e-15,3.461810578420969503e-15,3.076620917013568762e-15,2.834738144221233682e-15,2.989636346644222853e-15,3.396871244080990542e-15,4.933403169976436999e-15,6.207921168077173527e-15,2.470550709196306688e-15,2.456308794350372345e-15,2.638349824985196235e-15,2.978874092951030314e-15,3.390124148250669384e-15,3.110302379511194606e-15,3.194580121583400734e-15,3.268627925644384190e-15,3.431595063696732453e-15,5.051440314253313019e-15,7.565610227554344475e-15,2.007995133601505393e-15,2.286921892986860248e-15,2.868590265992972638e-15,2.936619353497376266e-15,3.389634446673038895e-15,3.064043354297576335e-15,3.684010028992330060e-15,4.453721936166203612e-15,4.868986268911880117e-15,6.393394981782676780e-15,3.443226270387536226e-15,3.963897809112733410e-15,4.314136022262206414e-15,4.516296635320628825e-15,4.925438435380574216e-15,5.870295410808045996e-15,8.385199025483680633e-15,1.082034348905786333e-13,6.906274000105739877e-15,6.268823901803293489e-15
3.337814956247613096e-15,4.685646549579820885e-15,3.779260166044256765e-15,3.766519557094525491e-15,4.111473774589389853e-15,3.742693854700024771e-15,3.552777342809458500e-15,4.077126062323943174e-15,3.117567967727157096e-15,3.107731352913381916e-15,2.691168744487747782e-15,3.521249347188781648e-15,3.378413583615714527e-15,3.837805891443717897e-15,3.705447188077247789e-15,4.214376964842074991e-15,3.706052693259213392e-15,3.227546079792740279e-15,3.400133572160976810e-15,3.295362793663602038e-15,3.608914599574428144e-15,5.155529778862507164e-15,6.685747563575265799e-15,3.041560935381054029e-15,3.290372925569654727e-15,3.576938648984890184e-15,3.731020167025424435e-15,3.968192740740091746e-15,3.526553085903412896e-15,3.616887586707510659e-15,3.071516598877613125e-15,3.105138372209847199e-15,4.030214590504577946e-15,5.695066040066291521e-15,9.949310750006497660e-15,2.585464863397785558e-15,2.768587211386455383e-15,3.029225479069644019e-15,3.155754766567623585e-15,3.452634770721464757e-15,3.531575807595240019e-15,3.138631692040333486e-15,2.891892690876291197e-15,3.049887057792604762e-15,3.465074870840845290e-15,5.031021972622775445e-15,6.331259195669075140e-15,2.520336905755413216e-15,2.505828496168897220e-15,2.691490039291920691e-15,3.038854727205427114e-15,3.458397706021924307e-15,3.172985052133040067e-15,3.258921962442050034e-15,3.334474848916859899e-15,3.500736846107421812e-15,5.152951063756812061e-15,7.715434630045653725e-15,2.048473953486272965e-15,2.332999918618601076e-15,2.926211768162356756e-15,2.995742838888074841e-15,3.457757844597410356e-15,3.125761123065565077e-15,3.758140837521009153e-15,4.542061870836124668e-15,4.966888324453651543e-15,6.521932742394132258e-15,3.512489251392049734e-15,4.040179336447661752e-15,4.397442062912028306e-15,4.604886079302146511e-15,5.010272044288945716e-15,5.987668643479215778e-15,8.554093493118151296e-15,1.073172111116423667e-13,7.025363832518466380e-15,6.386650015455535373e-15
3.405125446267470119e-15,4.780143629370558954e-15,3.855479178917826643e-15,3.842495341506946463e-15,4.194390709926180541e-15,3.818170432379576239e-15,3.624413844468450689e-15,4.159318914945251581e-15,3.180416840610300163e-15,3.170396229200751663e-15,2.745438115692739231e-15,3.592264632212399531e-15,3.446560702460177523e-15,3.915202411879036461e-15,3.780172005989995670e-15,4.299358714580317269e-15,3.780747409173829351e-15,3.292623519938593888e-15,3.468688894325240101e-15,3.361815608787013421e-15,3.681690688321430162e-15,5.259470188337248660e-15,6.820497660186403021e-15,3.102893148190067952e-15,3.356705541715710231e-15,3.649063584966879992e-15,3.806245977193102546e-15,4.048183065788599478e-15,3.597656639249431175e-15,3.689819317562882663e-15,3.133431453209326619e-15,3.167735126372902524e-15,4.111330699988739369e-15,5.809788986901005164e-15,1.014988080710298782e-14,2.637583158574965353e-15,2.824399925764475555e-15,3.090250845273656557e-15,3.219037180903880826e-15,3.521636880768580019e-15,3.602751561115268014e-15,3.201895135495930337e-15,2.950199286461217139e-15,3.111355748481918550e-15,3.534685776944177505e-15,5.130791908205073570e-15,6.457273087176334258e-15,2.571129912344749065e-15,2.556347008334863291e-15,2.745708210128365544e-15,3.100054281656169663e-15,3.528057375560143763e-15,3.236934856902219188e-15,3.324569299544631256e-15,3.401656173425524389e-15,3.571278368510970827e-15,5.256548528900828884e-15,7.868556853010446237e-15,2.089769572635372193e-15,2.380010687877239663e-15,2.985019275789725369e-15,3.056068544828049074e-15,3.527280000914595076e-15,3.188730517000831256e-15,3.833783863071387182e-15,4.632328484941082695e-15,5.066796382175410239e-15,6.653106879627579870e-15,3.583167660981061966e-15,4.118309275423610212e-15,4.482746929270669182e-15,4.695491972336552894e-15,5.097801107856354033e-15,6.107516929436705246e-15,8.726415241790764326e-15,1.064869227374095239e-13,7.148251044896957365e-15,6.507552043882048643e-15
3.473789351113433887e-15,4.876539602552859822e-15,3.933229649787814837e-15,3.919995740312516492e-15,4.278974018935997286e-15,3.895164372362542933e-15,3.697492062921359876e-15,4.243168218581290662e-15,3.244532298158282996e-15,3.234321986148909352e-15,2.800798851682878038e-15,3.664706906256236644e-15,3.516075341520100436e-15,3.994154599167865724e-15,3.856399189323506273e-15,4.386049965642405282e-15,3.856949794229333112e-15,3.359010868461501111e-15,3.538624409415879951e-15,3.429604840554000716e-15,3.755930285845921801e-15,5.365504232439072865e-15,6.957967614039126567e-15,3.165459188991778290e-15,3.424374940300320102e-15,3.722639883363633581e-15,3.882986404778020329e-15,4.129786335791535409e-15,3.670191782888403418e-15,3.764218457523584712e-15,3.196594823177461579e-15,3.231593593716267975e-15,4.194097665329521873e-15,5.926835378706575699e-15,1.035449313188425914e-14,2.690752268546960196e-15,2.881337545428743580e-15,3.152511426878233011e-15,3.283631582633273498e-15,3.592092236682545599e-15,3.675364262234573008e-15,3.266434853064861507e-15,3.009679942747490947e-15,3.174065275251133855e-15,3.605727382191688307e-15,5.232736678018280147e-15,6.585995075225518992e-15,2.622948600455366811e-15,2.607883347443887412e-15,2.801024173404971314e-15,3.162494928829494243e-15,3.599128484226512463e-15,3.302175568547972483e-15,3.391546085379802184e-15,3.470196556447815444e-15,3.643245646115085834e-15,5.362267932028018445e-15,8.025012555184685897e-15,2.131897513254758296e-15,2.427971590078951958e-15,3.045032864891655454e-15,3.117618266807705411e-15,3.598224853418072216e-15,3.252974576476773300e-15,3.910965948303403621e-15,4.724544629628429164e-15,5.168744990687462637e-15,6.786962329543519050e-15,3.655286388212218868e-15,4.198297710340588350e-15,4.570062349206231911e-15,4.788132243208599786e-15,5.188015710712215400e-15,6.229875962119693816e-15,8.902226605681327449e-15,1.057095745147383286e-13,7.274919177082519071e-15,6.631534384832988582e-15
3.543832818999652709e-15,4.974871276433664060e-15,4.012541293471242077e-15,3.999050638505521211e-15,4.365255987958631691e-15,3.973705011979972781e-15,3.772039685736979606e-15,4.328705491741044525e-15,3.309938469635691983e-15,3.299532881742528726e-15,2.857272027939748157e-15,3.738603851583296439e-15,3.586984319370451697e-15,4.074692568864931199e-15,3.934157773532736486e-15,4.474483629441216120e-15,3.934688274226759684e-15,3.426733265379768461e-15,3.609966568152810791e-15,3.498756279474796090e-15,3.831661637938402078e-15,5.473671842883112390e-15,7.098208539819521336e-15,3.229282824538464080e-15,3.493406583961818743e-15,3.797695438892305374e-15,3.961270451561250092e-15,4.213033139932784292e-15,3.744185937688201058e-15,3.840113231914867753e-15,3.261030408115038151e-15,3.296737786967585159e-15,4.278545101289827191e-15,6.046247998290182199e-15,1.056322434223283421e-14,2.744992171045800854e-15,2.939421496573912079e-15,3.216030154855875399e-15,3.349559269134441377e-15,3.664022420797240467e-15,3.749440975009520234e-15,3.332275003859483733e-15,3.070357147854784454e-15,3.238039042184924054e-15,3.678224005382386232e-15,5.336882216498014962e-15,6.717460051282394465e-15,2.675812294788274436e-15,2.660456949633412790e-15,2.857458286229675595e-15,3.226199456451869647e-15,3.671637051246701949e-15,3.368731532320508836e-15,3.459876913650839090e-15,3.540121294397134538e-15,3.716665350645538835e-15,5.470145816216247517e-15,8.184840965686067316e-15,2.174873643048642812e-15,2.476900442876996622e-15,3.106273336016180717e-15,3.180414413457405315e-15,3.670617180182325664e-15,3.318516948651226815e-15,3.989714765132832176e-15,4.818735045033007506e-15,5.272769906391447991e-15,6.923545678210474806e-15,3.728871118856430925e-15,4.280157052544067204e-15,4.659402562877319146e-15,4.882827119939197196e-15,5.280909357268500656e-15,6.354783494094555366e-15,9.081591706202817843e-15,1.049824132024992933e-13,7.405356820093252703e-15,6.758605816508554833e-15
3.615282512582800210e-15,5.075176166418424431e-15,4.093444390816784717e-15,4.079690447208515257e-15,4.453269525482950082e-15,4.053822262598187995e-15,3.848084968498488362e-15,4.415962939599226649e-15,3.376660004478308856e-15,3.366053665251992613e-15,2.914879135632473869e-15,3.813983678767711535e-15,3.659314922197094961e-15,4.156847020691175701e-15,4.013477364205870658e-15,4.564693282140522621e-15,4.013991927147156342e-15,3.495816368277763543e-15,3.682742371179997006e-15,3.569296227572491709e-15,3.908913550477078621e-15,5.584013811135349023e-15,7.241272760348519262e-15,3.294388298724253931e-15,3.563826485101839588e-15,3.874258715563373892e-15,4.041127726176155983e-15,4.297954746879261810e-15,3.819667096798249979e-15,3.917532439100439755e-15,3.326762429165486927e-15,3.363192239557421144e-15,4.364703483930330910e-15,6.168070748401776408e-15,1.077615278619540518e-14,2.800323278786924326e-15,2.998673667224554229e-15,3.280830528016967777e-15,3.416842394978995084e-15,3.737450111218719100e-15,3.825009387509533303e-15,3.399440287606988691e-15,3.132253858436972756e-15,3.303300987434418911e-15,3.752200820822183536e-15,5.443256550201622447e-15,6.851705392442806700e-15,2.729740762390015750e-15,2.714087663211289765e-15,2.915031411227024328e-15,3.291191246603268591e-15,3.745609764332113064e-15,3.436627649772627038e-15,3.529586998591476604e-15,3.611456303386525821e-15,3.791564791349286181e-15,5.580219977802184399e-15,8.348084644290369632e-15,2.218714169164878866e-15,2.526815481353775571e-15,3.168762181655793248e-15,3.244479985379638739e-15,3.744482561418225958e-15,3.385381868639623822e-15,4.070058780935015469e-15,4.914926243449402639e-15,5.378908035236402711e-15,7.062905075364790110e-15,3.803948303968846901e-15,4.363901910669502526e-15,4.750784178451004851e-15,4.979598988953269223e-15,5.376478874202693900e-15,6.482279209034925946e-15,9.264576380251541929e-15,1.043029042673382733e-13,7.539557459029612192e-15,6.888779272273847407e-15
3.688165604324128566e-15,5.177492490969464289e-15,4.175969785355460657e-15,4.161946105491877282e-15,4.543048157623451476e-15,4.135546604522415462e-15,3.925656727181715304e-15,4.504973440749879034e-15,3.444722063249457812e-15,3.433909571429800036e-15,2.973642077908331719e-15,3.890875123521124748e-15,3.733094906856711135e-15,4.240649233867943709e-15,4.094388131822952040e-15,4.656713156396515841e-15,4.094890468090877407e-15,3.566286345333040983e-15,3.756979361074557018e-15,3.641251493299190921e-15,3.987715383757762671e-15,5.696571772053986196e-15,7.387213772983745381e-15,3.360800327369001011e-15,3.635661196134237006e-15,3.952358739305890385e-15,4.122588434748086033e-15,4.384583090632612193e-15,3.896663817065310228e-15,3.996505443328241989e-15,3.393815619317909440e-15,3.430981996304196939e-15,4.452604117646254281e-15,6.292348613022595534e-15,1.099335850654614163e-14,2.856766431836231456e-15,3.059116399375130415e-15,3.346936597405224013e-15,3.485503930648619994e-15,3.812399023205045975e-15,3.902097797304678872e-15,3.467955933587881781e-15,3.195393493013798325e-15,3.369875571552261574e-15,3.827683819787296289e-15,5.551889670062283364e-15,6.988770805566086603e-15,2.784754203220165884e-15,2.768795742217762059e-15,2.973764902850513711e-15,3.357494257482035740e-15,3.821073959291166333e-15,3.505889366461058724e-15,3.600702156936965045e-15,3.684228102335289255e-15,3.867971898530222041e-15,5.692529407070469907e-15,8.514789265140286087e-15,2.263435632993982285e-15,2.577735348541275494e-15,3.232521557203225826e-15,3.309838556625913739e-15,3.819847345800155442e-15,3.453594143108301511e-15,4.152027228923276895e-15,5.013146403705661952e-15,5.487197381625817260e-15,7.205090159005923703e-15,3.880545132077934966e-15,4.449548969808130175e-15,4.844226038187018718e-15,5.078472266268386032e-15,5.474724312962561566e-15,6.612404607723048334e-15,9.451248116614798509e-15,1.036687112088205063e-13,7.677519316876612815e-15,7.022071629657532442e-15
3.762509772465444852e-15,5.281859167321238552e-15,4.260148880460427164e-15,4.245849081838945531e-15,4.634626024191563571e-15,4.218909082599966351e-15,4.004784331517298591e-15,4.595770535690871003e-15,3.514150309734937670e-15,3.503126315451355111e-15,3.033583166643198946e-15,3.969307443916100649e-15,3.808352503415087712e-15,4.326131063050750496e-15,4.176920807189425749e-15,4.750578134187425459e-15,4.177414236137206300e-15,3.638169869245975719e-15,3.832705615389035347e-15,3.714649387107885875e-15,4.068097047548152973e-15,5.811388189774871997e-15,7.536086220717471796e-15,3.428544093684945547e-15,3.708937800985684340e-15,4.032025091554001810e-15,4.205683372759083142e-15,4.472950758218636212e-15,3.975205211567645922e-15,4.077062168512054143e-15,3.462215214705121974e-15,3.500132605283543297e-15,4.542279106153640726e-15,6.419127623647454862e-15,1.121492319732901226e-14,2.914342890925393217e-15,3.120772482123540954e-15,3.414372952599528375e-15,3.555567625622141408e-15,3.888893856437974378e-15,3.980735098796232346e-15,3.537847690972549643e-15,3.259799926145265749e-15,3.437787767290377771e-15,3.904699776281471177e-15,5.662813415620887556e-15,7.128698186885374787e-15,2.840873241873163788e-15,2.824601841124725388e-15,3.033680595339397854e-15,3.425133007362309412e-15,3.898057602138290035e-15,3.576542661192716517e-15,3.673248792098384702e-15,3.758463798156873871e-15,3.945915209143795722e-15,5.807114235949083914e-15,8.685003421522721535e-15,2.309054905664975649e-15,2.629679087284163251e-15,3.297574255316526968e-15,3.376514258391645278e-15,3.896738620630152880e-15,3.523179135876187756e-15,4.235650082062035167e-15,5.113425275618885843e-15,5.597677003431612408e-15,7.350151989933667219e-15,3.958689505405049833e-15,4.537116879114204285e-15,4.939749094270989199e-15,5.179473279706546830e-15,5.575648852416930185e-15,6.745202906392586709e-15,9.641676000006132650e-15,1.030776771554051530e-13,7.819245199251562180e-15,7.158503499076665945e-15
3.838343197321136620e-15,5.388315807614637589e-15,4.346013636755175211e-15,4.331431375318328260e-15,4.728037875113482174e-15,4.303941302264672973e-15,4.085497699071981905e-15,4.688388416639843753e-15,3.584970903905524311e-15,3.573730088369714589e-15,3.094725119487856305e-15,4.049310417806840707e-15,3.885116417090468151e-15,4.413324934624538884e-15,4.261106677306092210e-15,4.846323740409534325e-15,4.261594182736563932e-15,3.711494111822901295e-15,3.909949740457039590e-15,3.789517717451254028e-15,4.150088996630632820e-15,5.928506345305405563e-15,7.687945867090588460e-15,3.497645244212503445e-15,3.783683907555728752e-15,4.113287903519088591e-15,4.290443917819546295e-15,4.563090978810552748e-15,4.055320942966682245e-15,4.159233092661151835e-15,3.531986946879331523e-15,3.570670110610261296e-15,4.633761326814445105e-15,6.548454829701327853e-15,1.144093017100805171e-14,2.973074331498008225e-15,3.183665145568245705e-15,3.483164709570980681e-15,3.627057975287896151e-15,3.966960247511961921e-15,4.060950772015206427e-15,3.609141820258244442e-15,3.325497483243385598e-15,3.507063050555313190e-15,3.983276216504417900e-15,5.776061370039527430e-15,7.271531495478876213e-15,2.898118920214062182e-15,2.881527009780252394e-15,3.094800792024915594e-15,3.494132560362718415e-15,3.976589273260762398e-15,3.648614036499394235e-15,3.747253880152072258e-15,3.834191072662726516e-15,4.025423854068406486e-15,5.924015691714292128e-15,8.858778449549267201e-15,2.355589184059734828e-15,2.682666132799199333e-15,3.363943683012458754e-15,3.444531764548572435e-15,3.975184185296846065e-15,3.594162755157923158e-15,4.320958029963302455e-15,5.215794093502549074e-15,5.710386972223432702e-15,7.498142993066385416e-15,4.038410018211324239e-15,4.626626147362943609e-15,5.037376293770705132e-15,5.282630161180158381e-15,5.679258701100345936e-15,6.880718945885777700e-15,9.835930662062154534e-15,1.025278084585263066e-13,7.964742340402659552e-15,7.298099043495972173e-15
3.915694557735391262e-15,5.496902715203553079e-15,4.433596569671569523e-15,4.418725516051212314e-15,4.823319066953831581e-15,4.390675425828106558e-15,4.167827289776620839e-15,4.782861918332027995e-15,3.657210495418271437e-15,3.645747552873863838e-15,3.157091057039094998e-15,4.130914340251312067e-15,3.963415829591661912e-15,4.502263843125961537e-15,4.346977581443634317e-15,4.943986136935654827e-15,4.347461861284317131e-15,3.786286738984147559e-15,3.988740865711624370e-15,3.865884787000780364e-15,4.233722226583366197e-15,6.047970325389910558e-15,7.842849574147512836e-15,3.568129885041206033e-15,3.859927640872760226e-15,4.196177850901745986e-15,4.376902023065527891e-15,4.655037613932280355e-15,4.137041217413818570e-15,4.243049242716486239e-15,3.603157035814018174e-15,3.642621045881865854e-15,4.727084407749520534e-15,6.680378272353102081e-15,1.167146433042157569e-14,3.032982838283047507e-15,3.247818055241152751e-15,3.553337499794040968e-15,3.700000191179568858e-15,4.046624727039524346e-15,4.142774872560070551e-15,3.681865085532642934e-15,3.392510935796094965e-15,3.577727392257798339e-15,4.063441391500928728e-15,5.891668764838806501e-15,7.417316639095913545e-15,2.956512690713624778e-15,2.939592688919279902e-15,3.157148255722797704e-15,3.564518513697178129e-15,4.056698153259705954e-15,3.722130510055566085e-15,3.822744957290345783e-15,3.911438170820204564e-15,4.106527546695723313e-15,6.043276055833967753e-15,9.036168268830632608e-15,2.403055987268794706e-15,2.736716305963785980e-15,3.431653841099264811e-15,3.513916278680075559e-15,4.055212527525109263e-15,3.666571442129947001e-15,4.407982458269571128e-15,5.320285497797600084e-15,5.825368337920003880e-15,7.649116905776155217e-15,4.119735937530782640e-15,4.718099045985011231e-15,5.137132472125302769e-15,5.387972748175551058e-15,5.785563000670838178e-15,7.018999110332448100e-15,1.003408423780892855e-14,1.020172600285935871e-13,8.114022250916078577e-15,7.440885805048686985e-15
3.994593027519220536e-15,5.607660880884703493e-15,4.522930747062414693e-15,4.507764565138661703e-15,4.920505559180427131e-15,4.479144168839457503e-15,4.251804100670274045e-15,4.879226509449352254e-15,3.730896218141487717e-15,3.719205839142312462e-15,3.220704499983358616e-15,4.214150020732033782e-15,4.043280399828700854e-15,4.592981347586701427e-15,4.434565907201190673e-15,5.043602116853339325e-15,4.435049417547011239e-15,3.862575905980489113e-15,4.069108638275699764e-15,3.943779388886680281e-15,4.319028269584819952e-15,6.169825012167050235e-15,8.000855282691291739e-15,3.640024578128584777e-15,3.937697636688814430e-15,4.280726148797635905e-15,4.465090210912873889e-15,4.748825148406706453e-15,4.220396778763799243e-15,4.328542189548220469e-15,3.675752183392715058e-15,3.716012428048644246e-15,4.822282707243517499e-15,6.814946961041502078e-15,1.190661214314442879e-14,3.094090900191214745e-15,3.313255306889675849e-15,3.624917460315111481e-15,3.774420174075454500e-15,4.127914680796768844e-15,4.226238022362256781e-15,3.756044747313564286e-15,3.460865496818167987e-15,3.649807250793402122e-15,4.145224252515298734e-15,6.009672393318120992e-15,7.566101370977454838e-15,3.016076410272542518e-15,2.998820705845346458e-15,3.220746199952348875e-15,3.636316986096583357e-15,4.138414010106573726e-15,3.797119606767058419e-15,3.899750108416267359e-15,3.990233890056783239e-15,4.189256572520851155e-15,6.164938626761831491e-15,9.217229238305688719e-15,2.451473153498004694e-15,2.791849807129682098e-15,3.500729305579646825e-15,3.584693522300920729e-15,4.136852801973572656e-15,3.740432160513797261e-15,4.496755430077994835e-15,5.426933463952093916e-15,5.942663097144627674e-15,7.803128731695898381e-15,4.202697185043655513e-15,4.811559519040546859e-15,5.239044254483782886e-15,5.495532493550912143e-15,5.894573729883863081e-15,7.160091254093568574e-15,1.023621032633171620e-14,1.015443221967919994e-13,8.267100567596014695e-15,7.586894534957641799e-15
4.075068271577292361e-15,5.720631978788388210e-15,4.614049786786354362e-15,4.598582114089497813e-15,5.019633909963344755e-15,4.569380796343633613e-15,4.337459660660450267e-15,4.977518284432849226e-15,3.806055684213415108e-15,3.794132540631460594e-15,3.285589366082663397e-15,4.299048780075556048e-15,4.124740263952219167e-15,4.685511567615673041e-15,4.523904586382367479e-15,5.145209098669567156e-15,4.524389580679503701e-15,3.940390252640895757e-15,4.151083217638065853e-15,4.023230802800093687e-15,4.406039190057333080e-15,6.294116073266278307e-15,8.162021994205181306e-15,3.713356337578666318e-15,4.017023035320752609e-15,4.366964546612830298e-15,4.555041566950708333e-15,4.844488681783583937e-15,4.305418902888250769e-15,4.415744042924387351e-15,3.749799567179910213e-15,3.790871751517166961e-15,4.919391295015584159e-15,6.952210852176400246e-15,1.214646161624039647e-14,3.156421405373471075e-15,3.380001421417927226e-15,3.697931224538439354e-15,3.850344489551999724e-15,4.210858314406457369e-15,4.311371401021564054e-15,3.831708555749367728e-15,3.530586816356652443e-15,3.723329564941420547e-15,4.228654428616453722e-15,6.130110531747319445e-15,7.717935196448116121e-15,3.076832334364728260e-15,3.059233270231479417e-15,3.285618280776117099e-15,3.709554607133816347e-15,4.221767187312002693e-15,3.873609351312489779e-15,3.978297956601331186e-15,4.070607570338129190e-15,4.273641779451231510e-15,6.289047687115183324e-15,9.402020025581666270e-15,2.500858837482579572e-15,2.848087210280636289e-15,3.571195210675588569e-15,3.656889723988801210e-15,4.220134810776894799e-15,3.815772386923179425e-15,4.587309669014286003e-15,5.535773237752672374e-15,6.062314164680584434e-15,7.960234699115589421e-15,4.287324318609814516e-15,4.907033099625861237e-15,5.343139964750484371e-15,5.605342382790759585e-15,6.006305609804998685e-15,7.304044635903459726e-15,1.044238395391414398e-14,1.011074089220519507e-13,8.423996905986217518e-15,7.736159037320508548e-15
4.157150441673073040e-15,5.835858361702170566e-15,4.706987854278230120e-15,4.691212283453108789e-15,5.120741271578777531e-15,4.661419118898231977e-15,4.424826025100592075e-15,5.077773955382909683e-15,3.882716978333147815e-15,3.870555709613347232e-15,3.351769966865269930e-15,4.385642446537084784e-15,4.207826034704189295e-15,4.779889179033705939e-15,4.615027090483307569e-15,5.248845120243003253e-15,4.615515654551886478e-15,4.019758898450242387e-15,4.234695270203027579e-15,4.104268790777008420e-15,4.494787579961517251e-15,6.420889951912771650e-15,8.326409753712479200e-15,3.788152625706402216e-15,4.097933475505375926e-15,4.454925322775994473e-15,4.646789733748080078e-15,4.942063919967356706e-15,4.392139391881176608e-15,4.504687446248316279e-15,3.825326834268688822e-15,3.867226982273185608e-15,5.018445934934603500e-15,7.092220829457734398e-15,1.239110226946203800e-14,3.219997636261990383e-15,3.448081339816601246e-15,3.772405913473269414e-15,3.927800345589139845e-15,4.295484621062210767e-15,4.398206737446100612e-15,3.908884743957684850e-15,3.601700976874127572e-15,3.798321746962886541e-15,4.313762206190292998e-15,6.253022867404412804e-15,7.872869288141053816e-15,3.138803111318744175e-15,3.120852969844745543e-15,3.351788589029525404e-15,3.784258507185296126e-15,4.306788592808958728e-15,3.951628260900593781e-15,4.058417653131225409e-15,4.152589084743169039e-15,4.359714568561646997e-15,6.415648473055083466e-15,9.590601488207484588e-15,2.551231506199230261e-15,2.905449457359252628e-15,3.643077233089709943e-15,3.730531609143938404e-15,4.305088985653135113e-15,3.892620101711059533e-15,4.679678543574041433e-15,5.646841276333823212e-15,6.184365347416559420e-15,8.120492223013534581e-15,4.373648510949686623e-15,5.004546832128555985e-15,5.449449540400425317e-15,5.717436857860089214e-15,6.120776010485554106e-15,7.450909859152844879e-15,1.065268153797547121e-14,1.007050471706770331e-13,8.584734715932462095e-15,7.888716034842795847e-15
4.240870172111978442e-15,5.953383055738228616e-15,4.801779660292308229e-15,4.785689720823391634e-15,5.223865384750441746e-15,4.755293488278702517e-15,4.513935770044240220e-15,5.180030843894710941e-15,3.960908651531130257e-15,3.948503852352314848e-15,3.419271003916900939e-15,4.473963351185758932e-15,4.292568800144839273e-15,4.876149408918337071e-15,4.707967425663569608e-15,5.354548832308522967e-15,4.708461509195154128e-15,4.100711437313998891e-15,4.319975963565561734e-15,4.186923592548398537e-15,4.585306553629205263e-15,6.550193856741557316e-15,8.494079632990574287e-15,3.864441348793521546e-15,4.180459088110146695e-15,4.544641279099786046e-15,4.740368904410799350e-15,5.041587166863766387e-15,4.480590568010198943e-15,4.595405570934370509e-15,3.902362095047192211e-15,3.945106551874476053e-15,5.119483068870188239e-15,7.235028685456198840e-15,1.264062510590516164e-14,3.284843264450565627e-15,3.517520417928068208e-15,3.848369127248780553e-15,4.006815571901688746e-15,4.381823351889351118e-15,4.486776301605317530e-15,3.987602021325983656e-15,3.674234488364380265e-15,3.874811675712918095e-15,4.400578509956540549e-15,6.378450432770690974e-15,8.030956409135599056e-15,3.202011776607307068e-15,3.183702766070064908e-15,3.419281642768002001e-15,3.860456307817225320e-15,4.393509688315912850e-15,4.031205338068133615e-15,4.140138867924390667e-15,4.236208830333598701e-15,4.447506885080860740e-15,6.544787146497445863e-15,9.783036565745664791e-15,2.602609935576828419e-15,2.963957852608800622e-15,3.716401577356334539e-15,3.805646390052615131e-15,4.391746371267851216e-15,3.971003780114227204e-15,4.773896052439882536e-15,5.760175193922425204e-15,6.308861320358808931e-15,8.283959870050637610e-15,4.461701523102782842e-15,5.104129199834073875e-15,5.558004454296396791e-15,5.831851746856864160e-15,6.238004859507816968e-15,7.600738817560693719e-15,1.086718085092627087e-14,1.003358673331011976e-13,8.749341139470253955e-15,8.044605023091290779e-15
4.326258574688827185e-15,6.073249754017621136e-15,4.898460458799592965e-15,4.882049598354181146e-15,5.329044572383118303e-15,4.851038792718626347e-15,4.604821986026032910e-15,5.284326872643027377e-15,4.040659714769816424e-15,4.028005923800229037e-15,3.488117564662645224e-15,4.564044322834130237e-15,4.379000121720006619e-15,4.974328029857773184e-15,4.802760127005543113e-15,5.462359491445974910e-15,4.803261572129943761e-15,4.183277931800681498e-15,4.406956960319983165e-15,4.271225920287344687e-15,4.677629741999843935e-15,6.682075750919764366e-15,8.665093713201769358e-15,3.942250852405953539e-15,4.264630489492721366e-15,4.636145734600224410e-15,4.835813815689343031e-15,5.143095315821481435e-15,4.570805267248959492e-15,4.687932110263667339e-15,3.980933916686993904e-15,4.024539351114303731e-15,5.222539801321177040e-15,7.380687104008595270e-15,1.289512257602485250e-14,3.350982345287844541e-15,3.588344420864722740e-15,3.925848936658102672e-15,4.087418600643775895e-15,4.469904988513039997e-15,4.577112896151169938e-15,4.067889566573227669e-15,3.748214283026622081e-15,3.952827689567475850e-15,4.489134885152655970e-15,6.506435545121092602e-15,8.192250843081902453e-15,3.266481746996641524e-15,3.247805989070517683e-15,3.488122379720168883e-15,3.938176112356821685e-15,4.481962478926199685e-15,4.112370063310401337e-15,4.223491780076796397e-15,4.321497719069033030e-15,4.537051209353012193e-15,6.676510769315342842e-15,9.979390181209397725e-15,2.655013207685587752e-15,3.023634056785576253e-15,3.791194961976318903e-15,3.882261756310177049e-15,4.480138609523927687e-15,4.050952383454404204e-15,4.869996810443820673e-15,5.875813712718648619e-15,6.435847604199944648e-15,8.450697325774384840e-15,4.551515668303977692e-15,5.205810057274199284e-15,5.668837641836080524e-15,5.948624198562560582e-15,6.358014552621274462e-15,7.753584645418177546e-15,1.108596098129457578e-14,9.999859452416529651e-14,8.917846874932544618e-15,8.203868089520431021e-15
4.413347232224078467e-15,6.195502809043504655e-15,4.997066044751046233e-15,4.980327610394434247e-15,5.436317732331688604e-15,4.948690451443174752e-15,4.697518271264930744e-15,5.390700556615650747e-15,4.121999631980893230e-15,4.109091321761381683e-15,3.558335117566644394e-15,4.655918682157628029e-15,4.467152031544730516e-15,5.074461353253272410e-15,4.899440251895186011e-15,5.572316952387360868e-15,4.899950819369936130e-15,4.267488906706767276e-15,4.495670411237320309e-15,4.357206952637824070e-15,4.771791286216306710e-15,6.816584340290637685e-15,8.839515065873781598e-15,4.021609916145390832e-15,4.350478774326330010e-15,4.729472518606615512e-15,4.933159740461729679e-15,5.246625840695678860e-15,4.662816832256787560e-15,4.782301272611132944e-15,4.061071316196680792e-15,4.105554723188499814e-15,5.327653884498110712e-15,7.529249642989211586e-15,1.315468853333607329e-14,3.418439312087671194e-15,3.660579516922461227e-15,4.004873874525426827e-15,4.169638448155942901e-15,4.559760717426786640e-15,4.669249847698389368e-15,4.149777020373710922e-15,3.823667709331437706e-15,4.032398578968438216e-15,4.579463480538059770e-15,6.637021750823203569e-15,8.356808330632023238e-15,3.332236814446224840e-15,3.313186332438740980e-15,3.558336149566143124e-15,4.017446496427804784e-15,4.572179502686874608e-15,4.195152387357499678e-15,4.308507068305137086e-15,4.408487168552316870e-15,4.628380547546981383e-15,6.810867279080156502e-15,1.017972915063490090e-14,2.708460707579398956e-15,3.084500081120241171e-15,3.867484606022219611e-15,3.960405865119633864e-15,4.570297924470376648e-15,4.132495350185266397e-15,4.968016034858596425e-15,5.993796616633213746e-15,6.565370543969757447e-15,8.620765363420645942e-15,4.643123762928629263e-15,5.309620566708432494e-15,5.781983433171706290e-15,6.067792620982809712e-15,6.480829866714165621e-15,7.909501671692666076e-15,1.130910229160025196e-14,9.969204064285528617e-14,9.090286042080517658e-15,8.366549683047574287e-15
4.502168191140613075e-15,6.320187223140896595e-15,5.097632750432217149e-15,5.080559972023902200e-15,5.545724329297955332e-15,5.048284407987040807e-15,4.792058724144668338e-15,5.499190993866173322e-15,4.204958312433650788e-15,4.191789880501632157e-15,3.629949506667571330e-15,4.749620235129418955e-15,4.557057028497973812e-15,5.176586221426597222e-15,4.998043372314260375e-15,5.684461659515616304e-15,4.998564765847886283e-15,4.353375341726169460e-15,4.586148947602989318e-15,4.444898327855735259e-15,4.867825830507222593e-15,6.953769060260625009e-15,9.017407730761352088e-15,4.102547747638093638e-15,4.438035507670878562e-15,4.824655962945543241e-15,5.032442479359729459e-15,5.352216786271247587e-15,4.756659104646701969e-15,4.878547773898892929e-15,4.142803752834450107e-15,4.188182456165411530e-15,5.434863703453166282e-15,7.680770716678111694e-15,1.341941817821788924e-14,3.487238969905844353e-15,3.734252270818843804e-15,4.085472926663160148e-15,4.253504697398662667e-15,4.651422405717443472e-15,4.763220997504363523e-15,4.233294477332436663e-15,3.900622525313271067e-15,4.113553578375554059e-15,4.671597031841433440e-15,6.770253773602117992e-15,8.524686010912054168e-15,3.399301139637754706e-15,3.379867847191791480e-15,3.629948705839002466e-15,4.098296498208405568e-15,4.664193819890400270e-15,4.279582722876686523e-15,4.395215901033993520e-15,4.497209092341454862e-15,4.721528421836850307e-15,6.947905465768851207e-15,1.038412209886974694e-14,2.762972119949342924e-15,3.146578280932820386e-15,3.945298216184313682e-15,4.040107331529070173e-15,4.662257107474075152e-15,4.215662586534963066e-15,5.067989531656505178e-15,6.114164708437981135e-15,6.697477288155369285e-15,8.794225813731678986e-15,4.736559066607005084e-15,5.415593138114419241e-15,5.897477489920233732e-15,6.189396622948365830e-15,6.606477875226993549e-15,8.068545377199320316e-15,1.153668637186122814e-14,9.941509703185623539e-14,9.266696052143336268e-15,8.532696236092042906e-15
4.592753953069748489e-15,6.447348637141910775e-15,5.200197436896187365e-15,5.182783419741168775e-15,5.657304385901292364e-15,5.149857121102924727e-15,4.888477934766858949e-15,5.609837855515926915e-15,4.289566102349479341e-15,4.276131863752511129e-15,3.702986945367505451e-15,4.845183265780153240e-15,4.648748071954548840e-15,5.280739998403897628e-15,5.098605565878266695e-15,5.798834637274889028e-15,5.099139454933290336e-15,4.440968663138243598e-15,4.678425672532811256e-15,4.534332135905042044e-15,4.965768514223949110e-15,7.093680061207393934e-15,9.198836688762543092e-15,4.185093975306550959e-15,4.527332716124580041e-15,4.921730893005864790e-15,5.133698351284761825e-15,5.459906757701493415e-15,4.852366416298197088e-15,4.976706829047594960e-15,4.226161119709883604e-15,4.272452774597773756e-15,5.544208260758332514e-15,7.835305576834936139e-15,1.368940798772105390e-14,3.557406488821294485e-15,3.809389636165468058e-15,4.167675522234140788e-15,4.339047480694233719e-15,4.744922577622834841e-15,4.859060691284474986e-15,4.318472477155125877e-15,3.979106891003822990e-15,4.196322357473811680e-15,4.765568845236898144e-15,6.906177465704066444e-15,8.695942365217294323e-15,3.467699244992783561e-15,3.447874935055755558e-15,3.702986197314311748e-15,4.180755608182283549e-15,4.758039001756852879e-15,4.365691935397420032e-15,4.483649925862608562e-15,4.587695889574108917e-15,4.816528859794361712e-15,7.087674948552833240e-15,1.059263937811455637e-14,2.818567425399257527e-15,3.209891348799576491e-15,4.024663973881444422e-15,4.121395218389559738e-15,4.756049502255995200e-15,4.300484456537742345e-15,5.169953681318483631e-15,6.236959768889173724e-15,6.832215767457877971e-15,8.971141535051208698e-15,4.831855226767638160e-15,5.523761372001820729e-15,6.015356745256573641e-15,6.313476957861573948e-15,6.734987865685284060e-15,8.230772353641515850e-15,1.176879599025184916e-14,9.916672757873030717e-14,9.447117480898829718e-15,8.702355577550327034e-15
4.685137464423431725e-15,6.577033318229675923e-15,5.304797473370287718e-15,5.287035215383468534e-15,5.771098472597381052e-15,5.253445550907066400e-15,4.986810975245556714e-15,5.722681374340263678e-15,4.375853775601338028e-15,4.362147956865727498e-15,3.777474009341524682e-15,4.942642528733346282e-15,4.742258570521041969e-15,5.386960559647241295e-15,5.201163405813947147e-15,5.915477478930495608e-15,5.201711446796119143e-15,4.530300734780694440e-15,4.772534151301703630e-15,4.625540909499948619e-15,5.065654962653939973e-15,7.236368191806568796e-15,9.383867827767245534e-15,4.269278638839737930e-15,4.618402878142144748e-15,5.020732617732773684e-15,5.236964182726037284e-15,5.569734908530983802e-15,4.949973579455915134e-15,5.076814142143339613e-15,4.311173734560762563e-15,4.358396330345366313e-15,5.655727160163342151e-15,7.992910291657495266e-15,1.396475562537866521e-14,3.628967396607780522e-15,3.886018947387609978e-15,4.251511523550416865e-15,4.426297462458779083e-15,4.840294391332329672e-15,4.956803768064751946e-15,4.405341995101510963e-15,4.059149360244457559e-15,4.280735011720840435e-15,4.861412780519694205e-15,7.044839760260829315e-15,8.870637155876816365e-15,3.537456006978888767e-15,3.517232341253768324e-15,3.777475158957786243e-15,4.264853758303995580e-15,4.853749118225536077e-15,4.453511333419724468e-15,4.573841258306870164e-15,4.679980433783090440e-15,4.913416382940060865e-15,7.230226151150957380e-15,1.080535298183401385e-14,2.875266893359974395e-15,3.274462307176440754e-15,4.105610521933033415e-15,4.204299025683000781e-15,4.851708989399540663e-15,4.386991771434689885e-15,5.273945423837624178e-15,6.362224516605078171e-15,6.969634672123650200e-15,9.151576383282583702e-15,4.929046269421210166e-15,5.634160004248494841e-15,6.135659347604317893e-15,6.440075468725209794e-15,6.866391257433081034e-15,8.396240262521211373e-15,1.200551504590511335e-14,9.894596213661910173e-14,9.631593935691285186e-15,8.875576299638601152e-15
4.779352107831021678e-15,6.709288128795874183e-15,5.411470695026670032e-15,5.393353150493214959e-15,5.887147696526216139e-15,5.359087136817393334e-15,5.087093388366642765e-15,5.837762330648324544e-15,4.463852521146102570e-15,4.449869257238391243e-15,3.853437628288921440e-15,5.042033238794131263e-15,4.837622361516847264e-15,5.495286281881261367e-15,5.305753950814206179e-15,6.034432332961234839e-15,5.306317805693965090e-15,4.621403849207063654e-15,4.868508401240404289e-15,4.718557614482260664e-15,5.167521275718905282e-15,7.381884977425272240e-15,9.572567898273365356e-15,4.355132175445882951e-15,4.711278914148194805e-15,5.121696919174547133e-15,5.342277296257980906e-15,5.681740927051106724e-15,5.049515875428614173e-15,5.178905895055667080e-15,4.397872330089635291e-15,4.446044193135542234e-15,5.769460588940939611e-15,8.153641720706645214e-15,1.424555981671467549e-14,3.701947570605669040e-15,3.964167911767659267e-15,4.337011215756914820e-15,4.515285821807421556e-15,4.937571615559414389e-15,5.056485548446647152e-15,4.493934432309382439e-15,4.140778872646232737e-15,4.366822052798184939e-15,4.959163233914314515e-15,7.186288622893612521e-15,9.048831347364750695e-15,3.608596647386915722e-15,3.587965147433578986e-15,3.853442502866694595e-15,4.350621310854271912e-15,4.951358724864484237e-15,4.543072658074028637e-15,4.665822470070552667e-15,4.774096061180122435e-15,5.012225994868730122e-15,7.375610273973977436e-15,1.102233644196432893e-14,2.933091064469927582e-15,3.340314499277408160e-15,4.188166951593185980e-15,4.288848678547788036e-15,4.949269970188617492e-15,4.475215778833543077e-15,5.380002242908433371e-15,6.490002567456242752e-15,7.109783427087301804e-15,9.335595163586356290e-15,5.028166697237595694e-15,5.746824851545147854e-15,6.258424606358474092e-15,6.569235033129314513e-15,7.000721528464620705e-15,8.565007792471292482e-15,1.224692854485011787e-14,9.875189030500867288e-14,9.820171923381433369e-15,9.052407808373359650e-15
4.875431694123755507e-15,6.844160453385102611e-15,5.520255339120773049e-15,5.501775531229426360e-15,6.005493683140860558e-15,5.466819767472096015e-15,5.189361176593956729e-15,5.955122037362688158e-15,4.553593938775773057e-15,4.539327261202321883e-15,3.930905077346760919e-15,5.143391053138218795e-15,4.934873679965596777e-15,5.605756035253116005e-15,5.412414736988245676e-15,6.155741889798244653e-15,5.412996088518337105e-15,4.714310720341866825e-15,4.966382883126209546e-15,4.813415641558666898e-15,5.271404015770868263e-15,7.530282600812223896e-15,9.765004449743595655e-15,4.442685402249636114e-15,4.805994178058662872e-15,5.224660043716774137e-15,5.449675500605381185e-15,5.795965023748170333e-15,5.151029044033527633e-15,5.283018736684007246e-15,4.486288045422207953e-15,4.535427842374624378e-15,5.885449301674868003e-15,8.317557492932687313e-15,1.453192031849765268e-14,3.776373226498450439e-15,4.043864602531416150e-15,4.424205297564229665e-15,4.606044236441023481e-15,5.036788607825980401e-15,5.158141824243450347e-15,4.584281607361829949e-15,4.224024746772122665e-15,4.454614400212271443e-15,5.058855122289410444e-15,7.330573009301865758e-15,9.230586998999046467e-15,3.681146724310952944e-15,3.660098765486920331e-15,3.930915510055204096e-15,4.438089048309477069e-15,5.050902850856350689e-15,4.634408073924840030e-15,4.759626578457768469e-15,4.870076560126048409e-15,5.112993170756150495e-15,7.523879268281614459e-15,1.124366469832007742e-14,2.992060728775026628e-15,3.407471583126551433e-15,4.272362783500293534e-15,4.375074514000504052e-15,5.048767351658000122e-15,4.565188152980029229e-15,5.488162151563050605e-15,6.620338397638002246e-15,7.252712169131738542e-15,9.523263619256157212e-15,5.129251647475764983e-15,5.861792764181416035e-15,6.383692930856661594e-15,6.700999511570177849e-15,7.138014119992811355e-15,8.737134616786228789e-15,1.249312260838564673e-14,9.858365627254921437e-14,1.001290072812445453e-14,9.232901715932472534e-15
4.973410458028199180e-15,6.981698123033696522e-15,5.631189987819328827e-15,5.612341086593894842e-15,6.126178580103837705e-15,5.576681787245694715e-15,5.293650800807321233e-15,6.074802335572063389e-15,4.645110030671184408e-15,4.630553856393630441e-15,4.009903972940043586e-15,5.246752068307712642e-15,5.034047154582647956e-15,5.718409182742799076e-15,5.521183777810875908e-15,6.279449382366627701e-15,5.521784347048808610e-15,4.809054480719353088e-15,5.066192501230230095e-15,4.910148805827573999e-15,5.377340202644833572e-15,7.681613927267780137e-15,9.961245872697923873e-15,4.531969525510609396e-15,4.902582456044867995e-15,5.329658702697490290e-15,5.559197092615819986e-15,5.912447934167435054e-15,5.254549283267390369e-15,5.389189782431806084e-15,4.576452425107094180e-15,4.626579165738709551e-15,6.003734625701570480e-15,8.484716029902664298e-15,1.482393791110632340e-14,3.852270913198395926e-15,4.125137455337420538e-15,4.513124878568567877e-15,4.698604879370987732e-15,5.137980312457380471e-15,5.261808859113396478e-15,4.676415754257257032e-15,4.308916676954512959e-15,4.544143378892433669e-15,5.160523882229031188e-15,7.477742855201405832e-15,9.415967237818994787e-15,3.755132127655586202e-15,3.733658933717537984e-15,4.009921826752666659e-15,4.527288171370189649e-15,5.152417000001485387e-15,4.727550168183953886e-15,4.855287045610007003e-15,4.967956170877387142e-15,5.215753857133929191e-15,7.675085846945598220e-15,1.146941410703402853e-14,3.052196887045442120e-15,3.475957522401882897e-15,4.358227967491644969e-15,4.463007277573074568e-15,5.150236546992381493e-15,4.656940992794321357e-15,5.598463694361782325e-15,6.753277350256014987e-15,7.398471762867524551e-15,9.714648452421233105e-15,5.232336933350286643e-15,5.979101626134319042e-15,6.511505828319641802e-15,6.835413766692384800e-15,7.278306438989744081e-15,8.912681398949805300e-15,1.274418444329762981e-14,9.844046345951577504e-14,1.020983237835020475e-14,9.417107455865674028e-15
5.073326836945995728e-15,7.121956452075813431e-15,5.744318292148061677e-15,5.725091821547967334e-15,6.249250736154666944e-15,5.688717385709383513e-15,5.400003042293913274e-15,6.196851229189090711e-15,4.738436646709424064e-15,4.723584329011457239e-15,4.090464318899586192e-15,5.352156653341026692e-15,5.135182131003657045e-15,5.833289737945291687e-15,5.632103484246145107e-15,6.405604147786568948e-15,5.632725578693824949e-15,4.905671711989935934e-15,5.167976045192695779e-15,5.008794464151416674e-15,5.485371277511513816e-15,7.835943672502684309e-15,1.016137922830173748e-14,4.623019518689451985e-15,5.001081245686682293e-15,5.436733853029099254e-15,5.670885097512902442e-15,6.031236048527067795e-15,5.360117068978514813e-15,5.497460575727152153e-15,4.668400297652042127e-15,4.719533368739265949e-15,6.124364395276439722e-15,8.655188684618092293e-15,1.512174070548141749e-14,3.929669707728307654e-15,4.208017525871755733e-15,4.603804424202136197e-15,4.793004206111166215e-15,5.241187181510387000e-15,5.367527371882034719e-15,4.770372546612194818e-15,4.395487155559126937e-15,4.635443592715386624e-15,5.264209945663368530e-15,7.627862419115647108e-15,9.605051418897848400e-15,3.830581047687421739e-15,3.808673523340842280e-15,4.090491750432352192e-15,4.618253341855349419e-15,5.255941190704599270e-15,4.822535099863987522e-15,4.952841273706316236e-15,5.067773212682643903e-15,5.320548437888533650e-15,7.829294648369616019e-15,1.169968600265149061e-14,3.113521972548027622e-15,3.545798425955385930e-15,4.445796355030695807e-15,4.552681533826901686e-15,5.253717856368803137e-15,4.750509983562942304e-15,5.710950975752556009e-15,6.888875318629669807e-15,7.547123498360892600e-15,9.909838715376930710e-15,5.337462760025724808e-15,6.098799774242557514e-15,6.641917231174576974e-15,6.972535011529888841e-15,7.421653551276328392e-15,9.091728377461745590e-15,1.300022219428835601e-14,9.832271296711216329e-14,1.041104500438845012e-14,9.605053105946844090e-15
5.175208211658866668e-15,7.264970988095022414e-15,5.859670723258079835e-15,5.840060597319739734e-15,6.374741809972085756e-15,5.802955035790268269e-15,5.508447328055117367e-15,6.321300128412783029e-15,4.833599571375593924e-15,4.818445213358520978e-15,4.172610174139031431e-15,5.459633985686869081e-15,5.238305439807808780e-15,5.950429457863156493e-15,5.745204713469916211e-15,6.534239119417686953e-15,5.745849641064681526e-15,5.004190089869855851e-15,5.271762169506049124e-15,5.109380812830413266e-15,5.595527060261879897e-15,7.993303580621863081e-15,1.036543942677372926e-14,4.715860430376173053e-15,5.101518395106515557e-15,5.545915308234331344e-15,5.784770027374193961e-15,6.152360604609410844e-15,5.467761637209319377e-15,5.607861004529337374e-15,4.762158035864872798e-15,4.814317108190600224e-15,6.247368879290787808e-15,8.829010710881348669e-15,1.542538827339431296e-14,4.008592332968419982e-15,4.292529265245169777e-15,4.696269752297774454e-15,4.889267552381589527e-15,5.346435187645411359e-15,5.475326333034899008e-15,4.866178769470504674e-15,4.483761579246345782e-15,4.728541206857125986e-15,5.369940554229480648e-15,7.780956504609403375e-15,9.797875112912782771e-15,3.907515959698167595e-15,3.885165143524774953e-15,4.172648895224648527e-15,4.711010284080746652e-15,5.361503529433409536e-15,4.919389766528993571e-15,5.052316376136024278e-15,5.169555321009744707e-15,5.427405602148575063e-15,7.986537172905270112e-15,1.193451315194041103e-14,3.176054998280992309e-15,3.617015102954251596e-15,4.535091657765683024e-15,4.644121885000812402e-15,5.359238664548581578e-15,4.845921516381957483e-15,5.825653242009707286e-15,7.027159519543246056e-15,7.698699850649990100e-15,1.010886002152656018e-14,5.444660653068755979e-15,6.220907983234861321e-15,6.774947788973698053e-15,7.112387113466862356e-15,7.568064783389499523e-15,9.274300661759917055e-15,1.326128901183112125e-14,9.822737329724888655e-14,1.061654928648223991e-14,9.796876326913653320e-15
5.279093661931755969e-15,7.410798029181528413e-15,5.977291749083009373e-15,5.957290067925015973e-15,6.502700888335398152e-15,5.919439669225537247e-15,5.619025093025479786e-15,6.448197763621499239e-15,4.930635263082717008e-15,4.915172379284403092e-15,4.256372061501813474e-15,5.569225079166094422e-15,5.343457092900509009e-15,6.069873056914897926e-15,5.860530557364919496e-15,6.665404376402777507e-15,5.861200221131089104e-15,5.104646808929155647e-15,5.377590301947848866e-15,5.211945826020829970e-15,5.707849648959526301e-15,8.153759309387744851e-15,1.057351503213276986e-14,4.810527839377986419e-15,5.203932027964038125e-15,5.657244688221150553e-15,5.900895593114426113e-15,6.275868711731676094e-15,5.577524116282165613e-15,5.720433275120848708e-15,4.857761061728564717e-15,4.910966187262973824e-15,6.372796680115966046e-15,9.006254395624078078e-15,1.573501055185075758e-14,4.089068380054682553e-15,4.378704272978244119e-15,4.790555931552368048e-15,4.987432092362985004e-15,5.453765615784483783e-15,5.585247129096678841e-15,4.963870703450653327e-15,4.573773000712949235e-15,4.823471420752896740e-15,5.477756873009385100e-15,7.937090614410938282e-15,9.994519362198092146e-15,3.985965560498551782e-15,3.963162163152428494e-15,4.256424107722313131e-15,4.805594271398574730e-15,5.469144704426765843e-15,5.018150940752000917e-15,5.153750394889256260e-15,5.273341461774621835e-15,5.536366402384397096e-15,8.146878981191141065e-15,1.217399898912452966e-14,3.239818831200207760e-15,3.689634145204791452e-15,4.626148362263318400e-15,4.737363502859083065e-15,5.466839983657618576e-15,4.943211894888315209e-15,5.942615329157388053e-15,7.168186977523990425e-15,7.853263009294938592e-15,1.031180256353410906e-14,5.553972403051910521e-15,6.345476204060822252e-15,6.910652973837883884e-15,7.255028874522942759e-15,7.717598285208262563e-15,9.460479618343748978e-15,1.352749462245200057e-14,9.815492697442070533e-14,1.082642772166475753e-14,9.992626173058775746e-15
5.385018862598741615e-15,7.559487314568287772e-15,6.097221496978314677e-15,6.076820502631626486e-15,6.633171879787243545e-15,6.038211209549393713e-15,5.731774339765308022e-15,6.577587769605928542e-15,5.029577106226796743e-15,5.013799063016581731e-15,4.341778758214711871e-15,5.680967531648973448e-15,5.450673128957973225e-15,6.191661533725965809e-15,5.978120615463397493e-15,6.799144966380845963e-15,5.978817024768486023e-15,5.207076405687289596e-15,5.485496828458706478e-15,5.316524737083222097e-15,5.822377614767421119e-15,8.317365997746751776e-15,1.078567738036380001e-14,4.907054255635780036e-15,5.308357380207168105e-15,5.770760253263881105e-15,6.019301716526603129e-15,6.401802858528878829e-15,5.689442241692729844e-15,5.835216067173140714e-15,4.955242283341617966e-15,5.009513865745991560e-15,6.500691038578105966e-15,9.186980751479447792e-15,1.605071335812367485e-14,4.171125550862316881e-15,4.466572209676367366e-15,4.886695461995177866e-15,5.087531687091565837e-15,5.563215404323688781e-15,5.697327604244404831e-15,5.063481981000238187e-15,4.665552379921280969e-15,4.920266926904125178e-15,5.587696096880490148e-15,8.096318016290828234e-15,1.019505119198106290e-14,4.065956878436222959e-15,4.042691426768930615e-15,4.341846276426093296e-15,4.902037920458444006e-15,5.578901815286056408e-15,5.118852631475820962e-15,5.257178291670235746e-15,5.379167395565910547e-15,5.647468367396285439e-15,8.310375323377340739e-15,1.241822489080190706e-14,3.304835353230194034e-15,3.763680582897092805e-15,4.718997897854801579e-15,4.832438541156327654e-15,5.576558935946622272e-15,5.042414652645582877e-15,6.061877565413375982e-15,7.312005935509852054e-15,8.010866239791971694e-15,1.051873625512257961e-14,5.665436395221235917e-15,6.472545878499825368e-15,7.049078058431174279e-15,7.400508556246835178e-15,7.870298410781890928e-15,9.650329249842194001e-15,1.379893056701840581e-14,9.810474362754078535e-14,1.104074214411299930e-14,1.019235807124726342e-14
5.493019747275821422e-15,7.711089134922880754e-15,6.219500550788047678e-15,6.198692588766018097e-15,6.766199000613760962e-15,6.159309884797057163e-15,5.846733354449211436e-15,6.709514112125132596e-15,5.130458741070025504e-15,5.114358760195745548e-15,4.428859262489563056e-15,5.794899220491041947e-15,5.559989879786728959e-15,6.315836181275323412e-15,6.098014773483909318e-15,6.935506264103671435e-15,6.098740058937975659e-15,5.311513676441237367e-15,5.595518405839888518e-15,5.423153039043790953e-15,5.939149817729648368e-15,8.484179140509876201e-15,1.100199832029364283e-14,5.005472433504945308e-15,5.414829955467830489e-15,5.886500544608452442e-15,6.140028612957930951e-15,6.530205850231739745e-15,5.803554030998007130e-15,5.952248346479361050e-15,5.054634862545234239e-15,5.109993658343260521e-15,6.631095543104181099e-15,9.371251229643869486e-15,1.637260318818444970e-14,4.254791769498430736e-15,4.556162967405250037e-15,4.984721106313582059e-15,5.189600523916805292e-15,5.674821875824324778e-15,5.811605892609781170e-15,5.165046495314138241e-15,4.759130913949975174e-15,5.018960674193192990e-15,5.699795753136950376e-15,8.258692602600384941e-15,1.039953846723441898e-14,4.147517162823893777e-15,4.123779989786649540e-15,4.428944528057078694e-15,5.000374115632341915e-15,5.690812257051049654e-15,5.221529111957359178e-15,5.362635308194930806e-15,5.487069165286202277e-15,5.760749317913850734e-15,8.477081897476948831e-15,1.266727321166644170e-14,3.371126708077536325e-15,3.839179655818631983e-15,4.813671977850352870e-15,4.929379420308096478e-15,5.688432964481112027e-15,5.143563592863667291e-15,6.183480607464104006e-15,7.458665176153127140e-15,8.171563228359234804e-15,1.072973150135339170e-14,5.779090568613365243e-15,6.602159130831193685e-15,7.190269045310391680e-15,7.548875037948182857e-15,8.026210952047151382e-15,9.843914141088493444e-15,1.407568894499184707e-14,9.807621145625049439e-14,1.125955642327014571e-14,1.039613216612153615e-14
5.603132502087588191e-15,7.865654263319935663e-15,6.344169881671061336e-15,6.322947273127220961e-15,6.901826779025324648e-15,6.282776247266221258e-15,5.963940700378711124e-15,6.844021081072611936e-15,5.233314052309697850e-15,5.216885211197174845e-15,4.517642781930816813e-15,5.911058293501968684e-15,5.671443976110043048e-15,6.442438578773890928e-15,6.220253196157316011e-15,7.074533968646495609e-15,6.221009630903170554e-15,5.417993666823560489e-15,5.707691955655484943e-15,5.531866477138651159e-15,6.058205395783395999e-15,8.654254639715022928e-15,1.122255032346062240e-14,5.105815380905254817e-15,5.523385517695283723e-15,6.004504378969709445e-15,6.263116788352484986e-15,6.661120809274145718e-15,5.919897778459832128e-15,6.071569359124504307e-15,5.155972208017489637e-15,5.212439326983003118e-15,6.764054138046319682e-15,9.559127755614998323e-15,1.670078732631324539e-14,4.340095172018806031e-15,4.647506658667571598e-15,5.084665882211752788e-15,5.293673114976120512e-15,5.788622741954581251e-15,5.928120414950672232e-15,5.268598392267887494e-15,4.854540025958284748e-15,5.119585859497934197e-15,5.814093702318866787e-15,8.424268913611234947e-15,1.060804991907501571e-14,4.230673873706615872e-15,4.206455106730787860e-15,4.517748218136414741e-15,5.100636003127837353e-15,5.804913718992242828e-15,5.326214913851738924e-15,5.470156961878850016e-15,5.597083092231014663e-15,5.876247362596238728e-15,8.647054875467034718e-15,1.292122738996451231e-14,3.438715236304880919e-15,3.916156799038556742e-15,4.910202600191708503e-15,5.028218822752121624e-15,5.802499834549402600e-15,5.246692781977865546e-15,6.307465443322230066e-15,7.608214051350564470e-15,8.335408108829848537e-15,1.094485927346562950e-14,5.894972719089984184e-15,6.734358804808919209e-15,7.334272705035629952e-15,7.700177887030941341e-15,8.185383198985902654e-15,1.004129950415264918e-14,1.435786247727669568e-14,9.806874988975545462e-14,1.148293653793921469e-14,1.060401001614572118e-14
5.715393540859485376e-15,8.023233819735373570e-15,6.471270740042060290e-15,6.449625700758519569e-15,7.040100011481165384e-15,6.408651123104676785e-15,6.083435184697105992e-15,6.981153250297461755e-15,5.338177150007012203e-15,5.321412367565303279e-15,4.608158707181069213e-15,6.029483126150267806e-15,5.785072296713277627e-15,6.571510560879532639e-15,6.344876296936945149e-15,7.216274063740511849e-15,6.345666315902293877e-15,5.526551645523060081e-15,5.822054635500807521e-15,5.642701020142207737e-15,6.179583728919982607e-15,8.827648762695252940e-15,1.144740639475118877e-14,5.208116322579987521e-15,5.634060063729508623e-15,6.124810818502898269e-15,6.388607007337709655e-15,6.794591139699745759e-15,6.038512022844208029e-15,6.193218598085975288e-15,5.259287948916242267e-15,5.316884854620301960e-15,6.899611088201491713e-15,9.750672678814898845e-15,1.703537391627288687e-14,4.427064079375094221e-15,4.740633593392576813e-15,5.186563036958898471e-15,5.399784269463723259e-15,5.904656072019920851e-15,6.046909848664997582e-15,5.374172044229209477e-15,4.951811341304270326e-15,5.222175902198679920e-15,5.930628108150249206e-15,8.593102089735541839e-15,1.082065501057680751e-14,4.315454657526594762e-15,4.290744210233316670e-15,4.608286908281254659e-15,5.202856965016709706e-15,5.921244154316179861e-15,5.432944800087401260e-15,5.579779017970385826e-15,5.709245747575900063e-15,5.994000868609865186e-15,8.820350855249981819e-15,1.318017180789532484e-14,3.507623426337851459e-15,3.994637624333482937e-15,5.008622015016381640e-15,5.128989664347174023e-15,5.918797603258869885e-15,5.351836523247949832e-15,6.433873359902207228e-15,7.760702438807093632e-15,8.502455418625947630e-15,1.116419107639425829e-14,6.013120809978078373e-15,6.869188426032215215e-15,7.481136516434727906e-15,7.854467315550644338e-15,8.347863859895062589e-15,1.024255112034426891e-14,1.464554447600062679e-14,9.808180697783972957e-14,1.171095049215943950e-14,1.081605626100789756e-14
5.829839465976169796e-15,8.183879157473863980e-15,6.600844566330202656e-15,6.578769185334144477e-15,7.181063714409164581e-15,6.536975553515460792e-15,6.205255814623621193e-15,7.120955427028820564e-15,5.445082329704081013e-15,5.427974355007078971e-15,4.700436579384147471e-15,6.150212280209114982e-15,5.900911913488885980e-15,6.703094171893546084e-15,6.471924693711308542e-15,7.360772764532402886e-15,6.472750912444883419e-15,5.637223067187059236e-15,5.938643798650273885e-15,5.755692820635021726e-15,6.303324394484388716e-15,9.004418075374017929e-15,1.167663995353551795e-14,5.312408659044869423e-15,5.746889784975240641e-15,6.247459128023726840e-15,6.516540248083298284e-15,6.930660478216123202e-15,6.159435504264531347e-15,6.317235758596935988e-15,5.364615898968871173e-15,5.423364409137007301e-15,7.037810929880625327e-15,9.945948697899028393e-15,1.737647163201262105e-14,4.515726968252862687e-15,4.835574247712834896e-15,5.290446013007348139e-15,5.507969057724397810e-15,6.022960252300770722e-15,6.168013086066174753e-15,5.481802013953683773e-15,5.050976654643974153e-15,5.326764409304598402e-15,6.049437397492650201e-15,8.765247807296724144e-15,1.103742381755950052e-14,4.401887317487263361e-15,4.376674882984565393e-15,4.700590336139490709e-15,5.307070584453377340e-15,6.039841739217587665e-15,5.541753727832606921e-15,5.691537451718408695e-15,5.823593913420600792e-15,6.114048420728212007e-15,8.997026794694315578e-15,1.344419165293941421e-14,3.577873881447294693e-15,4.074647892765528254e-15,5.108962693243984188e-15,5.231725060245400839e-15,6.037364579088515318e-15,5.459029320952111730e-15,6.562745898557710170e-15,7.916180684813344324e-15,8.672760036136504150e-15,1.138779885311322969e-14,6.133573152233748219e-15,7.006692150405863291e-15,7.630908614458578960e-15,8.011794117773172689e-15,8.513702997784577754e-15,1.044773526493993821e-14,1.493882872916008249e-14,9.811485503503611591e-14,1.194366820051412255e-14,1.103233778354396405e-14
5.946507022170065049e-15,8.347641789415252681e-15,6.732932931849014821e-15,6.710419169715520230e-15,7.324763070824835888e-15,6.667790737393012010e-15,6.329441750482231695e-15,7.263472599004973449e-15,5.554064031611776376e-15,5.536605433580262460e-15,4.794506054782143244e-15,6.273284459180682786e-15,6.019000038996877549e-15,6.837231613730274510e-15,6.601439158724536155e-15,7.508076461389777438e-15,6.602304393164419296e-15,5.750043529475058038e-15,6.057496948644060987e-15,5.870878170867989167e-15,6.429467119977898143e-15,9.184619372829648657e-15,1.191032472991208281e-14,5.418725922719430280e-15,5.861911023735073020e-15,6.372488727000789265e-15,6.646957652308868732e-15,7.069372641523827869e-15,6.282707117425288573e-15,6.443660690104398781e-15,5.471990015957389989e-15,5.531912302285830943e-15,7.178698418000955434e-15,1.014501878369071133e-14,1.772418961651248918e-14,4.606112438114626945e-15,4.932359227668055066e-15,5.396348408600902041e-15,5.618262771273172000e-15,6.143573942363411334e-15,6.291469187612275617e-15,5.591523013232379687e-15,5.152067891734497367e-15,5.433385135441458208e-15,6.170560215752132910e-15,8.940762213037591897e-15,1.125842692989193076e-14,4.489999781163183323e-15,4.464274824996377731e-15,4.794688380727736129e-15,5.413310606293547575e-15,6.160744827609816850e-15,5.652676806726450455e-15,5.805468405789025320e-15,5.940164539034506671e-15,6.236428775141787172e-15,9.177139944280875853e-15,1.371337279538825378e-14,3.649489290668106214e-15,4.156213484993677188e-15,5.211257290143929145e-15,5.336458287022155252e-15,6.158239277267660928e-15,5.568305839638017677e-15,6.694124805878121228e-15,8.074699544302516920e-15,8.846377114518644685e-15,1.161575490364125194e-14,6.256368449958145228e-15,7.146914710867439287e-15,7.783637732938051715e-15,8.172209609056285298e-15,8.682951960804990800e-15,1.065691863020493647e-14,1.523780944025385849e-14,9.816738708853810979e-14,1.218116137385692621e-14,1.125292357223744144e-14
6.065433046235000280e-15,8.514573320106183855e-15,6.867577483843810669e-15,6.844617179449416991e-15,7.471243369812642851e-15,6.801137972390187289e-15,6.456032253885340032e-15,7.408749876136924047e-15,5.665156794891239475e-15,5.647339953020826861e-15,4.890396865355267177e-15,6.398738457072738933e-15,6.139373973511122349e-15,6.973965187905411869e-15,6.733460562868912243e-15,7.658231658527438375e-15,6.734367850930818994e-15,5.865048724972398104e-15,6.178651688974278893e-15,5.988293453827418509e-15,6.558051730623409778e-15,9.368309601858244146e-15,1.214853465592774792e-14,5.527101731725856383e-15,5.979160224735784325e-15,6.499939136373264669e-15,6.779900470156899207e-15,7.210771568686767411e-15,6.408365860120773418e-15,6.572533343294528199e-15,5.581444356869748095e-15,5.642562944117460471e-15,7.322318468781551982e-15,1.034794609652729739e-14,1.807863738914475283e-14,4.698249174173824714e-15,5.031019228528641483e-15,5.504303934137217312e-15,5.730700879522219741e-15,6.266536028091223428e-15,6.417317330399089076e-15,5.703369856958290645e-15,5.255117066610035744e-15,5.542071938388448866e-15,6.294035378510611735e-15,9.119701855610566432e-15,1.148373536192714455e-14,4.579820064712972492e-15,4.553571816792978309e-15,4.890611023875944028e-15,5.521610893710047588e-15,6.283991901628502593e-15,5.765749252743952079e-15,5.921608143426072545e-15,6.058994692730333790e-15,6.361180808545723491e-15,9.360747775016530689e-15,1.398780167267306338e-14,3.722492404693256790e-15,4.239360368096487566e-15,5.315538605345610064e-15,5.443222740569756786e-15,6.281460371359630216e-15,5.679700859098415030e-15,6.828051980153223438e-15,8.236310118344124060e-15,9.023362010842441512e-15,1.184813179335964340e-14,6.381545746396068154e-15,7.289901363883106413e-15,7.939373144981749402e-15,8.335765559860962646e-15,8.855663314722360611e-15,1.087016824299506189e-14,1.554258114170136630e-14,9.823891368272365234e-14,1.242350341545143058e-14,1.147788427543414987e-14
6.186654411213733158e-15,8.684725373922614264e-15,7.004819887382253556e-15,6.981404767852124369e-15,7.620549938106287686e-15,6.937058592063036352e-15,6.585066630125574180e-15,7.556832425173646948e-15,5.778395206937369272e-15,5.760212302163973412e-15,4.988138774975419940e-15,6.526613100405126616e-15,6.262071048879313647e-15,7.113337231547443200e-15,6.868029814215823876e-15,7.811284905159137006e-15,6.868982439508306350e-15,5.982274388181233139e-15,6.302145667591572209e-15,6.107975089098321336e-15,6.689118090637633573e-15,9.555545774824103351e-15,1.239134374992434905e-14,5.637569739919890254e-15,6.098673881744492773e-15,6.629849919886121082e-15,6.915409999386471410e-15,7.354901257350038952e-15,6.536450776138218016e-15,6.703893711241244512e-15,5.693013028474173438e-15,5.755350792761244883e-15,7.468716096789947794e-15,1.055479389561926110e-14,1.843992467436268876e-14,4.792165905995193663e-15,5.131584989930434639e-15,5.614346364226673414e-15,5.845318982802010544e-15,6.391885571040878127e-15,6.545596751524098494e-15,5.817377412557245218e-15,5.360156234334235909e-15,5.652858730141036840e-15,6.419901818873059856e-15,9.302123611842283588e-15,1.171342046142771286e-14,4.671376233186146560e-15,4.644593678743211390e-15,4.988388307825313317e-15,5.632005380574201426e-15,6.409621517241612095e-15,5.881006337395939736e-15,6.039992997025363309e-15,6.180121508984745928e-15,6.488343462231174154e-15,9.547907899151257211e-15,1.426756517184700117e-14,3.796906004099030455e-15,4.324114558728222053e-15,5.421839538655728011e-15,5.552051889308472319e-15,6.407066640402564410e-15,5.793249224929319007e-15,6.964569412831189045e-15,8.401063787449726478e-15,9.203770208829092996e-15,1.208500224980539525e-14,6.509144315846721398e-15,7.435697831209334129e-15,8.098164600240741999e-15,8.502514125005250098e-15,9.031890773815965515e-15,1.108755137424618959e-14,1.585323855811630180e-14,9.832895995238978968e-14,1.267076931497407717e-14,1.170729171604891428e-14
6.310207964274585610e-15,8.858149515851517632e-15,7.144701761546338552e-15,7.120823449746145133e-15,7.772728064013540423e-15,7.075593897890530277e-15,6.716584164313647638e-15,7.707765396967143246e-15,5.893813847328854176e-15,5.875256853143771355e-15,5.087761530776211703e-15,6.656947183856082211e-15,6.387128567736502053e-15,7.255390047126470553e-15,7.005187790443425170e-15,7.967282719150983586e-15,7.006189308129787189e-15,6.101756237292345246e-15,6.428016515804422479e-15,6.229959473125250821e-15,6.822706037748516732e-15,9.746384874936639807e-15,1.263882599412484821e-14,5.750163581884935492e-15,6.220488478856200311e-15,6.762260619510250937e-15,7.053527518370833127e-15,7.501805692986906153e-15,6.667000892071776227e-15,6.837781764218898457e-15,5.806730132868231559e-15,5.870310299158786020e-15,7.617936345883462641e-15,1.076562543931233397e-14,1.880816120517006865e-14,4.887891361519604440e-15,5.234087246557904363e-15,5.726509485026251057e-15,5.962152761021989374e-15,6.519661753323754590e-15,6.676346685766823596e-15,5.933580544401612293e-15,5.467217439064319645e-15,5.765779423122415288e-15,6.548198529839516164e-15,9.488084606556043226e-15,1.194755381023701085e-14,4.764696356543404154e-15,4.737368226347753304e-15,5.088050288638592786e-15,5.744528019113230261e-15,6.537672244365284075e-15,5.998483331816001775e-15,6.160659311577827843e-15,6.303582130269947589e-15,6.617955680640091154e-15,9.738677982638764461e-15,1.455275050467362100e-14,3.872752865163037774e-15,4.410502082341832796e-15,5.530193041244941904e-15,5.662979222379281516e-15,6.535096910889245620e-15,5.908985794189335538e-15,7.103719124047767134e-15,8.569012139360630988e-15,9.387657234020886045e-15,1.232643904849116641e-14,6.639203541090330845e-15,7.584350237955730297e-15,8.260062258218744924e-15,8.672507768963547797e-15,9.211689129295272454e-15,1.130913543944643010e-14,1.616987643905056392e-14,9.843706293554013073e-14,1.292303554053236383e-14,1.194121869615383829e-14
6.436130460996225456e-15,9.034897159854782405e-15,7.287264605591578595e-15,7.262914630045993226e-15,7.927822912485227177e-15,7.216785083320155775e-15,6.850624050074825171e-15,7.861593845008882686e-15,6.011447225878887288e-15,5.992507898594074352e-15,5.189294809026956128e-15,6.789779397282125463e-15,6.514583735398000406e-15,7.400165824155186439e-15,7.144975263574914548e-15,8.126271501544367130e-15,7.146029528720303495e-15,6.223529909630725922e-15,6.556301780367135210e-15,6.354282912696963827e-15,6.958855309859300834e-15,9.940883750472237422e-15,1.289105519753864842e-14,5.864916812902897333e-15,6.344640425373918107e-15,6.897210683573481316e-15,7.194294211448790809e-15,7.651528770569076501e-15,6.800055146846977774e-15,6.974237376897048743e-15,5.922629707107161679e-15,5.987475845796431581e-15,7.770024212658645864e-15,1.098050387299120292e-14,1.918345639436775656e-14,4.985454216217292658e-15,5.338556673609198312e-15,5.840827036038813488e-15,6.081237917335861088e-15,6.649903817340500949e-15,6.809606296415033946e-15,6.052014052246333852e-15,5.576332656562233265e-15,5.880867870659619493e-15,6.678964500776564086e-15,9.677642125018699577e-15,1.218620711730473148e-14,4.859808460879223994e-15,4.831923220823552685e-15,5.189626984780385494e-15,5.859212722062539463e-15,6.668182600462389775e-15,6.118215444776467073e-15,6.283643382069955106e-15,6.429413642602258676e-15,6.750056343248436660e-15,9.933115647455671903e-15,1.484344507294829775e-14,3.950055722626144102e-15,4.498548928248376067e-15,5.640632062020069190e-15,5.776038192544988548e-15,6.665589992408567775e-15,6.026945375312744588e-15,7.245543091356676703e-15,8.740206890290441082e-15,9.575078559353359318e-15,1.257251488409775253e-14,6.771762772040829417e-15,7.735905045345112464e-15,8.425116617250100838e-15,8.845799184612675248e-15,9.395114174379507031e-15,1.153498788808796416e-14,1.649258931955616335e-14,9.856276880829454289e-14,1.318037993061760849e-14,1.217973826750355471e-14
6.564458489927421300e-15,9.215019468797725195e-15,7.432549718367980598e-15,7.407719518893017214e-15,8.085879432604287472e-15,7.360673150439162000e-15,6.987225311395703003e-15,8.018362636221524996e-15,6.131329713759051815e-15,6.111999583057557022e-15,5.292768155678054104e-15,6.925148245927442121e-15,6.644473584472856930e-15,7.547706553751779434e-15,7.287432817747976903e-15,8.288297443202080159e-15,7.288544016047851010e-15,6.347630890951424628e-15,6.687038849043682167e-15,6.480981552083441178e-15,7.097605464998602732e-15,1.013909900009381726e-14,1.314810485198450732e-14,5.981862841570466676e-15,6.471165984379924295e-15,7.034739388076229869e-15,7.337751087184078532e-15,7.804114207938919198e-15,6.935652314445983951e-15,7.113300248587810980e-15,6.040745656889679407e-15,6.106881679454845088e-15,7.925024562340982908e-15,1.119949210710995176e-14,1.956591910991762714e-14,5.084883037086358171e-15,5.445023826944091275e-15,5.957332646136259893e-15,6.202610116184631637e-15,6.782650999539538436e-15,6.945414599334173141e-15,6.172712603644068402e-15,5.687533731151812322e-15,5.998157801600715556e-15,6.812238647344874724e-15,9.870853517425938196e-15,1.242945209857444440e-14,4.956740474682388103e-15,4.928286314868974277e-15,5.293148320577455591e-15,5.976093299040666098e-15,6.801190977542632216e-15,6.240237754589791755e-15,6.408981384654530211e-15,6.557653004717197925e-15,6.884684189780654581e-15,1.013127836472315037e-14,1.513973632070512414e-14,4.028837226830740972e-15,4.588281000016467766e-15,5.753189488415644663e-15,5.891262153180708284e-15,6.798584607417175603e-15,6.147162662049757831e-15,7.390083171572751783e-15,8.914699798760544428e-15,9.766089501787615008e-15,1.282330223249890578e-14,6.906861222857998250e-15,7.890408980227864587e-15,8.593378434890915827e-15,9.022441208352558381e-15,9.582222625584632757e-15,1.176517608339950528e-14,1.682147133493230837e-14,9.870563034872108218e-14,1.344288157667519045e-14,1.242292380607518470e-14
6.695228390460286164e-15,9.398567242079754960e-15,7.580598107831817877e-15,7.555279040339992098e-15,8.246942256000482550e-15,7.507298817592057057e-15,7.126426716677800567e-15,8.178116352922265330e-15,6.253495470511133329e-15,6.233765827567280255e-15,5.398210920941427829e-15,7.063091963803371961e-15,6.776834890766082569e-15,7.698053934670924116e-15,7.432600758764118423e-15,8.453406422178146022e-15,7.433773439772431250e-15,6.474094437638930870e-15,6.820264868695414202e-15,6.610091292858337164e-15,7.238995792933661943e-15,1.034108684719693261e-14,1.341004797341403126e-14,6.101034855280971323e-15,6.600101194127352485e-15,7.174885750119056560e-15,7.483938888425622255e-15,7.959605450987828990e-15,7.073830918901047184e-15,7.255009815542498423e-15,6.161111683578674729e-15,6.228561837192900835e-15,8.082982036305052707e-15,1.142265268319203321e-14,1.995565748791815997e-14,5.186206221069814709e-15,5.553519077228614624e-15,6.076059763178491389e-15,6.326304915237172779e-15,6.917942457912338095e-15,7.083810379425348118e-15,6.295710659570829473e-15,5.800852306348701251e-15,6.117682748383206641e-15,6.948059735185736894e-15,1.006777609510362989e-14,1.267736034499982064e-14,5.055520169713368698e-15,5.026484992998348550e-15,5.398644064030740566e-15,6.095203386552754662e-15,6.936735561871500707e-15,6.364585134176820130e-15,6.536709300938162888e-15,6.688336970136386837e-15,7.021877737929433431e-15,1.033322333745366635e-14,1.544171157266950642e-14,4.109119895765879041e-15,4.679724060488602600e-15,5.867898081498612577e-15,6.008684289040303046e-15,6.934119313553149503e-15,6.269672160798217171e-15,7.537381014438196173e-15,9.092542571675127555e-15,9.960745108760392734e-15,1.307887319725228434e-14,7.044537885097541337e-15,8.047908959653001036e-15,8.764898645996270919e-15,9.202486728631686020e-15,9.773072044749461418e-15,1.199976717108226851e-14,1.715661607084738632e-14,9.886520440512048160e-14,1.371062070303169126e-14,1.267084911420656425e-14
6.828476162262482243e-15,9.585590789341907266e-15,7.731450389356133074e-15,7.705633733491323102e-15,8.411055584953214883e-15,7.656702415619524331e-15,7.268266683134787965e-15,8.340899184173387818e-15,6.377978360411001120e-15,6.357840246315918539e-15,5.505652187015008944e-15,7.203648417533105442e-15,6.911704078501039573e-15,7.851249268988147111e-15,7.580519013733644494e-15,8.621643889779747965e-15,7.581758126844797676e-15,6.602955490548720144e-15,6.956016654555342365e-15,6.741647705116004189e-15,7.383065217624824572e-15,1.054690300034404326e-14,1.367695692320027325e-14,6.222465738201017196e-15,6.731481781014167423e-15,7.317688431934364524e-15,7.632897992604003232e-15,8.118045568524316810e-15,7.214629140167173438e-15,7.399405153614920539e-15,6.283761203482439831e-15,6.352550064469727937e-15,8.243940949689116458e-15,1.165004762442400185e-14,2.035277864179552434e-14,5.289451927411158526e-15,5.664072537135286423e-15,6.197041576221678836e-15,6.452357690445558316e-15,7.055817192257329476e-15,7.224832098114790380e-15,6.421042392142113401e-15,5.916319748136928176e-15,6.239475967471213388e-15,7.086466294889475096e-15,1.026846701661580401e-14,1.293000317793019710e-14,5.156175095769746998e-15,5.126546505626016632e-15,5.506143758144618166e-15,6.216576370664921782e-15,7.074854244882757323e-15,6.491292168172624439e-15,6.666862834254695959e-15,6.821502000968705952e-15,7.161675192256382916e-15,1.053900737053499178e-14,1.574945785668171234e-14,4.190926062651966917e-15,4.772903672300082571e-15,5.984790405316277898e-15,6.128337540041059572e-15,7.072232417978787395e-15,6.394508110260850459e-15,7.687477967360295893e-15,9.273786761107776226e-15,1.015910003217231206e-14,1.333929934296617987e-14,7.184831425571243546e-15,8.208452008454643504e-15,8.939728272181507402e-15,9.385988585187787110e-15,9.967720746207651430e-15,1.223882793411069235e-14,1.749811631245766885e-14,9.904104919624434100e-14,1.398367854010765539e-14,1.292358819913963769e-14
6.964237365749783319e-15,9.776139789227774173e-15,7.885146672302788871e-15,7.858823637568561388e-15,8.578263068436009224e-15,7.808923772220753890e-15,7.412783172536628731e-15,8.506754806465097277e-15,6.504811861618892999e-15,6.484256055181216434e-15,5.615120688750544011e-15,7.346855000785989199e-15,7.049117114532815446e-15,8.007333347424240641e-15,7.731227020779122168e-15,8.793054745406078282e-15,7.732537954796117708e-15,6.734248580331424508e-15,7.094330590525005215e-15,6.875685929925572800e-15,7.529852190108885162e-15,1.075660249961369722e-14,1.394890320965719905e-14,6.346187980504379768e-15,6.865343063951715766e-15,7.463185635425718734e-15,7.784668302171628217e-15,8.279477136728833551e-15,7.358084710464436123e-15,7.546524871395544754e-15,6.408727259178322491e-15,6.478879725169835567e-15,8.407945178940155674e-15,1.188173827130991299e-14,2.075738837242847333e-14,5.394648003143691736e-15,5.776713981371144403e-15,6.320310930075109986e-15,6.580803554157414625e-15,7.196313956953543486e-15,7.368517791703940813e-15,6.548741594208682286e-15,6.033967060661913708e-15,6.363570351948978802e-15,7.227496529161389418e-15,1.047298316349489782e-14,1.318745148711727020e-14,5.258732509101566809e-15,5.228497796672274740e-15,5.615676645519578881e-15,6.340245302085765281e-15,7.215584525793671744e-15,6.620393061865147742e-15,6.799477317705985672e-15,6.957184173216290057e-15,7.304114344114488925e-15,1.074868672798904182e-14,1.606306170577048363e-14,4.274277817318586156e-15,4.867845132355851541e-15,6.103898747031371927e-15,6.250254517739853673e-15,7.212961883493585714e-15,6.521704393201498354e-15,7.840414970818308123e-15,9.458483651624370262e-15,1.036120838994659539e-14,1.360465151191422189e-14,7.327780082165834290e-15,8.372085170027586476e-15,9.117918323976615448e-15,9.572999459112780811e-15,1.016622770784963612e-14,1.248242463348320720e-14,1.784606382524645477e-14,9.923272154705139046e-14,1.426213718816462594e-14,1.318121513979591155e-14
7.102547011894954293e-15,9.970263129723913524e-15,8.041726431505338766e-15,8.014888159553428107e-15,8.748607661375851129e-15,7.964002080482616087e-15,7.560013575611089228e-15,8.675726252029011930e-15,6.634028965769867138e-15,6.613045970788951211e-15,5.726644726327676807e-15,7.492748517366370899e-15,7.189109388772964622e-15,8.166346323282210150e-15,7.884763607771833280e-15,8.967683198455624153e-15,7.886152233838482146e-15,6.868007723509786299e-15,7.235242519632814381e-15,7.012240572030520501e-15,7.679394570315656675e-15,1.097023954386155049e-14,1.422595726262489229e-14,6.472233577487877183e-15,7.001719849395587135e-15,7.611414986259162669e-15,7.939289124170806052e-15,8.443942112056338036e-15,7.504234800564875671e-15,7.696406992669858428e-15,6.536042422143309008e-15,6.607583702841867567e-15,8.575038038652010420e-15,1.211778510111330453e-14,2.116959073639318356e-14,5.501821899571735682e-15,5.891472758946113936e-15,6.445900231677107279e-15,6.711677265393077489e-15,7.339471165981860371e-15,7.514904959855163354e-15,6.678841580176477638e-15,6.153824793721951656e-15,6.489998335664448519e-15,7.371188211427507017e-15,1.068138100414388855e-14,1.344977554924103990e-14,5.363219293723355371e-15,5.332365424131619100e-15,5.727271585728676525e-15,6.466242803127124521e-15,7.358963404411622719e-15,6.751921541254983816e-15,6.934587613368651598e-15,7.095419072942358684e-15,7.449232461921474367e-15,1.096231697616137204e-14,1.638260893523513101e-14,4.359196940523200235e-15,4.964573399200967825e-15,6.225255030910616672e-15,6.374467412832708885e-15,7.356345225809958779e-15,6.651294439734452893e-15,7.996232443855088031e-15,9.646684138225879476e-15,1.056712361456656251e-14,1.387499961416576235e-14,7.473421559202620557e-15,8.538855407161751149e-15,9.299519693247921932e-15,9.763571749967584020e-15,1.036865247094168113e-14,1.273062283160948101e-14,1.820054899650428249e-14,9.943977356299552573e-14,1.454607946762907460e-14,1.344380376977321725e-14
7.243439449186735012e-15,1.016800876792163507e-14,8.201228388942617590e-15,8.173865967338939817e-15,8.922131486728897750e-15,8.121975774820745030e-15,7.709994579911733211e-15,8.847855759707354042e-15,6.765662073805186535e-15,6.744242099936898750e-15,5.840252067448322721e-15,7.641365055625529485e-15,7.331715606074821355e-15,8.328327561837798827e-15,8.041166848411637483e-15,9.145572608482803887e-15,8.042639567617853993e-15,7.004266299725943801e-15,7.378787615301648355e-15,7.151345575624157539e-15,7.831729493922991923e-15,1.118786732858488903e-14,1.450818823598260663e-14,6.600633930781852088e-15,7.140646307452699164e-15,7.762413396996330879e-15,8.096799027287809751e-15,8.611481681369991613e-15,7.653115888123359813e-15,7.849088820660581990e-15,6.665738679354751578e-15,6.738694285151810630e-15,8.745262131759658425e-15,1.235824749790260232e-14,2.158948787916276938e-14,5.611000586488608686e-15,6.008377691070728445e-15,6.573841339546862618e-15,6.845013122050791245e-15,7.485326777124570721e-15,7.664030432718588956e-15,6.811375069144740629e-15,6.275922934847392385e-15,6.618791780474213567e-15,7.517578562449769317e-15,1.089371643626282953e-14,1.371704488840951525e-14,5.469661873237599023e-15,5.438175468595577100e-15,5.840956959008340223e-15,6.594600958142635021e-15,7.505027254360591256e-15,6.885910735864321536e-15,7.072227992949039458e-15,7.236241673278990988e-15,7.597066159879612045e-15,1.117995279394017726e-14,1.670818446935200367e-14,4.445704835544771916e-15,5.063113016420569474e-15,6.348890727795703697e-15,6.501007898303982863e-15,7.502419390302115830e-15,6.783311112958255977e-15,8.154970145045314572e-15,9.838438568628689210e-15,1.077689826121496488e-14,1.415041243345207886e-14,7.621792970232373772e-15,8.708809514119914128e-15,9.484583043345031579e-15,9.957757468812067752e-15,1.057505504135090656e-14,1.298348720034070152e-14,1.856166066601135936e-14,9.966175374664854936e-14,1.483558880492451346e-14,1.371142962358940912e-14
7.386948209469304264e-15,1.036942347255097634e-14,8.363690306719021761e-15,8.335794803079819109e-15,9.098875645808932727e-15,8.282882324137129525e-15,7.862762034140106530e-15,9.023184614348240734e-15,6.899742859619996091e-15,6.877875812765185075e-15,5.955969842394186985e-15,7.792739836953125452e-15,7.476969616263231919e-15,8.493315503073550145e-15,8.200473928530270678e-15,9.326765323602498932e-15,8.202037721254930846e-15,7.143056936741111778e-15,7.525000258201531001e-15,7.293034101106581886e-15,7.986893229313102631e-15,1.140953777358108616e-14,1.479566361429530389e-14,6.731419693748580336e-15,7.282155854825951195e-15,7.916216937733175487e-15,8.257235707536193362e-15,8.782136117348936947e-15,7.804763625029398061e-15,8.004606800599768880e-15,6.797847322329420563e-15,6.872243052306911764e-15,8.918659215215665693e-15,1.260318356864398988e-14,2.201717944647457297e-14,5.722210444775018712e-15,6.127456972070554901e-15,6.704165459372675980e-15,6.980844862922156906e-15,7.633918188793577205e-15,7.815930247139770941e-15,6.946374074117528286e-15,6.400290805169185784e-15,6.749981868922884333e-15,7.666704140869599795e-15,1.111004461448105114e-14,1.398932790828063826e-14,5.578086115949291346e-15,5.545953442536479977e-15,5.956760572715879360e-15,6.725351208914826466e-15,7.653811702557148741e-15,7.022393065777515850e-15,7.212432025142062770e-15,7.379686218251466635e-15,7.747651277089013476e-15,1.140164779394553101e-14,1.703987188547034036e-14,4.533822439607583050e-15,5.163488015984142808e-15,6.474836739783088405e-15,6.629907004617818421e-15,7.651220638303058030e-15,6.917786601095871137e-15,8.316667048216854121e-15,1.003379662018674910e-14,1.099058385164929960e-14,1.443095729062584221e-14,7.772930440265256639e-15,8.881993951331639678e-15,9.673158649292602229e-15,1.015560802514748438e-14,1.078549573412580467e-14,1.324108127528158622e-14,1.892948561201266566e-14,9.989819290084939748e-14,1.513074892800682951e-14,1.398416312382654560e-14
7.533105896374679072e-15,1.057455265713659598e-14,8.529148843912180110e-15,8.500711349125419683e-15,9.278880078747893744e-15,8.446758133314938238e-15,8.018350800880527013e-15,9.201752987545547190e-15,7.036302162985438550e-15,7.013977623390650456e-15,6.073824433411148691e-15,7.946907084089885772e-15,7.624904315780033277e-15,8.661347488266127785e-15,8.362720980866460518e-15,9.511302504554230576e-15,8.364383464667120236e-15,7.284411368801904210e-15,7.673913889291382993e-15,7.437338383570959310e-15,8.144921031353441988e-15,1.163530139659334057e-14,1.508844905589571472e-14,6.864620676877123500e-15,7.426281012964058337e-15,8.072860679839166911e-15,8.420635826054670999e-15,8.955944611646614707e-15,7.959212690076096403e-15,8.162996368200060982e-15,6.932398817850280485e-15,7.008260744858645470e-15,9.095270033902174593e-15,1.285264989083942800e-14,2.245276251053579863e-14,5.835477173610239712e-15,6.248738051598986546e-15,6.836903017717066293e-15,7.119205547318369887e-15,7.785282113457220564e-15,7.970639496051421203e-15,7.083869768120815501e-15,6.526956934845400243e-15,6.883598975049030329e-15,7.818600705053393609e-15,1.133041980973968779e-14,1.426669180254663980e-14,5.688517235846597726e-15,5.655724184497006868e-15,6.074709550961052418e-15,6.858524230298534249e-15,7.805351487051309960e-15,7.161400108303450446e-15,7.355232440082230626e-15,7.525786083412872874e-15,7.901022728546470385e-15,1.162745432660713375e-14,1.737775333496078317e-14,4.623570149517374387e-15,5.265721837657814745e-15,6.603123309345194267e-15,6.761195022825324665e-15,7.802784409790577296e-15,7.054752287217372127e-15,8.481361186582144964e-15,1.023280713336331364e-14,1.120823066413266891e-14,1.471669991383253429e-14,7.926869636620039692e-15,9.058454792854790022e-15,9.865296317660050274e-15,1.035717416164836300e-14,1.100003512800171007e-14,1.350346729886840407e-14,1.930410849055831226e-14,1.001486146422860476e-13,1.543164386460329460e-14,1.426207755878302631e-14
7.681944014575349481e-15,1.078344006604961172e-14,8.697639354457348875e-15,8.668650992209436080e-15,9.462183348653835337e-15,8.613638336441541918e-15,8.176794583255259033e-15,9.383599734903320086e-15,7.175369835842502372e-15,7.152577035772566687e-15,6.193841344341072609e-15,8.103899841885885424e-15,7.775551452906040943e-15,8.832459576372010582e-15,8.527942907852173694e-15,9.699223915049437070e-15,8.529712398609387196e-15,7.428360285872127365e-15,7.825560849097182560e-15,7.584289574266361827e-15,8.305846961468361644e-15,1.186520703399666351e-14,1.538660799510174465e-14,7.000265687193967764e-15,7.573053254874810605e-15,8.232378525678852813e-15,8.587034831347295682e-15,9.132945084738985182e-15,8.116496618609418742e-15,8.324291773119886403e-15,7.069422665113852268e-15,7.146777119302747410e-15,9.275134138492841550e-15,1.310670124416874604e-14,2.289633100414634764e-14,5.950825665995161932e-15,6.372247507438028874e-15,6.972083525927789211e-15,7.260127424871264576e-15,7.939454438463910375e-15,8.128192164615716324e-15,7.223892339762946805e-15,6.655948928823703282e-15,7.019672524892155883e-15,7.973303065417352237e-15,1.155489519071081668e-14,1.454920218902051740e-14,5.800979675368198367e-15,5.767511744109252381e-15,6.194830214696382116e-15,6.994149794394046260e-15,7.959680299027765955e-15,7.302962451500753639e-15,7.500660982094593442e-15,7.674573623627523748e-15,8.057214344529840314e-15,1.185742323859526228e-14,1.772190911550160848e-14,4.714967700552289206e-15,5.369837219569932965e-15,6.733779886389806029e-15,6.894901362171169870e-15,7.957145172441738693e-15,7.194238608337318839e-15,8.649089484854864174e-15,1.043551793177109528e-14,1.142988750931670573e-14,1.500770409044431697e-14,8.083645925024149658e-15,9.238237566335867761e-15,1.006104521176915916e-14,1.056250575024471699e-14,1.121873389719111802e-14,1.377070592644682378e-14,1.968561132231874991e-14,1.004125267633065429e-13,1.573835767661650304e-14,1.454524724515358643e-14
7.833492805359917493e-15,1.099612747634453248e-14,8.869195622312290777e-15,8.839647579244214868e-15,9.648822429251289773e-15,8.783556616881382086e-15,8.338125741367157916e-15,9.568762186225938861e-15,7.316974591028136040e-15,7.293702383267467132e-15,6.316045061477751689e-15,8.263749790567755288e-15,7.928941458899881747e-15,9.006686342832772190e-15,8.696173188383951854e-15,9.890567700917077350e-15,8.698058768734311531e-15,7.574933168661138595e-15,7.979972203916795148e-15,7.733917569969955934e-15,8.469703698493440222e-15,1.209930159954790668e-14,1.569020132691687342e-14,7.138382388742534623e-15,7.722502838939317978e-15,8.394803024337585712e-15,8.756466767995115397e-15,9.313173984258864292e-15,8.276647621516188820e-15,8.488525891527886956e-15,7.208947241830594555e-15,7.287820791833359305e-15,9.458289691988297252e-15,1.336539032505740065e-14,2.334797528242557182e-14,6.068279881772797737e-15,6.498010906727442767e-15,7.109735432736917679e-15,7.403641796531428506e-15,8.096470079395280907e-15,8.288620953937891877e-15,7.366470836482294703e-15,6.787293320235714879e-15,7.158230845115416865e-15,8.130844926204553628e-15,1.178352261583908191e-14,1.483692283356450585e-14,5.915496981152116888e-15,5.881339256523216619e-15,6.317147951754479589e-15,7.132256624176524146e-15,8.116830614307416103e-15,7.447109536374921171e-15,7.648748250718141706e-15,7.826080009220536356e-15,8.216258697357022665e-15,1.209160362665295038e-14,1.807241737639401819e-14,4.808034044486650555e-15,5.475856087004952818e-15,6.866834997645908390e-15,7.031054409412696732e-15,8.114336261073811578e-15,7.336274903177981669e-15,8.819887579435887410e-15,1.064197563455978506e-14,1.165560149239079684e-14,1.530403136545818704e-14,8.243294579770859424e-15,9.421387129100541154e-15,1.026045368913895264e-14,1.077165163890622258e-14,1.144165268493006390e-14,1.404285595599953441e-14,2.007407306552369740e-14,1.006894201450618285e-13,1.605097430308283982e-14,1.483374890792084693e-14
7.987781072888817712e-15,1.121265445260804719e-14,9.043849592757265780e-15,9.013733077756650842e-15,9.838832466072447057e-15,8.956545054306930540e-15,8.502375090945006472e-15,9.757275914174519980e-15,7.461143848304947440e-15,7.437380649788497766e-15,6.440458900229512706e-15,8.426487037039963462e-15,8.085103311376271750e-15,9.184060656771478934e-15,8.867443663882420471e-15,1.008537014831688007e-14,8.869455261808389105e-15,7.724158105501891466e-15,8.137177553718181364e-15,7.886250824590559650e-15,8.636522329962224352e-15,1.233762983830356892e-14,1.599928715831536250e-14,7.278997173346307596e-15,7.874658625449570548e-15,8.560165168490117566e-15,8.928964066130629272e-15,9.496666064446065491e-15,8.439696386714071799e-15,8.655730020522686549e-15,7.350999634658128788e-15,7.431419065829423087e-15,9.644773258774589127e-15,1.362876743804844218e-14,2.380778169571565874e-14,6.187862706468375275e-15,6.626052651842174783e-15,7.249885961915337606e-15,7.549778862891631565e-15,8.256362820531000620e-15,8.451957087283431959e-15,7.511632991470217817e-15,6.921015407438791727e-15,7.299300995886056380e-15,8.291258712726988798e-15,1.201635240178120618e-14,1.512991544861101352e-14,6.032091667602214150e-15,5.997228802507056802e-15,6.441687073372597792e-15,7.272872233024983953e-15,8.276833508916787672e-15,7.593869482881601376e-15,7.799523526503507681e-15,7.980335046312424661e-15,8.378186910982956515e-15,1.233004257094252451e-14,1.842935391959046727e-14,4.902787190631727555e-15,5.583799435874368534e-15,7.002316096830500130e-15,7.169681374337076724e-15,8.274389702398302017e-15,7.480889244300952585e-15,8.993789621924369994e-15,1.085222545289609856e-14,1.188541775507847211e-14,1.560574075291172436e-14,8.405850641676463324e-15,9.607947551664561103e-15,1.046356911325161830e-14,1.098465952082934030e-14,1.166885193525349722e-14,1.431997401822897327e-14,2.046956914002471224e-14,1.009787681461611174e-13,1.636957745479580977e-14,1.512766205290243758e-14
8.144835898406242996e-15,1.143305832922755209e-14,9.221631445850123507e-15,9.190937226362776855e-15,1.003224644464100313e-14,9.132633972096387139e-15,8.669571619909754989e-15,9.949174407327414888e-15,7.607903464025008741e-15,7.583637249365822893e-15,6.567104808833457421e-15,8.592139865917587276e-15,8.244064437315858256e-15,9.364613365685819023e-15,9.041784236750220443e-15,1.028366533044598032e-14,9.043932707000472095e-15,7.876061539776505599e-15,8.297204763167969094e-15,8.041316088757403059e-15,8.806332071402810918e-15,1.258023385184316621e-14,1.631392049781607305e-14,7.422134985315204816e-15,8.029547818848377547e-15,8.728494106373321650e-15,9.104557238524489596e-15,9.683454058570548601e-15,8.605671797311994864e-15,8.825933586530318733e-15,7.495605403826753575e-15,7.577597692977602356e-15,9.834619473935113259e-15,1.389687997097822649e-14,2.427583226172245675e-14,6.309595771409463091e-15,6.756395773228446258e-15,7.392560884438207384e-15,7.698567494530711024e-15,8.419165057317316773e-15,8.618230029899313358e-15,7.659404982518023961e-15,7.057139033989215468e-15,7.442908538933233999e-15,8.454575306650398255e-15,1.225343290890045438e-14,1.542823950202977866e-14,6.150785040153457121e-15,6.115201224640123457e-15,6.568470618889957439e-15,7.416022697306596611e-15,8.439718388475575307e-15,7.743268846256473500e-15,7.953014520754075497e-15,8.137366918151078553e-15,8.543028384936169118e-15,1.257278466582659361e-14,1.879279188039406155e-14,4.999244103163355510e-15,5.693687160534302739e-15,7.140249372650199636e-15,7.310808071312926961e-15,8.437335948960005120e-15,7.628108201480983349e-15,9.170827978990932848e-15,1.106631080865451608e-14,1.211937903628252247e-14,1.591288810588569679e-14,8.571348408427967677e-15,9.797961853054140495e-15,1.067043758759051462e-14,1.120157566655156168e-14,1.190039164381843131e-14,1.460211409141993562e-14,2.087217102621760673e-14,1.012800167720826751e-13,1.669425015098311260e-14,1.542707786167534749e-14
8.304681589124210955e-15,1.165737393572195093e-14,9.402569686532040570e-15,9.371288464946499014e-15,1.022909352444397226e-14,9.311851032344775297e-15,8.839741321566796978e-15,1.014448746354464053e-14,7.757276774168321590e-15,7.732495059073130467e-15,6.696002682906270320e-15,8.760733511014873526e-15,8.405850059276688602e-15,9.548372051221442850e-15,9.219221683443357778e-15,1.048548353516874158e-14,9.221518767947661833e-15,8.030667320206698600e-15,8.460078899149460629e-15,8.199137429216495280e-15,8.979159056138279667e-15,1.282715061699396592e-14,1.663415041828204539e-14,7.567818574483714437e-15,8.187194953234755220e-15,8.899815991404546586e-15,9.283273616855474228e-15,9.873567210318882557e-15,8.774599777050189023e-15,8.999162953589803393e-15,7.642787676784561253e-15,7.726379957036468035e-15,1.002785940370311161e-14,1.416976953331115844e-14,2.475220282049073425e-14,6.433498765568649932e-15,6.889061198239099706e-15,7.537783604253683278e-15,7.850034129340213627e-15,8.584906433336984136e-15,8.787466296321748143e-15,7.809810487922375161e-15,7.195685807462596503e-15,7.589076636333940584e-15,8.620822760216326787e-15,1.249480754383066560e-14,1.573194954465109753e-14,6.271596551942294882e-15,6.235275527178077933e-15,6.697519626209989649e-15,7.561731718476657918e-15,8.605511790541299941e-15,7.895331639812829486e-15,8.109246314951592787e-15,8.297201087955232113e-15,8.710809608765394137e-15,1.281986935353293162e-14,1.916279733955055930e-14,5.097421157953229873e-15,5.805537513774295258e-15,7.280658743065134519e-15,7.454457928581987441e-15,8.603202613194026979e-15,7.777955867968193907e-15,9.351031799838570351e-15,1.128427097238971495e-14,1.235752325491461595e-14,1.622552232186631454e-14,8.739820243744719607e-15,9.991470366274041679e-15,1.088110142895277037e-14,1.142244298899137560e-14,1.213632844243074947e-14,1.488932360220306336e-14,2.128194446692951082e-14,1.015923943105547575e-13,1.702507026309485153e-14,1.573217647762045376e-14
8.467343528742660836e-15,1.188563511868693519e-14,9.586691232891084655e-15,9.554814594637442197e-15,1.042940546813645261e-14,9.494223801938549143e-15,9.012911935589630536e-15,1.034324787596416136e-14,7.909288174816716762e-15,7.883978067846522065e-15,6.827172896828131045e-15,8.932294745624912508e-15,8.570484794116633862e-15,9.735366084799296608e-15,9.399784461037605172e-15,1.069085786396641465e-14,9.402243387564254392e-15,8.188000465830159789e-15,8.625826507082431688e-15,8.359740113991736774e-15,9.155031182928589875e-15,1.307842131352912524e-14,1.696002953260965018e-14,7.716070702508383463e-15,8.347625972041730048e-15,9.074158650246964110e-15,9.465142551148501157e-15,1.006703745277162498e-14,8.946507992997666577e-15,9.175446282523469311e-15,7.792570745637425835e-15,7.877790308680559637e-15,1.022452761973160600e-14,1.444748478154277779e-14,2.523695487922405818e-14,6.559591844798164636e-15,7.024070558192414046e-15,7.685578828315276263e-15,8.004207420785472378e-15,8.753619760713943259e-15,8.959694365081102251e-15,7.962874458073047832e-15,7.336678115836640116e-15,7.737829636197166454e-15,8.790031764450425307e-15,1.274052832361140274e-14,1.604110509047618341e-14,6.394546206427468694e-15,6.357471100890051388e-15,6.828855972249702157e-15,7.710024412602193178e-15,8.774242359821600619e-15,8.050083262371292464e-15,8.268245700452625694e-15,8.459864796989752634e-15,8.881559056016103406e-15,1.307134296344356025e-14,1.953944515367503011e-14,5.197333792836700917e-15,5.919368960511688288e-15,7.423569680040423706e-15,7.600655716226836397e-15,8.772019823647240940e-15,7.930457798235738115e-15,9.534433113934172426e-15,1.150615186789137468e-14,1.259989431172056848e-14,1.654370074868121632e-14,8.911272488652334968e-15,1.018851699396677986e-14,1.109560998696119544e-14,1.164730800265527888e-14,1.237672792924417721e-14,1.518166049600763705e-14,2.169894897510423603e-14,1.019157024035113778e-13,1.736212851436917696e-14,1.604274530781996698e-14
8.632841704272849084e-15,1.211787066259579858e-14,9.774019724947427413e-15,9.741539177994433438e-15,1.063320607140851410e-14,9.679775105096251855e-15,9.189104941608654687e-15,1.054548034909672060e-14,8.063957098789827337e-15,8.038105186906458344e-15,6.960631885193086447e-15,9.106844197336028082e-15,8.737989504731052772e-15,9.925618070668465055e-15,9.583494563282769536e-15,1.089981321432193236e-14,9.586129679687020509e-15,8.348080736284855251e-15,8.794468356461917622e-15,8.523143974879677375e-15,9.333969942495146239e-15,1.333407633175415666e-14,1.729159858476903084e-14,7.866910190631162716e-15,8.510861304762005570e-15,9.251543684097038823e-15,9.650186661509642857e-15,1.026388910481704559e-14,9.121417914069848781e-15,9.354805324072988550e-15,7.944973935604453904e-15,8.031848168191746290e-15,1.042465054360723392e-14,1.473006050687753164e-14,2.573015057408376025e-14,6.687891486412216843e-15,7.161441336707799870e-15,7.835966348087211169e-15,8.161110545352899785e-15,8.925331334775485431e-15,9.134936426825652847e-15,8.118616705022905340e-15,7.480133923452343660e-15,7.889186969693434121e-15,8.962226614832721559e-15,1.299063420544371716e-14,1.635575460038447812e-14,6.519650390618329762e-15,6.481803820248454735e-15,6.962497502628671782e-15,7.860920912386490982e-15,8.945932532679805596e-15,8.207543842540041539e-15,8.430033882700626192e-15,8.625379504844488535e-15,9.055298976476756714e-15,1.332723917193106380e-14,1.992279417025094502e-14,5.298995906555996846e-15,6.035196936056669413e-15,7.569002898840285327e-15,7.749421345286956993e-15,8.943811353380995747e-15,8.085634357830169062e-15,9.721056738370671728e-15,1.173198867337703248e-14,1.284652449444674219e-14,1.686746465989808598e-14,9.085731448662766341e-15,1.038913930490670927e-14,1.131400252106088221e-14,1.187620981483882999e-14,1.262164542299292362e-14,1.547916601538449097e-14,2.212323903922172434e-14,1.022491184536637468e-13,1.770550079491467140e-14,1.635895307435280189e-14
8.801194309787012833e-15,1.235410527664448701e-14,9.964575142956343790e-15,9.931481823722845907e-15,1.084051723028269402e-14,9.868525346092483502e-15,9.368339993965136269e-15,1.075120778406523239e-14,8.221301371279342516e-15,8.194893666539966394e-15,7.096394494549771153e-15,9.284400660130773254e-15,8.908382685034249305e-15,1.011914856149845768e-14,9.770372005479441926e-15,1.111237246491770357e-14,9.773199031521042655e-15,8.510926139815766601e-15,8.966023434505193969e-15,8.689367032091952596e-15,9.515994955812090624e-15,1.359414418901229141e-14,1.762889525712728080e-14,8.020354006281679988e-15,8.676919677159564170e-15,9.431990829178436375e-15,9.838426702183196034e-15,1.046414466720931345e-14,9.299349212104407236e-15,9.537259965854254213e-15,8.100014964123731281e-15,8.188571317306058364e-15,1.062825309551354305e-14,1.501752971223212310e-14,2.623184528329481456e-14,6.818412742533210445e-15,7.301189481079854255e-15,7.988964468815122575e-15,8.320765564888088764e-15,9.100066503036033169e-15,9.313212984570646655e-15,8.277055423197594506e-15,7.626069577272692258e-15,8.043166497767779958e-15,9.137430344447690666e-15,1.324516395557433898e-14,1.667594466481345816e-14,6.646924113285424618e-15,6.608288107825410535e-15,7.098460679952399003e-15,8.014439911807260751e-15,9.120603201404458129e-15,8.367731909416425594e-15,8.594630543442065673e-15,8.793765100038850022e-15,9.232049976958823480e-15,1.358759037310075220e-14,2.031290218482875841e-14,5.402419267793192449e-15,6.153035569261561802e-15,7.716977964071026147e-15,7.900773375364406581e-15,9.118599648768797537e-15,8.243504405258974297e-15,9.910926001485131069e-15,1.196181601916612187e-14,1.309744465134893956e-14,1.719685407111172455e-14,9.263222348490062094e-15,1.059337452439395562e-14,1.153631853389529333e-14,1.210918675308172737e-14,1.287113782579564110e-14,1.578188098745723052e-14,2.255486392709145320e-14,1.025919674318913245e-13,1.805526537526700306e-14,1.668088126636043438e-14
8.972416703677640121e-15,1.259435921401102554e-14,1.015837392785467573e-14,1.012465911987528985e-14,1.105135728068503051e-14,1.006049147954405421e-14,9.550633753081103401e-15,1.096044969040952383e-14,8.381336253817647105e-15,8.354358119748828144e-15,7.234473279549062252e-15,9.464979852087877616e-15,9.081679677723686387e-15,1.031597480879930104e-14,9.960433631098500008e-15,1.132855491537829958e-14,9.963469802540753146e-15,8.676551973794655827e-15,9.140507877071321828e-15,8.858424500123935632e-15,9.701122761647739967e-15,1.385864904912815000e-14,1.797195121554038339e-14,8.176416456360058021e-15,8.845817090238389395e-15,9.615516800912617685e-15,1.002988029767746288e-14,1.066782336447687483e-14,9.480318602961030870e-15,9.722827035869301056e-15,8.257709025087856237e-15,8.347974974010556748e-15,1.083535708730623165e-14,1.530992082834058055e-14,2.674208530843256484e-14,6.951168534351180811e-15,7.443328656965202837e-15,8.144589092426305250e-15,8.483192344261081159e-15,9.277848340349451360e-15,9.494541664689985110e-15,8.438206239457775857e-15,7.774499011247596730e-15,8.199783603344574835e-15,9.315663463627573484e-15,1.350415327318464818e-14,1.700171734094711289e-14,6.776380348033282017e-15,6.736936315893254069e-15,7.236759845319351114e-15,8.170597727899947644e-15,9.298272524647663029e-15,8.530663411002264974e-15,8.762052782977708477e-15,8.965038805755562739e-15,9.411829841633023885e-15,1.385242509280030737e-14,2.070982156380744175e-14,5.507614011849353876e-15,6.272897129900359328e-15,7.867512286495539370e-15,8.054728024776601884e-15,9.296404583837432133e-15,8.404084318127576215e-15,1.010406133434706703e-14,1.219566572455501422e-14,1.335268184683895500e-14,1.753190397898725725e-14,9.443767957975737550e-15,1.080125789471014440e-14,1.176259531945083757e-14,1.234627439580829069e-14,1.312526078820471002e-14,1.608984204373672129e-14,2.299386567676886028e-14,1.029435348271677848e-13,1.841149861042237561e-14,1.700859790586035133e-14
9.146520977601051103e-15,1.283864819889075665e-14,1.035542892724771530e-14,1.032108420009918280e-14,1.126574052565156580e-14,1.025568672653759226e-14,9.735999483911221803e-15,1.117322172646795126e-14,8.544074058065254804e-15,8.516510197062586469e-15,7.374878216433837493e-15,9.648594059632787735e-15,9.257892470898972274e-15,1.051611031406256143e-14,1.015369268252768452e-14,1.154837579214070589e-14,1.015695690637517610e-14,8.844970461911297707e-15,9.317934585599379960e-15,9.030328416797352165e-15,9.889366414363765396e-15,1.412761004768604852e-14,1.832079158557340067e-14,8.335108871134367065e-15,9.017566453574868505e-15,9.802134885636544188e-15,1.022456151562411160e-14,1.087494068938302305e-14,9.664339449120110535e-15,9.911519891350285124e-15,8.418068453589010470e-15,8.510071451223489727e-15,1.104598076945687591e-14,1.560725701028884542e-14,2.726090691825040396e-14,7.086169387365818154e-15,7.587869949204035389e-15,8.302853393149302134e-15,8.648408232843266879e-15,9.458697299945457507e-15,9.678936821945559795e-15,8.602081868621615454e-15,7.925433428913625783e-15,8.359050859700396012e-15,9.496943593594164076e-15,1.376763426229966922e-14,1.733310985613776755e-14,6.908029776873211355e-15,6.867758459284373468e-15,7.377406937691861488e-15,8.329407978516357900e-15,9.478955549055387698e-15,8.696351367449577141e-15,8.932314767021113820e-15,9.139214815037053958e-15,9.594653142596897012e-15,1.412176737513449643e-14,2.111359874485535998e-14,5.614588463975036840e-15,6.394791777297504928e-15,8.020620850705898379e-15,8.211298858971357073e-15,9.477243092256410782e-15,8.567387656497017587e-15,1.030047985513250390e-14,1.243356630433027413e-14,1.361225877380263799e-14,1.787264349856406905e-14,9.627387240027732541e-15,1.101282229353126024e-14,1.199286763644896709e-14,1.258750516580938725e-14,1.338406837854644338e-14,1.640308098034616056e-14,2.344027827281270038e-14,1.033030571546182498e-13,1.877427428032658732e-14,1.734216429343383439e-14
9.323515643897638359e-15,1.308698302458188218e-14,1.055574899055882096e-14,1.052076622957873394e-14,1.148367680411036867e-14,1.045412028098365779e-14,9.924446696686299419e-15,1.138953528898151366e-14,8.709523860023541646e-15,8.681358266898669711e-15,7.517616427650435303e-15,9.835251751261688654e-15,9.437029441865687926e-15,1.071956443449346076e-14,1.035015842228103985e-14,1.177184581817903977e-14,1.035367145047545101e-14,9.016190430562087261e-15,9.498312887074225133e-15,9.205087307617610431e-15,1.008073511127113406e-14,1.440104080573746352e-14,1.867543446833243543e-14,8.496439325513474090e-15,9.192177260771378868e-15,9.991854580276663782e-15,1.042248049379605667e-14,1.108550801202368629e-14,9.851421405890967108e-15,1.010334805191780678e-14,8.581102425188723241e-15,8.674869851260108776e-15,1.126013846171961370e-14,1.590955559869384486e-14,2.778833533897335816e-14,7.223423176532443918e-15,7.734821589361029213e-15,8.463767531637376578e-15,8.816427800476825365e-15,9.642630936987315048e-15,9.866409197520366680e-15,8.768691807767426385e-15,8.078881015090058586e-15,8.520977735438025550e-15,9.681285165583171010e-15,1.403563503913658181e-14,1.767015423814180917e-14,7.041880546429992474e-15,7.000761967637287661e-15,7.520411241185990085e-15,8.490881299539557069e-15,9.662663884055830530e-15,8.864805563803772689e-15,9.105427419785144069e-15,9.316303973929637646e-15,9.780530904623910788e-15,1.439563631745315037e-14,2.152427383501196928e-14,5.723348908213291189e-15,6.518727346117596410e-15,8.176315950593581784e-15,8.370496511964926764e-15,9.661128860675298337e-15,8.733424867881789879e-15,1.050019502517072352e-14,1.267554262209597226e-14,1.387619330546429490e-14,1.821909530548161677e-14,9.814094531041540215e-15,1.122809800213653345e-14,1.222716736839190934e-14,1.283290806761097188e-14,1.364761278759418210e-14,1.672162423093739056e-14,2.389412670863381579e-14,1.036697215549700032e-13,1.914366336710252901e-14,1.768163426145958137e-14
9.503405271123487421e-15,1.333936897210835525e-14,1.075933852036875351e-14,1.072370992269575079e-14,1.170517103371076527e-14,1.065579693085364835e-14,1.011598076021725526e-14,1.160939707388598897e-14,8.877691169924250308e-15,8.848907076394914525e-15,7.662691887008445716e-15,1.002495718578908890e-14,9.619095011158210080e-15,1.092634195890471358e-14,1.054983572549937128e-14,1.199897074885929142e-14,1.055362034696108971e-14,9.190216961709236191e-15,9.681648168109738782e-15,9.382705824929991486e-15,1.027523379376951468e-14,1.467894890141275859e-14,1.903589027944634756e-14,8.660412330111643758e-15,9.369655240398994165e-15,1.018468120438706715e-14,1.062364303777254419e-14,1.129953215742328567e-14,1.004157004031140638e-14,1.029831680449069272e-14,8.746816632570627328e-15,8.842375737475892709e-15,1.147784015264769284e-14,1.621682753035992344e-14,2.832438372523047507e-14,7.362934855506166908e-15,7.884188664108640299e-15,8.627338347444732588e-15,8.987262551683016161e-15,9.829663608441384209e-15,1.005696555008747108e-14,8.938042007622034038e-15,8.234846627230252471e-15,8.685570277458575331e-15,9.868699094955250849e-15,1.430817931268941521e-14,1.801287676029556087e-14,7.177938006867841584e-15,7.135951420929475423e-15,7.665779113784555319e-15,8.655025040319845875e-15,9.849405350716404119e-15,9.036032219274793681e-15,9.281398093090736571e-15,9.496313439773103146e-15,9.969470243456120932e-15,1.467404556616196242e-14,2.194188000066311794e-14,5.833899352763902484e-15,6.644709109191944544e-15,8.334606914339788623e-15,8.532328387558148751e-15,9.848071996912812113e-15,8.902202969606419580e-15,1.070321627644641777e-14,1.292161551099521858e-14,1.414449800650921452e-14,1.857127498838990572e-14,1.000389950074963559e-14,1.144711243925136499e-14,1.246552320445108857e-14,1.308250836350201463e-14,1.391594404790445918e-14,1.704549231251623869e-14,2.435542604265943919e-14,1.040426642247510955e-13,1.951973367700360246e-14,1.802705553920970960e-14
9.686190097794189212e-15,1.359580517705512664e-14,1.096619698070890467e-14,1.092991506748641307e-14,1.193022271852809000e-14,1.086071661478392954e-14,1.031060248562778526e-14,1.183280860387225090e-14,9.048577577337099478e-15,9.019157388293836730e-15,7.810105103498999162e-15,1.021770998784543483e-14,9.804089236365757711e-15,1.113644264927913761e-14,1.075272463972900426e-14,1.222975087137711549e-14,1.075680589235648737e-14,9.367051018554888510e-15,9.867941480177283568e-15,9.563184359077714441e-15,1.047286271894244109e-14,1.496133527794097790e-14,1.940216097110338796e-14,8.827028490772435694e-15,9.550001979469150856e-15,1.038061548128509728e-14,1.082805018638539088e-14,1.151701494935916772e-14,1.023478642058542695e-14,1.049642677771207208e-14,8.915212937175040415e-15,9.012590780407325015e-15,1.169909106605470265e-14,1.652907669588343248e-14,2.886905207420901747e-14,7.504706166113676279e-15,8.035972801469580606e-15,8.793569027576697399e-15,9.160920616917015280e-15,1.001980614812600384e-14,1.025060825741389450e-14,9.110134518292809905e-15,8.393331462788004032e-15,8.852830769319334312e-15,1.005919242876536842e-14,1.458528593015452753e-14,1.836129730127991113e-14,7.316204432035984554e-15,7.273328265336392097e-15,7.813513695417906516e-15,8.821842935410476725e-15,1.003918360278636648e-14,9.210033630715403390e-15,9.460230209388790035e-15,9.679246312506363668e-15,1.016147397512935258e-14,1.495700276962490785e-14,2.236644273711633171e-14,5.946241291088138095e-15,6.772739522977569460e-15,8.495499808535598976e-15,8.696798338354823419e-15,1.003807867149883044e-14,9.073725206293725674e-15,1.090954860864761966e-14,1.317180136013762756e-14,1.441717960131235510e-14,1.892919035214514332e-14,1.019680724361322022e-14,1.166988985901815849e-14,1.270796028525287791e-14,1.333632719576095339e-14,1.418910972274215938e-14,1.737469923332740961e-14,2.482418043759037716e-14,1.044209675133322960e-13,1.990254942092732892e-14,1.837847055921433608e-14
9.871865603541371748e-15,1.385628397920627387e-14,1.117631833380622985e-14,1.113937603473138961e-14,1.215882542206804821e-14,1.106887393484666321e-14,1.050830768154445020e-14,1.205976572401692934e-14,9.222180376156467162e-15,9.192105593419823445e-15,7.959852783724701083e-15,1.041350469924633496e-14,9.992007368612526305e-15,1.134986074877571160e-14,1.095881991279592901e-14,1.246418046963902163e-14,1.096322531798433231e-14,9.546689044281379170e-15,1.005718911685703754e-14,9.746518622215381658e-15,1.067361700209452572e-14,1.524819360748010051e-14,1.977423918050995537e-14,8.996284138239782678e-15,9.733214520187946328e-15,1.057965308930263600e-14,1.103569774637253618e-14,1.173795272245832888e-14,1.043106667720332077e-14,1.069767348700650194e-14,9.086288996528249741e-15,9.185512378995066943e-15,1.192389119737418611e-14,1.684629925074941250e-14,2.942232603931429066e-14,7.648735327879399666e-15,8.190171834487523600e-15,8.962458751889752116e-15,9.337406422662195183e-15,1.021306551946607856e-14,1.044733488994739324e-14,9.284967110003341231e-15,8.554332703624397580e-15,9.022757365535119446e-15,1.025276796899818365e-14,1.486696838954593379e-14,1.871542866781287282e-14,7.456678721051537922e-15,7.412890509037414912e-15,7.963614595889035202e-15,8.991334753609621650e-15,1.023199772159804073e-14,9.386807791219838081e-15,9.641922879995309206e-15,9.865101240272344642e-15,1.035654019776837326e-14,1.524450899298889050e-14,2.279797907245966900e-14,6.060373449943797285e-15,6.902817955346116658e-15,8.658997122544311713e-15,8.863906322915140785e-15,1.023115073463322353e-14,9.247990683469044720e-15,1.111919215815492489e-14,1.342611167177253935e-14,1.469423840483565958e-14,1.929284066879850214e-14,1.039281820969609553e-14,1.189645101843255555e-14,1.295449982954953223e-14,1.359438116881154675e-14,1.446715456940589305e-14,1.770925183956032368e-14,2.530038214806603407e-14,1.048036563451059876e-13,2.029217071736461926e-14,1.873591641118907135e-14
1.006042206556294605e-14,1.412079025588508733e-14,1.138969062467298302e-14,1.135208126423830769e-14,1.239096620493818817e-14,1.128025763678109532e-14,1.070908668057616472e-14,1.229025806516029713e-14,9.398492155550884258e-15,9.367743297936606155e-15,8.111927472424224505e-15,1.061233029785092060e-14,1.018283938236205518e-14,1.156658445665810228e-14,1.116811048918488172e-14,1.270224725448518205e-14,1.117287031149453209e-14,9.729122534120168591e-15,1.024938216339695311e-14,9.932699204801229933e-15,1.087748612964911140e-14,1.553950960545055161e-14,2.015210732550511364e-14,9.168170927762992292e-15,9.919284930365865434e-15,1.078178418351495897e-14,1.124657579667269257e-14,1.196233580301556538e-14,1.063040153575830266e-14,1.090204685018090030e-14,9.260037867470871784e-15,9.361133257154078702e-15,1.215223482079570405e-14,1.716848288209818023e-14,2.998417563834293893e-14,7.795016707237672591e-15,8.346779443566405067e-15,9.134002315712187663e-15,9.516720340938189602e-15,1.040944444664686210e-14,1.064713775688494142e-14,9.462532869135255240e-15,8.717843136076237315e-15,9.195343702172904908e-15,1.044942387217264934e-14,1.515323432306446776e-14,1.907527589474250176e-14,7.599356081009101017e-15,7.554632397952157140e-15,8.116077562734709766e-15,9.163495924695524784e-15,1.042784178529716304e-14,9.566347984153013555e-15,9.826470498976420253e-15,1.005387199981042316e-14,1.055466184642316727e-14,1.553655809700503013e-14,2.323649672986525172e-14,6.176291506498731343e-15,7.034940397492359301e-15,8.825097432133375944e-15,9.033648040847457426e-15,1.042728530918068032e-14,9.424993977687147598e-15,1.133214173974950517e-14,1.368455259073553450e-14,1.497566771739195668e-14,1.966221588530976614e-14,1.059192794250778142e-14,1.212681281863381658e-14,1.320515873977682062e-14,1.385668190031825629e-14,1.475012016632140505e-14,1.804914914398380555e-14,2.578401044821828564e-14,1.051896944169821266e-13,2.068865308604891686e-14,1.909942433286334722e-14
1.025184408043758727e-14,1.438930072850529831e-14,1.160629535373545846e-14,1.156801271454046358e-14,1.262662502251016560e-14,1.149485006098554385e-14,1.091292383552566135e-14,1.252426847315326297e-14,9.577500371317475669e-15,9.546056883930986307e-15,8.266317169889159820e-15,1.081416968268432368e-14,1.037656948075635491e-14,1.178659536903575196e-14,1.138057897377871889e-14,1.294393175734019311e-14,1.138572650833514097e-14,9.914337579943275117e-15,1.044450601753930668e-14,1.012171110356497913e-14,1.108445344053026112e-14,1.583526029821621196e-14,2.053573665149181416e-14,9.342675405555959019e-15,1.010819984655639622e-14,1.098699288680857422e-14,1.146066816110982203e-14,1.219014795702166656e-14,1.083277582001008327e-14,1.110953067198803082e-14,9.436447584378538704e-15,9.539441034805347059e-15,1.238410996607956009e-14,1.749560602984592466e-14,3.055455384006877010e-14,7.943540464566531593e-15,8.505784775250424550e-15,9.308189728950697794e-15,9.698858317410506784e-15,1.060894102321091296e-14,1.085000342372125427e-14,9.642819768795061522e-15,8.883850747215168013e-15,9.370578482929108763e-15,1.064915322446480926e-14,1.544408494876831655e-14,1.944083551939947312e-14,7.744227689913542067e-15,7.698544070835637118e-15,8.270894128428097445e-15,9.338317143047853618e-15,1.062670441136313241e-14,9.748642351700307002e-15,1.001386231179751124e-14,1.024554705069130005e-14,1.075582622002057998e-14,1.583313607891838716e-14,2.368199325168739151e-14,6.293987832737284962e-15,7.169099154848953482e-15,8.993795041143627069e-15,9.206014545031841432e-15,1.062647435878549351e-14,9.604724722382132289e-15,1.154838636008954415e-14,1.394712440488223501e-14,1.526145318186746385e-14,2.003729577308853084e-14,1.079412668036546895e-14,1.236098792142744312e-14,1.345994917416254278e-14,1.412323554419626229e-14,1.503804453426151662e-14,1.839438160950831506e-14,2.627503048512321733e-14,1.055779804534895788e-13,2.109204687992222365e-14,1.946901915702390975e-14
1.044611005594664851e-14,1.466178324060880970e-14,1.182610687874767282e-14,1.178714529514799968e-14,1.286577408781214956e-14,1.171262656597331966e-14,1.111979698430339668e-14,1.276177240276985813e-14,9.759186891442341144e-15,9.727027042637400589e-15,8.423004925599421976e-15,1.101899912773109280e-14,1.057317557738240684e-14,1.200986788425349622e-14,1.159620106189543236e-14,1.318920668574567412e-14,1.160177295220764957e-14,1.010231438669623541e-14,1.064253988073474780e-14,1.031353322002716244e-14,1.129449557499430209e-14,1.613541324627296535e-14,2.092508623231499917e-14,9.519778549037416650e-15,1.029993998921469596e-14,1.119525674930374762e-14,1.167795184839105353e-14,1.242136580427316416e-14,1.103816792422118645e-14,1.132010209658100101e-14,9.615500711729080574e-15,9.720417772731466281e-15,1.261949786398712986e-14,1.782763705980136251e-14,3.113339508538114515e-14,8.094292180974969396e-15,8.667172038313933282e-15,9.485005791181673251e-15,9.883811477558046059e-15,1.081154829737565131e-14,1.105591220043966987e-14,9.825810213281992069e-15,9.052338296255026621e-15,9.548445040178203760e-15,1.085194359166459544e-14,1.573951448916279299e-14,1.981209483127398784e-14,7.891280339375132084e-15,7.844611193414435399e-15,8.428051236579157467e-15,9.515783947668957302e-15,1.082856827169134014e-14,9.933673437285216965e-15,1.020408195811328491e-14,1.044010906271333454e-14,1.096001447966190877e-14,1.613422037372168052e-14,2.413445508936519871e-14,6.413451180843281166e-15,7.305282520613436970e-15,9.165079608678823144e-15,9.380991830582393799e-15,1.082870423038130800e-14,9.787167168897859311e-15,1.176790870205359840e-14,1.421382101506505668e-14,1.555157210250058652e-14,2.041804902797403708e-14,1.099939884293619534e-14,1.259898434298036174e-14,1.371887809667565232e-14,1.439404228888764802e-14,1.533096170542541595e-14,1.874493039008940772e-14,2.677339207520809658e-14,1.059673448955850518e-13,2.150239668137241672e-14,1.984471865351041347e-14
1.064319167014166107e-14,1.493819594840888213e-14,1.204909177001700232e-14,1.200944622306843485e-14,1.310837721269642827e-14,1.193355489286779489e-14,1.132967689038591125e-14,1.300273728718235218e-14,9.943527513800943783e-15,9.910628286634004068e-15,8.581968411611715788e-15,1.122678771166645838e-14,1.077262872466370260e-14,1.223636857916991711e-14,1.181494494154999034e-14,1.343803625073964469e-14,1.182098153167055375e-14,1.029302676502861961e-14,1.084345622510921265e-14,1.050813783458552853e-14,1.150758189842582765e-14,1.643992570755550906e-14,2.132010186364580738e-14,9.699455264017409159e-15,1.049447965478809633e-14,1.140654618203264748e-14,1.189839646621077771e-14,1.265595820716987018e-14,1.124654926132287145e-14,1.153373103475531149e-14,9.797173875461491416e-15,9.904039495645218796e-15,1.285837236963742325e-14,1.816453340663634555e-14,3.172061353095435553e-14,8.247252470430756318e-15,8.830920079723933705e-15,9.664429646998809456e-15,1.007156571625661250e-14,1.101725384115869369e-14,1.126483760650966193e-14,1.001148056091383997e-14,9.223282864578109829e-15,9.728920875155212494e-15,1.105777655048471107e-14,1.603950957795674007e-14,2.018903100632764071e-14,8.040496060439160756e-15,7.992814573799004800e-15,8.587530850302183404e-15,9.695876283110096709e-15,1.103340958662076406e-14,1.012141770669520047e-14,1.039710699400915875e-14,1.063753442202805875e-14,1.116720112425178702e-14,1.643977913417453599e-14,2.459385657116418581e-14,6.534666369679182107e-15,7.443474434291868978e-15,9.338935755179861298e-15,9.558560408034977050e-15,1.103395517784292850e-14,9.972299727351012970e-15,1.199068458764754044e-14,1.448462938863501165e-14,1.584599273924111783e-14,2.080443233911252900e-14,1.120772228552625167e-14,1.284080500999409676e-14,1.398194681838853438e-14,1.466909580413024302e-14,1.562890129352769068e-14,1.910076655844881190e-14,2.727902821982083369e-14,1.063565433560517873e-13,2.191974064241453813e-14,2.022653091492725121e-14
1.084305327041821811e-14,1.521848651992016564e-14,1.227520816646750184e-14,1.223487437111920425e-14,1.335438900447658983e-14,1.215759453136765563e-14,1.154252661890111996e-14,1.324712181480668042e-14,1.013049142267257871e-14,1.009682839463766980e-14,8.743179451894575198e-15,1.143749665550478577e-14,1.097489254660579094e-14,1.246605553170773051e-14,1.203677064298260660e-14,1.369037540897733004e-14,1.204331636028461558e-14,1.048644158392664802e-14,1.104722021235742684e-14,1.070549003009495867e-14,1.172367385098632773e-14,1.674874371943570274e-14,2.172071494092722887e-14,9.881673873824405152e-15,1.069178616484895447e-14,1.162082383896999562e-14,1.212196357884473490e-14,1.289388559120942964e-14,1.145788365075018469e-14,1.175037952674109562e-14,9.981437252732314843e-15,1.009027567453324317e-14,1.310069932580823394e-14,1.850624061869581711e-14,3.231610160629728371e-14,8.402396529429259189e-15,8.997001928364345534e-15,9.846434305760443920e-15,1.026210125123063309e-14,1.122603927513512617e-14,1.147674578744581920e-14,1.019980060776689855e-14,9.396655370900706369e-15,9.911977161006759579e-15,1.126662717848705662e-14,1.634404852546556250e-14,2.057161029759234421e-14,8.191851710845832903e-15,8.143129749594528943e-15,8.749309530497881926e-15,9.878568022986331038e-15,1.124119756943816238e-14,1.031184502678461540e-14,1.059290837204676025e-14,1.083779269302324241e-14,1.137735342088820487e-14,1.674977039601992057e-14,2.506015887250604144e-14,6.657613952675092610e-15,7.583654098475503553e-15,9.515342599005725279e-15,9.738694801594722958e-15,1.124220083949049622e-14,1.016009446937034520e-14,1.221668239060615748e-14,1.475952894494748754e-14,1.614467352405234599e-14,2.119638924480652379e-14,1.141906834723133399e-14,1.308644727064311883e-14,1.424915039105748929e-14,1.494838265512472567e-14,1.593188787555675260e-14,1.946185012706416862e-14,2.779185385296577608e-14,1.067442562837934793e-13,2.234410966338849619e-14,2.061445776520686587e-14
1.104565134560187610e-14,1.550259128118956191e-14,1.250440508818657689e-14,1.246337958601498736e-14,1.360375425702646400e-14,1.238469606651009373e-14,1.175830094180467237e-14,1.349487528821888988e-14,1.032004072370129063e-14,1.028558791756891877e-14,8.906603567419819940e-15,1.165107876270573711e-14,1.117992264278275808e-14,1.269887762145803801e-14,1.226162937242130258e-14,1.394616915261195329e-14,1.226873316156772724e-14,1.068251820247605710e-14,1.125378910549107021e-14,1.090554711750443025e-14,1.194272434789532003e-14,1.706180131561113393e-14,2.212684140222678097e-14,1.006639560656964037e-14,1.089181930210005075e-14,1.183804399069255385e-14,1.234860606294757012e-14,1.313509928676157937e-14,1.167212672669762907e-14,1.197000112990690479e-14,1.016825405746988757e-14,1.027908869979206710e-14,1.334643593166889277e-14,1.885269141085096913e-14,3.291972808875225252e-14,8.559693755205160016e-15,9.165384323004258288e-15,1.003098614731682850e-14,1.045539216764216583e-14,1.143787979481682692e-14,1.169159492362573905e-14,1.039073305742289651e-14,9.572420069843318259e-15,1.009757823196140306e-14,1.147846353214630367e-14,1.665310078065383062e-14,2.095978725950755855e-14,8.345318579034513876e-15,8.295526560866911543e-15,8.913358001709970900e-15,1.006382648572123810e-14,1.145189387456984528e-14,1.050491813865397044e-14,1.079144991442782881e-14,1.104084607398433157e-14,1.159043082180680616e-14,1.706414134226676439e-14,2.553330916350407922e-14,6.782269878372900707e-15,7.725795635759148685e-15,9.694273396615977451e-15,9.921363151214498085e-15,1.145340771592526490e-14,1.035051661906959835e-14,1.244586244192251734e-14,1.503849095155028855e-14,1.644756228125455287e-14,2.159384935980695050e-14,1.163340117307899496e-14,1.333590251386335237e-14,1.452047725612027176e-14,1.523188182324565833e-14,1.623994071180247306e-14,1.982812939942355559e-14,2.831176428772442421e-14,1.071290889330088718e-13,2.277552698331644627e-14,2.100849264779987506e-14
1.125093383278413003e-14,1.579043427978721474e-14,1.273662169657978031e-14,1.269490195604790951e-14,1.385640704938024446e-14,1.261480042255340995e-14,1.197694566981609353e-14,1.374593684482983328e-14,1.051212982341549864e-14,1.047685956705622875e-14,9.072199464338089175e-15,1.186747767961341135e-14,1.138766591765692520e-14,1.293477382094406165e-14,1.248946282941556402e-14,1.420535170076688410e-14,1.249717862207827962e-14,1.088120789636946051e-14,1.146311165743275070e-14,1.110825802188947721e-14,1.216467707418052185e-14,1.737901943644571840e-14,2.253838035368851239e-14,1.025357398922641377e-14,1.109453073383616423e-14,1.205815187526771747e-14,1.257826743409048957e-14,1.337954081587770905e-14,1.188922528624429573e-14,1.219254023803287739e-14,1.035758000214269746e-14,1.047043333656562089e-14,1.359553009325527105e-14,1.920380471172127015e-14,3.353133594607874068e-14,8.719107246793508694e-15,9.336027231244341377e-15,1.021804442243221739e-14,1.065140596300100674e-14,1.165274369019947080e-14,1.190933462377438364e-14,1.058423298116821689e-14,9.750534040529882171e-15,1.028568106363039245e-14,1.169324612988624581e-14,1.696662616273215117e-14,2.135350368173375742e-14,8.500861938061946539e-15,8.449968711712414050e-15,9.079640710012086166e-15,1.025161193831326766e-14,1.166545201970958312e-14,1.070059211087142330e-14,1.099268777268452478e-14,1.124664883749383944e-14,1.180638437551230281e-14,1.738282744467261223e-14,2.601323925864581768e-14,6.908605134549590546e-15,7.869867660666313584e-15,9.875695024110268267e-15,1.010652664944283028e-14,1.166753463410138216e-14,1.054352403607981712e-14,1.267817643075513977e-14,1.532147792639216221e-14,1.675459544902769636e-14,2.199672704690551494e-14,1.185067674727826669e-14,1.358915556399329213e-14,1.479590855578873441e-14,1.551956397510624710e-14,1.655307301379972530e-14,2.019953989734429274e-14,2.883863351430224064e-14,1.075095633664037998e-13,2.321400710484102879e-14,2.140861810837544344e-14
1.145883950791244521e-14,1.608192640525664056e-14,1.297178657688048814e-14,1.292937108707186142e-14,1.411226999400706556e-14,1.284783817255504441e-14,1.219839698947148935e-14,1.400023472690716417e-14,1.070670488798086093e-14,1.067058764580747579e-14,9.239918524788993848e-15,1.208662723337742774e-14,1.159805995468666028e-14,1.317367243872341844e-14,1.272020248372296578e-14,1.446784570583079930e-14,1.272858972278261659e-14,1.108245324462866529e-14,1.167512747105124444e-14,1.131356265068532320e-14,1.238946580522571727e-14,1.770030503287702619e-14,2.295521295320591454e-14,1.044315429308545836e-14,1.129986340208618285e-14,1.228108301722053046e-14,1.281088114554555353e-14,1.362714117021550081e-14,1.210911663428498007e-14,1.241793140089410043e-14,1.054936273762643843e-14,1.066425615294088702e-14,1.384791974628512428e-14,1.955948466209526073e-14,3.415074057346977228e-14,8.880593355770887888e-15,9.508883339016351388e-15,1.040756072156123828e-14,1.085010306150506099e-14,1.187059183949972171e-14,1.212990528675950217e-14,1.078024724574202909e-14,9.930946643650729934e-15,1.047623472199228969e-14,1.191092739770157500e-14,1.728457419860488369e-14,2.175268781699225092e-14,8.658440604311895788e-15,8.606413307047821728e-15,9.248115355007731758e-15,1.044187707421271496e-14,1.188181678773309622e-14,1.089881376799437499e-14,1.119656985960991267e-14,1.145514674288188773e-14,1.202515610077157998e-14,1.770575165102413149e-14,2.649986472936066116e-14,7.036585380290698659e-15,8.015832885663244476e-15,1.005956754356516766e-14,1.029413906394157412e-14,1.188453218650308873e-14,1.073906666788671677e-14,1.291356676952567875e-14,1.560844300336799935e-14,1.706569725681502626e-14,2.240492044937410546e-14,1.207084239048610308e-14,1.384618423011405009e-14,1.507541764747442115e-14,1.581139092201923757e-14,1.687129148509693384e-14,2.057600354868965867e-14,2.937231282347732618e-14,1.078841227583979933e-13,2.365955521224080032e-14,2.181480590524827891e-14
1.166929740876634874e-14,1.637696455435620445e-14,1.320981704094165645e-14,1.316670542655457482e-14,1.437125354334041999e-14,1.308372886580184508e-14,1.242258087315070714e-14,1.425768565583824513e-14,1.090370333360249134e-14,1.086670751494762504e-14,9.409704324100269281e-15,1.230845081150526623e-14,1.181103239948955583e-14,1.341549045957587260e-14,1.295376894092222657e-14,1.473356157303862126e-14,1.296289317178442597e-14,1.128618758295622482e-14,1.188976643345962186e-14,1.152139132223028629e-14,1.261701379383073103e-14,1.802555025242774583e-14,2.337720143154413946e-14,1.063507299185591649e-14,1.150775098636010339e-14,1.250676263029958969e-14,1.304636998261983135e-14,1.387782020301594256e-14,1.233172800393829743e-14,1.264609872079357865e-14,1.074354135182552668e-14,1.086049500905481978e-14,1.410353232526969755e-14,1.991961992556840904e-14,3.477772861464829174e-14,9.044101253367726236e-15,9.683897584634877978e-15,1.059947850932715321e-14,1.105143641867466736e-14,1.209137732134161905e-14,1.235323755579459828e-14,1.097871400744223895e-14,1.011359902702103194e-14,1.066917987478085481e-14,1.213145122606372304e-14,1.760688370757215866e-14,2.215725379124178794e-14,8.818006523842642167e-15,8.764810420972413505e-15,9.418732468446785199e-15,1.063456655824354064e-14,1.210092372019856372e-14,1.109952118666743890e-14,1.140303536055820118e-14,1.166627653126233103e-14,1.224667845505079389e-14,1.803282381847477169e-14,2.699308430135581565e-14,7.166170581536070884e-15,8.163647741794427867e-15,1.024584380633764951e-14,1.048414629438609785e-14,1.210434227438511622e-14,1.093708607341584770e-14,1.315196608385786955e-14,1.589932953867537438e-14,1.738077915413144535e-14,2.281831069916634647e-14,1.229383628020256773e-14,1.410695891923659817e-14,1.535896972843597718e-14,1.610731516410811394e-14,1.719459598148436774e-14,2.095742810679149817e-14,2.991262982671935816e-14,1.082511435017340601e-13,2.411216683594064058e-14,2.222701611069617244e-14
1.188222563019148554e-14,1.667542986148068294e-14,1.345061783136207212e-14,1.340681104522135953e-14,1.463325431895571629e-14,1.332237973498089241e-14,1.264941178523276392e-14,1.451819319398537851e-14,1.110305274715200302e-14,1.106514453168294851e-14,9.581491789283770988e-15,1.253286005912065742e-14,1.202649984878053869e-14,1.366013210553703381e-14,1.319007057848365952e-14,1.500239575496807416e-14,1.320000402572323555e-14,1.149233391033837834e-14,1.210694752292030518e-14,1.173166362612657576e-14,1.284723243630675821e-14,1.835463030034603361e-14,2.380418607464456914e-14,1.082925678963885885e-14,1.171811677445621469e-14,1.273510432409857003e-14,1.328464467485393648e-14,1.413148508161965420e-14,1.255697528097117064e-14,1.287695452336700064e-14,1.094004535592367802e-14,1.105907802679282859e-14,1.436228316327628505e-14,2.028408083251625359e-14,3.541205324555311399e-14,9.209572128986426437e-15,9.861006300939962821e-15,1.079373214100855312e-14,1.125535046901730027e-14,1.231504417340000852e-14,1.257925104951155868e-14,1.117956166692543145e-14,1.029842320497845466e-14,1.086444779415321981e-14,1.235475173567368359e-14,1.793348048251159151e-14,2.256709877804170057e-14,8.979504023682706553e-15,8.925102359151461160e-15,9.591434601501158617e-15,1.082961603707402277e-14,1.232269788650995001e-14,1.130264262938541948e-14,1.161201362192725746e-14,1.187996477060040578e-14,1.247087308555988858e-14,1.836393824806913306e-14,2.749277593740233169e-14,7.297314484448539907e-15,8.313261698936016958e-15,1.043446849468184017e-14,1.067648536896312606e-14,1.232689687540362913e-14,1.113751438687861447e-14,1.339329579758977128e-14,1.619406907172709365e-14,1.769973750824359922e-14,2.323675888345565286e-14,1.251958681029958744e-14,1.437144125542551754e-14,1.564652009884526547e-14,1.640727819174502558e-14,1.752297749748224103e-14,2.134370425319035005e-14,3.045938446716278517e-14,1.086088678149921052e-13,2.457182438849745129e-14,2.264519787070196476e-14
1.209753112340330665e-14,1.697718742645987362e-14,1.369408077134257669e-14,1.364958123641130470e-14,1.489815501760934677e-14,1.356368539040782389e-14,1.287879251024907407e-14,1.478164774676264373e-14,1.130467072333853963e-14,1.126581382650065409e-14,9.755206912526040665e-15,1.275975465993924259e-14,1.224436751969349545e-14,1.390748862918559909e-14,1.342900333580019810e-14,1.527423069437374894e-14,1.343982561753828117e-14,1.170080465692880069e-14,1.232657861087667559e-14,1.194428817754583973e-14,1.308002108618543518e-14,1.868740347240839478e-14,2.423598557040574707e-14,1.102562232804516703e-14,1.193087347325322600e-14,1.296600991607135225e-14,1.352560375785378364e-14,1.438803025621577781e-14,1.278476283838128679e-14,1.311039918450812033e-14,1.113879448260434508e-14,1.125992338148991719e-14,1.462407563772769876e-14,2.065272009335027337e-14,3.605343480532586673e-14,9.376938972277644037e-15,1.004013697056513329e-14,1.099024670541543117e-14,1.146178114005167398e-14,1.254152754685471113e-14,1.280785425351598231e-14,1.138270868028818920e-14,1.048534180412165364e-14,1.106196016670895865e-14,1.258075333066814325e-14,1.826427814111660321e-14,2.298210389527223368e-14,9.142869589694889385e-15,9.087223393985147361e-15,9.766156130960177853e-15,1.102695200552207473e-14,1.254705382224762045e-14,1.150809637424031673e-14,1.182342403979214699e-14,1.209612774437211958e-14,1.269765073307184706e-14,1.869897436762902985e-14,2.799879847167435805e-14,7.429964333806990418e-15,8.464617060940594762e-15,1.062537807953130328e-14,1.087108435048331687e-14,1.255211807221777168e-14,1.134027417695770113e-14,1.363746618941059725e-14,1.649258201287594222e-14,1.802245415575151866e-14,2.366010675662771113e-14,1.274801193050673180e-14,1.463958433802959935e-14,1.593801469159008677e-14,1.671121084896418804e-14,1.785641892089179794e-14,2.173470659029822644e-14,3.101234968178267891e-14,1.089554771042495185e-13,2.503849891669632498e-14,2.306928654327536510e-14
1.231510875946271165e-14,1.728208493933932276e-14,1.394008371035632613e-14,1.389489546926648110e-14,1.516582316977548960e-14,1.380752678904232793e-14,1.311061316519425511e-14,1.504792538384455543e-14,1.150846403518636929e-14,1.146861946656455323e-14,9.930766052447274673e-15,1.298902132363148287e-14,1.246452834285770240e-14,1.415743720597581114e-14,1.367044966085447319e-14,1.554893357362895753e-14,1.368224854224329370e-14,1.191150082165384476e-14,1.254855553890352017e-14,1.215916171583413426e-14,1.331526603153279682e-14,1.902370961561734293e-14,2.467239494589041655e-14,1.122407538922640039e-14,1.214592233566313574e-14,1.319936843840233897e-14,1.376913252877554046e-14,1.464733633587154630e-14,1.301498256452450093e-14,1.334632011619524288e-14,1.133969789277804747e-14,1.146293849426394024e-14,1.488880006913002847e-14,2.102537096640734298e-14,3.670155718645763870e-14,9.546125928100968353e-15,1.022120753068644303e-14,1.118893726903270313e-14,1.167065510120835928e-14,1.277075286265983601e-14,1.303894357374520843e-14,1.158806274741954240e-14,1.067426731900847312e-14,1.126162831630099123e-14,1.280936983027774782e-14,1.859917671017599410e-14,2.340213244127851738e-14,9.308031258372742140e-15,9.251099149195883454e-15,9.942822614348379234e-15,1.122649105424901835e-14,1.277389462635563275e-14,1.171578989452294842e-14,1.203717522684378385e-14,1.231467058699814452e-14,1.292691030411442632e-14,1.903779517342438003e-14,2.851098929524285791e-14,7.564060400878484199e-15,8.617648411907204762e-15,1.081850011837739216e-14,1.106786158602666427e-14,1.277991717792226908e-14,1.154527765837308497e-14,1.388437539583342706e-14,1.679477639003410738e-14,1.834879492318578756e-14,2.408817477439043400e-14,1.297901833054132615e-14,1.491133181626464868e-14,1.623338896860279272e-14,1.701903222096373596e-14,1.819489377882827830e-14,2.213029185612474663e-14,3.157126850134958977e-14,1.092890664610639160e-13,2.551214810557988274e-14,2.349920300330296610e-14
1.253484056392637911e-14,1.758995155559483022e-14,1.418848962413024023e-14,1.414261850716743450e-14,1.543611016863058150e-14,1.405377036560114940e-14,1.334475040393185914e-14,1.531688694467928312e-14,1.171432796227133087e-14,1.167345376117495991e-14,1.010807532738938633e-14,1.322053295589797195e-14,1.268686218130910602e-14,1.440984003625777863e-14,1.391427765331220507e-14,1.582635534910707445e-14,1.392714986938754805e-14,1.212431125629741484e-14,1.277276136581434689e-14,1.237616835429868964e-14,1.355283966781309259e-14,1.936336896920100057e-14,2.511318408503563445e-14,1.142451021410954633e-14,1.236315244872599210e-14,1.343505533397801363e-14,1.401510221692600596e-14,1.490926922880970703e-14,1.324751308167230309e-14,1.358459095016170303e-14,1.154265352120657466e-14,1.166801936482496906e-14,1.515633292506235962e-14,2.140184606050886063e-14,3.735606558546840550e-14,9.717047749965332725e-15,1.040412578163155100e-14,1.138970826256117395e-14,1.188188919722398864e-14,1.300263520992498118e-14,1.327240259071248773e-14,1.179552014725148672e-14,1.086510148048399487e-14,1.146335256533905944e-14,1.304050382484680054e-14,1.893806177343493349e-14,2.382702879062483896e-14,9.474908097828757700e-15,9.416646063685621657e-15,1.012135025091555851e-14,1.142813926521576420e-14,1.300311126153030788e-14,1.192561919240392508e-14,1.225316435250559707e-14,1.253548659999244066e-14,1.315853814303021567e-14,1.938024623228642498e-14,2.902916302478495849e-14,7.699535551307266852e-15,8.772282145000210071e-15,1.101375271435573320e-14,1.126672511458747550e-14,1.301019408131135440e-14,1.175242605802419597e-14,1.413390867156810756e-14,1.710054707485783257e-14,1.867860865361467925e-14,2.452076079975167403e-14,1.321250077852875142e-14,1.518661723877083436e-14,1.653256721079277687e-14,1.733064887262215344e-14,1.853836544603475433e-14,2.253029783732223028e-14,3.213585230429489456e-14,1.096076459922047483e-13,2.599271517248194587e-14,2.393485270464821371e-14
1.275659510095910177e-14,1.790059699003121322e-14,1.443914584991167944e-14,1.439259966782255110e-14,1.570885053597333717e-14,1.430226730439035022e-14,1.358106679715626471e-14,1.558837740044320884e-14,1.192214575901737577e-14,1.188019669790535485e-14,1.028703009503013944e-14,1.345414799468122829e-14,1.291123515968965938e-14,1.466454363906395026e-14,1.416034038765420218e-14,1.610633004230229208e-14,1.417439256113914897e-14,1.233911208499789124e-14,1.299906577114460956e-14,1.259517896962179471e-14,1.379259984924428481e-14,1.970618132181218234e-14,2.555809674728860056e-14,1.162680891902627771e-14,1.258244016993315762e-14,1.367293182567707139e-14,1.426336935046780221e-14,1.517367951956252315e-14,1.348221913865606911e-14,1.382507090228511259e-14,1.174754755033372150e-14,1.187505003400903407e-14,1.542653629826538863e-14,2.178193668670237179e-14,3.801656538677219577e-14,9.889609344353471200e-15,1.058878889234809580e-14,1.159245299817929435e-14,1.209539004654749216e-14,1.323707895775749989e-14,1.350810149679152132e-14,1.200496520832219381e-14,1.105773472897045591e-14,1.166702172378194008e-14,1.327404623266721001e-14,1.928080406970877435e-14,2.425661785278732691e-14,9.643409771902095388e-15,9.583770929961803116e-15,1.030164544061702620e-14,1.163179174233051531e-14,1.323458203887539931e-14,1.213746827419337227e-14,1.247127664098030167e-14,1.275845673288622674e-14,1.339240748599623497e-14,1.972615515962283567e-14,2.955311100372134022e-14,7.836314847641154867e-15,8.928436062938829028e-15,1.121104411155618915e-14,1.146757221524150176e-14,1.324283678941961711e-14,1.196160912269789886e-14,1.438593788085364375e-14,1.740977541514964563e-14,1.901172667434939328e-14,2.495763935311214376e-14,1.344834159814109428e-14,1.546536362840469552e-14,1.683546211993591653e-14,1.764595438078903003e-14,1.888678671706092513e-14,2.293454284197599482e-14,3.270577987454561646e-14,1.099091603859062948e-13,2.648012848117686066e-14,2.437612476783743062e-14
1.298022622174812739e-14,1.821380966765235872e-14,1.469188272763849628e-14,1.464467150912121005e-14,1.598386018803170933e-14,1.455285219481127312e-14,1.381940948046209298e-14,1.586222416201632695e-14,1.213178754258939284e-14,1.208871483086760330e-14,1.046751406409901082e-14,1.368970903828099470e-14,1.313749850575017799e-14,1.492137733438617154e-14,1.440847447690809005e-14,1.638867296057624000e-14,1.442382404607944434e-14,1.255576555789939368e-14,1.322732380751858265e-14,1.281605000221303297e-14,1.403438849005421203e-14,2.005192384438789160e-14,2.600684750784618471e-14,1.183084048791050654e-14,1.280364795001116482e-14,1.391284356194940786e-14,1.451377430901647660e-14,1.544040086772055214e-14,1.371895028002796685e-14,1.406760338194488552e-14,1.195425335429876333e-14,1.208390150917115047e-14,1.569925627118741405e-14,2.216540997106276583e-14,3.868261671597871648e-14,1.006370493827772309e-14,1.077508250337478905e-14,1.179705265094616903e-14,1.231105295611386904e-14,1.347397647767881340e-14,1.374589578193228831e-14,1.221626922129361528e-14,1.125204524916888017e-14,1.187251205228431847e-14,1.350987503337271746e-14,1.962725720592091451e-14,2.469070221181832266e-14,9.813435760889820452e-15,9.752370120763067050e-15,1.048360394048551024e-14,1.183733158862539954e-14,1.346817134964438254e-14,1.235120804310878974e-14,1.269138422307312518e-14,1.298344838944964436e-14,1.362837716957285520e-14,2.007532915658598958e-14,3.008259737188855889e-14,7.974315004117729964e-15,9.086018673613665624e-15,1.141027171635389161e-14,1.167028838024967532e-14,1.347772016297610398e-14,1.217270404693902172e-14,1.464032004691379195e-14,1.772232717559787837e-14,1.934796047014638463e-14,2.539855860902302746e-14,1.368640974465175096e-14,1.574748204419372467e-14,1.714197305602619661e-14,1.796482759851682329e-14,1.924009767942585758e-14,2.334282286932026341e-14,3.328069295656762152e-14,1.101914378419046653e-13,2.697429794086340836e-14,2.482289123923072051e-14
1.320557276681749690e-14,1.852935629868910574e-14,1.494651314556161631e-14,1.489864932930182038e-14,1.626093619783021620e-14,1.480534262823843219e-14,1.405960990432886763e-14,1.613823697415320896e-14,1.234311005866296232e-14,1.229886099651483012e-14,1.064939896275692849e-14,1.392704253364366444e-14,1.336548814117543323e-14,1.518015293912864853e-14,1.465849977410073357e-14,1.667318052199764351e-14,1.467527606723524489e-14,1.277411975874989709e-14,1.345737563489012447e-14,1.303862314268278881e-14,1.427803129213056458e-14,2.040035092756955593e-14,2.645912185070466772e-14,1.203646041081722507e-14,1.302662408316325443e-14,1.415462035112473695e-14,1.476614110144557219e-14,1.570924988116237022e-14,1.395754060560181399e-14,1.431201573684832809e-14,1.216263124590077577e-14,1.229443150302404247e-14,1.597432295967223605e-14,2.255200933266049841e-14,3.935373466350030576e-14,1.023921782279103520e-14,1.096288044149318460e-14,1.200337605336349675e-14,1.252876186335672636e-14,1.371320819609787326e-14,1.398562605513220515e-14,1.242929019694945479e-14,1.144789866933207379e-14,1.207968702295337553e-14,1.374785524202407132e-14,1.997725819338967561e-14,2.512906272894584127e-14,9.984875106446503422e-15,9.922329291054106490e-15,1.066711063391561975e-14,1.204462972291317920e-14,1.370372953591270498e-14,1.256669607458565513e-14,1.291334596686373578e-14,1.321031525538777456e-14,1.386629146644140002e-14,2.042755547148546393e-14,3.061736026455834612e-14,8.113444077384820008e-15,9.244928953931087476e-15,1.161132198932484624e-14,1.187474716045530650e-14,1.371470586969931059e-14,1.238557528007735851e-14,1.489689732388219438e-14,1.803805300521126086e-14,1.968710205691528603e-14,2.584324081428700670e-14,1.392656014471201253e-14,1.603287163386637556e-14,1.745198629057876959e-14,1.828713281119927733e-14,1.959822604187540368e-14,2.375491225345916500e-14,3.386019660525493980e-14,1.104522494780178175e-13,2.747511609357773088e-14,2.527500459899012301e-14
1.343245765845662380e-14,1.884698052016996238e-14,1.520283149376462794e-14,1.515433018172962825e-14,1.653985558989085372e-14,1.505953818607066223e-14,1.430148288226715873e-14,1.641620679232682803e-14,1.255595588986743958e-14,1.251047350497462796e-14,1.083254385879234467e-14,1.416595778504609388e-14,1.359502378802068003e-14,1.544066368649422054e-14,1.491021834823771928e-14,1.695962904986390573e-14,1.492856371833586229e-14,1.299400777314769968e-14,1.368904563211677201e-14,1.326272445662376710e-14,1.452333675324021583e-14,2.075119272119691002e-14,2.691457420135767288e-14,1.224350991585218755e-14,1.325120187049412364e-14,1.439807520310446421e-14,1.502027636320559255e-14,1.598002504595508608e-14,1.419780783620912167e-14,1.455811827392263561e-14,1.237252771739385080e-14,1.250648365961357863e-14,1.625154947664967507e-14,2.294145278141291454e-14,4.002938655077170718e-14,1.041601973338344655e-14,1.115204405236094525e-14,1.221127897621957589e-14,1.274838861399640161e-14,1.395464177823690255e-14,1.422711714348618899e-14,1.264387209061156177e-14,1.164514734419354591e-14,1.228839657741463034e-14,1.398783808393982071e-14,2.033062611475646789e-14,2.557145687640886669e-14,1.015760582976726844e-14,1.009352278600426437e-14,1.085203891565384788e-14,1.225354416467911028e-14,1.394109203529161183e-14,1.278377583366035917e-14,1.313700668682302586e-14,1.343889647723705625e-14,1.410597920410944215e-14,2.078259996065128960e-14,3.115710963478448045e-14,8.253601009654462816e-15,9.405055821404757540e-15,1.181406977803187245e-14,1.208080945457276326e-14,1.395364155525622024e-14,1.260007377667763397e-14,1.515549605554919802e-14,1.835678723933925124e-14,2.002892260598911008e-14,2.629138047607728973e-14,1.416863316146328439e-14,1.632141867176427036e-14,1.776537390126058659e-14,1.861271862477847947e-14,1.996108575561267541e-14,2.417056202834408716e-14,3.444385685635651588e-14,1.106892964409009297e-13,2.798245599300658779e-14,2.573229780481355752e-14
1.366068717921846725e-14,1.916640183565892966e-14,1.546061281973435392e-14,1.541149205955755031e-14,1.682037441445723925e-14,1.531521962362050915e-14,1.454482585216810618e-14,1.669590495742041191e-14,1.277015283627695176e-14,1.272337549602836588e-14,1.101679459571952994e-14,1.440624616813508001e-14,1.382590823799855989e-14,1.570268337815977523e-14,1.516341367927486578e-14,1.724777386814114149e-14,1.518348472123934022e-14,1.321524702619916567e-14,1.392214170057140819e-14,1.348816368442764629e-14,1.477009539262661018e-14,2.110415405555946374e-14,2.737282656037457339e-14,1.245181533542473741e-14,1.347719896555900415e-14,1.464300358191029930e-14,1.527596858733845338e-14,1.625250593439272012e-14,1.443955259057683368e-14,1.480570349947275941e-14,1.258377484094594252e-14,1.271988694202821173e-14,1.653073120526434107e-14,2.333343181985981375e-14,4.070898977301634664e-14,1.059397034967595052e-14,1.134242165860110498e-14,1.242060356919387494e-14,1.296979242821200734e-14,1.419813154845146205e-14,1.447017740944842062e-14,1.285984419362095948e-14,1.184362977323901039e-14,1.249847654315119969e-14,1.422966039817550130e-14,2.068716127958948117e-14,2.601761768293131774e-14,1.033149445827528911e-14,1.026581314966527181e-14,1.103825020038300993e-14,1.246391948252111040e-14,1.418007874265409815e-14,1.300227606573795202e-14,1.336219654193016426e-14,1.366901603834394797e-14,1.434725309979135182e-14,2.114020617142265495e-14,3.170152596727264414e-14,8.394675241109416344e-15,9.566277703245425960e-15,1.201837781365450450e-14,1.228832296888989711e-14,1.419436024058771846e-14,1.281603641847354127e-14,1.541592609955529419e-14,1.867834713757292744e-14,2.037317155314571637e-14,2.674264317564913751e-14,1.441245396346936471e-14,1.661299584740144161e-14,1.808199300342426025e-14,1.894141718502449468e-14,2.032857601633210071e-14,2.458949890954826936e-14,3.503119905159702714e-14,1.109002168725292079e-13,2.849616982548841788e-14,2.619458288427213778e-14
1.389005039830208901e-14,1.948731476303167278e-14,1.571961212514666292e-14,1.566989321581117514e-14,1.710222703925271598e-14,1.557214820232905971e-14,1.478941830495587657e-14,1.697708259557721236e-14,1.298551342801926339e-14,1.293737442635533701e-14,1.120198332556975719e-14,1.464768050498836875e-14,1.405792674395366656e-14,1.596596571970609662e-14,1.541785002628148270e-14,1.753734862699370743e-14,1.543981889065127834e-14,1.343763875641650763e-14,1.415645472003755673e-14,1.371473368185249038e-14,1.501807914803629390e-14,2.145891363931565132e-14,2.783346755907527229e-14,1.266118758064399822e-14,1.370441686437773401e-14,1.488918282512867403e-14,1.553298753924396798e-14,1.652645262509170398e-14,1.468255782764603481e-14,1.505454553155843896e-14,1.279618979664104704e-14,1.293445514953391182e-14,1.681164529989427706e-14,2.372761077303083168e-14,4.139191048022929745e-14,1.077291689433240960e-14,1.153384812084219796e-14,1.263117792715105079e-14,1.319281950471110786e-14,1.444351807750609869e-14,1.471459823718468800e-14,1.307702065769768373e-14,1.204317012990894690e-14,1.270974817586693193e-14,1.447314420914505224e-14,2.104664469132313342e-14,2.646725309220632457e-14,1.050639564105227388e-14,1.043905071834694963e-14,1.122559353052836918e-14,1.267558636999755178e-14,1.442049353758940468e-14,1.322201032427201352e-14,1.358873058006409980e-14,1.390048228745356587e-14,1.458990926215476231e-14,2.150009478547474062e-14,3.225025958633074962e-14,8.536546370994983263e-15,9.728462184351958575e-15,1.222409632828871127e-14,1.249712180303957997e-14,1.443667988713874721e-14,1.303328557035996909e-14,1.567798034879847170e-14,1.900253240878821925e-14,2.071957605136805959e-14,2.719666481204152112e-14,1.465783201296064055e-14,1.690746170938489528e-14,1.840168518922306383e-14,1.927304360992871442e-14,2.070058047994880522e-14,2.501142468236317603e-14,3.562170685026875321e-14,1.110826031253321601e-13,2.901608796827628970e-14,2.666164971770598905e-14
1.412031828508241641e-14,1.980938747010087745e-14,1.597956335296199901e-14,1.592927118644483896e-14,1.738512489984389969e-14,1.583006470504458074e-14,1.503502081746408529e-14,1.725946943491459999e-14,1.320183413969734034e-14,1.315226126761427422e-14,1.138792785692515275e-14,1.489001406023081518e-14,1.429084616603524720e-14,1.623024321485106172e-14,1.567327138512494425e-14,1.782806403585611967e-14,1.569732713416444596e-14,1.366096718995323604e-14,1.439175765510794360e-14,1.394220954829878348e-14,1.526704036534526195e-14,2.181512254705285797e-14,2.829605034089285594e-14,1.287142141129563240e-14,1.393264006661626311e-14,1.513637117174330140e-14,1.579108322688441320e-14,1.680160458120956977e-14,1.492658789781032863e-14,1.530439910193778487e-14,1.300957411948231215e-14,1.314998614998448510e-14,1.709404955997686689e-14,2.412362485470396301e-14,4.207745992577264311e-14,1.095269353386938744e-14,1.172614419204724482e-14,1.284281536860681006e-14,1.341730223955133468e-14,1.469062726154912318e-14,1.496015310857933031e-14,1.329519972154225819e-14,1.224357756432250308e-14,1.292201742218494568e-14,1.471809583541690888e-14,2.140883646556191593e-14,2.692004397298563380e-14,1.068215158917282959e-14,1.061307305973018802e-14,1.141390497312180131e-14,1.288836092201547737e-14,1.466212339711771710e-14,1.344277618587526503e-14,1.381640793004682007e-14,1.413308709925787910e-14,1.483372628535100408e-14,2.186196198132907088e-14,3.280292795477688835e-14,8.679083759730192143e-15,9.891465503311159044e-15,1.243106235796645075e-14,1.270702573116601935e-14,1.468040251041310951e-14,1.325162832300979213e-14,1.594143372516577054e-14,1.932912377211175197e-14,2.106783940479499605e-14,2.765304958987142438e-14,1.490456043183407565e-14,1.720465952133011956e-14,1.872427519411258108e-14,1.960739468837669311e-14,2.107696548157374026e-14,2.543601431405440086e-14,3.621481931272198306e-14,1.112339858664317865e-13,2.954201614170530218e-14,2.713326536171652274e-14
1.435124343978702041e-14,2.013226136696322633e-14,1.624017900500459801e-14,1.618934235198840760e-14,1.766875620621047341e-14,1.608868909902235215e-14,1.528137482000450674e-14,1.754277364678858928e-14,1.341889517500008093e-14,1.336781026740915570e-14,1.157443139723012512e-14,1.513298024810501015e-14,1.452441464546411569e-14,1.649522687234336042e-14,1.592940120991600232e-14,1.811960764284967229e-14,1.595575128662151892e-14,1.388499929678459579e-14,1.462780532247290282e-14,1.417034835956950746e-14,1.551671154211196540e-14,2.217240397885089591e-14,2.876009245210497381e-14,1.308229515031831927e-14,1.416163586098902199e-14,1.538430751927123192e-14,1.604998568288140705e-14,1.707768048783448941e-14,1.517138832057065813e-14,1.555499931649913298e-14,1.322371349067110431e-14,1.336626166437010490e-14,1.737768236673678848e-14,2.452108029396581086e-14,4.276489390390235437e-14,1.113312117802082563e-14,1.191911629658382777e-14,1.305531425786792152e-14,1.364305909613893670e-14,1.493927022177010865e-14,1.520659742700941677e-14,1.351416350776931636e-14,1.244464596683954861e-14,1.313507472125029859e-14,1.496430578469599229e-14,2.177347586680834343e-14,2.737564420913889766e-14,1.085859188006453361e-14,1.078770475000477939e-14,1.160300743407793643e-14,1.310204446816905560e-14,1.490473825201842567e-14,1.366435505726013810e-14,1.404501163929380809e-14,1.436660570877298696e-14,1.507846508342550143e-14,2.222547954959819062e-14,3.335911602566234333e-14,8.822146309177445921e-15,1.005513237006381660e-14,1.263909960200023087e-14,1.291784004254143302e-14,1.492531407060306720e-14,1.347085632005128426e-14,1.620604308230805593e-14,1.965788300523336409e-14,2.141764115945023382e-14,2.811137009470906165e-14,1.515241540148359280e-14,1.750441699695326250e-14,1.904957071434832901e-14,1.994424871488408561e-14,2.145757961823418334e-14,2.586291609698006859e-14,3.680993065072610667e-14,1.113518705831715752e-13,3.007373520307597804e-14,2.760917165967267580e-14
1.458255960583194703e-14,2.045555031697410784e-14,1.650114953653251812e-14,1.644980138760060830e-14,1.795278526829491231e-14,1.634771995851624861e-14,1.552820207515604673e-14,1.782668124445615157e-14,1.363646005009247728e-14,1.358377850477817654e-14,1.176128217323178612e-14,1.537629206572896827e-14,1.475836109443767240e-14,1.676060559269773628e-14,1.618594183716344881e-14,1.841164316953696997e-14,1.621481359550210981e-14,1.410948433474202500e-14,1.486433390624908312e-14,1.439888867964778801e-14,1.576680477540436425e-14,2.253035246658685851e-14,2.922507478886684602e-14,1.329357025783078114e-14,1.439115387280970605e-14,1.563271089699339846e-14,1.630940441863405767e-14,1.735437767981620548e-14,1.541668527591374086e-14,1.580606111646273518e-14,1.343837732774547749e-14,1.358304684809993964e-14,1.766226212971332675e-14,2.491955345719490941e-14,4.345341144885875486e-14,1.131400714563947110e-14,1.211255616794160043e-14,1.326845761650774422e-14,1.386989417277649405e-14,1.518924279564988665e-14,1.545366803588847163e-14,1.373367760508203363e-14,1.264615357630502911e-14,1.334869460512177994e-14,1.521154828619443673e-14,2.214028047392334216e-14,2.783367970967680837e-14,1.103553314167236214e-14,1.096275705107834014e-14,1.179271032266256079e-14,1.331642318429750336e-14,1.514809052808092732e-14,1.388651175458269789e-14,1.427430824858343077e-14,1.460079627132992404e-14,1.532386841958495715e-14,2.259029414409882872e-14,3.391837494960801153e-14,8.965582205415604694e-15,1.021929567702076287e-14,1.284801803697410669e-14,1.312935515632445023e-14,1.517118401138848966e-14,1.369074535405339719e-14,1.647154669968578783e-14,1.998855219559277982e-14,2.176863638028243835e-14,2.857116634690281045e-14,1.540115597231750404e-14,1.780654553391043776e-14,1.937736157339207220e-14,2.028336470475411112e-14,2.184225247007028261e-14,2.629175074338867308e-14,3.740638916154399816e-14,1.114337445242733662e-13,3.061099930844083847e-14,2.808908526453754124e-14
1.481398134530115310e-14,2.077884012148356476e-14,1.676214295599854577e-14,1.671032087579179110e-14,1.823685205450614086e-14,1.660683408939787682e-14,1.577520434983690502e-14,1.811085571949783185e-14,1.385427532590394154e-14,1.379990560655077022e-14,1.194825318237178709e-14,1.561964172037048262e-14,1.499239486466958537e-14,1.702604576948989238e-14,1.644257411434578673e-14,1.870381009479030311e-14,1.647421640843105778e-14,1.433415355954919180e-14,1.510106065285966178e-14,1.462755024593205333e-14,1.601701140853806804e-14,2.288853338537672425e-14,2.969044098261445261e-14,1.350499105231456363e-14,1.462092578165692255e-14,1.588128013319940443e-14,1.656902808467084908e-14,1.763137179557802013e-14,1.566218528642672107e-14,1.605727893798866725e-14,1.365331852794496471e-14,1.380009002826325623e-14,1.794748695559247619e-14,2.531859035684568703e-14,4.414215375138916565e-14,1.149514495228998113e-14,1.230624061752722877e-14,1.348201287989401517e-14,1.409759690692726994e-14,1.544032518080113229e-14,1.570108292417402022e-14,1.395349080763510950e-14,1.284786272921613888e-14,1.356263544884381219e-14,1.545958098915576034e-14,2.250894559979604224e-14,2.829374775293742841e-14,1.121277885028411630e-14,1.113802770185255038e-14,1.198280933636426520e-14,1.353126784796274213e-14,1.539191486588426849e-14,1.410899424219897240e-14,1.450404752878893751e-14,1.483539959242102645e-14,1.556966061872785583e-14,2.295602683025005765e-14,3.448022123717094264e-14,9.109228747240968588e-15,1.038377631549420712e-14,1.305761366098331248e-14,1.334134637675423220e-14,1.541776496804872630e-14,1.391105511475993165e-14,1.673766397492164873e-14,2.032085322521330076e-14,2.212045523567499573e-14,2.903194525980660642e-14,1.565052376754707198e-14,1.811083957940350908e-14,1.970741905355069571e-14,2.062448179568185024e-14,2.223079346162723965e-14,2.672211082898663452e-14,3.800349644386011473e-14,1.114770909759730593e-13,3.115353434744620600e-14,2.857269640562446987e-14
1.504520391367711112e-14,2.110168830533963721e-14,1.702280461493258749e-14,1.697055113746178740e-14,1.852057203590019279e-14,1.686568637597064246e-14,1.602206330751340952e-14,1.839493794587287563e-14,1.407207053193075424e-14,1.401591364728864280e-14,1.213510209408848535e-14,1.586270047888732855e-14,1.522620560862054907e-14,1.729119113633211691e-14,1.669895726206448920e-14,1.899572352197180626e-14,1.673364208835525726e-14,1.455872012491085479e-14,1.533768377014739047e-14,1.485603385248886111e-14,1.626700190522452156e-14,2.324648280633397652e-14,3.015559726554428648e-14,1.371628460025408624e-14,1.485066523223901725e-14,1.612969374347209685e-14,1.682852436533597819e-14,1.790831668563821261e-14,1.590757511601843572e-14,1.630832659804367574e-14,1.386827338493917824e-14,1.401712261786516923e-14,1.823303456296048567e-14,2.571770658518677561e-14,4.483020395825354193e-14,1.167631423573642910e-14,1.249993145373478475e-14,1.369573181682389085e-14,1.432594192979782824e-14,1.569228174453183861e-14,1.594854114277387949e-14,1.417333503223592702e-14,1.304951977101285474e-14,1.377663938997405581e-14,1.570814484425299803e-14,2.287914397691497851e-14,2.875541670363064432e-14,1.139011925703009323e-14,1.131330084035225804e-14,1.217308638218869441e-14,1.374633375533794129e-14,1.563592803936186004e-14,1.433153355120139467e-14,1.473396239981072117e-14,1.507013904658614857e-14,1.581554748591870588e-14,2.332227300829089939e-14,3.504413642128841001e-14,9.252912272205698771e-15,1.054838310500893293e-14,1.326766838737305689e-14,1.355357380663012660e-14,1.566479266224830229e-14,1.413152910836672626e-14,1.700409533627691850e-14,2.065448750973440053e-14,2.247270291671431581e-14,2.949318053523045314e-14,1.590024288526335023e-14,1.841707613364877178e-14,2.003949540033022819e-14,2.096731884546658627e-14,2.262299086087467977e-14,2.715356060877429089e-14,3.860050731441781617e-14,1.114794093091369634e-13,3.170103666024744309e-14,2.905966808699604871e-14
1.527590314924336861e-14,2.142362390202012064e-14,1.728275709157173648e-14,1.723012009364361757e-14,1.880353598930233949e-14,1.712390966232910894e-14,1.626844038392420718e-14,1.867854600870899807e-14,1.428955808948113519e-14,1.423150705858105669e-14,1.232157118764026553e-14,1.610511851487091036e-14,1.545946318985904789e-14,1.755566259758156201e-14,1.695472872514664247e-14,1.928697398021058600e-14,1.699275288040473785e-14,1.478287899086222053e-14,1.557388232147608983e-14,1.508402124343222561e-14,1.651642570939943392e-14,2.360370727735866335e-14,3.061991212246078831e-14,1.392716065031519920e-14,1.508006773950417975e-14,1.637760980610075672e-14,1.708753984301379655e-14,1.818484425529224210e-14,1.615252165110105864e-14,1.655885716225099719e-14,1.408296150896368299e-14,1.423385903458926527e-14,1.851856207766470639e-14,2.611638695422702804e-14,4.551658621323779973e-14,1.185728070173127826e-14,1.269337542366101710e-14,1.390935043916981325e-14,1.455468884986228230e-14,1.594486071204265433e-14,1.619572268678035722e-14,1.439292523351007232e-14,1.325085498991156498e-14,1.399043224814251815e-14,1.595696389925651097e-14,2.325052514658729666e-14,2.921822532677424357e-14,1.156733133534661593e-14,1.148834696086718331e-14,1.236330950555251839e-14,1.396136062031894831e-14,1.587982882727990518e-14,1.455384368963577895e-14,1.496376882112836770e-14,1.530472046711410605e-14,1.606121618753171753e-14,2.368860206673526958e-14,3.560956607423837613e-14,9.396448146599965529e-15,1.071291274349091961e-14,1.347794988899107653e-14,1.376578225554470274e-14,1.591198571994166928e-14,1.435189455994019464e-14,1.727052206622532036e-14,2.098913544258189613e-14,2.282495931228233489e-14,2.995431227841692753e-14,1.615001978286858118e-14,1.872501407990346965e-14,2.037332309551452795e-14,2.131157382350091126e-14,2.301861042412486557e-14,2.758563549969612362e-14,3.919662913447947312e-14,1.114382259205413167e-13,3.225317104346568532e-14,2.954963512048350268e-14
1.550573573002267913e-14,2.174414778752030423e-14,1.754160043749822785e-14,1.748863353408838968e-14,1.908531031679106139e-14,1.738111502174118840e-14,1.651397707771954267e-14,1.896127555892537536e-14,1.450643356212032981e-14,1.444637287451956317e-14,1.250738755355633045e-14,1.634652517127368247e-14,1.569181792389208334e-14,1.781905852484410368e-14,1.720950446404597378e-14,1.957712777912587888e-14,1.725119121894065364e-14,1.500630718078704613e-14,1.580931650115432845e-14,1.531117536999745798e-14,1.676491153353238051e-14,2.395968425952202255e-14,3.108271689524988836e-14,1.413731185636810157e-14,1.530881095247228474e-14,1.662466625326079155e-14,1.734570030915437519e-14,1.846056480515508954e-14,1.639667219028829973e-14,1.680850323998784946e-14,1.429708606598828463e-14,1.444999694472137184e-14,1.880370633104693782e-14,2.651408604334301109e-14,4.620026668156530576e-14,1.203779631595763450e-14,1.288630442216555765e-14,1.412258921640120859e-14,1.478358234648880050e-14,1.619779421573379535e-14,1.644228878110121060e-14,1.461195964823950164e-14,1.345158284026483741e-14,1.420372375708056197e-14,1.620574546891943601e-14,2.362271547314299523e-14,2.968168294567248678e-14,1.174417895701202292e-14,1.166292309822174820e-14,1.255323306686145152e-14,1.417607277854063209e-14,1.612329827068363261e-14,1.477562188847526965e-14,1.519316602871681582e-14,1.553883239855409809e-14,1.630633552772380560e-14,2.405455777955114972e-14,3.617592000541805402e-14,9.539640904656186386e-15,1.087714996088261748e-14,1.368821172853078256e-14,1.397770142596061531e-14,1.615904586612819545e-14,1.457186263810833720e-14,1.753660656767108443e-14,2.132445643220723129e-14,2.317677940598042513e-14,3.041474753801240529e-14,1.639954356851842139e-14,1.903439385328335717e-14,2.070861456239010126e-14,2.165692365435442643e-14,2.341739448785623899e-14,2.801784239014201595e-14,3.979102269732987205e-14,1.113511195079704397e-13,3.280956961929300358e-14,3.004220364738081443e-14
1.573433963504893942e-14,2.206273330568293470e-14,1.779891270094911390e-14,1.774567565204968235e-14,1.936543761397759112e-14,1.763689225413992676e-14,1.675829544486727199e-14,1.924270038423687569e-14,1.472237607346628868e-14,1.466018115878734695e-14,1.269226345941532178e-14,1.658652943975708315e-14,1.592290102528537582e-14,1.808095528632308177e-14,1.746287946890571382e-14,1.986572760411274911e-14,1.750858022603176870e-14,1.522866422451826006e-14,1.604362810385638153e-14,1.553714084578534783e-14,1.701206786049198252e-14,2.431386285758651606e-14,3.154330673594455285e-14,1.434641418425906198e-14,1.553655509998184463e-14,1.687048136917679693e-14,1.760261128496835213e-14,1.873506758068787309e-14,1.663965493326480145e-14,1.705687748886301561e-14,1.451033418388855976e-14,1.466521767830052078e-14,1.908808432787158381e-14,2.691022899808990785e-14,4.688015527432934771e-14,1.221759963774250140e-14,1.307843585563409698e-14,1.433515343912875086e-14,1.501235236907687639e-14,1.645079844141891158e-14,1.668788234874484704e-14,1.483012020841566481e-14,1.365140233267078217e-14,1.441620795747999763e-14,1.645418043357776997e-14,2.399531825725220725e-14,3.014526975095207712e-14,1.192041320094676185e-14,1.183677315493793349e-14,1.274259805072878321e-14,1.439017953455282547e-14,1.636600009377632417e-14,1.499654901414274453e-14,1.542183692965109107e-14,1.577214651365351023e-14,1.655055640074971165e-14,2.441965888844565519e-14,3.674257261218804033e-14,9.682284510940975377e-15,1.104086779214203453e-14,1.389819360821944437e-14,1.418904626441905243e-14,1.640565825613719304e-14,1.479112883328342172e-14,1.780199279155608796e-14,2.166008903442425763e-14,2.352769385901869215e-14,3.087386111910643923e-14,1.664848662901503447e-14,1.934493716690210107e-14,2.104506192739287790e-14,2.200302415202903936e-14,2.381906104326633692e-14,2.844966012471709720e-14,4.038280363232806335e-14,1.112157449414924531e-13,3.336983065246418494e-14,3.053695110224103229e-14
1.596133481960829436e-14,2.237882718532987376e-14,1.805425067788252786e-14,1.800080982255225687e-14,1.964343748971524332e-14,1.789081063648375585e-14,1.700099879349750177e-14,1.952237318328363703e-14,1.493704890505788130e-14,1.487258561583341552e-14,1.287589688673562081e-14,1.682472065826328491e-14,1.615232528388351527e-14,1.834090800612990484e-14,1.771442849390111012e-14,2.015229334088929406e-14,1.776452439124828658e-14,1.544959278930713296e-14,1.627644118594424486e-14,1.576154460120662279e-14,1.725748365691244483e-14,2.466566485336121016e-14,3.200094189639306303e-14,1.455412752317443954e-14,1.576294361555226086e-14,1.711465449206123884e-14,1.785785874522046973e-14,1.900792151785754959e-14,1.688107966504868241e-14,1.730357332514382103e-14,1.472237752486614891e-14,1.487918681562554548e-14,1.937129386225936168e-14,2.730421252547912486e-14,4.755510772698152490e-14,1.239641629910017581e-14,1.326947316309005343e-14,1.454673372829865238e-14,1.524071443275743400e-14,1.670357385392163530e-14,1.693212865403241430e-14,1.504707311994039328e-14,1.384999759359627908e-14,1.462756374902143531e-14,1.670194365173497287e-14,2.436791391096275708e-14,3.060843719788350410e-14,1.209577279789486236e-14,1.200962837612823100e-14,1.293113250789258126e-14,1.460337564768553757e-14,1.660758127855376999e-14,1.521629014408554156e-14,1.564944864729587767e-14,1.600431818797621367e-14,1.679351241070526746e-14,2.478339983181795006e-14,3.730886329154815093e-14,9.824162754258308413e-15,1.120382797300140358e-14,1.410762172324564666e-14,1.439951743982542094e-14,1.665149192979288770e-14,1.500937348379408938e-14,1.806630680911535845e-14,2.199565113371123061e-14,2.387720973943223055e-14,3.133099662916448538e-14,1.689650551240880465e-14,1.965634678829421588e-14,2.138233681558457359e-14,2.234951003258881643e-14,2.422330276692112646e-14,2.888054011583356140e-14,4.097104407632757097e-14,1.110298552124900368e-13,3.393351724357955234e-14,3.103342632021264825e-14
1.618632567746905384e-14,2.269185323168482855e-14,1.830715262021951594e-14,1.825358128406555881e-14,1.991880994902739755e-14,1.814242161648389073e-14,1.724167456774501028e-14,1.979982914475272038e-14,1.515010173467089855e-14,1.508322594203251619e-14,1.305797336660060316e-14,1.706067133326820276e-14,1.637968736936422840e-14,1.859845374329747174e-14,1.796370908279226581e-14,2.043632582370160799e-14,1.801861264278393969e-14,1.566872111843977288e-14,1.650736473118398242e-14,1.598399841495916115e-14,1.750073133023338337e-14,2.501448903229420326e-14,3.245485386150114245e-14,1.476009768919733540e-14,1.598760566063204351e-14,1.735676890030109166e-14,1.811101221527214401e-14,1.927867867883562766e-14,1.712054060333703724e-14,1.754816788362081487e-14,1.493287454148128749e-14,1.509155648201323543e-14,1.965291696988439127e-14,2.769541054478509853e-14,4.822393588632109824e-14,1.257396073691872860e-14,1.345910770601631388e-14,1.475700820160453744e-14,1.546837176625937681e-14,1.695580763571792588e-14,1.717463813322682024e-14,1.526247119037919071e-14,1.404703990295466313e-14,1.483745710505586322e-14,1.694869656343927035e-14,2.474006366144012718e-14,3.107061323553414840e-14,1.226998574959363447e-14,1.218120894944793303e-14,1.311855331750621538e-14,1.481534349866762262e-14,1.684767478203845860e-14,1.543449693994371162e-14,1.587565497685740595e-14,1.623498906157348576e-14,1.703482265098834696e-14,2.514525542325078646e-14,3.787410324038762107e-14,9.965050245358185092e-15,1.136578236544817814e-14,1.431621063870318510e-14,1.460880340125014380e-14,1.689620244522049674e-14,1.522626406278529341e-14,1.832915989037431829e-14,2.233074349867865150e-14,2.422481516518807385e-14,3.178547219987692248e-14,1.714324336240380419e-14,1.996830853386949755e-14,2.172009279236949694e-14,2.269599774114181464e-14,2.462978897130666605e-14,2.930991129729307467e-14,4.155478132362522696e-14,1.107913689730673043e-13,3.450016115588481626e-14,3.153115082989704601e-14
1.640889889676815270e-14,2.300120887242092724e-14,1.855713614625090851e-14,1.850351495487937911e-14,2.019103198754675528e-14,1.839125660731739054e-14,1.747989143702345649e-14,2.007458184166633156e-14,1.536116854595913550e-14,1.529172563958975652e-14,1.323816459793905167e-14,1.729393440059389843e-14,1.660456612292139002e-14,1.885310836090074533e-14,1.821025861959712524e-14,2.071730270586044956e-14,1.827041492409389948e-14,1.588566079693585689e-14,1.673599005969616155e-14,1.620409661156025543e-14,1.774136377028917208e-14,2.535970663649957278e-14,3.290423808579938781e-14,1.496395498296067506e-14,1.621015365197743789e-14,1.759638895649479650e-14,1.836162154439045121e-14,1.954687035594274753e-14,1.735761350844108168e-14,1.779021903033061394e-14,1.514146832472063181e-14,1.530196318059240149e-14,1.993251537046751364e-14,2.808316662509178135e-14,4.888539342094344602e-14,1.274993467713133733e-14,1.364701717515044401e-14,1.496564021576258386e-14,1.569501219775633503e-14,1.720716968096902566e-14,1.741500332395024955e-14,1.547595155234692970e-14,1.424218597582944892e-14,1.504553891343383552e-14,1.719408358645482643e-14,2.511130261014340579e-14,3.153119277689153048e-14,1.244276793584836904e-14,1.235122282300960833e-14,1.330456449173475657e-14,1.502575072339828175e-14,1.708589637780592231e-14,1.565080525182413047e-14,1.610009366272250513e-14,1.646378422284680683e-14,1.727408863194812284e-14,2.550467409579396365e-14,3.843756269185722475e-14,1.010471213468588237e-14,1.152647173505595963e-14,1.452366088575896984e-14,1.481657810851987547e-14,1.713942837640195691e-14,1.544145273580113517e-14,1.859014456306048878e-14,2.266494322432515835e-14,2.456997266672963184e-14,3.223657278306701412e-14,1.738832630368595313e-14,2.028048645208764364e-14,2.205795964839222186e-14,2.304207973330786254e-14,2.503815813490511357e-14,2.973717223288356506e-14,4.213300549138799711e-14,1.104982834071448670e-13,3.506925003820150920e-14,3.202961141466834864e-14
1.662862682005514962e-14,2.330626994325922297e-14,1.880370169840980032e-14,1.875011904212275492e-14,2.045956210211587198e-14,1.863683073441525234e-14,1.771520293898534331e-14,2.034612776883825830e-14,1.556987064739059307e-14,1.549769506137628328e-14,1.341613083821606718e-14,1.752404693665052599e-14,1.682652574177063309e-14,1.910437050401597803e-14,1.845359811775964950e-14,2.099468318189240791e-14,1.851948599472749099e-14,1.610000979917523677e-14,1.696189416071581637e-14,1.642141926632413483e-14,1.797891812352001275e-14,2.570066725664532490e-14,3.334826223549027947e-14,1.516531703902834801e-14,1.643018640195637851e-14,1.783306371337327379e-14,1.860922076197770954e-14,1.981201133918251331e-14,1.759185926469790058e-14,1.802926909782001342e-14,1.534778942718973131e-14,1.551003066183219492e-14,2.020963469104707494e-14,2.846680099329603839e-14,4.953818981700031900e-14,1.292402942911497261e-14,1.383286797185770024e-14,1.517228104591512470e-14,1.592031078446737058e-14,1.745731558565497410e-14,1.765280236191329652e-14,1.568713855784108788e-14,1.443508052972306581e-14,1.525144772970020857e-14,1.743773528852120301e-14,2.548114452228989095e-14,3.198954478453444296e-14,1.261382520002591426e-14,1.251936774842551109e-14,1.348885938005317687e-14,1.523425289210105654e-14,1.732184800832642449e-14,1.586483807113899169e-14,1.632238942895433081e-14,1.669031537171641090e-14,1.751089770158143758e-14,2.586108377159756508e-14,3.899848015850354365e-14,1.024290536611392117e-14,1.168562765190936067e-14,1.472966144943426066e-14,1.502250375194373510e-14,1.738079453903571825e-14,1.565457918691608931e-14,1.884883837085740574e-14,2.299780815868326494e-14,2.491212490321639152e-14,3.268355774006333542e-14,1.763136855380792413e-14,2.059252573613890466e-14,2.239554673913794682e-14,2.338732846712757287e-14,2.544802087862806157e-14,3.016169750006805174e-14,4.270467136091470190e-14,1.101487717159374577e-13,3.564023321424938615e-14,3.252826921206243786e-14
1.684507058384008624e-14,2.360639558407658898e-14,1.904633625570337605e-14,1.899288855094847146e-14,2.072384451106264247e-14,1.887864652407644331e-14,1.794715114636358981e-14,2.061395069361205554e-14,1.577581945641463521e-14,1.570073443647808219e-14,1.359152338949531894e-14,1.775053377752034062e-14,1.704511900534760816e-14,1.935172574682221680e-14,1.869323616091176378e-14,2.126791265333535047e-14,1.876536923946098634e-14,1.631135569746206490e-14,1.718464313619542103e-14,1.663553553231954742e-14,1.821291956268844133e-14,2.603670403991968972e-14,3.378607346490722970e-14,1.536379158121686452e-14,1.664729237227554535e-14,1.806633063338476089e-14,1.885333200490870538e-14,2.007360414578640939e-14,1.782282749701798488e-14,1.826484865658390137e-14,1.555145878273747346e-14,1.571537290637559107e-14,2.048380855338529452e-14,2.884561710000724022e-14,5.018100203031185087e-14,1.309592812292314946e-14,1.401631773053348943e-14,1.537657264979602899e-14,1.614393238924299801e-14,1.770588946617638918e-14,1.788760252941558753e-14,1.589564678317807923e-14,1.462535900728404425e-14,1.545481263937412830e-14,1.767927149629149739e-14,2.584908571323395156e-14,3.244501748983242313e-14,1.278285547533132595e-14,1.268533346816715737e-14,1.367112296588262396e-14,1.544049624189155654e-14,1.755512112785950104e-14,1.607620856244893391e-14,1.654215705112369717e-14,1.691418402535328734e-14,1.774482651968652945e-14,2.621389712530097012e-14,3.955606903604761599e-14,1.037938010149692691e-14,1.184297432947012770e-14,1.493389199356703398e-14,1.522623323783998990e-14,1.761991514698202905e-14,1.586527351443583439e-14,1.910480757215969227e-14,2.332888078293782175e-14,2.525069998184778665e-14,3.312566704726688950e-14,1.787196985074871815e-14,2.090405471064854630e-14,2.273244540700133900e-14,2.373129927774115341e-14,2.585896158719070434e-14,3.058284293213353274e-14,4.326870755962031239e-14,1.097412313539832257e-13,3.621252467873499304e-14,3.302654544004685463e-14
1.705778167765445833e-14,2.390093145381102389e-14,1.928451603674366615e-14,1.923130741183318670e-14,2.098331101737454744e-14,1.911619629539069674e-14,1.817526813532213169e-14,2.087752313901769414e-14,1.597861779311915257e-14,1.590043526638395562e-14,1.376398590471555943e-14,1.797290921859979216e-14,1.725988954249775904e-14,1.959464829424510914e-14,1.892867053085527578e-14,2.153642441523771514e-14,1.900759793579195032e-14,1.651927704874220017e-14,1.740379360366928127e-14,1.684600512127589600e-14,1.844288286019866348e-14,2.636713575321182382e-14,3.421680147059949791e-14,1.555897816012296742e-14,1.686105097302631847e-14,1.829571707993343548e-14,1.909346698654772337e-14,2.033114040845228172e-14,1.805005799280385784e-14,1.849647802506407987e-14,1.575208891308803086e-14,1.591759536987350989e-14,2.075455947688760240e-14,2.921890298630166645e-14,5.081247829462208789e-14,1.326530682536179209e-14,1.419701649501010406e-14,1.557814868030074569e-14,1.636553213322523446e-14,1.795252417911147610e-14,1.811896148009411447e-14,1.610108222654560148e-14,1.481264884813275047e-14,1.565525440209491374e-14,1.791830190023966910e-14,2.621460489316548299e-14,3.289693908937205195e-14,1.294954978919900168e-14,1.284880284798770057e-14,1.385103281079851110e-14,1.564411861578658991e-14,1.778529772925248025e-14,1.628452122871172346e-14,1.675900237977625610e-14,1.713498260068718397e-14,1.797544221328248303e-14,2.656251243196245218e-14,4.010951785767512021e-14,1.051388093416739853e-14,1.199822959177342025e-14,1.513602354153800614e-14,1.542741116305579091e-14,1.785639451774540853e-14,1.607315725427638258e-14,1.935760803309854048e-14,2.365768803407816950e-14,2.558511229751775855e-14,3.356212260377340637e-14,1.810971208318745185e-14,2.121468439836587880e-14,2.306822841444163245e-14,2.407353029259754745e-14,2.627053661864709026e-14,3.099994610153749689e-14,4.382401881596584297e-14,1.092742858960516053e-13,3.678550034310679873e-14,3.352381461405091896e-14
1.726630464681539978e-14,2.418921480176866242e-14,1.951771072271460019e-14,1.946485245483938585e-14,2.123738468443484064e-14,1.934896517376492013e-14,1.839907917113283201e-14,2.113630997163354052e-14,1.617786230978038283e-14,1.609638305098265731e-14,1.393315674877509305e-14,1.819068030084754263e-14,1.747037474344611585e-14,1.983260465905987699e-14,1.915939170047903066e-14,2.179964359818303907e-14,1.924569837804935664e-14,1.672334626127840013e-14,1.761889571299819207e-14,1.705238131122002326e-14,1.866831571210649802e-14,2.669127009625450688e-14,3.463956309073266186e-14,1.575047024689143807e-14,1.707103538881196428e-14,1.852074356609653621e-14,1.932913034685830003e-14,2.058410433169348572e-14,1.827308382563125282e-14,1.872367055194313313e-14,1.594928648729761962e-14,1.611629760862087001e-14,2.102140189963668066e-14,2.958593606260016721e-14,5.143124366743140581e-14,1.343183662054638397e-14,1.437460902150186462e-14,1.577663681689324458e-14,1.658475725343756929e-14,1.819684317093727986e-14,1.834643018161584053e-14,1.630304491229839975e-14,1.499657198085122616e-14,1.585238793302414639e-14,1.815442831478454528e-14,2.657716547094685352e-14,3.334462072924042727e-14,1.311359419985174167e-14,1.300945394821045808e-14,1.402826106380392387e-14,1.584475172560778640e-14,1.801195302294745787e-14,1.648937450751543045e-14,1.697252486024597851e-14,1.735229705391166906e-14,1.820230522552588763e-14,2.690631724353934382e-14,4.065799320023044406e-14,1.064614903723604263e-14,1.215110658930332397e-14,1.533572027301597596e-14,1.562567589961337402e-14,1.808982942571786347e-14,1.627784579654638983e-14,1.960678801987485393e-14,2.398374353593349821e-14,2.591476621749887265e-14,3.399213202426787007e-14,1.834415999054453281e-14,2.152400902864041898e-14,2.340245106232758506e-14,2.441354340369376830e-14,2.668227431848450393e-14,3.141232970612685766e-14,4.436949241265943258e-14,1.087468090063042268e-13,3.735849787003667761e-14,3.401940671040169205e-14
1.747017741701733259e-14,2.447057049164122065e-14,1.974538005271841604e-14,1.969299336460431598e-14,2.148548072473198971e-14,1.957642775338755617e-14,1.861810375716005130e-14,2.138976912609559905e-14,1.637314378724317820e-14,1.628815818151971167e-14,1.409867036274647675e-14,1.840334780189385856e-14,1.767610280713086211e-14,2.006505514902392542e-14,1.938488422671005991e-14,2.205698837292827120e-14,1.947919063719210008e-14,1.692313084477952835e-14,1.782949429198631325e-14,1.725421226135168907e-14,1.888871980629954562e-14,2.700840291103173096e-14,3.505346074465762856e-14,1.593785336343794518e-14,1.727681363895649729e-14,1.874092495462432465e-14,1.955982073366480150e-14,2.083197351262338940e-14,1.849143237765565958e-14,1.894593372437823237e-14,1.614265336258762461e-14,1.631107436725628123e-14,2.128384237059967265e-14,2.994598538345523733e-14,5.203591328769193866e-14,1.359518429727370872e-14,1.454873600927134866e-14,1.597165958094114395e-14,1.680124710886037953e-14,1.843846002209645568e-14,1.856955372032652678e-14,1.650112989635591148e-14,1.517674611143089138e-14,1.604582328909295302e-14,1.838724469962364878e-14,2.693621527217679360e-14,3.378735362008414346e-14,1.327467082451775420e-14,1.316696136893299801e-14,1.420247541469485798e-14,1.604202184577933616e-14,1.823465596456177702e-14,1.669036168729889509e-14,1.718231819760173805e-14,1.756570758122727909e-14,1.842497004847330654e-14,2.724468911145130441e-14,4.120064133449855211e-14,1.077592285145142169e-14,1.230131444257894909e-14,1.553263941625955528e-14,1.582065972550476314e-14,1.831980921779757364e-14,1.647894914645638420e-14,1.985188845402605369e-14,2.430654684242214011e-14,2.623905666844490099e-14,3.441489095047411174e-14,1.857485796981569471e-14,2.183160338977103803e-14,2.373465006360667444e-14,2.475084097319401606e-14,2.709367370498951925e-14,3.181930325856388145e-14,4.490400430257453116e-14,1.081579908522644067e-13,3.793081708730102153e-14,3.451247774537714877e-14
1.766894623649266365e-14,2.474433080850247552e-14,1.996698985069325716e-14,1.991520726061401159e-14,2.172702288353364766e-14,1.979806803180636272e-14,1.883186576712844892e-14,2.163736315969914546e-14,1.656405938111186998e-14,1.647534574905308584e-14,1.426016425356077396e-14,1.861041856888429928e-14,1.787660947703087280e-14,2.029146388638635547e-14,1.960463652168634917e-14,2.230788135926975271e-14,1.970759806996503507e-14,1.711820126219683813e-14,1.803513763065718845e-14,1.745104987119478296e-14,1.910360184612964833e-14,2.731784469702900204e-14,3.545760108970924080e-14,1.612072188237661805e-14,1.747795669663055136e-14,1.895577985546066851e-14,1.978504062739806065e-14,2.107422926428493251e-14,1.870463511795102872e-14,1.916277943044729385e-14,1.633179399109347988e-14,1.650152304694524128e-14,2.154138879201443499e-14,3.029831728715534168e-14,5.262511452583353300e-14,1.375501992921935747e-14,1.471903993408801631e-14,1.616284103060862707e-14,1.701463960000033368e-14,1.867698552149096192e-14,1.878788012854902870e-14,1.669493466428998421e-14,1.535279119771213428e-14,1.623517264948387534e-14,1.861634474037337637e-14,2.729119682077883802e-14,3.422442438437765430e-14,1.343246348532203818e-14,1.332100094307754197e-14,1.437334433740383369e-14,1.623555656658560698e-14,1.845297774028123517e-14,1.688707857371819030e-14,1.738797804998115425e-14,1.777479666733472835e-14,1.864299374897240667e-14,2.757700483393773386e-14,4.173658550817678315e-14,1.090293991383658285e-14,1.244856439904794554e-14,1.572643995144096332e-14,1.601199859754555644e-14,1.854592368642126067e-14,1.667607905153714475e-14,2.009245167401036830e-14,2.462559142694013950e-14,2.655737749200068349e-14,3.482959858803817200e-14,1.880148323756125602e-14,2.213703905976864983e-14,2.406435619741232670e-14,2.508492511944292738e-14,2.750421304033679463e-14,3.222017323594539469e-14,4.542644617433218694e-14,1.075071450961475699e-13,3.850171651500995644e-14,3.500277536221841060e-14
1.786215514807134633e-14,2.500982923509810483e-14,2.018200668446870825e-14,2.013097078851572554e-14,2.196143444212699853e-14,2.001336713832032359e-14,1.903989115119685585e-14,2.187855711679448422e-14,1.675020456990229235e-14,1.665753167016053597e-14,1.441727764500037578e-14,1.881140024598040926e-14,1.807142878809881573e-14,2.051129863780056633e-14,1.981814026730521936e-14,2.255174893237795639e-14,1.993044615103788868e-14,1.730813059242088294e-14,1.823537645531956435e-14,1.764244842196851605e-14,1.931247041115179722e-14,2.761890043212836951e-14,3.585109794604260620e-14,1.629866617931620367e-14,1.767403774002997430e-14,1.916482966082797136e-14,2.000429532849786814e-14,2.131035570428499957e-14,1.891222561896135896e-14,1.937372186110552155e-14,1.651631460524847730e-14,1.668724304357506123e-14,2.179355028448235741e-14,3.064220935847064711e-14,5.319748268446989602e-14,1.391101373882056906e-14,1.488516540674072777e-14,1.634980634899562189e-14,1.722457032718645865e-14,1.891202660811900652e-14,1.900095937878579351e-14,1.688405858484121840e-14,1.552432956981340722e-14,1.642004990433631305e-14,1.884132094708430272e-14,2.764154455242209709e-14,3.465511189966294857e-14,1.358665691618415786e-14,1.347125077942855902e-14,1.454053740277837272e-14,1.642498413612877216e-14,1.866649046025883635e-14,1.707912257692551723e-14,1.758910106374983926e-14,1.797914804980316643e-14,1.885593511326350117e-14,2.790264426774804051e-14,4.226495550227082960e-14,1.102694097133256109e-14,1.259256752779472029e-14,1.591677762531410104e-14,1.619932652303366669e-14,1.876776192929248243e-14,1.686884834850871434e-14,2.032802074277588161e-14,2.494036559252972963e-14,2.686912669947181605e-14,3.523545549223688695e-14,1.902358284722709797e-14,2.243986773323041729e-14,2.439108321707596531e-14,2.541527994915186714e-14,2.791334274449142571e-14,3.261424466012003502e-14,4.593570839578511679e-14,1.067941170388875883e-13,3.907043069615593050e-14,3.548941849053322363e-14
1.804936044321373513e-14,2.526641992901197546e-14,2.038991392519546802e-14,2.033977428190076468e-14,2.218815349787546427e-14,2.022182369519360089e-14,1.924171742394527510e-14,2.211282892721384448e-14,1.693118480930252376e-14,1.683431205104904067e-14,1.456965826642521813e-14,1.900581291326672720e-14,1.826011025038743796e-14,2.072404023212691944e-14,2.002489961141509588e-14,2.278803163989168402e-14,2.014727116747644529e-14,1.749250198496325150e-14,1.842977218562482132e-14,1.782797300328957868e-14,1.951484634135324852e-14,2.791089529417569879e-14,3.623308986026728784e-14,1.647128992122648256e-14,1.786463977268513260e-14,1.936760735229912609e-14,2.021710206496636131e-14,2.153984912518444840e-14,1.911374869285919683e-14,1.957828711647458318e-14,1.669583020090712115e-14,1.686784279929268075e-14,2.203984521744212113e-14,3.097695361382829339e-14,5.375167825360912435e-14,1.406284333437957564e-14,1.504676477433568988e-14,1.653218808428090564e-14,1.743067829602660443e-14,1.914319244777647141e-14,1.920835151141057436e-14,1.706810985962632566e-14,1.569099214615603878e-14,1.660007721852000410e-14,1.906177135894878867e-14,2.798669285789143936e-14,3.507870050860616102e-14,1.373694216841365745e-14,1.361739584618675043e-14,1.470373023742052617e-14,1.660993971429891754e-14,1.887477489217109937e-14,1.726609987743727519e-14,1.778529195919999522e-14,1.817835413327499322e-14,1.906336247269056331e-14,2.822099728631386810e-14,4.278488171654817822e-14,1.114767192801869972e-14,1.273304058201500774e-14,1.610331290459329924e-14,1.638228461164977241e-14,1.898491936476018488e-14,1.705687757557884723e-14,2.055814721932837516e-14,2.525035849503373705e-14,2.717371274025910910e-14,3.563167681933698428e-14,1.924072105927666642e-14,2.273963690908502570e-14,2.471433897727013832e-14,2.574139013198192147e-14,2.832049253345289857e-14,3.300082850851568142e-14,4.643070293261400299e-14,1.060190392041825359e-13,3.963616414116695403e-14,3.597164860444294995e-14
1.823013396275203549e-14,2.551347761350092074e-14,2.059021134991091424e-14,2.054112508379007852e-14,2.240663763727379335e-14,2.042295324450822774e-14,1.943689742801920382e-14,2.233967329653734376e-14,1.710661840133204427e-14,1.700529639859319862e-14,1.471696568341713381e-14,1.919319298857869909e-14,1.844221828841659646e-14,2.092918710617067523e-14,2.022443546248958917e-14,2.301618881478122521e-14,2.035762368611403784e-14,1.767091225238662000e-14,1.861790059262540616e-14,1.800720333065428815e-14,1.971026664664820546e-14,2.819317841156458709e-14,3.660274399565833807e-14,1.663821038268460347e-14,1.804935903968856843e-14,1.956366140905384912e-14,2.042299390060174020e-14,2.176222181747002300e-14,1.930876407131432931e-14,1.977601710537154280e-14,1.686996772955789660e-14,1.704294307836122927e-14,2.227980426945200642e-14,3.130186329881771087e-14,5.428641104191616594e-14,1.421019621618255963e-14,1.520350123392868194e-14,1.670962898975868853e-14,1.763260795106248397e-14,1.937009624135370308e-14,1.940962996646954277e-14,1.724670871222473605e-14,1.585242174715542222e-14,1.677488810782924990e-14,1.927730186843212549e-14,2.832607933707546533e-14,3.549448163959787318e-14,1.388301931457607547e-14,1.375913098889793273e-14,1.486260721634232970e-14,1.679006808657753233e-14,1.907742339580041620e-14,1.744762855311992293e-14,1.797616642203537023e-14,1.837201899991215016e-14,1.926485690208796118e-14,2.853146838020131419e-14,4.329550258439966136e-14,1.126488587897690881e-14,1.286970825939433010e-14,1.628571293073943363e-14,1.656052342912543381e-14,1.919700017362113515e-14,1.723979784348513325e-14,2.078239403082196833e-14,2.555506250814066224e-14,2.747055878995642081e-14,3.601749996045108608e-14,1.945248174237916010e-14,2.303588989200632149e-14,2.503362728250192461e-14,2.606274066133521989e-14,2.872507327447095416e-14,3.337924787864642373e-14,4.691037796972063478e-14,1.051823998833266736e-13,4.019809654299278720e-14,3.644871262738942429e-14
1.840406887392616418e-14,2.575040752933861736e-14,2.078242330713653113e-14,2.073455522718638469e-14,2.261637175623635646e-14,2.061629473221805708e-14,1.962500575277411353e-14,2.255860895002057363e-14,1.727614160944408226e-14,1.717011317111376538e-14,1.485887612686269197e-14,1.937310006592435563e-14,1.861733830171558000e-14,2.112626271857176867e-14,2.041629252318140170e-14,2.323570647982812978e-14,2.056107485358123618e-14,1.784297764570402277e-14,1.879935787123534025e-14,1.817973982315783297e-14,1.989829122211663127e-14,2.846513076144927336e-14,3.695926669800245011e-14,1.679906313347126399e-14,1.822781073074343172e-14,1.975256233622475824e-14,2.062152645602007474e-14,2.197700899986335698e-14,1.949685269589618857e-14,1.996647615488827528e-14,1.703837129430352395e-14,1.721218228430285280e-14,2.251297669068060616e-14,3.161628263642689771e-14,5.480045527101739619e-14,1.435277406217652953e-14,1.535505351803712894e-14,1.688178683591174405e-14,1.783001343826610480e-14,1.959235968264754300e-14,1.960438753513512822e-14,1.741949267307349802e-14,1.600827814060593058e-14,1.694413249495881182e-14,1.948753116588116349e-14,2.865915104204271044e-14,3.590176175799928656e-14,1.402460147135095238e-14,1.389616515855038805e-14,1.501686565304919647e-14,1.696502837909382422e-14,1.927404543077192418e-14,1.762334386026805397e-14,1.816135629194970012e-14,1.855976381006480194e-14,1.946001800780796517e-14,2.883348455668254886e-14,4.379597347480049722e-14,1.137834709355163217e-14,1.300230683101558371e-14,1.646365563446534378e-14,1.673370753684260627e-14,1.940362235469999926e-14,1.741725581499384620e-14,2.100034128021681738e-14,2.585397895767695125e-14,2.775911049396157177e-14,3.639219367478620325e-14,1.965847303240416442e-14,2.332816924519766716e-14,2.534845244360664198e-14,2.637882118999949783e-14,2.912648089847094515e-14,3.374884619938425386e-14,4.737373211473651294e-14,1.042850578237797037e-13,4.075538796111046230e-14,3.691987250665360912e-14
1.857078610862530148e-14,2.597665633982032846e-14,2.096610729186753975e-14,2.091962916801170729e-14,2.281687652892250745e-14,2.080141852665101937e-14,1.980564565995902763e-14,2.276918648178898049e-14,1.743941425450747148e-14,1.732841579235956188e-14,1.499508770385339944e-14,1.954512426740339648e-14,1.878508392615299164e-14,2.131482349829155967e-14,2.060004683390739975e-14,2.344610588365253114e-14,2.075722320306847910e-14,1.800834005441419846e-14,1.897376716731775497e-14,1.834521013316513215e-14,2.007851009830047937e-14,2.872617500622751590e-14,3.730191703357675199e-14,1.695350801303858888e-14,1.839963511611010028e-14,1.993390967748338203e-14,2.081228514049991427e-14,2.218377631172586043e-14,1.967762350231519929e-14,2.014925813610169464e-14,1.720070775120414155e-14,1.737522218491993885e-14,2.273893713293552812e-14,3.191959738883021662e-14,5.529267082397402157e-14,1.449029735855950852e-14,1.550112094275374338e-14,1.704833962093760193e-14,1.802256331960656127e-14,1.980961793469443296e-14,1.979224278264634456e-14,1.758612227483278582e-14,1.615824346632652701e-14,1.710748216409119799e-14,1.969209617031642369e-14,2.898537142340231451e-14,3.629987217330219376e-14,1.416141917039457701e-14,1.402822597200979701e-14,1.516622034535782542e-14,1.713449917806087853e-14,1.946427353456759812e-14,1.779290393365995345e-14,1.834051518512762049e-14,1.874123264691386388e-14,1.964847018049208939e-14,2.912650394827876659e-14,4.428547828826610723e-14,1.148783480057195125e-14,1.313058813398537241e-14,1.663683420572939049e-14,1.690152043966536529e-14,1.960442326443024459e-14,1.758891909679356403e-14,2.121159257269699626e-14,2.614662452418042285e-14,2.803884440647150510e-14,3.675506882978104269e-14,1.985832766491594589e-14,2.361602152439667014e-14,2.565832458638622341e-14,2.668913199677795394e-14,2.952410128279274749e-14,3.410899631544429371e-14,4.781983024126515363e-14,1.033282540852692741e-13,4.130718592004418069e-14,3.738440141928815120e-14
1.872994055217955869e-14,2.619172147526072491e-14,2.114086141331180836e-14,2.109595137513573192e-14,2.300771606736927883e-14,2.097793375024790801e-14,1.997845520895018322e-14,2.297099510240215367e-14,1.759612510798870201e-14,1.747988816885709010e-14,1.512532532121980304e-14,1.970889290418812500e-14,1.894510369446612680e-14,2.149446575935969339e-14,2.077531238332952541e-14,2.364695076093877491e-14,2.094570055572336991e-14,1.816667259447982842e-14,1.914078439052297079e-14,1.850327503624957903e-14,2.025054986301957111e-14,2.897578428951427002e-14,3.763001771761833709e-14,1.710123492384161013e-14,1.856450304056047824e-14,2.010733819003632881e-14,2.099489143987245420e-14,2.238212620357340479e-14,1.985071941924805636e-14,2.032399274159185134e-14,1.735667181051064479e-14,1.753175311235230471e-14,2.295729143195637593e-14,3.221124310870241316e-14,5.576202115073734930e-14,1.462250988273917854e-14,1.564142811079741233e-14,1.720899032068135055e-14,1.820994487936199705e-14,2.002152411909366472e-14,1.997284568411325438e-14,1.774628620455789294e-14,1.630202724776536853e-14,1.726463572767195513e-14,1.989065683605423710e-14,2.930422640657246874e-14,3.668817701886118408e-14,1.429322452769458865e-14,1.415506405046119033e-14,1.531040783726497726e-14,1.729818319750819508e-14,1.964776859502636573e-14,1.795599493120903349e-14,1.851332352877929869e-14,1.891609771927549621e-14,1.982986808725228314e-14,2.941002285602700309e-14,4.476323837248263906e-14,1.159314662411653738e-14,1.325432343160885318e-14,1.680496142813116935e-14,1.706366929547252924e-14,1.979906451637980951e-14,1.775448111752545173e-14,2.141578046154330637e-14,2.643253681135413650e-14,2.830927482933047888e-14,3.710548728430523430e-14,2.005170789522757983e-14,2.389900213088082871e-14,2.596276475165590719e-14,2.699318970504085627e-14,2.991731542885833447e-14,3.445910790969904990e-14,4.824781763645583527e-14,1.023136193198398612e-13,4.185263241630403737e-14,3.784159449287572107e-14
1.888122955935967551e-14,2.639516378326571026e-14,2.130633402692583283e-14,2.126317532012381189e-14,2.318850905187052998e-14,2.114549813906898921e-14,2.014311653911821804e-14,2.316367324700251056e-14,1.774599932459785464e-14,1.762425254167854406e-14,1.524934741911125555e-14,1.986407993437974859e-14,1.909708974042891207e-14,2.166483635536994134e-14,2.094175120364261624e-14,2.383785893485035366e-14,2.112618138385376559e-14,1.831768784802548357e-14,1.930010696009738657e-14,1.865363706629463006e-14,2.041408330168099789e-14,2.921349603357569766e-14,3.794297358352573954e-14,1.724197140050131415e-14,1.872212417046483061e-14,2.027252726393287017e-14,2.116901272398604544e-14,2.257170826180094147e-14,2.001582649029164969e-14,2.049035504108245169e-14,1.750599353223531593e-14,1.768150161315450288e-14,2.316768638234052570e-14,3.249072046087992252e-14,5.620759789914466145e-14,1.474918467454131163e-14,1.577573156331517393e-14,1.736347397744989410e-14,1.839187093049045715e-14,2.022775670185460189e-14,2.014588642210623369e-14,1.789970896347329156e-14,1.643937352854416163e-14,1.741532596203151766e-14,2.008290397019765135e-14,2.961523510157699655e-14,3.706608721196073200e-14,1.441979700867714996e-14,1.427645894913152593e-14,1.544919252968851199e-14,1.745581429619747109e-14,1.982422814044675739e-14,1.811233873540388477e-14,1.867949629170871354e-14,1.908406738517872884e-14,2.000390527534934995e-14,2.968358831524221296e-14,4.522853048225922155e-14,1.169410297366085408e-14,1.337330855075972022e-14,1.696777578606513710e-14,1.721989152246394272e-14,1.998723987819900863e-14,1.791366849289926906e-14,2.161257543863818535e-14,2.671128418642667908e-14,2.856996616950095690e-14,3.744287832889985481e-14,2.023830632790720050e-14,2.417668297937688044e-14,2.626131334044648279e-14,2.729053659403274149e-14,3.030550810796047430e-14,3.479864136983871653e-14,4.865694004901821345e-14,1.012431872982655757e-13,4.239087701291684279e-14,3.829075864892400719e-14
1.902440102245276131e-14,2.658661890858568747e-14,2.146223301347885561e-14,2.142101269753248970e-14,2.335893878007916959e-14,2.130382714667193017e-14,2.029936389247602480e-14,2.334691756805456249e-14,1.788880551391462649e-14,1.776127660356842372e-14,1.536695221045805027e-14,2.001041449318323762e-14,1.924078595730278275e-14,2.182564165946117555e-14,2.109908195214028310e-14,2.401851194846731220e-14,2.129839071868799891e-14,1.846114507959343364e-14,1.945148138250574097e-14,1.879604810288794498e-14,2.056883776510928364e-14,2.943892404186687088e-14,3.824028667446871106e-14,1.737548985701106153e-14,1.887225417823021953e-14,2.042920898256519412e-14,2.133437053842604688e-14,2.275222779500628380e-14,2.017268174829436512e-14,2.064807369868699033e-14,1.764844498569084728e-14,1.782423721959389205e-14,2.336981779905473675e-14,3.275760692505691314e-14,5.662864410452055988e-14,1.487012976363256499e-14,1.590382582508615493e-14,1.751156400127837294e-14,1.856808587937677533e-14,2.042802598576040106e-14,2.031110289904809507e-14,1.804615761514922822e-14,1.657006729576280361e-14,1.755932631675702237e-14,2.026856597191194902e-14,2.991795914594374356e-14,3.743307238863072229e-14,1.454094884210405608e-14,1.439222467112297914e-14,1.558237228048417482e-14,1.760716372326354877e-14,1.999339347333871950e-14,1.826169973112604940e-14,1.883878973353795935e-14,1.924489311290050868e-14,2.017032152360150628e-14,2.994680825484292428e-14,4.568070109075745709e-14,1.179055163578824122e-14,1.348736891717900963e-14,1.712504738744365733e-14,1.736996111619179620e-14,2.016868208618483497e-14,1.806624752181575518e-14,2.180169346910688840e-14,2.698247412777617908e-14,2.882054271247719583e-14,3.776675211836824182e-14,2.041785582838729614e-14,2.444866006768106050e-14,2.655353820914273213e-14,2.758074934129422578e-14,3.068807666516247823e-14,3.512711928284065545e-14,4.904656237545854072e-14,1.001193943090065122e-13,4.292108898634885161e-14,3.873123329585825763e-14
1.915926206804457718e-14,2.676581004367818640e-14,2.160833619853813217e-14,2.156924411052235397e-14,2.351876423373055518e-14,2.145270366847050621e-14,2.044699280616194010e-14,2.352049331687519249e-14,1.802436349998386488e-14,1.789078150027614048e-14,1.547798465845476098e-14,2.014769038419416256e-14,1.937599674764011145e-14,2.197665791024656835e-14,2.124708978519637305e-14,2.418866619747730107e-14,2.146211341217402548e-14,1.859685853803362070e-14,1.959471198326678867e-14,1.893031801306303870e-14,2.071460468251117001e-14,2.965177172160433631e-14,3.852157309460341551e-14,1.750161527650079038e-14,1.901470305553189949e-14,2.057717742073425210e-14,2.149075022282316195e-14,2.292345588668054855e-14,2.032108226922108944e-14,2.079694039356777233e-14,1.778384792333939575e-14,1.795978025303423680e-14,2.356344021607613497e-14,3.301157098156282253e-14,5.702458453425166935e-14,1.498519456289556287e-14,1.602555033370370214e-14,1.765307952862663594e-14,1.873837302966936184e-14,2.062208203235267081e-14,2.046828952738296068e-14,1.818544960502665460e-14,1.669394182831893871e-14,1.769645846022739379e-14,2.044741695457166688e-14,3.021201404881944135e-14,3.778867530830534632e-14,1.465653117167762526e-14,1.450221594224835766e-14,1.570978490064956794e-14,1.775204743358972641e-14,2.015505807093710456e-14,1.840389266709378325e-14,1.899100932271917617e-14,1.939837763818953889e-14,2.032891147918395234e-14,3.019936373852570518e-14,4.611918386301623986e-14,1.188237292786682792e-14,1.359636518358290661e-14,1.727658475556957367e-14,1.751369578410488481e-14,2.034317100371729738e-14,1.821203178560867710e-14,2.198290501479006813e-14,2.724576356771234257e-14,2.906070053586387740e-14,3.807671510788710872e-14,2.059013935664454292e-14,2.471456238711651477e-14,2.683904441598779739e-14,2.786344924323779885e-14,3.106444188546099771e-14,3.544414017473987004e-14,4.941619275687519250e-14,9.894507879804914058e-14,4.344247258059836873e-14,3.916240616214031491e-14
1.928568822386901163e-14,2.693256111208305325e-14,2.174450210729354074e-14,2.170772960410002714e-14,2.366783156904877177e-14,2.159198840040916749e-14,2.058586967589566659e-14,2.368424515575990963e-14,1.815255261287143775e-14,1.801265022195436473e-14,1.558234382103470073e-14,2.027577592942503857e-14,1.950259637585915717e-14,2.211774182974788875e-14,2.138563653329816984e-14,2.434816438915383862e-14,2.161720384409416168e-14,1.872470613159829966e-14,1.972967001886311987e-14,1.905632364145360769e-14,2.085124941251654977e-14,2.985184586489561957e-14,3.878658051677337741e-14,1.762023349101525661e-14,1.914934383840553282e-14,2.071629829551702310e-14,2.163801089593398191e-14,2.308523985117661091e-14,2.046089461181638400e-14,2.093681959626886635e-14,1.791208188843162956e-14,1.808801004811432448e-14,2.374837720453331390e-14,3.325238679187952553e-14,5.739505193724215935e-14,1.509427670826017379e-14,1.614079678144066797e-14,1.778789328091575373e-14,1.890256261653282020e-14,2.080972345642769488e-14,2.061730647373562122e-14,1.831746101963227473e-14,1.681088643579893501e-14,1.782660027778020670e-14,2.061928556084263029e-14,3.049708199327474403e-14,3.813252767036136616e-14,1.476644066128306971e-14,1.460633488012147585e-14,1.583131513998963154e-14,1.789033393324670678e-14,2.030907651568913360e-14,1.853879097401856855e-14,1.913601817087843450e-14,1.954438362042866151e-14,2.047953377205173749e-14,3.044102204006080521e-14,4.654351885830344146e-14,1.196948517620096544e-14,1.370019932673914698e-14,1.742224232432636884e-14,1.765096469431890056e-14,2.051054243433974249e-14,1.835089025198337405e-14,2.215604464869651242e-14,2.750087045030279858e-14,2.929022013283241817e-14,3.837248658083289382e-14,2.075499902208828442e-14,2.497406242283023467e-14,2.711748561392576826e-14,2.813831399166973726e-14,3.143406131481408442e-14,3.574939359243055247e-14,4.976550443022701737e-14,9.772348376471216579e-14,4.395428562938363276e-14,3.958372979910991013e-14
1.940363403317839176e-14,2.708681218321266212e-14,2.187068211102956233e-14,2.183642017801180143e-14,2.380608755586280233e-14,2.172163185673896337e-14,2.071594304416554902e-14,2.383811004678157405e-14,1.827332133993620230e-14,1.812683739118075182e-14,1.567999131646572405e-14,2.039462540034120037e-14,1.962053973405628330e-14,2.224884314088868324e-14,2.151467268405245983e-14,2.449694920298240221e-14,2.176359751311921058e-14,1.884463959370742315e-14,1.985630440860100688e-14,1.917401931944953684e-14,2.097872283816250838e-14,3.003907322618510203e-14,3.903520973394747847e-14,1.773130073103309370e-14,1.927612289296345697e-14,2.084652035437543053e-14,2.177609730533284041e-14,2.323751575929476126e-14,2.059206597152516088e-14,2.106766011083005723e-14,1.803309374397551960e-14,1.820887461311568933e-14,2.392453383535841024e-14,3.347995224784508487e-14,5.773991671218428593e-14,1.519732997860810106e-14,1.624951766884462825e-14,1.791594085785292536e-14,1.906054145146645301e-14,2.099080803094182612e-14,2.075809066079415368e-14,1.844213631756035162e-14,1.692085547012678989e-14,1.794969528982696635e-14,2.078406557750947552e-14,3.077292740387243709e-14,3.846436954210269925e-14,1.487062719374586472e-14,1.470453870710180229e-14,1.594690289182905124e-14,1.802195358186317612e-14,2.045537516416935232e-14,1.866633658737408019e-14,1.927374706235642869e-14,1.968284393737013993e-14,2.062212187678005396e-14,3.067165262184957517e-14,4.695337652657701340e-14,1.205185082385289866e-14,1.379882170948595392e-14,1.756192930516416699e-14,1.778169758488799816e-14,2.067069871830762420e-14,1.848275687954736696e-14,2.232102264622529139e-14,2.774758775014739287e-14,2.950898184090862793e-14,3.865391918591376453e-14,2.091234529384345178e-14,2.522688876169449395e-14,2.738857778936726041e-14,2.840509195694069238e-14,3.179644513804753168e-14,3.604267870299017806e-14,5.009436074897974728e-14,9.645825033917714491e-14,4.445586170445947905e-14,3.999473829401222767e-14
1.951314401719204237e-14,2.722863512168014191e-14,2.198693294431796226e-14,2.195537028552185829e-14,2.393359317926368855e-14,2.184168663534018990e-14,2.083725517652511956e-14,2.398213047187172610e-14,1.838669747633374610e-14,1.823337940509132621e-14,1.577096014747793375e-14,2.050429067627521812e-14,1.972987342119199628e-14,2.237001720929396189e-14,2.163424954763742957e-14,2.463507705258544832e-14,2.190132303991970197e-14,1.895669500811511693e-14,1.997465280657072930e-14,1.928344765984492437e-14,2.109707318266107996e-14,3.021351721072304549e-14,3.926753606194800503e-14,1.783485354611208645e-14,1.939507060958550143e-14,2.096788704159053267e-14,2.190505196069090892e-14,2.338032128429906732e-14,2.071463565370669103e-14,2.118950687482443784e-14,1.814690765841949677e-14,1.832240072775459219e-14,2.409190977212963718e-14,3.369430729381256350e-14,5.805931936487516378e-14,1.529437272126011889e-14,1.635173532432578286e-14,1.803723060158613237e-14,1.921226345247986520e-14,2.116526432814235120e-14,2.089066721631274069e-14,1.855949852889965796e-14,1.702387775569453173e-14,1.806576256721945134e-14,2.094172735925511501e-14,3.103941408229059104e-14,3.878407044481400065e-14,1.496910208897210855e-14,1.479684792722926984e-14,1.605655198366176827e-14,1.814690850468342454e-14,2.059396338044842014e-14,1.878655025435661599e-14,1.940420505164905053e-14,1.981377251394608148e-14,2.075669546519405254e-14,3.089124388633676653e-14,4.734858339203264776e-14,1.212948313409910217e-14,1.389223870536465385e-14,1.769561937767570605e-14,1.790589455578794062e-14,2.082362007986184020e-14,1.860764078927634261e-14,2.247783721229915614e-14,2.798579890652798008e-14,2.971698195231518764e-14,3.892101993658410836e-14,2.106216893854361587e-14,2.547284044094202998e-14,2.765211484615098701e-14,2.866361809931245692e-14,3.215117495705839179e-14,3.632392404091541672e-14,5.040284271263967325e-14,9.515341542606417963e-14,4.494663621383128767e-14,4.039507164215733340e-14
1.961436498842368174e-14,2.735825101915981797e-14,2.209343070729532375e-14,2.206475201286639619e-14,2.405053885322021692e-14,2.195232121813231096e-14,2.094995512754175976e-14,2.411646944832974687e-14,1.849279964920459266e-14,1.833240587031880708e-14,1.585536459946037151e-14,2.060493425521779912e-14,1.983074819202910976e-14,2.248143918380059820e-14,2.174453289273450766e-14,2.476273359104689583e-14,2.203051585686770515e-14,1.906100467854514983e-14,2.008485410822646380e-14,1.938475167495489193e-14,2.120645928831945213e-14,3.037539685194676937e-14,3.948383398975925085e-14,1.793102000568853124e-14,1.950631352869771981e-14,2.108054964845355240e-14,2.202502885459421772e-14,2.351381032231046721e-14,2.082874804722661221e-14,2.130251425956882119e-14,1.825363644897325452e-14,1.842870539668021109e-14,2.425061440206099756e-14,3.389565498934383256e-14,5.835370982594981908e-14,1.538549742434680434e-14,1.644755212432885294e-14,1.815185489547835738e-14,1.935776193027041803e-14,2.133310537180222226e-14,2.101516253114799459e-14,1.866966085561034758e-14,1.712006723679956078e-14,1.817490802562388060e-14,2.109233111149470201e-14,3.129652542749414131e-14,3.909165449733871391e-14,1.506194747380702280e-14,1.488335557468271199e-14,1.616034024636564619e-14,1.826528398066737725e-14,2.072494643817276928e-14,1.889954327873100092e-14,1.952749161883214529e-14,1.993727672224461793e-14,2.088337338583108641e-14,3.109992263154249229e-14,4.772915277982946092e-14,1.220245378574564417e-14,1.398052141282364239e-14,1.782336193972603553e-14,1.802363733510634874e-14,2.096937778842271795e-14,1.872563791935004398e-14,2.262658860242973200e-14,2.821549600339072157e-14,2.991435139061289719e-14,3.917397467240860471e-14,2.120455556028157363e-14,2.571180408878943957e-14,2.790798712209001503e-14,2.891383287114163889e-14,3.249792631945539073e-14,3.659321068530930639e-14,5.069128225659216111e-14,9.381340886141215083e-14,4.542617780256501171e-14,4.078450703996407872e-14
1.970755972165130947e-14,2.747604928110324857e-14,2.219048632359751385e-14,2.216487033421703812e-14,2.415726121926329758e-14,2.205383530378264986e-14,2.105431340700299803e-14,2.424142743379186783e-14,1.859185027905317848e-14,1.842415243353003005e-14,1.593341133327938082e-14,2.069684365876748984e-14,1.992343282325909588e-14,2.258341973979657141e-14,2.184581816567905225e-14,2.488025103359926718e-14,2.215143372659135533e-14,1.915781049065554844e-14,2.018716252957545871e-14,1.947818834078385379e-14,2.130716545050802357e-14,3.052510801766606103e-14,3.968460477560884238e-14,1.802003221088678129e-14,1.961008805044770644e-14,2.118478207467872446e-14,2.213630889578548811e-14,2.363826951045252051e-14,2.093466721920257635e-14,2.140696097777872713e-14,1.835349443837261226e-14,1.852800881390223113e-14,2.440088417143963866e-14,3.408438540556404826e-14,5.862388629233592405e-14,1.547088154834041649e-14,1.653716207637954922e-14,1.826000307449620773e-14,1.949716384040705062e-14,2.149444452077691423e-14,2.113181908053738592e-14,1.877283983513970648e-14,1.720963499765089158e-14,1.827733726562503442e-14,2.123604223174952372e-14,3.154438795639265521e-14,3.938732937274164142e-14,1.514932695260507760e-14,1.496423769310486106e-14,1.625843104004746104e-14,1.837726148594705245e-14,2.084854025733247800e-14,1.900553086415455731e-14,1.964381055542549096e-14,2.005357151977867827e-14,2.100238843311564674e-14,3.129797635602137181e-14,4.809532024357000726e-14,1.227090149618880431e-14,1.406381558029117470e-14,1.794529506319632559e-14,1.813510213785208992e-14,2.110814932293029303e-14,1.883694433849013558e-14,2.276749531290715925e-14,2.843680093782530765e-14,3.010137711071615216e-14,3.941317592242467005e-14,2.133969985985570872e-14,2.594377398916342720e-14,2.815620307170045013e-14,2.915580426878293139e-14,3.283649532451960053e-14,3.685079898521604313e-14,5.096029658743183809e-14,9.244305190997588893e-14,4.589422524017311745e-14,4.116298766742845068e-14
1.979312244866040178e-14,2.758260897125766805e-14,2.227856289604519173e-14,2.225618061723466483e-14,2.425426199662026768e-14,2.214667707626974590e-14,2.115073860734057443e-14,2.435746158973929182e-14,1.868419046192099179e-14,1.850897538720767034e-14,1.600541197038976387e-14,2.078044760228622846e-14,2.000832974807030808e-14,2.267642271092953659e-14,2.193854759487359247e-14,2.498812767074809934e-14,2.226447452035288612e-14,1.924747909313816865e-14,2.028196360546338840e-14,1.956414392008349867e-14,2.139961814111012132e-14,3.066324746389539309e-14,3.987060775207523197e-14,1.810224053566860811e-14,1.970675609015024396e-14,2.128099753949296334e-14,2.223931742058093129e-14,2.375413706620651425e-14,2.103279349724922792e-14,2.150326694942402761e-14,1.844681218672873353e-14,1.862064919252687166e-14,2.454310272292912129e-14,3.426110306355197951e-14,5.887104218432292406e-14,1.555079999463375336e-14,1.662086409012717395e-14,1.836197634843916228e-14,1.963070656677563328e-14,2.164951428093170808e-14,2.124101242454460594e-14,1.886937043706125243e-14,1.729290297267939534e-14,1.837337033009447926e-14,2.137314929138221757e-14,3.178329942554162211e-14,3.967152087504500730e-14,1.523149792118665849e-14,1.503976534511616005e-14,1.635108660353437555e-14,1.848313381511467389e-14,2.096508844201377131e-14,1.910484744152689401e-14,1.975348601499409515e-14,2.016299575574425599e-14,2.111410433642695282e-14,3.148587929815116927e-14,4.844758602334374822e-14,1.233504195287347220e-14,1.414235311327631385e-14,1.806166071020064834e-14,1.824057463332721222e-14,2.124023609777149763e-14,1.894187163115851322e-14,2.290091289153830429e-14,2.864999068641470589e-14,3.027852701909668634e-14,3.963925525896148710e-14,2.146792467720601592e-14,2.616887627400337998e-14,2.839691543564662138e-14,2.938975427773747275e-14,3.316683134112026290e-14,3.709716012745040735e-14,5.121082960851340504e-14,9.104756739709654079e-14,4.635073325580708114e-14,4.153066520149766910e-14
1.987159714222801557e-14,2.767872381482528185e-14,2.235829601937722230e-14,2.233930886011580234e-14,2.434223021747760729e-14,2.223146350436087546e-14,2.123979712062498437e-14,2.446520866008124326e-14,1.877029762417380484e-14,1.858736892447545397e-14,1.607179795638343182e-14,2.085633503109031711e-14,2.008599339001656904e-14,2.276108591969084461e-14,2.202333041555413809e-14,2.508705098845474089e-14,2.237019737897013518e-14,1.933051988696800760e-14,2.036979316395457731e-14,1.964315208364484595e-14,2.148440579456431522e-14,3.079064142386863883e-14,4.004289770064424489e-14,1.817813042611615549e-14,1.979682367051169998e-14,2.136976838829387731e-14,2.233464497801264902e-14,2.386202519402011901e-14,2.112368314895073645e-14,2.159201329443393608e-14,1.853405399456649013e-14,1.870710037519948295e-14,2.467782489971425470e-14,3.442665961826064696e-14,5.909682001959622639e-14,1.562563989788664602e-14,1.669907772456692679e-14,1.845820557545468664e-14,1.975875795201599439e-14,2.179868872481560007e-14,2.134327143864441348e-14,1.895972400784774096e-14,1.737032019389418363e-14,1.846345925293873860e-14,2.150408548983296773e-14,3.201376219764219432e-14,3.994491385142484232e-14,1.530882620945436839e-14,1.511031884701066128e-14,1.643868395122788645e-14,1.858332310349135266e-14,2.107508258838180056e-14,1.919796489953604247e-14,1.985698163717460077e-14,2.026603159288353411e-14,2.121903598913364307e-14,3.166432344881578442e-14,4.878676529218328280e-14,1.239517951853293297e-14,1.421646575359850777e-14,1.817282288942819694e-14,1.834046777530635493e-14,2.136608460791737983e-14,1.904086522364603206e-14,2.302735636482507107e-14,2.885552727060733003e-14,3.044647964720298967e-14,3.985312205066719316e-14,2.158970321788802290e-14,2.638739768284977266e-14,2.863045228282775791e-14,2.961609031144694400e-14,3.348907542485979682e-14,3.733301374220750467e-14,5.144419992203422066e-14,8.963258570890171204e-14,4.679592566477556662e-14,4.188795301178719243e-14
1.994369907928510072e-14,2.776543142804535588e-14,2.243051756713620015e-14,2.241507545071266542e-14,2.442206817825885303e-14,2.230900449211615666e-14,2.132223634685512771e-14,2.456551196373856637e-14,1.885080648468980626e-14,1.865998548298170701e-14,1.613313808655147684e-14,2.092527737185527658e-14,2.015715202941711009e-14,2.283824552583876416e-14,2.210096656508645334e-14,2.517792476029666321e-14,2.246934777548276016e-14,1.940760625758583449e-14,2.045135971242512283e-14,1.971591521369272611e-14,2.156230201831329920e-14,3.090837930846936458e-14,4.020286896129457382e-14,1.824834249900554594e-14,1.988096292421426829e-14,2.145184940421501733e-14,2.242307182012302423e-14,2.396274657382457019e-14,2.120807158335367057e-14,2.167396583527796993e-14,1.861583865883944226e-14,1.878799269872414029e-14,2.480580537996227816e-14,3.458219256949400954e-14,5.930337257165973871e-14,1.569591822278534004e-14,1.677236187386818883e-14,1.854927243951869912e-14,1.988184036231104965e-14,2.194251048421905055e-14,2.143930230432077172e-14,1.904452956226991130e-14,1.744248201904572188e-14,1.854820890713569290e-14,2.162945436711525603e-14,3.223652354695374066e-14,4.020850167501310355e-14,1.538180351647898892e-14,1.517640466928540265e-14,1.652173384230286056e-14,1.867840232955059337e-14,2.117918646460701312e-14,1.928551422970357181e-14,1.995492332476796035e-14,2.036332761096170343e-14,2.131787347637788086e-14,3.183425560199942074e-14,4.911404889557483585e-14,1.245172126395414565e-14,1.428660143079101568e-14,1.827928945159552380e-14,1.843534311625000822e-14,2.148631173771109479e-14,1.913452621349811891e-14,2.314752699902951631e-14,2.905409395572553630e-14,3.060615957646685807e-14,4.005600955912922450e-14,2.170567651312038068e-14,2.659982061166933133e-14,2.885735466633104044e-14,2.983544345653364310e-14,3.380360732071217647e-14,3.755937303125333019e-14,5.166215651117221807e-14,8.820416802914011757e-14,4.723036082751774268e-14,4.223555184782161053e-14
2.001034105937455939e-14,2.784404901643209364e-14,2.249628454086377938e-14,2.248452444920020899e-14,2.449492300349583583e-14,2.238033176451213787e-14,2.139901308420733919e-14,2.465945446107238972e-14,1.892653462952557458e-14,1.872766061689155452e-14,1.619015992027110427e-14,2.098825561197020613e-14,2.022273397906538720e-14,2.290896570791360685e-14,2.217247559701590104e-14,2.526190214536453120e-14,2.256288825159083230e-14,1.947960154826360371e-14,2.052757183195351508e-14,1.978333042781018550e-14,2.163429394376830496e-14,3.101785460205485455e-14,4.035230905549880752e-14,1.831369660852502100e-14,1.996003904753645226e-14,2.152820631212355073e-14,2.250559787073931639e-14,2.405734680744138025e-14,2.128690174715896569e-14,2.175010383348538692e-14,1.869296491454655708e-14,1.886413855910314163e-14,2.492803386863233272e-14,3.472917276827894822e-14,5.949344226338392557e-14,1.576230329281622787e-14,1.684143766040092180e-14,1.863593544927152293e-14,2.000066029191920019e-14,2.208172396540791710e-14,2.153001793308161799e-14,1.912459988630290714e-14,1.751015366739902944e-14,1.862840257314903873e-14,2.175006142916019012e-14,3.245262525510143944e-14,4.046364711574085638e-14,1.545106879948372826e-14,1.523867613562516206e-14,1.660090406903902511e-14,1.876912172596484124e-14,2.127826570596574967e-14,1.936831207387393161e-14,2.004812721232426342e-14,2.045572716741762883e-14,2.141151155896459129e-14,3.199692292147657835e-14,4.943107804727636357e-14,1.250519408003513511e-14,1.435334426779360246e-14,1.838173883938429939e-14,1.852593693081047767e-14,2.160173588376301857e-14,1.922363817016177215e-14,2.326234518985728156e-14,2.924663979600354932e-14,3.075878098537214421e-14,4.024953144714109829e-14,2.181669214913077579e-14,2.680686583905850165e-14,2.907842286431902999e-14,3.004871510037061611e-14,3.411110304907858630e-14,3.777760028713233828e-14,5.186695007521458439e-14,8.676884055769835588e-14,4.765501175165415233e-14,4.257454874229337660e-14
2.007266593230421969e-14,2.791621774268120437e-14,2.255691493778294493e-14,2.254895978984566284e-14,2.456222577149588847e-14,2.244673511817493170e-14,2.147132881701591549e-14,2.474839985896869020e-14,1.899851432368704472e-14,1.879144390103395999e-14,1.624377638903264088e-14,2.104649387682640887e-14,2.028390045459736109e-14,2.297457551166378368e-14,2.223913259263713840e-14,2.534042680004176037e-14,2.265203665639701920e-14,1.954759135618886223e-14,2.059957223994294639e-14,1.984652191326222555e-14,2.170161746433729044e-14,3.112081582008733545e-14,4.049346566817034959e-14,1.837522204481187645e-14,2.003514382721517673e-14,2.160005121046236024e-14,2.258347998590674897e-14,2.414714476454612935e-14,2.136135942932199592e-14,2.182165570213254076e-14,1.876644308351466715e-14,1.893656421239791413e-14,2.504577887688664438e-14,3.486946352371832681e-14,5.967045729020743669e-14,1.582564156237269426e-14,1.690721691363519569e-14,1.871916228538183692e-14,2.011614514613114389e-14,2.221731658793501232e-14,2.161657457419798020e-14,1.920096401171367526e-14,1.757429949104073011e-14,1.870503375009341008e-14,2.186695346629111073e-14,3.266346512593449717e-14,4.071215809940173777e-14,1.551743487970715048e-14,1.529795917160270814e-14,1.667704843018305456e-14,1.885644163677764647e-14,2.137342476050283576e-14,1.944739375229311686e-14,2.013763446392504665e-14,2.054430368377160226e-14,2.150108635833695178e-14,3.215392960501207501e-14,4.974003718730126194e-14,1.255626601931863790e-14,1.441743946968787489e-14,1.848105333098598641e-14,1.861319270135923114e-14,2.171341565779133788e-14,1.930920047995598845e-14,2.337299137971722821e-14,2.943443490803030152e-14,3.090590182063257851e-14,4.043575208420610261e-14,2.192384141202122320e-14,2.700954558168387060e-14,2.929477360369943528e-14,3.025713494356184283e-14,3.441260594951264926e-14,3.798947585546391148e-14,5.206142022794909987e-14,8.533364916551298309e-14,4.807136497185820536e-14,4.290649362419348410e-14
2.013208794229548238e-14,2.798395879822086451e-14,2.261403333777493318e-14,2.260999117663044947e-14,2.462574124357108640e-14,2.250980829305105360e-14,2.154067454657932457e-14,2.483404483625951568e-14,1.906803291906722109e-14,1.885263820014212250e-14,1.629511959702815161e-14,2.110150210496103643e-14,2.034208712894192897e-14,2.303671564816054532e-14,2.230251377328567243e-14,2.541528511384466089e-14,2.273831469842695144e-14,1.961292454684217399e-14,2.066878105161726462e-14,1.990688199867648722e-14,2.176580197042521657e-14,3.121943126949187409e-14,4.062913163224801977e-14,1.843419579290160122e-14,2.010763821138163920e-14,2.166888757585950163e-14,2.265827928309359257e-14,2.423378382562691803e-14,2.143291810820690964e-14,2.189014437610494363e-14,1.883753525377422501e-14,1.900655015029520787e-14,2.516064324407367255e-14,3.500539564993111154e-14,5.983865417915546427e-14,1.588699161062046073e-14,1.697083832190507047e-14,1.880017083284580803e-14,2.022948977667076058e-14,2.235057091285144864e-14,2.170041828768826877e-14,1.927490843917790216e-14,1.763612014200875135e-14,1.877934652977626562e-14,2.198146834422319102e-14,3.287087470092830622e-14,4.095638327827916396e-14,1.558192220624283949e-14,1.535528498973358155e-14,1.675124347313765617e-14,1.894157418404935229e-14,2.146605376197062455e-14,1.952405518660360558e-14,2.022475541752733772e-14,2.063040542038602665e-14,2.158802191617069457e-14,3.230730873448882071e-14,5.004377126545988937e-14,1.260577333061812450e-14,1.447982489778064573e-14,1.857836114467584661e-14,1.869830232437685404e-14,2.182269892217633667e-14,1.939247064619401279e-14,2.348095794331844676e-14,2.961914029633488702e-14,3.104949249295190403e-14,4.061727577978648017e-14,2.202850992194743754e-14,2.720923024865425036e-14,2.950791219439750580e-14,3.046233410985315963e-14,3.470961579019463341e-14,3.819728547118528749e-14,5.224910642559896687e-14,8.390623985692316250e-14,4.848154462876398125e-14,4.323351585607290254e-14
2.019034636433475386e-14,2.804974612916543346e-14,2.266963005233126218e-14,2.266959343533160025e-14,2.468763235565776598e-14,2.257150871519919927e-14,2.160888883392457215e-14,2.491848660985005546e-14,1.913668516488363418e-14,1.891285049075922612e-14,1.634558457547578569e-14,2.115513137140299151e-14,2.039905824534649465e-14,2.309739919578807473e-14,2.236455564127657799e-14,2.548867389566518030e-14,2.282361074691808372e-14,1.967726637536965255e-14,2.073695179932223114e-14,1.996612436209284119e-14,2.182872829302559744e-14,3.131637305965909133e-14,4.076275513047616496e-14,1.849219232839490788e-14,2.017920740420550550e-14,2.173656856822029979e-14,2.273192244059145237e-14,2.431929819754198288e-14,2.150339700510434387e-14,2.195744607035024416e-14,1.890780724111233369e-14,1.907568333432519040e-14,2.527463581896240572e-14,3.513986462302458558e-14,6.000323489797736507e-14,1.594766809262548628e-14,1.703371419454905761e-14,1.888048217888595395e-14,2.034221634848804879e-14,2.248313162485550539e-14,2.178334505141849039e-14,1.934803045436714706e-14,1.769710068030411006e-14,1.885288779548454180e-14,2.209529915708820325e-14,3.307721885331508709e-14,4.119933474874102729e-14,1.564580244319409771e-14,1.541193236350580507e-14,1.682483592458351991e-14,1.902603704827285606e-14,2.155788906416799699e-14,1.959990709913905057e-14,2.031112660060800013e-14,2.071571333006876275e-14,2.167409039285192885e-14,3.245961494659327855e-14,5.034593619769031712e-14,1.265475541470032574e-14,1.454167185259292974e-14,1.867509062220136940e-14,1.878275927226615133e-14,2.193128599164506349e-14,1.947501892674481445e-14,2.358811616842971901e-14,2.980289756111429958e-14,3.119202460461528981e-14,4.079736192627439336e-14,2.213243637639208729e-14,2.740773383167096463e-14,2.971982461679030343e-14,3.066643890089284303e-14,3.500420186508604497e-14,3.840393247641154548e-14,5.243439029012313842e-14,8.249497609299440475e-14,4.888847005236591671e-14,4.355844642958937253e-14
2.024957651094292644e-14,2.811660324292497986e-14,2.272613948932498181e-14,2.273018534127342613e-14,2.475054598320224651e-14,2.263423653516762564e-14,2.167823484797025729e-14,2.500431271178737791e-14,1.920644243826324788e-14,1.897405935869578714e-14,1.639688730907640656e-14,2.120964749488903555e-14,2.045697821784240871e-14,2.315909219874328009e-14,2.242763347660782445e-14,2.556329037168070882e-14,2.291026298991841789e-14,1.974266883853397340e-14,2.080624566796753222e-14,2.002635462628967719e-14,2.189270573427688740e-14,3.141492838201899301e-14,4.089858571661430071e-14,1.855114933394433000e-14,2.025193379066035489e-14,2.180537434648010143e-14,2.280678297810463985e-14,2.440620085143473713e-14,2.157503809721345453e-14,2.202586829161460836e-14,1.897919733743639860e-14,1.914592631420343799e-14,2.539026615688299816e-14,3.527645930624334087e-14,6.017057662052766378e-14,1.600929988223707626e-14,1.709759228352390694e-14,1.896199057032165507e-14,2.045625304161940018e-14,2.261709355912150736e-14,2.186758028563564695e-14,1.942230862944344611e-14,1.775907423525939491e-14,1.892757621095608097e-14,2.221057869444801029e-14,3.328552730992245341e-14,4.144484968409722581e-14,1.571065609436636749e-14,1.546948350296658798e-14,1.689950525150210005e-14,1.911172443536894991e-14,2.165109324232076563e-14,1.967694668851048249e-14,2.039878603464217449e-14,2.080231751197719271e-14,2.176149164908115516e-14,3.261404710046913207e-14,5.065119714827573118e-14,1.270450095878544084e-14,1.460443890708036240e-14,1.877304169114247722e-14,1.886842882503239125e-14,2.204131295236815913e-14,1.955880047515960839e-14,2.369680467396159514e-14,2.998844677869078020e-14,3.133658818038533113e-14,4.098007755066487045e-14,2.223779565592011017e-14,2.760742563935229926e-14,2.993309879992958531e-14,3.087219372491569026e-14,3.529915134627963874e-14,3.861308660803448391e-14,5.262268482670066037e-14,8.110911334035061365e-14,4.929606227590468636e-14,4.388499894603383689e-14
2.031240508364738355e-14,2.818823351380238714e-14,2.278654560432968543e-14,2.279473623083034631e-14,2.481772820435571185e-14,2.270094034591088899e-14,2.175150361585529905e-14,2.509472098823880243e-14,1.927974533838544096e-14,1.903870543464078797e-14,1.645114261601580559e-14,2.126782991255247772e-14,2.051850744764256123e-14,2.322482205324816536e-14,2.249466682550887733e-14,2.564245285357003447e-14,2.300117060805391691e-14,1.981166506657770488e-14,2.087933102845577384e-14,2.009016514432946873e-14,2.196057538759103417e-14,3.151914823380961573e-14,4.104186922397091971e-14,1.861345542453618545e-14,2.032839462355064610e-14,2.187811579933914497e-14,2.288579020148878705e-14,2.449760114352910743e-14,2.165060928530589612e-14,2.209825443307888200e-14,1.905410832859436525e-14,1.921970979302017223e-14,2.551067059208815025e-14,3.541963370264004782e-14,6.034851649782184949e-14,1.607390782724560035e-14,1.716463860652830110e-14,1.904705685442196581e-14,2.057403849054322028e-14,2.275511822426492993e-14,2.195588519692125690e-14,1.950019718318120282e-14,1.782430737735860102e-14,1.900579451499922052e-14,2.232999169853448841e-14,3.349966730887509143e-14,4.169780381343354327e-14,1.577844947941387471e-14,1.552989893835889831e-14,1.697734721385726178e-14,1.920100175832539886e-14,2.174836180806447486e-14,1.975765348736777987e-14,2.049027375659628377e-14,2.089281931934314104e-14,2.185295960717657697e-14,3.277461102053164345e-14,5.096548986925161929e-14,1.275660982929037905e-14,1.466994375938064914e-14,1.887448070868527382e-14,1.895764160950113920e-14,2.215546244516392771e-14,1.964625168249635013e-14,2.380994718899879667e-14,3.017928208383397169e-14,3.148704759398788434e-14,4.117049993727260922e-14,2.234731421350894470e-14,2.781137656002350346e-14,3.015108304974008166e-14,3.108312248150775739e-14,3.559816140507834961e-14,3.882937993039165355e-14,5.282068972374680342e-14,7.975903519219669137e-14,4.970951187153733044e-14,4.421801531968791150e-14
2.038208249052469309e-14,2.826919807643973335e-14,2.285452610921147293e-14,2.286691185236980158e-14,2.489318469500280547e-14,2.277526216519473075e-14,2.183215693696739140e-14,2.519368603677275435e-14,1.935963192128899461e-14,1.910981682004344253e-14,1.651097179834175662e-14,2.133310920189402762e-14,2.058693332983706435e-14,2.329832743676458219e-14,2.256926536720020964e-14,2.573026810742574989e-14,2.309994728880542387e-14,1.988739950551072568e-14,2.095952086283927535e-14,2.016076602232712424e-14,2.203585343187966965e-14,3.163405352509829041e-14,4.119911614594815194e-14,1.868207066032501558e-14,2.041179673417839573e-14,2.195827787014290167e-14,2.297257977710346831e-14,2.459736750595752926e-14,2.173354708116818117e-14,2.217812856080729737e-14,1.913553433825246519e-14,1.930006022417790423e-14,2.563978613512064520e-14,3.557494467723538305e-14,6.054674788275521028e-14,1.614401233900781629e-14,1.723755144682960111e-14,1.913863701838244728e-14,2.069866516614946424e-14,2.290059392472935614e-14,2.205170345742155837e-14,1.958475597312665719e-14,1.789561773593296282e-14,1.909051660159603508e-14,2.245692920970402135e-14,3.372458243950349310e-14,4.196440183071596044e-14,1.585164083481692313e-14,1.559562053281186224e-14,1.706098866948040475e-14,1.929683588401252419e-14,2.185307031732379793e-14,1.984512146759524415e-14,2.058877024386507551e-14,2.099047204298215070e-14,2.195190884634062492e-14,3.294634469338119784e-14,5.129637813493891323e-14,1.281307708762411274e-14,1.474046246484751009e-14,1.898227141980164531e-14,1.905332293784348425e-14,2.227711613786695728e-14,1.974042276627702864e-14,2.393121484148757170e-14,3.037986587420829477e-14,3.164825691079550885e-14,4.137499733226286890e-14,2.246443211773611128e-14,2.802355901736903836e-14,3.037810488557813589e-14,3.130374921844379204e-14,3.590610375311974722e-14,3.905867860663437477e-14,5.303674313970255199e-14,7.845658905216655413e-14,5.013564621146588143e-14,4.456380762147589632e-14
2.046267264260474966e-14,2.836516917721177304e-14,2.293465662595868376e-14,2.295127644814480261e-14,2.498191051506385239e-14,2.286174693695783142e-14,2.192453058602232627e-14,2.530619639295317333e-14,1.944992071944316220e-14,1.919118725465847357e-14,1.657965510080936438e-14,2.140976331580957602e-14,2.066635841318824082e-14,2.338427167476290838e-14,2.265593638169291223e-14,2.583187000680094639e-14,2.321113957057172024e-14,1.997381265824286652e-14,2.105096794174573829e-14,2.024217115470992827e-14,2.212293503955448905e-14,3.176593439112492339e-14,4.137849194703152710e-14,1.876070060854705589e-14,2.050616774179475765e-14,2.205022328421619233e-14,2.307170791597749562e-14,2.471035912625664006e-14,2.182815942951714632e-14,2.226990133159802374e-14,1.922724067883462712e-14,1.939078076232919522e-14,2.578259820375529112e-14,3.574939211153976469e-14,6.077738420043083637e-14,1.622278637557043808e-14,1.731972277063355631e-14,1.924046440364883535e-14,2.083408290874689424e-14,2.305786350300423604e-14,2.215936964564901111e-14,1.967983486829830481e-14,1.797654064934953597e-14,1.918548768317674573e-14,2.259570797645202479e-14,3.396663356675112176e-14,4.225259662569322742e-14,1.593333031794760603e-14,1.566971717233000152e-14,1.715375004060649669e-14,1.940297977745978075e-14,2.196948337252733676e-14,1.994324643950512925e-14,2.069829287110982238e-14,2.109938064626945389e-14,2.206264289468365511e-14,3.313563998017333855e-14,5.165357236296570687e-14,1.287640862288349248e-14,1.481887012759507875e-14,1.910006125743075612e-14,1.915917695144146543e-14,2.241057142444236345e-14,1.984516581564543864e-14,2.406525710346965384e-14,3.059593489844181677e-14,3.182636762308112280e-14,4.160163223365111204e-14,2.259352115830083005e-14,2.824913530925083359e-14,3.061978336388529865e-14,3.153991710799421828e-14,3.622940374772290793e-14,3.930847105462927654e-14,5.328132035187413641e-14,7.721563042960611613e-14,5.058346003255209219e-14,4.493070124961493723e-14
2.055926971114938626e-14,2.848326349065072806e-14,2.303269031183902479e-14,2.305357467160246242e-14,2.509014143203406683e-14,2.296610927661895054e-14,2.203405920759617189e-14,2.543850639808116914e-14,1.955541680397435613e-14,1.928757406350656602e-14,1.666131051911165354e-14,2.150313517752650165e-14,2.076194858224546803e-14,2.348848467632837408e-14,2.276032000083701439e-14,2.595367728500728495e-14,2.334046364114335918e-14,2.007585386614169227e-14,2.115888547188323993e-14,2.033941127652834017e-14,2.222731933665388255e-14,3.192267178301347368e-14,4.159022507980046854e-14,1.885401507601244651e-14,2.061657242462890959e-14,2.215942184616434246e-14,2.318888847741546280e-14,2.484267421260488918e-14,2.193985043877621883e-14,2.237909829885665955e-14,1.933396843505153546e-14,1.949665779668674117e-14,2.594539545480820813e-14,3.595173101235162903e-14,6.105548410952395826e-14,1.631422785593595391e-14,1.741542746248146880e-14,1.935725472949487606e-14,2.098531254156260935e-14,2.323245164648230314e-14,2.228433839843392397e-14,1.979028303799554510e-14,1.807152428342593048e-14,1.929542928154815509e-14,2.275179915180616054e-14,3.423389287931442553e-14,4.257248922447579977e-14,1.602743296632486315e-14,1.575605910516117616e-14,1.725983238121388874e-14,1.952417797131140753e-14,2.210298023225844255e-14,2.005693665732718570e-14,2.082391223741432456e-14,2.122472155858179099e-14,2.219058273795540868e-14,3.335053942592159255e-14,5.204936675030521200e-14,1.294979306439201818e-14,1.490880249409666428e-14,1.923247780204355293e-14,1.927988574911575415e-14,2.256126853941385362e-14,1.996534462359471715e-14,2.421794375182712428e-14,3.083477445221429145e-14,3.202911702100744621e-14,4.186053269466456741e-14,2.274004195817794417e-14,2.849474812329917778e-14,3.088331244116138634e-14,3.179911322140955514e-14,3.657633372996818938e-14,3.958819898691580238e-14,5.356752003753300236e-14,7.605200930009846517e-14,5.106446805822330145e-14,4.532901728667327852e-14
2.067844756449450210e-14,2.863257698858775446e-14,2.315599537859824863e-14,2.318117332373846128e-14,2.522590311348757081e-14,2.309569048655105783e-14,2.216777443145592808e-14,2.559870614470741277e-14,1.968234979601144123e-14,1.940513295943096790e-14,1.676125706298499313e-14,2.162011218827380252e-14,2.088033836678188522e-14,2.361846866210436459e-14,2.288968506458149657e-14,2.610395870488073380e-14,2.349533380340959727e-14,2.019992562796600819e-14,2.129002119801882254e-14,2.045898365052025724e-14,2.235610989967342611e-14,3.211443575223692518e-14,4.184757825366817028e-14,1.896803067918614933e-14,2.074957619642228911e-14,2.229294254624721281e-14,2.333150794730506963e-14,2.500220475884039480e-14,2.207561719880849116e-14,2.251286196197041597e-14,1.946186871714225777e-14,1.962389731425249328e-14,2.613636189189547480e-14,3.619338262135256982e-14,6.140059105059246125e-14,1.642352667407831491e-14,1.753020653235065518e-14,1.949514715198937801e-14,2.115895263750949110e-14,2.343163575897642757e-14,2.243369179869451405e-14,1.992239444619622776e-14,1.818632624963912425e-14,1.942647365380841972e-14,2.293237046064195829e-14,3.453702847623285680e-14,4.293742171817298074e-14,1.613903729522576424e-14,1.585965960112464379e-14,1.738470530305688580e-14,1.966661567054746164e-14,2.226056991117586143e-14,2.019256781416328311e-14,2.097223315860045329e-14,2.137323223072559584e-14,2.234277428727694050e-14,3.360156419940689581e-14,5.250008922316269803e-14,1.303734080153731913e-14,1.501498940115468565e-14,1.938558766589965321e-14,1.942155851624932400e-14,2.273632767907226608e-14,2.010729194026074756e-14,2.439692342780553630e-14,3.110597658069040600e-14,3.226661158768106176e-14,4.216496913966198125e-14,2.291121617572916294e-14,2.876919381963364993e-14,3.117821308969581925e-14,3.209119386342734349e-14,3.695800749168992155e-14,3.991032269374105052e-14,5.391241155863968398e-14,7.498579619490321120e-14,5.159430305491880420e-14,4.577293855786928482e-14
2.082879292570556670e-14,2.882502779219980108e-14,2.331418106067461366e-14,2.334368944089720285e-14,2.539967940216321940e-14,2.326006944813910731e-14,2.233485455039076660e-14,2.579742496676280762e-14,1.983888982014610497e-14,1.955192408504711635e-14,1.688645709328247863e-14,2.176966650140747777e-14,2.103019615774168917e-14,2.378403568336358281e-14,2.305353006658747973e-14,2.629357401383988407e-14,2.368548451072809183e-14,2.035439911180969241e-14,2.145318930443906818e-14,2.060937109280338255e-14,2.251856842492485595e-14,3.235459339584591725e-14,4.216795234760001019e-14,1.911062384257142919e-14,2.091376959001616288e-14,2.246002256063256113e-14,2.350924285854924659e-14,2.519933242501304022e-14,2.224459730790388524e-14,2.268051957345361142e-14,1.961900940943644662e-14,1.978063341199112585e-14,2.636633950817513447e-14,3.648939751773280007e-14,6.183824971319518271e-14,1.655749747541917644e-14,1.767133404703533451e-14,1.966221271697133655e-14,2.136371031105911138e-14,2.366504173311778947e-14,2.261671123956403249e-14,2.008442097008811783e-14,1.832849622909434688e-14,1.958667014769634629e-14,2.314687265195106846e-14,3.489031049834958412e-14,4.336513091071646566e-14,1.627483501218953878e-14,1.598709969880503808e-14,1.753557170633342260e-14,1.983843051864606768e-14,2.245144532986124731e-14,2.035850062533851488e-14,2.115192342803418953e-14,2.155374508603399837e-14,2.252845683954392463e-14,3.390266934785429208e-14,5.302741432626610595e-14,1.314445784557084756e-14,1.514365462703343395e-14,1.956740621893145524e-14,1.959224188970493475e-14,2.294512130960158319e-14,2.027932643596535312e-14,2.461229504524341221e-14,3.142240472332817527e-14,3.255225718813690289e-14,4.253244703018292033e-14,2.311652149217624646e-14,2.908424676775958909e-14,3.151730278534725014e-14,3.242938179618996402e-14,3.738947845274255675e-14,4.029137387942392632e-14,5.433839377854462808e-14,7.404247065282435652e-14,5.219396091483302697e-14,4.628120175455465490e-14
2.102180503360776386e-14,2.907652829209939817e-14,2.352012961666216771e-14,2.355402418700841948e-14,2.562551088736292555e-14,2.347210777677053826e-14,2.254767207627843689e-14,2.604894308568215351e-14,2.003599389929831856e-14,1.973873037277369756e-14,1.704624477697367536e-14,2.196382545167840512e-14,2.122313330586711590e-14,2.399833798398643418e-14,2.326461089181455819e-14,2.653706171143467316e-14,2.392404034433896422e-14,2.055053168910896145e-14,2.166027091605249059e-14,2.080196714287187612e-14,2.272716251505790105e-14,3.266103049785530536e-14,4.257466106634428965e-14,1.929235258058839077e-14,2.112073013233443064e-14,2.267310050531255524e-14,2.373511102290186729e-14,2.544800884847350853e-14,2.245911577476379804e-14,2.289463173420980505e-14,1.981622791091809854e-14,1.997779669521193254e-14,2.664993216280213959e-14,3.685996225561849998e-14,6.240261901648656784e-14,1.672530106510185263e-14,1.784857198652847646e-14,1.986931703790112959e-14,2.161141299438213664e-14,2.394578929070921186e-14,2.284593479585502028e-14,2.028746868104760978e-14,1.850814817212252684e-14,1.978684115359744482e-14,2.340814506640396105e-14,3.531301952002730302e-14,4.387959190661707808e-14,1.644383162091767097e-14,1.614722288117857790e-14,1.772212598760403678e-14,2.005058629164102687e-14,2.268806052119885837e-14,2.056599586113707600e-14,2.137469925553969618e-14,2.177820610181664021e-14,2.276012195731130249e-14,3.427261713186358221e-14,5.366065494535822792e-14,1.327841524298302642e-14,1.530317875726755990e-14,1.978875167112975220e-14,1.980276692911350364e-14,2.320037911661654352e-14,2.049266596977545320e-14,2.487770021934026408e-14,3.180142432449953320e-14,3.290406857902737878e-14,4.298650674677184336e-14,2.336874162707247414e-14,2.945595288336081686e-14,3.191796246149143505e-14,3.283158195063316319e-14,3.789122835000620804e-14,4.075364724616174479e-14,5.487551162774824137e-14,7.325491959262050406e-14,5.289204601857267609e-14,4.687925437270519166e-14
2.127336534910234142e-14,2.940897644910349185e-14,2.379156387768499744e-14,2.382993775903826777e-14,2.592271295964777261e-14,2.374951441041188995e-14,2.282326309855843584e-14,2.637295554057742105e-14,2.028883005971096804e-14,1.998048634111265167e-14,1.725347396546255408e-14,2.221915141387158289e-14,2.147517273642476419e-14,2.427947128748383411e-14,2.354048020697714204e-14,2.685445049923639277e-14,2.422911049953324095e-14,2.080386633771846756e-14,2.192764225298014085e-14,2.105248755897298780e-14,2.299904679120773288e-14,3.305842218079657604e-14,4.309988672059434252e-14,1.952778709166878700e-14,2.138644383139685393e-14,2.294930462187330637e-14,2.402705034907684553e-14,2.576748351616929039e-14,2.273614900937019579e-14,2.317249066790627348e-14,2.006854126492214877e-14,2.023052033547531824e-14,2.700735105228843376e-14,3.733298368154315983e-14,6.314076058320371718e-14,1.693960018457305285e-14,1.807542674033312348e-14,2.013153926172094333e-14,2.191848790073821653e-14,2.429207036949187995e-14,2.313865967355684094e-14,2.054691016904278118e-14,1.873929323791438928e-14,2.004198887745758719e-14,2.373396063840923703e-14,3.583198338990977473e-14,4.451414158614877957e-14,1.665847743204143923e-14,1.635223703880490943e-14,1.795779418281922115e-14,2.031830646963391101e-14,2.298761357098959501e-14,2.083064059262998445e-14,2.165677117815201766e-14,2.206312270952536820e-14,2.305500977783832305e-14,3.473740697525870172e-14,5.444058096126554966e-14,1.344926708206975157e-14,1.550516255842269631e-14,2.006463591720289183e-14,2.006814778379580828e-14,2.351971121031326328e-14,2.076285783706822162e-14,2.521200777556802999e-14,3.226719360796729139e-14,3.334700225248262071e-14,4.355974909951588279e-14,2.368559855368778275e-14,2.990667222019565494e-14,3.240442395149028424e-14,3.332273574133936588e-14,3.849191773176274650e-14,4.132809648271969048e-14,5.556526090591918448e-14,7.266757560402819098e-14,5.372858101386195069e-14,4.760258962634551308e-14
2.160613134533573019e-14,2.985359607489387662e-14,2.415375968293807922e-14,2.419676948859291179e-14,2.631883559063325802e-14,2.411756195001083048e-14,2.318596272727647319e-14,2.679761217883711254e-14,2.061908453140978017e-14,2.029850061224670375e-14,1.752654859651992300e-14,2.255925800292176570e-14,2.180917428894800602e-14,2.465325332105398345e-14,2.390618966438296534e-14,2.727433352987498226e-14,2.462659744162298224e-14,2.113659841703531146e-14,2.227869879463854938e-14,2.138335897281016140e-14,2.335870982476873015e-14,3.358201536419354413e-14,4.378961798665541569e-14,1.983776041484889276e-14,2.173375624526481179e-14,2.331309970014541326e-14,2.441068995937829149e-14,2.618527679284411489e-14,2.309995340145366196e-14,2.353879274229896110e-14,2.039740387512903060e-14,2.056042324817273380e-14,2.746755268534238132e-14,3.794838607258770402e-14,6.411983094321861983e-14,1.721848157637317117e-14,1.837122970034109497e-14,2.047044697201052257e-14,2.230850143695658730e-14,2.473001846249561408e-14,2.351963005167163957e-14,2.088471684855159109e-14,1.904194406188909507e-14,2.037355593186269744e-14,2.414981454573351859e-14,3.648576434491079785e-14,4.531667389763092972e-14,1.693659280905012435e-14,1.661961846711550519e-14,1.826183734783008488e-14,2.066337272111131791e-14,2.337473033195052271e-14,2.117471745891494936e-14,2.202133938621040442e-14,2.243211832460515150e-14,2.343779154809558317e-14,3.533430383153661505e-14,5.542577554938149709e-14,1.367140016994106777e-14,1.576621741999139955e-14,2.041663147656741725e-14,2.040991449356248909e-14,2.392836914443100538e-14,2.111214419154836827e-14,2.564225255801763991e-14,3.285443603149828488e-14,3.391681806785700800e-14,4.429887392871212818e-14,2.409248856256153372e-14,3.046860839723341411e-14,3.301157551252379155e-14,3.393872738127226585e-14,3.923290295673820060e-14,4.205914387174381550e-14,5.646696690296600178e-14,7.234302771767019878e-14,5.476131082829949736e-14,4.850234253796389904e-14
2.205386979628523072e-14,3.045688278866809188e-14,2.464436362603745199e-14,2.469227071600138542e-14,2.685490939538804155e-14,2.461390957098502549e-14,2.367205639213391824e-14,2.736490284338125080e-14,2.105910414227433116e-14,2.072454399666333430e-14,1.789289127435736956e-14,2.301931735724781811e-14,2.225920471251003946e-14,2.515814523433502226e-14,2.439906868821211709e-14,2.783932545538355081e-14,2.515515979610157321e-14,2.158182796439704783e-14,2.274833208422146748e-14,2.182801005508532267e-14,2.384264904486846334e-14,3.428436175527393166e-14,4.471244375513404855e-14,2.025332413111658051e-14,2.219675261183589897e-14,2.380096179353132222e-14,2.492424996873948811e-14,2.674244780614792999e-14,2.358670422496191664e-14,2.403035641599941036e-14,2.083483321828978307e-14,2.099976374370833453e-14,2.807380433795977254e-14,3.876576319223245985e-14,6.543989175998268661e-14,1.758900369853490561e-14,1.876481518655758729e-14,2.091825275844102759e-14,2.281671626506020074e-14,2.529875642893252759e-14,2.402577974580844490e-14,2.133368106464467318e-14,1.944595011897705444e-14,2.081355118864624027e-14,2.469383615684868098e-14,3.733211208853400014e-14,4.635889137703388139e-14,1.730482534520441679e-14,1.697545924523452527e-14,1.866300795813095569e-14,2.111832647112825647e-14,2.388619327410037151e-14,2.163148856329446167e-14,2.250305591975127296e-14,2.292047039734607845e-14,2.394530138367265727e-14,3.611900239111690059e-14,5.670395357753656931e-14,1.396629370155245077e-14,1.611113832702134527e-14,2.087697318229249361e-14,2.086021279735092786e-14,2.446410755066500136e-14,2.157374480764595318e-14,2.620883215134664230e-14,3.361515246574466645e-14,3.466695331172072651e-14,4.527364882874411468e-14,2.462737264332867549e-14,3.119005253158386150e-14,3.379172119076318955e-14,3.473333071583105370e-14,4.017627257498574556e-14,4.301324096115520299e-14,5.766915081200823967e-14,7.237381607107542668e-14,5.607692393165478028e-14,4.965523254925707762e-14
2.266969290757911806e-14,3.129193474792352125e-14,2.532256629815932391e-14,2.537581252236421416e-14,2.759544144942613439e-14,2.529779206259480969e-14,2.433864177749745739e-14,2.814091921921198700e-14,2.165980699114193392e-14,2.130861203133194922e-14,1.839564482840452487e-14,2.365463393634805447e-14,2.287885291699723969e-14,2.585462872895219358e-14,2.507783011078881661e-14,2.861646086836959195e-14,2.587566893797963221e-14,2.219164599518130778e-14,2.339145408483111548e-14,2.243903099524543544e-14,2.450827723093607857e-14,3.524814705882121816e-14,4.597631132315550514e-14,2.082334255336290062e-14,2.282909153470964484e-14,2.447028496581542699e-14,2.562787759463550984e-14,2.750363195283887732e-14,2.425333364906260777e-14,2.470511182392061591e-14,2.143124179810775659e-14,2.159932841819972649e-14,2.889428868592894745e-14,3.987895775030290629e-14,6.725832133809657139e-14,1.809374719136812850e-14,1.930158216000695101e-14,2.152570472209517772e-14,2.349875478768638398e-14,2.606001513555131544e-14,2.471526842312008773e-14,2.194543897299633637e-14,1.999829535007057072e-14,2.141238323515063898e-14,2.542614861716406502e-14,3.846218033626235463e-14,4.775393726669177412e-14,1.780512536019021874e-14,1.746082626696350404e-14,1.920660874830934579e-14,2.173444376275595886e-14,2.457995158789218761e-14,2.225333516553246978e-14,2.315651287827486448e-14,2.358374869421091833e-14,2.463555201929412624e-14,3.717928526534374849e-14,5.841353053321989741e-14,1.436777497657196338e-14,1.657900300668817738e-14,2.149649473000309381e-14,2.146970222511315871e-14,2.518644772911193046e-14,2.219999421792718956e-14,2.697540913881189227e-14,3.463141179841496199e-14,3.568162121490697590e-14,4.659399865281761991e-14,2.535009865686360749e-14,3.214728105123660201e-14,3.482746216729074491e-14,3.579144816006215846e-14,4.142016216109115018e-14,4.429518137004293870e-14,5.931117627476766685e-14,7.290492424572622833e-14,5.781243469410190997e-14,5.118251650343584967e-14
2.354319707519148748e-14,3.248202378890361678e-14,2.628820210950125481e-14,2.634754916589536787e-14,2.864922715390424146e-14,2.626913881873506956e-14,2.528207334745475096e-14,2.923721434900957730e-14,2.250714654972792614e-14,2.213507857621453440e-14,1.910761034860272817e-14,2.455848861069715491e-14,2.375852626548722950e-14,2.684472097157610891e-14,2.604152043592174640e-14,2.971883569027435787e-14,2.689089290909013856e-14,2.305396481802367262e-14,2.430073947895391425e-14,2.330515527196157550e-14,2.545245927544506069e-14,3.661288548038101276e-14,4.776339426852746736e-14,2.163027302634739867e-14,2.372135076656196140e-14,2.541791898077240177e-14,2.662307868267139753e-14,2.857793343086823085e-14,2.519592591166168730e-14,2.566081053917580804e-14,2.227173940892955065e-14,2.244485240893051190e-14,3.004418033669075272e-14,4.144640617784074533e-14,6.984061785302742379e-14,1.880460197734951646e-14,2.005817407632114948e-14,2.237851252424642995e-14,2.444863781588281031e-14,2.711816212178351834e-14,2.568629112191082397e-14,2.280716997506797949e-14,2.077828332979000431e-14,2.225516661749302579e-14,2.644835577747894537e-14,4.003010359842008312e-14,4.969310114590983767e-14,1.850833623865936363e-14,1.814504887515942197e-14,1.996915890578945556e-14,2.259833735676504787e-14,2.555387768664571593e-14,2.312870091756643229e-14,2.407391219263551126e-14,2.451579723990466637e-14,2.560650220993975732e-14,3.866345226488486925e-14,6.078851976637953748e-14,1.493296614216662074e-14,1.723584281049110686e-14,2.236110565178882749e-14,2.232395903997995046e-14,2.619596403309982010e-14,2.307928058351914132e-14,2.804952547380626301e-14,3.604198414724861214e-14,3.710307789499610282e-14,4.844557551481101125e-14,2.636182611901516727e-14,3.346932653973114960e-14,3.625853121643683293e-14,3.725666773680763218e-14,4.313064878980569397e-14,4.608206863285491212e-14,6.162830584469406368e-14,7.418062374014086898e-14,6.019971036735502995e-14,5.328968368712418342e-14
2.484061092863721457e-14,3.425578999212907212e-14,2.772645506479447235e-14,2.779328207974081491e-14,3.021806443670924878e-14,2.771332266798195414e-14,2.668114323452278936e-14,3.086081040277988249e-14,2.376066715938830239e-14,2.336051321253320438e-14,2.016387202425127204e-14,2.590390764080742017e-14,2.506594960339647954e-14,2.831765562549568659e-14,2.747388107131212699e-14,3.135626724659282131e-14,2.839158722022206201e-14,2.433192306567616326e-14,2.564816536408070692e-14,2.459101480577946589e-14,2.685490531338742792e-14,3.863741547408310602e-14,5.041172669137126728e-14,2.282710796820393791e-14,2.504164223001240956e-14,2.682356886921328711e-14,2.809821124694984096e-14,3.016784213125906732e-14,2.659278434516241048e-14,2.707882634519767487e-14,2.351430580959622790e-14,2.369546763401178022e-14,3.173734941879586988e-14,4.376219011565804453e-14,7.367932312956021492e-14,1.985502474114076827e-14,2.117685413329016943e-14,2.363581606077029415e-14,2.584104412187081359e-14,2.866712622771947328e-14,2.712112294884111627e-14,2.408070068327908976e-14,2.193309417125067037e-14,2.349990620568787525e-14,2.794918982236897544e-14,4.232231688148350259e-14,5.253180933984514076e-14,1.954598540067251295e-14,1.915681377028635166e-14,2.109274385612512446e-14,2.387083937778163527e-14,2.698969281229918604e-14,2.442176732122847941e-14,2.542644688774606603e-14,2.589084519961411756e-14,2.704000505912493224e-14,4.084690206076701576e-14,6.426371527539259377e-14,1.576792254740954051e-14,1.820424069941554640e-14,2.363040010082455207e-14,2.358190451817851705e-14,2.767945885568923619e-14,2.437571528794025190e-14,2.963088295205704263e-14,3.810474100564870617e-14,3.919548134143868882e-14,5.117304996509626662e-14,2.785040451869902231e-14,3.539603755325072661e-14,3.834470467584510984e-14,3.939584887694484031e-14,4.561653569466133125e-14,4.870289868236271933e-14,6.505720358597590958e-14,7.665430399160744300e-14,6.366983091238224839e-14,5.635875073095064843e-14
2.691586155357460252e-14,3.709986777352988543e-14,3.003151802098033371e-14,3.010857695000170039e-14,3.273149076948231591e-14,3.002495134645812286e-14,2.891656207089508603e-14,3.345257481030007707e-14,2.576019846781977094e-14,2.531832349733269261e-14,2.185207100218837818e-14,2.805919983911632560e-14,2.715819758715760070e-14,3.067624948149496237e-14,2.976607400851128753e-14,3.397544335218167916e-14,3.078406229331664410e-14,2.637293006700600462e-14,2.779996184477432452e-14,2.664713570044520798e-14,2.909821994187873747e-14,4.187276302528440909e-14,5.464099551710075812e-14,2.473957935064075591e-14,2.714801828430439116e-14,2.906988083039135744e-14,3.045437106046048424e-14,3.270460550023840912e-14,2.882360504475476592e-14,2.934534585153151924e-14,2.549544710934428569e-14,2.569011757236050363e-14,3.442950769885591981e-14,4.745265982570093356e-14,7.982293692832735683e-14,2.152931749657057296e-14,2.296065225181837967e-14,2.563668733825305663e-14,2.804836802068371344e-14,3.112039096006721394e-14,2.940802951611255580e-14,2.611074221722019059e-14,2.377618877262822316e-14,2.548319516039629344e-14,3.033093105958757228e-14,4.594955718264711748e-14,5.702775823924489987e-14,2.119829232129749825e-14,2.077023311703999677e-14,2.288012096864124837e-14,2.589465763130889047e-14,2.927457236037069037e-14,2.648227689748427350e-14,2.757886436887718768e-14,2.808008241687746103e-14,2.932346105776263904e-14,4.431645806235446999e-14,6.976591407750257302e-14,1.709863035452833283e-14,1.974539498532291494e-14,2.564458068037618623e-14,2.558220125445134292e-14,3.003506308126009764e-14,2.643895804324400149e-14,3.214501771307394155e-14,4.136951639124579283e-14,4.252167891077408765e-14,5.551064376943248478e-14,3.021628169466362112e-14,3.843894662163543031e-14,4.164007063561884292e-14,4.277800741508127316e-14,4.953671022103131121e-14,5.285887622586793105e-14,7.052784693009573435e-14,8.129256875057476381e-14,6.914227056681875350e-14,6.120462636218958817e-14
3.070914849847280427e-14,4.230619181807290050e-14,3.425010536976233589e-14,3.434411174727249285e-14,3.733008326731948491e-14,3.425187709227747977e-14,3.299980422328718847e-14,3.818393509110909216e-14,2.940898380641136700e-14,2.889436771963405038e-14,2.493643891738090249e-14,3.200242275835230481e-14,3.098352726252835294e-14,3.499024193232066157e-14,3.395702276210110974e-14,3.876278748066558420e-14,3.514824940482386556e-14,3.010010034520098844e-14,3.172924734086341210e-14,3.040469222963156826e-14,3.319868660679594490e-14,4.778258848994849561e-14,6.236257723969371554e-14,2.823309106814246333e-14,3.099206114007713832e-14,3.317344052168665208e-14,3.475724174650672947e-14,3.733421766552584273e-14,3.289726263177902605e-14,3.348631420613875665e-14,2.910961336219992036e-14,2.932966819172563432e-14,3.933247592649944753e-14,5.418229074057232507e-14,9.105558800101991956e-14,2.458325340536499473e-14,2.621504533267846195e-14,2.928273617426254415e-14,3.206160634271418857e-14,3.557847418918050299e-14,3.357905304776494155e-14,2.981358829707243194e-14,2.714061491854905894e-14,2.909983359516129318e-14,3.466381995665755305e-14,5.253727501480941923e-14,6.519675486923816362e-14,2.421032182308213694e-14,2.371392824984838594e-14,2.613642823276287853e-14,2.958118143053301333e-14,3.343798823670607339e-14,3.023995320732825400e-14,3.150102054078099828e-14,3.207039687655481133e-14,3.348673444326130768e-14,5.063253802003771556e-14,7.976049029710552027e-14,1.952583663196688267e-14,2.255390938821355881e-14,2.930882570480607847e-14,2.922554231169802781e-14,3.432184914353450463e-14,3.019875268432760632e-14,3.672357057642257690e-14,4.729972591487493783e-14,4.857826260675354250e-14,6.341010226586265830e-14,3.452482099696857538e-14,4.396047714950638813e-14,4.762011050283361889e-14,4.891791943166949357e-14,5.664643017856394431e-14,6.041513865573800309e-14,8.051121494337553077e-14,9.066672866899775915e-14,7.906560242668121396e-14,6.999879776048484676e-14
4.007563368554493021e-14,5.516466028448498553e-14,4.466978200407663309e-14,4.480606311812589607e-14,4.868640254256277517e-14,4.468925669381840524e-14,4.307965888182239746e-14,4.986082992254417473e-14,3.841504537253690345e-14,3.772283719254406178e-14,3.255200091537252640e-14,4.174118030875636820e-14,4.042951066932104870e-14,4.564314690761072168e-14,4.430518802855537437e-14,5.058154261531646402e-14,4.591756358282231235e-14,3.930078080782096133e-14,4.142846799313446587e-14,3.968216540175375387e-14,4.332288237500693999e-14,6.236750607073105903e-14,8.141140496946701541e-14,3.685847897333201704e-14,4.047957451479758455e-14,4.330365248605549929e-14,4.537830496039229155e-14,4.875934473742394626e-14,4.295271479165247554e-14,4.370916657188617358e-14,3.802930685628723408e-14,3.831239475178199504e-14,5.142623547335475332e-14,7.078112797531743962e-14,1.187800226516387233e-13,3.212086100943322010e-14,3.424731432611857869e-14,3.827886374797670418e-14,4.195992708979781570e-14,4.657290581486799405e-14,4.387166595368832069e-14,3.895170690534870985e-14,3.544543708044858821e-14,3.802479949081319945e-14,4.535059095398225171e-14,6.877762477523697134e-14,8.533228919189021226e-14,3.164339343730815357e-14,3.097973687050685512e-14,3.417099991566576243e-14,3.867649828509059984e-14,4.370979420644305286e-14,3.951291151156618697e-14,4.117799944494776229e-14,4.191597415329581062e-14,4.375943073392096790e-14,6.620706288911446235e-14,1.043881488939495246e-13,2.551749624596947858e-14,2.948474353617512793e-14,3.834770264854186696e-14,3.821454322053503203e-14,4.489547418653910849e-14,3.947542739509251116e-14,4.801762078697312268e-14,6.192085747859150444e-14,6.351420158037743191e-14,8.288546489832220641e-14,4.515835620532239356e-14,5.757840302389012520e-14,6.236668073307691077e-14,6.405682237538440779e-14,7.418756611865942886e-14,7.904066372806878222e-14,1.051414799317810057e-13,1.153243325050388085e-13,1.035357738522236556e-13,9.170387087157258036e-14
0.000000000000000000e+00,0.000000000000000000e+00,0.000000000000000000e+00,0.000000000000000000e+00,0.000000000000000000e+00,0.000000000000000000e+00,0.000000000000000000e+00,0.000000000000000000e+00,0.000000000000000000e+00,0.000000000000000000e+00,0.000000000000000000e+00,0.000000000000000000e+00,0.000000000000000000e+00,0.000000000000000000e+00,0.000000000000000000e+00,0.000000000000000000e+00,0.000000000000000000e+00,0.000000000000000000e+00,0.000000000000000000e+00,0.000000000000000000e+00,0.000000000000000000e+00,0.000000000000000000e+00,0.000000000000000000e+00,0.000000000000000000e+00,0.000000000000000000e+00,0.000000000000000000e+00,0.000000000000000000e+00,0.000000000000000000e+00,0.000000000000000000e+00,0.000000000000000000e+00,0.000000000000000000e+00,0.000000000000000000e+00,0.000000000000000000e+00,0.000000000000000000e+00,0.000000000000000000e+00,0.000000000000000000e+00,0.000000000000000000e+00,0.000000000000000000e+00,0.000000000000000000e+00,0.000000000000000000e+00,0.000000000000000000e+00,0.000000000000000000e+00,0.000000000000000000e+00,0.000000000000000000e+00,0.000000000000000000e+00,0.000000000000000000e+00,0.000000000000000000e+00,0.000000000000000000e+00,0.000000000000000000e+00,0.000000000000000000e+00,0.000000000000000000e+00,0.000000000000000000e+00,0.000000000000000000e+00,0.000000000000000000e+00,0.000000000000000000e+00,0.000000000000000000e+00,0.000000000000000000e+00,0.000000000000000000e+00,0.000000000000000000e+00,0.000000000000000000e+00,0.000000000000000000e+00,0.000000000000000000e+00,0.000000000000000000e+00,0.000000000000000000e+00,0.000000000000000000e+00,0.000000000000000000e+00,0.000000000000000000e+00,0.000000000000000000e+00,0.000000000000000000e+00,0.000000000000000000e+00,0.000000000000000000e+00,0.000000000000000000e+00,0.000000000000000000e+00,0.000000000000000000e+00,0.000000000000000000e+00,0.000000000000000000e+00,0.000000000000000000e+00,0.000000000000000000e+00
