6.920660443225366524e-16,8.931523065015646927e-16,7.605665077669953859e-16,-5.770929360922028690e-07,8.116653465809727883e-16,7.561474253954338251e-16,7.280429024832546161e-16,8.125927439997223560e-16,6.584402352820158640e-16,6.550651688061796118e-16,5.823363496427846312e-16,7.202773050557586939e-16,-8.521239048139059752e-07,7.704884295435160815e-16,7.504750960371316181e-16,8.282377554257898768e-16,7.565593331191567426e-16,6.754904399990669520e-16,7.039886647668758950e-16,6.854121829611162474e-16,7.357343028972966213e-16,9.729580973239079883e-16,1.216103239137031518e-15,6.435885823226764244e-16,6.871478879776404072e-16,7.316910102114625266e-16,7.565930867950862900e-16,7.967140890724986998e-16,7.243829908100564174e-16,7.378146738123777945e-16,6.511871593517172195e-16,6.564834461083165787e-16,8.229452802707778399e-16,1.082429859761090068e-15,1.686807723327961887e-15,5.662191961888205881e-16,5.984896284178109254e-16,6.464542714818705789e-16,6.874121472998761149e-16,7.574281649724968562e-16,7.282240397444831117e-16,6.628520809847994915e-16,6.190982096765777464e-16,6.483339118656190746e-16,7.365361901351656254e-16,1.108934161277131585e-15,1.360478004021684618e-15,5.554027488521843188e-16,5.510941995012569715e-16,5.877166347653539423e-16,6.494708791966711095e-16,7.208297424328860487e-16,6.690597943359636193e-16,6.863530870987652636e-16,6.980116318147013247e-16,7.248284970008082873e-16,1.030830143867237749e-15,1.700124056129824499e-15,4.653649087354496936e-16,5.213045462001461408e-16,6.367646065882567286e-16,6.423307216116185673e-16,7.306105786665735692e-16,6.628420299204465018e-16,7.762550676517991397e-16,9.968213449646646016e-16,9.905340282227886861e-16,1.259892584243291858e-15,7.360301050397706510e-16,9.746102893000683919e-16,1.052309376547935260e-15,1.052176838247982772e-15,1.838700285296306833e-15,1.233156006162402749e-15,1.537211162956766806e-15,4.224258534120260331e-04,3.250224724321603411e-15,1.766063729382797067e-15
7.366194377606651128e-16,9.537775834307276098e-16,8.117384128290377710e-16,4.467945705437908068e-15,8.657008161181997791e-16,8.053939459575828085e-16,7.733059598643512996e-16,8.615506586617927754e-16,6.974560605398774873e-16,6.958573546553229198e-16,6.193422171541021607e-16,7.684906442782134448e-16,4.073896713969512570e-15,8.212026010730475904e-16,7.991721424745946716e-16,8.814847283303106298e-16,8.005212597193718143e-16,7.170644908661052189e-16,7.471497676209315530e-16,7.291418886217798368e-16,7.829398817503041448e-16,1.031739326786417922e-15,1.286266179177994504e-15,6.839728580847193098e-16,7.280312544849833720e-16,7.774093171537427875e-16,8.032127159105413136e-16,8.440428628693274019e-16,7.688136231818752951e-16,7.841596860584578307e-16,6.891873918114054252e-16,6.952214838104963756e-16,8.651737030622522670e-16,1.141666469841893456e-15,1.788654904320796568e-15,5.990509300286364119e-16,6.336414954592632865e-16,6.818629780591172525e-16,7.181313730277201829e-16,7.894185043816138984e-16,7.703931300245522205e-16,7.012289769259691356e-16,6.565549584638250120e-16,6.853284342117645837e-16,7.713176081694645543e-16,1.154422952286706400e-15,1.420255457254117142e-15,5.864868277414127066e-16,5.836642838089601739e-16,6.193297227432943652e-16,6.842739584340263508e-16,7.599111566698820097e-16,7.073899985417123646e-16,7.238991015758829297e-16,7.368791999097405083e-16,7.658315927518818781e-16,1.081966141563241097e-15,1.777477923274838727e-15,4.924055400129488191e-16,5.498864281302779722e-16,6.671025547436900856e-16,6.764967542408701188e-16,7.661817285161311821e-16,6.993712087692546571e-16,8.161568874045521708e-16,1.037680725029236565e-15,1.040397642521867357e-15,1.324474027460718344e-15,7.732339160162439762e-16,1.008893614959917831e-15,1.090399295410671380e-15,1.092794237458075770e-15,1.914677373027102523e-15,1.289829399971978878e-15,1.623619162385700263e-15,2.395685916609725287e-04,3.439267445738743822e-15,1.838263461154717420e-15
7.848329410844644791e-16,1.019362581001969698e-15,8.673930371216575027e-16,3.450563024615142427e-15,9.245713078912767002e-16,8.588129381094961318e-16,8.221500349574379483e-16,9.143083999675241278e-16,7.393667394277056877e-16,7.398769526635954149e-16,6.592317977200152166e-16,8.208565946322309875e-16,3.136662888759758648e-15,8.763123809128349324e-16,8.519525925478766544e-16,9.387648391396322162e-16,8.476080239168670989e-16,7.618755071482107207e-16,7.936550447354504342e-16,7.764182810996646240e-16,8.340339549742688795e-16,1.096677573762998995e-15,1.363358904105501479e-15,7.275357624037056807e-16,7.719497539036658600e-16,8.267596401349686910e-16,8.533819732378505110e-16,8.949789558759704674e-16,8.166752172104290441e-16,8.342127170251677638e-16,7.299415676665714298e-16,7.368101716464759734e-16,9.109905722036317949e-16,1.206371882310206351e-15,1.901154436537453349e-15,6.342343718577477650e-16,6.713422578146217564e-16,7.195051401788188105e-16,7.510267152993621604e-16,8.235077751864459444e-16,8.153621871497196278e-16,7.423472530781830031e-16,6.968300959676324724e-16,7.249122710338209174e-16,8.087498800931262123e-16,1.202777480553321882e-15,1.484166004103419098e-15,6.196841129991954138e-16,6.185708062834664024e-16,6.529869799646504900e-16,7.211478959455017395e-16,8.018148148897513910e-16,7.483881515914336490e-16,7.638566775082798428e-16,7.782573282614079903e-16,8.096213117993906306e-16,1.137258582482229847e-15,1.860433432243113671e-15,5.212616577509865604e-16,5.803447461411435185e-16,6.997796914021590017e-16,7.126732391415008309e-16,8.045753177271941155e-16,7.380672590969399227e-16,8.594573292095775982e-16,1.081112195964643894e-15,1.094393080297743970e-15,1.394532567509740197e-15,8.135379906046592896e-16,1.044917107269664996e-15,1.130503264370950415e-15,1.135764134985297393e-15,1.995481448493567915e-15,1.350665645710130527e-15,1.718278986195519661e-15,5.447545759445987848e-05,3.647133994179608160e-15,1.914983902568181146e-15
8.318620922476908168e-16,1.082039306909805286e-15,9.216056065476705521e-16,3.056089150877971108e-15,9.813496493102903567e-16,9.105709305103132847e-16,8.692360116919905101e-16,9.641744095661273316e-16,7.798521574246269507e-16,7.828023000942605948e-16,6.986354582362354796e-16,8.720907298469304197e-16,2.775677799102090684e-15,9.297228557667246078e-16,9.030877514713287896e-16,9.933924160803541949e-16,8.921608004978522272e-16,8.053409100917157505e-16,8.385358666513418295e-16,8.225021802510130312e-16,8.835334181282947342e-16,1.157248485730318647e-15,1.432076078177332251e-15,7.701268618620638899e-16,8.142047279802546082e-16,8.743548140720278317e-16,9.014133353801552052e-16,9.431033900963594209e-16,8.627149094371328287e-16,8.824881865454836288e-16,7.692451863213314706e-16,7.769654452472894672e-16,9.536328865022088398e-16,1.264579602668048873e-15,1.994163159554313575e-15,6.685996602093210067e-16,7.080483399579557262e-16,7.553733566944342478e-16,7.814809258124179297e-16,8.541067534958510861e-16,8.580361151633257074e-16,7.818628073095503757e-16,7.361102584963506476e-16,7.629445752848944466e-16,8.434880744464091459e-16,1.241974932394526382e-15,1.533847787306144799e-15,6.519763864285251942e-16,6.528302232032682735e-16,6.853285388919406323e-16,7.561035323050775532e-16,8.412196729895453349e-16,7.876590596745767676e-16,8.016592492003693994e-16,8.174456759455411946e-16,8.510474572123564239e-16,1.186019038226391077e-15,1.920065811500342862e-15,5.498611762029265105e-16,6.100423316294398502e-16,7.302128925231605212e-16,7.469662871869711822e-16,8.405206653196144676e-16,7.748311181029794469e-16,8.998310357919572643e-16,1.117416904321677131e-15,1.142647753415218821e-15,1.453906724318653530e-15,8.510673853417727251e-16,1.073635723137076385e-15,1.162023352567245348e-15,1.170378392248555903e-15,2.047932653555351574e-15,1.400478137173799873e-15,1.796575360417995843e-15,1.558566279534073562e-13,3.761665614875749917e-15,1.965677683816646763e-15
8.799714560711639637e-16,1.145555420301454180e-15,9.771041685177320158e-16,2.849519229415442971e-15,1.039147262115453613e-15,9.633521191679085092e-16,9.170568463672597676e-16,1.014222875672281084e-15,8.209580434221679358e-16,8.266615551340625942e-16,7.391819141230753602e-16,9.246459220366563268e-16,2.587336926973326595e-15,9.842119605228111700e-16,9.552277490308614555e-16,1.048592458120564429e-15,9.368565577107807061e-16,8.496157835825713317e-16,8.841233343972172305e-16,8.696140226395321487e-16,9.339837990121421759e-16,1.217488491919944920e-15,1.499271704038395214e-15,8.137121354415222667e-16,8.570176164901364637e-16,9.227090000889288240e-16,9.499950185107593571e-16,9.913737067670944756e-16,9.093979965811278277e-16,9.315428977858240449e-16,8.090974327517031721e-16,8.177192207718786483e-16,9.959175053298238046e-16,1.321738483400448370e-15,2.080650727954177854e-15,7.036699974451712622e-16,7.454599256624752336e-16,7.914416550035299512e-16,8.117138955185719341e-16,8.838810584194985235e-16,9.009115005365054909e-16,8.218451692301323164e-16,7.762146347390274564e-16,8.014064604046126616e-16,8.780857724678732528e-16,1.277708097088309228e-15,1.577870111447917627e-15,6.848316060066309221e-16,6.878974463607886728e-16,7.179874503960934929e-16,7.911337181236407138e-16,8.805448517662089029e-16,8.273111627149368039e-16,8.395198733686749975e-16,8.567357193824510630e-16,8.925729568787113801e-16,1.233160847807946794e-15,1.969842972306791727e-15,5.792647414329616968e-16,6.402783347740123807e-16,7.603562842174715496e-16,7.813256534016790697e-16,8.759554078858395377e-16,8.117437080156568532e-16,9.397414639263811086e-16,1.151190081233236175e-15,1.189713310584951755e-15,1.509889576969735040e-15,8.881969629250262957e-16,1.099475333282968827e-15,1.190119952275855536e-15,1.201775030702920508e-15,2.088036271881877176e-15,1.446274279780726398e-15,1.869312668328607180e-15,6.480652339754679874e-14,3.833487220984051525e-15,2.005084183336232268e-15
9.313947852926447758e-16,1.213611028222655581e-15,1.036624722186902101e-15,2.739851208585152248e-15,1.101046848122500582e-15,1.019814719780646415e-15,9.680282726231814087e-16,1.067352444376365846e-15,8.646325476242439606e-16,8.734350415091985467e-16,7.824727070088814082e-16,9.809828159423857639e-16,2.486676020014590314e-15,1.042547484746181646e-15,1.010985212516760888e-15,1.107481922472536252e-15,9.841873986494287141e-16,8.967887030939522697e-16,9.326683932770509877e-16,9.199387259028970090e-16,9.878898042641895971e-16,1.281254815991469558e-15,1.571549860796164271e-15,8.602155250817232489e-16,9.025060881379692288e-16,9.742656713695555612e-16,1.001706737908749517e-15,1.042563768281518815e-15,9.590992847855973438e-16,9.838662225164921634e-16,8.513949067381616433e-16,8.610078844537419742e-16,1.039938079032818313e-15,1.383011116896372076e-15,2.173026218798337276e-15,7.408967261266168956e-16,7.852000325915881446e-16,8.295208875431818076e-16,8.429430286373734348e-16,9.151509263055037814e-16,9.463077157279464518e-16,8.642472076966834371e-16,8.188986873928188435e-16,8.421579740728579228e-16,9.138214611752095371e-16,1.314785880879737055e-15,1.623542215327097176e-15,7.196278586853378719e-16,7.251656163499436559e-16,7.524680872097285000e-16,8.280431469252428139e-16,9.219856156256619724e-16,8.693205782448850533e-16,8.794573336151160100e-16,8.982288370237964390e-16,9.364687929019418189e-16,1.283152459912126324e-15,2.021201656398189182e-15,6.104756486337035679e-16,6.722642047198380555e-16,7.918374188699247409e-16,8.175125669654489937e-16,9.128231565378432490e-16,8.507050544268934157e-16,9.814877511526248936e-16,1.186335294720153492e-15,1.239766971524343321e-15,1.569110293718470134e-15,9.270493248850022928e-16,1.126038626431627830e-15,1.219009757710228775e-15,1.234227821589154711e-15,2.128896694341695718e-15,1.494164981301020660e-15,1.946559185583757829e-15,4.173767624169145278e-14,3.906588233662128749e-15,2.045271530784089009e-15
9.863707141010379376e-16,1.286590598438625121e-15,1.100466296355851712e-15,2.681997641967161364e-15,1.167377601569090180e-15,1.080235061367214750e-15,1.022384101742765624e-15,1.123817120005597671e-15,9.110629913328141357e-16,9.233271007045424097e-16,8.286875209664911949e-16,1.041373718874289098e-15,2.432940802817378366e-15,1.105019555114352526e-15,1.070632241993194532e-15,1.170362917635576216e-15,1.034363324385183013e-15,9.470679737618640682e-16,9.843886822835547589e-16,9.737060277586865466e-16,1.045508210542514070e-15,1.348986994299477715e-15,1.649260075396881728e-15,9.098410292002129975e-16,9.508662293411199976e-16,1.029264032204182829e-15,1.056790241625931779e-15,1.096912720959813584e-15,1.012044830353194811e-15,1.039703436684213384e-15,8.963129318222758195e-16,9.070133138470055504e-16,1.086122502318177352e-15,1.447805774952208562e-15,2.271894463799951569e-15,7.804254116816826146e-16,8.274291830135688279e-16,8.697606146064215609e-16,8.754732085538391049e-16,9.480255056366483842e-16,9.944217609007811117e-16,9.092447205827628067e-16,8.643413204754148326e-16,8.853642208305773324e-16,9.511245226050123113e-16,1.353278801925216609e-15,1.670950492474251161e-15,7.564968058767874892e-16,7.647815619558373276e-16,7.888978826695481455e-16,8.669737895554651186e-16,9.657144673131693900e-16,9.138604308269851178e-16,9.216320149629815004e-16,9.420953576395973310e-16,9.829212217758461818e-16,1.336250379423242000e-15,2.074210059686349125e-15,6.436085281419135611e-16,7.061167812510066967e-16,8.247881649367665591e-16,8.556645679943733611e-16,9.513999232805242745e-16,8.918701620572616829e-16,1.025327751982413814e-15,1.222931243202664152e-15,1.293091063510590852e-15,1.631846693231119526e-15,9.678258147858295445e-16,1.153351631968799011e-15,1.248721674558839005e-15,1.267785031340035007e-15,2.170529746939200198e-15,1.544288361502461318e-15,2.028732952187569266e-15,3.119008573517587370e-14,3.980996886489267203e-15,2.086257303879803113e-15
1.045098671299821698e-15,1.364798318223271378e-15,1.168874462544285059e-15,2.655623442648531584e-15,1.238407368077619359e-15,1.144842551993170097e-15,1.080319078916590599e-15,1.183809563332151503e-15,9.604048226986516491e-16,9.765111197473337303e-16,8.779757151072165532e-16,1.106042211553133528e-15,2.407733299283310772e-15,1.171868689653884998e-15,1.134393603560181352e-15,1.237476378942402194e-15,1.087546829108587049e-15,1.000630334739653606e-15,1.039467917189682125e-15,1.031108911651054818e-15,1.107053804150722425e-15,1.420883825726540527e-15,1.729994244041325306e-15,9.627606394264521434e-16,1.002263773655174335e-15,1.087904402959714790e-15,1.115444270428371053e-15,1.154601843131302831e-15,1.068423882769963787e-15,1.099259735345191024e-15,9.440014690591170072e-16,9.558909975380641714e-16,1.134542918149900255e-15,1.515274552082532676e-15,2.377943379787360496e-15,8.223824391589702621e-16,8.722864466225303616e-16,9.122838340496269292e-16,9.093049041089823063e-16,9.817846997188593336e-16,1.045409957572850682e-15,9.569868699601510538e-16,9.126958999688147199e-16,9.311657115263469342e-16,9.900346693843090359e-16,1.393261454626491536e-15,1.720186055302225208e-15,7.955540678892805093e-16,8.068721560184423458e-16,8.273867938191533276e-16,9.080388223684908468e-16,1.011856321458099446e-15,9.610761549763177364e-16,9.661692235382366216e-16,9.884693319029346383e-16,1.032074945491991368e-15,1.391312096679029437e-15,2.128938202023909197e-15,6.787615722807646307e-16,7.419395096108751022e-16,8.592837225653300604e-16,8.958913843367843202e-16,9.917590974814443465e-16,9.353641381693996773e-16,1.071357079040496502e-15,1.261061984407928003e-15,1.347997521798939970e-15,1.698407928353069351e-15,1.010618532013186549e-15,1.181440955669715644e-15,1.279285229787625626e-15,1.302497084919831908e-15,2.212949376032919393e-15,1.596793728656105021e-15,2.116303195197242354e-15,2.514480874863695039e-14,4.056734602004853616e-15,2.128057452724549431e-15
1.107785628653676927e-15,1.448590748430405824e-15,1.242099977673245503e-15,2.650206264020278940e-15,1.314430284798470780e-15,1.213884985751685643e-15,1.142055000659460478e-15,1.247573769303613303e-15,1.012833231047111624e-15,1.033171335572177321e-15,9.304831392295798148e-16,1.175215708564493420e-15,2.401517872530540366e-15,1.243357234171981872e-15,1.202513402670457527e-15,1.309107002511215072e-15,1.143940934621050189e-15,1.057663702476617805e-15,1.098109397090614046e-15,1.092349666348886428e-15,1.172759005978099891e-15,1.497293154523205116e-15,1.814947650598043013e-15,1.019151928877695136e-15,1.056885211410074449e-15,1.150409300445837973e-15,1.177898346977794169e-15,1.215861072666181640e-15,1.128449360188094951e-15,1.162762722396622034e-15,9.946272331227207417e-16,1.007812794256439029e-15,1.185408477641305051e-15,1.586115672974986774e-15,2.491183509503920622e-15,8.669029475469433447e-16,9.199201105860046796e-16,9.572354098287420330e-16,9.445689122142438954e-16,1.016713902047914461e-15,1.099462206348164391e-15,1.007642282633711848e-15,9.641239866707171200e-16,9.797214552262892935e-16,1.030712029233867132e-15,1.434813600257677747e-15,1.771346263662405636e-15,8.369238348201478973e-16,8.515678582599078779e-16,8.680591564848889578e-16,9.513759775055902865e-16,1.060576120885342812e-15,1.011134846354070514e-15,1.013224351933430562e-15,1.037515767719900418e-15,1.084110078728985894e-15,1.448642363712374072e-15,2.185459772246641010e-15,7.160348429184664894e-16,7.798426710519767623e-16,8.954345714571787397e-16,9.383266240981846860e-16,1.034054458490841538e-15,9.813370047878855914e-16,1.119754980212641394e-15,1.300818054910470656e-15,1.405278717665913683e-15,1.767833665707632987e-15,1.055584203964982661e-15,1.210334343991170846e-15,1.310731230308860025e-15,1.338417371361860914e-15,2.256169475435117367e-15,1.651843796249768413e-15,2.209794274382859106e-15,2.122928608867507556e-14,4.133822146024827540e-15,2.170687991059095605e-15
1.174622779971866495e-15,1.538323070537358990e-15,1.320384303858386120e-15,2.659682957355642123e-15,1.395729739699148517e-15,1.287600559491168698e-15,1.207806333818374782e-15,1.315361659025340102e-15,1.068521277465273182e-15,1.093479034550905379e-15,9.863356990007003458e-16,1.249097612676836345e-15,2.408795078229614802e-15,1.319732557709727135e-15,1.275227055623986367e-15,1.385541824696845186e-15,1.203755176834818424e-15,1.118352643921123885e-15,1.160513824030413920e-15,1.157618046078493180e-15,1.242847368113271661e-15,1.578573113078051005e-15,1.904708385356969456e-15,1.079180314871018341e-15,1.114917454315571701e-15,1.216997751611976779e-15,1.244383582196819123e-15,1.280928088637931106e-15,1.192333337323431611e-15,1.230436170651321657e-15,1.048356958147424944e-15,1.062949708396603626e-15,1.238919952278631068e-15,1.660749782815353119e-15,2.609866210737930307e-15,9.141165032359892683e-16,9.704746311234066830e-16,1.004764324393661187e-15,9.813844854694086890e-16,1.052976996268416305e-15,1.156773929080576445e-15,1.061381080269331022e-15,1.018780307314886594e-15,1.031192347547057200e-15,1.073303022667704093e-15,1.478020708254303054e-15,1.824535400464124245e-15,8.807290698746292799e-16,8.989919364930428056e-16,9.110417915734520831e-16,9.971277346362366206e-16,1.112045166891424654e-15,1.064206370915137670e-15,1.062958361078860097e-15,1.089405252521669371e-15,1.139212956691780928e-15,1.508571867699862679e-15,2.243852567072332764e-15,7.555171703930284641e-16,8.199354835634382339e-16,9.333529520072655781e-16,9.831084963238495973e-16,1.078435062339314486e-15,1.029943365990805859e-15,1.170700772417746391e-15,1.342296939425662223e-15,1.465272609807842720e-15,1.840167413940052324e-15,1.102881178655785820e-15,1.240060805134125811e-15,1.343091902631336221e-15,1.375602538848101406e-15,2.300204075420846880e-15,1.709616323826536500e-15,2.307014378816774503e-15,1.849039302299778556e-14,4.212280257567586682e-15,2.214165174821420356e-15
1.245783546410807179e-15,1.634342038370550288e-15,1.403931262222241372e-15,2.680313322777656315e-15,1.482565118897566136e-15,1.366211383529283537e-15,1.277784951001750723e-15,1.387431434576022253e-15,1.127637769716633201e-15,1.157592939475476331e-15,1.045633962714113484e-15,1.327858181203116791e-15,2.426167992416791450e-15,1.401222205443279003e-15,1.352751770238718992e-15,1.467066252641732941e-15,1.267204666960339574e-15,1.182874621494283388e-15,1.226875768567766921e-15,1.227085465367096437e-15,1.317527746243898304e-15,1.665095819191218919e-15,1.999803578072407354e-15,1.142994066981976854e-15,1.176545370559330587e-15,1.287881307383561070e-15,1.315129534897499968e-15,1.350046937149431867e-15,1.260283712007215713e-15,1.302495586503659772e-15,1.105355270049091941e-15,1.121469435039882206e-15,1.295279300361253472e-15,1.739557986952055812e-15,2.735543957511866787e-15,9.641454776343084243e-16,1.024087924927857113e-15,1.055022862245969641e-15,1.019866854748427049e-15,1.090706028576767775e-15,1.217544949562707930e-15,1.118373098557209989e-15,1.076809201972442943e-15,1.085739631287506426e-15,1.117951181212680112e-15,1.522974496799869335e-15,1.879865327941197252e-15,9.270899550055786779e-16,9.492575339900817474e-16,9.564632428332877897e-16,1.045440922362215301e-15,1.166440938241897162e-15,1.120461903199097330e-15,1.115537232617449639e-15,1.144313310134601804e-15,1.197575320822887712e-15,1.571390802243900975e-15,2.304198825167857832e-15,7.972857549956083714e-16,8.623248038963860595e-16,9.731540491395670335e-16,1.030379513560854308e-15,1.125050867731785331e-15,1.081341838576748198e-15,1.224377724619866866e-15,1.385545189196835351e-15,1.528261269210684589e-15,1.915956788687383045e-15,1.152671885432429398e-15,1.270650694654681781e-15,1.376400990934587832e-15,1.414112764034286648e-15,2.345067384122119040e-15,1.770303708380006797e-15,2.409396874504864979e-15,1.647070199631986096e-14,4.292129781117662697e-15,2.258505544502359429e-15
1.321382002467056598e-15,1.736914556585760327e-15,1.492863022109155919e-15,2.709539008340553409e-15,1.575123695644107660e-15,1.449871729585733358e-15,1.352158783422351246e-15,1.464007787936176087e-15,1.190322673789245529e-15,1.225628233384224014e-15,1.108428149803739380e-15,1.411587193734357322e-15,2.451322032498349498e-15,1.487985563268047162e-15,1.435241561095137475e-15,1.553914200465401974e-15,1.334479949887674443e-15,1.251365058147374128e-15,1.297352472431834152e-15,1.300869779310809516e-15,1.396953465012057855e-15,1.757179308941804641e-15,2.100593904621988670e-15,1.210695023232202785e-15,1.241925265277946573e-15,1.363227882209718763e-15,1.390327886066269600e-15,1.423431568541952384e-15,1.332471280908997225e-15,1.379110674071835249e-15,1.165762536577914067e-15,1.183512862666756571e-15,1.354657684909260712e-15,1.822813191310536544e-15,2.868420468792216178e-15,1.017090196519500021e-15,1.080871864685011202e-15,1.108149232233134086e-15,1.060111294305307341e-15,1.129983597979033434e-15,1.281952626115818286e-15,1.178765635238677775e-15,1.138321183388881477e-15,1.143504723428322127e-15,1.164776789042522987e-15,1.569773312224630018e-15,1.937456198932639271e-15,9.761099837895197640e-16,1.002450366365781985e-15,1.004440378314571203e-15,1.096450190793253148e-15,1.223924187689668206e-15,1.180052142482584243e-15,1.171111846239458920e-15,1.202398500736661435e-15,1.259369166957973221e-15,1.637271561374068289e-15,2.366585563749887858e-15,8.413966282326695945e-16,9.071037715895628094e-16,1.014942701449557342e-15,1.080270691642389840e-15,1.174031969084240868e-15,1.135676475482469095e-15,1.280946195470432007e-15,1.429868553715806198e-15,1.594431707701519493e-15,1.995346592893981387e-15,1.205100435396340797e-15,1.302135798970901229e-15,1.410693852624808592e-15,1.454012036816270748e-15,2.390773801767587319e-15,1.832632126600420862e-15,2.517026634802394696e-15,1.492317280261440905e-14,4.373391707138790001e-15,2.303725942509128309e-15
1.401491162992309167e-15,1.846270882053489109e-15,1.587240119464175016e-15,2.745650146116503957e-15,1.673547511029855745e-15,1.538697731481624304e-15,1.431073705269419590e-15,1.545315295581985773e-15,1.256703503755068874e-15,1.297670552025254772e-15,1.174728591429534603e-15,1.500313193836232490e-15,2.482705621854020013e-15,1.580139217319149119e-15,1.522813897664660195e-15,1.646302101285216492e-15,1.405773249542971236e-15,1.323938950770578427e-15,1.372082442565346039e-15,1.379051633700084133e-15,1.481243343366988284e-15,1.855158785285540212e-15,2.207507868967873167e-15,1.282351808837875053e-15,1.311202289681028105e-15,1.443182917600820941e-15,1.470156942866890104e-15,1.501297165188565245e-15,1.409050483881016781e-15,1.460427024694305840e-15,1.229709432403547280e-15,1.249208928882288064e-15,1.417241357585795213e-15,1.910831093110751625e-15,3.009249024356093782e-15,1.073036663343667005e-15,1.140922955168188961e-15,1.164282695750873669e-15,1.102221784861734441e-15,1.170906691152325938e-15,1.350174635966202715e-15,1.242699151122351472e-15,1.203404743401113568e-15,1.204623852195446773e-15,1.213910938046863886e-15,1.618522947010980373e-15,1.997437243794665575e-15,1.027884511558398295e-15,1.058636769033628007e-15,1.055089122483559461e-15,1.150293797519030193e-15,1.284662145101789348e-15,1.243123763831777153e-15,1.229837023014552300e-15,1.263822432699438286e-15,1.324769500523542252e-15,1.706429963638484067e-15,2.431104936092918960e-15,8.878877958827187079e-16,9.543588012756285225e-16,1.058830505794255726e-15,1.132916794081393625e-15,1.225518834172719652e-15,1.193093481780816408e-15,1.340578582323697518e-15,1.475729464392130724e-15,1.664003981073877429e-15,2.078640447903528886e-15,1.260321050268537467e-15,1.334549422245297390e-15,1.446007557742332596e-15,1.495368468484796165e-15,2.437337926097692711e-15,1.897406830123451979e-15,2.630456277509733785e-15,1.370263273086164305e-14,4.456087182817964106e-15,2.349843522639226155e-15
1.486101179983238297e-15,1.962527438588593369e-15,1.687006971423626833e-15,2.787347767615844056e-15,1.777871464521922255e-15,1.632715867602336349e-15,1.514615872891397776e-15,1.631538310509361955e-15,1.326870527254157521e-15,1.373744208143921662e-15,1.244473715856939214e-15,1.593953079459482796e-15,2.519148556446024033e-15,1.677696598278431225e-15,1.615499721996959939e-15,1.744376081798105954e-15,1.481248477510543952e-15,1.400653187105842699e-15,1.451152069773223341e-15,1.461636526911484576e-15,1.570437555312414933e-15,1.959321114058395361e-15,2.320911982793665421e-15,1.357968269049499692e-15,1.384482429104868805e-15,1.527830479254829496e-15,1.554743399423741719e-15,1.583823633002214396e-15,1.490124352140166865e-15,1.546525793176786524e-15,1.297293532290351516e-15,1.318649663642298104e-15,1.483201795630980447e-15,2.003887310348360975e-15,3.158489660366845403e-15,1.132039794301580605e-15,1.204301482043502361e-15,1.223546231728382234e-15,1.146295673655650559e-15,1.213559462471054761e-15,1.422361967243541067e-15,1.310283994690823061e-15,1.272101113631384803e-15,1.269207071537921908e-15,1.265475921211082287e-15,1.668473782278723512e-15,2.059947640837034576e-15,1.082485941221053247e-15,1.117845072682818821e-15,1.108510786867382263e-15,1.207097551505899850e-15,1.348806776656522418e-15,1.309796927773714485e-15,1.291851950767942998e-15,1.328728243748964540e-15,1.393929550940128370e-15,1.779047456301956599e-15,2.497854620081107629e-15,9.367662864835171388e-16,1.004157465216441930e-15,1.104923814135648971e-15,1.188441046117101046e-15,1.279643049627696964e-15,1.253722836186242161e-15,1.403434659482364421e-15,1.523170386165007719e-15,1.737169015956976595e-15,2.166046056364146875e-15,1.318477704258012912e-15,1.367926478969336628e-15,1.482380995058150150e-15,1.538252535486404175e-15,2.484774555988425667e-15,1.964685086275061203e-15,2.749993922579097531e-15,1.271814616021236223e-14,4.540237516701166953e-15,2.396875757936834077e-15
1.575131031166850540e-15,2.085702371940291273e-15,1.791987657515577028e-15,2.833694954295213126e-15,1.888034280677359413e-15,1.731871525074130047e-15,1.602823195976768852e-15,1.722834865732508966e-15,1.400880153648058827e-15,1.453817409325809590e-15,1.317538629070769932e-15,1.692321469170260704e-15,2.559805821471702888e-15,1.780582014704798651e-15,1.713251906987614365e-15,1.848224829537505645e-15,1.561052440578116664e-15,1.481517842353533434e-15,1.534602484056826537e-15,1.548561168893937187e-15,1.664505432931237457e-15,2.069934784665310791e-15,2.441191872960098185e-15,1.437488582762918143e-15,1.461839169081774837e-15,1.617200936684549511e-15,1.644171804572180736e-15,1.671168816011880672e-15,1.575752270648444455e-15,1.637431658103078208e-15,1.368584860900415853e-15,1.391895755644939122e-15,1.552714847135316955e-15,2.102270991544408175e-15,3.316720941870047444e-15,1.194123040916298239e-15,1.271035372289159456e-15,1.286053148908853007e-15,1.192434891768980584e-15,1.258032200624809442e-15,1.498648585730797059e-15,1.381606555821110930e-15,1.344408499960186547e-15,1.337344110283810661e-15,1.319598951509455935e-15,1.719986824115093257e-15,2.124609228312089867e-15,1.139966833873184024e-15,1.180068396512201151e-15,1.164796602354635551e-15,1.266981932173667943e-15,1.416505248113945479e-15,1.380171971852215569e-15,1.357288695360657592e-15,1.397249417739218205e-15,1.466990710498711229e-15,1.855321215779137524e-15,2.566938241906295963e-15,9.880096612087740473e-16,1.056551006983722483e-15,1.153331472292222990e-15,1.246962041050452388e-15,1.336540161069608801e-15,1.317685643885986718e-15,1.469676760023155081e-15,1.572295274546348963e-15,1.814130488082777766e-15,2.257810408559025083e-15,1.379716678646223248e-15,1.402303592461696536e-15,1.519854985362664133e-15,1.582361879038260618e-15,2.533098693052271976e-15,2.034640599864488838e-15,2.876039715388012420e-15,1.190985032907935829e-14,4.625864176562811383e-15,2.444840446968058492e-15
1.668402567289344146e-15,2.215668295575717276e-15,1.901884958579556492e-15,2.883951958166975483e-15,2.003841645815482926e-15,1.835999670633213043e-15,1.695659683769701687e-15,1.819313734318559953e-15,1.478741144010991510e-15,1.537783613011301826e-15,1.393720964589674709e-15,1.795104657162912508e-15,2.604014431511464866e-15,1.888598776505063960e-15,1.815904840308587497e-15,1.957847341476442857e-15,1.645298181811384447e-15,1.566475879946644720e-15,1.622409173009930753e-15,1.639671621622717433e-15,1.763319209204977075e-15,2.187216400263439240e-15,2.568708037746036094e-15,1.520779143325191884e-15,1.543296503310396700e-15,1.711247243354687061e-15,1.738461390254077896e-15,1.763447891974392110e-15,1.665928576060824740e-15,1.733088288439740649e-15,1.443611629708209330e-15,1.468961297896593779e-15,1.625949334874337263e-15,2.206256865799016950e-15,3.484471776780741548e-15,1.259269258012860745e-15,1.341107442080510080e-15,1.351897490815845663e-15,1.240741040090708287e-15,1.304414582365625229e-15,1.579136154973916867e-15,1.456715264951360215e-15,1.420266908882669510e-15,1.409091817562577431e-15,1.376405525335899175e-15,1.773124601563081210e-15,2.190839884313474016e-15,1.200350765127006340e-15,1.245253501116566772e-15,1.224019812865610359e-15,1.330053718506618966e-15,1.487889092942780892e-15,1.454316105677436910e-15,1.426261909565141292e-15,1.469498170080198212e-15,1.544069045878110298e-15,1.935443316839162881e-15,2.638465826439885347e-15,1.041558520595285264e-15,1.111566836709613648e-15,1.204160084752936862e-15,1.308585832366084344e-15,1.396342545588055239e-15,1.385084116644087165e-15,1.539459761377258071e-15,1.623185248760733756e-15,1.895086574970861470e-15,2.354167220963270024e-15,1.444178295224753613e-15,1.437711079941554921e-15,1.558472396434152106e-15,1.627512915977075782e-15,2.582325543157672459e-15,2.107406040566184389e-15,3.008958656561537672e-15,1.123672290253733439e-14,4.712988786924401243e-15,2.493755719967331396e-15
1.765661631384244288e-15,2.352191983682059261e-15,2.016296716481628145e-15,2.937637591105821060e-15,2.125000680531802980e-15,1.944851897949216934e-15,1.793019914788908030e-15,1.921053418097755902e-15,1.560417725298345456e-15,1.625477829122764718e-15,1.472759853540564648e-15,1.901896229933828266e-15,2.651335138967188094e-15,2.001459614310485926e-15,1.923233426501319517e-15,2.073177834587031997e-15,1.734079203997398133e-15,1.655402008692285232e-15,1.714497250053878662e-15,1.734744379369179748e-15,1.866677093751620047e-15,2.311364683880506680e-15,2.703861648775398579e-15,1.607645793536963547e-15,1.628841209051158534e-15,1.809863260564190157e-15,1.837583513342494702e-15,1.860750726410973162e-15,1.760598462360025441e-15,1.833377626927547166e-15,1.522370207169911298e-15,1.549824536031222226e-15,1.703083625403159391e-15,2.316147821986022780e-15,3.662444838770830390e-15,1.327428856229362970e-15,1.414464407346107543e-15,1.421162034239227307e-15,1.291323687234525008e-15,1.352806668038667551e-15,1.663906575467750813e-15,1.535630558015317436e-15,1.499570011615574539e-15,1.484483129369166317e-15,1.436030237866086821e-15,1.828081572776443317e-15,2.259315100537745864e-15,1.263638136581534868e-15,1.313309303841932630e-15,1.286241547252804410e-15,1.396413860955074924e-15,1.563085391626388183e-15,1.532273217236347461e-15,1.498878432881988043e-15,1.545575799772074545e-15,1.625267210174370002e-15,2.019633480183757464e-15,2.712554305957294032e-15,1.097322524859609373e-15,1.169213087525864932e-15,1.257520861356822429e-15,1.373413489224733267e-15,1.459190244554537255e-15,1.456010249856936645e-15,1.612944823362329153e-15,1.675959383720372785e-15,1.980259335661771940e-15,2.455407676783911730e-15,1.512008269982535612e-15,1.474094123101757204e-15,1.598278018609022048e-15,1.674041907991301718e-15,2.632470516898653958e-15,2.183190667671918193e-15,3.149239960771552389e-15,1.066972492461411612e-14,4.801633123180862413e-15,2.543640044535889113e-15
1.866553602404080106e-15,2.494872888349269628e-15,2.134684847006897764e-15,2.994356814893535913e-15,2.251075346338391999e-15,2.058060873138577774e-15,1.894731035245363880e-15,2.028066676550462372e-15,1.645827179288518341e-15,1.716653712632159958e-15,1.554322005624459941e-15,2.012170337317740053e-15,2.701409792899061350e-15,2.118749384928287886e-15,2.034887036280586267e-15,2.194040356308294638e-15,1.827443098246847953e-15,1.748115830324858104e-15,1.810713676954496690e-15,1.833460437222066098e-15,1.974270539321296749e-15,2.442506169296647104e-15,2.847022401123150008e-15,1.697812391519919838e-15,1.718398511836749761e-15,1.912852094481964440e-15,1.941428495268848480e-15,1.963109670961326926e-15,1.859628193226791492e-15,1.938087260175981855e-15,1.604804571728298328e-15,1.634406272727355972e-15,1.784286057368405348e-15,2.432228812897710042e-15,3.851304178988521878e-15,1.398504640856150837e-15,1.490999629004142030e-15,1.493902946533721062e-15,1.344292084050902530e-15,1.403308632395642546e-15,1.752997999679553905e-15,1.618324169225705288e-15,1.582145699127324070e-15,1.563508253074348284e-15,1.498605312208968470e-15,1.884973621065616660e-15,2.330213468121579223e-15,1.329793124840165035e-15,1.384092874909838177e-15,1.351498437756520859e-15,1.466143682703261376e-15,1.642198735311362583e-15,1.614043696822386053e-15,1.575220438781809737e-15,1.625553915609446959e-15,1.710652766420711467e-15,2.108107213543028302e-15,2.789328069587933240e-15,1.155171641248176641e-15,1.229467829110266893e-15,1.313521300571971346e-15,1.441528014588468561e-15,1.525218577541133398e-15,1.530529659997150738e-15,1.690282146481148605e-15,1.730720145016015278e-15,2.069865389686637517e-15,2.561812866600022895e-15,1.583343403013475861e-15,1.511506157722935527e-15,1.639317594565394854e-15,1.722046901039919254e-15,2.683549231183658309e-15,2.262173756036656660e-15,3.297346310193948258e-15,1.018771830829855415e-14,4.891819109248247942e-15,2.594512232193987859e-15
1.970620320612716551e-15,2.643122495565053758e-15,2.256377171892106854e-15,3.053757585258249185e-15,2.381476529892130400e-15,2.175132529853398724e-15,2.000514122405905743e-15,2.140283812332190200e-15,1.734811974927703976e-15,1.810978131580517175e-15,1.638004552461846507e-15,2.125285788956423242e-15,2.753923924572718690e-15,2.239918210268136036e-15,2.150391017314810205e-15,2.320129782390155590e-15,1.925379090656453665e-15,1.844341403099683040e-15,1.910816555858498770e-15,1.935400853954889953e-15,2.085675713526351410e-15,2.580670338627788409e-15,2.998508436593619893e-15,1.790917215739463253e-15,1.811821483227199251e-15,2.019914627662900245e-15,2.049791314970470061e-15,2.070484360238973258e-15,1.962792945289499284e-15,2.046898834325109383e-15,1.690797203470595420e-15,1.722560630408824812e-15,1.869709046307691901e-15,2.554755080212066146e-15,4.051656501936793042e-15,1.472346281279285703e-15,1.570546526552110736e-15,1.570142528644545516e-15,1.399753853714245089e-15,1.456020369822900208e-15,1.846393453883351396e-15,1.704709595463802998e-15,1.667750099441251708e-15,1.646105855489143653e-15,1.564258136791736068e-15,1.943892910531853560e-15,2.403648797880444875e-15,1.398737834526150109e-15,1.457405416734675339e-15,1.419796638619399275e-15,1.539298600578637995e-15,1.725303335790448135e-15,1.699574925042653734e-15,1.655337714505289757e-15,1.709465690008090296e-15,1.800248034408631581e-15,2.201072148330931742e-15,2.868918225239778619e-15,1.214934492387120101e-15,1.292274106081238043e-15,1.372262668707905248e-15,1.512988440792151681e-15,1.594554774148633479e-15,1.608674003582922057e-15,1.771605210973626016e-15,1.787561670656562518e-15,2.164111211163156625e-15,2.673651028559524388e-15,1.658306820222434815e-15,1.549915250963841117e-15,1.681369402886459461e-15,1.771592878191229048e-15,2.735577509290674246e-15,2.344518319038447966e-15,3.453708289973469207e-15,9.774951148137492105e-15,4.983568810385280513e-15,2.646391443793726493e-15
2.077322555519527160e-15,2.796191006833588845e-15,2.380607068999160710e-15,3.115561023456205813e-15,2.515491513246671344e-15,2.295469526324362852e-15,2.109999069863954764e-15,2.257553568218491673e-15,1.827149261550637705e-15,1.908044823719431894e-15,1.723355927512183174e-15,2.240524605157571345e-15,2.808628476098669778e-15,2.364309105723696378e-15,2.269168888361077526e-15,2.451021383262571608e-15,2.027817948984321329e-15,1.943725697564600725e-15,2.014482587137228385e-15,2.040066107184800712e-15,2.200372015517653218e-15,2.725789748395167120e-15,3.158595628160185157e-15,1.886528923434087147e-15,1.908894282704321049e-15,2.130659846265645106e-15,2.162376883219159931e-15,2.182762052381870464e-15,2.069783259090022602e-15,2.159399433075449623e-15,1.780171388447372288e-15,1.814078394995811917e-15,1.959491160908763428e-15,2.683958934494121376e-15,4.264098460810718159e-15,1.548754260399312509e-15,1.652883022362947248e-15,1.649868738433126167e-15,1.457816886933925898e-15,1.511044519803093387e-15,1.944020748004168742e-15,1.794643466973358113e-15,1.756075980873073251e-15,1.732163723253380159e-15,1.633113374335050614e-15,2.004935256258971381e-15,2.479746535287828470e-15,1.470353490440604140e-15,1.532998763731833212e-15,1.491111336792220626e-15,1.615907633287773751e-15,1.812442728569436468e-15,1.788761727899425900e-15,1.739247150830322380e-15,1.797305331364748362e-15,1.894029633208051769e-15,2.298735852860629650e-15,2.951466038418690980e-15,1.276404112120623028e-15,1.357540573349376656e-15,1.433840825894494403e-15,1.587829364189970529e-15,1.667319600198487379e-15,1.690440411235423859e-15,1.857032060274762371e-15,1.846581514116167189e-15,2.263199564282977753e-15,2.791194705816299304e-15,1.737009045416025098e-15,1.589389639007876898e-15,1.724610426000875316e-15,1.822749700129012621e-15,2.788571381379479505e-15,2.430393595659271351e-15,3.618760159209558639e-15,9.419452503054046590e-15,5.076904427394606322e-15,2.699297195515500104e-15
2.186042596881904845e-15,2.953154234080680731e-15,2.506522787307178969e-15,3.179498320211358715e-15,2.652282176586576164e-15,2.418370026138515500e-15,2.222716277079257324e-15,2.379622194544575809e-15,1.922542250906402232e-15,2.007373044543727153e-15,1.809883083708967966e-15,2.357103333773586915e-15,2.865288179544294771e-15,2.491158500292939069e-15,2.390540726951082830e-15,2.586152976975456686e-15,2.134615487029414876e-15,2.045833039853341883e-15,2.121298078156654057e-15,2.146877028752903632e-15,2.317738910195159325e-15,2.877664234354141760e-15,3.327477140357202437e-15,1.984147474998495019e-15,2.009321280472639548e-15,2.244596007978732623e-15,2.278785706406034993e-15,2.299738049925110406e-15,2.180193912433359514e-15,2.275073033132979579e-15,1.872681761843554495e-15,1.908677961196310380e-15,2.053745944957295640e-15,2.820025321654408012e-15,4.489144613547503714e-15,1.627475483471942698e-15,1.737726176611258492e-15,1.733025305938952478e-15,1.518585570648194482e-15,1.568483693965496411e-15,2.045737740369214119e-15,1.887914904826502122e-15,1.846749383758500563e-15,1.821508535218362376e-15,1.705287478905082567e-15,2.068190257367266797e-15,2.558615316329809458e-15,1.544474461311217395e-15,1.610573556178464130e-15,1.565379005857152189e-15,1.695964223687658966e-15,1.903617806526488014e-15,1.881435011725515858e-15,1.826921608354556669e-15,1.889015854021433857e-15,1.991914509385253747e-15,2.401294377262619543e-15,3.037121489658446563e-15,1.339338347228376345e-15,1.425136295355775477e-15,1.498341480690671720e-15,1.666052226629626411e-15,1.743620669318342529e-15,1.775780959937088796e-15,1.946654936422036253e-15,1.907875079969668939e-15,2.367317294638201245e-15,2.914702504394440544e-15,1.819539413554535933e-15,1.629959091534777337e-15,1.769076379147847803e-15,1.875579662488702783e-15,2.842547084885036287e-15,2.519962633173202802e-15,3.792898789921788369e-15,9.111960908988844888e-15,5.171848290495276979e-15,2.753249364861323416e-15
2.296101540687676967e-15,3.112929445297133118e-15,2.633216895190556833e-15,3.245295956068601274e-15,2.790906412236300050e-15,2.543044967740570130e-15,2.338100923773317841e-15,2.506123337695883211e-15,2.020620139109261712e-15,2.108417995165958998e-15,1.897068158271164996e-15,2.474201350279746254e-15,2.923668873575400669e-15,2.619616720497347174e-15,2.513739522055925137e-15,2.724825427644976245e-15,2.245543433138094177e-15,2.150151141543103669e-15,2.230761796922245428e-15,2.255189809941120510e-15,2.437069260539430298e-15,3.035938882532260456e-15,3.505236642741930575e-15,2.083216766379256780e-15,2.112725321187341342e-15,2.361135854193058700e-15,2.398512340270453833e-15,2.421105532625832807e-15,2.293524935723157609e-15,2.393306661657400748e-15,1.968012382339721775e-15,2.006004596012505947e-15,2.152554777759981900e-15,2.963076456469448943e-15,4.727189840468277530e-15,1.708205239995381488e-15,1.824734209415438295e-15,1.819505823263867248e-15,1.582162416413122053e-15,1.628439913337222523e-15,2.151324434120919843e-15,1.984241925418377629e-15,1.939335536074317806e-15,1.913901751942454292e-15,1.780885679268061347e-15,2.133743698335292827e-15,2.640352427718428048e-15,1.620887016530152651e-15,1.689784272938557002e-15,1.642493048545798657e-15,1.779420299107728873e-15,1.998778976079178183e-15,1.977356756151176871e-15,1.918282852495701460e-15,1.984481601289550095e-15,2.093751612322828012e-15,2.508927329769181679e-15,3.126042324806019286e-15,1.403465047421496122e-15,1.494889319689932151e-15,1.565837196664309482e-15,1.747619623155079025e-15,1.823548360544399734e-15,1.864596237397210491e-15,2.040533493574196440e-15,1.971536479580140939e-15,2.476629161269978028e-15,3.044413251442774047e-15,1.905960472249962081e-15,1.671638951039552100e-15,1.814778458479500738e-15,1.930140792840371883e-15,2.897521064588980987e-15,2.613382720038342763e-15,3.976467711068754398e-15,8.845199722643638051e-15,5.268422852201241419e-15,2.808268196566062155e-15
2.406779277997023948e-15,3.274298865912866471e-15,2.759756715008124776e-15,3.312661171822621567e-15,2.930344250506031619e-15,2.668639549970701700e-15,2.455501559583814616e-15,2.636570320181981639e-15,2.120940865293274768e-15,2.210584368384455190e-15,1.984385683698849543e-15,2.590988928963350112e-15,2.983525391508934548e-15,2.748772213732643177e-15,2.637931620825305053e-15,2.866208860159232258e-15,2.360281491644844698e-15,2.256100782227004404e-15,2.342291643644023187e-15,2.364314042516316421e-15,2.557586861029696575e-15,3.200082662625135861e-15,3.691815737483129108e-15,2.183139889609972408e-15,2.218648907514022466e-15,2.479606183676089425e-15,2.520947890334227406e-15,2.546447203449059133e-15,2.409186541321926403e-15,2.513401063768909177e-15,2.065777212715100599e-15,2.105632428767997089e-15,2.255958520301720314e-15,3.113153092492040735e-15,4.978456460792683616e-15,1.790591365056919000e-15,1.913511036820335605e-15,1.909148260140543644e-15,1.648640844393623674e-15,1.691013717829727648e-15,2.260476310212896870e-15,2.083269910960405458e-15,2.033347663827640108e-15,2.009037200840375607e-15,1.859998290880321205e-15,2.201677976144335319e-15,2.725043817667550412e-15,1.699329661821504292e-15,1.770246470557393108e-15,1.722300032940338997e-15,1.866180296158757617e-15,2.097818050553980917e-15,2.076216647186991681e-15,2.013194566152144612e-15,2.083521123919035120e-15,2.199314135655591415e-15,2.621791326780119171e-15,3.218377697860908664e-15,1.468488829548066063e-15,1.566586501324420862e-15,1.636383911525324943e-15,1.832449521321327141e-15,1.907170980758306357e-15,1.956729242136955448e-15,2.138687026340930805e-15,2.037658519957498080e-15,2.591269944168618712e-15,3.180537390157442323e-15,1.996301545827774067e-15,1.714427225185448814e-15,1.861694027590204025e-15,1.986487589811363736e-15,2.953509972808950815e-15,2.710803930416083771e-15,4.169733708531451941e-15,8.613372342868710972e-15,5.366650680523561088e-15,2.864374308824713660e-15
2.517334728422559183e-15,3.435937373930193438e-15,2.885211101639828828e-15,3.381267254792138621e-15,3.069525435530014380e-15,2.794256169146795329e-15,2.574192247407288447e-15,2.770351575530061926e-15,2.222996645405557972e-15,2.313241583137954779e-15,2.071318260088513565e-15,2.706651006260853472e-15,3.044589603456661589e-15,2.877676391414477806e-15,2.762238709366489404e-15,3.009354046788521164e-15,2.478411265153235190e-15,2.363048255159681154e-15,2.455234666723688106e-15,2.473531658533626971e-15,2.678466105873823026e-15,3.369369075272472488e-15,3.886975658226112047e-15,2.283295352083803588e-15,2.326558409139290406e-15,2.599260945345428961e-15,2.645386521226480718e-15,2.675229491802786962e-15,2.526507690033894720e-15,2.634584870293254523e-15,2.165523168363449631e-15,2.207069202736459019e-15,2.363948044040928591e-15,3.270192456217583878e-15,5.242923789702243380e-15,1.874240332999685600e-15,2.003613076210820700e-15,2.001730277352912780e-15,1.718104568314081201e-15,1.756303004999914027e-15,2.372799460361201580e-15,2.184572453679492075e-15,2.128257961502638786e-15,2.106540704477799700e-15,1.942696368230232819e-15,2.272071614883437483e-15,2.812761717501321797e-15,1.779495184456116598e-15,1.851545676301112340e-15,1.804596824750272628e-15,1.956095444602764758e-15,2.200560245835140576e-15,2.177630758085567613e-15,2.111455818490015863e-15,2.185880866844385762e-15,2.308292846407206927e-15,2.740011787385067107e-15,3.310903848871418036e-15,1.534098346894528865e-15,1.639974719962675481e-15,1.710017006399911649e-15,1.920409665417327181e-15,1.994529210660481518e-15,2.051960009833954557e-15,2.241085844569680572e-15,2.106332200662341076e-15,2.711334795152476307e-15,3.323245598426040777e-15,2.090551519985430274e-15,1.758291837136966690e-15,1.909724518332064621e-15,2.044670812170383546e-15,3.010530669378792853e-15,2.812366404272817209e-15,4.372855492331380436e-15,8.411802504694201501e-15,5.466554451943009808e-15,2.921588699547859292e-15
2.627150573940187459e-15,3.596706490189765090e-15,3.008864370071949389e-15,3.451010980874857653e-15,3.207561351131603766e-15,2.919136239000878699e-15,2.693500953410840408e-15,2.906840656861729483e-15,2.326293661005213416e-15,2.415834436560960530e-15,2.157452487275965404e-15,2.820572360184352422e-15,3.106771685129564375e-15,3.005543884699028674e-15,2.885913590082142247e-15,3.153374043652561147e-15,2.599489637014363450e-15,2.470413424169583498e-15,2.568978192327245098e-15,2.582232858506268636e-15,2.798991297742873227e-15,3.543031409022984774e-15,4.090441041415551801e-15,2.383148251248537650e-15,2.435929753506994128e-15,2.719414709443316327e-15,2.771148670754233381e-15,2.806897921827146508e-15,2.644851127573947593e-15,2.756154590516033746e-15,2.266799584014605987e-15,2.309832961063204802e-15,2.476499063543299787e-15,3.434112327075699407e-15,5.520625914707588078e-15,1.958773626434506691e-15,2.094615440755800669e-15,2.097006611821290059e-15,1.790640864374378166e-15,1.824414594385171236e-15,2.487877482800993595e-15,2.287717183797809646e-15,2.223582230221861733e-15,2.206026926960024943e-15,2.029049400438246367e-15,2.345032951359103631e-15,2.903648057641793521e-15,1.861072373646593601e-15,1.933298323410981291e-15,1.889161325356502684e-15,2.048993880870031027e-15,2.306803754446772289e-15,2.281201407868422709e-15,2.212839891693150207e-15,2.291280996070714051e-15,2.420351444715271415e-15,2.863726653179200467e-15,3.405787345430795515e-15,1.600008406640668209e-15,1.714793627109799559e-15,1.786764833508602237e-15,2.011345490324674498e-15,2.085656465616320359e-15,2.150044296060747873e-15,2.347682774403859995e-15,2.177668538266566523e-15,2.836923273400985018e-15,3.472744125323663860e-15,2.188684526095324564e-15,1.803324095139083610e-15,1.959017052374424554e-15,2.104770661177871451e-15,3.068600220417789577e-15,2.918250769188760194e-15,4.586055492643477075e-15,8.236710748915687363e-15,5.568156939755430143e-15,2.979932752498270211e-15
2.735763201551571389e-15,3.755726466073765749e-15,3.130249203239530749e-15,3.521950949077958266e-15,3.343795135961950113e-15,3.042700784217201665e-15,2.812844284940075942e-15,3.045423140841251445e-15,2.430374097600816167e-15,2.517910014378380687e-15,2.242494795973342146e-15,2.932362711669701898e-15,3.170110544146930998e-15,3.131794231631397861e-15,3.008379941456795150e-15,3.297494293222153526e-15,2.723063834897613562e-15,2.577698487180020596e-15,2.682980275522117070e-15,2.689946123020961144e-15,2.918594540061031735e-15,3.720294346718800471e-15,4.301897253648060881e-15,2.482275550821009935e-15,2.546271931227170863e-15,2.839478443788579861e-15,2.897615111390768905e-15,2.940898943608669766e-15,2.763645129991477877e-15,2.877511760543306817e-15,2.369177093386373288e-15,2.413473234655283126e-15,2.593568208662424394e-15,3.604804686520249021e-15,5.811627000870618330e-15,2.043843589063143110e-15,2.186130513736454462e-15,2.194714623438475551e-15,1.866337239788363583e-15,1.895461863060253254e-15,2.605285509444717060e-15,2.392282826032367848e-15,2.318902468219509601e-15,2.307113475884267220e-15,2.119121810869059737e-15,2.420687174256635081e-15,2.997876552831340457e-15,1.943757361766929642e-15,2.015168424165623648e-15,1.975757785684164062e-15,2.144682754853282394e-15,2.416322159130180067e-15,2.386531553082803205e-15,2.317098296185022941e-15,2.399421877057893856e-15,2.535135666498765120e-15,2.993079119770242166e-15,3.503536308788385384e-15,1.665971060778647067e-15,1.790784360184847747e-15,1.866646104629241273e-15,2.105081627198666951e-15,2.180575381606755510e-15,2.250718806892422718e-15,2.458410142081540864e-15,2.251792070566519547e-15,2.968132412758424850e-15,3.629262440463427072e-15,2.290656945783455422e-15,1.849606573058672002e-15,2.009681031828716604e-15,2.166880316694292735e-15,3.127735898281383457e-15,3.028665144311003021e-15,4.809597037828086498e-15,8.085015827284907747e-15,5.671481007061094977e-15,3.039428243909160072e-15
2.842817727762209406e-15,3.912293126576875112e-15,3.249062032543671353e-15,3.594142153522391018e-15,3.477728249138789634e-15,3.164496492390424348e-15,2.931700190857326001e-15,3.185470689248830814e-15,2.534801532871328869e-15,2.619090177803081240e-15,2.326237173137642409e-15,3.041779694890728124e-15,3.234643755973665923e-15,3.255988207190384922e-15,3.129181386157987702e-15,3.441013154717910146e-15,2.848651237435499997e-15,2.684464803745055778e-15,2.796747252745565733e-15,2.796298876284460703e-15,3.036812744662731233e-15,3.900326459250401354e-15,4.520904520882713791e-15,2.580335783535775164e-15,2.657110858232640113e-15,2.958930378782933634e-15,3.024202337168551106e-15,3.076655905582582980e-15,2.882360584530444405e-15,2.998131539596133377e-15,2.472234853469827821e-15,2.517557064895260143e-15,2.715069120496330298e-15,3.782081098489632628e-15,6.115833342328918565e-15,2.129124139381289507e-15,2.277796424038847838e-15,2.294561703749188898e-15,1.945272623796973388e-15,1.969557449858483940e-15,2.724572420249173130e-15,2.497846205557750736e-15,2.413849462370151982e-15,2.409409083753411237e-15,2.212959577888703370e-15,2.499159417528674180e-15,3.095614071471556794e-15,2.027246677928933023e-15,2.096856221049954743e-15,2.064127773603187940e-15,2.242934964152399956e-15,2.528846199062103505e-15,2.493211615153386750e-15,2.423945245214844238e-15,2.509968002879644837e-15,2.652255365771373709e-15,3.128188034715792756e-15,3.604372531401040803e-15,1.731768419238064124e-15,1.867684103842427539e-15,1.949659402295760678e-15,2.201409022523857707e-15,2.279282601819568181e-15,2.353687488976337260e-15,2.573158771981662387e-15,2.328829296891655069e-15,3.105026015741471483e-15,3.793006046366798943e-15,2.396389747861703692e-15,1.897199085554883489e-15,2.061787474154559213e-15,2.231090562828072291e-15,3.187955181051560183e-15,3.143817826582000071e-15,5.043677247413825671e-15,7.954169178946426349e-15,5.776549598057096760e-15,3.100097348498309106e-15
2.948074002766120913e-15,4.065899451399376296e-15,3.365157553471901568e-15,3.667636328145558055e-15,3.609029786830050246e-15,3.284205952612380447e-15,3.049628243186923251e-15,3.326366912578687905e-15,2.639178146188735249e-15,2.719082781642122336e-15,2.408556934494240363e-15,3.148721439677028663e-15,3.300407654199904876e-15,3.377835212981613933e-15,3.247992631117117434e-15,3.583331841388674701e-15,2.975756728405165290e-15,2.790348789000243731e-15,2.909853153186392178e-15,2.901025794736496491e-15,3.153300909290635780e-15,4.082273828087847777e-15,4.746900704033677492e-15,2.677077471294342630e-15,2.768008477230810353e-15,3.077335940208683260e-15,3.150387113734990568e-15,3.213591666641318907e-15,3.000532489733702856e-15,3.117582398688013901e-15,2.575576996527075839e-15,2.621686094975475223e-15,2.840870756715036279e-15,3.965670224084072897e-15,6.432979149086763355e-15,2.214322817773265306e-15,2.369290653142935610e-15,2.396233545799718828e-15,2.027515753377100356e-15,2.046812566786710149e-15,2.845276947242970693e-15,2.603998526335022422e-15,2.508115660398603735e-15,2.512528094690779318e-15,2.310587893081692943e-15,2.580576573502607543e-15,3.197026455960991590e-15,2.111248227011454955e-15,2.178108366210950897e-15,2.153997696813158448e-15,2.343494010127467115e-15,2.644069468056590363e-15,2.600834607834869541e-15,2.533064796539380913e-15,2.622557619336520051e-15,2.771296755017551840e-15,3.269143952525717443e-15,3.708466900649035956e-15,1.797219341428647378e-15,1.945235191481065947e-15,2.035781545098851999e-15,2.300089074427881032e-15,2.381746592150006793e-15,2.458629671128587342e-15,2.691777223353420332e-15,2.408909347551238536e-15,3.247630408414062405e-15,3.964152077358981997e-15,2.505767408437282485e-15,1.946155456336064610e-15,2.115398179468231971e-15,2.297492400933617421e-15,3.249275751739455446e-15,3.263917953156749943e-15,5.288417574048018927e-15,7.842047278102081317e-15,5.883385728529819176e-15,3.161962645795915024e-15
3.051404010128465911e-15,4.216239421212200113e-15,3.478532509675370017e-15,3.742482446945856746e-15,3.737532080947688022e-15,3.401647042541643676e-15,3.166283135133256037e-15,3.467532664748623237e-15,2.743159008438175678e-15,2.817686212750214580e-15,2.489411016120564463e-15,3.253210313561356542e-15,3.367437558402818365e-15,3.497188979523119898e-15,3.364620074227846990e-15,3.723975278755404171e-15,3.103891275947805138e-15,2.895071759157354168e-15,3.021953610118748286e-15,3.003968898960724648e-15,3.267835799773678797e-15,4.265296302660438119e-15,4.979210491150073821e-15,2.772340742144946195e-15,2.878579143538195466e-15,3.194360426366957135e-15,3.275726092527388063e-15,3.351151628309517362e-15,3.117776225489301072e-15,3.235538008550017723e-15,2.678847312482603867e-15,2.725511079878880062e-15,2.970797085088519470e-15,4.155218412326457297e-15,6.762616170368961415e-15,2.299190360152598169e-15,2.460340690658436888e-15,2.499403910913870542e-15,2.113123495479397154e-15,2.127336184611260655e-15,2.966944782139640030e-15,2.710360753442571626e-15,2.601463276424262011e-15,2.616104727765445765e-15,2.412009004342847018e-15,2.665068309033578381e-15,3.302281340909189256e-15,2.195491565351231857e-15,2.258724666457294006e-15,2.245087372062368805e-15,2.446080518204877990e-15,2.761656268820304935e-15,2.709011285200483458e-15,2.644119892159954880e-15,2.736814186209621592e-15,2.891836450549081819e-15,3.416005157340168645e-15,3.815975209234666289e-15,1.862183547640363175e-15,2.023193947140557230e-15,2.124966363374144420e-15,2.400859371102659757e-15,2.487905999606638219e-15,2.565209853086280786e-15,2.814072503847594847e-15,2.492164349508458263e-15,3.395930542896123589e-15,4.142844429292640334e-15,2.618637979092735665e-15,1.996527863059008248e-15,2.170572281991851372e-15,2.366178379797512441e-15,3.311715497345184197e-15,3.389175505546069637e-15,5.543854129209882826e-15,7.746868955585736902e-15,5.992012476000663415e-15,3.225047126588968147e-15
3.152782250591103253e-15,4.363196294252285544e-15,3.589302485696307517e-15,3.818727188267282940e-15,3.863215303716551456e-15,3.516763147755240483e-15,3.281420776068619618e-15,3.608448540323623836e-15,2.846462399207366439e-15,2.914787659287674188e-15,2.568826243833452470e-15,3.355371193782587758e-15,3.435767991588282077e-15,3.614033886093877295e-15,3.478993359529074832e-15,3.862602602693941469e-15,3.232590269751532368e-15,2.998443450498314793e-15,3.132793458961575393e-15,3.105070617789630353e-15,3.380310980578782235e-15,4.448603131819138467e-15,5.217061278380021456e-15,2.866052922555835541e-15,2.988502007625116870e-15,3.309773940384244897e-15,3.399868991648709774e-15,3.488825228686304812e-15,3.233797490765433578e-15,3.351781001675169032e-15,2.781741009253979696e-15,2.828742712599069289e-15,3.104628388287694197e-15,4.350293833523880352e-15,7.104109133610571733e-15,2.383527189194531219e-15,2.550731050226332224e-15,2.603745287183547873e-15,2.202139153792086793e-15,2.211234094893797523e-15,3.089145358706096304e-15,2.816596867023782249e-15,2.693727389255452733e-15,2.719805995754448667e-15,2.517200360620427165e-15,2.752767670976461086e-15,3.411549672330221009e-15,2.279736710423507120e-15,2.338561151170178587e-15,2.337119098241544403e-15,2.550400135208742617e-15,2.881251282844138396e-15,2.817384112545938218e-15,2.756762810715704843e-15,2.852358953857411359e-15,3.013456355473687039e-15,3.568793831068409797e-15,3.927049040146238994e-15,1.926563094781844191e-15,2.101338630599110466e-15,2.217143998980689594e-15,2.503440805025082782e-15,2.597668713137831217e-15,2.673088554221488633e-15,2.939812424368790872e-15,2.578729595049842668e-15,3.549866700277183672e-15,4.329188631860331127e-15,2.734814457185545397e-15,2.048368498085783325e-15,2.227368585871470420e-15,2.437243365557169622e-15,3.375292507757726783e-15,3.519800853061364037e-15,5.809928545757668150e-15,7.667131132324537416e-15,6.102452969488072511e-15,3.289374199447617581e-15
3.252271304465612265e-15,4.506819340148866982e-15,3.697675535617162746e-15,3.896415347216013196e-15,3.986184779515336035e-15,3.629606807632450938e-15,3.394897369180385041e-15,3.748672763776689459e-15,2.948875641210639491e-15,3.010356240505404405e-15,2.646887231517402754e-15,3.455407583475167681e-15,3.505432874463614148e-15,3.728465039339413128e-15,3.591150296021652904e-15,3.999007555783977777e-15,3.361430188227569016e-15,3.100359747293235810e-15,3.242208082037394839e-15,3.204361699987424332e-15,3.490725111187566903e-15,4.631484795400309042e-15,5.459605448144961645e-15,2.958219518613762601e-15,3.097528676949939426e-15,3.423449144615246702e-15,3.522564790577857295e-15,3.626164161827319550e-15,3.348395707140896436e-15,3.466199372411255429e-15,2.884012804894793158e-15,2.931158177405376153e-15,3.242104342618441127e-15,4.550394442027500480e-15,7.456638837720816588e-15,2.467186613895875942e-15,2.640306438574815838e-15,2.708939735722165323e-15,2.294590823663608024e-15,2.298607858496830360e-15,3.211487025261431059e-15,2.922424049164406113e-15,2.784814419915348497e-15,2.823342342384766171e-15,2.626113192397971300e-15,2.843811458683506806e-15,3.525006586123944450e-15,2.363780912893268616e-15,2.417529667152731716e-15,2.429826639792991949e-15,2.656152389853945503e-15,3.002490543994876333e-15,2.925639025294164777e-15,2.870646403195178616e-15,2.968823811785710604e-15,3.135758313980820706e-15,3.727492588433030835e-15,4.041840275907166543e-15,1.990301439412654160e-15,2.179475961837878281e-15,2.312220841310584495e-15,2.607545715262007845e-15,2.710911785075952495e-15,2.781933523414954386e-15,3.068729680886725145e-15,2.668743571689677149e-15,3.709332082317380956e-15,4.523246718595636770e-15,2.854077566788356023e-15,2.101730365466802395e-15,2.285846636096273366e-15,2.510785036631504796e-15,3.440025074485279411e-15,3.656003947612561700e-15,6.086480229474214945e-15,7.601558321792567206e-15,6.214730378874948511e-15,3.354967697328075836e-15
3.350004853515748265e-15,4.647293729142606751e-15,3.803925864428668496e-15,3.975590197337049680e-15,4.106644746866487443e-15,3.740319635501212312e-15,3.506662616858794126e-15,3.887853285199367690e-15,3.050256481464278713e-15,3.104432505796778093e-15,2.723723435580976517e-15,3.553578267830489694e-15,3.576465696303887976e-15,3.840665305057800041e-15,3.701217853315992013e-15,4.133110257719228563e-15,3.490042368891754336e-15,3.200795725874454922e-15,3.350119268182860707e-15,3.301946060396944416e-15,3.599165853124667421e-15,4.813338375375762583e-15,5.705948042611848165e-15,3.048912234403180644e-15,3.205486029387944787e-15,3.535353161033294556e-15,3.643661266473844899e-15,3.762796015325563146e-15,3.461461465921345141e-15,3.578777027163581085e-15,2.985481058397714200e-15,3.032603361798753339e-15,3.382928922925869444e-15,4.754959756316015139e-15,7.819214267519180291e-15,2.550074884648761997e-15,2.728971302018736482e-15,2.814689188988957344e-15,2.390489867635504553e-15,2.389553652451533254e-15,3.333629513363407655e-15,3.027619247711077698e-15,2.874696822291118440e-15,2.926475340267543978e-15,2.738671661633130301e-15,2.938340449599882111e-15,3.642831930688048149e-15,2.447463057338488201e-15,2.495594538561840267e-15,2.522963529238427011e-15,2.763039995019890367e-15,3.125013053971960524e-15,3.033514212775349033e-15,2.985435383346657091e-15,3.085863519217856416e-15,3.258377481061401665e-15,3.892041616517088913e-15,4.160503362955226628e-15,2.053380518268890650e-15,2.257445862227576338e-15,2.410080191318507513e-15,2.712886600426691326e-15,2.827482342683333560e-15,2.891430558346568474e-15,3.200527627452404862e-15,2.762347883283408690e-15,3.874171575061954879e-15,4.725032369770793853e-15,2.976179968627125035e-15,2.156667731309969020e-15,2.346067302674385563e-15,2.586904229939745539e-15,3.505931689211828014e-15,3.797993229575053472e-15,6.373240851875744827e-15,7.549062552843600572e-15,6.328867903870961183e-15,3.421851884251052137e-15
3.446170168953983570e-15,4.784907992303601097e-15,3.908369853646141206e-15,4.056293806004697582e-15,4.224871763057624906e-15,3.849111105299696680e-15,3.616748649101857894e-15,4.025733641555950212e-15,3.150530510635176844e-15,3.197115884000203333e-15,2.799496588689748239e-15,3.650176365906007880e-15,3.648899664436555162e-15,3.950882033135165603e-15,3.809391756253005993e-15,4.264942588279002673e-15,3.618123011677392769e-15,3.299795423944643473e-15,3.456526829112298728e-15,3.397984498903126801e-15,3.705791703900078916e-15,4.993684704170191951e-15,5.955178158148667506e-15,3.138255625641335078e-15,3.312274581928270735e-15,3.645535354772248479e-15,3.763098898596441473e-15,3.898432604563906695e-15,3.572969164528610160e-15,3.689580369042265495e-15,3.086028086672082715e-15,3.132991120668511743e-15,3.526777051491164667e-15,4.963386096733678319e-15,8.190694389129486249e-15,2.632148537976330634e-15,2.816686310805779896e-15,2.920724520131409073e-15,2.489829590518500668e-15,2.484161029895664795e-15,3.455292936107164357e-15,3.132021982982071319e-15,2.963405067500448337e-15,3.029022135231181282e-15,2.854772704372723000e-15,3.036499521752638725e-15,3.765210568556045527e-15,2.530665615154986478e-15,2.572767032448053841e-15,2.616310167617178658e-15,2.870778014486076883e-15,3.248472294551557908e-15,3.140805516558868695e-15,3.100816926115040224e-15,3.203166488089395634e-15,3.380993495016628303e-15,4.062336661736885018e-15,4.283196619629579790e-15,2.115816391405660591e-15,2.335124242304155413e-15,2.510583713535703751e-15,2.819184877688135140e-15,2.947199573809327590e-15,3.001293216798919707e-15,3.334887568164187045e-15,2.859687077406300545e-15,4.044181938724634987e-15,4.934506624718912693e-15,3.100851812020560276e-15,2.213236413933563695e-15,2.408093145956302425e-15,2.665705199709604285e-15,3.573031042169545191e-15,3.945974278715163825e-15,6.669831897050436657e-15,7.508711267945879820e-15,6.444888762556217695e-15,3.490051462048848195e-15
3.540991593343618193e-15,4.920022570574738965e-15,4.011345762292402147e-15,4.138567308615166719e-15,4.341190101400670486e-15,3.956238235402706483e-15,3.725256400057261016e-15,4.162152864945386641e-15,3.249685435261904375e-15,3.288551505432818679e-15,2.874389359498558859e-15,3.745511802666845330e-15,3.722767834779270349e-15,4.059405493060416107e-15,3.915916696819291275e-15,4.394629686401644347e-15,3.745438990981190480e-15,3.397459787024411763e-15,3.561497420788341500e-15,3.492678851784240859e-15,3.810813721024228810e-15,5.172176620437238168e-15,6.206401875129765737e-15,3.226413733395083412e-15,3.417863212040522148e-15,3.754112813573760056e-15,3.880900594496376509e-15,4.032872911903690046e-15,3.682966276820782328e-15,3.798742820488427331e-15,3.185597174268929517e-15,3.232296322936903075e-15,3.673302764438223205e-15,5.175044569510158931e-15,8.569819379505781208e-15,2.713409653072075333e-15,2.903462546117638789e-15,3.026812835990946021e-15,2.592584196070059100e-15,2.582511611812001604e-15,3.576262953433647763e-15,3.235533652084576058e-15,3.051018053001535262e-15,3.130856671007161166e-15,2.974286667807924624e-15,3.138437695863516527e-15,3.892332524794001815e-15,2.613314309041091322e-15,2.649098437343215748e-15,2.709679328878695366e-15,2.979102323725974065e-15,3.372546891924457450e-15,3.247368404488422167e-15,3.216509896499980256e-15,3.320463448425877457e-15,3.503338792398866915e-15,4.238228097937175857e-15,4.410083080150862847e-15,2.177654017408181187e-15,2.412423858119849386e-15,2.613573694289617060e-15,2.926179151188922155e-15,3.069857810641847359e-15,3.111270820771436958e-15,3.471477260494204651e-15,2.960908385902356415e-15,4.219113623676039930e-15,5.151574475276417051e-15,3.227807432112709481e-15,2.271493992423093781e-15,2.471988672582160656e-15,2.747295820675629640e-15,3.641342020316407920e-15,4.100148232402109558e-15,6.975765975035042863e-15,7.479701390908353002e-15,6.562816179493166643e-15,3.559591577183337857e-15
3.634716006814384769e-15,5.053041824238517529e-15,4.113197619048150468e-15,4.222451146584366782e-15,4.455950593232132784e-15,4.061987527584757991e-15,3.832341024509689895e-15,4.297040298545275066e-15,3.347763174344354836e-15,3.378917518715115724e-15,2.948595719952942683e-15,3.839897542262480278e-15,3.798103225833296000e-15,4.166550260826646339e-15,4.021068550187846660e-15,4.522369912405268630e-15,3.871829507824252731e-15,3.493934086705309424e-15,3.665151985324297212e-15,3.586257660486577737e-15,3.914478579754447240e-15,5.348598729548697814e-15,6.458774288181249478e-15,3.313577686884938285e-15,3.522281246780208883e-15,3.861255147362451490e-15,3.997158831936802485e-15,4.166001101728122924e-15,3.791560742131560827e-15,3.906448943087643784e-15,3.284187016882453227e-15,3.330548592259222603e-15,3.822148531851859912e-15,5.389300780597217489e-15,8.955250030091197563e-15,2.793899725554014598e-15,2.989354222727844309e-15,3.132762636756105711e-15,2.698708106114372102e-15,2.684677734270674906e-15,3.696392150800183135e-15,3.338113884312185287e-15,3.137652962461718822e-15,3.231908026707687091e-15,3.097058810743850175e-15,3.244308108555743595e-15,4.024393017057320992e-15,2.695375831238497412e-15,2.724672515682568700e-15,2.802919838055744448e-15,3.087776864043602026e-15,3.496949773963599470e-15,3.353116811461404394e-15,3.332272176635919642e-15,3.437533557400752048e-15,3.625203721493968389e-15,4.419521281694731421e-15,4.541331090418219913e-15,2.238961682516752736e-15,2.489293423950705385e-15,2.718876075317902694e-15,3.033632499268618553e-15,3.195230664901084272e-15,3.221154336668054962e-15,3.609960205805483737e-15,3.066161380939249209e-15,4.398674331546283487e-15,5.376082653346526143e-15,3.356752895063925577e-15,2.331499970713251078e-15,2.537820532540555527e-15,2.831787752885754778e-15,3.710883705313280515e-15,4.260709989417409426e-15,7.290452436818265541e-15,7.461338216137689080e-15,6.682673373398658475e-15,3.630497827630387785e-15
3.727600778102360308e-15,5.184390769686121395e-15,4.214263230345223854e-15,4.307985273777735836e-15,4.569513544973441939e-15,4.166659884785758559e-15,3.938197643360468183e-15,4.430406545835859633e-15,3.444850754937216749e-15,3.468413672301403891e-15,3.022313198850733213e-15,3.933639441512495497e-15,3.874938918304644048e-15,4.272640115367633561e-15,4.125139369326729235e-15,4.648415186120281870e-15,3.997204005795168260e-15,3.589395828733597679e-15,3.767653024999449221e-15,3.678963979598163921e-15,4.017053860950863118e-15,5.522859921359757165e-15,6.711528269827341950e-15,3.399954893849846582e-15,3.625608980185891469e-15,3.967169884819920561e-15,4.112021710460655125e-15,4.297780496288639890e-15,3.898907798021046657e-15,4.012919421828751394e-15,3.381844438442456989e-15,3.427823684893971456e-15,3.972955255624216010e-15,5.605535053546556196e-15,9.345613087835869220e-15,2.873692834639509345e-15,3.074450734068823025e-15,3.238426700768050607e-15,2.808135716609908808e-15,2.790721080572734631e-15,3.815598027362215066e-15,3.439774680133644305e-15,3.223455400517758366e-15,3.332156411215380592e-15,3.222911693286478777e-15,3.354267921769479255e-15,4.161592385008571179e-15,2.776854070348709855e-15,2.799597967229614715e-15,2.895918367647358258e-15,3.196599311006596023e-15,3.621435318384603758e-15,3.458019382488564519e-15,3.447905756593179960e-15,3.554207777590873452e-15,3.746438437691843949e-15,4.605978352637760213e-15,4.677114759968591422e-15,2.299825511932307057e-15,2.565715288602051965e-15,2.826304179604880311e-15,3.141338387231369764e-15,3.323076092605814514e-15,3.330779931456729551e-15,3.750005221635029836e-15,3.175597546369729382e-15,4.582534336540459123e-15,5.607818906675769212e-15,3.487394012885236793e-15,2.393315916273748414e-15,2.605657682829234102e-15,2.919296577588634194e-15,3.781675371288143983e-15,4.427846218555929613e-15,7.613207567613733779e-15,7.453018103498028667e-15,6.804483544362631780e-15,3.702796269828901610e-15
3.819904315765591500e-15,5.314496918037398909e-15,4.314865865698744391e-15,4.395209335559300018e-15,4.682235758129907512e-15,4.270558720590639833e-15,4.043048332263525532e-15,4.562331914979769439e-15,3.541070868874044248e-15,3.557251595729210081e-15,3.095736980336523173e-15,4.027029295748681470e-15,3.953308142325586284e-15,4.377996486731984730e-15,4.228425428339377582e-15,4.773053056785099110e-15,4.121537053645047038e-15,3.684043850455140302e-15,3.869192624890581429e-15,3.771045559861577416e-15,4.118815984795303290e-15,5.694980432087603654e-15,6.963997978104909120e-15,3.485760110616902683e-15,3.727967587780809782e-15,4.072089340066095095e-15,4.225679146381155641e-15,4.428244625051679366e-15,4.005197302214607256e-15,4.118397748502090834e-15,3.478656200883458247e-15,3.524234361357265244e-15,4.125372398169884294e-15,5.823161848976624360e-15,9.739549519039366559e-15,2.952888687325633721e-15,3.158868681998838869e-15,3.343702760968718604e-15,2.920781653314867481e-15,2.900691333702350595e-15,3.933858237110751093e-15,3.540573123793550932e-15,3.308590385869079695e-15,3.431627468908598092e-15,3.351648430395630535e-15,3.468478169729765681e-15,4.304135927193873165e-15,2.857785342439206325e-15,2.874001379228910857e-15,2.988599457278712079e-15,3.305404932754745993e-15,3.745804193017357741e-15,3.562093792298326894e-15,3.563259472794114895e-15,3.670369605864891904e-15,3.866951852663356837e-15,4.797321567796216221e-15,4.817614324196600204e-15,2.360344377303402069e-15,2.641702047900932578e-15,2.935662995650627540e-15,3.249124946015873899e-15,3.453142194398351899e-15,3.440030221985600734e-15,3.891295756882576239e-15,3.289369762911254180e-15,4.770333462308662694e-15,5.846513013155534998e-15,3.619444401945974995e-15,2.457005583882883096e-15,2.675571531503873315e-15,3.009941909297633559e-15,3.853736482384240602e-15,4.601733195312302291e-15,7.943269308731153837e-15,7.454214206054300099e-15,6.928269860604135805e-15,3.776513425692670047e-15
3.911879070788441374e-15,5.443776971102720292e-15,4.415309006704409455e-15,4.484162824190153188e-15,4.794461292182791511e-15,4.373981116297428414e-15,4.147130898839108187e-15,4.692953660355938770e-15,3.636572772169172777e-15,3.645646939489291593e-15,3.169055667491209582e-15,4.120340519545863150e-15,4.033244353995922106e-15,4.482930162207484880e-15,4.331218223359932664e-15,4.896591307411747288e-15,4.244861043525954159e-15,3.778089005832137820e-15,3.969981825409958725e-15,3.862747360699226965e-15,4.220040839018119508e-15,5.865075429176520206e-15,7.215635736981603428e-15,3.571208435014191794e-15,3.829509227820632437e-15,4.176259440458592302e-15,4.338350110459728375e-15,4.557486507062668201e-15,4.110642267030999374e-15,4.223139043228772584e-15,3.574740618243982284e-15,3.619921447601668389e-15,4.279067676604842805e-15,6.041647154647312505e-15,1.013576224763980946e-14,3.031605991515708176e-15,3.242744389942003253e-15,3.448532212615595778e-15,3.036541572234667766e-15,3.014624890368830311e-15,4.051203854421390381e-15,3.640603415501769385e-15,3.393234552390859208e-15,3.530385566182093248e-15,3.483056728729011013e-15,3.587103542516013092e-15,4.452233647907861503e-15,2.938233101874905291e-15,2.948020972906602922e-15,3.080923989128394340e-15,3.414068578317622515e-15,3.869905807365889082e-15,3.665399850947035394e-15,3.678229485122749034e-15,3.785953447328730891e-15,3.986708123847202053e-15,4.993238172613163470e-15,4.963016446251847100e-15,2.420625400626795833e-15,2.717292479845656180e-15,3.046753842955629251e-15,3.356857507102586801e-15,3.585173496596843009e-15,3.548833422899518110e-15,4.033538431112096612e-15,3.407631705221289096e-15,4.961689485033314841e-15,6.091839713220762147e-15,3.752633150983593414e-15,2.522635030543240004e-15,2.747636070000017879e-15,3.103847486490800182e-15,3.927086690073554460e-15,4.782534496353671125e-15,8.279816089997719032e-15,7.464464637895752744e-15,7.054055444762063890e-15,3.851676289679170448e-15
4.003766688149266624e-15,5.572627769356308828e-15,4.515873505843330088e-15,4.574885213853776968e-15,4.906515406960294047e-15,4.477211668886647993e-15,4.250689681002342158e-15,4.822453126559522324e-15,3.731524004446427517e-15,3.733813331345399133e-15,3.242448460564368390e-15,4.213825884885170283e-15,4.114781302759626293e-15,4.587735776986005299e-15,4.433798117506345131e-15,5.019345427497581587e-15,4.367257574491595253e-15,3.871746587361635449e-15,4.070241661004175111e-15,3.954306168874564545e-15,4.320996905647279670e-15,6.033336998412533476e-15,7.466021664306024345e-15,3.656510095209671253e-15,3.930407902162003755e-15,4.279930692404757257e-15,4.450271469620008231e-15,4.685647228286966091e-15,4.215469023668106991e-15,4.327401137288277881e-15,3.670239530720385750e-15,3.715045589366828185e-15,4.433735794210142080e-15,6.260522824564381244e-15,1.053305991885490058e-14,3.109976468180721038e-15,3.326227228508165539e-15,3.552897212958287083e-15,3.155293527347221109e-15,3.132543683092742929e-15,4.167711451615078879e-15,3.739988855384037669e-15,3.477569709850922917e-15,3.628526668434819129e-15,3.616913571908513261e-15,3.710312103856186941e-15,4.606099913221855118e-15,3.018282543443642264e-15,3.021801307957785920e-15,3.172886435020336067e-15,3.522504888337323248e-15,3.993638496618085674e-15,3.768032055834230899e-15,3.792757753678142201e-15,3.900941076854529594e-15,4.105721294804213153e-15,5.193386713230106513e-15,5.113514474998698894e-15,2.480780155220150592e-15,2.792547161291821763e-15,3.159379210383751464e-15,3.464439429640919243e-15,3.718917416218407268e-15,3.657160737255076749e-15,4.176470350324348580e-15,3.530537149157879639e-15,5.156207617298837567e-15,6.343423643482672764e-15,3.886711697558890530e-15,2.590272725194497290e-15,2.821927998410149502e-15,3.201141241750568690e-15,4.001745830241080582e-15,4.970398589556239633e-15,8.621988984538333050e-15,7.483362623299395454e-15,7.181863359705855560e-15,3.928312335915921648e-15
4.095794938169368730e-15,5.701420730375477406e-15,4.616816544170239594e-15,4.667416078184350184e-15,5.018701054874566274e-15,4.580518576323033324e-15,4.353968364123016552e-15,4.951043632713514493e-15,3.826103211834241039e-15,3.821957979000741070e-15,3.316083478564308061e-15,4.307716785473413870e-15,4.197953090925704353e-15,4.692688553581107050e-15,4.536430208134169817e-15,5.141628939142569021e-15,4.488848312930260780e-15,3.965230451694883296e-15,4.170195953872373565e-15,4.045947008592042583e-15,4.421940553587923324e-15,6.200016112866139955e-15,7.714866167872876573e-15,3.741866810092039539e-15,4.030851435357705971e-15,4.383351233782638821e-15,4.561688699975624607e-15,4.812904685447565476e-15,4.319909179494543460e-15,4.431437817887603729e-15,3.765311023994357214e-15,3.809780014467860614e-15,4.589105769006563115e-15,6.479397159095690141e-15,1.093039367943141651e-14,3.188139681281681868e-15,3.409473930422936577e-15,3.656816596639432772e-15,3.276899901143424771e-15,3.254454160647451178e-15,4.283494704695729697e-15,3.838874261755307042e-15,3.561777766200668853e-15,3.726171309575135414e-15,3.752990371537672332e-15,3.838274939951580355e-15,4.765953013300905941e-15,3.098035419294655192e-15,3.095488988916597681e-15,3.264511228402273115e-15,3.630666943156872293e-15,4.116947721259829393e-15,3.870112144887613844e-15,3.906828892810831928e-15,4.015356706436850613e-15,4.224048732311654241e-15,5.397404593588064077e-15,5.269308668079596094e-15,2.540921586118615798e-15,2.867544069597024711e-15,3.273347544122733701e-15,3.571811379587889302e-15,3.854130595718907151e-15,3.765022413923867656e-15,4.319864863617151152e-15,3.658239188270580442e-15,5.353490633689504061e-15,6.600846237540789878e-15,4.021459581997860204e-15,2.659989655478997251e-15,2.898526846597993921e-15,3.301955351009482192e-15,4.077733920019889730e-15,5.165456366593762497e-15,8.968916073424577445e-15,7.510548269128354504e-15,7.311716593878082255e-15,4.006449525377325915e-15
4.188176051997197876e-15,5.830499000789520947e-15,4.718371862419194070e-15,4.761795192795745399e-15,5.131297316459427452e-15,4.684151490987711368e-15,4.457204659510775957e-15,5.078959653766247638e-15,3.920494193866540162e-15,3.910278682241841274e-15,3.390116964456650464e-15,4.402223574630614420e-15,4.282794226479312546e-15,4.798042768862840889e-15,4.639361968464263887e-15,5.263746334911807973e-15,4.609785980712154678e-15,4.058748698049391697e-15,4.270065790135500619e-15,4.137881000694113895e-15,4.523113110380576952e-15,6.365405763710368813e-15,7.962006063705077820e-15,3.827469455405881508e-15,4.131034744967025151e-15,4.486761776537923814e-15,4.672848511271846186e-15,4.939463136246960546e-15,4.424193343461017571e-15,4.535493999992441860e-15,3.860123120048706174e-15,3.904304454518122684e-15,4.744946545565593303e-15,6.697961385971484794e-15,1.132688476952560261e-14,3.266238755613816839e-15,3.492643949179406346e-15,3.760341039896176135e-15,3.401209863888942196e-15,3.380346479063850517e-15,4.398696116138141076e-15,3.937419149993934594e-15,3.646036913047525223e-15,3.823458027167913984e-15,3.891058365308934558e-15,3.971165735723858941e-15,4.932014627000646119e-15,3.177605299153385834e-15,3.169229333171232425e-15,3.355848610866408047e-15,3.738543645971243512e-15,4.239822673502717396e-15,3.971782072152148672e-15,4.020465838681172468e-15,4.129261185397639690e-15,4.341783968080937479e-15,5.604916586986017474e-15,5.430606384773545609e-15,2.601161616699013467e-15,2.942374403132989209e-15,3.388477765170454499e-15,3.678949310961013706e-15,3.990584802661767540e-15,3.872462918922218871e-15,4.463535562310821255e-15,3.790889359797704186e-15,5.553149140173331749e-15,6.863654430811449351e-15,4.156688845271901731e-15,2.731859432986342890e-15,2.977515092937712894e-15,3.406426260778187123e-15,4.155071154376383048e-15,5.367818674844864947e-15,9.319737675705253363e-15,7.545701678320629535e-15,7.443638046146298470e-15,4.086116313107959022e-15
4.281106115797105065e-15,5.960176613089241198e-15,4.820750839952639096e-15,4.858062624985388935e-15,5.244559244883028007e-15,4.788340706394667321e-15,4.560626600210268445e-15,5.206447601044659767e-15,4.014881171890896492e-15,3.998961996250631915e-15,3.464693143843370687e-15,4.497536612570531589e-15,4.369339670206011201e-15,4.904031485615828075e-15,4.742822241374319168e-15,5.385988263433730968e-15,4.730245953120295764e-15,4.152500685387362459e-15,4.370065505797183045e-15,4.230304342432496913e-15,4.624739328731082927e-15,6.529826019158482405e-15,8.207395517385209326e-15,3.913496767364970265e-15,4.231154431871891321e-15,4.590392167447693823e-15,4.783993266944888505e-15,5.065543964981484593e-15,4.528546471915100698e-15,4.639802525045917737e-15,3.954848533038573315e-15,3.998800250728114050e-15,4.901070723327724187e-15,6.915992069840316621e-15,1.172184174422426738e-14,3.344416971704854410e-15,3.575895827195843583e-15,3.863547873177862087e-15,3.528062297362942481e-15,3.510193954772602588e-15,4.513479291685784176e-15,4.035791856086427632e-15,3.730518918407108315e-15,3.920537507650769124e-15,4.030894023613862897e-15,4.109160274813057170e-15,5.104509184168591033e-15,3.257113413087517140e-15,3.243163907367136214e-15,3.446970268180374023e-15,3.846156179116348051e-15,4.362291732693596144e-15,4.073197689708814502e-15,4.133724772024936895e-15,4.242745816507558677e-15,4.459049464405824294e-15,5.815543935572923555e-15,5.597622250592945741e-15,2.661609373530957573e-15,3.017138782767788081e-15,3.504603317381961940e-15,3.785861451331036412e-15,4.128072124901745457e-15,3.979555643643385959e-15,4.607338467058141967e-15,3.928636682160899542e-15,5.754811473305081717e-15,7.131370877009696120e-15,4.292246949073215480e-15,2.805958397869026208e-15,3.058978281790716793e-15,3.514694691629951766e-15,4.233777902433417697e-15,5.577573915101206629e-15,9.673630995873166460e-15,7.588537179903251496e-15,7.577650510177486887e-15,4.167341655490894816e-15
4.374765226771438400e-15,6.090739047025502353e-15,4.924144093164956922e-15,4.956258812484036230e-15,5.358718677825822702e-15,4.893297302339131686e-15,4.664450176110959383e-15,5.333758298971498563e-15,4.109445193306123772e-15,4.088182296374787028e-15,3.539944544308029811e-15,4.593827743346995965e-15,4.457624878053267156e-15,5.010867162318188298e-15,4.847021216660482982e-15,5.508628554907089542e-15,4.850418780549100694e-15,4.246675152208509089e-15,4.470399959755430473e-15,4.323398116378145078e-15,4.727026898969821400e-15,6.693611408747136691e-15,8.451093240822324423e-15,4.000114836758621173e-15,4.331404618832594815e-15,4.694459270928019417e-15,4.895356991669256184e-15,5.191377870376994209e-15,4.633184619681955775e-15,4.744582271670098076e-15,4.049660483809027828e-15,4.093446579836174997e-15,5.057336383623695002e-15,7.133349797544017133e-15,1.211476721077941030e-14,3.422815172907939255e-15,3.659384482300183402e-15,3.966535879903411784e-15,3.657289090751778999e-15,3.643952827806620237e-15,4.628022056775686688e-15,4.134164672487171206e-15,3.815387346523302580e-15,4.017567572175614446e-15,4.172284224708974278e-15,4.252435859905318633e-15,5.283663121087681991e-15,3.336685140618733859e-15,3.317428811435770399e-15,3.537965016507826653e-15,3.953553873648466514e-15,4.484417211443377334e-15,4.174523295694472157e-15,4.246689701371173217e-15,4.355926192579028931e-15,4.575989707708171800e-15,6.028913622032437528e-15,5.770578293758895684e-15,2.722369943420853615e-15,3.091943930556959061e-15,3.621575583554353204e-15,3.892584608952843745e-15,4.266409248717215904e-15,4.086397515694072121e-15,4.751172481741750249e-15,4.071626608088922213e-15,5.958132744715001854e-15,7.403505268108292951e-15,4.428018209187537997e-15,2.882365723373944994e-15,3.143005140368655068e-15,3.626905615745014835e-15,4.313874703527668396e-15,5.794785780451707678e-15,1.002983278369283245e-14,7.638798494838519061e-15,7.713776658325807892e-15,4.250155017557227255e-15
4.469318168309559582e-15,6.222444714610072497e-15,5.028723350603172104e-15,5.056424632879772417e-15,5.473985669748446083e-15,4.999213942107839805e-15,4.768878032404690867e-15,5.461141105845594231e-15,4.204361537344748689e-15,4.178101520570619689e-15,3.615992620879327607e-15,4.691251995463335374e-15,4.547685839730667412e-15,5.118742834342327757e-15,4.952151087203629708e-15,5.631922687490327110e-15,4.970503799642646714e-15,4.341449208266165492e-15,4.571262857574842322e-15,4.417328684111962490e-15,4.830166710144929480e-15,6.857100737134424898e-15,8.693247407138043675e-15,4.087477179837192938e-15,4.431973904177884070e-15,4.799165887732800538e-15,5.007162716169570898e-15,5.317198523113062040e-15,4.738312855885444848e-15,4.850037281064664738e-15,4.144729498957118679e-15,4.188417681972606599e-15,5.213647131151865061e-15,7.349974723947402910e-15,1.250535491815384960e-14,3.501569889122045775e-15,3.743259290709675184e-15,4.069420342925565318e-15,3.788718693016014823e-15,3.781562376092649096e-15,4.742510564488924355e-15,4.232709977508505210e-15,3.900796523433668192e-15,4.114709042239196209e-15,4.315030975931682644e-15,4.401170650495853871e-15,5.469704024988567610e-15,3.416447151673404573e-15,3.392153580935228381e-15,3.628934736543102963e-15,4.060809804346973692e-15,4.606289794127868702e-15,4.275927106701518317e-15,4.359467047958042575e-15,4.468936362990440212e-15,4.692764912509447850e-15,6.244667381745171186e-15,5.949704052389545357e-15,2.783543571504218526e-15,3.166899866634295238e-15,3.739266554495768339e-15,3.999180103526171580e-15,4.405440678615351036e-15,4.193103802416573170e-15,4.894978301898247066e-15,4.219999900078920760e-15,6.162802617629857350e-15,7.679566260533482324e-15,4.563923835021500715e-15,2.961163520621104445e-15,3.229687695374667365e-15,3.743208205955977011e-15,4.395382262988906041e-15,6.019491219024345606e-15,1.038765878589824582e-14,7.696254690525556804e-15,7.852039025037692431e-15,4.334586380337799662e-15
4.564915414041118339e-15,6.355527000365490204e-15,5.134643432674911685e-15,5.158601465145628831e-15,5.590550282619800799e-15,5.106266083960971539e-15,4.874098979192988436e-15,5.588839530706103479e-15,4.299797966924731218e-15,4.268869398988515047e-15,3.692948568296210769e-15,4.789949360290900919e-15,4.639559113935777098e-15,5.227833632677526961e-15,5.058387143400598974e-15,5.756107335061581691e-15,5.090703880974047344e-15,4.436987989336914199e-15,4.672835900143879914e-15,4.512248468700100984e-15,4.934333618283460751e-15,7.020629222928745503e-15,8.934079618189318378e-15,4.175725209167081793e-15,4.533043267549656229e-15,4.904700453001338974e-15,5.119620902673995489e-15,5.443237627177480241e-15,4.844124107298408926e-15,4.956356635154284384e-15,4.240221080607947395e-15,4.283880945588928381e-15,5.369950570995928527e-15,7.565879703745770170e-15,1.289347874970417326e-14,3.580812068176919890e-15,3.827662833832463616e-15,4.172328521845555833e-15,3.922179789357057263e-15,3.922945411836476484e-15,4.857134439731228080e-15,4.331597281800453646e-15,3.986891080364329284e-15,4.212122457512615710e-15,4.458955492737723831e-15,4.555542916043196104e-15,5.662859664459832171e-15,3.496525163889347865e-15,3.467460582580732851e-15,3.719990690504993057e-15,4.168016374294708745e-15,4.728023003622605582e-15,4.377577637302856225e-15,4.472180495997535064e-15,4.581923542828522569e-15,4.809545505825545547e-15,6.462470043237884579e-15,6.135236650372510068e-15,2.845225216271988474e-15,3.242117623659406965e-15,3.857570689058935444e-15,4.105729585239673924e-15,4.545040834864244178e-15,4.299803316270854495e-15,5.038736041718571576e-15,4.373891437878258705e-15,6.368551506066152062e-15,7.959073458995809593e-15,4.699920753019593806e-15,3.042436943692511515e-15,3.319121389508622417e-15,3.863755753395468228e-15,4.478321447636548570e-15,6.251698708078048120e-15,1.074651906871085170e-14,7.760696802520780421e-15,7.992459989772258728e-15,4.420666248264411335e-15
4.661694317399927311e-15,6.490196584875203244e-15,5.242044218561925017e-15,5.262831244327611390e-15,5.708584540839891660e-15,5.214613427264591598e-15,4.980288094666937269e-15,5.717088146713506383e-15,4.395913668580351127e-15,4.360624015847478312e-15,3.770914231125660732e-15,4.890046549840187511e-15,4.733281859122996443e-15,5.338298468272222121e-15,5.165889122922218644e-15,5.881400690650142429e-15,5.211221274102493296e-15,4.533444795843213112e-15,4.775288555434611675e-15,4.608296974588470308e-15,5.039687533384258352e-15,7.184522729079593918e-15,9.173869029105664733e-15,4.264988961506443591e-15,4.634784757503771030e-15,5.011237295649940379e-15,5.232928710626246548e-15,5.569721247835422358e-15,4.950798712634489482e-15,5.063714868087133305e-15,4.336294115219264827e-15,4.379995698033388856e-15,5.526235512448492176e-15,7.781141780144341563e-15,1.327917558969783448e-14,3.660666301760652597e-15,3.912730178875314644e-15,4.275395672171474541e-15,4.057504960476981647e-15,4.068009178114013988e-15,4.972082926061708557e-15,4.430991082334224870e-15,4.073805928073642462e-15,4.309965574463312790e-15,4.603901494438122238e-15,4.715730203615276732e-15,5.863356904146642271e-15,3.577042255190101900e-15,3.543464789600375018e-15,3.811250300448594135e-15,4.275281095121497323e-15,4.849747954246213371e-15,4.479640918686772392e-15,4.584966292410056752e-15,4.695043489381295630e-15,4.926507467326187633e-15,6.682016837431480959e-15,6.327420838576882722e-15,2.907504374245084582e-15,3.317707448379041997e-15,3.976405956109851759e-15,4.212330956568150740e-15,4.685115039726258165e-15,4.406634154812795043e-15,5.182461884792489213e-15,4.533428970981646062e-15,6.575155010835771550e-15,8.241568902338830323e-15,4.835999440145663752e-15,3.126274295027122055e-15,3.411405197766369561e-15,3.988705550592666559e-15,4.562713280984800290e-15,6.491386928474640131e-15,1.110592866164383510e-14,7.831935021730822482e-15,8.135061759452400940e-15,4.508425656568398824e-15
4.759780381942959813e-15,6.626643857477968329e-15,5.351052523952386001e-15,5.369156510138532355e-15,5.828244405533751388e-15,5.324401456743149131e-15,5.087607241742463139e-15,5.846110582276865313e-15,4.492858732626650861e-15,4.453492581866326615e-15,3.849983047418656744e-15,4.991658671111920532e-15,4.828891858220226379e-15,5.450281761115731303e-15,5.274802681017150105e-15,6.008003316494179862e-15,5.332254454051574430e-15,4.630961567561968900e-15,4.878778281304699696e-15,4.705601931599987637e-15,5.146374682752567613e-15,7.349093783536807953e-15,9.412937457906419101e-15,4.355387979358593297e-15,4.737360798384194336e-15,5.118937281110031430e-15,5.347269890269697181e-15,5.696867231221751010e-15,5.058504500009473072e-15,5.172272734170516142e-15,4.433099887100130167e-15,4.476912556693004308e-15,5.682528224166129046e-15,7.995892765612882745e-15,1.366262416293165598e-14,3.741250431864067791e-15,3.998588574018875961e-15,4.378761656247017789e-15,4.194534187033401769e-15,4.216646648004291766e-15,5.087541949612646691e-15,4.531049399551271705e-15,4.161666538764073741e-15,4.408391549373484646e-15,4.749737629985904810e-15,4.881908420653562553e-15,6.071420505041590586e-15,3.658117657089363581e-15,3.620273838744943653e-15,3.902834419343155311e-15,4.382722709278577093e-15,4.971608569607143129e-15,4.582278458423023923e-15,4.697969107142710556e-15,4.808456597214690569e-15,5.043828527212165587e-15,6.903039395334565732e-15,6.526508998795468371e-15,2.970465107250875380e-15,3.393777440174534060e-15,4.095714097146924888e-15,4.319094556473841952e-15,4.825599468472413709e-15,4.513740041804333001e-15,5.326204071676775629e-15,4.698731832826940835e-15,6.782436534467261380e-15,8.526627534101163918e-15,4.972180944804256093e-15,3.212767131062366933e-15,3.506641743631957618e-15,4.118218736749730093e-15,4.648578938153148518e-15,6.738503926655420099e-15,1.146551336409434015e-14,7.909796360263132373e-15,8.279866350497844641e-15,4.597896178501906525e-15
4.859287883834456935e-15,6.765040059417927113e-15,5.461782991798292476e-15,5.477619788209342633e-15,5.949670824460934416e-15,5.435762018175575579e-15,5.196205184008395689e-15,5.976117576062610835e-15,4.590773353704519641e-15,4.547591815253062509e-15,3.930240604133684423e-15,5.094890218345638976e-15,4.926426758513297410e-15,5.563914454907148022e-15,5.385260213222979017e-15,6.136098497607345362e-15,5.453995030788633696e-15,4.729669034571468248e-15,4.983450498953303123e-15,4.804279974524237244e-15,5.254528322711808874e-15,7.514637406606226355e-15,9.651634325888068269e-15,4.447031653547765155e-15,4.840923441547233078e-15,5.227948085800661900e-15,5.462814460835142685e-15,5.824882719092013606e-15,5.167396617277985087e-15,5.282177589234853650e-15,4.530781106964223848e-15,4.574772731362839538e-15,5.838887564827521232e-15,8.210308533094016756e-15,1.404411850054482776e-14,3.822675027300804470e-15,4.085357059701152197e-15,4.482567707595984457e-15,4.333117141625882769e-15,4.368738436339967371e-15,5.203691181213558907e-15,4.631922232853711552e-15,4.250589012394376348e-15,4.507547230877338908e-15,4.896358830737500503e-15,5.054250901464393534e-15,6.287272602307547156e-15,3.739865597204798162e-15,3.697987953114558872e-15,3.994864728563759141e-15,4.490467294638701971e-15,5.093756849668461422e-15,4.685645330338418150e-15,4.811337951257337960e-15,4.922324192496100184e-15,5.161684394448855118e-15,7.125309864303191111e-15,6.732761555911354327e-15,3.034185911023638190e-15,3.470432242082612769e-15,4.215459868379368982e-15,4.426139218785391570e-15,4.966459947281760304e-15,4.621266848917778316e-15,5.470038055773684396e-15,4.869909735923384106e-15,6.990267762603335156e-15,8.813866268521424260e-15,5.108513294167619270e-15,3.302010370328341382e-15,3.604937450127357872e-15,4.252460107735421397e-15,4.735939747035846712e-15,6.992967708180206096e-15,1.182501103561799822e-14,7.994121361260563807e-15,8.426895620465209148e-15,4.689109939654614012e-15
4.960323700074960948e-15,6.905544372589191171e-15,5.574343030853930118e-15,5.588266218136045804e-15,6.072994884524158323e-15,5.548818617917104641e-15,5.306221171438101570e-15,6.107309618057837373e-15,4.689790740550864620e-15,4.643030901271883464e-15,4.011767014590535290e-15,5.199838685991938101e-15,5.025927184222207323e-15,5.679318280755183319e-15,5.497384960194469297e-15,6.265856846920433156e-15,5.576629399464427508e-15,4.829689671569546701e-15,5.089441518452917396e-15,4.904439802285625581e-15,5.364272524980018384e-15,7.681436266555612720e-15,9.890331676254955049e-15,4.540022657416339602e-15,4.945616565722751120e-15,5.338407620116989984e-15,5.579721960521916210e-15,5.953966372014933625e-15,5.277620628917327695e-15,5.393566863218269658e-15,4.629473579816768134e-15,4.673709996091511308e-15,5.995402201974525901e-15,8.424603498015047511e-15,1.442405716005576147e-14,3.905045170609290823e-15,4.173148244467247421e-15,4.586955916540537114e-15,4.473119728914600412e-15,4.524153951868540946e-15,5.320705755656010031e-15,4.733753622850613760e-15,4.340682355257640129e-15,4.607574225256227617e-15,5.043687583435033440e-15,5.232927076917879568e-15,6.511128260442630717e-15,3.822396204913979295e-15,3.776701643229954409e-15,4.087463367855023050e-15,4.598647057911652891e-15,5.216351304865264343e-15,4.789891236267752321e-15,4.925225422682962284e-15,5.036808014877604540e-15,5.280249556922498837e-15,7.348645236236148270e-15,6.946445193731327048e-15,3.098741252407343268e-15,3.547773653327998853e-15,4.335631221561488222e-15,4.533591177873036307e-15,5.107691153699420570e-15,4.729361830567088897e-15,5.614063780697868627e-15,5.047061086037720701e-15,7.198569276038393263e-15,9.102950864871975742e-15,5.245068472221990162e-15,3.394102392215613705e-15,3.706402520624438604e-15,4.391597858900801411e-15,4.824817156794330289e-15,7.254663183500248857e-15,1.218426801000201775e-14,8.084768147013432727e-15,8.576171051115045119e-15,4.782099600974319162e-15
5.062984671798691247e-15,7.048298929996119557e-15,5.688829329189360134e-15,5.701139772792951214e-15,6.198334638326628643e-15,5.663682265899468818e-15,5.417782095348619592e-15,6.239872444178020069e-15,4.790033516930111118e-15,4.739909479394076961e-15,4.094635570205288251e-15,5.306592617827593457e-15,5.127432216229280540e-15,5.796603340250523834e-15,5.611288499372059607e-15,6.397433019088898543e-15,5.700333127035838095e-15,4.931135458203724201e-15,5.196876185431638701e-15,5.006180393920181511e-15,5.475719878411322276e-15,7.849750782671256636e-15,1.012940526456448796e-14,4.634454295836995833e-15,5.051573234564093974e-15,5.450441605203668088e-15,5.698138492237275210e-15,6.084303360225518834e-15,5.389309833591219096e-15,5.506565745670000705e-15,4.729303700502856108e-15,4.773848286460211878e-15,6.152183176859859425e-15,8.639016324084736342e-15,1.480290222732067534e-14,3.988458321812970028e-15,4.262066430969876975e-15,4.692065035172496905e-15,4.614420962521582418e-15,4.682755066869506167e-15,5.438750713567991984e-15,4.836677816595127961e-15,4.432046746838383245e-15,4.708605843093266951e-15,5.191672937712574421e-15,5.418101683534997653e-15,6.743198317062935074e-15,3.905813272413356310e-15,3.856502267350470860e-15,4.180749525691200744e-15,4.707395308174212978e-15,5.339551072960285314e-15,4.895157189301087543e-15,5.039782234738346289e-15,5.152065409464029911e-15,5.399691158075576755e-15,7.572906852653581359e-15,7.167835131858063474e-15,3.164200047912619232e-15,3.625898376265774957e-15,4.456236079065480588e-15,4.641578733650107738e-15,5.249313104646217508e-15,4.838169287441580132e-15,5.758398790572332858e-15,5.230272282595088968e-15,7.407306645009565599e-15,9.393601952223674133e-15,5.381937695384898316e-15,3.489145148732455529e-15,3.811151242595137203e-15,4.535803323159637460e-15,4.915232769660857153e-15,7.523448206475254237e-15,1.254323400209322128e-14,8.181602472577536558e-15,8.727714020913724218e-15,4.876898400260264458e-15
5.167361180413429576e-15,7.193435384394361149e-15,5.805332361771217139e-15,5.816285807941822905e-15,6.325799794853183124e-15,5.780456437237726142e-15,5.531006089135234733e-15,6.373980371966135049e-15,4.891616884858491138e-15,4.838320510828867991e-15,4.178914951426754929e-15,5.415234848708289328e-15,5.230982395529361181e-15,5.915872027052981372e-15,5.727074588733659886e-15,6.530970260890349885e-15,5.825273558473078703e-15,5.034110835606969221e-15,5.305870884665124809e-15,5.109593970526364620e-15,5.588975064227255970e-15,8.019825480422400329e-15,1.036923286669890598e-14,4.730413773772877554e-15,5.158918210854876876e-15,5.564166965114290565e-15,5.818200159140018283e-15,6.216068429596860856e-15,5.502588488325943697e-15,5.621290591599925258e-15,4.830390497429215012e-15,4.875303964667980510e-15,6.309361007317077997e-15,8.853805522525633849e-15,1.518117078287795271e-14,4.073006293620772326e-15,4.352209576061272572e-15,4.798030817817935240e-15,4.756918301651255782e-15,4.844397854342688732e-15,5.557983616413154165e-15,4.940821848686273005e-15,4.524775852295717065e-15,4.810768740412799181e-15,5.340290141663506314e-15,5.609933325487613286e-15,6.983684978427290420e-15,3.990215556680141588e-15,3.937471809860673884e-15,4.274839766892817215e-15,4.816846092567587708e-15,5.463515422726237928e-15,5.001577212841201689e-15,5.155157455210009366e-15,5.268249816839913536e-15,5.520170849786733593e-15,7.798001462864151047e-15,7.397213407939931091e-15,3.230627269504442211e-15,3.704899031044220790e-15,4.577301570680297238e-15,4.750231926212766681e-15,5.391369255305191369e-15,4.947830715804351418e-15,5.903175693108105455e-15,5.419616150127484852e-15,7.616488326122315903e-15,9.685597599172104566e-15,5.519228362231420720e-15,3.587244264439508322e-15,3.919301975434981892e-15,4.685250610737110097e-15,5.007208309872584641e-15,7.799152052977402602e-15,1.290195211585287238e-14,8.284502567932344242e-15,8.881545593885894240e-15,4.973540138667127922e-15
5.273537525552993614e-15,7.341075475308220371e-15,5.923936713088189655e-15,5.933750465742771457e-15,6.455492280594197534e-15,5.899237360549151784e-15,5.646002934651620982e-15,6.509796219798358558e-15,4.994648603062814263e-15,4.938350672800592830e-15,4.264669572328896477e-15,5.525842983464793976e-15,5.336619014624006517e-15,6.037219614087138034e-15,5.844839706547570547e-15,6.666601061548251253e-15,5.951608975384734441e-15,5.138713088102171519e-15,5.416533942789153178e-15,5.214766497388536686e-15,5.704135402501633014e-15,8.191888182495967156e-15,1.061018695270875065e-14,4.827982483721442208e-15,5.267768123235557522e-15,5.679692327378448935e-15,5.940033458695111822e-15,6.349425515683033175e-15,5.617572187039388347e-15,5.737849464407323320e-15,4.932845669216425713e-15,4.978185961706400484e-15,6.467081002823653437e-15,9.069241801462822935e-15,1.555941387241022115e-14,4.158775302116969141e-15,4.443669471852234343e-15,4.904984757974585635e-15,4.900528067216820954e-15,5.008935542967399407e-15,5.678553683903387173e-15,5.046305252541301816e-15,4.618957154184380280e-15,4.914182616906285567e-15,5.489539090344539559e-15,5.808573268079826412e-15,7.232780824094830832e-15,4.075696584605441127e-15,4.019687113169308022e-15,4.369847021929898057e-15,4.927132225178309829e-15,5.588401467896281892e-15,5.109277981061740944e-15,5.271496685901374926e-15,5.385509382058472908e-15,5.641843412844755057e-15,8.023879644669238315e-15,7.634868988977469360e-15,3.298084039358946585e-15,3.784863832493444797e-15,4.698871709110124921e-15,4.859680417054830445e-15,5.533923444535044565e-15,5.058483424952990481e-15,6.048538035202338708e-15,5.615150923845792733e-15,7.826161466172246400e-15,9.978774748585585185e-15,5.657060463354224323e-15,3.688509139336935404e-15,4.030977288145446755e-15,4.840116221982643460e-15,5.100765622967577434e-15,8.081578653823779313e-15,1.326054848891085994e-14,8.393356786668810163e-15,9.037686545999844286e-15,5.072059193591955832e-15
5.381592811440643260e-15,7.491332547592090168e-15,6.044722054520247695e-15,6.053580703939027757e-15,6.587507448824470337e-15,6.020115082901626629e-15,5.762875050260725216e-15,6.647472097680041663e-15,5.099229646138200755e-15,5.040081169645737785e-15,4.351960211005653076e-15,5.638490269409878984e-15,5.444384130063693788e-15,6.160735340121628989e-15,5.964674107599931715e-15,6.804448482212509342e-15,6.079488775599561831e-15,5.245033189212220792e-15,5.528966522121991091e-15,5.321778565974041793e-15,5.821291878308993061e-15,8.366150991074346801e-15,1.085263033464529001e-14,4.927236782813891855e-15,5.378232165012524186e-15,5.797119030438651623e-15,6.063756282801289671e-15,6.484528304492616488e-15,5.734368791984782276e-15,5.856343168236006281e-15,5.036774119940718726e-15,5.082596405560057373e-15,6.625499386382407140e-15,9.285602309609578966e-15,1.593820122300329907e-14,4.245846450516226637e-15,4.536532311084021059e-15,5.013053529125632720e-15,5.045186139668678567e-15,5.176221348043868003e-15,5.800601938667178552e-15,5.153240496225776256e-15,4.714672650894665362e-15,5.018960492126822368e-15,5.639442440768824964e-15,6.014164144091009713e-15,7.490667089758223231e-15,4.162344885436449537e-15,4.103220413922464487e-15,4.465880152322971997e-15,5.038384093653500905e-15,5.714362804930840089e-15,5.218379083551095598e-15,5.388941132028731885e-15,5.503986380415490264e-15,5.764856444140202564e-15,8.250533425143914020e-15,7.881097447936967684e-15,3.366628018650530755e-15,3.865876681252778391e-15,4.821005211780237288e-15,4.970052179882393434e-15,5.677056938618518930e-15,5.170259878199367146e-15,6.194636988349863683e-15,5.816919278521870297e-15,8.036407445016056900e-15,1.027302864508551554e-14,5.795563434702478763e-15,3.793053048340564642e-15,4.146304063536494603e-15,5.000578596243653369e-15,5.195926668716815790e-15,8.370509706073269385e-15,1.361922067255500011e-14,8.508062913013565326e-15,9.196157344371667172e-15,5.172490526022862753e-15
5.491601738700653809e-15,7.644312894841640940e-15,6.167763998569838498e-15,6.175824322329549886e-15,6.721935145457551761e-15,6.143174418990263547e-15,5.881718416964639094e-15,6.787150285380325424e-15,5.205454873233537814e-15,5.143588477871036294e-15,4.440844572596193857e-15,5.753246356029394872e-15,5.554320580711628850e-15,6.286503371251493983e-15,6.086662767464205515e-15,6.944627388817852370e-15,6.209053846556140435e-15,5.353156594713562455e-15,5.643263472407385249e-15,5.430706187722863995e-15,5.940530066887342915e-15,8.542811457163435456e-15,1.109691313952537880e-14,5.028248703582635316e-15,5.490412810575669960e-15,5.916542061885588305e-15,6.189478888092086998e-15,6.621520928299862945e-15,5.853079328938440299e-15,5.976866203357625046e-15,5.142274536889339823e-15,5.188631267832162736e-15,6.784779884900594649e-15,9.503165939005535220e-15,1.631810875168497045e-14,4.334296225174705212e-15,4.630879254227101063e-15,5.122358682698629373e-15,5.190848132271804106e-15,5.346111290936745677e-15,5.924261533693178022e-15,5.261733494296814685e-15,4.811999518655402545e-15,5.125209087586605171e-15,5.790043419012183527e-15,6.226838645519189864e-15,7.757511928541927638e-15,4.250244293739629271e-15,4.188139861654307067e-15,4.563043722046781079e-15,5.150728798141396572e-15,5.841548555858154344e-15,5.328993410209474932e-15,5.507627003574307925e-15,5.623816934840107855e-15,5.889350311072736528e-15,8.477993095649883895e-15,8.136200565689586558e-15,3.436313790087852410e-15,3.948017341927021819e-15,4.943773310042680196e-15,5.081472526602597409e-15,5.820865522807716374e-15,5.283287315329740307e-15,6.341628498154767507e-15,6.024947525503170852e-15,8.247337182708550109e-15,1.056831069534500498e-14,5.934873397361537475e-15,3.900993237581382952e-15,4.265413597370918459e-15,5.166817601847913227e-15,5.292713513687446022e-15,8.665708393723322941e-15,1.397822576182535937e-14,8.628527602367248759e-15,9.356978125953645652e-15,5.274869688069283167e-15
5.603635307842711286e-15,7.800116937649191331e-15,6.293134840383059497e-15,6.300529987938860923e-15,6.858860639634838134e-15,6.268495792455417098e-15,6.002623433573643121e-15,6.928964146750253311e-15,5.313413684778359885e-15,5.248945022644230531e-15,4.531377789053266223e-15,5.870177954655174540e-15,5.666472007145937915e-15,6.414603646169730720e-15,6.210886220497538640e-15,7.087245579880173751e-15,6.340437069086764005e-15,5.463163975239329635e-15,5.759514127913143841e-15,5.541621502945047351e-15,6.061930960735768298e-15,8.722053847760228939e-15,1.134337088050621303e-14,5.131086596910845289e-15,5.604406523767515791e-15,6.038050920170301858e-15,6.317304816270803093e-15,6.760538738058924352e-15,5.973798830465362828e-15,6.099507639242429280e-15,5.249439982712816493e-15,5.296381005281684190e-15,6.945090810017421268e-15,9.722209614181461294e-15,1.669970872152252322e-14,4.424196981700235199e-15,4.726786982012154008e-15,5.233016548121641535e-15,5.337489091314370110e-15,5.518466918892214935e-15,6.049658203861759801e-15,5.371884160225849373e-15,4.911010728935631759e-15,5.233029275544416467e-15,5.941403446558561994e-15,6.446718222832870002e-15,8.033468681622799098e-15,4.339474295982521034e-15,4.274510010630158767e-15,4.661437930709798750e-15,5.264289569990574960e-15,5.970102748195181719e-15,5.441227613114168745e-15,5.627685185241810936e-15,5.745130959820625809e-15,6.015458305290388023e-15,8.706323465809547999e-15,8.400485852636815020e-15,3.507193221565528695e-15,4.031361680818677273e-15,5.067257623991556368e-15,5.194063420495737559e-15,5.965456735417519133e-15,5.397687597979336727e-15,6.489670896688701362e-15,6.239245013119082533e-15,8.459086433071936199e-15,1.086462505764622927e-14,6.075130760144213668e-15,4.012451016911632200e-15,4.388441692097475897e-15,5.339013965343074849e-15,5.391148323442927763e-15,8.966923629036136919e-15,1.433786883720727208e-14,8.754665927061989980e-15,9.520168675772293723e-15,5.379232830467787347e-15
5.717761440846137515e-15,7.958840249411469259e-15,6.420904198012292092e-15,6.427747258399845423e-15,6.998365433986746226e-15,6.396155976325855997e-15,6.125675696770845769e-15,7.073039042878872564e-15,5.423190652903527552e-15,5.356219786452589668e-15,4.623612860368927845e-15,5.989349408903000850e-15,5.780882869874200795e-15,6.545112615475517359e-15,6.337421298646739196e-15,7.232404806362769504e-15,6.473763901520245988e-15,5.575131885091017183e-15,5.877803042756330908e-15,5.654593409515321912e-15,6.185571703773376254e-15,8.904050442200342821e-15,1.159232340743668245e-14,5.235815706941361377e-15,5.720304440383956227e-15,6.161730397162486224e-15,6.447331751960814228e-15,6.901709108090645057e-15,6.096617117820191718e-15,6.224351904007034659e-15,5.358358481430319246e-15,5.405931179677680555e-15,7.106602622589474053e-15,9.943005465114423338e-15,1.708356228551283516e-14,4.515617412026433262e-15,4.824328222320493089e-15,5.345138287071029105e-15,5.485102790092331651e-15,5.693157843658116829e-15,6.176910795035066718e-15,5.483786972723309231e-15,5.011775616814214777e-15,5.342516563997209201e-15,6.093599698088856178e-15,6.673911816865386330e-15,8.318674191568025107e-15,4.430110399852721684e-15,4.362392279121573264e-15,4.761158670102202931e-15,5.379185420181838537e-15,6.100163968094567406e-15,5.555182611586618582e-15,5.749241118087812320e-15,5.868052275725265259e-15,6.143306939204525864e-15,8.935619786156258550e-15,8.674265983600709427e-15,3.579315807946643101e-15,4.115981941657983600e-15,5.191548161533116515e-15,5.307943028681672489e-15,6.110947312154959854e-15,5.513577226470404045e-15,6.638922955164941023e-15,6.459803763584586205e-15,8.671811240729839682e-15,1.116202427720740232e-14,6.216478203310572251e-15,4.127551847455091578e-15,4.515528743336297539e-15,5.517348638932307390e-15,5.491253354363518255e-15,9.273894699824321121e-15,1.469849213671514527e-14,8.886401003455221823e-15,9.685748404737459548e-15,5.485616710080425144e-15
5.834045527251969337e-15,8.120574446402204325e-15,6.551139564291073059e-15,6.557526604258747346e-15,7.140527969167038279e-15,6.526228741820178778e-15,6.250956706503375530e-15,7.219493218861547010e-15,5.534866115627922094e-15,5.465478853398254245e-15,4.717601042739550423e-15,6.110823187125981309e-15,5.897598466729487314e-15,6.678103885994595314e-15,6.466341780091162885e-15,7.380201686531633390e-15,6.609153006492568981e-15,5.689133367669056834e-15,5.998210662276857653e-15,5.769688117913718129e-15,6.311526239770135512e-15,9.088962810631080408e-15,1.184407454280621644e-14,5.342498682002082217e-15,5.838193013760858633e-15,6.287661283094160827e-15,6.579652312360741904e-15,7.045152241771826654e-15,6.221619517785846905e-15,6.351479492939450064e-15,5.469113584547549206e-15,5.517363045628862980e-15,7.269485954641565721e-15,1.016581876889586237e-14,1.747021410779358878e-14,4.608622987548260328e-15,4.923572244912792258e-15,5.458830061968904114e-15,5.633700692010659611e-15,5.870064027782891279e-15,6.306131835635582317e-15,5.597531537259152268e-15,5.114360399347025582e-15,5.453761595479507725e-15,6.246722685044609469e-15,6.908514651113038432e-15,8.613247196311055860e-15,4.522224511005937603e-15,4.451845373483215324e-15,4.862297672118630096e-15,5.495530972322952599e-15,6.231865230019673503e-15,5.670954115535212571e-15,5.872414843855679376e-15,5.992698847270301398e-15,6.273016340197358196e-15,9.166003543812353733e-15,8.957858140769452874e-15,3.652728988251977200e-15,4.201947042838435245e-15,5.316741482952557490e-15,5.423225469797829541e-15,6.257460884580447836e-15,5.631067484945249770e-15,6.789542341322073145e-15,6.686598375755238592e-15,8.885683694012663843e-15,1.146060428055947999e-14,6.359059024161468282e-15,4.246425423171003798e-15,4.646819818282522877e-15,5.702002106063847145e-15,5.593050945084670279e-15,9.586356187477060055e-15,1.506046524334046545e-14,9.023663681210673224e-15,9.853736327017643234e-15,5.594058697383578197e-15
5.952550902092608855e-15,8.285407957591723067e-15,6.683906781584471270e-15,6.689919430216303840e-15,7.285424234148131975e-15,6.658785424656350407e-15,6.378544499202872311e-15,7.368438647148557858e-15,5.648516729194163129e-15,5.576785893357186510e-15,4.813392188969624896e-15,6.234660306693174925e-15,6.016664949557756814e-15,6.813648780585663760e-15,6.597718956567040280e-15,7.530728521034514035e-15,6.746716892042959505e-15,5.805238499627201606e-15,6.120813930796724507e-15,5.886969639242539263e-15,6.439865882570576832e-15,9.276943042343138434e-15,1.209891223480631690e-14,5.451196026608673394e-15,5.958154616731126020e-15,6.415920997276809707e-15,6.714354766769406988e-15,7.190981955881173008e-15,6.348887513769479699e-15,6.480967600375198531e-15,5.581784908080728689e-15,5.630754099957739429e-15,7.433910049121538032e-15,1.039090654110723067e-14,1.786018873377602615e-14,4.703276373180848136e-15,5.024585320264112130e-15,5.574193285575792890e-15,5.783310661432857342e-15,6.049077761292897746e-15,6.437428124060889990e-15,5.713203129462770790e-15,5.218828644631470108e-15,5.566850643082585225e-15,6.400873939363566247e-15,7.150607114387353438e-15,8.917286844500537420e-15,4.615885305909163976e-15,4.542925676135303207e-15,4.964942721514844938e-15,5.613436440138871674e-15,6.365334013262906694e-15,5.788633148531508383e-15,5.997321170328091178e-15,6.119183108096365435e-15,6.404700706485287816e-15,9.397618301810662338e-15,9.251583259819969864e-15,3.727478437172110223e-15,4.289322883327600212e-15,5.442939056247935572e-15,5.540020717037319580e-15,6.405125955552321702e-15,5.750264678721032857e-15,6.941684437605447049e-15,6.919586217758069123e-15,9.100888063042353914e-15,1.176049901839735677e-14,6.503015817207660054e-15,4.369205745240149603e-15,4.782464724373398268e-15,5.893153626202779437e-15,5.696563507544458008e-15,9.904043007245427243e-15,1.542417645141473955e-14,9.166392278678121382e-15,1.002415103701868796e-14,5.704596783942271861e-15
6.073339263307234198e-15,8.453426688984456353e-15,6.819270449720396130e-15,6.824978095455870359e-15,7.433128293930019501e-15,6.793895418091535092e-15,6.508514212997636491e-15,7.519981817176240086e-15,5.764215976352111881e-15,5.690202590873731664e-15,4.911035046298585281e-15,6.360920699051094107e-15,6.138129340387865879e-15,6.951816823437107202e-15,6.731622128173954172e-15,7.684074015240827706e-15,6.886562546520244578e-15,5.923514877240387647e-15,6.245686838145481595e-15,6.006500213017274674e-15,6.570659815882135221e-15,9.468134903758033355e-15,1.235710908708319500e-14,5.561966500249835179e-15,6.080268096727107652e-15,6.546584149429255205e-15,6.851523687045241685e-15,7.339306428820101128e-15,6.478499332923397011e-15,6.612890680449839978e-15,5.696448634975119278e-15,5.746178589411594251e-15,7.600041570628202330e-15,1.061851666277286052e-14,1.825398838953271127e-14,4.799637810384916423e-15,5.127431141069169580e-15,5.691324925013640445e-15,5.933975499081551591e-15,6.230105287387268068e-15,6.570901312607754160e-15,5.830883211680118334e-15,5.325241693670416182e-15,5.681866092085424093e-15,6.556163852414987732e-15,7.400253765243240142e-15,9.230871374971087262e-15,4.711158592867661715e-15,4.635687597965773687e-15,5.069177912127540948e-15,5.733007715097146706e-15,6.500692423262901354e-15,5.908306557566950018e-15,6.124069923310163847e-15,6.247612341206700943e-15,6.538468796860725802e-15,9.630625716531258737e-15,9.555765175149547859e-15,3.803608330966202159e-15,4.378172647730360619e-15,5.570245815199060476e-15,5.658434621891201608e-15,6.554074157784064140e-15,5.871270434695670449e-15,7.095501472970439919e-15,7.158707926575550372e-15,9.317617375011598435e-15,1.206187500943757648e-14,6.648489453734885016e-15,4.496031187946471601e-15,4.922618066649900079e-15,6.090980421020621285e-15,5.801813517631750873e-15,1.022669541663560560e-14,1.579002537702622786e-14,9.314532351382986650e-15,1.019701068596059384e-14,5.817269589874591660e-15
6.196471035270513124e-15,8.624714595968146546e-15,6.957294276256562251e-15,6.962755933168800915e-15,7.583712745052232673e-15,6.931626601335212565e-15,6.640938589929400546e-15,7.674224465851877752e-15,5.882034630221402299e-15,5.805789023810621196e-15,5.010577516513972298e-15,6.489663523581797680e-15,6.262039547166983128e-15,7.092676160042909904e-15,6.868119034011205693e-15,7.840323916716798434e-15,7.028792052970847800e-15,6.044028049191648784e-15,6.372900908507410985e-15,6.128340681267917575e-15,6.703975530195544164e-15,9.662674914503240473e-15,1.261892315063234516e-14,5.674867467892768239e-15,6.204609283225814540e-15,6.679723037143997572e-15,6.991240531931238275e-15,7.490228903466249722e-15,6.610530472518697650e-15,6.747320942787963008e-15,5.813177980114821757e-15,5.863707975727420031e-15,7.768043737520758502e-15,1.084888743802593941e-14,1.865209191636062826e-14,4.897765468493360803e-15,5.232171206506304416e-15,5.810317839140187870e-15,6.085751373142836525e-15,6.413068052732509507e-15,6.706648474297433088e-15,5.950649917332386961e-15,5.433659037934300863e-15,5.798886899372160999e-15,6.712709706225783573e-15,7.657502490172870024e-15,9.554057003875177662e-15,4.808107655910151005e-15,4.730183896567423989e-15,5.175083929657624658e-15,5.854346535295951419e-15,6.638057442833973433e-15,6.030057500603945271e-15,6.252766257382183150e-15,6.378089091611745811e-15,6.674424433301046918e-15,9.865201831859617224e-15,9.870729661110499437e-15,3.881161588556465649e-15,4.468557103702146228e-15,5.698768921395379279e-15,5.778569029129011298e-15,6.704438788813329121e-15,5.994182041600787646e-15,7.251141921148546941e-15,7.403888223314890572e-15,9.536070447664140536e-15,1.236492599319448462e-14,6.795618322603720692e-15,4.627044554617384625e-15,5.067439292079963803e-15,6.295656805580422567e-15,5.908823505431096509e-15,1.055406384052505661e-14,1.615841680122497966e-14,9.468036483211695478e-15,1.037233295807345704e-14,5.932116371283788002e-15
6.322005685084578058e-15,8.799354175823565786e-15,7.098041377118636843e-15,7.103307269333629025e-15,7.737249108312782928e-15,7.072045711273967164e-15,6.775888420591584969e-15,7.831264246939921180e-15,6.002041174769197234e-15,5.923603996768392967e-15,5.112066882841259283e-15,6.620947437342328500e-15,6.388444379107859187e-15,7.236293920240432947e-15,7.007276226374047818e-15,7.999561575937591044e-15,7.173503173490799171e-15,6.166841900328182990e-15,6.502525635824076813e-15,6.252550815116171656e-15,6.839879203999987428e-15,9.860693336306212344e-15,1.288459888653459219e-14,5.789955207610350982e-15,6.331251448407337378e-15,6.815408085285314022e-15,7.133584169338524633e-15,7.643848339606936697e-15,6.745054169674202279e-15,6.884328789327855610e-15,5.932043617040535646e-15,5.983411358637461779e-15,7.938075726272821334e-15,1.108224748955094195e-14,1.905495458150949411e-14,4.997715764741090583e-15,5.338865170426597043e-15,5.931261132966582291e-15,6.238706209195965999e-15,6.597903574784197172e-15,6.844762643432958513e-15,6.072578500254410043e-15,5.544138655941244814e-15,5.917989025740787648e-15,6.870633918432261487e-15,7.922383847123962294e-15,9.886877062372792602e-15,4.906793578221075617e-15,4.826465962283268404e-15,5.282738347917399154e-15,5.977550711860952205e-15,6.777541244968427276e-15,6.153965906287347668e-15,6.383511003321924120e-15,6.510711593104245121e-15,6.812667000986951048e-15,1.010153371569414238e-14,1.019680336720939798e-14,3.960180089099487247e-15,4.560534887053009601e-15,5.828616723490092849e-15,5.900521958200317505e-15,6.856353606513273074e-15,6.119092812042475355e-15,7.408750120497305325e-15,7.655037043422507335e-15,9.756449377814898993e-15,1.266986785257276070e-14,6.944537794197369761e-15,4.762393122030813434e-15,5.217092718978931617e-15,6.507353269590531222e-15,6.017616045049368565e-15,1.088591337239426267e-14,1.652975568028520142e-14,9.626864092118748313e-15,1.055013504643999931e-14,6.049177027650799004e-15
6.450001997479860700e-15,8.977426891187675242e-15,7.241574534627680355e-15,7.246687440815490375e-15,7.893808167162176144e-15,7.215218664680348798e-15,6.913432936650530784e-15,7.991195339856416484e-15,6.124302184028070651e-15,6.043705334079791978e-15,5.215550007679600470e-15,6.754830826883291818e-15,6.517393561647547966e-15,7.382736531799108098e-15,7.149159395539003910e-15,8.161868438185529712e-15,7.320789897672330612e-15,6.292018990983118117e-15,6.634628870274069703e-15,6.379189599486534677e-15,6.978436035908029957e-15,1.006231507379245026e-14,1.315436822843727634e-14,5.907285180119436569e-15,6.460265723007580654e-15,6.953708233078281454e-15,7.278631341283260802e-15,7.800260013897538743e-15,6.882141818981082714e-15,7.023983198331218806e-15,6.053114066857127192e-15,6.105355858430354773e-15,8.110292301658871019e-15,1.131881591169282247e-14,1.946300854386505651e-14,5.099543654184361372e-15,5.447571155303040203e-15,6.054240516758775889e-15,6.392918092394850860e-15,6.784565934185620689e-15,6.985333324157086784e-15,6.196741748014761591e-15,5.656737312372710768e-15,6.039245838368927950e-15,7.030062509445385851e-15,8.194910624204985548e-15,1.022934142548340965e-14,5.007275543311086272e-15,4.924584074356868623e-15,5.392215928598313909e-15,6.102714393660875597e-15,6.919251544601977360e-15,6.280108902582139356e-15,6.516401034989948880e-15,6.645574195665452751e-15,6.953291934692135470e-15,1.033981647573176226e-14,1.053431264660809227e-14,4.040704867580514967e-15,4.654162771486457874e-15,5.959897901270574138e-15,6.024387830955767757e-15,7.009951863293354558e-15,6.246092452561418784e-15,7.568466074264853042e-15,7.912050970899291447e-15,9.978957464019549638e-15,1.297693392163086748e-14,7.095379871159994480e-15,4.902228671577445145e-15,5.371747549498444817e-15,6.726235515474724103e-15,6.128213744028622276e-15,1.122202782900089607e-14,1.690444322191182100e-14,9.790981244095092300e-15,1.073043362847741764e-14,6.168492109166390753e-15
6.580518313590590533e-15,9.159013533987245242e-15,7.387956419012894506e-15,7.392952812825772973e-15,8.053460259207838173e-15,7.361210837306358121e-15,7.053640156571452677e-15,8.154108999978373049e-15,6.248882662619164342e-15,6.166150136865637302e-15,5.321073504840585078e-15,6.891372007521632768e-15,6.648937751023839626e-15,7.532069991179108955e-15,7.293833651443100103e-15,8.327324474190906957e-15,7.470742951991633031e-15,6.419620856328257782e-15,6.769277160380852520e-15,6.508315481082161798e-15,7.119710533698696412e-15,1.026766048927133233e-14,1.342845169067092818e-14,6.026912264652131605e-15,6.591721470004778410e-15,7.094691274389998992e-15,7.426457076424794140e-15,7.959556067425572380e-15,7.021863342687794517e-15,7.166352061312853682e-15,6.176456050701629560e-15,6.229606960336140362e-15,8.284843630378101897e-15,1.155880261382542271e-14,1.987666379094358723e-14,5.203302891157905258e-15,5.558346034163418541e-15,6.179338660702724580e-15,6.548473724950498001e-15,6.973025913870240324e-15,7.128446963801355686e-15,6.323210359493615578e-15,5.771510823214778220e-15,6.162728482320320889e-15,7.191123790090769587e-15,8.475077640531327877e-15,1.058143626863721370e-14,5.109611113202565844e-15,5.024587629602536671e-15,5.503588917204320493e-15,6.229928355120923053e-15,7.063291971679878589e-15,6.408561212904895016e-15,6.651529642581327513e-15,6.782767783709136388e-15,7.096391183989994473e-15,1.058025066792803295e-14,1.088358227886677175e-14,4.122776290099411648e-15,4.749495921179739424e-15,6.092720778489181469e-15,6.150257729429767445e-15,7.165365553747669041e-15,6.375267431441301357e-15,7.730425394600141111e-15,8.174814955101851311e-15,1.020379753054019885e-14,1.328637075263088075e-14,7.248272992482139000e-15,5.046707505319261448e-15,5.531577863009402824e-15,6.952463461757297654e-15,6.240639232328799941e-15,1.156221325943345823e-14,1.728287390655825512e-14,9.960360470731579263e-15,1.091324484111025283e-14,6.290102824004732532e-15
6.713612738260069599e-15,9.344194538154728182e-15,7.537249778656700824e-15,7.542160795756535086e-15,8.216275527191133230e-15,7.510087305539334947e-15,7.196577189568741967e-15,8.320094053627349613e-15,6.375846350454748653e-15,6.290995008295126413e-15,5.428683889525210437e-15,7.030629394727168244e-15,6.783128548457692231e-15,7.684360097279344241e-15,7.441363767857242367e-15,8.496008556511683150e-15,7.623450268957184659e-15,6.549708270009628837e-15,6.906536055171579148e-15,6.639986584230739792e-15,7.263766765678999291e-15,1.047684613553372173e-14,1.370705948191265797e-14,6.148890965166914523e-15,6.725686619176085720e-15,7.238424156375716453e-15,7.577135055126555378e-15,8.121826002405186818e-15,7.164287518027723844e-15,7.311502478222567137e-15,6.302134807740672031e-15,6.356228823363518070e-15,8.461875240482990564e-15,1.180240879845984635e-14,2.029630939822751273e-14,5.309046264206341675e-15,5.671245682946432552e-15,6.306635538600355923e-15,6.705466971678094332e-15,7.163270817395174182e-15,7.274187389718227219e-15,6.452053287891685406e-15,5.888514290303227015e-15,6.288506221100087034e-15,7.353947260421656423e-15,8.762861811871852775e-15,1.094312418254940069e-14,5.213856483719255649e-15,5.126525346040399609e-15,5.616927329862411643e-15,6.359280295283701411e-15,7.209762451970402752e-15,6.539395519579995998e-15,6.788986902483616213e-15,6.922380178295928953e-15,7.242053652417458272e-15,1.082304009263232001e-14,1.124493408973778060e-14,4.206434210557161443e-15,4.846588125329331357e-15,6.227192786414618916e-15,6.278219670865916588e-15,7.322724849190970201e-15,6.506701336867306692e-15,7.894759358415089928e-15,8.443204278562377157e-15,1.043117061257774672e-14,1.359843438121341437e-14,7.403341960910783851e-15,5.195990444958995965e-15,5.696762588050927664e-15,7.186190222119637782e-15,6.354915150878064917e-15,1.190630083681595551e-14,1.766543332553414066e-14,1.013498058703203189e-14,1.109858425562054462e-14,6.414051045524472571e-15
6.849343320002538928e-15,9.533050248341192476e-15,7.689517603591754699e-15,7.694369861408674103e-15,8.382324135145248367e-15,7.661913055605547908e-15,7.342310502436337638e-15,8.489237341489557487e-15,6.505255994597714321e-15,6.418296250798133246e-15,5.538427708911184169e-15,7.172661651610546095e-15,6.920018513925910118e-15,7.839672653246909048e-15,7.591814393992184238e-15,8.667998788107558837e-15,7.778997416287645882e-15,6.682341475974339620e-15,7.046470370574286230e-15,6.774260898676094572e-15,7.410668579170692260e-15,1.068998541183810036e-14,1.399039259553056424e-14,6.273275590508815336e-15,6.862227965692008364e-15,7.384973241242320224e-15,7.730737931814563342e-15,8.287157130488457220e-15,7.309482266093841029e-15,7.459501015748070129e-15,6.430214380980768692e-15,6.485284556394801049e-15,8.641528093984589456e-15,1.204982752927035500e-14,2.072231499282031062e-14,5.416825806544895800e-15,5.786325205766647735e-15,6.436208756109618792e-15,6.863997516755454504e-15,7.355304006962037780e-15,7.422636209608231306e-15,6.583338050892257454e-15,6.007802308466243675e-15,6.416646747077073567e-15,7.518662705123007957e-15,9.058222498210159251e-15,1.131434466931488368e-14,5.320066717497339059e-15,5.230445443860737783e-15,5.732299227373455097e-15,6.490855139083507724e-15,7.358759585507642803e-15,6.672682795368207611e-15,6.928860036720760769e-15,7.064496518762272654e-15,7.390365607773136604e-15,1.106838995997995976e-14,1.161868547293974094e-14,4.291718110415264067e-15,4.945492014478662588e-15,6.363420059380602548e-15,6.408358890033995240e-15,7.482157692683482048e-15,6.640475220266253426e-15,8.061595047907550383e-15,8.717086734927728912e-15,1.066127495940938899e-14,1.391338709994450205e-14,7.560707967398026038e-15,5.350242811596827458e-15,5.867485450376312927e-15,7.427561072362100552e-15,6.471064139686523167e-15,1.225414909013287643e-14,1.805249670872804973e-14,1.031482650718743897e-14,1.128646685222737592e-14,6.540379319396506531e-15
6.987768207207836169e-15,9.725661150883486488e-15,7.844823266123668999e-15,7.849639558593247589e-15,8.551676454621902913e-15,7.816753164679127753e-15,7.490906153529575872e-15,8.661624114491657806e-15,6.637173591232298430e-15,6.548110038607288763e-15,5.650351655859764215e-15,7.317527815954034184e-15,7.059661179484083196e-15,7.998073640744006621e-15,7.745250237868070408e-15,8.843372788861929558e-15,7.937467987314047287e-15,6.817580392113722588e-15,7.189144423946013098e-15,6.911196442936264750e-15,7.560479790350240218e-15,1.090718914889043617e-14,1.427864385668856833e-14,6.400120411738319967e-15,7.001411435938647494e-15,7.534404535439966945e-15,7.887337619126082263e-15,8.455634975723915951e-15,7.457514906354258686e-15,7.610413933142151144e-15,6.560757873350188259e-15,6.616836464365044575e-15,8.823938744855736858e-15,1.230124435354333628e-14,2.115503232998974925e-14,5.526692984122626667e-15,5.903639135538306828e-15,6.568133860646609358e-15,7.024169646302586821e-15,7.549144206541915679e-15,7.573873176323175690e-15,6.717131010056992999e-15,6.129429148213196960e-15,6.547216463109368390e-15,7.685399467678287597e-15,9.361102143576863578e-15,1.169501503327979312e-14,5.428295955717626973e-15,5.336395805970128976e-15,5.849770974147998093e-15,6.624735334111712344e-15,7.510377015281825409e-15,6.808492604396238055e-15,7.071233757076185308e-15,7.209199620980299055e-15,7.541411062254873911e-15,1.131650539697988763e-14,1.200514782125078969e-14,4.378667223140776646e-15,5.046259258921301555e-15,6.501507143870114459e-15,6.540758121302591336e-15,7.643789529410408902e-15,6.776667921431590957e-15,8.231055553012950980e-15,8.996324968196320135e-15,1.089430531161572694e-14,1.423149472858968747e-14,7.720488690025902632e-15,5.509634384018141467e-15,6.043934894469618329e-15,7.676712419359123499e-15,6.589108825512831088e-15,1.260564546250135257e-14,1.844442802200884631e-14,1.049988905683140181e-14,1.147690699439944129e-14,6.669130870650966641e-15
7.128945783741258806e-15,9.922108072364744049e-15,8.003230641868378763e-15,8.008030528088175074e-15,8.724403225210027648e-15,7.974672957681261038e-15,7.642429997734729724e-15,8.837338386244325960e-15,6.771660600590285647e-15,6.680492568626758177e-15,5.764502667926208536e-15,7.465287409700264349e-15,7.202111062116765063e-15,8.159629370469778244e-15,7.901736225198141720e-15,9.022207945264818934e-15,8.098943954471062348e-15,6.955484788962417459e-15,7.334622240279477291e-15,7.050851406371166001e-15,7.713264349178051345e-15,1.112856612885927243e-14,1.457199891311653338e-14,6.529479799460113641e-15,7.143302323655954082e-15,7.686783890171794904e-15,8.047005537995239968e-15,8.627343635506991063e-15,7.608452380598053964e-15,7.764307379506060088e-15,6.693827676530311835e-15,6.750946267278308056e-15,9.009239559235987146e-15,1.255683795143855601e-14,2.159479691337963980e-14,5.638698863319563871e-15,6.023241612310703889e-15,6.702484631259465301e-15,7.186091164110680589e-15,7.744824617586974923e-15,7.727976518693154521e-15,6.853497621678142494e-15,6.253448916674581384e-15,6.680280737034614684e-15,7.854285883745894203e-15,9.671427210796811011e-15,1.208503166952956947e-14,5.538597609764275095e-15,5.444424120213401344e-15,5.969407480637233717e-15,6.761001137998609993e-15,7.664705781002810070e-15,6.946893374192733142e-15,7.216190590698829110e-15,7.356570310762910822e-15,7.695272122236787210e-15,1.156759026320727793e-14,1.240462487683821069e-14,4.467320644842124544e-15,5.148940749820390835e-15,6.641556803574822168e-15,6.675497874867947931e-15,7.807743149158958670e-15,6.915356373382470180e-15,8.403260217058764418e-15,9.280778918344242003e-15,1.113045241011514648e-14,1.455302435361964564e-14,7.882798448360797232e-15,5.674339333151179773e-15,6.226303975803173501e-15,7.933770787862737762e-15,6.709071809083285691e-15,1.296070720908096407e-14,1.884157952512915277e-14,1.069016478093874613e-14,1.166991840293335522e-14,6.800349610633535990e-15
7.272934786554672436e-15,1.012247235009598559e-14,8.164804213816147463e-15,8.169604516720503308e-15,8.900575692821137730e-15,8.135738142834009113e-15,7.796947865810490095e-15,9.016463245969766424e-15,6.908778137419037786e-15,6.815500192231031540e-15,5.880928013546501946e-15,7.616000533332005488e-15,7.347423675873359656e-15,8.324406612128229704e-15,8.061337637001619954e-15,9.204581627733581986e-15,8.263505988030538521e-15,7.096114446326514614e-15,7.482967733261924660e-15,7.193284272667166359e-15,7.869086482581502428e-15,1.135422354604585866e-14,1.487063716116238606e-14,6.661408343521527746e-15,7.287965499241081096e-15,7.842177176611214949e-15,8.209812837408824900e-15,8.802366102859347246e-15,7.762361449679450230e-15,7.921247565962225245e-15,6.829485674908362424e-15,6.887675294627006834e-15,9.197558978706478441e-15,1.281678079103905902e-14,2.204192960564681119e-14,5.752894260142948212e-15,6.145186541470515419e-15,6.839333347666032772e-15,7.349872441935769219e-15,7.942391894473572333e-15,7.885023240288595189e-15,6.992502661330414944e-15,6.379915699188034667e-15,6.815904130808936058e-15,8.025448853695001297e-15,9.989109405362972683e-15,1.248427174123595424e-14,5.651024534113811844e-15,5.554578005159410634e-15,6.091272428579976643e-15,6.899730892982251220e-15,7.821834654413583174e-15,7.087952640699537247e-15,7.363811185197083313e-15,7.506687731893644157e-15,7.852029308220142088e-15,1.182184623938864156e-14,1.281741101353590173e-14,4.557717432456611371e-15,5.253586763906446332e-15,6.783669904112839199e-15,6.812656703022109908e-15,7.974138619911653192e-15,7.056615885877878952e-15,8.578324910400539423e-15,9.570308314627767510e-15,1.136990269760412365e-14,1.487824249850201595e-14,8.047748397107811253e-15,5.844536130180118257e-15,6.414790220913393854e-15,8.198851842536381043e-15,6.830975651858348440e-15,1.331928167110357090e-14,1.924429169203732229e-14,1.088565574703812336e-14,1.186551412982395371e-14,6.934080143871289959e-15
7.419794407963273763e-15,1.032683597932276323e-14,8.329609162377931495e-15,8.334424391121515116e-15,9.080265729145845383e-15,8.300014929440245254e-15,7.954525721383453260e-15,9.199081135956992580e-15,7.048587139768142086e-15,6.953189530496070222e-15,5.999675367179121504e-15,7.769727947454063163e-15,7.495655543785903640e-15,8.492472706952259587e-15,8.224120229040025668e-15,9.390571379933060036e-15,8.431233742688883332e-15,7.239529290638349844e-15,7.634244864288485221e-15,7.338553927349967120e-15,8.028010818945621053e-15,1.158426741500771394e-14,1.517473260504617271e-14,6.795960957707634815e-15,7.435465595139834381e-15,8.000650439122982578e-15,8.375830587505703226e-15,8.980784553643927527e-15,7.919308866371100110e-15,8.081300916029872528e-15,6.967793427139510427e-15,7.027084657843115977e-15,9.389021811297968992e-15,1.308123977362999905e-14,2.249673819983931764e-14,5.869329872862694465e-15,6.269527734006267530e-15,6.978751038492666534e-15,7.515625600935255556e-15,8.141905024225055303e-15,8.045089388448231763e-15,7.134210424542651914e-15,6.508883683892215546e-15,6.954150606356567314e-15,8.199013534841054821e-15,1.031404717383333167e-14,1.289259522479845054e-14,5.765629181938999518e-15,5.666905121331992929e-15,6.215428479074735955e-15,7.041001285550662375e-15,7.981850454178691706e-15,7.231737268411596170e-15,7.514174592418690474e-15,7.659629629149261882e-15,8.011761846225494934e-15,1.207947215256704119e-14,1.324378946743759349e-14,4.649896690866714267e-15,5.360247112713785652e-15,6.927945363070529984e-15,6.952311453972567928e-15,8.143093294141867397e-15,7.200520407440843350e-15,8.756362320105155686e-15,9.864775156413119096e-15,1.161283817673896647e-14,1.520741368214369881e-14,8.215446747011204433e-15,6.020407425774677988e-15,6.609595452434713466e-15,8.472059464036562550e-15,6.954842862337313118e-15,1.368134598158240338e-14,1.965289341457712709e-14,1.108636934349909081e-14,1.206370653195970836e-14,7.070367774842410199e-15
7.569584384277104658e-15,1.053528173931810150e-14,8.497711442683550501e-15,8.502554150300440165e-15,9.263545934550200549e-15,8.467570129470965846e-15,8.115229798071078861e-15,9.385274097032520246e-15,7.191148518054991239e-15,7.093617574730226063e-15,6.120792874644025022e-15,7.926531143106458942e-15,7.646864208815477039e-15,8.663895664786713530e-15,8.390150335142861141e-15,9.580255083343325137e-15,8.602206114434513459e-15,7.385789515113374048e-15,7.788517781771424435e-15,7.486719751115052075e-15,8.190102496090043904e-15,1.181880293030424131e-14,1.548445464575287243e-14,6.933192970760196475e-15,7.585867169645801513e-15,8.162270028930011153e-15,8.545129948858038726e-15,9.162680601869725688e-15,8.079361526897676816e-15,8.244534196653988800e-15,7.108812327345916941e-15,7.169235402862304246e-15,9.583749538185416848e-15,1.335037685869781112e-14,2.295951891632192872e-14,5.988056399620884076e-15,6.396319030552510239e-15,7.120807709012844958e-15,7.683463818487327384e-15,8.343434152004957058e-15,8.208250295714061862e-15,7.278684905599702395e-15,6.640407271094378706e-15,7.095083709902287974e-15,8.375103135019781653e-15,1.064612745343137352e-14,1.330984728914776794e-14,5.882463744723229587e-15,5.781453269324975179e-15,6.341937463698624375e-15,7.184887589817728486e-15,8.144838339237708262e-15,7.378313647549269406e-15,7.667358530648015590e-15,7.815472606983526347e-15,8.174547932024392067e-15,1.234066350410871399e-14,1.368403053274605944e-14,4.743897649981361645e-15,5.468971277286971630e-15,7.074480152209199940e-15,7.094537511163219542e-15,8.314721871943300467e-15,7.347142766107971711e-15,8.937482246310492636e-15,1.016404612275682419e-14,1.185943639415281145e-14,1.554079931774947819e-14,8.385999001213580830e-15,6.202139897688155808e-15,6.810925575862076295e-15,8.753484898654229628e-15,7.080695881902329409e-15,1.404690627232898639e-14,2.006770241247772871e-14,1.129231807303664985e-14,1.226450724465052346e-14,7.209258514623114006e-15
7.722365072629894421e-15,1.074789330209979843e-14,8.669177851372078968e-15,8.674058937593741304e-15,9.450489726612289211e-15,8.638471245605903455e-15,8.279126719097337913e-15,9.575123985049447524e-15,7.336523286546515011e-15,7.236841774079049805e-15,6.244329209937801853e-15,8.086472402408724647e-15,7.801108244236793431e-15,8.838744247886869371e-15,8.559494956614202359e-15,9.773711100104643792e-15,8.776501469905086088e-15,7.534955684742718202e-15,7.945850943030941803e-15,7.637841700845747211e-15,8.355427254868461261e-15,1.205793478340222200e-14,1.579996880203904655e-14,7.073160205754084666e-15,7.739234851322936353e-15,8.327102720592357492e-15,8.717782320634769359e-15,9.348135525894583747e-15,8.242586603556190793e-15,8.411014632264561832e-15,7.252603747895862304e-15,7.314188644832397116e-15,9.781860625776601063e-15,1.362434965940614459e-14,2.343055781676464620e-14,6.109124642509301963e-15,6.525614410886033524e-15,7.265572548960950853e-15,7.853500750379450161e-15,8.547059387370164737e-15,8.374580795721043667e-15,7.425989956450765500e-15,6.774541169155673120e-15,7.238766736541993985e-15,8.553838790020267803e-15,1.098522764120729172e-14,1.373586096590988138e-14,6.001580277144600354e-15,5.898270476222354377e-15,6.470860559119611798e-15,7.331463893761533646e-15,8.310882079949219727e-15,7.527747870088665291e-15,7.823439625276426372e-15,7.974292364706602928e-15,8.340464969640824271e-15,1.260561216565684320e-14,1.413838974679546854e-14,4.839759732865242625e-15,5.579808529432646219e-15,7.223369340447993113e-15,7.239409017022282018e-15,8.489136506797214829e-15,7.496554889358119473e-15,9.121791897540217229e-15,1.046799485508614424e-14,1.210987052153951846e-14,1.587865690562864534e-14,8.559508199886880948e-15,6.389924064039980303e-15,7.018990325147257485e-15,9.043206001822958555e-15,7.208557070196531548e-15,1.441599645979699908e-14,2.048902579550368367e-14,1.150351934175959106e-14,1.246792715504567303e-14,7.350799087429974414e-15
7.878197517557809459e-15,1.096475532576370212e-14,8.844076084046567570e-15,8.849005051608697912e-15,9.641171416490633316e-15,8.812786547294965191e-15,8.446283601600672732e-15,9.768712661715760286e-15,7.484772679210914120e-15,7.382920111859359796e-15,6.370333624595514387e-15,8.249614850868574779e-15,7.958447263202475780e-15,9.017088043258370558e-15,8.732221839592261650e-15,9.971018397066296059e-15,8.954197850901443019e-15,7.687088827996342460e-15,8.106309220892821648e-15,7.791980379910244180e-15,8.524051520296940516e-15,1.230176744139488829e-14,1.612143736552595644e-14,7.215919049133541304e-15,7.895633466237488705e-15,8.495215813486692610e-15,8.893859470217739633e-15,9.537230468682871762e-15,8.409051660732513496e-15,8.580810004038253813e-15,7.399229165737409311e-15,7.462005686934155917e-15,9.983470836350349557e-15,1.390331200460369712e-14,2.391013212257570411e-14,6.232585599603780978e-15,6.657468090487288881e-15,7.413114121486899782e-15,8.025850058626369951e-15,8.752869622198320109e-15,8.544155415924524095e-15,7.576189427737626457e-15,6.911340478492383389e-15,7.385262876922661397e-15,8.735339509837605640e-15,1.133121774368612531e-14,1.417046005503908757e-14,6.123030808600704597e-15,6.017405071637521603e-15,6.602258446061009640e-15,7.480803308371809029e-15,8.480064307502341732e-15,7.680105886679176447e-15,7.982493628817391998e-15,8.136163909637952430e-15,8.509589786101127090e-15,1.287450621479403485e-14,1.460710608773872936e-14,4.937522615855006236e-15,5.692808040595159130e-15,7.374706168142530146e-15,7.386999080827771959e-15,8.666446942852509991e-15,7.648828004308676667e-15,9.309396179871666595e-15,1.077650406348404594e-14,1.236430951128883388e-14,1.622123947596364820e-14,8.736075166216831983e-15,6.583954059461170220e-15,7.234002963948933431e-15,9.341286595463030390e-15,7.338448690037281762e-15,1.478867669238994812e-14,2.091716072793300688e-14,1.171999524380747857e-14,1.267397637546691964e-14,7.495036937039859568e-15
8.037143508502642248e-15,1.118595353444800367e-14,9.022474784576511840e-15,9.027459956101105634e-15,9.835666274599827250e-15,8.990585136291697519e-15,8.616768147354061255e-15,9.966122162615394103e-15,7.635958251497226301e-15,7.531911171857687301e-15,6.498855990442970632e-15,8.416022502291593773e-15,8.118941927372311221e-15,9.198997524907413999e-15,8.908399541766270062e-15,1.017225665318394197e-14,9.135373156141971023e-15,7.842250516689182223e-15,8.269957996646085630e-15,7.949197098973915607e-15,8.696042471670407785e-15,1.255040539148751280e-14,1.644901999290999114e-14,7.361526510580990701e-15,8.055128149737650835e-15,8.666677219966064344e-15,9.073433646305320780e-15,9.730046614565664454e-15,8.578824756140529544e-15,8.753988736041103432e-15,7.548750273848066055e-15,7.612748124892397836e-15,1.018869353143997295e-14,1.418741446399827751e-14,2.439851143361487648e-14,6.358490546083639694e-15,6.791934605446763351e-15,7.563500534213698002e-15,8.200625033699393395e-15,8.960961384850820207e-15,8.717048549093601365e-15,7.729347293593108143e-15,7.050860764965388939e-15,7.534635347578626701e-15,8.919722180027967600e-15,1.168396266180031642e-14,1.461346220335765886e-14,6.246867442480804397e-15,6.138905754427721025e-15,6.736191453377511955e-15,7.632978159842601710e-15,8.652466742035602471e-15,7.835453646078746860e-15,8.144595621035319840e-15,8.301161749477522294e-15,8.681998824072955596e-15,1.314752988306241730e-14,1.509040021247547470e-14,5.037226281455401718e-15,5.808018979292425929e-15,7.528582144474520190e-15,7.537379970534243648e-15,8.846760673973409634e-15,7.804032819124192629e-15,9.500397975799919833e-15,1.108946741442360339e-14,1.262291830660036363e-14,1.656879523970109885e-14,8.915798748823816742e-15,6.784427371310152972e-15,7.456179939494753929e-15,9.647775958592866100e-15,7.470392891850392136e-15,1.516503154090987369e-14,2.135239515680649828e-14,1.194177234178104948e-14,1.288266421668226028e-14,7.642020233070123815e-15
8.199265629296033554e-15,1.141157478664551188e-14,9.204443587246097110e-15,9.209492288725296298e-15,1.003405058685154935e-14,9.171937002949227735e-15,8.790648721432801360e-15,1.016743484431834800e-14,7.790141969510485429e-15,7.683874195739761407e-15,6.629946836482799915e-15,8.585760297506455695e-15,8.282653954533571668e-15,9.384544107217325590e-15,9.088097489745572596e-15,1.037750635225553472e-14,9.320105302336235194e-15,8.000502935339111584e-15,8.436863240900301512e-15,8.109553928432791623e-15,8.871468102963392393e-15,1.280395335494880481e-14,1.678287423901190964e-14,7.510040274780451335e-15,8.217784444395296286e-15,8.841555541740010276e-15,9.256577677338421815e-15,9.926665344850458880e-15,8.751974528894253741e-15,8.930619969778986378e-15,7.701229079297289881e-15,7.766477938661777455e-15,1.039763996392616771e-14,1.447680483499621702e-14,2.489595884639626267e-14,6.486891105530975748e-15,6.929068886918504795e-15,7.716799593486431866e-15,8.377938299810174946e-15,9.171437749655137032e-15,8.893334605459851134e-15,7.885527761773626517e-15,7.193158123798445586e-15,7.686947506404869426e-15,9.107101606234591496e-15,1.204332456135306625e-14,1.506468208726532423e-14,6.373142444265615079e-15,6.262821651052692250e-15,6.872719688116220115e-15,7.788060165239102707e-15,8.828170400246351758e-15,7.993857218693781040e-15,8.309820190195044842e-15,8.469360065261215528e-15,8.857768314082026103e-15,1.342486359291413850e-14,1.558847276446994163e-14,5.138911064729853323e-15,5.925490598022802835e-15,7.685087160895058273e-15,7.690623288777678683e-15,9.030183116679986356e-15,7.962239686726243652e-15,9.694898409920698289e-15,1.140679116665821550e-14,1.288585808960342568e-14,1.692156740993003656e-14,9.098776056868767929e-15,6.991544533165189190e-15,7.685740486111412757e-15,9.962708469230099373e-15,7.604411697645923624e-15,1.554516801019610262e-14,2.179500857341131242e-14,1.216888144303832576e-14,1.309399916116230482e-14,7.791797877121877774e-15
8.364627300523398259e-15,1.164170713327714447e-14,9.390053152560860058e-15,9.395171868506632307e-15,1.023640170249088524e-14,9.356913074326794252e-15,8.967994420165297915e-15,1.037273351301373205e-14,7.947386287862422646e-15,7.838869132518575378e-15,6.763657380528254808e-15,8.758894137047444172e-15,8.449646125117080623e-15,9.573800190473786162e-15,9.271386028120566594e-15,1.058684886270709123e-14,9.508472366454793649e-15,8.161908941150058547e-15,8.607091583624920494e-15,8.273113743386255015e-15,9.050397274604747749e-15,1.306251647381583355e-14,1.712315603464732028e-14,7.661518745957253649e-15,8.383668385513756221e-15,9.019920135767086787e-15,9.443365056842264300e-15,1.012716837436979119e-14,8.928570275866941371e-15,9.110773628431744195e-15,7.856727989212282685e-15,7.923257572558293008e-15,1.061041955599191630e-14,1.477162859089935985e-14,2.540273197341148553e-14,6.617839312340392924e-15,7.068926326151543000e-15,7.873078942890689205e-15,8.557901592256152635e-15,9.384407315649377151e-15,9.073088147256152857e-15,8.044795370503137984e-15,7.338289235025943773e-15,7.842262954604599264e-15,9.297590591607523764e-15,1.240916527653943100e-14,1.552393462750644199e-14,6.501908319415972631e-15,6.389202366410735078e-15,7.011903152443751883e-15,7.946120592259423577e-15,9.007255783464490455e-15,8.155382905669241856e-15,8.478241596503105820e-15,8.640832866278329286e-15,9.036974427933924959e-15,1.370668406329442805e-14,1.610150278286939608e-14,5.242617693809086275e-15,6.045272310494190685e-15,7.844309615008654523e-15,7.846800133506852363e-15,9.216817790544621043e-15,8.123518751946359807e-15,9.892997099487735180e-15,1.172839553160171052e-14,1.315328655402211404e-14,1.727979416022239797e-14,9.285102685097993541e-15,7.205508772864878576e-15,7.922906175646734096e-15,1.028610341354953863e-14,7.740526984509308921e-15,1.592921344358675896e-14,2.224527278416724506e-14,1.240135737179706587e-14,1.330798883635281021e-14,7.944419508762103604e-15
8.533292815487298857e-15,1.187643986665148838e-14,9.579375197340422457e-15,9.584569701925807784e-15,1.044279807444602041e-14,9.545585254979282769e-15,9.148875129480799918e-15,1.058210153649418957e-14,8.107754217307213918e-15,7.996956680902560503e-15,6.900039556093447281e-15,8.935490908670324660e-15,8.619982287464431131e-15,9.766839199352963770e-15,9.458336461108902982e-15,1.080036650580197321e-14,9.700552710908927634e-15,8.326532115568217740e-15,8.780710374500342387e-15,8.439940261926052404e-15,9.232899757539963153e-15,1.332620047323064671e-14,1.747002011327658565e-14,7.816021085922289774e-15,8.552846575435134054e-15,9.201841170771742069e-15,9.633870017061208831e-15,1.033163787084566084e-14,9.108682017523436627e-15,9.294520471872811921e-15,8.015309885808280785e-15,8.083150004969447821e-15,1.082714016068644805e-14,1.507202929092653747e-14,2.591908386699915497e-14,6.751387666063515320e-15,7.211562831005147105e-15,8.032406187115585906e-15,8.740625596344087441e-15,9.599983263876283863e-15,9.256384007202234605e-15,8.207215073274500257e-15,7.486311411295708476e-15,8.000645626324049732e-15,9.491300038580358241e-15,1.278134869335941658e-14,1.599103816332050403e-14,6.633217881933706853e-15,6.518098027860227722e-15,7.153801848283579155e-15,8.107230403801776023e-15,9.189803047210763558e-15,8.320097334809289851e-15,8.649933918826483227e-15,8.815654128228084722e-15,9.219693414828536262e-15,1.399316446651551180e-14,1.662964624551030212e-14,5.348387325051149553e-15,6.167413759915912830e-15,8.006336540202695130e-15,8.005981243802593311e-15,9.406766501084544362e-15,8.287940083198799729e-15,1.009479238852023702e-14,1.205421574438425979e-14,1.342535819142018040e-14,1.764370869054331763e-14,9.474872926901557434e-15,7.426525612470408253e-15,8.167900412210548378e-15,1.061796497547959367e-14,7.878760467627590137e-15,1.631731338349284995e-14,2.270345267269191415e-14,1.263923873684281939e-14,1.352463998801426159e-14,8.099935511348654405e-15
8.705327370378939074e-15,1.211586356125110477e-14,9.772482519623574638e-15,9.777757987440069169e-15,1.065331929294295393e-14,9.738026461133356501e-15,9.333361574611323084e-15,1.079562294113111092e-14,8.271309383126375683e-15,8.158198325177372439e-15,7.039146034963706808e-15,9.115618510134142518e-15,8.793727361722762461e-15,9.963735615064427520e-15,9.649021087490538554e-15,1.101814261346153893e-14,9.896425093138744086e-15,8.494436808240964641e-15,8.957787734516537496e-15,8.610098077359583523e-15,9.419046270329487248e-15,1.359511180191193675e-14,1.782362039033821921e-14,7.973607246235929988e-15,8.725386247709406929e-15,9.387389675309648946e-15,9.828167592042585861e-15,1.054015655865909611e-14,9.292380554275486911e-15,9.481932143375842130e-15,8.177038191470463129e-15,8.246218808608380272e-15,1.104790830601945244e-14,1.537814895311612069e-14,2.644526385219942251e-14,6.887589178429843085e-15,7.357034874718150517e-15,8.194849002146905872e-15,8.926219838047529965e-15,9.818282498463607607e-15,9.443297392353806237e-15,8.372852312684227758e-15,7.637282638759913461e-15,8.162159867024610045e-15,9.688339067395766762e-15,1.315974306096134670e-14,1.646581751562199894e-14,6.767124314357681263e-15,6.649559323052436575e-15,7.298475870485322391e-15,8.271460388081840174e-15,9.375892153293383638e-15,8.488067544480781553e-15,8.824971185750239150e-15,8.993897915852383978e-15,9.406001721555685657e-15,1.428447462181202841e-14,1.717303477867893294e-14,5.456261573310450598e-15,6.291964879043828498e-15,8.171253737289117088e-15,8.168237131498859487e-15,9.600129520930546781e-15,8.455573789738249211e-15,1.030038156514176231e-14,1.238420284135772491e-14,1.370222458230035113e-14,1.801353937557979832e-14,9.668179974037007572e-15,7.654802417667395910e-15,8.420947868966073229e-15,1.095828241651348862e-14,8.019133682839462167e-15,1.670962944201322610e-14,2.316980693948521212e-14,1.288256769446776839e-14,1.374395845364102110e-14,8.258397017669461121e-15
8.880797089110949812e-15,1.236007010705684090e-14,9.969449018748004077e-15,9.974810118291509551e-15,1.086804611293291727e-14,9.934310648799480098e-15,9.521525361910718904e-15,1.101338249521954260e-14,8.438116075047176105e-15,8.322656365172205274e-15,7.181030245755849258e-15,9.299345867565601956e-15,8.970947342189784833e-15,1.016456500165088662e-14,9.843513229414866263e-15,1.124026157695449663e-14,1.009616876096068542e-14,8.665688174016224324e-15,9.138392599592687548e-15,8.783652684879609732e-15,9.608908509874368033e-15,1.386935775292098689e-14,1.818411029894688914e-14,8.134337994957298886e-15,8.901355322003385635e-15,9.576637578124667584e-15,1.002633367114049870e-14,1.075280780849423738e-14,9.479737514210629633e-15,9.673081208761592875e-15,8.341976924749797459e-15,8.412528202122986983e-15,1.127282942079511885e-14,1.569012839141989077e-14,2.698151827366980163e-14,7.026497413625359149e-15,7.505399537583828821e-15,8.360475232735472804e-15,9.114792617456343519e-15,1.003942487331403470e-14,9.633903974521316727e-15,8.541773084228796359e-15,7.791261611615526412e-15,8.326870501530547399e-15,9.888815145286634691e-15,1.354422318219707075e-14,1.694810687368222735e-14,6.903681219862237250e-15,6.783637532066352090e-15,7.445985489262103602e-15,8.438881275047934484e-15,9.565603005455957778e-15,8.659361056488366123e-15,9.003427491975319644e-15,9.175638491154702659e-15,9.595976098007520462e-15,1.458078121334512604e-14,1.773177456608195326e-14,5.566282537696070722e-15,6.418975942633398322e-15,8.339145905038597955e-15,8.333638199394440977e-15,9.797005766041490642e-15,8.626490125452812724e-15,1.050986106128496661e-14,1.271832414865849666e-14,1.398403468509045642e-14,1.838950997363612745e-14,9.865116102190867465e-15,7.890547894352977845e-15,8.682273865104584680e-15,1.130703045145807465e-14,8.161667968718007473e-15,1.710633722575006622e-14,2.364458880930120780e-14,1.313138970614033140e-14,1.396594913603355356e-14,8.419855915400389763e-15
9.059769043174166709e-15,1.260915273600993572e-14,1.017034971091890082e-14,1.017580068338190910e-14,1.108706047580667325e-14,1.013451283629158871e-14,9.713439013452877021e-15,1.123546577992588839e-14,8.608239289339181237e-15,8.490393941012605897e-15,7.325746388737553776e-15,9.486742949693600377e-15,9.151709297965264927e-15,1.036940402687328916e-14,1.004188725551693983e-14,1.146680888693680820e-14,1.029986353482555233e-14,8.840352203555020372e-15,9.322594756895988357e-15,8.960670503082259050e-15,9.802559176251058285e-15,1.414904656662061578e-14,1.855164308545054418e-14,8.298274938403810701e-15,9.080822450543997949e-15,9.769657741455789837e-15,1.022844504376879884e-14,1.096967571430450431e-14,9.670825392916415066e-15,9.868041188592540299e-15,8.510190747999838646e-15,8.582143093783014514e-15,1.150200804191619961e-14,1.600810751869913618e-14,2.752809116215525022e-14,7.168166522374147612e-15,7.656714542092555017e-15,8.529352977990956557e-15,9.306450976920960921e-15,1.026353250355689503e-14,9.828279968377533640e-15,8.714043990882004044e-15,7.948307760808445542e-15,8.494842892564556109e-15,1.009283422132265664e-14,1.393467243945190737e-14,1.743775244694109891e-14,7.042942667060454521e-15,6.920384554287817775e-15,7.596391222603181174e-15,8.609563839856140484e-15,9.759015569566669015e-15,8.834045938815003900e-15,9.185377101007292452e-15,9.360950408235054589e-15,9.789693689138133227e-15,1.488224802267091061e-14,1.830594548768839380e-14,5.678492823136622175e-15,6.548497612832432146e-15,8.510096767256581355e-15,8.502254846655480197e-15,9.997492964634139852e-15,8.800759580128530613e-15,1.072332663507967699e-14,1.305656349426623103e-14,1.427093511769058842e-14,1.877183987824137836e-14,1.006577284189806141e-14,8.133971530427835987e-15,8.952103681566717781e-15,1.166416982131698869e-14,8.306384448184102819e-15,1.750762434945095863e-14,2.412804669933398236e-14,1.338575329015185852e-14,1.419061597704594327e-14,8.584364852351860637e-15
9.242311267103645777e-15,1.286320604204610812e-14,1.037526074046798420e-14,1.038080546605296679e-14,1.131044552569013558e-14,1.033870912148438584e-14,9.909175994914335775e-15,1.146195924884087453e-14,8.781744763837356799e-15,8.661475052535388484e-15,7.473349447080331070e-15,9.677880778110630060e-15,9.336081371718332904e-15,1.057833047798420319e-14,1.024421859870751145e-14,1.169787116548757036e-14,1.050758987802505442e-14,9.018495747983315050e-15,9.510464874365293002e-15,9.141218890636250307e-15,1.000007199204878186e-14,1.443428751739222085e-14,1.892637206803421497e-14,8.465480538215404500e-15,9.263857056704567843e-15,9.966523987767836181e-15,1.043457943606400863e-14,1.119084515813762570e-14,9.865717585989654547e-15,1.006688658390595050e-14,8.681745007273652955e-15,8.755129117809767235e-15,1.173554800309347300e-14,1.633222561722079090e-14,2.808522482586818635e-14,7.312651270225304968e-15,7.811038281988941912e-15,8.701550665866094569e-15,9.501300696672123871e-15,1.049072915868193583e-14,1.002650219815988523e-14,8.889732289131934084e-15,8.108481277283817931e-15,8.666142990464220482e-15,1.030050086270247878e-14,1.433098461811139438e-14,1.793461483267915748e-14,7.184963227989633849e-15,7.059852930358896995e-15,7.749753899269327294e-15,8.783578994072619871e-15,9.956209979564845514e-15,9.012190858959767837e-15,9.370894534986626716e-15,9.549908595657066763e-15,9.987232114339377106e-15,1.518903616741517210e-14,1.889560051663258977e-14,5.792935558009333001e-15,6.680580977951141270e-15,8.684189194463645343e-15,8.674157561937510392e-15,1.020168781692676112e-14,8.978452958958884297e-15,1.094087353607010242e-14,1.339892116245560113e-14,1.456307042741509305e-14,1.916074439724370325e-14,1.027024113460641995e-14,8.385282981180000139e-15,9.230661814650904262e-15,1.202964805965329612e-14,8.453304009654940790e-15,1.791368856400627869e-14,2.462042484357500969e-14,1.364570976637002012e-14,1.441796193155070741e-14,8.751977241498574980e-15
9.428492769465867596e-15,1.312232599500414656e-14,1.058425938691079136e-14,1.058990144052918141e-14,1.153828562048206026e-14,1.054697669403889512e-14,1.010881073708420930e-14,1.169295027696697888e-14,8.958699006254424908e-15,8.835964573891118810e-15,7.623895194673714478e-15,9.872831433676965554e-15,9.524132776368258633e-15,1.079142327257608045e-14,1.045058376884448563e-14,1.193353619074914190e-14,1.071942895597981900e-14,9.200186537924433541e-15,9.702074523851974147e-15,9.325366158308515977e-15,1.020152171676320337e-14,1.472519098543004711e-14,1.930845086122604116e-14,8.636018123937140686e-15,9.450529366252694030e-15,1.016731112029041494e-14,1.064481553998083393e-14,1.141640186400739244e-14,1.006448841466326749e-14,1.026969289583316581e-14,8.856705764977257411e-15,8.931552663812912707e-15,1.197355260517669084e-14,1.666262157841137286e-14,2.865316037211310621e-14,7.460007060405420116e-15,7.968429845604959305e-15,8.877137117205432087e-15,9.699446311569270881e-15,1.072113973274750684e-14,1.022864815378666784e-14,9.068905927037725559e-15,8.271843130069306316e-15,8.840837374653328746e-15,1.051191838913621715e-14,1.473306549728978733e-14,1.843857106063114865e-14,7.329798009700468400e-15,7.202095859482224812e-15,7.906134712911765755e-15,8.960997865273188701e-15,1.015726662945612704e-14,9.193865128511892523e-15,9.560054652414993886e-15,9.742588427117395656e-15,1.018866953507822901e-14,1.550130433954663737e-14,1.950076539849347761e-14,5.909654408027230146e-15,6.815277585004708139e-15,8.861505318716087812e-15,8.849417004930600635e-15,1.040968614429941781e-14,9.159641451036805026e-15,1.116259665358429779e-14,1.374541361451944288e-14,1.486058334621656311e-14,1.955643504694331903e-14,1.047861147389676680e-14,8.644691397073776683e-15,9.518171167372834037e-15,1.240340044368119365e-14,8.602447287732512890e-15,1.832473601617346331e-14,2.512196387048087637e-14,1.391131299299867437e-14,1.464798894168876049e-14,8.922747265766499643e-15
9.618383539300487123e-15,1.338660994860246666e-14,1.079742406786160032e-14,1.080316676577498541e-14,1.177066633834668628e-14,1.075939384276549862e-14,1.031241865159839065e-14,1.192852719982533308e-14,9.139169316030872274e-15,9.013928263456145209e-15,7.777440200546718061e-15,1.007166805912337455e-14,9.715933789459381194e-15,1.100876246462112883e-14,1.066106036045057887e-14,1.217389291449665366e-14,1.093546268474335586e-14,9.385493197139466115e-15,9.897496198185370927e-15,9.513181576489203147e-15,1.040698415581301996e-14,1.502186851472622499e-14,1.969803356887511558e-14,8.809951901282929184e-15,9.640910431664028544e-15,1.037209493763938973e-14,1.085923303520841133e-14,1.164643244147008150e-14,1.026721314486697840e-14,1.047653663933855773e-14,9.035139825668930733e-15,9.111480899708392965e-15,1.221612476836913985e-14,1.699943411345765255e-14,2.923213816409223062e-14,7.610289951480576808e-15,8.128949033744079660e-15,9.056181599932518545e-15,9.900991143398143556e-15,1.095488978585229405e-14,1.043479603690612598e-14,9.251633574757707847e-15,8.438455079433642399e-15,9.018993287336558323e-15,1.072718900254196549e-14,1.514083418533820003e-14,1.894951628675303056e-14,7.477502679778473689e-15,7.347167212254424385e-15,8.065595267774708598e-15,9.141891865570061254e-15,1.036226625243382536e-14,9.379138739456248259e-15,9.752932714467849425e-15,9.939065781121880876e-15,1.039408471146536141e-14,1.581920903785188079e-14,2.012143863247623604e-14,6.028693586538103537e-15,6.952639466341191536e-15,9.042126640387754203e-15,9.028104076859943276e-15,1.062158302684627015e-14,9.344396687429376783e-15,1.138859064865048837e-14,1.409607300314588081e-14,1.516361502884276883e-14,1.995911985106983109e-14,1.069097403199631617e-14,8.912404693295549429e-15,9.814852178915617727e-15,1.278535111631268030e-14,8.753834643436900956e-15,1.874097965024434764e-14,2.563290133238583745e-14,1.418261909408082427e-14,1.488069791141826243e-14,9.096729882562569515e-15
9.812054548205248878e-15,1.365615664260844080e-14,1.101483433779871753e-14,1.102068077650804143e-14,1.200767447879941022e-14,1.097603995818948926e-14,1.052007614079948001e-14,1.216877934323220513e-14,9.323223800115197525e-15,9.195432769196751757e-15,7.934041829938970866e-15,1.027446485779257552e-14,9.911555745014914650e-15,1.123042924576135873e-14,1.087572705555917642e-14,1.241903147293618910e-14,1.115577376969738856e-14,9.574485250980020016e-15,1.009680332239829226e-14,9.704735378283907295e-15,1.061653616463991758e-14,1.532443285812545654e-14,2.009527494790174156e-14,8.987346956163592068e-15,9.835072149816187023e-15,1.058095224272684256e-14,1.107791260421102048e-14,1.188102441950291422e-14,1.047396800045210924e-14,1.068749535173326730e-14,9.217114755341245778e-15,9.294981788417537032e-15,1.246336716680281867e-14,1.734280193639387280e-14,2.982239821805236546e-14,7.763556670060926968e-15,8.292656372346673444e-15,9.238753873901433670e-15,1.010603734395203311e-14,1.119210515047893524e-14,1.064502479806101489e-14,9.437984647947545177e-15,8.608379685267485107e-15,9.200678659833949999e-15,1.094641390992412145e-14,1.555422418586150215e-14,1.946736511969575127e-14,7.628133486064651932e-15,7.495121539201657694e-15,8.228197616401948126e-15,9.326332749571846263e-15,1.057128998775776923e-14,9.568082392665431849e-15,9.949604440739459070e-15,1.013941709056024026e-14,1.060355704883534668e-14,1.614290479052445721e-14,2.075759176784667578e-14,6.150097861329561037e-15,7.092719160628003451e-15,9.226134126079060689e-15,9.210289980442715864e-15,1.083747292861669772e-14,9.532790789384129084e-15,1.161895006994412339e-14,1.445094650994641988e-14,1.547230527234001942e-14,2.036900363648637763e-14,1.090741877193798223e-14,9.188628761034642162e-15,1.012092189374665547e-14,1.317541436049229896e-14,8.907486143988819765e-15,1.916263775590859710e-14,2.615347218647503081e-14,1.445968617624095668e-14,1.511608868143909065e-14,9.273980828025297275e-15
1.000957774814323131e-14,1.393106619922432972e-14,1.123657088261631411e-14,1.124252397107345311e-14,1.224939805872436396e-14,1.119699553033125406e-14,1.073186060175232661e-14,1.241379704412351363e-14,9.510931382821820005e-15,9.380545629476951839e-15,8.093758241945190891e-15,1.048129708835344048e-14,1.011107102258649845e-14,1.145650594181002912e-14,1.109466362166940288e-14,1.266904319080635615e-14,1.138044573480892580e-14,9.767233129708251018e-15,1.030007025923091831e-14,9.900098758165868723e-15,1.083025564783938511e-14,1.563299801012062647e-14,2.050033054472003392e-14,9.168269254488146336e-15,1.003308727327524043e-14,1.079396084604354289e-14,1.130093594103303399e-14,1.212026627109571587e-14,1.068483016991363362e-14,1.090264759521248463e-14,9.402698894378482256e-15,9.482124098507317783e-15,1.271538234580542611e-14,1.769286392102938164e-14,3.042418054470369949e-14,7.919864618624575288e-15,8.459613120048129635e-15,9.424924226780997212e-15,1.031468594465453919e-14,1.143291159573543169e-14,1.085941416445569655e-14,9.628029324256189071e-15,8.781680310761708596e-15,9.385962131808818203e-15,1.116969343760832169e-14,1.597318418786240446e-14,1.999205257450572090e-14,7.781747270758759928e-15,7.646014075071028865e-15,8.394004289636290493e-15,9.514392662551065615e-15,1.078441943590479459e-14,9.760767518850700557e-15,1.015014605436947866e-14,1.034371938206742703e-14,1.081716663404688053e-14,1.647254436438666700e-14,2.140917002263729607e-14,6.273912557997123728e-15,7.235569728365988429e-15,9.413608296922159633e-15,9.396046269682092198e-15,1.105744980997817289e-14,9.724896407067181377e-15,1.185376945416390076e-14,1.481009553620269557e-14,1.578679271564441317e-14,2.078628831885936224e-14,1.112803554569477671e-14,9.473566621145073856e-15,1.043659297257942735e-14,1.357349600272876543e-14,9.063421542150296561e-15,1.958993266140446697e-14,2.668390922718587233e-14,1.474257403302451886e-14,1.535416000451959337e-14,9.454556620977711209e-15
1.021102606494859043e-14,1.421144011360095876e-14,1.146271550983800686e-14,1.146877799587515966e-14,1.249592630317849273e-14,1.142234214158234271e-14,1.094785042459209079e-14,1.266367166268021314e-14,9.702361809851872252e-15,9.569335269260242798e-15,8.256648383653834961e-15,1.069224105533365442e-14,1.031455303320666731e-14,1.168707600435463340e-14,1.131795090475588055e-14,1.292402057884666210e-14,1.160956294280369401e-14,9.963808166731026693e-15,1.050737230896318331e-14,1.009934386611098736e-14,1.104822155324604982e-14,1.594767922783443223e-14,2.091335680591290778e-14,9.352785637678126237e-15,1.023502941530363127e-14,1.101119956331028796e-14,1.152838575313624387e-14,1.236424742887970172e-14,1.089987780714102089e-14,1.112207295387872963e-14,9.591961364348151138e-15,9.672977408915540414e-15,1.297227282231314050e-14,1.804975923298814536e-14,3.103772543910137265e-14,8.079271878539938856e-15,8.629881270716539212e-15,9.614763501255197829e-15,1.052703690916429864e-14,1.167743454248270786e-14,1.107804465917718376e-14,9.821838553133300032e-15,8.958421121421086307e-15,9.574913063614471781e-15,1.139712713544883148e-14,1.639767858119049495e-14,2.052353465821213982e-14,7.938401478969400071e-15,7.799900738908536250e-15,8.563078319174767685e-15,9.706144178548180803e-15,1.100173670246909378e-14,9.957266292217722355e-15,1.035463431728456406e-14,1.055205030591199174e-14,1.103499426235928565e-14,1.680827895815335910e-14,2.207609322378005616e-14,6.400183559871120588e-15,7.381244762059948479e-15,9.604629306745064611e-15,9.585444889836060228e-15,1.128160722674303277e-14,9.920786749501284327e-15,1.209314341126085462e-14,1.517359477650577497e-14,1.610721501842733318e-14,2.121117317303503871e-14,1.135291417881153308e-14,9.767417521660410325e-15,1.076207264852366307e-14,1.397949491885327727e-14,9.221660255131969329e-15,2.002308956723856736e-14,2.722444347081876785e-14,1.503134383497822302e-14,1.559490952129024759e-14,9.638514566564445746e-15
1.041647338733450883e-14,1.449738123830303978e-14,1.169335113428215746e-14,1.169952562599898763e-14,1.274734963074181484e-14,1.165216245449889894e-14,1.116812498514101087e-14,1.291849558594559375e-14,9.897585646501513865e-15,9.761870991608386432e-15,8.422771980651081451e-15,1.090737409523535944e-14,1.052207620188436849e-14,1.192222399737822232e-14,1.154567081723462479e-14,1.318405732458947480e-14,1.184321060652896558e-14,1.016428259172398756e-14,1.071878570354453976e-14,1.030254379714214674e-14,1.127051386083580552e-14,1.626859304049157137e-14,2.133451116444788594e-14,9.540963813751561778e-15,1.044097304867312095e-14,1.123274820758979848e-14,1.176034575683098113e-14,1.261305829203047690e-14,1.111919002614576754e-14,1.134585202515419863e-14,9.784972068697716611e-15,9.867612107818315863e-15,1.323414116883672195e-14,1.841362743804032817e-14,3.166327372275736389e-14,8.241837208251846705e-15,8.803523550991752056e-15,9.808343114097622579e-15,1.074318918588843358e-14,1.192579882234919155e-14,1.130099761203734537e-14,1.001948405906728806e-14,9.138667079384694396e-15,9.767601541916861118e-15,1.162881386989444155e-14,1.682768770513263111e-14,2.106178860086484446e-14,8.098154162052631161e-15,7.956838129925188846e-15,8.735483252870267158e-15,9.901660329099155547e-15,1.122332443120460747e-14,1.015765163729566274e-14,1.056314655582521823e-14,1.076448815667559761e-14,1.125712145512197912e-14,1.715025837773202079e-14,2.275825705976720763e-14,6.528957304488448143e-15,7.529798391097312319e-15,9.799277009703762908e-15,9.778558207803788767e-15,1.151003841581802337e-14,1.012053560540083538e-14,1.233716669492884540e-14,1.554153120355836035e-14,1.643370901871132032e-14,2.164385508393292277e-14,1.158214454205458040e-14,1.007037598148533051e-14,1.109756163275608764e-14,1.439330461194690769e-14,9.382221343073466173e-15,2.046233551277312961e-14,2.777530449348320655e-14,1.532605780337091546e-14,1.583833373654703478e-14,9.825912759554809355e-15
1.062599455106124955e-14,1.478899376134607186e-14,1.192856175887152461e-14,1.193485074166627631e-14,1.300375963309357304e-14,1.188654019415864123e-14,1.139276463167755227e-14,1.317836222295994044e-14,1.009667426994023280e-14,9.958222964281729313e-15,8.592189523689813051e-15,1.112677455789693383e-14,1.073371594618550761e-14,1.216203557863895453e-14,1.177790632065727850e-14,1.344924827635036193e-14,1.208147479163462569e-14,1.036872951851706698e-14,1.093438759520689634e-14,1.050977257608736106e-14,1.149721356626338348e-14,1.659585724735806020e-14,2.176395210223101716e-14,9.732872343741545478e-15,1.065099349820279668e-14,1.145868757588098061e-14,1.199690066614472043e-14,1.286679022454662836e-14,1.134284688966666118e-14,1.157406640541536741e-14,9.981801687313702510e-15,1.006609938560387236e-14,1.350109008127982134e-14,1.878460858759754780e-14,3.230106694089560232e-14,8.407620036530808971e-15,8.980603412752701934e-15,1.000573506685977751e-14,1.096324075770911174e-14,1.217812847405414791e-14,1.152835516214007425e-14,1.022103833824750964e-14,9.322483932937116167e-15,9.964098378609307478e-15,1.186485190496048355e-14,1.726320784367603850e-14,2.160681275309558175e-14,8.261063975358628248e-15,8.116883519022443986e-15,8.911283162870052029e-15,1.010101462268187423e-14,1.144926582644937407e-14,1.036199722838384613e-14,1.077576067694407165e-14,1.098111188488403619e-14,1.148363046843563510e-14,1.749863119182401355e-14,2.345553462887086818e-14,6.660280776486612403e-15,7.681285281304656707e-15,9.997631016974379736e-15,9.975459033089486137e-15,1.174283636716335833e-14,1.032421735542933838e-14,1.258593425863514107e-14,1.591400299006764531e-14,1.676641086879588120e-14,2.208452877449463536e-14,1.181581661019003442e-14,1.038263078350477520e-14,1.144325297529238516e-14,1.481481483013584317e-14,9.545123487111406076e-15,2.090789846566171061e-14,2.833672072308120802e-14,1.562677886536912112e-14,1.608442799611138639e-14,1.001681008734494933e-14
1.083966531751064345e-14,1.508638317703499355e-14,1.216843245002221743e-14,1.217483830001643666e-14,1.326524904836635596e-14,1.212556012449978146e-14,1.162185066560913865e-14,1.344336599130269226e-14,1.029969985529740898e-14,1.015846220118539624e-14,8.764962251294186199e-15,1.135052178281454307e-14,1.094954865024138281e-14,1.240659747526221002e-14,1.201474140278835411e-14,1.371968942014215865e-14,1.232444241048564004e-14,1.057722292738442497e-14,1.115425603894357548e-14,1.072110513720399027e-14,1.172840265871790356e-14,1.692959090389645980e-14,2.220183918927355498e-14,9.928580623014794445e-15,1.086516692712795896e-14,1.168909942932192501e-14,1.223813617486927195e-14,1.312553554479162545e-14,1.157092939144557791e-14,1.180679866961034011e-14,1.018252166507606526e-14,1.026851122170955927e-14,1.377322243068219720e-14,1.916284328178620493e-14,3.295134751644650164e-14,8.576680450595624184e-15,9.161185020253697845e-15,1.020701194820641884e-14,1.118728868649579924e-14,1.243454657001075129e-14,1.176020025206275020e-14,1.042657464855328204e-14,9.509938200909544393e-15,1.016447510281736618e-14,1.210533897013195729e-14,1.770425098539005732e-14,2.215862617691321411e-14,8.427190170410221422e-15,8.280094835743110058e-15,9.090542646485350847e-15,1.030428105487616548e-14,1.167964466499444065e-14,1.057037748186761957e-14,1.099255517496711453e-14,1.120200109955339270e-14,1.171460429270385931e-14,1.785354486624933412e-14,2.416777825779491796e-14,6.794201496717296910e-15,7.835760629056871855e-15,1.019977074208736100e-14,1.017622062934011569e-14,1.198009388170222800e-14,1.053190697575450299e-14,1.283954129723430666e-14,1.629111839079052209e-14,1.710545614891161964e-14,2.253338700786413115e-14,1.205402050704333048e-14,1.070436392135482556e-14,1.179933088779286483e-14,1.524391319073628239e-14,9.710384967043098982e-15,2.136000652240417233e-14,2.890891968523845811e-14,1.593357028835535816e-14,1.633318646432747843e-14,1.021126623265628622e-14
1.105756234612134540e-14,1.538965624846559767e-14,1.241304930672983958e-14,1.241957430153666633e-14,1.353191172806573979e-14,1.236930801791729064e-14,1.185546531572736703e-14,1.371360229491729721e-14,1.050673535475823234e-14,1.036266053855068912e-14,8.941152128014636053e-15,1.157869607033500960e-14,1.116965163342527751e-14,1.265599745308765150e-14,1.225626104837199215e-14,1.399547784915693052e-14,1.257220120697392013e-14,1.078983764107842477e-14,1.137846996826500505e-14,1.093661729821019639e-14,1.196416409288314776e-14,1.726991429564344765e-14,2.264833309943504661e-14,1.012815885703461219e-14,1.108357031612778109e-14,1.192406646677384561e-14,1.248413893123604915e-14,1.338938750598722085e-14,1.180351943179940105e-14,1.204413234445343132e-14,1.038720419340455375e-14,1.047492036488300735e-14,1.405064129870527931e-14,1.954847271013281402e-14,3.361435885985033967e-14,8.749079178991790715e-15,9.345333231424002947e-15,1.041224692764101647e-14,1.141542915019025545e-14,1.269517506703492886e-14,1.199661661325819857e-14,1.063616699235999728e-14,9.701097151374225992e-15,1.036880394579227910e-14,1.235037231420701092e-14,1.815084436916423788e-14,2.271726796024483366e-14,8.596592581424456250e-15,8.446530650136380928e-15,9.273326819496364511e-15,1.051153410898459154e-14,1.191454529718003877e-14,1.078286754094459198e-14,1.121360912864726976e-14,1.142723606135692024e-14,1.195012664272479321e-14,1.821514587552956324e-14,2.489482155799107244e-14,6.930767507557444520e-15,7.993280149537901418e-15,1.040577543497112540e-14,1.038091671640850057e-14,1.222190361474131930e-14,1.074368003258836807e-14,1.309808327396951202e-14,1.667299460448734724e-14,1.745097995790798923e-14,2.299062075876595048e-14,1.229684653460523750e-14,1.103574950518392173e-14,1.216596953642564288e-14,1.568048677689881099e-14,9.878023638608159517e-15,2.181888720747267144e-14,2.949212820120080820e-14,1.624649529108297200e-14,1.658460210221626226e-14,1.040934167586640213e-14
1.127976316185898733e-14,1.569892096090918796e-14,1.266249942266094879e-14,1.266914575045663880e-14,1.380384259730018766e-14,1.261787061808662335e-14,1.209369170610831090e-14,1.398916749400959277e-14,1.071785447126477161e-14,1.057089060621681397e-14,9.120821818317968922e-15,1.181137864769657516e-14,1.139410311342983206e-14,1.291032427880268933e-14,1.250255120290282371e-14,1.427671172607311402e-14,1.282483973237539311e-14,1.100664929446022983e-14,1.160710916421094931e-14,1.115638572844252885e-14,1.220458175532042316e-14,1.761694890154891442e-14,2.310359560359263050e-14,1.033167803168416858e-14,1.130628143532678023e-14,1.216367229149111305e-14,1.273499650510712918e-14,1.365844026790311333e-14,1.204069978649169597e-14,1.228615187521636870e-14,1.059592218504020195e-14,1.068540030678424282e-14,1.433344999759517117e-14,1.994163867156497204e-14,3.429034543275985905e-14,8.924877569278632877e-15,9.533113573204685262e-15,1.062151374070818747e-14,1.164775747130993294e-14,1.296013467628211450e-14,1.223768874276317435e-14,1.084989009193736514e-14,9.896028774482807231e-15,1.057715781828144569e-14,1.260004874502342082e-14,1.860302984067959549e-14,2.328279628830677896e-14,8.769331606261186399e-15,8.616250149391599219e-15,9.459701301929848835e-15,1.072284874729091017e-14,1.215405263754618176e-14,1.099954325274468913e-14,1.143900218870538883e-14,1.165689766658225951e-14,1.219028193848420633e-14,1.858357979279448194e-14,2.563648167869934596e-14,7.070027354045662021e-15,8.153900059896631035e-15,1.061572420310979352e-14,1.058962146330249757e-14,1.246835810518911291e-14,1.095961266785987098e-14,1.336165593341782764e-14,1.705975663396365998e-14,1.780311698199006356e-14,2.345641936148573073e-14,1.254438518606277982e-14,1.137695263299399764e-14,1.254333181324615070e-14,1.612442367364321717e-14,1.004805691039005384e-14,2.228476685955737724e-14,3.008657253623887809e-14,1.656561662858817976e-14,1.683866664637832001e-14,1.061109769679628403e-14
1.150634615748607819e-14,1.601428650755017587e-14,1.291687086718687176e-14,1.292364063014715035e-14,1.408113766809389147e-14,1.287133563412862091e-14,1.233661386236524639e-14,1.427015893562561968e-14,1.093313166611731174e-14,1.078322582796449970e-14,9.304034677342568791e-15,1.204865167080806607e-14,1.162298219317190220e-14,1.316966772221965155e-14,1.275369877445966180e-14,1.456349030173735833e-14,1.308244737240260437e-14,1.122773433437944250e-14,1.184025425938745728e-14,1.138048794583921946e-14,1.244974046830154238e-14,1.797081743618964018e-14,2.356778966424901110e-14,1.053920990914513702e-14,1.153337885091832075e-14,1.240800141599992400e-14,1.299079739978882989e-14,1.393278892624043875e-14,1.228255411445077376e-14,1.253294263155248458e-14,1.080874927901002817e-14,1.090002528565024286e-14,1.462175217098882472e-14,2.034248374517084054e-14,3.497955318481424890e-14,9.104137588783376213e-15,9.724592239275082687e-15,1.083488670844374964e-14,1.188436821391794060e-14,1.322954485448753536e-14,1.248350192556858950e-14,1.106781939753219555e-14,1.009480177879208469e-14,1.078961031920735705e-14,1.285446473795778837e-14,1.906086314407624200e-14,2.385528742770648160e-14,8.945468206875841928e-15,8.789313131195365919e-15,9.649732229253113901e-15,1.093830043910909066e-14,1.239825220543802395e-14,1.122048118011626571e-14,1.166881460747667964e-14,1.189106747405842966e-14,1.243515533272831799e-14,1.895899152695430169e-14,2.639256162401746464e-14,7.212030068116109198e-15,8.317677082060433323e-15,1.082969607836104440e-14,1.080240952005528064e-14,1.271954986781519825e-14,1.117978162209519652e-14,1.363035538236934385e-14,1.745153630206614213e-14,1.816200169897156300e-14,2.393097080027441699e-14,1.279672719449101402e-14,1.172812824043251059e-14,1.293156803491843886e-14,1.657561442287969054e-14,1.022050172020348589e-14,2.275787028888670812e-14,3.069247886041512221e-14,1.689099608503061180e-14,1.709537058768023129e-14,1.081659637901545953e-14
1.173739056602957185e-14,1.633586324291193465e-14,1.317625264308763294e-14,1.318314786377289929e-14,1.436389401614776269e-14,1.312979169914062085e-14,1.258431669430936327e-14,1.455667494068007288e-14,1.115264213576644476e-14,1.099974040114384818e-14,9.490854731376854083e-15,1.229059820239848120e-14,1.185636882025505454e-14,1.343411853920266292e-14,1.300979161636621246e-14,1.485591389877762505e-14,1.334511433624013158e-14,1.145317000221001107e-14,1.207798672095957697e-14,1.160900229893486766e-14,1.269972597114636884e-14,1.833164381710696930e-14,2.404107943402269271e-14,1.075082699180547794e-14,1.176494190939809940e-14,1.265713924490441505e-14,1.325163103577203701e-14,1.421252950053667698e-14,1.252916694106977090e-14,1.278459089007301261e-14,1.102575982513234280e-14,1.111887027030143077e-14,1.491565181835464261e-14,2.075115132106574568e-14,3.568222980789540118e-14,9.286921805067083465e-15,9.919836073379539875e-15,1.105244072932586634e-14,1.212535521609998010e-14,1.350352372884625690e-14,1.273414222336654465e-14,1.129003107293474319e-14,1.029748557379870055e-14,1.100623572204294575e-14,1.311371647723691082e-14,1.952441304057467168e-14,2.443483455895215632e-14,9.125063894138968679e-15,8.965779986504130870e-15,9.843486242730584458e-15,1.115796515728233654e-14,1.264723012338057998e-14,1.144575858836940508e-14,1.190312723388017202e-14,1.212982769791113157e-14,1.268483270256799486e-14,1.934152541717112210e-14,2.716285277126758933e-14,7.356825146329245772e-15,8.484668425460906344e-15,1.104777003372752560e-14,1.101935601028677379e-14,1.297557142359544270e-14,1.140426422729505717e-14,1.390427810786237385e-14,1.784847120344444920e-14,1.852776844800924994e-14,2.441446186151879862e-14,1.305396348818406407e-14,1.208941988517581022e-14,1.333081464411270121e-14,1.703395337617466439e-14,1.039537451013963461e-14,2.323842038654524301e-14,3.131007354513938829e-14,1.722269395272219874e-14,1.735470314789560663e-14,1.102590208568528660e-14
1.197297604217052778e-14,1.666376225898085759e-14,1.344073441090330508e-14,1.344775704062858524e-14,1.465220915579461965e-14,1.339332800823062188e-14,1.283688547849861256e-14,1.484881403660411162e-14,1.137646138163068359e-14,1.122050890001699677e-14,9.681346412618644367e-15,1.253730175401379144e-14,1.209434349751128207e-14,1.370376794409524300e-14,1.327091802264644400e-14,1.515408319233248709e-14,1.361293100004429052e-14,1.168303392160166860e-14,1.232038837948596651e-14,1.184200756087753021e-14,1.295462441238642716e-14,1.869955228045864718e-14,2.452362905194751521e-14,1.096660222457498852e-14,1.200105027180087595e-14,1.291117156784918103e-14,1.351758717024124563e-14,1.449775820389199463e-14,1.278062313639139210e-14,1.304118330935639406e-14,1.124702846670009025e-14,1.134201054417443712e-14,1.521525231450234005e-14,2.116778389589766877e-14,3.639861911238541988e-14,9.473293072479747962e-15,1.011891224711834532e-14,1.127425081202907212e-14,1.237081079752612688e-14,1.378218692010157667e-14,1.298969588096019004e-14,1.151660155157110084e-14,1.050414993568587760e-14,1.122710854574072362e-14,1.337789901792909980e-14,1.999375910654358884e-14,2.502154480197836518e-14,9.308180428083826531e-15,9.145711445266933768e-15,1.004103012331317613e-14,1.138191887849006301e-14,1.290107246983251375e-14,1.167545297544864047e-14,1.214202095512471483e-14,1.237326064072996307e-14,1.293940004235766581e-14,1.973132355786342690e-14,2.794713830157684882e-14,7.504462445800958898e-15,8.654931508076905546e-15,1.127002442027465381e-14,1.124053602954970967e-14,1.323651451208741448e-14,1.163313790509334346e-14,1.418352013241677138e-14,1.825070213611501874e-14,1.890054989014710742e-14,2.490707639667110863e-14,1.331618463427356967e-14,1.246095867714630740e-14,1.374119378033909310e-14,1.749933967716350245e-14,1.057269120786977185e-14,2.372663563458899175e-14,3.193957885853393438e-14,1.756076923187432574e-14,1.761665228414633653e-14,1.123907778943450822e-14
1.221318324968815263e-14,1.699809593206079241e-14,1.371040681596883089e-14,1.371755872493536767e-14,1.494618194716590347e-14,1.366203480019125931e-14,1.309440659421398248e-14,1.514667611844198328e-14,1.160466582807671614e-14,1.144560682313761852e-14,9.875574894670004063e-15,1.278884692371341529e-14,1.233698764575443793e-14,1.397870834662029408e-14,1.353716743113820510e-14,1.545810027068327426e-14,1.388598889298644995e-14,1.191740466341278730e-14,1.256754209006682866e-14,1.207958348007574634e-14,1.321452306633959335e-14,1.907466873189684900e-14,2.501560454604945523e-14,1.118660939391311047e-14,1.224178457255508169e-14,1.317018527457652487e-14,1.378875673619436168e-14,1.478857254415989780e-14,1.303700866052325405e-14,1.330280767554335569e-14,1.147263072581695331e-14,1.156952228540431476e-14,1.552065803876847572e-14,2.159252594079956001e-14,3.712897056736858979e-14,9.663314962515143692e-15,1.032188869028682945e-14,1.150039276438453959e-14,1.262082712849330894e-14,1.406564933868654128e-14,1.325025020820224068e-14,1.174760816667386614e-14,1.071486545170116172e-14,1.145230416454139609e-14,1.364710772388822028e-14,2.046899251022573420e-14,2.561554012643485564e-14,9.494880225035558827e-15,9.329168899685406504e-15,1.024243131515718924e-14,1.161023833897957233e-14,1.315986628085339256e-14,1.190964274887567707e-14,1.238557754242400789e-14,1.262144954600065832e-14,1.319894437658404360e-14,2.012852878144101689e-14,2.874519397120872075e-14,7.654992272647880808e-15,8.828524342687096250e-15,1.149653790644105247e-14,1.146602541876006202e-14,1.350247141534991663e-14,1.186648091413863738e-14,1.446817839609763787e-14,1.865837466023285148e-14,1.928047970587914024e-14,2.540899847977352078e-14,1.358348178735379140e-14,1.284286195381180374e-14,1.416281072013796719e-14,1.797167856073620172e-14,1.075246719497652338e-14,2.422273332645419808e-14,3.258122041471344830e-14,1.790527783850295748e-14,1.788120463728296691e-14,1.145618722006060759e-14
1.245809336179908944e-14,1.733897741165620208e-14,1.398536115125835573e-14,1.399264412611407213e-14,1.524591185811311939e-14,1.393600291420733315e-14,1.335696692245543010e-14,1.545036155149899920e-14,1.183733230973867778e-14,1.167511012947385076e-14,1.007360578206865124e-14,1.304531885976920350e-14,1.258438324900941769e-14,1.425903274353399706e-14,1.380862984089190561e-14,1.576806780005449398e-14,1.416437993343534255e-14,1.215636126802286446e-14,1.281953118621729842e-14,1.232181030939261703e-14,1.347950974255887510e-14,1.945711968039780143e-14,2.551717240209071412e-14,1.141092276266019353e-14,1.248722587895704377e-14,1.343426776805958448e-14,1.406523116994284443e-14,1.508507047440689366e-14,1.329840995772970238e-14,1.356955229317170299e-14,1.170264251782779332e-14,1.180148208334635649e-14,1.583197321916967832e-14,2.202552188836776973e-14,3.787353326536976212e-14,9.857051393429396917e-15,1.052883371559466826e-14,1.173094264770421596e-14,1.287549529117951699e-14,1.435402384713775683e-14,1.351589288978626433e-14,1.198312863512790174e-14,1.092970313161983310e-14,1.168189830849005818e-14,1.392143727663218138e-14,2.095021355541132336e-14,2.621695422440423901e-14,9.685226005823960218e-15,9.516214107210696820e-15,1.044775749678609118e-14,1.184300044945774734e-14,1.342369879307550303e-14,1.214840667889899663e-14,1.263387899881517617e-14,1.287447793701087161e-14,1.346355305304796554e-14,2.053328265914194746e-14,2.955679176277541391e-14,7.808465251971802521e-15,9.005505204676158349e-15,1.172738879964907134e-14,1.169590016506463509e-14,1.377353402713336512e-14,1.210437176417649664e-14,1.475834976329193444e-14,1.907163643244544185e-14,1.966769076730559565e-14,2.592041031660001602e-14,1.385594608989522012e-14,1.323523218723514104e-14,1.459575355741253300e-14,1.845088202031446066e-14,1.093471728589832563e-14,2.472692685337679979e-14,3.323522242839366074e-14,1.825627279437240971e-14,1.814834553422326149e-14,1.167729564145273611e-14
1.270778807941597561e-14,1.768652060814361938e-14,1.426568933190539906e-14,1.427310506882291522e-14,1.555149901477652177e-14,1.421532378711779189e-14,1.362465387525913323e-14,1.575997124689769815e-14,1.207453809419695569e-14,1.190909525143598585e-14,1.027550510470731574e-14,1.330680328150893649e-14,1.283661284135158658e-14,1.454483474446389650e-14,1.408539583556462210e-14,1.608408908484372742e-14,1.444819648341446828e-14,1.239998325754838064e-14,1.307643950100174610e-14,1.256876881762697498e-14,1.374967281341896608e-14,1.984703232721439464e-14,2.602849969135942908e-14,1.163961706458125383e-14,1.273745571273099552e-14,1.370350698990218977e-14,1.434710244844550178e-14,1.538735045853763980e-14,1.356491398658351426e-14,1.384150601490393123e-14,1.193714016730973160e-14,1.203796695358732288e-14,1.614930206901427133e-14,2.246691640047065738e-14,3.863255677602251810e-14,1.005456663558211724e-14,1.073981602056460212e-14,1.196597680518405645e-14,1.313490540168767987e-14,1.464742138096796372e-14,1.378671202929122186e-14,1.222324107737800385e-14,1.114873441019575190e-14,1.191596708206310632e-14,1.420098180372233676e-14,2.143753063591567993e-14,2.682593107318536970e-14,9.879280798767466095e-15,9.706909184232581065e-15,1.065707659466346783e-14,1.208028233209567084e-14,1.369265750472296149e-14,1.239182392340661492e-14,1.288700760340404680e-14,1.313242966049122482e-14,1.373331379106058879e-14,2.094572582539718873e-14,3.038170199565349185e-14,7.964932299274686785e-15,9.185932635306350261e-15,1.196265511807845662e-14,1.193023644531974448e-14,1.404979396312624309e-14,1.234688925014076659e-14,1.505413113059819848e-14,1.949063655202346742e-14,2.006231541089011575e-14,2.644149260541698948e-14,1.413366867744030513e-14,1.363815581668728896e-14,1.504009192423564097e-14,1.893686946203602918e-14,1.111945570245363610e-14,2.523942582782409360e-14,3.390180849168017949e-14,1.861380342677403914e-14,1.841805896918231051e-14,1.190246910861509836e-14
1.296234955556179496e-14,1.804084008196579552e-14,1.455148380430507552e-14,1.455903390206214899e-14,1.586304411397909403e-14,1.450008936688165436e-14,1.389755531474728547e-14,1.607560657107588632e-14,1.231636080825329341e-14,1.214763902363796429e-14,1.048133925414204373e-14,1.357338640313290914e-14,1.309375942611570974e-14,1.483620848768753552e-14,1.436755650107685286e-14,1.640626797559859419e-14,1.473753126551810259e-14,1.264835056141875886e-14,1.333835128897991613e-14,1.282054021394712374e-14,1.402510113302306137e-14,2.024453445458161580e-14,2.654975393635460556e-14,1.187276743345462338e-14,1.299255597371075967e-14,1.397799133940764072e-14,1.463446300538277761e-14,1.569551138349343804e-14,1.383660813928428481e-14,1.411875815957091353e-14,1.217620033545393114e-14,1.227905426487728306e-14,1.647274871349645590e-14,2.291685427535475474e-14,3.940629101146168020e-14,1.025592524940956468e-14,1.095490462158497671e-14,1.220557179104316099e-14,1.339914655914780366e-14,1.494595084951503086e-14,1.406279606902411159e-14,1.246802394375368604e-14,1.137203107931275712e-14,1.215458689210053141e-14,1.448583482282297235e-14,2.193105894056901763e-14,2.744262324860341369e-14,1.007710787713498633e-14,9.901316545076913505e-15,1.087045671806587885e-14,1.232216125065407811e-14,1.396683009928976228e-14,1.263997395357756965e-14,1.314504583730623096e-14,1.339538881065645883e-14,1.400831460244521853e-14,2.136599792334333379e-14,3.121969547952597947e-14,8.124444567288483813e-15,9.369865383702986636e-15,1.220241453319628156e-14,1.216911055720783249e-14,1.433134249889232118e-14,1.259411237979910653e-14,1.535561935385370400e-14,1.991552466935799796e-14,2.046448537576531163e-14,2.697242447798766293e-14,1.441674058693786752e-14,1.405170213256259448e-14,1.549587591604166757e-14,1.942956813533049035e-14,1.130669604857032334e-14,2.576043578796184308e-14,3.458120150229279983e-14,1.897791464946072198e-14,1.869032758878731862e-14,1.213177446871385252e-14
1.322186029860428634e-14,1.840205090892889171e-14,1.484283743828011606e-14,1.485052339098788415e-14,1.618064830584041085e-14,1.479039200323588036e-14,1.417575944881246213e-14,1.639736922506915883e-14,1.256287834419402144e-14,1.239081859217327147e-14,1.069117490575805632e-14,1.384515483427938945e-14,1.335590637646019927e-14,1.513324852971111420e-14,1.465520331824948272e-14,1.673470874695591312e-14,1.503247724988562835e-14,1.290154342002113237e-14,1.360535112479006033e-14,1.307720605197262171e-14,1.430588393354921038e-14,2.064975427218730377e-14,2.708110291238070813e-14,1.211044931318633652e-14,1.325260884003604543e-14,1.425780956793344527e-14,1.492740562015783777e-14,1.600965243974886976e-14,1.411358013712024595e-14,1.440139840647413212e-14,1.241989992613495680e-14,1.252482164459555295e-14,1.680241707098619952e-14,2.337548028392035796e-14,4.019498594107524772e-14,1.046119200609649410e-14,1.117416876904497040e-14,1.244980427542062191e-14,1.366830675515321535e-14,1.524971899467340114e-14,1.434423368167061817e-14,1.271755591794875325e-14,1.159966520072842103e-14,1.239783435337444694e-14,1.477608914369898300e-14,2.243091911053428504e-14,2.806719017774509315e-14,1.027877068091311779e-14,1.009949882552534699e-14,1.108796607361264385e-14,1.256871451498317423e-14,1.424630433853863398e-14,1.289293645602782725e-14,1.340807628204002173e-14,1.366343962566245411e-14,1.428864368342342867e-14,2.179423747814360379e-14,3.207054546705205883e-14,8.287053383485432631e-15,9.557362333595235875e-15,1.244674428007126175e-14,1.241259882500471344e-14,1.461827046873409509e-14,1.284612027591909132e-14,1.566291113533093675e-14,2.034645008976846291e-14,2.087433167303337984e-14,2.751338336132467810e-14,1.470525264015829361e-14,1.447592220661008715e-14,1.596313510980594119e-14,1.992891334964623535e-14,1.149645128486157606e-14,2.629015785417803061e-14,3.527362344820289284e-14,1.934864620336694516e-14,1.896513267871993049e-14,1.236527935697836588e-14
1.348640306317069254e-14,1.877026853120657131e-14,1.513984340772856069e-14,1.514766659589895916e-14,1.650441306231469751e-14,1.508632432601823344e-14,1.445935471342048205e-14,1.672536110612536045e-14,1.281416875250820529e-14,1.263871131190842846e-14,1.090507893128005174e-14,1.412219546816500050e-14,1.362313732510531176e-14,1.543604972221991108e-14,1.494842804302415288e-14,1.706951595952838944e-14,1.533312752581648088e-14,1.315964227703802193e-14,1.387752378949076745e-14,1.333884812252070300e-14,1.459211070795707532e-14,2.106282024218467545e-14,2.762271441980318900e-14,1.235273835725073606e-14,1.351769665603433642e-14,1.454305066060691507e-14,1.522602329311346661e-14,1.632987298558793635e-14,1.439591791259179799e-14,1.468951667628136365e-14,1.266831598021058313e-14,1.277534687256542318e-14,1.713841071211126377e-14,2.384293897580502727e-14,4.099889125980335558e-14,1.067043179852256902e-14,1.139767785244510341e-14,1.269875093606454308e-14,1.394247276163194952e-14,1.555883023063996458e-14,1.463111364748948779e-14,1.297191580832985005e-14,1.183170900874340621e-14,1.264578618206575518e-14,1.507183674797903122e-14,2.293723588045298317e-14,2.869979638287767201e-14,1.048433272807527170e-14,1.030151879728938126e-14,1.130967286813876326e-14,1.282001937141474051e-14,1.453116793939168430e-14,1.315079122223061370e-14,1.367618150326187775e-14,1.393666636948540471e-14,1.457438929161718210e-14,2.223058173466334622e-14,3.293402934102794429e-14,8.452810179761246665e-15,9.748482419550754515e-15,1.269572105165861885e-14,1.266077749099515460e-14,1.491066814389124821e-14,1.310299206469778341e-14,1.597610289085070571e-14,2.078356090422226151e-14,2.129198442328811988e-14,2.806454478765827566e-14,1.499929531272192496e-14,1.491084787821919550e-14,1.644187766744558169e-14,2.043484848097824334e-14,1.168873370302611721e-14,2.682878837182645887e-14,3.597929514165121762e-14,1.972603183449790625e-14,1.924245415154358954e-14,1.260305219259843126e-14
1.375606072955387430e-14,1.914560859233200790e-14,1.544259505828616953e-14,1.545055673765610862e-14,1.683444003096484617e-14,1.538797911068823123e-14,1.474842964131971912e-14,1.705968415265264932e-14,1.307031012316420545e-14,1.289139463198108116e-14,1.112311830130868030e-14,1.440459535744946740e-14,1.389553604261319809e-14,1.574470707572272906e-14,1.524732257360222185e-14,1.741079430589069325e-14,1.563957515790211366e-14,1.342272765994801004e-14,1.415495414409280230e-14,1.360554833437635090e-14,1.488387107924088784e-14,2.148386088420146000e-14,2.817475602663618216e-14,1.259971031718911162e-14,1.378790180731782987e-14,1.483380370479940913e-14,1.553040910652129540e-14,1.665627239517101394e-14,1.468370947790594804e-14,1.498320299827065324e-14,1.292152555754192832e-14,1.303070776272209500e-14,1.748083269738746624e-14,2.431937445728397693e-14,4.181825601264028152e-14,1.088370954185649696e-14,1.162550129483760178e-14,1.295248833654100376e-14,1.422172999725102096e-14,1.587338646424703661e-14,1.492352471676143954e-14,1.323118242661111757e-14,1.206823480210778111e-14,1.289851907675313269e-14,1.537316864688290521e-14,2.345013671483146329e-14,2.934060972952080818e-14,1.069385751512370625e-14,1.050743927316974364e-14,1.153564519954544778e-14,1.307615287883529220e-14,1.482150843464013191e-14,1.341361802481373494e-14,1.394944391962517650e-14,1.421515319904866222e-14,1.486563960797025298e-14,2.267516646218432455e-14,3.380993000011312574e-14,8.621766414033093513e-15,9.943284533523261159e-15,1.294942087508568798e-14,1.291372259252790700e-14,1.520862509026558627e-14,1.336480675018133716e-14,1.629529059726021632e-14,2.122700314588034098e-14,2.171757266434875619e-14,2.862608216338390910e-14,1.529895859004200040e-14,1.535649080783674405e-14,1.693208953369341311e-14,2.094732477227279236e-14,1.188355490007595419e-14,2.737651853623201343e-14,3.669843590675153070e-14,2.011009840255677730e-14,1.952227053578863125e-14,1.284516217445023126e-14
1.403091617012869982e-14,1.952818675374554284e-14,1.575118576016986092e-14,1.575928704826115599e-14,1.717083087273888842e-14,1.569544912928034668e-14,1.504307271581673414e-14,1.740044017123696700e-14,1.333138045334802115e-14,1.314894596851112123e-14,1.134535997691545548e-14,1.469244157682023805e-14,1.417318630257604278e-14,1.605931560787249737e-14,1.555197880259673224e-14,1.775864843910104117e-14,1.595191302493418962e-14,1.369088004696477298e-14,1.443772698859266600e-14,1.387738858158514334e-14,1.518125465500802771e-14,2.191300455801838778e-14,2.873739477810274976e-14,1.285144091886016804e-14,1.406330658141723591e-14,1.513015774361035222e-14,1.584065606956298569e-14,1.698894988867686895e-14,1.497704277838278031e-14,1.528254736247743453e-14,1.317960560526857677e-14,1.329098203106912830e-14,1.782978539145281732e-14,2.480493013833940807e-14,4.265332816780924999e-14,1.110109006251147505e-14,1.185770843515955130e-14,1.321109278940756088e-14,1.450616237157042741e-14,1.619348689260441495e-14,1.522155545579867000e-14,1.349543445231087578e-14,1.230931482366300970e-14,1.315610958532984797e-14,1.568017471666831468e-14,2.396975044506295836e-14,2.998979968485977916e-14,1.090740840593713182e-14,1.071732300138689303e-14,1.176595093424975625e-14,1.333719176891961610e-14,1.511741301590277469e-14,1.368149647917444148e-14,1.422794565517290370e-14,1.449898401493198327e-14,1.516248258183442320e-14,2.312812572372553266e-14,3.469803691423366644e-14,8.793973482598839692e-15,1.014182742046500889e-14,1.320791896913653380e-14,1.317150982341246570e-14,1.551223000482749192e-14,1.363164307310913138e-14,1.662056961799328091e-14,2.167691996629720014e-14,2.215122412679591630e-14,2.919816649102131450e-14,1.560433180544201745e-14,1.581284160732467182e-14,1.743373373681853768e-14,2.146630093405997440e-14,1.208092575243488194e-14,2.793353399211471856e-14,3.743126321529200964e-14,2.050086491538259191e-14,1.980455896629672668e-14,1.309167927587879963e-14
1.431105210099267822e-14,1.991811849083084861e-14,1.606570874468594809e-14,1.607395060505657622e-14,1.751368708203074702e-14,1.600882698498808031e-14,1.534337220818843248e-14,1.774773064394207525e-14,1.359745750029218809e-14,1.341144256330708990e-14,1.157187078930857356e-14,1.498582106977019932e-14,1.445617173210963066e-14,1.637997017482805531e-14,1.586248845264157312e-14,1.811318278199486762e-14,1.627023363998310442e-14,1.396417971896367313e-14,1.472592690509666190e-14,1.415445059595701387e-14,1.548435086603905514e-14,2.235037922147911288e-14,2.931079686982906991e-14,1.310800572508119169e-14,1.434399301249315786e-14,1.543220161286014763e-14,1.615685694576290518e-14,1.732800434286052635e-14,1.527600552938374533e-14,1.558763955533761934e-14,1.344263281098361643e-14,1.355624714856428879e-14,1.818537025197005849e-14,2.529974844611189673e-14,4.350435413228016245e-14,1.132263797471675642e-14,1.209436839717970042e-14,1.347464020292068724e-14,1.479585210375730941e-14,1.651922777477410458e-14,1.552529407488967025e-14,1.376475028156497956e-14,1.255502112638998715e-14,1.341863395646546864e-14,1.599294350763698773e-14,2.449620590983669284e-14,3.064753558935320765e-14,1.112504850787416094e-14,1.093123254781562312e-14,1.200065756995056611e-14,1.360321228912437781e-14,1.541896835723295526e-14,1.395450588901960483e-14,1.451176837377309157e-14,1.478824229415906900e-14,1.546500575761294397e-14,2.358959160723130619e-14,3.559814682745146356e-14,8.969482622985333931e-15,1.034416956192009720e-14,1.347128958139753623e-14,1.343421437824351702e-14,1.582157052819004576e-14,1.390357935273163315e-14,1.695203450679102216e-14,2.213345082435414283e-14,2.259306497477006227e-14,2.978096604103060255e-14,1.591550345628333720e-14,1.627986905586793650e-14,1.794674979867853810e-14,2.199174255399617983e-14,1.228085638994570546e-14,2.850001439937323011e-14,3.817799226495715119e-14,2.089834148421628486e-14,2.008929517593130488e-14,1.334267423810036728e-14
1.459655091726412145e-14,2.031551886654774532e-14,1.638625692286594302e-14,1.639464014699123330e-14,1.786310978730709010e-14,1.632820492873585163e-14,1.564941599731710864e-14,1.810165651411259046e-14,1.386861861780946065e-14,1.367896132723056246e-14,1.180271730646296455e-14,1.528482047919851935e-14,1.474457564618942659e-14,1.670676528419501159e-14,1.617894289402642774e-14,1.847450131572304831e-14,1.659462895006922078e-14,1.424270659506507203e-14,1.501963808363071416e-14,1.443681578348563096e-14,1.579324878733962519e-14,2.279611216120253401e-14,2.989512728130972130e-14,1.336947998331978511e-14,1.463004270875261220e-14,1.574002376013553245e-14,1.647910406132375589e-14,1.767353408000265996e-14,1.558068503528350602e-14,1.589856897737020526e-14,1.371068343953066162e-14,1.382658017763101590e-14,1.854768759128555484e-14,2.580397050213678064e-14,4.437157820406294074e-14,1.154841754348880013e-14,1.233554994388922690e-14,1.374320590993095758e-14,1.509087951455406529e-14,1.685070217452522511e-14,1.583482823670432423e-14,1.403920785893208112e-14,1.280542542468293504e-14,1.368616797428202225e-14,1.631156202637533557e-14,2.502963059985737899e-14,3.131398494183901775e-14,1.134684053401825186e-14,1.114923016525861769e-14,1.223983208249595468e-14,1.387429002702654429e-14,1.572626041781175112e-14,1.423272507444462826e-14,1.480099309411793613e-14,1.508301090358190297e-14,1.577329608142080008e-14,2.405969391599897831e-14,3.651006409310002766e-14,9.148344806038495734e-15,1.055036904652587360e-14,1.373960580355862253e-14,1.370191077820025574e-14,1.613673303150015870e-14,1.418069331017583304e-14,1.728977878504003874e-14,2.259673068093755936e-14,2.304321950959849331e-14,3.037464597016372550e-14,1.623256099549143614e-14,1.675751940829884936e-14,1.847105325805099494e-14,2.252362132591076388e-14,1.248335616979910639e-14,2.907613295789865407e-14,3.893883549524293593e-14,2.130252819440043869e-14,2.037645348867980358e-14,1.359821856198669785e-14
1.488749451100789763e-14,2.072050228074073737e-14,1.671292268473793304e-14,1.672144787144495018e-14,1.821919953053202751e-14,1.665367465605930672e-14,1.596129136998610502e-14,1.846231794882774498e-14,1.414494057505988218e-14,1.395157866676731234e-14,1.203796568561153231e-14,1.558952596008816611e-14,1.503848086431536301e-14,1.703979488803429731e-14,1.650143294287682098e-14,1.884270734660409752e-14,1.692519011370621368e-14,1.452654005054473564e-14,1.531894412919483535e-14,1.472456504332751417e-14,1.610803694015674695e-14,2.325032969370644495e-14,3.049054936642419935e-14,1.363593845706494039e-14,1.492153666114493270e-14,1.605371204443092356e-14,1.680748909279238051e-14,1.802563663477794570e-14,1.589116798899011466e-14,1.621542444134924512e-14,1.398383315204274595e-14,1.410205759093599438e-14,1.891683630887756435e-14,2.631773576056492453e-14,4.525524195654927566e-14,1.177849253278506372e-14,1.258132131612841312e-14,1.401686447753699593e-14,1.539132278976770382e-14,1.718799967131597391e-14,1.615024484353320015e-14,1.431888449083572521e-14,1.306059892960959694e-14,1.395878677488872916e-14,1.663611548909630250e-14,2.557014930614243083e-14,3.198931169641802129e-14,1.157284665039890340e-14,1.137137764862320050e-14,1.248354075559344899e-14,1.415049971458409748e-14,1.603937422204313966e-14,1.451623218113583744e-14,1.509569998374290000e-14,1.538337189231657859e-14,1.608743968617365485e-14,2.453855981568601567e-14,3.743360063275503181e-14,9.330610616384811653e-15,1.076048342629393723e-14,1.401293936331918214e-14,1.397467267684432983e-14,1.645780237635828486e-14,1.446306187193249626e-14,1.763389469250104309e-14,2.306688919232716151e-14,2.350180983375160632e-14,3.097936788302320956e-14,1.655559059660672386e-14,1.724571580086231695e-14,1.900653530829929779e-14,2.306191411027185026e-14,1.268843365044958475e-14,2.966205588469138636e-14,3.971400203685180844e-14,2.171341388609890497e-14,2.066600681420833283e-14,1.385838449802421361e-14
1.518396406980241162e-14,2.113318219292122488e-14,1.704579767748223351e-14,1.705446520974833098e-14,1.858205602338955267e-14,1.698532708246277402e-14,1.627908480003874429e-14,1.882981407578444313e-14,1.442649935579308106e-14,1.422937029263678125e-14,1.227768151026149327e-14,1.590002297255081114e-14,1.533796950788490172e-14,1.737915215413703311e-14,1.683004863809727386e-14,1.921790324689836572e-14,1.726200725421464749e-14,1.481575871545332149e-14,1.562392784835699072e-14,1.501777856774872618e-14,1.642880307315073736e-14,2.371315683408050168e-14,3.109722439701254832e-14,1.390745523935354885e-14,1.521855503161403489e-14,1.637335351457387337e-14,1.714210283213804508e-14,1.838440849523847774e-14,1.620754025015074879e-14,1.653829394913875722e-14,1.426215680561396057e-14,1.438275507082572471e-14,1.929291359214465396e-14,2.684118160401148170e-14,4.615558354823525251e-14,1.201292603747769068e-14,1.283175005402630138e-14,1.429568949582160837e-14,1.569725771304365435e-14,1.753120603639425512e-14,1.647162980144575626e-14,1.460385663894044821e-14,1.332061216672026555e-14,1.423656464312579300e-14,1.696668704388358683e-14,2.611788276919482644e-14,3.267367456660441514e-14,1.180312830680737034e-14,1.159773617474192937e-14,1.273184899184610785e-14,1.443191501054391224e-14,1.635839361488705927e-14,1.480510446898786769e-14,1.539596813025472745e-14,1.568940626134037896e-14,1.640752165314576836e-14,2.502631343454267561e-14,3.836857551698621921e-14,9.516330120248034965e-15,1.097456955737019693e-14,1.429136039105245197e-14,1.425257264415259526e-14,1.678486164546773462e-14,1.475076095168081383e-14,1.798447290891573318e-14,2.354404989465729088e-14,2.396895547200710009e-14,3.159528933267609389e-14,1.688467689052058059e-14,1.774435775732035298e-14,1.955306254844055628e-14,2.360660183850321484e-14,1.289609656552170732e-14,3.025794183606091461e-14,4.050369708848317151e-14,2.213097483983410954e-14,2.095792664389379293e-14,1.412324503403149436e-14
1.548603985466503656e-14,2.155367081631003575e-14,1.738497256067155265e-14,1.739378257952052357e-14,1.895177787835371598e-14,1.732325209543875619e-14,1.660288170460561786e-14,1.920424269248511473e-14,1.471336993695871117e-14,1.451241100855729262e-14,1.252192961041709088e-14,1.621639605363807159e-14,1.564312277662970179e-14,1.772492921377483197e-14,1.716487899532142212e-14,1.960019016900098208e-14,1.760516918706014321e-14,1.511044025234874757e-14,1.593467101365364208e-14,1.531653562142193775e-14,1.675563392067026647e-14,2.418471692950078242e-14,3.171531105583787957e-14,1.418410354693854169e-14,1.552117691924621744e-14,1.669903416466556749e-14,1.748303492735134540e-14,1.874994481629019804e-14,1.652988660030624990e-14,1.686726444540535249e-14,1.454572823201894682e-14,1.466874728781094774e-14,1.967601458322639611e-14,2.737444289383540487e-14,4.707283695305079380e-14,1.225178029777101633e-14,1.308690279984898047e-14,1.457975334399069871e-14,1.600875736592878423e-14,1.788040287121554658e-14,1.679906775950630467e-14,1.489419969184992909e-14,1.358553477495201716e-14,1.451957478792104870e-14,1.730335745974281642e-14,2.667294632560637878e-14,3.336722533149414684e-14,1.203774604984536309e-14,1.182836612555547016e-14,1.298482110363577002e-14,1.471860825932910918e-14,1.668340099176878343e-14,1.509941807842998761e-14,1.570187528793225704e-14,1.600119370847781016e-14,1.673362574814138739e-14,2.552307541389265763e-14,3.931481417183916411e-14,9.705552719504718028e-15,1.119268342391163982e-14,1.457493715947949917e-14,1.453568192708306375e-14,1.711799184196906227e-14,1.504386520874439348e-14,1.834160224430197019e-14,2.402832937239199253e-14,2.444477294695930259e-14,3.222256325586567125e-14,1.721990267215339615e-14,1.825332079585307144e-14,2.011047684204910557e-14,2.415766827413429996e-14,1.310635179776805468e-14,3.086394126873542375e-14,4.130812121592544840e-14,2.255517336158007442e-14,2.125218304839564702e-14,1.439287388035888360e-14
1.579380095519049670e-14,2.198207878045274882e-14,1.773053673654710392e-14,1.773948911171981224e-14,1.932846231240206143e-14,1.766753828099184137e-14,1.693276617512306065e-14,1.958569994506787866e-14,1.500562604407909478e-14,1.480077447791487978e-14,1.277077386446579990e-14,1.653872856586648709e-14,1.595402070218203613e-14,1.807721688370733671e-14,1.750601173571955981e-14,1.998966773015437069e-14,1.795476311919342062e-14,1.541066111120031501e-14,1.625125410373628980e-14,1.562091429815535612e-14,1.708861493741963569e-14,2.466513125422875030e-14,3.234496487418918117e-14,1.446595549327951064e-14,1.582948010220677467e-14,1.703083866439005660e-14,1.783037359625910208e-14,1.912233910330681340e-14,1.685829047276010792e-14,1.720242154600087881e-14,1.483461999347489565e-14,1.496010765614123607e-14,2.006623200887235637e-14,2.791765147061767581e-14,4.800723110195136292e-14,1.249511649450667798e-14,1.334684508050964953e-14,1.486912693184136075e-14,1.632589179261606588e-14,1.823566720479496526e-14,1.713264182167282011e-14,1.518998771307539648e-14,1.385543528487968396e-14,1.480788909424240744e-14,1.764620477975518589e-14,2.723544854673008941e-14,3.407010713598468840e-14,1.227675931655964078e-14,1.206332689313142448e-14,1.324252008201250689e-14,1.501065022422564726e-14,1.701447699842787287e-14,1.539924777239744682e-14,1.601349759743497856e-14,1.631881234640148257e-14,1.706583412980695066e-14,2.602896240475088758e-14,4.027214721932353911e-14,9.898326990736998630e-15,1.141487994373806535e-14,1.486373579428363815e-14,1.482407018456691405e-14,1.745727155482935232e-14,1.534244778103551430e-14,1.870536929516006758e-14,2.451983640292413415e-14,2.492937530501156044e-14,3.286133733898401077e-14,1.756134857467223218e-14,1.877245613475687194e-14,2.067859527729980531e-14,2.471509864314663980e-14,1.331920535310350481e-14,3.148019573268861133e-14,4.212746956719577527e-14,2.298595626292709439e-14,2.154874467679562089e-14,1.466734545186822972e-14
1.610732501994168650e-14,2.241851475961284268e-14,1.808257805306965187e-14,1.809167235011613803e-14,1.971220482078577117e-14,1.801827262244721726e-14,1.726882068125015157e-14,1.997427997409391045e-14,1.530333988182017971e-14,1.509453296689462520e-14,1.302427698110597120e-14,1.686710242048117621e-14,1.627074187677893760e-14,1.843610436020132593e-14,1.785353298742359673e-14,2.038643366507924537e-14,1.831087431638879050e-14,1.571649625942086681e-14,1.657375601708054695e-14,1.593099125305341977e-14,1.742783000504715163e-14,2.515451856265745725e-14,3.298633760915971949e-14,1.475308183854998606e-14,1.614354075333688428e-14,1.736885006192474626e-14,1.818420531103492848e-14,1.950168286319205512e-14,1.719283365464642218e-14,1.754384923843660531e-14,1.512890311347826877e-14,1.525690806445511484e-14,2.046365577035034109e-14,2.847093560071769887e-14,4.895898892580698756e-14,1.274299452361916918e-14,1.361164106796573701e-14,1.516387941446130730e-14,1.664872762690227643e-14,1.859707104685767640e-14,1.747243322863775004e-14,1.549129316320553269e-14,1.413038087448148853e-14,1.510157784962661472e-14,1.799530393568156916e-14,2.780548986361112572e-14,3.478245277634143479e-14,1.252022620697461293e-14,1.230267666492816196e-14,1.350500734171498697e-14,1.530810979276304627e-14,1.735170019969292473e-14,1.570466665181850372e-14,1.633090927601581568e-14,1.664233839112267771e-14,1.740422702761064577e-14,2.654408650664286438e-14,4.124040896418958201e-14,1.009470050795785885e-14,1.164121275410482745e-14,1.515781995266028969e-14,1.511780519480045398e-14,1.780277658766592226e-14,1.564657999029125408e-14,1.907585806385177140e-14,2.501867106990645188e-14,2.542287158910918295e-14,3.351175330900530525e-14,1.790909270821403507e-14,1.930159049231116015e-14,2.125721021737193485e-14,2.527887814543972982e-14,1.353466233476876366e-14,3.210683708891601817e-14,4.296193099420828437e-14,2.342325323224355744e-14,2.184757875734733544e-14,1.494673484594636065e-14
1.642668795972689859e-14,2.286308506365737355e-14,1.844118247728575994e-14,1.845041792080174786e-14,2.010309881744359036e-14,1.837554016893784570e-14,1.761112574529882549e-14,2.037007452418362448e-14,1.560658183723403213e-14,1.539375706180380307e-14,1.328250025953836721e-14,1.720159777312688026e-14,1.659336315478166828e-14,1.880167888259842585e-14,1.820752695716624362e-14,2.079058344355059476e-14,1.867358573700832288e-14,1.602801888485078684e-14,1.690225375693937804e-14,1.624684140792256250e-14,1.777336110951964558e-14,2.565299459620688571e-14,3.363957655446826403e-14,1.504555171450214021e-14,1.646343312709401827e-14,1.771314945706430660e-14,1.854461445104186733e-14,1.988806521991194638e-14,1.753359596004815671e-14,1.789162955347232439e-14,1.542864678046168966e-14,1.555921857928104862e-14,2.086837249022250756e-14,2.903441936450538330e-14,4.992832628408542857e-14,1.299547274753292669e-14,1.388135331555790771e-14,1.546407787785176985e-14,1.697732767868816428e-14,1.896468089353870083e-14,1.781852100866974671e-14,1.579818659400797454e-14,1.441043710044145805e-14,1.540070944303300081e-14,1.835072632115994164e-14,2.838316117145154044e-14,3.550438295853822806e-14,1.276820323363392454e-14,1.254647218755316817e-14,1.377234244025824350e-14,1.561105365155324233e-14,1.769514671420620734e-14,1.601574584227695543e-14,1.665418227721546769e-14,1.697184581981160880e-14,1.774888238798843719e-14,2.706855464427156188e-14,4.221943553991422833e-14,1.029471964762106711e-14,1.187173397572815826e-14,1.545725046810430017e-14,1.541695253218747039e-14,1.815457954815939280e-14,1.595633101714902839e-14,1.945314953814774775e-14,2.552492383837799935e-14,2.592536625426363793e-14,3.417394614220683580e-14,1.826321025848735799e-14,1.984052597350953380e-14,2.184608942814923930e-14,2.584899035780052674e-14,1.375272691764939595e-14,3.274398664508460259e-14,4.381168707029194707e-14,2.386697509404155890e-14,2.214865109988514707e-14,1.523111781498032589e-14
1.675196362254369254e-14,2.331589319166540343e-14,1.880643373844055364e-14,1.881580917063491086e-14,2.050123524170167975e-14,1.873942367295395163e-14,1.795975958194340209e-14,2.077317251282212249e-14,1.591542015419460314e-14,1.569851535807701052e-14,1.354550332548407099e-14,1.754229268969284520e-14,1.692195932623583766e-14,1.917402536105394631e-14,1.856807556706148147e-14,2.120220984759449042e-14,1.904297762594340792e-14,1.634530006724451197e-14,1.723682208285449193e-14,1.656853762604625326e-14,1.812528798547762323e-14,2.616067154367099388e-14,3.430482378886048774e-14,1.534343232328580259e-14,1.678922921302546637e-14,1.806381563949313649e-14,1.891168291901816315e-14,2.028157248841762300e-14,1.788065486770737997e-14,1.824584220112860938e-14,1.573391802012863900e-14,1.586710711713706887e-14,2.128046500730151684e-14,2.960822197159292097e-14,5.091545083620300825e-14,1.325260772253523271e-14,1.415604246669506479e-14,1.576978699049301357e-14,1.731175047254414549e-14,1.933855717623667332e-14,1.817098158900276129e-14,1.611073630980305795e-14,1.469566760130467542e-14,1.570535003151473550e-14,1.871253931538505670e-14,2.896854240291758542e-14,3.623600455624083668e-14,1.302074504552327207e-14,1.279476850609008006e-14,1.404458276711652034e-14,1.591954592681356484e-14,1.804488980915443546e-14,1.633255414701794875e-14,1.698338591216474634e-14,1.730740599008592832e-14,1.809987548044049697e-14,2.760246787109920768e-14,4.320906276315616106e-14,1.049842937495452907e-14,1.210649395377747001e-14,1.576208495913331701e-14,1.572157521227841355e-14,1.851274939087160948e-14,1.627176754097405723e-14,1.983732122299650397e-14,2.603867457353003177e-14,2.643695851245297149e-14,3.484804319280366685e-14,1.862377305322793791e-14,2.038904003402330389e-14,2.244497626692131452e-14,2.642541554532974246e-14,1.397340232283759796e-14,3.339175420145422084e-14,4.467691104869263449e-14,2.431701194912430201e-14,2.245192609999397811e-14,1.552057073146717671e-14
1.708322342917271537e-14,2.377703932465141147e-14,1.917841292631771743e-14,1.918792675847860204e-14,2.090670211585800369e-14,1.911000318272473457e-14,1.831479769991615725e-14,2.118365955087797384e-14,1.622992056876536716e-14,1.600887411431595445e-14,1.381334383929635879e-14,1.788926277349993465e-14,1.725660275072604382e-14,1.955322596771901890e-14,1.893525805532108720e-14,2.162140250357043198e-14,1.941912706746062697e-14,1.666840841719892463e-14,1.757753312684211417e-14,1.689615035359896940e-14,1.848368772180824512e-14,2.667765742833746634e-14,3.498221530454817592e-14,1.564678860016233401e-14,1.712099835458509213e-14,1.842092469052536352e-14,1.928548971751232100e-14,2.068228770456602305e-14,1.823408512087664351e-14,1.860656416856394577e-14,1.604478133451513308e-14,1.618063908359649136e-14,2.170001182169716110e-14,3.019245701147054370e-14,5.192056056249982569e-14,1.351445389437011451e-14,1.443576693436548332e-14,1.608106862033224875e-14,1.765204974144588048e-14,1.971875365831321711e-14,1.852988836892360613e-14,1.642900799512510572e-14,1.498613377091945971e-14,1.601556317366876457e-14,1.908080576078185513e-14,2.956170105456107121e-14,3.697740868627270965e-14,1.327790412249663739e-14,1.304761867717889283e-14,1.432178320183312657e-14,1.623364778809794772e-14,1.840099945406218315e-14,1.665515766530025492e-14,1.731858643348526272e-14,1.764908722164797728e-14,1.845727846523320731e-14,2.814592059739794024e-14,4.420912356573482487e-14,1.070587300607477566e-14,1.234554096858226437e-14,1.607237739055813875e-14,1.603173329370265206e-14,1.887735091458801779e-14,1.659295334456477533e-14,2.022844662663762533e-14,2.655999151304476252e-14,2.695774161502081628e-14,3.553416318612605335e-14,1.899084906319310533e-14,2.094688550989598621e-14,2.305358992534529386e-14,2.700812885011986656e-14,1.419669079245811879e-14,3.405023697661073390e-14,4.555776651075804817e-14,2.477323122465320670e-14,2.275736674497083329e-14,1.581517055162044264e-14
1.742053599174081052e-14,2.424661980309572407e-14,1.955719807195020488e-14,1.956684822904012031e-14,2.131958408491124927e-14,1.948735561617915575e-14,1.867631247868633548e-14,2.160161743780816873e-14,1.655014592615896060e-14,1.632489688654071915e-14,1.408607718418267544e-14,1.824258077341492893e-14,1.759736297293479795e-14,1.993935969831710084e-14,1.930915054833083827e-14,2.204824738664088487e-14,1.980210750815603042e-14,1.699740968835427945e-14,1.792445598306859015e-14,1.722974723628029451e-14,1.884863434397566290e-14,2.720405547703631482e-14,3.567188013639806753e-14,1.595568285863929702e-14,1.745880684060870003e-14,1.878454955796874430e-14,1.966611049663826245e-14,2.109029012526207435e-14,1.859395830144132778e-14,1.897386929244012598e-14,1.636129831525209129e-14,1.649987698636529888e-14,2.212708650295894175e-14,3.078723165432726695e-14,5.294384252209720447e-14,1.378106327680960998e-14,1.472058255658296557e-14,1.639798142449639239e-14,1.799827388393942047e-14,2.010531679128631784e-14,1.889531126302366158e-14,1.675306431505121219e-14,1.528189440747771853e-14,1.633140943617814262e-14,1.945558340303731000e-14,3.016269072171448122e-14,3.772866899522665982e-14,1.353973044924757297e-14,1.330507346020011433e-14,1.460399574677001596e-14,1.655341702387168794e-14,1.876354184449660188e-14,1.698361938390556413e-14,1.765984658990032725e-14,1.799695434862013072e-14,1.882115993033957617e-14,2.869899977679280115e-14,4.521944538720850134e-14,1.091709195282274677e-14,1.258892093002605459e-14,1.638817761328029666e-14,1.634748346101660476e-14,1.924844422516644499e-14,1.691994888950625527e-14,2.062659471103719324e-14,2.708893020566996432e-14,2.748780208653508418e-14,3.623241520364944218e-14,1.936450187441086000e-14,2.151379069160666230e-14,2.367162565957169511e-14,2.759709847217917834e-14,1.442259356459596367e-14,3.471951850748542940e-14,4.645440622023279496e-14,2.523547555208147933e-14,2.306493462081140637e-14,1.611499475831647963e-14
1.776396667630968700e-14,2.472472652433374501e-14,1.994286366614942332e-14,1.995264752468589310e-14,2.173996188431291518e-14,1.987155427450800012e-14,1.904437268557731146e-14,2.202712357993365898e-14,1.687615574195987213e-14,1.664664411072608996e-14,1.436375611408095617e-14,1.860231613506626867e-14,1.794430628597113252e-14,2.033250187622657952e-14,1.968982557644046940e-14,2.248282625226070813e-14,2.019198821286012614e-14,1.733236633920981413e-14,1.827765624220505355e-14,1.756939268483910947e-14,1.922019833667075899e-14,2.773996338352827251e-14,3.637393932085881520e-14,1.627017438701391995e-14,1.780271744286352758e-14,1.915475957218765541e-14,2.005361703935007248e-14,2.150565465639867745e-14,1.896034234453749039e-14,1.934782777127908341e-14,1.668352720647308381e-14,1.682487999747499170e-14,2.256175701259495298e-14,3.139264572975586432e-14,5.398547111718842419e-14,1.405248508549346463e-14,1.501054220818144758e-14,1.672058038398116322e-14,1.835046534762750262e-14,2.049828498216155831e-14,1.926731618180942285e-14,1.708296446370522386e-14,1.558300531788593168e-14,1.665294594921537852e-14,1.983692425388216489e-14,3.077154952542932230e-14,3.848983965539203226e-14,1.380627114662131269e-14,1.356718097030561766e-14,1.489126911273715215e-14,1.687890756046310634e-14,1.913257885941593605e-14,1.731799871334300123e-14,1.800722512043662330e-14,1.835106821089980684e-14,1.919158436524250782e-14,2.926178396224186109e-14,4.623984710805048912e-14,1.113212543854566367e-14,1.283667702997541190e-14,1.670953083590620458e-14,1.666887854549232401e-14,1.962608412323846221e-14,1.725281083519537742e-14,2.103182926496566025e-14,2.762553234210095533e-14,2.802721884371459818e-14,3.694289747000842079e-14,1.974479006579916136e-14,2.208945943981144954e-14,2.429875505936165508e-14,2.819228371017772560e-14,1.465111084881055532e-14,3.539966735692408863e-14,4.736697054712227538e-14,2.570356058425113336e-14,2.337458992183009366e-14,1.642012129434648755e-14
1.811357712838120941e-14,2.521144629173848906e-14,2.033548014329687182e-14,2.034539445639889004e-14,2.216791176313565802e-14,2.026266831460601473e-14,1.941904295091483682e-14,2.246025035982076962e-14,1.720800572629444987e-14,1.697417264930220578e-14,1.464643037034299985e-14,1.896853451320169668e-14,1.829749525772084327e-14,2.073272361107167456e-14,2.007735154547765612e-14,2.292521601866663233e-14,2.058883367376515801e-14,1.767333705594070232e-14,1.863719548435924854e-14,1.791514740266622098e-14,1.959844612508650757e-14,2.828547251058084896e-14,3.708850477583242003e-14,1.659031901037369242e-14,1.815278891212480778e-14,1.953161991980054289e-14,2.044807670165640571e-14,2.192845123184116720e-14,1.933330101094715238e-14,1.972850563532897706e-14,1.701152242830821554e-14,1.715570347711574472e-14,2.300408497039579791e-14,3.200879072899371866e-14,5.504560629043768229e-14,1.432876534048096413e-14,1.530569537807481518e-14,1.704891629820495335e-14,1.870865996212835756e-14,2.089768780385671984e-14,1.964596446731490624e-14,1.741876367217009324e-14,1.588951888686302094e-14,1.698022592247149901e-14,2.022487390104054945e-14,3.138829850169697819e-14,3.926095336797624843e-14,1.407757007029848494e-14,1.383398630043022075e-14,1.518364826835517377e-14,1.721016893964486858e-14,1.950816747237848553e-14,1.765835098383521542e-14,1.836077620514800769e-14,1.871148510170863876e-14,1.956861158924152404e-14,2.983434228767833496e-14,4.727013581927616742e-14,1.135101018844067422e-14,1.308884936505289055e-14,1.703647705399415189e-14,1.699596700651079455e-14,2.001031944113849729e-14,1.759159151624282085e-14,2.144420822451502109e-14,2.816982452743891559e-14,2.857606224250329422e-14,3.766569605015494075e-14,2.013176653702594309e-14,2.267357131475768511e-14,2.493462628372515989e-14,2.879363295564339131e-14,1.488224180195039458e-14,3.609073573238260526e-14,4.829558583955405326e-14,2.617727268498464224e-14,2.368629146175423092e-14,1.673062847367150118e-14
1.846942474928399217e-14,2.570686009519704145e-14,2.073511331600335100e-14,2.074515412681933799e-14,2.260350484586629125e-14,2.066076216554364635e-14,1.980038318999258186e-14,2.290106444116998783e-14,1.754574726140979904e-14,1.730753529122808413e-14,1.493414625994263462e-14,1.934129723312259333e-14,1.865698820767413887e-14,2.114009120251504763e-14,2.047179215495166186e-14,2.337548808578853696e-14,2.099270296102612500e-14,1.802037622763596556e-14,1.900313072140797066e-14,1.826706786489433448e-14,1.998343950278929506e-14,2.884066700678338955e-14,3.781567806126040601e-14,1.691616860719007664e-14,1.850907542454637011e-14,1.991519106437399695e-14,2.084955179652279522e-14,2.235874413016158649e-14,1.971289330636823282e-14,2.011596416263122468e-14,1.734533405370612122e-14,1.749239844988325361e-14,2.345412485026236025e-14,3.263574870805871161e-14,5.612439153626503369e-14,1.460994642899954662e-14,1.560608770501713323e-14,1.738303523066695529e-14,1.907288621108568449e-14,2.130354513591622222e-14,2.003131227310312289e-14,1.776051266824442699e-14,1.620148360341580014e-14,1.731329811367473366e-14,2.061947075386791797e-14,3.201293992424469793e-14,4.004201929439556444e-14,1.435366737027781558e-14,1.410553110629985824e-14,1.548117394618252453e-14,1.754724574597135410e-14,1.989035910563006182e-14,1.800472689180934238e-14,1.872054886263479569e-14,1.907825616134097914e-14,1.995229612381816519e-14,3.041673335151385654e-14,4.831010339909463855e-14,1.157378009285882016e-14,1.334547452338235973e-14,1.736905042353849871e-14,1.732879236221287166e-14,2.040119231729276197e-14,1.793633836926355593e-14,2.186378292850135984e-14,2.872181697538046911e-14,2.913439303372077047e-14,3.840088342683546188e-14,2.052547777314474075e-14,2.326578170372870929e-14,2.557886425385688385e-14,2.940108162657425062e-14,1.511598450440796849e-14,3.679275797532231900e-14,4.924036264594538393e-14,2.665636651376359497e-14,2.399999668658982145e-14,1.704659486611551310e-14
1.883156209313126808e-14,2.621104228055740715e-14,2.114182371781703115e-14,2.115198628701485948e-14,2.304680640145519686e-14,2.106589486171325713e-14,2.018844794031548016e-14,2.334962597086778395e-14,1.788942679956707537e-14,1.764678018666294791e-14,1.522694617840980092e-14,1.972066068125381348e-14,1.902283861117707744e-14,2.155466545342485982e-14,2.087320572892723022e-14,2.383370754825576006e-14,2.140364897512844786e-14,1.837353334619994144e-14,1.937551375796611629e-14,1.862520572313659020e-14,2.037523497778337052e-14,2.940562277818224384e-14,3.855554892905035673e-14,1.724777056016751591e-14,1.887162594789731185e-14,2.030552808105692332e-14,2.125809888467009822e-14,2.279659118596074631e-14,2.009917281522880975e-14,2.051025920858092271e-14,1.768500721151652465e-14,1.783501100708823560e-14,2.391192304991842083e-14,3.327359099889843167e-14,5.722195156774793010e-14,1.489606661272626987e-14,1.591176045031701041e-14,1.772297787617418819e-14,1.944316439884638419e-14,2.171586617846094252e-14,2.042340985181961764e-14,1.810825705917995647e-14,1.651894352215294925e-14,1.765220622214514910e-14,2.102074517593747040e-14,3.264545548007243260e-14,4.083302072093740666e-14,1.463459899363879781e-14,1.438185313715481400e-14,1.578388208179087048e-14,1.789017695300385739e-14,2.027919888858180525e-14,1.835717186722177361e-14,1.908658626007738713e-14,1.945142668223525042e-14,2.034268647139588846e-14,3.100900391689701373e-14,4.935952267578265626e-14,1.180046583426596788e-14,1.360658511568341720e-14,1.770727855911742748e-14,1.766739254506661502e-14,2.079873736269826766e-14,1.828709327765286400e-14,2.229059725947736571e-14,2.928150202863390615e-14,2.970226114328753895e-14,3.914851682880561997e-14,2.092596301562400869e-14,2.386572192654251303e-14,2.623107079926362233e-14,3.001454995438308097e-14,1.535233593692961259e-14,3.750574884262758633e-14,5.020139364378173447e-14,2.714056255449107321e-14,2.431566168962064711e-14,1.736809912659387463e-14
1.920002082236124587e-14,2.672404033228582408e-14,2.155565389197209863e-14,2.156593099628996545e-14,2.349785226599991768e-14,2.147810583929386280e-14,2.058326376503841518e-14,2.380595798318164679e-14,1.823906945260127364e-14,1.799193385219076590e-14,1.552485623450257615e-14,2.010665754666164129e-14,1.939508371036299092e-14,2.197647817362287174e-14,2.128162262647572762e-14,2.429990331102400583e-14,2.182169010972147745e-14,1.873283412666808384e-14,1.975436989962685300e-14,1.898958933527130693e-14,2.077386192321270382e-14,2.998037538485350843e-14,3.930813833276640039e-14,1.758515667705820375e-14,1.924046309152551076e-14,2.070265792193499752e-14,2.167374319360127038e-14,2.324201306589388690e-14,2.049216478875350471e-14,2.091141822348416159e-14,1.803056300966401893e-14,1.818356325005153963e-14,2.437747779845268312e-14,3.392231397853772844e-14,5.833824055592034767e-14,1.518714712817353812e-14,1.622273546105681076e-14,1.806875826058287206e-14,1.981947383088553056e-14,2.213460725343113302e-14,2.082227537150346046e-14,1.846201705409199104e-14,1.684192273995481251e-14,1.799696921244666195e-14,2.142868397250109161e-14,3.328573422361768203e-14,4.163376796188635422e-14,1.492038292850467939e-14,1.466297427745809938e-14,1.609178675177960010e-14,1.823897339427516227e-14,2.067469767641294385e-14,1.871570481429505409e-14,1.945890090337147057e-14,1.983101097835290279e-14,2.073979830588004001e-14,3.161112702907318105e-14,5.041796990578612822e-14,1.203109067137908772e-14,1.387219843195906857e-14,1.805116134942990935e-14,1.801178093396476128e-14,2.120294831498789319e-14,1.864386989931134078e-14,2.272465208409486830e-14,2.984878491766897731e-14,3.027964613960013152e-14,3.990856437322557828e-14,2.133323547468595561e-14,2.447299725763526202e-14,2.689085263860980999e-14,3.063387604996084631e-14,1.559129247344875051e-14,3.822961794562815746e-14,5.117861727044328367e-14,2.762959548532952689e-14,2.463324280902441867e-14,1.769521752909563494e-14
1.957487173551765032e-14,2.724594955029364183e-14,2.197667455798502578e-14,2.198706122908213523e-14,2.395673778727599551e-14,2.189746703657259674e-14,2.098491484776373667e-14,2.427016306022942537e-14,1.859474066099612422e-14,1.834306513398768180e-14,1.582793240998405117e-14,2.049936733332436056e-14,1.977378592462259922e-14,2.240562098282118632e-14,2.169713061417514011e-14,2.477418176655237596e-14,2.224691831427076763e-14,1.909835172819845044e-14,2.013977852400450913e-14,1.936029333025632445e-14,2.117940517445515431e-14,3.056504131271364437e-14,4.007361572120520171e-14,1.792838378802011824e-14,1.961566321331826366e-14,2.110666550077921342e-14,2.209657578044220050e-14,2.369511051272644300e-14,2.089195300335531736e-14,2.131952730197042075e-14,1.838207067857760728e-14,1.853812532306710915e-14,2.485089326869735833e-14,3.458208702230444176e-14,5.947363748091792432e-14,1.548324049530107215e-14,1.653907167045840673e-14,1.842044462938173732e-14,2.020187883354403909e-14,2.255983458635420080e-14,2.122799463552931343e-14,1.882186426336163702e-14,1.717048371076386410e-14,1.834765581855935184e-14,2.184336682277818625e-14,3.393384993289642567e-14,4.244447200974584918e-14,1.521107089262912225e-14,1.494894517269577216e-14,1.640494465626646751e-14,1.859370346902538774e-14,2.107693890576638614e-14,1.908039874951958845e-14,1.983756915869634382e-14,2.021708811603713048e-14,2.114371667597868229e-14,3.222324114996826804e-14,5.148550955813381776e-14,1.226568487004330222e-14,1.414235881556218875e-14,1.840075130248920605e-14,1.836201808387008818e-14,2.161390596416666799e-14,1.900673987910156879e-14,2.316604170285493824e-14,3.042375203464572752e-14,3.086668729645738221e-14,4.068118934784561969e-14,2.174735499555381442e-14,2.508719326681751336e-14,2.755770803696702608e-14,3.125907007944290102e-14,1.583284781928086384e-14,3.896450091704667775e-14,5.217235180201570320e-14,2.812301009775179236e-14,2.495269036262021602e-14,1.802803358403948902e-14
1.995613385028813422e-14,2.777679986648129508e-14,2.240491425389067605e-14,2.241540289374394018e-14,2.442348350232415381e-14,2.232400368153385957e-14,2.139341398432443919e-14,2.474224762426401379e-14,1.895645278873091065e-14,1.870018857292193539e-14,1.613619067833708662e-14,2.089880986581280767e-14,2.015896970912742865e-14,2.284211156200539687e-14,2.211974624979995557e-14,2.525655567057176119e-14,2.267933641538979639e-14,1.947009933820681415e-14,2.053175164290056788e-14,1.973733365758626561e-14,2.159188049234838846e-14,3.115963479424519596e-14,4.085197225286745324e-14,1.827747190081632867e-14,1.999723567676704201e-14,2.151756399847029398e-14,2.252660722672073670e-14,2.415588788529230702e-14,2.129854886649466733e-14,2.173460000343067818e-14,1.873953874690784218e-14,1.889870676323660121e-14,2.533214771838533669e-14,3.525287980744721956e-14,6.062804855581373666e-14,1.578435730453618180e-14,1.686077973534489262e-14,1.877803749713367054e-14,2.059033889472971754e-14,2.299147913734106581e-14,2.164057092651577765e-14,1.918780590483201802e-14,1.750463916775497497e-14,1.870427218448030960e-14,2.226476088187666771e-14,3.458964380796055498e-14,4.326488519674825314e-14,1.550667013261673994e-14,1.523977767076638520e-14,1.672335775372920430e-14,1.895436394365688531e-14,2.148591767889360828e-14,1.945125924037908454e-14,2.022258885252751085e-14,2.060965771209651473e-14,2.155444212361305440e-14,3.284529034687164037e-14,5.256167007447760250e-14,1.250426319588167867e-14,1.441707332363829590e-14,1.875603190359642165e-14,1.871810314127841420e-14,2.203158552754316404e-14,1.937570291519794407e-14,2.361474852488943253e-14,3.100626739157551627e-14,3.146333767317867974e-14,4.146632272792360133e-14,2.216831632284865438e-14,2.570786899461007035e-14,2.823119830262422982e-14,3.188993244495361404e-14,1.607699600999652493e-14,3.971026155510709242e-14,5.318249096988999328e-14,2.862045647133018069e-14,2.527395801247309920e-14,1.836662299269127047e-14
2.034383302216891245e-14,2.831662835457492850e-14,2.284040407592859124e-14,2.285098594355568731e-14,2.489812212980338627e-14,2.275774485994744412e-14,2.180878618978831058e-14,2.522223615797604177e-14,1.932422544374562170e-14,1.906332688220265451e-14,1.644965199338349682e-14,2.130501415281953669e-14,2.055066170708147401e-14,2.328598025379534602e-14,2.254949815105771696e-14,2.574705528208809981e-14,2.311896379755781027e-14,1.984809962692122269e-14,2.093031254129256066e-14,2.012073542880208836e-14,2.201131523409140239e-14,3.176418627822823637e-14,4.164323287116965344e-14,1.863244367620915774e-14,2.038520105238915026e-14,2.193537888304869308e-14,2.296386254548114393e-14,2.462436785587697688e-14,2.171197626286553144e-14,2.215666236623026425e-14,1.910298547117465417e-14,1.926532680436314391e-14,2.582124457779180541e-14,3.593470579420926524e-14,6.180149649658683666e-14,1.609051342759347075e-14,1.718787711574366398e-14,1.914154868206777467e-14,2.098483224804989348e-14,2.342949651882265668e-14,2.206002248262325145e-14,1.955985978454244167e-14,1.784440895881351945e-14,1.906683460655779104e-14,2.269285452846226822e-14,3.525299627006529856e-14,4.409486390853555357e-14,1.580719389499602304e-14,1.553548828052848696e-14,1.704703622251942698e-14,1.932096374300983253e-14,2.190164532441114657e-14,1.982830317310335690e-14,2.061397169782403257e-14,2.100873353326971748e-14,2.197199060719178118e-14,3.347725934758157582e-14,5.364610939518247422e-14,1.274683886342923562e-14,1.469635315090891143e-14,1.911699644958441020e-14,1.908004414368483945e-14,2.245598201886618652e-14,1.975077101945687980e-14,2.407077674580301309e-14,3.159623627771769437e-14,3.206959008667621871e-14,4.226394167602224610e-14,2.259612094005508840e-14,2.633455954547782113e-14,2.891083214644891115e-14,3.252630052057120306e-14,1.632372940388151515e-14,4.046681700770934402e-14,5.420903212954227059e-14,2.912149143793005694e-14,2.559699661688713024e-14,1.871106586615479110e-14
2.073798598120776014e-14,2.886545902639180036e-14,2.328316492227814920e-14,2.329383001284475006e-14,2.538067507572461348e-14,2.319870935971442955e-14,2.223104643539742385e-14,2.571014104140615237e-14,1.969806920720540617e-14,1.943249414600310014e-14,1.676833005071067853e-14,2.171799974817933105e-14,2.094887937808076910e-14,2.373724688894229873e-14,2.298640473052599400e-14,2.624569887614564443e-14,2.356580859531499737e-14,2.023236618386820089e-14,2.133547484161571441e-14,2.051051470621163395e-14,2.243772676902949365e-14,3.237871058133192400e-14,4.244740033580281446e-14,1.899331339458088487e-14,2.077957035109753042e-14,2.236012554082343662e-14,2.340835602921129601e-14,2.510056121672448381e-14,2.213224900347365911e-14,2.258573025916360888e-14,1.947242010363230153e-14,1.963799566192373829e-14,2.631817316575000327e-14,3.662755905116921186e-14,6.299396814307802194e-14,1.640171725860647554e-14,1.752037330400138310e-14,1.951098044424343160e-14,2.138532376870964945e-14,2.387382568225897819e-14,2.248635682036198953e-14,1.993803440372452341e-14,1.818980478359662177e-14,1.943535023695160926e-14,2.312762262675376048e-14,3.592375707729416799e-14,4.493422606514196300e-14,1.611264789083840927e-14,1.583608640763148732e-14,1.737598174211185486e-14,1.969350189057812922e-14,2.232412198065445715e-14,2.021153789853146979e-14,2.101171899349211522e-14,2.141431887272916277e-14,2.239636723124965390e-14,3.411911273708716213e-14,5.473844603612398970e-14,1.299341927504449546e-14,1.498020241090202408e-14,1.948362715265303502e-14,1.944783928105662497e-14,2.288707761152515683e-14,2.013194631159735809e-14,2.453411753287547297e-14,3.219353767367128463e-14,3.268541870394598831e-14,4.307399723595944765e-14,2.303075796833280708e-14,2.696677553408401728e-14,2.959609413768695345e-14,3.316798505010670497e-14,1.657303915302103055e-14,4.123405413135249138e-14,5.525194032316470385e-14,2.962562390205026021e-14,2.592175578343616545e-14,1.906143761397254693e-14
2.113859885851907634e-14,2.942330038759588941e-14,2.373320570218103369e-14,2.374394266871430201e-14,2.587115043073817566e-14,2.364690394293292589e-14,2.266019805440288086e-14,2.620596065060897166e-14,2.007798431154236164e-14,1.980769449634811812e-14,1.709223019000132255e-14,2.213777514351429395e-14,2.135362950129937218e-14,2.419591896714794116e-14,2.343047247742457527e-14,2.675249070192919647e-14,2.401986602570918544e-14,2.062290212234716364e-14,2.174724100700709817e-14,2.090667705384529271e-14,2.287112083439449465e-14,3.300320425690467266e-14,4.326445151267070289e-14,1.936008567543957872e-14,2.118034359855820749e-14,2.279180766422538149e-14,2.386008954985888544e-14,2.558446504738077894e-14,2.255936925312503040e-14,2.302180774213009373e-14,1.984784159139537897e-14,2.001671321352634987e-14,2.682290680554300375e-14,3.733141130287841961e-14,6.420540789248439766e-14,1.671796867926978934e-14,1.785826868996891890e-14,1.988632419367432330e-14,2.179176349074210738e-14,2.432438723152834358e-14,2.291956917039033346e-14,2.032232762008791329e-14,1.854082899164699618e-14,1.980981579257141171e-14,2.356902491263784481e-14,3.660174270987820001e-14,4.578274767199488479e-14,1.642302928177621646e-14,1.614157335813945134e-14,1.771018637603566690e-14,2.007196620078935565e-14,2.275333506283388495e-14,2.060095987300229200e-14,2.141582020503445995e-14,2.182640509364216025e-14,2.282756469847847236e-14,3.477079236451378863e-14,5.583825401448935906e-14,1.324400525248575641e-14,1.526861721050500558e-14,1.985589384364077391e-14,1.982147561865259440e-14,2.332484005157179566e-14,2.051921967483533300e-14,2.500474730034976948e-14,3.279802193617884225e-14,3.331077657056196195e-14,4.389641086549332475e-14,2.347220260992907134e-14,2.760400266495650694e-14,3.028644406387508908e-14,3.381476745204452699e-14,1.682491518286977475e-14,4.201182637651859117e-14,5.631114325804103866e-14,3.013231198908563012e-14,2.624818389197223959e-14,1.941781244631715102e-14
2.154566527791601070e-14,2.999014207725888492e-14,2.419052092787549179e-14,2.420131707496732924e-14,2.636954026886325901e-14,2.410232104808565207e-14,2.309623071035009260e-14,2.670967694970045722e-14,2.046395900690791838e-14,2.018892043365719132e-14,1.742134801008184445e-14,2.256433562085359103e-14,2.176490620514191567e-14,2.466198924891543534e-14,2.388169370874483500e-14,2.726741831182860438e-14,2.448111633667304971e-14,2.101969832028140154e-14,2.216560045291690808e-14,2.130921567563481172e-14,2.331148939813825728e-14,3.363764213609418642e-14,4.409433253534046754e-14,1.973275383798428163e-14,2.158750806733891496e-14,2.323041519075504894e-14,2.431905039906607521e-14,2.607606042214731752e-14,2.299332554232633430e-14,2.346488496305157853e-14,2.022923698424538540e-14,2.040146737408403965e-14,2.733540061428210729e-14,3.804620828593973817e-14,6.543570883052271922e-14,1.703925780098734808e-14,1.820155317472176514e-14,2.026755895834793211e-14,2.220408496746375301e-14,2.478108159357382908e-14,2.335964056435096802e-14,2.071272501380981413e-14,1.889747309075285021e-14,2.019021599200986067e-14,2.401700417255105903e-14,3.728673360791838942e-14,4.664015922780393933e-14,1.673832547241103660e-14,1.645194112525020327e-14,1.804963125960577423e-14,2.045633174465986104e-14,2.318925744087532768e-14,2.099655300810090199e-14,2.182625127871174576e-14,2.224496988441030978e-14,2.326556143609267951e-14,3.543221432855549229e-14,5.694505774118919484e-14,1.349859011214255478e-14,1.556158455984153746e-14,2.023375249252252851e-14,2.020092759263686254e-14,2.376922084637552726e-14,2.091256915920219724e-14,2.548262569171798253e-14,3.340950834451488755e-14,3.394559271907401116e-14,4.473107031760092773e-14,2.392041430410070579e-14,2.824570115751400625e-14,3.098131606304442626e-14,3.446639709033271693e-14,1.707934617326315551e-14,4.279995029164876896e-14,5.738652493265307314e-14,3.064095999720360803e-14,2.657622812068498635e-14,1.978026453647332322e-14
2.195916362435409349e-14,3.056594978453320779e-14,2.465508714389350521e-14,2.466592855934909342e-14,2.687581662910748786e-14,2.456493544712439176e-14,2.353911753319774494e-14,2.722125211670901581e-14,2.085596733997398262e-14,2.057615048784359783e-14,1.775566745234086636e-14,2.299766010493980108e-14,2.218268813586091496e-14,2.513543222285812459e-14,2.434004330967505911e-14,2.779044867964170768e-14,2.494952202045780874e-14,2.142273097835183207e-14,2.259052691811603100e-14,2.171810877429183801e-14,2.375880758741474470e-14,3.428197230440383334e-14,4.493695181291400200e-14,2.011129761354591130e-14,2.200103586450792415e-14,2.367592138905554782e-14,2.478520825084630004e-14,2.657530923288598063e-14,2.343408998926188941e-14,2.391493517144342823e-14,2.061657929769766089e-14,2.079223189972556267e-14,2.785558865150056307e-14,3.877186472669317596e-14,6.668469937108278809e-14,1.736556330751509910e-14,1.855020432199312490e-14,2.065464940434854977e-14,2.262220332392857470e-14,2.524378688702863835e-14,2.380653525764593549e-14,2.110919770047751994e-14,1.925971571827127649e-14,2.057652148507805606e-14,2.447148401599144106e-14,3.797847103797544551e-14,4.750614156690240492e-14,1.705851255163969779e-14,1.676717078243074760e-14,1.839428493082905602e-14,2.084655889146889714e-14,2.363184506533513741e-14,2.139828647367253554e-14,2.224297245214741326e-14,2.266997496786791974e-14,2.371031910246788828e-14,3.610326510705325065e-14,5.805832639950932135e-14,1.375715847314393095e-14,1.585908098589428620e-14,2.061714341393418163e-14,2.058615509585688213e-14,2.422015301795327590e-14,2.131195791162788911e-14,2.596769299251684728e-14,3.402778228644008027e-14,3.458976842616911462e-14,4.557782418971666204e-14,2.437533436952414492e-14,2.889130497236061321e-14,3.168011749579021360e-14,3.512258832830974141e-14,1.733631954121208965e-14,4.359820126524878750e-14,5.847791657162771201e-14,3.115091500306675460e-14,2.690583447599080811e-14,2.014886641962059599e-14
2.237905255298997549e-14,3.115065639447195965e-14,2.512685683552908388e-14,2.513772881443023432e-14,2.738992463277573639e-14,2.503469864783781407e-14,2.398881046677662768e-14,2.774062309042528138e-14,2.125396569993850682e-14,2.096934547184620339e-14,1.809515775471496718e-14,2.343770584262146243e-14,2.260693377487681940e-14,2.561619812919520760e-14,2.480547328451100144e-14,2.832152168992863180e-14,2.542502346017115924e-14,2.183195771927334027e-14,2.302197424958155236e-14,2.213331523464488930e-14,2.421302859950479334e-14,3.493610769372483636e-14,4.579216835618305614e-14,2.049567948262956002e-14,2.242088014782477123e-14,2.412827810903227871e-14,2.525851023568171334e-14,2.708214911257207413e-14,2.388161382759400230e-14,2.437190982897333824e-14,2.100982422599323535e-14,2.118896298219908203e-14,2.838337972039366544e-14,3.950825633442907241e-14,6.795212001993240749e-14,1.769684996764586277e-14,1.890418453931444302e-14,2.104754292474374554e-14,2.304601269555441090e-14,2.571235618846172623e-14,2.426019674181377567e-14,2.151169897658345747e-14,1.962751947574877098e-14,2.096868571632971531e-14,2.493236581924933974e-14,3.867665316364361173e-14,4.838032043652738730e-14,1.738355301060593361e-14,1.708723005623670727e-14,1.874410092940519498e-14,2.124259047406558896e-14,2.408103343585266173e-14,2.180611134855455301e-14,2.266592501268439229e-14,2.310136266346929811e-14,2.416177878305195114e-14,3.678379587484416943e-14,5.917746706895544412e-14,1.401968452481086491e-14,1.616107054824724774e-14,2.100598884465623551e-14,2.097710072529009560e-14,2.467754796289492546e-14,2.171733111942532628e-14,2.645986635158577019e-14,3.465259169159875106e-14,3.524317166198733312e-14,4.643647365298760353e-14,2.483688263824387346e-14,2.954022072356753596e-14,3.238222743712286620e-14,3.578301708027736935e-14,1.759582142423256709e-14,4.440630765934642794e-14,5.958508169778616637e-14,3.166146253071990922e-14,2.723694782323226266e-14,2.052368840599794524e-14
2.280526172828862524e-14,3.174414279941457472e-14,2.560574545973355122e-14,2.561663365893484769e-14,2.791176778795869614e-14,2.551152715640657404e-14,2.444523078214841819e-14,2.826769049724463974e-14,2.165788606478481186e-14,2.136844094582182623e-14,1.843976737321576697e-14,2.388439717731180368e-14,2.303757172712751352e-14,2.610420033001644931e-14,2.527790135837442250e-14,2.886053647538883114e-14,2.590753037418034579e-14,2.224730975829602085e-14,2.345986791176241812e-14,2.255476577560338102e-14,2.467407314161159160e-14,3.559990845009455934e-14,4.665976729859548778e-14,2.088583730305987301e-14,2.284696766327623893e-14,2.458740606534274904e-14,2.573887090897108785e-14,2.759648323731655958e-14,2.433581836339977809e-14,2.483572856892172380e-14,2.140890378669165991e-14,2.159159260917740247e-14,2.891864961359020057e-14,4.025520372382911423e-14,6.923757298149798545e-14,1.803306395246072112e-14,1.926343567783543952e-14,2.144616427779640444e-14,2.347538213141322348e-14,2.618661330921283587e-14,2.472053998447839646e-14,2.192015785180967018e-14,2.000082472058338453e-14,2.136663895635690211e-14,2.539952354606528482e-14,3.938092908621033755e-14,4.926225782067423972e-14,1.771339156334206543e-14,1.741206872431964295e-14,1.909901348664070335e-14,2.164434666089358985e-14,2.453673100930916813e-14,2.221995420372041409e-14,2.309502527871556737e-14,2.353904940886350927e-14,2.461985369354547501e-14,3.747361203027683177e-14,6.030181451051931894e-14,1.428612887933098076e-14,1.646750130009770203e-14,2.140018892778037709e-14,2.137368484050572981e-14,2.514129000479575873e-14,2.212861035314807448e-14,2.695903286868841940e-14,3.528364157874107234e-14,3.590562674691164292e-14,4.730675661905106600e-14,2.530495146310997216e-14,3.019182592946720937e-14,3.308699435006449812e-14,3.644731605109886500e-14,1.785783666469707396e-14,4.522394075784956444e-14,6.070768523530340721e-14,3.217181907870321127e-14,2.756951191910047358e-14,2.090479725074647433e-14
2.323766649595007432e-14,3.234618374848043605e-14,2.609159523525191787e-14,2.610248906190105424e-14,2.844116689607246153e-14,2.599527000764732733e-14,2.490824329153932364e-14,2.880228860468935439e-14,2.206761815415789865e-14,2.177332692870540717e-14,1.878940771710823844e-14,2.433759440108191752e-14,2.347447404894046580e-14,2.659928021442490083e-14,2.575717949965217098e-14,2.940731358209808477e-14,2.639689911015701922e-14,2.266867084690101738e-14,2.390408209188251846e-14,2.298233883298954662e-14,2.514180041258769407e-14,3.627313305198812082e-14,4.753939192130709916e-14,2.128166445395796165e-14,2.327917890661954874e-14,2.505316837128273862e-14,2.622614499600620441e-14,2.811815285020249176e-14,2.479657052586579105e-14,2.530625178053482032e-14,2.181370966274869597e-14,2.200001105820895966e-14,2.946122143337376014e-14,4.101242901338282163e-14,7.054037920214742096e-14,1.837412080899936734e-14,1.962786497930825428e-14,2.185040203171773028e-14,2.391014645054752594e-14,2.666634368564918152e-14,2.518743097982308982e-14,2.233446212801198933e-14,2.037953313673868758e-14,2.177027283539553853e-14,2.587279152543139906e-14,4.009088609185444717e-14,5.015143230372708743e-14,1.804794464008322829e-14,1.774160673649226349e-14,1.945892685787005723e-14,2.205171217511842374e-14,2.499880235009252731e-14,2.263970038934824054e-14,2.353014928278764520e-14,2.398290908471516916e-14,2.508441014750667107e-14,3.817244660776040761e-14,6.143060944640220639e-14,1.455643072070058621e-14,1.677829658350989414e-14,2.179961243989202664e-14,2.177579332422143114e-14,2.561122327100453535e-14,2.254567920783593612e-14,2.746503218890395835e-14,3.592058234334964776e-14,3.657688788314542727e-14,4.818830633495004671e-14,2.577939093779490424e-14,3.084546525673632618e-14,3.379373126211158575e-14,3.711506550300381100e-14,1.812234879521110563e-14,4.605069067574446652e-14,6.184520828753208899e-14,3.268111295137732838e-14,2.790346944570947852e-14,2.129225377348555956e-14
2.367600365180638250e-14,3.295626544184579194e-14,2.658405379362112660e-14,2.659495746821250017e-14,2.897772214706138097e-14,2.648560026749206075e-14,2.537757078602959854e-14,2.934408563454483822e-14,2.248295093262575158e-14,2.218378087327231728e-14,1.914389958407970087e-14,2.479698959218203968e-14,2.391736740654807685e-14,2.710108972843868374e-14,2.624298881369711368e-14,2.996146843336697982e-14,2.689285802917253312e-14,2.309580773130556450e-14,2.435436398978670154e-14,2.341578047349642120e-14,2.561591140105027669e-14,3.695527461352245153e-14,4.843031563707500635e-14,2.168294423028441640e-14,2.371728291334517154e-14,2.552528264510845813e-14,2.672003695314085282e-14,2.864684637433619279e-14,2.526360191640288835e-14,2.578318947023813510e-14,2.222403879350387317e-14,2.241400956861892387e-14,3.001080217783270925e-14,4.177941195036101416e-14,7.185909435959428718e-14,1.871986655866514011e-14,1.999729933793276818e-14,2.226006501110706585e-14,2.435007869043725780e-14,2.715126744266130311e-14,2.566061976349402596e-14,2.275440317098051481e-14,2.076345386247945716e-14,2.217939008238785914e-14,2.635192647755832056e-14,4.080601190312479190e-14,5.104717903479341459e-14,1.838706674062562883e-14,1.807569570696755935e-14,1.982368140788013752e-14,2.246449550538778243e-14,2.546701368671153921e-14,2.306513959116614704e-14,2.397108339236947940e-14,2.443271897132360539e-14,2.555520549471221072e-14,3.887987451185949623e-14,6.256293397530360734e-14,1.483048276678340214e-14,1.709332745141374453e-14,2.220406833372839706e-14,2.218323864008920812e-14,2.608711048616245075e-14,2.296833707683582698e-14,2.797760063773795157e-14,3.656297509229657295e-14,3.725655347190988992e-14,4.908051588774518091e-14,2.625996191366415999e-14,3.150043952824147722e-14,3.450170191758527880e-14,3.778576743167015967e-14,1.838934002521914156e-14,4.688599068130444652e-14,6.299666275628556115e-14,3.318832082380260413e-14,2.823876204658989491e-14,2.168611253526489359e-14
2.411921144187085527e-14,3.357214983790759404e-14,2.708162148821768533e-14,2.709262536763810022e-14,2.951972931912064243e-14,2.698116335788062202e-14,2.585212331128043750e-14,2.989180122481640611e-14,2.290311588607233221e-14,2.259894342770482708e-14,1.950255510461549541e-14,2.526128964290808128e-14,2.436513673010512473e-14,2.760816893378078481e-14,2.673401461577303387e-14,3.052141654087479576e-14,2.739442361967110740e-14,2.352782603532756609e-14,2.480974096452727247e-14,2.385407705913413544e-14,2.609519028316439115e-14,3.764427080087605733e-14,4.932963963719271373e-14,2.208883681570887593e-14,2.416042748380407669e-14,2.600263186260539213e-14,2.721939163988064735e-14,2.918138659335196434e-14,2.573587452795400622e-14,2.626538648000250744e-14,2.263916901958223820e-14,2.283283285600229292e-14,3.056648927943344992e-14,4.255425731850317376e-14,7.318766300582809133e-14,1.906977561702232186e-14,2.037112925741993998e-14,2.267454440746877909e-14,2.479468161621686343e-14,2.764083704388193742e-14,2.613921692094037124e-14,2.317924517405652847e-14,2.115188311895021418e-14,2.259331313211068544e-14,2.683631633458738519e-14,4.152540990839659489e-14,5.194823002074416291e-14,1.873029006187895396e-14,1.841381977001477295e-14,2.019279170694904356e-14,2.288211320585527668e-14,2.594060932139707760e-14,2.349554141648926498e-14,2.441714057988460434e-14,2.488773896252702932e-14,2.603140378713136592e-14,3.959464371432328290e-14,6.369722191411087343e-14,1.510793813594512267e-14,1.741220019947177871e-14,2.261308886326979079e-14,2.259545879796178218e-14,2.656831570187861640e-14,2.339594020361535471e-14,2.849593731848414798e-14,3.721003045021229116e-14,3.794339731141833021e-14,4.998147460397980797e-14,2.674597248948923205e-14,3.215592430000023085e-14,3.521001891588527506e-14,3.845865546720123359e-14,1.865879122931991137e-14,4.772853211229984168e-14,6.415833115191977228e-14,3.369175784424001241e-14,2.857533036557771791e-14,2.208643668971269668e-14
2.456853522768207731e-14,3.419662312042801476e-14,2.758612673887791068e-14,2.759719999682497019e-14,3.006927489665823957e-14,2.748358407914353534e-14,2.633315965484903074e-14,3.044690135234817696e-14,2.332894182847444049e-14,2.301978790152986287e-14,1.986614464576066126e-14,2.573205429555589265e-14,2.481910063127226975e-14,2.812228408372083911e-14,2.723182832384870730e-14,3.108906064440799247e-14,2.790265941556409372e-14,2.396573492695848735e-14,2.527131591542057306e-14,2.429840837115755777e-14,2.658107567807675160e-14,3.834259584628054789e-14,5.024082471439495918e-14,2.250029509406461616e-14,2.460954481445601045e-14,2.648651219517528819e-14,2.772553991656269371e-14,2.972309755337319229e-14,2.621457191685588437e-14,2.675419054904070499e-14,2.305986195070565147e-14,2.325729066658116872e-14,3.112910705591158836e-14,4.333906076047184619e-14,7.453363399303184752e-14,1.942437538185616954e-14,2.074998815870706535e-14,2.309441036621751178e-14,2.524417229123470589e-14,2.813519254266463791e-14,2.662416698869854383e-14,2.360975878161837251e-14,2.154558578151725393e-14,2.301273229549821527e-14,2.732635747036823695e-14,4.224914595779782119e-14,5.285489385066432597e-14,1.907805298898123772e-14,1.875650561000496347e-14,2.056668328957463688e-14,2.330508198500976774e-14,2.642031480090463679e-14,2.393165979180707019e-14,2.486897442678957187e-14,2.534870054749879600e-14,2.651386505318410329e-14,4.031784678932101476e-14,6.483357072995179031e-14,1.538911994765220508e-14,1.773525848874390196e-14,2.302695392648703364e-14,2.301293998055067420e-14,2.705530519584797884e-14,2.382909806710569238e-14,2.902075777456782636e-14,3.786184349755810483e-14,3.863853919905511923e-14,5.089301701031590660e-14,2.723799785769657353e-14,3.281134791089044702e-14,3.591811672996520470e-14,3.913358921890242339e-14,1.893068193755590838e-14,4.857904087388395712e-14,6.533449159226913480e-14,3.419155357916039182e-14,2.891311408904092127e-14,2.249333533754848184e-14
2.502417673928033728e-14,3.483021790913262709e-14,2.809789940510795107e-14,2.810898231889262845e-14,3.062674101526150915e-14,2.799314396276935420e-14,2.682087525338523383e-14,3.100960963522601524e-14,2.376052806260854284e-14,2.344645487871149166e-14,2.023477390082896791e-14,2.620955669661502039e-14,2.527947772619117597e-14,2.864374829186831014e-14,2.773669956453560757e-14,3.166473362827027005e-14,2.841769635433703748e-14,2.440967866738007590e-14,2.573924979649076995e-14,2.474896097892519551e-14,2.707380748742360483e-14,3.905068600702049390e-14,5.116448016059578035e-14,2.291745733229233547e-14,2.506475387166390346e-14,2.697712786348391130e-14,2.823868752846375590e-14,3.027216937011996910e-14,2.669987047004817301e-14,2.724981765072342050e-14,2.348619967999637653e-14,2.368747739472465773e-14,3.169868066958760173e-14,4.413411320857600490e-14,7.589849670153860024e-14,1.978370718300769025e-14,2.113393847470328959e-14,2.351968611992680326e-14,2.569841499154562789e-14,2.863412557503714877e-14,2.711557685980116297e-14,2.404602442488067788e-14,2.194465576212405559e-14,2.343770903139545368e-14,2.782196368935455391e-14,4.297678917721577312e-14,5.376669592632833935e-14,1.943037222651779424e-14,1.910379930196049867e-14,2.094535527721436656e-14,2.373340530186693014e-14,2.690617180821914533e-14,2.437356761820938613e-14,2.532661838878149629e-14,2.581565743192972256e-14,2.700267201708141055e-14,4.104949136684905695e-14,6.597124862807115889e-14,1.567403817522937286e-14,1.806249976240514736e-14,2.344558173720891617e-14,2.343567814722722586e-14,2.754802325451591404e-14,2.426783974205105844e-14,2.955207344656732696e-14,3.851805499033035709e-14,3.934201702727426232e-14,5.181526483668159753e-14,2.773602017727506989e-14,3.346598914211665370e-14,3.662524725793595312e-14,3.981008628097453970e-14,1.920499032651069668e-14,4.943727171499909602e-14,6.652583355506028619e-14,3.468694126168660998e-14,2.925205198849056805e-14,2.290698086636876239e-14
2.548610019695935347e-14,3.547297141230013457e-14,2.861693653075008974e-14,2.862795864758692508e-14,3.119213144543132509e-14,2.850982249495192151e-14,2.731522100911607619e-14,3.157986226809465868e-14,2.419780063317301348e-14,2.387889179586381832e-14,2.060839380845389306e-14,2.669378249278042861e-14,2.574623754962701521e-14,2.917254972679717143e-14,2.824860459874858725e-14,3.224841459792459187e-14,2.893944411196417687e-14,2.485960038983403493e-14,2.621348494181081129e-14,2.520569438323320279e-14,2.757335383314078971e-14,3.976851636240101437e-14,5.210056703064721365e-14,2.334027308726634251e-14,2.552598164653545739e-14,2.747443260840789307e-14,2.875878096366896102e-14,3.082852763246164486e-14,2.719171339002148662e-14,2.775222491431191396e-14,2.391810138319570553e-14,2.412331710036699212e-14,3.227503513201364481e-14,4.493928196145630553e-14,7.728239058445150600e-14,2.014769345109068381e-14,2.152290490371948256e-14,2.395025812250189991e-14,2.615717170789340561e-14,2.913732183186522097e-14,2.761335322129741186e-14,2.448795659606387464e-14,2.234902822351077392e-14,2.386815197740001382e-14,2.832291770575262730e-14,4.370775268439852887e-14,5.468293129077035211e-14,1.978715875462538068e-14,1.945563014001661749e-14,2.132869776590949278e-14,2.416695612081194461e-14,2.739805269831581575e-14,2.482117314837292114e-14,2.578995178120178442e-14,2.628849697622211047e-14,2.749771937243294325e-14,4.178931200681695913e-14,6.710927285852520783e-14,1.596262394453547680e-14,1.839383257656775976e-14,2.386879009214542266e-14,2.386354376818069402e-14,2.804627576657462495e-14,2.471204971868647061e-14,3.008971808213966976e-14,3.917816425034243901e-14,4.005359910408349986e-14,5.274792128689100727e-14,2.823986888274876975e-14,3.411906725016839948e-14,3.733059295515732577e-14,4.048754635257067801e-14,1.948169320439784971e-14,5.030271588026130328e-14,6.773221902921144690e-14,3.517691574828140938e-14,2.959208194755465335e-14,2.332745069628029513e-14
2.595417068300283939e-14,3.612472876814085741e-14,2.914310328299764539e-14,2.915398849500983525e-14,3.176530007505380471e-14,2.903347618999212173e-14,2.781604350762569515e-14,3.215747122436104680e-14,2.464060701871204022e-14,2.431696234065777608e-14,2.098688777340511902e-14,2.718460188487533914e-14,2.621924676579391593e-14,2.970854582907287889e-14,2.876739968498292636e-14,3.283993779220524067e-14,2.946771212774263957e-14,2.531535557840737783e-14,2.669386873647609390e-14,2.566847242305871026e-14,2.807957022521237358e-14,4.049587118038863040e-14,5.304877487793164919e-14,2.376861032344629371e-14,2.599306902897830160e-14,2.797827386580033907e-14,2.928565563715356293e-14,3.139198176901146956e-14,2.768994306154099313e-14,2.826126026092512044e-14,2.435541110802576286e-14,2.456465625374827354e-14,3.285789611061202987e-14,4.575424561781755312e-14,7.868491096901736004e-14,2.051619989157655901e-14,2.191674798265523459e-14,2.438594515844780126e-14,2.662014319258247710e-14,2.964440053530417625e-14,2.811731087415767323e-14,2.493539288530914923e-14,2.275856688721670301e-14,2.430389762806932446e-14,2.882892943006167053e-14,4.444134934779932060e-14,5.560275574463753998e-14,2.014827107103374081e-14,1.981187235672250716e-14,2.171654508907238470e-14,2.460554119199473109e-14,2.789574732442199001e-14,2.527430757608544492e-14,2.625877837245254704e-14,2.676702666594437420e-14,2.799881368176644851e-14,4.253690661924927520e-14,6.824650457135088573e-14,1.625476901751718005e-14,1.872911975590933985e-14,2.429633948524327838e-14,2.429634298158870921e-14,2.854979411267790161e-14,2.516154138891325770e-14,3.063343621794094144e-14,3.984158029528601333e-14,4.077292091043854881e-14,5.369048940275676258e-14,2.874929439748859958e-14,3.476975619341882957e-14,3.803328474633338097e-14,4.116528744532855274e-14,1.976076600807130624e-14,5.117471873631170653e-14,6.895315218117291259e-14,3.566034933682699934e-14,2.993314101533610061e-14,2.375485494419559118e-14
2.642810068945668972e-14,3.678502894418319911e-14,2.967605687867329633e-14,2.968673294861092379e-14,3.234586433438811195e-14,2.956377007115211593e-14,2.832303030673617773e-14,3.274206008975533418e-14,2.508867816845787159e-14,2.476040351495802071e-14,2.137003739913320055e-14,2.768170418148837954e-14,2.669821294923384948e-14,3.025138933867123284e-14,2.929275462254793880e-14,3.343891234055092551e-14,3.000216102009604283e-14,2.577666741789409686e-14,2.718010499923844386e-14,2.613701233321286269e-14,2.859213822497453589e-14,4.123223940389986222e-14,5.400837494318662643e-14,2.420221344197848154e-14,2.646572857225696624e-14,2.848833663980553315e-14,2.981897792933107633e-14,3.196216631051597176e-14,2.819424909653796038e-14,2.877660429036153403e-14,2.479786230264839123e-14,2.501122648424839364e-14,3.344684753767216140e-14,4.657840008288272465e-14,8.010479859967730679e-14,2.088900996215026582e-14,2.231523424534754249e-14,2.482646938035099400e-14,2.708694969477105575e-14,3.015489544637338259e-14,2.862712899829583915e-14,2.538805790733758556e-14,2.317302920363889657e-14,2.474467735078674289e-14,2.933960989018229344e-14,4.517676530858813453e-14,5.652514411281016724e-14,2.051349286946914378e-14,2.017231996326133675e-14,2.210865309468565182e-14,2.504887373285819179e-14,2.839892690773975882e-14,2.573268936751741821e-14,2.673279359325656969e-14,2.725093841412711565e-14,2.850563262209265592e-14,4.329167885805445605e-14,6.938160273944888468e-14,1.655030922225617440e-14,1.906815992866785633e-14,2.472791344869098402e-14,2.473379144779035925e-14,2.905820708634286355e-14,2.561602634263103543e-14,3.118284575814663581e-14,4.050759748672603576e-14,4.149942777560721735e-14,5.464218183207353157e-14,2.926393643077946344e-14,3.541717547117533431e-14,3.873239069051917118e-14,4.184252752097871842e-14,2.004218280149864057e-14,5.205242789574177738e-14,7.018759307103552323e-14,3.613596003748733245e-14,3.027516546083866099e-14,2.418949339068981816e-14
2.690757336728092476e-14,3.745337396003518862e-14,3.021542472058221698e-14,3.022582169335597901e-14,3.293340813728333972e-14,3.010033701133723291e-14,2.883583532335754865e-14,3.333321067497790107e-14,2.554171350354384877e-14,2.520892336042284720e-14,2.175760017862610717e-14,2.818475040141312384e-14,2.718281463918185854e-14,3.080070089503106177e-14,2.982430706793443576e-14,3.404490879794078182e-14,3.054241159990124383e-14,2.624322828354911970e-14,2.767186468231438764e-14,2.661100186153502785e-14,2.911070731079114757e-14,4.197705738105832105e-14,5.497856060388576160e-14,2.464079887876055848e-14,2.694363951178803156e-14,2.900427235600766669e-14,3.035837789871365310e-14,3.253867431588106520e-14,2.870428686341759298e-14,2.929790396165783609e-14,2.524515669037063131e-14,2.546272783223020039e-14,3.404142325348542125e-14,4.741107168068244001e-14,8.154066942509636474e-14,2.126588069512802722e-14,2.271810222249278242e-14,2.527151872708836994e-14,2.755716851902689584e-14,3.066829122055230223e-14,2.914244873361376105e-14,2.584564336860435224e-14,2.359214450059989320e-14,2.519019000351051466e-14,2.985452443159899089e-14,4.591311236283173758e-14,5.744897602419433130e-14,2.088258094498349391e-14,2.053674204250874780e-14,2.250474722956318327e-14,2.549663159156754947e-14,2.890722260629494743e-14,2.619600311578271638e-14,2.721165559112538749e-14,2.773988665631775686e-14,2.901781512632122560e-14,4.405296285256846220e-14,7.051311636900448251e-14,1.684905981422708526e-14,1.941072639071217695e-14,2.516315782198715289e-14,2.517556972770503385e-14,2.957109909455880489e-14,2.607518075777146566e-14,3.173751835569052007e-14,4.117544321636675062e-14,4.223249967159813112e-14,5.560212069822571714e-14,2.978339105610785376e-14,3.606040498084178350e-14,3.942693448464859823e-14,4.251841928356926003e-14,2.032591626570726373e-14,5.293490202564279699e-14,7.143438600415285161e-14,3.660241806483035312e-14,3.061809080579564389e-14,2.463177798309710898e-14
2.739241682557837081e-14,3.812960899275232320e-14,3.076105612658788989e-14,3.077108900466748548e-14,3.352776858873682184e-14,3.064300292461345246e-14,2.935425614201405947e-14,3.393067031397379011e-14,2.599950132200325024e-14,2.566233925124581464e-14,2.214941949869107721e-14,2.869358900216766935e-14,2.767288523108081199e-14,3.135631292199728811e-14,3.036188062605132215e-14,3.465772265490264960e-14,3.108819920690039266e-14,2.671484334525196714e-14,2.816894247400874272e-14,2.709026489880659943e-14,2.963509541676333834e-14,4.273005158976983871e-14,5.595892780086938104e-14,2.508419039749344988e-14,2.742658228646645656e-14,2.952588105067332421e-14,3.090363693085680348e-14,3.312124609554360628e-14,2.921984513712722120e-14,2.982496159019584329e-14,2.569707603538587977e-14,2.591894667435846937e-14,3.464123717389520044e-14,4.825181852791165983e-14,8.299204259693526891e-14,2.164662191998984297e-14,2.312515601334188418e-14,2.572083558985669165e-14,2.803038796397365751e-14,3.118407579867499534e-14,2.966301139422049314e-14,2.630792153314320430e-14,2.401572466828773917e-14,2.564020490918929820e-14,3.037326873007947699e-14,4.664950371355680160e-14,5.837315932825842766e-14,2.125533327533899010e-14,2.090496118893940745e-14,2.290459095364107658e-14,2.594853996001077604e-14,2.942033703812856168e-14,2.666401132041631713e-14,2.769508611714461940e-14,2.823359914270992225e-14,2.953508914651985672e-14,4.482020042606215347e-14,7.163961995286870721e-14,1.715086576475735204e-14,1.975662243639722009e-14,2.560173697460137588e-14,2.562140208760640727e-14,3.008809316619369131e-14,2.653873968134927347e-14,3.229709364592661546e-14,4.184434672971785900e-14,4.297162839321714909e-14,5.656962094722921069e-14,3.030730617808936757e-14,3.669850881805994278e-14,4.011592488148426899e-14,4.319210129133712126e-14,2.061193768855210245e-14,5.382126626113631360e-14,7.269286423737918248e-14,3.705848345251093361e-14,3.096185185545331425e-14,2.508210423240140648e-14
2.788245235240743197e-14,3.881359569425104069e-14,3.131280510848550321e-14,3.132236954811606475e-14,3.412878869318832727e-14,3.119159157687647505e-14,2.987807902646194772e-14,3.453417038505742116e-14,2.646181222670536852e-14,2.612045656540456797e-14,2.254532793524825003e-14,2.920806930104842756e-14,2.816825313279114012e-14,3.191805865990026004e-14,3.090529564551731753e-14,3.527714582473133695e-14,3.163923729040707259e-14,2.719130446497832199e-14,2.867111941339658702e-14,2.757461697319473179e-14,3.016511456429875705e-14,4.349094122178606038e-14,5.694905797211060412e-14,2.553220044778809648e-14,2.791431975747720666e-14,3.005295226355101373e-14,3.145452362015532111e-14,3.370960347420021051e-14,2.974069918244932951e-14,3.035756998563203297e-14,2.615338283738340288e-14,2.637965122318801410e-14,3.524586623607019872e-14,4.910016603851180640e-14,8.445845528886817337e-14,2.203102525031164289e-14,2.353618189322676713e-14,2.617413677742627537e-14,2.850615640537732478e-14,3.170169076207653283e-14,3.018853592970086277e-14,2.677464431715585269e-14,2.444356627364751415e-14,2.609446989098488397e-14,3.089539852206772567e-14,4.738498467739862807e-14,5.929651898802018077e-14,2.163152738038048769e-14,2.127678335668891449e-14,2.330792337997670856e-14,2.640429627261190368e-14,2.993794414219629362e-14,2.713645478397665032e-14,2.818277974522091580e-14,2.873177772058515459e-14,3.005715788271412394e-14,4.559278225972196644e-14,7.275959478790220052e-14,1.745555606582212550e-14,2.010563075441188599e-14,2.604328120239978865e-14,2.607098476916768923e-14,3.060877474615623079e-14,2.700641208109991723e-14,3.286117614964715469e-14,4.251347539966391919e-14,4.371625905767011222e-14,5.754393934686694044e-14,3.083529472393308309e-14,3.733051475786914703e-14,4.079833008940181904e-14,4.386265145171903150e-14,2.090021696822707771e-14,5.471057170991355423e-14,7.396232382747627706e-14,3.750289483087751843e-14,3.130638275842516463e-14,2.554147687214353547e-14
2.837731543527179988e-14,3.950482707225378110e-14,3.187027437981982287e-14,3.187925764991941479e-14,3.473602579229689445e-14,3.174569442821487495e-14,3.040689606361497743e-14,3.514321203304647334e-14,2.692827335916970204e-14,2.658292558390847668e-14,2.294503326474113671e-14,2.972782157697402508e-14,2.866855331560251795e-14,3.248552344636723749e-14,3.145414611632220350e-14,3.590269702912491261e-14,3.219505632438484040e-14,2.767224144559629041e-14,2.917800079878277054e-14,2.806369485304705865e-14,3.070036521882843902e-14,4.425908694100920796e-14,5.794802499313521008e-14,2.598449024949304433e-14,2.840645703694487054e-14,3.058507733677690848e-14,3.201060009553080312e-14,3.430325409087485530e-14,3.026643739603009623e-14,3.089531796483325932e-14,2.661370314900282022e-14,2.684446822117457846e-14,3.585471205030130899e-14,4.995529409661152776e-14,8.593841566029424735e-14,2.241878031924058505e-14,2.395084994635099597e-14,2.663101904769236765e-14,2.898392220616475295e-14,3.222047271240971037e-14,3.071857424589328178e-14,2.724542420425315394e-14,2.487533510793253374e-14,2.655260273957615400e-14,3.142034660768190312e-14,4.811845029270916362e-14,6.021766479298038624e-14,2.201084761880905466e-14,2.165191513948679263e-14,2.371438570350367518e-14,2.686348155521423623e-14,3.045957091387964977e-14,2.761293504968685564e-14,2.867429668700853881e-14,2.923398118570038303e-14,3.058356544084769980e-14,4.636985992900174435e-14,7.387128507068716949e-14,1.776288988139337628e-14,2.045745375189035810e-14,2.648732465141556021e-14,2.652390131012040217e-14,3.113260168331413794e-14,2.747778056481327156e-14,3.342921345753803660e-14,4.318185918315608270e-14,4.446560259042755956e-14,5.852397726188288452e-14,3.136683209817121428e-14,3.795538796947360142e-14,4.147304522101204205e-14,4.452903128737101362e-14,2.119072261938010210e-14,5.560162890630633513e-14,7.524140068578845634e-14,3.793424921483803266e-14,3.165161706968204202e-14,2.601433904488650340e-14
2.887638516678855822e-14,4.020227719978371512e-14,3.243271505154890855e-14,3.244101288846832009e-14,3.534863737203365158e-14,3.230458020043482092e-14,3.094003294444079686e-14,3.575698156368756304e-14,2.739831828486731771e-14,2.704918477741610247e-14,2.334807317919048296e-14,3.025217070995360802e-14,2.917315308612661938e-14,3.305794712169893227e-14,3.200771196351266118e-14,3.653351594276050003e-14,3.275493979652788844e-14,2.815706307826960074e-14,2.968895201387323309e-14,2.855688927782586010e-14,3.124015532046998917e-14,4.503335318369193590e-14,5.895420243106268373e-14,2.644051433991981800e-14,2.890238576334942278e-14,3.112157533044014927e-14,3.257114554227520024e-14,3.490141397663269609e-14,3.079639273525857497e-14,3.143751364291914119e-14,2.707747978395956977e-14,2.731283378827967288e-14,3.646694539428258455e-14,5.081591373315306475e-14,8.742899684830493543e-14,2.280944108388486773e-14,2.436867467546597459e-14,2.709092101610971928e-14,2.946300889636047907e-14,3.273962908916524320e-14,3.125245358464826761e-14,2.771968667895339654e-14,2.531052019027302565e-14,2.701404773739023044e-14,3.194738897247093997e-14,4.884861212268098362e-14,6.113493860787008151e-14,2.239285576044650469e-14,2.202993054186131899e-14,2.412349132245542582e-14,2.732552455244549554e-14,3.098454992981903272e-14,2.809286739035415413e-14,2.916901968546292180e-14,2.973957831609072866e-14,3.111364318340848167e-14,4.715027081736084211e-14,7.497263978800211296e-14,1.807253465976751972e-14,2.081168922218514205e-14,2.693327974121836544e-14,2.697958820746612728e-14,3.165886762427528500e-14,2.795226100232062699e-14,3.400044722060479621e-14,4.384836000026374700e-14,4.521856087613910246e-14,5.950816303390728610e-14,3.190121473188575216e-14,3.857201926269734825e-14,4.213887783822007510e-14,4.519006337406108188e-14,2.148342177181253218e-14,5.649294115006326968e-14,7.652782734077515979e-14,3.835097465990062246e-14,3.199748779412776400e-14,2.652065101081000687e-14
2.937813220566336376e-14,4.090298696077079896e-14,3.299808770870605685e-14,3.300568000328393124e-14,3.596431236820872764e-14,3.286635425456223634e-14,3.147588552847946389e-14,3.637357527768895363e-14,2.787073398981341315e-14,2.751794213240963128e-14,2.375340186397771697e-14,3.077933054846785369e-14,2.968046456331297389e-14,3.363331412772869815e-14,3.256414474630530584e-14,3.716738056996245415e-14,3.331734469456633110e-14,2.864441862682773114e-14,3.020251172053963989e-14,2.905272507898011798e-14,3.178275098860731637e-14,4.581083198873131542e-14,5.996347782277329364e-14,2.689901306833290999e-14,2.940077876991229433e-14,3.166081155309221636e-14,3.313445427990885133e-14,3.550230098757662332e-14,3.132901491885207302e-14,3.198247777169184177e-14,2.754355120881069894e-14,2.778354961865412528e-14,3.708101362198190452e-14,5.167914107993706512e-14,8.892202946308242542e-14,2.320212575865604665e-14,2.478866170931385870e-14,2.755278663990847635e-14,2.994240525644637313e-14,3.325803365648375576e-14,3.178875674455676594e-14,2.819624262713854150e-14,2.574801727565096047e-14,2.747768680578107563e-14,3.247535261451720033e-14,4.957370668730478145e-14,6.204594434059928758e-14,2.277673190961712644e-14,2.240997412778862016e-14,2.453436474025490038e-14,2.778938687350870726e-14,3.151159743529970086e-14,2.857505923527305973e-14,2.966577184556349411e-14,3.024732919827469033e-14,3.164602831188243661e-14,4.793186870056409100e-14,7.606079325811817442e-14,1.838387414400012386e-14,2.116761858668275870e-14,2.738021945647742753e-14,2.743703444752869130e-14,3.218638422477959841e-14,2.842874507703114764e-14,3.457347997672237078e-14,4.451140580299569968e-14,4.597305825568034317e-14,6.049338862750232132e-14,3.243719661937282563e-14,3.917912734030816001e-14,4.279442746765161743e-14,4.584423320610519499e-14,2.177828017028287460e-14,5.738211361449653915e-14,7.781618481407950954e-14,3.875091152344677836e-14,3.234392743032660009e-14,2.701187461404610389e-14
2.988127608884009383e-14,4.160457006566606120e-14,3.356472491908736912e-14,3.357164978701146393e-14,3.658116532754819233e-14,3.342945045062549612e-14,3.201310037391729650e-14,3.699138247254105423e-14,2.834446785681438644e-14,2.798809707697704506e-14,2.416012340532284645e-14,3.130783038996556986e-14,3.018916435855146291e-14,3.420996718088633545e-14,3.312191314231953630e-14,3.780245475808535915e-14,3.388093645710497053e-14,2.913315595602281989e-14,3.071743651429942119e-14,2.954996205386408356e-14,3.232670738985815722e-14,4.658912015849936015e-14,6.097245044860501950e-14,2.735891422920226392e-14,2.990049070031653588e-14,3.220140994131812937e-14,3.369908601909187103e-14,3.610439606574072327e-14,3.186298833894565682e-14,3.252880060694839675e-14,2.801090209069992045e-14,2.825557375887283713e-14,3.769552342656593011e-14,5.254251699133337593e-14,9.041091509196311583e-14,2.359605065795610201e-14,2.520993669441576349e-14,2.801566588603964006e-14,3.042114068566159892e-14,3.377459330340909773e-14,3.232625019680676621e-14,2.867405083200398165e-14,2.618686978874166934e-14,2.794253299351096621e-14,3.300313862452554152e-14,5.029202403168870149e-14,6.294840088474411809e-14,2.316173563208831435e-14,2.279128878008752712e-14,2.494620694781311989e-14,2.825412519232591845e-14,3.203956765799586467e-14,2.905846225984398268e-14,3.016349940556525795e-14,3.075613315886845329e-14,3.217952395034748416e-14,4.871272723418258266e-14,7.713300602424715785e-14,1.869634895482561478e-14,2.152458340728997818e-14,2.782726595766456762e-14,2.789531789607721583e-14,3.271404994384550756e-14,2.890623854857701205e-14,3.514705085779176819e-14,4.516947135330318195e-14,4.672724246040075508e-14,6.147692428996207501e-14,3.297363983382556512e-14,3.977543150888980692e-14,4.343829891550794757e-14,4.649004900153056366e-14,2.207526218505333893e-14,5.826692063811643964e-14,7.910194210828159991e-14,3.913219328960442802e-14,3.269086803536747961e-14,2.749554918023078226e-14
3.038622842677145995e-14,4.230834732146670006e-14,3.413340737214575125e-14,3.413960731165205448e-14,3.720010310448309553e-14,3.399449295915263813e-14,3.255204647479560844e-14,3.761081046863742047e-14,2.881963255935649185e-14,2.845988907828362843e-14,2.456840505961828884e-14,3.183829571514164299e-14,3.069971472680423334e-14,3.478862189693180569e-14,3.368160664545719071e-14,3.843947005454933304e-14,3.444587861317233451e-14,2.962351513701063280e-14,3.123400264997360808e-14,3.004896729699411350e-14,3.287252891145467560e-14,4.736916506660446957e-14,6.198243536637999925e-14,2.782045632819748431e-14,3.040167968002686138e-14,3.274376460479244218e-14,3.426542469446965168e-14,3.670801586059715154e-14,3.239862540403224762e-14,3.307690920076663144e-14,2.847959760636878844e-14,2.872900512459740275e-14,3.831034144987290796e-14,5.340653181555817605e-14,9.189920845186410408e-14,2.399119432348159665e-14,2.563252780373555893e-14,2.847946224869177467e-14,3.089875326023290963e-14,3.428870619212493183e-14,3.286504020379372009e-14,2.915316719714585557e-14,2.662719116498107294e-14,2.840859360565099854e-14,3.353037422479158749e-14,5.100257221224013736e-14,6.384121582020902410e-14,2.354777940818660946e-14,2.317387213172336370e-14,2.535887427691728249e-14,2.871959094500537052e-14,3.256839223309718256e-14,2.954310866148580846e-14,3.066212176423807814e-14,3.126596003106198242e-14,3.271417037451199287e-14,4.949264375547980456e-14,7.818786695852780720e-14,1.900987985114596916e-14,2.188245354613914333e-14,2.827407461197491554e-14,2.835427294376593776e-14,3.324155882511326932e-14,2.938465568484629883e-14,3.572100227441947255e-14,4.582168114077405331e-14,4.748098449692833919e-14,6.245881560366873798e-14,3.351032498233043599e-14,4.035988189809578153e-14,4.406938510895475347e-14,4.712649686013833451e-14,2.237433081900569121e-14,5.914664346529364871e-14,8.038653030427693428e-14,3.949422786459298486e-14,3.303824127915256615e-14,2.798415478887655092e-14
3.089257950313041549e-14,4.301389678413873672e-14,3.470374932513369856e-14,3.470914041174064972e-14,3.782070754937163486e-14,3.456105557905051042e-14,3.309225346046838995e-14,3.823128533118036203e-14,2.929575549789739796e-14,2.893289653866435936e-14,2.497788443406006070e-14,3.237034729093057583e-14,3.121171418351288372e-14,3.536886051255219548e-14,3.424279601938602574e-14,3.907793170343683270e-14,3.501158909501947459e-14,3.011504936086307403e-14,3.175173951785614703e-14,3.054932491960850558e-14,3.341977927380912041e-14,4.815032383632665374e-14,6.299252672383365363e-14,2.828323121548258098e-14,3.090385393522008029e-14,3.328740872819481538e-14,3.483296605620117484e-14,3.731257797970271987e-14,3.293544118054240811e-14,3.362633947580372752e-14,2.894915550027417931e-14,2.920336822029385443e-14,3.892468129006179091e-14,5.427024861334850284e-14,9.338579982023308221e-14,2.438713882215129776e-14,2.605600114247062594e-14,2.894362997062094291e-14,3.137447472003152794e-14,3.479946587557535076e-14,3.340456066092793796e-14,2.963309108442149703e-14,2.706855700884327545e-14,2.887536615152936343e-14,3.405627809367349334e-14,5.170393356473117292e-14,6.472263898813392810e-14,2.393442765296048919e-14,2.355733091291362814e-14,2.577186837929976439e-14,2.918521087406166083e-14,3.309744497165798679e-14,3.002848020342806286e-14,3.116105105182663107e-14,3.177622858600964206e-14,3.324938049384577879e-14,5.027053208220190844e-14,7.922324973124748186e-14,1.932412755704177944e-14,2.224080933438159174e-14,2.871999008204942738e-14,2.881332683138722268e-14,3.376816688745393366e-14,2.986343512826275480e-14,3.629459859441563589e-14,4.646676850347620175e-14,4.823327696289753349e-14,6.343773529842193081e-14,3.404654066397135804e-14,4.093128055550759991e-14,4.468639941852739691e-14,4.775226258120280911e-14,2.267544771344767410e-14,6.001975847185886588e-14,8.166857700239663954e-14,3.983591384761375826e-14,3.338597849305712640e-14,2.847813403117733902e-14
3.139968405197947518e-14,4.372033049937815289e-14,3.527504490029762903e-14,3.527953231825464639e-14,3.844219872653085321e-14,3.512841829273367765e-14,3.363300707738382084e-14,3.885194760387455286e-14,2.977218379172531635e-14,2.940650166815709922e-14,2.538803971547829890e-14,3.290332652278810382e-14,3.172451563090968819e-14,3.594995127755019888e-14,3.480476591090160736e-14,3.971700296092575997e-14,3.557725893528592144e-14,3.060710757918327192e-14,3.226995577037701028e-14,3.105039267653643635e-14,3.396775512334509176e-14,4.893151239091307196e-14,6.400120749449264546e-14,2.874663901684520623e-14,3.140632401641971176e-14,3.383162643989505953e-14,3.540094769934432003e-14,3.791723460271501015e-14,3.347271648101976203e-14,3.417637091530306168e-14,2.941892220584232989e-14,2.967800983314546578e-14,3.953754306675815103e-14,5.513231488406711500e-14,9.486835851082642119e-14,2.478333687939979822e-14,2.647977591688929472e-14,2.940747342255700896e-14,3.184741623986795987e-14,3.530584307948408541e-14,3.394403788628977460e-14,3.011314718403279771e-14,2.751037750171281188e-14,2.934218518804715640e-14,3.457991968839419129e-14,5.239452859099554096e-14,6.559068853513809910e-14,2.432112674901633920e-14,2.394114540968544385e-14,2.618456779755827967e-14,2.965026678187795388e-14,3.362591798395643158e-14,3.051388452447004119e-14,3.165953253020762333e-14,3.228617990414005916e-14,3.378436986514870066e-14,5.104502179452550823e-14,8.023678522995894810e-14,1.963866290953168935e-14,2.259912899361247201e-14,2.916423872338868711e-14,2.927176642252897941e-14,3.429297436339359046e-14,3.034185809544127056e-14,3.686691219812861264e-14,4.710331510754830912e-14,4.898283232898913115e-14,6.441193899109850436e-14,3.458140683006307433e-14,4.148836906612084936e-14,4.528798367170488034e-14,4.836591205987103768e-14,2.297857315585570819e-14,6.088446860295531132e-14,8.294593483509169083e-14,4.015608805002731199e-14,3.373401072036492936e-14,2.897726059489094641e-14
3.190677217044147692e-14,4.442653840711225454e-14,3.584642917794190207e-14,3.584991236700046839e-14,3.906361844944415262e-14,3.569571100791025322e-14,3.417346184925485560e-14,3.947178412095574154e-14,3.024816031724438932e-14,2.987997811823004105e-14,2.579825924907392521e-14,3.343643328575617827e-14,3.223734351403921111e-14,3.653100430233258814e-14,3.536665397365102476e-14,4.035567331174534121e-14,3.614195002733714825e-14,3.109892550485232354e-14,3.278783864209516661e-14,3.155140725691468706e-14,3.451561378451700975e-14,4.971142453465578554e-14,6.500665744565063076e-14,2.920997388722479928e-14,3.190828788051664595e-14,3.437556863107478082e-14,3.596846831693865960e-14,3.852099233326022878e-14,3.400960426900638423e-14,3.472614677772599508e-14,2.988814332731870985e-14,3.015217347263227540e-14,4.014779608111747238e-14,5.599115523718611118e-14,9.634399555822858724e-14,2.517916155487104651e-14,2.690318329175260011e-14,2.987020284233139122e-14,3.231660309387527527e-14,3.580672021310837361e-14,3.448257803935151047e-14,3.059255707788888122e-14,2.795196726184010266e-14,2.980828716466072943e-14,3.510026768222582383e-14,5.307266852579610866e-14,6.644323542204971949e-14,2.470724760181703670e-14,2.432471866786530612e-14,2.659627077846696009e-14,3.011394752781404575e-14,3.415289208957029159e-14,3.099852561866579407e-14,3.215670816766684269e-14,3.279494725801252555e-14,3.431823742714428188e-14,5.181457199820252619e-14,8.122595763826305474e-14,1.995299811244638797e-14,2.295682307828042996e-14,2.960596416078520731e-14,2.972878773012849485e-14,3.481497837168225876e-14,3.081910770982408993e-14,3.743689586305096346e-14,4.772979802541377945e-14,4.972819631788527495e-14,6.537944787582558770e-14,3.511393520701787037e-14,4.202984776276996280e-14,4.587273152901941745e-14,4.896592834729218247e-14,2.328366609016052753e-14,6.173880603580426124e-14,8.421607102913196469e-14,4.045362511121213791e-14,3.408226876987665860e-14,2.948118219183364835e-14
3.241297125445344559e-14,4.513123866685310007e-14,3.641691077176261523e-14,3.641928638670895597e-14,3.968386766543303228e-14,3.626194247296298726e-14,3.471266338438520331e-14,4.008965444854571296e-14,3.072283824858685904e-14,3.035250798518198096e-14,2.620785477359521385e-14,3.396875355509362257e-14,3.274931708266363852e-14,3.711100304000850864e-14,3.592747879776510421e-14,4.099279265704198260e-14,3.670461429902521077e-14,3.158964332165924791e-14,3.330447342116507811e-14,3.205150502755742331e-14,3.506239877196336728e-14,5.048857730945364142e-14,6.600681851227768229e-14,2.967244062489045218e-14,3.240884734235270521e-14,3.491827593513276196e-14,3.653451141989096863e-14,3.912273608512079382e-14,3.454515063721393651e-14,3.527469801117023002e-14,3.035597700817963683e-14,3.062501357313496281e-14,4.075419510224077711e-14,5.684501156258793159e-14,9.780940896898732910e-14,2.557391526746046949e-14,2.732547732678662296e-14,3.033094465028620556e-14,3.278098142101933784e-14,3.630089880269268803e-14,3.501918409055692205e-14,3.107045283729699741e-14,2.839255859577325120e-14,3.027282261061816546e-14,3.561619932817427779e-14,5.373656917774241497e-14,6.727802515958866945e-14,2.509209318912110213e-14,2.470738543395234634e-14,2.700620290124000294e-14,3.057535860428406077e-14,3.467735026330444770e-14,3.148151720920612049e-14,3.265162861766349998e-14,3.330156939932402410e-14,3.484998107202549478e-14,5.257749499728994550e-14,8.218813134717030385e-14,2.026659201200722647e-14,2.331324036976952569e-14,3.004423380296690468e-14,3.018350498969217284e-14,3.533308298881399624e-14,3.129428007420901405e-14,3.800339680753841436e-14,4.834460153863187579e-14,5.046777122819556333e-14,6.633808797927442931e-14,3.564304084298074731e-14,4.255438253250472547e-14,4.643919647578437306e-14,4.955072255909092635e-14,2.359068412818553652e-14,6.258065570970413961e-14,8.547615239884715622e-14,4.072747276319510224e-14,3.443068327015971259e-14,2.998947796852670869e-14
3.291730675785505468e-14,4.583298175256141874e-14,3.698537367510180668e-14,3.698653839009949940e-14,4.030170895625639201e-14,3.682600184158078231e-14,3.524954927639792894e-14,4.070429248757483465e-14,3.119528110318554944e-14,3.082318206161491787e-14,2.661606125456315508e-14,3.449926069489751070e-14,3.325945128083251910e-14,3.768880610874591653e-14,3.648614136461222816e-14,4.162707368725994835e-14,3.726409444385178536e-14,3.207830604014697694e-14,3.381884402997063818e-14,3.254972267402440095e-14,3.560704098952441497e-14,5.126131535334162637e-14,6.699940330703181325e-14,3.013315487291593448e-14,3.290700834835425249e-14,3.545867969966095607e-14,3.709794646324948364e-14,3.972123038394458486e-14,3.507829558002958039e-14,3.582094432692422921e-14,3.082149386462016971e-14,3.109559550633447959e-14,4.135538133730077205e-14,5.769194766869306835e-14,9.926090773439544180e-14,2.596682925744643366e-14,2.774583462405313323e-14,3.078874119037804268e-14,3.323941879120215250e-14,3.678710102358817639e-14,3.555275626891646619e-14,3.154587700301648370e-14,2.883130136644696997e-14,3.073485597518901992e-14,3.612650097912877121e-14,5.438435643165733119e-14,6.809268578712776460e-14,2.547489791805979920e-14,2.508841159930869818e-14,2.741351653112071538e-14,3.103352188197028256e-14,3.519817783794060993e-14,3.196188272997502516e-14,3.314325319379185965e-14,3.380499064349490878e-14,3.537849797888448014e-14,5.333195933530033500e-14,8.312056273294431424e-14,2.057884925724516641e-14,2.366766711082338185e-14,3.047803878872373148e-14,3.063495037080821767e-14,3.584609960623967688e-14,3.176638410785459745e-14,3.856515727415636551e-14,4.894602133503799773e-14,5.119981855827556904e-14,6.728549645768913249e-14,3.616754242088012536e-14,4.306060915064671523e-14,4.698589669774559403e-14,5.011863928838408703e-14,2.389958356143009466e-14,6.340776116505968807e-14,8.672305956212064115e-14,4.097667177462063342e-14,3.477918472368491403e-14,3.050165812870636816e-14
3.341869842772163754e-14,4.653014446330321382e-14,3.755057236020767185e-14,3.755042605114402402e-14,4.091576145521329951e-14,3.738665436408635806e-14,3.578294555294875083e-14,4.131430306582055129e-14,3.166445987071558620e-14,3.129099658384840947e-14,2.702203386782325775e-14,3.502681097428503082e-14,3.376665282459101667e-14,3.826314269772516326e-14,3.704142082935012747e-14,4.225708755764919624e-14,3.781912103659745094e-14,3.256386025911786234e-14,3.432982971181122268e-14,3.304499357211566097e-14,3.614835475819679226e-14,5.202780692306882414e-14,6.798189254028264677e-14,3.059113987011602918e-14,3.340167799038433068e-14,3.599559836586525193e-14,3.765752532260674790e-14,4.031511615958877720e-14,3.560786960707570779e-14,3.636369049000160824e-14,3.128367424922933318e-14,3.156289274744313605e-14,4.194988072108905390e-14,5.852984726037828404e-14,1.006944122894919961e-13,2.635706115094013422e-14,2.816335171334799597e-14,3.124254851017545359e-14,3.369070398027035430e-14,3.726397061825835154e-14,3.608208928597298842e-14,3.201777988130389341e-14,2.926726011748110303e-14,3.119336306509271042e-14,3.662986727685003684e-14,5.501407098939795201e-14,6.888473429417986180e-14,2.585482541192574095e-14,2.546699172892914477e-14,2.781728878000648825e-14,3.148737358774621932e-14,3.571416026922438295e-14,3.243855269678265646e-14,3.363044762575171350e-14,3.430405846845405924e-14,3.590258203026270424e-14,5.407598941274390696e-14,8.402041027378566937e-14,2.088911824456681758e-14,2.401932499300102081e-14,3.090629295551200248e-14,3.108207202317639049e-14,3.635274573484058983e-14,3.223433929813215726e-14,3.912081276171542562e-14,4.953226800214228126e-14,5.192245810105214202e-14,6.821912228504922614e-14,3.668616066504533939e-14,4.354713765552622689e-14,4.751131993853638210e-14,5.066796168124614892e-14,2.421031937202238953e-14,6.421772796127933232e-14,8.795338811467898400e-14,4.120037205801389101e-14,3.512770356075965510e-14,3.101716846070305667e-14
3.391595583563886587e-14,4.722092208760692671e-14,3.811112559650705061e-14,3.810957510671506682e-14,4.152449441113498743e-14,3.794253612302780410e-14,3.631156257602828556e-14,4.191815810149378690e-14,3.212924991238202114e-14,3.175484952732334422e-14,2.742484456039271085e-14,3.555013800185090535e-14,3.426971549085512628e-14,3.883260686615528394e-14,3.759196939321549276e-14,4.288125862943716826e-14,3.836830947787160255e-14,3.304515050619149242e-14,3.483620128291886947e-14,3.353614352387664080e-14,3.668503306237339915e-14,5.278603910823172402e-14,6.895153192872420929e-14,3.104532273735778027e-14,3.389166125258510069e-14,3.652773326223735255e-14,3.821187825739036758e-14,4.090290721357556567e-14,3.613258989893004952e-14,3.690162197870312600e-14,3.174140534699163165e-14,3.202578382741886015e-14,4.253610249655317545e-14,5.935641196796030832e-14,1.021054539404724088e-13,2.674369241455310721e-14,2.857704227410054375e-14,3.169123420231498536e-14,3.413354725775450817e-14,3.773007447590002457e-14,3.660586942919891043e-14,3.248501669961045424e-14,2.969941091555111576e-14,3.164722839810216790e-14,3.712490080190974872e-14,5.562367414358596457e-14,6.965158434726321322e-14,2.623096628007537902e-14,2.584224643807981124e-14,2.821651954983706759e-14,3.193576241611986778e-14,3.622398099738204715e-14,3.291036198056441718e-14,3.411198189210286398e-14,3.479752113522153705e-14,3.642092118561502275e-14,5.480746572903360981e-14,8.488474613355612437e-14,2.119668899631243211e-14,2.436736917543551032e-14,3.132783217566295603e-14,3.152373227558216866e-14,3.685164419656618575e-14,3.269697351377365759e-14,3.966889052218568812e-14,5.010147146120865415e-14,5.263366754308799724e-14,6.913622773198135837e-14,3.719751705039775546e-14,4.401255735842605240e-14,4.801392907190052662e-14,5.119691738849833715e-14,2.452284523725035093e-14,6.500802827968955532e-14,8.916345014700870345e-14,4.139784709671860853e-14,3.547617019306037713e-14,3.153541531620532269e-14
3.440777649943891934e-14,4.790332578302472671e-14,3.866551368464916827e-14,3.866247709922604067e-14,4.212622474903892046e-14,3.849215204982726879e-14,3.683399376283224388e-14,4.251419630032120398e-14,3.258842996240135739e-14,3.221353908726341095e-14,2.782348028387966822e-14,3.606785010564550213e-14,3.476731808644416356e-14,3.939565529279504713e-14,3.813631035919393933e-14,4.349786323629731782e-14,3.891015975298284048e-14,3.352091789880445998e-14,3.533661993876395308e-14,3.402188898911995201e-14,3.721564579366302310e-14,5.353381873357317276e-14,6.990533770765806494e-14,3.149453288394372835e-14,3.437566008255256431e-14,3.705366726806031859e-14,3.875951293187375414e-14,4.148298998150876750e-14,3.665105920256975439e-14,3.743330359332635943e-14,3.219348027402368860e-14,3.248305135243628539e-14,4.311234067499660892e-14,6.016916523566526883e-14,1.034891925845838368e-13,2.712572725703304641e-14,2.898583601507699045e-14,3.213357706958512143e-14,3.456658233187769059e-14,3.818390599322966596e-14,3.712267420763496368e-14,3.294634682901613661e-14,3.012664004208886500e-14,3.209524448751968213e-14,3.761011375363941629e-14,5.621105615340588668e-14,7.039055780139600385e-14,2.660233722545282154e-14,2.621322114819590526e-14,2.861013103479823140e-14,3.237744943261998700e-14,3.672622161103318251e-14,3.337604916409940426e-14,3.458653012894406150e-14,3.528402751043795468e-14,3.693209730741757511e-14,5.552412927469624296e-14,8.571057193601595224e-14,2.150079197831252801e-14,2.471088745228313933e-14,3.174141524224956924e-14,3.195870757982456309e-14,3.734132439998050873e-14,3.315302274976565424e-14,4.020781060288129509e-14,5.065168777947169008e-14,5.333128607734796994e-14,7.003389618486821352e-14,3.770013475728376952e-14,4.445544303433851003e-14,4.849216906469675262e-14,5.170368645108891881e-14,2.483711346370224134e-14,6.577600985544407634e-14,9.034928764670167959e-14,4.156850804373342330e-14,3.582451506458818887e-14,3.205581552510549548e-14
3.489273252349526955e-14,4.857515421503028802e-14,3.921205862023633273e-14,3.920747137183997410e-14,4.271909543197577504e-14,3.903385891439488905e-14,3.734870296442800238e-14,4.310060976568505362e-14,3.304067353661613291e-14,3.266575328372090754e-14,2.821683411979978145e-14,3.657841329300703098e-14,3.525801015356452121e-14,3.995058893734584987e-14,3.867282192292799688e-14,4.410501132948435134e-14,3.944304671826656419e-14,3.398978968827745014e-14,3.582962613709348765e-14,3.450082458605908714e-14,3.773862493064265518e-14,5.426875102149335111e-14,7.084007156475180532e-14,3.193749156587354703e-14,3.485226409014778727e-14,3.757185180834734646e-14,3.929880152115259051e-14,4.205361152105423483e-14,3.716175409023244978e-14,3.795716590965822502e-14,3.263859030167259186e-14,3.293337371979570067e-14,4.367676801022631108e-14,6.096543773512253821e-14,1.048403687315913907e-13,2.750208663553651079e-14,2.938857177845839212e-14,3.256826159637256918e-14,3.498836569210199896e-14,3.862388605379578064e-14,3.763096356538223680e-14,3.340042606681871546e-14,3.054773572822154982e-14,3.253610489047510115e-14,3.808392564524330635e-14,5.677404100396643570e-14,7.109889035081591632e-14,2.696787608404505294e-14,2.657887998361357785e-14,2.899696327092853538e-14,3.281110322672127284e-14,3.721935546372802157e-14,3.383424911088312629e-14,3.505266462133927388e-14,3.576212030551521428e-14,3.743457829820213914e-14,5.622357575705724508e-14,8.649482788596684386e-14,2.180059375405139518e-14,2.504889613176292066e-14,3.214572177056004009e-14,3.238568386125829527e-14,3.782021912309183779e-14,3.360112533922889105e-14,4.073588036495423771e-14,5.118090279722989062e-14,5.401300780278725033e-14,7.090902313516330453e-14,3.819243407480306295e-14,4.487436005305402582e-14,4.894447239431780994e-14,5.218640704732794317e-14,2.515307434330331788e-14,6.651889651465810536e-14,9.150664868885932160e-14,4.171191144507948437e-14,3.617266868893238364e-14,3.257766695461004994e-14
3.537065556810051007e-14,4.923699443157176451e-14,3.975091261861179177e-14,3.974461255293292242e-14,4.330334335229469056e-14,3.956765049046141485e-14,3.785543920182454358e-14,4.367710513647536666e-14,3.348551735710512377e-14,3.311117405388381985e-14,2.860458255086037844e-14,3.708185797505784460e-14,3.574167078118072903e-14,4.049748465785168509e-14,3.920146761057194822e-14,4.470274098518976773e-14,3.996646535949901458e-14,3.445142724197019224e-14,3.631489183191565402e-14,3.497274077343213682e-14,3.825385808130494070e-14,5.499097472318419819e-14,7.175609821711746490e-14,3.237389089048692618e-14,3.532103150590161526e-14,3.808205948772461620e-14,3.982948005248697836e-14,4.261439536933556774e-14,3.766436533496379873e-14,3.847301110380561939e-14,3.307622637728635371e-14,3.337627436408741090e-14,4.422850941421085729e-14,6.174481230215322932e-14,1.061615534954416210e-13,2.787224930470950688e-14,2.978475222846558178e-14,3.299460332246511257e-14,3.539784246044905087e-14,3.904882419157317184e-14,3.813019678873993828e-14,3.384672310768261116e-14,3.096227611144094931e-14,3.296923845701159171e-14,3.854530641229056318e-14,5.731106826395858385e-14,7.177482837490877839e-14,2.732699687449354251e-14,2.693873865046077192e-14,2.937633649374561753e-14,3.323598060076083113e-14,3.770265982773209630e-14,3.428439774861980140e-14,3.550968087179886223e-14,3.623113858233189250e-14,3.792775470756557938e-14,5.690472999212566265e-14,8.723564968737929827e-14,2.209560535114685799e-14,2.538079393408150526e-14,3.253982917419134757e-14,3.280390633227786907e-14,3.828736058080398069e-14,3.404059279729741924e-14,4.125223737760971245e-14,5.168764731865447402e-14,5.467784850074149719e-14,7.176066076011369958e-14,3.867352377656745227e-14,4.526812482801468714e-14,4.936957527972717670e-14,5.264365230141856655e-14,2.547067636288333298e-14,6.723512518982708297e-14,9.263590176235308024e-14,4.182854586178624931e-14,3.652056171892324751e-14,3.310150275863198253e-14
3.584099858538115025e-14,4.988867396872261315e-14,4.028170809857972052e-14,4.027346255255804695e-14,4.387861814244939200e-14,4.009304645945637386e-14,3.835356209315453760e-14,4.424293655438019046e-14,3.392221443299910031e-14,3.354917032239695460e-14,2.898614704115400648e-14,3.757776168846579171e-14,3.621778342367207255e-14,4.103591115002231574e-14,3.972174951899766141e-14,4.529053988863912437e-14,4.047955599461787275e-14,3.490516693633556016e-14,3.679173792732812943e-14,3.543706477590790705e-14,3.876080327818723319e-14,5.569992271543641440e-14,7.265281050077605654e-14,3.280311680308341453e-14,3.578120898462251672e-14,3.858366476618742206e-14,4.035087338200283920e-14,4.316454637461297097e-14,3.815821104559039086e-14,3.898023083433995870e-14,3.350561122971656259e-14,3.381099740595998953e-14,4.476637267210206153e-14,6.250622700414487180e-14,1.074533355786474708e-13,2.823549215633871867e-14,3.017364969897466541e-14,3.341168994987241279e-14,3.579380046322353048e-14,3.945738152091843086e-14,3.861950969007373200e-14,3.428443395808599322e-14,3.136957756081895444e-14,3.339382109956301539e-14,3.899301915171204950e-14,5.782040434266881089e-14,7.241635152890454470e-14,2.767893201411912550e-14,2.729211439197611161e-14,2.974738523201177680e-14,3.365112102579035642e-14,3.817513616865862527e-14,3.472566035831722662e-14,3.595662082834263160e-14,3.669014907270751518e-14,3.841071211698028003e-14,5.756610443256514566e-14,8.793091105548307775e-14,2.238519786795401169e-14,2.570582407958214918e-14,3.292265106845011319e-14,3.321241070902290535e-14,3.874155932183394155e-14,3.447049712964393428e-14,4.175573452734550175e-14,5.217028437713826130e-14,5.532441190171045443e-14,7.258724416792292822e-14,3.914226623399129697e-14,4.563551642286975402e-14,4.976616527367180348e-14,5.307388478352444675e-14,2.578986594759060133e-14,6.792277689762337452e-14,9.373620018380028940e-14,4.191880262797380979e-14,3.686812498755649696e-14,3.362714123106206212e-14
3.630301827512167143e-14,5.052966360758271807e-14,4.080382387663074328e-14,4.079333885534046108e-14,4.444428499278427308e-14,4.060932886387633720e-14,3.884222653607635249e-14,4.479712098950681512e-14,3.434985880551459234e-14,3.397894194866014848e-14,2.936080869356953107e-14,3.806547689413159351e-14,3.668562873256629935e-14,4.156518581044304994e-14,4.023293720861896553e-14,4.586762123020910356e-14,4.098126423762011913e-14,3.535016944424055334e-14,3.725929706076251369e-14,3.589303368645533904e-14,3.925869894618566554e-14,5.639467929634843237e-14,7.352912961714475799e-14,3.322438996462930824e-14,3.623187105478712017e-14,3.907583386004572697e-14,4.086209041811496445e-14,4.370304650967995112e-14,3.864241097353845111e-14,3.947800341233308840e-14,3.392581511968548709e-14,3.423662981968510445e-14,4.528898499805725810e-14,6.324828866036716500e-14,1.087153995671730344e-13,2.859097221794496017e-14,3.055440306758215779e-14,3.381847360013280474e-14,3.617493069890147428e-14,3.984813165837358398e-14,3.909785783665911672e-14,3.471259945354082600e-14,3.176880946191272550e-14,3.380888246975394244e-14,3.942570244491840222e-14,5.830023358422633854e-14,7.302131671613632699e-14,2.802280292956648185e-14,2.763820717147722923e-14,3.010912968616523461e-14,3.405543310609186229e-14,3.863562626096961903e-14,3.515704737556911038e-14,3.639237788143496116e-14,3.713806123391694408e-14,3.888236363895468153e-14,5.820598699212212768e-14,8.857838794623353749e-14,2.266865445199144509e-14,2.602313184842590868e-14,3.329299835712546573e-14,3.361010571969095087e-14,3.918149297028624079e-14,3.488976891248215630e-14,4.224505992366896309e-14,5.262709133518644210e-14,5.595107644758282709e-14,7.338689029867368970e-14,3.959737793414701033e-14,4.597531242144237060e-14,5.013292431675283449e-14,5.347552168391504859e-14,2.611058799575069986e-14,6.857974923519917939e-14,9.480611395835158470e-14,4.198309599984337571e-14,3.721528958822172035e-14,3.415420001286594222e-14
3.675576309898207455e-14,5.115905754850394179e-14,4.131637124510933006e-14,4.130330015838097700e-14,4.499940838276905952e-14,4.111552775696306514e-14,3.932036916328605980e-14,4.533842145711009580e-14,3.476737511100412589e-14,3.439950894576813884e-14,2.972769975363911860e-14,3.854411844170933135e-14,3.714427243365359582e-14,4.208435983715197843e-14,4.073405338800848386e-14,4.643290577097083826e-14,4.147032731350988042e-14,3.578540820697984579e-14,3.771650104612090551e-14,3.633968255769726453e-14,3.974655012585881682e-14,5.707395503873852732e-14,7.438346706625620800e-14,3.363675542944510375e-14,3.667190850324743448e-14,3.955751100870651025e-14,4.136200942901895944e-14,4.422863901018716371e-14,3.911587318140786087e-14,3.996527983940157335e-14,3.433574575573224144e-14,3.465209100078794426e-14,4.579478093770507154e-14,6.396924639633894165e-14,1.099464527276086036e-13,2.893771928136314663e-14,3.092600922513851011e-14,3.421376230647958476e-14,3.653982407613706318e-14,4.021955882384553138e-14,3.956400407696419426e-14,3.513009492491951289e-14,3.215898473867720187e-14,3.421329636778490212e-14,3.984186420663296588e-14,5.874865642891956924e-14,7.358745110092653928e-14,2.835761344420599719e-14,2.797609242977734809e-14,3.046046907725163493e-14,3.444768666742130449e-14,3.908280164901148279e-14,3.557740408223351005e-14,3.681568726671545119e-14,3.757361680622338358e-14,3.934143809869189438e-14,5.882242516303428177e-14,8.917575003417027369e-14,2.294516539171563413e-14,2.633175916546910826e-14,3.364957488617352578e-14,3.399576569496374375e-14,3.960569899548528516e-14,3.529718828307877253e-14,4.271872624069227489e-14,5.305625817807060238e-14,5.655597912706662130e-14,7.415737213808054944e-14,4.003742079205833801e-14,4.628629026657308542e-14,5.046853003585683121e-14,5.384693498732950093e-14,2.643278558018479632e-14,6.920374507553884539e-14,9.584357793666623088e-14,4.202186295980510668e-14,3.756198692316514519e-14,3.468218753696873342e-14
3.719806550646222845e-14,5.177556184578038026e-14,4.181818528690299093e-14,4.180213754043906039e-14,4.554274190381445429e-14,4.161041204871248952e-14,3.978670020441568459e-14,4.586533720375687555e-14,3.517351218327802501e-14,3.480970477721497857e-14,3.008579826220008595e-14,3.901255561243753112e-14,3.759255744912199711e-14,4.259220928999697990e-14,4.122386529383554577e-14,4.698501110998107447e-14,4.194526654026709956e-14,3.620966260540222864e-14,3.816207346779361822e-14,3.677583713324333432e-14,4.022312001043462086e-14,5.773607192197074088e-14,7.521370501118713084e-14,3.403907589191880009e-14,3.710002173914368852e-14,4.002741030139745455e-14,4.184926942173412002e-14,4.473981936219621543e-14,3.957728613583312915e-14,4.044077539478549849e-14,3.473414263735560525e-14,3.505612683250781655e-14,4.628199732097043101e-14,6.466697795444139444e-14,1.111441918724414406e-13,2.927463151524061628e-14,3.128731822623213217e-14,3.459621596470305488e-14,3.688697255508284407e-14,4.057006056669769364e-14,4.001651178401224396e-14,3.553562451541066417e-14,3.253895426935942597e-14,3.460577560189100100e-14,4.023988086963421314e-14,5.916369404847066969e-14,7.411235723531985633e-14,2.868224627103983077e-14,2.830471689088197600e-14,3.080017864021783736e-14,3.482650931847693570e-14,3.951515863159116479e-14,3.598540503918742321e-14,3.722512149454169532e-14,3.799538458641361280e-14,3.978647389196345813e-14,5.941322011560257719e-14,8.972056540886752947e-14,2.321382509947901621e-14,2.663064171473667001e-14,3.399097679620462272e-14,3.436802710363263642e-14,4.001257286365321362e-14,3.569138062636681871e-14,4.317506638485475764e-14,5.345589180070194248e-14,5.713700904722593325e-14,7.489610846344564188e-14,4.046079864956471140e-14,4.656723099870318583e-14,5.077165867756117555e-14,5.418645764686851188e-14,2.675639937135456962e-14,6.979227229403367100e-14,9.684586900610466423e-14,4.203556276657425372e-14,3.790814873367365258e-14,3.521052935499375140e-14
3.762853125078343104e-14,5.237747539377268795e-14,4.230781139387655362e-14,4.228836114208414893e-14,4.607271280650108818e-14,4.209247649934330744e-14,4.023969212253452738e-14,4.637609046517896700e-14,3.556683503333550943e-14,3.520816728425429298e-14,3.043392068720927714e-14,3.946940000425514291e-14,3.802909293788279111e-14,4.308722115387509248e-14,4.170087169969739849e-14,4.752223607563765954e-14,4.240437716225820142e-14,3.662150842714195777e-14,3.859451937463659777e-14,3.720010337215841863e-14,4.068691772607958780e-14,5.837894318501140357e-14,7.601716821912906853e-14,3.443002294006773828e-14,3.751471174086165998e-14,4.048400404717070775e-14,4.232225806222110759e-14,4.523482303563078613e-14,4.002510778449554917e-14,4.090295771689884140e-14,3.511956947285357785e-14,3.544730167494811863e-14,4.674866604569274525e-14,6.533897122410590876e-14,1.123052515673889569e-13,2.960047007992332148e-14,3.163702682876017437e-14,3.496434082509861110e-14,3.721476926887380441e-14,4.089794929998102435e-14,4.045373570492560972e-14,3.592771352358604764e-14,3.290739929964320133e-14,3.498486509101593860e-14,4.061799520263390185e-14,5.954329048756094025e-14,7.459351180285435706e-14,2.899545855017883307e-14,2.862289306254322622e-14,3.112690556497865656e-14,3.519038168642460332e-14,3.993101142310857673e-14,3.637954661921230176e-14,3.761908411374701116e-14,3.840175334901248563e-14,4.021581064596392855e-14,5.997591792016031243e-14,9.021029724353536365e-14,2.347362868390759707e-14,2.691860556298879105e-14,3.431569141309676837e-14,3.472538430103403440e-14,4.040036479426814370e-14,3.607081070264510778e-14,4.361222723489431511e-14,5.382401817529684642e-14,5.769179799242594724e-14,7.560014850754270566e-14,4.086575271837679067e-14,4.681692166953279554e-14,5.104098777383506931e-14,5.449238632901908087e-14,2.708136643970646481e-14,7.034263989390006158e-14,9.780957141738516596e-14,4.202467748003664496e-14,3.825370714681532854e-14,3.573856994609164353e-14
3.804552611216782633e-14,5.296266348126211672e-14,4.278348698740685672e-14,4.276018273303064826e-14,4.658740153033443855e-14,4.255992495786804171e-14,4.067756592648137545e-14,4.686861091813237889e-14,3.594571576989424910e-14,3.559332786696171018e-14,3.077071307124806991e-14,3.991298961522612167e-14,3.845224034448447877e-14,4.356757522143661225e-14,4.216328640925994779e-14,4.804254116337827441e-14,4.284571689278456041e-14,3.701930656795358738e-14,3.901211307220729812e-14,3.761085453627419510e-14,4.113618306822091952e-14,5.900004856727196455e-14,7.679058966917983369e-14,3.480806654162711382e-14,3.791426966899647657e-14,4.092550867734609809e-14,4.277909724872683391e-14,4.571161128970706779e-14,4.045755259516750514e-14,4.135003226921842571e-14,3.549040568180357423e-14,3.582398928160569826e-14,4.719260663407313942e-14,6.598230351853572456e-14,1.134251375306027266e-13,2.991385328152163946e-14,3.197367127306829511e-14,3.531648373388573480e-14,3.752150920110606536e-14,4.120145443096046238e-14,4.087381174511750352e-14,3.630469987296481229e-14,3.326282268433313556e-14,3.534893430495635775e-14,4.097431453247206818e-14,5.988531514091363217e-14,7.502826382760886971e-14,2.929587716801809859e-14,2.892929312314790585e-14,3.143916489278353689e-14,3.553763258210784848e-14,4.032848493624580623e-14,3.675813877497499073e-14,3.799580315084933387e-14,3.879092425323827447e-14,4.062758008620132370e-14,6.050780053944136728e-14,9.064229990087304668e-14,2.372346832771582250e-14,2.719436380726778075e-14,3.462209661324924361e-14,3.506618532662776439e-14,4.076717680063327516e-14,3.643377647802901288e-14,4.402816325268984265e-14,5.415858501942532947e-14,5.821771063110578794e-14,7.626615502095666825e-14,4.125035720512305178e-14,4.703415794224051192e-14,5.127519925678328394e-14,5.476298408420064402e-14,2.740761754301123026e-14,7.085195418084401246e-14,9.873053521041518936e-14,4.198971151611727180e-14,3.859859474073664922e-14,3.626556544732981446e-14
3.844716296511994315e-14,5.352853039339170553e-14,4.324312256973640530e-14,4.321549847059203904e-14,4.708452037528047563e-14,4.301065357040900093e-14,4.109827921162614709e-14,4.734052273051808821e-14,3.630832624311969594e-14,3.596340194437378115e-14,3.109464320603350497e-14,4.034137249936171426e-14,3.886009951001358162e-14,4.403112638971230904e-14,4.260902262504834082e-14,4.854353016505400712e-14,4.326709774257687109e-14,3.740119364450933401e-14,3.941288797381755838e-14,3.800621947149556138e-14,4.156887215603587391e-14,5.959641187227837906e-14,7.753008399556130951e-14,3.517146520365576252e-14,3.829676898172517832e-14,4.134987242910685276e-14,4.321763089234933504e-14,4.616786002864764229e-14,4.087258063405587264e-14,4.177992935709774896e-14,3.584484040256701770e-14,3.618436613146632027e-14,4.761142365288230154e-14,6.659362696225022287e-14,1.144981737084056619e-13,3.021325236170807279e-14,3.229562220201479925e-14,3.565082954138940849e-14,3.780539357260831467e-14,4.147872826044750712e-14,4.127464999365533005e-14,3.666472830104383574e-14,3.360354203773694401e-14,3.569617248342592503e-14,4.130681325286373606e-14,6.018756966424579375e-14,7.541384251063421408e-14,2.958199621830947322e-14,2.922244461410339013e-14,3.173533817816305436e-14,3.586643748964841924e-14,4.070551130249003118e-14,3.711929967428808889e-14,3.835332802614740915e-14,3.916090667823068100e-14,4.101970039108637848e-14,6.100588337494924844e-14,9.101382405242847943e-14,2.396213077908588473e-14,2.745651496791958291e-14,3.490846311340594195e-14,3.538863043129246660e-14,4.111096394533672709e-14,3.677840624005228440e-14,4.442063460759041423e-14,5.445746876583811067e-14,5.871184109832382491e-14,7.689039738569518653e-14,4.161251870430584560e-14,4.721774773568737134e-14,5.147298208118513422e-14,5.499648784214264127e-14,2.773506954873196264e-14,7.131712272227710046e-14,9.960385027346791053e-14,4.193118560698049021e-14,3.894274440108363673e-14,3.679067041034664229e-14
3.883128466904067662e-14,5.407198026906448852e-14,4.368427540692329887e-14,4.365186470427799036e-14,4.756138444135008629e-14,4.344222819014939784e-14,4.149950917698111440e-14,4.778912601781024233e-14,3.665262813831168353e-14,3.631637581339593677e-14,3.140398977697490950e-14,4.075228444156017953e-14,3.925049016796417256e-14,4.447537946364428397e-14,4.303567070134522765e-14,4.902242423298174549e-14,4.366607341666454005e-14,3.776506836286970956e-14,3.979462187527759563e-14,3.838406601694053834e-14,4.198263741146430711e-14,6.016456958294586560e-14,7.823110489743387788e-14,3.551825323927808682e-14,3.866005363495249487e-14,4.175475764366485264e-14,4.363540721298159377e-14,4.660094329747178489e-14,4.126788188358690006e-14,4.219028572190944756e-14,3.618086332982941452e-14,3.652640137781348999e-14,4.800250017287229313e-14,6.716914519762394637e-14,1.155174124890564341e-13,3.049698567773423624e-14,3.260107693946580211e-14,3.596539592918214468e-14,3.806453220961304842e-14,4.172784965512994026e-14,4.165392373219846377e-14,3.700574126965715775e-14,3.392767969890802558e-14,3.602458089311973147e-14,4.161333272114189665e-14,6.044779104350900858e-14,7.574735568991415327e-14,2.985217279548123471e-14,2.950072399449960377e-14,3.201367022564162333e-14,3.617481464317870847e-14,4.105982315912987154e-14,3.746094714126568824e-14,3.868952352587149267e-14,3.950951084012136466e-14,4.138986679423020781e-14,6.146690733411406939e-14,9.132201147106972219e-14,2.418829400394903780e-14,2.770354048708974345e-14,3.517295558856734923e-14,3.569076904333373655e-14,4.142953293601712845e-14,3.710265296354441178e-14,4.478720178767932721e-14,5.471847817191445220e-14,5.917100400345461531e-14,7.746873454030995377e-14,4.194997370218857989e-14,4.736651353809110568e-14,5.163303517640320076e-14,5.519111112655557749e-14,2.806359669915095384e-14,7.173485175146216293e-14,1.004237971080609254e-13,4.184963508300496906e-14,3.928608941113061858e-14,3.731291874805386191e-14
3.919544832650040184e-14,5.458937881608760864e-14,4.410412403105216388e-14,4.406647455436757012e-14,4.801488300926625049e-14,4.385186339046712356e-14,4.187863831696670947e-14,4.821138188220554242e-14,3.697636556370536346e-14,3.664999557175871762e-14,3.169683321765986521e-14,4.114312724264552448e-14,3.962093493686810682e-14,4.489746559767193129e-14,4.344047791577484026e-14,4.947603833282955523e-14,4.403993084547116133e-14,3.810858070484023077e-14,4.015482521457778372e-14,3.874198654597341223e-14,4.237480944421659928e-14,6.070054337726551410e-14,7.888841191166190507e-14,3.584622992280177235e-14,3.900172962617430591e-14,4.213752586605754116e-14,4.402966426557013745e-14,4.700792079482846959e-14,4.164086352176425479e-14,4.257842867715094262e-14,3.649625878506114595e-14,3.684784998110263921e-14,4.836299661112920408e-14,6.770459720500763562e-14,1.164745573100640772e-13,3.076321509203143661e-14,3.288805459150061301e-14,3.625803197666076367e-14,3.829694965789438044e-14,4.194683132257522995e-14,4.200906248952938358e-14,3.732547333722683329e-14,3.423315537209515259e-14,3.633196855223904171e-14,4.189158563706894351e-14,6.066365832227500036e-14,7.602579605609132206e-14,3.010462540796350616e-14,2.976235261585267429e-14,3.227226907681603065e-14,3.646062492754938419e-14,4.138895127787882278e-14,3.778079367396735983e-14,3.900206784531797437e-14,3.983434449197911743e-14,4.173554641960449450e-14,6.188733774980403113e-14,9.156389609125605652e-14,2.440052528362851618e-14,2.793380440568514742e-14,3.541363691295362211e-14,3.597049992710408557e-14,4.172054522478352389e-14,3.740429254956956175e-14,4.512522522767692048e-14,5.493936168605771209e-14,5.959173226061371060e-14,7.799660808059000549e-14,4.226028943380491709e-14,4.747929514270306730e-14,5.175406945170339501e-14,5.534505049221177527e-14,2.839283268313873933e-14,7.210165071349114923e-14,1.011838122089854595e-13,4.174560275162133956e-14,3.962856330934683478e-14,3.783120078301282048e-14
3.953690918423630209e-14,5.507651096317295071e-14,4.449944147141422022e-14,4.445613036642164645e-14,4.844145001334734733e-14,4.423640184512022515e-14,4.223273928611142470e-14,4.860389658533647818e-14,3.727705749369809589e-14,3.696175556094267667e-14,3.197104614227773116e-14,4.151094619423614488e-14,3.996864317025272144e-14,4.529411764861088902e-14,4.382032721683747315e-14,4.990075670611321776e-14,4.438568061999746198e-14,3.842912025691180273e-14,4.049072842626810360e-14,3.907728271015403705e-14,4.274237814843806694e-14,6.119981077247214005e-14,7.949602573268526645e-14,3.615294929260839700e-14,3.931915562191222459e-14,4.249522197334850228e-14,4.439731443666463574e-14,4.738552429994156288e-14,4.198863634720136184e-14,4.294135937734976440e-14,3.678859901318472461e-14,3.714624504017451396e-14,4.868984808767371791e-14,6.819523934159982675e-14,1.173598145129061650e-13,3.100994231849897710e-14,3.315439053681209104e-14,3.652641581248676408e-14,3.850059016780431560e-14,4.213362596914267367e-14,4.233724401027454421e-14,3.762144465349632478e-14,3.451767810973382333e-14,3.661594710927395002e-14,4.213915908210503820e-14,6.083279843597943378e-14,7.624603762198605552e-14,3.033743206863211837e-14,3.000539229196629361e-14,3.250910531284992438e-14,3.672157085332174801e-14,4.169022110045221119e-14,3.807634058615803722e-14,3.928844960490840983e-14,4.013280858450922763e-14,4.205397197445087719e-14,6.226336141552916102e-14,9.173639844554720101e-14,2.459728040850807424e-14,2.814555316780881202e-14,3.562847213619393793e-14,3.622557115701783723e-14,4.198151885936642090e-14,3.768092109973075067e-14,4.543186353252981932e-14,5.511781385690398784e-14,5.997027294639887403e-14,7.846902860662582305e-14,4.254085771021392607e-14,4.755495414144428857e-14,5.183481472262920024e-14,5.545648880555014667e-14,2.870885570915043234e-14,7.241383352145581607e-14,1.018764102595783979e-13,4.161963845648147433e-14,3.997009056751198962e-14,3.834413726454108135e-14
3.985403624307400254e-14,5.553159392559592174e-14,4.486860402330793782e-14,4.481914521075402427e-14,4.883935290303524308e-14,4.459412579262711457e-14,4.256003077559252183e-14,4.896463735676171819e-14,3.755300855346121663e-14,3.725003828190872000e-14,3.222519934143398665e-14,4.185415989693475642e-14,4.029199572017999749e-14,4.566362848838634352e-14,4.417349899849208667e-14,5.029466477476046377e-14,4.470136024510401471e-14,3.872500368547062383e-14,4.080057656171852783e-14,3.938831670925489094e-14,4.308362028051730590e-14,6.166009162539691157e-14,8.005117148306645462e-14,3.643682991405987432e-14,3.961057001310054940e-14,4.282606716227738489e-14,4.473648950126177180e-14,4.773173063988627125e-14,4.230939904777547313e-14,4.327729803561472236e-14,3.705619056604315401e-14,3.741989107635535585e-14,4.898091871551285365e-14,6.863839125879985940e-14,1.181702030728263366e-13,3.123568554295379041e-14,3.339852963262198714e-14,3.676883116046858943e-14,3.867384446830647153e-14,4.228665518455875933e-14,4.263656709598223502e-14,3.789192468604886292e-14,3.477967155680031104e-14,3.687481228501783351e-14,4.235422753393384581e-14,6.095357824639602846e-14,7.640610479189711773e-14,3.054912276364128727e-14,3.022841140189295359e-14,3.272261843482033959e-14,3.695593053359954083e-14,4.196172676443253071e-14,3.834583216526600759e-14,3.954684972901349801e-14,4.040305659138937068e-14,4.234323673127602545e-14,6.259247792408574115e-14,9.183780154298030823e-14,2.477733678136573852e-14,2.833740341779919118e-14,3.581585881385880303e-14,3.645428147979844695e-14,4.221059331282032253e-14,3.793077912369978998e-14,4.570509013992774557e-14,5.525218707054689235e-14,6.030416321087937711e-14,7.888307601685409747e-14,4.278976546016591436e-14,4.759270334613192137e-14,5.187441175325460663e-14,5.552416646632955226e-14,2.901996155496855643e-14,7.266900858114477575e-14,1.024982867880089714e-13,4.147300397703868331e-14,4.031056517797964189e-14,3.885070686628851706e-14
4.014499193580522939e-14,5.595245076491485402e-14,4.520970891607137108e-14,4.515356775565125931e-14,4.920654761898966410e-14,4.492306274116548225e-14,4.285852481098482542e-14,4.929134223381979424e-14,3.780237734333265810e-14,3.751305675249309353e-14,3.245772094375178916e-14,4.217094062431665592e-14,4.058915764520534668e-14,4.600401851449394840e-14,4.449802547015860859e-14,5.065555920522084559e-14,4.498483450552665706e-14,3.899437411748160994e-14,4.108242919337863428e-14,3.967325300581382694e-14,4.339658145005476445e-14,6.207875157283926319e-14,8.055061543892146720e-14,3.669612322337176645e-14,3.987405111356183571e-14,4.312807080561201502e-14,4.504510631721397548e-14,4.804430718446380456e-14,4.260115444830237923e-14,4.358424616161228779e-14,3.729720479060142383e-14,3.766694960441504515e-14,4.923395485307798533e-14,6.903108769159043996e-14,1.189018273559110271e-13,3.143886044908671814e-14,3.361879811095104111e-14,3.698346278366205201e-14,3.881508793428155654e-14,4.240434752900389519e-14,4.290497406356186748e-14,3.813504766149421686e-14,3.501741994761890004e-14,3.710673729747783779e-14,4.253491884326989861e-14,6.102440254801455632e-14,7.650403914949814163e-14,3.073814166036513557e-14,3.042987418965121148e-14,3.291116998883158448e-14,3.716189490313167601e-14,4.220144521398951211e-14,3.858738144424289235e-14,3.977534011668468420e-14,4.064311968779552119e-14,4.260129201046419307e-14,6.287205604712616890e-14,9.186642362668999574e-14,2.493939983039742947e-14,2.850790198698339952e-14,3.597415859570536496e-14,3.665484793057204721e-14,4.240584583445257485e-14,3.815200297809752876e-14,4.594277332600665541e-14,5.534086350291381856e-14,6.059079802899935237e-14,7.923561517279248317e-14,4.300501543369437530e-14,4.759181889770852919e-14,5.187206699149403250e-14,5.554687870160407380e-14,2.932658319062638512e-14,7.286473940863450870e-14,1.030456142886164572e-13,4.130691467427674123e-14,4.064992506388373889e-14,3.934982707433888527e-14
4.040770404790860659e-14,5.633644389429647501e-14,4.552053133028306410e-14,4.545714176913493335e-14,4.954062911413602129e-14,4.522094791059168049e-14,4.312599895533606742e-14,4.958148754003781071e-14,3.802316028877949562e-14,3.774883373971655460e-14,3.266688042679708228e-14,4.245917797546169206e-14,4.085804823890660100e-14,4.631299447002148777e-14,4.479165446001326510e-14,5.098090337869834080e-14,4.523377417443654805e-14,3.923517992552388361e-14,4.133413690915126193e-14,3.993003212792825457e-14,4.367904322236148518e-14,6.245274342659597822e-14,8.099058201382796170e-14,3.692889334724977117e-14,4.010749859464728972e-14,4.339900172370851070e-14,4.532083751914282088e-14,4.832078337931212317e-14,4.286168390934653408e-14,4.385995635068657279e-14,3.750966386421845252e-14,3.788542375057653932e-14,4.944657123891193886e-14,6.937003032826468074e-14,1.195496889627776850e-13,3.161777182604149665e-14,3.381339258669565072e-14,3.716838857323272590e-14,3.892268089992865529e-14,4.248513846621256226e-14,4.314023262731760512e-14,3.834879860136263782e-14,3.522905328426518652e-14,3.730976116807587165e-14,4.267931095000164746e-14,6.104370511327110461e-14,7.653788096671909849e-14,3.090284159687554832e-14,3.060813217190484848e-14,3.307303920421432219e-14,3.733756144485815153e-14,4.240722455536460324e-14,3.879895688377483929e-14,3.997187374567082379e-14,4.085089466036081611e-14,4.282593160503173924e-14,6.309931150356200825e-14,9.182058808985029955e-14,2.508209902315475854e-14,2.865552279604253032e-14,3.610169670629038267e-14,3.682540013820552837e-14,4.256528669389188953e-14,3.834261599500924916e-14,4.614266520957061759e-14,5.538224938358181534e-14,6.082740794456609186e-14,7.952325307098143885e-14,4.318451825027850990e-14,4.755163486794670301e-14,5.182704503042702187e-14,5.552346958444785950e-14,2.962852415255195057e-14,7.299852426861820008e-14,1.035139353407432399e-13,4.112252116087542073e-14,4.098810173494421103e-14,3.984030451620957947e-14
4.063987009701055699e-14,5.668047490064622628e-14,4.579852611211164164e-14,4.572730873349862470e-14,4.983883317980070607e-14,4.548522752474880834e-14,4.336000185387162419e-14,4.983229481442182032e-14,3.821319933281252136e-14,3.795520741212921741e-14,3.285079363151855490e-14,4.271648139171428706e-14,4.109634478409653719e-14,4.658795196912337485e-14,4.505185280997045921e-14,5.126783104319091523e-14,4.544566475979754921e-14,3.944518075936238740e-14,4.155334750056136949e-14,4.015637523098658141e-14,4.392852720590263163e-14,6.277861175601270177e-14,8.136675788022357702e-14,3.713302260174409611e-14,4.030864094129094484e-14,4.363639345673432414e-14,4.556111749023391574e-14,4.855845838517900446e-14,4.308855351685525114e-14,4.410193731719034980e-14,3.769144886125910656e-14,3.807316592708305595e-14,4.961626336062509173e-14,6.965159733712983816e-14,1.201076787020664719e-13,3.177062140515457658e-14,3.398038763229683989e-14,3.732158970179262008e-14,3.899498032889426706e-14,4.252748119852636556e-14,4.333994485398790355e-14,3.853102173965794673e-14,3.541255399257181277e-14,3.748179755642384090e-14,4.278544439604629196e-14,6.100995514751014708e-14,7.650567422530776522e-14,3.104149272430097907e-14,3.076143127414856503e-14,3.320643286325400051e-14,3.748094494693024274e-14,4.257679491430636453e-14,3.897839124234541055e-14,4.013429520406235427e-14,4.102415403876965615e-14,4.301480148145723246e-14,6.327132022342126802e-14,9.169862012554795684e-14,2.520399476689943062e-14,2.877867564841008720e-14,3.619677365162122750e-14,3.696399125629315396e-14,4.268687164059971796e-14,3.850053874902959308e-14,4.630241390858366476e-14,5.537478326096949929e-14,6.101107208805340488e-14,7.974235072312020601e-14,4.332610506440335292e-14,4.747154355255372579e-14,5.173866866975841026e-14,5.545283582782223467e-14,2.992532690778402231e-14,7.306780691433786736e-14,1.038981664015162472e-13,4.092090108131479702e-14,4.132502063954864477e-14,4.032081641167212811e-14
4.083896354373861993e-14,5.698098534585224021e-14,4.604083073394870223e-14,4.596121223340250700e-14,5.009803963196557348e-14,4.571306382672577349e-14,4.355786125779024551e-14,5.004074080234459533e-14,3.837019199185939252e-14,3.812983916432845583e-14,3.300742959949155556e-14,4.294018401916937956e-14,4.130148802671642967e-14,4.682597976960723299e-14,4.527581177696860679e-14,5.151315241359049572e-14,4.561781823995400676e-14,3.962195596503577934e-14,4.173751467456731690e-14,4.034979074812763660e-14,4.414230124918890190e-14,6.305250063974226141e-14,8.167430061546928093e-14,3.730621892160444209e-14,4.047504551856022518e-14,4.383755200470547779e-14,4.576315105043799248e-14,4.875441182251190807e-14,4.327912286326413263e-14,4.430746133894900584e-14,3.784031030277801835e-14,3.822788799639795382e-14,4.974042268010451232e-14,6.987185723034841607e-14,1.205685729303082243e-13,3.189551773559983254e-14,3.411774558880995074e-14,3.744096315903640276e-14,3.903035270445882009e-14,4.252985829178824819e-14,4.350155898348442799e-14,3.867943149198977739e-14,3.556576582674714827e-14,3.762064607881045334e-14,4.285133665763360431e-14,6.092166385946109529e-14,7.640547216456853396e-14,3.115229316210988957e-14,3.088792098434841610e-14,3.330949724376442640e-14,3.758999054876401664e-14,4.270778198119015798e-14,3.912339302633942462e-14,4.026035377341930304e-14,4.116055889117872565e-14,4.316541231417060804e-14,6.338503465306461534e-14,9.149884338845270592e-14,2.530358699891429506e-14,2.887571681804165314e-14,3.625767843652302594e-14,3.706861104984855376e-14,4.276851642707608476e-14,3.862360178501794618e-14,4.641957836973295276e-14,5.531694460044977602e-14,6.113873441154948472e-14,7.988903886065296263e-14,4.342754235548127063e-14,4.735099540345585342e-14,5.160631856678364906e-14,5.533393040557175785e-14,3.021635062733991557e-14,7.306998887039250735e-14,1.041926071986669825e-13,4.070305143857306969e-14,4.166059560449590384e-14,4.078989308882299516e-14
4.100224150654745003e-14,5.723395782011583954e-14,4.624426909330848275e-14,4.615570355561790875e-14,5.031477624517414557e-14,4.590134151067446211e-14,4.371669402805552026e-14,5.020356976021266848e-14,3.849170340111701250e-14,3.827022327604062022e-14,3.313461902311896490e-14,4.312734749266826623e-14,4.147068914795564128e-14,4.702386521842542684e-14,4.546045391460392305e-14,5.171336195420045425e-14,4.574738713401820755e-14,3.976291499780018698e-14,4.188390882857385194e-14,4.050758274576005930e-14,4.431738726136047680e-14,6.327016350203044313e-14,8.190784985565614725e-14,3.744602504945689302e-14,4.060413079123001206e-14,4.399956552848792048e-14,4.592392427393990919e-14,4.890551688967168962e-14,4.343055591399914000e-14,4.447357359817499153e-14,3.795388078055589175e-14,3.834717351995953423e-14,4.981635376973811190e-14,7.002658526355959785e-14,1.209240289316554430e-13,3.199048784471583424e-14,3.422332830454426974e-14,3.752433618581529265e-14,3.902718743082548485e-14,4.249079324695948843e-14,4.362238352102854329e-14,3.879162553540093975e-14,3.568640471278254214e-14,3.772400567965821557e-14,4.287499750292535891e-14,6.077738960403665548e-14,7.623534092433045333e-14,3.123338136728980057e-14,3.098566528730177239e-14,3.338033174153753319e-14,3.766258855655272987e-14,4.279772259688611151e-14,3.923156005120057887e-14,4.034771849555595237e-14,4.125767371104140670e-14,4.327515424250053244e-14,6.343730154304205799e-14,9.121957288060196041e-14,2.537932527595485679e-14,2.894496112848619079e-14,3.628270274288917504e-14,3.713720063869084977e-14,4.280811263260821718e-14,3.870956029075415909e-14,4.649164504435275121e-14,5.520726138864382960e-14,6.120722168669161710e-14,7.995923511937819429e-14,4.348654820648045694e-14,4.718949744131593457e-14,5.142943111603732110e-14,5.516576463407916231e-14,3.050077962998309575e-14,7.300244117452165490e-14,1.043909519245050296e-13,4.046987785529788098e-14,4.199471600143432828e-14,4.124589447066364359e-14
4.112675433028403369e-14,5.743491771502610507e-14,4.640535658862943246e-14,4.630734887698611390e-14,5.048522398552658244e-14,4.604667593664703090e-14,4.383341832227045936e-14,5.031730811850123282e-14,3.857518039650174399e-14,3.837369859926059258e-14,3.323006452228401916e-14,4.327476817325094593e-14,4.160093854866739044e-14,4.717810137619783413e-14,4.560244184699802137e-14,5.186464820294002336e-14,4.583138079748838946e-14,3.986530997606680276e-14,4.198963002539332831e-14,4.062686127561618932e-14,4.445057100648853303e-14,6.342697509019109480e-14,8.206153997248751655e-14,3.754982970134631802e-14,4.069318071539082750e-14,4.411931623426327954e-14,4.604021758684632871e-14,4.900845583320853669e-14,4.353983409992977065e-14,4.459710366963812719e-14,3.802968961863190590e-14,3.842849208929517980e-14,4.984129284133791406e-14,7.011128175832078660e-14,1.211645761253918211e-13,3.205349064914974127e-14,3.429491079238201207e-14,3.756948237430133786e-14,3.898391022128234192e-14,4.240886142967005809e-14,4.369960347778443181e-14,3.886509992956021281e-14,3.577207160858568560e-14,3.778948994748171722e-14,4.285444482022782911e-14,6.057574071900333653e-14,7.599335976426964416e-14,3.128285010948942385e-14,3.105265538831980914e-14,3.341700395362965251e-14,3.769659073656000925e-14,4.284408207747705305e-14,3.930039500532581326e-14,4.039399495620995147e-14,4.131298316698203951e-14,4.334131365652132687e-14,6.342488031490173832e-14,9.085910224618771251e-14,2.542962031628971972e-14,2.898469544757841025e-14,3.627015564346668087e-14,3.716766862667011654e-14,4.280354427580535891e-14,3.875611047295302042e-14,4.651604594223907966e-14,5.504431594120806847e-14,6.121326246164572300e-14,7.994866125154889596e-14,4.350080978507532298e-14,4.698660977062472118e-14,5.120749417370318308e-14,5.494740795858133934e-14,3.077759961799141724e-14,7.286251423387920298e-14,1.044862995374315307e-13,4.022217963449632258e-14,4.232721287428093951e-14,4.168698063034808910e-14
4.120935707015585296e-14,5.757893524775807629e-14,4.652030629351186387e-14,4.641243775495882944e-14,5.060522365689818953e-14,4.614542305546109450e-14,4.390476756506333936e-14,5.037828106288032607e-14,3.861796749596948275e-14,3.843746205422531496e-14,3.329135249986958752e-14,4.337898486036648288e-14,4.168901640371192246e-14,4.728489539280005754e-14,4.569818849255156728e-14,5.196290523492375047e-14,4.586668339295595987e-14,3.992624987359168519e-14,4.205162267108907717e-14,4.070455434408945803e-14,4.453841360091723738e-14,6.351794509265180280e-14,8.212901246283544743e-14,3.761488068453649475e-14,4.073936077381999115e-14,4.419349394576617983e-14,4.610862061542506517e-14,4.905973722003454701e-14,4.360377119199578922e-14,4.467467875622264116e-14,3.806517908927004883e-14,3.846921524396032947e-14,4.981242732318517068e-14,7.012119170134442597e-14,1.212795973877933478e-13,3.208243192261293906e-14,3.433019634304342840e-14,3.757413895824164541e-14,3.889899659514526265e-14,4.228270094343022633e-14,4.373029820676979935e-14,3.889726575963303793e-14,3.582026692103106165e-14,3.781464386791713305e-14,4.278772085982851748e-14,6.031537856308336165e-14,7.567762146076212305e-14,3.129876170498913056e-14,3.108682381782178844e-14,3.341756579078163727e-14,3.768982765726027755e-14,4.284427281612230788e-14,3.932732251324876801e-14,4.039674331119971659e-14,4.132391021489286457e-14,4.336109146379875657e-14,6.334446207243058563e-14,9.041569327492213425e-14,2.545285676210546797e-14,2.899319338456578873e-14,3.621837877847489923e-14,3.715790838527993187e-14,4.275270503557985435e-14,3.876090715706982773e-14,4.649017769593493236e-14,5.482675082504664572e-14,6.115350684429069945e-14,7.985286013051846110e-14,4.346800131194810627e-14,4.674194343014118419e-14,5.094004452648995877e-14,5.467798829339583278e-14,3.104554718247239211e-14,7.264754741772095066e-14,1.044711600312250597e-13,3.996062916694790309e-14,4.265777161669484818e-14,4.211107011421926489e-14
4.124672720228495465e-14,5.766063817402127925e-14,4.658504316713319228e-14,4.646699955644074203e-14,5.067029089679172939e-14,4.619369685855296105e-14,4.392731112818301200e-14,5.038263630996734358e-14,3.861732767786451441e-14,3.845858767492912286e-14,3.331596984109848261e-14,4.343629348817123010e-14,4.173150977383376342e-14,4.734018503564536940e-14,4.574387497953735737e-14,5.200375269840606130e-14,4.585007769177687307e-14,3.994272068201449892e-14,4.206669646567348372e-14,4.073742633531085109e-14,4.457727015009692759e-14,6.353774172762787730e-14,8.210344089994919170e-14,3.763830330962481346e-14,4.073973960186102512e-14,4.421861661945718765e-14,4.612555407247529595e-14,4.905572002020888278e-14,4.361903465197153050e-14,4.470274393087201750e-14,3.805772545498795023e-14,3.846663746922752244e-14,4.972691909530920193e-14,7.005133185238928334e-14,1.212573279426335369e-13,3.207518280873567860e-14,3.432683598581934073e-14,3.753602771705646245e-14,3.877098570959907812e-14,4.211102277064191858e-14,4.371146464423032544e-14,3.888547062264689680e-14,3.582840990129028255e-14,3.779696501646756393e-14,4.267290984186996900e-14,5.999501675461569397e-14,7.528622756723582771e-14,3.127916641207817246e-14,3.108606240144935725e-14,3.338007252988283524e-14,3.764012918986478438e-14,4.279567692982822890e-14,3.930971088041832364e-14,4.035350018223290298e-14,4.128783852334003496e-14,4.333162629810377155e-14,6.319269145850613556e-14,8.988755371332154256e-14,2.544740858963994745e-14,2.896873243979702572e-14,3.612576263663640976e-14,3.710581807193711055e-14,4.265351743707962213e-14,3.872158514795531497e-14,4.641142404268022472e-14,5.455327196608718159e-14,6.102454983651174820e-14,7.966721701029055068e-14,4.338580512799986026e-14,4.645515359113658614e-14,5.062665970543840689e-14,5.435668822689050562e-14,3.130302795407260697e-14,7.235487698171732316e-14,1.043374722481596247e-13,3.968573959220529963e-14,4.298642390311807544e-14,4.251578906192469669e-14
4.123538739656213172e-14,5.767423187425712777e-14,4.659522429312639922e-14,4.646682574901294108e-14,5.067563800497462745e-14,4.618739263395860580e-14,4.389747973826584113e-14,5.032637282198758085e-14,3.857046670942093150e-14,3.843404978916081436e-14,3.330132416494241766e-14,4.344276753602303597e-14,4.172483486272032208e-14,4.733966111201141504e-14,4.573547405673175568e-14,5.198256204379637337e-14,4.577827249323647089e-14,3.991160956184891108e-14,4.203155156740271187e-14,4.072210104071826989e-14,4.456331370014158601e-14,6.348072205532715150e-14,8.197756109797917367e-14,3.761712302103253572e-14,4.069131418839382218e-14,4.419105562725784362e-14,4.608729638933796105e-14,4.899264211518766970e-14,4.358217143221466475e-14,4.467758735220930829e-14,3.800466303654972001e-14,3.841800041911582478e-14,4.958192956387631252e-14,6.989652206847226089e-14,1.210848542565935788e-13,3.202960086365974928e-14,3.428245067224816113e-14,3.745287781914588145e-14,3.859849405964706111e-14,4.189262046524264044e-14,4.364004383147671363e-14,3.882702307093529066e-14,3.579386130484074118e-14,3.773392738899971990e-14,4.250815597161003592e-14,5.961341971549520735e-14,7.481728222226813639e-14,3.122212274636495704e-14,3.104824268782653371e-14,3.330260337589589337e-14,3.754534660739194224e-14,4.269567112151342060e-14,3.924489666338054407e-14,4.026180265186985821e-14,4.120213733486789882e-14,4.325002060106507084e-14,6.296618983545671668e-14,8.927281380698221350e-14,2.541165633575651278e-14,2.890961277391219976e-14,3.599076326274712736e-14,3.700932228536819256e-14,4.250395280512791481e-14,3.863578262597265402e-14,4.627717998397126378e-14,5.422265114716588055e-14,6.082295637029179892e-14,7.938698170528800655e-14,4.325193400794491241e-14,4.612593306666654195e-14,5.026695040435056473e-14,5.398274068207142836e-14,3.154798622222996620e-14,7.198184318073405638e-14,1.040766221367968735e-13,3.939781302537920521e-14,4.331394056740986930e-14,4.289840247655940152e-14
4.117169132680133905e-14,5.761343767785691704e-14,4.654620622597103903e-14,4.640744210261078034e-14,5.061613456785943217e-14,4.612216225814281515e-14,4.381155243650944480e-14,5.020532251637463295e-14,3.847453051837846559e-14,3.836071661160044937e-14,3.324474124237822362e-14,4.339423332838832412e-14,4.166522048708012418e-14,4.727873838344894235e-14,4.566872730252248191e-14,5.189442531924630207e-14,4.564789429488433517e-14,3.982969807263774091e-14,4.194276969845254424e-14,4.065504972314886952e-14,4.449251643702972065e-14,6.334088355698765895e-14,8.174358360803611881e-14,3.754825914337557627e-14,4.059100518866578786e-14,4.410702171741027759e-14,4.598996913348189231e-14,4.886660572235230419e-14,4.348959709026498886e-14,4.459532470485299004e-14,3.790328316817705791e-14,3.832049091195610628e-14,4.937461035101835019e-14,6.965133994218833200e-14,1.207478470964141311e-13,3.194353330561105285e-14,3.419463280649857573e-14,3.732242716414386487e-14,3.838021207542108146e-14,4.162636167305245183e-14,4.351291539451392786e-14,3.871919129895943736e-14,3.571392216619463511e-14,3.762298156139139400e-14,4.229165917838189793e-14,5.916937093916083334e-14,7.426883831506247816e-14,3.112570200624178907e-14,3.097121930599695622e-14,3.318326530105885898e-14,3.740335394827295070e-14,4.254162395866530306e-14,3.913018350030684925e-14,4.011918755595623418e-14,4.106415969257546473e-14,4.311333645927927224e-14,6.266152764720911981e-14,8.856944224002437991e-14,2.534399315913339181e-14,2.881416274473291054e-14,3.581190244856761551e-14,3.686637356912652873e-14,4.230202787946326022e-14,3.850114164348999913e-14,4.608484594143440092e-14,5.383370214541782284e-14,6.054523715078383015e-14,7.900720915739999014e-14,4.306412764152977478e-14,4.575399173266477833e-14,4.986053568010719025e-14,5.355540251743674679e-14,3.177763097053789609e-14,7.152574420993904330e-14,1.036792972214997351e-13,3.909682852905166946e-14,4.358499539927369780e-14,4.325570313043544393e-14
4.105410838551120428e-14,5.747633214307352130e-14,4.643625375747298948e-14,4.628715174994558837e-14,5.048998495859229109e-14,4.599633919651059293e-14,4.366803131373797113e-14,5.001799132518554227e-14,3.832827237108361037e-14,3.823720230568280108e-14,3.314492574311112655e-14,4.328903328982169207e-14,4.155110194903885414e-14,4.715570337751931490e-14,4.554198650474153972e-14,5.173762687654139428e-14,4.545766201899967783e-14,3.969559901858030059e-14,4.179893135517641132e-14,4.053477452555533257e-14,4.436328162449198761e-14,6.311649426098883737e-14,8.139991538869522724e-14,3.743032900229517693e-14,4.043751439348180823e-14,4.396499709397092781e-14,4.583206972005889806e-14,4.867619002296021182e-14,4.333986247364252037e-14,4.445441356364238837e-14,3.775239914275057223e-14,3.817287873112100979e-14,4.910410074285565477e-14,6.931451524859113518e-14,1.202449299748325442e-13,3.181593422578067204e-14,3.406225200613719318e-14,3.714373075345526643e-14,3.811584388111586881e-14,4.131215889690625374e-14,4.332885494656724603e-14,3.856080155497055367e-14,3.558734633491571987e-14,3.746302130809971539e-14,4.202293176732890548e-14,5.866324383109048737e-14,7.364140999916409859e-14,3.098897420189860910e-14,3.085392288450805896e-14,3.302121424028712331e-14,3.721329355419132708e-14,4.233254821592948393e-14,3.896443060192216635e-14,3.992468240423903371e-14,4.087285783589369194e-14,4.292043349779185459e-14,6.227806226223778313e-14,8.777836286405289027e-14,2.524353937381775871e-14,2.868155476429569624e-14,3.558869503598767470e-14,3.667614653647481808e-14,4.204714030062208493e-14,3.831669801003275425e-14,4.583358102235838585e-14,5.338665992651078661e-14,6.019063063614729831e-14,7.852726000606711853e-14,4.282163929262776580e-14,4.533978321227634209e-14,4.940791543550192540e-14,5.307511240358016228e-14,3.199101424756518079e-14,7.098665967976645075e-14,1.031444675551402886e-13,3.878453522826371615e-14,4.383128644675286686e-14,4.358542331712366556e-14
4.088095755574909642e-14,5.726050444250554005e-14,4.626333573700766013e-14,4.610400307209614934e-14,5.029505670480602566e-14,4.580802791587007745e-14,4.346529135540292772e-14,4.976274906917579147e-14,3.813041420116498220e-14,3.806203875439224316e-14,3.300052196479307991e-14,4.312527128000494233e-14,4.138074345513010106e-14,4.696857744202915668e-14,4.535338792696973079e-14,5.151019102554611494e-14,4.520624513196396367e-14,3.950784503407700211e-14,4.159852488357766214e-14,4.035964535116724932e-14,4.417383027701203561e-14,6.280549361194427848e-14,8.094449405164125081e-14,3.726186676852625672e-14,4.022949622811197830e-14,4.376332714041314700e-14,4.561196541119649881e-14,4.841987073197809703e-14,4.313141363269626448e-14,4.425316193176059029e-14,3.755081037829954170e-14,3.797390751805144242e-14,4.876956564261035905e-14,6.888458693973440312e-14,1.195734390063557021e-13,3.164577419014308193e-14,3.388417670235167532e-14,3.691588197215982886e-14,3.780518727237090783e-14,4.095001566530450775e-14,4.308660891142558134e-14,3.835066953394458824e-14,3.541285416412956811e-14,3.725294672681375630e-14,4.170156765680893787e-14,5.809545510284016515e-14,7.293550333070828644e-14,3.081104881364705130e-14,3.069529301101163337e-14,3.281566103157202886e-14,3.697435960955476220e-14,4.206748093969741189e-14,3.874649463545828063e-14,3.967734558242111128e-14,4.062719957445192434e-14,4.267016365915019650e-14,6.181514376490990714e-14,8.690040796185310045e-14,2.510945146314332744e-14,2.851101463566727629e-14,3.532074418256872966e-14,3.643787226620218396e-14,4.173876107665710689e-14,3.808152170589765121e-14,4.552258301439327850e-14,5.288182204074956096e-14,5.975836394750468336e-14,7.794636315147703649e-14,4.252377944948475177e-14,4.488379346321397290e-14,4.890961659505397108e-14,5.254235123989995557e-14,3.218679076660232718e-14,7.036467124566710196e-14,1.024705097461775673e-13,3.846223623729778761e-14,4.405364698514768542e-14,4.388505138928467275e-14
4.065075106380744301e-14,5.696376778748301257e-14,4.602560368420170354e-14,4.585624362298175299e-14,5.002942541550721167e-14,4.555554010262313476e-14,4.320193499497839565e-14,4.943824746911453548e-14,3.787989721972456900e-14,3.783395540214604482e-14,3.281033780272016614e-14,4.290122672292436946e-14,4.115259801906920975e-14,4.671558528551340719e-14,4.510127615222483761e-14,5.121039445953291729e-14,4.489258417447514353e-14,3.926517992383029479e-14,4.134026336463320763e-14,4.012822846245963867e-14,4.392259441701389055e-14,6.240616431924172676e-14,8.037574212874323925e-14,3.704159676191639758e-14,3.996583560294921429e-14,4.350058344816795407e-14,4.532826950044888724e-14,4.809640452632636342e-14,4.286293001793907180e-14,4.399010337299874037e-14,3.729753738655513228e-14,3.772254083496747691e-14,4.837048076681524872e-14,6.836052660378913080e-14,1.187314268487638704e-13,3.143221085187460119e-14,3.365947243354348805e-14,3.663820647684227504e-14,3.744826316558536028e-14,4.054015598439064555e-14,4.278518385603969666e-14,3.808783952797933688e-14,3.518936202324549759e-14,3.699188369685427556e-14,4.132741853911550391e-14,5.746666578960222735e-14,7.215193927928948725e-14,3.059122474075326994e-14,3.049444611120255283e-14,3.256602403143719557e-14,3.668598138800367580e-14,4.174572502164023917e-14,3.847546664273443114e-14,3.937648565685395664e-14,4.032640640053297368e-14,4.236164197351631420e-14,6.127250890848844624e-14,8.593671195672132026e-14,2.494103430230219799e-14,2.830194614573992532e-14,3.500787328075705248e-14,3.615101393769946050e-14,4.137662397301128708e-14,3.779492228701561101e-14,4.515133995651036390e-14,5.231972655363559337e-14,5.924804212665406604e-14,7.726423580766847718e-14,4.217012947283101557e-14,4.438662777338841043e-14,4.836629865445786134e-14,5.195778646601176183e-14,3.236351704095588317e-14,6.966023779222827301e-14,1.016564520261819028e-13,3.813109572988949703e-14,4.425137448416072322e-14,4.415199500155911148e-14
4.036222087329499350e-14,5.658419686185785154e-14,4.572142381877674085e-14,4.554235073725175103e-14,4.969140822167159282e-14,4.523742436241221809e-14,4.287681715100241792e-14,4.904344386379279918e-14,3.757590123578237296e-14,3.755190224061201709e-14,3.257336632945127948e-14,4.261538464955200452e-14,4.086533484987138340e-14,4.639518608076439237e-14,4.478423330886825221e-14,5.083679647978021417e-14,4.451590956797224772e-14,3.896658140393963482e-14,4.102310782271160890e-14,3.983931212697180251e-14,4.360824490461857263e-14,6.191716119805222934e-14,7.969258927089707530e-14,3.676845649923195333e-14,3.964566815258966539e-14,4.317558937102327493e-14,4.497986607007840180e-14,4.770485096839652063e-14,4.253334820591566745e-14,4.366402318828880617e-14,3.699183970233089667e-14,3.741798110702165137e-14,4.790664060027901702e-14,6.774175280180580698e-14,1.177176779385949700e-13,3.117460464542368902e-14,3.338741912815042987e-14,3.631027441163146990e-14,3.704531427807384945e-14,4.008301908994244671e-14,4.242386425775753260e-14,3.777160186937352131e-14,3.491600216135481317e-14,3.667919987696470318e-14,4.090059537866662123e-14,5.677776712637755245e-14,7.129183474736187655e-14,3.032900343228715996e-14,3.025069190416180507e-14,3.227193985195128254e-14,3.634783344890668432e-14,4.136686136343370483e-14,3.815068858234138270e-14,3.902167367281185744e-14,3.996996738251662585e-14,4.199426230161997845e-14,6.065028186652552878e-14,8.488868671448669676e-14,2.473775430922008725e-14,2.805394232335186489e-14,3.465012856077396555e-14,3.581527638443967203e-14,4.096072927866308056e-14,3.745646131187834112e-14,4.471963827679370934e-14,5.170114040358744252e-14,5.865965183084904844e-14,7.648108108613312899e-14,4.176054805602451583e-14,4.384900079136091348e-14,4.777874248948247269e-14,5.132225936947955806e-14,3.251965161179469120e-14,6.887418161279511464e-14,1.007019772903472929e-13,3.779211145848953096e-14,4.442313754283579869e-14,4.438358221544670558e-14
4.001434936894604633e-14,5.612017688427994087e-14,4.534941653073406332e-14,4.516106868484598857e-14,4.927960553775946868e-14,4.485250189215019055e-14,4.248907394404460037e-14,4.857762883053409579e-14,3.721786538867150685e-14,3.721507542485387820e-14,3.228880950226169288e-14,4.226647190222593861e-14,4.051787141260482223e-14,4.600611135584472625e-14,4.440111398625406112e-14,5.038827591245570818e-14,4.407576232614417186e-14,3.861128643861974680e-14,4.064629330904479263e-14,3.949193606589356016e-14,4.322972419983023865e-14,6.133754830999490243e-14,7.889450630250199388e-14,3.644162238131816317e-14,3.926840229973494908e-14,4.278744948905663912e-14,4.456593850723634299e-14,4.724459759072654387e-14,4.214188879138720239e-14,4.327398878850420411e-14,3.663323483370715774e-14,3.705968987882933764e-14,4.737816669525720524e-14,6.702815088193418379e-14,1.165317548426819530e-13,3.087253472107269612e-14,3.306752908738997451e-14,3.593191242380014898e-14,3.659680258185266954e-14,3.957925320837519323e-14,4.200223169351208906e-14,3.740151132293277931e-14,3.459214405484633042e-14,3.631452124693945047e-14,4.042146897148748743e-14,5.602986702519780213e-14,7.035658589666604860e-14,3.002410170547340508e-14,2.996355029538469737e-14,3.193327345673555167e-14,3.595984533485290191e-14,4.093076124352026722e-14,3.777177063556038817e-14,3.861275546604457248e-14,3.955765342963030699e-14,4.156771400503622805e-14,5.994897649230306914e-14,8.375800110487024858e-14,2.449925230617199275e-14,2.776679601134696324e-14,3.424778042315534073e-14,3.543061501910013054e-14,4.049134676896945275e-14,3.706596468153018905e-14,4.422757091344900240e-14,5.102704780197022699e-14,5.799356651442613211e-14,7.559759032857482275e-14,4.129517722159010883e-14,4.327172662770874540e-14,4.714783943077305752e-14,5.063677272858226365e-14,3.265355713663391647e-14,6.800767650817694457e-14,9.960744178197955586e-14,3.744607308083007191e-14,4.456723670867663869e-14,4.457706697894322196e-14
3.960639663887720465e-14,5.557044955140132585e-14,4.490849334866371652e-14,4.471144289926003123e-14,4.879293952231030271e-14,4.439989868762064065e-14,4.203814688894406305e-14,4.804044778820196461e-14,3.680550433000934309e-14,3.682293908105629947e-14,3.195609887930150365e-14,4.185349064470628964e-14,4.010940234940859501e-14,4.554739940336292058e-14,4.395107640342120781e-14,4.986406319537563639e-14,4.357200866818995277e-14,3.819881230962012082e-14,4.020935038345669385e-14,3.908541725722774920e-14,4.278627526003595155e-14,6.066682906657879223e-14,7.798152808006043504e-14,3.606053185487527115e-14,3.883373637578388208e-14,4.233557458169447098e-14,4.408599293940982808e-14,4.671537881037415283e-14,4.168807849926327869e-14,4.281937566596486407e-14,3.622151240592929464e-14,3.664740334624361718e-14,4.678550831284029482e-14,6.622008223538692307e-14,1.151740291623184214e-13,3.052581094464506264e-14,3.269956076963610542e-14,3.550321030346937836e-14,3.610340113805366744e-14,3.902970348476925908e-14,4.152017815621275026e-14,3.697740043453540749e-14,3.421741173249427926e-14,3.589774361074162822e-14,3.989066403232312880e-14,5.522426849867813596e-14,6.934783888096012595e-14,2.967646040234015209e-14,2.963276457921189630e-14,3.155012349421894503e-14,3.552220574999324596e-14,4.043759242063735266e-14,3.733860327629188116e-14,3.814985812621800417e-14,3.908952568012433469e-14,4.108199255972203810e-14,5.916948858637425094e-14,8.254654366617416167e-14,2.422535341258201439e-14,2.744050655807330317e-14,3.380131960240585620e-14,3.499723946656715106e-14,3.996901217103103353e-14,3.662352941724859027e-14,4.367553833299826153e-14,5.029863120454072558e-14,5.725054190001025132e-14,7.461493242109634203e-14,4.077444242646535679e-14,4.265570334635157855e-14,4.647457422498721946e-14,4.990247102710022218e-14,3.276350078357385057e-14,6.706222477216908553e-14,9.837387746616541563e-14,3.709347405001919821e-14,4.468169681467966889e-14,4.472963803531605750e-14
3.913792351886988981e-14,5.493415350716746320e-14,4.439788943203711833e-14,4.419284928434262600e-14,4.823068794727618711e-14,4.387907308711563376e-14,4.152380244655769296e-14,4.743191732694725968e-14,3.633881990572858237e-14,3.637524289956924415e-14,3.157491272902042611e-14,4.137574794875681186e-14,3.963942409884820783e-14,4.501842536241824342e-14,4.343360918971367455e-14,4.926376738021565237e-14,4.300484981194251860e-14,3.772897335677733517e-14,3.971212207108113714e-14,3.861937156011220437e-14,4.227746596467653725e-14,5.990497000498123738e-14,7.695426997255298347e-14,3.562490138478779411e-14,3.834167124820820447e-14,4.181970200665387958e-14,4.353987684516970210e-14,4.611728974841812607e-14,4.117176762118313683e-14,4.229988873350468158e-14,3.575674399599230554e-14,3.618114355500106359e-14,4.612943913026757508e-14,6.531838843610051484e-14,1.136457047754828758e-13,3.013448199273584788e-14,3.228352857192053204e-14,3.502452359203214351e-14,3.556598396121362524e-14,3.843539902495333642e-14,4.097791471911000322e-14,3.649938852923860755e-14,3.379169703436380751e-14,3.542903985312430053e-14,3.930905061757193260e-14,5.436245100006013198e-14,6.826746799841879193e-14,2.928624928802410448e-14,2.925831092372338656e-14,3.112282390748503770e-14,3.503536286750928695e-14,3.988782097194192350e-14,3.685136497491648490e-14,3.763339229229031517e-14,3.856593955903549345e-14,4.053740564206230027e-14,5.831308524220258757e-14,8.125640077478019597e-14,2.391607354671789912e-14,2.707528292338983659e-14,3.331145029050923940e-14,3.451561318677400402e-14,3.939452050085729630e-14,3.612952633506940464e-14,4.306424567587018141e-14,4.951725400118248574e-14,5.643170811648939939e-14,7.353474088242058663e-14,4.019904797615160151e-14,4.200190143921783745e-14,4.576001234288617681e-14,4.912062493517744808e-14,3.284765344167685300e-14,6.603963570762056159e-14,9.700299004201225293e-14,3.673428896642445419e-14,4.476430072179703653e-14,4.483842497953812281e-14
3.860880916096115333e-14,5.421085900045704084e-14,4.381719118556229033e-14,4.360501825000587763e-14,4.759251225526605313e-14,4.328983756913603976e-14,4.094614512124425911e-14,4.675243370875879524e-14,3.581810674743691592e-14,3.587203411147834200e-14,3.114518844953344106e-14,4.083288041921318078e-14,3.910775424801282992e-14,4.441892550921984908e-14,4.284855221795428849e-14,4.858739601661766396e-14,4.237482425386280038e-14,3.720189169762632899e-14,3.915477443266216201e-14,3.809372972223317913e-14,4.170320754095322315e-14,5.905241534652358512e-14,7.581393176132030682e-14,3.513473905957188166e-14,3.779251645146179917e-14,4.123990963352865853e-14,4.292779069570691484e-14,4.545079222395943558e-14,4.059314084468796982e-14,4.171557725227691508e-14,3.523928677806615693e-14,3.566122341311798403e-14,4.541104573115643712e-14,6.432438388390076916e-14,1.119488252134350858e-13,2.969883825231581945e-14,3.181970706633981264e-14,3.449646989087602161e-14,3.498561023822075193e-14,3.779753426034984985e-14,4.037597298892559184e-14,3.596788432978656996e-14,3.331516730060663980e-14,3.490886093361077537e-14,3.867772891355535120e-14,5.344604424054463691e-14,6.711754237453981994e-14,2.885386675328761668e-14,2.884040286846842822e-14,3.065193995553975369e-14,3.450001834778233171e-14,3.928220596574599787e-14,3.631052340314981350e-14,3.706404767964908831e-14,3.798754191848794774e-14,3.993457198239749387e-14,5.738138418562329480e-14,7.988981940149447043e-14,2.357162188130674402e-14,2.667154199159275114e-14,3.277907780778992783e-14,3.398644704269310608e-14,3.876891259842038041e-14,3.558459622218330895e-14,4.239469221490895738e-14,4.868443621455919499e-14,5.553855192266415804e-14,7.235908831058508439e-14,3.956996601385918355e-14,4.131134678753092378e-14,4.500528130077419723e-14,4.829260875226788108e-14,3.290408800546907775e-14,6.494199385222310912e-14,9.549714112604689702e-14,3.636722650262022174e-14,4.481259773410670704e-14,4.490050640888777420e-14
3.801927520620249426e-14,5.340062204798960849e-14,4.316637528226612917e-14,4.294806905298057675e-14,4.687849928764910155e-14,4.263239024572623646e-14,4.030563732417379719e-14,4.600279036040267459e-14,3.524396132369870673e-14,3.531367386858239751e-14,3.066713783451203469e-14,4.022488811593289970e-14,3.851455806200053348e-14,4.374903247141591895e-14,4.219612671392887855e-14,4.783538722983716665e-14,4.168281596481955821e-14,3.661801267087697894e-14,3.853781266364232075e-14,3.750875943107914932e-14,4.106378116454896152e-14,5.811011967850610741e-14,7.456233222625848127e-14,3.459036143355291633e-14,3.718690063633170207e-14,4.059663683516461545e-14,4.225030707733219682e-14,4.471672867593930992e-14,3.995273430021458229e-14,4.106685722859823342e-14,3.466979020267065273e-14,3.508825504289105890e-14,4.463172248047385982e-14,6.323986714444461823e-14,1.100863574465899677e-13,2.921941588656973317e-14,3.130863715859434491e-14,3.391992740812701171e-14,3.436351121290401346e-14,3.711745414843748400e-14,3.971521146879882284e-14,3.538359178121891318e-14,3.278827587947728768e-14,3.433793955204532275e-14,3.799801769930806420e-14,5.247681244316886728e-14,6.590031116386675905e-14,2.837994022981021366e-14,2.837949689991168577e-14,3.013826528844757203e-14,3.391712352005824570e-14,3.862179807054621056e-14,3.571683984506063660e-14,3.644279172195830890e-14,3.735527173517775063e-14,3.927442470409170915e-14,5.637634564381296579e-14,7.844919715307483204e-14,2.319240299495422141e-14,2.622990701493136044e-14,3.220529800499912840e-14,3.341069482620655969e-14,3.809346529096218723e-14,3.498964862060548028e-14,4.166816586654624503e-14,4.780183846602306899e-14,5.457291051640827314e-14,7.109048388746086770e-14,3.888842921041025427e-14,4.058510947282302928e-14,4.421155905383143773e-14,4.741988634739949614e-14,3.293078520604034156e-14,6.377164403005534479e-14,9.385937832429894031e-14,3.598498847779863601e-14,4.482392041336029303e-14,4.491292625186569053e-14
3.737087636767606725e-14,5.250607092170786718e-14,4.244718652170552361e-14,4.222382398767389210e-14,4.609074783532274919e-14,4.190858230512739500e-14,3.960414162461689243e-14,4.518544564930819327e-14,3.461802006435523322e-14,3.470164575867542062e-14,3.014187920228348170e-14,3.955332151994985456e-14,3.786138382949992611e-14,4.301063576844824303e-14,4.147816791304134322e-14,4.701012991541203087e-14,4.093103389650610557e-14,3.597895449327196055e-14,3.786301280822587805e-14,3.686601425397079892e-14,4.036098269203955497e-14,5.708161741027752018e-14,7.320500627279633144e-14,3.399317908267043070e-14,3.652659548799199162e-14,3.989175066079891227e-14,4.150948854266439212e-14,4.391749261278785885e-14,3.925243448292743156e-14,4.035561222309193304e-14,3.404989183046112988e-14,3.446387594986794801e-14,4.379411548976325119e-14,6.206917982780156317e-14,1.080688963286688465e-13,2.869748975980596947e-14,3.075170256631797226e-14,3.329662950947804243e-14,3.370155564614082313e-14,3.639715679000424462e-14,3.899769706244134696e-14,3.474822349543017118e-14,3.221242598644085783e-14,3.371794674594539315e-14,3.727206486304728680e-14,5.145755195943947466e-14,6.461964482385630957e-14,2.786576478573503865e-14,2.787677193767905843e-14,2.958328407994202881e-14,3.328845066981966547e-14,3.790869876056380234e-14,3.507208133320996801e-14,3.577155102659176931e-14,3.667109499248759077e-14,3.855904470593992091e-14,5.530166757187340227e-14,7.693898527581199854e-14,2.277932808862015415e-14,2.575157058981594964e-14,3.159183985554433793e-14,3.279010169397255578e-14,3.737033082478499972e-14,3.434649455457041562e-14,4.088706783338771818e-14,4.687202900598293637e-14,5.353832103325742680e-14,6.973410672686971833e-14,3.815663206537812762e-14,3.982476695369798687e-14,4.338062859131259126e-14,4.650469962866147836e-14,3.292642134981098937e-14,6.253270102160933547e-14,9.209776802900315081e-14,3.558835597710220373e-14,4.479748409457469828e-14,4.487369302090723729e-14
3.666591990571061067e-14,5.153118728435926743e-14,4.166233601266724284e-14,4.143504128858962977e-14,4.523244278308341640e-14,4.112117685532168755e-14,3.884430612250081786e-14,4.430377353161333279e-14,3.394251846597513173e-14,3.403807818881622254e-14,2.957106471812323490e-14,3.882059077872621352e-14,3.715055740645929921e-14,4.220658732587537910e-14,4.069740368210011806e-14,4.611507158005062973e-14,4.012242857770258314e-14,3.528700535549588498e-14,3.713287045411172069e-14,3.616777638505028597e-14,3.959745146982168852e-14,5.597180567924966413e-14,7.174938823481751838e-14,3.334523314426534046e-14,3.581402486105822104e-14,3.912791768412756225e-14,4.070822758626573094e-14,4.305633518176930961e-14,3.849488761424115986e-14,3.958454548132710613e-14,3.338179997272508669e-14,3.379031472893568046e-14,4.290156020436361454e-14,6.081799940908425744e-14,1.059107190803892965e-13,2.813477451090415076e-14,3.015078277625331846e-14,3.262880314303525261e-14,3.300196734503220110e-14,3.563899650020071237e-14,3.822617841623668713e-14,3.406407253219538658e-14,3.158957489168419928e-14,3.305109602345761848e-14,3.650247957365317299e-14,5.039160613320564033e-14,6.328026539042498848e-14,2.731303389519126692e-14,2.733383955091500304e-14,2.898888629167534637e-14,3.261624449367209390e-14,3.714560313104419880e-14,3.437859250586128576e-14,3.505279926276188770e-14,3.593756192828991187e-14,3.779116118526088648e-14,5.416197332562344012e-14,7.536471819797759688e-14,2.233362288740741228e-14,2.523806889727439615e-14,3.094079261193369326e-14,3.212686885912866522e-14,3.660215081543256243e-14,3.365746277929445339e-14,4.005441841494332591e-14,4.589805889458398828e-14,5.243923040788155492e-14,6.829652060052120196e-14,3.737730821446777157e-14,3.903216882784820318e-14,4.251459789126278706e-14,4.554970405367833242e-14,3.289007528672381948e-14,6.123020773687255016e-14,9.022288020882097800e-14,3.520665478582255887e-14,4.473333724328952569e-14,4.478148359861252367e-14
3.590636861989971604e-14,5.047904229316738097e-14,4.081400271755689508e-14,4.058397580746811424e-14,4.430612504282681647e-14,4.027245489942428120e-14,3.802839696354424612e-14,4.336063282215701134e-14,3.321944527214684069e-14,3.332483580975746209e-14,2.895617195377786766e-14,3.802867098328448800e-14,3.638404045023760035e-14,4.133921143479276744e-14,3.985609649561537142e-14,4.515303704785835259e-14,3.925956835158321718e-14,3.454416534061531925e-14,3.634955027143649512e-14,3.541600182553346727e-14,3.877540329201054684e-14,5.478464061680255921e-14,7.020135426620442173e-14,3.264831428073457368e-14,3.505132402443850797e-14,3.830741207455026036e-14,3.984899089887978332e-14,4.213603685742262854e-14,3.768237462263403985e-14,3.875595200029701581e-14,3.266749093972179250e-14,3.306955739005756532e-14,4.195697073731396465e-14,5.949099893608533844e-14,1.036224160507019568e-13,2.753284907606633116e-14,2.950758620012864528e-14,3.191846464714039335e-14,3.226674908262960406e-14,3.484506366789700882e-14,3.740306994724152517e-14,3.333318751901954258e-14,3.092147691948722923e-14,3.233937885373055550e-14,3.569159148990278665e-14,4.928179780517135935e-14,6.188606587099404538e-14,2.672331860233635435e-14,2.675218751375522266e-14,2.835681277822174469e-14,3.190253988260867972e-14,3.633490722858406084e-14,3.363846906630042721e-14,3.428875352541421927e-14,3.515694646981274426e-14,3.697318404056125902e-14,5.296118395498307553e-14,7.373082956168176381e-14,2.185645812216967802e-14,2.469084407544614536e-14,3.025405956903061939e-14,3.142299633870594654e-14,3.579128498378900341e-14,3.292465227505574984e-14,3.917288167227850061e-14,4.488254073996019139e-14,5.127942257211689095e-14,6.678311177036694683e-14,3.655289289358910975e-14,3.820887643292708811e-14,4.161523472882343122e-14,4.455714368338664752e-14,3.282052295890856967e-14,5.986837131512049570e-14,8.824294065265079074e-14,3.483998769737938392e-14,4.463070436394316940e-14,4.463470028615346931e-14
3.509384755038923831e-14,4.935186177399659348e-14,3.990386747749437914e-14,3.967240343605711472e-14,4.331373014308257283e-14,3.936423427560874295e-14,3.715829719821006204e-14,4.235836078542715214e-14,3.245052577738562024e-14,3.256351414897164933e-14,2.829849882643481299e-14,3.717912673107248177e-14,3.556344123892974380e-14,4.041033111416932577e-14,3.895606024011693576e-14,4.412624801084670242e-14,3.834461930890111714e-14,3.375213922458146233e-14,3.551487921691395750e-14,3.461232385338683234e-14,3.789664085166167423e-14,5.352315802308543512e-14,6.856525218330451745e-14,3.190395812722981138e-14,3.424032454866134818e-14,3.743211635494214138e-14,3.893381655466356293e-14,4.115889548605194043e-14,3.681680543249575753e-14,3.787172154363783180e-14,3.190868947461831746e-14,3.230332999019774560e-14,4.096279908740719318e-14,5.809182810238334825e-14,1.012110761167491047e-13,2.689313619333805989e-14,2.882363148703869019e-14,3.116738985814275106e-14,3.149763880004142525e-14,3.401713589630343995e-14,3.653042976737335815e-14,3.255735158763919264e-14,3.020967020229059415e-14,3.158454114106603750e-14,3.484140576582558539e-14,4.813035686883421462e-14,6.044002231539714325e-14,2.609804314005884842e-14,2.613316188091086622e-14,2.768862597601321489e-14,3.114912914789296427e-14,3.547867564424668051e-14,3.285353460865340770e-14,3.348134314323691173e-14,3.433121726535460073e-14,3.610717765144497739e-14,5.170246563051923078e-14,7.204054206602897533e-14,2.134893039746526558e-14,2.411121890424059038e-14,2.953331876262366644e-14,3.068024951712096773e-14,3.493976822486382100e-14,3.214990204209482889e-14,3.824472583864274676e-14,4.382758384330961289e-14,5.006197053773240231e-14,6.519803948504953847e-14,3.568548211632733797e-14,3.735610565339126599e-14,4.068390326761990813e-14,4.352878487129839364e-14,3.271620845767913597e-14,5.845048670238493194e-14,8.616385874976173568e-14,3.448771050316427135e-14,4.448807742699562223e-14,4.443138436575938176e-14
3.422968453632310637e-14,4.815116713184410274e-14,3.893319143386171317e-14,3.870168927850091233e-14,4.225668091441283190e-14,3.839793168927464321e-14,3.623555516355432083e-14,4.129883381495355887e-14,3.163723799374046769e-14,3.175546845303677562e-14,2.759918336092668981e-14,3.627317627247724151e-14,3.469005891178396683e-14,3.942135100038712296e-14,3.799873030460396305e-14,4.303641169483513006e-14,3.737938511847960416e-14,3.291237131063781549e-14,3.463038682410462910e-14,3.375809775423549798e-14,3.696261231479855184e-14,5.218959055253573578e-14,6.684412460085234011e-14,3.111346714622163553e-14,3.338258468438572638e-14,3.650357375262389432e-14,3.796436868146706581e-14,4.012678137123296333e-14,3.589976320542364791e-14,3.693339277463497424e-14,3.110688857828816666e-14,3.149312134280558994e-14,3.992107039010256454e-14,5.662323737736771349e-14,9.868091741739877004e-14,2.621690443713987718e-14,2.810025976617979002e-14,3.037712524309827873e-14,3.069611398354160072e-14,3.315668655995360020e-14,3.560999240781128865e-14,3.173810342079142601e-14,2.945549654753995908e-14,3.078809972022698560e-14,3.395361606835006628e-14,4.693895882680029144e-14,5.894432049179924264e-14,2.543848543743188359e-14,2.547797304498290733e-14,2.698571220150575486e-14,3.035757109073240664e-14,3.457866335156474533e-14,3.202536079990914142e-14,3.263222649020031109e-14,3.346205853725407175e-14,3.519488956990272510e-14,5.038829711289447511e-14,7.029607055519341520e-14,2.081205343640206024e-14,2.350038967803225915e-14,2.878001842229836015e-14,2.990016020219302727e-14,3.404932452097463374e-14,3.133480476800675222e-14,3.727185022305377517e-14,4.273482537506836693e-14,4.878930340453306493e-14,6.354436963017535159e-14,3.477683216581492125e-14,3.647474244394548416e-14,3.972158277254835910e-14,4.246595141768498459e-14,3.257519754319674377e-14,5.697901598831743801e-14,8.398960219461406744e-14,3.414903408277639469e-14,4.430319449462668375e-14,4.416914177382786645e-14
3.331471793234457024e-14,4.687744025619329953e-14,3.790259524343193730e-14,3.767256799800704418e-14,4.113562656892358870e-14,3.737433729077414657e-14,3.526112119188768846e-14,4.018312681591885100e-14,3.078061364673076869e-14,3.090161424444345711e-14,2.685904564641757917e-14,3.531148462742047138e-14,3.376469513317213421e-14,3.837297868232946684e-14,3.698489350598122218e-14,4.188438547447694481e-14,3.636498981989074287e-14,3.202581114794402834e-14,3.369704939442994038e-14,3.285417521813596211e-14,3.597416013558608576e-14,5.078491719028484091e-14,6.503884939517914347e-14,3.027774456964254384e-14,3.247913649066737642e-14,3.552271687686039638e-14,3.694163920788055620e-14,3.904079368869054535e-14,3.493223687408096560e-14,3.594188527748466733e-14,3.026312128154011677e-14,3.063995268468569331e-14,3.883298501741394283e-14,5.508640472977821398e-14,9.603141507353938034e-14,2.550511418867141392e-14,2.733844409090652840e-14,2.954874871102490447e-14,2.986311489311935573e-14,3.226456168328709378e-14,3.464287256051470802e-14,3.087649651837657134e-14,2.865990330657123928e-14,2.995110983109137812e-14,3.302928318612376192e-14,4.570813072633140763e-14,5.739928781358963337e-14,2.474561214340777163e-14,2.478753667384864831e-14,2.624908513883767263e-14,2.952894722144698393e-14,3.363601720295028293e-14,3.115502035302936973e-14,3.174252039966154678e-14,3.255059241096628186e-14,3.423745186413613251e-14,4.901987128423648608e-14,6.849706462792604519e-14,2.024666149927718929e-14,2.285929148316480707e-14,2.799516241449133132e-14,2.908381465539951970e-14,3.312105197682026430e-14,3.048045487238778890e-14,3.625542959374255730e-14,4.160491529195686499e-14,4.746263430228957994e-14,6.182319948142890492e-14,3.382811724582253584e-14,3.556492513110036979e-14,3.872839949162002887e-14,4.136897435376036878e-14,3.239500290533304672e-14,5.545480153865698942e-14,8.172066851976385033e-14,3.382298301133112297e-14,4.407276362676601544e-14,4.384494958265544575e-14
3.234947764776682950e-14,4.553056457519948990e-14,3.681231270277743402e-14,3.658537785865835042e-14,3.995075264302752165e-14,3.629385175522580428e-14,3.423561385722643317e-14,3.901186759373955632e-14,2.988139832407055568e-14,3.000260635270384687e-14,2.607871936793511200e-14,3.429439050676755549e-14,3.278783476209141233e-14,3.726555030138995853e-14,3.591498929686413550e-14,4.067056116836966130e-14,3.530218927256738605e-14,3.109313781786375502e-14,3.271554121398252137e-14,3.190113088931607494e-14,3.493178655528982139e-14,4.930938372576385706e-14,6.314920908171260898e-14,2.939742752372884035e-14,3.153072321136690655e-14,3.449014836260352346e-14,3.586625746049601485e-14,3.790161457521096207e-14,3.391488710224305153e-14,3.489777744196127635e-14,2.937816170121310063e-14,2.974458410095699507e-14,3.769930805286390862e-14,5.348169903435313156e-14,9.325986622476912530e-14,2.475852247059552943e-14,2.653894562051264940e-14,2.868307382812296009e-14,2.899928470792774492e-14,3.134127178210754943e-14,3.362984834129813991e-14,2.997331448879343281e-14,2.782361513628665262e-14,2.907436752656382011e-14,3.206912713878067214e-14,4.443784008101568236e-14,5.580459681737337265e-14,2.402019671764256561e-14,2.406259261064986905e-14,2.547953895043832747e-14,2.866406872548036245e-14,3.265155004237801511e-14,3.024330740636716462e-14,3.081304140722486622e-14,3.159763117041459496e-14,3.323566289694843402e-14,4.759771871050577592e-14,6.664240920991292934e-14,1.965344798981196343e-14,2.218867633191625806e-14,2.717947033138938265e-14,2.823201338815986083e-14,3.215570789444624728e-14,2.958766797630193071e-14,3.519625268689421858e-14,4.043802390094580794e-14,4.608256047663625671e-14,6.003463059244285467e-14,3.284010476665427725e-14,3.462644133519967412e-14,3.770407106154517217e-14,4.023774784087821273e-14,3.217250372382260595e-14,5.387788899452206282e-14,7.935601517043860521e-14,3.351169955207210320e-14,4.379228024599545812e-14,4.345481469065308505e-14
3.133384620558826465e-14,4.410921203019599639e-14,3.566177949719326556e-14,3.543965845323645803e-14,3.870130157106859028e-14,3.515607959388826937e-14,3.315890070546066553e-14,3.778470630756857694e-14,2.893973354688883351e-14,2.905851459121379393e-14,2.525839306944474137e-14,3.322153155474215193e-14,3.175930570962695925e-14,3.609856071239503937e-14,3.478866309447642138e-14,3.939431401600028532e-14,3.419089915414763623e-14,3.011439421812734978e-14,3.168583607585172176e-14,3.089889508449614402e-14,3.383523613322283941e-14,4.776175531798090355e-14,6.117257255796583410e-14,2.847259888775314254e-14,3.053741581031068330e-14,3.340571072933256107e-14,3.473802457580132683e-14,3.670898699399767875e-14,3.284762725168301557e-14,3.380087575703648178e-14,2.845218264560252122e-14,2.880716654855930618e-14,3.651980920289465394e-14,5.180768710017231135e-14,9.035852016087627381e-14,2.397744325983409819e-14,2.570202598236759087e-14,2.778030627883427604e-14,2.810459535947645591e-14,3.038655913292927704e-14,3.257092333731109003e-14,2.902871300877099905e-14,2.694682833752976845e-14,2.815806689623377076e-14,3.107308796186400238e-14,4.312669757814052833e-14,5.415787714059744547e-14,2.326257502693498384e-14,2.330346264002181726e-14,2.467736663925413784e-14,2.776313012608274664e-14,3.162531288128468031e-14,2.929037254095721629e-14,2.984391769492571891e-14,3.060327562121643986e-14,3.218955186664879884e-14,4.612086673291614439e-14,6.472820882589439049e-14,1.903280953577624092e-14,2.148890957785515901e-14,2.633307433877018336e-14,2.734496000673768319e-14,3.115327409370064819e-14,2.865661897821366629e-14,3.409422285261764711e-14,3.923315577633048124e-14,4.464826058399607763e-14,5.817651118198429257e-14,3.181278853286306677e-14,3.365817772624173115e-14,3.664728589078100533e-14,3.907100580882973252e-14,3.190354372577924020e-14,5.224644361613373389e-14,7.689084798681826032e-14,3.316175098219299973e-14,4.345521818764498164e-14,4.299327586074188454e-14
3.026909066391688021e-14,4.261511982874195201e-14,3.445241126339396266e-14,3.423683043104116283e-14,3.738881403362378036e-14,3.396243378728280337e-14,3.203230656147362203e-14,3.650309557245586153e-14,2.795674709645908450e-14,2.807051084088510518e-14,2.439909626497102030e-14,3.209423417745755506e-14,3.068039031369145479e-14,3.487345587749408239e-14,3.360731438383917994e-14,3.805721429489948158e-14,3.303238737914446615e-14,2.909078519656642572e-14,3.060919393871607365e-14,2.984871729865566199e-14,3.268587183287646851e-14,4.614385573747764835e-14,5.911103445825850434e-14,2.750441071237116979e-14,2.950040204401302764e-14,3.227074100632637108e-14,3.355831348823601566e-14,3.546430426208162017e-14,3.173175961301982068e-14,3.265253501218051368e-14,2.748627593020760113e-14,2.782881793683240282e-14,3.529555097946981094e-14,5.006601113684000327e-14,8.733020342754878982e-14,2.316280497894679723e-14,2.482868771884223891e-14,2.684140614087367129e-14,2.717955980257577706e-14,2.940076443843626401e-14,3.146730126527546050e-14,2.804379192511185508e-14,2.603061707380350378e-14,2.720325760399832004e-14,3.004187288249802062e-14,4.177458011023291480e-14,5.245896329796086887e-14,2.247360993680040025e-14,2.251106681939688483e-14,2.384341531682501755e-14,2.682704159985901506e-14,3.055836214850568074e-14,2.829730656967021880e-14,2.883616371523203288e-14,2.956859674721911610e-14,3.110027162545680933e-14,4.459037156529096439e-14,6.275365234226772226e-14,1.838549332109706718e-14,2.076076962563554813e-14,2.545661673114458795e-14,2.642353850751025213e-14,3.011454564349049436e-14,2.768829517818213707e-14,3.295034807157620387e-14,3.799035284568601199e-14,4.316086175706022334e-14,5.625010767384940266e-14,3.074707402201520648e-14,3.265958500504530386e-14,3.555744957881001639e-14,3.786840808718773760e-14,3.158475905195464219e-14,5.056090117753830573e-14,7.432721000651024292e-14,3.279440766442414335e-14,4.305689444012434243e-14,4.245628627617061294e-14
2.915618813029069417e-14,4.104978829558900803e-14,3.318537482681869102e-14,3.297804123154523604e-14,3.601456823520202227e-14,3.271404050235591267e-14,3.085682554388247769e-14,3.516810492380698945e-14,2.693322184359188478e-14,2.703945847574566728e-14,2.350158542137444437e-14,3.091357052451865703e-14,2.955208989021835529e-14,3.359140663900093399e-14,3.237205152266963314e-14,3.666051126486895479e-14,3.182752305368245119e-14,2.802319149866897060e-14,2.948653857702806195e-14,2.875155003604732325e-14,3.148475531921693654e-14,4.445713325763980002e-14,5.696626921223843737e-14,2.649371519850907437e-14,2.842051591651229027e-14,3.108624913224621671e-14,3.232814817235763079e-14,3.416856760963926201e-14,3.056824411615498777e-14,3.145378657649808008e-14,2.648118163916079065e-14,2.681030914993845401e-14,3.402711264695699308e-14,4.825781146309152741e-14,8.417759648989378424e-14,2.231521931148207783e-14,2.391960803157996547e-14,2.586694914778912239e-14,2.622424556072712791e-14,2.838374876959920187e-14,3.031979265079358923e-14,2.701928931081873489e-14,2.507573875844795968e-14,2.621062579401877186e-14,2.897572272850357357e-14,4.038075732421166836e-14,5.070701456502063929e-14,2.165383783704682469e-14,2.168602371213815841e-14,2.297817380007003913e-14,2.585631785236903296e-14,2.945133238401150919e-14,2.726482898928124548e-14,2.779038929036786011e-14,2.849426339372023436e-14,2.996857065782291986e-14,4.300672088410150386e-14,6.071721336305570852e-14,1.771197887027899144e-14,2.000471943149586397e-14,2.455032657543425740e-14,2.546823865029448898e-14,2.903985916510823592e-14,2.668329173667604015e-14,3.176517213197984821e-14,3.670908322475702051e-14,4.162094215120075302e-14,5.425608768083183614e-14,2.964341470183302970e-14,3.162960195911034387e-14,3.443342447027143926e-14,3.662904275324824009e-14,3.121244975651731264e-14,4.882104850404425424e-14,7.166668979901678450e-14,3.241137752166074998e-14,4.259225510444210661e-14,4.183946913656279341e-14
2.799528157878307291e-14,3.941356826677785890e-14,3.186091756654582410e-14,3.166350862607640337e-14,3.457883096428055973e-14,3.141109482767597367e-14,2.963254497036383211e-14,3.377974440266886566e-14,2.586913097991449672e-14,2.596543117998785247e-14,2.256594185608219536e-14,2.967975425274695681e-14,2.837456676869020660e-14,3.225263534810972703e-14,3.108305881925958785e-14,3.520438704609130293e-14,3.057620226166394719e-14,2.691166818449915306e-14,2.831792115862618438e-14,2.760751805770243684e-14,3.023204257936791022e-14,4.270169995071447651e-14,5.473818836556654967e-14,2.544059476500844971e-14,2.729773701439328299e-14,2.985233415026390682e-14,3.104759370464761999e-14,3.282174262465818998e-14,2.935713471323795904e-14,3.020474297778178750e-14,2.543683811523510158e-14,2.575160344688794764e-14,3.271400087598109381e-14,4.638271731433293384e-14,8.090075018048634395e-14,2.143462356281537254e-14,2.297474427515746679e-14,2.485670784195096697e-14,2.523788936080740514e-14,2.733447881756192145e-14,2.912827983005836319e-14,2.595512152543675848e-14,2.408220686047897768e-14,2.518005626432615015e-14,2.787395978599680925e-14,3.894325359628533962e-14,4.889962522022038865e-14,2.080313143711090245e-14,2.082830257873823668e-14,2.208141651389417520e-14,2.485066547736898124e-14,2.830393979628492643e-14,2.619282572328455417e-14,2.670633948507948493e-14,2.738006164840126839e-14,2.879427316181723597e-14,4.136903819411732631e-14,5.861552931183630949e-14,1.701221257410275111e-14,1.922060528718048708e-14,2.361365528665652001e-14,2.447875305847769475e-14,2.792863195743014443e-14,2.564137497118909922e-14,3.053823836252620725e-14,3.538767480398544217e-14,4.002776155551978750e-14,5.219339661416269462e-14,2.850132852638453439e-14,3.056622636385137707e-14,3.327304736694967550e-14,3.535088367565721420e-14,3.078216034538598409e-14,4.702513632722073518e-14,6.890860874040995639e-14,3.201121009718680895e-14,4.205519269675732457e-14,4.113749622143707884e-14
2.678518879218190911e-14,3.770496138274088714e-14,3.047780165123670952e-14,3.029196143533028720e-14,3.308024550106949925e-14,3.005230787382721056e-14,2.835813130261888936e-14,3.233638546032990329e-14,2.476319554339745566e-14,2.484726189359732113e-14,2.159117755680031270e-14,2.839161442226006980e-14,2.714664502481842982e-14,3.085584662464281924e-14,2.973905028920311192e-14,3.368734167420712787e-14,2.927683020517358850e-14,2.575497896788524264e-14,2.710203103515550395e-14,2.641543551918959764e-14,2.892645436303152038e-14,4.087559520806395971e-14,5.242401195332791159e-14,2.434391905888644231e-14,2.613072340316056856e-14,2.856766558161008939e-14,2.971521987371301300e-14,3.142219915242011505e-14,2.809707236638595366e-14,2.890407230810582733e-14,2.435194911082073343e-14,2.465141670349994385e-14,3.135411497238288619e-14,4.443807405520732997e-14,7.749570840531821060e-14,2.051991610818399315e-14,2.199294189261831299e-14,2.380923789312732064e-14,2.421850026036480571e-14,2.625060441105628970e-14,2.789122451751348086e-14,2.484994285946374215e-14,2.304887623776768833e-14,2.411020716810050802e-14,2.673454302300863601e-14,3.745826155604306375e-14,4.703208483660327809e-14,1.992034987315579109e-14,1.993686716335653747e-14,2.115183705869188946e-14,2.380857269089226298e-14,2.711451267853212470e-14,2.507990649093198075e-14,2.558245079637437364e-14,2.622443743524969131e-14,2.757579552087854547e-14,3.967441723512563754e-14,5.644252814434125901e-14,1.628531812144698830e-14,1.840733541731168577e-14,2.264489876252285315e-14,2.345357390641099753e-14,2.677891240205360756e-14,2.456105561540671615e-14,2.926759020908411466e-14,3.402277879655734282e-14,3.837861302573597498e-14,5.005841534859372593e-14,2.731893471613911900e-14,2.946606936623928441e-14,3.207264371890236609e-14,3.403026547286789347e-14,3.028826942290241680e-14,4.516914979171266276e-14,6.604888097383766112e-14,3.159090703395253723e-14,4.143800424232696698e-14,4.034351612566007026e-14
2.552261349424077360e-14,3.591949852531531508e-14,2.903239648662719012e-14,2.885974184023786869e-14,3.151484963684277728e-14,2.863401950611633432e-14,2.703000293540079152e-14,3.083382781304049391e-14,2.361217092032318713e-14,2.368181695821672714e-14,2.057460099922449855e-14,2.704575085206180668e-14,2.586500898394775696e-14,2.939731321324730710e-14,2.833639203599694916e-14,3.210520499100991415e-14,2.792548455526981912e-14,2.454984637468936255e-14,2.583540790108581680e-14,2.517202956094257105e-14,2.756442512382754976e-14,3.897360206693961106e-14,5.001677245493971758e-14,2.320063275540520509e-14,2.491605816623679660e-14,2.722864899050371588e-14,2.832723757855606862e-14,2.996580784817668339e-14,2.678446860946569722e-14,2.754815282917939499e-14,2.322328481077792541e-14,2.350650773335614388e-14,2.994287656153667202e-14,4.241769209738180814e-14,7.395229228452758244e-14,1.956836764140041993e-14,2.097130149363009998e-14,2.272120713714940733e-14,2.316220772446230152e-14,2.512776184138433252e-14,2.660487185707182249e-14,2.370043406868219375e-14,2.197277476776030143e-14,2.299782225992843516e-14,2.555334001401063077e-14,3.591917007462699683e-14,4.509615287839191337e-14,1.900277230120107911e-14,1.900910077186474909e-14,2.018645342963996689e-14,2.272664277953632327e-14,2.587922945696692050e-14,2.392268915257448620e-14,2.441513119091740044e-14,2.502375534050863171e-14,2.630936369188219346e-14,3.791683549518773022e-14,5.418797663096170390e-14,1.552912900031363546e-14,1.756235917775178214e-14,2.164057937988400867e-14,2.238933764050709783e-14,2.558664551111677556e-14,2.343889671132690556e-14,2.794895840660011043e-14,3.260848157116128511e-14,3.666776596206348478e-14,4.784358778855393639e-14,2.609220038727320030e-14,2.832361231673434850e-14,3.082621757451437077e-14,3.266101086933919886e-14,2.972329492116989192e-14,4.324560799416275807e-14,6.307816576706001163e-14,3.114594969738074714e-14,4.073047895752269526e-14,3.944818121621177098e-14
2.420076693958404110e-14,3.404778544874533590e-14,2.751709546071573805e-14,2.735923908071464585e-14,2.987436305619681638e-14,2.714864873051602717e-14,2.564088415930425967e-14,2.926366663712435815e-14,2.240959597789674799e-14,2.246272659264927524e-14,1.951070826699145863e-14,2.563506055124715081e-14,2.452280277459518845e-14,2.786928171481547558e-14,2.686757077440850531e-14,3.044941208716356771e-14,2.651444866520170720e-14,2.328964011205036733e-14,2.451106369678138014e-14,2.387058402394868026e-14,2.613861699420124685e-14,3.698517860723071706e-14,4.750270105283642588e-14,2.200450925014094895e-14,2.364692962471313421e-14,2.582796773165053713e-14,2.687598884140310363e-14,2.844435839059127579e-14,2.541207752993511047e-14,2.612959583157979492e-14,2.204445618751890699e-14,2.231043454500225762e-14,2.847169679174803663e-14,4.030965393577711067e-14,7.025025770620216780e-14,1.857458772083078173e-14,1.990406903326419617e-14,2.158621531043372282e-14,2.206210581531720712e-14,2.395833645370021298e-14,2.526185434598481798e-14,2.250005445128584962e-14,2.084793297270871385e-14,2.183652366480351547e-14,2.432283930085384486e-14,3.431483615223727538e-14,4.307788769069001780e-14,1.804510227314756378e-14,1.803979809254299227e-14,1.917956081664754335e-14,2.159842023544020527e-14,2.459077852503587766e-14,2.271454378712095057e-14,2.319749376719197694e-14,2.377099608013908548e-14,2.498763918753258829e-14,3.608523900234717634e-14,5.183491121535438017e-14,1.473936703204869471e-14,1.668075032387545459e-14,2.059435205616188826e-14,2.127966999149722302e-14,2.434437556662192700e-14,2.226829630618891993e-14,2.657432901633793160e-14,3.113472602646691140e-14,3.488460458807942470e-14,4.553500570616668418e-14,2.481360887780259079e-14,2.712987926738159860e-14,2.952400568954731994e-14,3.123287598089777373e-14,2.907663940179101086e-14,4.124143953727835331e-14,5.997864243377241516e-14,3.066971682320024531e-14,3.991825440772104923e-14,3.843787043303685403e-14
2.280668249748841242e-14,3.207169536354528619e-14,2.591723437868442070e-14,2.577583931034731149e-14,2.814285173840845876e-14,2.558167506450326108e-14,2.417698314874713080e-14,2.761010039698911617e-14,2.114334954749864512e-14,2.117790894494304544e-14,1.838902257494325675e-14,2.414586955853379996e-14,2.310690312737654787e-14,2.625686650067128835e-14,2.531820898746508882e-14,2.870363831500287051e-14,2.502934093964717446e-14,2.196181732800188599e-14,2.311579222961234947e-14,2.249829569782937620e-14,2.463502287163332505e-14,3.489041374030472257e-14,4.485610043955687399e-14,2.074372146187538496e-14,2.231055229948177518e-14,2.435173742279976008e-14,2.534699803236549709e-14,2.684246561990688612e-14,2.396620755657093429e-14,2.463436374461254379e-14,2.080351895887106535e-14,2.105112378591740864e-14,2.692496476424101358e-14,3.809200772379678428e-14,6.635173209227181677e-14,1.752850553970062703e-14,1.878046750525162150e-14,2.039248129175373419e-14,2.090597609271917797e-14,2.272902100941787677e-14,2.384845946594762340e-14,2.123660128230612378e-14,1.966309943883117208e-14,2.061444994301944749e-14,2.302961604748677318e-14,3.262616607386356275e-14,4.095334654765191152e-14,1.703751996386056617e-14,1.701919646783801702e-14,1.812067962528976370e-14,2.041208862990559798e-14,2.323573031518530672e-14,2.144313535455779223e-14,2.191687444523018319e-14,2.245320445811131757e-14,2.359702801531801304e-14,3.415977077577460537e-14,4.935454022560069062e-14,1.390803841897541224e-14,1.575341298527810738e-14,1.949485307796523533e-14,2.011292093886073031e-14,2.303869468967245430e-14,2.103710190862275364e-14,2.512913071254224274e-14,2.958419031600225642e-14,3.300996461768663032e-14,4.310764975608962193e-14,2.346954150956923350e-14,2.586980886819370969e-14,2.814961449372642456e-14,2.972847319525633353e-14,2.833210894719641180e-14,3.913378480720098087e-14,5.671765049616744912e-14,3.015211018005467590e-14,3.897956725959810431e-14,3.729116925201240370e-14
2.131524591771851501e-14,2.995591260202803201e-14,2.420424855801564787e-14,2.408114935354854855e-14,2.628931848682821952e-14,2.390492963151747983e-14,2.261171251843245638e-14,2.584282029257151189e-14,1.979020694474545976e-14,1.980406161177917233e-14,1.718929036945990208e-14,2.255156348741558767e-14,2.159185827122609898e-14,2.453114875883442851e-14,2.366043075262531336e-14,2.683631540727106649e-14,2.344271498049665357e-14,2.054222581715741238e-14,2.162418069397211360e-14,2.103039603104665379e-14,2.302652573821928362e-14,3.265102122973020876e-14,4.202791196200906055e-14,1.939543818754207409e-14,2.088242190000009257e-14,2.277317499516952376e-14,2.371240796742171330e-14,2.513067570121964595e-14,2.242051493003339824e-14,2.303535910675651302e-14,1.947763403119354753e-14,1.970545573741997016e-14,2.527331744824798717e-14,3.572315383597615146e-14,6.218434131883976941e-14,1.641086999202524494e-14,1.757986611261553434e-14,1.911768091328952562e-14,1.967118836846606821e-14,2.141534382448913044e-14,2.233853736766003581e-14,1.988676977744938111e-14,1.839665453253908178e-14,1.930898961595311583e-14,2.164866086366069885e-14,3.081844713698368640e-14,3.867894413294583833e-14,1.596133800671176851e-14,1.592859059262424780e-14,1.698997457271062253e-14,1.914532940862356309e-14,2.178867022050972156e-14,2.008494463819354095e-14,2.054929068574268626e-14,2.104579442179101003e-14,2.211167759436591207e-14,3.210333438051303033e-14,4.669481105225341369e-14,1.301985939106408444e-14,1.476307869667660741e-14,1.832088694125077915e-14,1.886710548326622163e-14,2.164453613156547748e-14,1.972228580115958965e-14,2.358594935139102912e-14,2.792528827002635913e-14,3.100794199060956699e-14,4.051474532323442431e-14,2.203441922611068514e-14,2.451635536311990614e-14,2.667359413550067943e-14,2.811636672277480439e-14,2.746236928082813347e-14,3.688059042527746125e-14,5.323348145931017458e-14,2.957640105323346645e-14,3.787799881267138358e-14,3.597105850135328682e-14
1.967310629367621861e-14,2.762515901249747406e-14,2.231724846048064328e-14,2.221474204350809499e-14,2.424774583158560528e-14,2.205851755395556295e-14,2.088875076666678729e-14,2.389781245134929812e-14,1.830114348388178649e-14,1.829180545995885632e-14,1.586853191243492368e-14,2.079543618138308935e-14,1.992355669196851134e-14,2.263058555355093194e-14,2.183498350595373740e-14,2.478045155420903865e-14,2.169676889344409526e-14,1.897973534150676090e-14,1.998245174142994371e-14,1.941430521487603346e-14,2.125553762081451574e-14,3.018602898575889971e-14,3.891481358240847706e-14,1.791125329820718531e-14,1.931080479101304617e-14,2.103552293733660931e-14,2.191326830703501098e-14,2.324684844049769684e-14,2.071925667640444808e-14,2.127513470464743261e-14,1.801864715721488472e-14,1.822464335364472872e-14,2.345542193439732927e-14,3.311583986101397316e-14,5.759556976469307046e-14,1.518109744359889327e-14,1.625873684304517209e-14,1.771498800286601915e-14,1.831087649688050604e-14,1.996682495848965913e-14,2.067703979690665834e-14,1.840145855485217624e-14,1.700288498323440366e-14,1.787255188948172168e-14,2.012801331896727029e-14,2.882052785219364719e-14,3.616527567356204050e-14,1.477726233944668528e-14,1.472849423818642501e-14,1.574586632642345639e-14,1.775141384604258416e-14,2.019632988480338330e-14,1.859046472601460794e-14,1.904445572835057804e-14,1.949715187031194928e-14,2.047725064614958833e-14,2.983873769585750739e-14,4.374935763348776886e-14,1.204260495793268230e-14,1.367348597858450623e-14,1.702838708687281922e-14,1.749621600502084178e-14,2.010971725159952062e-14,1.827554645494628802e-14,2.188751488512824084e-14,2.609316875422632996e-14,2.880370778402942499e-14,3.765892412956431235e-14,2.045484591169248905e-14,2.301446501201592176e-14,2.503598343765842456e-14,2.633232187514315848e-14,2.641401348144290983e-14,3.439509150140535953e-14,4.939691792008602606e-14,2.891078942805357551e-14,3.654295818562772938e-14,3.440404377600211421e-14
1.773902079883178685e-14,2.487984526024105996e-14,2.009479258160931215e-14,2.001651241184604918e-14,2.184316223612942885e-14,1.988380807472093839e-14,1.885917006009849631e-14,2.160602113185472931e-14,1.654672060082377893e-14,1.651055197599616062e-14,1.431301342611905640e-14,1.872716791949697628e-14,1.795869201275421671e-14,2.039211978802592978e-14,1.968495982422077614e-14,2.235876830162793414e-14,1.963903763816981288e-14,1.713918236232669055e-14,1.804846813441771488e-14,1.751086360313429117e-14,1.916961782357244622e-14,2.728147138564471796e-14,3.524425507842224723e-14,1.616312281077804574e-14,1.745910101653519339e-14,1.898867628436243376e-14,1.979376831762224710e-14,2.102695216963276733e-14,1.871510498576666377e-14,1.920173493135979230e-14,1.629948088087120160e-14,1.647989343790177182e-14,2.131005019830813633e-14,3.004030175512974940e-14,5.218294716526897648e-14,1.373209587959625781e-14,1.470217807689576505e-14,1.606109671108996242e-14,1.670227951165048219e-14,1.825145374462227497e-14,1.871879099122750507e-14,1.665112913114049152e-14,1.536100982959504292e-14,1.617963879890199612e-14,1.833138634964337229e-14,2.644683468647756941e-14,3.317908449233488581e-14,1.338171587752734625e-14,1.331465216209414558e-14,1.427889475653358772e-14,1.610738636045462752e-14,1.831848242874569989e-14,1.682913838043111865e-14,1.726997020698309537e-14,1.767131459877997805e-14,1.855054040750922160e-14,2.716337765279608007e-14,4.024113156258933702e-14,1.089123552561850390e-14,1.238910566723974716e-14,1.550173976037954876e-14,1.587921917436130690e-14,1.829725630191554372e-14,1.656969321780562943e-14,1.988327160444457236e-14,2.391857050309050693e-14,2.620073414193595469e-14,3.428458127615327641e-14,1.859050362873079103e-14,2.122098736577010318e-14,2.308085560707288754e-14,2.420903242723876360e-14,2.505225293113294413e-14,3.145035999762722564e-14,4.486789886314484630e-14,2.807784871896783025e-14,3.479754096529990997e-14,3.240268452896926858e-14
0.000000000000000000e+00,0.000000000000000000e+00,0.000000000000000000e+00,0.000000000000000000e+00,0.000000000000000000e+00,0.000000000000000000e+00,0.000000000000000000e+00,0.000000000000000000e+00,0.000000000000000000e+00,0.000000000000000000e+00,0.000000000000000000e+00,0.000000000000000000e+00,0.000000000000000000e+00,0.000000000000000000e+00,0.000000000000000000e+00,0.000000000000000000e+00,0.000000000000000000e+00,0.000000000000000000e+00,0.000000000000000000e+00,0.000000000000000000e+00,0.000000000000000000e+00,0.000000000000000000e+00,0.000000000000000000e+00,0.000000000000000000e+00,0.000000000000000000e+00,0.000000000000000000e+00,0.000000000000000000e+00,0.000000000000000000e+00,0.000000000000000000e+00,0.000000000000000000e+00,0.000000000000000000e+00,0.000000000000000000e+00,0.000000000000000000e+00,0.000000000000000000e+00,0.000000000000000000e+00,0.000000000000000000e+00,0.000000000000000000e+00,0.000000000000000000e+00,0.000000000000000000e+00,0.000000000000000000e+00,0.000000000000000000e+00,0.000000000000000000e+00,0.000000000000000000e+00,0.000000000000000000e+00,0.000000000000000000e+00,0.000000000000000000e+00,0.000000000000000000e+00,0.000000000000000000e+00,0.000000000000000000e+00,0.000000000000000000e+00,0.000000000000000000e+00,0.000000000000000000e+00,0.000000000000000000e+00,0.000000000000000000e+00,0.000000000000000000e+00,0.000000000000000000e+00,0.000000000000000000e+00,0.000000000000000000e+00,0.000000000000000000e+00,0.000000000000000000e+00,0.000000000000000000e+00,0.000000000000000000e+00,0.000000000000000000e+00,0.000000000000000000e+00,0.000000000000000000e+00,0.000000000000000000e+00,0.000000000000000000e+00,0.000000000000000000e+00,0.000000000000000000e+00,0.000000000000000000e+00,0.000000000000000000e+00,0.000000000000000000e+00,0.000000000000000000e+00,0.000000000000000000e+00,0.000000000000000000e+00,0.000000000000000000e+00,0.000000000000000000e+00,0.000000000000000000e+00
