Command: /project/lhansen/HMC_rep26_robust_mac/amazon-carbon-prices/.venv/bin/python pysrc/scripts/run_mpc_hmc_job.py --id 998 --xi 10000 --b 10 --trig 0 --type unconstrained
Working directory: /project/lhansen/HMC_rep26_robust_mac/amazon-carbon-prices
Program starts Wed May 27 14:37:01 CDT 2026

Running MPC-HMC job: xi=10000 pe=16.9 id=998 trig=0 type=unconstrained
MPC-HMC command: /project/lhansen/HMC_rep26_robust_mac/amazon-carbon-prices/.venv/bin/python -u pysrc/mpc/mpc_hmc.py --id 998 --pe 16.9 --xi 10000 --trig 0 --type unconstrained
MPC-HMC child starts Wed May 27 14:37:04 2026
unconstrained price used
Time 1: 2
Optimization Iteration[1/20000]

Solving the optimization problem...
Set parameter TokenServer to value "licenses.rcc.uchicago.edu"
Read LP format model from file /scratch/local/jobs/50183984/tmpkq8ayzlj.pyomo.lp
Reading time = 1.35 seconds
x1: 258121 rows, 502401 columns, 1259970 nonzeros
Set parameter Threads to value 8
Set parameter BarConvTol to value 1e-12
Gurobi Optimizer version 11.0.0 build v11.0.0rc2 (linux64 - "CentOS Linux 8")

CPU model: Intel(R) Xeon(R) Gold 6248R CPU @ 3.00GHz, instruction set [SSE2|AVX|AVX2|AVX512]
Thread count: 48 physical cores, 48 logical processors, using up to 8 threads

Optimize a model with 258121 rows, 502401 columns and 1259970 nonzeros
Model fingerprint: 0xdd0752b9
Model has 3166 quadratic objective terms
Coefficient statistics:
  Matrix range     [1e+00, 1e+03]
  Objective range  [5e-07, 6e+01]
  QObjective range [3e-01, 3e+03]
  Bounds range     [3e-04, 1e+00]
  RHS range        [6e-07, 5e+00]
Presolve removed 131481 rows and 128813 columns
Presolve time: 0.64s
Presolved: 126640 rows, 373588 columns, 743932 nonzeros
Presolved model has 3166 quadratic objective terms
Ordering time: 0.16s

Barrier statistics:
 AA' NZ     : 3.709e+05
 Factor NZ  : 3.905e+06 (roughly 230 MB of memory)
 Factor Ops : 2.623e+08 (less than 1 second per iteration)
 Threads    : 8

                  Objective                Residual
Iter       Primal          Dual         Primal    Dual     Compl     Time
   0  -1.08858788e+09  8.63517693e+08  7.80e+04 1.14e-13  1.00e+06     1s
   1  -5.56263661e+08  5.07989261e+08  1.69e+04 1.44e+02  2.23e+05     1s
   2  -2.82031746e+08  2.82005618e+08  2.13e+02 8.69e-01  3.96e+03     1s
   3  -6.55810453e+07  6.62006951e+07  1.78e+00 1.45e-12  2.85e+02     1s
   4  -1.25970961e+07  1.32341190e+07  1.55e-01 5.57e-12  5.34e+01     2s
   5  -2.28979746e+06  2.53915544e+06  1.15e-02 1.22e-12  9.76e+00     2s
   6  -3.33753879e+05  3.83063074e+05  1.15e-08 7.84e-13  1.44e+00     2s
   7  -4.98732823e+04  6.21668838e+04  1.71e-13 6.66e-13  2.25e-01     2s
   8  -7.52111958e+03  8.98045647e+03  5.04e-14 1.82e-13  3.32e-02     2s
   9  -1.20079458e+03  1.47335651e+03  1.67e-14 2.84e-14  5.38e-03     2s
  10  -1.85196299e+02  1.85435871e+02  9.16e-15 2.66e-14  7.46e-04     2s
  11  -5.35722975e+01  7.24094150e+01  2.51e-15 7.11e-14  2.53e-04     2s
  12  -1.57852678e+01  2.96288629e+01  8.57e-16 2.84e-14  9.14e-05     2s
  13  -4.19385639e+00  1.55624247e+01  3.73e-16 2.13e-14  3.97e-05     2s
  14  -9.02916239e-01  1.15527453e+01  2.24e-16 1.42e-14  2.51e-05     3s
  15   1.27324183e+00  9.42092644e+00  1.44e-16 1.42e-14  1.64e-05     3s
  16   3.05236097e+00  7.63094842e+00  9.84e-17 1.42e-14  9.21e-06     3s
  17   3.94533307e+00  6.86626608e+00  9.03e-17 1.42e-14  5.88e-06     3s
  18   4.58194657e+00  6.38156467e+00  9.15e-17 1.42e-14  3.62e-06     3s
  19   5.07050186e+00  6.05627454e+00  1.86e-16 1.42e-14  1.98e-06     3s
  20   5.31939940e+00  5.91283883e+00  1.35e-16 1.42e-14  1.19e-06     3s
  21   5.44826550e+00  5.84435706e+00  1.21e-16 2.13e-14  7.97e-07     3s
  22   5.56464608e+00  5.78625523e+00  1.25e-16 2.13e-14  4.46e-07     3s
  23   5.59471742e+00  5.77253940e+00  1.15e-16 1.42e-14  3.58e-07     3s
  24   5.63802862e+00  5.75336130e+00  2.34e-16 2.13e-14  2.32e-07     3s
  25   5.68313085e+00  5.73443380e+00  2.50e-16 2.13e-14  1.03e-07     3s
  26   5.69972219e+00  5.72768719e+00  3.66e-16 2.84e-14  5.63e-08     4s
  27   5.70621499e+00  5.72518237e+00  4.03e-16 1.42e-14  3.82e-08     4s
  28   5.71370951e+00  5.72235631e+00  5.01e-16 2.13e-14  1.74e-08     4s
  29   5.71772070e+00  5.72085841e+00  7.83e-16 2.84e-14  6.31e-09     4s
  30   5.71901400e+00  5.72038982e+00  9.75e-15 1.42e-14  2.77e-09     4s
  31   5.71991333e+00  5.72006721e+00  6.06e-15 2.84e-14  3.10e-10     4s
  32   5.72001719e+00  5.72003005e+00  4.73e-15 2.13e-14  2.59e-11     4s
  33   5.72002611e+00  5.72002686e+00  5.14e-15 2.13e-14  1.52e-12     4s
  34   5.72002666e+00  5.72002667e+00  9.30e-15 2.13e-14  1.08e-14     4s
  35   5.72002667e+00  5.72002667e+00  1.33e-14 2.84e-14  3.35e-17     4s

Barrier solved model in 35 iterations and 4.39 seconds (3.78 work units)
Optimal objective 5.72002667e+00

objective value: 5.720026665352869
Done! Time elapsed: 26.434362173080444 seconds.
g_0_1: 1.000006483839177
g_1_1: 1.0000035163238756
g_1_2: 1.000009950369853
g_2_1: 1.0000059273555484
g_2_2: 1.0000167999845224
g_2_3: 1.000005945973836
g_2_4: 1.0000168562873482
Parameters from last iteration: [0.174 0.707 0.174 0.707 0.174 0.707 0.174]

Parameters from current iteration:
                [0.17400113 0.70700249 0.17400173 0.70700419 0.17400292 0.7070042
 0.17400293]


                Percentage Error = 1.685628734821223e-05
                
year done: 1
Time 2: 2
Optimization Iteration[1/20000]

Solving the optimization problem...
Set parameter TokenServer to value "licenses.rcc.uchicago.edu"
Read LP format model from file /scratch/local/jobs/50183984/tmpue5_a2eo.pyomo.lp
Reading time = 1.37 seconds
x1: 258121 rows, 502401 columns, 1259970 nonzeros
Set parameter Threads to value 8
Set parameter BarConvTol to value 1e-12
Gurobi Optimizer version 11.0.0 build v11.0.0rc2 (linux64 - "CentOS Linux 8")

CPU model: Intel(R) Xeon(R) Gold 6248R CPU @ 3.00GHz, instruction set [SSE2|AVX|AVX2|AVX512]
Thread count: 48 physical cores, 48 logical processors, using up to 8 threads

Optimize a model with 258121 rows, 502401 columns and 1259970 nonzeros
Model fingerprint: 0xcaf784d4
Model has 3166 quadratic objective terms
Coefficient statistics:
  Matrix range     [1e+00, 1e+03]
  Objective range  [5e-07, 6e+01]
  QObjective range [3e-01, 3e+03]
  Bounds range     [3e-04, 1e+00]
  RHS range        [6e-16, 5e+00]
Presolve removed 131481 rows and 128813 columns
Presolve time: 0.61s
Presolved: 126640 rows, 373588 columns, 743932 nonzeros
Presolved model has 3166 quadratic objective terms
Ordering time: 0.16s

Barrier statistics:
 AA' NZ     : 3.709e+05
 Factor NZ  : 3.905e+06 (roughly 230 MB of memory)
 Factor Ops : 2.623e+08 (less than 1 second per iteration)
 Threads    : 8

                  Objective                Residual
Iter       Primal          Dual         Primal    Dual     Compl     Time
   0  -1.08859167e+09  8.63521478e+08  7.80e+04 1.14e-13  1.00e+06     1s
   1  -5.56261825e+08  5.07988063e+08  1.69e+04 1.44e+02  2.23e+05     1s
   2  -2.82028545e+08  2.82002379e+08  2.13e+02 8.69e-01  3.96e+03     1s
   3  -6.55788147e+07  6.61984517e+07  1.78e+00 1.68e-12  2.85e+02     1s
   4  -1.25933137e+07  1.32301963e+07  1.55e-01 4.80e-12  5.34e+01     2s
   5  -2.28918618e+06  2.53840126e+06  1.14e-02 1.48e-12  9.76e+00     2s
   6  -3.33770916e+05  3.83557360e+05  1.14e-08 8.68e-13  1.44e+00     2s
   7  -4.99160395e+04  6.24047913e+04  1.36e-13 5.97e-13  2.26e-01     2s
   8  -7.53129446e+03  9.00606202e+03  6.27e-14 1.82e-13  3.33e-02     2s
   9  -1.20355209e+03  1.47967122e+03  2.66e-14 3.15e-14  5.40e-03     2s
  10  -2.01091090e+02  1.86978059e+02  6.25e-15 2.84e-14  7.81e-04     2s
  11  -5.68151945e+01  8.25603391e+01  2.00e-15 7.11e-14  2.80e-04     2s
  12  -1.83192062e+01  3.44542909e+01  8.56e-16 2.13e-14  1.06e-04     2s
  13  -4.00875038e+00  1.53442198e+01  4.94e-16 1.42e-14  3.89e-05     2s
  14   8.81771935e-02  1.05246111e+01  2.24e-16 1.42e-14  2.10e-05     2s
  15   2.13869744e+00  8.73650572e+00  1.21e-16 1.42e-14  1.33e-05     3s
  16   3.76192008e+00  7.35621235e+00  1.03e-16 1.42e-14  7.23e-06     3s
  17   4.31135704e+00  6.91939673e+00  8.70e-17 1.42e-14  5.25e-06     3s
  18   5.01613221e+00  6.40476949e+00  8.01e-17 1.42e-14  2.79e-06     3s
  19   5.06104577e+00  6.37268706e+00  6.42e-17 2.13e-14  2.64e-06     3s
  20   5.18167946e+00  6.28735818e+00  8.17e-17 1.42e-14  2.22e-06     3s
  21   5.49833333e+00  6.09278974e+00  1.02e-16 1.42e-14  1.20e-06     3s
  22   5.60474838e+00  6.01619797e+00  1.45e-16 1.42e-14  8.28e-07     3s
  23   5.77879424e+00  5.93672260e+00  2.00e-16 1.42e-14  3.18e-07     3s
  24   5.82926425e+00  5.91571887e+00  2.52e-16 1.42e-14  1.74e-07     3s
  25   5.87264976e+00  5.89824140e+00  3.70e-16 2.84e-14  5.15e-08     3s
  26   5.88372117e+00  5.89398480e+00  4.35e-16 2.84e-14  2.06e-08     3s
  27   5.88849390e+00  5.89223181e+00  1.89e-15 2.84e-14  7.52e-09     4s
  28   5.89029024e+00  5.89158862e+00  8.70e-16 1.42e-14  2.61e-09     4s
  29   5.89108841e+00  5.89130393e+00  1.16e-15 2.84e-14  4.34e-10     4s
  30   5.89120261e+00  5.89126328e+00  2.24e-15 1.42e-14  1.22e-10     4s
  31   5.89123611e+00  5.89125136e+00  2.56e-15 2.13e-14  3.07e-11     4s
  32   5.89124720e+00  5.89124741e+00  2.31e-15 2.84e-14  4.20e-13     4s
  33   5.89124735e+00  5.89124736e+00  1.48e-14 2.13e-14  1.27e-14     4s
  34   5.89124735e+00  5.89124736e+00  1.02e-14 2.13e-14  4.20e-15     4s
  35   5.89124736e+00  5.89124736e+00  3.45e-15 1.42e-14  9.89e-16     4s
  36   5.89124736e+00  5.89124736e+00  1.82e-15 1.14e-13  5.45e-16     4s
  37   5.89124736e+00  5.89124736e+00  1.10e-15 7.11e-14  4.10e-16     4s
  38   5.89124736e+00  5.89124736e+00  7.63e-16 2.84e-14  1.88e-16     5s
  39   5.89124736e+00  5.89124736e+00  5.50e-16 2.13e-14  1.31e-16     5s
  40   5.89124736e+00  5.89124736e+00  7.77e-16 1.42e-14  5.93e-17     5s

Barrier solved model in 40 iterations and 4.80 seconds (4.25 work units)
Optimal objective 5.89124736e+00

objective value: 5.891247355853496
Done! Time elapsed: 25.21582865715027 seconds.
g_0_1: 1.0000061067528243
g_1_1: 1.0000033453576085
g_1_2: 1.0000094742677628
g_2_1: 1.00000568492082
g_2_2: 1.0000161084750265
g_2_3: 1.0000057048143083
g_2_4: 1.0000161697749077
Parameters from last iteration: [0.17400113 0.70700249 0.17400173 0.70700419 0.17400292 0.7070042
 0.17400293]

Parameters from current iteration:
                [0.17400106 0.70700237 0.17400165 0.70700402 0.1740028  0.70700403
 0.17400281]


                Percentage Error = 6.914978787435813e-07
                
year done: 2
Time 3: 2
Optimization Iteration[1/20000]

Solving the optimization problem...
Set parameter TokenServer to value "licenses.rcc.uchicago.edu"
Read LP format model from file /scratch/local/jobs/50183984/tmpwcfh75q1.pyomo.lp
Reading time = 1.38 seconds
x1: 258121 rows, 502401 columns, 1259970 nonzeros
Set parameter Threads to value 8
Set parameter BarConvTol to value 1e-12
Gurobi Optimizer version 11.0.0 build v11.0.0rc2 (linux64 - "CentOS Linux 8")

CPU model: Intel(R) Xeon(R) Gold 6248R CPU @ 3.00GHz, instruction set [SSE2|AVX|AVX2|AVX512]
Thread count: 48 physical cores, 48 logical processors, using up to 8 threads

Optimize a model with 258121 rows, 502401 columns and 1259970 nonzeros
Model fingerprint: 0x24d890d4
Model has 3166 quadratic objective terms
Coefficient statistics:
  Matrix range     [1e+00, 1e+03]
  Objective range  [5e-07, 6e+01]
  QObjective range [3e-01, 3e+03]
  Bounds range     [3e-04, 1e+00]
  RHS range        [6e-16, 5e+00]
Presolve removed 131482 rows and 128814 columns
Presolve time: 0.55s
Presolved: 126639 rows, 373587 columns, 743930 nonzeros
Presolved model has 3166 quadratic objective terms
Ordering time: 0.16s

Barrier statistics:
 AA' NZ     : 3.709e+05
 Factor NZ  : 4.212e+06 (roughly 240 MB of memory)
 Factor Ops : 3.974e+08 (less than 1 second per iteration)
 Threads    : 8

                  Objective                Residual
Iter       Primal          Dual         Primal    Dual     Compl     Time
   0  -1.08859142e+09  8.63521232e+08  7.80e+04 1.14e-13  1.00e+06     1s
   1  -6.35727201e+08  5.82242057e+08  1.87e+04 1.60e+02  2.62e+05     1s
   2  -3.24154028e+08  3.24097980e+08  2.36e+02 1.04e+00  4.64e+03     1s
   3  -7.58894116e+07  7.65480410e+07  1.96e+00 1.85e-12  3.30e+02     1s
   4  -1.46594583e+07  1.53488028e+07  1.71e-01 4.01e-12  6.20e+01     1s
   5  -2.69919533e+06  2.98679611e+06  1.34e-02 1.25e-12  1.15e+01     1s
   6  -3.92865299e+05  4.48562393e+05  1.34e-08 9.64e-13  1.69e+00     2s
   7  -5.87498176e+04  7.36935418e+04  1.12e-13 8.07e-13  2.66e-01     2s
   8  -8.84281226e+03  1.05763931e+04  7.52e-14 2.38e-13  3.91e-02     2s
   9  -1.40709049e+03  1.73786572e+03  2.57e-14 3.69e-14  6.33e-03     2s
  10  -2.30656489e+02  2.30645567e+02  7.03e-15 2.84e-14  9.28e-04     2s
  11  -6.39637648e+01  8.81063589e+01  2.35e-15 3.55e-14  3.06e-04     2s
  12  -2.06069564e+01  3.92251016e+01  1.42e-15 1.42e-14  1.20e-04     2s
  13  -1.69443775e+00  1.01922162e+01  5.32e-16 1.42e-14  2.39e-05     2s
  14   3.39043689e+00  7.30818368e+00  2.10e-16 2.84e-14  7.88e-06     3s
  15   4.82603117e+00  6.46690166e+00  1.87e-16 2.84e-14  3.30e-06     3s
  16   5.52464618e+00  6.15224081e+00  8.50e-16 2.84e-14  1.26e-06     3s
  17   5.80551069e+00  6.01656293e+00  8.20e-16 1.42e-14  4.25e-07     3s
  18   5.90111888e+00  5.97844118e+00  4.61e-16 2.84e-14  1.56e-07     3s
  19   5.90798032e+00  5.97587352e+00  4.10e-16 2.84e-14  1.37e-07     3s
  20   5.93818655e+00  5.96460228e+00  4.18e-16 1.42e-14  5.31e-08     3s
  21   5.94857975e+00  5.96081072e+00  2.32e-15 1.42e-14  2.46e-08     3s
  22   5.94987948e+00  5.96034082e+00  1.71e-15 1.42e-14  2.10e-08     3s
  23   5.95437837e+00  5.95872191e+00  5.42e-16 1.42e-14  8.74e-09     4s
  24   5.95674306e+00  5.95787244e+00  8.32e-16 2.84e-14  2.27e-09     4s
  25   5.95734208e+00  5.95765767e+00  1.90e-15 2.84e-14  6.35e-10     4s
  26   5.95753783e+00  5.95758806e+00  2.18e-15 1.42e-14  1.01e-10     4s
  27   5.95756657e+00  5.95757784e+00  2.09e-15 1.42e-14  2.27e-11     4s
  28   5.95757473e+00  5.95757494e+00  1.54e-15 2.84e-14  4.22e-13     4s
  29   5.95757488e+00  5.95757489e+00  1.14e-14 1.42e-14  2.68e-14     4s
  30   5.95757488e+00  5.95757489e+00  7.84e-14 2.13e-14  9.55e-15     4s
  31   5.95757488e+00  5.95757489e+00  2.57e-14 2.84e-14  2.17e-15     4s
  32   5.95757488e+00  5.95757489e+00  2.09e-14 2.13e-14  8.24e-16     4s
  33   5.95757488e+00  5.95757489e+00  2.05e-14 1.42e-14  6.81e-16     4s
  34   5.95757489e+00  5.95757489e+00  1.08e-14 2.84e-14  3.22e-16     4s
  35   5.95757489e+00  5.95757489e+00  1.11e-14 1.42e-14  2.16e-16     5s
  36   5.95757489e+00  5.95757489e+00  1.05e-14 1.42e-14  1.22e-16     5s
  37   5.95757489e+00  5.95757489e+00  5.92e-15 1.42e-14  6.94e-17     5s

Barrier solved model in 37 iterations and 4.70 seconds (4.51 work units)
Optimal objective 5.95757489e+00

objective value: 5.9575748851827734
Done! Time elapsed: 25.349998712539673 seconds.
g_0_1: 1.0000057759432786
g_1_1: 1.000003203423798
g_1_2: 1.0000090656577971
g_2_1: 1.0000054743938247
g_2_2: 1.0000155040347778
g_2_3: 1.0000054930722544
g_2_4: 1.0000155595024947
Parameters from last iteration: [0.17400106 0.70700237 0.17400165 0.70700402 0.1740028  0.70700403
 0.17400281]

Parameters from current iteration:
                [0.17400101 0.70700226 0.17400158 0.70700387 0.1740027  0.70700388
 0.17400271]


                Percentage Error = 6.102625452558845e-07
                
year done: 3
Time 4: 2
Optimization Iteration[1/20000]

Solving the optimization problem...
Set parameter TokenServer to value "licenses.rcc.uchicago.edu"
Read LP format model from file /scratch/local/jobs/50183984/tmpyf3osp60.pyomo.lp
Reading time = 1.35 seconds
x1: 258121 rows, 502401 columns, 1259970 nonzeros
Set parameter Threads to value 8
Set parameter BarConvTol to value 1e-12
Gurobi Optimizer version 11.0.0 build v11.0.0rc2 (linux64 - "CentOS Linux 8")

CPU model: Intel(R) Xeon(R) Gold 6248R CPU @ 3.00GHz, instruction set [SSE2|AVX|AVX2|AVX512]
Thread count: 48 physical cores, 48 logical processors, using up to 8 threads

Optimize a model with 258121 rows, 502401 columns and 1259970 nonzeros
Model fingerprint: 0xe14381dd
Model has 3166 quadratic objective terms
Coefficient statistics:
  Matrix range     [1e+00, 1e+03]
  Objective range  [5e-07, 6e+01]
  QObjective range [3e-01, 3e+03]
  Bounds range     [3e-04, 1e+00]
  RHS range        [6e-16, 5e+00]
Presolve removed 131482 rows and 128814 columns
Presolve time: 0.55s
Presolved: 126639 rows, 373587 columns, 743930 nonzeros
Presolved model has 3166 quadratic objective terms
Ordering time: 0.16s

Barrier statistics:
 AA' NZ     : 3.709e+05
 Factor NZ  : 4.212e+06 (roughly 240 MB of memory)
 Factor Ops : 3.974e+08 (less than 1 second per iteration)
 Threads    : 8

                  Objective                Residual
Iter       Primal          Dual         Primal    Dual     Compl     Time
   0  -1.08859120e+09  8.63521013e+08  7.80e+04 1.13e-13  1.00e+06     1s
   1  -6.35727217e+08  5.82241998e+08  1.87e+04 1.60e+02  2.62e+05     1s
   2  -3.24154167e+08  3.24098080e+08  2.36e+02 1.04e+00  4.64e+03     1s
   3  -7.58882019e+07  7.65468208e+07  1.96e+00 1.83e-12  3.30e+02     1s
   4  -1.46561951e+07  1.53454368e+07  1.71e-01 4.71e-12  6.20e+01     1s
   5  -2.69869871e+06  2.98618238e+06  1.34e-02 1.24e-12  1.15e+01     1s
   6  -3.92823013e+05  4.48642444e+05  1.34e-08 7.86e-13  1.69e+00     2s
   7  -5.87427422e+04  7.36755995e+04  1.22e-13 7.23e-13  2.66e-01     2s
   8  -8.84306202e+03  1.05796019e+04  6.39e-14 2.55e-13  3.91e-02     2s
   9  -1.40748832e+03  1.73832203e+03  1.97e-14 3.89e-14  6.33e-03     2s
  10  -2.33925874e+02  2.28350972e+02  9.04e-15 2.84e-14  9.30e-04     2s
  11  -4.90630682e+01  7.26002414e+01  2.32e-15 4.26e-14  2.45e-04     2s
  12  -1.44677967e+01  2.58457878e+01  1.07e-15 2.13e-14  8.11e-05     2s
  13  -1.49907151e-01  1.05961072e+01  5.52e-16 1.42e-14  2.16e-05     2s
  14   3.58031085e+00  7.20581585e+00  2.37e-16 2.84e-14  7.29e-06     3s
  15   4.70476857e+00  6.51275502e+00  8.15e-17 1.42e-14  3.64e-06     3s
  16   5.35848149e+00  6.17978080e+00  6.72e-17 1.42e-14  1.65e-06     3s
  17   5.62080431e+00  6.06507912e+00  1.11e-16 1.42e-14  8.94e-07     3s
  18   5.79167869e+00  5.99556643e+00  1.84e-16 2.84e-14  4.10e-07     3s
  19   5.86298511e+00  5.96830562e+00  8.62e-16 1.42e-14  2.12e-07     3s
  20   5.90269525e+00  5.95342509e+00  5.74e-16 1.42e-14  1.02e-07     3s
  21   5.91912288e+00  5.94744814e+00  2.89e-16 1.42e-14  5.70e-08     3s
  22   5.93118420e+00  5.94301966e+00  4.46e-16 1.42e-14  2.38e-08     3s
  23   5.93492997e+00  5.94164180e+00  7.20e-16 1.42e-14  1.35e-08     3s
  24   5.93831496e+00  5.94042026e+00  2.48e-15 2.84e-14  4.24e-09     3s
  25   5.93945959e+00  5.94000827e+00  8.80e-16 1.42e-14  1.10e-09     3s
  26   5.93980144e+00  5.93988643e+00  2.73e-15 2.84e-14  1.71e-10     4s
  27   5.93985222e+00  5.93986835e+00  1.74e-15 2.84e-14  3.24e-11     4s
  28   5.93986277e+00  5.93986460e+00  1.78e-15 2.84e-14  3.68e-12     4s
  29   5.93986410e+00  5.93986413e+00  3.41e-15 1.42e-14  6.44e-14     4s
  30   5.93986411e+00  5.93986412e+00  3.91e-14 2.13e-14  2.40e-14     4s
  31   5.93986412e+00  5.93986412e+00  6.10e-14 1.42e-14  5.40e-15     4s
  32   5.93986412e+00  5.93986412e+00  3.84e-14 1.42e-14  1.70e-15     4s
  33   5.93986412e+00  5.93986412e+00  3.34e-14 1.42e-14  1.54e-15     4s
  34   5.93986412e+00  5.93986412e+00  3.02e-14 1.42e-14  7.56e-16     4s
  35   5.93986412e+00  5.93986412e+00  1.93e-14 1.42e-14  4.75e-16     4s
  36   5.93986412e+00  5.93986412e+00  2.18e-14 1.42e-14  2.21e-16     4s
  37   5.93986412e+00  5.93986412e+00  1.05e-14 1.42e-14  1.22e-16     4s
  38   5.93986412e+00  5.93986412e+00  8.90e-15 1.42e-14  7.68e-17     5s

Barrier solved model in 38 iterations and 4.57 seconds (4.27 work units)
Optimal objective 5.93986412e+00

objective value: 5.939864119066913
Done! Time elapsed: 25.326700925827026 seconds.
g_0_1: 1.0000054988608236
g_1_1: 1.0000030800912745
g_1_2: 1.0000087095536123
g_2_1: 1.0000052825382455
g_2_2: 1.0000149643152216
g_2_3: 1.0000052963276544
g_2_4: 1.0000150065065543
Parameters from last iteration: [0.17400101 0.70700226 0.17400158 0.70700387 0.1740027  0.70700388
 0.17400271]

Parameters from current iteration:
                [0.17400096 0.70700218 0.17400152 0.70700373 0.1740026  0.70700374
 0.17400261]


                Percentage Error = 5.529873361789251e-07
                
year done: 4
Time 5: 2
Optimization Iteration[1/20000]

Solving the optimization problem...
Set parameter TokenServer to value "licenses.rcc.uchicago.edu"
Read LP format model from file /scratch/local/jobs/50183984/tmp7pm5omzw.pyomo.lp
Reading time = 1.34 seconds
x1: 258121 rows, 502401 columns, 1259970 nonzeros
Set parameter Threads to value 8
Set parameter BarConvTol to value 1e-12
Gurobi Optimizer version 11.0.0 build v11.0.0rc2 (linux64 - "CentOS Linux 8")

CPU model: Intel(R) Xeon(R) Gold 6248R CPU @ 3.00GHz, instruction set [SSE2|AVX|AVX2|AVX512]
Thread count: 48 physical cores, 48 logical processors, using up to 8 threads

Optimize a model with 258121 rows, 502401 columns and 1259970 nonzeros
Model fingerprint: 0x525330de
Model has 3166 quadratic objective terms
Coefficient statistics:
  Matrix range     [1e+00, 1e+03]
  Objective range  [5e-07, 6e+01]
  QObjective range [3e-01, 3e+03]
  Bounds range     [3e-04, 1e+00]
  RHS range        [6e-16, 5e+00]
Presolve removed 131482 rows and 128814 columns
Presolve time: 0.56s
Presolved: 126639 rows, 373587 columns, 743930 nonzeros
Presolved model has 3166 quadratic objective terms
Ordering time: 0.16s

Barrier statistics:
 AA' NZ     : 3.709e+05
 Factor NZ  : 4.212e+06 (roughly 240 MB of memory)
 Factor Ops : 3.974e+08 (less than 1 second per iteration)
 Threads    : 8

                  Objective                Residual
Iter       Primal          Dual         Primal    Dual     Compl     Time
   0  -1.08859101e+09  8.63520826e+08  7.80e+04 1.13e-13  1.00e+06     1s
   1  -6.35727232e+08  5.82241948e+08  1.87e+04 1.60e+02  2.62e+05     1s
   2  -3.24154287e+08  3.24098166e+08  2.36e+02 1.04e+00  4.64e+03     1s
   3  -7.58871488e+07  7.65457585e+07  1.96e+00 1.45e-12  3.30e+02     1s
   4  -1.46533522e+07  1.53425039e+07  1.71e-01 5.53e-12  6.20e+01     1s
   5  -2.69826617e+06  2.98564754e+06  1.34e-02 1.22e-12  1.15e+01     2s
   6  -3.92784015e+05  4.48699286e+05  1.34e-08 1.05e-12  1.69e+00     2s
   7  -5.87368801e+04  7.36627912e+04  1.30e-13 6.22e-13  2.66e-01     2s
   8  -8.84344497e+03  1.05827205e+04  7.16e-14 2.52e-13  3.91e-02     2s
   9  -1.40792242e+03  1.73872362e+03  1.88e-14 3.62e-14  6.33e-03     2s
  10  -2.33225522e+02  2.26872010e+02  8.12e-15 2.26e-14  9.26e-04     2s
  11  -5.03423065e+01  7.66754137e+01  3.47e-15 2.49e-14  2.56e-04     2s
  12  -1.44305159e+01  2.52083155e+01  9.46e-16 1.42e-14  7.97e-05     2s
  13  -7.66626751e-01  9.44302172e+00  4.42e-16 1.42e-14  2.05e-05     2s
  14   3.68906583e+00  6.71240171e+00  2.75e-16 2.84e-14  6.08e-06     3s
  15   4.77598782e+00  6.26654059e+00  1.81e-16 1.42e-14  3.00e-06     3s
  16   5.06465955e+00  6.14886891e+00  1.68e-16 1.42e-14  2.18e-06     3s
  17   5.37950734e+00  6.05174061e+00  9.43e-17 2.84e-14  1.35e-06     3s
  18   5.55627886e+00  6.00320676e+00  1.35e-16 1.42e-14  8.99e-07     3s
  19   5.71983242e+00  5.94577816e+00  1.74e-16 2.13e-14  4.55e-07     3s
  20   5.81859397e+00  5.90480999e+00  1.66e-16 1.42e-14  1.73e-07     3s
  21   5.83109003e+00  5.89968030e+00  4.17e-16 2.84e-14  1.38e-07     3s
  22   5.85720017e+00  5.88930383e+00  1.71e-16 1.42e-14  6.46e-08     3s
  23   5.86951214e+00  5.88457724e+00  3.70e-16 2.13e-14  3.03e-08     3s
  24   5.87407036e+00  5.88282990e+00  8.40e-16 1.42e-14  1.76e-08     3s
  25   5.87904154e+00  5.88102641e+00  6.83e-16 2.84e-14  3.99e-09     3s
  26   5.88000570e+00  5.88068088e+00  4.31e-16 1.42e-14  1.36e-09     3s
  27   5.88039478e+00  5.88054271e+00  2.21e-15 2.84e-14  2.98e-10     4s
  28   5.88048696e+00  5.88050998e+00  1.10e-15 2.84e-14  4.63e-11     4s
  29   5.88050072e+00  5.88050509e+00  6.52e-16 2.84e-14  8.79e-12     4s
  30   5.88050382e+00  5.88050399e+00  7.12e-16 1.42e-14  3.42e-13     4s
  31   5.88050393e+00  5.88050395e+00  2.94e-15 2.84e-14  4.50e-14     4s
  32   5.88050394e+00  5.88050395e+00  1.40e-14 2.84e-14  1.37e-14     4s
  33   5.88050395e+00  5.88050395e+00  1.11e-14 1.42e-14  3.28e-15     4s
  34   5.88050395e+00  5.88050395e+00  9.52e-15 1.42e-14  1.45e-15     4s
  35   5.88050395e+00  5.88050395e+00  7.65e-15 1.42e-14  1.15e-15     4s
  36   5.88050395e+00  5.88050395e+00  7.54e-15 1.42e-14  5.46e-16     4s
  37   5.88050395e+00  5.88050395e+00  5.53e-15 1.42e-14  2.40e-16     4s
  38   5.88050395e+00  5.88050395e+00  4.44e-15 2.13e-14  1.45e-16     5s
  39   5.88050395e+00  5.88050395e+00  2.08e-15 1.42e-14  9.46e-17     5s

Barrier solved model in 39 iterations and 4.66 seconds (4.31 work units)
Optimal objective 5.88050395e+00

objective value: 5.880503947958467
Done! Time elapsed: 26.95925259590149 seconds.
g_0_1: 1.0000052627594602
g_1_1: 1.0000029645575343
g_1_2: 1.0000083832968696
g_2_1: 1.0000051056848391
g_2_2: 1.0000144763989405
g_2_3: 1.0000051234489968
g_2_4: 1.0000145201376063
Parameters from last iteration: [0.17400096 0.70700218 0.17400152 0.70700373 0.1740026  0.70700374
 0.17400261]

Parameters from current iteration:
                [0.17400092 0.7070021  0.17400146 0.70700361 0.17400252 0.70700362
 0.17400253]


                Percentage Error = 4.879089799087754e-07
                
year done: 5
Time 6: 2
Optimization Iteration[1/20000]

Solving the optimization problem...
Set parameter TokenServer to value "licenses.rcc.uchicago.edu"
Read LP format model from file /scratch/local/jobs/50183984/tmps0uw3kt0.pyomo.lp
Reading time = 1.35 seconds
x1: 258121 rows, 502401 columns, 1259970 nonzeros
Set parameter Threads to value 8
Set parameter BarConvTol to value 1e-12
Gurobi Optimizer version 11.0.0 build v11.0.0rc2 (linux64 - "CentOS Linux 8")

CPU model: Intel(R) Xeon(R) Gold 6248R CPU @ 3.00GHz, instruction set [SSE2|AVX|AVX2|AVX512]
Thread count: 48 physical cores, 48 logical processors, using up to 8 threads

Optimize a model with 258121 rows, 502401 columns and 1259970 nonzeros
Model fingerprint: 0x1c853459
Model has 3166 quadratic objective terms
Coefficient statistics:
  Matrix range     [1e+00, 1e+03]
  Objective range  [5e-07, 6e+01]
  QObjective range [3e-01, 3e+03]
  Bounds range     [3e-04, 1e+00]
  RHS range        [6e-16, 5e+00]
Presolve removed 131482 rows and 128814 columns
Presolve time: 0.54s
Presolved: 126639 rows, 373587 columns, 743930 nonzeros
Presolved model has 3166 quadratic objective terms
Ordering time: 0.16s

Barrier statistics:
 AA' NZ     : 3.709e+05
 Factor NZ  : 4.212e+06 (roughly 240 MB of memory)
 Factor Ops : 3.974e+08 (less than 1 second per iteration)
 Threads    : 8

                  Objective                Residual
Iter       Primal          Dual         Primal    Dual     Compl     Time
   0  -1.08859085e+09  8.63520665e+08  7.80e+04 1.14e-13  1.00e+06     1s
   1  -6.35727245e+08  5.82241905e+08  1.87e+04 1.60e+02  2.62e+05     1s
   2  -3.24154390e+08  3.24098240e+08  2.36e+02 1.04e+00  4.64e+03     1s
   3  -7.58862389e+07  7.65448405e+07  1.96e+00 1.57e-12  3.30e+02     1s
   4  -1.46508971e+07  1.53399710e+07  1.70e-01 3.99e-12  6.20e+01     1s
   5  -2.69789268e+06  2.98518572e+06  1.34e-02 1.64e-12  1.15e+01     1s
   6  -3.92745578e+05  4.48721569e+05  1.34e-08 7.78e-13  1.69e+00     2s
   7  -5.87291821e+04  7.36393458e+04  1.49e-13 6.17e-13  2.66e-01     2s
   8  -8.84306569e+03  1.05831099e+04  7.95e-14 2.54e-13  3.91e-02     2s
   9  -1.40819153e+03  1.73893044e+03  2.48e-14 4.97e-14  6.33e-03     2s
  10  -2.31700080e+02  2.31006204e+02  6.33e-15 1.44e-14  9.31e-04     2s
  11  -4.06347496e+01  5.00727586e+01  2.30e-15 2.84e-14  1.82e-04     2s
  12  -1.01562974e+01  1.78205265e+01  1.00e-15 2.13e-14  5.63e-05     2s
  13   3.22787114e-01  8.98295034e+00  4.64e-16 1.42e-14  1.74e-05     2s
  14   3.04399305e+00  7.09816730e+00  2.69e-16 1.42e-14  8.16e-06     3s
  15   4.07453597e+00  6.54899408e+00  1.28e-16 1.47e-14  4.98e-06     3s
  16   4.86727111e+00  6.16701065e+00  1.02e-16 1.42e-14  2.61e-06     3s
  17   5.26946468e+00  5.98993738e+00  8.76e-17 1.42e-14  1.45e-06     3s
  18   5.48244195e+00  5.90231339e+00  1.50e-16 1.42e-14  8.45e-07     3s
  19   5.58233937e+00  5.86993253e+00  2.37e-16 2.13e-14  5.79e-07     3s
  20   5.71226789e+00  5.81599152e+00  7.23e-16 1.42e-14  2.09e-07     3s
  21   5.71960685e+00  5.81293625e+00  6.39e-16 1.42e-14  1.88e-07     3s
  22   5.75499311e+00  5.79866890e+00  2.58e-16 1.42e-14  8.79e-08     3s
  23   5.77002490e+00  5.79276724e+00  3.79e-16 1.42e-14  4.58e-08     3s
  24   5.78090632e+00  5.78870202e+00  4.88e-16 1.42e-14  1.57e-08     3s
  25   5.78487390e+00  5.78724825e+00  1.02e-15 2.84e-14  4.78e-09     3s
  26   5.78624647e+00  5.78675345e+00  1.74e-15 1.42e-14  1.02e-09     4s
  27   5.78655579e+00  5.78664303e+00  2.72e-15 1.42e-14  1.76e-10     4s
  28   5.78661457e+00  5.78662210e+00  1.40e-15 1.42e-14  1.52e-11     4s
  29   5.78661982e+00  5.78662023e+00  2.81e-15 2.13e-14  8.31e-13     4s
  30   5.78662010e+00  5.78662013e+00  1.42e-15 1.42e-14  5.69e-14     4s
  31   5.78662011e+00  5.78662012e+00  1.93e-15 1.42e-14  1.99e-14     4s
  32   5.78662012e+00  5.78662012e+00  1.40e-15 1.42e-14  4.63e-15     4s
  33   5.78662012e+00  5.78662012e+00  1.19e-15 1.42e-14  1.42e-15     4s
  34   5.78662012e+00  5.78662012e+00  1.04e-15 1.42e-14  1.32e-15     4s
  35   5.78662012e+00  5.78662012e+00  8.63e-16 1.42e-14  7.06e-16     4s
  36   5.78662012e+00  5.78662012e+00  6.21e-16 1.42e-14  4.87e-16     4s
  37   5.78662012e+00  5.78662012e+00  3.85e-16 1.42e-14  2.24e-16     4s
  38   5.78662012e+00  5.78662012e+00  4.94e-16 1.42e-14  1.19e-16     5s
  39   5.78662012e+00  5.78662012e+00  4.00e-16 1.42e-14  8.13e-17     5s

Barrier solved model in 39 iterations and 4.63 seconds (4.37 work units)
Optimal objective 5.78662012e+00

objective value: 5.7866201210789345
Done! Time elapsed: 25.29303479194641 seconds.
g_0_1: 1.0000050428697613
g_1_1: 1.0000028625200938
g_1_2: 1.000008103000498
g_2_1: 1.0000049428437163
g_2_2: 1.0000140363494414
g_2_3: 1.0000049620324611
g_2_4: 1.0000140895385432
Parameters from last iteration: [0.17400092 0.7070021  0.17400146 0.70700361 0.17400252 0.70700362
 0.17400253]

Parameters from current iteration:
                [0.17400088 0.70700202 0.17400141 0.70700349 0.17400244 0.70700351
 0.17400245]


                Percentage Error = 4.400431288348334e-07
                
year done: 6
Time 7: 2
Optimization Iteration[1/20000]

Solving the optimization problem...
Set parameter TokenServer to value "licenses.rcc.uchicago.edu"
Read LP format model from file /scratch/local/jobs/50183984/tmp172geyrl.pyomo.lp
Reading time = 1.33 seconds
x1: 258121 rows, 502401 columns, 1259970 nonzeros
Set parameter Threads to value 8
Set parameter BarConvTol to value 1e-12
Gurobi Optimizer version 11.0.0 build v11.0.0rc2 (linux64 - "CentOS Linux 8")

CPU model: Intel(R) Xeon(R) Gold 6248R CPU @ 3.00GHz, instruction set [SSE2|AVX|AVX2|AVX512]
Thread count: 48 physical cores, 48 logical processors, using up to 8 threads

Optimize a model with 258121 rows, 502401 columns and 1259970 nonzeros
Model fingerprint: 0x5e07b571
Model has 3166 quadratic objective terms
Coefficient statistics:
  Matrix range     [1e+00, 1e+03]
  Objective range  [5e-07, 7e+01]
  QObjective range [3e-01, 3e+03]
  Bounds range     [3e-04, 1e+00]
  RHS range        [5e-16, 5e+00]
Presolve removed 131482 rows and 128814 columns
Presolve time: 0.54s
Presolved: 126639 rows, 373587 columns, 743930 nonzeros
Presolved model has 3166 quadratic objective terms
Ordering time: 0.16s

Barrier statistics:
 AA' NZ     : 3.709e+05
 Factor NZ  : 4.212e+06 (roughly 240 MB of memory)
 Factor Ops : 3.974e+08 (less than 1 second per iteration)
 Threads    : 8

                  Objective                Residual
Iter       Primal          Dual         Primal    Dual     Compl     Time
   0  -1.08859071e+09  8.63520522e+08  7.80e+04 1.13e-13  1.00e+06     1s
   1  -6.35727259e+08  5.82241868e+08  1.87e+04 1.60e+02  2.62e+05     1s
   2  -3.24154484e+08  3.24098309e+08  2.36e+02 1.04e+00  4.64e+03     1s
   3  -7.58854530e+07  7.65440476e+07  1.96e+00 2.03e-12  3.30e+02     1s
   4  -1.46487806e+07  1.53377872e+07  1.70e-01 5.00e-12  6.20e+01     1s
   5  -2.69757093e+06  2.98478757e+06  1.34e-02 1.25e-12  1.15e+01     1s
   6  -3.92725499e+05  4.48814060e+05  1.34e-08 1.47e-12  1.69e+00     2s
   7  -5.87294142e+04  7.36508277e+04  1.35e-13 6.38e-13  2.66e-01     2s
   8  -8.84447616e+03  1.05885937e+04  5.57e-14 2.39e-13  3.91e-02     2s
   9  -1.40877022e+03  1.73955840e+03  2.37e-14 4.49e-14  6.33e-03     2s
  10  -2.25623003e+02  2.24708978e+02  7.17e-15 2.84e-14  9.06e-04     2s
  11  -4.04074921e+01  5.24714012e+01  2.29e-15 2.84e-14  1.87e-04     2s
  12  -9.79492353e+00  1.67492133e+01  7.76e-16 2.84e-14  5.34e-05     2s
  13  -3.05624291e+00  1.14609021e+01  4.42e-16 1.42e-14  2.92e-05     2s
  14   2.86011888e+00  6.78714756e+00  3.08e-16 2.13e-14  7.90e-06     3s
  15   3.97084938e+00  6.44212773e+00  1.24e-16 1.42e-14  4.97e-06     3s
  16   4.96499052e+00  5.99499774e+00  2.64e-16 1.42e-14  2.07e-06     3s
  17   5.31891084e+00  5.81701441e+00  3.07e-16 2.84e-14  1.00e-06     3s
  18   5.43151495e+00  5.76760812e+00  4.06e-16 2.84e-14  6.76e-07     3s
  19   5.55722396e+00  5.71334370e+00  3.94e-16 1.42e-14  3.14e-07     3s
  20   5.62755418e+00  5.68418097e+00  1.45e-15 1.42e-14  1.14e-07     3s
  21   5.63594882e+00  5.68080087e+00  8.40e-16 1.42e-14  9.02e-08     3s
  22   5.65521673e+00  5.67339070e+00  1.89e-15 1.42e-14  3.66e-08     3s
  23   5.66304725e+00  5.67039813e+00  1.18e-15 2.84e-14  1.48e-08     3s
  24   5.66691594e+00  5.66899280e+00  5.17e-16 1.42e-14  4.18e-09     3s
  25   5.66795968e+00  5.66861509e+00  7.52e-16 2.84e-14  1.32e-09     3s
  26   5.66836871e+00  5.66847029e+00  5.50e-16 1.42e-14  2.04e-10     4s
  27   5.66843425e+00  5.66844710e+00  1.09e-15 1.42e-14  2.59e-11     4s
  28   5.66844360e+00  5.66844379e+00  2.88e-16 2.84e-14  3.73e-13     4s
  29   5.66844372e+00  5.66844375e+00  2.06e-15 1.42e-14  4.74e-14     4s
  30   5.66844373e+00  5.66844374e+00  3.27e-15 1.42e-14  1.52e-14     4s
  31   5.66844374e+00  5.66844374e+00  2.13e-15 1.42e-14  3.57e-15     4s
  32   5.66844374e+00  5.66844374e+00  1.86e-15 1.42e-14  1.76e-15     4s
  33   5.66844374e+00  5.66844374e+00  1.51e-15 1.42e-14  9.28e-16     4s
  34   5.66844374e+00  5.66844374e+00  9.63e-16 1.42e-14  4.97e-16     4s
  35   5.66844374e+00  5.66844374e+00  5.77e-16 1.42e-14  3.53e-16     4s
  36   5.66844374e+00  5.66844374e+00  4.18e-16 1.42e-14  1.68e-16     4s
  37   5.66844374e+00  5.66844374e+00  2.68e-16 1.42e-14  1.23e-16     4s
  38   5.66844374e+00  5.66844374e+00  2.31e-16 1.42e-14  7.04e-17     5s

Barrier solved model in 38 iterations and 4.59 seconds (4.33 work units)
Optimal objective 5.66844374e+00

objective value: 5.6684437397479615
Done! Time elapsed: 25.35516095161438 seconds.
g_0_1: 1.000004851594201
g_1_1: 1.0000027654879835
g_1_2: 1.000007835395506
g_2_1: 1.000004806770954
g_2_2: 1.0000136547811973
g_2_3: 1.0000048260130694
g_2_4: 1.000013709933613
Parameters from last iteration: [0.17400088 0.70700202 0.17400141 0.70700349 0.17400244 0.70700351
 0.17400245]

Parameters from current iteration:
                [0.17400084 0.70700196 0.17400136 0.7070034  0.17400238 0.70700341
 0.17400239]


                Percentage Error = 3.8156288836469086e-07
                
year done: 7
Time 8: 2
Optimization Iteration[1/20000]

Solving the optimization problem...
Set parameter TokenServer to value "licenses.rcc.uchicago.edu"
Read LP format model from file /scratch/local/jobs/50183984/tmp_wx9jov9.pyomo.lp
Reading time = 1.32 seconds
x1: 258121 rows, 502401 columns, 1259970 nonzeros
Set parameter Threads to value 8
Set parameter BarConvTol to value 1e-12
Gurobi Optimizer version 11.0.0 build v11.0.0rc2 (linux64 - "CentOS Linux 8")

CPU model: Intel(R) Xeon(R) Gold 6248R CPU @ 3.00GHz, instruction set [SSE2|AVX|AVX2|AVX512]
Thread count: 48 physical cores, 48 logical processors, using up to 8 threads

Optimize a model with 258121 rows, 502401 columns and 1259970 nonzeros
Model fingerprint: 0x3960be5d
Model has 3166 quadratic objective terms
Coefficient statistics:
  Matrix range     [1e+00, 1e+03]
  Objective range  [5e-07, 7e+01]
  QObjective range [3e-01, 3e+03]
  Bounds range     [3e-04, 1e+00]
  RHS range        [5e-16, 5e+00]
Presolve removed 131482 rows and 128814 columns
Presolve time: 0.54s
Presolved: 126639 rows, 373587 columns, 743930 nonzeros
Presolved model has 3166 quadratic objective terms
Ordering time: 0.16s

Barrier statistics:
 AA' NZ     : 3.709e+05
 Factor NZ  : 4.212e+06 (roughly 240 MB of memory)
 Factor Ops : 3.974e+08 (less than 1 second per iteration)
 Threads    : 8

                  Objective                Residual
Iter       Primal          Dual         Primal    Dual     Compl     Time
   0  -1.08859058e+09  8.63520395e+08  7.80e+04 1.14e-13  1.00e+06     1s
   1  -6.35727268e+08  5.82241834e+08  1.87e+04 1.60e+02  2.62e+05     1s
   2  -3.24154563e+08  3.24098365e+08  2.36e+02 1.04e+00  4.64e+03     1s
   3  -7.58847766e+07  7.65433652e+07  1.95e+00 1.45e-12  3.30e+02     1s
   4  -1.46469573e+07  1.53359057e+07  1.70e-01 4.52e-12  6.20e+01     1s
   5  -2.69729374e+06  2.98444454e+06  1.34e-02 1.26e-12  1.15e+01     1s
   6  -3.92701412e+05  4.48855277e+05  1.34e-08 1.02e-12  1.69e+00     2s
   7  -5.87260315e+04  7.36438945e+04  1.27e-13 6.86e-13  2.66e-01     2s
   8  -8.84478904e+03  1.05903862e+04  9.26e-14 2.65e-13  3.91e-02     2s
   9  -1.40914307e+03  1.73990881e+03  1.70e-14 4.03e-14  6.34e-03     2s
  10  -2.25840405e+02  2.24532634e+02  7.36e-15 2.84e-14  9.06e-04     2s
  11  -3.66618419e+01  4.04518543e+01  2.85e-15 2.13e-14  1.55e-04     2s
  12  -9.75257349e+00  1.90762561e+01  7.55e-16 2.84e-14  5.80e-05     2s
  13   4.62303476e-01  8.64224100e+00  4.35e-16 2.84e-14  1.65e-05     2s
  14   3.81294579e+00  6.35862350e+00  2.53e-16 1.42e-14  5.12e-06     3s
  15   4.41131245e+00  6.03808926e+00  1.55e-16 1.42e-14  3.27e-06     3s
  16   4.87941497e+00  5.81492158e+00  5.29e-17 1.42e-14  1.88e-06     3s
  17   5.06895749e+00  5.74091940e+00  7.50e-17 1.42e-14  1.35e-06     3s
  18   5.31950548e+00  5.62559981e+00  1.65e-16 1.42e-14  6.16e-07     3s
  19   5.42020829e+00  5.58299648e+00  1.54e-16 1.47e-14  3.28e-07     3s
  20   5.47719139e+00  5.56032144e+00  1.62e-16 1.47e-14  1.67e-07     3s
  21   5.50368862e+00  5.55013095e+00  2.75e-16 1.42e-14  9.34e-08     3s
  22   5.52409732e+00  5.54257362e+00  4.52e-16 2.84e-14  3.72e-08     3s
  23   5.53139497e+00  5.53987259e+00  8.08e-16 1.42e-14  1.71e-08     3s
  24   5.53470142e+00  5.53867354e+00  8.92e-16 1.42e-14  7.99e-09     3s
  25   5.53648308e+00  5.53803692e+00  4.86e-16 1.42e-14  3.13e-09     3s
  26   5.53746807e+00  5.53768755e+00  9.78e-16 1.42e-14  4.42e-10     4s
  27   5.53760446e+00  5.53763927e+00  5.20e-16 1.42e-14  7.00e-11     4s
  28   5.53762353e+00  5.53763252e+00  8.75e-16 2.84e-14  1.81e-11     4s
  29   5.53763008e+00  5.53763020e+00  5.96e-16 2.84e-14  2.44e-13     4s
  30   5.53763016e+00  5.53763018e+00  8.85e-15 2.13e-14  2.99e-14     4s
  31   5.53763017e+00  5.53763017e+00  2.15e-14 1.42e-14  8.87e-15     4s
  32   5.53763017e+00  5.53763017e+00  3.37e-14 2.13e-14  2.12e-15     4s
  33   5.53763017e+00  5.53763017e+00  3.23e-14 1.42e-14  9.35e-16     4s
  34   5.53763017e+00  5.53763017e+00  2.61e-14 1.42e-14  7.29e-16     4s
  35   5.53763017e+00  5.53763017e+00  5.36e-14 1.42e-14  3.56e-16     4s
  36   5.53763017e+00  5.53763017e+00  2.19e-14 1.42e-14  2.10e-16     4s
  37   5.53763017e+00  5.53763017e+00  2.45e-14 1.42e-14  1.10e-16     4s
  38   5.53763017e+00  5.53763017e+00  2.20e-14 1.42e-14  8.60e-17     5s

Barrier solved model in 38 iterations and 4.51 seconds (4.28 work units)
Optimal objective 5.53763017e+00

objective value: 5.537630172664101
Done! Time elapsed: 25.3585946559906 seconds.
g_0_1: 1.0000046615101381
g_1_1: 1.0000026815996974
g_1_2: 1.0000076080065203
g_2_1: 1.0000046915698533
g_2_2: 1.0000133241490066
g_2_3: 1.0000047124041436
g_2_4: 1.000013390661087
Parameters from last iteration: [0.17400084 0.70700196 0.17400136 0.7070034  0.17400238 0.70700341
 0.17400239]

Parameters from current iteration:
                [0.17400081 0.7070019  0.17400132 0.70700332 0.17400232 0.70700333
 0.17400233]


                Percentage Error = 3.3062767619820447e-07
                
year done: 8
Time 9: 2
Optimization Iteration[1/20000]

Solving the optimization problem...
Set parameter TokenServer to value "licenses.rcc.uchicago.edu"
Read LP format model from file /scratch/local/jobs/50183984/tmpv57k0a0t.pyomo.lp
Reading time = 1.33 seconds
x1: 258121 rows, 502401 columns, 1259970 nonzeros
Set parameter Threads to value 8
Set parameter BarConvTol to value 1e-12
Gurobi Optimizer version 11.0.0 build v11.0.0rc2 (linux64 - "CentOS Linux 8")

CPU model: Intel(R) Xeon(R) Gold 6248R CPU @ 3.00GHz, instruction set [SSE2|AVX|AVX2|AVX512]
Thread count: 48 physical cores, 48 logical processors, using up to 8 threads

Optimize a model with 258121 rows, 502401 columns and 1259970 nonzeros
Model fingerprint: 0x470fe63f
Model has 3166 quadratic objective terms
Coefficient statistics:
  Matrix range     [1e+00, 1e+03]
  Objective range  [5e-07, 7e+01]
  QObjective range [3e-01, 3e+03]
  Bounds range     [3e-04, 1e+00]
  RHS range        [5e-16, 5e+00]
Presolve removed 131482 rows and 128814 columns
Presolve time: 0.54s
Presolved: 126639 rows, 373587 columns, 743930 nonzeros
Presolved model has 3166 quadratic objective terms
Ordering time: 0.16s

Barrier statistics:
 AA' NZ     : 3.709e+05
 Factor NZ  : 4.212e+06 (roughly 240 MB of memory)
 Factor Ops : 3.974e+08 (less than 1 second per iteration)
 Threads    : 8

                  Objective                Residual
Iter       Primal          Dual         Primal    Dual     Compl     Time
   0  -1.08859046e+09  8.63520277e+08  7.80e+04 1.13e-13  1.00e+06     1s
   1  -6.35727277e+08  5.82241806e+08  1.87e+04 1.60e+02  2.62e+05     1s
   2  -3.24154637e+08  3.24098421e+08  2.36e+02 1.04e+00  4.64e+03     1s
   3  -7.58842059e+07  7.65427893e+07  1.95e+00 1.69e-12  3.30e+02     1s
   4  -1.46454231e+07  1.53343225e+07  1.70e-01 5.23e-12  6.20e+01     1s
   5  -2.69706074e+06  2.98415604e+06  1.34e-02 1.25e-12  1.15e+01     1s
   6  -3.92692383e+05  4.48953290e+05  1.34e-08 1.01e-12  1.69e+00     2s
   7  -5.87278542e+04  7.36580816e+04  1.48e-13 6.58e-13  2.66e-01     2s
   8  -8.84619271e+03  1.05952276e+04  5.58e-14 2.39e-13  3.91e-02     2s
   9  -1.40967265e+03  1.74044618e+03  1.67e-14 4.26e-14  6.34e-03     2s
  10  -2.26098466e+02  2.24413584e+02  8.21e-15 4.26e-14  9.06e-04     2s
  11  -4.61040465e+01  3.72270221e+01  3.84e-15 2.84e-14  1.68e-04     2s
  12  -1.06438195e+01  2.05993416e+01  8.69e-16 2.84e-14  6.29e-05     2s
  13  -2.86853087e+00  1.30382981e+01  4.76e-16 1.42e-14  3.20e-05     2s
  14   2.89194810e+00  7.04956765e+00  2.29e-16 1.42e-14  8.36e-06     3s
  15   4.36428712e+00  5.87724963e+00  7.68e-17 1.42e-14  3.04e-06     3s
  16   4.88869196e+00  5.61166468e+00  9.41e-17 1.42e-14  1.45e-06     3s
  17   5.14289608e+00  5.50158844e+00  1.26e-16 1.42e-14  7.22e-07     3s
  18   5.28384596e+00  5.43879729e+00  1.02e-16 1.42e-14  3.12e-07     3s
  19   5.32645458e+00  5.42131098e+00  7.81e-17 2.84e-14  1.91e-07     3s
  20   5.34880889e+00  5.41240817e+00  6.18e-17 1.42e-14  1.28e-07     3s
  21   5.37205731e+00  5.40361287e+00  1.86e-16 1.42e-14  6.35e-08     3s
  22   5.38312184e+00  5.39937958e+00  1.41e-16 1.42e-14  3.27e-08     3s
  23   5.39181020e+00  5.39621401e+00  7.92e-16 2.84e-14  8.86e-09     3s
  24   5.39345545e+00  5.39561944e+00  9.81e-16 1.42e-14  4.35e-09     3s
  25   5.39480581e+00  5.39513835e+00  3.67e-16 1.42e-14  6.69e-10     3s
  26   5.39500594e+00  5.39506732e+00  2.76e-16 1.42e-14  1.23e-10     3s
  27   5.39504356e+00  5.39505399e+00  4.60e-16 1.42e-14  2.10e-11     4s
  28   5.39505117e+00  5.39505129e+00  1.97e-15 2.84e-14  2.53e-13     4s
  29   5.39505124e+00  5.39505127e+00  2.23e-14 1.42e-14  5.88e-14     4s
  30   5.39505126e+00  5.39505126e+00  5.61e-14 1.42e-14  1.53e-14     4s
  31   5.39505126e+00  5.39505126e+00  9.46e-14 1.42e-14  3.94e-15     4s
  32   5.39505126e+00  5.39505126e+00  6.74e-14 1.42e-14  2.00e-15     4s
  33   5.39505126e+00  5.39505126e+00  5.93e-14 1.42e-14  9.82e-16     4s
  34   5.39505126e+00  5.39505126e+00  3.26e-14 1.42e-14  8.23e-16     4s
  35   5.39505126e+00  5.39505126e+00  2.36e-14 1.42e-14  4.02e-16     4s
  36   5.39505126e+00  5.39505126e+00  2.54e-14 1.42e-14  2.47e-16     4s
  37   5.39505126e+00  5.39505126e+00  2.11e-14 1.42e-14  1.21e-16     4s
  38   5.39505126e+00  5.39505126e+00  1.49e-14 1.42e-14  1.04e-16     5s
  39   5.39505126e+00  5.39505126e+00  8.88e-15 1.42e-14  6.75e-17     5s

Barrier solved model in 39 iterations and 4.60 seconds (4.33 work units)
Optimal objective 5.39505126e+00

objective value: 5.395051260826953
Done! Time elapsed: 27.12120532989502 seconds.
g_0_1: 1.0000044990588628
g_1_1: 1.0000026113314886
g_1_2: 1.0000074128121776
g_2_1: 1.0000045953820609
g_2_2: 1.0000130515596506
g_2_3: 1.0000046190295089
g_2_4: 1.0000131205585687
Parameters from last iteration: [0.17400081 0.7070019  0.17400132 0.70700332 0.17400232 0.70700333
 0.17400233]

Parameters from current iteration:
                [0.17400078 0.70700185 0.17400129 0.70700325 0.17400227 0.70700327
 0.17400228]


                Percentage Error = 2.7258572396775915e-07
                
year done: 9
Time 10: 2
Optimization Iteration[1/20000]

Solving the optimization problem...
Set parameter TokenServer to value "licenses.rcc.uchicago.edu"
Read LP format model from file /scratch/local/jobs/50183984/tmplxulqh7x.pyomo.lp
Reading time = 1.32 seconds
x1: 258121 rows, 502401 columns, 1259970 nonzeros
Set parameter Threads to value 8
Set parameter BarConvTol to value 1e-12
Gurobi Optimizer version 11.0.0 build v11.0.0rc2 (linux64 - "CentOS Linux 8")

CPU model: Intel(R) Xeon(R) Gold 6248R CPU @ 3.00GHz, instruction set [SSE2|AVX|AVX2|AVX512]
Thread count: 48 physical cores, 48 logical processors, using up to 8 threads

Optimize a model with 258121 rows, 502401 columns and 1259970 nonzeros
Model fingerprint: 0x26a3ba83
Model has 3166 quadratic objective terms
Coefficient statistics:
  Matrix range     [1e+00, 1e+03]
  Objective range  [5e-07, 7e+01]
  QObjective range [3e-01, 3e+03]
  Bounds range     [3e-04, 1e+00]
  RHS range        [5e-16, 5e+00]
Presolve removed 131482 rows and 128814 columns
Presolve time: 0.54s
Presolved: 126639 rows, 373587 columns, 743930 nonzeros
Presolved model has 3166 quadratic objective terms
Ordering time: 0.16s

Barrier statistics:
 AA' NZ     : 3.709e+05
 Factor NZ  : 4.212e+06 (roughly 240 MB of memory)
 Factor Ops : 3.974e+08 (less than 1 second per iteration)
 Threads    : 8

                  Objective                Residual
Iter       Primal          Dual         Primal    Dual     Compl     Time
   0  -1.08859036e+09  8.63520176e+08  7.80e+04 1.13e-13  1.00e+06     1s
   1  -6.35727283e+08  5.82241781e+08  1.87e+04 1.60e+02  2.62e+05     1s
   2  -3.24154700e+08  3.24098468e+08  2.36e+02 1.04e+00  4.64e+03     1s
   3  -7.58837173e+07  7.65422962e+07  1.95e+00 1.46e-12  3.30e+02     1s
   4  -1.46441080e+07  1.53329653e+07  1.70e-01 5.44e-12  6.20e+01     1s
   5  -2.69686100e+06  2.98390866e+06  1.34e-02 1.20e-12  1.15e+01     1s
   6  -3.92680792e+05  4.49015339e+05  1.34e-08 1.80e-12  1.69e+00     2s
   7  -5.87276330e+04  7.36620370e+04  1.36e-13 6.45e-13  2.66e-01     2s
   8  -8.84699046e+03  1.05980582e+04  6.46e-14 2.32e-13  3.91e-02     2s
   9  -1.41007342e+03  1.74073953e+03  2.62e-14 3.32e-14  6.34e-03     2s
  10  -2.26329895e+02  2.24262493e+02  7.12e-15 1.78e-14  9.07e-04     2s
  11  -4.42430909e+01  3.78825234e+01  2.59e-15 2.84e-14  1.65e-04     2s
  12  -1.23836575e+01  2.34877702e+01  1.07e-15 2.84e-14  7.22e-05     2s
  13  -5.16296037e-01  1.00905522e+01  5.30e-16 2.84e-14  2.13e-05     2s
  14   3.06887924e+00  6.68979905e+00  1.66e-16 1.78e-14  7.28e-06     2s
  15   4.42320426e+00  5.69769006e+00  8.03e-17 2.13e-14  2.56e-06     3s
  16   4.91666682e+00  5.39339395e+00  6.83e-17 1.42e-14  9.59e-07     3s
  17   5.09254389e+00  5.31137778e+00  9.22e-17 1.42e-14  4.40e-07     3s
  18   5.17556758e+00  5.27591671e+00  7.14e-17 1.42e-14  2.02e-07     3s
  19   5.21774329e+00  5.25924881e+00  8.12e-17 2.13e-14  8.35e-08     3s
  20   5.23550542e+00  5.25270593e+00  1.60e-16 1.42e-14  3.46e-08     3s
  21   5.23777743e+00  5.25186403e+00  1.43e-16 1.42e-14  2.83e-08     3s
  22   5.24526028e+00  5.24913577e+00  2.86e-16 1.42e-14  7.80e-09     3s
  23   5.24742316e+00  5.24835786e+00  9.45e-16 1.42e-14  1.88e-09     3s
  24   5.24788764e+00  5.24819319e+00  6.75e-16 2.84e-14  6.15e-10     3s
  25   5.24808350e+00  5.24812398e+00  3.48e-16 1.42e-14  8.14e-11     3s
  26   5.24810741e+00  5.24811554e+00  6.64e-16 2.84e-14  1.63e-11     3s
  27   5.24811289e+00  5.24811361e+00  6.33e-16 1.42e-14  1.45e-12     3s
  28   5.24811338e+00  5.24811343e+00  3.12e-15 1.42e-14  1.12e-13     4s
  29   5.24811341e+00  5.24811342e+00  1.87e-14 2.13e-14  3.11e-14     4s
  30   5.24811342e+00  5.24811342e+00  2.12e-14 1.42e-14  7.20e-15     4s
  31   5.24811342e+00  5.24811342e+00  9.33e-15 1.42e-14  2.17e-15     4s
  32   5.24811342e+00  5.24811342e+00  6.97e-15 2.84e-14  1.11e-15     4s
  33   5.24811342e+00  5.24811342e+00  4.57e-15 1.42e-14  5.42e-16     4s
  34   5.24811342e+00  5.24811342e+00  2.54e-15 1.42e-14  2.69e-16     4s
  35   5.24811342e+00  5.24811342e+00  3.04e-15 2.84e-14  1.82e-16     4s
  36   5.24811342e+00  5.24811342e+00  2.18e-15 1.42e-14  7.86e-17     4s

Barrier solved model in 36 iterations and 4.32 seconds (4.04 work units)
Optimal objective 5.24811342e+00

objective value: 5.248113419073441
Done! Time elapsed: 25.03743815422058 seconds.
g_0_1: 1.0000043564128804
g_1_1: 1.0000025542182087
g_1_2: 1.0000072440950873
g_2_1: 1.0000045207597144
g_2_2: 1.0000128263687433
g_2_3: 1.0000045404981384
g_2_4: 1.0000128894613927
Parameters from last iteration: [0.17400078 0.70700185 0.17400129 0.70700325 0.17400227 0.70700327
 0.17400228]

Parameters from current iteration:
                [0.17400076 0.70700181 0.17400126 0.7070032  0.17400223 0.70700321
 0.17400224]


                Percentage Error = 2.3109414395368134e-07
                
year done: 10
Time 11: 2
Optimization Iteration[1/20000]

Solving the optimization problem...
Set parameter TokenServer to value "licenses.rcc.uchicago.edu"
Read LP format model from file /scratch/local/jobs/50183984/tmpglysip16.pyomo.lp
Reading time = 1.33 seconds
x1: 258121 rows, 502401 columns, 1259970 nonzeros
Set parameter Threads to value 8
Set parameter BarConvTol to value 1e-12
Gurobi Optimizer version 11.0.0 build v11.0.0rc2 (linux64 - "CentOS Linux 8")

CPU model: Intel(R) Xeon(R) Gold 6248R CPU @ 3.00GHz, instruction set [SSE2|AVX|AVX2|AVX512]
Thread count: 48 physical cores, 48 logical processors, using up to 8 threads

Optimize a model with 258121 rows, 502401 columns and 1259970 nonzeros
Model fingerprint: 0x637b8be3
Model has 3166 quadratic objective terms
Coefficient statistics:
  Matrix range     [1e+00, 1e+03]
  Objective range  [5e-07, 7e+01]
  QObjective range [3e-01, 3e+03]
  Bounds range     [3e-04, 1e+00]
  RHS range        [5e-16, 5e+00]
Presolve removed 131482 rows and 128814 columns
Presolve time: 0.54s
Presolved: 126639 rows, 373587 columns, 743930 nonzeros
Presolved model has 3166 quadratic objective terms
Ordering time: 0.16s

Barrier statistics:
 AA' NZ     : 3.709e+05
 Factor NZ  : 4.212e+06 (roughly 240 MB of memory)
 Factor Ops : 3.974e+08 (less than 1 second per iteration)
 Threads    : 8

                  Objective                Residual
Iter       Primal          Dual         Primal    Dual     Compl     Time
   0  -1.08859027e+09  8.63520086e+08  7.80e+04 1.13e-13  1.00e+06     1s
   1  -6.35727289e+08  5.82241759e+08  1.87e+04 1.60e+02  2.62e+05     1s
   2  -3.24154755e+08  3.24098509e+08  2.36e+02 1.04e+00  4.64e+03     1s
   3  -7.58832859e+07  7.65418607e+07  1.95e+00 1.69e-12  3.30e+02     1s
   4  -1.46429398e+07  1.53317597e+07  1.70e-01 5.26e-12  6.20e+01     1s
   5  -2.69668347e+06  2.98368881e+06  1.34e-02 1.25e-12  1.15e+01     1s
   6  -3.92661384e+05  4.49018844e+05  1.34e-08 8.82e-13  1.69e+00     2s
   7  -5.87236221e+04  7.36489405e+04  1.68e-13 7.78e-13  2.66e-01     2s
   8  -8.84676414e+03  1.05975959e+04  7.94e-14 2.25e-13  3.91e-02     2s
   9  -1.41028247e+03  1.74072521e+03  2.43e-14 4.26e-14  6.34e-03     2s
  10  -2.26514851e+02  2.24062551e+02  9.70e-15 2.84e-14  9.06e-04     2s
  11  -3.91153644e+01  4.06171719e+01  2.90e-15 1.42e-14  1.60e-04     2s
  12  -8.01772263e+00  1.73184697e+01  8.28e-16 2.84e-14  5.10e-05     2s
  13  -3.18586218e-01  8.97635763e+00  4.50e-16 1.42e-14  1.87e-05     2s
  14   3.35213441e+00  6.17868495e+00  1.57e-16 1.42e-14  5.69e-06     2s
  15   4.37963709e+00  5.43850719e+00  6.61e-17 1.42e-14  2.13e-06     3s
  16   4.75106088e+00  5.24702380e+00  6.07e-17 2.13e-14  9.98e-07     3s
  17   4.89666229e+00  5.18350123e+00  1.27e-16 1.42e-14  5.77e-07     3s
  18   5.00153560e+00  5.13808264e+00  1.45e-16 1.42e-14  2.75e-07     3s
  19   5.06049878e+00  5.11411803e+00  1.57e-16 1.42e-14  1.08e-07     3s
  20   5.08145893e+00  5.10601030e+00  2.05e-16 2.13e-14  4.94e-08     3s
  21   5.09112815e+00  5.10230989e+00  2.14e-16 1.42e-14  2.25e-08     3s
  22   5.09737553e+00  5.10005970e+00  2.32e-16 2.13e-14  5.40e-09     3s
  23   5.09866726e+00  5.09959824e+00  6.51e-16 1.42e-14  1.87e-09     3s
  24   5.09926002e+00  5.09938822e+00  5.75e-16 1.42e-14  2.58e-10     3s
  25   5.09933509e+00  5.09936167e+00  2.02e-15 1.42e-14  5.35e-11     3s
  26   5.09935412e+00  5.09935494e+00  9.31e-16 2.84e-14  1.66e-12     3s
  27   5.09935469e+00  5.09935474e+00  2.21e-15 2.84e-14  1.07e-13     4s
  28   5.09935472e+00  5.09935473e+00  1.68e-14 1.42e-14  3.05e-14     4s
  29   5.09935473e+00  5.09935473e+00  1.70e-14 1.42e-14  6.98e-15     4s
  30   5.09935473e+00  5.09935473e+00  3.36e-14 1.42e-14  2.12e-15     4s
  31   5.09935473e+00  5.09935473e+00  4.29e-14 1.42e-14  1.27e-15     4s
  32   5.09935473e+00  5.09935473e+00  2.44e-14 1.42e-14  5.96e-16     4s
  33   5.09935473e+00  5.09935473e+00  1.75e-14 7.11e-15  4.32e-16     4s
  34   5.09935473e+00  5.09935473e+00  3.72e-14 1.42e-14  2.23e-16     4s
  35   5.09935473e+00  5.09935473e+00  2.94e-14 1.42e-14  2.03e-16     4s
  36   5.09935473e+00  5.09935473e+00  2.19e-14 1.42e-14  1.00e-16     4s
  37   5.09935473e+00  5.09935473e+00  2.22e-14 1.42e-14  5.96e-17     4s

Barrier solved model in 37 iterations and 4.40 seconds (4.12 work units)
Optimal objective 5.09935473e+00

objective value: 5.099354727658655
Done! Time elapsed: 24.960617303848267 seconds.
g_0_1: 1.0000042322709024
g_1_1: 1.0000025043982885
g_1_2: 1.0000071002694864
g_2_1: 1.0000044528746088
g_2_2: 1.0000126373165203
g_2_3: 1.0000044739693275
g_2_4: 1.0000126939353393
Parameters from last iteration: [0.17400076 0.70700181 0.17400126 0.7070032  0.17400223 0.70700321
 0.17400224]

Parameters from current iteration:
                [0.17400074 0.70700177 0.17400124 0.70700315 0.1740022  0.70700316
 0.17400221]


                Percentage Error = 1.9552353316916574e-07
                
year done: 11
Time 12: 2
Optimization Iteration[1/20000]

Solving the optimization problem...
Set parameter TokenServer to value "licenses.rcc.uchicago.edu"
Read LP format model from file /scratch/local/jobs/50183984/tmp63wtv_s1.pyomo.lp
Reading time = 1.32 seconds
x1: 258121 rows, 502401 columns, 1259970 nonzeros
Set parameter Threads to value 8
Set parameter BarConvTol to value 1e-12
Gurobi Optimizer version 11.0.0 build v11.0.0rc2 (linux64 - "CentOS Linux 8")

CPU model: Intel(R) Xeon(R) Gold 6248R CPU @ 3.00GHz, instruction set [SSE2|AVX|AVX2|AVX512]
Thread count: 48 physical cores, 48 logical processors, using up to 8 threads

Optimize a model with 258121 rows, 502401 columns and 1259970 nonzeros
Model fingerprint: 0x321a16d0
Model has 3166 quadratic objective terms
Coefficient statistics:
  Matrix range     [1e+00, 1e+03]
  Objective range  [5e-07, 7e+01]
  QObjective range [3e-01, 3e+03]
  Bounds range     [3e-04, 1e+00]
  RHS range        [4e-16, 5e+00]
Presolve removed 131482 rows and 128814 columns
Presolve time: 0.54s
Presolved: 126639 rows, 373587 columns, 743930 nonzeros
Presolved model has 3166 quadratic objective terms
Ordering time: 0.16s

Barrier statistics:
 AA' NZ     : 3.709e+05
 Factor NZ  : 4.212e+06 (roughly 240 MB of memory)
 Factor Ops : 3.974e+08 (less than 1 second per iteration)
 Threads    : 8

                  Objective                Residual
Iter       Primal          Dual         Primal    Dual     Compl     Time
   0  -1.08859020e+09  8.63520009e+08  7.80e+04 1.14e-13  1.00e+06     1s
   1  -6.35727293e+08  5.82241739e+08  1.87e+04 1.60e+02  2.62e+05     1s
   2  -3.24154801e+08  3.24098543e+08  2.36e+02 1.04e+00  4.64e+03     1s
   3  -7.58829097e+07  7.65414810e+07  1.95e+00 1.61e-12  3.30e+02     1s
   4  -1.46419239e+07  1.53307111e+07  1.70e-01 3.64e-12  6.20e+01     1s
   5  -2.69652911e+06  2.98349763e+06  1.34e-02 1.21e-12  1.15e+01     1s
   6  -3.92646806e+05  4.49034868e+05  1.34e-08 9.20e-13  1.69e+00     2s
   7  -5.87213204e+04  7.36429931e+04  8.54e-14 6.59e-13  2.66e-01     2s
   8  -8.84688483e+03  1.05981553e+04  7.84e-14 2.54e-13  3.91e-02     2s
   9  -1.41054164e+03  1.74078897e+03  2.56e-14 3.76e-14  6.34e-03     2s
  10  -2.26715548e+02  2.23872726e+02  8.78e-15 4.26e-14  9.07e-04     2s
  11  -4.20512616e+01  3.86829993e+01  3.23e-15 1.42e-14  1.62e-04     2s
  12  -9.41205055e+00  1.78380008e+01  8.79e-16 4.80e-14  5.48e-05     2s
  13  -2.62446797e+00  1.17054258e+01  4.95e-16 1.42e-14  2.88e-05     2s
  14   2.30645372e+00  6.77549951e+00  1.71e-16 1.42e-14  8.99e-06     2s
  15   3.13997900e+00  6.05598996e+00  8.69e-17 2.13e-14  5.87e-06     2s
  16   4.48387553e+00  5.18621035e+00  5.92e-17 1.42e-14  1.41e-06     3s
  17   4.61684475e+00  5.10166750e+00  8.48e-17 1.42e-14  9.75e-07     3s
  18   4.78001984e+00  5.02029368e+00  9.09e-17 2.13e-14  4.83e-07     3s
  19   4.85649886e+00  4.98405015e+00  1.12e-16 1.69e-14  2.57e-07     3s
  20   4.91041689e+00  4.96095775e+00  8.99e-17 2.84e-14  1.02e-07     3s
  21   4.93271758e+00  4.95211879e+00  1.87e-16 1.42e-14  3.90e-08     3s
  22   4.93707003e+00  4.95036366e+00  1.20e-16 1.42e-14  2.67e-08     3s
  23   4.94429175e+00  4.94763345e+00  1.66e-16 1.42e-14  6.72e-09     3s
  24   4.94505247e+00  4.94734582e+00  1.60e-16 1.42e-14  4.61e-09     3s
  25   4.94583749e+00  4.94704860e+00  8.09e-16 1.42e-14  2.44e-09     3s
  26   4.94662677e+00  4.94676970e+00  9.43e-16 1.42e-14  2.88e-10     3s
  27   4.94671115e+00  4.94673990e+00  1.29e-15 1.42e-14  5.78e-11     3s
  28   4.94673230e+00  4.94673244e+00  7.18e-16 2.84e-14  2.90e-13     4s
  29   4.94673239e+00  4.94673241e+00  3.21e-15 1.42e-14  4.22e-14     4s
  30   4.94673240e+00  4.94673240e+00  7.09e-15 1.42e-14  9.96e-15     4s
  31   4.94673240e+00  4.94673240e+00  3.25e-15 1.42e-14  1.33e-15     4s
  32   4.94673240e+00  4.94673240e+00  1.23e-15 1.42e-14  4.89e-16     4s
  33   4.94673240e+00  4.94673240e+00  9.63e-16 1.42e-14  4.30e-16     4s
  34   4.94673240e+00  4.94673240e+00  6.47e-16 1.42e-14  2.26e-16     4s
  35   4.94673240e+00  4.94673240e+00  4.00e-16 1.42e-14  1.40e-16     4s
  36   4.94673240e+00  4.94673240e+00  3.13e-16 1.42e-14  7.50e-17     4s

Barrier solved model in 36 iterations and 4.30 seconds (4.01 work units)
Optimal objective 4.94673240e+00

objective value: 4.946732403282337
Done! Time elapsed: 24.790045022964478 seconds.
g_0_1: 1.0000041271468332
g_1_1: 1.0000024626315382
g_1_2: 1.000006979231965
g_2_1: 1.0000043973104589
g_2_2: 1.0000124791589906
g_2_3: 1.0000044156902157
g_2_4: 1.0000125262993222
Parameters from last iteration: [0.17400074 0.70700177 0.17400124 0.70700315 0.1740022  0.70700316
 0.17400221]

Parameters from current iteration:
                [0.17400072 0.70700174 0.17400121 0.70700311 0.17400217 0.70700312
 0.17400218]


                Percentage Error = 1.6763388920286727e-07
                
year done: 12
Time 13: 2
Optimization Iteration[1/20000]

Solving the optimization problem...
Set parameter TokenServer to value "licenses.rcc.uchicago.edu"
Read LP format model from file /scratch/local/jobs/50183984/tmp4g0y7btq.pyomo.lp
Reading time = 1.32 seconds
x1: 258121 rows, 502401 columns, 1259970 nonzeros
Set parameter Threads to value 8
Set parameter BarConvTol to value 1e-12
Gurobi Optimizer version 11.0.0 build v11.0.0rc2 (linux64 - "CentOS Linux 8")

CPU model: Intel(R) Xeon(R) Gold 6248R CPU @ 3.00GHz, instruction set [SSE2|AVX|AVX2|AVX512]
Thread count: 48 physical cores, 48 logical processors, using up to 8 threads

Optimize a model with 258121 rows, 502401 columns and 1259970 nonzeros
Model fingerprint: 0x265aa31a
Model has 3166 quadratic objective terms
Coefficient statistics:
  Matrix range     [1e+00, 1e+03]
  Objective range  [5e-07, 7e+01]
  QObjective range [3e-01, 3e+03]
  Bounds range     [3e-04, 1e+00]
  RHS range        [4e-16, 5e+00]
Presolve removed 131482 rows and 128814 columns
Presolve time: 0.54s
Presolved: 126639 rows, 373587 columns, 743930 nonzeros
Presolved model has 3166 quadratic objective terms
Ordering time: 0.16s

Barrier statistics:
 AA' NZ     : 3.709e+05
 Factor NZ  : 4.212e+06 (roughly 240 MB of memory)
 Factor Ops : 3.974e+08 (less than 1 second per iteration)
 Threads    : 8

                  Objective                Residual
Iter       Primal          Dual         Primal    Dual     Compl     Time
   0  -1.08859013e+09  8.63519944e+08  7.80e+04 1.13e-13  1.00e+06     1s
   1  -6.35727297e+08  5.82241721e+08  1.87e+04 1.60e+02  2.62e+05     1s
   2  -3.24154840e+08  3.24098571e+08  2.36e+02 1.04e+00  4.64e+03     1s
   3  -7.58825743e+07  7.65411424e+07  1.95e+00 1.47e-12  3.30e+02     1s
   4  -1.46410207e+07  1.53297789e+07  1.70e-01 4.97e-12  6.20e+01     1s
   5  -2.69639192e+06  2.98332770e+06  1.34e-02 1.34e-12  1.15e+01     1s
   6  -3.92633624e+05  4.49047826e+05  1.34e-08 9.53e-13  1.69e+00     2s
   7  -5.87185804e+04  7.36336939e+04  1.28e-13 6.45e-13  2.66e-01     2s
   8  -8.84676769e+03  1.05977803e+04  5.54e-14 2.27e-13  3.91e-02     2s
   9  -1.41075149e+03  1.74085070e+03  2.01e-14 3.80e-14  6.34e-03     2s
  10  -2.26893432e+02  2.23678457e+02  6.69e-15 2.84e-14  9.06e-04     2s
  11  -3.92383056e+01  3.94686171e+01  2.09e-15 2.84e-14  1.58e-04     2s
  12  -5.57335043e+00  1.18224777e+01  1.26e-15 1.78e-14  3.50e-05     2s
  13   4.06392314e-01  7.98833299e+00  5.28e-16 2.13e-14  1.53e-05     2s
  14   2.42621893e+00  6.28112729e+00  1.44e-16 1.42e-14  7.76e-06     3s
  15   4.05382460e+00  5.09365097e+00  5.51e-17 1.42e-14  2.09e-06     3s
  16   4.42158481e+00  4.93968465e+00  6.72e-17 1.42e-14  1.04e-06     3s
  17   4.46737931e+00  4.92079534e+00  4.81e-17 2.84e-14  9.12e-07     3s
  18   4.59245970e+00  4.86919895e+00  1.31e-16 1.42e-14  5.57e-07     3s
  19   4.64569196e+00  4.84807993e+00  1.33e-16 1.15e-14  4.07e-07     3s
  20   4.69236515e+00  4.83051240e+00  9.61e-17 1.42e-14  2.78e-07     3s
  21   4.73308764e+00  4.81489012e+00  1.34e-16 1.42e-14  1.65e-07     3s
  22   4.77076165e+00  4.80051777e+00  1.36e-16 1.42e-14  5.99e-08     3s
  23   4.77999495e+00  4.79706529e+00  5.73e-17 2.13e-14  3.43e-08     3s
  24   4.78837909e+00  4.79395662e+00  3.34e-16 1.42e-14  1.12e-08     3s
  25   4.79128825e+00  4.79290273e+00  2.68e-16 1.42e-14  3.25e-09     3s
  26   4.79217661e+00  4.79258556e+00  4.45e-16 1.42e-14  8.23e-10     3s
  27   4.79241401e+00  4.79250146e+00  1.88e-16 1.42e-14  1.76e-10     4s
  28   4.79246677e+00  4.79248284e+00  3.86e-16 1.42e-14  3.23e-11     4s
  29   4.79247686e+00  4.79247928e+00  4.10e-16 2.84e-14  4.87e-12     4s
  30   4.79247863e+00  4.79247866e+00  1.92e-16 1.42e-14  5.20e-14     4s
  31   4.79247864e+00  4.79247865e+00  2.87e-15 1.42e-14  2.00e-14     4s
  32   4.79247865e+00  4.79247865e+00  2.19e-15 1.42e-14  4.54e-15     4s
  33   4.79247865e+00  4.79247865e+00  2.20e-15 1.64e-14  1.20e-15     4s
  34   4.79247865e+00  4.79247865e+00  1.46e-15 1.42e-14  6.76e-16     4s
  35   4.79247865e+00  4.79247865e+00  1.12e-15 1.42e-14  5.45e-16     4s
  36   4.79247865e+00  4.79247865e+00  5.33e-16 1.42e-14  2.63e-16     4s
  37   4.79247865e+00  4.79247865e+00  3.12e-16 1.42e-14  1.39e-16     4s
  38   4.79247865e+00  4.79247865e+00  2.55e-16 1.42e-14  8.08e-17     4s

Barrier solved model in 38 iterations and 4.49 seconds (4.24 work units)
Optimal objective 4.79247865e+00

objective value: 4.792478649822069
Done! Time elapsed: 24.917405128479004 seconds.
g_0_1: 1.0000040399527477
g_1_1: 1.0000024263942284
g_1_2: 1.0000068804832183
g_2_1: 1.0000043521814086
g_2_2: 1.0000123564136525
g_2_3: 1.0000043685029776
g_2_4: 1.0000123966126135
Parameters from last iteration: [0.17400072 0.70700174 0.17400121 0.70700311 0.17400217 0.70700312
 0.17400218]

Parameters from current iteration:
                [0.1740007  0.70700172 0.1740012  0.70700308 0.17400215 0.70700309
 0.17400216]


                Percentage Error = 1.2968508421578291e-07
                
year done: 13
Time 14: 2
Optimization Iteration[1/20000]

Solving the optimization problem...
Set parameter TokenServer to value "licenses.rcc.uchicago.edu"
Read LP format model from file /scratch/local/jobs/50183984/tmp39epcq29.pyomo.lp
Reading time = 1.34 seconds
x1: 258121 rows, 502401 columns, 1259970 nonzeros
Set parameter Threads to value 8
Set parameter BarConvTol to value 1e-12
Gurobi Optimizer version 11.0.0 build v11.0.0rc2 (linux64 - "CentOS Linux 8")

CPU model: Intel(R) Xeon(R) Gold 6248R CPU @ 3.00GHz, instruction set [SSE2|AVX|AVX2|AVX512]
Thread count: 48 physical cores, 48 logical processors, using up to 8 threads

Optimize a model with 258121 rows, 502401 columns and 1259970 nonzeros
Model fingerprint: 0x3078fada
Model has 3166 quadratic objective terms
Coefficient statistics:
  Matrix range     [1e+00, 1e+03]
  Objective range  [5e-07, 7e+01]
  QObjective range [3e-01, 3e+03]
  Bounds range     [3e-04, 1e+00]
  RHS range        [4e-16, 5e+00]
Presolve removed 131482 rows and 128814 columns
Presolve time: 0.54s
Presolved: 126639 rows, 373587 columns, 743930 nonzeros
Presolved model has 3166 quadratic objective terms
Ordering time: 0.16s

Barrier statistics:
 AA' NZ     : 3.709e+05
 Factor NZ  : 4.212e+06 (roughly 240 MB of memory)
 Factor Ops : 3.974e+08 (less than 1 second per iteration)
 Threads    : 8

                  Objective                Residual
Iter       Primal          Dual         Primal    Dual     Compl     Time
   0  -1.08859008e+09  8.63519891e+08  7.80e+04 1.13e-13  1.00e+06     1s
   1  -6.35727298e+08  5.82241706e+08  1.87e+04 1.60e+02  2.62e+05     1s
   2  -3.24154870e+08  3.24098591e+08  2.36e+02 1.04e+00  4.64e+03     1s
   3  -7.58822842e+07  7.65408495e+07  1.95e+00 1.85e-12  3.30e+02     1s
   4  -1.46402415e+07  1.53289745e+07  1.70e-01 5.46e-12  6.20e+01     1s
   5  -2.69627358e+06  2.98318096e+06  1.34e-02 1.15e-12  1.15e+01     1s
   6  -3.92625025e+05  4.49074257e+05  1.34e-08 1.18e-12  1.69e+00     2s
   7  -5.87181434e+04  7.36348975e+04  1.24e-13 6.75e-13  2.66e-01     2s
   8  -8.84722563e+03  1.05990857e+04  8.63e-14 2.64e-13  3.91e-02     2s
   9  -1.41105785e+03  1.74097044e+03  1.91e-14 3.74e-14  6.34e-03     2s
  10  -2.27101695e+02  2.23506865e+02  7.36e-15 2.84e-14  9.07e-04     2s
  11  -4.83266724e+01  3.73970011e+01  3.18e-15 2.84e-14  1.72e-04     2s
  12  -8.99711813e+00  1.60110968e+01  1.20e-15 2.49e-14  5.03e-05     2s
  13  -2.71996407e-01  8.47171609e+00  4.80e-16 1.42e-14  1.76e-05     2s
  14   2.31756585e+00  6.20151623e+00  1.62e-16 1.42e-14  7.81e-06     2s
  15   3.84040617e+00  5.07937548e+00  8.41e-17 1.42e-14  2.49e-06     3s
  16   4.24735628e+00  4.81238090e+00  4.88e-17 2.84e-14  1.14e-06     3s
  17   4.32319493e+00  4.77383150e+00  6.59e-17 1.42e-14  9.07e-07     3s
  18   4.44954168e+00  4.71717227e+00  6.28e-17 1.42e-14  5.38e-07     3s
  19   4.50932607e+00  4.69031687e+00  6.98e-17 1.42e-14  3.64e-07     3s
  20   4.56161536e+00  4.66823230e+00  6.78e-17 1.42e-14  2.14e-07     3s
  21   4.59736539e+00  4.65339828e+00  6.61e-17 1.42e-14  1.13e-07     3s
  22   4.62268083e+00  4.64348826e+00  1.40e-16 1.42e-14  4.19e-08     3s
  23   4.63087806e+00  4.64042179e+00  1.22e-15 1.42e-14  1.92e-08     3s
  24   4.63569177e+00  4.63867727e+00  3.39e-16 1.42e-14  6.01e-09     3s
  25   4.63706842e+00  4.63817690e+00  1.21e-16 1.42e-14  2.23e-09     3s
  26   4.63776621e+00  4.63792966e+00  2.07e-16 1.42e-14  3.29e-10     3s
  27   4.63786830e+00  4.63789354e+00  2.16e-16 2.84e-14  5.08e-11     4s
  28   4.63788669e+00  4.63788704e+00  1.90e-16 1.42e-14  7.07e-13     4s
  29   4.63788693e+00  4.63788695e+00  1.40e-15 1.42e-14  4.41e-14     4s
  30   4.63788694e+00  4.63788695e+00  4.16e-15 2.04e-14  1.27e-14     4s
  31   4.63788695e+00  4.63788695e+00  2.31e-15 1.42e-14  3.01e-15     4s
  32   4.63788695e+00  4.63788695e+00  2.11e-15 1.42e-14  9.54e-16     4s
  33   4.63788695e+00  4.63788695e+00  2.00e-15 1.42e-14  9.28e-16     4s
  34   4.63788695e+00  4.63788695e+00  1.36e-15 1.42e-14  5.90e-16     4s
  35   4.63788695e+00  4.63788695e+00  8.12e-16 1.42e-14  2.51e-16     4s
  36   4.63788695e+00  4.63788695e+00  6.65e-16 1.42e-14  1.60e-16     4s
  37   4.63788695e+00  4.63788695e+00  3.50e-16 1.42e-14  8.14e-17     4s

Barrier solved model in 37 iterations and 4.43 seconds (4.11 work units)
Optimal objective 4.63788695e+00

objective value: 4.637886946801635
Done! Time elapsed: 26.51565933227539 seconds.
g_0_1: 1.000003963485178
g_1_1: 1.0000023953099013
g_1_2: 1.0000067987592063
g_2_1: 1.000004317961399
g_2_2: 1.0000122476526923
g_2_3: 1.0000043355737094
g_2_4: 1.00001231046249
Parameters from last iteration: [0.1740007  0.70700172 0.1740012  0.70700308 0.17400215 0.70700309
 0.17400216]

Parameters from current iteration:
                [0.17400069 0.70700169 0.17400118 0.70700305 0.17400213 0.70700307
 0.17400214]


                Percentage Error = 1.0875961628893616e-07
                
year done: 14
Time 15: 2
Optimization Iteration[1/20000]

Solving the optimization problem...
Set parameter TokenServer to value "licenses.rcc.uchicago.edu"
Read LP format model from file /scratch/local/jobs/50183984/tmpfozctycf.pyomo.lp
Reading time = 1.32 seconds
x1: 258121 rows, 502401 columns, 1259970 nonzeros
Set parameter Threads to value 8
Set parameter BarConvTol to value 1e-12
Gurobi Optimizer version 11.0.0 build v11.0.0rc2 (linux64 - "CentOS Linux 8")

CPU model: Intel(R) Xeon(R) Gold 6248R CPU @ 3.00GHz, instruction set [SSE2|AVX|AVX2|AVX512]
Thread count: 48 physical cores, 48 logical processors, using up to 8 threads

Optimize a model with 258121 rows, 502401 columns and 1259970 nonzeros
Model fingerprint: 0xa02002cd
Model has 3166 quadratic objective terms
Coefficient statistics:
  Matrix range     [1e+00, 1e+03]
  Objective range  [5e-07, 7e+01]
  QObjective range [3e-01, 3e+03]
  Bounds range     [3e-04, 1e+00]
  RHS range        [4e-16, 5e+00]
Presolve removed 131482 rows and 128814 columns
Presolve time: 0.54s
Presolved: 126639 rows, 373587 columns, 743930 nonzeros
Presolved model has 3166 quadratic objective terms
Ordering time: 0.16s

Barrier statistics:
 AA' NZ     : 3.709e+05
 Factor NZ  : 4.212e+06 (roughly 240 MB of memory)
 Factor Ops : 3.974e+08 (less than 1 second per iteration)
 Threads    : 8

                  Objective                Residual
Iter       Primal          Dual         Primal    Dual     Compl     Time
   0  -1.08859003e+09  8.63519846e+08  7.80e+04 1.13e-13  1.00e+06     1s
   1  -6.35727301e+08  5.82241693e+08  1.87e+04 1.60e+02  2.62e+05     1s
   2  -3.24154898e+08  3.24098611e+08  2.36e+02 1.04e+00  4.64e+03     1s
   3  -7.58820467e+07  7.65406097e+07  1.95e+00 1.66e-12  3.30e+02     1s
   4  -1.46396060e+07  1.53283185e+07  1.70e-01 8.47e-12  6.20e+01     1s
   5  -2.69617718e+06  2.98306134e+06  1.34e-02 1.25e-12  1.15e+01     1s
   6  -3.92622371e+05  4.49120310e+05  1.34e-08 9.69e-13  1.69e+00     2s
   7  -5.87195058e+04  7.36430240e+04  1.26e-13 7.22e-13  2.66e-01     2s
   8  -8.84802520e+03  1.06013514e+04  8.30e-14 2.29e-13  3.91e-02     2s
   9  -1.41138860e+03  1.74108635e+03  2.39e-14 4.26e-14  6.34e-03     2s
  10  -2.27311138e+02  2.23368779e+02  7.02e-15 2.84e-14  9.07e-04     2s
  11  -4.44557434e+01  3.80434157e+01  2.18e-15 2.84e-14  1.66e-04     2s
  12  -7.18274905e+00  1.39739895e+01  9.02e-16 2.66e-14  4.26e-05     2s
  13   1.07971538e+00  6.70231531e+00  4.99e-16 2.84e-14  1.13e-05     2s
  14   3.16758154e+00  5.11354295e+00  1.92e-16 1.69e-14  3.91e-06     2s
  15   3.83045714e+00  4.77848564e+00  7.11e-17 1.42e-14  1.91e-06     3s
  16   4.18398981e+00  4.60623821e+00  1.30e-16 1.42e-14  8.49e-07     3s
  17   4.24733088e+00  4.58031743e+00  1.63e-16 1.42e-14  6.70e-07     3s
  18   4.32850246e+00  4.54602250e+00  4.75e-17 1.42e-14  4.38e-07     3s
  19   4.39636930e+00  4.51779128e+00  3.89e-17 1.42e-14  2.44e-07     3s
  20   4.44084088e+00  4.49965011e+00  6.90e-17 1.42e-14  1.18e-07     3s
  21   4.46478861e+00  4.49040223e+00  9.71e-17 1.42e-14  5.15e-08     3s
  22   4.47213403e+00  4.48770076e+00  1.89e-15 1.42e-14  3.13e-08     3s
  23   4.47996523e+00  4.48486483e+00  1.28e-16 2.13e-14  9.86e-09     3s
  24   4.48164347e+00  4.48426432e+00  2.04e-16 1.42e-14  5.27e-09     3s
  25   4.48324454e+00  4.48369662e+00  2.05e-16 2.13e-14  9.09e-10     3s
  26   4.48353166e+00  4.48359507e+00  1.91e-16 1.47e-14  1.28e-10     3s
  27   4.48357684e+00  4.48357917e+00  1.68e-16 1.42e-14  4.70e-12     4s
  28   4.48357853e+00  4.48357857e+00  4.67e-16 1.42e-14  8.31e-14     4s
  29   4.48357855e+00  4.48357857e+00  4.80e-15 1.42e-14  3.09e-14     4s
  30   4.48357856e+00  4.48357856e+00  2.76e-15 1.42e-14  7.00e-15     4s
  31   4.48357856e+00  4.48357856e+00  3.67e-15 3.91e-14  1.89e-15     4s
  32   4.48357856e+00  4.48357856e+00  2.60e-15 1.78e-14  1.06e-15     4s
  33   4.48357856e+00  4.48357856e+00  1.62e-15 1.42e-14  8.11e-16     4s
  34   4.48357856e+00  4.48357856e+00  1.11e-15 1.42e-14  3.95e-16     4s
  35   4.48357856e+00  4.48357856e+00  8.76e-16 1.42e-14  1.85e-16     4s
  36   4.48357856e+00  4.48357856e+00  4.11e-16 1.42e-14  1.60e-16     4s
  37   4.48357856e+00  4.48357856e+00  2.39e-16 1.42e-14  7.90e-17     4s

Barrier solved model in 37 iterations and 4.41 seconds (4.11 work units)
Optimal objective 4.48357856e+00

objective value: 4.483578564047723
Done! Time elapsed: 24.867061138153076 seconds.
g_0_1: 1.0000038949754597
g_1_1: 1.0000023720491187
g_1_2: 1.000006734166081
g_2_1: 1.0000042935925517
g_2_2: 1.0000121612381805
g_2_3: 1.0000043094781093
g_2_4: 1.000012226599641
Parameters from last iteration: [0.17400069 0.70700169 0.17400118 0.70700305 0.17400213 0.70700307
 0.17400214]

Parameters from current iteration:
                [0.17400068 0.70700168 0.17400117 0.70700304 0.17400212 0.70700305
 0.17400213]


                Percentage Error = 8.641345351882733e-08
                
year done: 15
Time 16: 2
Optimization Iteration[1/20000]

Solving the optimization problem...
Set parameter TokenServer to value "licenses.rcc.uchicago.edu"
Read LP format model from file /scratch/local/jobs/50183984/tmppcy9a061.pyomo.lp
Reading time = 1.33 seconds
x1: 258121 rows, 502401 columns, 1259970 nonzeros
Set parameter Threads to value 8
Set parameter BarConvTol to value 1e-12
Gurobi Optimizer version 11.0.0 build v11.0.0rc2 (linux64 - "CentOS Linux 8")

CPU model: Intel(R) Xeon(R) Gold 6248R CPU @ 3.00GHz, instruction set [SSE2|AVX|AVX2|AVX512]
Thread count: 48 physical cores, 48 logical processors, using up to 8 threads

Optimize a model with 258121 rows, 502401 columns and 1259970 nonzeros
Model fingerprint: 0x8f801b46
Model has 3166 quadratic objective terms
Coefficient statistics:
  Matrix range     [1e+00, 1e+03]
  Objective range  [5e-07, 7e+01]
  QObjective range [3e-01, 3e+03]
  Bounds range     [3e-04, 1e+00]
  RHS range        [4e-16, 5e+00]
Presolve removed 131482 rows and 128814 columns
Presolve time: 0.54s
Presolved: 126639 rows, 373587 columns, 743930 nonzeros
Presolved model has 3166 quadratic objective terms
Ordering time: 0.16s

Barrier statistics:
 AA' NZ     : 3.709e+05
 Factor NZ  : 4.212e+06 (roughly 240 MB of memory)
 Factor Ops : 3.974e+08 (less than 1 second per iteration)
 Threads    : 8

                  Objective                Residual
Iter       Primal          Dual         Primal    Dual     Compl     Time
   0  -1.08858999e+09  8.63519805e+08  7.80e+04 1.14e-13  1.00e+06     1s
   1  -6.35727303e+08  5.82241683e+08  1.87e+04 1.60e+02  2.62e+05     1s
   2  -3.24154922e+08  3.24098629e+08  2.36e+02 1.04e+00  4.64e+03     1s
   3  -7.58818499e+07  7.65404108e+07  1.95e+00 1.37e-12  3.30e+02     1s
   4  -1.46390778e+07  1.53277731e+07  1.70e-01 4.53e-12  6.20e+01     1s
   5  -2.69609708e+06  2.98296187e+06  1.34e-02 1.17e-12  1.15e+01     1s
   6  -3.92620488e+05  4.49160204e+05  1.34e-08 1.02e-12  1.69e+00     2s
   7  -5.87209547e+04  7.36512335e+04  1.26e-13 6.30e-13  2.66e-01     2s
   8  -8.84879717e+03  1.06034311e+04  6.69e-14 2.21e-13  3.91e-02     2s
   9  -1.41171046e+03  1.74118667e+03  1.95e-14 3.92e-14  6.34e-03     2s
  10  -2.27517938e+02  2.23226785e+02  8.64e-15 2.13e-14  9.07e-04     2s
  11  -4.75577964e+01  3.72655919e+01  2.41e-15 2.13e-14  1.71e-04     2s
  12  -5.11039975e+00  9.45896976e+00  7.33e-16 2.84e-14  2.93e-05     2s
  13  -3.07761038e-01  7.02243630e+00  4.79e-16 1.78e-14  1.47e-05     2s
  14   2.11597993e+00  5.75942766e+00  3.58e-16 2.84e-14  7.33e-06     2s
  15   3.53700973e+00  4.77658777e+00  8.33e-17 1.42e-14  2.49e-06     3s
  16   3.81246972e+00  4.57412014e+00  5.55e-17 1.42e-14  1.53e-06     3s
  17   4.05432809e+00  4.45696074e+00  6.54e-17 1.42e-14  8.10e-07     3s
  18   4.18047289e+00  4.39550737e+00  1.01e-16 1.42e-14  4.33e-07     3s
  19   4.23161719e+00  4.37242316e+00  6.79e-17 1.42e-14  2.83e-07     3s
  20   4.27441877e+00  4.35454004e+00  8.76e-17 1.42e-14  1.61e-07     3s
  21   4.31596911e+00  4.33813486e+00  1.26e-16 1.42e-14  4.46e-08     3s
  22   4.31861842e+00  4.33711697e+00  9.10e-17 1.42e-14  3.72e-08     3s
  23   4.32811546e+00  4.33356909e+00  7.96e-17 2.84e-14  1.10e-08     3s
  24   4.33026390e+00  4.33278395e+00  8.74e-17 1.42e-14  5.07e-09     3s
  25   4.33189431e+00  4.33220243e+00  1.36e-16 1.42e-14  6.20e-10     3s
  26   4.33210755e+00  4.33212658e+00  1.66e-16 2.84e-14  3.83e-11     3s
  27   4.33212135e+00  4.33212171e+00  2.04e-16 1.42e-14  7.16e-13     3s
  28   4.33212159e+00  4.33212163e+00  2.57e-15 1.42e-14  7.17e-14     4s
  29   4.33212161e+00  4.33212162e+00  6.10e-15 2.84e-14  1.87e-14     4s
  30   4.33212161e+00  4.33212162e+00  3.61e-15 1.42e-14  4.62e-15     4s
  31   4.33212162e+00  4.33212162e+00  7.00e-15 1.42e-14  9.12e-16     4s
  32   4.33212162e+00  4.33212162e+00  2.58e-15 4.26e-14  5.94e-16     4s
  33   4.33212162e+00  4.33212162e+00  2.15e-15 1.42e-14  2.54e-16     4s
  34   4.33212162e+00  4.33212162e+00  7.72e-16 1.42e-14  1.40e-16     4s
  35   4.33212162e+00  4.33212162e+00  3.35e-16 1.42e-14  8.67e-17     4s

Barrier solved model in 35 iterations and 4.21 seconds (3.92 work units)
Optimal objective 4.33212162e+00

objective value: 4.3321216164818255
Done! Time elapsed: 24.83572554588318 seconds.
g_0_1: 1.000003842005693
g_1_1: 1.0000023534836897
g_1_2: 1.0000066746270027
g_2_1: 1.000004273946894
g_2_2: 1.0000120972383888
g_2_3: 1.0000042868913
g_2_4: 1.0000121457489477
Parameters from last iteration: [0.17400068 0.70700168 0.17400117 0.70700304 0.17400212 0.70700305
 0.17400213]

Parameters from current iteration:
                [0.17400067 0.70700166 0.17400116 0.70700302 0.1740021  0.70700303
 0.17400211]


                Percentage Error = 8.084970464135102e-08
                
year done: 16
Time 17: 2
Optimization Iteration[1/20000]

Solving the optimization problem...
Set parameter TokenServer to value "licenses.rcc.uchicago.edu"
Read LP format model from file /scratch/local/jobs/50183984/tmp_3er401f.pyomo.lp
Reading time = 1.32 seconds
x1: 258121 rows, 502401 columns, 1259970 nonzeros
Set parameter Threads to value 8
Set parameter BarConvTol to value 1e-12
Gurobi Optimizer version 11.0.0 build v11.0.0rc2 (linux64 - "CentOS Linux 8")

CPU model: Intel(R) Xeon(R) Gold 6248R CPU @ 3.00GHz, instruction set [SSE2|AVX|AVX2|AVX512]
Thread count: 48 physical cores, 48 logical processors, using up to 8 threads

Optimize a model with 258121 rows, 502401 columns and 1259970 nonzeros
Model fingerprint: 0x0c4b38a5
Model has 3166 quadratic objective terms
Coefficient statistics:
  Matrix range     [1e+00, 1e+03]
  Objective range  [5e-07, 7e+01]
  QObjective range [3e-01, 3e+03]
  Bounds range     [3e-04, 1e+00]
  RHS range        [4e-16, 5e+00]
Presolve removed 131482 rows and 128814 columns
Presolve time: 0.54s
Presolved: 126639 rows, 373587 columns, 743930 nonzeros
Presolved model has 3166 quadratic objective terms
Ordering time: 0.16s

Barrier statistics:
 AA' NZ     : 3.709e+05
 Factor NZ  : 4.212e+06 (roughly 240 MB of memory)
 Factor Ops : 3.974e+08 (less than 1 second per iteration)
 Threads    : 8

                  Objective                Residual
Iter       Primal          Dual         Primal    Dual     Compl     Time
   0  -1.08858996e+09  8.63519770e+08  7.80e+04 1.14e-13  1.00e+06     1s
   1  -6.35727303e+08  5.82241672e+08  1.87e+04 1.60e+02  2.62e+05     1s
   2  -3.24154941e+08  3.24098641e+08  2.36e+02 1.04e+00  4.64e+03     1s
   3  -7.58816685e+07  7.65402276e+07  1.95e+00 1.58e-12  3.30e+02     1s
   4  -1.46385928e+07  1.53272724e+07  1.70e-01 4.20e-12  6.20e+01     1s
   5  -2.69602350e+06  2.98287055e+06  1.33e-02 1.40e-12  1.15e+01     1s
   6  -3.92616631e+05  4.49184930e+05  1.33e-08 1.01e-12  1.69e+00     2s
   7  -5.87209668e+04  7.36524869e+04  1.39e-13 7.41e-13  2.66e-01     2s
   8  -8.84913869e+03  1.06041862e+04  8.70e-14 2.21e-13  3.91e-02     2s
   9  -1.41193974e+03  1.74120234e+03  2.15e-14 4.26e-14  6.34e-03     2s
  10  -2.27692112e+02  2.23078579e+02  8.61e-15 2.84e-14  9.07e-04     2s
  11  -4.63752273e+01  3.74117988e+01  3.06e-15 2.84e-14  1.69e-04     2s
  12  -4.70530756e+00  9.14840807e+00  1.01e-15 1.42e-14  2.79e-05     2s
  13   1.27884679e+00  5.91108841e+00  4.31e-16 1.60e-14  9.32e-06     2s
  14   3.07561922e+00  4.70075766e+00  1.44e-16 1.42e-14  3.27e-06     2s
  15   3.65797241e+00  4.42751903e+00  6.87e-17 2.84e-14  1.55e-06     3s
  16   4.00300397e+00  4.25379106e+00  6.52e-17 1.42e-14  5.05e-07     3s
  17   4.05345508e+00  4.23329892e+00  7.00e-17 1.42e-14  3.62e-07     3s
  18   4.09742876e+00  4.21620357e+00  5.96e-17 1.42e-14  2.39e-07     3s
  19   4.11789272e+00  4.20816750e+00  7.65e-17 1.42e-14  1.82e-07     3s
  20   4.13462278e+00  4.20170993e+00  5.81e-17 1.69e-14  1.35e-07     3s
  21   4.16447771e+00  4.19035869e+00  8.46e-17 1.42e-14  5.21e-08     3s
  22   4.17857948e+00  4.18517862e+00  8.44e-17 1.42e-14  1.33e-08     3s
  23   4.18190298e+00  4.18398972e+00  1.14e-16 1.42e-14  4.20e-09     3s
  24   4.18214754e+00  4.18390151e+00  6.01e-17 1.42e-14  3.53e-09     3s
  25   4.18313990e+00  4.18355036e+00  1.83e-16 1.42e-14  8.26e-10     3s
  26   4.18342804e+00  4.18344873e+00  2.65e-16 1.42e-14  4.16e-11     3s
  27   4.18344305e+00  4.18344344e+00  2.15e-16 1.42e-14  7.83e-13     4s
  28   4.18344332e+00  4.18344335e+00  2.31e-15 1.42e-14  6.97e-14     4s
  29   4.18344333e+00  4.18344334e+00  4.38e-15 1.42e-14  1.97e-14     4s
  30   4.18344334e+00  4.18344334e+00  3.06e-15 2.84e-14  4.71e-15     4s
  31   4.18344334e+00  4.18344334e+00  2.18e-15 1.42e-14  1.26e-15     4s
  32   4.18344334e+00  4.18344334e+00  1.62e-15 1.42e-14  7.07e-16     4s
  33   4.18344334e+00  4.18344334e+00  1.40e-15 1.42e-14  6.31e-16     4s
  34   4.18344334e+00  4.18344334e+00  8.12e-16 1.42e-14  3.22e-16     4s
  35   4.18344334e+00  4.18344334e+00  4.69e-16 1.42e-14  2.01e-16     4s
  36   4.18344334e+00  4.18344334e+00  4.03e-16 1.42e-14  1.01e-16     4s
  37   4.18344334e+00  4.18344334e+00  3.96e-16 1.42e-14  9.84e-17     4s

Barrier solved model in 37 iterations and 4.38 seconds (4.12 work units)
Optimal objective 4.18344334e+00

objective value: 4.183443341783725
Done! Time elapsed: 25.008265018463135 seconds.
g_0_1: 1.000003795749944
g_1_1: 1.0000023388871744
g_1_2: 1.0000066275744393
g_2_1: 1.000004260581677
g_2_2: 1.0000120457948982
g_2_3: 1.0000042700582235
g_2_4: 1.0000120874050054
Parameters from last iteration: [0.17400067 0.70700166 0.17400116 0.70700302 0.1740021  0.70700303
 0.17400211]

Parameters from current iteration:
                [0.17400066 0.70700165 0.17400115 0.70700301 0.1740021  0.70700302
 0.1740021 ]


                Percentage Error = 5.8343233762618074e-08
                
year done: 17
Time 18: 2
Optimization Iteration[1/20000]

Solving the optimization problem...
Set parameter TokenServer to value "licenses.rcc.uchicago.edu"
Read LP format model from file /scratch/local/jobs/50183984/tmpuix_x40v.pyomo.lp
Reading time = 1.33 seconds
x1: 258121 rows, 502401 columns, 1259970 nonzeros
Set parameter Threads to value 8
Set parameter BarConvTol to value 1e-12
Gurobi Optimizer version 11.0.0 build v11.0.0rc2 (linux64 - "CentOS Linux 8")

CPU model: Intel(R) Xeon(R) Gold 6248R CPU @ 3.00GHz, instruction set [SSE2|AVX|AVX2|AVX512]
Thread count: 48 physical cores, 48 logical processors, using up to 8 threads

Optimize a model with 258121 rows, 502401 columns and 1259970 nonzeros
Model fingerprint: 0x2e476af6
Model has 3166 quadratic objective terms
Coefficient statistics:
  Matrix range     [1e+00, 1e+03]
  Objective range  [5e-07, 7e+01]
  QObjective range [3e-01, 3e+03]
  Bounds range     [3e-04, 1e+00]
  RHS range        [4e-16, 5e+00]
Presolve removed 131482 rows and 128814 columns
Presolve time: 0.54s
Presolved: 126639 rows, 373587 columns, 743930 nonzeros
Presolved model has 3166 quadratic objective terms
Ordering time: 0.16s

Barrier statistics:
 AA' NZ     : 3.709e+05
 Factor NZ  : 4.212e+06 (roughly 240 MB of memory)
 Factor Ops : 3.974e+08 (less than 1 second per iteration)
 Threads    : 8

                  Objective                Residual
Iter       Primal          Dual         Primal    Dual     Compl     Time
   0  -1.08858993e+09  8.63519740e+08  7.80e+04 1.14e-13  1.00e+06     1s
   1  -6.35727304e+08  5.82241663e+08  1.87e+04 1.60e+02  2.62e+05     1s
   2  -3.24154957e+08  3.24098652e+08  2.36e+02 1.04e+00  4.64e+03     1s
   3  -7.58815044e+07  7.65400618e+07  1.95e+00 1.59e-12  3.30e+02     1s
   4  -1.46381538e+07  1.53268191e+07  1.70e-01 3.96e-12  6.19e+01     1s
   5  -2.69595689e+06  2.98278784e+06  1.33e-02 1.44e-12  1.15e+01     1s
   6  -3.92613230e+05  4.49207692e+05  1.33e-08 9.11e-13  1.69e+00     2s
   7  -5.87211713e+04  7.36545825e+04  1.55e-13 7.37e-13  2.66e-01     2s
   8  -8.84952088e+03  1.06050486e+04  9.32e-14 2.65e-13  3.91e-02     2s
   9  -1.41217547e+03  1.74123024e+03  1.91e-14 5.02e-14  6.34e-03     2s
  10  -2.27866179e+02  2.22932857e+02  8.52e-15 2.84e-14  9.07e-04     2s
  11  -4.32313070e+01  3.80243087e+01  4.77e-15 2.13e-14  1.63e-04     2s
  12  -4.79151061e+00  8.88717640e+00  1.19e-15 1.42e-14  2.75e-05     2s
  13   1.56994265e+00  5.40627220e+00  3.46e-16 1.42e-14  7.72e-06     2s
  14   3.06187115e+00  4.48683212e+00  1.62e-16 1.42e-14  2.87e-06     3s
  15   3.57992685e+00  4.23562081e+00  8.74e-17 1.42e-14  1.32e-06     3s
  16   3.81442604e+00  4.12778619e+00  6.52e-17 1.42e-14  6.30e-07     3s
  17   3.91483110e+00  4.08611476e+00  5.72e-17 1.42e-14  3.45e-07     3s
  18   3.96055794e+00  4.06779584e+00  3.32e-17 1.42e-14  2.16e-07     3s
  19   3.98936392e+00  4.05678131e+00  3.26e-17 1.42e-14  1.36e-07     3s
  20   4.01668153e+00  4.04630087e+00  5.32e-17 1.60e-14  5.96e-08     3s
  21   4.02321546e+00  4.04387634e+00  4.56e-17 1.42e-14  4.16e-08     3s
  22   4.03375306e+00  4.04008080e+00  7.79e-17 1.42e-14  1.27e-08     3s
  23   4.03737585e+00  4.03878084e+00  2.29e-16 2.84e-14  2.83e-09     3s
  24   4.03797989e+00  4.03856651e+00  1.21e-16 1.42e-14  1.18e-09     3s
  25   4.03837895e+00  4.03842609e+00  1.57e-16 1.42e-14  9.49e-11     3s
  26   4.03841310e+00  4.03841407e+00  1.28e-16 1.42e-14  1.95e-12     3s
  27   4.03841379e+00  4.03841383e+00  1.24e-15 1.42e-14  7.24e-14     4s
  28   4.03841381e+00  4.03841382e+00  3.92e-15 1.42e-14  2.37e-14     4s
  29   4.03841382e+00  4.03841382e+00  2.88e-15 1.42e-14  5.51e-15     4s
  30   4.03841382e+00  4.03841382e+00  3.60e-15 2.13e-14  1.45e-15     4s
  31   4.03841382e+00  4.03841382e+00  1.86e-15 1.42e-14  6.72e-16     4s
  32   4.03841382e+00  4.03841382e+00  1.80e-15 1.42e-14  6.54e-16     4s
  33   4.03841382e+00  4.03841382e+00  1.52e-15 1.42e-14  5.83e-16     4s
  34   4.03841382e+00  4.03841382e+00  1.30e-15 1.42e-14  3.15e-16     4s
  35   4.03841382e+00  4.03841382e+00  1.12e-15 1.42e-14  2.75e-16     4s
  36   4.03841382e+00  4.03841382e+00  6.26e-16 1.42e-14  1.39e-16     4s
  37   4.03841382e+00  4.03841382e+00  3.54e-16 1.42e-14  9.20e-17     4s

Barrier solved model in 37 iterations and 4.40 seconds (4.16 work units)
Optimal objective 4.03841382e+00

objective value: 4.038413819779471
Done! Time elapsed: 26.611956357955933 seconds.
g_0_1: 1.000003758687208
g_1_1: 1.0000023269466056
g_1_2: 1.0000065911502758
g_2_1: 1.0000042494336383
g_2_2: 1.0000120082577728
g_2_3: 1.0000042566822398
g_2_4: 1.000012039158333
Parameters from last iteration: [0.17400066 0.70700165 0.17400115 0.70700301 0.1740021  0.70700302
 0.1740021 ]

Parameters from current iteration:
                [0.17400065 0.70700165 0.17400115 0.707003   0.17400209 0.70700301
 0.17400209]


                Percentage Error = 4.8246089291747885e-08
                
year done: 18
Time 19: 2
Optimization Iteration[1/20000]

Solving the optimization problem...
Set parameter TokenServer to value "licenses.rcc.uchicago.edu"
Read LP format model from file /scratch/local/jobs/50183984/tmp1r09nt1_.pyomo.lp
Reading time = 1.32 seconds
x1: 258121 rows, 502401 columns, 1259970 nonzeros
Set parameter Threads to value 8
Set parameter BarConvTol to value 1e-12
Gurobi Optimizer version 11.0.0 build v11.0.0rc2 (linux64 - "CentOS Linux 8")

CPU model: Intel(R) Xeon(R) Gold 6248R CPU @ 3.00GHz, instruction set [SSE2|AVX|AVX2|AVX512]
Thread count: 48 physical cores, 48 logical processors, using up to 8 threads

Optimize a model with 258121 rows, 502401 columns and 1259970 nonzeros
Model fingerprint: 0xe5c4fbb2
Model has 3166 quadratic objective terms
Coefficient statistics:
  Matrix range     [1e+00, 1e+03]
  Objective range  [5e-07, 7e+01]
  QObjective range [3e-01, 3e+03]
  Bounds range     [3e-04, 1e+00]
  RHS range        [4e-16, 5e+00]
Presolve removed 131482 rows and 128814 columns
Presolve time: 0.54s
Presolved: 126639 rows, 373587 columns, 743930 nonzeros
Presolved model has 3166 quadratic objective terms
Ordering time: 0.16s

Barrier statistics:
 AA' NZ     : 3.709e+05
 Factor NZ  : 4.212e+06 (roughly 240 MB of memory)
 Factor Ops : 3.974e+08 (less than 1 second per iteration)
 Threads    : 8

                  Objective                Residual
Iter       Primal          Dual         Primal    Dual     Compl     Time
   0  -1.08858991e+09  8.63519716e+08  7.80e+04 1.13e-13  1.00e+06     1s
   1  -6.35727303e+08  5.82241655e+08  1.87e+04 1.60e+02  2.62e+05     1s
   2  -3.24154969e+08  3.24098659e+08  2.36e+02 1.04e+00  4.64e+03     1s
   3  -7.58813566e+07  7.65399125e+07  1.95e+00 1.58e-12  3.30e+02     1s
   4  -1.46377605e+07  1.53264129e+07  1.70e-01 4.84e-12  6.19e+01     1s
   5  -2.69589722e+06  2.98271372e+06  1.33e-02 1.40e-12  1.15e+01     1s
   6  -3.92611013e+05  4.49232695e+05  1.33e-08 8.23e-13  1.69e+00     2s
   7  -5.87217916e+04  7.36584136e+04  1.67e-13 7.12e-13  2.66e-01     2s
   8  -8.84998601e+03  1.06061634e+04  6.89e-14 2.46e-13  3.91e-02     2s
   9  -1.41241487e+03  1.74125737e+03  2.75e-14 4.26e-14  6.34e-03     2s
  10  -2.28037671e+02  2.22798024e+02  7.17e-15 2.84e-14  9.07e-04     2s
  11  -4.34474389e+01  3.79622520e+01  2.22e-15 1.73e-14  1.64e-04     2s
  12  -5.19950090e+00  9.12905172e+00  1.38e-15 1.60e-14  2.88e-05     2s
  13   1.46502834e+00  5.14582431e+00  4.86e-16 1.42e-14  7.41e-06     2s
  14   2.77147476e+00  4.47127288e+00  1.40e-16 2.84e-14  3.42e-06     2s
  15   3.32232843e+00  4.17419532e+00  5.77e-17 1.42e-14  1.71e-06     3s
  16   3.60291650e+00  4.02962140e+00  4.60e-17 1.42e-14  8.58e-07     3s
  17   3.72320787e+00  3.96726210e+00  4.62e-17 1.42e-14  4.91e-07     3s
  18   3.81697734e+00  3.92782552e+00  4.23e-17 1.42e-14  2.23e-07     3s
  19   3.85392232e+00  3.91275901e+00  5.94e-17 1.42e-14  1.18e-07     3s
  20   3.87118560e+00  3.90611556e+00  5.79e-17 1.42e-14  7.03e-08     3s
  21   3.88321203e+00  3.90164078e+00  1.05e-16 2.84e-14  3.71e-08     3s
  22   3.88980179e+00  3.89921453e+00  6.44e-17 1.42e-14  1.89e-08     3s
  23   3.89453304e+00  3.89752369e+00  1.09e-16 1.42e-14  6.02e-09     3s
  24   3.89616958e+00  3.89694274e+00  1.07e-16 2.84e-14  1.56e-09     3s
  25   3.89669038e+00  3.89675864e+00  1.54e-16 1.42e-14  1.37e-10     3s
  26   3.89673984e+00  3.89674120e+00  1.30e-16 1.42e-14  2.74e-12     3s
  27   3.89674082e+00  3.89674085e+00  8.88e-16 2.84e-14  7.11e-14     3s
  28   3.89674084e+00  3.89674085e+00  6.68e-15 1.42e-14  2.49e-14     4s
  29   3.89674084e+00  3.89674085e+00  3.65e-15 1.42e-14  5.72e-15     4s
  30   3.89674085e+00  3.89674085e+00  4.81e-15 1.42e-14  1.55e-15     4s
  31   3.89674085e+00  3.89674085e+00  2.40e-15 1.42e-14  6.37e-16     4s
  32   3.89674085e+00  3.89674085e+00  2.39e-15 1.42e-14  6.20e-16     4s
  33   3.89674085e+00  3.89674085e+00  2.24e-15 1.42e-14  5.61e-16     4s
  34   3.89674085e+00  3.89674085e+00  2.20e-15 2.84e-14  2.65e-16     4s
  35   3.89674085e+00  3.89674085e+00  1.41e-15 1.42e-14  2.02e-16     4s
  36   3.89674085e+00  3.89674085e+00  8.85e-16 1.42e-14  9.71e-17     4s

Barrier solved model in 36 iterations and 4.30 seconds (4.01 work units)
Optimal objective 3.89674085e+00

objective value: 3.896740845703443
Done! Time elapsed: 24.676473379135132 seconds.
g_0_1: 1.0000037293705522
g_1_1: 1.000002318197322
g_1_2: 1.0000065588038851
g_2_1: 1.000004241660641
g_2_2: 1.0000119793024542
g_2_3: 1.000004247454101
g_2_4: 1.00001200142466
Parameters from last iteration: [0.17400065 0.70700165 0.17400115 0.707003   0.17400209 0.70700301
 0.17400209]

Parameters from current iteration:
                [0.17400065 0.70700164 0.17400114 0.707003   0.17400208 0.707003
 0.17400209]


                Percentage Error = 3.7733218551264866e-08
                
year done: 19
Time 20: 2
Optimization Iteration[1/20000]

Solving the optimization problem...
Set parameter TokenServer to value "licenses.rcc.uchicago.edu"
Read LP format model from file /scratch/local/jobs/50183984/tmpmdxvpkak.pyomo.lp
Reading time = 1.33 seconds
x1: 258121 rows, 502401 columns, 1259970 nonzeros
Set parameter Threads to value 8
Set parameter BarConvTol to value 1e-12
Gurobi Optimizer version 11.0.0 build v11.0.0rc2 (linux64 - "CentOS Linux 8")

CPU model: Intel(R) Xeon(R) Gold 6248R CPU @ 3.00GHz, instruction set [SSE2|AVX|AVX2|AVX512]
Thread count: 48 physical cores, 48 logical processors, using up to 8 threads

Optimize a model with 258121 rows, 502401 columns and 1259970 nonzeros
Model fingerprint: 0x149ff5ba
Model has 3166 quadratic objective terms
Coefficient statistics:
  Matrix range     [1e+00, 1e+03]
  Objective range  [5e-07, 7e+01]
  QObjective range [3e-01, 3e+03]
  Bounds range     [3e-04, 1e+00]
  RHS range        [4e-16, 6e+00]
Presolve removed 131482 rows and 128814 columns
Presolve time: 0.55s
Presolved: 126639 rows, 373587 columns, 743930 nonzeros
Presolved model has 3166 quadratic objective terms
Ordering time: 0.16s

Barrier statistics:
 AA' NZ     : 3.709e+05
 Factor NZ  : 4.212e+06 (roughly 240 MB of memory)
 Factor Ops : 3.974e+08 (less than 1 second per iteration)
 Threads    : 8

                  Objective                Residual
Iter       Primal          Dual         Primal    Dual     Compl     Time
   0  -1.08858989e+09  8.63519696e+08  7.80e+04 1.14e-13  1.00e+06     1s
   1  -6.35727303e+08  5.82241648e+08  1.87e+04 1.60e+02  2.62e+05     1s
   2  -3.24154980e+08  3.24098665e+08  2.36e+02 1.04e+00  4.64e+03     1s
   3  -7.58812261e+07  7.65397806e+07  1.95e+00 2.04e-12  3.30e+02     1s
   4  -1.46374135e+07  1.53260546e+07  1.70e-01 4.63e-12  6.19e+01     1s
   5  -2.69584460e+06  2.98264831e+06  1.33e-02 1.24e-12  1.15e+01     1s
   6  -3.92609349e+05  4.49256280e+05  1.33e-08 9.38e-13  1.69e+00     2s
   7  -5.87225503e+04  7.36627411e+04  1.14e-13 6.18e-13  2.66e-01     2s
   8  -8.85046835e+03  1.06073171e+04  7.14e-14 2.61e-13  3.91e-02     2s
   9  -1.41265053e+03  1.74127922e+03  3.03e-14 5.68e-14  6.35e-03     2s
  10  -2.28205313e+02  2.22667600e+02  7.56e-15 2.13e-14  9.07e-04     2s
  11  -4.21766170e+01  3.84042907e+01  3.09e-15 2.84e-14  1.62e-04     2s
  12  -7.31772146e+00  1.12186344e+01  9.41e-16 1.42e-14  3.73e-05     2s
  13   9.25757262e-01  4.81355161e+00  5.16e-16 2.84e-14  7.82e-06     2s
  14   2.57515475e+00  4.32401821e+00  2.33e-16 2.13e-14  3.52e-06     2s
  15   3.13640649e+00  4.05638585e+00  7.07e-17 2.84e-14  1.85e-06     3s
  16   3.28652386e+00  3.97078351e+00  4.36e-17 1.60e-14  1.38e-06     3s
  17   3.51878125e+00  3.86313993e+00  3.01e-17 1.42e-14  6.93e-07     3s
  18   3.60609486e+00  3.82140615e+00  5.82e-17 1.42e-14  4.33e-07     3s
  19   3.68729924e+00  3.78725378e+00  3.92e-17 2.84e-14  2.01e-07     3s
  20   3.73337041e+00  3.76845036e+00  4.46e-17 1.42e-14  7.06e-08     3s
  21   3.74415700e+00  3.76442012e+00  5.43e-17 1.42e-14  4.08e-08     3s
  22   3.75002088e+00  3.76226176e+00  9.16e-16 2.22e-14  2.46e-08     3s
  23   3.75617333e+00  3.76002870e+00  2.12e-16 1.42e-14  7.76e-09     3s
  24   3.75800992e+00  3.75937170e+00  7.18e-17 2.84e-14  2.74e-09     3s
  25   3.75874918e+00  3.75910929e+00  1.55e-16 1.42e-14  7.24e-10     3s
  26   3.75900076e+00  3.75902070e+00  5.00e-16 2.84e-14  4.01e-11     3s
  27   3.75901518e+00  3.75901563e+00  6.51e-16 2.84e-14  9.12e-13     4s
  28   3.75901549e+00  3.75901552e+00  5.14e-15 1.42e-14  6.45e-14     4s
  29   3.75901551e+00  3.75901552e+00  3.38e-15 2.13e-14  1.81e-14     4s
  30   3.75901551e+00  3.75901551e+00  2.25e-15 1.42e-14  4.36e-15     4s
  31   3.75901551e+00  3.75901551e+00  2.00e-15 1.42e-14  1.16e-15     4s
  32   3.75901551e+00  3.75901551e+00  8.98e-16 1.42e-14  6.63e-16     4s
  33   3.75901551e+00  3.75901551e+00  8.15e-16 1.42e-14  5.77e-16     4s
  34   3.75901551e+00  3.75901551e+00  5.44e-16 1.42e-14  3.12e-16     4s
  35   3.75901551e+00  3.75901551e+00  3.68e-16 1.42e-14  1.18e-16     4s
  36   3.75901551e+00  3.75901551e+00  2.74e-16 1.42e-14  8.25e-17     4s

Barrier solved model in 36 iterations and 4.33 seconds (4.01 work units)
Optimal objective 3.75901551e+00

objective value: 3.759015513426091
Done! Time elapsed: 24.861933946609497 seconds.
g_0_1: 1.00000370422672
g_1_1: 1.0000023114525622
g_1_2: 1.0000065341092086
g_2_1: 1.0000042363294366
g_2_2: 1.000011960557735
g_2_3: 1.000004240032295
g_2_4: 1.0000119761801438
Parameters from last iteration: [0.17400065 0.70700164 0.17400114 0.707003   0.17400208 0.707003
 0.17400209]

Parameters from current iteration:
                [0.17400064 0.70700163 0.17400114 0.707003   0.17400208 0.707003
 0.17400208]


                Percentage Error = 2.524421328100458e-08
                
year done: 20
Time 21: 2
Optimization Iteration[1/20000]

Solving the optimization problem...
Set parameter TokenServer to value "licenses.rcc.uchicago.edu"
Read LP format model from file /scratch/local/jobs/50183984/tmpyc0zte6o.pyomo.lp
Reading time = 1.32 seconds
x1: 258121 rows, 502401 columns, 1259970 nonzeros
Set parameter Threads to value 8
Set parameter BarConvTol to value 1e-12
Gurobi Optimizer version 11.0.0 build v11.0.0rc2 (linux64 - "CentOS Linux 8")

CPU model: Intel(R) Xeon(R) Gold 6248R CPU @ 3.00GHz, instruction set [SSE2|AVX|AVX2|AVX512]
Thread count: 48 physical cores, 48 logical processors, using up to 8 threads

Optimize a model with 258121 rows, 502401 columns and 1259970 nonzeros
Model fingerprint: 0x1768bd08
Model has 3166 quadratic objective terms
Coefficient statistics:
  Matrix range     [1e+00, 1e+03]
  Objective range  [5e-07, 7e+01]
  QObjective range [3e-01, 3e+03]
  Bounds range     [3e-04, 1e+00]
  RHS range        [4e-16, 6e+00]
Presolve removed 131482 rows and 128814 columns
Presolve time: 0.54s
Presolved: 126639 rows, 373587 columns, 743930 nonzeros
Presolved model has 3166 quadratic objective terms
Ordering time: 0.16s

Barrier statistics:
 AA' NZ     : 3.709e+05
 Factor NZ  : 4.212e+06 (roughly 240 MB of memory)
 Factor Ops : 3.974e+08 (less than 1 second per iteration)
 Threads    : 8

                  Objective                Residual
Iter       Primal          Dual         Primal    Dual     Compl     Time
   0  -1.08858987e+09  8.63519679e+08  7.80e+04 1.14e-13  1.00e+06     1s
   1  -6.35727303e+08  5.82241641e+08  1.87e+04 1.60e+02  2.62e+05     1s
   2  -3.24154987e+08  3.24098669e+08  2.36e+02 1.04e+00  4.64e+03     1s
   3  -7.58811146e+07  7.65396678e+07  1.95e+00 2.09e-12  3.30e+02     1s
   4  -1.46371172e+07  1.53257485e+07  1.70e-01 4.02e-12  6.19e+01     1s
   5  -2.69579965e+06  2.98259241e+06  1.33e-02 1.42e-12  1.15e+01     1s
   6  -3.92607840e+05  4.49275806e+05  1.33e-08 9.93e-13  1.69e+00     2s
   7  -5.87232077e+04  7.36664278e+04  1.16e-13 5.99e-13  2.66e-01     2s
   8  -8.85090018e+03  1.06082907e+04  7.86e-14 2.71e-13  3.91e-02     2s
   9  -1.41287128e+03  1.74128339e+03  1.87e-14 5.68e-14  6.35e-03     2s
  10  -2.28366504e+02  2.22537725e+02  1.07e-14 2.84e-14  9.07e-04     2s
  11  -3.90908030e+01  3.90547417e+01  3.27e-15 2.84e-14  1.57e-04     2s
  12  -4.94186810e+00  9.02845415e+00  1.12e-15 2.84e-14  2.81e-05     2s
  13   1.35558242e+00  4.45613220e+00  2.82e-16 1.42e-14  6.24e-06     2s
  14   2.68135013e+00  4.05726697e+00  1.99e-16 2.84e-14  2.77e-06     3s
  15   3.07613624e+00  3.85720950e+00  7.23e-17 2.13e-14  1.57e-06     3s
  16   3.34354551e+00  3.73826959e+00  5.82e-17 1.42e-14  7.94e-07     3s
  17   3.44155129e+00  3.69704675e+00  3.85e-17 1.42e-14  5.14e-07     3s
  18   3.51704265e+00  3.66645255e+00  4.19e-17 1.42e-14  3.01e-07     3s
  19   3.58335327e+00  3.64063517e+00  5.07e-17 2.84e-14  1.15e-07     3s
  20   3.60487155e+00  3.63280320e+00  7.94e-17 1.42e-14  5.62e-08     3s
  21   3.61583235e+00  3.62877499e+00  6.91e-17 1.42e-14  2.60e-08     3s
  22   3.62174125e+00  3.62665782e+00  7.85e-17 1.42e-14  9.89e-09     3s
  23   3.62441943e+00  3.62570193e+00  7.69e-16 1.42e-14  2.58e-09     3s
  24   3.62526384e+00  3.62540263e+00  5.55e-17 2.84e-14  2.79e-10     3s
  25   3.62536207e+00  3.62536806e+00  1.29e-16 2.13e-14  1.20e-11     3s
  26   3.62536642e+00  3.62536653e+00  3.55e-16 1.42e-14  2.20e-13     3s
  27   3.62536647e+00  3.62536651e+00  3.58e-15 1.42e-14  8.09e-14     4s
  28   3.62536649e+00  3.62536650e+00  1.95e-15 1.51e-14  1.84e-14     4s
  29   3.62536650e+00  3.62536650e+00  2.89e-15 1.42e-14  4.64e-15     4s
  30   3.62536650e+00  3.62536650e+00  1.58e-15 1.42e-14  1.58e-15     4s
  31   3.62536650e+00  3.62536650e+00  1.56e-15 1.42e-14  1.54e-15     4s
  32   3.62536650e+00  3.62536650e+00  1.49e-15 1.42e-14  1.49e-15     4s
  33   3.62536650e+00  3.62536650e+00  1.47e-15 1.42e-14  8.80e-16     4s
  34   3.62536650e+00  3.62536650e+00  9.57e-16 1.42e-14  4.66e-16     4s
  35   3.62536650e+00  3.62536650e+00  8.13e-16 1.42e-14  4.12e-16     4s
  36   3.62536650e+00  3.62536650e+00  5.35e-16 1.42e-14  2.44e-16     4s
  37   3.62536650e+00  3.62536650e+00  3.22e-16 1.42e-14  2.04e-16     4s
  38   3.62536650e+00  3.62536650e+00  1.86e-16 1.42e-14  1.06e-16     4s
  39   3.62536650e+00  3.62536650e+00  1.64e-16 1.42e-14  9.50e-17     5s

Barrier solved model in 39 iterations and 4.58 seconds (4.28 work units)
Optimal objective 3.62536650e+00

objective value: 3.6253664993261
Done! Time elapsed: 25.13709282875061 seconds.
g_0_1: 1.000003686940829
g_1_1: 1.0000023091109962
g_1_2: 1.0000065159400697
g_2_1: 1.0000042363294361
g_2_2: 1.0000119493768713
g_2_3: 1.0000042363294364
g_2_4: 1.000011960200793
Parameters from last iteration: [0.17400064 0.70700163 0.17400114 0.707003   0.17400208 0.707003
 0.17400208]

Parameters from current iteration:
                [0.17400064 0.70700163 0.17400113 0.707003   0.17400208 0.707003
 0.17400208]


                Percentage Error = 1.8169020048584548e-08
                
year done: 21
Time 22: 2
Optimization Iteration[1/20000]

Solving the optimization problem...
Set parameter TokenServer to value "licenses.rcc.uchicago.edu"
Read LP format model from file /scratch/local/jobs/50183984/tmpc_39s0dj.pyomo.lp
Reading time = 1.32 seconds
x1: 258121 rows, 502401 columns, 1259970 nonzeros
Set parameter Threads to value 8
Set parameter BarConvTol to value 1e-12
Gurobi Optimizer version 11.0.0 build v11.0.0rc2 (linux64 - "CentOS Linux 8")

CPU model: Intel(R) Xeon(R) Gold 6248R CPU @ 3.00GHz, instruction set [SSE2|AVX|AVX2|AVX512]
Thread count: 48 physical cores, 48 logical processors, using up to 8 threads

Optimize a model with 258121 rows, 502401 columns and 1259970 nonzeros
Model fingerprint: 0xe37061df
Model has 3166 quadratic objective terms
Coefficient statistics:
  Matrix range     [1e+00, 1e+03]
  Objective range  [5e-07, 7e+01]
  QObjective range [3e-01, 3e+03]
  Bounds range     [3e-04, 1e+00]
  RHS range        [3e-16, 6e+00]
Presolve removed 131482 rows and 128814 columns
Presolve time: 0.54s
Presolved: 126639 rows, 373587 columns, 743930 nonzeros
Presolved model has 3166 quadratic objective terms
Ordering time: 0.16s

Barrier statistics:
 AA' NZ     : 3.709e+05
 Factor NZ  : 4.212e+06 (roughly 240 MB of memory)
 Factor Ops : 3.974e+08 (less than 1 second per iteration)
 Threads    : 8

                  Objective                Residual
Iter       Primal          Dual         Primal    Dual     Compl     Time
   0  -1.08858986e+09  8.63519666e+08  7.80e+04 1.14e-13  1.00e+06     1s
   1  -6.35727302e+08  5.82241636e+08  1.87e+04 1.60e+02  2.62e+05     1s
   2  -3.24154994e+08  3.24098673e+08  2.36e+02 1.04e+00  4.64e+03     1s
   3  -7.58810244e+07  7.65395766e+07  1.95e+00 1.48e-12  3.30e+02     1s
   4  -1.46368768e+07  1.53255002e+07  1.70e-01 4.70e-12  6.19e+01     1s
   5  -2.69576323e+06  2.98254706e+06  1.33e-02 1.24e-12  1.15e+01     1s
   6  -3.92606277e+05  4.49289559e+05  1.33e-08 1.91e-12  1.69e+00     2s
   7  -5.87236189e+04  7.36687743e+04  1.52e-13 6.94e-13  2.66e-01     2s
   8  -8.85124001e+03  1.06089563e+04  4.84e-14 2.30e-13  3.92e-02     2s
   9  -1.41306933e+03  1.74125943e+03  2.02e-14 4.13e-14  6.35e-03     2s
  10  -2.28519958e+02  2.22406484e+02  6.32e-15 2.84e-14  9.07e-04     2s
  11  -4.98498566e+01  3.65764771e+01  2.69e-15 2.84e-14  1.74e-04     2s
  12  -8.95872821e+00  1.28222595e+01  1.04e-15 1.42e-14  4.38e-05     2s
  13   6.13695779e-01  4.71149779e+00  4.40e-16 2.84e-14  8.24e-06     2s
  14   2.37023526e+00  4.01891092e+00  2.31e-16 1.42e-14  3.32e-06     2s
  15   3.02387290e+00  3.69728269e+00  6.61e-17 1.82e-14  1.35e-06     3s
  16   3.10455513e+00  3.66257300e+00  4.68e-17 2.84e-14  1.12e-06     3s
  17   3.34400911e+00  3.55782859e+00  6.35e-17 2.84e-14  4.30e-07     3s
  18   3.38198227e+00  3.54119229e+00  2.94e-17 1.42e-14  3.20e-07     3s
  19   3.43846370e+00  3.51763181e+00  3.28e-17 1.42e-14  1.59e-07     3s
  20   3.45752577e+00  3.51020402e+00  3.00e-17 1.42e-14  1.06e-07     3s
  21   3.47857532e+00  3.50196145e+00  3.73e-17 1.42e-14  4.70e-08     3s
  22   3.48842142e+00  3.49836422e+00  3.75e-17 1.42e-14  2.00e-08     3s
  23   3.49365595e+00  3.49649189e+00  5.50e-17 1.42e-14  5.71e-09     3s
  24   3.49472599e+00  3.49611005e+00  4.44e-17 1.42e-14  2.78e-09     3s
  25   3.49564211e+00  3.49578636e+00  5.96e-16 2.13e-14  2.90e-10     3s
  26   3.49574315e+00  3.49575077e+00  7.86e-17 1.42e-14  1.53e-11     3s
  27   3.49574871e+00  3.49574882e+00  2.46e-16 1.42e-14  2.06e-13     4s
  28   3.49574876e+00  3.49574880e+00  4.13e-15 1.42e-14  7.85e-14     4s
  29   3.49574878e+00  3.49574879e+00  2.43e-15 2.84e-14  1.79e-14     4s
  30   3.49574879e+00  3.49574879e+00  3.98e-15 1.42e-14  4.57e-15     4s
  31   3.49574879e+00  3.49574879e+00  3.35e-15 1.42e-14  1.51e-15     4s
  32   3.49574879e+00  3.49574879e+00  3.27e-15 1.42e-14  1.48e-15     4s
  33   3.49574879e+00  3.49574879e+00  3.14e-15 1.47e-14  1.43e-15     4s
  34   3.49574879e+00  3.49574879e+00  1.73e-15 1.42e-14  9.08e-16     4s
  35   3.49574879e+00  3.49574879e+00  1.24e-15 1.42e-14  4.70e-16     4s
  36   3.49574879e+00  3.49574879e+00  1.07e-15 1.42e-14  4.42e-16     4s
  37   3.49574879e+00  3.49574879e+00  8.60e-16 1.42e-14  2.41e-16     4s
  38   3.49574879e+00  3.49574879e+00  6.24e-16 1.42e-14  1.59e-16     4s
  39   3.49574879e+00  3.49574879e+00  5.33e-16 1.42e-14  8.36e-17     5s

Barrier solved model in 39 iterations and 4.56 seconds (4.29 work units)
Optimal objective 3.49574879e+00

objective value: 3.495748788413757
Done! Time elapsed: 25.051542282104492 seconds.
g_0_1: 1.0000036771980354
g_1_1: 1.0000023087381487
g_1_2: 1.0000065095704955
g_2_1: 1.0000042363294364
g_2_2: 1.000011942781881
g_2_3: 1.0000042363294366
g_2_4: 1.0000119490472552
Parameters from last iteration: [0.17400064 0.70700163 0.17400113 0.707003   0.17400208 0.707003
 0.17400208]

Parameters from current iteration:
                [0.17400064 0.70700163 0.17400113 0.707003   0.17400208 0.707003
 0.17400208]


                Percentage Error = 1.115340446645333e-08
                
year done: 22
Time 23: 2
Optimization Iteration[1/20000]

Solving the optimization problem...
Set parameter TokenServer to value "licenses.rcc.uchicago.edu"
Read LP format model from file /scratch/local/jobs/50183984/tmpl20bxba1.pyomo.lp
Reading time = 1.51 seconds
x1: 258121 rows, 502401 columns, 1259970 nonzeros
Set parameter Threads to value 8
Set parameter BarConvTol to value 1e-12
Gurobi Optimizer version 11.0.0 build v11.0.0rc2 (linux64 - "CentOS Linux 8")

CPU model: Intel(R) Xeon(R) Gold 6248R CPU @ 3.00GHz, instruction set [SSE2|AVX|AVX2|AVX512]
Thread count: 48 physical cores, 48 logical processors, using up to 8 threads

Optimize a model with 258121 rows, 502401 columns and 1259970 nonzeros
Model fingerprint: 0xd243c89b
Model has 3166 quadratic objective terms
Coefficient statistics:
  Matrix range     [1e+00, 1e+03]
  Objective range  [5e-07, 7e+01]
  QObjective range [3e-01, 3e+03]
  Bounds range     [3e-04, 1e+00]
  RHS range        [3e-16, 6e+00]
Presolve removed 131482 rows and 128814 columns
Presolve time: 0.55s
Presolved: 126639 rows, 373587 columns, 743930 nonzeros
Presolved model has 3166 quadratic objective terms
Ordering time: 0.16s

Barrier statistics:
 AA' NZ     : 3.709e+05
 Factor NZ  : 4.212e+06 (roughly 240 MB of memory)
 Factor Ops : 3.974e+08 (less than 1 second per iteration)
 Threads    : 8

                  Objective                Residual
Iter       Primal          Dual         Primal    Dual     Compl     Time
   0  -1.08858985e+09  8.63519658e+08  7.80e+04 1.13e-13  1.00e+06     1s
   1  -6.35727302e+08  5.82241632e+08  1.87e+04 1.60e+02  2.62e+05     1s
   2  -3.24154999e+08  3.24098675e+08  2.36e+02 1.04e+00  4.64e+03     1s
   3  -7.58809545e+07  7.65395059e+07  1.95e+00 1.53e-12  3.30e+02     1s
   4  -1.46366912e+07  1.53253084e+07  1.70e-01 3.66e-12  6.19e+01     1s
   5  -2.69573511e+06  2.98251198e+06  1.33e-02 1.34e-12  1.15e+01     1s
   6  -3.92605184e+05  4.49300656e+05  1.33e-08 9.35e-13  1.69e+00     2s
   7  -5.87240206e+04  7.36708377e+04  1.49e-13 7.77e-13  2.66e-01     2s
   8  -8.85154547e+03  1.06094961e+04  4.98e-14 2.23e-13  3.92e-02     2s
   9  -1.41325140e+03  1.74121543e+03  2.22e-14 4.04e-14  6.35e-03     2s
  10  -2.28665786e+02  2.22279137e+02  6.47e-15 2.84e-14  9.07e-04     2s
  11  -4.09302585e+01  3.83829760e+01  2.37e-15 2.84e-14  1.60e-04     2s
  12  -8.81736449e+00  1.14946483e+01  8.79e-16 1.42e-14  4.09e-05     2s
  13   1.25231048e+00  4.25594875e+00  4.42e-16 1.42e-14  6.04e-06     2s
  14   1.83445098e+00  3.97883247e+00  3.25e-16 1.42e-14  4.31e-06     2s
  15   2.77132762e+00  3.63408666e+00  1.23e-16 2.13e-14  1.74e-06     3s
  16   3.10324756e+00  3.48394278e+00  4.87e-17 1.55e-14  7.66e-07     3s
  17   3.21403297e+00  3.43217196e+00  7.92e-17 1.42e-14  4.39e-07     3s
  18   3.27118598e+00  3.40853278e+00  7.65e-17 1.42e-14  2.76e-07     3s
  19   3.30510535e+00  3.39445374e+00  5.43e-17 1.42e-14  1.80e-07     3s
  20   3.32015414e+00  3.38837344e+00  5.46e-17 1.42e-14  1.37e-07     3s
  21   3.34638015e+00  3.37844576e+00  1.15e-16 1.42e-14  6.45e-08     3s
  22   3.35789685e+00  3.37405682e+00  7.81e-17 2.84e-14  3.25e-08     3s
  23   3.36694617e+00  3.37080395e+00  4.55e-17 1.42e-14  7.76e-09     3s
  24   3.36847416e+00  3.37025899e+00  4.10e-17 1.42e-14  3.59e-09     3s
  25   3.36920759e+00  3.36999942e+00  4.38e-17 1.42e-14  1.59e-09     3s
  26   3.36973017e+00  3.36981557e+00  2.55e-15 2.84e-14  1.72e-10     3s
  27   3.36979008e+00  3.36979450e+00  3.45e-16 1.42e-14  8.90e-12     3s
  28   3.36979328e+00  3.36979338e+00  2.70e-16 1.42e-14  1.90e-13     4s
  29   3.36979333e+00  3.36979336e+00  2.79e-15 1.42e-14  6.84e-14     4s
  30   3.36979335e+00  3.36979335e+00  2.05e-15 2.13e-14  1.06e-14     4s
  31   3.36979335e+00  3.36979335e+00  2.63e-15 1.42e-14  2.92e-15     4s
  32   3.36979335e+00  3.36979335e+00  1.37e-15 1.42e-14  1.23e-15     4s
  33   3.36979335e+00  3.36979335e+00  1.19e-15 8.88e-15  1.09e-15     4s
  34   3.36979335e+00  3.36979335e+00  1.21e-15 1.42e-14  5.20e-16     4s
  35   3.36979335e+00  3.36979335e+00  7.06e-16 1.42e-14  3.37e-16     4s
  36   3.36979335e+00  3.36979335e+00  5.05e-16 1.42e-14  1.51e-16     4s
  37   3.36979335e+00  3.36979335e+00  2.82e-16 1.42e-14  9.41e-17     4s

Barrier solved model in 37 iterations and 4.49 seconds (4.15 work units)
Optimal objective 3.36979335e+00

objective value: 3.3697933524420343
Done! Time elapsed: 26.667495489120483 seconds.
g_0_1: 1.000003671894485
g_1_1: 1.0000023087381482
g_1_2: 1.0000065086202161
g_2_1: 1.0000042363294361
g_2_2: 1.0000119427818848
g_2_3: 1.0000042363294364
g_2_4: 1.0000119427818537
Parameters from last iteration: [0.17400064 0.70700163 0.17400113 0.707003   0.17400208 0.707003
 0.17400208]

Parameters from current iteration:
                [0.17400064 0.70700163 0.17400113 0.707003   0.17400208 0.707003
 0.17400208]


                Percentage Error = 6.265326647098966e-09
                
year done: 23
Time 24: 2
Optimization Iteration[1/20000]

Solving the optimization problem...
Set parameter TokenServer to value "licenses.rcc.uchicago.edu"
Read LP format model from file /scratch/local/jobs/50183984/tmp8z6e6l8n.pyomo.lp
Reading time = 1.34 seconds
x1: 258121 rows, 502401 columns, 1259970 nonzeros
Set parameter Threads to value 8
Set parameter BarConvTol to value 1e-12
Gurobi Optimizer version 11.0.0 build v11.0.0rc2 (linux64 - "CentOS Linux 8")

CPU model: Intel(R) Xeon(R) Gold 6248R CPU @ 3.00GHz, instruction set [SSE2|AVX|AVX2|AVX512]
Thread count: 48 physical cores, 48 logical processors, using up to 8 threads

Optimize a model with 258121 rows, 502401 columns and 1259970 nonzeros
Model fingerprint: 0xeee64dfb
Model has 3166 quadratic objective terms
Coefficient statistics:
  Matrix range     [1e+00, 1e+03]
  Objective range  [5e-07, 7e+01]
  QObjective range [3e-01, 3e+03]
  Bounds range     [3e-04, 1e+00]
  RHS range        [3e-16, 6e+00]
Presolve removed 131482 rows and 128814 columns
Presolve time: 0.54s
Presolved: 126639 rows, 373587 columns, 743930 nonzeros
Presolved model has 3166 quadratic objective terms
Ordering time: 0.16s

Barrier statistics:
 AA' NZ     : 3.709e+05
 Factor NZ  : 4.212e+06 (roughly 240 MB of memory)
 Factor Ops : 3.974e+08 (less than 1 second per iteration)
 Threads    : 8

                  Objective                Residual
Iter       Primal          Dual         Primal    Dual     Compl     Time
   0  -1.08858984e+09  8.63519653e+08  7.80e+04 1.14e-13  1.00e+06     1s
   1  -6.35727302e+08  5.82241630e+08  1.87e+04 1.60e+02  2.62e+05     1s
   2  -3.24155000e+08  3.24098675e+08  2.36e+02 1.04e+00  4.64e+03     1s
   3  -7.58809030e+07  7.65394537e+07  1.95e+00 1.47e-12  3.30e+02     2s
   4  -1.46365552e+07  1.53251678e+07  1.70e-01 4.18e-12  6.19e+01     2s
   5  -2.69571453e+06  2.98248625e+06  1.33e-02 1.22e-12  1.15e+01     2s
   6  -3.92604477e+05  4.49309117e+05  1.33e-08 1.18e-12  1.69e+00     2s
   7  -5.87243812e+04  7.36724887e+04  1.46e-13 7.17e-13  2.66e-01     2s
   8  -8.85180876e+03  1.06098901e+04  5.71e-14 2.09e-13  3.92e-02     2s
   9  -1.41341633e+03  1.74115403e+03  1.99e-14 4.17e-14  6.35e-03     2s
  10  -2.28803086e+02  2.22156147e+02  1.05e-14 2.84e-14  9.07e-04     2s
  11  -5.01473788e+01  3.63479849e+01  2.48e-15 2.84e-14  1.74e-04     2s
  12  -8.14528662e+00  1.19338496e+01  8.80e-16 1.42e-14  4.04e-05     3s
  13   1.32275585e+00  3.89290831e+00  4.10e-16 1.42e-14  5.17e-06     3s
  14   2.51381877e+00  3.58918376e+00  2.68e-16 3.55e-14  2.16e-06     3s
  15   2.99976524e+00  3.34187207e+00  6.14e-17 1.42e-14  6.88e-07     3s
  16   3.05932308e+00  3.32264405e+00  1.55e-16 2.84e-14  5.30e-07     3s
  17   3.15142935e+00  3.28449650e+00  2.94e-17 1.42e-14  2.68e-07     3s
  18   3.19665126e+00  3.26705039e+00  4.84e-17 2.84e-14  1.42e-07     3s
  19   3.21253567e+00  3.26071045e+00  5.08e-17 2.13e-14  9.69e-08     3s
  20   3.23132385e+00  3.25375486e+00  3.64e-17 1.42e-14  4.51e-08     3s
  21   3.24443631e+00  3.24900845e+00  5.23e-17 2.84e-14  9.20e-09     3s
  22   3.24604914e+00  3.24843088e+00  5.40e-17 1.42e-14  4.79e-09     3s
  23   3.24756423e+00  3.24789449e+00  6.61e-17 1.42e-14  6.64e-10     4s
  24   3.24778404e+00  3.24781689e+00  5.90e-17 1.42e-14  6.61e-11     4s
  25   3.24780780e+00  3.24780852e+00  1.07e-16 1.42e-14  1.44e-12     4s
  26   3.24780814e+00  3.24780840e+00  9.50e-16 1.42e-14  5.12e-13     4s
  27   3.24780829e+00  3.24780835e+00  6.93e-16 2.84e-14  1.19e-13     4s
  28   3.24780832e+00  3.24780834e+00  9.44e-16 2.13e-14  2.98e-14     4s
  29   3.24780833e+00  3.24780833e+00  8.99e-16 1.42e-14  1.00e-14     4s
  30   3.24780833e+00  3.24780833e+00  8.60e-16 1.42e-14  9.65e-15     4s
  31   3.24780833e+00  3.24780833e+00  5.41e-16 1.42e-14  5.50e-15     4s
  32   3.24780833e+00  3.24780833e+00  3.16e-16 1.42e-14  3.79e-15     4s
  33   3.24780833e+00  3.24780833e+00  2.86e-16 1.42e-14  1.62e-15     4s
  34   3.24780833e+00  3.24780833e+00  2.76e-16 1.42e-14  1.58e-15     4s
  35   3.24780833e+00  3.24780833e+00  2.36e-16 1.42e-14  1.46e-15     5s
  36   3.24780833e+00  3.24780833e+00  2.01e-16 1.42e-14  1.05e-15     5s
  37   3.24780833e+00  3.24780833e+00  1.94e-16 1.42e-14  5.82e-16     5s
  38   3.24780833e+00  3.24780833e+00  1.36e-16 1.42e-14  2.75e-16     5s
  39   3.24780833e+00  3.24780833e+00  1.22e-16 2.84e-14  1.21e-16     5s
  40   3.24780833e+00  3.24780833e+00  9.22e-17 1.42e-14  7.31e-17     5s

Barrier solved model in 40 iterations and 5.08 seconds (4.43 work units)
Optimal objective 3.24780833e+00

objective value: 3.247808332890589
Done! Time elapsed: 25.543840885162354 seconds.
g_0_1: 1.0000036699200834
g_1_1: 1.0000023087381489
g_1_2: 1.0000065086202152
g_2_1: 1.0000042363294366
g_2_2: 1.0000119427818772
g_2_3: 1.0000042363294368
g_2_4: 1.000011942781853
Parameters from last iteration: [0.17400064 0.70700163 0.17400113 0.707003   0.17400208 0.707003
 0.17400208]

Parameters from current iteration:
                [0.17400064 0.70700163 0.17400113 0.707003   0.17400208 0.707003
 0.17400208]


                Percentage Error = 1.9743943949640037e-09
                
year done: 24
Time 25: 2
Optimization Iteration[1/20000]

Solving the optimization problem...
Set parameter TokenServer to value "licenses.rcc.uchicago.edu"
Read LP format model from file /scratch/local/jobs/50183984/tmp27wbzshf.pyomo.lp
Reading time = 1.32 seconds
x1: 258121 rows, 502401 columns, 1259970 nonzeros
Set parameter Threads to value 8
Set parameter BarConvTol to value 1e-12
Gurobi Optimizer version 11.0.0 build v11.0.0rc2 (linux64 - "CentOS Linux 8")

CPU model: Intel(R) Xeon(R) Gold 6248R CPU @ 3.00GHz, instruction set [SSE2|AVX|AVX2|AVX512]
Thread count: 48 physical cores, 48 logical processors, using up to 8 threads

Optimize a model with 258121 rows, 502401 columns and 1259970 nonzeros
Model fingerprint: 0xa057681f
Model has 3166 quadratic objective terms
Coefficient statistics:
  Matrix range     [1e+00, 1e+03]
  Objective range  [5e-07, 7e+01]
  QObjective range [3e-01, 3e+03]
  Bounds range     [3e-04, 1e+00]
  RHS range        [3e-16, 6e+00]
Presolve removed 131482 rows and 128814 columns
Presolve time: 0.54s
Presolved: 126639 rows, 373587 columns, 743930 nonzeros
Presolved model has 3166 quadratic objective terms
Ordering time: 0.16s

Barrier statistics:
 AA' NZ     : 3.709e+05
 Factor NZ  : 4.212e+06 (roughly 240 MB of memory)
 Factor Ops : 3.974e+08 (less than 1 second per iteration)
 Threads    : 8

                  Objective                Residual
Iter       Primal          Dual         Primal    Dual     Compl     Time
   0  -1.08858984e+09  8.63519651e+08  7.80e+04 1.14e-13  1.00e+06     1s
   1  -6.35727302e+08  5.82241628e+08  1.87e+04 1.60e+02  2.62e+05     1s
   2  -3.24155001e+08  3.24098674e+08  2.36e+02 1.04e+00  4.64e+03     1s
   3  -7.58808702e+07  7.65394204e+07  1.95e+00 1.43e-12  3.30e+02     1s
   4  -1.46364688e+07  1.53250784e+07  1.70e-01 3.96e-12  6.19e+01     1s
   5  -2.69570150e+06  2.98246986e+06  1.33e-02 1.25e-12  1.15e+01     1s
   6  -3.92604174e+05  4.49315054e+05  1.33e-08 2.84e-12  1.69e+00     2s
   7  -5.87246973e+04  7.36737046e+04  1.34e-13 6.29e-13  2.66e-01     2s
   8  -8.85202681e+03  1.06101282e+04  6.58e-14 2.80e-13  3.92e-02     2s
   9  -1.41356332e+03  1.74107709e+03  1.66e-14 3.77e-14  6.35e-03     2s
  10  -2.28931170e+02  2.22038159e+02  7.54e-15 2.84e-14  9.07e-04     2s
  11  -4.88183668e+01  3.61774779e+01  2.58e-15 1.73e-14  1.71e-04     2s
  12  -9.32032847e+00  1.24997356e+01  1.21e-15 1.42e-14  4.39e-05     2s
  13   1.06766675e+00  3.93148061e+00  4.10e-16 1.42e-14  5.76e-06     2s
  14   2.47697281e+00  3.42317927e+00  1.75e-16 2.84e-14  1.90e-06     2s
  15   2.85382714e+00  3.23847752e+00  6.35e-17 1.42e-14  7.74e-07     3s
  16   2.92789742e+00  3.21117769e+00  1.00e-16 1.42e-14  5.70e-07     3s
  17   3.04096863e+00  3.16487068e+00  5.51e-17 1.42e-14  2.49e-07     3s
  18   3.04521656e+00  3.16312540e+00  4.88e-17 1.42e-14  2.37e-07     3s
  19   3.08699314e+00  3.14597653e+00  4.27e-17 2.84e-14  1.19e-07     3s
  20   3.11387512e+00  3.13579963e+00  1.16e-16 2.13e-14  4.41e-08     3s
  21   3.12356078e+00  3.13232559e+00  8.68e-17 1.42e-14  1.76e-08     3s
  22   3.12806381e+00  3.13073039e+00  4.64e-17 1.42e-14  5.36e-09     3s
  23   3.12911261e+00  3.13035924e+00  4.55e-17 1.42e-14  2.51e-09     3s
  24   3.12994189e+00  3.13006725e+00  5.22e-17 2.13e-14  2.52e-10     3s
  25   3.13002397e+00  3.13003835e+00  1.06e-16 1.51e-14  2.89e-11     3s
  26   3.13003415e+00  3.13003478e+00  1.31e-16 1.42e-14  1.25e-12     3s
  27   3.13003447e+00  3.13003466e+00  9.12e-16 1.42e-14  3.87e-13     4s
  28   3.13003458e+00  3.13003463e+00  3.54e-16 1.42e-14  8.81e-14     4s
  29   3.13003461e+00  3.13003462e+00  5.72e-16 1.42e-14  2.30e-14     4s
  30   3.13003461e+00  3.13003462e+00  4.50e-16 1.42e-14  6.96e-15     4s
  31   3.13003461e+00  3.13003462e+00  4.12e-16 2.84e-14  6.63e-15     4s
  32   3.13003461e+00  3.13003461e+00  3.14e-16 1.42e-14  4.08e-15     4s
  33   3.13003461e+00  3.13003461e+00  2.01e-16 1.42e-14  1.73e-15     4s
  34   3.13003461e+00  3.13003461e+00  1.58e-16 1.42e-14  1.07e-15     4s
  35   3.13003461e+00  3.13003461e+00  1.16e-16 7.11e-15  7.08e-16     4s
  36   3.13003461e+00  3.13003461e+00  1.45e-16 1.42e-14  3.57e-16     4s
  37   3.13003461e+00  3.13003461e+00  1.28e-16 2.13e-14  1.94e-16     4s
  38   3.13003461e+00  3.13003461e+00  8.80e-17 1.42e-14  1.51e-16     5s
  39   3.13003461e+00  3.13003461e+00  1.02e-16 1.42e-14  8.65e-17     5s

Barrier solved model in 39 iterations and 4.63 seconds (4.31 work units)
Optimal objective 3.13003461e+00

objective value: 3.130034614141759
Done! Time elapsed: 25.117860317230225 seconds.
g_0_1: 1.0000036695702852
g_1_1: 1.0000023087381484
g_1_2: 1.0000065086202157
g_2_1: 1.0000042363294364
g_2_2: 1.000011942781882
g_2_3: 1.0000042363294366
g_2_4: 1.0000119427818535
Parameters from last iteration: [0.17400064 0.70700163 0.17400113 0.707003   0.17400208 0.707003
 0.17400208]

Parameters from current iteration:
                [0.17400064 0.70700163 0.17400113 0.707003   0.17400208 0.707003
 0.17400208]


                Percentage Error = 3.497968122541435e-10
                
year done: 25
Time 26: 2
Optimization Iteration[1/20000]

Solving the optimization problem...
Set parameter TokenServer to value "licenses.rcc.uchicago.edu"
Read LP format model from file /scratch/local/jobs/50183984/tmpgkij197_.pyomo.lp
Reading time = 1.35 seconds
x1: 258121 rows, 502401 columns, 1259970 nonzeros
Set parameter Threads to value 8
Set parameter BarConvTol to value 1e-12
Gurobi Optimizer version 11.0.0 build v11.0.0rc2 (linux64 - "CentOS Linux 8")

CPU model: Intel(R) Xeon(R) Gold 6248R CPU @ 3.00GHz, instruction set [SSE2|AVX|AVX2|AVX512]
Thread count: 48 physical cores, 48 logical processors, using up to 8 threads

Optimize a model with 258121 rows, 502401 columns and 1259970 nonzeros
Model fingerprint: 0xd0e6e74a
Model has 3166 quadratic objective terms
Coefficient statistics:
  Matrix range     [1e+00, 1e+03]
  Objective range  [5e-07, 7e+01]
  QObjective range [3e-01, 3e+03]
  Bounds range     [3e-04, 1e+00]
  RHS range        [3e-16, 6e+00]
Presolve removed 131482 rows and 128814 columns
Presolve time: 0.55s
Presolved: 126639 rows, 373587 columns, 743930 nonzeros
Presolved model has 3166 quadratic objective terms
Ordering time: 0.16s

Barrier statistics:
 AA' NZ     : 3.709e+05
 Factor NZ  : 4.212e+06 (roughly 240 MB of memory)
 Factor Ops : 3.974e+08 (less than 1 second per iteration)
 Threads    : 8

                  Objective                Residual
Iter       Primal          Dual         Primal    Dual     Compl     Time
   0  -1.08858984e+09  8.63519650e+08  7.80e+04 1.13e-13  1.00e+06     1s
   1  -6.35727302e+08  5.82241627e+08  1.87e+04 1.60e+02  2.62e+05     1s
   2  -3.24155002e+08  3.24098674e+08  2.36e+02 1.04e+00  4.64e+03     1s
   3  -7.58808493e+07  7.65393991e+07  1.95e+00 1.71e-12  3.30e+02     1s
   4  -1.46364139e+07  1.53250215e+07  1.70e-01 4.57e-12  6.19e+01     1s
   5  -2.69569324e+06  2.98245939e+06  1.33e-02 1.40e-12  1.15e+01     1s
   6  -3.92604034e+05  4.49318873e+05  1.33e-08 1.16e-12  1.69e+00     2s
   7  -5.87249464e+04  7.36744840e+04  1.87e-13 7.91e-13  2.66e-01     2s
   8  -8.85220662e+03  1.06102486e+04  7.90e-14 2.35e-13  3.92e-02     2s
   9  -1.41369582e+03  1.74098966e+03  2.31e-14 4.26e-14  6.35e-03     2s
  10  -2.29051361e+02  2.21924520e+02  9.51e-15 4.26e-14  9.07e-04     2s
  11  -4.89410245e+01  3.60667302e+01  2.55e-15 2.84e-14  1.71e-04     2s
  12  -8.20784328e+00  1.14942783e+01  1.22e-15 3.20e-14  3.96e-05     2s
  13   1.02506708e+00  3.87021286e+00  3.78e-16 1.42e-14  5.72e-06     2s
  14   2.36058153e+00  3.32822231e+00  1.33e-16 1.42e-14  1.95e-06     3s
  15   2.81154287e+00  3.10392257e+00  4.30e-17 1.42e-14  5.88e-07     3s
  16   2.90646431e+00  3.05999802e+00  1.08e-16 1.42e-14  3.09e-07     3s
  17   2.91465752e+00  3.05659781e+00  9.90e-17 1.42e-14  2.86e-07     3s
  18   2.98854905e+00  3.02701509e+00  8.16e-17 2.84e-14  7.74e-08     3s
  19   2.99399771e+00  3.02497441e+00  5.90e-17 1.42e-14  6.23e-08     3s
  20   3.00629540e+00  3.02044764e+00  1.22e-16 1.42e-14  2.85e-08     3s
  21   3.01329126e+00  3.01792665e+00  8.19e-17 2.13e-14  9.33e-09     3s
  22   3.01579399e+00  3.01704429e+00  4.42e-17 1.42e-14  2.52e-09     3s
  23   3.01657666e+00  3.01676838e+00  8.41e-17 1.42e-14  3.86e-10     3s
  24   3.01671170e+00  3.01672089e+00  7.65e-17 1.42e-14  1.85e-11     3s
  25   3.01671813e+00  3.01671863e+00  2.13e-16 1.42e-14  9.96e-13     3s
  26   3.01671839e+00  3.01671854e+00  1.16e-15 2.13e-14  2.93e-13     3s
  27   3.01671847e+00  3.01671851e+00  4.78e-16 1.42e-14  6.67e-14     4s
  28   3.01671849e+00  3.01671850e+00  6.46e-16 1.42e-14  1.76e-14     4s
  29   3.01671850e+00  3.01671850e+00  5.86e-16 1.42e-14  5.75e-15     4s
  30   3.01671850e+00  3.01671850e+00  5.31e-16 1.69e-14  5.45e-15     4s
  31   3.01671850e+00  3.01671850e+00  4.19e-16 1.42e-14  3.24e-15     4s
  32   3.01671850e+00  3.01671850e+00  3.00e-16 8.88e-15  1.76e-15     4s
  33   3.01671850e+00  3.01671850e+00  2.69e-16 1.42e-14  8.76e-16     4s
  34   3.01671850e+00  3.01671850e+00  1.95e-16 1.42e-14  6.78e-16     4s
  35   3.01671850e+00  3.01671850e+00  2.23e-16 1.42e-14  3.26e-16     4s
  36   3.01671850e+00  3.01671850e+00  1.36e-16 1.42e-14  2.14e-16     4s
  37   3.01671850e+00  3.01671850e+00  1.19e-16 1.42e-14  1.11e-16     4s
  38   3.01671850e+00  3.01671850e+00  1.20e-16 1.42e-14  7.18e-17     5s

Barrier solved model in 38 iterations and 4.54 seconds (4.19 work units)
Optimal objective 3.01671850e+00

objective value: 3.0167184978199737
Done! Time elapsed: 24.99335265159607 seconds.
g_0_1: 1.000003669570284
g_1_1: 1.000002308738149
g_1_2: 1.000006508620215
g_2_1: 1.0000042363294366
g_2_2: 1.0000119427818768
g_2_3: 1.0000042363294368
g_2_4: 1.000011942781853
Parameters from last iteration: [0.17400064 0.70700163 0.17400113 0.707003   0.17400208 0.707003
 0.17400208]

Parameters from current iteration:
                [0.17400064 0.70700163 0.17400113 0.707003   0.17400208 0.707003
 0.17400208]


                Percentage Error = 5.263925612910734e-15
                
year done: 26
Time 27: 2
Optimization Iteration[1/20000]

Solving the optimization problem...
Set parameter TokenServer to value "licenses.rcc.uchicago.edu"
Read LP format model from file /scratch/local/jobs/50183984/tmpatw9yafy.pyomo.lp
Reading time = 1.35 seconds
x1: 258121 rows, 502401 columns, 1259970 nonzeros
Set parameter Threads to value 8
Set parameter BarConvTol to value 1e-12
Gurobi Optimizer version 11.0.0 build v11.0.0rc2 (linux64 - "CentOS Linux 8")

CPU model: Intel(R) Xeon(R) Gold 6248R CPU @ 3.00GHz, instruction set [SSE2|AVX|AVX2|AVX512]
Thread count: 48 physical cores, 48 logical processors, using up to 8 threads

Optimize a model with 258121 rows, 502401 columns and 1259970 nonzeros
Model fingerprint: 0xbf8f12fc
Model has 3166 quadratic objective terms
Coefficient statistics:
  Matrix range     [1e+00, 1e+03]
  Objective range  [5e-07, 7e+01]
  QObjective range [3e-01, 3e+03]
  Bounds range     [3e-04, 1e+00]
  RHS range        [3e-16, 6e+00]
Presolve removed 131482 rows and 128814 columns
Presolve time: 0.54s
Presolved: 126639 rows, 373587 columns, 743930 nonzeros
Presolved model has 3166 quadratic objective terms
Ordering time: 0.16s

Barrier statistics:
 AA' NZ     : 3.709e+05
 Factor NZ  : 4.212e+06 (roughly 240 MB of memory)
 Factor Ops : 3.974e+08 (less than 1 second per iteration)
 Threads    : 8

                  Objective                Residual
Iter       Primal          Dual         Primal    Dual     Compl     Time
   0  -1.08858984e+09  8.63519650e+08  7.80e+04 1.13e-13  1.00e+06     1s
   1  -6.35727302e+08  5.82241626e+08  1.87e+04 1.60e+02  2.62e+05     1s
   2  -3.24155002e+08  3.24098674e+08  2.36e+02 1.04e+00  4.64e+03     1s
   3  -7.58808389e+07  7.65393883e+07  1.95e+00 1.47e-12  3.30e+02     1s
   4  -1.46363863e+07  1.53249928e+07  1.70e-01 4.71e-12  6.19e+01     1s
   5  -2.69568914e+06  2.98245407e+06  1.33e-02 1.39e-12  1.15e+01     1s
   6  -3.92604020e+05  4.49320768e+05  1.33e-08 9.78e-13  1.69e+00     2s
   7  -5.87251262e+04  7.36748371e+04  1.80e-13 6.63e-13  2.66e-01     2s
   8  -8.85234961e+03  1.06102594e+04  5.73e-14 2.17e-13  3.92e-02     2s
   9  -1.41381441e+03  1.74089390e+03  2.25e-14 3.85e-14  6.35e-03     2s
  10  -2.29163679e+02  2.21815536e+02  8.32e-15 2.84e-14  9.07e-04     2s
  11  -4.90545477e+01  3.59587871e+01  2.78e-15 1.42e-14  1.71e-04     2s
  12  -6.27109299e+00  8.12718726e+00  8.22e-16 1.42e-14  2.90e-05     2s
  13   1.21265350e+00  3.37893079e+00  3.39e-16 1.51e-14  4.36e-06     2s
  14   2.06038875e+00  3.29504589e+00  2.80e-16 2.84e-14  2.48e-06     3s
  15   2.70112229e+00  2.99575083e+00  6.09e-17 1.42e-14  5.93e-07     3s
  16   2.82475793e+00  2.93933314e+00  5.46e-17 1.42e-14  2.31e-07     3s
  17   2.86162949e+00  2.92512917e+00  1.19e-16 1.42e-14  1.28e-07     3s
  18   2.88906464e+00  2.91483123e+00  1.62e-16 1.42e-14  5.18e-08     3s
  19   2.90146048e+00  2.91023124e+00  1.32e-16 1.42e-14  1.76e-08     3s
  20   2.90594835e+00  2.90864503e+00  6.88e-17 2.84e-14  5.43e-09     3s
  21   2.90703656e+00  2.90826091e+00  7.35e-17 1.47e-14  2.46e-09     3s
  22   2.90785234e+00  2.90797390e+00  4.56e-17 1.42e-14  2.45e-10     3s
  23   2.90793269e+00  2.90794563e+00  9.12e-17 1.42e-14  2.60e-11     3s
  24   2.90794198e+00  2.90794237e+00  1.80e-16 1.42e-14  7.94e-13     3s
  25   2.90794217e+00  2.90794230e+00  1.53e-15 1.42e-14  2.70e-13     3s
  26   2.90794224e+00  2.90794228e+00  5.32e-16 1.42e-14  6.30e-14     3s
  27   2.90794226e+00  2.90794227e+00  9.45e-16 2.84e-14  1.61e-14     4s
  28   2.90794227e+00  2.90794227e+00  4.03e-16 1.42e-14  4.78e-15     4s
  29   2.90794227e+00  2.90794227e+00  3.41e-16 1.42e-14  2.95e-15     4s
  30   2.90794227e+00  2.90794227e+00  2.43e-16 1.42e-14  2.47e-15     4s
  31   2.90794227e+00  2.90794227e+00  2.42e-16 1.42e-14  9.37e-16     4s
  32   2.90794227e+00  2.90794227e+00  1.50e-16 2.84e-14  6.03e-16     4s
  33   2.90794227e+00  2.90794227e+00  1.42e-16 1.42e-14  5.52e-16     4s
  34   2.90794227e+00  2.90794227e+00  1.28e-16 1.42e-14  5.16e-16     4s
  35   2.90794227e+00  2.90794227e+00  1.03e-16 1.42e-14  3.90e-16     4s
  36   2.90794227e+00  2.90794227e+00  1.75e-16 1.42e-14  1.95e-16     4s
  37   2.90794227e+00  2.90794227e+00  1.03e-16 1.42e-14  1.06e-16     4s
  38   2.90794227e+00  2.90794227e+00  7.58e-17 1.42e-14  7.61e-17     5s

Barrier solved model in 38 iterations and 4.55 seconds (4.23 work units)
Optimal objective 2.90794227e+00

objective value: 2.9079422670571726
Done! Time elapsed: 26.434919595718384 seconds.
g_0_1: 1.0000036695702843
g_1_1: 1.0000023087381489
g_1_2: 1.0000065086202152
g_2_1: 1.0000042363294366
g_2_2: 1.0000119427818783
g_2_3: 1.0000042363294368
g_2_4: 1.000011942781853
Parameters from last iteration: [0.17400064 0.70700163 0.17400113 0.707003   0.17400208 0.707003
 0.17400208]

Parameters from current iteration:
                [0.17400064 0.70700163 0.17400113 0.707003   0.17400208 0.707003
 0.17400208]


                Percentage Error = 1.5951289736093216e-15
                
year done: 27
Time 28: 2
Optimization Iteration[1/20000]

Solving the optimization problem...
Set parameter TokenServer to value "licenses.rcc.uchicago.edu"
Read LP format model from file /scratch/local/jobs/50183984/tmp3q5ajct7.pyomo.lp
Reading time = 1.37 seconds
x1: 258121 rows, 502401 columns, 1259970 nonzeros
Set parameter Threads to value 8
Set parameter BarConvTol to value 1e-12
Gurobi Optimizer version 11.0.0 build v11.0.0rc2 (linux64 - "CentOS Linux 8")

CPU model: Intel(R) Xeon(R) Gold 6248R CPU @ 3.00GHz, instruction set [SSE2|AVX|AVX2|AVX512]
Thread count: 48 physical cores, 48 logical processors, using up to 8 threads

Optimize a model with 258121 rows, 502401 columns and 1259970 nonzeros
Model fingerprint: 0x999d57d7
Model has 3166 quadratic objective terms
Coefficient statistics:
  Matrix range     [1e+00, 1e+03]
  Objective range  [5e-07, 7e+01]
  QObjective range [3e-01, 3e+03]
  Bounds range     [3e-04, 1e+00]
  RHS range        [3e-16, 6e+00]
Presolve removed 131482 rows and 128814 columns
Presolve time: 0.55s
Presolved: 126639 rows, 373587 columns, 743930 nonzeros
Presolved model has 3166 quadratic objective terms
Ordering time: 0.16s

Barrier statistics:
 AA' NZ     : 3.709e+05
 Factor NZ  : 4.212e+06 (roughly 240 MB of memory)
 Factor Ops : 3.974e+08 (less than 1 second per iteration)
 Threads    : 8

                  Objective                Residual
Iter       Primal          Dual         Primal    Dual     Compl     Time
   0  -1.08858984e+09  8.63519650e+08  7.80e+04 1.13e-13  1.00e+06     1s
   1  -6.35727302e+08  5.82241626e+08  1.87e+04 1.60e+02  2.62e+05     1s
   2  -3.24155002e+08  3.24098673e+08  2.36e+02 1.04e+00  4.64e+03     1s
   3  -7.58808390e+07  7.65393882e+07  1.95e+00 1.88e-12  3.30e+02     1s
   4  -1.46363864e+07  1.53249927e+07  1.70e-01 3.59e-12  6.19e+01     1s
   5  -2.69568925e+06  2.98245397e+06  1.33e-02 1.31e-12  1.15e+01     1s
   6  -3.92604124e+05  4.49320663e+05  1.33e-08 9.93e-13  1.69e+00     2s
   7  -5.87252304e+04  7.36747329e+04  1.70e-13 6.67e-13  2.66e-01     2s
   8  -8.85245382e+03  1.06101552e+04  5.38e-14 2.37e-13  3.92e-02     2s
   9  -1.41391862e+03  1.74078968e+03  2.32e-14 3.88e-14  6.35e-03     2s
  10  -2.29267889e+02  2.21711325e+02  7.55e-15 2.84e-14  9.07e-04     2s
  11  -4.91587583e+01  3.58545764e+01  3.25e-15 2.13e-14  1.71e-04     2s
  12  -6.37530366e+00  8.02297659e+00  1.36e-15 2.84e-14  2.90e-05     2s
  13   1.10844284e+00  3.27472012e+00  3.76e-16 2.13e-14  4.36e-06     2s
  14   1.95617808e+00  3.19083522e+00  3.79e-16 2.13e-14  2.48e-06     3s
  15   2.59691162e+00  2.89154016e+00  7.30e-17 1.42e-14  5.93e-07     3s
  16   2.72054726e+00  2.83512248e+00  1.01e-16 1.60e-14  2.31e-07     3s
  17   2.75741882e+00  2.82091850e+00  7.66e-17 1.42e-14  1.28e-07     3s
  18   2.78485397e+00  2.81062056e+00  1.08e-16 1.42e-14  5.18e-08     3s
  19   2.79724981e+00  2.80602057e+00  6.24e-17 1.42e-14  1.76e-08     3s
  20   2.80173768e+00  2.80443437e+00  1.31e-16 1.42e-14  5.43e-09     3s
  21   2.80282589e+00  2.80405024e+00  8.83e-17 2.84e-14  2.46e-09     3s
  22   2.80364167e+00  2.80376323e+00  1.45e-16 1.42e-14  2.45e-10     3s
  23   2.80372203e+00  2.80373496e+00  1.52e-16 1.42e-14  2.60e-11     3s
  24   2.80373145e+00  2.80373165e+00  1.23e-16 1.42e-14  4.06e-13     3s
  25   2.80373157e+00  2.80373161e+00  2.25e-15 1.42e-14  7.56e-14     3s
  26   2.80373159e+00  2.80373160e+00  3.71e-15 1.42e-14  2.06e-14     4s
  27   2.80373160e+00  2.80373160e+00  2.37e-15 1.42e-14  5.25e-15     4s
  28   2.80373160e+00  2.80373160e+00  2.33e-15 1.42e-14  1.38e-15     4s
  29   2.80373160e+00  2.80373160e+00  1.37e-15 1.42e-14  5.32e-16     4s
  30   2.80373160e+00  2.80373160e+00  1.28e-15 1.42e-14  5.00e-16     4s
  31   2.80373160e+00  2.80373160e+00  8.47e-16 1.42e-14  2.96e-16     4s
  32   2.80373160e+00  2.80373160e+00  7.56e-16 1.42e-14  2.83e-16     4s
  33   2.80373160e+00  2.80373160e+00  5.70e-16 1.42e-14  1.91e-16     4s
  34   2.80373160e+00  2.80373160e+00  5.58e-16 1.42e-14  8.65e-17     4s

Barrier solved model in 34 iterations and 4.21 seconds (3.91 work units)
Optimal objective 2.80373160e+00

objective value: 2.803731600226328
Done! Time elapsed: 24.73009157180786 seconds.
g_0_1: 1.0000036695702852
g_1_1: 1.0000023087381484
g_1_2: 1.0000065086202157
g_2_1: 1.0000042363294364
g_2_2: 1.000011942781882
g_2_3: 1.0000042363294366
g_2_4: 1.0000119427818532
Parameters from last iteration: [0.17400064 0.70700163 0.17400113 0.707003   0.17400208 0.707003
 0.17400208]

Parameters from current iteration:
                [0.17400064 0.70700163 0.17400113 0.707003   0.17400208 0.707003
 0.17400208]


                Percentage Error = 3.6687966393014335e-15
                
year done: 28
Time 29: 2
Optimization Iteration[1/20000]

Solving the optimization problem...
Set parameter TokenServer to value "licenses.rcc.uchicago.edu"
Read LP format model from file /scratch/local/jobs/50183984/tmp6mzla_h5.pyomo.lp
Reading time = 1.33 seconds
x1: 258121 rows, 502401 columns, 1259970 nonzeros
Set parameter Threads to value 8
Set parameter BarConvTol to value 1e-12
Gurobi Optimizer version 11.0.0 build v11.0.0rc2 (linux64 - "CentOS Linux 8")

CPU model: Intel(R) Xeon(R) Gold 6248R CPU @ 3.00GHz, instruction set [SSE2|AVX|AVX2|AVX512]
Thread count: 48 physical cores, 48 logical processors, using up to 8 threads

Optimize a model with 258121 rows, 502401 columns and 1259970 nonzeros
Model fingerprint: 0x06e00458
Model has 3166 quadratic objective terms
Coefficient statistics:
  Matrix range     [1e+00, 1e+03]
  Objective range  [5e-07, 7e+01]
  QObjective range [3e-01, 3e+03]
  Bounds range     [3e-04, 1e+00]
  RHS range        [3e-16, 6e+00]
Presolve removed 131482 rows and 128814 columns
Presolve time: 0.55s
Presolved: 126639 rows, 373587 columns, 743930 nonzeros
Presolved model has 3166 quadratic objective terms
Ordering time: 0.16s

Barrier statistics:
 AA' NZ     : 3.709e+05
 Factor NZ  : 4.212e+06 (roughly 240 MB of memory)
 Factor Ops : 3.974e+08 (less than 1 second per iteration)
 Threads    : 8

                  Objective                Residual
Iter       Primal          Dual         Primal    Dual     Compl     Time
   0  -1.08858984e+09  8.63519650e+08  7.80e+04 1.13e-13  1.00e+06     1s
   1  -6.35727302e+08  5.82241626e+08  1.87e+04 1.60e+02  2.62e+05     1s
   2  -3.24155002e+08  3.24098673e+08  2.36e+02 1.04e+00  4.64e+03     1s
   3  -7.58808391e+07  7.65393881e+07  1.95e+00 2.00e-12  3.30e+02     2s
   4  -1.46363865e+07  1.53249926e+07  1.70e-01 4.58e-12  6.19e+01     2s
   5  -2.69568934e+06  2.98245387e+06  1.33e-02 1.28e-12  1.15e+01     2s
   6  -3.92604223e+05  4.49320564e+05  1.33e-08 9.97e-13  1.69e+00     2s
   7  -5.87253299e+04  7.36746334e+04  1.21e-13 6.77e-13  2.66e-01     2s
   8  -8.85255334e+03  1.06100557e+04  4.96e-14 2.56e-13  3.92e-02     2s
   9  -1.41401814e+03  1.74069016e+03  2.01e-14 4.26e-14  6.35e-03     2s
  10  -2.29367410e+02  2.21611805e+02  7.47e-15 2.84e-14  9.07e-04     2s
  11  -4.92582788e+01  3.57550560e+01  3.37e-15 1.42e-14  1.71e-04     2s
  12  -6.47482407e+00  7.92345617e+00  8.82e-16 1.42e-14  2.90e-05     2s
  13   1.00892242e+00  3.17519971e+00  5.13e-16 1.42e-14  4.36e-06     3s
  14   1.85665766e+00  3.09131481e+00  3.48e-16 2.84e-14  2.48e-06     3s
  15   2.49739120e+00  2.79201975e+00  9.32e-17 1.42e-14  5.93e-07     3s
  16   2.62102685e+00  2.73560206e+00  1.25e-16 1.42e-14  2.31e-07     3s
  17   2.65789841e+00  2.72139809e+00  5.81e-17 1.42e-14  1.28e-07     3s
  18   2.68533355e+00  2.71110015e+00  7.32e-17 1.42e-14  5.18e-08     3s
  19   2.69772940e+00  2.70650016e+00  4.42e-17 1.42e-14  1.76e-08     3s
  20   2.70221726e+00  2.70491395e+00  8.20e-17 1.42e-14  5.43e-09     3s
  21   2.70330548e+00  2.70452982e+00  3.42e-17 1.42e-14  2.46e-09     3s
  22   2.70412126e+00  2.70424282e+00  1.27e-16 1.42e-14  2.45e-10     3s
  23   2.70420161e+00  2.70421455e+00  6.99e-17 2.84e-14  2.60e-11     4s
  24   2.70421104e+00  2.70421124e+00  1.79e-16 1.42e-14  4.06e-13     4s
  25   2.70421116e+00  2.70421120e+00  1.70e-15 2.84e-14  7.50e-14     4s
  26   2.70421118e+00  2.70421119e+00  3.38e-15 1.42e-14  2.05e-14     4s
  27   2.70421118e+00  2.70421119e+00  2.46e-15 2.84e-14  5.23e-15     4s
  28   2.70421119e+00  2.70421119e+00  2.11e-15 1.42e-14  1.38e-15     4s
  29   2.70421119e+00  2.70421119e+00  1.44e-15 1.42e-14  5.26e-16     4s
  30   2.70421119e+00  2.70421119e+00  1.28e-15 1.42e-14  4.95e-16     4s
  31   2.70421119e+00  2.70421119e+00  8.93e-16 1.42e-14  2.94e-16     4s
  32   2.70421119e+00  2.70421119e+00  8.25e-16 1.42e-14  2.80e-16     4s
  33   2.70421119e+00  2.70421119e+00  5.82e-16 1.42e-14  1.84e-16     4s
  34   2.70421119e+00  2.70421119e+00  4.23e-16 1.42e-14  8.20e-17     4s

Barrier solved model in 34 iterations and 4.45 seconds (3.91 work units)
Optimal objective 2.70421119e+00

objective value: 2.7042111860211246
Done! Time elapsed: 24.923208236694336 seconds.
g_0_1: 1.000003669570285
g_1_1: 1.0000023087381487
g_1_2: 1.0000065086202155
g_2_1: 1.0000042363294364
g_2_2: 1.0000119427818805
g_2_3: 1.0000042363294368
g_2_4: 1.000011942781853
Parameters from last iteration: [0.17400064 0.70700163 0.17400113 0.707003   0.17400208 0.707003
 0.17400208]

Parameters from current iteration:
                [0.17400064 0.70700163 0.17400113 0.707003   0.17400208 0.707003
 0.17400208]


                Percentage Error = 1.4356160762483818e-15
                
year done: 29
Time 30: 2
Optimization Iteration[1/20000]

Solving the optimization problem...
Set parameter TokenServer to value "licenses.rcc.uchicago.edu"
Read LP format model from file /scratch/local/jobs/50183984/tmphg3d1rrq.pyomo.lp
Reading time = 1.37 seconds
x1: 258121 rows, 502401 columns, 1259970 nonzeros
Set parameter Threads to value 8
Set parameter BarConvTol to value 1e-12
Gurobi Optimizer version 11.0.0 build v11.0.0rc2 (linux64 - "CentOS Linux 8")

CPU model: Intel(R) Xeon(R) Gold 6248R CPU @ 3.00GHz, instruction set [SSE2|AVX|AVX2|AVX512]
Thread count: 48 physical cores, 48 logical processors, using up to 8 threads

Optimize a model with 258121 rows, 502401 columns and 1259970 nonzeros
Model fingerprint: 0xb0c8b4bc
Model has 3166 quadratic objective terms
Coefficient statistics:
  Matrix range     [1e+00, 1e+03]
  Objective range  [5e-07, 7e+01]
  QObjective range [3e-01, 3e+03]
  Bounds range     [3e-04, 1e+00]
  RHS range        [3e-16, 6e+00]
Presolve removed 131482 rows and 128814 columns
Presolve time: 0.54s
Presolved: 126639 rows, 373587 columns, 743930 nonzeros
Presolved model has 3166 quadratic objective terms
Ordering time: 0.16s

Barrier statistics:
 AA' NZ     : 3.709e+05
 Factor NZ  : 4.212e+06 (roughly 240 MB of memory)
 Factor Ops : 3.974e+08 (less than 1 second per iteration)
 Threads    : 8

                  Objective                Residual
Iter       Primal          Dual         Primal    Dual     Compl     Time
   0  -1.08858984e+09  8.63519650e+08  7.80e+04 1.13e-13  1.00e+06     1s
   1  -6.35727302e+08  5.82241626e+08  1.87e+04 1.60e+02  2.62e+05     1s
   2  -3.24155002e+08  3.24098673e+08  2.36e+02 1.04e+00  4.64e+03     1s
   3  -7.58808392e+07  7.65393880e+07  1.95e+00 1.90e-12  3.30e+02     1s
   4  -1.46363866e+07  1.53249925e+07  1.70e-01 6.30e-12  6.19e+01     1s
   5  -2.69568944e+06  2.98245377e+06  1.33e-02 1.24e-12  1.15e+01     1s
   6  -3.92604318e+05  4.49320469e+05  1.33e-08 1.38e-12  1.69e+00     2s
   7  -5.87254249e+04  7.36745384e+04  1.37e-13 6.80e-13  2.66e-01     2s
   8  -8.85264838e+03  1.06099606e+04  5.01e-14 2.27e-13  3.92e-02     2s
   9  -1.41411318e+03  1.74059512e+03  2.20e-14 4.98e-14  6.35e-03     2s
  10  -2.29462451e+02  2.21516764e+02  5.35e-15 4.26e-14  9.07e-04     2s
  11  -4.93533200e+01  3.56600148e+01  2.96e-15 2.13e-14  1.71e-04     2s
  12  -6.56986533e+00  7.82841492e+00  1.03e-15 1.42e-14  2.90e-05     2s
  13   9.13881164e-01  3.08015845e+00  3.35e-16 2.13e-14  4.36e-06     2s
  14   1.76161641e+00  2.99627355e+00  3.32e-16 2.84e-14  2.48e-06     3s
  15   2.40234995e+00  2.69697849e+00  5.58e-17 1.42e-14  5.93e-07     3s
  16   2.52598559e+00  2.64056080e+00  6.08e-17 1.42e-14  2.31e-07     3s
  17   2.56285715e+00  2.62635683e+00  4.89e-17 1.42e-14  1.28e-07     3s
  18   2.59029230e+00  2.61605889e+00  7.60e-17 1.42e-14  5.18e-08     3s
  19   2.60268814e+00  2.61145890e+00  5.80e-17 1.55e-14  1.76e-08     3s
  20   2.60717601e+00  2.60987270e+00  6.01e-17 1.42e-14  5.43e-09     3s
  21   2.60826422e+00  2.60948857e+00  8.30e-17 1.42e-14  2.46e-09     3s
  22   2.60908000e+00  2.60920156e+00  4.91e-17 1.51e-14  2.45e-10     3s
  23   2.60916035e+00  2.60917329e+00  1.94e-16 1.42e-14  2.60e-11     3s
  24   2.60916978e+00  2.60916998e+00  1.46e-16 2.13e-14  4.06e-13     3s
  25   2.60916990e+00  2.60916994e+00  2.94e-15 1.42e-14  7.44e-14     3s
  26   2.60916992e+00  2.60916993e+00  3.72e-15 1.42e-14  2.05e-14     4s
  27   2.60916993e+00  2.60916993e+00  2.38e-15 1.42e-14  5.21e-15     4s
  28   2.60916993e+00  2.60916993e+00  1.79e-15 1.51e-14  1.38e-15     4s
  29   2.60916993e+00  2.60916993e+00  1.37e-15 1.42e-14  5.19e-16     4s
  30   2.60916993e+00  2.60916993e+00  1.24e-15 2.84e-14  4.89e-16     4s
  31   2.60916993e+00  2.60916993e+00  1.02e-15 1.42e-14  2.91e-16     4s
  32   2.60916993e+00  2.60916993e+00  9.39e-16 1.42e-14  2.74e-16     4s
  33   2.60916993e+00  2.60916993e+00  6.02e-16 1.42e-14  1.51e-16     4s
  34   2.60916993e+00  2.60916993e+00  3.85e-16 1.42e-14  9.58e-17     4s

Barrier solved model in 34 iterations and 4.21 seconds (3.91 work units)
Optimal objective 2.60916993e+00

objective value: 2.6091699282929337
Done! Time elapsed: 24.786428213119507 seconds.
g_0_1: 1.0000036695702859
g_1_1: 1.000002308738148
g_1_2: 1.000006508620216
g_2_1: 1.0000042363294361
g_2_2: 1.0000119427818854
g_2_3: 1.0000042363294366
g_2_4: 1.0000119427818535
Parameters from last iteration: [0.17400064 0.70700163 0.17400113 0.707003   0.17400208 0.707003
 0.17400208]

Parameters from current iteration:
                [0.17400064 0.70700163 0.17400113 0.707003   0.17400208 0.707003
 0.17400208]


                Percentage Error = 4.7853869208279466e-15
                
year done: 30
Time 31: 2
Optimization Iteration[1/20000]

Solving the optimization problem...
Set parameter TokenServer to value "licenses.rcc.uchicago.edu"
Read LP format model from file /scratch/local/jobs/50183984/tmpp0s7ru1n.pyomo.lp
Reading time = 1.35 seconds
x1: 258121 rows, 502401 columns, 1259970 nonzeros
Set parameter Threads to value 8
Set parameter BarConvTol to value 1e-12
Gurobi Optimizer version 11.0.0 build v11.0.0rc2 (linux64 - "CentOS Linux 8")

CPU model: Intel(R) Xeon(R) Gold 6248R CPU @ 3.00GHz, instruction set [SSE2|AVX|AVX2|AVX512]
Thread count: 48 physical cores, 48 logical processors, using up to 8 threads

Optimize a model with 258121 rows, 502401 columns and 1259970 nonzeros
Model fingerprint: 0xee145f65
Model has 3166 quadratic objective terms
Coefficient statistics:
  Matrix range     [1e+00, 1e+03]
  Objective range  [5e-07, 7e+01]
  QObjective range [3e-01, 3e+03]
  Bounds range     [3e-04, 1e+00]
  RHS range        [3e-16, 6e+00]
Presolve removed 131482 rows and 128814 columns
Presolve time: 0.54s
Presolved: 126639 rows, 373587 columns, 743930 nonzeros
Presolved model has 3166 quadratic objective terms
Ordering time: 0.16s

Barrier statistics:
 AA' NZ     : 3.709e+05
 Factor NZ  : 4.212e+06 (roughly 240 MB of memory)
 Factor Ops : 3.974e+08 (less than 1 second per iteration)
 Threads    : 8

                  Objective                Residual
Iter       Primal          Dual         Primal    Dual     Compl     Time
   0  -1.08858984e+09  8.63519650e+08  7.80e+04 1.13e-13  1.00e+06     1s
   1  -6.35727302e+08  5.82241626e+08  1.87e+04 1.60e+02  2.62e+05     1s
   2  -3.24155002e+08  3.24098673e+08  2.36e+02 1.04e+00  4.64e+03     1s
   3  -7.58808393e+07  7.65393879e+07  1.95e+00 2.25e-12  3.30e+02     1s
   4  -1.46363867e+07  1.53249925e+07  1.70e-01 3.51e-12  6.19e+01     1s
   5  -2.69568953e+06  2.98245368e+06  1.33e-02 1.24e-12  1.15e+01     1s
   6  -3.92604409e+05  4.49320378e+05  1.33e-08 2.29e-12  1.69e+00     2s
   7  -5.87255157e+04  7.36744476e+04  1.33e-13 7.36e-13  2.66e-01     2s
   8  -8.85273914e+03  1.06098699e+04  7.45e-14 2.38e-13  3.92e-02     2s
   9  -1.41420395e+03  1.74050436e+03  2.28e-14 4.26e-14  6.35e-03     2s
  10  -2.29553215e+02  2.21426000e+02  8.64e-15 2.84e-14  9.07e-04     2s
  11  -4.94440837e+01  3.55692511e+01  3.19e-15 2.84e-14  1.71e-04     2s
  12  -6.66062903e+00  7.73765122e+00  1.24e-15 1.42e-14  2.90e-05     2s
  13   8.23117467e-01  2.98939476e+00  3.26e-16 2.84e-14  4.36e-06     2s
  14   1.67085271e+00  2.90550985e+00  2.70e-16 2.84e-14  2.48e-06     3s
  15   2.31158625e+00  2.60621479e+00  4.28e-17 1.42e-14  5.93e-07     3s
  16   2.43522190e+00  2.54979711e+00  7.63e-17 1.42e-14  2.31e-07     3s
  17   2.47209345e+00  2.53559313e+00  4.76e-17 2.84e-14  1.28e-07     3s
  18   2.49952860e+00  2.52529520e+00  1.13e-16 1.42e-14  5.18e-08     3s
  19   2.51192445e+00  2.52069521e+00  8.14e-17 1.42e-14  1.76e-08     3s
  20   2.51641231e+00  2.51910900e+00  4.79e-17 1.42e-14  5.43e-09     3s
  21   2.51750052e+00  2.51872487e+00  3.03e-17 1.42e-14  2.46e-09     3s
  22   2.51831630e+00  2.51843786e+00  6.92e-17 2.84e-14  2.45e-10     3s
  23   2.51839666e+00  2.51840959e+00  5.54e-17 1.42e-14  2.60e-11     3s
  24   2.51840608e+00  2.51840628e+00  1.28e-16 2.13e-14  4.06e-13     3s
  25   2.51840620e+00  2.51840624e+00  1.87e-15 1.42e-14  7.36e-14     3s
  26   2.51840622e+00  2.51840623e+00  2.94e-15 1.64e-14  2.04e-14     4s
  27   2.51840623e+00  2.51840623e+00  2.38e-15 1.42e-14  5.18e-15     4s
  28   2.51840623e+00  2.51840623e+00  1.96e-15 1.42e-14  1.37e-15     4s
  29   2.51840623e+00  2.51840623e+00  1.21e-15 1.42e-14  5.12e-16     4s
  30   2.51840623e+00  2.51840623e+00  1.06e-15 1.42e-14  4.82e-16     4s
  31   2.51840623e+00  2.51840623e+00  9.18e-16 1.42e-14  2.88e-16     4s
  32   2.51840623e+00  2.51840623e+00  7.95e-16 1.42e-14  2.67e-16     4s
  33   2.51840623e+00  2.51840623e+00  5.57e-16 1.42e-14  1.28e-16     4s
  34   2.51840623e+00  2.51840623e+00  3.68e-16 1.42e-14  7.87e-17     4s

Barrier solved model in 34 iterations and 4.21 seconds (3.91 work units)
Optimal objective 2.51840623e+00

objective value: 2.5184062318093865
Done! Time elapsed: 26.37768292427063 seconds.
g_0_1: 1.0000036695702847
g_1_1: 1.0000023087381487
g_1_2: 1.0000065086202155
g_2_1: 1.0000042363294366
g_2_2: 1.0000119427818792
g_2_3: 1.0000042363294368
g_2_4: 1.0000119427818532
Parameters from last iteration: [0.17400064 0.70700163 0.17400113 0.707003   0.17400208 0.707003
 0.17400208]

Parameters from current iteration:
                [0.17400064 0.70700163 0.17400113 0.707003   0.17400208 0.707003
 0.17400208]


                Percentage Error = 6.221002997076301e-15
                
year done: 31
Time 32: 2
Optimization Iteration[1/20000]

Solving the optimization problem...
Set parameter TokenServer to value "licenses.rcc.uchicago.edu"
Read LP format model from file /scratch/local/jobs/50183984/tmp0knhbdr0.pyomo.lp
Reading time = 1.35 seconds
x1: 258121 rows, 502401 columns, 1259970 nonzeros
Set parameter Threads to value 8
Set parameter BarConvTol to value 1e-12
Gurobi Optimizer version 11.0.0 build v11.0.0rc2 (linux64 - "CentOS Linux 8")

CPU model: Intel(R) Xeon(R) Gold 6248R CPU @ 3.00GHz, instruction set [SSE2|AVX|AVX2|AVX512]
Thread count: 48 physical cores, 48 logical processors, using up to 8 threads

Optimize a model with 258121 rows, 502401 columns and 1259970 nonzeros
Model fingerprint: 0x8143cfd5
Model has 3166 quadratic objective terms
Coefficient statistics:
  Matrix range     [1e+00, 1e+03]
  Objective range  [5e-07, 7e+01]
  QObjective range [3e-01, 3e+03]
  Bounds range     [3e-04, 1e+00]
  RHS range        [3e-16, 6e+00]
Presolve removed 131482 rows and 128814 columns
Presolve time: 0.55s
Presolved: 126639 rows, 373587 columns, 743930 nonzeros
Presolved model has 3166 quadratic objective terms
Ordering time: 0.16s

Barrier statistics:
 AA' NZ     : 3.709e+05
 Factor NZ  : 4.212e+06 (roughly 240 MB of memory)
 Factor Ops : 3.974e+08 (less than 1 second per iteration)
 Threads    : 8

                  Objective                Residual
Iter       Primal          Dual         Primal    Dual     Compl     Time
   0  -1.08858984e+09  8.63519650e+08  7.80e+04 1.14e-13  1.00e+06     1s
   1  -6.35727303e+08  5.82241626e+08  1.87e+04 1.60e+02  2.62e+05     1s
   2  -3.24155002e+08  3.24098673e+08  2.36e+02 1.04e+00  4.64e+03     1s
   3  -7.58808394e+07  7.65393879e+07  1.95e+00 1.91e-12  3.30e+02     1s
   4  -1.46363868e+07  1.53249924e+07  1.70e-01 4.36e-12  6.19e+01     1s
   5  -2.69568962e+06  2.98245360e+06  1.33e-02 1.46e-12  1.15e+01     1s
   6  -3.92604496e+05  4.49320291e+05  1.33e-08 2.83e-12  1.69e+00     2s
   7  -5.87256024e+04  7.36743609e+04  1.78e-13 7.88e-13  2.66e-01     2s
   8  -8.85282582e+03  1.06097832e+04  5.07e-14 2.26e-13  3.92e-02     2s
   9  -1.41429063e+03  1.74041768e+03  2.23e-14 4.26e-14  6.35e-03     2s
  10  -2.29639893e+02  2.21339321e+02  6.19e-15 2.84e-14  9.07e-04     2s
  11  -4.95307624e+01  3.54825724e+01  3.70e-15 2.13e-14  1.71e-04     2s
  12  -6.74730768e+00  7.65097256e+00  1.17e-15 2.84e-14  2.90e-05     2s
  13   7.36438810e-01  2.90271610e+00  4.07e-16 1.42e-14  4.36e-06     2s
  14   1.58417405e+00  2.81883120e+00  2.74e-16 2.84e-14  2.48e-06     3s
  15   2.22490759e+00  2.51953613e+00  4.95e-17 2.84e-14  5.93e-07     3s
  16   2.34854324e+00  2.46311845e+00  9.51e-17 1.51e-14  2.31e-07     3s
  17   2.38541480e+00  2.44891448e+00  1.61e-16 2.84e-14  1.28e-07     3s
  18   2.41284994e+00  2.43861654e+00  9.88e-17 1.60e-14  5.18e-08     3s
  19   2.42524579e+00  2.43401655e+00  6.09e-17 1.42e-14  1.76e-08     3s
  20   2.42973365e+00  2.43243034e+00  5.43e-17 2.84e-14  5.43e-09     3s
  21   2.43082186e+00  2.43204621e+00  5.68e-17 1.42e-14  2.46e-09     3s
  22   2.43163765e+00  2.43175921e+00  1.04e-16 1.42e-14  2.45e-10     3s
  23   2.43171800e+00  2.43173093e+00  9.20e-17 2.84e-14  2.60e-11     3s
  24   2.43172743e+00  2.43172763e+00  1.51e-16 1.42e-14  4.06e-13     3s
  25   2.43172755e+00  2.43172758e+00  2.00e-15 1.42e-14  7.29e-14     3s
  26   2.43172757e+00  2.43172758e+00  3.46e-15 2.84e-14  2.03e-14     4s
  27   2.43172757e+00  2.43172758e+00  2.40e-15 1.42e-14  5.16e-15     4s
  28   2.43172757e+00  2.43172757e+00  2.29e-15 1.42e-14  1.36e-15     4s
  29   2.43172757e+00  2.43172757e+00  1.18e-15 1.42e-14  5.04e-16     4s
  30   2.43172757e+00  2.43172757e+00  1.06e-15 1.42e-14  4.76e-16     4s
  31   2.43172757e+00  2.43172757e+00  9.94e-16 1.42e-14  2.85e-16     4s
  32   2.43172757e+00  2.43172757e+00  8.10e-16 1.42e-14  2.61e-16     4s
  33   2.43172757e+00  2.43172757e+00  5.29e-16 1.42e-14  1.26e-16     4s
  34   2.43172757e+00  2.43172757e+00  3.32e-16 1.42e-14  7.78e-17     4s

Barrier solved model in 34 iterations and 4.21 seconds (3.91 work units)
Optimal objective 2.43172757e+00

objective value: 2.431727574583978
Done! Time elapsed: 24.921565055847168 seconds.
g_0_1: 1.0000036695702845
g_1_1: 1.0000023087381487
g_1_2: 1.0000065086202155
g_2_1: 1.0000042363294366
g_2_2: 1.000011942781879
g_2_3: 1.0000042363294368
g_2_4: 1.000011942781853
Parameters from last iteration: [0.17400064 0.70700163 0.17400113 0.707003   0.17400208 0.707003
 0.17400208]

Parameters from current iteration:
                [0.17400064 0.70700163 0.17400113 0.707003   0.17400208 0.707003
 0.17400208]


                Percentage Error = 3.1902843408008205e-16
                
year done: 32
Time 33: 2
Optimization Iteration[1/20000]

Solving the optimization problem...
Set parameter TokenServer to value "licenses.rcc.uchicago.edu"
Read LP format model from file /scratch/local/jobs/50183984/tmp08qasjhf.pyomo.lp
Reading time = 1.36 seconds
x1: 258121 rows, 502401 columns, 1259970 nonzeros
Set parameter Threads to value 8
Set parameter BarConvTol to value 1e-12
Gurobi Optimizer version 11.0.0 build v11.0.0rc2 (linux64 - "CentOS Linux 8")

CPU model: Intel(R) Xeon(R) Gold 6248R CPU @ 3.00GHz, instruction set [SSE2|AVX|AVX2|AVX512]
Thread count: 48 physical cores, 48 logical processors, using up to 8 threads

Optimize a model with 258121 rows, 502401 columns and 1259970 nonzeros
Model fingerprint: 0xa4029950
Model has 3166 quadratic objective terms
Coefficient statistics:
  Matrix range     [1e+00, 1e+03]
  Objective range  [5e-07, 7e+01]
  QObjective range [3e-01, 3e+03]
  Bounds range     [3e-04, 1e+00]
  RHS range        [2e-16, 6e+00]
Presolve removed 131482 rows and 128814 columns
Presolve time: 0.55s
Presolved: 126639 rows, 373587 columns, 743930 nonzeros
Presolved model has 3166 quadratic objective terms
Ordering time: 0.16s

Barrier statistics:
 AA' NZ     : 3.709e+05
 Factor NZ  : 4.212e+06 (roughly 240 MB of memory)
 Factor Ops : 3.974e+08 (less than 1 second per iteration)
 Threads    : 8

                  Objective                Residual
Iter       Primal          Dual         Primal    Dual     Compl     Time
   0  -1.08858984e+09  8.63519649e+08  7.80e+04 1.13e-13  1.00e+06     1s
   1  -6.35727303e+08  5.82241626e+08  1.87e+04 1.60e+02  2.62e+05     1s
   2  -3.24155002e+08  3.24098673e+08  2.36e+02 1.04e+00  4.64e+03     1s
   3  -7.58808394e+07  7.65393878e+07  1.95e+00 1.65e-12  3.30e+02     1s
   4  -1.46363869e+07  1.53249923e+07  1.70e-01 3.71e-12  6.19e+01     1s
   5  -2.69568970e+06  2.98245351e+06  1.33e-02 1.37e-12  1.15e+01     1s
   6  -3.92604579e+05  4.49320209e+05  1.33e-08 9.96e-13  1.69e+00     2s
   7  -5.87256852e+04  7.36742781e+04  1.30e-13 6.82e-13  2.66e-01     2s
   8  -8.85290860e+03  1.06097004e+04  5.51e-14 2.54e-13  3.92e-02     2s
   9  -1.41437340e+03  1.74033490e+03  2.16e-14 3.42e-14  6.35e-03     2s
  10  -2.29722671e+02  2.21256544e+02  5.57e-15 2.84e-14  9.07e-04     2s
  11  -4.96135398e+01  3.53997949e+01  3.49e-15 1.42e-14  1.71e-04     2s
  12  -6.83008516e+00  7.56819509e+00  1.02e-15 2.84e-14  2.90e-05     2s
  13   6.53661335e-01  2.81993862e+00  4.23e-16 1.42e-14  4.36e-06     2s
  14   1.50139658e+00  2.73605372e+00  3.26e-16 4.26e-14  2.48e-06     3s
  15   2.14213012e+00  2.43675866e+00  8.10e-17 1.42e-14  5.93e-07     3s
  16   2.26576576e+00  2.38034097e+00  5.67e-17 1.42e-14  2.31e-07     3s
  17   2.30263732e+00  2.36613700e+00  1.08e-16 1.42e-14  1.28e-07     3s
  18   2.33007247e+00  2.35583906e+00  4.60e-17 1.42e-14  5.18e-08     3s
  19   2.34246831e+00  2.35123907e+00  6.51e-17 2.84e-14  1.76e-08     3s
  20   2.34695618e+00  2.34965287e+00  3.79e-17 1.42e-14  5.43e-09     3s
  21   2.34804439e+00  2.34926874e+00  5.83e-17 2.84e-14  2.46e-09     3s
  22   2.34886017e+00  2.34898173e+00  3.32e-17 1.42e-14  2.45e-10     3s
  23   2.34894053e+00  2.34895346e+00  7.70e-17 1.51e-14  2.60e-11     3s
  24   2.34894995e+00  2.34895015e+00  1.65e-16 2.84e-14  4.06e-13     3s
  25   2.34895007e+00  2.34895011e+00  2.06e-15 2.13e-14  7.22e-14     3s
  26   2.34895009e+00  2.34895010e+00  3.34e-15 1.42e-14  2.02e-14     4s
  27   2.34895010e+00  2.34895010e+00  2.88e-15 1.42e-14  5.13e-15     4s
  28   2.34895010e+00  2.34895010e+00  2.37e-15 1.42e-14  1.35e-15     4s
  29   2.34895010e+00  2.34895010e+00  1.15e-15 1.42e-14  4.97e-16     4s
  30   2.34895010e+00  2.34895010e+00  1.09e-15 1.42e-14  4.69e-16     4s
  31   2.34895010e+00  2.34895010e+00  1.26e-15 1.42e-14  2.82e-16     4s
  32   2.34895010e+00  2.34895010e+00  9.91e-16 1.42e-14  2.55e-16     4s
  33   2.34895010e+00  2.34895010e+00  6.22e-16 1.42e-14  1.23e-16     4s
  34   2.34895010e+00  2.34895010e+00  4.87e-16 1.42e-14  7.68e-17     4s

Barrier solved model in 34 iterations and 4.23 seconds (3.91 work units)
Optimal objective 2.34895010e+00

objective value: 2.3489500995693464
Done! Time elapsed: 25.046948194503784 seconds.
g_0_1: 1.0000036695702845
g_1_1: 1.0000023087381489
g_1_2: 1.0000065086202155
g_2_1: 1.0000042363294364
g_2_2: 1.0000119427818785
g_2_3: 1.0000042363294368
g_2_4: 1.000011942781853
Parameters from last iteration: [0.17400064 0.70700163 0.17400113 0.707003   0.17400208 0.707003
 0.17400208]

Parameters from current iteration:
                [0.17400064 0.70700163 0.17400113 0.707003   0.17400208 0.707003
 0.17400208]


                Percentage Error = 4.785386920827954e-16
                
year done: 33
Time 34: 2
Optimization Iteration[1/20000]

Solving the optimization problem...
Set parameter TokenServer to value "licenses.rcc.uchicago.edu"
Read LP format model from file /scratch/local/jobs/50183984/tmpgl_ophcy.pyomo.lp
Reading time = 1.34 seconds
x1: 258121 rows, 502401 columns, 1259970 nonzeros
Set parameter Threads to value 8
Set parameter BarConvTol to value 1e-12
Gurobi Optimizer version 11.0.0 build v11.0.0rc2 (linux64 - "CentOS Linux 8")

CPU model: Intel(R) Xeon(R) Gold 6248R CPU @ 3.00GHz, instruction set [SSE2|AVX|AVX2|AVX512]
Thread count: 48 physical cores, 48 logical processors, using up to 8 threads

Optimize a model with 258121 rows, 502401 columns and 1259970 nonzeros
Model fingerprint: 0x30faad62
Model has 3166 quadratic objective terms
Coefficient statistics:
  Matrix range     [1e+00, 1e+03]
  Objective range  [5e-07, 7e+01]
  QObjective range [3e-01, 3e+03]
  Bounds range     [3e-04, 1e+00]
  RHS range        [2e-16, 6e+00]
Presolve removed 131482 rows and 128814 columns
Presolve time: 0.54s
Presolved: 126639 rows, 373587 columns, 743930 nonzeros
Presolved model has 3166 quadratic objective terms
Ordering time: 0.16s

Barrier statistics:
 AA' NZ     : 3.709e+05
 Factor NZ  : 4.212e+06 (roughly 240 MB of memory)
 Factor Ops : 3.974e+08 (less than 1 second per iteration)
 Threads    : 8

                  Objective                Residual
Iter       Primal          Dual         Primal    Dual     Compl     Time
   0  -1.08858984e+09  8.63519649e+08  7.80e+04 1.13e-13  1.00e+06     1s
   1  -6.35727303e+08  5.82241626e+08  1.87e+04 1.60e+02  2.62e+05     1s
   2  -3.24155002e+08  3.24098673e+08  2.36e+02 1.04e+00  4.64e+03     1s
   3  -7.58808395e+07  7.65393877e+07  1.95e+00 1.65e-12  3.30e+02     1s
   4  -1.46363869e+07  1.53249922e+07  1.70e-01 3.71e-12  6.19e+01     1s
   5  -2.69568978e+06  2.98245344e+06  1.33e-02 1.43e-12  1.15e+01     1s
   6  -3.92604658e+05  4.49320130e+05  1.33e-08 9.65e-13  1.69e+00     2s
   7  -5.87257642e+04  7.36741991e+04  1.60e-13 6.02e-13  2.66e-01     2s
   8  -8.85298765e+03  1.06096214e+04  6.47e-14 2.33e-13  3.92e-02     2s
   9  -1.41445246e+03  1.74025585e+03  2.10e-14 5.68e-14  6.35e-03     2s
  10  -2.29801723e+02  2.21177492e+02  6.29e-15 2.84e-14  9.07e-04     2s
  11  -4.96925917e+01  3.53207431e+01  3.09e-15 2.84e-14  1.71e-04     2s
  12  -6.90913703e+00  7.48914321e+00  1.10e-15 1.42e-14  2.90e-05     2s
  13   5.74609460e-01  2.74088675e+00  6.68e-16 1.42e-14  4.36e-06     2s
  14   1.42234470e+00  2.65700185e+00  2.73e-16 4.26e-14  2.48e-06     3s
  15   2.06307824e+00  2.35770678e+00  4.89e-17 1.42e-14  5.93e-07     3s
  16   2.18671389e+00  2.30128910e+00  6.59e-17 1.42e-14  2.31e-07     3s
  17   2.22358545e+00  2.28708513e+00  4.27e-17 2.13e-14  1.28e-07     3s
  18   2.25102059e+00  2.27678719e+00  8.87e-17 2.13e-14  5.18e-08     3s
  19   2.26341644e+00  2.27218720e+00  7.21e-17 1.42e-14  1.76e-08     3s
  20   2.26790430e+00  2.27060099e+00  4.99e-17 1.42e-14  5.43e-09     3s
  21   2.26899251e+00  2.27021686e+00  3.74e-17 1.42e-14  2.46e-09     3s
  22   2.26980830e+00  2.26992986e+00  9.08e-17 1.42e-14  2.45e-10     3s
  23   2.26988865e+00  2.26990158e+00  9.85e-17 2.84e-14  2.60e-11     3s
  24   2.26989808e+00  2.26989828e+00  1.89e-16 1.51e-14  4.06e-13     3s
  25   2.26989820e+00  2.26989823e+00  2.50e-15 2.84e-14  7.15e-14     3s
  26   2.26989822e+00  2.26989823e+00  3.15e-15 1.42e-14  2.01e-14     4s
  27   2.26989822e+00  2.26989823e+00  2.89e-15 1.42e-14  5.09e-15     4s
  28   2.26989822e+00  2.26989822e+00  2.07e-15 1.42e-14  1.35e-15     4s
  29   2.26989822e+00  2.26989822e+00  1.16e-15 1.42e-14  4.89e-16     4s
  30   2.26989822e+00  2.26989822e+00  1.11e-15 1.42e-14  4.62e-16     4s
  31   2.26989822e+00  2.26989822e+00  1.06e-15 2.84e-14  2.78e-16     4s
  32   2.26989822e+00  2.26989822e+00  8.89e-16 1.42e-14  2.49e-16     4s
  33   2.26989822e+00  2.26989822e+00  5.57e-16 1.42e-14  1.20e-16     4s
  34   2.26989822e+00  2.26989822e+00  3.68e-16 1.42e-14  7.57e-17     4s

Barrier solved model in 34 iterations and 4.30 seconds (3.91 work units)
Optimal objective 2.26989822e+00

objective value: 2.2698982246425774
Done! Time elapsed: 25.11713671684265 seconds.
g_0_1: 1.0000036695702845
g_1_1: 1.0000023087381489
g_1_2: 1.0000065086202152
g_2_1: 1.0000042363294366
g_2_2: 1.0000119427818783
g_2_3: 1.0000042363294368
g_2_4: 1.000011942781853
Parameters from last iteration: [0.17400064 0.70700163 0.17400113 0.707003   0.17400208 0.707003
 0.17400208]

Parameters from current iteration:
                [0.17400064 0.70700163 0.17400113 0.707003   0.17400208 0.707003
 0.17400208]


                Percentage Error = 1.5951376417416172e-16
                
year done: 34
Time 35: 2
Optimization Iteration[1/20000]

Solving the optimization problem...
Set parameter TokenServer to value "licenses.rcc.uchicago.edu"
Read LP format model from file /scratch/local/jobs/50183984/tmp8bhnnjfa.pyomo.lp
Reading time = 1.35 seconds
x1: 258121 rows, 502401 columns, 1259970 nonzeros
Set parameter Threads to value 8
Set parameter BarConvTol to value 1e-12
Gurobi Optimizer version 11.0.0 build v11.0.0rc2 (linux64 - "CentOS Linux 8")

CPU model: Intel(R) Xeon(R) Gold 6248R CPU @ 3.00GHz, instruction set [SSE2|AVX|AVX2|AVX512]
Thread count: 48 physical cores, 48 logical processors, using up to 8 threads

Optimize a model with 258121 rows, 502401 columns and 1259970 nonzeros
Model fingerprint: 0x92cc55eb
Model has 3166 quadratic objective terms
Coefficient statistics:
  Matrix range     [1e+00, 1e+03]
  Objective range  [5e-07, 7e+01]
  QObjective range [3e-01, 3e+03]
  Bounds range     [3e-04, 1e+00]
  RHS range        [2e-16, 6e+00]
Presolve removed 131482 rows and 128814 columns
Presolve time: 0.55s
Presolved: 126639 rows, 373587 columns, 743930 nonzeros
Presolved model has 3166 quadratic objective terms
Ordering time: 0.16s

Barrier statistics:
 AA' NZ     : 3.709e+05
 Factor NZ  : 4.212e+06 (roughly 240 MB of memory)
 Factor Ops : 3.974e+08 (less than 1 second per iteration)
 Threads    : 8

                  Objective                Residual
Iter       Primal          Dual         Primal    Dual     Compl     Time
   0  -1.08858984e+09  8.63519649e+08  7.80e+04 1.13e-13  1.00e+06     1s
   1  -6.35727303e+08  5.82241625e+08  1.87e+04 1.60e+02  2.62e+05     1s
   2  -3.24155003e+08  3.24098673e+08  2.36e+02 1.04e+00  4.64e+03     1s
   3  -7.58808396e+07  7.65393876e+07  1.95e+00 1.94e-12  3.30e+02     1s
   4  -1.46363870e+07  1.53249921e+07  1.70e-01 4.08e-12  6.19e+01     1s
   5  -2.69568985e+06  2.98245336e+06  1.33e-02 1.23e-12  1.15e+01     1s
   6  -3.92604733e+05  4.49320054e+05  1.33e-08 1.22e-12  1.69e+00     2s
   7  -5.87258397e+04  7.36741236e+04  1.55e-13 7.23e-13  2.66e-01     2s
   8  -8.85306315e+03  1.06095459e+04  5.33e-14 2.34e-13  3.92e-02     2s
   9  -1.41452795e+03  1.74018036e+03  1.98e-14 3.59e-14  6.35e-03     2s
  10  -2.29877217e+02  2.21101998e+02  7.43e-15 2.13e-14  9.07e-04     2s
  11  -4.97680857e+01  3.52452491e+01  4.06e-15 2.84e-14  1.71e-04     2s
  12  -6.98463099e+00  7.41364926e+00  8.66e-16 1.42e-14  2.90e-05     2s
  13   4.99115506e-01  2.66539279e+00  4.76e-16 1.42e-14  4.36e-06     2s
  14   1.34685075e+00  2.58150789e+00  2.66e-16 4.26e-14  2.48e-06     3s
  15   1.98758429e+00  2.28221283e+00  5.81e-17 1.42e-14  5.93e-07     3s
  16   2.11121993e+00  2.22579515e+00  1.47e-16 2.84e-14  2.31e-07     3s
  17   2.14809149e+00  2.21159117e+00  1.00e-16 1.51e-14  1.28e-07     3s
  18   2.17552664e+00  2.20129323e+00  5.46e-17 1.42e-14  5.18e-08     3s
  19   2.18792248e+00  2.19669324e+00  5.30e-17 1.42e-14  1.76e-08     3s
  20   2.19241035e+00  2.19510704e+00  5.77e-17 1.42e-14  5.43e-09     3s
  21   2.19349856e+00  2.19472291e+00  8.35e-17 2.49e-14  2.46e-09     3s
  22   2.19431434e+00  2.19443590e+00  8.12e-17 1.42e-14  2.45e-10     3s
  23   2.19439470e+00  2.19440763e+00  8.00e-17 2.84e-14  2.60e-11     3s
  24   2.19440412e+00  2.19440432e+00  1.32e-16 1.42e-14  4.06e-13     3s
  25   2.19440424e+00  2.19440428e+00  2.07e-15 1.42e-14  7.07e-14     4s
  26   2.19440426e+00  2.19440427e+00  4.00e-15 1.42e-14  2.00e-14     4s
  27   2.19440427e+00  2.19440427e+00  2.59e-15 1.42e-14  5.06e-15     4s
  28   2.19440427e+00  2.19440427e+00  2.67e-15 1.42e-14  1.34e-15     4s
  29   2.19440427e+00  2.19440427e+00  1.28e-15 1.42e-14  4.82e-16     4s
  30   2.19440427e+00  2.19440427e+00  1.18e-15 1.42e-14  4.55e-16     4s
  31   2.19440427e+00  2.19440427e+00  9.69e-16 1.42e-14  2.75e-16     4s
  32   2.19440427e+00  2.19440427e+00  8.14e-16 1.42e-14  2.44e-16     4s
  33   2.19440427e+00  2.19440427e+00  5.44e-16 1.42e-14  1.44e-16     4s
  34   2.19440427e+00  2.19440427e+00  3.34e-16 1.42e-14  7.41e-17     4s

Barrier solved model in 34 iterations and 4.34 seconds (3.91 work units)
Optimal objective 2.19440427e+00

objective value: 2.1944042701782562
Done! Time elapsed: 26.59865975379944 seconds.
g_0_1: 1.0000036695702843
g_1_1: 1.0000023087381489
g_1_2: 1.0000065086202152
g_2_1: 1.0000042363294366
g_2_2: 1.0000119427818777
g_2_3: 1.0000042363294368
g_2_4: 1.000011942781853
Parameters from last iteration: [0.17400064 0.70700163 0.17400113 0.707003   0.17400208 0.707003
 0.17400208]

Parameters from current iteration:
                [0.17400064 0.70700163 0.17400113 0.707003   0.17400208 0.707003
 0.17400208]


                Percentage Error = 7.975644868046595e-16
                
year done: 35
Time 36: 2
Optimization Iteration[1/20000]

Solving the optimization problem...
Set parameter TokenServer to value "licenses.rcc.uchicago.edu"
Read LP format model from file /scratch/local/jobs/50183984/tmp227j_1vh.pyomo.lp
Reading time = 1.36 seconds
x1: 258121 rows, 502401 columns, 1259970 nonzeros
Set parameter Threads to value 8
Set parameter BarConvTol to value 1e-12
Gurobi Optimizer version 11.0.0 build v11.0.0rc2 (linux64 - "CentOS Linux 8")

CPU model: Intel(R) Xeon(R) Gold 6248R CPU @ 3.00GHz, instruction set [SSE2|AVX|AVX2|AVX512]
Thread count: 48 physical cores, 48 logical processors, using up to 8 threads

Optimize a model with 258121 rows, 502401 columns and 1259970 nonzeros
Model fingerprint: 0x27c6350c
Model has 3166 quadratic objective terms
Coefficient statistics:
  Matrix range     [1e+00, 1e+03]
  Objective range  [5e-07, 7e+01]
  QObjective range [3e-01, 3e+03]
  Bounds range     [3e-04, 1e+00]
  RHS range        [2e-16, 6e+00]
Presolve removed 131482 rows and 128814 columns
Presolve time: 0.62s
Presolved: 126639 rows, 373587 columns, 743930 nonzeros
Presolved model has 3166 quadratic objective terms
Ordering time: 0.17s

Barrier statistics:
 AA' NZ     : 3.709e+05
 Factor NZ  : 4.212e+06 (roughly 240 MB of memory)
 Factor Ops : 3.974e+08 (less than 1 second per iteration)
 Threads    : 8

                  Objective                Residual
Iter       Primal          Dual         Primal    Dual     Compl     Time
   0  -1.08858984e+09  8.63519649e+08  7.80e+04 1.13e-13  1.00e+06     1s
   1  -6.35727303e+08  5.82241625e+08  1.87e+04 1.60e+02  2.62e+05     1s
   2  -3.24155003e+08  3.24098673e+08  2.36e+02 1.04e+00  4.64e+03     1s
   3  -7.58808397e+07  7.65393875e+07  1.95e+00 1.44e-12  3.30e+02     1s
   4  -1.46363871e+07  1.53249921e+07  1.70e-01 3.39e-12  6.19e+01     2s
   5  -2.69568993e+06  2.98245329e+06  1.33e-02 1.24e-12  1.15e+01     2s
   6  -3.92604805e+05  4.49319982e+05  1.33e-08 1.69e-12  1.69e+00     2s
   7  -5.87259118e+04  7.36740515e+04  1.82e-13 6.52e-13  2.66e-01     2s
   8  -8.85313524e+03  1.06094738e+04  6.94e-14 2.27e-13  3.92e-02     2s
   9  -1.41460005e+03  1.74010826e+03  2.21e-14 4.24e-14  6.35e-03     2s
  10  -2.29949313e+02  2.21029902e+02  7.34e-15 2.84e-14  9.07e-04     2s
  11  -4.98401818e+01  3.51731529e+01  3.73e-15 1.42e-14  1.71e-04     2s
  12  -7.05672715e+00  7.34155309e+00  8.80e-16 2.84e-14  2.90e-05     2s
  13   4.27019339e-01  2.59329663e+00  3.34e-16 1.42e-14  4.36e-06     3s
  14   1.27475458e+00  2.50941172e+00  3.42e-16 4.26e-14  2.48e-06     3s
  15   1.91548812e+00  2.21011666e+00  6.45e-17 1.42e-14  5.93e-07     3s
  16   2.03912377e+00  2.15369898e+00  5.95e-17 1.42e-14  2.31e-07     3s
  17   2.07599533e+00  2.13949500e+00  1.17e-16 2.84e-14  1.28e-07     3s
  18   2.10343047e+00  2.12919707e+00  1.27e-16 1.42e-14  5.18e-08     3s
  19   2.11582632e+00  2.12459708e+00  6.67e-17 2.84e-14  1.76e-08     3s
  20   2.12031418e+00  2.12301087e+00  7.76e-17 2.84e-14  5.43e-09     3s
  21   2.12140239e+00  2.12262674e+00  5.02e-17 1.42e-14  2.46e-09     3s
  22   2.12221817e+00  2.12233973e+00  6.58e-17 2.84e-14  2.45e-10     3s
  23   2.12229853e+00  2.12231146e+00  7.80e-17 1.42e-14  2.60e-11     4s
  24   2.12230795e+00  2.12230816e+00  1.53e-16 2.13e-14  4.06e-13     4s
  25   2.12230808e+00  2.12230811e+00  2.10e-15 1.42e-14  6.99e-14     4s
  26   2.12230810e+00  2.12230811e+00  3.08e-15 2.84e-14  1.99e-14     4s
  27   2.12230810e+00  2.12230810e+00  2.14e-15 2.84e-14  5.01e-15     4s
  28   2.12230810e+00  2.12230810e+00  2.19e-15 1.42e-14  1.32e-15     4s
  29   2.12230810e+00  2.12230810e+00  1.20e-15 1.42e-14  4.73e-16     4s
  30   2.12230810e+00  2.12230810e+00  1.05e-15 1.42e-14  4.48e-16     4s
  31   2.12230810e+00  2.12230810e+00  9.16e-16 1.42e-14  2.70e-16     4s
  32   2.12230810e+00  2.12230810e+00  6.75e-16 1.42e-14  2.39e-16     4s
  33   2.12230810e+00  2.12230810e+00  4.43e-16 1.42e-14  1.35e-16     4s
  34   2.12230810e+00  2.12230810e+00  2.68e-16 1.42e-14  7.29e-17     4s

Barrier solved model in 34 iterations and 4.46 seconds (3.91 work units)
Optimal objective 2.12230810e+00

objective value: 2.122308103376947
Done! Time elapsed: 24.96871519088745 seconds.
g_0_1: 1.0000036695702843
g_1_1: 1.0000023087381489
g_1_2: 1.0000065086202152
g_2_1: 1.0000042363294366
g_2_2: 1.0000119427818772
g_2_3: 1.0000042363294368
g_2_4: 1.000011942781853
Parameters from last iteration: [0.17400064 0.70700163 0.17400113 0.707003   0.17400208 0.707003
 0.17400208]

Parameters from current iteration:
                [0.17400064 0.70700163 0.17400113 0.707003   0.17400208 0.707003
 0.17400208]


                Percentage Error = 3.1902579472186406e-16
                
year done: 36
Time 37: 2
Optimization Iteration[1/20000]

Solving the optimization problem...
Set parameter TokenServer to value "licenses.rcc.uchicago.edu"
Read LP format model from file /scratch/local/jobs/50183984/tmpl1jovu9i.pyomo.lp
Reading time = 1.37 seconds
x1: 258121 rows, 502401 columns, 1259970 nonzeros
Set parameter Threads to value 8
Set parameter BarConvTol to value 1e-12
Gurobi Optimizer version 11.0.0 build v11.0.0rc2 (linux64 - "CentOS Linux 8")

CPU model: Intel(R) Xeon(R) Gold 6248R CPU @ 3.00GHz, instruction set [SSE2|AVX|AVX2|AVX512]
Thread count: 48 physical cores, 48 logical processors, using up to 8 threads

Optimize a model with 258121 rows, 502401 columns and 1259970 nonzeros
Model fingerprint: 0x85edc87c
Model has 3166 quadratic objective terms
Coefficient statistics:
  Matrix range     [1e+00, 1e+03]
  Objective range  [5e-07, 7e+01]
  QObjective range [3e-01, 3e+03]
  Bounds range     [3e-04, 1e+00]
  RHS range        [2e-16, 6e+00]
Presolve removed 131482 rows and 128814 columns
Presolve time: 0.61s
Presolved: 126639 rows, 373587 columns, 743930 nonzeros
Presolved model has 3166 quadratic objective terms
Ordering time: 0.16s

Barrier statistics:
 AA' NZ     : 3.709e+05
 Factor NZ  : 4.212e+06 (roughly 240 MB of memory)
 Factor Ops : 3.974e+08 (less than 1 second per iteration)
 Threads    : 8

                  Objective                Residual
Iter       Primal          Dual         Primal    Dual     Compl     Time
   0  -1.08858984e+09  8.63519649e+08  7.80e+04 1.13e-13  1.00e+06     1s
   1  -6.35727303e+08  5.82241625e+08  1.87e+04 1.60e+02  2.62e+05     1s
   2  -3.24155003e+08  3.24098673e+08  2.36e+02 1.04e+00  4.64e+03     1s
   3  -7.58808397e+07  7.65393875e+07  1.95e+00 1.46e-12  3.30e+02     2s
   4  -1.46363872e+07  1.53249920e+07  1.70e-01 6.09e-12  6.19e+01     2s
   5  -2.69569000e+06  2.98245322e+06  1.33e-02 1.24e-12  1.15e+01     2s
   6  -3.92604874e+05  4.49319913e+05  1.33e-08 1.01e-12  1.69e+00     2s
   7  -5.87259807e+04  7.36739826e+04  1.62e-13 6.70e-13  2.66e-01     2s
   8  -8.85320409e+03  1.06094049e+04  9.42e-14 2.36e-13  3.92e-02     2s
   9  -1.41466890e+03  1.74003941e+03  2.46e-14 3.59e-14  6.35e-03     2s
  10  -2.30018164e+02  2.20961051e+02  6.41e-15 2.84e-14  9.07e-04     2s
  11  -4.99090331e+01  3.51043016e+01  3.64e-15 2.13e-14  1.71e-04     2s
  12  -7.12557846e+00  7.27270179e+00  1.16e-15 1.42e-14  2.90e-05     2s
  13   3.58168034e-01  2.52444532e+00  2.74e-16 2.13e-14  4.36e-06     3s
  14   1.20590328e+00  2.44056042e+00  2.92e-16 2.84e-14  2.48e-06     3s
  15   1.84663682e+00  2.14126536e+00  7.68e-17 1.42e-14  5.93e-07     3s
  16   1.97027246e+00  2.08484767e+00  1.35e-16 2.84e-14  2.31e-07     3s
  17   2.00714402e+00  2.07064370e+00  4.82e-17 2.13e-14  1.28e-07     3s
  18   2.03457917e+00  2.06034576e+00  6.03e-17 2.13e-14  5.18e-08     3s
  19   2.04697501e+00  2.05574577e+00  4.33e-17 2.84e-14  1.76e-08     3s
  20   2.05146288e+00  2.05415957e+00  4.69e-17 1.42e-14  5.43e-09     3s
  21   2.05255109e+00  2.05377544e+00  3.69e-17 1.42e-14  2.46e-09     3s
  22   2.05336687e+00  2.05348843e+00  5.17e-17 2.84e-14  2.45e-10     3s
  23   2.05344722e+00  2.05346016e+00  8.07e-17 1.42e-14  2.60e-11     3s
  24   2.05345665e+00  2.05345685e+00  1.54e-16 2.13e-14  4.06e-13     4s
  25   2.05345677e+00  2.05345681e+00  2.53e-15 1.42e-14  6.89e-14     4s
  26   2.05345679e+00  2.05345680e+00  3.93e-15 1.42e-14  1.98e-14     4s
  27   2.05345680e+00  2.05345680e+00  2.82e-15 1.42e-14  4.97e-15     4s
  28   2.05345680e+00  2.05345680e+00  2.08e-15 1.42e-14  1.31e-15     4s
  29   2.05345680e+00  2.05345680e+00  1.10e-15 2.13e-14  4.64e-16     4s
  30   2.05345680e+00  2.05345680e+00  1.00e-15 2.13e-14  4.39e-16     4s
  31   2.05345680e+00  2.05345680e+00  7.67e-16 1.42e-14  2.66e-16     4s
  32   2.05345680e+00  2.05345680e+00  6.49e-16 1.42e-14  2.36e-16     4s
  33   2.05345680e+00  2.05345680e+00  5.07e-16 1.42e-14  1.33e-16     4s
  34   2.05345680e+00  2.05345680e+00  2.79e-16 2.84e-14  7.16e-17     4s

Barrier solved model in 34 iterations and 4.41 seconds (3.91 work units)
Optimal objective 2.05345680e+00

objective value: 2.0534567986027077
Done! Time elapsed: 25.08601975440979 seconds.
g_0_1: 1.0000036695702843
g_1_1: 1.0000023087381489
g_1_2: 1.0000065086202152
g_2_1: 1.0000042363294366
g_2_2: 1.0000119427818768
g_2_3: 1.000004236329437
g_2_4: 1.000011942781853
Parameters from last iteration: [0.17400064 0.70700163 0.17400113 0.707003   0.17400208 0.707003
 0.17400208]

Parameters from current iteration:
                [0.17400064 0.70700163 0.17400113 0.707003   0.17400208 0.707003
 0.17400208]


                Percentage Error = 4.785386920827962e-16
                
year done: 37
Time 38: 2
Optimization Iteration[1/20000]

Solving the optimization problem...
Set parameter TokenServer to value "licenses.rcc.uchicago.edu"
Read LP format model from file /scratch/local/jobs/50183984/tmpf2fi3bg5.pyomo.lp
Reading time = 1.35 seconds
x1: 258121 rows, 502401 columns, 1259970 nonzeros
Set parameter Threads to value 8
Set parameter BarConvTol to value 1e-12
Gurobi Optimizer version 11.0.0 build v11.0.0rc2 (linux64 - "CentOS Linux 8")

CPU model: Intel(R) Xeon(R) Gold 6248R CPU @ 3.00GHz, instruction set [SSE2|AVX|AVX2|AVX512]
Thread count: 48 physical cores, 48 logical processors, using up to 8 threads

Optimize a model with 258121 rows, 502401 columns and 1259970 nonzeros
Model fingerprint: 0x4b0d8b68
Model has 3166 quadratic objective terms
Coefficient statistics:
  Matrix range     [1e+00, 1e+03]
  Objective range  [5e-07, 7e+01]
  QObjective range [3e-01, 3e+03]
  Bounds range     [3e-04, 1e+00]
  RHS range        [2e-16, 6e+00]
Presolve removed 131482 rows and 128814 columns
Presolve time: 0.55s
Presolved: 126639 rows, 373587 columns, 743930 nonzeros
Presolved model has 3166 quadratic objective terms
Ordering time: 0.16s

Barrier statistics:
 AA' NZ     : 3.709e+05
 Factor NZ  : 4.212e+06 (roughly 240 MB of memory)
 Factor Ops : 3.974e+08 (less than 1 second per iteration)
 Threads    : 8

                  Objective                Residual
Iter       Primal          Dual         Primal    Dual     Compl     Time
   0  -1.08858984e+09  8.63519649e+08  7.80e+04 1.13e-13  1.00e+06     1s
   1  -6.35727303e+08  5.82241625e+08  1.87e+04 1.60e+02  2.62e+05     1s
   2  -3.24155003e+08  3.24098673e+08  2.36e+02 1.04e+00  4.64e+03     1s
   3  -7.58808398e+07  7.65393874e+07  1.95e+00 1.98e-12  3.30e+02     1s
   4  -1.46363872e+07  1.53249919e+07  1.70e-01 3.48e-12  6.19e+01     1s
   5  -2.69569006e+06  2.98245315e+06  1.33e-02 1.23e-12  1.15e+01     1s
   6  -3.92604940e+05  4.49319847e+05  1.33e-08 7.86e-13  1.69e+00     2s
   7  -5.87260464e+04  7.36739169e+04  1.31e-13 7.64e-13  2.66e-01     2s
   8  -8.85326985e+03  1.06093392e+04  6.39e-14 2.49e-13  3.92e-02     2s
   9  -1.41473465e+03  1.73997366e+03  2.49e-14 4.26e-14  6.35e-03     2s
  10  -2.30083917e+02  2.20895298e+02  6.43e-15 1.73e-14  9.07e-04     2s
  11  -4.99747856e+01  3.50385491e+01  2.17e-15 2.13e-14  1.71e-04     2s
  12  -7.19133094e+00  7.20694930e+00  9.36e-16 1.55e-14  2.90e-05     2s
  13   2.92415548e-01  2.45869284e+00  4.66e-16 1.42e-14  4.36e-06     2s
  14   1.14015079e+00  2.37480793e+00  3.09e-16 4.26e-14  2.48e-06     3s
  15   1.78088433e+00  2.07551287e+00  6.52e-17 1.42e-14  5.93e-07     3s
  16   1.90451998e+00  2.01909519e+00  6.38e-17 2.00e-14  2.31e-07     3s
  17   1.94139154e+00  2.00489121e+00  4.85e-17 1.42e-14  1.28e-07     3s
  18   1.96882668e+00  1.99459328e+00  4.38e-17 1.42e-14  5.18e-08     3s
  19   1.98122253e+00  1.98999329e+00  5.00e-17 1.42e-14  1.76e-08     3s
  20   1.98571039e+00  1.98840708e+00  1.22e-16 1.42e-14  5.43e-09     3s
  21   1.98679860e+00  1.98802295e+00  3.09e-17 1.42e-14  2.46e-09     3s
  22   1.98761438e+00  1.98773594e+00  6.01e-17 1.78e-14  2.45e-10     3s
  23   1.98769474e+00  1.98770767e+00  8.47e-17 1.42e-14  2.60e-11     3s
  24   1.98770416e+00  1.98770437e+00  1.68e-16 1.42e-14  4.06e-13     3s
  25   1.98770429e+00  1.98770432e+00  2.62e-15 1.42e-14  6.80e-14     3s
  26   1.98770431e+00  1.98770432e+00  3.78e-15 1.42e-14  1.97e-14     4s
  27   1.98770431e+00  1.98770431e+00  2.05e-15 1.42e-14  4.92e-15     4s
  28   1.98770431e+00  1.98770431e+00  2.23e-15 1.42e-14  1.29e-15     4s
  29   1.98770431e+00  1.98770431e+00  1.20e-15 1.42e-14  4.55e-16     4s
  30   1.98770431e+00  1.98770431e+00  1.12e-15 1.42e-14  4.31e-16     4s
  31   1.98770431e+00  1.98770431e+00  8.77e-16 1.42e-14  2.61e-16     4s
  32   1.98770431e+00  1.98770431e+00  6.86e-16 1.42e-14  2.33e-16     4s
  33   1.98770431e+00  1.98770431e+00  4.48e-16 1.42e-14  1.33e-16     4s
  34   1.98770431e+00  1.98770431e+00  3.09e-16 1.42e-14  7.03e-17     4s

Barrier solved model in 34 iterations and 4.24 seconds (3.91 work units)
Optimal objective 1.98770431e+00

objective value: 1.9877043130068581
Done! Time elapsed: 24.91620707511902 seconds.
g_0_1: 1.000003669570284
g_1_1: 1.0000023087381489
g_1_2: 1.000006508620215
g_2_1: 1.0000042363294368
g_2_2: 1.0000119427818763
g_2_3: 1.0000042363294368
g_2_4: 1.0000119427818528
Parameters from last iteration: [0.17400064 0.70700163 0.17400113 0.707003   0.17400208 0.707003
 0.17400208]

Parameters from current iteration:
                [0.17400064 0.70700163 0.17400113 0.707003   0.17400208 0.707003
 0.17400208]


                Percentage Error = 4.785386920827964e-16
                
year done: 38
Time 39: 2
Optimization Iteration[1/20000]

Solving the optimization problem...
Set parameter TokenServer to value "licenses.rcc.uchicago.edu"
Read LP format model from file /scratch/local/jobs/50183984/tmpw5gsg_yh.pyomo.lp
Reading time = 1.33 seconds
x1: 258121 rows, 502401 columns, 1259970 nonzeros
Set parameter Threads to value 8
Set parameter BarConvTol to value 1e-12
Gurobi Optimizer version 11.0.0 build v11.0.0rc2 (linux64 - "CentOS Linux 8")

CPU model: Intel(R) Xeon(R) Gold 6248R CPU @ 3.00GHz, instruction set [SSE2|AVX|AVX2|AVX512]
Thread count: 48 physical cores, 48 logical processors, using up to 8 threads

Optimize a model with 258121 rows, 502401 columns and 1259970 nonzeros
Model fingerprint: 0xefd9a604
Model has 3166 quadratic objective terms
Coefficient statistics:
  Matrix range     [1e+00, 1e+03]
  Objective range  [5e-07, 7e+01]
  QObjective range [3e-01, 3e+03]
  Bounds range     [3e-04, 1e+00]
  RHS range        [2e-16, 6e+00]
Presolve removed 131482 rows and 128814 columns
Presolve time: 0.54s
Presolved: 126639 rows, 373587 columns, 743930 nonzeros
Presolved model has 3166 quadratic objective terms
Ordering time: 0.16s

Barrier statistics:
 AA' NZ     : 3.709e+05
 Factor NZ  : 4.212e+06 (roughly 240 MB of memory)
 Factor Ops : 3.974e+08 (less than 1 second per iteration)
 Threads    : 8

                  Objective                Residual
Iter       Primal          Dual         Primal    Dual     Compl     Time
   0  -1.08858984e+09  8.63519649e+08  7.80e+04 1.13e-13  1.00e+06     1s
   1  -6.35727303e+08  5.82241625e+08  1.87e+04 1.60e+02  2.62e+05     1s
   2  -3.24155003e+08  3.24098673e+08  2.36e+02 1.04e+00  4.64e+03     1s
   3  -7.58808399e+07  7.65393873e+07  1.95e+00 1.68e-12  3.30e+02     1s
   4  -1.46363873e+07  1.53249919e+07  1.70e-01 4.12e-12  6.19e+01     1s
   5  -2.69569012e+06  2.98245309e+06  1.33e-02 1.47e-12  1.15e+01     1s
   6  -3.92605003e+05  4.49319785e+05  1.33e-08 1.16e-12  1.69e+00     2s
   7  -5.87261092e+04  7.36738541e+04  1.50e-13 7.37e-13  2.66e-01     2s
   8  -8.85333264e+03  1.06092764e+04  7.48e-14 2.03e-13  3.92e-02     2s
   9  -1.41479744e+03  1.73991086e+03  2.12e-14 3.64e-14  6.35e-03     2s
  10  -2.30146710e+02  2.20832505e+02  6.65e-15 2.84e-14  9.07e-04     2s
  11  -5.00375788e+01  3.49757560e+01  3.00e-15 1.69e-14  1.71e-04     2s
  12  -7.25412408e+00  7.14415617e+00  1.03e-15 1.42e-14  2.90e-05     2s
  13   2.29622412e-01  2.39589970e+00  3.37e-16 1.42e-14  4.36e-06     2s
  14   1.07735766e+00  2.31201480e+00  2.77e-16 3.55e-14  2.48e-06     3s
  15   1.71809120e+00  2.01271974e+00  6.29e-17 1.42e-14  5.93e-07     3s
  16   1.84172684e+00  1.95630205e+00  1.35e-16 1.42e-14  2.31e-07     3s
  17   1.87859840e+00  1.94209808e+00  1.43e-16 2.84e-14  1.28e-07     3s
  18   1.90603355e+00  1.93180014e+00  9.12e-17 2.13e-14  5.18e-08     3s
  19   1.91842939e+00  1.92720015e+00  9.20e-17 1.42e-14  1.76e-08     3s
  20   1.92291725e+00  1.92561394e+00  4.92e-17 1.42e-14  5.43e-09     3s
  21   1.92400547e+00  1.92522981e+00  4.39e-17 1.42e-14  2.46e-09     3s
  22   1.92482125e+00  1.92494281e+00  7.40e-17 1.42e-14  2.45e-10     3s
  23   1.92490160e+00  1.92491454e+00  6.91e-17 1.42e-14  2.60e-11     3s
  24   1.92491103e+00  1.92491123e+00  1.60e-16 1.42e-14  4.06e-13     3s
  25   1.92491115e+00  1.92491119e+00  2.07e-15 1.42e-14  6.71e-14     3s
  26   1.92491117e+00  1.92491118e+00  3.83e-15 2.84e-14  1.95e-14     4s
  27   1.92491117e+00  1.92491118e+00  2.36e-15 1.42e-14  4.87e-15     4s
  28   1.92491118e+00  1.92491118e+00  2.42e-15 8.44e-15  1.28e-15     4s
  29   1.92491118e+00  1.92491118e+00  1.43e-15 1.42e-14  4.47e-16     4s
  30   1.92491118e+00  1.92491118e+00  1.33e-15 1.60e-14  4.23e-16     4s
  31   1.92491118e+00  1.92491118e+00  8.78e-16 1.42e-14  2.57e-16     4s
  32   1.92491118e+00  1.92491118e+00  7.19e-16 1.42e-14  2.30e-16     4s
  33   1.92491118e+00  1.92491118e+00  5.48e-16 1.42e-14  1.32e-16     4s
  34   1.92491118e+00  1.92491118e+00  3.05e-16 1.42e-14  6.91e-17     4s

Barrier solved model in 34 iterations and 4.25 seconds (3.91 work units)
Optimal objective 1.92491118e+00

objective value: 1.924911176751739
Done! Time elapsed: 24.955036640167236 seconds.
g_0_1: 1.000003669570284
g_1_1: 1.000002308738149
g_1_2: 1.000006508620215
g_2_1: 1.0000042363294368
g_2_2: 1.0000119427818759
g_2_3: 1.000004236329437
g_2_4: 1.0000119427818528
Parameters from last iteration: [0.17400064 0.70700163 0.17400113 0.707003   0.17400208 0.707003
 0.17400208]

Parameters from current iteration:
                [0.17400064 0.70700163 0.17400113 0.707003   0.17400208 0.707003
 0.17400208]


                Percentage Error = 4.785386920827967e-16
                
year done: 39
Time 40: 2
Optimization Iteration[1/20000]

Solving the optimization problem...
Set parameter TokenServer to value "licenses.rcc.uchicago.edu"
Read LP format model from file /scratch/local/jobs/50183984/tmpmp_trfgu.pyomo.lp
Reading time = 1.36 seconds
x1: 258121 rows, 502401 columns, 1259970 nonzeros
Set parameter Threads to value 8
Set parameter BarConvTol to value 1e-12
Gurobi Optimizer version 11.0.0 build v11.0.0rc2 (linux64 - "CentOS Linux 8")

CPU model: Intel(R) Xeon(R) Gold 6248R CPU @ 3.00GHz, instruction set [SSE2|AVX|AVX2|AVX512]
Thread count: 48 physical cores, 48 logical processors, using up to 8 threads

Optimize a model with 258121 rows, 502401 columns and 1259970 nonzeros
Model fingerprint: 0x651f71d0
Model has 3166 quadratic objective terms
Coefficient statistics:
  Matrix range     [1e+00, 1e+03]
  Objective range  [5e-07, 7e+01]
  QObjective range [3e-01, 3e+03]
  Bounds range     [3e-04, 1e+00]
  RHS range        [2e-16, 6e+00]
Presolve removed 131482 rows and 128814 columns
Presolve time: 0.55s
Presolved: 126639 rows, 373587 columns, 743930 nonzeros
Presolved model has 3166 quadratic objective terms
Ordering time: 0.16s

Barrier statistics:
 AA' NZ     : 3.709e+05
 Factor NZ  : 4.212e+06 (roughly 240 MB of memory)
 Factor Ops : 3.974e+08 (less than 1 second per iteration)
 Threads    : 8

                  Objective                Residual
Iter       Primal          Dual         Primal    Dual     Compl     Time
   0  -1.08858984e+09  8.63519649e+08  7.80e+04 1.13e-13  1.00e+06     1s
   1  -6.35727303e+08  5.82241625e+08  1.87e+04 1.60e+02  2.62e+05     1s
   2  -3.24155003e+08  3.24098672e+08  2.36e+02 1.04e+00  4.64e+03     1s
   3  -7.58808399e+07  7.65393873e+07  1.95e+00 1.65e-12  3.30e+02     1s
   4  -1.46363873e+07  1.53249918e+07  1.70e-01 4.43e-12  6.19e+01     1s
   5  -2.69569018e+06  2.98245303e+06  1.33e-02 1.23e-12  1.15e+01     1s
   6  -3.92605063e+05  4.49319725e+05  1.33e-08 8.28e-13  1.69e+00     2s
   7  -5.87261692e+04  7.36737941e+04  1.22e-13 6.76e-13  2.66e-01     2s
   8  -8.85339261e+03  1.06092164e+04  7.72e-14 2.17e-13  3.92e-02     2s
   9  -1.41485741e+03  1.73985090e+03  2.16e-14 4.04e-14  6.35e-03     2s
  10  -2.30206677e+02  2.20772538e+02  9.13e-15 2.84e-14  9.07e-04     2s
  11  -5.00975457e+01  3.49157890e+01  5.18e-15 2.84e-14  1.71e-04     2s
  12  -7.31409106e+00  7.08418919e+00  1.40e-15 1.42e-14  2.90e-05     2s
  13   1.69655433e-01  2.33593272e+00  4.07e-16 2.84e-14  4.36e-06     2s
  14   1.01739068e+00  2.25204782e+00  2.32e-16 2.84e-14  2.48e-06     3s
  15   1.65812422e+00  1.95275276e+00  5.62e-17 1.42e-14  5.93e-07     3s
  16   1.78175986e+00  1.89633507e+00  9.56e-17 1.42e-14  2.31e-07     3s
  17   1.81863142e+00  1.88213110e+00  1.15e-16 2.84e-14  1.28e-07     3s
  18   1.84606657e+00  1.87183316e+00  1.06e-16 1.42e-14  5.18e-08     3s
  19   1.85846241e+00  1.86723317e+00  5.13e-17 1.42e-14  1.76e-08     3s
  20   1.86295028e+00  1.86564696e+00  6.96e-17 1.42e-14  5.43e-09     3s
  21   1.86403849e+00  1.86526284e+00  8.13e-17 1.42e-14  2.46e-09     3s
  22   1.86485427e+00  1.86497583e+00  9.25e-17 2.84e-14  2.45e-10     3s
  23   1.86493462e+00  1.86494756e+00  1.24e-16 2.84e-14  2.60e-11     3s
  24   1.86494405e+00  1.86494425e+00  1.51e-16 2.84e-14  4.06e-13     3s
  25   1.86494417e+00  1.86494421e+00  2.03e-15 1.42e-14  6.63e-14     3s
  26   1.86494419e+00  1.86494420e+00  3.38e-15 1.42e-14  1.94e-14     4s
  27   1.86494420e+00  1.86494420e+00  2.26e-15 1.69e-14  4.82e-15     4s
  28   1.86494420e+00  1.86494420e+00  2.30e-15 1.42e-14  1.27e-15     4s
  29   1.86494420e+00  1.86494420e+00  1.34e-15 1.42e-14  4.39e-16     4s
  30   1.86494420e+00  1.86494420e+00  1.24e-15 1.42e-14  4.16e-16     4s
  31   1.86494420e+00  1.86494420e+00  8.34e-16 1.42e-14  2.53e-16     4s
  32   1.86494420e+00  1.86494420e+00  7.29e-16 1.42e-14  2.27e-16     4s
  33   1.86494420e+00  1.86494420e+00  5.39e-16 1.42e-14  1.32e-16     4s
  34   1.86494420e+00  1.86494420e+00  3.49e-16 1.42e-14  6.80e-17     4s

Barrier solved model in 34 iterations and 4.23 seconds (3.91 work units)
Optimal objective 1.86494420e+00

objective value: 1.8649441971763916
Done! Time elapsed: 26.444709300994873 seconds.
g_0_1: 1.0000036695702839
g_1_1: 1.000002308738149
g_1_2: 1.0000065086202148
g_2_1: 1.0000042363294366
g_2_2: 1.0000119427818754
g_2_3: 1.000004236329437
g_2_4: 1.0000119427818528
Parameters from last iteration: [0.17400064 0.70700163 0.17400113 0.707003   0.17400208 0.707003
 0.17400208]

Parameters from current iteration:
                [0.17400064 0.70700163 0.17400113 0.707003   0.17400208 0.707003
 0.17400208]


                Percentage Error = 3.1902843408008225e-16
                
year done: 40
Time 41: 2
Optimization Iteration[1/20000]

Solving the optimization problem...
Set parameter TokenServer to value "licenses.rcc.uchicago.edu"
Read LP format model from file /scratch/local/jobs/50183984/tmphq1fnspe.pyomo.lp
Reading time = 1.34 seconds
x1: 258121 rows, 502401 columns, 1259970 nonzeros
Set parameter Threads to value 8
Set parameter BarConvTol to value 1e-12
Gurobi Optimizer version 11.0.0 build v11.0.0rc2 (linux64 - "CentOS Linux 8")

CPU model: Intel(R) Xeon(R) Gold 6248R CPU @ 3.00GHz, instruction set [SSE2|AVX|AVX2|AVX512]
Thread count: 48 physical cores, 48 logical processors, using up to 8 threads

Optimize a model with 258121 rows, 502401 columns and 1259970 nonzeros
Model fingerprint: 0x9f1d49e8
Model has 3166 quadratic objective terms
Coefficient statistics:
  Matrix range     [1e+00, 1e+03]
  Objective range  [5e-07, 7e+01]
  QObjective range [3e-01, 3e+03]
  Bounds range     [3e-04, 1e+00]
  RHS range        [2e-16, 6e+00]
Presolve removed 131482 rows and 128814 columns
Presolve time: 0.54s
Presolved: 126639 rows, 373587 columns, 743930 nonzeros
Presolved model has 3166 quadratic objective terms
Ordering time: 0.16s

Barrier statistics:
 AA' NZ     : 3.709e+05
 Factor NZ  : 4.212e+06 (roughly 240 MB of memory)
 Factor Ops : 3.974e+08 (less than 1 second per iteration)
 Threads    : 8

                  Objective                Residual
Iter       Primal          Dual         Primal    Dual     Compl     Time
   0  -1.08858984e+09  8.63519649e+08  7.80e+04 1.13e-13  1.00e+06     1s
   1  -6.35727303e+08  5.82241625e+08  1.87e+04 1.60e+02  2.62e+05     1s
   2  -3.24155003e+08  3.24098672e+08  2.36e+02 1.04e+00  4.64e+03     1s
   3  -7.58808400e+07  7.65393872e+07  1.95e+00 1.39e-12  3.30e+02     1s
   4  -1.46363874e+07  1.53249917e+07  1.70e-01 5.39e-12  6.19e+01     1s
   5  -2.69569024e+06  2.98245297e+06  1.33e-02 1.17e-12  1.15e+01     1s
   6  -3.92605120e+05  4.49319667e+05  1.33e-08 1.38e-12  1.69e+00     2s
   7  -5.87262264e+04  7.36737369e+04  1.36e-13 7.20e-13  2.66e-01     2s
   8  -8.85344987e+03  1.06091591e+04  8.04e-14 2.13e-13  3.92e-02     2s
   9  -1.41491468e+03  1.73979363e+03  2.86e-14 4.26e-14  6.35e-03     2s
  10  -2.30263945e+02  2.20715270e+02  6.61e-15 4.26e-14  9.07e-04     2s
  11  -5.01548138e+01  3.48585210e+01  3.09e-15 2.84e-14  1.71e-04     2s
  12  -7.37135908e+00  7.02692117e+00  1.15e-15 1.42e-14  2.90e-05     2s
  13   1.12387412e-01  2.27866470e+00  4.03e-16 1.42e-14  4.36e-06     2s
  14   9.60122655e-01  2.19477980e+00  2.62e-16 2.84e-14  2.48e-06     3s
  15   1.60085619e+00  1.89548474e+00  8.11e-17 2.84e-14  5.93e-07     3s
  16   1.72449184e+00  1.83906705e+00  1.13e-16 1.42e-14  2.31e-07     3s
  17   1.76136340e+00  1.82486308e+00  9.18e-17 2.84e-14  1.28e-07     3s
  18   1.78879854e+00  1.81456514e+00  1.04e-16 1.42e-14  5.18e-08     3s
  19   1.80119439e+00  1.80996515e+00  1.08e-16 1.42e-14  1.76e-08     3s
  20   1.80568225e+00  1.80837894e+00  3.93e-17 1.42e-14  5.43e-09     3s
  21   1.80677047e+00  1.80799481e+00  5.44e-17 1.64e-14  2.46e-09     3s
  22   1.80758625e+00  1.80770781e+00  9.33e-17 1.42e-14  2.45e-10     3s
  23   1.80766660e+00  1.80767954e+00  6.16e-17 2.13e-14  2.60e-11     3s
  24   1.80767603e+00  1.80767623e+00  1.78e-16 1.42e-14  4.06e-13     3s
  25   1.80767615e+00  1.80767618e+00  2.91e-15 1.42e-14  6.55e-14     3s
  26   1.80767617e+00  1.80767618e+00  3.68e-15 1.42e-14  1.93e-14     3s
  27   1.80767617e+00  1.80767618e+00  2.50e-15 1.42e-14  4.77e-15     4s
  28   1.80767618e+00  1.80767618e+00  2.43e-15 1.51e-14  1.25e-15     4s
  29   1.80767618e+00  1.80767618e+00  1.13e-15 1.42e-14  4.31e-16     4s
  30   1.80767618e+00  1.80767618e+00  1.01e-15 1.42e-14  4.09e-16     4s
  31   1.80767618e+00  1.80767618e+00  9.85e-16 1.42e-14  2.49e-16     4s
  32   1.80767618e+00  1.80767618e+00  7.81e-16 1.42e-14  2.25e-16     4s
  33   1.80767618e+00  1.80767618e+00  4.24e-16 1.42e-14  1.33e-16     4s
  34   1.80767618e+00  1.80767618e+00  3.40e-16 1.42e-14  6.69e-17     4s

Barrier solved model in 34 iterations and 4.17 seconds (3.91 work units)
Optimal objective 1.80767618e+00

objective value: 1.8076761762771132
Done! Time elapsed: 24.77684235572815 seconds.
g_0_1: 1.0000036695702839
g_1_1: 1.000002308738149
g_1_2: 1.000006508620215
g_2_1: 1.0000042363294368
g_2_2: 1.000011942781875
g_2_3: 1.000004236329437
g_2_4: 1.0000119427818528
Parameters from last iteration: [0.17400064 0.70700163 0.17400113 0.707003   0.17400208 0.707003
 0.17400208]

Parameters from current iteration:
                [0.17400064 0.70700163 0.17400113 0.707003   0.17400208 0.707003
 0.17400208]


                Percentage Error = 4.785386920827971e-16
                
year done: 41
Time 42: 2
Optimization Iteration[1/20000]

Solving the optimization problem...
Set parameter TokenServer to value "licenses.rcc.uchicago.edu"
Read LP format model from file /scratch/local/jobs/50183984/tmpsaotlsvl.pyomo.lp
Reading time = 1.35 seconds
x1: 258121 rows, 502401 columns, 1259970 nonzeros
Set parameter Threads to value 8
Set parameter BarConvTol to value 1e-12
Gurobi Optimizer version 11.0.0 build v11.0.0rc2 (linux64 - "CentOS Linux 8")

CPU model: Intel(R) Xeon(R) Gold 6248R CPU @ 3.00GHz, instruction set [SSE2|AVX|AVX2|AVX512]
Thread count: 48 physical cores, 48 logical processors, using up to 8 threads

Optimize a model with 258121 rows, 502401 columns and 1259970 nonzeros
Model fingerprint: 0x55550abd
Model has 3166 quadratic objective terms
Coefficient statistics:
  Matrix range     [1e+00, 1e+03]
  Objective range  [5e-07, 7e+01]
  QObjective range [3e-01, 3e+03]
  Bounds range     [3e-04, 1e+00]
  RHS range        [2e-16, 6e+00]
Presolve removed 131482 rows and 128814 columns
Presolve time: 0.54s
Presolved: 126639 rows, 373587 columns, 743930 nonzeros
Presolved model has 3166 quadratic objective terms
Ordering time: 0.16s

Barrier statistics:
 AA' NZ     : 3.709e+05
 Factor NZ  : 4.212e+06 (roughly 240 MB of memory)
 Factor Ops : 3.974e+08 (less than 1 second per iteration)
 Threads    : 8

                  Objective                Residual
Iter       Primal          Dual         Primal    Dual     Compl     Time
   0  -1.08858984e+09  8.63519649e+08  7.80e+04 1.13e-13  1.00e+06     1s
   1  -6.35727303e+08  5.82241625e+08  1.87e+04 1.60e+02  2.62e+05     1s
   2  -3.24155003e+08  3.24098672e+08  2.36e+02 1.04e+00  4.64e+03     1s
   3  -7.58808400e+07  7.65393872e+07  1.95e+00 1.47e-12  3.30e+02     1s
   4  -1.46363875e+07  1.53249917e+07  1.70e-01 4.46e-12  6.19e+01     1s
   5  -2.69569030e+06  2.98245292e+06  1.33e-02 1.19e-12  1.15e+01     1s
   6  -3.92605175e+05  4.49319613e+05  1.33e-08 8.74e-13  1.69e+00     2s
   7  -5.87262811e+04  7.36736822e+04  1.85e-13 7.13e-13  2.66e-01     2s
   8  -8.85350456e+03  1.06091044e+04  7.38e-14 2.13e-13  3.92e-02     2s
   9  -1.41496937e+03  1.73973894e+03  2.36e-14 4.26e-14  6.35e-03     2s
  10  -2.30318635e+02  2.20660580e+02  9.75e-15 2.84e-14  9.07e-04     2s
  11  -5.02095043e+01  3.48038305e+01  3.69e-15 1.51e-14  1.71e-04     2s
  12  -7.42604962e+00  6.97223063e+00  1.02e-15 1.42e-14  2.90e-05     2s
  13   5.76968764e-02  2.22397416e+00  4.20e-16 1.42e-14  4.36e-06     2s
  14   9.05432119e-01  2.14008926e+00  3.30e-16 4.26e-14  2.48e-06     3s
  15   1.54616566e+00  1.84079420e+00  6.42e-17 1.42e-14  5.93e-07     3s
  16   1.66980131e+00  1.78437652e+00  8.61e-17 1.42e-14  2.31e-07     3s
  17   1.70667286e+00  1.77017254e+00  8.37e-17 1.42e-14  1.28e-07     3s
  18   1.73410801e+00  1.75987461e+00  1.12e-16 1.42e-14  5.18e-08     3s
  19   1.74650385e+00  1.75527462e+00  4.80e-17 2.84e-14  1.76e-08     3s
  20   1.75099172e+00  1.75368841e+00  4.25e-17 1.42e-14  5.43e-09     3s
  21   1.75207993e+00  1.75330428e+00  7.52e-17 1.42e-14  2.46e-09     3s
  22   1.75289571e+00  1.75301727e+00  6.79e-17 2.84e-14  2.45e-10     3s
  23   1.75297607e+00  1.75298900e+00  1.04e-16 1.42e-14  2.60e-11     3s
  24   1.75298549e+00  1.75298569e+00  1.80e-16 1.51e-14  4.06e-13     3s
  25   1.75298562e+00  1.75298565e+00  2.14e-15 1.42e-14  6.47e-14     3s
  26   1.75298563e+00  1.75298564e+00  3.29e-15 1.42e-14  1.91e-14     3s
  27   1.75298564e+00  1.75298564e+00  2.35e-15 1.42e-14  4.72e-15     4s
  28   1.75298564e+00  1.75298564e+00  2.04e-15 1.42e-14  1.24e-15     4s
  29   1.75298564e+00  1.75298564e+00  1.25e-15 1.42e-14  4.24e-16     4s
  30   1.75298564e+00  1.75298564e+00  1.10e-15 1.42e-14  4.02e-16     4s
  31   1.75298564e+00  1.75298564e+00  7.69e-16 1.42e-14  2.45e-16     4s
  32   1.75298564e+00  1.75298564e+00  6.14e-16 1.42e-14  2.23e-16     4s
  33   1.75298564e+00  1.75298564e+00  5.97e-16 1.42e-14  1.36e-16     4s
  34   1.75298564e+00  1.75298564e+00  3.23e-16 1.42e-14  6.58e-17     4s

Barrier solved model in 34 iterations and 4.18 seconds (3.91 work units)
Optimal objective 1.75298564e+00

objective value: 1.7529856409034035
Done! Time elapsed: 25.091341733932495 seconds.
g_0_1: 1.0000036695702839
g_1_1: 1.000002308738149
g_1_2: 1.000006508620215
g_2_1: 1.0000042363294368
g_2_2: 1.0000119427818746
g_2_3: 1.000004236329437
g_2_4: 1.0000119427818528
Parameters from last iteration: [0.17400064 0.70700163 0.17400113 0.707003   0.17400208 0.707003
 0.17400208]

Parameters from current iteration:
                [0.17400064 0.70700163 0.17400113 0.707003   0.17400208 0.707003
 0.17400208]


                Percentage Error = 4.785386920827973e-16
                
year done: 42
Time 43: 2
Optimization Iteration[1/20000]

Solving the optimization problem...
Set parameter TokenServer to value "licenses.rcc.uchicago.edu"
Read LP format model from file /scratch/local/jobs/50183984/tmpgidfxv7i.pyomo.lp
Reading time = 1.32 seconds
x1: 258121 rows, 502401 columns, 1259970 nonzeros
Set parameter Threads to value 8
Set parameter BarConvTol to value 1e-12
Gurobi Optimizer version 11.0.0 build v11.0.0rc2 (linux64 - "CentOS Linux 8")

CPU model: Intel(R) Xeon(R) Gold 6248R CPU @ 3.00GHz, instruction set [SSE2|AVX|AVX2|AVX512]
Thread count: 48 physical cores, 48 logical processors, using up to 8 threads

Optimize a model with 258121 rows, 502401 columns and 1259970 nonzeros
Model fingerprint: 0x1ce18b2e
Model has 3166 quadratic objective terms
Coefficient statistics:
  Matrix range     [1e+00, 1e+03]
  Objective range  [5e-07, 7e+01]
  QObjective range [3e-01, 3e+03]
  Bounds range     [3e-04, 1e+00]
  RHS range        [2e-16, 6e+00]
Presolve removed 131482 rows and 128814 columns
Presolve time: 0.54s
Presolved: 126639 rows, 373587 columns, 743930 nonzeros
Presolved model has 3166 quadratic objective terms
Ordering time: 0.16s

Barrier statistics:
 AA' NZ     : 3.709e+05
 Factor NZ  : 4.212e+06 (roughly 240 MB of memory)
 Factor Ops : 3.974e+08 (less than 1 second per iteration)
 Threads    : 8

                  Objective                Residual
Iter       Primal          Dual         Primal    Dual     Compl     Time
   0  -1.08858984e+09  8.63519649e+08  7.80e+04 1.13e-13  1.00e+06     1s
   1  -6.35727303e+08  5.82241625e+08  1.87e+04 1.60e+02  2.62e+05     1s
   2  -3.24155003e+08  3.24098672e+08  2.36e+02 1.04e+00  4.64e+03     1s
   3  -7.58808401e+07  7.65393871e+07  1.95e+00 1.82e-12  3.30e+02     1s
   4  -1.46363875e+07  1.53249916e+07  1.70e-01 5.09e-12  6.19e+01     1s
   5  -2.69569035e+06  2.98245287e+06  1.33e-02 1.25e-12  1.15e+01     1s
   6  -3.92605227e+05  4.49319560e+05  1.33e-08 8.06e-13  1.69e+00     2s
   7  -5.87263334e+04  7.36736299e+04  1.63e-13 7.36e-13  2.66e-01     2s
   8  -8.85355679e+03  1.06090522e+04  5.41e-14 2.52e-13  3.92e-02     2s
   9  -1.41502160e+03  1.73968671e+03  2.38e-14 5.68e-14  6.35e-03     2s
  10  -2.30370864e+02  2.20608350e+02  9.47e-15 2.84e-14  9.07e-04     2s
  11  -5.02617334e+01  3.47516014e+01  3.14e-15 2.13e-14  1.71e-04     2s
  12  -7.47827867e+00  6.92000157e+00  1.08e-15 2.84e-14  2.90e-05     2s
  13   5.46782058e-03  2.17174511e+00  4.11e-16 1.42e-14  4.36e-06     2s
  14   8.53203064e-01  2.08786021e+00  3.87e-16 2.84e-14  2.48e-06     3s
  15   1.49393660e+00  1.78856515e+00  7.04e-17 1.42e-14  5.93e-07     3s
  16   1.61757225e+00  1.73214746e+00  1.09e-16 1.42e-14  2.31e-07     3s
  17   1.65444381e+00  1.71794349e+00  5.73e-17 2.13e-14  1.28e-07     3s
  18   1.68187895e+00  1.70764555e+00  1.32e-16 1.42e-14  5.18e-08     3s
  19   1.69427480e+00  1.70304556e+00  9.51e-17 1.42e-14  1.76e-08     3s
  20   1.69876266e+00  1.70145935e+00  4.53e-17 1.51e-14  5.43e-09     3s
  21   1.69985088e+00  1.70107522e+00  4.88e-17 1.42e-14  2.46e-09     3s
  22   1.70066666e+00  1.70078822e+00  4.63e-17 1.42e-14  2.45e-10     3s
  23   1.70074701e+00  1.70075995e+00  6.84e-17 2.13e-14  2.60e-11     3s
  24   1.70075644e+00  1.70075664e+00  1.33e-16 1.42e-14  4.06e-13     3s
  25   1.70075656e+00  1.70075659e+00  2.55e-15 1.42e-14  6.39e-14     3s
  26   1.70075658e+00  1.70075659e+00  3.88e-15 1.42e-14  1.90e-14     3s
  27   1.70075658e+00  1.70075659e+00  2.25e-15 1.42e-14  4.67e-15     4s
  28   1.70075658e+00  1.70075659e+00  2.40e-15 1.42e-14  1.23e-15     4s
  29   1.70075658e+00  1.70075659e+00  1.56e-15 1.42e-14  4.18e-16     4s
  30   1.70075658e+00  1.70075659e+00  1.46e-15 1.42e-14  3.96e-16     4s
  31   1.70075659e+00  1.70075659e+00  8.14e-16 1.42e-14  2.41e-16     4s
  32   1.70075659e+00  1.70075659e+00  7.65e-16 1.42e-14  2.20e-16     4s
  33   1.70075659e+00  1.70075659e+00  6.15e-16 7.11e-15  1.09e-16     4s
  34   1.70075659e+00  1.70075659e+00  4.76e-16 1.42e-14  6.67e-17     4s

Barrier solved model in 34 iterations and 4.16 seconds (3.91 work units)
Optimal objective 1.70075659e+00

objective value: 1.7007565850964586
Done! Time elapsed: 25.164880752563477 seconds.
g_0_1: 1.0000036695702836
g_1_1: 1.000002308738149
g_1_2: 1.0000065086202148
g_2_1: 1.0000042363294368
g_2_2: 1.000011942781875
g_2_3: 1.000004236329437
g_2_4: 1.0000119427818528
Parameters from last iteration: [0.17400064 0.70700163 0.17400113 0.707003   0.17400208 0.707003
 0.17400208]

Parameters from current iteration:
                [0.17400064 0.70700163 0.17400113 0.707003   0.17400208 0.707003
 0.17400208]


                Percentage Error = 4.785386920827975e-16
                
year done: 43
Time 44: 2
Optimization Iteration[1/20000]

Solving the optimization problem...
Set parameter TokenServer to value "licenses.rcc.uchicago.edu"
Read LP format model from file /scratch/local/jobs/50183984/tmptw2j0nw3.pyomo.lp
Reading time = 1.33 seconds
x1: 258121 rows, 502401 columns, 1259970 nonzeros
Set parameter Threads to value 8
Set parameter BarConvTol to value 1e-12
Gurobi Optimizer version 11.0.0 build v11.0.0rc2 (linux64 - "CentOS Linux 8")

CPU model: Intel(R) Xeon(R) Gold 6248R CPU @ 3.00GHz, instruction set [SSE2|AVX|AVX2|AVX512]
Thread count: 48 physical cores, 48 logical processors, using up to 8 threads

Optimize a model with 258121 rows, 502401 columns and 1259970 nonzeros
Model fingerprint: 0x4af29962
Model has 3166 quadratic objective terms
Coefficient statistics:
  Matrix range     [1e+00, 1e+03]
  Objective range  [5e-07, 7e+01]
  QObjective range [3e-01, 3e+03]
  Bounds range     [3e-04, 1e+00]
  RHS range        [2e-16, 6e+00]
Presolve removed 131482 rows and 128814 columns
Presolve time: 0.54s
Presolved: 126639 rows, 373587 columns, 743930 nonzeros
Presolved model has 3166 quadratic objective terms
Ordering time: 0.16s

Barrier statistics:
 AA' NZ     : 3.709e+05
 Factor NZ  : 4.212e+06 (roughly 240 MB of memory)
 Factor Ops : 3.974e+08 (less than 1 second per iteration)
 Threads    : 8

                  Objective                Residual
Iter       Primal          Dual         Primal    Dual     Compl     Time
   0  -1.08858984e+09  8.63519649e+08  7.80e+04 1.13e-13  1.00e+06     1s
   1  -6.35727303e+08  5.82241625e+08  1.87e+04 1.60e+02  2.62e+05     1s
   2  -3.24155003e+08  3.24098672e+08  2.36e+02 1.04e+00  4.64e+03     1s
   3  -7.58808401e+07  7.65393871e+07  1.95e+00 1.66e-12  3.30e+02     1s
   4  -1.46363876e+07  1.53249916e+07  1.70e-01 4.38e-12  6.19e+01     1s
   5  -2.69569040e+06  2.98245282e+06  1.33e-02 1.19e-12  1.15e+01     1s
   6  -3.92605277e+05  4.49319511e+05  1.33e-08 1.01e-12  1.69e+00     2s
   7  -5.87263832e+04  7.36735801e+04  1.75e-13 6.68e-13  2.66e-01     2s
   8  -8.85360667e+03  1.06090023e+04  5.41e-14 2.42e-13  3.92e-02     2s
   9  -1.41507148e+03  1.73963683e+03  2.07e-14 4.26e-14  6.35e-03     2s
  10  -2.30420743e+02  2.20558472e+02  1.05e-14 2.84e-14  9.07e-04     2s
  11  -5.03116117e+01  3.47017231e+01  4.95e-15 2.84e-14  1.71e-04     2s
  12  -7.52815703e+00  6.87012321e+00  1.08e-15 2.13e-14  2.90e-05     2s
  13  -4.44105405e-02  2.12186675e+00  3.32e-16 1.42e-14  4.36e-06     2s
  14   8.03324702e-01  2.03798184e+00  3.53e-16 2.84e-14  2.48e-06     3s
  15   1.44405824e+00  1.73868678e+00  6.68e-17 1.42e-14  5.93e-07     3s
  16   1.56769389e+00  1.68226910e+00  5.81e-17 1.42e-14  2.31e-07     3s
  17   1.60456545e+00  1.66806513e+00  1.21e-16 2.84e-14  1.28e-07     3s
  18   1.63200059e+00  1.65776719e+00  1.19e-16 2.84e-14  5.18e-08     3s
  19   1.64439644e+00  1.65316720e+00  4.85e-17 1.87e-14  1.76e-08     3s
  20   1.64888430e+00  1.65158099e+00  7.33e-17 1.42e-14  5.43e-09     3s
  21   1.64997251e+00  1.65119686e+00  9.97e-17 1.42e-14  2.46e-09     3s
  22   1.65078829e+00  1.65090986e+00  1.14e-16 1.42e-14  2.45e-10     3s
  23   1.65086865e+00  1.65088158e+00  6.04e-17 1.42e-14  2.60e-11     3s
  24   1.65087807e+00  1.65087828e+00  1.87e-16 1.42e-14  4.06e-13     3s
  25   1.65087820e+00  1.65087823e+00  2.41e-15 1.42e-14  6.33e-14     3s
  26   1.65087822e+00  1.65087823e+00  4.36e-15 1.60e-14  1.89e-14     4s
  27   1.65087822e+00  1.65087822e+00  2.60e-15 1.42e-14  4.63e-15     4s
  28   1.65087822e+00  1.65087822e+00  2.11e-15 2.13e-14  1.22e-15     4s
  29   1.65087822e+00  1.65087822e+00  1.15e-15 1.42e-14  4.11e-16     4s
  30   1.65087822e+00  1.65087822e+00  1.12e-15 1.42e-14  3.91e-16     4s
  31   1.65087822e+00  1.65087822e+00  9.50e-16 1.42e-14  2.38e-16     4s
  32   1.65087822e+00  1.65087822e+00  8.51e-16 1.42e-14  2.18e-16     4s
  33   1.65087822e+00  1.65087822e+00  5.91e-16 1.42e-14  1.08e-16     4s
  34   1.65087822e+00  1.65087822e+00  3.50e-16 1.42e-14  6.59e-17     4s

Barrier solved model in 34 iterations and 4.22 seconds (3.91 work units)
Optimal objective 1.65087822e+00

objective value: 1.6508782240275668
Done! Time elapsed: 26.567636728286743 seconds.
g_0_1: 1.0000036695702839
g_1_1: 1.000002308738149
g_1_2: 1.000006508620215
g_2_1: 1.0000042363294368
g_2_2: 1.0000119427818748
g_2_3: 1.000004236329437
g_2_4: 1.0000119427818528
Parameters from last iteration: [0.17400064 0.70700163 0.17400113 0.707003   0.17400208 0.707003
 0.17400208]

Parameters from current iteration:
                [0.17400064 0.70700163 0.17400113 0.707003   0.17400208 0.707003
 0.17400208]


                Percentage Error = 3.190257947218649e-16
                
year done: 44
Time 45: 2
Optimization Iteration[1/20000]

Solving the optimization problem...
Set parameter TokenServer to value "licenses.rcc.uchicago.edu"
Read LP format model from file /scratch/local/jobs/50183984/tmp5gmsss17.pyomo.lp
Reading time = 1.34 seconds
x1: 258121 rows, 502401 columns, 1259970 nonzeros
Set parameter Threads to value 8
Set parameter BarConvTol to value 1e-12
Gurobi Optimizer version 11.0.0 build v11.0.0rc2 (linux64 - "CentOS Linux 8")

CPU model: Intel(R) Xeon(R) Gold 6248R CPU @ 3.00GHz, instruction set [SSE2|AVX|AVX2|AVX512]
Thread count: 48 physical cores, 48 logical processors, using up to 8 threads

Optimize a model with 258121 rows, 502401 columns and 1259970 nonzeros
Model fingerprint: 0xe23e5d55
Model has 3166 quadratic objective terms
Coefficient statistics:
  Matrix range     [1e+00, 1e+03]
  Objective range  [5e-07, 7e+01]
  QObjective range [3e-01, 3e+03]
  Bounds range     [3e-04, 1e+00]
  RHS range        [2e-16, 6e+00]
Presolve removed 131482 rows and 128814 columns
Presolve time: 0.54s
Presolved: 126639 rows, 373587 columns, 743930 nonzeros
Presolved model has 3166 quadratic objective terms
Ordering time: 0.16s

Barrier statistics:
 AA' NZ     : 3.709e+05
 Factor NZ  : 4.212e+06 (roughly 240 MB of memory)
 Factor Ops : 3.974e+08 (less than 1 second per iteration)
 Threads    : 8

                  Objective                Residual
Iter       Primal          Dual         Primal    Dual     Compl     Time
   0  -1.08858984e+09  8.63519649e+08  7.80e+04 1.13e-13  1.00e+06     1s
   1  -6.35727303e+08  5.82241625e+08  1.87e+04 1.60e+02  2.62e+05     1s
   2  -3.24155003e+08  3.24098672e+08  2.36e+02 1.04e+00  4.64e+03     1s
   3  -7.58808402e+07  7.65393870e+07  1.95e+00 1.47e-12  3.30e+02     1s
   4  -1.46363876e+07  1.53249915e+07  1.70e-01 3.67e-12  6.19e+01     1s
   5  -2.69569045e+06  2.98245277e+06  1.33e-02 1.24e-12  1.15e+01     1s
   6  -3.92605324e+05  4.49319463e+05  1.33e-08 2.29e-12  1.69e+00     2s
   7  -5.87264309e+04  7.36735324e+04  1.75e-13 6.82e-13  2.66e-01     2s
   8  -8.85365431e+03  1.06089547e+04  6.74e-14 2.31e-13  3.92e-02     2s
   9  -1.41511911e+03  1.73958920e+03  1.80e-14 4.00e-14  6.35e-03     2s
  10  -2.30468376e+02  2.20510839e+02  9.57e-15 2.84e-14  9.07e-04     2s
  11  -5.03592452e+01  3.46540896e+01  3.97e-15 2.13e-14  1.71e-04     2s
  12  -7.57579050e+00  6.82248975e+00  9.34e-16 1.42e-14  2.90e-05     2s
  13  -9.20440055e-02  2.07423328e+00  4.95e-16 1.42e-14  4.36e-06     2s
  14   7.55691237e-01  1.99034838e+00  3.24e-16 3.55e-14  2.48e-06     3s
  15   1.39642478e+00  1.69105332e+00  5.96e-17 2.84e-14  5.93e-07     3s
  16   1.52006042e+00  1.63463563e+00  1.13e-16 1.42e-14  2.31e-07     3s
  17   1.55693198e+00  1.62043166e+00  9.28e-17 1.42e-14  1.28e-07     3s
  18   1.58436713e+00  1.61013372e+00  8.70e-17 1.42e-14  5.18e-08     3s
  19   1.59676297e+00  1.60553373e+00  8.80e-17 1.42e-14  1.76e-08     3s
  20   1.60125084e+00  1.60394753e+00  9.06e-17 1.42e-14  5.43e-09     3s
  21   1.60233905e+00  1.60356340e+00  3.69e-17 1.42e-14  2.46e-09     3s
  22   1.60315483e+00  1.60327639e+00  8.98e-17 1.42e-14  2.45e-10     3s
  23   1.60323518e+00  1.60324812e+00  7.84e-17 1.42e-14  2.60e-11     3s
  24   1.60324461e+00  1.60324481e+00  1.48e-16 1.42e-14  4.06e-13     3s
  25   1.60324474e+00  1.60324477e+00  1.82e-15 1.42e-14  6.26e-14     3s
  26   1.60324475e+00  1.60324476e+00  3.59e-15 1.42e-14  1.88e-14     3s
  27   1.60324476e+00  1.60324476e+00  2.34e-15 1.42e-14  4.59e-15     4s
  28   1.60324476e+00  1.60324476e+00  2.18e-15 1.42e-14  1.22e-15     4s
  29   1.60324476e+00  1.60324476e+00  1.35e-15 1.42e-14  4.05e-16     4s
  30   1.60324476e+00  1.60324476e+00  1.32e-15 1.42e-14  3.85e-16     4s
  31   1.60324476e+00  1.60324476e+00  1.07e-15 1.42e-14  2.35e-16     4s
  32   1.60324476e+00  1.60324476e+00  9.65e-16 1.42e-14  2.16e-16     4s
  33   1.60324476e+00  1.60324476e+00  5.54e-16 1.42e-14  1.07e-16     4s
  34   1.60324476e+00  1.60324476e+00  3.65e-16 1.42e-14  6.52e-17     4s

Barrier solved model in 34 iterations and 4.17 seconds (3.91 work units)
Optimal objective 1.60324476e+00

objective value: 1.603244759004953
Done! Time elapsed: 24.791513919830322 seconds.
g_0_1: 1.0000036695702836
g_1_1: 1.000002308738149
g_1_2: 1.0000065086202148
g_2_1: 1.0000042363294368
g_2_2: 1.0000119427818746
g_2_3: 1.000004236329437
g_2_4: 1.0000119427818528
Parameters from last iteration: [0.17400064 0.70700163 0.17400113 0.707003   0.17400208 0.707003
 0.17400208]

Parameters from current iteration:
                [0.17400064 0.70700163 0.17400113 0.707003   0.17400208 0.707003
 0.17400208]


                Percentage Error = 1.5951421704004117e-16
                
year done: 45
Time 46: 2
Optimization Iteration[1/20000]

Solving the optimization problem...
Set parameter TokenServer to value "licenses.rcc.uchicago.edu"
Read LP format model from file /scratch/local/jobs/50183984/tmpr7e717_t.pyomo.lp
Reading time = 1.32 seconds
x1: 258121 rows, 502401 columns, 1259970 nonzeros
Set parameter Threads to value 8
Set parameter BarConvTol to value 1e-12
Gurobi Optimizer version 11.0.0 build v11.0.0rc2 (linux64 - "CentOS Linux 8")

CPU model: Intel(R) Xeon(R) Gold 6248R CPU @ 3.00GHz, instruction set [SSE2|AVX|AVX2|AVX512]
Thread count: 48 physical cores, 48 logical processors, using up to 8 threads

Optimize a model with 258121 rows, 502401 columns and 1259970 nonzeros
Model fingerprint: 0x12577774
Model has 3166 quadratic objective terms
Coefficient statistics:
  Matrix range     [1e+00, 1e+03]
  Objective range  [5e-07, 7e+01]
  QObjective range [3e-01, 3e+03]
  Bounds range     [3e-04, 1e+00]
  RHS range        [2e-16, 6e+00]
Presolve removed 131482 rows and 128814 columns
Presolve time: 0.54s
Presolved: 126639 rows, 373587 columns, 743930 nonzeros
Presolved model has 3166 quadratic objective terms
Ordering time: 0.16s

Barrier statistics:
 AA' NZ     : 3.709e+05
 Factor NZ  : 4.212e+06 (roughly 240 MB of memory)
 Factor Ops : 3.974e+08 (less than 1 second per iteration)
 Threads    : 8

                  Objective                Residual
Iter       Primal          Dual         Primal    Dual     Compl     Time
   0  -1.08858984e+09  8.63519649e+08  7.80e+04 1.13e-13  1.00e+06     1s
   1  -6.35727303e+08  5.82241625e+08  1.87e+04 1.60e+02  2.62e+05     1s
   2  -3.24155003e+08  3.24098672e+08  2.36e+02 1.04e+00  4.64e+03     1s
   3  -7.58808402e+07  7.65393870e+07  1.95e+00 2.00e-12  3.30e+02     1s
   4  -1.46363876e+07  1.53249915e+07  1.70e-01 5.62e-12  6.19e+01     1s
   5  -2.69569049e+06  2.98245272e+06  1.33e-02 1.25e-12  1.15e+01     1s
   6  -3.92605370e+05  4.49319417e+05  1.33e-08 9.17e-13  1.69e+00     2s
   7  -5.87264764e+04  7.36734869e+04  1.88e-13 5.98e-13  2.66e-01     2s
   8  -8.85369980e+03  1.06089092e+04  8.13e-14 2.44e-13  3.92e-02     2s
   9  -1.41516460e+03  1.73954371e+03  2.44e-14 4.26e-14  6.35e-03     2s
  10  -2.30513866e+02  2.20465349e+02  1.15e-14 2.84e-14  9.07e-04     2s
  11  -5.04047348e+01  3.46086000e+01  4.00e-15 1.55e-14  1.71e-04     2s
  12  -7.62128010e+00  6.77700014e+00  1.15e-15 2.13e-14  2.90e-05     2s
  13  -1.37533611e-01  2.02874368e+00  4.75e-16 1.42e-14  4.36e-06     2s
  14   7.10201632e-01  1.94485877e+00  3.47e-16 2.84e-14  2.48e-06     3s
  15   1.35093517e+00  1.64556371e+00  6.83e-17 1.42e-14  5.93e-07     3s
  16   1.47457082e+00  1.58914603e+00  6.82e-17 1.42e-14  2.31e-07     3s
  17   1.51144238e+00  1.57494205e+00  1.16e-16 1.42e-14  1.28e-07     3s
  18   1.53887752e+00  1.56464412e+00  7.45e-17 1.42e-14  5.18e-08     3s
  19   1.55127337e+00  1.56004413e+00  6.18e-17 1.42e-14  1.76e-08     3s
  20   1.55576123e+00  1.55845792e+00  3.17e-17 1.42e-14  5.43e-09     3s
  21   1.55684944e+00  1.55807379e+00  4.83e-17 1.42e-14  2.46e-09     3s
  22   1.55766522e+00  1.55778678e+00  4.80e-17 2.84e-14  2.45e-10     3s
  23   1.55774558e+00  1.55775851e+00  1.04e-16 2.84e-14  2.60e-11     3s
  24   1.55775500e+00  1.55775521e+00  1.57e-16 2.84e-14  4.06e-13     3s
  25   1.55775513e+00  1.55775516e+00  2.10e-15 1.42e-14  6.20e-14     3s
  26   1.55775515e+00  1.55775516e+00  4.17e-15 2.13e-14  1.87e-14     4s
  27   1.55775515e+00  1.55775515e+00  2.22e-15 1.42e-14  4.55e-15     4s
  28   1.55775515e+00  1.55775515e+00  2.53e-15 2.13e-14  1.21e-15     4s
  29   1.55775515e+00  1.55775515e+00  1.15e-15 1.42e-14  3.99e-16     4s
  30   1.55775515e+00  1.55775515e+00  1.02e-15 1.42e-14  3.80e-16     4s
  31   1.55775515e+00  1.55775515e+00  1.22e-15 1.42e-14  2.32e-16     4s
  32   1.55775515e+00  1.55775515e+00  1.04e-15 1.42e-14  2.14e-16     4s
  33   1.55775515e+00  1.55775515e+00  5.95e-16 1.42e-14  1.06e-16     4s
  34   1.55775515e+00  1.55775515e+00  4.29e-16 1.42e-14  6.45e-17     4s

Barrier solved model in 34 iterations and 4.20 seconds (3.91 work units)
Optimal objective 1.55775515e+00

objective value: 1.5577551530628502
Done! Time elapsed: 24.693551778793335 seconds.
g_0_1: 1.0000036695702839
g_1_1: 1.000002308738149
g_1_2: 1.000006508620215
g_2_1: 1.0000042363294368
g_2_2: 1.000011942781874
g_2_3: 1.000004236329437
g_2_4: 1.0000119427818528
Parameters from last iteration: [0.17400064 0.70700163 0.17400113 0.707003   0.17400208 0.707003
 0.17400208]

Parameters from current iteration:
                [0.17400064 0.70700163 0.17400113 0.707003   0.17400208 0.707003
 0.17400208]


                Percentage Error = 4.785386920827975e-16
                
year done: 46
Time 47: 2
Optimization Iteration[1/20000]

Solving the optimization problem...
Set parameter TokenServer to value "licenses.rcc.uchicago.edu"
Read LP format model from file /scratch/local/jobs/50183984/tmp8ro6wrzg.pyomo.lp
Reading time = 1.34 seconds
x1: 258121 rows, 502401 columns, 1259970 nonzeros
Set parameter Threads to value 8
Set parameter BarConvTol to value 1e-12
Gurobi Optimizer version 11.0.0 build v11.0.0rc2 (linux64 - "CentOS Linux 8")

CPU model: Intel(R) Xeon(R) Gold 6248R CPU @ 3.00GHz, instruction set [SSE2|AVX|AVX2|AVX512]
Thread count: 48 physical cores, 48 logical processors, using up to 8 threads

Optimize a model with 258121 rows, 502401 columns and 1259970 nonzeros
Model fingerprint: 0x17825a13
Model has 3166 quadratic objective terms
Coefficient statistics:
  Matrix range     [1e+00, 1e+03]
  Objective range  [5e-07, 7e+01]
  QObjective range [3e-01, 3e+03]
  Bounds range     [3e-04, 1e+00]
  RHS range        [2e-16, 6e+00]
Presolve removed 131482 rows and 128814 columns
Presolve time: 0.55s
Presolved: 126639 rows, 373587 columns, 743930 nonzeros
Presolved model has 3166 quadratic objective terms
Ordering time: 0.16s

Barrier statistics:
 AA' NZ     : 3.709e+05
 Factor NZ  : 4.212e+06 (roughly 240 MB of memory)
 Factor Ops : 3.974e+08 (less than 1 second per iteration)
 Threads    : 8

                  Objective                Residual
Iter       Primal          Dual         Primal    Dual     Compl     Time
   0  -1.08858984e+09  8.63519649e+08  7.80e+04 1.13e-13  1.00e+06     1s
   1  -6.35727303e+08  5.82241625e+08  1.87e+04 1.60e+02  2.62e+05     1s
   2  -3.24155003e+08  3.24098672e+08  2.36e+02 1.04e+00  4.64e+03     1s
   3  -7.58808403e+07  7.65393869e+07  1.95e+00 1.58e-12  3.30e+02     1s
   4  -1.46363877e+07  1.53249915e+07  1.70e-01 3.65e-12  6.19e+01     1s
   5  -2.69569053e+06  2.98245268e+06  1.33e-02 1.45e-12  1.15e+01     1s
   6  -3.92605413e+05  4.49319374e+05  1.33e-08 2.07e-12  1.69e+00     2s
   7  -5.87265198e+04  7.36734435e+04  1.42e-13 7.87e-13  2.66e-01     2s
   8  -8.85374324e+03  1.06088658e+04  4.88e-14 2.55e-13  3.92e-02     2s
   9  -1.41520804e+03  1.73950027e+03  1.88e-14 5.68e-14  6.35e-03     2s
  10  -2.30557308e+02  2.20421907e+02  9.00e-15 5.68e-14  9.07e-04     2s
  11  -5.04481770e+01  3.45651577e+01  3.13e-15 2.13e-14  1.71e-04     2s
  12  -7.66472234e+00  6.73355791e+00  9.65e-16 1.42e-14  2.90e-05     2s
  13  -1.80975848e-01  1.98530144e+00  4.23e-16 2.22e-14  4.36e-06     2s
  14   6.66759395e-01  1.90141654e+00  3.12e-16 2.84e-14  2.48e-06     3s
  15   1.30749294e+00  1.60212148e+00  4.34e-17 1.42e-14  5.93e-07     3s
  16   1.43112858e+00  1.54570379e+00  7.70e-17 2.13e-14  2.31e-07     3s
  17   1.46800014e+00  1.53149982e+00  9.39e-17 2.84e-14  1.28e-07     3s
  18   1.49543529e+00  1.52120188e+00  6.98e-17 1.42e-14  5.18e-08     3s
  19   1.50783113e+00  1.51660189e+00  8.11e-17 1.42e-14  1.76e-08     3s
  20   1.51231899e+00  1.51501568e+00  6.14e-17 1.42e-14  5.43e-09     3s
  21   1.51340721e+00  1.51463155e+00  3.63e-17 1.42e-14  2.46e-09     3s
  22   1.51422299e+00  1.51434455e+00  5.47e-17 2.84e-14  2.45e-10     3s
  23   1.51430334e+00  1.51431628e+00  1.17e-16 1.42e-14  2.60e-11     3s
  24   1.51431277e+00  1.51431297e+00  1.68e-16 1.42e-14  4.06e-13     3s
  25   1.51431289e+00  1.51431292e+00  2.57e-15 2.84e-14  6.13e-14     3s
  26   1.51431291e+00  1.51431292e+00  4.36e-15 1.42e-14  1.86e-14     4s
  27   1.51431292e+00  1.51431292e+00  2.38e-15 1.42e-14  4.51e-15     4s
  28   1.51431292e+00  1.51431292e+00  2.20e-15 2.13e-14  1.20e-15     4s
  29   1.51431292e+00  1.51431292e+00  1.31e-15 1.47e-14  3.94e-16     4s
  30   1.51431292e+00  1.51431292e+00  1.26e-15 1.42e-14  3.74e-16     4s
  31   1.51431292e+00  1.51431292e+00  8.98e-16 1.42e-14  2.28e-16     4s
  32   1.51431292e+00  1.51431292e+00  8.17e-16 2.84e-14  2.12e-16     4s
  33   1.51431292e+00  1.51431292e+00  5.08e-16 1.42e-14  1.04e-16     4s
  34   1.51431292e+00  1.51431292e+00  4.11e-16 1.42e-14  6.37e-17     4s

Barrier solved model in 34 iterations and 4.20 seconds (3.91 work units)
Optimal objective 1.51431292e+00

objective value: 1.5143129166480869
Done! Time elapsed: 24.73717975616455 seconds.
g_0_1: 1.0000036695702836
g_1_1: 1.000002308738149
g_1_2: 1.0000065086202148
g_2_1: 1.0000042363294368
g_2_2: 1.000011942781874
g_2_3: 1.000004236329437
g_2_4: 1.0000119427818528
Parameters from last iteration: [0.17400064 0.70700163 0.17400113 0.707003   0.17400208 0.707003
 0.17400208]

Parameters from current iteration:
                [0.17400064 0.70700163 0.17400113 0.707003   0.17400208 0.707003
 0.17400208]


                Percentage Error = 1.5951421704004117e-16
                
year done: 47
Time 48: 2
Optimization Iteration[1/20000]

Solving the optimization problem...
Set parameter TokenServer to value "licenses.rcc.uchicago.edu"
Read LP format model from file /scratch/local/jobs/50183984/tmpbw6sbpp_.pyomo.lp
Reading time = 1.33 seconds
x1: 258121 rows, 502401 columns, 1259970 nonzeros
Set parameter Threads to value 8
Set parameter BarConvTol to value 1e-12
Gurobi Optimizer version 11.0.0 build v11.0.0rc2 (linux64 - "CentOS Linux 8")

CPU model: Intel(R) Xeon(R) Gold 6248R CPU @ 3.00GHz, instruction set [SSE2|AVX|AVX2|AVX512]
Thread count: 48 physical cores, 48 logical processors, using up to 8 threads

Optimize a model with 258121 rows, 502401 columns and 1259970 nonzeros
Model fingerprint: 0x55aaaea2
Model has 3166 quadratic objective terms
Coefficient statistics:
  Matrix range     [1e+00, 1e+03]
  Objective range  [5e-07, 7e+01]
  QObjective range [3e-01, 3e+03]
  Bounds range     [3e-04, 1e+00]
  RHS range        [2e-16, 6e+00]
Presolve removed 131482 rows and 128814 columns
Presolve time: 0.54s
Presolved: 126639 rows, 373587 columns, 743930 nonzeros
Presolved model has 3166 quadratic objective terms
Ordering time: 0.16s

Barrier statistics:
 AA' NZ     : 3.709e+05
 Factor NZ  : 4.212e+06 (roughly 240 MB of memory)
 Factor Ops : 3.974e+08 (less than 1 second per iteration)
 Threads    : 8

                  Objective                Residual
Iter       Primal          Dual         Primal    Dual     Compl     Time
   0  -1.08858984e+09  8.63519649e+08  7.80e+04 1.13e-13  1.00e+06     1s
   1  -6.35727304e+08  5.82241625e+08  1.87e+04 1.60e+02  2.62e+05     1s
   2  -3.24155003e+08  3.24098672e+08  2.36e+02 1.04e+00  4.64e+03     1s
   3  -7.58808403e+07  7.65393869e+07  1.95e+00 1.87e-12  3.30e+02     1s
   4  -1.46363877e+07  1.53249914e+07  1.70e-01 4.33e-12  6.19e+01     1s
   5  -2.69569058e+06  2.98245264e+06  1.33e-02 1.23e-12  1.15e+01     1s
   6  -3.92605455e+05  4.49319333e+05  1.33e-08 9.43e-13  1.69e+00     2s
   7  -5.87265613e+04  7.36734020e+04  1.77e-13 6.07e-13  2.66e-01     2s
   8  -8.85378472e+03  1.06088243e+04  6.64e-14 2.72e-13  3.92e-02     2s
   9  -1.41524953e+03  1.73945878e+03  2.59e-14 3.88e-14  6.35e-03     2s
  10  -2.30598795e+02  2.20380420e+02  9.44e-15 2.84e-14  9.07e-04     2s
  11  -5.04896640e+01  3.45236707e+01  3.74e-15 1.42e-14  1.71e-04     2s
  12  -7.70620935e+00  6.69207089e+00  9.06e-16 1.42e-14  2.90e-05     2s
  13  -2.22462862e-01  1.94381443e+00  3.40e-16 1.42e-14  4.36e-06     2s
  14   6.25272381e-01  1.85992952e+00  2.83e-16 3.55e-14  2.48e-06     3s
  15   1.26600592e+00  1.56063446e+00  5.40e-17 2.13e-14  5.93e-07     3s
  16   1.38964157e+00  1.50421678e+00  5.93e-17 1.42e-14  2.31e-07     3s
  17   1.42651313e+00  1.49001280e+00  1.39e-16 1.42e-14  1.28e-07     3s
  18   1.45394827e+00  1.47971487e+00  1.55e-16 1.42e-14  5.18e-08     3s
  19   1.46634412e+00  1.47511488e+00  4.79e-17 1.42e-14  1.76e-08     3s
  20   1.47083198e+00  1.47352867e+00  3.58e-17 1.42e-14  5.43e-09     3s
  21   1.47192019e+00  1.47314454e+00  4.60e-17 1.42e-14  2.46e-09     3s
  22   1.47273597e+00  1.47285753e+00  7.03e-17 2.22e-14  2.45e-10     3s
  23   1.47281633e+00  1.47282926e+00  1.52e-16 2.84e-14  2.60e-11     3s
  24   1.47282575e+00  1.47282596e+00  1.55e-16 1.42e-14  4.06e-13     3s
  25   1.47282588e+00  1.47282591e+00  3.36e-15 1.42e-14  6.07e-14     3s
  26   1.47282590e+00  1.47282591e+00  5.82e-15 1.42e-14  1.85e-14     3s
  27   1.47282590e+00  1.47282590e+00  2.48e-15 1.42e-14  4.46e-15     4s
  28   1.47282590e+00  1.47282590e+00  2.11e-15 2.13e-14  1.19e-15     4s
  29   1.47282590e+00  1.47282590e+00  1.27e-15 1.42e-14  3.88e-16     4s
  30   1.47282590e+00  1.47282590e+00  1.14e-15 1.42e-14  3.69e-16     4s
  31   1.47282590e+00  1.47282590e+00  9.79e-16 1.42e-14  2.25e-16     4s
  32   1.47282590e+00  1.47282590e+00  8.49e-16 1.42e-14  2.09e-16     4s
  33   1.47282590e+00  1.47282590e+00  5.97e-16 1.42e-14  1.03e-16     4s
  34   1.47282590e+00  1.47282590e+00  4.17e-16 1.42e-14  6.30e-17     4s

Barrier solved model in 34 iterations and 4.17 seconds (3.91 work units)
Optimal objective 1.47282590e+00

objective value: 1.4728259029527304
Done! Time elapsed: 26.209228515625 seconds.
g_0_1: 1.0000036695702834
g_1_1: 1.000002308738149
g_1_2: 1.0000065086202146
g_2_1: 1.0000042363294368
g_2_2: 1.0000119427818734
g_2_3: 1.000004236329437
g_2_4: 1.0000119427818526
Parameters from last iteration: [0.17400064 0.70700163 0.17400113 0.707003   0.17400208 0.707003
 0.17400208]

Parameters from current iteration:
                [0.17400064 0.70700163 0.17400113 0.707003   0.17400208 0.707003
 0.17400208]


                Percentage Error = 6.380515894437304e-16
                
year done: 48
Time 49: 2
Optimization Iteration[1/20000]

Solving the optimization problem...
Set parameter TokenServer to value "licenses.rcc.uchicago.edu"
Read LP format model from file /scratch/local/jobs/50183984/tmpqsyndeq9.pyomo.lp
Reading time = 1.34 seconds
x1: 258121 rows, 502401 columns, 1259970 nonzeros
Set parameter Threads to value 8
Set parameter BarConvTol to value 1e-12
Gurobi Optimizer version 11.0.0 build v11.0.0rc2 (linux64 - "CentOS Linux 8")

CPU model: Intel(R) Xeon(R) Gold 6248R CPU @ 3.00GHz, instruction set [SSE2|AVX|AVX2|AVX512]
Thread count: 48 physical cores, 48 logical processors, using up to 8 threads

Optimize a model with 258121 rows, 502401 columns and 1259970 nonzeros
Model fingerprint: 0x0a11db2e
Model has 3166 quadratic objective terms
Coefficient statistics:
  Matrix range     [1e+00, 1e+03]
  Objective range  [5e-07, 7e+01]
  QObjective range [3e-01, 3e+03]
  Bounds range     [3e-04, 1e+00]
  RHS range        [2e-16, 6e+00]
Presolve removed 131482 rows and 128814 columns
Presolve time: 0.54s
Presolved: 126639 rows, 373587 columns, 743930 nonzeros
Presolved model has 3166 quadratic objective terms
Ordering time: 0.16s

Barrier statistics:
 AA' NZ     : 3.709e+05
 Factor NZ  : 4.212e+06 (roughly 240 MB of memory)
 Factor Ops : 3.974e+08 (less than 1 second per iteration)
 Threads    : 8

                  Objective                Residual
Iter       Primal          Dual         Primal    Dual     Compl     Time
   0  -1.08858984e+09  8.63519649e+08  7.80e+04 1.13e-13  1.00e+06     1s
   1  -6.35727304e+08  5.82241625e+08  1.87e+04 1.60e+02  2.62e+05     1s
   2  -3.24155003e+08  3.24098672e+08  2.36e+02 1.04e+00  4.64e+03     1s
   3  -7.58808404e+07  7.65393869e+07  1.95e+00 1.82e-12  3.30e+02     1s
   4  -1.46363878e+07  1.53249914e+07  1.70e-01 4.26e-12  6.19e+01     1s
   5  -2.69569062e+06  2.98245260e+06  1.33e-02 1.38e-12  1.15e+01     1s
   6  -3.92605494e+05  4.49319293e+05  1.33e-08 1.92e-12  1.69e+00     2s
   7  -5.87266009e+04  7.36733624e+04  1.66e-13 7.61e-13  2.66e-01     2s
   8  -8.85382434e+03  1.06087847e+04  5.14e-14 2.21e-13  3.92e-02     2s
   9  -1.41528915e+03  1.73941916e+03  2.52e-14 4.14e-14  6.35e-03     2s
  10  -2.30638415e+02  2.20340800e+02  1.16e-14 2.84e-14  9.07e-04     2s
  11  -5.05292838e+01  3.44840509e+01  4.04e-15 2.13e-14  1.71e-04     2s
  12  -7.74582914e+00  6.65245110e+00  9.52e-16 1.42e-14  2.90e-05     2s
  13  -2.62082652e-01  1.90419464e+00  3.70e-16 1.42e-14  4.36e-06     2s
  14   5.85652591e-01  1.82030973e+00  2.33e-16 2.13e-14  2.48e-06     3s
  15   1.22638613e+00  1.52101467e+00  6.82e-17 1.42e-14  5.93e-07     3s
  16   1.35002178e+00  1.46459699e+00  1.36e-16 1.51e-14  2.31e-07     3s
  17   1.38689334e+00  1.45039301e+00  5.16e-17 1.42e-14  1.28e-07     3s
  18   1.41432848e+00  1.44009508e+00  1.12e-16 1.42e-14  5.18e-08     3s
  19   1.42672433e+00  1.43549509e+00  4.38e-17 2.84e-14  1.76e-08     3s
  20   1.43121219e+00  1.43390888e+00  4.35e-17 1.42e-14  5.43e-09     3s
  21   1.43230040e+00  1.43352475e+00  8.05e-17 1.42e-14  2.46e-09     3s
  22   1.43311618e+00  1.43323774e+00  1.21e-16 1.42e-14  2.45e-10     3s
  23   1.43319654e+00  1.43320947e+00  1.27e-16 2.84e-14  2.60e-11     3s
  24   1.43320596e+00  1.43320617e+00  1.53e-16 1.42e-14  4.06e-13     3s
  25   1.43320609e+00  1.43320612e+00  2.87e-15 1.42e-14  6.01e-14     3s
  26   1.43320611e+00  1.43320611e+00  3.68e-15 2.13e-14  1.84e-14     3s
  27   1.43320611e+00  1.43320611e+00  2.51e-15 1.42e-14  4.42e-15     4s
  28   1.43320611e+00  1.43320611e+00  2.66e-15 1.42e-14  1.18e-15     4s
  29   1.43320611e+00  1.43320611e+00  1.18e-15 1.42e-14  3.82e-16     4s
  30   1.43320611e+00  1.43320611e+00  1.08e-15 1.42e-14  3.64e-16     4s
  31   1.43320611e+00  1.43320611e+00  8.91e-16 1.42e-14  2.22e-16     4s
  32   1.43320611e+00  1.43320611e+00  7.86e-16 1.42e-14  2.07e-16     4s
  33   1.43320611e+00  1.43320611e+00  1.06e-15 1.42e-14  1.02e-16     4s
  34   1.43320611e+00  1.43320611e+00  3.74e-16 1.42e-14  6.23e-17     4s

Barrier solved model in 34 iterations and 4.17 seconds (3.91 work units)
Optimal objective 1.43320611e+00

objective value: 1.433206112458376
Done! Time elapsed: 24.49826192855835 seconds.
g_0_1: 1.0000036695702834
g_1_1: 1.0000023087381493
g_1_2: 1.0000065086202148
g_2_1: 1.0000042363294368
g_2_2: 1.0000119427818734
g_2_3: 1.000004236329437
g_2_4: 1.0000119427818526
Parameters from last iteration: [0.17400064 0.70700163 0.17400113 0.707003   0.17400208 0.707003
 0.17400208]

Parameters from current iteration:
                [0.17400064 0.70700163 0.17400113 0.707003   0.17400208 0.707003
 0.17400208]


                Percentage Error = 1.5951376417416187e-16
                
year done: 49
Time 50: 2
Optimization Iteration[1/20000]

Solving the optimization problem...
Set parameter TokenServer to value "licenses.rcc.uchicago.edu"
Read LP format model from file /scratch/local/jobs/50183984/tmp03rp1xzg.pyomo.lp
Reading time = 1.33 seconds
x1: 258121 rows, 502401 columns, 1259970 nonzeros
Set parameter Threads to value 8
Set parameter BarConvTol to value 1e-12
Gurobi Optimizer version 11.0.0 build v11.0.0rc2 (linux64 - "CentOS Linux 8")

CPU model: Intel(R) Xeon(R) Gold 6248R CPU @ 3.00GHz, instruction set [SSE2|AVX|AVX2|AVX512]
Thread count: 48 physical cores, 48 logical processors, using up to 8 threads

Optimize a model with 258121 rows, 502401 columns and 1259970 nonzeros
Model fingerprint: 0x63648d9a
Model has 3166 quadratic objective terms
Coefficient statistics:
  Matrix range     [1e+00, 1e+03]
  Objective range  [5e-07, 7e+01]
  QObjective range [3e-01, 3e+03]
  Bounds range     [3e-04, 1e+00]
  RHS range        [2e-16, 6e+00]
Presolve removed 131482 rows and 128814 columns
Presolve time: 0.54s
Presolved: 126639 rows, 373587 columns, 743930 nonzeros
Presolved model has 3166 quadratic objective terms
Ordering time: 0.16s

Barrier statistics:
 AA' NZ     : 3.709e+05
 Factor NZ  : 4.212e+06 (roughly 240 MB of memory)
 Factor Ops : 3.974e+08 (less than 1 second per iteration)
 Threads    : 8

                  Objective                Residual
Iter       Primal          Dual         Primal    Dual     Compl     Time
   0  -1.08858984e+09  8.63519648e+08  7.80e+04 1.13e-13  1.00e+06     1s
   1  -6.35727304e+08  5.82241625e+08  1.87e+04 1.60e+02  2.62e+05     1s
   2  -3.24155003e+08  3.24098672e+08  2.36e+02 1.04e+00  4.64e+03     1s
   3  -7.58808404e+07  7.65393868e+07  1.95e+00 1.69e-12  3.30e+02     1s
   4  -1.46363878e+07  1.53249913e+07  1.70e-01 3.92e-12  6.19e+01     1s
   5  -2.69569065e+06  2.98245256e+06  1.33e-02 1.24e-12  1.15e+01     1s
   6  -3.92605532e+05  4.49319255e+05  1.33e-08 1.02e-12  1.69e+00     2s
   7  -5.87266387e+04  7.36733246e+04  1.71e-13 7.25e-13  2.66e-01     2s
   8  -8.85386218e+03  1.06087468e+04  5.65e-14 2.49e-13  3.92e-02     2s
   9  -1.41532699e+03  1.73938132e+03  1.81e-14 4.34e-14  6.35e-03     2s
  10  -2.30676251e+02  2.20302963e+02  6.38e-15 2.26e-14  9.07e-04     2s
  11  -5.05671204e+01  3.44462143e+01  4.85e-15 2.84e-14  1.71e-04     2s
  12  -7.78366575e+00  6.61461450e+00  1.09e-15 1.42e-14  2.90e-05     2s
  13  -2.99919258e-01  1.86635803e+00  2.73e-16 1.42e-14  4.36e-06     2s
  14   5.47815985e-01  1.78247313e+00  3.16e-16 2.13e-14  2.48e-06     3s
  15   1.18854952e+00  1.48317807e+00  5.31e-17 1.42e-14  5.93e-07     3s
  16   1.31218517e+00  1.42676038e+00  9.98e-17 1.42e-14  2.31e-07     3s
  17   1.34905673e+00  1.41255641e+00  7.33e-17 2.84e-14  1.28e-07     3s
  18   1.37649187e+00  1.40225847e+00  1.13e-16 1.42e-14  5.18e-08     3s
  19   1.38888772e+00  1.39765848e+00  6.32e-17 1.42e-14  1.76e-08     3s
  20   1.39337558e+00  1.39607227e+00  7.13e-17 1.42e-14  5.43e-09     3s
  21   1.39446380e+00  1.39568814e+00  3.10e-17 2.13e-14  2.46e-09     3s
  22   1.39527958e+00  1.39540114e+00  5.56e-17 1.42e-14  2.45e-10     3s
  23   1.39535993e+00  1.39537287e+00  1.36e-16 1.42e-14  2.60e-11     3s
  24   1.39536936e+00  1.39536956e+00  1.22e-16 1.42e-14  4.06e-13     3s
  25   1.39536948e+00  1.39536951e+00  2.52e-15 1.42e-14  5.94e-14     3s
  26   1.39536950e+00  1.39536951e+00  3.92e-15 1.42e-14  1.82e-14     3s
  27   1.39536950e+00  1.39536951e+00  2.96e-15 1.42e-14  4.38e-15     4s
  28   1.39536951e+00  1.39536951e+00  2.17e-15 1.42e-14  1.17e-15     4s
  29   1.39536951e+00  1.39536951e+00  1.09e-15 1.42e-14  3.77e-16     4s
  30   1.39536951e+00  1.39536951e+00  1.05e-15 1.42e-14  3.59e-16     4s
  31   1.39536951e+00  1.39536951e+00  9.62e-16 1.42e-14  2.19e-16     4s
  32   1.39536951e+00  1.39536951e+00  8.71e-16 1.42e-14  2.05e-16     4s
  33   1.39536951e+00  1.39536951e+00  5.11e-16 1.42e-14  1.01e-16     4s
  34   1.39536951e+00  1.39536951e+00  3.80e-16 1.42e-14  6.16e-17     4s

Barrier solved model in 34 iterations and 4.19 seconds (3.91 work units)
Optimal objective 1.39536951e+00

objective value: 1.3953695062773899
Done! Time elapsed: 24.696348905563354 seconds.
g_0_1: 1.0000036695702834
g_1_1: 1.0000023087381493
g_1_2: 1.0000065086202148
g_2_1: 1.0000042363294368
g_2_2: 1.0000119427818732
g_2_3: 1.000004236329437
g_2_4: 1.0000119427818526
Parameters from last iteration: [0.17400064 0.70700163 0.17400113 0.707003   0.17400208 0.707003
 0.17400208]

Parameters from current iteration:
                [0.17400064 0.70700163 0.17400113 0.707003   0.17400208 0.707003
 0.17400208]


                Percentage Error = 1.595128973609327e-16
                
year done: 50
Time 51: 2
Optimization Iteration[1/20000]

Solving the optimization problem...
Set parameter TokenServer to value "licenses.rcc.uchicago.edu"
Read LP format model from file /scratch/local/jobs/50183984/tmpzeqt_7bv.pyomo.lp
Reading time = 1.36 seconds
x1: 258121 rows, 502401 columns, 1259970 nonzeros
Set parameter Threads to value 8
Set parameter BarConvTol to value 1e-12
Gurobi Optimizer version 11.0.0 build v11.0.0rc2 (linux64 - "CentOS Linux 8")

CPU model: Intel(R) Xeon(R) Gold 6248R CPU @ 3.00GHz, instruction set [SSE2|AVX|AVX2|AVX512]
Thread count: 48 physical cores, 48 logical processors, using up to 8 threads

Optimize a model with 258121 rows, 502401 columns and 1259970 nonzeros
Model fingerprint: 0x9a6bed2e
Model has 3166 quadratic objective terms
Coefficient statistics:
  Matrix range     [1e+00, 1e+03]
  Objective range  [5e-07, 7e+01]
  QObjective range [3e-01, 3e+03]
  Bounds range     [3e-04, 1e+00]
  RHS range        [2e-16, 6e+00]
Presolve removed 131482 rows and 128814 columns
Presolve time: 0.55s
Presolved: 126639 rows, 373587 columns, 743930 nonzeros
Presolved model has 3166 quadratic objective terms
Ordering time: 0.16s

Barrier statistics:
 AA' NZ     : 3.709e+05
 Factor NZ  : 4.212e+06 (roughly 240 MB of memory)
 Factor Ops : 3.974e+08 (less than 1 second per iteration)
 Threads    : 8

                  Objective                Residual
Iter       Primal          Dual         Primal    Dual     Compl     Time
   0  -1.08858984e+09  8.63519648e+08  7.80e+04 1.13e-13  1.00e+06     1s
   1  -6.35727304e+08  5.82241625e+08  1.87e+04 1.60e+02  2.62e+05     1s
   2  -3.24155003e+08  3.24098672e+08  2.36e+02 1.04e+00  4.64e+03     1s
   3  -7.58808404e+07  7.65393868e+07  1.95e+00 1.40e-12  3.30e+02     1s
   4  -1.46363878e+07  1.53249913e+07  1.70e-01 4.60e-12  6.19e+01     1s
   5  -2.69569069e+06  2.98245252e+06  1.33e-02 1.19e-12  1.15e+01     1s
   6  -3.92605568e+05  4.49319219e+05  1.33e-08 1.00e-12  1.69e+00     2s
   7  -5.87266749e+04  7.36732884e+04  1.46e-13 6.24e-13  2.66e-01     2s
   8  -8.85389831e+03  1.06087107e+04  5.58e-14 2.80e-13  3.92e-02     2s
   9  -1.41536312e+03  1.73934519e+03  2.25e-14 4.26e-14  6.35e-03     2s
  10  -2.30712385e+02  2.20266830e+02  7.31e-15 2.84e-14  9.07e-04     2s
  11  -5.06032541e+01  3.44100807e+01  3.77e-15 2.13e-14  1.71e-04     2s
  12  -7.81979943e+00  6.57848082e+00  8.06e-16 1.42e-14  2.90e-05     2s
  13  -3.36052937e-01  1.83022435e+00  3.25e-16 1.42e-14  4.36e-06     2s
  14   5.11682306e-01  1.74633945e+00  2.40e-16 2.84e-14  2.48e-06     3s
  15   1.15241585e+00  1.44704439e+00  5.24e-17 2.13e-14  5.93e-07     3s
  16   1.27605149e+00  1.39062670e+00  6.63e-17 1.42e-14  2.31e-07     3s
  17   1.31292305e+00  1.37642273e+00  1.05e-16 1.42e-14  1.28e-07     3s
  18   1.34035820e+00  1.36612479e+00  1.06e-16 1.42e-14  5.18e-08     3s
  19   1.35275404e+00  1.36152480e+00  5.97e-17 1.42e-14  1.76e-08     3s
  20   1.35724191e+00  1.35993860e+00  8.66e-17 1.42e-14  5.43e-09     3s
  21   1.35833012e+00  1.35955447e+00  4.89e-17 1.42e-14  2.46e-09     3s
  22   1.35914590e+00  1.35926746e+00  1.14e-16 2.13e-14  2.45e-10     3s
  23   1.35922625e+00  1.35923919e+00  6.96e-17 1.42e-14  2.60e-11     3s
  24   1.35923568e+00  1.35923588e+00  1.62e-16 1.42e-14  4.06e-13     3s
  25   1.35923581e+00  1.35923584e+00  2.01e-15 1.42e-14  5.88e-14     3s
  26   1.35923582e+00  1.35923583e+00  3.61e-15 1.42e-14  1.81e-14     4s
  27   1.35923583e+00  1.35923583e+00  2.30e-15 1.42e-14  4.34e-15     4s
  28   1.35923583e+00  1.35923583e+00  3.08e-15 1.42e-14  1.16e-15     4s
  29   1.35923583e+00  1.35923583e+00  1.40e-15 2.13e-14  3.72e-16     4s
  30   1.35923583e+00  1.35923583e+00  1.30e-15 1.42e-14  3.54e-16     4s
  31   1.35923583e+00  1.35923583e+00  9.96e-16 1.42e-14  2.16e-16     4s
  32   1.35923583e+00  1.35923583e+00  8.84e-16 1.42e-14  2.02e-16     4s
  33   1.35923583e+00  1.35923583e+00  6.04e-16 1.42e-14  1.00e-16     4s

Barrier solved model in 33 iterations and 4.12 seconds (3.83 work units)
Optimal objective 1.35923583e+00

objective value: 1.3592358278809504
Done! Time elapsed: 24.719630241394043 seconds.
g_0_1: 1.000003669570286
g_1_1: 1.000002308738148
g_1_2: 1.0000065086202163
g_2_1: 1.0000042363294361
g_2_2: 1.000011942781887
g_2_3: 1.0000042363294364
g_2_4: 1.0000119427818537
Parameters from last iteration: [0.17400064 0.70700163 0.17400113 0.707003   0.17400208 0.707003
 0.17400208]

Parameters from current iteration:
                [0.17400064 0.70700163 0.17400113 0.707003   0.17400208 0.707003
 0.17400208]


                Percentage Error = 1.3718109173040213e-14
                
year done: 51
Time 52: 2
Optimization Iteration[1/20000]

Solving the optimization problem...
Set parameter TokenServer to value "licenses.rcc.uchicago.edu"
Read LP format model from file /scratch/local/jobs/50183984/tmpp8wi6wap.pyomo.lp
Reading time = 1.39 seconds
x1: 258121 rows, 502401 columns, 1259970 nonzeros
Set parameter Threads to value 8
Set parameter BarConvTol to value 1e-12
Gurobi Optimizer version 11.0.0 build v11.0.0rc2 (linux64 - "CentOS Linux 8")

CPU model: Intel(R) Xeon(R) Gold 6248R CPU @ 3.00GHz, instruction set [SSE2|AVX|AVX2|AVX512]
Thread count: 48 physical cores, 48 logical processors, using up to 8 threads

Optimize a model with 258121 rows, 502401 columns and 1259970 nonzeros
Model fingerprint: 0x6feadf6b
Model has 3166 quadratic objective terms
Coefficient statistics:
  Matrix range     [1e+00, 1e+03]
  Objective range  [5e-07, 7e+01]
  QObjective range [3e-01, 3e+03]
  Bounds range     [3e-04, 1e+00]
  RHS range        [2e-16, 6e+00]
Presolve removed 131482 rows and 128814 columns
Presolve time: 0.54s
Presolved: 126639 rows, 373587 columns, 743930 nonzeros
Presolved model has 3166 quadratic objective terms
Ordering time: 0.16s

Barrier statistics:
 AA' NZ     : 3.709e+05
 Factor NZ  : 4.212e+06 (roughly 240 MB of memory)
 Factor Ops : 3.974e+08 (less than 1 second per iteration)
 Threads    : 8

                  Objective                Residual
Iter       Primal          Dual         Primal    Dual     Compl     Time
   0  -1.08858984e+09  8.63519648e+08  7.80e+04 1.14e-13  1.00e+06     1s
   1  -6.35727304e+08  5.82241625e+08  1.87e+04 1.60e+02  2.62e+05     1s
   2  -3.24155003e+08  3.24098672e+08  2.36e+02 1.04e+00  4.64e+03     1s
   3  -7.58808405e+07  7.65393867e+07  1.95e+00 2.23e-12  3.30e+02     1s
   4  -1.46363879e+07  1.53249913e+07  1.70e-01 4.03e-12  6.19e+01     1s
   5  -2.69569072e+06  2.98245249e+06  1.33e-02 1.23e-12  1.15e+01     1s
   6  -3.92605603e+05  4.49319184e+05  1.33e-08 9.73e-13  1.69e+00     2s
   7  -5.87267094e+04  7.36732539e+04  1.36e-13 5.96e-13  2.66e-01     2s
   8  -8.85393282e+03  1.06086762e+04  6.48e-14 2.43e-13  3.92e-02     2s
   9  -1.41539763e+03  1.73931068e+03  2.07e-14 4.80e-14  6.35e-03     2s
  10  -2.30746892e+02  2.20232322e+02  5.55e-15 2.84e-14  9.07e-04     2s
  11  -5.06377615e+01  3.43755733e+01  3.61e-15 2.84e-14  1.71e-04     2s
  12  -7.85430682e+00  6.54397342e+00  1.15e-15 1.42e-14  2.90e-05     2s
  13  -3.70560332e-01  1.79571696e+00  3.47e-16 1.42e-14  4.36e-06     2s
  14   4.77174911e-01  1.71183205e+00  2.62e-16 3.55e-14  2.48e-06     3s
  15   1.11790845e+00  1.41253699e+00  7.98e-17 1.47e-14  5.93e-07     3s
  16   1.24154410e+00  1.35611931e+00  6.67e-17 2.84e-14  2.31e-07     3s
  17   1.27841566e+00  1.34191533e+00  1.02e-16 1.42e-14  1.28e-07     3s
  18   1.30585080e+00  1.33161740e+00  1.01e-16 1.42e-14  5.18e-08     3s
  19   1.31824665e+00  1.32701741e+00  7.95e-17 2.13e-14  1.76e-08     3s
  20   1.32273451e+00  1.32543120e+00  5.51e-17 2.84e-14  5.43e-09     3s
  21   1.32382272e+00  1.32504707e+00  8.50e-17 2.13e-14  2.46e-09     3s
  22   1.32463850e+00  1.32476006e+00  6.60e-17 1.42e-14  2.45e-10     3s
  23   1.32471886e+00  1.32473179e+00  9.46e-17 2.13e-14  2.60e-11     3s
  24   1.32472828e+00  1.32472849e+00  1.54e-16 1.42e-14  4.06e-13     3s
  25   1.32472841e+00  1.32472844e+00  2.45e-15 1.42e-14  5.86e-14     3s
  26   1.32472843e+00  1.32472844e+00  4.32e-15 2.84e-14  1.81e-14     4s
  27   1.32472843e+00  1.32472843e+00  2.84e-15 1.42e-14  4.32e-15     4s
  28   1.32472843e+00  1.32472843e+00  2.34e-15 1.42e-14  1.16e-15     4s
  29   1.32472843e+00  1.32472843e+00  1.16e-15 1.42e-14  3.69e-16     4s
  30   1.32472843e+00  1.32472843e+00  1.10e-15 1.42e-14  3.52e-16     4s
  31   1.32472843e+00  1.32472843e+00  8.71e-16 1.42e-14  2.15e-16     4s
  32   1.32472843e+00  1.32472843e+00  8.05e-16 1.42e-14  2.01e-16     4s
  33   1.32472843e+00  1.32472843e+00  5.65e-16 2.84e-14  9.95e-17     4s

Barrier solved model in 33 iterations and 4.09 seconds (3.83 work units)
Optimal objective 1.32472843e+00

objective value: 1.3247284329209232
Done! Time elapsed: 26.328357219696045 seconds.
g_0_1: 1.0000036695702859
g_1_1: 1.000002308738148
g_1_2: 1.0000065086202163
g_2_1: 1.000004236329436
g_2_2: 1.0000119427818868
g_2_3: 1.0000042363294364
g_2_4: 1.0000119427818537
Parameters from last iteration: [0.17400064 0.70700163 0.17400113 0.707003   0.17400208 0.707003
 0.17400208]

Parameters from current iteration:
                [0.17400064 0.70700163 0.17400113 0.707003   0.17400208 0.707003
 0.17400208]


                Percentage Error = 1.5951421704004083e-16
                
year done: 52
Time 53: 2
Optimization Iteration[1/20000]

Solving the optimization problem...
Set parameter TokenServer to value "licenses.rcc.uchicago.edu"
Read LP format model from file /scratch/local/jobs/50183984/tmp2s7_yid2.pyomo.lp
Reading time = 1.33 seconds
x1: 258121 rows, 502401 columns, 1259970 nonzeros
Set parameter Threads to value 8
Set parameter BarConvTol to value 1e-12
Gurobi Optimizer version 11.0.0 build v11.0.0rc2 (linux64 - "CentOS Linux 8")

CPU model: Intel(R) Xeon(R) Gold 6248R CPU @ 3.00GHz, instruction set [SSE2|AVX|AVX2|AVX512]
Thread count: 48 physical cores, 48 logical processors, using up to 8 threads

Optimize a model with 258121 rows, 502401 columns and 1259970 nonzeros
Model fingerprint: 0x0f9c34be
Model has 3166 quadratic objective terms
Coefficient statistics:
  Matrix range     [1e+00, 1e+03]
  Objective range  [5e-07, 7e+01]
  QObjective range [3e-01, 3e+03]
  Bounds range     [3e-04, 1e+00]
  RHS range        [2e-16, 6e+00]
Presolve removed 131482 rows and 128814 columns
Presolve time: 0.54s
Presolved: 126639 rows, 373587 columns, 743930 nonzeros
Presolved model has 3166 quadratic objective terms
Ordering time: 0.16s

Barrier statistics:
 AA' NZ     : 3.709e+05
 Factor NZ  : 4.212e+06 (roughly 240 MB of memory)
 Factor Ops : 3.974e+08 (less than 1 second per iteration)
 Threads    : 8

                  Objective                Residual
Iter       Primal          Dual         Primal    Dual     Compl     Time
   0  -1.08858984e+09  8.63519648e+08  7.80e+04 1.13e-13  1.00e+06     1s
   1  -6.35727304e+08  5.82241625e+08  1.87e+04 1.60e+02  2.62e+05     1s
   2  -3.24155003e+08  3.24098672e+08  2.36e+02 1.04e+00  4.64e+03     1s
   3  -7.58808405e+07  7.65393867e+07  1.95e+00 1.76e-12  3.30e+02     1s
   4  -1.46363879e+07  1.53249912e+07  1.70e-01 4.45e-12  6.19e+01     1s
   5  -2.69569076e+06  2.98245246e+06  1.33e-02 1.42e-12  1.15e+01     1s
   6  -3.92605636e+05  4.49319151e+05  1.33e-08 1.04e-12  1.69e+00     2s
   7  -5.87267423e+04  7.36732210e+04  1.32e-13 6.10e-13  2.66e-01     2s
   8  -8.85396578e+03  1.06086432e+04  6.68e-14 2.22e-13  3.92e-02     2s
   9  -1.41543058e+03  1.73927773e+03  2.27e-14 4.26e-14  6.35e-03     2s
  10  -2.30779847e+02  2.20199368e+02  7.32e-15 2.84e-14  9.07e-04     2s
  11  -5.06707158e+01  3.43426190e+01  3.13e-15 2.84e-14  1.71e-04     2s
  12  -7.88726113e+00  6.51101912e+00  1.49e-15 1.47e-14  2.90e-05     2s
  13  -4.03514638e-01  1.76276265e+00  4.51e-16 1.42e-14  4.36e-06     2s
  14   4.44220605e-01  1.67887775e+00  3.92e-16 2.84e-14  2.48e-06     2s
  15   1.08495414e+00  1.37958269e+00  7.96e-17 1.42e-14  5.93e-07     3s
  16   1.20858979e+00  1.32316500e+00  6.11e-17 1.42e-14  2.31e-07     3s
  17   1.24546135e+00  1.30896103e+00  4.72e-17 2.84e-14  1.28e-07     3s
  18   1.27289650e+00  1.29866309e+00  4.78e-17 1.42e-14  5.18e-08     3s
  19   1.28529234e+00  1.29406310e+00  4.68e-17 1.42e-14  1.76e-08     3s
  20   1.28978020e+00  1.29247689e+00  5.60e-17 1.42e-14  5.43e-09     3s
  21   1.29086842e+00  1.29209276e+00  4.86e-17 1.42e-14  2.46e-09     3s
  22   1.29168420e+00  1.29180576e+00  5.78e-17 1.42e-14  2.45e-10     3s
  23   1.29176455e+00  1.29177749e+00  7.03e-17 1.42e-14  2.60e-11     3s
  24   1.29177398e+00  1.29177418e+00  2.02e-16 2.84e-14  4.06e-13     3s
  25   1.29177411e+00  1.29177413e+00  2.09e-15 1.42e-14  5.83e-14     3s
  26   1.29177412e+00  1.29177413e+00  3.71e-15 2.84e-14  1.80e-14     3s
  27   1.29177413e+00  1.29177413e+00  2.83e-15 1.42e-14  4.30e-15     4s
  28   1.29177413e+00  1.29177413e+00  2.84e-15 1.42e-14  1.16e-15     4s
  29   1.29177413e+00  1.29177413e+00  1.18e-15 1.42e-14  3.67e-16     4s
  30   1.29177413e+00  1.29177413e+00  1.06e-15 1.42e-14  3.49e-16     4s
  31   1.29177413e+00  1.29177413e+00  9.17e-16 1.42e-14  2.14e-16     4s
  32   1.29177413e+00  1.29177413e+00  7.83e-16 1.42e-14  2.01e-16     4s
  33   1.29177413e+00  1.29177413e+00  5.76e-16 1.42e-14  9.91e-17     4s

Barrier solved model in 33 iterations and 4.06 seconds (3.83 work units)
Optimal objective 1.29177413e+00

objective value: 1.2917741265719331
Done! Time elapsed: 24.383280992507935 seconds.
g_0_1: 1.000003669570286
g_1_1: 1.000002308738148
g_1_2: 1.0000065086202161
g_2_1: 1.000004236329436
g_2_2: 1.0000119427818868
g_2_3: 1.0000042363294364
g_2_4: 1.0000119427818537
Parameters from last iteration: [0.17400064 0.70700163 0.17400113 0.707003   0.17400208 0.707003
 0.17400208]

Parameters from current iteration:
                [0.17400064 0.70700163 0.17400113 0.707003   0.17400208 0.707003
 0.17400208]


                Percentage Error = 3.1902752834832315e-16
                
year done: 53
Time 54: 2
Optimization Iteration[1/20000]

Solving the optimization problem...
Set parameter TokenServer to value "licenses.rcc.uchicago.edu"
Read LP format model from file /scratch/local/jobs/50183984/tmpbcgwl8vf.pyomo.lp
Reading time = 1.33 seconds
x1: 258121 rows, 502401 columns, 1259970 nonzeros
Set parameter Threads to value 8
Set parameter BarConvTol to value 1e-12
Gurobi Optimizer version 11.0.0 build v11.0.0rc2 (linux64 - "CentOS Linux 8")

CPU model: Intel(R) Xeon(R) Gold 6248R CPU @ 3.00GHz, instruction set [SSE2|AVX|AVX2|AVX512]
Thread count: 48 physical cores, 48 logical processors, using up to 8 threads

Optimize a model with 258121 rows, 502401 columns and 1259970 nonzeros
Model fingerprint: 0x7b3f4f22
Model has 3166 quadratic objective terms
Coefficient statistics:
  Matrix range     [1e+00, 1e+03]
  Objective range  [5e-07, 7e+01]
  QObjective range [3e-01, 3e+03]
  Bounds range     [3e-04, 1e+00]
  RHS range        [1e-16, 6e+00]
Presolve removed 131482 rows and 128814 columns
Presolve time: 0.54s
Presolved: 126639 rows, 373587 columns, 743930 nonzeros
Presolved model has 3166 quadratic objective terms
Ordering time: 0.16s

Barrier statistics:
 AA' NZ     : 3.709e+05
 Factor NZ  : 4.212e+06 (roughly 240 MB of memory)
 Factor Ops : 3.974e+08 (less than 1 second per iteration)
 Threads    : 8

                  Objective                Residual
Iter       Primal          Dual         Primal    Dual     Compl     Time
   0  -1.08858984e+09  8.63519648e+08  7.80e+04 1.14e-13  1.00e+06     1s
   1  -6.35727304e+08  5.82241625e+08  1.87e+04 1.60e+02  2.62e+05     1s
   2  -3.24155003e+08  3.24098672e+08  2.36e+02 1.04e+00  4.64e+03     1s
   3  -7.58808405e+07  7.65393867e+07  1.95e+00 1.93e-12  3.30e+02     1s
   4  -1.46363879e+07  1.53249912e+07  1.70e-01 3.93e-12  6.19e+01     1s
   5  -2.69569079e+06  2.98245243e+06  1.33e-02 1.24e-12  1.15e+01     1s
   6  -3.92605667e+05  4.49319120e+05  1.33e-08 1.61e-12  1.69e+00     2s
   7  -5.87267738e+04  7.36731895e+04  1.49e-13 7.07e-13  2.66e-01     2s
   8  -8.85399725e+03  1.06086118e+04  6.57e-14 2.51e-13  3.92e-02     2s
   9  -1.41546205e+03  1.73924626e+03  1.89e-14 3.46e-14  6.35e-03     2s
  10  -2.30811318e+02  2.20167897e+02  6.92e-15 2.13e-14  9.07e-04     2s
  11  -5.07021869e+01  3.43111478e+01  3.77e-15 2.84e-14  1.71e-04     2s
  12  -7.91873225e+00  6.47954800e+00  1.15e-15 1.42e-14  2.90e-05     2s
  13  -4.34985756e-01  1.73129153e+00  4.44e-16 1.42e-14  4.36e-06     2s
  14   4.12749487e-01  1.64740663e+00  2.34e-16 4.26e-14  2.48e-06     2s
  15   1.05348303e+00  1.34811157e+00  7.98e-17 1.42e-14  5.93e-07     3s
  16   1.17711867e+00  1.29169388e+00  7.49e-17 2.13e-14  2.31e-07     3s
  17   1.21399023e+00  1.27748991e+00  4.40e-17 2.13e-14  1.28e-07     3s
  18   1.24142538e+00  1.26719197e+00  1.28e-16 1.42e-14  5.18e-08     3s
  19   1.25382122e+00  1.26259198e+00  6.35e-17 1.42e-14  1.76e-08     3s
  20   1.25830909e+00  1.26100578e+00  8.41e-17 2.84e-14  5.43e-09     3s
  21   1.25939730e+00  1.26062165e+00  5.20e-17 1.42e-14  2.46e-09     3s
  22   1.26021308e+00  1.26033464e+00  9.37e-17 2.84e-14  2.45e-10     3s
  23   1.26029343e+00  1.26030637e+00  7.70e-17 1.42e-14  2.60e-11     3s
  24   1.26030286e+00  1.26030306e+00  1.57e-16 2.84e-14  4.06e-13     3s
  25   1.26030299e+00  1.26030302e+00  2.46e-15 2.13e-14  5.80e-14     3s
  26   1.26030300e+00  1.26030301e+00  3.45e-15 1.42e-14  1.80e-14     3s
  27   1.26030301e+00  1.26030301e+00  2.82e-15 1.42e-14  4.28e-15     4s
  28   1.26030301e+00  1.26030301e+00  2.42e-15 1.60e-14  1.15e-15     4s
  29   1.26030301e+00  1.26030301e+00  1.24e-15 1.42e-14  3.65e-16     4s
  30   1.26030301e+00  1.26030301e+00  1.13e-15 1.42e-14  3.47e-16     4s
  31   1.26030301e+00  1.26030301e+00  8.73e-16 2.84e-14  2.13e-16     4s
  32   1.26030301e+00  1.26030301e+00  7.80e-16 2.84e-14  2.00e-16     4s
  33   1.26030301e+00  1.26030301e+00  4.90e-16 1.42e-14  9.86e-17     4s

Barrier solved model in 33 iterations and 4.05 seconds (3.83 work units)
Optimal objective 1.26030301e+00

objective value: 1.2603030083318612
Done! Time elapsed: 24.54902219772339 seconds.
g_0_1: 1.0000036695702859
g_1_1: 1.0000023087381482
g_1_2: 1.0000065086202161
g_2_1: 1.000004236329436
g_2_2: 1.0000119427818865
g_2_3: 1.0000042363294364
g_2_4: 1.0000119427818537
Parameters from last iteration: [0.17400064 0.70700163 0.17400113 0.707003   0.17400208 0.707003
 0.17400208]

Parameters from current iteration:
                [0.17400064 0.70700163 0.17400113 0.707003   0.17400208 0.707003
 0.17400208]


                Percentage Error = 3.190257947218611e-16
                
year done: 54
Time 55: 2
Optimization Iteration[1/20000]

Solving the optimization problem...
Set parameter TokenServer to value "licenses.rcc.uchicago.edu"
Read LP format model from file /scratch/local/jobs/50183984/tmptm8vlsca.pyomo.lp
Reading time = 1.34 seconds
x1: 258121 rows, 502401 columns, 1259970 nonzeros
Set parameter Threads to value 8
Set parameter BarConvTol to value 1e-12
Gurobi Optimizer version 11.0.0 build v11.0.0rc2 (linux64 - "CentOS Linux 8")

CPU model: Intel(R) Xeon(R) Gold 6248R CPU @ 3.00GHz, instruction set [SSE2|AVX|AVX2|AVX512]
Thread count: 48 physical cores, 48 logical processors, using up to 8 threads

Optimize a model with 258121 rows, 502401 columns and 1259970 nonzeros
Model fingerprint: 0x5155d106
Model has 3166 quadratic objective terms
Coefficient statistics:
  Matrix range     [1e+00, 1e+03]
  Objective range  [5e-07, 7e+01]
  QObjective range [3e-01, 3e+03]
  Bounds range     [3e-04, 1e+00]
  RHS range        [1e-16, 6e+00]
Presolve removed 131482 rows and 128814 columns
Presolve time: 0.55s
Presolved: 126639 rows, 373587 columns, 743930 nonzeros
Presolved model has 3166 quadratic objective terms
Ordering time: 0.16s

Barrier statistics:
 AA' NZ     : 3.709e+05
 Factor NZ  : 4.212e+06 (roughly 240 MB of memory)
 Factor Ops : 3.974e+08 (less than 1 second per iteration)
 Threads    : 8

                  Objective                Residual
Iter       Primal          Dual         Primal    Dual     Compl     Time
   0  -1.08858984e+09  8.63519648e+08  7.80e+04 1.13e-13  1.00e+06     1s
   1  -6.35727304e+08  5.82241625e+08  1.87e+04 1.60e+02  2.62e+05     1s
   2  -3.24155004e+08  3.24098672e+08  2.36e+02 1.04e+00  4.64e+03     1s
   3  -7.58808406e+07  7.65393866e+07  1.95e+00 1.40e-12  3.30e+02     1s
   4  -1.46363880e+07  1.53249912e+07  1.70e-01 5.68e-12  6.19e+01     1s
   5  -2.69569082e+06  2.98245240e+06  1.33e-02 1.42e-12  1.15e+01     1s
   6  -3.92605697e+05  4.49319090e+05  1.33e-08 1.02e-12  1.69e+00     2s
   7  -5.87268039e+04  7.36731594e+04  1.51e-13 6.38e-13  2.66e-01     2s
   8  -8.85402730e+03  1.06085817e+04  7.26e-14 2.11e-13  3.92e-02     2s
   9  -1.41549211e+03  1.73921620e+03  2.24e-14 4.03e-14  6.35e-03     2s
  10  -2.30841373e+02  2.20137842e+02  6.91e-15 2.84e-14  9.07e-04     2s
  11  -5.07322416e+01  3.42810932e+01  3.82e-15 2.13e-14  1.71e-04     2s
  12  -7.94878693e+00  6.44949331e+00  9.64e-16 1.42e-14  2.90e-05     2s
  13  -4.65040441e-01  1.70123685e+00  3.67e-16 1.42e-14  4.36e-06     2s
  14   3.82694802e-01  1.61735194e+00  2.88e-16 2.13e-14  2.48e-06     2s
  15   1.02342834e+00  1.31805688e+00  7.46e-17 2.13e-14  5.93e-07     3s
  16   1.14706399e+00  1.26163920e+00  1.05e-16 2.84e-14  2.31e-07     3s
  17   1.18393555e+00  1.24743522e+00  6.20e-17 1.42e-14  1.28e-07     3s
  18   1.21137069e+00  1.23713729e+00  9.42e-17 1.42e-14  5.18e-08     3s
  19   1.22376654e+00  1.23253730e+00  5.04e-17 1.42e-14  1.76e-08     3s
  20   1.22825440e+00  1.23095109e+00  5.92e-17 1.42e-14  5.43e-09     3s
  21   1.22934261e+00  1.23056696e+00  2.88e-17 2.84e-14  2.46e-09     3s
  22   1.23015839e+00  1.23027995e+00  6.88e-17 2.84e-14  2.45e-10     3s
  23   1.23023875e+00  1.23025168e+00  7.58e-17 2.13e-14  2.60e-11     3s
  24   1.23024817e+00  1.23024838e+00  1.36e-16 2.84e-14  4.06e-13     3s
  25   1.23024830e+00  1.23024833e+00  2.55e-15 1.42e-14  5.78e-14     3s
  26   1.23024832e+00  1.23024833e+00  3.76e-15 1.42e-14  1.80e-14     3s
  27   1.23024832e+00  1.23024832e+00  2.38e-15 1.55e-14  4.26e-15     4s
  28   1.23024832e+00  1.23024832e+00  2.80e-15 2.84e-14  1.15e-15     4s
  29   1.23024832e+00  1.23024832e+00  1.25e-15 1.42e-14  3.62e-16     4s
  30   1.23024832e+00  1.23024832e+00  1.15e-15 1.42e-14  3.45e-16     4s
  31   1.23024832e+00  1.23024832e+00  9.59e-16 1.42e-14  2.11e-16     4s
  32   1.23024832e+00  1.23024832e+00  8.57e-16 1.42e-14  1.99e-16     4s
  33   1.23024832e+00  1.23024832e+00  5.48e-16 1.42e-14  9.81e-17     4s

Barrier solved model in 33 iterations and 4.07 seconds (3.83 work units)
Optimal objective 1.23024832e+00

objective value: 1.230248323739504
Done! Time elapsed: 24.489099979400635 seconds.
g_0_1: 1.000003669570286
g_1_1: 1.0000023087381482
g_1_2: 1.0000065086202163
g_2_1: 1.000004236329436
g_2_2: 1.0000119427818863
g_2_3: 1.0000042363294364
g_2_4: 1.0000119427818537
Parameters from last iteration: [0.17400064 0.70700163 0.17400113 0.707003   0.17400208 0.707003
 0.17400208]

Parameters from current iteration:
                [0.17400064 0.70700163 0.17400113 0.707003   0.17400208 0.707003
 0.17400208]


                Percentage Error = 3.1902752834832325e-16
                
year done: 55
Time 56: 2
Optimization Iteration[1/20000]

Solving the optimization problem...
Set parameter TokenServer to value "licenses.rcc.uchicago.edu"
Read LP format model from file /scratch/local/jobs/50183984/tmp3mome97_.pyomo.lp
Reading time = 1.33 seconds
x1: 258121 rows, 502401 columns, 1259970 nonzeros
Set parameter Threads to value 8
Set parameter BarConvTol to value 1e-12
Gurobi Optimizer version 11.0.0 build v11.0.0rc2 (linux64 - "CentOS Linux 8")

CPU model: Intel(R) Xeon(R) Gold 6248R CPU @ 3.00GHz, instruction set [SSE2|AVX|AVX2|AVX512]
Thread count: 48 physical cores, 48 logical processors, using up to 8 threads

Optimize a model with 258121 rows, 502401 columns and 1259970 nonzeros
Model fingerprint: 0x1fd6175c
Model has 3166 quadratic objective terms
Coefficient statistics:
  Matrix range     [1e+00, 1e+03]
  Objective range  [5e-07, 7e+01]
  QObjective range [3e-01, 3e+03]
  Bounds range     [3e-04, 1e+00]
  RHS range        [1e-16, 6e+00]
Presolve removed 131482 rows and 128814 columns
Presolve time: 0.54s
Presolved: 126639 rows, 373587 columns, 743930 nonzeros
Presolved model has 3166 quadratic objective terms
Ordering time: 0.16s

Barrier statistics:
 AA' NZ     : 3.709e+05
 Factor NZ  : 4.212e+06 (roughly 240 MB of memory)
 Factor Ops : 3.974e+08 (less than 1 second per iteration)
 Threads    : 8

                  Objective                Residual
Iter       Primal          Dual         Primal    Dual     Compl     Time
   0  -1.08858984e+09  8.63519648e+08  7.80e+04 1.14e-13  1.00e+06     1s
   1  -6.35727304e+08  5.82241624e+08  1.87e+04 1.60e+02  2.62e+05     1s
   2  -3.24155004e+08  3.24098672e+08  2.36e+02 1.04e+00  4.64e+03     1s
   3  -7.58808406e+07  7.65393866e+07  1.95e+00 1.54e-12  3.30e+02     1s
   4  -1.46363880e+07  1.53249911e+07  1.70e-01 5.14e-12  6.19e+01     1s
   5  -2.69569085e+06  2.98245237e+06  1.33e-02 1.22e-12  1.15e+01     1s
   6  -3.92605726e+05  4.49319061e+05  1.33e-08 9.97e-13  1.69e+00     2s
   7  -5.87268326e+04  7.36731307e+04  1.25e-13 7.12e-13  2.66e-01     2s
   8  -8.85405600e+03  1.06085530e+04  6.43e-14 2.53e-13  3.92e-02     2s
   9  -1.41552081e+03  1.73918750e+03  2.38e-14 4.26e-14  6.35e-03     2s
  10  -2.30870075e+02  2.20109140e+02  6.89e-15 2.84e-14  9.07e-04     2s
  11  -5.07609436e+01  3.42523912e+01  3.31e-15 1.42e-14  1.71e-04     2s
  12  -7.97748893e+00  6.42079131e+00  9.80e-16 1.42e-14  2.90e-05     2s
  13  -4.93742442e-01  1.67253485e+00  3.86e-16 2.84e-14  4.36e-06     2s
  14   3.53992801e-01  1.58864994e+00  3.56e-16 2.84e-14  2.48e-06     3s
  15   9.94726341e-01  1.28935488e+00  7.14e-17 1.42e-14  5.93e-07     3s
  16   1.11836199e+00  1.23293720e+00  7.63e-17 1.42e-14  2.31e-07     3s
  17   1.15523355e+00  1.21873322e+00  7.00e-17 1.42e-14  1.28e-07     3s
  18   1.18266869e+00  1.20843529e+00  6.27e-17 2.84e-14  5.18e-08     3s
  19   1.19506454e+00  1.20383530e+00  5.98e-17 2.84e-14  1.76e-08     3s
  20   1.19955240e+00  1.20224909e+00  6.94e-17 1.42e-14  5.43e-09     3s
  21   1.20064061e+00  1.20186496e+00  6.98e-17 1.42e-14  2.46e-09     3s
  22   1.20145639e+00  1.20157795e+00  1.13e-16 2.84e-14  2.45e-10     3s
  23   1.20153675e+00  1.20154968e+00  7.51e-17 2.13e-14  2.60e-11     3s
  24   1.20154617e+00  1.20154638e+00  1.35e-16 1.42e-14  4.06e-13     3s
  25   1.20154630e+00  1.20154633e+00  2.23e-15 1.42e-14  5.75e-14     3s
  26   1.20154632e+00  1.20154633e+00  4.27e-15 1.42e-14  1.79e-14     3s
  27   1.20154632e+00  1.20154632e+00  2.61e-15 1.42e-14  4.25e-15     4s
  28   1.20154632e+00  1.20154632e+00  2.40e-15 1.42e-14  1.14e-15     4s
  29   1.20154632e+00  1.20154632e+00  1.20e-15 1.42e-14  3.60e-16     4s
  30   1.20154632e+00  1.20154632e+00  1.13e-15 1.42e-14  3.43e-16     4s
  31   1.20154632e+00  1.20154632e+00  8.73e-16 1.42e-14  2.10e-16     4s
  32   1.20154632e+00  1.20154632e+00  8.23e-16 1.42e-14  1.98e-16     4s
  33   1.20154632e+00  1.20154632e+00  4.91e-16 1.42e-14  9.76e-17     4s

Barrier solved model in 33 iterations and 4.07 seconds (3.83 work units)
Optimal objective 1.20154632e+00

objective value: 1.2015463227791972
Done! Time elapsed: 24.669199228286743 seconds.
g_0_1: 1.0000036695702859
g_1_1: 1.0000023087381482
g_1_2: 1.0000065086202161
g_2_1: 1.000004236329436
g_2_2: 1.000011942781886
g_2_3: 1.0000042363294364
g_2_4: 1.0000119427818535
Parameters from last iteration: [0.17400064 0.70700163 0.17400113 0.707003   0.17400208 0.707003
 0.17400208]

Parameters from current iteration:
                [0.17400064 0.70700163 0.17400113 0.707003   0.17400208 0.707003
 0.17400208]


                Percentage Error = 3.1902752834832315e-16
                
year done: 56
Time 57: 2
Optimization Iteration[1/20000]

Solving the optimization problem...
Set parameter TokenServer to value "licenses.rcc.uchicago.edu"
Read LP format model from file /scratch/local/jobs/50183984/tmp_62g1bnt.pyomo.lp
Reading time = 1.32 seconds
x1: 258121 rows, 502401 columns, 1259970 nonzeros
Set parameter Threads to value 8
Set parameter BarConvTol to value 1e-12
Gurobi Optimizer version 11.0.0 build v11.0.0rc2 (linux64 - "CentOS Linux 8")

CPU model: Intel(R) Xeon(R) Gold 6248R CPU @ 3.00GHz, instruction set [SSE2|AVX|AVX2|AVX512]
Thread count: 48 physical cores, 48 logical processors, using up to 8 threads

Optimize a model with 258121 rows, 502401 columns and 1259970 nonzeros
Model fingerprint: 0xd81a2e73
Model has 3166 quadratic objective terms
Coefficient statistics:
  Matrix range     [1e+00, 1e+03]
  Objective range  [5e-07, 7e+01]
  QObjective range [3e-01, 3e+03]
  Bounds range     [3e-04, 1e+00]
  RHS range        [1e-16, 6e+00]
Presolve removed 131482 rows and 128814 columns
Presolve time: 0.54s
Presolved: 126639 rows, 373587 columns, 743930 nonzeros
Presolved model has 3166 quadratic objective terms
Ordering time: 0.16s

Barrier statistics:
 AA' NZ     : 3.709e+05
 Factor NZ  : 4.212e+06 (roughly 240 MB of memory)
 Factor Ops : 3.974e+08 (less than 1 second per iteration)
 Threads    : 8

                  Objective                Residual
Iter       Primal          Dual         Primal    Dual     Compl     Time
   0  -1.08858984e+09  8.63519648e+08  7.80e+04 1.13e-13  1.00e+06     1s
   1  -6.35727304e+08  5.82241624e+08  1.87e+04 1.60e+02  2.62e+05     1s
   2  -3.24155004e+08  3.24098672e+08  2.36e+02 1.04e+00  4.64e+03     1s
   3  -7.58808406e+07  7.65393866e+07  1.95e+00 1.48e-12  3.30e+02     1s
   4  -1.46363880e+07  1.53249911e+07  1.70e-01 4.38e-12  6.19e+01     1s
   5  -2.69569087e+06  2.98245234e+06  1.33e-02 1.40e-12  1.15e+01     1s
   6  -3.92605753e+05  4.49319034e+05  1.33e-08 9.00e-13  1.69e+00     2s
   7  -5.87268600e+04  7.36731033e+04  1.48e-13 7.08e-13  2.66e-01     2s
   8  -8.85408341e+03  1.06085256e+04  6.63e-14 2.02e-13  3.92e-02     2s
   9  -1.41554822e+03  1.73916009e+03  1.86e-14 5.68e-14  6.35e-03     2s
  10  -2.30897485e+02  2.20081730e+02  7.27e-15 2.84e-14  9.07e-04     2s
  11  -5.07883538e+01  3.42249810e+01  4.16e-15 2.84e-14  1.71e-04     2s
  12  -8.00489913e+00  6.39338111e+00  9.74e-16 1.42e-14  2.90e-05     2s
  13  -5.21152640e-01  1.64512465e+00  4.88e-16 1.42e-14  4.36e-06     2s
  14   3.26582603e-01  1.56123975e+00  2.36e-16 2.84e-14  2.48e-06     2s
  15   9.67316143e-01  1.26194468e+00  6.74e-17 2.84e-14  5.93e-07     3s
  16   1.09095179e+00  1.20552700e+00  9.02e-17 2.13e-14  2.31e-07     3s
  17   1.12782335e+00  1.19132303e+00  7.80e-17 1.42e-14  1.28e-07     3s
  18   1.15525849e+00  1.18102509e+00  1.07e-16 1.42e-14  5.18e-08     3s
  19   1.16765434e+00  1.17642510e+00  6.67e-17 1.42e-14  1.76e-08     3s
  20   1.17214220e+00  1.17483889e+00  3.54e-17 1.42e-14  5.43e-09     3s
  21   1.17323041e+00  1.17445476e+00  5.88e-17 1.42e-14  2.46e-09     3s
  22   1.17404620e+00  1.17416776e+00  8.80e-17 1.42e-14  2.45e-10     3s
  23   1.17412655e+00  1.17413948e+00  7.04e-17 1.42e-14  2.60e-11     3s
  24   1.17413598e+00  1.17413618e+00  1.66e-16 1.42e-14  4.06e-13     3s
  25   1.17413610e+00  1.17413613e+00  2.23e-15 1.42e-14  5.72e-14     3s
  26   1.17413612e+00  1.17413613e+00  4.45e-15 2.13e-14  1.79e-14     3s
  27   1.17413612e+00  1.17413613e+00  2.63e-15 1.42e-14  4.23e-15     4s
  28   1.17413612e+00  1.17413612e+00  2.83e-15 1.42e-14  1.14e-15     4s
  29   1.17413612e+00  1.17413612e+00  1.38e-15 1.42e-14  3.58e-16     4s
  30   1.17413612e+00  1.17413612e+00  1.28e-15 1.42e-14  3.41e-16     4s
  31   1.17413612e+00  1.17413612e+00  9.79e-16 1.42e-14  2.09e-16     4s
  32   1.17413612e+00  1.17413612e+00  8.79e-16 1.42e-14  1.97e-16     4s
  33   1.17413612e+00  1.17413612e+00  5.16e-16 1.42e-14  9.71e-17     4s

Barrier solved model in 33 iterations and 4.06 seconds (3.83 work units)
Optimal objective 1.17413612e+00

objective value: 1.1741361246587658
Done! Time elapsed: 26.062984228134155 seconds.
g_0_1: 1.000003669570286
g_1_1: 1.0000023087381482
g_1_2: 1.0000065086202161
g_2_1: 1.0000042363294361
g_2_2: 1.0000119427818859
g_2_3: 1.0000042363294364
g_2_4: 1.0000119427818535
Parameters from last iteration: [0.17400064 0.70700163 0.17400113 0.707003   0.17400208 0.707003
 0.17400208]

Parameters from current iteration:
                [0.17400064 0.70700163 0.17400113 0.707003   0.17400208 0.707003
 0.17400208]


                Percentage Error = 1.5951421704004085e-16
                
year done: 57
Time 58: 2
Optimization Iteration[1/20000]

Solving the optimization problem...
Set parameter TokenServer to value "licenses.rcc.uchicago.edu"
Read LP format model from file /scratch/local/jobs/50183984/tmpbjxiw96y.pyomo.lp
Reading time = 1.35 seconds
x1: 258121 rows, 502401 columns, 1259970 nonzeros
Set parameter Threads to value 8
Set parameter BarConvTol to value 1e-12
Gurobi Optimizer version 11.0.0 build v11.0.0rc2 (linux64 - "CentOS Linux 8")

CPU model: Intel(R) Xeon(R) Gold 6248R CPU @ 3.00GHz, instruction set [SSE2|AVX|AVX2|AVX512]
Thread count: 48 physical cores, 48 logical processors, using up to 8 threads

Optimize a model with 258121 rows, 502401 columns and 1259970 nonzeros
Model fingerprint: 0xa91668b0
Model has 3166 quadratic objective terms
Coefficient statistics:
  Matrix range     [1e+00, 1e+03]
  Objective range  [5e-07, 7e+01]
  QObjective range [3e-01, 3e+03]
  Bounds range     [3e-04, 1e+00]
  RHS range        [1e-16, 6e+00]
Presolve removed 131482 rows and 128814 columns
Presolve time: 0.54s
Presolved: 126639 rows, 373587 columns, 743930 nonzeros
Presolved model has 3166 quadratic objective terms
Ordering time: 0.16s

Barrier statistics:
 AA' NZ     : 3.709e+05
 Factor NZ  : 4.212e+06 (roughly 240 MB of memory)
 Factor Ops : 3.974e+08 (less than 1 second per iteration)
 Threads    : 8

                  Objective                Residual
Iter       Primal          Dual         Primal    Dual     Compl     Time
   0  -1.08858984e+09  8.63519648e+08  7.80e+04 1.14e-13  1.00e+06     1s
   1  -6.35727304e+08  5.82241624e+08  1.87e+04 1.60e+02  2.62e+05     1s
   2  -3.24155004e+08  3.24098672e+08  2.36e+02 1.04e+00  4.64e+03     1s
   3  -7.58808406e+07  7.65393866e+07  1.95e+00 1.65e-12  3.30e+02     1s
   4  -1.46363881e+07  1.53249911e+07  1.70e-01 3.24e-12  6.19e+01     1s
   5  -2.69569090e+06  2.98245231e+06  1.33e-02 1.23e-12  1.15e+01     1s
   6  -3.92605780e+05  4.49319008e+05  1.33e-08 1.02e-12  1.69e+00     2s
   7  -5.87268861e+04  7.36730772e+04  1.44e-13 6.50e-13  2.66e-01     2s
   8  -8.85410959e+03  1.06084994e+04  7.55e-14 2.28e-13  3.92e-02     2s
   9  -1.41557440e+03  1.73913391e+03  2.34e-14 5.68e-14  6.35e-03     2s
  10  -2.30923661e+02  2.20055553e+02  7.57e-15 2.84e-14  9.07e-04     2s
  11  -5.08145304e+01  3.41988044e+01  3.97e-15 2.13e-14  1.71e-04     2s
  12  -8.03107567e+00  6.36720458e+00  1.23e-15 1.42e-14  2.90e-05     2s
  13  -5.47329176e-01  1.61894811e+00  3.53e-16 1.42e-14  4.36e-06     2s
  14   3.00406067e-01  1.53506321e+00  2.87e-16 4.26e-14  2.48e-06     2s
  15   9.41139607e-01  1.23576815e+00  5.53e-17 1.42e-14  5.93e-07     3s
  16   1.06477525e+00  1.17935046e+00  8.22e-17 1.42e-14  2.31e-07     3s
  17   1.10164681e+00  1.16514649e+00  4.75e-17 1.42e-14  1.28e-07     3s
  18   1.12908196e+00  1.15484855e+00  7.82e-17 1.42e-14  5.18e-08     3s
  19   1.14147780e+00  1.15024856e+00  7.70e-17 1.69e-14  1.76e-08     3s
  20   1.14596567e+00  1.14866236e+00  8.05e-17 1.42e-14  5.43e-09     3s
  21   1.14705388e+00  1.14827823e+00  6.79e-17 1.42e-14  2.46e-09     3s
  22   1.14786966e+00  1.14799122e+00  1.34e-16 2.84e-14  2.45e-10     3s
  23   1.14795001e+00  1.14796295e+00  7.12e-17 1.42e-14  2.60e-11     3s
  24   1.14795944e+00  1.14795964e+00  2.08e-16 1.42e-14  4.06e-13     3s
  25   1.14795957e+00  1.14795960e+00  2.65e-15 1.42e-14  5.70e-14     3s
  26   1.14795958e+00  1.14795959e+00  3.76e-15 1.55e-14  1.78e-14     3s
  27   1.14795959e+00  1.14795959e+00  2.46e-15 2.84e-14  4.21e-15     4s
  28   1.14795959e+00  1.14795959e+00  2.83e-15 2.13e-14  1.14e-15     4s
  29   1.14795959e+00  1.14795959e+00  1.34e-15 1.42e-14  3.56e-16     4s
  30   1.14795959e+00  1.14795959e+00  1.24e-15 1.42e-14  3.39e-16     4s
  31   1.14795959e+00  1.14795959e+00  8.46e-16 1.42e-14  2.07e-16     4s
  32   1.14795959e+00  1.14795959e+00  7.59e-16 1.42e-14  1.96e-16     4s
  33   1.14795959e+00  1.14795959e+00  5.38e-16 1.42e-14  9.66e-17     4s

Barrier solved model in 33 iterations and 4.06 seconds (3.83 work units)
Optimal objective 1.14795959e+00

objective value: 1.1479595886729643
Done! Time elapsed: 24.45509958267212 seconds.
g_0_1: 1.000003669570286
g_1_1: 1.0000023087381482
g_1_2: 1.0000065086202161
g_2_1: 1.000004236329436
g_2_2: 1.0000119427818859
g_2_3: 1.0000042363294364
g_2_4: 1.0000119427818537
Parameters from last iteration: [0.17400064 0.70700163 0.17400113 0.707003   0.17400208 0.707003
 0.17400208]

Parameters from current iteration:
                [0.17400064 0.70700163 0.17400113 0.707003   0.17400208 0.707003
 0.17400208]


                Percentage Error = 1.5951289736093588e-16
                
year done: 58
Time 59: 2
Optimization Iteration[1/20000]

Solving the optimization problem...
Set parameter TokenServer to value "licenses.rcc.uchicago.edu"
Read LP format model from file /scratch/local/jobs/50183984/tmpgew6gr0x.pyomo.lp
Reading time = 1.37 seconds
x1: 258121 rows, 502401 columns, 1259970 nonzeros
Set parameter Threads to value 8
Set parameter BarConvTol to value 1e-12
Gurobi Optimizer version 11.0.0 build v11.0.0rc2 (linux64 - "CentOS Linux 8")

CPU model: Intel(R) Xeon(R) Gold 6248R CPU @ 3.00GHz, instruction set [SSE2|AVX|AVX2|AVX512]
Thread count: 48 physical cores, 48 logical processors, using up to 8 threads

Optimize a model with 258121 rows, 502401 columns and 1259970 nonzeros
Model fingerprint: 0x1b1f64f0
Model has 3166 quadratic objective terms
Coefficient statistics:
  Matrix range     [1e+00, 1e+03]
  Objective range  [5e-07, 7e+01]
  QObjective range [3e-01, 3e+03]
  Bounds range     [3e-04, 1e+00]
  RHS range        [1e-16, 6e+00]
Presolve removed 131482 rows and 128814 columns
Presolve time: 0.54s
Presolved: 126639 rows, 373587 columns, 743930 nonzeros
Presolved model has 3166 quadratic objective terms
Ordering time: 0.16s

Barrier statistics:
 AA' NZ     : 3.709e+05
 Factor NZ  : 4.212e+06 (roughly 240 MB of memory)
 Factor Ops : 3.974e+08 (less than 1 second per iteration)
 Threads    : 8

                  Objective                Residual
Iter       Primal          Dual         Primal    Dual     Compl     Time
   0  -1.08858984e+09  8.63519648e+08  7.80e+04 1.14e-13  1.00e+06     1s
   1  -6.35727304e+08  5.82241624e+08  1.87e+04 1.60e+02  2.62e+05     1s
   2  -3.24155004e+08  3.24098672e+08  2.36e+02 1.04e+00  4.64e+03     1s
   3  -7.58808407e+07  7.65393865e+07  1.95e+00 1.72e-12  3.30e+02     1s
   4  -1.46363881e+07  1.53249911e+07  1.70e-01 5.29e-12  6.19e+01     1s
   5  -2.69569093e+06  2.98245229e+06  1.33e-02 1.20e-12  1.15e+01     1s
   6  -3.92605805e+05  4.49318983e+05  1.33e-08 1.23e-12  1.69e+00     2s
   7  -5.87269111e+04  7.36730522e+04  1.52e-13 8.53e-13  2.66e-01     2s
   8  -8.85413459e+03  1.06084744e+04  6.38e-14 2.43e-13  3.92e-02     2s
   9  -1.41559939e+03  1.73910891e+03  2.11e-14 4.06e-14  6.35e-03     2s
  10  -2.30948660e+02  2.20030555e+02  8.76e-15 2.84e-14  9.07e-04     2s
  11  -5.08395288e+01  3.41738060e+01  3.99e-15 1.42e-14  1.71e-04     2s
  12  -8.05607407e+00  6.34220618e+00  1.12e-15 1.42e-14  2.90e-05     2s
  13  -5.72327574e-01  1.59394971e+00  4.81e-16 2.84e-14  4.36e-06     2s
  14   2.75407669e-01  1.51006481e+00  2.71e-16 2.84e-14  2.48e-06     2s
  15   9.16141209e-01  1.21076975e+00  9.23e-17 1.42e-14  5.93e-07     3s
  16   1.03977686e+00  1.15435207e+00  6.95e-17 1.42e-14  2.31e-07     3s
  17   1.07664841e+00  1.14014809e+00  9.55e-17 2.84e-14  1.28e-07     3s
  18   1.10408356e+00  1.12985016e+00  4.76e-17 1.42e-14  5.18e-08     3s
  19   1.11647940e+00  1.12525017e+00  4.78e-17 1.42e-14  1.76e-08     3s
  20   1.12096727e+00  1.12366396e+00  1.11e-16 1.42e-14  5.43e-09     3s
  21   1.12205548e+00  1.12327983e+00  4.65e-17 1.42e-14  2.46e-09     3s
  22   1.12287126e+00  1.12299282e+00  1.20e-16 1.42e-14  2.45e-10     3s
  23   1.12295162e+00  1.12296455e+00  7.86e-17 1.42e-14  2.60e-11     3s
  24   1.12296104e+00  1.12296124e+00  1.61e-16 2.84e-14  4.06e-13     3s
  25   1.12296117e+00  1.12296120e+00  2.12e-15 1.42e-14  5.67e-14     3s
  26   1.12296118e+00  1.12296119e+00  4.49e-15 1.42e-14  1.78e-14     3s
  27   1.12296119e+00  1.12296119e+00  2.37e-15 1.47e-14  4.19e-15     4s
  28   1.12296119e+00  1.12296119e+00  2.73e-15 2.13e-14  1.13e-15     4s
  29   1.12296119e+00  1.12296119e+00  1.28e-15 1.42e-14  3.53e-16     4s
  30   1.12296119e+00  1.12296119e+00  1.18e-15 2.13e-14  3.37e-16     4s
  31   1.12296119e+00  1.12296119e+00  9.18e-16 1.42e-14  2.06e-16     4s
  32   1.12296119e+00  1.12296119e+00  7.92e-16 1.42e-14  1.95e-16     4s
  33   1.12296119e+00  1.12296119e+00  5.41e-16 1.42e-14  9.61e-17     4s

Barrier solved model in 33 iterations and 4.08 seconds (3.83 work units)
Optimal objective 1.12296119e+00

objective value: 1.1229611908793884
Done! Time elapsed: 24.586313724517822 seconds.
g_0_1: 1.0000036695702856
g_1_1: 1.0000023087381482
g_1_2: 1.0000065086202161
g_2_1: 1.0000042363294361
g_2_2: 1.0000119427818857
g_2_3: 1.0000042363294364
g_2_4: 1.0000119427818535
Parameters from last iteration: [0.17400064 0.70700163 0.17400113 0.707003   0.17400208 0.707003
 0.17400208]

Parameters from current iteration:
                [0.17400064 0.70700163 0.17400113 0.707003   0.17400208 0.707003
 0.17400208]


                Percentage Error = 4.785426511201224e-16
                
year done: 59
Time 60: 2
Optimization Iteration[1/20000]

Solving the optimization problem...
Set parameter TokenServer to value "licenses.rcc.uchicago.edu"
Read LP format model from file /scratch/local/jobs/50183984/tmp2c1k4vf1.pyomo.lp
Reading time = 1.33 seconds
x1: 258121 rows, 502401 columns, 1259970 nonzeros
Set parameter Threads to value 8
Set parameter BarConvTol to value 1e-12
Gurobi Optimizer version 11.0.0 build v11.0.0rc2 (linux64 - "CentOS Linux 8")

CPU model: Intel(R) Xeon(R) Gold 6248R CPU @ 3.00GHz, instruction set [SSE2|AVX|AVX2|AVX512]
Thread count: 48 physical cores, 48 logical processors, using up to 8 threads

Optimize a model with 258121 rows, 502401 columns and 1259970 nonzeros
Model fingerprint: 0x2f6bcfc6
Model has 3166 quadratic objective terms
Coefficient statistics:
  Matrix range     [1e+00, 1e+03]
  Objective range  [5e-07, 7e+01]
  QObjective range [3e-01, 3e+03]
  Bounds range     [3e-04, 1e+00]
  RHS range        [1e-16, 6e+00]
Presolve removed 131482 rows and 128814 columns
Presolve time: 0.54s
Presolved: 126639 rows, 373587 columns, 743930 nonzeros
Presolved model has 3166 quadratic objective terms
Ordering time: 0.16s

Barrier statistics:
 AA' NZ     : 3.709e+05
 Factor NZ  : 4.212e+06 (roughly 240 MB of memory)
 Factor Ops : 3.974e+08 (less than 1 second per iteration)
 Threads    : 8

                  Objective                Residual
Iter       Primal          Dual         Primal    Dual     Compl     Time
   0  -1.08858984e+09  8.63519648e+08  7.80e+04 1.13e-13  1.00e+06     1s
   1  -6.35727304e+08  5.82241624e+08  1.87e+04 1.60e+02  2.62e+05     1s
   2  -3.24155004e+08  3.24098672e+08  2.36e+02 1.04e+00  4.64e+03     1s
   3  -7.58808407e+07  7.65393865e+07  1.95e+00 1.82e-12  3.30e+02     1s
   4  -1.46363881e+07  1.53249910e+07  1.70e-01 4.93e-12  6.19e+01     2s
   5  -2.69569095e+06  2.98245226e+06  1.33e-02 1.42e-12  1.15e+01     2s
   6  -3.92605829e+05  4.49318959e+05  1.33e-08 1.28e-12  1.69e+00     2s
   7  -5.87269350e+04  7.36730283e+04  1.20e-13 6.43e-13  2.66e-01     2s
   8  -8.85415846e+03  1.06084505e+04  8.03e-14 2.28e-13  3.92e-02     2s
   9  -1.41562327e+03  1.73908504e+03  2.12e-14 4.26e-14  6.35e-03     2s
  10  -2.30972533e+02  2.20006682e+02  9.17e-15 2.40e-14  9.07e-04     2s
  11  -5.08634020e+01  3.41499327e+01  4.53e-15 2.13e-14  1.71e-04     2s
  12  -8.07994735e+00  6.31833290e+00  1.16e-15 2.13e-14  2.90e-05     2s
  13  -5.96200858e-01  1.57007643e+00  3.24e-16 1.42e-14  4.36e-06     2s
  14   2.51534385e-01  1.48619153e+00  2.19e-16 2.84e-14  2.48e-06     3s
  15   8.92267925e-01  1.18689647e+00  6.32e-17 1.42e-14  5.93e-07     3s
  16   1.01590357e+00  1.13047878e+00  1.19e-16 1.42e-14  2.31e-07     3s
  17   1.05277513e+00  1.11627481e+00  1.24e-16 2.13e-14  1.28e-07     3s
  18   1.08021027e+00  1.10597687e+00  1.37e-16 1.42e-14  5.18e-08     3s
  19   1.09260612e+00  1.10137688e+00  4.95e-17 2.84e-14  1.76e-08     3s
  20   1.09709398e+00  1.09979067e+00  4.64e-17 1.42e-14  5.43e-09     3s
  21   1.09818220e+00  1.09940654e+00  7.35e-17 1.42e-14  2.46e-09     3s
  22   1.09899798e+00  1.09911954e+00  1.30e-16 1.42e-14  2.45e-10     3s
  23   1.09907833e+00  1.09909127e+00  7.23e-17 1.42e-14  2.60e-11     3s
  24   1.09908776e+00  1.09908796e+00  1.66e-16 2.84e-14  4.06e-13     3s
  25   1.09908789e+00  1.09908791e+00  2.14e-15 1.42e-14  5.64e-14     4s
  26   1.09908790e+00  1.09908791e+00  3.54e-15 2.13e-14  1.77e-14     4s
  27   1.09908790e+00  1.09908791e+00  2.64e-15 1.42e-14  4.18e-15     4s
  28   1.09908791e+00  1.09908791e+00  2.40e-15 2.13e-14  1.13e-15     4s
  29   1.09908791e+00  1.09908791e+00  1.26e-15 1.42e-14  3.51e-16     4s
  30   1.09908791e+00  1.09908791e+00  1.18e-15 1.42e-14  3.34e-16     4s
  31   1.09908791e+00  1.09908791e+00  8.84e-16 1.42e-14  2.05e-16     4s
  32   1.09908791e+00  1.09908791e+00  8.10e-16 1.42e-14  1.96e-16     4s
  33   1.09908791e+00  1.09908791e+00  4.66e-16 1.42e-14  9.58e-17     4s

Barrier solved model in 33 iterations and 4.20 seconds (3.83 work units)
Optimal objective 1.09908791e+00

objective value: 1.0990879063245127
Done! Time elapsed: 24.69414496421814 seconds.
g_0_1: 1.0000036695702859
g_1_1: 1.0000023087381482
g_1_2: 1.0000065086202161
g_2_1: 1.0000042363294361
g_2_2: 1.0000119427818854
g_2_3: 1.0000042363294364
g_2_4: 1.0000119427818537
Parameters from last iteration: [0.17400064 0.70700163 0.17400113 0.707003   0.17400208 0.707003
 0.17400208]

Parameters from current iteration:
                [0.17400064 0.70700163 0.17400113 0.707003   0.17400208 0.707003
 0.17400208]


                Percentage Error = 3.190284340800818e-16
                
year done: 60
Time 61: 2
Optimization Iteration[1/20000]

Solving the optimization problem...
Set parameter TokenServer to value "licenses.rcc.uchicago.edu"
Read LP format model from file /scratch/local/jobs/50183984/tmpptt09zzj.pyomo.lp
Reading time = 1.33 seconds
x1: 258121 rows, 502401 columns, 1259970 nonzeros
Set parameter Threads to value 8
Set parameter BarConvTol to value 1e-12
Gurobi Optimizer version 11.0.0 build v11.0.0rc2 (linux64 - "CentOS Linux 8")

CPU model: Intel(R) Xeon(R) Gold 6248R CPU @ 3.00GHz, instruction set [SSE2|AVX|AVX2|AVX512]
Thread count: 48 physical cores, 48 logical processors, using up to 8 threads

Optimize a model with 258121 rows, 502401 columns and 1259970 nonzeros
Model fingerprint: 0xe7447429
Model has 3166 quadratic objective terms
Coefficient statistics:
  Matrix range     [1e+00, 1e+03]
  Objective range  [5e-07, 7e+01]
  QObjective range [3e-01, 3e+03]
  Bounds range     [3e-04, 1e+00]
  RHS range        [1e-16, 6e+00]
Presolve removed 131482 rows and 128814 columns
Presolve time: 0.54s
Presolved: 126639 rows, 373587 columns, 743930 nonzeros
Presolved model has 3166 quadratic objective terms
Ordering time: 0.16s

Barrier statistics:
 AA' NZ     : 3.709e+05
 Factor NZ  : 4.212e+06 (roughly 240 MB of memory)
 Factor Ops : 3.974e+08 (less than 1 second per iteration)
 Threads    : 8

                  Objective                Residual
Iter       Primal          Dual         Primal    Dual     Compl     Time
   0  -1.08858984e+09  8.63519648e+08  7.80e+04 1.13e-13  1.00e+06     1s
   1  -6.35727304e+08  5.82241624e+08  1.87e+04 1.60e+02  2.62e+05     1s
   2  -3.24155004e+08  3.24098672e+08  2.36e+02 1.04e+00  4.64e+03     1s
   3  -7.58808407e+07  7.65393865e+07  1.95e+00 1.57e-12  3.30e+02     1s
   4  -1.46363881e+07  1.53249910e+07  1.70e-01 3.55e-12  6.19e+01     1s
   5  -2.69569097e+06  2.98245224e+06  1.33e-02 1.33e-12  1.15e+01     1s
   6  -3.92605851e+05  4.49318936e+05  1.33e-08 1.05e-12  1.69e+00     2s
   7  -5.87269578e+04  7.36730055e+04  1.47e-13 6.06e-13  2.66e-01     2s
   8  -8.85418126e+03  1.06084278e+04  5.76e-14 2.37e-13  3.92e-02     2s
   9  -1.41564607e+03  1.73906224e+03  2.21e-14 4.26e-14  6.35e-03     2s
  10  -2.30995332e+02  2.19983883e+02  7.29e-15 2.84e-14  9.07e-04     2s
  11  -5.08862008e+01  3.41271339e+01  4.08e-15 1.42e-14  1.71e-04     2s
  12  -8.10274616e+00  6.29553409e+00  1.10e-15 1.42e-14  2.90e-05     2s
  13  -6.18999668e-01  1.54727762e+00  3.41e-16 1.42e-14  4.36e-06     2s
  14   2.28735575e-01  1.46339272e+00  2.76e-16 2.84e-14  2.48e-06     2s
  15   8.69469115e-01  1.16409766e+00  7.53e-17 1.69e-14  5.93e-07     3s
  16   9.93104761e-01  1.10767997e+00  1.06e-16 2.84e-14  2.31e-07     3s
  17   1.02997632e+00  1.09347600e+00  5.75e-17 1.42e-14  1.28e-07     3s
  18   1.05741147e+00  1.08317806e+00  5.07e-17 1.42e-14  5.18e-08     3s
  19   1.06980731e+00  1.07857807e+00  4.71e-17 1.42e-14  1.76e-08     3s
  20   1.07429517e+00  1.07699186e+00  4.25e-17 1.42e-14  5.43e-09     3s
  21   1.07538339e+00  1.07660773e+00  6.92e-17 1.42e-14  2.46e-09     3s
  22   1.07619917e+00  1.07632073e+00  1.56e-16 1.42e-14  2.45e-10     3s
  23   1.07627952e+00  1.07629246e+00  8.74e-17 1.42e-14  2.60e-11     3s
  24   1.07628895e+00  1.07628915e+00  1.52e-16 1.42e-14  4.06e-13     3s
  25   1.07628908e+00  1.07628910e+00  2.44e-15 1.42e-14  5.62e-14     3s
  26   1.07628909e+00  1.07628910e+00  4.50e-15 1.42e-14  1.77e-14     3s
  27   1.07628910e+00  1.07628910e+00  3.55e-15 1.42e-14  4.17e-15     4s
  28   1.07628910e+00  1.07628910e+00  2.50e-15 1.42e-14  1.13e-15     4s
  29   1.07628910e+00  1.07628910e+00  1.32e-15 1.42e-14  3.48e-16     4s
  30   1.07628910e+00  1.07628910e+00  1.12e-15 1.42e-14  3.32e-16     4s
  31   1.07628910e+00  1.07628910e+00  9.05e-16 1.42e-14  2.04e-16     4s
  32   1.07628910e+00  1.07628910e+00  8.27e-16 1.42e-14  1.96e-16     4s
  33   1.07628910e+00  1.07628910e+00  6.65e-16 1.42e-14  9.56e-17     4s

Barrier solved model in 33 iterations and 4.07 seconds (3.83 work units)
Optimal objective 1.07628910e+00

objective value: 1.0762890965711318
Done! Time elapsed: 26.12933087348938 seconds.
g_0_1: 1.0000036695702859
g_1_1: 1.0000023087381482
g_1_2: 1.0000065086202161
g_2_1: 1.0000042363294361
g_2_2: 1.0000119427818854
g_2_3: 1.0000042363294364
g_2_4: 1.0000119427818535
Parameters from last iteration: [0.17400064 0.70700163 0.17400113 0.707003   0.17400208 0.707003
 0.17400208]

Parameters from current iteration:
                [0.17400064 0.70700163 0.17400113 0.707003   0.17400208 0.707003
 0.17400208]


                Percentage Error = 1.5951289736093585e-16
                
year done: 61
Time 62: 2
Optimization Iteration[1/20000]

Solving the optimization problem...
Set parameter TokenServer to value "licenses.rcc.uchicago.edu"
Read LP format model from file /scratch/local/jobs/50183984/tmpgtna61t1.pyomo.lp
Reading time = 1.34 seconds
x1: 258121 rows, 502401 columns, 1259970 nonzeros
Set parameter Threads to value 8
Set parameter BarConvTol to value 1e-12
Gurobi Optimizer version 11.0.0 build v11.0.0rc2 (linux64 - "CentOS Linux 8")

CPU model: Intel(R) Xeon(R) Gold 6248R CPU @ 3.00GHz, instruction set [SSE2|AVX|AVX2|AVX512]
Thread count: 48 physical cores, 48 logical processors, using up to 8 threads

Optimize a model with 258121 rows, 502401 columns and 1259970 nonzeros
Model fingerprint: 0x26052df9
Model has 3166 quadratic objective terms
Coefficient statistics:
  Matrix range     [1e+00, 1e+03]
  Objective range  [5e-07, 7e+01]
  QObjective range [3e-01, 3e+03]
  Bounds range     [3e-04, 1e+00]
  RHS range        [1e-16, 6e+00]
Presolve removed 131482 rows and 128814 columns
Presolve time: 0.55s
Presolved: 126639 rows, 373587 columns, 743930 nonzeros
Presolved model has 3166 quadratic objective terms
Ordering time: 0.16s

Barrier statistics:
 AA' NZ     : 3.709e+05
 Factor NZ  : 4.212e+06 (roughly 240 MB of memory)
 Factor Ops : 3.974e+08 (less than 1 second per iteration)
 Threads    : 8

                  Objective                Residual
Iter       Primal          Dual         Primal    Dual     Compl     Time
   0  -1.08858984e+09  8.63519648e+08  7.80e+04 1.13e-13  1.00e+06     1s
   1  -6.35727304e+08  5.82241624e+08  1.87e+04 1.60e+02  2.62e+05     1s
   2  -3.24155004e+08  3.24098672e+08  2.36e+02 1.04e+00  4.64e+03     1s
   3  -7.58808407e+07  7.65393865e+07  1.95e+00 1.61e-12  3.30e+02     1s
   4  -1.46363881e+07  1.53249910e+07  1.70e-01 6.39e-12  6.19e+01     1s
   5  -2.69569099e+06  2.98245222e+06  1.33e-02 1.25e-12  1.15e+01     1s
   6  -3.92605873e+05  4.49318914e+05  1.33e-08 1.69e-12  1.69e+00     2s
   7  -5.87269796e+04  7.36729837e+04  1.30e-13 6.41e-13  2.66e-01     2s
   8  -8.85420303e+03  1.06084060e+04  7.91e-14 2.63e-13  3.92e-02     2s
   9  -1.41566784e+03  1.73904047e+03  2.38e-14 4.97e-14  6.35e-03     2s
  10  -2.31017105e+02  2.19962110e+02  1.22e-14 2.84e-14  9.07e-04     2s
  11  -5.09079735e+01  3.41053612e+01  3.30e-15 4.26e-14  1.71e-04     2s
  12  -8.12451886e+00  6.27376139e+00  8.26e-16 2.84e-14  2.90e-05     2s
  13  -6.40772362e-01  1.52550493e+00  4.47e-16 1.42e-14  4.36e-06     2s
  14   2.06962881e-01  1.44162002e+00  3.16e-16 2.84e-14  2.48e-06     3s
  15   8.47696421e-01  1.14232496e+00  6.94e-17 2.84e-14  5.93e-07     3s
  16   9.71332067e-01  1.08590728e+00  1.03e-16 1.42e-14  2.31e-07     3s
  17   1.00820362e+00  1.07170330e+00  1.06e-16 1.42e-14  1.28e-07     3s
  18   1.03563877e+00  1.06140537e+00  1.07e-16 1.42e-14  5.18e-08     3s
  19   1.04803462e+00  1.05680538e+00  9.49e-17 1.42e-14  1.76e-08     3s
  20   1.05252248e+00  1.05521917e+00  8.41e-17 2.84e-14  5.43e-09     3s
  21   1.05361069e+00  1.05483504e+00  6.43e-17 1.42e-14  2.46e-09     3s
  22   1.05442647e+00  1.05454803e+00  7.77e-17 1.42e-14  2.45e-10     3s
  23   1.05450683e+00  1.05451976e+00  1.28e-16 2.84e-14  2.60e-11     3s
  24   1.05451625e+00  1.05451645e+00  1.79e-16 1.42e-14  4.06e-13     3s
  25   1.05451638e+00  1.05451641e+00  2.08e-15 1.42e-14  5.59e-14     3s
  26   1.05451640e+00  1.05451640e+00  4.25e-15 1.42e-14  1.76e-14     4s
  27   1.05451640e+00  1.05451640e+00  3.40e-15 1.42e-14  4.15e-15     4s
  28   1.05451640e+00  1.05451640e+00  2.99e-15 1.42e-14  1.12e-15     4s
  29   1.05451640e+00  1.05451640e+00  1.20e-15 1.42e-14  3.46e-16     4s
  30   1.05451640e+00  1.05451640e+00  1.15e-15 1.42e-14  3.30e-16     4s
  31   1.05451640e+00  1.05451640e+00  8.49e-16 1.42e-14  2.03e-16     4s
  32   1.05451640e+00  1.05451640e+00  7.81e-16 1.42e-14  1.94e-16     4s
  33   1.05451640e+00  1.05451640e+00  6.36e-16 1.42e-14  9.49e-17     4s

Barrier solved model in 33 iterations and 4.11 seconds (3.83 work units)
Optimal objective 1.05451640e+00

objective value: 1.0545164022872193
Done! Time elapsed: 24.461840629577637 seconds.
g_0_1: 1.0000036695702859
g_1_1: 1.0000023087381482
g_1_2: 1.0000065086202161
g_2_1: 1.0000042363294361
g_2_2: 1.000011942781885
g_2_3: 1.0000042363294364
g_2_4: 1.0000119427818535
Parameters from last iteration: [0.17400064 0.70700163 0.17400113 0.707003   0.17400208 0.707003
 0.17400208]

Parameters from current iteration:
                [0.17400064 0.70700163 0.17400113 0.707003   0.17400208 0.707003
 0.17400208]


                Percentage Error = 4.785386920827924e-16
                
year done: 62
Time 63: 2
Optimization Iteration[1/20000]

Solving the optimization problem...
Set parameter TokenServer to value "licenses.rcc.uchicago.edu"
Read LP format model from file /scratch/local/jobs/50183984/tmp48rdgpqi.pyomo.lp
Reading time = 1.33 seconds
x1: 258121 rows, 502401 columns, 1259970 nonzeros
Set parameter Threads to value 8
Set parameter BarConvTol to value 1e-12
Gurobi Optimizer version 11.0.0 build v11.0.0rc2 (linux64 - "CentOS Linux 8")

CPU model: Intel(R) Xeon(R) Gold 6248R CPU @ 3.00GHz, instruction set [SSE2|AVX|AVX2|AVX512]
Thread count: 48 physical cores, 48 logical processors, using up to 8 threads

Optimize a model with 258121 rows, 502401 columns and 1259970 nonzeros
Model fingerprint: 0x93de3416
Model has 3166 quadratic objective terms
Coefficient statistics:
  Matrix range     [1e+00, 1e+03]
  Objective range  [5e-07, 7e+01]
  QObjective range [3e-01, 3e+03]
  Bounds range     [3e-04, 1e+00]
  RHS range        [1e-16, 6e+00]
Presolve removed 131482 rows and 128814 columns
Presolve time: 0.55s
Presolved: 126639 rows, 373587 columns, 743930 nonzeros
Presolved model has 3166 quadratic objective terms
Ordering time: 0.16s

Barrier statistics:
 AA' NZ     : 3.709e+05
 Factor NZ  : 4.212e+06 (roughly 240 MB of memory)
 Factor Ops : 3.974e+08 (less than 1 second per iteration)
 Threads    : 8

                  Objective                Residual
Iter       Primal          Dual         Primal    Dual     Compl     Time
   0  -1.08858984e+09  8.63519648e+08  7.80e+04 1.13e-13  1.00e+06     1s
   1  -6.35727304e+08  5.82241624e+08  1.87e+04 1.60e+02  2.62e+05     1s
   2  -3.24155004e+08  3.24098672e+08  2.36e+02 1.04e+00  4.64e+03     1s
   3  -7.58808408e+07  7.65393865e+07  1.95e+00 1.43e-12  3.30e+02     1s
   4  -1.46363882e+07  1.53249910e+07  1.70e-01 3.40e-12  6.19e+01     1s
   5  -2.69569102e+06  2.98245220e+06  1.33e-02 1.33e-12  1.15e+01     1s
   6  -3.92605894e+05  4.49318893e+05  1.33e-08 1.61e-12  1.69e+00     2s
   7  -5.87270004e+04  7.36729629e+04  1.26e-13 8.53e-13  2.66e-01     2s
   8  -8.85422383e+03  1.06083852e+04  6.44e-14 2.46e-13  3.92e-02     2s
   9  -1.41568863e+03  1.73901968e+03  2.26e-14 4.26e-14  6.35e-03     2s
  10  -2.31037897e+02  2.19941318e+02  1.17e-14 2.84e-14  9.07e-04     2s
  11  -5.09287663e+01  3.40845685e+01  4.89e-15 2.84e-14  1.71e-04     2s
  12  -8.14531162e+00  6.25296863e+00  1.26e-15 1.42e-14  2.90e-05     2s
  13  -6.61565124e-01  1.50471216e+00  3.74e-16 2.84e-14  4.36e-06     2s
  14   1.86170119e-01  1.42082726e+00  2.99e-16 4.26e-14  2.48e-06     3s
  15   8.26903659e-01  1.12153220e+00  4.51e-17 1.78e-14  5.93e-07     3s
  16   9.50539305e-01  1.06511452e+00  1.20e-16 1.42e-14  2.31e-07     3s
  17   9.87410863e-01  1.05091054e+00  1.01e-16 2.84e-14  1.28e-07     3s
  18   1.01484601e+00  1.04061261e+00  4.07e-17 1.42e-14  5.18e-08     3s
  19   1.02724185e+00  1.03601261e+00  3.66e-17 2.84e-14  1.76e-08     3s
  20   1.03172972e+00  1.03442641e+00  7.63e-17 1.42e-14  5.43e-09     3s
  21   1.03281793e+00  1.03404228e+00  1.03e-16 1.42e-14  2.46e-09     3s
  22   1.03363371e+00  1.03375527e+00  9.98e-17 1.42e-14  2.45e-10     3s
  23   1.03371407e+00  1.03372700e+00  8.47e-17 2.84e-14  2.60e-11     3s
  24   1.03372349e+00  1.03372369e+00  2.92e-16 1.42e-14  4.06e-13     3s
  25   1.03372362e+00  1.03372365e+00  2.11e-15 1.42e-14  5.57e-14     3s
  26   1.03372363e+00  1.03372364e+00  3.97e-15 1.42e-14  1.76e-14     4s
  27   1.03372364e+00  1.03372364e+00  2.50e-15 1.42e-14  4.14e-15     4s
  28   1.03372364e+00  1.03372364e+00  2.49e-15 1.42e-14  1.12e-15     4s
  29   1.03372364e+00  1.03372364e+00  1.29e-15 1.42e-14  3.44e-16     4s
  30   1.03372364e+00  1.03372364e+00  1.18e-15 1.07e-14  3.28e-16     4s
  31   1.03372364e+00  1.03372364e+00  1.15e-15 1.42e-14  2.02e-16     4s
  32   1.03372364e+00  1.03372364e+00  1.04e-15 1.42e-14  1.92e-16     4s
  33   1.03372364e+00  1.03372364e+00  5.29e-16 1.42e-14  9.40e-17     4s

Barrier solved model in 33 iterations and 4.11 seconds (3.83 work units)
Optimal objective 1.03372364e+00

objective value: 1.0337236406689296
Done! Time elapsed: 24.48722743988037 seconds.
g_0_1: 1.0000036695702856
g_1_1: 1.0000023087381482
g_1_2: 1.0000065086202161
g_2_1: 1.0000042363294361
g_2_2: 1.0000119427818848
g_2_3: 1.0000042363294364
g_2_4: 1.0000119427818535
Parameters from last iteration: [0.17400064 0.70700163 0.17400113 0.707003   0.17400208 0.707003
 0.17400208]

Parameters from current iteration:
                [0.17400064 0.70700163 0.17400113 0.707003   0.17400208 0.707003
 0.17400208]


                Percentage Error = 3.190284340800817e-16
                
year done: 63
Time 64: 2
Optimization Iteration[1/20000]

Solving the optimization problem...
Set parameter TokenServer to value "licenses.rcc.uchicago.edu"
Read LP format model from file /scratch/local/jobs/50183984/tmptzjjzsei.pyomo.lp
Reading time = 1.34 seconds
x1: 258121 rows, 502401 columns, 1259970 nonzeros
Set parameter Threads to value 8
Set parameter BarConvTol to value 1e-12
Gurobi Optimizer version 11.0.0 build v11.0.0rc2 (linux64 - "CentOS Linux 8")

CPU model: Intel(R) Xeon(R) Gold 6248R CPU @ 3.00GHz, instruction set [SSE2|AVX|AVX2|AVX512]
Thread count: 48 physical cores, 48 logical processors, using up to 8 threads

Optimize a model with 258121 rows, 502401 columns and 1259970 nonzeros
Model fingerprint: 0xd628bf27
Model has 3166 quadratic objective terms
Coefficient statistics:
  Matrix range     [1e+00, 1e+03]
  Objective range  [5e-07, 7e+01]
  QObjective range [3e-01, 3e+03]
  Bounds range     [3e-04, 1e+00]
  RHS range        [1e-16, 6e+00]
Presolve removed 131482 rows and 128814 columns
Presolve time: 0.55s
Presolved: 126639 rows, 373587 columns, 743930 nonzeros
Presolved model has 3166 quadratic objective terms
Ordering time: 0.16s

Barrier statistics:
 AA' NZ     : 3.709e+05
 Factor NZ  : 4.212e+06 (roughly 240 MB of memory)
 Factor Ops : 3.974e+08 (less than 1 second per iteration)
 Threads    : 8

                  Objective                Residual
Iter       Primal          Dual         Primal    Dual     Compl     Time
   0  -1.08858984e+09  8.63519648e+08  7.80e+04 1.13e-13  1.00e+06     1s
   1  -6.35727304e+08  5.82241624e+08  1.87e+04 1.60e+02  2.62e+05     1s
   2  -3.24155004e+08  3.24098672e+08  2.36e+02 1.04e+00  4.64e+03     1s
   3  -7.58808408e+07  7.65393864e+07  1.95e+00 1.47e-12  3.30e+02     1s
   4  -1.46363882e+07  1.53249910e+07  1.70e-01 3.98e-12  6.19e+01     1s
   5  -2.69569104e+06  2.98245218e+06  1.33e-02 1.42e-12  1.15e+01     1s
   6  -3.92605914e+05  4.49318874e+05  1.33e-08 1.16e-12  1.69e+00     2s
   7  -5.87270202e+04  7.36729431e+04  1.61e-13 7.36e-13  2.66e-01     2s
   8  -8.85424368e+03  1.06083653e+04  5.85e-14 2.69e-13  3.92e-02     2s
   9  -1.41570849e+03  1.73899982e+03  2.08e-14 4.14e-14  6.35e-03     2s
  10  -2.31057754e+02  2.19921461e+02  7.23e-15 2.84e-14  9.07e-04     2s
  11  -5.09486232e+01  3.40647115e+01  4.22e-15 1.42e-14  1.71e-04     2s
  12  -8.16516855e+00  6.23311170e+00  1.17e-15 2.84e-14  2.90e-05     2s
  13  -6.81422057e-01  1.48485523e+00  3.39e-16 2.13e-14  4.36e-06     2s
  14   1.66313186e-01  1.40097033e+00  2.74e-16 2.84e-14  2.48e-06     3s
  15   8.07046726e-01  1.10167527e+00  5.84e-17 1.42e-14  5.93e-07     3s
  16   9.30682372e-01  1.04525758e+00  8.59e-17 2.84e-14  2.31e-07     3s
  17   9.67553930e-01  1.03105361e+00  4.37e-17 1.42e-14  1.28e-07     3s
  18   9.94989076e-01  1.02075567e+00  1.15e-16 1.78e-14  5.18e-08     3s
  19   1.00738492e+00  1.01615568e+00  3.46e-17 1.42e-14  1.76e-08     3s
  20   1.01187279e+00  1.01456948e+00  9.19e-17 1.42e-14  5.43e-09     3s
  21   1.01296100e+00  1.01418535e+00  3.00e-17 1.42e-14  2.46e-09     3s
  22   1.01377678e+00  1.01389834e+00  8.99e-17 2.13e-14  2.45e-10     3s
  23   1.01385713e+00  1.01387007e+00  6.70e-17 1.60e-14  2.60e-11     3s
  24   1.01386656e+00  1.01386676e+00  1.68e-16 1.42e-14  4.06e-13     3s
  25   1.01386669e+00  1.01386671e+00  2.57e-15 1.42e-14  5.54e-14     3s
  26   1.01386670e+00  1.01386671e+00  4.06e-15 1.42e-14  1.75e-14     4s
  27   1.01386671e+00  1.01386671e+00  2.24e-15 1.42e-14  4.12e-15     4s
  28   1.01386671e+00  1.01386671e+00  2.18e-15 1.42e-14  1.12e-15     4s
  29   1.01386671e+00  1.01386671e+00  1.26e-15 1.42e-14  3.41e-16     4s
  30   1.01386671e+00  1.01386671e+00  1.21e-15 1.42e-14  3.26e-16     4s
  31   1.01386671e+00  1.01386671e+00  1.14e-15 1.42e-14  2.01e-16     4s
  32   1.01386671e+00  1.01386671e+00  1.03e-15 1.42e-14  1.90e-16     4s
  33   1.01386671e+00  1.01386671e+00  4.94e-16 1.42e-14  9.29e-17     4s

Barrier solved model in 33 iterations and 4.15 seconds (3.83 work units)
Optimal objective 1.01386671e+00

objective value: 1.0138667074810441
Done! Time elapsed: 24.55179762840271 seconds.
g_0_1: 1.0000036695702854
g_1_1: 1.0000023087381484
g_1_2: 1.000006508620216
g_2_1: 1.0000042363294361
g_2_2: 1.0000119427818845
g_2_3: 1.0000042363294364
g_2_4: 1.0000119427818535
Parameters from last iteration: [0.17400064 0.70700163 0.17400113 0.707003   0.17400208 0.707003
 0.17400208]

Parameters from current iteration:
                [0.17400064 0.70700163 0.17400113 0.707003   0.17400208 0.707003
 0.17400208]


                Percentage Error = 3.140651941773195e-16
                
year done: 64
Time 65: 2
Optimization Iteration[1/20000]

Solving the optimization problem...
Set parameter TokenServer to value "licenses.rcc.uchicago.edu"
Read LP format model from file /scratch/local/jobs/50183984/tmpp9t2zn4r.pyomo.lp
Reading time = 1.34 seconds
x1: 258121 rows, 502401 columns, 1259970 nonzeros
Set parameter Threads to value 8
Set parameter BarConvTol to value 1e-12
Gurobi Optimizer version 11.0.0 build v11.0.0rc2 (linux64 - "CentOS Linux 8")

CPU model: Intel(R) Xeon(R) Gold 6248R CPU @ 3.00GHz, instruction set [SSE2|AVX|AVX2|AVX512]
Thread count: 48 physical cores, 48 logical processors, using up to 8 threads

Optimize a model with 258121 rows, 502401 columns and 1259970 nonzeros
Model fingerprint: 0xbafc1c3a
Model has 3166 quadratic objective terms
Coefficient statistics:
  Matrix range     [1e+00, 1e+03]
  Objective range  [5e-07, 7e+01]
  QObjective range [3e-01, 3e+03]
  Bounds range     [3e-04, 1e+00]
  RHS range        [1e-16, 6e+00]
Presolve removed 131482 rows and 128814 columns
Presolve time: 0.55s
Presolved: 126639 rows, 373587 columns, 743930 nonzeros
Presolved model has 3166 quadratic objective terms
Ordering time: 0.16s

Barrier statistics:
 AA' NZ     : 3.709e+05
 Factor NZ  : 4.212e+06 (roughly 240 MB of memory)
 Factor Ops : 3.974e+08 (less than 1 second per iteration)
 Threads    : 8

                  Objective                Residual
Iter       Primal          Dual         Primal    Dual     Compl     Time
   0  -1.08858984e+09  8.63519648e+08  7.80e+04 1.13e-13  1.00e+06     1s
   1  -6.35727304e+08  5.82241624e+08  1.87e+04 1.60e+02  2.62e+05     1s
   2  -3.24155004e+08  3.24098672e+08  2.36e+02 1.04e+00  4.64e+03     1s
   3  -7.58808408e+07  7.65393864e+07  1.95e+00 2.58e-12  3.30e+02     1s
   4  -1.46363882e+07  1.53249909e+07  1.70e-01 6.01e-12  6.19e+01     1s
   5  -2.69569105e+06  2.98245216e+06  1.33e-02 1.23e-12  1.15e+01     1s
   6  -3.92605933e+05  4.49318855e+05  1.33e-08 8.20e-13  1.69e+00     2s
   7  -5.87270392e+04  7.36729241e+04  1.25e-13 7.72e-13  2.66e-01     2s
   8  -8.85426265e+03  1.06083464e+04  6.14e-14 2.23e-13  3.92e-02     2s
   9  -1.41572745e+03  1.73898086e+03  2.36e-14 4.37e-14  6.35e-03     2s
  10  -2.31076717e+02  2.19902497e+02  6.38e-15 2.84e-14  9.07e-04     2s
  11  -5.09675865e+01  3.40457483e+01  3.53e-15 2.84e-14  1.71e-04     2s
  12  -8.18413177e+00  6.21414847e+00  1.06e-15 1.42e-14  2.90e-05     2s
  13  -7.00385281e-01  1.46589201e+00  4.28e-16 1.42e-14  4.36e-06     2s
  14   1.47349962e-01  1.38200710e+00  2.91e-16 2.13e-14  2.48e-06     3s
  15   7.88083502e-01  1.08271204e+00  6.52e-17 1.42e-14  5.93e-07     3s
  16   9.11719148e-01  1.02629436e+00  1.23e-16 1.42e-14  2.31e-07     3s
  17   9.48590706e-01  1.01209038e+00  7.81e-17 2.13e-14  1.28e-07     3s
  18   9.76025852e-01  1.00179245e+00  8.23e-17 1.42e-14  5.18e-08     3s
  19   9.88421697e-01  9.97192458e-01  3.72e-17 1.42e-14  1.76e-08     3s
  20   9.92909562e-01  9.95606251e-01  9.04e-17 2.13e-14  5.43e-09     3s
  21   9.93997774e-01  9.95222122e-01  4.31e-17 1.42e-14  2.46e-09     3s
  22   9.94813554e-01  9.94935115e-01  1.47e-16 1.42e-14  2.45e-10     3s
  23   9.94893910e-01  9.94906844e-01  1.69e-16 1.42e-14  2.60e-11     3s
  24   9.94903334e-01  9.94903536e-01  1.31e-16 1.42e-14  4.06e-13     3s
  25   9.94903463e-01  9.94903491e-01  2.84e-15 2.13e-14  5.51e-14     3s
  26   9.94903477e-01  9.94903486e-01  3.12e-15 1.42e-14  1.75e-14     4s
  27   9.94903482e-01  9.94903484e-01  3.19e-15 1.42e-14  4.11e-15     4s
  28   9.94903483e-01  9.94903484e-01  2.57e-15 1.42e-14  1.11e-15     4s
  29   9.94903483e-01  9.94903484e-01  1.49e-15 1.42e-14  3.39e-16     4s
  30   9.94903483e-01  9.94903484e-01  1.32e-15 1.42e-14  3.24e-16     4s
  31   9.94903483e-01  9.94903484e-01  8.64e-16 1.42e-14  2.00e-16     4s
  32   9.94903483e-01  9.94903484e-01  7.90e-16 1.42e-14  1.86e-16     4s
  33   9.94903484e-01  9.94903484e-01  5.18e-16 1.42e-14  9.14e-17     4s

Barrier solved model in 33 iterations and 4.12 seconds (3.83 work units)
Optimal objective 9.94903484e-01

objective value: 0.9949034835060884
Done! Time elapsed: 26.27984380722046 seconds.
g_0_1: 1.0000036695702854
g_1_1: 1.0000023087381484
g_1_2: 1.000006508620216
g_2_1: 1.0000042363294361
g_2_2: 1.0000119427818839
g_2_3: 1.0000042363294366
g_2_4: 1.0000119427818535
Parameters from last iteration: [0.17400064 0.70700163 0.17400113 0.707003   0.17400208 0.707003
 0.17400208]

Parameters from current iteration:
                [0.17400064 0.70700163 0.17400113 0.707003   0.17400208 0.707003
 0.17400208]


                Percentage Error = 7.975644868046546e-16
                
year done: 65
Time 66: 2
Optimization Iteration[1/20000]

Solving the optimization problem...
Set parameter TokenServer to value "licenses.rcc.uchicago.edu"
Read LP format model from file /scratch/local/jobs/50183984/tmp8bxn6xui.pyomo.lp
Reading time = 1.33 seconds
x1: 258121 rows, 502401 columns, 1259970 nonzeros
Set parameter Threads to value 8
Set parameter BarConvTol to value 1e-12
Gurobi Optimizer version 11.0.0 build v11.0.0rc2 (linux64 - "CentOS Linux 8")

CPU model: Intel(R) Xeon(R) Gold 6248R CPU @ 3.00GHz, instruction set [SSE2|AVX|AVX2|AVX512]
Thread count: 48 physical cores, 48 logical processors, using up to 8 threads

Optimize a model with 258121 rows, 502401 columns and 1259970 nonzeros
Model fingerprint: 0x6631643a
Model has 3166 quadratic objective terms
Coefficient statistics:
  Matrix range     [1e+00, 1e+03]
  Objective range  [5e-07, 7e+01]
  QObjective range [3e-01, 3e+03]
  Bounds range     [3e-04, 1e+00]
  RHS range        [1e-16, 6e+00]
Presolve removed 131482 rows and 128814 columns
Presolve time: 0.55s
Presolved: 126639 rows, 373587 columns, 743930 nonzeros
Presolved model has 3166 quadratic objective terms
Ordering time: 0.16s

Barrier statistics:
 AA' NZ     : 3.709e+05
 Factor NZ  : 4.212e+06 (roughly 240 MB of memory)
 Factor Ops : 3.974e+08 (less than 1 second per iteration)
 Threads    : 8

                  Objective                Residual
Iter       Primal          Dual         Primal    Dual     Compl     Time
   0  -1.08858984e+09  8.63519648e+08  7.80e+04 1.13e-13  1.00e+06     1s
   1  -6.35727304e+08  5.82241624e+08  1.87e+04 1.60e+02  2.62e+05     1s
   2  -3.24155004e+08  3.24098672e+08  2.36e+02 1.04e+00  4.64e+03     1s
   3  -7.58808408e+07  7.65393864e+07  1.95e+00 1.61e-12  3.30e+02     1s
   4  -1.46363882e+07  1.53249909e+07  1.70e-01 3.67e-12  6.19e+01     1s
   5  -2.69569107e+06  2.98245214e+06  1.33e-02 1.21e-12  1.15e+01     1s
   6  -3.92605951e+05  4.49318836e+05  1.33e-08 9.90e-13  1.69e+00     2s
   7  -5.87270573e+04  7.36729060e+04  1.51e-13 8.65e-13  2.66e-01     2s
   8  -8.85428076e+03  1.06083283e+04  5.81e-14 2.55e-13  3.92e-02     2s
   9  -1.41574556e+03  1.73896275e+03  2.29e-14 4.26e-14  6.35e-03     2s
  10  -2.31094827e+02  2.19884388e+02  7.04e-15 4.26e-14  9.07e-04     2s
  11  -5.09856962e+01  3.40276386e+01  3.58e-15 1.42e-14  1.71e-04     2s
  12  -8.20224151e+00  6.19603873e+00  1.11e-15 1.42e-14  2.90e-05     2s
  13  -7.18495019e-01  1.44778227e+00  2.98e-16 1.42e-14  4.36e-06     2s
  14   1.29240224e-01  1.36389737e+00  3.36e-16 2.84e-14  2.48e-06     3s
  15   7.69973764e-01  1.06460231e+00  4.61e-17 1.42e-14  5.93e-07     3s
  16   8.93609410e-01  1.00818462e+00  8.16e-17 1.42e-14  2.31e-07     3s
  17   9.30480968e-01  9.93980646e-01  9.15e-17 1.42e-14  1.28e-07     3s
  18   9.57916114e-01  9.83682710e-01  5.98e-17 1.42e-14  5.18e-08     3s
  19   9.70311959e-01  9.79082719e-01  6.37e-17 1.95e-14  1.76e-08     3s
  20   9.74799823e-01  9.77496513e-01  5.56e-17 1.42e-14  5.43e-09     3s
  21   9.75888036e-01  9.77112383e-01  9.28e-17 1.42e-14  2.46e-09     3s
  22   9.76703816e-01  9.76825376e-01  7.94e-17 1.42e-14  2.45e-10     3s
  23   9.76784171e-01  9.76797105e-01  1.26e-16 1.42e-14  2.60e-11     3s
  24   9.76793596e-01  9.76793798e-01  1.52e-16 2.84e-14  4.06e-13     3s
  25   9.76793725e-01  9.76793752e-01  2.03e-15 1.42e-14  5.49e-14     3s
  26   9.76793739e-01  9.76793747e-01  4.30e-15 1.42e-14  1.74e-14     4s
  27   9.76793744e-01  9.76793746e-01  2.37e-15 2.84e-14  4.10e-15     4s
  28   9.76793745e-01  9.76793745e-01  2.95e-15 1.42e-14  1.11e-15     4s
  29   9.76793745e-01  9.76793745e-01  1.50e-15 1.42e-14  3.37e-16     4s
  30   9.76793745e-01  9.76793745e-01  1.38e-15 1.42e-14  3.21e-16     4s
  31   9.76793745e-01  9.76793745e-01  8.34e-16 1.42e-14  1.99e-16     4s
  32   9.76793745e-01  9.76793745e-01  7.34e-16 1.42e-14  1.82e-16     4s
  33   9.76793745e-01  9.76793745e-01  5.02e-16 1.42e-14  8.96e-17     4s

Barrier solved model in 33 iterations and 4.11 seconds (3.83 work units)
Optimal objective 9.76793745e-01

objective value: 0.9767937452034844
Done! Time elapsed: 24.490673780441284 seconds.
g_0_1: 1.0000036695702852
g_1_1: 1.0000023087381484
g_1_2: 1.000006508620216
g_2_1: 1.0000042363294364
g_2_2: 1.0000119427818832
g_2_3: 1.0000042363294366
g_2_4: 1.0000119427818535
Parameters from last iteration: [0.17400064 0.70700163 0.17400113 0.707003   0.17400208 0.707003
 0.17400208]

Parameters from current iteration:
                [0.17400064 0.70700163 0.17400113 0.707003   0.17400208 0.707003
 0.17400208]


                Percentage Error = 6.380515894437242e-16
                
year done: 66
Time 67: 2
Optimization Iteration[1/20000]

Solving the optimization problem...
Set parameter TokenServer to value "licenses.rcc.uchicago.edu"
Read LP format model from file /scratch/local/jobs/50183984/tmpamxizx0n.pyomo.lp
Reading time = 1.35 seconds
x1: 258121 rows, 502401 columns, 1259970 nonzeros
Set parameter Threads to value 8
Set parameter BarConvTol to value 1e-12
Gurobi Optimizer version 11.0.0 build v11.0.0rc2 (linux64 - "CentOS Linux 8")

CPU model: Intel(R) Xeon(R) Gold 6248R CPU @ 3.00GHz, instruction set [SSE2|AVX|AVX2|AVX512]
Thread count: 48 physical cores, 48 logical processors, using up to 8 threads

Optimize a model with 258121 rows, 502401 columns and 1259970 nonzeros
Model fingerprint: 0x5b7d3a4f
Model has 3166 quadratic objective terms
Coefficient statistics:
  Matrix range     [1e+00, 1e+03]
  Objective range  [5e-07, 7e+01]
  QObjective range [3e-01, 3e+03]
  Bounds range     [3e-04, 1e+00]
  RHS range        [1e-16, 6e+00]
Presolve removed 131482 rows and 128814 columns
Presolve time: 0.55s
Presolved: 126639 rows, 373587 columns, 743930 nonzeros
Presolved model has 3166 quadratic objective terms
Ordering time: 0.16s

Barrier statistics:
 AA' NZ     : 3.709e+05
 Factor NZ  : 4.212e+06 (roughly 240 MB of memory)
 Factor Ops : 3.974e+08 (less than 1 second per iteration)
 Threads    : 8

                  Objective                Residual
Iter       Primal          Dual         Primal    Dual     Compl     Time
   0  -1.08858984e+09  8.63519648e+08  7.80e+04 1.13e-13  1.00e+06     1s
   1  -6.35727304e+08  5.82241624e+08  1.87e+04 1.60e+02  2.62e+05     1s
   2  -3.24155004e+08  3.24098672e+08  2.36e+02 1.04e+00  4.64e+03     1s
   3  -7.58808408e+07  7.65393864e+07  1.95e+00 1.62e-12  3.30e+02     1s
   4  -1.46363882e+07  1.53249909e+07  1.70e-01 4.53e-12  6.19e+01     1s
   5  -2.69569109e+06  2.98245212e+06  1.33e-02 1.35e-12  1.15e+01     1s
   6  -3.92605968e+05  4.49318819e+05  1.33e-08 9.62e-13  1.69e+00     2s
   7  -5.87270746e+04  7.36728887e+04  1.38e-13 6.79e-13  2.66e-01     2s
   8  -8.85429805e+03  1.06083110e+04  6.18e-14 2.36e-13  3.92e-02     2s
   9  -1.41576286e+03  1.73894545e+03  2.62e-14 4.29e-14  6.35e-03     2s
  10  -2.31112122e+02  2.19867093e+02  5.90e-15 4.26e-14  9.07e-04     2s
  11  -5.10029909e+01  3.40103439e+01  3.51e-15 2.84e-14  1.71e-04     2s
  12  -8.21953618e+00  6.17874407e+00  1.18e-15 1.42e-14  2.90e-05     2s
  13  -7.35789685e-01  1.43048760e+00  3.63e-16 1.42e-14  4.36e-06     2s
  14   1.11945558e-01  1.34660270e+00  3.85e-16 2.13e-14  2.48e-06     3s
  15   7.52679098e-01  1.04730764e+00  7.00e-17 1.42e-14  5.93e-07     3s
  16   8.76314744e-01  9.90889954e-01  1.50e-16 1.42e-14  2.31e-07     3s
  17   9.13186302e-01  9.76685980e-01  6.70e-17 1.42e-14  1.28e-07     3s
  18   9.40621448e-01  9.66388044e-01  2.05e-16 1.42e-14  5.18e-08     3s
  19   9.53017293e-01  9.61788054e-01  4.14e-17 1.42e-14  1.76e-08     3s
  20   9.57505157e-01  9.60201847e-01  5.38e-17 1.42e-14  5.43e-09     3s
  21   9.58593370e-01  9.59817718e-01  6.42e-17 2.13e-14  2.46e-09     3s
  22   9.59409150e-01  9.59530711e-01  5.95e-17 1.42e-14  2.45e-10     3s
  23   9.59489505e-01  9.59502440e-01  1.30e-16 1.42e-14  2.60e-11     3s
  24   9.59498930e-01  9.59499132e-01  1.43e-16 1.42e-14  4.06e-13     3s
  25   9.59499059e-01  9.59499086e-01  2.07e-15 1.42e-14  5.46e-14     3s
  26   9.59499073e-01  9.59499082e-01  4.48e-15 2.84e-14  1.74e-14     4s
  27   9.59499078e-01  9.59499080e-01  2.39e-15 1.42e-14  4.08e-15     4s
  28   9.59499079e-01  9.59499080e-01  2.95e-15 2.13e-14  1.11e-15     4s
  29   9.59499079e-01  9.59499079e-01  1.40e-15 1.42e-14  3.34e-16     4s
  30   9.59499079e-01  9.59499079e-01  1.26e-15 1.42e-14  3.19e-16     4s
  31   9.59499079e-01  9.59499079e-01  9.37e-16 1.42e-14  1.98e-16     4s
  32   9.59499079e-01  9.59499079e-01  7.65e-16 1.42e-14  1.76e-16     4s
  33   9.59499079e-01  9.59499079e-01  5.42e-16 1.42e-14  9.76e-17     4s

Barrier solved model in 33 iterations and 4.13 seconds (3.83 work units)
Optimal objective 9.59499079e-01

objective value: 0.9594990793865044
Done! Time elapsed: 24.66647505760193 seconds.
g_0_1: 1.0000036695702863
g_1_1: 1.0000023087381482
g_1_2: 1.0000065086202163
g_2_1: 1.000004236329436
g_2_2: 1.000011942781886
g_2_3: 1.0000042363294364
g_2_4: 1.0000119427818537
Parameters from last iteration: [0.17400064 0.70700163 0.17400113 0.707003   0.17400208 0.707003
 0.17400208]

Parameters from current iteration:
                [0.17400064 0.70700163 0.17400113 0.707003   0.17400208 0.707003
 0.17400208]


                Percentage Error = 2.8712321524967605e-15
                
year done: 67
Time 68: 2
Optimization Iteration[1/20000]

Solving the optimization problem...
Set parameter TokenServer to value "licenses.rcc.uchicago.edu"
Read LP format model from file /scratch/local/jobs/50183984/tmp32996k9k.pyomo.lp
Reading time = 1.33 seconds
x1: 258121 rows, 502401 columns, 1259970 nonzeros
Set parameter Threads to value 8
Set parameter BarConvTol to value 1e-12
Gurobi Optimizer version 11.0.0 build v11.0.0rc2 (linux64 - "CentOS Linux 8")

CPU model: Intel(R) Xeon(R) Gold 6248R CPU @ 3.00GHz, instruction set [SSE2|AVX|AVX2|AVX512]
Thread count: 48 physical cores, 48 logical processors, using up to 8 threads

Optimize a model with 258121 rows, 502401 columns and 1259970 nonzeros
Model fingerprint: 0x0ef73a9f
Model has 3166 quadratic objective terms
Coefficient statistics:
  Matrix range     [1e+00, 1e+03]
  Objective range  [5e-07, 7e+01]
  QObjective range [3e-01, 3e+03]
  Bounds range     [3e-04, 1e+00]
  RHS range        [1e-16, 6e+00]
Presolve removed 131482 rows and 128814 columns
Presolve time: 0.54s
Presolved: 126639 rows, 373587 columns, 743930 nonzeros
Presolved model has 3166 quadratic objective terms
Ordering time: 0.16s

Barrier statistics:
 AA' NZ     : 3.709e+05
 Factor NZ  : 4.212e+06 (roughly 240 MB of memory)
 Factor Ops : 3.974e+08 (less than 1 second per iteration)
 Threads    : 8

                  Objective                Residual
Iter       Primal          Dual         Primal    Dual     Compl     Time
   0  -1.08858984e+09  8.63519648e+08  7.80e+04 1.14e-13  1.00e+06     1s
   1  -6.35727304e+08  5.82241624e+08  1.87e+04 1.60e+02  2.62e+05     1s
   2  -3.24155004e+08  3.24098672e+08  2.36e+02 1.04e+00  4.64e+03     1s
   3  -7.58808408e+07  7.65393864e+07  1.95e+00 1.62e-12  3.30e+02     1s
   4  -1.46363883e+07  1.53249909e+07  1.70e-01 3.61e-12  6.19e+01     1s
   5  -2.69569111e+06  2.98245211e+06  1.33e-02 1.23e-12  1.15e+01     1s
   6  -3.92605985e+05  4.49318803e+05  1.33e-08 9.01e-13  1.69e+00     2s
   7  -5.87270911e+04  7.36728722e+04  1.44e-13 6.09e-13  2.66e-01     2s
   8  -8.85431457e+03  1.06082944e+04  6.05e-14 2.30e-13  3.92e-02     2s
   9  -1.41577937e+03  1.73892894e+03  2.17e-14 4.40e-14  6.35e-03     2s
  10  -2.31128638e+02  2.19850577e+02  7.29e-15 2.84e-14  9.07e-04     2s
  11  -5.10195071e+01  3.39938276e+01  3.44e-15 1.42e-14  1.71e-04     2s
  12  -8.23605246e+00  6.16222779e+00  9.87e-16 2.13e-14  2.90e-05     2s
  13  -7.52305963e-01  1.41397133e+00  3.89e-16 1.42e-14  4.36e-06     2s
  14   9.54292802e-02  1.33008642e+00  2.70e-16 2.13e-14  2.48e-06     3s
  15   7.36162820e-01  1.03079136e+00  4.60e-17 1.42e-14  5.93e-07     3s
  16   8.59798466e-01  9.74373677e-01  9.03e-17 1.42e-14  2.31e-07     3s
  17   8.96670024e-01  9.60169703e-01  9.89e-17 1.42e-14  1.28e-07     3s
  18   9.24105170e-01  9.49871767e-01  1.54e-16 1.42e-14  5.18e-08     3s
  19   9.36501015e-01  9.45271776e-01  5.96e-17 1.42e-14  1.76e-08     3s
  20   9.40988880e-01  9.43685569e-01  6.05e-17 1.42e-14  5.43e-09     3s
  21   9.42077092e-01  9.43301440e-01  7.67e-17 1.42e-14  2.46e-09     3s
  22   9.42892873e-01  9.43014433e-01  6.82e-17 2.84e-14  2.45e-10     3s
  23   9.42973228e-01  9.42986162e-01  1.63e-16 2.13e-14  2.60e-11     3s
  24   9.42982652e-01  9.42982854e-01  1.48e-16 1.42e-14  4.06e-13     3s
  25   9.42982782e-01  9.42982809e-01  2.57e-15 1.42e-14  5.43e-14     3s
  26   9.42982795e-01  9.42982804e-01  4.38e-15 1.42e-14  1.73e-14     3s
  27   9.42982800e-01  9.42982802e-01  2.25e-15 1.42e-14  4.07e-15     4s
  28   9.42982801e-01  9.42982802e-01  2.49e-15 1.42e-14  1.10e-15     4s
  29   9.42982802e-01  9.42982802e-01  1.46e-15 1.42e-14  3.32e-16     4s
  30   9.42982802e-01  9.42982802e-01  1.32e-15 1.42e-14  3.17e-16     4s
  31   9.42982802e-01  9.42982802e-01  9.33e-16 1.42e-14  1.96e-16     4s
  32   9.42982802e-01  9.42982802e-01  7.74e-16 1.42e-14  1.69e-16     4s
  33   9.42982802e-01  9.42982802e-01  5.87e-16 1.42e-14  8.60e-17     4s

Barrier solved model in 33 iterations and 4.09 seconds (3.83 work units)
Optimal objective 9.42982802e-01

objective value: 0.9429828017609754
Done! Time elapsed: 24.6224844455719 seconds.
g_0_1: 1.0000036695702852
g_1_1: 1.0000023087381487
g_1_2: 1.0000065086202157
g_2_1: 1.0000042363294364
g_2_2: 1.0000119427818819
g_2_3: 1.0000042363294366
g_2_4: 1.0000119427818535
Parameters from last iteration: [0.17400064 0.70700163 0.17400113 0.707003   0.17400208 0.707003
 0.17400208]

Parameters from current iteration:
                [0.17400064 0.70700163 0.17400113 0.707003   0.17400208 0.707003
 0.17400208]


                Percentage Error = 4.147335331384198e-15
                
year done: 68
Time 69: 2
Optimization Iteration[1/20000]

Solving the optimization problem...
Set parameter TokenServer to value "licenses.rcc.uchicago.edu"
Read LP format model from file /scratch/local/jobs/50183984/tmpm8hyeh1h.pyomo.lp
Reading time = 1.35 seconds
x1: 258121 rows, 502401 columns, 1259970 nonzeros
Set parameter Threads to value 8
Set parameter BarConvTol to value 1e-12
Gurobi Optimizer version 11.0.0 build v11.0.0rc2 (linux64 - "CentOS Linux 8")

CPU model: Intel(R) Xeon(R) Gold 6248R CPU @ 3.00GHz, instruction set [SSE2|AVX|AVX2|AVX512]
Thread count: 48 physical cores, 48 logical processors, using up to 8 threads

Optimize a model with 258121 rows, 502401 columns and 1259970 nonzeros
Model fingerprint: 0x723825ca
Model has 3166 quadratic objective terms
Coefficient statistics:
  Matrix range     [1e+00, 1e+03]
  Objective range  [5e-07, 7e+01]
  QObjective range [3e-01, 3e+03]
  Bounds range     [3e-04, 1e+00]
  RHS range        [1e-16, 6e+00]
Presolve removed 131482 rows and 128814 columns
Presolve time: 0.55s
Presolved: 126639 rows, 373587 columns, 743930 nonzeros
Presolved model has 3166 quadratic objective terms
Ordering time: 0.16s

Barrier statistics:
 AA' NZ     : 3.709e+05
 Factor NZ  : 4.212e+06 (roughly 240 MB of memory)
 Factor Ops : 3.974e+08 (less than 1 second per iteration)
 Threads    : 8

                  Objective                Residual
Iter       Primal          Dual         Primal    Dual     Compl     Time
   0  -1.08858984e+09  8.63519648e+08  7.80e+04 1.13e-13  1.00e+06     1s
   1  -6.35727304e+08  5.82241624e+08  1.87e+04 1.60e+02  2.62e+05     1s
   2  -3.24155004e+08  3.24098672e+08  2.36e+02 1.04e+00  4.64e+03     1s
   3  -7.58808409e+07  7.65393863e+07  1.95e+00 1.91e-12  3.30e+02     1s
   4  -1.46363883e+07  1.53249909e+07  1.70e-01 5.63e-12  6.19e+01     1s
   5  -2.69569112e+06  2.98245209e+06  1.33e-02 1.37e-12  1.15e+01     1s
   6  -3.92606000e+05  4.49318787e+05  1.33e-08 1.04e-12  1.69e+00     2s
   7  -5.87271069e+04  7.36728564e+04  1.51e-13 5.98e-13  2.66e-01     2s
   8  -8.85433034e+03  1.06082787e+04  6.14e-14 2.17e-13  3.92e-02     2s
   9  -1.41579514e+03  1.73891316e+03  2.26e-14 5.68e-14  6.35e-03     2s
  10  -2.31144411e+02  2.19834804e+02  5.77e-15 2.84e-14  9.07e-04     2s
  11  -5.10352801e+01  3.39780547e+01  3.02e-15 2.13e-14  1.71e-04     2s
  12  -8.25182538e+00  6.14645487e+00  1.06e-15 1.42e-14  2.90e-05     2s
  13  -7.68078885e-01  1.39819840e+00  4.71e-16 2.13e-14  4.36e-06     2s
  14   7.96563575e-02  1.31431350e+00  3.47e-16 2.84e-14  2.48e-06     3s
  15   7.20389897e-01  1.01501844e+00  5.90e-17 2.84e-14  5.93e-07     3s
  16   8.44025544e-01  9.58600754e-01  9.76e-17 1.42e-14  2.31e-07     3s
  17   8.80897102e-01  9.44396780e-01  4.82e-17 1.42e-14  1.28e-07     3s
  18   9.08332248e-01  9.34098844e-01  4.04e-17 1.42e-14  5.18e-08     3s
  19   9.20728093e-01  9.29498853e-01  5.15e-17 2.84e-14  1.76e-08     3s
  20   9.25215957e-01  9.27912647e-01  7.81e-17 1.42e-14  5.43e-09     3s
  21   9.26304169e-01  9.27528517e-01  5.92e-17 1.42e-14  2.46e-09     3s
  22   9.27119950e-01  9.27241510e-01  1.51e-16 1.42e-14  2.45e-10     3s
  23   9.27200305e-01  9.27213239e-01  7.14e-17 1.42e-14  2.60e-11     3s
  24   9.27209730e-01  9.27209932e-01  1.78e-16 2.84e-14  4.06e-13     3s
  25   9.27209859e-01  9.27209886e-01  2.20e-15 1.42e-14  5.40e-14     3s
  26   9.27209873e-01  9.27209881e-01  3.98e-15 2.13e-14  1.72e-14     4s
  27   9.27209878e-01  9.27209880e-01  2.84e-15 1.42e-14  4.06e-15     4s
  28   9.27209879e-01  9.27209879e-01  2.98e-15 1.42e-14  1.10e-15     4s
  29   9.27209879e-01  9.27209879e-01  1.43e-15 1.42e-14  3.29e-16     4s
  30   9.27209879e-01  9.27209879e-01  1.36e-15 2.13e-14  3.14e-16     4s
  31   9.27209879e-01  9.27209879e-01  9.52e-16 1.42e-14  1.95e-16     4s
  32   9.27209879e-01  9.27209879e-01  6.54e-16 1.42e-14  1.65e-16     4s
  33   9.27209879e-01  9.27209879e-01  6.18e-16 1.42e-14  8.09e-17     4s

Barrier solved model in 33 iterations and 4.12 seconds (3.83 work units)
Optimal objective 9.27209879e-01

objective value: 0.9272098790780942
Done! Time elapsed: 24.718111515045166 seconds.
g_0_1: 1.0000036695702847
g_1_1: 1.0000023087381487
g_1_2: 1.0000065086202155
g_2_1: 1.0000042363294364
g_2_2: 1.00001194278188
g_2_3: 1.0000042363294366
g_2_4: 1.000011942781853
Parameters from last iteration: [0.17400064 0.70700163 0.17400113 0.707003   0.17400208 0.707003
 0.17400208]

Parameters from current iteration:
                [0.17400064 0.70700163 0.17400113 0.707003   0.17400208 0.707003
 0.17400208]


                Percentage Error = 1.7546418709702448e-15
                
year done: 69
Time 70: 2
Optimization Iteration[1/20000]

Solving the optimization problem...
Set parameter TokenServer to value "licenses.rcc.uchicago.edu"
Read LP format model from file /scratch/local/jobs/50183984/tmpg0oq79ny.pyomo.lp
Reading time = 1.34 seconds
x1: 258121 rows, 502401 columns, 1259970 nonzeros
Set parameter Threads to value 8
Set parameter BarConvTol to value 1e-12
Gurobi Optimizer version 11.0.0 build v11.0.0rc2 (linux64 - "CentOS Linux 8")

CPU model: Intel(R) Xeon(R) Gold 6248R CPU @ 3.00GHz, instruction set [SSE2|AVX|AVX2|AVX512]
Thread count: 48 physical cores, 48 logical processors, using up to 8 threads

Optimize a model with 258121 rows, 502401 columns and 1259970 nonzeros
Model fingerprint: 0x106b6212
Model has 3166 quadratic objective terms
Coefficient statistics:
  Matrix range     [1e+00, 1e+03]
  Objective range  [5e-07, 7e+01]
  QObjective range [3e-01, 3e+03]
  Bounds range     [3e-04, 1e+00]
  RHS range        [1e-16, 6e+00]
Presolve removed 131482 rows and 128814 columns
Presolve time: 0.55s
Presolved: 126639 rows, 373587 columns, 743930 nonzeros
Presolved model has 3166 quadratic objective terms
Ordering time: 0.16s

Barrier statistics:
 AA' NZ     : 3.709e+05
 Factor NZ  : 4.212e+06 (roughly 240 MB of memory)
 Factor Ops : 3.974e+08 (less than 1 second per iteration)
 Threads    : 8

                  Objective                Residual
Iter       Primal          Dual         Primal    Dual     Compl     Time
   0  -1.08858984e+09  8.63519648e+08  7.80e+04 1.13e-13  1.00e+06     1s
   1  -6.35727304e+08  5.82241624e+08  1.87e+04 1.60e+02  2.62e+05     1s
   2  -3.24155004e+08  3.24098672e+08  2.36e+02 1.04e+00  4.64e+03     1s
   3  -7.58808409e+07  7.65393863e+07  1.95e+00 1.82e-12  3.30e+02     1s
   4  -1.46363883e+07  1.53249909e+07  1.70e-01 5.70e-12  6.19e+01     1s
   5  -2.69569114e+06  2.98245208e+06  1.33e-02 1.24e-12  1.15e+01     1s
   6  -3.92606015e+05  4.49318772e+05  1.33e-08 9.76e-13  1.69e+00     2s
   7  -5.87271220e+04  7.36728413e+04  1.41e-13 6.93e-13  2.66e-01     2s
   8  -8.85434540e+03  1.06082636e+04  6.20e-14 2.35e-13  3.92e-02     2s
   9  -1.41581021e+03  1.73889810e+03  2.34e-14 5.68e-14  6.35e-03     2s
  10  -2.31159474e+02  2.19819741e+02  6.00e-15 2.84e-14  9.07e-04     2s
  11  -5.10503431e+01  3.39629917e+01  4.22e-15 1.42e-14  1.71e-04     2s
  12  -8.26688840e+00  6.13139184e+00  1.13e-15 1.42e-14  2.90e-05     2s
  13  -7.83141910e-01  1.38313538e+00  3.60e-16 1.42e-14  4.36e-06     2s
  14   6.45933333e-02  1.29925048e+00  2.32e-16 2.84e-14  2.48e-06     3s
  15   7.05326873e-01  9.99955415e-01  4.27e-17 1.42e-14  5.93e-07     3s
  16   8.28962519e-01  9.43537730e-01  1.47e-16 1.60e-14  2.31e-07     3s
  17   8.65834077e-01  9.29333756e-01  7.68e-17 1.42e-14  1.28e-07     3s
  18   8.93269223e-01  9.19035820e-01  1.88e-16 1.42e-14  5.18e-08     3s
  19   9.05665068e-01  9.14435829e-01  8.39e-17 1.42e-14  1.76e-08     3s
  20   9.10152933e-01  9.12849622e-01  5.90e-17 1.42e-14  5.43e-09     3s
  21   9.11241145e-01  9.12465493e-01  3.47e-17 1.42e-14  2.46e-09     3s
  22   9.12056926e-01  9.12178486e-01  9.72e-17 1.42e-14  2.45e-10     3s
  23   9.12137281e-01  9.12150215e-01  6.32e-17 2.84e-14  2.60e-11     3s
  24   9.12146705e-01  9.12146907e-01  1.93e-16 1.42e-14  4.06e-13     3s
  25   9.12146835e-01  9.12146862e-01  2.10e-15 1.42e-14  5.37e-14     3s
  26   9.12146849e-01  9.12146857e-01  3.63e-15 2.13e-14  1.72e-14     4s
  27   9.12146853e-01  9.12146855e-01  2.45e-15 2.84e-14  4.04e-15     4s
  28   9.12146854e-01  9.12146855e-01  2.44e-15 1.42e-14  1.09e-15     4s
  29   9.12146855e-01  9.12146855e-01  1.24e-15 1.42e-14  3.25e-16     4s
  30   9.12146855e-01  9.12146855e-01  1.16e-15 1.42e-14  3.11e-16     4s
  31   9.12146855e-01  9.12146855e-01  8.43e-16 1.42e-14  1.94e-16     4s
  32   9.12146855e-01  9.12146855e-01  6.55e-16 1.42e-14  1.61e-16     4s
  33   9.12146855e-01  9.12146855e-01  4.77e-16 1.42e-14  7.55e-17     4s

Barrier solved model in 33 iterations and 4.14 seconds (3.83 work units)
Optimal objective 9.12146855e-01

objective value: 0.9121468548566095
Done! Time elapsed: 26.378679752349854 seconds.
g_0_1: 1.0000036695702843
g_1_1: 1.0000023087381489
g_1_2: 1.0000065086202152
g_2_1: 1.0000042363294366
g_2_2: 1.000011942781878
g_2_3: 1.0000042363294368
g_2_4: 1.0000119427818528
Parameters from last iteration: [0.17400064 0.70700163 0.17400113 0.707003   0.17400208 0.707003
 0.17400208]

Parameters from current iteration:
                [0.17400064 0.70700163 0.17400113 0.707003   0.17400208 0.707003
 0.17400208]


                Percentage Error = 2.073667665692111e-15
                
year done: 70
Time 71: 2
Optimization Iteration[1/20000]

Solving the optimization problem...
Set parameter TokenServer to value "licenses.rcc.uchicago.edu"
Read LP format model from file /scratch/local/jobs/50183984/tmph63uywf3.pyomo.lp
Reading time = 1.34 seconds
x1: 258121 rows, 502401 columns, 1259970 nonzeros
Set parameter Threads to value 8
Set parameter BarConvTol to value 1e-12
Gurobi Optimizer version 11.0.0 build v11.0.0rc2 (linux64 - "CentOS Linux 8")

CPU model: Intel(R) Xeon(R) Gold 6248R CPU @ 3.00GHz, instruction set [SSE2|AVX|AVX2|AVX512]
Thread count: 48 physical cores, 48 logical processors, using up to 8 threads

Optimize a model with 258121 rows, 502401 columns and 1259970 nonzeros
Model fingerprint: 0x2386ea25
Model has 3166 quadratic objective terms
Coefficient statistics:
  Matrix range     [1e+00, 1e+03]
  Objective range  [5e-07, 7e+01]
  QObjective range [3e-01, 3e+03]
  Bounds range     [3e-04, 1e+00]
  RHS range        [1e-16, 6e+00]
Presolve removed 131482 rows and 128814 columns
Presolve time: 0.55s
Presolved: 126639 rows, 373587 columns, 743930 nonzeros
Presolved model has 3166 quadratic objective terms
Ordering time: 0.16s

Barrier statistics:
 AA' NZ     : 3.709e+05
 Factor NZ  : 4.212e+06 (roughly 240 MB of memory)
 Factor Ops : 3.974e+08 (less than 1 second per iteration)
 Threads    : 8

                  Objective                Residual
Iter       Primal          Dual         Primal    Dual     Compl     Time
   0  -1.08858984e+09  8.63519648e+08  7.80e+04 1.13e-13  1.00e+06     1s
   1  -6.35727304e+08  5.82241624e+08  1.87e+04 1.60e+02  2.62e+05     1s
   2  -3.24155004e+08  3.24098672e+08  2.36e+02 1.04e+00  4.64e+03     1s
   3  -7.58808409e+07  7.65393863e+07  1.95e+00 1.90e-12  3.30e+02     1s
   4  -1.46363883e+07  1.53249908e+07  1.70e-01 5.55e-12  6.19e+01     1s
   5  -2.69569115e+06  2.98245206e+06  1.33e-02 1.36e-12  1.15e+01     1s
   6  -3.92606030e+05  4.49318757e+05  1.33e-08 1.23e-12  1.69e+00     2s
   7  -5.87271363e+04  7.36728270e+04  1.60e-13 8.64e-13  2.66e-01     2s
   8  -8.85435979e+03  1.06082492e+04  5.17e-14 2.40e-13  3.92e-02     2s
   9  -1.41582459e+03  1.73888371e+03  2.40e-14 4.26e-14  6.35e-03     2s
  10  -2.31173859e+02  2.19805356e+02  6.06e-15 4.26e-14  9.07e-04     2s
  11  -5.10647282e+01  3.39486066e+01  4.40e-15 1.42e-14  1.71e-04     2s
  12  -8.28127348e+00  6.11700677e+00  1.05e-15 1.42e-14  2.90e-05     2s
  13  -7.97526986e-01  1.36875030e+00  3.79e-16 1.42e-14  4.36e-06     2s
  14   5.02082569e-02  1.28486540e+00  3.23e-16 4.26e-14  2.48e-06     3s
  15   6.90941797e-01  9.85570339e-01  4.41e-17 2.84e-14  5.93e-07     3s
  16   8.14577443e-01  9.29152653e-01  5.85e-17 1.42e-14  2.31e-07     3s
  17   8.51449001e-01  9.14948679e-01  1.38e-16 4.26e-14  1.28e-07     3s
  18   8.78884147e-01  9.04650743e-01  9.71e-17 1.42e-14  5.18e-08     3s
  19   8.91279992e-01  9.00050753e-01  5.86e-17 1.42e-14  1.76e-08     3s
  20   8.95767856e-01  8.98464546e-01  7.89e-17 2.84e-14  5.43e-09     3s
  21   8.96856069e-01  8.98080417e-01  5.20e-17 1.42e-14  2.46e-09     3s
  22   8.97671849e-01  8.97793410e-01  9.26e-17 1.42e-14  2.45e-10     3s
  23   8.97752204e-01  8.97765139e-01  6.90e-17 2.84e-14  2.60e-11     3s
  24   8.97761629e-01  8.97761831e-01  1.62e-16 2.84e-14  4.06e-13     3s
  25   8.97761759e-01  8.97761785e-01  3.09e-15 1.42e-14  5.33e-14     3s
  26   8.97761772e-01  8.97761781e-01  3.38e-15 1.42e-14  1.71e-14     4s
  27   8.97761777e-01  8.97761779e-01  2.72e-15 1.42e-14  4.03e-15     4s
  28   8.97761778e-01  8.97761779e-01  3.01e-15 1.42e-14  1.09e-15     4s
  29   8.97761778e-01  8.97761778e-01  1.16e-15 1.42e-14  3.22e-16     4s
  30   8.97761778e-01  8.97761778e-01  1.07e-15 1.42e-14  3.08e-16     4s
  31   8.97761778e-01  8.97761778e-01  1.01e-15 1.42e-14  1.92e-16     4s
  32   8.97761778e-01  8.97761778e-01  6.66e-16 2.13e-14  1.56e-16     4s
  33   8.97761778e-01  8.97761778e-01  4.65e-16 1.42e-14  7.09e-17     4s

Barrier solved model in 33 iterations and 4.11 seconds (3.83 work units)
Optimal objective 8.97761778e-01

objective value: 0.897761778402107
Done! Time elapsed: 24.759015321731567 seconds.
g_0_1: 1.000003669570284
g_1_1: 1.0000023087381489
g_1_2: 1.000006508620215
g_2_1: 1.0000042363294368
g_2_2: 1.0000119427818766
g_2_3: 1.000004236329437
g_2_4: 1.000011942781853
Parameters from last iteration: [0.17400064 0.70700163 0.17400113 0.707003   0.17400208 0.707003
 0.17400208]

Parameters from current iteration:
                [0.17400064 0.70700163 0.17400113 0.707003   0.17400208 0.707003
 0.17400208]


                Percentage Error = 1.4356160762483875e-15
                
year done: 71
Time 72: 2
Optimization Iteration[1/20000]

Solving the optimization problem...
Set parameter TokenServer to value "licenses.rcc.uchicago.edu"
Read LP format model from file /scratch/local/jobs/50183984/tmpz_pd_q5l.pyomo.lp
Reading time = 1.35 seconds
x1: 258121 rows, 502401 columns, 1259970 nonzeros
Set parameter Threads to value 8
Set parameter BarConvTol to value 1e-12
Gurobi Optimizer version 11.0.0 build v11.0.0rc2 (linux64 - "CentOS Linux 8")

CPU model: Intel(R) Xeon(R) Gold 6248R CPU @ 3.00GHz, instruction set [SSE2|AVX|AVX2|AVX512]
Thread count: 48 physical cores, 48 logical processors, using up to 8 threads

Optimize a model with 258121 rows, 502401 columns and 1259970 nonzeros
Model fingerprint: 0x31bd9e84
Model has 3166 quadratic objective terms
Coefficient statistics:
  Matrix range     [1e+00, 1e+03]
  Objective range  [5e-07, 7e+01]
  QObjective range [3e-01, 3e+03]
  Bounds range     [3e-04, 1e+00]
  RHS range        [1e-16, 6e+00]
Presolve removed 131482 rows and 128814 columns
Presolve time: 0.54s
Presolved: 126639 rows, 373587 columns, 743930 nonzeros
Presolved model has 3166 quadratic objective terms
Ordering time: 0.16s

Barrier statistics:
 AA' NZ     : 3.709e+05
 Factor NZ  : 4.212e+06 (roughly 240 MB of memory)
 Factor Ops : 3.974e+08 (less than 1 second per iteration)
 Threads    : 8

                  Objective                Residual
Iter       Primal          Dual         Primal    Dual     Compl     Time
   0  -1.08858984e+09  8.63519648e+08  7.80e+04 1.13e-13  1.00e+06     1s
   1  -6.35727304e+08  5.82241624e+08  1.87e+04 1.60e+02  2.62e+05     1s
   2  -3.24155004e+08  3.24098671e+08  2.36e+02 1.04e+00  4.64e+03     1s
   3  -7.58808409e+07  7.65393863e+07  1.95e+00 1.68e-12  3.30e+02     1s
   4  -1.46363883e+07  1.53249908e+07  1.70e-01 5.67e-12  6.19e+01     1s
   5  -2.69569117e+06  2.98245205e+06  1.33e-02 1.28e-12  1.15e+01     1s
   6  -3.92606044e+05  4.49318744e+05  1.33e-08 1.23e-12  1.69e+00     2s
   7  -5.87271501e+04  7.36728132e+04  1.64e-13 6.50e-13  2.66e-01     2s
   8  -8.85437353e+03  1.06082355e+04  8.48e-14 2.39e-13  3.92e-02     2s
   9  -1.41583833e+03  1.73886998e+03  2.03e-14 4.03e-14  6.35e-03     2s
  10  -2.31187597e+02  2.19791618e+02  1.23e-14 2.44e-14  9.07e-04     2s
  11  -5.10784658e+01  3.39348690e+01  4.43e-15 1.75e-14  1.71e-04     2s
  12  -8.29501112e+00  6.10326913e+00  1.54e-15 1.42e-14  2.90e-05     2s
  13  -8.11264627e-01  1.35501266e+00  3.74e-16 1.42e-14  4.36e-06     2s
  14   3.64706155e-02  1.27112776e+00  3.04e-16 3.55e-14  2.48e-06     3s
  15   6.77204155e-01  9.71832697e-01  4.84e-17 2.13e-14  5.93e-07     3s
  16   8.00839802e-01  9.15415012e-01  6.55e-17 2.84e-14  2.31e-07     3s
  17   8.37711360e-01  9.01211038e-01  1.29e-16 1.42e-14  1.28e-07     3s
  18   8.65146506e-01  8.90913102e-01  9.40e-17 1.42e-14  5.18e-08     3s
  19   8.77542351e-01  8.86313111e-01  4.90e-17 1.42e-14  1.76e-08     3s
  20   8.82030215e-01  8.84726905e-01  5.44e-17 1.42e-14  5.43e-09     3s
  21   8.83118427e-01  8.84342775e-01  7.20e-17 1.42e-14  2.46e-09     3s
  22   8.83934208e-01  8.84055768e-01  5.74e-17 2.84e-14  2.45e-10     3s
  23   8.84014563e-01  8.84027497e-01  8.03e-17 2.13e-14  2.60e-11     3s
  24   8.84023988e-01  8.84024190e-01  1.36e-16 1.78e-14  4.06e-13     3s
  25   8.84024118e-01  8.84024144e-01  2.40e-15 1.42e-14  5.30e-14     3s
  26   8.84024131e-01  8.84024139e-01  4.51e-15 1.47e-14  1.70e-14     4s
  27   8.84024136e-01  8.84024138e-01  2.61e-15 1.42e-14  4.01e-15     4s
  28   8.84024137e-01  8.84024137e-01  2.42e-15 1.42e-14  1.08e-15     4s
  29   8.84024137e-01  8.84024137e-01  1.21e-15 1.42e-14  3.19e-16     4s
  30   8.84024137e-01  8.84024137e-01  1.13e-15 1.42e-14  3.05e-16     4s
  31   8.84024137e-01  8.84024137e-01  9.36e-16 1.42e-14  1.91e-16     4s
  32   8.84024137e-01  8.84024137e-01  6.93e-16 1.42e-14  1.50e-16     4s
  33   8.84024137e-01  8.84024137e-01  6.30e-16 2.13e-14  6.83e-17     4s

Barrier solved model in 33 iterations and 4.19 seconds (3.83 work units)
Optimal objective 8.84024137e-01

objective value: 0.884024137038356
Done! Time elapsed: 24.830867767333984 seconds.
g_0_1: 1.0000036695702839
g_1_1: 1.000002308738149
g_1_2: 1.000006508620215
g_2_1: 1.0000042363294366
g_2_2: 1.0000119427818757
g_2_3: 1.0000042363294368
g_2_4: 1.0000119427818528
Parameters from last iteration: [0.17400064 0.70700163 0.17400113 0.707003   0.17400208 0.707003
 0.17400208]

Parameters from current iteration:
                [0.17400064 0.70700163 0.17400113 0.707003   0.17400208 0.707003
 0.17400208]


                Percentage Error = 9.57077384165593e-16
                
year done: 72
Time 73: 2
Optimization Iteration[1/20000]

Solving the optimization problem...
Set parameter TokenServer to value "licenses.rcc.uchicago.edu"
Read LP format model from file /scratch/local/jobs/50183984/tmpmvsvx22a.pyomo.lp
Reading time = 1.34 seconds
x1: 258121 rows, 502401 columns, 1259970 nonzeros
Set parameter Threads to value 8
Set parameter BarConvTol to value 1e-12
Gurobi Optimizer version 11.0.0 build v11.0.0rc2 (linux64 - "CentOS Linux 8")

CPU model: Intel(R) Xeon(R) Gold 6248R CPU @ 3.00GHz, instruction set [SSE2|AVX|AVX2|AVX512]
Thread count: 48 physical cores, 48 logical processors, using up to 8 threads

Optimize a model with 258121 rows, 502401 columns and 1259970 nonzeros
Model fingerprint: 0xf0a3c685
Model has 3166 quadratic objective terms
Coefficient statistics:
  Matrix range     [1e+00, 1e+03]
  Objective range  [5e-07, 7e+01]
  QObjective range [3e-01, 3e+03]
  Bounds range     [3e-04, 1e+00]
  RHS range        [1e-16, 6e+00]
Presolve removed 131482 rows and 128814 columns
Presolve time: 0.55s
Presolved: 126639 rows, 373587 columns, 743930 nonzeros
Presolved model has 3166 quadratic objective terms
Ordering time: 0.16s

Barrier statistics:
 AA' NZ     : 3.709e+05
 Factor NZ  : 4.212e+06 (roughly 240 MB of memory)
 Factor Ops : 3.974e+08 (less than 1 second per iteration)
 Threads    : 8

                  Objective                Residual
Iter       Primal          Dual         Primal    Dual     Compl     Time
   0  -1.08858984e+09  8.63519648e+08  7.80e+04 1.13e-13  1.00e+06     1s
   1  -6.35727304e+08  5.82241624e+08  1.87e+04 1.60e+02  2.62e+05     1s
   2  -3.24155004e+08  3.24098671e+08  2.36e+02 1.04e+00  4.64e+03     1s
   3  -7.58808409e+07  7.65393863e+07  1.95e+00 1.88e-12  3.30e+02     1s
   4  -1.46363883e+07  1.53249908e+07  1.70e-01 3.51e-12  6.19e+01     1s
   5  -2.69569118e+06  2.98245204e+06  1.33e-02 1.22e-12  1.15e+01     1s
   6  -3.92606057e+05  4.49318731e+05  1.33e-08 1.02e-12  1.69e+00     2s
   7  -5.87271632e+04  7.36728001e+04  1.82e-13 7.13e-13  2.66e-01     2s
   8  -8.85438665e+03  1.06082224e+04  5.36e-14 2.22e-13  3.92e-02     2s
   9  -1.41585145e+03  1.73885686e+03  2.10e-14 3.52e-14  6.35e-03     2s
  10  -2.31200716e+02  2.19778499e+02  1.32e-14 4.26e-14  9.07e-04     2s
  11  -5.10915852e+01  3.39217496e+01  3.56e-15 1.42e-14  1.71e-04     2s
  12  -8.30813047e+00  6.09014978e+00  1.02e-15 1.42e-14  2.90e-05     2s
  13  -8.24383973e-01  1.34189332e+00  3.12e-16 1.42e-14  4.36e-06     2s
  14   2.33512698e-02  1.25800841e+00  2.33e-16 2.84e-14  2.48e-06     3s
  15   6.64084810e-01  9.58713352e-01  5.03e-17 1.42e-14  5.93e-07     3s
  16   7.87720456e-01  9.02295666e-01  5.12e-17 1.42e-14  2.31e-07     3s
  17   8.24592014e-01  8.88091692e-01  5.19e-17 2.04e-14  1.28e-07     3s
  18   8.52027160e-01  8.77793756e-01  9.53e-17 2.13e-14  5.18e-08     3s
  19   8.64423005e-01  8.73193766e-01  4.90e-17 1.42e-14  1.76e-08     3s
  20   8.68910869e-01  8.71607559e-01  5.49e-17 1.42e-14  5.43e-09     3s
  21   8.69999082e-01  8.71223430e-01  9.54e-17 1.64e-14  2.46e-09     3s
  22   8.70814862e-01  8.70936423e-01  7.03e-17 1.42e-14  2.45e-10     3s
  23   8.70895217e-01  8.70908152e-01  8.94e-17 1.42e-14  2.60e-11     3s
  24   8.70904642e-01  8.70904844e-01  1.67e-16 2.84e-14  4.06e-13     3s
  25   8.70904772e-01  8.70904798e-01  2.21e-15 2.13e-14  5.26e-14     3s
  26   8.70904785e-01  8.70904794e-01  5.39e-15 1.42e-14  1.70e-14     4s
  27   8.70904790e-01  8.70904792e-01  2.70e-15 1.42e-14  4.00e-15     4s
  28   8.70904791e-01  8.70904792e-01  2.64e-15 1.42e-14  1.08e-15     4s
  29   8.70904791e-01  8.70904791e-01  1.32e-15 1.42e-14  3.17e-16     4s
  30   8.70904791e-01  8.70904791e-01  1.24e-15 1.42e-14  3.05e-16     4s
  31   8.70904791e-01  8.70904791e-01  1.11e-15 1.42e-14  1.87e-16     4s
  32   8.70904791e-01  8.70904791e-01  1.04e-15 2.13e-14  1.80e-16     4s
  33   8.70904791e-01  8.70904791e-01  6.18e-16 1.42e-14  9.53e-17     4s

Barrier solved model in 33 iterations and 4.14 seconds (3.83 work units)
Optimal objective 8.70904791e-01

objective value: 0.8709047913761278
Done! Time elapsed: 25.980032205581665 seconds.
g_0_1: 1.0000036695702856
g_1_1: 1.0000023087381482
g_1_2: 1.0000065086202161
g_2_1: 1.0000042363294361
g_2_2: 1.0000119427818852
g_2_3: 1.0000042363294366
g_2_4: 1.0000119427818537
Parameters from last iteration: [0.17400064 0.70700163 0.17400113 0.707003   0.17400208 0.707003
 0.17400208]

Parameters from current iteration:
                [0.17400064 0.70700163 0.17400113 0.707003   0.17400208 0.707003
 0.17400208]


                Percentage Error = 9.57077384165594e-15
                
year done: 73
Time 74: 2
Optimization Iteration[1/20000]

Solving the optimization problem...
Set parameter TokenServer to value "licenses.rcc.uchicago.edu"
Read LP format model from file /scratch/local/jobs/50183984/tmpt_feih4n.pyomo.lp
Reading time = 1.33 seconds
x1: 258121 rows, 502401 columns, 1259970 nonzeros
Set parameter Threads to value 8
Set parameter BarConvTol to value 1e-12
Gurobi Optimizer version 11.0.0 build v11.0.0rc2 (linux64 - "CentOS Linux 8")

CPU model: Intel(R) Xeon(R) Gold 6248R CPU @ 3.00GHz, instruction set [SSE2|AVX|AVX2|AVX512]
Thread count: 48 physical cores, 48 logical processors, using up to 8 threads

Optimize a model with 258121 rows, 502401 columns and 1259970 nonzeros
Model fingerprint: 0x754fc67c
Model has 3166 quadratic objective terms
Coefficient statistics:
  Matrix range     [1e+00, 1e+03]
  Objective range  [5e-07, 7e+01]
  QObjective range [3e-01, 3e+03]
  Bounds range     [3e-04, 1e+00]
  RHS range        [1e-16, 6e+00]
Presolve removed 131482 rows and 128814 columns
Presolve time: 0.55s
Presolved: 126639 rows, 373587 columns, 743930 nonzeros
Presolved model has 3166 quadratic objective terms
Ordering time: 0.16s

Barrier statistics:
 AA' NZ     : 3.709e+05
 Factor NZ  : 4.212e+06 (roughly 240 MB of memory)
 Factor Ops : 3.974e+08 (less than 1 second per iteration)
 Threads    : 8

                  Objective                Residual
Iter       Primal          Dual         Primal    Dual     Compl     Time
   0  -1.08858984e+09  8.63519648e+08  7.80e+04 1.13e-13  1.00e+06     1s
   1  -6.35727304e+08  5.82241624e+08  1.87e+04 1.60e+02  2.62e+05     1s
   2  -3.24155004e+08  3.24098671e+08  2.36e+02 1.04e+00  4.64e+03     1s
   3  -7.58808409e+07  7.65393863e+07  1.95e+00 1.36e-12  3.30e+02     1s
   4  -1.46363883e+07  1.53249908e+07  1.70e-01 5.52e-12  6.19e+01     1s
   5  -2.69569119e+06  2.98245202e+06  1.33e-02 1.22e-12  1.15e+01     1s
   6  -3.92606069e+05  4.49318718e+05  1.33e-08 1.00e-12  1.69e+00     2s
   7  -5.87271757e+04  7.36727876e+04  1.30e-13 6.10e-13  2.66e-01     2s
   8  -8.85439917e+03  1.06082098e+04  7.94e-14 2.24e-13  3.92e-02     2s
   9  -1.41586398e+03  1.73884433e+03  1.88e-14 3.70e-14  6.35e-03     2s
  10  -2.31213245e+02  2.19765970e+02  5.41e-15 2.84e-14  9.07e-04     2s
  11  -5.11041140e+01  3.39092207e+01  4.44e-15 2.13e-14  1.71e-04     2s
  12  -8.32065934e+00  6.07762090e+00  9.31e-16 1.42e-14  2.90e-05     2s
  13  -8.36912851e-01  1.32936444e+00  3.28e-16 1.95e-14  4.36e-06     2s
  14   1.08223920e-02  1.24547953e+00  2.99e-16 2.84e-14  2.48e-06     3s
  15   6.51555932e-01  9.46184474e-01  8.87e-17 2.84e-14  5.93e-07     3s
  16   7.75191578e-01  8.89766788e-01  1.20e-16 1.42e-14  2.31e-07     3s
  17   8.12063136e-01  8.75562815e-01  7.52e-17 1.69e-14  1.28e-07     3s
  18   8.39498282e-01  8.65264878e-01  9.84e-17 2.84e-14  5.18e-08     3s
  19   8.51894127e-01  8.60664888e-01  5.72e-17 1.42e-14  1.76e-08     3s
  20   8.56381992e-01  8.59078681e-01  6.55e-17 2.84e-14  5.43e-09     3s
  21   8.57470204e-01  8.58694552e-01  1.39e-16 1.42e-14  2.46e-09     3s
  22   8.58285984e-01  8.58407545e-01  1.21e-16 1.42e-14  2.45e-10     3s
  23   8.58366340e-01  8.58379274e-01  8.62e-17 1.42e-14  2.60e-11     3s
  24   8.58375764e-01  8.58375966e-01  1.81e-16 2.84e-14  4.06e-13     3s
  25   8.58375894e-01  8.58375920e-01  2.54e-15 1.42e-14  5.24e-14     4s
  26   8.58375907e-01  8.58375916e-01  4.05e-15 1.42e-14  1.69e-14     4s
  27   8.58375912e-01  8.58375914e-01  2.99e-15 1.42e-14  3.99e-15     4s
  28   8.58375913e-01  8.58375914e-01  3.05e-15 1.42e-14  1.07e-15     4s
  29   8.58375913e-01  8.58375914e-01  1.27e-15 1.42e-14  3.17e-16     4s
  30   8.58375913e-01  8.58375914e-01  1.13e-15 1.42e-14  3.03e-16     4s
  31   8.58375914e-01  8.58375914e-01  1.12e-15 1.42e-14  1.85e-16     4s
  32   8.58375914e-01  8.58375914e-01  1.06e-15 1.42e-14  1.78e-16     4s
  33   8.58375914e-01  8.58375914e-01  4.93e-16 1.42e-14  9.35e-17     4s

Barrier solved model in 33 iterations and 4.29 seconds (3.83 work units)
Optimal objective 8.58375914e-01

objective value: 0.8583759135455777
Done! Time elapsed: 26.630194902420044 seconds.
g_0_1: 1.0000036695702859
g_1_1: 1.0000023087381482
g_1_2: 1.000006508620216
g_2_1: 1.0000042363294361
g_2_2: 1.0000119427818848
g_2_3: 1.0000042363294366
g_2_4: 1.0000119427818535
Parameters from last iteration: [0.17400064 0.70700163 0.17400113 0.707003   0.17400208 0.707003
 0.17400208]

Parameters from current iteration:
                [0.17400064 0.70700163 0.17400113 0.707003   0.17400208 0.707003
 0.17400208]


                Percentage Error = 4.785386920827924e-16
                
year done: 74
Time 75: 2
Optimization Iteration[1/20000]

Solving the optimization problem...
Set parameter TokenServer to value "licenses.rcc.uchicago.edu"
Read LP format model from file /scratch/local/jobs/50183984/tmp8odw4fct.pyomo.lp
Reading time = 1.36 seconds
x1: 258121 rows, 502401 columns, 1259970 nonzeros
Set parameter Threads to value 8
Set parameter BarConvTol to value 1e-12
Gurobi Optimizer version 11.0.0 build v11.0.0rc2 (linux64 - "CentOS Linux 8")

CPU model: Intel(R) Xeon(R) Gold 6248R CPU @ 3.00GHz, instruction set [SSE2|AVX|AVX2|AVX512]
Thread count: 48 physical cores, 48 logical processors, using up to 8 threads

Optimize a model with 258121 rows, 502401 columns and 1259970 nonzeros
Model fingerprint: 0xeaa7711e
Model has 3166 quadratic objective terms
Coefficient statistics:
  Matrix range     [1e+00, 1e+03]
  Objective range  [5e-07, 7e+01]
  QObjective range [3e-01, 3e+03]
  Bounds range     [3e-04, 1e+00]
  RHS range        [1e-16, 6e+00]
Presolve removed 131482 rows and 128814 columns
Presolve time: 0.62s
Presolved: 126639 rows, 373587 columns, 743930 nonzeros
Presolved model has 3166 quadratic objective terms
Ordering time: 0.17s

Barrier statistics:
 AA' NZ     : 3.709e+05
 Factor NZ  : 4.212e+06 (roughly 240 MB of memory)
 Factor Ops : 3.974e+08 (less than 1 second per iteration)
 Threads    : 8

                  Objective                Residual
Iter       Primal          Dual         Primal    Dual     Compl     Time
   0  -1.08858984e+09  8.63519648e+08  7.80e+04 1.13e-13  1.00e+06     1s
   1  -6.35727304e+08  5.82241624e+08  1.87e+04 1.60e+02  2.62e+05     1s
   2  -3.24155004e+08  3.24098671e+08  2.36e+02 1.04e+00  4.64e+03     1s
   3  -7.58808409e+07  7.65393863e+07  1.95e+00 2.16e-12  3.30e+02     1s
   4  -1.46363884e+07  1.53249908e+07  1.70e-01 4.64e-12  6.19e+01     2s
   5  -2.69569120e+06  2.98245201e+06  1.33e-02 1.41e-12  1.15e+01     2s
   6  -3.92606081e+05  4.49318706e+05  1.33e-08 1.23e-12  1.69e+00     2s
   7  -5.87271877e+04  7.36727756e+04  1.56e-13 6.25e-13  2.66e-01     2s
   8  -8.85441114e+03  1.06081979e+04  7.42e-14 2.45e-13  3.92e-02     2s
   9  -1.41587594e+03  1.73883236e+03  2.70e-14 4.54e-14  6.35e-03     2s
  10  -2.31225210e+02  2.19754005e+02  9.78e-15 2.84e-14  9.07e-04     2s
  11  -5.11160790e+01  3.38972558e+01  3.30e-15 2.84e-14  1.71e-04     2s
  12  -8.33262433e+00  6.06565592e+00  1.25e-15 2.13e-14  2.90e-05     2s
  13  -8.48877836e-01  1.31739945e+00  3.61e-16 1.42e-14  4.36e-06     3s
  14  -1.14259343e-03  1.23351455e+00  2.38e-16 2.84e-14  2.48e-06     3s
  15   6.39590946e-01  9.34219488e-01  6.66e-17 1.42e-14  5.93e-07     3s
  16   7.63226593e-01  8.77801803e-01  1.02e-16 1.42e-14  2.31e-07     3s
  17   8.00098151e-01  8.63597829e-01  8.84e-17 2.84e-14  1.28e-07     3s
  18   8.27533297e-01  8.53299893e-01  1.34e-16 1.42e-14  5.18e-08     3s
  19   8.39929142e-01  8.48699902e-01  4.64e-17 1.42e-14  1.76e-08     3s
  20   8.44417006e-01  8.47113696e-01  4.83e-17 1.42e-14  5.43e-09     3s
  21   8.45505218e-01  8.46729566e-01  9.73e-17 1.42e-14  2.46e-09     3s
  22   8.46320999e-01  8.46442559e-01  6.92e-17 1.47e-14  2.45e-10     3s
  23   8.46401354e-01  8.46414288e-01  7.93e-17 2.84e-14  2.60e-11     4s
  24   8.46410779e-01  8.46410981e-01  1.36e-16 2.04e-14  4.06e-13     4s
  25   8.46410909e-01  8.46410935e-01  2.36e-15 2.84e-14  5.22e-14     4s
  26   8.46410922e-01  8.46410930e-01  4.59e-15 2.84e-14  1.69e-14     4s
  27   8.46410927e-01  8.46410929e-01  2.70e-15 1.42e-14  3.98e-15     4s
  28   8.46410928e-01  8.46410928e-01  2.44e-15 1.42e-14  1.07e-15     4s
  29   8.46410928e-01  8.46410928e-01  1.47e-15 1.42e-14  3.16e-16     4s
  30   8.46410928e-01  8.46410928e-01  1.34e-15 1.42e-14  2.99e-16     4s
  31   8.46410928e-01  8.46410928e-01  1.16e-15 1.42e-14  1.82e-16     4s
  32   8.46410928e-01  8.46410928e-01  1.05e-15 2.84e-14  1.76e-16     4s
  33   8.46410928e-01  8.46410928e-01  4.95e-16 1.42e-14  8.84e-17     4s

Barrier solved model in 33 iterations and 4.37 seconds (3.83 work units)
Optimal objective 8.46410928e-01

objective value: 0.8464109281076972
Done! Time elapsed: 25.03639268875122 seconds.
g_0_1: 1.0000036695702854
g_1_1: 1.0000023087381484
g_1_2: 1.0000065086202161
g_2_1: 1.0000042363294364
g_2_2: 1.0000119427818828
g_2_3: 1.0000042363294366
g_2_4: 1.0000119427818535
Parameters from last iteration: [0.17400064 0.70700163 0.17400113 0.707003   0.17400208 0.707003
 0.17400208]

Parameters from current iteration:
                [0.17400064 0.70700163 0.17400113 0.707003   0.17400208 0.707003
 0.17400208]


                Percentage Error = 1.9141547683311708e-15
                
year done: 75
Time 76: 2
Optimization Iteration[1/20000]

Solving the optimization problem...
Set parameter TokenServer to value "licenses.rcc.uchicago.edu"
Read LP format model from file /scratch/local/jobs/50183984/tmpok2dpo8e.pyomo.lp
Reading time = 1.37 seconds
x1: 258121 rows, 502401 columns, 1259970 nonzeros
Set parameter Threads to value 8
Set parameter BarConvTol to value 1e-12
Gurobi Optimizer version 11.0.0 build v11.0.0rc2 (linux64 - "CentOS Linux 8")

CPU model: Intel(R) Xeon(R) Gold 6248R CPU @ 3.00GHz, instruction set [SSE2|AVX|AVX2|AVX512]
Thread count: 48 physical cores, 48 logical processors, using up to 8 threads

Optimize a model with 258121 rows, 502401 columns and 1259970 nonzeros
Model fingerprint: 0x466506c8
Model has 3166 quadratic objective terms
Coefficient statistics:
  Matrix range     [1e+00, 1e+03]
  Objective range  [5e-07, 7e+01]
  QObjective range [3e-01, 3e+03]
  Bounds range     [3e-04, 1e+00]
  RHS range        [1e-16, 6e+00]
Presolve removed 131482 rows and 128814 columns
Presolve time: 0.62s
Presolved: 126639 rows, 373587 columns, 743930 nonzeros
Presolved model has 3166 quadratic objective terms
Ordering time: 0.16s

Barrier statistics:
 AA' NZ     : 3.709e+05
 Factor NZ  : 4.212e+06 (roughly 240 MB of memory)
 Factor Ops : 3.974e+08 (less than 1 second per iteration)
 Threads    : 8

                  Objective                Residual
Iter       Primal          Dual         Primal    Dual     Compl     Time
   0  -1.08858984e+09  8.63519648e+08  7.80e+04 1.13e-13  1.00e+06     1s
   1  -6.35727304e+08  5.82241624e+08  1.87e+04 1.60e+02  2.62e+05     1s
   2  -3.24155004e+08  3.24098671e+08  2.36e+02 1.04e+00  4.64e+03     1s
   3  -7.58808409e+07  7.65393863e+07  1.95e+00 1.47e-12  3.30e+02     1s
   4  -1.46363884e+07  1.53249908e+07  1.70e-01 3.81e-12  6.19e+01     1s
   5  -2.69569121e+06  2.98245200e+06  1.33e-02 1.29e-12  1.15e+01     2s
   6  -3.92606093e+05  4.49318695e+05  1.33e-08 9.09e-13  1.69e+00     2s
   7  -5.87271991e+04  7.36727642e+04  1.29e-13 6.74e-13  2.66e-01     2s
   8  -8.85442257e+03  1.06081864e+04  6.63e-14 2.20e-13  3.92e-02     2s
   9  -1.41588737e+03  1.73882094e+03  2.22e-14 3.64e-14  6.35e-03     2s
  10  -2.31236636e+02  2.19742578e+02  6.31e-15 2.84e-14  9.07e-04     2s
  11  -5.11275055e+01  3.38858293e+01  3.56e-15 2.13e-14  1.71e-04     2s
  12  -8.34405080e+00  6.05422944e+00  9.91e-16 2.13e-14  2.90e-05     2s
  13  -8.60304309e-01  1.30597298e+00  3.31e-16 1.42e-14  4.36e-06     2s
  14  -1.25690658e-02  1.22208808e+00  2.88e-16 2.84e-14  2.48e-06     3s
  15   6.28164474e-01  9.22793016e-01  4.14e-17 1.42e-14  5.93e-07     3s
  16   7.51800120e-01  8.66375331e-01  1.00e-16 1.42e-14  2.31e-07     3s
  17   7.88671678e-01  8.52171357e-01  8.51e-17 1.42e-14  1.28e-07     3s
  18   8.16106824e-01  8.41873420e-01  1.06e-16 2.84e-14  5.18e-08     3s
  19   8.28502669e-01  8.37273430e-01  7.20e-17 1.42e-14  1.76e-08     3s
  20   8.32990534e-01  8.35687223e-01  3.98e-17 1.42e-14  5.43e-09     3s
  21   8.34078746e-01  8.35303094e-01  3.55e-17 1.42e-14  2.46e-09     3s
  22   8.34894527e-01  8.35016087e-01  4.62e-17 2.84e-14  2.45e-10     3s
  23   8.34974882e-01  8.34987816e-01  5.76e-17 1.42e-14  2.60e-11     3s
  24   8.34984306e-01  8.34984508e-01  1.70e-16 2.84e-14  4.06e-13     3s
  25   8.34984437e-01  8.34984462e-01  2.24e-15 2.13e-14  5.19e-14     4s
  26   8.34984450e-01  8.34984458e-01  3.97e-15 1.42e-14  1.68e-14     4s
  27   8.34984454e-01  8.34984456e-01  2.88e-15 1.42e-14  3.97e-15     4s
  28   8.34984455e-01  8.34984456e-01  2.70e-15 2.13e-14  1.07e-15     4s
  29   8.34984456e-01  8.34984456e-01  1.56e-15 1.42e-14  3.14e-16     4s
  30   8.34984456e-01  8.34984456e-01  1.44e-15 1.42e-14  2.96e-16     4s
  31   8.34984456e-01  8.34984456e-01  1.04e-15 1.42e-14  1.79e-16     4s
  32   8.34984456e-01  8.34984456e-01  9.68e-16 1.42e-14  1.72e-16     4s
  33   8.34984456e-01  8.34984456e-01  5.27e-16 1.42e-14  8.46e-17     4s

Barrier solved model in 33 iterations and 4.19 seconds (3.83 work units)
Optimal objective 8.34984456e-01

objective value: 0.8349844557225299
Done! Time elapsed: 24.99856996536255 seconds.
g_0_1: 1.000003669570285
g_1_1: 1.0000023087381484
g_1_2: 1.0000065086202157
g_2_1: 1.0000042363294364
g_2_2: 1.0000119427818814
g_2_3: 1.0000042363294366
g_2_4: 1.0000119427818532
Parameters from last iteration: [0.17400064 0.70700163 0.17400113 0.707003   0.17400208 0.707003
 0.17400208]

Parameters from current iteration:
                [0.17400064 0.70700163 0.17400113 0.707003   0.17400208 0.707003
 0.17400208]


                Percentage Error = 1.4356160762483808e-15
                
year done: 76
Time 77: 2
Optimization Iteration[1/20000]

Solving the optimization problem...
Set parameter TokenServer to value "licenses.rcc.uchicago.edu"
Read LP format model from file /scratch/local/jobs/50183984/tmp0ova9_ml.pyomo.lp
Reading time = 1.36 seconds
x1: 258121 rows, 502401 columns, 1259970 nonzeros
Set parameter Threads to value 8
Set parameter BarConvTol to value 1e-12
Gurobi Optimizer version 11.0.0 build v11.0.0rc2 (linux64 - "CentOS Linux 8")

CPU model: Intel(R) Xeon(R) Gold 6248R CPU @ 3.00GHz, instruction set [SSE2|AVX|AVX2|AVX512]
Thread count: 48 physical cores, 48 logical processors, using up to 8 threads

Optimize a model with 258121 rows, 502401 columns and 1259970 nonzeros
Model fingerprint: 0x1129e1f7
Model has 3166 quadratic objective terms
Coefficient statistics:
  Matrix range     [1e+00, 1e+03]
  Objective range  [5e-07, 7e+01]
  QObjective range [3e-01, 3e+03]
  Bounds range     [3e-04, 1e+00]
  RHS range        [1e-16, 6e+00]
Presolve removed 131482 rows and 128814 columns
Presolve time: 0.55s
Presolved: 126639 rows, 373587 columns, 743930 nonzeros
Presolved model has 3166 quadratic objective terms
Ordering time: 0.16s

Barrier statistics:
 AA' NZ     : 3.709e+05
 Factor NZ  : 4.212e+06 (roughly 240 MB of memory)
 Factor Ops : 3.974e+08 (less than 1 second per iteration)
 Threads    : 8

                  Objective                Residual
Iter       Primal          Dual         Primal    Dual     Compl     Time
   0  -1.08858984e+09  8.63519648e+08  7.80e+04 1.14e-13  1.00e+06     1s
   1  -6.35727304e+08  5.82241624e+08  1.87e+04 1.60e+02  2.62e+05     1s
   2  -3.24155004e+08  3.24098671e+08  2.36e+02 1.04e+00  4.64e+03     1s
   3  -7.58808410e+07  7.65393862e+07  1.95e+00 1.47e-12  3.30e+02     1s
   4  -1.46363884e+07  1.53249908e+07  1.70e-01 4.69e-12  6.19e+01     1s
   5  -2.69569123e+06  2.98245199e+06  1.33e-02 1.24e-12  1.15e+01     1s
   6  -3.92606104e+05  4.49318684e+05  1.33e-08 9.02e-13  1.69e+00     2s
   7  -5.87272100e+04  7.36727533e+04  1.51e-13 6.62e-13  2.66e-01     2s
   8  -8.85443348e+03  1.06081755e+04  7.44e-14 2.28e-13  3.92e-02     2s
   9  -1.41589828e+03  1.73881003e+03  2.26e-14 3.65e-14  6.35e-03     2s
  10  -2.31247549e+02  2.19731666e+02  5.93e-15 2.84e-14  9.07e-04     2s
  11  -5.11384177e+01  3.38749171e+01  3.13e-15 2.84e-14  1.71e-04     2s
  12  -8.35496300e+00  6.04331725e+00  1.09e-15 1.42e-14  2.90e-05     2s
  13  -8.71216505e-01  1.29506078e+00  4.01e-16 1.42e-14  4.36e-06     2s
  14  -2.34812622e-02  1.21117588e+00  3.15e-16 3.55e-14  2.48e-06     3s
  15   6.17252278e-01  9.11880820e-01  6.14e-17 1.42e-14  5.93e-07     3s
  16   7.40887924e-01  8.55463134e-01  8.17e-17 1.60e-14  2.31e-07     3s
  17   7.77759482e-01  8.41259160e-01  8.10e-17 1.47e-14  1.28e-07     3s
  18   8.05194628e-01  8.30961224e-01  7.45e-17 1.42e-14  5.18e-08     3s
  19   8.17590473e-01  8.26361234e-01  4.08e-17 1.42e-14  1.76e-08     3s
  20   8.22078337e-01  8.24775027e-01  6.38e-17 2.84e-14  5.43e-09     3s
  21   8.23166550e-01  8.24390898e-01  9.84e-17 1.42e-14  2.46e-09     3s
  22   8.23982330e-01  8.24103890e-01  4.86e-17 1.42e-14  2.45e-10     3s
  23   8.24062685e-01  8.24075620e-01  9.14e-17 2.13e-14  2.60e-11     3s
  24   8.24072110e-01  8.24072312e-01  1.37e-16 1.42e-14  4.06e-13     3s
  25   8.24072240e-01  8.24072266e-01  2.56e-15 1.42e-14  5.17e-14     3s
  26   8.24072253e-01  8.24072262e-01  4.21e-15 1.42e-14  1.68e-14     4s
  27   8.24072258e-01  8.24072260e-01  2.79e-15 1.42e-14  3.95e-15     4s
  28   8.24072259e-01  8.24072259e-01  2.78e-15 1.42e-14  1.06e-15     4s
  29   8.24072259e-01  8.24072259e-01  1.35e-15 1.42e-14  3.13e-16     4s
  30   8.24072259e-01  8.24072259e-01  1.24e-15 1.42e-14  2.91e-16     4s
  31   8.24072259e-01  8.24072259e-01  1.04e-15 1.42e-14  1.75e-16     4s
  32   8.24072259e-01  8.24072259e-01  9.48e-16 1.42e-14  1.67e-16     4s
  33   8.24072259e-01  8.24072259e-01  7.62e-16 1.42e-14  8.23e-17     4s

Barrier solved model in 33 iterations and 4.10 seconds (3.83 work units)
Optimal objective 8.24072259e-01

objective value: 0.8240722593100848
Done! Time elapsed: 25.015268802642822 seconds.
g_0_1: 1.000003669570285
g_1_1: 1.0000023087381484
g_1_2: 1.0000065086202155
g_2_1: 1.0000042363294366
g_2_2: 1.0000119427818805
g_2_3: 1.0000042363294368
g_2_4: 1.0000119427818532
Parameters from last iteration: [0.17400064 0.70700163 0.17400113 0.707003   0.17400208 0.707003
 0.17400208]

Parameters from current iteration:
                [0.17400064 0.70700163 0.17400113 0.707003   0.17400208 0.707003
 0.17400208]


                Percentage Error = 7.975644868046571e-16
                
year done: 77
Time 78: 2
Optimization Iteration[1/20000]

Solving the optimization problem...
Set parameter TokenServer to value "licenses.rcc.uchicago.edu"
Read LP format model from file /scratch/local/jobs/50183984/tmpsoumwgdi.pyomo.lp
Reading time = 1.34 seconds
x1: 258121 rows, 502401 columns, 1259970 nonzeros
Set parameter Threads to value 8
Set parameter BarConvTol to value 1e-12
Gurobi Optimizer version 11.0.0 build v11.0.0rc2 (linux64 - "CentOS Linux 8")

CPU model: Intel(R) Xeon(R) Gold 6248R CPU @ 3.00GHz, instruction set [SSE2|AVX|AVX2|AVX512]
Thread count: 48 physical cores, 48 logical processors, using up to 8 threads

Optimize a model with 258121 rows, 502401 columns and 1259970 nonzeros
Model fingerprint: 0xb1f64141
Model has 3166 quadratic objective terms
Coefficient statistics:
  Matrix range     [1e+00, 1e+03]
  Objective range  [5e-07, 7e+01]
  QObjective range [3e-01, 3e+03]
  Bounds range     [3e-04, 1e+00]
  RHS range        [1e-16, 6e+00]
Presolve removed 131482 rows and 128814 columns
Presolve time: 0.55s
Presolved: 126639 rows, 373587 columns, 743930 nonzeros
Presolved model has 3166 quadratic objective terms
Ordering time: 0.16s

Barrier statistics:
 AA' NZ     : 3.709e+05
 Factor NZ  : 4.212e+06 (roughly 240 MB of memory)
 Factor Ops : 3.974e+08 (less than 1 second per iteration)
 Threads    : 8

                  Objective                Residual
Iter       Primal          Dual         Primal    Dual     Compl     Time
   0  -1.08858984e+09  8.63519648e+08  7.80e+04 1.14e-13  1.00e+06     1s
   1  -6.35727304e+08  5.82241624e+08  1.87e+04 1.60e+02  2.62e+05     1s
   2  -3.24155004e+08  3.24098671e+08  2.36e+02 1.04e+00  4.64e+03     1s
   3  -7.58808410e+07  7.65393862e+07  1.95e+00 2.36e-12  3.30e+02     1s
   4  -1.46363884e+07  1.53249908e+07  1.70e-01 4.66e-12  6.19e+01     1s
   5  -2.69569124e+06  2.98245198e+06  1.33e-02 1.24e-12  1.15e+01     1s
   6  -3.92606114e+05  4.49318673e+05  1.33e-08 9.71e-13  1.69e+00     2s
   7  -5.87272205e+04  7.36727428e+04  1.50e-13 6.82e-13  2.66e-01     2s
   8  -8.85444390e+03  1.06081651e+04  6.66e-14 2.32e-13  3.92e-02     2s
   9  -1.41590870e+03  1.73879960e+03  2.74e-14 4.26e-14  6.35e-03     2s
  10  -2.31257970e+02  2.19721245e+02  6.80e-15 2.84e-14  9.07e-04     2s
  11  -5.11488388e+01  3.38644960e+01  4.48e-15 1.42e-14  1.71e-04     2s
  12  -8.36538406e+00  6.03289618e+00  1.14e-15 2.84e-14  2.90e-05     2s
  13  -8.81637572e-01  1.28463972e+00  3.77e-16 2.84e-14  4.36e-06     2s
  14  -3.39023289e-02  1.20075481e+00  3.18e-16 2.13e-14  2.48e-06     3s
  15   6.06831211e-01  9.01459753e-01  5.77e-17 2.13e-14  5.93e-07     3s
  16   7.30466857e-01  8.45042068e-01  6.36e-17 1.42e-14  2.31e-07     3s
  17   7.67338415e-01  8.30838094e-01  5.83e-17 2.84e-14  1.28e-07     3s
  18   7.94773561e-01  8.20540157e-01  1.02e-16 1.42e-14  5.18e-08     3s
  19   8.07169406e-01  8.15940167e-01  9.32e-17 1.42e-14  1.76e-08     3s
  20   8.11657271e-01  8.14353960e-01  8.26e-17 1.42e-14  5.43e-09     3s
  21   8.12745483e-01  8.13969831e-01  4.75e-17 2.84e-14  2.46e-09     3s
  22   8.13561264e-01  8.13682824e-01  8.25e-17 1.42e-14  2.45e-10     3s
  23   8.13641619e-01  8.13654553e-01  7.20e-17 1.47e-14  2.60e-11     3s
  24   8.13651043e-01  8.13651245e-01  1.61e-16 2.84e-14  4.06e-13     3s
  25   8.13651174e-01  8.13651199e-01  2.77e-15 1.42e-14  5.14e-14     3s
  26   8.13651187e-01  8.13651195e-01  5.50e-15 1.42e-14  1.67e-14     3s
  27   8.13651191e-01  8.13651193e-01  2.26e-15 2.13e-14  3.94e-15     4s
  28   8.13651192e-01  8.13651193e-01  2.62e-15 1.42e-14  1.06e-15     4s
  29   8.13651193e-01  8.13651193e-01  1.42e-15 1.42e-14  3.13e-16     4s
  30   8.13651193e-01  8.13651193e-01  1.11e-15 1.42e-14  2.82e-16     4s
  31   8.13651193e-01  8.13651193e-01  8.32e-16 1.42e-14  1.69e-16     4s
  32   8.13651193e-01  8.13651193e-01  7.64e-16 1.42e-14  1.61e-16     4s
  33   8.13651193e-01  8.13651193e-01  6.00e-16 1.42e-14  7.94e-17     4s

Barrier solved model in 33 iterations and 4.08 seconds (3.83 work units)
Optimal objective 8.13651193e-01

objective value: 0.8136511926394657
Done! Time elapsed: 26.36624836921692 seconds.
g_0_1: 1.0000036695702847
g_1_1: 1.0000023087381487
g_1_2: 1.0000065086202155
g_2_1: 1.0000042363294364
g_2_2: 1.0000119427818794
g_2_3: 1.0000042363294368
g_2_4: 1.0000119427818532
Parameters from last iteration: [0.17400064 0.70700163 0.17400113 0.707003   0.17400208 0.707003
 0.17400208]

Parameters from current iteration:
                [0.17400064 0.70700163 0.17400113 0.707003   0.17400208 0.707003
 0.17400208]


                Percentage Error = 1.1165902815265208e-15
                
year done: 78
Time 79: 2
Optimization Iteration[1/20000]

Solving the optimization problem...
Set parameter TokenServer to value "licenses.rcc.uchicago.edu"
Read LP format model from file /scratch/local/jobs/50183984/tmppnk8436y.pyomo.lp
Reading time = 1.35 seconds
x1: 258121 rows, 502401 columns, 1259970 nonzeros
Set parameter Threads to value 8
Set parameter BarConvTol to value 1e-12
Gurobi Optimizer version 11.0.0 build v11.0.0rc2 (linux64 - "CentOS Linux 8")

CPU model: Intel(R) Xeon(R) Gold 6248R CPU @ 3.00GHz, instruction set [SSE2|AVX|AVX2|AVX512]
Thread count: 48 physical cores, 48 logical processors, using up to 8 threads

Optimize a model with 258121 rows, 502401 columns and 1259970 nonzeros
Model fingerprint: 0x00f9c7bb
Model has 3166 quadratic objective terms
Coefficient statistics:
  Matrix range     [1e+00, 1e+03]
  Objective range  [5e-07, 7e+01]
  QObjective range [3e-01, 3e+03]
  Bounds range     [3e-04, 1e+00]
  RHS range        [1e-16, 6e+00]
Presolve removed 131482 rows and 128814 columns
Presolve time: 0.55s
Presolved: 126639 rows, 373587 columns, 743930 nonzeros
Presolved model has 3166 quadratic objective terms
Ordering time: 0.16s

Barrier statistics:
 AA' NZ     : 3.709e+05
 Factor NZ  : 4.212e+06 (roughly 240 MB of memory)
 Factor Ops : 3.974e+08 (less than 1 second per iteration)
 Threads    : 8

                  Objective                Residual
Iter       Primal          Dual         Primal    Dual     Compl     Time
   0  -1.08858984e+09  8.63519648e+08  7.80e+04 1.14e-13  1.00e+06     1s
   1  -6.35727304e+08  5.82241624e+08  1.87e+04 1.60e+02  2.62e+05     1s
   2  -3.24155004e+08  3.24098671e+08  2.36e+02 1.04e+00  4.64e+03     1s
   3  -7.58808410e+07  7.65393862e+07  1.95e+00 1.43e-12  3.30e+02     1s
   4  -1.46363884e+07  1.53249907e+07  1.70e-01 4.95e-12  6.19e+01     1s
   5  -2.69569125e+06  2.98245197e+06  1.33e-02 1.20e-12  1.15e+01     1s
   6  -3.92606124e+05  4.49318663e+05  1.33e-08 1.69e-12  1.69e+00     2s
   7  -5.87272304e+04  7.36727329e+04  1.58e-13 7.82e-13  2.66e-01     2s
   8  -8.85445385e+03  1.06081552e+04  5.25e-14 2.52e-13  3.92e-02     2s
   9  -1.41591866e+03  1.73878965e+03  2.36e-14 4.26e-14  6.35e-03     2s
  10  -2.31267922e+02  2.19711293e+02  7.03e-15 2.84e-14  9.07e-04     2s
  11  -5.11587908e+01  3.38545440e+01  3.15e-15 2.13e-14  1.71e-04     2s
  12  -8.37533611e+00  6.02294414e+00  1.30e-15 1.42e-14  2.90e-05     2s
  13  -8.91589613e-01  1.27468767e+00  4.55e-16 1.42e-14  4.36e-06     2s
  14  -4.38543703e-02  1.19080277e+00  2.68e-16 2.84e-14  2.48e-06     3s
  15   5.96879170e-01  8.91507712e-01  5.92e-17 1.42e-14  5.93e-07     3s
  16   7.20514816e-01  8.35090026e-01  6.90e-17 1.42e-14  2.31e-07     3s
  17   7.57386374e-01  8.20886052e-01  6.27e-17 1.42e-14  1.28e-07     3s
  18   7.84821520e-01  8.10588116e-01  1.41e-16 1.42e-14  5.18e-08     3s
  19   7.97217365e-01  8.05988125e-01  1.05e-16 2.84e-14  1.76e-08     3s
  20   8.01705229e-01  8.04401919e-01  7.49e-17 1.42e-14  5.43e-09     3s
  21   8.02793442e-01  8.04017789e-01  4.01e-17 1.42e-14  2.46e-09     3s
  22   8.03609222e-01  8.03730782e-01  7.98e-17 1.42e-14  2.45e-10     3s
  23   8.03689577e-01  8.03702512e-01  1.14e-16 2.13e-14  2.60e-11     3s
  24   8.03699002e-01  8.03699204e-01  1.48e-16 1.42e-14  4.06e-13     3s
  25   8.03699132e-01  8.03699158e-01  2.13e-15 1.42e-14  5.12e-14     3s
  26   8.03699145e-01  8.03699153e-01  3.80e-15 1.42e-14  1.67e-14     3s
  27   8.03699150e-01  8.03699152e-01  2.48e-15 1.42e-14  3.93e-15     4s
  28   8.03699151e-01  8.03699151e-01  2.74e-15 1.42e-14  1.06e-15     4s
  29   8.03699151e-01  8.03699151e-01  1.32e-15 1.42e-14  3.12e-16     4s
  30   8.03699151e-01  8.03699151e-01  1.23e-15 1.64e-14  2.72e-16     4s
  31   8.03699151e-01  8.03699151e-01  8.00e-16 1.42e-14  1.62e-16     4s
  32   8.03699151e-01  8.03699151e-01  7.26e-16 1.42e-14  1.53e-16     4s
  33   8.03699151e-01  8.03699151e-01  5.55e-16 1.42e-14  7.61e-17     4s

Barrier solved model in 33 iterations and 4.10 seconds (3.83 work units)
Optimal objective 8.03699151e-01

objective value: 0.8036991512310074
Done! Time elapsed: 24.649806022644043 seconds.
g_0_1: 1.0000036695702845
g_1_1: 1.0000023087381489
g_1_2: 1.0000065086202152
g_2_1: 1.0000042363294364
g_2_2: 1.0000119427818783
g_2_3: 1.0000042363294368
g_2_4: 1.000011942781853
Parameters from last iteration: [0.17400064 0.70700163 0.17400113 0.707003   0.17400208 0.707003
 0.17400208]

Parameters from current iteration:
                [0.17400064 0.70700163 0.17400113 0.707003   0.17400208 0.707003
 0.17400208]


                Percentage Error = 1.1165902815265222e-15
                
year done: 79
Time 80: 2
Optimization Iteration[1/20000]

Solving the optimization problem...
Set parameter TokenServer to value "licenses.rcc.uchicago.edu"
Read LP format model from file /scratch/local/jobs/50183984/tmpbufkejvh.pyomo.lp
Reading time = 1.35 seconds
x1: 258121 rows, 502401 columns, 1259970 nonzeros
Set parameter Threads to value 8
Set parameter BarConvTol to value 1e-12
Gurobi Optimizer version 11.0.0 build v11.0.0rc2 (linux64 - "CentOS Linux 8")

CPU model: Intel(R) Xeon(R) Gold 6248R CPU @ 3.00GHz, instruction set [SSE2|AVX|AVX2|AVX512]
Thread count: 48 physical cores, 48 logical processors, using up to 8 threads

Optimize a model with 258121 rows, 502401 columns and 1259970 nonzeros
Model fingerprint: 0x6f5f6341
Model has 3166 quadratic objective terms
Coefficient statistics:
  Matrix range     [1e+00, 1e+03]
  Objective range  [5e-07, 7e+01]
  QObjective range [3e-01, 3e+03]
  Bounds range     [3e-04, 1e+00]
  RHS range        [1e-16, 6e+00]
Presolve removed 131482 rows and 128814 columns
Presolve time: 0.55s
Presolved: 126639 rows, 373587 columns, 743930 nonzeros
Presolved model has 3166 quadratic objective terms
Ordering time: 0.16s

Barrier statistics:
 AA' NZ     : 3.709e+05
 Factor NZ  : 4.212e+06 (roughly 240 MB of memory)
 Factor Ops : 3.974e+08 (less than 1 second per iteration)
 Threads    : 8

                  Objective                Residual
Iter       Primal          Dual         Primal    Dual     Compl     Time
   0  -1.08858984e+09  8.63519648e+08  7.80e+04 1.13e-13  1.00e+06     1s
   1  -6.35727304e+08  5.82241624e+08  1.87e+04 1.60e+02  2.62e+05     1s
   2  -3.24155004e+08  3.24098671e+08  2.36e+02 1.04e+00  4.64e+03     1s
   3  -7.58808410e+07  7.65393862e+07  1.95e+00 1.66e-12  3.30e+02     1s
   4  -1.46363884e+07  1.53249907e+07  1.70e-01 4.12e-12  6.19e+01     1s
   5  -2.69569125e+06  2.98245196e+06  1.33e-02 1.23e-12  1.15e+01     1s
   6  -3.92606133e+05  4.49318654e+05  1.33e-08 1.00e-12  1.69e+00     2s
   7  -5.87272399e+04  7.36727234e+04  1.71e-13 6.57e-13  2.66e-01     2s
   8  -8.85446336e+03  1.06081457e+04  4.75e-14 2.29e-13  3.92e-02     2s
   9  -1.41592816e+03  1.73878015e+03  2.16e-14 4.44e-14  6.35e-03     2s
  10  -2.31277426e+02  2.19701789e+02  6.93e-15 2.84e-14  9.07e-04     2s
  11  -5.11682949e+01  3.38450399e+01  3.35e-15 1.42e-14  1.71e-04     2s
  12  -8.38484023e+00  6.01344001e+00  1.02e-15 1.42e-14  2.90e-05     2s
  13  -9.01093739e-01  1.26518355e+00  3.82e-16 1.42e-14  4.36e-06     2s
  14  -5.33584961e-02  1.18129865e+00  2.64e-16 2.84e-14  2.48e-06     3s
  15   5.87375044e-01  8.82003586e-01  4.84e-17 2.84e-14  5.93e-07     3s
  16   7.11010690e-01  8.25585900e-01  5.26e-17 1.42e-14  2.31e-07     3s
  17   7.47882248e-01  8.11381926e-01  1.27e-16 1.42e-14  1.28e-07     3s
  18   7.75317394e-01  8.01083990e-01  4.42e-17 1.42e-14  5.18e-08     3s
  19   7.87713239e-01  7.96484000e-01  5.86e-17 1.42e-14  1.76e-08     3s
  20   7.92201104e-01  7.94897793e-01  1.02e-16 1.42e-14  5.43e-09     3s
  21   7.93289316e-01  7.94513664e-01  4.02e-17 1.42e-14  2.46e-09     3s
  22   7.94105096e-01  7.94226657e-01  6.20e-17 1.42e-14  2.45e-10     3s
  23   7.94185451e-01  7.94198386e-01  7.29e-17 2.13e-14  2.60e-11     3s
  24   7.94194876e-01  7.94195078e-01  1.40e-16 2.84e-14  4.06e-13     3s
  25   7.94195007e-01  7.94195032e-01  2.65e-15 1.42e-14  5.09e-14     3s
  26   7.94195019e-01  7.94195028e-01  5.39e-15 2.13e-14  1.66e-14     3s
  27   7.94195024e-01  7.94195026e-01  2.60e-15 1.42e-14  3.92e-15     4s
  28   7.94195025e-01  7.94195026e-01  2.85e-15 1.42e-14  1.05e-15     4s
  29   7.94195025e-01  7.94195026e-01  1.25e-15 1.42e-14  3.11e-16     4s
  30   7.94195025e-01  7.94195026e-01  9.47e-16 1.42e-14  2.63e-16     4s
  31   7.94195025e-01  7.94195026e-01  7.04e-16 1.42e-14  1.58e-16     4s
  32   7.94195025e-01  7.94195026e-01  6.23e-16 1.42e-14  1.44e-16     4s
  33   7.94195025e-01  7.94195026e-01  5.59e-16 1.42e-14  7.11e-17     4s

Barrier solved model in 33 iterations and 4.09 seconds (3.83 work units)
Optimal objective 7.94195025e-01

objective value: 0.7941950254709912
Done! Time elapsed: 24.887815952301025 seconds.
g_0_1: 1.000003669570284
g_1_1: 1.0000023087381489
g_1_2: 1.000006508620215
g_2_1: 1.0000042363294368
g_2_2: 1.0000119427818766
g_2_3: 1.0000042363294368
g_2_4: 1.000011942781853
Parameters from last iteration: [0.17400064 0.70700163 0.17400113 0.707003   0.17400208 0.707003
 0.17400208]

Parameters from current iteration:
                [0.17400064 0.70700163 0.17400113 0.707003   0.17400208 0.707003
 0.17400208]


                Percentage Error = 1.7546418709702509e-15
                
year done: 80
Time 81: 2
Optimization Iteration[1/20000]

Solving the optimization problem...
Set parameter TokenServer to value "licenses.rcc.uchicago.edu"
Read LP format model from file /scratch/local/jobs/50183984/tmpoap482jn.pyomo.lp
Reading time = 1.36 seconds
x1: 258121 rows, 502401 columns, 1259970 nonzeros
Set parameter Threads to value 8
Set parameter BarConvTol to value 1e-12
Gurobi Optimizer version 11.0.0 build v11.0.0rc2 (linux64 - "CentOS Linux 8")

CPU model: Intel(R) Xeon(R) Gold 6248R CPU @ 3.00GHz, instruction set [SSE2|AVX|AVX2|AVX512]
Thread count: 48 physical cores, 48 logical processors, using up to 8 threads

Optimize a model with 258121 rows, 502401 columns and 1259970 nonzeros
Model fingerprint: 0xf0540dde
Model has 3166 quadratic objective terms
Coefficient statistics:
  Matrix range     [1e+00, 1e+03]
  Objective range  [5e-07, 7e+01]
  QObjective range [3e-01, 3e+03]
  Bounds range     [3e-04, 1e+00]
  RHS range        [1e-16, 6e+00]
Presolve removed 131482 rows and 128814 columns
Presolve time: 0.55s
Presolved: 126639 rows, 373587 columns, 743930 nonzeros
Presolved model has 3166 quadratic objective terms
Ordering time: 0.16s

Barrier statistics:
 AA' NZ     : 3.709e+05
 Factor NZ  : 4.212e+06 (roughly 240 MB of memory)
 Factor Ops : 3.974e+08 (less than 1 second per iteration)
 Threads    : 8

                  Objective                Residual
Iter       Primal          Dual         Primal    Dual     Compl     Time
   0  -1.08858984e+09  8.63519648e+08  7.80e+04 1.13e-13  1.00e+06     1s
   1  -6.35727304e+08  5.82241624e+08  1.87e+04 1.60e+02  2.62e+05     1s
   2  -3.24155004e+08  3.24098671e+08  2.36e+02 1.04e+00  4.64e+03     2s
   3  -7.58808410e+07  7.65393862e+07  1.95e+00 1.58e-12  3.30e+02     2s
   4  -1.46363884e+07  1.53249907e+07  1.70e-01 3.01e-12  6.19e+01     2s
   5  -2.69569126e+06  2.98245195e+06  1.33e-02 1.47e-12  1.15e+01     2s
   6  -3.92606142e+05  4.49318645e+05  1.33e-08 1.61e-12  1.69e+00     2s
   7  -5.87272490e+04  7.36727143e+04  1.41e-13 6.08e-13  2.66e-01     2s
   8  -8.85447243e+03  1.06081366e+04  7.18e-14 2.23e-13  3.92e-02     2s
   9  -1.41593724e+03  1.73877107e+03  2.41e-14 3.88e-14  6.35e-03     2s
  10  -2.31286502e+02  2.19692713e+02  9.02e-15 2.84e-14  9.07e-04     2s
  11  -5.11773713e+01  3.38359635e+01  3.39e-15 2.84e-14  1.71e-04     3s
  12  -8.39391660e+00  6.00436364e+00  1.28e-15 1.42e-14  2.90e-05     3s
  13  -9.10170109e-01  1.25610718e+00  5.08e-16 1.42e-14  4.36e-06     3s
  14  -6.24348657e-02  1.17222228e+00  2.85e-16 3.55e-14  2.48e-06     3s
  15   5.78298674e-01  8.72927216e-01  9.09e-17 1.42e-14  5.93e-07     3s
  16   7.01934320e-01  8.16509531e-01  7.86e-17 1.42e-14  2.31e-07     3s
  17   7.38805878e-01  8.02305557e-01  8.32e-17 1.42e-14  1.28e-07     3s
  18   7.66241024e-01  7.92007621e-01  1.59e-16 1.42e-14  5.18e-08     3s
  19   7.78636869e-01  7.87407630e-01  6.92e-17 1.42e-14  1.76e-08     4s
  20   7.83124734e-01  7.85821423e-01  1.03e-16 1.42e-14  5.43e-09     4s
  21   7.84212946e-01  7.85437294e-01  4.46e-17 1.42e-14  2.46e-09     4s
  22   7.85028727e-01  7.85150287e-01  8.28e-17 1.42e-14  2.45e-10     4s
  23   7.85109082e-01  7.85122016e-01  1.05e-16 1.42e-14  2.60e-11     4s
  24   7.85118506e-01  7.85118708e-01  1.53e-16 1.42e-14  4.06e-13     4s
  25   7.85118637e-01  7.85118662e-01  2.27e-15 1.42e-14  5.06e-14     4s
  26   7.85118650e-01  7.85118658e-01  4.28e-15 1.42e-14  1.65e-14     4s
  27   7.85118654e-01  7.85118656e-01  2.62e-15 2.84e-14  3.91e-15     4s
  28   7.85118655e-01  7.85118656e-01  2.66e-15 1.42e-14  1.05e-15     4s
  29   7.85118656e-01  7.85118656e-01  1.41e-15 1.42e-14  3.10e-16     4s
  30   7.85118656e-01  7.85118656e-01  1.05e-15 1.42e-14  2.52e-16     4s
  31   7.85118656e-01  7.85118656e-01  6.48e-16 1.42e-14  1.52e-16     4s
  32   7.85118656e-01  7.85118656e-01  5.65e-16 1.42e-14  1.34e-16     5s
  33   7.85118656e-01  7.85118656e-01  5.06e-16 1.42e-14  7.36e-17     5s

Barrier solved model in 33 iterations and 4.65 seconds (3.83 work units)
Optimal objective 7.85118656e-01

objective value: 0.7851186558311263
Done! Time elapsed: 25.500879287719727 seconds.
g_0_1: 1.0000036695702843
g_1_1: 1.0000023087381489
g_1_2: 1.0000065086202152
g_2_1: 1.0000042363294366
g_2_2: 1.0000119427818774
g_2_3: 1.000004236329437
g_2_4: 1.000011942781853
Parameters from last iteration: [0.17400064 0.70700163 0.17400113 0.707003   0.17400208 0.707003
 0.17400208]

Parameters from current iteration:
                [0.17400064 0.70700163 0.17400113 0.707003   0.17400208 0.707003
 0.17400208]


                Percentage Error = 7.975644868046609e-16
                
year done: 81
Time 82: 2
Optimization Iteration[1/20000]

Solving the optimization problem...
Set parameter TokenServer to value "licenses.rcc.uchicago.edu"
Read LP format model from file /scratch/local/jobs/50183984/tmphcdal2km.pyomo.lp
Reading time = 1.36 seconds
x1: 258121 rows, 502401 columns, 1259970 nonzeros
Set parameter Threads to value 8
Set parameter BarConvTol to value 1e-12
Gurobi Optimizer version 11.0.0 build v11.0.0rc2 (linux64 - "CentOS Linux 8")

CPU model: Intel(R) Xeon(R) Gold 6248R CPU @ 3.00GHz, instruction set [SSE2|AVX|AVX2|AVX512]
Thread count: 48 physical cores, 48 logical processors, using up to 8 threads

Optimize a model with 258121 rows, 502401 columns and 1259970 nonzeros
Model fingerprint: 0xa6fa117d
Model has 3166 quadratic objective terms
Coefficient statistics:
  Matrix range     [1e+00, 1e+03]
  Objective range  [5e-07, 7e+01]
  QObjective range [3e-01, 3e+03]
  Bounds range     [3e-04, 1e+00]
  RHS range        [1e-16, 6e+00]
Presolve removed 131482 rows and 128814 columns
Presolve time: 0.54s
Presolved: 126639 rows, 373587 columns, 743930 nonzeros
Presolved model has 3166 quadratic objective terms
Ordering time: 0.16s

Barrier statistics:
 AA' NZ     : 3.709e+05
 Factor NZ  : 4.212e+06 (roughly 240 MB of memory)
 Factor Ops : 3.974e+08 (less than 1 second per iteration)
 Threads    : 8

                  Objective                Residual
Iter       Primal          Dual         Primal    Dual     Compl     Time
   0  -1.08858984e+09  8.63519648e+08  7.80e+04 1.13e-13  1.00e+06     1s
   1  -6.35727304e+08  5.82241624e+08  1.87e+04 1.60e+02  2.62e+05     1s
   2  -3.24155004e+08  3.24098671e+08  2.36e+02 1.04e+00  4.64e+03     1s
   3  -7.58808410e+07  7.65393862e+07  1.95e+00 1.44e-12  3.30e+02     1s
   4  -1.46363884e+07  1.53249907e+07  1.70e-01 4.93e-12  6.19e+01     1s
   5  -2.69569127e+06  2.98245194e+06  1.33e-02 1.24e-12  1.15e+01     1s
   6  -3.92606151e+05  4.49318636e+05  1.33e-08 2.14e-12  1.69e+00     2s
   7  -5.87272577e+04  7.36727056e+04  1.71e-13 6.91e-13  2.66e-01     2s
   8  -8.85448110e+03  1.06081279e+04  7.11e-14 2.16e-13  3.92e-02     2s
   9  -1.41594590e+03  1.73876240e+03  2.80e-14 5.68e-14  6.35e-03     2s
  10  -2.31295170e+02  2.19684045e+02  7.22e-15 2.84e-14  9.07e-04     2s
  11  -5.11860392e+01  3.38272956e+01  2.58e-15 1.47e-14  1.71e-04     2s
  12  -8.40258447e+00  5.99569578e+00  1.04e-15 1.42e-14  2.90e-05     2s
  13  -9.18837974e-01  1.24743931e+00  4.14e-16 1.42e-14  4.36e-06     2s
  14  -7.11027314e-02  1.16355441e+00  2.68e-16 5.68e-14  2.48e-06     2s
  15   5.69630808e-01  8.64259350e-01  8.59e-17 1.42e-14  5.93e-07     3s
  16   6.93266455e-01  8.07841665e-01  9.00e-17 2.84e-14  2.31e-07     3s
  17   7.30138013e-01  7.93637691e-01  4.24e-17 1.42e-14  1.28e-07     3s
  18   7.57573159e-01  7.83339755e-01  4.62e-17 1.47e-14  5.18e-08     3s
  19   7.69969004e-01  7.78739764e-01  4.69e-17 1.42e-14  1.76e-08     3s
  20   7.74456868e-01  7.77153558e-01  6.94e-17 2.84e-14  5.43e-09     3s
  21   7.75545080e-01  7.76769428e-01  7.35e-17 1.42e-14  2.46e-09     3s
  22   7.76360861e-01  7.76482421e-01  1.68e-16 2.13e-14  2.45e-10     3s
  23   7.76441216e-01  7.76454150e-01  8.79e-17 2.84e-14  2.60e-11     3s
  24   7.76450641e-01  7.76450843e-01  1.66e-16 1.42e-14  4.06e-13     3s
  25   7.76450772e-01  7.76450797e-01  3.29e-15 2.13e-14  5.03e-14     3s
  26   7.76450784e-01  7.76450792e-01  3.71e-15 1.47e-14  1.65e-14     3s
  27   7.76450789e-01  7.76450791e-01  3.01e-15 1.42e-14  3.89e-15     4s
  28   7.76450790e-01  7.76450790e-01  3.45e-15 2.84e-14  1.05e-15     4s
  29   7.76450790e-01  7.76450790e-01  1.35e-15 1.42e-14  3.08e-16     4s
  30   7.76450790e-01  7.76450790e-01  9.63e-16 1.42e-14  2.39e-16     4s
  31   7.76450790e-01  7.76450790e-01  8.57e-16 1.42e-14  1.45e-16     4s
  32   7.76450790e-01  7.76450790e-01  6.61e-16 1.42e-14  1.20e-16     4s
  33   7.76450790e-01  7.76450790e-01  5.14e-16 1.42e-14  5.91e-17     4s

Barrier solved model in 33 iterations and 4.06 seconds (3.83 work units)
Optimal objective 7.76450790e-01

objective value: 0.776450790123428
Done! Time elapsed: 24.701128482818604 seconds.
g_0_1: 1.0000036695702832
g_1_1: 1.0000023087381493
g_1_2: 1.0000065086202148
g_2_1: 1.000004236329437
g_2_2: 1.000011942781872
g_2_3: 1.000004236329437
g_2_4: 1.0000119427818526
Parameters from last iteration: [0.17400064 0.70700163 0.17400113 0.707003   0.17400208 0.707003
 0.17400208]

Parameters from current iteration:
                [0.17400064 0.70700163 0.17400113 0.707003   0.17400208 0.707003
 0.17400208]


                Percentage Error = 5.263925612910758e-15
                
year done: 82
Time 83: 2
Optimization Iteration[1/20000]

Solving the optimization problem...
Set parameter TokenServer to value "licenses.rcc.uchicago.edu"
Read LP format model from file /scratch/local/jobs/50183984/tmpkcr__c1c.pyomo.lp
Reading time = 1.34 seconds
x1: 258121 rows, 502401 columns, 1259970 nonzeros
Set parameter Threads to value 8
Set parameter BarConvTol to value 1e-12
Gurobi Optimizer version 11.0.0 build v11.0.0rc2 (linux64 - "CentOS Linux 8")

CPU model: Intel(R) Xeon(R) Gold 6248R CPU @ 3.00GHz, instruction set [SSE2|AVX|AVX2|AVX512]
Thread count: 48 physical cores, 48 logical processors, using up to 8 threads

Optimize a model with 258121 rows, 502401 columns and 1259970 nonzeros
Model fingerprint: 0xa9733948
Model has 3166 quadratic objective terms
Coefficient statistics:
  Matrix range     [1e+00, 1e+03]
  Objective range  [5e-07, 7e+01]
  QObjective range [3e-01, 3e+03]
  Bounds range     [3e-04, 1e+00]
  RHS range        [1e-16, 6e+00]
Presolve removed 131482 rows and 128814 columns
Presolve time: 0.55s
Presolved: 126639 rows, 373587 columns, 743930 nonzeros
Presolved model has 3166 quadratic objective terms
Ordering time: 0.16s

Barrier statistics:
 AA' NZ     : 3.709e+05
 Factor NZ  : 4.212e+06 (roughly 240 MB of memory)
 Factor Ops : 3.974e+08 (less than 1 second per iteration)
 Threads    : 8

                  Objective                Residual
Iter       Primal          Dual         Primal    Dual     Compl     Time
   0  -1.08858984e+09  8.63519648e+08  7.80e+04 1.13e-13  1.00e+06     1s
   1  -6.35727304e+08  5.82241624e+08  1.87e+04 1.60e+02  2.62e+05     1s
   2  -3.24155004e+08  3.24098671e+08  2.36e+02 1.04e+00  4.64e+03     1s
   3  -7.58808410e+07  7.65393862e+07  1.95e+00 1.65e-12  3.30e+02     1s
   4  -1.46363884e+07  1.53249907e+07  1.70e-01 3.48e-12  6.19e+01     1s
   5  -2.69569128e+06  2.98245193e+06  1.33e-02 1.56e-12  1.15e+01     1s
   6  -3.92606159e+05  4.49318628e+05  1.33e-08 8.87e-13  1.69e+00     2s
   7  -5.87272659e+04  7.36726974e+04  1.48e-13 7.03e-13  2.66e-01     2s
   8  -8.85448938e+03  1.06081196e+04  6.00e-14 2.22e-13  3.92e-02     2s
   9  -1.41595418e+03  1.73875413e+03  2.27e-14 4.41e-14  6.35e-03     2s
  10  -2.31303448e+02  2.19675767e+02  9.07e-15 2.84e-14  9.07e-04     2s
  11  -5.11943169e+01  3.38190179e+01  3.19e-15 1.42e-14  1.71e-04     2s
  12  -8.41086221e+00  5.98741803e+00  1.10e-15 2.84e-14  2.90e-05     2s
  13  -9.27115722e-01  1.23916157e+00  4.64e-16 1.42e-14  4.36e-06     2s
  14  -7.93804789e-02  1.15527666e+00  3.16e-16 2.84e-14  2.48e-06     3s
  15   5.61353061e-01  8.55981603e-01  5.70e-17 2.13e-14  5.93e-07     3s
  16   6.84988707e-01  7.99563918e-01  1.13e-16 1.42e-14  2.31e-07     3s
  17   7.21860265e-01  7.85359944e-01  6.21e-17 2.84e-14  1.28e-07     3s
  18   7.49295411e-01  7.75062007e-01  8.08e-17 1.42e-14  5.18e-08     3s
  19   7.61691256e-01  7.70462017e-01  9.92e-17 1.42e-14  1.76e-08     3s
  20   7.66179121e-01  7.68875810e-01  5.98e-17 1.42e-14  5.43e-09     3s
  21   7.67267333e-01  7.68491681e-01  8.56e-17 1.42e-14  2.46e-09     3s
  22   7.68083114e-01  7.68204674e-01  6.30e-17 2.13e-14  2.45e-10     3s
  23   7.68163469e-01  7.68176403e-01  9.40e-17 2.84e-14  2.60e-11     3s
  24   7.68172893e-01  7.68173095e-01  1.65e-16 1.42e-14  4.06e-13     3s
  25   7.68173024e-01  7.68173049e-01  3.02e-15 2.13e-14  4.99e-14     3s
  26   7.68173037e-01  7.68173045e-01  4.69e-15 1.42e-14  1.64e-14     3s
  27   7.68173041e-01  7.68173043e-01  2.53e-15 1.42e-14  3.87e-15     4s
  28   7.68173042e-01  7.68173043e-01  2.50e-15 2.13e-14  1.04e-15     4s
  29   7.68173043e-01  7.68173043e-01  1.24e-15 1.42e-14  3.06e-16     4s
  30   7.68173043e-01  7.68173043e-01  8.54e-16 1.42e-14  2.22e-16     4s
  31   7.68173043e-01  7.68173043e-01  9.74e-16 1.42e-14  1.36e-16     4s
  32   7.68173043e-01  7.68173043e-01  4.97e-16 1.42e-14  9.33e-17     4s

Barrier solved model in 32 iterations and 3.98 seconds (3.75 work units)
Optimal objective 7.68173043e-01

objective value: 0.7681730426186102
Done! Time elapsed: 26.20070481300354 seconds.
g_0_1: 1.0000036695702854
g_1_1: 1.0000023087381484
g_1_2: 1.0000065086202161
g_2_1: 1.0000042363294361
g_2_2: 1.0000119427818848
g_2_3: 1.0000042363294364
g_2_4: 1.0000119427818535
Parameters from last iteration: [0.17400064 0.70700163 0.17400113 0.707003   0.17400208 0.707003
 0.17400208]

Parameters from current iteration:
                [0.17400064 0.70700163 0.17400113 0.707003   0.17400208 0.707003
 0.17400208]


                Percentage Error = 1.2601518891513699e-14
                
year done: 83
Time 84: 2
Optimization Iteration[1/20000]

Solving the optimization problem...
Set parameter TokenServer to value "licenses.rcc.uchicago.edu"
Read LP format model from file /scratch/local/jobs/50183984/tmp2r5fyenm.pyomo.lp
Reading time = 1.35 seconds
x1: 258121 rows, 502401 columns, 1259970 nonzeros
Set parameter Threads to value 8
Set parameter BarConvTol to value 1e-12
Gurobi Optimizer version 11.0.0 build v11.0.0rc2 (linux64 - "CentOS Linux 8")

CPU model: Intel(R) Xeon(R) Gold 6248R CPU @ 3.00GHz, instruction set [SSE2|AVX|AVX2|AVX512]
Thread count: 48 physical cores, 48 logical processors, using up to 8 threads

Optimize a model with 258121 rows, 502401 columns and 1259970 nonzeros
Model fingerprint: 0x62e402d2
Model has 3166 quadratic objective terms
Coefficient statistics:
  Matrix range     [1e+00, 1e+03]
  Objective range  [5e-07, 7e+01]
  QObjective range [3e-01, 3e+03]
  Bounds range     [3e-04, 1e+00]
  RHS range        [1e-16, 6e+00]
Presolve removed 131482 rows and 128814 columns
Presolve time: 0.55s
Presolved: 126639 rows, 373587 columns, 743930 nonzeros
Presolved model has 3166 quadratic objective terms
Ordering time: 0.16s

Barrier statistics:
 AA' NZ     : 3.709e+05
 Factor NZ  : 4.212e+06 (roughly 240 MB of memory)
 Factor Ops : 3.974e+08 (less than 1 second per iteration)
 Threads    : 8

                  Objective                Residual
Iter       Primal          Dual         Primal    Dual     Compl     Time
   0  -1.08858984e+09  8.63519648e+08  7.80e+04 1.13e-13  1.00e+06     1s
   1  -6.35727304e+08  5.82241624e+08  1.87e+04 1.60e+02  2.62e+05     1s
   2  -3.24155004e+08  3.24098671e+08  2.36e+02 1.04e+00  4.64e+03     1s
   3  -7.58808410e+07  7.65393862e+07  1.95e+00 1.59e-12  3.30e+02     1s
   4  -1.46363884e+07  1.53249907e+07  1.70e-01 3.36e-12  6.19e+01     1s
   5  -2.69569129e+06  2.98245193e+06  1.33e-02 1.24e-12  1.15e+01     1s
   6  -3.92606167e+05  4.49318620e+05  1.33e-08 9.76e-13  1.69e+00     2s
   7  -5.87272738e+04  7.36726895e+04  1.59e-13 6.77e-13  2.66e-01     2s
   8  -8.85449728e+03  1.06081117e+04  6.28e-14 2.42e-13  3.92e-02     2s
   9  -1.41596209e+03  1.73874622e+03  2.80e-14 4.18e-14  6.35e-03     2s
  10  -2.31311353e+02  2.19667862e+02  1.00e-14 2.84e-14  9.07e-04     2s
  11  -5.12022221e+01  3.38111127e+01  4.85e-15 2.13e-14  1.71e-04     2s
  12  -8.41876740e+00  5.97951284e+00  1.01e-15 1.42e-14  2.90e-05     2s
  13  -9.35020909e-01  1.23125638e+00  3.97e-16 1.42e-14  4.36e-06     2s
  14  -8.72856664e-02  1.14737148e+00  2.94e-16 2.84e-14  2.48e-06     3s
  15   5.53447874e-01  8.48076415e-01  1.16e-16 1.42e-14  5.93e-07     3s
  16   6.77083520e-01  7.91658730e-01  1.17e-16 2.84e-14  2.31e-07     3s
  17   7.13955078e-01  7.77454756e-01  6.22e-17 1.42e-14  1.28e-07     3s
  18   7.41390224e-01  7.67156820e-01  6.11e-17 1.42e-14  5.18e-08     3s
  19   7.53786069e-01  7.62556829e-01  3.77e-17 2.13e-14  1.76e-08     3s
  20   7.58273933e-01  7.60970623e-01  8.37e-17 1.42e-14  5.43e-09     3s
  21   7.59362145e-01  7.60586493e-01  3.94e-17 1.42e-14  2.46e-09     3s
  22   7.60177926e-01  7.60299486e-01  9.56e-17 2.84e-14  2.45e-10     3s
  23   7.60258281e-01  7.60271215e-01  1.45e-16 1.42e-14  2.60e-11     3s
  24   7.60267706e-01  7.60267908e-01  1.53e-16 1.42e-14  4.06e-13     3s
  25   7.60267837e-01  7.60267862e-01  2.69e-15 1.42e-14  4.96e-14     3s
  26   7.60267849e-01  7.60267857e-01  3.85e-15 2.84e-14  1.63e-14     3s
  27   7.60267854e-01  7.60267856e-01  3.74e-15 1.42e-14  3.85e-15     4s
  28   7.60267855e-01  7.60267855e-01  5.05e-15 2.84e-14  1.04e-15     4s
  29   7.60267855e-01  7.60267855e-01  1.23e-15 1.42e-14  3.05e-16     4s
  30   7.60267855e-01  7.60267855e-01  9.05e-16 1.42e-14  2.13e-16     4s
  31   7.60267855e-01  7.60267855e-01  8.53e-16 1.42e-14  1.41e-16     4s
  32   7.60267855e-01  7.60267855e-01  7.45e-16 1.42e-14  6.81e-17     4s

Barrier solved model in 32 iterations and 3.99 seconds (3.75 work units)
Optimal objective 7.60267855e-01

objective value: 0.7602678551437987
Done! Time elapsed: 24.399553775787354 seconds.
g_0_1: 1.0000036695702839
g_1_1: 1.000002308738149
g_1_2: 1.000006508620215
g_2_1: 1.0000042363294368
g_2_2: 1.0000119427818754
g_2_3: 1.000004236329437
g_2_4: 1.0000119427818528
Parameters from last iteration: [0.17400064 0.70700163 0.17400113 0.707003   0.17400208 0.707003
 0.17400208]

Parameters from current iteration:
                [0.17400064 0.70700163 0.17400113 0.707003   0.17400208 0.707003
 0.17400208]


                Percentage Error = 9.251748046933992e-15
                
year done: 84
Time 85: 2
Optimization Iteration[1/20000]

Solving the optimization problem...
Set parameter TokenServer to value "licenses.rcc.uchicago.edu"
Read LP format model from file /scratch/local/jobs/50183984/tmpbnfshidy.pyomo.lp
Reading time = 1.33 seconds
x1: 258121 rows, 502401 columns, 1259970 nonzeros
Set parameter Threads to value 8
Set parameter BarConvTol to value 1e-12
Gurobi Optimizer version 11.0.0 build v11.0.0rc2 (linux64 - "CentOS Linux 8")

CPU model: Intel(R) Xeon(R) Gold 6248R CPU @ 3.00GHz, instruction set [SSE2|AVX|AVX2|AVX512]
Thread count: 48 physical cores, 48 logical processors, using up to 8 threads

Optimize a model with 258121 rows, 502401 columns and 1259970 nonzeros
Model fingerprint: 0xa5e5cea2
Model has 3166 quadratic objective terms
Coefficient statistics:
  Matrix range     [1e+00, 1e+03]
  Objective range  [5e-07, 7e+01]
  QObjective range [3e-01, 3e+03]
  Bounds range     [3e-04, 1e+00]
  RHS range        [9e-17, 6e+00]
Presolve removed 131482 rows and 128814 columns
Presolve time: 0.54s
Presolved: 126639 rows, 373587 columns, 743930 nonzeros
Presolved model has 3166 quadratic objective terms
Ordering time: 0.16s

Barrier statistics:
 AA' NZ     : 3.709e+05
 Factor NZ  : 4.212e+06 (roughly 240 MB of memory)
 Factor Ops : 3.974e+08 (less than 1 second per iteration)
 Threads    : 8

                  Objective                Residual
Iter       Primal          Dual         Primal    Dual     Compl     Time
   0  -1.08858984e+09  8.63519648e+08  7.80e+04 1.13e-13  1.00e+06     1s
   1  -6.35727304e+08  5.82241624e+08  1.87e+04 1.60e+02  2.62e+05     1s
   2  -3.24155004e+08  3.24098671e+08  2.36e+02 1.04e+00  4.64e+03     1s
   3  -7.58808410e+07  7.65393862e+07  1.95e+00 1.45e-12  3.30e+02     1s
   4  -1.46363885e+07  1.53249907e+07  1.70e-01 4.30e-12  6.19e+01     1s
   5  -2.69569130e+06  2.98245192e+06  1.33e-02 1.45e-12  1.15e+01     1s
   6  -3.92606175e+05  4.49318612e+05  1.33e-08 8.98e-13  1.69e+00     2s
   7  -5.87272814e+04  7.36726819e+04  1.57e-13 5.86e-13  2.66e-01     2s
   8  -8.85450483e+03  1.06081042e+04  5.03e-14 2.26e-13  3.92e-02     2s
   9  -1.41596964e+03  1.73873867e+03  2.12e-14 4.07e-14  6.35e-03     2s
  10  -2.31318902e+02  2.19660312e+02  8.56e-15 2.84e-14  9.07e-04     2s
  11  -5.12097715e+01  3.38035633e+01  4.24e-15 1.51e-14  1.71e-04     2s
  12  -8.42631680e+00  5.97196345e+00  1.08e-15 1.29e-14  2.90e-05     2s
  13  -9.42570305e-01  1.22370698e+00  6.05e-16 1.42e-14  4.36e-06     2s
  14  -9.48350618e-02  1.13982208e+00  3.16e-16 2.84e-14  2.48e-06     3s
  15   5.45898478e-01  8.40527020e-01  6.09e-17 1.42e-14  5.93e-07     3s
  16   6.69534124e-01  7.84109335e-01  6.32e-17 1.42e-14  2.31e-07     3s
  17   7.06405682e-01  7.69905361e-01  7.76e-17 1.42e-14  1.28e-07     3s
  18   7.33840828e-01  7.59607424e-01  1.05e-16 1.42e-14  5.18e-08     3s
  19   7.46236673e-01  7.55007434e-01  5.58e-17 1.42e-14  1.76e-08     3s
  20   7.50724538e-01  7.53421227e-01  3.81e-17 2.84e-14  5.43e-09     3s
  21   7.51812750e-01  7.53037098e-01  6.43e-17 1.42e-14  2.46e-09     3s
  22   7.52628531e-01  7.52750091e-01  6.40e-17 1.42e-14  2.45e-10     3s
  23   7.52708886e-01  7.52721820e-01  8.99e-17 4.26e-14  2.60e-11     3s
  24   7.52718310e-01  7.52718512e-01  1.56e-16 2.84e-14  4.06e-13     3s
  25   7.52718442e-01  7.52718466e-01  2.76e-15 1.42e-14  4.93e-14     3s
  26   7.52718454e-01  7.52718462e-01  3.75e-15 1.42e-14  1.63e-14     3s
  27   7.52718458e-01  7.52718460e-01  2.78e-15 1.42e-14  3.84e-15     4s
  28   7.52718459e-01  7.52718460e-01  2.80e-15 2.84e-14  1.03e-15     4s
  29   7.52718460e-01  7.52718460e-01  1.48e-15 1.42e-14  3.04e-16     4s
  30   7.52718460e-01  7.52718460e-01  1.11e-15 1.42e-14  2.01e-16     4s
  31   7.52718460e-01  7.52718460e-01  6.81e-16 1.42e-14  1.28e-16     4s
  32   7.52718460e-01  7.52718460e-01  4.76e-16 1.42e-14  1.00e-16     4s

Barrier solved model in 32 iterations and 4.00 seconds (3.75 work units)
Optimal objective 7.52718460e-01

objective value: 0.7527184596940608
Done! Time elapsed: 24.586543083190918 seconds.
g_0_1: 1.0000036695702863
g_1_1: 1.000002308738148
g_1_2: 1.0000065086202163
g_2_1: 1.000004236329436
g_2_2: 1.000011942781887
g_2_3: 1.0000042363294364
g_2_4: 1.0000119427818537
Parameters from last iteration: [0.17400064 0.70700163 0.17400113 0.707003   0.17400208 0.707003
 0.17400208]

Parameters from current iteration:
                [0.17400064 0.70700163 0.17400113 0.707003   0.17400208 0.707003
 0.17400208]


                Percentage Error = 1.148492860998713e-14
                
year done: 85
Time 86: 2
Optimization Iteration[1/20000]

Solving the optimization problem...
Set parameter TokenServer to value "licenses.rcc.uchicago.edu"
Read LP format model from file /scratch/local/jobs/50183984/tmpcljz1iib.pyomo.lp
Reading time = 1.35 seconds
x1: 258121 rows, 502401 columns, 1259970 nonzeros
Set parameter Threads to value 8
Set parameter BarConvTol to value 1e-12
Gurobi Optimizer version 11.0.0 build v11.0.0rc2 (linux64 - "CentOS Linux 8")

CPU model: Intel(R) Xeon(R) Gold 6248R CPU @ 3.00GHz, instruction set [SSE2|AVX|AVX2|AVX512]
Thread count: 48 physical cores, 48 logical processors, using up to 8 threads

Optimize a model with 258121 rows, 502401 columns and 1259970 nonzeros
Model fingerprint: 0x3eee2e1e
Model has 3166 quadratic objective terms
Coefficient statistics:
  Matrix range     [1e+00, 1e+03]
  Objective range  [5e-07, 7e+01]
  QObjective range [3e-01, 3e+03]
  Bounds range     [3e-04, 1e+00]
  RHS range        [9e-17, 6e+00]
Presolve removed 131482 rows and 128814 columns
Presolve time: 0.55s
Presolved: 126639 rows, 373587 columns, 743930 nonzeros
Presolved model has 3166 quadratic objective terms
Ordering time: 0.16s

Barrier statistics:
 AA' NZ     : 3.709e+05
 Factor NZ  : 4.212e+06 (roughly 240 MB of memory)
 Factor Ops : 3.974e+08 (less than 1 second per iteration)
 Threads    : 8

                  Objective                Residual
Iter       Primal          Dual         Primal    Dual     Compl     Time
   0  -1.08858984e+09  8.63519648e+08  7.80e+04 1.14e-13  1.00e+06     1s
   1  -6.35727304e+08  5.82241624e+08  1.87e+04 1.60e+02  2.62e+05     1s
   2  -3.24155004e+08  3.24098671e+08  2.36e+02 1.04e+00  4.64e+03     1s
   3  -7.58808410e+07  7.65393862e+07  1.95e+00 1.44e-12  3.30e+02     1s
   4  -1.46363885e+07  1.53249907e+07  1.70e-01 3.68e-12  6.19e+01     1s
   5  -2.69569130e+06  2.98245191e+06  1.33e-02 1.21e-12  1.15e+01     1s
   6  -3.92606182e+05  4.49318605e+05  1.33e-08 1.01e-12  1.69e+00     2s
   7  -5.87272886e+04  7.36726747e+04  1.47e-13 7.33e-13  2.66e-01     2s
   8  -8.85451204e+03  1.06080970e+04  5.32e-14 2.50e-13  3.92e-02     2s
   9  -1.41597685e+03  1.73873146e+03  2.12e-14 3.72e-14  6.35e-03     2s
  10  -2.31326112e+02  2.19653103e+02  5.38e-15 2.89e-14  9.07e-04     2s
  11  -5.12169811e+01  3.37963537e+01  4.32e-15 2.13e-14  1.71e-04     2s
  12  -8.43352641e+00  5.96475383e+00  1.37e-15 1.42e-14  2.90e-05     2s
  13  -9.49779921e-01  1.21649737e+00  5.82e-16 1.42e-14  4.36e-06     2s
  14  -1.02044679e-01  1.13261246e+00  3.49e-16 4.26e-14  2.48e-06     2s
  15   5.38688861e-01  8.33317403e-01  4.89e-17 1.42e-14  5.93e-07     3s
  16   6.62324508e-01  7.76899718e-01  6.53e-17 1.42e-14  2.31e-07     3s
  17   6.99196066e-01  7.62695744e-01  9.54e-17 2.13e-14  1.28e-07     3s
  18   7.26631212e-01  7.52397808e-01  4.81e-17 1.42e-14  5.18e-08     3s
  19   7.39027057e-01  7.47797817e-01  6.23e-17 2.84e-14  1.76e-08     3s
  20   7.43514921e-01  7.46211611e-01  1.08e-16 2.84e-14  5.43e-09     3s
  21   7.44603133e-01  7.45827481e-01  3.60e-17 1.42e-14  2.46e-09     3s
  22   7.45418914e-01  7.45540474e-01  6.87e-17 2.84e-14  2.45e-10     3s
  23   7.45499269e-01  7.45512203e-01  8.20e-17 1.42e-14  2.60e-11     3s
  24   7.45508694e-01  7.45508896e-01  1.44e-16 2.13e-14  4.06e-13     3s
  25   7.45508825e-01  7.45508849e-01  2.36e-15 1.42e-14  4.91e-14     3s
  26   7.45508837e-01  7.45508845e-01  3.82e-15 1.42e-14  1.62e-14     3s
  27   7.45508842e-01  7.45508844e-01  2.73e-15 1.42e-14  3.83e-15     4s
  28   7.45508843e-01  7.45508843e-01  3.40e-15 1.42e-14  1.03e-15     4s
  29   7.45508843e-01  7.45508843e-01  1.34e-15 1.42e-14  3.03e-16     4s
  30   7.45508843e-01  7.45508843e-01  9.71e-16 1.42e-14  1.93e-16     4s
  31   7.45508843e-01  7.45508843e-01  9.77e-16 1.42e-14  1.39e-16     4s
  32   7.45508843e-01  7.45508843e-01  6.92e-16 1.42e-14  7.24e-17     4s

Barrier solved model in 32 iterations and 3.97 seconds (3.75 work units)
Optimal objective 7.45508843e-01

objective value: 0.7455088430318871
Done! Time elapsed: 24.331043004989624 seconds.
g_0_1: 1.0000036695702843
g_1_1: 1.0000023087381489
g_1_2: 1.000006508620215
g_2_1: 1.0000042363294366
g_2_2: 1.000011942781877
g_2_3: 1.0000042363294368
g_2_4: 1.000011942781853
Parameters from last iteration: [0.17400064 0.70700163 0.17400113 0.707003   0.17400208 0.707003
 0.17400208]

Parameters from current iteration:
                [0.17400064 0.70700163 0.17400113 0.707003   0.17400208 0.707003
 0.17400208]


                Percentage Error = 1.0049312533738623e-14
                
year done: 86
Time 87: 2
Optimization Iteration[1/20000]

Solving the optimization problem...
Set parameter TokenServer to value "licenses.rcc.uchicago.edu"
Read LP format model from file /scratch/local/jobs/50183984/tmp6k7nkmj3.pyomo.lp
Reading time = 1.34 seconds
x1: 258121 rows, 502401 columns, 1259970 nonzeros
Set parameter Threads to value 8
Set parameter BarConvTol to value 1e-12
Gurobi Optimizer version 11.0.0 build v11.0.0rc2 (linux64 - "CentOS Linux 8")

CPU model: Intel(R) Xeon(R) Gold 6248R CPU @ 3.00GHz, instruction set [SSE2|AVX|AVX2|AVX512]
Thread count: 48 physical cores, 48 logical processors, using up to 8 threads

Optimize a model with 258121 rows, 502401 columns and 1259970 nonzeros
Model fingerprint: 0x4d57a7bf
Model has 3166 quadratic objective terms
Coefficient statistics:
  Matrix range     [1e+00, 1e+03]
  Objective range  [5e-07, 7e+01]
  QObjective range [3e-01, 3e+03]
  Bounds range     [3e-04, 1e+00]
  RHS range        [9e-17, 6e+00]
Presolve removed 131482 rows and 128814 columns
Presolve time: 0.54s
Presolved: 126639 rows, 373587 columns, 743930 nonzeros
Presolved model has 3166 quadratic objective terms
Ordering time: 0.16s

Barrier statistics:
 AA' NZ     : 3.709e+05
 Factor NZ  : 4.212e+06 (roughly 240 MB of memory)
 Factor Ops : 3.974e+08 (less than 1 second per iteration)
 Threads    : 8

                  Objective                Residual
Iter       Primal          Dual         Primal    Dual     Compl     Time
   0  -1.08858984e+09  8.63519648e+08  7.80e+04 1.13e-13  1.00e+06     1s
   1  -6.35727304e+08  5.82241624e+08  1.87e+04 1.60e+02  2.62e+05     1s
   2  -3.24155004e+08  3.24098671e+08  2.36e+02 1.04e+00  4.64e+03     1s
   3  -7.58808410e+07  7.65393862e+07  1.95e+00 2.11e-12  3.30e+02     1s
   4  -1.46363885e+07  1.53249907e+07  1.70e-01 4.53e-12  6.19e+01     1s
   5  -2.69569131e+06  2.98245190e+06  1.33e-02 1.18e-12  1.15e+01     1s
   6  -3.92606189e+05  4.49318598e+05  1.33e-08 9.92e-13  1.69e+00     2s
   7  -5.87272955e+04  7.36726678e+04  1.46e-13 6.15e-13  2.66e-01     2s
   8  -8.85451893e+03  1.06080901e+04  8.44e-14 2.51e-13  3.92e-02     2s
   9  -1.41598373e+03  1.73872458e+03  2.44e-14 4.23e-14  6.35e-03     2s
  10  -2.31332997e+02  2.19646218e+02  5.64e-15 2.84e-14  9.07e-04     2s
  11  -5.12238662e+01  3.37894685e+01  4.21e-15 2.84e-14  1.71e-04     2s
  12  -8.44041154e+00  5.95786870e+00  1.46e-15 1.42e-14  2.90e-05     2s
  13  -9.56665052e-01  1.20961224e+00  4.72e-16 1.42e-14  4.36e-06     2s
  14  -1.08929809e-01  1.12572733e+00  3.18e-16 2.84e-14  2.48e-06     3s
  15   5.31803731e-01  8.26432273e-01  6.59e-17 1.42e-14  5.93e-07     3s
  16   6.55439377e-01  7.70014587e-01  9.27e-17 1.42e-14  2.31e-07     3s
  17   6.92310935e-01  7.55810614e-01  9.28e-17 1.42e-14  1.28e-07     3s
  18   7.19746081e-01  7.45512677e-01  6.57e-17 1.42e-14  5.18e-08     3s
  19   7.32141926e-01  7.40912687e-01  5.20e-17 2.84e-14  1.76e-08     3s
  20   7.36629791e-01  7.39326480e-01  9.93e-17 1.42e-14  5.43e-09     3s
  21   7.37718003e-01  7.38942351e-01  6.65e-17 1.42e-14  2.46e-09     3s
  22   7.38533783e-01  7.38655344e-01  4.37e-17 1.42e-14  2.45e-10     3s
  23   7.38614139e-01  7.38627073e-01  1.03e-16 2.84e-14  2.60e-11     3s
  24   7.38623563e-01  7.38623765e-01  1.48e-16 1.42e-14  4.06e-13     3s
  25   7.38623695e-01  7.38623719e-01  2.47e-15 1.42e-14  4.89e-14     3s
  26   7.38623707e-01  7.38623715e-01  3.85e-15 1.42e-14  1.62e-14     3s
  27   7.38623711e-01  7.38623713e-01  2.66e-15 1.42e-14  3.82e-15     4s
  28   7.38623712e-01  7.38623713e-01  2.84e-15 1.42e-14  1.03e-15     4s
  29   7.38623712e-01  7.38623713e-01  1.37e-15 1.42e-14  3.02e-16     4s
  30   7.38623713e-01  7.38623713e-01  1.16e-15 1.42e-14  1.87e-16     4s
  31   7.38623713e-01  7.38623713e-01  9.35e-16 1.42e-14  1.58e-16     4s
  32   7.38623713e-01  7.38623713e-01  6.20e-16 1.42e-14  8.46e-17     4s

Barrier solved model in 32 iterations and 4.00 seconds (3.75 work units)
Optimal objective 7.38623713e-01

objective value: 0.738623712557538
Done! Time elapsed: 25.726715087890625 seconds.
g_0_1: 1.000003669570285
g_1_1: 1.0000023087381484
g_1_2: 1.0000065086202157
g_2_1: 1.0000042363294364
g_2_2: 1.0000119427818814
g_2_3: 1.0000042363294366
g_2_4: 1.0000119427818532
Parameters from last iteration: [0.17400064 0.70700163 0.17400113 0.707003   0.17400208 0.707003
 0.17400208]

Parameters from current iteration:
                [0.17400064 0.70700163 0.17400113 0.707003   0.17400208 0.707003
 0.17400208]


                Percentage Error = 4.4663611261061e-15
                
year done: 87
Time 88: 2
Optimization Iteration[1/20000]

Solving the optimization problem...
Set parameter TokenServer to value "licenses.rcc.uchicago.edu"
Read LP format model from file /scratch/local/jobs/50183984/tmpyjpxppxk.pyomo.lp
Reading time = 1.35 seconds
x1: 258121 rows, 502401 columns, 1259970 nonzeros
Set parameter Threads to value 8
Set parameter BarConvTol to value 1e-12
Gurobi Optimizer version 11.0.0 build v11.0.0rc2 (linux64 - "CentOS Linux 8")

CPU model: Intel(R) Xeon(R) Gold 6248R CPU @ 3.00GHz, instruction set [SSE2|AVX|AVX2|AVX512]
Thread count: 48 physical cores, 48 logical processors, using up to 8 threads

Optimize a model with 258121 rows, 502401 columns and 1259970 nonzeros
Model fingerprint: 0x1a41f501
Model has 3166 quadratic objective terms
Coefficient statistics:
  Matrix range     [1e+00, 1e+03]
  Objective range  [5e-07, 7e+01]
  QObjective range [3e-01, 3e+03]
  Bounds range     [3e-04, 1e+00]
  RHS range        [9e-17, 6e+00]
Presolve removed 131482 rows and 128814 columns
Presolve time: 0.55s
Presolved: 126639 rows, 373587 columns, 743930 nonzeros
Presolved model has 3166 quadratic objective terms
Ordering time: 0.16s

Barrier statistics:
 AA' NZ     : 3.709e+05
 Factor NZ  : 4.212e+06 (roughly 240 MB of memory)
 Factor Ops : 3.974e+08 (less than 1 second per iteration)
 Threads    : 8

                  Objective                Residual
Iter       Primal          Dual         Primal    Dual     Compl     Time
   0  -1.08858984e+09  8.63519648e+08  7.80e+04 1.14e-13  1.00e+06     1s
   1  -6.35727304e+08  5.82241624e+08  1.87e+04 1.60e+02  2.62e+05     1s
   2  -3.24155004e+08  3.24098671e+08  2.36e+02 1.04e+00  4.64e+03     1s
   3  -7.58808411e+07  7.65393862e+07  1.95e+00 1.66e-12  3.30e+02     1s
   4  -1.46363885e+07  1.53249907e+07  1.70e-01 5.67e-12  6.19e+01     1s
   5  -2.69569132e+06  2.98245190e+06  1.33e-02 1.25e-12  1.15e+01     1s
   6  -3.92606196e+05  4.49318592e+05  1.33e-08 1.00e-12  1.69e+00     2s
   7  -5.87273021e+04  7.36726612e+04  1.40e-13 6.38e-13  2.66e-01     2s
   8  -8.85452550e+03  1.06080835e+04  6.08e-14 2.34e-13  3.92e-02     2s
   9  -1.41599031e+03  1.73871800e+03  2.64e-14 3.67e-14  6.35e-03     2s
  10  -2.31339572e+02  2.19639642e+02  5.17e-15 2.84e-14  9.07e-04     2s
  11  -5.12304415e+01  3.37828933e+01  2.24e-15 1.42e-14  1.71e-04     2s
  12  -8.44698679e+00  5.95129345e+00  1.34e-15 1.42e-14  2.90e-05     2s
  13  -9.63240301e-01  1.20303699e+00  4.70e-16 1.42e-14  4.36e-06     2s
  14  -1.15505058e-01  1.11915208e+00  3.30e-16 2.13e-14  2.48e-06     3s
  15   5.25228482e-01  8.19857024e-01  6.25e-17 1.42e-14  5.93e-07     3s
  16   6.48864129e-01  7.63439339e-01  7.42e-17 1.42e-14  2.31e-07     3s
  17   6.85735687e-01  7.49235365e-01  7.46e-17 2.13e-14  1.28e-07     3s
  18   7.13170833e-01  7.38937429e-01  7.86e-17 2.84e-14  5.18e-08     3s
  19   7.25566678e-01  7.34337438e-01  9.72e-17 1.42e-14  1.76e-08     3s
  20   7.30054542e-01  7.32751232e-01  5.98e-17 1.42e-14  5.43e-09     3s
  21   7.31142754e-01  7.32367102e-01  4.20e-17 1.42e-14  2.46e-09     3s
  22   7.31958535e-01  7.32080095e-01  6.33e-17 2.13e-14  2.45e-10     3s
  23   7.32038890e-01  7.32051824e-01  9.36e-17 2.84e-14  2.60e-11     3s
  24   7.32048315e-01  7.32048517e-01  1.66e-16 1.42e-14  4.06e-13     3s
  25   7.32048446e-01  7.32048470e-01  2.51e-15 1.42e-14  4.87e-14     3s
  26   7.32048458e-01  7.32048466e-01  4.74e-15 1.42e-14  1.61e-14     3s
  27   7.32048463e-01  7.32048465e-01  2.99e-15 1.42e-14  3.80e-15     4s
  28   7.32048464e-01  7.32048464e-01  2.62e-15 1.42e-14  1.02e-15     4s
  29   7.32048464e-01  7.32048464e-01  2.17e-15 1.42e-14  3.01e-16     4s
  30   7.32048464e-01  7.32048464e-01  1.22e-15 1.42e-14  1.86e-16     4s
  31   7.32048464e-01  7.32048464e-01  8.54e-16 1.42e-14  1.57e-16     4s
  32   7.32048464e-01  7.32048464e-01  7.57e-16 1.42e-14  8.43e-17     4s

Barrier solved model in 32 iterations and 3.98 seconds (3.75 work units)
Optimal objective 7.32048464e-01

objective value: 0.7320484640052735
Done! Time elapsed: 24.029863834381104 seconds.
g_0_1: 1.0000036695702852
g_1_1: 1.0000023087381484
g_1_2: 1.0000065086202157
g_2_1: 1.0000042363294364
g_2_2: 1.0000119427818812
g_2_3: 1.0000042363294368
g_2_4: 1.0000119427818532
Parameters from last iteration: [0.17400064 0.70700163 0.17400113 0.707003   0.17400208 0.707003
 0.17400208]

Parameters from current iteration:
                [0.17400064 0.70700163 0.17400113 0.707003   0.17400208 0.707003
 0.17400208]


                Percentage Error = 3.19028434080082e-16
                
year done: 88
Time 89: 2
Optimization Iteration[1/20000]

Solving the optimization problem...
Set parameter TokenServer to value "licenses.rcc.uchicago.edu"
Read LP format model from file /scratch/local/jobs/50183984/tmpno8f56mg.pyomo.lp
Reading time = 1.34 seconds
x1: 258121 rows, 502401 columns, 1259970 nonzeros
Set parameter Threads to value 8
Set parameter BarConvTol to value 1e-12
Gurobi Optimizer version 11.0.0 build v11.0.0rc2 (linux64 - "CentOS Linux 8")

CPU model: Intel(R) Xeon(R) Gold 6248R CPU @ 3.00GHz, instruction set [SSE2|AVX|AVX2|AVX512]
Thread count: 48 physical cores, 48 logical processors, using up to 8 threads

Optimize a model with 258121 rows, 502401 columns and 1259970 nonzeros
Model fingerprint: 0x0ac1f1dd
Model has 3166 quadratic objective terms
Coefficient statistics:
  Matrix range     [1e+00, 1e+03]
  Objective range  [5e-07, 7e+01]
  QObjective range [3e-01, 3e+03]
  Bounds range     [3e-04, 1e+00]
  RHS range        [9e-17, 6e+00]
Presolve removed 131482 rows and 128814 columns
Presolve time: 0.55s
Presolved: 126639 rows, 373587 columns, 743930 nonzeros
Presolved model has 3166 quadratic objective terms
Ordering time: 0.16s

Barrier statistics:
 AA' NZ     : 3.709e+05
 Factor NZ  : 4.212e+06 (roughly 240 MB of memory)
 Factor Ops : 3.974e+08 (less than 1 second per iteration)
 Threads    : 8

                  Objective                Residual
Iter       Primal          Dual         Primal    Dual     Compl     Time
   0  -1.08858984e+09  8.63519648e+08  7.80e+04 1.13e-13  1.00e+06     1s
   1  -6.35727304e+08  5.82241624e+08  1.87e+04 1.60e+02  2.62e+05     1s
   2  -3.24155004e+08  3.24098671e+08  2.36e+02 1.04e+00  4.64e+03     1s
   3  -7.58808411e+07  7.65393861e+07  1.95e+00 1.47e-12  3.30e+02     1s
   4  -1.46363885e+07  1.53249907e+07  1.70e-01 4.53e-12  6.19e+01     1s
   5  -2.69569132e+06  2.98245189e+06  1.33e-02 1.36e-12  1.15e+01     1s
   6  -3.92606202e+05  4.49318585e+05  1.33e-08 9.76e-13  1.69e+00     2s
   7  -5.87273083e+04  7.36726550e+04  1.44e-13 8.42e-13  2.66e-01     2s
   8  -8.85453178e+03  1.06080772e+04  5.17e-14 2.43e-13  3.92e-02     2s
   9  -1.41599659e+03  1.73871172e+03  2.77e-14 3.66e-14  6.35e-03     2s
  10  -2.31345852e+02  2.19633363e+02  6.34e-15 2.84e-14  9.07e-04     2s
  11  -5.12367208e+01  3.37766140e+01  3.22e-15 2.13e-14  1.71e-04     2s
  12  -8.45326611e+00  5.94501414e+00  1.13e-15 1.42e-14  2.90e-05     2s
  13  -9.69519614e-01  1.19675767e+00  5.07e-16 1.42e-14  4.36e-06     2s
  14  -1.21784371e-01  1.11287277e+00  3.29e-16 2.84e-14  2.48e-06     3s
  15   5.18949169e-01  8.13577711e-01  8.35e-17 1.60e-14  5.93e-07     3s
  16   6.42584815e-01  7.57160025e-01  1.34e-16 2.84e-14  2.31e-07     3s
  17   6.79456373e-01  7.42956051e-01  4.77e-17 2.13e-14  1.28e-07     3s
  18   7.06891519e-01  7.32658115e-01  6.22e-17 1.42e-14  5.18e-08     3s
  19   7.19287364e-01  7.28058125e-01  5.86e-17 2.84e-14  1.76e-08     3s
  20   7.23775228e-01  7.26471918e-01  8.52e-17 1.42e-14  5.43e-09     3s
  21   7.24863441e-01  7.26087789e-01  4.27e-17 1.42e-14  2.46e-09     3s
  22   7.25679221e-01  7.25800782e-01  1.88e-16 2.84e-14  2.45e-10     3s
  23   7.25759576e-01  7.25772511e-01  7.80e-17 1.47e-14  2.60e-11     3s
  24   7.25769001e-01  7.25769203e-01  1.83e-16 2.84e-14  4.06e-13     3s
  25   7.25769133e-01  7.25769157e-01  2.39e-15 1.42e-14  4.85e-14     3s
  26   7.25769145e-01  7.25769152e-01  4.61e-15 1.42e-14  1.61e-14     4s
  27   7.25769149e-01  7.25769151e-01  2.58e-15 1.42e-14  3.79e-15     4s
  28   7.25769150e-01  7.25769151e-01  2.83e-15 2.13e-14  1.02e-15     4s
  29   7.25769150e-01  7.25769150e-01  1.34e-15 1.42e-14  3.00e-16     4s
  30   7.25769150e-01  7.25769150e-01  1.00e-15 1.42e-14  1.85e-16     4s
  31   7.25769150e-01  7.25769150e-01  7.52e-16 1.42e-14  1.57e-16     4s
  32   7.25769150e-01  7.25769150e-01  5.55e-16 1.42e-14  8.40e-17     4s

Barrier solved model in 32 iterations and 4.01 seconds (3.75 work units)
Optimal objective 7.25769150e-01

objective value: 0.7257691503867323
Done! Time elapsed: 24.154958248138428 seconds.
g_0_1: 1.000003669570285
g_1_1: 1.0000023087381487
g_1_2: 1.0000065086202157
g_2_1: 1.0000042363294364
g_2_2: 1.0000119427818812
g_2_3: 1.0000042363294366
g_2_4: 1.0000119427818532
Parameters from last iteration: [0.17400064 0.70700163 0.17400113 0.707003   0.17400208 0.707003
 0.17400208]

Parameters from current iteration:
                [0.17400064 0.70700163 0.17400113 0.707003   0.17400208 0.707003
 0.17400208]


                Percentage Error = 3.190284340800819e-16
                
year done: 89
Time 90: 2
Optimization Iteration[1/20000]

Solving the optimization problem...
Set parameter TokenServer to value "licenses.rcc.uchicago.edu"
Read LP format model from file /scratch/local/jobs/50183984/tmp_d07agzt.pyomo.lp
Reading time = 1.35 seconds
x1: 258121 rows, 502401 columns, 1259970 nonzeros
Set parameter Threads to value 8
Set parameter BarConvTol to value 1e-12
Gurobi Optimizer version 11.0.0 build v11.0.0rc2 (linux64 - "CentOS Linux 8")

CPU model: Intel(R) Xeon(R) Gold 6248R CPU @ 3.00GHz, instruction set [SSE2|AVX|AVX2|AVX512]
Thread count: 48 physical cores, 48 logical processors, using up to 8 threads

Optimize a model with 258121 rows, 502401 columns and 1259970 nonzeros
Model fingerprint: 0xccf8a863
Model has 3166 quadratic objective terms
Coefficient statistics:
  Matrix range     [1e+00, 1e+03]
  Objective range  [5e-07, 7e+01]
  QObjective range [3e-01, 3e+03]
  Bounds range     [3e-04, 1e+00]
  RHS range        [9e-17, 6e+00]
Presolve removed 131482 rows and 128814 columns
Presolve time: 0.55s
Presolved: 126639 rows, 373587 columns, 743930 nonzeros
Presolved model has 3166 quadratic objective terms
Ordering time: 0.16s

Barrier statistics:
 AA' NZ     : 3.709e+05
 Factor NZ  : 4.212e+06 (roughly 240 MB of memory)
 Factor Ops : 3.974e+08 (less than 1 second per iteration)
 Threads    : 8

                  Objective                Residual
Iter       Primal          Dual         Primal    Dual     Compl     Time
   0  -1.08858984e+09  8.63519648e+08  7.80e+04 1.14e-13  1.00e+06     1s
   1  -6.35727304e+08  5.82241624e+08  1.87e+04 1.60e+02  2.62e+05     1s
   2  -3.24155004e+08  3.24098671e+08  2.36e+02 1.04e+00  4.64e+03     1s
   3  -7.58808411e+07  7.65393861e+07  1.95e+00 1.62e-12  3.30e+02     1s
   4  -1.46363885e+07  1.53249907e+07  1.70e-01 5.48e-12  6.19e+01     1s
   5  -2.69569133e+06  2.98245188e+06  1.33e-02 1.44e-12  1.15e+01     1s
   6  -3.92606208e+05  4.49318579e+05  1.33e-08 1.02e-12  1.69e+00     2s
   7  -5.87273143e+04  7.36726490e+04  1.39e-13 6.82e-13  2.66e-01     2s
   8  -8.85453778e+03  1.06080712e+04  4.94e-14 2.54e-13  3.92e-02     2s
   9  -1.41600258e+03  1.73870573e+03  2.68e-14 3.60e-14  6.35e-03     2s
  10  -2.31351848e+02  2.19627366e+02  8.80e-15 2.84e-14  9.07e-04     2s
  11  -5.12427175e+01  3.37706173e+01  4.15e-15 2.84e-14  1.71e-04     2s
  12  -8.45926280e+00  5.93901744e+00  8.43e-16 2.13e-14  2.90e-05     2s
  13  -9.75516312e-01  1.19076098e+00  5.07e-16 1.42e-14  4.36e-06     2s
  14  -1.27781069e-01  1.10687607e+00  2.88e-16 2.13e-14  2.48e-06     3s
  15   5.12952471e-01  8.07581013e-01  1.37e-16 1.42e-14  5.93e-07     3s
  16   6.36588117e-01  7.51163327e-01  7.26e-17 1.42e-14  2.31e-07     3s
  17   6.73459675e-01  7.36959353e-01  4.81e-17 1.42e-14  1.28e-07     3s
  18   7.00894821e-01  7.26661417e-01  2.00e-16 1.42e-14  5.18e-08     3s
  19   7.13290666e-01  7.22061427e-01  8.44e-17 1.42e-14  1.76e-08     3s
  20   7.17778530e-01  7.20475220e-01  4.82e-17 1.42e-14  5.43e-09     3s
  21   7.18866743e-01  7.20091091e-01  6.91e-17 1.42e-14  2.46e-09     3s
  22   7.19682523e-01  7.19804084e-01  5.80e-17 2.13e-14  2.45e-10     3s
  23   7.19762878e-01  7.19775813e-01  9.49e-17 1.42e-14  2.60e-11     3s
  24   7.19772303e-01  7.19772505e-01  1.63e-16 2.13e-14  4.06e-13     3s
  25   7.19772435e-01  7.19772459e-01  2.49e-15 2.13e-14  4.83e-14     3s
  26   7.19772447e-01  7.19772455e-01  4.10e-15 2.84e-14  1.60e-14     3s
  27   7.19772451e-01  7.19772453e-01  2.85e-15 1.42e-14  3.78e-15     4s
  28   7.19772452e-01  7.19772453e-01  3.05e-15 1.42e-14  1.01e-15     4s
  29   7.19772452e-01  7.19772453e-01  1.74e-15 1.42e-14  2.99e-16     4s
  30   7.19772452e-01  7.19772452e-01  9.84e-16 1.42e-14  1.85e-16     4s
  31   7.19772452e-01  7.19772452e-01  8.50e-16 1.42e-14  1.56e-16     4s
  32   7.19772452e-01  7.19772452e-01  5.78e-16 1.42e-14  8.37e-17     4s

Barrier solved model in 32 iterations and 4.01 seconds (3.75 work units)
Optimal objective 7.19772452e-01

objective value: 0.719772452435885
Done! Time elapsed: 24.160104990005493 seconds.
g_0_1: 1.000003669570285
g_1_1: 1.0000023087381487
g_1_2: 1.0000065086202155
g_2_1: 1.0000042363294364
g_2_2: 1.000011942781881
g_2_3: 1.0000042363294366
g_2_4: 1.0000119427818532
Parameters from last iteration: [0.17400064 0.70700163 0.17400113 0.707003   0.17400208 0.707003
 0.17400208]

Parameters from current iteration:
                [0.17400064 0.70700163 0.17400113 0.707003   0.17400208 0.707003
 0.17400208]


                Percentage Error = 3.1902752834832335e-16
                
year done: 90
Time 91: 2
Optimization Iteration[1/20000]

Solving the optimization problem...
Set parameter TokenServer to value "licenses.rcc.uchicago.edu"
Read LP format model from file /scratch/local/jobs/50183984/tmpixt2ey1t.pyomo.lp
Reading time = 1.35 seconds
x1: 258121 rows, 502401 columns, 1259970 nonzeros
Set parameter Threads to value 8
Set parameter BarConvTol to value 1e-12
Gurobi Optimizer version 11.0.0 build v11.0.0rc2 (linux64 - "CentOS Linux 8")

CPU model: Intel(R) Xeon(R) Gold 6248R CPU @ 3.00GHz, instruction set [SSE2|AVX|AVX2|AVX512]
Thread count: 48 physical cores, 48 logical processors, using up to 8 threads

Optimize a model with 258121 rows, 502401 columns and 1259970 nonzeros
Model fingerprint: 0x6e59a05c
Model has 3166 quadratic objective terms
Coefficient statistics:
  Matrix range     [1e+00, 1e+03]
  Objective range  [5e-07, 7e+01]
  QObjective range [3e-01, 3e+03]
  Bounds range     [3e-04, 1e+00]
  RHS range        [9e-17, 6e+00]
Presolve removed 131482 rows and 128814 columns
Presolve time: 0.55s
Presolved: 126639 rows, 373587 columns, 743930 nonzeros
Presolved model has 3166 quadratic objective terms
Ordering time: 0.16s

Barrier statistics:
 AA' NZ     : 3.709e+05
 Factor NZ  : 4.212e+06 (roughly 240 MB of memory)
 Factor Ops : 3.974e+08 (less than 1 second per iteration)
 Threads    : 8

                  Objective                Residual
Iter       Primal          Dual         Primal    Dual     Compl     Time
   0  -1.08858984e+09  8.63519648e+08  7.80e+04 1.14e-13  1.00e+06     1s
   1  -6.35727304e+08  5.82241624e+08  1.87e+04 1.60e+02  2.62e+05     1s
   2  -3.24155004e+08  3.24098671e+08  2.36e+02 1.04e+00  4.64e+03     1s
   3  -7.58808411e+07  7.65393861e+07  1.95e+00 2.40e-12  3.30e+02     1s
   4  -1.46363885e+07  1.53249907e+07  1.70e-01 4.19e-12  6.19e+01     1s
   5  -2.69569134e+06  2.98245188e+06  1.33e-02 1.29e-12  1.15e+01     1s
   6  -3.92606214e+05  4.49318574e+05  1.33e-08 9.75e-13  1.69e+00     2s
   7  -5.87273201e+04  7.36726432e+04  1.74e-13 7.95e-13  2.66e-01     2s
   8  -8.85454350e+03  1.06080655e+04  6.06e-14 2.48e-13  3.92e-02     2s
   9  -1.41600831e+03  1.73870000e+03  2.23e-14 4.26e-14  6.35e-03     2s
  10  -2.31357575e+02  2.19621640e+02  5.80e-15 2.35e-14  9.07e-04     2s
  11  -5.12484443e+01  3.37648905e+01  4.04e-15 2.84e-14  1.71e-04     2s
  12  -8.46498961e+00  5.93329064e+00  1.13e-15 1.42e-14  2.90e-05     2s
  13  -9.81243114e-01  1.18503417e+00  3.78e-16 1.42e-14  4.36e-06     2s
  14  -1.33507871e-01  1.10114927e+00  2.89e-16 2.84e-14  2.48e-06     2s
  15   5.07225669e-01  8.01854211e-01  7.22e-17 1.42e-14  5.93e-07     3s
  16   6.30861315e-01  7.45436525e-01  7.03e-17 1.42e-14  2.31e-07     3s
  17   6.67732873e-01  7.31232551e-01  6.37e-17 1.42e-14  1.28e-07     3s
  18   6.95168019e-01  7.20934615e-01  8.37e-17 1.42e-14  5.18e-08     3s
  19   7.07563864e-01  7.16334625e-01  5.95e-17 1.42e-14  1.76e-08     3s
  20   7.12051728e-01  7.14748418e-01  8.13e-17 1.42e-14  5.43e-09     3s
  21   7.13139941e-01  7.14364289e-01  6.29e-17 1.42e-14  2.46e-09     3s
  22   7.13955721e-01  7.14077281e-01  9.81e-17 1.42e-14  2.45e-10     3s
  23   7.14036076e-01  7.14049011e-01  6.40e-17 1.42e-14  2.60e-11     3s
  24   7.14045501e-01  7.14045703e-01  1.81e-16 2.84e-14  4.06e-13     3s
  25   7.14045633e-01  7.14045657e-01  2.72e-15 1.42e-14  4.81e-14     3s
  26   7.14045645e-01  7.14045652e-01  4.86e-15 2.13e-14  1.60e-14     3s
  27   7.14045649e-01  7.14045651e-01  2.74e-15 1.42e-14  3.77e-15     4s
  28   7.14045650e-01  7.14045651e-01  3.28e-15 2.13e-14  1.01e-15     4s
  29   7.14045650e-01  7.14045650e-01  1.57e-15 2.84e-14  2.98e-16     4s
  30   7.14045650e-01  7.14045650e-01  9.46e-16 1.42e-14  1.84e-16     4s
  31   7.14045650e-01  7.14045650e-01  6.98e-16 1.42e-14  1.56e-16     4s
  32   7.14045650e-01  7.14045650e-01  5.60e-16 1.42e-14  8.41e-17     4s

Barrier solved model in 32 iterations and 3.97 seconds (3.75 work units)
Optimal objective 7.14045650e-01

objective value: 0.714045650352064
Done! Time elapsed: 25.62097930908203 seconds.
g_0_1: 1.000003669570285
g_1_1: 1.0000023087381484
g_1_2: 1.0000065086202157
g_2_1: 1.0000042363294364
g_2_2: 1.0000119427818812
g_2_3: 1.0000042363294366
g_2_4: 1.0000119427818532
Parameters from last iteration: [0.17400064 0.70700163 0.17400113 0.707003   0.17400208 0.707003
 0.17400208]

Parameters from current iteration:
                [0.17400064 0.70700163 0.17400113 0.707003   0.17400208 0.707003
 0.17400208]


                Percentage Error = 3.1902752834832345e-16
                
year done: 91
Time 92: 2
Optimization Iteration[1/20000]

Solving the optimization problem...
Set parameter TokenServer to value "licenses.rcc.uchicago.edu"
Read LP format model from file /scratch/local/jobs/50183984/tmpjs7xuu7u.pyomo.lp
Reading time = 1.33 seconds
x1: 258121 rows, 502401 columns, 1259970 nonzeros
Set parameter Threads to value 8
Set parameter BarConvTol to value 1e-12
Gurobi Optimizer version 11.0.0 build v11.0.0rc2 (linux64 - "CentOS Linux 8")

CPU model: Intel(R) Xeon(R) Gold 6248R CPU @ 3.00GHz, instruction set [SSE2|AVX|AVX2|AVX512]
Thread count: 48 physical cores, 48 logical processors, using up to 8 threads

Optimize a model with 258121 rows, 502401 columns and 1259970 nonzeros
Model fingerprint: 0x8d5081bc
Model has 3166 quadratic objective terms
Coefficient statistics:
  Matrix range     [1e+00, 1e+03]
  Objective range  [5e-07, 7e+01]
  QObjective range [3e-01, 3e+03]
  Bounds range     [3e-04, 1e+00]
  RHS range        [8e-17, 6e+00]
Presolve removed 131482 rows and 128814 columns
Presolve time: 0.55s
Presolved: 126639 rows, 373587 columns, 743930 nonzeros
Presolved model has 3166 quadratic objective terms
Ordering time: 0.16s

Barrier statistics:
 AA' NZ     : 3.709e+05
 Factor NZ  : 4.212e+06 (roughly 240 MB of memory)
 Factor Ops : 3.974e+08 (less than 1 second per iteration)
 Threads    : 8

                  Objective                Residual
Iter       Primal          Dual         Primal    Dual     Compl     Time
   0  -1.08858984e+09  8.63519648e+08  7.80e+04 1.14e-13  1.00e+06     1s
   1  -6.35727304e+08  5.82241624e+08  1.87e+04 1.60e+02  2.62e+05     1s
   2  -3.24155004e+08  3.24098671e+08  2.36e+02 1.04e+00  4.64e+03     1s
   3  -7.58808411e+07  7.65393861e+07  1.95e+00 1.68e-12  3.30e+02     1s
   4  -1.46363885e+07  1.53249906e+07  1.70e-01 4.43e-12  6.19e+01     1s
   5  -2.69569134e+06  2.98245187e+06  1.33e-02 1.25e-12  1.15e+01     1s
   6  -3.92606219e+05  4.49318568e+05  1.33e-08 1.38e-12  1.69e+00     2s
   7  -5.87273255e+04  7.36726378e+04  1.48e-13 7.01e-13  2.66e-01     2s
   8  -8.85454897e+03  1.06080600e+04  6.48e-14 2.37e-13  3.92e-02     2s
   9  -1.41601378e+03  1.73869453e+03  1.84e-14 4.35e-14  6.35e-03     2s
  10  -2.31363044e+02  2.19616170e+02  4.96e-15 2.84e-14  9.07e-04     2s
  11  -5.12539133e+01  3.37594214e+01  3.76e-15 2.13e-14  1.71e-04     2s
  12  -8.47045866e+00  5.92782159e+00  9.67e-16 2.13e-14  2.90e-05     2s
  13  -9.86712168e-01  1.17956512e+00  3.84e-16 1.42e-14  4.36e-06     2s
  14  -1.38976925e-01  1.09568022e+00  2.71e-16 2.84e-14  2.48e-06     3s
  15   5.01756615e-01  7.96385157e-01  6.33e-17 2.84e-14  5.93e-07     3s
  16   6.25392261e-01  7.39967472e-01  4.93e-17 2.84e-14  2.31e-07     3s
  17   6.62263819e-01  7.25763498e-01  9.69e-17 1.42e-14  1.28e-07     3s
  18   6.89698965e-01  7.15465562e-01  8.51e-17 1.42e-14  5.18e-08     3s
  19   7.02094810e-01  7.10865571e-01  6.10e-17 1.42e-14  1.76e-08     3s
  20   7.06582675e-01  7.09279364e-01  9.15e-17 2.84e-14  5.43e-09     3s
  21   7.07670887e-01  7.08895235e-01  7.63e-17 1.42e-14  2.46e-09     3s
  22   7.08486668e-01  7.08608228e-01  8.11e-17 1.73e-14  2.45e-10     3s
  23   7.08567023e-01  7.08579957e-01  6.47e-17 2.84e-14  2.60e-11     3s
  24   7.08576447e-01  7.08576649e-01  1.49e-16 1.42e-14  4.06e-13     3s
  25   7.08576579e-01  7.08576603e-01  2.36e-15 2.84e-14  4.79e-14     3s
  26   7.08576591e-01  7.08576599e-01  4.83e-15 1.42e-14  1.59e-14     4s
  27   7.08576595e-01  7.08576597e-01  2.80e-15 1.42e-14  3.76e-15     4s
  28   7.08576596e-01  7.08576597e-01  3.01e-15 2.84e-14  1.01e-15     4s
  29   7.08576597e-01  7.08576597e-01  1.40e-15 1.42e-14  2.97e-16     4s
  30   7.08576597e-01  7.08576597e-01  9.64e-16 1.42e-14  1.83e-16     4s
  31   7.08576597e-01  7.08576597e-01  6.11e-16 1.42e-14  1.55e-16     4s
  32   7.08576597e-01  7.08576597e-01  6.78e-16 1.42e-14  8.49e-17     4s

Barrier solved model in 32 iterations and 4.01 seconds (3.75 work units)
Optimal objective 7.08576597e-01

objective value: 0.7085765968203593
Done! Time elapsed: 24.04820489883423 seconds.
g_0_1: 1.0000036695702852
g_1_1: 1.0000023087381484
g_1_2: 1.000006508620216
g_2_1: 1.0000042363294364
g_2_2: 1.0000119427818814
g_2_3: 1.0000042363294366
g_2_4: 1.0000119427818532
Parameters from last iteration: [0.17400064 0.70700163 0.17400113 0.707003   0.17400208 0.707003
 0.17400208]

Parameters from current iteration:
                [0.17400064 0.70700163 0.17400113 0.707003   0.17400208 0.707003
 0.17400208]


                Percentage Error = 3.19028434080082e-16
                
year done: 92
Time 93: 2
Optimization Iteration[1/20000]

Solving the optimization problem...
Set parameter TokenServer to value "licenses.rcc.uchicago.edu"
Read LP format model from file /scratch/local/jobs/50183984/tmptb6xno3e.pyomo.lp
Reading time = 1.34 seconds
x1: 258121 rows, 502401 columns, 1259970 nonzeros
Set parameter Threads to value 8
Set parameter BarConvTol to value 1e-12
Gurobi Optimizer version 11.0.0 build v11.0.0rc2 (linux64 - "CentOS Linux 8")

CPU model: Intel(R) Xeon(R) Gold 6248R CPU @ 3.00GHz, instruction set [SSE2|AVX|AVX2|AVX512]
Thread count: 48 physical cores, 48 logical processors, using up to 8 threads

Optimize a model with 258121 rows, 502401 columns and 1259970 nonzeros
Model fingerprint: 0x6388327d
Model has 3166 quadratic objective terms
Coefficient statistics:
  Matrix range     [1e+00, 1e+03]
  Objective range  [5e-07, 7e+01]
  QObjective range [3e-01, 3e+03]
  Bounds range     [3e-04, 1e+00]
  RHS range        [8e-17, 6e+00]
Presolve removed 131482 rows and 128814 columns
Presolve time: 0.55s
Presolved: 126639 rows, 373587 columns, 743930 nonzeros
Presolved model has 3166 quadratic objective terms
Ordering time: 0.16s

Barrier statistics:
 AA' NZ     : 3.709e+05
 Factor NZ  : 4.212e+06 (roughly 240 MB of memory)
 Factor Ops : 3.974e+08 (less than 1 second per iteration)
 Threads    : 8

                  Objective                Residual
Iter       Primal          Dual         Primal    Dual     Compl     Time
   0  -1.08858984e+09  8.63519648e+08  7.80e+04 1.13e-13  1.00e+06     1s
   1  -6.35727304e+08  5.82241624e+08  1.87e+04 1.60e+02  2.62e+05     1s
   2  -3.24155004e+08  3.24098671e+08  2.36e+02 1.04e+00  4.64e+03     1s
   3  -7.58808411e+07  7.65393861e+07  1.95e+00 1.44e-12  3.30e+02     1s
   4  -1.46363885e+07  1.53249906e+07  1.70e-01 3.05e-12  6.19e+01     1s
   5  -2.69569135e+06  2.98245187e+06  1.33e-02 1.35e-12  1.15e+01     1s
   6  -3.92606224e+05  4.49318563e+05  1.33e-08 2.07e-12  1.69e+00     2s
   7  -5.87273308e+04  7.36726325e+04  1.42e-13 6.08e-13  2.66e-01     2s
   8  -8.85455420e+03  1.06080548e+04  5.82e-14 2.23e-13  3.92e-02     2s
   9  -1.41601900e+03  1.73868931e+03  2.00e-14 4.26e-14  6.35e-03     2s
  10  -2.31368267e+02  2.19610948e+02  6.50e-15 2.84e-14  9.07e-04     2s
  11  -5.12591363e+01  3.37541985e+01  3.91e-15 1.42e-14  1.71e-04     2s
  12  -8.47568157e+00  5.92259868e+00  1.05e-15 1.42e-14  2.90e-05     2s
  13  -9.91935073e-01  1.17434221e+00  4.53e-16 1.42e-14  4.36e-06     2s
  14  -1.44199830e-01  1.09045731e+00  2.88e-16 2.84e-14  2.48e-06     3s
  15   4.96533710e-01  7.91162252e-01  5.83e-17 1.42e-14  5.93e-07     3s
  16   6.20169356e-01  7.34744566e-01  6.46e-17 1.42e-14  2.31e-07     3s
  17   6.57040914e-01  7.20540592e-01  1.21e-16 1.51e-14  1.28e-07     3s
  18   6.84476060e-01  7.10242656e-01  5.81e-17 1.42e-14  5.18e-08     3s
  19   6.96871905e-01  7.05642665e-01  4.67e-17 1.42e-14  1.76e-08     3s
  20   7.01359769e-01  7.04056459e-01  3.86e-17 1.42e-14  5.43e-09     3s
  21   7.02447982e-01  7.03672329e-01  6.64e-17 1.42e-14  2.46e-09     3s
  22   7.03263762e-01  7.03385322e-01  1.01e-16 1.60e-14  2.45e-10     3s
  23   7.03344117e-01  7.03357052e-01  1.01e-16 1.42e-14  2.60e-11     3s
  24   7.03353542e-01  7.03353744e-01  1.27e-16 2.13e-14  4.06e-13     3s
  25   7.03353674e-01  7.03353697e-01  2.46e-15 1.42e-14  4.77e-14     3s
  26   7.03353685e-01  7.03353693e-01  5.49e-15 1.42e-14  1.59e-14     4s
  27   7.03353690e-01  7.03353692e-01  2.87e-15 1.42e-14  3.75e-15     4s
  28   7.03353691e-01  7.03353691e-01  3.72e-15 2.13e-14  1.00e-15     4s
  29   7.03353691e-01  7.03353691e-01  1.50e-15 1.42e-14  2.95e-16     4s
  30   7.03353691e-01  7.03353691e-01  9.53e-16 1.42e-14  1.82e-16     4s
  31   7.03353691e-01  7.03353691e-01  7.57e-16 1.42e-14  1.54e-16     4s
  32   7.03353691e-01  7.03353691e-01  7.44e-16 1.42e-14  8.56e-17     4s

Barrier solved model in 32 iterations and 4.01 seconds (3.75 work units)
Optimal objective 7.03353691e-01

objective value: 0.7033536912451742
Done! Time elapsed: 24.047722816467285 seconds.
g_0_1: 1.0000036695702852
g_1_1: 1.0000023087381484
g_1_2: 1.000006508620216
g_2_1: 1.0000042363294364
g_2_2: 1.0000119427818817
g_2_3: 1.0000042363294366
g_2_4: 1.0000119427818532
Parameters from last iteration: [0.17400064 0.70700163 0.17400113 0.707003   0.17400208 0.707003
 0.17400208]

Parameters from current iteration:
                [0.17400064 0.70700163 0.17400113 0.707003   0.17400208 0.707003
 0.17400208]


                Percentage Error = 3.1902579472186283e-16
                
year done: 93
Time 94: 2
Optimization Iteration[1/20000]

Solving the optimization problem...
Set parameter TokenServer to value "licenses.rcc.uchicago.edu"
Read LP format model from file /scratch/local/jobs/50183984/tmpckmle7ub.pyomo.lp
Reading time = 1.34 seconds
x1: 258121 rows, 502401 columns, 1259970 nonzeros
Set parameter Threads to value 8
Set parameter BarConvTol to value 1e-12
Gurobi Optimizer version 11.0.0 build v11.0.0rc2 (linux64 - "CentOS Linux 8")

CPU model: Intel(R) Xeon(R) Gold 6248R CPU @ 3.00GHz, instruction set [SSE2|AVX|AVX2|AVX512]
Thread count: 48 physical cores, 48 logical processors, using up to 8 threads

Optimize a model with 258121 rows, 502401 columns and 1259970 nonzeros
Model fingerprint: 0xac5c2459
Model has 3166 quadratic objective terms
Coefficient statistics:
  Matrix range     [1e+00, 1e+03]
  Objective range  [5e-07, 7e+01]
  QObjective range [3e-01, 3e+03]
  Bounds range     [3e-04, 1e+00]
  RHS range        [8e-17, 6e+00]
Presolve removed 131482 rows and 128814 columns
Presolve time: 0.55s
Presolved: 126639 rows, 373587 columns, 743930 nonzeros
Presolved model has 3166 quadratic objective terms
Ordering time: 0.16s

Barrier statistics:
 AA' NZ     : 3.709e+05
 Factor NZ  : 4.212e+06 (roughly 240 MB of memory)
 Factor Ops : 3.974e+08 (less than 1 second per iteration)
 Threads    : 8

                  Objective                Residual
Iter       Primal          Dual         Primal    Dual     Compl     Time
   0  -1.08858984e+09  8.63519648e+08  7.80e+04 1.13e-13  1.00e+06     1s
   1  -6.35727304e+08  5.82241624e+08  1.87e+04 1.60e+02  2.62e+05     1s
   2  -3.24155004e+08  3.24098671e+08  2.36e+02 1.04e+00  4.64e+03     1s
   3  -7.58808411e+07  7.65393861e+07  1.95e+00 1.76e-12  3.30e+02     1s
   4  -1.46363885e+07  1.53249906e+07  1.70e-01 4.12e-12  6.19e+01     1s
   5  -2.69569135e+06  2.98245186e+06  1.33e-02 1.23e-12  1.15e+01     1s
   6  -3.92606229e+05  4.49318558e+05  1.33e-08 1.02e-12  1.69e+00     2s
   7  -5.87273357e+04  7.36726276e+04  1.28e-13 6.56e-13  2.66e-01     2s
   8  -8.85455918e+03  1.06080498e+04  5.27e-14 2.56e-13  3.92e-02     2s
   9  -1.41602399e+03  1.73868432e+03  1.94e-14 5.68e-14  6.35e-03     2s
  10  -2.31373255e+02  2.19605960e+02  9.04e-15 2.84e-14  9.07e-04     2s
  11  -5.12641241e+01  3.37492107e+01  3.52e-15 2.13e-14  1.71e-04     2s
  12  -8.48066940e+00  5.91761084e+00  1.39e-15 1.42e-14  2.90e-05     2s
  13  -9.96922909e-01  1.16935438e+00  4.13e-16 2.84e-14  4.36e-06     2s
  14  -1.49187666e-01  1.08546948e+00  2.96e-16 4.26e-14  2.48e-06     3s
  15   4.91545874e-01  7.86174415e-01  5.14e-17 1.42e-14  5.93e-07     3s
  16   6.15181520e-01  7.29756730e-01  1.09e-16 2.84e-14  2.31e-07     3s
  17   6.52053078e-01  7.15552756e-01  8.31e-17 2.13e-14  1.28e-07     3s
  18   6.79488224e-01  7.05254820e-01  6.00e-17 1.42e-14  5.18e-08     3s
  19   6.91884069e-01  7.00654829e-01  1.17e-16 1.42e-14  1.76e-08     3s
  20   6.96371933e-01  6.99068623e-01  7.25e-17 1.42e-14  5.43e-09     3s
  21   6.97460145e-01  6.98684493e-01  3.53e-17 1.42e-14  2.46e-09     3s
  22   6.98275926e-01  6.98397486e-01  6.55e-17 1.42e-14  2.45e-10     3s
  23   6.98356281e-01  6.98369215e-01  9.64e-17 2.84e-14  2.60e-11     3s
  24   6.98365706e-01  6.98365908e-01  1.67e-16 1.42e-14  4.06e-13     3s
  25   6.98365838e-01  6.98365861e-01  2.82e-15 1.42e-14  4.75e-14     3s
  26   6.98365849e-01  6.98365857e-01  3.81e-15 2.84e-14  1.58e-14     3s
  27   6.98365854e-01  6.98365856e-01  3.18e-15 1.42e-14  3.74e-15     4s
  28   6.98365855e-01  6.98365855e-01  3.26e-15 2.13e-14  1.00e-15     4s
  29   6.98365855e-01  6.98365855e-01  1.34e-15 1.42e-14  2.94e-16     4s
  30   6.98365855e-01  6.98365855e-01  1.17e-15 1.42e-14  1.81e-16     4s
  31   6.98365855e-01  6.98365855e-01  8.81e-16 1.42e-14  1.54e-16     4s
  32   6.98365855e-01  6.98365855e-01  6.40e-16 1.42e-14  8.62e-17     4s

Barrier solved model in 32 iterations and 4.00 seconds (3.76 work units)
Optimal objective 6.98365855e-01

objective value: 0.6983658551435166
Done! Time elapsed: 24.01877474784851 seconds.
g_0_1: 1.0000036695702852
g_1_1: 1.0000023087381484
g_1_2: 1.0000065086202157
g_2_1: 1.0000042363294364
g_2_2: 1.0000119427818819
g_2_3: 1.0000042363294366
g_2_4: 1.0000119427818532
Parameters from last iteration: [0.17400064 0.70700163 0.17400113 0.707003   0.17400208 0.707003
 0.17400208]

Parameters from current iteration:
                [0.17400064 0.70700163 0.17400113 0.707003   0.17400208 0.707003
 0.17400208]


                Percentage Error = 1.5951376417416165e-16
                
year done: 94
Time 95: 2
Optimization Iteration[1/20000]

Solving the optimization problem...
Set parameter TokenServer to value "licenses.rcc.uchicago.edu"
Read LP format model from file /scratch/local/jobs/50183984/tmpsfn4l6o7.pyomo.lp
Reading time = 1.34 seconds
x1: 258121 rows, 502401 columns, 1259970 nonzeros
Set parameter Threads to value 8
Set parameter BarConvTol to value 1e-12
Gurobi Optimizer version 11.0.0 build v11.0.0rc2 (linux64 - "CentOS Linux 8")

CPU model: Intel(R) Xeon(R) Gold 6248R CPU @ 3.00GHz, instruction set [SSE2|AVX|AVX2|AVX512]
Thread count: 48 physical cores, 48 logical processors, using up to 8 threads

Optimize a model with 258121 rows, 502401 columns and 1259970 nonzeros
Model fingerprint: 0x1b2937a1
Model has 3166 quadratic objective terms
Coefficient statistics:
  Matrix range     [1e+00, 1e+03]
  Objective range  [5e-07, 7e+01]
  QObjective range [3e-01, 3e+03]
  Bounds range     [3e-04, 1e+00]
  RHS range        [8e-17, 6e+00]
Presolve removed 131482 rows and 128814 columns
Presolve time: 0.55s
Presolved: 126639 rows, 373587 columns, 743930 nonzeros
Presolved model has 3166 quadratic objective terms
Ordering time: 0.16s

Barrier statistics:
 AA' NZ     : 3.709e+05
 Factor NZ  : 4.212e+06 (roughly 240 MB of memory)
 Factor Ops : 3.974e+08 (less than 1 second per iteration)
 Threads    : 8

                  Objective                Residual
Iter       Primal          Dual         Primal    Dual     Compl     Time
   0  -1.08858984e+09  8.63519648e+08  7.80e+04 1.13e-13  1.00e+06     1s
   1  -6.35727304e+08  5.82241624e+08  1.87e+04 1.60e+02  2.62e+05     1s
   2  -3.24155004e+08  3.24098671e+08  2.36e+02 1.04e+00  4.64e+03     1s
   3  -7.58808411e+07  7.65393861e+07  1.95e+00 1.46e-12  3.30e+02     1s
   4  -1.46363885e+07  1.53249906e+07  1.70e-01 3.87e-12  6.19e+01     1s
   5  -2.69569136e+06  2.98245186e+06  1.33e-02 1.47e-12  1.15e+01     1s
   6  -3.92606234e+05  4.49318553e+05  1.33e-08 9.21e-13  1.69e+00     2s
   7  -5.87273405e+04  7.36726228e+04  1.43e-13 7.36e-13  2.66e-01     2s
   8  -8.85456395e+03  1.06080451e+04  6.22e-14 2.23e-13  3.92e-02     2s
   9  -1.41602875e+03  1.73867956e+03  2.36e-14 4.94e-14  6.35e-03     2s
  10  -2.31378018e+02  2.19601196e+02  6.29e-15 4.26e-14  9.07e-04     2s
  11  -5.12688874e+01  3.37444473e+01  3.42e-15 1.42e-14  1.71e-04     2s
  12  -8.48543275e+00  5.91284750e+00  1.02e-15 2.13e-14  2.90e-05     2s
  13  -1.00168626e+00  1.16459103e+00  4.15e-16 1.42e-14  4.36e-06     2s
  14  -1.53951013e-01  1.08070613e+00  3.51e-16 3.55e-14  2.48e-06     3s
  15   4.86782527e-01  7.81411069e-01  4.35e-17 1.42e-14  5.93e-07     3s
  16   6.10418173e-01  7.24993384e-01  1.40e-16 2.13e-14  2.31e-07     3s
  17   6.47289731e-01  7.10789410e-01  5.51e-17 1.42e-14  1.28e-07     3s
  18   6.74724877e-01  7.00491473e-01  6.19e-17 1.42e-14  5.18e-08     3s
  19   6.87120722e-01  6.95891483e-01  1.66e-16 1.42e-14  1.76e-08     3s
  20   6.91608587e-01  6.94305276e-01  1.21e-16 1.42e-14  5.43e-09     3s
  21   6.92696799e-01  6.93921147e-01  6.09e-17 1.42e-14  2.46e-09     3s
  22   6.93512580e-01  6.93634140e-01  1.22e-16 2.84e-14  2.45e-10     3s
  23   6.93592935e-01  6.93605869e-01  1.07e-16 2.13e-14  2.60e-11     3s
  24   6.93602359e-01  6.93602561e-01  1.49e-16 1.42e-14  4.06e-13     3s
  25   6.93602491e-01  6.93602515e-01  2.17e-15 1.42e-14  4.73e-14     3s
  26   6.93602503e-01  6.93602511e-01  4.15e-15 1.42e-14  1.58e-14     4s
  27   6.93602507e-01  6.93602509e-01  3.45e-15 1.42e-14  3.73e-15     4s
  28   6.93602508e-01  6.93602509e-01  3.62e-15 1.42e-14  9.96e-16     4s
  29   6.93602509e-01  6.93602509e-01  1.33e-15 1.42e-14  2.93e-16     4s
  30   6.93602509e-01  6.93602509e-01  8.97e-16 2.84e-14  1.80e-16     4s
  31   6.93602509e-01  6.93602509e-01  7.04e-16 1.42e-14  1.53e-16     4s
  32   6.93602509e-01  6.93602509e-01  5.14e-16 1.42e-14  8.68e-17     4s

Barrier solved model in 32 iterations and 4.02 seconds (3.76 work units)
Optimal objective 6.93602509e-01

objective value: 0.6936025086462594
Done! Time elapsed: 25.583879709243774 seconds.
g_0_1: 1.0000036695702852
g_1_1: 1.0000023087381487
g_1_2: 1.000006508620216
g_2_1: 1.0000042363294361
g_2_2: 1.000011942781882
g_2_3: 1.0000042363294366
g_2_4: 1.0000119427818532
Parameters from last iteration: [0.17400064 0.70700163 0.17400113 0.707003   0.17400208 0.707003
 0.17400208]

Parameters from current iteration:
                [0.17400064 0.70700163 0.17400113 0.707003   0.17400208 0.707003
 0.17400208]


                Percentage Error = 3.1406458879055187e-16
                
year done: 95
Time 96: 2
Optimization Iteration[1/20000]

Solving the optimization problem...
Set parameter TokenServer to value "licenses.rcc.uchicago.edu"
Read LP format model from file /scratch/local/jobs/50183984/tmpxdptzno2.pyomo.lp
Reading time = 1.34 seconds
x1: 258121 rows, 502401 columns, 1259970 nonzeros
Set parameter Threads to value 8
Set parameter BarConvTol to value 1e-12
Gurobi Optimizer version 11.0.0 build v11.0.0rc2 (linux64 - "CentOS Linux 8")

CPU model: Intel(R) Xeon(R) Gold 6248R CPU @ 3.00GHz, instruction set [SSE2|AVX|AVX2|AVX512]
Thread count: 48 physical cores, 48 logical processors, using up to 8 threads

Optimize a model with 258121 rows, 502401 columns and 1259970 nonzeros
Model fingerprint: 0x8eeaffff
Model has 3166 quadratic objective terms
Coefficient statistics:
  Matrix range     [1e+00, 1e+03]
  Objective range  [5e-07, 7e+01]
  QObjective range [3e-01, 3e+03]
  Bounds range     [3e-04, 1e+00]
  RHS range        [8e-17, 6e+00]
Presolve removed 131482 rows and 128814 columns
Presolve time: 0.55s
Presolved: 126639 rows, 373587 columns, 743930 nonzeros
Presolved model has 3166 quadratic objective terms
Ordering time: 0.16s

Barrier statistics:
 AA' NZ     : 3.709e+05
 Factor NZ  : 4.212e+06 (roughly 240 MB of memory)
 Factor Ops : 3.974e+08 (less than 1 second per iteration)
 Threads    : 8

                  Objective                Residual
Iter       Primal          Dual         Primal    Dual     Compl     Time
   0  -1.08858984e+09  8.63519648e+08  7.80e+04 1.13e-13  1.00e+06     1s
   1  -6.35727304e+08  5.82241624e+08  1.87e+04 1.60e+02  2.62e+05     1s
   2  -3.24155004e+08  3.24098671e+08  2.36e+02 1.04e+00  4.64e+03     1s
   3  -7.58808411e+07  7.65393861e+07  1.95e+00 1.44e-12  3.30e+02     1s
   4  -1.46363885e+07  1.53249906e+07  1.70e-01 3.89e-12  6.19e+01     1s
   5  -2.69569136e+06  2.98245185e+06  1.33e-02 1.17e-12  1.15e+01     1s
   6  -3.92606239e+05  4.49318549e+05  1.33e-08 9.21e-13  1.69e+00     2s
   7  -5.87273451e+04  7.36726182e+04  1.16e-13 7.66e-13  2.66e-01     2s
   8  -8.85456850e+03  1.06080405e+04  5.92e-14 2.55e-13  3.92e-02     2s
   9  -1.41603330e+03  1.73867501e+03  2.14e-14 4.37e-14  6.35e-03     2s
  10  -2.31382567e+02  2.19596647e+02  6.81e-15 2.84e-14  9.07e-04     2s
  11  -5.12734364e+01  3.37398984e+01  2.97e-15 2.13e-14  1.71e-04     2s
  12  -8.48998171e+00  5.90829854e+00  1.06e-15 1.42e-14  2.90e-05     2s
  13  -1.00623522e+00  1.16004207e+00  3.89e-16 2.13e-14  4.36e-06     2s
  14  -1.58499973e-01  1.07615717e+00  2.84e-16 2.84e-14  2.48e-06     3s
  15   4.82233566e-01  7.76862108e-01  5.23e-17 2.13e-14  5.93e-07     3s
  16   6.05869213e-01  7.20444423e-01  9.95e-17 1.42e-14  2.31e-07     3s
  17   6.42740771e-01  7.06240449e-01  8.85e-17 1.42e-14  1.28e-07     3s
  18   6.70175917e-01  6.95942513e-01  1.33e-16 2.84e-14  5.18e-08     3s
  19   6.82571762e-01  6.91342522e-01  7.68e-17 1.42e-14  1.76e-08     3s
  20   6.87059626e-01  6.89756316e-01  4.19e-17 2.84e-14  5.43e-09     3s
  21   6.88147838e-01  6.89372186e-01  5.63e-17 1.42e-14  2.46e-09     3s
  22   6.88963619e-01  6.89085179e-01  1.24e-16 2.84e-14  2.45e-10     3s
  23   6.89043974e-01  6.89056908e-01  8.07e-17 1.42e-14  2.60e-11     3s
  24   6.89053399e-01  6.89053601e-01  1.75e-16 1.51e-14  4.06e-13     3s
  25   6.89053531e-01  6.89053554e-01  2.36e-15 1.42e-14  4.71e-14     3s
  26   6.89053542e-01  6.89053550e-01  6.58e-15 1.42e-14  1.58e-14     3s
  27   6.89053547e-01  6.89053549e-01  3.81e-15 1.42e-14  3.72e-15     4s
  28   6.89053548e-01  6.89053548e-01  3.17e-15 2.84e-14  9.92e-16     4s
  29   6.89053548e-01  6.89053548e-01  1.42e-15 1.42e-14  2.92e-16     4s
  30   6.89053548e-01  6.89053548e-01  8.93e-16 1.42e-14  1.80e-16     4s
  31   6.89053548e-01  6.89053548e-01  7.17e-16 1.42e-14  1.53e-16     4s
  32   6.89053548e-01  6.89053548e-01  6.66e-16 1.42e-14  8.72e-17     4s

Barrier solved model in 32 iterations and 4.01 seconds (3.76 work units)
Optimal objective 6.89053548e-01

objective value: 0.6890535480568588
Done! Time elapsed: 24.215057134628296 seconds.
g_0_1: 1.0000036695702854
g_1_1: 1.0000023087381484
g_1_2: 1.000006508620216
g_2_1: 1.0000042363294361
g_2_2: 1.0000119427818825
g_2_3: 1.0000042363294364
g_2_4: 1.0000119427818535
Parameters from last iteration: [0.17400064 0.70700163 0.17400113 0.707003   0.17400208 0.707003
 0.17400208]

Parameters from current iteration:
                [0.17400064 0.70700163 0.17400113 0.707003   0.17400208 0.707003
 0.17400208]


                Percentage Error = 4.78538692082794e-16
                
year done: 96
Time 97: 2
Optimization Iteration[1/20000]

Solving the optimization problem...
Set parameter TokenServer to value "licenses.rcc.uchicago.edu"
Read LP format model from file /scratch/local/jobs/50183984/tmp2o7c7w8o.pyomo.lp
Reading time = 1.34 seconds
x1: 258121 rows, 502401 columns, 1259970 nonzeros
Set parameter Threads to value 8
Set parameter BarConvTol to value 1e-12
Gurobi Optimizer version 11.0.0 build v11.0.0rc2 (linux64 - "CentOS Linux 8")

CPU model: Intel(R) Xeon(R) Gold 6248R CPU @ 3.00GHz, instruction set [SSE2|AVX|AVX2|AVX512]
Thread count: 48 physical cores, 48 logical processors, using up to 8 threads

Optimize a model with 258121 rows, 502401 columns and 1259970 nonzeros
Model fingerprint: 0x2b69e063
Model has 3166 quadratic objective terms
Coefficient statistics:
  Matrix range     [1e+00, 1e+03]
  Objective range  [5e-07, 7e+01]
  QObjective range [3e-01, 3e+03]
  Bounds range     [3e-04, 1e+00]
  RHS range        [8e-17, 6e+00]
Presolve removed 131482 rows and 128814 columns
Presolve time: 0.55s
Presolved: 126639 rows, 373587 columns, 743930 nonzeros
Presolved model has 3166 quadratic objective terms
Ordering time: 0.16s

Barrier statistics:
 AA' NZ     : 3.709e+05
 Factor NZ  : 4.212e+06 (roughly 240 MB of memory)
 Factor Ops : 3.974e+08 (less than 1 second per iteration)
 Threads    : 8

                  Objective                Residual
Iter       Primal          Dual         Primal    Dual     Compl     Time
   0  -1.08858984e+09  8.63519648e+08  7.80e+04 1.13e-13  1.00e+06     1s
   1  -6.35727304e+08  5.82241624e+08  1.87e+04 1.60e+02  2.62e+05     1s
   2  -3.24155004e+08  3.24098671e+08  2.36e+02 1.04e+00  4.64e+03     1s
   3  -7.58808411e+07  7.65393861e+07  1.95e+00 2.13e-12  3.30e+02     1s
   4  -1.46363885e+07  1.53249906e+07  1.70e-01 4.30e-12  6.19e+01     1s
   5  -2.69569136e+06  2.98245185e+06  1.33e-02 1.46e-12  1.15e+01     1s
   6  -3.92606243e+05  4.49318544e+05  1.33e-08 1.46e-12  1.69e+00     2s
   7  -5.87273494e+04  7.36726139e+04  1.37e-13 6.91e-13  2.66e-01     2s
   8  -8.85457284e+03  1.06080362e+04  6.90e-14 2.23e-13  3.92e-02     2s
   9  -1.41603765e+03  1.73867066e+03  2.06e-14 4.17e-14  6.35e-03     2s
  10  -2.31386912e+02  2.19592303e+02  7.21e-15 2.84e-14  9.07e-04     2s
  11  -5.12777806e+01  3.37355542e+01  2.68e-15 2.84e-14  1.71e-04     2s
  12  -8.49432593e+00  5.90395431e+00  9.38e-16 2.84e-14  2.90e-05     2s
  13  -1.01057944e+00  1.15569785e+00  3.70e-16 1.42e-14  4.36e-06     2s
  14  -1.62844197e-01  1.07181294e+00  3.24e-16 3.55e-14  2.48e-06     3s
  15   4.77889343e-01  7.72517885e-01  5.29e-17 1.42e-14  5.93e-07     3s
  16   6.01524989e-01  7.16100199e-01  9.47e-17 2.13e-14  2.31e-07     3s
  17   6.38396547e-01  7.01896225e-01  6.36e-17 1.42e-14  1.28e-07     3s
  18   6.65831693e-01  6.91598289e-01  1.27e-16 1.42e-14  5.18e-08     3s
  19   6.78227538e-01  6.86998299e-01  3.94e-17 1.42e-14  1.76e-08     3s
  20   6.82715402e-01  6.85412092e-01  4.63e-17 1.42e-14  5.43e-09     3s
  21   6.83803615e-01  6.85027963e-01  4.10e-17 1.42e-14  2.46e-09     3s
  22   6.84619395e-01  6.84740956e-01  1.29e-16 1.42e-14  2.45e-10     3s
  23   6.84699750e-01  6.84712685e-01  8.00e-17 1.42e-14  2.60e-11     3s
  24   6.84709175e-01  6.84709377e-01  1.45e-16 1.42e-14  4.06e-13     3s
  25   6.84709307e-01  6.84709331e-01  2.56e-15 1.42e-14  4.69e-14     3s
  26   6.84709319e-01  6.84709326e-01  4.16e-15 2.13e-14  1.57e-14     4s
  27   6.84709323e-01  6.84709325e-01  2.93e-15 1.42e-14  3.71e-15     4s
  28   6.84709324e-01  6.84709325e-01  3.21e-15 1.42e-14  9.88e-16     4s
  29   6.84709324e-01  6.84709324e-01  1.43e-15 1.42e-14  2.91e-16     4s
  30   6.84709324e-01  6.84709324e-01  1.11e-15 1.42e-14  1.79e-16     4s
  31   6.84709324e-01  6.84709324e-01  9.75e-16 1.42e-14  1.52e-16     4s
  32   6.84709324e-01  6.84709324e-01  6.37e-16 1.42e-14  8.75e-17     4s

Barrier solved model in 32 iterations and 4.03 seconds (3.76 work units)
Optimal objective 6.84709324e-01

objective value: 0.6847093244200072
Done! Time elapsed: 24.240020275115967 seconds.
g_0_1: 1.0000036695702854
g_1_1: 1.0000023087381482
g_1_2: 1.000006508620216
g_2_1: 1.0000042363294364
g_2_2: 1.0000119427818825
g_2_3: 1.0000042363294366
g_2_4: 1.0000119427818535
Parameters from last iteration: [0.17400064 0.70700163 0.17400113 0.707003   0.17400208 0.707003
 0.17400208]

Parameters from current iteration:
                [0.17400064 0.70700163 0.17400113 0.707003   0.17400208 0.707003
 0.17400208]


                Percentage Error = 3.140651941773194e-16
                
year done: 97
Time 98: 2
Optimization Iteration[1/20000]

Solving the optimization problem...
Set parameter TokenServer to value "licenses.rcc.uchicago.edu"
Read LP format model from file /scratch/local/jobs/50183984/tmpamjmiy1y.pyomo.lp
Reading time = 1.33 seconds
x1: 258121 rows, 502401 columns, 1259970 nonzeros
Set parameter Threads to value 8
Set parameter BarConvTol to value 1e-12
Gurobi Optimizer version 11.0.0 build v11.0.0rc2 (linux64 - "CentOS Linux 8")

CPU model: Intel(R) Xeon(R) Gold 6248R CPU @ 3.00GHz, instruction set [SSE2|AVX|AVX2|AVX512]
Thread count: 48 physical cores, 48 logical processors, using up to 8 threads

Optimize a model with 258121 rows, 502401 columns and 1259970 nonzeros
Model fingerprint: 0xd0b5a3eb
Model has 3166 quadratic objective terms
Coefficient statistics:
  Matrix range     [1e+00, 1e+03]
  Objective range  [5e-07, 7e+01]
  QObjective range [3e-01, 3e+03]
  Bounds range     [3e-04, 1e+00]
  RHS range        [8e-17, 6e+00]
Presolve removed 131482 rows and 128814 columns
Presolve time: 0.55s
Presolved: 126639 rows, 373587 columns, 743930 nonzeros
Presolved model has 3166 quadratic objective terms
Ordering time: 0.16s

Barrier statistics:
 AA' NZ     : 3.709e+05
 Factor NZ  : 4.212e+06 (roughly 240 MB of memory)
 Factor Ops : 3.974e+08 (less than 1 second per iteration)
 Threads    : 8

                  Objective                Residual
Iter       Primal          Dual         Primal    Dual     Compl     Time
   0  -1.08858984e+09  8.63519648e+08  7.80e+04 1.13e-13  1.00e+06     1s
   1  -6.35727304e+08  5.82241624e+08  1.87e+04 1.60e+02  2.62e+05     1s
   2  -3.24155004e+08  3.24098671e+08  2.36e+02 1.04e+00  4.64e+03     1s
   3  -7.58808411e+07  7.65393861e+07  1.95e+00 1.42e-12  3.30e+02     1s
   4  -1.46363885e+07  1.53249906e+07  1.70e-01 3.92e-12  6.19e+01     1s
   5  -2.69569137e+06  2.98245185e+06  1.33e-02 1.23e-12  1.15e+01     1s
   6  -3.92606247e+05  4.49318540e+05  1.33e-08 1.61e-12  1.69e+00     2s
   7  -5.87273535e+04  7.36726098e+04  1.53e-13 6.77e-13  2.66e-01     2s
   8  -8.85457699e+03  1.06080320e+04  6.63e-14 2.25e-13  3.92e-02     2s
   9  -1.41604179e+03  1.73866651e+03  2.72e-14 4.26e-14  6.35e-03     2s
  10  -2.31391060e+02  2.19588155e+02  5.93e-15 2.84e-14  9.07e-04     2s
  11  -5.12819293e+01  3.37314055e+01  3.82e-15 2.84e-14  1.71e-04     2s
  12  -8.49847463e+00  5.89980561e+00  1.05e-15 1.42e-14  2.90e-05     2s
  13  -1.01472814e+00  1.15154915e+00  4.14e-16 1.42e-14  4.36e-06     2s
  14  -1.66992898e-01  1.06766424e+00  3.50e-16 2.13e-14  2.48e-06     3s
  15   4.73740641e-01  7.68369183e-01  7.63e-17 1.42e-14  5.93e-07     3s
  16   5.97376288e-01  7.11951498e-01  5.43e-17 2.84e-14  2.31e-07     3s
  17   6.34247846e-01  6.97747524e-01  9.65e-17 1.42e-14  1.28e-07     3s
  18   6.61682992e-01  6.87449588e-01  1.27e-16 2.84e-14  5.18e-08     3s
  19   6.74078837e-01  6.82849597e-01  7.92e-17 2.13e-14  1.76e-08     3s
  20   6.78566701e-01  6.81263391e-01  6.81e-17 2.84e-14  5.43e-09     3s
  21   6.79654913e-01  6.80879261e-01  5.61e-17 1.42e-14  2.46e-09     3s
  22   6.80470694e-01  6.80592254e-01  8.65e-17 1.42e-14  2.45e-10     3s
  23   6.80551049e-01  6.80563983e-01  1.38e-16 2.84e-14  2.60e-11     3s
  24   6.80560474e-01  6.80560676e-01  1.63e-16 1.42e-14  4.06e-13     3s
  25   6.80560606e-01  6.80560629e-01  2.42e-15 1.42e-14  4.67e-14     3s
  26   6.80560617e-01  6.80560625e-01  3.88e-15 1.42e-14  1.57e-14     4s
  27   6.80560622e-01  6.80560624e-01  3.13e-15 2.84e-14  3.70e-15     4s
  28   6.80560623e-01  6.80560623e-01  2.77e-15 1.42e-14  9.84e-16     4s
  29   6.80560623e-01  6.80560623e-01  1.43e-15 1.42e-14  2.90e-16     4s
  30   6.80560623e-01  6.80560623e-01  9.94e-16 1.42e-14  1.78e-16     4s
  31   6.80560623e-01  6.80560623e-01  7.61e-16 2.84e-14  1.52e-16     4s
  32   6.80560623e-01  6.80560623e-01  5.63e-16 1.42e-14  8.78e-17     4s

Barrier solved model in 32 iterations and 4.03 seconds (3.76 work units)
Optimal objective 6.80560623e-01

objective value: 0.6805606230548942
Done! Time elapsed: 24.1020770072937 seconds.
g_0_1: 1.0000036695702852
g_1_1: 1.0000023087381484
g_1_2: 1.0000065086202157
g_2_1: 1.0000042363294361
g_2_2: 1.0000119427818825
g_2_3: 1.0000042363294366
g_2_4: 1.0000119427818535
Parameters from last iteration: [0.17400064 0.70700163 0.17400113 0.707003   0.17400208 0.707003
 0.17400208]

Parameters from current iteration:
                [0.17400064 0.70700163 0.17400113 0.707003   0.17400208 0.707003
 0.17400208]


                Percentage Error = 3.140651941773195e-16
                
year done: 98
Time 99: 2
Optimization Iteration[1/20000]

Solving the optimization problem...
Set parameter TokenServer to value "licenses.rcc.uchicago.edu"
Read LP format model from file /scratch/local/jobs/50183984/tmpjdb3m63l.pyomo.lp
Reading time = 1.35 seconds
x1: 258121 rows, 502401 columns, 1259970 nonzeros
Set parameter Threads to value 8
Set parameter BarConvTol to value 1e-12
Gurobi Optimizer version 11.0.0 build v11.0.0rc2 (linux64 - "CentOS Linux 8")

CPU model: Intel(R) Xeon(R) Gold 6248R CPU @ 3.00GHz, instruction set [SSE2|AVX|AVX2|AVX512]
Thread count: 48 physical cores, 48 logical processors, using up to 8 threads

Optimize a model with 258121 rows, 502401 columns and 1259970 nonzeros
Model fingerprint: 0x82aa3bbd
Model has 3166 quadratic objective terms
Coefficient statistics:
  Matrix range     [1e+00, 1e+03]
  Objective range  [5e-07, 7e+01]
  QObjective range [3e-01, 3e+03]
  Bounds range     [3e-04, 1e+00]
  RHS range        [8e-17, 6e+00]
Presolve removed 131482 rows and 128814 columns
Presolve time: 0.54s
Presolved: 126639 rows, 373587 columns, 743930 nonzeros
Presolved model has 3166 quadratic objective terms
Ordering time: 0.16s

Barrier statistics:
 AA' NZ     : 3.709e+05
 Factor NZ  : 4.212e+06 (roughly 240 MB of memory)
 Factor Ops : 3.974e+08 (less than 1 second per iteration)
 Threads    : 8

                  Objective                Residual
Iter       Primal          Dual         Primal    Dual     Compl     Time
   0  -1.08858984e+09  8.63519648e+08  7.80e+04 1.13e-13  1.00e+06     1s
   1  -6.35727304e+08  5.82241624e+08  1.87e+04 1.60e+02  2.62e+05     1s
   2  -3.24155004e+08  3.24098671e+08  2.36e+02 1.04e+00  4.64e+03     1s
   3  -7.58808411e+07  7.65393861e+07  1.95e+00 1.72e-12  3.30e+02     1s
   4  -1.46363885e+07  1.53249906e+07  1.70e-01 4.25e-12  6.19e+01     1s
   5  -2.69569137e+06  2.98245184e+06  1.33e-02 1.46e-12  1.15e+01     1s
   6  -3.92606251e+05  4.49318536e+05  1.33e-08 1.01e-12  1.69e+00     2s
   7  -5.87273575e+04  7.36726058e+04  1.51e-13 6.15e-13  2.66e-01     2s
   8  -8.85458095e+03  1.06080281e+04  6.27e-14 2.70e-13  3.92e-02     2s
   9  -1.41604576e+03  1.73866255e+03  2.05e-14 4.42e-14  6.35e-03     2s
  10  -2.31395022e+02  2.19584193e+02  6.68e-15 2.84e-14  9.07e-04     2s
  11  -5.12858913e+01  3.37274435e+01  4.15e-15 1.51e-14  1.71e-04     2s
  12  -8.50243661e+00  5.89584363e+00  1.14e-15 1.42e-14  2.90e-05     2s
  13  -1.01869012e+00  1.14758717e+00  4.73e-16 1.42e-14  4.36e-06     2s
  14  -1.70954878e-01  1.06370226e+00  3.18e-16 3.55e-14  2.48e-06     2s
  15   4.69778662e-01  7.64407204e-01  6.42e-17 1.42e-14  5.93e-07     3s
  16   5.93414309e-01  7.07989519e-01  8.61e-17 2.04e-14  2.31e-07     3s
  17   6.30285867e-01  6.93785545e-01  1.30e-16 1.42e-14  1.28e-07     3s
  18   6.57721013e-01  6.83487609e-01  1.10e-16 1.42e-14  5.18e-08     3s
  19   6.70116858e-01  6.78887618e-01  1.10e-16 1.42e-14  1.76e-08     3s
  20   6.74604722e-01  6.77301412e-01  8.13e-17 1.42e-14  5.43e-09     3s
  21   6.75692934e-01  6.76917282e-01  4.03e-17 1.42e-14  2.46e-09     3s
  22   6.76508715e-01  6.76630275e-01  1.44e-16 1.42e-14  2.45e-10     3s
  23   6.76589070e-01  6.76602004e-01  8.77e-17 2.84e-14  2.60e-11     3s
  24   6.76598495e-01  6.76598697e-01  1.82e-16 2.84e-14  4.06e-13     3s
  25   6.76598627e-01  6.76598650e-01  2.15e-15 1.42e-14  4.65e-14     3s
  26   6.76598638e-01  6.76598646e-01  5.71e-15 1.42e-14  1.56e-14     3s
  27   6.76598643e-01  6.76598645e-01  2.83e-15 1.42e-14  3.69e-15     4s
  28   6.76598644e-01  6.76598644e-01  3.00e-15 1.42e-14  9.80e-16     4s
  29   6.76598644e-01  6.76598644e-01  1.59e-15 1.42e-14  2.89e-16     4s
  30   6.76598644e-01  6.76598644e-01  9.22e-16 1.42e-14  1.77e-16     4s
  31   6.76598644e-01  6.76598644e-01  7.69e-16 1.42e-14  1.51e-16     4s
  32   6.76598644e-01  6.76598644e-01  6.03e-16 1.42e-14  8.80e-17     4s

Barrier solved model in 32 iterations and 3.99 seconds (3.76 work units)
Optimal objective 6.76598644e-01

objective value: 0.6765986440096904
Done! Time elapsed: 24.187034130096436 seconds.
g_0_1: 1.0000036695702852
g_1_1: 1.0000023087381484
g_1_2: 1.000006508620216
g_2_1: 1.0000042363294361
g_2_2: 1.0000119427818828
g_2_3: 1.0000042363294366
g_2_4: 1.0000119427818532
Parameters from last iteration: [0.17400064 0.70700163 0.17400113 0.707003   0.17400208 0.707003
 0.17400208]

Parameters from current iteration:
                [0.17400064 0.70700163 0.17400113 0.707003   0.17400208 0.707003
 0.17400208]


                Percentage Error = 3.1902579472187175e-16
                
year done: 99
Time 100: 2
Optimization Iteration[1/20000]

Solving the optimization problem...
Set parameter TokenServer to value "licenses.rcc.uchicago.edu"
Read LP format model from file /scratch/local/jobs/50183984/tmp022jc5o1.pyomo.lp
Reading time = 1.36 seconds
x1: 258121 rows, 502401 columns, 1259970 nonzeros
Set parameter Threads to value 8
Set parameter BarConvTol to value 1e-12
Gurobi Optimizer version 11.0.0 build v11.0.0rc2 (linux64 - "CentOS Linux 8")

CPU model: Intel(R) Xeon(R) Gold 6248R CPU @ 3.00GHz, instruction set [SSE2|AVX|AVX2|AVX512]
Thread count: 48 physical cores, 48 logical processors, using up to 8 threads

Optimize a model with 258121 rows, 502401 columns and 1259970 nonzeros
Model fingerprint: 0xdadf0bb9
Model has 3166 quadratic objective terms
Coefficient statistics:
  Matrix range     [1e+00, 1e+03]
  Objective range  [5e-07, 7e+01]
  QObjective range [3e-01, 3e+03]
  Bounds range     [3e-04, 1e+00]
  RHS range        [8e-17, 6e+00]
Presolve removed 131482 rows and 128814 columns
Presolve time: 0.56s
Presolved: 126639 rows, 373587 columns, 743930 nonzeros
Presolved model has 3166 quadratic objective terms
Ordering time: 0.16s

Barrier statistics:
 AA' NZ     : 3.709e+05
 Factor NZ  : 4.212e+06 (roughly 240 MB of memory)
 Factor Ops : 3.974e+08 (less than 1 second per iteration)
 Threads    : 8

                  Objective                Residual
Iter       Primal          Dual         Primal    Dual     Compl     Time
   0  -1.08858984e+09  8.63519648e+08  7.80e+04 1.13e-13  1.00e+06     1s
   1  -6.35727304e+08  5.82241624e+08  1.87e+04 1.60e+02  2.62e+05     1s
   2  -3.24155004e+08  3.24098671e+08  2.36e+02 1.04e+00  4.64e+03     1s
   3  -7.58808411e+07  7.65393861e+07  1.95e+00 1.91e-12  3.30e+02     1s
   4  -1.46363885e+07  1.53249906e+07  1.70e-01 3.91e-12  6.19e+01     1s
   5  -2.69569138e+06  2.98245184e+06  1.33e-02 1.22e-12  1.15e+01     1s
   6  -3.92606255e+05  4.49318532e+05  1.33e-08 9.18e-13  1.69e+00     2s
   7  -5.87273613e+04  7.36726020e+04  1.52e-13 5.75e-13  2.66e-01     2s
   8  -8.85458474e+03  1.06080243e+04  7.25e-14 2.42e-13  3.92e-02     2s
   9  -1.41604954e+03  1.73865877e+03  2.15e-14 4.56e-14  6.35e-03     2s
  10  -2.31398806e+02  2.19580409e+02  5.61e-15 2.26e-14  9.07e-04     2s
  11  -5.12896750e+01  3.37236598e+01  3.20e-15 2.84e-14  1.71e-04     2s
  12  -8.50622027e+00  5.89205997e+00  1.11e-15 1.42e-14  2.90e-05     2s
  13  -1.02247378e+00  1.14380351e+00  3.65e-16 1.42e-14  4.36e-06     2s
  14  -1.74738538e-01  1.05991860e+00  3.03e-16 2.84e-14  2.48e-06     3s
  15   4.65995002e-01  7.60623544e-01  5.07e-17 1.42e-14  5.93e-07     3s
  16   5.89630648e-01  7.04205858e-01  9.93e-17 1.42e-14  2.31e-07     3s
  17   6.26502206e-01  6.90001884e-01  5.68e-17 1.42e-14  1.28e-07     3s
  18   6.53937352e-01  6.79703948e-01  6.35e-17 2.84e-14  5.18e-08     3s
  19   6.66333197e-01  6.75103958e-01  9.70e-17 1.42e-14  1.76e-08     3s
  20   6.70821061e-01  6.73517751e-01  1.21e-16 1.42e-14  5.43e-09     3s
  21   6.71909274e-01  6.73133622e-01  8.78e-17 1.42e-14  2.46e-09     3s
  22   6.72725054e-01  6.72846615e-01  9.81e-17 2.13e-14  2.45e-10     3s
  23   6.72805409e-01  6.72818344e-01  1.09e-16 2.84e-14  2.60e-11     3s
  24   6.72814834e-01  6.72815036e-01  1.90e-16 1.42e-14  4.06e-13     3s
  25   6.72814966e-01  6.72814989e-01  2.23e-15 2.84e-14  4.64e-14     3s
  26   6.72814978e-01  6.72814985e-01  4.50e-15 1.42e-14  1.56e-14     4s
  27   6.72814982e-01  6.72814984e-01  3.13e-15 2.13e-14  3.67e-15     4s
  28   6.72814983e-01  6.72814984e-01  2.90e-15 1.42e-14  9.75e-16     4s
  29   6.72814983e-01  6.72814983e-01  1.76e-15 1.42e-14  2.87e-16     4s
  30   6.72814983e-01  6.72814983e-01  1.13e-15 1.42e-14  1.77e-16     4s
  31   6.72814983e-01  6.72814983e-01  9.05e-16 1.42e-14  1.50e-16     4s
  32   6.72814983e-01  6.72814983e-01  6.18e-16 1.42e-14  8.81e-17     4s

Barrier solved model in 32 iterations and 4.10 seconds (3.76 work units)
Optimal objective 6.72814983e-01

objective value: 0.6728149833956454
Done! Time elapsed: 26.36676812171936 seconds.
g_0_1: 1.0000036695702854
g_1_1: 1.0000023087381482
g_1_2: 1.0000065086202157
g_2_1: 1.0000042363294361
g_2_2: 1.0000119427818828
g_2_3: 1.0000042363294366
g_2_4: 1.0000119427818535
Parameters from last iteration: [0.17400064 0.70700163 0.17400113 0.707003   0.17400208 0.707003
 0.17400208]

Parameters from current iteration:
                [0.17400064 0.70700163 0.17400113 0.707003   0.17400208 0.707003
 0.17400208]


                Percentage Error = 3.1902579472187185e-16
                
year done: 100
Time 101: 2
Optimization Iteration[1/20000]

Solving the optimization problem...
Set parameter TokenServer to value "licenses.rcc.uchicago.edu"
Read LP format model from file /scratch/local/jobs/50183984/tmp5p9i3ke3.pyomo.lp
Reading time = 1.36 seconds
x1: 258121 rows, 502401 columns, 1259970 nonzeros
Set parameter Threads to value 8
Set parameter BarConvTol to value 1e-12
Gurobi Optimizer version 11.0.0 build v11.0.0rc2 (linux64 - "CentOS Linux 8")

CPU model: Intel(R) Xeon(R) Gold 6248R CPU @ 3.00GHz, instruction set [SSE2|AVX|AVX2|AVX512]
Thread count: 48 physical cores, 48 logical processors, using up to 8 threads

Optimize a model with 258121 rows, 502401 columns and 1259970 nonzeros
Model fingerprint: 0x614d9bd0
Model has 3166 quadratic objective terms
Coefficient statistics:
  Matrix range     [1e+00, 1e+03]
  Objective range  [5e-07, 7e+01]
  QObjective range [3e-01, 3e+03]
  Bounds range     [3e-04, 1e+00]
  RHS range        [8e-17, 6e+00]
Presolve removed 131482 rows and 128814 columns
Presolve time: 0.56s
Presolved: 126639 rows, 373587 columns, 743930 nonzeros
Presolved model has 3166 quadratic objective terms
Ordering time: 0.16s

Barrier statistics:
 AA' NZ     : 3.709e+05
 Factor NZ  : 4.212e+06 (roughly 240 MB of memory)
 Factor Ops : 3.974e+08 (less than 1 second per iteration)
 Threads    : 8

                  Objective                Residual
Iter       Primal          Dual         Primal    Dual     Compl     Time
   0  -1.08858984e+09  8.63519648e+08  7.80e+04 1.13e-13  1.00e+06     1s
   1  -6.35727304e+08  5.82241624e+08  1.87e+04 1.60e+02  2.62e+05     1s
   2  -3.24155004e+08  3.24098671e+08  2.36e+02 1.04e+00  4.64e+03     1s
   3  -7.58808411e+07  7.65393861e+07  1.95e+00 1.58e-12  3.30e+02     1s
   4  -1.46363885e+07  1.53249906e+07  1.70e-01 4.53e-12  6.19e+01     1s
   5  -2.69569138e+06  2.98245183e+06  1.33e-02 1.37e-12  1.15e+01     1s
   6  -3.92606258e+05  4.49318529e+05  1.33e-08 1.12e-12  1.69e+00     2s
   7  -5.87273649e+04  7.36725984e+04  1.56e-13 7.70e-13  2.66e-01     2s
   8  -8.85458835e+03  1.06080207e+04  4.72e-14 2.49e-13  3.92e-02     2s
   9  -1.41605315e+03  1.73865515e+03  1.86e-14 4.26e-14  6.35e-03     2s
  10  -2.31402419e+02  2.19576795e+02  5.61e-15 2.84e-14  9.07e-04     2s
  11  -5.12932883e+01  3.37200464e+01  3.08e-15 1.42e-14  1.71e-04     2s
  12  -8.50983364e+00  5.88844660e+00  1.05e-15 1.69e-14  2.90e-05     2s
  13  -1.02608715e+00  1.14019014e+00  4.69e-16 1.42e-14  4.36e-06     2s
  14  -1.78351906e-01  1.05630524e+00  3.65e-16 2.84e-14  2.48e-06     3s
  15   4.62381634e-01  7.57010176e-01  7.76e-17 1.42e-14  5.93e-07     3s
  16   5.86017280e-01  7.00592490e-01  8.89e-17 2.04e-14  2.31e-07     3s
  17   6.22888838e-01  6.86388517e-01  7.52e-17 2.13e-14  1.28e-07     3s
  18   6.50323984e-01  6.76090580e-01  1.08e-16 1.42e-14  5.18e-08     3s
  19   6.62719829e-01  6.71490590e-01  8.62e-17 1.42e-14  1.76e-08     3s
  20   6.67207694e-01  6.69904383e-01  1.03e-16 1.42e-14  5.43e-09     3s
  21   6.68295906e-01  6.69520254e-01  5.53e-17 1.42e-14  2.46e-09     3s
  22   6.69111686e-01  6.69233247e-01  1.05e-16 1.42e-14  2.45e-10     3s
  23   6.69192042e-01  6.69204976e-01  1.32e-16 1.42e-14  2.60e-11     3s
  24   6.69201466e-01  6.69201668e-01  1.62e-16 1.42e-14  4.06e-13     3s
  25   6.69201599e-01  6.69201622e-01  2.60e-15 1.42e-14  4.62e-14     3s
  26   6.69201610e-01  6.69201618e-01  5.10e-15 1.42e-14  1.55e-14     4s
  27   6.69201614e-01  6.69201616e-01  4.78e-15 1.42e-14  3.66e-15     4s
  28   6.69201615e-01  6.69201616e-01  3.38e-15 1.42e-14  9.71e-16     4s
  29   6.69201615e-01  6.69201616e-01  1.35e-15 1.42e-14  2.86e-16     4s
  30   6.69201616e-01  6.69201616e-01  1.07e-15 1.42e-14  1.76e-16     4s
  31   6.69201616e-01  6.69201616e-01  7.97e-16 1.42e-14  1.50e-16     4s
  32   6.69201616e-01  6.69201616e-01  6.11e-16 1.42e-14  8.82e-17     4s

Barrier solved model in 32 iterations and 4.05 seconds (3.76 work units)
Optimal objective 6.69201616e-01

objective value: 0.6692016155613182
Done! Time elapsed: 24.577656984329224 seconds.
g_0_1: 1.0000036695702852
g_1_1: 1.0000023087381484
g_1_2: 1.0000065086202157
g_2_1: 1.0000042363294364
g_2_2: 1.0000119427818825
g_2_3: 1.0000042363294366
g_2_4: 1.0000119427818532
Parameters from last iteration: [0.17400064 0.70700163 0.17400113 0.707003   0.17400208 0.707003
 0.17400208]

Parameters from current iteration:
                [0.17400064 0.70700163 0.17400113 0.707003   0.17400208 0.707003
 0.17400208]


                Percentage Error = 3.1902579472187175e-16
                
year done: 101
Time 102: 2
Optimization Iteration[1/20000]

Solving the optimization problem...
Set parameter TokenServer to value "licenses.rcc.uchicago.edu"
Read LP format model from file /scratch/local/jobs/50183984/tmpkdcqjxy4.pyomo.lp
Reading time = 1.35 seconds
x1: 258121 rows, 502401 columns, 1259970 nonzeros
Set parameter Threads to value 8
Set parameter BarConvTol to value 1e-12
Gurobi Optimizer version 11.0.0 build v11.0.0rc2 (linux64 - "CentOS Linux 8")

CPU model: Intel(R) Xeon(R) Gold 6248R CPU @ 3.00GHz, instruction set [SSE2|AVX|AVX2|AVX512]
Thread count: 48 physical cores, 48 logical processors, using up to 8 threads

Optimize a model with 258121 rows, 502401 columns and 1259970 nonzeros
Model fingerprint: 0x8e9c5a8b
Model has 3166 quadratic objective terms
Coefficient statistics:
  Matrix range     [1e+00, 1e+03]
  Objective range  [5e-07, 7e+01]
  QObjective range [3e-01, 3e+03]
  Bounds range     [3e-04, 1e+00]
  RHS range        [7e-17, 6e+00]
Presolve removed 131482 rows and 128814 columns
Presolve time: 0.56s
Presolved: 126639 rows, 373587 columns, 743930 nonzeros
Presolved model has 3166 quadratic objective terms
Ordering time: 0.16s

Barrier statistics:
 AA' NZ     : 3.709e+05
 Factor NZ  : 4.212e+06 (roughly 240 MB of memory)
 Factor Ops : 3.974e+08 (less than 1 second per iteration)
 Threads    : 8

                  Objective                Residual
Iter       Primal          Dual         Primal    Dual     Compl     Time
   0  -1.08858984e+09  8.63519648e+08  7.80e+04 1.13e-13  1.00e+06     1s
   1  -6.35727304e+08  5.82241624e+08  1.87e+04 1.60e+02  2.62e+05     1s
   2  -3.24155004e+08  3.24098671e+08  2.36e+02 1.04e+00  4.64e+03     1s
   3  -7.58808411e+07  7.65393861e+07  1.95e+00 1.44e-12  3.30e+02     1s
   4  -1.46363885e+07  1.53249906e+07  1.70e-01 3.88e-12  6.19e+01     1s
   5  -2.69569138e+06  2.98245183e+06  1.33e-02 1.43e-12  1.15e+01     1s
   6  -3.92606262e+05  4.49318525e+05  1.33e-08 9.96e-13  1.69e+00     2s
   7  -5.87273684e+04  7.36725949e+04  1.58e-13 6.43e-13  2.66e-01     2s
   8  -8.85459180e+03  1.06080172e+04  5.51e-14 2.81e-13  3.92e-02     2s
   9  -1.41605660e+03  1.73865170e+03  2.37e-14 3.61e-14  6.35e-03     2s
  10  -2.31405870e+02  2.19573345e+02  7.11e-15 2.84e-14  9.07e-04     2s
  11  -5.12967391e+01  3.37165957e+01  4.19e-15 1.42e-14  1.71e-04     2s
  12  -8.51328438e+00  5.88499586e+00  1.24e-15 1.42e-14  2.90e-05     2s
  13  -1.02953789e+00  1.13673940e+00  4.26e-16 1.42e-14  4.36e-06     2s
  14  -1.81802645e-01  1.05285450e+00  3.35e-16 2.84e-14  2.48e-06     3s
  15   4.58930894e-01  7.53559436e-01  5.40e-17 2.13e-14  5.93e-07     3s
  16   5.82566541e-01  6.97141751e-01  6.58e-17 1.42e-14  2.31e-07     3s
  17   6.19438099e-01  6.82937777e-01  5.98e-17 2.84e-14  1.28e-07     3s
  18   6.46873245e-01  6.72639841e-01  1.25e-16 1.95e-14  5.18e-08     3s
  19   6.59269090e-01  6.68039850e-01  1.10e-16 1.42e-14  1.76e-08     3s
  20   6.63756954e-01  6.66453644e-01  1.20e-16 1.42e-14  5.43e-09     3s
  21   6.64845166e-01  6.66069514e-01  4.72e-17 1.42e-14  2.46e-09     3s
  22   6.65660947e-01  6.65782507e-01  7.70e-17 2.13e-14  2.45e-10     3s
  23   6.65741302e-01  6.65754236e-01  7.17e-17 1.42e-14  2.60e-11     3s
  24   6.65750727e-01  6.65750929e-01  1.87e-16 2.84e-14  4.06e-13     3s
  25   6.65750859e-01  6.65750882e-01  2.34e-15 1.42e-14  4.60e-14     3s
  26   6.65750870e-01  6.65750878e-01  4.22e-15 2.84e-14  1.55e-14     4s
  27   6.65750875e-01  6.65750877e-01  3.23e-15 1.42e-14  3.65e-15     4s
  28   6.65750876e-01  6.65750876e-01  3.24e-15 2.13e-14  9.67e-16     4s
  29   6.65750876e-01  6.65750876e-01  1.55e-15 1.42e-14  2.85e-16     4s
  30   6.65750876e-01  6.65750876e-01  1.19e-15 1.42e-14  1.75e-16     4s
  31   6.65750876e-01  6.65750876e-01  1.03e-15 1.42e-14  1.49e-16     4s
  32   6.65750876e-01  6.65750876e-01  6.82e-16 1.42e-14  8.83e-17     4s

Barrier solved model in 32 iterations and 4.06 seconds (3.76 work units)
Optimal objective 6.65750876e-01

objective value: 0.6657508760690657
Done! Time elapsed: 24.810160875320435 seconds.
g_0_1: 1.0000036695702854
g_1_1: 1.0000023087381484
g_1_2: 1.000006508620216
g_2_1: 1.0000042363294364
g_2_2: 1.0000119427818828
g_2_3: 1.0000042363294366
g_2_4: 1.0000119427818535
Parameters from last iteration: [0.17400064 0.70700163 0.17400113 0.707003   0.17400208 0.707003
 0.17400208]

Parameters from current iteration:
                [0.17400064 0.70700163 0.17400113 0.707003   0.17400208 0.707003
 0.17400208]


                Percentage Error = 3.1902579472187185e-16
                
year done: 102
Time 103: 2
Optimization Iteration[1/20000]

Solving the optimization problem...
Set parameter TokenServer to value "licenses.rcc.uchicago.edu"
Read LP format model from file /scratch/local/jobs/50183984/tmprklcvuzv.pyomo.lp
Reading time = 1.36 seconds
x1: 258121 rows, 502401 columns, 1259970 nonzeros
Set parameter Threads to value 8
Set parameter BarConvTol to value 1e-12
Gurobi Optimizer version 11.0.0 build v11.0.0rc2 (linux64 - "CentOS Linux 8")

CPU model: Intel(R) Xeon(R) Gold 6248R CPU @ 3.00GHz, instruction set [SSE2|AVX|AVX2|AVX512]
Thread count: 48 physical cores, 48 logical processors, using up to 8 threads

Optimize a model with 258121 rows, 502401 columns and 1259970 nonzeros
Model fingerprint: 0x44e38a90
Model has 3166 quadratic objective terms
Coefficient statistics:
  Matrix range     [1e+00, 1e+03]
  Objective range  [5e-07, 7e+01]
  QObjective range [3e-01, 3e+03]
  Bounds range     [3e-04, 1e+00]
  RHS range        [7e-17, 6e+00]
Presolve removed 131482 rows and 128814 columns
Presolve time: 0.56s
Presolved: 126639 rows, 373587 columns, 743930 nonzeros
Presolved model has 3166 quadratic objective terms
Ordering time: 0.16s

Barrier statistics:
 AA' NZ     : 3.709e+05
 Factor NZ  : 4.212e+06 (roughly 240 MB of memory)
 Factor Ops : 3.974e+08 (less than 1 second per iteration)
 Threads    : 8

                  Objective                Residual
Iter       Primal          Dual         Primal    Dual     Compl     Time
   0  -1.08858984e+09  8.63519648e+08  7.80e+04 1.13e-13  1.00e+06     1s
   1  -6.35727304e+08  5.82241624e+08  1.87e+04 1.60e+02  2.62e+05     1s
   2  -3.24155004e+08  3.24098671e+08  2.36e+02 1.04e+00  4.64e+03     1s
   3  -7.58808411e+07  7.65393861e+07  1.95e+00 2.05e-12  3.30e+02     1s
   4  -1.46363885e+07  1.53249906e+07  1.70e-01 5.90e-12  6.19e+01     1s
   5  -2.69569139e+06  2.98245183e+06  1.33e-02 1.38e-12  1.15e+01     2s
   6  -3.92606265e+05  4.49318522e+05  1.33e-08 1.02e-12  1.69e+00     2s
   7  -5.87273717e+04  7.36725916e+04  1.26e-13 5.68e-13  2.66e-01     2s
   8  -8.85459509e+03  1.06080139e+04  6.41e-14 2.43e-13  3.92e-02     2s
   9  -1.41605990e+03  1.73864841e+03  2.72e-14 3.46e-14  6.35e-03     2s
  10  -2.31409165e+02  2.19570049e+02  6.50e-15 2.13e-14  9.07e-04     2s
  11  -5.13000345e+01  3.37133003e+01  3.97e-15 2.84e-14  1.71e-04     2s
  12  -8.51657981e+00  5.88170043e+00  1.28e-15 2.13e-14  2.90e-05     2s
  13  -1.03283332e+00  1.13344397e+00  4.03e-16 2.84e-14  4.36e-06     2s
  14  -1.85098076e-01  1.04955907e+00  2.59e-16 2.84e-14  2.48e-06     3s
  15   4.55635464e-01  7.50264006e-01  4.81e-17 1.42e-14  5.93e-07     3s
  16   5.79271110e-01  6.93846320e-01  1.06e-16 1.42e-14  2.31e-07     3s
  17   6.16142668e-01  6.79642346e-01  7.19e-17 1.42e-14  1.28e-07     3s
  18   6.43577814e-01  6.69344410e-01  9.35e-17 1.42e-14  5.18e-08     3s
  19   6.55973659e-01  6.64744420e-01  6.71e-17 1.42e-14  1.76e-08     3s
  20   6.60461523e-01  6.63158213e-01  5.53e-17 1.42e-14  5.43e-09     3s
  21   6.61549736e-01  6.62774084e-01  3.27e-17 1.42e-14  2.46e-09     3s
  22   6.62365516e-01  6.62487077e-01  5.61e-17 1.42e-14  2.45e-10     3s
  23   6.62445871e-01  6.62458806e-01  9.73e-17 2.84e-14  2.60e-11     3s
  24   6.62455296e-01  6.62455498e-01  1.50e-16 2.84e-14  4.06e-13     3s
  25   6.62455429e-01  6.62455451e-01  2.94e-15 1.42e-14  4.58e-14     4s
  26   6.62455440e-01  6.62455447e-01  4.19e-15 1.42e-14  1.54e-14     4s
  27   6.62455444e-01  6.62455446e-01  2.59e-15 2.84e-14  3.64e-15     4s
  28   6.62455445e-01  6.62455446e-01  2.96e-15 1.42e-14  9.63e-16     4s
  29   6.62455445e-01  6.62455446e-01  1.52e-15 1.42e-14  2.84e-16     4s
  30   6.62455445e-01  6.62455445e-01  1.42e-15 1.42e-14  1.74e-16     4s
  31   6.62455445e-01  6.62455445e-01  1.03e-15 1.42e-14  1.49e-16     4s
  32   6.62455445e-01  6.62455445e-01  7.32e-16 7.11e-15  8.83e-17     4s

Barrier solved model in 32 iterations and 4.13 seconds (3.76 work units)
Optimal objective 6.62455445e-01

objective value: 0.6624554454377332
Done! Time elapsed: 24.744946479797363 seconds.
g_0_1: 1.0000036695702854
g_1_1: 1.0000023087381482
g_1_2: 1.000006508620216
g_2_1: 1.0000042363294361
g_2_2: 1.0000119427818828
g_2_3: 1.0000042363294366
g_2_4: 1.0000119427818532
Parameters from last iteration: [0.17400064 0.70700163 0.17400113 0.707003   0.17400208 0.707003
 0.17400208]

Parameters from current iteration:
                [0.17400064 0.70700163 0.17400113 0.707003   0.17400208 0.707003
 0.17400208]


                Percentage Error = 3.1902579472187175e-16
                
year done: 103
Time 104: 2
Optimization Iteration[1/20000]

Solving the optimization problem...
Set parameter TokenServer to value "licenses.rcc.uchicago.edu"
Read LP format model from file /scratch/local/jobs/50183984/tmpflu_edzq.pyomo.lp
Reading time = 1.35 seconds
x1: 258121 rows, 502401 columns, 1259970 nonzeros
Set parameter Threads to value 8
Set parameter BarConvTol to value 1e-12
Gurobi Optimizer version 11.0.0 build v11.0.0rc2 (linux64 - "CentOS Linux 8")

CPU model: Intel(R) Xeon(R) Gold 6248R CPU @ 3.00GHz, instruction set [SSE2|AVX|AVX2|AVX512]
Thread count: 48 physical cores, 48 logical processors, using up to 8 threads

Optimize a model with 258121 rows, 502401 columns and 1259970 nonzeros
Model fingerprint: 0x30548257
Model has 3166 quadratic objective terms
Coefficient statistics:
  Matrix range     [1e+00, 1e+03]
  Objective range  [5e-07, 7e+01]
  QObjective range [3e-01, 3e+03]
  Bounds range     [3e-04, 1e+00]
  RHS range        [7e-17, 6e+00]
Presolve removed 131482 rows and 128814 columns
Presolve time: 0.56s
Presolved: 126639 rows, 373587 columns, 743930 nonzeros
Presolved model has 3166 quadratic objective terms
Ordering time: 0.16s

Barrier statistics:
 AA' NZ     : 3.709e+05
 Factor NZ  : 4.212e+06 (roughly 240 MB of memory)
 Factor Ops : 3.974e+08 (less than 1 second per iteration)
 Threads    : 8

                  Objective                Residual
Iter       Primal          Dual         Primal    Dual     Compl     Time
   0  -1.08858984e+09  8.63519648e+08  7.80e+04 1.13e-13  1.00e+06     1s
   1  -6.35727304e+08  5.82241624e+08  1.87e+04 1.60e+02  2.62e+05     1s
   2  -3.24155004e+08  3.24098671e+08  2.36e+02 1.04e+00  4.64e+03     1s
   3  -7.58808411e+07  7.65393861e+07  1.95e+00 1.68e-12  3.30e+02     1s
   4  -1.46363885e+07  1.53249906e+07  1.70e-01 6.12e-12  6.19e+01     1s
   5  -2.69569139e+06  2.98245182e+06  1.33e-02 1.21e-12  1.15e+01     1s
   6  -3.92606268e+05  4.49318519e+05  1.33e-08 1.00e-12  1.69e+00     2s
   7  -5.87273748e+04  7.36725885e+04  1.54e-13 6.70e-13  2.66e-01     2s
   8  -8.85459824e+03  1.06080108e+04  6.16e-14 2.35e-13  3.92e-02     2s
   9  -1.41606305e+03  1.73864526e+03  2.46e-14 4.26e-14  6.35e-03     2s
  10  -2.31412313e+02  2.19566902e+02  7.52e-15 2.84e-14  9.07e-04     2s
  11  -5.13031816e+01  3.37101532e+01  4.81e-15 2.84e-14  1.71e-04     2s
  12  -8.51972692e+00  5.87855332e+00  1.35e-15 1.78e-14  2.90e-05     2s
  13  -1.03598043e+00  1.13029686e+00  5.05e-16 2.13e-14  4.36e-06     2s
  14  -1.88245188e-01  1.04641195e+00  2.91e-16 2.84e-14  2.48e-06     3s
  15   4.52488352e-01  7.47116894e-01  6.25e-17 1.42e-14  5.93e-07     3s
  16   5.76123998e-01  6.90699209e-01  8.09e-17 1.42e-14  2.31e-07     3s
  17   6.12995556e-01  6.76495235e-01  1.22e-16 1.42e-14  1.28e-07     3s
  18   6.40430702e-01  6.66197298e-01  1.48e-16 2.84e-14  5.18e-08     3s
  19   6.52826547e-01  6.61597308e-01  4.18e-17 2.84e-14  1.76e-08     3s
  20   6.57314412e-01  6.60011101e-01  6.53e-17 1.42e-14  5.43e-09     3s
  21   6.58402624e-01  6.59626972e-01  6.48e-17 1.51e-14  2.46e-09     3s
  22   6.59218405e-01  6.59339965e-01  5.90e-17 1.42e-14  2.45e-10     3s
  23   6.59298760e-01  6.59311694e-01  1.05e-16 2.13e-14  2.60e-11     3s
  24   6.59308184e-01  6.59308386e-01  2.22e-16 2.84e-14  4.06e-13     3s
  25   6.59308317e-01  6.59308340e-01  2.18e-15 1.42e-14  4.56e-14     3s
  26   6.59308328e-01  6.59308336e-01  4.11e-15 1.42e-14  1.54e-14     4s
  27   6.59308332e-01  6.59308334e-01  3.17e-15 2.84e-14  3.63e-15     4s
  28   6.59308333e-01  6.59308334e-01  3.59e-15 2.13e-14  9.59e-16     4s
  29   6.59308334e-01  6.59308334e-01  1.72e-15 1.42e-14  2.83e-16     4s
  30   6.59308334e-01  6.59308334e-01  1.28e-15 1.42e-14  1.73e-16     4s
  31   6.59308334e-01  6.59308334e-01  9.38e-16 1.42e-14  1.48e-16     4s
  32   6.59308334e-01  6.59308334e-01  5.59e-16 1.42e-14  8.82e-17     4s

Barrier solved model in 32 iterations and 4.09 seconds (3.76 work units)
Optimal objective 6.59308334e-01

objective value: 0.6593083336171605
Done! Time elapsed: 26.188625812530518 seconds.
g_0_1: 1.0000036695702854
g_1_1: 1.0000023087381482
g_1_2: 1.000006508620216
g_2_1: 1.0000042363294364
g_2_2: 1.0000119427818828
g_2_3: 1.0000042363294366
g_2_4: 1.0000119427818532
Parameters from last iteration: [0.17400064 0.70700163 0.17400113 0.707003   0.17400208 0.707003
 0.17400208]

Parameters from current iteration:
                [0.17400064 0.70700163 0.17400113 0.707003   0.17400208 0.707003
 0.17400208]


                Percentage Error = 3.1406458879055197e-16
                
year done: 104
Time 105: 2
Optimization Iteration[1/20000]

Solving the optimization problem...
Set parameter TokenServer to value "licenses.rcc.uchicago.edu"
Read LP format model from file /scratch/local/jobs/50183984/tmpw6ycqstw.pyomo.lp
Reading time = 1.36 seconds
x1: 258121 rows, 502401 columns, 1259970 nonzeros
Set parameter Threads to value 8
Set parameter BarConvTol to value 1e-12
Gurobi Optimizer version 11.0.0 build v11.0.0rc2 (linux64 - "CentOS Linux 8")

CPU model: Intel(R) Xeon(R) Gold 6248R CPU @ 3.00GHz, instruction set [SSE2|AVX|AVX2|AVX512]
Thread count: 48 physical cores, 48 logical processors, using up to 8 threads

Optimize a model with 258121 rows, 502401 columns and 1259970 nonzeros
Model fingerprint: 0xf9659395
Model has 3166 quadratic objective terms
Coefficient statistics:
  Matrix range     [1e+00, 1e+03]
  Objective range  [5e-07, 7e+01]
  QObjective range [3e-01, 3e+03]
  Bounds range     [3e-04, 1e+00]
  RHS range        [7e-17, 6e+00]
Presolve removed 131482 rows and 128814 columns
Presolve time: 0.57s
Presolved: 126639 rows, 373587 columns, 743930 nonzeros
Presolved model has 3166 quadratic objective terms
Ordering time: 0.16s

Barrier statistics:
 AA' NZ     : 3.709e+05
 Factor NZ  : 4.212e+06 (roughly 240 MB of memory)
 Factor Ops : 3.974e+08 (less than 1 second per iteration)
 Threads    : 8

                  Objective                Residual
Iter       Primal          Dual         Primal    Dual     Compl     Time
   0  -1.08858984e+09  8.63519648e+08  7.80e+04 1.13e-13  1.00e+06     1s
   1  -6.35727304e+08  5.82241624e+08  1.87e+04 1.60e+02  2.62e+05     1s
   2  -3.24155004e+08  3.24098671e+08  2.36e+02 1.04e+00  4.64e+03     1s
   3  -7.58808411e+07  7.65393861e+07  1.95e+00 1.88e-12  3.30e+02     1s
   4  -1.46363885e+07  1.53249906e+07  1.70e-01 3.85e-12  6.19e+01     1s
   5  -2.69569139e+06  2.98245182e+06  1.33e-02 1.44e-12  1.15e+01     2s
   6  -3.92606271e+05  4.49318516e+05  1.33e-08 9.18e-13  1.69e+00     2s
   7  -5.87273778e+04  7.36725855e+04  1.82e-13 6.23e-13  2.66e-01     2s
   8  -8.85460125e+03  1.06080078e+04  6.05e-14 2.52e-13  3.92e-02     2s
   9  -1.41606605e+03  1.73864226e+03  2.09e-14 4.26e-14  6.35e-03     2s
  10  -2.31415318e+02  2.19563897e+02  6.59e-15 2.84e-14  9.07e-04     2s
  11  -5.13061871e+01  3.37071477e+01  3.12e-15 2.13e-14  1.71e-04     2s
  12  -8.52273239e+00  5.87554785e+00  1.06e-15 1.42e-14  2.90e-05     2s
  13  -1.03898590e+00  1.12729139e+00  3.95e-16 1.42e-14  4.36e-06     2s
  14  -1.91250656e-01  1.04340649e+00  3.62e-16 4.26e-14  2.48e-06     3s
  15   4.49482884e-01  7.44111425e-01  6.27e-17 1.42e-14  5.93e-07     3s
  16   5.73118530e-01  6.87693740e-01  7.27e-17 1.95e-14  2.31e-07     3s
  17   6.09990088e-01  6.73489766e-01  4.90e-17 1.42e-14  1.28e-07     3s
  18   6.37425234e-01  6.63191830e-01  7.36e-17 2.84e-14  5.18e-08     3s
  19   6.49821079e-01  6.58591839e-01  4.56e-17 1.42e-14  1.76e-08     3s
  20   6.54308943e-01  6.57005633e-01  6.21e-17 1.42e-14  5.43e-09     3s
  21   6.55397155e-01  6.56621503e-01  4.82e-17 2.84e-14  2.46e-09     3s
  22   6.56212936e-01  6.56334496e-01  6.23e-17 1.42e-14  2.45e-10     3s
  23   6.56293291e-01  6.56306225e-01  9.99e-17 2.13e-14  2.60e-11     3s
  24   6.56302716e-01  6.56302918e-01  1.27e-16 1.42e-14  4.06e-13     3s
  25   6.56302848e-01  6.56302871e-01  2.00e-15 2.13e-14  4.54e-14     4s
  26   6.56302860e-01  6.56302867e-01  4.77e-15 2.31e-14  1.54e-14     4s
  27   6.56302864e-01  6.56302866e-01  2.93e-15 1.42e-14  3.62e-15     4s
  28   6.56302865e-01  6.56302865e-01  3.39e-15 1.42e-14  9.54e-16     4s
  29   6.56302865e-01  6.56302865e-01  1.67e-15 1.42e-14  2.81e-16     4s
  30   6.56302865e-01  6.56302865e-01  1.01e-15 1.42e-14  1.73e-16     4s
  31   6.56302865e-01  6.56302865e-01  9.49e-16 1.42e-14  1.47e-16     4s
  32   6.56302865e-01  6.56302865e-01  4.83e-16 1.42e-14  8.82e-17     4s

Barrier solved model in 32 iterations and 4.13 seconds (3.76 work units)
Optimal objective 6.56302865e-01

objective value: 0.6563028651612263
Done! Time elapsed: 24.64597249031067 seconds.
g_0_1: 1.0000036695702852
g_1_1: 1.0000023087381484
g_1_2: 1.000006508620216
g_2_1: 1.0000042363294364
g_2_2: 1.0000119427818825
g_2_3: 1.0000042363294366
g_2_4: 1.0000119427818532
Parameters from last iteration: [0.17400064 0.70700163 0.17400113 0.707003   0.17400208 0.707003
 0.17400208]

Parameters from current iteration:
                [0.17400064 0.70700163 0.17400113 0.707003   0.17400208 0.707003
 0.17400208]


                Percentage Error = 3.190257947218624e-16
                
year done: 105
Time 106: 2
Optimization Iteration[1/20000]

Solving the optimization problem...
Set parameter TokenServer to value "licenses.rcc.uchicago.edu"
Read LP format model from file /scratch/local/jobs/50183984/tmp4b3b6la1.pyomo.lp
Reading time = 1.35 seconds
x1: 258121 rows, 502401 columns, 1259970 nonzeros
Set parameter Threads to value 8
Set parameter BarConvTol to value 1e-12
Gurobi Optimizer version 11.0.0 build v11.0.0rc2 (linux64 - "CentOS Linux 8")

CPU model: Intel(R) Xeon(R) Gold 6248R CPU @ 3.00GHz, instruction set [SSE2|AVX|AVX2|AVX512]
Thread count: 48 physical cores, 48 logical processors, using up to 8 threads

Optimize a model with 258121 rows, 502401 columns and 1259970 nonzeros
Model fingerprint: 0xd905697b
Model has 3166 quadratic objective terms
Coefficient statistics:
  Matrix range     [1e+00, 1e+03]
  Objective range  [5e-07, 7e+01]
  QObjective range [3e-01, 3e+03]
  Bounds range     [3e-04, 1e+00]
  RHS range        [7e-17, 6e+00]
Presolve removed 131482 rows and 128814 columns
Presolve time: 0.56s
Presolved: 126639 rows, 373587 columns, 743930 nonzeros
Presolved model has 3166 quadratic objective terms
Ordering time: 0.16s

Barrier statistics:
 AA' NZ     : 3.709e+05
 Factor NZ  : 4.212e+06 (roughly 240 MB of memory)
 Factor Ops : 3.974e+08 (less than 1 second per iteration)
 Threads    : 8

                  Objective                Residual
Iter       Primal          Dual         Primal    Dual     Compl     Time
   0  -1.08858984e+09  8.63519648e+08  7.80e+04 1.13e-13  1.00e+06     1s
   1  -6.35727304e+08  5.82241624e+08  1.87e+04 1.60e+02  2.62e+05     1s
   2  -3.24155004e+08  3.24098671e+08  2.36e+02 1.04e+00  4.64e+03     2s
   3  -7.58808411e+07  7.65393861e+07  1.95e+00 2.53e-12  3.30e+02     2s
   4  -1.46363886e+07  1.53249906e+07  1.70e-01 4.58e-12  6.19e+01     2s
   5  -2.69569140e+06  2.98245182e+06  1.33e-02 1.17e-12  1.15e+01     2s
   6  -3.92606274e+05  4.49318513e+05  1.33e-08 1.01e-12  1.69e+00     2s
   7  -5.87273807e+04  7.36725826e+04  1.63e-13 6.85e-13  2.66e-01     2s
   8  -8.85460412e+03  1.06080049e+04  5.78e-14 2.68e-13  3.92e-02     2s
   9  -1.41606892e+03  1.73863939e+03  2.44e-14 5.68e-14  6.35e-03     2s
  10  -2.31418188e+02  2.19561027e+02  5.66e-15 4.26e-14  9.07e-04     2s
  11  -5.13090573e+01  3.37042775e+01  3.90e-15 2.84e-14  1.71e-04     2s
  12  -8.52560259e+00  5.87267765e+00  1.14e-15 1.42e-14  2.90e-05     3s
  13  -1.04185610e+00  1.12442119e+00  3.94e-16 1.69e-14  4.36e-06     3s
  14  -1.94120856e-01  1.04053629e+00  2.66e-16 3.55e-14  2.48e-06     3s
  15   4.46612683e-01  7.41241225e-01  6.99e-17 2.13e-14  5.93e-07     3s
  16   5.70248330e-01  6.84823540e-01  9.76e-17 1.51e-14  2.31e-07     3s
  17   6.07119888e-01  6.70619566e-01  1.37e-16 2.13e-14  1.28e-07     3s
  18   6.34555034e-01  6.60321630e-01  1.86e-16 1.42e-14  5.18e-08     3s
  19   6.46950879e-01  6.55721639e-01  7.43e-17 2.84e-14  1.76e-08     3s
  20   6.51438743e-01  6.54135433e-01  5.42e-17 1.42e-14  5.43e-09     3s
  21   6.52526955e-01  6.53751303e-01  3.07e-17 1.42e-14  2.46e-09     3s
  22   6.53342736e-01  6.53464296e-01  5.08e-17 1.87e-14  2.45e-10     3s
  23   6.53423091e-01  6.53436025e-01  9.49e-17 2.84e-14  2.60e-11     4s
  24   6.53432516e-01  6.53432718e-01  1.50e-16 1.42e-14  4.06e-13     4s
  25   6.53432648e-01  6.53432671e-01  3.58e-15 1.42e-14  4.53e-14     4s
  26   6.53432659e-01  6.53432667e-01  4.25e-15 1.42e-14  1.53e-14     4s
  27   6.53432664e-01  6.53432666e-01  3.17e-15 1.42e-14  3.61e-15     4s
  28   6.53432665e-01  6.53432665e-01  3.59e-15 1.42e-14  9.50e-16     4s
  29   6.53432665e-01  6.53432665e-01  1.59e-15 1.42e-14  2.80e-16     4s
  30   6.53432665e-01  6.53432665e-01  1.08e-15 1.42e-14  1.72e-16     4s
  31   6.53432665e-01  6.53432665e-01  8.15e-16 1.42e-14  1.47e-16     4s
  32   6.53432665e-01  6.53432665e-01  5.34e-16 1.42e-14  8.81e-17     4s

Barrier solved model in 32 iterations and 4.31 seconds (3.76 work units)
Optimal objective 6.53432665e-01

objective value: 0.653432665068335
Done! Time elapsed: 24.73029589653015 seconds.
g_0_1: 1.0000036695702854
g_1_1: 1.0000023087381484
g_1_2: 1.0000065086202157
g_2_1: 1.0000042363294361
g_2_2: 1.0000119427818828
g_2_3: 1.0000042363294366
g_2_4: 1.0000119427818535
Parameters from last iteration: [0.17400064 0.70700163 0.17400113 0.707003   0.17400208 0.707003
 0.17400208]

Parameters from current iteration:
                [0.17400064 0.70700163 0.17400113 0.707003   0.17400208 0.707003
 0.17400208]


                Percentage Error = 3.1902579472187185e-16
                
year done: 106
Time 107: 2
Optimization Iteration[1/20000]

Solving the optimization problem...
Set parameter TokenServer to value "licenses.rcc.uchicago.edu"
Read LP format model from file /scratch/local/jobs/50183984/tmprud8pedh.pyomo.lp
Reading time = 1.35 seconds
x1: 258121 rows, 502401 columns, 1259970 nonzeros
Set parameter Threads to value 8
Set parameter BarConvTol to value 1e-12
Gurobi Optimizer version 11.0.0 build v11.0.0rc2 (linux64 - "CentOS Linux 8")

CPU model: Intel(R) Xeon(R) Gold 6248R CPU @ 3.00GHz, instruction set [SSE2|AVX|AVX2|AVX512]
Thread count: 48 physical cores, 48 logical processors, using up to 8 threads

Optimize a model with 258121 rows, 502401 columns and 1259970 nonzeros
Model fingerprint: 0x2c78ce4a
Model has 3166 quadratic objective terms
Coefficient statistics:
  Matrix range     [1e+00, 1e+03]
  Objective range  [5e-07, 7e+01]
  QObjective range [3e-01, 3e+03]
  Bounds range     [3e-04, 1e+00]
  RHS range        [7e-17, 6e+00]
Presolve removed 131482 rows and 128814 columns
Presolve time: 0.55s
Presolved: 126639 rows, 373587 columns, 743930 nonzeros
Presolved model has 3166 quadratic objective terms
Ordering time: 0.16s

Barrier statistics:
 AA' NZ     : 3.709e+05
 Factor NZ  : 4.212e+06 (roughly 240 MB of memory)
 Factor Ops : 3.974e+08 (less than 1 second per iteration)
 Threads    : 8

                  Objective                Residual
Iter       Primal          Dual         Primal    Dual     Compl     Time
   0  -1.08858984e+09  8.63519648e+08  7.80e+04 1.13e-13  1.00e+06     1s
   1  -6.35727304e+08  5.82241624e+08  1.87e+04 1.60e+02  2.62e+05     1s
   2  -3.24155004e+08  3.24098671e+08  2.36e+02 1.04e+00  4.64e+03     1s
   3  -7.58808411e+07  7.65393861e+07  1.95e+00 1.90e-12  3.30e+02     1s
   4  -1.46363886e+07  1.53249906e+07  1.70e-01 4.99e-12  6.19e+01     1s
   5  -2.69569140e+06  2.98245182e+06  1.33e-02 1.25e-12  1.15e+01     1s
   6  -3.92606277e+05  4.49318510e+05  1.33e-08 9.90e-13  1.69e+00     2s
   7  -5.87273834e+04  7.36725799e+04  1.54e-13 7.54e-13  2.66e-01     2s
   8  -8.85460686e+03  1.06080022e+04  6.38e-14 2.39e-13  3.92e-02     2s
   9  -1.41607166e+03  1.73863664e+03  1.74e-14 3.83e-14  6.35e-03     2s
  10  -2.31420929e+02  2.19558286e+02  7.03e-15 2.84e-14  9.07e-04     2s
  11  -5.13117983e+01  3.37015365e+01  3.79e-15 2.13e-14  1.71e-04     2s
  12  -8.52834361e+00  5.86993663e+00  1.03e-15 1.60e-14  2.90e-05     2s
  13  -1.04459712e+00  1.12168017e+00  3.53e-16 1.42e-14  4.36e-06     2s
  14  -1.96861876e-01  1.03779527e+00  3.34e-16 2.84e-14  2.48e-06     2s
  15   4.43871664e-01  7.38500206e-01  5.49e-17 2.84e-14  5.93e-07     3s
  16   5.67507310e-01  6.82082520e-01  7.61e-17 1.42e-14  2.31e-07     3s
  17   6.04378868e-01  6.67878546e-01  6.55e-17 1.42e-14  1.28e-07     3s
  18   6.31814014e-01  6.57580610e-01  5.07e-17 1.42e-14  5.18e-08     3s
  19   6.44209859e-01  6.52980619e-01  6.32e-17 1.42e-14  1.76e-08     3s
  20   6.48697723e-01  6.51394413e-01  7.74e-17 1.42e-14  5.43e-09     3s
  21   6.49785936e-01  6.51010283e-01  3.28e-17 2.84e-14  2.46e-09     3s
  22   6.50601716e-01  6.50723276e-01  8.16e-17 1.42e-14  2.45e-10     3s
  23   6.50682071e-01  6.50695006e-01  1.01e-16 1.42e-14  2.60e-11     3s
  24   6.50691496e-01  6.50691698e-01  1.74e-16 1.42e-14  4.06e-13     3s
  25   6.50691629e-01  6.50691651e-01  2.93e-15 1.42e-14  4.51e-14     3s
  26   6.50691640e-01  6.50691647e-01  4.23e-15 1.42e-14  1.53e-14     3s
  27   6.50691644e-01  6.50691646e-01  2.55e-15 2.13e-14  3.60e-15     4s
  28   6.50691645e-01  6.50691645e-01  3.22e-15 1.42e-14  9.46e-16     4s
  29   6.50691645e-01  6.50691645e-01  1.37e-15 1.42e-14  2.79e-16     4s
  30   6.50691645e-01  6.50691645e-01  1.06e-15 1.42e-14  1.71e-16     4s
  31   6.50691645e-01  6.50691645e-01  8.64e-16 1.42e-14  1.46e-16     4s
  32   6.50691645e-01  6.50691645e-01  5.99e-16 1.42e-14  8.79e-17     4s

Barrier solved model in 32 iterations and 3.98 seconds (3.76 work units)
Optimal objective 6.50691645e-01

objective value: 0.6506916452593149
Done! Time elapsed: 24.21149969100952 seconds.
g_0_1: 1.0000036695702852
g_1_1: 1.0000023087381484
g_1_2: 1.0000065086202155
g_2_1: 1.0000042363294361
g_2_2: 1.0000119427818828
g_2_3: 1.0000042363294366
g_2_4: 1.0000119427818532
Parameters from last iteration: [0.17400064 0.70700163 0.17400113 0.707003   0.17400208 0.707003
 0.17400208]

Parameters from current iteration:
                [0.17400064 0.70700163 0.17400113 0.707003   0.17400208 0.707003
 0.17400208]


                Percentage Error = 3.1902752834832335e-16
                
year done: 107
Time 108: 2
Optimization Iteration[1/20000]

Solving the optimization problem...
Set parameter TokenServer to value "licenses.rcc.uchicago.edu"
Read LP format model from file /scratch/local/jobs/50183984/tmp8e0fwewd.pyomo.lp
Reading time = 1.34 seconds
x1: 258121 rows, 502401 columns, 1259970 nonzeros
Set parameter Threads to value 8
Set parameter BarConvTol to value 1e-12
Gurobi Optimizer version 11.0.0 build v11.0.0rc2 (linux64 - "CentOS Linux 8")

CPU model: Intel(R) Xeon(R) Gold 6248R CPU @ 3.00GHz, instruction set [SSE2|AVX|AVX2|AVX512]
Thread count: 48 physical cores, 48 logical processors, using up to 8 threads

Optimize a model with 258121 rows, 502401 columns and 1259970 nonzeros
Model fingerprint: 0x86b4b17e
Model has 3166 quadratic objective terms
Coefficient statistics:
  Matrix range     [1e+00, 1e+03]
  Objective range  [5e-07, 7e+01]
  QObjective range [3e-01, 3e+03]
  Bounds range     [3e-04, 1e+00]
  RHS range        [7e-17, 6e+00]
Presolve removed 131482 rows and 128814 columns
Presolve time: 0.55s
Presolved: 126639 rows, 373587 columns, 743930 nonzeros
Presolved model has 3166 quadratic objective terms
Ordering time: 0.16s

Barrier statistics:
 AA' NZ     : 3.709e+05
 Factor NZ  : 4.212e+06 (roughly 240 MB of memory)
 Factor Ops : 3.974e+08 (less than 1 second per iteration)
 Threads    : 8

                  Objective                Residual
Iter       Primal          Dual         Primal    Dual     Compl     Time
   0  -1.08858984e+09  8.63519648e+08  7.80e+04 1.13e-13  1.00e+06     1s
   1  -6.35727304e+08  5.82241624e+08  1.87e+04 1.60e+02  2.62e+05     1s
   2  -3.24155004e+08  3.24098671e+08  2.36e+02 1.04e+00  4.64e+03     1s
   3  -7.58808411e+07  7.65393861e+07  1.95e+00 1.43e-12  3.30e+02     1s
   4  -1.46363886e+07  1.53249906e+07  1.70e-01 4.92e-12  6.19e+01     1s
   5  -2.69569140e+06  2.98245181e+06  1.33e-02 1.40e-12  1.15e+01     1s
   6  -3.92606280e+05  4.49318508e+05  1.33e-08 3.20e-12  1.69e+00     2s
   7  -5.87273860e+04  7.36725773e+04  1.55e-13 6.50e-13  2.66e-01     2s
   8  -8.85460948e+03  1.06079995e+04  7.48e-14 2.38e-13  3.92e-02     2s
   9  -1.41607428e+03  1.73863403e+03  2.09e-14 4.23e-14  6.35e-03     2s
  10  -2.31423547e+02  2.19555668e+02  6.79e-15 4.26e-14  9.07e-04     2s
  11  -5.13144160e+01  3.36989188e+01  2.80e-15 2.13e-14  1.71e-04     2s
  12  -8.53096127e+00  5.86731898e+00  1.03e-15 1.64e-14  2.90e-05     2s
  13  -1.04721477e+00  1.11906252e+00  4.14e-16 1.42e-14  4.36e-06     2s
  14  -1.99479530e-01  1.03517761e+00  2.90e-16 3.55e-14  2.48e-06     3s
  15   4.41254010e-01  7.35882552e-01  6.05e-17 1.42e-14  5.93e-07     3s
  16   5.64889656e-01  6.79464867e-01  9.67e-17 1.42e-14  2.31e-07     3s
  17   6.01761214e-01  6.65260893e-01  5.05e-17 2.13e-14  1.28e-07     3s
  18   6.29196360e-01  6.54962956e-01  8.41e-17 1.42e-14  5.18e-08     3s
  19   6.41592205e-01  6.50362966e-01  4.00e-17 2.84e-14  1.76e-08     3s
  20   6.46080070e-01  6.48776759e-01  6.03e-17 2.84e-14  5.43e-09     3s
  21   6.47168282e-01  6.48392630e-01  5.87e-17 1.42e-14  2.46e-09     3s
  22   6.47984063e-01  6.48105623e-01  7.71e-17 1.42e-14  2.45e-10     3s
  23   6.48064418e-01  6.48077352e-01  8.08e-17 2.84e-14  2.60e-11     3s
  24   6.48073842e-01  6.48074044e-01  1.67e-16 1.42e-14  4.06e-13     3s
  25   6.48073975e-01  6.48073998e-01  3.39e-15 2.84e-14  4.49e-14     3s
  26   6.48073986e-01  6.48073994e-01  6.99e-15 2.13e-14  1.52e-14     4s
  27   6.48073990e-01  6.48073992e-01  2.78e-15 1.42e-14  3.59e-15     4s
  28   6.48073991e-01  6.48073992e-01  3.24e-15 1.42e-14  9.41e-16     4s
  29   6.48073992e-01  6.48073992e-01  1.58e-15 1.42e-14  2.78e-16     4s
  30   6.48073992e-01  6.48073992e-01  9.38e-16 1.42e-14  1.70e-16     4s
  31   6.48073992e-01  6.48073992e-01  7.90e-16 1.42e-14  1.45e-16     4s
  32   6.48073992e-01  6.48073992e-01  6.03e-16 1.42e-14  8.78e-17     4s

Barrier solved model in 32 iterations and 4.03 seconds (3.76 work units)
Optimal objective 6.48073992e-01

objective value: 0.6480739916636306
Done! Time elapsed: 25.949259757995605 seconds.
g_0_1: 1.0000036695702854
g_1_1: 1.0000023087381484
g_1_2: 1.000006508620216
g_2_1: 1.0000042363294364
g_2_2: 1.0000119427818825
g_2_3: 1.0000042363294366
g_2_4: 1.0000119427818535
Parameters from last iteration: [0.17400064 0.70700163 0.17400113 0.707003   0.17400208 0.707003
 0.17400208]

Parameters from current iteration:
                [0.17400064 0.70700163 0.17400113 0.707003   0.17400208 0.707003
 0.17400208]


                Percentage Error = 4.785412925224852e-16
                
year done: 108
Time 109: 2
Optimization Iteration[1/20000]

Solving the optimization problem...
Set parameter TokenServer to value "licenses.rcc.uchicago.edu"
Read LP format model from file /scratch/local/jobs/50183984/tmpzbnluiki.pyomo.lp
Reading time = 1.35 seconds
x1: 258121 rows, 502401 columns, 1259970 nonzeros
Set parameter Threads to value 8
Set parameter BarConvTol to value 1e-12
Gurobi Optimizer version 11.0.0 build v11.0.0rc2 (linux64 - "CentOS Linux 8")

CPU model: Intel(R) Xeon(R) Gold 6248R CPU @ 3.00GHz, instruction set [SSE2|AVX|AVX2|AVX512]
Thread count: 48 physical cores, 48 logical processors, using up to 8 threads

Optimize a model with 258121 rows, 502401 columns and 1259970 nonzeros
Model fingerprint: 0xb4939f63
Model has 3166 quadratic objective terms
Coefficient statistics:
  Matrix range     [1e+00, 1e+03]
  Objective range  [5e-07, 7e+01]
  QObjective range [3e-01, 3e+03]
  Bounds range     [3e-04, 1e+00]
  RHS range        [7e-17, 6e+00]
Presolve removed 131482 rows and 128814 columns
Presolve time: 0.55s
Presolved: 126639 rows, 373587 columns, 743930 nonzeros
Presolved model has 3166 quadratic objective terms
Ordering time: 0.16s

Barrier statistics:
 AA' NZ     : 3.709e+05
 Factor NZ  : 4.212e+06 (roughly 240 MB of memory)
 Factor Ops : 3.974e+08 (less than 1 second per iteration)
 Threads    : 8

                  Objective                Residual
Iter       Primal          Dual         Primal    Dual     Compl     Time
   0  -1.08858984e+09  8.63519648e+08  7.80e+04 1.13e-13  1.00e+06     1s
   1  -6.35727304e+08  5.82241624e+08  1.87e+04 1.60e+02  2.62e+05     1s
   2  -3.24155004e+08  3.24098671e+08  2.36e+02 1.04e+00  4.64e+03     1s
   3  -7.58808411e+07  7.65393861e+07  1.95e+00 1.67e-12  3.30e+02     1s
   4  -1.46363886e+07  1.53249906e+07  1.70e-01 3.85e-12  6.19e+01     1s
   5  -2.69569140e+06  2.98245181e+06  1.33e-02 1.22e-12  1.15e+01     1s
   6  -3.92606282e+05  4.49318505e+05  1.33e-08 1.01e-12  1.69e+00     2s
   7  -5.87273885e+04  7.36725748e+04  1.56e-13 6.75e-13  2.66e-01     2s
   8  -8.85461198e+03  1.06079970e+04  6.62e-14 2.17e-13  3.92e-02     2s
   9  -1.41607678e+03  1.73863153e+03  2.00e-14 3.69e-14  6.35e-03     2s
  10  -2.31426047e+02  2.19553168e+02  6.76e-15 1.60e-14  9.07e-04     2s
  11  -5.13169158e+01  3.36964190e+01  4.64e-15 1.42e-14  1.71e-04     2s
  12  -8.53346111e+00  5.86481914e+00  1.14e-15 2.13e-14  2.90e-05     2s
  13  -1.04971461e+00  1.11656268e+00  4.19e-16 1.42e-14  4.36e-06     2s
  14  -2.01979370e-01  1.03267777e+00  2.78e-16 2.84e-14  2.48e-06     3s
  15   4.38754170e-01  7.33382712e-01  4.32e-17 1.42e-14  5.93e-07     3s
  16   5.62389817e-01  6.76965027e-01  1.24e-16 1.42e-14  2.31e-07     3s
  17   5.99261374e-01  6.62761053e-01  7.26e-17 2.13e-14  1.28e-07     3s
  18   6.26696520e-01  6.52463117e-01  6.45e-17 1.42e-14  5.18e-08     3s
  19   6.39092365e-01  6.47863126e-01  5.58e-17 1.42e-14  1.76e-08     3s
  20   6.43580230e-01  6.46276919e-01  4.22e-17 1.82e-14  5.43e-09     3s
  21   6.44668442e-01  6.45892790e-01  1.01e-16 2.84e-14  2.46e-09     3s
  22   6.45484223e-01  6.45605783e-01  8.25e-17 1.42e-14  2.45e-10     3s
  23   6.45564578e-01  6.45577512e-01  7.43e-17 1.42e-14  2.60e-11     3s
  24   6.45574002e-01  6.45574204e-01  1.49e-16 1.60e-14  4.06e-13     3s
  25   6.45574135e-01  6.45574158e-01  3.25e-15 1.42e-14  4.47e-14     3s
  26   6.45574146e-01  6.45574154e-01  4.50e-15 1.42e-14  1.52e-14     4s
  27   6.45574151e-01  6.45574152e-01  2.91e-15 2.84e-14  3.58e-15     4s
  28   6.45574152e-01  6.45574152e-01  3.20e-15 1.42e-14  9.37e-16     4s
  29   6.45574152e-01  6.45574152e-01  1.57e-15 1.42e-14  2.77e-16     4s
  30   6.45574152e-01  6.45574152e-01  1.09e-15 1.42e-14  1.69e-16     4s
  31   6.45574152e-01  6.45574152e-01  9.80e-16 1.42e-14  1.45e-16     4s
  32   6.45574152e-01  6.45574152e-01  5.53e-16 1.42e-14  8.76e-17     4s

Barrier solved model in 32 iterations and 4.03 seconds (3.76 work units)
Optimal objective 6.45574152e-01

objective value: 0.6455741518870171
Done! Time elapsed: 24.303479433059692 seconds.
g_0_1: 1.0000036695702852
g_1_1: 1.0000023087381484
g_1_2: 1.0000065086202157
g_2_1: 1.0000042363294364
g_2_2: 1.0000119427818825
g_2_3: 1.0000042363294366
g_2_4: 1.0000119427818532
Parameters from last iteration: [0.17400064 0.70700163 0.17400113 0.707003   0.17400208 0.707003
 0.17400208]

Parameters from current iteration:
                [0.17400064 0.70700163 0.17400113 0.707003   0.17400208 0.707003
 0.17400208]


                Percentage Error = 3.1902579472187175e-16
                
year done: 109
Time 110: 2
Optimization Iteration[1/20000]

Solving the optimization problem...
Set parameter TokenServer to value "licenses.rcc.uchicago.edu"
Read LP format model from file /scratch/local/jobs/50183984/tmpmkrscoo_.pyomo.lp
Reading time = 1.36 seconds
x1: 258121 rows, 502401 columns, 1259970 nonzeros
Set parameter Threads to value 8
Set parameter BarConvTol to value 1e-12
Gurobi Optimizer version 11.0.0 build v11.0.0rc2 (linux64 - "CentOS Linux 8")

CPU model: Intel(R) Xeon(R) Gold 6248R CPU @ 3.00GHz, instruction set [SSE2|AVX|AVX2|AVX512]
Thread count: 48 physical cores, 48 logical processors, using up to 8 threads

Optimize a model with 258121 rows, 502401 columns and 1259970 nonzeros
Model fingerprint: 0x117e40a7
Model has 3166 quadratic objective terms
Coefficient statistics:
  Matrix range     [1e+00, 1e+03]
  Objective range  [5e-07, 7e+01]
  QObjective range [3e-01, 3e+03]
  Bounds range     [3e-04, 1e+00]
  RHS range        [7e-17, 6e+00]
Presolve removed 131482 rows and 128814 columns
Presolve time: 0.55s
Presolved: 126639 rows, 373587 columns, 743930 nonzeros
Presolved model has 3166 quadratic objective terms
Ordering time: 0.16s

Barrier statistics:
 AA' NZ     : 3.709e+05
 Factor NZ  : 4.212e+06 (roughly 240 MB of memory)
 Factor Ops : 3.974e+08 (less than 1 second per iteration)
 Threads    : 8

                  Objective                Residual
Iter       Primal          Dual         Primal    Dual     Compl     Time
   0  -1.08858984e+09  8.63519648e+08  7.80e+04 1.13e-13  1.00e+06     1s
   1  -6.35727304e+08  5.82241624e+08  1.87e+04 1.60e+02  2.62e+05     1s
   2  -3.24155004e+08  3.24098671e+08  2.36e+02 1.04e+00  4.64e+03     1s
   3  -7.58808411e+07  7.65393861e+07  1.95e+00 1.61e-12  3.30e+02     1s
   4  -1.46363886e+07  1.53249906e+07  1.70e-01 5.97e-12  6.19e+01     1s
   5  -2.69569141e+06  2.98245181e+06  1.33e-02 1.22e-12  1.15e+01     1s
   6  -3.92606284e+05  4.49318503e+05  1.33e-08 1.03e-12  1.69e+00     2s
   7  -5.87273909e+04  7.36725724e+04  1.86e-13 7.84e-13  2.66e-01     2s
   8  -8.85461436e+03  1.06079946e+04  5.86e-14 2.23e-13  3.92e-02     2s
   9  -1.41607917e+03  1.73862914e+03  2.13e-14 4.09e-14  6.35e-03     2s
  10  -2.31428434e+02  2.19550781e+02  6.92e-15 2.98e-14  9.07e-04     2s
  11  -5.13193031e+01  3.36940317e+01  4.59e-15 1.42e-14  1.71e-04     2s
  12  -8.53584843e+00  5.86243181e+00  1.22e-15 1.42e-14  2.90e-05     2s
  13  -1.05210194e+00  1.11417535e+00  4.49e-16 1.42e-14  4.36e-06     2s
  14  -2.04366698e-01  1.03029044e+00  2.93e-16 2.13e-14  2.48e-06     3s
  15   4.36366842e-01  7.30995384e-01  6.54e-17 1.42e-14  5.93e-07     3s
  16   5.60002488e-01  6.74577698e-01  7.72e-17 1.42e-14  2.31e-07     3s
  17   5.96874046e-01  6.60373724e-01  5.53e-17 1.42e-14  1.28e-07     3s
  18   6.24309192e-01  6.50075788e-01  6.03e-17 1.42e-14  5.18e-08     3s
  19   6.36705037e-01  6.45475798e-01  6.79e-17 1.87e-14  1.76e-08     3s
  20   6.41192901e-01  6.43889591e-01  4.21e-17 1.42e-14  5.43e-09     3s
  21   6.42281114e-01  6.43505462e-01  5.39e-17 2.13e-14  2.46e-09     3s
  22   6.43096894e-01  6.43218455e-01  7.54e-17 1.42e-14  2.45e-10     3s
  23   6.43177249e-01  6.43190184e-01  1.01e-16 1.42e-14  2.60e-11     3s
  24   6.43186674e-01  6.43186876e-01  1.66e-16 2.84e-14  4.06e-13     3s
  25   6.43186807e-01  6.43186829e-01  2.59e-15 1.42e-14  4.45e-14     3s
  26   6.43186818e-01  6.43186825e-01  3.94e-15 1.42e-14  1.51e-14     3s
  27   6.43186822e-01  6.43186824e-01  3.38e-15 1.42e-14  3.57e-15     4s
  28   6.43186823e-01  6.43186824e-01  3.95e-15 1.42e-14  9.32e-16     4s
  29   6.43186823e-01  6.43186824e-01  1.60e-15 1.42e-14  2.75e-16     4s
  30   6.43186823e-01  6.43186823e-01  1.06e-15 1.42e-14  1.69e-16     4s
  31   6.43186823e-01  6.43186823e-01  7.79e-16 1.42e-14  1.44e-16     4s
  32   6.43186823e-01  6.43186823e-01  5.60e-16 1.42e-14  8.74e-17     4s

Barrier solved model in 32 iterations and 4.01 seconds (3.76 work units)
Optimal objective 6.43186823e-01

objective value: 0.6431868234341958
Done! Time elapsed: 24.414751052856445 seconds.
g_0_1: 1.0000036695702852
g_1_1: 1.0000023087381484
g_1_2: 1.0000065086202157
g_2_1: 1.0000042363294361
g_2_2: 1.0000119427818823
g_2_3: 1.0000042363294366
g_2_4: 1.0000119427818535
Parameters from last iteration: [0.17400064 0.70700163 0.17400113 0.707003   0.17400208 0.707003
 0.17400208]

Parameters from current iteration:
                [0.17400064 0.70700163 0.17400113 0.707003   0.17400208 0.707003
 0.17400208]


                Percentage Error = 3.1902579472187185e-16
                
year done: 110
Time 111: 2
Optimization Iteration[1/20000]

Solving the optimization problem...
Set parameter TokenServer to value "licenses.rcc.uchicago.edu"
Read LP format model from file /scratch/local/jobs/50183984/tmpxdlzdslx.pyomo.lp
Reading time = 1.34 seconds
x1: 258121 rows, 502401 columns, 1259970 nonzeros
Set parameter Threads to value 8
Set parameter BarConvTol to value 1e-12
Gurobi Optimizer version 11.0.0 build v11.0.0rc2 (linux64 - "CentOS Linux 8")

CPU model: Intel(R) Xeon(R) Gold 6248R CPU @ 3.00GHz, instruction set [SSE2|AVX|AVX2|AVX512]
Thread count: 48 physical cores, 48 logical processors, using up to 8 threads

Optimize a model with 258121 rows, 502401 columns and 1259970 nonzeros
Model fingerprint: 0xafa028d5
Model has 3166 quadratic objective terms
Coefficient statistics:
  Matrix range     [1e+00, 1e+03]
  Objective range  [5e-07, 7e+01]
  QObjective range [3e-01, 3e+03]
  Bounds range     [3e-04, 1e+00]
  RHS range        [7e-17, 6e+00]
Presolve removed 131482 rows and 128814 columns
Presolve time: 0.55s
Presolved: 126639 rows, 373587 columns, 743930 nonzeros
Presolved model has 3166 quadratic objective terms
Ordering time: 0.16s

Barrier statistics:
 AA' NZ     : 3.709e+05
 Factor NZ  : 4.212e+06 (roughly 240 MB of memory)
 Factor Ops : 3.974e+08 (less than 1 second per iteration)
 Threads    : 8

                  Objective                Residual
Iter       Primal          Dual         Primal    Dual     Compl     Time
   0  -1.08858984e+09  8.63519648e+08  7.80e+04 1.13e-13  1.00e+06     1s
   1  -6.35727304e+08  5.82241624e+08  1.87e+04 1.60e+02  2.62e+05     1s
   2  -3.24155004e+08  3.24098671e+08  2.36e+02 1.04e+00  4.64e+03     1s
   3  -7.58808411e+07  7.65393861e+07  1.95e+00 1.47e-12  3.30e+02     1s
   4  -1.46363886e+07  1.53249906e+07  1.70e-01 3.16e-12  6.19e+01     1s
   5  -2.69569141e+06  2.98245181e+06  1.33e-02 1.21e-12  1.15e+01     1s
   6  -3.92606287e+05  4.49318501e+05  1.33e-08 8.49e-13  1.69e+00     2s
   7  -5.87273932e+04  7.36725701e+04  1.22e-13 6.22e-13  2.66e-01     2s
   8  -8.85461664e+03  1.06079924e+04  5.22e-14 2.20e-13  3.92e-02     2s
   9  -1.41608145e+03  1.73862686e+03  2.02e-14 3.77e-14  6.35e-03     2s
  10  -2.31430714e+02  2.19548501e+02  7.10e-15 2.84e-14  9.07e-04     2s
  11  -5.13215830e+01  3.36917518e+01  3.86e-15 2.84e-14  1.71e-04     2s
  12  -8.53812831e+00  5.86015193e+00  1.35e-15 1.42e-14  2.90e-05     2s
  13  -1.05438182e+00  1.11189547e+00  3.60e-16 1.42e-14  4.36e-06     2s
  14  -2.06646579e-01  1.02801056e+00  3.00e-16 2.13e-14  2.48e-06     3s
  15   4.34086961e-01  7.28715503e-01  6.25e-17 2.13e-14  5.93e-07     3s
  16   5.57722607e-01  6.72297817e-01  8.10e-17 1.42e-14  2.31e-07     3s
  17   5.94594165e-01  6.58093843e-01  4.74e-17 2.18e-14  1.28e-07     3s
  18   6.22029311e-01  6.47795907e-01  7.83e-17 1.42e-14  5.18e-08     3s
  19   6.34425156e-01  6.43195917e-01  3.70e-17 1.42e-14  1.76e-08     3s
  20   6.38913021e-01  6.41609710e-01  3.60e-17 1.42e-14  5.43e-09     3s
  21   6.40001233e-01  6.41225581e-01  6.20e-17 1.42e-14  2.46e-09     3s
  22   6.40817013e-01  6.40938574e-01  6.36e-17 1.51e-14  2.45e-10     3s
  23   6.40897368e-01  6.40910303e-01  1.19e-16 2.13e-14  2.60e-11     3s
  24   6.40906793e-01  6.40906995e-01  1.55e-16 1.42e-14  4.06e-13     3s
  25   6.40906926e-01  6.40906948e-01  2.33e-15 2.13e-14  4.44e-14     3s
  26   6.40906937e-01  6.40906944e-01  4.34e-15 1.42e-14  1.51e-14     4s
  27   6.40906941e-01  6.40906943e-01  3.12e-15 1.42e-14  3.56e-15     4s
  28   6.40906942e-01  6.40906943e-01  3.29e-15 1.42e-14  9.28e-16     4s
  29   6.40906942e-01  6.40906943e-01  1.82e-15 1.42e-14  2.74e-16     4s
  30   6.40906942e-01  6.40906943e-01  9.23e-16 1.42e-14  1.68e-16     4s
  31   6.40906942e-01  6.40906943e-01  7.46e-16 1.42e-14  1.44e-16     4s
  32   6.40906942e-01  6.40906943e-01  5.22e-16 1.42e-14  8.72e-17     4s

Barrier solved model in 32 iterations and 4.05 seconds (3.76 work units)
Optimal objective 6.40906942e-01

objective value: 0.6409069424614021
Done! Time elapsed: 24.61421799659729 seconds.
g_0_1: 1.0000036695702852
g_1_1: 1.0000023087381484
g_1_2: 1.0000065086202157
g_2_1: 1.0000042363294364
g_2_2: 1.0000119427818823
g_2_3: 1.0000042363294366
g_2_4: 1.0000119427818532
Parameters from last iteration: [0.17400064 0.70700163 0.17400113 0.707003   0.17400208 0.707003
 0.17400208]

Parameters from current iteration:
                [0.17400064 0.70700163 0.17400113 0.707003   0.17400208 0.707003
 0.17400208]


                Percentage Error = 3.1902579472187175e-16
                
year done: 111
Time 112: 2
Optimization Iteration[1/20000]

Solving the optimization problem...
Set parameter TokenServer to value "licenses.rcc.uchicago.edu"
Read LP format model from file /scratch/local/jobs/50183984/tmpqqq2qsba.pyomo.lp
Reading time = 1.35 seconds
x1: 258121 rows, 502401 columns, 1259970 nonzeros
Set parameter Threads to value 8
Set parameter BarConvTol to value 1e-12
Gurobi Optimizer version 11.0.0 build v11.0.0rc2 (linux64 - "CentOS Linux 8")

CPU model: Intel(R) Xeon(R) Gold 6248R CPU @ 3.00GHz, instruction set [SSE2|AVX|AVX2|AVX512]
Thread count: 48 physical cores, 48 logical processors, using up to 8 threads

Optimize a model with 258121 rows, 502401 columns and 1259970 nonzeros
Model fingerprint: 0x5e0497b5
Model has 3166 quadratic objective terms
Coefficient statistics:
  Matrix range     [1e+00, 1e+03]
  Objective range  [5e-07, 7e+01]
  QObjective range [3e-01, 3e+03]
  Bounds range     [3e-04, 1e+00]
  RHS range        [7e-17, 6e+00]
Presolve removed 131482 rows and 128814 columns
Presolve time: 0.55s
Presolved: 126639 rows, 373587 columns, 743930 nonzeros
Presolved model has 3166 quadratic objective terms
Ordering time: 0.16s

Barrier statistics:
 AA' NZ     : 3.709e+05
 Factor NZ  : 4.212e+06 (roughly 240 MB of memory)
 Factor Ops : 3.974e+08 (less than 1 second per iteration)
 Threads    : 8

                  Objective                Residual
Iter       Primal          Dual         Primal    Dual     Compl     Time
   0  -1.08858984e+09  8.63519648e+08  7.80e+04 1.13e-13  1.00e+06     1s
   1  -6.35727304e+08  5.82241624e+08  1.87e+04 1.60e+02  2.62e+05     1s
   2  -3.24155004e+08  3.24098671e+08  2.36e+02 1.04e+00  4.64e+03     1s
   3  -7.58808411e+07  7.65393861e+07  1.95e+00 1.51e-12  3.30e+02     1s
   4  -1.46363886e+07  1.53249906e+07  1.70e-01 3.81e-12  6.19e+01     1s
   5  -2.69569141e+06  2.98245180e+06  1.33e-02 1.32e-12  1.15e+01     1s
   6  -3.92606289e+05  4.49318498e+05  1.33e-08 8.45e-13  1.69e+00     2s
   7  -5.87273954e+04  7.36725679e+04  1.37e-13 6.57e-13  2.66e-01     2s
   8  -8.85461882e+03  1.06079902e+04  6.57e-14 2.71e-13  3.92e-02     2s
   9  -1.41608363e+03  1.73862468e+03  2.05e-14 3.86e-14  6.35e-03     2s
  10  -2.31432891e+02  2.19546324e+02  6.32e-15 2.84e-14  9.07e-04     2s
  11  -5.13237603e+01  3.36895745e+01  2.65e-15 1.42e-14  1.71e-04     2s
  12  -8.54030558e+00  5.85797466e+00  1.13e-15 1.42e-14  2.90e-05     2s
  13  -1.05655909e+00  1.10971820e+00  3.48e-16 2.13e-14  4.36e-06     2s
  14  -2.08823849e-01  1.02583329e+00  3.29e-16 2.84e-14  2.48e-06     3s
  15   4.31909691e-01  7.26538233e-01  6.72e-17 2.84e-14  5.93e-07     3s
  16   5.55545338e-01  6.70120548e-01  5.99e-17 1.42e-14  2.31e-07     3s
  17   5.92416896e-01  6.55916574e-01  8.24e-17 2.84e-14  1.28e-07     3s
  18   6.19852042e-01  6.45618638e-01  4.75e-17 1.42e-14  5.18e-08     3s
  19   6.32247887e-01  6.41018647e-01  6.18e-17 2.13e-14  1.76e-08     3s
  20   6.36735751e-01  6.39432441e-01  1.29e-16 1.42e-14  5.43e-09     3s
  21   6.37823963e-01  6.39048311e-01  7.59e-17 1.42e-14  2.46e-09     3s
  22   6.38639744e-01  6.38761304e-01  9.57e-17 1.42e-14  2.45e-10     3s
  23   6.38720099e-01  6.38733033e-01  6.19e-17 1.42e-14  2.60e-11     3s
  24   6.38729524e-01  6.38729726e-01  1.75e-16 1.42e-14  4.06e-13     3s
  25   6.38729657e-01  6.38729679e-01  2.48e-15 1.42e-14  4.42e-14     3s
  26   6.38729668e-01  6.38729675e-01  5.83e-15 1.42e-14  1.51e-14     4s
  27   6.38729672e-01  6.38729674e-01  3.50e-15 1.42e-14  3.55e-15     4s
  28   6.38729673e-01  6.38729673e-01  3.42e-15 1.42e-14  9.23e-16     4s
  29   6.38729673e-01  6.38729673e-01  1.66e-15 1.42e-14  2.73e-16     4s
  30   6.38729673e-01  6.38729673e-01  9.66e-16 1.42e-14  1.67e-16     4s
  31   6.38729673e-01  6.38729673e-01  7.64e-16 1.42e-14  1.43e-16     4s
  32   6.38729673e-01  6.38729673e-01  5.14e-16 1.42e-14  8.70e-17     4s

Barrier solved model in 32 iterations and 4.08 seconds (3.76 work units)
Optimal objective 6.38729673e-01

objective value: 0.6387296730354378
Done! Time elapsed: 24.58010745048523 seconds.
g_0_1: 1.0000036695702852
g_1_1: 1.0000023087381484
g_1_2: 1.0000065086202157
g_2_1: 1.0000042363294361
g_2_2: 1.0000119427818823
g_2_3: 1.0000042363294366
g_2_4: 1.0000119427818532
Parameters from last iteration: [0.17400064 0.70700163 0.17400113 0.707003   0.17400208 0.707003
 0.17400208]

Parameters from current iteration:
                [0.17400064 0.70700163 0.17400113 0.707003   0.17400208 0.707003
 0.17400208]


                Percentage Error = 3.1406458879055187e-16
                
year done: 112
Time 113: 2
Optimization Iteration[1/20000]

Solving the optimization problem...
Set parameter TokenServer to value "licenses.rcc.uchicago.edu"
Read LP format model from file /scratch/local/jobs/50183984/tmp7pfznert.pyomo.lp
Reading time = 1.34 seconds
x1: 258121 rows, 502401 columns, 1259970 nonzeros
Set parameter Threads to value 8
Set parameter BarConvTol to value 1e-12
Gurobi Optimizer version 11.0.0 build v11.0.0rc2 (linux64 - "CentOS Linux 8")

CPU model: Intel(R) Xeon(R) Gold 6248R CPU @ 3.00GHz, instruction set [SSE2|AVX|AVX2|AVX512]
Thread count: 48 physical cores, 48 logical processors, using up to 8 threads

Optimize a model with 258121 rows, 502401 columns and 1259970 nonzeros
Model fingerprint: 0x6b4fe275
Model has 3166 quadratic objective terms
Coefficient statistics:
  Matrix range     [1e+00, 1e+03]
  Objective range  [5e-07, 7e+01]
  QObjective range [3e-01, 3e+03]
  Bounds range     [3e-04, 1e+00]
  RHS range        [7e-17, 6e+00]
Presolve removed 131482 rows and 128814 columns
Presolve time: 0.56s
Presolved: 126639 rows, 373587 columns, 743930 nonzeros
Presolved model has 3166 quadratic objective terms
Ordering time: 0.16s

Barrier statistics:
 AA' NZ     : 3.709e+05
 Factor NZ  : 4.212e+06 (roughly 240 MB of memory)
 Factor Ops : 3.974e+08 (less than 1 second per iteration)
 Threads    : 8

                  Objective                Residual
Iter       Primal          Dual         Primal    Dual     Compl     Time
   0  -1.08858984e+09  8.63519648e+08  7.80e+04 1.13e-13  1.00e+06     1s
   1  -6.35727304e+08  5.82241624e+08  1.87e+04 1.60e+02  2.62e+05     1s
   2  -3.24155004e+08  3.24098671e+08  2.36e+02 1.04e+00  4.64e+03     1s
   3  -7.58808411e+07  7.65393861e+07  1.95e+00 1.57e-12  3.30e+02     1s
   4  -1.46363886e+07  1.53249906e+07  1.70e-01 5.67e-12  6.19e+01     1s
   5  -2.69569141e+06  2.98245180e+06  1.33e-02 1.46e-12  1.15e+01     1s
   6  -3.92606291e+05  4.49318496e+05  1.33e-08 1.01e-12  1.69e+00     2s
   7  -5.87273975e+04  7.36725658e+04  1.28e-13 7.19e-13  2.66e-01     2s
   8  -8.85462090e+03  1.06079881e+04  6.08e-14 2.51e-13  3.92e-02     2s
   9  -1.41608570e+03  1.73862260e+03  2.33e-14 4.11e-14  6.35e-03     2s
  10  -2.31434971e+02  2.19544244e+02  4.98e-15 3.55e-14  9.07e-04     2s
  11  -5.13258395e+01  3.36874952e+01  4.08e-15 2.13e-14  1.71e-04     2s
  12  -8.54238486e+00  5.85589539e+00  1.10e-15 2.13e-14  2.90e-05     2s
  13  -1.05863837e+00  1.10763892e+00  5.29e-16 1.42e-14  4.36e-06     2s
  14  -2.10903125e-01  1.02375402e+00  2.82e-16 2.13e-14  2.48e-06     3s
  15   4.29830415e-01  7.24458957e-01  4.86e-17 2.13e-14  5.93e-07     3s
  16   5.53466061e-01  6.68041272e-01  6.33e-17 2.13e-14  2.31e-07     3s
  17   5.90337619e-01  6.53837298e-01  5.85e-17 1.42e-14  1.28e-07     3s
  18   6.17772765e-01  6.43539362e-01  4.52e-17 1.42e-14  5.18e-08     3s
  19   6.30168610e-01  6.38939371e-01  6.15e-17 1.42e-14  1.76e-08     3s
  20   6.34656475e-01  6.37353164e-01  7.98e-17 1.42e-14  5.43e-09     3s
  21   6.35744687e-01  6.36969035e-01  8.04e-17 1.42e-14  2.46e-09     3s
  22   6.36560468e-01  6.36682028e-01  1.70e-16 2.13e-14  2.45e-10     3s
  23   6.36640823e-01  6.36653757e-01  8.77e-17 1.42e-14  2.60e-11     3s
  24   6.36650247e-01  6.36650449e-01  1.71e-16 2.13e-14  4.06e-13     3s
  25   6.36650381e-01  6.36650403e-01  2.33e-15 1.42e-14  4.40e-14     4s
  26   6.36650391e-01  6.36650399e-01  4.65e-15 1.42e-14  1.50e-14     4s
  27   6.36650396e-01  6.36650397e-01  3.13e-15 2.84e-14  3.54e-15     4s
  28   6.36650397e-01  6.36650397e-01  3.10e-15 1.42e-14  9.19e-16     4s
  29   6.36650397e-01  6.36650397e-01  1.89e-15 1.42e-14  2.72e-16     4s
  30   6.36650397e-01  6.36650397e-01  1.20e-15 1.42e-14  1.66e-16     4s
  31   6.36650397e-01  6.36650397e-01  8.79e-16 1.42e-14  1.42e-16     4s
  32   6.36650397e-01  6.36650397e-01  6.30e-16 1.42e-14  8.67e-17     4s

Barrier solved model in 32 iterations and 4.17 seconds (3.76 work units)
Optimal objective 6.36650397e-01

objective value: 0.6366503968759112
Done! Time elapsed: 25.950242519378662 seconds.
g_0_1: 1.000003669570285
g_1_1: 1.0000023087381484
g_1_2: 1.0000065086202157
g_2_1: 1.0000042363294364
g_2_2: 1.0000119427818823
g_2_3: 1.0000042363294366
g_2_4: 1.0000119427818535
Parameters from last iteration: [0.17400064 0.70700163 0.17400113 0.707003   0.17400208 0.707003
 0.17400208]

Parameters from current iteration:
                [0.17400064 0.70700163 0.17400113 0.707003   0.17400208 0.707003
 0.17400208]


                Percentage Error = 3.190284340800819e-16
                
year done: 113
Time 114: 2
Optimization Iteration[1/20000]

Solving the optimization problem...
Set parameter TokenServer to value "licenses.rcc.uchicago.edu"
Read LP format model from file /scratch/local/jobs/50183984/tmp5gg1vef8.pyomo.lp
Reading time = 1.37 seconds
x1: 258121 rows, 502401 columns, 1259970 nonzeros
Set parameter Threads to value 8
Set parameter BarConvTol to value 1e-12
Gurobi Optimizer version 11.0.0 build v11.0.0rc2 (linux64 - "CentOS Linux 8")

CPU model: Intel(R) Xeon(R) Gold 6248R CPU @ 3.00GHz, instruction set [SSE2|AVX|AVX2|AVX512]
Thread count: 48 physical cores, 48 logical processors, using up to 8 threads

Optimize a model with 258121 rows, 502401 columns and 1259970 nonzeros
Model fingerprint: 0xa68b6eea
Model has 3166 quadratic objective terms
Coefficient statistics:
  Matrix range     [1e+00, 1e+03]
  Objective range  [5e-07, 7e+01]
  QObjective range [3e-01, 3e+03]
  Bounds range     [3e-04, 1e+00]
  RHS range        [7e-17, 6e+00]
Presolve removed 131482 rows and 128814 columns
Presolve time: 0.63s
Presolved: 126639 rows, 373587 columns, 743930 nonzeros
Presolved model has 3166 quadratic objective terms
Ordering time: 0.17s

Barrier statistics:
 AA' NZ     : 3.709e+05
 Factor NZ  : 4.212e+06 (roughly 240 MB of memory)
 Factor Ops : 3.974e+08 (less than 1 second per iteration)
 Threads    : 8

                  Objective                Residual
Iter       Primal          Dual         Primal    Dual     Compl     Time
   0  -1.08858984e+09  8.63519648e+08  7.80e+04 1.14e-13  1.00e+06     1s
   1  -6.35727304e+08  5.82241624e+08  1.87e+04 1.60e+02  2.62e+05     1s
   2  -3.24155004e+08  3.24098671e+08  2.36e+02 1.04e+00  4.64e+03     1s
   3  -7.58808411e+07  7.65393861e+07  1.95e+00 1.55e-12  3.30e+02     2s
   4  -1.46363886e+07  1.53249906e+07  1.70e-01 3.96e-12  6.19e+01     2s
   5  -2.69569141e+06  2.98245180e+06  1.33e-02 1.23e-12  1.15e+01     2s
   6  -3.92606293e+05  4.49318494e+05  1.33e-08 9.36e-13  1.69e+00     2s
   7  -5.87273994e+04  7.36725639e+04  1.74e-13 7.33e-13  2.66e-01     2s
   8  -8.85462289e+03  1.06079861e+04  6.67e-14 2.64e-13  3.92e-02     2s
   9  -1.41608769e+03  1.73862062e+03  2.11e-14 4.26e-14  6.35e-03     2s
  10  -2.31436956e+02  2.19542259e+02  6.22e-15 3.55e-14  9.07e-04     2s
  11  -5.13278252e+01  3.36855095e+01  5.01e-15 2.13e-14  1.71e-04     2s
  12  -8.54437055e+00  5.85390969e+00  1.43e-15 1.42e-14  2.90e-05     3s
  13  -1.06062406e+00  1.10565323e+00  3.99e-16 2.13e-14  4.36e-06     3s
  14  -2.12888818e-01  1.02176832e+00  3.28e-16 3.55e-14  2.48e-06     3s
  15   4.27844722e-01  7.22473264e-01  5.49e-17 1.42e-14  5.93e-07     3s
  16   5.51480368e-01  6.66055578e-01  1.26e-16 2.13e-14  2.31e-07     3s
  17   5.88351926e-01  6.51851605e-01  5.35e-17 1.78e-14  1.28e-07     3s
  18   6.15787072e-01  6.41553668e-01  4.39e-17 1.42e-14  5.18e-08     3s
  19   6.28182917e-01  6.36953678e-01  4.89e-17 1.42e-14  1.76e-08     3s
  20   6.32670782e-01  6.35367471e-01  4.85e-17 1.42e-14  5.43e-09     3s
  21   6.33758994e-01  6.34983342e-01  7.07e-17 1.42e-14  2.46e-09     3s
  22   6.34574774e-01  6.34696335e-01  6.61e-17 1.42e-14  2.45e-10     3s
  23   6.34655130e-01  6.34668064e-01  9.30e-17 2.84e-14  2.60e-11     4s
  24   6.34664554e-01  6.34664756e-01  1.65e-16 2.84e-14  4.06e-13     4s
  25   6.34664687e-01  6.34664709e-01  2.71e-15 1.42e-14  4.39e-14     4s
  26   6.34664698e-01  6.34664706e-01  3.87e-15 1.42e-14  1.50e-14     4s
  27   6.34664702e-01  6.34664704e-01  5.10e-15 1.42e-14  3.53e-15     4s
  28   6.34664703e-01  6.34664704e-01  3.08e-15 1.42e-14  9.14e-16     4s
  29   6.34664703e-01  6.34664704e-01  1.56e-15 1.42e-14  2.70e-16     4s
  30   6.34664704e-01  6.34664704e-01  1.23e-15 1.42e-14  1.66e-16     4s
  31   6.34664704e-01  6.34664704e-01  1.09e-15 1.42e-14  1.42e-16     4s
  32   6.34664704e-01  6.34664704e-01  6.26e-16 1.42e-14  8.64e-17     4s

Barrier solved model in 32 iterations and 4.33 seconds (3.76 work units)
Optimal objective 6.34664704e-01

objective value: 0.6346647035593209
Done! Time elapsed: 24.852592706680298 seconds.
g_0_1: 1.0000036695702852
g_1_1: 1.0000023087381484
g_1_2: 1.0000065086202157
g_2_1: 1.0000042363294364
g_2_2: 1.000011942781882
g_2_3: 1.0000042363294366
g_2_4: 1.0000119427818532
Parameters from last iteration: [0.17400064 0.70700163 0.17400113 0.707003   0.17400208 0.707003
 0.17400208]

Parameters from current iteration:
                [0.17400064 0.70700163 0.17400113 0.707003   0.17400208 0.707003
 0.17400208]


                Percentage Error = 3.19028434080082e-16
                
year done: 114
Time 115: 2
Optimization Iteration[1/20000]

Solving the optimization problem...
Set parameter TokenServer to value "licenses.rcc.uchicago.edu"
Read LP format model from file /scratch/local/jobs/50183984/tmpn8lpm66a.pyomo.lp
Reading time = 1.37 seconds
x1: 258121 rows, 502401 columns, 1259970 nonzeros
Set parameter Threads to value 8
Set parameter BarConvTol to value 1e-12
Gurobi Optimizer version 11.0.0 build v11.0.0rc2 (linux64 - "CentOS Linux 8")

CPU model: Intel(R) Xeon(R) Gold 6248R CPU @ 3.00GHz, instruction set [SSE2|AVX|AVX2|AVX512]
Thread count: 48 physical cores, 48 logical processors, using up to 8 threads

Optimize a model with 258121 rows, 502401 columns and 1259970 nonzeros
Model fingerprint: 0xbd6bf29f
Model has 3166 quadratic objective terms
Coefficient statistics:
  Matrix range     [1e+00, 1e+03]
  Objective range  [5e-07, 7e+01]
  QObjective range [3e-01, 3e+03]
  Bounds range     [3e-04, 1e+00]
  RHS range        [7e-17, 6e+00]
Presolve removed 131482 rows and 128814 columns
Presolve time: 0.62s
Presolved: 126639 rows, 373587 columns, 743930 nonzeros
Presolved model has 3166 quadratic objective terms
Ordering time: 0.17s

Barrier statistics:
 AA' NZ     : 3.709e+05
 Factor NZ  : 4.212e+06 (roughly 240 MB of memory)
 Factor Ops : 3.974e+08 (less than 1 second per iteration)
 Threads    : 8

                  Objective                Residual
Iter       Primal          Dual         Primal    Dual     Compl     Time
   0  -1.08858984e+09  8.63519648e+08  7.80e+04 1.13e-13  1.00e+06     1s
   1  -6.35727304e+08  5.82241624e+08  1.87e+04 1.60e+02  2.62e+05     1s
   2  -3.24155004e+08  3.24098671e+08  2.36e+02 1.04e+00  4.64e+03     1s
   3  -7.58808412e+07  7.65393861e+07  1.95e+00 2.01e-12  3.30e+02     1s
   4  -1.46363886e+07  1.53249906e+07  1.70e-01 5.32e-12  6.19e+01     2s
   5  -2.69569142e+06  2.98245180e+06  1.33e-02 1.25e-12  1.15e+01     2s
   6  -3.92606295e+05  4.49318492e+05  1.33e-08 1.02e-12  1.69e+00     2s
   7  -5.87274013e+04  7.36725620e+04  1.63e-13 6.23e-13  2.66e-01     2s
   8  -8.85462478e+03  1.06079842e+04  5.58e-14 2.24e-13  3.92e-02     2s
   9  -1.41608959e+03  1.73861872e+03  1.88e-14 4.26e-14  6.35e-03     2s
  10  -2.31438853e+02  2.19540362e+02  7.39e-15 2.84e-14  9.07e-04     2s
  11  -5.13297216e+01  3.36836132e+01  4.47e-15 1.47e-14  1.71e-04     2s
  12  -8.54626688e+00  5.85201337e+00  9.53e-16 1.42e-14  2.90e-05     2s
  13  -1.06252038e+00  1.10375690e+00  3.88e-16 1.42e-14  4.36e-06     3s
  14  -2.14785140e-01  1.01987200e+00  2.63e-16 2.84e-14  2.48e-06     3s
  15   4.25948400e-01  7.20576941e-01  6.48e-17 2.84e-14  5.93e-07     3s
  16   5.49584046e-01  6.64159256e-01  9.11e-17 1.42e-14  2.31e-07     3s
  17   5.86455604e-01  6.49955282e-01  7.68e-17 1.60e-14  1.28e-07     3s
  18   6.13890750e-01  6.39657346e-01  9.42e-17 1.42e-14  5.18e-08     3s
  19   6.26286595e-01  6.35057355e-01  7.88e-17 1.42e-14  1.76e-08     3s
  20   6.30774459e-01  6.33471149e-01  9.44e-17 1.42e-14  5.43e-09     3s
  21   6.31862671e-01  6.33087019e-01  3.45e-17 1.42e-14  2.46e-09     3s
  22   6.32678452e-01  6.32800012e-01  8.93e-17 1.42e-14  2.45e-10     3s
  23   6.32758807e-01  6.32771741e-01  7.30e-17 2.13e-14  2.60e-11     3s
  24   6.32768232e-01  6.32768434e-01  1.33e-16 2.13e-14  4.06e-13     4s
  25   6.32768365e-01  6.32768387e-01  2.68e-15 2.84e-14  4.37e-14     4s
  26   6.32768376e-01  6.32768383e-01  6.44e-15 2.84e-14  1.49e-14     4s
  27   6.32768380e-01  6.32768382e-01  3.14e-15 1.42e-14  3.52e-15     4s
  28   6.32768381e-01  6.32768381e-01  3.09e-15 2.84e-14  9.10e-16     4s
  29   6.32768381e-01  6.32768381e-01  1.49e-15 1.42e-14  2.69e-16     4s
  30   6.32768381e-01  6.32768381e-01  9.60e-16 1.42e-14  1.65e-16     4s
  31   6.32768381e-01  6.32768381e-01  7.90e-16 1.42e-14  1.41e-16     4s
  32   6.32768381e-01  6.32768381e-01  6.81e-16 2.84e-14  8.62e-17     4s

Barrier solved model in 32 iterations and 4.24 seconds (3.76 work units)
Optimal objective 6.32768381e-01

objective value: 0.6327683811639369
Done! Time elapsed: 24.568583726882935 seconds.
g_0_1: 1.0000036695702852
g_1_1: 1.0000023087381484
g_1_2: 1.0000065086202157
g_2_1: 1.0000042363294364
g_2_2: 1.0000119427818819
g_2_3: 1.0000042363294366
g_2_4: 1.0000119427818532
Parameters from last iteration: [0.17400064 0.70700163 0.17400113 0.707003   0.17400208 0.707003
 0.17400208]

Parameters from current iteration:
                [0.17400064 0.70700163 0.17400113 0.707003   0.17400208 0.707003
 0.17400208]


                Percentage Error = 1.5951289736093132e-16
                
year done: 115
Time 116: 2
Optimization Iteration[1/20000]

Solving the optimization problem...
Set parameter TokenServer to value "licenses.rcc.uchicago.edu"
Read LP format model from file /scratch/local/jobs/50183984/tmp3aoi926p.pyomo.lp
Reading time = 1.36 seconds
x1: 258121 rows, 502401 columns, 1259970 nonzeros
Set parameter Threads to value 8
Set parameter BarConvTol to value 1e-12
Gurobi Optimizer version 11.0.0 build v11.0.0rc2 (linux64 - "CentOS Linux 8")

CPU model: Intel(R) Xeon(R) Gold 6248R CPU @ 3.00GHz, instruction set [SSE2|AVX|AVX2|AVX512]
Thread count: 48 physical cores, 48 logical processors, using up to 8 threads

Optimize a model with 258121 rows, 502401 columns and 1259970 nonzeros
Model fingerprint: 0x63709546
Model has 3166 quadratic objective terms
Coefficient statistics:
  Matrix range     [1e+00, 1e+03]
  Objective range  [5e-07, 7e+01]
  QObjective range [3e-01, 3e+03]
  Bounds range     [3e-04, 1e+00]
  RHS range        [7e-17, 6e+00]
Presolve removed 131482 rows and 128814 columns
Presolve time: 0.55s
Presolved: 126639 rows, 373587 columns, 743930 nonzeros
Presolved model has 3166 quadratic objective terms
Ordering time: 0.16s

Barrier statistics:
 AA' NZ     : 3.709e+05
 Factor NZ  : 4.212e+06 (roughly 240 MB of memory)
 Factor Ops : 3.974e+08 (less than 1 second per iteration)
 Threads    : 8

                  Objective                Residual
Iter       Primal          Dual         Primal    Dual     Compl     Time
   0  -1.08858984e+09  8.63519648e+08  7.80e+04 1.13e-13  1.00e+06     1s
   1  -6.35727304e+08  5.82241624e+08  1.87e+04 1.60e+02  2.62e+05     1s
   2  -3.24155004e+08  3.24098671e+08  2.36e+02 1.04e+00  4.64e+03     1s
   3  -7.58808412e+07  7.65393860e+07  1.95e+00 1.65e-12  3.30e+02     1s
   4  -1.46363886e+07  1.53249906e+07  1.70e-01 4.94e-12  6.19e+01     1s
   5  -2.69569142e+06  2.98245180e+06  1.33e-02 1.30e-12  1.15e+01     1s
   6  -3.92606297e+05  4.49318491e+05  1.33e-08 1.01e-12  1.69e+00     2s
   7  -5.87274032e+04  7.36725601e+04  1.56e-13 6.06e-13  2.66e-01     2s
   8  -8.85462659e+03  1.06079824e+04  6.11e-14 2.66e-13  3.92e-02     2s
   9  -1.41609140e+03  1.73861691e+03  2.11e-14 3.74e-14  6.35e-03     2s
  10  -2.31440664e+02  2.19538551e+02  6.06e-15 3.55e-14  9.07e-04     2s
  11  -5.13315325e+01  3.36818022e+01  3.91e-15 2.84e-14  1.71e-04     2s
  12  -8.54807785e+00  5.85020240e+00  1.39e-15 1.42e-14  2.90e-05     2s
  13  -1.06433136e+00  1.10194593e+00  4.21e-16 1.42e-14  4.36e-06     2s
  14  -2.16596114e-01  1.01806103e+00  2.83e-16 2.84e-14  2.48e-06     3s
  15   4.24137426e-01  7.18765968e-01  5.57e-17 2.13e-14  5.93e-07     3s
  16   5.47773072e-01  6.62348282e-01  1.11e-16 1.42e-14  2.31e-07     3s
  17   5.84644630e-01  6.48144308e-01  4.46e-17 1.42e-14  1.28e-07     3s
  18   6.12079776e-01  6.37846372e-01  4.70e-17 1.42e-14  5.18e-08     3s
  19   6.24475621e-01  6.33246382e-01  6.86e-17 1.42e-14  1.76e-08     3s
  20   6.28963485e-01  6.31660175e-01  1.21e-16 1.42e-14  5.43e-09     3s
  21   6.30051698e-01  6.31276046e-01  4.60e-17 1.42e-14  2.46e-09     3s
  22   6.30867478e-01  6.30989038e-01  5.69e-17 1.42e-14  2.45e-10     3s
  23   6.30947833e-01  6.30960768e-01  9.27e-17 2.13e-14  2.60e-11     3s
  24   6.30957258e-01  6.30957460e-01  1.83e-16 2.09e-14  4.06e-13     3s
  25   6.30957391e-01  6.30957413e-01  2.15e-15 1.42e-14  4.35e-14     3s
  26   6.30957402e-01  6.30957409e-01  4.71e-15 2.84e-14  1.49e-14     4s
  27   6.30957406e-01  6.30957408e-01  2.98e-15 1.42e-14  3.51e-15     4s
  28   6.30957407e-01  6.30957407e-01  2.75e-15 1.42e-14  9.05e-16     4s
  29   6.30957407e-01  6.30957407e-01  2.15e-15 1.42e-14  2.68e-16     4s
  30   6.30957407e-01  6.30957407e-01  1.10e-15 1.42e-14  1.64e-16     4s
  31   6.30957407e-01  6.30957407e-01  8.52e-16 1.42e-14  1.40e-16     4s
  32   6.30957407e-01  6.30957407e-01  5.57e-16 1.42e-14  8.59e-17     4s

Barrier solved model in 32 iterations and 4.07 seconds (3.76 work units)
Optimal objective 6.30957407e-01

objective value: 0.6309574073356669
Done! Time elapsed: 24.497150659561157 seconds.
g_0_1: 1.0000036695702852
g_1_1: 1.0000023087381484
g_1_2: 1.0000065086202157
g_2_1: 1.0000042363294364
g_2_2: 1.0000119427818819
g_2_3: 1.0000042363294366
g_2_4: 1.0000119427818532
Parameters from last iteration: [0.17400064 0.70700163 0.17400113 0.707003   0.17400208 0.707003
 0.17400208]

Parameters from current iteration:
                [0.17400064 0.70700163 0.17400113 0.707003   0.17400208 0.707003
 0.17400208]


                Percentage Error = 0.0
                
year done: 116
Time 117: 2
Optimization Iteration[1/20000]

Solving the optimization problem...
Set parameter TokenServer to value "licenses.rcc.uchicago.edu"
Read LP format model from file /scratch/local/jobs/50183984/tmp7g2mk50m.pyomo.lp
Reading time = 1.34 seconds
x1: 258121 rows, 502401 columns, 1259970 nonzeros
Set parameter Threads to value 8
Set parameter BarConvTol to value 1e-12
Gurobi Optimizer version 11.0.0 build v11.0.0rc2 (linux64 - "CentOS Linux 8")

CPU model: Intel(R) Xeon(R) Gold 6248R CPU @ 3.00GHz, instruction set [SSE2|AVX|AVX2|AVX512]
Thread count: 48 physical cores, 48 logical processors, using up to 8 threads

Optimize a model with 258121 rows, 502401 columns and 1259970 nonzeros
Model fingerprint: 0x1d1b035b
Model has 3166 quadratic objective terms
Coefficient statistics:
  Matrix range     [1e+00, 1e+03]
  Objective range  [5e-07, 7e+01]
  QObjective range [3e-01, 3e+03]
  Bounds range     [3e-04, 1e+00]
  RHS range        [6e-17, 6e+00]
Presolve removed 131482 rows and 128814 columns
Presolve time: 0.55s
Presolved: 126639 rows, 373587 columns, 743930 nonzeros
Presolved model has 3166 quadratic objective terms
Ordering time: 0.16s

Barrier statistics:
 AA' NZ     : 3.709e+05
 Factor NZ  : 4.212e+06 (roughly 240 MB of memory)
 Factor Ops : 3.974e+08 (less than 1 second per iteration)
 Threads    : 8

                  Objective                Residual
Iter       Primal          Dual         Primal    Dual     Compl     Time
   0  -1.08858984e+09  8.63519648e+08  7.80e+04 1.13e-13  1.00e+06     1s
   1  -6.35727304e+08  5.82241624e+08  1.87e+04 1.60e+02  2.62e+05     1s
   2  -3.24155004e+08  3.24098671e+08  2.36e+02 1.04e+00  4.64e+03     1s
   3  -7.58808412e+07  7.65393860e+07  1.95e+00 1.44e-12  3.30e+02     1s
   4  -1.46363886e+07  1.53249906e+07  1.70e-01 5.36e-12  6.19e+01     1s
   5  -2.69569142e+06  2.98245179e+06  1.33e-02 1.23e-12  1.15e+01     1s
   6  -3.92606298e+05  4.49318489e+05  1.33e-08 9.78e-13  1.69e+00     2s
   7  -5.87274049e+04  7.36725584e+04  1.66e-13 6.83e-13  2.66e-01     2s
   8  -8.85462832e+03  1.06079807e+04  5.56e-14 2.20e-13  3.92e-02     2s
   9  -1.41609313e+03  1.73861518e+03  2.00e-14 3.60e-14  6.35e-03     2s
  10  -2.31442393e+02  2.19536822e+02  7.84e-15 2.84e-14  9.07e-04     2s
  11  -5.13332620e+01  3.36800728e+01  3.54e-15 2.84e-14  1.71e-04     2s
  12  -8.54980732e+00  5.84847293e+00  1.11e-15 2.13e-14  2.90e-05     2s
  13  -1.06606082e+00  1.10021646e+00  3.72e-16 1.42e-14  4.36e-06     2s
  14  -2.18325581e-01  1.01633156e+00  2.18e-16 2.13e-14  2.48e-06     3s
  15   4.22407959e-01  7.17036501e-01  5.98e-17 1.42e-14  5.93e-07     3s
  16   5.46043605e-01  6.60618816e-01  8.17e-17 1.42e-14  2.31e-07     3s
  17   5.82915163e-01  6.46414842e-01  4.70e-17 2.84e-14  1.28e-07     3s
  18   6.10350309e-01  6.36116905e-01  1.39e-16 1.42e-14  5.18e-08     3s
  19   6.22746154e-01  6.31516915e-01  3.90e-17 1.42e-14  1.76e-08     3s
  20   6.27234019e-01  6.29930708e-01  7.59e-17 1.42e-14  5.43e-09     3s
  21   6.28322231e-01  6.29546579e-01  7.54e-17 2.84e-14  2.46e-09     3s
  22   6.29138012e-01  6.29259572e-01  4.49e-17 2.84e-14  2.45e-10     3s
  23   6.29218367e-01  6.29231301e-01  6.89e-17 1.42e-14  2.60e-11     3s
  24   6.29227791e-01  6.29227993e-01  1.48e-16 2.84e-14  4.06e-13     3s
  25   6.29227925e-01  6.29227946e-01  2.29e-15 1.42e-14  4.33e-14     3s
  26   6.29227935e-01  6.29227943e-01  4.06e-15 2.84e-14  1.49e-14     4s
  27   6.29227940e-01  6.29227941e-01  3.09e-15 2.84e-14  3.50e-15     4s
  28   6.29227940e-01  6.29227941e-01  3.76e-15 1.42e-14  9.01e-16     4s
  29   6.29227941e-01  6.29227941e-01  1.43e-15 1.42e-14  2.67e-16     4s
  30   6.29227941e-01  6.29227941e-01  1.21e-15 1.42e-14  1.63e-16     4s
  31   6.29227941e-01  6.29227941e-01  8.73e-16 1.07e-14  1.40e-16     4s
  32   6.29227941e-01  6.29227941e-01  5.40e-16 7.11e-15  8.55e-17     4s

Barrier solved model in 32 iterations and 4.05 seconds (3.76 work units)
Optimal objective 6.29227941e-01

objective value: 0.6292279407562361
Done! Time elapsed: 26.217454433441162 seconds.
g_0_1: 1.0000036695702852
g_1_1: 1.0000023087381484
g_1_2: 1.0000065086202157
g_2_1: 1.0000042363294361
g_2_2: 1.0000119427818819
g_2_3: 1.0000042363294366
g_2_4: 1.0000119427818532
Parameters from last iteration: [0.17400064 0.70700163 0.17400113 0.707003   0.17400208 0.707003
 0.17400208]

Parameters from current iteration:
                [0.17400064 0.70700163 0.17400113 0.707003   0.17400208 0.707003
 0.17400208]


                Percentage Error = 3.1406458879055187e-16
                
year done: 117
Time 118: 2
Optimization Iteration[1/20000]

Solving the optimization problem...
Set parameter TokenServer to value "licenses.rcc.uchicago.edu"
Read LP format model from file /scratch/local/jobs/50183984/tmp6tamfbbd.pyomo.lp
Reading time = 1.35 seconds
x1: 258121 rows, 502401 columns, 1259970 nonzeros
Set parameter Threads to value 8
Set parameter BarConvTol to value 1e-12
Gurobi Optimizer version 11.0.0 build v11.0.0rc2 (linux64 - "CentOS Linux 8")

CPU model: Intel(R) Xeon(R) Gold 6248R CPU @ 3.00GHz, instruction set [SSE2|AVX|AVX2|AVX512]
Thread count: 48 physical cores, 48 logical processors, using up to 8 threads

Optimize a model with 258121 rows, 502401 columns and 1259970 nonzeros
Model fingerprint: 0xc2793b3b
Model has 3166 quadratic objective terms
Coefficient statistics:
  Matrix range     [1e+00, 1e+03]
  Objective range  [5e-07, 7e+01]
  QObjective range [3e-01, 3e+03]
  Bounds range     [3e-04, 1e+00]
  RHS range        [6e-17, 6e+00]
Presolve removed 131482 rows and 128814 columns
Presolve time: 0.55s
Presolved: 126639 rows, 373587 columns, 743930 nonzeros
Presolved model has 3166 quadratic objective terms
Ordering time: 0.16s

Barrier statistics:
 AA' NZ     : 3.709e+05
 Factor NZ  : 4.212e+06 (roughly 240 MB of memory)
 Factor Ops : 3.974e+08 (less than 1 second per iteration)
 Threads    : 8

                  Objective                Residual
Iter       Primal          Dual         Primal    Dual     Compl     Time
   0  -1.08858984e+09  8.63519648e+08  7.80e+04 1.13e-13  1.00e+06     1s
   1  -6.35727304e+08  5.82241624e+08  1.87e+04 1.60e+02  2.62e+05     1s
   2  -3.24155004e+08  3.24098671e+08  2.36e+02 1.04e+00  4.64e+03     1s
   3  -7.58808412e+07  7.65393860e+07  1.95e+00 1.44e-12  3.30e+02     1s
   4  -1.46363886e+07  1.53249906e+07  1.70e-01 4.75e-12  6.19e+01     1s
   5  -2.69569142e+06  2.98245179e+06  1.33e-02 1.24e-12  1.15e+01     1s
   6  -3.92606300e+05  4.49318487e+05  1.33e-08 9.33e-13  1.69e+00     2s
   7  -5.87274065e+04  7.36725568e+04  1.59e-13 7.87e-13  2.66e-01     2s
   8  -8.85462997e+03  1.06079790e+04  6.77e-14 2.27e-13  3.92e-02     2s
   9  -1.41609478e+03  1.73861353e+03  2.70e-14 4.03e-14  6.35e-03     2s
  10  -2.31444045e+02  2.19535170e+02  6.12e-15 2.84e-14  9.07e-04     2s
  11  -5.13349136e+01  3.36784211e+01  3.35e-15 2.84e-14  1.71e-04     2s
  12  -8.55145894e+00  5.84682130e+00  1.23e-15 2.13e-14  2.90e-05     2s
  13  -1.06771245e+00  1.09856484e+00  4.24e-16 2.84e-14  4.36e-06     2s
  14  -2.19977209e-01  1.01467993e+00  2.92e-16 2.84e-14  2.48e-06     3s
  15   4.20756331e-01  7.15384873e-01  4.31e-17 2.84e-14  5.93e-07     3s
  16   5.44391978e-01  6.58967188e-01  7.05e-17 2.13e-14  2.31e-07     3s
  17   5.81263536e-01  6.44763214e-01  8.34e-17 1.73e-14  1.28e-07     3s
  18   6.08698681e-01  6.34465278e-01  6.67e-17 1.42e-14  5.18e-08     3s
  19   6.21094527e-01  6.29865287e-01  9.98e-17 2.84e-14  1.76e-08     3s
  20   6.25582391e-01  6.28279081e-01  5.42e-17 1.42e-14  5.43e-09     3s
  21   6.26670603e-01  6.27894951e-01  5.57e-17 2.13e-14  2.46e-09     3s
  22   6.27486384e-01  6.27607944e-01  1.04e-16 1.42e-14  2.45e-10     3s
  23   6.27566739e-01  6.27579673e-01  7.78e-17 2.84e-14  2.60e-11     3s
  24   6.27576164e-01  6.27576366e-01  1.79e-16 1.42e-14  4.06e-13     3s
  25   6.27576297e-01  6.27576319e-01  2.67e-15 2.84e-14  4.32e-14     3s
  26   6.27576308e-01  6.27576315e-01  5.71e-15 1.42e-14  1.48e-14     3s
  27   6.27576312e-01  6.27576313e-01  2.98e-15 1.42e-14  3.48e-15     4s
  28   6.27576313e-01  6.27576313e-01  3.44e-15 1.42e-14  8.96e-16     4s
  29   6.27576313e-01  6.27576313e-01  1.59e-15 1.42e-14  2.65e-16     4s
  30   6.27576313e-01  6.27576313e-01  1.00e-15 1.42e-14  1.63e-16     4s
  31   6.27576313e-01  6.27576313e-01  7.83e-16 1.42e-14  1.39e-16     4s
  32   6.27576313e-01  6.27576313e-01  5.82e-16 7.11e-15  8.52e-17     4s

Barrier solved model in 32 iterations and 4.02 seconds (3.76 work units)
Optimal objective 6.27576313e-01

objective value: 0.627576312995155
Done! Time elapsed: 24.436580896377563 seconds.
g_0_1: 1.0000036695702852
g_1_1: 1.0000023087381484
g_1_2: 1.0000065086202157
g_2_1: 1.0000042363294364
g_2_2: 1.0000119427818817
g_2_3: 1.0000042363294366
g_2_4: 1.0000119427818532
Parameters from last iteration: [0.17400064 0.70700163 0.17400113 0.707003   0.17400208 0.707003
 0.17400208]

Parameters from current iteration:
                [0.17400064 0.70700163 0.17400113 0.707003   0.17400208 0.707003
 0.17400208]


                Percentage Error = 3.1406458879055197e-16
                
year done: 118
Time 119: 2
Optimization Iteration[1/20000]

Solving the optimization problem...
Set parameter TokenServer to value "licenses.rcc.uchicago.edu"
Read LP format model from file /scratch/local/jobs/50183984/tmppq81kx33.pyomo.lp
Reading time = 1.34 seconds
x1: 258121 rows, 502401 columns, 1259970 nonzeros
Set parameter Threads to value 8
Set parameter BarConvTol to value 1e-12
Gurobi Optimizer version 11.0.0 build v11.0.0rc2 (linux64 - "CentOS Linux 8")

CPU model: Intel(R) Xeon(R) Gold 6248R CPU @ 3.00GHz, instruction set [SSE2|AVX|AVX2|AVX512]
Thread count: 48 physical cores, 48 logical processors, using up to 8 threads

Optimize a model with 258121 rows, 502401 columns and 1259970 nonzeros
Model fingerprint: 0xc7907eef
Model has 3166 quadratic objective terms
Coefficient statistics:
  Matrix range     [1e+00, 1e+03]
  Objective range  [5e-07, 7e+01]
  QObjective range [3e-01, 3e+03]
  Bounds range     [3e-04, 1e+00]
  RHS range        [6e-17, 6e+00]
Presolve removed 131482 rows and 128814 columns
Presolve time: 0.55s
Presolved: 126639 rows, 373587 columns, 743930 nonzeros
Presolved model has 3166 quadratic objective terms
Ordering time: 0.16s

Barrier statistics:
 AA' NZ     : 3.709e+05
 Factor NZ  : 4.212e+06 (roughly 240 MB of memory)
 Factor Ops : 3.974e+08 (less than 1 second per iteration)
 Threads    : 8

                  Objective                Residual
Iter       Primal          Dual         Primal    Dual     Compl     Time
   0  -1.08858984e+09  8.63519648e+08  7.80e+04 1.13e-13  1.00e+06     1s
   1  -6.35727304e+08  5.82241624e+08  1.87e+04 1.60e+02  2.62e+05     1s
   2  -3.24155004e+08  3.24098671e+08  2.36e+02 1.04e+00  4.64e+03     1s
   3  -7.58808412e+07  7.65393860e+07  1.95e+00 1.85e-12  3.30e+02     1s
   4  -1.46363886e+07  1.53249906e+07  1.70e-01 6.35e-12  6.19e+01     1s
   5  -2.69569142e+06  2.98245179e+06  1.33e-02 1.31e-12  1.15e+01     1s
   6  -3.92606302e+05  4.49318486e+05  1.33e-08 9.74e-13  1.69e+00     2s
   7  -5.87274081e+04  7.36725552e+04  1.42e-13 7.06e-13  2.66e-01     2s
   8  -8.85463155e+03  1.06079775e+04  7.23e-14 2.17e-13  3.92e-02     2s
   9  -1.41609636e+03  1.73861195e+03  2.38e-14 5.68e-14  6.35e-03     2s
  10  -2.31445622e+02  2.19533593e+02  7.69e-15 4.26e-14  9.07e-04     2s
  11  -5.13364909e+01  3.36768439e+01  3.24e-15 1.42e-14  1.71e-04     2s
  12  -8.55303624e+00  5.84524401e+00  1.18e-15 1.49e-14  2.90e-05     2s
  13  -1.06928974e+00  1.09698754e+00  3.44e-16 1.42e-14  4.36e-06     2s
  14  -2.21554501e-01  1.01310264e+00  2.94e-16 2.13e-14  2.48e-06     3s
  15   4.19179039e-01  7.13807581e-01  6.51e-17 1.42e-14  5.93e-07     3s
  16   5.42814685e-01  6.57389896e-01  5.20e-17 1.42e-14  2.31e-07     3s
  17   5.79686243e-01  6.43185922e-01  1.03e-16 1.42e-14  1.28e-07     3s
  18   6.07121389e-01  6.32887985e-01  5.73e-17 1.42e-14  5.18e-08     3s
  19   6.19517234e-01  6.28287995e-01  4.86e-17 1.42e-14  1.76e-08     3s
  20   6.24005099e-01  6.26701788e-01  4.02e-17 1.42e-14  5.43e-09     3s
  21   6.25093311e-01  6.26317659e-01  9.34e-17 1.42e-14  2.46e-09     3s
  22   6.25909092e-01  6.26030652e-01  1.47e-16 1.42e-14  2.45e-10     3s
  23   6.25989447e-01  6.26002381e-01  9.16e-17 2.84e-14  2.60e-11     3s
  24   6.25998871e-01  6.25999073e-01  1.39e-16 1.42e-14  4.06e-13     3s
  25   6.25999005e-01  6.25999026e-01  2.51e-15 1.42e-14  4.30e-14     3s
  26   6.25999015e-01  6.25999023e-01  5.26e-15 2.84e-14  1.48e-14     3s
  27   6.25999019e-01  6.25999021e-01  3.50e-15 1.42e-14  3.47e-15     4s
  28   6.25999020e-01  6.25999021e-01  3.35e-15 1.42e-14  8.92e-16     4s
  29   6.25999021e-01  6.25999021e-01  1.57e-15 1.42e-14  2.64e-16     4s
  30   6.25999021e-01  6.25999021e-01  1.30e-15 1.42e-14  1.62e-16     4s
  31   6.25999021e-01  6.25999021e-01  9.23e-16 1.42e-14  1.38e-16     4s
  32   6.25999021e-01  6.25999021e-01  5.93e-16 1.42e-14  8.49e-17     4s

Barrier solved model in 32 iterations and 4.03 seconds (3.76 work units)
Optimal objective 6.25999021e-01

objective value: 0.6259990207284859
Done! Time elapsed: 24.4576678276062 seconds.
g_0_1: 1.000003669570285
g_1_1: 1.0000023087381487
g_1_2: 1.0000065086202157
g_2_1: 1.0000042363294364
g_2_2: 1.0000119427818817
g_2_3: 1.0000042363294366
g_2_4: 1.0000119427818532
Parameters from last iteration: [0.17400064 0.70700163 0.17400113 0.707003   0.17400208 0.707003
 0.17400208]

Parameters from current iteration:
                [0.17400064 0.70700163 0.17400113 0.707003   0.17400208 0.707003
 0.17400208]


                Percentage Error = 3.190284340800819e-16
                
year done: 119
Time 120: 2
Optimization Iteration[1/20000]

Solving the optimization problem...
Set parameter TokenServer to value "licenses.rcc.uchicago.edu"
Read LP format model from file /scratch/local/jobs/50183984/tmpykjanbtf.pyomo.lp
Reading time = 1.35 seconds
x1: 258121 rows, 502401 columns, 1259970 nonzeros
Set parameter Threads to value 8
Set parameter BarConvTol to value 1e-12
Gurobi Optimizer version 11.0.0 build v11.0.0rc2 (linux64 - "CentOS Linux 8")

CPU model: Intel(R) Xeon(R) Gold 6248R CPU @ 3.00GHz, instruction set [SSE2|AVX|AVX2|AVX512]
Thread count: 48 physical cores, 48 logical processors, using up to 8 threads

Optimize a model with 258121 rows, 502401 columns and 1259970 nonzeros
Model fingerprint: 0x6442a05a
Model has 3166 quadratic objective terms
Coefficient statistics:
  Matrix range     [1e+00, 1e+03]
  Objective range  [5e-07, 7e+01]
  QObjective range [3e-01, 3e+03]
  Bounds range     [3e-04, 1e+00]
  RHS range        [6e-17, 6e+00]
Presolve removed 131482 rows and 128814 columns
Presolve time: 0.55s
Presolved: 126639 rows, 373587 columns, 743930 nonzeros
Presolved model has 3166 quadratic objective terms
Ordering time: 0.16s

Barrier statistics:
 AA' NZ     : 3.709e+05
 Factor NZ  : 4.212e+06 (roughly 240 MB of memory)
 Factor Ops : 3.974e+08 (less than 1 second per iteration)
 Threads    : 8

                  Objective                Residual
Iter       Primal          Dual         Primal    Dual     Compl     Time
   0  -1.08858984e+09  8.63519648e+08  7.80e+04 1.14e-13  1.00e+06     1s
   1  -6.35727304e+08  5.82241624e+08  1.87e+04 1.60e+02  2.62e+05     1s
   2  -3.24155004e+08  3.24098671e+08  2.36e+02 1.04e+00  4.64e+03     1s
   3  -7.58808412e+07  7.65393860e+07  1.95e+00 1.43e-12  3.30e+02     1s
   4  -1.46363886e+07  1.53249906e+07  1.70e-01 3.79e-12  6.19e+01     1s
   5  -2.69569142e+06  2.98245179e+06  1.33e-02 1.25e-12  1.15e+01     1s
   6  -3.92606303e+05  4.49318484e+05  1.33e-08 1.04e-12  1.69e+00     2s
   7  -5.87274096e+04  7.36725537e+04  1.44e-13 6.24e-13  2.66e-01     2s
   8  -8.85463306e+03  1.06079760e+04  5.74e-14 2.32e-13  3.92e-02     2s
   9  -1.41609786e+03  1.73861045e+03  2.85e-14 4.26e-14  6.35e-03     2s
  10  -2.31447128e+02  2.19532087e+02  6.10e-15 2.84e-14  9.07e-04     2s
  11  -5.13379972e+01  3.36753375e+01  4.52e-15 2.84e-14  1.71e-04     2s
  12  -8.55454254e+00  5.84373771e+00  1.12e-15 1.42e-14  2.90e-05     2s
  13  -1.07079605e+00  1.09548124e+00  4.26e-16 1.42e-14  4.36e-06     2s
  14  -2.23060803e-01  1.01159634e+00  3.69e-16 3.55e-14  2.48e-06     3s
  15   4.17672737e-01  7.12301279e-01  8.30e-17 1.42e-14  5.93e-07     3s
  16   5.41308383e-01  6.55883593e-01  8.65e-17 1.42e-14  2.31e-07     3s
  17   5.78179941e-01  6.41679619e-01  4.66e-17 1.78e-14  1.28e-07     3s
  18   6.05615087e-01  6.31381683e-01  4.81e-17 1.42e-14  5.18e-08     3s
  19   6.18010932e-01  6.26781693e-01  8.05e-17 1.60e-14  1.76e-08     3s
  20   6.22498796e-01  6.25195486e-01  8.33e-17 1.42e-14  5.43e-09     3s
  21   6.23587009e-01  6.24811357e-01  4.99e-17 1.42e-14  2.46e-09     3s
  22   6.24402789e-01  6.24524349e-01  4.47e-17 1.42e-14  2.45e-10     3s
  23   6.24483144e-01  6.24496079e-01  7.00e-17 1.42e-14  2.60e-11     3s
  24   6.24492569e-01  6.24492771e-01  1.65e-16 1.42e-14  4.06e-13     3s
  25   6.24492703e-01  6.24492724e-01  2.24e-15 1.42e-14  4.28e-14     3s
  26   6.24492713e-01  6.24492720e-01  4.07e-15 1.42e-14  1.47e-14     3s
  27   6.24492717e-01  6.24492719e-01  3.05e-15 1.42e-14  3.46e-15     4s
  28   6.24492718e-01  6.24492718e-01  2.99e-15 2.31e-14  8.87e-16     4s
  29   6.24492718e-01  6.24492718e-01  1.50e-15 1.42e-14  2.63e-16     4s
  30   6.24492718e-01  6.24492718e-01  9.42e-16 1.42e-14  1.61e-16     4s
  31   6.24492718e-01  6.24492718e-01  8.66e-16 1.42e-14  1.38e-16     4s
  32   6.24492718e-01  6.24492718e-01  5.74e-16 7.11e-15  9.93e-17     4s

Barrier solved model in 32 iterations and 4.00 seconds (3.76 work units)
Optimal objective 6.24492718e-01

objective value: 0.6244927183024817
Done! Time elapsed: 24.468934297561646 seconds.
g_0_1: 1.0000036695702859
g_1_1: 1.000002308738148
g_1_2: 1.0000065086202161
g_2_1: 1.000004236329436
g_2_2: 1.0000119427818868
g_2_3: 1.0000042363294364
g_2_4: 1.0000119427818535
Parameters from last iteration: [0.17400064 0.70700163 0.17400113 0.707003   0.17400208 0.707003
 0.17400208]

Parameters from current iteration:
                [0.17400064 0.70700163 0.17400113 0.707003   0.17400208 0.707003
 0.17400208]


                Percentage Error = 5.104412715549804e-15
                
year done: 120
Time 121: 2
Optimization Iteration[1/20000]

Solving the optimization problem...
Set parameter TokenServer to value "licenses.rcc.uchicago.edu"
Read LP format model from file /scratch/local/jobs/50183984/tmp84o6f0m5.pyomo.lp
Reading time = 1.34 seconds
x1: 258121 rows, 502401 columns, 1259970 nonzeros
Set parameter Threads to value 8
Set parameter BarConvTol to value 1e-12
Gurobi Optimizer version 11.0.0 build v11.0.0rc2 (linux64 - "CentOS Linux 8")

CPU model: Intel(R) Xeon(R) Gold 6248R CPU @ 3.00GHz, instruction set [SSE2|AVX|AVX2|AVX512]
Thread count: 48 physical cores, 48 logical processors, using up to 8 threads

Optimize a model with 258121 rows, 502401 columns and 1259970 nonzeros
Model fingerprint: 0x93c6843f
Model has 3166 quadratic objective terms
Coefficient statistics:
  Matrix range     [1e+00, 1e+03]
  Objective range  [5e-07, 7e+01]
  QObjective range [3e-01, 3e+03]
  Bounds range     [3e-04, 1e+00]
  RHS range        [6e-17, 6e+00]
Presolve removed 131482 rows and 128814 columns
Presolve time: 0.56s
Presolved: 126639 rows, 373587 columns, 743930 nonzeros
Presolved model has 3166 quadratic objective terms
Ordering time: 0.16s

Barrier statistics:
 AA' NZ     : 3.709e+05
 Factor NZ  : 4.212e+06 (roughly 240 MB of memory)
 Factor Ops : 3.974e+08 (less than 1 second per iteration)
 Threads    : 8

                  Objective                Residual
Iter       Primal          Dual         Primal    Dual     Compl     Time
   0  -1.08858984e+09  8.63519648e+08  7.80e+04 1.13e-13  1.00e+06     1s
   1  -6.35727304e+08  5.82241624e+08  1.87e+04 1.60e+02  2.62e+05     1s
   2  -3.24155004e+08  3.24098671e+08  2.36e+02 1.04e+00  4.64e+03     1s
   3  -7.58808412e+07  7.65393860e+07  1.95e+00 1.60e-12  3.30e+02     1s
   4  -1.46363886e+07  1.53249906e+07  1.70e-01 3.34e-12  6.19e+01     1s
   5  -2.69569143e+06  2.98245179e+06  1.33e-02 1.31e-12  1.15e+01     1s
   6  -3.92606305e+05  4.49318483e+05  1.33e-08 2.07e-12  1.69e+00     2s
   7  -5.87274111e+04  7.36725522e+04  1.40e-13 6.86e-13  2.66e-01     2s
   8  -8.85463450e+03  1.06079745e+04  5.76e-14 2.40e-13  3.92e-02     2s
   9  -1.41609930e+03  1.73860901e+03  2.29e-14 4.48e-14  6.35e-03     2s
  10  -2.31448567e+02  2.19530648e+02  7.95e-15 2.84e-14  9.07e-04     2s
  11  -5.13394357e+01  3.36738990e+01  4.16e-15 2.13e-14  1.71e-04     2s
  12  -8.55598105e+00  5.84229920e+00  9.91e-16 2.13e-14  2.90e-05     2s
  13  -1.07223455e+00  1.09404273e+00  3.30e-16 1.42e-14  4.36e-06     2s
  14  -2.24499311e-01  1.01015783e+00  3.26e-16 2.84e-14  2.48e-06     3s
  15   4.16234229e-01  7.10862771e-01  4.33e-17 1.42e-14  5.93e-07     3s
  16   5.39869875e-01  6.54445086e-01  5.51e-17 1.42e-14  2.31e-07     3s
  17   5.76741433e-01  6.40241112e-01  8.30e-17 1.42e-14  1.28e-07     3s
  18   6.04176579e-01  6.29943175e-01  1.15e-16 1.42e-14  5.18e-08     3s
  19   6.16572424e-01  6.25343185e-01  7.84e-17 2.84e-14  1.76e-08     3s
  20   6.21060289e-01  6.23756978e-01  6.92e-17 1.42e-14  5.43e-09     3s
  21   6.22148501e-01  6.23372849e-01  6.98e-17 1.42e-14  2.46e-09     3s
  22   6.22964282e-01  6.23085842e-01  5.97e-17 1.42e-14  2.45e-10     3s
  23   6.23044637e-01  6.23057571e-01  7.01e-17 1.42e-14  2.60e-11     3s
  24   6.23054061e-01  6.23054263e-01  1.48e-16 1.42e-14  4.06e-13     3s
  25   6.23054195e-01  6.23054216e-01  2.99e-15 1.42e-14  4.27e-14     3s
  26   6.23054205e-01  6.23054213e-01  4.34e-15 1.42e-14  1.47e-14     4s
  27   6.23054209e-01  6.23054211e-01  3.63e-15 1.42e-14  3.45e-15     4s
  28   6.23054210e-01  6.23054211e-01  3.03e-15 1.42e-14  8.84e-16     4s
  29   6.23054211e-01  6.23054211e-01  1.68e-15 1.42e-14  2.62e-16     4s
  30   6.23054211e-01  6.23054211e-01  1.08e-15 1.42e-14  1.60e-16     4s
  31   6.23054211e-01  6.23054211e-01  7.95e-16 1.42e-14  1.37e-16     4s
  32   6.23054211e-01  6.23054211e-01  5.60e-16 1.42e-14  8.44e-17     4s

Barrier solved model in 32 iterations and 4.04 seconds (3.76 work units)
Optimal objective 6.23054211e-01

objective value: 0.6230542106638883
Done! Time elapsed: 24.58920121192932 seconds.
g_0_1: 1.0000036695702852
g_1_1: 1.0000023087381484
g_1_2: 1.0000065086202155
g_2_1: 1.0000042363294364
g_2_2: 1.0000119427818812
g_2_3: 1.0000042363294368
g_2_4: 1.0000119427818532
Parameters from last iteration: [0.17400064 0.70700163 0.17400113 0.707003   0.17400208 0.707003
 0.17400208]

Parameters from current iteration:
                [0.17400064 0.70700163 0.17400113 0.707003   0.17400208 0.707003
 0.17400208]


                Percentage Error = 5.5829514076325695e-15
                
year done: 121
Time 122: 2
Optimization Iteration[1/20000]

Solving the optimization problem...
Set parameter TokenServer to value "licenses.rcc.uchicago.edu"
Read LP format model from file /scratch/local/jobs/50183984/tmp124nfiar.pyomo.lp
Reading time = 1.33 seconds
x1: 258121 rows, 502401 columns, 1259970 nonzeros
Set parameter Threads to value 8
Set parameter BarConvTol to value 1e-12
Gurobi Optimizer version 11.0.0 build v11.0.0rc2 (linux64 - "CentOS Linux 8")

CPU model: Intel(R) Xeon(R) Gold 6248R CPU @ 3.00GHz, instruction set [SSE2|AVX|AVX2|AVX512]
Thread count: 48 physical cores, 48 logical processors, using up to 8 threads

Optimize a model with 258121 rows, 502401 columns and 1259970 nonzeros
Model fingerprint: 0x603bbb99
Model has 3166 quadratic objective terms
Coefficient statistics:
  Matrix range     [1e+00, 1e+03]
  Objective range  [5e-07, 7e+01]
  QObjective range [3e-01, 3e+03]
  Bounds range     [3e-04, 1e+00]
  RHS range        [6e-17, 6e+00]
Presolve removed 131482 rows and 128814 columns
Presolve time: 0.54s
Presolved: 126639 rows, 373587 columns, 743930 nonzeros
Presolved model has 3166 quadratic objective terms
Ordering time: 0.16s

Barrier statistics:
 AA' NZ     : 3.709e+05
 Factor NZ  : 4.212e+06 (roughly 240 MB of memory)
 Factor Ops : 3.974e+08 (less than 1 second per iteration)
 Threads    : 8

                  Objective                Residual
Iter       Primal          Dual         Primal    Dual     Compl     Time
   0  -1.08858984e+09  8.63519648e+08  7.80e+04 1.13e-13  1.00e+06     1s
   1  -6.35727304e+08  5.82241624e+08  1.87e+04 1.60e+02  2.62e+05     1s
   2  -3.24155004e+08  3.24098671e+08  2.36e+02 1.04e+00  4.64e+03     1s
   3  -7.58808412e+07  7.65393860e+07  1.95e+00 2.27e-12  3.30e+02     1s
   4  -1.46363886e+07  1.53249906e+07  1.70e-01 5.51e-12  6.19e+01     1s
   5  -2.69569143e+06  2.98245179e+06  1.33e-02 1.21e-12  1.15e+01     1s
   6  -3.92606306e+05  4.49318481e+05  1.33e-08 9.79e-13  1.69e+00     2s
   7  -5.87274124e+04  7.36725509e+04  1.17e-13 7.28e-13  2.66e-01     2s
   8  -8.85463587e+03  1.06079731e+04  6.61e-14 2.47e-13  3.92e-02     2s
   9  -1.41610067e+03  1.73860763e+03  2.38e-14 4.26e-14  6.35e-03     2s
  10  -2.31449940e+02  2.19529274e+02  6.29e-15 2.84e-14  9.07e-04     2s
  11  -5.13408095e+01  3.36725253e+01  4.58e-15 1.42e-14  1.71e-04     2s
  12  -8.55735481e+00  5.84092544e+00  1.19e-15 1.42e-14  2.90e-05     2s
  13  -1.07360832e+00  1.09266897e+00  4.22e-16 1.42e-14  4.36e-06     2s
  14  -2.25873075e-01  1.00878407e+00  2.64e-16 2.84e-14  2.48e-06     3s
  15   4.14860465e-01  7.09489007e-01  6.54e-17 2.84e-14  5.93e-07     3s
  16   5.38496111e-01  6.53071321e-01  6.61e-17 1.42e-14  2.31e-07     3s
  17   5.75367669e-01  6.38867348e-01  9.02e-17 1.42e-14  1.28e-07     3s
  18   6.02802815e-01  6.28569411e-01  1.45e-16 1.42e-14  5.18e-08     3s
  19   6.15198660e-01  6.23969421e-01  3.91e-17 1.42e-14  1.76e-08     3s
  20   6.19686525e-01  6.22383214e-01  6.18e-17 1.42e-14  5.43e-09     3s
  21   6.20774737e-01  6.21999085e-01  6.91e-17 2.84e-14  2.46e-09     3s
  22   6.21590517e-01  6.21712078e-01  6.17e-17 1.42e-14  2.45e-10     3s
  23   6.21670873e-01  6.21683807e-01  7.39e-17 2.84e-14  2.60e-11     3s
  24   6.21680297e-01  6.21680499e-01  1.86e-16 1.42e-14  4.06e-13     3s
  25   6.21680431e-01  6.21680452e-01  2.64e-15 1.42e-14  4.25e-14     3s
  26   6.21680441e-01  6.21680448e-01  4.67e-15 2.13e-14  1.46e-14     4s
  27   6.21680445e-01  6.21680447e-01  2.79e-15 1.42e-14  3.44e-15     4s
  28   6.21680446e-01  6.21680447e-01  3.25e-15 1.42e-14  8.81e-16     4s
  29   6.21680446e-01  6.21680447e-01  1.94e-15 1.42e-14  2.61e-16     4s
  30   6.21680447e-01  6.21680447e-01  1.22e-15 1.42e-14  1.60e-16     4s
  31   6.21680447e-01  6.21680447e-01  9.34e-16 1.42e-14  1.37e-16     4s
  32   6.21680447e-01  6.21680447e-01  6.89e-16 1.42e-14  8.42e-17     4s

Barrier solved model in 32 iterations and 4.03 seconds (3.76 work units)
Optimal objective 6.21680447e-01

objective value: 0.6216804465289619
Done! Time elapsed: 25.96342134475708 seconds.
g_0_1: 1.0000036695702852
g_1_1: 1.0000023087381484
g_1_2: 1.0000065086202157
g_2_1: 1.0000042363294364
g_2_2: 1.0000119427818812
g_2_3: 1.0000042363294366
g_2_4: 1.0000119427818532
Parameters from last iteration: [0.17400064 0.70700163 0.17400113 0.707003   0.17400208 0.707003
 0.17400208]

Parameters from current iteration:
                [0.17400064 0.70700163 0.17400113 0.707003   0.17400208 0.707003
 0.17400208]


                Percentage Error = 3.1902752834832345e-16
                
year done: 122
Time 123: 2
Optimization Iteration[1/20000]

Solving the optimization problem...
Set parameter TokenServer to value "licenses.rcc.uchicago.edu"
Read LP format model from file /scratch/local/jobs/50183984/tmpai8aazwa.pyomo.lp
Reading time = 1.33 seconds
x1: 258121 rows, 502401 columns, 1259970 nonzeros
Set parameter Threads to value 8
Set parameter BarConvTol to value 1e-12
Gurobi Optimizer version 11.0.0 build v11.0.0rc2 (linux64 - "CentOS Linux 8")

CPU model: Intel(R) Xeon(R) Gold 6248R CPU @ 3.00GHz, instruction set [SSE2|AVX|AVX2|AVX512]
Thread count: 48 physical cores, 48 logical processors, using up to 8 threads

Optimize a model with 258121 rows, 502401 columns and 1259970 nonzeros
Model fingerprint: 0xa2cc5b06
Model has 3166 quadratic objective terms
Coefficient statistics:
  Matrix range     [1e+00, 1e+03]
  Objective range  [5e-07, 7e+01]
  QObjective range [3e-01, 3e+03]
  Bounds range     [3e-04, 1e+00]
  RHS range        [6e-17, 6e+00]
Presolve removed 131482 rows and 128814 columns
Presolve time: 0.54s
Presolved: 126639 rows, 373587 columns, 743930 nonzeros
Presolved model has 3166 quadratic objective terms
Ordering time: 0.16s

Barrier statistics:
 AA' NZ     : 3.709e+05
 Factor NZ  : 4.212e+06 (roughly 240 MB of memory)
 Factor Ops : 3.974e+08 (less than 1 second per iteration)
 Threads    : 8

                  Objective                Residual
Iter       Primal          Dual         Primal    Dual     Compl     Time
   0  -1.08858984e+09  8.63519648e+08  7.80e+04 1.13e-13  1.00e+06     1s
   1  -6.35727304e+08  5.82241624e+08  1.87e+04 1.60e+02  2.62e+05     1s
   2  -3.24155004e+08  3.24098671e+08  2.36e+02 1.04e+00  4.64e+03     1s
   3  -7.58808412e+07  7.65393860e+07  1.95e+00 1.53e-12  3.30e+02     1s
   4  -1.46363886e+07  1.53249906e+07  1.70e-01 3.40e-12  6.19e+01     1s
   5  -2.69569143e+06  2.98245179e+06  1.33e-02 1.43e-12  1.15e+01     1s
   6  -3.92606307e+05  4.49318480e+05  1.33e-08 1.92e-12  1.69e+00     2s
   7  -5.87274137e+04  7.36725496e+04  1.47e-13 6.52e-13  2.66e-01     2s
   8  -8.85463718e+03  1.06079718e+04  5.62e-14 2.36e-13  3.92e-02     2s
   9  -1.41610199e+03  1.73860632e+03  2.37e-14 4.26e-14  6.35e-03     2s
  10  -2.31451252e+02  2.19527962e+02  7.33e-15 2.84e-14  9.07e-04     2s
  11  -5.13421214e+01  3.36712133e+01  3.84e-15 1.42e-14  1.71e-04     2s
  12  -8.55866675e+00  5.83961350e+00  1.52e-15 1.42e-14  2.90e-05     2s
  13  -1.07492025e+00  1.09135704e+00  3.29e-16 1.42e-14  4.36e-06     2s
  14  -2.27185010e-01  1.00747213e+00  3.02e-16 2.84e-14  2.48e-06     3s
  15   4.13548530e-01  7.08177072e-01  7.07e-17 1.42e-14  5.93e-07     3s
  16   5.37184177e-01  6.51759387e-01  6.40e-17 2.13e-14  2.31e-07     3s
  17   5.74055735e-01  6.37555413e-01  6.89e-17 2.84e-14  1.28e-07     3s
  18   6.01490880e-01  6.27257477e-01  1.25e-16 1.51e-14  5.18e-08     3s
  19   6.13886726e-01  6.22657486e-01  6.01e-17 2.13e-14  1.76e-08     3s
  20   6.18374590e-01  6.21071280e-01  8.40e-17 1.42e-14  5.43e-09     3s
  21   6.19462802e-01  6.20687150e-01  5.94e-17 1.42e-14  2.46e-09     3s
  22   6.20278583e-01  6.20400143e-01  1.69e-16 1.42e-14  2.45e-10     3s
  23   6.20358938e-01  6.20371872e-01  1.53e-16 1.42e-14  2.60e-11     3s
  24   6.20368363e-01  6.20368565e-01  1.60e-16 1.42e-14  4.06e-13     3s
  25   6.20368496e-01  6.20368517e-01  2.51e-15 1.42e-14  4.23e-14     3s
  26   6.20368507e-01  6.20368514e-01  4.29e-15 1.42e-14  1.46e-14     3s
  27   6.20368511e-01  6.20368512e-01  4.24e-15 1.42e-14  3.43e-15     4s
  28   6.20368512e-01  6.20368512e-01  3.68e-15 1.42e-14  8.78e-16     4s
  29   6.20368512e-01  6.20368512e-01  1.41e-15 1.42e-14  2.60e-16     4s
  30   6.20368512e-01  6.20368512e-01  1.02e-15 1.42e-14  1.59e-16     4s
  31   6.20368512e-01  6.20368512e-01  7.87e-16 1.42e-14  1.36e-16     4s
  32   6.20368512e-01  6.20368512e-01  5.86e-16 1.42e-14  8.40e-17     4s

Barrier solved model in 32 iterations and 4.00 seconds (3.76 work units)
Optimal objective 6.20368512e-01

objective value: 0.6203685119651793
Done! Time elapsed: 24.38759207725525 seconds.
g_0_1: 1.000003669570285
g_1_1: 1.0000023087381487
g_1_2: 1.0000065086202157
g_2_1: 1.0000042363294364
g_2_2: 1.0000119427818812
g_2_3: 1.0000042363294366
g_2_4: 1.0000119427818532
Parameters from last iteration: [0.17400064 0.70700163 0.17400113 0.707003   0.17400208 0.707003
 0.17400208]

Parameters from current iteration:
                [0.17400064 0.70700163 0.17400113 0.707003   0.17400208 0.707003
 0.17400208]


                Percentage Error = 3.190284340800819e-16
                
year done: 123
Time 124: 2
Optimization Iteration[1/20000]

Solving the optimization problem...
Set parameter TokenServer to value "licenses.rcc.uchicago.edu"
Read LP format model from file /scratch/local/jobs/50183984/tmpudejeaun.pyomo.lp
Reading time = 1.33 seconds
x1: 258121 rows, 502401 columns, 1259970 nonzeros
Set parameter Threads to value 8
Set parameter BarConvTol to value 1e-12
Gurobi Optimizer version 11.0.0 build v11.0.0rc2 (linux64 - "CentOS Linux 8")

CPU model: Intel(R) Xeon(R) Gold 6248R CPU @ 3.00GHz, instruction set [SSE2|AVX|AVX2|AVX512]
Thread count: 48 physical cores, 48 logical processors, using up to 8 threads

Optimize a model with 258121 rows, 502401 columns and 1259970 nonzeros
Model fingerprint: 0x7c4eb852
Model has 3166 quadratic objective terms
Coefficient statistics:
  Matrix range     [1e+00, 1e+03]
  Objective range  [5e-07, 7e+01]
  QObjective range [3e-01, 3e+03]
  Bounds range     [3e-04, 1e+00]
  RHS range        [6e-17, 6e+00]
Presolve removed 131482 rows and 128814 columns
Presolve time: 0.54s
Presolved: 126639 rows, 373587 columns, 743930 nonzeros
Presolved model has 3166 quadratic objective terms
Ordering time: 0.16s

Barrier statistics:
 AA' NZ     : 3.709e+05
 Factor NZ  : 4.212e+06 (roughly 240 MB of memory)
 Factor Ops : 3.974e+08 (less than 1 second per iteration)
 Threads    : 8

                  Objective                Residual
Iter       Primal          Dual         Primal    Dual     Compl     Time
   0  -1.08858984e+09  8.63519648e+08  7.80e+04 1.14e-13  1.00e+06     1s
   1  -6.35727304e+08  5.82241624e+08  1.87e+04 1.60e+02  2.62e+05     1s
   2  -3.24155004e+08  3.24098671e+08  2.36e+02 1.04e+00  4.64e+03     1s
   3  -7.58808412e+07  7.65393860e+07  1.95e+00 1.48e-12  3.30e+02     1s
   4  -1.46363886e+07  1.53249906e+07  1.70e-01 4.99e-12  6.19e+01     1s
   5  -2.69569143e+06  2.98245178e+06  1.33e-02 1.22e-12  1.15e+01     1s
   6  -3.92606309e+05  4.49318479e+05  1.33e-08 1.84e-12  1.69e+00     2s
   7  -5.87274150e+04  7.36725483e+04  1.26e-13 7.28e-13  2.66e-01     2s
   8  -8.85463843e+03  1.06079706e+04  6.50e-14 2.37e-13  3.92e-02     2s
   9  -1.41610324e+03  1.73860507e+03  2.22e-14 5.68e-14  6.35e-03     2s
  10  -2.31452505e+02  2.19526710e+02  7.02e-15 2.84e-14  9.07e-04     2s
  11  -5.13433743e+01  3.36699605e+01  4.89e-15 2.18e-14  1.71e-04     2s
  12  -8.55991963e+00  5.83836061e+00  1.13e-15 1.42e-14  2.90e-05     2s
  13  -1.07617314e+00  1.09010415e+00  4.34e-16 1.42e-14  4.36e-06     2s
  14  -2.28437897e-01  1.00621924e+00  2.16e-16 4.26e-14  2.48e-06     3s
  15   4.12295643e-01  7.06924185e-01  5.55e-17 1.42e-14  5.93e-07     3s
  16   5.35931289e-01  6.50506499e-01  9.91e-17 1.42e-14  2.31e-07     3s
  17   5.72802847e-01  6.36302525e-01  8.01e-17 1.42e-14  1.28e-07     3s
  18   6.00237993e-01  6.26004589e-01  4.60e-17 1.95e-14  5.18e-08     3s
  19   6.12633838e-01  6.21404598e-01  1.12e-16 2.84e-14  1.76e-08     3s
  20   6.17121702e-01  6.19818392e-01  6.24e-17 1.42e-14  5.43e-09     3s
  21   6.18209914e-01  6.19434262e-01  1.11e-16 1.42e-14  2.46e-09     3s
  22   6.19025695e-01  6.19147255e-01  1.34e-16 2.84e-14  2.45e-10     3s
  23   6.19106050e-01  6.19118984e-01  7.12e-17 1.42e-14  2.60e-11     3s
  24   6.19115475e-01  6.19115677e-01  2.10e-16 2.84e-14  4.06e-13     3s
  25   6.19115609e-01  6.19115630e-01  2.38e-15 1.42e-14  4.22e-14     3s
  26   6.19115619e-01  6.19115626e-01  4.01e-15 1.42e-14  1.46e-14     3s
  27   6.19115623e-01  6.19115625e-01  3.74e-15 1.42e-14  3.42e-15     4s
  28   6.19115624e-01  6.19115624e-01  4.45e-15 2.13e-14  8.75e-16     4s
  29   6.19115624e-01  6.19115624e-01  2.19e-15 1.42e-14  2.59e-16     4s
  30   6.19115624e-01  6.19115624e-01  1.01e-15 1.42e-14  1.58e-16     4s
  31   6.19115624e-01  6.19115624e-01  7.84e-16 1.42e-14  1.36e-16     4s
  32   6.19115624e-01  6.19115624e-01  5.33e-16 1.42e-14  8.38e-17     4s

Barrier solved model in 32 iterations and 4.01 seconds (3.76 work units)
Optimal objective 6.19115624e-01

objective value: 0.6191156241834654
Done! Time elapsed: 24.361536979675293 seconds.
g_0_1: 1.0000036695702852
g_1_1: 1.0000023087381484
g_1_2: 1.0000065086202157
g_2_1: 1.0000042363294364
g_2_2: 1.000011942781881
g_2_3: 1.0000042363294366
g_2_4: 1.0000119427818532
Parameters from last iteration: [0.17400064 0.70700163 0.17400113 0.707003   0.17400208 0.707003
 0.17400208]

Parameters from current iteration:
                [0.17400064 0.70700163 0.17400113 0.707003   0.17400208 0.707003
 0.17400208]


                Percentage Error = 3.19028434080082e-16
                
year done: 124
Time 125: 2
Optimization Iteration[1/20000]

Solving the optimization problem...
Set parameter TokenServer to value "licenses.rcc.uchicago.edu"
Read LP format model from file /scratch/local/jobs/50183984/tmpxigsz015.pyomo.lp
Reading time = 1.33 seconds
x1: 258121 rows, 502401 columns, 1259970 nonzeros
Set parameter Threads to value 8
Set parameter BarConvTol to value 1e-12
Gurobi Optimizer version 11.0.0 build v11.0.0rc2 (linux64 - "CentOS Linux 8")

CPU model: Intel(R) Xeon(R) Gold 6248R CPU @ 3.00GHz, instruction set [SSE2|AVX|AVX2|AVX512]
Thread count: 48 physical cores, 48 logical processors, using up to 8 threads

Optimize a model with 258121 rows, 502401 columns and 1259970 nonzeros
Model fingerprint: 0x0f92b92a
Model has 3166 quadratic objective terms
Coefficient statistics:
  Matrix range     [1e+00, 1e+03]
  Objective range  [5e-07, 7e+01]
  QObjective range [3e-01, 3e+03]
  Bounds range     [3e-04, 1e+00]
  RHS range        [6e-17, 6e+00]
Presolve removed 131482 rows and 128814 columns
Presolve time: 0.54s
Presolved: 126639 rows, 373587 columns, 743930 nonzeros
Presolved model has 3166 quadratic objective terms
Ordering time: 0.16s

Barrier statistics:
 AA' NZ     : 3.709e+05
 Factor NZ  : 4.212e+06 (roughly 240 MB of memory)
 Factor Ops : 3.974e+08 (less than 1 second per iteration)
 Threads    : 8

                  Objective                Residual
Iter       Primal          Dual         Primal    Dual     Compl     Time
   0  -1.08858984e+09  8.63519648e+08  7.80e+04 1.13e-13  1.00e+06     1s
   1  -6.35727304e+08  5.82241624e+08  1.87e+04 1.60e+02  2.62e+05     1s
   2  -3.24155004e+08  3.24098671e+08  2.36e+02 1.04e+00  4.64e+03     1s
   3  -7.58808412e+07  7.65393860e+07  1.95e+00 1.68e-12  3.30e+02     1s
   4  -1.46363886e+07  1.53249906e+07  1.70e-01 3.30e-12  6.19e+01     1s
   5  -2.69569143e+06  2.98245178e+06  1.33e-02 1.24e-12  1.15e+01     1s
   6  -3.92606310e+05  4.49318478e+05  1.33e-08 9.38e-13  1.69e+00     2s
   7  -5.87274162e+04  7.36725471e+04  1.62e-13 6.19e-13  2.66e-01     2s
   8  -8.85463963e+03  1.06079694e+04  6.62e-14 2.26e-13  3.92e-02     2s
   9  -1.41610444e+03  1.73860387e+03  2.49e-14 3.55e-14  6.35e-03     2s
  10  -2.31453702e+02  2.19525513e+02  6.35e-15 2.84e-14  9.07e-04     2s
  11  -5.13445708e+01  3.36687640e+01  4.70e-15 1.42e-14  1.71e-04     2s
  12  -8.56111613e+00  5.83716411e+00  1.21e-15 2.84e-14  2.90e-05     2s
  13  -1.07736964e+00  1.08890765e+00  4.14e-16 1.42e-14  4.36e-06     2s
  14  -2.29634396e-01  1.00502275e+00  2.92e-16 2.84e-14  2.48e-06     3s
  15   4.11099144e-01  7.05727686e-01  6.01e-17 2.84e-14  5.93e-07     3s
  16   5.34734790e-01  6.49310001e-01  8.15e-17 2.13e-14  2.31e-07     3s
  17   5.71606348e-01  6.35106027e-01  1.46e-16 1.42e-14  1.28e-07     3s
  18   5.99041494e-01  6.24808090e-01  9.65e-17 2.84e-14  5.18e-08     3s
  19   6.11437339e-01  6.20208100e-01  4.83e-17 1.42e-14  1.76e-08     3s
  20   6.15925204e-01  6.18621893e-01  6.51e-17 1.42e-14  5.43e-09     3s
  21   6.17013416e-01  6.18237764e-01  3.26e-17 1.42e-14  2.46e-09     3s
  22   6.17829197e-01  6.17950757e-01  8.68e-17 1.42e-14  2.45e-10     3s
  23   6.17909552e-01  6.17922486e-01  6.10e-17 1.42e-14  2.60e-11     3s
  24   6.17918976e-01  6.17919178e-01  1.51e-16 1.42e-14  4.06e-13     3s
  25   6.17919110e-01  6.17919131e-01  2.53e-15 1.60e-14  4.20e-14     3s
  26   6.17919120e-01  6.17919128e-01  4.51e-15 1.42e-14  1.45e-14     3s
  27   6.17919124e-01  6.17919126e-01  3.42e-15 1.42e-14  3.41e-15     4s
  28   6.17919125e-01  6.17919126e-01  3.51e-15 1.42e-14  8.72e-16     4s
  29   6.17919126e-01  6.17919126e-01  1.43e-15 1.42e-14  2.58e-16     4s
  30   6.17919126e-01  6.17919126e-01  1.03e-15 1.42e-14  1.58e-16     4s
  31   6.17919126e-01  6.17919126e-01  8.43e-16 1.42e-14  1.35e-16     4s
  32   6.17919126e-01  6.17919126e-01  6.65e-16 1.42e-14  8.35e-17     4s

Barrier solved model in 32 iterations and 3.99 seconds (3.76 work units)
Optimal objective 6.17919126e-01

objective value: 0.617919125640847
Done! Time elapsed: 24.276421785354614 seconds.
g_0_1: 1.000003669570285
g_1_1: 1.0000023087381487
g_1_2: 1.0000065086202155
g_2_1: 1.0000042363294364
g_2_2: 1.000011942781881
g_2_3: 1.0000042363294368
g_2_4: 1.0000119427818532
Parameters from last iteration: [0.17400064 0.70700163 0.17400113 0.707003   0.17400208 0.707003
 0.17400208]

Parameters from current iteration:
                [0.17400064 0.70700163 0.17400113 0.707003   0.17400208 0.707003
 0.17400208]


                Percentage Error = 3.190284340800819e-16
                
year done: 125
Time 126: 2
Optimization Iteration[1/20000]

Solving the optimization problem...
Set parameter TokenServer to value "licenses.rcc.uchicago.edu"
Read LP format model from file /scratch/local/jobs/50183984/tmpcly55psp.pyomo.lp
Reading time = 1.33 seconds
x1: 258121 rows, 502401 columns, 1259970 nonzeros
Set parameter Threads to value 8
Set parameter BarConvTol to value 1e-12
Gurobi Optimizer version 11.0.0 build v11.0.0rc2 (linux64 - "CentOS Linux 8")

CPU model: Intel(R) Xeon(R) Gold 6248R CPU @ 3.00GHz, instruction set [SSE2|AVX|AVX2|AVX512]
Thread count: 48 physical cores, 48 logical processors, using up to 8 threads

Optimize a model with 258121 rows, 502401 columns and 1259970 nonzeros
Model fingerprint: 0x8fc154ed
Model has 3166 quadratic objective terms
Coefficient statistics:
  Matrix range     [1e+00, 1e+03]
  Objective range  [5e-07, 7e+01]
  QObjective range [3e-01, 3e+03]
  Bounds range     [3e-04, 1e+00]
  RHS range        [6e-17, 6e+00]
Presolve removed 131482 rows and 128814 columns
Presolve time: 0.54s
Presolved: 126639 rows, 373587 columns, 743930 nonzeros
Presolved model has 3166 quadratic objective terms
Ordering time: 0.16s

Barrier statistics:
 AA' NZ     : 3.709e+05
 Factor NZ  : 4.212e+06 (roughly 240 MB of memory)
 Factor Ops : 3.974e+08 (less than 1 second per iteration)
 Threads    : 8

                  Objective                Residual
Iter       Primal          Dual         Primal    Dual     Compl     Time
   0  -1.08858984e+09  8.63519648e+08  7.80e+04 1.14e-13  1.00e+06     1s
   1  -6.35727304e+08  5.82241624e+08  1.87e+04 1.60e+02  2.62e+05     1s
   2  -3.24155004e+08  3.24098671e+08  2.36e+02 1.04e+00  4.64e+03     1s
   3  -7.58808412e+07  7.65393860e+07  1.95e+00 1.91e-12  3.30e+02     1s
   4  -1.46363886e+07  1.53249906e+07  1.70e-01 4.23e-12  6.19e+01     1s
   5  -2.69569143e+06  2.98245178e+06  1.33e-02 1.36e-12  1.15e+01     1s
   6  -3.92606311e+05  4.49318476e+05  1.33e-08 9.43e-13  1.69e+00     2s
   7  -5.87274173e+04  7.36725460e+04  1.32e-13 6.25e-13  2.66e-01     2s
   8  -8.85464077e+03  1.06079682e+04  6.45e-14 2.50e-13  3.92e-02     2s
   9  -1.41610558e+03  1.73860273e+03  2.14e-14 5.68e-14  6.35e-03     2s
  10  -2.31454844e+02  2.19524370e+02  5.30e-15 2.84e-14  9.07e-04     2s
  11  -5.13457135e+01  3.36676213e+01  3.75e-15 2.84e-14  1.71e-04     2s
  12  -8.56225878e+00  5.83602147e+00  1.21e-15 1.42e-14  2.90e-05     2s
  13  -1.07851229e+00  1.08776500e+00  4.03e-16 2.84e-14  4.36e-06     2s
  14  -2.30777043e-01  1.00388010e+00  3.30e-16 2.84e-14  2.48e-06     3s
  15   4.09956497e-01  7.04585039e-01  5.10e-17 2.84e-14  5.93e-07     3s
  16   5.33592143e-01  6.48167353e-01  6.17e-17 1.42e-14  2.31e-07     3s
  17   5.70463701e-01  6.33963379e-01  1.34e-16 1.42e-14  1.28e-07     3s
  18   5.97898847e-01  6.23665443e-01  1.76e-16 1.42e-14  5.18e-08     3s
  19   6.10294692e-01  6.19065453e-01  5.66e-17 2.84e-14  1.76e-08     3s
  20   6.14782556e-01  6.17479246e-01  7.27e-17 1.42e-14  5.43e-09     3s
  21   6.15870769e-01  6.17095117e-01  4.81e-17 2.13e-14  2.46e-09     3s
  22   6.16686549e-01  6.16808110e-01  5.94e-17 1.42e-14  2.45e-10     3s
  23   6.16766904e-01  6.16779839e-01  6.87e-17 2.84e-14  2.60e-11     3s
  24   6.16776329e-01  6.16776531e-01  1.75e-16 2.13e-14  4.06e-13     3s
  25   6.16776463e-01  6.16776484e-01  2.98e-15 2.84e-14  4.18e-14     3s
  26   6.16776473e-01  6.16776480e-01  4.27e-15 1.42e-14  1.45e-14     3s
  27   6.16776477e-01  6.16776479e-01  3.47e-15 1.42e-14  3.40e-15     4s
  28   6.16776478e-01  6.16776479e-01  3.72e-15 1.42e-14  8.69e-16     4s
  29   6.16776478e-01  6.16776478e-01  1.87e-15 1.42e-14  2.57e-16     4s
  30   6.16776478e-01  6.16776478e-01  1.09e-15 1.42e-14  1.57e-16     4s
  31   6.16776478e-01  6.16776478e-01  9.67e-16 1.42e-14  1.35e-16     4s
  32   6.16776478e-01  6.16776478e-01  6.02e-16 1.42e-14  8.33e-17     4s

Barrier solved model in 32 iterations and 4.00 seconds (3.76 work units)
Optimal objective 6.16776478e-01

objective value: 0.6167764784034819
Done! Time elapsed: 25.75241780281067 seconds.
g_0_1: 1.0000036695702847
g_1_1: 1.0000023087381487
g_1_2: 1.0000065086202157
g_2_1: 1.0000042363294364
g_2_2: 1.000011942781881
g_2_3: 1.0000042363294366
g_2_4: 1.0000119427818532
Parameters from last iteration: [0.17400064 0.70700163 0.17400113 0.707003   0.17400208 0.707003
 0.17400208]

Parameters from current iteration:
                [0.17400064 0.70700163 0.17400113 0.707003   0.17400208 0.707003
 0.17400208]


                Percentage Error = 3.1902752834832345e-16
                
year done: 126
Time 127: 2
Optimization Iteration[1/20000]

Solving the optimization problem...
Set parameter TokenServer to value "licenses.rcc.uchicago.edu"
Read LP format model from file /scratch/local/jobs/50183984/tmpjug4d_xr.pyomo.lp
Reading time = 1.35 seconds
x1: 258121 rows, 502401 columns, 1259970 nonzeros
Set parameter Threads to value 8
Set parameter BarConvTol to value 1e-12
Gurobi Optimizer version 11.0.0 build v11.0.0rc2 (linux64 - "CentOS Linux 8")

CPU model: Intel(R) Xeon(R) Gold 6248R CPU @ 3.00GHz, instruction set [SSE2|AVX|AVX2|AVX512]
Thread count: 48 physical cores, 48 logical processors, using up to 8 threads

Optimize a model with 258121 rows, 502401 columns and 1259970 nonzeros
Model fingerprint: 0xd1885e5f
Model has 3166 quadratic objective terms
Coefficient statistics:
  Matrix range     [1e+00, 1e+03]
  Objective range  [5e-07, 7e+01]
  QObjective range [3e-01, 3e+03]
  Bounds range     [3e-04, 1e+00]
  RHS range        [6e-17, 6e+00]
Presolve removed 131482 rows and 128814 columns
Presolve time: 0.54s
Presolved: 126639 rows, 373587 columns, 743930 nonzeros
Presolved model has 3166 quadratic objective terms
Ordering time: 0.16s

Barrier statistics:
 AA' NZ     : 3.709e+05
 Factor NZ  : 4.212e+06 (roughly 240 MB of memory)
 Factor Ops : 3.974e+08 (less than 1 second per iteration)
 Threads    : 8

                  Objective                Residual
Iter       Primal          Dual         Primal    Dual     Compl     Time
   0  -1.08858984e+09  8.63519648e+08  7.80e+04 1.14e-13  1.00e+06     1s
   1  -6.35727304e+08  5.82241624e+08  1.87e+04 1.60e+02  2.62e+05     1s
   2  -3.24155004e+08  3.24098671e+08  2.36e+02 1.04e+00  4.64e+03     1s
   3  -7.58808412e+07  7.65393860e+07  1.95e+00 1.58e-12  3.30e+02     1s
   4  -1.46363886e+07  1.53249906e+07  1.70e-01 4.83e-12  6.19e+01     1s
   5  -2.69569143e+06  2.98245178e+06  1.33e-02 1.09e-12  1.15e+01     1s
   6  -3.92606312e+05  4.49318475e+05  1.33e-08 1.16e-12  1.69e+00     2s
   7  -5.87274184e+04  7.36725449e+04  1.61e-13 5.94e-13  2.66e-01     2s
   8  -8.85464186e+03  1.06079671e+04  5.34e-14 3.12e-13  3.92e-02     2s
   9  -1.41610667e+03  1.73860164e+03  2.55e-14 3.70e-14  6.35e-03     2s
  10  -2.31455936e+02  2.19523279e+02  8.91e-15 2.49e-14  9.07e-04     2s
  11  -5.13468047e+01  3.36665301e+01  3.57e-15 2.84e-14  1.71e-04     2s
  12  -8.56335000e+00  5.83493025e+00  1.21e-15 1.42e-14  2.90e-05     2s
  13  -1.07960351e+00  1.08667378e+00  3.26e-16 2.84e-14  4.36e-06     2s
  14  -2.31868263e-01  1.00278888e+00  2.99e-16 2.84e-14  2.48e-06     2s
  15   4.08865277e-01  7.03493819e-01  8.07e-17 2.84e-14  5.93e-07     3s
  16   5.32500923e-01  6.47076134e-01  8.30e-17 1.42e-14  2.31e-07     3s
  17   5.69372481e-01  6.32872160e-01  6.59e-17 1.42e-14  1.28e-07     3s
  18   5.96807627e-01  6.22574224e-01  7.46e-17 1.42e-14  5.18e-08     3s
  19   6.09203472e-01  6.17974233e-01  5.17e-17 1.42e-14  1.76e-08     3s
  20   6.13691337e-01  6.16388026e-01  3.82e-17 1.42e-14  5.43e-09     3s
  21   6.14779549e-01  6.16003897e-01  5.09e-17 2.13e-14  2.46e-09     3s
  22   6.15595330e-01  6.15716890e-01  9.26e-17 1.42e-14  2.45e-10     3s
  23   6.15675685e-01  6.15688619e-01  8.43e-17 2.13e-14  2.60e-11     3s
  24   6.15685109e-01  6.15685311e-01  1.35e-16 2.84e-14  4.06e-13     3s
  25   6.15685243e-01  6.15685264e-01  2.71e-15 1.60e-14  4.17e-14     3s
  26   6.15685253e-01  6.15685261e-01  4.14e-15 1.42e-14  1.44e-14     3s
  27   6.15685258e-01  6.15685259e-01  3.19e-15 2.13e-14  3.39e-15     4s
  28   6.15685258e-01  6.15685259e-01  3.19e-15 1.42e-14  8.66e-16     4s
  29   6.15685259e-01  6.15685259e-01  1.65e-15 1.42e-14  2.57e-16     4s
  30   6.15685259e-01  6.15685259e-01  1.29e-15 1.42e-14  1.57e-16     4s
  31   6.15685259e-01  6.15685259e-01  1.04e-15 1.42e-14  1.34e-16     4s
  32   6.15685259e-01  6.15685259e-01  8.68e-16 1.42e-14  8.29e-17     4s

Barrier solved model in 32 iterations and 3.98 seconds (3.76 work units)
Optimal objective 6.15685259e-01

objective value: 0.6156852587634589
Done! Time elapsed: 24.23505139350891 seconds.
g_0_1: 1.000003669570285
g_1_1: 1.0000023087381484
g_1_2: 1.0000065086202157
g_2_1: 1.0000042363294364
g_2_2: 1.0000119427818808
g_2_3: 1.0000042363294366
g_2_4: 1.0000119427818532
Parameters from last iteration: [0.17400064 0.70700163 0.17400113 0.707003   0.17400208 0.707003
 0.17400208]

Parameters from current iteration:
                [0.17400064 0.70700163 0.17400113 0.707003   0.17400208 0.707003
 0.17400208]


                Percentage Error = 1.5951421704004102e-16
                
year done: 127
Time 128: 2
Optimization Iteration[1/20000]

Solving the optimization problem...
Set parameter TokenServer to value "licenses.rcc.uchicago.edu"
Read LP format model from file /scratch/local/jobs/50183984/tmpa9eu5us8.pyomo.lp
Reading time = 1.33 seconds
x1: 258121 rows, 502401 columns, 1259970 nonzeros
Set parameter Threads to value 8
Set parameter BarConvTol to value 1e-12
Gurobi Optimizer version 11.0.0 build v11.0.0rc2 (linux64 - "CentOS Linux 8")

CPU model: Intel(R) Xeon(R) Gold 6248R CPU @ 3.00GHz, instruction set [SSE2|AVX|AVX2|AVX512]
Thread count: 48 physical cores, 48 logical processors, using up to 8 threads

Optimize a model with 258121 rows, 502401 columns and 1259970 nonzeros
Model fingerprint: 0x2ece94bb
Model has 3166 quadratic objective terms
Coefficient statistics:
  Matrix range     [1e+00, 1e+03]
  Objective range  [5e-07, 7e+01]
  QObjective range [3e-01, 3e+03]
  Bounds range     [3e-04, 1e+00]
  RHS range        [6e-17, 6e+00]
Presolve removed 131482 rows and 128814 columns
Presolve time: 0.54s
Presolved: 126639 rows, 373587 columns, 743930 nonzeros
Presolved model has 3166 quadratic objective terms
Ordering time: 0.16s

Barrier statistics:
 AA' NZ     : 3.709e+05
 Factor NZ  : 4.212e+06 (roughly 240 MB of memory)
 Factor Ops : 3.974e+08 (less than 1 second per iteration)
 Threads    : 8

                  Objective                Residual
Iter       Primal          Dual         Primal    Dual     Compl     Time
   0  -1.08858984e+09  8.63519648e+08  7.80e+04 1.14e-13  1.00e+06     1s
   1  -6.35727304e+08  5.82241624e+08  1.87e+04 1.60e+02  2.62e+05     1s
   2  -3.24155004e+08  3.24098671e+08  2.36e+02 1.04e+00  4.64e+03     1s
   3  -7.58808412e+07  7.65393860e+07  1.95e+00 2.25e-12  3.30e+02     1s
   4  -1.46363886e+07  1.53249906e+07  1.70e-01 4.54e-12  6.19e+01     1s
   5  -2.69569143e+06  2.98245178e+06  1.33e-02 1.23e-12  1.15e+01     1s
   6  -3.92606313e+05  4.49318474e+05  1.33e-08 1.02e-12  1.69e+00     2s
   7  -5.87274195e+04  7.36725438e+04  1.54e-13 7.28e-13  2.66e-01     2s
   8  -8.85464291e+03  1.06079661e+04  5.43e-14 2.79e-13  3.92e-02     2s
   9  -1.41610771e+03  1.73860060e+03  2.79e-14 4.26e-14  6.35e-03     2s
  10  -2.31456978e+02  2.19522237e+02  6.58e-15 2.84e-14  9.07e-04     2s
  11  -5.13478468e+01  3.36654880e+01  3.93e-15 2.22e-14  1.71e-04     2s
  12  -8.56439211e+00  5.83388814e+00  1.30e-15 1.42e-14  2.90e-05     2s
  13  -1.08064561e+00  1.08563168e+00  4.36e-16 1.42e-14  4.36e-06     2s
  14  -2.32910369e-01  1.00174677e+00  2.52e-16 2.84e-14  2.48e-06     3s
  15   4.07823170e-01  7.02451712e-01  7.11e-17 2.84e-14  5.93e-07     3s
  16   5.31458817e-01  6.46034027e-01  1.42e-16 1.42e-14  2.31e-07     3s
  17   5.68330375e-01  6.31830053e-01  5.27e-17 1.42e-14  1.28e-07     3s
  18   5.95765521e-01  6.21532117e-01  4.53e-17 1.42e-14  5.18e-08     3s
  19   6.08161366e-01  6.16932126e-01  5.82e-17 1.42e-14  1.76e-08     3s
  20   6.12649230e-01  6.15345920e-01  5.05e-17 1.51e-14  5.43e-09     3s
  21   6.13737442e-01  6.14961790e-01  6.04e-17 1.42e-14  2.46e-09     3s
  22   6.14553223e-01  6.14674783e-01  8.84e-17 2.84e-14  2.45e-10     3s
  23   6.14633578e-01  6.14646512e-01  9.51e-17 2.84e-14  2.60e-11     3s
  24   6.14643003e-01  6.14643205e-01  1.27e-16 1.42e-14  4.06e-13     3s
  25   6.14643137e-01  6.14643158e-01  1.86e-15 1.69e-14  4.15e-14     3s
  26   6.14643147e-01  6.14643154e-01  4.18e-15 1.42e-14  1.44e-14     3s
  27   6.14643151e-01  6.14643153e-01  3.25e-15 1.60e-14  3.38e-15     4s
  28   6.14643152e-01  6.14643152e-01  4.09e-15 2.84e-14  8.63e-16     4s
  29   6.14643152e-01  6.14643152e-01  1.81e-15 1.42e-14  2.56e-16     4s
  30   6.14643152e-01  6.14643152e-01  9.64e-16 1.42e-14  1.56e-16     4s
  31   6.14643152e-01  6.14643152e-01  8.64e-16 1.42e-14  1.33e-16     4s
  32   6.14643152e-01  6.14643152e-01  5.06e-16 1.42e-14  8.23e-17     4s

Barrier solved model in 32 iterations and 4.01 seconds (3.76 work units)
Optimal objective 6.14643152e-01

objective value: 0.6146431520976208
Done! Time elapsed: 24.239985466003418 seconds.
g_0_1: 1.000003669570285
g_1_1: 1.0000023087381484
g_1_2: 1.0000065086202155
g_2_1: 1.0000042363294364
g_2_2: 1.0000119427818805
g_2_3: 1.0000042363294368
g_2_4: 1.000011942781853
Parameters from last iteration: [0.17400064 0.70700163 0.17400113 0.707003   0.17400208 0.707003
 0.17400208]

Parameters from current iteration:
                [0.17400064 0.70700163 0.17400113 0.707003   0.17400208 0.707003
 0.17400208]


                Percentage Error = 3.1902752834832335e-16
                
year done: 128
Time 129: 2
Optimization Iteration[1/20000]

Solving the optimization problem...
Set parameter TokenServer to value "licenses.rcc.uchicago.edu"
Read LP format model from file /scratch/local/jobs/50183984/tmp3trmkm1p.pyomo.lp
Reading time = 1.33 seconds
x1: 258121 rows, 502401 columns, 1259970 nonzeros
Set parameter Threads to value 8
Set parameter BarConvTol to value 1e-12
Gurobi Optimizer version 11.0.0 build v11.0.0rc2 (linux64 - "CentOS Linux 8")

CPU model: Intel(R) Xeon(R) Gold 6248R CPU @ 3.00GHz, instruction set [SSE2|AVX|AVX2|AVX512]
Thread count: 48 physical cores, 48 logical processors, using up to 8 threads

Optimize a model with 258121 rows, 502401 columns and 1259970 nonzeros
Model fingerprint: 0x80e70193
Model has 3166 quadratic objective terms
Coefficient statistics:
  Matrix range     [1e+00, 1e+03]
  Objective range  [5e-07, 7e+01]
  QObjective range [3e-01, 3e+03]
  Bounds range     [3e-04, 1e+00]
  RHS range        [6e-17, 6e+00]
Presolve removed 131482 rows and 128814 columns
Presolve time: 0.54s
Presolved: 126639 rows, 373587 columns, 743930 nonzeros
Presolved model has 3166 quadratic objective terms
Ordering time: 0.16s

Barrier statistics:
 AA' NZ     : 3.709e+05
 Factor NZ  : 4.212e+06 (roughly 240 MB of memory)
 Factor Ops : 3.974e+08 (less than 1 second per iteration)
 Threads    : 8

                  Objective                Residual
Iter       Primal          Dual         Primal    Dual     Compl     Time
   0  -1.08858984e+09  8.63519648e+08  7.80e+04 1.13e-13  1.00e+06     1s
   1  -6.35727304e+08  5.82241624e+08  1.87e+04 1.60e+02  2.62e+05     1s
   2  -3.24155004e+08  3.24098671e+08  2.36e+02 1.04e+00  4.64e+03     1s
   3  -7.58808412e+07  7.65393860e+07  1.95e+00 1.47e-12  3.30e+02     1s
   4  -1.46363886e+07  1.53249906e+07  1.70e-01 5.18e-12  6.19e+01     1s
   5  -2.69569144e+06  2.98245178e+06  1.33e-02 1.20e-12  1.15e+01     1s
   6  -3.92606314e+05  4.49318473e+05  1.33e-08 9.14e-13  1.69e+00     2s
   7  -5.87274205e+04  7.36725428e+04  1.38e-13 7.52e-13  2.66e-01     2s
   8  -8.85464390e+03  1.06079651e+04  6.89e-14 2.51e-13  3.92e-02     2s
   9  -1.41610871e+03  1.73859960e+03  2.46e-14 3.64e-14  6.35e-03     2s
  10  -2.31457973e+02  2.19521242e+02  7.35e-15 2.84e-14  9.07e-04     2s
  11  -5.13488420e+01  3.36644928e+01  4.63e-15 2.13e-14  1.71e-04     2s
  12  -8.56538731e+00  5.83289294e+00  1.16e-15 2.84e-14  2.90e-05     2s
  13  -1.08164082e+00  1.08463647e+00  3.49e-16 2.84e-14  4.36e-06     2s
  14  -2.33905574e-01  1.00075157e+00  2.97e-16 3.55e-14  2.48e-06     2s
  15   4.06827966e-01  7.01456508e-01  4.68e-17 2.84e-14  5.93e-07     3s
  16   5.30463613e-01  6.45038823e-01  1.08e-16 1.42e-14  2.31e-07     3s
  17   5.67335171e-01  6.30834849e-01  4.73e-17 2.84e-14  1.28e-07     3s
  18   5.94770316e-01  6.20536913e-01  6.84e-17 1.42e-14  5.18e-08     3s
  19   6.07166162e-01  6.15936922e-01  9.77e-17 2.13e-14  1.76e-08     3s
  20   6.11654026e-01  6.14350716e-01  8.03e-17 1.42e-14  5.43e-09     3s
  21   6.12742238e-01  6.13966586e-01  5.76e-17 1.42e-14  2.46e-09     3s
  22   6.13558019e-01  6.13679579e-01  5.98e-17 1.42e-14  2.45e-10     3s
  23   6.13638374e-01  6.13651308e-01  9.57e-17 2.84e-14  2.60e-11     3s
  24   6.13647799e-01  6.13648001e-01  1.58e-16 1.42e-14  4.06e-13     3s
  25   6.13647933e-01  6.13647953e-01  2.22e-15 2.13e-14  4.13e-14     3s
  26   6.13647943e-01  6.13647950e-01  5.05e-15 1.42e-14  1.43e-14     3s
  27   6.13647947e-01  6.13647948e-01  3.36e-15 1.42e-14  3.37e-15     4s
  28   6.13647948e-01  6.13647948e-01  3.52e-15 2.13e-14  8.60e-16     4s
  29   6.13647948e-01  6.13647948e-01  1.53e-15 1.42e-14  2.55e-16     4s
  30   6.13647948e-01  6.13647948e-01  1.05e-15 1.42e-14  1.56e-16     4s
  31   6.13647948e-01  6.13647948e-01  8.25e-16 1.42e-14  1.32e-16     4s
  32   6.13647948e-01  6.13647948e-01  5.61e-16 1.42e-14  8.15e-17     4s

Barrier solved model in 32 iterations and 3.99 seconds (3.76 work units)
Optimal objective 6.13647948e-01

objective value: 0.613647947957973
Done! Time elapsed: 24.334474563598633 seconds.
g_0_1: 1.0000036695702847
g_1_1: 1.0000023087381487
g_1_2: 1.0000065086202155
g_2_1: 1.0000042363294364
g_2_2: 1.0000119427818803
g_2_3: 1.0000042363294366
g_2_4: 1.0000119427818532
Parameters from last iteration: [0.17400064 0.70700163 0.17400113 0.707003   0.17400208 0.707003
 0.17400208]

Parameters from current iteration:
                [0.17400064 0.70700163 0.17400113 0.707003   0.17400208 0.707003
 0.17400208]


                Percentage Error = 3.190257947218631e-16
                
year done: 129
Time 130: 2
Optimization Iteration[1/20000]

Solving the optimization problem...
Set parameter TokenServer to value "licenses.rcc.uchicago.edu"
Read LP format model from file /scratch/local/jobs/50183984/tmppvgbvx94.pyomo.lp
Reading time = 1.34 seconds
x1: 258121 rows, 502401 columns, 1259970 nonzeros
Set parameter Threads to value 8
Set parameter BarConvTol to value 1e-12
Gurobi Optimizer version 11.0.0 build v11.0.0rc2 (linux64 - "CentOS Linux 8")

CPU model: Intel(R) Xeon(R) Gold 6248R CPU @ 3.00GHz, instruction set [SSE2|AVX|AVX2|AVX512]
Thread count: 48 physical cores, 48 logical processors, using up to 8 threads

Optimize a model with 258121 rows, 502401 columns and 1259970 nonzeros
Model fingerprint: 0xc038dff4
Model has 3166 quadratic objective terms
Coefficient statistics:
  Matrix range     [1e+00, 1e+03]
  Objective range  [5e-07, 7e+01]
  QObjective range [3e-01, 3e+03]
  Bounds range     [3e-04, 1e+00]
  RHS range        [6e-17, 6e+00]
Presolve removed 131482 rows and 128814 columns
Presolve time: 0.55s
Presolved: 126639 rows, 373587 columns, 743930 nonzeros
Presolved model has 3166 quadratic objective terms
Ordering time: 0.16s

Barrier statistics:
 AA' NZ     : 3.709e+05
 Factor NZ  : 4.212e+06 (roughly 240 MB of memory)
 Factor Ops : 3.974e+08 (less than 1 second per iteration)
 Threads    : 8

                  Objective                Residual
Iter       Primal          Dual         Primal    Dual     Compl     Time
   0  -1.08858984e+09  8.63519648e+08  7.80e+04 1.14e-13  1.00e+06     1s
   1  -6.35727304e+08  5.82241624e+08  1.87e+04 1.60e+02  2.62e+05     1s
   2  -3.24155004e+08  3.24098671e+08  2.36e+02 1.04e+00  4.64e+03     1s
   3  -7.58808412e+07  7.65393860e+07  1.95e+00 1.58e-12  3.30e+02     1s
   4  -1.46363886e+07  1.53249906e+07  1.70e-01 4.34e-12  6.19e+01     1s
   5  -2.69569144e+06  2.98245178e+06  1.33e-02 1.24e-12  1.15e+01     1s
   6  -3.92606315e+05  4.49318472e+05  1.33e-08 9.76e-13  1.69e+00     2s
   7  -5.87274214e+04  7.36725419e+04  1.24e-13 8.41e-13  2.66e-01     2s
   8  -8.85464485e+03  1.06079642e+04  6.17e-14 2.50e-13  3.92e-02     2s
   9  -1.41610966e+03  1.73859865e+03  2.63e-14 3.85e-14  6.35e-03     2s
  10  -2.31458923e+02  2.19520291e+02  6.08e-15 2.84e-14  9.07e-04     2s
  11  -5.13497924e+01  3.36635424e+01  2.33e-15 1.42e-14  1.71e-04     2s
  12  -8.56633772e+00  5.83194252e+00  9.79e-16 1.69e-14  2.90e-05     2s
  13  -1.08259123e+00  1.08368606e+00  3.98e-16 2.84e-14  4.36e-06     2s
  14  -2.34855986e-01  9.99801156e-01  3.45e-16 2.84e-14  2.48e-06     3s
  15   4.05877554e-01  7.00506096e-01  5.12e-17 1.42e-14  5.93e-07     3s
  16   5.29513200e-01  6.44088410e-01  1.38e-16 1.42e-14  2.31e-07     3s
  17   5.66384758e-01  6.29884436e-01  4.75e-17 2.84e-14  1.28e-07     3s
  18   5.93819904e-01  6.19586500e-01  7.77e-17 1.42e-14  5.18e-08     3s
  19   6.06215749e-01  6.14986510e-01  8.83e-17 1.60e-14  1.76e-08     3s
  20   6.10703613e-01  6.13400303e-01  7.68e-17 2.84e-14  5.43e-09     3s
  21   6.11791826e-01  6.13016174e-01  5.41e-17 1.42e-14  2.46e-09     3s
  22   6.12607606e-01  6.12729167e-01  6.41e-17 2.13e-14  2.45e-10     3s
  23   6.12687961e-01  6.12700896e-01  7.27e-17 1.42e-14  2.60e-11     3s
  24   6.12697386e-01  6.12697588e-01  1.50e-16 4.26e-14  4.06e-13     3s
  25   6.12697520e-01  6.12697541e-01  2.67e-15 1.42e-14  4.12e-14     3s
  26   6.12697530e-01  6.12697537e-01  4.31e-15 1.42e-14  1.43e-14     3s
  27   6.12697534e-01  6.12697536e-01  3.82e-15 1.42e-14  3.36e-15     4s
  28   6.12697535e-01  6.12697536e-01  3.43e-15 1.42e-14  8.57e-16     4s
  29   6.12697535e-01  6.12697535e-01  1.80e-15 1.42e-14  2.54e-16     4s
  30   6.12697535e-01  6.12697535e-01  1.04e-15 1.42e-14  1.55e-16     4s
  31   6.12697535e-01  6.12697535e-01  8.39e-16 1.42e-14  1.33e-16     4s
  32   6.12697535e-01  6.12697535e-01  6.84e-16 1.42e-14  8.24e-17     4s

Barrier solved model in 32 iterations and 4.01 seconds (3.76 work units)
Optimal objective 6.12697535e-01

objective value: 0.6126975353824546
Done! Time elapsed: 25.802969217300415 seconds.
g_0_1: 1.000003669570285
g_1_1: 1.0000023087381487
g_1_2: 1.0000065086202155
g_2_1: 1.0000042363294364
g_2_2: 1.0000119427818808
g_2_3: 1.0000042363294366
g_2_4: 1.0000119427818532
Parameters from last iteration: [0.17400064 0.70700163 0.17400113 0.707003   0.17400208 0.707003
 0.17400208]

Parameters from current iteration:
                [0.17400064 0.70700163 0.17400113 0.707003   0.17400208 0.707003
 0.17400208]


                Percentage Error = 4.785386920827948e-16
                
year done: 130
Time 131: 2
Optimization Iteration[1/20000]

Solving the optimization problem...
Set parameter TokenServer to value "licenses.rcc.uchicago.edu"
Read LP format model from file /scratch/local/jobs/50183984/tmp6exiu65_.pyomo.lp
Reading time = 1.34 seconds
x1: 258121 rows, 502401 columns, 1259970 nonzeros
Set parameter Threads to value 8
Set parameter BarConvTol to value 1e-12
Gurobi Optimizer version 11.0.0 build v11.0.0rc2 (linux64 - "CentOS Linux 8")

CPU model: Intel(R) Xeon(R) Gold 6248R CPU @ 3.00GHz, instruction set [SSE2|AVX|AVX2|AVX512]
Thread count: 48 physical cores, 48 logical processors, using up to 8 threads

Optimize a model with 258121 rows, 502401 columns and 1259970 nonzeros
Model fingerprint: 0x993ef03a
Model has 3166 quadratic objective terms
Coefficient statistics:
  Matrix range     [1e+00, 1e+03]
  Objective range  [5e-07, 7e+01]
  QObjective range [3e-01, 3e+03]
  Bounds range     [3e-04, 1e+00]
  RHS range        [6e-17, 6e+00]
Presolve removed 131482 rows and 128814 columns
Presolve time: 0.55s
Presolved: 126639 rows, 373587 columns, 743930 nonzeros
Presolved model has 3166 quadratic objective terms
Ordering time: 0.16s

Barrier statistics:
 AA' NZ     : 3.709e+05
 Factor NZ  : 4.212e+06 (roughly 240 MB of memory)
 Factor Ops : 3.974e+08 (less than 1 second per iteration)
 Threads    : 8

                  Objective                Residual
Iter       Primal          Dual         Primal    Dual     Compl     Time
   0  -1.08858984e+09  8.63519648e+08  7.80e+04 1.14e-13  1.00e+06     1s
   1  -6.35727304e+08  5.82241624e+08  1.87e+04 1.60e+02  2.62e+05     1s
   2  -3.24155004e+08  3.24098671e+08  2.36e+02 1.04e+00  4.64e+03     1s
   3  -7.58808412e+07  7.65393860e+07  1.95e+00 1.84e-12  3.30e+02     1s
   4  -1.46363886e+07  1.53249906e+07  1.70e-01 6.12e-12  6.19e+01     1s
   5  -2.69569144e+06  2.98245178e+06  1.33e-02 1.36e-12  1.15e+01     1s
   6  -3.92606316e+05  4.49318471e+05  1.33e-08 2.29e-12  1.69e+00     2s
   7  -5.87274223e+04  7.36725410e+04  1.43e-13 7.95e-13  2.66e-01     2s
   8  -8.85464576e+03  1.06079633e+04  4.90e-14 2.25e-13  3.92e-02     2s
   9  -1.41611056e+03  1.73859774e+03  2.20e-14 4.26e-14  6.35e-03     2s
  10  -2.31459831e+02  2.19519384e+02  7.11e-15 4.26e-14  9.07e-04     2s
  11  -5.13507000e+01  3.36626347e+01  3.27e-15 1.42e-14  1.71e-04     2s
  12  -8.56724536e+00  5.83103489e+00  1.39e-15 1.42e-14  2.90e-05     2s
  13  -1.08349887e+00  1.08277842e+00  4.36e-16 1.42e-14  4.36e-06     2s
  14  -2.35763623e-01  9.98893519e-01  4.54e-16 3.55e-14  2.48e-06     3s
  15   4.04969917e-01  6.99598459e-01  4.94e-17 1.42e-14  5.93e-07     3s
  16   5.28605563e-01  6.43180773e-01  8.76e-17 1.42e-14  2.31e-07     3s
  17   5.65477121e-01  6.28976799e-01  6.39e-17 2.13e-14  1.28e-07     3s
  18   5.92912267e-01  6.18678863e-01  5.34e-17 1.42e-14  5.18e-08     3s
  19   6.05308112e-01  6.14078873e-01  9.07e-17 2.84e-14  1.76e-08     3s
  20   6.09795976e-01  6.12492666e-01  6.49e-17 1.42e-14  5.43e-09     3s
  21   6.10884189e-01  6.12108537e-01  6.02e-17 1.42e-14  2.46e-09     3s
  22   6.11699969e-01  6.11821530e-01  1.28e-16 1.42e-14  2.45e-10     3s
  23   6.11780324e-01  6.11793259e-01  7.63e-17 1.42e-14  2.60e-11     3s
  24   6.11789749e-01  6.11789951e-01  1.30e-16 1.42e-14  4.06e-13     3s
  25   6.11789883e-01  6.11789904e-01  1.99e-15 2.13e-14  4.10e-14     3s
  26   6.11789893e-01  6.11789900e-01  3.68e-15 1.42e-14  1.43e-14     4s
  27   6.11789897e-01  6.11789899e-01  3.25e-15 2.84e-14  3.35e-15     4s
  28   6.11789898e-01  6.11789899e-01  4.07e-15 1.42e-14  8.55e-16     4s
  29   6.11789898e-01  6.11789898e-01  2.17e-15 1.42e-14  2.53e-16     4s
  30   6.11789898e-01  6.11789898e-01  1.25e-15 1.42e-14  1.55e-16     4s
  31   6.11789898e-01  6.11789898e-01  1.02e-15 1.42e-14  1.34e-16     4s
  32   6.11789898e-01  6.11789898e-01  6.07e-16 1.42e-14  8.27e-17     4s

Barrier solved model in 32 iterations and 4.04 seconds (3.76 work units)
Optimal objective 6.11789898e-01

objective value: 0.6117898984194208
Done! Time elapsed: 24.290223836898804 seconds.
g_0_1: 1.000003669570285
g_1_1: 1.0000023087381484
g_1_2: 1.0000065086202155
g_2_1: 1.0000042363294364
g_2_2: 1.0000119427818808
g_2_3: 1.0000042363294366
g_2_4: 1.0000119427818532
Parameters from last iteration: [0.17400064 0.70700163 0.17400113 0.707003   0.17400208 0.707003
 0.17400208]

Parameters from current iteration:
                [0.17400064 0.70700163 0.17400113 0.707003   0.17400208 0.707003
 0.17400208]


                Percentage Error = 1.5703259708865968e-16
                
year done: 131
Time 132: 2
Optimization Iteration[1/20000]

Solving the optimization problem...
Set parameter TokenServer to value "licenses.rcc.uchicago.edu"
Read LP format model from file /scratch/local/jobs/50183984/tmpxylygnex.pyomo.lp
Reading time = 1.34 seconds
x1: 258121 rows, 502401 columns, 1259970 nonzeros
Set parameter Threads to value 8
Set parameter BarConvTol to value 1e-12
Gurobi Optimizer version 11.0.0 build v11.0.0rc2 (linux64 - "CentOS Linux 8")

CPU model: Intel(R) Xeon(R) Gold 6248R CPU @ 3.00GHz, instruction set [SSE2|AVX|AVX2|AVX512]
Thread count: 48 physical cores, 48 logical processors, using up to 8 threads

Optimize a model with 258121 rows, 502401 columns and 1259970 nonzeros
Model fingerprint: 0xeb2c4c0d
Model has 3166 quadratic objective terms
Coefficient statistics:
  Matrix range     [1e+00, 1e+03]
  Objective range  [5e-07, 7e+01]
  QObjective range [3e-01, 3e+03]
  Bounds range     [3e-04, 1e+00]
  RHS range        [6e-17, 6e+00]
Presolve removed 131482 rows and 128814 columns
Presolve time: 0.55s
Presolved: 126639 rows, 373587 columns, 743930 nonzeros
Presolved model has 3166 quadratic objective terms
Ordering time: 0.16s

Barrier statistics:
 AA' NZ     : 3.709e+05
 Factor NZ  : 4.212e+06 (roughly 240 MB of memory)
 Factor Ops : 3.974e+08 (less than 1 second per iteration)
 Threads    : 8

                  Objective                Residual
Iter       Primal          Dual         Primal    Dual     Compl     Time
   0  -1.08858984e+09  8.63519648e+08  7.80e+04 1.14e-13  1.00e+06     1s
   1  -6.35727304e+08  5.82241624e+08  1.87e+04 1.60e+02  2.62e+05     1s
   2  -3.24155004e+08  3.24098671e+08  2.36e+02 1.04e+00  4.64e+03     2s
   3  -7.58808412e+07  7.65393860e+07  1.95e+00 2.02e-12  3.30e+02     2s
   4  -1.46363886e+07  1.53249905e+07  1.70e-01 5.37e-12  6.19e+01     2s
   5  -2.69569144e+06  2.98245178e+06  1.33e-02 1.21e-12  1.15e+01     2s
   6  -3.92606317e+05  4.49318471e+05  1.33e-08 1.02e-12  1.69e+00     2s
   7  -5.87274232e+04  7.36725401e+04  1.46e-13 6.09e-13  2.66e-01     2s
   8  -8.85464663e+03  1.06079624e+04  5.24e-14 2.49e-13  3.92e-02     2s
   9  -1.41611143e+03  1.73859688e+03  2.44e-14 3.60e-14  6.35e-03     2s
  10  -2.31460698e+02  2.19518517e+02  5.69e-15 2.84e-14  9.07e-04     2s
  11  -5.13515668e+01  3.36617679e+01  3.96e-15 1.42e-14  1.71e-04     2s
  12  -8.56811215e+00  5.83016810e+00  1.10e-15 1.42e-14  2.90e-05     3s
  13  -1.08436565e+00  1.08191164e+00  4.76e-16 1.42e-14  4.36e-06     3s
  14  -2.36630410e-01  9.98026732e-01  3.23e-16 2.84e-14  2.48e-06     3s
  15   4.04103130e-01  6.98731672e-01  5.01e-17 2.13e-14  5.93e-07     3s
  16   5.27738776e-01  6.42313987e-01  1.48e-16 1.42e-14  2.31e-07     3s
  17   5.64610334e-01  6.28110013e-01  4.69e-17 2.84e-14  1.28e-07     3s
  18   5.92045480e-01  6.17812077e-01  4.53e-17 1.42e-14  5.18e-08     3s
  19   6.04441325e-01  6.13212086e-01  1.30e-16 1.42e-14  1.76e-08     3s
  20   6.08929190e-01  6.11625879e-01  6.79e-17 1.42e-14  5.43e-09     3s
  21   6.10017402e-01  6.11241750e-01  1.05e-16 1.42e-14  2.46e-09     4s
  22   6.10833183e-01  6.10954743e-01  1.24e-16 1.42e-14  2.45e-10     4s
  23   6.10913538e-01  6.10926472e-01  1.08e-16 2.84e-14  2.60e-11     4s
  24   6.10922962e-01  6.10923164e-01  1.29e-16 2.13e-14  4.06e-13     4s
  25   6.10923097e-01  6.10923117e-01  2.37e-15 2.84e-14  4.09e-14     4s
  26   6.10923107e-01  6.10923114e-01  4.20e-15 2.84e-14  1.42e-14     4s
  27   6.10923111e-01  6.10923112e-01  3.33e-15 1.42e-14  3.34e-15     4s
  28   6.10923112e-01  6.10923112e-01  4.08e-15 1.42e-14  8.52e-16     4s
  29   6.10923112e-01  6.10923112e-01  1.75e-15 1.42e-14  2.52e-16     4s
  30   6.10923112e-01  6.10923112e-01  1.19e-15 1.42e-14  1.55e-16     4s
  31   6.10923112e-01  6.10923112e-01  8.47e-16 1.42e-14  1.34e-16     4s
  32   6.10923112e-01  6.10923112e-01  6.46e-16 1.42e-14  8.27e-17     4s

Barrier solved model in 32 iterations and 4.43 seconds (3.76 work units)
Optimal objective 6.10923112e-01

objective value: 0.6109231118490381
Done! Time elapsed: 24.702147006988525 seconds.
g_0_1: 1.000003669570285
g_1_1: 1.0000023087381487
g_1_2: 1.0000065086202157
g_2_1: 1.0000042363294364
g_2_2: 1.0000119427818808
g_2_3: 1.0000042363294366
g_2_4: 1.0000119427818532
Parameters from last iteration: [0.17400064 0.70700163 0.17400113 0.707003   0.17400208 0.707003
 0.17400208]

Parameters from current iteration:
                [0.17400064 0.70700163 0.17400113 0.707003   0.17400208 0.707003
 0.17400208]


                Percentage Error = 3.1902752834832345e-16
                
year done: 132
Time 133: 2
Optimization Iteration[1/20000]

Solving the optimization problem...
Set parameter TokenServer to value "licenses.rcc.uchicago.edu"
Read LP format model from file /scratch/local/jobs/50183984/tmp0bxiqa2y.pyomo.lp
Reading time = 1.33 seconds
x1: 258121 rows, 502401 columns, 1259970 nonzeros
Set parameter Threads to value 8
Set parameter BarConvTol to value 1e-12
Gurobi Optimizer version 11.0.0 build v11.0.0rc2 (linux64 - "CentOS Linux 8")

CPU model: Intel(R) Xeon(R) Gold 6248R CPU @ 3.00GHz, instruction set [SSE2|AVX|AVX2|AVX512]
Thread count: 48 physical cores, 48 logical processors, using up to 8 threads

Optimize a model with 258121 rows, 502401 columns and 1259970 nonzeros
Model fingerprint: 0x504cb2ed
Model has 3166 quadratic objective terms
Coefficient statistics:
  Matrix range     [1e+00, 1e+03]
  Objective range  [5e-07, 7e+01]
  QObjective range [3e-01, 3e+03]
  Bounds range     [3e-04, 1e+00]
  RHS range        [6e-17, 6e+00]
Presolve removed 131482 rows and 128814 columns
Presolve time: 0.55s
Presolved: 126639 rows, 373587 columns, 743930 nonzeros
Presolved model has 3166 quadratic objective terms
Ordering time: 0.16s

Barrier statistics:
 AA' NZ     : 3.709e+05
 Factor NZ  : 4.212e+06 (roughly 240 MB of memory)
 Factor Ops : 3.974e+08 (less than 1 second per iteration)
 Threads    : 8

                  Objective                Residual
Iter       Primal          Dual         Primal    Dual     Compl     Time
   0  -1.08858984e+09  8.63519648e+08  7.80e+04 1.14e-13  1.00e+06     1s
   1  -6.35727304e+08  5.82241624e+08  1.87e+04 1.60e+02  2.62e+05     1s
   2  -3.24155004e+08  3.24098671e+08  2.36e+02 1.04e+00  4.64e+03     1s
   3  -7.58808412e+07  7.65393860e+07  1.95e+00 1.63e-12  3.30e+02     1s
   4  -1.46363886e+07  1.53249905e+07  1.70e-01 5.11e-12  6.19e+01     1s
   5  -2.69569144e+06  2.98245178e+06  1.33e-02 1.18e-12  1.15e+01     1s
   6  -3.92606318e+05  4.49318470e+05  1.33e-08 3.66e-12  1.69e+00     2s
   7  -5.87274240e+04  7.36725393e+04  1.27e-13 7.25e-13  2.66e-01     2s
   8  -8.85464745e+03  1.06079616e+04  5.41e-14 2.62e-13  3.92e-02     2s
   9  -1.41611226e+03  1.73859605e+03  2.16e-14 5.06e-14  6.35e-03     2s
  10  -2.31461526e+02  2.19517689e+02  6.77e-15 2.84e-14  9.07e-04     2s
  11  -5.13523946e+01  3.36609402e+01  2.77e-15 2.84e-14  1.71e-04     2s
  12  -8.56893992e+00  5.82934033e+00  8.96e-16 1.60e-14  2.90e-05     2s
  13  -1.08519343e+00  1.08108386e+00  4.06e-16 1.42e-14  4.36e-06     2s
  14  -2.37458184e-01  9.97198958e-01  3.12e-16 2.13e-14  2.48e-06     3s
  15   4.03275355e-01  6.97903897e-01  6.87e-17 1.42e-14  5.93e-07     3s
  16   5.26911002e-01  6.41486212e-01  1.34e-16 1.42e-14  2.31e-07     3s
  17   5.63782560e-01  6.27282238e-01  4.30e-17 1.42e-14  1.28e-07     3s
  18   5.91217706e-01  6.16984302e-01  6.79e-17 1.42e-14  5.18e-08     3s
  19   6.03613551e-01  6.12384311e-01  7.21e-17 2.13e-14  1.76e-08     3s
  20   6.08101415e-01  6.10798105e-01  4.96e-17 1.42e-14  5.43e-09     3s
  21   6.09189627e-01  6.10413975e-01  6.93e-17 1.42e-14  2.46e-09     3s
  22   6.10005408e-01  6.10126968e-01  8.87e-17 1.87e-14  2.45e-10     3s
  23   6.10085763e-01  6.10098697e-01  7.51e-17 2.84e-14  2.60e-11     3s
  24   6.10095188e-01  6.10095390e-01  1.43e-16 1.42e-14  4.06e-13     3s
  25   6.10095322e-01  6.10095342e-01  2.95e-15 1.42e-14  4.07e-14     3s
  26   6.10095332e-01  6.10095339e-01  6.04e-15 1.42e-14  1.42e-14     3s
  27   6.10095336e-01  6.10095338e-01  2.96e-15 1.42e-14  3.33e-15     4s
  28   6.10095337e-01  6.10095337e-01  3.85e-15 1.42e-14  8.49e-16     4s
  29   6.10095337e-01  6.10095337e-01  1.76e-15 1.42e-14  2.52e-16     4s
  30   6.10095337e-01  6.10095337e-01  1.13e-15 1.42e-14  1.54e-16     4s
  31   6.10095337e-01  6.10095337e-01  9.35e-16 1.42e-14  1.33e-16     4s
  32   6.10095337e-01  6.10095337e-01  6.15e-16 1.42e-14  8.24e-17     4s

Barrier solved model in 32 iterations and 4.02 seconds (3.76 work units)
Optimal objective 6.10095337e-01

objective value: 0.6100953371007721
Done! Time elapsed: 24.210524082183838 seconds.
g_0_1: 1.0000036695702852
g_1_1: 1.0000023087381484
g_1_2: 1.0000065086202157
g_2_1: 1.0000042363294364
g_2_2: 1.0000119427818805
g_2_3: 1.0000042363294366
g_2_4: 1.0000119427818532
Parameters from last iteration: [0.17400064 0.70700163 0.17400113 0.707003   0.17400208 0.707003
 0.17400208]

Parameters from current iteration:
                [0.17400064 0.70700163 0.17400113 0.707003   0.17400208 0.707003
 0.17400208]


                Percentage Error = 3.19028434080082e-16
                
year done: 133
Time 134: 2
Optimization Iteration[1/20000]

Solving the optimization problem...
Set parameter TokenServer to value "licenses.rcc.uchicago.edu"
Read LP format model from file /scratch/local/jobs/50183984/tmpd1ub0hr9.pyomo.lp
Reading time = 1.33 seconds
x1: 258121 rows, 502401 columns, 1259970 nonzeros
Set parameter Threads to value 8
Set parameter BarConvTol to value 1e-12
Gurobi Optimizer version 11.0.0 build v11.0.0rc2 (linux64 - "CentOS Linux 8")

CPU model: Intel(R) Xeon(R) Gold 6248R CPU @ 3.00GHz, instruction set [SSE2|AVX|AVX2|AVX512]
Thread count: 48 physical cores, 48 logical processors, using up to 8 threads

Optimize a model with 258121 rows, 502401 columns and 1259970 nonzeros
Model fingerprint: 0x5e3c45b7
Model has 3166 quadratic objective terms
Coefficient statistics:
  Matrix range     [1e+00, 1e+03]
  Objective range  [5e-07, 7e+01]
  QObjective range [3e-01, 3e+03]
  Bounds range     [3e-04, 1e+00]
  RHS range        [6e-17, 6e+00]
Presolve removed 131482 rows and 128814 columns
Presolve time: 0.54s
Presolved: 126639 rows, 373587 columns, 743930 nonzeros
Presolved model has 3166 quadratic objective terms
Ordering time: 0.16s

Barrier statistics:
 AA' NZ     : 3.709e+05
 Factor NZ  : 4.212e+06 (roughly 240 MB of memory)
 Factor Ops : 3.974e+08 (less than 1 second per iteration)
 Threads    : 8

                  Objective                Residual
Iter       Primal          Dual         Primal    Dual     Compl     Time
   0  -1.08858984e+09  8.63519648e+08  7.80e+04 1.13e-13  1.00e+06     1s
   1  -6.35727304e+08  5.82241624e+08  1.87e+04 1.60e+02  2.62e+05     1s
   2  -3.24155004e+08  3.24098671e+08  2.36e+02 1.04e+00  4.64e+03     1s
   3  -7.58808412e+07  7.65393860e+07  1.95e+00 1.44e-12  3.30e+02     1s
   4  -1.46363886e+07  1.53249905e+07  1.70e-01 3.34e-12  6.19e+01     1s
   5  -2.69569144e+06  2.98245177e+06  1.33e-02 1.23e-12  1.15e+01     1s
   6  -3.92606318e+05  4.49318469e+05  1.33e-08 9.56e-13  1.69e+00     2s
   7  -5.87274248e+04  7.36725385e+04  1.35e-13 6.79e-13  2.66e-01     2s
   8  -8.85464825e+03  1.06079608e+04  5.27e-14 2.55e-13  3.92e-02     2s
   9  -1.41611305e+03  1.73859526e+03  2.80e-14 3.65e-14  6.35e-03     2s
  10  -2.31462316e+02  2.19516899e+02  5.97e-15 3.55e-14  9.07e-04     2s
  11  -5.13531851e+01  3.36601496e+01  3.20e-15 2.84e-14  1.71e-04     2s
  12  -8.56973044e+00  5.82854981e+00  1.31e-15 1.42e-14  2.90e-05     2s
  13  -1.08598395e+00  1.08029334e+00  4.27e-16 1.42e-14  4.36e-06     2s
  14  -2.38248703e-01  9.96408439e-01  3.58e-16 2.84e-14  2.48e-06     2s
  15   4.02484837e-01  6.97113379e-01  6.16e-17 1.42e-14  5.93e-07     3s
  16   5.26120483e-01  6.40695693e-01  6.61e-17 1.42e-14  2.31e-07     3s
  17   5.62992041e-01  6.26491719e-01  5.24e-17 2.13e-14  1.28e-07     3s
  18   5.90427187e-01  6.16193783e-01  4.27e-17 1.42e-14  5.18e-08     3s
  19   6.02823032e-01  6.11593793e-01  7.30e-17 1.42e-14  1.76e-08     3s
  20   6.07310896e-01  6.10007586e-01  1.11e-16 1.42e-14  5.43e-09     3s
  21   6.08399109e-01  6.09623457e-01  6.02e-17 1.42e-14  2.46e-09     3s
  22   6.09214889e-01  6.09336449e-01  5.59e-17 1.42e-14  2.45e-10     3s
  23   6.09295244e-01  6.09308179e-01  9.44e-17 1.42e-14  2.60e-11     3s
  24   6.09304669e-01  6.09304871e-01  1.35e-16 2.84e-14  4.06e-13     3s
  25   6.09304803e-01  6.09304824e-01  3.13e-15 1.42e-14  4.06e-14     3s
  26   6.09304813e-01  6.09304820e-01  4.96e-15 2.13e-14  1.41e-14     3s
  27   6.09304817e-01  6.09304819e-01  3.13e-15 1.42e-14  3.32e-15     4s
  28   6.09304818e-01  6.09304818e-01  3.86e-15 1.42e-14  8.46e-16     4s
  29   6.09304818e-01  6.09304818e-01  1.63e-15 1.42e-14  2.51e-16     4s
  30   6.09304818e-01  6.09304818e-01  1.05e-15 1.42e-14  1.54e-16     4s
  31   6.09304818e-01  6.09304818e-01  9.31e-16 1.42e-14  1.33e-16     4s
  32   6.09304818e-01  6.09304818e-01  6.81e-16 1.42e-14  8.20e-17     4s

Barrier solved model in 32 iterations and 3.99 seconds (3.76 work units)
Optimal objective 6.09304818e-01

objective value: 0.6093048183533615
Done! Time elapsed: 25.762242794036865 seconds.
g_0_1: 1.0000036695702845
g_1_1: 1.0000023087381487
g_1_2: 1.0000065086202155
g_2_1: 1.0000042363294364
g_2_2: 1.0000119427818805
g_2_3: 1.0000042363294366
g_2_4: 1.000011942781853
Parameters from last iteration: [0.17400064 0.70700163 0.17400113 0.707003   0.17400208 0.707003
 0.17400208]

Parameters from current iteration:
                [0.17400064 0.70700163 0.17400113 0.707003   0.17400208 0.707003
 0.17400208]


                Percentage Error = 7.975710852002048e-16
                
year done: 134
Time 135: 2
Optimization Iteration[1/20000]

Solving the optimization problem...
Set parameter TokenServer to value "licenses.rcc.uchicago.edu"
Read LP format model from file /scratch/local/jobs/50183984/tmp44w_fuks.pyomo.lp
Reading time = 1.33 seconds
x1: 258121 rows, 502401 columns, 1259970 nonzeros
Set parameter Threads to value 8
Set parameter BarConvTol to value 1e-12
Gurobi Optimizer version 11.0.0 build v11.0.0rc2 (linux64 - "CentOS Linux 8")

CPU model: Intel(R) Xeon(R) Gold 6248R CPU @ 3.00GHz, instruction set [SSE2|AVX|AVX2|AVX512]
Thread count: 48 physical cores, 48 logical processors, using up to 8 threads

Optimize a model with 258121 rows, 502401 columns and 1259970 nonzeros
Model fingerprint: 0xadd6e341
Model has 3166 quadratic objective terms
Coefficient statistics:
  Matrix range     [1e+00, 1e+03]
  Objective range  [5e-07, 7e+01]
  QObjective range [3e-01, 3e+03]
  Bounds range     [3e-04, 1e+00]
  RHS range        [6e-17, 6e+00]
Presolve removed 131482 rows and 128814 columns
Presolve time: 0.54s
Presolved: 126639 rows, 373587 columns, 743930 nonzeros
Presolved model has 3166 quadratic objective terms
Ordering time: 0.16s

Barrier statistics:
 AA' NZ     : 3.709e+05
 Factor NZ  : 4.212e+06 (roughly 240 MB of memory)
 Factor Ops : 3.974e+08 (less than 1 second per iteration)
 Threads    : 8

                  Objective                Residual
Iter       Primal          Dual         Primal    Dual     Compl     Time
   0  -1.08858984e+09  8.63519648e+08  7.80e+04 1.13e-13  1.00e+06     1s
   1  -6.35727304e+08  5.82241624e+08  1.87e+04 1.60e+02  2.62e+05     1s
   2  -3.24155004e+08  3.24098671e+08  2.36e+02 1.04e+00  4.64e+03     1s
   3  -7.58808412e+07  7.65393860e+07  1.95e+00 1.68e-12  3.30e+02     1s
   4  -1.46363886e+07  1.53249905e+07  1.70e-01 5.08e-12  6.19e+01     1s
   5  -2.69569144e+06  2.98245177e+06  1.33e-02 1.19e-12  1.15e+01     1s
   6  -3.92606319e+05  4.49318468e+05  1.33e-08 1.38e-12  1.69e+00     2s
   7  -5.87274256e+04  7.36725377e+04  1.60e-13 6.65e-13  2.66e-01     2s
   8  -8.85464900e+03  1.06079600e+04  5.42e-14 2.34e-13  3.92e-02     2s
   9  -1.41611380e+03  1.73859450e+03  2.52e-14 4.26e-14  6.35e-03     2s
  10  -2.31463071e+02  2.19516144e+02  6.68e-15 2.84e-14  9.07e-04     2s
  11  -5.13539401e+01  3.36593947e+01  2.27e-15 2.49e-14  1.71e-04     2s
  12  -8.57048538e+00  5.82779487e+00  1.22e-15 1.42e-14  2.90e-05     2s
  13  -1.08673889e+00  1.07953840e+00  3.84e-16 1.42e-14  4.36e-06     2s
  14  -2.39003643e-01  9.95653499e-01  2.50e-16 2.84e-14  2.48e-06     2s
  15   4.01729897e-01  6.96358439e-01  4.97e-17 1.42e-14  5.93e-07     3s
  16   5.25365543e-01  6.39940754e-01  6.08e-17 2.13e-14  2.31e-07     3s
  17   5.62237101e-01  6.25736780e-01  6.94e-17 1.42e-14  1.28e-07     3s
  18   5.89672247e-01  6.15438844e-01  1.76e-16 1.42e-14  5.18e-08     3s
  19   6.02068092e-01  6.10838853e-01  8.02e-17 1.42e-14  1.76e-08     3s
  20   6.06555957e-01  6.09252646e-01  6.75e-17 2.31e-14  5.43e-09     3s
  21   6.07644169e-01  6.08868517e-01  5.07e-17 1.42e-14  2.46e-09     3s
  22   6.08459950e-01  6.08581510e-01  1.32e-16 1.42e-14  2.45e-10     3s
  23   6.08540305e-01  6.08553239e-01  1.17e-16 1.42e-14  2.60e-11     3s
  24   6.08549729e-01  6.08549931e-01  1.73e-16 2.84e-14  4.06e-13     3s
  25   6.08549864e-01  6.08549884e-01  2.66e-15 1.42e-14  4.04e-14     3s
  26   6.08549874e-01  6.08549881e-01  4.41e-15 1.42e-14  1.41e-14     3s
  27   6.08549878e-01  6.08549879e-01  3.50e-15 1.42e-14  3.31e-15     4s
  28   6.08549879e-01  6.08549879e-01  4.20e-15 1.42e-14  8.43e-16     4s
  29   6.08549879e-01  6.08549879e-01  1.81e-15 2.13e-14  2.50e-16     4s
  30   6.08549879e-01  6.08549879e-01  1.03e-15 1.42e-14  1.53e-16     4s
  31   6.08549879e-01  6.08549879e-01  8.50e-16 1.42e-14  1.32e-16     4s
  32   6.08549879e-01  6.08549879e-01  5.96e-16 1.42e-14  8.14e-17     4s

Barrier solved model in 32 iterations and 3.98 seconds (3.76 work units)
Optimal objective 6.08549879e-01

objective value: 0.6085498788105399
Done! Time elapsed: 24.23815369606018 seconds.
g_0_1: 1.0000036695702847
g_1_1: 1.0000023087381487
g_1_2: 1.0000065086202155
g_2_1: 1.0000042363294364
g_2_2: 1.0000119427818803
g_2_3: 1.0000042363294366
g_2_4: 1.0000119427818532
Parameters from last iteration: [0.17400064 0.70700163 0.17400113 0.707003   0.17400208 0.707003
 0.17400208]

Parameters from current iteration:
                [0.17400064 0.70700163 0.17400113 0.707003   0.17400208 0.707003
 0.17400208]


                Percentage Error = 3.1902843408008215e-16
                
year done: 135
Time 136: 2
Optimization Iteration[1/20000]

Solving the optimization problem...
Set parameter TokenServer to value "licenses.rcc.uchicago.edu"
Read LP format model from file /scratch/local/jobs/50183984/tmp8oron9bs.pyomo.lp
Reading time = 1.34 seconds
x1: 258121 rows, 502401 columns, 1259970 nonzeros
Set parameter Threads to value 8
Set parameter BarConvTol to value 1e-12
Gurobi Optimizer version 11.0.0 build v11.0.0rc2 (linux64 - "CentOS Linux 8")

CPU model: Intel(R) Xeon(R) Gold 6248R CPU @ 3.00GHz, instruction set [SSE2|AVX|AVX2|AVX512]
Thread count: 48 physical cores, 48 logical processors, using up to 8 threads

Optimize a model with 258121 rows, 502401 columns and 1259970 nonzeros
Model fingerprint: 0x6fb9d62a
Model has 3166 quadratic objective terms
Coefficient statistics:
  Matrix range     [1e+00, 1e+03]
  Objective range  [5e-07, 7e+01]
  QObjective range [3e-01, 3e+03]
  Bounds range     [3e-04, 1e+00]
  RHS range        [6e-17, 6e+00]
Presolve removed 131482 rows and 128814 columns
Presolve time: 0.55s
Presolved: 126639 rows, 373587 columns, 743930 nonzeros
Presolved model has 3166 quadratic objective terms
Ordering time: 0.16s

Barrier statistics:
 AA' NZ     : 3.709e+05
 Factor NZ  : 4.212e+06 (roughly 240 MB of memory)
 Factor Ops : 3.974e+08 (less than 1 second per iteration)
 Threads    : 8

                  Objective                Residual
Iter       Primal          Dual         Primal    Dual     Compl     Time
   0  -1.08858984e+09  8.63519648e+08  7.80e+04 1.14e-13  1.00e+06     1s
   1  -6.35727304e+08  5.82241624e+08  1.87e+04 1.60e+02  2.62e+05     1s
   2  -3.24155004e+08  3.24098671e+08  2.36e+02 1.04e+00  4.64e+03     1s
   3  -7.58808412e+07  7.65393860e+07  1.95e+00 1.78e-12  3.30e+02     1s
   4  -1.46363886e+07  1.53249905e+07  1.70e-01 3.93e-12  6.19e+01     1s
   5  -2.69569144e+06  2.98245177e+06  1.33e-02 1.17e-12  1.15e+01     1s
   6  -3.92606320e+05  4.49318468e+05  1.33e-08 1.69e-12  1.69e+00     2s
   7  -5.87274263e+04  7.36725370e+04  1.45e-13 6.43e-13  2.66e-01     2s
   8  -8.85464972e+03  1.06079593e+04  5.24e-14 2.39e-13  3.92e-02     2s
   9  -1.41611453e+03  1.73859378e+03  2.24e-14 4.26e-14  6.35e-03     2s
  10  -2.31463792e+02  2.19515423e+02  6.93e-15 2.84e-14  9.07e-04     2s
  11  -5.13546610e+01  3.36586737e+01  2.45e-15 2.84e-14  1.71e-04     2s
  12  -8.57120634e+00  5.82707391e+00  1.02e-15 2.13e-14  2.90e-05     2s
  13  -1.08745985e+00  1.07881744e+00  3.72e-16 2.84e-14  4.36e-06     2s
  14  -2.39724604e-01  9.94932538e-01  3.44e-16 2.84e-14  2.48e-06     3s
  15   4.01008936e-01  6.95637477e-01  8.08e-17 1.42e-14  5.93e-07     3s
  16   5.24644582e-01  6.39219792e-01  8.82e-17 2.84e-14  2.31e-07     3s
  17   5.61516140e-01  6.25015818e-01  8.07e-17 1.42e-14  1.28e-07     3s
  18   5.88951286e-01  6.14717882e-01  1.02e-16 2.13e-14  5.18e-08     3s
  19   6.01347131e-01  6.10117891e-01  4.63e-17 1.42e-14  1.76e-08     3s
  20   6.05834995e-01  6.08531685e-01  5.12e-17 1.42e-14  5.43e-09     3s
  21   6.06923207e-01  6.08147555e-01  4.68e-17 1.42e-14  2.46e-09     3s
  22   6.07738988e-01  6.07860548e-01  7.83e-17 1.42e-14  2.45e-10     3s
  23   6.07819343e-01  6.07832277e-01  7.51e-17 2.84e-14  2.60e-11     3s
  24   6.07828768e-01  6.07828970e-01  1.51e-16 1.42e-14  4.06e-13     3s
  25   6.07828902e-01  6.07828922e-01  2.81e-15 1.42e-14  4.03e-14     3s
  26   6.07828912e-01  6.07828919e-01  3.94e-15 1.42e-14  1.41e-14     4s
  27   6.07828916e-01  6.07828918e-01  3.91e-15 1.42e-14  3.30e-15     4s
  28   6.07828917e-01  6.07828917e-01  3.77e-15 1.42e-14  8.40e-16     4s
  29   6.07828917e-01  6.07828917e-01  1.81e-15 1.42e-14  2.49e-16     4s
  30   6.07828917e-01  6.07828917e-01  1.11e-15 1.42e-14  1.95e-16     4s
  31   6.07828917e-01  6.07828917e-01  8.19e-16 1.42e-14  1.07e-16     4s
  32   6.07828917e-01  6.07828917e-01  5.98e-16 7.11e-15  9.05e-17     4s

Barrier solved model in 32 iterations and 4.02 seconds (3.76 work units)
Optimal objective 6.07828917e-01

objective value: 0.607828917140676
Done! Time elapsed: 24.22270703315735 seconds.
g_0_1: 1.0000036695702854
g_1_1: 1.0000023087381482
g_1_2: 1.000006508620216
g_2_1: 1.0000042363294361
g_2_2: 1.0000119427818834
g_2_3: 1.0000042363294364
g_2_4: 1.0000119427818535
Parameters from last iteration: [0.17400064 0.70700163 0.17400113 0.707003   0.17400208 0.707003
 0.17400208]

Parameters from current iteration:
                [0.17400064 0.70700163 0.17400113 0.707003   0.17400208 0.707003
 0.17400208]


                Percentage Error = 3.190257947218632e-15
                
year done: 136
Time 137: 2
Optimization Iteration[1/20000]

Solving the optimization problem...
Set parameter TokenServer to value "licenses.rcc.uchicago.edu"
Read LP format model from file /scratch/local/jobs/50183984/tmpxobyhmzr.pyomo.lp
Reading time = 1.34 seconds
x1: 258121 rows, 502401 columns, 1259970 nonzeros
Set parameter Threads to value 8
Set parameter BarConvTol to value 1e-12
Gurobi Optimizer version 11.0.0 build v11.0.0rc2 (linux64 - "CentOS Linux 8")

CPU model: Intel(R) Xeon(R) Gold 6248R CPU @ 3.00GHz, instruction set [SSE2|AVX|AVX2|AVX512]
Thread count: 48 physical cores, 48 logical processors, using up to 8 threads

Optimize a model with 258121 rows, 502401 columns and 1259970 nonzeros
Model fingerprint: 0x2a1ded47
Model has 3166 quadratic objective terms
Coefficient statistics:
  Matrix range     [1e+00, 1e+03]
  Objective range  [5e-07, 7e+01]
  QObjective range [3e-01, 3e+03]
  Bounds range     [3e-04, 1e+00]
  RHS range        [6e-17, 6e+00]
Presolve removed 131482 rows and 128814 columns
Presolve time: 0.55s
Presolved: 126639 rows, 373587 columns, 743930 nonzeros
Presolved model has 3166 quadratic objective terms
Ordering time: 0.16s

Barrier statistics:
 AA' NZ     : 3.709e+05
 Factor NZ  : 4.212e+06 (roughly 240 MB of memory)
 Factor Ops : 3.974e+08 (less than 1 second per iteration)
 Threads    : 8

                  Objective                Residual
Iter       Primal          Dual         Primal    Dual     Compl     Time
   0  -1.08858984e+09  8.63519648e+08  7.80e+04 1.13e-13  1.00e+06     1s
   1  -6.35727304e+08  5.82241624e+08  1.87e+04 1.60e+02  2.62e+05     1s
   2  -3.24155004e+08  3.24098671e+08  2.36e+02 1.04e+00  4.64e+03     1s
   3  -7.58808412e+07  7.65393860e+07  1.95e+00 1.47e-12  3.30e+02     1s
   4  -1.46363886e+07  1.53249905e+07  1.70e-01 4.31e-12  6.19e+01     1s
   5  -2.69569144e+06  2.98245177e+06  1.33e-02 1.23e-12  1.15e+01     1s
   6  -3.92606320e+05  4.49318467e+05  1.33e-08 9.66e-13  1.69e+00     2s
   7  -5.87274270e+04  7.36725363e+04  1.16e-13 6.82e-13  2.66e-01     2s
   8  -8.85465041e+03  1.06079586e+04  5.87e-14 2.25e-13  3.92e-02     2s
   9  -1.41611521e+03  1.73859309e+03  1.93e-14 4.37e-14  6.35e-03     2s
  10  -2.31464481e+02  2.19514734e+02  7.28e-15 2.35e-14  9.07e-04     2s
  11  -5.13553495e+01  3.36579852e+01  2.56e-15 1.91e-14  1.71e-04     2s
  12  -8.57189485e+00  5.82638539e+00  1.25e-15 1.42e-14  2.90e-05     2s
  13  -1.08814836e+00  1.07812893e+00  3.93e-16 2.84e-14  4.36e-06     2s
  14  -2.40413117e-01  9.94244025e-01  3.19e-16 2.84e-14  2.48e-06     3s
  15   4.00320422e-01  6.94948964e-01  6.81e-17 1.42e-14  5.93e-07     3s
  16   5.23956069e-01  6.38531279e-01  1.53e-16 2.84e-14  2.31e-07     3s
  17   5.60827627e-01  6.24327305e-01  6.40e-17 1.42e-14  1.28e-07     3s
  18   5.88262773e-01  6.14029369e-01  1.57e-16 1.51e-14  5.18e-08     3s
  19   6.00658618e-01  6.09429378e-01  7.36e-17 1.42e-14  1.76e-08     3s
  20   6.05146482e-01  6.07843172e-01  8.61e-17 2.13e-14  5.43e-09     3s
  21   6.06234694e-01  6.07459042e-01  7.57e-17 1.42e-14  2.46e-09     3s
  22   6.07050475e-01  6.07172035e-01  1.19e-16 1.42e-14  2.45e-10     3s
  23   6.07130830e-01  6.07143764e-01  9.97e-17 2.84e-14  2.60e-11     3s
  24   6.07140255e-01  6.07140457e-01  1.82e-16 1.42e-14  4.06e-13     3s
  25   6.07140389e-01  6.07140409e-01  2.59e-15 1.42e-14  4.00e-14     3s
  26   6.07140399e-01  6.07140406e-01  4.33e-15 2.84e-14  1.40e-14     4s
  27   6.07140403e-01  6.07140405e-01  3.19e-15 1.42e-14  3.28e-15     4s
  28   6.07140404e-01  6.07140404e-01  3.24e-15 1.42e-14  8.36e-16     4s
  29   6.07140404e-01  6.07140404e-01  1.66e-15 1.42e-14  2.48e-16     4s
  30   6.07140404e-01  6.07140404e-01  1.26e-15 1.42e-14  1.92e-16     4s
  31   6.07140404e-01  6.07140404e-01  5.72e-16 1.42e-14  1.06e-16     4s
  32   6.07140404e-01  6.07140404e-01  4.53e-16 1.42e-14  8.80e-17     4s

Barrier solved model in 32 iterations and 4.04 seconds (3.76 work units)
Optimal objective 6.07140404e-01

objective value: 0.6071404040953119
Done! Time elapsed: 24.259460926055908 seconds.
g_0_1: 1.0000036695702854
g_1_1: 1.0000023087381484
g_1_2: 1.0000065086202157
g_2_1: 1.0000042363294361
g_2_2: 1.0000119427818828
g_2_3: 1.0000042363294366
g_2_4: 1.0000119427818535
Parameters from last iteration: [0.17400064 0.70700163 0.17400113 0.707003   0.17400208 0.707003
 0.17400208]

Parameters from current iteration:
                [0.17400064 0.70700163 0.17400113 0.707003   0.17400208 0.707003
 0.17400208]


                Percentage Error = 6.380515894437244e-16
                
year done: 137
Time 138: 2
Optimization Iteration[1/20000]

Solving the optimization problem...
Set parameter TokenServer to value "licenses.rcc.uchicago.edu"
Read LP format model from file /scratch/local/jobs/50183984/tmpii40ql_i.pyomo.lp
Reading time = 1.34 seconds
x1: 258121 rows, 502401 columns, 1259970 nonzeros
Set parameter Threads to value 8
Set parameter BarConvTol to value 1e-12
Gurobi Optimizer version 11.0.0 build v11.0.0rc2 (linux64 - "CentOS Linux 8")

CPU model: Intel(R) Xeon(R) Gold 6248R CPU @ 3.00GHz, instruction set [SSE2|AVX|AVX2|AVX512]
Thread count: 48 physical cores, 48 logical processors, using up to 8 threads

Optimize a model with 258121 rows, 502401 columns and 1259970 nonzeros
Model fingerprint: 0x65ce905b
Model has 3166 quadratic objective terms
Coefficient statistics:
  Matrix range     [1e+00, 1e+03]
  Objective range  [5e-07, 7e+01]
  QObjective range [3e-01, 3e+03]
  Bounds range     [3e-04, 1e+00]
  RHS range        [6e-17, 6e+00]
Presolve removed 131482 rows and 128814 columns
Presolve time: 0.55s
Presolved: 126639 rows, 373587 columns, 743930 nonzeros
Presolved model has 3166 quadratic objective terms
Ordering time: 0.16s

Barrier statistics:
 AA' NZ     : 3.709e+05
 Factor NZ  : 4.212e+06 (roughly 240 MB of memory)
 Factor Ops : 3.974e+08 (less than 1 second per iteration)
 Threads    : 8

                  Objective                Residual
Iter       Primal          Dual         Primal    Dual     Compl     Time
   0  -1.08858984e+09  8.63519648e+08  7.80e+04 1.13e-13  1.00e+06     1s
   1  -6.35727304e+08  5.82241624e+08  1.87e+04 1.60e+02  2.62e+05     1s
   2  -3.24155004e+08  3.24098671e+08  2.36e+02 1.04e+00  4.64e+03     1s
   3  -7.58808412e+07  7.65393860e+07  1.95e+00 1.55e-12  3.30e+02     1s
   4  -1.46363886e+07  1.53249905e+07  1.70e-01 5.48e-12  6.19e+01     1s
   5  -2.69569144e+06  2.98245177e+06  1.33e-02 1.24e-12  1.15e+01     1s
   6  -3.92606321e+05  4.49318466e+05  1.33e-08 8.50e-13  1.69e+00     2s
   7  -5.87274276e+04  7.36725357e+04  1.66e-13 7.15e-13  2.66e-01     2s
   8  -8.85465107e+03  1.06079579e+04  6.34e-14 2.41e-13  3.92e-02     2s
   9  -1.41611587e+03  1.73859244e+03  2.43e-14 4.26e-14  6.35e-03     2s
  10  -2.31465138e+02  2.19514077e+02  7.29e-15 2.84e-14  9.07e-04     2s
  11  -5.13560071e+01  3.36573277e+01  3.07e-15 1.42e-14  1.71e-04     2s
  12  -8.57255238e+00  5.82572787e+00  8.62e-16 1.42e-14  2.90e-05     2s
  13  -1.08880589e+00  1.07747140e+00  4.77e-16 1.42e-14  4.36e-06     2s
  14  -2.41070642e-01  9.93586500e-01  2.86e-16 3.55e-14  2.48e-06     3s
  15   3.99662898e-01  6.94291440e-01  4.86e-17 2.13e-14  5.93e-07     3s
  16   5.23298544e-01  6.37873754e-01  8.42e-17 1.42e-14  2.31e-07     3s
  17   5.60170102e-01  6.23669780e-01  6.37e-17 2.84e-14  1.28e-07     3s
  18   5.87605248e-01  6.13371844e-01  4.60e-17 1.42e-14  5.18e-08     3s
  19   6.00001093e-01  6.08771853e-01  6.46e-17 1.42e-14  1.76e-08     3s
  20   6.04488957e-01  6.07185647e-01  5.79e-17 2.84e-14  5.43e-09     3s
  21   6.05577170e-01  6.06801517e-01  4.88e-17 1.42e-14  2.46e-09     3s
  22   6.06392950e-01  6.06514510e-01  7.29e-17 1.42e-14  2.45e-10     3s
  23   6.06473305e-01  6.06486240e-01  1.01e-16 1.42e-14  2.60e-11     3s
  24   6.06482730e-01  6.06482932e-01  1.49e-16 1.69e-14  4.06e-13     3s
  25   6.06482865e-01  6.06482884e-01  2.47e-15 1.42e-14  3.98e-14     3s
  26   6.06482874e-01  6.06482881e-01  4.49e-15 1.42e-14  1.39e-14     4s
  27   6.06482878e-01  6.06482880e-01  3.22e-15 1.42e-14  3.27e-15     4s
  28   6.06482879e-01  6.06482879e-01  3.84e-15 2.84e-14  8.31e-16     4s
  29   6.06482879e-01  6.06482879e-01  2.10e-15 1.42e-14  2.47e-16     4s
  30   6.06482879e-01  6.06482879e-01  1.21e-15 1.42e-14  1.90e-16     4s
  31   6.06482879e-01  6.06482879e-01  6.43e-16 7.11e-15  1.05e-16     4s
  32   6.06482879e-01  6.06482879e-01  5.71e-16 1.42e-14  8.52e-17     4s

Barrier solved model in 32 iterations and 4.03 seconds (3.76 work units)
Optimal objective 6.06482879e-01

objective value: 0.6064828792417937
Done! Time elapsed: 24.24862790107727 seconds.
g_0_1: 1.0000036695702852
g_1_1: 1.0000023087381484
g_1_2: 1.0000065086202157
g_2_1: 1.0000042363294364
g_2_2: 1.0000119427818817
g_2_3: 1.0000042363294366
g_2_4: 1.0000119427818532
Parameters from last iteration: [0.17400064 0.70700163 0.17400113 0.707003   0.17400208 0.707003
 0.17400208]

Parameters from current iteration:
                [0.17400064 0.70700163 0.17400113 0.707003   0.17400208 0.707003
 0.17400208]


                Percentage Error = 1.1165902815265184e-15
                
year done: 138
Time 139: 2
Optimization Iteration[1/20000]

Solving the optimization problem...
Set parameter TokenServer to value "licenses.rcc.uchicago.edu"
Read LP format model from file /scratch/local/jobs/50183984/tmp0m8gm64n.pyomo.lp
Reading time = 1.35 seconds
x1: 258121 rows, 502401 columns, 1259970 nonzeros
Set parameter Threads to value 8
Set parameter BarConvTol to value 1e-12
Gurobi Optimizer version 11.0.0 build v11.0.0rc2 (linux64 - "CentOS Linux 8")

CPU model: Intel(R) Xeon(R) Gold 6248R CPU @ 3.00GHz, instruction set [SSE2|AVX|AVX2|AVX512]
Thread count: 48 physical cores, 48 logical processors, using up to 8 threads

Optimize a model with 258121 rows, 502401 columns and 1259970 nonzeros
Model fingerprint: 0x076b72b3
Model has 3166 quadratic objective terms
Coefficient statistics:
  Matrix range     [1e+00, 1e+03]
  Objective range  [5e-07, 7e+01]
  QObjective range [3e-01, 3e+03]
  Bounds range     [3e-04, 1e+00]
  RHS range        [6e-17, 6e+00]
Presolve removed 131482 rows and 128814 columns
Presolve time: 0.55s
Presolved: 126639 rows, 373587 columns, 743930 nonzeros
Presolved model has 3166 quadratic objective terms
Ordering time: 0.16s

Barrier statistics:
 AA' NZ     : 3.709e+05
 Factor NZ  : 4.212e+06 (roughly 240 MB of memory)
 Factor Ops : 3.974e+08 (less than 1 second per iteration)
 Threads    : 8

                  Objective                Residual
Iter       Primal          Dual         Primal    Dual     Compl     Time
   0  -1.08858984e+09  8.63519648e+08  7.80e+04 1.13e-13  1.00e+06     1s
   1  -6.35727304e+08  5.82241624e+08  1.87e+04 1.60e+02  2.62e+05     1s
   2  -3.24155004e+08  3.24098671e+08  2.36e+02 1.04e+00  4.64e+03     1s
   3  -7.58808412e+07  7.65393860e+07  1.95e+00 1.48e-12  3.30e+02     1s
   4  -1.46363886e+07  1.53249905e+07  1.70e-01 3.96e-12  6.19e+01     1s
   5  -2.69569144e+06  2.98245177e+06  1.33e-02 1.25e-12  1.15e+01     1s
   6  -3.92606322e+05  4.49318466e+05  1.33e-08 7.86e-13  1.69e+00     2s
   7  -5.87274283e+04  7.36725350e+04  1.65e-13 6.70e-13  2.66e-01     2s
   8  -8.85465170e+03  1.06079573e+04  5.91e-14 2.78e-13  3.92e-02     2s
   9  -1.41611650e+03  1.73859181e+03  2.33e-14 4.26e-14  6.35e-03     2s
  10  -2.31465766e+02  2.19513449e+02  5.74e-15 2.58e-14  9.07e-04     2s
  11  -5.13566350e+01  3.36566998e+01  3.60e-15 2.84e-14  1.71e-04     2s
  12  -8.57318031e+00  5.82509994e+00  1.10e-15 1.42e-14  2.90e-05     2s
  13  -1.08943382e+00  1.07684347e+00  3.75e-16 1.42e-14  4.36e-06     2s
  14  -2.41698574e-01  9.92958568e-01  4.07e-16 4.26e-14  2.48e-06     3s
  15   3.99034966e-01  6.93663508e-01  5.23e-17 2.13e-14  5.93e-07     3s
  16   5.22670612e-01  6.37245823e-01  7.46e-17 2.84e-14  2.31e-07     3s
  17   5.59542170e-01  6.23041849e-01  6.51e-17 1.42e-14  1.28e-07     3s
  18   5.86977316e-01  6.12743913e-01  1.59e-16 1.42e-14  5.18e-08     3s
  19   5.99373161e-01  6.08143922e-01  5.18e-17 1.42e-14  1.76e-08     3s
  20   6.03861026e-01  6.06557715e-01  1.18e-16 1.42e-14  5.43e-09     3s
  21   6.04949238e-01  6.06173586e-01  6.19e-17 1.42e-14  2.46e-09     3s
  22   6.05765019e-01  6.05886579e-01  6.59e-17 1.42e-14  2.45e-10     3s
  23   6.05845374e-01  6.05858308e-01  6.21e-17 2.84e-14  2.60e-11     3s
  24   6.05854798e-01  6.05855000e-01  1.40e-16 2.13e-14  4.06e-13     3s
  25   6.05854933e-01  6.05854953e-01  2.38e-15 1.42e-14  3.95e-14     3s
  26   6.05854943e-01  6.05854950e-01  3.89e-15 1.42e-14  1.39e-14     4s
  27   6.05854947e-01  6.05854948e-01  3.00e-15 2.84e-14  3.25e-15     4s
  28   6.05854948e-01  6.05854948e-01  3.37e-15 1.42e-14  8.27e-16     4s
  29   6.05854948e-01  6.05854948e-01  1.62e-15 1.42e-14  2.45e-16     4s
  30   6.05854948e-01  6.05854948e-01  1.29e-15 1.42e-14  1.87e-16     4s
  31   6.05854948e-01  6.05854948e-01  6.95e-16 1.42e-14  1.04e-16     4s
  32   6.05854948e-01  6.05854948e-01  4.54e-16 1.42e-14  8.20e-17     4s

Barrier solved model in 32 iterations and 4.03 seconds (3.76 work units)
Optimal objective 6.05854948e-01

objective value: 0.6058549478817679
Done! Time elapsed: 25.761443376541138 seconds.
g_0_1: 1.000003669570285
g_1_1: 1.0000023087381487
g_1_2: 1.0000065086202157
g_2_1: 1.0000042363294364
g_2_2: 1.0000119427818803
g_2_3: 1.0000042363294366
g_2_4: 1.0000119427818532
Parameters from last iteration: [0.17400064 0.70700163 0.17400113 0.707003   0.17400208 0.707003
 0.17400208]

Parameters from current iteration:
                [0.17400064 0.70700163 0.17400113 0.707003   0.17400208 0.707003
 0.17400208]


                Percentage Error = 1.4356160762483824e-15
                
year done: 139
Time 140: 2
Optimization Iteration[1/20000]

Solving the optimization problem...
Set parameter TokenServer to value "licenses.rcc.uchicago.edu"
Read LP format model from file /scratch/local/jobs/50183984/tmpjg55mhqh.pyomo.lp
Reading time = 1.45 seconds
x1: 258121 rows, 502401 columns, 1259970 nonzeros
Set parameter Threads to value 8
Set parameter BarConvTol to value 1e-12
Gurobi Optimizer version 11.0.0 build v11.0.0rc2 (linux64 - "CentOS Linux 8")

CPU model: Intel(R) Xeon(R) Gold 6248R CPU @ 3.00GHz, instruction set [SSE2|AVX|AVX2|AVX512]
Thread count: 48 physical cores, 48 logical processors, using up to 8 threads

Optimize a model with 258121 rows, 502401 columns and 1259970 nonzeros
Model fingerprint: 0x2c96e6c6
Model has 3166 quadratic objective terms
Coefficient statistics:
  Matrix range     [1e+00, 1e+03]
  Objective range  [5e-07, 7e+01]
  QObjective range [3e-01, 3e+03]
  Bounds range     [3e-04, 1e+00]
  RHS range        [6e-17, 6e+00]
Presolve removed 131482 rows and 128814 columns
Presolve time: 0.55s
Presolved: 126639 rows, 373587 columns, 743930 nonzeros
Presolved model has 3166 quadratic objective terms
Ordering time: 0.16s

Barrier statistics:
 AA' NZ     : 3.709e+05
 Factor NZ  : 4.212e+06 (roughly 240 MB of memory)
 Factor Ops : 3.974e+08 (less than 1 second per iteration)
 Threads    : 8

                  Objective                Residual
Iter       Primal          Dual         Primal    Dual     Compl     Time
   0  -1.08858984e+09  8.63519648e+08  7.80e+04 1.14e-13  1.00e+06     1s
   1  -6.35727304e+08  5.82241624e+08  1.87e+04 1.60e+02  2.62e+05     1s
   2  -3.24155004e+08  3.24098671e+08  2.36e+02 1.04e+00  4.64e+03     1s
   3  -7.58808412e+07  7.65393860e+07  1.95e+00 1.85e-12  3.30e+02     1s
   4  -1.46363886e+07  1.53249905e+07  1.70e-01 3.76e-12  6.19e+01     1s
   5  -2.69569144e+06  2.98245177e+06  1.33e-02 1.24e-12  1.15e+01     1s
   6  -3.92606322e+05  4.49318465e+05  1.33e-08 1.92e-12  1.69e+00     2s
   7  -5.87274289e+04  7.36725344e+04  1.54e-13 6.09e-13  2.66e-01     2s
   8  -8.85465229e+03  1.06079567e+04  5.24e-14 2.51e-13  3.92e-02     2s
   9  -1.41611710e+03  1.73859121e+03  2.52e-14 4.61e-14  6.35e-03     2s
  10  -2.31466366e+02  2.19512849e+02  6.95e-15 2.84e-14  9.07e-04     2s
  11  -5.13572347e+01  3.36561001e+01  3.29e-15 1.42e-14  1.71e-04     2s
  12  -8.57377998e+00  5.82450027e+00  1.18e-15 2.84e-14  2.90e-05     2s
  13  -1.09003349e+00  1.07624380e+00  4.58e-16 1.42e-14  4.36e-06     2s
  14  -2.42298243e-01  9.92358899e-01  2.50e-16 2.84e-14  2.48e-06     3s
  15   3.98435296e-01  6.93063838e-01  5.21e-17 2.13e-14  5.93e-07     3s
  16   5.22070943e-01  6.36646153e-01  1.12e-16 2.84e-14  2.31e-07     3s
  17   5.58942501e-01  6.22442179e-01  8.85e-17 2.13e-14  1.28e-07     3s
  18   5.86377647e-01  6.12144243e-01  1.18e-16 1.42e-14  5.18e-08     3s
  19   5.98773492e-01  6.07544252e-01  7.47e-17 1.42e-14  1.76e-08     3s
  20   6.03261356e-01  6.05958046e-01  5.43e-17 1.60e-14  5.43e-09     3s
  21   6.04349568e-01  6.05573916e-01  4.42e-17 1.42e-14  2.46e-09     3s
  22   6.05165349e-01  6.05286909e-01  8.04e-17 1.42e-14  2.45e-10     3s
  23   6.05245704e-01  6.05258638e-01  1.30e-16 2.84e-14  2.60e-11     3s
  24   6.05255129e-01  6.05255331e-01  1.78e-16 2.13e-14  4.06e-13     3s
  25   6.05255264e-01  6.05255283e-01  2.35e-15 2.84e-14  3.93e-14     3s
  26   6.05255273e-01  6.05255280e-01  5.01e-15 1.42e-14  1.38e-14     3s
  27   6.05255277e-01  6.05255279e-01  3.10e-15 1.42e-14  3.23e-15     4s
  28   6.05255278e-01  6.05255278e-01  4.51e-15 2.84e-14  8.22e-16     4s
  29   6.05255278e-01  6.05255278e-01  1.53e-15 8.44e-15  2.44e-16     4s
  30   6.05255278e-01  6.05255278e-01  1.01e-15 1.42e-14  1.84e-16     4s
  31   6.05255278e-01  6.05255278e-01  5.97e-16 1.42e-14  1.02e-16     4s
  32   6.05255278e-01  6.05255278e-01  4.83e-16 1.42e-14  7.83e-17     4s

Barrier solved model in 32 iterations and 4.03 seconds (3.76 work units)
Optimal objective 6.05255278e-01

objective value: 0.6052552780886566
Done! Time elapsed: 24.336918592453003 seconds.
g_0_1: 1.0000036695702847
g_1_1: 1.0000023087381489
g_1_2: 1.0000065086202155
g_2_1: 1.0000042363294366
g_2_2: 1.000011942781879
g_2_3: 1.0000042363294368
g_2_4: 1.000011942781853
Parameters from last iteration: [0.17400064 0.70700163 0.17400113 0.707003   0.17400208 0.707003
 0.17400208]

Parameters from current iteration:
                [0.17400064 0.70700163 0.17400113 0.707003   0.17400208 0.707003
 0.17400208]


                Percentage Error = 1.2761031788874529e-15
                
year done: 140
Time 141: 2
Optimization Iteration[1/20000]

Solving the optimization problem...
Set parameter TokenServer to value "licenses.rcc.uchicago.edu"
Read LP format model from file /scratch/local/jobs/50183984/tmp_qz29_4q.pyomo.lp
Reading time = 1.35 seconds
x1: 258121 rows, 502401 columns, 1259970 nonzeros
Set parameter Threads to value 8
Set parameter BarConvTol to value 1e-12
Gurobi Optimizer version 11.0.0 build v11.0.0rc2 (linux64 - "CentOS Linux 8")

CPU model: Intel(R) Xeon(R) Gold 6248R CPU @ 3.00GHz, instruction set [SSE2|AVX|AVX2|AVX512]
Thread count: 48 physical cores, 48 logical processors, using up to 8 threads

Optimize a model with 258121 rows, 502401 columns and 1259970 nonzeros
Model fingerprint: 0xad83152a
Model has 3166 quadratic objective terms
Coefficient statistics:
  Matrix range     [1e+00, 1e+03]
  Objective range  [5e-07, 7e+01]
  QObjective range [3e-01, 3e+03]
  Bounds range     [3e-04, 1e+00]
  RHS range        [6e-17, 6e+00]
Presolve removed 131482 rows and 128814 columns
Presolve time: 0.55s
Presolved: 126639 rows, 373587 columns, 743930 nonzeros
Presolved model has 3166 quadratic objective terms
Ordering time: 0.16s

Barrier statistics:
 AA' NZ     : 3.709e+05
 Factor NZ  : 4.212e+06 (roughly 240 MB of memory)
 Factor Ops : 3.974e+08 (less than 1 second per iteration)
 Threads    : 8

                  Objective                Residual
Iter       Primal          Dual         Primal    Dual     Compl     Time
   0  -1.08858984e+09  8.63519648e+08  7.80e+04 1.13e-13  1.00e+06     1s
   1  -6.35727304e+08  5.82241624e+08  1.87e+04 1.60e+02  2.62e+05     1s
   2  -3.24155004e+08  3.24098671e+08  2.36e+02 1.04e+00  4.64e+03     1s
   3  -7.58808412e+07  7.65393860e+07  1.95e+00 1.78e-12  3.30e+02     1s
   4  -1.46363886e+07  1.53249905e+07  1.70e-01 5.84e-12  6.19e+01     1s
   5  -2.69569144e+06  2.98245177e+06  1.33e-02 1.44e-12  1.15e+01     1s
   6  -3.92606323e+05  4.49318464e+05  1.33e-08 8.72e-13  1.69e+00     2s
   7  -5.87274294e+04  7.36725339e+04  1.89e-13 6.90e-13  2.66e-01     2s
   8  -8.85465287e+03  1.06079561e+04  6.65e-14 2.22e-13  3.92e-02     2s
   9  -1.41611767e+03  1.73859064e+03  1.99e-14 5.68e-14  6.35e-03     2s
  10  -2.31466938e+02  2.19512276e+02  7.97e-15 2.84e-14  9.07e-04     2s
  11  -5.13578073e+01  3.36555274e+01  4.10e-15 1.51e-14  1.71e-04     2s
  12  -8.57435266e+00  5.82392759e+00  1.38e-15 1.42e-14  2.90e-05     2s
  13  -1.09060617e+00  1.07567112e+00  2.73e-16 1.42e-14  4.36e-06     2s
  14  -2.42870924e-01  9.91786218e-01  2.65e-16 3.55e-14  2.48e-06     3s
  15   3.97862616e-01  6.92491158e-01  5.16e-17 1.42e-14  5.93e-07     3s
  16   5.21498262e-01  6.36073473e-01  9.43e-17 1.42e-14  2.31e-07     3s
  17   5.58369820e-01  6.21869499e-01  1.02e-16 2.84e-14  1.28e-07     3s
  18   5.85804966e-01  6.11571563e-01  3.80e-17 1.42e-14  5.18e-08     3s
  19   5.98200811e-01  6.06971572e-01  5.02e-17 1.42e-14  1.76e-08     3s
  20   6.02688676e-01  6.05385365e-01  3.77e-17 1.42e-14  5.43e-09     3s
  21   6.03776888e-01  6.05001236e-01  9.92e-17 1.42e-14  2.46e-09     3s
  22   6.04592669e-01  6.04714229e-01  4.96e-17 1.42e-14  2.45e-10     3s
  23   6.04673024e-01  6.04685958e-01  9.20e-17 2.13e-14  2.60e-11     3s
  24   6.04682448e-01  6.04682650e-01  1.27e-16 1.42e-14  4.06e-13     3s
  25   6.04682584e-01  6.04682603e-01  2.91e-15 1.42e-14  3.90e-14     3s
  26   6.04682593e-01  6.04682600e-01  4.24e-15 1.42e-14  1.37e-14     4s
  27   6.04682597e-01  6.04682598e-01  3.38e-15 1.42e-14  3.21e-15     4s
  28   6.04682598e-01  6.04682598e-01  3.95e-15 1.42e-14  8.17e-16     4s
  29   6.04682598e-01  6.04682598e-01  1.78e-15 1.42e-14  2.42e-16     4s
  30   6.04682598e-01  6.04682598e-01  1.19e-15 1.42e-14  1.82e-16     4s
  31   6.04682598e-01  6.04682598e-01  5.84e-16 1.42e-14  1.01e-16     4s
  32   6.04682598e-01  6.04682598e-01  3.76e-16 7.11e-15  7.43e-17     4s

Barrier solved model in 32 iterations and 4.03 seconds (3.76 work units)
Optimal objective 6.04682598e-01

objective value: 0.6046825978823346
Done! Time elapsed: 24.233445644378662 seconds.
g_0_1: 1.0000036695702843
g_1_1: 1.0000023087381489
g_1_2: 1.000006508620215
g_2_1: 1.0000042363294366
g_2_2: 1.0000119427818777
g_2_3: 1.0000042363294368
g_2_4: 1.0000119427818528
Parameters from last iteration: [0.17400064 0.70700163 0.17400113 0.707003   0.17400208 0.707003
 0.17400208]

Parameters from current iteration:
                [0.17400064 0.70700163 0.17400113 0.707003   0.17400208 0.707003
 0.17400208]


                Percentage Error = 1.4356160762483862e-15
                
year done: 141
Time 142: 2
Optimization Iteration[1/20000]

Solving the optimization problem...
Set parameter TokenServer to value "licenses.rcc.uchicago.edu"
Read LP format model from file /scratch/local/jobs/50183984/tmpnifruu8o.pyomo.lp
Reading time = 1.35 seconds
x1: 258121 rows, 502401 columns, 1259970 nonzeros
Set parameter Threads to value 8
Set parameter BarConvTol to value 1e-12
Gurobi Optimizer version 11.0.0 build v11.0.0rc2 (linux64 - "CentOS Linux 8")

CPU model: Intel(R) Xeon(R) Gold 6248R CPU @ 3.00GHz, instruction set [SSE2|AVX|AVX2|AVX512]
Thread count: 48 physical cores, 48 logical processors, using up to 8 threads

Optimize a model with 258121 rows, 502401 columns and 1259970 nonzeros
Model fingerprint: 0xf7dffe06
Model has 3166 quadratic objective terms
Coefficient statistics:
  Matrix range     [1e+00, 1e+03]
  Objective range  [5e-07, 7e+01]
  QObjective range [3e-01, 3e+03]
  Bounds range     [3e-04, 1e+00]
  RHS range        [6e-17, 6e+00]
Presolve removed 131482 rows and 128814 columns
Presolve time: 0.55s
Presolved: 126639 rows, 373587 columns, 743930 nonzeros
Presolved model has 3166 quadratic objective terms
Ordering time: 0.16s

Barrier statistics:
 AA' NZ     : 3.709e+05
 Factor NZ  : 4.212e+06 (roughly 240 MB of memory)
 Factor Ops : 3.974e+08 (less than 1 second per iteration)
 Threads    : 8

                  Objective                Residual
Iter       Primal          Dual         Primal    Dual     Compl     Time
   0  -1.08858984e+09  8.63519648e+08  7.80e+04 1.13e-13  1.00e+06     1s
   1  -6.35727304e+08  5.82241624e+08  1.87e+04 1.60e+02  2.62e+05     1s
   2  -3.24155004e+08  3.24098671e+08  2.36e+02 1.04e+00  4.64e+03     1s
   3  -7.58808412e+07  7.65393860e+07  1.95e+00 1.39e-12  3.30e+02     1s
   4  -1.46363886e+07  1.53249905e+07  1.70e-01 4.87e-12  6.19e+01     1s
   5  -2.69569144e+06  2.98245177e+06  1.33e-02 1.25e-12  1.15e+01     1s
   6  -3.92606323e+05  4.49318464e+05  1.33e-08 1.46e-12  1.69e+00     2s
   7  -5.87274300e+04  7.36725333e+04  1.78e-13 7.35e-13  2.66e-01     2s
   8  -8.85465341e+03  1.06079556e+04  7.98e-14 2.38e-13  3.92e-02     2s
   9  -1.41611822e+03  1.73859009e+03  2.83e-14 3.82e-14  6.35e-03     2s
  10  -2.31467485e+02  2.19511730e+02  8.23e-15 2.84e-14  9.07e-04     2s
  11  -5.13583543e+01  3.36549805e+01  4.00e-15 1.42e-14  1.71e-04     2s
  12  -8.57489956e+00  5.82338068e+00  9.47e-16 1.42e-14  2.90e-05     2s
  13  -1.09115307e+00  1.07512422e+00  3.21e-16 1.42e-14  4.36e-06     2s
  14  -2.43417829e-01  9.91239313e-01  2.92e-16 2.84e-14  2.48e-06     3s
  15   3.97315711e-01  6.91944253e-01  5.60e-17 2.13e-14  5.93e-07     3s
  16   5.20951357e-01  6.35526567e-01  9.71e-17 1.42e-14  2.31e-07     3s
  17   5.57822915e-01  6.21322594e-01  7.09e-17 1.42e-14  1.28e-07     3s
  18   5.85258061e-01  6.11024657e-01  1.15e-16 1.42e-14  5.18e-08     3s
  19   5.97653906e-01  6.06424667e-01  1.07e-16 2.84e-14  1.76e-08     3s
  20   6.02141771e-01  6.04838460e-01  7.01e-17 1.42e-14  5.43e-09     3s
  21   6.03229983e-01  6.04454331e-01  6.25e-17 1.42e-14  2.46e-09     3s
  22   6.04045763e-01  6.04167324e-01  8.37e-17 1.42e-14  2.45e-10     3s
  23   6.04126119e-01  6.04139053e-01  7.20e-17 1.42e-14  2.60e-11     3s
  24   6.04135543e-01  6.04135745e-01  1.45e-16 1.42e-14  4.06e-13     3s
  25   6.04135678e-01  6.04135698e-01  2.34e-15 2.13e-14  3.88e-14     3s
  26   6.04135688e-01  6.04135694e-01  3.97e-15 1.42e-14  1.37e-14     3s
  27   6.04135691e-01  6.04135693e-01  3.34e-15 1.42e-14  3.19e-15     4s
  28   6.04135692e-01  6.04135693e-01  3.55e-15 2.84e-14  8.12e-16     4s
  29   6.04135692e-01  6.04135693e-01  2.39e-15 1.42e-14  2.41e-16     4s
  30   6.04135692e-01  6.04135693e-01  9.85e-16 1.42e-14  1.79e-16     4s
  31   6.04135693e-01  6.04135693e-01  6.57e-16 1.42e-14  9.89e-17     4s

Barrier solved model in 31 iterations and 3.93 seconds (3.68 work units)
Optimal objective 6.04135693e-01

objective value: 0.604135692520772
Done! Time elapsed: 24.395467042922974 seconds.
g_0_1: 1.000003669570286
g_1_1: 1.000002308738148
g_1_2: 1.0000065086202163
g_2_1: 1.000004236329436
g_2_2: 1.0000119427818865
g_2_3: 1.0000042363294364
g_2_4: 1.0000119427818537
Parameters from last iteration: [0.17400064 0.70700163 0.17400113 0.707003   0.17400208 0.707003
 0.17400208]

Parameters from current iteration:
                [0.17400064 0.70700163 0.17400113 0.707003   0.17400208 0.707003
 0.17400208]


                Percentage Error = 8.932722252212193e-15
                
year done: 142
Time 143: 2
Optimization Iteration[1/20000]

Solving the optimization problem...
Set parameter TokenServer to value "licenses.rcc.uchicago.edu"
Read LP format model from file /scratch/local/jobs/50183984/tmpux3glmu4.pyomo.lp
Reading time = 1.35 seconds
x1: 258121 rows, 502401 columns, 1259970 nonzeros
Set parameter Threads to value 8
Set parameter BarConvTol to value 1e-12
Gurobi Optimizer version 11.0.0 build v11.0.0rc2 (linux64 - "CentOS Linux 8")

CPU model: Intel(R) Xeon(R) Gold 6248R CPU @ 3.00GHz, instruction set [SSE2|AVX|AVX2|AVX512]
Thread count: 48 physical cores, 48 logical processors, using up to 8 threads

Optimize a model with 258121 rows, 502401 columns and 1259970 nonzeros
Model fingerprint: 0x4fca00e0
Model has 3166 quadratic objective terms
Coefficient statistics:
  Matrix range     [1e+00, 1e+03]
  Objective range  [5e-07, 7e+01]
  QObjective range [3e-01, 3e+03]
  Bounds range     [3e-04, 1e+00]
  RHS range        [6e-17, 6e+00]
Presolve removed 131482 rows and 128814 columns
Presolve time: 0.55s
Presolved: 126639 rows, 373587 columns, 743930 nonzeros
Presolved model has 3166 quadratic objective terms
Ordering time: 0.16s

Barrier statistics:
 AA' NZ     : 3.709e+05
 Factor NZ  : 4.212e+06 (roughly 240 MB of memory)
 Factor Ops : 3.974e+08 (less than 1 second per iteration)
 Threads    : 8

                  Objective                Residual
Iter       Primal          Dual         Primal    Dual     Compl     Time
   0  -1.08858984e+09  8.63519648e+08  7.80e+04 1.14e-13  1.00e+06     1s
   1  -6.35727304e+08  5.82241624e+08  1.87e+04 1.60e+02  2.62e+05     1s
   2  -3.24155004e+08  3.24098671e+08  2.36e+02 1.04e+00  4.64e+03     1s
   3  -7.58808412e+07  7.65393860e+07  1.95e+00 1.46e-12  3.30e+02     1s
   4  -1.46363886e+07  1.53249905e+07  1.70e-01 5.43e-12  6.19e+01     1s
   5  -2.69569145e+06  2.98245177e+06  1.33e-02 1.44e-12  1.15e+01     1s
   6  -3.92606324e+05  4.49318463e+05  1.33e-08 1.09e-12  1.69e+00     2s
   7  -5.87274305e+04  7.36725328e+04  1.34e-13 6.26e-13  2.66e-01     2s
   8  -8.85465394e+03  1.06079551e+04  6.63e-14 2.76e-13  3.92e-02     2s
   9  -1.41611874e+03  1.73858957e+03  1.89e-14 4.43e-14  6.35e-03     2s
  10  -2.31468008e+02  2.19511207e+02  7.14e-15 2.13e-14  9.07e-04     2s
  11  -5.13588765e+01  3.36544582e+01  3.70e-15 2.84e-14  1.71e-04     2s
  12  -8.57542186e+00  5.82285839e+00  9.60e-16 1.42e-14  2.90e-05     2s
  13  -1.09167536e+00  1.07460193e+00  5.45e-16 2.84e-14  4.36e-06     2s
  14  -2.43940120e-01  9.90717023e-01  3.39e-16 3.55e-14  2.48e-06     3s
  15   3.96793420e-01  6.91421962e-01  6.35e-17 2.84e-14  5.93e-07     3s
  16   5.20429067e-01  6.35004277e-01  1.16e-16 2.84e-14  2.31e-07     3s
  17   5.57300625e-01  6.20800303e-01  8.11e-17 1.42e-14  1.28e-07     3s
  18   5.84735770e-01  6.10502367e-01  9.60e-17 1.42e-14  5.18e-08     3s
  19   5.97131616e-01  6.05902376e-01  8.30e-17 2.84e-14  1.76e-08     3s
  20   6.01619480e-01  6.04316170e-01  1.00e-16 1.87e-14  5.43e-09     3s
  21   6.02707692e-01  6.03932040e-01  8.36e-17 1.42e-14  2.46e-09     3s
  22   6.03523473e-01  6.03645033e-01  7.12e-17 1.42e-14  2.45e-10     3s
  23   6.03603828e-01  6.03616762e-01  7.29e-17 1.42e-14  2.60e-11     3s
  24   6.03613253e-01  6.03613455e-01  1.36e-16 2.84e-14  4.06e-13     3s
  25   6.03613388e-01  6.03613407e-01  2.28e-15 2.13e-14  3.86e-14     3s
  26   6.03613397e-01  6.03613404e-01  5.18e-15 1.42e-14  1.36e-14     3s
  27   6.03613401e-01  6.03613402e-01  4.15e-15 1.42e-14  3.18e-15     4s
  28   6.03613402e-01  6.03613402e-01  4.47e-15 1.42e-14  8.08e-16     4s
  29   6.03613402e-01  6.03613402e-01  2.40e-15 1.42e-14  2.40e-16     4s
  30   6.03613402e-01  6.03613402e-01  1.02e-15 1.42e-14  1.77e-16     4s
  31   6.03613402e-01  6.03613402e-01  6.86e-16 1.42e-14  9.75e-17     4s

Barrier solved model in 31 iterations and 3.91 seconds (3.68 work units)
Optimal objective 6.03613402e-01

objective value: 0.6036134019643478
Done! Time elapsed: 25.739046812057495 seconds.
g_0_1: 1.0000036695702859
g_1_1: 1.0000023087381482
g_1_2: 1.0000065086202161
g_2_1: 1.000004236329436
g_2_2: 1.000011942781886
g_2_3: 1.0000042363294364
g_2_4: 1.0000119427818535
Parameters from last iteration: [0.17400064 0.70700163 0.17400113 0.707003   0.17400208 0.707003
 0.17400208]

Parameters from current iteration:
                [0.17400064 0.70700163 0.17400113 0.707003   0.17400208 0.707003
 0.17400208]


                Percentage Error = 4.785386920827918e-16
                
year done: 143
Time 144: 2
Optimization Iteration[1/20000]

Solving the optimization problem...
Set parameter TokenServer to value "licenses.rcc.uchicago.edu"
Read LP format model from file /scratch/local/jobs/50183984/tmpedhsyflv.pyomo.lp
Reading time = 1.34 seconds
x1: 258121 rows, 502401 columns, 1259970 nonzeros
Set parameter Threads to value 8
Set parameter BarConvTol to value 1e-12
Gurobi Optimizer version 11.0.0 build v11.0.0rc2 (linux64 - "CentOS Linux 8")

CPU model: Intel(R) Xeon(R) Gold 6248R CPU @ 3.00GHz, instruction set [SSE2|AVX|AVX2|AVX512]
Thread count: 48 physical cores, 48 logical processors, using up to 8 threads

Optimize a model with 258121 rows, 502401 columns and 1259970 nonzeros
Model fingerprint: 0x969ffccc
Model has 3166 quadratic objective terms
Coefficient statistics:
  Matrix range     [1e+00, 1e+03]
  Objective range  [5e-07, 7e+01]
  QObjective range [3e-01, 3e+03]
  Bounds range     [3e-04, 1e+00]
  RHS range        [6e-17, 6e+00]
Presolve removed 131482 rows and 128814 columns
Presolve time: 0.55s
Presolved: 126639 rows, 373587 columns, 743930 nonzeros
Presolved model has 3166 quadratic objective terms
Ordering time: 0.16s

Barrier statistics:
 AA' NZ     : 3.709e+05
 Factor NZ  : 4.212e+06 (roughly 240 MB of memory)
 Factor Ops : 3.974e+08 (less than 1 second per iteration)
 Threads    : 8

                  Objective                Residual
Iter       Primal          Dual         Primal    Dual     Compl     Time
   0  -1.08858984e+09  8.63519648e+08  7.80e+04 1.13e-13  1.00e+06     1s
   1  -6.35727304e+08  5.82241624e+08  1.87e+04 1.60e+02  2.62e+05     1s
   2  -3.24155004e+08  3.24098671e+08  2.36e+02 1.04e+00  4.64e+03     1s
   3  -7.58808412e+07  7.65393860e+07  1.95e+00 1.42e-12  3.30e+02     1s
   4  -1.46363886e+07  1.53249905e+07  1.70e-01 3.77e-12  6.19e+01     1s
   5  -2.69569145e+06  2.98245177e+06  1.33e-02 1.43e-12  1.15e+01     1s
   6  -3.92606325e+05  4.49318463e+05  1.33e-08 8.89e-13  1.69e+00     2s
   7  -5.87274310e+04  7.36725323e+04  1.25e-13 7.00e-13  2.66e-01     2s
   8  -8.85465444e+03  1.06079546e+04  6.80e-14 2.63e-13  3.92e-02     2s
   9  -1.41611924e+03  1.73858907e+03  2.30e-14 4.48e-14  6.35e-03     2s
  10  -2.31468506e+02  2.19510709e+02  7.99e-15 2.84e-14  9.07e-04     2s
  11  -5.13593753e+01  3.36539594e+01  4.29e-15 2.84e-14  1.71e-04     2s
  12  -8.57592064e+00  5.82235961e+00  1.04e-15 1.42e-14  2.90e-05     2s
  13  -1.09217415e+00  1.07410314e+00  4.03e-16 1.42e-14  4.36e-06     2s
  14  -2.44438903e-01  9.90218239e-01  2.78e-16 2.84e-14  2.48e-06     3s
  15   3.96294637e-01  6.90923179e-01  5.77e-17 1.42e-14  5.93e-07     3s
  16   5.19930283e-01  6.34505493e-01  5.35e-17 1.42e-14  2.31e-07     3s
  17   5.56801841e-01  6.20301519e-01  4.59e-17 2.13e-14  1.28e-07     3s
  18   5.84236987e-01  6.10003583e-01  7.09e-17 1.42e-14  5.18e-08     3s
  19   5.96632832e-01  6.05403593e-01  5.78e-17 1.42e-14  1.76e-08     3s
  20   6.01120696e-01  6.03817386e-01  6.09e-17 1.42e-14  5.43e-09     3s
  21   6.02208909e-01  6.03433257e-01  5.83e-17 1.42e-14  2.46e-09     3s
  22   6.03024689e-01  6.03146249e-01  1.02e-16 1.42e-14  2.45e-10     3s
  23   6.03105044e-01  6.03117979e-01  1.19e-16 1.42e-14  2.60e-11     3s
  24   6.03114469e-01  6.03114671e-01  1.24e-16 2.84e-14  4.06e-13     3s
  25   6.03114604e-01  6.03114623e-01  2.60e-15 1.47e-14  3.84e-14     3s
  26   6.03114613e-01  6.03114620e-01  5.27e-15 1.42e-14  1.35e-14     4s
  27   6.03114617e-01  6.03114619e-01  3.78e-15 2.84e-14  3.17e-15     4s
  28   6.03114618e-01  6.03114618e-01  3.72e-15 1.42e-14  8.04e-16     4s
  29   6.03114618e-01  6.03114618e-01  1.61e-15 7.55e-15  2.39e-16     4s
  30   6.03114618e-01  6.03114618e-01  1.19e-15 2.84e-14  1.75e-16     4s
  31   6.03114618e-01  6.03114618e-01  6.28e-16 1.42e-14  9.59e-17     4s

Barrier solved model in 31 iterations and 3.94 seconds (3.68 work units)
Optimal objective 6.03114618e-01

objective value: 0.6031146183553087
Done! Time elapsed: 24.309163093566895 seconds.
g_0_1: 1.0000036695702859
g_1_1: 1.0000023087381482
g_1_2: 1.0000065086202161
g_2_1: 1.0000042363294361
g_2_2: 1.0000119427818854
g_2_3: 1.0000042363294364
g_2_4: 1.0000119427818537
Parameters from last iteration: [0.17400064 0.70700163 0.17400113 0.707003   0.17400208 0.707003
 0.17400208]

Parameters from current iteration:
                [0.17400064 0.70700163 0.17400113 0.707003   0.17400208 0.707003
 0.17400208]


                Percentage Error = 6.380515894437227e-16
                
year done: 144
Time 145: 2
Optimization Iteration[1/20000]

Solving the optimization problem...
Set parameter TokenServer to value "licenses.rcc.uchicago.edu"
Read LP format model from file /scratch/local/jobs/50183984/tmpnjegs9tv.pyomo.lp
Reading time = 1.34 seconds
x1: 258121 rows, 502401 columns, 1259970 nonzeros
Set parameter Threads to value 8
Set parameter BarConvTol to value 1e-12
Gurobi Optimizer version 11.0.0 build v11.0.0rc2 (linux64 - "CentOS Linux 8")

CPU model: Intel(R) Xeon(R) Gold 6248R CPU @ 3.00GHz, instruction set [SSE2|AVX|AVX2|AVX512]
Thread count: 48 physical cores, 48 logical processors, using up to 8 threads

Optimize a model with 258121 rows, 502401 columns and 1259970 nonzeros
Model fingerprint: 0xb2f2905b
Model has 3166 quadratic objective terms
Coefficient statistics:
  Matrix range     [1e+00, 1e+03]
  Objective range  [5e-07, 7e+01]
  QObjective range [3e-01, 3e+03]
  Bounds range     [3e-04, 1e+00]
  RHS range        [6e-17, 6e+00]
Presolve removed 131482 rows and 128814 columns
Presolve time: 0.55s
Presolved: 126639 rows, 373587 columns, 743930 nonzeros
Presolved model has 3166 quadratic objective terms
Ordering time: 0.16s

Barrier statistics:
 AA' NZ     : 3.709e+05
 Factor NZ  : 4.212e+06 (roughly 240 MB of memory)
 Factor Ops : 3.974e+08 (less than 1 second per iteration)
 Threads    : 8

                  Objective                Residual
Iter       Primal          Dual         Primal    Dual     Compl     Time
   0  -1.08858984e+09  8.63519648e+08  7.80e+04 1.13e-13  1.00e+06     1s
   1  -6.35727304e+08  5.82241624e+08  1.87e+04 1.60e+02  2.62e+05     1s
   2  -3.24155004e+08  3.24098671e+08  2.36e+02 1.04e+00  4.64e+03     1s
   3  -7.58808412e+07  7.65393860e+07  1.95e+00 1.42e-12  3.30e+02     1s
   4  -1.46363886e+07  1.53249905e+07  1.70e-01 4.82e-12  6.19e+01     1s
   5  -2.69569145e+06  2.98245177e+06  1.33e-02 1.24e-12  1.15e+01     1s
   6  -3.92606325e+05  4.49318462e+05  1.33e-08 9.92e-13  1.69e+00     2s
   7  -5.87274315e+04  7.36725318e+04  1.40e-13 6.69e-13  2.66e-01     2s
   8  -8.85465491e+03  1.06079541e+04  4.67e-14 2.35e-13  3.92e-02     2s
   9  -1.41611972e+03  1.73858859e+03  2.33e-14 4.14e-14  6.35e-03     2s
  10  -2.31468983e+02  2.19510232e+02  7.31e-15 2.84e-14  9.07e-04     2s
  11  -5.13598517e+01  3.36534831e+01  4.59e-15 1.42e-14  1.71e-04     2s
  12  -8.57639697e+00  5.82188327e+00  7.53e-16 1.42e-14  2.90e-05     2s
  13  -1.09265048e+00  1.07362681e+00  4.15e-16 1.42e-14  4.36e-06     2s
  14  -2.44915238e-01  9.89741904e-01  2.82e-16 2.84e-14  2.48e-06     3s
  15   3.95818302e-01  6.90446844e-01  4.94e-17 1.55e-14  5.93e-07     3s
  16   5.19453948e-01  6.34029159e-01  6.70e-17 1.42e-14  2.31e-07     3s
  17   5.56325506e-01  6.19825185e-01  9.80e-17 1.42e-14  1.28e-07     3s
  18   5.83760652e-01  6.09527248e-01  7.59e-17 1.42e-14  5.18e-08     3s
  19   5.96156497e-01  6.04927258e-01  5.94e-17 1.42e-14  1.76e-08     3s
  20   6.00644362e-01  6.03341051e-01  6.36e-17 1.42e-14  5.43e-09     3s
  21   6.01732574e-01  6.02956922e-01  3.45e-17 1.42e-14  2.46e-09     3s
  22   6.02548355e-01  6.02669915e-01  5.95e-17 1.42e-14  2.45e-10     3s
  23   6.02628710e-01  6.02641644e-01  1.09e-16 1.42e-14  2.60e-11     3s
  24   6.02638134e-01  6.02638336e-01  1.58e-16 1.42e-14  4.06e-13     3s
  25   6.02638270e-01  6.02638289e-01  2.23e-15 1.42e-14  3.82e-14     3s
  26   6.02638279e-01  6.02638285e-01  3.85e-15 1.42e-14  1.35e-14     4s
  27   6.02638283e-01  6.02638284e-01  3.70e-15 1.42e-14  3.15e-15     4s
  28   6.02638283e-01  6.02638284e-01  3.13e-15 1.42e-14  8.01e-16     4s
  29   6.02638284e-01  6.02638284e-01  2.05e-15 2.84e-14  2.38e-16     4s
  30   6.02638284e-01  6.02638284e-01  9.75e-16 1.42e-14  1.73e-16     4s
  31   6.02638284e-01  6.02638284e-01  6.73e-16 1.42e-14  9.36e-17     4s

Barrier solved model in 31 iterations and 3.95 seconds (3.68 work units)
Optimal objective 6.02638284e-01

objective value: 0.6026382837069292
Done! Time elapsed: 24.505976676940918 seconds.
g_0_1: 1.0000036695702859
g_1_1: 1.0000023087381482
g_1_2: 1.0000065086202161
g_2_1: 1.0000042363294361
g_2_2: 1.0000119427818845
g_2_3: 1.0000042363294364
g_2_4: 1.0000119427818535
Parameters from last iteration: [0.17400064 0.70700163 0.17400113 0.707003   0.17400208 0.707003
 0.17400208]

Parameters from current iteration:
                [0.17400064 0.70700163 0.17400113 0.707003   0.17400208 0.707003
 0.17400208]


                Percentage Error = 7.975644868046539e-16
                
year done: 145
Time 146: 2
Optimization Iteration[1/20000]

Solving the optimization problem...
Set parameter TokenServer to value "licenses.rcc.uchicago.edu"
Read LP format model from file /scratch/local/jobs/50183984/tmpn2r5i03f.pyomo.lp
Reading time = 1.34 seconds
x1: 258121 rows, 502401 columns, 1259970 nonzeros
Set parameter Threads to value 8
Set parameter BarConvTol to value 1e-12
Gurobi Optimizer version 11.0.0 build v11.0.0rc2 (linux64 - "CentOS Linux 8")

CPU model: Intel(R) Xeon(R) Gold 6248R CPU @ 3.00GHz, instruction set [SSE2|AVX|AVX2|AVX512]
Thread count: 48 physical cores, 48 logical processors, using up to 8 threads

Optimize a model with 258121 rows, 502401 columns and 1259970 nonzeros
Model fingerprint: 0x37f71f35
Model has 3166 quadratic objective terms
Coefficient statistics:
  Matrix range     [1e+00, 1e+03]
  Objective range  [5e-07, 7e+01]
  QObjective range [3e-01, 3e+03]
  Bounds range     [3e-04, 1e+00]
  RHS range        [6e-17, 6e+00]
Presolve removed 131482 rows and 128814 columns
Presolve time: 0.55s
Presolved: 126639 rows, 373587 columns, 743930 nonzeros
Presolved model has 3166 quadratic objective terms
Ordering time: 0.16s

Barrier statistics:
 AA' NZ     : 3.709e+05
 Factor NZ  : 4.212e+06 (roughly 240 MB of memory)
 Factor Ops : 3.974e+08 (less than 1 second per iteration)
 Threads    : 8

                  Objective                Residual
Iter       Primal          Dual         Primal    Dual     Compl     Time
   0  -1.08858984e+09  8.63519648e+08  7.80e+04 1.13e-13  1.00e+06     1s
   1  -6.35727304e+08  5.82241624e+08  1.87e+04 1.60e+02  2.62e+05     1s
   2  -3.24155004e+08  3.24098671e+08  2.36e+02 1.04e+00  4.64e+03     1s
   3  -7.58808412e+07  7.65393860e+07  1.95e+00 1.41e-12  3.30e+02     1s
   4  -1.46363886e+07  1.53249905e+07  1.70e-01 4.11e-12  6.19e+01     1s
   5  -2.69569145e+06  2.98245177e+06  1.33e-02 1.19e-12  1.15e+01     1s
   6  -3.92606325e+05  4.49318462e+05  1.33e-08 9.93e-13  1.69e+00     2s
   7  -5.87274319e+04  7.36725314e+04  1.14e-13 6.48e-13  2.66e-01     2s
   8  -8.85465537e+03  1.06079536e+04  5.95e-14 2.21e-13  3.92e-02     2s
   9  -1.41612017e+03  1.73858814e+03  2.45e-14 3.89e-14  6.35e-03     2s
  10  -2.31469438e+02  2.19509777e+02  7.29e-15 2.84e-14  9.07e-04     2s
  11  -5.13603066e+01  3.36530282e+01  5.21e-15 1.42e-14  1.71e-04     2s
  12  -8.57685187e+00  5.82142838e+00  1.14e-15 1.42e-14  2.90e-05     2s
  13  -1.09310538e+00  1.07317191e+00  4.41e-16 1.42e-14  4.36e-06     2s
  14  -2.45370134e-01  9.89287008e-01  3.53e-16 2.84e-14  2.48e-06     3s
  15   3.95363406e-01  6.89991948e-01  1.06e-16 1.42e-14  5.93e-07     3s
  16   5.18999052e-01  6.33574263e-01  8.75e-17 1.42e-14  2.31e-07     3s
  17   5.55870610e-01  6.19370289e-01  8.67e-17 1.51e-14  1.28e-07     3s
  18   5.83305756e-01  6.09072352e-01  5.58e-17 1.42e-14  5.18e-08     3s
  19   5.95701601e-01  6.04472362e-01  4.43e-17 2.84e-14  1.76e-08     3s
  20   6.00189466e-01  6.02886155e-01  9.44e-17 2.04e-14  5.43e-09     3s
  21   6.01277678e-01  6.02502026e-01  4.61e-17 2.84e-14  2.46e-09     3s
  22   6.02093459e-01  6.02215019e-01  9.26e-17 2.13e-14  2.45e-10     3s
  23   6.02173814e-01  6.02186748e-01  1.09e-16 1.42e-14  2.60e-11     3s
  24   6.02183238e-01  6.02183440e-01  1.49e-16 1.42e-14  4.06e-13     3s
  25   6.02183374e-01  6.02183393e-01  2.41e-15 1.42e-14  3.80e-14     3s
  26   6.02183383e-01  6.02183389e-01  4.77e-15 1.42e-14  1.34e-14     4s
  27   6.02183387e-01  6.02183388e-01  3.61e-15 1.42e-14  3.14e-15     4s
  28   6.02183387e-01  6.02183388e-01  3.44e-15 1.42e-14  7.97e-16     4s
  29   6.02183388e-01  6.02183388e-01  2.46e-15 1.42e-14  2.37e-16     4s
  30   6.02183388e-01  6.02183388e-01  1.12e-15 1.42e-14  1.70e-16     4s
  31   6.02183388e-01  6.02183388e-01  1.07e-15 1.42e-14  9.10e-17     4s

Barrier solved model in 31 iterations and 3.96 seconds (3.68 work units)
Optimal objective 6.02183388e-01

objective value: 0.6021833876493891
Done! Time elapsed: 24.49522042274475 seconds.
g_0_1: 1.0000036695702856
g_1_1: 1.0000023087381482
g_1_2: 1.000006508620216
g_2_1: 1.0000042363294361
g_2_2: 1.0000119427818837
g_2_3: 1.0000042363294366
g_2_4: 1.0000119427818535
Parameters from last iteration: [0.17400064 0.70700163 0.17400113 0.707003   0.17400208 0.707003
 0.17400208]

Parameters from current iteration:
                [0.17400064 0.70700163 0.17400113 0.707003   0.17400208 0.707003
 0.17400208]


                Percentage Error = 9.570773841655856e-16
                
year done: 146
Time 147: 2
Optimization Iteration[1/20000]

Solving the optimization problem...
Set parameter TokenServer to value "licenses.rcc.uchicago.edu"
Read LP format model from file /scratch/local/jobs/50183984/tmpjqwg6kn2.pyomo.lp
Reading time = 1.34 seconds
x1: 258121 rows, 502401 columns, 1259970 nonzeros
Set parameter Threads to value 8
Set parameter BarConvTol to value 1e-12
Gurobi Optimizer version 11.0.0 build v11.0.0rc2 (linux64 - "CentOS Linux 8")

CPU model: Intel(R) Xeon(R) Gold 6248R CPU @ 3.00GHz, instruction set [SSE2|AVX|AVX2|AVX512]
Thread count: 48 physical cores, 48 logical processors, using up to 8 threads

Optimize a model with 258121 rows, 502401 columns and 1259970 nonzeros
Model fingerprint: 0x6f9afe0b
Model has 3166 quadratic objective terms
Coefficient statistics:
  Matrix range     [1e+00, 1e+03]
  Objective range  [5e-07, 7e+01]
  QObjective range [3e-01, 3e+03]
  Bounds range     [3e-04, 1e+00]
  RHS range        [6e-17, 6e+00]
Presolve removed 131482 rows and 128814 columns
Presolve time: 0.54s
Presolved: 126639 rows, 373587 columns, 743930 nonzeros
Presolved model has 3166 quadratic objective terms
Ordering time: 0.16s

Barrier statistics:
 AA' NZ     : 3.709e+05
 Factor NZ  : 4.212e+06 (roughly 240 MB of memory)
 Factor Ops : 3.974e+08 (less than 1 second per iteration)
 Threads    : 8

                  Objective                Residual
Iter       Primal          Dual         Primal    Dual     Compl     Time
   0  -1.08858984e+09  8.63519648e+08  7.80e+04 1.13e-13  1.00e+06     1s
   1  -6.35727304e+08  5.82241624e+08  1.87e+04 1.60e+02  2.62e+05     1s
   2  -3.24155004e+08  3.24098671e+08  2.36e+02 1.04e+00  4.64e+03     1s
   3  -7.58808412e+07  7.65393860e+07  1.95e+00 1.68e-12  3.30e+02     1s
   4  -1.46363886e+07  1.53249905e+07  1.70e-01 5.43e-12  6.19e+01     1s
   5  -2.69569145e+06  2.98245177e+06  1.33e-02 1.46e-12  1.15e+01     1s
   6  -3.92606326e+05  4.49318461e+05  1.33e-08 9.99e-13  1.69e+00     2s
   7  -5.87274324e+04  7.36725309e+04  1.37e-13 6.94e-13  2.66e-01     2s
   8  -8.85465580e+03  1.06079532e+04  5.53e-14 2.60e-13  3.92e-02     2s
   9  -1.41612061e+03  1.73858770e+03  2.33e-14 3.47e-14  6.35e-03     2s
  10  -2.31469872e+02  2.19509343e+02  6.55e-15 2.84e-14  9.07e-04     2s
  11  -5.13607410e+01  3.36525938e+01  3.60e-15 2.84e-14  1.71e-04     2s
  12  -8.57728629e+00  5.82099395e+00  1.18e-15 1.42e-14  2.90e-05     2s
  13  -1.09353980e+00  1.07273749e+00  2.98e-16 1.42e-14  4.36e-06     2s
  14  -2.45804556e-01  9.88852586e-01  2.98e-16 4.26e-14  2.48e-06     3s
  15   3.94928984e-01  6.89557526e-01  5.39e-17 1.42e-14  5.93e-07     3s
  16   5.18564630e-01  6.33139840e-01  9.00e-17 1.42e-14  2.31e-07     3s
  17   5.55436188e-01  6.18935866e-01  7.20e-17 1.42e-14  1.28e-07     3s
  18   5.82871334e-01  6.08637930e-01  6.72e-17 1.42e-14  5.18e-08     3s
  19   5.95267179e-01  6.04037940e-01  5.76e-17 2.13e-14  1.76e-08     3s
  20   5.99755043e-01  6.02451733e-01  9.76e-17 1.42e-14  5.43e-09     3s
  21   6.00843256e-01  6.02067604e-01  6.61e-17 1.42e-14  2.46e-09     3s
  22   6.01659036e-01  6.01780596e-01  1.06e-16 1.47e-14  2.45e-10     3s
  23   6.01739391e-01  6.01752326e-01  9.65e-17 2.84e-14  2.60e-11     3s
  24   6.01748816e-01  6.01749018e-01  1.33e-16 2.13e-14  4.06e-13     3s
  25   6.01748951e-01  6.01748970e-01  2.56e-15 1.42e-14  3.78e-14     3s
  26   6.01748960e-01  6.01748967e-01  4.07e-15 1.42e-14  1.34e-14     3s
  27   6.01748964e-01  6.01748966e-01  3.42e-15 2.13e-14  3.13e-15     4s
  28   6.01748965e-01  6.01748965e-01  3.69e-15 1.42e-14  7.93e-16     4s
  29   6.01748965e-01  6.01748965e-01  1.66e-15 1.42e-14  2.35e-16     4s
  30   6.01748965e-01  6.01748965e-01  1.26e-15 1.42e-14  1.68e-16     4s
  31   6.01748965e-01  6.01748965e-01  5.59e-16 1.42e-14  8.82e-17     4s

Barrier solved model in 31 iterations and 3.96 seconds (3.68 work units)
Optimal objective 6.01748965e-01

objective value: 0.6017489652872319
Done! Time elapsed: 25.91666555404663 seconds.
g_0_1: 1.0000036695702852
g_1_1: 1.0000023087381484
g_1_2: 1.0000065086202157
g_2_1: 1.0000042363294361
g_2_2: 1.0000119427818828
g_2_3: 1.0000042363294364
g_2_4: 1.0000119427818535
Parameters from last iteration: [0.17400064 0.70700163 0.17400113 0.707003   0.17400208 0.707003
 0.17400208]

Parameters from current iteration:
                [0.17400064 0.70700163 0.17400113 0.707003   0.17400208 0.707003
 0.17400208]


                Percentage Error = 7.975644868046554e-16
                
year done: 147
Time 148: 2
Optimization Iteration[1/20000]

Solving the optimization problem...
Set parameter TokenServer to value "licenses.rcc.uchicago.edu"
Read LP format model from file /scratch/local/jobs/50183984/tmp4krg4hxg.pyomo.lp
Reading time = 1.35 seconds
x1: 258121 rows, 502401 columns, 1259970 nonzeros
Set parameter Threads to value 8
Set parameter BarConvTol to value 1e-12
Gurobi Optimizer version 11.0.0 build v11.0.0rc2 (linux64 - "CentOS Linux 8")

CPU model: Intel(R) Xeon(R) Gold 6248R CPU @ 3.00GHz, instruction set [SSE2|AVX|AVX2|AVX512]
Thread count: 48 physical cores, 48 logical processors, using up to 8 threads

Optimize a model with 258121 rows, 502401 columns and 1259970 nonzeros
Model fingerprint: 0xd5764313
Model has 3166 quadratic objective terms
Coefficient statistics:
  Matrix range     [1e+00, 1e+03]
  Objective range  [5e-07, 7e+01]
  QObjective range [3e-01, 3e+03]
  Bounds range     [3e-04, 1e+00]
  RHS range        [6e-17, 6e+00]
Presolve removed 131482 rows and 128814 columns
Presolve time: 0.55s
Presolved: 126639 rows, 373587 columns, 743930 nonzeros
Presolved model has 3166 quadratic objective terms
Ordering time: 0.16s

Barrier statistics:
 AA' NZ     : 3.709e+05
 Factor NZ  : 4.212e+06 (roughly 240 MB of memory)
 Factor Ops : 3.974e+08 (less than 1 second per iteration)
 Threads    : 8

                  Objective                Residual
Iter       Primal          Dual         Primal    Dual     Compl     Time
   0  -1.08858984e+09  8.63519648e+08  7.80e+04 1.13e-13  1.00e+06     1s
   1  -6.35727304e+08  5.82241624e+08  1.87e+04 1.60e+02  2.62e+05     1s
   2  -3.24155004e+08  3.24098671e+08  2.36e+02 1.04e+00  4.64e+03     1s
   3  -7.58808412e+07  7.65393860e+07  1.95e+00 1.77e-12  3.30e+02     1s
   4  -1.46363886e+07  1.53249905e+07  1.70e-01 4.49e-12  6.19e+01     2s
   5  -2.69569145e+06  2.98245177e+06  1.33e-02 1.18e-12  1.15e+01     2s
   6  -3.92606326e+05  4.49318461e+05  1.33e-08 8.42e-13  1.69e+00     2s
   7  -5.87274328e+04  7.36725305e+04  1.20e-13 7.50e-13  2.66e-01     2s
   8  -8.85465622e+03  1.06079528e+04  6.05e-14 2.80e-13  3.92e-02     2s
   9  -1.41612102e+03  1.73858729e+03  2.65e-14 3.66e-14  6.35e-03     2s
  10  -2.31470287e+02  2.19508928e+02  6.47e-15 2.84e-14  9.07e-04     2s
  11  -5.13611558e+01  3.36521789e+01  3.93e-15 1.55e-14  1.71e-04     2s
  12  -8.57770116e+00  5.82057908e+00  1.13e-15 1.42e-14  2.90e-05     2s
  13  -1.09395467e+00  1.07232262e+00  4.69e-16 2.84e-14  4.36e-06     3s
  14  -2.46219426e-01  9.88437716e-01  3.14e-16 2.84e-14  2.48e-06     3s
  15   3.94514114e-01  6.89142655e-01  6.25e-17 1.42e-14  5.93e-07     3s
  16   5.18149760e-01  6.32724970e-01  5.66e-17 1.42e-14  2.31e-07     3s
  17   5.55021318e-01  6.18520996e-01  4.06e-17 2.04e-14  1.28e-07     3s
  18   5.82456464e-01  6.08223060e-01  1.05e-16 1.42e-14  5.18e-08     3s
  19   5.94852309e-01  6.03623069e-01  5.49e-17 1.42e-14  1.76e-08     3s
  20   5.99340173e-01  6.02036863e-01  5.40e-17 1.42e-14  5.43e-09     3s
  21   6.00428385e-01  6.01652733e-01  3.73e-17 1.42e-14  2.46e-09     3s
  22   6.01244166e-01  6.01365726e-01  1.08e-16 2.84e-14  2.45e-10     3s
  23   6.01324521e-01  6.01337455e-01  6.55e-17 1.42e-14  2.60e-11     4s
  24   6.01333946e-01  6.01334148e-01  1.50e-16 1.42e-14  4.06e-13     4s
  25   6.01334081e-01  6.01334100e-01  2.63e-15 1.42e-14  3.76e-14     4s
  26   6.01334090e-01  6.01334097e-01  5.13e-15 2.84e-14  1.33e-14     4s
  27   6.01334094e-01  6.01334096e-01  3.05e-15 1.42e-14  3.11e-15     4s
  28   6.01334095e-01  6.01334095e-01  4.36e-15 1.42e-14  7.89e-16     4s
  29   6.01334095e-01  6.01334095e-01  1.70e-15 1.42e-14  2.34e-16     4s
  30   6.01334095e-01  6.01334095e-01  1.13e-15 1.42e-14  1.66e-16     4s
  31   6.01334095e-01  6.01334095e-01  6.44e-16 1.42e-14  8.47e-17     4s

Barrier solved model in 31 iterations and 4.28 seconds (3.68 work units)
Optimal objective 6.01334095e-01

objective value: 0.6013340951524077
Done! Time elapsed: 24.97804594039917 seconds.
g_0_1: 1.0000036695702847
g_1_1: 1.0000023087381484
g_1_2: 1.0000065086202157
g_2_1: 1.0000042363294364
g_2_2: 1.0000119427818814
g_2_3: 1.0000042363294366
g_2_4: 1.0000119427818532
Parameters from last iteration: [0.17400064 0.70700163 0.17400113 0.707003   0.17400208 0.707003
 0.17400208]

Parameters from current iteration:
                [0.17400064 0.70700163 0.17400113 0.707003   0.17400208 0.707003
 0.17400208]


                Percentage Error = 1.4356160762483808e-15
                
year done: 148
Time 149: 2
Optimization Iteration[1/20000]

Solving the optimization problem...
Set parameter TokenServer to value "licenses.rcc.uchicago.edu"
Read LP format model from file /scratch/local/jobs/50183984/tmpmxhg9hhd.pyomo.lp
Reading time = 1.34 seconds
x1: 258121 rows, 502401 columns, 1259970 nonzeros
Set parameter Threads to value 8
Set parameter BarConvTol to value 1e-12
Gurobi Optimizer version 11.0.0 build v11.0.0rc2 (linux64 - "CentOS Linux 8")

CPU model: Intel(R) Xeon(R) Gold 6248R CPU @ 3.00GHz, instruction set [SSE2|AVX|AVX2|AVX512]
Thread count: 48 physical cores, 48 logical processors, using up to 8 threads

Optimize a model with 258121 rows, 502401 columns and 1259970 nonzeros
Model fingerprint: 0xed792f39
Model has 3166 quadratic objective terms
Coefficient statistics:
  Matrix range     [1e+00, 1e+03]
  Objective range  [5e-07, 7e+01]
  QObjective range [3e-01, 3e+03]
  Bounds range     [3e-04, 1e+00]
  RHS range        [7e-17, 6e+00]
Presolve removed 131482 rows and 128814 columns
Presolve time: 0.59s
Presolved: 126639 rows, 373587 columns, 743930 nonzeros
Presolved model has 3166 quadratic objective terms
Ordering time: 0.17s

Barrier statistics:
 AA' NZ     : 3.709e+05
 Factor NZ  : 4.212e+06 (roughly 240 MB of memory)
 Factor Ops : 3.974e+08 (less than 1 second per iteration)
 Threads    : 8

                  Objective                Residual
Iter       Primal          Dual         Primal    Dual     Compl     Time
   0  -1.08858984e+09  8.63519648e+08  7.80e+04 1.14e-13  1.00e+06     1s
   1  -6.35727304e+08  5.82241624e+08  1.87e+04 1.60e+02  2.62e+05     1s
   2  -3.24155004e+08  3.24098671e+08  2.36e+02 1.04e+00  4.64e+03     1s
   3  -7.58808412e+07  7.65393860e+07  1.95e+00 1.60e-12  3.30e+02     1s
   4  -1.46363886e+07  1.53249905e+07  1.70e-01 3.42e-12  6.19e+01     2s
   5  -2.69569145e+06  2.98245177e+06  1.33e-02 1.30e-12  1.15e+01     2s
   6  -3.92606327e+05  4.49318461e+05  1.33e-08 9.97e-13  1.69e+00     2s
   7  -5.87274332e+04  7.36725301e+04  1.56e-13 7.76e-13  2.66e-01     2s
   8  -8.85465661e+03  1.06079524e+04  7.08e-14 2.33e-13  3.92e-02     2s
   9  -1.41612142e+03  1.73858689e+03  2.85e-14 4.19e-14  6.35e-03     2s
  10  -2.31470683e+02  2.19508532e+02  6.68e-15 2.84e-14  9.07e-04     2s
  11  -5.13615520e+01  3.36517827e+01  3.09e-15 2.84e-14  1.71e-04     2s
  12  -8.57809736e+00  5.82018289e+00  1.20e-15 2.13e-14  2.90e-05     3s
  13  -1.09435087e+00  1.07192642e+00  4.20e-16 1.42e-14  4.36e-06     3s
  14  -2.46615624e-01  9.88041518e-01  2.69e-16 2.84e-14  2.48e-06     3s
  15   3.94117916e-01  6.88746458e-01  4.88e-17 1.42e-14  5.93e-07     3s
  16   5.17753562e-01  6.32328772e-01  1.09e-16 2.84e-14  2.31e-07     3s
  17   5.54625120e-01  6.18124798e-01  1.05e-16 1.42e-14  1.28e-07     3s
  18   5.82060266e-01  6.07826862e-01  1.15e-16 1.42e-14  5.18e-08     3s
  19   5.94456111e-01  6.03226871e-01  7.85e-17 1.42e-14  1.76e-08     3s
  20   5.98943975e-01  6.01640665e-01  4.60e-17 2.13e-14  5.43e-09     3s
  21   6.00032188e-01  6.01256535e-01  3.37e-17 1.42e-14  2.46e-09     4s
  22   6.00847968e-01  6.00969528e-01  1.47e-16 2.84e-14  2.45e-10     4s
  23   6.00928323e-01  6.00941258e-01  6.68e-17 1.51e-14  2.60e-11     4s
  24   6.00937748e-01  6.00937950e-01  1.60e-16 1.42e-14  4.06e-13     4s
  25   6.00937884e-01  6.00937902e-01  2.41e-15 2.84e-14  3.74e-14     4s
  26   6.00937892e-01  6.00937899e-01  4.10e-15 1.42e-14  1.33e-14     4s
  27   6.00937896e-01  6.00937898e-01  3.71e-15 1.42e-14  3.10e-15     4s
  28   6.00937897e-01  6.00937897e-01  4.30e-15 1.60e-14  7.85e-16     4s
  29   6.00937897e-01  6.00937897e-01  1.69e-15 1.42e-14  2.33e-16     4s
  30   6.00937897e-01  6.00937897e-01  1.03e-15 1.42e-14  1.64e-16     4s
  31   6.00937897e-01  6.00937897e-01  5.76e-16 1.42e-14  8.48e-17     4s

Barrier solved model in 31 iterations and 4.33 seconds (3.68 work units)
Optimal objective 6.00937897e-01

objective value: 0.6009378972482833
Done! Time elapsed: 24.668487787246704 seconds.
g_0_1: 1.0000036695702852
g_1_1: 1.0000023087381484
g_1_2: 1.0000065086202157
g_2_1: 1.0000042363294364
g_2_2: 1.0000119427818817
g_2_3: 1.0000042363294366
g_2_4: 1.0000119427818532
Parameters from last iteration: [0.17400064 0.70700163 0.17400113 0.707003   0.17400208 0.707003
 0.17400208]

Parameters from current iteration:
                [0.17400064 0.70700163 0.17400113 0.707003   0.17400208 0.707003
 0.17400208]


                Percentage Error = 4.785426511201231e-16
                
year done: 149
Time 150: 2
Optimization Iteration[1/20000]

Solving the optimization problem...
Set parameter TokenServer to value "licenses.rcc.uchicago.edu"
Read LP format model from file /scratch/local/jobs/50183984/tmpp94fjdqc.pyomo.lp
Reading time = 1.38 seconds
x1: 258121 rows, 502401 columns, 1259970 nonzeros
Set parameter Threads to value 8
Set parameter BarConvTol to value 1e-12
Gurobi Optimizer version 11.0.0 build v11.0.0rc2 (linux64 - "CentOS Linux 8")

CPU model: Intel(R) Xeon(R) Gold 6248R CPU @ 3.00GHz, instruction set [SSE2|AVX|AVX2|AVX512]
Thread count: 48 physical cores, 48 logical processors, using up to 8 threads

Optimize a model with 258121 rows, 502401 columns and 1259970 nonzeros
Model fingerprint: 0x5bc57136
Model has 3166 quadratic objective terms
Coefficient statistics:
  Matrix range     [1e+00, 1e+03]
  Objective range  [5e-07, 7e+01]
  QObjective range [3e-01, 3e+03]
  Bounds range     [3e-04, 1e+00]
  RHS range        [7e-17, 6e+00]
Presolve removed 131482 rows and 128814 columns
Presolve time: 0.62s
Presolved: 126639 rows, 373587 columns, 743930 nonzeros
Presolved model has 3166 quadratic objective terms
Ordering time: 0.17s

Barrier statistics:
 AA' NZ     : 3.709e+05
 Factor NZ  : 4.212e+06 (roughly 240 MB of memory)
 Factor Ops : 3.974e+08 (less than 1 second per iteration)
 Threads    : 8

                  Objective                Residual
Iter       Primal          Dual         Primal    Dual     Compl     Time
   0  -1.08858984e+09  8.63519648e+08  7.80e+04 1.13e-13  1.00e+06     1s
   1  -6.35727304e+08  5.82241624e+08  1.87e+04 1.60e+02  2.62e+05     1s
   2  -3.24155004e+08  3.24098671e+08  2.36e+02 1.04e+00  4.64e+03     1s
   3  -7.58808412e+07  7.65393860e+07  1.95e+00 1.68e-12  3.30e+02     1s
   4  -1.46363886e+07  1.53249905e+07  1.70e-01 4.87e-12  6.19e+01     2s
   5  -2.69569145e+06  2.98245177e+06  1.33e-02 1.23e-12  1.15e+01     2s
   6  -3.92606327e+05  4.49318460e+05  1.33e-08 9.62e-13  1.69e+00     2s
   7  -5.87274335e+04  7.36725298e+04  1.13e-13 6.36e-13  2.66e-01     2s
   8  -8.85465699e+03  1.06079520e+04  6.11e-14 2.22e-13  3.92e-02     2s
   9  -1.41612180e+03  1.73858651e+03  2.40e-14 3.47e-14  6.35e-03     2s
  10  -2.31471061e+02  2.19508153e+02  6.01e-15 4.26e-14  9.07e-04     2s
  11  -5.13619304e+01  3.36514044e+01  3.49e-15 1.87e-14  1.71e-04     2s
  12  -8.57847573e+00  5.81980452e+00  1.04e-15 1.42e-14  2.90e-05     2s
  13  -1.09472923e+00  1.07154805e+00  3.65e-16 1.42e-14  4.36e-06     3s
  14  -2.46993990e-01  9.87663152e-01  2.74e-16 2.84e-14  2.48e-06     3s
  15   3.93739550e-01  6.88368092e-01  6.83e-17 1.42e-14  5.93e-07     3s
  16   5.17375196e-01  6.31950406e-01  1.29e-16 2.84e-14  2.31e-07     3s
  17   5.54246754e-01  6.17746432e-01  4.64e-17 2.13e-14  1.28e-07     3s
  18   5.81681900e-01  6.07448496e-01  7.81e-17 1.42e-14  5.18e-08     3s
  19   5.94077745e-01  6.02848505e-01  4.84e-17 1.42e-14  1.76e-08     3s
  20   5.98565609e-01  6.01262299e-01  1.15e-16 1.42e-14  5.43e-09     3s
  21   5.99653821e-01  6.00878169e-01  3.14e-17 1.42e-14  2.46e-09     3s
  22   6.00469602e-01  6.00591162e-01  9.35e-17 1.78e-14  2.45e-10     3s
  23   6.00549957e-01  6.00562891e-01  1.12e-16 1.42e-14  2.60e-11     3s
  24   6.00559382e-01  6.00559584e-01  1.28e-16 1.42e-14  4.06e-13     3s
  25   6.00559518e-01  6.00559536e-01  2.31e-15 1.42e-14  3.72e-14     4s
  26   6.00559526e-01  6.00559533e-01  5.18e-15 1.42e-14  1.32e-14     4s
  27   6.00559530e-01  6.00559532e-01  3.34e-15 1.42e-14  3.09e-15     4s
  28   6.00559531e-01  6.00559531e-01  3.95e-15 1.42e-14  7.82e-16     4s
  29   6.00559531e-01  6.00559531e-01  1.66e-15 1.42e-14  2.32e-16     4s
  30   6.00559531e-01  6.00559531e-01  1.10e-15 1.42e-14  1.61e-16     4s
  31   6.00559531e-01  6.00559531e-01  6.97e-16 1.42e-14  9.15e-17     4s

Barrier solved model in 31 iterations and 4.11 seconds (3.68 work units)
Optimal objective 6.00559531e-01

objective value: 0.6005595311847728
Done! Time elapsed: 24.446725368499756 seconds.
g_0_1: 1.0000036695702856
g_1_1: 1.0000023087381484
g_1_2: 1.000006508620216
g_2_1: 1.0000042363294361
g_2_2: 1.0000119427818839
g_2_3: 1.0000042363294366
g_2_4: 1.0000119427818535
Parameters from last iteration: [0.17400064 0.70700163 0.17400113 0.707003   0.17400208 0.707003
 0.17400208]

Parameters from current iteration:
                [0.17400064 0.70700163 0.17400113 0.707003   0.17400208 0.707003
 0.17400208]


                Percentage Error = 2.073667665692108e-15
                
year done: 150
Time 151: 2
Optimization Iteration[1/20000]

Solving the optimization problem...
Set parameter TokenServer to value "licenses.rcc.uchicago.edu"
Read LP format model from file /scratch/local/jobs/50183984/tmp_5kaiajf.pyomo.lp
Reading time = 1.37 seconds
x1: 258121 rows, 502401 columns, 1259970 nonzeros
Set parameter Threads to value 8
Set parameter BarConvTol to value 1e-12
Gurobi Optimizer version 11.0.0 build v11.0.0rc2 (linux64 - "CentOS Linux 8")

CPU model: Intel(R) Xeon(R) Gold 6248R CPU @ 3.00GHz, instruction set [SSE2|AVX|AVX2|AVX512]
Thread count: 48 physical cores, 48 logical processors, using up to 8 threads

Optimize a model with 258121 rows, 502401 columns and 1259970 nonzeros
Model fingerprint: 0x0585d60b
Model has 3166 quadratic objective terms
Coefficient statistics:
  Matrix range     [1e+00, 1e+03]
  Objective range  [5e-07, 7e+01]
  QObjective range [3e-01, 3e+03]
  Bounds range     [3e-04, 1e+00]
  RHS range        [7e-17, 6e+00]
Presolve removed 131482 rows and 128814 columns
Presolve time: 0.55s
Presolved: 126639 rows, 373587 columns, 743930 nonzeros
Presolved model has 3166 quadratic objective terms
Ordering time: 0.16s

Barrier statistics:
 AA' NZ     : 3.709e+05
 Factor NZ  : 4.212e+06 (roughly 240 MB of memory)
 Factor Ops : 3.974e+08 (less than 1 second per iteration)
 Threads    : 8

                  Objective                Residual
Iter       Primal          Dual         Primal    Dual     Compl     Time
   0  -1.08858984e+09  8.63519648e+08  7.80e+04 1.13e-13  1.00e+06     1s
   1  -6.35727304e+08  5.82241624e+08  1.87e+04 1.60e+02  2.62e+05     1s
   2  -3.24155004e+08  3.24098671e+08  2.36e+02 1.04e+00  4.64e+03     1s
   3  -7.58808412e+07  7.65393860e+07  1.95e+00 1.65e-12  3.30e+02     1s
   4  -1.46363886e+07  1.53249905e+07  1.70e-01 4.04e-12  6.19e+01     1s
   5  -2.69569145e+06  2.98245177e+06  1.33e-02 1.22e-12  1.15e+01     1s
   6  -3.92606327e+05  4.49318460e+05  1.33e-08 1.16e-12  1.69e+00     2s
   7  -5.87274339e+04  7.36725294e+04  1.84e-13 7.70e-13  2.66e-01     2s
   8  -8.85465735e+03  1.06079517e+04  6.94e-14 2.34e-13  3.92e-02     2s
   9  -1.41612216e+03  1.73858615e+03  2.32e-14 4.26e-14  6.35e-03     2s
  10  -2.31471423e+02  2.19507792e+02  7.31e-15 2.84e-14  9.07e-04     2s
  11  -5.13622917e+01  3.36510430e+01  5.08e-15 1.42e-14  1.71e-04     2s
  12  -8.57883706e+00  5.81944318e+00  1.01e-15 1.42e-14  2.90e-05     2s
  13  -1.09509057e+00  1.07118672e+00  2.97e-16 2.84e-14  4.36e-06     2s
  14  -2.47355327e-01  9.87301815e-01  3.34e-16 3.55e-14  2.48e-06     3s
  15   3.93378213e-01  6.88006755e-01  6.77e-17 1.42e-14  5.93e-07     3s
  16   5.17013859e-01  6.31589069e-01  1.28e-16 1.42e-14  2.31e-07     3s
  17   5.53885417e-01  6.17385095e-01  9.13e-17 1.42e-14  1.28e-07     3s
  18   5.81320563e-01  6.07087159e-01  1.06e-16 1.42e-14  5.18e-08     3s
  19   5.93716408e-01  6.02487169e-01  6.99e-17 2.84e-14  1.76e-08     3s
  20   5.98204272e-01  6.00900962e-01  8.09e-17 1.42e-14  5.43e-09     3s
  21   5.99292485e-01  6.00516833e-01  7.06e-17 1.60e-14  2.46e-09     3s
  22   6.00108265e-01  6.00229826e-01  1.12e-16 1.42e-14  2.45e-10     3s
  23   6.00188620e-01  6.00201555e-01  1.09e-16 1.42e-14  2.60e-11     3s
  24   6.00198045e-01  6.00198247e-01  1.38e-16 1.42e-14  4.06e-13     3s
  25   6.00198181e-01  6.00198199e-01  2.88e-15 1.51e-14  3.70e-14     3s
  26   6.00198190e-01  6.00198196e-01  5.17e-15 1.42e-14  1.31e-14     4s
  27   6.00198193e-01  6.00198195e-01  3.33e-15 1.60e-14  3.08e-15     4s
  28   6.00198194e-01  6.00198195e-01  4.34e-15 1.42e-14  7.78e-16     4s
  29   6.00198194e-01  6.00198194e-01  1.62e-15 1.42e-14  2.31e-16     4s
  30   6.00198194e-01  6.00198194e-01  1.68e-15 1.42e-14  1.59e-16     4s
  31   6.00198194e-01  6.00198194e-01  6.74e-16 1.42e-14  9.84e-17     4s

Barrier solved model in 31 iterations and 3.96 seconds (3.68 work units)
Optimal objective 6.00198194e-01

objective value: 0.6001981943992146
Done! Time elapsed: 25.891109228134155 seconds.
g_0_1: 1.000003669570286
g_1_1: 1.000002308738148
g_1_2: 1.0000065086202161
g_2_1: 1.0000042363294361
g_2_2: 1.0000119427818863
g_2_3: 1.0000042363294364
g_2_4: 1.0000119427818537
Parameters from last iteration: [0.17400064 0.70700163 0.17400113 0.707003   0.17400208 0.707003
 0.17400208]

Parameters from current iteration:
                [0.17400064 0.70700163 0.17400113 0.707003   0.17400208 0.707003
 0.17400208]


                Percentage Error = 2.5522063577748967e-15
                
year done: 151
Time 152: 2
Optimization Iteration[1/20000]

Solving the optimization problem...
Set parameter TokenServer to value "licenses.rcc.uchicago.edu"
Read LP format model from file /scratch/local/jobs/50183984/tmpo5a8mac0.pyomo.lp
Reading time = 1.35 seconds
x1: 258121 rows, 502401 columns, 1259970 nonzeros
Set parameter Threads to value 8
Set parameter BarConvTol to value 1e-12
Gurobi Optimizer version 11.0.0 build v11.0.0rc2 (linux64 - "CentOS Linux 8")

CPU model: Intel(R) Xeon(R) Gold 6248R CPU @ 3.00GHz, instruction set [SSE2|AVX|AVX2|AVX512]
Thread count: 48 physical cores, 48 logical processors, using up to 8 threads

Optimize a model with 258121 rows, 502401 columns and 1259970 nonzeros
Model fingerprint: 0xdf53363e
Model has 3166 quadratic objective terms
Coefficient statistics:
  Matrix range     [1e+00, 1e+03]
  Objective range  [5e-07, 7e+01]
  QObjective range [3e-01, 3e+03]
  Bounds range     [3e-04, 1e+00]
  RHS range        [7e-17, 6e+00]
Presolve removed 131482 rows and 128814 columns
Presolve time: 0.56s
Presolved: 126639 rows, 373587 columns, 743930 nonzeros
Presolved model has 3166 quadratic objective terms
Ordering time: 0.16s

Barrier statistics:
 AA' NZ     : 3.709e+05
 Factor NZ  : 4.212e+06 (roughly 240 MB of memory)
 Factor Ops : 3.974e+08 (less than 1 second per iteration)
 Threads    : 8

                  Objective                Residual
Iter       Primal          Dual         Primal    Dual     Compl     Time
   0  -1.08858984e+09  8.63519648e+08  7.80e+04 1.14e-13  1.00e+06     1s
   1  -6.35727304e+08  5.82241624e+08  1.87e+04 1.60e+02  2.62e+05     1s
   2  -3.24155004e+08  3.24098671e+08  2.36e+02 1.04e+00  4.64e+03     1s
   3  -7.58808412e+07  7.65393860e+07  1.95e+00 1.68e-12  3.30e+02     1s
   4  -1.46363886e+07  1.53249905e+07  1.70e-01 3.90e-12  6.19e+01     1s
   5  -2.69569145e+06  2.98245176e+06  1.33e-02 1.25e-12  1.15e+01     2s
   6  -3.92606328e+05  4.49318460e+05  1.33e-08 1.38e-12  1.69e+00     2s
   7  -5.87274343e+04  7.36725290e+04  1.18e-13 6.91e-13  2.66e-01     2s
   8  -8.85465770e+03  1.06079513e+04  7.55e-14 2.61e-13  3.92e-02     2s
   9  -1.41612250e+03  1.73858581e+03  1.86e-14 3.60e-14  6.35e-03     2s
  10  -2.31471768e+02  2.19507447e+02  6.80e-15 2.84e-14  9.07e-04     2s
  11  -5.13626368e+01  3.36506980e+01  5.26e-15 1.51e-14  1.71e-04     2s
  12  -8.57918214e+00  5.81909811e+00  1.16e-15 1.42e-14  2.90e-05     2s
  13  -1.09543564e+00  1.07084164e+00  4.03e-16 1.42e-14  4.36e-06     2s
  14  -2.47700401e-01  9.86956741e-01  3.36e-16 2.84e-14  2.48e-06     3s
  15   3.93033139e-01  6.87661681e-01  4.34e-17 1.42e-14  5.93e-07     3s
  16   5.16668785e-01  6.31243995e-01  1.60e-16 1.42e-14  2.31e-07     3s
  17   5.53540343e-01  6.17040021e-01  6.90e-17 1.42e-14  1.28e-07     3s
  18   5.80975489e-01  6.06742085e-01  5.69e-17 2.84e-14  5.18e-08     3s
  19   5.93371334e-01  6.02142095e-01  4.74e-17 1.42e-14  1.76e-08     3s
  20   5.97859198e-01  6.00555888e-01  6.60e-17 1.42e-14  5.43e-09     3s
  21   5.98947411e-01  6.00171759e-01  5.09e-17 1.42e-14  2.46e-09     3s
  22   5.99763191e-01  5.99884752e-01  6.99e-17 1.42e-14  2.45e-10     3s
  23   5.99843546e-01  5.99856481e-01  1.36e-16 2.13e-14  2.60e-11     3s
  24   5.99852971e-01  5.99853173e-01  1.73e-16 2.84e-14  4.06e-13     3s
  25   5.99853107e-01  5.99853125e-01  2.69e-15 1.42e-14  3.68e-14     3s
  26   5.99853116e-01  5.99853122e-01  4.36e-15 1.42e-14  1.31e-14     4s
  27   5.99853119e-01  5.99853121e-01  3.67e-15 1.42e-14  3.06e-15     4s
  28   5.99853120e-01  5.99853121e-01  3.59e-15 1.42e-14  7.74e-16     4s
  29   5.99853120e-01  5.99853121e-01  1.63e-15 1.42e-14  2.30e-16     4s
  30   5.99853120e-01  5.99853121e-01  9.16e-16 1.42e-14  1.57e-16     4s
  31   5.99853120e-01  5.99853120e-01  6.27e-16 1.42e-14  1.05e-16     4s
  32   5.99853120e-01  5.99853120e-01  3.96e-16 1.42e-14  4.48e-17     4s

Barrier solved model in 32 iterations and 4.08 seconds (3.76 work units)
Optimal objective 5.99853120e-01

objective value: 0.5998531204698627
Done! Time elapsed: 24.552425622940063 seconds.
g_0_1: 1.0000036695702823
g_1_1: 1.0000023087381498
g_1_2: 1.000006508620214
g_2_1: 1.0000042363294372
g_2_2: 1.000011942781867
g_2_3: 1.0000042363294372
g_2_4: 1.0000119427818521
Parameters from last iteration: [0.17400064 0.70700163 0.17400113 0.707003   0.17400208 0.707003
 0.17400208]

Parameters from current iteration:
                [0.17400064 0.70700163 0.17400113 0.707003   0.17400208 0.707003
 0.17400208]


                Percentage Error = 1.9301060580672607e-14
                
year done: 152
Time 153: 2
Optimization Iteration[1/20000]

Solving the optimization problem...
Set parameter TokenServer to value "licenses.rcc.uchicago.edu"
Read LP format model from file /scratch/local/jobs/50183984/tmpiydc6e6z.pyomo.lp
Reading time = 1.35 seconds
x1: 258121 rows, 502401 columns, 1259970 nonzeros
Set parameter Threads to value 8
Set parameter BarConvTol to value 1e-12
Gurobi Optimizer version 11.0.0 build v11.0.0rc2 (linux64 - "CentOS Linux 8")

CPU model: Intel(R) Xeon(R) Gold 6248R CPU @ 3.00GHz, instruction set [SSE2|AVX|AVX2|AVX512]
Thread count: 48 physical cores, 48 logical processors, using up to 8 threads

Optimize a model with 258121 rows, 502401 columns and 1259970 nonzeros
Model fingerprint: 0xcb647ce5
Model has 3166 quadratic objective terms
Coefficient statistics:
  Matrix range     [1e+00, 1e+03]
  Objective range  [5e-07, 7e+01]
  QObjective range [3e-01, 3e+03]
  Bounds range     [3e-04, 1e+00]
  RHS range        [7e-17, 6e+00]
Presolve removed 131482 rows and 128814 columns
Presolve time: 0.55s
Presolved: 126639 rows, 373587 columns, 743930 nonzeros
Presolved model has 3166 quadratic objective terms
Ordering time: 0.16s

Barrier statistics:
 AA' NZ     : 3.709e+05
 Factor NZ  : 4.212e+06 (roughly 240 MB of memory)
 Factor Ops : 3.974e+08 (less than 1 second per iteration)
 Threads    : 8

                  Objective                Residual
Iter       Primal          Dual         Primal    Dual     Compl     Time
   0  -1.08858984e+09  8.63519648e+08  7.80e+04 1.13e-13  1.00e+06     1s
   1  -6.35727304e+08  5.82241624e+08  1.87e+04 1.60e+02  2.62e+05     1s
   2  -3.24155004e+08  3.24098671e+08  2.36e+02 1.04e+00  4.64e+03     1s
   3  -7.58808412e+07  7.65393860e+07  1.95e+00 1.69e-12  3.30e+02     1s
   4  -1.46363886e+07  1.53249905e+07  1.70e-01 5.60e-12  6.19e+01     1s
   5  -2.69569145e+06  2.98245176e+06  1.33e-02 1.25e-12  1.15e+01     1s
   6  -3.92606328e+05  4.49318459e+05  1.33e-08 9.79e-13  1.69e+00     2s
   7  -5.87274346e+04  7.36725287e+04  1.16e-13 6.24e-13  2.66e-01     2s
   8  -8.85465803e+03  1.06079510e+04  5.64e-14 2.20e-13  3.92e-02     2s
   9  -1.41612283e+03  1.73858548e+03  2.16e-14 4.26e-14  6.35e-03     2s
  10  -2.31472097e+02  2.19507117e+02  8.91e-15 2.84e-14  9.07e-04     2s
  11  -5.13629664e+01  3.36503684e+01  3.92e-15 1.42e-14  1.71e-04     2s
  12  -8.57951168e+00  5.81876857e+00  8.93e-16 2.13e-14  2.90e-05     2s
  13  -1.09576519e+00  1.07051210e+00  3.87e-16 1.42e-14  4.36e-06     2s
  14  -2.48029944e-01  9.86627198e-01  4.14e-16 2.13e-14  2.48e-06     3s
  15   3.92703596e-01  6.87332138e-01  7.46e-17 1.42e-14  5.93e-07     3s
  16   5.16339242e-01  6.30914452e-01  9.09e-17 1.42e-14  2.31e-07     3s
  17   5.53210800e-01  6.16710478e-01  6.90e-17 1.42e-14  1.28e-07     3s
  18   5.80645946e-01  6.06412542e-01  6.59e-17 1.42e-14  5.18e-08     3s
  19   5.93041791e-01  6.01812552e-01  9.66e-17 2.84e-14  1.76e-08     3s
  20   5.97529655e-01  6.00226345e-01  7.53e-17 1.42e-14  5.43e-09     3s
  21   5.98617868e-01  5.99842216e-01  3.01e-17 1.42e-14  2.46e-09     3s
  22   5.99433648e-01  5.99555209e-01  8.67e-17 1.42e-14  2.45e-10     3s
  23   5.99514003e-01  5.99526938e-01  8.29e-17 1.42e-14  2.60e-11     3s
  24   5.99523428e-01  5.99523630e-01  1.78e-16 1.51e-14  4.06e-13     3s
  25   5.99523564e-01  5.99523582e-01  2.29e-15 1.42e-14  3.64e-14     3s
  26   5.99523573e-01  5.99523579e-01  4.41e-15 1.42e-14  1.30e-14     3s
  27   5.99523576e-01  5.99523578e-01  4.65e-15 1.42e-14  3.04e-15     4s
  28   5.99523577e-01  5.99523578e-01  3.91e-15 1.42e-14  7.68e-16     4s
  29   5.99523577e-01  5.99523577e-01  1.72e-15 1.42e-14  2.28e-16     4s
  30   5.99523577e-01  5.99523577e-01  1.72e-15 2.84e-14  1.53e-16     4s
  31   5.99523577e-01  5.99523577e-01  7.30e-16 1.42e-14  9.15e-17     4s

Barrier solved model in 31 iterations and 3.91 seconds (3.68 work units)
Optimal objective 5.99523577e-01

objective value: 0.5995235773900266
Done! Time elapsed: 24.45602774620056 seconds.
g_0_1: 1.0000036695702854
g_1_1: 1.0000023087381482
g_1_2: 1.0000065086202157
g_2_1: 1.0000042363294361
g_2_2: 1.0000119427818839
g_2_3: 1.0000042363294366
g_2_4: 1.0000119427818532
Parameters from last iteration: [0.17400064 0.70700163 0.17400113 0.707003   0.17400208 0.707003
 0.17400208]

Parameters from current iteration:
                [0.17400064 0.70700163 0.17400113 0.707003   0.17400208 0.707003
 0.17400208]


                Percentage Error = 1.674885422289804e-14
                
year done: 153
Time 154: 2
Optimization Iteration[1/20000]

Solving the optimization problem...
Set parameter TokenServer to value "licenses.rcc.uchicago.edu"
Read LP format model from file /scratch/local/jobs/50183984/tmpoauowhvx.pyomo.lp
Reading time = 1.35 seconds
x1: 258121 rows, 502401 columns, 1259970 nonzeros
Set parameter Threads to value 8
Set parameter BarConvTol to value 1e-12
Gurobi Optimizer version 11.0.0 build v11.0.0rc2 (linux64 - "CentOS Linux 8")

CPU model: Intel(R) Xeon(R) Gold 6248R CPU @ 3.00GHz, instruction set [SSE2|AVX|AVX2|AVX512]
Thread count: 48 physical cores, 48 logical processors, using up to 8 threads

Optimize a model with 258121 rows, 502401 columns and 1259970 nonzeros
Model fingerprint: 0xd26180bd
Model has 3166 quadratic objective terms
Coefficient statistics:
  Matrix range     [1e+00, 1e+03]
  Objective range  [5e-07, 7e+01]
  QObjective range [3e-01, 3e+03]
  Bounds range     [3e-04, 1e+00]
  RHS range        [7e-17, 6e+00]
Presolve removed 131482 rows and 128814 columns
Presolve time: 0.54s
Presolved: 126639 rows, 373587 columns, 743930 nonzeros
Presolved model has 3166 quadratic objective terms
Ordering time: 0.16s

Barrier statistics:
 AA' NZ     : 3.709e+05
 Factor NZ  : 4.212e+06 (roughly 240 MB of memory)
 Factor Ops : 3.974e+08 (less than 1 second per iteration)
 Threads    : 8

                  Objective                Residual
Iter       Primal          Dual         Primal    Dual     Compl     Time
   0  -1.08858984e+09  8.63519648e+08  7.80e+04 1.13e-13  1.00e+06     1s
   1  -6.35727304e+08  5.82241624e+08  1.87e+04 1.60e+02  2.62e+05     1s
   2  -3.24155004e+08  3.24098671e+08  2.36e+02 1.04e+00  4.64e+03     1s
   3  -7.58808412e+07  7.65393860e+07  1.95e+00 1.66e-12  3.30e+02     1s
   4  -1.46363886e+07  1.53249905e+07  1.70e-01 3.97e-12  6.19e+01     1s
   5  -2.69569145e+06  2.98245176e+06  1.33e-02 1.24e-12  1.15e+01     1s
   6  -3.92606328e+05  4.49318459e+05  1.33e-08 3.43e-12  1.69e+00     2s
   7  -5.87274349e+04  7.36725284e+04  1.41e-13 7.70e-13  2.66e-01     2s
   8  -8.85465834e+03  1.06079507e+04  5.90e-14 2.50e-13  3.92e-02     2s
   9  -1.41612315e+03  1.73858516e+03  2.45e-14 4.06e-14  6.35e-03     2s
  10  -2.31472412e+02  2.19506803e+02  8.89e-15 2.84e-14  9.07e-04     2s
  11  -5.13632811e+01  3.36500537e+01  3.55e-15 2.84e-14  1.71e-04     2s
  12  -8.57982639e+00  5.81845386e+00  1.16e-15 1.60e-14  2.90e-05     2s
  13  -1.09607990e+00  1.07019739e+00  3.51e-16 2.13e-14  4.36e-06     2s
  14  -2.48344655e-01  9.86312487e-01  2.86e-16 2.84e-14  2.48e-06     3s
  15   3.92388885e-01  6.87017427e-01  5.49e-17 1.42e-14  5.93e-07     3s
  16   5.16024531e-01  6.30599741e-01  8.55e-17 2.13e-14  2.31e-07     3s
  17   5.52896089e-01  6.16395767e-01  1.21e-16 1.60e-14  1.28e-07     3s
  18   5.80331235e-01  6.06097831e-01  1.10e-16 1.42e-14  5.18e-08     3s
  19   5.92727080e-01  6.01497840e-01  6.24e-17 2.84e-14  1.76e-08     3s
  20   5.97214944e-01  5.99911634e-01  5.99e-17 1.42e-14  5.43e-09     3s
  21   5.98303157e-01  5.99527504e-01  4.26e-17 1.42e-14  2.46e-09     3s
  22   5.99118937e-01  5.99240497e-01  6.63e-17 1.42e-14  2.45e-10     3s
  23   5.99199292e-01  5.99212226e-01  7.55e-17 1.42e-14  2.60e-11     3s
  24   5.99208717e-01  5.99208919e-01  2.25e-16 2.13e-14  4.06e-13     3s
  25   5.99208853e-01  5.99208871e-01  3.03e-15 2.13e-14  3.63e-14     3s
  26   5.99208861e-01  5.99208868e-01  4.00e-15 1.42e-14  1.29e-14     3s
  27   5.99208865e-01  5.99208867e-01  3.41e-15 1.42e-14  3.03e-15     4s
  28   5.99208866e-01  5.99208866e-01  3.67e-15 2.84e-14  7.66e-16     4s
  29   5.99208866e-01  5.99208866e-01  1.86e-15 1.42e-14  2.27e-16     4s
  30   5.99208866e-01  5.99208866e-01  1.41e-15 1.42e-14  1.51e-16     4s
  31   5.99208866e-01  5.99208866e-01  5.81e-16 1.42e-14  8.89e-17     4s

Barrier solved model in 31 iterations and 3.93 seconds (3.68 work units)
Optimal objective 5.99208866e-01

objective value: 0.5992088662092474
Done! Time elapsed: 24.465747117996216 seconds.
g_0_1: 1.0000036695702854
g_1_1: 1.0000023087381484
g_1_2: 1.000006508620216
g_2_1: 1.0000042363294361
g_2_2: 1.000011942781883
g_2_3: 1.0000042363294366
g_2_4: 1.0000119427818535
Parameters from last iteration: [0.17400064 0.70700163 0.17400113 0.707003   0.17400208 0.707003
 0.17400208]

Parameters from current iteration:
                [0.17400064 0.70700163 0.17400113 0.707003   0.17400208 0.707003
 0.17400208]


                Percentage Error = 7.975644868046552e-16
                
year done: 154
Time 155: 2
Optimization Iteration[1/20000]

Solving the optimization problem...
Set parameter TokenServer to value "licenses.rcc.uchicago.edu"
Read LP format model from file /scratch/local/jobs/50183984/tmp7sja3yon.pyomo.lp
Reading time = 1.34 seconds
x1: 258121 rows, 502401 columns, 1259970 nonzeros
Set parameter Threads to value 8
Set parameter BarConvTol to value 1e-12
Gurobi Optimizer version 11.0.0 build v11.0.0rc2 (linux64 - "CentOS Linux 8")

CPU model: Intel(R) Xeon(R) Gold 6248R CPU @ 3.00GHz, instruction set [SSE2|AVX|AVX2|AVX512]
Thread count: 48 physical cores, 48 logical processors, using up to 8 threads

Optimize a model with 258121 rows, 502401 columns and 1259970 nonzeros
Model fingerprint: 0x83c9664e
Model has 3166 quadratic objective terms
Coefficient statistics:
  Matrix range     [1e+00, 1e+03]
  Objective range  [5e-07, 7e+01]
  QObjective range [3e-01, 3e+03]
  Bounds range     [3e-04, 1e+00]
  RHS range        [7e-17, 6e+00]
Presolve removed 131482 rows and 128814 columns
Presolve time: 0.55s
Presolved: 126639 rows, 373587 columns, 743930 nonzeros
Presolved model has 3166 quadratic objective terms
Ordering time: 0.16s

Barrier statistics:
 AA' NZ     : 3.709e+05
 Factor NZ  : 4.212e+06 (roughly 240 MB of memory)
 Factor Ops : 3.974e+08 (less than 1 second per iteration)
 Threads    : 8

                  Objective                Residual
Iter       Primal          Dual         Primal    Dual     Compl     Time
   0  -1.08858984e+09  8.63519648e+08  7.80e+04 1.13e-13  1.00e+06     1s
   1  -6.35727304e+08  5.82241624e+08  1.87e+04 1.60e+02  2.62e+05     1s
   2  -3.24155004e+08  3.24098671e+08  2.36e+02 1.04e+00  4.64e+03     1s
   3  -7.58808412e+07  7.65393860e+07  1.95e+00 1.65e-12  3.30e+02     1s
   4  -1.46363886e+07  1.53249905e+07  1.70e-01 3.62e-12  6.19e+01     1s
   5  -2.69569145e+06  2.98245176e+06  1.33e-02 1.21e-12  1.15e+01     1s
   6  -3.92606329e+05  4.49318459e+05  1.33e-08 9.30e-13  1.69e+00     2s
   7  -5.87274352e+04  7.36725281e+04  1.26e-13 7.00e-13  2.66e-01     2s
   8  -8.85465864e+03  1.06079504e+04  5.43e-14 2.31e-13  3.92e-02     2s
   9  -1.41612345e+03  1.73858486e+03  2.16e-14 3.59e-14  6.35e-03     2s
  10  -2.31472713e+02  2.19506502e+02  7.10e-15 2.84e-14  9.07e-04     2s
  11  -5.13635816e+01  3.36497531e+01  3.66e-15 2.13e-14  1.71e-04     2s
  12  -8.58012694e+00  5.81815331e+00  1.60e-15 1.42e-14  2.90e-05     2s
  13  -1.09638045e+00  1.06989684e+00  4.44e-16 1.42e-14  4.36e-06     2s
  14  -2.48645202e-01  9.86011940e-01  3.46e-16 2.84e-14  2.48e-06     2s
  15   3.92088338e-01  6.86716880e-01  7.42e-17 2.84e-14  5.93e-07     3s
  16   5.15723984e-01  6.30299194e-01  6.24e-17 1.42e-14  2.31e-07     3s
  17   5.52595542e-01  6.16095220e-01  7.81e-17 1.42e-14  1.28e-07     3s
  18   5.80030688e-01  6.05797284e-01  1.15e-16 1.42e-14  5.18e-08     3s
  19   5.92426533e-01  6.01197294e-01  7.08e-17 2.84e-14  1.76e-08     3s
  20   5.96914397e-01  5.99611087e-01  1.05e-16 1.42e-14  5.43e-09     3s
  21   5.98002610e-01  5.99226958e-01  3.30e-17 1.42e-14  2.46e-09     3s
  22   5.98818390e-01  5.98939950e-01  6.40e-17 2.13e-14  2.45e-10     3s
  23   5.98898745e-01  5.98911680e-01  7.43e-17 1.42e-14  2.60e-11     3s
  24   5.98908170e-01  5.98908372e-01  1.27e-16 2.18e-14  4.06e-13     3s
  25   5.98908306e-01  5.98908324e-01  2.22e-15 1.42e-14  3.61e-14     3s
  26   5.98908315e-01  5.98908321e-01  5.04e-15 1.87e-14  1.29e-14     3s
  27   5.98908318e-01  5.98908320e-01  3.46e-15 1.42e-14  3.02e-15     4s
  28   5.98908319e-01  5.98908319e-01  4.09e-15 1.42e-14  7.64e-16     4s
  29   5.98908319e-01  5.98908319e-01  1.61e-15 1.42e-14  2.27e-16     4s
  30   5.98908319e-01  5.98908319e-01  1.44e-15 2.13e-14  1.49e-16     4s
  31   5.98908319e-01  5.98908319e-01  1.02e-15 1.42e-14  1.14e-16     4s
  32   5.98908319e-01  5.98908319e-01  4.63e-16 1.42e-14  6.87e-17     4s

Barrier solved model in 32 iterations and 3.97 seconds (3.76 work units)
Optimal objective 5.98908319e-01

objective value: 0.5989083193712597
Done! Time elapsed: 24.710874557495117 seconds.
g_0_1: 1.000003669570284
g_1_1: 1.0000023087381489
g_1_2: 1.000006508620215
g_2_1: 1.0000042363294366
g_2_2: 1.0000119427818757
g_2_3: 1.0000042363294368
g_2_4: 1.000011942781853
Parameters from last iteration: [0.17400064 0.70700163 0.17400113 0.707003   0.17400208 0.707003
 0.17400208]

Parameters from current iteration:
                [0.17400064 0.70700163 0.17400113 0.707003   0.17400208 0.707003
 0.17400208]


                Percentage Error = 7.337593278602834e-15
                
year done: 155
Time 156: 2
Optimization Iteration[1/20000]

Solving the optimization problem...
Set parameter TokenServer to value "licenses.rcc.uchicago.edu"
Read LP format model from file /scratch/local/jobs/50183984/tmp68eoc72f.pyomo.lp
Reading time = 1.33 seconds
x1: 258121 rows, 502401 columns, 1259970 nonzeros
Set parameter Threads to value 8
Set parameter BarConvTol to value 1e-12
Gurobi Optimizer version 11.0.0 build v11.0.0rc2 (linux64 - "CentOS Linux 8")

CPU model: Intel(R) Xeon(R) Gold 6248R CPU @ 3.00GHz, instruction set [SSE2|AVX|AVX2|AVX512]
Thread count: 48 physical cores, 48 logical processors, using up to 8 threads

Optimize a model with 258121 rows, 502401 columns and 1259970 nonzeros
Model fingerprint: 0x241a21a7
Model has 3166 quadratic objective terms
Coefficient statistics:
  Matrix range     [1e+00, 1e+03]
  Objective range  [5e-07, 7e+01]
  QObjective range [3e-01, 3e+03]
  Bounds range     [3e-04, 1e+00]
  RHS range        [7e-17, 6e+00]
Presolve removed 131482 rows and 128814 columns
Presolve time: 0.55s
Presolved: 126639 rows, 373587 columns, 743930 nonzeros
Presolved model has 3166 quadratic objective terms
Ordering time: 0.16s

Barrier statistics:
 AA' NZ     : 3.709e+05
 Factor NZ  : 4.212e+06 (roughly 240 MB of memory)
 Factor Ops : 3.974e+08 (less than 1 second per iteration)
 Threads    : 8

                  Objective                Residual
Iter       Primal          Dual         Primal    Dual     Compl     Time
   0  -1.08858984e+09  8.63519648e+08  7.80e+04 1.13e-13  1.00e+06     1s
   1  -6.35727304e+08  5.82241624e+08  1.87e+04 1.60e+02  2.62e+05     1s
   2  -3.24155004e+08  3.24098671e+08  2.36e+02 1.04e+00  4.64e+03     1s
   3  -7.58808412e+07  7.65393860e+07  1.95e+00 1.70e-12  3.30e+02     1s
   4  -1.46363886e+07  1.53249905e+07  1.70e-01 4.39e-12  6.19e+01     1s
   5  -2.69569145e+06  2.98245176e+06  1.33e-02 1.22e-12  1.15e+01     1s
   6  -3.92606329e+05  4.49318458e+05  1.33e-08 1.02e-12  1.69e+00     2s
   7  -5.87274355e+04  7.36725278e+04  1.76e-13 7.65e-13  2.66e-01     2s
   8  -8.85465893e+03  1.06079501e+04  5.03e-14 2.37e-13  3.92e-02     2s
   9  -1.41612373e+03  1.73858457e+03  2.85e-14 5.68e-14  6.35e-03     2s
  10  -2.31473000e+02  2.19506215e+02  9.16e-15 1.95e-14  9.07e-04     2s
  11  -5.13638686e+01  3.36494661e+01  4.13e-15 2.84e-14  1.71e-04     2s
  12  -8.58041396e+00  5.81786629e+00  1.37e-15 1.42e-14  2.90e-05     2s
  13  -1.09666747e+00  1.06960982e+00  4.53e-16 1.42e-14  4.36e-06     2s
  14  -2.48932222e-01  9.85724920e-01  2.43e-16 2.84e-14  2.48e-06     3s
  15   3.91801318e-01  6.86429860e-01  6.93e-17 1.42e-14  5.93e-07     3s
  16   5.15436964e-01  6.30012174e-01  1.59e-16 1.42e-14  2.31e-07     3s
  17   5.52308522e-01  6.15808200e-01  1.03e-16 1.42e-14  1.28e-07     3s
  18   5.79743668e-01  6.05510264e-01  1.44e-16 1.42e-14  5.18e-08     3s
  19   5.92139513e-01  6.00910274e-01  6.46e-17 2.84e-14  1.76e-08     3s
  20   5.96627377e-01  5.99324067e-01  5.29e-17 1.42e-14  5.43e-09     3s
  21   5.97715590e-01  5.98939938e-01  9.25e-17 1.42e-14  2.46e-09     3s
  22   5.98531370e-01  5.98652930e-01  4.55e-17 2.13e-14  2.45e-10     3s
  23   5.98611725e-01  5.98624660e-01  1.33e-16 1.64e-14  2.60e-11     3s
  24   5.98621150e-01  5.98621352e-01  1.44e-16 1.42e-14  4.06e-13     3s
  25   5.98621286e-01  5.98621304e-01  2.67e-15 1.42e-14  3.59e-14     3s
  26   5.98621295e-01  5.98621301e-01  5.52e-15 1.42e-14  1.28e-14     3s
  27   5.98621298e-01  5.98621300e-01  4.24e-15 1.42e-14  3.01e-15     4s
  28   5.98621299e-01  5.98621299e-01  3.22e-15 1.42e-14  7.61e-16     4s
  29   5.98621299e-01  5.98621299e-01  1.60e-15 1.42e-14  2.26e-16     4s
  30   5.98621299e-01  5.98621299e-01  1.12e-15 2.84e-14  1.46e-16     4s
  31   5.98621299e-01  5.98621299e-01  7.16e-16 1.42e-14  1.13e-16     4s
  32   5.98621299e-01  5.98621299e-01  4.75e-16 1.42e-14  5.56e-17     4s

Barrier solved model in 32 iterations and 4.02 seconds (3.76 work units)
Optimal objective 5.98621299e-01

objective value: 0.5986212993670332
Done! Time elapsed: 26.147675037384033 seconds.
g_0_1: 1.0000036695702832
g_1_1: 1.0000023087381493
g_1_2: 1.0000065086202143
g_2_1: 1.000004236329437
g_2_2: 1.000011942781871
g_2_3: 1.0000042363294372
g_2_4: 1.0000119427818523
Parameters from last iteration: [0.17400064 0.70700163 0.17400113 0.707003   0.17400208 0.707003
 0.17400208]

Parameters from current iteration:
                [0.17400064 0.70700163 0.17400113 0.707003   0.17400208 0.707003
 0.17400208]


                Percentage Error = 4.625874023467038e-15
                
year done: 156
Time 157: 2
Optimization Iteration[1/20000]

Solving the optimization problem...
Set parameter TokenServer to value "licenses.rcc.uchicago.edu"
Read LP format model from file /scratch/local/jobs/50183984/tmp5iry9_3f.pyomo.lp
Reading time = 1.33 seconds
x1: 258121 rows, 502401 columns, 1259970 nonzeros
Set parameter Threads to value 8
Set parameter BarConvTol to value 1e-12
Gurobi Optimizer version 11.0.0 build v11.0.0rc2 (linux64 - "CentOS Linux 8")

CPU model: Intel(R) Xeon(R) Gold 6248R CPU @ 3.00GHz, instruction set [SSE2|AVX|AVX2|AVX512]
Thread count: 48 physical cores, 48 logical processors, using up to 8 threads

Optimize a model with 258121 rows, 502401 columns and 1259970 nonzeros
Model fingerprint: 0x948b5696
Model has 3166 quadratic objective terms
Coefficient statistics:
  Matrix range     [1e+00, 1e+03]
  Objective range  [5e-07, 7e+01]
  QObjective range [3e-01, 3e+03]
  Bounds range     [3e-04, 1e+00]
  RHS range        [7e-17, 6e+00]
Presolve removed 131482 rows and 128814 columns
Presolve time: 0.54s
Presolved: 126639 rows, 373587 columns, 743930 nonzeros
Presolved model has 3166 quadratic objective terms
Ordering time: 0.16s

Barrier statistics:
 AA' NZ     : 3.709e+05
 Factor NZ  : 4.212e+06 (roughly 240 MB of memory)
 Factor Ops : 3.974e+08 (less than 1 second per iteration)
 Threads    : 8

                  Objective                Residual
Iter       Primal          Dual         Primal    Dual     Compl     Time
   0  -1.08858984e+09  8.63519648e+08  7.80e+04 1.14e-13  1.00e+06     1s
   1  -6.35727304e+08  5.82241624e+08  1.87e+04 1.60e+02  2.62e+05     1s
   2  -3.24155004e+08  3.24098671e+08  2.36e+02 1.04e+00  4.64e+03     1s
   3  -7.58808412e+07  7.65393860e+07  1.95e+00 1.43e-12  3.30e+02     1s
   4  -1.46363886e+07  1.53249905e+07  1.70e-01 4.23e-12  6.19e+01     1s
   5  -2.69569145e+06  2.98245176e+06  1.33e-02 1.32e-12  1.15e+01     1s
   6  -3.92606329e+05  4.49318458e+05  1.33e-08 9.51e-13  1.69e+00     2s
   7  -5.87274358e+04  7.36725275e+04  1.50e-13 6.55e-13  2.66e-01     2s
   8  -8.85465920e+03  1.06079498e+04  7.05e-14 2.48e-13  3.92e-02     2s
   9  -1.41612401e+03  1.73858430e+03  2.36e-14 4.06e-14  6.35e-03     2s
  10  -2.31473274e+02  2.19505941e+02  9.15e-15 1.78e-14  9.07e-04     2s
  11  -5.13641427e+01  3.36491920e+01  4.61e-15 2.84e-14  1.71e-04     2s
  12  -8.58068806e+00  5.81759219e+00  1.38e-15 2.84e-14  2.90e-05     2s
  13  -1.09694157e+00  1.06933572e+00  3.74e-16 2.84e-14  4.36e-06     2s
  14  -2.49206324e-01  9.85450818e-01  3.00e-16 2.84e-14  2.48e-06     2s
  15   3.91527216e-01  6.86155758e-01  6.18e-17 1.42e-14  5.93e-07     3s
  16   5.15162862e-01  6.29738072e-01  7.70e-17 1.42e-14  2.31e-07     3s
  17   5.52034420e-01  6.15534098e-01  9.64e-17 2.13e-14  1.28e-07     3s
  18   5.79469566e-01  6.05236162e-01  6.51e-17 1.42e-14  5.18e-08     3s
  19   5.91865411e-01  6.00636172e-01  4.71e-17 2.84e-14  1.76e-08     3s
  20   5.96353275e-01  5.99049965e-01  8.17e-17 1.42e-14  5.43e-09     3s
  21   5.97441488e-01  5.98665836e-01  5.90e-17 2.84e-14  2.46e-09     3s
  22   5.98257268e-01  5.98378828e-01  1.17e-16 1.42e-14  2.45e-10     3s
  23   5.98337623e-01  5.98350558e-01  8.04e-17 1.42e-14  2.60e-11     3s
  24   5.98347048e-01  5.98347250e-01  1.60e-16 1.42e-14  4.06e-13     3s
  25   5.98347184e-01  5.98347202e-01  2.43e-15 2.84e-14  3.56e-14     3s
  26   5.98347193e-01  5.98347199e-01  4.98e-15 2.13e-14  1.28e-14     3s
  27   5.98347196e-01  5.98347198e-01  3.58e-15 1.42e-14  3.00e-15     4s
  28   5.98347197e-01  5.98347198e-01  3.86e-15 1.42e-14  7.58e-16     4s
  29   5.98347197e-01  5.98347197e-01  1.72e-15 1.42e-14  2.25e-16     4s
  30   5.98347197e-01  5.98347197e-01  1.10e-15 1.42e-14  1.44e-16     4s
  31   5.98347197e-01  5.98347197e-01  6.72e-16 1.42e-14  1.13e-16     4s
  32   5.98347197e-01  5.98347197e-01  5.10e-16 1.42e-14  5.43e-17     4s

Barrier solved model in 32 iterations and 3.99 seconds (3.76 work units)
Optimal objective 5.98347197e-01

objective value: 0.5983471973868594
Done! Time elapsed: 24.63543176651001 seconds.
g_0_1: 1.000003669570283
g_1_1: 1.0000023087381495
g_1_2: 1.0000065086202143
g_2_1: 1.000004236329437
g_2_2: 1.0000119427818706
g_2_3: 1.0000042363294372
g_2_4: 1.0000119427818526
Parameters from last iteration: [0.17400064 0.70700163 0.17400113 0.707003   0.17400208 0.707003
 0.17400208]

Parameters from current iteration:
                [0.17400064 0.70700163 0.17400113 0.707003   0.17400208 0.707003
 0.17400208]


                Percentage Error = 4.785386920827992e-16
                
year done: 157
Time 158: 2
Optimization Iteration[1/20000]

Solving the optimization problem...
Set parameter TokenServer to value "licenses.rcc.uchicago.edu"
Read LP format model from file /scratch/local/jobs/50183984/tmpjikgcpn1.pyomo.lp
Reading time = 1.35 seconds
x1: 258121 rows, 502401 columns, 1259970 nonzeros
Set parameter Threads to value 8
Set parameter BarConvTol to value 1e-12
Gurobi Optimizer version 11.0.0 build v11.0.0rc2 (linux64 - "CentOS Linux 8")

CPU model: Intel(R) Xeon(R) Gold 6248R CPU @ 3.00GHz, instruction set [SSE2|AVX|AVX2|AVX512]
Thread count: 48 physical cores, 48 logical processors, using up to 8 threads

Optimize a model with 258121 rows, 502401 columns and 1259970 nonzeros
Model fingerprint: 0x1b785855
Model has 3166 quadratic objective terms
Coefficient statistics:
  Matrix range     [1e+00, 1e+03]
  Objective range  [5e-07, 7e+01]
  QObjective range [3e-01, 3e+03]
  Bounds range     [3e-04, 1e+00]
  RHS range        [7e-17, 6e+00]
Presolve removed 131482 rows and 128814 columns
Presolve time: 0.54s
Presolved: 126639 rows, 373587 columns, 743930 nonzeros
Presolved model has 3166 quadratic objective terms
Ordering time: 0.16s

Barrier statistics:
 AA' NZ     : 3.709e+05
 Factor NZ  : 4.212e+06 (roughly 240 MB of memory)
 Factor Ops : 3.974e+08 (less than 1 second per iteration)
 Threads    : 8

                  Objective                Residual
Iter       Primal          Dual         Primal    Dual     Compl     Time
   0  -1.08858984e+09  8.63519648e+08  7.80e+04 1.14e-13  1.00e+06     1s
   1  -6.35727304e+08  5.82241624e+08  1.87e+04 1.60e+02  2.62e+05     1s
   2  -3.24155004e+08  3.24098671e+08  2.36e+02 1.04e+00  4.64e+03     1s
   3  -7.58808412e+07  7.65393860e+07  1.95e+00 1.47e-12  3.30e+02     1s
   4  -1.46363886e+07  1.53249905e+07  1.70e-01 6.12e-12  6.19e+01     1s
   5  -2.69569145e+06  2.98245176e+06  1.33e-02 1.24e-12  1.15e+01     1s
   6  -3.92606330e+05  4.49318458e+05  1.33e-08 9.76e-13  1.69e+00     2s
   7  -5.87274360e+04  7.36725273e+04  1.12e-13 6.97e-13  2.66e-01     2s
   8  -8.85465946e+03  1.06079495e+04  5.80e-14 2.62e-13  3.92e-02     2s
   9  -1.41612427e+03  1.73858404e+03  2.24e-14 4.09e-14  6.35e-03     2s
  10  -2.31473535e+02  2.19505679e+02  8.47e-15 1.87e-14  9.07e-04     2s
  11  -5.13644045e+01  3.36489303e+01  3.71e-15 2.84e-14  1.71e-04     2s
  12  -8.58094983e+00  5.81733042e+00  1.21e-15 1.42e-14  2.90e-05     2s
  13  -1.09720333e+00  1.06907396e+00  4.48e-16 1.42e-14  4.36e-06     2s
  14  -2.49468090e-01  9.85189053e-01  2.69e-16 2.84e-14  2.48e-06     2s
  15   3.91265450e-01  6.85893992e-01  4.88e-17 2.84e-14  5.93e-07     3s
  16   5.14901097e-01  6.29476307e-01  6.21e-17 2.84e-14  2.31e-07     3s
  17   5.51772655e-01  6.15272333e-01  9.51e-17 2.13e-14  1.28e-07     3s
  18   5.79207801e-01  6.04974397e-01  5.71e-17 1.42e-14  5.18e-08     3s
  19   5.91603646e-01  6.00374406e-01  1.07e-16 1.42e-14  1.76e-08     3s
  20   5.96091510e-01  5.98788200e-01  4.78e-17 1.42e-14  5.43e-09     3s
  21   5.97179722e-01  5.98404070e-01  4.65e-17 1.42e-14  2.46e-09     3s
  22   5.97995503e-01  5.98117063e-01  9.23e-17 1.42e-14  2.45e-10     3s
  23   5.98075858e-01  5.98088792e-01  1.26e-16 2.84e-14  2.60e-11     3s
  24   5.98085283e-01  5.98085485e-01  1.48e-16 1.42e-14  4.06e-13     3s
  25   5.98085419e-01  5.98085437e-01  3.15e-15 2.13e-14  3.54e-14     3s
  26   5.98085427e-01  5.98085434e-01  4.56e-15 1.42e-14  1.27e-14     3s
  27   5.98085431e-01  5.98085432e-01  3.46e-15 1.42e-14  2.98e-15     4s
  28   5.98085432e-01  5.98085432e-01  3.65e-15 1.42e-14  7.54e-16     4s
  29   5.98085432e-01  5.98085432e-01  1.72e-15 2.84e-14  2.24e-16     4s
  30   5.98085432e-01  5.98085432e-01  1.54e-15 1.42e-14  1.43e-16     4s
  31   5.98085432e-01  5.98085432e-01  1.09e-15 1.42e-14  1.12e-16     4s
  32   5.98085432e-01  5.98085432e-01  8.83e-16 1.42e-14  5.44e-17     4s

Barrier solved model in 32 iterations and 4.00 seconds (3.76 work units)
Optimal objective 5.98085432e-01

objective value: 0.5980854320274769
Done! Time elapsed: 24.645926237106323 seconds.
g_0_1: 1.000003669570283
g_1_1: 1.0000023087381493
g_1_2: 1.0000065086202143
g_2_1: 1.000004236329437
g_2_2: 1.0000119427818706
g_2_3: 1.0000042363294372
g_2_4: 1.0000119427818523
Parameters from last iteration: [0.17400064 0.70700163 0.17400113 0.707003   0.17400208 0.707003
 0.17400208]

Parameters from current iteration:
                [0.17400064 0.70700163 0.17400113 0.707003   0.17400208 0.707003
 0.17400208]


                Percentage Error = 3.1406519417731907e-16
                
year done: 158
Time 159: 2
Optimization Iteration[1/20000]

Solving the optimization problem...
Set parameter TokenServer to value "licenses.rcc.uchicago.edu"
Read LP format model from file /scratch/local/jobs/50183984/tmpe0lcl7te.pyomo.lp
Reading time = 1.33 seconds
x1: 258121 rows, 502401 columns, 1259970 nonzeros
Set parameter Threads to value 8
Set parameter BarConvTol to value 1e-12
Gurobi Optimizer version 11.0.0 build v11.0.0rc2 (linux64 - "CentOS Linux 8")

CPU model: Intel(R) Xeon(R) Gold 6248R CPU @ 3.00GHz, instruction set [SSE2|AVX|AVX2|AVX512]
Thread count: 48 physical cores, 48 logical processors, using up to 8 threads

Optimize a model with 258121 rows, 502401 columns and 1259970 nonzeros
Model fingerprint: 0xce179e06
Model has 3166 quadratic objective terms
Coefficient statistics:
  Matrix range     [1e+00, 1e+03]
  Objective range  [5e-07, 7e+01]
  QObjective range [3e-01, 3e+03]
  Bounds range     [3e-04, 1e+00]
  RHS range        [7e-17, 6e+00]
Presolve removed 131482 rows and 128814 columns
Presolve time: 0.55s
Presolved: 126639 rows, 373587 columns, 743930 nonzeros
Presolved model has 3166 quadratic objective terms
Ordering time: 0.16s

Barrier statistics:
 AA' NZ     : 3.709e+05
 Factor NZ  : 4.212e+06 (roughly 240 MB of memory)
 Factor Ops : 3.974e+08 (less than 1 second per iteration)
 Threads    : 8

                  Objective                Residual
Iter       Primal          Dual         Primal    Dual     Compl     Time
   0  -1.08858984e+09  8.63519648e+08  7.80e+04 1.14e-13  1.00e+06     1s
   1  -6.35727304e+08  5.82241624e+08  1.87e+04 1.60e+02  2.62e+05     1s
   2  -3.24155004e+08  3.24098671e+08  2.36e+02 1.04e+00  4.64e+03     1s
   3  -7.58808412e+07  7.65393860e+07  1.95e+00 1.79e-12  3.30e+02     1s
   4  -1.46363886e+07  1.53249905e+07  1.70e-01 5.90e-12  6.19e+01     1s
   5  -2.69569145e+06  2.98245176e+06  1.33e-02 1.34e-12  1.15e+01     1s
   6  -3.92606330e+05  4.49318458e+05  1.33e-08 1.68e-12  1.69e+00     2s
   7  -5.87274363e+04  7.36725270e+04  1.44e-13 6.96e-13  2.66e-01     2s
   8  -8.85465971e+03  1.06079493e+04  5.93e-14 2.56e-13  3.92e-02     2s
   9  -1.41612452e+03  1.73858379e+03  2.27e-14 4.26e-14  6.35e-03     2s
  10  -2.31473785e+02  2.19505429e+02  8.82e-15 2.84e-14  9.07e-04     2s
  11  -5.13646545e+01  3.36486803e+01  3.90e-15 2.84e-14  1.71e-04     2s
  12  -8.58119981e+00  5.81708044e+00  1.31e-15 1.42e-14  2.90e-05     2s
  13  -1.09745332e+00  1.06882397e+00  4.77e-16 1.42e-14  4.36e-06     2s
  14  -2.49718074e-01  9.84939069e-01  3.18e-16 2.84e-14  2.48e-06     3s
  15   3.91015466e-01  6.85644008e-01  6.31e-17 1.42e-14  5.93e-07     3s
  16   5.14651113e-01  6.29226323e-01  9.02e-17 1.42e-14  2.31e-07     3s
  17   5.51522671e-01  6.15022349e-01  5.28e-17 1.73e-14  1.28e-07     3s
  18   5.78957817e-01  6.04724413e-01  8.40e-17 1.42e-14  5.18e-08     3s
  19   5.91353662e-01  6.00124422e-01  7.04e-17 1.42e-14  1.76e-08     3s
  20   5.95841526e-01  5.98538216e-01  7.59e-17 1.42e-14  5.43e-09     3s
  21   5.96929738e-01  5.98154086e-01  6.80e-17 1.42e-14  2.46e-09     3s
  22   5.97745519e-01  5.97867079e-01  1.30e-16 1.42e-14  2.45e-10     3s
  23   5.97825874e-01  5.97838808e-01  8.88e-17 2.84e-14  2.60e-11     3s
  24   5.97835299e-01  5.97835501e-01  1.48e-16 1.42e-14  4.06e-13     3s
  25   5.97835435e-01  5.97835453e-01  2.58e-15 1.42e-14  3.51e-14     3s
  26   5.97835443e-01  5.97835450e-01  4.12e-15 1.42e-14  1.26e-14     4s
  27   5.97835447e-01  5.97835448e-01  3.21e-15 1.42e-14  2.97e-15     4s
  28   5.97835448e-01  5.97835448e-01  3.82e-15 1.42e-14  7.51e-16     4s
  29   5.97835448e-01  5.97835448e-01  1.80e-15 1.42e-14  2.23e-16     4s
  30   5.97835448e-01  5.97835448e-01  1.41e-15 2.84e-14  1.42e-16     4s
  31   5.97835448e-01  5.97835448e-01  1.04e-15 1.42e-14  1.11e-16     4s
  32   5.97835448e-01  5.97835448e-01  6.29e-16 2.84e-14  5.43e-17     4s

Barrier solved model in 32 iterations and 4.03 seconds (3.76 work units)
Optimal objective 5.97835448e-01

objective value: 0.5978354480500448
Done! Time elapsed: 24.81120014190674 seconds.
g_0_1: 1.000003669570283
g_1_1: 1.0000023087381495
g_1_2: 1.0000065086202143
g_2_1: 1.000004236329437
g_2_2: 1.0000119427818706
g_2_3: 1.000004236329437
g_2_4: 1.0000119427818523
Parameters from last iteration: [0.17400064 0.70700163 0.17400113 0.707003   0.17400208 0.707003
 0.17400208]

Parameters from current iteration:
                [0.17400064 0.70700163 0.17400113 0.707003   0.17400208 0.707003
 0.17400208]


                Percentage Error = 3.1406519417731917e-16
                
year done: 159
Time 160: 2
Optimization Iteration[1/20000]

Solving the optimization problem...
Set parameter TokenServer to value "licenses.rcc.uchicago.edu"
Read LP format model from file /scratch/local/jobs/50183984/tmp2u446ckm.pyomo.lp
Reading time = 1.35 seconds
x1: 258121 rows, 502401 columns, 1259970 nonzeros
Set parameter Threads to value 8
Set parameter BarConvTol to value 1e-12
Gurobi Optimizer version 11.0.0 build v11.0.0rc2 (linux64 - "CentOS Linux 8")

CPU model: Intel(R) Xeon(R) Gold 6248R CPU @ 3.00GHz, instruction set [SSE2|AVX|AVX2|AVX512]
Thread count: 48 physical cores, 48 logical processors, using up to 8 threads

Optimize a model with 258121 rows, 502401 columns and 1259970 nonzeros
Model fingerprint: 0xdfb0ff55
Model has 3166 quadratic objective terms
Coefficient statistics:
  Matrix range     [1e+00, 1e+03]
  Objective range  [5e-07, 7e+01]
  QObjective range [3e-01, 3e+03]
  Bounds range     [3e-04, 1e+00]
  RHS range        [6e-17, 6e+00]
Presolve removed 131482 rows and 128814 columns
Presolve time: 0.55s
Presolved: 126639 rows, 373587 columns, 743930 nonzeros
Presolved model has 3166 quadratic objective terms
Ordering time: 0.16s

Barrier statistics:
 AA' NZ     : 3.709e+05
 Factor NZ  : 4.212e+06 (roughly 240 MB of memory)
 Factor Ops : 3.974e+08 (less than 1 second per iteration)
 Threads    : 8

                  Objective                Residual
Iter       Primal          Dual         Primal    Dual     Compl     Time
   0  -1.08858984e+09  8.63519648e+08  7.80e+04 1.14e-13  1.00e+06     1s
   1  -6.35727304e+08  5.82241624e+08  1.87e+04 1.60e+02  2.62e+05     1s
   2  -3.24155004e+08  3.24098671e+08  2.36e+02 1.04e+00  4.64e+03     1s
   3  -7.58808412e+07  7.65393860e+07  1.95e+00 1.92e-12  3.30e+02     1s
   4  -1.46363886e+07  1.53249905e+07  1.70e-01 6.19e-12  6.19e+01     1s
   5  -2.69569145e+06  2.98245176e+06  1.33e-02 1.24e-12  1.15e+01     1s
   6  -3.92606330e+05  4.49318457e+05  1.33e-08 9.43e-13  1.69e+00     2s
   7  -5.87274365e+04  7.36725268e+04  1.23e-13 7.64e-13  2.66e-01     2s
   8  -8.85465995e+03  1.06079491e+04  5.23e-14 2.52e-13  3.92e-02     2s
   9  -1.41612476e+03  1.73858355e+03  2.04e-14 5.68e-14  6.35e-03     2s
  10  -2.31474024e+02  2.19505191e+02  9.55e-15 2.84e-14  9.07e-04     2s
  11  -5.13648932e+01  3.36484415e+01  3.33e-15 2.13e-14  1.71e-04     2s
  12  -8.58143854e+00  5.81684170e+00  1.29e-15 2.13e-14  2.90e-05     2s
  13  -1.09769205e+00  1.06858524e+00  3.63e-16 1.42e-14  4.36e-06     2s
  14  -2.49956806e-01  9.84700336e-01  3.06e-16 3.55e-14  2.48e-06     3s
  15   3.90776734e-01  6.85405276e-01  5.04e-17 1.42e-14  5.93e-07     3s
  16   5.14412380e-01  6.28987590e-01  7.60e-17 1.42e-14  2.31e-07     3s
  17   5.51283938e-01  6.14783616e-01  5.71e-17 1.42e-14  1.28e-07     3s
  18   5.78719084e-01  6.04485680e-01  6.59e-17 1.42e-14  5.18e-08     3s
  19   5.91114929e-01  5.99885689e-01  5.11e-17 1.42e-14  1.76e-08     3s
  20   5.95602793e-01  5.98299483e-01  7.20e-17 1.42e-14  5.43e-09     3s
  21   5.96691005e-01  5.97915353e-01  6.91e-17 1.42e-14  2.46e-09     3s
  22   5.97506786e-01  5.97628346e-01  1.30e-16 1.42e-14  2.45e-10     3s
  23   5.97587141e-01  5.97600075e-01  9.01e-17 1.42e-14  2.60e-11     3s
  24   5.97596566e-01  5.97596768e-01  1.28e-16 1.42e-14  4.06e-13     3s
  25   5.97596702e-01  5.97596720e-01  3.16e-15 1.42e-14  3.49e-14     3s
  26   5.97596711e-01  5.97596717e-01  3.86e-15 1.42e-14  1.26e-14     4s
  27   5.97596714e-01  5.97596716e-01  3.55e-15 1.42e-14  2.95e-15     4s
  28   5.97596715e-01  5.97596715e-01  3.59e-15 1.42e-14  7.48e-16     4s
  29   5.97596715e-01  5.97596715e-01  1.81e-15 1.42e-14  2.22e-16     4s
  30   5.97596715e-01  5.97596715e-01  1.23e-15 2.13e-14  1.41e-16     4s
  31   5.97596715e-01  5.97596715e-01  7.72e-16 1.42e-14  1.11e-16     4s
  32   5.97596715e-01  5.97596715e-01  5.08e-16 2.84e-14  5.41e-17     4s

Barrier solved model in 32 iterations and 4.05 seconds (3.76 work units)
Optimal objective 5.97596715e-01

objective value: 0.5975967152050492
Done! Time elapsed: 26.1837637424469 seconds.
g_0_1: 1.000003669570283
g_1_1: 1.0000023087381495
g_1_2: 1.0000065086202143
g_2_1: 1.000004236329437
g_2_2: 1.0000119427818706
g_2_3: 1.0000042363294372
g_2_4: 1.0000119427818523
Parameters from last iteration: [0.17400064 0.70700163 0.17400113 0.707003   0.17400208 0.707003
 0.17400208]

Parameters from current iteration:
                [0.17400064 0.70700163 0.17400113 0.707003   0.17400208 0.707003
 0.17400208]


                Percentage Error = 1.5703229439527584e-16
                
year done: 160
Time 161: 2
Optimization Iteration[1/20000]

Solving the optimization problem...
Set parameter TokenServer to value "licenses.rcc.uchicago.edu"
Read LP format model from file /scratch/local/jobs/50183984/tmpn5v7yj78.pyomo.lp
Reading time = 1.33 seconds
x1: 258121 rows, 502401 columns, 1259970 nonzeros
Set parameter Threads to value 8
Set parameter BarConvTol to value 1e-12
Gurobi Optimizer version 11.0.0 build v11.0.0rc2 (linux64 - "CentOS Linux 8")

CPU model: Intel(R) Xeon(R) Gold 6248R CPU @ 3.00GHz, instruction set [SSE2|AVX|AVX2|AVX512]
Thread count: 48 physical cores, 48 logical processors, using up to 8 threads

Optimize a model with 258121 rows, 502401 columns and 1259970 nonzeros
Model fingerprint: 0x60da495b
Model has 3166 quadratic objective terms
Coefficient statistics:
  Matrix range     [1e+00, 1e+03]
  Objective range  [5e-07, 7e+01]
  QObjective range [3e-01, 3e+03]
  Bounds range     [3e-04, 1e+00]
  RHS range        [6e-17, 6e+00]
Presolve removed 131482 rows and 128814 columns
Presolve time: 0.55s
Presolved: 126639 rows, 373587 columns, 743930 nonzeros
Presolved model has 3166 quadratic objective terms
Ordering time: 0.16s

Barrier statistics:
 AA' NZ     : 3.709e+05
 Factor NZ  : 4.212e+06 (roughly 240 MB of memory)
 Factor Ops : 3.974e+08 (less than 1 second per iteration)
 Threads    : 8

                  Objective                Residual
Iter       Primal          Dual         Primal    Dual     Compl     Time
   0  -1.08858984e+09  8.63519648e+08  7.80e+04 1.14e-13  1.00e+06     1s
   1  -6.35727304e+08  5.82241624e+08  1.87e+04 1.60e+02  2.62e+05     1s
   2  -3.24155004e+08  3.24098671e+08  2.36e+02 1.04e+00  4.64e+03     1s
   3  -7.58808412e+07  7.65393860e+07  1.95e+00 1.60e-12  3.30e+02     1s
   4  -1.46363886e+07  1.53249905e+07  1.70e-01 5.44e-12  6.19e+01     1s
   5  -2.69569145e+06  2.98245176e+06  1.33e-02 1.22e-12  1.15e+01     1s
   6  -3.92606330e+05  4.49318457e+05  1.33e-08 1.04e-12  1.69e+00     2s
   7  -5.87274367e+04  7.36725266e+04  1.24e-13 5.98e-13  2.66e-01     2s
   8  -8.85466018e+03  1.06079488e+04  6.06e-14 2.64e-13  3.92e-02     2s
   9  -1.41612499e+03  1.73858332e+03  1.95e-14 3.89e-14  6.35e-03     2s
  10  -2.31474252e+02  2.19504963e+02  9.34e-15 4.26e-14  9.07e-04     2s
  11  -5.13651212e+01  3.36482136e+01  2.89e-15 1.42e-14  1.71e-04     2s
  12  -8.58166653e+00  5.81661372e+00  1.06e-15 1.42e-14  2.90e-05     2s
  13  -1.09792004e+00  1.06835725e+00  3.56e-16 1.42e-14  4.36e-06     2s
  14  -2.50184794e-01  9.84472348e-01  2.41e-16 2.84e-14  2.48e-06     3s
  15   3.90548745e-01  6.85177287e-01  5.72e-17 1.42e-14  5.93e-07     3s
  16   5.14184392e-01  6.28759602e-01  8.27e-17 1.42e-14  2.31e-07     3s
  17   5.51055950e-01  6.14555628e-01  8.24e-17 2.13e-14  1.28e-07     3s
  18   5.78491096e-01  6.04257692e-01  1.06e-16 1.42e-14  5.18e-08     3s
  19   5.90886941e-01  5.99657701e-01  4.44e-17 1.42e-14  1.76e-08     3s
  20   5.95374805e-01  5.98071495e-01  7.75e-17 1.42e-14  5.43e-09     3s
  21   5.96463017e-01  5.97687365e-01  2.75e-17 1.42e-14  2.46e-09     3s
  22   5.97278798e-01  5.97400358e-01  6.36e-17 1.42e-14  2.45e-10     3s
  23   5.97359153e-01  5.97372087e-01  8.55e-17 1.42e-14  2.60e-11     3s
  24   5.97368578e-01  5.97368780e-01  1.27e-16 2.13e-14  4.06e-13     3s
  25   5.97368714e-01  5.97368732e-01  3.09e-15 1.42e-14  3.46e-14     3s
  26   5.97368723e-01  5.97368729e-01  4.90e-15 2.84e-14  1.25e-14     3s
  27   5.97368726e-01  5.97368728e-01  3.64e-15 1.42e-14  2.94e-15     4s
  28   5.97368727e-01  5.97368727e-01  3.76e-15 1.42e-14  7.44e-16     4s
  29   5.97368727e-01  5.97368727e-01  1.79e-15 1.42e-14  2.21e-16     4s
  30   5.97368727e-01  5.97368727e-01  1.49e-15 2.13e-14  1.40e-16     4s
  31   5.97368727e-01  5.97368727e-01  1.01e-15 1.42e-14  1.10e-16     4s
  32   5.97368727e-01  5.97368727e-01  5.11e-16 1.42e-14  5.38e-17     4s

Barrier solved model in 32 iterations and 4.02 seconds (3.76 work units)
Optimal objective 5.97368727e-01

objective value: 0.5973687271080794
Done! Time elapsed: 24.345728874206543 seconds.
g_0_1: 1.000003669570283
g_1_1: 1.0000023087381493
g_1_2: 1.0000065086202143
g_2_1: 1.000004236329437
g_2_2: 1.0000119427818703
g_2_3: 1.0000042363294372
g_2_4: 1.0000119427818523
Parameters from last iteration: [0.17400064 0.70700163 0.17400113 0.707003   0.17400208 0.707003
 0.17400208]

Parameters from current iteration:
                [0.17400064 0.70700163 0.17400113 0.707003   0.17400208 0.707003
 0.17400208]


                Percentage Error = 3.1406519417731907e-16
                
year done: 161
Time 162: 2
Optimization Iteration[1/20000]

Solving the optimization problem...
Set parameter TokenServer to value "licenses.rcc.uchicago.edu"
Read LP format model from file /scratch/local/jobs/50183984/tmp2c5jxgeo.pyomo.lp
Reading time = 1.33 seconds
x1: 258121 rows, 502401 columns, 1259970 nonzeros
Set parameter Threads to value 8
Set parameter BarConvTol to value 1e-12
Gurobi Optimizer version 11.0.0 build v11.0.0rc2 (linux64 - "CentOS Linux 8")

CPU model: Intel(R) Xeon(R) Gold 6248R CPU @ 3.00GHz, instruction set [SSE2|AVX|AVX2|AVX512]
Thread count: 48 physical cores, 48 logical processors, using up to 8 threads

Optimize a model with 258121 rows, 502401 columns and 1259970 nonzeros
Model fingerprint: 0x33099a25
Model has 3166 quadratic objective terms
Coefficient statistics:
  Matrix range     [1e+00, 1e+03]
  Objective range  [5e-07, 7e+01]
  QObjective range [3e-01, 3e+03]
  Bounds range     [3e-04, 1e+00]
  RHS range        [6e-17, 6e+00]
Presolve removed 131482 rows and 128814 columns
Presolve time: 0.54s
Presolved: 126639 rows, 373587 columns, 743930 nonzeros
Presolved model has 3166 quadratic objective terms
Ordering time: 0.16s

Barrier statistics:
 AA' NZ     : 3.709e+05
 Factor NZ  : 4.212e+06 (roughly 240 MB of memory)
 Factor Ops : 3.974e+08 (less than 1 second per iteration)
 Threads    : 8

                  Objective                Residual
Iter       Primal          Dual         Primal    Dual     Compl     Time
   0  -1.08858984e+09  8.63519648e+08  7.80e+04 1.14e-13  1.00e+06     1s
   1  -6.35727304e+08  5.82241624e+08  1.87e+04 1.60e+02  2.62e+05     1s
   2  -3.24155004e+08  3.24098671e+08  2.36e+02 1.04e+00  4.64e+03     1s
   3  -7.58808412e+07  7.65393860e+07  1.95e+00 1.54e-12  3.30e+02     1s
   4  -1.46363886e+07  1.53249905e+07  1.70e-01 4.51e-12  6.19e+01     1s
   5  -2.69569145e+06  2.98245176e+06  1.33e-02 1.24e-12  1.15e+01     1s
   6  -3.92606330e+05  4.49318457e+05  1.33e-08 1.16e-12  1.69e+00     2s
   7  -5.87274370e+04  7.36725263e+04  1.36e-13 7.86e-13  2.66e-01     2s
   8  -8.85466040e+03  1.06079486e+04  5.87e-14 2.21e-13  3.92e-02     2s
   9  -1.41612520e+03  1.73858310e+03  2.20e-14 3.71e-14  6.35e-03     2s
  10  -2.31474470e+02  2.19504745e+02  1.01e-14 4.26e-14  9.07e-04     2s
  11  -5.13653389e+01  3.36479958e+01  3.13e-15 2.13e-14  1.71e-04     2s
  12  -8.58188426e+00  5.81639599e+00  1.10e-15 2.84e-14  2.90e-05     2s
  13  -1.09813776e+00  1.06813952e+00  3.87e-16 1.42e-14  4.36e-06     2s
  14  -2.50402521e-01  9.84254621e-01  3.26e-16 4.26e-14  2.48e-06     3s
  15   3.90331019e-01  6.84959560e-01  4.64e-17 2.84e-14  5.93e-07     3s
  16   5.13966665e-01  6.28541875e-01  8.54e-17 1.42e-14  2.31e-07     3s
  17   5.50838223e-01  6.14337901e-01  5.34e-17 1.42e-14  1.28e-07     3s
  18   5.78273369e-01  6.04039965e-01  7.22e-17 1.42e-14  5.18e-08     3s
  19   5.90669214e-01  5.99439974e-01  8.88e-17 2.13e-14  1.76e-08     3s
  20   5.95157078e-01  5.97853768e-01  8.35e-17 1.42e-14  5.43e-09     3s
  21   5.96245290e-01  5.97469638e-01  5.37e-17 1.42e-14  2.46e-09     3s
  22   5.97061071e-01  5.97182631e-01  4.58e-17 1.42e-14  2.45e-10     3s
  23   5.97141426e-01  5.97154360e-01  7.12e-17 2.84e-14  2.60e-11     3s
  24   5.97150851e-01  5.97151053e-01  1.54e-16 1.42e-14  4.06e-13     3s
  25   5.97150988e-01  5.97151005e-01  2.45e-15 1.42e-14  3.44e-14     3s
  26   5.97150996e-01  5.97151002e-01  4.36e-15 1.42e-14  1.24e-14     3s
  27   5.97150999e-01  5.97151001e-01  3.42e-15 1.42e-14  2.92e-15     4s
  28   5.97151000e-01  5.97151000e-01  4.11e-15 1.42e-14  7.41e-16     4s
  29   5.97151000e-01  5.97151000e-01  1.77e-15 1.42e-14  2.20e-16     4s
  30   5.97151000e-01  5.97151000e-01  1.21e-15 1.42e-14  1.39e-16     4s
  31   5.97151000e-01  5.97151000e-01  8.18e-16 1.42e-14  1.09e-16     4s
  32   5.97151000e-01  5.97151000e-01  5.58e-16 2.84e-14  5.34e-17     4s

Barrier solved model in 32 iterations and 4.00 seconds (3.76 work units)
Optimal objective 5.97151000e-01

objective value: 0.5971510001657849
Done! Time elapsed: 24.4463210105896 seconds.
g_0_1: 1.0000036695702827
g_1_1: 1.0000023087381495
g_1_2: 1.0000065086202143
g_2_1: 1.000004236329437
g_2_2: 1.0000119427818703
g_2_3: 1.0000042363294372
g_2_4: 1.0000119427818523
Parameters from last iteration: [0.17400064 0.70700163 0.17400113 0.707003   0.17400208 0.707003
 0.17400208]

Parameters from current iteration:
                [0.17400064 0.70700163 0.17400113 0.707003   0.17400208 0.707003
 0.17400208]


                Percentage Error = 3.1902843408008264e-16
                
year done: 162
Time 163: 2
Optimization Iteration[1/20000]

Solving the optimization problem...
Set parameter TokenServer to value "licenses.rcc.uchicago.edu"
Read LP format model from file /scratch/local/jobs/50183984/tmpu254b2t_.pyomo.lp
Reading time = 1.33 seconds
x1: 258121 rows, 502401 columns, 1259970 nonzeros
Set parameter Threads to value 8
Set parameter BarConvTol to value 1e-12
Gurobi Optimizer version 11.0.0 build v11.0.0rc2 (linux64 - "CentOS Linux 8")

CPU model: Intel(R) Xeon(R) Gold 6248R CPU @ 3.00GHz, instruction set [SSE2|AVX|AVX2|AVX512]
Thread count: 48 physical cores, 48 logical processors, using up to 8 threads

Optimize a model with 258121 rows, 502401 columns and 1259970 nonzeros
Model fingerprint: 0xa091385c
Model has 3166 quadratic objective terms
Coefficient statistics:
  Matrix range     [1e+00, 1e+03]
  Objective range  [5e-07, 7e+01]
  QObjective range [3e-01, 3e+03]
  Bounds range     [3e-04, 1e+00]
  RHS range        [6e-17, 6e+00]
Presolve removed 131482 rows and 128814 columns
Presolve time: 0.54s
Presolved: 126639 rows, 373587 columns, 743930 nonzeros
Presolved model has 3166 quadratic objective terms
Ordering time: 0.16s

Barrier statistics:
 AA' NZ     : 3.709e+05
 Factor NZ  : 4.212e+06 (roughly 240 MB of memory)
 Factor Ops : 3.974e+08 (less than 1 second per iteration)
 Threads    : 8

                  Objective                Residual
Iter       Primal          Dual         Primal    Dual     Compl     Time
   0  -1.08858984e+09  8.63519648e+08  7.80e+04 1.14e-13  1.00e+06     1s
   1  -6.35727304e+08  5.82241624e+08  1.87e+04 1.60e+02  2.62e+05     1s
   2  -3.24155004e+08  3.24098671e+08  2.36e+02 1.04e+00  4.64e+03     1s
   3  -7.58808412e+07  7.65393860e+07  1.95e+00 1.68e-12  3.30e+02     1s
   4  -1.46363886e+07  1.53249905e+07  1.70e-01 3.98e-12  6.19e+01     1s
   5  -2.69569145e+06  2.98245176e+06  1.33e-02 1.18e-12  1.15e+01     1s
   6  -3.92606331e+05  4.49318457e+05  1.33e-08 3.43e-12  1.69e+00     2s
   7  -5.87274372e+04  7.36725261e+04  1.43e-13 6.66e-13  2.66e-01     2s
   8  -8.85466061e+03  1.06079484e+04  5.70e-14 2.25e-13  3.92e-02     2s
   9  -1.41612541e+03  1.73858290e+03  2.59e-14 5.68e-14  6.35e-03     2s
  10  -2.31474678e+02  2.19504537e+02  6.94e-15 2.84e-14  9.07e-04     2s
  11  -5.13655469e+01  3.36477879e+01  3.76e-15 2.84e-14  1.71e-04     2s
  12  -8.58209218e+00  5.81618806e+00  9.88e-16 1.42e-14  2.90e-05     2s
  13  -1.09834569e+00  1.06793160e+00  4.30e-16 1.42e-14  4.36e-06     2s
  14  -2.50610449e-01  9.84046693e-01  2.72e-16 3.55e-14  2.48e-06     3s
  15   3.90123091e-01  6.84751633e-01  4.74e-17 1.42e-14  5.93e-07     3s
  16   5.13758737e-01  6.28333947e-01  5.74e-17 2.84e-14  2.31e-07     3s
  17   5.50630295e-01  6.14129974e-01  8.24e-17 1.42e-14  1.28e-07     3s
  18   5.78065441e-01  6.03832037e-01  5.51e-17 1.42e-14  5.18e-08     3s
  19   5.90461286e-01  5.99232047e-01  4.73e-17 1.42e-14  1.76e-08     3s
  20   5.94949151e-01  5.97645840e-01  6.51e-17 1.42e-14  5.43e-09     3s
  21   5.96037363e-01  5.97261711e-01  5.10e-17 1.42e-14  2.46e-09     3s
  22   5.96853143e-01  5.96974704e-01  4.70e-17 1.42e-14  2.45e-10     3s
  23   5.96933499e-01  5.96946433e-01  1.19e-16 1.42e-14  2.60e-11     3s
  24   5.96942923e-01  5.96943125e-01  1.29e-16 1.42e-14  4.06e-13     3s
  25   5.96943060e-01  5.96943077e-01  2.95e-15 1.42e-14  3.42e-14     3s
  26   5.96943068e-01  5.96943074e-01  4.32e-15 1.42e-14  1.24e-14     3s
  27   5.96943072e-01  5.96943073e-01  3.72e-15 1.42e-14  2.91e-15     4s
  28   5.96943072e-01  5.96943073e-01  4.41e-15 1.42e-14  7.38e-16     4s
  29   5.96943072e-01  5.96943073e-01  1.85e-15 1.42e-14  2.19e-16     4s
  30   5.96943073e-01  5.96943073e-01  1.28e-15 1.42e-14  1.37e-16     4s
  31   5.96943073e-01  5.96943073e-01  8.53e-16 1.42e-14  1.09e-16     4s
  32   5.96943073e-01  5.96943073e-01  5.76e-16 1.42e-14  5.30e-17     4s

Barrier solved model in 32 iterations and 4.02 seconds (3.76 work units)
Optimal objective 5.96943073e-01

objective value: 0.5969430725501618
Done! Time elapsed: 24.45915937423706 seconds.
g_0_1: 1.000003669570283
g_1_1: 1.0000023087381495
g_1_2: 1.0000065086202143
g_2_1: 1.000004236329437
g_2_2: 1.0000119427818701
g_2_3: 1.0000042363294372
g_2_4: 1.0000119427818523
Parameters from last iteration: [0.17400064 0.70700163 0.17400113 0.707003   0.17400208 0.707003
 0.17400208]

Parameters from current iteration:
                [0.17400064 0.70700163 0.17400113 0.707003   0.17400208 0.707003
 0.17400208]


                Percentage Error = 3.1902843408008274e-16
                
year done: 163
Time 164: 2
Optimization Iteration[1/20000]

Solving the optimization problem...
Set parameter TokenServer to value "licenses.rcc.uchicago.edu"
Read LP format model from file /scratch/local/jobs/50183984/tmppk0lrjio.pyomo.lp
Reading time = 1.33 seconds
x1: 258121 rows, 502401 columns, 1259970 nonzeros
Set parameter Threads to value 8
Set parameter BarConvTol to value 1e-12
Gurobi Optimizer version 11.0.0 build v11.0.0rc2 (linux64 - "CentOS Linux 8")

CPU model: Intel(R) Xeon(R) Gold 6248R CPU @ 3.00GHz, instruction set [SSE2|AVX|AVX2|AVX512]
Thread count: 48 physical cores, 48 logical processors, using up to 8 threads

Optimize a model with 258121 rows, 502401 columns and 1259970 nonzeros
Model fingerprint: 0xea4008ad
Model has 3166 quadratic objective terms
Coefficient statistics:
  Matrix range     [1e+00, 1e+03]
  Objective range  [5e-07, 7e+01]
  QObjective range [3e-01, 3e+03]
  Bounds range     [3e-04, 1e+00]
  RHS range        [6e-17, 6e+00]
Presolve removed 131482 rows and 128814 columns
Presolve time: 0.54s
Presolved: 126639 rows, 373587 columns, 743930 nonzeros
Presolved model has 3166 quadratic objective terms
Ordering time: 0.16s

Barrier statistics:
 AA' NZ     : 3.709e+05
 Factor NZ  : 4.212e+06 (roughly 240 MB of memory)
 Factor Ops : 3.974e+08 (less than 1 second per iteration)
 Threads    : 8

                  Objective                Residual
Iter       Primal          Dual         Primal    Dual     Compl     Time
   0  -1.08858984e+09  8.63519648e+08  7.80e+04 1.14e-13  1.00e+06     1s
   1  -6.35727304e+08  5.82241624e+08  1.87e+04 1.60e+02  2.62e+05     1s
   2  -3.24155004e+08  3.24098671e+08  2.36e+02 1.04e+00  4.64e+03     1s
   3  -7.58808412e+07  7.65393860e+07  1.95e+00 1.47e-12  3.30e+02     1s
   4  -1.46363886e+07  1.53249905e+07  1.70e-01 5.02e-12  6.19e+01     1s
   5  -2.69569145e+06  2.98245176e+06  1.33e-02 1.42e-12  1.15e+01     1s
   6  -3.92606331e+05  4.49318456e+05  1.33e-08 9.25e-13  1.69e+00     2s
   7  -5.87274374e+04  7.36725259e+04  1.66e-13 6.49e-13  2.66e-01     2s
   8  -8.85466081e+03  1.06079482e+04  6.43e-14 2.66e-13  3.92e-02     2s
   9  -1.41612561e+03  1.73858270e+03  2.20e-14 4.26e-14  6.35e-03     2s
  10  -2.31474876e+02  2.19504338e+02  8.79e-15 2.84e-14  9.07e-04     2s
  11  -5.13657454e+01  3.36475893e+01  3.88e-15 2.13e-14  1.71e-04     2s
  12  -8.58229075e+00  5.81598949e+00  1.30e-15 1.42e-14  2.90e-05     2s
  13  -1.09854426e+00  1.06773303e+00  4.84e-16 1.42e-14  4.36e-06     2s
  14  -2.50809018e-01  9.83848124e-01  2.73e-16 4.26e-14  2.48e-06     2s
  15   3.89924522e-01  6.84553064e-01  1.02e-16 1.42e-14  5.93e-07     3s
  16   5.13560168e-01  6.28135378e-01  8.84e-17 1.42e-14  2.31e-07     3s
  17   5.50431726e-01  6.13931404e-01  8.68e-17 1.42e-14  1.28e-07     3s
  18   5.77866872e-01  6.03633468e-01  9.50e-17 1.42e-14  5.18e-08     3s
  19   5.90262717e-01  5.99033477e-01  4.40e-17 1.51e-14  1.76e-08     3s
  20   5.94750581e-01  5.97447271e-01  5.32e-17 1.42e-14  5.43e-09     3s
  21   5.95838794e-01  5.97063141e-01  3.72e-17 2.13e-14  2.46e-09     3s
  22   5.96654574e-01  5.96776134e-01  4.74e-17 1.42e-14  2.45e-10     3s
  23   5.96734929e-01  5.96747863e-01  7.02e-17 2.84e-14  2.60e-11     3s
  24   5.96744354e-01  5.96744556e-01  1.51e-16 2.84e-14  4.06e-13     3s
  25   5.96744491e-01  5.96744508e-01  2.69e-15 2.84e-14  3.39e-14     3s
  26   5.96744499e-01  5.96744505e-01  6.87e-15 1.42e-14  1.23e-14     3s
  27   5.96744502e-01  5.96744504e-01  4.23e-15 1.42e-14  2.90e-15     4s
  28   5.96744503e-01  5.96744503e-01  4.50e-15 1.42e-14  7.34e-16     4s
  29   5.96744503e-01  5.96744503e-01  1.98e-15 1.42e-14  2.17e-16     4s
  30   5.96744503e-01  5.96744503e-01  1.36e-15 2.13e-14  1.36e-16     4s
  31   5.96744503e-01  5.96744503e-01  9.33e-16 1.42e-14  1.08e-16     4s
  32   5.96744503e-01  5.96744503e-01  6.41e-16 1.42e-14  5.24e-17     4s

Barrier solved model in 32 iterations and 3.99 seconds (3.76 work units)
Optimal objective 5.96744503e-01

objective value: 0.5967445032188528
Done! Time elapsed: 25.84234881401062 seconds.
g_0_1: 1.0000036695702827
g_1_1: 1.0000023087381495
g_1_2: 1.0000065086202143
g_2_1: 1.0000042363294372
g_2_2: 1.0000119427818697
g_2_3: 1.0000042363294372
g_2_4: 1.0000119427818523
Parameters from last iteration: [0.17400064 0.70700163 0.17400113 0.707003   0.17400208 0.707003
 0.17400208]

Parameters from current iteration:
                [0.17400064 0.70700163 0.17400113 0.707003   0.17400208 0.707003
 0.17400208]


                Percentage Error = 4.785386920827997e-16
                
year done: 164
Time 165: 2
Optimization Iteration[1/20000]

Solving the optimization problem...
Set parameter TokenServer to value "licenses.rcc.uchicago.edu"
Read LP format model from file /scratch/local/jobs/50183984/tmpgnyn58n4.pyomo.lp
Reading time = 1.33 seconds
x1: 258121 rows, 502401 columns, 1259970 nonzeros
Set parameter Threads to value 8
Set parameter BarConvTol to value 1e-12
Gurobi Optimizer version 11.0.0 build v11.0.0rc2 (linux64 - "CentOS Linux 8")

CPU model: Intel(R) Xeon(R) Gold 6248R CPU @ 3.00GHz, instruction set [SSE2|AVX|AVX2|AVX512]
Thread count: 48 physical cores, 48 logical processors, using up to 8 threads

Optimize a model with 258121 rows, 502401 columns and 1259970 nonzeros
Model fingerprint: 0x73d87a1b
Model has 3166 quadratic objective terms
Coefficient statistics:
  Matrix range     [1e+00, 1e+03]
  Objective range  [5e-07, 7e+01]
  QObjective range [3e-01, 3e+03]
  Bounds range     [3e-04, 1e+00]
  RHS range        [6e-17, 6e+00]
Presolve removed 131482 rows and 128814 columns
Presolve time: 0.55s
Presolved: 126639 rows, 373587 columns, 743930 nonzeros
Presolved model has 3166 quadratic objective terms
Ordering time: 0.16s

Barrier statistics:
 AA' NZ     : 3.709e+05
 Factor NZ  : 4.212e+06 (roughly 240 MB of memory)
 Factor Ops : 3.974e+08 (less than 1 second per iteration)
 Threads    : 8

                  Objective                Residual
Iter       Primal          Dual         Primal    Dual     Compl     Time
   0  -1.08858984e+09  8.63519648e+08  7.80e+04 1.14e-13  1.00e+06     1s
   1  -6.35727304e+08  5.82241624e+08  1.87e+04 1.60e+02  2.62e+05     1s
   2  -3.24155004e+08  3.24098671e+08  2.36e+02 1.04e+00  4.64e+03     1s
   3  -7.58808412e+07  7.65393860e+07  1.95e+00 1.65e-12  3.30e+02     1s
   4  -1.46363886e+07  1.53249905e+07  1.70e-01 4.80e-12  6.19e+01     1s
   5  -2.69569145e+06  2.98245176e+06  1.33e-02 1.24e-12  1.15e+01     1s
   6  -3.92606331e+05  4.49318456e+05  1.33e-08 9.37e-13  1.69e+00     2s
   7  -5.87274376e+04  7.36725257e+04  1.36e-13 7.39e-13  2.66e-01     2s
   8  -8.85466100e+03  1.06079480e+04  6.19e-14 2.24e-13  3.92e-02     2s
   9  -1.41612580e+03  1.73858251e+03  2.63e-14 7.11e-14  6.35e-03     2s
  10  -2.31475066e+02  2.19504149e+02  9.21e-15 2.84e-14  9.07e-04     2s
  11  -5.13659351e+01  3.36473997e+01  2.42e-15 2.84e-14  1.71e-04     2s
  12  -8.58248039e+00  5.81579986e+00  1.02e-15 1.42e-14  2.90e-05     2s
  13  -1.09873389e+00  1.06754339e+00  4.25e-16 1.47e-14  4.36e-06     2s
  14  -2.50998651e-01  9.83658492e-01  2.72e-16 2.84e-14  2.48e-06     3s
  15   3.89734889e-01  6.84363431e-01  5.86e-17 1.42e-14  5.93e-07     3s
  16   5.13370536e-01  6.27945746e-01  1.12e-16 2.13e-14  2.31e-07     3s
  17   5.50242094e-01  6.13741772e-01  8.90e-17 2.13e-14  1.28e-07     3s
  18   5.77677239e-01  6.03443836e-01  7.35e-17 1.64e-14  5.18e-08     3s
  19   5.90073085e-01  5.98843845e-01  7.62e-17 2.84e-14  1.76e-08     3s
  20   5.94560949e-01  5.97257639e-01  1.02e-16 1.42e-14  5.43e-09     3s
  21   5.95649161e-01  5.96873509e-01  3.84e-17 1.42e-14  2.46e-09     3s
  22   5.96464942e-01  5.96586502e-01  7.64e-17 1.42e-14  2.45e-10     3s
  23   5.96545297e-01  5.96558231e-01  1.33e-16 2.13e-14  2.60e-11     3s
  24   5.96554722e-01  5.96554924e-01  1.82e-16 1.42e-14  4.06e-13     3s
  25   5.96554859e-01  5.96554875e-01  2.22e-15 1.42e-14  3.37e-14     3s
  26   5.96554866e-01  5.96554873e-01  4.15e-15 1.69e-14  1.23e-14     3s
  27   5.96554870e-01  5.96554871e-01  3.59e-15 2.84e-14  2.88e-15     4s
  28   5.96554871e-01  5.96554871e-01  5.13e-15 1.42e-14  7.31e-16     4s
  29   5.96554871e-01  5.96554871e-01  2.63e-15 1.42e-14  2.16e-16     4s
  30   5.96554871e-01  5.96554871e-01  2.27e-15 1.42e-14  1.35e-16     4s
  31   5.96554871e-01  5.96554871e-01  1.71e-15 7.55e-15  1.07e-16     4s
  32   5.96554871e-01  5.96554871e-01  5.18e-16 2.84e-14  5.18e-17     4s

Barrier solved model in 32 iterations and 4.00 seconds (3.76 work units)
Optimal objective 5.96554871e-01

objective value: 0.5965548709796802
Done! Time elapsed: 24.30558681488037 seconds.
g_0_1: 1.0000036695702827
g_1_1: 1.0000023087381495
g_1_2: 1.0000065086202141
g_2_1: 1.000004236329437
g_2_2: 1.0000119427818697
g_2_3: 1.0000042363294372
g_2_4: 1.0000119427818523
Parameters from last iteration: [0.17400064 0.70700163 0.17400113 0.707003   0.17400208 0.707003
 0.17400208]

Parameters from current iteration:
                [0.17400064 0.70700163 0.17400113 0.707003   0.17400208 0.707003
 0.17400208]


                Percentage Error = 1.5951376417416192e-16
                
year done: 165
Time 166: 2
Optimization Iteration[1/20000]

Solving the optimization problem...
Set parameter TokenServer to value "licenses.rcc.uchicago.edu"
Read LP format model from file /scratch/local/jobs/50183984/tmpdpbimdhe.pyomo.lp
Reading time = 1.33 seconds
x1: 258121 rows, 502401 columns, 1259970 nonzeros
Set parameter Threads to value 8
Set parameter BarConvTol to value 1e-12
Gurobi Optimizer version 11.0.0 build v11.0.0rc2 (linux64 - "CentOS Linux 8")

CPU model: Intel(R) Xeon(R) Gold 6248R CPU @ 3.00GHz, instruction set [SSE2|AVX|AVX2|AVX512]
Thread count: 48 physical cores, 48 logical processors, using up to 8 threads

Optimize a model with 258121 rows, 502401 columns and 1259970 nonzeros
Model fingerprint: 0xb5e5f97a
Model has 3166 quadratic objective terms
Coefficient statistics:
  Matrix range     [1e+00, 1e+03]
  Objective range  [5e-07, 7e+01]
  QObjective range [3e-01, 3e+03]
  Bounds range     [3e-04, 1e+00]
  RHS range        [6e-17, 6e+00]
Presolve removed 131482 rows and 128814 columns
Presolve time: 0.54s
Presolved: 126639 rows, 373587 columns, 743930 nonzeros
Presolved model has 3166 quadratic objective terms
Ordering time: 0.16s

Barrier statistics:
 AA' NZ     : 3.709e+05
 Factor NZ  : 4.212e+06 (roughly 240 MB of memory)
 Factor Ops : 3.974e+08 (less than 1 second per iteration)
 Threads    : 8

                  Objective                Residual
Iter       Primal          Dual         Primal    Dual     Compl     Time
   0  -1.08858984e+09  8.63519648e+08  7.80e+04 1.14e-13  1.00e+06     1s
   1  -6.35727304e+08  5.82241624e+08  1.87e+04 1.60e+02  2.62e+05     1s
   2  -3.24155004e+08  3.24098671e+08  2.36e+02 1.04e+00  4.64e+03     1s
   3  -7.58808412e+07  7.65393860e+07  1.95e+00 1.93e-12  3.30e+02     1s
   4  -1.46363886e+07  1.53249905e+07  1.70e-01 4.46e-12  6.19e+01     1s
   5  -2.69569145e+06  2.98245176e+06  1.33e-02 1.25e-12  1.15e+01     1s
   6  -3.92606331e+05  4.49318456e+05  1.33e-08 1.46e-12  1.69e+00     2s
   7  -5.87274377e+04  7.36725256e+04  1.29e-13 6.56e-13  2.66e-01     2s
   8  -8.85466118e+03  1.06079478e+04  7.26e-14 2.21e-13  3.92e-02     2s
   9  -1.41612598e+03  1.73858233e+03  2.14e-14 4.26e-14  6.35e-03     2s
  10  -2.31475247e+02  2.19503968e+02  7.86e-15 2.84e-14  9.07e-04     2s
  11  -5.13661162e+01  3.36472186e+01  3.99e-15 2.13e-14  1.71e-04     2s
  12  -8.58266148e+00  5.81561876e+00  1.08e-15 1.42e-14  2.90e-05     2s
  13  -1.09891499e+00  1.06736230e+00  3.75e-16 1.42e-14  4.36e-06     2s
  14  -2.51179748e-01  9.83477394e-01  3.16e-16 4.26e-14  2.48e-06     3s
  15   3.89553792e-01  6.84182334e-01  6.99e-17 1.42e-14  5.93e-07     3s
  16   5.13189438e-01  6.27764649e-01  5.54e-17 2.13e-14  2.31e-07     3s
  17   5.50060996e-01  6.13560675e-01  5.20e-17 1.87e-14  1.28e-07     3s
  18   5.77496142e-01  6.03262738e-01  7.59e-17 1.42e-14  5.18e-08     3s
  19   5.89891987e-01  5.98662748e-01  4.09e-17 1.42e-14  1.76e-08     3s
  20   5.94379852e-01  5.97076541e-01  5.80e-17 1.42e-14  5.43e-09     3s
  21   5.95468064e-01  5.96692412e-01  7.23e-17 1.42e-14  2.46e-09     3s
  22   5.96283844e-01  5.96405405e-01  9.03e-17 1.42e-14  2.45e-10     3s
  23   5.96364200e-01  5.96377134e-01  7.78e-17 1.47e-14  2.60e-11     3s
  24   5.96373624e-01  5.96373826e-01  1.56e-16 1.42e-14  4.06e-13     3s
  25   5.96373761e-01  5.96373778e-01  2.21e-15 1.42e-14  3.35e-14     3s
  26   5.96373769e-01  5.96373775e-01  4.07e-15 1.42e-14  1.22e-14     3s
  27   5.96373773e-01  5.96373774e-01  3.62e-15 1.42e-14  2.87e-15     4s
  28   5.96373773e-01  5.96373774e-01  4.15e-15 1.42e-14  7.27e-16     4s
  29   5.96373774e-01  5.96373774e-01  2.24e-15 1.42e-14  2.15e-16     4s
  30   5.96373774e-01  5.96373774e-01  1.14e-15 1.42e-14  1.34e-16     4s
  31   5.96373774e-01  5.96373774e-01  8.00e-16 1.42e-14  1.07e-16     4s
  32   5.96373774e-01  5.96373774e-01  7.81e-16 1.42e-14  5.12e-17     4s

Barrier solved model in 32 iterations and 4.01 seconds (3.76 work units)
Optimal objective 5.96373774e-01

objective value: 0.5963737735971972
Done! Time elapsed: 24.284101486206055 seconds.
g_0_1: 1.0000036695702827
g_1_1: 1.0000023087381495
g_1_2: 1.0000065086202143
g_2_1: 1.000004236329437
g_2_2: 1.0000119427818694
g_2_3: 1.0000042363294372
g_2_4: 1.0000119427818523
Parameters from last iteration: [0.17400064 0.70700163 0.17400113 0.707003   0.17400208 0.707003
 0.17400208]

Parameters from current iteration:
                [0.17400064 0.70700163 0.17400113 0.707003   0.17400208 0.707003
 0.17400208]


                Percentage Error = 1.5951376417416194e-16
                
year done: 166
Time 167: 2
Optimization Iteration[1/20000]

Solving the optimization problem...
Set parameter TokenServer to value "licenses.rcc.uchicago.edu"
Read LP format model from file /scratch/local/jobs/50183984/tmpam22xvab.pyomo.lp
Reading time = 1.34 seconds
x1: 258121 rows, 502401 columns, 1259970 nonzeros
Set parameter Threads to value 8
Set parameter BarConvTol to value 1e-12
Gurobi Optimizer version 11.0.0 build v11.0.0rc2 (linux64 - "CentOS Linux 8")

CPU model: Intel(R) Xeon(R) Gold 6248R CPU @ 3.00GHz, instruction set [SSE2|AVX|AVX2|AVX512]
Thread count: 48 physical cores, 48 logical processors, using up to 8 threads

Optimize a model with 258121 rows, 502401 columns and 1259970 nonzeros
Model fingerprint: 0x3076aad9
Model has 3166 quadratic objective terms
Coefficient statistics:
  Matrix range     [1e+00, 1e+03]
  Objective range  [5e-07, 7e+01]
  QObjective range [3e-01, 3e+03]
  Bounds range     [3e-04, 1e+00]
  RHS range        [6e-17, 6e+00]
Presolve removed 131482 rows and 128814 columns
Presolve time: 0.55s
Presolved: 126639 rows, 373587 columns, 743930 nonzeros
Presolved model has 3166 quadratic objective terms
Ordering time: 0.16s

Barrier statistics:
 AA' NZ     : 3.709e+05
 Factor NZ  : 4.212e+06 (roughly 240 MB of memory)
 Factor Ops : 3.974e+08 (less than 1 second per iteration)
 Threads    : 8

                  Objective                Residual
Iter       Primal          Dual         Primal    Dual     Compl     Time
   0  -1.08858984e+09  8.63519648e+08  7.80e+04 1.14e-13  1.00e+06     1s
   1  -6.35727304e+08  5.82241624e+08  1.87e+04 1.60e+02  2.62e+05     1s
   2  -3.24155004e+08  3.24098671e+08  2.36e+02 1.04e+00  4.64e+03     1s
   3  -7.58808412e+07  7.65393860e+07  1.95e+00 1.85e-12  3.30e+02     1s
   4  -1.46363886e+07  1.53249905e+07  1.70e-01 5.13e-12  6.19e+01     1s
   5  -2.69569145e+06  2.98245176e+06  1.33e-02 1.39e-12  1.15e+01     1s
   6  -3.92606331e+05  4.49318456e+05  1.33e-08 2.98e-12  1.69e+00     2s
   7  -5.87274379e+04  7.36725254e+04  1.38e-13 7.65e-13  2.66e-01     2s
   8  -8.85466135e+03  1.06079477e+04  6.49e-14 2.30e-13  3.92e-02     2s
   9  -1.41612615e+03  1.73858215e+03  2.29e-14 3.73e-14  6.35e-03     2s
  10  -2.31475420e+02  2.19503795e+02  8.21e-15 2.84e-14  9.07e-04     2s
  11  -5.13662891e+01  3.36470457e+01  4.71e-15 2.84e-14  1.71e-04     2s
  12  -8.58283443e+00  5.81544582e+00  1.02e-15 2.84e-14  2.90e-05     2s
  13  -1.09908794e+00  1.06718935e+00  4.36e-16 1.42e-14  4.36e-06     2s
  14  -2.51352695e-01  9.83304447e-01  3.33e-16 4.26e-14  2.48e-06     3s
  15   3.89380845e-01  6.84009387e-01  4.63e-17 1.42e-14  5.93e-07     3s
  16   5.13016492e-01  6.27591702e-01  7.31e-17 2.84e-14  2.31e-07     3s
  17   5.49888049e-01  6.13387728e-01  9.77e-17 2.84e-14  1.28e-07     3s
  18   5.77323195e-01  6.03089792e-01  6.46e-17 1.42e-14  5.18e-08     3s
  19   5.89719040e-01  5.98489801e-01  5.45e-17 1.42e-14  1.76e-08     3s
  20   5.94206905e-01  5.96903594e-01  5.40e-17 1.42e-14  5.43e-09     3s
  21   5.95295117e-01  5.96519465e-01  9.40e-17 1.42e-14  2.46e-09     3s
  22   5.96110898e-01  5.96232458e-01  7.16e-17 2.13e-14  2.45e-10     3s
  23   5.96191253e-01  5.96204187e-01  8.10e-17 2.84e-14  2.60e-11     3s
  24   5.96200678e-01  5.96200880e-01  1.41e-16 1.42e-14  4.06e-13     3s
  25   5.96200815e-01  5.96200831e-01  3.07e-15 1.42e-14  3.33e-14     3s
  26   5.96200822e-01  5.96200829e-01  5.04e-15 1.42e-14  1.21e-14     3s
  27   5.96200826e-01  5.96200827e-01  3.94e-15 1.42e-14  2.85e-15     4s
  28   5.96200827e-01  5.96200827e-01  3.78e-15 1.42e-14  7.24e-16     4s
  29   5.96200827e-01  5.96200827e-01  1.94e-15 1.42e-14  2.14e-16     4s
  30   5.96200827e-01  5.96200827e-01  1.69e-15 1.42e-14  1.33e-16     4s
  31   5.96200827e-01  5.96200827e-01  1.26e-15 1.42e-14  1.06e-16     4s
  32   5.96200827e-01  5.96200827e-01  6.63e-16 1.42e-14  5.06e-17     4s

Barrier solved model in 32 iterations and 4.01 seconds (3.76 work units)
Optimal objective 5.96200827e-01

objective value: 0.596200826939616
Done! Time elapsed: 24.402514696121216 seconds.
g_0_1: 1.0000036695702827
g_1_1: 1.0000023087381495
g_1_2: 1.0000065086202141
g_2_1: 1.000004236329437
g_2_2: 1.0000119427818692
g_2_3: 1.0000042363294372
g_2_4: 1.0000119427818523
Parameters from last iteration: [0.17400064 0.70700163 0.17400113 0.707003   0.17400208 0.707003
 0.17400208]

Parameters from current iteration:
                [0.17400064 0.70700163 0.17400113 0.707003   0.17400208 0.707003
 0.17400208]


                Percentage Error = 1.5951376417416192e-16
                
year done: 167
Time 168: 2
Optimization Iteration[1/20000]

Solving the optimization problem...
Set parameter TokenServer to value "licenses.rcc.uchicago.edu"
Read LP format model from file /scratch/local/jobs/50183984/tmpd_9l3xub.pyomo.lp
Reading time = 1.35 seconds
x1: 258121 rows, 502401 columns, 1259970 nonzeros
Set parameter Threads to value 8
Set parameter BarConvTol to value 1e-12
Gurobi Optimizer version 11.0.0 build v11.0.0rc2 (linux64 - "CentOS Linux 8")

CPU model: Intel(R) Xeon(R) Gold 6248R CPU @ 3.00GHz, instruction set [SSE2|AVX|AVX2|AVX512]
Thread count: 48 physical cores, 48 logical processors, using up to 8 threads

Optimize a model with 258121 rows, 502401 columns and 1259970 nonzeros
Model fingerprint: 0x4e0ff51b
Model has 3166 quadratic objective terms
Coefficient statistics:
  Matrix range     [1e+00, 1e+03]
  Objective range  [5e-07, 7e+01]
  QObjective range [3e-01, 3e+03]
  Bounds range     [3e-04, 1e+00]
  RHS range        [6e-17, 6e+00]
Presolve removed 131482 rows and 128814 columns
Presolve time: 0.55s
Presolved: 126639 rows, 373587 columns, 743930 nonzeros
Presolved model has 3166 quadratic objective terms
Ordering time: 0.16s

Barrier statistics:
 AA' NZ     : 3.709e+05
 Factor NZ  : 4.212e+06 (roughly 240 MB of memory)
 Factor Ops : 3.974e+08 (less than 1 second per iteration)
 Threads    : 8

                  Objective                Residual
Iter       Primal          Dual         Primal    Dual     Compl     Time
   0  -1.08858984e+09  8.63519648e+08  7.80e+04 1.14e-13  1.00e+06     1s
   1  -6.35727304e+08  5.82241624e+08  1.87e+04 1.60e+02  2.62e+05     1s
   2  -3.24155004e+08  3.24098671e+08  2.36e+02 1.04e+00  4.64e+03     1s
   3  -7.58808412e+07  7.65393860e+07  1.95e+00 1.59e-12  3.30e+02     1s
   4  -1.46363886e+07  1.53249905e+07  1.70e-01 6.07e-12  6.19e+01     1s
   5  -2.69569145e+06  2.98245176e+06  1.33e-02 1.45e-12  1.15e+01     1s
   6  -3.92606332e+05  4.49318456e+05  1.33e-08 3.43e-12  1.69e+00     2s
   7  -5.87274381e+04  7.36725252e+04  1.46e-13 6.82e-13  2.66e-01     2s
   8  -8.85466151e+03  1.06079475e+04  5.70e-14 2.16e-13  3.92e-02     2s
   9  -1.41612632e+03  1.73858199e+03  2.09e-14 4.26e-14  6.35e-03     2s
  10  -2.31475585e+02  2.19503630e+02  6.63e-15 2.84e-14  9.07e-04     2s
  11  -5.13664543e+01  3.36468805e+01  3.99e-15 2.84e-14  1.71e-04     2s
  12  -8.58299959e+00  5.81528065e+00  1.12e-15 1.42e-14  2.90e-05     2s
  13  -1.09925310e+00  1.06702419e+00  4.24e-16 1.42e-14  4.36e-06     2s
  14  -2.51517857e-01  9.83139285e-01  2.57e-16 4.26e-14  2.48e-06     3s
  15   3.89215683e-01  6.83844224e-01  5.75e-17 1.42e-14  5.93e-07     3s
  16   5.12851329e-01  6.27426539e-01  6.90e-17 1.42e-14  2.31e-07     3s
  17   5.49722887e-01  6.13222565e-01  1.03e-16 2.13e-14  1.28e-07     3s
  18   5.77158033e-01  6.02924629e-01  3.94e-17 2.13e-14  5.18e-08     3s
  19   5.89553878e-01  5.98324638e-01  5.86e-17 1.42e-14  1.76e-08     3s
  20   5.94041742e-01  5.96738432e-01  4.80e-17 1.42e-14  5.43e-09     3s
  21   5.95129954e-01  5.96354302e-01  6.30e-17 1.42e-14  2.46e-09     3s
  22   5.95945735e-01  5.96067295e-01  6.96e-17 1.42e-14  2.45e-10     3s
  23   5.96026090e-01  5.96039024e-01  6.77e-17 2.13e-14  2.60e-11     3s
  24   5.96035515e-01  5.96035717e-01  1.49e-16 1.42e-14  4.06e-13     3s
  25   5.96035652e-01  5.96035668e-01  2.26e-15 1.47e-14  3.31e-14     3s
  26   5.96035660e-01  5.96035666e-01  4.26e-15 1.42e-14  1.21e-14     4s
  27   5.96035663e-01  5.96035665e-01  3.49e-15 1.42e-14  2.84e-15     4s
  28   5.96035664e-01  5.96035664e-01  3.78e-15 2.13e-14  7.20e-16     4s
  29   5.96035664e-01  5.96035664e-01  1.95e-15 1.51e-14  2.13e-16     4s
  30   5.96035664e-01  5.96035664e-01  1.37e-15 2.13e-14  1.32e-16     4s
  31   5.96035664e-01  5.96035664e-01  9.57e-16 1.42e-14  1.05e-16     4s
  32   5.96035664e-01  5.96035664e-01  6.71e-16 1.42e-14  4.99e-17     4s

Barrier solved model in 32 iterations and 4.02 seconds (3.76 work units)
Optimal objective 5.96035664e-01

objective value: 0.596035664163872
Done! Time elapsed: 24.440800428390503 seconds.
g_0_1: 1.0000036695702827
g_1_1: 1.0000023087381495
g_1_2: 1.0000065086202141
g_2_1: 1.000004236329437
g_2_2: 1.000011942781869
g_2_3: 1.0000042363294372
g_2_4: 1.0000119427818523
Parameters from last iteration: [0.17400064 0.70700163 0.17400113 0.707003   0.17400208 0.707003
 0.17400208]

Parameters from current iteration:
                [0.17400064 0.70700163 0.17400113 0.707003   0.17400208 0.707003
 0.17400208]


                Percentage Error = 3.190257947218667e-16
                
year done: 168
Time 169: 2
Optimization Iteration[1/20000]

Solving the optimization problem...
Set parameter TokenServer to value "licenses.rcc.uchicago.edu"
Read LP format model from file /scratch/local/jobs/50183984/tmpvfo5finc.pyomo.lp
Reading time = 1.35 seconds
x1: 258121 rows, 502401 columns, 1259970 nonzeros
Set parameter Threads to value 8
Set parameter BarConvTol to value 1e-12
Gurobi Optimizer version 11.0.0 build v11.0.0rc2 (linux64 - "CentOS Linux 8")

CPU model: Intel(R) Xeon(R) Gold 6248R CPU @ 3.00GHz, instruction set [SSE2|AVX|AVX2|AVX512]
Thread count: 48 physical cores, 48 logical processors, using up to 8 threads

Optimize a model with 258121 rows, 502401 columns and 1259970 nonzeros
Model fingerprint: 0xf7da7471
Model has 3166 quadratic objective terms
Coefficient statistics:
  Matrix range     [1e+00, 1e+03]
  Objective range  [5e-07, 7e+01]
  QObjective range [3e-01, 3e+03]
  Bounds range     [3e-04, 1e+00]
  RHS range        [6e-17, 6e+00]
Presolve removed 131482 rows and 128814 columns
Presolve time: 0.55s
Presolved: 126639 rows, 373587 columns, 743930 nonzeros
Presolved model has 3166 quadratic objective terms
Ordering time: 0.16s

Barrier statistics:
 AA' NZ     : 3.709e+05
 Factor NZ  : 4.212e+06 (roughly 240 MB of memory)
 Factor Ops : 3.974e+08 (less than 1 second per iteration)
 Threads    : 8

                  Objective                Residual
Iter       Primal          Dual         Primal    Dual     Compl     Time
   0  -1.08858984e+09  8.63519648e+08  7.80e+04 1.14e-13  1.00e+06     1s
   1  -6.35727304e+08  5.82241624e+08  1.87e+04 1.60e+02  2.62e+05     1s
   2  -3.24155004e+08  3.24098671e+08  2.36e+02 1.04e+00  4.64e+03     1s
   3  -7.58808412e+07  7.65393860e+07  1.95e+00 1.62e-12  3.30e+02     1s
   4  -1.46363886e+07  1.53249905e+07  1.70e-01 3.80e-12  6.19e+01     1s
   5  -2.69569145e+06  2.98245176e+06  1.33e-02 1.25e-12  1.15e+01     1s
   6  -3.92606332e+05  4.49318456e+05  1.33e-08 1.08e-12  1.69e+00     2s
   7  -5.87274382e+04  7.36725251e+04  1.20e-13 6.44e-13  2.66e-01     2s
   8  -8.85466167e+03  1.06079473e+04  5.62e-14 2.35e-13  3.92e-02     2s
   9  -1.41612648e+03  1.73858183e+03  2.93e-14 5.68e-14  6.35e-03     2s
  10  -2.31475743e+02  2.19503472e+02  8.41e-15 2.84e-14  9.07e-04     2s
  11  -5.13666120e+01  3.36467228e+01  4.43e-15 2.84e-14  1.71e-04     2s
  12  -8.58315732e+00  5.81512292e+00  1.02e-15 1.42e-14  2.90e-05     2s
  13  -1.09941083e+00  1.06686646e+00  4.09e-16 2.13e-14  4.36e-06     2s
  14  -2.51675587e-01  9.82981555e-01  3.39e-16 2.84e-14  2.48e-06     3s
  15   3.89057953e-01  6.83686495e-01  5.42e-17 1.42e-14  5.93e-07     3s
  16   5.12693600e-01  6.27268810e-01  5.46e-17 2.84e-14  2.31e-07     3s
  17   5.49565157e-01  6.13064836e-01  5.73e-17 1.42e-14  1.28e-07     3s
  18   5.77000303e-01  6.02766900e-01  4.70e-17 1.42e-14  5.18e-08     3s
  19   5.89396148e-01  5.98166909e-01  4.20e-17 2.84e-14  1.76e-08     3s
  20   5.93884013e-01  5.96580702e-01  7.79e-17 1.42e-14  5.43e-09     3s
  21   5.94972225e-01  5.96196573e-01  6.15e-17 1.42e-14  2.46e-09     3s
  22   5.95788006e-01  5.95909566e-01  4.12e-17 2.84e-14  2.45e-10     3s
  23   5.95868361e-01  5.95881295e-01  5.64e-17 1.42e-14  2.60e-11     3s
  24   5.95877786e-01  5.95877988e-01  1.47e-16 1.42e-14  4.06e-13     3s
  25   5.95877923e-01  5.95877939e-01  2.46e-15 1.42e-14  3.28e-14     3s
  26   5.95877931e-01  5.95877937e-01  5.54e-15 1.42e-14  1.20e-14     3s
  27   5.95877934e-01  5.95877935e-01  3.64e-15 1.42e-14  2.82e-15     4s
  28   5.95877935e-01  5.95877935e-01  3.73e-15 1.42e-14  7.17e-16     4s
  29   5.95877935e-01  5.95877935e-01  2.48e-15 1.42e-14  2.12e-16     4s
  30   5.95877935e-01  5.95877935e-01  1.26e-15 1.42e-14  1.31e-16     4s
  31   5.95877935e-01  5.95877935e-01  7.90e-16 1.42e-14  1.05e-16     4s
  32   5.95877935e-01  5.95877935e-01  7.30e-16 1.42e-14  4.92e-17     4s

Barrier solved model in 32 iterations and 4.01 seconds (3.76 work units)
Optimal objective 5.95877935e-01

objective value: 0.5958779349375709
Done! Time elapsed: 25.837097644805908 seconds.
g_0_1: 1.0000036695702825
g_1_1: 1.0000023087381498
g_1_2: 1.0000065086202141
g_2_1: 1.000004236329437
g_2_2: 1.0000119427818688
g_2_3: 1.0000042363294372
g_2_4: 1.0000119427818523
Parameters from last iteration: [0.17400064 0.70700163 0.17400113 0.707003   0.17400208 0.707003
 0.17400208]

Parameters from current iteration:
                [0.17400064 0.70700163 0.17400113 0.707003   0.17400208 0.707003
 0.17400208]


                Percentage Error = 1.5951421704004137e-16
                
year done: 169
Time 170: 2
Optimization Iteration[1/20000]

Solving the optimization problem...
Set parameter TokenServer to value "licenses.rcc.uchicago.edu"
Read LP format model from file /scratch/local/jobs/50183984/tmpq9fd6nfj.pyomo.lp
Reading time = 1.34 seconds
x1: 258121 rows, 502401 columns, 1259970 nonzeros
Set parameter Threads to value 8
Set parameter BarConvTol to value 1e-12
Gurobi Optimizer version 11.0.0 build v11.0.0rc2 (linux64 - "CentOS Linux 8")

CPU model: Intel(R) Xeon(R) Gold 6248R CPU @ 3.00GHz, instruction set [SSE2|AVX|AVX2|AVX512]
Thread count: 48 physical cores, 48 logical processors, using up to 8 threads

Optimize a model with 258121 rows, 502401 columns and 1259970 nonzeros
Model fingerprint: 0xd90e9a75
Model has 3166 quadratic objective terms
Coefficient statistics:
  Matrix range     [1e+00, 1e+03]
  Objective range  [5e-07, 7e+01]
  QObjective range [3e-01, 3e+03]
  Bounds range     [3e-04, 1e+00]
  RHS range        [6e-17, 6e+00]
Presolve removed 131482 rows and 128814 columns
Presolve time: 0.55s
Presolved: 126639 rows, 373587 columns, 743930 nonzeros
Presolved model has 3166 quadratic objective terms
Ordering time: 0.16s

Barrier statistics:
 AA' NZ     : 3.709e+05
 Factor NZ  : 4.212e+06 (roughly 240 MB of memory)
 Factor Ops : 3.974e+08 (less than 1 second per iteration)
 Threads    : 8

                  Objective                Residual
Iter       Primal          Dual         Primal    Dual     Compl     Time
   0  -1.08858984e+09  8.63519648e+08  7.80e+04 1.13e-13  1.00e+06     1s
   1  -6.35727304e+08  5.82241624e+08  1.87e+04 1.60e+02  2.62e+05     1s
   2  -3.24155004e+08  3.24098671e+08  2.36e+02 1.04e+00  4.64e+03     1s
   3  -7.58808412e+07  7.65393860e+07  1.95e+00 1.53e-12  3.30e+02     2s
   4  -1.46363886e+07  1.53249905e+07  1.70e-01 5.11e-12  6.19e+01     2s
   5  -2.69569145e+06  2.98245176e+06  1.33e-02 1.24e-12  1.15e+01     2s
   6  -3.92606332e+05  4.49318455e+05  1.33e-08 2.14e-12  1.69e+00     2s
   7  -5.87274384e+04  7.36725249e+04  1.38e-13 7.29e-13  2.66e-01     2s
   8  -8.85466182e+03  1.06079472e+04  7.09e-14 2.50e-13  3.92e-02     2s
   9  -1.41612663e+03  1.73858168e+03  2.14e-14 3.60e-14  6.35e-03     2s
  10  -2.31475894e+02  2.19503321e+02  8.78e-15 2.84e-14  9.07e-04     2s
  11  -5.13667626e+01  3.36465721e+01  4.63e-15 2.84e-14  1.71e-04     2s
  12  -8.58330795e+00  5.81497229e+00  1.15e-15 1.42e-14  2.90e-05     3s
  13  -1.09956146e+00  1.06671583e+00  3.41e-16 1.42e-14  4.36e-06     3s
  14  -2.51826217e-01  9.82830925e-01  2.50e-16 2.13e-14  2.48e-06     3s
  15   3.88907323e-01  6.83535865e-01  4.12e-17 1.42e-14  5.93e-07     3s
  16   5.12542969e-01  6.27118180e-01  8.24e-17 1.42e-14  2.31e-07     3s
  17   5.49414527e-01  6.12914206e-01  4.38e-17 1.42e-14  1.28e-07     3s
  18   5.76849673e-01  6.02616269e-01  1.22e-16 1.42e-14  5.18e-08     3s
  19   5.89245518e-01  5.98016279e-01  5.80e-17 2.84e-14  1.76e-08     3s
  20   5.93733383e-01  5.96430072e-01  7.26e-17 1.42e-14  5.43e-09     3s
  21   5.94821595e-01  5.96045943e-01  6.82e-17 1.42e-14  2.46e-09     3s
  22   5.95637376e-01  5.95758936e-01  5.42e-17 1.42e-14  2.45e-10     4s
  23   5.95717731e-01  5.95730665e-01  8.00e-17 2.13e-14  2.60e-11     4s
  24   5.95727155e-01  5.95727357e-01  1.50e-16 1.42e-14  4.06e-13     4s
  25   5.95727293e-01  5.95727309e-01  2.72e-15 1.42e-14  3.26e-14     4s
  26   5.95727300e-01  5.95727306e-01  5.36e-15 1.42e-14  1.20e-14     4s
  27   5.95727304e-01  5.95727305e-01  4.51e-15 1.42e-14  2.81e-15     4s
  28   5.95727304e-01  5.95727305e-01  3.80e-15 2.84e-14  7.13e-16     4s
  29   5.95727305e-01  5.95727305e-01  1.92e-15 1.42e-14  2.11e-16     4s
  30   5.95727305e-01  5.95727305e-01  1.25e-15 2.84e-14  1.30e-16     4s
  31   5.95727305e-01  5.95727305e-01  8.72e-16 1.42e-14  1.04e-16     4s
  32   5.95727305e-01  5.95727305e-01  5.02e-16 1.42e-14  4.85e-17     4s

Barrier solved model in 32 iterations and 4.36 seconds (3.76 work units)
Optimal objective 5.95727305e-01

objective value: 0.5957273046958645
Done! Time elapsed: 24.680388927459717 seconds.
g_0_1: 1.0000036695702827
g_1_1: 1.0000023087381495
g_1_2: 1.0000065086202141
g_2_1: 1.000004236329437
g_2_2: 1.0000119427818683
g_2_3: 1.0000042363294372
g_2_4: 1.0000119427818523
Parameters from last iteration: [0.17400064 0.70700163 0.17400113 0.707003   0.17400208 0.707003
 0.17400208]

Parameters from current iteration:
                [0.17400064 0.70700163 0.17400113 0.707003   0.17400208 0.707003
 0.17400208]


                Percentage Error = 4.785386920828003e-16
                
year done: 170
Time 171: 2
Optimization Iteration[1/20000]

Solving the optimization problem...
Set parameter TokenServer to value "licenses.rcc.uchicago.edu"
Read LP format model from file /scratch/local/jobs/50183984/tmp34v6kmus.pyomo.lp
Reading time = 1.36 seconds
x1: 258121 rows, 502401 columns, 1259970 nonzeros
Set parameter Threads to value 8
Set parameter BarConvTol to value 1e-12
Gurobi Optimizer version 11.0.0 build v11.0.0rc2 (linux64 - "CentOS Linux 8")

CPU model: Intel(R) Xeon(R) Gold 6248R CPU @ 3.00GHz, instruction set [SSE2|AVX|AVX2|AVX512]
Thread count: 48 physical cores, 48 logical processors, using up to 8 threads

Optimize a model with 258121 rows, 502401 columns and 1259970 nonzeros
Model fingerprint: 0x0daf3485
Model has 3166 quadratic objective terms
Coefficient statistics:
  Matrix range     [1e+00, 1e+03]
  Objective range  [5e-07, 7e+01]
  QObjective range [3e-01, 3e+03]
  Bounds range     [3e-04, 1e+00]
  RHS range        [6e-17, 6e+00]
Presolve removed 131482 rows and 128814 columns
Presolve time: 0.55s
Presolved: 126639 rows, 373587 columns, 743930 nonzeros
Presolved model has 3166 quadratic objective terms
Ordering time: 0.16s

Barrier statistics:
 AA' NZ     : 3.709e+05
 Factor NZ  : 4.212e+06 (roughly 240 MB of memory)
 Factor Ops : 3.974e+08 (less than 1 second per iteration)
 Threads    : 8

                  Objective                Residual
Iter       Primal          Dual         Primal    Dual     Compl     Time
   0  -1.08858984e+09  8.63519648e+08  7.80e+04 1.14e-13  1.00e+06     1s
   1  -6.35727304e+08  5.82241624e+08  1.87e+04 1.60e+02  2.62e+05     1s
   2  -3.24155004e+08  3.24098671e+08  2.36e+02 1.04e+00  4.64e+03     1s
   3  -7.58808412e+07  7.65393860e+07  1.95e+00 1.98e-12  3.30e+02     1s
   4  -1.46363886e+07  1.53249905e+07  1.70e-01 3.80e-12  6.19e+01     1s
   5  -2.69569145e+06  2.98245176e+06  1.33e-02 1.35e-12  1.15e+01     1s
   6  -3.92606332e+05  4.49318455e+05  1.33e-08 8.23e-13  1.69e+00     2s
   7  -5.87274385e+04  7.36725248e+04  1.30e-13 6.51e-13  2.66e-01     2s
   8  -8.85466197e+03  1.06079470e+04  7.26e-14 2.33e-13  3.92e-02     2s
   9  -1.41612677e+03  1.73858154e+03  2.42e-14 5.68e-14  6.35e-03     2s
  10  -2.31476037e+02  2.19503177e+02  8.42e-15 4.26e-14  9.07e-04     2s
  11  -5.13669065e+01  3.36464283e+01  5.17e-15 2.84e-14  1.71e-04     2s
  12  -8.58345180e+00  5.81482844e+00  1.06e-15 1.42e-14  2.90e-05     2s
  13  -1.09970531e+00  1.06657198e+00  3.88e-16 2.13e-14  4.36e-06     2s
  14  -2.51970068e-01  9.82687074e-01  3.32e-16 2.84e-14  2.48e-06     3s
  15   3.88763472e-01  6.83392014e-01  4.62e-17 2.84e-14  5.93e-07     3s
  16   5.12399119e-01  6.26974329e-01  1.31e-16 1.42e-14  2.31e-07     3s
  17   5.49270676e-01  6.12770355e-01  6.63e-17 1.42e-14  1.28e-07     3s
  18   5.76705822e-01  6.02472419e-01  8.41e-17 1.69e-14  5.18e-08     3s
  19   5.89101667e-01  5.97872428e-01  7.32e-17 2.13e-14  1.76e-08     3s
  20   5.93589532e-01  5.96286221e-01  1.28e-16 1.42e-14  5.43e-09     3s
  21   5.94677744e-01  5.95902092e-01  3.68e-17 2.84e-14  2.46e-09     3s
  22   5.95493525e-01  5.95615085e-01  9.92e-17 1.42e-14  2.45e-10     3s
  23   5.95573880e-01  5.95586814e-01  6.88e-17 1.42e-14  2.60e-11     3s
  24   5.95583304e-01  5.95583507e-01  1.75e-16 2.84e-14  4.06e-13     3s
  25   5.95583442e-01  5.95583458e-01  1.95e-15 1.42e-14  3.24e-14     3s
  26   5.95583450e-01  5.95583455e-01  4.70e-15 1.42e-14  1.19e-14     4s
  27   5.95583453e-01  5.95583454e-01  4.38e-15 1.42e-14  2.80e-15     4s
  28   5.95583454e-01  5.95583454e-01  5.35e-15 1.42e-14  7.09e-16     4s
  29   5.95583454e-01  5.95583454e-01  2.22e-15 1.42e-14  2.10e-16     4s
  30   5.95583454e-01  5.95583454e-01  1.37e-15 1.42e-14  1.29e-16     4s
  31   5.95583454e-01  5.95583454e-01  9.25e-16 1.42e-14  1.03e-16     4s
  32   5.95583454e-01  5.95583454e-01  9.84e-16 2.13e-14  4.78e-17     4s

Barrier solved model in 32 iterations and 4.07 seconds (3.76 work units)
Optimal objective 5.95583454e-01

objective value: 0.5955834539318088
Done! Time elapsed: 24.45512318611145 seconds.
g_0_1: 1.0000036695702827
g_1_1: 1.0000023087381495
g_1_2: 1.0000065086202141
g_2_1: 1.0000042363294372
g_2_2: 1.0000119427818681
g_2_3: 1.0000042363294372
g_2_4: 1.0000119427818523
Parameters from last iteration: [0.17400064 0.70700163 0.17400113 0.707003   0.17400208 0.707003
 0.17400208]

Parameters from current iteration:
                [0.17400064 0.70700163 0.17400113 0.707003   0.17400208 0.707003
 0.17400208]


                Percentage Error = 1.595128973609335e-16
                
year done: 171
Time 172: 2
Optimization Iteration[1/20000]

Solving the optimization problem...
Set parameter TokenServer to value "licenses.rcc.uchicago.edu"
Read LP format model from file /scratch/local/jobs/50183984/tmpnopzsp5s.pyomo.lp
Reading time = 1.34 seconds
x1: 258121 rows, 502401 columns, 1259970 nonzeros
Set parameter Threads to value 8
Set parameter BarConvTol to value 1e-12
Gurobi Optimizer version 11.0.0 build v11.0.0rc2 (linux64 - "CentOS Linux 8")

CPU model: Intel(R) Xeon(R) Gold 6248R CPU @ 3.00GHz, instruction set [SSE2|AVX|AVX2|AVX512]
Thread count: 48 physical cores, 48 logical processors, using up to 8 threads

Optimize a model with 258121 rows, 502401 columns and 1259970 nonzeros
Model fingerprint: 0xbd987e65
Model has 3166 quadratic objective terms
Coefficient statistics:
  Matrix range     [1e+00, 1e+03]
  Objective range  [5e-07, 7e+01]
  QObjective range [3e-01, 3e+03]
  Bounds range     [3e-04, 1e+00]
  RHS range        [6e-17, 6e+00]
Presolve removed 131482 rows and 128814 columns
Presolve time: 0.55s
Presolved: 126639 rows, 373587 columns, 743930 nonzeros
Presolved model has 3166 quadratic objective terms
Ordering time: 0.16s

Barrier statistics:
 AA' NZ     : 3.709e+05
 Factor NZ  : 4.212e+06 (roughly 240 MB of memory)
 Factor Ops : 3.974e+08 (less than 1 second per iteration)
 Threads    : 8

                  Objective                Residual
Iter       Primal          Dual         Primal    Dual     Compl     Time
   0  -1.08858984e+09  8.63519648e+08  7.80e+04 1.14e-13  1.00e+06     1s
   1  -6.35727304e+08  5.82241624e+08  1.87e+04 1.60e+02  2.62e+05     1s
   2  -3.24155004e+08  3.24098671e+08  2.36e+02 1.04e+00  4.64e+03     1s
   3  -7.58808412e+07  7.65393860e+07  1.95e+00 1.48e-12  3.30e+02     1s
   4  -1.46363886e+07  1.53249905e+07  1.70e-01 3.17e-12  6.19e+01     1s
   5  -2.69569145e+06  2.98245176e+06  1.33e-02 1.48e-12  1.15e+01     1s
   6  -3.92606332e+05  4.49318455e+05  1.33e-08 1.61e-12  1.69e+00     2s
   7  -5.87274387e+04  7.36725246e+04  1.65e-13 6.18e-13  2.66e-01     2s
   8  -8.85466210e+03  1.06079469e+04  5.77e-14 2.25e-13  3.92e-02     2s
   9  -1.41612691e+03  1.73858140e+03  2.04e-14 4.26e-14  6.35e-03     2s
  10  -2.31476175e+02  2.19503040e+02  8.26e-15 2.84e-14  9.07e-04     2s
  11  -5.13670439e+01  3.36462909e+01  3.71e-15 2.13e-14  1.71e-04     2s
  12  -8.58358918e+00  5.81469107e+00  1.32e-15 2.84e-14  2.90e-05     2s
  13  -1.09984269e+00  1.06643460e+00  3.61e-16 2.84e-14  4.36e-06     2s
  14  -2.52107444e-01  9.82549698e-01  2.75e-16 2.84e-14  2.48e-06     3s
  15   3.88626096e-01  6.83254638e-01  8.26e-17 2.13e-14  5.93e-07     3s
  16   5.12261742e-01  6.26836952e-01  1.53e-16 1.42e-14  2.31e-07     3s
  17   5.49133300e-01  6.12632979e-01  7.13e-17 2.84e-14  1.28e-07     3s
  18   5.76568446e-01  6.02335042e-01  5.51e-17 1.42e-14  5.18e-08     3s
  19   5.88964291e-01  5.97735052e-01  5.69e-17 1.42e-14  1.76e-08     3s
  20   5.93452156e-01  5.96148845e-01  7.16e-17 2.84e-14  5.43e-09     3s
  21   5.94540368e-01  5.95764716e-01  7.34e-17 1.42e-14  2.46e-09     3s
  22   5.95356148e-01  5.95477709e-01  1.43e-16 1.42e-14  2.45e-10     3s
  23   5.95436503e-01  5.95449438e-01  1.25e-16 1.42e-14  2.60e-11     3s
  24   5.95445928e-01  5.95446130e-01  1.65e-16 1.42e-14  4.06e-13     3s
  25   5.95446066e-01  5.95446082e-01  2.41e-15 1.42e-14  3.22e-14     3s
  26   5.95446073e-01  5.95446079e-01  5.38e-15 1.42e-14  1.18e-14     4s
  27   5.95446077e-01  5.95446078e-01  4.10e-15 1.42e-14  2.78e-15     4s
  28   5.95446077e-01  5.95446078e-01  4.25e-15 1.42e-14  7.06e-16     4s
  29   5.95446077e-01  5.95446078e-01  1.78e-15 1.42e-14  2.09e-16     4s
  30   5.95446077e-01  5.95446078e-01  1.44e-15 1.42e-14  1.28e-16     4s
  31   5.95446077e-01  5.95446078e-01  9.44e-16 1.42e-14  1.03e-16     4s
  32   5.95446078e-01  5.95446078e-01  6.51e-16 1.42e-14  4.72e-17     4s

Barrier solved model in 32 iterations and 4.04 seconds (3.76 work units)
Optimal objective 5.95446078e-01

objective value: 0.5954460775186391
Done! Time elapsed: 24.37908697128296 seconds.
g_0_1: 1.0000036695702823
g_1_1: 1.0000023087381498
g_1_2: 1.000006508620214
g_2_1: 1.0000042363294372
g_2_2: 1.000011942781868
g_2_3: 1.0000042363294372
g_2_4: 1.0000119427818521
Parameters from last iteration: [0.17400064 0.70700163 0.17400113 0.707003   0.17400208 0.707003
 0.17400208]

Parameters from current iteration:
                [0.17400064 0.70700163 0.17400113 0.707003   0.17400208 0.707003
 0.17400208]


                Percentage Error = 3.1902843408008274e-16
                
year done: 172
Time 173: 2
Optimization Iteration[1/20000]

Solving the optimization problem...
Set parameter TokenServer to value "licenses.rcc.uchicago.edu"
Read LP format model from file /scratch/local/jobs/50183984/tmpqyufi96c.pyomo.lp
Reading time = 1.35 seconds
x1: 258121 rows, 502401 columns, 1259970 nonzeros
Set parameter Threads to value 8
Set parameter BarConvTol to value 1e-12
Gurobi Optimizer version 11.0.0 build v11.0.0rc2 (linux64 - "CentOS Linux 8")

CPU model: Intel(R) Xeon(R) Gold 6248R CPU @ 3.00GHz, instruction set [SSE2|AVX|AVX2|AVX512]
Thread count: 48 physical cores, 48 logical processors, using up to 8 threads

Optimize a model with 258121 rows, 502401 columns and 1259970 nonzeros
Model fingerprint: 0x9d6c074e
Model has 3166 quadratic objective terms
Coefficient statistics:
  Matrix range     [1e+00, 1e+03]
  Objective range  [5e-07, 7e+01]
  QObjective range [3e-01, 3e+03]
  Bounds range     [3e-04, 1e+00]
  RHS range        [6e-17, 6e+00]
Presolve removed 131482 rows and 128814 columns
Presolve time: 0.56s
Presolved: 126639 rows, 373587 columns, 743930 nonzeros
Presolved model has 3166 quadratic objective terms
Ordering time: 0.16s

Barrier statistics:
 AA' NZ     : 3.709e+05
 Factor NZ  : 4.212e+06 (roughly 240 MB of memory)
 Factor Ops : 3.974e+08 (less than 1 second per iteration)
 Threads    : 8

                  Objective                Residual
Iter       Primal          Dual         Primal    Dual     Compl     Time
   0  -1.08858984e+09  8.63519648e+08  7.80e+04 1.13e-13  1.00e+06     1s
   1  -6.35727304e+08  5.82241624e+08  1.87e+04 1.60e+02  2.62e+05     1s
   2  -3.24155004e+08  3.24098671e+08  2.36e+02 1.04e+00  4.64e+03     1s
   3  -7.58808412e+07  7.65393860e+07  1.95e+00 1.88e-12  3.30e+02     1s
   4  -1.46363886e+07  1.53249905e+07  1.70e-01 3.99e-12  6.19e+01     1s
   5  -2.69569145e+06  2.98245176e+06  1.33e-02 1.25e-12  1.15e+01     1s
   6  -3.92606332e+05  4.49318455e+05  1.33e-08 1.02e-12  1.69e+00     2s
   7  -5.87274388e+04  7.36725245e+04  9.79e-14 7.21e-13  2.66e-01     2s
   8  -8.85466224e+03  1.06079468e+04  5.71e-14 2.50e-13  3.92e-02     2s
   9  -1.41612704e+03  1.73858127e+03  2.65e-14 3.55e-14  6.35e-03     2s
  10  -2.31476306e+02  2.19502909e+02  1.01e-14 2.84e-14  9.07e-04     2s
  11  -5.13671751e+01  3.36461597e+01  5.10e-15 1.87e-14  1.71e-04     2s
  12  -8.58372037e+00  5.81455987e+00  1.21e-15 2.13e-14  2.90e-05     2s
  13  -1.09997388e+00  1.06630341e+00  4.08e-16 1.42e-14  4.36e-06     2s
  14  -2.52238637e-01  9.82418505e-01  2.83e-16 2.84e-14  2.48e-06     3s
  15   3.88494902e-01  6.83123444e-01  5.19e-17 1.42e-14  5.93e-07     3s
  16   5.12130549e-01  6.26705759e-01  5.81e-17 1.42e-14  2.31e-07     3s
  17   5.49002107e-01  6.12501785e-01  5.51e-17 2.84e-14  1.28e-07     3s
  18   5.76437253e-01  6.02203849e-01  5.36e-17 2.84e-14  5.18e-08     3s
  19   5.88833098e-01  5.97603858e-01  5.48e-17 1.42e-14  1.76e-08     3s
  20   5.93320962e-01  5.96017652e-01  3.32e-17 1.42e-14  5.43e-09     3s
  21   5.94409174e-01  5.95633522e-01  3.45e-17 1.42e-14  2.46e-09     3s
  22   5.95224955e-01  5.95346515e-01  5.27e-17 1.42e-14  2.45e-10     3s
  23   5.95305310e-01  5.95318244e-01  1.12e-16 2.84e-14  2.60e-11     3s
  24   5.95314735e-01  5.95314937e-01  1.37e-16 1.42e-14  4.06e-13     3s
  25   5.95314872e-01  5.95314888e-01  2.21e-15 1.42e-14  3.20e-14     3s
  26   5.95314880e-01  5.95314886e-01  4.41e-15 1.42e-14  1.18e-14     4s
  27   5.95314883e-01  5.95314884e-01  3.57e-15 1.42e-14  2.77e-15     4s
  28   5.95314884e-01  5.95314884e-01  3.98e-15 1.42e-14  7.02e-16     4s
  29   5.95314884e-01  5.95314884e-01  1.72e-15 1.42e-14  2.07e-16     4s
  30   5.95314884e-01  5.95314884e-01  1.50e-15 2.84e-14  1.28e-16     4s
  31   5.95314884e-01  5.95314884e-01  1.08e-15 1.42e-14  1.04e-16     4s
  32   5.95314884e-01  5.95314884e-01  6.35e-16 1.42e-14  4.82e-17     4s

Barrier solved model in 32 iterations and 4.06 seconds (3.76 work units)
Optimal objective 5.95314884e-01

objective value: 0.595314884061953
Done! Time elapsed: 25.919971227645874 seconds.
g_0_1: 1.0000036695702825
g_1_1: 1.0000023087381495
g_1_2: 1.0000065086202141
g_2_1: 1.0000042363294372
g_2_2: 1.0000119427818683
g_2_3: 1.0000042363294372
g_2_4: 1.0000119427818521
Parameters from last iteration: [0.17400064 0.70700163 0.17400113 0.707003   0.17400208 0.707003
 0.17400208]

Parameters from current iteration:
                [0.17400064 0.70700163 0.17400113 0.707003   0.17400208 0.707003
 0.17400208]


                Percentage Error = 4.785386920828008e-16
                
year done: 173
Time 174: 2
Optimization Iteration[1/20000]

Solving the optimization problem...
Set parameter TokenServer to value "licenses.rcc.uchicago.edu"
Read LP format model from file /scratch/local/jobs/50183984/tmp3fmd59wh.pyomo.lp
Reading time = 1.36 seconds
x1: 258121 rows, 502401 columns, 1259970 nonzeros
Set parameter Threads to value 8
Set parameter BarConvTol to value 1e-12
Gurobi Optimizer version 11.0.0 build v11.0.0rc2 (linux64 - "CentOS Linux 8")

CPU model: Intel(R) Xeon(R) Gold 6248R CPU @ 3.00GHz, instruction set [SSE2|AVX|AVX2|AVX512]
Thread count: 48 physical cores, 48 logical processors, using up to 8 threads

Optimize a model with 258121 rows, 502401 columns and 1259970 nonzeros
Model fingerprint: 0x8db34040
Model has 3166 quadratic objective terms
Coefficient statistics:
  Matrix range     [1e+00, 1e+03]
  Objective range  [5e-07, 7e+01]
  QObjective range [3e-01, 3e+03]
  Bounds range     [3e-04, 1e+00]
  RHS range        [6e-17, 6e+00]
Presolve removed 131482 rows and 128814 columns
Presolve time: 0.56s
Presolved: 126639 rows, 373587 columns, 743930 nonzeros
Presolved model has 3166 quadratic objective terms
Ordering time: 0.16s

Barrier statistics:
 AA' NZ     : 3.709e+05
 Factor NZ  : 4.212e+06 (roughly 240 MB of memory)
 Factor Ops : 3.974e+08 (less than 1 second per iteration)
 Threads    : 8

                  Objective                Residual
Iter       Primal          Dual         Primal    Dual     Compl     Time
   0  -1.08858984e+09  8.63519648e+08  7.80e+04 1.13e-13  1.00e+06     1s
   1  -6.35727304e+08  5.82241624e+08  1.87e+04 1.60e+02  2.62e+05     1s
   2  -3.24155004e+08  3.24098671e+08  2.36e+02 1.04e+00  4.64e+03     1s
   3  -7.58808412e+07  7.65393860e+07  1.95e+00 1.44e-12  3.30e+02     1s
   4  -1.46363886e+07  1.53249905e+07  1.70e-01 4.06e-12  6.19e+01     1s
   5  -2.69569145e+06  2.98245176e+06  1.33e-02 1.22e-12  1.15e+01     1s
   6  -3.92606332e+05  4.49318455e+05  1.33e-08 1.17e-12  1.69e+00     2s
   7  -5.87274389e+04  7.36725244e+04  1.57e-13 7.44e-13  2.66e-01     2s
   8  -8.85466236e+03  1.06079467e+04  5.93e-14 2.62e-13  3.92e-02     2s
   9  -1.41612717e+03  1.73858114e+03  2.39e-14 4.26e-14  6.35e-03     2s
  10  -2.31476431e+02  2.19502783e+02  1.00e-14 2.84e-14  9.07e-04     2s
  11  -5.13673003e+01  3.36460344e+01  3.38e-15 2.84e-14  1.71e-04     2s
  12  -8.58384566e+00  5.81443458e+00  1.22e-15 1.42e-14  2.90e-05     2s
  13  -1.10009917e+00  1.06617812e+00  3.93e-16 2.84e-14  4.36e-06     2s
  14  -2.52363926e-01  9.82293216e-01  3.33e-16 2.84e-14  2.48e-06     3s
  15   3.88369614e-01  6.82998156e-01  7.69e-17 1.42e-14  5.93e-07     3s
  16   5.12005260e-01  6.26580470e-01  7.31e-17 1.42e-14  2.31e-07     3s
  17   5.48876818e-01  6.12376496e-01  1.25e-16 1.42e-14  1.28e-07     3s
  18   5.76311964e-01  6.02078560e-01  8.89e-17 2.35e-14  5.18e-08     3s
  19   5.88707809e-01  5.97478569e-01  9.01e-17 2.84e-14  1.76e-08     3s
  20   5.93195673e-01  5.95892363e-01  4.40e-17 1.42e-14  5.43e-09     3s
  21   5.94283886e-01  5.95508233e-01  2.97e-17 2.84e-14  2.46e-09     3s
  22   5.95099666e-01  5.95221226e-01  8.46e-17 2.84e-14  2.45e-10     3s
  23   5.95180021e-01  5.95192956e-01  8.25e-17 1.42e-14  2.60e-11     3s
  24   5.95189446e-01  5.95189648e-01  1.62e-16 4.26e-14  4.06e-13     3s
  25   5.95189584e-01  5.95189599e-01  2.46e-15 1.42e-14  3.18e-14     3s
  26   5.95189591e-01  5.95189597e-01  5.39e-15 1.42e-14  1.17e-14     4s
  27   5.95189594e-01  5.95189596e-01  4.08e-15 1.42e-14  2.75e-15     4s
  28   5.95189595e-01  5.95189595e-01  4.20e-15 1.42e-14  6.99e-16     4s
  29   5.95189595e-01  5.95189595e-01  1.83e-15 1.42e-14  2.06e-16     4s
  30   5.95189595e-01  5.95189595e-01  1.44e-15 2.84e-14  1.27e-16     4s
  31   5.95189595e-01  5.95189595e-01  1.08e-15 1.42e-14  1.07e-16     4s
  32   5.95189595e-01  5.95189595e-01  6.13e-16 2.13e-14  5.23e-17     4s

Barrier solved model in 32 iterations and 4.07 seconds (3.76 work units)
Optimal objective 5.95189595e-01

objective value: 0.595189595282372
Done! Time elapsed: 24.643967390060425 seconds.
g_0_1: 1.000003669570283
g_1_1: 1.0000023087381495
g_1_2: 1.0000065086202143
g_2_1: 1.000004236329437
g_2_2: 1.0000119427818697
g_2_3: 1.0000042363294372
g_2_4: 1.0000119427818523
Parameters from last iteration: [0.17400064 0.70700163 0.17400113 0.707003   0.17400208 0.707003
 0.17400208]

Parameters from current iteration:
                [0.17400064 0.70700163 0.17400113 0.707003   0.17400208 0.707003
 0.17400208]


                Percentage Error = 1.276103178887468e-15
                
year done: 174
Time 175: 2
Optimization Iteration[1/20000]

Solving the optimization problem...
Set parameter TokenServer to value "licenses.rcc.uchicago.edu"
Read LP format model from file /scratch/local/jobs/50183984/tmp5kldbx9d.pyomo.lp
Reading time = 1.34 seconds
x1: 258121 rows, 502401 columns, 1259970 nonzeros
Set parameter Threads to value 8
Set parameter BarConvTol to value 1e-12
Gurobi Optimizer version 11.0.0 build v11.0.0rc2 (linux64 - "CentOS Linux 8")

CPU model: Intel(R) Xeon(R) Gold 6248R CPU @ 3.00GHz, instruction set [SSE2|AVX|AVX2|AVX512]
Thread count: 48 physical cores, 48 logical processors, using up to 8 threads

Optimize a model with 258121 rows, 502401 columns and 1259970 nonzeros
Model fingerprint: 0xcb3c811c
Model has 3166 quadratic objective terms
Coefficient statistics:
  Matrix range     [1e+00, 1e+03]
  Objective range  [5e-07, 7e+01]
  QObjective range [3e-01, 3e+03]
  Bounds range     [3e-04, 1e+00]
  RHS range        [6e-17, 6e+00]
Presolve removed 131482 rows and 128814 columns
Presolve time: 0.55s
Presolved: 126639 rows, 373587 columns, 743930 nonzeros
Presolved model has 3166 quadratic objective terms
Ordering time: 0.16s

Barrier statistics:
 AA' NZ     : 3.709e+05
 Factor NZ  : 4.212e+06 (roughly 240 MB of memory)
 Factor Ops : 3.974e+08 (less than 1 second per iteration)
 Threads    : 8

                  Objective                Residual
Iter       Primal          Dual         Primal    Dual     Compl     Time
   0  -1.08858984e+09  8.63519648e+08  7.80e+04 1.14e-13  1.00e+06     1s
   1  -6.35727304e+08  5.82241624e+08  1.87e+04 1.60e+02  2.62e+05     1s
   2  -3.24155004e+08  3.24098671e+08  2.36e+02 1.04e+00  4.64e+03     1s
   3  -7.58808412e+07  7.65393860e+07  1.95e+00 2.04e-12  3.30e+02     1s
   4  -1.46363886e+07  1.53249905e+07  1.70e-01 5.39e-12  6.19e+01     1s
   5  -2.69569145e+06  2.98245176e+06  1.33e-02 1.27e-12  1.15e+01     1s
   6  -3.92606333e+05  4.49318455e+05  1.33e-08 3.20e-12  1.69e+00     2s
   7  -5.87274390e+04  7.36725243e+04  1.13e-13 8.23e-13  2.66e-01     2s
   8  -8.85466248e+03  1.06079465e+04  6.69e-14 1.98e-13  3.92e-02     2s
   9  -1.41612728e+03  1.73858102e+03  2.00e-14 3.84e-14  6.35e-03     2s
  10  -2.31476551e+02  2.19502664e+02  8.90e-15 2.18e-14  9.07e-04     2s
  11  -5.13674200e+01  3.36459148e+01  4.33e-15 2.84e-14  1.71e-04     2s
  12  -8.58396531e+00  5.81431493e+00  1.30e-15 1.42e-14  2.90e-05     2s
  13  -1.10021882e+00  1.06605847e+00  4.33e-16 1.42e-14  4.36e-06     2s
  14  -2.52483576e-01  9.82173566e-01  3.06e-16 2.13e-14  2.48e-06     3s
  15   3.88249964e-01  6.82878506e-01  5.66e-17 1.42e-14  5.93e-07     3s
  16   5.11885610e-01  6.26460820e-01  6.73e-17 1.42e-14  2.31e-07     3s
  17   5.48757168e-01  6.12256846e-01  5.15e-17 2.84e-14  1.28e-07     3s
  18   5.76192314e-01  6.01958910e-01  6.91e-17 1.42e-14  5.18e-08     3s
  19   5.88588159e-01  5.97358920e-01  4.97e-17 1.42e-14  1.76e-08     3s
  20   5.93076023e-01  5.95772713e-01  7.18e-17 1.42e-14  5.43e-09     3s
  21   5.94164236e-01  5.95388584e-01  8.02e-17 1.42e-14  2.46e-09     3s
  22   5.94980016e-01  5.95101577e-01  3.99e-17 1.51e-14  2.45e-10     3s
  23   5.95060371e-01  5.95073306e-01  9.99e-17 1.42e-14  2.60e-11     3s
  24   5.95069796e-01  5.95069998e-01  1.35e-16 1.42e-14  4.06e-13     3s
  25   5.95069934e-01  5.95069950e-01  2.33e-15 1.42e-14  3.16e-14     3s
  26   5.95069941e-01  5.95069947e-01  5.48e-15 1.42e-14  1.17e-14     3s
  27   5.95069944e-01  5.95069946e-01  4.05e-15 2.84e-14  2.74e-15     4s
  28   5.95069945e-01  5.95069946e-01  4.14e-15 1.42e-14  6.95e-16     4s
  29   5.95069945e-01  5.95069945e-01  2.13e-15 1.42e-14  2.05e-16     4s
  30   5.95069945e-01  5.95069945e-01  1.38e-15 1.42e-14  1.26e-16     4s
  31   5.95069945e-01  5.95069945e-01  1.10e-15 1.42e-14  1.08e-16     4s
  32   5.95069945e-01  5.95069945e-01  7.11e-16 1.42e-14  5.60e-17     4s

Barrier solved model in 32 iterations and 4.03 seconds (3.76 work units)
Optimal objective 5.95069945e-01

objective value: 0.5950699454268482
Done! Time elapsed: 24.48831844329834 seconds.
g_0_1: 1.0000036695702832
g_1_1: 1.0000023087381493
g_1_2: 1.0000065086202143
g_2_1: 1.000004236329437
g_2_2: 1.0000119427818712
g_2_3: 1.0000042363294372
g_2_4: 1.0000119427818523
Parameters from last iteration: [0.17400064 0.70700163 0.17400113 0.707003   0.17400208 0.707003
 0.17400208]

Parameters from current iteration:
                [0.17400064 0.70700163 0.17400113 0.707003   0.17400208 0.707003
 0.17400208]


                Percentage Error = 1.595128973609333e-15
                
year done: 175
Time 176: 2
Optimization Iteration[1/20000]

Solving the optimization problem...
Set parameter TokenServer to value "licenses.rcc.uchicago.edu"
Read LP format model from file /scratch/local/jobs/50183984/tmps1y8qvnn.pyomo.lp
Reading time = 1.37 seconds
x1: 258121 rows, 502401 columns, 1259970 nonzeros
Set parameter Threads to value 8
Set parameter BarConvTol to value 1e-12
Gurobi Optimizer version 11.0.0 build v11.0.0rc2 (linux64 - "CentOS Linux 8")

CPU model: Intel(R) Xeon(R) Gold 6248R CPU @ 3.00GHz, instruction set [SSE2|AVX|AVX2|AVX512]
Thread count: 48 physical cores, 48 logical processors, using up to 8 threads

Optimize a model with 258121 rows, 502401 columns and 1259970 nonzeros
Model fingerprint: 0xb5b845d8
Model has 3166 quadratic objective terms
Coefficient statistics:
  Matrix range     [1e+00, 1e+03]
  Objective range  [5e-07, 7e+01]
  QObjective range [3e-01, 3e+03]
  Bounds range     [3e-04, 1e+00]
  RHS range        [6e-17, 6e+00]
Presolve removed 131482 rows and 128814 columns
Presolve time: 0.56s
Presolved: 126639 rows, 373587 columns, 743930 nonzeros
Presolved model has 3166 quadratic objective terms
Ordering time: 0.16s

Barrier statistics:
 AA' NZ     : 3.709e+05
 Factor NZ  : 4.212e+06 (roughly 240 MB of memory)
 Factor Ops : 3.974e+08 (less than 1 second per iteration)
 Threads    : 8

                  Objective                Residual
Iter       Primal          Dual         Primal    Dual     Compl     Time
   0  -1.08858984e+09  8.63519648e+08  7.80e+04 1.14e-13  1.00e+06     1s
   1  -6.35727304e+08  5.82241624e+08  1.87e+04 1.60e+02  2.62e+05     1s
   2  -3.24155004e+08  3.24098671e+08  2.36e+02 1.04e+00  4.64e+03     1s
   3  -7.58808412e+07  7.65393860e+07  1.95e+00 1.58e-12  3.30e+02     1s
   4  -1.46363886e+07  1.53249905e+07  1.70e-01 3.55e-12  6.19e+01     1s
   5  -2.69569145e+06  2.98245176e+06  1.33e-02 1.46e-12  1.15e+01     1s
   6  -3.92606333e+05  4.49318455e+05  1.33e-08 1.01e-12  1.69e+00     2s
   7  -5.87274392e+04  7.36725241e+04  1.31e-13 5.66e-13  2.66e-01     2s
   8  -8.85466259e+03  1.06079464e+04  5.32e-14 2.25e-13  3.92e-02     2s
   9  -1.41612740e+03  1.73858091e+03  2.13e-14 4.60e-14  6.35e-03     2s
  10  -2.31476665e+02  2.19502550e+02  9.73e-15 4.26e-14  9.07e-04     2s
  11  -5.13675343e+01  3.36458005e+01  3.96e-15 2.40e-14  1.71e-04     2s
  12  -8.58407958e+00  5.81420067e+00  1.15e-15 2.13e-14  2.90e-05     2s
  13  -1.10033308e+00  1.06594420e+00  4.31e-16 1.42e-14  4.36e-06     2s
  14  -2.52597841e-01  9.82059301e-01  2.90e-16 2.84e-14  2.48e-06     3s
  15   3.88135699e-01  6.82764241e-01  4.71e-17 1.42e-14  5.93e-07     3s
  16   5.11771345e-01  6.26346556e-01  6.43e-17 1.42e-14  2.31e-07     3s
  17   5.48642903e-01  6.12142582e-01  1.10e-16 2.13e-14  1.28e-07     3s
  18   5.76078049e-01  6.01844645e-01  6.09e-17 1.42e-14  5.18e-08     3s
  19   5.88473894e-01  5.97244655e-01  7.36e-17 1.42e-14  1.76e-08     3s
  20   5.92961759e-01  5.95658448e-01  5.30e-17 1.42e-14  5.43e-09     3s
  21   5.94049971e-01  5.95274319e-01  7.23e-17 1.42e-14  2.46e-09     3s
  22   5.94865752e-01  5.94987312e-01  6.27e-17 1.42e-14  2.45e-10     3s
  23   5.94946107e-01  5.94959041e-01  7.28e-17 1.42e-14  2.60e-11     3s
  24   5.94955531e-01  5.94955733e-01  1.55e-16 1.42e-14  4.06e-13     3s
  25   5.94955669e-01  5.94955685e-01  2.29e-15 1.42e-14  3.15e-14     3s
  26   5.94955676e-01  5.94955682e-01  6.03e-15 1.42e-14  1.16e-14     4s
  27   5.94955680e-01  5.94955681e-01  4.40e-15 1.42e-14  2.73e-15     4s
  28   5.94955680e-01  5.94955681e-01  4.42e-15 1.42e-14  6.92e-16     4s
  29   5.94955681e-01  5.94955681e-01  1.85e-15 1.42e-14  2.04e-16     4s
  30   5.94955681e-01  5.94955681e-01  1.41e-15 1.42e-14  1.25e-16     4s
  31   5.94955681e-01  5.94955681e-01  1.10e-15 1.42e-14  1.08e-16     4s
  32   5.94955681e-01  5.94955681e-01  6.90e-16 1.42e-14  5.77e-17     4s

Barrier solved model in 32 iterations and 4.03 seconds (3.76 work units)
Optimal objective 5.94955681e-01

objective value: 0.5949556807025429
Done! Time elapsed: 24.59436535835266 seconds.
g_0_1: 1.0000036695702832
g_1_1: 1.0000023087381493
g_1_2: 1.0000065086202146
g_2_1: 1.0000042363294368
g_2_2: 1.0000119427818717
g_2_3: 1.000004236329437
g_2_4: 1.0000119427818526
Parameters from last iteration: [0.17400064 0.70700163 0.17400113 0.707003   0.17400208 0.707003
 0.17400208]

Parameters from current iteration:
                [0.17400064 0.70700163 0.17400113 0.707003   0.17400208 0.707003
 0.17400208]


                Percentage Error = 4.785386920827992e-16
                
year done: 176
Time 177: 2
Optimization Iteration[1/20000]

Solving the optimization problem...
Set parameter TokenServer to value "licenses.rcc.uchicago.edu"
Read LP format model from file /scratch/local/jobs/50183984/tmp2q4nbiix.pyomo.lp
Reading time = 1.35 seconds
x1: 258121 rows, 502401 columns, 1259970 nonzeros
Set parameter Threads to value 8
Set parameter BarConvTol to value 1e-12
Gurobi Optimizer version 11.0.0 build v11.0.0rc2 (linux64 - "CentOS Linux 8")

CPU model: Intel(R) Xeon(R) Gold 6248R CPU @ 3.00GHz, instruction set [SSE2|AVX|AVX2|AVX512]
Thread count: 48 physical cores, 48 logical processors, using up to 8 threads

Optimize a model with 258121 rows, 502401 columns and 1259970 nonzeros
Model fingerprint: 0xef7b3c36
Model has 3166 quadratic objective terms
Coefficient statistics:
  Matrix range     [1e+00, 1e+03]
  Objective range  [5e-07, 7e+01]
  QObjective range [3e-01, 3e+03]
  Bounds range     [3e-04, 1e+00]
  RHS range        [6e-17, 6e+00]
Presolve removed 131482 rows and 128814 columns
Presolve time: 0.55s
Presolved: 126639 rows, 373587 columns, 743930 nonzeros
Presolved model has 3166 quadratic objective terms
Ordering time: 0.16s

Barrier statistics:
 AA' NZ     : 3.709e+05
 Factor NZ  : 4.212e+06 (roughly 240 MB of memory)
 Factor Ops : 3.974e+08 (less than 1 second per iteration)
 Threads    : 8

                  Objective                Residual
Iter       Primal          Dual         Primal    Dual     Compl     Time
   0  -1.08858984e+09  8.63519648e+08  7.80e+04 1.14e-13  1.00e+06     1s
   1  -6.35727304e+08  5.82241624e+08  1.87e+04 1.60e+02  2.62e+05     1s
   2  -3.24155004e+08  3.24098671e+08  2.36e+02 1.04e+00  4.64e+03     1s
   3  -7.58808412e+07  7.65393860e+07  1.95e+00 2.36e-12  3.30e+02     1s
   4  -1.46363886e+07  1.53249905e+07  1.70e-01 5.44e-12  6.19e+01     1s
   5  -2.69569145e+06  2.98245176e+06  1.33e-02 1.40e-12  1.15e+01     1s
   6  -3.92606333e+05  4.49318455e+05  1.33e-08 1.38e-12  1.69e+00     2s
   7  -5.87274393e+04  7.36725240e+04  1.81e-13 6.66e-13  2.66e-01     2s
   8  -8.85466270e+03  1.06079463e+04  5.04e-14 2.41e-13  3.92e-02     2s
   9  -1.41612751e+03  1.73858080e+03  2.12e-14 4.44e-14  6.35e-03     2s
  10  -2.31476774e+02  2.19502440e+02  8.70e-15 3.55e-14  9.07e-04     2s
  11  -5.13676434e+01  3.36456914e+01  3.47e-15 2.13e-14  1.71e-04     2s
  12  -8.58418870e+00  5.81409155e+00  1.07e-15 1.42e-14  2.90e-05     2s
  13  -1.10044221e+00  1.06583508e+00  4.84e-16 1.42e-14  4.36e-06     2s
  14  -2.52706963e-01  9.81950179e-01  2.73e-16 2.13e-14  2.48e-06     3s
  15   3.88026577e-01  6.82655119e-01  4.92e-17 2.84e-14  5.93e-07     3s
  16   5.11662223e-01  6.26237434e-01  7.06e-17 1.42e-14  2.31e-07     3s
  17   5.48533781e-01  6.12033460e-01  5.79e-17 1.42e-14  1.28e-07     3s
  18   5.75968927e-01  6.01735523e-01  6.76e-17 2.84e-14  5.18e-08     3s
  19   5.88364772e-01  5.97135533e-01  6.09e-17 1.42e-14  1.76e-08     3s
  20   5.92852637e-01  5.95549326e-01  6.60e-17 1.42e-14  5.43e-09     3s
  21   5.93940849e-01  5.95165197e-01  4.31e-17 1.42e-14  2.46e-09     3s
  22   5.94756630e-01  5.94878190e-01  1.28e-16 1.42e-14  2.45e-10     3s
  23   5.94836985e-01  5.94849919e-01  7.61e-17 1.42e-14  2.60e-11     3s
  24   5.94846409e-01  5.94846611e-01  1.35e-16 2.13e-14  4.06e-13     3s
  25   5.94846547e-01  5.94846563e-01  2.61e-15 1.42e-14  3.13e-14     3s
  26   5.94846555e-01  5.94846560e-01  5.57e-15 2.13e-14  1.16e-14     4s
  27   5.94846558e-01  5.94846559e-01  4.70e-15 1.42e-14  2.72e-15     4s
  28   5.94846559e-01  5.94846559e-01  3.43e-15 2.84e-14  6.89e-16     4s
  29   5.94846559e-01  5.94846559e-01  1.91e-15 1.42e-14  2.03e-16     4s
  30   5.94846559e-01  5.94846559e-01  1.52e-15 1.42e-14  1.25e-16     4s
  31   5.94846559e-01  5.94846559e-01  1.27e-15 1.42e-14  1.08e-16     4s
  32   5.94846559e-01  5.94846559e-01  7.12e-16 7.11e-15  5.87e-17     4s

Barrier solved model in 32 iterations and 4.07 seconds (3.76 work units)
Optimal objective 5.94846559e-01

objective value: 0.5948465587382642
Done! Time elapsed: 26.360809564590454 seconds.
g_0_1: 1.0000036695702832
g_1_1: 1.0000023087381493
g_1_2: 1.0000065086202146
g_2_1: 1.0000042363294368
g_2_2: 1.000011942781872
g_2_3: 1.000004236329437
g_2_4: 1.0000119427818526
Parameters from last iteration: [0.17400064 0.70700163 0.17400113 0.707003   0.17400208 0.707003
 0.17400208]

Parameters from current iteration:
                [0.17400064 0.70700163 0.17400113 0.707003   0.17400208 0.707003
 0.17400208]


                Percentage Error = 4.785386920827989e-16
                
year done: 177
Time 178: 2
Optimization Iteration[1/20000]

Solving the optimization problem...
Set parameter TokenServer to value "licenses.rcc.uchicago.edu"
Read LP format model from file /scratch/local/jobs/50183984/tmpgccz9hq7.pyomo.lp
Reading time = 1.35 seconds
x1: 258121 rows, 502401 columns, 1259970 nonzeros
Set parameter Threads to value 8
Set parameter BarConvTol to value 1e-12
Gurobi Optimizer version 11.0.0 build v11.0.0rc2 (linux64 - "CentOS Linux 8")

CPU model: Intel(R) Xeon(R) Gold 6248R CPU @ 3.00GHz, instruction set [SSE2|AVX|AVX2|AVX512]
Thread count: 48 physical cores, 48 logical processors, using up to 8 threads

Optimize a model with 258121 rows, 502401 columns and 1259970 nonzeros
Model fingerprint: 0x0d890806
Model has 3166 quadratic objective terms
Coefficient statistics:
  Matrix range     [1e+00, 1e+03]
  Objective range  [5e-07, 7e+01]
  QObjective range [3e-01, 3e+03]
  Bounds range     [3e-04, 1e+00]
  RHS range        [6e-17, 6e+00]
Presolve removed 131482 rows and 128814 columns
Presolve time: 0.56s
Presolved: 126639 rows, 373587 columns, 743930 nonzeros
Presolved model has 3166 quadratic objective terms
Ordering time: 0.16s

Barrier statistics:
 AA' NZ     : 3.709e+05
 Factor NZ  : 4.212e+06 (roughly 240 MB of memory)
 Factor Ops : 3.974e+08 (less than 1 second per iteration)
 Threads    : 8

                  Objective                Residual
Iter       Primal          Dual         Primal    Dual     Compl     Time
   0  -1.08858984e+09  8.63519648e+08  7.80e+04 1.14e-13  1.00e+06     1s
   1  -6.35727304e+08  5.82241624e+08  1.87e+04 1.60e+02  2.62e+05     1s
   2  -3.24155004e+08  3.24098671e+08  2.36e+02 1.04e+00  4.64e+03     1s
   3  -7.58808412e+07  7.65393860e+07  1.95e+00 2.11e-12  3.30e+02     1s
   4  -1.46363886e+07  1.53249905e+07  1.70e-01 5.90e-12  6.19e+01     1s
   5  -2.69569145e+06  2.98245176e+06  1.33e-02 1.36e-12  1.15e+01     1s
   6  -3.92606333e+05  4.49318454e+05  1.33e-08 1.84e-12  1.69e+00     2s
   7  -5.87274394e+04  7.36725239e+04  1.60e-13 6.99e-13  2.66e-01     2s
   8  -8.85466281e+03  1.06079462e+04  5.39e-14 2.47e-13  3.92e-02     2s
   9  -1.41612761e+03  1.73858070e+03  2.07e-14 5.68e-14  6.35e-03     2s
  10  -2.31476879e+02  2.19502336e+02  9.22e-15 2.84e-14  9.07e-04     2s
  11  -5.13677476e+01  3.36455872e+01  3.52e-15 2.44e-14  1.71e-04     2s
  12  -8.58429291e+00  5.81398734e+00  1.07e-15 2.84e-14  2.90e-05     2s
  13  -1.10054642e+00  1.06573087e+00  3.35e-16 2.84e-14  4.36e-06     2s
  14  -2.52811173e-01  9.81845969e-01  2.72e-16 2.84e-14  2.48e-06     3s
  15   3.87922366e-01  6.82550908e-01  5.70e-17 2.84e-14  5.93e-07     3s
  16   5.11558013e-01  6.26133223e-01  5.17e-17 1.42e-14  2.31e-07     3s
  17   5.48429571e-01  6.11929249e-01  1.20e-16 1.42e-14  1.28e-07     3s
  18   5.75864717e-01  6.01631313e-01  1.16e-16 1.42e-14  5.18e-08     3s
  19   5.88260562e-01  5.97031322e-01  6.53e-17 2.84e-14  1.76e-08     3s
  20   5.92748426e-01  5.95445116e-01  4.48e-17 1.42e-14  5.43e-09     3s
  21   5.93836638e-01  5.95060986e-01  5.05e-17 1.60e-14  2.46e-09     3s
  22   5.94652419e-01  5.94773979e-01  5.70e-17 2.13e-14  2.45e-10     3s
  23   5.94732774e-01  5.94745708e-01  1.57e-16 1.42e-14  2.60e-11     3s
  24   5.94742199e-01  5.94742401e-01  1.40e-16 2.84e-14  4.06e-13     3s
  25   5.94742337e-01  5.94742352e-01  2.37e-15 1.42e-14  3.11e-14     3s
  26   5.94742344e-01  5.94742350e-01  5.11e-15 2.84e-14  1.15e-14     4s
  27   5.94742347e-01  5.94742348e-01  3.59e-15 1.42e-14  2.71e-15     4s
  28   5.94742348e-01  5.94742348e-01  5.04e-15 1.42e-14  6.86e-16     4s
  29   5.94742348e-01  5.94742348e-01  1.90e-15 1.42e-14  2.02e-16     4s
  30   5.94742348e-01  5.94742348e-01  1.24e-15 2.84e-14  1.24e-16     4s
  31   5.94742348e-01  5.94742348e-01  9.72e-16 1.42e-14  1.08e-16     4s
  32   5.94742348e-01  5.94742348e-01  6.61e-16 1.42e-14  6.12e-17     4s

Barrier solved model in 32 iterations and 4.09 seconds (3.76 work units)
Optimal objective 5.94742348e-01

objective value: 0.5947423480707797
Done! Time elapsed: 24.812210083007812 seconds.
g_0_1: 1.0000036695702834
g_1_1: 1.0000023087381493
g_1_2: 1.0000065086202146
g_2_1: 1.0000042363294368
g_2_2: 1.000011942781873
g_2_3: 1.000004236329437
g_2_4: 1.0000119427818526
Parameters from last iteration: [0.17400064 0.70700163 0.17400113 0.707003   0.17400208 0.707003
 0.17400208]

Parameters from current iteration:
                [0.17400064 0.70700163 0.17400113 0.707003   0.17400208 0.707003
 0.17400208]


                Percentage Error = 7.975644868046645e-16
                
year done: 178
Time 179: 2
Optimization Iteration[1/20000]

Solving the optimization problem...
Set parameter TokenServer to value "licenses.rcc.uchicago.edu"
Read LP format model from file /scratch/local/jobs/50183984/tmpg16qvlxm.pyomo.lp
Reading time = 1.38 seconds
x1: 258121 rows, 502401 columns, 1259970 nonzeros
Set parameter Threads to value 8
Set parameter BarConvTol to value 1e-12
Gurobi Optimizer version 11.0.0 build v11.0.0rc2 (linux64 - "CentOS Linux 8")

CPU model: Intel(R) Xeon(R) Gold 6248R CPU @ 3.00GHz, instruction set [SSE2|AVX|AVX2|AVX512]
Thread count: 48 physical cores, 48 logical processors, using up to 8 threads

Optimize a model with 258121 rows, 502401 columns and 1259970 nonzeros
Model fingerprint: 0x3861a697
Model has 3166 quadratic objective terms
Coefficient statistics:
  Matrix range     [1e+00, 1e+03]
  Objective range  [5e-07, 7e+01]
  QObjective range [3e-01, 3e+03]
  Bounds range     [3e-04, 1e+00]
  RHS range        [6e-17, 6e+00]
Presolve removed 131482 rows and 128814 columns
Presolve time: 0.56s
Presolved: 126639 rows, 373587 columns, 743930 nonzeros
Presolved model has 3166 quadratic objective terms
Ordering time: 0.16s

Barrier statistics:
 AA' NZ     : 3.709e+05
 Factor NZ  : 4.212e+06 (roughly 240 MB of memory)
 Factor Ops : 3.974e+08 (less than 1 second per iteration)
 Threads    : 8

                  Objective                Residual
Iter       Primal          Dual         Primal    Dual     Compl     Time
   0  -1.08858984e+09  8.63519648e+08  7.80e+04 1.13e-13  1.00e+06     1s
   1  -6.35727304e+08  5.82241624e+08  1.87e+04 1.60e+02  2.62e+05     1s
   2  -3.24155004e+08  3.24098671e+08  2.36e+02 1.04e+00  4.64e+03     1s
   3  -7.58808412e+07  7.65393860e+07  1.95e+00 1.53e-12  3.30e+02     1s
   4  -1.46363886e+07  1.53249905e+07  1.70e-01 5.56e-12  6.19e+01     1s
   5  -2.69569145e+06  2.98245176e+06  1.33e-02 1.17e-12  1.15e+01     2s
   6  -3.92606333e+05  4.49318454e+05  1.33e-08 8.92e-13  1.69e+00     2s
   7  -5.87274395e+04  7.36725238e+04  1.51e-13 7.15e-13  2.66e-01     2s
   8  -8.85466291e+03  1.06079461e+04  5.51e-14 2.36e-13  3.92e-02     2s
   9  -1.41612771e+03  1.73858060e+03  2.19e-14 4.26e-14  6.35e-03     2s
  10  -2.31476978e+02  2.19502237e+02  6.90e-15 2.84e-14  9.07e-04     2s
  11  -5.13678471e+01  3.36454877e+01  3.63e-15 2.84e-14  1.71e-04     2s
  12  -8.58439243e+00  5.81388782e+00  1.16e-15 1.42e-14  2.90e-05     2s
  13  -1.10064594e+00  1.06563135e+00  4.04e-16 1.42e-14  4.36e-06     2s
  14  -2.52910694e-01  9.81746448e-01  3.03e-16 4.97e-14  2.48e-06     3s
  15   3.87822846e-01  6.82451388e-01  6.49e-17 2.84e-14  5.93e-07     3s
  16   5.11458492e-01  6.26033703e-01  9.93e-17 1.42e-14  2.31e-07     3s
  17   5.48330050e-01  6.11829729e-01  4.33e-17 1.42e-14  1.28e-07     3s
  18   5.75765196e-01  6.01531792e-01  5.24e-17 1.87e-14  5.18e-08     3s
  19   5.88161041e-01  5.96931802e-01  6.14e-17 2.13e-14  1.76e-08     3s
  20   5.92648906e-01  5.95345595e-01  9.76e-17 1.42e-14  5.43e-09     3s
  21   5.93737118e-01  5.94961466e-01  3.68e-17 2.84e-14  2.46e-09     3s
  22   5.94552899e-01  5.94674459e-01  6.65e-17 2.13e-14  2.45e-10     3s
  23   5.94633254e-01  5.94646188e-01  1.62e-16 1.42e-14  2.60e-11     3s
  24   5.94642678e-01  5.94642880e-01  1.60e-16 2.13e-14  4.06e-13     3s
  25   5.94642816e-01  5.94642832e-01  2.62e-15 1.42e-14  3.10e-14     4s
  26   5.94642823e-01  5.94642829e-01  6.15e-15 1.42e-14  1.15e-14     4s
  27   5.94642827e-01  5.94642828e-01  4.03e-15 1.42e-14  2.70e-15     4s
  28   5.94642827e-01  5.94642828e-01  3.65e-15 1.42e-14  6.84e-16     4s
  29   5.94642828e-01  5.94642828e-01  1.87e-15 1.42e-14  2.02e-16     4s
  30   5.94642828e-01  5.94642828e-01  1.50e-15 1.42e-14  1.23e-16     4s
  31   5.94642828e-01  5.94642828e-01  1.19e-15 1.42e-14  1.08e-16     4s
  32   5.94642828e-01  5.94642828e-01  6.84e-16 1.42e-14  6.15e-17     4s

Barrier solved model in 32 iterations and 4.20 seconds (3.76 work units)
Optimal objective 5.94642828e-01

objective value: 0.5946428276567722
Done! Time elapsed: 24.93502163887024 seconds.
g_0_1: 1.0000036695702834
g_1_1: 1.0000023087381493
g_1_2: 1.0000065086202146
g_2_1: 1.0000042363294368
g_2_2: 1.000011942781873
g_2_3: 1.000004236329437
g_2_4: 1.0000119427818526
Parameters from last iteration: [0.17400064 0.70700163 0.17400113 0.707003   0.17400208 0.707003
 0.17400208]

Parameters from current iteration:
                [0.17400064 0.70700163 0.17400113 0.707003   0.17400208 0.707003
 0.17400208]


                Percentage Error = 0.0
                
year done: 179
Time 180: 2
Optimization Iteration[1/20000]

Solving the optimization problem...
Set parameter TokenServer to value "licenses.rcc.uchicago.edu"
Read LP format model from file /scratch/local/jobs/50183984/tmpuggz93yd.pyomo.lp
Reading time = 1.34 seconds
x1: 258121 rows, 502401 columns, 1259970 nonzeros
Set parameter Threads to value 8
Set parameter BarConvTol to value 1e-12
Gurobi Optimizer version 11.0.0 build v11.0.0rc2 (linux64 - "CentOS Linux 8")

CPU model: Intel(R) Xeon(R) Gold 6248R CPU @ 3.00GHz, instruction set [SSE2|AVX|AVX2|AVX512]
Thread count: 48 physical cores, 48 logical processors, using up to 8 threads

Optimize a model with 258121 rows, 502401 columns and 1259970 nonzeros
Model fingerprint: 0x53eb5aa1
Model has 3166 quadratic objective terms
Coefficient statistics:
  Matrix range     [1e+00, 1e+03]
  Objective range  [5e-07, 7e+01]
  QObjective range [3e-01, 3e+03]
  Bounds range     [3e-04, 1e+00]
  RHS range        [6e-17, 6e+00]
Presolve removed 131482 rows and 128814 columns
Presolve time: 0.59s
Presolved: 126639 rows, 373587 columns, 743930 nonzeros
Presolved model has 3166 quadratic objective terms
Ordering time: 0.16s

Barrier statistics:
 AA' NZ     : 3.709e+05
 Factor NZ  : 4.212e+06 (roughly 240 MB of memory)
 Factor Ops : 3.974e+08 (less than 1 second per iteration)
 Threads    : 8

                  Objective                Residual
Iter       Primal          Dual         Primal    Dual     Compl     Time
   0  -1.08858984e+09  8.63519648e+08  7.80e+04 1.13e-13  1.00e+06     2s
   1  -6.35727304e+08  5.82241624e+08  1.87e+04 1.60e+02  2.62e+05     2s
   2  -3.24155004e+08  3.24098671e+08  2.36e+02 1.04e+00  4.64e+03     2s
   3  -7.58808412e+07  7.65393860e+07  1.95e+00 1.91e-12  3.30e+02     2s
   4  -1.46363886e+07  1.53249905e+07  1.70e-01 3.63e-12  6.19e+01     2s
   5  -2.69569145e+06  2.98245176e+06  1.33e-02 1.17e-12  1.15e+01     2s
   6  -3.92606333e+05  4.49318454e+05  1.33e-08 1.02e-12  1.69e+00     2s
   7  -5.87274396e+04  7.36725237e+04  1.33e-13 6.71e-13  2.66e-01     3s
   8  -8.85466300e+03  1.06079460e+04  5.42e-14 2.55e-13  3.92e-02     3s
   9  -1.41612781e+03  1.73858050e+03  2.33e-14 4.26e-14  6.35e-03     3s
  10  -2.31477073e+02  2.19502142e+02  9.72e-15 2.84e-14  9.07e-04     3s
  11  -5.13679422e+01  3.36453926e+01  3.85e-15 1.42e-14  1.71e-04     3s
  12  -8.58448747e+00  5.81379278e+00  8.83e-16 2.84e-14  2.90e-05     3s
  13  -1.10074098e+00  1.06553631e+00  4.67e-16 1.42e-14  4.36e-06     3s
  14  -2.53005735e-01  9.81651407e-01  2.92e-16 2.13e-14  2.48e-06     4s
  15   3.87727805e-01  6.82356347e-01  5.92e-17 2.84e-14  5.93e-07     4s
  16   5.11363451e-01  6.25938661e-01  1.41e-16 1.42e-14  2.31e-07     4s
  17   5.48235009e-01  6.11734687e-01  4.92e-17 2.84e-14  1.28e-07     4s
  18   5.75670155e-01  6.01436751e-01  1.26e-16 1.42e-14  5.18e-08     4s
  19   5.88066000e-01  5.96836761e-01  4.44e-17 1.87e-14  1.76e-08     4s
  20   5.92553864e-01  5.95250554e-01  7.22e-17 1.42e-14  5.43e-09     4s
  21   5.93642077e-01  5.94866425e-01  6.51e-17 1.42e-14  2.46e-09     4s
  22   5.94457857e-01  5.94579418e-01  1.20e-16 2.13e-14  2.45e-10     4s
  23   5.94538212e-01  5.94551147e-01  7.48e-17 1.42e-14  2.60e-11     4s
  24   5.94547637e-01  5.94547839e-01  1.65e-16 1.42e-14  4.06e-13     4s
  25   5.94547775e-01  5.94547790e-01  2.94e-15 1.42e-14  3.08e-14     5s
  26   5.94547782e-01  5.94547788e-01  5.91e-15 2.84e-14  1.14e-14     5s
  27   5.94547785e-01  5.94547787e-01  4.55e-15 2.13e-14  2.68e-15     5s
  28   5.94547786e-01  5.94547787e-01  4.37e-15 1.42e-14  6.82e-16     5s
  29   5.94547786e-01  5.94547786e-01  1.86e-15 1.42e-14  2.29e-16     5s
  30   5.94547786e-01  5.94547786e-01  1.76e-15 1.15e-14  2.21e-16     5s
  31   5.94547786e-01  5.94547786e-01  1.11e-15 1.42e-14  1.30e-16     5s
  32   5.94547786e-01  5.94547786e-01  7.07e-16 1.42e-14  7.60e-17     5s

Barrier solved model in 32 iterations and 5.13 seconds (3.76 work units)
Optimal objective 5.94547786e-01

objective value: 0.5945477863940452
Done! Time elapsed: 25.60602593421936 seconds.
g_0_1: 1.0000036695702845
g_1_1: 1.0000023087381489
g_1_2: 1.0000065086202152
g_2_1: 1.0000042363294366
g_2_2: 1.0000119427818783
g_2_3: 1.0000042363294368
g_2_4: 1.000011942781853
Parameters from last iteration: [0.17400064 0.70700163 0.17400113 0.707003   0.17400208 0.707003
 0.17400208]

Parameters from current iteration:
                [0.17400064 0.70700163 0.17400113 0.707003   0.17400208 0.707003
 0.17400208]


                Percentage Error = 5.423438510271714e-15
                
year done: 180
Time 181: 2
Optimization Iteration[1/20000]

Solving the optimization problem...
Set parameter TokenServer to value "licenses.rcc.uchicago.edu"
Read LP format model from file /scratch/local/jobs/50183984/tmpp0yc51hl.pyomo.lp
Reading time = 1.36 seconds
x1: 258121 rows, 502401 columns, 1259970 nonzeros
Set parameter Threads to value 8
Set parameter BarConvTol to value 1e-12
Gurobi Optimizer version 11.0.0 build v11.0.0rc2 (linux64 - "CentOS Linux 8")

CPU model: Intel(R) Xeon(R) Gold 6248R CPU @ 3.00GHz, instruction set [SSE2|AVX|AVX2|AVX512]
Thread count: 48 physical cores, 48 logical processors, using up to 8 threads

Optimize a model with 258121 rows, 502401 columns and 1259970 nonzeros
Model fingerprint: 0x0e97f929
Model has 3166 quadratic objective terms
Coefficient statistics:
  Matrix range     [1e+00, 1e+03]
  Objective range  [5e-07, 7e+01]
  QObjective range [3e-01, 3e+03]
  Bounds range     [3e-04, 1e+00]
  RHS range        [6e-17, 6e+00]
Presolve removed 131482 rows and 128814 columns
Presolve time: 0.62s
Presolved: 126639 rows, 373587 columns, 743930 nonzeros
Presolved model has 3166 quadratic objective terms
Ordering time: 0.17s

Barrier statistics:
 AA' NZ     : 3.709e+05
 Factor NZ  : 4.212e+06 (roughly 240 MB of memory)
 Factor Ops : 3.974e+08 (less than 1 second per iteration)
 Threads    : 8

                  Objective                Residual
Iter       Primal          Dual         Primal    Dual     Compl     Time
   0  -1.08858984e+09  8.63519648e+08  7.80e+04 1.13e-13  1.00e+06     1s
   1  -6.35727304e+08  5.82241624e+08  1.87e+04 1.60e+02  2.62e+05     1s
   2  -3.24155004e+08  3.24098671e+08  2.36e+02 1.04e+00  4.64e+03     1s
   3  -7.58808412e+07  7.65393860e+07  1.95e+00 1.86e-12  3.30e+02     1s
   4  -1.46363886e+07  1.53249905e+07  1.70e-01 7.03e-12  6.19e+01     2s
   5  -2.69569145e+06  2.98245176e+06  1.33e-02 1.24e-12  1.15e+01     2s
   6  -3.92606333e+05  4.49318454e+05  1.33e-08 9.75e-13  1.69e+00     2s
   7  -5.87274397e+04  7.36725236e+04  1.56e-13 6.90e-13  2.66e-01     2s
   8  -8.85466309e+03  1.06079459e+04  5.97e-14 2.13e-13  3.92e-02     2s
   9  -1.41612790e+03  1.73858041e+03  2.48e-14 4.08e-14  6.35e-03     2s
  10  -2.31477164e+02  2.19502051e+02  5.57e-15 2.84e-14  9.07e-04     2s
  11  -5.13680329e+01  3.36453019e+01  2.83e-15 1.42e-14  1.71e-04     2s
  12  -8.58457823e+00  5.81370201e+00  1.35e-15 2.84e-14  2.90e-05     2s
  13  -1.10083174e+00  1.06544555e+00  6.02e-16 1.42e-14  4.36e-06     3s
  14  -2.53096499e-01  9.81560643e-01  3.07e-16 2.84e-14  2.48e-06     3s
  15   3.87637041e-01  6.82265583e-01  4.64e-17 1.42e-14  5.93e-07     3s
  16   5.11272687e-01  6.25847898e-01  8.78e-17 1.42e-14  2.31e-07     3s
  17   5.48144245e-01  6.11643924e-01  4.65e-17 2.84e-14  1.28e-07     3s
  18   5.75579391e-01  6.01345987e-01  1.20e-16 1.42e-14  5.18e-08     3s
  19   5.87975236e-01  5.96745997e-01  6.17e-17 1.42e-14  1.76e-08     3s
  20   5.92463101e-01  5.95159790e-01  3.84e-17 2.13e-14  5.43e-09     3s
  21   5.93551313e-01  5.94775661e-01  3.50e-17 1.42e-14  2.46e-09     3s
  22   5.94367094e-01  5.94488654e-01  9.34e-17 1.42e-14  2.45e-10     3s
  23   5.94447449e-01  5.94460383e-01  9.07e-17 2.84e-14  2.60e-11     3s
  24   5.94456873e-01  5.94457075e-01  1.69e-16 1.42e-14  4.06e-13     4s
  25   5.94457011e-01  5.94457027e-01  3.26e-15 2.13e-14  3.07e-14     4s
  26   5.94457019e-01  5.94457024e-01  5.16e-15 1.42e-14  1.14e-14     4s
  27   5.94457022e-01  5.94457023e-01  4.06e-15 1.42e-14  2.68e-15     4s
  28   5.94457022e-01  5.94457023e-01  4.05e-15 1.42e-14  6.80e-16     4s
  29   5.94457023e-01  5.94457023e-01  1.94e-15 1.42e-14  2.28e-16     4s
  30   5.94457023e-01  5.94457023e-01  1.86e-15 1.42e-14  2.20e-16     4s
  31   5.94457023e-01  5.94457023e-01  1.24e-15 1.42e-14  1.29e-16     4s
  32   5.94457023e-01  5.94457023e-01  6.73e-16 2.84e-14  7.56e-17     4s

Barrier solved model in 32 iterations and 4.22 seconds (3.76 work units)
Optimal objective 5.94457023e-01

objective value: 0.5944570226979706
Done! Time elapsed: 26.241487503051758 seconds.
g_0_1: 1.0000036695702845
g_1_1: 1.0000023087381489
g_1_2: 1.0000065086202152
g_2_1: 1.0000042363294364
g_2_2: 1.000011942781878
g_2_3: 1.0000042363294368
g_2_4: 1.000011942781853
Parameters from last iteration: [0.17400064 0.70700163 0.17400113 0.707003   0.17400208 0.707003
 0.17400208]

Parameters from current iteration:
                [0.17400064 0.70700163 0.17400113 0.707003   0.17400208 0.707003
 0.17400208]


                Percentage Error = 3.190257947218638e-16
                
year done: 181
Time 182: 2
Optimization Iteration[1/20000]

Solving the optimization problem...
Set parameter TokenServer to value "licenses.rcc.uchicago.edu"
Read LP format model from file /scratch/local/jobs/50183984/tmpo9ne1iuv.pyomo.lp
Reading time = 1.37 seconds
x1: 258121 rows, 502401 columns, 1259970 nonzeros
Set parameter Threads to value 8
Set parameter BarConvTol to value 1e-12
Gurobi Optimizer version 11.0.0 build v11.0.0rc2 (linux64 - "CentOS Linux 8")

CPU model: Intel(R) Xeon(R) Gold 6248R CPU @ 3.00GHz, instruction set [SSE2|AVX|AVX2|AVX512]
Thread count: 48 physical cores, 48 logical processors, using up to 8 threads

Optimize a model with 258121 rows, 502401 columns and 1259970 nonzeros
Model fingerprint: 0x733b4d2d
Model has 3166 quadratic objective terms
Coefficient statistics:
  Matrix range     [1e+00, 1e+03]
  Objective range  [5e-07, 7e+01]
  QObjective range [3e-01, 3e+03]
  Bounds range     [3e-04, 1e+00]
  RHS range        [6e-17, 6e+00]
Presolve removed 131482 rows and 128814 columns
Presolve time: 0.55s
Presolved: 126639 rows, 373587 columns, 743930 nonzeros
Presolved model has 3166 quadratic objective terms
Ordering time: 0.16s

Barrier statistics:
 AA' NZ     : 3.709e+05
 Factor NZ  : 4.212e+06 (roughly 240 MB of memory)
 Factor Ops : 3.974e+08 (less than 1 second per iteration)
 Threads    : 8

                  Objective                Residual
Iter       Primal          Dual         Primal    Dual     Compl     Time
   0  -1.08858984e+09  8.63519648e+08  7.80e+04 1.13e-13  1.00e+06     1s
   1  -6.35727304e+08  5.82241624e+08  1.87e+04 1.60e+02  2.62e+05     1s
   2  -3.24155004e+08  3.24098671e+08  2.36e+02 1.04e+00  4.64e+03     1s
   3  -7.58808412e+07  7.65393860e+07  1.95e+00 2.10e-12  3.30e+02     1s
   4  -1.46363886e+07  1.53249905e+07  1.70e-01 3.84e-12  6.19e+01     1s
   5  -2.69569145e+06  2.98245176e+06  1.33e-02 1.24e-12  1.15e+01     1s
   6  -3.92606333e+05  4.49318454e+05  1.33e-08 1.61e-12  1.69e+00     2s
   7  -5.87274397e+04  7.36725236e+04  1.64e-13 7.64e-13  2.66e-01     2s
   8  -8.85466318e+03  1.06079458e+04  7.01e-14 2.31e-13  3.92e-02     2s
   9  -1.41612798e+03  1.73858032e+03  2.87e-14 4.26e-14  6.35e-03     2s
  10  -2.31477251e+02  2.19501964e+02  9.30e-15 4.26e-14  9.07e-04     2s
  11  -5.13681196e+01  3.36452152e+01  4.46e-15 1.69e-14  1.71e-04     2s
  12  -8.58466491e+00  5.81361533e+00  1.44e-15 2.84e-14  2.90e-05     2s
  13  -1.10091842e+00  1.06535887e+00  4.10e-16 1.42e-14  4.36e-06     2s
  14  -2.53183178e-01  9.81473965e-01  3.16e-16 2.84e-14  2.48e-06     3s
  15   3.87550362e-01  6.82178904e-01  6.19e-17 1.42e-14  5.93e-07     3s
  16   5.11186009e-01  6.25761219e-01  8.44e-17 1.42e-14  2.31e-07     3s
  17   5.48057567e-01  6.11557245e-01  1.32e-16 1.42e-14  1.28e-07     3s
  18   5.75492713e-01  6.01259309e-01  1.40e-16 1.55e-14  5.18e-08     3s
  19   5.87888558e-01  5.96659318e-01  5.53e-17 1.42e-14  1.76e-08     3s
  20   5.92376422e-01  5.95073112e-01  6.36e-17 1.42e-14  5.43e-09     3s
  21   5.93464634e-01  5.94688982e-01  3.03e-17 1.42e-14  2.46e-09     3s
  22   5.94280415e-01  5.94401975e-01  6.94e-17 1.42e-14  2.45e-10     3s
  23   5.94360770e-01  5.94373704e-01  1.10e-16 1.42e-14  2.60e-11     3s
  24   5.94370195e-01  5.94370397e-01  1.64e-16 1.42e-14  4.06e-13     3s
  25   5.94370333e-01  5.94370348e-01  2.94e-15 1.42e-14  3.06e-14     3s
  26   5.94370340e-01  5.94370346e-01  6.01e-15 1.42e-14  1.13e-14     4s
  27   5.94370343e-01  5.94370344e-01  4.33e-15 1.42e-14  2.67e-15     4s
  28   5.94370344e-01  5.94370344e-01  4.74e-15 1.42e-14  6.78e-16     4s
  29   5.94370344e-01  5.94370344e-01  1.99e-15 1.42e-14  2.27e-16     4s
  30   5.94370344e-01  5.94370344e-01  1.83e-15 1.42e-14  2.19e-16     4s
  31   5.94370344e-01  5.94370344e-01  1.05e-15 1.42e-14  1.29e-16     4s
  32   5.94370344e-01  5.94370344e-01  5.64e-16 1.42e-14  7.52e-17     4s

Barrier solved model in 32 iterations and 4.04 seconds (3.76 work units)
Optimal objective 5.94370344e-01

objective value: 0.5943703440411209
Done! Time elapsed: 24.593989849090576 seconds.
g_0_1: 1.0000036695702843
g_1_1: 1.0000023087381487
g_1_2: 1.0000065086202152
g_2_1: 1.0000042363294366
g_2_2: 1.0000119427818779
g_2_3: 1.0000042363294368
g_2_4: 1.0000119427818528
Parameters from last iteration: [0.17400064 0.70700163 0.17400113 0.707003   0.17400208 0.707003
 0.17400208]

Parameters from current iteration:
                [0.17400064 0.70700163 0.17400113 0.707003   0.17400208 0.707003
 0.17400208]


                Percentage Error = 3.1406519417731927e-16
                
year done: 182
Time 183: 2
Optimization Iteration[1/20000]

Solving the optimization problem...
Set parameter TokenServer to value "licenses.rcc.uchicago.edu"
Read LP format model from file /scratch/local/jobs/50183984/tmp0eqqvm9z.pyomo.lp
Reading time = 1.34 seconds
x1: 258121 rows, 502401 columns, 1259970 nonzeros
Set parameter Threads to value 8
Set parameter BarConvTol to value 1e-12
Gurobi Optimizer version 11.0.0 build v11.0.0rc2 (linux64 - "CentOS Linux 8")

CPU model: Intel(R) Xeon(R) Gold 6248R CPU @ 3.00GHz, instruction set [SSE2|AVX|AVX2|AVX512]
Thread count: 48 physical cores, 48 logical processors, using up to 8 threads

Optimize a model with 258121 rows, 502401 columns and 1259970 nonzeros
Model fingerprint: 0x447afe39
Model has 3166 quadratic objective terms
Coefficient statistics:
  Matrix range     [1e+00, 1e+03]
  Objective range  [5e-07, 7e+01]
  QObjective range [3e-01, 3e+03]
  Bounds range     [3e-04, 1e+00]
  RHS range        [6e-17, 6e+00]
Presolve removed 131482 rows and 128814 columns
Presolve time: 0.55s
Presolved: 126639 rows, 373587 columns, 743930 nonzeros
Presolved model has 3166 quadratic objective terms
Ordering time: 0.16s

Barrier statistics:
 AA' NZ     : 3.709e+05
 Factor NZ  : 4.212e+06 (roughly 240 MB of memory)
 Factor Ops : 3.974e+08 (less than 1 second per iteration)
 Threads    : 8

                  Objective                Residual
Iter       Primal          Dual         Primal    Dual     Compl     Time
   0  -1.08858984e+09  8.63519648e+08  7.80e+04 1.13e-13  1.00e+06     1s
   1  -6.35727304e+08  5.82241624e+08  1.87e+04 1.60e+02  2.62e+05     1s
   2  -3.24155004e+08  3.24098671e+08  2.36e+02 1.04e+00  4.64e+03     1s
   3  -7.58808412e+07  7.65393860e+07  1.95e+00 1.54e-12  3.30e+02     1s
   4  -1.46363886e+07  1.53249905e+07  1.70e-01 4.77e-12  6.19e+01     1s
   5  -2.69569145e+06  2.98245176e+06  1.33e-02 1.20e-12  1.15e+01     1s
   6  -3.92606333e+05  4.49318454e+05  1.33e-08 1.69e-12  1.69e+00     2s
   7  -5.87274398e+04  7.36725235e+04  1.83e-13 6.05e-13  2.66e-01     2s
   8  -8.85466326e+03  1.06079457e+04  5.35e-14 2.50e-13  3.92e-02     2s
   9  -1.41612807e+03  1.73858024e+03  2.51e-14 3.94e-14  6.35e-03     2s
  10  -2.31477333e+02  2.19501881e+02  5.65e-15 3.55e-14  9.07e-04     2s
  11  -5.13682024e+01  3.36451324e+01  3.74e-15 2.84e-14  1.71e-04     2s
  12  -8.58474769e+00  5.81353256e+00  1.27e-15 1.42e-14  2.90e-05     2s
  13  -1.10100120e+00  1.06527609e+00  4.41e-16 2.13e-14  4.36e-06     2s
  14  -2.53265955e-01  9.81391187e-01  2.89e-16 2.84e-14  2.48e-06     3s
  15   3.87467585e-01  6.82096127e-01  6.28e-17 1.42e-14  5.93e-07     3s
  16   5.11103231e-01  6.25678441e-01  6.22e-17 1.42e-14  2.31e-07     3s
  17   5.47974789e-01  6.11474468e-01  6.81e-17 2.13e-14  1.28e-07     3s
  18   5.75409935e-01  6.01176531e-01  1.16e-16 1.42e-14  5.18e-08     3s
  19   5.87805780e-01  5.96576541e-01  5.30e-17 1.42e-14  1.76e-08     3s
  20   5.92293645e-01  5.94990334e-01  3.73e-17 1.42e-14  5.43e-09     3s
  21   5.93381857e-01  5.94606205e-01  2.91e-17 1.42e-14  2.46e-09     3s
  22   5.94197637e-01  5.94319198e-01  7.75e-17 1.42e-14  2.45e-10     3s
  23   5.94277993e-01  5.94290927e-01  7.73e-17 2.84e-14  2.60e-11     3s
  24   5.94287417e-01  5.94287619e-01  1.71e-16 1.42e-14  4.06e-13     3s
  25   5.94287555e-01  5.94287571e-01  2.62e-15 1.42e-14  3.04e-14     3s
  26   5.94287562e-01  5.94287568e-01  5.55e-15 1.42e-14  1.13e-14     4s
  27   5.94287566e-01  5.94287567e-01  3.95e-15 1.78e-14  2.66e-15     4s
  28   5.94287566e-01  5.94287567e-01  4.10e-15 1.42e-14  6.76e-16     4s
  29   5.94287567e-01  5.94287567e-01  1.98e-15 1.42e-14  2.26e-16     4s
  30   5.94287567e-01  5.94287567e-01  1.86e-15 1.42e-14  2.18e-16     4s
  31   5.94287567e-01  5.94287567e-01  1.20e-15 1.42e-14  1.28e-16     4s
  32   5.94287567e-01  5.94287567e-01  6.82e-16 7.11e-15  7.48e-17     4s

Barrier solved model in 32 iterations and 4.02 seconds (3.76 work units)
Optimal objective 5.94287567e-01

objective value: 0.5942875665664703
Done! Time elapsed: 24.47395396232605 seconds.
g_0_1: 1.0000036695702843
g_1_1: 1.0000023087381489
g_1_2: 1.0000065086202152
g_2_1: 1.0000042363294366
g_2_2: 1.0000119427818779
g_2_3: 1.0000042363294368
g_2_4: 1.000011942781853
Parameters from last iteration: [0.17400064 0.70700163 0.17400113 0.707003   0.17400208 0.707003
 0.17400208]

Parameters from current iteration:
                [0.17400064 0.70700163 0.17400113 0.707003   0.17400208 0.707003
 0.17400208]


                Percentage Error = 3.1406519417731937e-16
                
year done: 183
Time 184: 2
Optimization Iteration[1/20000]

Solving the optimization problem...
Set parameter TokenServer to value "licenses.rcc.uchicago.edu"
Read LP format model from file /scratch/local/jobs/50183984/tmplq3ms9x9.pyomo.lp
Reading time = 1.35 seconds
x1: 258121 rows, 502401 columns, 1259970 nonzeros
Set parameter Threads to value 8
Set parameter BarConvTol to value 1e-12
Gurobi Optimizer version 11.0.0 build v11.0.0rc2 (linux64 - "CentOS Linux 8")

CPU model: Intel(R) Xeon(R) Gold 6248R CPU @ 3.00GHz, instruction set [SSE2|AVX|AVX2|AVX512]
Thread count: 48 physical cores, 48 logical processors, using up to 8 threads

Optimize a model with 258121 rows, 502401 columns and 1259970 nonzeros
Model fingerprint: 0x77e59da2
Model has 3166 quadratic objective terms
Coefficient statistics:
  Matrix range     [1e+00, 1e+03]
  Objective range  [5e-07, 7e+01]
  QObjective range [3e-01, 3e+03]
  Bounds range     [3e-04, 1e+00]
  RHS range        [6e-17, 6e+00]
Presolve removed 131482 rows and 128814 columns
Presolve time: 0.55s
Presolved: 126639 rows, 373587 columns, 743930 nonzeros
Presolved model has 3166 quadratic objective terms
Ordering time: 0.16s

Barrier statistics:
 AA' NZ     : 3.709e+05
 Factor NZ  : 4.212e+06 (roughly 240 MB of memory)
 Factor Ops : 3.974e+08 (less than 1 second per iteration)
 Threads    : 8

                  Objective                Residual
Iter       Primal          Dual         Primal    Dual     Compl     Time
   0  -1.08858984e+09  8.63519648e+08  7.80e+04 1.13e-13  1.00e+06     1s
   1  -6.35727304e+08  5.82241624e+08  1.87e+04 1.60e+02  2.62e+05     1s
   2  -3.24155004e+08  3.24098671e+08  2.36e+02 1.04e+00  4.64e+03     1s
   3  -7.58808412e+07  7.65393860e+07  1.95e+00 1.88e-12  3.30e+02     1s
   4  -1.46363886e+07  1.53249905e+07  1.70e-01 3.74e-12  6.19e+01     1s
   5  -2.69569145e+06  2.98245176e+06  1.33e-02 1.25e-12  1.15e+01     1s
   6  -3.92606333e+05  4.49318454e+05  1.33e-08 1.69e-12  1.69e+00     2s
   7  -5.87274399e+04  7.36725234e+04  1.88e-13 7.33e-13  2.66e-01     2s
   8  -8.85466334e+03  1.06079457e+04  7.70e-14 2.64e-13  3.92e-02     2s
   9  -1.41612815e+03  1.73858016e+03  2.86e-14 3.90e-14  6.35e-03     2s
  10  -2.31477412e+02  2.19501802e+02  7.18e-15 2.84e-14  9.07e-04     2s
  11  -5.13682814e+01  3.36450533e+01  3.71e-15 2.84e-14  1.71e-04     2s
  12  -8.58482674e+00  5.81345350e+00  1.25e-15 1.42e-14  2.90e-05     2s
  13  -1.10108025e+00  1.06519704e+00  4.84e-16 1.42e-14  4.36e-06     2s
  14  -2.53345007e-01  9.81312135e-01  2.68e-16 2.84e-14  2.48e-06     3s
  15   3.87388533e-01  6.82017075e-01  4.34e-17 1.42e-14  5.93e-07     3s
  16   5.11024179e-01  6.25599390e-01  7.15e-17 1.42e-14  2.31e-07     3s
  17   5.47895737e-01  6.11395416e-01  6.54e-17 2.13e-14  1.28e-07     3s
  18   5.75330883e-01  6.01097479e-01  5.65e-17 1.42e-14  5.18e-08     3s
  19   5.87726728e-01  5.96497489e-01  6.80e-17 1.42e-14  1.76e-08     3s
  20   5.92214593e-01  5.94911282e-01  9.81e-17 1.69e-14  5.43e-09     3s
  21   5.93302805e-01  5.94527153e-01  3.78e-17 2.84e-14  2.46e-09     3s
  22   5.94118586e-01  5.94240146e-01  5.85e-17 1.42e-14  2.45e-10     3s
  23   5.94198941e-01  5.94211875e-01  6.45e-17 1.42e-14  2.60e-11     3s
  24   5.94208365e-01  5.94208567e-01  1.65e-16 1.42e-14  4.06e-13     3s
  25   5.94208504e-01  5.94208519e-01  2.43e-15 1.95e-14  3.03e-14     3s
  26   5.94208511e-01  5.94208516e-01  6.25e-15 1.42e-14  1.13e-14     3s
  27   5.94208514e-01  5.94208515e-01  5.42e-15 1.42e-14  2.65e-15     4s
  28   5.94208514e-01  5.94208515e-01  5.72e-15 1.42e-14  6.74e-16     4s
  29   5.94208515e-01  5.94208515e-01  2.20e-15 2.13e-14  2.25e-16     4s
  30   5.94208515e-01  5.94208515e-01  2.07e-15 1.42e-14  2.17e-16     4s
  31   5.94208515e-01  5.94208515e-01  1.10e-15 1.42e-14  1.28e-16     4s
  32   5.94208515e-01  5.94208515e-01  6.42e-16 1.42e-14  7.45e-17     4s

Barrier solved model in 32 iterations and 4.00 seconds (3.76 work units)
Optimal objective 5.94208515e-01

objective value: 0.5942085146919097
Done! Time elapsed: 24.43656015396118 seconds.
g_0_1: 1.0000036695702843
g_1_1: 1.0000023087381489
g_1_2: 1.0000065086202152
g_2_1: 1.0000042363294366
g_2_2: 1.0000119427818777
g_2_3: 1.0000042363294368
g_2_4: 1.0000119427818528
Parameters from last iteration: [0.17400064 0.70700163 0.17400113 0.707003   0.17400208 0.707003
 0.17400208]

Parameters from current iteration:
                [0.17400064 0.70700163 0.17400113 0.707003   0.17400208 0.707003
 0.17400208]


                Percentage Error = 3.1902579472186396e-16
                
year done: 184
Time 185: 2
Optimization Iteration[1/20000]

Solving the optimization problem...
Set parameter TokenServer to value "licenses.rcc.uchicago.edu"
Read LP format model from file /scratch/local/jobs/50183984/tmp2uzvqg2v.pyomo.lp
Reading time = 1.37 seconds
x1: 258121 rows, 502401 columns, 1259970 nonzeros
Set parameter Threads to value 8
Set parameter BarConvTol to value 1e-12
Gurobi Optimizer version 11.0.0 build v11.0.0rc2 (linux64 - "CentOS Linux 8")

CPU model: Intel(R) Xeon(R) Gold 6248R CPU @ 3.00GHz, instruction set [SSE2|AVX|AVX2|AVX512]
Thread count: 48 physical cores, 48 logical processors, using up to 8 threads

Optimize a model with 258121 rows, 502401 columns and 1259970 nonzeros
Model fingerprint: 0x908a02cf
Model has 3166 quadratic objective terms
Coefficient statistics:
  Matrix range     [1e+00, 1e+03]
  Objective range  [5e-07, 7e+01]
  QObjective range [3e-01, 3e+03]
  Bounds range     [3e-04, 1e+00]
  RHS range        [6e-17, 6e+00]
Presolve removed 131482 rows and 128814 columns
Presolve time: 0.56s
Presolved: 126639 rows, 373587 columns, 743930 nonzeros
Presolved model has 3166 quadratic objective terms
Ordering time: 0.16s

Barrier statistics:
 AA' NZ     : 3.709e+05
 Factor NZ  : 4.212e+06 (roughly 240 MB of memory)
 Factor Ops : 3.974e+08 (less than 1 second per iteration)
 Threads    : 8

                  Objective                Residual
Iter       Primal          Dual         Primal    Dual     Compl     Time
   0  -1.08858984e+09  8.63519648e+08  7.80e+04 1.13e-13  1.00e+06     1s
   1  -6.35727304e+08  5.82241624e+08  1.87e+04 1.60e+02  2.62e+05     1s
   2  -3.24155004e+08  3.24098671e+08  2.36e+02 1.04e+00  4.64e+03     1s
   3  -7.58808412e+07  7.65393860e+07  1.95e+00 1.85e-12  3.30e+02     1s
   4  -1.46363886e+07  1.53249905e+07  1.70e-01 4.24e-12  6.19e+01     1s
   5  -2.69569145e+06  2.98245176e+06  1.33e-02 1.24e-12  1.15e+01     1s
   6  -3.92606333e+05  4.49318454e+05  1.33e-08 8.25e-13  1.69e+00     2s
   7  -5.87274400e+04  7.36725233e+04  1.84e-13 7.31e-13  2.66e-01     2s
   8  -8.85466342e+03  1.06079456e+04  8.46e-14 2.30e-13  3.92e-02     2s
   9  -1.41612822e+03  1.73858009e+03  2.67e-14 3.90e-14  6.35e-03     2s
  10  -2.31477488e+02  2.19501727e+02  5.61e-15 2.84e-14  9.07e-04     2s
  11  -5.13683569e+01  3.36449779e+01  2.43e-15 2.84e-14  1.71e-04     2s
  12  -8.58490224e+00  5.81337801e+00  1.18e-15 1.42e-14  2.90e-05     2s
  13  -1.10115574e+00  1.06512154e+00  3.78e-16 2.13e-14  4.36e-06     2s
  14  -2.53420501e-01  9.81236641e-01  3.29e-16 3.55e-14  2.48e-06     3s
  15   3.87313039e-01  6.81941581e-01  4.62e-17 1.42e-14  5.93e-07     3s
  16   5.10948685e-01  6.25523896e-01  1.81e-16 1.42e-14  2.31e-07     3s
  17   5.47820243e-01  6.11319922e-01  5.29e-17 1.42e-14  1.28e-07     3s
  18   5.75255389e-01  6.01021985e-01  5.09e-17 2.84e-14  5.18e-08     3s
  19   5.87651234e-01  5.96421995e-01  5.16e-17 1.42e-14  1.76e-08     3s
  20   5.92139099e-01  5.94835788e-01  8.85e-17 1.42e-14  5.43e-09     3s
  21   5.93227311e-01  5.94451659e-01  3.81e-17 2.84e-14  2.46e-09     3s
  22   5.94043092e-01  5.94164652e-01  6.52e-17 1.42e-14  2.45e-10     3s
  23   5.94123447e-01  5.94136381e-01  7.40e-17 1.42e-14  2.60e-11     3s
  24   5.94132871e-01  5.94133073e-01  1.46e-16 2.84e-14  4.06e-13     3s
  25   5.94133010e-01  5.94133025e-01  2.46e-15 1.42e-14  3.02e-14     3s
  26   5.94133017e-01  5.94133022e-01  5.90e-15 1.42e-14  1.12e-14     4s
  27   5.94133020e-01  5.94133021e-01  4.05e-15 2.13e-14  2.64e-15     4s
  28   5.94133021e-01  5.94133021e-01  5.22e-15 1.42e-14  6.72e-16     4s
  29   5.94133021e-01  5.94133021e-01  1.80e-15 1.42e-14  2.24e-16     4s
  30   5.94133021e-01  5.94133021e-01  1.72e-15 1.42e-14  2.16e-16     4s
  31   5.94133021e-01  5.94133021e-01  1.05e-15 1.42e-14  1.27e-16     4s
  32   5.94133021e-01  5.94133021e-01  6.60e-16 1.42e-14  7.41e-17     4s

Barrier solved model in 32 iterations and 4.04 seconds (3.76 work units)
Optimal objective 5.94133021e-01

objective value: 0.5941330207377895
Done! Time elapsed: 24.54744839668274 seconds.
g_0_1: 1.0000036695702845
g_1_1: 1.0000023087381487
g_1_2: 1.0000065086202152
g_2_1: 1.0000042363294366
g_2_2: 1.0000119427818777
g_2_3: 1.0000042363294368
g_2_4: 1.000011942781853
Parameters from last iteration: [0.17400064 0.70700163 0.17400113 0.707003   0.17400208 0.707003
 0.17400208]

Parameters from current iteration:
                [0.17400064 0.70700163 0.17400113 0.707003   0.17400208 0.707003
 0.17400208]


                Percentage Error = 3.1406519417731927e-16
                
year done: 185
Time 186: 2
Optimization Iteration[1/20000]

Solving the optimization problem...
Set parameter TokenServer to value "licenses.rcc.uchicago.edu"
Read LP format model from file /scratch/local/jobs/50183984/tmp94htcsnf.pyomo.lp
Reading time = 1.38 seconds
x1: 258121 rows, 502401 columns, 1259970 nonzeros
Set parameter Threads to value 8
Set parameter BarConvTol to value 1e-12
Gurobi Optimizer version 11.0.0 build v11.0.0rc2 (linux64 - "CentOS Linux 8")

CPU model: Intel(R) Xeon(R) Gold 6248R CPU @ 3.00GHz, instruction set [SSE2|AVX|AVX2|AVX512]
Thread count: 48 physical cores, 48 logical processors, using up to 8 threads

Optimize a model with 258121 rows, 502401 columns and 1259970 nonzeros
Model fingerprint: 0x81f8172e
Model has 3166 quadratic objective terms
Coefficient statistics:
  Matrix range     [1e+00, 1e+03]
  Objective range  [5e-07, 7e+01]
  QObjective range [3e-01, 3e+03]
  Bounds range     [3e-04, 1e+00]
  RHS range        [6e-17, 6e+00]
Presolve removed 131482 rows and 128814 columns
Presolve time: 0.55s
Presolved: 126639 rows, 373587 columns, 743930 nonzeros
Presolved model has 3166 quadratic objective terms
Ordering time: 0.16s

Barrier statistics:
 AA' NZ     : 3.709e+05
 Factor NZ  : 4.212e+06 (roughly 240 MB of memory)
 Factor Ops : 3.974e+08 (less than 1 second per iteration)
 Threads    : 8

                  Objective                Residual
Iter       Primal          Dual         Primal    Dual     Compl     Time
   0  -1.08858984e+09  8.63519648e+08  7.80e+04 1.13e-13  1.00e+06     1s
   1  -6.35727304e+08  5.82241624e+08  1.87e+04 1.60e+02  2.62e+05     1s
   2  -3.24155004e+08  3.24098671e+08  2.36e+02 1.04e+00  4.64e+03     1s
   3  -7.58808412e+07  7.65393860e+07  1.95e+00 1.83e-12  3.30e+02     1s
   4  -1.46363886e+07  1.53249905e+07  1.70e-01 4.71e-12  6.19e+01     1s
   5  -2.69569146e+06  2.98245176e+06  1.33e-02 1.18e-12  1.15e+01     1s
   6  -3.92606334e+05  4.49318454e+05  1.33e-08 1.00e-12  1.69e+00     2s
   7  -5.87274400e+04  7.36725233e+04  1.66e-13 7.57e-13  2.66e-01     2s
   8  -8.85466349e+03  1.06079455e+04  5.70e-14 2.69e-13  3.92e-02     2s
   9  -1.41612829e+03  1.73858001e+03  1.83e-14 4.26e-14  6.35e-03     2s
  10  -2.31477560e+02  2.19501655e+02  7.45e-15 2.84e-14  9.07e-04     2s
  11  -5.13684290e+01  3.36449058e+01  4.17e-15 1.73e-14  1.71e-04     2s
  12  -8.58497433e+00  5.81330591e+00  1.03e-15 1.42e-14  2.90e-05     2s
  13  -1.10122784e+00  1.06504945e+00  4.82e-16 1.42e-14  4.36e-06     2s
  14  -2.53492597e-01  9.81164545e-01  3.23e-16 3.55e-14  2.48e-06     2s
  15   3.87240943e-01  6.81869485e-01  5.39e-17 1.69e-14  5.93e-07     3s
  16   5.10876589e-01  6.25451799e-01  1.22e-16 1.42e-14  2.31e-07     3s
  17   5.47748147e-01  6.11247826e-01  4.17e-17 1.42e-14  1.28e-07     3s
  18   5.75183293e-01  6.00949889e-01  4.85e-17 1.42e-14  5.18e-08     3s
  19   5.87579138e-01  5.96349899e-01  5.23e-17 2.13e-14  1.76e-08     3s
  20   5.92067003e-01  5.94763692e-01  1.02e-16 1.42e-14  5.43e-09     3s
  21   5.93155215e-01  5.94379563e-01  5.22e-17 1.42e-14  2.46e-09     3s
  22   5.93970995e-01  5.94092556e-01  4.69e-17 1.42e-14  2.45e-10     3s
  23   5.94051351e-01  5.94064285e-01  7.08e-17 4.26e-14  2.60e-11     3s
  24   5.94060775e-01  5.94060977e-01  1.76e-16 2.13e-14  4.06e-13     3s
  25   5.94060914e-01  5.94060928e-01  2.34e-15 1.42e-14  3.01e-14     3s
  26   5.94060920e-01  5.94060926e-01  6.60e-15 2.84e-14  1.12e-14     3s
  27   5.94060924e-01  5.94060925e-01  3.91e-15 1.42e-14  2.63e-15     4s
  28   5.94060924e-01  5.94060925e-01  4.39e-15 1.42e-14  6.70e-16     4s
  29   5.94060925e-01  5.94060925e-01  2.57e-15 1.42e-14  2.23e-16     4s
  30   5.94060925e-01  5.94060925e-01  2.36e-15 1.42e-14  2.15e-16     4s
  31   5.94060925e-01  5.94060925e-01  1.23e-15 1.42e-14  1.26e-16     4s
  32   5.94060925e-01  5.94060925e-01  6.98e-16 1.42e-14  7.37e-17     4s

Barrier solved model in 32 iterations and 4.00 seconds (3.76 work units)
Optimal objective 5.94060925e-01

objective value: 0.5940609245713271
Done! Time elapsed: 25.775630235671997 seconds.
g_0_1: 1.0000036695702843
g_1_1: 1.0000023087381489
g_1_2: 1.0000065086202152
g_2_1: 1.0000042363294366
g_2_2: 1.0000119427818774
g_2_3: 1.0000042363294368
g_2_4: 1.0000119427818528
Parameters from last iteration: [0.17400064 0.70700163 0.17400113 0.707003   0.17400208 0.707003
 0.17400208]

Parameters from current iteration:
                [0.17400064 0.70700163 0.17400113 0.707003   0.17400208 0.707003
 0.17400208]


                Percentage Error = 3.1406519417731937e-16
                
year done: 186
Time 187: 2
Optimization Iteration[1/20000]

Solving the optimization problem...
Set parameter TokenServer to value "licenses.rcc.uchicago.edu"
Read LP format model from file /scratch/local/jobs/50183984/tmpwp2v9b3g.pyomo.lp
Reading time = 1.33 seconds
x1: 258121 rows, 502401 columns, 1259970 nonzeros
Set parameter Threads to value 8
Set parameter BarConvTol to value 1e-12
Gurobi Optimizer version 11.0.0 build v11.0.0rc2 (linux64 - "CentOS Linux 8")

CPU model: Intel(R) Xeon(R) Gold 6248R CPU @ 3.00GHz, instruction set [SSE2|AVX|AVX2|AVX512]
Thread count: 48 physical cores, 48 logical processors, using up to 8 threads

Optimize a model with 258121 rows, 502401 columns and 1259970 nonzeros
Model fingerprint: 0x538c4e37
Model has 3166 quadratic objective terms
Coefficient statistics:
  Matrix range     [1e+00, 1e+03]
  Objective range  [5e-07, 7e+01]
  QObjective range [3e-01, 3e+03]
  Bounds range     [3e-04, 1e+00]
  RHS range        [6e-17, 6e+00]
Presolve removed 131482 rows and 128814 columns
Presolve time: 0.55s
Presolved: 126639 rows, 373587 columns, 743930 nonzeros
Presolved model has 3166 quadratic objective terms
Ordering time: 0.16s

Barrier statistics:
 AA' NZ     : 3.709e+05
 Factor NZ  : 4.212e+06 (roughly 240 MB of memory)
 Factor Ops : 3.974e+08 (less than 1 second per iteration)
 Threads    : 8

                  Objective                Residual
Iter       Primal          Dual         Primal    Dual     Compl     Time
   0  -1.08858984e+09  8.63519648e+08  7.80e+04 1.13e-13  1.00e+06     1s
   1  -6.35727304e+08  5.82241624e+08  1.87e+04 1.60e+02  2.62e+05     1s
   2  -3.24155004e+08  3.24098671e+08  2.36e+02 1.04e+00  4.64e+03     1s
   3  -7.58808412e+07  7.65393860e+07  1.95e+00 1.48e-12  3.30e+02     1s
   4  -1.46363886e+07  1.53249905e+07  1.70e-01 4.34e-12  6.19e+01     1s
   5  -2.69569146e+06  2.98245176e+06  1.33e-02 1.24e-12  1.15e+01     1s
   6  -3.92606334e+05  4.49318454e+05  1.33e-08 9.76e-13  1.69e+00     2s
   7  -5.87274401e+04  7.36725232e+04  1.69e-13 6.02e-13  2.66e-01     2s
   8  -8.85466356e+03  1.06079455e+04  7.87e-14 2.36e-13  3.92e-02     2s
   9  -1.41612836e+03  1.73857994e+03  2.33e-14 4.26e-14  6.35e-03     2s
  10  -2.31477629e+02  2.19501586e+02  7.07e-15 2.84e-14  9.07e-04     2s
  11  -5.13684979e+01  3.36448369e+01  3.48e-15 1.42e-14  1.71e-04     2s
  12  -8.58504318e+00  5.81323706e+00  1.03e-15 2.13e-14  2.90e-05     2s
  13  -1.10129669e+00  1.06498060e+00  3.86e-16 1.42e-14  4.36e-06     2s
  14  -2.53561448e-01  9.81095694e-01  3.61e-16 3.55e-14  2.48e-06     3s
  15   3.87172092e-01  6.81800634e-01  4.72e-17 1.42e-14  5.93e-07     3s
  16   5.10807738e-01  6.25382948e-01  1.25e-16 1.42e-14  2.31e-07     3s
  17   5.47679296e-01  6.11178974e-01  4.26e-17 2.13e-14  1.28e-07     3s
  18   5.75114442e-01  6.00881038e-01  5.90e-17 1.42e-14  5.18e-08     3s
  19   5.87510287e-01  5.96281047e-01  4.60e-17 2.84e-14  1.76e-08     3s
  20   5.91998151e-01  5.94694841e-01  8.46e-17 1.42e-14  5.43e-09     3s
  21   5.93086364e-01  5.94310711e-01  8.40e-17 1.42e-14  2.46e-09     3s
  22   5.93902144e-01  5.94023704e-01  1.07e-16 1.42e-14  2.45e-10     3s
  23   5.93982499e-01  5.93995434e-01  1.16e-16 1.42e-14  2.60e-11     3s
  24   5.93991924e-01  5.93992126e-01  1.49e-16 1.42e-14  4.06e-13     3s
  25   5.93992062e-01  5.93992077e-01  3.03e-15 2.84e-14  3.00e-14     3s
  26   5.93992069e-01  5.93992075e-01  5.94e-15 1.42e-14  1.12e-14     3s
  27   5.93992072e-01  5.93992074e-01  3.38e-15 1.42e-14  2.62e-15     4s
  28   5.93992073e-01  5.93992073e-01  4.77e-15 2.13e-14  6.68e-16     4s
  29   5.93992073e-01  5.93992073e-01  2.05e-15 1.42e-14  2.22e-16     4s
  30   5.93992073e-01  5.93992073e-01  1.91e-15 1.42e-14  2.14e-16     4s
  31   5.93992073e-01  5.93992073e-01  1.25e-15 1.42e-14  1.26e-16     4s
  32   5.93992073e-01  5.93992073e-01  6.74e-16 1.42e-14  7.34e-17     4s

Barrier solved model in 32 iterations and 4.00 seconds (3.76 work units)
Optimal objective 5.93992073e-01

objective value: 0.5939920732668664
Done! Time elapsed: 24.485796689987183 seconds.
g_0_1: 1.0000036695702845
g_1_1: 1.0000023087381489
g_1_2: 1.0000065086202152
g_2_1: 1.0000042363294366
g_2_2: 1.0000119427818772
g_2_3: 1.0000042363294368
g_2_4: 1.0000119427818528
Parameters from last iteration: [0.17400064 0.70700163 0.17400113 0.707003   0.17400208 0.707003
 0.17400208]

Parameters from current iteration:
                [0.17400064 0.70700163 0.17400113 0.707003   0.17400208 0.707003
 0.17400208]


                Percentage Error = 1.595142170400411e-16
                
year done: 187
Time 188: 2
Optimization Iteration[1/20000]

Solving the optimization problem...
Set parameter TokenServer to value "licenses.rcc.uchicago.edu"
Read LP format model from file /scratch/local/jobs/50183984/tmpsn0t40h_.pyomo.lp
Reading time = 1.32 seconds
x1: 258121 rows, 502401 columns, 1259970 nonzeros
Set parameter Threads to value 8
Set parameter BarConvTol to value 1e-12
Gurobi Optimizer version 11.0.0 build v11.0.0rc2 (linux64 - "CentOS Linux 8")

CPU model: Intel(R) Xeon(R) Gold 6248R CPU @ 3.00GHz, instruction set [SSE2|AVX|AVX2|AVX512]
Thread count: 48 physical cores, 48 logical processors, using up to 8 threads

Optimize a model with 258121 rows, 502401 columns and 1259970 nonzeros
Model fingerprint: 0xf1266e4b
Model has 3166 quadratic objective terms
Coefficient statistics:
  Matrix range     [1e+00, 1e+03]
  Objective range  [5e-07, 7e+01]
  QObjective range [3e-01, 3e+03]
  Bounds range     [3e-04, 1e+00]
  RHS range        [6e-17, 6e+00]
Presolve removed 131482 rows and 128814 columns
Presolve time: 0.54s
Presolved: 126639 rows, 373587 columns, 743930 nonzeros
Presolved model has 3166 quadratic objective terms
Ordering time: 0.16s

Barrier statistics:
 AA' NZ     : 3.709e+05
 Factor NZ  : 4.212e+06 (roughly 240 MB of memory)
 Factor Ops : 3.974e+08 (less than 1 second per iteration)
 Threads    : 8

                  Objective                Residual
Iter       Primal          Dual         Primal    Dual     Compl     Time
   0  -1.08858984e+09  8.63519648e+08  7.80e+04 1.13e-13  1.00e+06     1s
   1  -6.35727304e+08  5.82241624e+08  1.87e+04 1.60e+02  2.62e+05     1s
   2  -3.24155004e+08  3.24098671e+08  2.36e+02 1.04e+00  4.64e+03     1s
   3  -7.58808412e+07  7.65393860e+07  1.95e+00 1.66e-12  3.30e+02     1s
   4  -1.46363886e+07  1.53249905e+07  1.70e-01 3.85e-12  6.19e+01     1s
   5  -2.69569146e+06  2.98245176e+06  1.33e-02 1.39e-12  1.15e+01     1s
   6  -3.92606334e+05  4.49318454e+05  1.33e-08 1.61e-12  1.69e+00     2s
   7  -5.87274402e+04  7.36725231e+04  1.43e-13 9.07e-13  2.66e-01     2s
   8  -8.85466362e+03  1.06079454e+04  7.72e-14 2.23e-13  3.92e-02     2s
   9  -1.41612843e+03  1.73857988e+03  2.41e-14 4.21e-14  6.35e-03     2s
  10  -2.31477695e+02  2.19501520e+02  6.70e-15 1.73e-14  9.07e-04     2s
  11  -5.13685636e+01  3.36447712e+01  4.03e-15 2.84e-14  1.71e-04     2s
  12  -8.58510894e+00  5.81317131e+00  1.31e-15 1.42e-14  2.90e-05     2s
  13  -1.10136244e+00  1.06491484e+00  5.03e-16 1.42e-14  4.36e-06     2s
  14  -2.53627201e-01  9.81029941e-01  3.21e-16 3.55e-14  2.48e-06     2s
  15   3.87106339e-01  6.81734881e-01  6.45e-17 1.42e-14  5.93e-07     3s
  16   5.10741985e-01  6.25317196e-01  1.13e-16 1.42e-14  2.31e-07     3s
  17   5.47613543e-01  6.11113222e-01  4.84e-17 1.42e-14  1.28e-07     3s
  18   5.75048689e-01  6.00815286e-01  8.28e-17 1.42e-14  5.18e-08     3s
  19   5.87444534e-01  5.96215295e-01  4.42e-17 2.84e-14  1.76e-08     3s
  20   5.91932399e-01  5.94629088e-01  4.69e-17 1.42e-14  5.43e-09     3s
  21   5.93020611e-01  5.94244959e-01  3.52e-17 1.42e-14  2.46e-09     3s
  22   5.93836392e-01  5.93957952e-01  8.39e-17 1.42e-14  2.45e-10     3s
  23   5.93916747e-01  5.93929681e-01  8.56e-17 1.42e-14  2.60e-11     3s
  24   5.93926171e-01  5.93926373e-01  1.50e-16 2.84e-14  4.06e-13     3s
  25   5.93926310e-01  5.93926325e-01  2.30e-15 1.42e-14  2.99e-14     3s
  26   5.93926317e-01  5.93926322e-01  5.44e-15 1.42e-14  1.11e-14     3s
  27   5.93926320e-01  5.93926321e-01  4.69e-15 1.42e-14  2.62e-15     4s
  28   5.93926321e-01  5.93926321e-01  4.46e-15 1.42e-14  6.66e-16     4s
  29   5.93926321e-01  5.93926321e-01  2.11e-15 1.42e-14  2.21e-16     4s
  30   5.93926321e-01  5.93926321e-01  1.99e-15 1.42e-14  2.13e-16     4s
  31   5.93926321e-01  5.93926321e-01  1.12e-15 1.42e-14  1.25e-16     4s
  32   5.93926321e-01  5.93926321e-01  9.12e-16 1.42e-14  7.30e-17     4s

Barrier solved model in 32 iterations and 3.98 seconds (3.76 work units)
Optimal objective 5.93926321e-01

objective value: 0.5939263207815831
Done! Time elapsed: 24.49405264854431 seconds.
g_0_1: 1.0000036695702845
g_1_1: 1.0000023087381489
g_1_2: 1.0000065086202152
g_2_1: 1.0000042363294366
g_2_2: 1.0000119427818772
g_2_3: 1.0000042363294368
g_2_4: 1.000011942781853
Parameters from last iteration: [0.17400064 0.70700163 0.17400113 0.707003   0.17400208 0.707003
 0.17400208]

Parameters from current iteration:
                [0.17400064 0.70700163 0.17400113 0.707003   0.17400208 0.707003
 0.17400208]


                Percentage Error = 1.5951289736093597e-16
                
year done: 188
Time 189: 2
Optimization Iteration[1/20000]

Solving the optimization problem...
Set parameter TokenServer to value "licenses.rcc.uchicago.edu"
Read LP format model from file /scratch/local/jobs/50183984/tmp0t806swu.pyomo.lp
Reading time = 1.34 seconds
x1: 258121 rows, 502401 columns, 1259970 nonzeros
Set parameter Threads to value 8
Set parameter BarConvTol to value 1e-12
Gurobi Optimizer version 11.0.0 build v11.0.0rc2 (linux64 - "CentOS Linux 8")

CPU model: Intel(R) Xeon(R) Gold 6248R CPU @ 3.00GHz, instruction set [SSE2|AVX|AVX2|AVX512]
Thread count: 48 physical cores, 48 logical processors, using up to 8 threads

Optimize a model with 258121 rows, 502401 columns and 1259970 nonzeros
Model fingerprint: 0xe1c64ec5
Model has 3166 quadratic objective terms
Coefficient statistics:
  Matrix range     [1e+00, 1e+03]
  Objective range  [5e-07, 7e+01]
  QObjective range [3e-01, 3e+03]
  Bounds range     [3e-04, 1e+00]
  RHS range        [6e-17, 6e+00]
Presolve removed 131482 rows and 128814 columns
Presolve time: 0.55s
Presolved: 126639 rows, 373587 columns, 743930 nonzeros
Presolved model has 3166 quadratic objective terms
Ordering time: 0.16s

Barrier statistics:
 AA' NZ     : 3.709e+05
 Factor NZ  : 4.212e+06 (roughly 240 MB of memory)
 Factor Ops : 3.974e+08 (less than 1 second per iteration)
 Threads    : 8

                  Objective                Residual
Iter       Primal          Dual         Primal    Dual     Compl     Time
   0  -1.08858984e+09  8.63519648e+08  7.80e+04 1.13e-13  1.00e+06     1s
   1  -6.35727304e+08  5.82241624e+08  1.87e+04 1.60e+02  2.62e+05     1s
   2  -3.24155004e+08  3.24098671e+08  2.36e+02 1.04e+00  4.64e+03     1s
   3  -7.58808412e+07  7.65393860e+07  1.95e+00 1.41e-12  3.30e+02     1s
   4  -1.46363886e+07  1.53249905e+07  1.70e-01 3.11e-12  6.19e+01     1s
   5  -2.69569146e+06  2.98245176e+06  1.33e-02 1.25e-12  1.15e+01     1s
   6  -3.92606334e+05  4.49318454e+05  1.33e-08 9.71e-13  1.69e+00     2s
   7  -5.87274402e+04  7.36725231e+04  1.64e-13 7.25e-13  2.66e-01     2s
   8  -8.85466369e+03  1.06079453e+04  7.38e-14 2.07e-13  3.92e-02     2s
   9  -1.41612849e+03  1.73857982e+03  2.49e-14 4.26e-14  6.35e-03     2s
  10  -2.31477757e+02  2.19501457e+02  6.50e-15 2.84e-14  9.07e-04     2s
  11  -5.13686264e+01  3.36447084e+01  5.32e-15 2.13e-14  1.71e-04     2s
  12  -8.58517173e+00  5.81310852e+00  1.22e-15 1.42e-14  2.90e-05     2s
  13  -1.10142524e+00  1.06485205e+00  4.04e-16 2.84e-14  4.36e-06     2s
  14  -2.53689994e-01  9.80967148e-01  2.92e-16 4.26e-14  2.48e-06     3s
  15   3.87043546e-01  6.81672088e-01  5.85e-17 1.42e-14  5.93e-07     3s
  16   5.10679192e-01  6.25254403e-01  1.30e-16 1.42e-14  2.31e-07     3s
  17   5.47550750e-01  6.11050429e-01  4.62e-17 1.78e-14  1.28e-07     3s
  18   5.74985896e-01  6.00752492e-01  1.12e-16 1.42e-14  5.18e-08     3s
  19   5.87381741e-01  5.96152502e-01  4.30e-17 1.51e-14  1.76e-08     3s
  20   5.91869606e-01  5.94566295e-01  5.65e-17 1.69e-14  5.43e-09     3s
  21   5.92957818e-01  5.94182166e-01  6.89e-17 2.13e-14  2.46e-09     3s
  22   5.93773599e-01  5.93895159e-01  9.52e-17 1.42e-14  2.45e-10     3s
  23   5.93853954e-01  5.93866888e-01  1.09e-16 2.13e-14  2.60e-11     3s
  24   5.93863378e-01  5.93863580e-01  1.44e-16 1.42e-14  4.06e-13     3s
  25   5.93863517e-01  5.93863532e-01  2.59e-15 1.47e-14  2.97e-14     3s
  26   5.93863524e-01  5.93863529e-01  5.85e-15 1.42e-14  1.11e-14     3s
  27   5.93863527e-01  5.93863528e-01  3.83e-15 1.42e-14  2.61e-15     4s
  28   5.93863527e-01  5.93863528e-01  4.96e-15 1.42e-14  6.64e-16     4s
  29   5.93863528e-01  5.93863528e-01  2.29e-15 1.42e-14  2.20e-16     4s
  30   5.93863528e-01  5.93863528e-01  2.15e-15 1.42e-14  2.12e-16     4s
  31   5.93863528e-01  5.93863528e-01  1.20e-15 1.42e-14  1.25e-16     4s
  32   5.93863528e-01  5.93863528e-01  6.31e-16 1.42e-14  7.26e-17     4s

Barrier solved model in 32 iterations and 4.00 seconds (3.76 work units)
Optimal objective 5.93863528e-01

objective value: 0.5938635276456322
Done! Time elapsed: 24.573664665222168 seconds.
g_0_1: 1.0000036695702843
g_1_1: 1.0000023087381489
g_1_2: 1.0000065086202152
g_2_1: 1.0000042363294366
g_2_2: 1.000011942781877
g_2_3: 1.0000042363294368
g_2_4: 1.000011942781853
Parameters from last iteration: [0.17400064 0.70700163 0.17400113 0.707003   0.17400208 0.707003
 0.17400208]

Parameters from current iteration:
                [0.17400064 0.70700163 0.17400113 0.707003   0.17400208 0.707003
 0.17400208]


                Percentage Error = 3.1902579472186416e-16
                
year done: 189
Time 190: 2
Optimization Iteration[1/20000]

Solving the optimization problem...
Set parameter TokenServer to value "licenses.rcc.uchicago.edu"
Read LP format model from file /scratch/local/jobs/50183984/tmpj4a9a70d.pyomo.lp
Reading time = 1.34 seconds
x1: 258121 rows, 502401 columns, 1259970 nonzeros
Set parameter Threads to value 8
Set parameter BarConvTol to value 1e-12
Gurobi Optimizer version 11.0.0 build v11.0.0rc2 (linux64 - "CentOS Linux 8")

CPU model: Intel(R) Xeon(R) Gold 6248R CPU @ 3.00GHz, instruction set [SSE2|AVX|AVX2|AVX512]
Thread count: 48 physical cores, 48 logical processors, using up to 8 threads

Optimize a model with 258121 rows, 502401 columns and 1259970 nonzeros
Model fingerprint: 0x4fe83717
Model has 3166 quadratic objective terms
Coefficient statistics:
  Matrix range     [1e+00, 1e+03]
  Objective range  [5e-07, 7e+01]
  QObjective range [3e-01, 3e+03]
  Bounds range     [3e-04, 1e+00]
  RHS range        [6e-17, 6e+00]
Presolve removed 131482 rows and 128814 columns
Presolve time: 0.55s
Presolved: 126639 rows, 373587 columns, 743930 nonzeros
Presolved model has 3166 quadratic objective terms
Ordering time: 0.16s

Barrier statistics:
 AA' NZ     : 3.709e+05
 Factor NZ  : 4.212e+06 (roughly 240 MB of memory)
 Factor Ops : 3.974e+08 (less than 1 second per iteration)
 Threads    : 8

                  Objective                Residual
Iter       Primal          Dual         Primal    Dual     Compl     Time
   0  -1.08858984e+09  8.63519648e+08  7.80e+04 1.13e-13  1.00e+06     1s
   1  -6.35727304e+08  5.82241624e+08  1.87e+04 1.60e+02  2.62e+05     1s
   2  -3.24155004e+08  3.24098671e+08  2.36e+02 1.04e+00  4.64e+03     1s
   3  -7.58808412e+07  7.65393860e+07  1.95e+00 2.44e-12  3.30e+02     1s
   4  -1.46363886e+07  1.53249905e+07  1.70e-01 3.31e-12  6.19e+01     1s
   5  -2.69569146e+06  2.98245176e+06  1.33e-02 1.26e-12  1.15e+01     1s
   6  -3.92606334e+05  4.49318453e+05  1.33e-08 1.01e-12  1.69e+00     2s
   7  -5.87274403e+04  7.36725230e+04  1.81e-13 6.99e-13  2.66e-01     2s
   8  -8.85466375e+03  1.06079453e+04  6.45e-14 2.72e-13  3.92e-02     2s
   9  -1.41612855e+03  1.73857976e+03  2.35e-14 3.83e-14  6.35e-03     2s
  10  -2.31477817e+02  2.19501397e+02  7.27e-15 4.26e-14  9.07e-04     2s
  11  -5.13686864e+01  3.36446484e+01  3.45e-15 1.51e-14  1.71e-04     2s
  12  -8.58523170e+00  5.81304855e+00  9.16e-16 1.42e-14  2.90e-05     2s
  13  -1.10148520e+00  1.06479208e+00  4.19e-16 1.42e-14  4.36e-06     2s
  14  -2.53749961e-01  9.80907181e-01  2.98e-16 2.84e-14  2.48e-06     3s
  15   3.86983579e-01  6.81612121e-01  4.26e-17 1.42e-14  5.93e-07     3s
  16   5.10619225e-01  6.25194436e-01  1.12e-16 1.42e-14  2.31e-07     3s
  17   5.47490783e-01  6.10990462e-01  8.89e-17 1.42e-14  1.28e-07     3s
  18   5.74925929e-01  6.00692525e-01  1.19e-16 1.42e-14  5.18e-08     3s
  19   5.87321774e-01  5.96092535e-01  4.86e-17 1.42e-14  1.76e-08     3s
  20   5.91809639e-01  5.94506328e-01  5.73e-17 1.42e-14  5.43e-09     3s
  21   5.92897851e-01  5.94122199e-01  3.29e-17 1.42e-14  2.46e-09     3s
  22   5.93713632e-01  5.93835192e-01  1.05e-16 1.42e-14  2.45e-10     3s
  23   5.93793987e-01  5.93806921e-01  1.04e-16 1.42e-14  2.60e-11     3s
  24   5.93803411e-01  5.93803613e-01  1.89e-16 1.42e-14  4.06e-13     3s
  25   5.93803550e-01  5.93803565e-01  2.70e-15 1.69e-14  2.96e-14     3s
  26   5.93803557e-01  5.93803562e-01  6.90e-15 1.42e-14  1.10e-14     3s
  27   5.93803560e-01  5.93803561e-01  3.47e-15 1.42e-14  2.60e-15     4s
  28   5.93803560e-01  5.93803561e-01  4.43e-15 1.42e-14  6.63e-16     4s
  29   5.93803561e-01  5.93803561e-01  2.02e-15 2.13e-14  2.20e-16     4s
  30   5.93803561e-01  5.93803561e-01  1.86e-15 2.13e-14  2.11e-16     4s
  31   5.93803561e-01  5.93803561e-01  1.10e-15 1.42e-14  1.24e-16     4s
  32   5.93803561e-01  5.93803561e-01  6.57e-16 1.42e-14  7.23e-17     4s

Barrier solved model in 32 iterations and 4.02 seconds (3.76 work units)
Optimal objective 5.93803561e-01

objective value: 0.5938035606663512
Done! Time elapsed: 25.99230170249939 seconds.
g_0_1: 1.000003669570284
g_1_1: 1.0000023087381489
g_1_2: 1.000006508620215
g_2_1: 1.0000042363294366
g_2_2: 1.000011942781877
g_2_3: 1.0000042363294368
g_2_4: 1.0000119427818528
Parameters from last iteration: [0.17400064 0.70700163 0.17400113 0.707003   0.17400208 0.707003
 0.17400208]

Parameters from current iteration:
                [0.17400064 0.70700163 0.17400113 0.707003   0.17400208 0.707003
 0.17400208]


                Percentage Error = 3.1902752834832354e-16
                
year done: 190
Time 191: 2
Optimization Iteration[1/20000]

Solving the optimization problem...
Set parameter TokenServer to value "licenses.rcc.uchicago.edu"
Read LP format model from file /scratch/local/jobs/50183984/tmpnnw61dov.pyomo.lp
Reading time = 1.33 seconds
x1: 258121 rows, 502401 columns, 1259970 nonzeros
Set parameter Threads to value 8
Set parameter BarConvTol to value 1e-12
Gurobi Optimizer version 11.0.0 build v11.0.0rc2 (linux64 - "CentOS Linux 8")

CPU model: Intel(R) Xeon(R) Gold 6248R CPU @ 3.00GHz, instruction set [SSE2|AVX|AVX2|AVX512]
Thread count: 48 physical cores, 48 logical processors, using up to 8 threads

Optimize a model with 258121 rows, 502401 columns and 1259970 nonzeros
Model fingerprint: 0xf7b70648
Model has 3166 quadratic objective terms
Coefficient statistics:
  Matrix range     [1e+00, 1e+03]
  Objective range  [5e-07, 7e+01]
  QObjective range [3e-01, 3e+03]
  Bounds range     [3e-04, 1e+00]
  RHS range        [6e-17, 6e+00]
Presolve removed 131482 rows and 128814 columns
Presolve time: 0.54s
Presolved: 126639 rows, 373587 columns, 743930 nonzeros
Presolved model has 3166 quadratic objective terms
Ordering time: 0.16s

Barrier statistics:
 AA' NZ     : 3.709e+05
 Factor NZ  : 4.212e+06 (roughly 240 MB of memory)
 Factor Ops : 3.974e+08 (less than 1 second per iteration)
 Threads    : 8

                  Objective                Residual
Iter       Primal          Dual         Primal    Dual     Compl     Time
   0  -1.08858984e+09  8.63519648e+08  7.80e+04 1.13e-13  1.00e+06     1s
   1  -6.35727304e+08  5.82241624e+08  1.87e+04 1.60e+02  2.62e+05     1s
   2  -3.24155004e+08  3.24098671e+08  2.36e+02 1.04e+00  4.64e+03     1s
   3  -7.58808412e+07  7.65393860e+07  1.95e+00 2.05e-12  3.30e+02     1s
   4  -1.46363886e+07  1.53249905e+07  1.70e-01 5.39e-12  6.19e+01     1s
   5  -2.69569146e+06  2.98245176e+06  1.33e-02 1.47e-12  1.15e+01     1s
   6  -3.92606334e+05  4.49318453e+05  1.33e-08 9.92e-13  1.69e+00     2s
   7  -5.87274404e+04  7.36725229e+04  1.49e-13 7.52e-13  2.66e-01     2s
   8  -8.85466380e+03  1.06079452e+04  7.47e-14 2.26e-13  3.92e-02     2s
   9  -1.41612861e+03  1.73857970e+03  3.03e-14 4.26e-14  6.35e-03     2s
  10  -2.31477875e+02  2.19501340e+02  9.08e-15 2.84e-14  9.07e-04     2s
  11  -5.13687437e+01  3.36445911e+01  4.71e-15 2.84e-14  1.71e-04     2s
  12  -8.58528896e+00  5.81299128e+00  1.19e-15 2.13e-14  2.90e-05     2s
  13  -1.10154247e+00  1.06473482e+00  4.93e-16 1.42e-14  4.36e-06     2s
  14  -2.53807229e-01  9.80849913e-01  2.80e-16 2.84e-14  2.48e-06     2s
  15   3.86926311e-01  6.81554853e-01  6.41e-17 2.13e-14  5.93e-07     3s
  16   5.10561957e-01  6.25137168e-01  1.29e-16 1.42e-14  2.31e-07     3s
  17   5.47433515e-01  6.10933194e-01  8.92e-17 1.42e-14  1.28e-07     3s
  18   5.74868661e-01  6.00635257e-01  7.30e-17 1.42e-14  5.18e-08     3s
  19   5.87264506e-01  5.96035267e-01  8.83e-17 2.84e-14  1.76e-08     3s
  20   5.91752371e-01  5.94449060e-01  5.58e-17 1.42e-14  5.43e-09     3s
  21   5.92840583e-01  5.94064931e-01  3.74e-17 1.42e-14  2.46e-09     3s
  22   5.93656364e-01  5.93777924e-01  5.71e-17 2.13e-14  2.45e-10     3s
  23   5.93736719e-01  5.93749653e-01  8.10e-17 2.13e-14  2.60e-11     3s
  24   5.93746143e-01  5.93746345e-01  2.08e-16 1.42e-14  4.06e-13     3s
  25   5.93746282e-01  5.93746296e-01  2.50e-15 1.42e-14  2.95e-14     3s
  26   5.93746289e-01  5.93746294e-01  1.41e-14 1.42e-14  1.10e-14     3s
  27   5.93746292e-01  5.93746293e-01  5.85e-15 1.42e-14  2.59e-15     4s
  28   5.93746292e-01  5.93746293e-01  4.55e-15 1.42e-14  6.61e-16     4s
  29   5.93746293e-01  5.93746293e-01  1.99e-15 2.13e-14  2.19e-16     4s
  30   5.93746293e-01  5.93746293e-01  1.88e-15 2.13e-14  2.10e-16     4s
  31   5.93746293e-01  5.93746293e-01  1.07e-15 1.42e-14  1.24e-16     4s
  32   5.93746293e-01  5.93746293e-01  7.64e-16 1.42e-14  7.19e-17     4s

Barrier solved model in 32 iterations and 3.98 seconds (3.76 work units)
Optimal objective 5.93746293e-01

objective value: 0.5937462926457231
Done! Time elapsed: 24.04466962814331 seconds.
g_0_1: 1.000003669570284
g_1_1: 1.000002308738149
g_1_2: 1.0000065086202152
g_2_1: 1.0000042363294366
g_2_2: 1.000011942781877
g_2_3: 1.0000042363294368
g_2_4: 1.000011942781853
Parameters from last iteration: [0.17400064 0.70700163 0.17400113 0.707003   0.17400208 0.707003
 0.17400208]

Parameters from current iteration:
                [0.17400064 0.70700163 0.17400113 0.707003   0.17400208 0.707003
 0.17400208]


                Percentage Error = 3.1902752834832364e-16
                
year done: 191
Time 192: 2
Optimization Iteration[1/20000]

Solving the optimization problem...
Set parameter TokenServer to value "licenses.rcc.uchicago.edu"
Read LP format model from file /scratch/local/jobs/50183984/tmpa7k05erp.pyomo.lp
Reading time = 1.33 seconds
x1: 258121 rows, 502401 columns, 1259970 nonzeros
Set parameter Threads to value 8
Set parameter BarConvTol to value 1e-12
Gurobi Optimizer version 11.0.0 build v11.0.0rc2 (linux64 - "CentOS Linux 8")

CPU model: Intel(R) Xeon(R) Gold 6248R CPU @ 3.00GHz, instruction set [SSE2|AVX|AVX2|AVX512]
Thread count: 48 physical cores, 48 logical processors, using up to 8 threads

Optimize a model with 258121 rows, 502401 columns and 1259970 nonzeros
Model fingerprint: 0x60ad46c0
Model has 3166 quadratic objective terms
Coefficient statistics:
  Matrix range     [1e+00, 1e+03]
  Objective range  [5e-07, 7e+01]
  QObjective range [3e-01, 3e+03]
  Bounds range     [3e-04, 1e+00]
  RHS range        [6e-17, 6e+00]
Presolve removed 131482 rows and 128814 columns
Presolve time: 0.54s
Presolved: 126639 rows, 373587 columns, 743930 nonzeros
Presolved model has 3166 quadratic objective terms
Ordering time: 0.16s

Barrier statistics:
 AA' NZ     : 3.709e+05
 Factor NZ  : 4.212e+06 (roughly 240 MB of memory)
 Factor Ops : 3.974e+08 (less than 1 second per iteration)
 Threads    : 8

                  Objective                Residual
Iter       Primal          Dual         Primal    Dual     Compl     Time
   0  -1.08858984e+09  8.63519648e+08  7.80e+04 1.13e-13  1.00e+06     1s
   1  -6.35727304e+08  5.82241624e+08  1.87e+04 1.60e+02  2.62e+05     1s
   2  -3.24155004e+08  3.24098671e+08  2.36e+02 1.04e+00  4.64e+03     1s
   3  -7.58808412e+07  7.65393860e+07  1.95e+00 1.80e-12  3.30e+02     1s
   4  -1.46363886e+07  1.53249905e+07  1.70e-01 3.58e-12  6.19e+01     1s
   5  -2.69569146e+06  2.98245176e+06  1.33e-02 1.43e-12  1.15e+01     1s
   6  -3.92606334e+05  4.49318453e+05  1.33e-08 1.01e-12  1.69e+00     2s
   7  -5.87274404e+04  7.36725229e+04  1.48e-13 7.20e-13  2.66e-01     2s
   8  -8.85466386e+03  1.06079452e+04  5.74e-14 2.69e-13  3.92e-02     2s
   9  -1.41612866e+03  1.73857964e+03  1.86e-14 4.26e-14  6.35e-03     2s
  10  -2.31477929e+02  2.19501285e+02  8.81e-15 2.84e-14  9.07e-04     2s
  11  -5.13687983e+01  3.36445364e+01  4.85e-15 1.42e-14  1.71e-04     2s
  12  -8.58534366e+00  5.81293659e+00  1.11e-15 1.42e-14  2.90e-05     2s
  13  -1.10159716e+00  1.06468013e+00  4.92e-16 2.84e-14  4.36e-06     2s
  14  -2.53861919e-01  9.80795223e-01  2.96e-16 2.84e-14  2.48e-06     2s
  15   3.86871620e-01  6.81500162e-01  5.98e-17 2.13e-14  5.93e-07     3s
  16   5.10507267e-01  6.25082477e-01  1.05e-16 1.42e-14  2.31e-07     3s
  17   5.47378825e-01  6.10878503e-01  8.87e-17 1.42e-14  1.28e-07     3s
  18   5.74813971e-01  6.00580567e-01  1.43e-16 1.42e-14  5.18e-08     3s
  19   5.87209816e-01  5.95980576e-01  5.90e-17 2.13e-14  1.76e-08     3s
  20   5.91697680e-01  5.94394370e-01  8.18e-17 1.42e-14  5.43e-09     3s
  21   5.92785892e-01  5.94010240e-01  5.14e-17 1.42e-14  2.46e-09     3s
  22   5.93601673e-01  5.93723233e-01  1.26e-16 1.42e-14  2.45e-10     3s
  23   5.93682028e-01  5.93694962e-01  8.77e-17 1.42e-14  2.60e-11     3s
  24   5.93691453e-01  5.93691655e-01  1.33e-16 1.42e-14  4.06e-13     3s
  25   5.93691591e-01  5.93691606e-01  2.48e-15 2.84e-14  2.94e-14     3s
  26   5.93691598e-01  5.93691604e-01  6.04e-15 2.13e-14  1.10e-14     3s
  27   5.93691601e-01  5.93691602e-01  4.31e-15 1.42e-14  2.58e-15     4s
  28   5.93691602e-01  5.93691602e-01  4.98e-15 1.42e-14  6.59e-16     4s
  29   5.93691602e-01  5.93691602e-01  2.21e-15 1.42e-14  2.18e-16     4s
  30   5.93691602e-01  5.93691602e-01  2.06e-15 1.42e-14  2.10e-16     4s
  31   5.93691602e-01  5.93691602e-01  1.30e-15 1.42e-14  1.23e-16     4s
  32   5.93691602e-01  5.93691602e-01  7.27e-16 1.42e-14  7.16e-17     4s

Barrier solved model in 32 iterations and 3.99 seconds (3.76 work units)
Optimal objective 5.93691602e-01

objective value: 0.5936916021106162
Done! Time elapsed: 24.067102909088135 seconds.
g_0_1: 1.000003669570284
g_1_1: 1.0000023087381489
g_1_2: 1.0000065086202152
g_2_1: 1.0000042363294366
g_2_2: 1.0000119427818766
g_2_3: 1.0000042363294368
g_2_4: 1.000011942781853
Parameters from last iteration: [0.17400064 0.70700163 0.17400113 0.707003   0.17400208 0.707003
 0.17400208]

Parameters from current iteration:
                [0.17400064 0.70700163 0.17400113 0.707003   0.17400208 0.707003
 0.17400208]


                Percentage Error = 3.1902579472186426e-16
                
year done: 192
Time 193: 2
Optimization Iteration[1/20000]

Solving the optimization problem...
Set parameter TokenServer to value "licenses.rcc.uchicago.edu"
Read LP format model from file /scratch/local/jobs/50183984/tmpvfvqybg3.pyomo.lp
Reading time = 1.32 seconds
x1: 258121 rows, 502401 columns, 1259970 nonzeros
Set parameter Threads to value 8
Set parameter BarConvTol to value 1e-12
Gurobi Optimizer version 11.0.0 build v11.0.0rc2 (linux64 - "CentOS Linux 8")

CPU model: Intel(R) Xeon(R) Gold 6248R CPU @ 3.00GHz, instruction set [SSE2|AVX|AVX2|AVX512]
Thread count: 48 physical cores, 48 logical processors, using up to 8 threads

Optimize a model with 258121 rows, 502401 columns and 1259970 nonzeros
Model fingerprint: 0xf6919847
Model has 3166 quadratic objective terms
Coefficient statistics:
  Matrix range     [1e+00, 1e+03]
  Objective range  [5e-07, 7e+01]
  QObjective range [3e-01, 3e+03]
  Bounds range     [3e-04, 1e+00]
  RHS range        [6e-17, 6e+00]
Presolve removed 131482 rows and 128814 columns
Presolve time: 0.54s
Presolved: 126639 rows, 373587 columns, 743930 nonzeros
Presolved model has 3166 quadratic objective terms
Ordering time: 0.16s

Barrier statistics:
 AA' NZ     : 3.709e+05
 Factor NZ  : 4.212e+06 (roughly 240 MB of memory)
 Factor Ops : 3.974e+08 (less than 1 second per iteration)
 Threads    : 8

                  Objective                Residual
Iter       Primal          Dual         Primal    Dual     Compl     Time
   0  -1.08858984e+09  8.63519648e+08  7.80e+04 1.13e-13  1.00e+06     1s
   1  -6.35727304e+08  5.82241624e+08  1.87e+04 1.60e+02  2.62e+05     1s
   2  -3.24155004e+08  3.24098671e+08  2.36e+02 1.04e+00  4.64e+03     1s
   3  -7.58808412e+07  7.65393860e+07  1.95e+00 1.90e-12  3.30e+02     1s
   4  -1.46363886e+07  1.53249905e+07  1.70e-01 5.14e-12  6.19e+01     1s
   5  -2.69569146e+06  2.98245176e+06  1.33e-02 1.28e-12  1.15e+01     1s
   6  -3.92606334e+05  4.49318453e+05  1.33e-08 1.01e-12  1.69e+00     2s
   7  -5.87274405e+04  7.36725228e+04  1.82e-13 6.68e-13  2.66e-01     2s
   8  -8.85466391e+03  1.06079451e+04  7.02e-14 2.13e-13  3.92e-02     2s
   9  -1.41612872e+03  1.73857959e+03  1.97e-14 4.26e-14  6.35e-03     2s
  10  -2.31477982e+02  2.19501233e+02  1.17e-14 2.84e-14  9.07e-04     2s
  11  -5.13688506e+01  3.36444842e+01  2.33e-15 2.13e-14  1.71e-04     2s
  12  -8.58539588e+00  5.81288436e+00  9.74e-16 1.42e-14  2.90e-05     2s
  13  -1.10164939e+00  1.06462790e+00  3.53e-16 1.42e-14  4.36e-06     2s
  14  -2.53914148e-01  9.80742994e-01  3.23e-16 4.26e-14  2.48e-06     2s
  15   3.86819391e-01  6.81447933e-01  5.83e-17 1.42e-14  5.93e-07     3s
  16   5.10455038e-01  6.25030248e-01  5.59e-17 2.84e-14  2.31e-07     3s
  17   5.47326596e-01  6.10826274e-01  6.92e-17 2.84e-14  1.28e-07     3s
  18   5.74761742e-01  6.00528338e-01  7.27e-17 1.42e-14  5.18e-08     3s
  19   5.87157587e-01  5.95928347e-01  6.25e-17 1.42e-14  1.76e-08     3s
  20   5.91645451e-01  5.94342141e-01  3.97e-17 1.42e-14  5.43e-09     3s
  21   5.92733663e-01  5.93958011e-01  4.26e-17 2.84e-14  2.46e-09     3s
  22   5.93549444e-01  5.93671004e-01  1.35e-16 2.13e-14  2.45e-10     3s
  23   5.93629799e-01  5.93642733e-01  7.00e-17 2.84e-14  2.60e-11     3s
  24   5.93639224e-01  5.93639426e-01  1.60e-16 1.42e-14  4.06e-13     3s
  25   5.93639362e-01  5.93639377e-01  2.29e-15 1.42e-14  2.93e-14     3s
  26   5.93639369e-01  5.93639374e-01  6.62e-15 1.42e-14  1.09e-14     3s
  27   5.93639372e-01  5.93639373e-01  3.43e-15 1.42e-14  2.57e-15     4s
  28   5.93639373e-01  5.93639373e-01  4.84e-15 1.42e-14  6.57e-16     4s
  29   5.93639373e-01  5.93639373e-01  2.29e-15 1.42e-14  2.17e-16     4s
  30   5.93639373e-01  5.93639373e-01  2.13e-15 2.84e-14  2.09e-16     4s
  31   5.93639373e-01  5.93639373e-01  1.19e-15 2.13e-14  1.23e-16     4s
  32   5.93639373e-01  5.93639373e-01  7.22e-16 1.42e-14  7.12e-17     4s

Barrier solved model in 32 iterations and 3.99 seconds (3.76 work units)
Optimal objective 5.93639373e-01

objective value: 0.5936393730550725
Done! Time elapsed: 23.986002683639526 seconds.
g_0_1: 1.000003669570284
g_1_1: 1.0000023087381489
g_1_2: 1.000006508620215
g_2_1: 1.0000042363294368
g_2_2: 1.0000119427818766
g_2_3: 1.0000042363294368
g_2_4: 1.0000119427818528
Parameters from last iteration: [0.17400064 0.70700163 0.17400113 0.707003   0.17400208 0.707003
 0.17400208]

Parameters from current iteration:
                [0.17400064 0.70700163 0.17400113 0.707003   0.17400208 0.707003
 0.17400208]


                Percentage Error = 3.1902752834832354e-16
                
year done: 193
Time 194: 2
Optimization Iteration[1/20000]

Solving the optimization problem...
Set parameter TokenServer to value "licenses.rcc.uchicago.edu"
Read LP format model from file /scratch/local/jobs/50183984/tmpdu7qxrx6.pyomo.lp
Reading time = 1.33 seconds
x1: 258121 rows, 502401 columns, 1259970 nonzeros
Set parameter Threads to value 8
Set parameter BarConvTol to value 1e-12
Gurobi Optimizer version 11.0.0 build v11.0.0rc2 (linux64 - "CentOS Linux 8")

CPU model: Intel(R) Xeon(R) Gold 6248R CPU @ 3.00GHz, instruction set [SSE2|AVX|AVX2|AVX512]
Thread count: 48 physical cores, 48 logical processors, using up to 8 threads

Optimize a model with 258121 rows, 502401 columns and 1259970 nonzeros
Model fingerprint: 0x955eab5d
Model has 3166 quadratic objective terms
Coefficient statistics:
  Matrix range     [1e+00, 1e+03]
  Objective range  [5e-07, 7e+01]
  QObjective range [3e-01, 3e+03]
  Bounds range     [3e-04, 1e+00]
  RHS range        [6e-17, 6e+00]
Presolve removed 131482 rows and 128814 columns
Presolve time: 0.54s
Presolved: 126639 rows, 373587 columns, 743930 nonzeros
Presolved model has 3166 quadratic objective terms
Ordering time: 0.16s

Barrier statistics:
 AA' NZ     : 3.709e+05
 Factor NZ  : 4.212e+06 (roughly 240 MB of memory)
 Factor Ops : 3.974e+08 (less than 1 second per iteration)
 Threads    : 8

                  Objective                Residual
Iter       Primal          Dual         Primal    Dual     Compl     Time
   0  -1.08858984e+09  8.63519648e+08  7.80e+04 1.13e-13  1.00e+06     1s
   1  -6.35727304e+08  5.82241624e+08  1.87e+04 1.60e+02  2.62e+05     1s
   2  -3.24155004e+08  3.24098671e+08  2.36e+02 1.04e+00  4.64e+03     1s
   3  -7.58808412e+07  7.65393860e+07  1.95e+00 1.32e-12  3.30e+02     1s
   4  -1.46363886e+07  1.53249905e+07  1.70e-01 5.78e-12  6.19e+01     1s
   5  -2.69569146e+06  2.98245176e+06  1.33e-02 1.46e-12  1.15e+01     1s
   6  -3.92606334e+05  4.49318453e+05  1.33e-08 1.21e-12  1.69e+00     2s
   7  -5.87274405e+04  7.36725228e+04  1.63e-13 7.29e-13  2.66e-01     2s
   8  -8.85466396e+03  1.06079451e+04  6.69e-14 2.29e-13  3.92e-02     2s
   9  -1.41612877e+03  1.73857954e+03  1.96e-14 4.26e-14  6.35e-03     2s
  10  -2.31478031e+02  2.19501183e+02  1.16e-14 2.98e-14  9.07e-04     2s
  11  -5.13689004e+01  3.36444343e+01  4.35e-15 1.55e-14  1.71e-04     2s
  12  -8.58544576e+00  5.81283448e+00  1.21e-15 2.13e-14  2.90e-05     2s
  13  -1.10169927e+00  1.06457802e+00  4.58e-16 1.42e-14  4.36e-06     2s
  14  -2.53964027e-01  9.80693115e-01  3.19e-16 3.55e-14  2.48e-06     2s
  15   3.86769513e-01  6.81398055e-01  7.81e-17 2.84e-14  5.93e-07     3s
  16   5.10405159e-01  6.24980370e-01  5.67e-17 2.13e-14  2.31e-07     3s
  17   5.47276717e-01  6.10776396e-01  1.17e-16 1.42e-14  1.28e-07     3s
  18   5.74711863e-01  6.00478459e-01  1.20e-16 1.42e-14  5.18e-08     3s
  19   5.87107708e-01  5.95878469e-01  8.69e-17 1.47e-14  1.76e-08     3s
  20   5.91595573e-01  5.94292262e-01  8.77e-17 1.42e-14  5.43e-09     3s
  21   5.92683785e-01  5.93908133e-01  6.62e-17 1.42e-14  2.46e-09     3s
  22   5.93499566e-01  5.93621126e-01  1.05e-16 2.13e-14  2.45e-10     3s
  23   5.93579921e-01  5.93592855e-01  8.10e-17 2.84e-14  2.60e-11     3s
  24   5.93589345e-01  5.93589547e-01  1.60e-16 1.42e-14  4.06e-13     3s
  25   5.93589484e-01  5.93589499e-01  2.89e-15 1.42e-14  2.92e-14     3s
  26   5.93589491e-01  5.93589496e-01  5.42e-15 1.42e-14  1.09e-14     3s
  27   5.93589494e-01  5.93589495e-01  4.03e-15 1.42e-14  2.57e-15     4s
  28   5.93589494e-01  5.93589495e-01  4.16e-15 2.13e-14  6.55e-16     4s
  29   5.93589495e-01  5.93589495e-01  2.76e-15 1.42e-14  2.16e-16     4s
  30   5.93589495e-01  5.93589495e-01  2.52e-15 1.42e-14  2.08e-16     4s
  31   5.93589495e-01  5.93589495e-01  1.03e-15 2.13e-14  1.22e-16     4s
  32   5.93589495e-01  5.93589495e-01  7.34e-16 1.42e-14  7.08e-17     4s

Barrier solved model in 32 iterations and 3.99 seconds (3.76 work units)
Optimal objective 5.93589495e-01

objective value: 0.5935894946942691
Done! Time elapsed: 25.673863172531128 seconds.
g_0_1: 1.0000036695702843
g_1_1: 1.0000023087381489
g_1_2: 1.000006508620215
g_2_1: 1.0000042363294366
g_2_2: 1.0000119427818766
g_2_3: 1.0000042363294368
g_2_4: 1.0000119427818528
Parameters from last iteration: [0.17400064 0.70700163 0.17400113 0.707003   0.17400208 0.707003
 0.17400208]

Parameters from current iteration:
                [0.17400064 0.70700163 0.17400113 0.707003   0.17400208 0.707003
 0.17400208]


                Percentage Error = 3.140645887905517e-16
                
year done: 194
Time 195: 2
Optimization Iteration[1/20000]

Solving the optimization problem...
Set parameter TokenServer to value "licenses.rcc.uchicago.edu"
Read LP format model from file /scratch/local/jobs/50183984/tmppifkmy0l.pyomo.lp
Reading time = 1.34 seconds
x1: 258121 rows, 502401 columns, 1259970 nonzeros
Set parameter Threads to value 8
Set parameter BarConvTol to value 1e-12
Gurobi Optimizer version 11.0.0 build v11.0.0rc2 (linux64 - "CentOS Linux 8")

CPU model: Intel(R) Xeon(R) Gold 6248R CPU @ 3.00GHz, instruction set [SSE2|AVX|AVX2|AVX512]
Thread count: 48 physical cores, 48 logical processors, using up to 8 threads

Optimize a model with 258121 rows, 502401 columns and 1259970 nonzeros
Model fingerprint: 0x40de696c
Model has 3166 quadratic objective terms
Coefficient statistics:
  Matrix range     [1e+00, 1e+03]
  Objective range  [5e-07, 7e+01]
  QObjective range [3e-01, 3e+03]
  Bounds range     [3e-04, 1e+00]
  RHS range        [6e-17, 6e+00]
Presolve removed 131482 rows and 128814 columns
Presolve time: 0.55s
Presolved: 126639 rows, 373587 columns, 743930 nonzeros
Presolved model has 3166 quadratic objective terms
Ordering time: 0.16s

Barrier statistics:
 AA' NZ     : 3.709e+05
 Factor NZ  : 4.212e+06 (roughly 240 MB of memory)
 Factor Ops : 3.974e+08 (less than 1 second per iteration)
 Threads    : 8

                  Objective                Residual
Iter       Primal          Dual         Primal    Dual     Compl     Time
   0  -1.08858984e+09  8.63519648e+08  7.80e+04 1.13e-13  1.00e+06     1s
   1  -6.35727304e+08  5.82241624e+08  1.87e+04 1.60e+02  2.62e+05     1s
   2  -3.24155004e+08  3.24098671e+08  2.36e+02 1.04e+00  4.64e+03     1s
   3  -7.58808412e+07  7.65393860e+07  1.95e+00 1.47e-12  3.30e+02     1s
   4  -1.46363886e+07  1.53249905e+07  1.70e-01 4.99e-12  6.19e+01     1s
   5  -2.69569146e+06  2.98245176e+06  1.33e-02 1.31e-12  1.15e+01     1s
   6  -3.92606334e+05  4.49318453e+05  1.33e-08 1.17e-12  1.69e+00     2s
   7  -5.87274406e+04  7.36725227e+04  1.75e-13 6.31e-13  2.66e-01     2s
   8  -8.85466401e+03  1.06079450e+04  7.71e-14 2.17e-13  3.92e-02     2s
   9  -1.41612881e+03  1.73857949e+03  2.15e-14 3.51e-14  6.35e-03     2s
  10  -2.31478079e+02  2.19501136e+02  6.77e-15 2.84e-14  9.07e-04     2s
  11  -5.13689481e+01  3.36443867e+01  4.62e-15 1.42e-14  1.71e-04     2s
  12  -8.58549340e+00  5.81278685e+00  1.12e-15 1.42e-14  2.90e-05     2s
  13  -1.10174690e+00  1.06453038e+00  4.22e-16 1.42e-14  4.36e-06     2s
  14  -2.54011660e-01  9.80645482e-01  2.72e-16 2.84e-14  2.48e-06     3s
  15   3.86721880e-01  6.81350422e-01  4.66e-17 1.42e-14  5.93e-07     3s
  16   5.10357526e-01  6.24932736e-01  7.14e-17 1.78e-14  2.31e-07     3s
  17   5.47229084e-01  6.10728762e-01  5.12e-17 1.42e-14  1.28e-07     3s
  18   5.74664230e-01  6.00430826e-01  4.62e-17 1.42e-14  5.18e-08     3s
  19   5.87060075e-01  5.95830835e-01  4.17e-17 1.42e-14  1.76e-08     3s
  20   5.91547939e-01  5.94244629e-01  7.48e-17 1.42e-14  5.43e-09     3s
  21   5.92636152e-01  5.93860499e-01  3.64e-17 1.42e-14  2.46e-09     3s
  22   5.93451932e-01  5.93573492e-01  4.30e-17 1.42e-14  2.45e-10     3s
  23   5.93532287e-01  5.93545221e-01  1.31e-16 2.84e-14  2.60e-11     3s
  24   5.93541712e-01  5.93541914e-01  1.90e-16 2.13e-14  4.06e-13     3s
  25   5.93541851e-01  5.93541865e-01  2.35e-15 1.42e-14  2.91e-14     3s
  26   5.93541857e-01  5.93541863e-01  7.03e-15 2.84e-14  1.09e-14     3s
  27   5.93541860e-01  5.93541862e-01  4.25e-15 1.42e-14  2.56e-15     4s
  28   5.93541861e-01  5.93541861e-01  5.52e-15 1.42e-14  6.53e-16     4s
  29   5.93541861e-01  5.93541861e-01  2.17e-15 1.42e-14  2.15e-16     4s
  30   5.93541861e-01  5.93541861e-01  2.03e-15 1.42e-14  2.07e-16     4s
  31   5.93541861e-01  5.93541861e-01  1.09e-15 1.69e-14  1.22e-16     4s
  32   5.93541861e-01  5.93541861e-01  7.81e-16 1.42e-14  7.05e-17     4s

Barrier solved model in 32 iterations and 4.00 seconds (3.76 work units)
Optimal objective 5.93541861e-01

objective value: 0.5935418612294997
Done! Time elapsed: 24.212217569351196 seconds.
g_0_1: 1.000003669570284
g_1_1: 1.0000023087381489
g_1_2: 1.000006508620215
g_2_1: 1.0000042363294366
g_2_2: 1.0000119427818763
g_2_3: 1.000004236329437
g_2_4: 1.0000119427818528
Parameters from last iteration: [0.17400064 0.70700163 0.17400113 0.707003   0.17400208 0.707003
 0.17400208]

Parameters from current iteration:
                [0.17400064 0.70700163 0.17400113 0.707003   0.17400208 0.707003
 0.17400208]


                Percentage Error = 3.1902579472186436e-16
                
year done: 195
Time 196: 2
Optimization Iteration[1/20000]

Solving the optimization problem...
Set parameter TokenServer to value "licenses.rcc.uchicago.edu"
Read LP format model from file /scratch/local/jobs/50183984/tmpwp8emesb.pyomo.lp
Reading time = 1.34 seconds
x1: 258121 rows, 502401 columns, 1259970 nonzeros
Set parameter Threads to value 8
Set parameter BarConvTol to value 1e-12
Gurobi Optimizer version 11.0.0 build v11.0.0rc2 (linux64 - "CentOS Linux 8")

CPU model: Intel(R) Xeon(R) Gold 6248R CPU @ 3.00GHz, instruction set [SSE2|AVX|AVX2|AVX512]
Thread count: 48 physical cores, 48 logical processors, using up to 8 threads

Optimize a model with 258121 rows, 502401 columns and 1259970 nonzeros
Model fingerprint: 0x0d4cbf2e
Model has 3166 quadratic objective terms
Coefficient statistics:
  Matrix range     [1e+00, 1e+03]
  Objective range  [5e-07, 7e+01]
  QObjective range [3e-01, 3e+03]
  Bounds range     [3e-04, 1e+00]
  RHS range        [6e-17, 6e+00]
Presolve removed 131482 rows and 128814 columns
Presolve time: 0.54s
Presolved: 126639 rows, 373587 columns, 743930 nonzeros
Presolved model has 3166 quadratic objective terms
Ordering time: 0.15s

Barrier statistics:
 AA' NZ     : 3.709e+05
 Factor NZ  : 4.212e+06 (roughly 240 MB of memory)
 Factor Ops : 3.974e+08 (less than 1 second per iteration)
 Threads    : 8

                  Objective                Residual
Iter       Primal          Dual         Primal    Dual     Compl     Time
   0  -1.08858984e+09  8.63519648e+08  7.80e+04 1.13e-13  1.00e+06     1s
   1  -6.35727304e+08  5.82241624e+08  1.87e+04 1.60e+02  2.62e+05     1s
   2  -3.24155004e+08  3.24098671e+08  2.36e+02 1.04e+00  4.64e+03     1s
   3  -7.58808412e+07  7.65393860e+07  1.95e+00 1.68e-12  3.30e+02     1s
   4  -1.46363886e+07  1.53249905e+07  1.70e-01 4.98e-12  6.19e+01     1s
   5  -2.69569146e+06  2.98245176e+06  1.33e-02 1.33e-12  1.15e+01     1s
   6  -3.92606334e+05  4.49318453e+05  1.33e-08 9.18e-13  1.69e+00     2s
   7  -5.87274406e+04  7.36725227e+04  1.98e-13 6.60e-13  2.66e-01     2s
   8  -8.85466405e+03  1.06079450e+04  7.18e-14 2.94e-13  3.92e-02     2s
   9  -1.41612886e+03  1.73857945e+03  2.40e-14 3.73e-14  6.35e-03     2s
  10  -2.31478125e+02  2.19501090e+02  9.96e-15 2.84e-14  9.07e-04     2s
  11  -5.13689936e+01  3.36443412e+01  4.84e-15 1.42e-14  1.71e-04     2s
  12  -8.58553889e+00  5.81274136e+00  1.32e-15 2.13e-14  2.90e-05     2s
  13  -1.10179239e+00  1.06448490e+00  5.72e-16 1.42e-14  4.36e-06     2s
  14  -2.54057150e-01  9.80599992e-01  3.28e-16 3.55e-14  2.48e-06     3s
  15   3.86676390e-01  6.81304932e-01  6.51e-17 1.42e-14  5.93e-07     3s
  16   5.10312036e-01  6.24887247e-01  6.58e-17 2.84e-14  2.31e-07     3s
  17   5.47183594e-01  6.10683273e-01  4.73e-17 1.42e-14  1.28e-07     3s
  18   5.74618740e-01  6.00385336e-01  4.56e-17 2.84e-14  5.18e-08     3s
  19   5.87014585e-01  5.95785346e-01  4.94e-17 1.42e-14  1.76e-08     3s
  20   5.91502450e-01  5.94199139e-01  8.31e-17 1.42e-14  5.43e-09     3s
  21   5.92590662e-01  5.93815010e-01  4.32e-17 1.42e-14  2.46e-09     3s
  22   5.93406443e-01  5.93528003e-01  1.13e-16 1.42e-14  2.45e-10     3s
  23   5.93486798e-01  5.93499732e-01  1.24e-16 1.42e-14  2.60e-11     3s
  24   5.93496222e-01  5.93496424e-01  1.43e-16 1.42e-14  4.06e-13     3s
  25   5.93496361e-01  5.93496375e-01  2.03e-15 1.42e-14  2.90e-14     3s
  26   5.93496368e-01  5.93496373e-01  6.49e-15 2.84e-14  1.08e-14     3s
  27   5.93496371e-01  5.93496372e-01  3.76e-15 1.42e-14  2.55e-15     4s
  28   5.93496371e-01  5.93496372e-01  4.27e-15 1.42e-14  6.51e-16     4s
  29   5.93496372e-01  5.93496372e-01  2.19e-15 1.42e-14  2.14e-16     4s
  30   5.93496372e-01  5.93496372e-01  2.02e-15 1.42e-14  2.06e-16     4s
  31   5.93496372e-01  5.93496372e-01  1.28e-15 1.42e-14  1.21e-16     4s
  32   5.93496372e-01  5.93496372e-01  7.65e-16 1.42e-14  7.01e-17     4s

Barrier solved model in 32 iterations and 4.00 seconds (3.76 work units)
Optimal objective 5.93496372e-01

objective value: 0.5934963716237869
Done! Time elapsed: 23.98200035095215 seconds.
g_0_1: 1.0000036695702839
g_1_1: 1.000002308738149
g_1_2: 1.000006508620215
g_2_1: 1.0000042363294366
g_2_2: 1.0000119427818763
g_2_3: 1.0000042363294368
g_2_4: 1.0000119427818528
Parameters from last iteration: [0.17400064 0.70700163 0.17400113 0.707003   0.17400208 0.707003
 0.17400208]

Parameters from current iteration:
                [0.17400064 0.70700163 0.17400113 0.707003   0.17400208 0.707003
 0.17400208]


                Percentage Error = 3.1902843408008225e-16
                
year done: 196
Time 197: 2
Optimization Iteration[1/20000]

Solving the optimization problem...
Set parameter TokenServer to value "licenses.rcc.uchicago.edu"
Read LP format model from file /scratch/local/jobs/50183984/tmpi_1qneua.pyomo.lp
Reading time = 1.33 seconds
x1: 258121 rows, 502401 columns, 1259970 nonzeros
Set parameter Threads to value 8
Set parameter BarConvTol to value 1e-12
Gurobi Optimizer version 11.0.0 build v11.0.0rc2 (linux64 - "CentOS Linux 8")

CPU model: Intel(R) Xeon(R) Gold 6248R CPU @ 3.00GHz, instruction set [SSE2|AVX|AVX2|AVX512]
Thread count: 48 physical cores, 48 logical processors, using up to 8 threads

Optimize a model with 258121 rows, 502401 columns and 1259970 nonzeros
Model fingerprint: 0x3a81f244
Model has 3166 quadratic objective terms
Coefficient statistics:
  Matrix range     [1e+00, 1e+03]
  Objective range  [5e-07, 7e+01]
  QObjective range [3e-01, 3e+03]
  Bounds range     [3e-04, 1e+00]
  RHS range        [6e-17, 6e+00]
Presolve removed 131482 rows and 128814 columns
Presolve time: 0.54s
Presolved: 126639 rows, 373587 columns, 743930 nonzeros
Presolved model has 3166 quadratic objective terms
Ordering time: 0.16s

Barrier statistics:
 AA' NZ     : 3.709e+05
 Factor NZ  : 4.212e+06 (roughly 240 MB of memory)
 Factor Ops : 3.974e+08 (less than 1 second per iteration)
 Threads    : 8

                  Objective                Residual
Iter       Primal          Dual         Primal    Dual     Compl     Time
   0  -1.08858984e+09  8.63519648e+08  7.80e+04 1.13e-13  1.00e+06     1s
   1  -6.35727304e+08  5.82241624e+08  1.87e+04 1.60e+02  2.62e+05     1s
   2  -3.24155004e+08  3.24098671e+08  2.36e+02 1.04e+00  4.64e+03     1s
   3  -7.58808412e+07  7.65393860e+07  1.95e+00 1.45e-12  3.30e+02     1s
   4  -1.46363886e+07  1.53249905e+07  1.70e-01 4.87e-12  6.19e+01     1s
   5  -2.69569146e+06  2.98245176e+06  1.33e-02 1.36e-12  1.15e+01     1s
   6  -3.92606334e+05  4.49318453e+05  1.33e-08 2.07e-12  1.69e+00     2s
   7  -5.87274407e+04  7.36725226e+04  1.59e-13 8.13e-13  2.66e-01     2s
   8  -8.85466410e+03  1.06079449e+04  4.65e-14 2.48e-13  3.92e-02     2s
   9  -1.41612890e+03  1.73857941e+03  2.36e-14 4.06e-14  6.35e-03     2s
  10  -2.31478168e+02  2.19501047e+02  8.80e-15 2.44e-14  9.07e-04     2s
  11  -5.13690370e+01  3.36442978e+01  3.75e-15 2.84e-14  1.71e-04     2s
  12  -8.58558233e+00  5.81269792e+00  1.05e-15 1.42e-14  2.90e-05     2s
  13  -1.10183584e+00  1.06444145e+00  3.78e-16 1.42e-14  4.36e-06     2s
  14  -2.54100592e-01  9.80556550e-01  2.49e-16 3.55e-14  2.48e-06     3s
  15   3.86632948e-01  6.81261490e-01  5.72e-17 1.42e-14  5.93e-07     3s
  16   5.10268594e-01  6.24843804e-01  7.78e-17 1.42e-14  2.31e-07     3s
  17   5.47140152e-01  6.10639830e-01  1.49e-16 1.69e-14  1.28e-07     3s
  18   5.74575298e-01  6.00341894e-01  1.67e-16 2.84e-14  5.18e-08     3s
  19   5.86971143e-01  5.95741904e-01  9.55e-17 1.42e-14  1.76e-08     3s
  20   5.91459007e-01  5.94155697e-01  8.57e-17 1.42e-14  5.43e-09     3s
  21   5.92547220e-01  5.93771568e-01  4.74e-17 2.13e-14  2.46e-09     3s
  22   5.93363000e-01  5.93484561e-01  5.04e-17 1.42e-14  2.45e-10     3s
  23   5.93443355e-01  5.93456290e-01  9.90e-17 2.84e-14  2.60e-11     3s
  24   5.93452780e-01  5.93452982e-01  1.85e-16 1.42e-14  4.06e-13     3s
  25   5.93452919e-01  5.93452933e-01  2.19e-15 1.42e-14  2.88e-14     3s
  26   5.93452925e-01  5.93452931e-01  8.99e-15 1.42e-14  1.08e-14     3s
  27   5.93452928e-01  5.93452930e-01  4.24e-15 1.42e-14  2.54e-15     4s
  28   5.93452929e-01  5.93452929e-01  4.54e-15 1.42e-14  6.49e-16     4s
  29   5.93452929e-01  5.93452929e-01  2.27e-15 1.42e-14  2.13e-16     4s
  30   5.93452929e-01  5.93452929e-01  2.09e-15 1.42e-14  2.05e-16     4s
  31   5.93452929e-01  5.93452929e-01  1.03e-15 1.42e-14  1.20e-16     4s
  32   5.93452929e-01  5.93452929e-01  9.04e-16 1.42e-14  6.98e-17     4s

Barrier solved model in 32 iterations and 3.99 seconds (3.76 work units)
Optimal objective 5.93452929e-01

objective value: 0.5934529293876192
Done! Time elapsed: 24.044533252716064 seconds.
g_0_1: 1.000003669570284
g_1_1: 1.0000023087381489
g_1_2: 1.0000065086202152
g_2_1: 1.0000042363294366
g_2_2: 1.0000119427818759
g_2_3: 1.0000042363294368
g_2_4: 1.000011942781853
Parameters from last iteration: [0.17400064 0.70700163 0.17400113 0.707003   0.17400208 0.707003
 0.17400208]

Parameters from current iteration:
                [0.17400064 0.70700163 0.17400113 0.707003   0.17400208 0.707003
 0.17400208]


                Percentage Error = 4.785386920827967e-16
                
year done: 197
Time 198: 2
Optimization Iteration[1/20000]

Solving the optimization problem...
Set parameter TokenServer to value "licenses.rcc.uchicago.edu"
Read LP format model from file /scratch/local/jobs/50183984/tmpovm53e3j.pyomo.lp
Reading time = 1.33 seconds
x1: 258121 rows, 502401 columns, 1259970 nonzeros
Set parameter Threads to value 8
Set parameter BarConvTol to value 1e-12
Gurobi Optimizer version 11.0.0 build v11.0.0rc2 (linux64 - "CentOS Linux 8")

CPU model: Intel(R) Xeon(R) Gold 6248R CPU @ 3.00GHz, instruction set [SSE2|AVX|AVX2|AVX512]
Thread count: 48 physical cores, 48 logical processors, using up to 8 threads

Optimize a model with 258121 rows, 502401 columns and 1259970 nonzeros
Model fingerprint: 0xc042cccb
Model has 3166 quadratic objective terms
Coefficient statistics:
  Matrix range     [1e+00, 1e+03]
  Objective range  [5e-07, 7e+01]
  QObjective range [3e-01, 3e+03]
  Bounds range     [3e-04, 1e+00]
  RHS range        [6e-17, 6e+00]
Presolve removed 131482 rows and 128814 columns
Presolve time: 0.54s
Presolved: 126639 rows, 373587 columns, 743930 nonzeros
Presolved model has 3166 quadratic objective terms
Ordering time: 0.16s

Barrier statistics:
 AA' NZ     : 3.709e+05
 Factor NZ  : 4.212e+06 (roughly 240 MB of memory)
 Factor Ops : 3.974e+08 (less than 1 second per iteration)
 Threads    : 8

                  Objective                Residual
Iter       Primal          Dual         Primal    Dual     Compl     Time
   0  -1.08858984e+09  8.63519648e+08  7.80e+04 1.13e-13  1.00e+06     1s
   1  -6.35727304e+08  5.82241624e+08  1.87e+04 1.60e+02  2.62e+05     1s
   2  -3.24155004e+08  3.24098671e+08  2.36e+02 1.04e+00  4.64e+03     1s
   3  -7.58808412e+07  7.65393860e+07  1.95e+00 2.23e-12  3.30e+02     1s
   4  -1.46363886e+07  1.53249905e+07  1.70e-01 4.77e-12  6.19e+01     1s
   5  -2.69569146e+06  2.98245176e+06  1.33e-02 1.34e-12  1.15e+01     1s
   6  -3.92606334e+05  4.49318453e+05  1.33e-08 9.69e-13  1.69e+00     2s
   7  -5.87274407e+04  7.36725226e+04  1.45e-13 5.89e-13  2.66e-01     2s
   8  -8.85466414e+03  1.06079449e+04  6.58e-14 2.26e-13  3.92e-02     2s
   9  -1.41612894e+03  1.73857936e+03  2.26e-14 4.26e-14  6.35e-03     2s
  10  -2.31478209e+02  2.19501005e+02  9.26e-15 2.84e-14  9.07e-04     2s
  11  -5.13690785e+01  3.36442563e+01  3.85e-15 2.84e-14  1.71e-04     2s
  12  -8.58562382e+00  5.81265643e+00  1.32e-15 2.13e-14  2.90e-05     2s
  13  -1.10187732e+00  1.06439997e+00  4.19e-16 1.42e-14  4.36e-06     2s
  14  -2.54142079e-01  9.80515063e-01  2.72e-16 2.84e-14  2.48e-06     3s
  15   3.86591461e-01  6.81220003e-01  8.17e-17 1.42e-14  5.93e-07     3s
  16   5.10227107e-01  6.24802317e-01  1.27e-16 1.42e-14  2.31e-07     3s
  17   5.47098665e-01  6.10598343e-01  1.10e-16 1.42e-14  1.28e-07     3s
  18   5.74533811e-01  6.00300407e-01  6.82e-17 2.84e-14  5.18e-08     3s
  19   5.86929656e-01  5.95700417e-01  4.67e-17 1.42e-14  1.76e-08     3s
  20   5.91417520e-01  5.94114210e-01  9.09e-17 1.42e-14  5.43e-09     3s
  21   5.92505733e-01  5.93730081e-01  4.33e-17 1.42e-14  2.46e-09     3s
  22   5.93321513e-01  5.93443073e-01  8.89e-17 1.42e-14  2.45e-10     3s
  23   5.93401868e-01  5.93414803e-01  8.09e-17 1.42e-14  2.60e-11     3s
  24   5.93411293e-01  5.93411495e-01  1.48e-16 2.13e-14  4.06e-13     3s
  25   5.93411432e-01  5.93411446e-01  2.18e-15 2.84e-14  2.87e-14     3s
  26   5.93411438e-01  5.93411444e-01  5.59e-15 1.42e-14  1.08e-14     3s
  27   5.93411441e-01  5.93411443e-01  3.92e-15 1.42e-14  2.53e-15     4s
  28   5.93411442e-01  5.93411442e-01  4.74e-15 1.42e-14  6.46e-16     4s
  29   5.93411442e-01  5.93411442e-01  2.23e-15 1.42e-14  2.12e-16     4s
  30   5.93411442e-01  5.93411442e-01  2.11e-15 1.42e-14  2.04e-16     4s
  31   5.93411442e-01  5.93411442e-01  1.11e-15 1.42e-14  1.20e-16     4s
  32   5.93411442e-01  5.93411442e-01  7.28e-16 1.42e-14  6.94e-17     4s

Barrier solved model in 32 iterations and 3.99 seconds (3.76 work units)
Optimal objective 5.93411442e-01

objective value: 0.5934114423741652
Done! Time elapsed: 23.99259662628174 seconds.
g_0_1: 1.000003669570284
g_1_1: 1.000002308738149
g_1_2: 1.000006508620215
g_2_1: 1.0000042363294366
g_2_2: 1.0000119427818759
g_2_3: 1.0000042363294368
g_2_4: 1.0000119427818528
Parameters from last iteration: [0.17400064 0.70700163 0.17400113 0.707003   0.17400208 0.707003
 0.17400208]

Parameters from current iteration:
                [0.17400064 0.70700163 0.17400113 0.707003   0.17400208 0.707003
 0.17400208]


                Percentage Error = 3.1902752834832354e-16
                
year done: 198
Time 199: 2
Optimization Iteration[1/20000]

Solving the optimization problem...
Set parameter TokenServer to value "licenses.rcc.uchicago.edu"
Read LP format model from file /scratch/local/jobs/50183984/tmpxbkkp87r.pyomo.lp
Reading time = 1.33 seconds
x1: 258121 rows, 502401 columns, 1259970 nonzeros
Set parameter Threads to value 8
Set parameter BarConvTol to value 1e-12
Gurobi Optimizer version 11.0.0 build v11.0.0rc2 (linux64 - "CentOS Linux 8")

CPU model: Intel(R) Xeon(R) Gold 6248R CPU @ 3.00GHz, instruction set [SSE2|AVX|AVX2|AVX512]
Thread count: 48 physical cores, 48 logical processors, using up to 8 threads

Optimize a model with 258121 rows, 502401 columns and 1259970 nonzeros
Model fingerprint: 0xe5c0f9fc
Model has 3166 quadratic objective terms
Coefficient statistics:
  Matrix range     [1e+00, 1e+03]
  Objective range  [5e-07, 7e+01]
  QObjective range [3e-01, 3e+03]
  Bounds range     [3e-04, 1e+00]
  RHS range        [6e-17, 6e+00]
Presolve removed 131482 rows and 128814 columns
Presolve time: 0.55s
Presolved: 126639 rows, 373587 columns, 743930 nonzeros
Presolved model has 3166 quadratic objective terms
Ordering time: 0.16s

Barrier statistics:
 AA' NZ     : 3.709e+05
 Factor NZ  : 4.212e+06 (roughly 240 MB of memory)
 Factor Ops : 3.974e+08 (less than 1 second per iteration)
 Threads    : 8

                  Objective                Residual
Iter       Primal          Dual         Primal    Dual     Compl     Time
   0  -1.08858984e+09  8.63519648e+08  7.80e+04 1.13e-13  1.00e+06     1s
   1  -6.35727304e+08  5.82241624e+08  1.87e+04 1.60e+02  2.62e+05     1s
   2  -3.24155004e+08  3.24098671e+08  2.36e+02 1.04e+00  4.64e+03     1s
   3  -7.58808412e+07  7.65393860e+07  1.95e+00 1.43e-12  3.30e+02     1s
   4  -1.46363886e+07  1.53249905e+07  1.70e-01 5.28e-12  6.19e+01     1s
   5  -2.69569146e+06  2.98245176e+06  1.33e-02 1.31e-12  1.15e+01     1s
   6  -3.92606334e+05  4.49318453e+05  1.33e-08 1.11e-12  1.69e+00     2s
   7  -5.87274407e+04  7.36725226e+04  1.52e-13 6.10e-13  2.66e-01     2s
   8  -8.85466418e+03  1.06079448e+04  7.56e-14 2.26e-13  3.92e-02     2s
   9  -1.41612898e+03  1.73857932e+03  1.92e-14 4.68e-14  6.35e-03     2s
  10  -2.31478249e+02  2.19500966e+02  1.07e-14 2.13e-14  9.07e-04     2s
  11  -5.13691181e+01  3.36442167e+01  4.06e-15 2.84e-14  1.71e-04     2s
  12  -8.58566343e+00  5.81261681e+00  1.28e-15 2.84e-14  2.90e-05     2s
  13  -1.10191694e+00  1.06436035e+00  4.68e-16 2.13e-14  4.36e-06     2s
  14  -2.54181699e-01  9.80475443e-01  3.01e-16 3.55e-14  2.48e-06     3s
  15   3.86551841e-01  6.81180383e-01  5.44e-17 1.42e-14  5.93e-07     3s
  16   5.10187487e-01  6.24762698e-01  1.01e-16 1.42e-14  2.31e-07     3s
  17   5.47059045e-01  6.10558724e-01  5.07e-17 2.13e-14  1.28e-07     3s
  18   5.74494191e-01  6.00260787e-01  1.10e-16 1.42e-14  5.18e-08     3s
  19   5.86890036e-01  5.95660797e-01  4.09e-17 1.42e-14  1.76e-08     3s
  20   5.91377901e-01  5.94074590e-01  4.54e-17 1.42e-14  5.43e-09     3s
  21   5.92466113e-01  5.93690461e-01  3.23e-17 1.42e-14  2.46e-09     3s
  22   5.93281893e-01  5.93403454e-01  7.16e-17 1.42e-14  2.45e-10     3s
  23   5.93362249e-01  5.93375183e-01  9.59e-17 2.13e-14  2.60e-11     3s
  24   5.93371673e-01  5.93371875e-01  1.89e-16 1.42e-14  4.06e-13     3s
  25   5.93371812e-01  5.93371826e-01  3.08e-15 1.42e-14  2.86e-14     3s
  26   5.93371819e-01  5.93371824e-01  6.39e-15 1.42e-14  1.07e-14     4s
  27   5.93371822e-01  5.93371823e-01  4.07e-15 1.42e-14  2.52e-15     4s
  28   5.93371822e-01  5.93371823e-01  4.61e-15 1.42e-14  6.44e-16     4s
  29   5.93371823e-01  5.93371823e-01  2.54e-15 1.42e-14  2.11e-16     4s
  30   5.93371823e-01  5.93371823e-01  2.41e-15 1.78e-14  2.03e-16     4s
  31   5.93371823e-01  5.93371823e-01  1.25e-15 1.42e-14  1.19e-16     4s
  32   5.93371823e-01  5.93371823e-01  7.01e-16 1.42e-14  6.90e-17     4s

Barrier solved model in 32 iterations and 4.03 seconds (3.76 work units)
Optimal objective 5.93371823e-01

objective value: 0.5933718225838971
Done! Time elapsed: 25.510723114013672 seconds.
g_0_1: 1.0000036695702839
g_1_1: 1.0000023087381489
g_1_2: 1.000006508620215
g_2_1: 1.0000042363294368
g_2_2: 1.0000119427818759
g_2_3: 1.000004236329437
g_2_4: 1.0000119427818528
Parameters from last iteration: [0.17400064 0.70700163 0.17400113 0.707003   0.17400208 0.707003
 0.17400208]

Parameters from current iteration:
                [0.17400064 0.70700163 0.17400113 0.707003   0.17400208 0.707003
 0.17400208]


                Percentage Error = 3.1902843408008225e-16
                
year done: 199
Time 200: 2
Optimization Iteration[1/20000]

Solving the optimization problem...
Set parameter TokenServer to value "licenses.rcc.uchicago.edu"
Read LP format model from file /scratch/local/jobs/50183984/tmp_jxiwgkv.pyomo.lp
Reading time = 1.34 seconds
x1: 258121 rows, 502401 columns, 1259970 nonzeros
Set parameter Threads to value 8
Set parameter BarConvTol to value 1e-12
Gurobi Optimizer version 11.0.0 build v11.0.0rc2 (linux64 - "CentOS Linux 8")

CPU model: Intel(R) Xeon(R) Gold 6248R CPU @ 3.00GHz, instruction set [SSE2|AVX|AVX2|AVX512]
Thread count: 48 physical cores, 48 logical processors, using up to 8 threads

Optimize a model with 258121 rows, 502401 columns and 1259970 nonzeros
Model fingerprint: 0xbb6cda26
Model has 3166 quadratic objective terms
Coefficient statistics:
  Matrix range     [1e+00, 1e+03]
  Objective range  [5e-07, 7e+01]
  QObjective range [3e-01, 3e+03]
  Bounds range     [3e-04, 1e+00]
  RHS range        [6e-17, 6e+00]
Presolve removed 131482 rows and 128814 columns
Presolve time: 0.56s
Presolved: 126639 rows, 373587 columns, 743930 nonzeros
Presolved model has 3166 quadratic objective terms
Ordering time: 0.16s

Barrier statistics:
 AA' NZ     : 3.709e+05
 Factor NZ  : 4.212e+06 (roughly 240 MB of memory)
 Factor Ops : 3.974e+08 (less than 1 second per iteration)
 Threads    : 8

                  Objective                Residual
Iter       Primal          Dual         Primal    Dual     Compl     Time
   0  -1.08858984e+09  8.63519648e+08  7.80e+04 1.13e-13  1.00e+06     1s
   1  -6.35727304e+08  5.82241624e+08  1.87e+04 1.60e+02  2.62e+05     1s
   2  -3.24155004e+08  3.24098671e+08  2.36e+02 1.04e+00  4.64e+03     1s
   3  -7.58808412e+07  7.65393860e+07  1.95e+00 1.88e-12  3.30e+02     1s
   4  -1.46363886e+07  1.53249905e+07  1.70e-01 4.60e-12  6.19e+01     1s
   5  -2.69569146e+06  2.98245176e+06  1.33e-02 1.09e-12  1.15e+01     1s
   6  -3.92606334e+05  4.49318453e+05  1.33e-08 1.25e-12  1.69e+00     2s
   7  -5.87274408e+04  7.36725225e+04  1.58e-13 6.97e-13  2.66e-01     2s
   8  -8.85466422e+03  1.06079448e+04  6.06e-14 2.65e-13  3.92e-02     2s
   9  -1.41612902e+03  1.73857929e+03  2.02e-14 5.68e-14  6.35e-03     2s
  10  -2.31478287e+02  2.19500928e+02  1.07e-14 4.26e-14  9.07e-04     2s
  11  -5.13691560e+01  3.36441788e+01  3.93e-15 1.42e-14  1.71e-04     2s
  12  -8.58570127e+00  5.81257897e+00  1.31e-15 2.84e-14  2.90e-05     2s
  13  -1.10195478e+00  1.06432251e+00  4.44e-16 1.42e-14  4.36e-06     2s
  14  -2.54219536e-01  9.80437607e-01  4.01e-16 2.84e-14  2.48e-06     3s
  15   3.86514004e-01  6.81142546e-01  5.75e-17 1.42e-14  5.93e-07     3s
  16   5.10149651e-01  6.24724861e-01  1.20e-16 1.42e-14  2.31e-07     3s
  17   5.47021209e-01  6.10520887e-01  5.06e-17 1.42e-14  1.28e-07     3s
  18   5.74456354e-01  6.00222951e-01  7.69e-17 1.42e-14  5.18e-08     3s
  19   5.86852200e-01  5.95622960e-01  7.58e-17 1.42e-14  1.76e-08     3s
  20   5.91340064e-01  5.94036754e-01  8.07e-17 2.84e-14  5.43e-09     3s
  21   5.92428276e-01  5.93652624e-01  3.53e-17 1.42e-14  2.46e-09     3s
  22   5.93244057e-01  5.93365617e-01  5.30e-17 1.42e-14  2.45e-10     3s
  23   5.93324412e-01  5.93337346e-01  9.66e-17 1.42e-14  2.60e-11     3s
  24   5.93333837e-01  5.93334039e-01  1.51e-16 1.42e-14  4.06e-13     3s
  25   5.93333976e-01  5.93333990e-01  2.58e-15 1.42e-14  2.85e-14     3s
  26   5.93333982e-01  5.93333987e-01  5.87e-15 1.42e-14  1.07e-14     4s
  27   5.93333985e-01  5.93333986e-01  3.59e-15 1.47e-14  2.51e-15     4s
  28   5.93333986e-01  5.93333986e-01  4.18e-15 1.42e-14  6.42e-16     4s
  29   5.93333986e-01  5.93333986e-01  2.55e-15 1.42e-14  2.10e-16     4s
  30   5.93333986e-01  5.93333986e-01  2.42e-15 2.84e-14  2.03e-16     4s
  31   5.93333986e-01  5.93333986e-01  1.37e-15 1.42e-14  1.19e-16     4s
  32   5.93333986e-01  5.93333986e-01  7.79e-16 1.42e-14  6.87e-17     4s

Barrier solved model in 32 iterations and 4.03 seconds (3.76 work units)
Optimal objective 5.93333986e-01

objective value: 0.5933339859779495
Done! Time elapsed: 24.13981318473816 seconds.
g_0_1: 1.0000036695702839
g_1_1: 1.000002308738149
g_1_2: 1.0000065086202148
g_2_1: 1.0000042363294366
g_2_2: 1.0000119427818757
g_2_3: 1.000004236329437
g_2_4: 1.0000119427818528
Parameters from last iteration: [0.17400064 0.70700163 0.17400113 0.707003   0.17400208 0.707003
 0.17400208]

Parameters from current iteration:
                [0.17400064 0.70700163 0.17400113 0.707003   0.17400208 0.707003
 0.17400208]


                Percentage Error = 3.140645887905517e-16
                
year done: 200
Results for pe =  16.9
all done
MPC-HMC child ends Wed May 27 17:53:10 2026
MPC-HMC child elapsed time: 0 days 03 hr 16 min 05 sec

Program ends Wed May 27 17:53:10 CDT 2026
Exit code: 0
Elapsed time: 11769 seconds
