Command: /project/lhansen/HMC_rep26_robust_mac/amazon-carbon-prices/.venv/bin/python pysrc/scripts/run_mpc_hmc_job.py --id 998 --xi 10000 --b 20 --trig 0 --type unconstrained
Working directory: /project/lhansen/HMC_rep26_robust_mac/amazon-carbon-prices
Program starts Wed May 27 14:37:02 CDT 2026

Running MPC-HMC job: xi=10000 pe=26.9 id=998 trig=0 type=unconstrained
MPC-HMC command: /project/lhansen/HMC_rep26_robust_mac/amazon-carbon-prices/.venv/bin/python -u pysrc/mpc/mpc_hmc.py --id 998 --pe 26.9 --xi 10000 --trig 0 --type unconstrained
MPC-HMC child starts Wed May 27 14:37:05 2026
unconstrained price used
Time 1: 2
Optimization Iteration[1/20000]

Solving the optimization problem...
Set parameter TokenServer to value "licenses.rcc.uchicago.edu"
Read LP format model from file /scratch/local/jobs/50183986/tmpn2_hxgb6.pyomo.lp
Reading time = 1.63 seconds
x1: 258121 rows, 502401 columns, 1259970 nonzeros
Set parameter Threads to value 8
Set parameter BarConvTol to value 1e-12
Gurobi Optimizer version 11.0.0 build v11.0.0rc2 (linux64 - "CentOS Linux 8")

CPU model: Intel(R) Xeon(R) Gold 6248R CPU @ 3.00GHz, instruction set [SSE2|AVX|AVX2|AVX512]
Thread count: 48 physical cores, 48 logical processors, using up to 8 threads

Optimize a model with 258121 rows, 502401 columns and 1259970 nonzeros
Model fingerprint: 0x9887b885
Model has 3166 quadratic objective terms
Coefficient statistics:
  Matrix range     [1e+00, 1e+03]
  Objective range  [1e-06, 1e+02]
  QObjective range [3e-01, 3e+03]
  Bounds range     [3e-04, 1e+00]
  RHS range        [6e-07, 5e+00]
Presolve removed 131481 rows and 128813 columns
Presolve time: 0.65s
Presolved: 126640 rows, 373588 columns, 743932 nonzeros
Presolved model has 3166 quadratic objective terms
Ordering time: 0.16s

Barrier statistics:
 AA' NZ     : 3.709e+05
 Factor NZ  : 3.905e+06 (roughly 230 MB of memory)
 Factor Ops : 2.623e+08 (less than 1 second per iteration)
 Threads    : 8

                  Objective                Residual
Iter       Primal          Dual         Primal    Dual     Compl     Time
   0  -1.22466069e+09  8.63517677e+08  7.80e+04 1.14e-13  1.00e+06     1s
   1  -5.85742854e+08  5.07977194e+08  1.69e+04 1.44e+02  2.23e+05     1s
   2  -2.82434212e+08  2.81995491e+08  2.13e+02 8.69e-01  3.96e+03     1s
   3  -6.55955116e+07  6.61909165e+07  1.78e+00 1.47e-12  2.85e+02     1s
   4  -1.26006532e+07  1.32276913e+07  1.55e-01 3.22e-12  5.34e+01     2s
   5  -2.29165867e+06  2.53676449e+06  1.14e-02 1.54e-12  9.76e+00     2s
   6  -3.34709714e+05  3.83288320e+05  1.14e-08 7.88e-13  1.44e+00     2s
   7  -5.03218570e+04  6.25353630e+04  1.43e-13 5.72e-13  2.27e-01     2s
   8  -7.68106787e+03  8.97782553e+03  3.65e-14 1.78e-13  3.35e-02     2s
   9  -1.33860157e+03  1.49645935e+03  1.66e-14 2.84e-14  5.70e-03     2s
  10  -2.52924507e+02  3.19384319e+02  1.01e-14 2.84e-14  1.15e-03     2s
  11  -7.54143897e+01  9.86144779e+01  3.44e-15 2.84e-14  3.50e-04     2s
  12  -2.49389723e+01  4.07233942e+01  1.07e-15 2.84e-14  1.32e-04     2s
  13  -1.25691515e+01  2.69180308e+01  6.32e-16 2.84e-14  7.94e-05     3s
  14  -6.60337480e+00  2.19192713e+01  4.14e-16 2.84e-14  5.74e-05     3s
  15   1.17023554e+00  1.45263838e+01  2.13e-16 2.84e-14  2.69e-05     3s
  16   3.48870543e+00  1.24108511e+01  1.52e-16 2.84e-14  1.79e-05     3s
  17   5.33128247e+00  1.10104991e+01  1.14e-16 2.84e-14  1.14e-05     3s
  18   6.77864800e+00  9.90042255e+00  1.01e-16 2.84e-14  6.28e-06     3s
  19   7.38077748e+00  9.52912576e+00  5.07e-17 2.84e-14  4.32e-06     3s
  20   7.67187404e+00  9.36063982e+00  9.89e-17 2.84e-14  3.40e-06     3s
  21   7.92018829e+00  9.22214990e+00  7.37e-17 2.13e-14  2.62e-06     3s
  22   8.18042118e+00  9.09223044e+00  8.54e-17 2.84e-14  1.83e-06     3s
  23   8.38374357e+00  8.99473447e+00  1.67e-16 2.84e-14  1.23e-06     3s
  24   8.58734542e+00  8.89955758e+00  1.35e-16 4.26e-14  6.28e-07     3s
  25   8.70721783e+00  8.84824368e+00  2.93e-16 2.84e-14  2.84e-07     4s
  26   8.74937921e+00  8.83150228e+00  1.78e-16 2.84e-14  1.65e-07     4s
  27   8.78096454e+00  8.81955885e+00  2.98e-16 2.84e-14  7.76e-08     4s
  28   8.80026360e+00  8.81249098e+00  7.25e-16 2.84e-14  2.46e-08     4s
  29   8.80409873e+00  8.81113078e+00  1.34e-15 2.84e-14  1.41e-08     4s
  30   8.80681834e+00  8.81017275e+00  5.60e-16 2.84e-14  6.75e-09     4s
  31   8.80893039e+00  8.80943590e+00  1.23e-15 2.84e-14  1.02e-09     4s
  32   8.80928072e+00  8.80931391e+00  2.65e-15 7.11e-14  6.68e-11     4s
  33   8.80930523e+00  8.80930539e+00  2.23e-15 4.26e-14  3.19e-13     4s
  34   8.80930535e+00  8.80930535e+00  9.94e-16 2.84e-14  3.41e-16     4s
  35   8.80930535e+00  8.80930535e+00  2.23e-14 2.84e-14  3.47e-19     4s

Barrier solved model in 35 iterations and 4.47 seconds (3.77 work units)
Optimal objective 8.80930535e+00

objective value: 8.809305347011549
Done! Time elapsed: 26.76704478263855 seconds.
g_0_1: 1.0000024892603216
g_1_1: 1.00000095372173
g_1_2: 1.0000027059762155
g_2_1: 1.0000012095886488
g_2_2: 1.000003441534008
g_2_3: 1.0000012181164655
g_2_4: 1.0000034652528746
Parameters from last iteration: [0.174 0.707 0.174 0.707 0.174 0.707 0.174]

Parameters from current iteration:
                [0.17400043 0.70700067 0.17400047 0.70700086 0.1740006  0.70700086
 0.1740006 ]


                Percentage Error = 3.4652528747161266e-06
                
year done: 1
Time 2: 2
Optimization Iteration[1/20000]

Solving the optimization problem...
Set parameter TokenServer to value "licenses.rcc.uchicago.edu"
Read LP format model from file /scratch/local/jobs/50183986/tmp2_7hgcwp.pyomo.lp
Reading time = 1.37 seconds
x1: 258121 rows, 502401 columns, 1259970 nonzeros
Set parameter Threads to value 8
Set parameter BarConvTol to value 1e-12
Gurobi Optimizer version 11.0.0 build v11.0.0rc2 (linux64 - "CentOS Linux 8")

CPU model: Intel(R) Xeon(R) Gold 6248R CPU @ 3.00GHz, instruction set [SSE2|AVX|AVX2|AVX512]
Thread count: 48 physical cores, 48 logical processors, using up to 8 threads

Optimize a model with 258121 rows, 502401 columns and 1259970 nonzeros
Model fingerprint: 0x1599f8a0
Model has 3166 quadratic objective terms
Coefficient statistics:
  Matrix range     [1e+00, 1e+03]
  Objective range  [1e-06, 1e+02]
  QObjective range [3e-01, 3e+03]
  Bounds range     [3e-04, 1e+00]
  RHS range        [4e-18, 5e+00]
Presolve removed 131481 rows and 128813 columns
Presolve time: 0.62s
Presolved: 126640 rows, 373588 columns, 743932 nonzeros
Presolved model has 3166 quadratic objective terms
Ordering time: 0.16s

Barrier statistics:
 AA' NZ     : 3.709e+05
 Factor NZ  : 3.905e+06 (roughly 230 MB of memory)
 Factor Ops : 2.623e+08 (less than 1 second per iteration)
 Threads    : 8

                  Objective                Residual
Iter       Primal          Dual         Primal    Dual     Compl     Time
   0  -1.22466183e+09  8.63518817e+08  7.80e+04 1.14e-13  1.00e+06     1s
   1  -5.85742332e+08  5.07976853e+08  1.69e+04 1.44e+02  2.23e+05     1s
   2  -2.82433378e+08  2.81994589e+08  2.13e+02 8.69e-01  3.96e+03     1s
   3  -6.55929187e+07  6.61883111e+07  1.78e+00 1.45e-12  2.85e+02     1s
   4  -1.25947431e+07  1.32215591e+07  1.54e-01 3.96e-12  5.33e+01     2s
   5  -2.29071335e+06  2.53559168e+06  1.14e-02 1.30e-12  9.76e+00     2s
   6  -3.34729795e+05  3.84013898e+05  1.14e-08 1.02e-12  1.45e+00     2s
   7  -5.03586707e+04  6.27281872e+04  1.29e-13 8.18e-13  2.28e-01     2s
   8  -7.69382435e+03  9.01818482e+03  4.29e-14 1.88e-13  3.36e-02     2s
   9  -1.26251303e+03  1.48754893e+03  1.45e-14 4.26e-14  5.53e-03     2s
  10  -2.29234010e+02  2.44643245e+02  7.22e-15 2.84e-14  9.53e-04     2s
  11  -6.50334686e+01  8.27362390e+01  2.74e-15 2.84e-14  2.97e-04     2s
  12  -2.34376979e+01  4.10195826e+01  1.01e-15 4.26e-14  1.30e-04     2s
  13  -8.55334824e+00  2.32558458e+01  4.32e-16 2.84e-14  6.40e-05     2s
  14  -5.26726372e-01  1.54951003e+01  2.26e-16 2.84e-14  3.22e-05     3s
  15   3.05044469e+00  1.30196855e+01  1.72e-16 2.84e-14  2.01e-05     3s
  16   4.73826331e+00  1.17827501e+01  1.10e-16 2.84e-14  1.42e-05     3s
  17   6.72753897e+00  1.03417613e+01  8.91e-17 2.84e-14  7.27e-06     3s
  18   7.95045770e+00  9.59681067e+00  4.37e-16 2.84e-14  3.31e-06     3s
  19   8.54020045e+00  9.30617402e+00  4.02e-16 5.68e-14  1.54e-06     3s
  20   8.67577573e+00  9.24636516e+00  8.40e-16 2.84e-14  1.15e-06     3s
  21   8.91415038e+00  9.14888261e+00  2.75e-16 2.84e-14  4.72e-07     3s
  22   8.99999776e+00  9.11378026e+00  1.53e-16 2.84e-14  2.29e-07     3s
  23   9.04292704e+00  9.09754514e+00  2.19e-16 1.42e-14  1.10e-07     3s
  24   9.06637099e+00  9.08891001e+00  1.36e-15 2.84e-14  4.53e-08     3s
  25   9.07677497e+00  9.08514992e+00  1.17e-15 2.84e-14  1.68e-08     3s
  26   9.08148749e+00  9.08350543e+00  1.00e-15 2.84e-14  4.06e-09     4s
  27   9.08290030e+00  9.08301324e+00  2.64e-15 5.68e-14  2.27e-10     4s
  28   9.08298234e+00  9.08298475e+00  3.16e-15 2.84e-14  4.85e-12     4s
  29   9.08298412e+00  9.08298413e+00  2.21e-14 4.26e-14  5.32e-15     4s
  30   9.08298413e+00  9.08298413e+00  2.39e-13 2.84e-14  3.11e-16     4s
  31   9.08298413e+00  9.08298413e+00  4.39e-13 2.84e-14  8.70e-17     4s

Barrier solved model in 31 iterations and 3.98 seconds (3.41 work units)
Optimal objective 9.08298413e+00

objective value: 9.082984126406828
Done! Time elapsed: 24.37754201889038 seconds.
g_0_1: 1.00000205524579
g_1_1: 1.0000007797481036
g_1_2: 1.0000022095003602
g_2_1: 1.0000009609084886
g_2_2: 1.0000027422362698
g_2_3: 1.0000009681461948
g_2_4: 1.0000027603675419
Parameters from last iteration: [0.17400043 0.70700067 0.17400047 0.70700086 0.1740006  0.70700086
 0.1740006 ]

Parameters from current iteration:
                [0.17400036 0.70700055 0.17400038 0.70700068 0.17400048 0.70700068
 0.17400048]


                Percentage Error = 7.048828902958995e-07
                
year done: 2
Time 3: 2
Optimization Iteration[1/20000]

Solving the optimization problem...
Set parameter TokenServer to value "licenses.rcc.uchicago.edu"
Read LP format model from file /scratch/local/jobs/50183986/tmp666jcn9l.pyomo.lp
Reading time = 1.34 seconds
x1: 258121 rows, 502401 columns, 1259970 nonzeros
Set parameter Threads to value 8
Set parameter BarConvTol to value 1e-12
Gurobi Optimizer version 11.0.0 build v11.0.0rc2 (linux64 - "CentOS Linux 8")

CPU model: Intel(R) Xeon(R) Gold 6248R CPU @ 3.00GHz, instruction set [SSE2|AVX|AVX2|AVX512]
Thread count: 48 physical cores, 48 logical processors, using up to 8 threads

Optimize a model with 258121 rows, 502401 columns and 1259970 nonzeros
Model fingerprint: 0x31f672ba
Model has 3166 quadratic objective terms
Coefficient statistics:
  Matrix range     [1e+00, 1e+03]
  Objective range  [1e-06, 1e+02]
  QObjective range [3e-01, 3e+03]
  Bounds range     [3e-04, 1e+00]
  RHS range        [6e-18, 5e+00]
Presolve removed 131481 rows and 128813 columns
Presolve time: 0.58s
Presolved: 126640 rows, 373588 columns, 743932 nonzeros
Presolved model has 3166 quadratic objective terms
Ordering time: 0.16s

Barrier statistics:
 AA' NZ     : 3.709e+05
 Factor NZ  : 3.905e+06 (roughly 230 MB of memory)
 Factor Ops : 2.623e+08 (less than 1 second per iteration)
 Threads    : 8

                  Objective                Residual
Iter       Primal          Dual         Primal    Dual     Compl     Time
   0  -1.22466154e+09  8.63518524e+08  7.80e+04 1.14e-13  1.00e+06     1s
   1  -5.85742419e+08  5.07976809e+08  1.69e+04 1.44e+02  2.23e+05     1s
   2  -2.82433554e+08  2.81994705e+08  2.13e+02 8.69e-01  3.96e+03     1s
   3  -6.55909690e+07  6.61863511e+07  1.78e+00 1.62e-12  2.85e+02     1s
   4  -1.25898622e+07  1.32164930e+07  1.54e-01 3.64e-12  5.33e+01     1s
   5  -2.28993479e+06  2.53462431e+06  1.14e-02 1.23e-12  9.76e+00     2s
   6  -3.34637572e+05  3.83993176e+05  1.14e-08 8.01e-13  1.45e+00     2s
   7  -5.03659490e+04  6.28269471e+04  1.44e-13 6.28e-13  2.28e-01     2s
   8  -7.69704016e+03  9.02560579e+03  5.69e-14 1.78e-13  3.36e-02     2s
   9  -1.26384901e+03  1.48983081e+03  1.70e-14 4.17e-14  5.54e-03     2s
  10  -2.64701459e+02  2.19229594e+02  7.07e-15 2.84e-14  9.74e-04     2s
  11  -7.58486281e+01  9.78180268e+01  2.36e-15 2.93e-14  3.49e-04     2s
  12  -2.58539032e+01  4.56012088e+01  7.17e-16 2.84e-14  1.44e-04     2s
  13  -7.65221590e+00  2.23774646e+01  3.83e-16 2.84e-14  6.04e-05     2s
  14   1.17506894e+00  1.40396905e+01  2.28e-16 2.84e-14  2.59e-05     2s
  15   5.21993430e+00  1.11851462e+01  1.41e-16 2.84e-14  1.20e-05     3s
  16   7.13911594e+00  1.01690462e+01  4.57e-15 2.84e-14  6.10e-06     3s
  17   8.11257491e+00  9.65212602e+00  1.56e-15 2.84e-14  3.10e-06     3s
  18   8.74387496e+00  9.34060938e+00  3.04e-16 2.84e-14  1.20e-06     3s
  19   8.92866969e+00  9.25161383e+00  5.76e-16 2.84e-14  6.50e-07     3s
  20   9.02409778e+00  9.21067075e+00  2.81e-16 2.84e-14  3.75e-07     3s
  21   9.10693945e+00  9.17788233e+00  3.13e-16 2.84e-14  1.43e-07     3s
  22   9.14268969e+00  9.16433140e+00  7.04e-16 2.84e-14  4.35e-08     3s
  23   9.15190347e+00  9.16083027e+00  3.73e-16 5.68e-14  1.80e-08     3s
  24   9.15805023e+00  9.15865285e+00  2.68e-15 2.84e-14  1.21e-09     3s
  25   9.15848068e+00  9.15850245e+00  3.25e-15 2.84e-14  4.38e-11     3s
  26   9.15849681e+00  9.15849686e+00  2.48e-14 2.84e-14  9.37e-14     4s
  27   9.15849684e+00  9.15849685e+00  3.18e-13 4.26e-14  2.49e-14     4s
  28   9.15849684e+00  9.15849685e+00  3.11e-13 2.84e-14  6.38e-15     4s
  29   9.15849685e+00  9.15849685e+00  1.84e-13 2.84e-14  2.13e-15     4s
  30   9.15849685e+00  9.15849685e+00  9.52e-14 2.84e-14  1.75e-15     4s
  31   9.15849685e+00  9.15849685e+00  1.26e-13 2.84e-14  6.98e-16     4s
  32   9.15849685e+00  9.15849685e+00  1.18e-13 3.55e-14  2.82e-16     4s
  33   9.15849685e+00  9.15849685e+00  6.73e-14 2.13e-14  2.09e-16     4s
  34   9.15849685e+00  9.15849685e+00  3.49e-14 1.78e-14  1.19e-16     4s
  35   9.15849685e+00  9.15849685e+00  1.17e-14 4.26e-14  8.45e-17     4s

Barrier solved model in 35 iterations and 4.43 seconds (3.82 work units)
Optimal objective 9.15849685e+00

objective value: 9.158496845760148
Done! Time elapsed: 25.24260425567627 seconds.
g_0_1: 1.00000169115449
g_1_1: 1.0000006187292039
g_1_2: 1.0000017592859864
g_2_1: 1.0000007623581049
g_2_2: 1.0000021994667754
g_2_3: 1.000000768976874
g_2_4: 1.0000022107259605
Parameters from last iteration: [0.17400036 0.70700055 0.17400038 0.70700068 0.17400048 0.70700068
 0.17400048]

Parameters from current iteration:
                [0.17400029 0.70700044 0.17400031 0.70700054 0.17400038 0.70700054
 0.17400038]


                Percentage Error = 5.496400640824467e-07
                
year done: 3
Time 4: 2
Optimization Iteration[1/20000]

Solving the optimization problem...
Set parameter TokenServer to value "licenses.rcc.uchicago.edu"
Read LP format model from file /scratch/local/jobs/50183986/tmpiz8uxm2e.pyomo.lp
Reading time = 1.37 seconds
x1: 258121 rows, 502401 columns, 1259970 nonzeros
Set parameter Threads to value 8
Set parameter BarConvTol to value 1e-12
Gurobi Optimizer version 11.0.0 build v11.0.0rc2 (linux64 - "CentOS Linux 8")

CPU model: Intel(R) Xeon(R) Gold 6248R CPU @ 3.00GHz, instruction set [SSE2|AVX|AVX2|AVX512]
Thread count: 48 physical cores, 48 logical processors, using up to 8 threads

Optimize a model with 258121 rows, 502401 columns and 1259970 nonzeros
Model fingerprint: 0x1689dea1
Model has 3166 quadratic objective terms
Coefficient statistics:
  Matrix range     [1e+00, 1e+03]
  Objective range  [1e-06, 1e+02]
  QObjective range [3e-01, 3e+03]
  Bounds range     [3e-04, 1e+00]
  RHS range        [8e-18, 5e+00]
Presolve removed 131481 rows and 128813 columns
Presolve time: 0.58s
Presolved: 126640 rows, 373588 columns, 743932 nonzeros
Presolved model has 3166 quadratic objective terms
Ordering time: 0.16s

Barrier statistics:
 AA' NZ     : 3.709e+05
 Factor NZ  : 3.905e+06 (roughly 230 MB of memory)
 Factor Ops : 2.623e+08 (less than 1 second per iteration)
 Threads    : 8

                  Objective                Residual
Iter       Primal          Dual         Primal    Dual     Compl     Time
   0  -1.22466129e+09  8.63518281e+08  7.80e+04 1.14e-13  1.00e+06     1s
   1  -5.85742477e+08  5.07976764e+08  1.69e+04 1.44e+02  2.23e+05     1s
   2  -2.82433686e+08  2.81994786e+08  2.13e+02 8.69e-01  3.96e+03     1s
   3  -6.55893440e+07  6.61847173e+07  1.77e+00 1.77e-12  2.85e+02     1s
   4  -1.25858004e+07  1.32122765e+07  1.54e-01 3.68e-12  5.33e+01     1s
   5  -2.28928713e+06  2.53381922e+06  1.14e-02 1.26e-12  9.75e+00     2s
   6  -3.34558795e+05  3.83963719e+05  1.14e-08 8.49e-13  1.45e+00     2s
   7  -5.03837454e+04  6.29801503e+04  9.68e-14 6.86e-13  2.28e-01     2s
   8  -7.70037741e+03  9.02685869e+03  5.32e-14 1.79e-13  3.37e-02     2s
   9  -1.26550272e+03  1.49386789e+03  2.18e-14 4.26e-14  5.55e-03     2s
  10  -2.33163090e+02  1.82694546e+02  8.42e-15 2.84e-14  8.37e-04     2s
  11  -6.22716301e+01  7.19854626e+01  2.32e-15 5.68e-14  2.70e-04     2s
  12  -1.36996379e+01  2.72797618e+01  1.57e-15 2.84e-14  8.24e-05     2s
  13  -2.73473948e+00  1.70992240e+01  5.51e-16 2.13e-14  3.99e-05     2s
  14   3.27598080e+00  1.29076225e+01  2.34e-16 2.84e-14  1.94e-05     3s
  15   7.12728728e+00  1.01648672e+01  1.37e-16 2.13e-14  6.11e-06     3s
  16   7.68598095e+00  9.80768128e+00  9.19e-17 1.87e-14  4.27e-06     3s
  17   8.42286750e+00  9.40227097e+00  1.16e-16 2.84e-14  1.97e-06     3s
  18   8.76504884e+00  9.23516705e+00  2.75e-16 2.84e-14  9.46e-07     3s
  19   8.92059396e+00  9.16383992e+00  7.78e-16 2.84e-14  4.89e-07     3s
  20   9.02927421e+00  9.11968152e+00  1.29e-16 2.84e-14  1.82e-07     3s
  21   9.07260617e+00  9.10319866e+00  9.02e-17 2.84e-14  6.15e-08     3s
  22   9.09092947e+00  9.09643130e+00  7.60e-16 2.84e-14  1.11e-08     3s
  23   9.09416995e+00  9.09527378e+00  1.52e-15 2.84e-14  2.22e-09     3s
  24   9.09493903e+00  9.09500308e+00  1.70e-15 2.84e-14  1.29e-10     3s
  25   9.09498599e+00  9.09498660e+00  1.11e-15 4.26e-14  1.22e-12     3s
  26   9.09498642e+00  9.09498645e+00  1.18e-15 4.26e-14  6.32e-14     4s
  27   9.09498643e+00  9.09498644e+00  1.60e-15 5.68e-14  1.89e-14     4s
  28   9.09498644e+00  9.09498644e+00  4.47e-16 2.84e-14  3.09e-15     4s
  29   9.09498644e+00  9.09498644e+00  2.14e-16 4.26e-14  1.33e-15     4s
  30   9.09498644e+00  9.09498644e+00  1.72e-16 2.84e-14  6.65e-16     4s
  31   9.09498644e+00  9.09498644e+00  1.95e-16 2.84e-14  2.81e-16     4s
  32   9.09498644e+00  9.09498644e+00  2.06e-16 2.84e-14  1.54e-16     4s
  33   9.09498644e+00  9.09498644e+00  1.74e-16 2.84e-14  1.12e-16     4s
  34   9.09498644e+00  9.09498644e+00  2.00e-16 4.26e-14  4.71e-17     4s

Barrier solved model in 34 iterations and 4.36 seconds (3.75 work units)
Optimal objective 9.09498644e+00

objective value: 9.09498644087693
Done! Time elapsed: 25.29554033279419 seconds.
g_0_1: 1.0000013372067234
g_1_1: 1.0000004862202225
g_1_2: 1.0000013937681116
g_2_1: 1.0000006184416232
g_2_2: 1.0000017809051662
g_2_3: 1.0000006264163395
g_2_4: 1.0000018076617738
Parameters from last iteration: [0.17400029 0.70700044 0.17400031 0.70700054 0.17400038 0.70700054
 0.17400038]

Parameters from current iteration:
                [0.17400023 0.70700034 0.17400024 0.70700044 0.17400031 0.70700044
 0.17400031]


                Percentage Error = 4.185606886125138e-07
                
year done: 4
Time 5: 2
Optimization Iteration[1/20000]

Solving the optimization problem...
Set parameter TokenServer to value "licenses.rcc.uchicago.edu"
Read LP format model from file /scratch/local/jobs/50183986/tmpcc3lwu9c.pyomo.lp
Reading time = 1.36 seconds
x1: 258121 rows, 502401 columns, 1259970 nonzeros
Set parameter Threads to value 8
Set parameter BarConvTol to value 1e-12
Gurobi Optimizer version 11.0.0 build v11.0.0rc2 (linux64 - "CentOS Linux 8")

CPU model: Intel(R) Xeon(R) Gold 6248R CPU @ 3.00GHz, instruction set [SSE2|AVX|AVX2|AVX512]
Thread count: 48 physical cores, 48 logical processors, using up to 8 threads

Optimize a model with 258121 rows, 502401 columns and 1259970 nonzeros
Model fingerprint: 0x227f0672
Model has 3166 quadratic objective terms
Coefficient statistics:
  Matrix range     [1e+00, 1e+03]
  Objective range  [1e-06, 1e+02]
  QObjective range [3e-01, 3e+03]
  Bounds range     [3e-04, 1e+00]
  RHS range        [9e-18, 5e+00]
Presolve removed 131481 rows and 128813 columns
Presolve time: 0.61s
Presolved: 126640 rows, 373588 columns, 743932 nonzeros
Presolved model has 3166 quadratic objective terms
Ordering time: 0.17s

Barrier statistics:
 AA' NZ     : 3.709e+05
 Factor NZ  : 3.905e+06 (roughly 230 MB of memory)
 Factor Ops : 2.623e+08 (less than 1 second per iteration)
 Threads    : 8

                  Objective                Residual
Iter       Primal          Dual         Primal    Dual     Compl     Time
   0  -1.22466108e+09  8.63518063e+08  7.80e+04 1.14e-13  1.00e+06     1s
   1  -5.85742526e+08  5.07976725e+08  1.69e+04 1.44e+02  2.23e+05     1s
   2  -2.82433804e+08  2.81994861e+08  2.13e+02 8.69e-01  3.96e+03     1s
   3  -6.55879695e+07  6.61833353e+07  1.77e+00 1.44e-12  2.85e+02     1s
   4  -1.25823643e+07  1.32087090e+07  1.54e-01 4.09e-12  5.33e+01     2s
   5  -2.28873944e+06  2.53313822e+06  1.14e-02 1.47e-12  9.75e+00     2s
   6  -3.34494450e+05  3.83951798e+05  1.14e-08 1.93e-12  1.45e+00     2s
   7  -5.03992061e+04  6.31105793e+04  1.38e-13 6.23e-13  2.28e-01     2s
   8  -7.70329446e+03  9.02817473e+03  6.11e-14 1.83e-13  3.37e-02     2s
   9  -1.26694958e+03  1.49726812e+03  1.74e-14 4.09e-14  5.56e-03     2s
  10  -2.40500388e+02  1.92506547e+02  8.80e-15 4.26e-14  8.71e-04     2s
  11  -6.68647702e+01  8.07600123e+01  1.65e-15 3.55e-14  2.97e-04     2s
  12  -2.21048776e+01  3.96066696e+01  1.03e-15 1.78e-14  1.24e-04     2s
  13  -2.43520570e+00  1.62933031e+01  3.31e-16 2.84e-14  3.77e-05     2s
  14   2.94618225e+00  1.22331626e+01  1.43e-16 1.42e-14  1.87e-05     3s
  15   5.75236310e+00  1.06089883e+01  9.52e-17 2.84e-14  9.77e-06     3s
  16   7.40943412e+00  9.69008281e+00  6.61e-17 2.84e-14  4.59e-06     3s
  17   8.27034787e+00  9.22471523e+00  6.03e-17 1.42e-14  1.92e-06     3s
  18   8.57127976e+00  9.09139200e+00  2.82e-17 2.84e-14  1.05e-06     3s
  19   8.74029004e+00  9.01839523e+00  5.29e-16 1.78e-14  5.59e-07     3s
  20   8.85023967e+00  8.97364179e+00  1.07e-15 2.84e-14  2.48e-07     3s
  21   8.90846043e+00  8.95091291e+00  7.50e-16 2.84e-14  8.54e-08     3s
  22   8.92858388e+00  8.94327347e+00  6.15e-16 2.84e-14  2.96e-08     3s
  23   8.93727886e+00  8.94019066e+00  3.06e-15 2.84e-14  5.86e-09     3s
  24   8.93917306e+00  8.93952122e+00  6.13e-16 2.84e-14  7.00e-10     3s
  25   8.93943059e+00  8.93943218e+00  6.32e-16 2.84e-14  3.20e-12     3s
  26   8.93943176e+00  8.93943177e+00  3.00e-15 2.84e-14  3.14e-14     3s
  27   8.93943176e+00  8.93943177e+00  5.95e-15 2.84e-14  1.30e-14     4s
  28   8.93943177e+00  8.93943177e+00  5.50e-15 1.42e-14  2.90e-15     4s
  29   8.93943177e+00  8.93943177e+00  2.36e-15 2.84e-14  1.14e-15     4s
  30   8.93943177e+00  8.93943177e+00  3.78e-15 2.84e-14  8.16e-16     4s
  31   8.93943177e+00  8.93943177e+00  1.67e-15 2.84e-14  2.94e-16     4s
  32   8.93943177e+00  8.93943177e+00  2.02e-15 2.84e-14  1.11e-16     4s
  33   8.93943177e+00  8.93943177e+00  1.33e-15 1.60e-14  8.99e-17     4s

Barrier solved model in 33 iterations and 4.19 seconds (3.67 work units)
Optimal objective 8.93943177e+00

objective value: 8.93943176909577
Done! Time elapsed: 26.57861018180847 seconds.
g_0_1: 1.0000010392406975
g_1_1: 1.0000003890013676
g_1_2: 1.0000011210844957
g_2_1: 1.000000515710291
g_2_2: 1.000001490130687
g_2_3: 1.0000005244209338
g_2_4: 1.0000015182437898
Parameters from last iteration: [0.17400023 0.70700034 0.17400024 0.70700044 0.17400031 0.70700044
 0.17400031]

Parameters from current iteration:
                [0.17400018 0.70700028 0.1740002  0.70700036 0.17400026 0.70700037
 0.17400026]


                Percentage Error = 2.9796562745332974e-07
                
year done: 5
Time 6: 2
Optimization Iteration[1/20000]

Solving the optimization problem...
Set parameter TokenServer to value "licenses.rcc.uchicago.edu"
Read LP format model from file /scratch/local/jobs/50183986/tmpkx0uu3dx.pyomo.lp
Reading time = 1.37 seconds
x1: 258121 rows, 502401 columns, 1259970 nonzeros
Set parameter Threads to value 8
Set parameter BarConvTol to value 1e-12
Gurobi Optimizer version 11.0.0 build v11.0.0rc2 (linux64 - "CentOS Linux 8")

CPU model: Intel(R) Xeon(R) Gold 6248R CPU @ 3.00GHz, instruction set [SSE2|AVX|AVX2|AVX512]
Thread count: 48 physical cores, 48 logical processors, using up to 8 threads

Optimize a model with 258121 rows, 502401 columns and 1259970 nonzeros
Model fingerprint: 0xf5b56ad8
Model has 3166 quadratic objective terms
Coefficient statistics:
  Matrix range     [1e+00, 1e+03]
  Objective range  [1e-06, 1e+02]
  QObjective range [3e-01, 3e+03]
  Bounds range     [3e-04, 1e+00]
  RHS range        [1e-17, 5e+00]
Presolve removed 131481 rows and 128813 columns
Presolve time: 0.61s
Presolved: 126640 rows, 373588 columns, 743932 nonzeros
Presolved model has 3166 quadratic objective terms
Ordering time: 0.16s

Barrier statistics:
 AA' NZ     : 3.709e+05
 Factor NZ  : 3.905e+06 (roughly 230 MB of memory)
 Factor Ops : 2.623e+08 (less than 1 second per iteration)
 Threads    : 8

                  Objective                Residual
Iter       Primal          Dual         Primal    Dual     Compl     Time
   0  -1.22466090e+09  8.63517885e+08  7.80e+04 1.14e-13  1.00e+06     1s
   1  -5.85742564e+08  5.07976691e+08  1.69e+04 1.44e+02  2.23e+05     1s
   2  -2.82433898e+08  2.81994920e+08  2.13e+02 8.69e-01  3.96e+03     1s
   3  -6.55868272e+07  6.61821867e+07  1.77e+00 1.50e-12  2.85e+02     1s
   4  -1.25795137e+07  1.32057490e+07  1.54e-01 4.46e-12  5.33e+01     1s
   5  -2.28828522e+06  2.53257316e+06  1.14e-02 1.24e-12  9.75e+00     2s
   6  -3.34443131e+05  3.83953032e+05  1.14e-08 7.83e-13  1.45e+00     2s
   7  -5.04120099e+04  6.32166344e+04  1.21e-13 5.84e-13  2.29e-01     2s
   8  -7.70591943e+03  9.02994118e+03  5.30e-14 1.84e-13  3.37e-02     2s
   9  -1.26823407e+03  1.49987091e+03  1.70e-14 4.26e-14  5.57e-03     2s
  10  -2.23976790e+02  1.77366289e+02  8.22e-15 4.26e-14  8.07e-04     2s
  11  -4.96563691e+01  6.83029300e+01  1.93e-15 7.82e-14  2.37e-04     2s
  12  -1.41688389e+01  2.90001913e+01  7.31e-16 2.84e-14  8.68e-05     2s
  13   4.06257296e-01  1.47372897e+01  4.23e-16 2.84e-14  2.88e-05     2s
  14   4.95372064e+00  1.07757087e+01  1.53e-16 2.84e-14  1.17e-05     2s
  15   6.54356979e+00  9.86118412e+00  7.89e-17 2.84e-14  6.67e-06     3s
  16   7.47583737e+00  9.31192748e+00  7.29e-17 1.87e-14  3.69e-06     3s
  17   7.93767586e+00  9.08505743e+00  6.77e-17 2.49e-14  2.31e-06     3s
  18   8.34068623e+00  8.89833445e+00  3.59e-16 2.84e-14  1.12e-06     3s
  19   8.54978721e+00  8.80396374e+00  2.25e-16 2.84e-14  5.11e-07     3s
  20   8.64613056e+00  8.76329749e+00  4.31e-16 2.84e-14  2.36e-07     3s
  21   8.68767290e+00  8.74654262e+00  3.64e-16 2.84e-14  1.18e-07     3s
  22   8.72087875e+00  8.73452053e+00  1.20e-15 2.84e-14  2.74e-08     3s
  23   8.72729932e+00  8.73216916e+00  5.58e-16 4.26e-14  9.80e-09     3s
  24   8.73065293e+00  8.73100729e+00  9.34e-16 2.84e-14  7.13e-10     3s
  25   8.73090225e+00  8.73092108e+00  8.67e-16 2.84e-14  3.79e-11     3s
  26   8.73091513e+00  8.73091663e+00  2.97e-16 2.84e-14  3.02e-12     3s
  27   8.73091621e+00  8.73091625e+00  2.55e-16 2.84e-14  8.95e-14     3s
  28   8.73091623e+00  8.73091624e+00  2.67e-16 1.60e-14  3.07e-14     4s
  29   8.73091624e+00  8.73091624e+00  5.44e-16 2.84e-14  6.96e-15     4s
  30   8.73091624e+00  8.73091624e+00  1.72e-16 2.84e-14  2.61e-15     4s
  31   8.73091624e+00  8.73091624e+00  7.09e-17 2.04e-14  2.17e-15     4s
  32   8.73091624e+00  8.73091624e+00  4.02e-16 2.84e-14  6.61e-16     4s
  33   8.73091624e+00  8.73091624e+00  1.89e-16 2.84e-14  2.81e-16     4s
  34   8.73091624e+00  8.73091624e+00  1.53e-16 2.84e-14  1.66e-16     4s
  35   8.73091624e+00  8.73091624e+00  3.05e-16 1.42e-14  9.95e-17     4s

Barrier solved model in 35 iterations and 4.26 seconds (3.81 work units)
Optimal objective 8.73091624e+00

objective value: 8.73091624089022
Done! Time elapsed: 24.968152046203613 seconds.
g_0_1: 1.0000008215231064
g_1_1: 1.0000003241936968
g_1_2: 1.0000009337066267
g_2_1: 1.0000004387274135
g_2_2: 1.0000012707329042
g_2_3: 1.0000004484522789
g_2_4: 1.0000012923945336
Parameters from last iteration: [0.17400018 0.70700028 0.1740002  0.70700036 0.17400026 0.70700037
 0.17400026]

Parameters from current iteration:
                [0.17400014 0.70700023 0.17400016 0.70700031 0.17400022 0.70700032
 0.17400022]


                Percentage Error = 2.258489132294997e-07
                
year done: 6
Time 7: 2
Optimization Iteration[1/20000]

Solving the optimization problem...
Set parameter TokenServer to value "licenses.rcc.uchicago.edu"
Read LP format model from file /scratch/local/jobs/50183986/tmpnyr9490j.pyomo.lp
Reading time = 1.37 seconds
x1: 258121 rows, 502401 columns, 1259970 nonzeros
Set parameter Threads to value 8
Set parameter BarConvTol to value 1e-12
Gurobi Optimizer version 11.0.0 build v11.0.0rc2 (linux64 - "CentOS Linux 8")

CPU model: Intel(R) Xeon(R) Gold 6248R CPU @ 3.00GHz, instruction set [SSE2|AVX|AVX2|AVX512]
Thread count: 48 physical cores, 48 logical processors, using up to 8 threads

Optimize a model with 258121 rows, 502401 columns and 1259970 nonzeros
Model fingerprint: 0x6a9f4f18
Model has 3166 quadratic objective terms
Coefficient statistics:
  Matrix range     [1e+00, 1e+03]
  Objective range  [1e-06, 1e+02]
  QObjective range [3e-01, 3e+03]
  Bounds range     [3e-04, 1e+00]
  RHS range        [1e-17, 5e+00]
Presolve removed 131481 rows and 128813 columns
Presolve time: 0.61s
Presolved: 126640 rows, 373588 columns, 743932 nonzeros
Presolved model has 3166 quadratic objective terms
Ordering time: 0.16s

Barrier statistics:
 AA' NZ     : 3.709e+05
 Factor NZ  : 3.905e+06 (roughly 230 MB of memory)
 Factor Ops : 2.623e+08 (less than 1 second per iteration)
 Threads    : 8

                  Objective                Residual
Iter       Primal          Dual         Primal    Dual     Compl     Time
   0  -1.22466076e+09  8.63517749e+08  7.80e+04 1.14e-13  1.00e+06     1s
   1  -5.85742595e+08  5.07976663e+08  1.69e+04 1.44e+02  2.23e+05     1s
   2  -2.82433972e+08  2.81994965e+08  2.13e+02 8.69e-01  3.96e+03     1s
   3  -6.55858869e+07  6.61812409e+07  1.77e+00 1.44e-12  2.85e+02     2s
   4  -1.25771693e+07  1.32033143e+07  1.54e-01 5.62e-12  5.33e+01     2s
   5  -2.28791171e+06  2.53210842e+06  1.14e-02 1.11e-12  9.75e+00     2s
   6  -3.34397519e+05  3.83934479e+05  1.14e-08 7.96e-13  1.45e+00     2s
   7  -5.04221507e+04  6.33037074e+04  1.40e-13 7.11e-13  2.29e-01     2s
   8  -7.70786034e+03  9.03012254e+03  5.20e-14 1.90e-13  3.37e-02     2s
   9  -1.26933458e+03  1.50209410e+03  1.49e-14 4.09e-14  5.58e-03     2s
  10  -2.26729254e+02  1.78405489e+02  6.70e-15 4.26e-14  8.15e-04     2s
  11  -4.63662168e+01  5.63907494e+01  2.15e-15 5.68e-14  2.07e-04     2s
  12  -1.16531799e+01  2.49403450e+01  6.24e-16 2.13e-14  7.36e-05     2s
  13   5.72070961e-01  1.41547906e+01  2.70e-16 2.84e-14  2.73e-05     3s
  14   3.51735397e+00  1.17530065e+01  1.57e-16 1.60e-14  1.66e-05     3s
  15   6.17668976e+00  9.69024435e+00  9.45e-17 2.13e-14  7.07e-06     3s
  16   6.79722022e+00  9.32659941e+00  5.27e-17 1.42e-14  5.09e-06     3s
  17   7.51663760e+00  8.93383356e+00  8.13e-17 1.60e-14  2.85e-06     3s
  18   8.01983497e+00  8.66805225e+00  2.60e-17 2.84e-14  1.30e-06     3s
  19   8.27560707e+00  8.56162144e+00  3.50e-17 1.78e-14  5.75e-07     3s
  20   8.41400251e+00  8.50603033e+00  7.83e-17 2.84e-14  1.85e-07     3s
  21   8.46294046e+00  8.48790831e+00  6.38e-17 2.84e-14  5.02e-08     3s
  22   8.47591886e+00  8.48325751e+00  6.51e-17 2.84e-14  1.48e-08     3s
  23   8.48058727e+00  8.48164140e+00  1.96e-16 2.84e-14  2.12e-09     3s
  24   8.48130939e+00  8.48139176e+00  6.08e-16 5.68e-14  1.66e-10     3s
  25   8.48137031e+00  8.48137073e+00  9.26e-16 2.84e-14  8.33e-13     3s
  26   8.48137050e+00  8.48137066e+00  2.01e-15 2.84e-14  3.34e-13     4s
  27   8.48137060e+00  8.48137063e+00  2.01e-15 2.84e-14  4.93e-14     4s
  28   8.48137062e+00  8.48137062e+00  2.09e-15 2.84e-14  9.79e-15     4s
  29   8.48137062e+00  8.48137062e+00  5.67e-16 2.84e-14  5.76e-15     4s
  30   8.48137062e+00  8.48137062e+00  3.16e-16 2.84e-14  3.44e-15     4s
  31   8.48137062e+00  8.48137062e+00  2.33e-16 2.84e-14  1.32e-15     4s
  32   8.48137062e+00  8.48137062e+00  9.97e-17 2.84e-14  8.16e-16     4s
  33   8.48137062e+00  8.48137062e+00  1.05e-16 2.84e-14  3.86e-16     4s
  34   8.48137062e+00  8.48137062e+00  7.84e-17 2.84e-14  1.53e-16     4s
  35   8.48137062e+00  8.48137062e+00  7.45e-17 2.84e-14  1.17e-16     4s
  36   8.48137062e+00  8.48137062e+00  6.90e-17 1.42e-14  6.33e-17     5s

Barrier solved model in 36 iterations and 4.53 seconds (3.88 work units)
Optimal objective 8.48137062e+00

objective value: 8.48137061971304
Done! Time elapsed: 25.354779720306396 seconds.
g_0_1: 1.0000006706709854
g_1_1: 1.0000002715945098
g_1_2: 1.0000007821024248
g_2_1: 1.0000003876446824
g_2_2: 1.0000011197396732
g_2_3: 1.0000003934393689
g_2_4: 1.000001129117565
Parameters from last iteration: [0.17400014 0.70700023 0.17400016 0.70700031 0.17400022 0.70700032
 0.17400022]

Parameters from current iteration:
                [0.17400012 0.70700019 0.17400014 0.70700027 0.17400019 0.70700028
 0.1740002 ]


                Percentage Error = 1.632767577154225e-07
                
year done: 7
Time 8: 2
Optimization Iteration[1/20000]

Solving the optimization problem...
Set parameter TokenServer to value "licenses.rcc.uchicago.edu"
Read LP format model from file /scratch/local/jobs/50183986/tmph1fwaetj.pyomo.lp
Reading time = 1.39 seconds
x1: 258121 rows, 502401 columns, 1259970 nonzeros
Set parameter Threads to value 8
Set parameter BarConvTol to value 1e-12
Gurobi Optimizer version 11.0.0 build v11.0.0rc2 (linux64 - "CentOS Linux 8")

CPU model: Intel(R) Xeon(R) Gold 6248R CPU @ 3.00GHz, instruction set [SSE2|AVX|AVX2|AVX512]
Thread count: 48 physical cores, 48 logical processors, using up to 8 threads

Optimize a model with 258121 rows, 502401 columns and 1259970 nonzeros
Model fingerprint: 0x1896bc8b
Model has 3166 quadratic objective terms
Coefficient statistics:
  Matrix range     [1e+00, 1e+03]
  Objective range  [1e-06, 1e+02]
  QObjective range [3e-01, 3e+03]
  Bounds range     [3e-04, 1e+00]
  RHS range        [1e-17, 5e+00]
Presolve removed 131481 rows and 128813 columns
Presolve time: 0.54s
Presolved: 126640 rows, 373588 columns, 743932 nonzeros
Presolved model has 3166 quadratic objective terms
Ordering time: 0.16s

Barrier statistics:
 AA' NZ     : 3.709e+05
 Factor NZ  : 3.905e+06 (roughly 230 MB of memory)
 Factor Ops : 2.623e+08 (less than 1 second per iteration)
 Threads    : 8

                  Objective                Residual
Iter       Primal          Dual         Primal    Dual     Compl     Time
   0  -1.22466066e+09  8.63517650e+08  7.80e+04 1.14e-13  1.00e+06     1s
   1  -5.85742611e+08  5.07976636e+08  1.69e+04 1.44e+02  2.23e+05     1s
   2  -2.82434020e+08  2.81994989e+08  2.13e+02 8.69e-01  3.96e+03     1s
   3  -6.55851336e+07  6.61804831e+07  1.77e+00 1.41e-12  2.85e+02     1s
   4  -1.25753078e+07  1.32013808e+07  1.53e-01 2.86e-12  5.33e+01     1s
   5  -2.28761535e+06  2.53173919e+06  1.14e-02 1.23e-12  9.74e+00     1s
   6  -3.34377485e+05  3.84010795e+05  1.14e-08 7.52e-13  1.45e+00     2s
   7  -5.04326808e+04  6.33752663e+04  1.24e-13 7.33e-13  2.29e-01     2s
   8  -7.71070117e+03  9.03528770e+03  3.00e-14 1.80e-13  3.37e-02     2s
   9  -1.27042087e+03  1.50328705e+03  2.08e-14 3.46e-14  5.58e-03     2s
  10  -2.19137753e+02  1.76380367e+02  6.41e-15 2.84e-14  7.96e-04     2s
  11  -3.90053692e+01  4.32615437e+01  2.07e-15 3.55e-14  1.66e-04     2s
  12  -1.06543008e+01  2.34950050e+01  1.05e-15 2.84e-14  6.87e-05     2s
  13   1.33229606e+00  1.27613545e+01  4.24e-16 2.84e-14  2.30e-05     2s
  14   4.83280870e+00  9.99779420e+00  1.43e-16 2.84e-14  1.04e-05     2s
  15   6.32977514e+00  9.14733858e+00  9.24e-17 2.84e-14  5.67e-06     2s
  16   7.42467407e+00  8.54499623e+00  6.22e-17 2.84e-14  2.25e-06     2s
  17   7.90621299e+00  8.31952273e+00  3.75e-17 2.84e-14  8.32e-07     3s
  18   8.11759970e+00  8.23237646e+00  3.64e-17 2.84e-14  2.31e-07     3s
  19   8.16943724e+00  8.21291850e+00  1.05e-16 2.84e-14  8.75e-08     3s
  20   8.19714912e+00  8.20296605e+00  3.52e-16 2.84e-14  1.17e-08     3s
  21   8.20059541e+00  8.20175263e+00  1.09e-15 2.84e-14  2.33e-09     3s
  22   8.20140499e+00  8.20147311e+00  1.04e-15 2.84e-14  1.37e-10     3s
  23   8.20145553e+00  8.20145566e+00  6.07e-16 2.84e-14  2.61e-13     3s
  24   8.20145560e+00  8.20145564e+00  1.88e-14 2.84e-14  6.27e-14     3s
  25   8.20145562e+00  8.20145563e+00  4.40e-14 2.84e-14  1.14e-14     3s
  26   8.20145563e+00  8.20145563e+00  1.65e-14 2.84e-14  4.74e-15     3s
  27   8.20145563e+00  8.20145563e+00  2.05e-14 2.84e-14  1.57e-15     3s
  28   8.20145563e+00  8.20145563e+00  3.28e-15 2.84e-14  4.84e-16     3s
  29   8.20145563e+00  8.20145563e+00  1.29e-15 1.42e-14  2.71e-16     4s
  30   8.20145563e+00  8.20145563e+00  3.78e-16 2.13e-14  1.47e-16     4s
  31   8.20145563e+00  8.20145563e+00  3.16e-16 2.13e-14  1.33e-16     4s
  32   8.20145563e+00  8.20145563e+00  2.42e-16 2.84e-14  9.37e-17     4s

Barrier solved model in 32 iterations and 3.87 seconds (3.54 work units)
Optimal objective 8.20145563e+00

objective value: 8.201455627987222
Done! Time elapsed: 24.77813482284546 seconds.
g_0_1: 1.0000005412167008
g_1_1: 1.000000230849643
g_1_2: 1.0000006634846028
g_2_1: 1.000000356092297
g_2_2: 1.0000010188808477
g_2_3: 1.0000003601930554
g_2_4: 1.000001024063053
Parameters from last iteration: [0.17400012 0.70700019 0.17400014 0.70700027 0.17400019 0.70700028
 0.1740002 ]

Parameters from current iteration:
                [0.17400009 0.70700016 0.17400012 0.70700025 0.17400018 0.70700025
 0.17400018]


                Percentage Error = 1.2945419779518936e-07
                
year done: 8
Time 9: 2
Optimization Iteration[1/20000]

Solving the optimization problem...
Set parameter TokenServer to value "licenses.rcc.uchicago.edu"
Read LP format model from file /scratch/local/jobs/50183986/tmp837q73ca.pyomo.lp
Reading time = 1.36 seconds
x1: 258121 rows, 502401 columns, 1259970 nonzeros
Set parameter Threads to value 8
Set parameter BarConvTol to value 1e-12
Gurobi Optimizer version 11.0.0 build v11.0.0rc2 (linux64 - "CentOS Linux 8")

CPU model: Intel(R) Xeon(R) Gold 6248R CPU @ 3.00GHz, instruction set [SSE2|AVX|AVX2|AVX512]
Thread count: 48 physical cores, 48 logical processors, using up to 8 threads

Optimize a model with 258121 rows, 502401 columns and 1259970 nonzeros
Model fingerprint: 0xdf6e47f5
Model has 3166 quadratic objective terms
Coefficient statistics:
  Matrix range     [1e+00, 1e+03]
  Objective range  [1e-06, 1e+02]
  QObjective range [3e-01, 3e+03]
  Bounds range     [3e-04, 1e+00]
  RHS range        [1e-17, 5e+00]
Presolve removed 131481 rows and 128813 columns
Presolve time: 0.54s
Presolved: 126640 rows, 373588 columns, 743932 nonzeros
Presolved model has 3166 quadratic objective terms
Ordering time: 0.15s

Barrier statistics:
 AA' NZ     : 3.709e+05
 Factor NZ  : 3.905e+06 (roughly 230 MB of memory)
 Factor Ops : 2.623e+08 (less than 1 second per iteration)
 Threads    : 8

                  Objective                Residual
Iter       Primal          Dual         Primal    Dual     Compl     Time
   0  -1.22466058e+09  8.63517569e+08  7.80e+04 1.13e-13  1.00e+06     1s
   1  -5.85742623e+08  5.07976615e+08  1.69e+04 1.44e+02  2.23e+05     1s
   2  -2.82434058e+08  2.81995009e+08  2.13e+02 8.69e-01  3.96e+03     1s
   3  -6.55845579e+07  6.61799038e+07  1.77e+00 1.46e-12  2.85e+02     1s
   4  -1.25738833e+07  1.31999009e+07  1.53e-01 3.31e-12  5.32e+01     1s
   5  -2.28738864e+06  2.53145656e+06  1.14e-02 1.30e-12  9.74e+00     1s
   6  -3.34360219e+05  3.84057665e+05  1.14e-08 7.70e-13  1.45e+00     2s
   7  -5.04403459e+04  6.34286008e+04  1.47e-13 6.75e-13  2.29e-01     2s
   8  -7.71276574e+03  9.03843656e+03  6.31e-14 1.64e-13  3.37e-02     2s
   9  -1.27130659e+03  1.50415014e+03  2.07e-14 5.68e-14  5.58e-03     2s
  10  -2.06497574e+02  1.76151843e+02  8.37e-15 2.84e-14  7.70e-04     2s
  11  -3.12540845e+01  3.32487819e+01  2.43e-15 4.26e-14  1.30e-04     2s
  12  -6.25847443e+00  1.67294387e+01  1.01e-15 2.84e-14  4.62e-05     2s
  13   3.44656547e-01  1.33307905e+01  3.42e-16 2.13e-14  2.61e-05     2s
  14   5.35520484e+00  9.10679023e+00  1.62e-16 2.84e-14  7.55e-06     2s
  15   6.72849843e+00  8.39084381e+00  7.18e-17 1.42e-14  3.34e-06     3s
  16   7.40053669e+00  8.09330849e+00  3.53e-17 1.42e-14  1.39e-06     3s
  17   7.65225543e+00  7.99706887e+00  2.54e-17 2.84e-14  6.94e-07     3s
  18   7.79900788e+00  7.93953892e+00  4.32e-17 2.84e-14  2.83e-07     3s
  19   7.87594030e+00  7.91134295e+00  8.15e-17 2.84e-14  7.12e-08     3s
  20   7.88947374e+00  7.90632182e+00  7.24e-17 1.69e-14  3.39e-08     3s
  21   7.90107354e+00  7.90228898e+00  2.66e-16 4.26e-14  2.45e-09     3s
  22   7.90188849e+00  7.90200593e+00  1.11e-16 2.84e-14  2.36e-10     3s
  23   7.90197487e+00  7.90197610e+00  2.69e-16 4.26e-14  2.49e-12     3s
  24   7.90197577e+00  7.90197579e+00  5.96e-15 2.84e-14  3.24e-14     3s
  25   7.90197578e+00  7.90197579e+00  8.89e-14 2.84e-14  1.31e-14     3s
  26   7.90197579e+00  7.90197579e+00  9.59e-14 2.84e-14  2.93e-15     3s
  27   7.90197579e+00  7.90197579e+00  1.73e-13 2.84e-14  9.72e-16     3s
  28   7.90197579e+00  7.90197579e+00  1.08e-13 2.04e-14  8.16e-16     4s
  29   7.90197579e+00  7.90197579e+00  9.26e-14 2.84e-14  4.03e-16     4s
  30   7.90197579e+00  7.90197579e+00  3.47e-14 1.42e-14  2.46e-16     4s
  31   7.90197579e+00  7.90197579e+00  2.17e-14 2.84e-14  1.54e-16     4s
  32   7.90197579e+00  7.90197579e+00  2.29e-14 2.84e-14  7.95e-17     4s

Barrier solved model in 32 iterations and 3.88 seconds (3.59 work units)
Optimal objective 7.90197579e+00

objective value: 7.901975786747661
Done! Time elapsed: 26.40640664100647 seconds.
g_0_1: 1.0000004354453893
g_1_1: 1.000000206056123
g_1_2: 1.0000005867971111
g_2_1: 1.0000003373549555
g_2_2: 1.000000959265687
g_2_3: 1.000000338459034
g_2_4: 1.0000009647974326
Parameters from last iteration: [0.17400009 0.70700016 0.17400012 0.70700025 0.17400018 0.70700025
 0.17400018]

Parameters from current iteration:
                [0.17400008 0.70700015 0.1740001  0.70700024 0.17400017 0.70700024
 0.17400017]


                Percentage Error = 1.0577125416413367e-07
                
year done: 9
Time 10: 2
Optimization Iteration[1/20000]

Solving the optimization problem...
Set parameter TokenServer to value "licenses.rcc.uchicago.edu"
Read LP format model from file /scratch/local/jobs/50183986/tmpo80akoho.pyomo.lp
Reading time = 1.33 seconds
x1: 258121 rows, 502401 columns, 1259970 nonzeros
Set parameter Threads to value 8
Set parameter BarConvTol to value 1e-12
Gurobi Optimizer version 11.0.0 build v11.0.0rc2 (linux64 - "CentOS Linux 8")

CPU model: Intel(R) Xeon(R) Gold 6248R CPU @ 3.00GHz, instruction set [SSE2|AVX|AVX2|AVX512]
Thread count: 48 physical cores, 48 logical processors, using up to 8 threads

Optimize a model with 258121 rows, 502401 columns and 1259970 nonzeros
Model fingerprint: 0xc2c306ac
Model has 3166 quadratic objective terms
Coefficient statistics:
  Matrix range     [1e+00, 1e+03]
  Objective range  [1e-06, 1e+02]
  QObjective range [3e-01, 3e+03]
  Bounds range     [3e-04, 1e+00]
  RHS range        [1e-17, 5e+00]
Presolve removed 131481 rows and 128813 columns
Presolve time: 0.54s
Presolved: 126640 rows, 373588 columns, 743932 nonzeros
Presolved model has 3166 quadratic objective terms
Ordering time: 0.16s

Barrier statistics:
 AA' NZ     : 3.709e+05
 Factor NZ  : 3.905e+06 (roughly 230 MB of memory)
 Factor Ops : 2.623e+08 (less than 1 second per iteration)
 Threads    : 8

                  Objective                Residual
Iter       Primal          Dual         Primal    Dual     Compl     Time
   0  -1.22466052e+09  8.63517507e+08  7.80e+04 1.13e-13  1.00e+06     1s
   1  -5.85742633e+08  5.07976599e+08  1.69e+04 1.44e+02  2.23e+05     1s
   2  -2.82434088e+08  2.81995025e+08  2.13e+02 8.69e-01  3.96e+03     1s
   3  -6.55841171e+07  6.61794601e+07  1.77e+00 1.42e-12  2.85e+02     1s
   4  -1.25727686e+07  1.31987431e+07  1.53e-01 3.08e-12  5.32e+01     1s
   5  -2.28721069e+06  2.53123510e+06  1.14e-02 1.14e-12  9.74e+00     1s
   6  -3.34347674e+05  3.84100032e+05  1.14e-08 8.38e-13  1.45e+00     2s
   7  -5.04459230e+04  6.34669557e+04  1.40e-13 7.34e-13  2.29e-01     2s
   8  -7.71436749e+03  9.04090114e+03  6.26e-14 1.99e-13  3.37e-02     2s
   9  -1.27201813e+03  1.50466064e+03  2.05e-14 5.68e-14  5.59e-03     2s
  10  -2.06766904e+02  1.75579215e+02  1.09e-14 3.38e-14  7.69e-04     2s
  11  -4.45718838e+01  3.40847325e+01  2.12e-15 2.13e-14  1.58e-04     2s
  12  -9.63167358e+00  2.16482086e+01  8.12e-16 5.68e-14  6.29e-05     2s
  13   2.30581435e+00  9.62467545e+00  4.87e-16 2.84e-14  1.47e-05     2s
  14   5.44505114e+00  8.66242955e+00  1.66e-16 2.84e-14  6.47e-06     2s
  15   6.46364255e+00  8.10938570e+00  5.90e-17 2.84e-14  3.31e-06     3s
  16   7.25968208e+00  7.73144568e+00  3.79e-17 2.84e-14  9.49e-07     3s
  17   7.48530806e+00  7.63066519e+00  2.92e-17 2.84e-14  2.92e-07     3s
  18   7.56301072e+00  7.60172638e+00  2.63e-16 2.84e-14  7.79e-08     3s
  19   7.58361035e+00  7.59418317e+00  4.34e-17 2.84e-14  2.13e-08     3s
  20   7.59061287e+00  7.59176431e+00  2.29e-16 5.68e-14  2.32e-09     3s
  21   7.59137141e+00  7.59150253e+00  1.63e-16 2.84e-14  2.64e-10     3s
  22   7.59146771e+00  7.59146932e+00  2.03e-16 4.26e-14  3.24e-12     3s
  23   7.59146888e+00  7.59146892e+00  2.91e-16 2.84e-14  7.66e-14     3s
  24   7.59146890e+00  7.59146891e+00  3.83e-16 2.84e-14  2.75e-14     3s
  25   7.59146890e+00  7.59146891e+00  1.58e-16 2.84e-14  6.17e-15     3s
  26   7.59146891e+00  7.59146891e+00  1.43e-16 2.84e-14  2.04e-15     3s
  27   7.59146891e+00  7.59146891e+00  1.31e-16 2.84e-14  1.92e-15     4s
  28   7.59146891e+00  7.59146891e+00  8.57e-17 2.84e-14  8.97e-16     4s
  29   7.59146891e+00  7.59146891e+00  7.18e-17 2.84e-14  6.18e-16     4s
  30   7.59146891e+00  7.59146891e+00  3.74e-17 1.51e-14  3.01e-16     4s
  31   7.59146891e+00  7.59146891e+00  3.26e-17 2.84e-14  1.47e-16     4s
  32   7.59146891e+00  7.59146891e+00  2.36e-17 2.84e-14  1.20e-16     4s
  33   7.59146891e+00  7.59146891e+00  6.40e-17 2.84e-14  6.75e-17     4s

Barrier solved model in 33 iterations and 4.00 seconds (3.76 work units)
Optimal objective 7.59146891e+00

objective value: 7.5914689057307125
Done! Time elapsed: 24.897624731063843 seconds.
g_0_1: 1.000000366745395
g_1_1: 1.0000001895139816
g_1_2: 1.0000005431939847
g_2_1: 1.0000003242262343
g_2_2: 1.0000009284214837
g_2_3: 1.00000032598845
g_2_4: 1.0000009350371601
Parameters from last iteration: [0.17400008 0.70700015 0.1740001  0.70700024 0.17400017 0.70700024
 0.17400017]

Parameters from current iteration:
                [0.17400006 0.70700013 0.17400009 0.70700023 0.17400016 0.70700023
 0.17400016]


                Percentage Error = 6.869996453295799e-08
                
year done: 10
Time 11: 2
Optimization Iteration[1/20000]

Solving the optimization problem...
Set parameter TokenServer to value "licenses.rcc.uchicago.edu"
Read LP format model from file /scratch/local/jobs/50183986/tmpiy16vjc4.pyomo.lp
Reading time = 1.37 seconds
x1: 258121 rows, 502401 columns, 1259970 nonzeros
Set parameter Threads to value 8
Set parameter BarConvTol to value 1e-12
Gurobi Optimizer version 11.0.0 build v11.0.0rc2 (linux64 - "CentOS Linux 8")

CPU model: Intel(R) Xeon(R) Gold 6248R CPU @ 3.00GHz, instruction set [SSE2|AVX|AVX2|AVX512]
Thread count: 48 physical cores, 48 logical processors, using up to 8 threads

Optimize a model with 258121 rows, 502401 columns and 1259970 nonzeros
Model fingerprint: 0xca3eb2fa
Model has 3166 quadratic objective terms
Coefficient statistics:
  Matrix range     [1e+00, 1e+03]
  Objective range  [1e-06, 1e+02]
  QObjective range [3e-01, 3e+03]
  Bounds range     [3e-04, 1e+00]
  RHS range        [2e-17, 5e+00]
Presolve removed 131481 rows and 128813 columns
Presolve time: 0.55s
Presolved: 126640 rows, 373588 columns, 743932 nonzeros
Presolved model has 3166 quadratic objective terms
Ordering time: 0.15s

Barrier statistics:
 AA' NZ     : 3.709e+05
 Factor NZ  : 3.905e+06 (roughly 230 MB of memory)
 Factor Ops : 2.623e+08 (less than 1 second per iteration)
 Threads    : 8

                  Objective                Residual
Iter       Primal          Dual         Primal    Dual     Compl     Time
   0  -1.22466048e+09  8.63517467e+08  7.80e+04 1.13e-13  1.00e+06     1s
   1  -5.85742637e+08  5.07976585e+08  1.69e+04 1.44e+02  2.23e+05     1s
   2  -2.82434106e+08  2.81995032e+08  2.13e+02 8.69e-01  3.96e+03     1s
   3  -6.55837783e+07  6.61791188e+07  1.76e+00 1.42e-12  2.85e+02     1s
   4  -1.25719308e+07  1.31978725e+07  1.53e-01 4.95e-12  5.32e+01     1s
   5  -2.28707747e+06  2.53106871e+06  1.14e-02 1.22e-12  9.74e+00     1s
   6  -3.34335922e+05  3.84117571e+05  1.14e-08 7.96e-13  1.45e+00     2s
   7  -5.04505826e+04  6.34994684e+04  1.74e-13 6.31e-13  2.29e-01     2s
   8  -7.71567741e+03  9.04234722e+03  5.62e-14 1.91e-13  3.37e-02     2s
   9  -1.27268285e+03  1.50510260e+03  1.60e-14 4.26e-14  5.59e-03     2s
  10  -2.09555335e+02  1.76261508e+02  9.25e-15 2.84e-14  7.76e-04     2s
  11  -3.36303968e+01  3.28452282e+01  2.11e-15 2.84e-14  1.34e-04     2s
  12  -7.29059307e+00  1.96148004e+01  1.01e-15 2.84e-14  5.41e-05     2s
  13   1.74229463e+00  1.10095953e+01  3.11e-16 2.13e-14  1.86e-05     2s
  14   5.92665682e+00  7.94361103e+00  1.52e-16 5.68e-14  4.06e-06     2s
  15   6.58240561e+00  7.58433250e+00  3.10e-17 2.84e-14  2.02e-06     3s
  16   7.01499747e+00  7.39344027e+00  2.23e-17 1.69e-14  7.61e-07     3s
  17   7.11345225e+00  7.34466393e+00  1.75e-17 2.84e-14  4.65e-07     3s
  18   7.23523217e+00  7.29974342e+00  1.17e-16 2.84e-14  1.30e-07     3s
  19   7.27052297e+00  7.28672947e+00  2.17e-17 2.84e-14  3.26e-08     3s
  20   7.28047732e+00  7.28325363e+00  2.91e-17 2.84e-14  5.59e-09     3s
  21   7.28234701e+00  7.28260248e+00  1.16e-16 2.84e-14  5.14e-10     3s
  22   7.28253158e+00  7.28253885e+00  4.08e-17 2.84e-14  1.46e-11     3s
  23   7.28253696e+00  7.28253700e+00  7.97e-17 2.84e-14  6.44e-14     3s
  24   7.28253698e+00  7.28253699e+00  1.88e-15 2.84e-14  2.06e-14     3s
  25   7.28253699e+00  7.28253699e+00  1.15e-15 5.68e-14  5.01e-15     3s
  26   7.28253699e+00  7.28253699e+00  7.87e-16 2.84e-14  1.60e-15     3s
  27   7.28253699e+00  7.28253699e+00  7.39e-16 2.84e-14  1.51e-15     3s
  28   7.28253699e+00  7.28253699e+00  5.48e-16 1.69e-14  8.33e-16     4s
  29   7.28253699e+00  7.28253699e+00  2.80e-16 2.84e-14  4.47e-16     4s
  30   7.28253699e+00  7.28253699e+00  1.52e-16 2.84e-14  2.37e-16     4s
  31   7.28253699e+00  7.28253699e+00  9.54e-17 1.42e-14  1.27e-16     4s
  32   7.28253699e+00  7.28253699e+00  4.90e-17 1.42e-14  8.32e-17     4s

Barrier solved model in 32 iterations and 3.86 seconds (3.57 work units)
Optimal objective 7.28253699e+00

objective value: 7.282536987687658
Done! Time elapsed: 24.711364269256592 seconds.
g_0_1: 1.000000338164904
g_1_1: 1.0000001873971498
g_1_2: 1.0000005282938627
g_2_1: 1.000000324226234
g_2_2: 1.0000009140308448
g_2_3: 1.000000324226234
g_2_4: 1.0000009140308173
Parameters from last iteration: [0.17400006 0.70700013 0.17400009 0.70700023 0.17400016 0.70700023
 0.17400016]

Parameters from current iteration:
                [0.17400006 0.70700013 0.17400009 0.70700023 0.17400016 0.70700023
 0.17400016]


                Percentage Error = 2.8580480301971755e-08
                
year done: 11
Time 12: 2
Optimization Iteration[1/20000]

Solving the optimization problem...
Set parameter TokenServer to value "licenses.rcc.uchicago.edu"
Read LP format model from file /scratch/local/jobs/50183986/tmp9zrq_t8n.pyomo.lp
Reading time = 1.35 seconds
x1: 258121 rows, 502401 columns, 1259970 nonzeros
Set parameter Threads to value 8
Set parameter BarConvTol to value 1e-12
Gurobi Optimizer version 11.0.0 build v11.0.0rc2 (linux64 - "CentOS Linux 8")

CPU model: Intel(R) Xeon(R) Gold 6248R CPU @ 3.00GHz, instruction set [SSE2|AVX|AVX2|AVX512]
Thread count: 48 physical cores, 48 logical processors, using up to 8 threads

Optimize a model with 258121 rows, 502401 columns and 1259970 nonzeros
Model fingerprint: 0x94dc7dff
Model has 3166 quadratic objective terms
Coefficient statistics:
  Matrix range     [1e+00, 1e+03]
  Objective range  [1e-06, 1e+02]
  QObjective range [3e-01, 3e+03]
  Bounds range     [3e-04, 1e+00]
  RHS range        [2e-17, 5e+00]
Presolve removed 131481 rows and 128813 columns
Presolve time: 0.54s
Presolved: 126640 rows, 373588 columns, 743932 nonzeros
Presolved model has 3166 quadratic objective terms
Ordering time: 0.16s

Barrier statistics:
 AA' NZ     : 3.709e+05
 Factor NZ  : 3.905e+06 (roughly 230 MB of memory)
 Factor Ops : 2.623e+08 (less than 1 second per iteration)
 Threads    : 8

                  Objective                Residual
Iter       Primal          Dual         Primal    Dual     Compl     Time
   0  -1.22466046e+09  8.63517444e+08  7.80e+04 1.14e-13  1.00e+06     1s
   1  -5.85742641e+08  5.07976577e+08  1.69e+04 1.44e+02  2.23e+05     1s
   2  -2.82434118e+08  2.81995036e+08  2.13e+02 8.69e-01  3.96e+03     1s
   3  -6.55835488e+07  6.61788876e+07  1.76e+00 1.63e-12  2.85e+02     1s
   4  -1.25713661e+07  1.31972855e+07  1.53e-01 7.36e-12  5.32e+01     1s
   5  -2.28698778e+06  2.53095651e+06  1.14e-02 1.18e-12  9.74e+00     1s
   6  -3.34328409e+05  3.84131303e+05  1.14e-08 2.35e-12  1.45e+00     2s
   7  -5.04533482e+04  6.35184917e+04  1.36e-13 6.03e-13  2.29e-01     2s
   8  -7.71653711e+03  9.04304387e+03  4.67e-14 1.77e-13  3.37e-02     2s
   9  -1.27318031e+03  1.50524171e+03  1.68e-14 4.26e-14  5.59e-03     2s
  10  -2.09883166e+02  1.75850579e+02  8.56e-15 2.84e-14  7.76e-04     2s
  11  -3.26308945e+01  3.31395302e+01  2.36e-15 2.84e-14  1.32e-04     2s
  12  -5.34761732e+00  1.47152381e+01  9.76e-16 2.84e-14  4.04e-05     2s
  13   1.80074273e+00  1.03029511e+01  3.80e-16 2.84e-14  1.71e-05     2s
  14   3.97862183e+00  8.65098158e+00  1.03e-16 2.84e-14  9.40e-06     2s
  15   5.88755549e+00  7.51752101e+00  6.46e-17 1.73e-14  3.28e-06     2s
  16   6.43729183e+00  7.19478291e+00  3.04e-17 2.84e-14  1.52e-06     3s
  17   6.74481939e+00  7.06272642e+00  2.06e-17 2.84e-14  6.40e-07     3s
  18   6.82944050e+00  7.02560072e+00  2.32e-17 2.84e-14  3.95e-07     3s
  19   6.93934014e+00  6.98541127e+00  1.07e-16 2.84e-14  9.27e-08     3s
  20   6.95652968e+00  6.97900148e+00  2.28e-17 2.84e-14  4.52e-08     3s
  21   6.97178693e+00  6.97368788e+00  6.25e-17 2.84e-14  3.82e-09     3s
  22   6.97303878e+00  6.97325260e+00  4.45e-16 2.84e-14  4.30e-10     3s
  23   6.97319383e+00  6.97319893e+00  1.70e-16 2.84e-14  1.03e-11     3s
  24   6.97319760e+00  6.97319762e+00  1.70e-15 2.84e-14  3.68e-14     3s
  25   6.97319761e+00  6.97319762e+00  3.88e-13 1.51e-14  1.12e-14     3s
  26   6.97319761e+00  6.97319762e+00  2.89e-13 2.84e-14  2.77e-15     3s
  27   6.97319762e+00  6.97319762e+00  1.18e-12 1.42e-14  8.51e-16     3s
  28   6.97319762e+00  6.97319762e+00  1.16e-12 2.84e-14  8.01e-16     3s
  29   6.97319762e+00  6.97319762e+00  4.88e-13 2.84e-14  3.92e-16     4s
  30   6.97319762e+00  6.97319762e+00  7.50e-13 2.13e-14  1.13e-16     4s
  31   6.97319762e+00  6.97319762e+00  9.19e-13 2.84e-14  7.04e-17     4s

Barrier solved model in 31 iterations and 3.79 seconds (3.53 work units)
Optimal objective 6.97319762e+00

objective value: 6.973197615968519
Done! Time elapsed: 24.6670024394989 seconds.
g_0_1: 1.000000326767201
g_1_1: 1.00000018739715
g_1_2: 1.0000005282938618
g_2_1: 1.0000003242262343
g_2_2: 1.0000009140308401
g_2_3: 1.0000003242262345
g_2_4: 1.0000009140308168
Parameters from last iteration: [0.17400006 0.70700013 0.17400009 0.70700023 0.17400016 0.70700023
 0.17400016]

Parameters from current iteration:
                [0.17400006 0.70700013 0.17400009 0.70700023 0.17400016 0.70700023
 0.17400016]


                Percentage Error = 1.1397699169739906e-08
                
year done: 12
Time 13: 2
Optimization Iteration[1/20000]

Solving the optimization problem...
Set parameter TokenServer to value "licenses.rcc.uchicago.edu"
Read LP format model from file /scratch/local/jobs/50183986/tmp7zdfzdr5.pyomo.lp
Reading time = 1.34 seconds
x1: 258121 rows, 502401 columns, 1259970 nonzeros
Set parameter Threads to value 8
Set parameter BarConvTol to value 1e-12
Gurobi Optimizer version 11.0.0 build v11.0.0rc2 (linux64 - "CentOS Linux 8")

CPU model: Intel(R) Xeon(R) Gold 6248R CPU @ 3.00GHz, instruction set [SSE2|AVX|AVX2|AVX512]
Thread count: 48 physical cores, 48 logical processors, using up to 8 threads

Optimize a model with 258121 rows, 502401 columns and 1259970 nonzeros
Model fingerprint: 0x4f1b81ce
Model has 3166 quadratic objective terms
Coefficient statistics:
  Matrix range     [1e+00, 1e+03]
  Objective range  [1e-06, 1e+02]
  QObjective range [3e-01, 3e+03]
  Bounds range     [3e-04, 1e+00]
  RHS range        [2e-17, 5e+00]
Presolve removed 131481 rows and 128813 columns
Presolve time: 0.55s
Presolved: 126640 rows, 373588 columns, 743932 nonzeros
Presolved model has 3166 quadratic objective terms
Ordering time: 0.16s

Barrier statistics:
 AA' NZ     : 3.709e+05
 Factor NZ  : 3.905e+06 (roughly 230 MB of memory)
 Factor Ops : 2.623e+08 (less than 1 second per iteration)
 Threads    : 8

                  Objective                Residual
Iter       Primal          Dual         Primal    Dual     Compl     Time
   0  -1.22466045e+09  8.63517435e+08  7.80e+04 1.14e-13  1.00e+06     1s
   1  -5.85742642e+08  5.07976570e+08  1.69e+04 1.44e+02  2.23e+05     1s
   2  -2.82434122e+08  2.81995035e+08  2.13e+02 8.69e-01  3.96e+03     1s
   3  -6.55833965e+07  6.61787338e+07  1.76e+00 1.36e-12  2.85e+02     1s
   4  -1.25709928e+07  1.31968971e+07  1.53e-01 3.48e-12  5.32e+01     1s
   5  -2.28692854e+06  2.53088215e+06  1.14e-02 1.28e-12  9.74e+00     1s
   6  -3.34324326e+05  3.84144674e+05  1.14e-08 9.99e-13  1.45e+00     2s
   7  -5.04555979e+04  6.35322343e+04  1.28e-13 7.52e-13  2.29e-01     2s
   8  -7.71732049e+03  9.04379015e+03  5.24e-14 1.95e-13  3.37e-02     2s
   9  -1.27362983e+03  1.50523287e+03  2.03e-14 5.68e-14  5.59e-03     2s
  10  -2.10216776e+02  1.75514566e+02  7.58e-15 2.84e-14  7.76e-04     2s
  11  -3.33191291e+01  3.71038387e+01  2.02e-15 2.84e-14  1.42e-04     2s
  12  -3.12654829e+00  1.24008162e+01  8.29e-16 2.84e-14  3.12e-05     2s
  13   2.33401549e+00  9.13695526e+00  8.26e-16 4.26e-14  1.37e-05     2s
  14   4.89604423e+00  7.57725303e+00  1.75e-16 1.42e-14  5.39e-06     2s
  15   5.93114662e+00  6.96118591e+00  6.51e-17 2.84e-14  2.07e-06     2s
  16   6.46204341e+00  6.74640953e+00  2.48e-17 2.84e-14  5.72e-07     3s
  17   6.56598522e+00  6.70932294e+00  2.63e-17 2.84e-14  2.88e-07     3s
  18   6.63934052e+00  6.68249519e+00  3.42e-17 2.84e-14  8.68e-08     3s
  19   6.65553683e+00  6.67658174e+00  1.04e-17 2.84e-14  4.23e-08     3s
  20   6.66956187e+00  6.67169985e+00  2.38e-17 2.84e-14  4.30e-09     3s
  21   6.67096505e+00  6.67121223e+00  1.43e-17 5.68e-14  4.97e-10     3s
  22   6.67114337e+00  6.67115055e+00  4.97e-17 2.84e-14  1.45e-11     3s
  23   6.67114869e+00  6.67114871e+00  6.89e-16 2.84e-14  4.57e-14     3s
  24   6.67114870e+00  6.67114871e+00  5.23e-14 2.84e-14  1.09e-14     3s
  25   6.67114870e+00  6.67114871e+00  2.35e-13 2.84e-14  2.86e-15     3s
  26   6.67114870e+00  6.67114871e+00  2.61e-13 2.84e-14  7.66e-16     3s
  27   6.67114870e+00  6.67114871e+00  2.23e-13 2.84e-14  7.20e-16     3s
  28   6.67114871e+00  6.67114871e+00  2.96e-13 2.84e-14  4.16e-16     3s
  29   6.67114871e+00  6.67114871e+00  3.43e-13 1.42e-14  2.56e-16     4s
  30   6.67114871e+00  6.67114871e+00  1.78e-13 1.51e-14  1.43e-16     4s
  31   6.67114871e+00  6.67114871e+00  2.83e-13 2.13e-14  9.09e-17     4s

Barrier solved model in 31 iterations and 3.76 seconds (3.49 work units)
Optimal objective 6.67114871e+00

objective value: 6.671148705172402
Done! Time elapsed: 24.520282745361328 seconds.
g_0_1: 1.0000003267672026
g_1_1: 1.0000001873971494
g_1_2: 1.0000005282938629
g_2_1: 1.0000003242262339
g_2_2: 1.0000009140308475
g_2_3: 1.000000324226234
g_2_4: 1.0000009140308175
Parameters from last iteration: [0.17400006 0.70700013 0.17400009 0.70700023 0.17400016 0.70700023
 0.17400016]

Parameters from current iteration:
                [0.17400006 0.70700013 0.17400009 0.70700023 0.17400016 0.70700023
 0.17400016]


                Percentage Error = 7.33767420301839e-15
                
year done: 13
Time 14: 2
Optimization Iteration[1/20000]

Solving the optimization problem...
Set parameter TokenServer to value "licenses.rcc.uchicago.edu"
Read LP format model from file /scratch/local/jobs/50183986/tmpd8k0znp0.pyomo.lp
Reading time = 1.34 seconds
x1: 258121 rows, 502401 columns, 1259970 nonzeros
Set parameter Threads to value 8
Set parameter BarConvTol to value 1e-12
Gurobi Optimizer version 11.0.0 build v11.0.0rc2 (linux64 - "CentOS Linux 8")

CPU model: Intel(R) Xeon(R) Gold 6248R CPU @ 3.00GHz, instruction set [SSE2|AVX|AVX2|AVX512]
Thread count: 48 physical cores, 48 logical processors, using up to 8 threads

Optimize a model with 258121 rows, 502401 columns and 1259970 nonzeros
Model fingerprint: 0xefa8e32e
Model has 3166 quadratic objective terms
Coefficient statistics:
  Matrix range     [1e+00, 1e+03]
  Objective range  [1e-06, 1e+02]
  QObjective range [3e-01, 3e+03]
  Bounds range     [3e-04, 1e+00]
  RHS range        [2e-17, 5e+00]
Presolve removed 131481 rows and 128813 columns
Presolve time: 0.55s
Presolved: 126640 rows, 373588 columns, 743932 nonzeros
Presolved model has 3166 quadratic objective terms
Ordering time: 0.15s

Barrier statistics:
 AA' NZ     : 3.709e+05
 Factor NZ  : 3.905e+06 (roughly 230 MB of memory)
 Factor Ops : 2.623e+08 (less than 1 second per iteration)
 Threads    : 8

                  Objective                Residual
Iter       Primal          Dual         Primal    Dual     Compl     Time
   0  -1.22466045e+09  8.63517431e+08  7.80e+04 1.13e-13  1.00e+06     1s
   1  -5.85742641e+08  5.07976566e+08  1.69e+04 1.44e+02  2.23e+05     1s
   2  -2.82434123e+08  2.81995033e+08  2.13e+02 8.69e-01  3.96e+03     1s
   3  -6.55833193e+07  6.61786557e+07  1.76e+00 1.37e-12  2.85e+02     1s
   4  -1.25708042e+07  1.31967007e+07  1.53e-01 2.98e-12  5.32e+01     1s
   5  -2.28689874e+06  2.53084443e+06  1.14e-02 1.20e-12  9.74e+00     1s
   6  -3.34322669e+05  3.84152765e+05  1.14e-08 9.80e-13  1.45e+00     2s
   7  -5.04569537e+04  6.35392853e+04  1.10e-13 5.65e-13  2.29e-01     2s
   8  -7.71788802e+03  9.04413018e+03  4.19e-14 1.88e-13  3.37e-02     2s
   9  -1.27400268e+03  1.50508037e+03  1.85e-14 5.68e-14  5.59e-03     2s
  10  -2.10536153e+02  1.75226582e+02  9.71e-15 4.26e-14  7.76e-04     2s
  11  -4.17601237e+01  3.19763009e+01  2.39e-15 3.02e-14  1.48e-04     2s
  12  -1.75035031e+00  9.46589515e+00  1.07e-15 2.84e-14  2.26e-05     2s
  13   4.69855295e+00  6.90984002e+00  4.01e-16 1.69e-14  4.45e-06     2s
  14   5.77785437e+00  6.60566192e+00  1.09e-16 2.84e-14  1.67e-06     2s
  15   6.22554584e+00  6.43145555e+00  3.19e-17 2.84e-14  4.14e-07     2s
  16   6.28269090e+00  6.41240818e+00  2.49e-17 4.26e-14  2.61e-07     3s
  17   6.34981788e+00  6.38818249e+00  2.23e-17 2.84e-14  7.72e-08     3s
  18   6.36523830e+00  6.38271441e+00  1.70e-17 2.84e-14  3.52e-08     3s
  19   6.37663859e+00  6.37875089e+00  2.26e-17 2.84e-14  4.25e-09     3s
  20   6.37778832e+00  6.37835102e+00  1.88e-17 2.84e-14  1.13e-09     3s
  21   6.37809950e+00  6.37824351e+00  1.12e-17 2.84e-14  2.90e-10     3s
  22   6.37816355e+00  6.37822137e+00  1.03e-17 1.95e-14  1.16e-10     3s
  23   6.37816711e+00  6.37822014e+00  1.20e-17 2.84e-14  1.07e-10     3s
  24   6.37818972e+00  6.37821232e+00  9.39e-18 1.60e-14  4.55e-11     3s
  25   6.37819112e+00  6.37821184e+00  8.60e-18 2.84e-14  4.17e-11     3s
  26   6.37819539e+00  6.37821036e+00  6.28e-18 2.84e-14  3.01e-11     3s
  27   6.37820198e+00  6.37820809e+00  8.68e-18 2.04e-14  1.23e-11     3s
  28   6.37820639e+00  6.37820657e+00  1.11e-17 2.84e-14  3.54e-13     3s
  29   6.37820652e+00  6.37820653e+00  1.62e-17 2.84e-14  2.24e-14     3s
  30   6.37820652e+00  6.37820653e+00  1.61e-17 2.13e-14  7.85e-15     4s
  31   6.37820652e+00  6.37820653e+00  1.35e-17 2.84e-14  1.28e-15     4s
  32   6.37820653e+00  6.37820653e+00  9.35e-18 2.84e-14  5.01e-16     4s
  33   6.37820653e+00  6.37820653e+00  7.36e-18 2.84e-14  4.48e-16     4s
  34   6.37820653e+00  6.37820653e+00  1.34e-17 2.84e-14  2.01e-16     4s
  35   6.37820653e+00  6.37820653e+00  4.87e-18 2.84e-14  1.42e-16     4s
  36   6.37820653e+00  6.37820653e+00  6.13e-18 2.84e-14  8.69e-17     4s

Barrier solved model in 36 iterations and 4.18 seconds (3.92 work units)
Optimal objective 6.37820653e+00

objective value: 6.378206525330217
Done! Time elapsed: 26.624613523483276 seconds.
g_0_1: 1.0000003267672022
g_1_1: 1.0000001873971496
g_1_2: 1.0000005282938627
g_2_1: 1.0000003242262339
g_2_2: 1.0000009140308461
g_2_3: 1.000000324226234
g_2_4: 1.0000009140308173
Parameters from last iteration: [0.17400006 0.70700013 0.17400009 0.70700023 0.17400016 0.70700023
 0.17400016]

Parameters from current iteration:
                [0.17400006 0.70700013 0.17400009 0.70700023 0.17400016 0.70700023
 0.17400016]


                Percentage Error = 1.4356319092861961e-15
                
year done: 14
Time 15: 2
Optimization Iteration[1/20000]

Solving the optimization problem...
Set parameter TokenServer to value "licenses.rcc.uchicago.edu"
Read LP format model from file /scratch/local/jobs/50183986/tmpmlw2tgaf.pyomo.lp
Reading time = 1.34 seconds
x1: 258121 rows, 502401 columns, 1259970 nonzeros
Set parameter Threads to value 8
Set parameter BarConvTol to value 1e-12
Gurobi Optimizer version 11.0.0 build v11.0.0rc2 (linux64 - "CentOS Linux 8")

CPU model: Intel(R) Xeon(R) Gold 6248R CPU @ 3.00GHz, instruction set [SSE2|AVX|AVX2|AVX512]
Thread count: 48 physical cores, 48 logical processors, using up to 8 threads

Optimize a model with 258121 rows, 502401 columns and 1259970 nonzeros
Model fingerprint: 0x7a7a264d
Model has 3166 quadratic objective terms
Coefficient statistics:
  Matrix range     [1e+00, 1e+03]
  Objective range  [1e-06, 1e+02]
  QObjective range [3e-01, 3e+03]
  Bounds range     [3e-04, 1e+00]
  RHS range        [2e-17, 5e+00]
Presolve removed 131481 rows and 128813 columns
Presolve time: 0.54s
Presolved: 126640 rows, 373588 columns, 743932 nonzeros
Presolved model has 3166 quadratic objective terms
Ordering time: 0.15s

Barrier statistics:
 AA' NZ     : 3.709e+05
 Factor NZ  : 3.905e+06 (roughly 230 MB of memory)
 Factor Ops : 2.623e+08 (less than 1 second per iteration)
 Threads    : 8

                  Objective                Residual
Iter       Primal          Dual         Primal    Dual     Compl     Time
   0  -1.22466045e+09  8.63517431e+08  7.80e+04 1.13e-13  1.00e+06     1s
   1  -5.85742642e+08  5.07976566e+08  1.69e+04 1.44e+02  2.23e+05     1s
   2  -2.82434123e+08  2.81995033e+08  2.13e+02 8.69e-01  3.96e+03     1s
   3  -6.55833196e+07  6.61786554e+07  1.76e+00 2.11e-12  2.85e+02     1s
   4  -1.25708045e+07  1.31967004e+07  1.53e-01 5.81e-12  5.32e+01     1s
   5  -2.28689902e+06  2.53084415e+06  1.14e-02 1.35e-12  9.74e+00     1s
   6  -3.34322951e+05  3.84152483e+05  1.14e-08 8.04e-13  1.45e+00     2s
   7  -5.04572359e+04  6.35390031e+04  1.26e-13 6.97e-13  2.29e-01     2s
   8  -7.71817023e+03  9.04384797e+03  4.82e-14 1.75e-13  3.37e-02     2s
   9  -1.27428490e+03  1.50479816e+03  1.54e-14 5.68e-14  5.59e-03     2s
  10  -2.10818364e+02  1.74944371e+02  8.64e-15 4.26e-14  7.76e-04     2s
  11  -4.20423358e+01  3.16940907e+01  1.85e-15 2.84e-14  1.48e-04     2s
  12  -2.03256157e+00  9.18368405e+00  1.01e-15 2.84e-14  2.26e-05     2s
  13   4.41634181e+00  6.62762889e+00  3.88e-16 2.04e-14  4.45e-06     2s
  14   5.49564323e+00  6.32345080e+00  1.58e-16 2.84e-14  1.67e-06     2s
  15   5.94333471e+00  6.14924443e+00  4.64e-17 2.84e-14  4.14e-07     2s
  16   6.00047977e+00  6.13019705e+00  2.53e-17 2.84e-14  2.61e-07     3s
  17   6.06760675e+00  6.10597137e+00  2.44e-17 2.84e-14  7.72e-08     3s
  18   6.08302717e+00  6.10050328e+00  1.13e-17 2.84e-14  3.52e-08     3s
  19   6.09477307e+00  6.09641969e+00  2.39e-17 1.87e-14  3.31e-09     3s
  20   6.09587784e+00  6.09603619e+00  1.07e-17 2.84e-14  3.19e-10     3s
  21   6.09599302e+00  6.09599636e+00  1.60e-17 2.84e-14  6.71e-12     3s
  22   6.09599549e+00  6.09599550e+00  1.07e-16 2.84e-14  2.19e-14     3s
  23   6.09599550e+00  6.09599550e+00  2.83e-15 2.84e-14  6.40e-15     3s
  24   6.09599550e+00  6.09599550e+00  1.86e-15 2.84e-14  1.62e-15     3s
  25   6.09599550e+00  6.09599550e+00  1.24e-15 2.84e-14  4.79e-16     3s
  26   6.09599550e+00  6.09599550e+00  1.06e-15 2.84e-14  4.50e-16     3s
  27   6.09599550e+00  6.09599550e+00  7.17e-16 2.84e-14  2.47e-16     3s
  28   6.09599550e+00  6.09599550e+00  5.78e-16 1.87e-14  1.37e-16     3s
  29   6.09599550e+00  6.09599550e+00  4.53e-16 2.84e-14  1.21e-16     4s
  30   6.09599550e+00  6.09599550e+00  2.71e-16 2.84e-14  6.51e-17     4s

Barrier solved model in 30 iterations and 3.64 seconds (3.40 work units)
Optimal objective 6.09599550e+00

objective value: 6.095995498445694
Done! Time elapsed: 24.607796907424927 seconds.
g_0_1: 1.0000003267672009
g_1_1: 1.0000001873971505
g_1_2: 1.0000005282938615
g_2_1: 1.0000003242262343
g_2_2: 1.0000009140308386
g_2_3: 1.0000003242262345
g_2_4: 1.0000009140308166
Parameters from last iteration: [0.17400006 0.70700013 0.17400009 0.70700023 0.17400016 0.70700023
 0.17400016]

Parameters from current iteration:
                [0.17400006 0.70700013 0.17400009 0.70700023 0.17400016 0.70700023
 0.17400016]


                Percentage Error = 7.497188859605701e-15
                
year done: 15
Time 16: 2
Optimization Iteration[1/20000]

Solving the optimization problem...
Set parameter TokenServer to value "licenses.rcc.uchicago.edu"
Read LP format model from file /scratch/local/jobs/50183986/tmpjhxxa46c.pyomo.lp
Reading time = 1.33 seconds
x1: 258121 rows, 502401 columns, 1259970 nonzeros
Set parameter Threads to value 8
Set parameter BarConvTol to value 1e-12
Gurobi Optimizer version 11.0.0 build v11.0.0rc2 (linux64 - "CentOS Linux 8")

CPU model: Intel(R) Xeon(R) Gold 6248R CPU @ 3.00GHz, instruction set [SSE2|AVX|AVX2|AVX512]
Thread count: 48 physical cores, 48 logical processors, using up to 8 threads

Optimize a model with 258121 rows, 502401 columns and 1259970 nonzeros
Model fingerprint: 0xfe2c80f4
Model has 3166 quadratic objective terms
Coefficient statistics:
  Matrix range     [1e+00, 1e+03]
  Objective range  [1e-06, 1e+02]
  QObjective range [3e-01, 3e+03]
  Bounds range     [3e-04, 1e+00]
  RHS range        [2e-17, 5e+00]
Presolve removed 131481 rows and 128813 columns
Presolve time: 0.54s
Presolved: 126640 rows, 373588 columns, 743932 nonzeros
Presolved model has 3166 quadratic objective terms
Ordering time: 0.16s

Barrier statistics:
 AA' NZ     : 3.709e+05
 Factor NZ  : 3.905e+06 (roughly 230 MB of memory)
 Factor Ops : 2.623e+08 (less than 1 second per iteration)
 Threads    : 8

                  Objective                Residual
Iter       Primal          Dual         Primal    Dual     Compl     Time
   0  -1.22466045e+09  8.63517431e+08  7.80e+04 1.14e-13  1.00e+06     1s
   1  -5.85742642e+08  5.07976566e+08  1.69e+04 1.44e+02  2.23e+05     1s
   2  -2.82434123e+08  2.81995033e+08  2.13e+02 8.69e-01  3.96e+03     1s
   3  -6.55833198e+07  6.61786551e+07  1.76e+00 1.48e-12  2.85e+02     1s
   4  -1.25708048e+07  1.31967001e+07  1.53e-01 4.63e-12  5.32e+01     1s
   5  -2.28689929e+06  2.53084388e+06  1.14e-02 1.22e-12  9.74e+00     1s
   6  -3.34323220e+05  3.84152213e+05  1.14e-08 1.43e-12  1.45e+00     2s
   7  -5.04575054e+04  6.35387336e+04  1.14e-13 7.00e-13  2.29e-01     2s
   8  -7.71843974e+03  9.04357846e+03  3.72e-14 1.81e-13  3.37e-02     2s
   9  -1.27455440e+03  1.50452865e+03  1.97e-14 4.26e-14  5.59e-03     2s
  10  -2.11087873e+02  1.74674861e+02  1.13e-14 4.26e-14  7.76e-04     2s
  11  -4.23118452e+01  3.14245812e+01  2.15e-15 2.84e-14  1.48e-04     2s
  12  -2.30207103e+00  8.91417459e+00  1.06e-15 2.84e-14  2.26e-05     2s
  13   4.14683235e+00  6.35811943e+00  3.04e-16 2.84e-14  4.45e-06     2s
  14   5.22613377e+00  6.05394134e+00  1.16e-16 2.84e-14  1.67e-06     2s
  15   5.67382526e+00  5.87973498e+00  4.08e-17 2.84e-14  4.14e-07     2s
  16   5.73097032e+00  5.86068760e+00  3.08e-17 2.84e-14  2.61e-07     3s
  17   5.79809730e+00  5.83646191e+00  1.86e-17 2.84e-14  7.72e-08     3s
  18   5.81351772e+00  5.83099383e+00  1.75e-17 2.84e-14  3.52e-08     3s
  19   5.82526362e+00  5.82691023e+00  2.52e-17 2.84e-14  3.31e-09     3s
  20   5.82636839e+00  5.82652674e+00  1.66e-17 2.84e-14  3.19e-10     3s
  21   5.82648357e+00  5.82648690e+00  1.54e-17 2.84e-14  6.71e-12     3s
  22   5.82648604e+00  5.82648605e+00  1.08e-16 2.84e-14  2.01e-14     3s
  23   5.82648604e+00  5.82648605e+00  2.36e-15 1.69e-14  4.73e-15     3s
  24   5.82648604e+00  5.82648604e+00  3.18e-15 2.84e-14  1.25e-15     3s
  25   5.82648604e+00  5.82648604e+00  1.14e-15 4.26e-14  3.51e-16     3s
  26   5.82648604e+00  5.82648604e+00  1.05e-15 3.55e-14  3.29e-16     3s
  27   5.82648604e+00  5.82648604e+00  5.74e-16 2.84e-14  1.85e-16     3s
  28   5.82648604e+00  5.82648604e+00  3.76e-16 1.42e-14  1.01e-16     3s
  29   5.82648604e+00  5.82648604e+00  2.29e-16 2.84e-14  6.51e-17     4s

Barrier solved model in 29 iterations and 3.56 seconds (3.29 work units)
Optimal objective 5.82648604e+00

objective value: 5.8264860445553905
Done! Time elapsed: 24.655442476272583 seconds.
g_0_1: 1.0000003267672009
g_1_1: 1.0000001873971502
g_1_2: 1.0000005282938618
g_2_1: 1.0000003242262345
g_2_2: 1.0000009140308384
g_2_3: 1.0000003242262347
g_2_4: 1.0000009140308168
Parameters from last iteration: [0.17400006 0.70700013 0.17400009 0.70700023 0.17400016 0.70700023
 0.17400016]

Parameters from current iteration:
                [0.17400006 0.70700013 0.17400009 0.70700023 0.17400016 0.70700023
 0.17400016]


                Percentage Error = 3.1902931317472013e-16
                
year done: 16
Time 17: 2
Optimization Iteration[1/20000]

Solving the optimization problem...
Set parameter TokenServer to value "licenses.rcc.uchicago.edu"
Read LP format model from file /scratch/local/jobs/50183986/tmpr4vmxk8b.pyomo.lp
Reading time = 1.33 seconds
x1: 258121 rows, 502401 columns, 1259970 nonzeros
Set parameter Threads to value 8
Set parameter BarConvTol to value 1e-12
Gurobi Optimizer version 11.0.0 build v11.0.0rc2 (linux64 - "CentOS Linux 8")

CPU model: Intel(R) Xeon(R) Gold 6248R CPU @ 3.00GHz, instruction set [SSE2|AVX|AVX2|AVX512]
Thread count: 48 physical cores, 48 logical processors, using up to 8 threads

Optimize a model with 258121 rows, 502401 columns and 1259970 nonzeros
Model fingerprint: 0xc8876e89
Model has 3166 quadratic objective terms
Coefficient statistics:
  Matrix range     [1e+00, 1e+03]
  Objective range  [1e-06, 1e+02]
  QObjective range [3e-01, 3e+03]
  Bounds range     [3e-04, 1e+00]
  RHS range        [2e-17, 5e+00]
Presolve removed 131481 rows and 128813 columns
Presolve time: 0.54s
Presolved: 126640 rows, 373588 columns, 743932 nonzeros
Presolved model has 3166 quadratic objective terms
Ordering time: 0.16s

Barrier statistics:
 AA' NZ     : 3.709e+05
 Factor NZ  : 3.905e+06 (roughly 230 MB of memory)
 Factor Ops : 2.623e+08 (less than 1 second per iteration)
 Threads    : 8

                  Objective                Residual
Iter       Primal          Dual         Primal    Dual     Compl     Time
   0  -1.22466045e+09  8.63517431e+08  7.80e+04 1.14e-13  1.00e+06     1s
   1  -5.85742642e+08  5.07976565e+08  1.69e+04 1.44e+02  2.23e+05     1s
   2  -2.82434124e+08  2.81995032e+08  2.13e+02 8.69e-01  3.96e+03     1s
   3  -6.55833201e+07  6.61786549e+07  1.76e+00 1.42e-12  2.85e+02     1s
   4  -1.25708050e+07  1.31966999e+07  1.53e-01 4.84e-12  5.32e+01     1s
   5  -2.28689955e+06  2.53084362e+06  1.14e-02 1.24e-12  9.74e+00     1s
   6  -3.34323478e+05  3.84151956e+05  1.14e-08 2.79e-12  1.45e+00     2s
   7  -5.04577628e+04  6.35384762e+04  1.08e-13 7.16e-13  2.29e-01     2s
   8  -7.71869712e+03  9.04332108e+03  3.59e-14 1.63e-13  3.37e-02     2s
   9  -1.27481178e+03  1.50427127e+03  1.91e-14 5.68e-14  5.59e-03     2s
  10  -2.11345253e+02  1.74417482e+02  9.99e-15 4.26e-14  7.76e-04     2s
  11  -4.25692248e+01  3.11672017e+01  2.20e-15 2.84e-14  1.48e-04     2s
  12  -2.55945056e+00  8.65679506e+00  9.77e-16 1.95e-14  2.26e-05     2s
  13   3.88945282e+00  6.10073990e+00  2.93e-16 2.84e-14  4.45e-06     2s
  14   4.96875424e+00  5.79656181e+00  1.47e-16 2.84e-14  1.67e-06     2s
  15   5.41644573e+00  5.62235545e+00  5.36e-17 2.84e-14  4.14e-07     2s
  16   5.47359079e+00  5.60330807e+00  2.33e-17 3.02e-14  2.61e-07     3s
  17   5.54071777e+00  5.57908238e+00  2.56e-17 2.84e-14  7.72e-08     3s
  18   5.55613819e+00  5.57361430e+00  1.30e-17 2.84e-14  3.52e-08     3s
  19   5.56788409e+00  5.56953070e+00  3.18e-17 1.78e-14  3.31e-09     3s
  20   5.56898886e+00  5.56914721e+00  1.01e-17 2.84e-14  3.19e-10     3s
  21   5.56910404e+00  5.56910737e+00  1.55e-17 2.84e-14  6.71e-12     3s
  22   5.56910651e+00  5.56910652e+00  1.00e-16 2.84e-14  2.01e-14     3s
  23   5.56910651e+00  5.56910651e+00  2.10e-15 2.84e-14  4.66e-15     3s
  24   5.56910651e+00  5.56910651e+00  3.01e-15 2.84e-14  1.24e-15     3s
  25   5.56910651e+00  5.56910651e+00  1.14e-15 2.84e-14  3.17e-16     3s
  26   5.56910651e+00  5.56910651e+00  8.04e-16 2.84e-14  2.49e-16     3s
  27   5.56910651e+00  5.56910651e+00  4.86e-16 2.84e-14  1.23e-16     3s
  28   5.56910651e+00  5.56910651e+00  2.83e-16 1.42e-14  7.63e-17     3s

Barrier solved model in 28 iterations and 3.47 seconds (3.22 work units)
Optimal objective 5.56910651e+00

objective value: 5.569106514229019
Done! Time elapsed: 24.53937077522278 seconds.
g_0_1: 1.0000003267672015
g_1_1: 1.0000001873971498
g_1_2: 1.0000005282938622
g_2_1: 1.000000324226234
g_2_2: 1.0000009140308421
g_2_3: 1.0000003242262343
g_2_4: 1.000000914030817
Parameters from last iteration: [0.17400006 0.70700013 0.17400009 0.70700023 0.17400016 0.70700023
 0.17400016]

Parameters from current iteration:
                [0.17400006 0.70700013 0.17400009 0.70700023 0.17400016 0.70700023
 0.17400016]


                Percentage Error = 3.668837101509201e-15
                
year done: 17
Time 18: 2
Optimization Iteration[1/20000]

Solving the optimization problem...
Set parameter TokenServer to value "licenses.rcc.uchicago.edu"
Read LP format model from file /scratch/local/jobs/50183986/tmpbndfel2g.pyomo.lp
Reading time = 1.33 seconds
x1: 258121 rows, 502401 columns, 1259970 nonzeros
Set parameter Threads to value 8
Set parameter BarConvTol to value 1e-12
Gurobi Optimizer version 11.0.0 build v11.0.0rc2 (linux64 - "CentOS Linux 8")

CPU model: Intel(R) Xeon(R) Gold 6248R CPU @ 3.00GHz, instruction set [SSE2|AVX|AVX2|AVX512]
Thread count: 48 physical cores, 48 logical processors, using up to 8 threads

Optimize a model with 258121 rows, 502401 columns and 1259970 nonzeros
Model fingerprint: 0xd13e2825
Model has 3166 quadratic objective terms
Coefficient statistics:
  Matrix range     [1e+00, 1e+03]
  Objective range  [1e-06, 1e+02]
  QObjective range [3e-01, 3e+03]
  Bounds range     [3e-04, 1e+00]
  RHS range        [2e-17, 5e+00]
Presolve removed 131481 rows and 128813 columns
Presolve time: 0.54s
Presolved: 126640 rows, 373588 columns, 743932 nonzeros
Presolved model has 3166 quadratic objective terms
Ordering time: 0.15s

Barrier statistics:
 AA' NZ     : 3.709e+05
 Factor NZ  : 3.905e+06 (roughly 230 MB of memory)
 Factor Ops : 2.623e+08 (less than 1 second per iteration)
 Threads    : 8

                  Objective                Residual
Iter       Primal          Dual         Primal    Dual     Compl     Time
   0  -1.22466045e+09  8.63517430e+08  7.80e+04 1.14e-13  1.00e+06     1s
   1  -5.85742642e+08  5.07976565e+08  1.69e+04 1.44e+02  2.23e+05     1s
   2  -2.82434124e+08  2.81995032e+08  2.13e+02 8.69e-01  3.96e+03     1s
   3  -6.55833203e+07  6.61786546e+07  1.76e+00 1.45e-12  2.85e+02     1s
   4  -1.25708053e+07  1.31966996e+07  1.53e-01 3.51e-12  5.32e+01     1s
   5  -2.28689980e+06  2.53084338e+06  1.14e-02 1.23e-12  9.74e+00     1s
   6  -3.34323723e+05  3.84151710e+05  1.14e-08 2.11e-12  1.45e+00     2s
   7  -5.04580086e+04  6.35382304e+04  1.23e-13 6.68e-13  2.29e-01     2s
   8  -7.71894291e+03  9.04307529e+03  4.54e-14 1.91e-13  3.37e-02     2s
   9  -1.27505758e+03  1.50402548e+03  1.51e-14 4.71e-14  5.59e-03     2s
  10  -2.11591048e+02  1.74171686e+02  7.37e-15 5.68e-14  7.76e-04     2s
  11  -4.28150203e+01  3.09214061e+01  2.23e-15 2.84e-14  1.48e-04     2s
  12  -2.80524610e+00  8.41099952e+00  1.04e-15 4.26e-14  2.26e-05     2s
  13   3.64365728e+00  5.85494436e+00  2.78e-16 2.84e-14  4.45e-06     2s
  14   4.72295870e+00  5.55076627e+00  1.06e-16 4.26e-14  1.67e-06     2s
  15   5.17065018e+00  5.37655990e+00  3.66e-17 2.04e-14  4.14e-07     2s
  16   5.22779524e+00  5.35751253e+00  2.35e-17 2.13e-14  2.61e-07     3s
  17   5.29492222e+00  5.33328684e+00  2.05e-17 2.84e-14  7.72e-08     3s
  18   5.31034265e+00  5.32781876e+00  1.07e-17 2.84e-14  3.52e-08     3s
  19   5.32208854e+00  5.32373516e+00  2.16e-17 2.84e-14  3.31e-09     3s
  20   5.32319331e+00  5.32335167e+00  1.62e-17 2.84e-14  3.19e-10     3s
  21   5.32330849e+00  5.32331183e+00  1.49e-17 2.84e-14  6.71e-12     3s
  22   5.32331096e+00  5.32331097e+00  1.08e-16 2.13e-14  2.01e-14     3s
  23   5.32331097e+00  5.32331097e+00  2.12e-15 2.84e-14  4.69e-15     3s
  24   5.32331097e+00  5.32331097e+00  2.51e-15 2.84e-14  1.24e-15     3s
  25   5.32331097e+00  5.32331097e+00  1.17e-15 2.84e-14  3.18e-16     3s
  26   5.32331097e+00  5.32331097e+00  5.57e-16 1.51e-14  2.31e-16     3s
  27   5.32331097e+00  5.32331097e+00  3.67e-16 1.60e-14  9.92e-17     3s

Barrier solved model in 27 iterations and 3.37 seconds (3.15 work units)
Optimal objective 5.32331097e+00

objective value: 5.323310970974703
Done! Time elapsed: 25.749062538146973 seconds.
g_0_1: 1.0000003267672033
g_1_1: 1.0000001873971491
g_1_2: 1.0000005282938633
g_2_1: 1.0000003242262336
g_2_2: 1.0000009140308506
g_2_3: 1.0000003242262339
g_2_4: 1.0000009140308177
Parameters from last iteration: [0.17400006 0.70700013 0.17400009 0.70700023 0.17400016 0.70700023
 0.17400016]

Parameters from current iteration:
                [0.17400006 0.70700013 0.17400009 0.70700023 0.17400016 0.70700023
 0.17400016]


                Percentage Error = 8.454276799129867e-15
                
year done: 18
Time 19: 2
Optimization Iteration[1/20000]

Solving the optimization problem...
Set parameter TokenServer to value "licenses.rcc.uchicago.edu"
Read LP format model from file /scratch/local/jobs/50183986/tmp8g308smo.pyomo.lp
Reading time = 1.32 seconds
x1: 258121 rows, 502401 columns, 1259970 nonzeros
Set parameter Threads to value 8
Set parameter BarConvTol to value 1e-12
Gurobi Optimizer version 11.0.0 build v11.0.0rc2 (linux64 - "CentOS Linux 8")

CPU model: Intel(R) Xeon(R) Gold 6248R CPU @ 3.00GHz, instruction set [SSE2|AVX|AVX2|AVX512]
Thread count: 48 physical cores, 48 logical processors, using up to 8 threads

Optimize a model with 258121 rows, 502401 columns and 1259970 nonzeros
Model fingerprint: 0xd7d6dc78
Model has 3166 quadratic objective terms
Coefficient statistics:
  Matrix range     [1e+00, 1e+03]
  Objective range  [1e-06, 1e+02]
  QObjective range [3e-01, 3e+03]
  Bounds range     [3e-04, 1e+00]
  RHS range        [2e-17, 5e+00]
Presolve removed 131481 rows and 128813 columns
Presolve time: 0.54s
Presolved: 126640 rows, 373588 columns, 743932 nonzeros
Presolved model has 3166 quadratic objective terms
Ordering time: 0.15s

Barrier statistics:
 AA' NZ     : 3.709e+05
 Factor NZ  : 3.905e+06 (roughly 230 MB of memory)
 Factor Ops : 2.623e+08 (less than 1 second per iteration)
 Threads    : 8

                  Objective                Residual
Iter       Primal          Dual         Primal    Dual     Compl     Time
   0  -1.22466045e+09  8.63517430e+08  7.80e+04 1.14e-13  1.00e+06     1s
   1  -5.85742643e+08  5.07976565e+08  1.69e+04 1.44e+02  2.23e+05     1s
   2  -2.82434124e+08  2.81995032e+08  2.13e+02 8.69e-01  3.96e+03     1s
   3  -6.55833206e+07  6.61786544e+07  1.76e+00 1.55e-12  2.85e+02     1s
   4  -1.25708055e+07  1.31966994e+07  1.53e-01 4.43e-12  5.32e+01     1s
   5  -2.28690003e+06  2.53084314e+06  1.14e-02 1.25e-12  9.74e+00     1s
   6  -3.34323958e+05  3.84151475e+05  1.14e-08 7.84e-13  1.45e+00     2s
   7  -5.04582433e+04  6.35379957e+04  1.21e-13 6.11e-13  2.29e-01     2s
   8  -7.71917765e+03  9.04284055e+03  4.44e-14 1.77e-13  3.37e-02     2s
   9  -1.27529231e+03  1.50379074e+03  2.47e-14 5.68e-14  5.59e-03     2s
  10  -2.11825781e+02  1.73936953e+02  7.55e-15 2.84e-14  7.76e-04     2s
  11  -4.30497532e+01  3.06866732e+01  2.83e-15 2.84e-14  1.48e-04     2s
  12  -3.03997902e+00  8.17626660e+00  1.22e-15 4.26e-14  2.26e-05     2s
  13   3.40892436e+00  5.62021144e+00  2.73e-16 2.84e-14  4.45e-06     2s
  14   4.48822578e+00  5.31603335e+00  1.32e-16 2.84e-14  1.67e-06     2s
  15   4.93591726e+00  5.14182698e+00  3.21e-17 2.84e-14  4.14e-07     2s
  16   4.99306232e+00  5.12277960e+00  2.52e-17 2.84e-14  2.61e-07     3s
  17   5.06018930e+00  5.09855392e+00  1.82e-17 2.84e-14  7.72e-08     3s
  18   5.07560973e+00  5.09308583e+00  1.57e-17 5.68e-14  3.52e-08     3s
  19   5.08735562e+00  5.08900224e+00  2.24e-17 2.13e-14  3.31e-09     3s
  20   5.08846039e+00  5.08861874e+00  1.15e-17 2.84e-14  3.19e-10     3s
  21   5.08857557e+00  5.08857891e+00  1.62e-17 2.84e-14  6.71e-12     3s
  22   5.08857804e+00  5.08857805e+00  9.57e-17 2.26e-14  2.01e-14     3s
  23   5.08857805e+00  5.08857805e+00  2.22e-15 1.69e-14  4.76e-15     3s
  24   5.08857805e+00  5.08857805e+00  3.09e-15 2.40e-14  1.26e-15     3s
  25   5.08857805e+00  5.08857805e+00  1.24e-15 2.84e-14  3.22e-16     3s
  26   5.08857805e+00  5.08857805e+00  7.10e-16 2.13e-14  2.02e-16     3s
  27   5.08857805e+00  5.08857805e+00  3.59e-16 1.42e-14  1.29e-16     3s
  28   5.08857805e+00  5.08857805e+00  2.40e-16 1.42e-14  6.54e-17     3s

Barrier solved model in 28 iterations and 3.47 seconds (3.22 work units)
Optimal objective 5.08857805e+00

objective value: 5.088578049515426
Done! Time elapsed: 24.033414363861084 seconds.
g_0_1: 1.0000003267672006
g_1_1: 1.0000001873971505
g_1_2: 1.0000005282938615
g_2_1: 1.0000003242262343
g_2_2: 1.0000009140308386
g_2_3: 1.0000003242262345
g_2_4: 1.0000009140308166
Parameters from last iteration: [0.17400006 0.70700013 0.17400009 0.70700023 0.17400016 0.70700023
 0.17400016]

Parameters from current iteration:
                [0.17400006 0.70700013 0.17400009 0.70700023 0.17400016 0.70700023
 0.17400016]


                Percentage Error = 1.1963599244051598e-14
                
year done: 19
Time 20: 2
Optimization Iteration[1/20000]

Solving the optimization problem...
Set parameter TokenServer to value "licenses.rcc.uchicago.edu"
Read LP format model from file /scratch/local/jobs/50183986/tmpzk8gk23t.pyomo.lp
Reading time = 1.35 seconds
x1: 258121 rows, 502401 columns, 1259970 nonzeros
Set parameter Threads to value 8
Set parameter BarConvTol to value 1e-12
Gurobi Optimizer version 11.0.0 build v11.0.0rc2 (linux64 - "CentOS Linux 8")

CPU model: Intel(R) Xeon(R) Gold 6248R CPU @ 3.00GHz, instruction set [SSE2|AVX|AVX2|AVX512]
Thread count: 48 physical cores, 48 logical processors, using up to 8 threads

Optimize a model with 258121 rows, 502401 columns and 1259970 nonzeros
Model fingerprint: 0x1fe1a378
Model has 3166 quadratic objective terms
Coefficient statistics:
  Matrix range     [1e+00, 1e+03]
  Objective range  [1e-06, 1e+02]
  QObjective range [3e-01, 3e+03]
  Bounds range     [3e-04, 1e+00]
  RHS range        [2e-17, 6e+00]
Presolve removed 131481 rows and 128813 columns
Presolve time: 0.55s
Presolved: 126640 rows, 373588 columns, 743932 nonzeros
Presolved model has 3166 quadratic objective terms
Ordering time: 0.15s

Barrier statistics:
 AA' NZ     : 3.709e+05
 Factor NZ  : 3.905e+06 (roughly 230 MB of memory)
 Factor Ops : 2.623e+08 (less than 1 second per iteration)
 Threads    : 8

                  Objective                Residual
Iter       Primal          Dual         Primal    Dual     Compl     Time
   0  -1.22466045e+09  8.63517430e+08  7.80e+04 1.14e-13  1.00e+06     1s
   1  -5.85742643e+08  5.07976565e+08  1.69e+04 1.44e+02  2.23e+05     1s
   2  -2.82434124e+08  2.81995032e+08  2.13e+02 8.69e-01  3.96e+03     1s
   3  -6.55833208e+07  6.61786542e+07  1.76e+00 1.47e-12  2.85e+02     1s
   4  -1.25708057e+07  1.31966992e+07  1.53e-01 3.54e-12  5.32e+01     1s
   5  -2.28690026e+06  2.53084292e+06  1.14e-02 1.24e-12  9.74e+00     1s
   6  -3.34324182e+05  3.84151251e+05  1.14e-08 1.20e-12  1.45e+00     2s
   7  -5.04584675e+04  6.35377715e+04  1.15e-13 7.17e-13  2.29e-01     2s
   8  -7.71940181e+03  9.04261639e+03  3.84e-14 1.95e-13  3.37e-02     2s
   9  -1.27551648e+03  1.50356658e+03  2.84e-14 4.26e-14  5.59e-03     2s
  10  -2.12049950e+02  1.73712785e+02  5.79e-15 2.84e-14  7.76e-04     2s
  11  -4.32739214e+01  3.04625050e+01  2.85e-15 2.84e-14  1.48e-04     2s
  12  -3.26414722e+00  7.95209840e+00  1.99e-15 2.84e-14  2.26e-05     2s
  13   3.18475616e+00  5.39604324e+00  3.10e-16 2.84e-14  4.45e-06     2s
  14   4.26405758e+00  5.09186515e+00  1.17e-16 2.84e-14  1.67e-06     2s
  15   4.71174906e+00  4.91765878e+00  4.58e-17 2.84e-14  4.14e-07     2s
  16   4.76889412e+00  4.89861141e+00  2.86e-17 2.84e-14  2.61e-07     3s
  17   4.83602110e+00  4.87438572e+00  1.95e-17 2.93e-14  7.72e-08     3s
  18   4.85144153e+00  4.86891763e+00  1.16e-17 1.42e-14  3.52e-08     3s
  19   4.86318742e+00  4.86483404e+00  2.63e-17 2.84e-14  3.31e-09     3s
  20   4.86429219e+00  4.86445055e+00  1.24e-17 1.42e-14  3.19e-10     3s
  21   4.86440737e+00  4.86441071e+00  1.86e-17 2.84e-14  6.71e-12     3s
  22   4.86440984e+00  4.86440985e+00  9.56e-17 2.84e-14  2.01e-14     3s
  23   4.86440985e+00  4.86440985e+00  2.60e-15 1.42e-14  4.93e-15     3s
  24   4.86440985e+00  4.86440985e+00  2.63e-15 2.84e-14  1.30e-15     3s
  25   4.86440985e+00  4.86440985e+00  1.40e-15 2.84e-14  3.35e-16     3s
  26   4.86440985e+00  4.86440985e+00  7.86e-16 2.84e-14  1.95e-16     3s
  27   4.86440985e+00  4.86440985e+00  5.45e-16 1.60e-14  1.36e-16     3s
  28   4.86440985e+00  4.86440985e+00  4.12e-16 1.42e-14  6.96e-17     3s

Barrier solved model in 28 iterations and 3.48 seconds (3.22 work units)
Optimal objective 4.86440985e+00

objective value: 4.864409849818297
Done! Time elapsed: 24.23552417755127 seconds.
g_0_1: 1.000000326767201
g_1_1: 1.0000001873971502
g_1_2: 1.0000005282938618
g_2_1: 1.0000003242262343
g_2_2: 1.00000091403084
g_2_3: 1.0000003242262345
g_2_4: 1.0000009140308168
Parameters from last iteration: [0.17400006 0.70700013 0.17400009 0.70700023 0.17400016 0.70700023
 0.17400016]

Parameters from current iteration:
                [0.17400006 0.70700013 0.17400009 0.70700023 0.17400016 0.70700023
 0.17400016]


                Percentage Error = 1.2761172526988523e-15
                
year done: 20
Time 21: 2
Optimization Iteration[1/20000]

Solving the optimization problem...
Set parameter TokenServer to value "licenses.rcc.uchicago.edu"
Read LP format model from file /scratch/local/jobs/50183986/tmp61pum7ce.pyomo.lp
Reading time = 1.34 seconds
x1: 258121 rows, 502401 columns, 1259970 nonzeros
Set parameter Threads to value 8
Set parameter BarConvTol to value 1e-12
Gurobi Optimizer version 11.0.0 build v11.0.0rc2 (linux64 - "CentOS Linux 8")

CPU model: Intel(R) Xeon(R) Gold 6248R CPU @ 3.00GHz, instruction set [SSE2|AVX|AVX2|AVX512]
Thread count: 48 physical cores, 48 logical processors, using up to 8 threads

Optimize a model with 258121 rows, 502401 columns and 1259970 nonzeros
Model fingerprint: 0xd3376003
Model has 3166 quadratic objective terms
Coefficient statistics:
  Matrix range     [1e+00, 1e+03]
  Objective range  [1e-06, 1e+02]
  QObjective range [3e-01, 3e+03]
  Bounds range     [3e-04, 1e+00]
  RHS range        [2e-17, 6e+00]
Presolve removed 131481 rows and 128813 columns
Presolve time: 0.56s
Presolved: 126640 rows, 373588 columns, 743932 nonzeros
Presolved model has 3166 quadratic objective terms
Ordering time: 0.15s

Barrier statistics:
 AA' NZ     : 3.709e+05
 Factor NZ  : 3.905e+06 (roughly 230 MB of memory)
 Factor Ops : 2.623e+08 (less than 1 second per iteration)
 Threads    : 8

                  Objective                Residual
Iter       Primal          Dual         Primal    Dual     Compl     Time
   0  -1.22466045e+09  8.63517430e+08  7.80e+04 1.14e-13  1.00e+06     1s
   1  -5.85742643e+08  5.07976564e+08  1.69e+04 1.44e+02  2.23e+05     1s
   2  -2.82434124e+08  2.81995031e+08  2.13e+02 8.69e-01  3.96e+03     1s
   3  -6.55833210e+07  6.61786540e+07  1.76e+00 1.39e-12  2.85e+02     1s
   4  -1.25708060e+07  1.31966990e+07  1.53e-01 3.34e-12  5.32e+01     1s
   5  -2.28690047e+06  2.53084270e+06  1.14e-02 1.20e-12  9.74e+00     1s
   6  -3.34324396e+05  3.84151037e+05  1.14e-08 7.89e-13  1.45e+00     2s
   7  -5.04586815e+04  6.35375575e+04  1.34e-13 6.24e-13  2.29e-01     2s
   8  -7.71961589e+03  9.04240231e+03  4.34e-14 1.83e-13  3.37e-02     2s
   9  -1.27573056e+03  1.50335250e+03  1.68e-14 5.68e-14  5.59e-03     2s
  10  -2.12264029e+02  1.73498706e+02  1.12e-14 2.84e-14  7.76e-04     2s
  11  -4.34880004e+01  3.02484260e+01  2.02e-15 2.84e-14  1.48e-04     2s
  12  -3.47822619e+00  7.73801943e+00  1.18e-15 2.84e-14  2.26e-05     2s
  13   2.97067719e+00  5.18196427e+00  3.23e-16 2.84e-14  4.45e-06     2s
  14   4.04997861e+00  4.87778618e+00  1.15e-16 3.02e-14  1.67e-06     2s
  15   4.49767009e+00  4.70357981e+00  4.34e-17 1.51e-14  4.14e-07     2s
  16   4.55481515e+00  4.68453244e+00  3.16e-17 2.84e-14  2.61e-07     3s
  17   4.62194213e+00  4.66030675e+00  1.46e-17 2.84e-14  7.72e-08     3s
  18   4.63736256e+00  4.65483867e+00  1.34e-17 1.78e-14  3.52e-08     3s
  19   4.64910845e+00  4.65075507e+00  2.29e-17 2.84e-14  3.31e-09     3s
  20   4.65021322e+00  4.65037158e+00  1.11e-17 2.84e-14  3.19e-10     3s
  21   4.65032840e+00  4.65033174e+00  2.47e-17 2.84e-14  6.71e-12     3s
  22   4.65033087e+00  4.65033088e+00  9.96e-17 2.84e-14  2.01e-14     3s
  23   4.65033088e+00  4.65033088e+00  2.64e-15 2.84e-14  4.99e-15     3s
  24   4.65033088e+00  4.65033088e+00  2.68e-15 2.84e-14  1.32e-15     3s
  25   4.65033088e+00  4.65033088e+00  1.48e-15 2.84e-14  3.40e-16     3s
  26   4.65033088e+00  4.65033088e+00  8.16e-16 2.84e-14  1.93e-16     3s
  27   4.65033088e+00  4.65033088e+00  5.77e-16 1.87e-14  1.54e-16     3s
  28   4.65033088e+00  4.65033088e+00  5.64e-16 2.84e-14  7.34e-17     3s

Barrier solved model in 28 iterations and 3.49 seconds (3.22 work units)
Optimal objective 4.65033088e+00

objective value: 4.6503308810906585
Done! Time elapsed: 24.59870934486389 seconds.
g_0_1: 1.0000003267672013
g_1_1: 1.00000018739715
g_1_2: 1.000000528293862
g_2_1: 1.0000003242262343
g_2_2: 1.0000009140308415
g_2_3: 1.0000003242262345
g_2_4: 1.0000009140308168
Parameters from last iteration: [0.17400006 0.70700013 0.17400009 0.70700023 0.17400016 0.70700023
 0.17400016]

Parameters from current iteration:
                [0.17400006 0.70700013 0.17400009 0.70700023 0.17400016 0.70700023
 0.17400016]


                Percentage Error = 1.5951465658735636e-15
                
year done: 21
Time 22: 2
Optimization Iteration[1/20000]

Solving the optimization problem...
Set parameter TokenServer to value "licenses.rcc.uchicago.edu"
Read LP format model from file /scratch/local/jobs/50183986/tmpa4cm9ru7.pyomo.lp
Reading time = 1.33 seconds
x1: 258121 rows, 502401 columns, 1259970 nonzeros
Set parameter Threads to value 8
Set parameter BarConvTol to value 1e-12
Gurobi Optimizer version 11.0.0 build v11.0.0rc2 (linux64 - "CentOS Linux 8")

CPU model: Intel(R) Xeon(R) Gold 6248R CPU @ 3.00GHz, instruction set [SSE2|AVX|AVX2|AVX512]
Thread count: 48 physical cores, 48 logical processors, using up to 8 threads

Optimize a model with 258121 rows, 502401 columns and 1259970 nonzeros
Model fingerprint: 0xe1b269bd
Model has 3166 quadratic objective terms
Coefficient statistics:
  Matrix range     [1e+00, 1e+03]
  Objective range  [1e-06, 1e+02]
  QObjective range [3e-01, 3e+03]
  Bounds range     [3e-04, 1e+00]
  RHS range        [2e-17, 6e+00]
Presolve removed 131481 rows and 128813 columns
Presolve time: 0.54s
Presolved: 126640 rows, 373588 columns, 743932 nonzeros
Presolved model has 3166 quadratic objective terms
Ordering time: 0.15s

Barrier statistics:
 AA' NZ     : 3.709e+05
 Factor NZ  : 3.905e+06 (roughly 230 MB of memory)
 Factor Ops : 2.623e+08 (less than 1 second per iteration)
 Threads    : 8

                  Objective                Residual
Iter       Primal          Dual         Primal    Dual     Compl     Time
   0  -1.22466045e+09  8.63517430e+08  7.80e+04 1.14e-13  1.00e+06     1s
   1  -5.85742643e+08  5.07976564e+08  1.69e+04 1.44e+02  2.23e+05     1s
   2  -2.82434125e+08  2.81995031e+08  2.13e+02 8.69e-01  3.96e+03     1s
   3  -6.55833212e+07  6.61786538e+07  1.76e+00 1.45e-12  2.85e+02     1s
   4  -1.25708062e+07  1.31966988e+07  1.53e-01 4.83e-12  5.32e+01     1s
   5  -2.28690067e+06  2.53084250e+06  1.14e-02 1.25e-12  9.74e+00     1s
   6  -3.34324601e+05  3.84150832e+05  1.14e-08 9.26e-13  1.45e+00     2s
   7  -5.04588860e+04  6.35373530e+04  1.24e-13 6.03e-13  2.29e-01     2s
   8  -7.71982034e+03  9.04219786e+03  4.47e-14 1.85e-13  3.37e-02     2s
   9  -1.27593500e+03  1.50314805e+03  1.50e-14 5.68e-14  5.59e-03     2s
  10  -2.12468472e+02  1.73294262e+02  6.92e-15 2.84e-14  7.76e-04     2s
  11  -4.36924442e+01  3.00439822e+01  2.44e-15 4.26e-14  1.48e-04     2s
  12  -3.68267002e+00  7.53357560e+00  1.36e-15 2.84e-14  2.26e-05     2s
  13   2.76623336e+00  4.97752044e+00  2.57e-16 1.42e-14  4.45e-06     2s
  14   3.84553478e+00  4.67334235e+00  1.14e-16 5.68e-14  1.67e-06     2s
  15   4.29322626e+00  4.49913598e+00  4.05e-17 1.69e-14  4.14e-07     2s
  16   4.35037132e+00  4.48008861e+00  2.30e-17 2.84e-14  2.61e-07     3s
  17   4.41749831e+00  4.45586292e+00  1.48e-17 2.84e-14  7.72e-08     3s
  18   4.43291873e+00  4.45039484e+00  1.15e-17 2.84e-14  3.52e-08     3s
  19   4.44466463e+00  4.44631124e+00  2.53e-17 2.84e-14  3.31e-09     3s
  20   4.44576940e+00  4.44592775e+00  1.01e-17 2.84e-14  3.19e-10     3s
  21   4.44588458e+00  4.44588791e+00  1.58e-17 2.84e-14  6.71e-12     3s
  22   4.44588705e+00  4.44588706e+00  1.01e-16 2.84e-14  2.01e-14     3s
  23   4.44588705e+00  4.44588705e+00  2.61e-15 2.84e-14  5.01e-15     3s
  24   4.44588705e+00  4.44588705e+00  3.67e-15 2.84e-14  1.32e-15     3s
  25   4.44588705e+00  4.44588705e+00  1.48e-15 5.68e-14  3.41e-16     3s
  26   4.44588705e+00  4.44588705e+00  9.65e-16 1.60e-14  1.92e-16     3s
  27   4.44588705e+00  4.44588705e+00  5.88e-16 1.51e-14  1.33e-16     3s
  28   4.44588705e+00  4.44588705e+00  4.53e-16 1.42e-14  6.80e-17     3s

Barrier solved model in 28 iterations and 3.46 seconds (3.22 work units)
Optimal objective 4.44588705e+00

objective value: 4.44588705314055
Done! Time elapsed: 24.31171727180481 seconds.
g_0_1: 1.0000003267672013
g_1_1: 1.0000001873971502
g_1_2: 1.000000528293862
g_2_1: 1.0000003242262343
g_2_2: 1.0000009140308392
g_2_3: 1.0000003242262345
g_2_4: 1.0000009140308168
Parameters from last iteration: [0.17400006 0.70700013 0.17400009 0.70700023 0.17400016 0.70700023
 0.17400016]

Parameters from current iteration:
                [0.17400006 0.70700013 0.17400009 0.70700023 0.17400016 0.70700023
 0.17400016]


                Percentage Error = 2.2332051922229855e-15
                
year done: 22
Time 23: 2
Optimization Iteration[1/20000]

Solving the optimization problem...
Set parameter TokenServer to value "licenses.rcc.uchicago.edu"
Read LP format model from file /scratch/local/jobs/50183986/tmpjnvu69x6.pyomo.lp
Reading time = 1.33 seconds
x1: 258121 rows, 502401 columns, 1259970 nonzeros
Set parameter Threads to value 8
Set parameter BarConvTol to value 1e-12
Gurobi Optimizer version 11.0.0 build v11.0.0rc2 (linux64 - "CentOS Linux 8")

CPU model: Intel(R) Xeon(R) Gold 6248R CPU @ 3.00GHz, instruction set [SSE2|AVX|AVX2|AVX512]
Thread count: 48 physical cores, 48 logical processors, using up to 8 threads

Optimize a model with 258121 rows, 502401 columns and 1259970 nonzeros
Model fingerprint: 0x7bbbbd60
Model has 3166 quadratic objective terms
Coefficient statistics:
  Matrix range     [1e+00, 1e+03]
  Objective range  [1e-06, 1e+02]
  QObjective range [3e-01, 3e+03]
  Bounds range     [3e-04, 1e+00]
  RHS range        [2e-17, 6e+00]
Presolve removed 131481 rows and 128813 columns
Presolve time: 0.54s
Presolved: 126640 rows, 373588 columns, 743932 nonzeros
Presolved model has 3166 quadratic objective terms
Ordering time: 0.16s

Barrier statistics:
 AA' NZ     : 3.709e+05
 Factor NZ  : 3.905e+06 (roughly 230 MB of memory)
 Factor Ops : 2.623e+08 (less than 1 second per iteration)
 Threads    : 8

                  Objective                Residual
Iter       Primal          Dual         Primal    Dual     Compl     Time
   0  -1.22466045e+09  8.63517429e+08  7.80e+04 1.14e-13  1.00e+06     1s
   1  -5.85742643e+08  5.07976564e+08  1.69e+04 1.44e+02  2.23e+05     1s
   2  -2.82434125e+08  2.81995031e+08  2.13e+02 8.69e-01  3.96e+03     1s
   3  -6.55833214e+07  6.61786536e+07  1.76e+00 1.44e-12  2.85e+02     1s
   4  -1.25708064e+07  1.31966986e+07  1.53e-01 4.28e-12  5.32e+01     1s
   5  -2.28690087e+06  2.53084230e+06  1.14e-02 1.23e-12  9.74e+00     1s
   6  -3.34324796e+05  3.84150637e+05  1.14e-08 7.53e-13  1.45e+00     2s
   7  -5.04590812e+04  6.35371578e+04  1.12e-13 6.74e-13  2.29e-01     2s
   8  -7.72001558e+03  9.04200262e+03  4.41e-14 2.08e-13  3.37e-02     2s
   9  -1.27613025e+03  1.50295281e+03  1.56e-14 4.66e-14  5.59e-03     2s
  10  -2.12663715e+02  1.73099020e+02  9.80e-15 5.68e-14  7.76e-04     2s
  11  -4.38876866e+01  2.98487399e+01  2.45e-15 2.84e-14  1.48e-04     2s
  12  -3.87791236e+00  7.33833326e+00  1.24e-15 2.84e-14  2.26e-05     2s
  13   2.57099102e+00  4.78227810e+00  2.74e-16 2.84e-14  4.45e-06     2s
  14   3.65029244e+00  4.47810001e+00  1.31e-16 4.26e-14  1.67e-06     2s
  15   4.09798392e+00  4.30389364e+00  4.21e-17 2.84e-14  4.14e-07     2s
  16   4.15512898e+00  4.28484627e+00  2.05e-17 2.84e-14  2.61e-07     3s
  17   4.22225597e+00  4.26062058e+00  2.09e-17 2.84e-14  7.72e-08     3s
  18   4.23767639e+00  4.25515250e+00  1.19e-17 2.84e-14  3.52e-08     3s
  19   4.24942229e+00  4.25106890e+00  3.82e-17 2.84e-14  3.31e-09     3s
  20   4.25052706e+00  4.25068541e+00  1.25e-17 2.84e-14  3.19e-10     3s
  21   4.25064224e+00  4.25064557e+00  1.72e-17 2.84e-14  6.71e-12     3s
  22   4.25064471e+00  4.25064472e+00  9.16e-17 2.84e-14  2.01e-14     3s
  23   4.25064471e+00  4.25064471e+00  2.83e-15 2.84e-14  5.01e-15     3s
  24   4.25064471e+00  4.25064471e+00  3.30e-15 2.13e-14  1.32e-15     3s
  25   4.25064471e+00  4.25064471e+00  2.24e-15 2.84e-14  3.40e-16     3s
  26   4.25064471e+00  4.25064471e+00  1.03e-15 2.84e-14  1.94e-16     3s
  27   4.25064471e+00  4.25064471e+00  5.57e-16 2.84e-14  1.09e-16     3s
  28   4.25064471e+00  4.25064471e+00  4.30e-16 2.84e-14  6.03e-17     3s

Barrier solved model in 28 iterations and 3.47 seconds (3.22 work units)
Optimal objective 4.25064471e+00

objective value: 4.2506447131956255
Done! Time elapsed: 25.788624048233032 seconds.
g_0_1: 1.0000003267672004
g_1_1: 1.0000001873971505
g_1_2: 1.0000005282938613
g_2_1: 1.0000003242262345
g_2_2: 1.0000009140308366
g_2_3: 1.0000003242262347
g_2_4: 1.0000009140308166
Parameters from last iteration: [0.17400006 0.70700013 0.17400009 0.70700023 0.17400016 0.70700023
 0.17400016]

Parameters from current iteration:
                [0.17400006 0.70700013 0.17400009 0.70700023 0.17400016 0.70700023
 0.17400016]


                Percentage Error = 2.552234505397703e-15
                
year done: 23
Time 24: 2
Optimization Iteration[1/20000]

Solving the optimization problem...
Set parameter TokenServer to value "licenses.rcc.uchicago.edu"
Read LP format model from file /scratch/local/jobs/50183986/tmp0x6aaspb.pyomo.lp
Reading time = 1.36 seconds
x1: 258121 rows, 502401 columns, 1259970 nonzeros
Set parameter Threads to value 8
Set parameter BarConvTol to value 1e-12
Gurobi Optimizer version 11.0.0 build v11.0.0rc2 (linux64 - "CentOS Linux 8")

CPU model: Intel(R) Xeon(R) Gold 6248R CPU @ 3.00GHz, instruction set [SSE2|AVX|AVX2|AVX512]
Thread count: 48 physical cores, 48 logical processors, using up to 8 threads

Optimize a model with 258121 rows, 502401 columns and 1259970 nonzeros
Model fingerprint: 0xcc3462ab
Model has 3166 quadratic objective terms
Coefficient statistics:
  Matrix range     [1e+00, 1e+03]
  Objective range  [1e-06, 1e+02]
  QObjective range [3e-01, 3e+03]
  Bounds range     [3e-04, 1e+00]
  RHS range        [2e-17, 6e+00]
Presolve removed 131481 rows and 128813 columns
Presolve time: 0.54s
Presolved: 126640 rows, 373588 columns, 743932 nonzeros
Presolved model has 3166 quadratic objective terms
Ordering time: 0.16s

Barrier statistics:
 AA' NZ     : 3.709e+05
 Factor NZ  : 3.905e+06 (roughly 230 MB of memory)
 Factor Ops : 2.623e+08 (less than 1 second per iteration)
 Threads    : 8

                  Objective                Residual
Iter       Primal          Dual         Primal    Dual     Compl     Time
   0  -1.22466045e+09  8.63517429e+08  7.80e+04 1.14e-13  1.00e+06     1s
   1  -5.85742644e+08  5.07976564e+08  1.69e+04 1.44e+02  2.23e+05     1s
   2  -2.82434125e+08  2.81995031e+08  2.13e+02 8.69e-01  3.96e+03     1s
   3  -6.55833216e+07  6.61786534e+07  1.76e+00 1.45e-12  2.85e+02     1s
   4  -1.25708065e+07  1.31966984e+07  1.53e-01 3.89e-12  5.32e+01     1s
   5  -2.28690106e+06  2.53084212e+06  1.14e-02 1.14e-12  9.74e+00     1s
   6  -3.34324983e+05  3.84150451e+05  1.14e-08 7.92e-13  1.45e+00     2s
   7  -5.04592677e+04  6.35369713e+04  1.33e-13 6.95e-13  2.29e-01     2s
   8  -7.72020203e+03  9.04181617e+03  5.07e-14 1.79e-13  3.37e-02     2s
   9  -1.27631670e+03  1.50276636e+03  1.67e-14 4.62e-14  5.59e-03     2s
  10  -2.12850170e+02  1.72912565e+02  1.02e-14 2.84e-14  7.76e-04     2s
  11  -4.40741416e+01  2.96622849e+01  2.17e-15 2.84e-14  1.48e-04     2s
  12  -4.06436734e+00  7.15187828e+00  1.67e-15 2.84e-14  2.26e-05     2s
  13   2.38453604e+00  4.59582312e+00  3.18e-16 2.84e-14  4.45e-06     2s
  14   3.46383746e+00  4.29164503e+00  1.32e-16 2.84e-14  1.67e-06     2s
  15   3.91152894e+00  4.11743866e+00  4.03e-17 2.84e-14  4.14e-07     2s
  16   3.96867400e+00  4.09839128e+00  2.13e-17 2.84e-14  2.61e-07     3s
  17   4.03580098e+00  4.07416559e+00  1.55e-17 1.87e-14  7.72e-08     3s
  18   4.05122140e+00  4.06869751e+00  1.11e-17 2.84e-14  3.52e-08     3s
  19   4.06296730e+00  4.06461391e+00  2.33e-17 2.84e-14  3.31e-09     3s
  20   4.06407207e+00  4.06423042e+00  1.19e-17 2.84e-14  3.19e-10     3s
  21   4.06418725e+00  4.06419058e+00  1.64e-17 2.84e-14  6.71e-12     3s
  22   4.06418972e+00  4.06418973e+00  1.13e-16 2.84e-14  2.01e-14     3s
  23   4.06418972e+00  4.06418973e+00  3.26e-15 1.69e-14  5.00e-15     3s
  24   4.06418973e+00  4.06418973e+00  2.37e-15 2.84e-14  1.32e-15     3s
  25   4.06418973e+00  4.06418973e+00  1.30e-15 2.84e-14  3.39e-16     3s
  26   4.06418973e+00  4.06418973e+00  8.05e-16 2.84e-14  1.93e-16     3s
  27   4.06418973e+00  4.06418973e+00  6.86e-16 1.69e-14  8.81e-17     3s

Barrier solved model in 27 iterations and 3.39 seconds (3.15 work units)
Optimal objective 4.06418973e+00

objective value: 4.064189726062036
Done! Time elapsed: 24.007023572921753 seconds.
g_0_1: 1.0000003267672022
g_1_1: 1.0000001873971496
g_1_2: 1.0000005282938624
g_2_1: 1.0000003242262339
g_2_2: 1.0000009140308468
g_2_3: 1.000000324226234
g_2_4: 1.0000009140308173
Parameters from last iteration: [0.17400006 0.70700013 0.17400009 0.70700023 0.17400016 0.70700023
 0.17400016]

Parameters from current iteration:
                [0.17400006 0.70700013 0.17400009 0.70700023 0.17400016 0.70700023
 0.17400016]


                Percentage Error = 1.0208938021590839e-14
                
year done: 24
Time 25: 2
Optimization Iteration[1/20000]

Solving the optimization problem...
Set parameter TokenServer to value "licenses.rcc.uchicago.edu"
Read LP format model from file /scratch/local/jobs/50183986/tmp17fbkczc.pyomo.lp
Reading time = 1.33 seconds
x1: 258121 rows, 502401 columns, 1259970 nonzeros
Set parameter Threads to value 8
Set parameter BarConvTol to value 1e-12
Gurobi Optimizer version 11.0.0 build v11.0.0rc2 (linux64 - "CentOS Linux 8")

CPU model: Intel(R) Xeon(R) Gold 6248R CPU @ 3.00GHz, instruction set [SSE2|AVX|AVX2|AVX512]
Thread count: 48 physical cores, 48 logical processors, using up to 8 threads

Optimize a model with 258121 rows, 502401 columns and 1259970 nonzeros
Model fingerprint: 0xc7424c72
Model has 3166 quadratic objective terms
Coefficient statistics:
  Matrix range     [1e+00, 1e+03]
  Objective range  [1e-06, 1e+02]
  QObjective range [3e-01, 3e+03]
  Bounds range     [3e-04, 1e+00]
  RHS range        [2e-17, 6e+00]
Presolve removed 131481 rows and 128813 columns
Presolve time: 0.54s
Presolved: 126640 rows, 373588 columns, 743932 nonzeros
Presolved model has 3166 quadratic objective terms
Ordering time: 0.15s

Barrier statistics:
 AA' NZ     : 3.709e+05
 Factor NZ  : 3.905e+06 (roughly 230 MB of memory)
 Factor Ops : 2.623e+08 (less than 1 second per iteration)
 Threads    : 8

                  Objective                Residual
Iter       Primal          Dual         Primal    Dual     Compl     Time
   0  -1.22466045e+09  8.63517429e+08  7.80e+04 1.13e-13  1.00e+06     1s
   1  -5.85742644e+08  5.07976564e+08  1.69e+04 1.44e+02  2.23e+05     1s
   2  -2.82434125e+08  2.81995031e+08  2.13e+02 8.69e-01  3.96e+03     1s
   3  -6.55833218e+07  6.61786532e+07  1.76e+00 1.42e-12  2.85e+02     1s
   4  -1.25708067e+07  1.31966982e+07  1.53e-01 5.12e-12  5.32e+01     1s
   5  -2.28690123e+06  2.53084194e+06  1.14e-02 1.21e-12  9.74e+00     1s
   6  -3.34325161e+05  3.84150273e+05  1.14e-08 1.01e-12  1.45e+00     2s
   7  -5.04594458e+04  6.35367933e+04  1.58e-13 5.98e-13  2.29e-01     2s
   8  -7.72038010e+03  9.04163810e+03  3.86e-14 2.03e-13  3.37e-02     2s
   9  -1.27649476e+03  1.50258829e+03  1.83e-14 4.26e-14  5.59e-03     2s
  10  -2.13028233e+02  1.72734502e+02  7.78e-15 4.26e-14  7.76e-04     2s
  11  -4.42522047e+01  2.94842217e+01  2.21e-15 2.84e-14  1.48e-04     2s
  12  -4.24243047e+00  6.97381515e+00  1.65e-15 2.84e-14  2.26e-05     2s
  13   2.20647290e+00  4.41775999e+00  2.45e-16 2.84e-14  4.45e-06     2s
  14   3.28577433e+00  4.11358190e+00  1.92e-16 2.84e-14  1.67e-06     2s
  15   3.73346581e+00  3.93937553e+00  5.27e-17 1.95e-14  4.14e-07     2s
  16   3.79061087e+00  3.92032815e+00  1.92e-17 2.84e-14  2.61e-07     3s
  17   3.85773785e+00  3.89610246e+00  1.96e-17 2.84e-14  7.72e-08     3s
  18   3.87315827e+00  3.89063438e+00  1.02e-17 2.84e-14  3.52e-08     3s
  19   3.88490417e+00  3.88655078e+00  2.01e-17 4.26e-14  3.31e-09     3s
  20   3.88600894e+00  3.88616729e+00  1.17e-17 2.13e-14  3.19e-10     3s
  21   3.88612412e+00  3.88612745e+00  1.78e-17 2.84e-14  6.71e-12     3s
  22   3.88612659e+00  3.88612660e+00  1.39e-16 2.84e-14  2.01e-14     3s
  23   3.88612659e+00  3.88612660e+00  1.87e-15 2.84e-14  4.99e-15     3s
  24   3.88612660e+00  3.88612660e+00  3.16e-15 2.84e-14  1.31e-15     3s
  25   3.88612660e+00  3.88612660e+00  1.39e-15 2.84e-14  3.37e-16     3s
  26   3.88612660e+00  3.88612660e+00  9.00e-16 1.60e-14  1.92e-16     3s
  27   3.88612660e+00  3.88612660e+00  7.20e-16 1.42e-14  9.18e-17     3s

Barrier solved model in 27 iterations and 3.38 seconds (3.15 work units)
Optimal objective 3.88612660e+00

objective value: 3.8861265957351105
Done! Time elapsed: 24.39952540397644 seconds.
g_0_1: 1.0000003267672029
g_1_1: 1.0000001873971496
g_1_2: 1.0000005282938629
g_2_1: 1.0000003242262336
g_2_2: 1.0000009140308481
g_2_3: 1.000000324226234
g_2_4: 1.0000009140308175
Parameters from last iteration: [0.17400006 0.70700013 0.17400009 0.70700023 0.17400016 0.70700023
 0.17400016]

Parameters from current iteration:
                [0.17400006 0.70700013 0.17400009 0.70700023 0.17400016 0.70700023
 0.17400016]


                Percentage Error = 1.2761172526988419e-15
                
year done: 25
Time 26: 2
Optimization Iteration[1/20000]

Solving the optimization problem...
Set parameter TokenServer to value "licenses.rcc.uchicago.edu"
Read LP format model from file /scratch/local/jobs/50183986/tmpnwvi2vj4.pyomo.lp
Reading time = 1.33 seconds
x1: 258121 rows, 502401 columns, 1259970 nonzeros
Set parameter Threads to value 8
Set parameter BarConvTol to value 1e-12
Gurobi Optimizer version 11.0.0 build v11.0.0rc2 (linux64 - "CentOS Linux 8")

CPU model: Intel(R) Xeon(R) Gold 6248R CPU @ 3.00GHz, instruction set [SSE2|AVX|AVX2|AVX512]
Thread count: 48 physical cores, 48 logical processors, using up to 8 threads

Optimize a model with 258121 rows, 502401 columns and 1259970 nonzeros
Model fingerprint: 0x52e1df9a
Model has 3166 quadratic objective terms
Coefficient statistics:
  Matrix range     [1e+00, 1e+03]
  Objective range  [1e-06, 1e+02]
  QObjective range [3e-01, 3e+03]
  Bounds range     [3e-04, 1e+00]
  RHS range        [2e-17, 6e+00]
Presolve removed 131481 rows and 128813 columns
Presolve time: 0.55s
Presolved: 126640 rows, 373588 columns, 743932 nonzeros
Presolved model has 3166 quadratic objective terms
Ordering time: 0.15s

Barrier statistics:
 AA' NZ     : 3.709e+05
 Factor NZ  : 3.905e+06 (roughly 230 MB of memory)
 Factor Ops : 2.623e+08 (less than 1 second per iteration)
 Threads    : 8

                  Objective                Residual
Iter       Primal          Dual         Primal    Dual     Compl     Time
   0  -1.22466045e+09  8.63517429e+08  7.80e+04 1.13e-13  1.00e+06     1s
   1  -5.85742644e+08  5.07976563e+08  1.69e+04 1.44e+02  2.23e+05     1s
   2  -2.82434125e+08  2.81995030e+08  2.13e+02 8.69e-01  3.96e+03     1s
   3  -6.55833219e+07  6.61786530e+07  1.76e+00 1.48e-12  2.85e+02     1s
   4  -1.25708069e+07  1.31966980e+07  1.53e-01 3.77e-12  5.32e+01     1s
   5  -2.28690140e+06  2.53084177e+06  1.14e-02 1.20e-12  9.74e+00     1s
   6  -3.34325331e+05  3.84150103e+05  1.14e-08 1.88e-12  1.45e+00     2s
   7  -5.04596158e+04  6.35366232e+04  1.01e-13 6.73e-13  2.29e-01     2s
   8  -7.72055015e+03  9.04146805e+03  3.09e-14 1.90e-13  3.37e-02     2s
   9  -1.27666481e+03  1.50241824e+03  1.76e-14 4.26e-14  5.59e-03     2s
  10  -2.13198282e+02  1.72564453e+02  8.79e-15 4.26e-14  7.76e-04     2s
  11  -4.44222537e+01  2.93141728e+01  1.83e-15 2.84e-14  1.48e-04     2s
  12  -4.41247944e+00  6.80376618e+00  1.81e-15 2.84e-14  2.26e-05     2s
  13   2.03642394e+00  4.24771102e+00  2.67e-16 4.26e-14  4.45e-06     2s
  14   3.11572536e+00  3.94353293e+00  1.20e-16 2.84e-14  1.67e-06     2s
  15   3.56341684e+00  3.76932656e+00  3.23e-17 2.84e-14  4.14e-07     2s
  16   3.62056190e+00  3.75027918e+00  2.82e-17 2.84e-14  2.61e-07     3s
  17   3.68768888e+00  3.72605349e+00  1.57e-17 2.84e-14  7.72e-08     3s
  18   3.70310930e+00  3.72058541e+00  1.37e-17 1.87e-14  3.52e-08     3s
  19   3.71485520e+00  3.71650181e+00  2.31e-17 2.84e-14  3.31e-09     3s
  20   3.71595997e+00  3.71611832e+00  1.28e-17 2.84e-14  3.19e-10     3s
  21   3.71607515e+00  3.71607848e+00  2.14e-17 2.84e-14  6.71e-12     3s
  22   3.71607762e+00  3.71607763e+00  1.11e-16 2.84e-14  2.01e-14     3s
  23   3.71607762e+00  3.71607763e+00  2.06e-15 2.84e-14  4.98e-15     3s
  24   3.71607763e+00  3.71607763e+00  2.63e-15 2.84e-14  1.31e-15     3s
  25   3.71607763e+00  3.71607763e+00  1.45e-15 2.84e-14  3.36e-16     3s
  26   3.71607763e+00  3.71607763e+00  7.60e-16 2.13e-14  1.91e-16     3s
  27   3.71607763e+00  3.71607763e+00  7.94e-16 2.84e-14  9.59e-17     3s

Barrier solved model in 27 iterations and 3.39 seconds (3.15 work units)
Optimal objective 3.71607763e+00

objective value: 3.7160776264327553
Done! Time elapsed: 23.95397400856018 seconds.
g_0_1: 1.0000003267672029
g_1_1: 1.0000001873971494
g_1_2: 1.0000005282938629
g_2_1: 1.0000003242262336
g_2_2: 1.0000009140308495
g_2_3: 1.000000324226234
g_2_4: 1.0000009140308175
Parameters from last iteration: [0.17400006 0.70700013 0.17400009 0.70700023 0.17400016 0.70700023
 0.17400016]

Parameters from current iteration:
                [0.17400006 0.70700013 0.17400009 0.70700023 0.17400016 0.70700023
 0.17400016]


                Percentage Error = 1.2761172526988403e-15
                
year done: 26
Time 27: 2
Optimization Iteration[1/20000]

Solving the optimization problem...
Set parameter TokenServer to value "licenses.rcc.uchicago.edu"
Read LP format model from file /scratch/local/jobs/50183986/tmpr3pdpycg.pyomo.lp
Reading time = 1.32 seconds
x1: 258121 rows, 502401 columns, 1259970 nonzeros
Set parameter Threads to value 8
Set parameter BarConvTol to value 1e-12
Gurobi Optimizer version 11.0.0 build v11.0.0rc2 (linux64 - "CentOS Linux 8")

CPU model: Intel(R) Xeon(R) Gold 6248R CPU @ 3.00GHz, instruction set [SSE2|AVX|AVX2|AVX512]
Thread count: 48 physical cores, 48 logical processors, using up to 8 threads

Optimize a model with 258121 rows, 502401 columns and 1259970 nonzeros
Model fingerprint: 0xb40fc679
Model has 3166 quadratic objective terms
Coefficient statistics:
  Matrix range     [1e+00, 1e+03]
  Objective range  [1e-06, 1e+02]
  QObjective range [3e-01, 3e+03]
  Bounds range     [3e-04, 1e+00]
  RHS range        [3e-17, 6e+00]
Presolve removed 131481 rows and 128813 columns
Presolve time: 0.54s
Presolved: 126640 rows, 373588 columns, 743932 nonzeros
Presolved model has 3166 quadratic objective terms
Ordering time: 0.15s

Barrier statistics:
 AA' NZ     : 3.709e+05
 Factor NZ  : 3.905e+06 (roughly 230 MB of memory)
 Factor Ops : 2.623e+08 (less than 1 second per iteration)
 Threads    : 8

                  Objective                Residual
Iter       Primal          Dual         Primal    Dual     Compl     Time
   0  -1.22466045e+09  8.63517429e+08  7.80e+04 1.13e-13  1.00e+06     1s
   1  -5.85742644e+08  5.07976563e+08  1.69e+04 1.44e+02  2.23e+05     1s
   2  -2.82434126e+08  2.81995030e+08  2.13e+02 8.69e-01  3.96e+03     1s
   3  -6.55833221e+07  6.61786529e+07  1.76e+00 1.90e-12  2.85e+02     1s
   4  -1.25708071e+07  1.31966979e+07  1.53e-01 4.29e-12  5.32e+01     1s
   5  -2.28690157e+06  2.53084161e+06  1.14e-02 1.52e-12  9.74e+00     1s
   6  -3.34325493e+05  3.84149940e+05  1.14e-08 1.66e-12  1.45e+00     2s
   7  -5.04597782e+04  6.35364608e+04  1.67e-13 7.22e-13  2.29e-01     2s
   8  -7.72071254e+03  9.04130566e+03  4.74e-14 1.85e-13  3.37e-02     2s
   9  -1.27682721e+03  1.50225585e+03  1.82e-14 5.68e-14  5.59e-03     2s
  10  -2.13360677e+02  1.72402058e+02  6.86e-15 4.26e-14  7.76e-04     2s
  11  -4.45846492e+01  2.91517773e+01  2.16e-15 2.84e-14  1.48e-04     2s
  12  -4.57487495e+00  6.64137067e+00  1.51e-15 4.26e-14  2.26e-05     2s
  13   1.87402843e+00  4.08531551e+00  2.79e-16 2.84e-14  4.45e-06     2s
  14   2.95332985e+00  3.78113742e+00  1.22e-16 2.84e-14  1.67e-06     2s
  15   3.40102133e+00  3.60693105e+00  3.04e-17 2.84e-14  4.14e-07     2s
  16   3.45816639e+00  3.58788368e+00  2.37e-17 2.84e-14  2.61e-07     3s
  17   3.52529337e+00  3.56365799e+00  1.64e-17 2.84e-14  7.72e-08     3s
  18   3.54071380e+00  3.55818991e+00  1.11e-17 2.84e-14  3.52e-08     3s
  19   3.55245969e+00  3.55410631e+00  2.41e-17 2.84e-14  3.31e-09     3s
  20   3.55356446e+00  3.55372282e+00  1.40e-17 2.84e-14  3.19e-10     3s
  21   3.55367965e+00  3.55368298e+00  1.72e-17 2.84e-14  6.71e-12     3s
  22   3.55368211e+00  3.55368212e+00  1.15e-16 2.13e-14  2.01e-14     3s
  23   3.55368212e+00  3.55368212e+00  2.41e-15 2.84e-14  4.96e-15     3s
  24   3.55368212e+00  3.55368212e+00  3.14e-15 2.84e-14  1.31e-15     3s
  25   3.55368212e+00  3.55368212e+00  1.54e-15 2.84e-14  3.34e-16     3s
  26   3.55368212e+00  3.55368212e+00  9.03e-16 1.42e-14  1.90e-16     3s
  27   3.55368212e+00  3.55368212e+00  7.12e-16 1.42e-14  9.92e-17     3s

Barrier solved model in 27 iterations and 3.37 seconds (3.15 work units)
Optimal objective 3.55368212e+00

objective value: 3.553682121492286
Done! Time elapsed: 25.567657947540283 seconds.
g_0_1: 1.000000326767203
g_1_1: 1.0000001873971491
g_1_2: 1.000000528293863
g_2_1: 1.0000003242262336
g_2_2: 1.0000009140308506
g_2_3: 1.0000003242262339
g_2_4: 1.0000009140308177
Parameters from last iteration: [0.17400006 0.70700013 0.17400009 0.70700023 0.17400016 0.70700023
 0.17400016]

Parameters from current iteration:
                [0.17400006 0.70700013 0.17400009 0.70700023 0.17400016 0.70700023
 0.17400016]


                Percentage Error = 1.1166025961114837e-15
                
year done: 27
Time 28: 2
Optimization Iteration[1/20000]

Solving the optimization problem...
Set parameter TokenServer to value "licenses.rcc.uchicago.edu"
Read LP format model from file /scratch/local/jobs/50183986/tmpvkj_pm6g.pyomo.lp
Reading time = 1.33 seconds
x1: 258121 rows, 502401 columns, 1259970 nonzeros
Set parameter Threads to value 8
Set parameter BarConvTol to value 1e-12
Gurobi Optimizer version 11.0.0 build v11.0.0rc2 (linux64 - "CentOS Linux 8")

CPU model: Intel(R) Xeon(R) Gold 6248R CPU @ 3.00GHz, instruction set [SSE2|AVX|AVX2|AVX512]
Thread count: 48 physical cores, 48 logical processors, using up to 8 threads

Optimize a model with 258121 rows, 502401 columns and 1259970 nonzeros
Model fingerprint: 0x9c66868a
Model has 3166 quadratic objective terms
Coefficient statistics:
  Matrix range     [1e+00, 1e+03]
  Objective range  [1e-06, 1e+02]
  QObjective range [3e-01, 3e+03]
  Bounds range     [3e-04, 1e+00]
  RHS range        [3e-17, 6e+00]
Presolve removed 131481 rows and 128813 columns
Presolve time: 0.54s
Presolved: 126640 rows, 373588 columns, 743932 nonzeros
Presolved model has 3166 quadratic objective terms
Ordering time: 0.15s

Barrier statistics:
 AA' NZ     : 3.709e+05
 Factor NZ  : 3.905e+06 (roughly 230 MB of memory)
 Factor Ops : 2.623e+08 (less than 1 second per iteration)
 Threads    : 8

                  Objective                Residual
Iter       Primal          Dual         Primal    Dual     Compl     Time
   0  -1.22466045e+09  8.63517428e+08  7.80e+04 1.14e-13  1.00e+06     1s
   1  -5.85742644e+08  5.07976563e+08  1.69e+04 1.44e+02  2.23e+05     1s
   2  -2.82434126e+08  2.81995030e+08  2.13e+02 8.69e-01  3.96e+03     1s
   3  -6.55833223e+07  6.61786527e+07  1.76e+00 1.63e-12  2.85e+02     1s
   4  -1.25708072e+07  1.31966977e+07  1.53e-01 4.98e-12  5.32e+01     1s
   5  -2.28690172e+06  2.53084145e+06  1.14e-02 1.23e-12  9.74e+00     1s
   6  -3.34325648e+05  3.84149785e+05  1.14e-08 1.00e-12  1.45e+00     2s
   7  -5.04599333e+04  6.35363057e+04  1.07e-13 6.70e-13  2.29e-01     2s
   8  -7.72086763e+03  9.04115057e+03  4.15e-14 1.94e-13  3.37e-02     2s
   9  -1.27698230e+03  1.50210076e+03  1.75e-14 3.38e-14  5.59e-03     2s
  10  -2.13515764e+02  1.72246971e+02  1.27e-14 2.84e-14  7.76e-04     2s
  11  -4.47397357e+01  2.89966908e+01  2.04e-15 2.84e-14  1.48e-04     2s
  12  -4.72996145e+00  6.48628417e+00  1.43e-15 2.84e-14  2.26e-05     2s
  13   1.71894193e+00  3.93022901e+00  2.77e-16 2.84e-14  4.45e-06     2s
  14   2.79824335e+00  3.62605092e+00  1.47e-16 2.13e-14  1.67e-06     2s
  15   3.24593483e+00  3.45184455e+00  3.95e-17 2.84e-14  4.14e-07     2s
  16   3.30307989e+00  3.43279717e+00  2.85e-17 2.84e-14  2.61e-07     3s
  17   3.37020687e+00  3.40857148e+00  2.02e-17 2.84e-14  7.72e-08     3s
  18   3.38562729e+00  3.40310340e+00  1.26e-17 2.84e-14  3.52e-08     3s
  19   3.39737319e+00  3.39901981e+00  2.17e-17 2.84e-14  3.31e-09     3s
  20   3.39847796e+00  3.39863631e+00  1.64e-17 4.26e-14  3.19e-10     3s
  21   3.39859314e+00  3.39859647e+00  1.82e-17 2.84e-14  6.71e-12     3s
  22   3.39859561e+00  3.39859562e+00  9.70e-17 2.84e-14  2.01e-14     3s
  23   3.39859562e+00  3.39859562e+00  2.55e-15 2.84e-14  4.95e-15     3s
  24   3.39859562e+00  3.39859562e+00  3.54e-15 2.84e-14  1.30e-15     3s
  25   3.39859562e+00  3.39859562e+00  1.38e-15 2.84e-14  3.32e-16     3s
  26   3.39859562e+00  3.39859562e+00  1.12e-15 2.84e-14  1.88e-16     3s
  27   3.39859562e+00  3.39859562e+00  5.66e-16 2.84e-14  1.02e-16     3s
  28   3.39859562e+00  3.39859562e+00  4.12e-16 1.42e-14  5.55e-17     3s

Barrier solved model in 28 iterations and 3.45 seconds (3.22 work units)
Optimal objective 3.39859562e+00

objective value: 3.398595618291583
Done! Time elapsed: 23.937663793563843 seconds.
g_0_1: 1.0000003267672002
g_1_1: 1.0000001873971507
g_1_2: 1.0000005282938613
g_2_1: 1.0000003242262345
g_2_2: 1.000000914030835
g_2_3: 1.0000003242262347
g_2_4: 1.0000009140308166
Parameters from last iteration: [0.17400006 0.70700013 0.17400009 0.70700023 0.17400016 0.70700023
 0.17400016]

Parameters from current iteration:
                [0.17400006 0.70700013 0.17400009 0.70700023 0.17400016 0.70700023
 0.17400016]


                Percentage Error = 1.54729216889734e-14
                
year done: 28
Time 29: 2
Optimization Iteration[1/20000]

Solving the optimization problem...
Set parameter TokenServer to value "licenses.rcc.uchicago.edu"
Read LP format model from file /scratch/local/jobs/50183986/tmp_h810fvq.pyomo.lp
Reading time = 1.35 seconds
x1: 258121 rows, 502401 columns, 1259970 nonzeros
Set parameter Threads to value 8
Set parameter BarConvTol to value 1e-12
Gurobi Optimizer version 11.0.0 build v11.0.0rc2 (linux64 - "CentOS Linux 8")

CPU model: Intel(R) Xeon(R) Gold 6248R CPU @ 3.00GHz, instruction set [SSE2|AVX|AVX2|AVX512]
Thread count: 48 physical cores, 48 logical processors, using up to 8 threads

Optimize a model with 258121 rows, 502401 columns and 1259970 nonzeros
Model fingerprint: 0x70a6d9a0
Model has 3166 quadratic objective terms
Coefficient statistics:
  Matrix range     [1e+00, 1e+03]
  Objective range  [1e-06, 1e+02]
  QObjective range [3e-01, 3e+03]
  Bounds range     [3e-04, 1e+00]
  RHS range        [3e-17, 6e+00]
Presolve removed 131481 rows and 128813 columns
Presolve time: 0.55s
Presolved: 126640 rows, 373588 columns, 743932 nonzeros
Presolved model has 3166 quadratic objective terms
Ordering time: 0.15s

Barrier statistics:
 AA' NZ     : 3.709e+05
 Factor NZ  : 3.905e+06 (roughly 230 MB of memory)
 Factor Ops : 2.623e+08 (less than 1 second per iteration)
 Threads    : 8

                  Objective                Residual
Iter       Primal          Dual         Primal    Dual     Compl     Time
   0  -1.22466045e+09  8.63517428e+08  7.80e+04 1.14e-13  1.00e+06     1s
   1  -5.85742644e+08  5.07976563e+08  1.69e+04 1.44e+02  2.23e+05     1s
   2  -2.82434126e+08  2.81995030e+08  2.13e+02 8.69e-01  3.96e+03     1s
   3  -6.55833224e+07  6.61786526e+07  1.76e+00 1.45e-12  2.85e+02     1s
   4  -1.25708074e+07  1.31966976e+07  1.53e-01 4.15e-12  5.32e+01     1s
   5  -2.28690187e+06  2.53084130e+06  1.14e-02 1.30e-12  9.74e+00     1s
   6  -3.34325796e+05  3.84149637e+05  1.14e-08 8.40e-13  1.45e+00     2s
   7  -5.04600814e+04  6.35361576e+04  1.36e-13 6.73e-13  2.29e-01     2s
   8  -7.72101573e+03  9.04100246e+03  4.06e-14 1.76e-13  3.37e-02     2s
   9  -1.27713040e+03  1.50195265e+03  2.11e-14 5.68e-14  5.59e-03     2s
  10  -2.13663870e+02  1.72098865e+02  1.05e-14 4.26e-14  7.76e-04     2s
  11  -4.48878421e+01  2.88485843e+01  1.85e-15 2.04e-14  1.48e-04     2s
  12  -4.87806791e+00  6.33817771e+00  9.53e-16 2.84e-14  2.26e-05     2s
  13   1.57083547e+00  3.78212255e+00  3.01e-16 2.84e-14  4.45e-06     2s
  14   2.65013689e+00  3.47794446e+00  1.54e-16 2.84e-14  1.67e-06     2s
  15   3.09782837e+00  3.30373809e+00  3.62e-17 2.84e-14  4.14e-07     2s
  16   3.15497343e+00  3.28469071e+00  2.41e-17 2.84e-14  2.61e-07     3s
  17   3.22210041e+00  3.26046502e+00  1.67e-17 2.84e-14  7.72e-08     3s
  18   3.23752083e+00  3.25499694e+00  2.04e-17 2.84e-14  3.52e-08     3s
  19   3.24926673e+00  3.25091335e+00  2.55e-17 2.84e-14  3.31e-09     3s
  20   3.25037150e+00  3.25052985e+00  1.32e-17 2.84e-14  3.19e-10     3s
  21   3.25048668e+00  3.25049001e+00  2.15e-17 2.84e-14  6.71e-12     3s
  22   3.25048915e+00  3.25048916e+00  9.70e-17 2.84e-14  2.01e-14     3s
  23   3.25048916e+00  3.25048916e+00  2.59e-15 2.84e-14  4.91e-15     3s
  24   3.25048916e+00  3.25048916e+00  3.31e-15 2.84e-14  1.29e-15     3s
  25   3.25048916e+00  3.25048916e+00  1.33e-15 2.84e-14  3.28e-16     3s
  26   3.25048916e+00  3.25048916e+00  7.35e-16 2.84e-14  1.85e-16     3s
  27   3.25048916e+00  3.25048916e+00  5.36e-16 2.84e-14  1.06e-16     3s
  28   3.25048916e+00  3.25048916e+00  3.61e-16 2.84e-14  6.20e-17     3s

Barrier solved model in 28 iterations and 3.47 seconds (3.22 work units)
Optimal objective 3.25048916e+00

objective value: 3.2504891575284964
Done! Time elapsed: 24.23856806755066 seconds.
g_0_1: 1.0000003267672006
g_1_1: 1.0000001873971502
g_1_2: 1.0000005282938615
g_2_1: 1.0000003242262345
g_2_2: 1.0000009140308372
g_2_3: 1.0000003242262347
g_2_4: 1.0000009140308166
Parameters from last iteration: [0.17400006 0.70700013 0.17400009 0.70700023 0.17400016 0.70700023
 0.17400016]

Parameters from current iteration:
                [0.17400006 0.70700013 0.17400009 0.70700023 0.17400016 0.70700023
 0.17400016]


                Percentage Error = 2.2332051922229997e-15
                
year done: 29
Time 30: 2
Optimization Iteration[1/20000]

Solving the optimization problem...
Set parameter TokenServer to value "licenses.rcc.uchicago.edu"
Read LP format model from file /scratch/local/jobs/50183986/tmpel0rmay0.pyomo.lp
Reading time = 1.32 seconds
x1: 258121 rows, 502401 columns, 1259970 nonzeros
Set parameter Threads to value 8
Set parameter BarConvTol to value 1e-12
Gurobi Optimizer version 11.0.0 build v11.0.0rc2 (linux64 - "CentOS Linux 8")

CPU model: Intel(R) Xeon(R) Gold 6248R CPU @ 3.00GHz, instruction set [SSE2|AVX|AVX2|AVX512]
Thread count: 48 physical cores, 48 logical processors, using up to 8 threads

Optimize a model with 258121 rows, 502401 columns and 1259970 nonzeros
Model fingerprint: 0x224a8526
Model has 3166 quadratic objective terms
Coefficient statistics:
  Matrix range     [1e+00, 1e+03]
  Objective range  [1e-06, 1e+02]
  QObjective range [3e-01, 3e+03]
  Bounds range     [3e-04, 1e+00]
  RHS range        [3e-17, 6e+00]
Presolve removed 131481 rows and 128813 columns
Presolve time: 0.54s
Presolved: 126640 rows, 373588 columns, 743932 nonzeros
Presolved model has 3166 quadratic objective terms
Ordering time: 0.15s

Barrier statistics:
 AA' NZ     : 3.709e+05
 Factor NZ  : 3.905e+06 (roughly 230 MB of memory)
 Factor Ops : 2.623e+08 (less than 1 second per iteration)
 Threads    : 8

                  Objective                Residual
Iter       Primal          Dual         Primal    Dual     Compl     Time
   0  -1.22466045e+09  8.63517428e+08  7.80e+04 1.14e-13  1.00e+06     1s
   1  -5.85742645e+08  5.07976563e+08  1.69e+04 1.44e+02  2.23e+05     1s
   2  -2.82434126e+08  2.81995030e+08  2.13e+02 8.69e-01  3.96e+03     1s
   3  -6.55833226e+07  6.61786524e+07  1.76e+00 1.27e-12  2.85e+02     1s
   4  -1.25708075e+07  1.31966974e+07  1.53e-01 3.79e-12  5.32e+01     1s
   5  -2.28690201e+06  2.53084116e+06  1.14e-02 1.35e-12  9.74e+00     1s
   6  -3.34325938e+05  3.84149496e+05  1.14e-08 1.20e-12  1.45e+00     2s
   7  -5.04602228e+04  6.35360162e+04  9.78e-14 6.90e-13  2.29e-01     2s
   8  -7.72115717e+03  9.04086102e+03  4.03e-14 2.05e-13  3.37e-02     2s
   9  -1.27727184e+03  1.50181121e+03  1.76e-14 3.95e-14  5.59e-03     2s
  10  -2.13805311e+02  1.71957424e+02  1.03e-14 4.26e-14  7.76e-04     2s
  11  -4.50292827e+01  2.87071437e+01  2.39e-15 2.84e-14  1.48e-04     2s
  12  -5.01950848e+00  6.19673714e+00  1.56e-15 2.84e-14  2.26e-05     2s
  13   1.42939489e+00  3.64068198e+00  2.94e-16 2.84e-14  4.45e-06     2s
  14   2.50869632e+00  3.33650389e+00  1.31e-16 2.84e-14  1.67e-06     2s
  15   2.95638780e+00  3.16229752e+00  3.34e-17 2.84e-14  4.14e-07     2s
  16   3.01353286e+00  3.14325014e+00  2.75e-17 2.84e-14  2.61e-07     3s
  17   3.08065984e+00  3.11902445e+00  2.08e-17 2.84e-14  7.72e-08     3s
  18   3.09608026e+00  3.11355637e+00  1.87e-17 2.84e-14  3.52e-08     3s
  19   3.10782616e+00  3.10947277e+00  2.51e-17 2.04e-14  3.31e-09     3s
  20   3.10893093e+00  3.10908928e+00  1.11e-17 2.84e-14  3.19e-10     3s
  21   3.10904611e+00  3.10904944e+00  1.60e-17 2.84e-14  6.71e-12     3s
  22   3.10904858e+00  3.10904859e+00  1.14e-16 2.84e-14  2.01e-14     3s
  23   3.10904858e+00  3.10904859e+00  2.16e-15 1.95e-14  4.85e-15     3s
  24   3.10904859e+00  3.10904859e+00  2.76e-15 2.84e-14  1.27e-15     3s
  25   3.10904859e+00  3.10904859e+00  9.74e-16 2.84e-14  3.23e-16     3s
  26   3.10904859e+00  3.10904859e+00  6.37e-16 2.84e-14  1.81e-16     3s
  27   3.10904859e+00  3.10904859e+00  5.20e-16 2.84e-14  1.10e-16     3s
  28   3.10904859e+00  3.10904859e+00  3.75e-16 2.84e-14  5.80e-17     3s

Barrier solved model in 28 iterations and 3.45 seconds (3.22 work units)
Optimal objective 3.10904859e+00

objective value: 3.109048585564826
Done! Time elapsed: 23.896329641342163 seconds.
g_0_1: 1.0000003267672002
g_1_1: 1.0000001873971505
g_1_2: 1.0000005282938613
g_2_1: 1.0000003242262345
g_2_2: 1.0000009140308357
g_2_3: 1.0000003242262347
g_2_4: 1.0000009140308166
Parameters from last iteration: [0.17400006 0.70700013 0.17400009 0.70700023 0.17400016 0.70700023
 0.17400016]

Parameters from current iteration:
                [0.17400006 0.70700013 0.17400009 0.70700023 0.17400016 0.70700023
 0.17400016]


                Percentage Error = 1.5951465658735675e-15
                
year done: 30
Time 31: 2
Optimization Iteration[1/20000]

Solving the optimization problem...
Set parameter TokenServer to value "licenses.rcc.uchicago.edu"
Read LP format model from file /scratch/local/jobs/50183986/tmpy4yk08gc.pyomo.lp
Reading time = 1.32 seconds
x1: 258121 rows, 502401 columns, 1259970 nonzeros
Set parameter Threads to value 8
Set parameter BarConvTol to value 1e-12
Gurobi Optimizer version 11.0.0 build v11.0.0rc2 (linux64 - "CentOS Linux 8")

CPU model: Intel(R) Xeon(R) Gold 6248R CPU @ 3.00GHz, instruction set [SSE2|AVX|AVX2|AVX512]
Thread count: 48 physical cores, 48 logical processors, using up to 8 threads

Optimize a model with 258121 rows, 502401 columns and 1259970 nonzeros
Model fingerprint: 0x3b4caace
Model has 3166 quadratic objective terms
Coefficient statistics:
  Matrix range     [1e+00, 1e+03]
  Objective range  [1e-06, 1e+02]
  QObjective range [3e-01, 3e+03]
  Bounds range     [3e-04, 1e+00]
  RHS range        [3e-17, 6e+00]
Presolve removed 131481 rows and 128813 columns
Presolve time: 0.54s
Presolved: 126640 rows, 373588 columns, 743932 nonzeros
Presolved model has 3166 quadratic objective terms
Ordering time: 0.16s

Barrier statistics:
 AA' NZ     : 3.709e+05
 Factor NZ  : 3.905e+06 (roughly 230 MB of memory)
 Factor Ops : 2.623e+08 (less than 1 second per iteration)
 Threads    : 8

                  Objective                Residual
Iter       Primal          Dual         Primal    Dual     Compl     Time
   0  -1.22466045e+09  8.63517428e+08  7.80e+04 1.14e-13  1.00e+06     1s
   1  -5.85742645e+08  5.07976563e+08  1.69e+04 1.44e+02  2.23e+05     1s
   2  -2.82434126e+08  2.81995030e+08  2.13e+02 8.69e-01  3.96e+03     1s
   3  -6.55833227e+07  6.61786523e+07  1.76e+00 1.42e-12  2.85e+02     1s
   4  -1.25708076e+07  1.31966973e+07  1.53e-01 5.00e-12  5.32e+01     1s
   5  -2.28690215e+06  2.53084103e+06  1.14e-02 1.25e-12  9.74e+00     1s
   6  -3.34326073e+05  3.84149361e+05  1.14e-08 7.92e-13  1.45e+00     2s
   7  -5.04603579e+04  6.35358811e+04  1.43e-13 6.29e-13  2.29e-01     2s
   8  -7.72129225e+03  9.04072595e+03  4.43e-14 1.88e-13  3.37e-02     2s
   9  -1.27740692e+03  1.50167614e+03  2.01e-14 5.68e-14  5.59e-03     2s
  10  -2.13940386e+02  1.71822349e+02  9.32e-15 2.84e-14  7.76e-04     2s
  11  -4.51643574e+01  2.85720690e+01  2.08e-15 2.84e-14  1.48e-04     2s
  12  -5.15458318e+00  6.06166244e+00  1.04e-15 2.84e-14  2.26e-05     2s
  13   1.29432020e+00  3.50560728e+00  3.14e-16 2.84e-14  4.45e-06     2s
  14   2.37362162e+00  3.20142919e+00  1.36e-16 2.84e-14  1.67e-06     2s
  15   2.82131310e+00  3.02722282e+00  3.95e-17 2.84e-14  4.14e-07     2s
  16   2.87845816e+00  3.00817544e+00  2.66e-17 2.84e-14  2.61e-07     3s
  17   2.94558514e+00  2.98394975e+00  2.07e-17 2.84e-14  7.72e-08     3s
  18   2.96100556e+00  2.97848167e+00  2.41e-17 2.84e-14  3.52e-08     3s
  19   2.97275146e+00  2.97439808e+00  2.29e-17 2.84e-14  3.31e-09     3s
  20   2.97385623e+00  2.97401458e+00  2.38e-17 2.84e-14  3.19e-10     3s
  21   2.97397141e+00  2.97397474e+00  1.53e-17 2.84e-14  6.71e-12     3s
  22   2.97397388e+00  2.97397389e+00  1.22e-16 2.84e-14  2.01e-14     3s
  23   2.97397389e+00  2.97397389e+00  2.29e-15 2.84e-14  4.79e-15     3s
  24   2.97397389e+00  2.97397389e+00  3.21e-15 2.84e-14  1.25e-15     3s
  25   2.97397389e+00  2.97397389e+00  1.39e-15 2.84e-14  3.17e-16     3s
  26   2.97397389e+00  2.97397389e+00  7.97e-16 2.84e-14  1.77e-16     3s
  27   2.97397389e+00  2.97397389e+00  6.45e-16 2.84e-14  1.12e-16     3s
  28   2.97397389e+00  2.97397389e+00  4.50e-16 2.84e-14  5.75e-17     3s

Barrier solved model in 28 iterations and 3.46 seconds (3.22 work units)
Optimal objective 2.97397389e+00

objective value: 2.9739738879786906
Done! Time elapsed: 25.625515937805176 seconds.
g_0_1: 1.0000003267672004
g_1_1: 1.0000001873971507
g_1_2: 1.0000005282938613
g_2_1: 1.0000003242262345
g_2_2: 1.0000009140308357
g_2_3: 1.0000003242262347
g_2_4: 1.0000009140308166
Parameters from last iteration: [0.17400006 0.70700013 0.17400009 0.70700023 0.17400016 0.70700023
 0.17400016]

Parameters from current iteration:
                [0.17400006 0.70700013 0.17400009 0.70700023 0.17400016 0.70700023
 0.17400016]


                Percentage Error = 3.190295005289671e-16
                
year done: 31
Time 32: 2
Optimization Iteration[1/20000]

Solving the optimization problem...
Set parameter TokenServer to value "licenses.rcc.uchicago.edu"
Read LP format model from file /scratch/local/jobs/50183986/tmpn2xtulug.pyomo.lp
Reading time = 1.36 seconds
x1: 258121 rows, 502401 columns, 1259970 nonzeros
Set parameter Threads to value 8
Set parameter BarConvTol to value 1e-12
Gurobi Optimizer version 11.0.0 build v11.0.0rc2 (linux64 - "CentOS Linux 8")

CPU model: Intel(R) Xeon(R) Gold 6248R CPU @ 3.00GHz, instruction set [SSE2|AVX|AVX2|AVX512]
Thread count: 48 physical cores, 48 logical processors, using up to 8 threads

Optimize a model with 258121 rows, 502401 columns and 1259970 nonzeros
Model fingerprint: 0xe7298d70
Model has 3166 quadratic objective terms
Coefficient statistics:
  Matrix range     [1e+00, 1e+03]
  Objective range  [1e-06, 1e+02]
  QObjective range [3e-01, 3e+03]
  Bounds range     [3e-04, 1e+00]
  RHS range        [3e-17, 6e+00]
Presolve removed 131481 rows and 128813 columns
Presolve time: 0.55s
Presolved: 126640 rows, 373588 columns, 743932 nonzeros
Presolved model has 3166 quadratic objective terms
Ordering time: 0.16s

Barrier statistics:
 AA' NZ     : 3.709e+05
 Factor NZ  : 3.905e+06 (roughly 230 MB of memory)
 Factor Ops : 2.623e+08 (less than 1 second per iteration)
 Threads    : 8

                  Objective                Residual
Iter       Primal          Dual         Primal    Dual     Compl     Time
   0  -1.22466045e+09  8.63517428e+08  7.80e+04 1.14e-13  1.00e+06     1s
   1  -5.85742645e+08  5.07976563e+08  1.69e+04 1.44e+02  2.23e+05     1s
   2  -2.82434126e+08  2.81995030e+08  2.13e+02 8.69e-01  3.96e+03     1s
   3  -6.55833228e+07  6.61786522e+07  1.76e+00 1.48e-12  2.85e+02     1s
   4  -1.25708078e+07  1.31966972e+07  1.53e-01 3.87e-12  5.32e+01     1s
   5  -2.28690228e+06  2.53084090e+06  1.14e-02 1.41e-12  9.74e+00     1s
   6  -3.34326202e+05  3.84149232e+05  1.14e-08 8.53e-13  1.45e+00     2s
   7  -5.04604869e+04  6.35357521e+04  1.63e-13 6.73e-13  2.29e-01     2s
   8  -7.72142125e+03  9.04059695e+03  4.82e-14 2.20e-13  3.37e-02     2s
   9  -1.27753591e+03  1.50154714e+03  1.92e-14 4.26e-14  5.59e-03     2s
  10  -2.14069381e+02  1.71693354e+02  1.00e-14 2.84e-14  7.76e-04     2s
  11  -4.52933527e+01  2.84430737e+01  2.53e-15 2.84e-14  1.48e-04     2s
  12  -5.28357852e+00  5.93266710e+00  8.25e-16 2.84e-14  2.26e-05     2s
  13   1.16532486e+00  3.37661194e+00  2.88e-16 2.84e-14  4.45e-06     2s
  14   2.24462628e+00  3.07243385e+00  1.31e-16 2.84e-14  1.67e-06     2s
  15   2.69231776e+00  2.89822748e+00  4.34e-17 2.84e-14  4.14e-07     2s
  16   2.74946282e+00  2.87918011e+00  2.82e-17 2.84e-14  2.61e-07     3s
  17   2.81658981e+00  2.85495442e+00  1.71e-17 2.84e-14  7.72e-08     3s
  18   2.83201023e+00  2.84948634e+00  1.12e-17 2.84e-14  3.52e-08     3s
  19   2.84375613e+00  2.84540274e+00  2.17e-17 2.84e-14  3.31e-09     3s
  20   2.84486090e+00  2.84501925e+00  1.37e-17 2.84e-14  3.19e-10     3s
  21   2.84497608e+00  2.84497941e+00  2.58e-17 5.68e-14  6.71e-12     3s
  22   2.84497855e+00  2.84497856e+00  1.11e-16 2.84e-14  2.01e-14     3s
  23   2.84497855e+00  2.84497855e+00  2.18e-15 2.84e-14  4.73e-15     3s
  24   2.84497855e+00  2.84497855e+00  4.03e-15 2.84e-14  1.23e-15     3s
  25   2.84497855e+00  2.84497855e+00  1.26e-15 1.51e-14  3.15e-16     3s
  26   2.84497855e+00  2.84497855e+00  8.01e-16 2.84e-14  1.74e-16     3s
  27   2.84497855e+00  2.84497855e+00  6.91e-16 1.42e-14  1.15e-16     3s
  28   2.84497855e+00  2.84497855e+00  4.10e-16 2.84e-14  5.70e-17     3s

Barrier solved model in 28 iterations and 3.47 seconds (3.22 work units)
Optimal objective 2.84497855e+00

objective value: 2.8449785532277785
Done! Time elapsed: 23.91837978363037 seconds.
g_0_1: 1.0000003267672002
g_1_1: 1.0000001873971505
g_1_2: 1.0000005282938613
g_2_1: 1.0000003242262345
g_2_2: 1.0000009140308355
g_2_3: 1.0000003242262347
g_2_4: 1.0000009140308166
Parameters from last iteration: [0.17400006 0.70700013 0.17400009 0.70700023 0.17400016 0.70700023
 0.17400016]

Parameters from current iteration:
                [0.17400006 0.70700013 0.17400009 0.70700023 0.17400016 0.70700023
 0.17400016]


                Percentage Error = 3.19029500528967e-16
                
year done: 32
Time 33: 2
Optimization Iteration[1/20000]

Solving the optimization problem...
Set parameter TokenServer to value "licenses.rcc.uchicago.edu"
Read LP format model from file /scratch/local/jobs/50183986/tmpij5fdeye.pyomo.lp
Reading time = 1.34 seconds
x1: 258121 rows, 502401 columns, 1259970 nonzeros
Set parameter Threads to value 8
Set parameter BarConvTol to value 1e-12
Gurobi Optimizer version 11.0.0 build v11.0.0rc2 (linux64 - "CentOS Linux 8")

CPU model: Intel(R) Xeon(R) Gold 6248R CPU @ 3.00GHz, instruction set [SSE2|AVX|AVX2|AVX512]
Thread count: 48 physical cores, 48 logical processors, using up to 8 threads

Optimize a model with 258121 rows, 502401 columns and 1259970 nonzeros
Model fingerprint: 0x487e3583
Model has 3166 quadratic objective terms
Coefficient statistics:
  Matrix range     [1e+00, 1e+03]
  Objective range  [1e-06, 1e+02]
  QObjective range [3e-01, 3e+03]
  Bounds range     [3e-04, 1e+00]
  RHS range        [3e-17, 6e+00]
Presolve removed 131481 rows and 128813 columns
Presolve time: 0.56s
Presolved: 126640 rows, 373588 columns, 743932 nonzeros
Presolved model has 3166 quadratic objective terms
Ordering time: 0.15s

Barrier statistics:
 AA' NZ     : 3.709e+05
 Factor NZ  : 3.905e+06 (roughly 230 MB of memory)
 Factor Ops : 2.623e+08 (less than 1 second per iteration)
 Threads    : 8

                  Objective                Residual
Iter       Primal          Dual         Primal    Dual     Compl     Time
   0  -1.22466045e+09  8.63517428e+08  7.80e+04 1.14e-13  1.00e+06     1s
   1  -5.85742645e+08  5.07976562e+08  1.69e+04 1.44e+02  2.23e+05     1s
   2  -2.82434126e+08  2.81995029e+08  2.13e+02 8.69e-01  3.96e+03     1s
   3  -6.55833229e+07  6.61786520e+07  1.76e+00 1.47e-12  2.85e+02     1s
   4  -1.25708079e+07  1.31966970e+07  1.53e-01 4.66e-12  5.32e+01     1s
   5  -2.28690240e+06  2.53084077e+06  1.14e-02 1.21e-12  9.74e+00     1s
   6  -3.34326325e+05  3.84149108e+05  1.14e-08 1.20e-12  1.45e+00     2s
   7  -5.04606101e+04  6.35356289e+04  1.63e-13 6.38e-13  2.29e-01     2s
   8  -7.72154443e+03  9.04047376e+03  4.80e-14 1.83e-13  3.37e-02     2s
   9  -1.27765910e+03  1.50142395e+03  1.86e-14 5.68e-14  5.59e-03     2s
  10  -2.14192570e+02  1.71570164e+02  7.42e-15 2.84e-14  7.76e-04     2s
  11  -4.54165423e+01  2.83198841e+01  1.79e-15 2.84e-14  1.48e-04     2s
  12  -5.40676811e+00  5.80947751e+00  1.14e-15 2.84e-14  2.26e-05     2s
  13   1.04213527e+00  3.25342236e+00  2.79e-16 2.84e-14  4.45e-06     2s
  14   2.12143669e+00  2.94924427e+00  1.24e-16 2.84e-14  1.67e-06     2s
  15   2.56912818e+00  2.77503790e+00  4.77e-17 2.84e-14  4.14e-07     2s
  16   2.62627324e+00  2.75599052e+00  2.74e-17 4.26e-14  2.61e-07     3s
  17   2.69340022e+00  2.73176483e+00  1.84e-17 2.84e-14  7.72e-08     3s
  18   2.70882064e+00  2.72629675e+00  1.61e-17 2.84e-14  3.52e-08     3s
  19   2.72056654e+00  2.72221315e+00  2.00e-17 2.84e-14  3.31e-09     3s
  20   2.72167131e+00  2.72182966e+00  1.01e-17 2.84e-14  3.19e-10     3s
  21   2.72178649e+00  2.72178982e+00  2.01e-17 2.84e-14  6.71e-12     3s
  22   2.72178896e+00  2.72178897e+00  1.42e-16 1.95e-14  2.01e-14     3s
  23   2.72178896e+00  2.72178897e+00  2.62e-15 2.84e-14  4.67e-15     3s
  24   2.72178896e+00  2.72178897e+00  3.25e-15 2.84e-14  1.22e-15     3s
  25   2.72178896e+00  2.72178896e+00  1.25e-15 2.84e-14  3.12e-16     3s
  26   2.72178896e+00  2.72178896e+00  7.78e-16 2.84e-14  1.52e-16     3s
  27   2.72178896e+00  2.72178896e+00  5.87e-16 2.84e-14  1.29e-16     3s
  28   2.72178896e+00  2.72178896e+00  7.43e-16 2.84e-14  6.22e-17     3s

Barrier solved model in 28 iterations and 3.48 seconds (3.22 work units)
Optimal objective 2.72178896e+00

objective value: 2.721788964909951
Done! Time elapsed: 23.99889349937439 seconds.
g_0_1: 1.0000003267672004
g_1_1: 1.0000001873971505
g_1_2: 1.0000005282938618
g_2_1: 1.0000003242262345
g_2_2: 1.0000009140308372
g_2_3: 1.0000003242262345
g_2_4: 1.0000009140308166
Parameters from last iteration: [0.17400006 0.70700013 0.17400009 0.70700023 0.17400016 0.70700023
 0.17400016]

Parameters from current iteration:
                [0.17400006 0.70700013 0.17400009 0.70700023 0.17400016 0.70700023
 0.17400016]


                Percentage Error = 1.7546612224609275e-15
                
year done: 33
Time 34: 2
Optimization Iteration[1/20000]

Solving the optimization problem...
Set parameter TokenServer to value "licenses.rcc.uchicago.edu"
Read LP format model from file /scratch/local/jobs/50183986/tmph2dms3o5.pyomo.lp
Reading time = 1.35 seconds
x1: 258121 rows, 502401 columns, 1259970 nonzeros
Set parameter Threads to value 8
Set parameter BarConvTol to value 1e-12
Gurobi Optimizer version 11.0.0 build v11.0.0rc2 (linux64 - "CentOS Linux 8")

CPU model: Intel(R) Xeon(R) Gold 6248R CPU @ 3.00GHz, instruction set [SSE2|AVX|AVX2|AVX512]
Thread count: 48 physical cores, 48 logical processors, using up to 8 threads

Optimize a model with 258121 rows, 502401 columns and 1259970 nonzeros
Model fingerprint: 0x0369c1a4
Model has 3166 quadratic objective terms
Coefficient statistics:
  Matrix range     [1e+00, 1e+03]
  Objective range  [1e-06, 1e+02]
  QObjective range [3e-01, 3e+03]
  Bounds range     [3e-04, 1e+00]
  RHS range        [3e-17, 6e+00]
Presolve removed 131481 rows and 128813 columns
Presolve time: 0.55s
Presolved: 126640 rows, 373588 columns, 743932 nonzeros
Presolved model has 3166 quadratic objective terms
Ordering time: 0.15s

Barrier statistics:
 AA' NZ     : 3.709e+05
 Factor NZ  : 3.905e+06 (roughly 230 MB of memory)
 Factor Ops : 2.623e+08 (less than 1 second per iteration)
 Threads    : 8

                  Objective                Residual
Iter       Primal          Dual         Primal    Dual     Compl     Time
   0  -1.22466045e+09  8.63517428e+08  7.80e+04 1.14e-13  1.00e+06     1s
   1  -5.85742645e+08  5.07976562e+08  1.69e+04 1.44e+02  2.23e+05     1s
   2  -2.82434126e+08  2.81995029e+08  2.13e+02 8.69e-01  3.96e+03     1s
   3  -6.55833231e+07  6.61786519e+07  1.76e+00 1.40e-12  2.85e+02     1s
   4  -1.25708080e+07  1.31966969e+07  1.53e-01 4.28e-12  5.32e+01     1s
   5  -2.28690252e+06  2.53084066e+06  1.14e-02 1.25e-12  9.74e+00     1s
   6  -3.34326443e+05  3.84148991e+05  1.14e-08 9.73e-13  1.45e+00     2s
   7  -5.04607277e+04  6.35355113e+04  1.01e-13 7.37e-13  2.29e-01     2s
   8  -7.72166208e+03  9.04035612e+03  5.94e-14 1.81e-13  3.37e-02     2s
   9  -1.27777675e+03  1.50130631e+03  2.04e-14 2.93e-14  5.59e-03     2s
  10  -2.14310216e+02  1.71452519e+02  8.24e-15 2.84e-14  7.76e-04     2s
  11  -4.55341875e+01  2.82022390e+01  1.82e-15 2.84e-14  1.48e-04     2s
  12  -5.52441325e+00  5.69183237e+00  1.37e-15 2.84e-14  2.26e-05     2s
  13   9.24490131e-01  3.13577721e+00  2.61e-16 2.84e-14  4.45e-06     2s
  14   2.00379155e+00  2.83159912e+00  1.66e-16 2.84e-14  1.67e-06     2s
  15   2.45148303e+00  2.65739275e+00  4.32e-17 2.84e-14  4.14e-07     2s
  16   2.50862809e+00  2.63834538e+00  2.16e-17 2.84e-14  2.61e-07     3s
  17   2.57575507e+00  2.61411969e+00  2.18e-17 2.84e-14  7.72e-08     3s
  18   2.59117550e+00  2.60865161e+00  1.79e-17 2.84e-14  3.52e-08     3s
  19   2.60292139e+00  2.60456801e+00  2.69e-17 2.84e-14  3.31e-09     3s
  20   2.60402616e+00  2.60418452e+00  1.24e-17 2.84e-14  3.19e-10     3s
  21   2.60414135e+00  2.60414468e+00  2.06e-17 2.84e-14  6.71e-12     3s
  22   2.60414381e+00  2.60414382e+00  1.17e-16 2.84e-14  2.01e-14     3s
  23   2.60414382e+00  2.60414382e+00  2.22e-15 2.13e-14  4.63e-15     3s
  24   2.60414382e+00  2.60414382e+00  4.21e-15 2.84e-14  1.21e-15     3s
  25   2.60414382e+00  2.60414382e+00  1.09e-15 2.13e-14  3.11e-16     3s
  26   2.60414382e+00  2.60414382e+00  7.83e-16 2.13e-14  1.49e-16     3s
  27   2.60414382e+00  2.60414382e+00  6.35e-16 1.69e-14  1.26e-16     3s
  28   2.60414382e+00  2.60414382e+00  6.39e-16 2.84e-14  6.14e-17     3s

Barrier solved model in 28 iterations and 3.46 seconds (3.22 work units)
Optimal objective 2.60414382e+00

objective value: 2.604143821396154
Done! Time elapsed: 23.991472721099854 seconds.
g_0_1: 1.0000003267672004
g_1_1: 1.0000001873971505
g_1_2: 1.0000005282938615
g_2_1: 1.0000003242262345
g_2_2: 1.000000914030837
g_2_3: 1.0000003242262347
g_2_4: 1.0000009140308166
Parameters from last iteration: [0.17400006 0.70700013 0.17400009 0.70700023 0.17400016 0.70700023
 0.17400016]

Parameters from current iteration:
                [0.17400006 0.70700013 0.17400009 0.70700023 0.17400016 0.70700023
 0.17400016]


                Percentage Error = 3.1902931317471353e-16
                
year done: 34
Time 35: 2
Optimization Iteration[1/20000]

Solving the optimization problem...
Set parameter TokenServer to value "licenses.rcc.uchicago.edu"
Read LP format model from file /scratch/local/jobs/50183986/tmp8pqzjker.pyomo.lp
Reading time = 1.33 seconds
x1: 258121 rows, 502401 columns, 1259970 nonzeros
Set parameter Threads to value 8
Set parameter BarConvTol to value 1e-12
Gurobi Optimizer version 11.0.0 build v11.0.0rc2 (linux64 - "CentOS Linux 8")

CPU model: Intel(R) Xeon(R) Gold 6248R CPU @ 3.00GHz, instruction set [SSE2|AVX|AVX2|AVX512]
Thread count: 48 physical cores, 48 logical processors, using up to 8 threads

Optimize a model with 258121 rows, 502401 columns and 1259970 nonzeros
Model fingerprint: 0x64dfb7ff
Model has 3166 quadratic objective terms
Coefficient statistics:
  Matrix range     [1e+00, 1e+03]
  Objective range  [1e-06, 1e+02]
  QObjective range [3e-01, 3e+03]
  Bounds range     [3e-04, 1e+00]
  RHS range        [3e-17, 6e+00]
Presolve removed 131481 rows and 128813 columns
Presolve time: 0.55s
Presolved: 126640 rows, 373588 columns, 743932 nonzeros
Presolved model has 3166 quadratic objective terms
Ordering time: 0.16s

Barrier statistics:
 AA' NZ     : 3.709e+05
 Factor NZ  : 3.905e+06 (roughly 230 MB of memory)
 Factor Ops : 2.623e+08 (less than 1 second per iteration)
 Threads    : 8

                  Objective                Residual
Iter       Primal          Dual         Primal    Dual     Compl     Time
   0  -1.22466045e+09  8.63517428e+08  7.80e+04 1.14e-13  1.00e+06     1s
   1  -5.85742645e+08  5.07976562e+08  1.69e+04 1.44e+02  2.23e+05     1s
   2  -2.82434127e+08  2.81995029e+08  2.13e+02 8.69e-01  3.96e+03     2s
   3  -6.55833232e+07  6.61786518e+07  1.76e+00 1.47e-12  2.85e+02     2s
   4  -1.25708081e+07  1.31966968e+07  1.53e-01 4.07e-12  5.32e+01     2s
   5  -2.28690263e+06  2.53084054e+06  1.14e-02 1.20e-12  9.74e+00     2s
   6  -3.34326555e+05  3.84148878e+05  1.14e-08 9.73e-13  1.45e+00     2s
   7  -5.04608401e+04  6.35353989e+04  1.05e-13 7.65e-13  2.29e-01     2s
   8  -7.72177443e+03  9.04024377e+03  4.88e-14 2.05e-13  3.37e-02     2s
   9  -1.27788910e+03  1.50119396e+03  2.09e-14 3.38e-14  5.59e-03     2s
  10  -2.14422566e+02  1.71340169e+02  1.07e-14 2.84e-14  7.76e-04     2s
  11  -4.56465377e+01  2.80898887e+01  2.24e-15 2.84e-14  1.48e-04     2s
  12  -5.63676349e+00  5.57948213e+00  1.13e-15 2.84e-14  2.26e-05     3s
  13   8.12139891e-01  3.02342697e+00  2.87e-16 2.84e-14  4.45e-06     3s
  14   1.89144131e+00  2.71924888e+00  1.31e-16 2.84e-14  1.67e-06     3s
  15   2.33913279e+00  2.54504251e+00  4.55e-17 2.84e-14  4.14e-07     3s
  16   2.39627785e+00  2.52599514e+00  2.41e-17 2.84e-14  2.61e-07     3s
  17   2.46340483e+00  2.50176945e+00  1.67e-17 2.84e-14  7.72e-08     3s
  18   2.47882526e+00  2.49630137e+00  9.78e-18 2.84e-14  3.52e-08     3s
  19   2.49057115e+00  2.49221777e+00  3.00e-17 2.84e-14  3.31e-09     3s
  20   2.49167592e+00  2.49183428e+00  1.22e-17 2.84e-14  3.19e-10     3s
  21   2.49179111e+00  2.49179444e+00  1.77e-17 4.26e-14  6.71e-12     3s
  22   2.49179357e+00  2.49179358e+00  9.59e-17 2.84e-14  2.01e-14     3s
  23   2.49179358e+00  2.49179358e+00  2.11e-15 2.84e-14  4.59e-15     3s
  24   2.49179358e+00  2.49179358e+00  3.08e-15 2.84e-14  1.20e-15     4s
  25   2.49179358e+00  2.49179358e+00  1.36e-15 1.69e-14  3.09e-16     4s
  26   2.49179358e+00  2.49179358e+00  7.90e-16 1.69e-14  1.46e-16     4s
  27   2.49179358e+00  2.49179358e+00  6.20e-16 1.42e-14  1.24e-16     4s
  28   2.49179358e+00  2.49179358e+00  6.95e-16 2.84e-14  6.07e-17     4s

Barrier solved model in 28 iterations and 3.87 seconds (3.22 work units)
Optimal objective 2.49179358e+00

objective value: 2.491793581561547
Done! Time elapsed: 25.93906044960022 seconds.
g_0_1: 1.0000003267672004
g_1_1: 1.0000001873971505
g_1_2: 1.0000005282938615
g_2_1: 1.0000003242262345
g_2_2: 1.0000009140308368
g_2_3: 1.0000003242262347
g_2_4: 1.0000009140308166
Parameters from last iteration: [0.17400006 0.70700013 0.17400009 0.70700023 0.17400016 0.70700023
 0.17400016]

Parameters from current iteration:
                [0.17400006 0.70700013 0.17400009 0.70700023 0.17400016 0.70700023
 0.17400016]


                Percentage Error = 1.595146565873568e-16
                
year done: 35
Time 36: 2
Optimization Iteration[1/20000]

Solving the optimization problem...
Set parameter TokenServer to value "licenses.rcc.uchicago.edu"
Read LP format model from file /scratch/local/jobs/50183986/tmprbtpy3kn.pyomo.lp
Reading time = 1.33 seconds
x1: 258121 rows, 502401 columns, 1259970 nonzeros
Set parameter Threads to value 8
Set parameter BarConvTol to value 1e-12
Gurobi Optimizer version 11.0.0 build v11.0.0rc2 (linux64 - "CentOS Linux 8")

CPU model: Intel(R) Xeon(R) Gold 6248R CPU @ 3.00GHz, instruction set [SSE2|AVX|AVX2|AVX512]
Thread count: 48 physical cores, 48 logical processors, using up to 8 threads

Optimize a model with 258121 rows, 502401 columns and 1259970 nonzeros
Model fingerprint: 0x0ea5f245
Model has 3166 quadratic objective terms
Coefficient statistics:
  Matrix range     [1e+00, 1e+03]
  Objective range  [1e-06, 1e+02]
  QObjective range [3e-01, 3e+03]
  Bounds range     [3e-04, 1e+00]
  RHS range        [3e-17, 6e+00]
Presolve removed 131481 rows and 128813 columns
Presolve time: 0.55s
Presolved: 126640 rows, 373588 columns, 743932 nonzeros
Presolved model has 3166 quadratic objective terms
Ordering time: 0.16s

Barrier statistics:
 AA' NZ     : 3.709e+05
 Factor NZ  : 3.905e+06 (roughly 230 MB of memory)
 Factor Ops : 2.623e+08 (less than 1 second per iteration)
 Threads    : 8

                  Objective                Residual
Iter       Primal          Dual         Primal    Dual     Compl     Time
   0  -1.22466045e+09  8.63517427e+08  7.80e+04 1.14e-13  1.00e+06     1s
   1  -5.85742645e+08  5.07976562e+08  1.69e+04 1.44e+02  2.23e+05     1s
   2  -2.82434127e+08  2.81995029e+08  2.13e+02 8.69e-01  3.96e+03     1s
   3  -6.55833233e+07  6.61786517e+07  1.76e+00 1.36e-12  2.85e+02     2s
   4  -1.25708082e+07  1.31966967e+07  1.53e-01 4.32e-12  5.32e+01     2s
   5  -2.28690274e+06  2.53084044e+06  1.14e-02 1.22e-12  9.74e+00     2s
   6  -3.34326662e+05  3.84148771e+05  1.14e-08 3.02e-12  1.45e+00     2s
   7  -5.04609474e+04  6.35352916e+04  1.19e-13 6.03e-13  2.29e-01     2s
   8  -7.72188172e+03  9.04013648e+03  4.05e-14 1.68e-13  3.37e-02     2s
   9  -1.27799639e+03  1.50108667e+03  1.83e-14 4.62e-14  5.59e-03     2s
  10  -2.14529860e+02  1.71232875e+02  9.66e-15 2.84e-14  7.76e-04     2s
  11  -4.57538314e+01  2.79825951e+01  2.23e-15 2.13e-14  1.48e-04     2s
  12  -5.74405713e+00  5.47218849e+00  1.17e-15 2.84e-14  2.26e-05     2s
  13   7.04846245e-01  2.91613333e+00  3.66e-16 2.84e-14  4.45e-06     3s
  14   1.78414767e+00  2.61195524e+00  1.47e-16 2.84e-14  1.67e-06     3s
  15   2.23183915e+00  2.43774887e+00  4.32e-17 2.84e-14  4.14e-07     3s
  16   2.28898421e+00  2.41870149e+00  3.35e-17 2.84e-14  2.61e-07     3s
  17   2.35611119e+00  2.39447580e+00  2.02e-17 2.84e-14  7.72e-08     3s
  18   2.37153161e+00  2.38900772e+00  1.41e-17 2.84e-14  3.52e-08     3s
  19   2.38327751e+00  2.38492412e+00  2.94e-17 2.84e-14  3.31e-09     3s
  20   2.38438228e+00  2.38454063e+00  1.00e-17 4.26e-14  3.19e-10     3s
  21   2.38449746e+00  2.38450079e+00  3.18e-17 2.84e-14  6.71e-12     3s
  22   2.38449993e+00  2.38449994e+00  1.52e-16 2.84e-14  2.01e-14     3s
  23   2.38449993e+00  2.38449994e+00  2.12e-15 2.84e-14  4.55e-15     3s
  24   2.38449994e+00  2.38449994e+00  3.38e-15 1.69e-14  1.20e-15     3s
  25   2.38449994e+00  2.38449994e+00  1.26e-15 2.84e-14  3.07e-16     3s
  26   2.38449994e+00  2.38449994e+00  6.62e-16 1.42e-14  1.43e-16     4s
  27   2.38449994e+00  2.38449994e+00  5.15e-16 2.84e-14  1.22e-16     4s
  28   2.38449994e+00  2.38449994e+00  6.98e-16 1.42e-14  6.00e-17     4s

Barrier solved model in 28 iterations and 3.75 seconds (3.22 work units)
Optimal objective 2.38449994e+00

objective value: 2.3844999354842096
Done! Time elapsed: 24.345804452896118 seconds.
g_0_1: 1.0000003267672002
g_1_1: 1.0000001873971505
g_1_2: 1.0000005282938613
g_2_1: 1.0000003242262345
g_2_2: 1.0000009140308366
g_2_3: 1.0000003242262347
g_2_4: 1.0000009140308164
Parameters from last iteration: [0.17400006 0.70700013 0.17400009 0.70700023 0.17400016 0.70700023
 0.17400016]

Parameters from current iteration:
                [0.17400006 0.70700013 0.17400009 0.70700023 0.17400016 0.70700023
 0.17400016]


                Percentage Error = 3.19029500528967e-16
                
year done: 36
Time 37: 2
Optimization Iteration[1/20000]

Solving the optimization problem...
Set parameter TokenServer to value "licenses.rcc.uchicago.edu"
Read LP format model from file /scratch/local/jobs/50183986/tmp20fqg7zv.pyomo.lp
Reading time = 1.33 seconds
x1: 258121 rows, 502401 columns, 1259970 nonzeros
Set parameter Threads to value 8
Set parameter BarConvTol to value 1e-12
Gurobi Optimizer version 11.0.0 build v11.0.0rc2 (linux64 - "CentOS Linux 8")

CPU model: Intel(R) Xeon(R) Gold 6248R CPU @ 3.00GHz, instruction set [SSE2|AVX|AVX2|AVX512]
Thread count: 48 physical cores, 48 logical processors, using up to 8 threads

Optimize a model with 258121 rows, 502401 columns and 1259970 nonzeros
Model fingerprint: 0xbba9aea2
Model has 3166 quadratic objective terms
Coefficient statistics:
  Matrix range     [1e+00, 1e+03]
  Objective range  [1e-06, 1e+02]
  QObjective range [3e-01, 3e+03]
  Bounds range     [3e-04, 1e+00]
  RHS range        [3e-17, 6e+00]
Presolve removed 131481 rows and 128813 columns
Presolve time: 0.54s
Presolved: 126640 rows, 373588 columns, 743932 nonzeros
Presolved model has 3166 quadratic objective terms
Ordering time: 0.15s

Barrier statistics:
 AA' NZ     : 3.709e+05
 Factor NZ  : 3.905e+06 (roughly 230 MB of memory)
 Factor Ops : 2.623e+08 (less than 1 second per iteration)
 Threads    : 8

                  Objective                Residual
Iter       Primal          Dual         Primal    Dual     Compl     Time
   0  -1.22466045e+09  8.63517427e+08  7.80e+04 1.14e-13  1.00e+06     1s
   1  -5.85742645e+08  5.07976562e+08  1.69e+04 1.44e+02  2.23e+05     1s
   2  -2.82434127e+08  2.81995029e+08  2.13e+02 8.69e-01  3.96e+03     1s
   3  -6.55833234e+07  6.61786516e+07  1.76e+00 1.42e-12  2.85e+02     1s
   4  -1.25708083e+07  1.31966966e+07  1.53e-01 4.93e-12  5.32e+01     1s
   5  -2.28690284e+06  2.53084033e+06  1.14e-02 1.23e-12  9.74e+00     1s
   6  -3.34326765e+05  3.84148669e+05  1.14e-08 4.16e-12  1.45e+00     2s
   7  -5.04610498e+04  6.35351892e+04  1.49e-13 6.02e-13  2.29e-01     2s
   8  -7.72198419e+03  9.04003401e+03  6.01e-14 1.90e-13  3.37e-02     2s
   9  -1.27809886e+03  1.50098420e+03  1.63e-14 4.26e-14  5.59e-03     2s
  10  -2.14632324e+02  1.71130411e+02  8.33e-15 4.26e-14  7.76e-04     2s
  11  -4.58562960e+01  2.78801305e+01  1.72e-15 2.84e-14  1.48e-04     2s
  12  -5.84652177e+00  5.36972385e+00  9.79e-16 2.84e-14  2.26e-05     2s
  13   6.02381608e-01  2.81366869e+00  3.49e-16 2.84e-14  4.45e-06     2s
  14   1.68168303e+00  2.50949060e+00  1.28e-16 2.84e-14  1.67e-06     2s
  15   2.12937451e+00  2.33528423e+00  3.66e-17 2.13e-14  4.14e-07     2s
  16   2.18651957e+00  2.31623685e+00  2.91e-17 4.26e-14  2.61e-07     3s
  17   2.25364655e+00  2.29201117e+00  1.60e-17 2.84e-14  7.72e-08     3s
  18   2.26906698e+00  2.28654308e+00  1.08e-17 4.26e-14  3.52e-08     3s
  19   2.28081287e+00  2.28245949e+00  2.25e-17 2.84e-14  3.31e-09     3s
  20   2.28191764e+00  2.28207599e+00  1.20e-17 2.84e-14  3.19e-10     3s
  21   2.28203282e+00  2.28203616e+00  1.46e-17 2.84e-14  6.71e-12     3s
  22   2.28203529e+00  2.28203530e+00  1.09e-16 2.84e-14  2.01e-14     3s
  23   2.28203530e+00  2.28203530e+00  2.61e-15 2.84e-14  4.50e-15     3s
  24   2.28203530e+00  2.28203530e+00  3.54e-15 2.84e-14  1.19e-15     3s
  25   2.28203530e+00  2.28203530e+00  1.20e-15 2.84e-14  3.05e-16     3s
  26   2.28203530e+00  2.28203530e+00  6.00e-16 1.42e-14  1.39e-16     3s
  27   2.28203530e+00  2.28203530e+00  5.34e-16 2.84e-14  1.20e-16     3s
  28   2.28203530e+00  2.28203530e+00  7.36e-16 4.26e-14  5.91e-17     3s

Barrier solved model in 28 iterations and 3.46 seconds (3.22 work units)
Optimal objective 2.28203530e+00

objective value: 2.2820352989554626
Done! Time elapsed: 24.087228298187256 seconds.
g_0_1: 1.0000003267672004
g_1_1: 1.0000001873971505
g_1_2: 1.0000005282938615
g_2_1: 1.0000003242262345
g_2_2: 1.0000009140308361
g_2_3: 1.0000003242262347
g_2_4: 1.0000009140308166
Parameters from last iteration: [0.17400006 0.70700013 0.17400009 0.70700023 0.17400016 0.70700023
 0.17400016]

Parameters from current iteration:
                [0.17400006 0.70700013 0.17400009 0.70700023 0.17400016 0.70700023
 0.17400016]


                Percentage Error = 4.785439697620705e-16
                
year done: 37
Time 38: 2
Optimization Iteration[1/20000]

Solving the optimization problem...
Set parameter TokenServer to value "licenses.rcc.uchicago.edu"
Read LP format model from file /scratch/local/jobs/50183986/tmptfhl2_3f.pyomo.lp
Reading time = 1.32 seconds
x1: 258121 rows, 502401 columns, 1259970 nonzeros
Set parameter Threads to value 8
Set parameter BarConvTol to value 1e-12
Gurobi Optimizer version 11.0.0 build v11.0.0rc2 (linux64 - "CentOS Linux 8")

CPU model: Intel(R) Xeon(R) Gold 6248R CPU @ 3.00GHz, instruction set [SSE2|AVX|AVX2|AVX512]
Thread count: 48 physical cores, 48 logical processors, using up to 8 threads

Optimize a model with 258121 rows, 502401 columns and 1259970 nonzeros
Model fingerprint: 0x9d6ddd22
Model has 3166 quadratic objective terms
Coefficient statistics:
  Matrix range     [1e+00, 1e+03]
  Objective range  [1e-06, 1e+02]
  QObjective range [3e-01, 3e+03]
  Bounds range     [3e-04, 1e+00]
  RHS range        [3e-17, 6e+00]
Presolve removed 131481 rows and 128813 columns
Presolve time: 0.54s
Presolved: 126640 rows, 373588 columns, 743932 nonzeros
Presolved model has 3166 quadratic objective terms
Ordering time: 0.15s

Barrier statistics:
 AA' NZ     : 3.709e+05
 Factor NZ  : 3.905e+06 (roughly 230 MB of memory)
 Factor Ops : 2.623e+08 (less than 1 second per iteration)
 Threads    : 8

                  Objective                Residual
Iter       Primal          Dual         Primal    Dual     Compl     Time
   0  -1.22466045e+09  8.63517427e+08  7.80e+04 1.14e-13  1.00e+06     1s
   1  -5.85742646e+08  5.07976562e+08  1.69e+04 1.44e+02  2.23e+05     1s
   2  -2.82434127e+08  2.81995029e+08  2.13e+02 8.69e-01  3.96e+03     1s
   3  -6.55833235e+07  6.61786515e+07  1.76e+00 1.45e-12  2.85e+02     1s
   4  -1.25708084e+07  1.31966965e+07  1.53e-01 3.99e-12  5.32e+01     1s
   5  -2.28690294e+06  2.53084024e+06  1.14e-02 1.21e-12  9.74e+00     1s
   6  -3.34326863e+05  3.84148571e+05  1.14e-08 9.73e-13  1.45e+00     2s
   7  -5.04611477e+04  6.35350913e+04  1.96e-13 6.56e-13  2.29e-01     2s
   8  -7.72208204e+03  9.03993616e+03  5.88e-14 1.90e-13  3.37e-02     2s
   9  -1.27819671e+03  1.50088635e+03  2.08e-14 4.26e-14  5.59e-03     2s
  10  -2.14730177e+02  1.71032558e+02  9.91e-15 2.84e-14  7.76e-04     2s
  11  -4.59541490e+01  2.77822775e+01  2.16e-15 2.84e-14  1.48e-04     2s
  12  -5.94437474e+00  5.27187088e+00  1.14e-15 2.84e-14  2.26e-05     2s
  13   5.04528640e-01  2.71581572e+00  3.39e-16 1.42e-14  4.45e-06     2s
  14   1.58383006e+00  2.41163763e+00  1.29e-16 2.84e-14  1.67e-06     2s
  15   2.03152154e+00  2.23743126e+00  3.86e-17 2.84e-14  4.14e-07     2s
  16   2.08866660e+00  2.21838389e+00  2.47e-17 2.84e-14  2.61e-07     3s
  17   2.15579358e+00  2.19415820e+00  1.69e-17 2.84e-14  7.72e-08     3s
  18   2.17121401e+00  2.18869012e+00  2.22e-17 1.69e-14  3.52e-08     3s
  19   2.18295990e+00  2.18460652e+00  2.43e-17 2.84e-14  3.31e-09     3s
  20   2.18406467e+00  2.18422303e+00  1.14e-17 2.84e-14  3.19e-10     3s
  21   2.18417985e+00  2.18418319e+00  1.71e-17 2.84e-14  6.71e-12     3s
  22   2.18418232e+00  2.18418233e+00  1.18e-16 2.84e-14  2.01e-14     3s
  23   2.18418233e+00  2.18418233e+00  2.47e-15 2.84e-14  4.46e-15     3s
  24   2.18418233e+00  2.18418233e+00  3.33e-15 2.84e-14  1.18e-15     3s
  25   2.18418233e+00  2.18418233e+00  1.36e-15 2.84e-14  3.03e-16     3s
  26   2.18418233e+00  2.18418233e+00  7.57e-16 2.04e-14  1.37e-16     3s
  27   2.18418233e+00  2.18418233e+00  5.62e-16 1.60e-14  1.18e-16     3s
  28   2.18418233e+00  2.18418233e+00  6.94e-16 2.84e-14  5.83e-17     3s

Barrier solved model in 28 iterations and 3.46 seconds (3.22 work units)
Optimal objective 2.18418233e+00

objective value: 2.1841823307433446
Done! Time elapsed: 24.070619583129883 seconds.
g_0_1: 1.0000003267672002
g_1_1: 1.0000001873971505
g_1_2: 1.0000005282938613
g_2_1: 1.0000003242262345
g_2_2: 1.000000914030836
g_2_3: 1.0000003242262347
g_2_4: 1.0000009140308166
Parameters from last iteration: [0.17400006 0.70700013 0.17400009 0.70700023 0.17400016 0.70700023
 0.17400016]

Parameters from current iteration:
                [0.17400006 0.70700013 0.17400009 0.70700023 0.17400016 0.70700023
 0.17400016]


                Percentage Error = 3.19029500528967e-16
                
year done: 38
Time 39: 2
Optimization Iteration[1/20000]

Solving the optimization problem...
Set parameter TokenServer to value "licenses.rcc.uchicago.edu"
Read LP format model from file /scratch/local/jobs/50183986/tmp2dnt6fqi.pyomo.lp
Reading time = 1.34 seconds
x1: 258121 rows, 502401 columns, 1259970 nonzeros
Set parameter Threads to value 8
Set parameter BarConvTol to value 1e-12
Gurobi Optimizer version 11.0.0 build v11.0.0rc2 (linux64 - "CentOS Linux 8")

CPU model: Intel(R) Xeon(R) Gold 6248R CPU @ 3.00GHz, instruction set [SSE2|AVX|AVX2|AVX512]
Thread count: 48 physical cores, 48 logical processors, using up to 8 threads

Optimize a model with 258121 rows, 502401 columns and 1259970 nonzeros
Model fingerprint: 0x8e09b865
Model has 3166 quadratic objective terms
Coefficient statistics:
  Matrix range     [1e+00, 1e+03]
  Objective range  [1e-06, 1e+02]
  QObjective range [3e-01, 3e+03]
  Bounds range     [3e-04, 1e+00]
  RHS range        [3e-17, 6e+00]
Presolve removed 131481 rows and 128813 columns
Presolve time: 0.55s
Presolved: 126640 rows, 373588 columns, 743932 nonzeros
Presolved model has 3166 quadratic objective terms
Ordering time: 0.16s

Barrier statistics:
 AA' NZ     : 3.709e+05
 Factor NZ  : 3.905e+06 (roughly 230 MB of memory)
 Factor Ops : 2.623e+08 (less than 1 second per iteration)
 Threads    : 8

                  Objective                Residual
Iter       Primal          Dual         Primal    Dual     Compl     Time
   0  -1.22466045e+09  8.63517427e+08  7.80e+04 1.14e-13  1.00e+06     1s
   1  -5.85742646e+08  5.07976562e+08  1.69e+04 1.44e+02  2.23e+05     1s
   2  -2.82434127e+08  2.81995029e+08  2.13e+02 8.69e-01  3.96e+03     1s
   3  -6.55833236e+07  6.61786514e+07  1.76e+00 1.31e-12  2.85e+02     1s
   4  -1.25708085e+07  1.31966964e+07  1.53e-01 5.32e-12  5.32e+01     1s
   5  -2.28690303e+06  2.53084014e+06  1.14e-02 1.24e-12  9.74e+00     1s
   6  -3.34326956e+05  3.84148477e+05  1.14e-08 7.98e-13  1.45e+00     2s
   7  -5.04612411e+04  6.35349979e+04  1.52e-13 6.66e-13  2.29e-01     2s
   8  -7.72217549e+03  9.03984271e+03  4.90e-14 2.02e-13  3.37e-02     2s
   9  -1.27829016e+03  1.50079290e+03  1.76e-14 4.26e-14  5.59e-03     2s
  10  -2.14823626e+02  1.70939109e+02  8.73e-15 2.84e-14  7.76e-04     2s
  11  -4.60475978e+01  2.76888286e+01  1.78e-15 2.84e-14  1.48e-04     2s
  12  -6.03782360e+00  5.17842202e+00  1.13e-15 2.84e-14  2.26e-05     2s
  13   4.11079781e-01  2.62236686e+00  3.87e-16 1.95e-14  4.45e-06     2s
  14   1.49038120e+00  2.31818877e+00  1.17e-16 2.84e-14  1.67e-06     2s
  15   1.93807268e+00  2.14398240e+00  3.60e-17 2.84e-14  4.14e-07     2s
  16   1.99521774e+00  2.12493503e+00  1.99e-17 2.84e-14  2.61e-07     3s
  17   2.06234472e+00  2.10070934e+00  1.82e-17 1.42e-14  7.72e-08     3s
  18   2.07776515e+00  2.09524126e+00  1.02e-17 2.84e-14  3.52e-08     3s
  19   2.08951104e+00  2.09115766e+00  2.12e-17 2.84e-14  3.31e-09     3s
  20   2.09061581e+00  2.09077417e+00  1.25e-17 2.13e-14  3.19e-10     3s
  21   2.09073100e+00  2.09073433e+00  1.66e-17 2.84e-14  6.71e-12     3s
  22   2.09073346e+00  2.09073347e+00  1.08e-16 2.84e-14  2.01e-14     3s
  23   2.09073347e+00  2.09073347e+00  2.46e-15 2.84e-14  4.42e-15     3s
  24   2.09073347e+00  2.09073347e+00  4.76e-15 2.84e-14  1.17e-15     3s
  25   2.09073347e+00  2.09073347e+00  1.28e-15 2.84e-14  3.01e-16     3s
  26   2.09073347e+00  2.09073347e+00  7.44e-16 2.84e-14  1.34e-16     3s
  27   2.09073347e+00  2.09073347e+00  6.59e-16 2.84e-14  1.16e-16     3s
  28   2.09073347e+00  2.09073347e+00  5.22e-16 2.84e-14  5.75e-17     3s

Barrier solved model in 28 iterations and 3.47 seconds (3.22 work units)
Optimal objective 2.09073347e+00

objective value: 2.090733471582689
Done! Time elapsed: 24.21891450881958 seconds.
g_0_1: 1.0000003267672002
g_1_1: 1.0000001873971507
g_1_2: 1.0000005282938613
g_2_1: 1.0000003242262345
g_2_2: 1.0000009140308357
g_2_3: 1.0000003242262347
g_2_4: 1.0000009140308166
Parameters from last iteration: [0.17400006 0.70700013 0.17400009 0.70700023 0.17400016 0.70700023
 0.17400016]

Parameters from current iteration:
                [0.17400006 0.70700013 0.17400009 0.70700023 0.17400016 0.70700023
 0.17400016]


                Percentage Error = 3.14065860416567e-16
                
year done: 39
Time 40: 2
Optimization Iteration[1/20000]

Solving the optimization problem...
Set parameter TokenServer to value "licenses.rcc.uchicago.edu"
Read LP format model from file /scratch/local/jobs/50183986/tmps720cb7x.pyomo.lp
Reading time = 1.41 seconds
x1: 258121 rows, 502401 columns, 1259970 nonzeros
Set parameter Threads to value 8
Set parameter BarConvTol to value 1e-12
Gurobi Optimizer version 11.0.0 build v11.0.0rc2 (linux64 - "CentOS Linux 8")

CPU model: Intel(R) Xeon(R) Gold 6248R CPU @ 3.00GHz, instruction set [SSE2|AVX|AVX2|AVX512]
Thread count: 48 physical cores, 48 logical processors, using up to 8 threads

Optimize a model with 258121 rows, 502401 columns and 1259970 nonzeros
Model fingerprint: 0x391bd691
Model has 3166 quadratic objective terms
Coefficient statistics:
  Matrix range     [1e+00, 1e+03]
  Objective range  [1e-06, 1e+02]
  QObjective range [3e-01, 3e+03]
  Bounds range     [3e-04, 1e+00]
  RHS range        [3e-17, 6e+00]
Presolve removed 131481 rows and 128813 columns
Presolve time: 0.55s
Presolved: 126640 rows, 373588 columns, 743932 nonzeros
Presolved model has 3166 quadratic objective terms
Ordering time: 0.15s

Barrier statistics:
 AA' NZ     : 3.709e+05
 Factor NZ  : 3.905e+06 (roughly 230 MB of memory)
 Factor Ops : 2.623e+08 (less than 1 second per iteration)
 Threads    : 8

                  Objective                Residual
Iter       Primal          Dual         Primal    Dual     Compl     Time
   0  -1.22466045e+09  8.63517427e+08  7.80e+04 1.14e-13  1.00e+06     1s
   1  -5.85742646e+08  5.07976562e+08  1.69e+04 1.44e+02  2.23e+05     1s
   2  -2.82434127e+08  2.81995029e+08  2.13e+02 8.69e-01  3.96e+03     1s
   3  -6.55833237e+07  6.61786513e+07  1.76e+00 1.37e-12  2.85e+02     1s
   4  -1.25708086e+07  1.31966963e+07  1.53e-01 3.69e-12  5.32e+01     1s
   5  -2.28690312e+06  2.53084005e+06  1.14e-02 1.20e-12  9.74e+00     1s
   6  -3.34327045e+05  3.84148388e+05  1.14e-08 1.66e-12  1.45e+00     2s
   7  -5.04613304e+04  6.35349086e+04  1.25e-13 6.81e-13  2.29e-01     2s
   8  -7.72226473e+03  9.03975347e+03  3.33e-14 2.03e-13  3.37e-02     2s
   9  -1.27837940e+03  1.50070366e+03  2.22e-14 5.68e-14  5.59e-03     2s
  10  -2.14912869e+02  1.70849866e+02  9.76e-15 4.26e-14  7.76e-04     2s
  11  -4.61368408e+01  2.75995857e+01  1.86e-15 2.84e-14  1.48e-04     2s
  12  -6.12706657e+00  5.08917905e+00  1.36e-15 2.84e-14  2.26e-05     2s
  13   3.21836813e-01  2.53312389e+00  3.48e-16 2.84e-14  4.45e-06     2s
  14   1.40113823e+00  2.22894580e+00  1.10e-16 2.84e-14  1.67e-06     2s
  15   1.84882971e+00  2.05473943e+00  4.14e-17 2.84e-14  4.14e-07     2s
  16   1.90597478e+00  2.03569206e+00  3.12e-17 2.84e-14  2.61e-07     3s
  17   1.97310176e+00  2.01146637e+00  1.83e-17 2.84e-14  7.72e-08     3s
  18   1.98852218e+00  2.00599829e+00  1.07e-17 2.84e-14  3.52e-08     3s
  19   2.00026808e+00  2.00191469e+00  2.67e-17 4.26e-14  3.31e-09     3s
  20   2.00137285e+00  2.00153120e+00  1.07e-17 2.84e-14  3.19e-10     3s
  21   2.00148803e+00  2.00149136e+00  1.71e-17 2.84e-14  6.71e-12     3s
  22   2.00149050e+00  2.00149051e+00  1.00e-16 2.84e-14  2.01e-14     3s
  23   2.00149050e+00  2.00149050e+00  2.52e-15 2.84e-14  4.37e-15     3s
  24   2.00149050e+00  2.00149050e+00  3.20e-15 2.84e-14  1.16e-15     3s
  25   2.00149050e+00  2.00149050e+00  1.19e-15 2.22e-14  2.98e-16     3s
  26   2.00149050e+00  2.00149050e+00  6.94e-16 2.84e-14  1.31e-16     3s
  27   2.00149050e+00  2.00149050e+00  5.48e-16 2.84e-14  1.13e-16     3s
  28   2.00149050e+00  2.00149050e+00  6.34e-16 2.84e-14  5.66e-17     3s

Barrier solved model in 28 iterations and 3.46 seconds (3.22 work units)
Optimal objective 2.00149050e+00

objective value: 2.001490503914128
Done! Time elapsed: 25.754075527191162 seconds.
g_0_1: 1.0000003267672004
g_1_1: 1.0000001873971507
g_1_2: 1.0000005282938613
g_2_1: 1.0000003242262345
g_2_2: 1.0000009140308355
g_2_3: 1.0000003242262347
g_2_4: 1.0000009140308166
Parameters from last iteration: [0.17400006 0.70700013 0.17400009 0.70700023 0.17400016 0.70700023
 0.17400016]

Parameters from current iteration:
                [0.17400006 0.70700013 0.17400009 0.70700023 0.17400016 0.70700023
 0.17400016]


                Percentage Error = 3.190295005289671e-16
                
year done: 40
Time 41: 2
Optimization Iteration[1/20000]

Solving the optimization problem...
Set parameter TokenServer to value "licenses.rcc.uchicago.edu"
Read LP format model from file /scratch/local/jobs/50183986/tmp5kkc469x.pyomo.lp
Reading time = 1.33 seconds
x1: 258121 rows, 502401 columns, 1259970 nonzeros
Set parameter Threads to value 8
Set parameter BarConvTol to value 1e-12
Gurobi Optimizer version 11.0.0 build v11.0.0rc2 (linux64 - "CentOS Linux 8")

CPU model: Intel(R) Xeon(R) Gold 6248R CPU @ 3.00GHz, instruction set [SSE2|AVX|AVX2|AVX512]
Thread count: 48 physical cores, 48 logical processors, using up to 8 threads

Optimize a model with 258121 rows, 502401 columns and 1259970 nonzeros
Model fingerprint: 0x34f7c957
Model has 3166 quadratic objective terms
Coefficient statistics:
  Matrix range     [1e+00, 1e+03]
  Objective range  [1e-06, 1e+02]
  QObjective range [3e-01, 3e+03]
  Bounds range     [3e-04, 1e+00]
  RHS range        [3e-17, 6e+00]
Presolve removed 131481 rows and 128813 columns
Presolve time: 0.54s
Presolved: 126640 rows, 373588 columns, 743932 nonzeros
Presolved model has 3166 quadratic objective terms
Ordering time: 0.15s

Barrier statistics:
 AA' NZ     : 3.709e+05
 Factor NZ  : 3.905e+06 (roughly 230 MB of memory)
 Factor Ops : 2.623e+08 (less than 1 second per iteration)
 Threads    : 8

                  Objective                Residual
Iter       Primal          Dual         Primal    Dual     Compl     Time
   0  -1.22466045e+09  8.63517427e+08  7.80e+04 1.14e-13  1.00e+06     1s
   1  -5.85742646e+08  5.07976562e+08  1.69e+04 1.44e+02  2.23e+05     1s
   2  -2.82434127e+08  2.81995029e+08  2.13e+02 8.69e-01  3.96e+03     1s
   3  -6.55833237e+07  6.61786512e+07  1.76e+00 1.41e-12  2.85e+02     1s
   4  -1.25708087e+07  1.31966962e+07  1.53e-01 3.48e-12  5.32e+01     1s
   5  -2.28690320e+06  2.53083997e+06  1.14e-02 1.10e-12  9.74e+00     1s
   6  -3.34327130e+05  3.84148303e+05  1.14e-08 8.32e-13  1.45e+00     2s
   7  -5.04614156e+04  6.35348234e+04  1.27e-13 6.62e-13  2.29e-01     2s
   8  -7.72234996e+03  9.03966824e+03  3.96e-14 2.07e-13  3.37e-02     2s
   9  -1.27846463e+03  1.50061843e+03  1.63e-14 5.68e-14  5.59e-03     2s
  10  -2.14998095e+02  1.70764640e+02  9.43e-15 2.84e-14  7.76e-04     2s
  11  -4.62220672e+01  2.75143593e+01  2.35e-15 2.84e-14  1.48e-04     2s
  12  -6.21229294e+00  5.00395268e+00  8.53e-16 2.40e-14  2.26e-05     2s
  13   2.36610441e-01  2.44789752e+00  2.66e-16 2.84e-14  4.45e-06     2s
  14   1.31591186e+00  2.14371943e+00  1.39e-16 2.84e-14  1.67e-06     2s
  15   1.76360334e+00  1.96951306e+00  4.79e-17 2.84e-14  4.14e-07     2s
  16   1.82074840e+00  1.95046569e+00  2.77e-17 2.84e-14  2.61e-07     3s
  17   1.88787538e+00  1.92624000e+00  1.87e-17 2.84e-14  7.72e-08     3s
  18   1.90329581e+00  1.92077192e+00  1.32e-17 2.84e-14  3.52e-08     3s
  19   1.91504170e+00  1.91668832e+00  2.51e-17 2.84e-14  3.31e-09     3s
  20   1.91614647e+00  1.91630483e+00  1.47e-17 2.84e-14  3.19e-10     3s
  21   1.91626166e+00  1.91626499e+00  1.71e-17 2.84e-14  6.71e-12     3s
  22   1.91626412e+00  1.91626413e+00  1.17e-16 2.84e-14  2.01e-14     3s
  23   1.91626413e+00  1.91626413e+00  2.36e-15 2.84e-14  4.33e-15     3s
  24   1.91626413e+00  1.91626413e+00  3.54e-15 2.84e-14  1.15e-15     3s
  25   1.91626413e+00  1.91626413e+00  1.24e-15 2.84e-14  2.96e-16     3s
  26   1.91626413e+00  1.91626413e+00  6.74e-16 2.84e-14  1.28e-16     3s
  27   1.91626413e+00  1.91626413e+00  5.54e-16 1.42e-14  1.11e-16     3s
  28   1.91626413e+00  1.91626413e+00  6.69e-16 2.84e-14  5.57e-17     3s

Barrier solved model in 28 iterations and 3.46 seconds (3.22 work units)
Optimal objective 1.91626413e+00

objective value: 1.9162641314380353
Done! Time elapsed: 24.02584934234619 seconds.
g_0_1: 1.0000003267672
g_1_1: 1.0000001873971507
g_1_2: 1.0000005282938613
g_2_1: 1.0000003242262347
g_2_2: 1.0000009140308348
g_2_3: 1.0000003242262347
g_2_4: 1.0000009140308164
Parameters from last iteration: [0.17400006 0.70700013 0.17400009 0.70700023 0.17400016 0.70700023
 0.17400016]

Parameters from current iteration:
                [0.17400006 0.70700013 0.17400009 0.70700023 0.17400016 0.70700023
 0.17400016]


                Percentage Error = 7.975732829367851e-16
                
year done: 41
Time 42: 2
Optimization Iteration[1/20000]

Solving the optimization problem...
Set parameter TokenServer to value "licenses.rcc.uchicago.edu"
Read LP format model from file /scratch/local/jobs/50183986/tmpuffxhf6g.pyomo.lp
Reading time = 1.33 seconds
x1: 258121 rows, 502401 columns, 1259970 nonzeros
Set parameter Threads to value 8
Set parameter BarConvTol to value 1e-12
Gurobi Optimizer version 11.0.0 build v11.0.0rc2 (linux64 - "CentOS Linux 8")

CPU model: Intel(R) Xeon(R) Gold 6248R CPU @ 3.00GHz, instruction set [SSE2|AVX|AVX2|AVX512]
Thread count: 48 physical cores, 48 logical processors, using up to 8 threads

Optimize a model with 258121 rows, 502401 columns and 1259970 nonzeros
Model fingerprint: 0x7815666a
Model has 3166 quadratic objective terms
Coefficient statistics:
  Matrix range     [1e+00, 1e+03]
  Objective range  [1e-06, 1e+02]
  QObjective range [3e-01, 3e+03]
  Bounds range     [3e-04, 1e+00]
  RHS range        [3e-17, 6e+00]
Presolve removed 131481 rows and 128813 columns
Presolve time: 0.55s
Presolved: 126640 rows, 373588 columns, 743932 nonzeros
Presolved model has 3166 quadratic objective terms
Ordering time: 0.16s

Barrier statistics:
 AA' NZ     : 3.709e+05
 Factor NZ  : 3.905e+06 (roughly 230 MB of memory)
 Factor Ops : 2.623e+08 (less than 1 second per iteration)
 Threads    : 8

                  Objective                Residual
Iter       Primal          Dual         Primal    Dual     Compl     Time
   0  -1.22466045e+09  8.63517427e+08  7.80e+04 1.14e-13  1.00e+06     1s
   1  -5.85742646e+08  5.07976562e+08  1.69e+04 1.44e+02  2.23e+05     1s
   2  -2.82434127e+08  2.81995029e+08  2.13e+02 8.69e-01  3.96e+03     1s
   3  -6.55833238e+07  6.61786511e+07  1.76e+00 1.48e-12  2.85e+02     1s
   4  -1.25708088e+07  1.31966962e+07  1.53e-01 4.07e-12  5.32e+01     1s
   5  -2.28690329e+06  2.53083989e+06  1.14e-02 1.23e-12  9.74e+00     1s
   6  -3.34327212e+05  3.84148221e+05  1.14e-08 7.69e-13  1.45e+00     2s
   7  -5.04614970e+04  6.35347420e+04  1.30e-13 7.01e-13  2.29e-01     2s
   8  -7.72243135e+03  9.03958685e+03  4.30e-14 1.88e-13  3.37e-02     2s
   9  -1.27854602e+03  1.50053704e+03  1.90e-14 5.68e-14  5.59e-03     2s
  10  -2.15079486e+02  1.70683249e+02  9.69e-15 2.84e-14  7.76e-04     2s
  11  -4.63034577e+01  2.74329687e+01  2.27e-15 2.84e-14  1.48e-04     2s
  12  -6.29368349e+00  4.92256213e+00  9.98e-16 2.84e-14  2.26e-05     2s
  13   1.55219887e-01  2.36650697e+00  3.12e-16 2.84e-14  4.45e-06     2s
  14   1.23452131e+00  2.06232888e+00  1.25e-16 2.84e-14  1.67e-06     2s
  15   1.68221279e+00  1.88812251e+00  5.42e-17 2.13e-14  4.14e-07     2s
  16   1.73935785e+00  1.86907513e+00  2.51e-17 2.13e-14  2.61e-07     3s
  17   1.80648483e+00  1.84484944e+00  1.67e-17 2.84e-14  7.72e-08     3s
  18   1.82190525e+00  1.83938136e+00  1.12e-17 2.84e-14  3.52e-08     3s
  19   1.83365115e+00  1.83529777e+00  3.04e-17 2.84e-14  3.31e-09     3s
  20   1.83475592e+00  1.83491427e+00  1.21e-17 2.84e-14  3.19e-10     3s
  21   1.83487110e+00  1.83487443e+00  1.58e-17 1.87e-14  6.71e-12     3s
  22   1.83487357e+00  1.83487358e+00  1.10e-16 4.26e-14  2.01e-14     3s
  23   1.83487358e+00  1.83487358e+00  2.08e-15 2.84e-14  4.28e-15     3s
  24   1.83487358e+00  1.83487358e+00  4.37e-15 2.84e-14  1.14e-15     3s
  25   1.83487358e+00  1.83487358e+00  1.28e-15 2.84e-14  2.93e-16     3s
  26   1.83487358e+00  1.83487358e+00  7.14e-16 1.42e-14  1.25e-16     3s
  27   1.83487358e+00  1.83487358e+00  6.36e-16 1.42e-14  1.09e-16     3s
  28   1.83487358e+00  1.83487358e+00  6.25e-16 2.84e-14  5.48e-17     3s

Barrier solved model in 28 iterations and 3.49 seconds (3.22 work units)
Optimal objective 1.83487358e+00

objective value: 1.8348735775917087
Done! Time elapsed: 24.276779413223267 seconds.
g_0_1: 1.0000003267672
g_1_1: 1.0000001873971507
g_1_2: 1.0000005282938613
g_2_1: 1.0000003242262345
g_2_2: 1.0000009140308348
g_2_3: 1.0000003242262347
g_2_4: 1.0000009140308164
Parameters from last iteration: [0.17400006 0.70700013 0.17400009 0.70700023 0.17400016 0.70700023
 0.17400016]

Parameters from current iteration:
                [0.17400006 0.70700013 0.17400009 0.70700023 0.17400016 0.70700023
 0.17400016]


                Percentage Error = 1.5703290872161844e-16
                
year done: 42
Time 43: 2
Optimization Iteration[1/20000]

Solving the optimization problem...
Set parameter TokenServer to value "licenses.rcc.uchicago.edu"
Read LP format model from file /scratch/local/jobs/50183986/tmp2hdascde.pyomo.lp
Reading time = 1.34 seconds
x1: 258121 rows, 502401 columns, 1259970 nonzeros
Set parameter Threads to value 8
Set parameter BarConvTol to value 1e-12
Gurobi Optimizer version 11.0.0 build v11.0.0rc2 (linux64 - "CentOS Linux 8")

CPU model: Intel(R) Xeon(R) Gold 6248R CPU @ 3.00GHz, instruction set [SSE2|AVX|AVX2|AVX512]
Thread count: 48 physical cores, 48 logical processors, using up to 8 threads

Optimize a model with 258121 rows, 502401 columns and 1259970 nonzeros
Model fingerprint: 0x6f6683ac
Model has 3166 quadratic objective terms
Coefficient statistics:
  Matrix range     [1e+00, 1e+03]
  Objective range  [1e-06, 1e+02]
  QObjective range [3e-01, 3e+03]
  Bounds range     [3e-04, 1e+00]
  RHS range        [3e-17, 6e+00]
Presolve removed 131481 rows and 128813 columns
Presolve time: 0.56s
Presolved: 126640 rows, 373588 columns, 743932 nonzeros
Presolved model has 3166 quadratic objective terms
Ordering time: 0.16s

Barrier statistics:
 AA' NZ     : 3.709e+05
 Factor NZ  : 3.905e+06 (roughly 230 MB of memory)
 Factor Ops : 2.623e+08 (less than 1 second per iteration)
 Threads    : 8

                  Objective                Residual
Iter       Primal          Dual         Primal    Dual     Compl     Time
   0  -1.22466045e+09  8.63517427e+08  7.80e+04 1.14e-13  1.00e+06     1s
   1  -5.85742646e+08  5.07976561e+08  1.69e+04 1.44e+02  2.23e+05     1s
   2  -2.82434127e+08  2.81995029e+08  2.13e+02 8.69e-01  3.96e+03     1s
   3  -6.55833239e+07  6.61786511e+07  1.76e+00 1.48e-12  2.85e+02     1s
   4  -1.25708089e+07  1.31966961e+07  1.53e-01 4.21e-12  5.32e+01     1s
   5  -2.28690336e+06  2.53083981e+06  1.14e-02 1.46e-12  9.74e+00     1s
   6  -3.34327290e+05  3.84148144e+05  1.14e-08 7.95e-13  1.45e+00     2s
   7  -5.04615747e+04  6.35346643e+04  1.46e-13 7.52e-13  2.29e-01     2s
   8  -7.72250908e+03  9.03950912e+03  4.26e-14 1.88e-13  3.37e-02     2s
   9  -1.27862374e+03  1.50045931e+03  2.08e-14 4.26e-14  5.59e-03     2s
  10  -2.15157213e+02  1.70605522e+02  8.86e-15 2.89e-14  7.76e-04     2s
  11  -4.63811851e+01  2.73552414e+01  1.78e-15 2.84e-14  1.48e-04     2s
  12  -6.37141087e+00  4.84483475e+00  1.11e-15 2.84e-14  2.26e-05     2s
  13   7.74925113e-02  2.28877959e+00  2.98e-16 5.68e-14  4.45e-06     2s
  14   1.15679393e+00  1.98460150e+00  1.28e-16 2.84e-14  1.67e-06     2s
  15   1.60448541e+00  1.81039513e+00  3.38e-17 4.26e-14  4.14e-07     2s
  16   1.66163047e+00  1.79134776e+00  2.60e-17 2.84e-14  2.61e-07     3s
  17   1.72875745e+00  1.76712207e+00  1.57e-17 2.84e-14  7.72e-08     3s
  18   1.74417788e+00  1.76165399e+00  1.66e-17 2.84e-14  3.52e-08     3s
  19   1.75592377e+00  1.75757039e+00  2.93e-17 2.84e-14  3.31e-09     3s
  20   1.75702854e+00  1.75718690e+00  1.25e-17 2.84e-14  3.19e-10     3s
  21   1.75714373e+00  1.75714706e+00  2.31e-17 2.84e-14  6.71e-12     3s
  22   1.75714619e+00  1.75714620e+00  1.36e-16 2.84e-14  2.01e-14     3s
  23   1.75714620e+00  1.75714620e+00  1.99e-15 3.29e-14  4.24e-15     3s
  24   1.75714620e+00  1.75714620e+00  3.38e-15 1.87e-14  1.13e-15     3s
  25   1.75714620e+00  1.75714620e+00  1.32e-15 2.84e-14  2.90e-16     3s
  26   1.75714620e+00  1.75714620e+00  6.48e-16 2.84e-14  1.23e-16     3s
  27   1.75714620e+00  1.75714620e+00  4.92e-16 1.87e-14  1.07e-16     3s
  28   1.75714620e+00  1.75714620e+00  5.01e-16 2.84e-14  5.39e-17     3s

Barrier solved model in 28 iterations and 3.48 seconds (3.22 work units)
Optimal objective 1.75714620e+00

objective value: 1.7571462020980468
Done! Time elapsed: 24.098562002182007 seconds.
g_0_1: 1.0000003267672
g_1_1: 1.0000001873971507
g_1_2: 1.000000528293861
g_2_1: 1.0000003242262345
g_2_2: 1.0000009140308344
g_2_3: 1.000000324226235
g_2_4: 1.0000009140308164
Parameters from last iteration: [0.17400006 0.70700013 0.17400009 0.70700023 0.17400016 0.70700023
 0.17400016]

Parameters from current iteration:
                [0.17400006 0.70700013 0.17400009 0.70700023 0.17400016 0.70700023
 0.17400016]


                Percentage Error = 3.19029436236051e-16
                
year done: 43
Time 44: 2
Optimization Iteration[1/20000]

Solving the optimization problem...
Set parameter TokenServer to value "licenses.rcc.uchicago.edu"
Read LP format model from file /scratch/local/jobs/50183986/tmp4kd12yrm.pyomo.lp
Reading time = 1.34 seconds
x1: 258121 rows, 502401 columns, 1259970 nonzeros
Set parameter Threads to value 8
Set parameter BarConvTol to value 1e-12
Gurobi Optimizer version 11.0.0 build v11.0.0rc2 (linux64 - "CentOS Linux 8")

CPU model: Intel(R) Xeon(R) Gold 6248R CPU @ 3.00GHz, instruction set [SSE2|AVX|AVX2|AVX512]
Thread count: 48 physical cores, 48 logical processors, using up to 8 threads

Optimize a model with 258121 rows, 502401 columns and 1259970 nonzeros
Model fingerprint: 0xd690ca8a
Model has 3166 quadratic objective terms
Coefficient statistics:
  Matrix range     [1e+00, 1e+03]
  Objective range  [1e-06, 1e+02]
  QObjective range [3e-01, 3e+03]
  Bounds range     [3e-04, 1e+00]
  RHS range        [3e-17, 6e+00]
Presolve removed 131481 rows and 128813 columns
Presolve time: 0.56s
Presolved: 126640 rows, 373588 columns, 743932 nonzeros
Presolved model has 3166 quadratic objective terms
Ordering time: 0.15s

Barrier statistics:
 AA' NZ     : 3.709e+05
 Factor NZ  : 3.905e+06 (roughly 230 MB of memory)
 Factor Ops : 2.623e+08 (less than 1 second per iteration)
 Threads    : 8

                  Objective                Residual
Iter       Primal          Dual         Primal    Dual     Compl     Time
   0  -1.22466045e+09  8.63517427e+08  7.80e+04 1.14e-13  1.00e+06     1s
   1  -5.85742646e+08  5.07976561e+08  1.69e+04 1.44e+02  2.23e+05     1s
   2  -2.82434127e+08  2.81995028e+08  2.13e+02 8.69e-01  3.96e+03     1s
   3  -6.55833240e+07  6.61786510e+07  1.76e+00 1.47e-12  2.85e+02     1s
   4  -1.25708089e+07  1.31966960e+07  1.53e-01 5.75e-12  5.32e+01     1s
   5  -2.28690344e+06  2.53083974e+06  1.14e-02 1.23e-12  9.74e+00     1s
   6  -3.34327364e+05  3.84148070e+05  1.14e-08 7.82e-13  1.45e+00     2s
   7  -5.04616490e+04  6.35345900e+04  1.13e-13 6.25e-13  2.29e-01     2s
   8  -7.72258331e+03  9.03943489e+03  3.78e-14 1.83e-13  3.37e-02     2s
   9  -1.27869797e+03  1.50038508e+03  1.81e-14 5.68e-14  5.59e-03     2s
  10  -2.15231442e+02  1.70531293e+02  7.99e-15 2.84e-14  7.76e-04     2s
  11  -4.64554142e+01  2.72810123e+01  2.12e-15 2.84e-14  1.48e-04     2s
  12  -6.44563994e+00  4.77060568e+00  1.00e-15 2.84e-14  2.26e-05     2s
  13   3.26344400e-03  2.21455052e+00  2.78e-16 2.84e-14  4.45e-06     2s
  14   1.08256486e+00  1.91037244e+00  1.16e-16 2.84e-14  1.67e-06     2s
  15   1.53025635e+00  1.73616607e+00  3.38e-17 2.84e-14  4.14e-07     2s
  16   1.58740141e+00  1.71711869e+00  2.14e-17 2.84e-14  2.61e-07     3s
  17   1.65452839e+00  1.69289300e+00  1.65e-17 2.84e-14  7.72e-08     3s
  18   1.66994881e+00  1.68742492e+00  1.08e-17 2.84e-14  3.52e-08     3s
  19   1.68169471e+00  1.68334132e+00  2.10e-17 2.84e-14  3.31e-09     3s
  20   1.68279948e+00  1.68295783e+00  1.82e-17 2.84e-14  3.19e-10     3s
  21   1.68291466e+00  1.68291799e+00  1.38e-17 2.84e-14  6.71e-12     3s
  22   1.68291713e+00  1.68291714e+00  1.49e-16 2.84e-14  2.01e-14     3s
  23   1.68291713e+00  1.68291714e+00  2.52e-15 2.84e-14  4.19e-15     3s
  24   1.68291713e+00  1.68291713e+00  3.95e-15 2.84e-14  1.12e-15     3s
  25   1.68291713e+00  1.68291713e+00  1.78e-15 2.84e-14  2.87e-16     3s
  26   1.68291713e+00  1.68291713e+00  7.58e-16 2.84e-14  1.20e-16     3s
  27   1.68291713e+00  1.68291713e+00  6.53e-16 2.84e-14  1.05e-16     3s
  28   1.68291713e+00  1.68291713e+00  5.42e-16 2.84e-14  5.30e-17     4s

Barrier solved model in 28 iterations and 3.51 seconds (3.22 work units)
Optimal objective 1.68291713e+00

objective value: 1.6829171347723748
Done! Time elapsed: 25.743402004241943 seconds.
g_0_1: 1.0000003267672
g_1_1: 1.0000001873971507
g_1_2: 1.0000005282938613
g_2_1: 1.0000003242262345
g_2_2: 1.000000914030834
g_2_3: 1.0000003242262347
g_2_4: 1.0000009140308164
Parameters from last iteration: [0.17400006 0.70700013 0.17400009 0.70700023 0.17400016 0.70700023
 0.17400016]

Parameters from current iteration:
                [0.17400006 0.70700013 0.17400009 0.70700023 0.17400016 0.70700023
 0.17400016]


                Percentage Error = 4.785439697620716e-16
                
year done: 44
Time 45: 2
Optimization Iteration[1/20000]

Solving the optimization problem...
Set parameter TokenServer to value "licenses.rcc.uchicago.edu"
Read LP format model from file /scratch/local/jobs/50183986/tmp4o3ljqxm.pyomo.lp
Reading time = 1.34 seconds
x1: 258121 rows, 502401 columns, 1259970 nonzeros
Set parameter Threads to value 8
Set parameter BarConvTol to value 1e-12
Gurobi Optimizer version 11.0.0 build v11.0.0rc2 (linux64 - "CentOS Linux 8")

CPU model: Intel(R) Xeon(R) Gold 6248R CPU @ 3.00GHz, instruction set [SSE2|AVX|AVX2|AVX512]
Thread count: 48 physical cores, 48 logical processors, using up to 8 threads

Optimize a model with 258121 rows, 502401 columns and 1259970 nonzeros
Model fingerprint: 0xd843f33d
Model has 3166 quadratic objective terms
Coefficient statistics:
  Matrix range     [1e+00, 1e+03]
  Objective range  [1e-06, 1e+02]
  QObjective range [3e-01, 3e+03]
  Bounds range     [3e-04, 1e+00]
  RHS range        [3e-17, 6e+00]
Presolve removed 131481 rows and 128813 columns
Presolve time: 0.55s
Presolved: 126640 rows, 373588 columns, 743932 nonzeros
Presolved model has 3166 quadratic objective terms
Ordering time: 0.15s

Barrier statistics:
 AA' NZ     : 3.709e+05
 Factor NZ  : 3.905e+06 (roughly 230 MB of memory)
 Factor Ops : 2.623e+08 (less than 1 second per iteration)
 Threads    : 8

                  Objective                Residual
Iter       Primal          Dual         Primal    Dual     Compl     Time
   0  -1.22466045e+09  8.63517427e+08  7.80e+04 1.14e-13  1.00e+06     1s
   1  -5.85742646e+08  5.07976561e+08  1.69e+04 1.44e+02  2.23e+05     1s
   2  -2.82434127e+08  2.81995028e+08  2.13e+02 8.69e-01  3.96e+03     1s
   3  -6.55833241e+07  6.61786509e+07  1.76e+00 1.63e-12  2.85e+02     1s
   4  -1.25708090e+07  1.31966959e+07  1.53e-01 3.44e-12  5.32e+01     1s
   5  -2.28690351e+06  2.53083966e+06  1.14e-02 1.24e-12  9.74e+00     1s
   6  -3.34327435e+05  3.84147999e+05  1.14e-08 8.49e-13  1.45e+00     2s
   7  -5.04617198e+04  6.35345192e+04  1.71e-13 6.83e-13  2.29e-01     2s
   8  -7.72265419e+03  9.03936400e+03  4.39e-14 2.11e-13  3.37e-02     2s
   9  -1.27876886e+03  1.50031419e+03  1.97e-14 4.40e-14  5.59e-03     2s
  10  -2.15302331e+02  1.70460404e+02  8.72e-15 4.26e-14  7.76e-04     2s
  11  -4.65263024e+01  2.72101241e+01  1.85e-15 2.84e-14  1.48e-04     2s
  12  -6.51652814e+00  4.69971748e+00  1.01e-15 2.84e-14  2.26e-05     2s
  13  -6.76247650e-02  2.14366232e+00  4.15e-16 2.84e-14  4.45e-06     2s
  14   1.01167666e+00  1.83948423e+00  1.13e-16 2.84e-14  1.67e-06     2s
  15   1.45936814e+00  1.66527786e+00  3.66e-17 1.95e-14  4.14e-07     2s
  16   1.51651320e+00  1.64623048e+00  2.19e-17 2.84e-14  2.61e-07     3s
  17   1.58364018e+00  1.62200479e+00  1.80e-17 2.84e-14  7.72e-08     3s
  18   1.59906060e+00  1.61653671e+00  1.20e-17 2.84e-14  3.52e-08     3s
  19   1.61080650e+00  1.61245311e+00  2.16e-17 2.84e-14  3.31e-09     3s
  20   1.61191127e+00  1.61206962e+00  1.38e-17 2.84e-14  3.19e-10     3s
  21   1.61202645e+00  1.61202978e+00  1.84e-17 2.84e-14  6.71e-12     3s
  22   1.61202892e+00  1.61202893e+00  1.24e-16 2.84e-14  2.01e-14     3s
  23   1.61202892e+00  1.61202893e+00  2.49e-15 2.84e-14  4.15e-15     3s
  24   1.61202893e+00  1.61202893e+00  3.30e-15 2.84e-14  1.11e-15     3s
  25   1.61202893e+00  1.61202893e+00  1.13e-15 2.84e-14  2.84e-16     3s
  26   1.61202893e+00  1.61202893e+00  7.17e-16 2.84e-14  1.18e-16     3s
  27   1.61202893e+00  1.61202893e+00  6.68e-16 2.84e-14  1.08e-16     3s
  28   1.61202893e+00  1.61202893e+00  6.22e-16 2.84e-14  5.67e-17     3s

Barrier solved model in 28 iterations and 3.46 seconds (3.22 work units)
Optimal objective 1.61202893e+00

objective value: 1.6120289258089582
Done! Time elapsed: 24.24046540260315 seconds.
g_0_1: 1.0000003267672002
g_1_1: 1.0000001873971507
g_1_2: 1.0000005282938613
g_2_1: 1.0000003242262345
g_2_2: 1.0000009140308352
g_2_3: 1.0000003242262347
g_2_4: 1.0000009140308166
Parameters from last iteration: [0.17400006 0.70700013 0.17400009 0.70700023 0.17400016 0.70700023
 0.17400016]

Parameters from current iteration:
                [0.17400006 0.70700013 0.17400009 0.70700023 0.17400016 0.70700023
 0.17400016]


                Percentage Error = 1.2761172526988582e-15
                
year done: 45
Time 46: 2
Optimization Iteration[1/20000]

Solving the optimization problem...
Set parameter TokenServer to value "licenses.rcc.uchicago.edu"
Read LP format model from file /scratch/local/jobs/50183986/tmpan455w4a.pyomo.lp
Reading time = 1.35 seconds
x1: 258121 rows, 502401 columns, 1259970 nonzeros
Set parameter Threads to value 8
Set parameter BarConvTol to value 1e-12
Gurobi Optimizer version 11.0.0 build v11.0.0rc2 (linux64 - "CentOS Linux 8")

CPU model: Intel(R) Xeon(R) Gold 6248R CPU @ 3.00GHz, instruction set [SSE2|AVX|AVX2|AVX512]
Thread count: 48 physical cores, 48 logical processors, using up to 8 threads

Optimize a model with 258121 rows, 502401 columns and 1259970 nonzeros
Model fingerprint: 0x5f95dce0
Model has 3166 quadratic objective terms
Coefficient statistics:
  Matrix range     [1e+00, 1e+03]
  Objective range  [1e-06, 1e+02]
  QObjective range [3e-01, 3e+03]
  Bounds range     [3e-04, 1e+00]
  RHS range        [2e-17, 6e+00]
Presolve removed 131481 rows and 128813 columns
Presolve time: 0.55s
Presolved: 126640 rows, 373588 columns, 743932 nonzeros
Presolved model has 3166 quadratic objective terms
Ordering time: 0.16s

Barrier statistics:
 AA' NZ     : 3.709e+05
 Factor NZ  : 3.905e+06 (roughly 230 MB of memory)
 Factor Ops : 2.623e+08 (less than 1 second per iteration)
 Threads    : 8

                  Objective                Residual
Iter       Primal          Dual         Primal    Dual     Compl     Time
   0  -1.22466045e+09  8.63517427e+08  7.80e+04 1.14e-13  1.00e+06     1s
   1  -5.85742646e+08  5.07976561e+08  1.69e+04 1.44e+02  2.23e+05     1s
   2  -2.82434128e+08  2.81995028e+08  2.13e+02 8.69e-01  3.96e+03     1s
   3  -6.55833241e+07  6.61786509e+07  1.76e+00 1.45e-12  2.85e+02     1s
   4  -1.25708091e+07  1.31966959e+07  1.53e-01 3.93e-12  5.32e+01     1s
   5  -2.28690358e+06  2.53083960e+06  1.14e-02 1.30e-12  9.74e+00     1s
   6  -3.34327502e+05  3.84147931e+05  1.14e-08 1.15e-12  1.45e+00     2s
   7  -5.04617875e+04  6.35344515e+04  1.07e-13 6.34e-13  2.29e-01     2s
   8  -7.72272189e+03  9.03929631e+03  4.97e-14 1.55e-13  3.37e-02     2s
   9  -1.27883656e+03  1.50024650e+03  2.03e-14 5.68e-14  5.59e-03     2s
  10  -2.15370028e+02  1.70392707e+02  8.64e-15 4.26e-14  7.76e-04     2s
  11  -4.65940001e+01  2.71424264e+01  2.15e-15 2.84e-14  1.48e-04     2s
  12  -6.58422586e+00  4.63201976e+00  1.10e-15 2.84e-14  2.26e-05     2s
  13  -1.35322479e-01  2.07596460e+00  2.97e-16 2.84e-14  4.45e-06     2s
  14   9.43978942e-01  1.77178651e+00  1.30e-16 2.84e-14  1.67e-06     2s
  15   1.39167042e+00  1.59758014e+00  3.97e-17 2.84e-14  4.14e-07     2s
  16   1.44881548e+00  1.57853277e+00  2.34e-17 4.26e-14  2.61e-07     3s
  17   1.51594246e+00  1.55430708e+00  2.03e-17 1.78e-14  7.72e-08     3s
  18   1.53136289e+00  1.54883900e+00  1.12e-17 2.84e-14  3.52e-08     3s
  19   1.54310878e+00  1.54475540e+00  2.77e-17 2.84e-14  3.31e-09     3s
  20   1.54421355e+00  1.54437191e+00  1.69e-17 2.13e-14  3.19e-10     3s
  21   1.54432874e+00  1.54433207e+00  1.66e-17 4.26e-14  6.71e-12     3s
  22   1.54433120e+00  1.54433121e+00  9.71e-17 2.84e-14  2.01e-14     3s
  23   1.54433121e+00  1.54433121e+00  2.33e-15 2.84e-14  4.10e-15     3s
  24   1.54433121e+00  1.54433121e+00  4.14e-15 2.84e-14  1.11e-15     3s
  25   1.54433121e+00  1.54433121e+00  1.77e-15 2.84e-14  2.82e-16     3s
  26   1.54433121e+00  1.54433121e+00  8.76e-16 2.84e-14  1.17e-16     3s
  27   1.54433121e+00  1.54433121e+00  7.48e-16 1.42e-14  1.07e-16     3s
  28   1.54433121e+00  1.54433121e+00  5.96e-16 2.84e-14  5.61e-17     3s

Barrier solved model in 28 iterations and 3.48 seconds (3.22 work units)
Optimal objective 1.54433121e+00

objective value: 1.544331211815609
Done! Time elapsed: 24.269775390625 seconds.
g_0_1: 1.0000003267672002
g_1_1: 1.0000001873971507
g_1_2: 1.0000005282938613
g_2_1: 1.0000003242262345
g_2_2: 1.000000914030835
g_2_3: 1.0000003242262347
g_2_4: 1.0000009140308166
Parameters from last iteration: [0.17400006 0.70700013 0.17400009 0.70700023 0.17400016 0.70700023
 0.17400016]

Parameters from current iteration:
                [0.17400006 0.70700013 0.17400009 0.70700023 0.17400016 0.70700023
 0.17400016]


                Percentage Error = 1.5951465658735708e-16
                
year done: 46
Time 47: 2
Optimization Iteration[1/20000]

Solving the optimization problem...
Set parameter TokenServer to value "licenses.rcc.uchicago.edu"
Read LP format model from file /scratch/local/jobs/50183986/tmpcfky1rbg.pyomo.lp
Reading time = 1.35 seconds
x1: 258121 rows, 502401 columns, 1259970 nonzeros
Set parameter Threads to value 8
Set parameter BarConvTol to value 1e-12
Gurobi Optimizer version 11.0.0 build v11.0.0rc2 (linux64 - "CentOS Linux 8")

CPU model: Intel(R) Xeon(R) Gold 6248R CPU @ 3.00GHz, instruction set [SSE2|AVX|AVX2|AVX512]
Thread count: 48 physical cores, 48 logical processors, using up to 8 threads

Optimize a model with 258121 rows, 502401 columns and 1259970 nonzeros
Model fingerprint: 0xbab88b62
Model has 3166 quadratic objective terms
Coefficient statistics:
  Matrix range     [1e+00, 1e+03]
  Objective range  [1e-06, 1e+02]
  QObjective range [3e-01, 3e+03]
  Bounds range     [3e-04, 1e+00]
  RHS range        [2e-17, 6e+00]
Presolve removed 131481 rows and 128813 columns
Presolve time: 0.55s
Presolved: 126640 rows, 373588 columns, 743932 nonzeros
Presolved model has 3166 quadratic objective terms
Ordering time: 0.16s

Barrier statistics:
 AA' NZ     : 3.709e+05
 Factor NZ  : 3.905e+06 (roughly 230 MB of memory)
 Factor Ops : 2.623e+08 (less than 1 second per iteration)
 Threads    : 8

                  Objective                Residual
Iter       Primal          Dual         Primal    Dual     Compl     Time
   0  -1.22466045e+09  8.63517427e+08  7.80e+04 1.14e-13  1.00e+06     1s
   1  -5.85742646e+08  5.07976561e+08  1.69e+04 1.44e+02  2.23e+05     1s
   2  -2.82434128e+08  2.81995028e+08  2.13e+02 8.69e-01  3.96e+03     1s
   3  -6.55833242e+07  6.61786508e+07  1.76e+00 1.46e-12  2.85e+02     1s
   4  -1.25708091e+07  1.31966958e+07  1.53e-01 6.20e-12  5.32e+01     1s
   5  -2.28690364e+06  2.53083953e+06  1.14e-02 1.25e-12  9.74e+00     1s
   6  -3.34327567e+05  3.84147866e+05  1.14e-08 7.94e-13  1.45e+00     2s
   7  -5.04618522e+04  6.35343868e+04  1.19e-13 6.01e-13  2.29e-01     2s
   8  -7.72278654e+03  9.03923166e+03  4.68e-14 1.81e-13  3.37e-02     2s
   9  -1.27890121e+03  1.50018185e+03  2.61e-14 5.68e-14  5.59e-03     2s
  10  -2.15434679e+02  1.70328056e+02  7.77e-15 4.26e-14  7.76e-04     2s
  11  -4.66586509e+01  2.70777756e+01  2.27e-15 2.84e-14  1.48e-04     2s
  12  -6.64887667e+00  4.56736895e+00  1.06e-15 5.68e-14  2.26e-05     2s
  13  -1.99973294e-01  2.01131379e+00  2.67e-16 2.84e-14  4.45e-06     2s
  14   8.79328127e-01  1.70713570e+00  1.17e-16 4.26e-14  1.67e-06     2s
  15   1.32701961e+00  1.53292933e+00  3.66e-17 2.84e-14  4.14e-07     2s
  16   1.38416467e+00  1.51388195e+00  2.23e-17 4.26e-14  2.61e-07     3s
  17   1.45129165e+00  1.48965626e+00  1.93e-17 2.84e-14  7.72e-08     3s
  18   1.46671207e+00  1.48418818e+00  1.33e-17 2.84e-14  3.52e-08     3s
  19   1.47845797e+00  1.48010459e+00  2.26e-17 2.84e-14  3.31e-09     3s
  20   1.47956274e+00  1.47972109e+00  2.12e-17 2.84e-14  3.19e-10     3s
  21   1.47967792e+00  1.47968125e+00  1.78e-17 2.84e-14  6.71e-12     3s
  22   1.47968039e+00  1.47968040e+00  1.06e-16 2.84e-14  2.01e-14     3s
  23   1.47968040e+00  1.47968040e+00  2.32e-15 5.68e-14  4.06e-15     3s
  24   1.47968040e+00  1.47968040e+00  4.14e-15 2.84e-14  1.10e-15     3s
  25   1.47968040e+00  1.47968040e+00  1.31e-15 1.60e-14  2.79e-16     3s
  26   1.47968040e+00  1.47968040e+00  6.80e-16 1.78e-14  1.16e-16     3s
  27   1.47968040e+00  1.47968040e+00  6.02e-16 2.84e-14  1.02e-16     3s
  28   1.47968040e+00  1.47968040e+00  5.59e-16 2.84e-14  5.27e-17     3s

Barrier solved model in 28 iterations and 3.46 seconds (3.22 work units)
Optimal objective 1.47968040e+00

objective value: 1.4796803968638825
Done! Time elapsed: 24.222166061401367 seconds.
g_0_1: 1.0000003267671997
g_1_1: 1.0000001873971507
g_1_2: 1.000000528293861
g_2_1: 1.0000003242262347
g_2_2: 1.000000914030834
g_2_3: 1.000000324226235
g_2_4: 1.0000009140308164
Parameters from last iteration: [0.17400006 0.70700013 0.17400009 0.70700023 0.17400016 0.70700023
 0.17400016]

Parameters from current iteration:
                [0.17400006 0.70700013 0.17400009 0.70700023 0.17400016 0.70700023
 0.17400016]


                Percentage Error = 1.1166025961114999e-15
                
year done: 47
Time 48: 2
Optimization Iteration[1/20000]

Solving the optimization problem...
Set parameter TokenServer to value "licenses.rcc.uchicago.edu"
Read LP format model from file /scratch/local/jobs/50183986/tmp84f8af2f.pyomo.lp
Reading time = 1.37 seconds
x1: 258121 rows, 502401 columns, 1259970 nonzeros
Set parameter Threads to value 8
Set parameter BarConvTol to value 1e-12
Gurobi Optimizer version 11.0.0 build v11.0.0rc2 (linux64 - "CentOS Linux 8")

CPU model: Intel(R) Xeon(R) Gold 6248R CPU @ 3.00GHz, instruction set [SSE2|AVX|AVX2|AVX512]
Thread count: 48 physical cores, 48 logical processors, using up to 8 threads

Optimize a model with 258121 rows, 502401 columns and 1259970 nonzeros
Model fingerprint: 0xafa928d8
Model has 3166 quadratic objective terms
Coefficient statistics:
  Matrix range     [1e+00, 1e+03]
  Objective range  [1e-06, 1e+02]
  QObjective range [3e-01, 3e+03]
  Bounds range     [3e-04, 1e+00]
  RHS range        [2e-17, 6e+00]
Presolve removed 131481 rows and 128813 columns
Presolve time: 0.55s
Presolved: 126640 rows, 373588 columns, 743932 nonzeros
Presolved model has 3166 quadratic objective terms
Ordering time: 0.15s

Barrier statistics:
 AA' NZ     : 3.709e+05
 Factor NZ  : 3.905e+06 (roughly 230 MB of memory)
 Factor Ops : 2.623e+08 (less than 1 second per iteration)
 Threads    : 8

                  Objective                Residual
Iter       Primal          Dual         Primal    Dual     Compl     Time
   0  -1.22466045e+09  8.63517426e+08  7.80e+04 1.14e-13  1.00e+06     1s
   1  -5.85742646e+08  5.07976561e+08  1.69e+04 1.44e+02  2.23e+05     1s
   2  -2.82434128e+08  2.81995028e+08  2.13e+02 8.69e-01  3.96e+03     1s
   3  -6.55833242e+07  6.61786507e+07  1.76e+00 1.39e-12  2.85e+02     1s
   4  -1.25708092e+07  1.31966957e+07  1.53e-01 4.59e-12  5.32e+01     1s
   5  -2.28690370e+06  2.53083947e+06  1.14e-02 1.10e-12  9.74e+00     1s
   6  -3.34327629e+05  3.84147805e+05  1.14e-08 9.82e-13  1.45e+00     2s
   7  -5.04619139e+04  6.35343251e+04  1.36e-13 7.32e-13  2.29e-01     2s
   8  -7.72284828e+03  9.03916991e+03  5.12e-14 1.70e-13  3.37e-02     2s
   9  -1.27896295e+03  1.50012011e+03  2.32e-14 5.68e-14  5.59e-03     2s
  10  -2.15496420e+02  1.70266315e+02  8.84e-15 2.84e-14  7.76e-04     2s
  11  -4.67203919e+01  2.70160345e+01  2.39e-15 4.26e-14  1.48e-04     2s
  12  -6.71061772e+00  4.50562790e+00  1.15e-15 2.13e-14  2.26e-05     2s
  13  -2.61714343e-01  1.94957274e+00  3.03e-16 2.84e-14  4.45e-06     2s
  14   8.17587078e-01  1.64539465e+00  1.17e-16 2.84e-14  1.67e-06     2s
  15   1.26527856e+00  1.47118828e+00  5.07e-17 2.84e-14  4.14e-07     2s
  16   1.32242362e+00  1.45214090e+00  3.90e-17 2.84e-14  2.61e-07     3s
  17   1.38955060e+00  1.42791521e+00  1.79e-17 2.84e-14  7.72e-08     3s
  18   1.40497102e+00  1.42244713e+00  1.86e-17 2.84e-14  3.52e-08     3s
  19   1.41671692e+00  1.41836354e+00  3.19e-17 2.84e-14  3.31e-09     3s
  20   1.41782169e+00  1.41798004e+00  1.37e-17 2.84e-14  3.19e-10     3s
  21   1.41793687e+00  1.41794020e+00  1.84e-17 2.84e-14  6.71e-12     3s
  22   1.41793934e+00  1.41793935e+00  1.04e-16 2.84e-14  2.01e-14     3s
  23   1.41793935e+00  1.41793935e+00  2.12e-15 2.84e-14  4.02e-15     3s
  24   1.41793935e+00  1.41793935e+00  3.58e-15 2.84e-14  1.09e-15     3s
  25   1.41793935e+00  1.41793935e+00  1.51e-15 2.84e-14  2.76e-16     3s
  26   1.41793935e+00  1.41793935e+00  8.60e-16 1.42e-14  1.15e-16     3s
  27   1.41793935e+00  1.41793935e+00  6.65e-16 2.84e-14  9.53e-17     3s

Barrier solved model in 27 iterations and 3.41 seconds (3.15 work units)
Optimal objective 1.41793935e+00

objective value: 1.4179393478893223
Done! Time elapsed: 25.880459308624268 seconds.
g_0_1: 1.0000003267672029
g_1_1: 1.0000001873971494
g_1_2: 1.0000005282938629
g_2_1: 1.0000003242262336
g_2_2: 1.0000009140308492
g_2_3: 1.0000003242262339
g_2_4: 1.0000009140308175
Parameters from last iteration: [0.17400006 0.70700013 0.17400009 0.70700023 0.17400016 0.70700023
 0.17400016]

Parameters from current iteration:
                [0.17400006 0.70700013 0.17400009 0.70700023 0.17400016 0.70700023
 0.17400016]


                Percentage Error = 1.53134070323863e-14
                
year done: 48
Time 49: 2
Optimization Iteration[1/20000]

Solving the optimization problem...
Set parameter TokenServer to value "licenses.rcc.uchicago.edu"
Read LP format model from file /scratch/local/jobs/50183986/tmpce5iafb7.pyomo.lp
Reading time = 1.34 seconds
x1: 258121 rows, 502401 columns, 1259970 nonzeros
Set parameter Threads to value 8
Set parameter BarConvTol to value 1e-12
Gurobi Optimizer version 11.0.0 build v11.0.0rc2 (linux64 - "CentOS Linux 8")

CPU model: Intel(R) Xeon(R) Gold 6248R CPU @ 3.00GHz, instruction set [SSE2|AVX|AVX2|AVX512]
Thread count: 48 physical cores, 48 logical processors, using up to 8 threads

Optimize a model with 258121 rows, 502401 columns and 1259970 nonzeros
Model fingerprint: 0x6c5303f5
Model has 3166 quadratic objective terms
Coefficient statistics:
  Matrix range     [1e+00, 1e+03]
  Objective range  [1e-06, 1e+02]
  QObjective range [3e-01, 3e+03]
  Bounds range     [3e-04, 1e+00]
  RHS range        [2e-17, 6e+00]
Presolve removed 131481 rows and 128813 columns
Presolve time: 0.55s
Presolved: 126640 rows, 373588 columns, 743932 nonzeros
Presolved model has 3166 quadratic objective terms
Ordering time: 0.16s

Barrier statistics:
 AA' NZ     : 3.709e+05
 Factor NZ  : 3.905e+06 (roughly 230 MB of memory)
 Factor Ops : 2.623e+08 (less than 1 second per iteration)
 Threads    : 8

                  Objective                Residual
Iter       Primal          Dual         Primal    Dual     Compl     Time
   0  -1.22466045e+09  8.63517426e+08  7.80e+04 1.13e-13  1.00e+06     1s
   1  -5.85742646e+08  5.07976561e+08  1.69e+04 1.44e+02  2.23e+05     1s
   2  -2.82434128e+08  2.81995028e+08  2.13e+02 8.69e-01  3.96e+03     1s
   3  -6.55833243e+07  6.61786507e+07  1.76e+00 1.38e-12  2.85e+02     1s
   4  -1.25708093e+07  1.31966957e+07  1.53e-01 5.03e-12  5.32e+01     1s
   5  -2.28690376e+06  2.53083941e+06  1.14e-02 1.24e-12  9.74e+00     1s
   6  -3.34327688e+05  3.84147746e+05  1.14e-08 8.21e-13  1.45e+00     2s
   7  -5.04619729e+04  6.35342661e+04  1.58e-13 6.41e-13  2.29e-01     2s
   8  -7.72290725e+03  9.03911095e+03  4.49e-14 1.84e-13  3.37e-02     2s
   9  -1.27902191e+03  1.50006114e+03  1.93e-14 5.33e-14  5.59e-03     2s
  10  -2.15555382e+02  1.70207352e+02  8.36e-15 4.26e-14  7.76e-04     2s
  11  -4.67793542e+01  2.69570723e+01  2.27e-15 2.84e-14  1.48e-04     2s
  12  -6.76957997e+00  4.44666565e+00  8.25e-16 2.84e-14  2.26e-05     2s
  13  -3.20676587e-01  1.89061049e+00  3.69e-16 2.84e-14  4.45e-06     2s
  14   7.58624834e-01  1.58643240e+00  1.58e-16 2.84e-14  1.67e-06     2s
  15   1.20631631e+00  1.41222603e+00  4.01e-17 2.84e-14  4.14e-07     2s
  16   1.26346138e+00  1.39317866e+00  2.70e-17 2.13e-14  2.61e-07     3s
  17   1.33058836e+00  1.36895297e+00  1.56e-17 2.84e-14  7.72e-08     3s
  18   1.34600878e+00  1.36348489e+00  9.73e-18 2.84e-14  3.52e-08     3s
  19   1.35775468e+00  1.35940129e+00  2.30e-17 2.84e-14  3.31e-09     3s
  20   1.35885945e+00  1.35901780e+00  1.22e-17 2.84e-14  3.19e-10     3s
  21   1.35897463e+00  1.35897796e+00  1.54e-17 2.84e-14  6.71e-12     3s
  22   1.35897710e+00  1.35897711e+00  1.08e-16 2.84e-14  2.01e-14     3s
  23   1.35897710e+00  1.35897710e+00  2.98e-15 2.84e-14  4.00e-15     3s
  24   1.35897710e+00  1.35897710e+00  3.96e-15 2.84e-14  1.08e-15     3s
  25   1.35897710e+00  1.35897710e+00  1.61e-15 1.69e-14  2.74e-16     3s
  26   1.35897710e+00  1.35897710e+00  8.79e-16 2.84e-14  1.14e-16     3s
  27   1.35897710e+00  1.35897710e+00  6.82e-16 2.84e-14  8.90e-17     3s

Barrier solved model in 27 iterations and 3.39 seconds (3.15 work units)
Optimal objective 1.35897710e+00

objective value: 1.358977103883949
Done! Time elapsed: 24.234196186065674 seconds.
g_0_1: 1.0000003267672024
g_1_1: 1.0000001873971496
g_1_2: 1.0000005282938627
g_2_1: 1.0000003242262339
g_2_2: 1.000000914030847
g_2_3: 1.000000324226234
g_2_4: 1.0000009140308173
Parameters from last iteration: [0.17400006 0.70700013 0.17400009 0.70700023 0.17400016 0.70700023
 0.17400016]

Parameters from current iteration:
                [0.17400006 0.70700013 0.17400009 0.70700023 0.17400016 0.70700023
 0.17400016]


                Percentage Error = 2.2332051922229678e-15
                
year done: 49
Time 50: 2
Optimization Iteration[1/20000]

Solving the optimization problem...
Set parameter TokenServer to value "licenses.rcc.uchicago.edu"
Read LP format model from file /scratch/local/jobs/50183986/tmpful65haa.pyomo.lp
Reading time = 1.35 seconds
x1: 258121 rows, 502401 columns, 1259970 nonzeros
Set parameter Threads to value 8
Set parameter BarConvTol to value 1e-12
Gurobi Optimizer version 11.0.0 build v11.0.0rc2 (linux64 - "CentOS Linux 8")

CPU model: Intel(R) Xeon(R) Gold 6248R CPU @ 3.00GHz, instruction set [SSE2|AVX|AVX2|AVX512]
Thread count: 48 physical cores, 48 logical processors, using up to 8 threads

Optimize a model with 258121 rows, 502401 columns and 1259970 nonzeros
Model fingerprint: 0x60b41669
Model has 3166 quadratic objective terms
Coefficient statistics:
  Matrix range     [1e+00, 1e+03]
  Objective range  [1e-06, 1e+02]
  QObjective range [3e-01, 3e+03]
  Bounds range     [3e-04, 1e+00]
  RHS range        [2e-17, 6e+00]
Presolve removed 131481 rows and 128813 columns
Presolve time: 0.55s
Presolved: 126640 rows, 373588 columns, 743932 nonzeros
Presolved model has 3166 quadratic objective terms
Ordering time: 0.16s

Barrier statistics:
 AA' NZ     : 3.709e+05
 Factor NZ  : 3.905e+06 (roughly 230 MB of memory)
 Factor Ops : 2.623e+08 (less than 1 second per iteration)
 Threads    : 8

                  Objective                Residual
Iter       Primal          Dual         Primal    Dual     Compl     Time
   0  -1.22466045e+09  8.63517426e+08  7.80e+04 1.14e-13  1.00e+06     1s
   1  -5.85742646e+08  5.07976561e+08  1.69e+04 1.44e+02  2.23e+05     1s
   2  -2.82434128e+08  2.81995028e+08  2.13e+02 8.69e-01  3.96e+03     1s
   3  -6.55833244e+07  6.61786506e+07  1.76e+00 1.91e-12  2.85e+02     1s
   4  -1.25708093e+07  1.31966956e+07  1.53e-01 3.87e-12  5.32e+01     1s
   5  -2.28690382e+06  2.53083936e+06  1.14e-02 1.22e-12  9.74e+00     1s
   6  -3.34327744e+05  3.84147689e+05  1.14e-08 7.82e-13  1.45e+00     2s
   7  -5.04620292e+04  6.35342098e+04  1.27e-13 6.39e-13  2.29e-01     2s
   8  -7.72296355e+03  9.03905464e+03  4.55e-14 1.79e-13  3.37e-02     2s
   9  -1.27907822e+03  1.50000483e+03  1.61e-14 3.46e-14  5.59e-03     2s
  10  -2.15611691e+02  1.70151044e+02  6.69e-15 4.26e-14  7.76e-04     2s
  11  -4.68356627e+01  2.69007638e+01  2.18e-15 2.84e-14  1.48e-04     2s
  12  -6.82588847e+00  4.39035715e+00  8.96e-16 2.84e-14  2.26e-05     2s
  13  -3.76985093e-01  1.83430199e+00  3.59e-16 2.84e-14  4.45e-06     2s
  14   7.02316328e-01  1.53012390e+00  1.26e-16 2.84e-14  1.67e-06     2s
  15   1.15000781e+00  1.35591753e+00  4.40e-17 2.84e-14  4.14e-07     2s
  16   1.20715287e+00  1.33687015e+00  2.83e-17 2.84e-14  2.61e-07     3s
  17   1.27427985e+00  1.31264446e+00  2.34e-17 2.84e-14  7.72e-08     3s
  18   1.28970027e+00  1.30717638e+00  1.20e-17 2.84e-14  3.52e-08     3s
  19   1.30144617e+00  1.30309279e+00  2.57e-17 2.84e-14  3.31e-09     3s
  20   1.30255094e+00  1.30270929e+00  1.17e-17 1.42e-14  3.19e-10     3s
  21   1.30266612e+00  1.30266945e+00  1.53e-17 2.84e-14  6.71e-12     3s
  22   1.30266859e+00  1.30266860e+00  1.26e-16 2.84e-14  2.01e-14     3s
  23   1.30266860e+00  1.30266860e+00  2.36e-15 3.02e-14  3.97e-15     3s
  24   1.30266860e+00  1.30266860e+00  4.37e-15 2.84e-14  1.08e-15     3s
  25   1.30266860e+00  1.30266860e+00  9.98e-16 2.84e-14  2.73e-16     3s
  26   1.30266860e+00  1.30266860e+00  9.33e-16 2.84e-14  1.14e-16     3s
  27   1.30266860e+00  1.30266860e+00  5.50e-16 2.84e-14  8.43e-17     3s

Barrier solved model in 27 iterations and 3.39 seconds (3.15 work units)
Optimal objective 1.30266860e+00

objective value: 1.3026685980043666
Done! Time elapsed: 24.30042004585266 seconds.
g_0_1: 1.0000003267672022
g_1_1: 1.0000001873971496
g_1_2: 1.0000005282938624
g_2_1: 1.0000003242262339
g_2_2: 1.0000009140308452
g_2_3: 1.000000324226234
g_2_4: 1.0000009140308173
Parameters from last iteration: [0.17400006 0.70700013 0.17400009 0.70700023 0.17400016 0.70700023
 0.17400016]

Parameters from current iteration:
                [0.17400006 0.70700013 0.17400009 0.70700023 0.17400016 0.70700023
 0.17400016]


                Percentage Error = 1.7546612224609072e-15
                
year done: 50
Time 51: 2
Optimization Iteration[1/20000]

Solving the optimization problem...
Set parameter TokenServer to value "licenses.rcc.uchicago.edu"
Read LP format model from file /scratch/local/jobs/50183986/tmp840oh_hk.pyomo.lp
Reading time = 1.35 seconds
x1: 258121 rows, 502401 columns, 1259970 nonzeros
Set parameter Threads to value 8
Set parameter BarConvTol to value 1e-12
Gurobi Optimizer version 11.0.0 build v11.0.0rc2 (linux64 - "CentOS Linux 8")

CPU model: Intel(R) Xeon(R) Gold 6248R CPU @ 3.00GHz, instruction set [SSE2|AVX|AVX2|AVX512]
Thread count: 48 physical cores, 48 logical processors, using up to 8 threads

Optimize a model with 258121 rows, 502401 columns and 1259970 nonzeros
Model fingerprint: 0x4f308c24
Model has 3166 quadratic objective terms
Coefficient statistics:
  Matrix range     [1e+00, 1e+03]
  Objective range  [1e-06, 1e+02]
  QObjective range [3e-01, 3e+03]
  Bounds range     [3e-04, 1e+00]
  RHS range        [2e-17, 6e+00]
Presolve removed 131481 rows and 128813 columns
Presolve time: 0.55s
Presolved: 126640 rows, 373588 columns, 743932 nonzeros
Presolved model has 3166 quadratic objective terms
Ordering time: 0.16s

Barrier statistics:
 AA' NZ     : 3.709e+05
 Factor NZ  : 3.905e+06 (roughly 230 MB of memory)
 Factor Ops : 2.623e+08 (less than 1 second per iteration)
 Threads    : 8

                  Objective                Residual
Iter       Primal          Dual         Primal    Dual     Compl     Time
   0  -1.22466045e+09  8.63517426e+08  7.80e+04 1.13e-13  1.00e+06     1s
   1  -5.85742646e+08  5.07976561e+08  1.69e+04 1.44e+02  2.23e+05     1s
   2  -2.82434128e+08  2.81995028e+08  2.13e+02 8.69e-01  3.96e+03     1s
   3  -6.55833244e+07  6.61786506e+07  1.76e+00 1.53e-12  2.85e+02     1s
   4  -1.25708094e+07  1.31966956e+07  1.53e-01 3.91e-12  5.32e+01     1s
   5  -2.28690387e+06  2.53083930e+06  1.14e-02 1.41e-12  9.74e+00     1s
   6  -3.34327798e+05  3.84147635e+05  1.14e-08 1.43e-12  1.45e+00     2s
   7  -5.04620830e+04  6.35341560e+04  1.60e-13 8.01e-13  2.29e-01     2s
   8  -7.72301733e+03  9.03900087e+03  3.97e-14 1.83e-13  3.37e-02     2s
   9  -1.27913200e+03  1.49995106e+03  1.65e-14 2.93e-14  5.59e-03     2s
  10  -2.15665465e+02  1.70097270e+02  7.73e-15 4.26e-14  7.76e-04     2s
  11  -4.68894369e+01  2.68469895e+01  2.49e-15 2.84e-14  1.48e-04     2s
  12  -6.87966268e+00  4.33658294e+00  1.24e-15 2.84e-14  2.26e-05     2s
  13  -4.30759298e-01  1.78052778e+00  3.13e-16 2.84e-14  4.45e-06     2s
  14   6.48542122e-01  1.47634969e+00  1.48e-16 2.84e-14  1.67e-06     2s
  15   1.09623360e+00  1.30214332e+00  5.55e-17 2.84e-14  4.14e-07     2s
  16   1.15337866e+00  1.28309595e+00  2.32e-17 2.84e-14  2.61e-07     3s
  17   1.22050564e+00  1.25887026e+00  2.55e-17 2.84e-14  7.72e-08     3s
  18   1.23592607e+00  1.25340218e+00  1.14e-17 2.84e-14  3.52e-08     3s
  19   1.24767196e+00  1.24931858e+00  2.49e-17 4.26e-14  3.31e-09     3s
  20   1.24877673e+00  1.24893509e+00  1.16e-17 2.84e-14  3.19e-10     3s
  21   1.24889192e+00  1.24889525e+00  1.86e-17 2.84e-14  6.71e-12     3s
  22   1.24889438e+00  1.24889439e+00  1.13e-16 2.84e-14  2.01e-14     3s
  23   1.24889439e+00  1.24889439e+00  2.61e-15 2.84e-14  3.95e-15     3s
  24   1.24889439e+00  1.24889439e+00  3.37e-15 2.84e-14  1.07e-15     3s
  25   1.24889439e+00  1.24889439e+00  1.13e-15 2.84e-14  2.71e-16     3s
  26   1.24889439e+00  1.24889439e+00  6.83e-16 1.42e-14  1.13e-16     3s
  27   1.24889439e+00  1.24889439e+00  6.46e-16 2.84e-14  7.88e-17     3s

Barrier solved model in 27 iterations and 3.38 seconds (3.15 work units)
Optimal objective 1.24889439e+00

objective value: 1.2488943923610378
Done! Time elapsed: 24.323897123336792 seconds.
g_0_1: 1.0000003267672017
g_1_1: 1.0000001873971498
g_1_2: 1.0000005282938622
g_2_1: 1.000000324226234
g_2_2: 1.0000009140308432
g_2_3: 1.0000003242262343
g_2_4: 1.000000914030817
Parameters from last iteration: [0.17400006 0.70700013 0.17400009 0.70700023 0.17400016 0.70700023
 0.17400016]

Parameters from current iteration:
                [0.17400006 0.70700013 0.17400009 0.70700023 0.17400016 0.70700023
 0.17400016]


                Percentage Error = 2.0736905356356214e-15
                
year done: 51
Time 52: 2
Optimization Iteration[1/20000]

Solving the optimization problem...
Set parameter TokenServer to value "licenses.rcc.uchicago.edu"
Read LP format model from file /scratch/local/jobs/50183986/tmpfld64vgd.pyomo.lp
Reading time = 1.35 seconds
x1: 258121 rows, 502401 columns, 1259970 nonzeros
Set parameter Threads to value 8
Set parameter BarConvTol to value 1e-12
Gurobi Optimizer version 11.0.0 build v11.0.0rc2 (linux64 - "CentOS Linux 8")

CPU model: Intel(R) Xeon(R) Gold 6248R CPU @ 3.00GHz, instruction set [SSE2|AVX|AVX2|AVX512]
Thread count: 48 physical cores, 48 logical processors, using up to 8 threads

Optimize a model with 258121 rows, 502401 columns and 1259970 nonzeros
Model fingerprint: 0x1bffd60d
Model has 3166 quadratic objective terms
Coefficient statistics:
  Matrix range     [1e+00, 1e+03]
  Objective range  [1e-06, 1e+02]
  QObjective range [3e-01, 3e+03]
  Bounds range     [3e-04, 1e+00]
  RHS range        [2e-17, 6e+00]
Presolve removed 131481 rows and 128813 columns
Presolve time: 0.55s
Presolved: 126640 rows, 373588 columns, 743932 nonzeros
Presolved model has 3166 quadratic objective terms
Ordering time: 0.16s

Barrier statistics:
 AA' NZ     : 3.709e+05
 Factor NZ  : 3.905e+06 (roughly 230 MB of memory)
 Factor Ops : 2.623e+08 (less than 1 second per iteration)
 Threads    : 8

                  Objective                Residual
Iter       Primal          Dual         Primal    Dual     Compl     Time
   0  -1.22466045e+09  8.63517426e+08  7.80e+04 1.14e-13  1.00e+06     1s
   1  -5.85742646e+08  5.07976561e+08  1.69e+04 1.44e+02  2.23e+05     1s
   2  -2.82434128e+08  2.81995028e+08  2.13e+02 8.69e-01  3.96e+03     1s
   3  -6.55833245e+07  6.61786505e+07  1.76e+00 1.56e-12  2.85e+02     1s
   4  -1.25708094e+07  1.31966955e+07  1.53e-01 2.85e-12  5.32e+01     1s
   5  -2.28690392e+06  2.53083925e+06  1.14e-02 1.29e-12  9.74e+00     1s
   6  -3.34327849e+05  3.84147584e+05  1.14e-08 2.79e-12  1.45e+00     2s
   7  -5.04621343e+04  6.35341047e+04  1.08e-13 7.30e-13  2.29e-01     2s
   8  -7.72306868e+03  9.03894952e+03  3.99e-14 2.02e-13  3.37e-02     2s
   9  -1.27918335e+03  1.49989971e+03  1.47e-14 4.09e-14  5.59e-03     2s
  10  -2.15716819e+02  1.70045916e+02  9.94e-15 2.93e-14  7.76e-04     2s
  11  -4.69407909e+01  2.67956356e+01  2.68e-15 2.84e-14  1.48e-04     2s
  12  -6.93101665e+00  4.28522897e+00  9.99e-16 2.84e-14  2.26e-05     2s
  13  -4.82113266e-01  1.72917381e+00  3.28e-16 2.84e-14  4.45e-06     2s
  14   5.97188154e-01  1.42499572e+00  1.64e-16 1.60e-14  1.67e-06     2s
  15   1.04487964e+00  1.25078936e+00  3.34e-17 2.84e-14  4.14e-07     2s
  16   1.10202470e+00  1.23174198e+00  3.12e-17 2.84e-14  2.61e-07     3s
  17   1.16915168e+00  1.20751629e+00  1.72e-17 2.84e-14  7.72e-08     3s
  18   1.18457210e+00  1.20204821e+00  1.40e-17 5.68e-14  3.52e-08     3s
  19   1.19631800e+00  1.19796461e+00  2.10e-17 2.13e-14  3.31e-09     3s
  20   1.19742277e+00  1.19758112e+00  1.06e-17 2.84e-14  3.19e-10     3s
  21   1.19753795e+00  1.19754128e+00  1.44e-17 4.26e-14  6.71e-12     3s
  22   1.19754042e+00  1.19754043e+00  9.12e-17 2.84e-14  2.01e-14     3s
  23   1.19754042e+00  1.19754043e+00  2.51e-15 1.64e-14  3.92e-15     3s
  24   1.19754042e+00  1.19754042e+00  4.30e-15 2.84e-14  1.07e-15     3s
  25   1.19754042e+00  1.19754042e+00  1.15e-15 2.84e-14  2.69e-16     3s
  26   1.19754042e+00  1.19754042e+00  8.87e-16 2.84e-14  1.13e-16     3s
  27   1.19754042e+00  1.19754042e+00  5.68e-16 2.40e-14  7.35e-17     3s

Barrier solved model in 27 iterations and 3.39 seconds (3.15 work units)
Optimal objective 1.19754042e+00

objective value: 1.1975404246536254
Done! Time elapsed: 25.985732793807983 seconds.
g_0_1: 1.0000003267672013
g_1_1: 1.00000018739715
g_1_2: 1.000000528293862
g_2_1: 1.0000003242262343
g_2_2: 1.0000009140308412
g_2_3: 1.0000003242262345
g_2_4: 1.0000009140308168
Parameters from last iteration: [0.17400006 0.70700013 0.17400009 0.70700023 0.17400016 0.70700023
 0.17400016]

Parameters from current iteration:
                [0.17400006 0.70700013 0.17400009 0.70700023 0.17400016 0.70700023
 0.17400016]


                Percentage Error = 1.91417587904827e-15
                
year done: 52
Time 53: 2
Optimization Iteration[1/20000]

Solving the optimization problem...
Set parameter TokenServer to value "licenses.rcc.uchicago.edu"
Read LP format model from file /scratch/local/jobs/50183986/tmpr3ohhtly.pyomo.lp
Reading time = 1.34 seconds
x1: 258121 rows, 502401 columns, 1259970 nonzeros
Set parameter Threads to value 8
Set parameter BarConvTol to value 1e-12
Gurobi Optimizer version 11.0.0 build v11.0.0rc2 (linux64 - "CentOS Linux 8")

CPU model: Intel(R) Xeon(R) Gold 6248R CPU @ 3.00GHz, instruction set [SSE2|AVX|AVX2|AVX512]
Thread count: 48 physical cores, 48 logical processors, using up to 8 threads

Optimize a model with 258121 rows, 502401 columns and 1259970 nonzeros
Model fingerprint: 0x052afe20
Model has 3166 quadratic objective terms
Coefficient statistics:
  Matrix range     [1e+00, 1e+03]
  Objective range  [1e-06, 1e+02]
  QObjective range [3e-01, 3e+03]
  Bounds range     [3e-04, 1e+00]
  RHS range        [2e-17, 6e+00]
Presolve removed 131481 rows and 128813 columns
Presolve time: 0.55s
Presolved: 126640 rows, 373588 columns, 743932 nonzeros
Presolved model has 3166 quadratic objective terms
Ordering time: 0.15s

Barrier statistics:
 AA' NZ     : 3.709e+05
 Factor NZ  : 3.905e+06 (roughly 230 MB of memory)
 Factor Ops : 2.623e+08 (less than 1 second per iteration)
 Threads    : 8

                  Objective                Residual
Iter       Primal          Dual         Primal    Dual     Compl     Time
   0  -1.22466045e+09  8.63517426e+08  7.80e+04 1.14e-13  1.00e+06     1s
   1  -5.85742647e+08  5.07976561e+08  1.69e+04 1.44e+02  2.23e+05     1s
   2  -2.82434128e+08  2.81995028e+08  2.13e+02 8.69e-01  3.96e+03     1s
   3  -6.55833245e+07  6.61786505e+07  1.76e+00 1.33e-12  2.85e+02     1s
   4  -1.25708095e+07  1.31966955e+07  1.53e-01 5.20e-12  5.32e+01     1s
   5  -2.28690397e+06  2.53083920e+06  1.14e-02 1.39e-12  9.74e+00     1s
   6  -3.34327898e+05  3.84147535e+05  1.14e-08 1.20e-12  1.45e+00     2s
   7  -5.04621834e+04  6.35340556e+04  1.35e-13 6.24e-13  2.29e-01     2s
   8  -7.72311773e+03  9.03890047e+03  3.05e-14 2.03e-13  3.37e-02     2s
   9  -1.27923239e+03  1.49985066e+03  1.89e-14 5.68e-14  5.59e-03     2s
  10  -2.15765862e+02  1.69996873e+02  7.80e-15 2.84e-14  7.76e-04     2s
  11  -4.69898335e+01  2.67465929e+01  2.25e-15 2.84e-14  1.48e-04     2s
  12  -6.98005930e+00  4.23618632e+00  1.07e-15 2.84e-14  2.26e-05     2s
  13  -5.31155925e-01  1.68013116e+00  2.87e-16 2.84e-14  4.45e-06     2s
  14   5.48145496e-01  1.37595307e+00  1.47e-16 2.84e-14  1.67e-06     2s
  15   9.95836977e-01  1.20174670e+00  4.01e-17 2.13e-14  4.14e-07     3s
  16   1.05298204e+00  1.18269932e+00  2.17e-17 2.84e-14  2.61e-07     3s
  17   1.12010902e+00  1.15847363e+00  1.74e-17 2.84e-14  7.72e-08     3s
  18   1.13552944e+00  1.15300555e+00  1.19e-17 2.84e-14  3.52e-08     3s
  19   1.14727534e+00  1.14892195e+00  2.31e-17 2.84e-14  3.31e-09     3s
  20   1.14838011e+00  1.14853846e+00  1.32e-17 1.60e-14  3.19e-10     3s
  21   1.14849529e+00  1.14849862e+00  1.80e-17 4.26e-14  6.71e-12     3s
  22   1.14849776e+00  1.14849777e+00  9.80e-17 1.69e-14  2.01e-14     3s
  23   1.14849776e+00  1.14849777e+00  2.73e-15 4.26e-14  3.90e-15     3s
  24   1.14849777e+00  1.14849777e+00  4.68e-15 2.84e-14  1.06e-15     3s
  25   1.14849777e+00  1.14849777e+00  1.07e-15 2.84e-14  2.68e-16     3s
  26   1.14849777e+00  1.14849777e+00  7.69e-16 2.84e-14  1.12e-16     3s
  27   1.14849777e+00  1.14849777e+00  7.35e-16 2.84e-14  6.83e-17     4s

Barrier solved model in 27 iterations and 3.50 seconds (3.15 work units)
Optimal objective 1.14849777e+00

objective value: 1.1484977662314022
Done! Time elapsed: 24.27326464653015 seconds.
g_0_1: 1.000000326767201
g_1_1: 1.0000001873971502
g_1_2: 1.0000005282938618
g_2_1: 1.0000003242262343
g_2_2: 1.0000009140308397
g_2_3: 1.0000003242262345
g_2_4: 1.0000009140308168
Parameters from last iteration: [0.17400006 0.70700013 0.17400009 0.70700023 0.17400016 0.70700023
 0.17400016]

Parameters from current iteration:
                [0.17400006 0.70700013 0.17400009 0.70700023 0.17400016 0.70700023
 0.17400016]


                Percentage Error = 1.5951465658735612e-15
                
year done: 53
Time 54: 2
Optimization Iteration[1/20000]

Solving the optimization problem...
Set parameter TokenServer to value "licenses.rcc.uchicago.edu"
Read LP format model from file /scratch/local/jobs/50183986/tmprtsei6y1.pyomo.lp
Reading time = 1.34 seconds
x1: 258121 rows, 502401 columns, 1259970 nonzeros
Set parameter Threads to value 8
Set parameter BarConvTol to value 1e-12
Gurobi Optimizer version 11.0.0 build v11.0.0rc2 (linux64 - "CentOS Linux 8")

CPU model: Intel(R) Xeon(R) Gold 6248R CPU @ 3.00GHz, instruction set [SSE2|AVX|AVX2|AVX512]
Thread count: 48 physical cores, 48 logical processors, using up to 8 threads

Optimize a model with 258121 rows, 502401 columns and 1259970 nonzeros
Model fingerprint: 0xbed72a16
Model has 3166 quadratic objective terms
Coefficient statistics:
  Matrix range     [1e+00, 1e+03]
  Objective range  [1e-06, 1e+02]
  QObjective range [3e-01, 3e+03]
  Bounds range     [3e-04, 1e+00]
  RHS range        [2e-17, 6e+00]
Presolve removed 131481 rows and 128813 columns
Presolve time: 0.55s
Presolved: 126640 rows, 373588 columns, 743932 nonzeros
Presolved model has 3166 quadratic objective terms
Ordering time: 0.16s

Barrier statistics:
 AA' NZ     : 3.709e+05
 Factor NZ  : 3.905e+06 (roughly 230 MB of memory)
 Factor Ops : 2.623e+08 (less than 1 second per iteration)
 Threads    : 8

                  Objective                Residual
Iter       Primal          Dual         Primal    Dual     Compl     Time
   0  -1.22466045e+09  8.63517426e+08  7.80e+04 1.14e-13  1.00e+06     1s
   1  -5.85742647e+08  5.07976561e+08  1.69e+04 1.44e+02  2.23e+05     1s
   2  -2.82434128e+08  2.81995028e+08  2.13e+02 8.69e-01  3.96e+03     1s
   3  -6.55833246e+07  6.61786504e+07  1.76e+00 1.31e-12  2.85e+02     1s
   4  -1.25708095e+07  1.31966954e+07  1.53e-01 3.64e-12  5.32e+01     1s
   5  -2.28690402e+06  2.53083915e+06  1.14e-02 1.21e-12  9.74e+00     1s
   6  -3.34327945e+05  3.84147488e+05  1.14e-08 1.01e-12  1.45e+00     2s
   7  -5.04622302e+04  6.35340088e+04  9.88e-14 6.87e-13  2.29e-01     2s
   8  -7.72316456e+03  9.03885364e+03  3.38e-14 1.88e-13  3.37e-02     2s
   9  -1.27927923e+03  1.49980383e+03  1.32e-14 4.26e-14  5.59e-03     2s
  10  -2.15812697e+02  1.69950038e+02  1.05e-14 2.84e-14  7.76e-04     2s
  11  -4.70366689e+01  2.66997575e+01  2.71e-15 2.84e-14  1.48e-04     2s
  12  -7.02689468e+00  4.18935094e+00  1.07e-15 2.84e-14  2.26e-05     2s
  13  -5.77991300e-01  1.63329578e+00  2.65e-16 2.84e-14  4.45e-06     2s
  14   5.01310121e-01  1.32911769e+00  1.16e-16 2.84e-14  1.67e-06     2s
  15   9.49001602e-01  1.15491132e+00  5.12e-17 1.51e-14  4.14e-07     3s
  16   1.00614666e+00  1.13586395e+00  2.17e-17 2.84e-14  2.61e-07     3s
  17   1.07327364e+00  1.11163826e+00  1.72e-17 2.84e-14  7.72e-08     3s
  18   1.08869407e+00  1.10617018e+00  8.79e-18 1.42e-14  3.52e-08     3s
  19   1.10043996e+00  1.10208658e+00  3.06e-17 2.84e-14  3.31e-09     3s
  20   1.10154473e+00  1.10170309e+00  1.16e-17 2.84e-14  3.19e-10     3s
  21   1.10165991e+00  1.10166325e+00  2.98e-17 2.84e-14  6.71e-12     3s
  22   1.10166238e+00  1.10166239e+00  1.01e-16 2.84e-14  2.01e-14     3s
  23   1.10166239e+00  1.10166239e+00  1.95e-15 2.84e-14  3.87e-15     3s
  24   1.10166239e+00  1.10166239e+00  4.28e-15 2.84e-14  1.06e-15     3s
  25   1.10166239e+00  1.10166239e+00  1.28e-15 2.84e-14  2.66e-16     3s
  26   1.10166239e+00  1.10166239e+00  6.61e-16 2.84e-14  1.20e-16     3s
  27   1.10166239e+00  1.10166239e+00  6.43e-16 2.13e-14  1.02e-16     4s
  28   1.10166239e+00  1.10166239e+00  4.87e-16 2.84e-14  4.99e-17     4s

Barrier solved model in 28 iterations and 3.64 seconds (3.22 work units)
Optimal objective 1.10166239e+00

objective value: 1.101662391045344
Done! Time elapsed: 24.558029890060425 seconds.
g_0_1: 1.0000003267671995
g_1_1: 1.000000187397151
g_1_2: 1.000000528293861
g_2_1: 1.0000003242262347
g_2_2: 1.000000914030833
g_2_3: 1.0000003242262347
g_2_4: 1.0000009140308164
Parameters from last iteration: [0.17400006 0.70700013 0.17400009 0.70700023 0.17400016 0.70700023
 0.17400016]

Parameters from current iteration:
                [0.17400006 0.70700013 0.17400009 0.70700023 0.17400016 0.70700023
 0.17400016]


                Percentage Error = 6.6996155766689676e-15
                
year done: 54
Time 55: 2
Optimization Iteration[1/20000]

Solving the optimization problem...
Set parameter TokenServer to value "licenses.rcc.uchicago.edu"
Read LP format model from file /scratch/local/jobs/50183986/tmpztgdcl9s.pyomo.lp
Reading time = 1.37 seconds
x1: 258121 rows, 502401 columns, 1259970 nonzeros
Set parameter Threads to value 8
Set parameter BarConvTol to value 1e-12
Gurobi Optimizer version 11.0.0 build v11.0.0rc2 (linux64 - "CentOS Linux 8")

CPU model: Intel(R) Xeon(R) Gold 6248R CPU @ 3.00GHz, instruction set [SSE2|AVX|AVX2|AVX512]
Thread count: 48 physical cores, 48 logical processors, using up to 8 threads

Optimize a model with 258121 rows, 502401 columns and 1259970 nonzeros
Model fingerprint: 0x18e54852
Model has 3166 quadratic objective terms
Coefficient statistics:
  Matrix range     [1e+00, 1e+03]
  Objective range  [1e-06, 1e+02]
  QObjective range [3e-01, 3e+03]
  Bounds range     [3e-04, 1e+00]
  RHS range        [2e-17, 6e+00]
Presolve removed 131481 rows and 128813 columns
Presolve time: 0.62s
Presolved: 126640 rows, 373588 columns, 743932 nonzeros
Presolved model has 3166 quadratic objective terms
Ordering time: 0.17s

Barrier statistics:
 AA' NZ     : 3.709e+05
 Factor NZ  : 3.905e+06 (roughly 230 MB of memory)
 Factor Ops : 2.623e+08 (less than 1 second per iteration)
 Threads    : 8

                  Objective                Residual
Iter       Primal          Dual         Primal    Dual     Compl     Time
   0  -1.22466045e+09  8.63517426e+08  7.80e+04 1.13e-13  1.00e+06     1s
   1  -5.85742647e+08  5.07976561e+08  1.69e+04 1.44e+02  2.23e+05     1s
   2  -2.82434128e+08  2.81995028e+08  2.13e+02 8.69e-01  3.96e+03     1s
   3  -6.55833246e+07  6.61786504e+07  1.76e+00 1.72e-12  2.85e+02     1s
   4  -1.25708096e+07  1.31966954e+07  1.53e-01 6.07e-12  5.32e+01     2s
   5  -2.28690406e+06  2.53083911e+06  1.14e-02 1.18e-12  9.74e+00     2s
   6  -3.34327990e+05  3.84147444e+05  1.14e-08 8.50e-13  1.45e+00     2s
   7  -5.04622749e+04  6.35339641e+04  1.46e-13 6.69e-13  2.29e-01     2s
   8  -7.72320929e+03  9.03880891e+03  3.94e-14 1.87e-13  3.37e-02     2s
   9  -1.27932396e+03  1.49975910e+03  1.73e-14 4.09e-14  5.59e-03     2s
  10  -2.15857424e+02  1.69905310e+02  1.03e-14 2.84e-14  7.76e-04     2s
  11  -4.70813963e+01  2.66550301e+01  2.59e-15 2.84e-14  1.48e-04     2s
  12  -7.07162212e+00  4.14462350e+00  1.32e-15 2.84e-14  2.26e-05     2s
  13  -6.22718736e-01  1.58856835e+00  3.43e-16 2.84e-14  4.45e-06     2s
  14   4.56582685e-01  1.28439026e+00  1.33e-16 1.78e-14  1.67e-06     3s
  15   9.04274166e-01  1.11018389e+00  3.82e-17 2.84e-14  4.14e-07     3s
  16   9.61419227e-01  1.09113651e+00  3.12e-17 5.68e-14  2.61e-07     3s
  17   1.02854621e+00  1.06691082e+00  1.75e-17 2.84e-14  7.72e-08     3s
  18   1.04396663e+00  1.06144274e+00  1.03e-17 4.26e-14  3.52e-08     3s
  19   1.05571253e+00  1.05735914e+00  4.04e-17 4.26e-14  3.31e-09     3s
  20   1.05681730e+00  1.05697565e+00  1.22e-17 4.26e-14  3.19e-10     3s
  21   1.05693248e+00  1.05693581e+00  2.64e-17 1.69e-14  6.71e-12     3s
  22   1.05693495e+00  1.05693496e+00  1.11e-16 2.84e-14  2.01e-14     3s
  23   1.05693495e+00  1.05693496e+00  2.71e-15 2.84e-14  3.83e-15     3s
  24   1.05693495e+00  1.05693496e+00  4.13e-15 3.55e-14  1.05e-15     3s
  25   1.05693495e+00  1.05693496e+00  1.50e-15 2.84e-14  2.63e-16     3s
  26   1.05693495e+00  1.05693496e+00  7.13e-16 2.84e-14  1.18e-16     4s
  27   1.05693495e+00  1.05693496e+00  5.86e-16 2.84e-14  1.00e-16     4s
  28   1.05693495e+00  1.05693495e+00  5.83e-16 2.84e-14  4.93e-17     4s

Barrier solved model in 28 iterations and 3.70 seconds (3.22 work units)
Optimal objective 1.05693495e+00

objective value: 1.0569349549739637
Done! Time elapsed: 24.620843648910522 seconds.
g_0_1: 1.0000003267671997
g_1_1: 1.000000187397151
g_1_2: 1.000000528293861
g_2_1: 1.0000003242262347
g_2_2: 1.0000009140308328
g_2_3: 1.000000324226235
g_2_4: 1.0000009140308164
Parameters from last iteration: [0.17400006 0.70700013 0.17400009 0.70700023 0.17400016 0.70700023
 0.17400016]

Parameters from current iteration:
                [0.17400006 0.70700013 0.17400009 0.70700023 0.17400016 0.70700023
 0.17400016]


                Percentage Error = 3.140658174432369e-16
                
year done: 55
Time 56: 2
Optimization Iteration[1/20000]

Solving the optimization problem...
Set parameter TokenServer to value "licenses.rcc.uchicago.edu"
Read LP format model from file /scratch/local/jobs/50183986/tmp_6_n0syu.pyomo.lp
Reading time = 1.38 seconds
x1: 258121 rows, 502401 columns, 1259970 nonzeros
Set parameter Threads to value 8
Set parameter BarConvTol to value 1e-12
Gurobi Optimizer version 11.0.0 build v11.0.0rc2 (linux64 - "CentOS Linux 8")

CPU model: Intel(R) Xeon(R) Gold 6248R CPU @ 3.00GHz, instruction set [SSE2|AVX|AVX2|AVX512]
Thread count: 48 physical cores, 48 logical processors, using up to 8 threads

Optimize a model with 258121 rows, 502401 columns and 1259970 nonzeros
Model fingerprint: 0xefbf095e
Model has 3166 quadratic objective terms
Coefficient statistics:
  Matrix range     [1e+00, 1e+03]
  Objective range  [1e-06, 1e+02]
  QObjective range [3e-01, 3e+03]
  Bounds range     [3e-04, 1e+00]
  RHS range        [2e-17, 6e+00]
Presolve removed 131481 rows and 128813 columns
Presolve time: 0.59s
Presolved: 126640 rows, 373588 columns, 743932 nonzeros
Presolved model has 3166 quadratic objective terms
Ordering time: 0.16s

Barrier statistics:
 AA' NZ     : 3.709e+05
 Factor NZ  : 3.905e+06 (roughly 230 MB of memory)
 Factor Ops : 2.623e+08 (less than 1 second per iteration)
 Threads    : 8

                  Objective                Residual
Iter       Primal          Dual         Primal    Dual     Compl     Time
   0  -1.22466045e+09  8.63517426e+08  7.80e+04 1.14e-13  1.00e+06     1s
   1  -5.85742647e+08  5.07976561e+08  1.69e+04 1.44e+02  2.23e+05     1s
   2  -2.82434128e+08  2.81995028e+08  2.13e+02 8.69e-01  3.96e+03     1s
   3  -6.55833247e+07  6.61786503e+07  1.76e+00 1.51e-12  2.85e+02     1s
   4  -1.25708096e+07  1.31966953e+07  1.53e-01 4.20e-12  5.32e+01     1s
   5  -2.28690411e+06  2.53083907e+06  1.14e-02 1.61e-12  9.74e+00     2s
   6  -3.34328033e+05  3.84147401e+05  1.14e-08 9.73e-13  1.45e+00     2s
   7  -5.04623177e+04  6.35339213e+04  1.42e-13 6.72e-13  2.29e-01     2s
   8  -7.72325200e+03  9.03876620e+03  3.63e-14 1.84e-13  3.37e-02     2s
   9  -1.27936667e+03  1.49971639e+03  1.49e-14 5.68e-14  5.59e-03     2s
  10  -2.15900139e+02  1.69862596e+02  1.21e-14 4.26e-14  7.76e-04     2s
  11  -4.71241107e+01  2.66123157e+01  2.10e-15 2.84e-14  1.48e-04     2s
  12  -7.11433648e+00  4.10190914e+00  1.18e-15 2.84e-14  2.26e-05     2s
  13  -6.65433106e-01  1.54585398e+00  4.50e-16 2.84e-14  4.45e-06     2s
  14   4.13868315e-01  1.24167589e+00  1.35e-16 2.84e-14  1.67e-06     2s
  15   8.61559796e-01  1.06746952e+00  3.86e-17 2.84e-14  4.14e-07     3s
  16   9.18704857e-01  1.04842214e+00  2.58e-17 4.26e-14  2.61e-07     3s
  17   9.85831838e-01  1.02419645e+00  1.73e-17 2.84e-14  7.72e-08     3s
  18   1.00125226e+00  1.01872837e+00  1.19e-17 2.84e-14  3.52e-08     3s
  19   1.01299816e+00  1.01464477e+00  2.40e-17 2.84e-14  3.31e-09     3s
  20   1.01410293e+00  1.01426128e+00  1.05e-17 1.51e-14  3.19e-10     3s
  21   1.01421811e+00  1.01422144e+00  2.21e-17 2.84e-14  6.71e-12     3s
  22   1.01422058e+00  1.01422059e+00  1.00e-16 2.84e-14  2.01e-14     3s
  23   1.01422058e+00  1.01422059e+00  2.27e-15 4.26e-14  3.78e-15     3s
  24   1.01422058e+00  1.01422059e+00  4.33e-15 2.84e-14  1.04e-15     3s
  25   1.01422059e+00  1.01422059e+00  1.32e-15 1.78e-14  2.59e-16     3s
  26   1.01422059e+00  1.01422059e+00  6.17e-16 2.84e-14  1.16e-16     3s
  27   1.01422059e+00  1.01422059e+00  4.66e-16 1.42e-14  9.89e-17     3s

Barrier solved model in 27 iterations and 3.46 seconds (3.15 work units)
Optimal objective 1.01422059e+00

objective value: 1.0142205851165909
Done! Time elapsed: 24.54965901374817 seconds.
g_0_1: 1.000000326767203
g_1_1: 1.0000001873971491
g_1_2: 1.000000528293863
g_2_1: 1.0000003242262336
g_2_2: 1.0000009140308506
g_2_3: 1.0000003242262339
g_2_4: 1.0000009140308177
Parameters from last iteration: [0.17400006 0.70700013 0.17400009 0.70700023 0.17400016 0.70700023
 0.17400016]

Parameters from current iteration:
                [0.17400006 0.70700013 0.17400009 0.70700023 0.17400016 0.70700023
 0.17400016]


                Percentage Error = 1.7706126881196678e-14
                
year done: 56
Time 57: 2
Optimization Iteration[1/20000]

Solving the optimization problem...
Set parameter TokenServer to value "licenses.rcc.uchicago.edu"
Read LP format model from file /scratch/local/jobs/50183986/tmp6288djs0.pyomo.lp
Reading time = 1.37 seconds
x1: 258121 rows, 502401 columns, 1259970 nonzeros
Set parameter Threads to value 8
Set parameter BarConvTol to value 1e-12
Gurobi Optimizer version 11.0.0 build v11.0.0rc2 (linux64 - "CentOS Linux 8")

CPU model: Intel(R) Xeon(R) Gold 6248R CPU @ 3.00GHz, instruction set [SSE2|AVX|AVX2|AVX512]
Thread count: 48 physical cores, 48 logical processors, using up to 8 threads

Optimize a model with 258121 rows, 502401 columns and 1259970 nonzeros
Model fingerprint: 0xc6c88f3e
Model has 3166 quadratic objective terms
Coefficient statistics:
  Matrix range     [1e+00, 1e+03]
  Objective range  [1e-06, 1e+02]
  QObjective range [3e-01, 3e+03]
  Bounds range     [3e-04, 1e+00]
  RHS range        [2e-17, 6e+00]
Presolve removed 131481 rows and 128813 columns
Presolve time: 0.56s
Presolved: 126640 rows, 373588 columns, 743932 nonzeros
Presolved model has 3166 quadratic objective terms
Ordering time: 0.16s

Barrier statistics:
 AA' NZ     : 3.709e+05
 Factor NZ  : 3.905e+06 (roughly 230 MB of memory)
 Factor Ops : 2.623e+08 (less than 1 second per iteration)
 Threads    : 8

                  Objective                Residual
Iter       Primal          Dual         Primal    Dual     Compl     Time
   0  -1.22466045e+09  8.63517426e+08  7.80e+04 1.14e-13  1.00e+06     1s
   1  -5.85742647e+08  5.07976561e+08  1.69e+04 1.44e+02  2.23e+05     1s
   2  -2.82434128e+08  2.81995028e+08  2.13e+02 8.69e-01  3.96e+03     1s
   3  -6.55833247e+07  6.61786503e+07  1.76e+00 1.48e-12  2.85e+02     1s
   4  -1.25708096e+07  1.31966953e+07  1.53e-01 8.25e-12  5.32e+01     1s
   5  -2.28690415e+06  2.53083903e+06  1.14e-02 1.37e-12  9.74e+00     1s
   6  -3.34328073e+05  3.84147360e+05  1.14e-08 7.94e-13  1.45e+00     2s
   7  -5.04623584e+04  6.35338806e+04  1.39e-13 6.84e-13  2.29e-01     2s
   8  -7.72329279e+03  9.03872540e+03  4.74e-14 1.98e-13  3.37e-02     2s
   9  -1.27940746e+03  1.49967559e+03  2.07e-14 5.68e-14  5.59e-03     2s
  10  -2.15940931e+02  1.69821804e+02  8.21e-15 2.93e-14  7.76e-04     2s
  11  -4.71649026e+01  2.65715238e+01  2.89e-15 2.84e-14  1.48e-04     2s
  12  -7.15512839e+00  4.06111723e+00  1.30e-15 2.84e-14  2.26e-05     2s
  13  -7.06225012e-01  1.50506207e+00  3.58e-16 2.75e-14  4.45e-06     2s
  14   3.73076408e-01  1.20088398e+00  1.25e-16 2.84e-14  1.67e-06     2s
  15   8.20767889e-01  1.02667761e+00  4.51e-17 1.42e-14  4.14e-07     2s
  16   8.77912950e-01  1.00763023e+00  2.65e-17 2.84e-14  2.61e-07     3s
  17   9.45039931e-01  9.83404545e-01  1.58e-17 2.84e-14  7.72e-08     3s
  18   9.60460355e-01  9.77936463e-01  8.93e-18 2.84e-14  3.52e-08     3s
  19   9.72206251e-01  9.73852867e-01  2.36e-17 2.84e-14  3.31e-09     3s
  20   9.73311020e-01  9.73469374e-01  1.16e-17 2.84e-14  3.19e-10     3s
  21   9.73426202e-01  9.73429535e-01  1.71e-17 2.84e-14  6.71e-12     3s
  22   9.73428671e-01  9.73428681e-01  1.21e-16 2.84e-14  2.01e-14     3s
  23   9.73428677e-01  9.73428679e-01  2.64e-15 2.84e-14  3.76e-15     3s
  24   9.73428678e-01  9.73428679e-01  3.62e-15 2.84e-14  1.03e-15     3s
  25   9.73428679e-01  9.73428679e-01  1.30e-15 2.84e-14  2.58e-16     3s
  26   9.73428679e-01  9.73428679e-01  8.12e-16 1.60e-14  1.15e-16     3s
  27   9.73428679e-01  9.73428679e-01  6.37e-16 2.13e-14  9.82e-17     3s

Barrier solved model in 27 iterations and 3.41 seconds (3.15 work units)
Optimal objective 9.73428679e-01

objective value: 0.973428678604763
Done! Time elapsed: 26.02889323234558 seconds.
g_0_1: 1.000000326767203
g_1_1: 1.0000001873971491
g_1_2: 1.000000528293863
g_2_1: 1.0000003242262334
g_2_2: 1.0000009140308501
g_2_3: 1.0000003242262339
g_2_4: 1.0000009140308175
Parameters from last iteration: [0.17400006 0.70700013 0.17400009 0.70700023 0.17400016 0.70700023
 0.17400016]

Parameters from current iteration:
                [0.17400006 0.70700013 0.17400009 0.70700023 0.17400016 0.70700023
 0.17400016]


                Percentage Error = 4.785439697620639e-16
                
year done: 57
Time 58: 2
Optimization Iteration[1/20000]

Solving the optimization problem...
Set parameter TokenServer to value "licenses.rcc.uchicago.edu"
Read LP format model from file /scratch/local/jobs/50183986/tmp8wpn8ysp.pyomo.lp
Reading time = 1.35 seconds
x1: 258121 rows, 502401 columns, 1259970 nonzeros
Set parameter Threads to value 8
Set parameter BarConvTol to value 1e-12
Gurobi Optimizer version 11.0.0 build v11.0.0rc2 (linux64 - "CentOS Linux 8")

CPU model: Intel(R) Xeon(R) Gold 6248R CPU @ 3.00GHz, instruction set [SSE2|AVX|AVX2|AVX512]
Thread count: 48 physical cores, 48 logical processors, using up to 8 threads

Optimize a model with 258121 rows, 502401 columns and 1259970 nonzeros
Model fingerprint: 0xaa1b9b2e
Model has 3166 quadratic objective terms
Coefficient statistics:
  Matrix range     [1e+00, 1e+03]
  Objective range  [1e-06, 1e+02]
  QObjective range [3e-01, 3e+03]
  Bounds range     [3e-04, 1e+00]
  RHS range        [2e-17, 6e+00]
Presolve removed 131481 rows and 128813 columns
Presolve time: 0.55s
Presolved: 126640 rows, 373588 columns, 743932 nonzeros
Presolved model has 3166 quadratic objective terms
Ordering time: 0.15s

Barrier statistics:
 AA' NZ     : 3.709e+05
 Factor NZ  : 3.905e+06 (roughly 230 MB of memory)
 Factor Ops : 2.623e+08 (less than 1 second per iteration)
 Threads    : 8

                  Objective                Residual
Iter       Primal          Dual         Primal    Dual     Compl     Time
   0  -1.22466045e+09  8.63517426e+08  7.80e+04 1.14e-13  1.00e+06     1s
   1  -5.85742647e+08  5.07976561e+08  1.69e+04 1.44e+02  2.23e+05     1s
   2  -2.82434128e+08  2.81995028e+08  2.13e+02 8.69e-01  3.96e+03     1s
   3  -6.55833247e+07  6.61786502e+07  1.76e+00 1.46e-12  2.85e+02     1s
   4  -1.25708097e+07  1.31966953e+07  1.53e-01 3.18e-12  5.32e+01     1s
   5  -2.28690419e+06  2.53083899e+06  1.14e-02 1.25e-12  9.74e+00     1s
   6  -3.34328112e+05  3.84147321e+05  1.14e-08 1.43e-12  1.45e+00     2s
   7  -5.04623974e+04  6.35338416e+04  1.52e-13 6.82e-13  2.29e-01     2s
   8  -7.72333175e+03  9.03868645e+03  4.15e-14 1.73e-13  3.37e-02     2s
   9  -1.27944642e+03  1.49963664e+03  2.12e-14 4.80e-14  5.59e-03     2s
  10  -2.15979887e+02  1.69782848e+02  8.15e-15 2.84e-14  7.76e-04     2s
  11  -4.72038586e+01  2.65325679e+01  2.18e-15 1.69e-14  1.48e-04     2s
  12  -7.19408436e+00  4.02216126e+00  1.10e-15 2.84e-14  2.26e-05     2s
  13  -7.45180980e-01  1.46610610e+00  4.35e-16 2.84e-14  4.45e-06     2s
  14   3.34120440e-01  1.16192801e+00  1.75e-16 2.84e-14  1.67e-06     2s
  15   7.81811921e-01  9.87721641e-01  4.77e-17 2.13e-14  4.14e-07     2s
  16   8.38956982e-01  9.68674266e-01  2.66e-17 2.84e-14  2.61e-07     3s
  17   9.06083963e-01  9.44448577e-01  1.48e-17 1.95e-14  7.72e-08     3s
  18   9.21504387e-01  9.38980495e-01  1.04e-17 2.84e-14  3.52e-08     3s
  19   9.33250283e-01  9.34896899e-01  2.65e-17 2.84e-14  3.31e-09     3s
  20   9.34355052e-01  9.34513406e-01  1.81e-17 1.69e-14  3.19e-10     3s
  21   9.34470234e-01  9.34473567e-01  1.60e-17 2.84e-14  6.71e-12     3s
  22   9.34472703e-01  9.34472713e-01  1.21e-16 2.13e-14  2.01e-14     3s
  23   9.34472709e-01  9.34472711e-01  2.90e-15 2.40e-14  3.74e-15     3s
  24   9.34472710e-01  9.34472710e-01  3.94e-15 4.26e-14  1.03e-15     3s
  25   9.34472710e-01  9.34472710e-01  1.28e-15 2.84e-14  2.56e-16     3s
  26   9.34472710e-01  9.34472710e-01  6.86e-16 2.84e-14  1.14e-16     3s
  27   9.34472710e-01  9.34472710e-01  6.03e-16 2.84e-14  9.76e-17     3s

Barrier solved model in 27 iterations and 3.38 seconds (3.15 work units)
Optimal objective 9.34472710e-01

objective value: 0.9344727103171699
Done! Time elapsed: 24.25157070159912 seconds.
g_0_1: 1.000000326767203
g_1_1: 1.0000001873971491
g_1_2: 1.000000528293863
g_2_1: 1.0000003242262336
g_2_2: 1.00000091403085
g_2_3: 1.0000003242262339
g_2_4: 1.0000009140308175
Parameters from last iteration: [0.17400006 0.70700013 0.17400009 0.70700023 0.17400016 0.70700023
 0.17400016]

Parameters from current iteration:
                [0.17400006 0.70700013 0.17400009 0.70700023 0.17400016 0.70700023
 0.17400016]


                Percentage Error = 1.5951465658735472e-16
                
year done: 58
Time 59: 2
Optimization Iteration[1/20000]

Solving the optimization problem...
Set parameter TokenServer to value "licenses.rcc.uchicago.edu"
Read LP format model from file /scratch/local/jobs/50183986/tmpopus58k2.pyomo.lp
Reading time = 1.34 seconds
x1: 258121 rows, 502401 columns, 1259970 nonzeros
Set parameter Threads to value 8
Set parameter BarConvTol to value 1e-12
Gurobi Optimizer version 11.0.0 build v11.0.0rc2 (linux64 - "CentOS Linux 8")

CPU model: Intel(R) Xeon(R) Gold 6248R CPU @ 3.00GHz, instruction set [SSE2|AVX|AVX2|AVX512]
Thread count: 48 physical cores, 48 logical processors, using up to 8 threads

Optimize a model with 258121 rows, 502401 columns and 1259970 nonzeros
Model fingerprint: 0x8eec32a6
Model has 3166 quadratic objective terms
Coefficient statistics:
  Matrix range     [1e+00, 1e+03]
  Objective range  [1e-06, 1e+02]
  QObjective range [3e-01, 3e+03]
  Bounds range     [3e-04, 1e+00]
  RHS range        [2e-17, 6e+00]
Presolve removed 131481 rows and 128813 columns
Presolve time: 0.54s
Presolved: 126640 rows, 373588 columns, 743932 nonzeros
Presolved model has 3166 quadratic objective terms
Ordering time: 0.15s

Barrier statistics:
 AA' NZ     : 3.709e+05
 Factor NZ  : 3.905e+06 (roughly 230 MB of memory)
 Factor Ops : 2.623e+08 (less than 1 second per iteration)
 Threads    : 8

                  Objective                Residual
Iter       Primal          Dual         Primal    Dual     Compl     Time
   0  -1.22466045e+09  8.63517426e+08  7.80e+04 1.14e-13  1.00e+06     1s
   1  -5.85742647e+08  5.07976561e+08  1.69e+04 1.44e+02  2.23e+05     1s
   2  -2.82434128e+08  2.81995028e+08  2.13e+02 8.69e-01  3.96e+03     1s
   3  -6.55833248e+07  6.61786502e+07  1.76e+00 1.41e-12  2.85e+02     1s
   4  -1.25708097e+07  1.31966952e+07  1.53e-01 3.02e-12  5.32e+01     1s
   5  -2.28690422e+06  2.53083895e+06  1.14e-02 1.40e-12  9.74e+00     1s
   6  -3.34328149e+05  3.84147284e+05  1.14e-08 1.16e-12  1.45e+00     2s
   7  -5.04624346e+04  6.35338044e+04  1.38e-13 6.93e-13  2.29e-01     2s
   8  -7.72336895e+03  9.03864925e+03  3.53e-14 2.32e-13  3.37e-02     2s
   9  -1.27948362e+03  1.49959944e+03  1.70e-14 5.68e-14  5.59e-03     2s
  10  -2.16017089e+02  1.69745645e+02  9.56e-15 4.26e-14  7.76e-04     2s
  11  -4.72410612e+01  2.64953652e+01  1.60e-15 2.84e-14  1.48e-04     2s
  12  -7.23128702e+00  3.98495860e+00  1.08e-15 2.84e-14  2.26e-05     2s
  13  -7.82383641e-01  1.42890344e+00  3.81e-16 2.84e-14  4.45e-06     2s
  14   2.96917779e-01  1.12472535e+00  1.52e-16 2.84e-14  1.67e-06     2s
  15   7.44609260e-01  9.50518980e-01  5.72e-17 1.95e-14  4.14e-07     2s
  16   8.01754321e-01  9.31471605e-01  2.63e-17 2.84e-14  2.61e-07     3s
  17   8.68881302e-01  9.07245916e-01  1.58e-17 2.84e-14  7.72e-08     3s
  18   8.84301726e-01  9.01777834e-01  9.81e-18 2.84e-14  3.52e-08     3s
  19   8.96047622e-01  8.97694238e-01  2.26e-17 2.84e-14  3.31e-09     3s
  20   8.97152391e-01  8.97310745e-01  1.01e-17 2.84e-14  3.19e-10     3s
  21   8.97267573e-01  8.97270906e-01  1.56e-17 2.84e-14  6.71e-12     3s
  22   8.97270042e-01  8.97270052e-01  1.01e-16 2.84e-14  2.01e-14     3s
  23   8.97270048e-01  8.97270050e-01  2.83e-15 3.02e-14  3.72e-15     3s
  24   8.97270049e-01  8.97270050e-01  3.23e-15 4.26e-14  1.02e-15     3s
  25   8.97270049e-01  8.97270049e-01  1.15e-15 2.84e-14  2.55e-16     3s
  26   8.97270049e-01  8.97270049e-01  7.83e-16 2.84e-14  1.13e-16     3s
  27   8.97270049e-01  8.97270049e-01  5.53e-16 2.84e-14  9.69e-17     3s

Barrier solved model in 27 iterations and 3.37 seconds (3.15 work units)
Optimal objective 8.97270049e-01

objective value: 0.8972700494220737
Done! Time elapsed: 24.363784313201904 seconds.
g_0_1: 1.000000326767203
g_1_1: 1.0000001873971494
g_1_2: 1.000000528293863
g_2_1: 1.0000003242262336
g_2_2: 1.00000091403085
g_2_3: 1.0000003242262339
g_2_4: 1.0000009140308177
Parameters from last iteration: [0.17400006 0.70700013 0.17400009 0.70700023 0.17400016 0.70700023
 0.17400016]

Parameters from current iteration:
                [0.17400006 0.70700013 0.17400009 0.70700023 0.17400016 0.70700023
 0.17400016]


                Percentage Error = 1.5951465658735992e-16
                
year done: 59
Time 60: 2
Optimization Iteration[1/20000]

Solving the optimization problem...
Set parameter TokenServer to value "licenses.rcc.uchicago.edu"
Read LP format model from file /scratch/local/jobs/50183986/tmpi6h7ufsb.pyomo.lp
Reading time = 1.34 seconds
x1: 258121 rows, 502401 columns, 1259970 nonzeros
Set parameter Threads to value 8
Set parameter BarConvTol to value 1e-12
Gurobi Optimizer version 11.0.0 build v11.0.0rc2 (linux64 - "CentOS Linux 8")

CPU model: Intel(R) Xeon(R) Gold 6248R CPU @ 3.00GHz, instruction set [SSE2|AVX|AVX2|AVX512]
Thread count: 48 physical cores, 48 logical processors, using up to 8 threads

Optimize a model with 258121 rows, 502401 columns and 1259970 nonzeros
Model fingerprint: 0xe7c1ee34
Model has 3166 quadratic objective terms
Coefficient statistics:
  Matrix range     [1e+00, 1e+03]
  Objective range  [1e-06, 1e+02]
  QObjective range [3e-01, 3e+03]
  Bounds range     [3e-04, 1e+00]
  RHS range        [2e-17, 6e+00]
Presolve removed 131481 rows and 128813 columns
Presolve time: 0.55s
Presolved: 126640 rows, 373588 columns, 743932 nonzeros
Presolved model has 3166 quadratic objective terms
Ordering time: 0.15s

Barrier statistics:
 AA' NZ     : 3.709e+05
 Factor NZ  : 3.905e+06 (roughly 230 MB of memory)
 Factor Ops : 2.623e+08 (less than 1 second per iteration)
 Threads    : 8

                  Objective                Residual
Iter       Primal          Dual         Primal    Dual     Compl     Time
   0  -1.22466045e+09  8.63517426e+08  7.80e+04 1.14e-13  1.00e+06     1s
   1  -5.85742647e+08  5.07976561e+08  1.69e+04 1.44e+02  2.23e+05     1s
   2  -2.82434128e+08  2.81995028e+08  2.13e+02 8.69e-01  3.96e+03     1s
   3  -6.55833248e+07  6.61786502e+07  1.76e+00 1.47e-12  2.85e+02     1s
   4  -1.25708097e+07  1.31966952e+07  1.53e-01 3.70e-12  5.32e+01     1s
   5  -2.28690426e+06  2.53083891e+06  1.14e-02 1.47e-12  9.74e+00     1s
   6  -3.34328185e+05  3.84147248e+05  1.14e-08 8.29e-13  1.45e+00     2s
   7  -5.04624701e+04  6.35337689e+04  1.39e-13 6.82e-13  2.29e-01     2s
   8  -7.72340448e+03  9.03861372e+03  4.09e-14 1.74e-13  3.37e-02     2s
   9  -1.27951915e+03  1.49956391e+03  1.78e-14 4.71e-14  5.59e-03     2s
  10  -2.16052618e+02  1.69710117e+02  7.63e-15 2.84e-14  7.76e-04     2s
  11  -4.72765895e+01  2.64598369e+01  2.55e-15 4.26e-14  1.48e-04     2s
  12  -7.26681529e+00  3.94943033e+00  1.06e-15 2.84e-14  2.26e-05     2s
  13  -8.17911907e-01  1.39337517e+00  3.96e-16 2.84e-14  4.45e-06     2s
  14   2.61389514e-01  1.08919708e+00  1.19e-16 2.84e-14  1.67e-06     2s
  15   7.09080995e-01  9.14990715e-01  6.92e-17 2.84e-14  4.14e-07     2s
  16   7.66226056e-01  8.95943340e-01  2.88e-17 2.84e-14  2.61e-07     3s
  17   8.33353037e-01  8.71717651e-01  1.79e-17 2.84e-14  7.72e-08     3s
  18   8.48773460e-01  8.66249568e-01  1.39e-17 2.84e-14  3.52e-08     3s
  19   8.60519356e-01  8.62165972e-01  2.25e-17 2.84e-14  3.31e-09     3s
  20   8.61624126e-01  8.61782479e-01  1.40e-17 2.84e-14  3.19e-10     3s
  21   8.61739308e-01  8.61742641e-01  1.51e-17 2.84e-14  6.71e-12     3s
  22   8.61741777e-01  8.61741787e-01  1.08e-16 2.84e-14  2.01e-14     3s
  23   8.61741783e-01  8.61741785e-01  3.12e-15 2.84e-14  3.70e-15     3s
  24   8.61741784e-01  8.61741784e-01  3.78e-15 2.84e-14  1.02e-15     3s
  25   8.61741784e-01  8.61741784e-01  1.09e-15 2.84e-14  2.54e-16     3s
  26   8.61741784e-01  8.61741784e-01  7.80e-16 2.84e-14  1.13e-16     3s
  27   8.61741784e-01  8.61741784e-01  5.53e-16 2.13e-14  9.63e-17     3s

Barrier solved model in 27 iterations and 3.38 seconds (3.15 work units)
Optimal objective 8.61741784e-01

objective value: 0.8617417840877944
Done! Time elapsed: 24.43443489074707 seconds.
g_0_1: 1.0000003267672029
g_1_1: 1.0000001873971494
g_1_2: 1.0000005282938629
g_2_1: 1.0000003242262336
g_2_2: 1.0000009140308497
g_2_3: 1.000000324226234
g_2_4: 1.0000009140308175
Parameters from last iteration: [0.17400006 0.70700013 0.17400009 0.70700023 0.17400016 0.70700023
 0.17400016]

Parameters from current iteration:
                [0.17400006 0.70700013 0.17400009 0.70700023 0.17400016 0.70700023
 0.17400016]


                Percentage Error = 3.190294362360504e-16
                
year done: 60
Time 61: 2
Optimization Iteration[1/20000]

Solving the optimization problem...
Set parameter TokenServer to value "licenses.rcc.uchicago.edu"
Read LP format model from file /scratch/local/jobs/50183986/tmphm0nuws5.pyomo.lp
Reading time = 1.33 seconds
x1: 258121 rows, 502401 columns, 1259970 nonzeros
Set parameter Threads to value 8
Set parameter BarConvTol to value 1e-12
Gurobi Optimizer version 11.0.0 build v11.0.0rc2 (linux64 - "CentOS Linux 8")

CPU model: Intel(R) Xeon(R) Gold 6248R CPU @ 3.00GHz, instruction set [SSE2|AVX|AVX2|AVX512]
Thread count: 48 physical cores, 48 logical processors, using up to 8 threads

Optimize a model with 258121 rows, 502401 columns and 1259970 nonzeros
Model fingerprint: 0xb7b14c9a
Model has 3166 quadratic objective terms
Coefficient statistics:
  Matrix range     [1e+00, 1e+03]
  Objective range  [1e-06, 1e+02]
  QObjective range [3e-01, 3e+03]
  Bounds range     [3e-04, 1e+00]
  RHS range        [2e-17, 6e+00]
Presolve removed 131481 rows and 128813 columns
Presolve time: 0.55s
Presolved: 126640 rows, 373588 columns, 743932 nonzeros
Presolved model has 3166 quadratic objective terms
Ordering time: 0.15s

Barrier statistics:
 AA' NZ     : 3.709e+05
 Factor NZ  : 3.905e+06 (roughly 230 MB of memory)
 Factor Ops : 2.623e+08 (less than 1 second per iteration)
 Threads    : 8

                  Objective                Residual
Iter       Primal          Dual         Primal    Dual     Compl     Time
   0  -1.22466045e+09  8.63517426e+08  7.80e+04 1.13e-13  1.00e+06     1s
   1  -5.85742647e+08  5.07976561e+08  1.69e+04 1.44e+02  2.23e+05     1s
   2  -2.82434128e+08  2.81995028e+08  2.13e+02 8.69e-01  3.96e+03     1s
   3  -6.55833248e+07  6.61786501e+07  1.76e+00 1.25e-12  2.85e+02     1s
   4  -1.25708098e+07  1.31966951e+07  1.53e-01 5.50e-12  5.32e+01     1s
   5  -2.28690429e+06  2.53083888e+06  1.14e-02 1.18e-12  9.74e+00     1s
   6  -3.34328219e+05  3.84147214e+05  1.14e-08 7.66e-13  1.45e+00     2s
   7  -5.04625041e+04  6.35337349e+04  1.64e-13 5.81e-13  2.29e-01     2s
   8  -7.72343841e+03  9.03857979e+03  4.24e-14 2.16e-13  3.37e-02     2s
   9  -1.27955308e+03  1.49952998e+03  1.89e-14 4.17e-14  5.59e-03     2s
  10  -2.16086547e+02  1.69676188e+02  1.10e-14 4.26e-14  7.76e-04     2s
  11  -4.73105187e+01  2.64259077e+01  2.18e-15 2.84e-14  1.48e-04     2s
  12  -7.30074452e+00  3.91550110e+00  1.00e-15 5.68e-14  2.26e-05     2s
  13  -8.51841137e-01  1.35944594e+00  3.09e-16 2.84e-14  4.45e-06     2s
  14   2.27460284e-01  1.05526785e+00  1.84e-16 2.84e-14  1.67e-06     2s
  15   6.75151765e-01  8.81061485e-01  7.57e-17 2.84e-14  4.14e-07     2s
  16   7.32296826e-01  8.62014110e-01  2.22e-17 2.84e-14  2.61e-07     3s
  17   7.99423807e-01  8.37788421e-01  1.95e-17 2.84e-14  7.72e-08     3s
  18   8.14844230e-01  8.32320338e-01  1.09e-17 2.84e-14  3.52e-08     3s
  19   8.26590126e-01  8.28236742e-01  2.63e-17 2.84e-14  3.31e-09     3s
  20   8.27694896e-01  8.27853249e-01  1.27e-17 2.84e-14  3.19e-10     3s
  21   8.27810078e-01  8.27813411e-01  1.57e-17 2.84e-14  6.71e-12     3s
  22   8.27812547e-01  8.27812557e-01  1.05e-16 2.84e-14  2.01e-14     3s
  23   8.27812553e-01  8.27812555e-01  2.11e-15 1.95e-14  3.69e-15     3s
  24   8.27812554e-01  8.27812554e-01  4.36e-15 4.26e-14  1.01e-15     3s
  25   8.27812554e-01  8.27812554e-01  1.45e-15 2.84e-14  2.52e-16     3s
  26   8.27812554e-01  8.27812554e-01  7.49e-16 2.84e-14  1.12e-16     3s
  27   8.27812554e-01  8.27812554e-01  5.36e-16 1.51e-14  9.56e-17     3s

Barrier solved model in 27 iterations and 3.38 seconds (3.15 work units)
Optimal objective 8.27812554e-01

objective value: 0.8278125541001272
Done! Time elapsed: 25.86746573448181 seconds.
g_0_1: 1.0000003267672026
g_1_1: 1.0000001873971494
g_1_2: 1.0000005282938629
g_2_1: 1.0000003242262336
g_2_2: 1.0000009140308495
g_2_3: 1.0000003242262339
g_2_4: 1.0000009140308175
Parameters from last iteration: [0.17400006 0.70700013 0.17400009 0.70700023 0.17400016 0.70700023
 0.17400016]

Parameters from current iteration:
                [0.17400006 0.70700013 0.17400009 0.70700023 0.17400016 0.70700023
 0.17400016]


                Percentage Error = 3.1902931317470953e-16
                
year done: 61
Time 62: 2
Optimization Iteration[1/20000]

Solving the optimization problem...
Set parameter TokenServer to value "licenses.rcc.uchicago.edu"
Read LP format model from file /scratch/local/jobs/50183986/tmpahhh4atk.pyomo.lp
Reading time = 1.33 seconds
x1: 258121 rows, 502401 columns, 1259970 nonzeros
Set parameter Threads to value 8
Set parameter BarConvTol to value 1e-12
Gurobi Optimizer version 11.0.0 build v11.0.0rc2 (linux64 - "CentOS Linux 8")

CPU model: Intel(R) Xeon(R) Gold 6248R CPU @ 3.00GHz, instruction set [SSE2|AVX|AVX2|AVX512]
Thread count: 48 physical cores, 48 logical processors, using up to 8 threads

Optimize a model with 258121 rows, 502401 columns and 1259970 nonzeros
Model fingerprint: 0x2ea42e42
Model has 3166 quadratic objective terms
Coefficient statistics:
  Matrix range     [1e+00, 1e+03]
  Objective range  [1e-06, 1e+02]
  QObjective range [3e-01, 3e+03]
  Bounds range     [3e-04, 1e+00]
  RHS range        [2e-17, 6e+00]
Presolve removed 131481 rows and 128813 columns
Presolve time: 0.55s
Presolved: 126640 rows, 373588 columns, 743932 nonzeros
Presolved model has 3166 quadratic objective terms
Ordering time: 0.15s

Barrier statistics:
 AA' NZ     : 3.709e+05
 Factor NZ  : 3.905e+06 (roughly 230 MB of memory)
 Factor Ops : 2.623e+08 (less than 1 second per iteration)
 Threads    : 8

                  Objective                Residual
Iter       Primal          Dual         Primal    Dual     Compl     Time
   0  -1.22466045e+09  8.63517426e+08  7.80e+04 1.13e-13  1.00e+06     1s
   1  -5.85742647e+08  5.07976560e+08  1.69e+04 1.44e+02  2.23e+05     1s
   2  -2.82434128e+08  2.81995028e+08  2.13e+02 8.69e-01  3.96e+03     1s
   3  -6.55833249e+07  6.61786501e+07  1.76e+00 1.46e-12  2.85e+02     1s
   4  -1.25708098e+07  1.31966951e+07  1.53e-01 4.60e-12  5.32e+01     1s
   5  -2.28690432e+06  2.53083885e+06  1.14e-02 1.26e-12  9.74e+00     1s
   6  -3.34328251e+05  3.84147182e+05  1.14e-08 2.11e-12  1.45e+00     2s
   7  -5.04625365e+04  6.35337025e+04  1.23e-13 6.78e-13  2.29e-01     2s
   8  -7.72347081e+03  9.03854739e+03  4.00e-14 1.92e-13  3.37e-02     2s
   9  -1.27958548e+03  1.49949758e+03  1.88e-14 5.06e-14  5.59e-03     2s
  10  -2.16118949e+02  1.69643786e+02  1.01e-14 2.84e-14  7.76e-04     2s
  11  -4.73429209e+01  2.63935055e+01  1.72e-15 2.84e-14  1.48e-04     2s
  12  -7.33314668e+00  3.88309894e+00  9.58e-16 2.58e-14  2.26e-05     2s
  13  -8.84243300e-01  1.32704378e+00  3.16e-16 2.84e-14  4.45e-06     2s
  14   1.95058121e-01  1.02286569e+00  1.32e-16 2.84e-14  1.67e-06     2s
  15   6.42749602e-01  8.48659322e-01  7.48e-17 2.84e-14  4.14e-07     2s
  16   6.99894663e-01  8.29611946e-01  3.40e-17 2.84e-14  2.61e-07     3s
  17   7.67021644e-01  8.05386258e-01  1.74e-17 2.84e-14  7.72e-08     3s
  18   7.82442067e-01  7.99918175e-01  1.13e-17 2.84e-14  3.52e-08     3s
  19   7.94187963e-01  7.95834579e-01  2.82e-17 2.84e-14  3.31e-09     3s
  20   7.95292733e-01  7.95451086e-01  1.62e-17 2.84e-14  3.19e-10     3s
  21   7.95407915e-01  7.95411248e-01  1.61e-17 2.84e-14  6.71e-12     3s
  22   7.95410384e-01  7.95410394e-01  1.32e-16 2.84e-14  2.01e-14     3s
  23   7.95410390e-01  7.95410392e-01  2.48e-15 2.84e-14  3.67e-15     3s
  24   7.95410391e-01  7.95410391e-01  4.50e-15 2.84e-14  1.01e-15     3s
  25   7.95410391e-01  7.95410391e-01  1.36e-15 2.84e-14  2.51e-16     3s
  26   7.95410391e-01  7.95410391e-01  9.13e-16 2.84e-14  1.11e-16     3s
  27   7.95410391e-01  7.95410391e-01  6.10e-16 2.13e-14  9.50e-17     3s

Barrier solved model in 27 iterations and 3.39 seconds (3.15 work units)
Optimal objective 7.95410391e-01

objective value: 0.7954103910132193
Done! Time elapsed: 24.310099601745605 seconds.
g_0_1: 1.000000326767203
g_1_1: 1.0000001873971494
g_1_2: 1.0000005282938629
g_2_1: 1.0000003242262336
g_2_2: 1.0000009140308492
g_2_3: 1.000000324226234
g_2_4: 1.0000009140308177
Parameters from last iteration: [0.17400006 0.70700013 0.17400009 0.70700023 0.17400016 0.70700023
 0.17400016]

Parameters from current iteration:
                [0.17400006 0.70700013 0.17400009 0.70700023 0.17400016 0.70700023
 0.17400016]


                Percentage Error = 3.190295005289663e-16
                
year done: 62
Time 63: 2
Optimization Iteration[1/20000]

Solving the optimization problem...
Set parameter TokenServer to value "licenses.rcc.uchicago.edu"
Read LP format model from file /scratch/local/jobs/50183986/tmpks94_oa9.pyomo.lp
Reading time = 1.32 seconds
x1: 258121 rows, 502401 columns, 1259970 nonzeros
Set parameter Threads to value 8
Set parameter BarConvTol to value 1e-12
Gurobi Optimizer version 11.0.0 build v11.0.0rc2 (linux64 - "CentOS Linux 8")

CPU model: Intel(R) Xeon(R) Gold 6248R CPU @ 3.00GHz, instruction set [SSE2|AVX|AVX2|AVX512]
Thread count: 48 physical cores, 48 logical processors, using up to 8 threads

Optimize a model with 258121 rows, 502401 columns and 1259970 nonzeros
Model fingerprint: 0x0720485b
Model has 3166 quadratic objective terms
Coefficient statistics:
  Matrix range     [1e+00, 1e+03]
  Objective range  [1e-06, 1e+02]
  QObjective range [3e-01, 3e+03]
  Bounds range     [3e-04, 1e+00]
  RHS range        [2e-17, 6e+00]
Presolve removed 131481 rows and 128813 columns
Presolve time: 0.54s
Presolved: 126640 rows, 373588 columns, 743932 nonzeros
Presolved model has 3166 quadratic objective terms
Ordering time: 0.16s

Barrier statistics:
 AA' NZ     : 3.709e+05
 Factor NZ  : 3.905e+06 (roughly 230 MB of memory)
 Factor Ops : 2.623e+08 (less than 1 second per iteration)
 Threads    : 8

                  Objective                Residual
Iter       Primal          Dual         Primal    Dual     Compl     Time
   0  -1.22466045e+09  8.63517426e+08  7.80e+04 1.13e-13  1.00e+06     1s
   1  -5.85742647e+08  5.07976560e+08  1.69e+04 1.44e+02  2.23e+05     1s
   2  -2.82434128e+08  2.81995028e+08  2.13e+02 8.69e-01  3.96e+03     1s
   3  -6.55833249e+07  6.61786501e+07  1.76e+00 1.40e-12  2.85e+02     1s
   4  -1.25708098e+07  1.31966951e+07  1.53e-01 3.24e-12  5.32e+01     1s
   5  -2.28690436e+06  2.53083882e+06  1.14e-02 1.32e-12  9.74e+00     1s
   6  -3.34328282e+05  3.84147151e+05  1.14e-08 7.67e-13  1.45e+00     2s
   7  -5.04625674e+04  6.35336716e+04  1.63e-13 6.66e-13  2.29e-01     2s
   8  -7.72350176e+03  9.03851644e+03  3.94e-14 1.89e-13  3.37e-02     2s
   9  -1.27961642e+03  1.49946663e+03  1.95e-14 5.68e-14  5.59e-03     2s
  10  -2.16149893e+02  1.69612842e+02  8.39e-15 2.84e-14  7.76e-04     2s
  11  -4.73738647e+01  2.63625617e+01  3.16e-15 2.84e-14  1.48e-04     2s
  12  -7.36409050e+00  3.85215512e+00  1.08e-15 2.84e-14  2.26e-05     2s
  13  -9.15187125e-01  1.29609996e+00  3.58e-16 2.84e-14  4.45e-06     2s
  14   1.64114295e-01  9.91921866e-01  1.40e-16 2.84e-14  1.67e-06     2s
  15   6.11805776e-01  8.17715496e-01  3.88e-17 2.84e-14  4.14e-07     2s
  16   6.68950837e-01  7.98668121e-01  2.29e-17 2.84e-14  2.61e-07     3s
  17   7.36077818e-01  7.74442432e-01  1.95e-17 2.84e-14  7.72e-08     3s
  18   7.51498242e-01  7.68974350e-01  1.04e-17 2.84e-14  3.52e-08     3s
  19   7.63244138e-01  7.64890754e-01  3.40e-17 2.84e-14  3.31e-09     3s
  20   7.64348907e-01  7.64507261e-01  1.18e-17 2.84e-14  3.19e-10     3s
  21   7.64464089e-01  7.64467422e-01  2.29e-17 2.84e-14  6.71e-12     3s
  22   7.64466558e-01  7.64466568e-01  1.22e-16 2.84e-14  2.01e-14     3s
  23   7.64466564e-01  7.64466566e-01  2.57e-15 2.84e-14  3.65e-15     3s
  24   7.64466565e-01  7.64466566e-01  4.32e-15 2.84e-14  1.00e-15     3s
  25   7.64466565e-01  7.64466566e-01  1.42e-15 2.84e-14  2.49e-16     3s
  26   7.64466565e-01  7.64466566e-01  6.61e-16 2.84e-14  1.10e-16     3s
  27   7.64466565e-01  7.64466566e-01  4.89e-16 1.42e-14  9.43e-17     3s

Barrier solved model in 27 iterations and 3.38 seconds (3.15 work units)
Optimal objective 7.64466565e-01

objective value: 0.7644665654948728
Done! Time elapsed: 24.07170844078064 seconds.
g_0_1: 1.0000003267672029
g_1_1: 1.0000001873971494
g_1_2: 1.0000005282938629
g_2_1: 1.0000003242262336
g_2_2: 1.0000009140308488
g_2_3: 1.000000324226234
g_2_4: 1.0000009140308175
Parameters from last iteration: [0.17400006 0.70700013 0.17400009 0.70700023 0.17400016 0.70700023
 0.17400016]

Parameters from current iteration:
                [0.17400006 0.70700013 0.17400009 0.70700023 0.17400016 0.70700023
 0.17400016]


                Percentage Error = 4.785439697620645e-16
                
year done: 63
Time 64: 2
Optimization Iteration[1/20000]

Solving the optimization problem...
Set parameter TokenServer to value "licenses.rcc.uchicago.edu"
Read LP format model from file /scratch/local/jobs/50183986/tmp1oh85khe.pyomo.lp
Reading time = 1.34 seconds
x1: 258121 rows, 502401 columns, 1259970 nonzeros
Set parameter Threads to value 8
Set parameter BarConvTol to value 1e-12
Gurobi Optimizer version 11.0.0 build v11.0.0rc2 (linux64 - "CentOS Linux 8")

CPU model: Intel(R) Xeon(R) Gold 6248R CPU @ 3.00GHz, instruction set [SSE2|AVX|AVX2|AVX512]
Thread count: 48 physical cores, 48 logical processors, using up to 8 threads

Optimize a model with 258121 rows, 502401 columns and 1259970 nonzeros
Model fingerprint: 0xb0091347
Model has 3166 quadratic objective terms
Coefficient statistics:
  Matrix range     [1e+00, 1e+03]
  Objective range  [1e-06, 1e+02]
  QObjective range [3e-01, 3e+03]
  Bounds range     [3e-04, 1e+00]
  RHS range        [2e-17, 6e+00]
Presolve removed 131481 rows and 128813 columns
Presolve time: 0.55s
Presolved: 126640 rows, 373588 columns, 743932 nonzeros
Presolved model has 3166 quadratic objective terms
Ordering time: 0.15s

Barrier statistics:
 AA' NZ     : 3.709e+05
 Factor NZ  : 3.905e+06 (roughly 230 MB of memory)
 Factor Ops : 2.623e+08 (less than 1 second per iteration)
 Threads    : 8

                  Objective                Residual
Iter       Primal          Dual         Primal    Dual     Compl     Time
   0  -1.22466045e+09  8.63517426e+08  7.80e+04 1.13e-13  1.00e+06     1s
   1  -5.85742647e+08  5.07976560e+08  1.69e+04 1.44e+02  2.23e+05     1s
   2  -2.82434128e+08  2.81995027e+08  2.13e+02 8.69e-01  3.96e+03     1s
   3  -6.55833249e+07  6.61786500e+07  1.76e+00 1.45e-12  2.85e+02     1s
   4  -1.25708099e+07  1.31966951e+07  1.53e-01 3.60e-12  5.32e+01     1s
   5  -2.28690439e+06  2.53083879e+06  1.14e-02 1.20e-12  9.74e+00     1s
   6  -3.34328312e+05  3.84147121e+05  1.14e-08 1.00e-12  1.45e+00     2s
   7  -5.04625970e+04  6.35336420e+04  1.77e-13 6.21e-13  2.29e-01     2s
   8  -7.72353131e+03  9.03848689e+03  4.83e-14 1.74e-13  3.37e-02     2s
   9  -1.27964598e+03  1.49943708e+03  2.23e-14 3.82e-14  5.59e-03     2s
  10  -2.16179444e+02  1.69583291e+02  9.57e-15 2.84e-14  7.76e-04     2s
  11  -4.74034159e+01  2.63330106e+01  1.82e-15 2.84e-14  1.48e-04     2s
  12  -7.39364163e+00  3.82260399e+00  1.23e-15 1.42e-14  2.26e-05     2s
  13  -9.44738249e-01  1.26654883e+00  2.79e-16 2.84e-14  4.45e-06     2s
  14   1.34563171e-01  9.62370742e-01  1.77e-16 2.84e-14  1.67e-06     2s
  15   5.82254652e-01  7.88164372e-01  3.47e-17 2.84e-14  4.14e-07     2s
  16   6.39399713e-01  7.69116997e-01  3.18e-17 2.84e-14  2.61e-07     3s
  17   7.06526694e-01  7.44891308e-01  1.81e-17 2.84e-14  7.72e-08     3s
  18   7.21947118e-01  7.39423226e-01  1.92e-17 2.84e-14  3.52e-08     3s
  19   7.33693014e-01  7.35339630e-01  3.52e-17 1.87e-14  3.31e-09     3s
  20   7.34797783e-01  7.34956137e-01  1.03e-17 1.42e-14  3.19e-10     3s
  21   7.34912965e-01  7.34916298e-01  1.73e-17 2.84e-14  6.71e-12     3s
  22   7.34915434e-01  7.34915444e-01  1.39e-16 2.84e-14  2.01e-14     3s
  23   7.34915440e-01  7.34915442e-01  2.84e-15 2.84e-14  3.63e-15     3s
  24   7.34915441e-01  7.34915442e-01  4.41e-15 2.84e-14  9.99e-16     3s
  25   7.34915441e-01  7.34915442e-01  1.07e-15 2.84e-14  2.48e-16     3s
  26   7.34915442e-01  7.34915442e-01  6.04e-16 2.84e-14  1.09e-16     3s
  27   7.34915442e-01  7.34915442e-01  4.87e-16 1.42e-14  9.37e-17     3s

Barrier solved model in 27 iterations and 3.40 seconds (3.15 work units)
Optimal objective 7.34915442e-01

objective value: 0.7349154415423776
Done! Time elapsed: 24.01646876335144 seconds.
g_0_1: 1.0000003267672029
g_1_1: 1.0000001873971494
g_1_2: 1.0000005282938629
g_2_1: 1.0000003242262336
g_2_2: 1.0000009140308488
g_2_3: 1.000000324226234
g_2_4: 1.0000009140308175
Parameters from last iteration: [0.17400006 0.70700013 0.17400009 0.70700023 0.17400016 0.70700023
 0.17400016]

Parameters from current iteration:
                [0.17400006 0.70700013 0.17400009 0.70700023 0.17400016 0.70700023
 0.17400016]


                Percentage Error = 0.0
                
year done: 64
Time 65: 2
Optimization Iteration[1/20000]

Solving the optimization problem...
Set parameter TokenServer to value "licenses.rcc.uchicago.edu"
Read LP format model from file /scratch/local/jobs/50183986/tmpsatdgovn.pyomo.lp
Reading time = 1.34 seconds
x1: 258121 rows, 502401 columns, 1259970 nonzeros
Set parameter Threads to value 8
Set parameter BarConvTol to value 1e-12
Gurobi Optimizer version 11.0.0 build v11.0.0rc2 (linux64 - "CentOS Linux 8")

CPU model: Intel(R) Xeon(R) Gold 6248R CPU @ 3.00GHz, instruction set [SSE2|AVX|AVX2|AVX512]
Thread count: 48 physical cores, 48 logical processors, using up to 8 threads

Optimize a model with 258121 rows, 502401 columns and 1259970 nonzeros
Model fingerprint: 0x51bc475b
Model has 3166 quadratic objective terms
Coefficient statistics:
  Matrix range     [1e+00, 1e+03]
  Objective range  [1e-06, 1e+02]
  QObjective range [3e-01, 3e+03]
  Bounds range     [3e-04, 1e+00]
  RHS range        [2e-17, 6e+00]
Presolve removed 131481 rows and 128813 columns
Presolve time: 0.55s
Presolved: 126640 rows, 373588 columns, 743932 nonzeros
Presolved model has 3166 quadratic objective terms
Ordering time: 0.15s

Barrier statistics:
 AA' NZ     : 3.709e+05
 Factor NZ  : 3.905e+06 (roughly 230 MB of memory)
 Factor Ops : 2.623e+08 (less than 1 second per iteration)
 Threads    : 8

                  Objective                Residual
Iter       Primal          Dual         Primal    Dual     Compl     Time
   0  -1.22466045e+09  8.63517426e+08  7.80e+04 1.13e-13  1.00e+06     1s
   1  -5.85742647e+08  5.07976560e+08  1.69e+04 1.44e+02  2.23e+05     1s
   2  -2.82434128e+08  2.81995027e+08  2.13e+02 8.69e-01  3.96e+03     1s
   3  -6.55833250e+07  6.61786500e+07  1.76e+00 1.52e-12  2.85e+02     1s
   4  -1.25708099e+07  1.31966950e+07  1.53e-01 5.98e-12  5.32e+01     1s
   5  -2.28690441e+06  2.53083876e+06  1.14e-02 1.21e-12  9.74e+00     1s
   6  -3.34328340e+05  3.84147093e+05  1.14e-08 1.20e-12  1.45e+00     2s
   7  -5.04626252e+04  6.35336138e+04  1.44e-13 7.30e-13  2.29e-01     2s
   8  -7.72355953e+03  9.03845867e+03  3.70e-14 2.10e-13  3.37e-02     2s
   9  -1.27967420e+03  1.49940886e+03  2.07e-14 4.04e-14  5.59e-03     2s
  10  -2.16207665e+02  1.69555070e+02  8.13e-15 4.26e-14  7.76e-04     2s
  11  -4.74316370e+01  2.63047895e+01  2.25e-15 1.78e-14  1.48e-04     2s
  12  -7.42186273e+00  3.79438289e+00  9.20e-16 2.84e-14  2.26e-05     2s
  13  -9.72959353e-01  1.23832773e+00  4.06e-16 2.84e-14  4.45e-06     2s
  14   1.06342067e-01  9.34149638e-01  1.52e-16 2.84e-14  1.67e-06     2s
  15   5.54033548e-01  7.59943268e-01  6.70e-17 2.84e-14  4.14e-07     2s
  16   6.11178609e-01  7.40895893e-01  3.17e-17 2.84e-14  2.61e-07     3s
  17   6.78305590e-01  7.16670204e-01  2.41e-17 2.84e-14  7.72e-08     3s
  18   6.93726014e-01  7.11202122e-01  1.53e-17 2.84e-14  3.52e-08     3s
  19   7.05471910e-01  7.07118526e-01  2.73e-17 2.84e-14  3.31e-09     3s
  20   7.06576679e-01  7.06735033e-01  1.25e-17 2.22e-14  3.19e-10     3s
  21   7.06691861e-01  7.06695194e-01  2.35e-17 2.84e-14  6.71e-12     3s
  22   7.06694330e-01  7.06694340e-01  9.68e-17 2.84e-14  2.01e-14     3s
  23   7.06694336e-01  7.06694338e-01  2.41e-15 2.84e-14  3.61e-15     3s
  24   7.06694337e-01  7.06694337e-01  4.06e-15 2.84e-14  9.95e-16     3s
  25   7.06694337e-01  7.06694337e-01  1.43e-15 2.84e-14  2.46e-16     3s
  26   7.06694337e-01  7.06694337e-01  7.85e-16 1.51e-14  1.08e-16     3s
  27   7.06694337e-01  7.06694337e-01  6.01e-16 2.84e-14  9.30e-17     3s

Barrier solved model in 27 iterations and 3.39 seconds (3.15 work units)
Optimal objective 7.06694337e-01

objective value: 0.7066943372597894
Done! Time elapsed: 25.540870666503906 seconds.
g_0_1: 1.0000003267672026
g_1_1: 1.0000001873971494
g_1_2: 1.0000005282938629
g_2_1: 1.0000003242262339
g_2_2: 1.0000009140308483
g_2_3: 1.000000324226234
g_2_4: 1.0000009140308175
Parameters from last iteration: [0.17400006 0.70700013 0.17400009 0.70700023 0.17400016 0.70700023
 0.17400016]

Parameters from current iteration:
                [0.17400006 0.70700013 0.17400009 0.70700023 0.17400016 0.70700023
 0.17400016]


                Percentage Error = 4.785439697620648e-16
                
year done: 65
Time 66: 2
Optimization Iteration[1/20000]

Solving the optimization problem...
Set parameter TokenServer to value "licenses.rcc.uchicago.edu"
Read LP format model from file /scratch/local/jobs/50183986/tmpkyb_2e1j.pyomo.lp
Reading time = 1.34 seconds
x1: 258121 rows, 502401 columns, 1259970 nonzeros
Set parameter Threads to value 8
Set parameter BarConvTol to value 1e-12
Gurobi Optimizer version 11.0.0 build v11.0.0rc2 (linux64 - "CentOS Linux 8")

CPU model: Intel(R) Xeon(R) Gold 6248R CPU @ 3.00GHz, instruction set [SSE2|AVX|AVX2|AVX512]
Thread count: 48 physical cores, 48 logical processors, using up to 8 threads

Optimize a model with 258121 rows, 502401 columns and 1259970 nonzeros
Model fingerprint: 0xafae8b28
Model has 3166 quadratic objective terms
Coefficient statistics:
  Matrix range     [1e+00, 1e+03]
  Objective range  [1e-06, 1e+02]
  QObjective range [3e-01, 3e+03]
  Bounds range     [3e-04, 1e+00]
  RHS range        [2e-17, 6e+00]
Presolve removed 131481 rows and 128813 columns
Presolve time: 0.55s
Presolved: 126640 rows, 373588 columns, 743932 nonzeros
Presolved model has 3166 quadratic objective terms
Ordering time: 0.15s

Barrier statistics:
 AA' NZ     : 3.709e+05
 Factor NZ  : 3.905e+06 (roughly 230 MB of memory)
 Factor Ops : 2.623e+08 (less than 1 second per iteration)
 Threads    : 8

                  Objective                Residual
Iter       Primal          Dual         Primal    Dual     Compl     Time
   0  -1.22466045e+09  8.63517426e+08  7.80e+04 1.13e-13  1.00e+06     1s
   1  -5.85742647e+08  5.07976560e+08  1.69e+04 1.44e+02  2.23e+05     1s
   2  -2.82434128e+08  2.81995027e+08  2.13e+02 8.69e-01  3.96e+03     1s
   3  -6.55833250e+07  6.61786500e+07  1.76e+00 1.34e-12  2.85e+02     1s
   4  -1.25708099e+07  1.31966950e+07  1.53e-01 3.70e-12  5.32e+01     1s
   5  -2.28690444e+06  2.53083873e+06  1.14e-02 1.25e-12  9.74e+00     1s
   6  -3.34328367e+05  3.84147066e+05  1.14e-08 9.57e-13  1.45e+00     2s
   7  -5.04626521e+04  6.35335869e+04  1.76e-13 6.78e-13  2.29e-01     2s
   8  -7.72358648e+03  9.03843172e+03  3.59e-14 2.11e-13  3.37e-02     2s
   9  -1.27970115e+03  1.49938191e+03  1.84e-14 4.26e-14  5.59e-03     2s
  10  -2.16234616e+02  1.69528119e+02  8.69e-15 2.84e-14  7.76e-04     2s
  11  -4.74585879e+01  2.62778385e+01  1.80e-15 2.84e-14  1.48e-04     2s
  12  -7.44881368e+00  3.76743194e+00  1.05e-15 2.84e-14  2.26e-05     2s
  13  -9.99910299e-01  1.21137678e+00  3.28e-16 2.84e-14  4.45e-06     2s
  14   7.93911217e-02  9.07198692e-01  1.43e-16 2.84e-14  1.67e-06     2s
  15   5.27082603e-01  7.32992323e-01  3.71e-17 2.84e-14  4.14e-07     2s
  16   5.84227663e-01  7.13944947e-01  3.21e-17 2.84e-14  2.61e-07     3s
  17   6.51354644e-01  6.89719258e-01  2.73e-17 2.84e-14  7.72e-08     3s
  18   6.66775068e-01  6.84251176e-01  9.97e-18 2.84e-14  3.52e-08     3s
  19   6.78520964e-01  6.80167580e-01  2.99e-17 2.84e-14  3.31e-09     3s
  20   6.79625734e-01  6.79784087e-01  1.27e-17 1.64e-14  3.19e-10     3s
  21   6.79740916e-01  6.79744249e-01  2.08e-17 2.84e-14  6.71e-12     3s
  22   6.79743385e-01  6.79743395e-01  1.33e-16 2.84e-14  2.01e-14     3s
  23   6.79743391e-01  6.79743392e-01  2.46e-15 2.58e-14  3.59e-15     3s
  24   6.79743392e-01  6.79743392e-01  3.82e-15 2.84e-14  9.90e-16     3s
  25   6.79743392e-01  6.79743392e-01  1.48e-15 2.84e-14  2.45e-16     3s
  26   6.79743392e-01  6.79743392e-01  9.34e-16 1.42e-14  1.08e-16     3s
  27   6.79743392e-01  6.79743392e-01  7.24e-16 1.42e-14  9.24e-17     3s

Barrier solved model in 27 iterations and 3.39 seconds (3.15 work units)
Optimal objective 6.79743392e-01

objective value: 0.6797433919011938
Done! Time elapsed: 23.887683868408203 seconds.
g_0_1: 1.0000003267672026
g_1_1: 1.0000001873971494
g_1_2: 1.0000005282938627
g_2_1: 1.0000003242262336
g_2_2: 1.0000009140308481
g_2_3: 1.000000324226234
g_2_4: 1.0000009140308175
Parameters from last iteration: [0.17400006 0.70700013 0.17400009 0.70700023 0.17400016 0.70700023
 0.17400016]

Parameters from current iteration:
                [0.17400006 0.70700013 0.17400009 0.70700023 0.17400016 0.70700023
 0.17400016]


                Percentage Error = 1.5951471811802525e-16
                
year done: 66
Time 67: 2
Optimization Iteration[1/20000]

Solving the optimization problem...
Set parameter TokenServer to value "licenses.rcc.uchicago.edu"
Read LP format model from file /scratch/local/jobs/50183986/tmp78lsebpg.pyomo.lp
Reading time = 1.35 seconds
x1: 258121 rows, 502401 columns, 1259970 nonzeros
Set parameter Threads to value 8
Set parameter BarConvTol to value 1e-12
Gurobi Optimizer version 11.0.0 build v11.0.0rc2 (linux64 - "CentOS Linux 8")

CPU model: Intel(R) Xeon(R) Gold 6248R CPU @ 3.00GHz, instruction set [SSE2|AVX|AVX2|AVX512]
Thread count: 48 physical cores, 48 logical processors, using up to 8 threads

Optimize a model with 258121 rows, 502401 columns and 1259970 nonzeros
Model fingerprint: 0xfb20cdde
Model has 3166 quadratic objective terms
Coefficient statistics:
  Matrix range     [1e+00, 1e+03]
  Objective range  [1e-06, 1e+02]
  QObjective range [3e-01, 3e+03]
  Bounds range     [3e-04, 1e+00]
  RHS range        [2e-17, 6e+00]
Presolve removed 131481 rows and 128813 columns
Presolve time: 0.55s
Presolved: 126640 rows, 373588 columns, 743932 nonzeros
Presolved model has 3166 quadratic objective terms
Ordering time: 0.16s

Barrier statistics:
 AA' NZ     : 3.709e+05
 Factor NZ  : 3.905e+06 (roughly 230 MB of memory)
 Factor Ops : 2.623e+08 (less than 1 second per iteration)
 Threads    : 8

                  Objective                Residual
Iter       Primal          Dual         Primal    Dual     Compl     Time
   0  -1.22466045e+09  8.63517426e+08  7.80e+04 1.13e-13  1.00e+06     1s
   1  -5.85742647e+08  5.07976560e+08  1.69e+04 1.44e+02  2.23e+05     1s
   2  -2.82434128e+08  2.81995027e+08  2.13e+02 8.69e-01  3.96e+03     1s
   3  -6.55833250e+07  6.61786500e+07  1.76e+00 1.55e-12  2.85e+02     1s
   4  -1.25708100e+07  1.31966950e+07  1.53e-01 4.25e-12  5.32e+01     1s
   5  -2.28690447e+06  2.53083871e+06  1.14e-02 1.23e-12  9.74e+00     1s
   6  -3.34328393e+05  3.84147041e+05  1.14e-08 1.20e-12  1.45e+00     2s
   7  -5.04626779e+04  6.35335611e+04  1.90e-13 6.77e-13  2.29e-01     2s
   8  -7.72361222e+03  9.03840598e+03  3.79e-14 1.73e-13  3.37e-02     2s
   9  -1.27972689e+03  1.49935617e+03  1.99e-14 4.26e-14  5.59e-03     2s
  10  -2.16260354e+02  1.69502381e+02  7.22e-15 2.84e-14  7.76e-04     2s
  11  -4.74843259e+01  2.62521006e+01  2.19e-15 2.84e-14  1.48e-04     2s
  12  -7.47455163e+00  3.74169399e+00  1.05e-15 2.84e-14  2.26e-05     2s
  13  -1.02564825e+00  1.18563883e+00  3.52e-16 2.84e-14  4.45e-06     2s
  14   5.36531687e-02  8.81460739e-01  1.83e-16 2.84e-14  1.67e-06     2s
  15   5.01344650e-01  7.07254370e-01  4.03e-17 2.04e-14  4.14e-07     2s
  16   5.58489710e-01  6.88206994e-01  2.56e-17 2.84e-14  2.61e-07     3s
  17   6.25616691e-01  6.63981305e-01  1.88e-17 2.84e-14  7.72e-08     3s
  18   6.41037115e-01  6.58513223e-01  1.28e-17 2.84e-14  3.52e-08     3s
  19   6.52783011e-01  6.54429627e-01  2.39e-17 2.84e-14  3.31e-09     3s
  20   6.53887781e-01  6.54046134e-01  1.21e-17 2.84e-14  3.19e-10     3s
  21   6.54002963e-01  6.54006296e-01  1.63e-17 2.84e-14  6.71e-12     3s
  22   6.54005432e-01  6.54005442e-01  1.05e-16 2.84e-14  2.01e-14     3s
  23   6.54005438e-01  6.54005439e-01  2.20e-15 2.84e-14  3.57e-15     3s
  24   6.54005439e-01  6.54005439e-01  4.42e-15 2.84e-14  9.86e-16     3s
  25   6.54005439e-01  6.54005439e-01  1.06e-15 2.84e-14  2.44e-16     3s
  26   6.54005439e-01  6.54005439e-01  5.96e-16 2.84e-14  1.07e-16     3s
  27   6.54005439e-01  6.54005439e-01  4.97e-16 2.84e-14  9.18e-17     3s

Barrier solved model in 27 iterations and 3.40 seconds (3.15 work units)
Optimal objective 6.54005439e-01

objective value: 0.6540054388980479
Done! Time elapsed: 23.88204073905945 seconds.
g_0_1: 1.0000003267672026
g_1_1: 1.0000001873971494
g_1_2: 1.0000005282938627
g_2_1: 1.0000003242262339
g_2_2: 1.000000914030848
g_2_3: 1.000000324226234
g_2_4: 1.0000009140308173
Parameters from last iteration: [0.17400006 0.70700013 0.17400009 0.70700023 0.17400016 0.70700023
 0.17400016]

Parameters from current iteration:
                [0.17400006 0.70700013 0.17400009 0.70700023 0.17400016 0.70700023
 0.17400016]


                Percentage Error = 3.1902931317471984e-16
                
year done: 67
Time 68: 2
Optimization Iteration[1/20000]

Solving the optimization problem...
Set parameter TokenServer to value "licenses.rcc.uchicago.edu"
Read LP format model from file /scratch/local/jobs/50183986/tmpsj4d7qyi.pyomo.lp
Reading time = 1.33 seconds
x1: 258121 rows, 502401 columns, 1259970 nonzeros
Set parameter Threads to value 8
Set parameter BarConvTol to value 1e-12
Gurobi Optimizer version 11.0.0 build v11.0.0rc2 (linux64 - "CentOS Linux 8")

CPU model: Intel(R) Xeon(R) Gold 6248R CPU @ 3.00GHz, instruction set [SSE2|AVX|AVX2|AVX512]
Thread count: 48 physical cores, 48 logical processors, using up to 8 threads

Optimize a model with 258121 rows, 502401 columns and 1259970 nonzeros
Model fingerprint: 0x8845ee16
Model has 3166 quadratic objective terms
Coefficient statistics:
  Matrix range     [1e+00, 1e+03]
  Objective range  [1e-06, 1e+02]
  QObjective range [3e-01, 3e+03]
  Bounds range     [3e-04, 1e+00]
  RHS range        [2e-17, 6e+00]
Presolve removed 131481 rows and 128813 columns
Presolve time: 0.54s
Presolved: 126640 rows, 373588 columns, 743932 nonzeros
Presolved model has 3166 quadratic objective terms
Ordering time: 0.15s

Barrier statistics:
 AA' NZ     : 3.709e+05
 Factor NZ  : 3.905e+06 (roughly 230 MB of memory)
 Factor Ops : 2.623e+08 (less than 1 second per iteration)
 Threads    : 8

                  Objective                Residual
Iter       Primal          Dual         Primal    Dual     Compl     Time
   0  -1.22466045e+09  8.63517426e+08  7.80e+04 1.14e-13  1.00e+06     1s
   1  -5.85742647e+08  5.07976560e+08  1.69e+04 1.44e+02  2.23e+05     1s
   2  -2.82434128e+08  2.81995027e+08  2.13e+02 8.69e-01  3.96e+03     1s
   3  -6.55833250e+07  6.61786499e+07  1.76e+00 1.37e-12  2.85e+02     1s
   4  -1.25708100e+07  1.31966949e+07  1.53e-01 5.49e-12  5.32e+01     1s
   5  -2.28690449e+06  2.53083868e+06  1.14e-02 1.24e-12  9.74e+00     1s
   6  -3.34328417e+05  3.84147016e+05  1.14e-08 9.34e-13  1.45e+00     2s
   7  -5.04627025e+04  6.35335366e+04  1.05e-13 6.29e-13  2.29e-01     2s
   8  -7.72363680e+03  9.03838140e+03  3.88e-14 1.64e-13  3.37e-02     2s
   9  -1.27975146e+03  1.49933159e+03  1.95e-14 4.26e-14  5.59e-03     2s
  10  -2.16284934e+02  1.69477801e+02  8.23e-15 5.68e-14  7.76e-04     2s
  11  -4.75089054e+01  2.62275210e+01  1.66e-15 2.84e-14  1.48e-04     2s
  12  -7.49913119e+00  3.71711443e+00  1.05e-15 2.84e-14  2.26e-05     2s
  13  -1.05022781e+00  1.16105927e+00  3.28e-16 2.84e-14  4.45e-06     2s
  14   2.90736144e-02  8.56881185e-01  1.51e-16 2.84e-14  1.67e-06     2s
  15   4.76765095e-01  6.82674815e-01  6.77e-17 2.84e-14  4.14e-07     2s
  16   5.33910156e-01  6.63627440e-01  2.41e-17 2.84e-14  2.61e-07     3s
  17   6.01037137e-01  6.39401751e-01  2.16e-17 2.84e-14  7.72e-08     3s
  18   6.16457561e-01  6.33933669e-01  2.18e-17 2.84e-14  3.52e-08     3s
  19   6.28203457e-01  6.29850073e-01  2.23e-17 2.84e-14  3.31e-09     3s
  20   6.29308226e-01  6.29466580e-01  1.41e-17 4.26e-14  3.19e-10     3s
  21   6.29423408e-01  6.29426741e-01  2.30e-17 2.84e-14  6.71e-12     3s
  22   6.29425877e-01  6.29425887e-01  1.48e-16 2.84e-14  2.01e-14     3s
  23   6.29425883e-01  6.29425885e-01  2.65e-15 2.84e-14  3.55e-15     3s
  24   6.29425884e-01  6.29425885e-01  5.17e-15 2.84e-14  9.81e-16     3s
  25   6.29425885e-01  6.29425885e-01  1.11e-15 2.84e-14  2.42e-16     3s
  26   6.29425885e-01  6.29425885e-01  7.53e-16 2.84e-14  1.06e-16     3s
  27   6.29425885e-01  6.29425885e-01  6.64e-16 2.13e-14  9.12e-17     3s

Barrier solved model in 27 iterations and 3.37 seconds (3.15 work units)
Optimal objective 6.29425885e-01

objective value: 0.6294258846012064
Done! Time elapsed: 23.753345012664795 seconds.
g_0_1: 1.0000003267672026
g_1_1: 1.0000001873971496
g_1_2: 1.0000005282938629
g_2_1: 1.0000003242262336
g_2_2: 1.000000914030848
g_2_3: 1.000000324226234
g_2_4: 1.0000009140308175
Parameters from last iteration: [0.17400006 0.70700013 0.17400009 0.70700023 0.17400016 0.70700023
 0.17400016]

Parameters from current iteration:
                [0.17400006 0.70700013 0.17400009 0.70700023 0.17400016 0.70700023
 0.17400016]


                Percentage Error = 3.1902931317471994e-16
                
year done: 68
Time 69: 2
Optimization Iteration[1/20000]

Solving the optimization problem...
Set parameter TokenServer to value "licenses.rcc.uchicago.edu"
Read LP format model from file /scratch/local/jobs/50183986/tmpo2me7yw6.pyomo.lp
Reading time = 1.32 seconds
x1: 258121 rows, 502401 columns, 1259970 nonzeros
Set parameter Threads to value 8
Set parameter BarConvTol to value 1e-12
Gurobi Optimizer version 11.0.0 build v11.0.0rc2 (linux64 - "CentOS Linux 8")

CPU model: Intel(R) Xeon(R) Gold 6248R CPU @ 3.00GHz, instruction set [SSE2|AVX|AVX2|AVX512]
Thread count: 48 physical cores, 48 logical processors, using up to 8 threads

Optimize a model with 258121 rows, 502401 columns and 1259970 nonzeros
Model fingerprint: 0x47f7d20d
Model has 3166 quadratic objective terms
Coefficient statistics:
  Matrix range     [1e+00, 1e+03]
  Objective range  [1e-06, 1e+02]
  QObjective range [3e-01, 3e+03]
  Bounds range     [3e-04, 1e+00]
  RHS range        [2e-17, 6e+00]
Presolve removed 131481 rows and 128813 columns
Presolve time: 0.54s
Presolved: 126640 rows, 373588 columns, 743932 nonzeros
Presolved model has 3166 quadratic objective terms
Ordering time: 0.16s

Barrier statistics:
 AA' NZ     : 3.709e+05
 Factor NZ  : 3.905e+06 (roughly 230 MB of memory)
 Factor Ops : 2.623e+08 (less than 1 second per iteration)
 Threads    : 8

                  Objective                Residual
Iter       Primal          Dual         Primal    Dual     Compl     Time
   0  -1.22466045e+09  8.63517426e+08  7.80e+04 1.13e-13  1.00e+06     1s
   1  -5.85742647e+08  5.07976560e+08  1.69e+04 1.44e+02  2.23e+05     1s
   2  -2.82434128e+08  2.81995027e+08  2.13e+02 8.69e-01  3.96e+03     1s
   3  -6.55833251e+07  6.61786499e+07  1.76e+00 1.45e-12  2.85e+02     1s
   4  -1.25708100e+07  1.31966949e+07  1.53e-01 3.63e-12  5.32e+01     1s
   5  -2.28690451e+06  2.53083866e+06  1.14e-02 1.27e-12  9.74e+00     1s
   6  -3.34328441e+05  3.84146993e+05  1.14e-08 8.67e-13  1.45e+00     2s
   7  -5.04627259e+04  6.35335131e+04  1.72e-13 7.07e-13  2.29e-01     2s
   8  -7.72366027e+03  9.03835793e+03  3.53e-14 1.75e-13  3.37e-02     2s
   9  -1.27977494e+03  1.49930812e+03  1.52e-14 3.29e-14  5.59e-03     2s
  10  -2.16308407e+02  1.69454328e+02  8.58e-15 2.84e-14  7.76e-04     2s
  11  -4.75323787e+01  2.62040477e+01  1.64e-15 2.84e-14  1.48e-04     2s
  12  -7.52260448e+00  3.69364114e+00  8.92e-16 2.84e-14  2.26e-05     2s
  13  -1.07370110e+00  1.13758598e+00  2.89e-16 2.84e-14  4.45e-06     2s
  14   5.60032227e-03  8.33407893e-01  1.75e-16 4.26e-14  1.67e-06     2s
  15   4.53291803e-01  6.59201523e-01  4.10e-17 2.84e-14  4.14e-07     2s
  16   5.10436864e-01  6.40154148e-01  2.87e-17 2.84e-14  2.61e-07     3s
  17   5.77563845e-01  6.15928459e-01  1.77e-17 2.84e-14  7.72e-08     3s
  18   5.92984269e-01  6.10460377e-01  1.08e-17 2.84e-14  3.52e-08     3s
  19   6.04730165e-01  6.06376781e-01  2.80e-17 2.84e-14  3.31e-09     3s
  20   6.05834934e-01  6.05993288e-01  1.06e-17 2.84e-14  3.19e-10     3s
  21   6.05950116e-01  6.05953449e-01  1.72e-17 2.84e-14  6.71e-12     3s
  22   6.05952585e-01  6.05952595e-01  1.20e-16 2.84e-14  2.01e-14     3s
  23   6.05952591e-01  6.05952593e-01  2.29e-15 2.84e-14  3.53e-15     3s
  24   6.05952592e-01  6.05952593e-01  4.03e-15 2.84e-14  9.76e-16     3s
  25   6.05952592e-01  6.05952593e-01  9.95e-16 2.84e-14  2.41e-16     3s
  26   6.05952592e-01  6.05952593e-01  7.25e-16 2.84e-14  1.05e-16     3s
  27   6.05952592e-01  6.05952593e-01  4.79e-16 2.84e-14  9.06e-17     3s

Barrier solved model in 27 iterations and 3.37 seconds (3.15 work units)
Optimal objective 6.05952592e-01

objective value: 0.6059525924805519
Done! Time elapsed: 23.898659706115723 seconds.
g_0_1: 1.0000003267672026
g_1_1: 1.0000001873971494
g_1_2: 1.0000005282938627
g_2_1: 1.0000003242262336
g_2_2: 1.0000009140308475
g_2_3: 1.000000324226234
g_2_4: 1.0000009140308175
Parameters from last iteration: [0.17400006 0.70700013 0.17400009 0.70700023 0.17400016 0.70700023
 0.17400016]

Parameters from current iteration:
                [0.17400006 0.70700013 0.17400009 0.70700023 0.17400016 0.70700023
 0.17400016]


                Percentage Error = 4.785439697620651e-16
                
year done: 69
Time 70: 2
Optimization Iteration[1/20000]

Solving the optimization problem...
Set parameter TokenServer to value "licenses.rcc.uchicago.edu"
Read LP format model from file /scratch/local/jobs/50183986/tmpii_ke7vf.pyomo.lp
Reading time = 1.32 seconds
x1: 258121 rows, 502401 columns, 1259970 nonzeros
Set parameter Threads to value 8
Set parameter BarConvTol to value 1e-12
Gurobi Optimizer version 11.0.0 build v11.0.0rc2 (linux64 - "CentOS Linux 8")

CPU model: Intel(R) Xeon(R) Gold 6248R CPU @ 3.00GHz, instruction set [SSE2|AVX|AVX2|AVX512]
Thread count: 48 physical cores, 48 logical processors, using up to 8 threads

Optimize a model with 258121 rows, 502401 columns and 1259970 nonzeros
Model fingerprint: 0x7a7de945
Model has 3166 quadratic objective terms
Coefficient statistics:
  Matrix range     [1e+00, 1e+03]
  Objective range  [1e-06, 1e+02]
  QObjective range [3e-01, 3e+03]
  Bounds range     [3e-04, 1e+00]
  RHS range        [2e-17, 6e+00]
Presolve removed 131481 rows and 128813 columns
Presolve time: 0.55s
Presolved: 126640 rows, 373588 columns, 743932 nonzeros
Presolved model has 3166 quadratic objective terms
Ordering time: 0.15s

Barrier statistics:
 AA' NZ     : 3.709e+05
 Factor NZ  : 3.905e+06 (roughly 230 MB of memory)
 Factor Ops : 2.623e+08 (less than 1 second per iteration)
 Threads    : 8

                  Objective                Residual
Iter       Primal          Dual         Primal    Dual     Compl     Time
   0  -1.22466045e+09  8.63517426e+08  7.80e+04 1.13e-13  1.00e+06     1s
   1  -5.85742647e+08  5.07976560e+08  1.69e+04 1.44e+02  2.23e+05     1s
   2  -2.82434128e+08  2.81995027e+08  2.13e+02 8.69e-01  3.96e+03     1s
   3  -6.55833251e+07  6.61786499e+07  1.76e+00 1.66e-12  2.85e+02     1s
   4  -1.25708100e+07  1.31966949e+07  1.53e-01 3.02e-12  5.32e+01     1s
   5  -2.28690454e+06  2.53083864e+06  1.14e-02 1.20e-12  9.74e+00     1s
   6  -3.34328463e+05  3.84146970e+05  1.14e-08 8.67e-13  1.45e+00     2s
   7  -5.04627483e+04  6.35334907e+04  1.59e-13 6.75e-13  2.29e-01     2s
   8  -7.72368269e+03  9.03833551e+03  3.81e-14 1.92e-13  3.37e-02     2s
   9  -1.27979736e+03  1.49928570e+03  1.71e-14 4.26e-14  5.59e-03     2s
  10  -2.16330824e+02  1.69431911e+02  7.09e-15 3.46e-14  7.76e-04     2s
  11  -4.75547955e+01  2.61816309e+01  2.51e-15 4.26e-14  1.48e-04     2s
  12  -7.54502130e+00  3.67122432e+00  1.15e-15 2.13e-14  2.26e-05     2s
  13  -1.09611792e+00  1.11516916e+00  3.24e-16 2.84e-14  4.45e-06     2s
  14  -1.68164977e-02  8.10991073e-01  1.36e-16 2.84e-14  1.67e-06     2s
  15   4.30874983e-01  6.36784703e-01  3.60e-17 2.84e-14  4.14e-07     2s
  16   4.88020044e-01  6.17737328e-01  2.94e-17 2.84e-14  2.61e-07     3s
  17   5.55147025e-01  5.93511639e-01  1.93e-17 1.42e-14  7.72e-08     3s
  18   5.70567449e-01  5.88043557e-01  1.27e-17 4.26e-14  3.52e-08     3s
  19   5.82313345e-01  5.83959961e-01  2.45e-17 1.47e-14  3.31e-09     3s
  20   5.83418114e-01  5.83576468e-01  1.24e-17 2.84e-14  3.19e-10     3s
  21   5.83533296e-01  5.83536629e-01  2.56e-17 2.84e-14  6.71e-12     3s
  22   5.83535765e-01  5.83535775e-01  1.14e-16 4.26e-14  2.01e-14     3s
  23   5.83535771e-01  5.83535773e-01  2.24e-15 2.84e-14  3.51e-15     3s
  24   5.83535772e-01  5.83535773e-01  3.21e-15 1.95e-14  9.72e-16     3s
  25   5.83535772e-01  5.83535773e-01  1.16e-15 2.13e-14  2.40e-16     3s
  26   5.83535773e-01  5.83535773e-01  7.22e-16 2.84e-14  1.05e-16     3s
  27   5.83535773e-01  5.83535773e-01  6.82e-16 2.84e-14  9.01e-17     3s

Barrier solved model in 27 iterations and 3.36 seconds (3.15 work units)
Optimal objective 5.83535773e-01

objective value: 0.5835357725363239
Done! Time elapsed: 25.258792877197266 seconds.
g_0_1: 1.0000003267672026
g_1_1: 1.0000001873971494
g_1_2: 1.0000005282938627
g_2_1: 1.0000003242262339
g_2_2: 1.0000009140308475
g_2_3: 1.0000003242262343
g_2_4: 1.0000009140308175
Parameters from last iteration: [0.17400006 0.70700013 0.17400009 0.70700023 0.17400016 0.70700023
 0.17400016]

Parameters from current iteration:
                [0.17400006 0.70700013 0.17400009 0.70700023 0.17400016 0.70700023
 0.17400016]


                Percentage Error = 1.5703290872161861e-16
                
year done: 70
Time 71: 2
Optimization Iteration[1/20000]

Solving the optimization problem...
Set parameter TokenServer to value "licenses.rcc.uchicago.edu"
Read LP format model from file /scratch/local/jobs/50183986/tmpeq9a7v8j.pyomo.lp
Reading time = 1.32 seconds
x1: 258121 rows, 502401 columns, 1259970 nonzeros
Set parameter Threads to value 8
Set parameter BarConvTol to value 1e-12
Gurobi Optimizer version 11.0.0 build v11.0.0rc2 (linux64 - "CentOS Linux 8")

CPU model: Intel(R) Xeon(R) Gold 6248R CPU @ 3.00GHz, instruction set [SSE2|AVX|AVX2|AVX512]
Thread count: 48 physical cores, 48 logical processors, using up to 8 threads

Optimize a model with 258121 rows, 502401 columns and 1259970 nonzeros
Model fingerprint: 0x28120fa4
Model has 3166 quadratic objective terms
Coefficient statistics:
  Matrix range     [1e+00, 1e+03]
  Objective range  [1e-06, 1e+02]
  QObjective range [3e-01, 3e+03]
  Bounds range     [3e-04, 1e+00]
  RHS range        [2e-17, 6e+00]
Presolve removed 131481 rows and 128813 columns
Presolve time: 0.54s
Presolved: 126640 rows, 373588 columns, 743932 nonzeros
Presolved model has 3166 quadratic objective terms
Ordering time: 0.15s

Barrier statistics:
 AA' NZ     : 3.709e+05
 Factor NZ  : 3.905e+06 (roughly 230 MB of memory)
 Factor Ops : 2.623e+08 (less than 1 second per iteration)
 Threads    : 8

                  Objective                Residual
Iter       Primal          Dual         Primal    Dual     Compl     Time
   0  -1.22466045e+09  8.63517426e+08  7.80e+04 1.13e-13  1.00e+06     1s
   1  -5.85742647e+08  5.07976560e+08  1.69e+04 1.44e+02  2.23e+05     1s
   2  -2.82434129e+08  2.81995027e+08  2.13e+02 8.69e-01  3.96e+03     1s
   3  -6.55833251e+07  6.61786499e+07  1.76e+00 1.29e-12  2.85e+02     1s
   4  -1.25708100e+07  1.31966949e+07  1.53e-01 5.05e-12  5.32e+01     1s
   5  -2.28690456e+06  2.53083861e+06  1.14e-02 1.44e-12  9.74e+00     1s
   6  -3.34328485e+05  3.84146949e+05  1.14e-08 7.92e-13  1.45e+00     2s
   7  -5.04627698e+04  6.35334693e+04  1.37e-13 6.68e-13  2.29e-01     2s
   8  -7.72370410e+03  9.03831410e+03  3.61e-14 1.75e-13  3.37e-02     2s
   9  -1.27981876e+03  1.49926429e+03  2.17e-14 4.26e-14  5.59e-03     2s
  10  -2.16352232e+02  1.69410503e+02  7.64e-15 2.84e-14  7.76e-04     2s
  11  -4.75762034e+01  2.61602230e+01  2.41e-15 4.26e-14  1.48e-04     2s
  12  -7.56642919e+00  3.64981643e+00  9.69e-16 4.26e-14  2.26e-05     2s
  13  -1.11752582e+00  1.09376127e+00  3.27e-16 2.84e-14  4.45e-06     2s
  14  -3.82243945e-02  7.89583176e-01  1.86e-16 2.84e-14  1.67e-06     2s
  15   4.09467086e-01  6.15376807e-01  6.05e-17 4.26e-14  4.14e-07     2s
  16   4.66612147e-01  5.96329431e-01  2.40e-17 2.84e-14  2.61e-07     3s
  17   5.33739128e-01  5.72103742e-01  1.93e-17 2.84e-14  7.72e-08     3s
  18   5.49159552e-01  5.66635660e-01  9.51e-18 2.84e-14  3.52e-08     3s
  19   5.60905448e-01  5.62552064e-01  2.56e-17 5.68e-14  3.31e-09     3s
  20   5.62010218e-01  5.62168571e-01  2.30e-17 2.13e-14  3.19e-10     3s
  21   5.62125399e-01  5.62128732e-01  1.55e-17 2.84e-14  6.71e-12     3s
  22   5.62127868e-01  5.62127878e-01  1.22e-16 2.84e-14  2.01e-14     3s
  23   5.62127874e-01  5.62127876e-01  1.88e-15 2.84e-14  3.49e-15     3s
  24   5.62127875e-01  5.62127876e-01  3.96e-15 2.84e-14  9.67e-16     3s
  25   5.62127876e-01  5.62127876e-01  1.12e-15 2.13e-14  2.39e-16     3s
  26   5.62127876e-01  5.62127876e-01  6.99e-16 2.84e-14  1.04e-16     3s
  27   5.62127876e-01  5.62127876e-01  5.22e-16 2.13e-14  8.95e-17     3s

Barrier solved model in 27 iterations and 3.38 seconds (3.15 work units)
Optimal objective 5.62127876e-01

objective value: 0.562127875687898
Done! Time elapsed: 23.675987005233765 seconds.
g_0_1: 1.0000003267672024
g_1_1: 1.0000001873971496
g_1_2: 1.0000005282938627
g_2_1: 1.0000003242262339
g_2_2: 1.0000009140308472
g_2_3: 1.000000324226234
g_2_4: 1.0000009140308173
Parameters from last iteration: [0.17400006 0.70700013 0.17400009 0.70700023 0.17400016 0.70700023
 0.17400016]

Parameters from current iteration:
                [0.17400006 0.70700013 0.17400009 0.70700023 0.17400016 0.70700023
 0.17400016]


                Percentage Error = 3.190295005289663e-16
                
year done: 71
Time 72: 2
Optimization Iteration[1/20000]

Solving the optimization problem...
Set parameter TokenServer to value "licenses.rcc.uchicago.edu"
Read LP format model from file /scratch/local/jobs/50183986/tmp0de49vry.pyomo.lp
Reading time = 1.34 seconds
x1: 258121 rows, 502401 columns, 1259970 nonzeros
Set parameter Threads to value 8
Set parameter BarConvTol to value 1e-12
Gurobi Optimizer version 11.0.0 build v11.0.0rc2 (linux64 - "CentOS Linux 8")

CPU model: Intel(R) Xeon(R) Gold 6248R CPU @ 3.00GHz, instruction set [SSE2|AVX|AVX2|AVX512]
Thread count: 48 physical cores, 48 logical processors, using up to 8 threads

Optimize a model with 258121 rows, 502401 columns and 1259970 nonzeros
Model fingerprint: 0x3116ce7f
Model has 3166 quadratic objective terms
Coefficient statistics:
  Matrix range     [1e+00, 1e+03]
  Objective range  [1e-06, 1e+02]
  QObjective range [3e-01, 3e+03]
  Bounds range     [3e-04, 1e+00]
  RHS range        [2e-17, 6e+00]
Presolve removed 131481 rows and 128813 columns
Presolve time: 0.55s
Presolved: 126640 rows, 373588 columns, 743932 nonzeros
Presolved model has 3166 quadratic objective terms
Ordering time: 0.16s

Barrier statistics:
 AA' NZ     : 3.709e+05
 Factor NZ  : 3.905e+06 (roughly 230 MB of memory)
 Factor Ops : 2.623e+08 (less than 1 second per iteration)
 Threads    : 8

                  Objective                Residual
Iter       Primal          Dual         Primal    Dual     Compl     Time
   0  -1.22466045e+09  8.63517426e+08  7.80e+04 1.14e-13  1.00e+06     1s
   1  -5.85742647e+08  5.07976560e+08  1.69e+04 1.44e+02  2.23e+05     1s
   2  -2.82434129e+08  2.81995027e+08  2.13e+02 8.69e-01  3.96e+03     1s
   3  -6.55833251e+07  6.61786498e+07  1.76e+00 1.64e-12  2.85e+02     1s
   4  -1.25708101e+07  1.31966949e+07  1.53e-01 4.35e-12  5.32e+01     1s
   5  -2.28690458e+06  2.53083859e+06  1.14e-02 1.21e-12  9.74e+00     1s
   6  -3.34328505e+05  3.84146928e+05  1.14e-08 9.27e-13  1.45e+00     2s
   7  -5.04627902e+04  6.35334488e+04  1.41e-13 6.06e-13  2.29e-01     2s
   8  -7.72372454e+03  9.03829366e+03  3.76e-14 1.89e-13  3.37e-02     2s
   9  -1.27983921e+03  1.49924385e+03  1.90e-14 4.26e-14  5.59e-03     2s
  10  -2.16372676e+02  1.69390059e+02  8.63e-15 2.84e-14  7.76e-04     2s
  11  -4.75966478e+01  2.61397786e+01  2.13e-15 2.84e-14  1.48e-04     2s
  12  -7.58687358e+00  3.62937204e+00  9.81e-16 2.84e-14  2.26e-05     2s
  13  -1.13797020e+00  1.07331688e+00  2.61e-16 2.84e-14  4.45e-06     2s
  14  -5.86687773e-02  7.69138793e-01  1.35e-16 2.84e-14  1.67e-06     2s
  15   3.89022704e-01  5.94932424e-01  3.86e-17 2.84e-14  4.14e-07     2s
  16   4.46167764e-01  5.75885048e-01  2.75e-17 2.84e-14  2.61e-07     3s
  17   5.13294745e-01  5.51659359e-01  1.80e-17 5.68e-14  7.72e-08     3s
  18   5.28715169e-01  5.46191277e-01  1.01e-17 2.84e-14  3.52e-08     3s
  19   5.40461065e-01  5.42107681e-01  2.28e-17 2.84e-14  3.31e-09     3s
  20   5.41565835e-01  5.41724188e-01  1.42e-17 2.84e-14  3.19e-10     3s
  21   5.41681017e-01  5.41684350e-01  1.66e-17 2.84e-14  6.71e-12     3s
  22   5.41683486e-01  5.41683496e-01  1.52e-16 1.51e-14  2.01e-14     3s
  23   5.41683492e-01  5.41683493e-01  1.97e-15 2.84e-14  3.47e-15     3s
  24   5.41683493e-01  5.41683493e-01  3.89e-15 4.26e-14  9.63e-16     3s
  25   5.41683493e-01  5.41683493e-01  1.51e-15 2.84e-14  2.38e-16     3s
  26   5.41683493e-01  5.41683493e-01  7.26e-16 1.42e-14  1.03e-16     3s
  27   5.41683493e-01  5.41683493e-01  5.88e-16 1.42e-14  8.89e-17     3s

Barrier solved model in 27 iterations and 3.37 seconds (3.15 work units)
Optimal objective 5.41683493e-01

objective value: 0.541683492915805
Done! Time elapsed: 23.75000500679016 seconds.
g_0_1: 1.0000003267672024
g_1_1: 1.0000001873971496
g_1_2: 1.0000005282938627
g_2_1: 1.0000003242262339
g_2_2: 1.000000914030847
g_2_3: 1.000000324226234
g_2_4: 1.0000009140308173
Parameters from last iteration: [0.17400006 0.70700013 0.17400009 0.70700023 0.17400016 0.70700023
 0.17400016]

Parameters from current iteration:
                [0.17400006 0.70700013 0.17400009 0.70700023 0.17400016 0.70700023
 0.17400016]


                Percentage Error = 1.5951465658735519e-16
                
year done: 72
Time 73: 2
Optimization Iteration[1/20000]

Solving the optimization problem...
Set parameter TokenServer to value "licenses.rcc.uchicago.edu"
Read LP format model from file /scratch/local/jobs/50183986/tmpam6sfygh.pyomo.lp
Reading time = 1.36 seconds
x1: 258121 rows, 502401 columns, 1259970 nonzeros
Set parameter Threads to value 8
Set parameter BarConvTol to value 1e-12
Gurobi Optimizer version 11.0.0 build v11.0.0rc2 (linux64 - "CentOS Linux 8")

CPU model: Intel(R) Xeon(R) Gold 6248R CPU @ 3.00GHz, instruction set [SSE2|AVX|AVX2|AVX512]
Thread count: 48 physical cores, 48 logical processors, using up to 8 threads

Optimize a model with 258121 rows, 502401 columns and 1259970 nonzeros
Model fingerprint: 0x7e25ba6c
Model has 3166 quadratic objective terms
Coefficient statistics:
  Matrix range     [1e+00, 1e+03]
  Objective range  [1e-06, 1e+02]
  QObjective range [3e-01, 3e+03]
  Bounds range     [3e-04, 1e+00]
  RHS range        [2e-17, 6e+00]
Presolve removed 131481 rows and 128813 columns
Presolve time: 0.55s
Presolved: 126640 rows, 373588 columns, 743932 nonzeros
Presolved model has 3166 quadratic objective terms
Ordering time: 0.16s

Barrier statistics:
 AA' NZ     : 3.709e+05
 Factor NZ  : 3.905e+06 (roughly 230 MB of memory)
 Factor Ops : 2.623e+08 (less than 1 second per iteration)
 Threads    : 8

                  Objective                Residual
Iter       Primal          Dual         Primal    Dual     Compl     Time
   0  -1.22466045e+09  8.63517426e+08  7.80e+04 1.14e-13  1.00e+06     1s
   1  -5.85742647e+08  5.07976560e+08  1.69e+04 1.44e+02  2.23e+05     1s
   2  -2.82434129e+08  2.81995027e+08  2.13e+02 8.69e-01  3.96e+03     1s
   3  -6.55833251e+07  6.61786498e+07  1.76e+00 1.70e-12  2.85e+02     1s
   4  -1.25708101e+07  1.31966948e+07  1.53e-01 4.38e-12  5.32e+01     1s
   5  -2.28690460e+06  2.53083857e+06  1.14e-02 1.42e-12  9.74e+00     1s
   6  -3.34328525e+05  3.84146909e+05  1.14e-08 1.02e-12  1.45e+00     2s
   7  -5.04628097e+04  6.35334293e+04  1.30e-13 6.66e-13  2.29e-01     2s
   8  -7.72374406e+03  9.03827413e+03  3.17e-14 2.20e-13  3.37e-02     2s
   9  -1.27985873e+03  1.49922432e+03  1.54e-14 4.26e-14  5.59e-03     2s
  10  -2.16392200e+02  1.69370535e+02  8.62e-15 2.84e-14  7.76e-04     2s
  11  -4.76161720e+01  2.61202544e+01  2.12e-15 2.84e-14  1.48e-04     2s
  12  -7.60639781e+00  3.60984781e+00  9.70e-16 2.84e-14  2.26e-05     2s
  13  -1.15749443e+00  1.05379265e+00  3.29e-16 2.84e-14  4.45e-06     2s
  14  -7.81930113e-02  7.49614559e-01  9.93e-17 2.84e-14  1.67e-06     2s
  15   3.69498470e-01  5.75408190e-01  3.71e-17 2.84e-14  4.14e-07     2s
  16   4.26643531e-01  5.56360814e-01  2.69e-17 2.84e-14  2.61e-07     3s
  17   4.93770511e-01  5.32135126e-01  2.14e-17 2.84e-14  7.72e-08     3s
  18   5.09190935e-01  5.26667043e-01  1.24e-17 2.84e-14  3.52e-08     3s
  19   5.20936831e-01  5.22583447e-01  2.42e-17 2.84e-14  3.31e-09     3s
  20   5.22041601e-01  5.22199954e-01  1.15e-17 2.13e-14  3.19e-10     3s
  21   5.22156783e-01  5.22160116e-01  1.85e-17 2.84e-14  6.71e-12     3s
  22   5.22159252e-01  5.22159262e-01  1.04e-16 2.84e-14  2.01e-14     3s
  23   5.22159258e-01  5.22159259e-01  2.48e-15 2.84e-14  3.45e-15     3s
  24   5.22159259e-01  5.22159259e-01  3.80e-15 2.84e-14  9.58e-16     3s
  25   5.22159259e-01  5.22159259e-01  1.24e-15 2.84e-14  2.37e-16     3s
  26   5.22159259e-01  5.22159259e-01  7.58e-16 2.84e-14  1.02e-16     3s
  27   5.22159259e-01  5.22159259e-01  6.65e-16 2.84e-14  8.84e-17     3s

Barrier solved model in 27 iterations and 3.40 seconds (3.15 work units)
Optimal objective 5.22159259e-01

objective value: 0.5221592589431189
Done! Time elapsed: 23.81049680709839 seconds.
g_0_1: 1.0000003267672026
g_1_1: 1.0000001873971496
g_1_2: 1.0000005282938627
g_2_1: 1.0000003242262336
g_2_2: 1.0000009140308466
g_2_3: 1.000000324226234
g_2_4: 1.0000009140308175
Parameters from last iteration: [0.17400006 0.70700013 0.17400009 0.70700023 0.17400016 0.70700023
 0.17400016]

Parameters from current iteration:
                [0.17400006 0.70700013 0.17400009 0.70700023 0.17400016 0.70700023
 0.17400016]


                Percentage Error = 4.785439697620656e-16
                
year done: 73
Time 74: 2
Optimization Iteration[1/20000]

Solving the optimization problem...
Set parameter TokenServer to value "licenses.rcc.uchicago.edu"
Read LP format model from file /scratch/local/jobs/50183986/tmpysvn40o2.pyomo.lp
Reading time = 1.33 seconds
x1: 258121 rows, 502401 columns, 1259970 nonzeros
Set parameter Threads to value 8
Set parameter BarConvTol to value 1e-12
Gurobi Optimizer version 11.0.0 build v11.0.0rc2 (linux64 - "CentOS Linux 8")

CPU model: Intel(R) Xeon(R) Gold 6248R CPU @ 3.00GHz, instruction set [SSE2|AVX|AVX2|AVX512]
Thread count: 48 physical cores, 48 logical processors, using up to 8 threads

Optimize a model with 258121 rows, 502401 columns and 1259970 nonzeros
Model fingerprint: 0x17faa55d
Model has 3166 quadratic objective terms
Coefficient statistics:
  Matrix range     [1e+00, 1e+03]
  Objective range  [1e-06, 1e+02]
  QObjective range [3e-01, 3e+03]
  Bounds range     [3e-04, 1e+00]
  RHS range        [2e-17, 6e+00]
Presolve removed 131481 rows and 128813 columns
Presolve time: 0.54s
Presolved: 126640 rows, 373588 columns, 743932 nonzeros
Presolved model has 3166 quadratic objective terms
Ordering time: 0.16s

Barrier statistics:
 AA' NZ     : 3.709e+05
 Factor NZ  : 3.905e+06 (roughly 230 MB of memory)
 Factor Ops : 2.623e+08 (less than 1 second per iteration)
 Threads    : 8

                  Objective                Residual
Iter       Primal          Dual         Primal    Dual     Compl     Time
   0  -1.22466045e+09  8.63517426e+08  7.80e+04 1.13e-13  1.00e+06     1s
   1  -5.85742647e+08  5.07976560e+08  1.69e+04 1.44e+02  2.23e+05     1s
   2  -2.82434129e+08  2.81995027e+08  2.13e+02 8.69e-01  3.96e+03     1s
   3  -6.55833252e+07  6.61786498e+07  1.76e+00 1.56e-12  2.85e+02     1s
   4  -1.25708101e+07  1.31966948e+07  1.53e-01 5.00e-12  5.32e+01     1s
   5  -2.28690462e+06  2.53083856e+06  1.14e-02 1.21e-12  9.74e+00     1s
   6  -3.34328543e+05  3.84146890e+05  1.14e-08 9.62e-13  1.45e+00     2s
   7  -5.04628284e+04  6.35334106e+04  1.42e-13 6.71e-13  2.29e-01     2s
   8  -7.72376271e+03  9.03825549e+03  3.25e-14 1.78e-13  3.37e-02     2s
   9  -1.27987738e+03  1.49920568e+03  2.01e-14 3.64e-14  5.59e-03     2s
  10  -2.16410846e+02  1.69351889e+02  7.43e-15 5.68e-14  7.76e-04     2s
  11  -4.76348175e+01  2.61016089e+01  2.12e-15 2.84e-14  1.48e-04     2s
  12  -7.62504331e+00  3.59120231e+00  9.57e-16 1.87e-14  2.26e-05     2s
  13  -1.17613993e+00  1.03514715e+00  3.09e-16 2.75e-14  4.45e-06     2s
  14  -9.68385100e-02  7.30969061e-01  1.30e-16 2.84e-14  1.67e-06     2s
  15   3.50852971e-01  5.56762691e-01  3.88e-17 2.84e-14  4.14e-07     2s
  16   4.07998032e-01  5.37715316e-01  2.81e-17 2.84e-14  2.61e-07     3s
  17   4.75125013e-01  5.13489627e-01  1.78e-17 2.84e-14  7.72e-08     3s
  18   4.90545437e-01  5.08021545e-01  9.43e-18 2.84e-14  3.52e-08     3s
  19   5.02291333e-01  5.03937949e-01  2.58e-17 2.84e-14  3.31e-09     3s
  20   5.03396102e-01  5.03554456e-01  9.99e-18 1.42e-14  3.19e-10     3s
  21   5.03511284e-01  5.03514617e-01  2.25e-17 2.84e-14  6.71e-12     3s
  22   5.03513753e-01  5.03513763e-01  1.02e-16 2.84e-14  2.01e-14     3s
  23   5.03513759e-01  5.03513761e-01  2.67e-15 2.84e-14  3.43e-15     3s
  24   5.03513760e-01  5.03513760e-01  3.76e-15 1.42e-14  9.54e-16     3s
  25   5.03513760e-01  5.03513760e-01  1.19e-15 2.84e-14  2.36e-16     3s
  26   5.03513760e-01  5.03513760e-01  7.60e-16 2.84e-14  1.02e-16     3s
  27   5.03513760e-01  5.03513760e-01  5.22e-16 2.13e-14  8.78e-17     3s

Barrier solved model in 27 iterations and 3.37 seconds (3.15 work units)
Optimal objective 5.03513760e-01

objective value: 0.503513760251886
Done! Time elapsed: 25.0500807762146 seconds.
g_0_1: 1.0000003267672026
g_1_1: 1.0000001873971496
g_1_2: 1.0000005282938627
g_2_1: 1.0000003242262339
g_2_2: 1.0000009140308466
g_2_3: 1.000000324226234
g_2_4: 1.0000009140308175
Parameters from last iteration: [0.17400006 0.70700013 0.17400009 0.70700023 0.17400016 0.70700023
 0.17400016]

Parameters from current iteration:
                [0.17400006 0.70700013 0.17400009 0.70700023 0.17400016 0.70700023
 0.17400016]


                Percentage Error = 1.5703290872161861e-16
                
year done: 74
Time 75: 2
Optimization Iteration[1/20000]

Solving the optimization problem...
Set parameter TokenServer to value "licenses.rcc.uchicago.edu"
Read LP format model from file /scratch/local/jobs/50183986/tmpmx_0kmq4.pyomo.lp
Reading time = 1.33 seconds
x1: 258121 rows, 502401 columns, 1259970 nonzeros
Set parameter Threads to value 8
Set parameter BarConvTol to value 1e-12
Gurobi Optimizer version 11.0.0 build v11.0.0rc2 (linux64 - "CentOS Linux 8")

CPU model: Intel(R) Xeon(R) Gold 6248R CPU @ 3.00GHz, instruction set [SSE2|AVX|AVX2|AVX512]
Thread count: 48 physical cores, 48 logical processors, using up to 8 threads

Optimize a model with 258121 rows, 502401 columns and 1259970 nonzeros
Model fingerprint: 0x69f541e2
Model has 3166 quadratic objective terms
Coefficient statistics:
  Matrix range     [1e+00, 1e+03]
  Objective range  [1e-06, 1e+02]
  QObjective range [3e-01, 3e+03]
  Bounds range     [3e-04, 1e+00]
  RHS range        [2e-17, 6e+00]
Presolve removed 131481 rows and 128813 columns
Presolve time: 0.55s
Presolved: 126640 rows, 373588 columns, 743932 nonzeros
Presolved model has 3166 quadratic objective terms
Ordering time: 0.16s

Barrier statistics:
 AA' NZ     : 3.709e+05
 Factor NZ  : 3.905e+06 (roughly 230 MB of memory)
 Factor Ops : 2.623e+08 (less than 1 second per iteration)
 Threads    : 8

                  Objective                Residual
Iter       Primal          Dual         Primal    Dual     Compl     Time
   0  -1.22466045e+09  8.63517426e+08  7.80e+04 1.13e-13  1.00e+06     1s
   1  -5.85742647e+08  5.07976560e+08  1.69e+04 1.44e+02  2.23e+05     1s
   2  -2.82434129e+08  2.81995027e+08  2.13e+02 8.69e-01  3.96e+03     1s
   3  -6.55833252e+07  6.61786498e+07  1.76e+00 1.47e-12  2.85e+02     1s
   4  -1.25708101e+07  1.31966948e+07  1.53e-01 3.01e-12  5.32e+01     1s
   5  -2.28690463e+06  2.53083854e+06  1.14e-02 1.26e-12  9.74e+00     1s
   6  -3.34328561e+05  3.84146872e+05  1.14e-08 7.90e-13  1.45e+00     2s
   7  -5.04628462e+04  6.35333928e+04  1.56e-13 7.39e-13  2.29e-01     2s
   8  -7.72378052e+03  9.03823768e+03  4.11e-14 1.81e-13  3.37e-02     2s
   9  -1.27989518e+03  1.49918787e+03  1.45e-14 4.26e-14  5.59e-03     2s
  10  -2.16428652e+02  1.69334083e+02  8.39e-15 2.93e-14  7.76e-04     2s
  11  -4.76526238e+01  2.60838026e+01  2.71e-15 2.84e-14  1.48e-04     2s
  12  -7.64284962e+00  3.57339600e+00  8.94e-16 1.60e-14  2.26e-05     2s
  13  -1.19394624e+00  1.01734084e+00  3.45e-16 2.84e-14  4.45e-06     2s
  14  -1.14644823e-01  7.13162748e-01  1.44e-16 2.04e-14  1.67e-06     2s
  15   3.33046658e-01  5.38956378e-01  3.73e-17 2.13e-14  4.14e-07     2s
  16   3.90191719e-01  5.19909003e-01  2.74e-17 2.84e-14  2.61e-07     3s
  17   4.57318700e-01  4.95683314e-01  2.04e-17 2.84e-14  7.72e-08     3s
  18   4.72739124e-01  4.90215232e-01  1.14e-17 2.84e-14  3.52e-08     3s
  19   4.84485019e-01  4.86131636e-01  2.51e-17 2.84e-14  3.31e-09     3s
  20   4.85589789e-01  4.85748143e-01  1.35e-17 2.84e-14  3.19e-10     3s
  21   4.85704971e-01  4.85708304e-01  1.68e-17 2.84e-14  6.71e-12     3s
  22   4.85707440e-01  4.85707450e-01  8.78e-17 2.84e-14  2.01e-14     3s
  23   4.85707446e-01  4.85707448e-01  3.00e-15 2.22e-14  3.42e-15     3s
  24   4.85707447e-01  4.85707447e-01  4.16e-15 1.51e-14  9.49e-16     3s
  25   4.85707447e-01  4.85707447e-01  1.21e-15 2.84e-14  2.35e-16     3s
  26   4.85707447e-01  4.85707447e-01  6.38e-16 2.84e-14  1.01e-16     3s
  27   4.85707447e-01  4.85707447e-01  5.18e-16 2.84e-14  8.72e-17     3s

Barrier solved model in 27 iterations and 3.41 seconds (3.15 work units)
Optimal objective 4.85707447e-01

objective value: 0.4857074472394908
Done! Time elapsed: 23.625735759735107 seconds.
g_0_1: 1.0000003267672024
g_1_1: 1.0000001873971496
g_1_2: 1.0000005282938624
g_2_1: 1.0000003242262339
g_2_2: 1.0000009140308463
g_2_3: 1.000000324226234
g_2_4: 1.0000009140308173
Parameters from last iteration: [0.17400006 0.70700013 0.17400009 0.70700023 0.17400016 0.70700023
 0.17400016]

Parameters from current iteration:
                [0.17400006 0.70700013 0.17400009 0.70700023 0.17400016 0.70700023
 0.17400016]


                Percentage Error = 3.190295005289663e-16
                
year done: 75
Time 76: 2
Optimization Iteration[1/20000]

Solving the optimization problem...
Set parameter TokenServer to value "licenses.rcc.uchicago.edu"
Read LP format model from file /scratch/local/jobs/50183986/tmp3fbuqtv9.pyomo.lp
Reading time = 1.32 seconds
x1: 258121 rows, 502401 columns, 1259970 nonzeros
Set parameter Threads to value 8
Set parameter BarConvTol to value 1e-12
Gurobi Optimizer version 11.0.0 build v11.0.0rc2 (linux64 - "CentOS Linux 8")

CPU model: Intel(R) Xeon(R) Gold 6248R CPU @ 3.00GHz, instruction set [SSE2|AVX|AVX2|AVX512]
Thread count: 48 physical cores, 48 logical processors, using up to 8 threads

Optimize a model with 258121 rows, 502401 columns and 1259970 nonzeros
Model fingerprint: 0x06bfac7a
Model has 3166 quadratic objective terms
Coefficient statistics:
  Matrix range     [1e+00, 1e+03]
  Objective range  [1e-06, 1e+02]
  QObjective range [3e-01, 3e+03]
  Bounds range     [3e-04, 1e+00]
  RHS range        [2e-17, 6e+00]
Presolve removed 131481 rows and 128813 columns
Presolve time: 0.55s
Presolved: 126640 rows, 373588 columns, 743932 nonzeros
Presolved model has 3166 quadratic objective terms
Ordering time: 0.15s

Barrier statistics:
 AA' NZ     : 3.709e+05
 Factor NZ  : 3.905e+06 (roughly 230 MB of memory)
 Factor Ops : 2.623e+08 (less than 1 second per iteration)
 Threads    : 8

                  Objective                Residual
Iter       Primal          Dual         Primal    Dual     Compl     Time
   0  -1.22466045e+09  8.63517426e+08  7.80e+04 1.14e-13  1.00e+06     1s
   1  -5.85742647e+08  5.07976560e+08  1.69e+04 1.44e+02  2.23e+05     1s
   2  -2.82434129e+08  2.81995027e+08  2.13e+02 8.69e-01  3.96e+03     1s
   3  -6.55833252e+07  6.61786498e+07  1.76e+00 1.44e-12  2.85e+02     1s
   4  -1.25708101e+07  1.31966948e+07  1.53e-01 5.01e-12  5.32e+01     1s
   5  -2.28690465e+06  2.53083852e+06  1.14e-02 1.46e-12  9.74e+00     1s
   6  -3.34328578e+05  3.84146855e+05  1.14e-08 9.47e-13  1.45e+00     2s
   7  -5.04628632e+04  6.35333758e+04  1.61e-13 6.58e-13  2.29e-01     2s
   8  -7.72379752e+03  9.03822068e+03  3.78e-14 1.91e-13  3.37e-02     2s
   9  -1.27991219e+03  1.49917087e+03  1.66e-14 4.40e-14  5.59e-03     2s
  10  -2.16445657e+02  1.69317078e+02  7.25e-15 4.26e-14  7.76e-04     2s
  11  -4.76696287e+01  2.60667977e+01  2.53e-15 2.84e-14  1.48e-04     2s
  12  -7.65985452e+00  3.55639110e+00  1.10e-15 2.84e-14  2.26e-05     2s
  13  -1.21095114e+00  1.00033594e+00  2.52e-16 1.95e-14  4.45e-06     2s
  14  -1.31649720e-01  6.96157851e-01  1.10e-16 2.84e-14  1.67e-06     2s
  15   3.16041761e-01  5.21951481e-01  4.47e-17 1.51e-14  4.14e-07     2s
  16   3.73186822e-01  5.02904106e-01  2.43e-17 2.84e-14  2.61e-07     3s
  17   4.40313803e-01  4.78678417e-01  1.65e-17 2.84e-14  7.72e-08     3s
  18   4.55734227e-01  4.73210335e-01  9.39e-18 2.84e-14  3.52e-08     3s
  19   4.67480123e-01  4.69126739e-01  2.45e-17 2.84e-14  3.31e-09     3s
  20   4.68584892e-01  4.68743246e-01  1.47e-17 2.84e-14  3.19e-10     3s
  21   4.68700074e-01  4.68703407e-01  1.44e-17 2.84e-14  6.71e-12     3s
  22   4.68702543e-01  4.68702553e-01  1.08e-16 2.84e-14  2.01e-14     3s
  23   4.68702549e-01  4.68702551e-01  2.41e-15 2.84e-14  3.40e-15     3s
  24   4.68702550e-01  4.68702550e-01  4.93e-15 2.84e-14  9.44e-16     3s
  25   4.68702550e-01  4.68702550e-01  1.34e-15 2.84e-14  2.33e-16     3s
  26   4.68702550e-01  4.68702550e-01  7.43e-16 2.13e-14  1.00e-16     3s
  27   4.68702550e-01  4.68702550e-01  5.43e-16 2.84e-14  8.67e-17     3s

Barrier solved model in 27 iterations and 3.40 seconds (3.15 work units)
Optimal objective 4.68702550e-01

objective value: 0.4687025503286638
Done! Time elapsed: 23.64889430999756 seconds.
g_0_1: 1.0000003267672024
g_1_1: 1.0000001873971496
g_1_2: 1.0000005282938627
g_2_1: 1.0000003242262339
g_2_2: 1.000000914030846
g_2_3: 1.000000324226234
g_2_4: 1.0000009140308173
Parameters from last iteration: [0.17400006 0.70700013 0.17400009 0.70700023 0.17400016 0.70700023
 0.17400016]

Parameters from current iteration:
                [0.17400006 0.70700013 0.17400009 0.70700023 0.17400016 0.70700023
 0.17400016]


                Percentage Error = 4.785439697620659e-16
                
year done: 76
Time 77: 2
Optimization Iteration[1/20000]

Solving the optimization problem...
Set parameter TokenServer to value "licenses.rcc.uchicago.edu"
Read LP format model from file /scratch/local/jobs/50183986/tmp00efcd1t.pyomo.lp
Reading time = 1.33 seconds
x1: 258121 rows, 502401 columns, 1259970 nonzeros
Set parameter Threads to value 8
Set parameter BarConvTol to value 1e-12
Gurobi Optimizer version 11.0.0 build v11.0.0rc2 (linux64 - "CentOS Linux 8")

CPU model: Intel(R) Xeon(R) Gold 6248R CPU @ 3.00GHz, instruction set [SSE2|AVX|AVX2|AVX512]
Thread count: 48 physical cores, 48 logical processors, using up to 8 threads

Optimize a model with 258121 rows, 502401 columns and 1259970 nonzeros
Model fingerprint: 0xebf7f734
Model has 3166 quadratic objective terms
Coefficient statistics:
  Matrix range     [1e+00, 1e+03]
  Objective range  [1e-06, 1e+02]
  QObjective range [3e-01, 3e+03]
  Bounds range     [3e-04, 1e+00]
  RHS range        [2e-17, 6e+00]
Presolve removed 131481 rows and 128813 columns
Presolve time: 0.55s
Presolved: 126640 rows, 373588 columns, 743932 nonzeros
Presolved model has 3166 quadratic objective terms
Ordering time: 0.15s

Barrier statistics:
 AA' NZ     : 3.709e+05
 Factor NZ  : 3.905e+06 (roughly 230 MB of memory)
 Factor Ops : 2.623e+08 (less than 1 second per iteration)
 Threads    : 8

                  Objective                Residual
Iter       Primal          Dual         Primal    Dual     Compl     Time
   0  -1.22466045e+09  8.63517426e+08  7.80e+04 1.14e-13  1.00e+06     1s
   1  -5.85742647e+08  5.07976560e+08  1.69e+04 1.44e+02  2.23e+05     1s
   2  -2.82434129e+08  2.81995027e+08  2.13e+02 8.69e-01  3.96e+03     1s
   3  -6.55833252e+07  6.61786498e+07  1.76e+00 1.26e-12  2.85e+02     1s
   4  -1.25708102e+07  1.31966948e+07  1.53e-01 3.65e-12  5.32e+01     1s
   5  -2.28690467e+06  2.53083851e+06  1.14e-02 1.43e-12  9.74e+00     1s
   6  -3.34328594e+05  3.84146839e+05  1.14e-08 9.21e-13  1.45e+00     2s
   7  -5.04628794e+04  6.35333596e+04  1.64e-13 7.39e-13  2.29e-01     2s
   8  -7.72381376e+03  9.03820444e+03  4.06e-14 1.97e-13  3.37e-02     2s
   9  -1.27992843e+03  1.49915463e+03  1.88e-14 2.84e-14  5.59e-03     2s
  10  -2.16461896e+02  1.69300838e+02  9.15e-15 2.84e-14  7.76e-04     2s
  11  -4.76858683e+01  2.60505582e+01  3.20e-15 2.84e-14  1.48e-04     2s
  12  -7.67609407e+00  3.54015155e+00  9.08e-16 4.26e-14  2.26e-05     2s
  13  -1.22719069e+00  9.84096390e-01  3.44e-16 2.84e-14  4.45e-06     2s
  14  -1.47889270e-01  6.79918300e-01  1.40e-16 5.68e-14  1.67e-06     2s
  15   2.99802211e-01  5.05711931e-01  4.47e-17 2.84e-14  4.14e-07     2s
  16   3.56947271e-01  4.86664555e-01  2.60e-17 2.84e-14  2.61e-07     3s
  17   4.24074252e-01  4.62438866e-01  2.03e-17 2.84e-14  7.72e-08     3s
  18   4.39494676e-01  4.56970784e-01  1.41e-17 1.60e-14  3.52e-08     3s
  19   4.51240572e-01  4.52887188e-01  2.11e-17 2.84e-14  3.31e-09     3s
  20   4.52345342e-01  4.52503695e-01  1.37e-17 2.84e-14  3.19e-10     3s
  21   4.52460524e-01  4.52463857e-01  1.41e-17 2.13e-14  6.71e-12     3s
  22   4.52462992e-01  4.52463002e-01  1.35e-16 2.84e-14  2.01e-14     3s
  23   4.52462999e-01  4.52463000e-01  2.29e-15 2.84e-14  3.38e-15     3s
  24   4.52463000e-01  4.52463000e-01  4.06e-15 2.84e-14  9.40e-16     3s
  25   4.52463000e-01  4.52463000e-01  1.51e-15 1.42e-14  2.32e-16     3s
  26   4.52463000e-01  4.52463000e-01  6.42e-16 1.78e-14  9.93e-17     3s

Barrier solved model in 26 iterations and 3.29 seconds (3.07 work units)
Optimal objective 4.52463000e-01

objective value: 0.45246299984829136
Done! Time elapsed: 23.656617403030396 seconds.
g_0_1: 1.000000326767203
g_1_1: 1.0000001873971491
g_1_2: 1.000000528293863
g_2_1: 1.0000003242262334
g_2_2: 1.0000009140308506
g_2_3: 1.0000003242262339
g_2_4: 1.0000009140308175
Parameters from last iteration: [0.17400006 0.70700013 0.17400009 0.70700023 0.17400016 0.70700023
 0.17400016]

Parameters from current iteration:
                [0.17400006 0.70700013 0.17400009 0.70700023 0.17400016 0.70700023
 0.17400016]


                Percentage Error = 4.625925041033306e-15
                
year done: 77
Time 78: 2
Optimization Iteration[1/20000]

Solving the optimization problem...
Set parameter TokenServer to value "licenses.rcc.uchicago.edu"
Read LP format model from file /scratch/local/jobs/50183986/tmp3c7atnpa.pyomo.lp
Reading time = 1.33 seconds
x1: 258121 rows, 502401 columns, 1259970 nonzeros
Set parameter Threads to value 8
Set parameter BarConvTol to value 1e-12
Gurobi Optimizer version 11.0.0 build v11.0.0rc2 (linux64 - "CentOS Linux 8")

CPU model: Intel(R) Xeon(R) Gold 6248R CPU @ 3.00GHz, instruction set [SSE2|AVX|AVX2|AVX512]
Thread count: 48 physical cores, 48 logical processors, using up to 8 threads

Optimize a model with 258121 rows, 502401 columns and 1259970 nonzeros
Model fingerprint: 0xe307d3a8
Model has 3166 quadratic objective terms
Coefficient statistics:
  Matrix range     [1e+00, 1e+03]
  Objective range  [1e-06, 1e+02]
  QObjective range [3e-01, 3e+03]
  Bounds range     [3e-04, 1e+00]
  RHS range        [2e-17, 6e+00]
Presolve removed 131481 rows and 128813 columns
Presolve time: 0.55s
Presolved: 126640 rows, 373588 columns, 743932 nonzeros
Presolved model has 3166 quadratic objective terms
Ordering time: 0.15s

Barrier statistics:
 AA' NZ     : 3.709e+05
 Factor NZ  : 3.905e+06 (roughly 230 MB of memory)
 Factor Ops : 2.623e+08 (less than 1 second per iteration)
 Threads    : 8

                  Objective                Residual
Iter       Primal          Dual         Primal    Dual     Compl     Time
   0  -1.22466045e+09  8.63517426e+08  7.80e+04 1.14e-13  1.00e+06     1s
   1  -5.85742647e+08  5.07976560e+08  1.69e+04 1.44e+02  2.23e+05     1s
   2  -2.82434129e+08  2.81995027e+08  2.13e+02 8.69e-01  3.96e+03     1s
   3  -6.55833252e+07  6.61786497e+07  1.76e+00 1.48e-12  2.85e+02     1s
   4  -1.25708102e+07  1.31966948e+07  1.53e-01 3.46e-12  5.32e+01     1s
   5  -2.28690468e+06  2.53083849e+06  1.14e-02 1.23e-12  9.74e+00     1s
   6  -3.34328610e+05  3.84146824e+05  1.14e-08 1.15e-12  1.45e+00     2s
   7  -5.04628949e+04  6.35333441e+04  1.63e-13 6.87e-13  2.29e-01     2s
   8  -7.72382927e+03  9.03818893e+03  4.06e-14 2.17e-13  3.37e-02     2s
   9  -1.27994394e+03  1.49913912e+03  1.74e-14 5.68e-14  5.59e-03     2s
  10  -2.16477405e+02  1.69285330e+02  7.48e-15 2.84e-14  7.76e-04     2s
  11  -4.77013769e+01  2.60350495e+01  2.47e-15 2.84e-14  1.48e-04     2s
  12  -7.69160272e+00  3.52464290e+00  1.06e-15 2.84e-14  2.26e-05     2s
  13  -1.24269934e+00  9.68587740e-01  2.73e-16 2.84e-14  4.45e-06     2s
  14  -1.63397921e-01  6.64409650e-01  1.05e-16 2.84e-14  1.67e-06     2s
  15   2.84293560e-01  4.90203280e-01  4.71e-17 1.51e-14  4.14e-07     2s
  16   3.41438621e-01  4.71155905e-01  3.20e-17 2.13e-14  2.61e-07     3s
  17   4.08565602e-01  4.46930216e-01  1.95e-17 2.84e-14  7.72e-08     3s
  18   4.23986026e-01  4.41462134e-01  2.26e-17 2.84e-14  3.52e-08     3s
  19   4.35731922e-01  4.37378538e-01  2.18e-17 2.84e-14  3.31e-09     3s
  20   4.36836691e-01  4.36995045e-01  1.01e-17 2.84e-14  3.19e-10     3s
  21   4.36951873e-01  4.36955206e-01  1.66e-17 2.84e-14  6.71e-12     3s
  22   4.36954342e-01  4.36954352e-01  9.92e-17 2.84e-14  2.01e-14     3s
  23   4.36954348e-01  4.36954350e-01  2.25e-15 1.60e-14  3.36e-15     3s
  24   4.36954349e-01  4.36954350e-01  4.47e-15 2.31e-14  9.36e-16     3s
  25   4.36954349e-01  4.36954350e-01  1.56e-15 2.84e-14  2.31e-16     3s
  26   4.36954350e-01  4.36954350e-01  7.01e-16 1.42e-14  9.87e-17     3s

Barrier solved model in 26 iterations and 3.30 seconds (3.07 work units)
Optimal objective 4.36954350e-01

objective value: 0.4369543495442207
Done! Time elapsed: 25.125136852264404 seconds.
g_0_1: 1.0000003267672033
g_1_1: 1.0000001873971491
g_1_2: 1.000000528293863
g_2_1: 1.0000003242262336
g_2_2: 1.0000009140308503
g_2_3: 1.0000003242262339
g_2_4: 1.0000009140308177
Parameters from last iteration: [0.17400006 0.70700013 0.17400009 0.70700023 0.17400016 0.70700023
 0.17400016]

Parameters from current iteration:
                [0.17400006 0.70700013 0.17400009 0.70700023 0.17400016 0.70700023
 0.17400016]


                Percentage Error = 3.1902950052896616e-16
                
year done: 78
Time 79: 2
Optimization Iteration[1/20000]

Solving the optimization problem...
Set parameter TokenServer to value "licenses.rcc.uchicago.edu"
Read LP format model from file /scratch/local/jobs/50183986/tmpzi4thv89.pyomo.lp
Reading time = 1.33 seconds
x1: 258121 rows, 502401 columns, 1259970 nonzeros
Set parameter Threads to value 8
Set parameter BarConvTol to value 1e-12
Gurobi Optimizer version 11.0.0 build v11.0.0rc2 (linux64 - "CentOS Linux 8")

CPU model: Intel(R) Xeon(R) Gold 6248R CPU @ 3.00GHz, instruction set [SSE2|AVX|AVX2|AVX512]
Thread count: 48 physical cores, 48 logical processors, using up to 8 threads

Optimize a model with 258121 rows, 502401 columns and 1259970 nonzeros
Model fingerprint: 0xdcc0a13b
Model has 3166 quadratic objective terms
Coefficient statistics:
  Matrix range     [1e+00, 1e+03]
  Objective range  [1e-06, 1e+02]
  QObjective range [3e-01, 3e+03]
  Bounds range     [3e-04, 1e+00]
  RHS range        [2e-17, 6e+00]
Presolve removed 131481 rows and 128813 columns
Presolve time: 0.55s
Presolved: 126640 rows, 373588 columns, 743932 nonzeros
Presolved model has 3166 quadratic objective terms
Ordering time: 0.16s

Barrier statistics:
 AA' NZ     : 3.709e+05
 Factor NZ  : 3.905e+06 (roughly 230 MB of memory)
 Factor Ops : 2.623e+08 (less than 1 second per iteration)
 Threads    : 8

                  Objective                Residual
Iter       Primal          Dual         Primal    Dual     Compl     Time
   0  -1.22466045e+09  8.63517425e+08  7.80e+04 1.14e-13  1.00e+06     1s
   1  -5.85742647e+08  5.07976560e+08  1.69e+04 1.44e+02  2.23e+05     1s
   2  -2.82434129e+08  2.81995027e+08  2.13e+02 8.69e-01  3.96e+03     1s
   3  -6.55833252e+07  6.61786497e+07  1.76e+00 1.66e-12  2.85e+02     1s
   4  -1.25708102e+07  1.31966947e+07  1.53e-01 4.61e-12  5.32e+01     1s
   5  -2.28690470e+06  2.53083847e+06  1.14e-02 1.23e-12  9.74e+00     1s
   6  -3.34328625e+05  3.84146809e+05  1.14e-08 3.47e-12  1.45e+00     2s
   7  -5.04629097e+04  6.35333293e+04  1.64e-13 6.27e-13  2.29e-01     2s
   8  -7.72384408e+03  9.03817412e+03  4.12e-14 2.27e-13  3.37e-02     2s
   9  -1.27995875e+03  1.49912431e+03  1.77e-14 4.26e-14  5.59e-03     2s
  10  -2.16492216e+02  1.69270519e+02  9.17e-15 4.26e-14  7.76e-04     2s
  11  -4.77161876e+01  2.60202389e+01  2.05e-15 2.84e-14  1.48e-04     2s
  12  -7.70641337e+00  3.50983225e+00  1.42e-15 2.84e-14  2.26e-05     2s
  13  -1.25750999e+00  9.53777094e-01  3.10e-16 2.84e-14  4.45e-06     2s
  14  -1.78208567e-01  6.49599004e-01  1.28e-16 2.84e-14  1.67e-06     2s
  15   2.69482914e-01  4.75392634e-01  5.40e-17 1.87e-14  4.14e-07     2s
  16   3.26627975e-01  4.56345259e-01  2.37e-17 2.84e-14  2.61e-07     3s
  17   3.93754956e-01  4.32119570e-01  1.82e-17 2.84e-14  7.72e-08     3s
  18   4.09175380e-01  4.26651488e-01  1.60e-17 4.26e-14  3.52e-08     3s
  19   4.20921276e-01  4.22567892e-01  1.95e-17 2.84e-14  3.31e-09     3s
  20   4.22026045e-01  4.22184399e-01  1.20e-17 2.84e-14  3.19e-10     3s
  21   4.22141227e-01  4.22144560e-01  2.50e-17 2.84e-14  6.71e-12     3s
  22   4.22143696e-01  4.22143706e-01  1.48e-16 2.84e-14  2.01e-14     3s
  23   4.22143702e-01  4.22143704e-01  2.24e-15 2.13e-14  3.34e-15     3s
  24   4.22143703e-01  4.22143704e-01  4.06e-15 2.84e-14  9.32e-16     3s
  25   4.22143703e-01  4.22143704e-01  1.45e-15 2.84e-14  2.30e-16     3s
  26   4.22143703e-01  4.22143704e-01  6.81e-16 1.42e-14  9.81e-17     3s

Barrier solved model in 26 iterations and 3.29 seconds (3.07 work units)
Optimal objective 4.22143703e-01

objective value: 0.4221437034849843
Done! Time elapsed: 23.656811714172363 seconds.
g_0_1: 1.000000326767203
g_1_1: 1.0000001873971494
g_1_2: 1.000000528293863
g_2_1: 1.0000003242262336
g_2_2: 1.0000009140308501
g_2_3: 1.0000003242262339
g_2_4: 1.0000009140308175
Parameters from last iteration: [0.17400006 0.70700013 0.17400009 0.70700023 0.17400016 0.70700023
 0.17400016]

Parameters from current iteration:
                [0.17400006 0.70700013 0.17400009 0.70700023 0.17400016 0.70700023
 0.17400016]


                Percentage Error = 3.1902950052896607e-16
                
year done: 79
Time 80: 2
Optimization Iteration[1/20000]

Solving the optimization problem...
Set parameter TokenServer to value "licenses.rcc.uchicago.edu"
Read LP format model from file /scratch/local/jobs/50183986/tmpn1fanxtb.pyomo.lp
Reading time = 1.32 seconds
x1: 258121 rows, 502401 columns, 1259970 nonzeros
Set parameter Threads to value 8
Set parameter BarConvTol to value 1e-12
Gurobi Optimizer version 11.0.0 build v11.0.0rc2 (linux64 - "CentOS Linux 8")

CPU model: Intel(R) Xeon(R) Gold 6248R CPU @ 3.00GHz, instruction set [SSE2|AVX|AVX2|AVX512]
Thread count: 48 physical cores, 48 logical processors, using up to 8 threads

Optimize a model with 258121 rows, 502401 columns and 1259970 nonzeros
Model fingerprint: 0x964ce97b
Model has 3166 quadratic objective terms
Coefficient statistics:
  Matrix range     [1e+00, 1e+03]
  Objective range  [1e-06, 1e+02]
  QObjective range [3e-01, 3e+03]
  Bounds range     [3e-04, 1e+00]
  RHS range        [2e-17, 6e+00]
Presolve removed 131481 rows and 128813 columns
Presolve time: 0.54s
Presolved: 126640 rows, 373588 columns, 743932 nonzeros
Presolved model has 3166 quadratic objective terms
Ordering time: 0.16s

Barrier statistics:
 AA' NZ     : 3.709e+05
 Factor NZ  : 3.905e+06 (roughly 230 MB of memory)
 Factor Ops : 2.623e+08 (less than 1 second per iteration)
 Threads    : 8

                  Objective                Residual
Iter       Primal          Dual         Primal    Dual     Compl     Time
   0  -1.22466045e+09  8.63517425e+08  7.80e+04 1.14e-13  1.00e+06     1s
   1  -5.85742647e+08  5.07976560e+08  1.69e+04 1.44e+02  2.23e+05     1s
   2  -2.82434129e+08  2.81995027e+08  2.13e+02 8.69e-01  3.96e+03     1s
   3  -6.55833253e+07  6.61786497e+07  1.76e+00 1.47e-12  2.85e+02     1s
   4  -1.25708102e+07  1.31966947e+07  1.53e-01 3.72e-12  5.32e+01     1s
   5  -2.28690471e+06  2.53083846e+06  1.14e-02 1.16e-12  9.74e+00     1s
   6  -3.34328639e+05  3.84146795e+05  1.14e-08 8.39e-13  1.45e+00     2s
   7  -5.04629239e+04  6.35333151e+04  1.32e-13 6.01e-13  2.29e-01     2s
   8  -7.72385822e+03  9.03815998e+03  4.81e-14 1.79e-13  3.37e-02     2s
   9  -1.27997289e+03  1.49911017e+03  1.59e-14 5.68e-14  5.59e-03     2s
  10  -2.16506360e+02  1.69256375e+02  8.49e-15 2.84e-14  7.76e-04     2s
  11  -4.77303316e+01  2.60060948e+01  2.26e-15 2.84e-14  1.48e-04     2s
  12  -7.72055742e+00  3.49568820e+00  1.02e-15 2.84e-14  2.26e-05     2s
  13  -1.27165404e+00  9.39633036e-01  3.72e-16 2.84e-14  4.45e-06     2s
  14  -1.92352624e-01  6.35454947e-01  1.55e-16 2.00e-14  1.67e-06     2s
  15   2.55338857e-01  4.61248577e-01  3.92e-17 2.84e-14  4.14e-07     2s
  16   3.12483918e-01  4.42201202e-01  2.31e-17 2.84e-14  2.61e-07     3s
  17   3.79610899e-01  4.17975513e-01  1.47e-17 2.84e-14  7.72e-08     3s
  18   3.95031323e-01  4.12507431e-01  1.07e-17 2.84e-14  3.52e-08     3s
  19   4.06777219e-01  4.08423835e-01  2.06e-17 2.84e-14  3.31e-09     3s
  20   4.07881988e-01  4.08040342e-01  1.18e-17 4.26e-14  3.19e-10     3s
  21   4.07997170e-01  4.08000503e-01  1.55e-17 2.84e-14  6.71e-12     3s
  22   4.07999639e-01  4.07999649e-01  1.40e-16 2.84e-14  2.01e-14     3s
  23   4.07999645e-01  4.07999647e-01  2.84e-15 2.66e-14  3.33e-15     3s
  24   4.07999646e-01  4.07999646e-01  5.44e-15 2.13e-14  9.28e-16     3s
  25   4.07999646e-01  4.07999646e-01  1.51e-15 2.84e-14  2.29e-16     3s
  26   4.07999646e-01  4.07999646e-01  8.76e-16 2.84e-14  9.75e-17     3s

Barrier solved model in 26 iterations and 3.29 seconds (3.07 work units)
Optimal objective 4.07999646e-01

objective value: 0.4079996463045453
Done! Time elapsed: 23.68108892440796 seconds.
g_0_1: 1.000000326767203
g_1_1: 1.0000001873971494
g_1_2: 1.0000005282938629
g_2_1: 1.0000003242262336
g_2_2: 1.00000091403085
g_2_3: 1.000000324226234
g_2_4: 1.0000009140308175
Parameters from last iteration: [0.17400006 0.70700013 0.17400009 0.70700023 0.17400016 0.70700023
 0.17400016]

Parameters from current iteration:
                [0.17400006 0.70700013 0.17400009 0.70700023 0.17400016 0.70700023
 0.17400016]


                Percentage Error = 3.190294362360504e-16
                
year done: 80
Time 81: 2
Optimization Iteration[1/20000]

Solving the optimization problem...
Set parameter TokenServer to value "licenses.rcc.uchicago.edu"
Read LP format model from file /scratch/local/jobs/50183986/tmpssgoz7il.pyomo.lp
Reading time = 1.34 seconds
x1: 258121 rows, 502401 columns, 1259970 nonzeros
Set parameter Threads to value 8
Set parameter BarConvTol to value 1e-12
Gurobi Optimizer version 11.0.0 build v11.0.0rc2 (linux64 - "CentOS Linux 8")

CPU model: Intel(R) Xeon(R) Gold 6248R CPU @ 3.00GHz, instruction set [SSE2|AVX|AVX2|AVX512]
Thread count: 48 physical cores, 48 logical processors, using up to 8 threads

Optimize a model with 258121 rows, 502401 columns and 1259970 nonzeros
Model fingerprint: 0x99fbc995
Model has 3166 quadratic objective terms
Coefficient statistics:
  Matrix range     [1e+00, 1e+03]
  Objective range  [1e-06, 1e+02]
  QObjective range [3e-01, 3e+03]
  Bounds range     [3e-04, 1e+00]
  RHS range        [2e-17, 6e+00]
Presolve removed 131481 rows and 128813 columns
Presolve time: 0.56s
Presolved: 126640 rows, 373588 columns, 743932 nonzeros
Presolved model has 3166 quadratic objective terms
Ordering time: 0.16s

Barrier statistics:
 AA' NZ     : 3.709e+05
 Factor NZ  : 3.905e+06 (roughly 230 MB of memory)
 Factor Ops : 2.623e+08 (less than 1 second per iteration)
 Threads    : 8

                  Objective                Residual
Iter       Primal          Dual         Primal    Dual     Compl     Time
   0  -1.22466045e+09  8.63517425e+08  7.80e+04 1.13e-13  1.00e+06     1s
   1  -5.85742647e+08  5.07976560e+08  1.69e+04 1.44e+02  2.23e+05     1s
   2  -2.82434129e+08  2.81995027e+08  2.13e+02 8.69e-01  3.96e+03     1s
   3  -6.55833253e+07  6.61786497e+07  1.76e+00 1.44e-12  2.85e+02     1s
   4  -1.25708102e+07  1.31966947e+07  1.53e-01 3.53e-12  5.32e+01     1s
   5  -2.28690473e+06  2.53083845e+06  1.14e-02 1.24e-12  9.74e+00     1s
   6  -3.34328652e+05  3.84146781e+05  1.14e-08 7.79e-13  1.45e+00     2s
   7  -5.04629374e+04  6.35333016e+04  1.30e-13 6.58e-13  2.29e-01     2s
   8  -7.72387173e+03  9.03814647e+03  4.19e-14 2.20e-13  3.37e-02     2s
   9  -1.27998640e+03  1.49909666e+03  2.10e-14 4.53e-14  5.59e-03     2s
  10  -2.16519867e+02  1.69242868e+02  7.58e-15 3.20e-14  7.76e-04     2s
  11  -4.77438391e+01  2.59925873e+01  2.70e-15 2.84e-14  1.48e-04     2s
  12  -7.73406489e+00  3.48218073e+00  9.54e-16 2.84e-14  2.26e-05     2s
  13  -1.28516151e+00  9.26125567e-01  3.61e-16 2.84e-14  4.45e-06     2s
  14  -2.05860094e-01  6.21947477e-01  1.35e-16 2.84e-14  1.67e-06     2s
  15   2.41831387e-01  4.47741107e-01  4.36e-17 1.78e-14  4.14e-07     3s
  16   2.98976448e-01  4.28693732e-01  2.19e-17 2.84e-14  2.61e-07     3s
  17   3.66103429e-01  4.04468043e-01  2.04e-17 2.84e-14  7.72e-08     3s
  18   3.81523853e-01  3.98999961e-01  1.33e-17 2.84e-14  3.52e-08     3s
  19   3.93269749e-01  3.94916365e-01  1.83e-17 2.84e-14  3.31e-09     3s
  20   3.94374518e-01  3.94532872e-01  1.98e-17 2.84e-14  3.19e-10     3s
  21   3.94489700e-01  3.94493033e-01  2.20e-17 2.84e-14  6.71e-12     3s
  22   3.94492169e-01  3.94492179e-01  1.21e-16 2.84e-14  2.01e-14     3s
  23   3.94492175e-01  3.94492177e-01  2.60e-15 2.84e-14  3.31e-15     3s
  24   3.94492176e-01  3.94492177e-01  4.06e-15 2.84e-14  9.24e-16     3s
  25   3.94492177e-01  3.94492177e-01  1.16e-15 2.84e-14  2.28e-16     3s
  26   3.94492177e-01  3.94492177e-01  9.42e-16 1.42e-14  9.68e-17     3s

Barrier solved model in 26 iterations and 3.35 seconds (3.07 work units)
Optimal objective 3.94492177e-01

objective value: 0.39449217656127583
Done! Time elapsed: 23.659432649612427 seconds.
g_0_1: 1.000000326767203
g_1_1: 1.0000001873971491
g_1_2: 1.000000528293863
g_2_1: 1.0000003242262336
g_2_2: 1.0000009140308497
g_2_3: 1.000000324226234
g_2_4: 1.0000009140308175
Parameters from last iteration: [0.17400006 0.70700013 0.17400009 0.70700023 0.17400016 0.70700023
 0.17400016]

Parameters from current iteration:
                [0.17400006 0.70700013 0.17400009 0.70700023 0.17400016 0.70700023
 0.17400016]


                Percentage Error = 3.190294362360505e-16
                
year done: 81
Time 82: 2
Optimization Iteration[1/20000]

Solving the optimization problem...
Set parameter TokenServer to value "licenses.rcc.uchicago.edu"
Read LP format model from file /scratch/local/jobs/50183986/tmpq9v1bfdl.pyomo.lp
Reading time = 1.34 seconds
x1: 258121 rows, 502401 columns, 1259970 nonzeros
Set parameter Threads to value 8
Set parameter BarConvTol to value 1e-12
Gurobi Optimizer version 11.0.0 build v11.0.0rc2 (linux64 - "CentOS Linux 8")

CPU model: Intel(R) Xeon(R) Gold 6248R CPU @ 3.00GHz, instruction set [SSE2|AVX|AVX2|AVX512]
Thread count: 48 physical cores, 48 logical processors, using up to 8 threads

Optimize a model with 258121 rows, 502401 columns and 1259970 nonzeros
Model fingerprint: 0x00a41982
Model has 3166 quadratic objective terms
Coefficient statistics:
  Matrix range     [1e+00, 1e+03]
  Objective range  [1e-06, 1e+02]
  QObjective range [3e-01, 3e+03]
  Bounds range     [3e-04, 1e+00]
  RHS range        [2e-17, 6e+00]
Presolve removed 131481 rows and 128813 columns
Presolve time: 0.55s
Presolved: 126640 rows, 373588 columns, 743932 nonzeros
Presolved model has 3166 quadratic objective terms
Ordering time: 0.16s

Barrier statistics:
 AA' NZ     : 3.709e+05
 Factor NZ  : 3.905e+06 (roughly 230 MB of memory)
 Factor Ops : 2.623e+08 (less than 1 second per iteration)
 Threads    : 8

                  Objective                Residual
Iter       Primal          Dual         Primal    Dual     Compl     Time
   0  -1.22466045e+09  8.63517425e+08  7.80e+04 1.14e-13  1.00e+06     1s
   1  -5.85742647e+08  5.07976560e+08  1.69e+04 1.44e+02  2.23e+05     1s
   2  -2.82434129e+08  2.81995027e+08  2.13e+02 8.69e-01  3.96e+03     1s
   3  -6.55833253e+07  6.61786497e+07  1.76e+00 1.65e-12  2.85e+02     1s
   4  -1.25708102e+07  1.31966947e+07  1.53e-01 3.95e-12  5.32e+01     1s
   5  -2.28690474e+06  2.53083843e+06  1.14e-02 1.24e-12  9.74e+00     1s
   6  -3.34328665e+05  3.84146768e+05  1.14e-08 2.11e-12  1.45e+00     2s
   7  -5.04629503e+04  6.35332887e+04  1.59e-13 7.89e-13  2.29e-01     2s
   8  -7.72388463e+03  9.03813357e+03  4.43e-14 1.97e-13  3.37e-02     2s
   9  -1.27999930e+03  1.49908376e+03  2.06e-14 4.26e-14  5.59e-03     2s
  10  -2.16532767e+02  1.69229968e+02  8.80e-15 2.84e-14  7.76e-04     2s
  11  -4.77567386e+01  2.59796878e+01  2.26e-15 2.84e-14  1.48e-04     2s
  12  -7.74696443e+00  3.46928119e+00  9.25e-16 2.13e-14  2.26e-05     2s
  13  -1.29806105e+00  9.13226033e-01  3.07e-16 2.84e-14  4.45e-06     2s
  14  -2.18759627e-01  6.09047943e-01  1.40e-16 2.84e-14  1.67e-06     2s
  15   2.28931854e-01  4.34841574e-01  4.34e-17 2.84e-14  4.14e-07     2s
  16   2.86076915e-01  4.15794199e-01  2.99e-17 2.84e-14  2.61e-07     3s
  17   3.53203896e-01  3.91568510e-01  1.61e-17 2.84e-14  7.72e-08     3s
  18   3.68624319e-01  3.86100427e-01  1.02e-17 2.84e-14  3.52e-08     3s
  19   3.80370215e-01  3.82016831e-01  2.39e-17 2.84e-14  3.31e-09     3s
  20   3.81474985e-01  3.81633338e-01  1.18e-17 5.68e-14  3.19e-10     3s
  21   3.81590167e-01  3.81593500e-01  2.66e-17 2.84e-14  6.71e-12     3s
  22   3.81592636e-01  3.81592646e-01  1.14e-16 2.84e-14  2.01e-14     3s
  23   3.81592642e-01  3.81592644e-01  2.08e-15 2.84e-14  3.30e-15     3s
  24   3.81592643e-01  3.81592643e-01  4.83e-15 2.84e-14  9.19e-16     3s
  25   3.81592643e-01  3.81592643e-01  9.86e-16 2.84e-14  2.27e-16     3s
  26   3.81592643e-01  3.81592643e-01  6.54e-16 2.84e-14  9.62e-17     3s

Barrier solved model in 26 iterations and 3.30 seconds (3.07 work units)
Optimal objective 3.81592643e-01

objective value: 0.3815926431008452
Done! Time elapsed: 23.634899854660034 seconds.
g_0_1: 1.000000326767203
g_1_1: 1.0000001873971494
g_1_2: 1.000000528293863
g_2_1: 1.0000003242262336
g_2_2: 1.0000009140308497
g_2_3: 1.000000324226234
g_2_4: 1.0000009140308175
Parameters from last iteration: [0.17400006 0.70700013 0.17400009 0.70700023 0.17400016 0.70700023
 0.17400016]

Parameters from current iteration:
                [0.17400006 0.70700013 0.17400009 0.70700023 0.17400016 0.70700023
 0.17400016]


                Percentage Error = 1.570329302082837e-16
                
year done: 82
Time 83: 2
Optimization Iteration[1/20000]

Solving the optimization problem...
Set parameter TokenServer to value "licenses.rcc.uchicago.edu"
Read LP format model from file /scratch/local/jobs/50183986/tmp6j7r8crm.pyomo.lp
Reading time = 1.33 seconds
x1: 258121 rows, 502401 columns, 1259970 nonzeros
Set parameter Threads to value 8
Set parameter BarConvTol to value 1e-12
Gurobi Optimizer version 11.0.0 build v11.0.0rc2 (linux64 - "CentOS Linux 8")

CPU model: Intel(R) Xeon(R) Gold 6248R CPU @ 3.00GHz, instruction set [SSE2|AVX|AVX2|AVX512]
Thread count: 48 physical cores, 48 logical processors, using up to 8 threads

Optimize a model with 258121 rows, 502401 columns and 1259970 nonzeros
Model fingerprint: 0xcff59cfa
Model has 3166 quadratic objective terms
Coefficient statistics:
  Matrix range     [1e+00, 1e+03]
  Objective range  [1e-06, 1e+02]
  QObjective range [3e-01, 3e+03]
  Bounds range     [3e-04, 1e+00]
  RHS range        [2e-17, 6e+00]
Presolve removed 131481 rows and 128813 columns
Presolve time: 0.54s
Presolved: 126640 rows, 373588 columns, 743932 nonzeros
Presolved model has 3166 quadratic objective terms
Ordering time: 0.15s

Barrier statistics:
 AA' NZ     : 3.709e+05
 Factor NZ  : 3.905e+06 (roughly 230 MB of memory)
 Factor Ops : 2.623e+08 (less than 1 second per iteration)
 Threads    : 8

                  Objective                Residual
Iter       Primal          Dual         Primal    Dual     Compl     Time
   0  -1.22466045e+09  8.63517425e+08  7.80e+04 1.14e-13  1.00e+06     1s
   1  -5.85742647e+08  5.07976560e+08  1.69e+04 1.44e+02  2.23e+05     1s
   2  -2.82434129e+08  2.81995027e+08  2.13e+02 8.69e-01  3.96e+03     1s
   3  -6.55833253e+07  6.61786497e+07  1.76e+00 1.46e-12  2.85e+02     1s
   4  -1.25708102e+07  1.31966947e+07  1.53e-01 4.08e-12  5.32e+01     1s
   5  -2.28690475e+06  2.53083842e+06  1.14e-02 1.35e-12  9.74e+00     1s
   6  -3.34328677e+05  3.84146756e+05  1.14e-08 9.85e-13  1.45e+00     2s
   7  -5.04629626e+04  6.35332764e+04  1.38e-13 8.08e-13  2.29e-01     2s
   8  -7.72389695e+03  9.03812125e+03  4.14e-14 1.94e-13  3.37e-02     2s
   9  -1.28001162e+03  1.49907144e+03  1.68e-14 3.33e-14  5.59e-03     2s
  10  -2.16545086e+02  1.69217649e+02  8.66e-15 2.84e-14  7.76e-04     2s
  11  -4.77690576e+01  2.59673688e+01  2.36e-15 1.51e-14  1.48e-04     2s
  12  -7.75928339e+00  3.45696223e+00  1.14e-15 2.84e-14  2.26e-05     2s
  13  -1.31038001e+00  9.00907074e-01  3.36e-16 2.84e-14  4.45e-06     2s
  14  -2.31078586e-01  5.96728985e-01  1.34e-16 2.84e-14  1.67e-06     2s
  15   2.16612895e-01  4.22522615e-01  4.40e-17 2.84e-14  4.14e-07     2s
  16   2.73757956e-01  4.03475240e-01  2.93e-17 2.84e-14  2.61e-07     3s
  17   3.40884937e-01  3.79249551e-01  1.56e-17 2.84e-14  7.72e-08     3s
  18   3.56305361e-01  3.73781469e-01  1.55e-17 1.69e-14  3.52e-08     3s
  19   3.68051257e-01  3.69697873e-01  2.84e-17 4.26e-14  3.31e-09     3s
  20   3.69156026e-01  3.69314380e-01  1.15e-17 2.13e-14  3.19e-10     3s
  21   3.69271208e-01  3.69274541e-01  1.36e-17 2.84e-14  6.71e-12     3s
  22   3.69273677e-01  3.69273687e-01  8.80e-17 2.84e-14  2.01e-14     3s
  23   3.69273683e-01  3.69273685e-01  2.18e-15 2.84e-14  3.28e-15     3s
  24   3.69273684e-01  3.69273684e-01  3.66e-15 2.84e-14  9.15e-16     3s
  25   3.69273684e-01  3.69273684e-01  1.30e-15 2.84e-14  2.26e-16     3s
  26   3.69273684e-01  3.69273684e-01  6.46e-16 2.84e-14  9.56e-17     3s

Barrier solved model in 26 iterations and 3.29 seconds (3.07 work units)
Optimal objective 3.69273684e-01

objective value: 0.3692736842832787
Done! Time elapsed: 25.01157855987549 seconds.
g_0_1: 1.000000326767203
g_1_1: 1.0000001873971494
g_1_2: 1.000000528293863
g_2_1: 1.0000003242262336
g_2_2: 1.0000009140308495
g_2_3: 1.000000324226234
g_2_4: 1.0000009140308175
Parameters from last iteration: [0.17400006 0.70700013 0.17400009 0.70700023 0.17400016 0.70700023
 0.17400016]

Parameters from current iteration:
                [0.17400006 0.70700013 0.17400009 0.70700023 0.17400016 0.70700023
 0.17400016]


                Percentage Error = 3.1902931317470953e-16
                
year done: 83
Time 84: 2
Optimization Iteration[1/20000]

Solving the optimization problem...
Set parameter TokenServer to value "licenses.rcc.uchicago.edu"
Read LP format model from file /scratch/local/jobs/50183986/tmpbcrk13qu.pyomo.lp
Reading time = 1.36 seconds
x1: 258121 rows, 502401 columns, 1259970 nonzeros
Set parameter Threads to value 8
Set parameter BarConvTol to value 1e-12
Gurobi Optimizer version 11.0.0 build v11.0.0rc2 (linux64 - "CentOS Linux 8")

CPU model: Intel(R) Xeon(R) Gold 6248R CPU @ 3.00GHz, instruction set [SSE2|AVX|AVX2|AVX512]
Thread count: 48 physical cores, 48 logical processors, using up to 8 threads

Optimize a model with 258121 rows, 502401 columns and 1259970 nonzeros
Model fingerprint: 0x814b014a
Model has 3166 quadratic objective terms
Coefficient statistics:
  Matrix range     [1e+00, 1e+03]
  Objective range  [1e-06, 1e+02]
  QObjective range [3e-01, 3e+03]
  Bounds range     [3e-04, 1e+00]
  RHS range        [2e-17, 6e+00]
Presolve removed 131481 rows and 128813 columns
Presolve time: 0.55s
Presolved: 126640 rows, 373588 columns, 743932 nonzeros
Presolved model has 3166 quadratic objective terms
Ordering time: 0.15s

Barrier statistics:
 AA' NZ     : 3.709e+05
 Factor NZ  : 3.905e+06 (roughly 230 MB of memory)
 Factor Ops : 2.623e+08 (less than 1 second per iteration)
 Threads    : 8

                  Objective                Residual
Iter       Primal          Dual         Primal    Dual     Compl     Time
   0  -1.22466045e+09  8.63517425e+08  7.80e+04 1.14e-13  1.00e+06     1s
   1  -5.85742647e+08  5.07976560e+08  1.69e+04 1.44e+02  2.23e+05     1s
   2  -2.82434129e+08  2.81995027e+08  2.13e+02 8.69e-01  3.96e+03     1s
   3  -6.55833253e+07  6.61786497e+07  1.76e+00 1.49e-12  2.85e+02     1s
   4  -1.25708103e+07  1.31966947e+07  1.53e-01 4.15e-12  5.32e+01     1s
   5  -2.28690476e+06  2.53083841e+06  1.14e-02 1.23e-12  9.74e+00     1s
   6  -3.34328689e+05  3.84146744e+05  1.14e-08 8.66e-13  1.45e+00     2s
   7  -5.04629744e+04  6.35332646e+04  1.44e-13 6.91e-13  2.29e-01     2s
   8  -7.72390871e+03  9.03810948e+03  3.58e-14 1.56e-13  3.37e-02     2s
   9  -1.28002338e+03  1.49905967e+03  1.86e-14 3.33e-14  5.59e-03     2s
  10  -2.16556850e+02  1.69205885e+02  7.66e-15 4.26e-14  7.76e-04     2s
  11  -4.77808221e+01  2.59556043e+01  2.45e-15 2.84e-14  1.48e-04     2s
  12  -7.77104790e+00  3.44519772e+00  1.21e-15 2.84e-14  2.26e-05     2s
  13  -1.32214452e+00  8.89142560e-01  2.54e-16 2.84e-14  4.45e-06     2s
  14  -2.42843100e-01  5.84964470e-01  1.35e-16 2.84e-14  1.67e-06     2s
  15   2.04848381e-01  4.10758101e-01  4.42e-17 1.95e-14  4.14e-07     2s
  16   2.61993442e-01  3.91710725e-01  2.54e-17 2.84e-14  2.61e-07     3s
  17   3.29120422e-01  3.67485037e-01  1.43e-17 2.84e-14  7.72e-08     3s
  18   3.44540846e-01  3.62016954e-01  1.79e-17 1.60e-14  3.52e-08     3s
  19   3.56286742e-01  3.57933358e-01  2.31e-17 4.26e-14  3.31e-09     3s
  20   3.57391512e-01  3.57549865e-01  1.00e-17 2.84e-14  3.19e-10     3s
  21   3.57506694e-01  3.57510027e-01  2.01e-17 2.84e-14  6.71e-12     3s
  22   3.57509163e-01  3.57509173e-01  9.28e-17 2.84e-14  2.01e-14     3s
  23   3.57509169e-01  3.57509170e-01  2.10e-15 2.84e-14  3.26e-15     3s
  24   3.57509170e-01  3.57509170e-01  4.13e-15 2.84e-14  9.11e-16     3s
  25   3.57509170e-01  3.57509170e-01  1.05e-15 2.84e-14  2.25e-16     3s
  26   3.57509170e-01  3.57509170e-01  5.19e-16 2.84e-14  9.50e-17     3s

Barrier solved model in 26 iterations and 3.30 seconds (3.07 work units)
Optimal objective 3.57509170e-01

objective value: 0.35750916994527504
Done! Time elapsed: 23.62387490272522 seconds.
g_0_1: 1.0000003267672029
g_1_1: 1.0000001873971494
g_1_2: 1.0000005282938629
g_2_1: 1.0000003242262336
g_2_2: 1.0000009140308492
g_2_3: 1.000000324226234
g_2_4: 1.0000009140308175
Parameters from last iteration: [0.17400006 0.70700013 0.17400009 0.70700023 0.17400016 0.70700023
 0.17400016]

Parameters from current iteration:
                [0.17400006 0.70700013 0.17400009 0.70700023 0.17400016 0.70700023
 0.17400016]


                Percentage Error = 3.190294362360504e-16
                
year done: 84
Time 85: 2
Optimization Iteration[1/20000]

Solving the optimization problem...
Set parameter TokenServer to value "licenses.rcc.uchicago.edu"
Read LP format model from file /scratch/local/jobs/50183986/tmpe8qr5zmh.pyomo.lp
Reading time = 1.33 seconds
x1: 258121 rows, 502401 columns, 1259970 nonzeros
Set parameter Threads to value 8
Set parameter BarConvTol to value 1e-12
Gurobi Optimizer version 11.0.0 build v11.0.0rc2 (linux64 - "CentOS Linux 8")

CPU model: Intel(R) Xeon(R) Gold 6248R CPU @ 3.00GHz, instruction set [SSE2|AVX|AVX2|AVX512]
Thread count: 48 physical cores, 48 logical processors, using up to 8 threads

Optimize a model with 258121 rows, 502401 columns and 1259970 nonzeros
Model fingerprint: 0x61f134ba
Model has 3166 quadratic objective terms
Coefficient statistics:
  Matrix range     [1e+00, 1e+03]
  Objective range  [1e-06, 1e+02]
  QObjective range [3e-01, 3e+03]
  Bounds range     [3e-04, 1e+00]
  RHS range        [2e-17, 6e+00]
Presolve removed 131481 rows and 128813 columns
Presolve time: 0.54s
Presolved: 126640 rows, 373588 columns, 743932 nonzeros
Presolved model has 3166 quadratic objective terms
Ordering time: 0.16s

Barrier statistics:
 AA' NZ     : 3.709e+05
 Factor NZ  : 3.905e+06 (roughly 230 MB of memory)
 Factor Ops : 2.623e+08 (less than 1 second per iteration)
 Threads    : 8

                  Objective                Residual
Iter       Primal          Dual         Primal    Dual     Compl     Time
   0  -1.22466045e+09  8.63517425e+08  7.80e+04 1.13e-13  1.00e+06     1s
   1  -5.85742647e+08  5.07976560e+08  1.69e+04 1.44e+02  2.23e+05     1s
   2  -2.82434129e+08  2.81995027e+08  2.13e+02 8.69e-01  3.96e+03     1s
   3  -6.55833253e+07  6.61786497e+07  1.76e+00 1.42e-12  2.85e+02     1s
   4  -1.25708103e+07  1.31966947e+07  1.53e-01 7.79e-12  5.32e+01     1s
   5  -2.28690477e+06  2.53083840e+06  1.14e-02 1.56e-12  9.74e+00     1s
   6  -3.34328700e+05  3.84146733e+05  1.14e-08 9.93e-13  1.45e+00     2s
   7  -5.04629856e+04  6.35332534e+04  1.23e-13 6.58e-13  2.29e-01     2s
   8  -7.72391995e+03  9.03809825e+03  3.76e-14 1.70e-13  3.37e-02     2s
   9  -1.28003462e+03  1.49904844e+03  2.05e-14 4.26e-14  5.59e-03     2s
  10  -2.16568085e+02  1.69194650e+02  1.05e-14 2.84e-14  7.76e-04     2s
  11  -4.77920571e+01  2.59443693e+01  2.49e-15 2.84e-14  1.48e-04     2s
  12  -7.78228292e+00  3.43396270e+00  1.08e-15 2.13e-14  2.26e-05     2s
  13  -1.33337954e+00  8.77907536e-01  3.40e-16 2.84e-14  4.45e-06     2s
  14  -2.54078124e-01  5.73729446e-01  1.29e-16 4.26e-14  1.67e-06     2s
  15   1.93613357e-01  3.99523077e-01  4.12e-17 2.31e-14  4.14e-07     3s
  16   2.50758418e-01  3.80475701e-01  2.64e-17 2.84e-14  2.61e-07     3s
  17   3.17885399e-01  3.56250013e-01  2.26e-17 2.84e-14  7.72e-08     3s
  18   3.33305822e-01  3.50781930e-01  2.45e-17 2.84e-14  3.52e-08     3s
  19   3.45051718e-01  3.46698334e-01  2.07e-17 2.84e-14  3.31e-09     3s
  20   3.46156488e-01  3.46314841e-01  1.58e-17 2.84e-14  3.19e-10     3s
  21   3.46271670e-01  3.46275003e-01  2.20e-17 2.84e-14  6.71e-12     3s
  22   3.46274139e-01  3.46274149e-01  1.05e-16 2.84e-14  2.01e-14     3s
  23   3.46274145e-01  3.46274146e-01  2.49e-15 2.84e-14  3.25e-15     3s
  24   3.46274146e-01  3.46274146e-01  3.63e-15 2.84e-14  9.07e-16     3s
  25   3.46274146e-01  3.46274146e-01  9.49e-16 2.84e-14  2.24e-16     3s
  26   3.46274146e-01  3.46274146e-01  5.72e-16 2.84e-14  9.44e-17     3s

Barrier solved model in 26 iterations and 3.35 seconds (3.07 work units)
Optimal objective 3.46274146e-01

objective value: 0.34627414597459727
Done! Time elapsed: 23.727491855621338 seconds.
g_0_1: 1.0000003267672029
g_1_1: 1.0000001873971494
g_1_2: 1.000000528293863
g_2_1: 1.0000003242262336
g_2_2: 1.0000009140308488
g_2_3: 1.000000324226234
g_2_4: 1.0000009140308175
Parameters from last iteration: [0.17400006 0.70700013 0.17400009 0.70700023 0.17400016 0.70700023
 0.17400016]

Parameters from current iteration:
                [0.17400006 0.70700013 0.17400009 0.70700023 0.17400016 0.70700023
 0.17400016]


                Percentage Error = 4.785439697620645e-16
                
year done: 85
Time 86: 2
Optimization Iteration[1/20000]

Solving the optimization problem...
Set parameter TokenServer to value "licenses.rcc.uchicago.edu"
Read LP format model from file /scratch/local/jobs/50183986/tmpmawxl3ts.pyomo.lp
Reading time = 1.33 seconds
x1: 258121 rows, 502401 columns, 1259970 nonzeros
Set parameter Threads to value 8
Set parameter BarConvTol to value 1e-12
Gurobi Optimizer version 11.0.0 build v11.0.0rc2 (linux64 - "CentOS Linux 8")

CPU model: Intel(R) Xeon(R) Gold 6248R CPU @ 3.00GHz, instruction set [SSE2|AVX|AVX2|AVX512]
Thread count: 48 physical cores, 48 logical processors, using up to 8 threads

Optimize a model with 258121 rows, 502401 columns and 1259970 nonzeros
Model fingerprint: 0x3cba146d
Model has 3166 quadratic objective terms
Coefficient statistics:
  Matrix range     [1e+00, 1e+03]
  Objective range  [1e-06, 1e+02]
  QObjective range [3e-01, 3e+03]
  Bounds range     [3e-04, 1e+00]
  RHS range        [2e-17, 6e+00]
Presolve removed 131481 rows and 128813 columns
Presolve time: 0.54s
Presolved: 126640 rows, 373588 columns, 743932 nonzeros
Presolved model has 3166 quadratic objective terms
Ordering time: 0.15s

Barrier statistics:
 AA' NZ     : 3.709e+05
 Factor NZ  : 3.905e+06 (roughly 230 MB of memory)
 Factor Ops : 2.623e+08 (less than 1 second per iteration)
 Threads    : 8

                  Objective                Residual
Iter       Primal          Dual         Primal    Dual     Compl     Time
   0  -1.22466045e+09  8.63517425e+08  7.80e+04 1.14e-13  1.00e+06     1s
   1  -5.85742647e+08  5.07976560e+08  1.69e+04 1.44e+02  2.23e+05     1s
   2  -2.82434129e+08  2.81995027e+08  2.13e+02 8.69e-01  3.96e+03     1s
   3  -6.55833253e+07  6.61786496e+07  1.76e+00 1.45e-12  2.85e+02     1s
   4  -1.25708103e+07  1.31966947e+07  1.53e-01 5.06e-12  5.32e+01     1s
   5  -2.28690478e+06  2.53083839e+06  1.14e-02 1.11e-12  9.74e+00     1s
   6  -3.34328711e+05  3.84146722e+05  1.14e-08 7.62e-13  1.45e+00     2s
   7  -5.04629963e+04  6.35332427e+04  1.74e-13 6.28e-13  2.29e-01     2s
   8  -7.72393068e+03  9.03808752e+03  4.30e-14 1.68e-13  3.37e-02     2s
   9  -1.28004535e+03  1.49903771e+03  1.77e-14 5.68e-14  5.59e-03     2s
  10  -2.16578815e+02  1.69183920e+02  1.03e-14 2.84e-14  7.76e-04     2s
  11  -4.78027865e+01  2.59336399e+01  2.19e-15 2.84e-14  1.48e-04     2s
  12  -7.79301229e+00  3.42323333e+00  1.01e-15 2.13e-14  2.26e-05     2s
  13  -1.34410891e+00  8.67178172e-01  2.59e-16 2.84e-14  4.45e-06     2s
  14  -2.64807489e-01  5.63000082e-01  1.08e-16 2.84e-14  1.67e-06     2s
  15   1.82883992e-01  3.88793712e-01  3.40e-17 2.13e-14  4.14e-07     2s
  16   2.40029053e-01  3.69746337e-01  2.86e-17 1.87e-14  2.61e-07     3s
  17   3.07156034e-01  3.45520648e-01  1.92e-17 2.84e-14  7.72e-08     3s
  18   3.22576458e-01  3.40052566e-01  1.47e-17 2.84e-14  3.52e-08     3s
  19   3.34322354e-01  3.35968970e-01  2.01e-17 2.84e-14  3.31e-09     3s
  20   3.35427123e-01  3.35585477e-01  2.55e-17 1.69e-14  3.19e-10     3s
  21   3.35542305e-01  3.35545638e-01  1.41e-17 2.84e-14  6.71e-12     3s
  22   3.35544774e-01  3.35544784e-01  1.00e-16 2.84e-14  2.01e-14     3s
  23   3.35544780e-01  3.35544782e-01  2.60e-15 2.84e-14  3.23e-15     3s
  24   3.35544781e-01  3.35544782e-01  5.09e-15 2.84e-14  9.03e-16     3s
  25   3.35544781e-01  3.35544781e-01  1.20e-15 2.84e-14  2.23e-16     3s
  26   3.35544781e-01  3.35544781e-01  8.36e-16 2.84e-14  9.38e-17     3s

Barrier solved model in 26 iterations and 3.29 seconds (3.07 work units)
Optimal objective 3.35544781e-01

objective value: 0.33554478137907273
Done! Time elapsed: 23.78058910369873 seconds.
g_0_1: 1.0000003267672026
g_1_1: 1.0000001873971494
g_1_2: 1.0000005282938629
g_2_1: 1.0000003242262336
g_2_2: 1.0000009140308486
g_2_3: 1.000000324226234
g_2_4: 1.0000009140308175
Parameters from last iteration: [0.17400006 0.70700013 0.17400009 0.70700023 0.17400016 0.70700023
 0.17400016]

Parameters from current iteration:
                [0.17400006 0.70700013 0.17400009 0.70700023 0.17400016 0.70700023
 0.17400016]


                Percentage Error = 3.190294362360504e-16
                
year done: 86
Time 87: 2
Optimization Iteration[1/20000]

Solving the optimization problem...
Set parameter TokenServer to value "licenses.rcc.uchicago.edu"
Read LP format model from file /scratch/local/jobs/50183986/tmps47637vv.pyomo.lp
Reading time = 1.33 seconds
x1: 258121 rows, 502401 columns, 1259970 nonzeros
Set parameter Threads to value 8
Set parameter BarConvTol to value 1e-12
Gurobi Optimizer version 11.0.0 build v11.0.0rc2 (linux64 - "CentOS Linux 8")

CPU model: Intel(R) Xeon(R) Gold 6248R CPU @ 3.00GHz, instruction set [SSE2|AVX|AVX2|AVX512]
Thread count: 48 physical cores, 48 logical processors, using up to 8 threads

Optimize a model with 258121 rows, 502401 columns and 1259970 nonzeros
Model fingerprint: 0x0e889460
Model has 3166 quadratic objective terms
Coefficient statistics:
  Matrix range     [1e+00, 1e+03]
  Objective range  [1e-06, 1e+02]
  QObjective range [3e-01, 3e+03]
  Bounds range     [3e-04, 1e+00]
  RHS range        [2e-17, 6e+00]
Presolve removed 131481 rows and 128813 columns
Presolve time: 0.54s
Presolved: 126640 rows, 373588 columns, 743932 nonzeros
Presolved model has 3166 quadratic objective terms
Ordering time: 0.16s

Barrier statistics:
 AA' NZ     : 3.709e+05
 Factor NZ  : 3.905e+06 (roughly 230 MB of memory)
 Factor Ops : 2.623e+08 (less than 1 second per iteration)
 Threads    : 8

                  Objective                Residual
Iter       Primal          Dual         Primal    Dual     Compl     Time
   0  -1.22466045e+09  8.63517425e+08  7.80e+04 1.13e-13  1.00e+06     1s
   1  -5.85742647e+08  5.07976560e+08  1.69e+04 1.44e+02  2.23e+05     1s
   2  -2.82434129e+08  2.81995027e+08  2.13e+02 8.69e-01  3.96e+03     1s
   3  -6.55833253e+07  6.61786496e+07  1.76e+00 1.70e-12  2.85e+02     1s
   4  -1.25708103e+07  1.31966946e+07  1.53e-01 5.74e-12  5.32e+01     1s
   5  -2.28690480e+06  2.53083838e+06  1.14e-02 1.36e-12  9.74e+00     1s
   6  -3.34328721e+05  3.84146712e+05  1.14e-08 7.92e-13  1.45e+00     2s
   7  -5.04630066e+04  6.35332324e+04  1.41e-13 7.37e-13  2.29e-01     2s
   8  -7.72394093e+03  9.03807727e+03  4.89e-14 1.90e-13  3.37e-02     2s
   9  -1.28005559e+03  1.49902746e+03  2.39e-14 5.68e-14  5.59e-03     2s
  10  -2.16589061e+02  1.69173674e+02  7.40e-15 2.58e-14  7.76e-04     2s
  11  -4.78130330e+01  2.59233935e+01  2.07e-15 2.84e-14  1.48e-04     2s
  12  -7.80325875e+00  3.41298687e+00  1.25e-15 2.49e-14  2.26e-05     2s
  13  -1.35435537e+00  8.56931708e-01  2.52e-16 2.84e-14  4.45e-06     2s
  14  -2.75053952e-01  5.52753618e-01  1.45e-16 2.84e-14  1.67e-06     2s
  15   1.72637529e-01  3.78547249e-01  4.12e-17 2.84e-14  4.14e-07     2s
  16   2.29782589e-01  3.59499873e-01  2.17e-17 2.84e-14  2.61e-07     3s
  17   2.96909570e-01  3.35274184e-01  2.31e-17 2.84e-14  7.72e-08     3s
  18   3.12329994e-01  3.29806102e-01  1.32e-17 1.87e-14  3.52e-08     3s
  19   3.24075890e-01  3.25722506e-01  2.57e-17 2.84e-14  3.31e-09     3s
  20   3.25180660e-01  3.25339013e-01  1.06e-17 1.78e-14  3.19e-10     3s
  21   3.25295841e-01  3.25299174e-01  1.93e-17 2.84e-14  6.71e-12     3s
  22   3.25298310e-01  3.25298320e-01  9.76e-17 2.84e-14  2.01e-14     3s
  23   3.25298317e-01  3.25298318e-01  2.18e-15 2.84e-14  3.22e-15     3s
  24   3.25298317e-01  3.25298318e-01  4.39e-15 2.84e-14  8.99e-16     3s
  25   3.25298318e-01  3.25298318e-01  1.25e-15 2.84e-14  2.21e-16     3s
  26   3.25298318e-01  3.25298318e-01  6.81e-16 2.84e-14  9.32e-17     3s

Barrier solved model in 26 iterations and 3.28 seconds (3.07 work units)
Optimal objective 3.25298318e-01

objective value: 0.3252983177378676
Done! Time elapsed: 25.02078080177307 seconds.
g_0_1: 1.0000003267672026
g_1_1: 1.0000001873971494
g_1_2: 1.0000005282938629
g_2_1: 1.0000003242262336
g_2_2: 1.0000009140308483
g_2_3: 1.000000324226234
g_2_4: 1.0000009140308175
Parameters from last iteration: [0.17400006 0.70700013 0.17400009 0.70700023 0.17400016 0.70700023
 0.17400016]

Parameters from current iteration:
                [0.17400006 0.70700013 0.17400009 0.70700023 0.17400016 0.70700023
 0.17400016]


                Percentage Error = 3.190293131747099e-16
                
year done: 87
Time 88: 2
Optimization Iteration[1/20000]

Solving the optimization problem...
Set parameter TokenServer to value "licenses.rcc.uchicago.edu"
Read LP format model from file /scratch/local/jobs/50183986/tmpw84facg_.pyomo.lp
Reading time = 1.34 seconds
x1: 258121 rows, 502401 columns, 1259970 nonzeros
Set parameter Threads to value 8
Set parameter BarConvTol to value 1e-12
Gurobi Optimizer version 11.0.0 build v11.0.0rc2 (linux64 - "CentOS Linux 8")

CPU model: Intel(R) Xeon(R) Gold 6248R CPU @ 3.00GHz, instruction set [SSE2|AVX|AVX2|AVX512]
Thread count: 48 physical cores, 48 logical processors, using up to 8 threads

Optimize a model with 258121 rows, 502401 columns and 1259970 nonzeros
Model fingerprint: 0x50e465fb
Model has 3166 quadratic objective terms
Coefficient statistics:
  Matrix range     [1e+00, 1e+03]
  Objective range  [1e-06, 1e+02]
  QObjective range [3e-01, 3e+03]
  Bounds range     [3e-04, 1e+00]
  RHS range        [2e-17, 6e+00]
Presolve removed 131481 rows and 128813 columns
Presolve time: 0.55s
Presolved: 126640 rows, 373588 columns, 743932 nonzeros
Presolved model has 3166 quadratic objective terms
Ordering time: 0.15s

Barrier statistics:
 AA' NZ     : 3.709e+05
 Factor NZ  : 3.905e+06 (roughly 230 MB of memory)
 Factor Ops : 2.623e+08 (less than 1 second per iteration)
 Threads    : 8

                  Objective                Residual
Iter       Primal          Dual         Primal    Dual     Compl     Time
   0  -1.22466045e+09  8.63517425e+08  7.80e+04 1.13e-13  1.00e+06     1s
   1  -5.85742647e+08  5.07976560e+08  1.69e+04 1.44e+02  2.23e+05     1s
   2  -2.82434129e+08  2.81995027e+08  2.13e+02 8.69e-01  3.96e+03     1s
   3  -6.55833254e+07  6.61786496e+07  1.76e+00 1.34e-12  2.85e+02     1s
   4  -1.25708103e+07  1.31966946e+07  1.53e-01 3.98e-12  5.32e+01     1s
   5  -2.28690480e+06  2.53083837e+06  1.14e-02 1.40e-12  9.74e+00     1s
   6  -3.34328731e+05  3.84146702e+05  1.14e-08 8.36e-13  1.45e+00     2s
   7  -5.04630164e+04  6.35332226e+04  1.17e-13 6.64e-13  2.29e-01     2s
   8  -7.72395071e+03  9.03806749e+03  3.90e-14 2.03e-13  3.37e-02     2s
   9  -1.28006538e+03  1.49901768e+03  1.98e-14 5.68e-14  5.59e-03     2s
  10  -2.16598846e+02  1.69163888e+02  1.03e-14 2.84e-14  7.76e-04     2s
  11  -4.78228183e+01  2.59136082e+01  1.84e-15 2.84e-14  1.48e-04     2s
  12  -7.81304405e+00  3.40320157e+00  1.17e-15 2.84e-14  2.26e-05     2s
  13  -1.36414067e+00  8.47146411e-01  3.22e-16 2.84e-14  4.45e-06     2s
  14  -2.84839249e-01  5.42968321e-01  1.42e-16 2.84e-14  1.67e-06     2s
  15   1.62852232e-01  3.68761952e-01  3.88e-17 1.78e-14  4.14e-07     2s
  16   2.19997293e-01  3.49714576e-01  2.35e-17 2.84e-14  2.61e-07     3s
  17   2.87124273e-01  3.25488888e-01  1.69e-17 2.84e-14  7.72e-08     3s
  18   3.02544697e-01  3.20020805e-01  1.53e-17 2.84e-14  3.52e-08     3s
  19   3.14290593e-01  3.15937209e-01  3.56e-17 2.84e-14  3.31e-09     3s
  20   3.15395363e-01  3.15553716e-01  1.07e-17 2.13e-14  3.19e-10     3s
  21   3.15510545e-01  3.15513878e-01  1.47e-17 2.84e-14  6.71e-12     3s
  22   3.15513014e-01  3.15513024e-01  1.16e-16 2.84e-14  2.01e-14     3s
  23   3.15513020e-01  3.15513021e-01  2.45e-15 2.84e-14  3.20e-15     3s
  24   3.15513021e-01  3.15513021e-01  4.00e-15 2.84e-14  8.95e-16     3s
  25   3.15513021e-01  3.15513021e-01  1.09e-15 2.84e-14  2.20e-16     3s
  26   3.15513021e-01  3.15513021e-01  5.21e-16 2.84e-14  9.26e-17     3s

Barrier solved model in 26 iterations and 3.29 seconds (3.07 work units)
Optimal objective 3.15513021e-01

objective value: 0.31551302092780437
Done! Time elapsed: 23.712010383605957 seconds.
g_0_1: 1.000000326767203
g_1_1: 1.0000001873971494
g_1_2: 1.0000005282938629
g_2_1: 1.0000003242262336
g_2_2: 1.0000009140308483
g_2_3: 1.000000324226234
g_2_4: 1.0000009140308175
Parameters from last iteration: [0.17400006 0.70700013 0.17400009 0.70700023 0.17400016 0.70700023
 0.17400016]

Parameters from current iteration:
                [0.17400006 0.70700013 0.17400009 0.70700023 0.17400016 0.70700023
 0.17400016]


                Percentage Error = 3.190295005289663e-16
                
year done: 88
Time 89: 2
Optimization Iteration[1/20000]

Solving the optimization problem...
Set parameter TokenServer to value "licenses.rcc.uchicago.edu"
Read LP format model from file /scratch/local/jobs/50183986/tmpy58dxro1.pyomo.lp
Reading time = 1.34 seconds
x1: 258121 rows, 502401 columns, 1259970 nonzeros
Set parameter Threads to value 8
Set parameter BarConvTol to value 1e-12
Gurobi Optimizer version 11.0.0 build v11.0.0rc2 (linux64 - "CentOS Linux 8")

CPU model: Intel(R) Xeon(R) Gold 6248R CPU @ 3.00GHz, instruction set [SSE2|AVX|AVX2|AVX512]
Thread count: 48 physical cores, 48 logical processors, using up to 8 threads

Optimize a model with 258121 rows, 502401 columns and 1259970 nonzeros
Model fingerprint: 0xc040b4d9
Model has 3166 quadratic objective terms
Coefficient statistics:
  Matrix range     [1e+00, 1e+03]
  Objective range  [1e-06, 1e+02]
  QObjective range [3e-01, 3e+03]
  Bounds range     [3e-04, 1e+00]
  RHS range        [2e-17, 6e+00]
Presolve removed 131481 rows and 128813 columns
Presolve time: 0.55s
Presolved: 126640 rows, 373588 columns, 743932 nonzeros
Presolved model has 3166 quadratic objective terms
Ordering time: 0.16s

Barrier statistics:
 AA' NZ     : 3.709e+05
 Factor NZ  : 3.905e+06 (roughly 230 MB of memory)
 Factor Ops : 2.623e+08 (less than 1 second per iteration)
 Threads    : 8

                  Objective                Residual
Iter       Primal          Dual         Primal    Dual     Compl     Time
   0  -1.22466045e+09  8.63517425e+08  7.80e+04 1.13e-13  1.00e+06     1s
   1  -5.85742647e+08  5.07976560e+08  1.69e+04 1.44e+02  2.23e+05     1s
   2  -2.82434129e+08  2.81995027e+08  2.13e+02 8.69e-01  3.96e+03     1s
   3  -6.55833254e+07  6.61786496e+07  1.76e+00 1.49e-12  2.85e+02     1s
   4  -1.25708103e+07  1.31966946e+07  1.53e-01 3.99e-12  5.32e+01     1s
   5  -2.28690481e+06  2.53083836e+06  1.14e-02 1.17e-12  9.74e+00     1s
   6  -3.34328741e+05  3.84146693e+05  1.14e-08 9.74e-13  1.45e+00     2s
   7  -5.04630257e+04  6.35332133e+04  1.34e-13 6.41e-13  2.29e-01     2s
   8  -7.72396006e+03  9.03805814e+03  4.85e-14 2.04e-13  3.37e-02     2s
   9  -1.28007472e+03  1.49900833e+03  2.37e-14 4.26e-14  5.59e-03     2s
  10  -2.16608191e+02  1.69154544e+02  6.68e-15 2.84e-14  7.76e-04     2s
  11  -4.78321632e+01  2.59042633e+01  3.29e-15 2.84e-14  1.48e-04     2s
  12  -7.82238893e+00  3.39385668e+00  1.16e-15 2.84e-14  2.26e-05     2s
  13  -1.37348556e+00  8.37801525e-01  3.00e-16 2.84e-14  4.45e-06     2s
  14  -2.94184135e-01  5.33623435e-01  1.28e-16 4.26e-14  1.67e-06     2s
  15   1.53507346e-01  3.59417066e-01  3.77e-17 2.84e-14  4.14e-07     2s
  16   2.10652407e-01  3.40369690e-01  2.87e-17 2.84e-14  2.61e-07     3s
  17   2.77779388e-01  3.16144002e-01  2.30e-17 2.84e-14  7.72e-08     3s
  18   2.93199811e-01  3.10675919e-01  1.29e-17 2.84e-14  3.52e-08     3s
  19   3.04945707e-01  3.06592323e-01  2.91e-17 2.84e-14  3.31e-09     3s
  20   3.06050477e-01  3.06208830e-01  1.37e-17 2.84e-14  3.19e-10     3s
  21   3.06165659e-01  3.06168992e-01  2.28e-17 5.68e-14  6.71e-12     3s
  22   3.06168128e-01  3.06168138e-01  1.14e-16 2.84e-14  2.01e-14     3s
  23   3.06168134e-01  3.06168135e-01  2.37e-15 2.84e-14  3.18e-15     3s
  24   3.06168135e-01  3.06168135e-01  3.84e-15 2.84e-14  8.91e-16     3s
  25   3.06168135e-01  3.06168135e-01  1.18e-15 2.84e-14  2.19e-16     3s
  26   3.06168135e-01  3.06168135e-01  6.13e-16 2.13e-14  9.20e-17     3s

Barrier solved model in 26 iterations and 3.29 seconds (3.07 work units)
Optimal objective 3.06168135e-01

objective value: 0.30616813502239554
Done! Time elapsed: 23.62504529953003 seconds.
g_0_1: 1.0000003267672029
g_1_1: 1.0000001873971496
g_1_2: 1.0000005282938629
g_2_1: 1.0000003242262336
g_2_2: 1.0000009140308481
g_2_3: 1.000000324226234
g_2_4: 1.0000009140308175
Parameters from last iteration: [0.17400006 0.70700013 0.17400009 0.70700023 0.17400016 0.70700023
 0.17400016]

Parameters from current iteration:
                [0.17400006 0.70700013 0.17400009 0.70700023 0.17400016 0.70700023
 0.17400016]


                Percentage Error = 1.5951475026448308e-16
                
year done: 89
Time 90: 2
Optimization Iteration[1/20000]

Solving the optimization problem...
Set parameter TokenServer to value "licenses.rcc.uchicago.edu"
Read LP format model from file /scratch/local/jobs/50183986/tmpm7vdqah3.pyomo.lp
Reading time = 1.33 seconds
x1: 258121 rows, 502401 columns, 1259970 nonzeros
Set parameter Threads to value 8
Set parameter BarConvTol to value 1e-12
Gurobi Optimizer version 11.0.0 build v11.0.0rc2 (linux64 - "CentOS Linux 8")

CPU model: Intel(R) Xeon(R) Gold 6248R CPU @ 3.00GHz, instruction set [SSE2|AVX|AVX2|AVX512]
Thread count: 48 physical cores, 48 logical processors, using up to 8 threads

Optimize a model with 258121 rows, 502401 columns and 1259970 nonzeros
Model fingerprint: 0xfeaedb73
Model has 3166 quadratic objective terms
Coefficient statistics:
  Matrix range     [1e+00, 1e+03]
  Objective range  [1e-06, 1e+02]
  QObjective range [3e-01, 3e+03]
  Bounds range     [3e-04, 1e+00]
  RHS range        [2e-17, 6e+00]
Presolve removed 131481 rows and 128813 columns
Presolve time: 0.54s
Presolved: 126640 rows, 373588 columns, 743932 nonzeros
Presolved model has 3166 quadratic objective terms
Ordering time: 0.16s

Barrier statistics:
 AA' NZ     : 3.709e+05
 Factor NZ  : 3.905e+06 (roughly 230 MB of memory)
 Factor Ops : 2.623e+08 (less than 1 second per iteration)
 Threads    : 8

                  Objective                Residual
Iter       Primal          Dual         Primal    Dual     Compl     Time
   0  -1.22466045e+09  8.63517425e+08  7.80e+04 1.13e-13  1.00e+06     1s
   1  -5.85742647e+08  5.07976560e+08  1.69e+04 1.44e+02  2.23e+05     1s
   2  -2.82434129e+08  2.81995027e+08  2.13e+02 8.69e-01  3.96e+03     1s
   3  -6.55833254e+07  6.61786496e+07  1.76e+00 1.62e-12  2.85e+02     1s
   4  -1.25708103e+07  1.31966946e+07  1.53e-01 3.74e-12  5.32e+01     1s
   5  -2.28690482e+06  2.53083835e+06  1.14e-02 1.51e-12  9.74e+00     1s
   6  -3.34328749e+05  3.84146684e+05  1.14e-08 1.53e-12  1.45e+00     2s
   7  -5.04630346e+04  6.35332044e+04  1.44e-13 6.88e-13  2.29e-01     2s
   8  -7.72396898e+03  9.03804922e+03  4.13e-14 1.96e-13  3.37e-02     2s
   9  -1.28008365e+03  1.49899941e+03  2.16e-14 4.53e-14  5.59e-03     2s
  10  -2.16617116e+02  1.69145619e+02  7.95e-15 2.84e-14  7.76e-04     2s
  11  -4.78410875e+01  2.58953390e+01  2.08e-15 2.84e-14  1.48e-04     2s
  12  -7.83131323e+00  3.38493239e+00  9.38e-16 2.84e-14  2.26e-05     2s
  13  -1.38240985e+00  8.28877228e-01  3.29e-16 2.84e-14  4.45e-06     2s
  14  -3.03108432e-01  5.24699139e-01  1.85e-16 2.84e-14  1.67e-06     2s
  15   1.44583049e-01  3.50492769e-01  4.64e-17 2.84e-14  4.14e-07     2s
  16   2.01728110e-01  3.31445394e-01  2.32e-17 2.84e-14  2.61e-07     3s
  17   2.68855091e-01  3.07219705e-01  2.36e-17 2.84e-14  7.72e-08     3s
  18   2.84275515e-01  3.01751623e-01  1.26e-17 4.26e-14  3.52e-08     3s
  19   2.96021411e-01  2.97668027e-01  2.12e-17 2.00e-14  3.31e-09     3s
  20   2.97126180e-01  2.97284534e-01  1.55e-17 2.84e-14  3.19e-10     3s
  21   2.97241362e-01  2.97244695e-01  1.70e-17 1.69e-14  6.71e-12     3s
  22   2.97243831e-01  2.97243841e-01  9.72e-17 2.84e-14  2.01e-14     3s
  23   2.97243837e-01  2.97243839e-01  2.76e-15 2.04e-14  3.17e-15     3s
  24   2.97243838e-01  2.97243838e-01  4.01e-15 2.84e-14  8.87e-16     3s
  25   2.97243838e-01  2.97243838e-01  1.17e-15 2.84e-14  2.18e-16     3s
  26   2.97243838e-01  2.97243838e-01  5.43e-16 2.13e-14  9.14e-17     3s

Barrier solved model in 26 iterations and 3.30 seconds (3.07 work units)
Optimal objective 2.97243838e-01

objective value: 0.2972438382657169
Done! Time elapsed: 23.541184425354004 seconds.
g_0_1: 1.0000003267672026
g_1_1: 1.0000001873971494
g_1_2: 1.0000005282938629
g_2_1: 1.0000003242262336
g_2_2: 1.0000009140308477
g_2_3: 1.000000324226234
g_2_4: 1.0000009140308175
Parameters from last iteration: [0.17400006 0.70700013 0.17400009 0.70700023 0.17400016 0.70700023
 0.17400016]

Parameters from current iteration:
                [0.17400006 0.70700013 0.17400009 0.70700023 0.17400016 0.70700023
 0.17400016]


                Percentage Error = 4.785439697620651e-16
                
year done: 90
Time 91: 2
Optimization Iteration[1/20000]

Solving the optimization problem...
Set parameter TokenServer to value "licenses.rcc.uchicago.edu"
Read LP format model from file /scratch/local/jobs/50183986/tmps54emqdw.pyomo.lp
Reading time = 1.34 seconds
x1: 258121 rows, 502401 columns, 1259970 nonzeros
Set parameter Threads to value 8
Set parameter BarConvTol to value 1e-12
Gurobi Optimizer version 11.0.0 build v11.0.0rc2 (linux64 - "CentOS Linux 8")

CPU model: Intel(R) Xeon(R) Gold 6248R CPU @ 3.00GHz, instruction set [SSE2|AVX|AVX2|AVX512]
Thread count: 48 physical cores, 48 logical processors, using up to 8 threads

Optimize a model with 258121 rows, 502401 columns and 1259970 nonzeros
Model fingerprint: 0x789ca0f0
Model has 3166 quadratic objective terms
Coefficient statistics:
  Matrix range     [1e+00, 1e+03]
  Objective range  [1e-06, 1e+02]
  QObjective range [3e-01, 3e+03]
  Bounds range     [3e-04, 1e+00]
  RHS range        [2e-17, 6e+00]
Presolve removed 131481 rows and 128813 columns
Presolve time: 0.55s
Presolved: 126640 rows, 373588 columns, 743932 nonzeros
Presolved model has 3166 quadratic objective terms
Ordering time: 0.16s

Barrier statistics:
 AA' NZ     : 3.709e+05
 Factor NZ  : 3.905e+06 (roughly 230 MB of memory)
 Factor Ops : 2.623e+08 (less than 1 second per iteration)
 Threads    : 8

                  Objective                Residual
Iter       Primal          Dual         Primal    Dual     Compl     Time
   0  -1.22466045e+09  8.63517425e+08  7.80e+04 1.13e-13  1.00e+06     1s
   1  -5.85742647e+08  5.07976560e+08  1.69e+04 1.44e+02  2.23e+05     1s
   2  -2.82434129e+08  2.81995027e+08  2.13e+02 8.69e-01  3.96e+03     1s
   3  -6.55833254e+07  6.61786496e+07  1.76e+00 1.47e-12  2.85e+02     1s
   4  -1.25708103e+07  1.31966946e+07  1.53e-01 5.74e-12  5.32e+01     1s
   5  -2.28690483e+06  2.53083834e+06  1.14e-02 1.38e-12  9.74e+00     1s
   6  -3.34328758e+05  3.84146675e+05  1.14e-08 9.29e-13  1.45e+00     2s
   7  -5.04630432e+04  6.35331958e+04  1.31e-13 7.10e-13  2.29e-01     2s
   8  -7.72397750e+03  9.03804070e+03  3.40e-14 1.98e-13  3.37e-02     2s
   9  -1.28009217e+03  1.49899089e+03  1.67e-14 5.46e-14  5.59e-03     2s
  10  -2.16625638e+02  1.69137097e+02  8.37e-15 2.84e-14  7.76e-04     2s
  11  -4.78496101e+01  2.58868164e+01  2.03e-15 2.84e-14  1.48e-04     2s
  12  -7.83983587e+00  3.37640975e+00  1.09e-15 2.84e-14  2.26e-05     2s
  13  -1.39093249e+00  8.20354591e-01  3.63e-16 2.84e-14  4.45e-06     2s
  14  -3.11631069e-01  5.16176501e-01  1.36e-16 2.84e-14  1.67e-06     2s
  15   1.36060412e-01  3.41970132e-01  3.64e-17 2.84e-14  4.14e-07     2s
  16   1.93205473e-01  3.22922756e-01  2.46e-17 2.84e-14  2.61e-07     3s
  17   2.60332454e-01  2.98697068e-01  1.85e-17 2.84e-14  7.72e-08     3s
  18   2.75752877e-01  2.93228985e-01  1.75e-17 2.84e-14  3.52e-08     3s
  19   2.87498773e-01  2.89145389e-01  2.29e-17 2.84e-14  3.31e-09     3s
  20   2.88603543e-01  2.88761896e-01  1.58e-17 2.84e-14  3.19e-10     3s
  21   2.88718725e-01  2.88722058e-01  1.80e-17 2.84e-14  6.71e-12     3s
  22   2.88721194e-01  2.88721204e-01  1.07e-16 2.84e-14  2.01e-14     3s
  23   2.88721200e-01  2.88721201e-01  3.30e-15 2.84e-14  3.15e-15     3s
  24   2.88721201e-01  2.88721201e-01  3.55e-15 2.84e-14  8.83e-16     3s
  25   2.88721201e-01  2.88721201e-01  1.28e-15 2.84e-14  2.17e-16     3s
  26   2.88721201e-01  2.88721201e-01  6.89e-16 2.84e-14  9.08e-17     3s

Barrier solved model in 26 iterations and 3.33 seconds (3.07 work units)
Optimal objective 2.88721201e-01

objective value: 0.28872120102783666
Done! Time elapsed: 25.18431806564331 seconds.
g_0_1: 1.0000003267672026
g_1_1: 1.0000001873971494
g_1_2: 1.0000005282938629
g_2_1: 1.0000003242262336
g_2_2: 1.0000009140308477
g_2_3: 1.000000324226234
g_2_4: 1.0000009140308175
Parameters from last iteration: [0.17400006 0.70700013 0.17400009 0.70700023 0.17400016 0.70700023
 0.17400016]

Parameters from current iteration:
                [0.17400006 0.70700013 0.17400009 0.70700023 0.17400016 0.70700023
 0.17400016]


                Percentage Error = 0.0
                
year done: 91
Time 92: 2
Optimization Iteration[1/20000]

Solving the optimization problem...
Set parameter TokenServer to value "licenses.rcc.uchicago.edu"
Read LP format model from file /scratch/local/jobs/50183986/tmp4gy1uk9y.pyomo.lp
Reading time = 1.34 seconds
x1: 258121 rows, 502401 columns, 1259970 nonzeros
Set parameter Threads to value 8
Set parameter BarConvTol to value 1e-12
Gurobi Optimizer version 11.0.0 build v11.0.0rc2 (linux64 - "CentOS Linux 8")

CPU model: Intel(R) Xeon(R) Gold 6248R CPU @ 3.00GHz, instruction set [SSE2|AVX|AVX2|AVX512]
Thread count: 48 physical cores, 48 logical processors, using up to 8 threads

Optimize a model with 258121 rows, 502401 columns and 1259970 nonzeros
Model fingerprint: 0x48c92025
Model has 3166 quadratic objective terms
Coefficient statistics:
  Matrix range     [1e+00, 1e+03]
  Objective range  [1e-06, 1e+02]
  QObjective range [3e-01, 3e+03]
  Bounds range     [3e-04, 1e+00]
  RHS range        [2e-17, 6e+00]
Presolve removed 131481 rows and 128813 columns
Presolve time: 0.54s
Presolved: 126640 rows, 373588 columns, 743932 nonzeros
Presolved model has 3166 quadratic objective terms
Ordering time: 0.16s

Barrier statistics:
 AA' NZ     : 3.709e+05
 Factor NZ  : 3.905e+06 (roughly 230 MB of memory)
 Factor Ops : 2.623e+08 (less than 1 second per iteration)
 Threads    : 8

                  Objective                Residual
Iter       Primal          Dual         Primal    Dual     Compl     Time
   0  -1.22466045e+09  8.63517425e+08  7.80e+04 1.13e-13  1.00e+06     1s
   1  -5.85742647e+08  5.07976560e+08  1.69e+04 1.44e+02  2.23e+05     1s
   2  -2.82434129e+08  2.81995027e+08  2.13e+02 8.69e-01  3.96e+03     1s
   3  -6.55833254e+07  6.61786496e+07  1.76e+00 1.47e-12  2.85e+02     1s
   4  -1.25708103e+07  1.31966946e+07  1.53e-01 5.74e-12  5.32e+01     1s
   5  -2.28690484e+06  2.53083833e+06  1.14e-02 1.38e-12  9.74e+00     1s
   6  -3.34328766e+05  3.84146667e+05  1.14e-08 7.86e-13  1.45e+00     2s
   7  -5.04630513e+04  6.35331877e+04  1.31e-13 7.43e-13  2.29e-01     2s
   8  -7.72398564e+03  9.03803256e+03  3.40e-14 1.82e-13  3.37e-02     2s
   9  -1.28010031e+03  1.49898275e+03  1.53e-14 4.26e-14  5.59e-03     2s
  10  -2.16633777e+02  1.69128958e+02  8.21e-15 2.84e-14  7.76e-04     2s
  11  -4.78577491e+01  2.58786773e+01  2.61e-15 2.84e-14  1.48e-04     2s
  12  -7.84797492e+00  3.36827070e+00  1.02e-15 2.84e-14  2.26e-05     2s
  13  -1.39907155e+00  8.12215536e-01  3.63e-16 2.84e-14  4.45e-06     2s
  14  -3.19770125e-01  5.08037446e-01  1.65e-16 2.84e-14  1.67e-06     2s
  15   1.27921356e-01  3.33831077e-01  5.57e-17 2.04e-14  4.14e-07     2s
  16   1.85066417e-01  3.14783701e-01  2.57e-17 4.26e-14  2.61e-07     3s
  17   2.52193398e-01  2.90558012e-01  2.29e-17 1.60e-14  7.72e-08     3s
  18   2.67613822e-01  2.85089930e-01  1.33e-17 2.84e-14  3.52e-08     3s
  19   2.79359718e-01  2.81006334e-01  2.03e-17 2.84e-14  3.31e-09     3s
  20   2.80464488e-01  2.80622841e-01  1.07e-17 2.84e-14  3.19e-10     3s
  21   2.80579669e-01  2.80583002e-01  2.32e-17 2.84e-14  6.71e-12     3s
  22   2.80582138e-01  2.80582148e-01  1.29e-16 2.84e-14  2.01e-14     3s
  23   2.80582145e-01  2.80582146e-01  2.62e-15 2.84e-14  3.14e-15     3s
  24   2.80582145e-01  2.80582146e-01  4.73e-15 2.84e-14  8.79e-16     3s
  25   2.80582146e-01  2.80582146e-01  1.29e-15 2.13e-14  2.16e-16     3s
  26   2.80582146e-01  2.80582146e-01  8.71e-16 2.84e-14  9.02e-17     3s

Barrier solved model in 26 iterations and 3.30 seconds (3.07 work units)
Optimal objective 2.80582146e-01

objective value: 0.280582145652503
Done! Time elapsed: 23.602515935897827 seconds.
g_0_1: 1.0000003267672026
g_1_1: 1.0000001873971496
g_1_2: 1.0000005282938627
g_2_1: 1.0000003242262336
g_2_2: 1.0000009140308475
g_2_3: 1.000000324226234
g_2_4: 1.0000009140308173
Parameters from last iteration: [0.17400006 0.70700013 0.17400009 0.70700023 0.17400016 0.70700023
 0.17400016]

Parameters from current iteration:
                [0.17400006 0.70700013 0.17400009 0.70700023 0.17400016 0.70700023
 0.17400016]


                Percentage Error = 3.1902931317471984e-16
                
year done: 92
Time 93: 2
Optimization Iteration[1/20000]

Solving the optimization problem...
Set parameter TokenServer to value "licenses.rcc.uchicago.edu"
Read LP format model from file /scratch/local/jobs/50183986/tmpjyl77zxo.pyomo.lp
Reading time = 1.32 seconds
x1: 258121 rows, 502401 columns, 1259970 nonzeros
Set parameter Threads to value 8
Set parameter BarConvTol to value 1e-12
Gurobi Optimizer version 11.0.0 build v11.0.0rc2 (linux64 - "CentOS Linux 8")

CPU model: Intel(R) Xeon(R) Gold 6248R CPU @ 3.00GHz, instruction set [SSE2|AVX|AVX2|AVX512]
Thread count: 48 physical cores, 48 logical processors, using up to 8 threads

Optimize a model with 258121 rows, 502401 columns and 1259970 nonzeros
Model fingerprint: 0xa5452976
Model has 3166 quadratic objective terms
Coefficient statistics:
  Matrix range     [1e+00, 1e+03]
  Objective range  [1e-06, 1e+02]
  QObjective range [3e-01, 3e+03]
  Bounds range     [3e-04, 1e+00]
  RHS range        [2e-17, 6e+00]
Presolve removed 131481 rows and 128813 columns
Presolve time: 0.54s
Presolved: 126640 rows, 373588 columns, 743932 nonzeros
Presolved model has 3166 quadratic objective terms
Ordering time: 0.16s

Barrier statistics:
 AA' NZ     : 3.709e+05
 Factor NZ  : 3.905e+06 (roughly 230 MB of memory)
 Factor Ops : 2.623e+08 (less than 1 second per iteration)
 Threads    : 8

                  Objective                Residual
Iter       Primal          Dual         Primal    Dual     Compl     Time
   0  -1.22466045e+09  8.63517425e+08  7.80e+04 1.14e-13  1.00e+06     1s
   1  -5.85742647e+08  5.07976560e+08  1.69e+04 1.44e+02  2.23e+05     1s
   2  -2.82434129e+08  2.81995027e+08  2.13e+02 8.69e-01  3.96e+03     1s
   3  -6.55833254e+07  6.61786496e+07  1.76e+00 1.47e-12  2.85e+02     1s
   4  -1.25708103e+07  1.31966946e+07  1.53e-01 3.79e-12  5.32e+01     1s
   5  -2.28690485e+06  2.53083833e+06  1.14e-02 1.41e-12  9.74e+00     1s
   6  -3.34328774e+05  3.84146659e+05  1.14e-08 7.77e-13  1.45e+00     2s
   7  -5.04630591e+04  6.35331799e+04  1.60e-13 6.52e-13  2.29e-01     2s
   8  -7.72399341e+03  9.03802478e+03  3.92e-14 1.65e-13  3.37e-02     2s
   9  -1.28010808e+03  1.49897498e+03  1.80e-14 5.68e-14  5.59e-03     2s
  10  -2.16641550e+02  1.69121185e+02  1.02e-14 2.84e-14  7.76e-04     2s
  11  -4.78655219e+01  2.58709046e+01  2.14e-15 2.84e-14  1.48e-04     2s
  12  -7.85574766e+00  3.36049796e+00  9.79e-16 2.84e-14  2.26e-05     2s
  13  -1.40684428e+00  8.04442798e-01  3.83e-16 1.60e-14  4.45e-06     2s
  14  -3.27542862e-01  5.00264708e-01  1.26e-16 5.68e-14  1.67e-06     2s
  15   1.20148619e-01  3.26058339e-01  3.69e-17 2.84e-14  4.14e-07     2s
  16   1.77293680e-01  3.07010964e-01  3.97e-17 4.26e-14  2.61e-07     3s
  17   2.44420661e-01  2.82785275e-01  1.98e-17 2.84e-14  7.72e-08     3s
  18   2.59841085e-01  2.77317192e-01  1.11e-17 2.84e-14  3.52e-08     3s
  19   2.71586980e-01  2.73233596e-01  2.21e-17 2.84e-14  3.31e-09     3s
  20   2.72691750e-01  2.72850103e-01  1.01e-17 2.84e-14  3.19e-10     3s
  21   2.72806932e-01  2.72810265e-01  1.94e-17 2.84e-14  6.71e-12     3s
  22   2.72809401e-01  2.72809411e-01  1.14e-16 1.69e-14  2.01e-14     3s
  23   2.72809407e-01  2.72809409e-01  2.16e-15 2.84e-14  3.12e-15     3s
  24   2.72809408e-01  2.72809408e-01  3.71e-15 2.84e-14  8.75e-16     3s
  25   2.72809408e-01  2.72809408e-01  1.08e-15 1.42e-14  2.15e-16     3s
  26   2.72809408e-01  2.72809408e-01  6.22e-16 2.84e-14  8.96e-17     3s

Barrier solved model in 26 iterations and 3.30 seconds (3.07 work units)
Optimal objective 2.72809408e-01

objective value: 0.27280940811201415
Done! Time elapsed: 23.649897575378418 seconds.
g_0_1: 1.0000003267672024
g_1_1: 1.0000001873971496
g_1_2: 1.0000005282938627
g_2_1: 1.0000003242262339
g_2_2: 1.0000009140308472
g_2_3: 1.000000324226234
g_2_4: 1.0000009140308173
Parameters from last iteration: [0.17400006 0.70700013 0.17400009 0.70700023 0.17400016 0.70700023
 0.17400016]

Parameters from current iteration:
                [0.17400006 0.70700013 0.17400009 0.70700023 0.17400016 0.70700023
 0.17400016]


                Percentage Error = 3.190295005289663e-16
                
year done: 93
Time 94: 2
Optimization Iteration[1/20000]

Solving the optimization problem...
Set parameter TokenServer to value "licenses.rcc.uchicago.edu"
Read LP format model from file /scratch/local/jobs/50183986/tmpiei20hbc.pyomo.lp
Reading time = 1.32 seconds
x1: 258121 rows, 502401 columns, 1259970 nonzeros
Set parameter Threads to value 8
Set parameter BarConvTol to value 1e-12
Gurobi Optimizer version 11.0.0 build v11.0.0rc2 (linux64 - "CentOS Linux 8")

CPU model: Intel(R) Xeon(R) Gold 6248R CPU @ 3.00GHz, instruction set [SSE2|AVX|AVX2|AVX512]
Thread count: 48 physical cores, 48 logical processors, using up to 8 threads

Optimize a model with 258121 rows, 502401 columns and 1259970 nonzeros
Model fingerprint: 0x39a67143
Model has 3166 quadratic objective terms
Coefficient statistics:
  Matrix range     [1e+00, 1e+03]
  Objective range  [1e-06, 1e+02]
  QObjective range [3e-01, 3e+03]
  Bounds range     [3e-04, 1e+00]
  RHS range        [2e-17, 6e+00]
Presolve removed 131481 rows and 128813 columns
Presolve time: 0.54s
Presolved: 126640 rows, 373588 columns, 743932 nonzeros
Presolved model has 3166 quadratic objective terms
Ordering time: 0.15s

Barrier statistics:
 AA' NZ     : 3.709e+05
 Factor NZ  : 3.905e+06 (roughly 230 MB of memory)
 Factor Ops : 2.623e+08 (less than 1 second per iteration)
 Threads    : 8

                  Objective                Residual
Iter       Primal          Dual         Primal    Dual     Compl     Time
   0  -1.22466045e+09  8.63517425e+08  7.80e+04 1.14e-13  1.00e+06     1s
   1  -5.85742647e+08  5.07976560e+08  1.69e+04 1.44e+02  2.23e+05     1s
   2  -2.82434129e+08  2.81995027e+08  2.13e+02 8.69e-01  3.96e+03     1s
   3  -6.55833254e+07  6.61786496e+07  1.76e+00 1.41e-12  2.85e+02     1s
   4  -1.25708103e+07  1.31966946e+07  1.53e-01 3.21e-12  5.32e+01     1s
   5  -2.28690485e+06  2.53083832e+06  1.14e-02 1.25e-12  9.74e+00     1s
   6  -3.34328781e+05  3.84146652e+05  1.14e-08 8.22e-13  1.45e+00     2s
   7  -5.04630665e+04  6.35331725e+04  1.96e-13 6.33e-13  2.29e-01     2s
   8  -7.72400084e+03  9.03801736e+03  4.84e-14 1.67e-13  3.37e-02     2s
   9  -1.28011550e+03  1.49896755e+03  1.48e-14 4.26e-14  5.59e-03     2s
  10  -2.16648973e+02  1.69113762e+02  8.13e-15 2.84e-14  7.76e-04     2s
  11  -4.78729448e+01  2.58634817e+01  2.49e-15 5.68e-14  1.48e-04     2s
  12  -7.86317057e+00  3.35307505e+00  8.29e-16 2.13e-14  2.26e-05     2s
  13  -1.41426719e+00  7.97019892e-01  4.24e-16 1.51e-14  4.45e-06     2s
  14  -3.34965769e-01  4.92841802e-01  1.10e-16 2.84e-14  1.67e-06     2s
  15   1.12725712e-01  3.18635432e-01  4.16e-17 2.84e-14  4.14e-07     2s
  16   1.69870773e-01  2.99588057e-01  2.30e-17 2.84e-14  2.61e-07     3s
  17   2.36997754e-01  2.75362368e-01  2.02e-17 2.84e-14  7.72e-08     3s
  18   2.52418178e-01  2.69894286e-01  1.45e-17 2.04e-14  3.52e-08     3s
  19   2.64164074e-01  2.65810690e-01  2.28e-17 2.84e-14  3.31e-09     3s
  20   2.65268843e-01  2.65427197e-01  1.07e-17 2.84e-14  3.19e-10     3s
  21   2.65384025e-01  2.65387358e-01  1.87e-17 4.26e-14  6.71e-12     3s
  22   2.65386494e-01  2.65386504e-01  1.09e-16 2.84e-14  2.01e-14     3s
  23   2.65386500e-01  2.65386502e-01  2.85e-15 2.84e-14  3.11e-15     3s
  24   2.65386501e-01  2.65386502e-01  4.46e-15 1.87e-14  8.71e-16     3s
  25   2.65386501e-01  2.65386501e-01  1.22e-15 2.84e-14  2.14e-16     3s
  26   2.65386501e-01  2.65386501e-01  5.94e-16 2.13e-14  8.91e-17     3s

Barrier solved model in 26 iterations and 3.29 seconds (3.07 work units)
Optimal objective 2.65386501e-01

objective value: 0.2653865013879346
Done! Time elapsed: 23.550300121307373 seconds.
g_0_1: 1.0000003267672022
g_1_1: 1.0000001873971496
g_1_2: 1.0000005282938627
g_2_1: 1.0000003242262339
g_2_2: 1.000000914030847
g_2_3: 1.000000324226234
g_2_4: 1.0000009140308173
Parameters from last iteration: [0.17400006 0.70700013 0.17400009 0.70700023 0.17400016 0.70700023
 0.17400016]

Parameters from current iteration:
                [0.17400006 0.70700013 0.17400009 0.70700023 0.17400016 0.70700023
 0.17400016]


                Percentage Error = 1.595147502644832e-16
                
year done: 94
Time 95: 2
Optimization Iteration[1/20000]

Solving the optimization problem...
Set parameter TokenServer to value "licenses.rcc.uchicago.edu"
Read LP format model from file /scratch/local/jobs/50183986/tmpihc7udrl.pyomo.lp
Reading time = 1.34 seconds
x1: 258121 rows, 502401 columns, 1259970 nonzeros
Set parameter Threads to value 8
Set parameter BarConvTol to value 1e-12
Gurobi Optimizer version 11.0.0 build v11.0.0rc2 (linux64 - "CentOS Linux 8")

CPU model: Intel(R) Xeon(R) Gold 6248R CPU @ 3.00GHz, instruction set [SSE2|AVX|AVX2|AVX512]
Thread count: 48 physical cores, 48 logical processors, using up to 8 threads

Optimize a model with 258121 rows, 502401 columns and 1259970 nonzeros
Model fingerprint: 0x38d01699
Model has 3166 quadratic objective terms
Coefficient statistics:
  Matrix range     [1e+00, 1e+03]
  Objective range  [1e-06, 1e+02]
  QObjective range [3e-01, 3e+03]
  Bounds range     [3e-04, 1e+00]
  RHS range        [2e-17, 6e+00]
Presolve removed 131481 rows and 128813 columns
Presolve time: 0.55s
Presolved: 126640 rows, 373588 columns, 743932 nonzeros
Presolved model has 3166 quadratic objective terms
Ordering time: 0.16s

Barrier statistics:
 AA' NZ     : 3.709e+05
 Factor NZ  : 3.905e+06 (roughly 230 MB of memory)
 Factor Ops : 2.623e+08 (less than 1 second per iteration)
 Threads    : 8

                  Objective                Residual
Iter       Primal          Dual         Primal    Dual     Compl     Time
   0  -1.22466045e+09  8.63517425e+08  7.80e+04 1.13e-13  1.00e+06     1s
   1  -5.85742647e+08  5.07976560e+08  1.69e+04 1.44e+02  2.23e+05     1s
   2  -2.82434129e+08  2.81995027e+08  2.13e+02 8.69e-01  3.96e+03     1s
   3  -6.55833254e+07  6.61786496e+07  1.76e+00 1.47e-12  2.85e+02     1s
   4  -1.25708104e+07  1.31966946e+07  1.53e-01 4.17e-12  5.32e+01     1s
   5  -2.28690486e+06  2.53083831e+06  1.14e-02 1.25e-12  9.74e+00     1s
   6  -3.34328788e+05  3.84146645e+05  1.14e-08 1.15e-12  1.45e+00     2s
   7  -5.04630736e+04  6.35331654e+04  1.37e-13 7.27e-13  2.29e-01     2s
   8  -7.72400793e+03  9.03801027e+03  3.46e-14 2.11e-13  3.37e-02     2s
   9  -1.28012259e+03  1.49896046e+03  1.75e-14 4.26e-14  5.59e-03     2s
  10  -2.16656062e+02  1.69106673e+02  7.94e-15 4.26e-14  7.76e-04     2s
  11  -4.78800336e+01  2.58563928e+01  1.69e-15 2.84e-14  1.48e-04     2s
  12  -7.87025939e+00  3.34598623e+00  8.69e-16 2.84e-14  2.26e-05     2s
  13  -1.42135601e+00  7.89931071e-01  3.21e-16 2.84e-14  4.45e-06     2s
  14  -3.42054590e-01  4.85752981e-01  1.15e-16 2.13e-14  1.67e-06     2s
  15   1.05636891e-01  3.11546611e-01  3.49e-17 1.51e-14  4.14e-07     2s
  16   1.62781952e-01  2.92499236e-01  2.25e-17 2.13e-14  2.61e-07     3s
  17   2.29908933e-01  2.68273547e-01  1.82e-17 2.84e-14  7.72e-08     3s
  18   2.45329357e-01  2.62805465e-01  9.00e-18 2.84e-14  3.52e-08     3s
  19   2.57075253e-01  2.58721869e-01  2.59e-17 2.84e-14  3.31e-09     3s
  20   2.58180022e-01  2.58338376e-01  1.18e-17 2.84e-14  3.19e-10     3s
  21   2.58295204e-01  2.58298537e-01  1.66e-17 4.26e-14  6.71e-12     3s
  22   2.58297673e-01  2.58297683e-01  1.19e-16 2.84e-14  2.01e-14     3s
  23   2.58297679e-01  2.58297681e-01  2.25e-15 2.84e-14  3.09e-15     3s
  24   2.58297680e-01  2.58297681e-01  3.67e-15 1.42e-14  8.67e-16     3s
  25   2.58297680e-01  2.58297681e-01  1.23e-15 2.84e-14  2.13e-16     3s
  26   2.58297681e-01  2.58297681e-01  5.32e-16 2.84e-14  8.85e-17     3s

Barrier solved model in 26 iterations and 3.32 seconds (3.07 work units)
Optimal objective 2.58297681e-01

objective value: 0.25829768049987417
Done! Time elapsed: 25.183034896850586 seconds.
g_0_1: 1.0000003267672026
g_1_1: 1.0000001873971496
g_1_2: 1.0000005282938629
g_2_1: 1.0000003242262339
g_2_2: 1.0000009140308468
g_2_3: 1.000000324226234
g_2_4: 1.0000009140308173
Parameters from last iteration: [0.17400006 0.70700013 0.17400009 0.70700023 0.17400016 0.70700023
 0.17400016]

Parameters from current iteration:
                [0.17400006 0.70700013 0.17400009 0.70700023 0.17400016 0.70700023
 0.17400016]


                Percentage Error = 4.785442507934496e-16
                
year done: 95
Time 96: 2
Optimization Iteration[1/20000]

Solving the optimization problem...
Set parameter TokenServer to value "licenses.rcc.uchicago.edu"
Read LP format model from file /scratch/local/jobs/50183986/tmpx4l6wvi8.pyomo.lp
Reading time = 1.33 seconds
x1: 258121 rows, 502401 columns, 1259970 nonzeros
Set parameter Threads to value 8
Set parameter BarConvTol to value 1e-12
Gurobi Optimizer version 11.0.0 build v11.0.0rc2 (linux64 - "CentOS Linux 8")

CPU model: Intel(R) Xeon(R) Gold 6248R CPU @ 3.00GHz, instruction set [SSE2|AVX|AVX2|AVX512]
Thread count: 48 physical cores, 48 logical processors, using up to 8 threads

Optimize a model with 258121 rows, 502401 columns and 1259970 nonzeros
Model fingerprint: 0x74962b32
Model has 3166 quadratic objective terms
Coefficient statistics:
  Matrix range     [1e+00, 1e+03]
  Objective range  [1e-06, 1e+02]
  QObjective range [3e-01, 3e+03]
  Bounds range     [3e-04, 1e+00]
  RHS range        [2e-17, 6e+00]
Presolve removed 131481 rows and 128813 columns
Presolve time: 0.54s
Presolved: 126640 rows, 373588 columns, 743932 nonzeros
Presolved model has 3166 quadratic objective terms
Ordering time: 0.15s

Barrier statistics:
 AA' NZ     : 3.709e+05
 Factor NZ  : 3.905e+06 (roughly 230 MB of memory)
 Factor Ops : 2.623e+08 (less than 1 second per iteration)
 Threads    : 8

                  Objective                Residual
Iter       Primal          Dual         Primal    Dual     Compl     Time
   0  -1.22466045e+09  8.63517425e+08  7.80e+04 1.14e-13  1.00e+06     1s
   1  -5.85742647e+08  5.07976560e+08  1.69e+04 1.44e+02  2.23e+05     1s
   2  -2.82434129e+08  2.81995027e+08  2.13e+02 8.69e-01  3.96e+03     1s
   3  -6.55833254e+07  6.61786496e+07  1.76e+00 1.40e-12  2.85e+02     1s
   4  -1.25708104e+07  1.31966946e+07  1.53e-01 4.55e-12  5.32e+01     1s
   5  -2.28690487e+06  2.53083830e+06  1.14e-02 1.47e-12  9.74e+00     1s
   6  -3.34328795e+05  3.84146638e+05  1.14e-08 2.11e-12  1.45e+00     2s
   7  -5.04630804e+04  6.35331587e+04  1.83e-13 6.32e-13  2.29e-01     2s
   8  -7.72401470e+03  9.03800350e+03  3.52e-14 1.81e-13  3.37e-02     2s
   9  -1.28012936e+03  1.49895369e+03  1.72e-14 4.26e-14  5.59e-03     2s
  10  -2.16662832e+02  1.69099903e+02  8.08e-15 2.84e-14  7.76e-04     2s
  11  -4.78868034e+01  2.58496231e+01  2.18e-15 2.84e-14  1.48e-04     2s
  12  -7.87702916e+00  3.33921646e+00  1.06e-15 2.84e-14  2.26e-05     2s
  13  -1.42812578e+00  7.83161299e-01  3.01e-16 3.11e-14  4.45e-06     2s
  14  -3.48824361e-01  4.78983209e-01  1.15e-16 2.84e-14  1.67e-06     2s
  15   9.88671199e-02  3.04776840e-01  4.45e-17 2.84e-14  4.14e-07     2s
  16   1.56012181e-01  2.85729465e-01  2.57e-17 2.84e-14  2.61e-07     3s
  17   2.23139162e-01  2.61503776e-01  1.37e-17 2.84e-14  7.72e-08     3s
  18   2.38559585e-01  2.56035693e-01  1.26e-17 2.84e-14  3.52e-08     3s
  19   2.50305481e-01  2.51952097e-01  2.63e-17 2.84e-14  3.31e-09     3s
  20   2.51410251e-01  2.51568604e-01  1.10e-17 2.84e-14  3.19e-10     3s
  21   2.51525433e-01  2.51528766e-01  1.53e-17 2.84e-14  6.71e-12     3s
  22   2.51527902e-01  2.51527912e-01  1.27e-16 2.84e-14  2.01e-14     3s
  23   2.51527908e-01  2.51527910e-01  2.93e-15 2.84e-14  3.07e-15     3s
  24   2.51527909e-01  2.51527909e-01  4.27e-15 2.84e-14  8.63e-16     3s
  25   2.51527909e-01  2.51527909e-01  1.10e-15 2.84e-14  2.12e-16     3s
  26   2.51527909e-01  2.51527909e-01  5.49e-16 1.42e-14  8.79e-17     3s

Barrier solved model in 26 iterations and 3.29 seconds (3.07 work units)
Optimal objective 2.51527909e-01

objective value: 0.2515279091083021
Done! Time elapsed: 23.601938247680664 seconds.
g_0_1: 1.0000003267672024
g_1_1: 1.0000001873971496
g_1_2: 1.0000005282938627
g_2_1: 1.0000003242262339
g_2_2: 1.0000009140308466
g_2_3: 1.000000324226234
g_2_4: 1.0000009140308173
Parameters from last iteration: [0.17400006 0.70700013 0.17400009 0.70700023 0.17400016 0.70700023
 0.17400016]

Parameters from current iteration:
                [0.17400006 0.70700013 0.17400009 0.70700023 0.17400016 0.70700023
 0.17400016]


                Percentage Error = 3.190295005289663e-16
                
year done: 96
Time 97: 2
Optimization Iteration[1/20000]

Solving the optimization problem...
Set parameter TokenServer to value "licenses.rcc.uchicago.edu"
Read LP format model from file /scratch/local/jobs/50183986/tmpahu5h2dv.pyomo.lp
Reading time = 1.33 seconds
x1: 258121 rows, 502401 columns, 1259970 nonzeros
Set parameter Threads to value 8
Set parameter BarConvTol to value 1e-12
Gurobi Optimizer version 11.0.0 build v11.0.0rc2 (linux64 - "CentOS Linux 8")

CPU model: Intel(R) Xeon(R) Gold 6248R CPU @ 3.00GHz, instruction set [SSE2|AVX|AVX2|AVX512]
Thread count: 48 physical cores, 48 logical processors, using up to 8 threads

Optimize a model with 258121 rows, 502401 columns and 1259970 nonzeros
Model fingerprint: 0x4f5da212
Model has 3166 quadratic objective terms
Coefficient statistics:
  Matrix range     [1e+00, 1e+03]
  Objective range  [1e-06, 1e+02]
  QObjective range [3e-01, 3e+03]
  Bounds range     [3e-04, 1e+00]
  RHS range        [2e-17, 6e+00]
Presolve removed 131481 rows and 128813 columns
Presolve time: 0.55s
Presolved: 126640 rows, 373588 columns, 743932 nonzeros
Presolved model has 3166 quadratic objective terms
Ordering time: 0.16s

Barrier statistics:
 AA' NZ     : 3.709e+05
 Factor NZ  : 3.905e+06 (roughly 230 MB of memory)
 Factor Ops : 2.623e+08 (less than 1 second per iteration)
 Threads    : 8

                  Objective                Residual
Iter       Primal          Dual         Primal    Dual     Compl     Time
   0  -1.22466045e+09  8.63517425e+08  7.80e+04 1.14e-13  1.00e+06     1s
   1  -5.85742647e+08  5.07976560e+08  1.69e+04 1.44e+02  2.23e+05     1s
   2  -2.82434129e+08  2.81995027e+08  2.13e+02 8.69e-01  3.96e+03     1s
   3  -6.55833254e+07  6.61786496e+07  1.76e+00 1.46e-12  2.85e+02     1s
   4  -1.25708104e+07  1.31966946e+07  1.53e-01 3.37e-12  5.32e+01     1s
   5  -2.28690488e+06  2.53083830e+06  1.14e-02 1.28e-12  9.74e+00     1s
   6  -3.34328802e+05  3.84146632e+05  1.14e-08 9.43e-13  1.45e+00     2s
   7  -5.04630868e+04  6.35331522e+04  1.72e-13 7.57e-13  2.29e-01     2s
   8  -7.72402116e+03  9.03799704e+03  4.95e-14 1.92e-13  3.37e-02     2s
   9  -1.28013583e+03  1.49894723e+03  1.59e-14 4.62e-14  5.59e-03     2s
  10  -2.16669297e+02  1.69093438e+02  7.78e-15 2.84e-14  7.76e-04     2s
  11  -4.78932685e+01  2.58431580e+01  2.00e-15 2.84e-14  1.48e-04     2s
  12  -7.88349424e+00  3.33275138e+00  1.14e-15 2.84e-14  2.26e-05     2s
  13  -1.43459086e+00  7.76696218e-01  3.73e-16 2.84e-14  4.45e-06     2s
  14  -3.55289443e-01  4.72518128e-01  1.21e-16 2.84e-14  1.67e-06     2s
  15   9.24020384e-02  2.98311758e-01  3.75e-17 2.84e-14  4.14e-07     2s
  16   1.49547099e-01  2.79264383e-01  2.13e-17 4.26e-14  2.61e-07     3s
  17   2.16674080e-01  2.55038694e-01  1.52e-17 2.84e-14  7.72e-08     3s
  18   2.32094504e-01  2.49570612e-01  1.14e-17 5.68e-14  3.52e-08     3s
  19   2.43840400e-01  2.45487016e-01  2.12e-17 2.84e-14  3.31e-09     3s
  20   2.44945169e-01  2.45103523e-01  1.21e-17 2.84e-14  3.19e-10     3s
  21   2.45060351e-01  2.45063684e-01  1.71e-17 2.84e-14  6.71e-12     3s
  22   2.45062820e-01  2.45062830e-01  1.16e-16 2.13e-14  2.01e-14     3s
  23   2.45062827e-01  2.45062828e-01  2.86e-15 2.84e-14  3.06e-15     3s
  24   2.45062827e-01  2.45062828e-01  4.35e-15 1.69e-14  8.59e-16     3s
  25   2.45062828e-01  2.45062828e-01  7.94e-16 2.84e-14  2.11e-16     3s
  26   2.45062828e-01  2.45062828e-01  5.28e-16 3.55e-14  8.74e-17     3s

Barrier solved model in 26 iterations and 3.29 seconds (3.07 work units)
Optimal objective 2.45062828e-01

objective value: 0.2450628276204408
Done! Time elapsed: 23.65492844581604 seconds.
g_0_1: 1.0000003267672026
g_1_1: 1.0000001873971496
g_1_2: 1.0000005282938629
g_2_1: 1.0000003242262339
g_2_2: 1.0000009140308463
g_2_3: 1.000000324226234
g_2_4: 1.0000009140308173
Parameters from last iteration: [0.17400006 0.70700013 0.17400009 0.70700023 0.17400016 0.70700023
 0.17400016]

Parameters from current iteration:
                [0.17400006 0.70700013 0.17400009 0.70700023 0.17400016 0.70700023
 0.17400016]


                Percentage Error = 3.190295005289664e-16
                
year done: 97
Time 98: 2
Optimization Iteration[1/20000]

Solving the optimization problem...
Set parameter TokenServer to value "licenses.rcc.uchicago.edu"
Read LP format model from file /scratch/local/jobs/50183986/tmpxqn6xjn0.pyomo.lp
Reading time = 1.34 seconds
x1: 258121 rows, 502401 columns, 1259970 nonzeros
Set parameter Threads to value 8
Set parameter BarConvTol to value 1e-12
Gurobi Optimizer version 11.0.0 build v11.0.0rc2 (linux64 - "CentOS Linux 8")

CPU model: Intel(R) Xeon(R) Gold 6248R CPU @ 3.00GHz, instruction set [SSE2|AVX|AVX2|AVX512]
Thread count: 48 physical cores, 48 logical processors, using up to 8 threads

Optimize a model with 258121 rows, 502401 columns and 1259970 nonzeros
Model fingerprint: 0x89d31862
Model has 3166 quadratic objective terms
Coefficient statistics:
  Matrix range     [1e+00, 1e+03]
  Objective range  [1e-06, 1e+02]
  QObjective range [3e-01, 3e+03]
  Bounds range     [3e-04, 1e+00]
  RHS range        [2e-17, 6e+00]
Presolve removed 131481 rows and 128813 columns
Presolve time: 0.55s
Presolved: 126640 rows, 373588 columns, 743932 nonzeros
Presolved model has 3166 quadratic objective terms
Ordering time: 0.15s

Barrier statistics:
 AA' NZ     : 3.709e+05
 Factor NZ  : 3.905e+06 (roughly 230 MB of memory)
 Factor Ops : 2.623e+08 (less than 1 second per iteration)
 Threads    : 8

                  Objective                Residual
Iter       Primal          Dual         Primal    Dual     Compl     Time
   0  -1.22466045e+09  8.63517425e+08  7.80e+04 1.14e-13  1.00e+06     1s
   1  -5.85742647e+08  5.07976560e+08  1.69e+04 1.44e+02  2.23e+05     1s
   2  -2.82434129e+08  2.81995027e+08  2.13e+02 8.69e-01  3.96e+03     1s
   3  -6.55833254e+07  6.61786495e+07  1.76e+00 1.43e-12  2.85e+02     1s
   4  -1.25708104e+07  1.31966946e+07  1.53e-01 3.43e-12  5.32e+01     1s
   5  -2.28690488e+06  2.53083829e+06  1.14e-02 1.21e-12  9.74e+00     1s
   6  -3.34328808e+05  3.84146625e+05  1.14e-08 1.01e-12  1.45e+00     2s
   7  -5.04630930e+04  6.35331460e+04  1.55e-13 8.46e-13  2.29e-01     2s
   8  -7.72402733e+03  9.03799086e+03  3.42e-14 2.03e-13  3.37e-02     2s
   9  -1.28014200e+03  1.49894105e+03  1.60e-14 5.68e-14  5.59e-03     2s
  10  -2.16675471e+02  1.69087264e+02  7.59e-15 3.11e-14  7.76e-04     2s
  11  -4.78994426e+01  2.58369839e+01  1.65e-15 2.84e-14  1.48e-04     2s
  12  -7.88966835e+00  3.32657727e+00  8.68e-16 2.84e-14  2.26e-05     2s
  13  -1.44076497e+00  7.70522113e-01  3.37e-16 1.69e-14  4.45e-06     2s
  14  -3.61463547e-01  4.66344023e-01  1.67e-16 2.84e-14  1.67e-06     2s
  15   8.62279335e-02  2.92137654e-01  6.29e-17 2.84e-14  4.14e-07     2s
  16   1.43372994e-01  2.73090278e-01  2.98e-17 2.84e-14  2.61e-07     3s
  17   2.10499975e-01  2.48864589e-01  1.48e-17 2.84e-14  7.72e-08     3s
  18   2.25920399e-01  2.43396507e-01  1.05e-17 2.84e-14  3.52e-08     3s
  19   2.37666295e-01  2.39312911e-01  2.79e-17 2.84e-14  3.31e-09     3s
  20   2.38771065e-01  2.38929418e-01  1.13e-17 2.84e-14  3.19e-10     3s
  21   2.38886246e-01  2.38889579e-01  1.93e-17 2.84e-14  6.71e-12     3s
  22   2.38888715e-01  2.38888725e-01  1.21e-16 2.84e-14  2.01e-14     3s
  23   2.38888722e-01  2.38888723e-01  2.97e-15 2.84e-14  3.04e-15     3s
  24   2.38888722e-01  2.38888723e-01  4.13e-15 2.84e-14  8.55e-16     3s
  25   2.38888723e-01  2.38888723e-01  1.01e-15 2.84e-14  2.10e-16     3s
  26   2.38888723e-01  2.38888723e-01  5.43e-16 1.42e-14  8.68e-17     3s

Barrier solved model in 26 iterations and 3.29 seconds (3.07 work units)
Optimal objective 2.38888723e-01

objective value: 0.2388887227316567
Done! Time elapsed: 23.60991907119751 seconds.
g_0_1: 1.0000003267672024
g_1_1: 1.0000001873971496
g_1_2: 1.0000005282938627
g_2_1: 1.0000003242262339
g_2_2: 1.0000009140308461
g_2_3: 1.0000003242262343
g_2_4: 1.0000009140308173
Parameters from last iteration: [0.17400006 0.70700013 0.17400009 0.70700023 0.17400016 0.70700023
 0.17400016]

Parameters from current iteration:
                [0.17400006 0.70700013 0.17400009 0.70700023 0.17400016 0.70700023
 0.17400016]


                Percentage Error = 3.190295005289663e-16
                
year done: 98
Time 99: 2
Optimization Iteration[1/20000]

Solving the optimization problem...
Set parameter TokenServer to value "licenses.rcc.uchicago.edu"
Read LP format model from file /scratch/local/jobs/50183986/tmp4ut361f8.pyomo.lp
Reading time = 1.32 seconds
x1: 258121 rows, 502401 columns, 1259970 nonzeros
Set parameter Threads to value 8
Set parameter BarConvTol to value 1e-12
Gurobi Optimizer version 11.0.0 build v11.0.0rc2 (linux64 - "CentOS Linux 8")

CPU model: Intel(R) Xeon(R) Gold 6248R CPU @ 3.00GHz, instruction set [SSE2|AVX|AVX2|AVX512]
Thread count: 48 physical cores, 48 logical processors, using up to 8 threads

Optimize a model with 258121 rows, 502401 columns and 1259970 nonzeros
Model fingerprint: 0x3096db97
Model has 3166 quadratic objective terms
Coefficient statistics:
  Matrix range     [1e+00, 1e+03]
  Objective range  [1e-06, 1e+02]
  QObjective range [3e-01, 3e+03]
  Bounds range     [3e-04, 1e+00]
  RHS range        [2e-17, 6e+00]
Presolve removed 131481 rows and 128813 columns
Presolve time: 0.55s
Presolved: 126640 rows, 373588 columns, 743932 nonzeros
Presolved model has 3166 quadratic objective terms
Ordering time: 0.15s

Barrier statistics:
 AA' NZ     : 3.709e+05
 Factor NZ  : 3.905e+06 (roughly 230 MB of memory)
 Factor Ops : 2.623e+08 (less than 1 second per iteration)
 Threads    : 8

                  Objective                Residual
Iter       Primal          Dual         Primal    Dual     Compl     Time
   0  -1.22466045e+09  8.63517425e+08  7.80e+04 1.14e-13  1.00e+06     1s
   1  -5.85742647e+08  5.07976560e+08  1.69e+04 1.44e+02  2.23e+05     1s
   2  -2.82434129e+08  2.81995027e+08  2.13e+02 8.69e-01  3.96e+03     1s
   3  -6.55833254e+07  6.61786495e+07  1.76e+00 1.60e-12  2.85e+02     1s
   4  -1.25708104e+07  1.31966945e+07  1.53e-01 5.74e-12  5.32e+01     1s
   5  -2.28690489e+06  2.53083829e+06  1.14e-02 1.69e-12  9.74e+00     1s
   6  -3.34328814e+05  3.84146620e+05  1.14e-08 1.01e-12  1.45e+00     2s
   7  -5.04630989e+04  6.35331401e+04  1.49e-13 6.57e-13  2.29e-01     2s
   8  -7.72403323e+03  9.03798497e+03  4.06e-14 1.83e-13  3.37e-02     2s
   9  -1.28014790e+03  1.49893516e+03  1.74e-14 2.84e-14  5.59e-03     2s
  10  -2.16681367e+02  1.69081368e+02  7.98e-15 4.26e-14  7.76e-04     2s
  11  -4.79053388e+01  2.58310877e+01  2.65e-15 2.84e-14  1.48e-04     2s
  12  -7.89556457e+00  3.32068105e+00  9.47e-16 2.84e-14  2.26e-05     2s
  13  -1.44666119e+00  7.64625889e-01  3.52e-16 1.87e-14  4.45e-06     2s
  14  -3.67359772e-01  4.60447799e-01  1.63e-16 2.84e-14  1.67e-06     2s
  15   8.03317091e-02  2.86241429e-01  4.90e-17 2.84e-14  4.14e-07     2s
  16   1.37476770e-01  2.67194054e-01  2.77e-17 2.13e-14  2.61e-07     3s
  17   2.04603751e-01  2.42968365e-01  1.63e-17 2.84e-14  7.72e-08     3s
  18   2.20024175e-01  2.37500283e-01  8.86e-18 2.84e-14  3.52e-08     3s
  19   2.31770071e-01  2.33416687e-01  2.32e-17 2.84e-14  3.31e-09     3s
  20   2.32874840e-01  2.33033194e-01  1.81e-17 2.84e-14  3.19e-10     3s
  21   2.32990022e-01  2.32993355e-01  2.55e-17 2.84e-14  6.71e-12     3s
  22   2.32992491e-01  2.32992501e-01  1.21e-16 2.84e-14  2.01e-14     3s
  23   2.32992497e-01  2.32992499e-01  2.50e-15 2.84e-14  3.03e-15     3s
  24   2.32992498e-01  2.32992498e-01  4.21e-15 2.84e-14  8.51e-16     3s
  25   2.32992498e-01  2.32992498e-01  1.21e-15 2.84e-14  2.09e-16     3s
  26   2.32992498e-01  2.32992498e-01  8.29e-16 2.84e-14  8.63e-17     3s

Barrier solved model in 26 iterations and 3.30 seconds (3.07 work units)
Optimal objective 2.32992498e-01

objective value: 0.23299249833768879
Done! Time elapsed: 23.420527935028076 seconds.
g_0_1: 1.0000003267672024
g_1_1: 1.0000001873971496
g_1_2: 1.0000005282938627
g_2_1: 1.0000003242262339
g_2_2: 1.000000914030846
g_2_3: 1.000000324226234
g_2_4: 1.0000009140308173
Parameters from last iteration: [0.17400006 0.70700013 0.17400009 0.70700023 0.17400016 0.70700023
 0.17400016]

Parameters from current iteration:
                [0.17400006 0.70700013 0.17400009 0.70700023 0.17400016 0.70700023
 0.17400016]


                Percentage Error = 1.5951465658735536e-16
                
year done: 99
Time 100: 2
Optimization Iteration[1/20000]

Solving the optimization problem...
Set parameter TokenServer to value "licenses.rcc.uchicago.edu"
Read LP format model from file /scratch/local/jobs/50183986/tmplk8nu8tb.pyomo.lp
Reading time = 1.35 seconds
x1: 258121 rows, 502401 columns, 1259970 nonzeros
Set parameter Threads to value 8
Set parameter BarConvTol to value 1e-12
Gurobi Optimizer version 11.0.0 build v11.0.0rc2 (linux64 - "CentOS Linux 8")

CPU model: Intel(R) Xeon(R) Gold 6248R CPU @ 3.00GHz, instruction set [SSE2|AVX|AVX2|AVX512]
Thread count: 48 physical cores, 48 logical processors, using up to 8 threads

Optimize a model with 258121 rows, 502401 columns and 1259970 nonzeros
Model fingerprint: 0x9c4350ac
Model has 3166 quadratic objective terms
Coefficient statistics:
  Matrix range     [1e+00, 1e+03]
  Objective range  [1e-06, 1e+02]
  QObjective range [3e-01, 3e+03]
  Bounds range     [3e-04, 1e+00]
  RHS range        [2e-17, 6e+00]
Presolve removed 131481 rows and 128813 columns
Presolve time: 0.55s
Presolved: 126640 rows, 373588 columns, 743932 nonzeros
Presolved model has 3166 quadratic objective terms
Ordering time: 0.16s

Barrier statistics:
 AA' NZ     : 3.709e+05
 Factor NZ  : 3.905e+06 (roughly 230 MB of memory)
 Factor Ops : 2.623e+08 (less than 1 second per iteration)
 Threads    : 8

                  Objective                Residual
Iter       Primal          Dual         Primal    Dual     Compl     Time
   0  -1.22466045e+09  8.63517425e+08  7.80e+04 1.14e-13  1.00e+06     1s
   1  -5.85742647e+08  5.07976560e+08  1.69e+04 1.44e+02  2.23e+05     1s
   2  -2.82434129e+08  2.81995027e+08  2.13e+02 8.69e-01  3.96e+03     1s
   3  -6.55833254e+07  6.61786495e+07  1.76e+00 1.38e-12  2.85e+02     1s
   4  -1.25708104e+07  1.31966945e+07  1.53e-01 3.27e-12  5.32e+01     1s
   5  -2.28690489e+06  2.53083828e+06  1.14e-02 1.18e-12  9.74e+00     1s
   6  -3.34328819e+05  3.84146614e+05  1.14e-08 1.00e-12  1.45e+00     2s
   7  -5.04631045e+04  6.35331345e+04  1.53e-13 7.29e-13  2.29e-01     2s
   8  -7.72403886e+03  9.03797934e+03  3.06e-14 1.81e-13  3.37e-02     2s
   9  -1.28015353e+03  1.49892953e+03  1.59e-14 3.04e-14  5.59e-03     2s
  10  -2.16686998e+02  1.69075737e+02  7.94e-15 2.93e-14  7.76e-04     2s
  11  -4.79109696e+01  2.58254568e+01  2.34e-15 2.84e-14  1.48e-04     2s
  12  -7.90119542e+00  3.31505020e+00  8.96e-16 2.84e-14  2.26e-05     2s
  13  -1.45229204e+00  7.58995038e-01  3.69e-16 2.13e-14  4.45e-06     2s
  14  -3.72990622e-01  4.54816948e-01  1.21e-16 2.84e-14  1.67e-06     2s
  15   7.47008585e-02  2.80610579e-01  4.01e-17 2.84e-14  4.14e-07     2s
  16   1.31845919e-01  2.61563203e-01  2.52e-17 2.84e-14  2.61e-07     3s
  17   1.98972900e-01  2.37337514e-01  1.72e-17 2.84e-14  7.72e-08     3s
  18   2.14393324e-01  2.31869432e-01  1.79e-17 2.84e-14  3.52e-08     3s
  19   2.26139220e-01  2.27785836e-01  2.22e-17 2.84e-14  3.31e-09     3s
  20   2.27243990e-01  2.27402343e-01  1.03e-17 2.84e-14  3.19e-10     3s
  21   2.27359171e-01  2.27362504e-01  1.87e-17 1.78e-14  6.71e-12     3s
  22   2.27361640e-01  2.27361650e-01  1.13e-16 2.84e-14  2.01e-14     3s
  23   2.27361647e-01  2.27361648e-01  2.71e-15 2.84e-14  3.01e-15     3s
  24   2.27361647e-01  2.27361648e-01  4.81e-15 2.84e-14  8.47e-16     3s
  25   2.27361648e-01  2.27361648e-01  1.32e-15 3.55e-14  2.08e-16     3s
  26   2.27361648e-01  2.27361648e-01  5.71e-16 2.13e-14  8.57e-17     3s

Barrier solved model in 26 iterations and 3.33 seconds (3.07 work units)
Optimal objective 2.27361648e-01

objective value: 0.2273616477560658
Done! Time elapsed: 24.9553120136261 seconds.
g_0_1: 1.0000003267672024
g_1_1: 1.0000001873971498
g_1_2: 1.0000005282938627
g_2_1: 1.0000003242262339
g_2_2: 1.000000914030846
g_2_3: 1.0000003242262343
g_2_4: 1.0000009140308173
Parameters from last iteration: [0.17400006 0.70700013 0.17400009 0.70700023 0.17400016 0.70700023
 0.17400016]

Parameters from current iteration:
                [0.17400006 0.70700013 0.17400009 0.70700023 0.17400016 0.70700023
 0.17400016]


                Percentage Error = 3.140658604165673e-16
                
year done: 100
Time 101: 2
Optimization Iteration[1/20000]

Solving the optimization problem...
Set parameter TokenServer to value "licenses.rcc.uchicago.edu"
Read LP format model from file /scratch/local/jobs/50183986/tmp6zdkl9nh.pyomo.lp
Reading time = 1.34 seconds
x1: 258121 rows, 502401 columns, 1259970 nonzeros
Set parameter Threads to value 8
Set parameter BarConvTol to value 1e-12
Gurobi Optimizer version 11.0.0 build v11.0.0rc2 (linux64 - "CentOS Linux 8")

CPU model: Intel(R) Xeon(R) Gold 6248R CPU @ 3.00GHz, instruction set [SSE2|AVX|AVX2|AVX512]
Thread count: 48 physical cores, 48 logical processors, using up to 8 threads

Optimize a model with 258121 rows, 502401 columns and 1259970 nonzeros
Model fingerprint: 0x0142fb8f
Model has 3166 quadratic objective terms
Coefficient statistics:
  Matrix range     [1e+00, 1e+03]
  Objective range  [1e-06, 1e+02]
  QObjective range [3e-01, 3e+03]
  Bounds range     [3e-04, 1e+00]
  RHS range        [2e-17, 6e+00]
Presolve removed 131481 rows and 128813 columns
Presolve time: 0.55s
Presolved: 126640 rows, 373588 columns, 743932 nonzeros
Presolved model has 3166 quadratic objective terms
Ordering time: 0.16s

Barrier statistics:
 AA' NZ     : 3.709e+05
 Factor NZ  : 3.905e+06 (roughly 230 MB of memory)
 Factor Ops : 2.623e+08 (less than 1 second per iteration)
 Threads    : 8

                  Objective                Residual
Iter       Primal          Dual         Primal    Dual     Compl     Time
   0  -1.22466045e+09  8.63517425e+08  7.80e+04 1.14e-13  1.00e+06     1s
   1  -5.85742647e+08  5.07976560e+08  1.69e+04 1.44e+02  2.23e+05     1s
   2  -2.82434129e+08  2.81995027e+08  2.13e+02 8.69e-01  3.96e+03     1s
   3  -6.55833254e+07  6.61786495e+07  1.76e+00 1.45e-12  2.85e+02     1s
   4  -1.25708104e+07  1.31966945e+07  1.53e-01 4.15e-12  5.32e+01     1s
   5  -2.28690490e+06  2.53083827e+06  1.14e-02 1.31e-12  9.74e+00     1s
   6  -3.34328825e+05  3.84146609e+05  1.14e-08 1.15e-12  1.45e+00     2s
   7  -5.04631099e+04  6.35331291e+04  1.34e-13 6.22e-13  2.29e-01     2s
   8  -7.72404424e+03  9.03797396e+03  3.72e-14 1.89e-13  3.37e-02     2s
   9  -1.28015891e+03  1.49892415e+03  1.80e-14 5.68e-14  5.59e-03     2s
  10  -2.16692375e+02  1.69070360e+02  7.30e-15 4.00e-14  7.76e-04     2s
  11  -4.79163471e+01  2.58200794e+01  1.97e-15 2.13e-14  1.48e-04     2s
  12  -7.90657284e+00  3.30967278e+00  1.08e-15 2.84e-14  2.26e-05     2s
  13  -1.45766946e+00  7.53617617e-01  3.16e-16 4.26e-14  4.45e-06     2s
  14  -3.78368043e-01  4.49439528e-01  1.40e-16 2.84e-14  1.67e-06     2s
  15   6.93234380e-02  2.75233158e-01  3.53e-17 2.84e-14  4.14e-07     2s
  16   1.26468499e-01  2.56185783e-01  4.30e-17 2.84e-14  2.61e-07     3s
  17   1.93595480e-01  2.31960094e-01  1.80e-17 2.84e-14  7.72e-08     3s
  18   2.09015904e-01  2.26492012e-01  1.20e-17 2.84e-14  3.52e-08     3s
  19   2.20761799e-01  2.22408416e-01  2.60e-17 2.84e-14  3.31e-09     3s
  20   2.21866569e-01  2.22024923e-01  1.65e-17 1.78e-14  3.19e-10     3s
  21   2.21981751e-01  2.21985084e-01  1.41e-17 2.84e-14  6.71e-12     3s
  22   2.21984220e-01  2.21984230e-01  8.77e-17 4.26e-14  2.01e-14     3s
  23   2.21984226e-01  2.21984228e-01  2.64e-15 2.84e-14  3.00e-15     3s
  24   2.21984227e-01  2.21984227e-01  4.30e-15 2.84e-14  8.43e-16     3s
  25   2.21984227e-01  2.21984227e-01  1.07e-15 2.84e-14  2.07e-16     3s
  26   2.21984227e-01  2.21984227e-01  5.87e-16 1.42e-14  8.52e-17     3s

Barrier solved model in 26 iterations and 3.33 seconds (3.07 work units)
Optimal objective 2.21984227e-01

objective value: 0.2219842271977451
Done! Time elapsed: 23.497639656066895 seconds.
g_0_1: 1.0000003267672022
g_1_1: 1.0000001873971496
g_1_2: 1.0000005282938627
g_2_1: 1.0000003242262339
g_2_2: 1.0000009140308457
g_2_3: 1.000000324226234
g_2_4: 1.0000009140308173
Parameters from last iteration: [0.17400006 0.70700013 0.17400009 0.70700023 0.17400016 0.70700023
 0.17400016]

Parameters from current iteration:
                [0.17400006 0.70700013 0.17400009 0.70700023 0.17400016 0.70700023
 0.17400016]


                Percentage Error = 3.140658604165672e-16
                
year done: 101
Time 102: 2
Optimization Iteration[1/20000]

Solving the optimization problem...
Set parameter TokenServer to value "licenses.rcc.uchicago.edu"
Read LP format model from file /scratch/local/jobs/50183986/tmp4yd1i3jy.pyomo.lp
Reading time = 1.33 seconds
x1: 258121 rows, 502401 columns, 1259970 nonzeros
Set parameter Threads to value 8
Set parameter BarConvTol to value 1e-12
Gurobi Optimizer version 11.0.0 build v11.0.0rc2 (linux64 - "CentOS Linux 8")

CPU model: Intel(R) Xeon(R) Gold 6248R CPU @ 3.00GHz, instruction set [SSE2|AVX|AVX2|AVX512]
Thread count: 48 physical cores, 48 logical processors, using up to 8 threads

Optimize a model with 258121 rows, 502401 columns and 1259970 nonzeros
Model fingerprint: 0x4cdd3077
Model has 3166 quadratic objective terms
Coefficient statistics:
  Matrix range     [1e+00, 1e+03]
  Objective range  [1e-06, 1e+02]
  QObjective range [3e-01, 3e+03]
  Bounds range     [3e-04, 1e+00]
  RHS range        [2e-17, 6e+00]
Presolve removed 131481 rows and 128813 columns
Presolve time: 0.55s
Presolved: 126640 rows, 373588 columns, 743932 nonzeros
Presolved model has 3166 quadratic objective terms
Ordering time: 0.16s

Barrier statistics:
 AA' NZ     : 3.709e+05
 Factor NZ  : 3.905e+06 (roughly 230 MB of memory)
 Factor Ops : 2.623e+08 (less than 1 second per iteration)
 Threads    : 8

                  Objective                Residual
Iter       Primal          Dual         Primal    Dual     Compl     Time
   0  -1.22466045e+09  8.63517425e+08  7.80e+04 1.13e-13  1.00e+06     1s
   1  -5.85742647e+08  5.07976560e+08  1.69e+04 1.44e+02  2.23e+05     1s
   2  -2.82434129e+08  2.81995027e+08  2.13e+02 8.69e-01  3.96e+03     1s
   3  -6.55833254e+07  6.61786495e+07  1.76e+00 1.69e-12  2.85e+02     1s
   4  -1.25708104e+07  1.31966945e+07  1.53e-01 3.79e-12  5.32e+01     1s
   5  -2.28690490e+06  2.53083827e+06  1.14e-02 1.23e-12  9.74e+00     1s
   6  -3.34328830e+05  3.84146603e+05  1.14e-08 7.66e-13  1.45e+00     2s
   7  -5.04631150e+04  6.35331240e+04  1.60e-13 9.09e-13  2.29e-01     2s
   8  -7.72404937e+03  9.03796882e+03  3.82e-14 1.87e-13  3.37e-02     2s
   9  -1.28016404e+03  1.49891901e+03  1.56e-14 4.97e-14  5.59e-03     2s
  10  -2.16697511e+02  1.69065224e+02  7.04e-15 4.26e-14  7.76e-04     2s
  11  -4.79214825e+01  2.58149440e+01  2.07e-15 2.84e-14  1.48e-04     2s
  12  -7.91170824e+00  3.30453738e+00  9.41e-16 2.84e-14  2.26e-05     2s
  13  -1.46280486e+00  7.48482221e-01  4.03e-16 2.84e-14  4.45e-06     2s
  14  -3.83503440e-01  4.44304131e-01  1.15e-16 2.84e-14  1.67e-06     2s
  15   6.41880412e-02  2.70097761e-01  3.58e-17 2.84e-14  4.14e-07     2s
  16   1.21333102e-01  2.51050386e-01  2.23e-17 2.84e-14  2.61e-07     3s
  17   1.88460083e-01  2.26824697e-01  1.96e-17 2.18e-14  7.72e-08     3s
  18   2.03880507e-01  2.21356615e-01  1.02e-17 2.84e-14  3.52e-08     3s
  19   2.15626403e-01  2.17273019e-01  2.57e-17 2.84e-14  3.31e-09     3s
  20   2.16731172e-01  2.16889526e-01  1.45e-17 4.26e-14  3.19e-10     3s
  21   2.16846354e-01  2.16849687e-01  1.98e-17 2.84e-14  6.71e-12     3s
  22   2.16848823e-01  2.16848833e-01  1.29e-16 2.84e-14  2.01e-14     3s
  23   2.16848829e-01  2.16848831e-01  2.67e-15 2.84e-14  2.98e-15     3s
  24   2.16848830e-01  2.16848831e-01  3.71e-15 2.84e-14  8.39e-16     3s
  25   2.16848830e-01  2.16848830e-01  9.92e-16 2.84e-14  2.06e-16     3s
  26   2.16848830e-01  2.16848830e-01  5.48e-16 2.84e-14  8.46e-17     3s

Barrier solved model in 26 iterations and 3.33 seconds (3.07 work units)
Optimal objective 2.16848830e-01

objective value: 0.21684883043275166
Done! Time elapsed: 23.512628316879272 seconds.
g_0_1: 1.000000326767202
g_1_1: 1.0000001873971498
g_1_2: 1.0000005282938627
g_2_1: 1.0000003242262339
g_2_2: 1.0000009140308455
g_2_3: 1.0000003242262343
g_2_4: 1.0000009140308173
Parameters from last iteration: [0.17400006 0.70700013 0.17400009 0.70700023 0.17400016 0.70700023
 0.17400016]

Parameters from current iteration:
                [0.17400006 0.70700013 0.17400009 0.70700023 0.17400016 0.70700023
 0.17400016]


                Percentage Error = 3.1902950052896646e-16
                
year done: 102
Time 103: 2
Optimization Iteration[1/20000]

Solving the optimization problem...
Set parameter TokenServer to value "licenses.rcc.uchicago.edu"
Read LP format model from file /scratch/local/jobs/50183986/tmp3bou3_2e.pyomo.lp
Reading time = 1.33 seconds
x1: 258121 rows, 502401 columns, 1259970 nonzeros
Set parameter Threads to value 8
Set parameter BarConvTol to value 1e-12
Gurobi Optimizer version 11.0.0 build v11.0.0rc2 (linux64 - "CentOS Linux 8")

CPU model: Intel(R) Xeon(R) Gold 6248R CPU @ 3.00GHz, instruction set [SSE2|AVX|AVX2|AVX512]
Thread count: 48 physical cores, 48 logical processors, using up to 8 threads

Optimize a model with 258121 rows, 502401 columns and 1259970 nonzeros
Model fingerprint: 0xeb2e6749
Model has 3166 quadratic objective terms
Coefficient statistics:
  Matrix range     [1e+00, 1e+03]
  Objective range  [1e-06, 1e+02]
  QObjective range [3e-01, 3e+03]
  Bounds range     [3e-04, 1e+00]
  RHS range        [2e-17, 6e+00]
Presolve removed 131481 rows and 128813 columns
Presolve time: 0.55s
Presolved: 126640 rows, 373588 columns, 743932 nonzeros
Presolved model has 3166 quadratic objective terms
Ordering time: 0.16s

Barrier statistics:
 AA' NZ     : 3.709e+05
 Factor NZ  : 3.905e+06 (roughly 230 MB of memory)
 Factor Ops : 2.623e+08 (less than 1 second per iteration)
 Threads    : 8

                  Objective                Residual
Iter       Primal          Dual         Primal    Dual     Compl     Time
   0  -1.22466045e+09  8.63517425e+08  7.80e+04 1.13e-13  1.00e+06     1s
   1  -5.85742647e+08  5.07976560e+08  1.69e+04 1.44e+02  2.23e+05     1s
   2  -2.82434129e+08  2.81995027e+08  2.13e+02 8.69e-01  3.96e+03     1s
   3  -6.55833255e+07  6.61786495e+07  1.76e+00 1.52e-12  2.85e+02     1s
   4  -1.25708104e+07  1.31966945e+07  1.53e-01 4.59e-12  5.32e+01     1s
   5  -2.28690491e+06  2.53083826e+06  1.14e-02 1.25e-12  9.74e+00     1s
   6  -3.34328835e+05  3.84146599e+05  1.14e-08 8.98e-13  1.45e+00     2s
   7  -5.04631199e+04  6.35331191e+04  1.47e-13 7.73e-13  2.29e-01     2s
   8  -7.72405428e+03  9.03796392e+03  4.71e-14 1.94e-13  3.37e-02     2s
   9  -1.28016895e+03  1.49891411e+03  1.74e-14 5.68e-14  5.59e-03     2s
  10  -2.16702415e+02  1.69060320e+02  7.71e-15 4.26e-14  7.76e-04     2s
  11  -4.79263867e+01  2.58100397e+01  2.02e-15 2.84e-14  1.48e-04     2s
  12  -7.91661251e+00  3.29963311e+00  8.31e-16 2.84e-14  2.26e-05     2s
  13  -1.46770913e+00  7.43577955e-01  3.77e-16 2.84e-14  4.45e-06     2s
  14  -3.88407706e-01  4.39399865e-01  1.40e-16 3.29e-14  1.67e-06     2s
  15   5.92837754e-02  2.65193495e-01  3.82e-17 2.84e-14  4.14e-07     2s
  16   1.16428836e-01  2.46146120e-01  2.58e-17 5.68e-14  2.61e-07     3s
  17   1.83555817e-01  2.21920431e-01  1.85e-17 2.84e-14  7.72e-08     3s
  18   1.98976241e-01  2.16452349e-01  1.17e-17 2.84e-14  3.52e-08     3s
  19   2.10722137e-01  2.12368753e-01  2.34e-17 2.13e-14  3.31e-09     3s
  20   2.11826906e-01  2.11985260e-01  1.47e-17 2.84e-14  3.19e-10     3s
  21   2.11942088e-01  2.11945421e-01  1.59e-17 2.84e-14  6.71e-12     3s
  22   2.11944557e-01  2.11944567e-01  1.00e-16 4.26e-14  2.01e-14     3s
  23   2.11944564e-01  2.11944565e-01  2.60e-15 5.68e-14  2.97e-15     3s
  24   2.11944564e-01  2.11944565e-01  3.66e-15 2.84e-14  8.35e-16     3s
  25   2.11944565e-01  2.11944565e-01  1.21e-15 1.60e-14  2.06e-16     3s
  26   2.11944565e-01  2.11944565e-01  5.31e-16 2.13e-14  8.41e-17     3s

Barrier solved model in 26 iterations and 3.32 seconds (3.07 work units)
Optimal objective 2.11944565e-01

objective value: 0.211944564596023
Done! Time elapsed: 23.586318731307983 seconds.
g_0_1: 1.000000326767202
g_1_1: 1.0000001873971496
g_1_2: 1.0000005282938627
g_2_1: 1.000000324226234
g_2_2: 1.0000009140308452
g_2_3: 1.0000003242262343
g_2_4: 1.0000009140308173
Parameters from last iteration: [0.17400006 0.70700013 0.17400009 0.70700023 0.17400016 0.70700023
 0.17400016]

Parameters from current iteration:
                [0.17400006 0.70700013 0.17400009 0.70700023 0.17400016 0.70700023
 0.17400016]


                Percentage Error = 3.140658604165672e-16
                
year done: 103
Time 104: 2
Optimization Iteration[1/20000]

Solving the optimization problem...
Set parameter TokenServer to value "licenses.rcc.uchicago.edu"
Read LP format model from file /scratch/local/jobs/50183986/tmp5vvvabao.pyomo.lp
Reading time = 1.34 seconds
x1: 258121 rows, 502401 columns, 1259970 nonzeros
Set parameter Threads to value 8
Set parameter BarConvTol to value 1e-12
Gurobi Optimizer version 11.0.0 build v11.0.0rc2 (linux64 - "CentOS Linux 8")

CPU model: Intel(R) Xeon(R) Gold 6248R CPU @ 3.00GHz, instruction set [SSE2|AVX|AVX2|AVX512]
Thread count: 48 physical cores, 48 logical processors, using up to 8 threads

Optimize a model with 258121 rows, 502401 columns and 1259970 nonzeros
Model fingerprint: 0xbe5499c7
Model has 3166 quadratic objective terms
Coefficient statistics:
  Matrix range     [1e+00, 1e+03]
  Objective range  [1e-06, 1e+02]
  QObjective range [3e-01, 3e+03]
  Bounds range     [3e-04, 1e+00]
  RHS range        [2e-17, 6e+00]
Presolve removed 131481 rows and 128813 columns
Presolve time: 0.55s
Presolved: 126640 rows, 373588 columns, 743932 nonzeros
Presolved model has 3166 quadratic objective terms
Ordering time: 0.16s

Barrier statistics:
 AA' NZ     : 3.709e+05
 Factor NZ  : 3.905e+06 (roughly 230 MB of memory)
 Factor Ops : 2.623e+08 (less than 1 second per iteration)
 Threads    : 8

                  Objective                Residual
Iter       Primal          Dual         Primal    Dual     Compl     Time
   0  -1.22466045e+09  8.63517425e+08  7.80e+04 1.13e-13  1.00e+06     1s
   1  -5.85742647e+08  5.07976560e+08  1.69e+04 1.44e+02  2.23e+05     1s
   2  -2.82434129e+08  2.81995027e+08  2.13e+02 8.69e-01  3.96e+03     1s
   3  -6.55833255e+07  6.61786495e+07  1.76e+00 1.66e-12  2.85e+02     1s
   4  -1.25708104e+07  1.31966945e+07  1.53e-01 4.61e-12  5.32e+01     1s
   5  -2.28690491e+06  2.53083826e+06  1.14e-02 1.27e-12  9.74e+00     1s
   6  -3.34328839e+05  3.84146594e+05  1.14e-08 9.63e-13  1.45e+00     2s
   7  -5.04631246e+04  6.35331144e+04  1.27e-13 6.62e-13  2.29e-01     2s
   8  -7.72405896e+03  9.03795924e+03  4.63e-14 1.87e-13  3.37e-02     2s
   9  -1.28017363e+03  1.49890943e+03  1.60e-14 5.68e-14  5.59e-03     2s
  10  -2.16707098e+02  1.69055636e+02  9.41e-15 4.26e-14  7.76e-04     2s
  11  -4.79310703e+01  2.58053562e+01  1.85e-15 2.84e-14  1.48e-04     2s
  12  -7.92129604e+00  3.29494958e+00  1.08e-15 2.84e-14  2.26e-05     2s
  13  -1.47239266e+00  7.38894417e-01  3.23e-16 2.84e-14  4.45e-06     2s
  14  -3.93091243e-01  4.34716327e-01  1.29e-16 2.84e-14  1.67e-06     2s
  15   5.46002379e-02  2.60509958e-01  4.21e-17 1.42e-14  4.14e-07     2s
  16   1.11745299e-01  2.41462582e-01  2.44e-17 2.84e-14  2.61e-07     3s
  17   1.78872280e-01  2.17236894e-01  1.97e-17 2.04e-14  7.72e-08     3s
  18   1.94292703e-01  2.11768811e-01  1.33e-17 2.84e-14  3.52e-08     3s
  19   2.06038599e-01  2.07685215e-01  2.38e-17 2.84e-14  3.31e-09     3s
  20   2.07143369e-01  2.07301722e-01  1.19e-17 2.84e-14  3.19e-10     3s
  21   2.07258551e-01  2.07261884e-01  1.69e-17 2.84e-14  6.71e-12     3s
  22   2.07261020e-01  2.07261030e-01  1.18e-16 2.84e-14  2.01e-14     3s
  23   2.07261026e-01  2.07261027e-01  2.77e-15 1.42e-14  2.95e-15     3s
  24   2.07261027e-01  2.07261027e-01  3.56e-15 2.84e-14  8.31e-16     3s
  25   2.07261027e-01  2.07261027e-01  1.04e-15 2.84e-14  2.05e-16     3s
  26   2.07261027e-01  2.07261027e-01  5.68e-16 2.84e-14  8.36e-17     3s

Barrier solved model in 26 iterations and 3.33 seconds (3.07 work units)
Optimal objective 2.07261027e-01

objective value: 0.20726102708218097
Done! Time elapsed: 24.98949098587036 seconds.
g_0_1: 1.0000003267672022
g_1_1: 1.0000001873971498
g_1_2: 1.0000005282938627
g_2_1: 1.0000003242262339
g_2_2: 1.000000914030845
g_2_3: 1.0000003242262343
g_2_4: 1.0000009140308173
Parameters from last iteration: [0.17400006 0.70700013 0.17400009 0.70700023 0.17400016 0.70700023
 0.17400016]

Parameters from current iteration:
                [0.17400006 0.70700013 0.17400009 0.70700023 0.17400016 0.70700023
 0.17400016]


                Percentage Error = 3.1902950052896656e-16
                
year done: 104
Time 105: 2
Optimization Iteration[1/20000]

Solving the optimization problem...
Set parameter TokenServer to value "licenses.rcc.uchicago.edu"
Read LP format model from file /scratch/local/jobs/50183986/tmpvji9stbh.pyomo.lp
Reading time = 1.33 seconds
x1: 258121 rows, 502401 columns, 1259970 nonzeros
Set parameter Threads to value 8
Set parameter BarConvTol to value 1e-12
Gurobi Optimizer version 11.0.0 build v11.0.0rc2 (linux64 - "CentOS Linux 8")

CPU model: Intel(R) Xeon(R) Gold 6248R CPU @ 3.00GHz, instruction set [SSE2|AVX|AVX2|AVX512]
Thread count: 48 physical cores, 48 logical processors, using up to 8 threads

Optimize a model with 258121 rows, 502401 columns and 1259970 nonzeros
Model fingerprint: 0x94acdd5f
Model has 3166 quadratic objective terms
Coefficient statistics:
  Matrix range     [1e+00, 1e+03]
  Objective range  [1e-06, 1e+02]
  QObjective range [3e-01, 3e+03]
  Bounds range     [3e-04, 1e+00]
  RHS range        [2e-17, 6e+00]
Presolve removed 131481 rows and 128813 columns
Presolve time: 0.55s
Presolved: 126640 rows, 373588 columns, 743932 nonzeros
Presolved model has 3166 quadratic objective terms
Ordering time: 0.15s

Barrier statistics:
 AA' NZ     : 3.709e+05
 Factor NZ  : 3.905e+06 (roughly 230 MB of memory)
 Factor Ops : 2.623e+08 (less than 1 second per iteration)
 Threads    : 8

                  Objective                Residual
Iter       Primal          Dual         Primal    Dual     Compl     Time
   0  -1.22466045e+09  8.63517425e+08  7.80e+04 1.13e-13  1.00e+06     1s
   1  -5.85742647e+08  5.07976560e+08  1.69e+04 1.44e+02  2.23e+05     1s
   2  -2.82434129e+08  2.81995027e+08  2.13e+02 8.69e-01  3.96e+03     1s
   3  -6.55833255e+07  6.61786495e+07  1.76e+00 1.73e-12  2.85e+02     1s
   4  -1.25708104e+07  1.31966945e+07  1.53e-01 5.12e-12  5.32e+01     1s
   5  -2.28690492e+06  2.53083826e+06  1.14e-02 1.47e-12  9.74e+00     1s
   6  -3.34328844e+05  3.84146589e+05  1.14e-08 8.49e-13  1.45e+00     2s
   7  -5.04631291e+04  6.35331099e+04  1.32e-13 6.76e-13  2.29e-01     2s
   8  -7.72406344e+03  9.03795476e+03  4.20e-14 1.65e-13  3.37e-02     2s
   9  -1.28017810e+03  1.49890495e+03  1.45e-14 5.68e-14  5.59e-03     2s
  10  -2.16711571e+02  1.69051164e+02  7.06e-15 2.84e-14  7.76e-04     2s
  11  -4.79355430e+01  2.58008834e+01  2.74e-15 2.84e-14  1.48e-04     2s
  12  -7.92576879e+00  3.29047683e+00  9.35e-16 2.84e-14  2.26e-05     2s
  13  -1.47686541e+00  7.34421674e-01  3.56e-16 2.84e-14  4.45e-06     2s
  14  -3.97563987e-01  4.30243584e-01  1.36e-16 2.84e-14  1.67e-06     2s
  15   5.01274943e-02  2.56037214e-01  3.25e-17 2.84e-14  4.14e-07     2s
  16   1.07272555e-01  2.36989839e-01  2.52e-17 2.84e-14  2.61e-07     3s
  17   1.74399536e-01  2.12764150e-01  2.02e-17 2.84e-14  7.72e-08     3s
  18   1.89819960e-01  2.07296068e-01  9.03e-18 2.84e-14  3.52e-08     3s
  19   2.01565856e-01  2.03212472e-01  3.31e-17 1.78e-14  3.31e-09     3s
  20   2.02670625e-01  2.02828979e-01  1.09e-17 2.84e-14  3.19e-10     3s
  21   2.02785807e-01  2.02789140e-01  2.83e-17 2.84e-14  6.71e-12     3s
  22   2.02788276e-01  2.02788286e-01  1.12e-16 2.84e-14  2.01e-14     3s
  23   2.02788282e-01  2.02788284e-01  2.45e-15 2.31e-14  2.94e-15     3s
  24   2.02788283e-01  2.02788284e-01  3.92e-15 2.84e-14  8.27e-16     3s
  25   2.02788283e-01  2.02788284e-01  9.75e-16 2.84e-14  2.04e-16     3s
  26   2.02788283e-01  2.02788284e-01  5.25e-16 1.42e-14  8.30e-17     3s

Barrier solved model in 26 iterations and 3.32 seconds (3.07 work units)
Optimal objective 2.02788283e-01

objective value: 0.2027882834802188
Done! Time elapsed: 23.631712675094604 seconds.
g_0_1: 1.0000003267672022
g_1_1: 1.0000001873971496
g_1_2: 1.0000005282938624
g_2_1: 1.000000324226234
g_2_2: 1.0000009140308448
g_2_3: 1.0000003242262343
g_2_4: 1.0000009140308173
Parameters from last iteration: [0.17400006 0.70700013 0.17400009 0.70700023 0.17400016 0.70700023
 0.17400016]

Parameters from current iteration:
                [0.17400006 0.70700013 0.17400009 0.70700023 0.17400016 0.70700023
 0.17400016]


                Percentage Error = 3.1902943623605056e-16
                
year done: 105
Time 106: 2
Optimization Iteration[1/20000]

Solving the optimization problem...
Set parameter TokenServer to value "licenses.rcc.uchicago.edu"
Read LP format model from file /scratch/local/jobs/50183986/tmp7yrlmw5d.pyomo.lp
Reading time = 1.33 seconds
x1: 258121 rows, 502401 columns, 1259970 nonzeros
Set parameter Threads to value 8
Set parameter BarConvTol to value 1e-12
Gurobi Optimizer version 11.0.0 build v11.0.0rc2 (linux64 - "CentOS Linux 8")

CPU model: Intel(R) Xeon(R) Gold 6248R CPU @ 3.00GHz, instruction set [SSE2|AVX|AVX2|AVX512]
Thread count: 48 physical cores, 48 logical processors, using up to 8 threads

Optimize a model with 258121 rows, 502401 columns and 1259970 nonzeros
Model fingerprint: 0xa866669a
Model has 3166 quadratic objective terms
Coefficient statistics:
  Matrix range     [1e+00, 1e+03]
  Objective range  [1e-06, 1e+02]
  QObjective range [3e-01, 3e+03]
  Bounds range     [3e-04, 1e+00]
  RHS range        [2e-17, 6e+00]
Presolve removed 131481 rows and 128813 columns
Presolve time: 0.55s
Presolved: 126640 rows, 373588 columns, 743932 nonzeros
Presolved model has 3166 quadratic objective terms
Ordering time: 0.16s

Barrier statistics:
 AA' NZ     : 3.709e+05
 Factor NZ  : 3.905e+06 (roughly 230 MB of memory)
 Factor Ops : 2.623e+08 (less than 1 second per iteration)
 Threads    : 8

                  Objective                Residual
Iter       Primal          Dual         Primal    Dual     Compl     Time
   0  -1.22466045e+09  8.63517425e+08  7.80e+04 1.13e-13  1.00e+06     1s
   1  -5.85742647e+08  5.07976560e+08  1.69e+04 1.44e+02  2.23e+05     1s
   2  -2.82434129e+08  2.81995027e+08  2.13e+02 8.69e-01  3.96e+03     1s
   3  -6.55833255e+07  6.61786495e+07  1.76e+00 1.42e-12  2.85e+02     1s
   4  -1.25708104e+07  1.31966945e+07  1.53e-01 3.97e-12  5.32e+01     1s
   5  -2.28690492e+06  2.53083825e+06  1.14e-02 1.42e-12  9.74e+00     1s
   6  -3.34328848e+05  3.84146585e+05  1.14e-08 8.05e-13  1.45e+00     2s
   7  -5.04631334e+04  6.35331056e+04  1.22e-13 7.02e-13  2.29e-01     2s
   8  -7.72406771e+03  9.03795049e+03  3.66e-14 1.74e-13  3.37e-02     2s
   9  -1.28018237e+03  1.49890068e+03  1.48e-14 5.68e-14  5.59e-03     2s
  10  -2.16715843e+02  1.69046892e+02  8.15e-15 4.26e-14  7.76e-04     2s
  11  -4.79398144e+01  2.57966120e+01  2.21e-15 2.84e-14  1.48e-04     2s
  12  -7.93004022e+00  3.28620540e+00  1.02e-15 4.26e-14  2.26e-05     2s
  13  -1.48113684e+00  7.30150237e-01  3.12e-16 5.68e-14  4.45e-06     2s
  14  -4.01835424e-01  4.25972147e-01  1.42e-16 2.84e-14  1.67e-06     2s
  15   4.58560573e-02  2.51765777e-01  4.25e-17 2.84e-14  4.14e-07     2s
  16   1.03001118e-01  2.32718402e-01  3.02e-17 4.26e-14  2.61e-07     3s
  17   1.70128099e-01  2.08492713e-01  1.63e-17 1.42e-14  7.72e-08     3s
  18   1.85548523e-01  2.03024631e-01  1.57e-17 2.84e-14  3.52e-08     3s
  19   1.97294419e-01  1.98941035e-01  2.12e-17 2.84e-14  3.31e-09     3s
  20   1.98399188e-01  1.98557542e-01  1.20e-17 2.84e-14  3.19e-10     3s
  21   1.98514370e-01  1.98517703e-01  2.31e-17 4.26e-14  6.71e-12     3s
  22   1.98516839e-01  1.98516849e-01  1.12e-16 2.84e-14  2.01e-14     3s
  23   1.98516845e-01  1.98516847e-01  2.33e-15 2.84e-14  2.92e-15     3s
  24   1.98516846e-01  1.98516847e-01  4.30e-15 2.84e-14  8.23e-16     3s
  25   1.98516846e-01  1.98516847e-01  1.26e-15 2.84e-14  2.03e-16     3s
  26   1.98516847e-01  1.98516847e-01  7.62e-16 2.84e-14  8.25e-17     3s

Barrier solved model in 26 iterations and 3.32 seconds (3.07 work units)
Optimal objective 1.98516847e-01

objective value: 0.19851684650126872
Done! Time elapsed: 23.66203784942627 seconds.
g_0_1: 1.000000326767202
g_1_1: 1.0000001873971498
g_1_2: 1.0000005282938624
g_2_1: 1.000000324226234
g_2_2: 1.0000009140308446
g_2_3: 1.000000324226234
g_2_4: 1.0000009140308173
Parameters from last iteration: [0.17400006 0.70700013 0.17400009 0.70700023 0.17400016 0.70700023
 0.17400016]

Parameters from current iteration:
                [0.17400006 0.70700013 0.17400009 0.70700023 0.17400016 0.70700023
 0.17400016]


                Percentage Error = 3.1902950052896646e-16
                
year done: 106
Time 107: 2
Optimization Iteration[1/20000]

Solving the optimization problem...
Set parameter TokenServer to value "licenses.rcc.uchicago.edu"
Read LP format model from file /scratch/local/jobs/50183986/tmpq8z3ax24.pyomo.lp
Reading time = 1.35 seconds
x1: 258121 rows, 502401 columns, 1259970 nonzeros
Set parameter Threads to value 8
Set parameter BarConvTol to value 1e-12
Gurobi Optimizer version 11.0.0 build v11.0.0rc2 (linux64 - "CentOS Linux 8")

CPU model: Intel(R) Xeon(R) Gold 6248R CPU @ 3.00GHz, instruction set [SSE2|AVX|AVX2|AVX512]
Thread count: 48 physical cores, 48 logical processors, using up to 8 threads

Optimize a model with 258121 rows, 502401 columns and 1259970 nonzeros
Model fingerprint: 0x554f6f57
Model has 3166 quadratic objective terms
Coefficient statistics:
  Matrix range     [1e+00, 1e+03]
  Objective range  [1e-06, 1e+02]
  QObjective range [3e-01, 3e+03]
  Bounds range     [3e-04, 1e+00]
  RHS range        [2e-17, 6e+00]
Presolve removed 131481 rows and 128813 columns
Presolve time: 0.55s
Presolved: 126640 rows, 373588 columns, 743932 nonzeros
Presolved model has 3166 quadratic objective terms
Ordering time: 0.15s

Barrier statistics:
 AA' NZ     : 3.709e+05
 Factor NZ  : 3.905e+06 (roughly 230 MB of memory)
 Factor Ops : 2.623e+08 (less than 1 second per iteration)
 Threads    : 8

                  Objective                Residual
Iter       Primal          Dual         Primal    Dual     Compl     Time
   0  -1.22466045e+09  8.63517425e+08  7.80e+04 1.13e-13  1.00e+06     1s
   1  -5.85742647e+08  5.07976560e+08  1.69e+04 1.44e+02  2.23e+05     1s
   2  -2.82434129e+08  2.81995027e+08  2.13e+02 8.69e-01  3.96e+03     1s
   3  -6.55833255e+07  6.61786495e+07  1.76e+00 1.44e-12  2.85e+02     1s
   4  -1.25708104e+07  1.31966945e+07  1.53e-01 5.01e-12  5.32e+01     1s
   5  -2.28690493e+06  2.53083825e+06  1.14e-02 1.23e-12  9.74e+00     1s
   6  -3.34328852e+05  3.84146581e+05  1.14e-08 7.89e-13  1.45e+00     2s
   7  -5.04631374e+04  6.35331016e+04  1.00e-13 6.60e-13  2.29e-01     2s
   8  -7.72407179e+03  9.03794641e+03  3.46e-14 1.82e-13  3.37e-02     2s
   9  -1.28018645e+03  1.49889660e+03  2.27e-14 4.26e-14  5.59e-03     2s
  10  -2.16719922e+02  1.69042813e+02  6.10e-15 4.26e-14  7.76e-04     2s
  11  -4.79438936e+01  2.57925328e+01  2.00e-15 2.84e-14  1.48e-04     2s
  12  -7.93411941e+00  3.28212621e+00  1.01e-15 2.84e-14  2.26e-05     2s
  13  -1.48521603e+00  7.26071046e-01  3.62e-16 2.84e-14  4.45e-06     2s
  14  -4.05914614e-01  4.21892956e-01  1.10e-16 2.84e-14  1.67e-06     2s
  15   4.17768666e-02  2.47686587e-01  3.36e-17 1.55e-14  4.14e-07     2s
  16   9.89219274e-02  2.28639211e-01  3.39e-17 4.26e-14  2.61e-07     3s
  17   1.66048908e-01  2.04413522e-01  2.08e-17 2.84e-14  7.72e-08     3s
  18   1.81469332e-01  1.98945440e-01  1.17e-17 2.84e-14  3.52e-08     3s
  19   1.93215228e-01  1.94861844e-01  2.79e-17 1.69e-14  3.31e-09     3s
  20   1.94319998e-01  1.94478351e-01  9.79e-18 2.84e-14  3.19e-10     3s
  21   1.94435180e-01  1.94438513e-01  1.86e-17 2.84e-14  6.71e-12     3s
  22   1.94437648e-01  1.94437658e-01  1.07e-16 2.84e-14  2.01e-14     3s
  23   1.94437655e-01  1.94437656e-01  2.44e-15 2.84e-14  2.90e-15     3s
  24   1.94437656e-01  1.94437656e-01  4.14e-15 2.84e-14  8.19e-16     3s
  25   1.94437656e-01  1.94437656e-01  1.15e-15 1.95e-14  2.02e-16     3s
  26   1.94437656e-01  1.94437656e-01  6.70e-16 1.42e-14  8.19e-17     3s

Barrier solved model in 26 iterations and 3.30 seconds (3.07 work units)
Optimal objective 1.94437656e-01

objective value: 0.1944376558548115
Done! Time elapsed: 23.63780164718628 seconds.
g_0_1: 1.000000326767202
g_1_1: 1.0000001873971498
g_1_2: 1.0000005282938622
g_2_1: 1.0000003242262339
g_2_2: 1.0000009140308443
g_2_3: 1.0000003242262343
g_2_4: 1.000000914030817
Parameters from last iteration: [0.17400006 0.70700013 0.17400009 0.70700023 0.17400016 0.70700023
 0.17400016]

Parameters from current iteration:
                [0.17400006 0.70700013 0.17400009 0.70700023 0.17400016 0.70700023
 0.17400016]


                Percentage Error = 3.1902931317471116e-16
                
year done: 107
Time 108: 2
Optimization Iteration[1/20000]

Solving the optimization problem...
Set parameter TokenServer to value "licenses.rcc.uchicago.edu"
Read LP format model from file /scratch/local/jobs/50183986/tmpjvs8g6ch.pyomo.lp
Reading time = 1.33 seconds
x1: 258121 rows, 502401 columns, 1259970 nonzeros
Set parameter Threads to value 8
Set parameter BarConvTol to value 1e-12
Gurobi Optimizer version 11.0.0 build v11.0.0rc2 (linux64 - "CentOS Linux 8")

CPU model: Intel(R) Xeon(R) Gold 6248R CPU @ 3.00GHz, instruction set [SSE2|AVX|AVX2|AVX512]
Thread count: 48 physical cores, 48 logical processors, using up to 8 threads

Optimize a model with 258121 rows, 502401 columns and 1259970 nonzeros
Model fingerprint: 0x17af9426
Model has 3166 quadratic objective terms
Coefficient statistics:
  Matrix range     [1e+00, 1e+03]
  Objective range  [1e-06, 1e+02]
  QObjective range [3e-01, 3e+03]
  Bounds range     [3e-04, 1e+00]
  RHS range        [2e-17, 6e+00]
Presolve removed 131481 rows and 128813 columns
Presolve time: 0.55s
Presolved: 126640 rows, 373588 columns, 743932 nonzeros
Presolved model has 3166 quadratic objective terms
Ordering time: 0.15s

Barrier statistics:
 AA' NZ     : 3.709e+05
 Factor NZ  : 3.905e+06 (roughly 230 MB of memory)
 Factor Ops : 2.623e+08 (less than 1 second per iteration)
 Threads    : 8

                  Objective                Residual
Iter       Primal          Dual         Primal    Dual     Compl     Time
   0  -1.22466045e+09  8.63517425e+08  7.80e+04 1.13e-13  1.00e+06     1s
   1  -5.85742647e+08  5.07976560e+08  1.69e+04 1.44e+02  2.23e+05     1s
   2  -2.82434129e+08  2.81995027e+08  2.13e+02 8.69e-01  3.96e+03     1s
   3  -6.55833255e+07  6.61786495e+07  1.76e+00 1.47e-12  2.85e+02     1s
   4  -1.25708104e+07  1.31966945e+07  1.53e-01 4.09e-12  5.32e+01     1s
   5  -2.28690493e+06  2.53083824e+06  1.14e-02 1.42e-12  9.74e+00     1s
   6  -3.34328856e+05  3.84146577e+05  1.14e-08 1.20e-12  1.45e+00     2s
   7  -5.04631413e+04  6.35330977e+04  1.05e-13 8.87e-13  2.29e-01     2s
   8  -7.72407568e+03  9.03794252e+03  4.00e-14 1.97e-13  3.37e-02     2s
   9  -1.28019035e+03  1.49889271e+03  2.09e-14 5.68e-14  5.59e-03     2s
  10  -2.16723817e+02  1.69038917e+02  7.58e-15 4.26e-14  7.76e-04     2s
  11  -4.79477892e+01  2.57886372e+01  2.68e-15 2.84e-14  1.48e-04     2s
  12  -7.93801501e+00  3.27823061e+00  1.08e-15 2.84e-14  2.26e-05     2s
  13  -1.48911163e+00  7.22175449e-01  2.84e-16 2.84e-14  4.45e-06     2s
  14  -4.09810211e-01  4.17997359e-01  1.45e-16 2.84e-14  1.67e-06     2s
  15   3.78812698e-02  2.43790990e-01  3.99e-17 1.69e-14  4.14e-07     2s
  16   9.50263306e-02  2.24743614e-01  2.46e-17 2.84e-14  2.61e-07     3s
  17   1.62153312e-01  2.00517926e-01  1.44e-17 2.84e-14  7.72e-08     3s
  18   1.77573735e-01  1.95049843e-01  2.07e-17 2.84e-14  3.52e-08     3s
  19   1.89319631e-01  1.90966247e-01  2.07e-17 2.84e-14  3.31e-09     3s
  20   1.90424401e-01  1.90582754e-01  1.14e-17 2.84e-14  3.19e-10     3s
  21   1.90539583e-01  1.90542916e-01  1.67e-17 2.84e-14  6.71e-12     3s
  22   1.90542052e-01  1.90542062e-01  1.34e-16 2.84e-14  2.01e-14     3s
  23   1.90542058e-01  1.90542059e-01  2.23e-15 2.84e-14  2.89e-15     3s
  24   1.90542059e-01  1.90542059e-01  4.04e-15 2.84e-14  8.15e-16     3s
  25   1.90542059e-01  1.90542059e-01  1.17e-15 2.84e-14  2.01e-16     3s
  26   1.90542059e-01  1.90542059e-01  5.37e-16 1.42e-14  8.14e-17     3s

Barrier solved model in 26 iterations and 3.31 seconds (3.07 work units)
Optimal objective 1.90542059e-01

objective value: 0.19054205903057592
Done! Time elapsed: 24.88610315322876 seconds.
g_0_1: 1.0000003267672022
g_1_1: 1.0000001873971498
g_1_2: 1.0000005282938624
g_2_1: 1.000000324226234
g_2_2: 1.0000009140308443
g_2_3: 1.0000003242262343
g_2_4: 1.0000009140308173
Parameters from last iteration: [0.17400006 0.70700013 0.17400009 0.70700023 0.17400016 0.70700023
 0.17400016]

Parameters from current iteration:
                [0.17400006 0.70700013 0.17400009 0.70700023 0.17400016 0.70700023
 0.17400016]


                Percentage Error = 3.1902950052896656e-16
                
year done: 108
Time 109: 2
Optimization Iteration[1/20000]

Solving the optimization problem...
Set parameter TokenServer to value "licenses.rcc.uchicago.edu"
Read LP format model from file /scratch/local/jobs/50183986/tmpc573ddnv.pyomo.lp
Reading time = 1.34 seconds
x1: 258121 rows, 502401 columns, 1259970 nonzeros
Set parameter Threads to value 8
Set parameter BarConvTol to value 1e-12
Gurobi Optimizer version 11.0.0 build v11.0.0rc2 (linux64 - "CentOS Linux 8")

CPU model: Intel(R) Xeon(R) Gold 6248R CPU @ 3.00GHz, instruction set [SSE2|AVX|AVX2|AVX512]
Thread count: 48 physical cores, 48 logical processors, using up to 8 threads

Optimize a model with 258121 rows, 502401 columns and 1259970 nonzeros
Model fingerprint: 0x5eb1e20f
Model has 3166 quadratic objective terms
Coefficient statistics:
  Matrix range     [1e+00, 1e+03]
  Objective range  [1e-06, 1e+02]
  QObjective range [3e-01, 3e+03]
  Bounds range     [3e-04, 1e+00]
  RHS range        [2e-17, 6e+00]
Presolve removed 131481 rows and 128813 columns
Presolve time: 0.55s
Presolved: 126640 rows, 373588 columns, 743932 nonzeros
Presolved model has 3166 quadratic objective terms
Ordering time: 0.16s

Barrier statistics:
 AA' NZ     : 3.709e+05
 Factor NZ  : 3.905e+06 (roughly 230 MB of memory)
 Factor Ops : 2.623e+08 (less than 1 second per iteration)
 Threads    : 8

                  Objective                Residual
Iter       Primal          Dual         Primal    Dual     Compl     Time
   0  -1.22466045e+09  8.63517425e+08  7.80e+04 1.13e-13  1.00e+06     1s
   1  -5.85742648e+08  5.07976560e+08  1.69e+04 1.44e+02  2.23e+05     1s
   2  -2.82434129e+08  2.81995027e+08  2.13e+02 8.69e-01  3.96e+03     1s
   3  -6.55833255e+07  6.61786495e+07  1.76e+00 1.45e-12  2.85e+02     1s
   4  -1.25708104e+07  1.31966945e+07  1.53e-01 4.21e-12  5.32e+01     1s
   5  -2.28690493e+06  2.53083824e+06  1.14e-02 1.41e-12  9.74e+00     1s
   6  -3.34328860e+05  3.84146573e+05  1.14e-08 1.66e-12  1.45e+00     2s
   7  -5.04631451e+04  6.35330939e+04  1.18e-13 6.10e-13  2.29e-01     2s
   8  -7.72407940e+03  9.03793880e+03  5.03e-14 2.01e-13  3.37e-02     2s
   9  -1.28019407e+03  1.49888899e+03  1.74e-14 5.68e-14  5.59e-03     2s
  10  -2.16727538e+02  1.69035197e+02  6.68e-15 2.84e-14  7.76e-04     2s
  11  -4.79515095e+01  2.57849169e+01  2.29e-15 2.84e-14  1.48e-04     2s
  12  -7.94173528e+00  3.27451034e+00  1.02e-15 2.84e-14  2.26e-05     2s
  13  -1.49283190e+00  7.18455183e-01  3.89e-16 2.84e-14  4.45e-06     2s
  14  -4.13530477e-01  4.14277093e-01  1.34e-16 2.84e-14  1.67e-06     2s
  15   3.41610037e-02  2.40070724e-01  4.60e-17 2.84e-14  4.14e-07     2s
  16   9.13060645e-02  2.21023348e-01  2.13e-17 2.84e-14  2.61e-07     3s
  17   1.58433045e-01  1.96797660e-01  1.78e-17 2.84e-14  7.72e-08     3s
  18   1.73853469e-01  1.91329577e-01  1.07e-17 2.84e-14  3.52e-08     3s
  19   1.85599365e-01  1.87245981e-01  2.61e-17 2.84e-14  3.31e-09     3s
  20   1.86704135e-01  1.86862488e-01  1.15e-17 2.84e-14  3.19e-10     3s
  21   1.86819317e-01  1.86822650e-01  1.43e-17 2.84e-14  6.71e-12     3s
  22   1.86821786e-01  1.86821796e-01  1.00e-16 2.84e-14  2.01e-14     3s
  23   1.86821792e-01  1.86821793e-01  2.33e-15 2.84e-14  2.87e-15     3s
  24   1.86821793e-01  1.86821793e-01  3.78e-15 2.84e-14  8.11e-16     3s
  25   1.86821793e-01  1.86821793e-01  9.60e-16 2.84e-14  2.00e-16     3s
  26   1.86821793e-01  1.86821793e-01  5.76e-16 2.84e-14  8.09e-17     3s

Barrier solved model in 26 iterations and 3.33 seconds (3.07 work units)
Optimal objective 1.86821793e-01

objective value: 0.18682179294539264
Done! Time elapsed: 23.546737670898438 seconds.
g_0_1: 1.0000003267672022
g_1_1: 1.0000001873971498
g_1_2: 1.0000005282938624
g_2_1: 1.000000324226234
g_2_2: 1.000000914030844
g_2_3: 1.0000003242262343
g_2_4: 1.000000914030817
Parameters from last iteration: [0.17400006 0.70700013 0.17400009 0.70700023 0.17400016 0.70700023
 0.17400016]

Parameters from current iteration:
                [0.17400006 0.70700013 0.17400009 0.70700023 0.17400016 0.70700023
 0.17400016]


                Percentage Error = 4.785439697620669e-16
                
year done: 109
Time 110: 2
Optimization Iteration[1/20000]

Solving the optimization problem...
Set parameter TokenServer to value "licenses.rcc.uchicago.edu"
Read LP format model from file /scratch/local/jobs/50183986/tmphe8j4v6y.pyomo.lp
Reading time = 1.34 seconds
x1: 258121 rows, 502401 columns, 1259970 nonzeros
Set parameter Threads to value 8
Set parameter BarConvTol to value 1e-12
Gurobi Optimizer version 11.0.0 build v11.0.0rc2 (linux64 - "CentOS Linux 8")

CPU model: Intel(R) Xeon(R) Gold 6248R CPU @ 3.00GHz, instruction set [SSE2|AVX|AVX2|AVX512]
Thread count: 48 physical cores, 48 logical processors, using up to 8 threads

Optimize a model with 258121 rows, 502401 columns and 1259970 nonzeros
Model fingerprint: 0x9704afc0
Model has 3166 quadratic objective terms
Coefficient statistics:
  Matrix range     [1e+00, 1e+03]
  Objective range  [1e-06, 1e+02]
  QObjective range [3e-01, 3e+03]
  Bounds range     [3e-04, 1e+00]
  RHS range        [2e-17, 6e+00]
Presolve removed 131481 rows and 128813 columns
Presolve time: 0.55s
Presolved: 126640 rows, 373588 columns, 743932 nonzeros
Presolved model has 3166 quadratic objective terms
Ordering time: 0.16s

Barrier statistics:
 AA' NZ     : 3.709e+05
 Factor NZ  : 3.905e+06 (roughly 230 MB of memory)
 Factor Ops : 2.623e+08 (less than 1 second per iteration)
 Threads    : 8

                  Objective                Residual
Iter       Primal          Dual         Primal    Dual     Compl     Time
   0  -1.22466045e+09  8.63517425e+08  7.80e+04 1.13e-13  1.00e+06     1s
   1  -5.85742648e+08  5.07976560e+08  1.69e+04 1.44e+02  2.23e+05     1s
   2  -2.82434129e+08  2.81995027e+08  2.13e+02 8.69e-01  3.96e+03     1s
   3  -6.55833255e+07  6.61786495e+07  1.76e+00 1.48e-12  2.85e+02     1s
   4  -1.25708104e+07  1.31966945e+07  1.53e-01 5.35e-12  5.32e+01     1s
   5  -2.28690494e+06  2.53083824e+06  1.14e-02 1.43e-12  9.74e+00     1s
   6  -3.34328863e+05  3.84146570e+05  1.14e-08 7.92e-13  1.45e+00     2s
   7  -5.04631486e+04  6.35330904e+04  1.25e-13 7.09e-13  2.29e-01     2s
   8  -7.72408295e+03  9.03793524e+03  3.78e-14 1.87e-13  3.37e-02     2s
   9  -1.28019762e+03  1.49888543e+03  1.91e-14 3.14e-14  5.59e-03     2s
  10  -2.16731090e+02  1.69031644e+02  7.99e-15 2.84e-14  7.76e-04     2s
  11  -4.79550623e+01  2.57813641e+01  1.88e-15 2.84e-14  1.48e-04     2s
  12  -7.94528810e+00  3.27095752e+00  9.45e-16 2.84e-14  2.26e-05     2s
  13  -1.49638472e+00  7.14902357e-01  3.10e-16 2.84e-14  4.45e-06     2s
  14  -4.17083304e-01  4.10724267e-01  1.22e-16 2.84e-14  1.67e-06     2s
  15   3.06081772e-02  2.36517897e-01  4.84e-17 2.84e-14  4.14e-07     2s
  16   8.77532380e-02  2.17470522e-01  3.23e-17 2.84e-14  2.61e-07     3s
  17   1.54880219e-01  1.93244833e-01  2.06e-17 2.84e-14  7.72e-08     3s
  18   1.70300643e-01  1.87776751e-01  1.62e-17 2.84e-14  3.52e-08     3s
  19   1.82046539e-01  1.83693155e-01  3.39e-17 2.84e-14  3.31e-09     3s
  20   1.83151308e-01  1.83309662e-01  1.06e-17 2.84e-14  3.19e-10     3s
  21   1.83266490e-01  1.83269823e-01  1.87e-17 2.84e-14  6.71e-12     3s
  22   1.83268959e-01  1.83268969e-01  9.54e-17 2.04e-14  2.01e-14     3s
  23   1.83268965e-01  1.83268967e-01  2.44e-15 2.84e-14  2.86e-15     3s
  24   1.83268966e-01  1.83268967e-01  4.06e-15 2.84e-14  8.07e-16     3s
  25   1.83268966e-01  1.83268966e-01  1.33e-15 1.42e-14  1.99e-16     3s
  26   1.83268966e-01  1.83268966e-01  5.91e-16 1.60e-14  8.04e-17     3s

Barrier solved model in 26 iterations and 3.31 seconds (3.07 work units)
Optimal objective 1.83268966e-01

objective value: 0.1832689664160914
Done! Time elapsed: 23.514098405838013 seconds.
g_0_1: 1.000000326767202
g_1_1: 1.0000001873971498
g_1_2: 1.0000005282938622
g_2_1: 1.000000324226234
g_2_2: 1.000000914030844
g_2_3: 1.0000003242262343
g_2_4: 1.000000914030817
Parameters from last iteration: [0.17400006 0.70700013 0.17400009 0.70700023 0.17400016 0.70700023
 0.17400016]

Parameters from current iteration:
                [0.17400006 0.70700013 0.17400009 0.70700023 0.17400016 0.70700023
 0.17400016]


                Percentage Error = 3.1902950052896646e-16
                
year done: 110
Time 111: 2
Optimization Iteration[1/20000]

Solving the optimization problem...
Set parameter TokenServer to value "licenses.rcc.uchicago.edu"
Read LP format model from file /scratch/local/jobs/50183986/tmpoaboy2fg.pyomo.lp
Reading time = 1.33 seconds
x1: 258121 rows, 502401 columns, 1259970 nonzeros
Set parameter Threads to value 8
Set parameter BarConvTol to value 1e-12
Gurobi Optimizer version 11.0.0 build v11.0.0rc2 (linux64 - "CentOS Linux 8")

CPU model: Intel(R) Xeon(R) Gold 6248R CPU @ 3.00GHz, instruction set [SSE2|AVX|AVX2|AVX512]
Thread count: 48 physical cores, 48 logical processors, using up to 8 threads

Optimize a model with 258121 rows, 502401 columns and 1259970 nonzeros
Model fingerprint: 0xfbe54383
Model has 3166 quadratic objective terms
Coefficient statistics:
  Matrix range     [1e+00, 1e+03]
  Objective range  [1e-06, 1e+02]
  QObjective range [3e-01, 3e+03]
  Bounds range     [3e-04, 1e+00]
  RHS range        [2e-17, 6e+00]
Presolve removed 131481 rows and 128813 columns
Presolve time: 0.55s
Presolved: 126640 rows, 373588 columns, 743932 nonzeros
Presolved model has 3166 quadratic objective terms
Ordering time: 0.15s

Barrier statistics:
 AA' NZ     : 3.709e+05
 Factor NZ  : 3.905e+06 (roughly 230 MB of memory)
 Factor Ops : 2.623e+08 (less than 1 second per iteration)
 Threads    : 8

                  Objective                Residual
Iter       Primal          Dual         Primal    Dual     Compl     Time
   0  -1.22466045e+09  8.63517425e+08  7.80e+04 1.13e-13  1.00e+06     1s
   1  -5.85742648e+08  5.07976560e+08  1.69e+04 1.44e+02  2.23e+05     1s
   2  -2.82434129e+08  2.81995027e+08  2.13e+02 8.69e-01  3.96e+03     1s
   3  -6.55833255e+07  6.61786495e+07  1.76e+00 1.46e-12  2.85e+02     1s
   4  -1.25708104e+07  1.31966945e+07  1.53e-01 4.13e-12  5.32e+01     1s
   5  -2.28690494e+06  2.53083823e+06  1.14e-02 1.21e-12  9.74e+00     1s
   6  -3.34328867e+05  3.84146566e+05  1.14e-08 8.89e-13  1.45e+00     2s
   7  -5.04631520e+04  6.35330870e+04  1.06e-13 6.76e-13  2.29e-01     2s
   8  -7.72408635e+03  9.03793185e+03  3.50e-14 1.97e-13  3.37e-02     2s
   9  -1.28020101e+03  1.49888204e+03  1.89e-14 5.68e-14  5.59e-03     2s
  10  -2.16734483e+02  1.69028251e+02  6.91e-15 2.84e-14  7.76e-04     2s
  11  -4.79584552e+01  2.57779712e+01  2.22e-15 2.84e-14  1.48e-04     2s
  12  -7.94868103e+00  3.26756459e+00  1.11e-15 2.84e-14  2.26e-05     2s
  13  -1.49977765e+00  7.11509434e-01  3.17e-16 2.84e-14  4.45e-06     2s
  14  -4.20476227e-01  4.07331344e-01  1.08e-16 2.13e-14  1.67e-06     2s
  15   2.72152542e-02  2.33124974e-01  3.38e-17 2.84e-14  4.14e-07     2s
  16   8.43603150e-02  2.14077599e-01  2.66e-17 2.84e-14  2.61e-07     3s
  17   1.51487296e-01  1.89851910e-01  1.61e-17 2.84e-14  7.72e-08     3s
  18   1.66907720e-01  1.84383828e-01  1.36e-17 2.84e-14  3.52e-08     3s
  19   1.78653616e-01  1.80300232e-01  2.97e-17 2.84e-14  3.31e-09     3s
  20   1.79758385e-01  1.79916739e-01  1.22e-17 2.84e-14  3.19e-10     3s
  21   1.79873567e-01  1.79876900e-01  1.49e-17 2.84e-14  6.71e-12     3s
  22   1.79876036e-01  1.79876046e-01  1.08e-16 2.84e-14  2.01e-14     3s
  23   1.79876042e-01  1.79876044e-01  2.75e-15 2.84e-14  2.84e-15     3s
  24   1.79876043e-01  1.79876044e-01  4.49e-15 2.84e-14  8.04e-16     3s
  25   1.79876043e-01  1.79876043e-01  1.41e-15 2.84e-14  1.98e-16     3s
  26   1.79876043e-01  1.79876043e-01  5.96e-16 1.42e-14  7.98e-17     3s

Barrier solved model in 26 iterations and 3.30 seconds (3.07 work units)
Optimal objective 1.79876043e-01

objective value: 0.179876043421282
Done! Time elapsed: 23.498326301574707 seconds.
g_0_1: 1.000000326767202
g_1_1: 1.0000001873971498
g_1_2: 1.0000005282938624
g_2_1: 1.000000324226234
g_2_2: 1.0000009140308437
g_2_3: 1.0000003242262343
g_2_4: 1.0000009140308173
Parameters from last iteration: [0.17400006 0.70700013 0.17400009 0.70700023 0.17400016 0.70700023
 0.17400016]

Parameters from current iteration:
                [0.17400006 0.70700013 0.17400009 0.70700023 0.17400016 0.70700023
 0.17400016]


                Percentage Error = 1.5951471811802538e-16
                
year done: 111
Time 112: 2
Optimization Iteration[1/20000]

Solving the optimization problem...
Set parameter TokenServer to value "licenses.rcc.uchicago.edu"
Read LP format model from file /scratch/local/jobs/50183986/tmpgkfw8wht.pyomo.lp
Reading time = 1.35 seconds
x1: 258121 rows, 502401 columns, 1259970 nonzeros
Set parameter Threads to value 8
Set parameter BarConvTol to value 1e-12
Gurobi Optimizer version 11.0.0 build v11.0.0rc2 (linux64 - "CentOS Linux 8")

CPU model: Intel(R) Xeon(R) Gold 6248R CPU @ 3.00GHz, instruction set [SSE2|AVX|AVX2|AVX512]
Thread count: 48 physical cores, 48 logical processors, using up to 8 threads

Optimize a model with 258121 rows, 502401 columns and 1259970 nonzeros
Model fingerprint: 0x8c29588d
Model has 3166 quadratic objective terms
Coefficient statistics:
  Matrix range     [1e+00, 1e+03]
  Objective range  [1e-06, 1e+02]
  QObjective range [3e-01, 3e+03]
  Bounds range     [3e-04, 1e+00]
  RHS range        [2e-17, 6e+00]
Presolve removed 131481 rows and 128813 columns
Presolve time: 0.55s
Presolved: 126640 rows, 373588 columns, 743932 nonzeros
Presolved model has 3166 quadratic objective terms
Ordering time: 0.16s

Barrier statistics:
 AA' NZ     : 3.709e+05
 Factor NZ  : 3.905e+06 (roughly 230 MB of memory)
 Factor Ops : 2.623e+08 (less than 1 second per iteration)
 Threads    : 8

                  Objective                Residual
Iter       Primal          Dual         Primal    Dual     Compl     Time
   0  -1.22466045e+09  8.63517425e+08  7.80e+04 1.13e-13  1.00e+06     1s
   1  -5.85742648e+08  5.07976560e+08  1.69e+04 1.44e+02  2.23e+05     1s
   2  -2.82434129e+08  2.81995027e+08  2.13e+02 8.69e-01  3.96e+03     1s
   3  -6.55833255e+07  6.61786495e+07  1.76e+00 1.42e-12  2.85e+02     1s
   4  -1.25708104e+07  1.31966945e+07  1.53e-01 3.58e-12  5.32e+01     1s
   5  -2.28690494e+06  2.53083823e+06  1.14e-02 1.40e-12  9.74e+00     1s
   6  -3.34328870e+05  3.84146563e+05  1.14e-08 8.49e-13  1.45e+00     2s
   7  -5.04631552e+04  6.35330838e+04  1.47e-13 6.11e-13  2.29e-01     2s
   8  -7.72408959e+03  9.03792861e+03  3.39e-14 1.90e-13  3.37e-02     2s
   9  -1.28020426e+03  1.49887880e+03  1.58e-14 3.64e-14  5.59e-03     2s
  10  -2.16737724e+02  1.69025011e+02  8.70e-15 2.84e-14  7.76e-04     2s
  11  -4.79616955e+01  2.57747310e+01  2.82e-15 2.84e-14  1.48e-04     2s
  12  -7.95192124e+00  3.26432438e+00  1.05e-15 2.84e-14  2.26e-05     2s
  13  -1.50301786e+00  7.08269217e-01  2.88e-16 2.84e-14  4.45e-06     2s
  14  -4.23716443e-01  4.04091127e-01  1.11e-16 2.84e-14  1.67e-06     2s
  15   2.39750379e-02  2.29884758e-01  3.71e-17 1.95e-14  4.14e-07     2s
  16   8.11200987e-02  2.10837383e-01  2.44e-17 2.84e-14  2.61e-07     3s
  17   1.48247080e-01  1.86611694e-01  1.79e-17 2.84e-14  7.72e-08     3s
  18   1.63667504e-01  1.81143611e-01  1.25e-17 2.84e-14  3.52e-08     3s
  19   1.75413399e-01  1.77060015e-01  2.98e-17 2.84e-14  3.31e-09     3s
  20   1.76518169e-01  1.76676522e-01  1.01e-17 2.84e-14  3.19e-10     3s
  21   1.76633351e-01  1.76636684e-01  2.18e-17 2.84e-14  6.71e-12     3s
  22   1.76635820e-01  1.76635830e-01  1.36e-16 2.84e-14  2.01e-14     3s
  23   1.76635826e-01  1.76635828e-01  4.15e-15 2.84e-14  2.83e-15     3s
  24   1.76635827e-01  1.76635827e-01  4.72e-15 2.84e-14  8.00e-16     3s
  25   1.76635827e-01  1.76635827e-01  1.19e-15 2.58e-14  1.97e-16     3s
  26   1.76635827e-01  1.76635827e-01  6.30e-16 2.84e-14  7.93e-17     3s

Barrier solved model in 26 iterations and 3.30 seconds (3.07 work units)
Optimal objective 1.76635827e-01

objective value: 0.1766358271163737
Done! Time elapsed: 23.527892589569092 seconds.
g_0_1: 1.0000003267672017
g_1_1: 1.0000001873971498
g_1_2: 1.0000005282938622
g_2_1: 1.000000324226234
g_2_2: 1.0000009140308435
g_2_3: 1.0000003242262343
g_2_4: 1.000000914030817
Parameters from last iteration: [0.17400006 0.70700013 0.17400009 0.70700023 0.17400016 0.70700023
 0.17400016]

Parameters from current iteration:
                [0.17400006 0.70700013 0.17400009 0.70700023 0.17400016 0.70700023
 0.17400016]


                Percentage Error = 1.5951475026448328e-16
                
year done: 112
Time 113: 2
Optimization Iteration[1/20000]

Solving the optimization problem...
Set parameter TokenServer to value "licenses.rcc.uchicago.edu"
Read LP format model from file /scratch/local/jobs/50183986/tmp42z8xoi5.pyomo.lp
Reading time = 1.34 seconds
x1: 258121 rows, 502401 columns, 1259970 nonzeros
Set parameter Threads to value 8
Set parameter BarConvTol to value 1e-12
Gurobi Optimizer version 11.0.0 build v11.0.0rc2 (linux64 - "CentOS Linux 8")

CPU model: Intel(R) Xeon(R) Gold 6248R CPU @ 3.00GHz, instruction set [SSE2|AVX|AVX2|AVX512]
Thread count: 48 physical cores, 48 logical processors, using up to 8 threads

Optimize a model with 258121 rows, 502401 columns and 1259970 nonzeros
Model fingerprint: 0x6855a4ad
Model has 3166 quadratic objective terms
Coefficient statistics:
  Matrix range     [1e+00, 1e+03]
  Objective range  [1e-06, 1e+02]
  QObjective range [3e-01, 3e+03]
  Bounds range     [3e-04, 1e+00]
  RHS range        [2e-17, 6e+00]
Presolve removed 131481 rows and 128813 columns
Presolve time: 0.55s
Presolved: 126640 rows, 373588 columns, 743932 nonzeros
Presolved model has 3166 quadratic objective terms
Ordering time: 0.15s

Barrier statistics:
 AA' NZ     : 3.709e+05
 Factor NZ  : 3.905e+06 (roughly 230 MB of memory)
 Factor Ops : 2.623e+08 (less than 1 second per iteration)
 Threads    : 8

                  Objective                Residual
Iter       Primal          Dual         Primal    Dual     Compl     Time
   0  -1.22466045e+09  8.63517425e+08  7.80e+04 1.14e-13  1.00e+06     1s
   1  -5.85742648e+08  5.07976560e+08  1.69e+04 1.44e+02  2.23e+05     1s
   2  -2.82434129e+08  2.81995027e+08  2.13e+02 8.69e-01  3.96e+03     1s
   3  -6.55833255e+07  6.61786495e+07  1.76e+00 2.06e-12  2.85e+02     1s
   4  -1.25708104e+07  1.31966945e+07  1.53e-01 4.29e-12  5.32e+01     1s
   5  -2.28690495e+06  2.53083823e+06  1.14e-02 1.25e-12  9.74e+00     1s
   6  -3.34328873e+05  3.84146560e+05  1.14e-08 2.57e-12  1.45e+00     2s
   7  -5.04631583e+04  6.35330807e+04  9.86e-14 7.81e-13  2.29e-01     2s
   8  -7.72409268e+03  9.03792552e+03  3.96e-14 1.76e-13  3.37e-02     2s
   9  -1.28020735e+03  1.49887571e+03  1.66e-14 4.26e-14  5.59e-03     2s
  10  -2.16740818e+02  1.69021917e+02  7.26e-15 3.38e-14  7.76e-04     2s
  11  -4.79647898e+01  2.57716366e+01  2.12e-15 2.84e-14  1.48e-04     2s
  12  -7.95501563e+00  3.26122999e+00  1.24e-15 2.84e-14  2.26e-05     2s
  13  -1.50611225e+00  7.05174835e-01  3.90e-16 2.84e-14  4.45e-06     2s
  14  -4.26810826e-01  4.00996745e-01  1.17e-16 2.84e-14  1.67e-06     2s
  15   2.08806553e-02  2.26790375e-01  4.23e-17 2.84e-14  4.14e-07     2s
  16   7.80257161e-02  2.07743000e-01  3.39e-17 2.84e-14  2.61e-07     3s
  17   1.45152697e-01  1.83517311e-01  2.04e-17 2.84e-14  7.72e-08     3s
  18   1.60573121e-01  1.78049229e-01  1.06e-17 2.40e-14  3.52e-08     3s
  19   1.72319017e-01  1.73965633e-01  2.26e-17 2.84e-14  3.31e-09     3s
  20   1.73423786e-01  1.73582140e-01  2.86e-17 2.13e-14  3.19e-10     3s
  21   1.73538968e-01  1.73542301e-01  1.57e-17 2.84e-14  6.71e-12     3s
  22   1.73541437e-01  1.73541447e-01  1.38e-16 2.84e-14  2.01e-14     3s
  23   1.73541444e-01  1.73541445e-01  2.65e-15 2.49e-14  2.81e-15     3s
  24   1.73541444e-01  1.73541445e-01  5.80e-15 2.84e-14  7.97e-16     3s
  25   1.73541445e-01  1.73541445e-01  1.35e-15 2.84e-14  1.96e-16     3s
  26   1.73541445e-01  1.73541445e-01  7.03e-16 2.13e-14  7.88e-17     3s

Barrier solved model in 26 iterations and 3.30 seconds (3.07 work units)
Optimal objective 1.73541445e-01

objective value: 0.17354144456815823
Done! Time elapsed: 24.952314376831055 seconds.
g_0_1: 1.0000003267672015
g_1_1: 1.0000001873971498
g_1_2: 1.0000005282938622
g_2_1: 1.000000324226234
g_2_2: 1.0000009140308432
g_2_3: 1.0000003242262343
g_2_4: 1.000000914030817
Parameters from last iteration: [0.17400006 0.70700013 0.17400009 0.70700023 0.17400016 0.70700023
 0.17400016]

Parameters from current iteration:
                [0.17400006 0.70700013 0.17400009 0.70700023 0.17400016 0.70700023
 0.17400016]


                Percentage Error = 3.190293131747115e-16
                
year done: 113
Time 114: 2
Optimization Iteration[1/20000]

Solving the optimization problem...
Set parameter TokenServer to value "licenses.rcc.uchicago.edu"
Read LP format model from file /scratch/local/jobs/50183986/tmp0739kefj.pyomo.lp
Reading time = 1.32 seconds
x1: 258121 rows, 502401 columns, 1259970 nonzeros
Set parameter Threads to value 8
Set parameter BarConvTol to value 1e-12
Gurobi Optimizer version 11.0.0 build v11.0.0rc2 (linux64 - "CentOS Linux 8")

CPU model: Intel(R) Xeon(R) Gold 6248R CPU @ 3.00GHz, instruction set [SSE2|AVX|AVX2|AVX512]
Thread count: 48 physical cores, 48 logical processors, using up to 8 threads

Optimize a model with 258121 rows, 502401 columns and 1259970 nonzeros
Model fingerprint: 0x03589464
Model has 3166 quadratic objective terms
Coefficient statistics:
  Matrix range     [1e+00, 1e+03]
  Objective range  [1e-06, 1e+02]
  QObjective range [3e-01, 3e+03]
  Bounds range     [3e-04, 1e+00]
  RHS range        [2e-17, 6e+00]
Presolve removed 131481 rows and 128813 columns
Presolve time: 0.54s
Presolved: 126640 rows, 373588 columns, 743932 nonzeros
Presolved model has 3166 quadratic objective terms
Ordering time: 0.16s

Barrier statistics:
 AA' NZ     : 3.709e+05
 Factor NZ  : 3.905e+06 (roughly 230 MB of memory)
 Factor Ops : 2.623e+08 (less than 1 second per iteration)
 Threads    : 8

                  Objective                Residual
Iter       Primal          Dual         Primal    Dual     Compl     Time
   0  -1.22466045e+09  8.63517425e+08  7.80e+04 1.14e-13  1.00e+06     1s
   1  -5.85742648e+08  5.07976560e+08  1.69e+04 1.44e+02  2.23e+05     1s
   2  -2.82434129e+08  2.81995027e+08  2.13e+02 8.69e-01  3.96e+03     1s
   3  -6.55833255e+07  6.61786495e+07  1.76e+00 1.62e-12  2.85e+02     1s
   4  -1.25708104e+07  1.31966945e+07  1.53e-01 3.58e-12  5.32e+01     1s
   5  -2.28690495e+06  2.53083822e+06  1.14e-02 1.25e-12  9.74e+00     1s
   6  -3.34328876e+05  3.84146557e+05  1.14e-08 1.66e-12  1.45e+00     2s
   7  -5.04631613e+04  6.35330777e+04  1.22e-13 6.60e-13  2.29e-01     2s
   8  -7.72409564e+03  9.03792256e+03  3.66e-14 1.85e-13  3.37e-02     2s
   9  -1.28021030e+03  1.49887275e+03  1.73e-14 5.68e-14  5.59e-03     2s
  10  -2.16743773e+02  1.69018962e+02  6.59e-15 2.84e-14  7.76e-04     2s
  11  -4.79677450e+01  2.57686815e+01  2.83e-15 2.84e-14  1.48e-04     2s
  12  -7.95797074e+00  3.25827488e+00  1.07e-15 2.84e-14  2.26e-05     2s
  13  -1.50906736e+00  7.02219722e-01  2.69e-16 2.84e-14  4.45e-06     2s
  14  -4.29765938e-01  3.98041632e-01  1.07e-16 2.84e-14  1.67e-06     2s
  15   1.79255430e-02  2.23835263e-01  3.95e-17 2.84e-14  4.14e-07     2s
  16   7.50706037e-02  2.04787888e-01  2.47e-17 2.84e-14  2.61e-07     3s
  17   1.42197585e-01  1.80562199e-01  1.57e-17 2.84e-14  7.72e-08     3s
  18   1.57618009e-01  1.75094117e-01  1.08e-17 1.69e-14  3.52e-08     3s
  19   1.69363904e-01  1.71010520e-01  3.04e-17 2.84e-14  3.31e-09     3s
  20   1.70468674e-01  1.70627028e-01  1.40e-17 1.78e-14  3.19e-10     3s
  21   1.70583856e-01  1.70587189e-01  1.63e-17 2.84e-14  6.71e-12     3s
  22   1.70586325e-01  1.70586335e-01  1.06e-16 2.84e-14  2.01e-14     3s
  23   1.70586331e-01  1.70586333e-01  3.24e-15 2.84e-14  2.80e-15     3s
  24   1.70586332e-01  1.70586332e-01  4.97e-15 5.68e-14  7.94e-16     3s
  25   1.70586332e-01  1.70586332e-01  1.04e-15 1.87e-14  1.95e-16     3s
  26   1.70586332e-01  1.70586332e-01  5.85e-16 2.84e-14  7.83e-17     3s

Barrier solved model in 26 iterations and 3.30 seconds (3.07 work units)
Optimal objective 1.70586332e-01

objective value: 0.17058633217636995
Done! Time elapsed: 23.488285064697266 seconds.
g_0_1: 1.0000003267672017
g_1_1: 1.0000001873971498
g_1_2: 1.0000005282938622
g_2_1: 1.000000324226234
g_2_2: 1.0000009140308432
g_2_3: 1.0000003242262343
g_2_4: 1.000000914030817
Parameters from last iteration: [0.17400006 0.70700013 0.17400009 0.70700023 0.17400016 0.70700023
 0.17400016]

Parameters from current iteration:
                [0.17400006 0.70700013 0.17400009 0.70700023 0.17400016 0.70700023
 0.17400016]


                Percentage Error = 1.5951475026448333e-16
                
year done: 114
Time 115: 2
Optimization Iteration[1/20000]

Solving the optimization problem...
Set parameter TokenServer to value "licenses.rcc.uchicago.edu"
Read LP format model from file /scratch/local/jobs/50183986/tmpv9ikg6r8.pyomo.lp
Reading time = 1.33 seconds
x1: 258121 rows, 502401 columns, 1259970 nonzeros
Set parameter Threads to value 8
Set parameter BarConvTol to value 1e-12
Gurobi Optimizer version 11.0.0 build v11.0.0rc2 (linux64 - "CentOS Linux 8")

CPU model: Intel(R) Xeon(R) Gold 6248R CPU @ 3.00GHz, instruction set [SSE2|AVX|AVX2|AVX512]
Thread count: 48 physical cores, 48 logical processors, using up to 8 threads

Optimize a model with 258121 rows, 502401 columns and 1259970 nonzeros
Model fingerprint: 0xfcc68641
Model has 3166 quadratic objective terms
Coefficient statistics:
  Matrix range     [1e+00, 1e+03]
  Objective range  [1e-06, 1e+02]
  QObjective range [3e-01, 3e+03]
  Bounds range     [3e-04, 1e+00]
  RHS range        [2e-17, 6e+00]
Presolve removed 131481 rows and 128813 columns
Presolve time: 0.55s
Presolved: 126640 rows, 373588 columns, 743932 nonzeros
Presolved model has 3166 quadratic objective terms
Ordering time: 0.15s

Barrier statistics:
 AA' NZ     : 3.709e+05
 Factor NZ  : 3.905e+06 (roughly 230 MB of memory)
 Factor Ops : 2.623e+08 (less than 1 second per iteration)
 Threads    : 8

                  Objective                Residual
Iter       Primal          Dual         Primal    Dual     Compl     Time
   0  -1.22466045e+09  8.63517425e+08  7.80e+04 1.14e-13  1.00e+06     1s
   1  -5.85742648e+08  5.07976560e+08  1.69e+04 1.44e+02  2.23e+05     1s
   2  -2.82434129e+08  2.81995027e+08  2.13e+02 8.69e-01  3.96e+03     1s
   3  -6.55833255e+07  6.61786495e+07  1.76e+00 1.48e-12  2.85e+02     1s
   4  -1.25708104e+07  1.31966945e+07  1.53e-01 4.15e-12  5.32e+01     1s
   5  -2.28690495e+06  2.53083822e+06  1.14e-02 1.24e-12  9.74e+00     1s
   6  -3.34328879e+05  3.84146554e+05  1.14e-08 7.92e-13  1.45e+00     2s
   7  -5.04631641e+04  6.35330749e+04  1.09e-13 7.11e-13  2.29e-01     2s
   8  -7.72409846e+03  9.03791974e+03  4.43e-14 2.01e-13  3.37e-02     2s
   9  -1.28021313e+03  1.49886993e+03  1.42e-14 4.26e-14  5.59e-03     2s
  10  -2.16746595e+02  1.69016140e+02  6.30e-15 2.84e-14  7.76e-04     2s
  11  -4.79705671e+01  2.57658594e+01  1.99e-15 2.84e-14  1.48e-04     2s
  12  -7.96079285e+00  3.25545277e+00  1.06e-15 2.84e-14  2.26e-05     2s
  13  -1.51188947e+00  6.99397612e-01  3.58e-16 2.84e-14  4.45e-06     2s
  14  -4.32588048e-01  3.95219522e-01  1.22e-16 2.84e-14  1.67e-06     2s
  15   1.51034325e-02  2.21013153e-01  3.30e-17 2.84e-14  4.14e-07     2s
  16   7.22484933e-02  2.01965777e-01  2.32e-17 2.84e-14  2.61e-07     3s
  17   1.39375474e-01  1.77740088e-01  1.97e-17 2.84e-14  7.72e-08     3s
  18   1.54795898e-01  1.72272006e-01  1.77e-17 2.84e-14  3.52e-08     3s
  19   1.66541794e-01  1.68188410e-01  2.12e-17 1.42e-14  3.31e-09     3s
  20   1.67646564e-01  1.67804917e-01  1.24e-17 2.84e-14  3.19e-10     3s
  21   1.67761745e-01  1.67765078e-01  1.83e-17 1.87e-14  6.71e-12     3s
  22   1.67764214e-01  1.67764224e-01  1.04e-16 2.84e-14  2.01e-14     3s
  23   1.67764221e-01  1.67764222e-01  2.67e-15 2.84e-14  2.79e-15     3s
  24   1.67764221e-01  1.67764222e-01  4.84e-15 2.84e-14  7.91e-16     3s
  25   1.67764222e-01  1.67764222e-01  1.11e-15 2.84e-14  1.94e-16     3s
  26   1.67764222e-01  1.67764222e-01  6.73e-16 1.42e-14  7.78e-17     3s

Barrier solved model in 26 iterations and 3.30 seconds (3.07 work units)
Optimal objective 1.67764222e-01

objective value: 0.16776422175142652
Done! Time elapsed: 23.51121163368225 seconds.
g_0_1: 1.0000003267672017
g_1_1: 1.00000018739715
g_1_2: 1.0000005282938622
g_2_1: 1.000000324226234
g_2_2: 1.0000009140308428
g_2_3: 1.0000003242262343
g_2_4: 1.000000914030817
Parameters from last iteration: [0.17400006 0.70700013 0.17400009 0.70700023 0.17400016 0.70700023
 0.17400016]

Parameters from current iteration:
                [0.17400006 0.70700013 0.17400009 0.70700023 0.17400016 0.70700023
 0.17400016]


                Percentage Error = 4.785439697620675e-16
                
year done: 115
Time 116: 2
Optimization Iteration[1/20000]

Solving the optimization problem...
Set parameter TokenServer to value "licenses.rcc.uchicago.edu"
Read LP format model from file /scratch/local/jobs/50183986/tmp74b8gnr_.pyomo.lp
Reading time = 1.34 seconds
x1: 258121 rows, 502401 columns, 1259970 nonzeros
Set parameter Threads to value 8
Set parameter BarConvTol to value 1e-12
Gurobi Optimizer version 11.0.0 build v11.0.0rc2 (linux64 - "CentOS Linux 8")

CPU model: Intel(R) Xeon(R) Gold 6248R CPU @ 3.00GHz, instruction set [SSE2|AVX|AVX2|AVX512]
Thread count: 48 physical cores, 48 logical processors, using up to 8 threads

Optimize a model with 258121 rows, 502401 columns and 1259970 nonzeros
Model fingerprint: 0xa07f940a
Model has 3166 quadratic objective terms
Coefficient statistics:
  Matrix range     [1e+00, 1e+03]
  Objective range  [1e-06, 1e+02]
  QObjective range [3e-01, 3e+03]
  Bounds range     [3e-04, 1e+00]
  RHS range        [2e-17, 6e+00]
Presolve removed 131481 rows and 128813 columns
Presolve time: 0.55s
Presolved: 126640 rows, 373588 columns, 743932 nonzeros
Presolved model has 3166 quadratic objective terms
Ordering time: 0.15s

Barrier statistics:
 AA' NZ     : 3.709e+05
 Factor NZ  : 3.905e+06 (roughly 230 MB of memory)
 Factor Ops : 2.623e+08 (less than 1 second per iteration)
 Threads    : 8

                  Objective                Residual
Iter       Primal          Dual         Primal    Dual     Compl     Time
   0  -1.22466045e+09  8.63517425e+08  7.80e+04 1.14e-13  1.00e+06     1s
   1  -5.85742648e+08  5.07976560e+08  1.69e+04 1.44e+02  2.23e+05     1s
   2  -2.82434129e+08  2.81995027e+08  2.13e+02 8.69e-01  3.96e+03     1s
   3  -6.55833255e+07  6.61786495e+07  1.76e+00 1.60e-12  2.85e+02     1s
   4  -1.25708104e+07  1.31966945e+07  1.53e-01 4.14e-12  5.32e+01     1s
   5  -2.28690496e+06  2.53083822e+06  1.14e-02 1.23e-12  9.74e+00     1s
   6  -3.34328882e+05  3.84146552e+05  1.14e-08 9.18e-13  1.45e+00     2s
   7  -5.04631668e+04  6.35330722e+04  1.05e-13 6.81e-13  2.29e-01     2s
   8  -7.72410115e+03  9.03791704e+03  4.14e-14 1.83e-13  3.37e-02     2s
   9  -1.28021582e+03  1.49886723e+03  1.71e-14 4.17e-14  5.59e-03     2s
  10  -2.16749290e+02  1.69013445e+02  6.42e-15 2.84e-14  7.76e-04     2s
  11  -4.79732622e+01  2.57631643e+01  2.42e-15 2.84e-14  1.48e-04     2s
  12  -7.96348794e+00  3.25275768e+00  1.05e-15 2.84e-14  2.26e-05     2s
  13  -1.51458456e+00  6.96702517e-01  3.97e-16 2.84e-14  4.45e-06     2s
  14  -4.35283143e-01  3.92524428e-01  1.32e-16 2.84e-14  1.67e-06     2s
  15   1.24083380e-02  2.18318058e-01  3.49e-17 2.84e-14  4.14e-07     2s
  16   6.95533988e-02  1.99270683e-01  2.57e-17 5.68e-14  2.61e-07     3s
  17   1.36680380e-01  1.75044994e-01  1.75e-17 1.78e-14  7.72e-08     3s
  18   1.52100804e-01  1.69576912e-01  1.14e-17 2.84e-14  3.52e-08     3s
  19   1.63846699e-01  1.65493316e-01  2.73e-17 2.84e-14  3.31e-09     3s
  20   1.64951469e-01  1.65109823e-01  1.30e-17 2.84e-14  3.19e-10     3s
  21   1.65066651e-01  1.65069984e-01  1.73e-17 2.13e-14  6.71e-12     3s
  22   1.65069120e-01  1.65069130e-01  1.04e-16 2.84e-14  2.01e-14     3s
  23   1.65069126e-01  1.65069128e-01  2.88e-15 2.84e-14  2.77e-15     3s
  24   1.65069127e-01  1.65069127e-01  4.16e-15 2.84e-14  7.88e-16     3s
  25   1.65069127e-01  1.65069127e-01  1.23e-15 1.60e-14  1.93e-16     3s
  26   1.65069127e-01  1.65069127e-01  5.95e-16 2.84e-14  7.72e-17     3s

Barrier solved model in 26 iterations and 3.30 seconds (3.07 work units)
Optimal objective 1.65069127e-01

objective value: 0.16506912721873415
Done! Time elapsed: 23.545369863510132 seconds.
g_0_1: 1.0000003267672015
g_1_1: 1.00000018739715
g_1_2: 1.0000005282938622
g_2_1: 1.000000324226234
g_2_2: 1.0000009140308428
g_2_3: 1.0000003242262343
g_2_4: 1.000000914030817
Parameters from last iteration: [0.17400006 0.70700013 0.17400009 0.70700023 0.17400016 0.70700023
 0.17400016]

Parameters from current iteration:
                [0.17400006 0.70700013 0.17400009 0.70700023 0.17400016 0.70700023
 0.17400016]


                Percentage Error = 1.595147502644833e-16
                
year done: 116
Time 117: 2
Optimization Iteration[1/20000]

Solving the optimization problem...
Set parameter TokenServer to value "licenses.rcc.uchicago.edu"
Read LP format model from file /scratch/local/jobs/50183986/tmpvlutatiy.pyomo.lp
Reading time = 1.34 seconds
x1: 258121 rows, 502401 columns, 1259970 nonzeros
Set parameter Threads to value 8
Set parameter BarConvTol to value 1e-12
Gurobi Optimizer version 11.0.0 build v11.0.0rc2 (linux64 - "CentOS Linux 8")

CPU model: Intel(R) Xeon(R) Gold 6248R CPU @ 3.00GHz, instruction set [SSE2|AVX|AVX2|AVX512]
Thread count: 48 physical cores, 48 logical processors, using up to 8 threads

Optimize a model with 258121 rows, 502401 columns and 1259970 nonzeros
Model fingerprint: 0x7cf58ebd
Model has 3166 quadratic objective terms
Coefficient statistics:
  Matrix range     [1e+00, 1e+03]
  Objective range  [1e-06, 1e+02]
  QObjective range [3e-01, 3e+03]
  Bounds range     [3e-04, 1e+00]
  RHS range        [2e-17, 6e+00]
Presolve removed 131481 rows and 128813 columns
Presolve time: 0.55s
Presolved: 126640 rows, 373588 columns, 743932 nonzeros
Presolved model has 3166 quadratic objective terms
Ordering time: 0.16s

Barrier statistics:
 AA' NZ     : 3.709e+05
 Factor NZ  : 3.905e+06 (roughly 230 MB of memory)
 Factor Ops : 2.623e+08 (less than 1 second per iteration)
 Threads    : 8

                  Objective                Residual
Iter       Primal          Dual         Primal    Dual     Compl     Time
   0  -1.22466045e+09  8.63517425e+08  7.80e+04 1.14e-13  1.00e+06     1s
   1  -5.85742648e+08  5.07976560e+08  1.69e+04 1.44e+02  2.23e+05     1s
   2  -2.82434129e+08  2.81995027e+08  2.13e+02 8.69e-01  3.96e+03     1s
   3  -6.55833255e+07  6.61786495e+07  1.76e+00 1.47e-12  2.85e+02     1s
   4  -1.25708104e+07  1.31966945e+07  1.53e-01 5.06e-12  5.32e+01     1s
   5  -2.28690496e+06  2.53083822e+06  1.14e-02 1.28e-12  9.74e+00     1s
   6  -3.34328884e+05  3.84146549e+05  1.14e-08 9.73e-13  1.45e+00     2s
   7  -5.04631694e+04  6.35330696e+04  1.28e-13 7.58e-13  2.29e-01     2s
   8  -7.72410373e+03  9.03791447e+03  5.03e-14 1.75e-13  3.37e-02     2s
   9  -1.28021840e+03  1.49886466e+03  1.57e-14 5.68e-14  5.59e-03     2s
  10  -2.16751864e+02  1.69010871e+02  6.46e-15 4.26e-14  7.76e-04     2s
  11  -4.79758360e+01  2.57605905e+01  2.10e-15 2.84e-14  1.48e-04     2s
  12  -7.96606174e+00  3.25018388e+00  1.00e-15 2.84e-14  2.26e-05     2s
  13  -1.51715836e+00  6.94128722e-01  3.17e-16 2.84e-14  4.45e-06     2s
  14  -4.37856938e-01  3.89950632e-01  1.96e-16 2.84e-14  1.67e-06     2s
  15   9.83454270e-03  2.15744263e-01  4.77e-17 2.84e-14  4.14e-07     2s
  16   6.69796035e-02  1.96696887e-01  2.73e-17 4.26e-14  2.61e-07     3s
  17   1.34106584e-01  1.72471198e-01  2.06e-17 2.40e-14  7.72e-08     3s
  18   1.49527008e-01  1.67003116e-01  1.50e-17 2.84e-14  3.52e-08     3s
  19   1.61272904e-01  1.62919520e-01  2.07e-17 2.13e-14  3.31e-09     3s
  20   1.62377674e-01  1.62536027e-01  1.69e-17 4.26e-14  3.19e-10     3s
  21   1.62492856e-01  1.62496189e-01  1.55e-17 2.84e-14  6.71e-12     3s
  22   1.62495325e-01  1.62495335e-01  1.57e-16 4.26e-14  2.01e-14     3s
  23   1.62495331e-01  1.62495332e-01  2.72e-15 1.51e-14  2.76e-15     3s
  24   1.62495332e-01  1.62495332e-01  5.62e-15 2.84e-14  7.84e-16     3s
  25   1.62495332e-01  1.62495332e-01  1.56e-15 2.84e-14  1.92e-16     3s
  26   1.62495332e-01  1.62495332e-01  6.59e-16 2.84e-14  7.67e-17     3s

Barrier solved model in 26 iterations and 3.30 seconds (3.07 work units)
Optimal objective 1.62495332e-01

objective value: 0.16249533192144758
Done! Time elapsed: 25.051250219345093 seconds.
g_0_1: 1.0000003267672017
g_1_1: 1.0000001873971498
g_1_2: 1.0000005282938622
g_2_1: 1.000000324226234
g_2_2: 1.0000009140308426
g_2_3: 1.0000003242262343
g_2_4: 1.000000914030817
Parameters from last iteration: [0.17400006 0.70700013 0.17400009 0.70700023 0.17400016 0.70700023
 0.17400016]

Parameters from current iteration:
                [0.17400006 0.70700013 0.17400009 0.70700023 0.17400016 0.70700023
 0.17400016]


                Percentage Error = 1.5951475026448333e-16
                
year done: 117
Time 118: 2
Optimization Iteration[1/20000]

Solving the optimization problem...
Set parameter TokenServer to value "licenses.rcc.uchicago.edu"
Read LP format model from file /scratch/local/jobs/50183986/tmprxsg1w_q.pyomo.lp
Reading time = 1.33 seconds
x1: 258121 rows, 502401 columns, 1259970 nonzeros
Set parameter Threads to value 8
Set parameter BarConvTol to value 1e-12
Gurobi Optimizer version 11.0.0 build v11.0.0rc2 (linux64 - "CentOS Linux 8")

CPU model: Intel(R) Xeon(R) Gold 6248R CPU @ 3.00GHz, instruction set [SSE2|AVX|AVX2|AVX512]
Thread count: 48 physical cores, 48 logical processors, using up to 8 threads

Optimize a model with 258121 rows, 502401 columns and 1259970 nonzeros
Model fingerprint: 0xee573c66
Model has 3166 quadratic objective terms
Coefficient statistics:
  Matrix range     [1e+00, 1e+03]
  Objective range  [1e-06, 1e+02]
  QObjective range [3e-01, 3e+03]
  Bounds range     [3e-04, 1e+00]
  RHS range        [2e-17, 6e+00]
Presolve removed 131481 rows and 128813 columns
Presolve time: 0.54s
Presolved: 126640 rows, 373588 columns, 743932 nonzeros
Presolved model has 3166 quadratic objective terms
Ordering time: 0.15s

Barrier statistics:
 AA' NZ     : 3.709e+05
 Factor NZ  : 3.905e+06 (roughly 230 MB of memory)
 Factor Ops : 2.623e+08 (less than 1 second per iteration)
 Threads    : 8

                  Objective                Residual
Iter       Primal          Dual         Primal    Dual     Compl     Time
   0  -1.22466045e+09  8.63517425e+08  7.80e+04 1.14e-13  1.00e+06     1s
   1  -5.85742648e+08  5.07976560e+08  1.69e+04 1.44e+02  2.23e+05     1s
   2  -2.82434129e+08  2.81995027e+08  2.13e+02 8.69e-01  3.96e+03     1s
   3  -6.55833255e+07  6.61786495e+07  1.76e+00 1.56e-12  2.85e+02     1s
   4  -1.25708105e+07  1.31966945e+07  1.53e-01 3.62e-12  5.32e+01     1s
   5  -2.28690496e+06  2.53083821e+06  1.14e-02 1.17e-12  9.74e+00     1s
   6  -3.34328887e+05  3.84146547e+05  1.14e-08 1.88e-12  1.45e+00     2s
   7  -5.04631718e+04  6.35330672e+04  1.10e-13 7.73e-13  2.29e-01     2s
   8  -7.72410619e+03  9.03791201e+03  3.84e-14 2.26e-13  3.37e-02     2s
   9  -1.28022085e+03  1.49886220e+03  1.85e-14 4.26e-14  5.59e-03     2s
  10  -2.16754322e+02  1.69008413e+02  7.79e-15 4.26e-14  7.76e-04     2s
  11  -4.79782939e+01  2.57581325e+01  2.81e-15 2.84e-14  1.48e-04     2s
  12  -7.96851969e+00  3.24772593e+00  9.92e-16 2.84e-14  2.26e-05     2s
  13  -1.51961631e+00  6.91670767e-01  3.28e-16 2.84e-14  4.45e-06     2s
  14  -4.40314894e-01  3.87492677e-01  1.62e-16 2.84e-14  1.67e-06     2s
  15   7.37658727e-03  2.13286307e-01  3.88e-17 2.84e-14  4.14e-07     2s
  16   6.45216481e-02  1.94238932e-01  2.24e-17 2.84e-14  2.61e-07     3s
  17   1.31648629e-01  1.70013243e-01  1.38e-17 2.84e-14  7.72e-08     3s
  18   1.47069053e-01  1.64545161e-01  1.88e-17 2.84e-14  3.52e-08     3s
  19   1.58814949e-01  1.60461565e-01  1.99e-17 2.84e-14  3.31e-09     3s
  20   1.59919718e-01  1.60078072e-01  9.85e-18 1.78e-14  3.19e-10     3s
  21   1.60034900e-01  1.60038233e-01  1.48e-17 2.84e-14  6.71e-12     3s
  22   1.60037369e-01  1.60037379e-01  9.67e-17 2.84e-14  2.01e-14     3s
  23   1.60037376e-01  1.60037377e-01  2.47e-15 2.84e-14  2.74e-15     3s
  24   1.60037376e-01  1.60037377e-01  4.67e-15 5.68e-14  7.81e-16     3s
  25   1.60037376e-01  1.60037377e-01  1.27e-15 2.84e-14  1.92e-16     3s
  26   1.60037376e-01  1.60037377e-01  5.76e-16 2.84e-14  7.62e-17     3s

Barrier solved model in 26 iterations and 3.30 seconds (3.07 work units)
Optimal objective 1.60037376e-01

objective value: 0.16003737649466973
Done! Time elapsed: 23.494407176971436 seconds.
g_0_1: 1.0000003267672017
g_1_1: 1.00000018739715
g_1_2: 1.0000005282938622
g_2_1: 1.000000324226234
g_2_2: 1.0000009140308423
g_2_3: 1.0000003242262343
g_2_4: 1.000000914030817
Parameters from last iteration: [0.17400006 0.70700013 0.17400009 0.70700023 0.17400016 0.70700023
 0.17400016]

Parameters from current iteration:
                [0.17400006 0.70700013 0.17400009 0.70700023 0.17400016 0.70700023
 0.17400016]


                Percentage Error = 1.5951465658735592e-16
                
year done: 118
Time 119: 2
Optimization Iteration[1/20000]

Solving the optimization problem...
Set parameter TokenServer to value "licenses.rcc.uchicago.edu"
Read LP format model from file /scratch/local/jobs/50183986/tmpiz7ba7gp.pyomo.lp
Reading time = 1.32 seconds
x1: 258121 rows, 502401 columns, 1259970 nonzeros
Set parameter Threads to value 8
Set parameter BarConvTol to value 1e-12
Gurobi Optimizer version 11.0.0 build v11.0.0rc2 (linux64 - "CentOS Linux 8")

CPU model: Intel(R) Xeon(R) Gold 6248R CPU @ 3.00GHz, instruction set [SSE2|AVX|AVX2|AVX512]
Thread count: 48 physical cores, 48 logical processors, using up to 8 threads

Optimize a model with 258121 rows, 502401 columns and 1259970 nonzeros
Model fingerprint: 0x4de428ef
Model has 3166 quadratic objective terms
Coefficient statistics:
  Matrix range     [1e+00, 1e+03]
  Objective range  [1e-06, 1e+02]
  QObjective range [3e-01, 3e+03]
  Bounds range     [3e-04, 1e+00]
  RHS range        [2e-17, 6e+00]
Presolve removed 131481 rows and 128813 columns
Presolve time: 0.54s
Presolved: 126640 rows, 373588 columns, 743932 nonzeros
Presolved model has 3166 quadratic objective terms
Ordering time: 0.15s

Barrier statistics:
 AA' NZ     : 3.709e+05
 Factor NZ  : 3.905e+06 (roughly 230 MB of memory)
 Factor Ops : 2.623e+08 (less than 1 second per iteration)
 Threads    : 8

                  Objective                Residual
Iter       Primal          Dual         Primal    Dual     Compl     Time
   0  -1.22466045e+09  8.63517425e+08  7.80e+04 1.14e-13  1.00e+06     1s
   1  -5.85742648e+08  5.07976560e+08  1.69e+04 1.44e+02  2.23e+05     1s
   2  -2.82434129e+08  2.81995027e+08  2.13e+02 8.69e-01  3.96e+03     1s
   3  -6.55833255e+07  6.61786495e+07  1.76e+00 1.42e-12  2.85e+02     1s
   4  -1.25708105e+07  1.31966945e+07  1.53e-01 4.65e-12  5.32e+01     1s
   5  -2.28690496e+06  2.53083821e+06  1.14e-02 1.47e-12  9.74e+00     1s
   6  -3.34328889e+05  3.84146544e+05  1.14e-08 9.96e-13  1.45e+00     2s
   7  -5.04631742e+04  6.35330648e+04  1.11e-13 7.77e-13  2.29e-01     2s
   8  -7.72410853e+03  9.03790967e+03  3.97e-14 1.84e-13  3.37e-02     2s
   9  -1.28022320e+03  1.49885986e+03  1.97e-14 4.26e-14  5.59e-03     2s
  10  -2.16756669e+02  1.69006065e+02  6.64e-15 5.68e-14  7.76e-04     2s
  11  -4.79806412e+01  2.57557852e+01  2.69e-15 1.69e-14  1.48e-04     2s
  12  -7.97086702e+00  3.24537860e+00  1.10e-15 2.84e-14  2.26e-05     2s
  13  -1.52196364e+00  6.89323437e-01  3.25e-16 2.84e-14  4.45e-06     2s
  14  -4.42662223e-01  3.85145348e-01  1.88e-16 2.84e-14  1.67e-06     2s
  15   5.02925806e-03  2.10938978e-01  4.29e-17 2.84e-14  4.14e-07     2s
  16   6.21743189e-02  1.91891603e-01  2.74e-17 2.84e-14  2.61e-07     3s
  17   1.29301300e-01  1.67665914e-01  2.19e-17 2.84e-14  7.72e-08     3s
  18   1.44721724e-01  1.62197832e-01  1.40e-17 2.84e-14  3.52e-08     3s
  19   1.56467620e-01  1.58114236e-01  1.98e-17 2.84e-14  3.31e-09     3s
  20   1.57572389e-01  1.57730743e-01  1.22e-17 2.84e-14  3.19e-10     3s
  21   1.57687571e-01  1.57690904e-01  2.95e-17 2.84e-14  6.71e-12     3s
  22   1.57690040e-01  1.57690050e-01  1.41e-16 2.84e-14  2.01e-14     3s
  23   1.57690046e-01  1.57690048e-01  2.37e-15 2.84e-14  2.73e-15     3s
  24   1.57690047e-01  1.57690047e-01  4.55e-15 3.55e-14  7.78e-16     3s
  25   1.57690047e-01  1.57690047e-01  1.06e-15 2.84e-14  1.91e-16     3s
  26   1.57690047e-01  1.57690047e-01  5.47e-16 2.13e-14  7.57e-17     3s

Barrier solved model in 26 iterations and 3.29 seconds (3.07 work units)
Optimal objective 1.57690047e-01

objective value: 0.1576900472853871
Done! Time elapsed: 23.516256093978882 seconds.
g_0_1: 1.0000003267672015
g_1_1: 1.00000018739715
g_1_2: 1.000000528293862
g_2_1: 1.0000003242262343
g_2_2: 1.0000009140308423
g_2_3: 1.0000003242262345
g_2_4: 1.000000914030817
Parameters from last iteration: [0.17400006 0.70700013 0.17400009 0.70700023 0.17400016 0.70700023
 0.17400016]

Parameters from current iteration:
                [0.17400006 0.70700013 0.17400009 0.70700023 0.17400016 0.70700023
 0.17400016]


                Percentage Error = 3.1406581744323703e-16
                
year done: 119
Time 120: 2
Optimization Iteration[1/20000]

Solving the optimization problem...
Set parameter TokenServer to value "licenses.rcc.uchicago.edu"
Read LP format model from file /scratch/local/jobs/50183986/tmp7pi1rcwo.pyomo.lp
Reading time = 1.33 seconds
x1: 258121 rows, 502401 columns, 1259970 nonzeros
Set parameter Threads to value 8
Set parameter BarConvTol to value 1e-12
Gurobi Optimizer version 11.0.0 build v11.0.0rc2 (linux64 - "CentOS Linux 8")

CPU model: Intel(R) Xeon(R) Gold 6248R CPU @ 3.00GHz, instruction set [SSE2|AVX|AVX2|AVX512]
Thread count: 48 physical cores, 48 logical processors, using up to 8 threads

Optimize a model with 258121 rows, 502401 columns and 1259970 nonzeros
Model fingerprint: 0xeed3c5c4
Model has 3166 quadratic objective terms
Coefficient statistics:
  Matrix range     [1e+00, 1e+03]
  Objective range  [1e-06, 1e+02]
  QObjective range [3e-01, 3e+03]
  Bounds range     [3e-04, 1e+00]
  RHS range        [2e-17, 6e+00]
Presolve removed 131481 rows and 128813 columns
Presolve time: 0.55s
Presolved: 126640 rows, 373588 columns, 743932 nonzeros
Presolved model has 3166 quadratic objective terms
Ordering time: 0.16s

Barrier statistics:
 AA' NZ     : 3.709e+05
 Factor NZ  : 3.905e+06 (roughly 230 MB of memory)
 Factor Ops : 2.623e+08 (less than 1 second per iteration)
 Threads    : 8

                  Objective                Residual
Iter       Primal          Dual         Primal    Dual     Compl     Time
   0  -1.22466045e+09  8.63517425e+08  7.80e+04 1.14e-13  1.00e+06     1s
   1  -5.85742648e+08  5.07976560e+08  1.69e+04 1.44e+02  2.23e+05     1s
   2  -2.82434129e+08  2.81995027e+08  2.13e+02 8.69e-01  3.96e+03     1s
   3  -6.55833255e+07  6.61786495e+07  1.76e+00 2.26e-12  2.85e+02     1s
   4  -1.25708105e+07  1.31966945e+07  1.53e-01 6.14e-12  5.32e+01     1s
   5  -2.28690496e+06  2.53083821e+06  1.14e-02 1.22e-12  9.74e+00     1s
   6  -3.34328891e+05  3.84146542e+05  1.14e-08 7.61e-13  1.45e+00     2s
   7  -5.04631764e+04  6.35330626e+04  8.82e-14 7.19e-13  2.29e-01     2s
   8  -7.72411078e+03  9.03790742e+03  3.45e-14 2.17e-13  3.37e-02     2s
   9  -1.28022544e+03  1.49885761e+03  1.49e-14 4.26e-14  5.59e-03     2s
  10  -2.16758911e+02  1.69003824e+02  9.38e-15 2.84e-14  7.76e-04     2s
  11  -4.79828829e+01  2.57535435e+01  2.21e-15 5.68e-14  1.48e-04     2s
  12  -7.97310870e+00  3.24313692e+00  1.08e-15 2.84e-14  2.26e-05     2s
  13  -1.52420533e+00  6.87081755e-01  2.98e-16 2.84e-14  4.45e-06     2s
  14  -4.44903905e-01  3.82903666e-01  1.19e-16 2.84e-14  1.67e-06     2s
  15   2.78757607e-03  2.08697296e-01  4.38e-17 1.42e-14  4.14e-07     2s
  16   5.99326369e-02  1.89649921e-01  2.97e-17 4.26e-14  2.61e-07     3s
  17   1.27059618e-01  1.65424232e-01  2.11e-17 2.84e-14  7.72e-08     3s
  18   1.42480042e-01  1.59956150e-01  1.33e-17 2.84e-14  3.52e-08     3s
  19   1.54225938e-01  1.55872554e-01  3.68e-17 2.84e-14  3.31e-09     3s
  20   1.55330707e-01  1.55489061e-01  1.36e-17 2.84e-14  3.19e-10     3s
  21   1.55445889e-01  1.55449222e-01  1.94e-17 2.84e-14  6.71e-12     3s
  22   1.55448358e-01  1.55448368e-01  1.05e-16 1.42e-14  2.01e-14     3s
  23   1.55448364e-01  1.55448366e-01  2.51e-15 2.84e-14  2.71e-15     3s
  24   1.55448365e-01  1.55448365e-01  4.60e-15 2.84e-14  7.75e-16     3s
  25   1.55448365e-01  1.55448365e-01  1.10e-15 2.84e-14  1.90e-16     3s
  26   1.55448365e-01  1.55448365e-01  6.69e-16 2.13e-14  7.52e-17     3s

Barrier solved model in 26 iterations and 3.30 seconds (3.07 work units)
Optimal objective 1.55448365e-01

objective value: 0.15544836529362083
Done! Time elapsed: 23.593096494674683 seconds.
g_0_1: 1.0000003267672013
g_1_1: 1.00000018739715
g_1_2: 1.000000528293862
g_2_1: 1.000000324226234
g_2_2: 1.000000914030842
g_2_3: 1.0000003242262345
g_2_4: 1.000000914030817
Parameters from last iteration: [0.17400006 0.70700013 0.17400009 0.70700023 0.17400016 0.70700023
 0.17400016]

Parameters from current iteration:
                [0.17400006 0.70700013 0.17400009 0.70700023 0.17400016 0.70700023
 0.17400016]


                Percentage Error = 4.785439697620679e-16
                
year done: 120
Time 121: 2
Optimization Iteration[1/20000]

Solving the optimization problem...
Set parameter TokenServer to value "licenses.rcc.uchicago.edu"
Read LP format model from file /scratch/local/jobs/50183986/tmpqxcu35c7.pyomo.lp
Reading time = 1.33 seconds
x1: 258121 rows, 502401 columns, 1259970 nonzeros
Set parameter Threads to value 8
Set parameter BarConvTol to value 1e-12
Gurobi Optimizer version 11.0.0 build v11.0.0rc2 (linux64 - "CentOS Linux 8")

CPU model: Intel(R) Xeon(R) Gold 6248R CPU @ 3.00GHz, instruction set [SSE2|AVX|AVX2|AVX512]
Thread count: 48 physical cores, 48 logical processors, using up to 8 threads

Optimize a model with 258121 rows, 502401 columns and 1259970 nonzeros
Model fingerprint: 0x405245fc
Model has 3166 quadratic objective terms
Coefficient statistics:
  Matrix range     [1e+00, 1e+03]
  Objective range  [1e-06, 1e+02]
  QObjective range [3e-01, 3e+03]
  Bounds range     [3e-04, 1e+00]
  RHS range        [2e-17, 6e+00]
Presolve removed 131481 rows and 128813 columns
Presolve time: 0.54s
Presolved: 126640 rows, 373588 columns, 743932 nonzeros
Presolved model has 3166 quadratic objective terms
Ordering time: 0.15s

Barrier statistics:
 AA' NZ     : 3.709e+05
 Factor NZ  : 3.905e+06 (roughly 230 MB of memory)
 Factor Ops : 2.623e+08 (less than 1 second per iteration)
 Threads    : 8

                  Objective                Residual
Iter       Primal          Dual         Primal    Dual     Compl     Time
   0  -1.22466045e+09  8.63517425e+08  7.80e+04 1.14e-13  1.00e+06     1s
   1  -5.85742648e+08  5.07976560e+08  1.69e+04 1.44e+02  2.23e+05     1s
   2  -2.82434129e+08  2.81995027e+08  2.13e+02 8.69e-01  3.96e+03     1s
   3  -6.55833255e+07  6.61786495e+07  1.76e+00 1.32e-12  2.85e+02     1s
   4  -1.25708105e+07  1.31966945e+07  1.53e-01 5.29e-12  5.32e+01     1s
   5  -2.28690497e+06  2.53083821e+06  1.14e-02 1.17e-12  9.74e+00     1s
   6  -3.34328893e+05  3.84146540e+05  1.14e-08 1.76e-12  1.45e+00     2s
   7  -5.04631786e+04  6.35330604e+04  1.02e-13 7.31e-13  2.29e-01     2s
   8  -7.72411292e+03  9.03790528e+03  4.24e-14 2.16e-13  3.37e-02     2s
   9  -1.28022758e+03  1.49885547e+03  2.28e-14 4.80e-14  5.59e-03     2s
  10  -2.16761052e+02  1.69001683e+02  6.46e-15 2.84e-14  7.76e-04     2s
  11  -4.79850237e+01  2.57514027e+01  1.96e-15 4.26e-14  1.48e-04     2s
  12  -7.97524949e+00  3.24099613e+00  1.03e-15 2.84e-14  2.26e-05     2s
  13  -1.52634612e+00  6.84940966e-01  2.79e-16 2.84e-14  4.45e-06     2s
  14  -4.47044695e-01  3.80762876e-01  1.62e-16 2.84e-14  1.67e-06     2s
  15   6.46786389e-04  2.06556506e-01  4.47e-17 2.22e-14  4.14e-07     2s
  16   5.77918472e-02  1.87509131e-01  3.15e-17 2.84e-14  2.61e-07     3s
  17   1.24918828e-01  1.63283442e-01  1.91e-17 2.84e-14  7.72e-08     3s
  18   1.40339252e-01  1.57815360e-01  1.07e-17 2.84e-14  3.52e-08     3s
  19   1.52085148e-01  1.53731764e-01  2.21e-17 1.42e-14  3.31e-09     3s
  20   1.53189917e-01  1.53348271e-01  1.16e-17 2.84e-14  3.19e-10     3s
  21   1.53305099e-01  1.53308432e-01  1.49e-17 2.84e-14  6.71e-12     3s
  22   1.53307568e-01  1.53307578e-01  1.01e-16 2.84e-14  2.01e-14     3s
  23   1.53307575e-01  1.53307576e-01  2.95e-15 1.78e-14  2.70e-15     3s
  24   1.53307575e-01  1.53307576e-01  5.10e-15 2.84e-14  7.72e-16     3s
  25   1.53307576e-01  1.53307576e-01  1.17e-15 1.42e-14  1.89e-16     3s
  26   1.53307576e-01  1.53307576e-01  6.55e-16 2.84e-14  7.47e-17     3s

Barrier solved model in 26 iterations and 3.29 seconds (3.07 work units)
Optimal objective 1.53307576e-01

objective value: 0.15330757561132882
Done! Time elapsed: 23.705556869506836 seconds.
g_0_1: 1.0000003267672015
g_1_1: 1.00000018739715
g_1_2: 1.0000005282938622
g_2_1: 1.000000324226234
g_2_2: 1.0000009140308417
g_2_3: 1.0000003242262343
g_2_4: 1.000000914030817
Parameters from last iteration: [0.17400006 0.70700013 0.17400009 0.70700023 0.17400016 0.70700023
 0.17400016]

Parameters from current iteration:
                [0.17400006 0.70700013 0.17400009 0.70700023 0.17400016 0.70700023
 0.17400016]


                Percentage Error = 3.1902950052896676e-16
                
year done: 121
Time 122: 2
Optimization Iteration[1/20000]

Solving the optimization problem...
Set parameter TokenServer to value "licenses.rcc.uchicago.edu"
Read LP format model from file /scratch/local/jobs/50183986/tmppy49fzx_.pyomo.lp
Reading time = 1.34 seconds
x1: 258121 rows, 502401 columns, 1259970 nonzeros
Set parameter Threads to value 8
Set parameter BarConvTol to value 1e-12
Gurobi Optimizer version 11.0.0 build v11.0.0rc2 (linux64 - "CentOS Linux 8")

CPU model: Intel(R) Xeon(R) Gold 6248R CPU @ 3.00GHz, instruction set [SSE2|AVX|AVX2|AVX512]
Thread count: 48 physical cores, 48 logical processors, using up to 8 threads

Optimize a model with 258121 rows, 502401 columns and 1259970 nonzeros
Model fingerprint: 0x96f2e414
Model has 3166 quadratic objective terms
Coefficient statistics:
  Matrix range     [1e+00, 1e+03]
  Objective range  [1e-06, 1e+02]
  QObjective range [3e-01, 3e+03]
  Bounds range     [3e-04, 1e+00]
  RHS range        [2e-17, 6e+00]
Presolve removed 131481 rows and 128813 columns
Presolve time: 0.55s
Presolved: 126640 rows, 373588 columns, 743932 nonzeros
Presolved model has 3166 quadratic objective terms
Ordering time: 0.16s

Barrier statistics:
 AA' NZ     : 3.709e+05
 Factor NZ  : 3.905e+06 (roughly 230 MB of memory)
 Factor Ops : 2.623e+08 (less than 1 second per iteration)
 Threads    : 8

                  Objective                Residual
Iter       Primal          Dual         Primal    Dual     Compl     Time
   0  -1.22466045e+09  8.63517425e+08  7.80e+04 1.14e-13  1.00e+06     1s
   1  -5.85742648e+08  5.07976560e+08  1.69e+04 1.44e+02  2.23e+05     1s
   2  -2.82434129e+08  2.81995027e+08  2.13e+02 8.69e-01  3.96e+03     1s
   3  -6.55833255e+07  6.61786495e+07  1.76e+00 1.32e-12  2.85e+02     1s
   4  -1.25708105e+07  1.31966945e+07  1.53e-01 4.77e-12  5.32e+01     1s
   5  -2.28690497e+06  2.53083820e+06  1.14e-02 1.24e-12  9.74e+00     1s
   6  -3.34328895e+05  3.84146538e+05  1.14e-08 1.43e-12  1.45e+00     2s
   7  -5.04631806e+04  6.35330584e+04  1.20e-13 7.89e-13  2.29e-01     2s
   8  -7.72411496e+03  9.03790324e+03  3.51e-14 1.87e-13  3.37e-02     2s
   9  -1.28022963e+03  1.49885343e+03  1.65e-14 4.26e-14  5.59e-03     2s
  10  -2.16763096e+02  1.68999639e+02  9.06e-15 4.26e-14  7.76e-04     2s
  11  -4.79870682e+01  2.57493583e+01  2.15e-15 2.84e-14  1.48e-04     2s
  12  -7.97729393e+00  3.23895169e+00  7.87e-16 2.84e-14  2.26e-05     2s
  13  -1.52839055e+00  6.82896528e-01  3.75e-16 2.84e-14  4.45e-06     2s
  14  -4.49089133e-01  3.78718438e-01  1.92e-16 2.84e-14  1.67e-06     2s
  15  -1.39765189e-03  2.04512068e-01  3.56e-17 2.84e-14  4.14e-07     2s
  16   5.57474089e-02  1.85464693e-01  2.24e-17 2.84e-14  2.61e-07     3s
  17   1.22874390e-01  1.61239004e-01  2.16e-17 2.84e-14  7.72e-08     3s
  18   1.38294814e-01  1.55770922e-01  1.06e-17 2.84e-14  3.52e-08     3s
  19   1.50040710e-01  1.51687326e-01  2.62e-17 2.84e-14  3.31e-09     3s
  20   1.51145479e-01  1.51303833e-01  1.21e-17 5.68e-14  3.19e-10     3s
  21   1.51260661e-01  1.51263994e-01  1.99e-17 5.68e-14  6.71e-12     3s
  22   1.51263130e-01  1.51263140e-01  9.77e-17 1.42e-14  2.01e-14     3s
  23   1.51263136e-01  1.51263138e-01  2.33e-15 2.84e-14  2.68e-15     3s
  24   1.51263137e-01  1.51263137e-01  4.94e-15 2.84e-14  7.68e-16     3s
  25   1.51263137e-01  1.51263137e-01  1.29e-15 2.84e-14  1.88e-16     3s
  26   1.51263137e-01  1.51263137e-01  4.91e-16 3.55e-14  7.42e-17     3s

Barrier solved model in 26 iterations and 3.29 seconds (3.07 work units)
Optimal objective 1.51263137e-01

objective value: 0.1512631373365545
Done! Time elapsed: 25.202980756759644 seconds.
g_0_1: 1.0000003267672013
g_1_1: 1.00000018739715
g_1_2: 1.0000005282938622
g_2_1: 1.000000324226234
g_2_2: 1.0000009140308415
g_2_3: 1.0000003242262343
g_2_4: 1.000000914030817
Parameters from last iteration: [0.17400006 0.70700013 0.17400009 0.70700023 0.17400016 0.70700023
 0.17400016]

Parameters from current iteration:
                [0.17400006 0.70700013 0.17400009 0.70700023 0.17400016 0.70700023
 0.17400016]


                Percentage Error = 3.1902950052896666e-16
                
year done: 122
Time 123: 2
Optimization Iteration[1/20000]

Solving the optimization problem...
Set parameter TokenServer to value "licenses.rcc.uchicago.edu"
Read LP format model from file /scratch/local/jobs/50183986/tmpntbqknem.pyomo.lp
Reading time = 1.33 seconds
x1: 258121 rows, 502401 columns, 1259970 nonzeros
Set parameter Threads to value 8
Set parameter BarConvTol to value 1e-12
Gurobi Optimizer version 11.0.0 build v11.0.0rc2 (linux64 - "CentOS Linux 8")

CPU model: Intel(R) Xeon(R) Gold 6248R CPU @ 3.00GHz, instruction set [SSE2|AVX|AVX2|AVX512]
Thread count: 48 physical cores, 48 logical processors, using up to 8 threads

Optimize a model with 258121 rows, 502401 columns and 1259970 nonzeros
Model fingerprint: 0xd17f5dc1
Model has 3166 quadratic objective terms
Coefficient statistics:
  Matrix range     [1e+00, 1e+03]
  Objective range  [1e-06, 1e+02]
  QObjective range [3e-01, 3e+03]
  Bounds range     [3e-04, 1e+00]
  RHS range        [2e-17, 6e+00]
Presolve removed 131481 rows and 128813 columns
Presolve time: 0.54s
Presolved: 126640 rows, 373588 columns, 743932 nonzeros
Presolved model has 3166 quadratic objective terms
Ordering time: 0.16s

Barrier statistics:
 AA' NZ     : 3.709e+05
 Factor NZ  : 3.905e+06 (roughly 230 MB of memory)
 Factor Ops : 2.623e+08 (less than 1 second per iteration)
 Threads    : 8

                  Objective                Residual
Iter       Primal          Dual         Primal    Dual     Compl     Time
   0  -1.22466045e+09  8.63517425e+08  7.80e+04 1.14e-13  1.00e+06     1s
   1  -5.85742648e+08  5.07976560e+08  1.69e+04 1.44e+02  2.23e+05     1s
   2  -2.82434129e+08  2.81995027e+08  2.13e+02 8.69e-01  3.96e+03     1s
   3  -6.55833255e+07  6.61786495e+07  1.76e+00 1.69e-12  2.85e+02     1s
   4  -1.25708105e+07  1.31966945e+07  1.53e-01 2.68e-12  5.32e+01     2s
   5  -2.28690497e+06  2.53083820e+06  1.14e-02 1.33e-12  9.74e+00     2s
   6  -3.34328897e+05  3.84146536e+05  1.14e-08 7.94e-13  1.45e+00     2s
   7  -5.04631826e+04  6.35330564e+04  1.14e-13 6.82e-13  2.29e-01     2s
   8  -7.72411691e+03  9.03790129e+03  3.53e-14 2.06e-13  3.37e-02     2s
   9  -1.28023158e+03  1.49885148e+03  1.59e-14 5.68e-14  5.59e-03     2s
  10  -2.16765049e+02  1.68997686e+02  1.05e-14 5.68e-14  7.76e-04     2s
  11  -4.79890206e+01  2.57474059e+01  2.20e-15 2.84e-14  1.48e-04     2s
  12  -7.97924636e+00  3.23699926e+00  8.35e-16 5.68e-14  2.26e-05     2s
  13  -1.53034298e+00  6.80944104e-01  3.11e-16 2.84e-14  4.45e-06     2s
  14  -4.51041556e-01  3.76766014e-01  1.12e-16 2.84e-14  1.67e-06     2s
  15  -3.35007528e-03  2.02559645e-01  4.38e-17 2.84e-14  4.14e-07     3s
  16   5.37949855e-02  1.83512269e-01  2.94e-17 2.84e-14  2.61e-07     3s
  17   1.20921966e-01  1.59286581e-01  1.94e-17 2.84e-14  7.72e-08     3s
  18   1.36342390e-01  1.53818498e-01  1.03e-17 2.84e-14  3.52e-08     3s
  19   1.48088286e-01  1.49734902e-01  2.18e-17 2.84e-14  3.31e-09     3s
  20   1.49193056e-01  1.49351409e-01  1.38e-17 2.84e-14  3.19e-10     3s
  21   1.49308238e-01  1.49311571e-01  1.94e-17 2.84e-14  6.71e-12     3s
  22   1.49310707e-01  1.49310717e-01  1.04e-16 2.84e-14  2.01e-14     3s
  23   1.49310713e-01  1.49310714e-01  2.64e-15 2.84e-14  2.67e-15     3s
  24   1.49310714e-01  1.49310714e-01  4.30e-15 2.84e-14  7.65e-16     3s
  25   1.49310714e-01  1.49310714e-01  1.07e-15 2.84e-14  1.87e-16     3s
  26   1.49310714e-01  1.49310714e-01  5.96e-16 2.84e-14  7.37e-17     3s

Barrier solved model in 26 iterations and 3.43 seconds (3.07 work units)
Optimal objective 1.49310714e-01

objective value: 0.14931071394162118
Done! Time elapsed: 23.991878747940063 seconds.
g_0_1: 1.0000003267672015
g_1_1: 1.00000018739715
g_1_2: 1.000000528293862
g_2_1: 1.0000003242262343
g_2_2: 1.0000009140308417
g_2_3: 1.0000003242262345
g_2_4: 1.000000914030817
Parameters from last iteration: [0.17400006 0.70700013 0.17400009 0.70700023 0.17400016 0.70700023
 0.17400016]

Parameters from current iteration:
                [0.17400006 0.70700013 0.17400009 0.70700023 0.17400016 0.70700023
 0.17400016]


                Percentage Error = 3.1902950052896676e-16
                
year done: 123
Time 124: 2
Optimization Iteration[1/20000]

Solving the optimization problem...
Set parameter TokenServer to value "licenses.rcc.uchicago.edu"
Read LP format model from file /scratch/local/jobs/50183986/tmpd15fgr0c.pyomo.lp
Reading time = 1.33 seconds
x1: 258121 rows, 502401 columns, 1259970 nonzeros
Set parameter Threads to value 8
Set parameter BarConvTol to value 1e-12
Gurobi Optimizer version 11.0.0 build v11.0.0rc2 (linux64 - "CentOS Linux 8")

CPU model: Intel(R) Xeon(R) Gold 6248R CPU @ 3.00GHz, instruction set [SSE2|AVX|AVX2|AVX512]
Thread count: 48 physical cores, 48 logical processors, using up to 8 threads

Optimize a model with 258121 rows, 502401 columns and 1259970 nonzeros
Model fingerprint: 0xd479fa38
Model has 3166 quadratic objective terms
Coefficient statistics:
  Matrix range     [1e+00, 1e+03]
  Objective range  [1e-06, 1e+02]
  QObjective range [3e-01, 3e+03]
  Bounds range     [3e-04, 1e+00]
  RHS range        [2e-17, 6e+00]
Presolve removed 131481 rows and 128813 columns
Presolve time: 0.54s
Presolved: 126640 rows, 373588 columns, 743932 nonzeros
Presolved model has 3166 quadratic objective terms
Ordering time: 0.16s

Barrier statistics:
 AA' NZ     : 3.709e+05
 Factor NZ  : 3.905e+06 (roughly 230 MB of memory)
 Factor Ops : 2.623e+08 (less than 1 second per iteration)
 Threads    : 8

                  Objective                Residual
Iter       Primal          Dual         Primal    Dual     Compl     Time
   0  -1.22466045e+09  8.63517425e+08  7.80e+04 1.14e-13  1.00e+06     1s
   1  -5.85742648e+08  5.07976560e+08  1.69e+04 1.44e+02  2.23e+05     1s
   2  -2.82434129e+08  2.81995027e+08  2.13e+02 8.69e-01  3.96e+03     1s
   3  -6.55833255e+07  6.61786495e+07  1.76e+00 1.45e-12  2.85e+02     1s
   4  -1.25708105e+07  1.31966945e+07  1.53e-01 4.91e-12  5.32e+01     1s
   5  -2.28690497e+06  2.53083820e+06  1.14e-02 1.44e-12  9.74e+00     1s
   6  -3.34328899e+05  3.84146534e+05  1.14e-08 7.72e-13  1.45e+00     2s
   7  -5.04631844e+04  6.35330546e+04  1.12e-13 7.52e-13  2.29e-01     2s
   8  -7.72411878e+03  9.03789942e+03  3.75e-14 1.72e-13  3.37e-02     2s
   9  -1.28023344e+03  1.49884961e+03  1.70e-14 4.53e-14  5.59e-03     2s
  10  -2.16766913e+02  1.68995822e+02  5.94e-15 2.84e-14  7.76e-04     2s
  11  -4.79908851e+01  2.57455413e+01  3.11e-15 1.60e-14  1.48e-04     2s
  12  -7.98111091e+00  3.23513471e+00  1.00e-15 4.26e-14  2.26e-05     2s
  13  -1.53220753e+00  6.79079554e-01  3.55e-16 1.60e-14  4.45e-06     2s
  14  -4.52906106e-01  3.74901464e-01  1.41e-16 2.84e-14  1.67e-06     2s
  15  -5.21462515e-03  2.00695095e-01  4.47e-17 2.84e-14  4.14e-07     2s
  16   5.19304356e-02  1.81647719e-01  2.21e-17 2.84e-14  2.61e-07     3s
  17   1.19057417e-01  1.57422031e-01  1.70e-17 2.84e-14  7.72e-08     3s
  18   1.34477840e-01  1.51953948e-01  1.60e-17 5.68e-14  3.52e-08     3s
  19   1.46223736e-01  1.47870352e-01  2.55e-17 4.26e-14  3.31e-09     3s
  20   1.47328506e-01  1.47486859e-01  1.37e-17 2.84e-14  3.19e-10     3s
  21   1.47443688e-01  1.47447021e-01  1.79e-17 2.84e-14  6.71e-12     3s
  22   1.47446157e-01  1.47446167e-01  1.11e-16 2.84e-14  2.01e-14     3s
  23   1.47446163e-01  1.47446164e-01  2.80e-15 2.84e-14  2.65e-15     3s
  24   1.47446164e-01  1.47446164e-01  4.19e-15 2.84e-14  7.62e-16     3s
  25   1.47446164e-01  1.47446164e-01  1.13e-15 2.84e-14  1.86e-16     3s
  26   1.47446164e-01  1.47446164e-01  5.98e-16 2.84e-14  7.32e-17     3s

Barrier solved model in 26 iterations and 3.28 seconds (3.07 work units)
Optimal objective 1.47446164e-01

objective value: 0.14744616407473343
Done! Time elapsed: 23.983009338378906 seconds.
g_0_1: 1.0000003267672017
g_1_1: 1.00000018739715
g_1_2: 1.000000528293862
g_2_1: 1.000000324226234
g_2_2: 1.0000009140308412
g_2_3: 1.0000003242262345
g_2_4: 1.000000914030817
Parameters from last iteration: [0.17400006 0.70700013 0.17400009 0.70700023 0.17400016 0.70700023
 0.17400016]

Parameters from current iteration:
                [0.17400006 0.70700013 0.17400009 0.70700023 0.17400016 0.70700023
 0.17400016]


                Percentage Error = 4.785439697620682e-16
                
year done: 124
Time 125: 2
Optimization Iteration[1/20000]

Solving the optimization problem...
Set parameter TokenServer to value "licenses.rcc.uchicago.edu"
Read LP format model from file /scratch/local/jobs/50183986/tmpfz7_o2s2.pyomo.lp
Reading time = 1.33 seconds
x1: 258121 rows, 502401 columns, 1259970 nonzeros
Set parameter Threads to value 8
Set parameter BarConvTol to value 1e-12
Gurobi Optimizer version 11.0.0 build v11.0.0rc2 (linux64 - "CentOS Linux 8")

CPU model: Intel(R) Xeon(R) Gold 6248R CPU @ 3.00GHz, instruction set [SSE2|AVX|AVX2|AVX512]
Thread count: 48 physical cores, 48 logical processors, using up to 8 threads

Optimize a model with 258121 rows, 502401 columns and 1259970 nonzeros
Model fingerprint: 0xdd0838ba
Model has 3166 quadratic objective terms
Coefficient statistics:
  Matrix range     [1e+00, 1e+03]
  Objective range  [1e-06, 1e+02]
  QObjective range [3e-01, 3e+03]
  Bounds range     [3e-04, 1e+00]
  RHS range        [2e-17, 6e+00]
Presolve removed 131481 rows and 128813 columns
Presolve time: 0.55s
Presolved: 126640 rows, 373588 columns, 743932 nonzeros
Presolved model has 3166 quadratic objective terms
Ordering time: 0.15s

Barrier statistics:
 AA' NZ     : 3.709e+05
 Factor NZ  : 3.905e+06 (roughly 230 MB of memory)
 Factor Ops : 2.623e+08 (less than 1 second per iteration)
 Threads    : 8

                  Objective                Residual
Iter       Primal          Dual         Primal    Dual     Compl     Time
   0  -1.22466045e+09  8.63517425e+08  7.80e+04 1.14e-13  1.00e+06     1s
   1  -5.85742648e+08  5.07976560e+08  1.69e+04 1.44e+02  2.23e+05     1s
   2  -2.82434129e+08  2.81995027e+08  2.13e+02 8.69e-01  3.96e+03     1s
   3  -6.55833255e+07  6.61786495e+07  1.76e+00 1.46e-12  2.85e+02     1s
   4  -1.25708105e+07  1.31966945e+07  1.53e-01 3.71e-12  5.32e+01     1s
   5  -2.28690497e+06  2.53083820e+06  1.14e-02 1.25e-12  9.74e+00     1s
   6  -3.34328901e+05  3.84146532e+05  1.14e-08 1.88e-12  1.45e+00     2s
   7  -5.04631862e+04  6.35330528e+04  1.08e-13 6.18e-13  2.29e-01     2s
   8  -7.72412056e+03  9.03789764e+03  3.84e-14 1.90e-13  3.37e-02     2s
   9  -1.28023523e+03  1.49884783e+03  1.59e-14 5.68e-14  5.59e-03     2s
  10  -2.16768694e+02  1.68994041e+02  5.99e-15 4.26e-14  7.76e-04     2s
  11  -4.79926658e+01  2.57437607e+01  2.08e-15 2.84e-14  1.48e-04     2s
  12  -7.98289154e+00  3.23335408e+00  8.18e-16 1.87e-14  2.26e-05     2s
  13  -1.53398816e+00  6.77298923e-01  3.03e-16 2.84e-14  4.45e-06     2s
  14  -4.54686737e-01  3.73120833e-01  1.17e-16 2.84e-14  1.67e-06     2s
  15  -6.99525645e-03  1.98914464e-01  4.34e-17 2.84e-14  4.14e-07     2s
  16   5.01498043e-02  1.79867088e-01  2.13e-17 5.68e-14  2.61e-07     3s
  17   1.17276785e-01  1.55641399e-01  1.98e-17 2.84e-14  7.72e-08     3s
  18   1.32697209e-01  1.50173317e-01  1.11e-17 2.84e-14  3.52e-08     3s
  19   1.44443105e-01  1.46089721e-01  2.67e-17 2.84e-14  3.31e-09     3s
  20   1.45547875e-01  1.45706228e-01  1.09e-17 2.84e-14  3.19e-10     3s
  21   1.45663056e-01  1.45666389e-01  1.74e-17 2.84e-14  6.71e-12     3s
  22   1.45665525e-01  1.45665535e-01  1.06e-16 2.22e-14  2.01e-14     3s
  23   1.45665532e-01  1.45665533e-01  2.67e-15 2.84e-14  2.64e-15     3s
  24   1.45665533e-01  1.45665533e-01  4.71e-15 2.84e-14  7.59e-16     3s
  25   1.45665533e-01  1.45665533e-01  1.20e-15 2.84e-14  1.85e-16     3s
  26   1.45665533e-01  1.45665533e-01  4.71e-16 1.42e-14  7.27e-17     3s

Barrier solved model in 26 iterations and 3.29 seconds (3.07 work units)
Optimal objective 1.45665533e-01

objective value: 0.14566553277563374
Done! Time elapsed: 23.51984977722168 seconds.
g_0_1: 1.0000003267672013
g_1_1: 1.00000018739715
g_1_2: 1.0000005282938622
g_2_1: 1.000000324226234
g_2_2: 1.0000009140308412
g_2_3: 1.0000003242262343
g_2_4: 1.000000914030817
Parameters from last iteration: [0.17400006 0.70700013 0.17400009 0.70700023 0.17400016 0.70700023
 0.17400016]

Parameters from current iteration:
                [0.17400006 0.70700013 0.17400009 0.70700023 0.17400016 0.70700023
 0.17400016]


                Percentage Error = 4.785442507934499e-16
                
year done: 125
Time 126: 2
Optimization Iteration[1/20000]

Solving the optimization problem...
Set parameter TokenServer to value "licenses.rcc.uchicago.edu"
Read LP format model from file /scratch/local/jobs/50183986/tmp65q12efy.pyomo.lp
Reading time = 1.34 seconds
x1: 258121 rows, 502401 columns, 1259970 nonzeros
Set parameter Threads to value 8
Set parameter BarConvTol to value 1e-12
Gurobi Optimizer version 11.0.0 build v11.0.0rc2 (linux64 - "CentOS Linux 8")

CPU model: Intel(R) Xeon(R) Gold 6248R CPU @ 3.00GHz, instruction set [SSE2|AVX|AVX2|AVX512]
Thread count: 48 physical cores, 48 logical processors, using up to 8 threads

Optimize a model with 258121 rows, 502401 columns and 1259970 nonzeros
Model fingerprint: 0xdeb37b36
Model has 3166 quadratic objective terms
Coefficient statistics:
  Matrix range     [1e+00, 1e+03]
  Objective range  [1e-06, 1e+02]
  QObjective range [3e-01, 3e+03]
  Bounds range     [3e-04, 1e+00]
  RHS range        [2e-17, 6e+00]
Presolve removed 131481 rows and 128813 columns
Presolve time: 0.55s
Presolved: 126640 rows, 373588 columns, 743932 nonzeros
Presolved model has 3166 quadratic objective terms
Ordering time: 0.15s

Barrier statistics:
 AA' NZ     : 3.709e+05
 Factor NZ  : 3.905e+06 (roughly 230 MB of memory)
 Factor Ops : 2.623e+08 (less than 1 second per iteration)
 Threads    : 8

                  Objective                Residual
Iter       Primal          Dual         Primal    Dual     Compl     Time
   0  -1.22466045e+09  8.63517425e+08  7.80e+04 1.14e-13  1.00e+06     1s
   1  -5.85742648e+08  5.07976560e+08  1.69e+04 1.44e+02  2.23e+05     1s
   2  -2.82434129e+08  2.81995027e+08  2.13e+02 8.69e-01  3.96e+03     1s
   3  -6.55833255e+07  6.61786495e+07  1.76e+00 1.42e-12  2.85e+02     1s
   4  -1.25708105e+07  1.31966945e+07  1.53e-01 4.15e-12  5.32e+01     1s
   5  -2.28690498e+06  2.53083820e+06  1.14e-02 1.23e-12  9.74e+00     1s
   6  -3.34328903e+05  3.84146531e+05  1.14e-08 2.79e-12  1.45e+00     2s
   7  -5.04631879e+04  6.35330511e+04  1.06e-13 6.38e-13  2.29e-01     2s
   8  -7.72412226e+03  9.03789594e+03  3.65e-14 1.82e-13  3.37e-02     2s
   9  -1.28023693e+03  1.49884613e+03  2.05e-14 4.35e-14  5.59e-03     2s
  10  -2.16770394e+02  1.68992340e+02  7.04e-15 2.84e-14  7.76e-04     2s
  11  -4.79943662e+01  2.57420602e+01  2.39e-15 2.84e-14  1.48e-04     2s
  12  -7.98459203e+00  3.23165359e+00  8.51e-16 2.84e-14  2.26e-05     2s
  13  -1.53568865e+00  6.75598433e-01  3.52e-16 5.68e-14  4.45e-06     2s
  14  -4.56387227e-01  3.71420343e-01  1.39e-16 2.84e-14  1.67e-06     2s
  15  -8.69574614e-03  1.97213974e-01  4.51e-17 2.84e-14  4.14e-07     2s
  16   4.84493147e-02  1.78166598e-01  3.30e-17 2.84e-14  2.61e-07     3s
  17   1.15576296e-01  1.53940910e-01  2.17e-17 2.84e-14  7.72e-08     3s
  18   1.30996719e-01  1.48472827e-01  1.09e-17 2.84e-14  3.52e-08     3s
  19   1.42742615e-01  1.44389231e-01  3.65e-17 2.84e-14  3.31e-09     3s
  20   1.43847385e-01  1.44005738e-01  1.31e-17 2.84e-14  3.19e-10     3s
  21   1.43962567e-01  1.43965900e-01  2.33e-17 2.84e-14  6.71e-12     3s
  22   1.43965036e-01  1.43965046e-01  9.67e-17 2.84e-14  2.01e-14     3s
  23   1.43965042e-01  1.43965043e-01  2.01e-15 2.84e-14  2.62e-15     3s
  24   1.43965043e-01  1.43965043e-01  4.27e-15 1.42e-14  7.56e-16     3s
  25   1.43965043e-01  1.43965043e-01  1.22e-15 2.84e-14  1.84e-16     3s
  26   1.43965043e-01  1.43965043e-01  5.80e-16 1.42e-14  7.22e-17     3s

Barrier solved model in 26 iterations and 3.29 seconds (3.07 work units)
Optimal objective 1.43965043e-01

objective value: 0.14396504308660055
Done! Time elapsed: 25.038326025009155 seconds.
g_0_1: 1.0000003267672013
g_1_1: 1.00000018739715
g_1_2: 1.000000528293862
g_2_1: 1.0000003242262343
g_2_2: 1.0000009140308408
g_2_3: 1.0000003242262345
g_2_4: 1.0000009140308168
Parameters from last iteration: [0.17400006 0.70700013 0.17400009 0.70700023 0.17400016 0.70700023
 0.17400016]

Parameters from current iteration:
                [0.17400006 0.70700013 0.17400009 0.70700023 0.17400016 0.70700023
 0.17400016]


                Percentage Error = 4.785439697620684e-16
                
year done: 126
Time 127: 2
Optimization Iteration[1/20000]

Solving the optimization problem...
Set parameter TokenServer to value "licenses.rcc.uchicago.edu"
Read LP format model from file /scratch/local/jobs/50183986/tmpx893wubh.pyomo.lp
Reading time = 1.32 seconds
x1: 258121 rows, 502401 columns, 1259970 nonzeros
Set parameter Threads to value 8
Set parameter BarConvTol to value 1e-12
Gurobi Optimizer version 11.0.0 build v11.0.0rc2 (linux64 - "CentOS Linux 8")

CPU model: Intel(R) Xeon(R) Gold 6248R CPU @ 3.00GHz, instruction set [SSE2|AVX|AVX2|AVX512]
Thread count: 48 physical cores, 48 logical processors, using up to 8 threads

Optimize a model with 258121 rows, 502401 columns and 1259970 nonzeros
Model fingerprint: 0x86623e4f
Model has 3166 quadratic objective terms
Coefficient statistics:
  Matrix range     [1e+00, 1e+03]
  Objective range  [1e-06, 1e+02]
  QObjective range [3e-01, 3e+03]
  Bounds range     [3e-04, 1e+00]
  RHS range        [2e-17, 6e+00]
Presolve removed 131481 rows and 128813 columns
Presolve time: 0.54s
Presolved: 126640 rows, 373588 columns, 743932 nonzeros
Presolved model has 3166 quadratic objective terms
Ordering time: 0.15s

Barrier statistics:
 AA' NZ     : 3.709e+05
 Factor NZ  : 3.905e+06 (roughly 230 MB of memory)
 Factor Ops : 2.623e+08 (less than 1 second per iteration)
 Threads    : 8

                  Objective                Residual
Iter       Primal          Dual         Primal    Dual     Compl     Time
   0  -1.22466045e+09  8.63517425e+08  7.80e+04 1.14e-13  1.00e+06     1s
   1  -5.85742648e+08  5.07976560e+08  1.69e+04 1.44e+02  2.23e+05     1s
   2  -2.82434129e+08  2.81995027e+08  2.13e+02 8.69e-01  3.96e+03     1s
   3  -6.55833255e+07  6.61786495e+07  1.76e+00 1.95e-12  2.85e+02     1s
   4  -1.25708105e+07  1.31966945e+07  1.53e-01 4.13e-12  5.32e+01     1s
   5  -2.28690498e+06  2.53083820e+06  1.14e-02 1.15e-12  9.74e+00     1s
   6  -3.34328904e+05  3.84146529e+05  1.14e-08 9.40e-13  1.45e+00     2s
   7  -5.04631895e+04  6.35330495e+04  9.68e-14 7.07e-13  2.29e-01     2s
   8  -7.72412388e+03  9.03789432e+03  3.52e-14 1.89e-13  3.37e-02     2s
   9  -1.28023855e+03  1.49884451e+03  1.99e-14 3.95e-14  5.59e-03     2s
  10  -2.16772018e+02  1.68990716e+02  9.53e-15 4.26e-14  7.76e-04     2s
  11  -4.79959902e+01  2.57404362e+01  1.74e-15 2.84e-14  1.48e-04     2s
  12  -7.98621598e+00  3.23002964e+00  1.10e-15 5.68e-14  2.26e-05     2s
  13  -1.53731260e+00  6.73974478e-01  3.41e-16 1.51e-14  4.45e-06     2s
  14  -4.58011182e-01  3.69796388e-01  9.84e-17 2.84e-14  1.67e-06     2s
  15  -1.03197012e-02  1.95590019e-01  4.49e-17 2.84e-14  4.14e-07     2s
  16   4.68253596e-02  1.76542643e-01  2.30e-17 5.68e-14  2.61e-07     3s
  17   1.13952341e-01  1.52316955e-01  2.34e-17 1.78e-14  7.72e-08     3s
  18   1.29372764e-01  1.46848872e-01  1.02e-17 2.84e-14  3.52e-08     3s
  19   1.41118660e-01  1.42765276e-01  2.27e-17 2.84e-14  3.31e-09     3s
  20   1.42223430e-01  1.42381783e-01  1.71e-17 2.84e-14  3.19e-10     3s
  21   1.42338612e-01  1.42341945e-01  1.70e-17 5.68e-14  6.71e-12     3s
  22   1.42341081e-01  1.42341091e-01  1.27e-16 2.84e-14  2.01e-14     3s
  23   1.42341087e-01  1.42341088e-01  2.87e-15 2.84e-14  2.61e-15     3s
  24   1.42341088e-01  1.42341088e-01  4.69e-15 2.13e-14  7.52e-16     3s
  25   1.42341088e-01  1.42341088e-01  1.36e-15 2.84e-14  1.84e-16     3s
  26   1.42341088e-01  1.42341088e-01  5.81e-16 2.84e-14  7.17e-17     3s

Barrier solved model in 26 iterations and 3.28 seconds (3.07 work units)
Optimal objective 1.42341088e-01

objective value: 0.14234108804101306
Done! Time elapsed: 23.53548288345337 seconds.
g_0_1: 1.0000003267672013
g_1_1: 1.00000018739715
g_1_2: 1.000000528293862
g_2_1: 1.0000003242262343
g_2_2: 1.0000009140308408
g_2_3: 1.0000003242262345
g_2_4: 1.0000009140308168
Parameters from last iteration: [0.17400006 0.70700013 0.17400009 0.70700023 0.17400016 0.70700023
 0.17400016]

Parameters from current iteration:
                [0.17400006 0.70700013 0.17400009 0.70700023 0.17400016 0.70700023
 0.17400016]


                Percentage Error = 0.0
                
year done: 127
Time 128: 2
Optimization Iteration[1/20000]

Solving the optimization problem...
Set parameter TokenServer to value "licenses.rcc.uchicago.edu"
Read LP format model from file /scratch/local/jobs/50183986/tmp82bmlq4v.pyomo.lp
Reading time = 1.33 seconds
x1: 258121 rows, 502401 columns, 1259970 nonzeros
Set parameter Threads to value 8
Set parameter BarConvTol to value 1e-12
Gurobi Optimizer version 11.0.0 build v11.0.0rc2 (linux64 - "CentOS Linux 8")

CPU model: Intel(R) Xeon(R) Gold 6248R CPU @ 3.00GHz, instruction set [SSE2|AVX|AVX2|AVX512]
Thread count: 48 physical cores, 48 logical processors, using up to 8 threads

Optimize a model with 258121 rows, 502401 columns and 1259970 nonzeros
Model fingerprint: 0x7c11fe02
Model has 3166 quadratic objective terms
Coefficient statistics:
  Matrix range     [1e+00, 1e+03]
  Objective range  [1e-06, 1e+02]
  QObjective range [3e-01, 3e+03]
  Bounds range     [3e-04, 1e+00]
  RHS range        [2e-17, 6e+00]
Presolve removed 131481 rows and 128813 columns
Presolve time: 0.54s
Presolved: 126640 rows, 373588 columns, 743932 nonzeros
Presolved model has 3166 quadratic objective terms
Ordering time: 0.15s

Barrier statistics:
 AA' NZ     : 3.709e+05
 Factor NZ  : 3.905e+06 (roughly 230 MB of memory)
 Factor Ops : 2.623e+08 (less than 1 second per iteration)
 Threads    : 8

                  Objective                Residual
Iter       Primal          Dual         Primal    Dual     Compl     Time
   0  -1.22466045e+09  8.63517425e+08  7.80e+04 1.14e-13  1.00e+06     1s
   1  -5.85742648e+08  5.07976560e+08  1.69e+04 1.44e+02  2.23e+05     1s
   2  -2.82434129e+08  2.81995027e+08  2.13e+02 8.69e-01  3.96e+03     1s
   3  -6.55833255e+07  6.61786494e+07  1.76e+00 1.41e-12  2.85e+02     1s
   4  -1.25708105e+07  1.31966945e+07  1.53e-01 4.44e-12  5.32e+01     1s
   5  -2.28690498e+06  2.53083819e+06  1.14e-02 1.21e-12  9.74e+00     1s
   6  -3.34328906e+05  3.84146527e+05  1.14e-08 8.33e-13  1.45e+00     2s
   7  -5.04631911e+04  6.35330479e+04  1.28e-13 6.23e-13  2.29e-01     2s
   8  -7.72412543e+03  9.03789277e+03  4.27e-14 1.82e-13  3.37e-02     2s
   9  -1.28024010e+03  1.49884296e+03  1.64e-14 5.68e-14  5.59e-03     2s
  10  -2.16773569e+02  1.68989166e+02  8.58e-15 2.84e-14  7.76e-04     2s
  11  -4.79975411e+01  2.57388854e+01  2.59e-15 2.84e-14  1.48e-04     2s
  12  -7.98776685e+00  3.22847877e+00  1.14e-15 2.84e-14  2.26e-05     2s
  13  -1.53886347e+00  6.72423613e-01  2.95e-16 2.84e-14  4.45e-06     2s
  14  -4.59562047e-01  3.68245523e-01  1.18e-16 2.84e-14  1.67e-06     2s
  15  -1.18705662e-02  1.94039154e-01  4.45e-17 2.84e-14  4.14e-07     2s
  16   4.52744946e-02  1.74991778e-01  2.77e-17 2.84e-14  2.61e-07     3s
  17   1.12401476e-01  1.50766090e-01  1.71e-17 1.95e-14  7.72e-08     3s
  18   1.27821899e-01  1.45298007e-01  1.13e-17 2.84e-14  3.52e-08     3s
  19   1.39567795e-01  1.41214411e-01  2.44e-17 2.84e-14  3.31e-09     3s
  20   1.40672565e-01  1.40830918e-01  1.20e-17 2.84e-14  3.19e-10     3s
  21   1.40787747e-01  1.40791080e-01  1.56e-17 2.84e-14  6.71e-12     3s
  22   1.40790216e-01  1.40790226e-01  1.26e-16 2.84e-14  2.01e-14     3s
  23   1.40790222e-01  1.40790223e-01  3.14e-15 2.84e-14  2.60e-15     3s
  24   1.40790223e-01  1.40790223e-01  4.24e-15 2.84e-14  7.49e-16     3s
  25   1.40790223e-01  1.40790223e-01  1.35e-15 2.84e-14  1.83e-16     3s
  26   1.40790223e-01  1.40790223e-01  5.50e-16 2.84e-14  7.12e-17     3s

Barrier solved model in 26 iterations and 3.29 seconds (3.07 work units)
Optimal objective 1.40790223e-01

objective value: 0.1407902230124837
Done! Time elapsed: 23.637946605682373 seconds.
g_0_1: 1.000000326767201
g_1_1: 1.00000018739715
g_1_2: 1.000000528293862
g_2_1: 1.000000324226234
g_2_2: 1.0000009140308406
g_2_3: 1.0000003242262343
g_2_4: 1.0000009140308168
Parameters from last iteration: [0.17400006 0.70700013 0.17400009 0.70700023 0.17400016 0.70700023
 0.17400016]

Parameters from current iteration:
                [0.17400006 0.70700013 0.17400009 0.70700023 0.17400016 0.70700023
 0.17400016]


                Percentage Error = 3.1406581744323693e-16
                
year done: 128
Time 129: 2
Optimization Iteration[1/20000]

Solving the optimization problem...
Set parameter TokenServer to value "licenses.rcc.uchicago.edu"
Read LP format model from file /scratch/local/jobs/50183986/tmp_wzont3x.pyomo.lp
Reading time = 1.34 seconds
x1: 258121 rows, 502401 columns, 1259970 nonzeros
Set parameter Threads to value 8
Set parameter BarConvTol to value 1e-12
Gurobi Optimizer version 11.0.0 build v11.0.0rc2 (linux64 - "CentOS Linux 8")

CPU model: Intel(R) Xeon(R) Gold 6248R CPU @ 3.00GHz, instruction set [SSE2|AVX|AVX2|AVX512]
Thread count: 48 physical cores, 48 logical processors, using up to 8 threads

Optimize a model with 258121 rows, 502401 columns and 1259970 nonzeros
Model fingerprint: 0xcd8f30c4
Model has 3166 quadratic objective terms
Coefficient statistics:
  Matrix range     [1e+00, 1e+03]
  Objective range  [1e-06, 1e+02]
  QObjective range [3e-01, 3e+03]
  Bounds range     [3e-04, 1e+00]
  RHS range        [2e-17, 6e+00]
Presolve removed 131481 rows and 128813 columns
Presolve time: 0.55s
Presolved: 126640 rows, 373588 columns, 743932 nonzeros
Presolved model has 3166 quadratic objective terms
Ordering time: 0.16s

Barrier statistics:
 AA' NZ     : 3.709e+05
 Factor NZ  : 3.905e+06 (roughly 230 MB of memory)
 Factor Ops : 2.623e+08 (less than 1 second per iteration)
 Threads    : 8

                  Objective                Residual
Iter       Primal          Dual         Primal    Dual     Compl     Time
   0  -1.22466045e+09  8.63517425e+08  7.80e+04 1.14e-13  1.00e+06     1s
   1  -5.85742648e+08  5.07976560e+08  1.69e+04 1.44e+02  2.23e+05     1s
   2  -2.82434129e+08  2.81995027e+08  2.13e+02 8.69e-01  3.96e+03     1s
   3  -6.55833255e+07  6.61786494e+07  1.76e+00 1.42e-12  2.85e+02     1s
   4  -1.25708105e+07  1.31966945e+07  1.53e-01 5.58e-12  5.32e+01     1s
   5  -2.28690498e+06  2.53083819e+06  1.14e-02 1.24e-12  9.74e+00     1s
   6  -3.34328907e+05  3.84146526e+05  1.14e-08 7.61e-13  1.45e+00     2s
   7  -5.04631926e+04  6.35330464e+04  1.49e-13 7.37e-13  2.29e-01     2s
   8  -7.72412691e+03  9.03789128e+03  3.47e-14 1.76e-13  3.37e-02     2s
   9  -1.28024158e+03  1.49884147e+03  1.67e-14 5.68e-14  5.59e-03     2s
  10  -2.16775050e+02  1.68987685e+02  6.29e-15 2.84e-14  7.76e-04     2s
  11  -4.79990221e+01  2.57374043e+01  2.08e-15 2.84e-14  1.48e-04     2s
  12  -7.98924791e+00  3.22699771e+00  1.06e-15 2.84e-14  2.26e-05     2s
  13  -1.54034453e+00  6.70942549e-01  3.32e-16 2.84e-14  4.45e-06     2s
  14  -4.61043112e-01  3.66764459e-01  1.68e-16 1.69e-14  1.67e-06     2s
  15  -1.33516308e-02  1.92558089e-01  4.66e-17 2.84e-14  4.14e-07     2s
  16   4.37934300e-02  1.73510714e-01  2.34e-17 2.84e-14  2.61e-07     3s
  17   1.10920411e-01  1.49285025e-01  1.72e-17 2.84e-14  7.72e-08     3s
  18   1.26340835e-01  1.43816943e-01  1.90e-17 2.84e-14  3.52e-08     3s
  19   1.38086731e-01  1.39733347e-01  2.73e-17 2.84e-14  3.31e-09     3s
  20   1.39191500e-01  1.39349854e-01  1.21e-17 2.84e-14  3.19e-10     3s
  21   1.39306682e-01  1.39310015e-01  2.05e-17 2.84e-14  6.71e-12     3s
  22   1.39309151e-01  1.39309161e-01  1.03e-16 2.84e-14  2.01e-14     3s
  23   1.39309157e-01  1.39309159e-01  2.81e-15 2.84e-14  2.58e-15     3s
  24   1.39309158e-01  1.39309159e-01  3.98e-15 2.84e-14  7.46e-16     3s
  25   1.39309158e-01  1.39309158e-01  1.25e-15 2.18e-14  1.82e-16     3s
  26   1.39309158e-01  1.39309158e-01  5.99e-16 2.84e-14  7.07e-17     3s

Barrier solved model in 26 iterations and 3.32 seconds (3.07 work units)
Optimal objective 1.39309158e-01

objective value: 0.13930915840836314
Done! Time elapsed: 23.624661207199097 seconds.
g_0_1: 1.000000326767201
g_1_1: 1.0000001873971502
g_1_2: 1.000000528293862
g_2_1: 1.0000003242262343
g_2_2: 1.0000009140308403
g_2_3: 1.0000003242262345
g_2_4: 1.0000009140308168
Parameters from last iteration: [0.17400006 0.70700013 0.17400009 0.70700023 0.17400016 0.70700023
 0.17400016]

Parameters from current iteration:
                [0.17400006 0.70700013 0.17400009 0.70700023 0.17400016 0.70700023
 0.17400016]


                Percentage Error = 3.1902931317471244e-16
                
year done: 129
Time 130: 2
Optimization Iteration[1/20000]

Solving the optimization problem...
Set parameter TokenServer to value "licenses.rcc.uchicago.edu"
Read LP format model from file /scratch/local/jobs/50183986/tmp6n4b3k85.pyomo.lp
Reading time = 1.36 seconds
x1: 258121 rows, 502401 columns, 1259970 nonzeros
Set parameter Threads to value 8
Set parameter BarConvTol to value 1e-12
Gurobi Optimizer version 11.0.0 build v11.0.0rc2 (linux64 - "CentOS Linux 8")

CPU model: Intel(R) Xeon(R) Gold 6248R CPU @ 3.00GHz, instruction set [SSE2|AVX|AVX2|AVX512]
Thread count: 48 physical cores, 48 logical processors, using up to 8 threads

Optimize a model with 258121 rows, 502401 columns and 1259970 nonzeros
Model fingerprint: 0x5ca6f44a
Model has 3166 quadratic objective terms
Coefficient statistics:
  Matrix range     [1e+00, 1e+03]
  Objective range  [1e-06, 1e+02]
  QObjective range [3e-01, 3e+03]
  Bounds range     [3e-04, 1e+00]
  RHS range        [2e-17, 6e+00]
Presolve removed 131481 rows and 128813 columns
Presolve time: 0.55s
Presolved: 126640 rows, 373588 columns, 743932 nonzeros
Presolved model has 3166 quadratic objective terms
Ordering time: 0.16s

Barrier statistics:
 AA' NZ     : 3.709e+05
 Factor NZ  : 3.905e+06 (roughly 230 MB of memory)
 Factor Ops : 2.623e+08 (less than 1 second per iteration)
 Threads    : 8

                  Objective                Residual
Iter       Primal          Dual         Primal    Dual     Compl     Time
   0  -1.22466045e+09  8.63517425e+08  7.80e+04 1.14e-13  1.00e+06     1s
   1  -5.85742648e+08  5.07976560e+08  1.69e+04 1.44e+02  2.23e+05     1s
   2  -2.82434129e+08  2.81995027e+08  2.13e+02 8.69e-01  3.96e+03     1s
   3  -6.55833255e+07  6.61786494e+07  1.76e+00 1.42e-12  2.85e+02     1s
   4  -1.25708105e+07  1.31966945e+07  1.53e-01 4.53e-12  5.32e+01     1s
   5  -2.28690498e+06  2.53083819e+06  1.14e-02 1.19e-12  9.74e+00     1s
   6  -3.34328909e+05  3.84146524e+05  1.14e-08 7.92e-13  1.45e+00     2s
   7  -5.04631940e+04  6.35330450e+04  1.14e-13 6.86e-13  2.29e-01     2s
   8  -7.72412833e+03  9.03788987e+03  3.82e-14 1.77e-13  3.37e-02     2s
   9  -1.28024300e+03  1.49884006e+03  1.43e-14 8.53e-14  5.59e-03     2s
  10  -2.16776465e+02  1.68986270e+02  1.07e-14 2.84e-14  7.76e-04     2s
  11  -4.80004365e+01  2.57359899e+01  2.13e-15 2.84e-14  1.48e-04     2s
  12  -7.99066232e+00  3.22558330e+00  1.33e-15 2.84e-14  2.26e-05     2s
  13  -1.54175894e+00  6.69528143e-01  3.30e-16 2.84e-14  4.45e-06     2s
  14  -4.62457518e-01  3.65350053e-01  1.61e-16 2.84e-14  1.67e-06     2s
  15  -1.47660365e-02  1.91143684e-01  3.69e-17 2.84e-14  4.14e-07     2s
  16   4.23790243e-02  1.72096308e-01  3.47e-17 4.26e-14  2.61e-07     3s
  17   1.09506005e-01  1.47870619e-01  1.61e-17 2.84e-14  7.72e-08     3s
  18   1.24926429e-01  1.42402537e-01  1.02e-17 2.84e-14  3.52e-08     3s
  19   1.36672325e-01  1.38318941e-01  2.66e-17 2.84e-14  3.31e-09     3s
  20   1.37777095e-01  1.37935448e-01  1.37e-17 2.84e-14  3.19e-10     3s
  21   1.37892276e-01  1.37895609e-01  1.46e-17 2.84e-14  6.71e-12     3s
  22   1.37894745e-01  1.37894755e-01  1.14e-16 2.84e-14  2.01e-14     3s
  23   1.37894752e-01  1.37894753e-01  2.61e-15 2.84e-14  2.57e-15     3s
  24   1.37894752e-01  1.37894753e-01  4.89e-15 2.84e-14  7.43e-16     3s
  25   1.37894753e-01  1.37894753e-01  1.15e-15 2.84e-14  1.81e-16     3s
  26   1.37894753e-01  1.37894753e-01  4.95e-16 1.42e-14  7.02e-17     3s

Barrier solved model in 26 iterations and 3.30 seconds (3.07 work units)
Optimal objective 1.37894753e-01

objective value: 0.13789475269204446
Done! Time elapsed: 25.11882495880127 seconds.
g_0_1: 1.0000003267672013
g_1_1: 1.00000018739715
g_1_2: 1.000000528293862
g_2_1: 1.0000003242262343
g_2_2: 1.0000009140308403
g_2_3: 1.0000003242262345
g_2_4: 1.0000009140308168
Parameters from last iteration: [0.17400006 0.70700013 0.17400009 0.70700023 0.17400016 0.70700023
 0.17400016]

Parameters from current iteration:
                [0.17400006 0.70700013 0.17400009 0.70700023 0.17400016 0.70700023
 0.17400016]


                Percentage Error = 3.1406586041656707e-16
                
year done: 130
Time 131: 2
Optimization Iteration[1/20000]

Solving the optimization problem...
Set parameter TokenServer to value "licenses.rcc.uchicago.edu"
Read LP format model from file /scratch/local/jobs/50183986/tmp31s61sq2.pyomo.lp
Reading time = 1.35 seconds
x1: 258121 rows, 502401 columns, 1259970 nonzeros
Set parameter Threads to value 8
Set parameter BarConvTol to value 1e-12
Gurobi Optimizer version 11.0.0 build v11.0.0rc2 (linux64 - "CentOS Linux 8")

CPU model: Intel(R) Xeon(R) Gold 6248R CPU @ 3.00GHz, instruction set [SSE2|AVX|AVX2|AVX512]
Thread count: 48 physical cores, 48 logical processors, using up to 8 threads

Optimize a model with 258121 rows, 502401 columns and 1259970 nonzeros
Model fingerprint: 0x8506827a
Model has 3166 quadratic objective terms
Coefficient statistics:
  Matrix range     [1e+00, 1e+03]
  Objective range  [1e-06, 1e+02]
  QObjective range [3e-01, 3e+03]
  Bounds range     [3e-04, 1e+00]
  RHS range        [2e-17, 6e+00]
Presolve removed 131481 rows and 128813 columns
Presolve time: 0.55s
Presolved: 126640 rows, 373588 columns, 743932 nonzeros
Presolved model has 3166 quadratic objective terms
Ordering time: 0.16s

Barrier statistics:
 AA' NZ     : 3.709e+05
 Factor NZ  : 3.905e+06 (roughly 230 MB of memory)
 Factor Ops : 2.623e+08 (less than 1 second per iteration)
 Threads    : 8

                  Objective                Residual
Iter       Primal          Dual         Primal    Dual     Compl     Time
   0  -1.22466045e+09  8.63517425e+08  7.80e+04 1.14e-13  1.00e+06     1s
   1  -5.85742648e+08  5.07976560e+08  1.69e+04 1.44e+02  2.23e+05     1s
   2  -2.82434129e+08  2.81995027e+08  2.13e+02 8.69e-01  3.96e+03     1s
   3  -6.55833255e+07  6.61786494e+07  1.76e+00 1.62e-12  2.85e+02     1s
   4  -1.25708105e+07  1.31966945e+07  1.53e-01 4.41e-12  5.32e+01     1s
   5  -2.28690498e+06  2.53083819e+06  1.14e-02 1.24e-12  9.74e+00     1s
   6  -3.34328910e+05  3.84146523e+05  1.14e-08 8.33e-13  1.45e+00     2s
   7  -5.04631953e+04  6.35330437e+04  1.23e-13 6.59e-13  2.29e-01     2s
   8  -7.72412968e+03  9.03788852e+03  3.94e-14 1.86e-13  3.37e-02     2s
   9  -1.28024435e+03  1.49883871e+03  1.68e-14 5.68e-14  5.59e-03     2s
  10  -2.16777815e+02  1.68984919e+02  5.63e-15 2.84e-14  7.76e-04     2s
  11  -4.80017873e+01  2.57346392e+01  2.23e-15 2.84e-14  1.48e-04     2s
  12  -7.99201306e+00  3.22423256e+00  9.53e-16 2.84e-14  2.26e-05     2s
  13  -1.54310969e+00  6.68177396e-01  2.80e-16 2.84e-14  4.45e-06     2s
  14  -4.63808265e-01  3.63999306e-01  1.25e-16 2.84e-14  1.67e-06     2s
  15  -1.61167835e-02  1.89792937e-01  3.62e-17 2.84e-14  4.14e-07     2s
  16   4.10282773e-02  1.70745561e-01  2.87e-17 2.84e-14  2.61e-07     3s
  17   1.08155258e-01  1.46519872e-01  1.83e-17 2.84e-14  7.72e-08     3s
  18   1.23575682e-01  1.41051790e-01  9.28e-18 3.73e-14  3.52e-08     3s
  19   1.35321578e-01  1.36968194e-01  3.44e-17 2.84e-14  3.31e-09     3s
  20   1.36426348e-01  1.36584701e-01  1.07e-17 2.84e-14  3.19e-10     3s
  21   1.36541529e-01  1.36544862e-01  2.81e-17 2.84e-14  6.71e-12     3s
  22   1.36543998e-01  1.36544008e-01  1.12e-16 2.84e-14  2.01e-14     3s
  23   1.36544005e-01  1.36544006e-01  2.37e-15 2.84e-14  2.55e-15     3s
  24   1.36544005e-01  1.36544006e-01  3.75e-15 2.13e-14  7.40e-16     3s
  25   1.36544006e-01  1.36544006e-01  1.16e-15 2.84e-14  1.80e-16     3s
  26   1.36544006e-01  1.36544006e-01  5.35e-16 2.13e-14  6.97e-17     3s

Barrier solved model in 26 iterations and 3.30 seconds (3.07 work units)
Optimal objective 1.36544006e-01

objective value: 0.13654400571937234
Done! Time elapsed: 23.52753782272339 seconds.
g_0_1: 1.000000326767201
g_1_1: 1.0000001873971502
g_1_2: 1.000000528293862
g_2_1: 1.0000003242262343
g_2_2: 1.00000091403084
g_2_3: 1.0000003242262345
g_2_4: 1.0000009140308168
Parameters from last iteration: [0.17400006 0.70700013 0.17400009 0.70700023 0.17400016 0.70700023
 0.17400016]

Parameters from current iteration:
                [0.17400006 0.70700013 0.17400009 0.70700023 0.17400016 0.70700023
 0.17400016]


                Percentage Error = 4.785439697620689e-16
                
year done: 131
Time 132: 2
Optimization Iteration[1/20000]

Solving the optimization problem...
Set parameter TokenServer to value "licenses.rcc.uchicago.edu"
Read LP format model from file /scratch/local/jobs/50183986/tmpg3nl677_.pyomo.lp
Reading time = 1.36 seconds
x1: 258121 rows, 502401 columns, 1259970 nonzeros
Set parameter Threads to value 8
Set parameter BarConvTol to value 1e-12
Gurobi Optimizer version 11.0.0 build v11.0.0rc2 (linux64 - "CentOS Linux 8")

CPU model: Intel(R) Xeon(R) Gold 6248R CPU @ 3.00GHz, instruction set [SSE2|AVX|AVX2|AVX512]
Thread count: 48 physical cores, 48 logical processors, using up to 8 threads

Optimize a model with 258121 rows, 502401 columns and 1259970 nonzeros
Model fingerprint: 0xed89a560
Model has 3166 quadratic objective terms
Coefficient statistics:
  Matrix range     [1e+00, 1e+03]
  Objective range  [1e-06, 1e+02]
  QObjective range [3e-01, 3e+03]
  Bounds range     [3e-04, 1e+00]
  RHS range        [2e-17, 6e+00]
Presolve removed 131481 rows and 128813 columns
Presolve time: 0.55s
Presolved: 126640 rows, 373588 columns, 743932 nonzeros
Presolved model has 3166 quadratic objective terms
Ordering time: 0.16s

Barrier statistics:
 AA' NZ     : 3.709e+05
 Factor NZ  : 3.905e+06 (roughly 230 MB of memory)
 Factor Ops : 2.623e+08 (less than 1 second per iteration)
 Threads    : 8

                  Objective                Residual
Iter       Primal          Dual         Primal    Dual     Compl     Time
   0  -1.22466045e+09  8.63517425e+08  7.80e+04 1.14e-13  1.00e+06     1s
   1  -5.85742648e+08  5.07976560e+08  1.69e+04 1.44e+02  2.23e+05     1s
   2  -2.82434129e+08  2.81995027e+08  2.13e+02 8.69e-01  3.96e+03     1s
   3  -6.55833255e+07  6.61786494e+07  1.76e+00 1.30e-12  2.85e+02     2s
   4  -1.25708105e+07  1.31966945e+07  1.53e-01 6.88e-12  5.32e+01     2s
   5  -2.28690499e+06  2.53083819e+06  1.14e-02 1.25e-12  9.74e+00     2s
   6  -3.34328911e+05  3.84146522e+05  1.14e-08 7.96e-13  1.45e+00     2s
   7  -5.04631966e+04  6.35330424e+04  1.09e-13 7.29e-13  2.29e-01     2s
   8  -7.72413097e+03  9.03788723e+03  3.44e-14 1.92e-13  3.37e-02     2s
   9  -1.28024564e+03  1.49883742e+03  1.68e-14 5.33e-14  5.59e-03     2s
  10  -2.16779105e+02  1.68983629e+02  9.32e-15 2.84e-14  7.76e-04     2s
  11  -4.80030772e+01  2.57333492e+01  1.76e-15 2.84e-14  1.48e-04     2s
  12  -7.99330302e+00  3.22294260e+00  1.53e-15 2.84e-14  2.26e-05     2s
  13  -1.54439964e+00  6.66887443e-01  3.14e-16 2.13e-14  4.45e-06     3s
  14  -4.65098218e-01  3.62709353e-01  1.17e-16 2.84e-14  1.67e-06     3s
  15  -1.74067368e-02  1.88502983e-01  4.51e-17 1.42e-14  4.14e-07     3s
  16   3.97383239e-02  1.69455608e-01  2.22e-17 4.26e-14  2.61e-07     3s
  17   1.06865305e-01  1.45229919e-01  1.45e-17 1.69e-14  7.72e-08     3s
  18   1.22285729e-01  1.39761837e-01  1.04e-17 2.84e-14  3.52e-08     3s
  19   1.34031625e-01  1.35678241e-01  2.93e-17 4.26e-14  3.31e-09     3s
  20   1.35136394e-01  1.35294748e-01  1.28e-17 2.84e-14  3.19e-10     3s
  21   1.35251576e-01  1.35254909e-01  2.20e-17 2.84e-14  6.71e-12     3s
  22   1.35254045e-01  1.35254055e-01  1.30e-16 2.84e-14  2.01e-14     3s
  23   1.35254051e-01  1.35254053e-01  3.05e-15 1.78e-14  2.54e-15     3s
  24   1.35254052e-01  1.35254052e-01  5.39e-15 2.13e-14  7.37e-16     3s
  25   1.35254052e-01  1.35254052e-01  1.44e-15 2.84e-14  1.79e-16     4s
  26   1.35254052e-01  1.35254052e-01  7.47e-16 1.60e-14  6.92e-17     4s

Barrier solved model in 26 iterations and 3.60 seconds (3.07 work units)
Optimal objective 1.35254052e-01

objective value: 0.13525405237491464
Done! Time elapsed: 23.846562147140503 seconds.
g_0_1: 1.000000326767201
g_1_1: 1.0000001873971502
g_1_2: 1.0000005282938618
g_2_1: 1.0000003242262343
g_2_2: 1.0000009140308397
g_2_3: 1.0000003242262345
g_2_4: 1.0000009140308166
Parameters from last iteration: [0.17400006 0.70700013 0.17400009 0.70700023 0.17400016 0.70700023
 0.17400016]

Parameters from current iteration:
                [0.17400006 0.70700013 0.17400009 0.70700023 0.17400016 0.70700023
 0.17400016]


                Percentage Error = 3.190294362360508e-16
                
year done: 132
Time 133: 2
Optimization Iteration[1/20000]

Solving the optimization problem...
Set parameter TokenServer to value "licenses.rcc.uchicago.edu"
Read LP format model from file /scratch/local/jobs/50183986/tmpbo6seiab.pyomo.lp
Reading time = 1.34 seconds
x1: 258121 rows, 502401 columns, 1259970 nonzeros
Set parameter Threads to value 8
Set parameter BarConvTol to value 1e-12
Gurobi Optimizer version 11.0.0 build v11.0.0rc2 (linux64 - "CentOS Linux 8")

CPU model: Intel(R) Xeon(R) Gold 6248R CPU @ 3.00GHz, instruction set [SSE2|AVX|AVX2|AVX512]
Thread count: 48 physical cores, 48 logical processors, using up to 8 threads

Optimize a model with 258121 rows, 502401 columns and 1259970 nonzeros
Model fingerprint: 0x10edefe6
Model has 3166 quadratic objective terms
Coefficient statistics:
  Matrix range     [1e+00, 1e+03]
  Objective range  [1e-06, 1e+02]
  QObjective range [3e-01, 3e+03]
  Bounds range     [3e-04, 1e+00]
  RHS range        [2e-17, 6e+00]
Presolve removed 131481 rows and 128813 columns
Presolve time: 0.55s
Presolved: 126640 rows, 373588 columns, 743932 nonzeros
Presolved model has 3166 quadratic objective terms
Ordering time: 0.16s

Barrier statistics:
 AA' NZ     : 3.709e+05
 Factor NZ  : 3.905e+06 (roughly 230 MB of memory)
 Factor Ops : 2.623e+08 (less than 1 second per iteration)
 Threads    : 8

                  Objective                Residual
Iter       Primal          Dual         Primal    Dual     Compl     Time
   0  -1.22466045e+09  8.63517425e+08  7.80e+04 1.14e-13  1.00e+06     1s
   1  -5.85742648e+08  5.07976560e+08  1.69e+04 1.44e+02  2.23e+05     1s
   2  -2.82434129e+08  2.81995027e+08  2.13e+02 8.69e-01  3.96e+03     1s
   3  -6.55833255e+07  6.61786494e+07  1.76e+00 1.46e-12  2.85e+02     1s
   4  -1.25708105e+07  1.31966945e+07  1.53e-01 3.37e-12  5.32e+01     1s
   5  -2.28690499e+06  2.53083819e+06  1.14e-02 1.24e-12  9.74e+00     1s
   6  -3.34328913e+05  3.84146521e+05  1.14e-08 1.02e-12  1.45e+00     2s
   7  -5.04631979e+04  6.35330411e+04  1.19e-13 6.06e-13  2.29e-01     2s
   8  -7.72413220e+03  9.03788600e+03  4.02e-14 1.69e-13  3.37e-02     2s
   9  -1.28024687e+03  1.49883619e+03  2.05e-14 3.46e-14  5.59e-03     2s
  10  -2.16780337e+02  1.68982398e+02  1.24e-14 4.26e-14  7.76e-04     2s
  11  -4.80043091e+01  2.57321173e+01  2.29e-15 2.84e-14  1.48e-04     2s
  12  -7.99453491e+00  3.22171071e+00  1.27e-15 2.84e-14  2.26e-05     2s
  13  -1.54563153e+00  6.65655547e-01  2.90e-16 1.60e-14  4.45e-06     2s
  14  -4.66330114e-01  3.61477457e-01  1.21e-16 2.84e-14  1.67e-06     2s
  15  -1.86386327e-02  1.87271087e-01  3.62e-17 1.42e-14  4.14e-07     2s
  16   3.85064281e-02  1.68223712e-01  2.52e-17 4.26e-14  2.61e-07     3s
  17   1.05633409e-01  1.43998023e-01  1.61e-17 2.84e-14  7.72e-08     3s
  18   1.21053833e-01  1.38529941e-01  1.03e-17 2.84e-14  3.52e-08     3s
  19   1.32799729e-01  1.34446345e-01  2.72e-17 1.51e-14  3.31e-09     3s
  20   1.33904498e-01  1.34062852e-01  1.20e-17 2.84e-14  3.19e-10     3s
  21   1.34019680e-01  1.34023013e-01  1.89e-17 2.84e-14  6.71e-12     3s
  22   1.34022149e-01  1.34022159e-01  1.25e-16 2.84e-14  2.01e-14     3s
  23   1.34022156e-01  1.34022157e-01  2.29e-15 2.84e-14  2.52e-15     3s
  24   1.34022156e-01  1.34022157e-01  4.53e-15 2.84e-14  7.34e-16     3s
  25   1.34022156e-01  1.34022157e-01  1.16e-15 2.84e-14  1.78e-16     3s
  26   1.34022156e-01  1.34022157e-01  6.20e-16 2.84e-14  6.88e-17     3s

Barrier solved model in 26 iterations and 3.33 seconds (3.07 work units)
Optimal objective 1.34022156e-01

objective value: 0.1340221564946779
Done! Time elapsed: 23.542418479919434 seconds.
g_0_1: 1.000000326767201
g_1_1: 1.00000018739715
g_1_2: 1.000000528293862
g_2_1: 1.0000003242262343
g_2_2: 1.0000009140308397
g_2_3: 1.0000003242262345
g_2_4: 1.0000009140308168
Parameters from last iteration: [0.17400006 0.70700013 0.17400009 0.70700023 0.17400016 0.70700023
 0.17400016]

Parameters from current iteration:
                [0.17400006 0.70700013 0.17400009 0.70700023 0.17400016 0.70700023
 0.17400016]


                Percentage Error = 3.190294362360509e-16
                
year done: 133
Time 134: 2
Optimization Iteration[1/20000]

Solving the optimization problem...
Set parameter TokenServer to value "licenses.rcc.uchicago.edu"
Read LP format model from file /scratch/local/jobs/50183986/tmp5l9cfzg0.pyomo.lp
Reading time = 1.34 seconds
x1: 258121 rows, 502401 columns, 1259970 nonzeros
Set parameter Threads to value 8
Set parameter BarConvTol to value 1e-12
Gurobi Optimizer version 11.0.0 build v11.0.0rc2 (linux64 - "CentOS Linux 8")

CPU model: Intel(R) Xeon(R) Gold 6248R CPU @ 3.00GHz, instruction set [SSE2|AVX|AVX2|AVX512]
Thread count: 48 physical cores, 48 logical processors, using up to 8 threads

Optimize a model with 258121 rows, 502401 columns and 1259970 nonzeros
Model fingerprint: 0xcd482ddc
Model has 3166 quadratic objective terms
Coefficient statistics:
  Matrix range     [1e+00, 1e+03]
  Objective range  [1e-06, 1e+02]
  QObjective range [3e-01, 3e+03]
  Bounds range     [3e-04, 1e+00]
  RHS range        [2e-17, 6e+00]
Presolve removed 131481 rows and 128813 columns
Presolve time: 0.56s
Presolved: 126640 rows, 373588 columns, 743932 nonzeros
Presolved model has 3166 quadratic objective terms
Ordering time: 0.16s

Barrier statistics:
 AA' NZ     : 3.709e+05
 Factor NZ  : 3.905e+06 (roughly 230 MB of memory)
 Factor Ops : 2.623e+08 (less than 1 second per iteration)
 Threads    : 8

                  Objective                Residual
Iter       Primal          Dual         Primal    Dual     Compl     Time
   0  -1.22466045e+09  8.63517425e+08  7.80e+04 1.14e-13  1.00e+06     1s
   1  -5.85742648e+08  5.07976560e+08  1.69e+04 1.44e+02  2.23e+05     1s
   2  -2.82434129e+08  2.81995027e+08  2.13e+02 8.69e-01  3.96e+03     1s
   3  -6.55833255e+07  6.61786494e+07  1.76e+00 1.37e-12  2.85e+02     1s
   4  -1.25708105e+07  1.31966944e+07  1.53e-01 5.28e-12  5.32e+01     1s
   5  -2.28690499e+06  2.53083819e+06  1.14e-02 1.24e-12  9.74e+00     1s
   6  -3.34328914e+05  3.84146519e+05  1.14e-08 3.02e-12  1.45e+00     2s
   7  -5.04631990e+04  6.35330400e+04  1.22e-13 6.86e-13  2.29e-01     2s
   8  -7.72413338e+03  9.03788482e+03  4.01e-14 2.05e-13  3.37e-02     2s
   9  -1.28024805e+03  1.49883501e+03  1.67e-14 3.93e-14  5.59e-03     2s
  10  -2.16781514e+02  1.68981221e+02  8.73e-15 2.84e-14  7.76e-04     2s
  11  -4.80054856e+01  2.57309409e+01  2.46e-15 1.78e-14  1.48e-04     2s
  12  -7.99571136e+00  3.22053425e+00  1.25e-15 2.84e-14  2.26e-05     2s
  13  -1.54680799e+00  6.64479095e-01  3.06e-16 2.04e-14  4.45e-06     2s
  14  -4.67506565e-01  3.60301005e-01  1.23e-16 2.84e-14  1.67e-06     2s
  15  -1.98150842e-02  1.86094636e-01  4.42e-17 1.78e-14  4.14e-07     3s
  16   3.73299766e-02  1.67047260e-01  2.40e-17 4.26e-14  2.61e-07     3s
  17   1.04456958e-01  1.42821572e-01  1.96e-17 2.84e-14  7.72e-08     3s
  18   1.19877381e-01  1.37353489e-01  9.64e-18 2.84e-14  3.52e-08     3s
  19   1.31623277e-01  1.33269893e-01  2.46e-17 2.84e-14  3.31e-09     3s
  20   1.32728047e-01  1.32886400e-01  1.16e-17 2.84e-14  3.19e-10     3s
  21   1.32843229e-01  1.32846562e-01  1.82e-17 2.84e-14  6.71e-12     3s
  22   1.32845698e-01  1.32845708e-01  1.35e-16 4.26e-14  2.01e-14     3s
  23   1.32845704e-01  1.32845705e-01  2.36e-15 1.42e-14  2.51e-15     3s
  24   1.32845705e-01  1.32845705e-01  4.68e-15 2.84e-14  7.30e-16     3s
  25   1.32845705e-01  1.32845705e-01  1.06e-15 1.95e-14  1.77e-16     3s
  26   1.32845705e-01  1.32845705e-01  5.00e-16 2.84e-14  6.83e-17     3s

Barrier solved model in 26 iterations and 3.38 seconds (3.07 work units)
Optimal objective 1.32845705e-01

objective value: 0.13284570506233823
Done! Time elapsed: 25.153625965118408 seconds.
g_0_1: 1.000000326767201
g_1_1: 1.0000001873971502
g_1_2: 1.0000005282938618
g_2_1: 1.0000003242262343
g_2_2: 1.0000009140308395
g_2_3: 1.0000003242262345
g_2_4: 1.0000009140308166
Parameters from last iteration: [0.17400006 0.70700013 0.17400009 0.70700023 0.17400016 0.70700023
 0.17400016]

Parameters from current iteration:
                [0.17400006 0.70700013 0.17400009 0.70700023 0.17400016 0.70700023
 0.17400016]


                Percentage Error = 3.190294362360508e-16
                
year done: 134
Time 135: 2
Optimization Iteration[1/20000]

Solving the optimization problem...
Set parameter TokenServer to value "licenses.rcc.uchicago.edu"
Read LP format model from file /scratch/local/jobs/50183986/tmpqtvjhfy8.pyomo.lp
Reading time = 1.33 seconds
x1: 258121 rows, 502401 columns, 1259970 nonzeros
Set parameter Threads to value 8
Set parameter BarConvTol to value 1e-12
Gurobi Optimizer version 11.0.0 build v11.0.0rc2 (linux64 - "CentOS Linux 8")

CPU model: Intel(R) Xeon(R) Gold 6248R CPU @ 3.00GHz, instruction set [SSE2|AVX|AVX2|AVX512]
Thread count: 48 physical cores, 48 logical processors, using up to 8 threads

Optimize a model with 258121 rows, 502401 columns and 1259970 nonzeros
Model fingerprint: 0x4e0b8b53
Model has 3166 quadratic objective terms
Coefficient statistics:
  Matrix range     [1e+00, 1e+03]
  Objective range  [1e-06, 1e+02]
  QObjective range [3e-01, 3e+03]
  Bounds range     [3e-04, 1e+00]
  RHS range        [2e-17, 6e+00]
Presolve removed 131481 rows and 128813 columns
Presolve time: 0.55s
Presolved: 126640 rows, 373588 columns, 743932 nonzeros
Presolved model has 3166 quadratic objective terms
Ordering time: 0.16s

Barrier statistics:
 AA' NZ     : 3.709e+05
 Factor NZ  : 3.905e+06 (roughly 230 MB of memory)
 Factor Ops : 2.623e+08 (less than 1 second per iteration)
 Threads    : 8

                  Objective                Residual
Iter       Primal          Dual         Primal    Dual     Compl     Time
   0  -1.22466045e+09  8.63517425e+08  7.80e+04 1.14e-13  1.00e+06     1s
   1  -5.85742648e+08  5.07976560e+08  1.69e+04 1.44e+02  2.23e+05     1s
   2  -2.82434129e+08  2.81995027e+08  2.13e+02 8.69e-01  3.96e+03     1s
   3  -6.55833255e+07  6.61786494e+07  1.76e+00 1.39e-12  2.85e+02     1s
   4  -1.25708105e+07  1.31966944e+07  1.53e-01 5.46e-12  5.32e+01     1s
   5  -2.28690499e+06  2.53083818e+06  1.14e-02 1.30e-12  9.74e+00     1s
   6  -3.34328915e+05  3.84146518e+05  1.14e-08 8.64e-13  1.45e+00     2s
   7  -5.04632002e+04  6.35330388e+04  1.12e-13 6.53e-13  2.29e-01     2s
   8  -7.72413450e+03  9.03788370e+03  3.52e-14 2.40e-13  3.37e-02     2s
   9  -1.28024917e+03  1.49883389e+03  1.93e-14 5.68e-14  5.59e-03     2s
  10  -2.16782637e+02  1.68980098e+02  6.93e-15 4.26e-14  7.76e-04     2s
  11  -4.80066091e+01  2.57298174e+01  2.22e-15 2.84e-14  1.48e-04     2s
  12  -7.99683487e+00  3.21941075e+00  1.28e-15 2.84e-14  2.26e-05     2s
  13  -1.54793149e+00  6.63355593e-01  2.61e-16 1.47e-14  4.45e-06     2s
  14  -4.68630068e-01  3.59177503e-01  1.21e-16 2.84e-14  1.67e-06     2s
  15  -2.09385866e-02  1.84971134e-01  3.66e-17 2.84e-14  4.14e-07     2s
  16   3.62064742e-02  1.65923758e-01  2.19e-17 2.84e-14  2.61e-07     3s
  17   1.03333455e-01  1.41698069e-01  1.67e-17 2.84e-14  7.72e-08     3s
  18   1.18753879e-01  1.36229987e-01  1.71e-17 2.84e-14  3.52e-08     3s
  19   1.30499775e-01  1.32146391e-01  1.93e-17 2.84e-14  3.31e-09     3s
  20   1.31604545e-01  1.31762898e-01  1.14e-17 2.84e-14  3.19e-10     3s
  21   1.31719726e-01  1.31723059e-01  1.58e-17 2.84e-14  6.71e-12     3s
  22   1.31722195e-01  1.31722205e-01  1.07e-16 1.78e-14  2.01e-14     3s
  23   1.31722202e-01  1.31722203e-01  2.06e-15 2.84e-14  2.50e-15     3s
  24   1.31722202e-01  1.31722203e-01  4.76e-15 2.84e-14  7.27e-16     3s
  25   1.31722203e-01  1.31722203e-01  1.15e-15 2.84e-14  1.76e-16     3s
  26   1.31722203e-01  1.31722203e-01  6.27e-16 2.84e-14  6.78e-17     3s

Barrier solved model in 26 iterations and 3.32 seconds (3.07 work units)
Optimal objective 1.31722203e-01

objective value: 0.13172220266666815
Done! Time elapsed: 23.50918221473694 seconds.
g_0_1: 1.0000003267672009
g_1_1: 1.0000001873971502
g_1_2: 1.000000528293862
g_2_1: 1.0000003242262343
g_2_2: 1.0000009140308392
g_2_3: 1.0000003242262345
g_2_4: 1.0000009140308168
Parameters from last iteration: [0.17400006 0.70700013 0.17400009 0.70700023 0.17400016 0.70700023
 0.17400016]

Parameters from current iteration:
                [0.17400006 0.70700013 0.17400009 0.70700023 0.17400016 0.70700023
 0.17400016]


                Percentage Error = 3.190295005289668e-16
                
year done: 135
Time 136: 2
Optimization Iteration[1/20000]

Solving the optimization problem...
Set parameter TokenServer to value "licenses.rcc.uchicago.edu"
Read LP format model from file /scratch/local/jobs/50183986/tmpor6e9sgt.pyomo.lp
Reading time = 1.34 seconds
x1: 258121 rows, 502401 columns, 1259970 nonzeros
Set parameter Threads to value 8
Set parameter BarConvTol to value 1e-12
Gurobi Optimizer version 11.0.0 build v11.0.0rc2 (linux64 - "CentOS Linux 8")

CPU model: Intel(R) Xeon(R) Gold 6248R CPU @ 3.00GHz, instruction set [SSE2|AVX|AVX2|AVX512]
Thread count: 48 physical cores, 48 logical processors, using up to 8 threads

Optimize a model with 258121 rows, 502401 columns and 1259970 nonzeros
Model fingerprint: 0x09c8acda
Model has 3166 quadratic objective terms
Coefficient statistics:
  Matrix range     [1e+00, 1e+03]
  Objective range  [1e-06, 1e+02]
  QObjective range [3e-01, 3e+03]
  Bounds range     [3e-04, 1e+00]
  RHS range        [2e-17, 6e+00]
Presolve removed 131481 rows and 128813 columns
Presolve time: 0.55s
Presolved: 126640 rows, 373588 columns, 743932 nonzeros
Presolved model has 3166 quadratic objective terms
Ordering time: 0.15s

Barrier statistics:
 AA' NZ     : 3.709e+05
 Factor NZ  : 3.905e+06 (roughly 230 MB of memory)
 Factor Ops : 2.623e+08 (less than 1 second per iteration)
 Threads    : 8

                  Objective                Residual
Iter       Primal          Dual         Primal    Dual     Compl     Time
   0  -1.22466045e+09  8.63517425e+08  7.80e+04 1.14e-13  1.00e+06     1s
   1  -5.85742648e+08  5.07976560e+08  1.69e+04 1.44e+02  2.23e+05     1s
   2  -2.82434129e+08  2.81995027e+08  2.13e+02 8.69e-01  3.96e+03     1s
   3  -6.55833255e+07  6.61786494e+07  1.76e+00 1.46e-12  2.85e+02     1s
   4  -1.25708105e+07  1.31966944e+07  1.53e-01 3.34e-12  5.32e+01     1s
   5  -2.28690499e+06  2.53083818e+06  1.14e-02 1.19e-12  9.74e+00     1s
   6  -3.34328916e+05  3.84146517e+05  1.14e-08 7.85e-13  1.45e+00     2s
   7  -5.04632012e+04  6.35330378e+04  1.20e-13 6.72e-13  2.29e-01     2s
   8  -7.72413557e+03  9.03788262e+03  4.18e-14 1.95e-13  3.37e-02     2s
   9  -1.28025024e+03  1.49883281e+03  1.95e-14 2.84e-14  5.59e-03     2s
  10  -2.16783710e+02  1.68979025e+02  7.92e-15 2.93e-14  7.76e-04     2s
  11  -4.80076820e+01  2.57287444e+01  2.16e-15 5.68e-14  1.48e-04     2s
  12  -7.99790780e+00  3.21833782e+00  1.49e-15 2.84e-14  2.26e-05     2s
  13  -1.54900442e+00  6.62282656e-01  2.76e-16 2.84e-14  4.45e-06     2s
  14  -4.69703004e-01  3.58104567e-01  1.23e-16 2.84e-14  1.67e-06     2s
  15  -2.20115230e-02  1.83898197e-01  4.14e-17 1.51e-14  4.14e-07     2s
  16   3.51335378e-02  1.64850822e-01  3.85e-17 2.84e-14  2.61e-07     3s
  17   1.02260519e-01  1.40625133e-01  1.66e-17 2.84e-14  7.72e-08     3s
  18   1.17680943e-01  1.35157051e-01  1.53e-17 2.84e-14  3.52e-08     3s
  19   1.29426838e-01  1.31073455e-01  2.65e-17 2.84e-14  3.31e-09     3s
  20   1.30531608e-01  1.30689962e-01  1.09e-17 2.13e-14  3.19e-10     3s
  21   1.30646790e-01  1.30650123e-01  2.74e-17 2.84e-14  6.71e-12     3s
  22   1.30649259e-01  1.30649269e-01  9.80e-17 2.13e-14  2.01e-14     3s
  23   1.30649265e-01  1.30649267e-01  2.16e-15 2.84e-14  2.48e-15     3s
  24   1.30649266e-01  1.30649266e-01  3.81e-15 2.84e-14  7.24e-16     3s
  25   1.30649266e-01  1.30649266e-01  9.86e-16 2.84e-14  1.75e-16     3s
  26   1.30649266e-01  1.30649266e-01  5.41e-16 2.84e-14  6.73e-17     3s

Barrier solved model in 26 iterations and 3.38 seconds (3.07 work units)
Optimal objective 1.30649266e-01

objective value: 0.13064926620845763
Done! Time elapsed: 23.551849603652954 seconds.
g_0_1: 1.0000003267672006
g_1_1: 1.0000001873971502
g_1_2: 1.0000005282938615
g_2_1: 1.0000003242262343
g_2_2: 1.000000914030839
g_2_3: 1.0000003242262345
g_2_4: 1.0000009140308166
Parameters from last iteration: [0.17400006 0.70700013 0.17400009 0.70700023 0.17400016 0.70700023
 0.17400016]

Parameters from current iteration:
                [0.17400006 0.70700013 0.17400009 0.70700023 0.17400016 0.70700023
 0.17400016]


                Percentage Error = 4.785441543540762e-16
                
year done: 136
Time 137: 2
Optimization Iteration[1/20000]

Solving the optimization problem...
Set parameter TokenServer to value "licenses.rcc.uchicago.edu"
Read LP format model from file /scratch/local/jobs/50183986/tmp3eux8hwy.pyomo.lp
Reading time = 1.32 seconds
x1: 258121 rows, 502401 columns, 1259970 nonzeros
Set parameter Threads to value 8
Set parameter BarConvTol to value 1e-12
Gurobi Optimizer version 11.0.0 build v11.0.0rc2 (linux64 - "CentOS Linux 8")

CPU model: Intel(R) Xeon(R) Gold 6248R CPU @ 3.00GHz, instruction set [SSE2|AVX|AVX2|AVX512]
Thread count: 48 physical cores, 48 logical processors, using up to 8 threads

Optimize a model with 258121 rows, 502401 columns and 1259970 nonzeros
Model fingerprint: 0x4d258617
Model has 3166 quadratic objective terms
Coefficient statistics:
  Matrix range     [1e+00, 1e+03]
  Objective range  [1e-06, 1e+02]
  QObjective range [3e-01, 3e+03]
  Bounds range     [3e-04, 1e+00]
  RHS range        [2e-17, 6e+00]
Presolve removed 131481 rows and 128813 columns
Presolve time: 0.54s
Presolved: 126640 rows, 373588 columns, 743932 nonzeros
Presolved model has 3166 quadratic objective terms
Ordering time: 0.15s

Barrier statistics:
 AA' NZ     : 3.709e+05
 Factor NZ  : 3.905e+06 (roughly 230 MB of memory)
 Factor Ops : 2.623e+08 (less than 1 second per iteration)
 Threads    : 8

                  Objective                Residual
Iter       Primal          Dual         Primal    Dual     Compl     Time
   0  -1.22466045e+09  8.63517425e+08  7.80e+04 1.14e-13  1.00e+06     1s
   1  -5.85742648e+08  5.07976560e+08  1.69e+04 1.44e+02  2.23e+05     1s
   2  -2.82434129e+08  2.81995027e+08  2.13e+02 8.69e-01  3.96e+03     1s
   3  -6.55833255e+07  6.61786494e+07  1.76e+00 1.66e-12  2.85e+02     1s
   4  -1.25708105e+07  1.31966944e+07  1.53e-01 3.85e-12  5.32e+01     1s
   5  -2.28690499e+06  2.53083818e+06  1.14e-02 1.23e-12  9.74e+00     1s
   6  -3.34328917e+05  3.84146516e+05  1.14e-08 2.34e-12  1.45e+00     2s
   7  -5.04632023e+04  6.35330368e+04  1.12e-13 6.74e-13  2.29e-01     2s
   8  -7.72413660e+03  9.03788160e+03  4.60e-14 1.80e-13  3.37e-02     2s
   9  -1.28025127e+03  1.49883179e+03  1.86e-14 5.68e-14  5.59e-03     2s
  10  -2.16784735e+02  1.68978000e+02  6.60e-15 2.84e-14  7.76e-04     2s
  11  -4.80087067e+01  2.57277198e+01  1.94e-15 2.84e-14  1.48e-04     2s
  12  -7.99893245e+00  3.21731317e+00  1.19e-15 2.84e-14  2.26e-05     2s
  13  -1.55002907e+00  6.61258010e-01  2.43e-16 2.84e-14  4.45e-06     2s
  14  -4.70727650e-01  3.57079920e-01  1.68e-16 4.26e-14  1.67e-06     2s
  15  -2.30361694e-02  1.82873551e-01  4.29e-17 2.84e-14  4.14e-07     2s
  16   3.41088914e-02  1.63826175e-01  2.31e-17 2.84e-14  2.61e-07     3s
  17   1.01235872e-01  1.39600486e-01  1.67e-17 2.84e-14  7.72e-08     3s
  18   1.16656296e-01  1.34132404e-01  1.49e-17 1.87e-14  3.52e-08     3s
  19   1.28402192e-01  1.30048808e-01  2.38e-17 2.84e-14  3.31e-09     3s
  20   1.29506962e-01  1.29665315e-01  1.10e-17 2.84e-14  3.19e-10     3s
  21   1.29622144e-01  1.29625476e-01  1.83e-17 4.26e-14  6.71e-12     3s
  22   1.29624612e-01  1.29624622e-01  9.78e-17 2.84e-14  2.01e-14     3s
  23   1.29624619e-01  1.29624620e-01  2.35e-15 2.84e-14  2.47e-15     3s
  24   1.29624620e-01  1.29624620e-01  4.00e-15 2.84e-14  7.21e-16     3s
  25   1.29624620e-01  1.29624620e-01  9.72e-16 2.84e-14  1.74e-16     3s
  26   1.29624620e-01  1.29624620e-01  4.99e-16 1.42e-14  6.69e-17     3s

Barrier solved model in 26 iterations and 3.29 seconds (3.07 work units)
Optimal objective 1.29624620e-01

objective value: 0.12962461984562354
Done! Time elapsed: 23.49948501586914 seconds.
g_0_1: 1.0000003267672009
g_1_1: 1.0000001873971502
g_1_2: 1.0000005282938618
g_2_1: 1.0000003242262343
g_2_2: 1.000000914030839
g_2_3: 1.0000003242262345
g_2_4: 1.0000009140308168
Parameters from last iteration: [0.17400006 0.70700013 0.17400009 0.70700023 0.17400016 0.70700023
 0.17400016]

Parameters from current iteration:
                [0.17400006 0.70700013 0.17400009 0.70700023 0.17400016 0.70700023
 0.17400016]


                Percentage Error = 3.1902931317472013e-16
                
year done: 137
Time 138: 2
Optimization Iteration[1/20000]

Solving the optimization problem...
Set parameter TokenServer to value "licenses.rcc.uchicago.edu"
Read LP format model from file /scratch/local/jobs/50183986/tmpj71wbjlz.pyomo.lp
Reading time = 1.34 seconds
x1: 258121 rows, 502401 columns, 1259970 nonzeros
Set parameter Threads to value 8
Set parameter BarConvTol to value 1e-12
Gurobi Optimizer version 11.0.0 build v11.0.0rc2 (linux64 - "CentOS Linux 8")

CPU model: Intel(R) Xeon(R) Gold 6248R CPU @ 3.00GHz, instruction set [SSE2|AVX|AVX2|AVX512]
Thread count: 48 physical cores, 48 logical processors, using up to 8 threads

Optimize a model with 258121 rows, 502401 columns and 1259970 nonzeros
Model fingerprint: 0x9a64818a
Model has 3166 quadratic objective terms
Coefficient statistics:
  Matrix range     [1e+00, 1e+03]
  Objective range  [1e-06, 1e+02]
  QObjective range [3e-01, 3e+03]
  Bounds range     [3e-04, 1e+00]
  RHS range        [2e-17, 6e+00]
Presolve removed 131481 rows and 128813 columns
Presolve time: 0.55s
Presolved: 126640 rows, 373588 columns, 743932 nonzeros
Presolved model has 3166 quadratic objective terms
Ordering time: 0.15s

Barrier statistics:
 AA' NZ     : 3.709e+05
 Factor NZ  : 3.905e+06 (roughly 230 MB of memory)
 Factor Ops : 2.623e+08 (less than 1 second per iteration)
 Threads    : 8

                  Objective                Residual
Iter       Primal          Dual         Primal    Dual     Compl     Time
   0  -1.22466045e+09  8.63517425e+08  7.80e+04 1.14e-13  1.00e+06     1s
   1  -5.85742648e+08  5.07976560e+08  1.69e+04 1.44e+02  2.23e+05     1s
   2  -2.82434129e+08  2.81995027e+08  2.13e+02 8.69e-01  3.96e+03     1s
   3  -6.55833255e+07  6.61786494e+07  1.76e+00 1.46e-12  2.85e+02     1s
   4  -1.25708105e+07  1.31966944e+07  1.53e-01 3.74e-12  5.32e+01     1s
   5  -2.28690499e+06  2.53083818e+06  1.14e-02 1.23e-12  9.74e+00     1s
   6  -3.34328918e+05  3.84146515e+05  1.14e-08 9.88e-13  1.45e+00     2s
   7  -5.04632032e+04  6.35330358e+04  1.17e-13 6.10e-13  2.29e-01     2s
   8  -7.72413758e+03  9.03788062e+03  4.41e-14 2.04e-13  3.37e-02     2s
   9  -1.28025224e+03  1.49883081e+03  1.89e-14 4.26e-14  5.59e-03     2s
  10  -2.16785713e+02  1.68977021e+02  1.13e-14 4.26e-14  7.76e-04     2s
  11  -4.80096852e+01  2.57267412e+01  2.31e-15 3.02e-14  1.48e-04     2s
  12  -7.99991098e+00  3.21633464e+00  1.22e-15 2.84e-14  2.26e-05     2s
  13  -1.55100760e+00  6.60279480e-01  2.69e-16 1.69e-14  4.45e-06     2s
  14  -4.71706180e-01  3.56101390e-01  1.16e-16 2.84e-14  1.67e-06     2s
  15  -2.40146991e-02  1.81895021e-01  4.10e-17 2.84e-14  4.14e-07     2s
  16   3.31303617e-02  1.62847646e-01  2.25e-17 2.84e-14  2.61e-07     3s
  17   1.00257343e-01  1.38621957e-01  1.66e-17 2.84e-14  7.72e-08     3s
  18   1.15677767e-01  1.33153875e-01  9.69e-18 2.84e-14  3.52e-08     3s
  19   1.27423662e-01  1.29070278e-01  3.50e-17 2.84e-14  3.31e-09     3s
  20   1.28528432e-01  1.28686786e-01  1.24e-17 2.84e-14  3.19e-10     3s
  21   1.28643614e-01  1.28646947e-01  1.69e-17 2.84e-14  6.71e-12     3s
  22   1.28646083e-01  1.28646093e-01  1.03e-16 2.84e-14  2.01e-14     3s
  23   1.28646089e-01  1.28646091e-01  2.59e-15 2.84e-14  2.45e-15     3s
  24   1.28646090e-01  1.28646090e-01  4.21e-15 2.84e-14  7.18e-16     3s
  25   1.28646090e-01  1.28646090e-01  9.97e-16 2.84e-14  1.73e-16     3s
  26   1.28646090e-01  1.28646090e-01  5.94e-16 2.84e-14  6.64e-17     3s

Barrier solved model in 26 iterations and 3.31 seconds (3.07 work units)
Optimal objective 1.28646090e-01

objective value: 0.1286460901658476
Done! Time elapsed: 23.61149263381958 seconds.
g_0_1: 1.0000003267672009
g_1_1: 1.0000001873971502
g_1_2: 1.0000005282938618
g_2_1: 1.0000003242262343
g_2_2: 1.0000009140308388
g_2_3: 1.0000003242262347
g_2_4: 1.0000009140308166
Parameters from last iteration: [0.17400006 0.70700013 0.17400009 0.70700023 0.17400016 0.70700023
 0.17400016]

Parameters from current iteration:
                [0.17400006 0.70700013 0.17400009 0.70700023 0.17400016 0.70700023
 0.17400016]


                Percentage Error = 3.1902931317472003e-16
                
year done: 138
Time 139: 2
Optimization Iteration[1/20000]

Solving the optimization problem...
Set parameter TokenServer to value "licenses.rcc.uchicago.edu"
Read LP format model from file /scratch/local/jobs/50183986/tmpo3bma3zj.pyomo.lp
Reading time = 1.34 seconds
x1: 258121 rows, 502401 columns, 1259970 nonzeros
Set parameter Threads to value 8
Set parameter BarConvTol to value 1e-12
Gurobi Optimizer version 11.0.0 build v11.0.0rc2 (linux64 - "CentOS Linux 8")

CPU model: Intel(R) Xeon(R) Gold 6248R CPU @ 3.00GHz, instruction set [SSE2|AVX|AVX2|AVX512]
Thread count: 48 physical cores, 48 logical processors, using up to 8 threads

Optimize a model with 258121 rows, 502401 columns and 1259970 nonzeros
Model fingerprint: 0x84cf3eae
Model has 3166 quadratic objective terms
Coefficient statistics:
  Matrix range     [1e+00, 1e+03]
  Objective range  [1e-06, 1e+02]
  QObjective range [3e-01, 3e+03]
  Bounds range     [3e-04, 1e+00]
  RHS range        [2e-17, 6e+00]
Presolve removed 131481 rows and 128813 columns
Presolve time: 0.55s
Presolved: 126640 rows, 373588 columns, 743932 nonzeros
Presolved model has 3166 quadratic objective terms
Ordering time: 0.15s

Barrier statistics:
 AA' NZ     : 3.709e+05
 Factor NZ  : 3.905e+06 (roughly 230 MB of memory)
 Factor Ops : 2.623e+08 (less than 1 second per iteration)
 Threads    : 8

                  Objective                Residual
Iter       Primal          Dual         Primal    Dual     Compl     Time
   0  -1.22466045e+09  8.63517425e+08  7.80e+04 1.14e-13  1.00e+06     1s
   1  -5.85742648e+08  5.07976560e+08  1.69e+04 1.44e+02  2.23e+05     1s
   2  -2.82434129e+08  2.81995027e+08  2.13e+02 8.69e-01  3.96e+03     1s
   3  -6.55833255e+07  6.61786494e+07  1.76e+00 1.42e-12  2.85e+02     1s
   4  -1.25708105e+07  1.31966944e+07  1.53e-01 3.41e-12  5.32e+01     1s
   5  -2.28690499e+06  2.53083818e+06  1.14e-02 1.46e-12  9.74e+00     1s
   6  -3.34328919e+05  3.84146514e+05  1.14e-08 2.11e-12  1.45e+00     2s
   7  -5.04632042e+04  6.35330348e+04  1.21e-13 6.43e-13  2.29e-01     2s
   8  -7.72413851e+03  9.03787969e+03  4.70e-14 1.65e-13  3.37e-02     2s
   9  -1.28025318e+03  1.49882988e+03  1.40e-14 2.84e-14  5.59e-03     2s
  10  -2.16786648e+02  1.68976087e+02  9.50e-15 2.84e-14  7.76e-04     2s
  11  -4.80106197e+01  2.57258068e+01  2.30e-15 2.84e-14  1.48e-04     2s
  12  -8.00084547e+00  3.21540015e+00  1.45e-15 2.84e-14  2.26e-05     2s
  13  -1.55194209e+00  6.59344992e-01  2.90e-16 2.84e-14  4.45e-06     2s
  14  -4.72640669e-01  3.55166902e-01  1.46e-16 2.84e-14  1.67e-06     2s
  15  -2.49491876e-02  1.80960532e-01  4.29e-17 2.40e-14  4.14e-07     2s
  16   3.21958731e-02  1.61913157e-01  3.72e-17 2.84e-14  2.61e-07     3s
  17   9.93228541e-02  1.37687468e-01  1.41e-17 2.84e-14  7.72e-08     3s
  18   1.14743278e-01  1.32219386e-01  1.09e-17 2.84e-14  3.52e-08     3s
  19   1.26489174e-01  1.28135790e-01  2.26e-17 2.84e-14  3.31e-09     3s
  20   1.27593943e-01  1.27752297e-01  1.16e-17 5.68e-14  3.19e-10     3s
  21   1.27709125e-01  1.27712458e-01  2.03e-17 2.84e-14  6.71e-12     3s
  22   1.27711594e-01  1.27711604e-01  1.10e-16 2.84e-14  2.01e-14     3s
  23   1.27711601e-01  1.27711602e-01  3.59e-15 2.84e-14  2.44e-15     3s
  24   1.27711601e-01  1.27711602e-01  4.70e-15 2.84e-14  7.15e-16     3s
  25   1.27711602e-01  1.27711602e-01  1.10e-15 2.84e-14  1.72e-16     3s
  26   1.27711602e-01  1.27711602e-01  5.12e-16 2.84e-14  6.59e-17     3s

Barrier solved model in 26 iterations and 3.31 seconds (3.07 work units)
Optimal objective 1.27711602e-01

objective value: 0.1277116015764909
Done! Time elapsed: 24.89767837524414 seconds.
g_0_1: 1.0000003267672009
g_1_1: 1.0000001873971502
g_1_2: 1.0000005282938618
g_2_1: 1.0000003242262343
g_2_2: 1.0000009140308386
g_2_3: 1.0000003242262345
g_2_4: 1.0000009140308168
Parameters from last iteration: [0.17400006 0.70700013 0.17400009 0.70700023 0.17400016 0.70700023
 0.17400016]

Parameters from current iteration:
                [0.17400006 0.70700013 0.17400009 0.70700023 0.17400016 0.70700023
 0.17400016]


                Percentage Error = 3.1902931317472013e-16
                
year done: 139
Time 140: 2
Optimization Iteration[1/20000]

Solving the optimization problem...
Set parameter TokenServer to value "licenses.rcc.uchicago.edu"
Read LP format model from file /scratch/local/jobs/50183986/tmprlo5w41d.pyomo.lp
Reading time = 1.34 seconds
x1: 258121 rows, 502401 columns, 1259970 nonzeros
Set parameter Threads to value 8
Set parameter BarConvTol to value 1e-12
Gurobi Optimizer version 11.0.0 build v11.0.0rc2 (linux64 - "CentOS Linux 8")

CPU model: Intel(R) Xeon(R) Gold 6248R CPU @ 3.00GHz, instruction set [SSE2|AVX|AVX2|AVX512]
Thread count: 48 physical cores, 48 logical processors, using up to 8 threads

Optimize a model with 258121 rows, 502401 columns and 1259970 nonzeros
Model fingerprint: 0xc6b7dde3
Model has 3166 quadratic objective terms
Coefficient statistics:
  Matrix range     [1e+00, 1e+03]
  Objective range  [1e-06, 1e+02]
  QObjective range [3e-01, 3e+03]
  Bounds range     [3e-04, 1e+00]
  RHS range        [2e-17, 6e+00]
Presolve removed 131481 rows and 128813 columns
Presolve time: 0.55s
Presolved: 126640 rows, 373588 columns, 743932 nonzeros
Presolved model has 3166 quadratic objective terms
Ordering time: 0.15s

Barrier statistics:
 AA' NZ     : 3.709e+05
 Factor NZ  : 3.905e+06 (roughly 230 MB of memory)
 Factor Ops : 2.623e+08 (less than 1 second per iteration)
 Threads    : 8

                  Objective                Residual
Iter       Primal          Dual         Primal    Dual     Compl     Time
   0  -1.22466045e+09  8.63517425e+08  7.80e+04 1.14e-13  1.00e+06     1s
   1  -5.85742648e+08  5.07976560e+08  1.69e+04 1.44e+02  2.23e+05     1s
   2  -2.82434129e+08  2.81995027e+08  2.13e+02 8.69e-01  3.96e+03     1s
   3  -6.55833255e+07  6.61786494e+07  1.76e+00 1.40e-12  2.85e+02     1s
   4  -1.25708105e+07  1.31966944e+07  1.53e-01 3.91e-12  5.32e+01     1s
   5  -2.28690499e+06  2.53083818e+06  1.14e-02 1.31e-12  9.74e+00     1s
   6  -3.34328920e+05  3.84146513e+05  1.14e-08 1.02e-12  1.45e+00     2s
   7  -5.04632051e+04  6.35330339e+04  1.01e-13 6.79e-13  2.29e-01     2s
   8  -7.72413940e+03  9.03787879e+03  4.27e-14 1.69e-13  3.37e-02     2s
   9  -1.28025407e+03  1.49882898e+03  2.28e-14 4.88e-14  5.59e-03     2s
  10  -2.16787540e+02  1.68975195e+02  8.84e-15 4.26e-14  7.76e-04     2s
  11  -4.80115121e+01  2.57249143e+01  2.56e-15 2.13e-14  1.48e-04     2s
  12  -8.00173790e+00  3.21450772e+00  1.29e-15 2.84e-14  2.26e-05     2s
  13  -1.55283452e+00  6.58452562e-01  3.07e-16 1.95e-14  4.45e-06     2s
  14  -4.73533098e-01  3.54274472e-01  1.09e-16 5.68e-14  1.67e-06     2s
  15  -2.58416173e-02  1.80068103e-01  4.34e-17 2.84e-14  4.14e-07     2s
  16   3.13034435e-02  1.61020727e-01  3.08e-17 1.95e-14  2.61e-07     3s
  17   9.84304244e-02  1.36795038e-01  1.77e-17 2.84e-14  7.72e-08     3s
  18   1.13850848e-01  1.31326956e-01  2.74e-17 5.68e-14  3.52e-08     3s
  19   1.25596744e-01  1.27243360e-01  2.54e-17 4.26e-14  3.31e-09     3s
  20   1.26701514e-01  1.26859867e-01  1.27e-17 2.84e-14  3.19e-10     3s
  21   1.26816696e-01  1.26820029e-01  1.31e-17 2.84e-14  6.71e-12     3s
  22   1.26819165e-01  1.26819175e-01  1.19e-16 2.84e-14  2.01e-14     3s
  23   1.26819171e-01  1.26819172e-01  3.12e-15 2.84e-14  2.42e-15     3s
  24   1.26819172e-01  1.26819172e-01  4.27e-15 2.84e-14  7.12e-16     3s
  25   1.26819172e-01  1.26819172e-01  1.02e-15 1.69e-14  1.72e-16     3s
  26   1.26819172e-01  1.26819172e-01  5.02e-16 2.84e-14  6.55e-17     3s

Barrier solved model in 26 iterations and 3.32 seconds (3.07 work units)
Optimal objective 1.26819172e-01

objective value: 0.12681917190195297
Done! Time elapsed: 23.617483615875244 seconds.
g_0_1: 1.0000003267672009
g_1_1: 1.0000001873971505
g_1_2: 1.0000005282938618
g_2_1: 1.0000003242262343
g_2_2: 1.0000009140308384
g_2_3: 1.0000003242262345
g_2_4: 1.0000009140308168
Parameters from last iteration: [0.17400006 0.70700013 0.17400009 0.70700023 0.17400016 0.70700023
 0.17400016]

Parameters from current iteration:
                [0.17400006 0.70700013 0.17400009 0.70700023 0.17400016 0.70700023
 0.17400016]


                Percentage Error = 1.5951465658735654e-16
                
year done: 140
Time 141: 2
Optimization Iteration[1/20000]

Solving the optimization problem...
Set parameter TokenServer to value "licenses.rcc.uchicago.edu"
Read LP format model from file /scratch/local/jobs/50183986/tmpcek_z6sn.pyomo.lp
Reading time = 1.35 seconds
x1: 258121 rows, 502401 columns, 1259970 nonzeros
Set parameter Threads to value 8
Set parameter BarConvTol to value 1e-12
Gurobi Optimizer version 11.0.0 build v11.0.0rc2 (linux64 - "CentOS Linux 8")

CPU model: Intel(R) Xeon(R) Gold 6248R CPU @ 3.00GHz, instruction set [SSE2|AVX|AVX2|AVX512]
Thread count: 48 physical cores, 48 logical processors, using up to 8 threads

Optimize a model with 258121 rows, 502401 columns and 1259970 nonzeros
Model fingerprint: 0xc76e5de5
Model has 3166 quadratic objective terms
Coefficient statistics:
  Matrix range     [1e+00, 1e+03]
  Objective range  [1e-06, 1e+02]
  QObjective range [3e-01, 3e+03]
  Bounds range     [3e-04, 1e+00]
  RHS range        [2e-17, 6e+00]
Presolve removed 131481 rows and 128813 columns
Presolve time: 0.54s
Presolved: 126640 rows, 373588 columns, 743932 nonzeros
Presolved model has 3166 quadratic objective terms
Ordering time: 0.15s

Barrier statistics:
 AA' NZ     : 3.709e+05
 Factor NZ  : 3.905e+06 (roughly 230 MB of memory)
 Factor Ops : 2.623e+08 (less than 1 second per iteration)
 Threads    : 8

                  Objective                Residual
Iter       Primal          Dual         Primal    Dual     Compl     Time
   0  -1.22466045e+09  8.63517425e+08  7.80e+04 1.14e-13  1.00e+06     1s
   1  -5.85742648e+08  5.07976560e+08  1.69e+04 1.44e+02  2.23e+05     1s
   2  -2.82434129e+08  2.81995027e+08  2.13e+02 8.69e-01  3.96e+03     1s
   3  -6.55833255e+07  6.61786494e+07  1.76e+00 1.70e-12  2.85e+02     1s
   4  -1.25708105e+07  1.31966944e+07  1.53e-01 3.21e-12  5.32e+01     1s
   5  -2.28690499e+06  2.53083818e+06  1.14e-02 1.24e-12  9.74e+00     1s
   6  -3.34328921e+05  3.84146513e+05  1.14e-08 1.08e-12  1.45e+00     2s
   7  -5.04632059e+04  6.35330331e+04  1.02e-13 6.62e-13  2.29e-01     2s
   8  -7.72414026e+03  9.03787794e+03  4.80e-14 1.73e-13  3.37e-02     2s
   9  -1.28025492e+03  1.49882813e+03  1.99e-14 4.26e-14  5.59e-03     2s
  10  -2.16788393e+02  1.68974342e+02  8.10e-15 2.84e-14  7.76e-04     2s
  11  -4.80123644e+01  2.57240621e+01  2.43e-15 2.84e-14  1.48e-04     2s
  12  -8.00259016e+00  3.21365546e+00  1.25e-15 2.84e-14  2.26e-05     2s
  13  -1.55368678e+00  6.57600298e-01  3.04e-16 2.84e-14  4.45e-06     2s
  14  -4.74385362e-01  3.53422208e-01  1.17e-16 2.84e-14  1.67e-06     2s
  15  -2.66938810e-02  1.79215839e-01  4.75e-17 2.84e-14  4.14e-07     2s
  16   3.04511797e-02  1.60168464e-01  2.28e-17 2.84e-14  2.61e-07     3s
  17   9.75781607e-02  1.35942775e-01  1.97e-17 2.84e-14  7.72e-08     3s
  18   1.12998585e-01  1.30474693e-01  1.19e-17 2.13e-14  3.52e-08     3s
  19   1.24744480e-01  1.26391096e-01  2.75e-17 2.84e-14  3.31e-09     3s
  20   1.25849250e-01  1.26007604e-01  1.49e-17 1.55e-14  3.19e-10     3s
  21   1.25964432e-01  1.25967765e-01  2.87e-17 2.84e-14  6.71e-12     3s
  22   1.25966901e-01  1.25966911e-01  8.61e-17 2.84e-14  2.01e-14     3s
  23   1.25966907e-01  1.25966909e-01  3.42e-15 2.84e-14  2.41e-15     3s
  24   1.25966908e-01  1.25966908e-01  3.67e-15 2.84e-14  7.09e-16     3s
  25   1.25966908e-01  1.25966908e-01  9.94e-16 2.84e-14  1.71e-16     3s
  26   1.25966908e-01  1.25966908e-01  5.69e-16 2.13e-14  6.50e-17     3s

Barrier solved model in 26 iterations and 3.30 seconds (3.07 work units)
Optimal objective 1.25966908e-01

objective value: 0.12596690817924813
Done! Time elapsed: 23.506626844406128 seconds.
g_0_1: 1.0000003267672009
g_1_1: 1.0000001873971502
g_1_2: 1.0000005282938618
g_2_1: 1.0000003242262343
g_2_2: 1.0000009140308384
g_2_3: 1.0000003242262345
g_2_4: 1.0000009140308166
Parameters from last iteration: [0.17400006 0.70700013 0.17400009 0.70700023 0.17400016 0.70700023
 0.17400016]

Parameters from current iteration:
                [0.17400006 0.70700013 0.17400009 0.70700023 0.17400016 0.70700023
 0.17400016]


                Percentage Error = 3.1902931317472003e-16
                
year done: 141
Time 142: 2
Optimization Iteration[1/20000]

Solving the optimization problem...
Set parameter TokenServer to value "licenses.rcc.uchicago.edu"
Read LP format model from file /scratch/local/jobs/50183986/tmpprjmfygq.pyomo.lp
Reading time = 1.33 seconds
x1: 258121 rows, 502401 columns, 1259970 nonzeros
Set parameter Threads to value 8
Set parameter BarConvTol to value 1e-12
Gurobi Optimizer version 11.0.0 build v11.0.0rc2 (linux64 - "CentOS Linux 8")

CPU model: Intel(R) Xeon(R) Gold 6248R CPU @ 3.00GHz, instruction set [SSE2|AVX|AVX2|AVX512]
Thread count: 48 physical cores, 48 logical processors, using up to 8 threads

Optimize a model with 258121 rows, 502401 columns and 1259970 nonzeros
Model fingerprint: 0x60fe5eb1
Model has 3166 quadratic objective terms
Coefficient statistics:
  Matrix range     [1e+00, 1e+03]
  Objective range  [1e-06, 1e+02]
  QObjective range [3e-01, 3e+03]
  Bounds range     [3e-04, 1e+00]
  RHS range        [2e-17, 6e+00]
Presolve removed 131481 rows and 128813 columns
Presolve time: 0.54s
Presolved: 126640 rows, 373588 columns, 743932 nonzeros
Presolved model has 3166 quadratic objective terms
Ordering time: 0.16s

Barrier statistics:
 AA' NZ     : 3.709e+05
 Factor NZ  : 3.905e+06 (roughly 230 MB of memory)
 Factor Ops : 2.623e+08 (less than 1 second per iteration)
 Threads    : 8

                  Objective                Residual
Iter       Primal          Dual         Primal    Dual     Compl     Time
   0  -1.22466045e+09  8.63517425e+08  7.80e+04 1.14e-13  1.00e+06     1s
   1  -5.85742648e+08  5.07976560e+08  1.69e+04 1.44e+02  2.23e+05     1s
   2  -2.82434129e+08  2.81995027e+08  2.13e+02 8.69e-01  3.96e+03     1s
   3  -6.55833255e+07  6.61786494e+07  1.76e+00 1.47e-12  2.85e+02     1s
   4  -1.25708105e+07  1.31966944e+07  1.53e-01 4.86e-12  5.32e+01     1s
   5  -2.28690500e+06  2.53083818e+06  1.14e-02 1.24e-12  9.74e+00     1s
   6  -3.34328922e+05  3.84146512e+05  1.14e-08 1.00e-12  1.45e+00     2s
   7  -5.04632067e+04  6.35330323e+04  1.12e-13 6.59e-13  2.29e-01     2s
   8  -7.72414107e+03  9.03787713e+03  4.76e-14 1.54e-13  3.37e-02     2s
   9  -1.28025574e+03  1.49882732e+03  2.02e-14 4.26e-14  5.59e-03     2s
  10  -2.16789206e+02  1.68973528e+02  8.25e-15 2.84e-14  7.76e-04     2s
  11  -4.80131783e+01  2.57232482e+01  1.78e-15 2.84e-14  1.48e-04     2s
  12  -8.00340407e+00  3.21284155e+00  1.20e-15 2.84e-14  2.26e-05     2s
  13  -1.55450069e+00  6.56786393e-01  2.64e-16 2.84e-14  4.45e-06     2s
  14  -4.75199268e-01  3.52608303e-01  1.31e-16 1.95e-14  1.67e-06     2s
  15  -2.75077866e-02  1.78401933e-01  3.97e-17 2.84e-14  4.14e-07     2s
  16   2.96372742e-02  1.59354558e-01  2.47e-17 2.04e-14  2.61e-07     3s
  17   9.67642552e-02  1.35128869e-01  1.91e-17 2.84e-14  7.72e-08     3s
  18   1.12184679e-01  1.29660787e-01  1.09e-17 2.84e-14  3.52e-08     3s
  19   1.23930575e-01  1.25577191e-01  2.96e-17 4.26e-14  3.31e-09     3s
  20   1.25035345e-01  1.25193698e-01  1.47e-17 2.49e-14  3.19e-10     3s
  21   1.25150526e-01  1.25153859e-01  1.94e-17 2.84e-14  6.71e-12     3s
  22   1.25152995e-01  1.25153005e-01  1.08e-16 2.84e-14  2.01e-14     3s
  23   1.25153002e-01  1.25153003e-01  2.36e-15 2.84e-14  2.40e-15     3s
  24   1.25153002e-01  1.25153003e-01  3.80e-15 2.84e-14  7.05e-16     3s
  25   1.25153003e-01  1.25153003e-01  1.05e-15 2.84e-14  1.70e-16     3s
  26   1.25153003e-01  1.25153003e-01  5.82e-16 2.84e-14  6.46e-17     3s

Barrier solved model in 26 iterations and 3.29 seconds (3.07 work units)
Optimal objective 1.25153003e-01

objective value: 0.125153002642755
Done! Time elapsed: 23.461294889450073 seconds.
g_0_1: 1.0000003267672009
g_1_1: 1.0000001873971502
g_1_2: 1.0000005282938618
g_2_1: 1.0000003242262343
g_2_2: 1.0000009140308381
g_2_3: 1.0000003242262345
g_2_4: 1.0000009140308166
Parameters from last iteration: [0.17400006 0.70700013 0.17400009 0.70700023 0.17400016 0.70700023
 0.17400016]

Parameters from current iteration:
                [0.17400006 0.70700013 0.17400009 0.70700023 0.17400016 0.70700023
 0.17400016]


                Percentage Error = 3.190293131747132e-16
                
year done: 142
Time 143: 2
Optimization Iteration[1/20000]

Solving the optimization problem...
Set parameter TokenServer to value "licenses.rcc.uchicago.edu"
Read LP format model from file /scratch/local/jobs/50183986/tmpw4a47x0n.pyomo.lp
Reading time = 1.32 seconds
x1: 258121 rows, 502401 columns, 1259970 nonzeros
Set parameter Threads to value 8
Set parameter BarConvTol to value 1e-12
Gurobi Optimizer version 11.0.0 build v11.0.0rc2 (linux64 - "CentOS Linux 8")

CPU model: Intel(R) Xeon(R) Gold 6248R CPU @ 3.00GHz, instruction set [SSE2|AVX|AVX2|AVX512]
Thread count: 48 physical cores, 48 logical processors, using up to 8 threads

Optimize a model with 258121 rows, 502401 columns and 1259970 nonzeros
Model fingerprint: 0x4a3ed3ac
Model has 3166 quadratic objective terms
Coefficient statistics:
  Matrix range     [1e+00, 1e+03]
  Objective range  [1e-06, 1e+02]
  QObjective range [3e-01, 3e+03]
  Bounds range     [3e-04, 1e+00]
  RHS range        [2e-17, 6e+00]
Presolve removed 131481 rows and 128813 columns
Presolve time: 0.54s
Presolved: 126640 rows, 373588 columns, 743932 nonzeros
Presolved model has 3166 quadratic objective terms
Ordering time: 0.16s

Barrier statistics:
 AA' NZ     : 3.709e+05
 Factor NZ  : 3.905e+06 (roughly 230 MB of memory)
 Factor Ops : 2.623e+08 (less than 1 second per iteration)
 Threads    : 8

                  Objective                Residual
Iter       Primal          Dual         Primal    Dual     Compl     Time
   0  -1.22466045e+09  8.63517425e+08  7.80e+04 1.14e-13  1.00e+06     1s
   1  -5.85742648e+08  5.07976560e+08  1.69e+04 1.44e+02  2.23e+05     1s
   2  -2.82434129e+08  2.81995027e+08  2.13e+02 8.69e-01  3.96e+03     1s
   3  -6.55833255e+07  6.61786494e+07  1.76e+00 1.47e-12  2.85e+02     1s
   4  -1.25708105e+07  1.31966944e+07  1.53e-01 4.14e-12  5.32e+01     2s
   5  -2.28690500e+06  2.53083818e+06  1.14e-02 1.42e-12  9.74e+00     2s
   6  -3.34328922e+05  3.84146511e+05  1.14e-08 9.23e-13  1.45e+00     2s
   7  -5.04632075e+04  6.35330315e+04  1.44e-13 6.01e-13  2.29e-01     2s
   8  -7.72414185e+03  9.03787635e+03  3.76e-14 1.98e-13  3.37e-02     2s
   9  -1.28025652e+03  1.49882654e+03  2.05e-14 5.51e-14  5.59e-03     2s
  10  -2.16789984e+02  1.68972751e+02  1.14e-14 2.84e-14  7.76e-04     2s
  11  -4.80139556e+01  2.57224709e+01  2.32e-15 4.26e-14  1.48e-04     2s
  12  -8.00418134e+00  3.21206428e+00  1.35e-15 2.84e-14  2.26e-05     2s
  13  -1.55527796e+00  6.56009119e-01  3.17e-16 2.40e-14  4.45e-06     2s
  14  -4.75976541e-01  3.51831029e-01  1.42e-16 2.84e-14  1.67e-06     3s
  15  -2.82850603e-02  1.77624660e-01  4.47e-17 2.84e-14  4.14e-07     3s
  16   2.88600005e-02  1.58577284e-01  2.27e-17 2.40e-14  2.61e-07     3s
  17   9.59869814e-02  1.34351595e-01  1.50e-17 2.84e-14  7.72e-08     3s
  18   1.11407405e-01  1.28883513e-01  1.22e-17 2.84e-14  3.52e-08     3s
  19   1.23153301e-01  1.24799917e-01  2.47e-17 2.84e-14  3.31e-09     3s
  20   1.24258071e-01  1.24416424e-01  1.15e-17 2.84e-14  3.19e-10     3s
  21   1.24373253e-01  1.24376586e-01  1.61e-17 2.84e-14  6.71e-12     3s
  22   1.24375722e-01  1.24375732e-01  1.05e-16 2.84e-14  2.01e-14     3s
  23   1.24375728e-01  1.24375729e-01  2.38e-15 2.84e-14  2.38e-15     3s
  24   1.24375729e-01  1.24375729e-01  3.83e-15 2.84e-14  7.02e-16     3s
  25   1.24375729e-01  1.24375729e-01  1.11e-15 2.84e-14  1.70e-16     3s
  26   1.24375729e-01  1.24375729e-01  6.55e-16 2.84e-14  6.41e-17     3s

Barrier solved model in 26 iterations and 3.46 seconds (3.07 work units)
Optimal objective 1.24375729e-01

objective value: 0.12437572888970422
Done! Time elapsed: 25.062564611434937 seconds.
g_0_1: 1.0000003267672006
g_1_1: 1.0000001873971502
g_1_2: 1.0000005282938615
g_2_1: 1.0000003242262343
g_2_2: 1.0000009140308381
g_2_3: 1.0000003242262345
g_2_4: 1.0000009140308166
Parameters from last iteration: [0.17400006 0.70700013 0.17400009 0.70700023 0.17400016 0.70700023
 0.17400016]

Parameters from current iteration:
                [0.17400006 0.70700013 0.17400009 0.70700023 0.17400016 0.70700023
 0.17400016]


                Percentage Error = 1.5951475026448345e-16
                
year done: 143
Time 144: 2
Optimization Iteration[1/20000]

Solving the optimization problem...
Set parameter TokenServer to value "licenses.rcc.uchicago.edu"
Read LP format model from file /scratch/local/jobs/50183986/tmp8ibtz0dx.pyomo.lp
Reading time = 1.33 seconds
x1: 258121 rows, 502401 columns, 1259970 nonzeros
Set parameter Threads to value 8
Set parameter BarConvTol to value 1e-12
Gurobi Optimizer version 11.0.0 build v11.0.0rc2 (linux64 - "CentOS Linux 8")

CPU model: Intel(R) Xeon(R) Gold 6248R CPU @ 3.00GHz, instruction set [SSE2|AVX|AVX2|AVX512]
Thread count: 48 physical cores, 48 logical processors, using up to 8 threads

Optimize a model with 258121 rows, 502401 columns and 1259970 nonzeros
Model fingerprint: 0xbd4ddea4
Model has 3166 quadratic objective terms
Coefficient statistics:
  Matrix range     [1e+00, 1e+03]
  Objective range  [1e-06, 1e+02]
  QObjective range [3e-01, 3e+03]
  Bounds range     [3e-04, 1e+00]
  RHS range        [2e-17, 6e+00]
Presolve removed 131481 rows and 128813 columns
Presolve time: 0.55s
Presolved: 126640 rows, 373588 columns, 743932 nonzeros
Presolved model has 3166 quadratic objective terms
Ordering time: 0.16s

Barrier statistics:
 AA' NZ     : 3.709e+05
 Factor NZ  : 3.905e+06 (roughly 230 MB of memory)
 Factor Ops : 2.623e+08 (less than 1 second per iteration)
 Threads    : 8

                  Objective                Residual
Iter       Primal          Dual         Primal    Dual     Compl     Time
   0  -1.22466045e+09  8.63517425e+08  7.80e+04 1.14e-13  1.00e+06     1s
   1  -5.85742648e+08  5.07976560e+08  1.69e+04 1.44e+02  2.23e+05     1s
   2  -2.82434129e+08  2.81995027e+08  2.13e+02 8.69e-01  3.96e+03     1s
   3  -6.55833255e+07  6.61786494e+07  1.76e+00 1.37e-12  2.85e+02     1s
   4  -1.25708105e+07  1.31966944e+07  1.53e-01 4.35e-12  5.32e+01     1s
   5  -2.28690500e+06  2.53083818e+06  1.14e-02 1.30e-12  9.74e+00     1s
   6  -3.34328923e+05  3.84146510e+05  1.14e-08 1.15e-12  1.45e+00     2s
   7  -5.04632082e+04  6.35330308e+04  1.38e-13 7.16e-13  2.29e-01     2s
   8  -7.72414259e+03  9.03787561e+03  4.72e-14 1.74e-13  3.37e-02     2s
   9  -1.28025726e+03  1.49882580e+03  1.80e-14 4.26e-14  5.59e-03     2s
  10  -2.16790726e+02  1.68972009e+02  8.73e-15 2.84e-14  7.76e-04     2s
  11  -4.80146979e+01  2.57217286e+01  2.62e-15 4.26e-14  1.48e-04     2s
  12  -8.00492363e+00  3.21132199e+00  1.35e-15 2.84e-14  2.26e-05     2s
  13  -1.55602025e+00  6.55266828e-01  2.80e-16 2.84e-14  4.45e-06     2s
  14  -4.76718832e-01  3.51088739e-01  1.28e-16 2.04e-14  1.67e-06     2s
  15  -2.90273510e-02  1.76882369e-01  3.95e-17 2.84e-14  4.14e-07     2s
  16   2.81177098e-02  1.57834994e-01  2.55e-17 2.84e-14  2.61e-07     3s
  17   9.52446907e-02  1.33609305e-01  1.84e-17 2.84e-14  7.72e-08     3s
  18   1.10665115e-01  1.28141223e-01  1.35e-17 2.84e-14  3.52e-08     3s
  19   1.22411010e-01  1.24057627e-01  2.14e-17 2.84e-14  3.31e-09     3s
  20   1.23515780e-01  1.23674134e-01  1.34e-17 2.84e-14  3.19e-10     3s
  21   1.23630962e-01  1.23634295e-01  1.54e-17 2.84e-14  6.71e-12     3s
  22   1.23633431e-01  1.23633441e-01  9.69e-17 2.84e-14  2.01e-14     3s
  23   1.23633437e-01  1.23633439e-01  2.24e-15 2.84e-14  2.37e-15     3s
  24   1.23633438e-01  1.23633438e-01  3.51e-15 2.84e-14  6.99e-16     3s
  25   1.23633438e-01  1.23633438e-01  1.09e-15 1.95e-14  1.69e-16     3s
  26   1.23633438e-01  1.23633438e-01  5.35e-16 2.13e-14  6.37e-17     3s

Barrier solved model in 26 iterations and 3.30 seconds (3.07 work units)
Optimal objective 1.23633438e-01

objective value: 0.12363343821825572
Done! Time elapsed: 23.56479263305664 seconds.
g_0_1: 1.0000003267672004
g_1_1: 1.0000001873971505
g_1_2: 1.0000005282938615
g_2_1: 1.0000003242262345
g_2_2: 1.000000914030838
g_2_3: 1.0000003242262347
g_2_4: 1.0000009140308166
Parameters from last iteration: [0.17400006 0.70700013 0.17400009 0.70700023 0.17400016 0.70700023
 0.17400016]

Parameters from current iteration:
                [0.17400006 0.70700013 0.17400009 0.70700023 0.17400016 0.70700023
 0.17400016]


                Percentage Error = 3.1406581744323703e-16
                
year done: 144
Time 145: 2
Optimization Iteration[1/20000]

Solving the optimization problem...
Set parameter TokenServer to value "licenses.rcc.uchicago.edu"
Read LP format model from file /scratch/local/jobs/50183986/tmpykuw31lh.pyomo.lp
Reading time = 1.32 seconds
x1: 258121 rows, 502401 columns, 1259970 nonzeros
Set parameter Threads to value 8
Set parameter BarConvTol to value 1e-12
Gurobi Optimizer version 11.0.0 build v11.0.0rc2 (linux64 - "CentOS Linux 8")

CPU model: Intel(R) Xeon(R) Gold 6248R CPU @ 3.00GHz, instruction set [SSE2|AVX|AVX2|AVX512]
Thread count: 48 physical cores, 48 logical processors, using up to 8 threads

Optimize a model with 258121 rows, 502401 columns and 1259970 nonzeros
Model fingerprint: 0x3cfc4c52
Model has 3166 quadratic objective terms
Coefficient statistics:
  Matrix range     [1e+00, 1e+03]
  Objective range  [1e-06, 1e+02]
  QObjective range [3e-01, 3e+03]
  Bounds range     [3e-04, 1e+00]
  RHS range        [2e-17, 6e+00]
Presolve removed 131481 rows and 128813 columns
Presolve time: 0.54s
Presolved: 126640 rows, 373588 columns, 743932 nonzeros
Presolved model has 3166 quadratic objective terms
Ordering time: 0.15s

Barrier statistics:
 AA' NZ     : 3.709e+05
 Factor NZ  : 3.905e+06 (roughly 230 MB of memory)
 Factor Ops : 2.623e+08 (less than 1 second per iteration)
 Threads    : 8

                  Objective                Residual
Iter       Primal          Dual         Primal    Dual     Compl     Time
   0  -1.22466045e+09  8.63517425e+08  7.80e+04 1.14e-13  1.00e+06     1s
   1  -5.85742648e+08  5.07976560e+08  1.69e+04 1.44e+02  2.23e+05     1s
   2  -2.82434129e+08  2.81995027e+08  2.13e+02 8.69e-01  3.96e+03     1s
   3  -6.55833255e+07  6.61786494e+07  1.76e+00 1.56e-12  2.85e+02     1s
   4  -1.25708105e+07  1.31966944e+07  1.53e-01 5.69e-12  5.32e+01     1s
   5  -2.28690500e+06  2.53083818e+06  1.14e-02 1.14e-12  9.74e+00     1s
   6  -3.34328924e+05  3.84146510e+05  1.14e-08 7.95e-13  1.45e+00     2s
   7  -5.04632090e+04  6.35330301e+04  1.13e-13 7.00e-13  2.29e-01     2s
   8  -7.72414330e+03  9.03787490e+03  5.16e-14 1.76e-13  3.37e-02     2s
   9  -1.28025797e+03  1.49882509e+03  1.89e-14 5.68e-14  5.59e-03     2s
  10  -2.16791435e+02  1.68971300e+02  7.94e-15 2.84e-14  7.76e-04     2s
  11  -4.80154067e+01  2.57210197e+01  2.96e-15 2.84e-14  1.48e-04     2s
  12  -8.00563251e+00  3.21061311e+00  1.41e-15 2.84e-14  2.26e-05     2s
  13  -1.55672913e+00  6.54557946e-01  2.97e-16 4.26e-14  4.45e-06     2s
  14  -4.77427714e-01  3.50379856e-01  1.36e-16 2.84e-14  1.67e-06     2s
  15  -2.97362331e-02  1.76173487e-01  3.69e-17 1.42e-14  4.14e-07     2s
  16   2.74088277e-02  1.57126112e-01  2.39e-17 1.95e-14  2.61e-07     3s
  17   9.45358086e-02  1.32900423e-01  2.36e-17 1.69e-14  7.72e-08     3s
  18   1.09956233e-01  1.27432340e-01  1.02e-17 2.84e-14  3.52e-08     3s
  19   1.21702128e-01  1.23348744e-01  2.87e-17 2.13e-14  3.31e-09     3s
  20   1.22806898e-01  1.22965251e-01  1.45e-17 2.84e-14  3.19e-10     3s
  21   1.22922080e-01  1.22925413e-01  1.53e-17 2.84e-14  6.71e-12     3s
  22   1.22924549e-01  1.22924559e-01  1.15e-16 4.26e-14  2.01e-14     3s
  23   1.22924555e-01  1.22924556e-01  2.68e-15 2.84e-14  2.36e-15     3s
  24   1.22924556e-01  1.22924556e-01  3.76e-15 2.84e-14  6.96e-16     3s
  25   1.22924556e-01  1.22924556e-01  8.49e-16 2.84e-14  1.68e-16     3s
  26   1.22924556e-01  1.22924556e-01  6.67e-16 2.13e-14  6.32e-17     3s

Barrier solved model in 26 iterations and 3.29 seconds (3.07 work units)
Optimal objective 1.22924556e-01

objective value: 0.12292455613037208
Done! Time elapsed: 23.631739139556885 seconds.
g_0_1: 1.0000003267672006
g_1_1: 1.0000001873971505
g_1_2: 1.0000005282938618
g_2_1: 1.0000003242262343
g_2_2: 1.0000009140308377
g_2_3: 1.0000003242262345
g_2_4: 1.0000009140308166
Parameters from last iteration: [0.17400006 0.70700013 0.17400009 0.70700023 0.17400016 0.70700023
 0.17400016]

Parameters from current iteration:
                [0.17400006 0.70700013 0.17400009 0.70700023 0.17400016 0.70700023
 0.17400016]


                Percentage Error = 3.1902931317471333e-16
                
year done: 145
Time 146: 2
Optimization Iteration[1/20000]

Solving the optimization problem...
Set parameter TokenServer to value "licenses.rcc.uchicago.edu"
Read LP format model from file /scratch/local/jobs/50183986/tmppby3t6m2.pyomo.lp
Reading time = 1.48 seconds
x1: 258121 rows, 502401 columns, 1259970 nonzeros
Set parameter Threads to value 8
Set parameter BarConvTol to value 1e-12
Gurobi Optimizer version 11.0.0 build v11.0.0rc2 (linux64 - "CentOS Linux 8")

CPU model: Intel(R) Xeon(R) Gold 6248R CPU @ 3.00GHz, instruction set [SSE2|AVX|AVX2|AVX512]
Thread count: 48 physical cores, 48 logical processors, using up to 8 threads

Optimize a model with 258121 rows, 502401 columns and 1259970 nonzeros
Model fingerprint: 0x74913d5b
Model has 3166 quadratic objective terms
Coefficient statistics:
  Matrix range     [1e+00, 1e+03]
  Objective range  [1e-06, 1e+02]
  QObjective range [3e-01, 3e+03]
  Bounds range     [3e-04, 1e+00]
  RHS range        [2e-17, 6e+00]
Presolve removed 131481 rows and 128813 columns
Presolve time: 0.55s
Presolved: 126640 rows, 373588 columns, 743932 nonzeros
Presolved model has 3166 quadratic objective terms
Ordering time: 0.15s

Barrier statistics:
 AA' NZ     : 3.709e+05
 Factor NZ  : 3.905e+06 (roughly 230 MB of memory)
 Factor Ops : 2.623e+08 (less than 1 second per iteration)
 Threads    : 8

                  Objective                Residual
Iter       Primal          Dual         Primal    Dual     Compl     Time
   0  -1.22466045e+09  8.63517425e+08  7.80e+04 1.14e-13  1.00e+06     1s
   1  -5.85742648e+08  5.07976560e+08  1.69e+04 1.44e+02  2.23e+05     1s
   2  -2.82434129e+08  2.81995027e+08  2.13e+02 8.69e-01  3.96e+03     1s
   3  -6.55833255e+07  6.61786494e+07  1.76e+00 1.39e-12  2.85e+02     1s
   4  -1.25708105e+07  1.31966944e+07  1.53e-01 3.41e-12  5.32e+01     1s
   5  -2.28690500e+06  2.53083817e+06  1.14e-02 1.20e-12  9.74e+00     1s
   6  -3.34328924e+05  3.84146509e+05  1.14e-08 8.10e-13  1.45e+00     2s
   7  -5.04632096e+04  6.35330294e+04  1.17e-13 6.27e-13  2.29e-01     2s
   8  -7.72414398e+03  9.03787422e+03  4.96e-14 2.04e-13  3.37e-02     2s
   9  -1.28025864e+03  1.49882441e+03  2.00e-14 3.73e-14  5.59e-03     2s
  10  -2.16792112e+02  1.68970623e+02  9.93e-15 2.84e-14  7.76e-04     2s
  11  -4.80160837e+01  2.57203427e+01  2.05e-15 2.84e-14  1.48e-04     2s
  12  -8.00630949e+00  3.20993613e+00  1.36e-15 2.84e-14  2.26e-05     2s
  13  -1.55740611e+00  6.53880969e-01  3.17e-16 2.84e-14  4.45e-06     2s
  14  -4.78104691e-01  3.49702879e-01  1.19e-16 2.84e-14  1.67e-06     2s
  15  -3.04132102e-02  1.75496510e-01  4.01e-17 1.60e-14  4.14e-07     2s
  16   2.67318506e-02  1.56449134e-01  2.41e-17 1.42e-14  2.61e-07     3s
  17   9.38588315e-02  1.32223446e-01  2.31e-17 1.78e-14  7.72e-08     3s
  18   1.09279255e-01  1.26755363e-01  1.19e-17 2.84e-14  3.52e-08     3s
  19   1.21025151e-01  1.22671767e-01  2.71e-17 1.87e-14  3.31e-09     3s
  20   1.22129921e-01  1.22288274e-01  2.28e-17 2.84e-14  3.19e-10     3s
  21   1.22245103e-01  1.22248436e-01  1.55e-17 2.84e-14  6.71e-12     3s
  22   1.22247572e-01  1.22247582e-01  1.20e-16 5.68e-14  2.01e-14     3s
  23   1.22247578e-01  1.22247579e-01  2.95e-15 2.04e-14  2.34e-15     3s
  24   1.22247579e-01  1.22247579e-01  3.19e-15 2.84e-14  6.93e-16     3s
  25   1.22247579e-01  1.22247579e-01  8.29e-16 2.22e-14  1.67e-16     3s
  26   1.22247579e-01  1.22247579e-01  5.51e-16 2.84e-14  6.28e-17     3s

Barrier solved model in 26 iterations and 3.29 seconds (3.07 work units)
Optimal objective 1.22247579e-01

objective value: 0.12224757899210009
Done! Time elapsed: 23.85524821281433 seconds.
g_0_1: 1.0000003267672006
g_1_1: 1.0000001873971505
g_1_2: 1.0000005282938615
g_2_1: 1.0000003242262345
g_2_2: 1.0000009140308375
g_2_3: 1.0000003242262345
g_2_4: 1.0000009140308166
Parameters from last iteration: [0.17400006 0.70700013 0.17400009 0.70700023 0.17400016 0.70700023
 0.17400016]

Parameters from current iteration:
                [0.17400006 0.70700013 0.17400009 0.70700023 0.17400016 0.70700023
 0.17400016]


                Percentage Error = 3.1406581744323703e-16
                
year done: 146
Time 147: 2
Optimization Iteration[1/20000]

Solving the optimization problem...
Set parameter TokenServer to value "licenses.rcc.uchicago.edu"
Read LP format model from file /scratch/local/jobs/50183986/tmpffjdcokt.pyomo.lp
Reading time = 1.33 seconds
x1: 258121 rows, 502401 columns, 1259970 nonzeros
Set parameter Threads to value 8
Set parameter BarConvTol to value 1e-12
Gurobi Optimizer version 11.0.0 build v11.0.0rc2 (linux64 - "CentOS Linux 8")

CPU model: Intel(R) Xeon(R) Gold 6248R CPU @ 3.00GHz, instruction set [SSE2|AVX|AVX2|AVX512]
Thread count: 48 physical cores, 48 logical processors, using up to 8 threads

Optimize a model with 258121 rows, 502401 columns and 1259970 nonzeros
Model fingerprint: 0xd16c0364
Model has 3166 quadratic objective terms
Coefficient statistics:
  Matrix range     [1e+00, 1e+03]
  Objective range  [1e-06, 1e+02]
  QObjective range [3e-01, 3e+03]
  Bounds range     [3e-04, 1e+00]
  RHS range        [2e-17, 6e+00]
Presolve removed 131481 rows and 128813 columns
Presolve time: 0.55s
Presolved: 126640 rows, 373588 columns, 743932 nonzeros
Presolved model has 3166 quadratic objective terms
Ordering time: 0.15s

Barrier statistics:
 AA' NZ     : 3.709e+05
 Factor NZ  : 3.905e+06 (roughly 230 MB of memory)
 Factor Ops : 2.623e+08 (less than 1 second per iteration)
 Threads    : 8

                  Objective                Residual
Iter       Primal          Dual         Primal    Dual     Compl     Time
   0  -1.22466045e+09  8.63517425e+08  7.80e+04 1.14e-13  1.00e+06     1s
   1  -5.85742648e+08  5.07976560e+08  1.69e+04 1.44e+02  2.23e+05     1s
   2  -2.82434129e+08  2.81995027e+08  2.13e+02 8.69e-01  3.96e+03     1s
   3  -6.55833255e+07  6.61786494e+07  1.76e+00 1.44e-12  2.85e+02     1s
   4  -1.25708105e+07  1.31966944e+07  1.53e-01 3.94e-12  5.32e+01     1s
   5  -2.28690500e+06  2.53083817e+06  1.14e-02 1.24e-12  9.74e+00     1s
   6  -3.34328925e+05  3.84146508e+05  1.14e-08 9.98e-13  1.45e+00     2s
   7  -5.04632103e+04  6.35330287e+04  1.06e-13 6.65e-13  2.29e-01     2s
   8  -7.72414462e+03  9.03787358e+03  4.84e-14 1.71e-13  3.37e-02     2s
   9  -1.28025929e+03  1.49882377e+03  1.79e-14 7.11e-14  5.59e-03     2s
  10  -2.16792758e+02  1.68969976e+02  7.59e-15 2.84e-14  7.76e-04     2s
  11  -4.80167302e+01  2.57196962e+01  1.74e-15 2.84e-14  1.48e-04     2s
  12  -8.00695600e+00  3.20928962e+00  1.29e-15 2.84e-14  2.26e-05     2s
  13  -1.55805262e+00  6.53234461e-01  4.06e-16 2.84e-14  4.45e-06     2s
  14  -4.78751199e-01  3.49056371e-01  1.46e-16 1.78e-14  1.67e-06     2s
  15  -3.10597184e-02  1.74850002e-01  4.21e-17 5.68e-14  4.14e-07     2s
  16   2.60853424e-02  1.55802626e-01  2.45e-17 2.84e-14  2.61e-07     3s
  17   9.32123234e-02  1.31576937e-01  1.64e-17 2.84e-14  7.72e-08     3s
  18   1.08632747e-01  1.26108855e-01  1.06e-17 2.84e-14  3.52e-08     3s
  19   1.20378643e-01  1.22025259e-01  2.41e-17 2.84e-14  3.31e-09     3s
  20   1.21483413e-01  1.21641766e-01  1.12e-17 4.26e-14  3.19e-10     3s
  21   1.21598595e-01  1.21601927e-01  1.99e-17 2.84e-14  6.71e-12     3s
  22   1.21601063e-01  1.21601073e-01  1.10e-16 2.84e-14  2.01e-14     3s
  23   1.21601070e-01  1.21601071e-01  2.82e-15 2.84e-14  2.33e-15     3s
  24   1.21601071e-01  1.21601071e-01  3.42e-15 2.84e-14  6.90e-16     3s
  25   1.21601071e-01  1.21601071e-01  9.04e-16 2.84e-14  1.67e-16     3s
  26   1.21601071e-01  1.21601071e-01  6.39e-16 2.13e-14  6.23e-17     3s

Barrier solved model in 26 iterations and 3.29 seconds (3.07 work units)
Optimal objective 1.21601071e-01

objective value: 0.12160107084416139
Done! Time elapsed: 25.12644124031067 seconds.
g_0_1: 1.0000003267672006
g_1_1: 1.0000001873971505
g_1_2: 1.0000005282938615
g_2_1: 1.0000003242262345
g_2_2: 1.0000009140308375
g_2_3: 1.0000003242262347
g_2_4: 1.0000009140308168
Parameters from last iteration: [0.17400006 0.70700013 0.17400009 0.70700023 0.17400016 0.70700023
 0.17400016]

Parameters from current iteration:
                [0.17400006 0.70700013 0.17400009 0.70700023 0.17400016 0.70700023
 0.17400016]


                Percentage Error = 3.1902931317472013e-16
                
year done: 147
Time 148: 2
Optimization Iteration[1/20000]

Solving the optimization problem...
Set parameter TokenServer to value "licenses.rcc.uchicago.edu"
Read LP format model from file /scratch/local/jobs/50183986/tmpq6slmua2.pyomo.lp
Reading time = 1.33 seconds
x1: 258121 rows, 502401 columns, 1259970 nonzeros
Set parameter Threads to value 8
Set parameter BarConvTol to value 1e-12
Gurobi Optimizer version 11.0.0 build v11.0.0rc2 (linux64 - "CentOS Linux 8")

CPU model: Intel(R) Xeon(R) Gold 6248R CPU @ 3.00GHz, instruction set [SSE2|AVX|AVX2|AVX512]
Thread count: 48 physical cores, 48 logical processors, using up to 8 threads

Optimize a model with 258121 rows, 502401 columns and 1259970 nonzeros
Model fingerprint: 0x0a080d47
Model has 3166 quadratic objective terms
Coefficient statistics:
  Matrix range     [1e+00, 1e+03]
  Objective range  [1e-06, 1e+02]
  QObjective range [3e-01, 3e+03]
  Bounds range     [3e-04, 1e+00]
  RHS range        [2e-17, 6e+00]
Presolve removed 131481 rows and 128813 columns
Presolve time: 0.55s
Presolved: 126640 rows, 373588 columns, 743932 nonzeros
Presolved model has 3166 quadratic objective terms
Ordering time: 0.15s

Barrier statistics:
 AA' NZ     : 3.709e+05
 Factor NZ  : 3.905e+06 (roughly 230 MB of memory)
 Factor Ops : 2.623e+08 (less than 1 second per iteration)
 Threads    : 8

                  Objective                Residual
Iter       Primal          Dual         Primal    Dual     Compl     Time
   0  -1.22466045e+09  8.63517425e+08  7.80e+04 1.14e-13  1.00e+06     1s
   1  -5.85742648e+08  5.07976560e+08  1.69e+04 1.44e+02  2.23e+05     1s
   2  -2.82434129e+08  2.81995027e+08  2.13e+02 8.69e-01  3.96e+03     1s
   3  -6.55833255e+07  6.61786494e+07  1.76e+00 1.59e-12  2.85e+02     1s
   4  -1.25708105e+07  1.31966944e+07  1.53e-01 3.67e-12  5.32e+01     1s
   5  -2.28690500e+06  2.53083817e+06  1.14e-02 1.24e-12  9.74e+00     1s
   6  -3.34328926e+05  3.84146508e+05  1.14e-08 9.22e-13  1.45e+00     2s
   7  -5.04632109e+04  6.35330281e+04  9.34e-14 7.21e-13  2.29e-01     2s
   8  -7.72414524e+03  9.03787296e+03  4.31e-14 1.86e-13  3.37e-02     2s
   9  -1.28025991e+03  1.49882315e+03  1.78e-14 3.69e-14  5.59e-03     2s
  10  -2.16793376e+02  1.68969359e+02  7.47e-15 2.84e-14  7.76e-04     2s
  11  -4.80173476e+01  2.57190788e+01  1.82e-15 2.84e-14  1.48e-04     2s
  12  -8.00757341e+00  3.20867221e+00  1.39e-15 2.84e-14  2.26e-05     2s
  13  -1.55867003e+00  6.52617051e-01  2.95e-16 2.84e-14  4.45e-06     2s
  14  -4.79368610e-01  3.48438961e-01  1.52e-16 2.84e-14  1.67e-06     2s
  15  -3.16771289e-02  1.74232591e-01  3.23e-17 2.13e-14  4.14e-07     2s
  16   2.54679319e-02  1.55185216e-01  2.78e-17 4.26e-14  2.61e-07     3s
  17   9.25949129e-02  1.30959527e-01  2.18e-17 2.84e-14  7.72e-08     3s
  18   1.08015337e-01  1.25491445e-01  1.40e-17 2.84e-14  3.52e-08     3s
  19   1.19761233e-01  1.21407849e-01  3.57e-17 5.68e-14  3.31e-09     3s
  20   1.20866002e-01  1.21024356e-01  1.15e-17 2.84e-14  3.19e-10     3s
  21   1.20981184e-01  1.20984517e-01  2.56e-17 2.84e-14  6.71e-12     3s
  22   1.20983653e-01  1.20983663e-01  1.20e-16 2.84e-14  2.01e-14     3s
  23   1.20983660e-01  1.20983661e-01  2.68e-15 1.78e-14  2.31e-15     3s
  24   1.20983660e-01  1.20983660e-01  4.06e-15 2.84e-14  6.87e-16     3s
  25   1.20983660e-01  1.20983660e-01  1.02e-15 2.84e-14  1.66e-16     3s
  26   1.20983660e-01  1.20983660e-01  5.32e-16 2.22e-14  6.19e-17     3s

Barrier solved model in 26 iterations and 3.29 seconds (3.07 work units)
Optimal objective 1.20983660e-01

objective value: 0.12098366035610787
Done! Time elapsed: 23.542518138885498 seconds.
g_0_1: 1.0000003267672006
g_1_1: 1.0000001873971505
g_1_2: 1.0000005282938615
g_2_1: 1.0000003242262345
g_2_2: 1.0000009140308372
g_2_3: 1.0000003242262345
g_2_4: 1.0000009140308166
Parameters from last iteration: [0.17400006 0.70700013 0.17400009 0.70700023 0.17400016 0.70700023
 0.17400016]

Parameters from current iteration:
                [0.17400006 0.70700013 0.17400009 0.70700023 0.17400016 0.70700023
 0.17400016]


                Percentage Error = 3.1902931317472003e-16
                
year done: 148
Time 149: 2
Optimization Iteration[1/20000]

Solving the optimization problem...
Set parameter TokenServer to value "licenses.rcc.uchicago.edu"
Read LP format model from file /scratch/local/jobs/50183986/tmp3cifsr88.pyomo.lp
Reading time = 1.33 seconds
x1: 258121 rows, 502401 columns, 1259970 nonzeros
Set parameter Threads to value 8
Set parameter BarConvTol to value 1e-12
Gurobi Optimizer version 11.0.0 build v11.0.0rc2 (linux64 - "CentOS Linux 8")

CPU model: Intel(R) Xeon(R) Gold 6248R CPU @ 3.00GHz, instruction set [SSE2|AVX|AVX2|AVX512]
Thread count: 48 physical cores, 48 logical processors, using up to 8 threads

Optimize a model with 258121 rows, 502401 columns and 1259970 nonzeros
Model fingerprint: 0x56ff6237
Model has 3166 quadratic objective terms
Coefficient statistics:
  Matrix range     [1e+00, 1e+03]
  Objective range  [1e-06, 1e+02]
  QObjective range [3e-01, 3e+03]
  Bounds range     [3e-04, 1e+00]
  RHS range        [2e-17, 6e+00]
Presolve removed 131481 rows and 128813 columns
Presolve time: 0.55s
Presolved: 126640 rows, 373588 columns, 743932 nonzeros
Presolved model has 3166 quadratic objective terms
Ordering time: 0.16s

Barrier statistics:
 AA' NZ     : 3.709e+05
 Factor NZ  : 3.905e+06 (roughly 230 MB of memory)
 Factor Ops : 2.623e+08 (less than 1 second per iteration)
 Threads    : 8

                  Objective                Residual
Iter       Primal          Dual         Primal    Dual     Compl     Time
   0  -1.22466045e+09  8.63517425e+08  7.80e+04 1.14e-13  1.00e+06     1s
   1  -5.85742648e+08  5.07976560e+08  1.69e+04 1.44e+02  2.23e+05     1s
   2  -2.82434129e+08  2.81995027e+08  2.13e+02 8.69e-01  3.96e+03     1s
   3  -6.55833255e+07  6.61786494e+07  1.76e+00 1.46e-12  2.85e+02     1s
   4  -1.25708105e+07  1.31966944e+07  1.53e-01 5.29e-12  5.32e+01     1s
   5  -2.28690500e+06  2.53083817e+06  1.14e-02 1.21e-12  9.74e+00     1s
   6  -3.34328926e+05  3.84146507e+05  1.14e-08 7.89e-13  1.45e+00     2s
   7  -5.04632115e+04  6.35330275e+04  1.40e-13 6.52e-13  2.29e-01     2s
   8  -7.72414583e+03  9.03787237e+03  5.70e-14 1.95e-13  3.37e-02     2s
   9  -1.28026050e+03  1.49882256e+03  2.13e-14 5.68e-14  5.59e-03     2s
  10  -2.16793965e+02  1.68968769e+02  8.21e-15 4.26e-14  7.76e-04     2s
  11  -4.80179373e+01  2.57184892e+01  2.01e-15 2.84e-14  1.48e-04     2s
  12  -8.00816303e+00  3.20808259e+00  1.15e-15 2.84e-14  2.26e-05     2s
  13  -1.55925965e+00  6.52027428e-01  2.74e-16 1.78e-14  4.45e-06     2s
  14  -4.79958232e-01  3.47849338e-01  1.45e-16 2.84e-14  1.67e-06     2s
  15  -3.22667513e-02  1.73642969e-01  4.84e-17 2.84e-14  4.14e-07     2s
  16   2.48783095e-02  1.54595593e-01  4.08e-17 4.26e-14  2.61e-07     3s
  17   9.20052904e-02  1.30369904e-01  1.80e-17 2.84e-14  7.72e-08     3s
  18   1.07425714e-01  1.24901822e-01  1.19e-17 2.84e-14  3.52e-08     3s
  19   1.19171610e-01  1.20818226e-01  2.53e-17 2.84e-14  3.31e-09     3s
  20   1.20276380e-01  1.20434733e-01  1.21e-17 2.84e-14  3.19e-10     3s
  21   1.20391562e-01  1.20394895e-01  2.27e-17 2.84e-14  6.71e-12     3s
  22   1.20394031e-01  1.20394041e-01  1.31e-16 2.84e-14  2.01e-14     3s
  23   1.20394037e-01  1.20394038e-01  3.56e-15 2.84e-14  2.30e-15     3s
  24   1.20394038e-01  1.20394038e-01  3.77e-15 2.84e-14  6.84e-16     3s
  25   1.20394038e-01  1.20394038e-01  1.09e-15 2.84e-14  1.65e-16     3s
  26   1.20394038e-01  1.20394038e-01  6.77e-16 2.84e-14  6.15e-17     3s

Barrier solved model in 26 iterations and 3.31 seconds (3.07 work units)
Optimal objective 1.20394038e-01

objective value: 0.12039403791749416
Done! Time elapsed: 23.609968185424805 seconds.
g_0_1: 1.0000003267672006
g_1_1: 1.0000001873971505
g_1_2: 1.0000005282938615
g_2_1: 1.0000003242262345
g_2_2: 1.000000914030837
g_2_3: 1.0000003242262347
g_2_4: 1.0000009140308166
Parameters from last iteration: [0.17400006 0.70700013 0.17400009 0.70700023 0.17400016 0.70700023
 0.17400016]

Parameters from current iteration:
                [0.17400006 0.70700013 0.17400009 0.70700023 0.17400016 0.70700023
 0.17400016]


                Percentage Error = 3.1902931317471353e-16
                
year done: 149
Time 150: 2
Optimization Iteration[1/20000]

Solving the optimization problem...
Set parameter TokenServer to value "licenses.rcc.uchicago.edu"
Read LP format model from file /scratch/local/jobs/50183986/tmpk2v8i8tf.pyomo.lp
Reading time = 1.36 seconds
x1: 258121 rows, 502401 columns, 1259970 nonzeros
Set parameter Threads to value 8
Set parameter BarConvTol to value 1e-12
Gurobi Optimizer version 11.0.0 build v11.0.0rc2 (linux64 - "CentOS Linux 8")

CPU model: Intel(R) Xeon(R) Gold 6248R CPU @ 3.00GHz, instruction set [SSE2|AVX|AVX2|AVX512]
Thread count: 48 physical cores, 48 logical processors, using up to 8 threads

Optimize a model with 258121 rows, 502401 columns and 1259970 nonzeros
Model fingerprint: 0xd84b67f5
Model has 3166 quadratic objective terms
Coefficient statistics:
  Matrix range     [1e+00, 1e+03]
  Objective range  [1e-06, 1e+02]
  QObjective range [3e-01, 3e+03]
  Bounds range     [3e-04, 1e+00]
  RHS range        [2e-17, 6e+00]
Presolve removed 131481 rows and 128813 columns
Presolve time: 0.55s
Presolved: 126640 rows, 373588 columns, 743932 nonzeros
Presolved model has 3166 quadratic objective terms
Ordering time: 0.15s

Barrier statistics:
 AA' NZ     : 3.709e+05
 Factor NZ  : 3.905e+06 (roughly 230 MB of memory)
 Factor Ops : 2.623e+08 (less than 1 second per iteration)
 Threads    : 8

                  Objective                Residual
Iter       Primal          Dual         Primal    Dual     Compl     Time
   0  -1.22466045e+09  8.63517425e+08  7.80e+04 1.14e-13  1.00e+06     1s
   1  -5.85742648e+08  5.07976560e+08  1.69e+04 1.44e+02  2.23e+05     1s
   2  -2.82434129e+08  2.81995027e+08  2.13e+02 8.69e-01  3.96e+03     1s
   3  -6.55833255e+07  6.61786494e+07  1.76e+00 1.35e-12  2.85e+02     1s
   4  -1.25708105e+07  1.31966944e+07  1.53e-01 4.83e-12  5.32e+01     1s
   5  -2.28690500e+06  2.53083817e+06  1.14e-02 1.46e-12  9.74e+00     1s
   6  -3.34328927e+05  3.84146506e+05  1.14e-08 7.67e-13  1.45e+00     2s
   7  -5.04632120e+04  6.35330270e+04  9.40e-14 5.86e-13  2.29e-01     2s
   8  -7.72414639e+03  9.03787181e+03  4.95e-14 1.98e-13  3.37e-02     2s
   9  -1.28026106e+03  1.49882200e+03  1.94e-14 5.68e-14  5.59e-03     2s
  10  -2.16794528e+02  1.68968206e+02  9.42e-15 2.84e-14  7.76e-04     2s
  11  -4.80185003e+01  2.57179261e+01  2.10e-15 2.84e-14  1.48e-04     2s
  12  -8.00872612e+00  3.20751950e+00  1.52e-15 2.84e-14  2.26e-05     2s
  13  -1.55982274e+00  6.51464343e-01  3.26e-16 2.84e-14  4.45e-06     2s
  14  -4.80521317e-01  3.47286253e-01  1.39e-16 2.84e-14  1.67e-06     2s
  15  -3.28298364e-02  1.73079884e-01  4.08e-17 2.84e-14  4.14e-07     2s
  16   2.43152244e-02  1.54032508e-01  3.09e-17 4.26e-14  2.61e-07     3s
  17   9.14422054e-02  1.29806819e-01  2.34e-17 1.69e-14  7.72e-08     3s
  18   1.06862629e-01  1.24338737e-01  1.37e-17 2.84e-14  3.52e-08     3s
  19   1.18608525e-01  1.20255141e-01  3.06e-17 2.84e-14  3.31e-09     3s
  20   1.19713295e-01  1.19871648e-01  1.03e-17 2.13e-14  3.19e-10     3s
  21   1.19828477e-01  1.19831810e-01  2.02e-17 2.84e-14  6.71e-12     3s
  22   1.19830945e-01  1.19830955e-01  9.97e-17 2.84e-14  2.01e-14     3s
  23   1.19830952e-01  1.19830953e-01  2.21e-15 2.84e-14  2.29e-15     3s
  24   1.19830953e-01  1.19830953e-01  4.47e-15 5.68e-14  6.81e-16     3s
  25   1.19830953e-01  1.19830953e-01  1.06e-15 2.84e-14  1.64e-16     3s
  26   1.19830953e-01  1.19830953e-01  4.88e-16 1.42e-14  6.10e-17     3s

Barrier solved model in 26 iterations and 3.29 seconds (3.07 work units)
Optimal objective 1.19830953e-01

objective value: 0.11983095286008937
Done! Time elapsed: 23.548784017562866 seconds.
g_0_1: 1.0000003267672004
g_1_1: 1.0000001873971505
g_1_2: 1.0000005282938615
g_2_1: 1.0000003242262343
g_2_2: 1.0000009140308368
g_2_3: 1.0000003242262345
g_2_4: 1.0000009140308166
Parameters from last iteration: [0.17400006 0.70700013 0.17400009 0.70700023 0.17400016 0.70700023
 0.17400016]

Parameters from current iteration:
                [0.17400006 0.70700013 0.17400009 0.70700023 0.17400016 0.70700023
 0.17400016]


                Percentage Error = 3.1406581744323693e-16
                
year done: 150
Time 151: 2
Optimization Iteration[1/20000]

Solving the optimization problem...
Set parameter TokenServer to value "licenses.rcc.uchicago.edu"
Read LP format model from file /scratch/local/jobs/50183986/tmp987c58n7.pyomo.lp
Reading time = 1.35 seconds
x1: 258121 rows, 502401 columns, 1259970 nonzeros
Set parameter Threads to value 8
Set parameter BarConvTol to value 1e-12
Gurobi Optimizer version 11.0.0 build v11.0.0rc2 (linux64 - "CentOS Linux 8")

CPU model: Intel(R) Xeon(R) Gold 6248R CPU @ 3.00GHz, instruction set [SSE2|AVX|AVX2|AVX512]
Thread count: 48 physical cores, 48 logical processors, using up to 8 threads

Optimize a model with 258121 rows, 502401 columns and 1259970 nonzeros
Model fingerprint: 0xd0dc66f3
Model has 3166 quadratic objective terms
Coefficient statistics:
  Matrix range     [1e+00, 1e+03]
  Objective range  [1e-06, 1e+02]
  QObjective range [3e-01, 3e+03]
  Bounds range     [3e-04, 1e+00]
  RHS range        [2e-17, 6e+00]
Presolve removed 131481 rows and 128813 columns
Presolve time: 0.56s
Presolved: 126640 rows, 373588 columns, 743932 nonzeros
Presolved model has 3166 quadratic objective terms
Ordering time: 0.15s

Barrier statistics:
 AA' NZ     : 3.709e+05
 Factor NZ  : 3.905e+06 (roughly 230 MB of memory)
 Factor Ops : 2.623e+08 (less than 1 second per iteration)
 Threads    : 8

                  Objective                Residual
Iter       Primal          Dual         Primal    Dual     Compl     Time
   0  -1.22466045e+09  8.63517425e+08  7.80e+04 1.14e-13  1.00e+06     1s
   1  -5.85742648e+08  5.07976560e+08  1.69e+04 1.44e+02  2.23e+05     1s
   2  -2.82434129e+08  2.81995027e+08  2.13e+02 8.69e-01  3.96e+03     1s
   3  -6.55833255e+07  6.61786494e+07  1.76e+00 1.62e-12  2.85e+02     1s
   4  -1.25708105e+07  1.31966944e+07  1.53e-01 4.83e-12  5.32e+01     1s
   5  -2.28690500e+06  2.53083817e+06  1.14e-02 1.20e-12  9.74e+00     1s
   6  -3.34328927e+05  3.84146506e+05  1.14e-08 7.92e-13  1.45e+00     2s
   7  -5.04632126e+04  6.35330264e+04  1.17e-13 6.49e-13  2.29e-01     2s
   8  -7.72414693e+03  9.03787127e+03  4.51e-14 1.87e-13  3.37e-02     2s
   9  -1.28026160e+03  1.49882146e+03  2.11e-14 4.80e-14  5.59e-03     2s
  10  -2.16795066e+02  1.68967669e+02  7.68e-15 2.84e-14  7.76e-04     2s
  11  -4.80190381e+01  2.57173884e+01  1.82e-15 2.84e-14  1.48e-04     2s
  12  -8.00926386e+00  3.20698176e+00  1.24e-15 2.84e-14  2.26e-05     2s
  13  -1.56036048e+00  6.50926601e-01  2.99e-16 2.84e-14  4.45e-06     2s
  14  -4.81059059e-01  3.46748511e-01  1.45e-16 2.84e-14  1.67e-06     2s
  15  -3.33675784e-02  1.72542142e-01  3.69e-17 2.84e-14  4.14e-07     2s
  16   2.37774824e-02  1.53494766e-01  2.43e-17 4.26e-14  2.61e-07     3s
  17   9.09044633e-02  1.29269077e-01  1.98e-17 2.84e-14  7.72e-08     3s
  18   1.06324887e-01  1.23800995e-01  1.05e-17 4.26e-14  3.52e-08     3s
  19   1.18070783e-01  1.19717399e-01  2.82e-17 2.84e-14  3.31e-09     3s
  20   1.19175553e-01  1.19333906e-01  1.33e-17 1.78e-14  3.19e-10     3s
  21   1.19290734e-01  1.19294067e-01  1.57e-17 4.26e-14  6.71e-12     3s
  22   1.19293203e-01  1.19293213e-01  1.11e-16 2.84e-14  2.01e-14     3s
  23   1.19293210e-01  1.19293211e-01  3.40e-15 2.84e-14  2.27e-15     3s
  24   1.19293211e-01  1.19293211e-01  3.70e-15 2.84e-14  6.77e-16     3s
  25   1.19293211e-01  1.19293211e-01  8.84e-16 1.60e-14  1.64e-16     3s
  26   1.19293211e-01  1.19293211e-01  6.01e-16 2.84e-14  6.06e-17     3s

Barrier solved model in 26 iterations and 3.33 seconds (3.07 work units)
Optimal objective 1.19293211e-01

objective value: 0.11929321080498324
Done! Time elapsed: 25.403472661972046 seconds.
g_0_1: 1.0000003267672004
g_1_1: 1.0000001873971505
g_1_2: 1.0000005282938615
g_2_1: 1.0000003242262345
g_2_2: 1.0000009140308368
g_2_3: 1.0000003242262347
g_2_4: 1.0000009140308166
Parameters from last iteration: [0.17400006 0.70700013 0.17400009 0.70700023 0.17400016 0.70700023
 0.17400016]

Parameters from current iteration:
                [0.17400006 0.70700013 0.17400009 0.70700023 0.17400016 0.70700023
 0.17400016]


                Percentage Error = 3.1406581744323703e-16
                
year done: 151
Time 152: 2
Optimization Iteration[1/20000]

Solving the optimization problem...
Set parameter TokenServer to value "licenses.rcc.uchicago.edu"
Read LP format model from file /scratch/local/jobs/50183986/tmpf8uyo3v5.pyomo.lp
Reading time = 1.36 seconds
x1: 258121 rows, 502401 columns, 1259970 nonzeros
Set parameter Threads to value 8
Set parameter BarConvTol to value 1e-12
Gurobi Optimizer version 11.0.0 build v11.0.0rc2 (linux64 - "CentOS Linux 8")

CPU model: Intel(R) Xeon(R) Gold 6248R CPU @ 3.00GHz, instruction set [SSE2|AVX|AVX2|AVX512]
Thread count: 48 physical cores, 48 logical processors, using up to 8 threads

Optimize a model with 258121 rows, 502401 columns and 1259970 nonzeros
Model fingerprint: 0xcc9dcda8
Model has 3166 quadratic objective terms
Coefficient statistics:
  Matrix range     [1e+00, 1e+03]
  Objective range  [1e-06, 1e+02]
  QObjective range [3e-01, 3e+03]
  Bounds range     [3e-04, 1e+00]
  RHS range        [2e-17, 6e+00]
Presolve removed 131481 rows and 128813 columns
Presolve time: 0.55s
Presolved: 126640 rows, 373588 columns, 743932 nonzeros
Presolved model has 3166 quadratic objective terms
Ordering time: 0.16s

Barrier statistics:
 AA' NZ     : 3.709e+05
 Factor NZ  : 3.905e+06 (roughly 230 MB of memory)
 Factor Ops : 2.623e+08 (less than 1 second per iteration)
 Threads    : 8

                  Objective                Residual
Iter       Primal          Dual         Primal    Dual     Compl     Time
   0  -1.22466045e+09  8.63517425e+08  7.80e+04 1.14e-13  1.00e+06     1s
   1  -5.85742648e+08  5.07976560e+08  1.69e+04 1.44e+02  2.23e+05     1s
   2  -2.82434129e+08  2.81995027e+08  2.13e+02 8.69e-01  3.96e+03     1s
   3  -6.55833255e+07  6.61786494e+07  1.76e+00 1.43e-12  2.85e+02     1s
   4  -1.25708105e+07  1.31966944e+07  1.53e-01 3.72e-12  5.32e+01     1s
   5  -2.28690500e+06  2.53083817e+06  1.14e-02 1.45e-12  9.74e+00     1s
   6  -3.34328928e+05  3.84146505e+05  1.14e-08 2.34e-12  1.45e+00     2s
   7  -5.04632131e+04  6.35330259e+04  1.19e-13 7.37e-13  2.29e-01     2s
   8  -7.72414744e+03  9.03787076e+03  4.16e-14 1.77e-13  3.37e-02     2s
   9  -1.28026211e+03  1.49882095e+03  1.94e-14 5.68e-14  5.59e-03     2s
  10  -2.16795580e+02  1.68967155e+02  1.06e-14 4.26e-14  7.76e-04     2s
  11  -4.80195516e+01  2.57168748e+01  2.35e-15 2.84e-14  1.48e-04     2s
  12  -8.00977740e+00  3.20646822e+00  1.29e-15 2.49e-14  2.26e-05     2s
  13  -1.56087402e+00  6.50413061e-01  2.94e-16 2.84e-14  4.45e-06     2s
  14  -4.81572599e-01  3.46234971e-01  1.32e-16 2.84e-14  1.67e-06     2s
  15  -3.38811181e-02  1.72028602e-01  3.90e-17 2.84e-14  4.14e-07     2s
  16   2.32639427e-02  1.52981227e-01  2.46e-17 2.84e-14  2.61e-07     3s
  17   9.03909236e-02  1.28755538e-01  2.27e-17 2.84e-14  7.72e-08     3s
  18   1.05811348e-01  1.23287455e-01  1.08e-17 2.84e-14  3.52e-08     3s
  19   1.17557243e-01  1.19203859e-01  3.57e-17 1.60e-14  3.31e-09     3s
  20   1.18662013e-01  1.18820366e-01  1.46e-17 2.31e-14  3.19e-10     3s
  21   1.18777195e-01  1.18780528e-01  1.52e-17 2.84e-14  6.71e-12     3s
  22   1.18779664e-01  1.18779674e-01  1.12e-16 2.84e-14  2.01e-14     3s
  23   1.18779670e-01  1.18779671e-01  3.22e-15 2.84e-14  2.26e-15     3s
  24   1.18779671e-01  1.18779671e-01  4.61e-15 2.84e-14  6.74e-16     3s
  25   1.18779671e-01  1.18779671e-01  1.04e-15 2.84e-14  1.63e-16     3s
  26   1.18779671e-01  1.18779671e-01  5.45e-16 2.84e-14  6.02e-17     3s

Barrier solved model in 26 iterations and 3.34 seconds (3.07 work units)
Optimal objective 1.18779671e-01

objective value: 0.11877967112918285
Done! Time elapsed: 24.023653030395508 seconds.
g_0_1: 1.0000003267672004
g_1_1: 1.0000001873971505
g_1_2: 1.0000005282938615
g_2_1: 1.0000003242262345
g_2_2: 1.0000009140308366
g_2_3: 1.0000003242262347
g_2_4: 1.0000009140308166
Parameters from last iteration: [0.17400006 0.70700013 0.17400009 0.70700023 0.17400016 0.70700023
 0.17400016]

Parameters from current iteration:
                [0.17400006 0.70700013 0.17400009 0.70700023 0.17400016 0.70700023
 0.17400016]


                Percentage Error = 1.5951465658735684e-16
                
year done: 152
Time 153: 2
Optimization Iteration[1/20000]

Solving the optimization problem...
Set parameter TokenServer to value "licenses.rcc.uchicago.edu"
Read LP format model from file /scratch/local/jobs/50183986/tmpx0hm5lgc.pyomo.lp
Reading time = 1.37 seconds
x1: 258121 rows, 502401 columns, 1259970 nonzeros
Set parameter Threads to value 8
Set parameter BarConvTol to value 1e-12
Gurobi Optimizer version 11.0.0 build v11.0.0rc2 (linux64 - "CentOS Linux 8")

CPU model: Intel(R) Xeon(R) Gold 6248R CPU @ 3.00GHz, instruction set [SSE2|AVX|AVX2|AVX512]
Thread count: 48 physical cores, 48 logical processors, using up to 8 threads

Optimize a model with 258121 rows, 502401 columns and 1259970 nonzeros
Model fingerprint: 0x988a6828
Model has 3166 quadratic objective terms
Coefficient statistics:
  Matrix range     [1e+00, 1e+03]
  Objective range  [1e-06, 1e+02]
  QObjective range [3e-01, 3e+03]
  Bounds range     [3e-04, 1e+00]
  RHS range        [2e-17, 6e+00]
Presolve removed 131481 rows and 128813 columns
Presolve time: 0.63s
Presolved: 126640 rows, 373588 columns, 743932 nonzeros
Presolved model has 3166 quadratic objective terms
Ordering time: 0.16s

Barrier statistics:
 AA' NZ     : 3.709e+05
 Factor NZ  : 3.905e+06 (roughly 230 MB of memory)
 Factor Ops : 2.623e+08 (less than 1 second per iteration)
 Threads    : 8

                  Objective                Residual
Iter       Primal          Dual         Primal    Dual     Compl     Time
   0  -1.22466045e+09  8.63517425e+08  7.80e+04 1.14e-13  1.00e+06     1s
   1  -5.85742648e+08  5.07976560e+08  1.69e+04 1.44e+02  2.23e+05     1s
   2  -2.82434129e+08  2.81995027e+08  2.13e+02 8.69e-01  3.96e+03     1s
   3  -6.55833255e+07  6.61786494e+07  1.76e+00 1.47e-12  2.85e+02     1s
   4  -1.25708105e+07  1.31966944e+07  1.53e-01 4.44e-12  5.32e+01     2s
   5  -2.28690500e+06  2.53083817e+06  1.14e-02 1.42e-12  9.74e+00     2s
   6  -3.34328928e+05  3.84146505e+05  1.14e-08 7.93e-13  1.45e+00     2s
   7  -5.04632136e+04  6.35330254e+04  1.65e-13 7.23e-13  2.29e-01     2s
   8  -7.72414793e+03  9.03787026e+03  4.87e-14 1.69e-13  3.37e-02     2s
   9  -1.28026260e+03  1.49882045e+03  2.00e-14 3.64e-14  5.59e-03     2s
  10  -2.16796070e+02  1.68966665e+02  1.11e-14 2.84e-14  7.76e-04     2s
  11  -4.80200420e+01  2.57163844e+01  2.36e-15 4.26e-14  1.48e-04     2s
  12  -8.01026783e+00  3.20597779e+00  1.31e-15 2.84e-14  2.26e-05     2s
  13  -1.56136445e+00  6.49922635e-01  2.94e-16 2.84e-14  4.45e-06     3s
  14  -4.82063026e-01  3.45744545e-01  1.59e-16 2.84e-14  1.67e-06     3s
  15  -3.43715447e-02  1.71538175e-01  4.08e-17 2.13e-14  4.14e-07     3s
  16   2.27735161e-02  1.52490800e-01  3.26e-17 2.84e-14  2.61e-07     3s
  17   8.99004971e-02  1.28265111e-01  2.14e-17 2.84e-14  7.72e-08     3s
  18   1.05320921e-01  1.22797029e-01  1.09e-17 2.84e-14  3.52e-08     3s
  19   1.17066817e-01  1.18713433e-01  1.95e-17 2.84e-14  3.31e-09     3s
  20   1.18171586e-01  1.18329940e-01  1.11e-17 2.84e-14  3.19e-10     3s
  21   1.18286768e-01  1.18290101e-01  1.61e-17 2.84e-14  6.71e-12     3s
  22   1.18289237e-01  1.18289247e-01  1.15e-16 2.84e-14  2.01e-14     3s
  23   1.18289244e-01  1.18289245e-01  2.51e-15 4.26e-14  2.25e-15     3s
  24   1.18289244e-01  1.18289245e-01  3.85e-15 2.84e-14  6.71e-16     3s
  25   1.18289245e-01  1.18289245e-01  9.79e-16 1.69e-14  1.62e-16     4s
  26   1.18289245e-01  1.18289245e-01  7.68e-16 2.84e-14  5.98e-17     4s

Barrier solved model in 26 iterations and 3.67 seconds (3.07 work units)
Optimal objective 1.18289245e-01

objective value: 0.11828924454618248
Done! Time elapsed: 25.076432466506958 seconds.
g_0_1: 1.0000003267672006
g_1_1: 1.0000001873971505
g_1_2: 1.0000005282938615
g_2_1: 1.0000003242262343
g_2_2: 1.0000009140308366
g_2_3: 1.0000003242262345
g_2_4: 1.0000009140308166
Parameters from last iteration: [0.17400006 0.70700013 0.17400009 0.70700023 0.17400016 0.70700023
 0.17400016]

Parameters from current iteration:
                [0.17400006 0.70700013 0.17400009 0.70700023 0.17400016 0.70700023
 0.17400016]


                Percentage Error = 3.1406581744323693e-16
                
year done: 153
Time 154: 2
Optimization Iteration[1/20000]

Solving the optimization problem...
Set parameter TokenServer to value "licenses.rcc.uchicago.edu"
Read LP format model from file /scratch/local/jobs/50183986/tmptorm_724.pyomo.lp
Reading time = 1.36 seconds
x1: 258121 rows, 502401 columns, 1259970 nonzeros
Set parameter Threads to value 8
Set parameter BarConvTol to value 1e-12
Gurobi Optimizer version 11.0.0 build v11.0.0rc2 (linux64 - "CentOS Linux 8")

CPU model: Intel(R) Xeon(R) Gold 6248R CPU @ 3.00GHz, instruction set [SSE2|AVX|AVX2|AVX512]
Thread count: 48 physical cores, 48 logical processors, using up to 8 threads

Optimize a model with 258121 rows, 502401 columns and 1259970 nonzeros
Model fingerprint: 0xf0a364c8
Model has 3166 quadratic objective terms
Coefficient statistics:
  Matrix range     [1e+00, 1e+03]
  Objective range  [1e-06, 1e+02]
  QObjective range [3e-01, 3e+03]
  Bounds range     [3e-04, 1e+00]
  RHS range        [2e-17, 6e+00]
Presolve removed 131481 rows and 128813 columns
Presolve time: 0.56s
Presolved: 126640 rows, 373588 columns, 743932 nonzeros
Presolved model has 3166 quadratic objective terms
Ordering time: 0.16s

Barrier statistics:
 AA' NZ     : 3.709e+05
 Factor NZ  : 3.905e+06 (roughly 230 MB of memory)
 Factor Ops : 2.623e+08 (less than 1 second per iteration)
 Threads    : 8

                  Objective                Residual
Iter       Primal          Dual         Primal    Dual     Compl     Time
   0  -1.22466045e+09  8.63517425e+08  7.80e+04 1.14e-13  1.00e+06     1s
   1  -5.85742648e+08  5.07976560e+08  1.69e+04 1.44e+02  2.23e+05     1s
   2  -2.82434129e+08  2.81995027e+08  2.13e+02 8.69e-01  3.96e+03     1s
   3  -6.55833255e+07  6.61786494e+07  1.76e+00 1.40e-12  2.85e+02     1s
   4  -1.25708105e+07  1.31966944e+07  1.53e-01 4.14e-12  5.32e+01     1s
   5  -2.28690500e+06  2.53083817e+06  1.14e-02 1.23e-12  9.74e+00     1s
   6  -3.34328929e+05  3.84146504e+05  1.14e-08 1.88e-12  1.45e+00     2s
   7  -5.04632141e+04  6.35330249e+04  1.35e-13 6.81e-13  2.29e-01     2s
   8  -7.72414840e+03  9.03786980e+03  3.93e-14 1.73e-13  3.37e-02     2s
   9  -1.28026307e+03  1.49881999e+03  2.17e-14 5.68e-14  5.59e-03     2s
  10  -2.16796539e+02  1.68966196e+02  8.99e-15 4.26e-14  7.76e-04     2s
  11  -4.80205104e+01  2.57159160e+01  1.95e-15 2.13e-14  1.48e-04     2s
  12  -8.01073618e+00  3.20550944e+00  1.43e-15 4.26e-14  2.26e-05     2s
  13  -1.56183280e+00  6.49454281e-01  2.80e-16 2.84e-14  4.45e-06     2s
  14  -4.82531379e-01  3.45276191e-01  1.37e-16 2.84e-14  1.67e-06     2s
  15  -3.48398984e-02  1.71069822e-01  4.21e-17 5.68e-14  4.14e-07     2s
  16   2.23051624e-02  1.52022446e-01  2.43e-17 2.22e-14  2.61e-07     3s
  17   8.94321433e-02  1.27796757e-01  1.88e-17 2.84e-14  7.72e-08     3s
  18   1.04852567e-01  1.22328675e-01  1.06e-17 2.84e-14  3.52e-08     3s
  19   1.16598463e-01  1.18245079e-01  2.53e-17 2.84e-14  3.31e-09     3s
  20   1.17703233e-01  1.17861586e-01  1.06e-17 2.84e-14  3.19e-10     3s
  21   1.17818414e-01  1.17821747e-01  1.60e-17 2.84e-14  6.71e-12     3s
  22   1.17820883e-01  1.17820893e-01  1.42e-16 2.31e-14  2.01e-14     3s
  23   1.17820890e-01  1.17820891e-01  2.57e-15 2.84e-14  2.23e-15     3s
  24   1.17820891e-01  1.17820891e-01  3.93e-15 2.84e-14  6.68e-16     3s
  25   1.17820891e-01  1.17820891e-01  1.08e-15 2.84e-14  1.61e-16     3s
  26   1.17820891e-01  1.17820891e-01  5.86e-16 1.42e-14  5.93e-17     3s

Barrier solved model in 26 iterations and 3.35 seconds (3.07 work units)
Optimal objective 1.17820891e-01

objective value: 0.11782089079544658
Done! Time elapsed: 24.735037803649902 seconds.
g_0_1: 1.0000003267672006
g_1_1: 1.0000001873971505
g_1_2: 1.0000005282938618
g_2_1: 1.0000003242262343
g_2_2: 1.0000009140308364
g_2_3: 1.0000003242262345
g_2_4: 1.0000009140308166
Parameters from last iteration: [0.17400006 0.70700013 0.17400009 0.70700023 0.17400016 0.70700023
 0.17400016]

Parameters from current iteration:
                [0.17400006 0.70700013 0.17400009 0.70700023 0.17400016 0.70700023
 0.17400016]


                Percentage Error = 3.190293131747137e-16
                
year done: 154
Time 155: 2
Optimization Iteration[1/20000]

Solving the optimization problem...
Set parameter TokenServer to value "licenses.rcc.uchicago.edu"
Read LP format model from file /scratch/local/jobs/50183986/tmpavbhy959.pyomo.lp
Reading time = 1.36 seconds
x1: 258121 rows, 502401 columns, 1259970 nonzeros
Set parameter Threads to value 8
Set parameter BarConvTol to value 1e-12
Gurobi Optimizer version 11.0.0 build v11.0.0rc2 (linux64 - "CentOS Linux 8")

CPU model: Intel(R) Xeon(R) Gold 6248R CPU @ 3.00GHz, instruction set [SSE2|AVX|AVX2|AVX512]
Thread count: 48 physical cores, 48 logical processors, using up to 8 threads

Optimize a model with 258121 rows, 502401 columns and 1259970 nonzeros
Model fingerprint: 0xdaace530
Model has 3166 quadratic objective terms
Coefficient statistics:
  Matrix range     [1e+00, 1e+03]
  Objective range  [1e-06, 1e+02]
  QObjective range [3e-01, 3e+03]
  Bounds range     [3e-04, 1e+00]
  RHS range        [2e-17, 6e+00]
Presolve removed 131481 rows and 128813 columns
Presolve time: 0.63s
Presolved: 126640 rows, 373588 columns, 743932 nonzeros
Presolved model has 3166 quadratic objective terms
Ordering time: 0.17s

Barrier statistics:
 AA' NZ     : 3.709e+05
 Factor NZ  : 3.905e+06 (roughly 230 MB of memory)
 Factor Ops : 2.623e+08 (less than 1 second per iteration)
 Threads    : 8

                  Objective                Residual
Iter       Primal          Dual         Primal    Dual     Compl     Time
   0  -1.22466045e+09  8.63517425e+08  7.80e+04 1.14e-13  1.00e+06     1s
   1  -5.85742648e+08  5.07976560e+08  1.69e+04 1.44e+02  2.23e+05     1s
   2  -2.82434129e+08  2.81995027e+08  2.13e+02 8.69e-01  3.96e+03     1s
   3  -6.55833255e+07  6.61786494e+07  1.76e+00 1.47e-12  2.85e+02     1s
   4  -1.25708105e+07  1.31966944e+07  1.53e-01 3.25e-12  5.32e+01     2s
   5  -2.28690500e+06  2.53083817e+06  1.14e-02 1.39e-12  9.74e+00     2s
   6  -3.34328929e+05  3.84146504e+05  1.14e-08 7.69e-13  1.45e+00     2s
   7  -5.04632145e+04  6.35330245e+04  1.37e-13 6.62e-13  2.29e-01     2s
   8  -7.72414885e+03  9.03786935e+03  6.18e-14 1.66e-13  3.37e-02     2s
   9  -1.28026352e+03  1.49881954e+03  2.00e-14 5.68e-14  5.59e-03     2s
  10  -2.16796986e+02  1.68965749e+02  1.06e-14 2.84e-14  7.76e-04     2s
  11  -4.80209577e+01  2.57154688e+01  2.39e-15 2.53e-14  1.48e-04     2s
  12  -8.01118345e+00  3.20506217e+00  1.17e-15 2.84e-14  2.26e-05     2s
  13  -1.56228007e+00  6.49007007e-01  3.12e-16 2.84e-14  4.45e-06     3s
  14  -4.82978654e-01  3.44828917e-01  1.34e-16 2.84e-14  1.67e-06     3s
  15  -3.52871728e-02  1.70622547e-01  3.73e-17 2.84e-14  4.14e-07     3s
  16   2.18578880e-02  1.51575172e-01  2.68e-17 2.84e-14  2.61e-07     3s
  17   8.89848689e-02  1.27349483e-01  1.72e-17 2.84e-14  7.72e-08     3s
  18   1.04405293e-01  1.21881401e-01  1.33e-17 2.84e-14  3.52e-08     3s
  19   1.16151189e-01  1.17797805e-01  2.50e-17 2.84e-14  3.31e-09     3s
  20   1.17255958e-01  1.17414312e-01  1.06e-17 5.68e-14  3.19e-10     3s
  21   1.17371140e-01  1.17374473e-01  1.61e-17 2.84e-14  6.71e-12     3s
  22   1.17373609e-01  1.17373619e-01  1.09e-16 1.95e-14  2.01e-14     3s
  23   1.17373616e-01  1.17373617e-01  2.63e-15 2.84e-14  2.22e-15     3s
  24   1.17373616e-01  1.17373617e-01  5.12e-15 2.84e-14  6.65e-16     3s
  25   1.17373616e-01  1.17373616e-01  1.08e-15 2.84e-14  1.61e-16     4s
  26   1.17373616e-01  1.17373616e-01  5.96e-16 2.13e-14  5.89e-17     4s

Barrier solved model in 26 iterations and 3.67 seconds (3.07 work units)
Optimal objective 1.17373616e-01

objective value: 0.11737361643587403
Done! Time elapsed: 25.12475299835205 seconds.
g_0_1: 1.0000003267672004
g_1_1: 1.0000001873971507
g_1_2: 1.0000005282938615
g_2_1: 1.0000003242262345
g_2_2: 1.0000009140308361
g_2_3: 1.0000003242262347
g_2_4: 1.0000009140308166
Parameters from last iteration: [0.17400006 0.70700013 0.17400009 0.70700023 0.17400016 0.70700023
 0.17400016]

Parameters from current iteration:
                [0.17400006 0.70700013 0.17400009 0.70700023 0.17400016 0.70700023
 0.17400016]


                Percentage Error = 3.14065860416567e-16
                
year done: 155
Time 156: 2
Optimization Iteration[1/20000]

Solving the optimization problem...
Set parameter TokenServer to value "licenses.rcc.uchicago.edu"
Read LP format model from file /scratch/local/jobs/50183986/tmpxl6jh5st.pyomo.lp
Reading time = 1.37 seconds
x1: 258121 rows, 502401 columns, 1259970 nonzeros
Set parameter Threads to value 8
Set parameter BarConvTol to value 1e-12
Gurobi Optimizer version 11.0.0 build v11.0.0rc2 (linux64 - "CentOS Linux 8")

CPU model: Intel(R) Xeon(R) Gold 6248R CPU @ 3.00GHz, instruction set [SSE2|AVX|AVX2|AVX512]
Thread count: 48 physical cores, 48 logical processors, using up to 8 threads

Optimize a model with 258121 rows, 502401 columns and 1259970 nonzeros
Model fingerprint: 0xe4f0e95d
Model has 3166 quadratic objective terms
Coefficient statistics:
  Matrix range     [1e+00, 1e+03]
  Objective range  [1e-06, 1e+02]
  QObjective range [3e-01, 3e+03]
  Bounds range     [3e-04, 1e+00]
  RHS range        [2e-17, 6e+00]
Presolve removed 131481 rows and 128813 columns
Presolve time: 0.62s
Presolved: 126640 rows, 373588 columns, 743932 nonzeros
Presolved model has 3166 quadratic objective terms
Ordering time: 0.16s

Barrier statistics:
 AA' NZ     : 3.709e+05
 Factor NZ  : 3.905e+06 (roughly 230 MB of memory)
 Factor Ops : 2.623e+08 (less than 1 second per iteration)
 Threads    : 8

                  Objective                Residual
Iter       Primal          Dual         Primal    Dual     Compl     Time
   0  -1.22466045e+09  8.63517425e+08  7.80e+04 1.14e-13  1.00e+06     1s
   1  -5.85742648e+08  5.07976560e+08  1.69e+04 1.44e+02  2.23e+05     1s
   2  -2.82434129e+08  2.81995027e+08  2.13e+02 8.69e-01  3.96e+03     1s
   3  -6.55833255e+07  6.61786494e+07  1.76e+00 1.44e-12  2.85e+02     1s
   4  -1.25708105e+07  1.31966944e+07  1.53e-01 5.28e-12  5.32e+01     2s
   5  -2.28690500e+06  2.53083817e+06  1.14e-02 1.44e-12  9.74e+00     2s
   6  -3.34328930e+05  3.84146504e+05  1.14e-08 9.76e-13  1.45e+00     2s
   7  -5.04632149e+04  6.35330241e+04  1.36e-13 6.59e-13  2.29e-01     2s
   8  -7.72414928e+03  9.03786892e+03  4.67e-14 1.73e-13  3.37e-02     2s
   9  -1.28026394e+03  1.49881911e+03  1.48e-14 4.26e-14  5.59e-03     2s
  10  -2.16797413e+02  1.68965322e+02  9.57e-15 2.84e-14  7.76e-04     2s
  11  -4.80213848e+01  2.57150416e+01  2.11e-15 2.84e-14  1.48e-04     2s
  12  -8.01161060e+00  3.20463502e+00  1.22e-15 2.84e-14  2.26e-05     2s
  13  -1.56270722e+00  6.48579863e-01  2.90e-16 2.84e-14  4.45e-06     3s
  14  -4.83405797e-01  3.44401773e-01  1.49e-16 2.84e-14  1.67e-06     3s
  15  -3.57143165e-02  1.70195404e-01  4.25e-17 2.84e-14  4.14e-07     3s
  16   2.14307443e-02  1.51148028e-01  2.46e-17 2.84e-14  2.61e-07     3s
  17   8.85577253e-02  1.26922339e-01  1.63e-17 2.84e-14  7.72e-08     3s
  18   1.03978149e-01  1.21454257e-01  1.48e-17 2.84e-14  3.52e-08     3s
  19   1.15724045e-01  1.17370661e-01  3.07e-17 2.84e-14  3.31e-09     3s
  20   1.16828815e-01  1.16987168e-01  1.05e-17 2.84e-14  3.19e-10     3s
  21   1.16943996e-01  1.16947329e-01  2.39e-17 2.84e-14  6.71e-12     3s
  22   1.16946465e-01  1.16946475e-01  9.53e-17 2.84e-14  2.01e-14     3s
  23   1.16946472e-01  1.16946473e-01  2.77e-15 2.84e-14  2.21e-15     3s
  24   1.16946473e-01  1.16946473e-01  4.46e-15 2.84e-14  6.62e-16     3s
  25   1.16946473e-01  1.16946473e-01  9.27e-16 1.60e-14  1.60e-16     4s
  26   1.16946473e-01  1.16946473e-01  5.39e-16 1.69e-14  5.85e-17     4s

Barrier solved model in 26 iterations and 3.64 seconds (3.07 work units)
Optimal objective 1.16946473e-01

objective value: 0.11694647273858097
Done! Time elapsed: 26.47692632675171 seconds.
g_0_1: 1.0000003267672004
g_1_1: 1.0000001873971505
g_1_2: 1.0000005282938613
g_2_1: 1.0000003242262345
g_2_2: 1.0000009140308361
g_2_3: 1.0000003242262347
g_2_4: 1.0000009140308166
Parameters from last iteration: [0.17400006 0.70700013 0.17400009 0.70700023 0.17400016 0.70700023
 0.17400016]

Parameters from current iteration:
                [0.17400006 0.70700013 0.17400009 0.70700023 0.17400016 0.70700023
 0.17400016]


                Percentage Error = 3.140658604165669e-16
                
year done: 156
Time 157: 2
Optimization Iteration[1/20000]

Solving the optimization problem...
Set parameter TokenServer to value "licenses.rcc.uchicago.edu"
Read LP format model from file /scratch/local/jobs/50183986/tmpsatl3k0v.pyomo.lp
Reading time = 1.37 seconds
x1: 258121 rows, 502401 columns, 1259970 nonzeros
Set parameter Threads to value 8
Set parameter BarConvTol to value 1e-12
Gurobi Optimizer version 11.0.0 build v11.0.0rc2 (linux64 - "CentOS Linux 8")

CPU model: Intel(R) Xeon(R) Gold 6248R CPU @ 3.00GHz, instruction set [SSE2|AVX|AVX2|AVX512]
Thread count: 48 physical cores, 48 logical processors, using up to 8 threads

Optimize a model with 258121 rows, 502401 columns and 1259970 nonzeros
Model fingerprint: 0xc61cc2da
Model has 3166 quadratic objective terms
Coefficient statistics:
  Matrix range     [1e+00, 1e+03]
  Objective range  [1e-06, 1e+02]
  QObjective range [3e-01, 3e+03]
  Bounds range     [3e-04, 1e+00]
  RHS range        [2e-17, 6e+00]
Presolve removed 131481 rows and 128813 columns
Presolve time: 0.63s
Presolved: 126640 rows, 373588 columns, 743932 nonzeros
Presolved model has 3166 quadratic objective terms
Ordering time: 0.16s

Barrier statistics:
 AA' NZ     : 3.709e+05
 Factor NZ  : 3.905e+06 (roughly 230 MB of memory)
 Factor Ops : 2.623e+08 (less than 1 second per iteration)
 Threads    : 8

                  Objective                Residual
Iter       Primal          Dual         Primal    Dual     Compl     Time
   0  -1.22466045e+09  8.63517425e+08  7.80e+04 1.14e-13  1.00e+06     1s
   1  -5.85742648e+08  5.07976560e+08  1.69e+04 1.44e+02  2.23e+05     1s
   2  -2.82434129e+08  2.81995027e+08  2.13e+02 8.69e-01  3.96e+03     1s
   3  -6.55833255e+07  6.61786494e+07  1.76e+00 1.46e-12  2.85e+02     1s
   4  -1.25708105e+07  1.31966944e+07  1.53e-01 6.49e-12  5.32e+01     2s
   5  -2.28690500e+06  2.53083817e+06  1.14e-02 1.21e-12  9.74e+00     2s
   6  -3.34328930e+05  3.84146503e+05  1.14e-08 7.86e-13  1.45e+00     2s
   7  -5.04632153e+04  6.35330237e+04  1.42e-13 7.72e-13  2.29e-01     2s
   8  -7.72414969e+03  9.03786851e+03  4.59e-14 2.18e-13  3.37e-02     2s
   9  -1.28026435e+03  1.49881870e+03  1.88e-14 5.68e-14  5.59e-03     2s
  10  -2.16797821e+02  1.68964914e+02  8.14e-15 2.84e-14  7.76e-04     2s
  11  -4.80217927e+01  2.57146337e+01  2.41e-15 2.84e-14  1.48e-04     2s
  12  -8.01201852e+00  3.20422710e+00  1.53e-15 1.95e-14  2.26e-05     2s
  13  -1.56311514e+00  6.48171944e-01  2.61e-16 1.60e-14  4.45e-06     3s
  14  -4.83813717e-01  3.43993854e-01  1.48e-16 2.84e-14  1.67e-06     3s
  15  -3.61222356e-02  1.69787485e-01  3.60e-17 1.95e-14  4.14e-07     3s
  16   2.10228252e-02  1.50740109e-01  1.99e-17 2.84e-14  2.61e-07     3s
  17   8.81498062e-02  1.26514420e-01  2.74e-17 2.84e-14  7.72e-08     3s
  18   1.03570230e-01  1.21046338e-01  2.50e-17 2.84e-14  3.52e-08     3s
  19   1.15316126e-01  1.16962742e-01  1.91e-17 2.84e-14  3.31e-09     3s
  20   1.16420896e-01  1.16579249e-01  1.29e-17 2.84e-14  3.19e-10     3s
  21   1.16536077e-01  1.16539410e-01  2.39e-17 5.68e-14  6.71e-12     3s
  22   1.16538546e-01  1.16538556e-01  1.09e-16 2.84e-14  2.01e-14     3s
  23   1.16538553e-01  1.16538554e-01  2.56e-15 2.84e-14  2.19e-15     3s
  24   1.16538553e-01  1.16538554e-01  4.21e-15 2.84e-14  6.59e-16     4s
  25   1.16538554e-01  1.16538554e-01  1.17e-15 1.42e-14  1.59e-16     4s
  26   1.16538554e-01  1.16538554e-01  5.17e-16 2.84e-14  5.81e-17     4s

Barrier solved model in 26 iterations and 3.70 seconds (3.07 work units)
Optimal objective 1.16538554e-01

objective value: 0.11653855367451219
Done! Time elapsed: 25.048070430755615 seconds.
g_0_1: 1.0000003267672002
g_1_1: 1.0000001873971505
g_1_2: 1.0000005282938613
g_2_1: 1.0000003242262345
g_2_2: 1.000000914030836
g_2_3: 1.0000003242262347
g_2_4: 1.0000009140308164
Parameters from last iteration: [0.17400006 0.70700013 0.17400009 0.70700023 0.17400016 0.70700023
 0.17400016]

Parameters from current iteration:
                [0.17400006 0.70700013 0.17400009 0.70700023 0.17400016 0.70700023
 0.17400016]


                Percentage Error = 3.19029500528967e-16
                
year done: 157
Time 158: 2
Optimization Iteration[1/20000]

Solving the optimization problem...
Set parameter TokenServer to value "licenses.rcc.uchicago.edu"
Read LP format model from file /scratch/local/jobs/50183986/tmp1lalwu_t.pyomo.lp
Reading time = 1.37 seconds
x1: 258121 rows, 502401 columns, 1259970 nonzeros
Set parameter Threads to value 8
Set parameter BarConvTol to value 1e-12
Gurobi Optimizer version 11.0.0 build v11.0.0rc2 (linux64 - "CentOS Linux 8")

CPU model: Intel(R) Xeon(R) Gold 6248R CPU @ 3.00GHz, instruction set [SSE2|AVX|AVX2|AVX512]
Thread count: 48 physical cores, 48 logical processors, using up to 8 threads

Optimize a model with 258121 rows, 502401 columns and 1259970 nonzeros
Model fingerprint: 0x5db10d33
Model has 3166 quadratic objective terms
Coefficient statistics:
  Matrix range     [1e+00, 1e+03]
  Objective range  [1e-06, 1e+02]
  QObjective range [3e-01, 3e+03]
  Bounds range     [3e-04, 1e+00]
  RHS range        [2e-17, 6e+00]
Presolve removed 131481 rows and 128813 columns
Presolve time: 0.62s
Presolved: 126640 rows, 373588 columns, 743932 nonzeros
Presolved model has 3166 quadratic objective terms
Ordering time: 0.16s

Barrier statistics:
 AA' NZ     : 3.709e+05
 Factor NZ  : 3.905e+06 (roughly 230 MB of memory)
 Factor Ops : 2.623e+08 (less than 1 second per iteration)
 Threads    : 8

                  Objective                Residual
Iter       Primal          Dual         Primal    Dual     Compl     Time
   0  -1.22466045e+09  8.63517425e+08  7.80e+04 1.14e-13  1.00e+06     1s
   1  -5.85742648e+08  5.07976560e+08  1.69e+04 1.44e+02  2.23e+05     1s
   2  -2.82434129e+08  2.81995027e+08  2.13e+02 8.69e-01  3.96e+03     1s
   3  -6.55833255e+07  6.61786494e+07  1.76e+00 2.06e-12  2.85e+02     1s
   4  -1.25708105e+07  1.31966944e+07  1.53e-01 3.24e-12  5.32e+01     2s
   5  -2.28690500e+06  2.53083817e+06  1.14e-02 1.24e-12  9.74e+00     2s
   6  -3.34328931e+05  3.84146503e+05  1.14e-08 1.08e-12  1.45e+00     2s
   7  -5.04632157e+04  6.35330233e+04  1.23e-13 7.16e-13  2.29e-01     2s
   8  -7.72415007e+03  9.03786812e+03  3.92e-14 1.69e-13  3.37e-02     2s
   9  -1.28026474e+03  1.49881831e+03  2.28e-14 5.68e-14  5.59e-03     2s
  10  -2.16798210e+02  1.68964524e+02  6.96e-15 2.84e-14  7.76e-04     2s
  11  -4.80221823e+01  2.57142441e+01  2.25e-15 2.84e-14  1.48e-04     2s
  12  -8.01240808e+00  3.20383754e+00  1.26e-15 2.84e-14  2.26e-05     2s
  13  -1.56350470e+00  6.47782384e-01  3.25e-16 2.84e-14  4.45e-06     3s
  14  -4.84203276e-01  3.43604294e-01  1.58e-16 2.84e-14  1.67e-06     3s
  15  -3.65117952e-02  1.69397925e-01  3.82e-17 2.84e-14  4.14e-07     3s
  16   2.06332656e-02  1.50350549e-01  3.24e-17 2.84e-14  2.61e-07     3s
  17   8.77602465e-02  1.26124861e-01  1.78e-17 2.84e-14  7.72e-08     3s
  18   1.03180670e-01  1.20656778e-01  9.40e-18 2.13e-14  3.52e-08     3s
  19   1.14926566e-01  1.16573182e-01  2.61e-17 2.84e-14  3.31e-09     3s
  20   1.16031336e-01  1.16189689e-01  1.49e-17 2.84e-14  3.19e-10     3s
  21   1.16146518e-01  1.16149851e-01  1.88e-17 2.84e-14  6.71e-12     3s
  22   1.16148987e-01  1.16148997e-01  1.11e-16 2.84e-14  2.01e-14     3s
  23   1.16148993e-01  1.16148994e-01  3.16e-15 2.84e-14  2.18e-15     3s
  24   1.16148994e-01  1.16148994e-01  5.06e-15 2.84e-14  6.56e-16     3s
  25   1.16148994e-01  1.16148994e-01  1.12e-15 2.84e-14  1.58e-16     4s
  26   1.16148994e-01  1.16148994e-01  5.31e-16 2.13e-14  5.77e-17     4s

Barrier solved model in 26 iterations and 3.68 seconds (3.07 work units)
Optimal objective 1.16148994e-01

objective value: 0.1161489939926463
Done! Time elapsed: 25.069664478302002 seconds.
g_0_1: 1.0000003267672002
g_1_1: 1.0000001873971505
g_1_2: 1.0000005282938613
g_2_1: 1.0000003242262345
g_2_2: 1.0000009140308357
g_2_3: 1.0000003242262347
g_2_4: 1.0000009140308164
Parameters from last iteration: [0.17400006 0.70700013 0.17400009 0.70700023 0.17400016 0.70700023
 0.17400016]

Parameters from current iteration:
                [0.17400006 0.70700013 0.17400009 0.70700023 0.17400016 0.70700023
 0.17400016]


                Percentage Error = 1.5951465658735698e-16
                
year done: 158
Time 159: 2
Optimization Iteration[1/20000]

Solving the optimization problem...
Set parameter TokenServer to value "licenses.rcc.uchicago.edu"
Read LP format model from file /scratch/local/jobs/50183986/tmp5nwfvw3h.pyomo.lp
Reading time = 1.36 seconds
x1: 258121 rows, 502401 columns, 1259970 nonzeros
Set parameter Threads to value 8
Set parameter BarConvTol to value 1e-12
Gurobi Optimizer version 11.0.0 build v11.0.0rc2 (linux64 - "CentOS Linux 8")

CPU model: Intel(R) Xeon(R) Gold 6248R CPU @ 3.00GHz, instruction set [SSE2|AVX|AVX2|AVX512]
Thread count: 48 physical cores, 48 logical processors, using up to 8 threads

Optimize a model with 258121 rows, 502401 columns and 1259970 nonzeros
Model fingerprint: 0xaf875846
Model has 3166 quadratic objective terms
Coefficient statistics:
  Matrix range     [1e+00, 1e+03]
  Objective range  [1e-06, 1e+02]
  QObjective range [3e-01, 3e+03]
  Bounds range     [3e-04, 1e+00]
  RHS range        [2e-17, 6e+00]
Presolve removed 131481 rows and 128813 columns
Presolve time: 0.55s
Presolved: 126640 rows, 373588 columns, 743932 nonzeros
Presolved model has 3166 quadratic objective terms
Ordering time: 0.16s

Barrier statistics:
 AA' NZ     : 3.709e+05
 Factor NZ  : 3.905e+06 (roughly 230 MB of memory)
 Factor Ops : 2.623e+08 (less than 1 second per iteration)
 Threads    : 8

                  Objective                Residual
Iter       Primal          Dual         Primal    Dual     Compl     Time
   0  -1.22466045e+09  8.63517425e+08  7.80e+04 1.14e-13  1.00e+06     1s
   1  -5.85742648e+08  5.07976560e+08  1.69e+04 1.44e+02  2.23e+05     1s
   2  -2.82434129e+08  2.81995027e+08  2.13e+02 8.69e-01  3.96e+03     1s
   3  -6.55833256e+07  6.61786494e+07  1.76e+00 1.31e-12  2.85e+02     1s
   4  -1.25708105e+07  1.31966944e+07  1.53e-01 5.27e-12  5.32e+01     1s
   5  -2.28690500e+06  2.53083817e+06  1.14e-02 1.24e-12  9.74e+00     1s
   6  -3.34328931e+05  3.84146502e+05  1.14e-08 7.87e-13  1.45e+00     2s
   7  -5.04632161e+04  6.35330229e+04  1.46e-13 6.59e-13  2.29e-01     2s
   8  -7.72415045e+03  9.03786775e+03  4.27e-14 1.88e-13  3.37e-02     2s
   9  -1.28026511e+03  1.49881794e+03  1.48e-14 5.68e-14  5.59e-03     2s
  10  -2.16798582e+02  1.68964152e+02  8.06e-15 2.84e-14  7.76e-04     2s
  11  -4.80225543e+01  2.57138721e+01  2.30e-15 2.84e-14  1.48e-04     2s
  12  -8.01278010e+00  3.20346552e+00  1.00e-15 2.84e-14  2.26e-05     2s
  13  -1.56387672e+00  6.47410358e-01  3.53e-16 2.84e-14  4.45e-06     2s
  14  -4.84575303e-01  3.43232268e-01  1.26e-16 2.84e-14  1.67e-06     2s
  15  -3.68838218e-02  1.69025898e-01  3.73e-17 2.84e-14  4.14e-07     2s
  16   2.02612389e-02  1.49978523e-01  3.11e-17 2.84e-14  2.61e-07     3s
  17   8.73882199e-02  1.25752834e-01  1.93e-17 1.60e-14  7.72e-08     3s
  18   1.02808644e-01  1.20284752e-01  1.05e-17 2.84e-14  3.52e-08     3s
  19   1.14554540e-01  1.16201156e-01  2.41e-17 2.84e-14  3.31e-09     3s
  20   1.15659309e-01  1.15817663e-01  1.21e-17 2.84e-14  3.19e-10     3s
  21   1.15774491e-01  1.15777824e-01  1.61e-17 1.78e-14  6.71e-12     3s
  22   1.15776960e-01  1.15776970e-01  1.20e-16 2.84e-14  2.01e-14     3s
  23   1.15776967e-01  1.15776968e-01  3.04e-15 2.84e-14  2.17e-15     3s
  24   1.15776967e-01  1.15776967e-01  5.37e-15 2.84e-14  6.53e-16     3s
  25   1.15776967e-01  1.15776967e-01  1.04e-15 2.84e-14  1.58e-16     3s
  26   1.15776967e-01  1.15776967e-01  6.59e-16 3.55e-14  5.72e-17     3s

Barrier solved model in 26 iterations and 3.33 seconds (3.07 work units)
Optimal objective 1.15776967e-01

objective value: 0.11577696738466586
Done! Time elapsed: 24.024248123168945 seconds.
g_0_1: 1.0000003267672002
g_1_1: 1.0000001873971505
g_1_2: 1.000000528293861
g_2_1: 1.0000003242262345
g_2_2: 1.0000009140308355
g_2_3: 1.0000003242262347
g_2_4: 1.0000009140308164
Parameters from last iteration: [0.17400006 0.70700013 0.17400009 0.70700023 0.17400016 0.70700023
 0.17400016]

Parameters from current iteration:
                [0.17400006 0.70700013 0.17400009 0.70700023 0.17400016 0.70700023
 0.17400016]


                Percentage Error = 3.19029436236051e-16
                
year done: 159
Time 160: 2
Optimization Iteration[1/20000]

Solving the optimization problem...
Set parameter TokenServer to value "licenses.rcc.uchicago.edu"
Read LP format model from file /scratch/local/jobs/50183986/tmpz8w31ea_.pyomo.lp
Reading time = 1.37 seconds
x1: 258121 rows, 502401 columns, 1259970 nonzeros
Set parameter Threads to value 8
Set parameter BarConvTol to value 1e-12
Gurobi Optimizer version 11.0.0 build v11.0.0rc2 (linux64 - "CentOS Linux 8")

CPU model: Intel(R) Xeon(R) Gold 6248R CPU @ 3.00GHz, instruction set [SSE2|AVX|AVX2|AVX512]
Thread count: 48 physical cores, 48 logical processors, using up to 8 threads

Optimize a model with 258121 rows, 502401 columns and 1259970 nonzeros
Model fingerprint: 0x6240dc6a
Model has 3166 quadratic objective terms
Coefficient statistics:
  Matrix range     [1e+00, 1e+03]
  Objective range  [1e-06, 1e+02]
  QObjective range [3e-01, 3e+03]
  Bounds range     [3e-04, 1e+00]
  RHS range        [2e-17, 6e+00]
Presolve removed 131481 rows and 128813 columns
Presolve time: 0.62s
Presolved: 126640 rows, 373588 columns, 743932 nonzeros
Presolved model has 3166 quadratic objective terms
Ordering time: 0.17s

Barrier statistics:
 AA' NZ     : 3.709e+05
 Factor NZ  : 3.905e+06 (roughly 230 MB of memory)
 Factor Ops : 2.623e+08 (less than 1 second per iteration)
 Threads    : 8

                  Objective                Residual
Iter       Primal          Dual         Primal    Dual     Compl     Time
   0  -1.22466045e+09  8.63517425e+08  7.80e+04 1.14e-13  1.00e+06     1s
   1  -5.85742648e+08  5.07976560e+08  1.69e+04 1.44e+02  2.23e+05     1s
   2  -2.82434129e+08  2.81995027e+08  2.13e+02 8.69e-01  3.96e+03     1s
   3  -6.55833256e+07  6.61786494e+07  1.76e+00 1.40e-12  2.85e+02     1s
   4  -1.25708105e+07  1.31966944e+07  1.53e-01 5.00e-12  5.32e+01     2s
   5  -2.28690500e+06  2.53083817e+06  1.14e-02 1.47e-12  9.74e+00     2s
   6  -3.34328931e+05  3.84146502e+05  1.14e-08 9.22e-13  1.45e+00     2s
   7  -5.04632165e+04  6.35330225e+04  1.42e-13 7.32e-13  2.29e-01     2s
   8  -7.72415080e+03  9.03786740e+03  4.28e-14 2.10e-13  3.37e-02     2s
   9  -1.28026547e+03  1.49881759e+03  1.92e-14 4.22e-14  5.59e-03     2s
  10  -2.16798938e+02  1.68963797e+02  8.48e-15 3.20e-14  7.76e-04     2s
  11  -4.80229096e+01  2.57135168e+01  1.94e-15 2.84e-14  1.48e-04     2s
  12  -8.01313539e+00  3.20311023e+00  1.14e-15 2.84e-14  2.26e-05     2s
  13  -1.56423201e+00  6.47055075e-01  2.84e-16 1.69e-14  4.45e-06     3s
  14  -4.84930585e-01  3.42876985e-01  1.27e-16 2.84e-14  1.67e-06     3s
  15  -3.72391045e-02  1.68670616e-01  4.29e-17 2.84e-14  4.14e-07     3s
  16   1.99059563e-02  1.49623240e-01  2.72e-17 2.84e-14  2.61e-07     3s
  17   8.70329372e-02  1.25397551e-01  2.47e-17 2.84e-14  7.72e-08     3s
  18   1.02453361e-01  1.19929469e-01  1.50e-17 4.26e-14  3.52e-08     3s
  19   1.14199257e-01  1.15845873e-01  3.30e-17 2.84e-14  3.31e-09     3s
  20   1.15304027e-01  1.15462380e-01  1.30e-17 1.78e-14  3.19e-10     3s
  21   1.15419208e-01  1.15422541e-01  1.62e-17 2.84e-14  6.71e-12     3s
  22   1.15421677e-01  1.15421687e-01  1.02e-16 2.84e-14  2.01e-14     3s
  23   1.15421684e-01  1.15421685e-01  2.55e-15 2.84e-14  2.15e-15     3s
  24   1.15421685e-01  1.15421685e-01  4.13e-15 2.84e-14  6.50e-16     3s
  25   1.15421685e-01  1.15421685e-01  1.10e-15 2.84e-14  1.57e-16     4s
  26   1.15421685e-01  1.15421685e-01  5.91e-16 2.13e-14  5.68e-17     4s

Barrier solved model in 26 iterations and 3.68 seconds (3.07 work units)
Optimal objective 1.15421685e-01

objective value: 0.11542168473225271
Done! Time elapsed: 26.867639541625977 seconds.
g_0_1: 1.0000003267672
g_1_1: 1.0000001873971505
g_1_2: 1.0000005282938613
g_2_1: 1.0000003242262345
g_2_2: 1.0000009140308355
g_2_3: 1.0000003242262347
g_2_4: 1.0000009140308166
Parameters from last iteration: [0.17400006 0.70700013 0.17400009 0.70700023 0.17400016 0.70700023
 0.17400016]

Parameters from current iteration:
                [0.17400006 0.70700013 0.17400009 0.70700023 0.17400016 0.70700023
 0.17400016]


                Percentage Error = 3.190294362360511e-16
                
year done: 160
Time 161: 2
Optimization Iteration[1/20000]

Solving the optimization problem...
Set parameter TokenServer to value "licenses.rcc.uchicago.edu"
Read LP format model from file /scratch/local/jobs/50183986/tmpun7mckny.pyomo.lp
Reading time = 1.34 seconds
x1: 258121 rows, 502401 columns, 1259970 nonzeros
Set parameter Threads to value 8
Set parameter BarConvTol to value 1e-12
Gurobi Optimizer version 11.0.0 build v11.0.0rc2 (linux64 - "CentOS Linux 8")

CPU model: Intel(R) Xeon(R) Gold 6248R CPU @ 3.00GHz, instruction set [SSE2|AVX|AVX2|AVX512]
Thread count: 48 physical cores, 48 logical processors, using up to 8 threads

Optimize a model with 258121 rows, 502401 columns and 1259970 nonzeros
Model fingerprint: 0x175f7e65
Model has 3166 quadratic objective terms
Coefficient statistics:
  Matrix range     [1e+00, 1e+03]
  Objective range  [1e-06, 1e+02]
  QObjective range [3e-01, 3e+03]
  Bounds range     [3e-04, 1e+00]
  RHS range        [2e-17, 6e+00]
Presolve removed 131481 rows and 128813 columns
Presolve time: 0.55s
Presolved: 126640 rows, 373588 columns, 743932 nonzeros
Presolved model has 3166 quadratic objective terms
Ordering time: 0.16s

Barrier statistics:
 AA' NZ     : 3.709e+05
 Factor NZ  : 3.905e+06 (roughly 230 MB of memory)
 Factor Ops : 2.623e+08 (less than 1 second per iteration)
 Threads    : 8

                  Objective                Residual
Iter       Primal          Dual         Primal    Dual     Compl     Time
   0  -1.22466045e+09  8.63517425e+08  7.80e+04 1.14e-13  1.00e+06     1s
   1  -5.85742648e+08  5.07976560e+08  1.69e+04 1.44e+02  2.23e+05     1s
   2  -2.82434129e+08  2.81995027e+08  2.13e+02 8.69e-01  3.96e+03     1s
   3  -6.55833256e+07  6.61786494e+07  1.76e+00 2.05e-12  2.85e+02     1s
   4  -1.25708105e+07  1.31966944e+07  1.53e-01 3.53e-12  5.32e+01     1s
   5  -2.28690501e+06  2.53083817e+06  1.14e-02 1.36e-12  9.74e+00     1s
   6  -3.34328932e+05  3.84146502e+05  1.14e-08 7.81e-13  1.45e+00     2s
   7  -5.04632168e+04  6.35330222e+04  1.28e-13 6.38e-13  2.29e-01     2s
   8  -7.72415114e+03  9.03786706e+03  4.58e-14 1.90e-13  3.37e-02     2s
   9  -1.28026581e+03  1.49881725e+03  2.18e-14 4.26e-14  5.59e-03     2s
  10  -2.16799277e+02  1.68963458e+02  6.80e-15 2.84e-14  7.76e-04     2s
  11  -4.80232489e+01  2.57131775e+01  2.25e-15 2.84e-14  1.48e-04     2s
  12  -8.01347468e+00  3.20277094e+00  1.36e-15 2.84e-14  2.26e-05     2s
  13  -1.56457130e+00  6.46715783e-01  3.16e-16 2.84e-14  4.45e-06     2s
  14  -4.85269878e-01  3.42537693e-01  1.05e-16 2.84e-14  1.67e-06     2s
  15  -3.75783968e-02  1.68331323e-01  4.12e-17 2.84e-14  4.14e-07     2s
  16   1.95666640e-02  1.49283948e-01  2.39e-17 5.68e-14  2.61e-07     3s
  17   8.66936449e-02  1.25058259e-01  2.24e-17 2.84e-14  7.72e-08     3s
  18   1.02114069e-01  1.19590177e-01  9.64e-18 2.84e-14  3.52e-08     3s
  19   1.13859965e-01  1.15506581e-01  2.47e-17 2.84e-14  3.31e-09     3s
  20   1.14964734e-01  1.15123088e-01  1.11e-17 2.84e-14  3.19e-10     3s
  21   1.15079916e-01  1.15083249e-01  3.60e-17 1.42e-14  6.71e-12     3s
  22   1.15082385e-01  1.15082395e-01  1.20e-16 4.26e-14  2.01e-14     3s
  23   1.15082392e-01  1.15082393e-01  3.02e-15 2.84e-14  2.14e-15     3s
  24   1.15082392e-01  1.15082393e-01  4.61e-15 2.84e-14  6.47e-16     3s
  25   1.15082392e-01  1.15082392e-01  1.01e-15 2.84e-14  1.56e-16     3s
  26   1.15082392e-01  1.15082392e-01  5.68e-16 1.78e-14  5.64e-17     3s

Barrier solved model in 26 iterations and 3.33 seconds (3.07 work units)
Optimal objective 1.15082392e-01

objective value: 0.11508239243327285
Done! Time elapsed: 24.294527053833008 seconds.
g_0_1: 1.0000003267672002
g_1_1: 1.0000001873971507
g_1_2: 1.0000005282938613
g_2_1: 1.0000003242262345
g_2_2: 1.0000009140308352
g_2_3: 1.0000003242262347
g_2_4: 1.0000009140308164
Parameters from last iteration: [0.17400006 0.70700013 0.17400009 0.70700023 0.17400016 0.70700023
 0.17400016]

Parameters from current iteration:
                [0.17400006 0.70700013 0.17400009 0.70700023 0.17400016 0.70700023
 0.17400016]


                Percentage Error = 3.1902931317471407e-16
                
year done: 161
Time 162: 2
Optimization Iteration[1/20000]

Solving the optimization problem...
Set parameter TokenServer to value "licenses.rcc.uchicago.edu"
Read LP format model from file /scratch/local/jobs/50183986/tmpf4zflc50.pyomo.lp
Reading time = 1.38 seconds
x1: 258121 rows, 502401 columns, 1259970 nonzeros
Set parameter Threads to value 8
Set parameter BarConvTol to value 1e-12
Gurobi Optimizer version 11.0.0 build v11.0.0rc2 (linux64 - "CentOS Linux 8")

CPU model: Intel(R) Xeon(R) Gold 6248R CPU @ 3.00GHz, instruction set [SSE2|AVX|AVX2|AVX512]
Thread count: 48 physical cores, 48 logical processors, using up to 8 threads

Optimize a model with 258121 rows, 502401 columns and 1259970 nonzeros
Model fingerprint: 0xdf254d8e
Model has 3166 quadratic objective terms
Coefficient statistics:
  Matrix range     [1e+00, 1e+03]
  Objective range  [1e-06, 1e+02]
  QObjective range [3e-01, 3e+03]
  Bounds range     [3e-04, 1e+00]
  RHS range        [1e-17, 6e+00]
Presolve removed 131481 rows and 128813 columns
Presolve time: 0.62s
Presolved: 126640 rows, 373588 columns, 743932 nonzeros
Presolved model has 3166 quadratic objective terms
Ordering time: 0.16s

Barrier statistics:
 AA' NZ     : 3.709e+05
 Factor NZ  : 3.905e+06 (roughly 230 MB of memory)
 Factor Ops : 2.623e+08 (less than 1 second per iteration)
 Threads    : 8

                  Objective                Residual
Iter       Primal          Dual         Primal    Dual     Compl     Time
   0  -1.22466045e+09  8.63517425e+08  7.80e+04 1.14e-13  1.00e+06     1s
   1  -5.85742648e+08  5.07976560e+08  1.69e+04 1.44e+02  2.23e+05     1s
   2  -2.82434129e+08  2.81995027e+08  2.13e+02 8.69e-01  3.96e+03     1s
   3  -6.55833256e+07  6.61786494e+07  1.76e+00 1.62e-12  2.85e+02     1s
   4  -1.25708105e+07  1.31966944e+07  1.53e-01 3.44e-12  5.32e+01     2s
   5  -2.28690501e+06  2.53083817e+06  1.14e-02 1.44e-12  9.74e+00     2s
   6  -3.34328932e+05  3.84146501e+05  1.14e-08 8.20e-13  1.45e+00     2s
   7  -5.04632171e+04  6.35330219e+04  1.19e-13 6.94e-13  2.29e-01     2s
   8  -7.72415147e+03  9.03786673e+03  4.42e-14 1.83e-13  3.37e-02     2s
   9  -1.28026613e+03  1.49881692e+03  1.93e-14 3.55e-14  5.59e-03     2s
  10  -2.16799601e+02  1.68963134e+02  7.03e-15 3.11e-14  7.76e-04     2s
  11  -4.80235729e+01  2.57128535e+01  2.09e-15 2.84e-14  1.48e-04     2s
  12  -8.01379870e+00  3.20244692e+00  1.24e-15 2.84e-14  2.26e-05     2s
  13  -1.56489532e+00  6.46391761e-01  2.88e-16 2.04e-14  4.45e-06     3s
  14  -4.85593899e-01  3.42213671e-01  9.67e-17 4.26e-14  1.67e-06     3s
  15  -3.79024184e-02  1.68007302e-01  4.51e-17 2.84e-14  4.14e-07     3s
  16   1.92426424e-02  1.48959926e-01  2.57e-17 2.84e-14  2.61e-07     3s
  17   8.63696233e-02  1.24734237e-01  2.86e-17 2.84e-14  7.72e-08     3s
  18   1.01790047e-01  1.19266155e-01  1.61e-17 2.84e-14  3.52e-08     3s
  19   1.13535943e-01  1.15182559e-01  2.41e-17 2.84e-14  3.31e-09     3s
  20   1.14640713e-01  1.14799066e-01  9.35e-18 2.84e-14  3.19e-10     3s
  21   1.14755894e-01  1.14759227e-01  1.63e-17 2.84e-14  6.71e-12     3s
  22   1.14758363e-01  1.14758373e-01  1.47e-16 2.84e-14  2.01e-14     3s
  23   1.14758370e-01  1.14758371e-01  2.21e-15 2.84e-14  2.13e-15     3s
  24   1.14758371e-01  1.14758371e-01  3.94e-15 2.84e-14  6.44e-16     3s
  25   1.14758371e-01  1.14758371e-01  1.25e-15 2.84e-14  1.55e-16     4s
  26   1.14758371e-01  1.14758371e-01  6.85e-16 2.84e-14  5.60e-17     4s

Barrier solved model in 26 iterations and 3.65 seconds (3.07 work units)
Optimal objective 1.14758371e-01

objective value: 0.11475837080326534
Done! Time elapsed: 25.14590358734131 seconds.
g_0_1: 1.0000003267672002
g_1_1: 1.0000001873971507
g_1_2: 1.0000005282938613
g_2_1: 1.0000003242262345
g_2_2: 1.000000914030835
g_2_3: 1.0000003242262347
g_2_4: 1.0000009140308166
Parameters from last iteration: [0.17400006 0.70700013 0.17400009 0.70700023 0.17400016 0.70700023
 0.17400016]

Parameters from current iteration:
                [0.17400006 0.70700013 0.17400009 0.70700023 0.17400016 0.70700023
 0.17400016]


                Percentage Error = 1.595146565873601e-16
                
year done: 162
Time 163: 2
Optimization Iteration[1/20000]

Solving the optimization problem...
Set parameter TokenServer to value "licenses.rcc.uchicago.edu"
Read LP format model from file /scratch/local/jobs/50183986/tmpw2dyqy4h.pyomo.lp
Reading time = 1.36 seconds
x1: 258121 rows, 502401 columns, 1259970 nonzeros
Set parameter Threads to value 8
Set parameter BarConvTol to value 1e-12
Gurobi Optimizer version 11.0.0 build v11.0.0rc2 (linux64 - "CentOS Linux 8")

CPU model: Intel(R) Xeon(R) Gold 6248R CPU @ 3.00GHz, instruction set [SSE2|AVX|AVX2|AVX512]
Thread count: 48 physical cores, 48 logical processors, using up to 8 threads

Optimize a model with 258121 rows, 502401 columns and 1259970 nonzeros
Model fingerprint: 0x1556fe32
Model has 3166 quadratic objective terms
Coefficient statistics:
  Matrix range     [1e+00, 1e+03]
  Objective range  [1e-06, 1e+02]
  QObjective range [3e-01, 3e+03]
  Bounds range     [3e-04, 1e+00]
  RHS range        [1e-17, 6e+00]
Presolve removed 131481 rows and 128813 columns
Presolve time: 0.62s
Presolved: 126640 rows, 373588 columns, 743932 nonzeros
Presolved model has 3166 quadratic objective terms
Ordering time: 0.16s

Barrier statistics:
 AA' NZ     : 3.709e+05
 Factor NZ  : 3.905e+06 (roughly 230 MB of memory)
 Factor Ops : 2.623e+08 (less than 1 second per iteration)
 Threads    : 8

                  Objective                Residual
Iter       Primal          Dual         Primal    Dual     Compl     Time
   0  -1.22466045e+09  8.63517425e+08  7.80e+04 1.14e-13  1.00e+06     1s
   1  -5.85742648e+08  5.07976560e+08  1.69e+04 1.44e+02  2.23e+05     1s
   2  -2.82434129e+08  2.81995027e+08  2.13e+02 8.69e-01  3.96e+03     1s
   3  -6.55833256e+07  6.61786494e+07  1.76e+00 1.41e-12  2.85e+02     1s
   4  -1.25708105e+07  1.31966944e+07  1.53e-01 4.13e-12  5.32e+01     2s
   5  -2.28690501e+06  2.53083817e+06  1.14e-02 1.21e-12  9.74e+00     2s
   6  -3.34328932e+05  3.84146501e+05  1.14e-08 8.49e-13  1.45e+00     2s
   7  -5.04632174e+04  6.35330216e+04  1.12e-13 6.93e-13  2.29e-01     2s
   8  -7.72415177e+03  9.03786642e+03  4.58e-14 1.82e-13  3.37e-02     2s
   9  -1.28026644e+03  1.49881661e+03  2.08e-14 5.68e-14  5.59e-03     2s
  10  -2.16799911e+02  1.68962824e+02  9.86e-15 2.84e-14  7.76e-04     2s
  11  -4.80238824e+01  2.57125441e+01  1.97e-15 2.84e-14  1.48e-04     2s
  12  -8.01410814e+00  3.20213748e+00  1.14e-15 2.84e-14  2.26e-05     2s
  13  -1.56520476e+00  6.46082323e-01  3.14e-16 2.84e-14  4.45e-06     3s
  14  -4.85903338e-01  3.41904233e-01  1.14e-16 4.26e-14  1.67e-06     3s
  15  -3.82118567e-02  1.67697863e-01  4.34e-17 1.42e-14  4.14e-07     3s
  16   1.89332041e-02  1.48650488e-01  2.39e-17 4.26e-14  2.61e-07     3s
  17   8.60601851e-02  1.24424799e-01  1.83e-17 1.69e-14  7.72e-08     3s
  18   1.01480609e-01  1.18956717e-01  1.27e-17 2.84e-14  3.52e-08     3s
  19   1.13226505e-01  1.14873121e-01  3.98e-17 2.84e-14  3.31e-09     3s
  20   1.14331274e-01  1.14489628e-01  1.13e-17 2.84e-14  3.19e-10     3s
  21   1.14446456e-01  1.14449789e-01  2.15e-17 2.84e-14  6.71e-12     3s
  22   1.14448925e-01  1.14448935e-01  1.12e-16 2.84e-14  2.01e-14     3s
  23   1.14448932e-01  1.14448933e-01  3.60e-15 2.84e-14  2.12e-15     3s
  24   1.14448932e-01  1.14448933e-01  4.65e-15 2.84e-14  6.41e-16     3s
  25   1.14448933e-01  1.14448933e-01  1.04e-15 2.84e-14  1.54e-16     4s
  26   1.14448933e-01  1.14448933e-01  6.20e-16 2.84e-14  5.56e-17     4s

Barrier solved model in 26 iterations and 3.64 seconds (3.07 work units)
Optimal objective 1.14448933e-01

objective value: 0.11444893254890721
Done! Time elapsed: 24.942983865737915 seconds.
g_0_1: 1.0000003267672002
g_1_1: 1.0000001873971507
g_1_2: 1.0000005282938613
g_2_1: 1.0000003242262345
g_2_2: 1.000000914030835
g_2_3: 1.0000003242262347
g_2_4: 1.0000009140308164
Parameters from last iteration: [0.17400006 0.70700013 0.17400009 0.70700023 0.17400016 0.70700023
 0.17400016]

Parameters from current iteration:
                [0.17400006 0.70700013 0.17400009 0.70700023 0.17400016 0.70700023
 0.17400016]


                Percentage Error = 1.5951465658736007e-16
                
year done: 163
Time 164: 2
Optimization Iteration[1/20000]

Solving the optimization problem...
Set parameter TokenServer to value "licenses.rcc.uchicago.edu"
Read LP format model from file /scratch/local/jobs/50183986/tmpjus7xxa6.pyomo.lp
Reading time = 1.37 seconds
x1: 258121 rows, 502401 columns, 1259970 nonzeros
Set parameter Threads to value 8
Set parameter BarConvTol to value 1e-12
Gurobi Optimizer version 11.0.0 build v11.0.0rc2 (linux64 - "CentOS Linux 8")

CPU model: Intel(R) Xeon(R) Gold 6248R CPU @ 3.00GHz, instruction set [SSE2|AVX|AVX2|AVX512]
Thread count: 48 physical cores, 48 logical processors, using up to 8 threads

Optimize a model with 258121 rows, 502401 columns and 1259970 nonzeros
Model fingerprint: 0x191a1123
Model has 3166 quadratic objective terms
Coefficient statistics:
  Matrix range     [1e+00, 1e+03]
  Objective range  [1e-06, 1e+02]
  QObjective range [3e-01, 3e+03]
  Bounds range     [3e-04, 1e+00]
  RHS range        [1e-17, 6e+00]
Presolve removed 131481 rows and 128813 columns
Presolve time: 0.63s
Presolved: 126640 rows, 373588 columns, 743932 nonzeros
Presolved model has 3166 quadratic objective terms
Ordering time: 0.16s

Barrier statistics:
 AA' NZ     : 3.709e+05
 Factor NZ  : 3.905e+06 (roughly 230 MB of memory)
 Factor Ops : 2.623e+08 (less than 1 second per iteration)
 Threads    : 8

                  Objective                Residual
Iter       Primal          Dual         Primal    Dual     Compl     Time
   0  -1.22466045e+09  8.63517425e+08  7.80e+04 1.14e-13  1.00e+06     1s
   1  -5.85742648e+08  5.07976560e+08  1.69e+04 1.44e+02  2.23e+05     1s
   2  -2.82434129e+08  2.81995027e+08  2.13e+02 8.69e-01  3.96e+03     1s
   3  -6.55833256e+07  6.61786494e+07  1.76e+00 1.82e-12  2.85e+02     1s
   4  -1.25708105e+07  1.31966944e+07  1.53e-01 4.32e-12  5.32e+01     2s
   5  -2.28690501e+06  2.53083817e+06  1.14e-02 1.21e-12  9.74e+00     2s
   6  -3.34328933e+05  3.84146501e+05  1.14e-08 7.94e-13  1.45e+00     2s
   7  -5.04632177e+04  6.35330213e+04  1.54e-13 6.73e-13  2.29e-01     2s
   8  -7.72415207e+03  9.03786613e+03  4.73e-14 2.13e-13  3.37e-02     2s
   9  -1.28026674e+03  1.49881632e+03  2.05e-14 3.38e-14  5.59e-03     2s
  10  -2.16800206e+02  1.68962529e+02  7.89e-15 2.84e-14  7.76e-04     2s
  11  -4.80241779e+01  2.57122486e+01  2.07e-15 2.84e-14  1.48e-04     2s
  12  -8.01440365e+00  3.20184197e+00  1.21e-15 2.13e-14  2.26e-05     2s
  13  -1.56550027e+00  6.45786811e-01  3.09e-16 2.84e-14  4.45e-06     3s
  14  -4.86198849e-01  3.41608722e-01  1.24e-16 2.84e-14  1.67e-06     3s
  15  -3.85073679e-02  1.67402352e-01  4.45e-17 2.84e-14  4.14e-07     3s
  16   1.86376929e-02  1.48354977e-01  3.14e-17 2.84e-14  2.61e-07     3s
  17   8.57646738e-02  1.24129288e-01  2.31e-17 2.84e-14  7.72e-08     3s
  18   1.01185098e-01  1.18661206e-01  1.04e-17 2.84e-14  3.52e-08     3s
  19   1.12930994e-01  1.14577610e-01  2.44e-17 2.84e-14  3.31e-09     3s
  20   1.14035763e-01  1.14194117e-01  1.81e-17 2.84e-14  3.19e-10     3s
  21   1.14150945e-01  1.14154278e-01  1.61e-17 2.84e-14  6.71e-12     3s
  22   1.14153414e-01  1.14153424e-01  1.41e-16 2.84e-14  2.01e-14     3s
  23   1.14153421e-01  1.14153422e-01  2.57e-15 2.84e-14  2.10e-15     3s
  24   1.14153421e-01  1.14153421e-01  5.51e-15 2.84e-14  6.38e-16     3s
  25   1.14153421e-01  1.14153421e-01  1.21e-15 2.84e-14  1.54e-16     4s
  26   1.14153421e-01  1.14153421e-01  5.77e-16 1.42e-14  5.52e-17     4s

Barrier solved model in 26 iterations and 3.67 seconds (3.07 work units)
Optimal objective 1.14153421e-01

objective value: 0.11415342131017557
Done! Time elapsed: 26.554721117019653 seconds.
g_0_1: 1.0000003267672002
g_1_1: 1.0000001873971507
g_1_2: 1.000000528293861
g_2_1: 1.0000003242262345
g_2_2: 1.0000009140308348
g_2_3: 1.0000003242262347
g_2_4: 1.0000009140308164
Parameters from last iteration: [0.17400006 0.70700013 0.17400009 0.70700023 0.17400016 0.70700023
 0.17400016]

Parameters from current iteration:
                [0.17400006 0.70700013 0.17400009 0.70700023 0.17400016 0.70700023
 0.17400016]


                Percentage Error = 3.19029436236051e-16
                
year done: 164
Time 165: 2
Optimization Iteration[1/20000]

Solving the optimization problem...
Set parameter TokenServer to value "licenses.rcc.uchicago.edu"
Read LP format model from file /scratch/local/jobs/50183986/tmpm0zhcqrg.pyomo.lp
Reading time = 1.36 seconds
x1: 258121 rows, 502401 columns, 1259970 nonzeros
Set parameter Threads to value 8
Set parameter BarConvTol to value 1e-12
Gurobi Optimizer version 11.0.0 build v11.0.0rc2 (linux64 - "CentOS Linux 8")

CPU model: Intel(R) Xeon(R) Gold 6248R CPU @ 3.00GHz, instruction set [SSE2|AVX|AVX2|AVX512]
Thread count: 48 physical cores, 48 logical processors, using up to 8 threads

Optimize a model with 258121 rows, 502401 columns and 1259970 nonzeros
Model fingerprint: 0xfa01e07d
Model has 3166 quadratic objective terms
Coefficient statistics:
  Matrix range     [1e+00, 1e+03]
  Objective range  [1e-06, 1e+02]
  QObjective range [3e-01, 3e+03]
  Bounds range     [3e-04, 1e+00]
  RHS range        [1e-17, 6e+00]
Presolve removed 131481 rows and 128813 columns
Presolve time: 0.62s
Presolved: 126640 rows, 373588 columns, 743932 nonzeros
Presolved model has 3166 quadratic objective terms
Ordering time: 0.16s

Barrier statistics:
 AA' NZ     : 3.709e+05
 Factor NZ  : 3.905e+06 (roughly 230 MB of memory)
 Factor Ops : 2.623e+08 (less than 1 second per iteration)
 Threads    : 8

                  Objective                Residual
Iter       Primal          Dual         Primal    Dual     Compl     Time
   0  -1.22466045e+09  8.63517425e+08  7.80e+04 1.14e-13  1.00e+06     1s
   1  -5.85742648e+08  5.07976560e+08  1.69e+04 1.44e+02  2.23e+05     1s
   2  -2.82434129e+08  2.81995027e+08  2.13e+02 8.69e-01  3.96e+03     1s
   3  -6.55833256e+07  6.61786494e+07  1.76e+00 1.58e-12  2.85e+02     1s
   4  -1.25708105e+07  1.31966944e+07  1.53e-01 6.02e-12  5.32e+01     2s
   5  -2.28690501e+06  2.53083817e+06  1.14e-02 1.36e-12  9.74e+00     2s
   6  -3.34328933e+05  3.84146500e+05  1.14e-08 2.11e-12  1.45e+00     2s
   7  -5.04632180e+04  6.35330210e+04  1.48e-13 6.44e-13  2.29e-01     2s
   8  -7.72415235e+03  9.03786585e+03  4.21e-14 1.93e-13  3.37e-02     2s
   9  -1.28026702e+03  1.49881604e+03  1.92e-14 5.68e-14  5.59e-03     2s
  10  -2.16800488e+02  1.68962247e+02  8.85e-15 5.68e-14  7.76e-04     2s
  11  -4.80244601e+01  2.57119664e+01  2.04e-15 2.84e-14  1.48e-04     2s
  12  -8.01468586e+00  3.20155976e+00  9.08e-16 4.26e-14  2.26e-05     2s
  13  -1.56578248e+00  6.45504600e-01  3.13e-16 3.20e-14  4.45e-06     3s
  14  -4.86481060e-01  3.41326511e-01  1.07e-16 2.84e-14  1.67e-06     3s
  15  -3.87895790e-02  1.67120141e-01  3.71e-17 2.13e-14  4.14e-07     3s
  16   1.83554818e-02  1.48072766e-01  2.94e-17 2.84e-14  2.61e-07     3s
  17   8.54824628e-02  1.23847077e-01  1.67e-17 1.69e-14  7.72e-08     3s
  18   1.00902887e-01  1.18378995e-01  1.50e-17 2.84e-14  3.52e-08     3s
  19   1.12648783e-01  1.14295399e-01  2.17e-17 2.84e-14  3.31e-09     3s
  20   1.13753552e-01  1.13911906e-01  1.28e-17 2.84e-14  3.19e-10     3s
  21   1.13868734e-01  1.13872067e-01  1.43e-17 2.84e-14  6.71e-12     3s
  22   1.13871203e-01  1.13871213e-01  1.18e-16 2.84e-14  2.01e-14     3s
  23   1.13871210e-01  1.13871211e-01  2.75e-15 1.51e-14  2.09e-15     3s
  24   1.13871210e-01  1.13871210e-01  5.90e-15 2.84e-14  6.35e-16     4s
  25   1.13871210e-01  1.13871210e-01  1.10e-15 2.84e-14  1.53e-16     4s
  26   1.13871210e-01  1.13871210e-01  5.87e-16 1.78e-14  5.48e-17     4s

Barrier solved model in 26 iterations and 3.69 seconds (3.07 work units)
Optimal objective 1.13871210e-01

objective value: 0.1138712102681108
Done! Time elapsed: 25.088565349578857 seconds.
g_0_1: 1.0000003267672
g_1_1: 1.0000001873971507
g_1_2: 1.000000528293861
g_2_1: 1.0000003242262345
g_2_2: 1.0000009140308346
g_2_3: 1.0000003242262347
g_2_4: 1.0000009140308164
Parameters from last iteration: [0.17400006 0.70700013 0.17400009 0.70700023 0.17400016 0.70700023
 0.17400016]

Parameters from current iteration:
                [0.17400006 0.70700013 0.17400009 0.70700023 0.17400016 0.70700023
 0.17400016]


                Percentage Error = 1.5951475026448355e-16
                
year done: 165
Time 166: 2
Optimization Iteration[1/20000]

Solving the optimization problem...
Set parameter TokenServer to value "licenses.rcc.uchicago.edu"
Read LP format model from file /scratch/local/jobs/50183986/tmpqa8lqaes.pyomo.lp
Reading time = 1.37 seconds
x1: 258121 rows, 502401 columns, 1259970 nonzeros
Set parameter Threads to value 8
Set parameter BarConvTol to value 1e-12
Gurobi Optimizer version 11.0.0 build v11.0.0rc2 (linux64 - "CentOS Linux 8")

CPU model: Intel(R) Xeon(R) Gold 6248R CPU @ 3.00GHz, instruction set [SSE2|AVX|AVX2|AVX512]
Thread count: 48 physical cores, 48 logical processors, using up to 8 threads

Optimize a model with 258121 rows, 502401 columns and 1259970 nonzeros
Model fingerprint: 0x53fcb9c6
Model has 3166 quadratic objective terms
Coefficient statistics:
  Matrix range     [1e+00, 1e+03]
  Objective range  [1e-06, 1e+02]
  QObjective range [3e-01, 3e+03]
  Bounds range     [3e-04, 1e+00]
  RHS range        [1e-17, 6e+00]
Presolve removed 131481 rows and 128813 columns
Presolve time: 0.56s
Presolved: 126640 rows, 373588 columns, 743932 nonzeros
Presolved model has 3166 quadratic objective terms
Ordering time: 0.16s

Barrier statistics:
 AA' NZ     : 3.709e+05
 Factor NZ  : 3.905e+06 (roughly 230 MB of memory)
 Factor Ops : 2.623e+08 (less than 1 second per iteration)
 Threads    : 8

                  Objective                Residual
Iter       Primal          Dual         Primal    Dual     Compl     Time
   0  -1.22466045e+09  8.63517425e+08  7.80e+04 1.14e-13  1.00e+06     1s
   1  -5.85742648e+08  5.07976560e+08  1.69e+04 1.44e+02  2.23e+05     1s
   2  -2.82434129e+08  2.81995027e+08  2.13e+02 8.69e-01  3.96e+03     1s
   3  -6.55833256e+07  6.61786494e+07  1.76e+00 1.43e-12  2.85e+02     1s
   4  -1.25708105e+07  1.31966944e+07  1.53e-01 3.95e-12  5.32e+01     1s
   5  -2.28690501e+06  2.53083817e+06  1.14e-02 1.23e-12  9.74e+00     1s
   6  -3.34328933e+05  3.84146500e+05  1.14e-08 7.22e-13  1.45e+00     2s
   7  -5.04632183e+04  6.35330207e+04  1.39e-13 7.08e-13  2.29e-01     2s
   8  -7.72415262e+03  9.03786558e+03  3.89e-14 1.82e-13  3.37e-02     2s
   9  -1.28026729e+03  1.49881577e+03  1.71e-14 5.68e-14  5.59e-03     2s
  10  -2.16800758e+02  1.68961977e+02  6.14e-15 4.26e-14  7.76e-04     2s
  11  -4.80247296e+01  2.57116969e+01  1.73e-15 2.84e-14  1.48e-04     2s
  12  -8.01495537e+00  3.20129025e+00  1.00e-15 2.84e-14  2.26e-05     2s
  13  -1.56605199e+00  6.45235091e-01  3.06e-16 5.68e-14  4.45e-06     2s
  14  -4.86750569e-01  3.41057001e-01  1.40e-16 2.84e-14  1.67e-06     2s
  15  -3.90590884e-02  1.66850632e-01  4.68e-17 2.84e-14  4.14e-07     3s
  16   1.80859724e-02  1.47803256e-01  2.09e-17 2.84e-14  2.61e-07     3s
  17   8.52129533e-02  1.23577567e-01  1.43e-17 2.84e-14  7.72e-08     3s
  18   1.00633377e-01  1.18109485e-01  1.31e-17 2.84e-14  3.52e-08     3s
  19   1.12379273e-01  1.14025889e-01  2.12e-17 2.13e-14  3.31e-09     3s
  20   1.13484043e-01  1.13642396e-01  1.15e-17 2.84e-14  3.19e-10     3s
  21   1.13599224e-01  1.13602557e-01  1.79e-17 2.84e-14  6.71e-12     3s
  22   1.13601693e-01  1.13601703e-01  1.19e-16 2.84e-14  2.01e-14     3s
  23   1.13601700e-01  1.13601701e-01  2.63e-15 2.84e-14  2.08e-15     3s
  24   1.13601701e-01  1.13601701e-01  5.32e-15 4.26e-14  6.32e-16     3s
  25   1.13601701e-01  1.13601701e-01  1.12e-15 2.84e-14  1.52e-16     3s
  26   1.13601701e-01  1.13601701e-01  6.61e-16 2.84e-14  5.44e-17     3s

Barrier solved model in 26 iterations and 3.38 seconds (3.07 work units)
Optimal objective 1.13601701e-01

objective value: 0.1136017008152621
Done! Time elapsed: 24.004456043243408 seconds.
g_0_1: 1.0000003267672
g_1_1: 1.0000001873971507
g_1_2: 1.000000528293861
g_2_1: 1.0000003242262345
g_2_2: 1.0000009140308346
g_2_3: 1.0000003242262347
g_2_4: 1.0000009140308164
Parameters from last iteration: [0.17400006 0.70700013 0.17400009 0.70700023 0.17400016 0.70700023
 0.17400016]

Parameters from current iteration:
                [0.17400006 0.70700013 0.17400009 0.70700023 0.17400016 0.70700023
 0.17400016]


                Percentage Error = 0.0
                
year done: 166
Time 167: 2
Optimization Iteration[1/20000]

Solving the optimization problem...
Set parameter TokenServer to value "licenses.rcc.uchicago.edu"
Read LP format model from file /scratch/local/jobs/50183986/tmpecpnr01z.pyomo.lp
Reading time = 1.36 seconds
x1: 258121 rows, 502401 columns, 1259970 nonzeros
Set parameter Threads to value 8
Set parameter BarConvTol to value 1e-12
Gurobi Optimizer version 11.0.0 build v11.0.0rc2 (linux64 - "CentOS Linux 8")

CPU model: Intel(R) Xeon(R) Gold 6248R CPU @ 3.00GHz, instruction set [SSE2|AVX|AVX2|AVX512]
Thread count: 48 physical cores, 48 logical processors, using up to 8 threads

Optimize a model with 258121 rows, 502401 columns and 1259970 nonzeros
Model fingerprint: 0x2efd672e
Model has 3166 quadratic objective terms
Coefficient statistics:
  Matrix range     [1e+00, 1e+03]
  Objective range  [1e-06, 1e+02]
  QObjective range [3e-01, 3e+03]
  Bounds range     [3e-04, 1e+00]
  RHS range        [1e-17, 6e+00]
Presolve removed 131481 rows and 128813 columns
Presolve time: 0.62s
Presolved: 126640 rows, 373588 columns, 743932 nonzeros
Presolved model has 3166 quadratic objective terms
Ordering time: 0.17s

Barrier statistics:
 AA' NZ     : 3.709e+05
 Factor NZ  : 3.905e+06 (roughly 230 MB of memory)
 Factor Ops : 2.623e+08 (less than 1 second per iteration)
 Threads    : 8

                  Objective                Residual
Iter       Primal          Dual         Primal    Dual     Compl     Time
   0  -1.22466045e+09  8.63517425e+08  7.80e+04 1.14e-13  1.00e+06     1s
   1  -5.85742648e+08  5.07976560e+08  1.69e+04 1.44e+02  2.23e+05     1s
   2  -2.82434129e+08  2.81995027e+08  2.13e+02 8.69e-01  3.96e+03     1s
   3  -6.55833256e+07  6.61786494e+07  1.76e+00 1.43e-12  2.85e+02     1s
   4  -1.25708105e+07  1.31966944e+07  1.53e-01 3.95e-12  5.32e+01     2s
   5  -2.28690501e+06  2.53083817e+06  1.14e-02 1.23e-12  9.74e+00     2s
   6  -3.34328933e+05  3.84146500e+05  1.14e-08 7.51e-13  1.45e+00     2s
   7  -5.04632185e+04  6.35330205e+04  1.43e-13 6.57e-13  2.29e-01     2s
   8  -7.72415288e+03  9.03786532e+03  3.86e-14 2.01e-13  3.37e-02     2s
   9  -1.28026755e+03  1.49881551e+03  1.75e-14 5.68e-14  5.59e-03     2s
  10  -2.16801015e+02  1.68961720e+02  8.33e-15 4.26e-14  7.76e-04     2s
  11  -4.80249870e+01  2.57114395e+01  1.79e-15 2.84e-14  1.48e-04     2s
  12  -8.01521275e+00  3.20103287e+00  1.11e-15 2.84e-14  2.26e-05     2s
  13  -1.56630937e+00  6.44977711e-01  2.37e-16 2.84e-14  4.45e-06     3s
  14  -4.87007949e-01  3.40799622e-01  1.68e-16 2.84e-14  1.67e-06     3s
  15  -3.93164679e-02  1.66593252e-01  3.97e-17 2.13e-14  4.14e-07     3s
  16   1.78285928e-02  1.47545877e-01  2.28e-17 4.26e-14  2.61e-07     3s
  17   8.49555738e-02  1.23320188e-01  1.64e-17 2.84e-14  7.72e-08     3s
  18   1.00375998e-01  1.17852106e-01  1.10e-17 2.84e-14  3.52e-08     3s
  19   1.12121894e-01  1.13768510e-01  2.10e-17 2.84e-14  3.31e-09     3s
  20   1.13226663e-01  1.13385017e-01  1.27e-17 2.84e-14  3.19e-10     3s
  21   1.13341845e-01  1.13345178e-01  1.49e-17 2.84e-14  6.71e-12     3s
  22   1.13344314e-01  1.13344324e-01  1.30e-16 1.87e-14  2.01e-14     3s
  23   1.13344321e-01  1.13344322e-01  2.51e-15 2.84e-14  2.07e-15     3s
  24   1.13344321e-01  1.13344321e-01  4.51e-15 2.84e-14  6.29e-16     4s
  25   1.13344321e-01  1.13344321e-01  1.11e-15 2.84e-14  1.51e-16     4s
  26   1.13344321e-01  1.13344321e-01  6.40e-16 1.42e-14  5.40e-17     4s

Barrier solved model in 26 iterations and 3.69 seconds (3.07 work units)
Optimal objective 1.13344321e-01

objective value: 0.11334432128593415
Done! Time elapsed: 25.09032416343689 seconds.
g_0_1: 1.0000003267672
g_1_1: 1.0000001873971507
g_1_2: 1.000000528293861
g_2_1: 1.0000003242262347
g_2_2: 1.0000009140308344
g_2_3: 1.0000003242262347
g_2_4: 1.0000009140308164
Parameters from last iteration: [0.17400006 0.70700013 0.17400009 0.70700023 0.17400016 0.70700023
 0.17400016]

Parameters from current iteration:
                [0.17400006 0.70700013 0.17400009 0.70700023 0.17400016 0.70700023
 0.17400016]


                Percentage Error = 1.5951465658735718e-16
                
year done: 167
Time 168: 2
Optimization Iteration[1/20000]

Solving the optimization problem...
Set parameter TokenServer to value "licenses.rcc.uchicago.edu"
Read LP format model from file /scratch/local/jobs/50183986/tmpv0psd0ci.pyomo.lp
Reading time = 1.37 seconds
x1: 258121 rows, 502401 columns, 1259970 nonzeros
Set parameter Threads to value 8
Set parameter BarConvTol to value 1e-12
Gurobi Optimizer version 11.0.0 build v11.0.0rc2 (linux64 - "CentOS Linux 8")

CPU model: Intel(R) Xeon(R) Gold 6248R CPU @ 3.00GHz, instruction set [SSE2|AVX|AVX2|AVX512]
Thread count: 48 physical cores, 48 logical processors, using up to 8 threads

Optimize a model with 258121 rows, 502401 columns and 1259970 nonzeros
Model fingerprint: 0x7b500a79
Model has 3166 quadratic objective terms
Coefficient statistics:
  Matrix range     [1e+00, 1e+03]
  Objective range  [1e-06, 1e+02]
  QObjective range [3e-01, 3e+03]
  Bounds range     [3e-04, 1e+00]
  RHS range        [1e-17, 6e+00]
Presolve removed 131481 rows and 128813 columns
Presolve time: 0.55s
Presolved: 126640 rows, 373588 columns, 743932 nonzeros
Presolved model has 3166 quadratic objective terms
Ordering time: 0.15s

Barrier statistics:
 AA' NZ     : 3.709e+05
 Factor NZ  : 3.905e+06 (roughly 230 MB of memory)
 Factor Ops : 2.623e+08 (less than 1 second per iteration)
 Threads    : 8

                  Objective                Residual
Iter       Primal          Dual         Primal    Dual     Compl     Time
   0  -1.22466045e+09  8.63517425e+08  7.80e+04 1.14e-13  1.00e+06     1s
   1  -5.85742648e+08  5.07976560e+08  1.69e+04 1.44e+02  2.23e+05     1s
   2  -2.82434129e+08  2.81995027e+08  2.13e+02 8.69e-01  3.96e+03     1s
   3  -6.55833256e+07  6.61786494e+07  1.76e+00 1.31e-12  2.85e+02     1s
   4  -1.25708105e+07  1.31966944e+07  1.53e-01 4.10e-12  5.32e+01     1s
   5  -2.28690501e+06  2.53083817e+06  1.14e-02 1.44e-12  9.74e+00     1s
   6  -3.34328934e+05  3.84146500e+05  1.14e-08 2.79e-12  1.45e+00     2s
   7  -5.04632188e+04  6.35330202e+04  1.25e-13 7.31e-13  2.29e-01     2s
   8  -7.72415313e+03  9.03786507e+03  3.62e-14 1.93e-13  3.37e-02     2s
   9  -1.28026779e+03  1.49881526e+03  1.58e-14 5.68e-14  5.59e-03     2s
  10  -2.16801261e+02  1.68961474e+02  1.02e-14 4.26e-14  7.76e-04     2s
  11  -4.80252328e+01  2.57111937e+01  2.26e-15 2.84e-14  1.48e-04     2s
  12  -8.01545854e+00  3.20078708e+00  1.03e-15 2.84e-14  2.26e-05     2s
  13  -1.56655517e+00  6.44731916e-01  3.78e-16 2.84e-14  4.45e-06     2s
  14  -4.87253744e-01  3.40553826e-01  1.28e-16 2.84e-14  1.67e-06     2s
  15  -3.95622635e-02  1.66347457e-01  3.69e-17 2.84e-14  4.14e-07     2s
  16   1.75827973e-02  1.47300081e-01  2.24e-17 4.26e-14  2.61e-07     3s
  17   8.47097783e-02  1.23074392e-01  1.91e-17 2.84e-14  7.72e-08     3s
  18   1.00130202e-01  1.17606310e-01  9.54e-18 2.84e-14  3.52e-08     3s
  19   1.11876098e-01  1.13522714e-01  3.37e-17 2.84e-14  3.31e-09     3s
  20   1.12980868e-01  1.13139221e-01  1.19e-17 2.84e-14  3.19e-10     3s
  21   1.13096049e-01  1.13099382e-01  1.68e-17 2.84e-14  6.71e-12     3s
  22   1.13098518e-01  1.13098528e-01  1.26e-16 1.51e-14  2.01e-14     3s
  23   1.13098525e-01  1.13098526e-01  2.82e-15 2.84e-14  2.05e-15     3s
  24   1.13098526e-01  1.13098526e-01  5.00e-15 1.47e-14  6.26e-16     3s
  25   1.13098526e-01  1.13098526e-01  1.21e-15 2.84e-14  1.50e-16     3s
  26   1.13098526e-01  1.13098526e-01  5.75e-16 2.84e-14  5.36e-17     3s

Barrier solved model in 26 iterations and 3.35 seconds (3.07 work units)
Optimal objective 1.13098526e-01

objective value: 0.1130985257436477
Done! Time elapsed: 24.50074291229248 seconds.
g_0_1: 1.0000003267671997
g_1_1: 1.0000001873971507
g_1_2: 1.0000005282938609
g_2_1: 1.0000003242262347
g_2_2: 1.0000009140308341
g_2_3: 1.000000324226235
g_2_4: 1.0000009140308164
Parameters from last iteration: [0.17400006 0.70700013 0.17400009 0.70700023 0.17400016 0.70700023
 0.17400016]

Parameters from current iteration:
                [0.17400006 0.70700013 0.17400009 0.70700023 0.17400016 0.70700023
 0.17400016]


                Percentage Error = 3.1902950052896715e-16
                
year done: 168
Time 169: 2
Optimization Iteration[1/20000]

Solving the optimization problem...
Set parameter TokenServer to value "licenses.rcc.uchicago.edu"
Read LP format model from file /scratch/local/jobs/50183986/tmppz2objky.pyomo.lp
Reading time = 1.38 seconds
x1: 258121 rows, 502401 columns, 1259970 nonzeros
Set parameter Threads to value 8
Set parameter BarConvTol to value 1e-12
Gurobi Optimizer version 11.0.0 build v11.0.0rc2 (linux64 - "CentOS Linux 8")

CPU model: Intel(R) Xeon(R) Gold 6248R CPU @ 3.00GHz, instruction set [SSE2|AVX|AVX2|AVX512]
Thread count: 48 physical cores, 48 logical processors, using up to 8 threads

Optimize a model with 258121 rows, 502401 columns and 1259970 nonzeros
Model fingerprint: 0x458f9f10
Model has 3166 quadratic objective terms
Coefficient statistics:
  Matrix range     [1e+00, 1e+03]
  Objective range  [1e-06, 1e+02]
  QObjective range [3e-01, 3e+03]
  Bounds range     [3e-04, 1e+00]
  RHS range        [1e-17, 6e+00]
Presolve removed 131481 rows and 128813 columns
Presolve time: 0.63s
Presolved: 126640 rows, 373588 columns, 743932 nonzeros
Presolved model has 3166 quadratic objective terms
Ordering time: 0.16s

Barrier statistics:
 AA' NZ     : 3.709e+05
 Factor NZ  : 3.905e+06 (roughly 230 MB of memory)
 Factor Ops : 2.623e+08 (less than 1 second per iteration)
 Threads    : 8

                  Objective                Residual
Iter       Primal          Dual         Primal    Dual     Compl     Time
   0  -1.22466045e+09  8.63517425e+08  7.80e+04 1.13e-13  1.00e+06     1s
   1  -5.85742648e+08  5.07976560e+08  1.69e+04 1.44e+02  2.23e+05     1s
   2  -2.82434129e+08  2.81995027e+08  2.13e+02 8.69e-01  3.96e+03     1s
   3  -6.55833256e+07  6.61786494e+07  1.76e+00 1.64e-12  2.85e+02     1s
   4  -1.25708105e+07  1.31966944e+07  1.53e-01 4.00e-12  5.32e+01     2s
   5  -2.28690501e+06  2.53083817e+06  1.14e-02 1.30e-12  9.74e+00     2s
   6  -3.34328934e+05  3.84146499e+05  1.14e-08 9.22e-13  1.45e+00     2s
   7  -5.04632190e+04  6.35330200e+04  1.43e-13 7.37e-13  2.29e-01     2s
   8  -7.72415336e+03  9.03786484e+03  4.94e-14 1.71e-13  3.37e-02     2s
   9  -1.28026803e+03  1.49881503e+03  1.65e-14 4.26e-14  5.59e-03     2s
  10  -2.16801496e+02  1.68961239e+02  6.90e-15 4.26e-14  7.76e-04     2s
  11  -4.80254675e+01  2.57109589e+01  1.93e-15 2.84e-14  1.48e-04     2s
  12  -8.01569328e+00  3.20055234e+00  1.01e-15 2.84e-14  2.26e-05     2s
  13  -1.56678990e+00  6.44497183e-01  2.95e-16 2.84e-14  4.45e-06     3s
  14  -4.87488477e-01  3.40319093e-01  1.23e-16 2.84e-14  1.67e-06     3s
  15  -3.97969964e-02  1.66112724e-01  3.84e-17 2.84e-14  4.14e-07     3s
  16   1.73480644e-02  1.47065348e-01  3.49e-17 2.84e-14  2.61e-07     3s
  17   8.44750453e-02  1.22839659e-01  2.02e-17 2.04e-14  7.72e-08     3s
  18   9.98954692e-02  1.17371577e-01  1.35e-17 2.84e-14  3.52e-08     3s
  19   1.11641365e-01  1.13287981e-01  2.23e-17 2.84e-14  3.31e-09     3s
  20   1.12746135e-01  1.12904488e-01  1.42e-17 2.84e-14  3.19e-10     3s
  21   1.12861316e-01  1.12864649e-01  2.19e-17 2.84e-14  6.71e-12     3s
  22   1.12863785e-01  1.12863795e-01  1.03e-16 2.84e-14  2.01e-14     3s
  23   1.12863792e-01  1.12863793e-01  3.22e-15 2.84e-14  2.04e-15     3s
  24   1.12863793e-01  1.12863793e-01  4.17e-15 3.55e-14  6.23e-16     4s
  25   1.12863793e-01  1.12863793e-01  1.29e-15 1.95e-14  1.50e-16     4s
  26   1.12863793e-01  1.12863793e-01  5.61e-16 2.84e-14  5.32e-17     4s

Barrier solved model in 26 iterations and 3.69 seconds (3.07 work units)
Optimal objective 1.12863793e-01

objective value: 0.11286379282309338
Done! Time elapsed: 26.829683780670166 seconds.
g_0_1: 1.0000003267672
g_1_1: 1.0000001873971507
g_1_2: 1.000000528293861
g_2_1: 1.0000003242262345
g_2_2: 1.0000009140308341
g_2_3: 1.0000003242262347
g_2_4: 1.0000009140308164
Parameters from last iteration: [0.17400006 0.70700013 0.17400009 0.70700023 0.17400016 0.70700023
 0.17400016]

Parameters from current iteration:
                [0.17400006 0.70700013 0.17400009 0.70700023 0.17400016 0.70700023
 0.17400016]


                Percentage Error = 3.1902950052896725e-16
                
year done: 169
Time 170: 2
Optimization Iteration[1/20000]

Solving the optimization problem...
Set parameter TokenServer to value "licenses.rcc.uchicago.edu"
Read LP format model from file /scratch/local/jobs/50183986/tmpp3zy6sw5.pyomo.lp
Reading time = 1.37 seconds
x1: 258121 rows, 502401 columns, 1259970 nonzeros
Set parameter Threads to value 8
Set parameter BarConvTol to value 1e-12
Gurobi Optimizer version 11.0.0 build v11.0.0rc2 (linux64 - "CentOS Linux 8")

CPU model: Intel(R) Xeon(R) Gold 6248R CPU @ 3.00GHz, instruction set [SSE2|AVX|AVX2|AVX512]
Thread count: 48 physical cores, 48 logical processors, using up to 8 threads

Optimize a model with 258121 rows, 502401 columns and 1259970 nonzeros
Model fingerprint: 0x94f3185e
Model has 3166 quadratic objective terms
Coefficient statistics:
  Matrix range     [1e+00, 1e+03]
  Objective range  [1e-06, 1e+02]
  QObjective range [3e-01, 3e+03]
  Bounds range     [3e-04, 1e+00]
  RHS range        [1e-17, 6e+00]
Presolve removed 131481 rows and 128813 columns
Presolve time: 0.62s
Presolved: 126640 rows, 373588 columns, 743932 nonzeros
Presolved model has 3166 quadratic objective terms
Ordering time: 0.16s

Barrier statistics:
 AA' NZ     : 3.709e+05
 Factor NZ  : 3.905e+06 (roughly 230 MB of memory)
 Factor Ops : 2.623e+08 (less than 1 second per iteration)
 Threads    : 8

                  Objective                Residual
Iter       Primal          Dual         Primal    Dual     Compl     Time
   0  -1.22466045e+09  8.63517425e+08  7.80e+04 1.14e-13  1.00e+06     1s
   1  -5.85742648e+08  5.07976560e+08  1.69e+04 1.44e+02  2.23e+05     1s
   2  -2.82434129e+08  2.81995027e+08  2.13e+02 8.69e-01  3.96e+03     1s
   3  -6.55833256e+07  6.61786494e+07  1.76e+00 1.46e-12  2.85e+02     1s
   4  -1.25708105e+07  1.31966944e+07  1.53e-01 3.94e-12  5.32e+01     2s
   5  -2.28690501e+06  2.53083817e+06  1.14e-02 1.32e-12  9.74e+00     2s
   6  -3.34328934e+05  3.84146499e+05  1.14e-08 9.05e-13  1.45e+00     2s
   7  -5.04632192e+04  6.35330198e+04  1.54e-13 9.00e-13  2.29e-01     2s
   8  -7.72415358e+03  9.03786462e+03  4.60e-14 1.84e-13  3.37e-02     2s
   9  -1.28026825e+03  1.49881481e+03  2.48e-14 4.26e-14  5.59e-03     2s
  10  -2.16801720e+02  1.68961015e+02  9.68e-15 4.26e-14  7.76e-04     2s
  11  -4.80256917e+01  2.57107348e+01  1.77e-15 2.84e-14  1.48e-04     2s
  12  -8.01591745e+00  3.20032817e+00  9.37e-16 2.84e-14  2.26e-05     2s
  13  -1.56701407e+00  6.44273015e-01  2.97e-16 4.26e-14  4.45e-06     3s
  14  -4.87712646e-01  3.40094925e-01  1.14e-16 2.84e-14  1.67e-06     3s
  15  -4.00211646e-02  1.65888555e-01  3.51e-17 2.84e-14  4.14e-07     3s
  16   1.71238962e-02  1.46841180e-01  2.92e-17 4.26e-14  2.61e-07     3s
  17   8.42508771e-02  1.22615491e-01  1.63e-17 2.84e-14  7.72e-08     3s
  18   9.96713010e-02  1.17147409e-01  1.21e-17 2.84e-14  3.52e-08     3s
  19   1.11417197e-01  1.13063813e-01  2.11e-17 2.84e-14  3.31e-09     3s
  20   1.12521966e-01  1.12680320e-01  1.03e-17 2.84e-14  3.19e-10     3s
  21   1.12637148e-01  1.12640481e-01  1.43e-17 4.26e-14  6.71e-12     3s
  22   1.12639617e-01  1.12639627e-01  9.45e-17 2.84e-14  2.01e-14     3s
  23   1.12639624e-01  1.12639625e-01  3.18e-15 4.26e-14  2.03e-15     3s
  24   1.12639624e-01  1.12639625e-01  5.08e-15 2.84e-14  6.20e-16     3s
  25   1.12639625e-01  1.12639625e-01  9.03e-16 2.84e-14  1.49e-16     4s
  26   1.12639625e-01  1.12639625e-01  6.28e-16 3.55e-14  5.28e-17     4s

Barrier solved model in 26 iterations and 3.62 seconds (3.07 work units)
Optimal objective 1.12639625e-01

objective value: 0.11263962462427929
Done! Time elapsed: 24.723705530166626 seconds.
g_0_1: 1.0000003267671997
g_1_1: 1.0000001873971507
g_1_2: 1.000000528293861
g_2_1: 1.0000003242262347
g_2_2: 1.000000914030834
g_2_3: 1.0000003242262347
g_2_4: 1.0000009140308164
Parameters from last iteration: [0.17400006 0.70700013 0.17400009 0.70700023 0.17400016 0.70700023
 0.17400016]

Parameters from current iteration:
                [0.17400006 0.70700013 0.17400009 0.70700023 0.17400016 0.70700023
 0.17400016]


                Percentage Error = 3.1902950052896715e-16
                
year done: 170
Time 171: 2
Optimization Iteration[1/20000]

Solving the optimization problem...
Set parameter TokenServer to value "licenses.rcc.uchicago.edu"
Read LP format model from file /scratch/local/jobs/50183986/tmp8kuzm365.pyomo.lp
Reading time = 1.39 seconds
x1: 258121 rows, 502401 columns, 1259970 nonzeros
Set parameter Threads to value 8
Set parameter BarConvTol to value 1e-12
Gurobi Optimizer version 11.0.0 build v11.0.0rc2 (linux64 - "CentOS Linux 8")

CPU model: Intel(R) Xeon(R) Gold 6248R CPU @ 3.00GHz, instruction set [SSE2|AVX|AVX2|AVX512]
Thread count: 48 physical cores, 48 logical processors, using up to 8 threads

Optimize a model with 258121 rows, 502401 columns and 1259970 nonzeros
Model fingerprint: 0xa7a3a847
Model has 3166 quadratic objective terms
Coefficient statistics:
  Matrix range     [1e+00, 1e+03]
  Objective range  [1e-06, 1e+02]
  QObjective range [3e-01, 3e+03]
  Bounds range     [3e-04, 1e+00]
  RHS range        [1e-17, 6e+00]
Presolve removed 131481 rows and 128813 columns
Presolve time: 0.63s
Presolved: 126640 rows, 373588 columns, 743932 nonzeros
Presolved model has 3166 quadratic objective terms
Ordering time: 0.16s

Barrier statistics:
 AA' NZ     : 3.709e+05
 Factor NZ  : 3.905e+06 (roughly 230 MB of memory)
 Factor Ops : 2.623e+08 (less than 1 second per iteration)
 Threads    : 8

                  Objective                Residual
Iter       Primal          Dual         Primal    Dual     Compl     Time
   0  -1.22466045e+09  8.63517425e+08  7.80e+04 1.13e-13  1.00e+06     1s
   1  -5.85742648e+08  5.07976560e+08  1.69e+04 1.44e+02  2.23e+05     1s
   2  -2.82434129e+08  2.81995027e+08  2.13e+02 8.69e-01  3.96e+03     1s
   3  -6.55833256e+07  6.61786494e+07  1.76e+00 1.47e-12  2.85e+02     1s
   4  -1.25708105e+07  1.31966944e+07  1.53e-01 3.40e-12  5.32e+01     2s
   5  -2.28690501e+06  2.53083817e+06  1.14e-02 1.34e-12  9.74e+00     2s
   6  -3.34328934e+05  3.84146499e+05  1.14e-08 3.47e-12  1.45e+00     2s
   7  -5.04632195e+04  6.35330196e+04  1.19e-13 7.79e-13  2.29e-01     2s
   8  -7.72415380e+03  9.03786440e+03  3.50e-14 1.70e-13  3.37e-02     2s
   9  -1.28026847e+03  1.49881459e+03  1.67e-14 4.26e-14  5.59e-03     2s
  10  -2.16801934e+02  1.68960801e+02  9.26e-15 2.84e-14  7.76e-04     2s
  11  -4.80259057e+01  2.57105207e+01  2.13e-15 2.04e-14  1.48e-04     2s
  12  -8.01613152e+00  3.20011410e+00  1.12e-15 2.84e-14  2.26e-05     2s
  13  -1.56722815e+00  6.44058936e-01  2.92e-16 2.84e-14  4.45e-06     3s
  14  -4.87926725e-01  3.39880846e-01  1.32e-16 2.84e-14  1.67e-06     3s
  15  -4.02352436e-02  1.65674477e-01  3.86e-17 2.84e-14  4.14e-07     3s
  16   1.69098172e-02  1.46627101e-01  2.59e-17 2.84e-14  2.61e-07     3s
  17   8.40367982e-02  1.22401412e-01  1.45e-17 2.84e-14  7.72e-08     3s
  18   9.94572220e-02  1.16933330e-01  1.11e-17 2.84e-14  3.52e-08     3s
  19   1.11203118e-01  1.12849734e-01  2.56e-17 2.84e-14  3.31e-09     3s
  20   1.12307888e-01  1.12466241e-01  1.04e-17 2.84e-14  3.19e-10     3s
  21   1.12423069e-01  1.12426402e-01  1.65e-17 2.84e-14  6.71e-12     3s
  22   1.12425538e-01  1.12425548e-01  1.16e-16 1.78e-14  2.01e-14     3s
  23   1.12425545e-01  1.12425546e-01  2.73e-15 2.84e-14  2.02e-15     3s
  24   1.12425545e-01  1.12425546e-01  5.38e-15 5.68e-14  6.17e-16     3s
  25   1.12425546e-01  1.12425546e-01  1.22e-15 2.84e-14  1.48e-16     4s
  26   1.12425546e-01  1.12425546e-01  5.54e-16 2.84e-14  5.24e-17     4s

Barrier solved model in 26 iterations and 3.67 seconds (3.07 work units)
Optimal objective 1.12425546e-01

objective value: 0.11242554565640221
Done! Time elapsed: 25.16974639892578 seconds.
g_0_1: 1.0000003267671997
g_1_1: 1.0000001873971507
g_1_2: 1.000000528293861
g_2_1: 1.0000003242262347
g_2_2: 1.0000009140308337
g_2_3: 1.0000003242262347
g_2_4: 1.0000009140308164
Parameters from last iteration: [0.17400006 0.70700013 0.17400009 0.70700023 0.17400016 0.70700023
 0.17400016]

Parameters from current iteration:
                [0.17400006 0.70700013 0.17400009 0.70700023 0.17400016 0.70700023
 0.17400016]


                Percentage Error = 3.1902931317471456e-16
                
year done: 171
Time 172: 2
Optimization Iteration[1/20000]

Solving the optimization problem...
Set parameter TokenServer to value "licenses.rcc.uchicago.edu"
Read LP format model from file /scratch/local/jobs/50183986/tmp_qz0xcka.pyomo.lp
Reading time = 1.37 seconds
x1: 258121 rows, 502401 columns, 1259970 nonzeros
Set parameter Threads to value 8
Set parameter BarConvTol to value 1e-12
Gurobi Optimizer version 11.0.0 build v11.0.0rc2 (linux64 - "CentOS Linux 8")

CPU model: Intel(R) Xeon(R) Gold 6248R CPU @ 3.00GHz, instruction set [SSE2|AVX|AVX2|AVX512]
Thread count: 48 physical cores, 48 logical processors, using up to 8 threads

Optimize a model with 258121 rows, 502401 columns and 1259970 nonzeros
Model fingerprint: 0x4af0dac9
Model has 3166 quadratic objective terms
Coefficient statistics:
  Matrix range     [1e+00, 1e+03]
  Objective range  [1e-06, 1e+02]
  QObjective range [3e-01, 3e+03]
  Bounds range     [3e-04, 1e+00]
  RHS range        [1e-17, 6e+00]
Presolve removed 131481 rows and 128813 columns
Presolve time: 0.62s
Presolved: 126640 rows, 373588 columns, 743932 nonzeros
Presolved model has 3166 quadratic objective terms
Ordering time: 0.16s

Barrier statistics:
 AA' NZ     : 3.709e+05
 Factor NZ  : 3.905e+06 (roughly 230 MB of memory)
 Factor Ops : 2.623e+08 (less than 1 second per iteration)
 Threads    : 8

                  Objective                Residual
Iter       Primal          Dual         Primal    Dual     Compl     Time
   0  -1.22466045e+09  8.63517425e+08  7.80e+04 1.13e-13  1.00e+06     1s
   1  -5.85742648e+08  5.07976560e+08  1.69e+04 1.44e+02  2.23e+05     1s
   2  -2.82434129e+08  2.81995027e+08  2.13e+02 8.69e-01  3.96e+03     1s
   3  -6.55833256e+07  6.61786494e+07  1.76e+00 1.48e-12  2.85e+02     1s
   4  -1.25708105e+07  1.31966944e+07  1.53e-01 4.39e-12  5.32e+01     1s
   5  -2.28690501e+06  2.53083816e+06  1.14e-02 1.16e-12  9.74e+00     2s
   6  -3.34328934e+05  3.84146499e+05  1.14e-08 8.97e-13  1.45e+00     2s
   7  -5.04632197e+04  6.35330193e+04  1.20e-13 6.65e-13  2.29e-01     2s
   8  -7.72415400e+03  9.03786420e+03  4.34e-14 1.82e-13  3.37e-02     2s
   9  -1.28026867e+03  1.49881439e+03  1.96e-14 5.68e-14  5.59e-03     2s
  10  -2.16802138e+02  1.68960596e+02  8.83e-15 3.46e-14  7.76e-04     2s
  11  -4.80261102e+01  2.57103163e+01  2.37e-15 2.84e-14  1.48e-04     2s
  12  -8.01633597e+00  3.19990965e+00  1.26e-15 2.84e-14  2.26e-05     2s
  13  -1.56743259e+00  6.43854492e-01  3.23e-16 2.84e-14  4.45e-06     3s
  14  -4.88131168e-01  3.39676402e-01  1.78e-16 4.26e-14  1.67e-06     3s
  15  -4.04396874e-02  1.65470033e-01  3.75e-17 2.84e-14  4.14e-07     3s
  16   1.67053734e-02  1.46422657e-01  2.34e-17 2.84e-14  2.61e-07     3s
  17   8.38323543e-02  1.22196968e-01  1.81e-17 2.84e-14  7.72e-08     3s
  18   9.92527782e-02  1.16728886e-01  1.18e-17 2.84e-14  3.52e-08     3s
  19   1.10998674e-01  1.12645290e-01  3.08e-17 2.84e-14  3.31e-09     3s
  20   1.12103444e-01  1.12261797e-01  1.25e-17 2.84e-14  3.19e-10     3s
  21   1.12218625e-01  1.12221958e-01  1.51e-17 4.26e-14  6.71e-12     3s
  22   1.12221094e-01  1.12221104e-01  1.24e-16 1.87e-14  2.01e-14     3s
  23   1.12221101e-01  1.12221102e-01  3.10e-15 2.84e-14  2.00e-15     3s
  24   1.12221102e-01  1.12221102e-01  4.66e-15 5.68e-14  6.14e-16     3s
  25   1.12221102e-01  1.12221102e-01  1.43e-15 2.84e-14  1.47e-16     3s
  26   1.12221102e-01  1.12221102e-01  6.72e-16 1.78e-14  5.20e-17     4s

Barrier solved model in 26 iterations and 3.59 seconds (3.07 work units)
Optimal objective 1.12221102e-01

objective value: 0.11222110182926687
Done! Time elapsed: 24.982014894485474 seconds.
g_0_1: 1.0000003267672
g_1_1: 1.0000001873971507
g_1_2: 1.0000005282938613
g_2_1: 1.0000003242262347
g_2_2: 1.0000009140308337
g_2_3: 1.0000003242262347
g_2_4: 1.0000009140308164
Parameters from last iteration: [0.17400006 0.70700013 0.17400009 0.70700023 0.17400016 0.70700023
 0.17400016]

Parameters from current iteration:
                [0.17400006 0.70700013 0.17400009 0.70700023 0.17400016 0.70700023
 0.17400016]


                Percentage Error = 3.1902950052896725e-16
                
year done: 172
Time 173: 2
Optimization Iteration[1/20000]

Solving the optimization problem...
Set parameter TokenServer to value "licenses.rcc.uchicago.edu"
Read LP format model from file /scratch/local/jobs/50183986/tmpwbd9jy0d.pyomo.lp
Reading time = 1.38 seconds
x1: 258121 rows, 502401 columns, 1259970 nonzeros
Set parameter Threads to value 8
Set parameter BarConvTol to value 1e-12
Gurobi Optimizer version 11.0.0 build v11.0.0rc2 (linux64 - "CentOS Linux 8")

CPU model: Intel(R) Xeon(R) Gold 6248R CPU @ 3.00GHz, instruction set [SSE2|AVX|AVX2|AVX512]
Thread count: 48 physical cores, 48 logical processors, using up to 8 threads

Optimize a model with 258121 rows, 502401 columns and 1259970 nonzeros
Model fingerprint: 0x3587eab0
Model has 3166 quadratic objective terms
Coefficient statistics:
  Matrix range     [1e+00, 1e+03]
  Objective range  [1e-06, 1e+02]
  QObjective range [3e-01, 3e+03]
  Bounds range     [3e-04, 1e+00]
  RHS range        [1e-17, 6e+00]
Presolve removed 131481 rows and 128813 columns
Presolve time: 0.58s
Presolved: 126640 rows, 373588 columns, 743932 nonzeros
Presolved model has 3166 quadratic objective terms
Ordering time: 0.16s

Barrier statistics:
 AA' NZ     : 3.709e+05
 Factor NZ  : 3.905e+06 (roughly 230 MB of memory)
 Factor Ops : 2.623e+08 (less than 1 second per iteration)
 Threads    : 8

                  Objective                Residual
Iter       Primal          Dual         Primal    Dual     Compl     Time
   0  -1.22466045e+09  8.63517425e+08  7.80e+04 1.14e-13  1.00e+06     1s
   1  -5.85742648e+08  5.07976560e+08  1.69e+04 1.44e+02  2.23e+05     1s
   2  -2.82434129e+08  2.81995027e+08  2.13e+02 8.69e-01  3.96e+03     1s
   3  -6.55833256e+07  6.61786494e+07  1.76e+00 1.46e-12  2.85e+02     1s
   4  -1.25708105e+07  1.31966944e+07  1.53e-01 3.19e-12  5.32e+01     1s
   5  -2.28690501e+06  2.53083816e+06  1.14e-02 1.47e-12  9.74e+00     2s
   6  -3.34328935e+05  3.84146499e+05  1.14e-08 7.62e-13  1.45e+00     2s
   7  -5.04632199e+04  6.35330192e+04  1.44e-13 7.39e-13  2.29e-01     2s
   8  -7.72415420e+03  9.03786400e+03  5.19e-14 1.76e-13  3.37e-02     2s
   9  -1.28026887e+03  1.49881419e+03  1.98e-14 4.26e-14  5.59e-03     2s
  10  -2.16802334e+02  1.68960401e+02  9.07e-15 3.11e-14  7.76e-04     2s
  11  -4.80263054e+01  2.57101210e+01  1.80e-15 2.84e-14  1.48e-04     2s
  12  -8.01653121e+00  3.19971441e+00  9.31e-16 2.84e-14  2.26e-05     2s
  13  -1.56762783e+00  6.43659250e-01  3.32e-16 2.84e-14  4.45e-06     2s
  14  -4.88326411e-01  3.39481160e-01  1.21e-16 4.26e-14  1.67e-06     2s
  15  -4.06349297e-02  1.65274790e-01  4.01e-17 2.84e-14  4.14e-07     3s
  16   1.65101310e-02  1.46227415e-01  2.87e-17 2.84e-14  2.61e-07     3s
  17   8.36371120e-02  1.22001726e-01  2.06e-17 2.84e-14  7.72e-08     3s
  18   9.90575359e-02  1.16533644e-01  1.62e-17 2.84e-14  3.52e-08     3s
  19   1.10803432e-01  1.12450048e-01  2.25e-17 2.13e-14  3.31e-09     3s
  20   1.11908201e-01  1.12066555e-01  1.26e-17 2.84e-14  3.19e-10     3s
  21   1.12023383e-01  1.12026716e-01  2.47e-17 4.26e-14  6.71e-12     3s
  22   1.12025852e-01  1.12025862e-01  1.23e-16 1.60e-14  2.01e-14     3s
  23   1.12025859e-01  1.12025860e-01  3.04e-15 2.84e-14  1.99e-15     3s
  24   1.12025859e-01  1.12025860e-01  4.33e-15 2.84e-14  6.12e-16     3s
  25   1.12025859e-01  1.12025860e-01  1.33e-15 4.26e-14  1.46e-16     3s
  26   1.12025859e-01  1.12025860e-01  6.06e-16 2.84e-14  5.17e-17     3s

Barrier solved model in 26 iterations and 3.46 seconds (3.07 work units)
Optimal objective 1.12025859e-01

objective value: 0.11202585949009869
Done! Time elapsed: 26.09330987930298 seconds.
g_0_1: 1.0000003267671997
g_1_1: 1.0000001873971507
g_1_2: 1.000000528293861
g_2_1: 1.0000003242262345
g_2_2: 1.0000009140308337
g_2_3: 1.0000003242262347
g_2_4: 1.0000009140308164
Parameters from last iteration: [0.17400006 0.70700013 0.17400009 0.70700023 0.17400016 0.70700023
 0.17400016]

Parameters from current iteration:
                [0.17400006 0.70700013 0.17400009 0.70700023 0.17400016 0.70700023
 0.17400016]


                Percentage Error = 3.1902950052896715e-16
                
year done: 173
Time 174: 2
Optimization Iteration[1/20000]

Solving the optimization problem...
Set parameter TokenServer to value "licenses.rcc.uchicago.edu"
Read LP format model from file /scratch/local/jobs/50183986/tmpqj41fz6g.pyomo.lp
Reading time = 1.38 seconds
x1: 258121 rows, 502401 columns, 1259970 nonzeros
Set parameter Threads to value 8
Set parameter BarConvTol to value 1e-12
Gurobi Optimizer version 11.0.0 build v11.0.0rc2 (linux64 - "CentOS Linux 8")

CPU model: Intel(R) Xeon(R) Gold 6248R CPU @ 3.00GHz, instruction set [SSE2|AVX|AVX2|AVX512]
Thread count: 48 physical cores, 48 logical processors, using up to 8 threads

Optimize a model with 258121 rows, 502401 columns and 1259970 nonzeros
Model fingerprint: 0x4b8a981c
Model has 3166 quadratic objective terms
Coefficient statistics:
  Matrix range     [1e+00, 1e+03]
  Objective range  [1e-06, 1e+02]
  QObjective range [3e-01, 3e+03]
  Bounds range     [3e-04, 1e+00]
  RHS range        [1e-17, 6e+00]
Presolve removed 131481 rows and 128813 columns
Presolve time: 0.61s
Presolved: 126640 rows, 373588 columns, 743932 nonzeros
Presolved model has 3166 quadratic objective terms
Ordering time: 0.16s

Barrier statistics:
 AA' NZ     : 3.709e+05
 Factor NZ  : 3.905e+06 (roughly 230 MB of memory)
 Factor Ops : 2.623e+08 (less than 1 second per iteration)
 Threads    : 8

                  Objective                Residual
Iter       Primal          Dual         Primal    Dual     Compl     Time
   0  -1.22466045e+09  8.63517425e+08  7.80e+04 1.13e-13  1.00e+06     1s
   1  -5.85742648e+08  5.07976560e+08  1.69e+04 1.44e+02  2.23e+05     1s
   2  -2.82434129e+08  2.81995027e+08  2.13e+02 8.69e-01  3.96e+03     1s
   3  -6.55833256e+07  6.61786494e+07  1.76e+00 1.38e-12  2.85e+02     1s
   4  -1.25708105e+07  1.31966944e+07  1.53e-01 3.66e-12  5.32e+01     1s
   5  -2.28690501e+06  2.53083816e+06  1.14e-02 1.28e-12  9.74e+00     2s
   6  -3.34328935e+05  3.84146498e+05  1.14e-08 1.66e-12  1.45e+00     2s
   7  -5.04632200e+04  6.35330190e+04  1.26e-13 6.79e-13  2.29e-01     2s
   8  -7.72415438e+03  9.03786381e+03  4.15e-14 2.08e-13  3.37e-02     2s
   9  -1.28026905e+03  1.49881401e+03  1.59e-14 5.68e-14  5.59e-03     2s
  10  -2.16802520e+02  1.68960215e+02  8.79e-15 2.84e-14  7.76e-04     2s
  11  -4.80264919e+01  2.57099346e+01  1.66e-15 1.42e-14  1.48e-04     2s
  12  -8.01671767e+00  3.19952795e+00  1.08e-15 2.84e-14  2.26e-05     2s
  13  -1.56781429e+00  6.43472795e-01  2.81e-16 1.60e-14  4.45e-06     3s
  14  -4.88512866e-01  3.39294705e-01  2.43e-16 2.84e-14  1.67e-06     3s
  15  -4.08213847e-02  1.65088335e-01  6.27e-17 2.84e-14  4.14e-07     3s
  16   1.63236761e-02  1.46040960e-01  2.73e-17 2.84e-14  2.61e-07     3s
  17   8.34506570e-02  1.21815271e-01  1.80e-17 2.84e-14  7.72e-08     3s
  18   9.88710809e-02  1.16347189e-01  1.09e-17 2.84e-14  3.52e-08     3s
  19   1.10616977e-01  1.12263593e-01  3.27e-17 4.26e-14  3.31e-09     3s
  20   1.11721746e-01  1.11880100e-01  1.07e-17 1.42e-14  3.19e-10     3s
  21   1.11836928e-01  1.11840261e-01  1.93e-17 2.84e-14  6.71e-12     3s
  22   1.11839397e-01  1.11839407e-01  1.01e-16 2.84e-14  2.01e-14     3s
  23   1.11839404e-01  1.11839405e-01  2.76e-15 2.84e-14  1.98e-15     3s
  24   1.11839404e-01  1.11839405e-01  5.06e-15 1.73e-14  6.09e-16     3s
  25   1.11839404e-01  1.11839405e-01  1.06e-15 2.84e-14  1.46e-16     3s
  26   1.11839405e-01  1.11839405e-01  6.69e-16 2.84e-14  5.13e-17     4s

Barrier solved model in 26 iterations and 3.59 seconds (3.07 work units)
Optimal objective 1.11839405e-01

objective value: 0.11183940450372629
Done! Time elapsed: 24.932623147964478 seconds.
g_0_1: 1.0000003267671997
g_1_1: 1.0000001873971507
g_1_2: 1.000000528293861
g_2_1: 1.0000003242262347
g_2_2: 1.0000009140308335
g_2_3: 1.000000324226235
g_2_4: 1.0000009140308164
Parameters from last iteration: [0.17400006 0.70700013 0.17400009 0.70700023 0.17400016 0.70700023
 0.17400016]

Parameters from current iteration:
                [0.17400006 0.70700013 0.17400009 0.70700023 0.17400016 0.70700023
 0.17400016]


                Percentage Error = 3.140658174432369e-16
                
year done: 174
Time 175: 2
Optimization Iteration[1/20000]

Solving the optimization problem...
Set parameter TokenServer to value "licenses.rcc.uchicago.edu"
Read LP format model from file /scratch/local/jobs/50183986/tmpcpl5erxu.pyomo.lp
Reading time = 1.36 seconds
x1: 258121 rows, 502401 columns, 1259970 nonzeros
Set parameter Threads to value 8
Set parameter BarConvTol to value 1e-12
Gurobi Optimizer version 11.0.0 build v11.0.0rc2 (linux64 - "CentOS Linux 8")

CPU model: Intel(R) Xeon(R) Gold 6248R CPU @ 3.00GHz, instruction set [SSE2|AVX|AVX2|AVX512]
Thread count: 48 physical cores, 48 logical processors, using up to 8 threads

Optimize a model with 258121 rows, 502401 columns and 1259970 nonzeros
Model fingerprint: 0xa654d6ac
Model has 3166 quadratic objective terms
Coefficient statistics:
  Matrix range     [1e+00, 1e+03]
  Objective range  [1e-06, 1e+02]
  QObjective range [3e-01, 3e+03]
  Bounds range     [3e-04, 1e+00]
  RHS range        [1e-17, 6e+00]
Presolve removed 131481 rows and 128813 columns
Presolve time: 0.57s
Presolved: 126640 rows, 373588 columns, 743932 nonzeros
Presolved model has 3166 quadratic objective terms
Ordering time: 0.16s

Barrier statistics:
 AA' NZ     : 3.709e+05
 Factor NZ  : 3.905e+06 (roughly 230 MB of memory)
 Factor Ops : 2.623e+08 (less than 1 second per iteration)
 Threads    : 8

                  Objective                Residual
Iter       Primal          Dual         Primal    Dual     Compl     Time
   0  -1.22466045e+09  8.63517425e+08  7.80e+04 1.14e-13  1.00e+06     1s
   1  -5.85742648e+08  5.07976560e+08  1.69e+04 1.44e+02  2.23e+05     1s
   2  -2.82434129e+08  2.81995027e+08  2.13e+02 8.69e-01  3.96e+03     1s
   3  -6.55833256e+07  6.61786494e+07  1.76e+00 1.47e-12  2.85e+02     1s
   4  -1.25708105e+07  1.31966944e+07  1.53e-01 4.35e-12  5.32e+01     1s
   5  -2.28690501e+06  2.53083816e+06  1.14e-02 1.23e-12  9.74e+00     1s
   6  -3.34328935e+05  3.84146498e+05  1.14e-08 2.11e-12  1.45e+00     2s
   7  -5.04632202e+04  6.35330188e+04  1.11e-13 6.92e-13  2.29e-01     2s
   8  -7.72415456e+03  9.03786364e+03  4.57e-14 1.74e-13  3.37e-02     2s
   9  -1.28026923e+03  1.49881383e+03  1.83e-14 3.29e-14  5.59e-03     2s
  10  -2.16802698e+02  1.68960037e+02  7.37e-15 2.84e-14  7.76e-04     2s
  11  -4.80266700e+01  2.57097565e+01  2.73e-15 2.84e-14  1.48e-04     2s
  12  -8.01689573e+00  3.19934989e+00  9.55e-16 2.84e-14  2.26e-05     2s
  13  -1.56799235e+00  6.43294732e-01  2.92e-16 2.84e-14  4.45e-06     2s
  14  -4.88690929e-01  3.39116642e-01  1.66e-16 2.84e-14  1.67e-06     2s
  15  -4.09994479e-02  1.64910272e-01  5.20e-17 2.84e-14  4.14e-07     3s
  16   1.61456129e-02  1.45862897e-01  2.43e-17 2.13e-14  2.61e-07     3s
  17   8.32725939e-02  1.21637208e-01  1.49e-17 2.84e-14  7.72e-08     3s
  18   9.86930177e-02  1.16169126e-01  1.33e-17 2.84e-14  3.52e-08     3s
  19   1.10438914e-01  1.12085530e-01  2.13e-17 2.84e-14  3.31e-09     3s
  20   1.11543683e-01  1.11702037e-01  1.55e-17 1.95e-14  3.19e-10     3s
  21   1.11658865e-01  1.11662198e-01  1.49e-17 2.84e-14  6.71e-12     3s
  22   1.11661334e-01  1.11661344e-01  1.04e-16 5.68e-14  2.01e-14     3s
  23   1.11661341e-01  1.11661342e-01  3.06e-15 2.84e-14  1.97e-15     3s
  24   1.11661341e-01  1.11661341e-01  4.42e-15 2.84e-14  6.06e-16     3s
  25   1.11661341e-01  1.11661341e-01  1.19e-15 2.84e-14  1.45e-16     3s
  26   1.11661341e-01  1.11661341e-01  6.81e-16 2.84e-14  5.09e-17     3s

Barrier solved model in 26 iterations and 3.46 seconds (3.07 work units)
Optimal objective 1.11661341e-01

objective value: 0.11166134137411929
Done! Time elapsed: 24.501450300216675 seconds.
g_0_1: 1.0000003267671997
g_1_1: 1.000000187397151
g_1_2: 1.000000528293861
g_2_1: 1.0000003242262347
g_2_2: 1.0000009140308332
g_2_3: 1.000000324226235
g_2_4: 1.0000009140308161
Parameters from last iteration: [0.17400006 0.70700013 0.17400009 0.70700023 0.17400016 0.70700023
 0.17400016]

Parameters from current iteration:
                [0.17400006 0.70700013 0.17400009 0.70700023 0.17400016 0.70700023
 0.17400016]


                Percentage Error = 3.190293131747202e-16
                
year done: 175
Time 176: 2
Optimization Iteration[1/20000]

Solving the optimization problem...
Set parameter TokenServer to value "licenses.rcc.uchicago.edu"
Read LP format model from file /scratch/local/jobs/50183986/tmpupozvomi.pyomo.lp
Reading time = 1.37 seconds
x1: 258121 rows, 502401 columns, 1259970 nonzeros
Set parameter Threads to value 8
Set parameter BarConvTol to value 1e-12
Gurobi Optimizer version 11.0.0 build v11.0.0rc2 (linux64 - "CentOS Linux 8")

CPU model: Intel(R) Xeon(R) Gold 6248R CPU @ 3.00GHz, instruction set [SSE2|AVX|AVX2|AVX512]
Thread count: 48 physical cores, 48 logical processors, using up to 8 threads

Optimize a model with 258121 rows, 502401 columns and 1259970 nonzeros
Model fingerprint: 0x4bed69e1
Model has 3166 quadratic objective terms
Coefficient statistics:
  Matrix range     [1e+00, 1e+03]
  Objective range  [1e-06, 1e+02]
  QObjective range [3e-01, 3e+03]
  Bounds range     [3e-04, 1e+00]
  RHS range        [1e-17, 6e+00]
Presolve removed 131481 rows and 128813 columns
Presolve time: 0.62s
Presolved: 126640 rows, 373588 columns, 743932 nonzeros
Presolved model has 3166 quadratic objective terms
Ordering time: 0.16s

Barrier statistics:
 AA' NZ     : 3.709e+05
 Factor NZ  : 3.905e+06 (roughly 230 MB of memory)
 Factor Ops : 2.623e+08 (less than 1 second per iteration)
 Threads    : 8

                  Objective                Residual
Iter       Primal          Dual         Primal    Dual     Compl     Time
   0  -1.22466045e+09  8.63517425e+08  7.80e+04 1.14e-13  1.00e+06     1s
   1  -5.85742648e+08  5.07976560e+08  1.69e+04 1.44e+02  2.23e+05     1s
   2  -2.82434129e+08  2.81995027e+08  2.13e+02 8.69e-01  3.96e+03     1s
   3  -6.55833256e+07  6.61786494e+07  1.76e+00 1.48e-12  2.85e+02     1s
   4  -1.25708105e+07  1.31966944e+07  1.53e-01 3.22e-12  5.32e+01     2s
   5  -2.28690501e+06  2.53083816e+06  1.14e-02 1.38e-12  9.74e+00     2s
   6  -3.34328935e+05  3.84146498e+05  1.14e-08 9.98e-13  1.45e+00     2s
   7  -5.04632204e+04  6.35330186e+04  1.43e-13 7.23e-13  2.29e-01     2s
   8  -7.72415473e+03  9.03786347e+03  3.92e-14 2.30e-13  3.37e-02     2s
   9  -1.28026940e+03  1.49881366e+03  1.29e-14 4.26e-14  5.59e-03     2s
  10  -2.16802868e+02  1.68959867e+02  6.54e-15 4.26e-14  7.76e-04     2s
  11  -4.80268400e+01  2.57095864e+01  2.06e-15 2.84e-14  1.48e-04     2s
  12  -8.01706578e+00  3.19917984e+00  1.01e-15 5.68e-14  2.26e-05     2s
  13  -1.56816240e+00  6.43124683e-01  2.90e-16 2.84e-14  4.45e-06     3s
  14  -4.88860978e-01  3.38946593e-01  1.68e-16 4.26e-14  1.67e-06     3s
  15  -4.11694968e-02  1.64740223e-01  4.34e-17 2.84e-14  4.14e-07     3s
  16   1.59755640e-02  1.45692848e-01  2.18e-17 2.84e-14  2.61e-07     3s
  17   8.31025449e-02  1.21467159e-01  1.91e-17 2.84e-14  7.72e-08     3s
  18   9.85229688e-02  1.15999077e-01  9.69e-18 1.95e-14  3.52e-08     3s
  19   1.10268865e-01  1.11915481e-01  2.21e-17 4.26e-14  3.31e-09     3s
  20   1.11373634e-01  1.11531988e-01  1.37e-17 2.84e-14  3.19e-10     3s
  21   1.11488816e-01  1.11492149e-01  1.94e-17 2.84e-14  6.71e-12     3s
  22   1.11491285e-01  1.11491295e-01  1.07e-16 2.84e-14  2.01e-14     3s
  23   1.11491292e-01  1.11491293e-01  3.22e-15 2.84e-14  1.95e-15     3s
  24   1.11491292e-01  1.11491293e-01  4.19e-15 4.26e-14  6.03e-16     3s
  25   1.11491292e-01  1.11491292e-01  1.23e-15 2.84e-14  1.44e-16     4s
  26   1.11491292e-01  1.11491292e-01  7.63e-16 2.84e-14  5.05e-17     4s

Barrier solved model in 26 iterations and 3.64 seconds (3.07 work units)
Optimal objective 1.11491292e-01

objective value: 0.11149129240551252
Done! Time elapsed: 24.927953243255615 seconds.
g_0_1: 1.0000003267671997
g_1_1: 1.0000001873971507
g_1_2: 1.000000528293861
g_2_1: 1.0000003242262347
g_2_2: 1.000000914030833
g_2_3: 1.000000324226235
g_2_4: 1.0000009140308161
Parameters from last iteration: [0.17400006 0.70700013 0.17400009 0.70700023 0.17400016 0.70700023
 0.17400016]

Parameters from current iteration:
                [0.17400006 0.70700013 0.17400009 0.70700023 0.17400016 0.70700023
 0.17400016]


                Percentage Error = 3.190293131747148e-16
                
year done: 176
Time 177: 2
Optimization Iteration[1/20000]

Solving the optimization problem...
Set parameter TokenServer to value "licenses.rcc.uchicago.edu"
Read LP format model from file /scratch/local/jobs/50183986/tmplrli6ezl.pyomo.lp
Reading time = 1.36 seconds
x1: 258121 rows, 502401 columns, 1259970 nonzeros
Set parameter Threads to value 8
Set parameter BarConvTol to value 1e-12
Gurobi Optimizer version 11.0.0 build v11.0.0rc2 (linux64 - "CentOS Linux 8")

CPU model: Intel(R) Xeon(R) Gold 6248R CPU @ 3.00GHz, instruction set [SSE2|AVX|AVX2|AVX512]
Thread count: 48 physical cores, 48 logical processors, using up to 8 threads

Optimize a model with 258121 rows, 502401 columns and 1259970 nonzeros
Model fingerprint: 0xf6af3e08
Model has 3166 quadratic objective terms
Coefficient statistics:
  Matrix range     [1e+00, 1e+03]
  Objective range  [1e-06, 1e+02]
  QObjective range [3e-01, 3e+03]
  Bounds range     [3e-04, 1e+00]
  RHS range        [1e-17, 6e+00]
Presolve removed 131481 rows and 128813 columns
Presolve time: 0.57s
Presolved: 126640 rows, 373588 columns, 743932 nonzeros
Presolved model has 3166 quadratic objective terms
Ordering time: 0.16s

Barrier statistics:
 AA' NZ     : 3.709e+05
 Factor NZ  : 3.905e+06 (roughly 230 MB of memory)
 Factor Ops : 2.623e+08 (less than 1 second per iteration)
 Threads    : 8

                  Objective                Residual
Iter       Primal          Dual         Primal    Dual     Compl     Time
   0  -1.22466045e+09  8.63517425e+08  7.80e+04 1.14e-13  1.00e+06     1s
   1  -5.85742648e+08  5.07976560e+08  1.69e+04 1.44e+02  2.23e+05     1s
   2  -2.82434129e+08  2.81995027e+08  2.13e+02 8.69e-01  3.96e+03     1s
   3  -6.55833256e+07  6.61786494e+07  1.76e+00 1.46e-12  2.85e+02     1s
   4  -1.25708105e+07  1.31966944e+07  1.53e-01 4.31e-12  5.32e+01     1s
   5  -2.28690501e+06  2.53083816e+06  1.14e-02 1.23e-12  9.74e+00     2s
   6  -3.34328935e+05  3.84146498e+05  1.14e-08 8.67e-13  1.45e+00     2s
   7  -5.04632205e+04  6.35330185e+04  1.37e-13 6.58e-13  2.29e-01     2s
   8  -7.72415489e+03  9.03786330e+03  4.32e-14 1.92e-13  3.37e-02     2s
   9  -1.28026956e+03  1.49881349e+03  1.52e-14 2.89e-14  5.59e-03     2s
  10  -2.16803031e+02  1.68959704e+02  9.07e-15 5.68e-14  7.76e-04     2s
  11  -4.80270024e+01  2.57094241e+01  2.38e-15 2.84e-14  1.48e-04     2s
  12  -8.01722817e+00  3.19901745e+00  8.99e-16 2.84e-14  2.26e-05     2s
  13  -1.56832479e+00  6.42962287e-01  3.84e-16 2.84e-14  4.45e-06     2s
  14  -4.89023373e-01  3.38784197e-01  1.60e-16 2.84e-14  1.67e-06     2s
  15  -4.13318923e-02  1.64577828e-01  4.79e-17 2.84e-14  4.14e-07     3s
  16   1.58131685e-02  1.45530452e-01  2.44e-17 2.84e-14  2.61e-07     3s
  17   8.29401494e-02  1.21304763e-01  1.92e-17 2.84e-14  7.72e-08     3s
  18   9.83605733e-02  1.15836681e-01  1.05e-17 1.60e-14  3.52e-08     3s
  19   1.10106469e-01  1.11753085e-01  2.24e-17 2.84e-14  3.31e-09     3s
  20   1.11211239e-01  1.11369592e-01  9.49e-18 2.84e-14  3.19e-10     3s
  21   1.11326421e-01  1.11329754e-01  1.50e-17 2.84e-14  6.71e-12     3s
  22   1.11328890e-01  1.11328900e-01  1.35e-16 2.84e-14  2.01e-14     3s
  23   1.11328896e-01  1.11328897e-01  2.40e-15 2.84e-14  1.94e-15     3s
  24   1.11328897e-01  1.11328897e-01  4.51e-15 3.38e-14  6.00e-16     3s
  25   1.11328897e-01  1.11328897e-01  1.34e-15 2.84e-14  1.43e-16     3s
  26   1.11328897e-01  1.11328897e-01  7.31e-16 2.84e-14  5.01e-17     3s

Barrier solved model in 26 iterations and 3.45 seconds (3.07 work units)
Optimal objective 1.11328897e-01

objective value: 0.11132889690123803
Done! Time elapsed: 26.217548608779907 seconds.
g_0_1: 1.0000003267671997
g_1_1: 1.0000001873971507
g_1_2: 1.0000005282938609
g_2_1: 1.0000003242262347
g_2_2: 1.000000914030833
g_2_3: 1.0000003242262347
g_2_4: 1.0000009140308164
Parameters from last iteration: [0.17400006 0.70700013 0.17400009 0.70700023 0.17400016 0.70700023
 0.17400016]

Parameters from current iteration:
                [0.17400006 0.70700013 0.17400009 0.70700023 0.17400016 0.70700023
 0.17400016]


                Percentage Error = 3.190293131747203e-16
                
year done: 177
Time 178: 2
Optimization Iteration[1/20000]

Solving the optimization problem...
Set parameter TokenServer to value "licenses.rcc.uchicago.edu"
Read LP format model from file /scratch/local/jobs/50183986/tmpzun335l4.pyomo.lp
Reading time = 1.37 seconds
x1: 258121 rows, 502401 columns, 1259970 nonzeros
Set parameter Threads to value 8
Set parameter BarConvTol to value 1e-12
Gurobi Optimizer version 11.0.0 build v11.0.0rc2 (linux64 - "CentOS Linux 8")

CPU model: Intel(R) Xeon(R) Gold 6248R CPU @ 3.00GHz, instruction set [SSE2|AVX|AVX2|AVX512]
Thread count: 48 physical cores, 48 logical processors, using up to 8 threads

Optimize a model with 258121 rows, 502401 columns and 1259970 nonzeros
Model fingerprint: 0x5db8e244
Model has 3166 quadratic objective terms
Coefficient statistics:
  Matrix range     [1e+00, 1e+03]
  Objective range  [1e-06, 1e+02]
  QObjective range [3e-01, 3e+03]
  Bounds range     [3e-04, 1e+00]
  RHS range        [1e-17, 6e+00]
Presolve removed 131481 rows and 128813 columns
Presolve time: 0.62s
Presolved: 126640 rows, 373588 columns, 743932 nonzeros
Presolved model has 3166 quadratic objective terms
Ordering time: 0.17s

Barrier statistics:
 AA' NZ     : 3.709e+05
 Factor NZ  : 3.905e+06 (roughly 230 MB of memory)
 Factor Ops : 2.623e+08 (less than 1 second per iteration)
 Threads    : 8

                  Objective                Residual
Iter       Primal          Dual         Primal    Dual     Compl     Time
   0  -1.22466045e+09  8.63517425e+08  7.80e+04 1.13e-13  1.00e+06     1s
   1  -5.85742648e+08  5.07976560e+08  1.69e+04 1.44e+02  2.23e+05     1s
   2  -2.82434129e+08  2.81995027e+08  2.13e+02 8.69e-01  3.96e+03     1s
   3  -6.55833256e+07  6.61786494e+07  1.76e+00 1.44e-12  2.85e+02     1s
   4  -1.25708105e+07  1.31966944e+07  1.53e-01 4.99e-12  5.32e+01     2s
   5  -2.28690501e+06  2.53083816e+06  1.14e-02 1.23e-12  9.74e+00     2s
   6  -3.34328936e+05  3.84146498e+05  1.14e-08 1.43e-12  1.45e+00     2s
   7  -5.04632207e+04  6.35330183e+04  1.24e-13 6.25e-13  2.29e-01     2s
   8  -7.72415505e+03  9.03786315e+03  4.12e-14 1.74e-13  3.37e-02     2s
   9  -1.28026972e+03  1.49881334e+03  2.05e-14 5.68e-14  5.59e-03     2s
  10  -2.16803186e+02  1.68959549e+02  9.26e-15 4.26e-14  7.76e-04     2s
  11  -4.80271575e+01  2.57092690e+01  1.97e-15 2.84e-14  1.48e-04     2s
  12  -8.01738326e+00  3.19886236e+00  1.39e-15 2.84e-14  2.26e-05     2s
  13  -1.56847988e+00  6.42807201e-01  3.34e-16 1.55e-14  4.45e-06     3s
  14  -4.89178460e-01  3.38629111e-01  1.56e-16 2.84e-14  1.67e-06     3s
  15  -4.14869788e-02  1.64422741e-01  4.55e-17 2.84e-14  4.14e-07     3s
  16   1.56580820e-02  1.45375366e-01  2.36e-17 1.95e-14  2.61e-07     3s
  17   8.27850629e-02  1.21149677e-01  3.04e-17 2.84e-14  7.72e-08     3s
  18   9.82054868e-02  1.15681595e-01  9.73e-18 1.87e-14  3.52e-08     3s
  19   1.09951383e-01  1.11597999e-01  2.56e-17 2.84e-14  3.31e-09     3s
  20   1.11056152e-01  1.11214506e-01  1.08e-17 2.84e-14  3.19e-10     3s
  21   1.11171334e-01  1.11174667e-01  1.74e-17 2.84e-14  6.71e-12     3s
  22   1.11173803e-01  1.11173813e-01  1.37e-16 2.84e-14  2.01e-14     3s
  23   1.11173810e-01  1.11173811e-01  2.51e-15 1.73e-14  1.93e-15     3s
  24   1.11173810e-01  1.11173810e-01  5.13e-15 2.04e-14  5.97e-16     4s
  25   1.11173810e-01  1.11173810e-01  1.45e-15 2.84e-14  1.42e-16     4s
  26   1.11173810e-01  1.11173810e-01  6.08e-16 2.84e-14  4.98e-17     4s

Barrier solved model in 26 iterations and 3.69 seconds (3.07 work units)
Optimal objective 1.11173810e-01

objective value: 0.11117381039866489
Done! Time elapsed: 25.155373334884644 seconds.
g_0_1: 1.0000003267671995
g_1_1: 1.0000001873971507
g_1_2: 1.000000528293861
g_2_1: 1.0000003242262347
g_2_2: 1.0000009140308328
g_2_3: 1.0000003242262347
g_2_4: 1.0000009140308164
Parameters from last iteration: [0.17400006 0.70700013 0.17400009 0.70700023 0.17400016 0.70700023
 0.17400016]

Parameters from current iteration:
                [0.17400006 0.70700013 0.17400009 0.70700023 0.17400016 0.70700023
 0.17400016]


                Percentage Error = 1.5951475026448362e-16
                
year done: 178
Time 179: 2
Optimization Iteration[1/20000]

Solving the optimization problem...
Set parameter TokenServer to value "licenses.rcc.uchicago.edu"
Read LP format model from file /scratch/local/jobs/50183986/tmpzjgzthbe.pyomo.lp
Reading time = 1.38 seconds
x1: 258121 rows, 502401 columns, 1259970 nonzeros
Set parameter Threads to value 8
Set parameter BarConvTol to value 1e-12
Gurobi Optimizer version 11.0.0 build v11.0.0rc2 (linux64 - "CentOS Linux 8")

CPU model: Intel(R) Xeon(R) Gold 6248R CPU @ 3.00GHz, instruction set [SSE2|AVX|AVX2|AVX512]
Thread count: 48 physical cores, 48 logical processors, using up to 8 threads

Optimize a model with 258121 rows, 502401 columns and 1259970 nonzeros
Model fingerprint: 0x420f0de0
Model has 3166 quadratic objective terms
Coefficient statistics:
  Matrix range     [1e+00, 1e+03]
  Objective range  [1e-06, 1e+02]
  QObjective range [3e-01, 3e+03]
  Bounds range     [3e-04, 1e+00]
  RHS range        [1e-17, 6e+00]
Presolve removed 131481 rows and 128813 columns
Presolve time: 0.63s
Presolved: 126640 rows, 373588 columns, 743932 nonzeros
Presolved model has 3166 quadratic objective terms
Ordering time: 0.16s

Barrier statistics:
 AA' NZ     : 3.709e+05
 Factor NZ  : 3.905e+06 (roughly 230 MB of memory)
 Factor Ops : 2.623e+08 (less than 1 second per iteration)
 Threads    : 8

                  Objective                Residual
Iter       Primal          Dual         Primal    Dual     Compl     Time
   0  -1.22466045e+09  8.63517425e+08  7.80e+04 1.13e-13  1.00e+06     1s
   1  -5.85742648e+08  5.07976560e+08  1.69e+04 1.44e+02  2.23e+05     1s
   2  -2.82434129e+08  2.81995027e+08  2.13e+02 8.69e-01  3.96e+03     1s
   3  -6.55833256e+07  6.61786494e+07  1.76e+00 1.42e-12  2.85e+02     1s
   4  -1.25708105e+07  1.31966944e+07  1.53e-01 4.81e-12  5.32e+01     2s
   5  -2.28690501e+06  2.53083816e+06  1.14e-02 1.22e-12  9.74e+00     2s
   6  -3.34328936e+05  3.84146498e+05  1.14e-08 1.07e-12  1.45e+00     2s
   7  -5.04632209e+04  6.35330182e+04  1.16e-13 6.45e-13  2.29e-01     2s
   8  -7.72415520e+03  9.03786300e+03  4.34e-14 2.12e-13  3.37e-02     2s
   9  -1.28026987e+03  1.49881319e+03  1.92e-14 3.02e-14  5.59e-03     2s
  10  -2.16803334e+02  1.68959401e+02  6.35e-15 4.26e-14  7.76e-04     2s
  11  -4.80273056e+01  2.57091209e+01  2.47e-15 1.69e-14  1.48e-04     2s
  12  -8.01753137e+00  3.19871425e+00  1.31e-15 2.84e-14  2.26e-05     2s
  13  -1.56862799e+00  6.42659094e-01  3.00e-16 2.84e-14  4.45e-06     3s
  14  -4.89326566e-01  3.38481004e-01  1.35e-16 2.84e-14  1.67e-06     3s
  15  -4.16350853e-02  1.64274635e-01  3.92e-17 2.84e-14  4.14e-07     3s
  16   1.55099755e-02  1.45227259e-01  3.26e-17 2.84e-14  2.61e-07     3s
  17   8.26369564e-02  1.21001570e-01  2.05e-17 2.84e-14  7.72e-08     3s
  18   9.80573803e-02  1.15533488e-01  1.06e-17 2.84e-14  3.52e-08     3s
  19   1.09803276e-01  1.11449892e-01  2.75e-17 2.84e-14  3.31e-09     3s
  20   1.10908046e-01  1.11066399e-01  1.18e-17 2.22e-14  3.19e-10     3s
  21   1.11023228e-01  1.11026561e-01  1.99e-17 2.84e-14  6.71e-12     3s
  22   1.11025697e-01  1.11025707e-01  8.98e-17 2.84e-14  2.01e-14     3s
  23   1.11025703e-01  1.11025704e-01  3.18e-15 2.84e-14  1.92e-15     3s
  24   1.11025704e-01  1.11025704e-01  5.91e-15 2.84e-14  5.94e-16     3s
  25   1.11025704e-01  1.11025704e-01  1.20e-15 2.84e-14  1.41e-16     4s
  26   1.11025704e-01  1.11025704e-01  6.60e-16 2.84e-14  4.94e-17     4s

Barrier solved model in 26 iterations and 3.68 seconds (3.07 work units)
Optimal objective 1.11025704e-01

objective value: 0.11102570393852332
Done! Time elapsed: 25.563406467437744 seconds.
g_0_1: 1.0000003267672
g_1_1: 1.000000187397151
g_1_2: 1.0000005282938613
g_2_1: 1.0000003242262347
g_2_2: 1.0000009140308328
g_2_3: 1.0000003242262347
g_2_4: 1.0000009140308164
Parameters from last iteration: [0.17400006 0.70700013 0.17400009 0.70700023 0.17400016 0.70700023
 0.17400016]

Parameters from current iteration:
                [0.17400006 0.70700013 0.17400009 0.70700023 0.17400016 0.70700023
 0.17400016]


                Percentage Error = 4.78544250793451e-16
                
year done: 179
Time 180: 2
Optimization Iteration[1/20000]

Solving the optimization problem...
Set parameter TokenServer to value "licenses.rcc.uchicago.edu"
Read LP format model from file /scratch/local/jobs/50183986/tmpn21_fpeq.pyomo.lp
Reading time = 1.38 seconds
x1: 258121 rows, 502401 columns, 1259970 nonzeros
Set parameter Threads to value 8
Set parameter BarConvTol to value 1e-12
Gurobi Optimizer version 11.0.0 build v11.0.0rc2 (linux64 - "CentOS Linux 8")

CPU model: Intel(R) Xeon(R) Gold 6248R CPU @ 3.00GHz, instruction set [SSE2|AVX|AVX2|AVX512]
Thread count: 48 physical cores, 48 logical processors, using up to 8 threads

Optimize a model with 258121 rows, 502401 columns and 1259970 nonzeros
Model fingerprint: 0x46b68176
Model has 3166 quadratic objective terms
Coefficient statistics:
  Matrix range     [1e+00, 1e+03]
  Objective range  [1e-06, 1e+02]
  QObjective range [3e-01, 3e+03]
  Bounds range     [3e-04, 1e+00]
  RHS range        [1e-17, 6e+00]
Presolve removed 131481 rows and 128813 columns
Presolve time: 0.61s
Presolved: 126640 rows, 373588 columns, 743932 nonzeros
Presolved model has 3166 quadratic objective terms
Ordering time: 0.16s

Barrier statistics:
 AA' NZ     : 3.709e+05
 Factor NZ  : 3.905e+06 (roughly 230 MB of memory)
 Factor Ops : 2.623e+08 (less than 1 second per iteration)
 Threads    : 8

                  Objective                Residual
Iter       Primal          Dual         Primal    Dual     Compl     Time
   0  -1.22466045e+09  8.63517425e+08  7.80e+04 1.14e-13  1.00e+06     1s
   1  -5.85742648e+08  5.07976560e+08  1.69e+04 1.44e+02  2.23e+05     1s
   2  -2.82434129e+08  2.81995027e+08  2.13e+02 8.69e-01  3.96e+03     1s
   3  -6.55833256e+07  6.61786494e+07  1.76e+00 1.45e-12  2.85e+02     1s
   4  -1.25708105e+07  1.31966944e+07  1.53e-01 5.44e-12  5.32e+01     1s
   5  -2.28690501e+06  2.53083816e+06  1.14e-02 1.41e-12  9.74e+00     2s
   6  -3.34328936e+05  3.84146497e+05  1.14e-08 7.82e-13  1.45e+00     2s
   7  -5.04632210e+04  6.35330180e+04  1.45e-13 6.72e-13  2.29e-01     2s
   8  -7.72415534e+03  9.03786286e+03  3.79e-14 1.83e-13  3.37e-02     2s
   9  -1.28027001e+03  1.49881305e+03  1.67e-14 4.26e-14  5.59e-03     2s
  10  -2.16803475e+02  1.68959260e+02  8.27e-15 2.84e-14  7.76e-04     2s
  11  -4.80274470e+01  2.57089794e+01  2.00e-15 2.84e-14  1.48e-04     2s
  12  -8.01767281e+00  3.19857281e+00  1.01e-15 4.26e-14  2.26e-05     2s
  13  -1.56876943e+00  6.42517654e-01  2.91e-16 2.84e-14  4.45e-06     3s
  14  -4.89468007e-01  3.38339564e-01  2.19e-16 2.93e-14  1.67e-06     3s
  15  -4.17765259e-02  1.64133194e-01  5.79e-17 2.84e-14  4.14e-07     3s
  16   1.53685349e-02  1.45085819e-01  3.02e-17 2.84e-14  2.61e-07     3s
  17   8.24955159e-02  1.20860130e-01  2.41e-17 2.84e-14  7.72e-08     3s
  18   9.79159397e-02  1.15392048e-01  1.02e-17 2.84e-14  3.52e-08     3s
  19   1.09661836e-01  1.11308452e-01  2.35e-17 2.84e-14  3.31e-09     3s
  20   1.10766605e-01  1.10924959e-01  1.10e-17 2.84e-14  3.19e-10     3s
  21   1.10881787e-01  1.10885120e-01  1.89e-17 2.84e-14  6.71e-12     3s
  22   1.10884256e-01  1.10884266e-01  9.98e-17 2.84e-14  2.01e-14     3s
  23   1.10884263e-01  1.10884264e-01  2.82e-15 2.84e-14  1.91e-15     3s
  24   1.10884263e-01  1.10884263e-01  5.37e-15 2.84e-14  5.91e-16     3s
  25   1.10884263e-01  1.10884263e-01  1.21e-15 1.51e-14  1.41e-16     4s
  26   1.10884263e-01  1.10884263e-01  7.37e-16 2.84e-14  4.90e-17     4s

Barrier solved model in 26 iterations and 3.61 seconds (3.07 work units)
Optimal objective 1.10884263e-01

objective value: 0.11088426336714922
Done! Time elapsed: 24.817882537841797 seconds.
g_0_1: 1.0000003267671995
g_1_1: 1.000000187397151
g_1_2: 1.0000005282938609
g_2_1: 1.0000003242262347
g_2_2: 1.0000009140308326
g_2_3: 1.000000324226235
g_2_4: 1.0000009140308161
Parameters from last iteration: [0.17400006 0.70700013 0.17400009 0.70700023 0.17400016 0.70700023
 0.17400016]

Parameters from current iteration:
                [0.17400006 0.70700013 0.17400009 0.70700023 0.17400016 0.70700023
 0.17400016]


                Percentage Error = 4.785442507934507e-16
                
year done: 180
Time 181: 2
Optimization Iteration[1/20000]

Solving the optimization problem...
Set parameter TokenServer to value "licenses.rcc.uchicago.edu"
Read LP format model from file /scratch/local/jobs/50183986/tmpl_22dplv.pyomo.lp
Reading time = 1.38 seconds
x1: 258121 rows, 502401 columns, 1259970 nonzeros
Set parameter Threads to value 8
Set parameter BarConvTol to value 1e-12
Gurobi Optimizer version 11.0.0 build v11.0.0rc2 (linux64 - "CentOS Linux 8")

CPU model: Intel(R) Xeon(R) Gold 6248R CPU @ 3.00GHz, instruction set [SSE2|AVX|AVX2|AVX512]
Thread count: 48 physical cores, 48 logical processors, using up to 8 threads

Optimize a model with 258121 rows, 502401 columns and 1259970 nonzeros
Model fingerprint: 0x63f49edf
Model has 3166 quadratic objective terms
Coefficient statistics:
  Matrix range     [1e+00, 1e+03]
  Objective range  [1e-06, 1e+02]
  QObjective range [3e-01, 3e+03]
  Bounds range     [3e-04, 1e+00]
  RHS range        [1e-17, 6e+00]
Presolve removed 131481 rows and 128813 columns
Presolve time: 0.63s
Presolved: 126640 rows, 373588 columns, 743932 nonzeros
Presolved model has 3166 quadratic objective terms
Ordering time: 0.17s

Barrier statistics:
 AA' NZ     : 3.709e+05
 Factor NZ  : 3.905e+06 (roughly 230 MB of memory)
 Factor Ops : 2.623e+08 (less than 1 second per iteration)
 Threads    : 8

                  Objective                Residual
Iter       Primal          Dual         Primal    Dual     Compl     Time
   0  -1.22466045e+09  8.63517425e+08  7.80e+04 1.14e-13  1.00e+06     1s
   1  -5.85742648e+08  5.07976560e+08  1.69e+04 1.44e+02  2.23e+05     1s
   2  -2.82434129e+08  2.81995027e+08  2.13e+02 8.69e-01  3.96e+03     1s
   3  -6.55833256e+07  6.61786494e+07  1.76e+00 1.53e-12  2.85e+02     1s
   4  -1.25708105e+07  1.31966944e+07  1.53e-01 5.13e-12  5.32e+01     2s
   5  -2.28690501e+06  2.53083816e+06  1.14e-02 1.45e-12  9.74e+00     2s
   6  -3.34328936e+05  3.84146497e+05  1.14e-08 9.94e-13  1.45e+00     2s
   7  -5.04632211e+04  6.35330179e+04  1.50e-13 6.33e-13  2.29e-01     2s
   8  -7.72415547e+03  9.03786272e+03  3.75e-14 2.26e-13  3.37e-02     2s
   9  -1.28027014e+03  1.49881291e+03  1.87e-14 4.26e-14  5.59e-03     2s
  10  -2.16803610e+02  1.68959125e+02  7.45e-15 2.84e-14  7.76e-04     2s
  11  -4.80275821e+01  2.57088443e+01  2.19e-15 2.84e-14  1.48e-04     2s
  12  -8.01780788e+00  3.19843774e+00  1.03e-15 2.84e-14  2.26e-05     2s
  13  -1.56890450e+00  6.42382579e-01  3.23e-16 2.84e-14  4.45e-06     3s
  14  -4.89603082e-01  3.38204489e-01  1.75e-16 2.84e-14  1.67e-06     3s
  15  -4.19116006e-02  1.63998120e-01  5.46e-17 2.84e-14  4.14e-07     3s
  16   1.52334602e-02  1.44950744e-01  3.16e-17 2.84e-14  2.61e-07     3s
  17   8.23604412e-02  1.20725055e-01  1.65e-17 2.84e-14  7.72e-08     3s
  18   9.77808650e-02  1.15256973e-01  1.21e-17 2.84e-14  3.52e-08     3s
  19   1.09526761e-01  1.11173377e-01  4.10e-17 2.84e-14  3.31e-09     3s
  20   1.10631531e-01  1.10789884e-01  1.10e-17 2.84e-14  3.19e-10     3s
  21   1.10746712e-01  1.10750045e-01  1.56e-17 2.84e-14  6.71e-12     3s
  22   1.10749181e-01  1.10749191e-01  1.22e-16 3.02e-14  2.01e-14     3s
  23   1.10749188e-01  1.10749189e-01  3.02e-15 2.84e-14  1.89e-15     3s
  24   1.10749188e-01  1.10749189e-01  4.26e-15 4.26e-14  5.88e-16     4s
  25   1.10749189e-01  1.10749189e-01  1.08e-15 2.13e-14  1.40e-16     4s
  26   1.10749189e-01  1.10749189e-01  5.37e-16 2.84e-14  4.87e-17     4s

Barrier solved model in 26 iterations and 3.69 seconds (3.07 work units)
Optimal objective 1.10749189e-01

objective value: 0.11074918867013572
Done! Time elapsed: 26.861435651779175 seconds.
g_0_1: 1.0000003267671997
g_1_1: 1.000000187397151
g_1_2: 1.000000528293861
g_2_1: 1.0000003242262347
g_2_2: 1.0000009140308324
g_2_3: 1.0000003242262347
g_2_4: 1.0000009140308164
Parameters from last iteration: [0.17400006 0.70700013 0.17400009 0.70700023 0.17400016 0.70700023
 0.17400016]

Parameters from current iteration:
                [0.17400006 0.70700013 0.17400009 0.70700023 0.17400016 0.70700023
 0.17400016]


                Percentage Error = 3.190293131747203e-16
                
year done: 181
Time 182: 2
Optimization Iteration[1/20000]

Solving the optimization problem...
Set parameter TokenServer to value "licenses.rcc.uchicago.edu"
Read LP format model from file /scratch/local/jobs/50183986/tmptzscboaz.pyomo.lp
Reading time = 1.36 seconds
x1: 258121 rows, 502401 columns, 1259970 nonzeros
Set parameter Threads to value 8
Set parameter BarConvTol to value 1e-12
Gurobi Optimizer version 11.0.0 build v11.0.0rc2 (linux64 - "CentOS Linux 8")

CPU model: Intel(R) Xeon(R) Gold 6248R CPU @ 3.00GHz, instruction set [SSE2|AVX|AVX2|AVX512]
Thread count: 48 physical cores, 48 logical processors, using up to 8 threads

Optimize a model with 258121 rows, 502401 columns and 1259970 nonzeros
Model fingerprint: 0xa25c20ed
Model has 3166 quadratic objective terms
Coefficient statistics:
  Matrix range     [1e+00, 1e+03]
  Objective range  [1e-06, 1e+02]
  QObjective range [3e-01, 3e+03]
  Bounds range     [3e-04, 1e+00]
  RHS range        [1e-17, 6e+00]
Presolve removed 131481 rows and 128813 columns
Presolve time: 0.56s
Presolved: 126640 rows, 373588 columns, 743932 nonzeros
Presolved model has 3166 quadratic objective terms
Ordering time: 0.15s

Barrier statistics:
 AA' NZ     : 3.709e+05
 Factor NZ  : 3.905e+06 (roughly 230 MB of memory)
 Factor Ops : 2.623e+08 (less than 1 second per iteration)
 Threads    : 8

                  Objective                Residual
Iter       Primal          Dual         Primal    Dual     Compl     Time
   0  -1.22466045e+09  8.63517425e+08  7.80e+04 1.13e-13  1.00e+06     1s
   1  -5.85742648e+08  5.07976560e+08  1.69e+04 1.44e+02  2.23e+05     1s
   2  -2.82434129e+08  2.81995027e+08  2.13e+02 8.69e-01  3.96e+03     1s
   3  -6.55833256e+07  6.61786494e+07  1.76e+00 1.45e-12  2.85e+02     1s
   4  -1.25708105e+07  1.31966944e+07  1.53e-01 2.81e-12  5.32e+01     1s
   5  -2.28690501e+06  2.53083816e+06  1.14e-02 1.19e-12  9.74e+00     1s
   6  -3.34328936e+05  3.84146497e+05  1.14e-08 8.60e-13  1.45e+00     2s
   7  -5.04632213e+04  6.35330177e+04  1.21e-13 6.90e-13  2.29e-01     2s
   8  -7.72415560e+03  9.03786260e+03  4.14e-14 1.88e-13  3.37e-02     2s
   9  -1.28027027e+03  1.49881279e+03  1.49e-14 5.68e-14  5.59e-03     2s
  10  -2.16803739e+02  1.68958996e+02  7.37e-15 3.02e-14  7.76e-04     2s
  11  -4.80277111e+01  2.57087153e+01  2.20e-15 4.26e-14  1.48e-04     2s
  12  -8.01793688e+00  3.19830874e+00  9.48e-16 2.84e-14  2.26e-05     2s
  13  -1.56903350e+00  6.42253584e-01  3.13e-16 2.84e-14  4.45e-06     2s
  14  -4.89732077e-01  3.38075494e-01  1.69e-16 2.84e-14  1.67e-06     2s
  15  -4.20405959e-02  1.63869124e-01  5.83e-17 2.84e-14  4.14e-07     3s
  16   1.51044649e-02  1.44821749e-01  4.94e-17 2.84e-14  2.61e-07     3s
  17   8.22314458e-02  1.20596060e-01  1.56e-17 1.42e-14  7.72e-08     3s
  18   9.76518697e-02  1.15127978e-01  1.04e-17 2.84e-14  3.52e-08     3s
  19   1.09397766e-01  1.11044382e-01  2.68e-17 2.84e-14  3.31e-09     3s
  20   1.10502535e-01  1.10660889e-01  1.05e-17 2.84e-14  3.19e-10     3s
  21   1.10617717e-01  1.10621050e-01  2.03e-17 2.84e-14  6.71e-12     3s
  22   1.10620186e-01  1.10620196e-01  9.23e-17 2.84e-14  2.01e-14     3s
  23   1.10620193e-01  1.10620194e-01  2.48e-15 1.95e-14  1.88e-15     3s
  24   1.10620193e-01  1.10620193e-01  4.73e-15 2.84e-14  5.85e-16     3s
  25   1.10620193e-01  1.10620193e-01  1.01e-15 2.84e-14  1.39e-16     3s
  26   1.10620193e-01  1.10620193e-01  5.11e-16 2.84e-14  4.83e-17     3s

Barrier solved model in 26 iterations and 3.43 seconds (3.07 work units)
Optimal objective 1.10620193e-01

objective value: 0.11062019333593605
Done! Time elapsed: 24.316728353500366 seconds.
g_0_1: 1.0000003267671995
g_1_1: 1.000000187397151
g_1_2: 1.0000005282938609
g_2_1: 1.0000003242262347
g_2_2: 1.0000009140308324
g_2_3: 1.000000324226235
g_2_4: 1.0000009140308161
Parameters from last iteration: [0.17400006 0.70700013 0.17400009 0.70700023 0.17400016 0.70700023
 0.17400016]

Parameters from current iteration:
                [0.17400006 0.70700013 0.17400009 0.70700023 0.17400016 0.70700023
 0.17400016]


                Percentage Error = 3.190293131747202e-16
                
year done: 182
Time 183: 2
Optimization Iteration[1/20000]

Solving the optimization problem...
Set parameter TokenServer to value "licenses.rcc.uchicago.edu"
Read LP format model from file /scratch/local/jobs/50183986/tmp2zmy5caf.pyomo.lp
Reading time = 1.38 seconds
x1: 258121 rows, 502401 columns, 1259970 nonzeros
Set parameter Threads to value 8
Set parameter BarConvTol to value 1e-12
Gurobi Optimizer version 11.0.0 build v11.0.0rc2 (linux64 - "CentOS Linux 8")

CPU model: Intel(R) Xeon(R) Gold 6248R CPU @ 3.00GHz, instruction set [SSE2|AVX|AVX2|AVX512]
Thread count: 48 physical cores, 48 logical processors, using up to 8 threads

Optimize a model with 258121 rows, 502401 columns and 1259970 nonzeros
Model fingerprint: 0xcc66e5da
Model has 3166 quadratic objective terms
Coefficient statistics:
  Matrix range     [1e+00, 1e+03]
  Objective range  [1e-06, 1e+02]
  QObjective range [3e-01, 3e+03]
  Bounds range     [3e-04, 1e+00]
  RHS range        [1e-17, 6e+00]
Presolve removed 131481 rows and 128813 columns
Presolve time: 0.64s
Presolved: 126640 rows, 373588 columns, 743932 nonzeros
Presolved model has 3166 quadratic objective terms
Ordering time: 0.17s

Barrier statistics:
 AA' NZ     : 3.709e+05
 Factor NZ  : 3.905e+06 (roughly 230 MB of memory)
 Factor Ops : 2.623e+08 (less than 1 second per iteration)
 Threads    : 8

                  Objective                Residual
Iter       Primal          Dual         Primal    Dual     Compl     Time
   0  -1.22466045e+09  8.63517425e+08  7.80e+04 1.14e-13  1.00e+06     1s
   1  -5.85742648e+08  5.07976560e+08  1.69e+04 1.44e+02  2.23e+05     1s
   2  -2.82434129e+08  2.81995027e+08  2.13e+02 8.69e-01  3.96e+03     1s
   3  -6.55833256e+07  6.61786494e+07  1.76e+00 1.43e-12  2.85e+02     1s
   4  -1.25708105e+07  1.31966944e+07  1.53e-01 4.36e-12  5.32e+01     2s
   5  -2.28690501e+06  2.53083816e+06  1.14e-02 1.32e-12  9.74e+00     2s
   6  -3.34328936e+05  3.84146497e+05  1.14e-08 7.94e-13  1.45e+00     2s
   7  -5.04632214e+04  6.35330176e+04  1.13e-13 6.25e-13  2.29e-01     2s
   8  -7.72415573e+03  9.03786247e+03  4.65e-14 1.88e-13  3.37e-02     2s
   9  -1.28027039e+03  1.49881266e+03  1.78e-14 5.68e-14  5.59e-03     2s
  10  -2.16803862e+02  1.68958872e+02  6.54e-15 2.84e-14  7.76e-04     2s
  11  -4.80278343e+01  2.57085922e+01  1.93e-15 2.84e-14  1.48e-04     2s
  12  -8.01806007e+00  3.19818555e+00  1.07e-15 2.84e-14  2.26e-05     2s
  13  -1.56915669e+00  6.42130394e-01  2.67e-16 2.84e-14  4.45e-06     3s
  14  -4.89855266e-01  3.37952304e-01  1.73e-16 3.82e-14  1.67e-06     3s
  15  -4.21637855e-02  1.63745935e-01  5.36e-17 4.26e-14  4.14e-07     3s
  16   1.49812753e-02  1.44698559e-01  4.39e-17 2.84e-14  2.61e-07     3s
  17   8.21082563e-02  1.20472870e-01  1.69e-17 2.84e-14  7.72e-08     3s
  18   9.75286801e-02  1.15004788e-01  1.04e-17 2.84e-14  3.52e-08     3s
  19   1.09274576e-01  1.10921192e-01  1.92e-17 2.84e-14  3.31e-09     3s
  20   1.10379346e-01  1.10537699e-01  1.09e-17 2.84e-14  3.19e-10     3s
  21   1.10494527e-01  1.10497860e-01  2.11e-17 2.84e-14  6.71e-12     3s
  22   1.10496996e-01  1.10497006e-01  1.50e-16 2.84e-14  2.01e-14     4s
  23   1.10497003e-01  1.10497004e-01  3.30e-15 2.84e-14  1.87e-15     4s
  24   1.10497004e-01  1.10497004e-01  4.87e-15 2.84e-14  5.83e-16     4s
  25   1.10497004e-01  1.10497004e-01  1.26e-15 2.04e-14  1.38e-16     4s
  26   1.10497004e-01  1.10497004e-01  7.91e-16 2.84e-14  4.79e-17     4s

Barrier solved model in 26 iterations and 3.91 seconds (3.07 work units)
Optimal objective 1.10497004e-01

objective value: 0.11049700374815363
Done! Time elapsed: 25.682966947555542 seconds.
g_0_1: 1.0000003267671995
g_1_1: 1.000000187397151
g_1_2: 1.000000528293861
g_2_1: 1.0000003242262347
g_2_2: 1.0000009140308321
g_2_3: 1.0000003242262347
g_2_4: 1.0000009140308161
Parameters from last iteration: [0.17400006 0.70700013 0.17400009 0.70700023 0.17400016 0.70700023
 0.17400016]

Parameters from current iteration:
                [0.17400006 0.70700013 0.17400009 0.70700023 0.17400016 0.70700023
 0.17400016]


                Percentage Error = 3.140658174432368e-16
                
year done: 183
Time 184: 2
Optimization Iteration[1/20000]

Solving the optimization problem...
Set parameter TokenServer to value "licenses.rcc.uchicago.edu"
Read LP format model from file /scratch/local/jobs/50183986/tmp5t2z5c16.pyomo.lp
Reading time = 1.36 seconds
x1: 258121 rows, 502401 columns, 1259970 nonzeros
Set parameter Threads to value 8
Set parameter BarConvTol to value 1e-12
Gurobi Optimizer version 11.0.0 build v11.0.0rc2 (linux64 - "CentOS Linux 8")

CPU model: Intel(R) Xeon(R) Gold 6248R CPU @ 3.00GHz, instruction set [SSE2|AVX|AVX2|AVX512]
Thread count: 48 physical cores, 48 logical processors, using up to 8 threads

Optimize a model with 258121 rows, 502401 columns and 1259970 nonzeros
Model fingerprint: 0x03fc05fe
Model has 3166 quadratic objective terms
Coefficient statistics:
  Matrix range     [1e+00, 1e+03]
  Objective range  [1e-06, 1e+02]
  QObjective range [3e-01, 3e+03]
  Bounds range     [3e-04, 1e+00]
  RHS range        [1e-17, 6e+00]
Presolve removed 131481 rows and 128813 columns
Presolve time: 0.59s
Presolved: 126640 rows, 373588 columns, 743932 nonzeros
Presolved model has 3166 quadratic objective terms
Ordering time: 0.16s

Barrier statistics:
 AA' NZ     : 3.709e+05
 Factor NZ  : 3.905e+06 (roughly 230 MB of memory)
 Factor Ops : 2.623e+08 (less than 1 second per iteration)
 Threads    : 8

                  Objective                Residual
Iter       Primal          Dual         Primal    Dual     Compl     Time
   0  -1.22466045e+09  8.63517425e+08  7.80e+04 1.14e-13  1.00e+06     1s
   1  -5.85742648e+08  5.07976560e+08  1.69e+04 1.44e+02  2.23e+05     1s
   2  -2.82434129e+08  2.81995027e+08  2.13e+02 8.69e-01  3.96e+03     1s
   3  -6.55833256e+07  6.61786494e+07  1.76e+00 1.41e-12  2.85e+02     1s
   4  -1.25708105e+07  1.31966944e+07  1.53e-01 3.61e-12  5.32e+01     1s
   5  -2.28690501e+06  2.53083816e+06  1.14e-02 1.19e-12  9.74e+00     2s
   6  -3.34328936e+05  3.84146497e+05  1.14e-08 2.11e-12  1.45e+00     2s
   7  -5.04632215e+04  6.35330175e+04  1.36e-13 8.43e-13  2.29e-01     2s
   8  -7.72415584e+03  9.03786235e+03  3.41e-14 1.83e-13  3.37e-02     2s
   9  -1.28027051e+03  1.49881255e+03  1.52e-14 4.26e-14  5.59e-03     2s
  10  -2.16803980e+02  1.68958755e+02  8.32e-15 2.84e-14  7.76e-04     2s
  11  -4.80279519e+01  2.57084745e+01  2.56e-15 2.84e-14  1.48e-04     2s
  12  -8.01817771e+00  3.19806791e+00  1.04e-15 5.68e-14  2.26e-05     2s
  13  -1.56927433e+00  6.42012749e-01  3.45e-16 2.84e-14  4.45e-06     3s
  14  -4.89972912e-01  3.37834659e-01  1.58e-16 2.84e-14  1.67e-06     3s
  15  -4.22814306e-02  1.63628289e-01  4.55e-17 2.13e-14  4.14e-07     3s
  16   1.48636302e-02  1.44580914e-01  3.26e-17 2.84e-14  2.61e-07     3s
  17   8.19906111e-02  1.20355225e-01  1.67e-17 2.84e-14  7.72e-08     3s
  18   9.74110350e-02  1.14887143e-01  1.31e-17 2.84e-14  3.52e-08     3s
  19   1.09156931e-01  1.10803547e-01  2.71e-17 2.84e-14  3.31e-09     3s
  20   1.10261700e-01  1.10420054e-01  1.37e-17 2.84e-14  3.19e-10     3s
  21   1.10376882e-01  1.10380215e-01  1.79e-17 2.84e-14  6.71e-12     3s
  22   1.10379351e-01  1.10379361e-01  1.01e-16 2.84e-14  2.01e-14     3s
  23   1.10379358e-01  1.10379359e-01  2.53e-15 2.84e-14  1.86e-15     3s
  24   1.10379358e-01  1.10379359e-01  5.40e-15 2.84e-14  5.80e-16     3s
  25   1.10379359e-01  1.10379359e-01  1.14e-15 2.84e-14  1.37e-16     4s
  26   1.10379359e-01  1.10379359e-01  6.97e-16 1.60e-14  4.76e-17     4s

Barrier solved model in 26 iterations and 3.67 seconds (3.07 work units)
Optimal objective 1.10379359e-01

objective value: 0.11037935860515484
Done! Time elapsed: 24.752701997756958 seconds.
g_0_1: 1.0000003267671997
g_1_1: 1.000000187397151
g_1_2: 1.0000005282938609
g_2_1: 1.0000003242262347
g_2_2: 1.0000009140308321
g_2_3: 1.000000324226235
g_2_4: 1.0000009140308164
Parameters from last iteration: [0.17400006 0.70700013 0.17400009 0.70700023 0.17400016 0.70700023
 0.17400016]

Parameters from current iteration:
                [0.17400006 0.70700013 0.17400009 0.70700023 0.17400016 0.70700023
 0.17400016]


                Percentage Error = 3.190293131747203e-16
                
year done: 184
Time 185: 2
Optimization Iteration[1/20000]

Solving the optimization problem...
Set parameter TokenServer to value "licenses.rcc.uchicago.edu"
Read LP format model from file /scratch/local/jobs/50183986/tmpisc5taf4.pyomo.lp
Reading time = 1.39 seconds
x1: 258121 rows, 502401 columns, 1259970 nonzeros
Set parameter Threads to value 8
Set parameter BarConvTol to value 1e-12
Gurobi Optimizer version 11.0.0 build v11.0.0rc2 (linux64 - "CentOS Linux 8")

CPU model: Intel(R) Xeon(R) Gold 6248R CPU @ 3.00GHz, instruction set [SSE2|AVX|AVX2|AVX512]
Thread count: 48 physical cores, 48 logical processors, using up to 8 threads

Optimize a model with 258121 rows, 502401 columns and 1259970 nonzeros
Model fingerprint: 0xfd731c47
Model has 3166 quadratic objective terms
Coefficient statistics:
  Matrix range     [1e+00, 1e+03]
  Objective range  [1e-06, 1e+02]
  QObjective range [3e-01, 3e+03]
  Bounds range     [3e-04, 1e+00]
  RHS range        [1e-17, 6e+00]
Presolve removed 131481 rows and 128813 columns
Presolve time: 0.66s
Presolved: 126640 rows, 373588 columns, 743932 nonzeros
Presolved model has 3166 quadratic objective terms
Ordering time: 0.17s

Barrier statistics:
 AA' NZ     : 3.709e+05
 Factor NZ  : 3.905e+06 (roughly 230 MB of memory)
 Factor Ops : 2.623e+08 (less than 1 second per iteration)
 Threads    : 8

                  Objective                Residual
Iter       Primal          Dual         Primal    Dual     Compl     Time
   0  -1.22466045e+09  8.63517425e+08  7.80e+04 1.13e-13  1.00e+06     1s
   1  -5.85742648e+08  5.07976560e+08  1.69e+04 1.44e+02  2.23e+05     1s
   2  -2.82434129e+08  2.81995027e+08  2.13e+02 8.69e-01  3.96e+03     1s
   3  -6.55833256e+07  6.61786494e+07  1.76e+00 1.65e-12  2.85e+02     1s
   4  -1.25708105e+07  1.31966944e+07  1.53e-01 4.90e-12  5.32e+01     2s
   5  -2.28690501e+06  2.53083816e+06  1.14e-02 1.18e-12  9.74e+00     2s
   6  -3.34328936e+05  3.84146497e+05  1.14e-08 7.54e-13  1.45e+00     2s
   7  -5.04632216e+04  6.35330174e+04  1.30e-13 6.11e-13  2.29e-01     2s
   8  -7.72415596e+03  9.03786224e+03  4.25e-14 2.00e-13  3.37e-02     2s
   9  -1.28027062e+03  1.49881243e+03  1.55e-14 4.35e-14  5.59e-03     2s
  10  -2.16804092e+02  1.68958642e+02  9.82e-15 4.26e-14  7.76e-04     2s
  11  -4.80280643e+01  2.57083622e+01  2.01e-15 2.84e-14  1.48e-04     2s
  12  -8.01829006e+00  3.19795556e+00  1.16e-15 1.55e-14  2.26e-05     3s
  13  -1.56938668e+00  6.41900399e-01  2.99e-16 2.84e-14  4.45e-06     3s
  14  -4.90085262e-01  3.37722309e-01  1.49e-16 2.84e-14  1.67e-06     3s
  15  -4.23937809e-02  1.63515939e-01  4.38e-17 2.84e-14  4.14e-07     3s
  16   1.47512799e-02  1.44468564e-01  3.73e-17 2.84e-14  2.61e-07     3s
  17   8.18782609e-02  1.20242875e-01  2.08e-17 2.93e-14  7.72e-08     3s
  18   9.72986847e-02  1.14774793e-01  1.17e-17 2.84e-14  3.52e-08     3s
  19   1.09044581e-01  1.10691197e-01  2.26e-17 2.84e-14  3.31e-09     3s
  20   1.10149350e-01  1.10307704e-01  1.29e-17 2.84e-14  3.19e-10     3s
  21   1.10264532e-01  1.10267865e-01  1.62e-17 2.84e-14  6.71e-12     3s
  22   1.10267001e-01  1.10267011e-01  8.44e-17 2.84e-14  2.01e-14     3s
  23   1.10267008e-01  1.10267009e-01  3.13e-15 2.84e-14  1.85e-15     4s
  24   1.10267008e-01  1.10267008e-01  4.69e-15 4.26e-14  5.77e-16     4s
  25   1.10267008e-01  1.10267008e-01  1.17e-15 2.84e-14  1.36e-16     4s
  26   1.10267008e-01  1.10267008e-01  6.80e-16 2.84e-14  4.72e-17     4s

Barrier solved model in 26 iterations and 3.80 seconds (3.07 work units)
Optimal objective 1.10267008e-01

objective value: 0.1102670083658133
Done! Time elapsed: 25.54586100578308 seconds.
g_0_1: 1.0000003267671995
g_1_1: 1.000000187397151
g_1_2: 1.0000005282938609
g_2_1: 1.0000003242262347
g_2_2: 1.000000914030832
g_2_3: 1.000000324226235
g_2_4: 1.0000009140308161
Parameters from last iteration: [0.17400006 0.70700013 0.17400009 0.70700023 0.17400016 0.70700023
 0.17400016]

Parameters from current iteration:
                [0.17400006 0.70700013 0.17400009 0.70700023 0.17400016 0.70700023
 0.17400016]


                Percentage Error = 3.190293131747202e-16
                
year done: 185
Time 186: 2
Optimization Iteration[1/20000]

Solving the optimization problem...
Set parameter TokenServer to value "licenses.rcc.uchicago.edu"
Read LP format model from file /scratch/local/jobs/50183986/tmpzk_werov.pyomo.lp
Reading time = 1.39 seconds
x1: 258121 rows, 502401 columns, 1259970 nonzeros
Set parameter Threads to value 8
Set parameter BarConvTol to value 1e-12
Gurobi Optimizer version 11.0.0 build v11.0.0rc2 (linux64 - "CentOS Linux 8")

CPU model: Intel(R) Xeon(R) Gold 6248R CPU @ 3.00GHz, instruction set [SSE2|AVX|AVX2|AVX512]
Thread count: 48 physical cores, 48 logical processors, using up to 8 threads

Optimize a model with 258121 rows, 502401 columns and 1259970 nonzeros
Model fingerprint: 0xfe6eeca1
Model has 3166 quadratic objective terms
Coefficient statistics:
  Matrix range     [1e+00, 1e+03]
  Objective range  [1e-06, 1e+02]
  QObjective range [3e-01, 3e+03]
  Bounds range     [3e-04, 1e+00]
  RHS range        [1e-17, 6e+00]
Presolve removed 131481 rows and 128813 columns
Presolve time: 0.65s
Presolved: 126640 rows, 373588 columns, 743932 nonzeros
Presolved model has 3166 quadratic objective terms
Ordering time: 0.17s

Barrier statistics:
 AA' NZ     : 3.709e+05
 Factor NZ  : 3.905e+06 (roughly 230 MB of memory)
 Factor Ops : 2.623e+08 (less than 1 second per iteration)
 Threads    : 8

                  Objective                Residual
Iter       Primal          Dual         Primal    Dual     Compl     Time
   0  -1.22466045e+09  8.63517425e+08  7.80e+04 1.14e-13  1.00e+06     1s
   1  -5.85742648e+08  5.07976560e+08  1.69e+04 1.44e+02  2.23e+05     1s
   2  -2.82434129e+08  2.81995027e+08  2.13e+02 8.69e-01  3.96e+03     1s
   3  -6.55833256e+07  6.61786494e+07  1.76e+00 1.45e-12  2.85e+02     1s
   4  -1.25708105e+07  1.31966944e+07  1.53e-01 5.07e-12  5.32e+01     2s
   5  -2.28690501e+06  2.53083816e+06  1.14e-02 1.22e-12  9.74e+00     2s
   6  -3.34328937e+05  3.84146497e+05  1.14e-08 9.73e-13  1.45e+00     2s
   7  -5.04632217e+04  6.35330173e+04  1.34e-13 7.99e-13  2.29e-01     2s
   8  -7.72415606e+03  9.03786214e+03  4.29e-14 1.78e-13  3.37e-02     2s
   9  -1.28027073e+03  1.49881233e+03  1.70e-14 3.29e-14  5.59e-03     2s
  10  -2.16804200e+02  1.68958535e+02  9.43e-15 4.26e-14  7.76e-04     2s
  11  -4.80281716e+01  2.57082549e+01  1.89e-15 2.22e-14  1.48e-04     2s
  12  -8.01839736e+00  3.19784826e+00  8.79e-16 2.84e-14  2.26e-05     2s
  13  -1.56949398e+00  6.41793105e-01  3.06e-16 2.84e-14  4.45e-06     3s
  14  -4.90192556e-01  3.37615015e-01  1.50e-16 2.84e-14  1.67e-06     3s
  15  -4.25010745e-02  1.63408646e-01  5.38e-17 2.84e-14  4.14e-07     3s
  16   1.46439863e-02  1.44361270e-01  2.26e-17 2.84e-14  2.61e-07     3s
  17   8.17709672e-02  1.20135581e-01  1.80e-17 1.95e-14  7.72e-08     3s
  18   9.71913911e-02  1.14667499e-01  1.16e-17 2.84e-14  3.52e-08     3s
  19   1.08937287e-01  1.10583903e-01  1.99e-17 2.84e-14  3.31e-09     3s
  20   1.10042057e-01  1.10200410e-01  1.26e-17 2.84e-14  3.19e-10     3s
  21   1.10157238e-01  1.10160571e-01  1.67e-17 2.84e-14  6.71e-12     3s
  22   1.10159707e-01  1.10159717e-01  1.23e-16 2.84e-14  2.01e-14     4s
  23   1.10159714e-01  1.10159715e-01  2.79e-15 2.84e-14  1.84e-15     4s
  24   1.10159715e-01  1.10159715e-01  4.87e-15 2.84e-14  5.74e-16     4s
  25   1.10159715e-01  1.10159715e-01  1.48e-15 2.84e-14  1.36e-16     4s
  26   1.10159715e-01  1.10159715e-01  6.87e-16 2.84e-14  4.69e-17     4s

Barrier solved model in 26 iterations and 3.93 seconds (3.07 work units)
Optimal objective 1.10159715e-01

objective value: 0.1101597147202151
Done! Time elapsed: 26.81056237220764 seconds.
g_0_1: 1.0000003267671993
g_1_1: 1.000000187397151
g_1_2: 1.0000005282938609
g_2_1: 1.000000324226235
g_2_2: 1.000000914030832
g_2_3: 1.000000324226235
g_2_4: 1.0000009140308164
Parameters from last iteration: [0.17400006 0.70700013 0.17400009 0.70700023 0.17400016 0.70700023
 0.17400016]

Parameters from current iteration:
                [0.17400006 0.70700013 0.17400009 0.70700023 0.17400016 0.70700023
 0.17400016]


                Percentage Error = 3.190293131747203e-16
                
year done: 186
Time 187: 2
Optimization Iteration[1/20000]

Solving the optimization problem...
Set parameter TokenServer to value "licenses.rcc.uchicago.edu"
Read LP format model from file /scratch/local/jobs/50183986/tmpb3ziasey.pyomo.lp
Reading time = 1.38 seconds
x1: 258121 rows, 502401 columns, 1259970 nonzeros
Set parameter Threads to value 8
Set parameter BarConvTol to value 1e-12
Gurobi Optimizer version 11.0.0 build v11.0.0rc2 (linux64 - "CentOS Linux 8")

CPU model: Intel(R) Xeon(R) Gold 6248R CPU @ 3.00GHz, instruction set [SSE2|AVX|AVX2|AVX512]
Thread count: 48 physical cores, 48 logical processors, using up to 8 threads

Optimize a model with 258121 rows, 502401 columns and 1259970 nonzeros
Model fingerprint: 0xbc0c0390
Model has 3166 quadratic objective terms
Coefficient statistics:
  Matrix range     [1e+00, 1e+03]
  Objective range  [1e-06, 1e+02]
  QObjective range [3e-01, 3e+03]
  Bounds range     [3e-04, 1e+00]
  RHS range        [1e-17, 6e+00]
Presolve removed 131481 rows and 128813 columns
Presolve time: 0.63s
Presolved: 126640 rows, 373588 columns, 743932 nonzeros
Presolved model has 3166 quadratic objective terms
Ordering time: 0.17s

Barrier statistics:
 AA' NZ     : 3.709e+05
 Factor NZ  : 3.905e+06 (roughly 230 MB of memory)
 Factor Ops : 2.623e+08 (less than 1 second per iteration)
 Threads    : 8

                  Objective                Residual
Iter       Primal          Dual         Primal    Dual     Compl     Time
   0  -1.22466045e+09  8.63517425e+08  7.80e+04 1.13e-13  1.00e+06     1s
   1  -5.85742648e+08  5.07976560e+08  1.69e+04 1.44e+02  2.23e+05     1s
   2  -2.82434129e+08  2.81995027e+08  2.13e+02 8.69e-01  3.96e+03     1s
   3  -6.55833256e+07  6.61786494e+07  1.76e+00 1.66e-12  2.85e+02     1s
   4  -1.25708105e+07  1.31966944e+07  1.53e-01 4.42e-12  5.32e+01     2s
   5  -2.28690501e+06  2.53083816e+06  1.14e-02 1.17e-12  9.74e+00     2s
   6  -3.34328937e+05  3.84146497e+05  1.14e-08 7.92e-13  1.45e+00     2s
   7  -5.04632218e+04  6.35330172e+04  1.32e-13 6.43e-13  2.29e-01     2s
   8  -7.72415617e+03  9.03786203e+03  3.35e-14 1.86e-13  3.37e-02     2s
   9  -1.28027083e+03  1.49881222e+03  1.74e-14 4.26e-14  5.59e-03     2s
  10  -2.16804302e+02  1.68958433e+02  9.37e-15 2.84e-14  7.76e-04     2s
  11  -4.80282740e+01  2.57081524e+01  2.20e-15 5.68e-14  1.48e-04     2s
  12  -8.01849982e+00  3.19774580e+00  1.25e-15 2.84e-14  2.26e-05     2s
  13  -1.56959644e+00  6.41690640e-01  3.69e-16 2.84e-14  4.45e-06     3s
  14  -4.90295020e-01  3.37512550e-01  1.31e-16 2.84e-14  1.67e-06     3s
  15  -4.26035391e-02  1.63306181e-01  3.62e-17 2.84e-14  4.14e-07     3s
  16   1.45415216e-02  1.44258805e-01  2.39e-17 2.84e-14  2.61e-07     3s
  17   8.16685026e-02  1.20033117e-01  3.13e-17 2.84e-14  7.72e-08     3s
  18   9.70889265e-02  1.14565034e-01  1.34e-17 4.26e-14  3.52e-08     3s
  19   1.08834822e-01  1.10481438e-01  2.67e-17 2.13e-14  3.31e-09     3s
  20   1.09939592e-01  1.10097945e-01  1.24e-17 2.84e-14  3.19e-10     3s
  21   1.10054774e-01  1.10058107e-01  1.62e-17 4.26e-14  6.71e-12     3s
  22   1.10057243e-01  1.10057253e-01  1.09e-16 2.84e-14  2.01e-14     3s
  23   1.10057249e-01  1.10057250e-01  3.03e-15 2.84e-14  1.82e-15     3s
  24   1.10057250e-01  1.10057250e-01  4.47e-15 2.84e-14  5.71e-16     4s
  25   1.10057250e-01  1.10057250e-01  1.30e-15 2.84e-14  1.35e-16     4s
  26   1.10057250e-01  1.10057250e-01  6.38e-16 2.13e-14  4.65e-17     4s

Barrier solved model in 26 iterations and 3.70 seconds (3.07 work units)
Optimal objective 1.10057250e-01

objective value: 0.11005725008414256
Done! Time elapsed: 24.963415384292603 seconds.
g_0_1: 1.0000003267671995
g_1_1: 1.000000187397151
g_1_2: 1.0000005282938609
g_2_1: 1.0000003242262347
g_2_2: 1.0000009140308317
g_2_3: 1.000000324226235
g_2_4: 1.0000009140308161
Parameters from last iteration: [0.17400006 0.70700013 0.17400009 0.70700023 0.17400016 0.70700023
 0.17400016]

Parameters from current iteration:
                [0.17400006 0.70700013 0.17400009 0.70700023 0.17400016 0.70700023
 0.17400016]


                Percentage Error = 3.190293131747202e-16
                
year done: 187
Time 188: 2
Optimization Iteration[1/20000]

Solving the optimization problem...
Set parameter TokenServer to value "licenses.rcc.uchicago.edu"
Read LP format model from file /scratch/local/jobs/50183986/tmpx2pnug7p.pyomo.lp
Reading time = 1.38 seconds
x1: 258121 rows, 502401 columns, 1259970 nonzeros
Set parameter Threads to value 8
Set parameter BarConvTol to value 1e-12
Gurobi Optimizer version 11.0.0 build v11.0.0rc2 (linux64 - "CentOS Linux 8")

CPU model: Intel(R) Xeon(R) Gold 6248R CPU @ 3.00GHz, instruction set [SSE2|AVX|AVX2|AVX512]
Thread count: 48 physical cores, 48 logical processors, using up to 8 threads

Optimize a model with 258121 rows, 502401 columns and 1259970 nonzeros
Model fingerprint: 0xeac8a58e
Model has 3166 quadratic objective terms
Coefficient statistics:
  Matrix range     [1e+00, 1e+03]
  Objective range  [1e-06, 1e+02]
  QObjective range [3e-01, 3e+03]
  Bounds range     [3e-04, 1e+00]
  RHS range        [1e-17, 6e+00]
Presolve removed 131481 rows and 128813 columns
Presolve time: 0.62s
Presolved: 126640 rows, 373588 columns, 743932 nonzeros
Presolved model has 3166 quadratic objective terms
Ordering time: 0.16s

Barrier statistics:
 AA' NZ     : 3.709e+05
 Factor NZ  : 3.905e+06 (roughly 230 MB of memory)
 Factor Ops : 2.623e+08 (less than 1 second per iteration)
 Threads    : 8

                  Objective                Residual
Iter       Primal          Dual         Primal    Dual     Compl     Time
   0  -1.22466045e+09  8.63517425e+08  7.80e+04 1.14e-13  1.00e+06     1s
   1  -5.85742648e+08  5.07976560e+08  1.69e+04 1.44e+02  2.23e+05     1s
   2  -2.82434129e+08  2.81995027e+08  2.13e+02 8.69e-01  3.96e+03     1s
   3  -6.55833256e+07  6.61786494e+07  1.76e+00 1.37e-12  2.85e+02     1s
   4  -1.25708105e+07  1.31966944e+07  1.53e-01 4.44e-12  5.32e+01     2s
   5  -2.28690501e+06  2.53083816e+06  1.14e-02 1.25e-12  9.74e+00     2s
   6  -3.34328937e+05  3.84146497e+05  1.14e-08 1.25e-12  1.45e+00     2s
   7  -5.04632219e+04  6.35330171e+04  1.28e-13 6.58e-13  2.29e-01     2s
   8  -7.72415626e+03  9.03786193e+03  3.85e-14 2.06e-13  3.37e-02     2s
   9  -1.28027093e+03  1.49881213e+03  1.49e-14 3.91e-14  5.59e-03     2s
  10  -2.16804400e+02  1.68958335e+02  8.49e-15 2.84e-14  7.76e-04     2s
  11  -4.80283719e+01  2.57080546e+01  1.79e-15 2.84e-14  1.48e-04     2s
  12  -8.01859767e+00  3.19764795e+00  1.54e-15 4.26e-14  2.26e-05     2s
  13  -1.56969429e+00  6.41592787e-01  3.38e-16 2.84e-14  4.45e-06     3s
  14  -4.90392873e-01  3.37414697e-01  1.80e-16 2.84e-14  1.67e-06     3s
  15  -4.27013921e-02  1.63208328e-01  4.66e-17 1.51e-14  4.14e-07     3s
  16   1.44436687e-02  1.44160953e-01  2.69e-17 2.84e-14  2.61e-07     3s
  17   8.15706496e-02  1.19935264e-01  2.01e-17 2.84e-14  7.72e-08     3s
  18   9.69910735e-02  1.14467181e-01  1.07e-17 2.84e-14  3.52e-08     3s
  19   1.08736969e-01  1.10383585e-01  2.75e-17 2.84e-14  3.31e-09     3s
  20   1.09841739e-01  1.10000092e-01  1.22e-17 2.84e-14  3.19e-10     3s
  21   1.09956921e-01  1.09960254e-01  1.75e-17 4.26e-14  6.71e-12     3s
  22   1.09959390e-01  1.09959400e-01  1.17e-16 2.84e-14  2.01e-14     3s
  23   1.09959396e-01  1.09959397e-01  2.53e-15 2.13e-14  1.81e-15     3s
  24   1.09959397e-01  1.09959397e-01  5.28e-15 4.26e-14  5.68e-16     3s
  25   1.09959397e-01  1.09959397e-01  1.10e-15 1.78e-14  1.34e-16     4s
  26   1.09959397e-01  1.09959397e-01  9.26e-16 2.84e-14  4.62e-17     4s

Barrier solved model in 26 iterations and 3.66 seconds (3.07 work units)
Optimal objective 1.09959397e-01

objective value: 0.10995939711637442
Done! Time elapsed: 25.07499051094055 seconds.
g_0_1: 1.0000003267671995
g_1_1: 1.0000001873971507
g_1_2: 1.0000005282938609
g_2_1: 1.000000324226235
g_2_2: 1.0000009140308315
g_2_3: 1.000000324226235
g_2_4: 1.0000009140308161
Parameters from last iteration: [0.17400006 0.70700013 0.17400009 0.70700023 0.17400016 0.70700023
 0.17400016]

Parameters from current iteration:
                [0.17400006 0.70700013 0.17400009 0.70700023 0.17400016 0.70700023
 0.17400016]


                Percentage Error = 3.140658174432369e-16
                
year done: 188
Time 189: 2
Optimization Iteration[1/20000]

Solving the optimization problem...
Set parameter TokenServer to value "licenses.rcc.uchicago.edu"
Read LP format model from file /scratch/local/jobs/50183986/tmp5qm_6evc.pyomo.lp
Reading time = 1.38 seconds
x1: 258121 rows, 502401 columns, 1259970 nonzeros
Set parameter Threads to value 8
Set parameter BarConvTol to value 1e-12
Gurobi Optimizer version 11.0.0 build v11.0.0rc2 (linux64 - "CentOS Linux 8")

CPU model: Intel(R) Xeon(R) Gold 6248R CPU @ 3.00GHz, instruction set [SSE2|AVX|AVX2|AVX512]
Thread count: 48 physical cores, 48 logical processors, using up to 8 threads

Optimize a model with 258121 rows, 502401 columns and 1259970 nonzeros
Model fingerprint: 0x9b94298e
Model has 3166 quadratic objective terms
Coefficient statistics:
  Matrix range     [1e+00, 1e+03]
  Objective range  [1e-06, 1e+02]
  QObjective range [3e-01, 3e+03]
  Bounds range     [3e-04, 1e+00]
  RHS range        [1e-17, 6e+00]
Presolve removed 131481 rows and 128813 columns
Presolve time: 0.60s
Presolved: 126640 rows, 373588 columns, 743932 nonzeros
Presolved model has 3166 quadratic objective terms
Ordering time: 0.16s

Barrier statistics:
 AA' NZ     : 3.709e+05
 Factor NZ  : 3.905e+06 (roughly 230 MB of memory)
 Factor Ops : 2.623e+08 (less than 1 second per iteration)
 Threads    : 8

                  Objective                Residual
Iter       Primal          Dual         Primal    Dual     Compl     Time
   0  -1.22466045e+09  8.63517425e+08  7.80e+04 1.14e-13  1.00e+06     1s
   1  -5.85742648e+08  5.07976560e+08  1.69e+04 1.44e+02  2.23e+05     1s
   2  -2.82434129e+08  2.81995027e+08  2.13e+02 8.69e-01  3.96e+03     1s
   3  -6.55833256e+07  6.61786494e+07  1.76e+00 1.34e-12  2.85e+02     1s
   4  -1.25708105e+07  1.31966944e+07  1.53e-01 5.29e-12  5.32e+01     1s
   5  -2.28690501e+06  2.53083816e+06  1.14e-02 1.21e-12  9.74e+00     2s
   6  -3.34328937e+05  3.84146496e+05  1.14e-08 7.92e-13  1.45e+00     2s
   7  -5.04632220e+04  6.35330170e+04  1.34e-13 6.20e-13  2.29e-01     2s
   8  -7.72415636e+03  9.03786184e+03  4.24e-14 2.00e-13  3.37e-02     2s
   9  -1.28027102e+03  1.49881203e+03  1.67e-14 2.84e-14  5.59e-03     2s
  10  -2.16804493e+02  1.68958241e+02  9.16e-15 4.26e-14  7.76e-04     2s
  11  -4.80284653e+01  2.57079611e+01  1.88e-15 2.84e-14  1.48e-04     2s
  12  -8.01869112e+00  3.19755450e+00  9.06e-16 2.84e-14  2.26e-05     2s
  13  -1.56978774e+00  6.41499338e-01  3.19e-16 2.84e-14  4.45e-06     2s
  14  -4.90486322e-01  3.37321249e-01  1.82e-16 2.84e-14  1.67e-06     3s
  15  -4.27948410e-02  1.63114879e-01  3.99e-17 2.84e-14  4.14e-07     3s
  16   1.43502198e-02  1.44067504e-01  2.23e-17 1.87e-14  2.61e-07     3s
  17   8.14772008e-02  1.19841815e-01  1.96e-17 2.84e-14  7.72e-08     3s
  18   9.68976246e-02  1.14373733e-01  1.21e-17 2.84e-14  3.52e-08     3s
  19   1.08643520e-01  1.10290137e-01  2.29e-17 2.84e-14  3.31e-09     3s
  20   1.09748290e-01  1.09906644e-01  1.23e-17 1.78e-14  3.19e-10     3s
  21   1.09863472e-01  1.09866805e-01  1.61e-17 4.26e-14  6.71e-12     3s
  22   1.09865941e-01  1.09865951e-01  1.11e-16 1.60e-14  2.01e-14     3s
  23   1.09865948e-01  1.09865949e-01  2.79e-15 4.26e-14  1.80e-15     3s
  24   1.09865948e-01  1.09865948e-01  4.55e-15 2.84e-14  5.66e-16     3s
  25   1.09865948e-01  1.09865948e-01  1.12e-15 1.69e-14  1.33e-16     3s
  26   1.09865948e-01  1.09865948e-01  8.04e-16 2.84e-14  4.58e-17     4s

Barrier solved model in 26 iterations and 3.55 seconds (3.07 work units)
Optimal objective 1.09865948e-01

objective value: 0.10986594825763597
Done! Time elapsed: 24.45455813407898 seconds.
g_0_1: 1.0000003267671995
g_1_1: 1.000000187397151
g_1_2: 1.0000005282938609
g_2_1: 1.0000003242262347
g_2_2: 1.0000009140308312
g_2_3: 1.000000324226235
g_2_4: 1.0000009140308161
Parameters from last iteration: [0.17400006 0.70700013 0.17400009 0.70700023 0.17400016 0.70700023
 0.17400016]

Parameters from current iteration:
                [0.17400006 0.70700013 0.17400009 0.70700023 0.17400016 0.70700023
 0.17400016]


                Percentage Error = 3.1902931317471535e-16
                
year done: 189
Time 190: 2
Optimization Iteration[1/20000]

Solving the optimization problem...
Set parameter TokenServer to value "licenses.rcc.uchicago.edu"
Read LP format model from file /scratch/local/jobs/50183986/tmpddxj1z5b.pyomo.lp
Reading time = 1.37 seconds
x1: 258121 rows, 502401 columns, 1259970 nonzeros
Set parameter Threads to value 8
Set parameter BarConvTol to value 1e-12
Gurobi Optimizer version 11.0.0 build v11.0.0rc2 (linux64 - "CentOS Linux 8")

CPU model: Intel(R) Xeon(R) Gold 6248R CPU @ 3.00GHz, instruction set [SSE2|AVX|AVX2|AVX512]
Thread count: 48 physical cores, 48 logical processors, using up to 8 threads

Optimize a model with 258121 rows, 502401 columns and 1259970 nonzeros
Model fingerprint: 0x186dd2d0
Model has 3166 quadratic objective terms
Coefficient statistics:
  Matrix range     [1e+00, 1e+03]
  Objective range  [1e-06, 1e+02]
  QObjective range [3e-01, 3e+03]
  Bounds range     [3e-04, 1e+00]
  RHS range        [1e-17, 6e+00]
Presolve removed 131481 rows and 128813 columns
Presolve time: 0.62s
Presolved: 126640 rows, 373588 columns, 743932 nonzeros
Presolved model has 3166 quadratic objective terms
Ordering time: 0.16s

Barrier statistics:
 AA' NZ     : 3.709e+05
 Factor NZ  : 3.905e+06 (roughly 230 MB of memory)
 Factor Ops : 2.623e+08 (less than 1 second per iteration)
 Threads    : 8

                  Objective                Residual
Iter       Primal          Dual         Primal    Dual     Compl     Time
   0  -1.22466045e+09  8.63517425e+08  7.80e+04 1.14e-13  1.00e+06     1s
   1  -5.85742648e+08  5.07976560e+08  1.69e+04 1.44e+02  2.23e+05     1s
   2  -2.82434129e+08  2.81995027e+08  2.13e+02 8.69e-01  3.96e+03     1s
   3  -6.55833256e+07  6.61786494e+07  1.76e+00 1.43e-12  2.85e+02     1s
   4  -1.25708105e+07  1.31966944e+07  1.53e-01 4.09e-12  5.32e+01     2s
   5  -2.28690501e+06  2.53083816e+06  1.14e-02 1.19e-12  9.74e+00     2s
   6  -3.34328937e+05  3.84146496e+05  1.14e-08 8.67e-13  1.45e+00     2s
   7  -5.04632221e+04  6.35330169e+04  1.36e-13 6.06e-13  2.29e-01     2s
   8  -7.72415645e+03  9.03786175e+03  4.94e-14 1.94e-13  3.37e-02     2s
   9  -1.28027111e+03  1.49881194e+03  1.86e-14 4.26e-14  5.59e-03     2s
  10  -2.16804583e+02  1.68958152e+02  9.04e-15 2.84e-14  7.76e-04     2s
  11  -4.80285546e+01  2.57078719e+01  1.86e-15 2.84e-14  1.48e-04     2s
  12  -8.01878036e+00  3.19746526e+00  1.07e-15 5.68e-14  2.26e-05     2s
  13  -1.56987699e+00  6.41410095e-01  3.37e-16 2.84e-14  4.45e-06     3s
  14  -4.90575565e-01  3.37232006e-01  1.49e-16 2.84e-14  1.67e-06     3s
  15  -4.28840839e-02  1.63025636e-01  3.40e-17 2.84e-14  4.14e-07     3s
  16   1.42609768e-02  1.43978261e-01  2.22e-17 2.84e-14  2.61e-07     3s
  17   8.13879578e-02  1.19752572e-01  1.77e-17 2.84e-14  7.72e-08     3s
  18   9.68083817e-02  1.14284490e-01  1.02e-17 2.84e-14  3.52e-08     3s
  19   1.08554278e-01  1.10200894e-01  2.47e-17 2.40e-14  3.31e-09     3s
  20   1.09659047e-01  1.09817401e-01  1.64e-17 2.84e-14  3.19e-10     3s
  21   1.09774229e-01  1.09777562e-01  1.92e-17 4.26e-14  6.71e-12     3s
  22   1.09776698e-01  1.09776708e-01  1.10e-16 2.84e-14  2.01e-14     3s
  23   1.09776705e-01  1.09776706e-01  3.04e-15 2.84e-14  1.79e-15     4s
  24   1.09776705e-01  1.09776705e-01  4.79e-15 2.84e-14  5.63e-16     4s
  25   1.09776705e-01  1.09776705e-01  1.14e-15 1.47e-14  1.32e-16     4s
  26   1.09776705e-01  1.09776705e-01  8.14e-16 1.51e-14  4.55e-17     4s

Barrier solved model in 26 iterations and 3.77 seconds (3.07 work units)
Optimal objective 1.09776705e-01

objective value: 0.10977670529037281
Done! Time elapsed: 26.58744478225708 seconds.
g_0_1: 1.0000003267671993
g_1_1: 1.000000187397151
g_1_2: 1.0000005282938609
g_2_1: 1.0000003242262347
g_2_2: 1.0000009140308312
g_2_3: 1.000000324226235
g_2_4: 1.0000009140308161
Parameters from last iteration: [0.17400006 0.70700013 0.17400009 0.70700023 0.17400016 0.70700023
 0.17400016]

Parameters from current iteration:
                [0.17400006 0.70700013 0.17400009 0.70700023 0.17400016 0.70700023
 0.17400016]


                Percentage Error = 1.5951475026448365e-16
                
year done: 190
Time 191: 2
Optimization Iteration[1/20000]

Solving the optimization problem...
Set parameter TokenServer to value "licenses.rcc.uchicago.edu"
Read LP format model from file /scratch/local/jobs/50183986/tmpenyj64vn.pyomo.lp
Reading time = 1.36 seconds
x1: 258121 rows, 502401 columns, 1259970 nonzeros
Set parameter Threads to value 8
Set parameter BarConvTol to value 1e-12
Gurobi Optimizer version 11.0.0 build v11.0.0rc2 (linux64 - "CentOS Linux 8")

CPU model: Intel(R) Xeon(R) Gold 6248R CPU @ 3.00GHz, instruction set [SSE2|AVX|AVX2|AVX512]
Thread count: 48 physical cores, 48 logical processors, using up to 8 threads

Optimize a model with 258121 rows, 502401 columns and 1259970 nonzeros
Model fingerprint: 0x464bb42b
Model has 3166 quadratic objective terms
Coefficient statistics:
  Matrix range     [1e+00, 1e+03]
  Objective range  [1e-06, 1e+02]
  QObjective range [3e-01, 3e+03]
  Bounds range     [3e-04, 1e+00]
  RHS range        [1e-17, 6e+00]
Presolve removed 131481 rows and 128813 columns
Presolve time: 0.57s
Presolved: 126640 rows, 373588 columns, 743932 nonzeros
Presolved model has 3166 quadratic objective terms
Ordering time: 0.16s

Barrier statistics:
 AA' NZ     : 3.709e+05
 Factor NZ  : 3.905e+06 (roughly 230 MB of memory)
 Factor Ops : 2.623e+08 (less than 1 second per iteration)
 Threads    : 8

                  Objective                Residual
Iter       Primal          Dual         Primal    Dual     Compl     Time
   0  -1.22466045e+09  8.63517425e+08  7.80e+04 1.14e-13  1.00e+06     1s
   1  -5.85742648e+08  5.07976560e+08  1.69e+04 1.44e+02  2.23e+05     1s
   2  -2.82434129e+08  2.81995027e+08  2.13e+02 8.69e-01  3.96e+03     1s
   3  -6.55833256e+07  6.61786494e+07  1.76e+00 1.66e-12  2.85e+02     1s
   4  -1.25708105e+07  1.31966944e+07  1.53e-01 6.43e-12  5.32e+01     1s
   5  -2.28690501e+06  2.53083816e+06  1.14e-02 1.41e-12  9.74e+00     2s
   6  -3.34328937e+05  3.84146496e+05  1.14e-08 9.45e-13  1.45e+00     2s
   7  -5.04632222e+04  6.35330168e+04  1.15e-13 6.60e-13  2.29e-01     2s
   8  -7.72415653e+03  9.03786167e+03  3.24e-14 1.72e-13  3.37e-02     2s
   9  -1.28027120e+03  1.49881186e+03  1.75e-14 3.51e-14  5.59e-03     2s
  10  -2.16804668e+02  1.68958067e+02  1.02e-14 2.84e-14  7.76e-04     2s
  11  -4.80286398e+01  2.57077866e+01  2.03e-15 2.84e-14  1.48e-04     2s
  12  -8.01886559e+00  3.19738003e+00  1.21e-15 2.84e-14  2.26e-05     2s
  13  -1.56996221e+00  6.41324869e-01  3.24e-16 2.84e-14  4.45e-06     2s
  14  -4.90660791e-01  3.37146779e-01  1.04e-16 2.84e-14  1.67e-06     2s
  15  -4.29693103e-02  1.62940410e-01  4.81e-17 2.84e-14  4.14e-07     3s
  16   1.41757505e-02  1.43893034e-01  2.68e-17 2.84e-14  2.61e-07     3s
  17   8.13027314e-02  1.19667345e-01  1.64e-17 2.84e-14  7.72e-08     3s
  18   9.67231553e-02  1.14199263e-01  1.02e-17 2.84e-14  3.52e-08     3s
  19   1.08469051e-01  1.10115667e-01  2.68e-17 2.84e-14  3.31e-09     3s
  20   1.09573821e-01  1.09732174e-01  1.28e-17 2.22e-14  3.19e-10     3s
  21   1.09689003e-01  1.09692336e-01  1.83e-17 2.84e-14  6.71e-12     3s
  22   1.09691472e-01  1.09691482e-01  8.67e-17 1.42e-14  2.01e-14     3s
  23   1.09691478e-01  1.09691479e-01  2.69e-15 2.84e-14  1.78e-15     3s
  24   1.09691479e-01  1.09691479e-01  5.76e-15 2.84e-14  5.60e-16     3s
  25   1.09691479e-01  1.09691479e-01  1.05e-15 2.84e-14  1.31e-16     3s
  26   1.09691479e-01  1.09691479e-01  6.72e-16 2.84e-14  4.51e-17     3s

Barrier solved model in 26 iterations and 3.45 seconds (3.07 work units)
Optimal objective 1.09691479e-01

objective value: 0.10969147891829065
Done! Time elapsed: 24.29778218269348 seconds.
g_0_1: 1.0000003267671995
g_1_1: 1.000000187397151
g_1_2: 1.0000005282938609
g_2_1: 1.0000003242262347
g_2_2: 1.0000009140308312
g_2_3: 1.000000324226235
g_2_4: 1.0000009140308161
Parameters from last iteration: [0.17400006 0.70700013 0.17400009 0.70700023 0.17400016 0.70700023
 0.17400016]

Parameters from current iteration:
                [0.17400006 0.70700013 0.17400009 0.70700023 0.17400016 0.70700023
 0.17400016]


                Percentage Error = 1.5951475026448367e-16
                
year done: 191
Time 192: 2
Optimization Iteration[1/20000]

Solving the optimization problem...
Set parameter TokenServer to value "licenses.rcc.uchicago.edu"
Read LP format model from file /scratch/local/jobs/50183986/tmpe2vlihyi.pyomo.lp
Reading time = 1.38 seconds
x1: 258121 rows, 502401 columns, 1259970 nonzeros
Set parameter Threads to value 8
Set parameter BarConvTol to value 1e-12
Gurobi Optimizer version 11.0.0 build v11.0.0rc2 (linux64 - "CentOS Linux 8")

CPU model: Intel(R) Xeon(R) Gold 6248R CPU @ 3.00GHz, instruction set [SSE2|AVX|AVX2|AVX512]
Thread count: 48 physical cores, 48 logical processors, using up to 8 threads

Optimize a model with 258121 rows, 502401 columns and 1259970 nonzeros
Model fingerprint: 0xad8ad32d
Model has 3166 quadratic objective terms
Coefficient statistics:
  Matrix range     [1e+00, 1e+03]
  Objective range  [1e-06, 1e+02]
  QObjective range [3e-01, 3e+03]
  Bounds range     [3e-04, 1e+00]
  RHS range        [1e-17, 6e+00]
Presolve removed 131481 rows and 128813 columns
Presolve time: 0.63s
Presolved: 126640 rows, 373588 columns, 743932 nonzeros
Presolved model has 3166 quadratic objective terms
Ordering time: 0.16s

Barrier statistics:
 AA' NZ     : 3.709e+05
 Factor NZ  : 3.905e+06 (roughly 230 MB of memory)
 Factor Ops : 2.623e+08 (less than 1 second per iteration)
 Threads    : 8

                  Objective                Residual
Iter       Primal          Dual         Primal    Dual     Compl     Time
   0  -1.22466045e+09  8.63517425e+08  7.80e+04 1.14e-13  1.00e+06     1s
   1  -5.85742648e+08  5.07976560e+08  1.69e+04 1.44e+02  2.23e+05     1s
   2  -2.82434129e+08  2.81995027e+08  2.13e+02 8.69e-01  3.96e+03     1s
   3  -6.55833256e+07  6.61786494e+07  1.76e+00 1.29e-12  2.85e+02     1s
   4  -1.25708105e+07  1.31966944e+07  1.53e-01 3.44e-12  5.32e+01     2s
   5  -2.28690501e+06  2.53083816e+06  1.14e-02 1.25e-12  9.74e+00     2s
   6  -3.34328937e+05  3.84146496e+05  1.14e-08 7.94e-13  1.45e+00     2s
   7  -5.04632223e+04  6.35330167e+04  1.40e-13 6.46e-13  2.29e-01     2s
   8  -7.72415661e+03  9.03786159e+03  3.54e-14 1.71e-13  3.37e-02     2s
   9  -1.28027128e+03  1.49881178e+03  1.60e-14 3.93e-14  5.59e-03     2s
  10  -2.16804749e+02  1.68957985e+02  7.72e-15 2.84e-14  7.76e-04     2s
  11  -4.80287212e+01  2.57077052e+01  1.86e-15 2.84e-14  1.48e-04     2s
  12  -8.01894698e+00  3.19729864e+00  1.23e-15 2.84e-14  2.26e-05     2s
  13  -1.57004360e+00  6.41243479e-01  2.72e-16 2.84e-14  4.45e-06     3s
  14  -4.90742182e-01  3.37065389e-01  1.26e-16 4.26e-14  1.67e-06     3s
  15  -4.30507009e-02  1.62859019e-01  4.55e-17 2.84e-14  4.14e-07     3s
  16   1.40943599e-02  1.43811644e-01  2.91e-17 2.84e-14  2.61e-07     3s
  17   8.12213409e-02  1.19585955e-01  2.31e-17 2.84e-14  7.72e-08     3s
  18   9.66417647e-02  1.14117873e-01  1.38e-17 2.84e-14  3.52e-08     3s
  19   1.08387661e-01  1.10034277e-01  2.39e-17 2.84e-14  3.31e-09     3s
  20   1.09492430e-01  1.09650784e-01  1.21e-17 1.51e-14  3.19e-10     3s
  21   1.09607612e-01  1.09610945e-01  1.95e-17 2.84e-14  6.71e-12     3s
  22   1.09610081e-01  1.09610091e-01  1.29e-16 2.84e-14  2.01e-14     3s
  23   1.09610088e-01  1.09610089e-01  3.11e-15 2.84e-14  1.77e-15     3s
  24   1.09610088e-01  1.09610088e-01  5.05e-15 1.42e-14  5.57e-16     3s
  25   1.09610088e-01  1.09610088e-01  1.41e-15 2.84e-14  1.31e-16     4s
  26   1.09610088e-01  1.09610088e-01  9.61e-16 2.84e-14  4.48e-17     4s

Barrier solved model in 26 iterations and 3.65 seconds (3.07 work units)
Optimal objective 1.09610088e-01

objective value: 0.1096100883648223
Done! Time elapsed: 24.849411487579346 seconds.
g_0_1: 1.0000003267671993
g_1_1: 1.000000187397151
g_1_2: 1.0000005282938607
g_2_1: 1.0000003242262347
g_2_2: 1.000000914030831
g_2_3: 1.000000324226235
g_2_4: 1.0000009140308161
Parameters from last iteration: [0.17400006 0.70700013 0.17400009 0.70700023 0.17400016 0.70700023
 0.17400016]

Parameters from current iteration:
                [0.17400006 0.70700013 0.17400009 0.70700023 0.17400016 0.70700023
 0.17400016]


                Percentage Error = 3.1902943623605115e-16
                
year done: 192
Time 193: 2
Optimization Iteration[1/20000]

Solving the optimization problem...
Set parameter TokenServer to value "licenses.rcc.uchicago.edu"
Read LP format model from file /scratch/local/jobs/50183986/tmp6vzkp7gk.pyomo.lp
Reading time = 1.37 seconds
x1: 258121 rows, 502401 columns, 1259970 nonzeros
Set parameter Threads to value 8
Set parameter BarConvTol to value 1e-12
Gurobi Optimizer version 11.0.0 build v11.0.0rc2 (linux64 - "CentOS Linux 8")

CPU model: Intel(R) Xeon(R) Gold 6248R CPU @ 3.00GHz, instruction set [SSE2|AVX|AVX2|AVX512]
Thread count: 48 physical cores, 48 logical processors, using up to 8 threads

Optimize a model with 258121 rows, 502401 columns and 1259970 nonzeros
Model fingerprint: 0x0175d15b
Model has 3166 quadratic objective terms
Coefficient statistics:
  Matrix range     [1e+00, 1e+03]
  Objective range  [1e-06, 1e+02]
  QObjective range [3e-01, 3e+03]
  Bounds range     [3e-04, 1e+00]
  RHS range        [1e-17, 6e+00]
Presolve removed 131481 rows and 128813 columns
Presolve time: 0.62s
Presolved: 126640 rows, 373588 columns, 743932 nonzeros
Presolved model has 3166 quadratic objective terms
Ordering time: 0.16s

Barrier statistics:
 AA' NZ     : 3.709e+05
 Factor NZ  : 3.905e+06 (roughly 230 MB of memory)
 Factor Ops : 2.623e+08 (less than 1 second per iteration)
 Threads    : 8

                  Objective                Residual
Iter       Primal          Dual         Primal    Dual     Compl     Time
   0  -1.22466045e+09  8.63517425e+08  7.80e+04 1.14e-13  1.00e+06     1s
   1  -5.85742648e+08  5.07976560e+08  1.69e+04 1.44e+02  2.23e+05     1s
   2  -2.82434129e+08  2.81995027e+08  2.13e+02 8.69e-01  3.96e+03     1s
   3  -6.55833256e+07  6.61786494e+07  1.76e+00 1.41e-12  2.85e+02     1s
   4  -1.25708105e+07  1.31966944e+07  1.53e-01 5.28e-12  5.32e+01     2s
   5  -2.28690501e+06  2.53083816e+06  1.14e-02 1.25e-12  9.74e+00     2s
   6  -3.34328937e+05  3.84146496e+05  1.14e-08 7.76e-13  1.45e+00     2s
   7  -5.04632223e+04  6.35330167e+04  1.36e-13 6.75e-13  2.29e-01     2s
   8  -7.72415669e+03  9.03786151e+03  3.74e-14 2.34e-13  3.37e-02     2s
   9  -1.28027136e+03  1.49881170e+03  1.56e-14 5.68e-14  5.59e-03     2s
  10  -2.16804827e+02  1.68957908e+02  8.98e-15 3.55e-14  7.76e-04     2s
  11  -4.80287989e+01  2.57076275e+01  2.13e-15 2.84e-14  1.48e-04     2s
  12  -8.01902471e+00  3.19722091e+00  9.91e-16 2.84e-14  2.26e-05     2s
  13  -1.57012133e+00  6.41165751e-01  3.80e-16 2.84e-14  4.45e-06     3s
  14  -4.90819909e-01  3.36987661e-01  1.65e-16 2.84e-14  1.67e-06     3s
  15  -4.31284282e-02  1.62781292e-01  4.38e-17 2.84e-14  4.14e-07     3s
  16   1.40166325e-02  1.43733916e-01  2.44e-17 2.84e-14  2.61e-07     3s
  17   8.11436135e-02  1.19508228e-01  2.12e-17 2.84e-14  7.72e-08     3s
  18   9.65640374e-02  1.14040145e-01  1.15e-17 2.13e-14  3.52e-08     3s
  19   1.08309933e-01  1.09956549e-01  2.22e-17 2.84e-14  3.31e-09     3s
  20   1.09414703e-01  1.09573056e-01  1.34e-17 2.84e-14  3.19e-10     3s
  21   1.09529885e-01  1.09533218e-01  2.18e-17 2.84e-14  6.71e-12     3s
  22   1.09532354e-01  1.09532364e-01  1.11e-16 2.84e-14  2.01e-14     3s
  23   1.09532360e-01  1.09532361e-01  2.59e-15 2.84e-14  1.75e-15     3s
  24   1.09532361e-01  1.09532361e-01  4.70e-15 2.84e-14  5.54e-16     3s
  25   1.09532361e-01  1.09532361e-01  1.24e-15 2.84e-14  1.30e-16     4s
  26   1.09532361e-01  1.09532361e-01  7.83e-16 2.84e-14  4.45e-17     4s

Barrier solved model in 26 iterations and 3.63 seconds (3.07 work units)
Optimal objective 1.09532361e-01

objective value: 0.10953236098969238
Done! Time elapsed: 24.661313772201538 seconds.
g_0_1: 1.0000003267671993
g_1_1: 1.000000187397151
g_1_2: 1.0000005282938609
g_2_1: 1.000000324226235
g_2_2: 1.000000914030831
g_2_3: 1.000000324226235
g_2_4: 1.0000009140308161
Parameters from last iteration: [0.17400006 0.70700013 0.17400009 0.70700023 0.17400016 0.70700023
 0.17400016]

Parameters from current iteration:
                [0.17400006 0.70700013 0.17400009 0.70700023 0.17400016 0.70700023
 0.17400016]


                Percentage Error = 3.1902943623605125e-16
                
year done: 193
Time 194: 2
Optimization Iteration[1/20000]

Solving the optimization problem...
Set parameter TokenServer to value "licenses.rcc.uchicago.edu"
Read LP format model from file /scratch/local/jobs/50183986/tmp14aluxqs.pyomo.lp
Reading time = 1.38 seconds
x1: 258121 rows, 502401 columns, 1259970 nonzeros
Set parameter Threads to value 8
Set parameter BarConvTol to value 1e-12
Gurobi Optimizer version 11.0.0 build v11.0.0rc2 (linux64 - "CentOS Linux 8")

CPU model: Intel(R) Xeon(R) Gold 6248R CPU @ 3.00GHz, instruction set [SSE2|AVX|AVX2|AVX512]
Thread count: 48 physical cores, 48 logical processors, using up to 8 threads

Optimize a model with 258121 rows, 502401 columns and 1259970 nonzeros
Model fingerprint: 0x1c1e9b82
Model has 3166 quadratic objective terms
Coefficient statistics:
  Matrix range     [1e+00, 1e+03]
  Objective range  [1e-06, 1e+02]
  QObjective range [3e-01, 3e+03]
  Bounds range     [3e-04, 1e+00]
  RHS range        [1e-17, 6e+00]
Presolve removed 131481 rows and 128813 columns
Presolve time: 0.63s
Presolved: 126640 rows, 373588 columns, 743932 nonzeros
Presolved model has 3166 quadratic objective terms
Ordering time: 0.17s

Barrier statistics:
 AA' NZ     : 3.709e+05
 Factor NZ  : 3.905e+06 (roughly 230 MB of memory)
 Factor Ops : 2.623e+08 (less than 1 second per iteration)
 Threads    : 8

                  Objective                Residual
Iter       Primal          Dual         Primal    Dual     Compl     Time
   0  -1.22466045e+09  8.63517425e+08  7.80e+04 1.14e-13  1.00e+06     1s
   1  -5.85742648e+08  5.07976560e+08  1.69e+04 1.44e+02  2.23e+05     1s
   2  -2.82434129e+08  2.81995027e+08  2.13e+02 8.69e-01  3.96e+03     1s
   3  -6.55833256e+07  6.61786494e+07  1.76e+00 1.47e-12  2.85e+02     1s
   4  -1.25708105e+07  1.31966944e+07  1.53e-01 5.94e-12  5.32e+01     2s
   5  -2.28690501e+06  2.53083816e+06  1.14e-02 1.24e-12  9.74e+00     2s
   6  -3.34328937e+05  3.84146496e+05  1.14e-08 8.49e-13  1.45e+00     2s
   7  -5.04632224e+04  6.35330166e+04  1.38e-13 6.82e-13  2.29e-01     2s
   8  -7.72415677e+03  9.03786143e+03  3.91e-14 1.71e-13  3.37e-02     2s
   9  -1.28027143e+03  1.49881162e+03  1.82e-14 3.91e-14  5.59e-03     2s
  10  -2.16804901e+02  1.68957834e+02  7.71e-15 2.84e-14  7.76e-04     2s
  11  -4.80288732e+01  2.57075533e+01  2.16e-15 2.84e-14  1.48e-04     2s
  12  -8.01909894e+00  3.19714668e+00  8.48e-16 2.84e-14  2.26e-05     3s
  13  -1.57019556e+00  6.41091522e-01  2.61e-16 2.84e-14  4.45e-06     3s
  14  -4.90894138e-01  3.36913432e-01  1.37e-16 2.84e-14  1.67e-06     3s
  15  -4.32026573e-02  1.62707063e-01  3.92e-17 2.84e-14  4.14e-07     3s
  16   1.39424035e-02  1.43659687e-01  2.41e-17 2.84e-14  2.61e-07     3s
  17   8.10693844e-02  1.19433998e-01  1.57e-17 2.84e-14  7.72e-08     3s
  18   9.64898083e-02  1.13965916e-01  1.16e-17 2.84e-14  3.52e-08     3s
  19   1.08235704e-01  1.09882320e-01  2.30e-17 2.84e-14  3.31e-09     3s
  20   1.09340474e-01  1.09498827e-01  1.18e-17 2.84e-14  3.19e-10     3s
  21   1.09455656e-01  1.09458989e-01  1.47e-17 4.26e-14  6.71e-12     3s
  22   1.09458125e-01  1.09458135e-01  9.87e-17 1.60e-14  2.01e-14     4s
  23   1.09458131e-01  1.09458132e-01  3.19e-15 2.84e-14  1.74e-15     4s
  24   1.09458132e-01  1.09458132e-01  4.46e-15 2.84e-14  5.52e-16     4s
  25   1.09458132e-01  1.09458132e-01  1.07e-15 1.78e-14  1.29e-16     4s
  26   1.09458132e-01  1.09458132e-01  6.20e-16 2.84e-14  4.41e-17     4s

Barrier solved model in 26 iterations and 3.91 seconds (3.07 work units)
Optimal objective 1.09458132e-01

objective value: 0.10945813192272201
Done! Time elapsed: 26.896138906478882 seconds.
g_0_1: 1.0000003267671993
g_1_1: 1.0000001873971511
g_1_2: 1.0000005282938609
g_2_1: 1.0000003242262347
g_2_2: 1.0000009140308308
g_2_3: 1.000000324226235
g_2_4: 1.0000009140308161
Parameters from last iteration: [0.17400006 0.70700013 0.17400009 0.70700023 0.17400016 0.70700023
 0.17400016]

Parameters from current iteration:
                [0.17400006 0.70700013 0.17400009 0.70700023 0.17400016 0.70700023
 0.17400016]


                Percentage Error = 3.190293131747155e-16
                
year done: 194
Time 195: 2
Optimization Iteration[1/20000]

Solving the optimization problem...
Set parameter TokenServer to value "licenses.rcc.uchicago.edu"
Read LP format model from file /scratch/local/jobs/50183986/tmp38y3wllg.pyomo.lp
Reading time = 1.37 seconds
x1: 258121 rows, 502401 columns, 1259970 nonzeros
Set parameter Threads to value 8
Set parameter BarConvTol to value 1e-12
Gurobi Optimizer version 11.0.0 build v11.0.0rc2 (linux64 - "CentOS Linux 8")

CPU model: Intel(R) Xeon(R) Gold 6248R CPU @ 3.00GHz, instruction set [SSE2|AVX|AVX2|AVX512]
Thread count: 48 physical cores, 48 logical processors, using up to 8 threads

Optimize a model with 258121 rows, 502401 columns and 1259970 nonzeros
Model fingerprint: 0xae0a9fcc
Model has 3166 quadratic objective terms
Coefficient statistics:
  Matrix range     [1e+00, 1e+03]
  Objective range  [1e-06, 1e+02]
  QObjective range [3e-01, 3e+03]
  Bounds range     [3e-04, 1e+00]
  RHS range        [1e-17, 6e+00]
Presolve removed 131481 rows and 128813 columns
Presolve time: 0.61s
Presolved: 126640 rows, 373588 columns, 743932 nonzeros
Presolved model has 3166 quadratic objective terms
Ordering time: 0.16s

Barrier statistics:
 AA' NZ     : 3.709e+05
 Factor NZ  : 3.905e+06 (roughly 230 MB of memory)
 Factor Ops : 2.623e+08 (less than 1 second per iteration)
 Threads    : 8

                  Objective                Residual
Iter       Primal          Dual         Primal    Dual     Compl     Time
   0  -1.22466045e+09  8.63517425e+08  7.80e+04 1.14e-13  1.00e+06     1s
   1  -5.85742648e+08  5.07976560e+08  1.69e+04 1.44e+02  2.23e+05     1s
   2  -2.82434129e+08  2.81995027e+08  2.13e+02 8.69e-01  3.96e+03     1s
   3  -6.55833256e+07  6.61786494e+07  1.76e+00 1.83e-12  2.85e+02     1s
   4  -1.25708105e+07  1.31966944e+07  1.53e-01 5.58e-12  5.32e+01     2s
   5  -2.28690501e+06  2.53083816e+06  1.14e-02 1.21e-12  9.74e+00     2s
   6  -3.34328937e+05  3.84146496e+05  1.14e-08 9.24e-13  1.45e+00     2s
   7  -5.04632225e+04  6.35330165e+04  1.30e-13 6.74e-13  2.29e-01     2s
   8  -7.72415684e+03  9.03786136e+03  3.75e-14 2.09e-13  3.37e-02     2s
   9  -1.28027150e+03  1.49881155e+03  2.00e-14 3.11e-14  5.59e-03     2s
  10  -2.16804972e+02  1.68957763e+02  9.57e-15 4.26e-14  7.76e-04     2s
  11  -4.80289440e+01  2.57074824e+01  1.92e-15 2.84e-14  1.48e-04     2s
  12  -8.01916983e+00  3.19707579e+00  8.76e-16 2.84e-14  2.26e-05     2s
  13  -1.57026645e+00  6.41020634e-01  2.82e-16 4.26e-14  4.45e-06     3s
  14  -4.90965027e-01  3.36842544e-01  1.25e-16 2.84e-14  1.67e-06     3s
  15  -4.32735455e-02  1.62636175e-01  3.75e-17 2.84e-14  4.14e-07     3s
  16   1.38715153e-02  1.43588799e-01  2.28e-17 2.84e-14  2.61e-07     3s
  17   8.09984962e-02  1.19363110e-01  1.78e-17 2.84e-14  7.72e-08     3s
  18   9.64189201e-02  1.13895028e-01  2.10e-17 4.26e-14  3.52e-08     3s
  19   1.08164816e-01  1.09811432e-01  2.31e-17 2.84e-14  3.31e-09     3s
  20   1.09269586e-01  1.09427939e-01  1.11e-17 2.84e-14  3.19e-10     3s
  21   1.09384767e-01  1.09388100e-01  1.73e-17 2.84e-14  6.71e-12     3s
  22   1.09387236e-01  1.09387246e-01  1.73e-16 2.84e-14  2.01e-14     3s
  23   1.09387243e-01  1.09387244e-01  2.55e-15 2.84e-14  1.73e-15     3s
  24   1.09387244e-01  1.09387244e-01  5.03e-15 2.84e-14  5.49e-16     3s
  25   1.09387244e-01  1.09387244e-01  1.34e-15 2.84e-14  1.28e-16     4s
  26   1.09387244e-01  1.09387244e-01  6.27e-16 2.84e-14  4.38e-17     4s

Barrier solved model in 26 iterations and 3.62 seconds (3.07 work units)
Optimal objective 1.09387244e-01

objective value: 0.10938724371410101
Done! Time elapsed: 24.864805459976196 seconds.
g_0_1: 1.0000003267671993
g_1_1: 1.000000187397151
g_1_2: 1.0000005282938609
g_2_1: 1.000000324226235
g_2_2: 1.0000009140308306
g_2_3: 1.000000324226235
g_2_4: 1.0000009140308161
Parameters from last iteration: [0.17400006 0.70700013 0.17400009 0.70700023 0.17400016 0.70700023
 0.17400016]

Parameters from current iteration:
                [0.17400006 0.70700013 0.17400009 0.70700023 0.17400016 0.70700023
 0.17400016]


                Percentage Error = 3.140658174432369e-16
                
year done: 195
Time 196: 2
Optimization Iteration[1/20000]

Solving the optimization problem...
Set parameter TokenServer to value "licenses.rcc.uchicago.edu"
Read LP format model from file /scratch/local/jobs/50183986/tmpwebqytwq.pyomo.lp
Reading time = 1.38 seconds
x1: 258121 rows, 502401 columns, 1259970 nonzeros
Set parameter Threads to value 8
Set parameter BarConvTol to value 1e-12
Gurobi Optimizer version 11.0.0 build v11.0.0rc2 (linux64 - "CentOS Linux 8")

CPU model: Intel(R) Xeon(R) Gold 6248R CPU @ 3.00GHz, instruction set [SSE2|AVX|AVX2|AVX512]
Thread count: 48 physical cores, 48 logical processors, using up to 8 threads

Optimize a model with 258121 rows, 502401 columns and 1259970 nonzeros
Model fingerprint: 0xc906132b
Model has 3166 quadratic objective terms
Coefficient statistics:
  Matrix range     [1e+00, 1e+03]
  Objective range  [1e-06, 1e+02]
  QObjective range [3e-01, 3e+03]
  Bounds range     [3e-04, 1e+00]
  RHS range        [1e-17, 6e+00]
Presolve removed 131481 rows and 128813 columns
Presolve time: 0.63s
Presolved: 126640 rows, 373588 columns, 743932 nonzeros
Presolved model has 3166 quadratic objective terms
Ordering time: 0.17s

Barrier statistics:
 AA' NZ     : 3.709e+05
 Factor NZ  : 3.905e+06 (roughly 230 MB of memory)
 Factor Ops : 2.623e+08 (less than 1 second per iteration)
 Threads    : 8

                  Objective                Residual
Iter       Primal          Dual         Primal    Dual     Compl     Time
   0  -1.22466045e+09  8.63517425e+08  7.80e+04 1.14e-13  1.00e+06     1s
   1  -5.85742648e+08  5.07976560e+08  1.69e+04 1.44e+02  2.23e+05     1s
   2  -2.82434129e+08  2.81995027e+08  2.13e+02 8.69e-01  3.96e+03     1s
   3  -6.55833256e+07  6.61786494e+07  1.76e+00 1.47e-12  2.85e+02     1s
   4  -1.25708105e+07  1.31966944e+07  1.53e-01 4.18e-12  5.32e+01     2s
   5  -2.28690501e+06  2.53083816e+06  1.14e-02 1.24e-12  9.74e+00     2s
   6  -3.34328937e+05  3.84146496e+05  1.14e-08 1.43e-12  1.45e+00     2s
   7  -5.04632226e+04  6.35330164e+04  1.45e-13 8.41e-13  2.29e-01     2s
   8  -7.72415690e+03  9.03786130e+03  3.43e-14 1.86e-13  3.37e-02     2s
   9  -1.28027157e+03  1.49881149e+03  1.90e-14 4.26e-14  5.59e-03     2s
  10  -2.16805040e+02  1.68957695e+02  9.94e-15 2.84e-14  7.76e-04     2s
  11  -4.80290117e+01  2.57074147e+01  2.39e-15 2.84e-14  1.48e-04     2s
  12  -8.01923752e+00  3.19700810e+00  1.62e-15 2.84e-14  2.26e-05     2s
  13  -1.57033414e+00  6.40952936e-01  2.95e-16 2.84e-14  4.45e-06     3s
  14  -4.91032724e-01  3.36774846e-01  1.76e-16 4.26e-14  1.67e-06     3s
  15  -4.33412432e-02  1.62568477e-01  5.27e-17 2.84e-14  4.14e-07     3s
  16   1.38038176e-02  1.43521101e-01  2.43e-17 2.84e-14  2.61e-07     3s
  17   8.09307985e-02  1.19295413e-01  2.19e-17 2.84e-14  7.72e-08     3s
  18   9.63512224e-02  1.13827330e-01  2.45e-17 2.84e-14  3.52e-08     3s
  19   1.08097118e-01  1.09743734e-01  2.79e-17 2.84e-14  3.31e-09     3s
  20   1.09201888e-01  1.09360241e-01  1.25e-17 2.84e-14  3.19e-10     3s
  21   1.09317070e-01  1.09320403e-01  1.56e-17 2.84e-14  6.71e-12     3s
  22   1.09319539e-01  1.09319549e-01  1.11e-16 4.26e-14  2.01e-14     3s
  23   1.09319545e-01  1.09319546e-01  2.70e-15 2.84e-14  1.72e-15     3s
  24   1.09319546e-01  1.09319546e-01  5.28e-15 2.84e-14  5.46e-16     3s
  25   1.09319546e-01  1.09319546e-01  1.19e-15 2.84e-14  1.28e-16     4s
  26   1.09319546e-01  1.09319546e-01  7.23e-16 2.84e-14  4.35e-17     4s

Barrier solved model in 26 iterations and 3.64 seconds (3.07 work units)
Optimal objective 1.09319546e-01

objective value: 0.10931954600044137
Done! Time elapsed: 24.678282022476196 seconds.
g_0_1: 1.0000003267671993
g_1_1: 1.0000001873971511
g_1_2: 1.0000005282938607
g_2_1: 1.000000324226235
g_2_2: 1.0000009140308306
g_2_3: 1.000000324226235
g_2_4: 1.0000009140308161
Parameters from last iteration: [0.17400006 0.70700013 0.17400009 0.70700023 0.17400016 0.70700023
 0.17400016]

Parameters from current iteration:
                [0.17400006 0.70700013 0.17400009 0.70700023 0.17400016 0.70700023
 0.17400016]


                Percentage Error = 3.1902943623605115e-16
                
year done: 196
Time 197: 2
Optimization Iteration[1/20000]

Solving the optimization problem...
Set parameter TokenServer to value "licenses.rcc.uchicago.edu"
Read LP format model from file /scratch/local/jobs/50183986/tmp0ua_7fxw.pyomo.lp
Reading time = 1.37 seconds
x1: 258121 rows, 502401 columns, 1259970 nonzeros
Set parameter Threads to value 8
Set parameter BarConvTol to value 1e-12
Gurobi Optimizer version 11.0.0 build v11.0.0rc2 (linux64 - "CentOS Linux 8")

CPU model: Intel(R) Xeon(R) Gold 6248R CPU @ 3.00GHz, instruction set [SSE2|AVX|AVX2|AVX512]
Thread count: 48 physical cores, 48 logical processors, using up to 8 threads

Optimize a model with 258121 rows, 502401 columns and 1259970 nonzeros
Model fingerprint: 0x4e5d209f
Model has 3166 quadratic objective terms
Coefficient statistics:
  Matrix range     [1e+00, 1e+03]
  Objective range  [1e-06, 1e+02]
  QObjective range [3e-01, 3e+03]
  Bounds range     [3e-04, 1e+00]
  RHS range        [1e-17, 6e+00]
Presolve removed 131481 rows and 128813 columns
Presolve time: 0.62s
Presolved: 126640 rows, 373588 columns, 743932 nonzeros
Presolved model has 3166 quadratic objective terms
Ordering time: 0.17s

Barrier statistics:
 AA' NZ     : 3.709e+05
 Factor NZ  : 3.905e+06 (roughly 230 MB of memory)
 Factor Ops : 2.623e+08 (less than 1 second per iteration)
 Threads    : 8

                  Objective                Residual
Iter       Primal          Dual         Primal    Dual     Compl     Time
   0  -1.22466045e+09  8.63517425e+08  7.80e+04 1.14e-13  1.00e+06     1s
   1  -5.85742648e+08  5.07976560e+08  1.69e+04 1.44e+02  2.23e+05     1s
   2  -2.82434129e+08  2.81995027e+08  2.13e+02 8.69e-01  3.96e+03     1s
   3  -6.55833256e+07  6.61786494e+07  1.76e+00 1.45e-12  2.85e+02     1s
   4  -1.25708105e+07  1.31966944e+07  1.53e-01 4.53e-12  5.32e+01     2s
   5  -2.28690501e+06  2.53083816e+06  1.14e-02 1.23e-12  9.74e+00     2s
   6  -3.34328937e+05  3.84146496e+05  1.14e-08 1.88e-12  1.45e+00     2s
   7  -5.04632226e+04  6.35330164e+04  1.46e-13 7.01e-13  2.29e-01     2s
   8  -7.72415697e+03  9.03786123e+03  4.05e-14 1.92e-13  3.37e-02     2s
   9  -1.28027164e+03  1.49881142e+03  1.51e-14 5.68e-14  5.59e-03     2s
  10  -2.16805105e+02  1.68957630e+02  9.59e-15 2.93e-14  7.76e-04     2s
  11  -4.80290764e+01  2.57073500e+01  2.09e-15 4.26e-14  1.48e-04     2s
  12  -8.01930217e+00  3.19694345e+00  1.08e-15 2.84e-14  2.26e-05     2s
  13  -1.57039880e+00  6.40888285e-01  2.76e-16 2.84e-14  4.45e-06     3s
  14  -4.91097375e-01  3.36710195e-01  1.22e-16 4.26e-14  1.67e-06     3s
  15  -4.34058940e-02  1.62503826e-01  4.19e-17 2.84e-14  4.14e-07     3s
  16   1.37391667e-02  1.43456451e-01  3.09e-17 2.84e-14  2.61e-07     3s
  17   8.08661477e-02  1.19230762e-01  1.65e-17 2.84e-14  7.72e-08     3s
  18   9.62865716e-02  1.13762680e-01  1.03e-17 2.84e-14  3.52e-08     3s
  19   1.08032467e-01  1.09679083e-01  2.85e-17 2.84e-14  3.31e-09     3s
  20   1.09137237e-01  1.09295591e-01  1.76e-17 2.84e-14  3.19e-10     3s
  21   1.09252419e-01  1.09255752e-01  1.73e-17 2.84e-14  6.71e-12     3s
  22   1.09254888e-01  1.09254898e-01  9.90e-17 2.84e-14  2.01e-14     3s
  23   1.09254895e-01  1.09254895e-01  2.44e-15 2.84e-14  1.71e-15     3s
  24   1.09254895e-01  1.09254895e-01  5.30e-15 2.84e-14  5.43e-16     3s
  25   1.09254895e-01  1.09254895e-01  1.28e-15 1.82e-14  1.27e-16     4s
  26   1.09254895e-01  1.09254895e-01  6.91e-16 2.84e-14  4.31e-17     4s

Barrier solved model in 26 iterations and 3.67 seconds (3.07 work units)
Optimal objective 1.09254895e-01

objective value: 0.10925489518580618
Done! Time elapsed: 25.010294914245605 seconds.
g_0_1: 1.0000003267671993
g_1_1: 1.000000187397151
g_1_2: 1.0000005282938607
g_2_1: 1.0000003242262347
g_2_2: 1.0000009140308304
g_2_3: 1.000000324226235
g_2_4: 1.0000009140308161
Parameters from last iteration: [0.17400006 0.70700013 0.17400009 0.70700023 0.17400016 0.70700023
 0.17400016]

Parameters from current iteration:
                [0.17400006 0.70700013 0.17400009 0.70700023 0.17400016 0.70700023
 0.17400016]


                Percentage Error = 3.140658174432368e-16
                
year done: 197
Time 198: 2
Optimization Iteration[1/20000]

Solving the optimization problem...
Set parameter TokenServer to value "licenses.rcc.uchicago.edu"
Read LP format model from file /scratch/local/jobs/50183986/tmpc18n5gt6.pyomo.lp
Reading time = 1.36 seconds
x1: 258121 rows, 502401 columns, 1259970 nonzeros
Set parameter Threads to value 8
Set parameter BarConvTol to value 1e-12
Gurobi Optimizer version 11.0.0 build v11.0.0rc2 (linux64 - "CentOS Linux 8")

CPU model: Intel(R) Xeon(R) Gold 6248R CPU @ 3.00GHz, instruction set [SSE2|AVX|AVX2|AVX512]
Thread count: 48 physical cores, 48 logical processors, using up to 8 threads

Optimize a model with 258121 rows, 502401 columns and 1259970 nonzeros
Model fingerprint: 0xc81a1ad2
Model has 3166 quadratic objective terms
Coefficient statistics:
  Matrix range     [1e+00, 1e+03]
  Objective range  [1e-06, 1e+02]
  QObjective range [3e-01, 3e+03]
  Bounds range     [3e-04, 1e+00]
  RHS range        [1e-17, 6e+00]
Presolve removed 131481 rows and 128813 columns
Presolve time: 0.60s
Presolved: 126640 rows, 373588 columns, 743932 nonzeros
Presolved model has 3166 quadratic objective terms
Ordering time: 0.16s

Barrier statistics:
 AA' NZ     : 3.709e+05
 Factor NZ  : 3.905e+06 (roughly 230 MB of memory)
 Factor Ops : 2.623e+08 (less than 1 second per iteration)
 Threads    : 8

                  Objective                Residual
Iter       Primal          Dual         Primal    Dual     Compl     Time
   0  -1.22466045e+09  8.63517425e+08  7.80e+04 1.14e-13  1.00e+06     1s
   1  -5.85742648e+08  5.07976560e+08  1.69e+04 1.44e+02  2.23e+05     1s
   2  -2.82434129e+08  2.81995027e+08  2.13e+02 8.69e-01  3.96e+03     1s
   3  -6.55833256e+07  6.61786494e+07  1.76e+00 1.70e-12  2.85e+02     1s
   4  -1.25708105e+07  1.31966944e+07  1.53e-01 3.69e-12  5.32e+01     1s
   5  -2.28690501e+06  2.53083816e+06  1.14e-02 1.24e-12  9.74e+00     2s
   6  -3.34328938e+05  3.84146496e+05  1.14e-08 7.74e-13  1.45e+00     2s
   7  -5.04632227e+04  6.35330163e+04  1.18e-13 7.24e-13  2.29e-01     2s
   8  -7.72415703e+03  9.03786117e+03  3.37e-14 1.99e-13  3.37e-02     2s
   9  -1.28027170e+03  1.49881136e+03  1.65e-14 4.09e-14  5.59e-03     2s
  10  -2.16805166e+02  1.68957569e+02  9.14e-15 5.68e-14  7.76e-04     2s
  11  -4.80291381e+01  2.57072883e+01  1.86e-15 2.84e-14  1.48e-04     2s
  12  -8.01936392e+00  3.19688170e+00  1.52e-15 2.84e-14  2.26e-05     2s
  13  -1.57046054e+00  6.40826544e-01  4.28e-16 5.68e-14  4.45e-06     2s
  14  -4.91159116e-01  3.36648454e-01  1.22e-16 2.84e-14  1.67e-06     3s
  15  -4.34676351e-02  1.62442085e-01  3.95e-17 2.84e-14  4.14e-07     3s
  16   1.36774257e-02  1.43394710e-01  2.21e-17 2.84e-14  2.61e-07     3s
  17   8.08044066e-02  1.19169021e-01  1.95e-17 2.84e-14  7.72e-08     3s
  18   9.62248305e-02  1.13700938e-01  8.99e-18 2.84e-14  3.52e-08     3s
  19   1.07970726e-01  1.09617342e-01  2.67e-17 2.84e-14  3.31e-09     3s
  20   1.09075496e-01  1.09233849e-01  1.00e-17 2.84e-14  3.19e-10     3s
  21   1.09190678e-01  1.09194011e-01  1.59e-17 1.42e-14  6.71e-12     3s
  22   1.09193147e-01  1.09193157e-01  1.06e-16 2.84e-14  2.01e-14     3s
  23   1.09193154e-01  1.09193154e-01  2.81e-15 2.84e-14  1.70e-15     3s
  24   1.09193154e-01  1.09193154e-01  5.24e-15 2.84e-14  5.40e-16     3s
  25   1.09193154e-01  1.09193154e-01  1.36e-15 2.84e-14  1.27e-16     3s
  26   1.09193154e-01  1.09193154e-01  7.49e-16 2.84e-14  4.28e-17     4s

Barrier solved model in 26 iterations and 3.54 seconds (3.07 work units)
Optimal objective 1.09193154e-01

objective value: 0.1091931541371556
Done! Time elapsed: 24.406190633773804 seconds.
g_0_1: 1.0000003267671993
g_1_1: 1.000000187397151
g_1_2: 1.0000005282938607
g_2_1: 1.000000324226235
g_2_2: 1.0000009140308304
g_2_3: 1.000000324226235
g_2_4: 1.0000009140308161
Parameters from last iteration: [0.17400006 0.70700013 0.17400009 0.70700023 0.17400016 0.70700023
 0.17400016]

Parameters from current iteration:
                [0.17400006 0.70700013 0.17400009 0.70700023 0.17400016 0.70700023
 0.17400016]


                Percentage Error = 3.140658174432369e-16
                
year done: 198
Time 199: 2
Optimization Iteration[1/20000]

Solving the optimization problem...
Set parameter TokenServer to value "licenses.rcc.uchicago.edu"
Read LP format model from file /scratch/local/jobs/50183986/tmpjodfwmxd.pyomo.lp
Reading time = 1.36 seconds
x1: 258121 rows, 502401 columns, 1259970 nonzeros
Set parameter Threads to value 8
Set parameter BarConvTol to value 1e-12
Gurobi Optimizer version 11.0.0 build v11.0.0rc2 (linux64 - "CentOS Linux 8")

CPU model: Intel(R) Xeon(R) Gold 6248R CPU @ 3.00GHz, instruction set [SSE2|AVX|AVX2|AVX512]
Thread count: 48 physical cores, 48 logical processors, using up to 8 threads

Optimize a model with 258121 rows, 502401 columns and 1259970 nonzeros
Model fingerprint: 0x41db4f41
Model has 3166 quadratic objective terms
Coefficient statistics:
  Matrix range     [1e+00, 1e+03]
  Objective range  [1e-06, 1e+02]
  QObjective range [3e-01, 3e+03]
  Bounds range     [3e-04, 1e+00]
  RHS range        [1e-17, 6e+00]
Presolve removed 131481 rows and 128813 columns
Presolve time: 0.61s
Presolved: 126640 rows, 373588 columns, 743932 nonzeros
Presolved model has 3166 quadratic objective terms
Ordering time: 0.16s

Barrier statistics:
 AA' NZ     : 3.709e+05
 Factor NZ  : 3.905e+06 (roughly 230 MB of memory)
 Factor Ops : 2.623e+08 (less than 1 second per iteration)
 Threads    : 8

                  Objective                Residual
Iter       Primal          Dual         Primal    Dual     Compl     Time
   0  -1.22466045e+09  8.63517425e+08  7.80e+04 1.14e-13  1.00e+06     1s
   1  -5.85742648e+08  5.07976560e+08  1.69e+04 1.44e+02  2.23e+05     1s
   2  -2.82434129e+08  2.81995027e+08  2.13e+02 8.69e-01  3.96e+03     1s
   3  -6.55833256e+07  6.61786494e+07  1.76e+00 1.56e-12  2.85e+02     1s
   4  -1.25708105e+07  1.31966944e+07  1.53e-01 5.90e-12  5.32e+01     2s
   5  -2.28690501e+06  2.53083816e+06  1.14e-02 1.22e-12  9.74e+00     2s
   6  -3.34328938e+05  3.84146496e+05  1.14e-08 9.21e-13  1.45e+00     2s
   7  -5.04632227e+04  6.35330163e+04  1.42e-13 6.67e-13  2.29e-01     2s
   8  -7.72415709e+03  9.03786111e+03  3.90e-14 1.67e-13  3.37e-02     2s
   9  -1.28027176e+03  1.49881130e+03  1.76e-14 3.55e-14  5.59e-03     2s
  10  -2.16805225e+02  1.68957510e+02  8.28e-15 2.84e-14  7.76e-04     2s
  11  -4.80291971e+01  2.57072293e+01  2.20e-15 2.84e-14  1.48e-04     2s
  12  -8.01942288e+00  3.19682274e+00  1.05e-15 2.84e-14  2.26e-05     2s
  13  -1.57051950e+00  6.40767582e-01  3.76e-16 2.84e-14  4.45e-06     3s
  14  -4.91218078e-01  3.36589492e-01  1.75e-16 2.84e-14  1.67e-06     3s
  15  -4.35265973e-02  1.62383123e-01  4.75e-17 2.84e-14  4.14e-07     3s
  16   1.36184634e-02  1.43335747e-01  3.70e-17 2.84e-14  2.61e-07     3s
  17   8.07454444e-02  1.19110058e-01  2.86e-17 1.87e-14  7.72e-08     3s
  18   9.61658683e-02  1.13641976e-01  1.15e-17 2.84e-14  3.52e-08     3s
  19   1.07911764e-01  1.09558380e-01  2.37e-17 2.84e-14  3.31e-09     3s
  20   1.09016534e-01  1.09174887e-01  1.13e-17 2.84e-14  3.19e-10     3s
  21   1.09131716e-01  1.09135049e-01  3.18e-17 2.84e-14  6.71e-12     3s
  22   1.09134185e-01  1.09134195e-01  9.13e-17 2.84e-14  2.01e-14     3s
  23   1.09134191e-01  1.09134192e-01  2.95e-15 2.84e-14  1.69e-15     3s
  24   1.09134192e-01  1.09134192e-01  4.40e-15 2.84e-14  5.38e-16     3s
  25   1.09134192e-01  1.09134192e-01  1.36e-15 4.26e-14  1.26e-16     4s
  26   1.09134192e-01  1.09134192e-01  8.92e-16 2.84e-14  4.25e-17     4s

Barrier solved model in 26 iterations and 3.64 seconds (3.07 work units)
Optimal objective 1.09134192e-01

objective value: 0.10913419189344474
Done! Time elapsed: 26.528377056121826 seconds.
g_0_1: 1.0000003267671993
g_1_1: 1.0000001873971511
g_1_2: 1.0000005282938607
g_2_1: 1.0000003242262347
g_2_2: 1.0000009140308301
g_2_3: 1.0000003242262352
g_2_4: 1.0000009140308161
Parameters from last iteration: [0.17400006 0.70700013 0.17400009 0.70700023 0.17400016 0.70700023
 0.17400016]

Parameters from current iteration:
                [0.17400006 0.70700013 0.17400009 0.70700023 0.17400016 0.70700023
 0.17400016]


                Percentage Error = 3.190293131747157e-16
                
year done: 199
Time 200: 2
Optimization Iteration[1/20000]

Solving the optimization problem...
Set parameter TokenServer to value "licenses.rcc.uchicago.edu"
Read LP format model from file /scratch/local/jobs/50183986/tmp963yh7b5.pyomo.lp
Reading time = 1.36 seconds
x1: 258121 rows, 502401 columns, 1259970 nonzeros
Set parameter Threads to value 8
Set parameter BarConvTol to value 1e-12
Gurobi Optimizer version 11.0.0 build v11.0.0rc2 (linux64 - "CentOS Linux 8")

CPU model: Intel(R) Xeon(R) Gold 6248R CPU @ 3.00GHz, instruction set [SSE2|AVX|AVX2|AVX512]
Thread count: 48 physical cores, 48 logical processors, using up to 8 threads

Optimize a model with 258121 rows, 502401 columns and 1259970 nonzeros
Model fingerprint: 0x78f0436a
Model has 3166 quadratic objective terms
Coefficient statistics:
  Matrix range     [1e+00, 1e+03]
  Objective range  [1e-06, 1e+02]
  QObjective range [3e-01, 3e+03]
  Bounds range     [3e-04, 1e+00]
  RHS range        [1e-17, 6e+00]
Presolve removed 131481 rows and 128813 columns
Presolve time: 0.59s
Presolved: 126640 rows, 373588 columns, 743932 nonzeros
Presolved model has 3166 quadratic objective terms
Ordering time: 0.16s

Barrier statistics:
 AA' NZ     : 3.709e+05
 Factor NZ  : 3.905e+06 (roughly 230 MB of memory)
 Factor Ops : 2.623e+08 (less than 1 second per iteration)
 Threads    : 8

                  Objective                Residual
Iter       Primal          Dual         Primal    Dual     Compl     Time
   0  -1.22466045e+09  8.63517425e+08  7.80e+04 1.14e-13  1.00e+06     1s
   1  -5.85742648e+08  5.07976560e+08  1.69e+04 1.44e+02  2.23e+05     1s
   2  -2.82434129e+08  2.81995027e+08  2.13e+02 8.69e-01  3.96e+03     1s
   3  -6.55833256e+07  6.61786494e+07  1.76e+00 1.75e-12  2.85e+02     1s
   4  -1.25708105e+07  1.31966944e+07  1.53e-01 4.89e-12  5.32e+01     1s
   5  -2.28690501e+06  2.53083816e+06  1.14e-02 1.24e-12  9.74e+00     2s
   6  -3.34328938e+05  3.84146496e+05  1.14e-08 7.92e-13  1.45e+00     2s
   7  -5.04632228e+04  6.35330162e+04  1.22e-13 6.73e-13  2.29e-01     2s
   8  -7.72415715e+03  9.03786105e+03  4.40e-14 1.85e-13  3.37e-02     2s
   9  -1.28027181e+03  1.49881124e+03  1.71e-14 3.38e-14  5.59e-03     2s
  10  -2.16805282e+02  1.68957453e+02  9.69e-15 4.26e-14  7.76e-04     2s
  11  -4.80292534e+01  2.57071730e+01  1.89e-15 2.84e-14  1.48e-04     2s
  12  -8.01947919e+00  3.19676643e+00  9.65e-16 2.84e-14  2.26e-05     2s
  13  -1.57057581e+00  6.40711274e-01  3.35e-16 5.68e-14  4.45e-06     3s
  14  -4.91274387e-01  3.36533184e-01  1.33e-16 4.26e-14  1.67e-06     3s
  15  -4.35829058e-02  1.62326814e-01  3.99e-17 2.84e-14  4.14e-07     3s
  16   1.35621549e-02  1.43279439e-01  2.77e-17 2.84e-14  2.61e-07     3s
  17   8.06891359e-02  1.19053750e-01  1.88e-17 1.51e-14  7.72e-08     3s
  18   9.61095598e-02  1.13585668e-01  1.06e-17 4.26e-14  3.52e-08     3s
  19   1.07855456e-01  1.09502072e-01  2.32e-17 2.84e-14  3.31e-09     3s
  20   1.08960225e-01  1.09118579e-01  1.51e-17 2.84e-14  3.19e-10     3s
  21   1.09075407e-01  1.09078740e-01  1.61e-17 2.13e-14  6.71e-12     3s
  22   1.09077876e-01  1.09077886e-01  1.12e-16 2.84e-14  2.01e-14     3s
  23   1.09077883e-01  1.09077884e-01  2.77e-15 2.84e-14  1.68e-15     3s
  24   1.09077883e-01  1.09077883e-01  4.78e-15 2.84e-14  5.35e-16     3s
  25   1.09077883e-01  1.09077883e-01  1.24e-15 2.84e-14  1.26e-16     4s
  26   1.09077883e-01  1.09077883e-01  8.39e-16 4.26e-14  4.21e-17     4s

Barrier solved model in 26 iterations and 3.66 seconds (3.07 work units)
Optimal objective 1.09077883e-01

objective value: 0.10907788338785317
Done! Time elapsed: 24.675971269607544 seconds.
g_0_1: 1.000000326767199
g_1_1: 1.0000001873971511
g_1_2: 1.0000005282938607
g_2_1: 1.000000324226235
g_2_2: 1.0000009140308301
g_2_3: 1.000000324226235
g_2_4: 1.000000914030816
Parameters from last iteration: [0.17400006 0.70700013 0.17400009 0.70700023 0.17400016 0.70700023
 0.17400016]

Parameters from current iteration:
                [0.17400006 0.70700013 0.17400009 0.70700023 0.17400016 0.70700023
 0.17400016]


                Percentage Error = 3.1902950052896735e-16
                
year done: 200
Results for pe =  26.9
all done
MPC-HMC child ends Wed May 27 17:52:16 2026
MPC-HMC child elapsed time: 0 days 03 hr 15 min 10 sec

Program ends Wed May 27 17:52:16 CDT 2026
Exit code: 0
Elapsed time: 11714 seconds
