Command: /project/lhansen/HMC_rep26_robust_mac/amazon-carbon-prices/.venv/bin/python pysrc/scripts/run_mpc_hmc_job.py --id 998 --xi 1 --b 10 --trig 0 --type unconstrained
Working directory: /project/lhansen/HMC_rep26_robust_mac/amazon-carbon-prices
Program starts Wed May 27 14:37:03 CDT 2026

Running MPC-HMC job: xi=1 pe=16.5 id=998 trig=0 type=unconstrained
MPC-HMC command: /project/lhansen/HMC_rep26_robust_mac/amazon-carbon-prices/.venv/bin/python -u pysrc/mpc/mpc_hmc.py --id 998 --pe 16.5 --xi 1 --trig 0 --type unconstrained
MPC-HMC child starts Wed May 27 14:37:11 2026
unconstrained price used
Time 1: 2
Optimization Iteration[1/20000]

Solving the optimization problem...
Set parameter TokenServer to value "licenses.rcc.uchicago.edu"
Read LP format model from file /scratch/local/jobs/50183995/tmp92gsv3cc.pyomo.lp
Reading time = 1.52 seconds
x1: 258121 rows, 502401 columns, 1259970 nonzeros
Set parameter Threads to value 8
Set parameter BarConvTol to value 1e-12
Gurobi Optimizer version 11.0.0 build v11.0.0rc2 (linux64 - "CentOS Linux 8")

CPU model: Intel(R) Xeon(R) Gold 6248R CPU @ 3.00GHz, instruction set [SSE2|AVX|AVX2|AVX512]
Thread count: 48 physical cores, 48 logical processors, using up to 8 threads

Optimize a model with 258121 rows, 502401 columns and 1259970 nonzeros
Model fingerprint: 0xda6b0662
Model has 3166 quadratic objective terms
Coefficient statistics:
  Matrix range     [1e+00, 1e+03]
  Objective range  [6e-08, 6e+01]
  QObjective range [3e-01, 3e+03]
  Bounds range     [3e-04, 1e+00]
  RHS range        [6e-07, 5e+00]
Presolve removed 131481 rows and 128813 columns
Presolve time: 0.63s
Presolved: 126640 rows, 373588 columns, 743932 nonzeros
Presolved model has 3166 quadratic objective terms
Ordering time: 0.16s

Barrier statistics:
 AA' NZ     : 3.709e+05
 Factor NZ  : 3.905e+06 (roughly 230 MB of memory)
 Factor Ops : 2.623e+08 (less than 1 second per iteration)
 Threads    : 8

                  Objective                Residual
Iter       Primal          Dual         Primal    Dual     Compl     Time
   0  -1.08314497e+09  8.63517693e+08  7.80e+04 1.14e-13  1.00e+06     1s
   1  -5.55084494e+08  5.07989744e+08  1.69e+04 1.44e+02  2.23e+05     1s
   2  -2.82015648e+08  2.82006024e+08  2.13e+02 8.69e-01  3.96e+03     1s
   3  -6.55804679e+07  6.62010879e+07  1.78e+00 1.47e-12  2.85e+02     1s
   4  -1.25969528e+07  1.32343755e+07  1.55e-01 3.98e-12  5.34e+01     2s
   5  -2.28972269e+06  2.53925104e+06  1.15e-02 1.20e-12  9.76e+00     2s
   6  -3.33715450e+05  3.83053957e+05  1.15e-08 7.97e-13  1.44e+00     2s
   7  -4.98554696e+04  6.21537700e+04  1.19e-13 6.61e-13  2.25e-01     2s
   8  -7.51455846e+03  8.98028866e+03  4.88e-14 1.58e-13  3.32e-02     2s
   9  -1.19809201e+03  1.47188332e+03  1.53e-14 4.26e-14  5.37e-03     2s
  10  -1.84172767e+02  1.85435006e+02  5.45e-15 2.13e-14  7.44e-04     2s
  11  -5.04441660e+01  8.31300960e+01  1.96e-15 9.95e-14  2.69e-04     2s
  12  -1.71008097e+01  3.76547945e+01  1.12e-15 1.42e-14  1.10e-04     2s
  13  -4.82745450e+00  1.76068795e+01  4.38e-16 1.42e-14  4.51e-05     3s
  14  -7.39874142e-01  1.15630707e+01  2.30e-16 2.84e-14  2.48e-05     3s
  15   1.22926180e+00  9.43023151e+00  1.36e-16 1.42e-14  1.65e-05     3s
  16   3.49707000e+00  7.18431016e+00  1.49e-16 1.42e-14  7.42e-06     3s
  17   4.04726612e+00  6.68169880e+00  8.59e-17 1.42e-14  5.30e-06     3s
  18   4.61671846e+00  6.22765597e+00  6.32e-17 1.42e-14  3.24e-06     3s
  19   4.89220121e+00  6.02044471e+00  8.22e-17 1.42e-14  2.27e-06     3s
  20   5.17195340e+00  5.84114557e+00  5.75e-16 1.42e-14  1.35e-06     3s
  21   5.24144382e+00  5.79888869e+00  4.71e-16 1.42e-14  1.12e-06     3s
  22   5.42896943e+00  5.68858130e+00  2.06e-16 2.13e-14  5.22e-07     3s
  23   5.46581217e+00  5.67086287e+00  1.96e-16 2.13e-14  4.13e-07     3s
  24   5.52059849e+00  5.64516047e+00  1.65e-16 1.42e-14  2.51e-07     3s
  25   5.56676928e+00  5.62528953e+00  3.15e-16 1.42e-14  1.18e-07     4s
  26   5.57801783e+00  5.62065291e+00  3.62e-16 1.42e-14  8.58e-08     4s
  27   5.58238848e+00  5.61880557e+00  8.69e-16 2.13e-14  7.33e-08     4s
  28   5.58878708e+00  5.61629240e+00  1.09e-15 1.42e-14  5.53e-08     4s
  29   5.59922745e+00  5.61228337e+00  3.82e-16 1.42e-14  2.63e-08     4s
  30   5.60198317e+00  5.61123621e+00  4.65e-16 1.42e-14  1.86e-08     4s
  31   5.60550753e+00  5.60991266e+00  8.19e-16 2.84e-14  8.86e-09     4s
  32   5.60810867e+00  5.60895460e+00  2.36e-15 2.13e-14  1.70e-09     4s
  33   5.60860021e+00  5.60877828e+00  8.78e-16 2.84e-14  3.58e-10     4s
  34   5.60871832e+00  5.60873577e+00  1.29e-15 2.84e-14  3.51e-11     5s
  35   5.60873086e+00  5.60873125e+00  1.33e-14 2.84e-14  7.86e-13     5s
  36   5.60873115e+00  5.60873115e+00  1.91e-14 2.84e-14  9.00e-15     5s
  37   5.60873115e+00  5.60873115e+00  1.49e-13 2.84e-14  2.17e-17     5s

Barrier solved model in 37 iterations and 4.77 seconds (3.92 work units)
Optimal objective 5.60873115e+00

objective value: 5.608731151509171
Done! Time elapsed: 26.78412127494812 seconds.
g_0_1: 1.0701013572392621
g_1_1: 1.036158857554608
g_1_2: 1.1096055047590645
g_2_1: 1.0595313252084344
g_2_2: 1.1893257374189703
g_2_3: 1.0597479578224218
g_2_4: 1.1900182760502918
Parameters from last iteration: [0.174 0.707 0.174 0.707 0.174 0.707 0.174]

Parameters from current iteration:
                [0.18619764 0.73256431 0.19307136 0.74908865 0.20694268 0.74924181
 0.20706318]


                Percentage Error = 0.19001827605029176
                
Optimization Iteration[2/20000]

Solving the optimization problem...
Set parameter TokenServer to value "licenses.rcc.uchicago.edu"
Read LP format model from file /scratch/local/jobs/50183995/tmp914k8x7z.pyomo.lp
Reading time = 1.35 seconds
x1: 258121 rows, 502401 columns, 1259970 nonzeros
Set parameter Threads to value 8
Set parameter BarConvTol to value 1e-12
Gurobi Optimizer version 11.0.0 build v11.0.0rc2 (linux64 - "CentOS Linux 8")

CPU model: Intel(R) Xeon(R) Gold 6248R CPU @ 3.00GHz, instruction set [SSE2|AVX|AVX2|AVX512]
Thread count: 48 physical cores, 48 logical processors, using up to 8 threads

Optimize a model with 258121 rows, 502401 columns and 1259970 nonzeros
Model fingerprint: 0x04bb291a
Model has 3166 quadratic objective terms
Coefficient statistics:
  Matrix range     [1e+00, 1e+03]
  Objective range  [6e-08, 6e+01]
  QObjective range [4e-01, 3e+03]
  Bounds range     [3e-04, 1e+00]
  RHS range        [6e-07, 5e+00]
Presolve removed 131481 rows and 128813 columns
Presolve time: 0.56s
Presolved: 126640 rows, 373588 columns, 743932 nonzeros
Presolved model has 3166 quadratic objective terms
Ordering time: 0.16s

Barrier statistics:
 AA' NZ     : 3.709e+05
 Factor NZ  : 3.905e+06 (roughly 230 MB of memory)
 Factor Ops : 2.623e+08 (less than 1 second per iteration)
 Threads    : 8

                  Objective                Residual
Iter       Primal          Dual         Primal    Dual     Compl     Time
   0  -1.08478451e+09  8.65115735e+08  7.80e+04 1.13e-13  1.00e+06     1s
   1  -5.24617084e+08  4.84196685e+08  1.45e+04 1.28e+02  1.91e+05     1s
   2  -2.60139497e+08  2.60205358e+08  1.85e+02 8.58e-01  3.49e+03     1s
   3  -5.94770532e+07  6.00956218e+07  1.64e+00 1.50e-12  2.59e+02     1s
   4  -1.14865181e+07  1.21131467e+07  1.42e-01 4.06e-12  4.87e+01     1s
   5  -2.05488818e+06  2.28465540e+06  9.72e-03 1.25e-12  8.77e+00     2s
   6  -3.00036744e+05  3.46792137e+05  9.72e-09 1.01e-12  1.30e+00     2s
   7  -4.48676448e+04  5.59477915e+04  7.59e-14 6.99e-13  2.03e-01     2s
   8  -6.80067495e+03  8.22823516e+03  4.75e-14 1.71e-13  3.02e-02     2s
   9  -1.08495764e+03  1.30561731e+03  1.47e-14 4.26e-14  4.81e-03     2s
  10  -1.70410878e+02  1.72508750e+02  9.36e-15 2.84e-14  6.90e-04     2s
  11  -4.70099359e+01  7.79597082e+01  2.02e-15 5.68e-14  2.51e-04     2s
  12  -1.42847559e+01  2.70492936e+01  8.83e-16 1.42e-14  8.32e-05     2s
  13  -5.04162795e+00  1.69736573e+01  3.24e-16 1.42e-14  4.43e-05     2s
  14  -1.29517068e+00  1.20389487e+01  2.36e-16 2.13e-14  2.68e-05     3s
  15   1.11982857e+00  9.44893145e+00  1.00e-16 2.84e-14  1.68e-05     3s
  16   3.05347524e+00  7.55825488e+00  2.13e-16 2.13e-14  9.06e-06     3s
  17   3.99443645e+00  6.70528334e+00  1.17e-16 1.42e-14  5.45e-06     3s
  18   4.39276046e+00  6.38523047e+00  7.75e-17 1.42e-14  4.01e-06     3s
  19   4.82948383e+00  6.03482823e+00  1.21e-16 2.13e-14  2.42e-06     3s
  20   5.14466388e+00  5.83558033e+00  1.15e-16 2.84e-14  1.39e-06     3s
  21   5.18089041e+00  5.81348490e+00  9.55e-17 2.13e-14  1.27e-06     3s
  22   5.20320451e+00  5.80001653e+00  8.68e-17 2.13e-14  1.20e-06     3s
  23   5.38985044e+00  5.69663643e+00  1.49e-16 2.13e-14  6.17e-07     3s
  24   5.48376620e+00  5.64847035e+00  1.40e-16 2.13e-14  3.31e-07     3s
  25   5.53358702e+00  5.62498578e+00  2.72e-16 1.42e-14  1.84e-07     3s
  26   5.55863903e+00  5.61406889e+00  2.42e-16 2.13e-14  1.12e-07     4s
  27   5.56708158e+00  5.61012646e+00  1.52e-15 1.42e-14  8.66e-08     4s
  28   5.57901198e+00  5.60534578e+00  5.51e-16 1.42e-14  5.30e-08     4s
  29   5.58927702e+00  5.60137851e+00  8.01e-16 1.42e-14  2.43e-08     4s
  30   5.59370555e+00  5.59969644e+00  5.75e-16 2.84e-14  1.21e-08     4s
  31   5.59594207e+00  5.59887150e+00  1.11e-15 2.13e-14  5.89e-09     4s
  32   5.59771068e+00  5.59822805e+00  9.19e-16 2.84e-14  1.04e-09     4s
  33   5.59800249e+00  5.59812300e+00  1.37e-15 2.13e-14  2.42e-10     4s
  34   5.59808559e+00  5.59809308e+00  7.58e-16 2.84e-14  1.51e-11     4s
  35   5.59809102e+00  5.59809112e+00  1.69e-15 2.84e-14  2.00e-13     4s
  36   5.59809110e+00  5.59809110e+00  4.33e-15 2.13e-14  9.99e-16     5s
  37   5.59809110e+00  5.59809110e+00  9.19e-14 3.55e-14  1.32e-18     5s

Barrier solved model in 37 iterations and 4.66 seconds (3.91 work units)
Optimal objective 5.59809110e+00

objective value: 5.598091096784095
Done! Time elapsed: 25.143248319625854 seconds.
g_0_1: 1.0700667357600984
g_1_1: 1.0361303415366927
g_1_2: 1.1095227854115217
g_2_1: 1.059473312936531
g_2_2: 1.1891375696323443
g_2_3: 1.0596940323374533
g_2_4: 1.1898451445014993
Parameters from last iteration: [0.18619764 0.73256431 0.19307136 0.74908865 0.20694268 0.74924181
 0.20706318]

Parameters from current iteration:
                [0.18619161 0.73254415 0.19305696 0.74904763 0.20690994 0.74920368
 0.20703306]


                Percentage Error = 0.00015821383554211728
                
year done: 1
Time 2: 2
Optimization Iteration[1/20000]

Solving the optimization problem...
Set parameter TokenServer to value "licenses.rcc.uchicago.edu"
Read LP format model from file /scratch/local/jobs/50183995/tmpnhxonf3o.pyomo.lp
Reading time = 1.35 seconds
x1: 258121 rows, 502401 columns, 1259970 nonzeros
Set parameter Threads to value 8
Set parameter BarConvTol to value 1e-12
Gurobi Optimizer version 11.0.0 build v11.0.0rc2 (linux64 - "CentOS Linux 8")

CPU model: Intel(R) Xeon(R) Gold 6248R CPU @ 3.00GHz, instruction set [SSE2|AVX|AVX2|AVX512]
Thread count: 48 physical cores, 48 logical processors, using up to 8 threads

Optimize a model with 258121 rows, 502401 columns and 1259970 nonzeros
Model fingerprint: 0xa3a739c1
Model has 3166 quadratic objective terms
Coefficient statistics:
  Matrix range     [1e+00, 1e+03]
  Objective range  [6e-08, 6e+01]
  QObjective range [4e-01, 3e+03]
  Bounds range     [3e-04, 1e+00]
  RHS range        [3e-17, 5e+00]
Presolve removed 131481 rows and 128813 columns
Presolve time: 0.55s
Presolved: 126640 rows, 373588 columns, 743932 nonzeros
Presolved model has 3166 quadratic objective terms
Ordering time: 0.16s

Barrier statistics:
 AA' NZ     : 3.709e+05
 Factor NZ  : 3.905e+06 (roughly 230 MB of memory)
 Factor Ops : 2.623e+08 (less than 1 second per iteration)
 Threads    : 8

                  Objective                Residual
Iter       Primal          Dual         Primal    Dual     Compl     Time
   0  -1.08439550e+09  8.64726747e+08  7.80e+04 1.13e-13  1.00e+06     1s
   1  -5.24554912e+08  4.84128995e+08  1.45e+04 1.28e+02  1.91e+05     1s
   2  -2.60155977e+08  2.60221747e+08  1.85e+02 8.58e-01  3.49e+03     1s
   3  -5.94796684e+07  6.00982401e+07  1.64e+00 1.47e-12  2.59e+02     1s
   4  -1.14908207e+07  1.21174365e+07  1.42e-01 5.49e-12  4.88e+01     1s
   5  -2.05550413e+06  2.28529875e+06  9.71e-03 1.22e-12  8.77e+00     1s
   6  -3.00219560e+05  3.47422378e+05  9.71e-09 2.16e-12  1.30e+00     2s
   7  -4.49315451e+04  5.61956794e+04  1.14e-13 6.43e-13  2.03e-01     2s
   8  -6.81532527e+03  8.26561065e+03  4.20e-14 2.14e-13  3.03e-02     2s
   9  -1.08809770e+03  1.31099961e+03  1.64e-14 2.84e-14  4.83e-03     2s
  10  -1.85053972e+02  1.72609286e+02  6.78e-15 2.84e-14  7.20e-04     2s
  11  -5.20241883e+01  7.03444742e+01  2.55e-15 1.14e-13  2.46e-04     2s
  12  -1.56451693e+01  2.96052587e+01  1.25e-15 2.13e-14  9.10e-05     2s
  13  -2.06360680e+00  1.26524779e+01  4.52e-16 2.84e-14  2.96e-05     2s
  14   6.60505251e-01  9.72815547e+00  1.90e-16 1.42e-14  1.82e-05     2s
  15   2.49536812e+00  8.03999316e+00  1.27e-16 1.42e-14  1.12e-05     3s
  16   3.83230735e+00  6.94482963e+00  9.93e-17 1.42e-14  6.26e-06     3s
  17   4.50246355e+00  6.50364469e+00  7.01e-17 1.42e-14  4.03e-06     3s
  18   4.87632533e+00  6.25032330e+00  1.12e-16 1.42e-14  2.76e-06     3s
  19   5.32072942e+00  5.98262431e+00  1.58e-16 2.13e-14  1.33e-06     3s
  20   5.38187622e+00  5.94869999e+00  1.37e-16 2.13e-14  1.14e-06     3s
  21   5.49180356e+00  5.88933710e+00  9.59e-17 1.42e-14  8.00e-07     3s
  22   5.60841724e+00  5.83313652e+00  4.29e-16 1.42e-14  4.52e-07     3s
  23   5.69752789e+00  5.79237892e+00  1.46e-16 2.84e-14  1.91e-07     3s
  24   5.71757467e+00  5.78331474e+00  8.02e-16 2.84e-14  1.32e-07     3s
  25   5.75498149e+00  5.76887251e+00  4.19e-16 1.42e-14  2.79e-08     3s
  26   5.75884479e+00  5.76739153e+00  6.52e-16 1.42e-14  1.72e-08     4s
  27   5.76305429e+00  5.76581348e+00  7.32e-16 2.84e-14  5.55e-09     4s
  28   5.76432656e+00  5.76534691e+00  1.43e-15 1.42e-14  2.05e-09     4s
  29   5.76497187e+00  5.76511331e+00  1.62e-15 2.84e-14  2.85e-10     4s
  30   5.76506858e+00  5.76507848e+00  1.05e-15 2.84e-14  1.99e-11     4s
  31   5.76507567e+00  5.76507593e+00  1.35e-15 2.84e-14  5.21e-13     4s
  32   5.76507586e+00  5.76507586e+00  5.89e-15 2.84e-14  1.23e-15     4s
  33   5.76507586e+00  5.76507586e+00  9.50e-14 1.42e-14  1.31e-16     4s
  34   5.76507586e+00  5.76507586e+00  2.20e-14 2.84e-14  4.02e-17     4s

Barrier solved model in 34 iterations and 4.40 seconds (3.72 work units)
Optimal objective 5.76507586e+00

objective value: 5.765075857530081
Done! Time elapsed: 24.96678638458252 seconds.
g_0_1: 1.066121261575337
g_1_1: 1.0345464473076396
g_1_2: 1.1043578123658069
g_2_1: 1.0573271432106683
g_2_2: 1.1814437703680514
g_2_3: 1.0575175699986477
g_2_4: 1.1820085135130403
Parameters from last iteration: [0.18619161 0.73254415 0.19305696 0.74904763 0.20690994 0.74920368
 0.20703306]

Parameters from current iteration:
                [0.1855051  0.73142434 0.19215826 0.74753029 0.20557122 0.74766492
 0.20566948]


                Percentage Error = 0.0065862612665804204
                
Optimization Iteration[2/20000]

Solving the optimization problem...
Set parameter TokenServer to value "licenses.rcc.uchicago.edu"
Read LP format model from file /scratch/local/jobs/50183995/tmp9umg09w3.pyomo.lp
Reading time = 1.34 seconds
x1: 258121 rows, 502401 columns, 1259970 nonzeros
Set parameter Threads to value 8
Set parameter BarConvTol to value 1e-12
Gurobi Optimizer version 11.0.0 build v11.0.0rc2 (linux64 - "CentOS Linux 8")

CPU model: Intel(R) Xeon(R) Gold 6248R CPU @ 3.00GHz, instruction set [SSE2|AVX|AVX2|AVX512]
Thread count: 48 physical cores, 48 logical processors, using up to 8 threads

Optimize a model with 258121 rows, 502401 columns and 1259970 nonzeros
Model fingerprint: 0xd74a561c
Model has 3166 quadratic objective terms
Coefficient statistics:
  Matrix range     [1e+00, 1e+03]
  Objective range  [6e-08, 6e+01]
  QObjective range [4e-01, 3e+03]
  Bounds range     [3e-04, 1e+00]
  RHS range        [3e-17, 5e+00]
Presolve removed 131481 rows and 128813 columns
Presolve time: 0.55s
Presolved: 126640 rows, 373588 columns, 743932 nonzeros
Presolved model has 3166 quadratic objective terms
Ordering time: 0.16s

Barrier statistics:
 AA' NZ     : 3.709e+05
 Factor NZ  : 3.905e+06 (roughly 230 MB of memory)
 Factor Ops : 2.623e+08 (less than 1 second per iteration)
 Threads    : 8

                  Objective                Residual
Iter       Primal          Dual         Primal    Dual     Compl     Time
   0  -1.08430861e+09  8.64641625e+08  7.80e+04 1.14e-13  1.00e+06     1s
   1  -5.25887759e+08  4.85237101e+08  1.46e+04 1.25e+02  1.92e+05     1s
   2  -2.60238304e+08  2.60300135e+08  1.86e+02 8.58e-01  3.51e+03     1s
   3  -5.95780757e+07  6.01957468e+07  1.64e+00 1.48e-12  2.59e+02     1s
   4  -1.15123205e+07  1.21386334e+07  1.42e-01 4.14e-12  4.89e+01     1s
   5  -2.05977046e+06  2.28998626e+06  9.76e-03 1.18e-12  8.79e+00     1s
   6  -3.00822696e+05  3.48029186e+05  9.76e-09 9.47e-13  1.31e+00     2s
   7  -4.50193687e+04  5.62991309e+04  1.08e-13 6.80e-13  2.04e-01     2s
   8  -6.82780666e+03  8.27888860e+03  3.75e-14 1.97e-13  3.04e-02     2s
   9  -1.09004572e+03  1.31399469e+03  1.52e-14 2.84e-14  4.84e-03     2s
  10  -1.85305472e+02  1.72889713e+02  6.85e-15 2.84e-14  7.21e-04     2s
  11  -5.21836387e+01  7.08025753e+01  1.65e-15 6.39e-14  2.47e-04     2s
  12  -1.57434473e+01  2.97863041e+01  9.01e-16 2.00e-14  9.16e-05     2s
  13  -2.07394302e+00  1.26606243e+01  3.07e-16 1.42e-14  2.96e-05     2s
  14   7.13995692e-01  9.66876464e+00  1.86e-16 1.42e-14  1.80e-05     2s
  15   2.53280181e+00  8.00343419e+00  1.39e-16 1.42e-14  1.10e-05     2s
  16   3.86323857e+00  6.92163027e+00  9.41e-17 1.42e-14  6.15e-06     3s
  17   4.72822347e+00  6.31734176e+00  7.96e-17 1.42e-14  3.20e-06     3s
  18   4.91947576e+00  6.20178816e+00  6.44e-17 1.42e-14  2.58e-06     3s
  19   5.11275806e+00  6.09419361e+00  9.78e-17 1.42e-14  1.97e-06     3s
  20   5.34724681e+00  5.96825856e+00  9.93e-17 2.84e-14  1.25e-06     3s
  21   5.54156568e+00  5.86365780e+00  1.85e-16 2.84e-14  6.48e-07     3s
  22   5.65273969e+00  5.81183485e+00  1.65e-16 1.64e-14  3.20e-07     3s
  23   5.71514840e+00  5.78512890e+00  2.15e-16 1.42e-14  1.41e-07     3s
  24   5.74067416e+00  5.77494394e+00  3.79e-16 2.13e-14  6.89e-08     3s
  25   5.75719548e+00  5.76856348e+00  1.14e-15 2.13e-14  2.29e-08     3s
  26   5.75913823e+00  5.76784382e+00  1.27e-15 2.13e-14  1.75e-08     3s
  27   5.76382340e+00  5.76612595e+00  1.08e-15 2.84e-14  4.63e-09     4s
  28   5.76473579e+00  5.76579288e+00  1.29e-15 1.42e-14  2.13e-09     4s
  29   5.76535099e+00  5.76557082e+00  1.61e-15 2.84e-14  4.42e-10     4s
  30   5.76549369e+00  5.76551952e+00  2.19e-15 2.84e-14  5.20e-11     4s
  31   5.76551233e+00  5.76551282e+00  2.33e-15 2.84e-14  9.87e-13     4s
  32   5.76551269e+00  5.76551269e+00  1.54e-14 2.84e-14  1.72e-15     4s
  33   5.76551269e+00  5.76551269e+00  1.18e-12 1.42e-14  1.31e-16     4s
  34   5.76551269e+00  5.76551269e+00  5.09e-13 2.84e-14  4.30e-17     4s

Barrier solved model in 34 iterations and 4.27 seconds (3.72 work units)
Optimal objective 5.76551269e+00

objective value: 5.765512692234102
Done! Time elapsed: 24.73226237297058 seconds.
g_0_1: 1.066121719970072
g_1_1: 1.034547118183012
g_1_2: 1.1043585603685213
g_2_1: 1.0573286762814953
g_2_2: 1.1814474970320057
g_2_3: 1.0575185569158487
g_2_4: 1.1820085135120264
Parameters from last iteration: [0.1855051  0.73142434 0.19215826 0.74753029 0.20557122 0.74766492
 0.20566948]

Parameters from current iteration:
                [0.18550518 0.73142481 0.19215839 0.74753137 0.20557186 0.74766562
 0.20566948]


                Percentage Error = 3.1543303606566733e-06
                
year done: 2
Time 3: 2
Optimization Iteration[1/20000]

Solving the optimization problem...
Set parameter TokenServer to value "licenses.rcc.uchicago.edu"
Read LP format model from file /scratch/local/jobs/50183995/tmp34dmafbj.pyomo.lp
Reading time = 1.35 seconds
x1: 258121 rows, 502401 columns, 1259970 nonzeros
Set parameter Threads to value 8
Set parameter BarConvTol to value 1e-12
Gurobi Optimizer version 11.0.0 build v11.0.0rc2 (linux64 - "CentOS Linux 8")

CPU model: Intel(R) Xeon(R) Gold 6248R CPU @ 3.00GHz, instruction set [SSE2|AVX|AVX2|AVX512]
Thread count: 48 physical cores, 48 logical processors, using up to 8 threads

Optimize a model with 258121 rows, 502401 columns and 1259970 nonzeros
Model fingerprint: 0x13f5b07a
Model has 3166 quadratic objective terms
Coefficient statistics:
  Matrix range     [1e+00, 1e+03]
  Objective range  [6e-08, 6e+01]
  QObjective range [4e-01, 3e+03]
  Bounds range     [3e-04, 1e+00]
  RHS range        [3e-17, 5e+00]
Presolve removed 131482 rows and 128814 columns
Presolve time: 0.58s
Presolved: 126639 rows, 373587 columns, 743930 nonzeros
Presolved model has 3166 quadratic objective terms
Ordering time: 0.16s

Barrier statistics:
 AA' NZ     : 3.709e+05
 Factor NZ  : 4.212e+06 (roughly 240 MB of memory)
 Factor Ops : 3.974e+08 (less than 1 second per iteration)
 Threads    : 8

                  Objective                Residual
Iter       Primal          Dual         Primal    Dual     Compl     Time
   0  -1.08430831e+09  8.64641326e+08  7.80e+04 1.13e-13  1.00e+06     1s
   1  -6.13121724e+08  5.67198329e+08  1.65e+04 1.41e+02  2.31e+05     1s
   2  -3.05347737e+08  3.05367295e+08  2.16e+02 1.07e+00  4.29e+03     1s
   3  -7.11709556e+07  7.18328437e+07  1.88e+00 1.87e-12  3.10e+02     1s
   4  -1.38813943e+07  1.45703566e+07  1.63e-01 5.43e-12  5.88e+01     1s
   5  -2.53421649e+06  2.81205824e+06  1.23e-02 1.44e-12  1.08e+01     2s
   6  -3.69195902e+05  4.23118116e+05  1.23e-08 9.91e-13  1.59e+00     2s
   7  -5.52668499e+04  6.95136443e+04  1.05e-13 6.48e-13  2.51e-01     2s
   8  -8.32748601e+03  9.96923508e+03  4.67e-14 1.93e-13  3.68e-02     2s
   9  -1.32582895e+03  1.62719348e+03  1.54e-14 2.78e-14  5.94e-03     2s
  10  -2.20472398e+02  2.14008988e+02  7.15e-15 2.84e-14  8.74e-04     2s
  11  -5.45169239e+01  7.53888681e+01  2.29e-15 8.53e-14  2.61e-04     2s
  12  -1.82299460e+01  3.43211384e+01  8.79e-16 1.42e-14  1.06e-04     2s
  13  -5.68256809e-01  8.38342941e+00  4.69e-16 1.42e-14  1.80e-05     3s
  14   2.50089470e+00  7.37231064e+00  2.97e-16 1.42e-14  9.80e-06     3s
  15   4.16178331e+00  6.80342093e+00  1.31e-16 4.26e-14  5.31e-06     3s
  16   4.90691316e+00  6.31159086e+00  1.00e-16 1.42e-14  2.83e-06     3s
  17   5.37772282e+00  6.04797419e+00  9.41e-17 1.42e-14  1.35e-06     3s
  18   5.60565906e+00  5.92311645e+00  1.19e-16 2.84e-14  6.39e-07     3s
  19   5.73572278e+00  5.86460461e+00  4.92e-16 2.84e-14  2.59e-07     3s
  20   5.76070109e+00  5.85347032e+00  2.98e-16 1.47e-14  1.87e-07     3s
  21   5.79911187e+00  5.83741224e+00  1.99e-16 2.84e-14  7.71e-08     3s
  22   5.81475066e+00  5.83103295e+00  4.35e-16 1.42e-14  3.28e-08     3s
  23   5.81842298e+00  5.82959079e+00  2.53e-16 1.42e-14  2.25e-08     4s
  24   5.82412327e+00  5.82743504e+00  5.47e-16 1.42e-14  6.66e-09     4s
  25   5.82518097e+00  5.82704188e+00  3.97e-16 1.42e-14  3.74e-09     4s
  26   5.82615134e+00  5.82668814e+00  1.05e-15 1.42e-14  1.08e-09     4s
  27   5.82647787e+00  5.82657024e+00  8.03e-16 2.13e-14  1.86e-10     4s
  28   5.82653568e+00  5.82654939e+00  7.28e-16 2.84e-14  2.76e-11     4s
  29   5.82654559e+00  5.82654582e+00  1.15e-15 2.13e-14  4.65e-13     4s
  30   5.82654572e+00  5.82654577e+00  5.80e-15 2.13e-14  1.12e-13     4s
  31   5.82654575e+00  5.82654576e+00  6.51e-15 1.42e-14  2.85e-14     4s
  32   5.82654575e+00  5.82654576e+00  2.98e-15 1.87e-14  7.20e-15     4s
  33   5.82654576e+00  5.82654576e+00  2.80e-15 1.42e-14  5.74e-15     4s
  34   5.82654576e+00  5.82654576e+00  1.83e-15 1.42e-14  1.74e-15     5s
  35   5.82654576e+00  5.82654576e+00  1.55e-15 2.84e-14  1.59e-15     5s
  36   5.82654576e+00  5.82654576e+00  1.46e-15 2.84e-14  1.34e-15     5s
  37   5.82654576e+00  5.82654576e+00  1.15e-15 1.42e-14  6.93e-16     5s
  38   5.82654576e+00  5.82654576e+00  1.51e-15 1.42e-14  4.28e-16     5s
  39   5.82654576e+00  5.82654576e+00  1.04e-15 1.42e-14  1.60e-16     5s
  40   5.82654576e+00  5.82654576e+00  7.23e-16 1.42e-14  9.97e-17     5s

Barrier solved model in 40 iterations and 5.04 seconds (4.39 work units)
Optimal objective 5.82654576e+00

objective value: 5.826545757582183
Done! Time elapsed: 27.08904528617859 seconds.
g_0_1: 1.0626213677151484
g_1_1: 1.0331750584577666
g_1_2: 1.0998951251331799
g_2_1: 1.0554255195019389
g_2_2: 1.1746891857299577
g_2_3: 1.0556004880323402
g_2_4: 1.1752444132172513
Parameters from last iteration: [0.18550518 0.73142481 0.19215839 0.74753137 0.20557186 0.74766562
 0.20566948]

Parameters from current iteration:
                [0.18489612 0.73045477 0.19138175 0.74618584 0.20439592 0.74630955
 0.20449253]


                Percentage Error = 0.005722547864462835
                
Optimization Iteration[2/20000]

Solving the optimization problem...
Set parameter TokenServer to value "licenses.rcc.uchicago.edu"
Read LP format model from file /scratch/local/jobs/50183995/tmpfczqcck_.pyomo.lp
Reading time = 1.35 seconds
x1: 258121 rows, 502401 columns, 1259970 nonzeros
Set parameter Threads to value 8
Set parameter BarConvTol to value 1e-12
Gurobi Optimizer version 11.0.0 build v11.0.0rc2 (linux64 - "CentOS Linux 8")

CPU model: Intel(R) Xeon(R) Gold 6248R CPU @ 3.00GHz, instruction set [SSE2|AVX|AVX2|AVX512]
Thread count: 48 physical cores, 48 logical processors, using up to 8 threads

Optimize a model with 258121 rows, 502401 columns and 1259970 nonzeros
Model fingerprint: 0xfa4c959e
Model has 3166 quadratic objective terms
Coefficient statistics:
  Matrix range     [1e+00, 1e+03]
  Objective range  [6e-08, 6e+01]
  QObjective range [4e-01, 3e+03]
  Bounds range     [3e-04, 1e+00]
  RHS range        [3e-17, 5e+00]
Presolve removed 131482 rows and 128814 columns
Presolve time: 0.56s
Presolved: 126639 rows, 373587 columns, 743930 nonzeros
Presolved model has 3166 quadratic objective terms
Ordering time: 0.16s

Barrier statistics:
 AA' NZ     : 3.709e+05
 Factor NZ  : 4.212e+06 (roughly 240 MB of memory)
 Factor Ops : 3.974e+08 (less than 1 second per iteration)
 Threads    : 8

                  Objective                Residual
Iter       Primal          Dual         Primal    Dual     Compl     Time
   0  -1.08326919e+09  8.63603722e+08  7.80e+04 1.13e-13  1.00e+06     1s
   1  -6.13516429e+08  5.67341183e+08  1.66e+04 1.42e+02  2.33e+05     1s
   2  -3.06477664e+08  3.06492132e+08  2.18e+02 1.08e+00  4.33e+03     1s
   3  -7.15632112e+07  7.22253812e+07  1.90e+00 1.75e-12  3.12e+02     1s
   4  -1.39604009e+07  1.46505475e+07  1.65e-01 4.81e-12  5.92e+01     1s
   5  -2.55255871e+06  2.83246459e+06  1.24e-02 1.47e-12  1.09e+01     2s
   6  -3.71813385e+05  4.25874541e+05  1.24e-08 1.06e-12  1.60e+00     2s
   7  -5.56595231e+04  7.00250482e+04  1.25e-13 6.57e-13  2.53e-01     2s
   8  -8.38361041e+03  1.00273587e+04  4.90e-14 2.24e-13  3.70e-02     2s
   9  -1.33471302e+03  1.63993503e+03  1.68e-14 4.26e-14  5.98e-03     2s
  10  -2.14145293e+02  2.13515958e+02  6.71e-15 2.13e-14  8.60e-04     2s
  11  -5.43444145e+01  7.66326278e+01  1.91e-15 4.97e-14  2.64e-04     2s
  12  -1.83085216e+01  3.45364977e+01  7.64e-16 1.64e-14  1.06e-04     2s
  13  -2.98613259e-02  9.48220831e+00  4.52e-16 2.84e-14  1.91e-05     3s
  14   2.18234928e+00  8.23228032e+00  1.57e-16 1.42e-14  1.22e-05     3s
  15   4.53029251e+00  6.60224753e+00  1.15e-16 2.13e-14  4.17e-06     3s
  16   4.97019226e+00  6.28976100e+00  7.51e-17 2.84e-14  2.65e-06     3s
  17   5.44588110e+00  6.01028285e+00  1.55e-16 1.42e-14  1.14e-06     3s
  18   5.65464370e+00  5.89954012e+00  1.87e-16 1.42e-14  4.93e-07     3s
  19   5.67900022e+00  5.88856557e+00  2.98e-16 2.13e-14  4.22e-07     3s
  20   5.76031499e+00  5.85360158e+00  2.65e-16 1.42e-14  1.88e-07     3s
  21   5.76965156e+00  5.84966220e+00  2.50e-16 2.84e-14  1.61e-07     3s
  22   5.80495707e+00  5.83533675e+00  4.21e-16 1.42e-14  6.11e-08     3s
  23   5.80709380e+00  5.83448809e+00  3.26e-16 1.47e-14  5.51e-08     4s
  24   5.81785034e+00  5.83030678e+00  1.06e-15 1.42e-14  2.51e-08     4s
  25   5.82340192e+00  5.82819470e+00  3.43e-16 2.84e-14  9.64e-09     4s
  26   5.82598447e+00  5.82724683e+00  1.15e-15 2.13e-14  2.54e-09     4s
  27   5.82649005e+00  5.82706305e+00  5.52e-16 1.42e-14  1.15e-09     4s
  28   5.82685723e+00  5.82693099e+00  5.38e-16 1.42e-14  1.48e-10     4s
  29   5.82690573e+00  5.82691358e+00  1.35e-15 2.13e-14  1.58e-11     4s
  30   5.82691142e+00  5.82691154e+00  1.72e-15 1.42e-14  2.34e-13     4s
  31   5.82691148e+00  5.82691151e+00  3.69e-14 1.42e-14  7.27e-14     4s
  32   5.82691150e+00  5.82691151e+00  2.58e-14 2.84e-14  1.70e-14     4s
  33   5.82691150e+00  5.82691151e+00  1.60e-14 1.42e-14  5.42e-15     4s
  34   5.82691150e+00  5.82691151e+00  1.59e-14 1.42e-14  4.59e-15     4s
  35   5.82691150e+00  5.82691150e+00  1.80e-14 2.13e-14  1.64e-15     5s
  36   5.82691150e+00  5.82691150e+00  9.31e-15 1.42e-14  1.15e-15     5s
  37   5.82691150e+00  5.82691150e+00  8.28e-15 1.42e-14  5.59e-16     5s
  38   5.82691150e+00  5.82691150e+00  7.85e-15 1.42e-14  1.86e-16     5s
  39   5.82691150e+00  5.82691150e+00  2.93e-15 2.13e-14  1.06e-16     5s
  40   5.82691150e+00  5.82691150e+00  1.81e-15 1.42e-14  7.19e-17     5s

Barrier solved model in 40 iterations and 5.04 seconds (4.37 work units)
Optimal objective 5.82691150e+00

objective value: 5.826911504726531
Done! Time elapsed: 25.48950219154358 seconds.
g_0_1: 1.0626222739924955
g_1_1: 1.0331758024169702
g_1_2: 1.099897304083728
g_2_1: 1.0554272533044895
g_2_2: 1.1746943282969207
g_2_3: 1.0556021553142652
g_2_4: 1.175249462561157
Parameters from last iteration: [0.18489612 0.73045477 0.19138175 0.74618584 0.20439592 0.74630955
 0.20449253]

Parameters from current iteration:
                [0.18489628 0.73045529 0.19138213 0.74618707 0.20439681 0.74631072
 0.20449341]


                Percentage Error = 4.377810765108194e-06
                
year done: 3
Time 4: 2
Optimization Iteration[1/20000]

Solving the optimization problem...
Set parameter TokenServer to value "licenses.rcc.uchicago.edu"
Read LP format model from file /scratch/local/jobs/50183995/tmp7n7qphjk.pyomo.lp
Reading time = 1.36 seconds
x1: 258121 rows, 502401 columns, 1259970 nonzeros
Set parameter Threads to value 8
Set parameter BarConvTol to value 1e-12
Gurobi Optimizer version 11.0.0 build v11.0.0rc2 (linux64 - "CentOS Linux 8")

CPU model: Intel(R) Xeon(R) Gold 6248R CPU @ 3.00GHz, instruction set [SSE2|AVX|AVX2|AVX512]
Thread count: 48 physical cores, 48 logical processors, using up to 8 threads

Optimize a model with 258121 rows, 502401 columns and 1259970 nonzeros
Model fingerprint: 0x7f763b83
Model has 3166 quadratic objective terms
Coefficient statistics:
  Matrix range     [1e+00, 1e+03]
  Objective range  [6e-08, 6e+01]
  QObjective range [4e-01, 3e+03]
  Bounds range     [3e-04, 1e+00]
  RHS range        [3e-17, 5e+00]
Presolve removed 131482 rows and 128814 columns
Presolve time: 0.61s
Presolved: 126639 rows, 373587 columns, 743930 nonzeros
Presolved model has 3166 quadratic objective terms
Ordering time: 0.17s

Barrier statistics:
 AA' NZ     : 3.709e+05
 Factor NZ  : 4.212e+06 (roughly 240 MB of memory)
 Factor Ops : 3.974e+08 (less than 1 second per iteration)
 Threads    : 8

                  Objective                Residual
Iter       Primal          Dual         Primal    Dual     Compl     Time
   0  -1.08326950e+09  8.63604030e+08  7.80e+04 1.13e-13  1.00e+06     1s
   1  -6.13516117e+08  5.67340973e+08  1.66e+04 1.42e+02  2.33e+05     1s
   2  -3.06477130e+08  3.06491561e+08  2.18e+02 1.08e+00  4.33e+03     1s
   3  -7.15615472e+07  7.22237081e+07  1.90e+00 1.93e-12  3.12e+02     1s
   4  -1.39617203e+07  1.46518503e+07  1.65e-01 4.27e-12  5.92e+01     2s
   5  -2.55294099e+06  2.83280955e+06  1.24e-02 1.23e-12  1.09e+01     2s
   6  -3.71892077e+05  4.26061626e+05  1.24e-08 2.29e-12  1.61e+00     2s
   7  -5.56699739e+04  7.00270202e+04  1.58e-13 6.79e-13  2.53e-01     2s
   8  -8.38810092e+03  1.00434754e+04  5.50e-14 2.65e-13  3.71e-02     2s
   9  -1.33546123e+03  1.63937093e+03  1.51e-14 3.46e-14  5.98e-03     2s
  10  -2.14438620e+02  2.13860141e+02  7.70e-15 2.84e-14  8.62e-04     2s
  11  -4.37613352e+01  6.90058577e+01  2.30e-15 6.04e-14  2.27e-04     2s
  12  -1.52727616e+01  3.02472369e+01  1.23e-15 2.84e-14  9.16e-05     2s
  13   1.60955037e-01  8.38443515e+00  3.81e-16 2.13e-14  1.65e-05     3s
  14   3.90372890e+00  6.72194237e+00  1.72e-16 1.42e-14  5.67e-06     3s
  15   4.85032463e+00  6.21855050e+00  1.00e-16 1.42e-14  2.75e-06     3s
  16   5.31246155e+00  6.01231628e+00  1.22e-16 1.42e-14  1.41e-06     3s
  17   5.57212499e+00  5.91042378e+00  1.81e-16 1.42e-14  6.81e-07     3s
  18   5.67774054e+00  5.86733076e+00  1.44e-16 1.42e-14  3.81e-07     3s
  19   5.75536926e+00  5.83540994e+00  1.24e-16 1.42e-14  1.61e-07     3s
  20   5.78960099e+00  5.82181171e+00  5.84e-16 2.13e-14  6.48e-08     3s
  21   5.79193350e+00  5.82089458e+00  4.45e-16 1.42e-14  5.83e-08     3s
  22   5.80392717e+00  5.81626963e+00  6.64e-16 1.42e-14  2.48e-08     4s
  23   5.80718644e+00  5.81503272e+00  2.79e-16 1.42e-14  1.58e-08     4s
  24   5.81119422e+00  5.81355077e+00  3.32e-15 1.42e-14  4.74e-09     4s
  25   5.81223238e+00  5.81317167e+00  7.20e-16 2.13e-14  1.89e-09     4s
  26   5.81280336e+00  5.81296656e+00  1.44e-15 2.84e-14  3.28e-10     4s
  27   5.81290010e+00  5.81293182e+00  1.30e-15 1.42e-14  6.38e-11     4s
  28   5.81292279e+00  5.81292368e+00  1.64e-15 2.84e-14  1.80e-12     4s
  29   5.81292342e+00  5.81292345e+00  3.78e-15 1.42e-14  5.88e-14     4s
  30   5.81292343e+00  5.81292345e+00  2.45e-14 1.42e-14  2.29e-14     4s
  31   5.81292344e+00  5.81292344e+00  1.95e-14 1.42e-14  5.16e-15     4s
  32   5.81292344e+00  5.81292344e+00  6.71e-15 1.42e-14  1.55e-15     4s
  33   5.81292344e+00  5.81292344e+00  3.80e-15 1.42e-14  1.18e-15     4s
  34   5.81292344e+00  5.81292344e+00  8.95e-15 1.42e-14  5.61e-16     5s
  35   5.81292344e+00  5.81292344e+00  3.52e-15 1.42e-14  3.00e-16     5s
  36   5.81292344e+00  5.81292344e+00  4.39e-15 1.42e-14  1.46e-16     5s
  37   5.81292344e+00  5.81292344e+00  3.46e-15 1.42e-14  1.15e-16     5s
  38   5.81292344e+00  5.81292344e+00  3.64e-15 1.42e-14  7.09e-17     5s

Barrier solved model in 38 iterations and 4.87 seconds (4.28 work units)
Optimal objective 5.81292344e+00

objective value: 5.812923443308036
Done! Time elapsed: 25.436241149902344 seconds.
g_0_1: 1.0596326555869309
g_1_1: 1.0319845957490998
g_1_2: 1.0960592161507943
g_2_1: 1.0536448241611527
g_2_2: 1.168633930842776
g_2_3: 1.0537765867725293
g_2_4: 1.1691251663842133
Parameters from last iteration: [0.18489628 0.73045529 0.19138213 0.74618707 0.20439681 0.74631072
 0.20449341]

Parameters from current iteration:
                [0.18437608 0.72961311 0.1907143  0.74492689 0.2033423  0.74502005
 0.20342778]


                Percentage Error = 0.005211060606313598
                
Optimization Iteration[2/20000]

Solving the optimization problem...
Set parameter TokenServer to value "licenses.rcc.uchicago.edu"
Read LP format model from file /scratch/local/jobs/50183995/tmp5k8oa9t6.pyomo.lp
Reading time = 1.36 seconds
x1: 258121 rows, 502401 columns, 1259970 nonzeros
Set parameter Threads to value 8
Set parameter BarConvTol to value 1e-12
Gurobi Optimizer version 11.0.0 build v11.0.0rc2 (linux64 - "CentOS Linux 8")

CPU model: Intel(R) Xeon(R) Gold 6248R CPU @ 3.00GHz, instruction set [SSE2|AVX|AVX2|AVX512]
Thread count: 48 physical cores, 48 logical processors, using up to 8 threads

Optimize a model with 258121 rows, 502401 columns and 1259970 nonzeros
Model fingerprint: 0x86e95088
Model has 3166 quadratic objective terms
Coefficient statistics:
  Matrix range     [1e+00, 1e+03]
  Objective range  [6e-08, 6e+01]
  QObjective range [4e-01, 3e+03]
  Bounds range     [3e-04, 1e+00]
  RHS range        [3e-17, 5e+00]
Presolve removed 131482 rows and 128814 columns
Presolve time: 0.61s
Presolved: 126639 rows, 373587 columns, 743930 nonzeros
Presolved model has 3166 quadratic objective terms
Ordering time: 0.17s

Barrier statistics:
 AA' NZ     : 3.709e+05
 Factor NZ  : 4.212e+06 (roughly 240 MB of memory)
 Factor Ops : 3.974e+08 (less than 1 second per iteration)
 Threads    : 8

                  Objective                Residual
Iter       Primal          Dual         Primal    Dual     Compl     Time
   0  -1.08506873e+09  8.65404659e+08  7.80e+04 1.14e-13  1.00e+06     1s
   1  -6.14868689e+08  5.68465922e+08  1.66e+04 1.42e+02  2.34e+05     1s
   2  -3.07520239e+08  3.07530693e+08  2.20e+02 1.09e+00  4.35e+03     1s
   3  -7.18822032e+07  7.25446615e+07  1.89e+00 1.48e-12  3.13e+02     1s
   4  -1.37714583e+07  1.44557968e+07  1.61e-01 5.20e-12  5.84e+01     2s
   5  -2.51311739e+06  2.78655435e+06  1.21e-02 1.47e-12  1.07e+01     2s
   6  -3.66229003e+05  4.20206581e+05  1.21e-08 9.91e-13  1.58e+00     2s
   7  -5.48196549e+04  6.89235871e+04  1.15e-13 7.30e-13  2.49e-01     2s
   8  -8.26151857e+03  9.89084389e+03  4.43e-14 1.68e-13  3.65e-02     2s
   9  -1.31614577e+03  1.61656925e+03  1.58e-14 4.26e-14  5.90e-03     2s
  10  -2.11281557e+02  2.10320328e+02  7.85e-15 2.84e-14  8.48e-04     2s
  11  -4.34153122e+01  6.93541803e+01  2.00e-15 4.62e-14  2.27e-04     2s
  12  -1.44517563e+01  2.87291678e+01  1.12e-15 1.42e-14  8.69e-05     2s
  13   7.57722681e-01  9.00559369e+00  4.39e-16 1.42e-14  1.66e-05     3s
  14   4.01127089e+00  6.69007256e+00  1.58e-16 1.42e-14  5.39e-06     3s
  15   5.01006367e+00  6.14611592e+00  9.89e-17 2.84e-14  2.29e-06     3s
  16   5.44114684e+00  5.95889924e+00  1.11e-16 2.84e-14  1.04e-06     3s
  17   5.63480381e+00  5.88114167e+00  1.46e-16 1.42e-14  4.96e-07     3s
  18   5.72076021e+00  5.84775602e+00  2.34e-16 1.42e-14  2.55e-07     3s
  19   5.76364550e+00  5.83155856e+00  2.79e-16 2.84e-14  1.37e-07     3s
  20   5.78835473e+00  5.82248279e+00  1.39e-16 1.42e-14  6.87e-08     3s
  21   5.80304228e+00  5.81699881e+00  4.40e-16 2.84e-14  2.81e-08     3s
  22   5.80771756e+00  5.81525119e+00  6.73e-16 1.42e-14  1.52e-08     4s
  23   5.81008017e+00  5.81438390e+00  2.36e-15 2.84e-14  8.66e-09     4s
  24   5.81250100e+00  5.81350579e+00  1.63e-15 2.84e-14  2.02e-09     4s
  25   5.81293321e+00  5.81334898e+00  7.42e-16 2.84e-14  8.36e-10     4s
  26   5.81320573e+00  5.81325138e+00  1.25e-15 1.42e-14  9.18e-11     4s
  27   5.81323779e+00  5.81323989e+00  1.09e-15 1.42e-14  4.23e-12     4s
  28   5.81323932e+00  5.81323935e+00  1.45e-15 2.84e-14  6.24e-14     4s
  29   5.81323933e+00  5.81323934e+00  3.60e-14 2.13e-14  2.35e-14     4s
  30   5.81323934e+00  5.81323934e+00  1.46e-14 2.84e-14  5.26e-15     4s
  31   5.81323934e+00  5.81323934e+00  1.17e-14 1.42e-14  1.58e-15     4s
  32   5.81323934e+00  5.81323934e+00  7.95e-15 1.42e-14  9.15e-16     4s
  33   5.81323934e+00  5.81323934e+00  4.32e-15 1.42e-14  4.44e-16     4s
  34   5.81323934e+00  5.81323934e+00  4.93e-15 1.42e-14  2.20e-16     5s
  35   5.81323934e+00  5.81323934e+00  2.47e-15 1.42e-14  1.27e-16     5s
  36   5.81323934e+00  5.81323934e+00  1.77e-15 1.42e-14  8.45e-17     5s

Barrier solved model in 36 iterations and 4.70 seconds (4.13 work units)
Optimal objective 5.81323934e+00

objective value: 5.813239339846223
Done! Time elapsed: 25.63807773590088 seconds.
g_0_1: 1.0596332927942118
g_1_1: 1.0319852354474157
g_1_2: 1.0960612926179745
g_2_1: 1.0536461109418218
g_2_2: 1.168638757759515
g_2_3: 1.0537776483464132
g_2_4: 1.1691305746958007
Parameters from last iteration: [0.18437608 0.72961311 0.1907143  0.74492689 0.2033423  0.74502005
 0.20342778]

Parameters from current iteration:
                [0.18437619 0.72961356 0.19071466 0.7449278  0.20334314 0.7450208
 0.20342872]


                Percentage Error = 4.625947454585057e-06
                
year done: 4
Time 5: 2
Optimization Iteration[1/20000]

Solving the optimization problem...
Set parameter TokenServer to value "licenses.rcc.uchicago.edu"
Read LP format model from file /scratch/local/jobs/50183995/tmpvj1c_9py.pyomo.lp
Reading time = 1.36 seconds
x1: 258121 rows, 502401 columns, 1259970 nonzeros
Set parameter Threads to value 8
Set parameter BarConvTol to value 1e-12
Gurobi Optimizer version 11.0.0 build v11.0.0rc2 (linux64 - "CentOS Linux 8")

CPU model: Intel(R) Xeon(R) Gold 6248R CPU @ 3.00GHz, instruction set [SSE2|AVX|AVX2|AVX512]
Thread count: 48 physical cores, 48 logical processors, using up to 8 threads

Optimize a model with 258121 rows, 502401 columns and 1259970 nonzeros
Model fingerprint: 0x3ce9e9bf
Model has 3166 quadratic objective terms
Coefficient statistics:
  Matrix range     [1e+00, 1e+03]
  Objective range  [6e-08, 6e+01]
  QObjective range [4e-01, 3e+03]
  Bounds range     [3e-04, 1e+00]
  RHS range        [3e-17, 5e+00]
Presolve removed 131482 rows and 128814 columns
Presolve time: 0.62s
Presolved: 126639 rows, 373587 columns, 743930 nonzeros
Presolved model has 3166 quadratic objective terms
Ordering time: 0.17s

Barrier statistics:
 AA' NZ     : 3.709e+05
 Factor NZ  : 4.212e+06 (roughly 240 MB of memory)
 Factor Ops : 3.974e+08 (less than 1 second per iteration)
 Threads    : 8

                  Objective                Residual
Iter       Primal          Dual         Primal    Dual     Compl     Time
   0  -1.08506921e+09  8.65405137e+08  7.80e+04 1.13e-13  1.00e+06     1s
   1  -6.14868433e+08  5.68465764e+08  1.66e+04 1.42e+02  2.34e+05     1s
   2  -3.07519690e+08  3.07530111e+08  2.20e+02 1.09e+00  4.35e+03     1s
   3  -7.18810308e+07  7.25434797e+07  1.89e+00 1.78e-12  3.13e+02     1s
   4  -1.37720402e+07  1.44563549e+07  1.61e-01 4.68e-12  5.84e+01     2s
   5  -2.51324302e+06  2.78665311e+06  1.21e-02 1.24e-12  1.07e+01     2s
   6  -3.66265293e+05  4.20323346e+05  1.21e-08 9.05e-13  1.58e+00     2s
   7  -5.48248187e+04  6.89239562e+04  1.79e-13 6.80e-13  2.49e-01     2s
   8  -8.26483348e+03  9.90371645e+03  7.26e-14 1.70e-13  3.66e-02     2s
   9  -1.31683847e+03  1.61639241e+03  2.17e-14 2.84e-14  5.90e-03     2s
  10  -2.16721897e+02  2.15239395e+02  7.97e-15 1.42e-14  8.69e-04     2s
  11  -4.69270019e+01  7.11218546e+01  2.37e-15 2.84e-14  2.37e-04     2s
  12  -1.51435247e+01  2.92294986e+01  9.99e-16 1.42e-14  8.93e-05     2s
  13   3.72069246e-01  9.35077342e+00  3.83e-16 1.42e-14  1.81e-05     2s
  14   3.77826174e+00  6.73932293e+00  1.66e-16 1.42e-14  5.96e-06     3s
  15   4.59780519e+00  6.27763098e+00  8.77e-17 1.42e-14  3.38e-06     3s
  16   4.86661212e+00  6.15036161e+00  7.04e-17 1.42e-14  2.58e-06     3s
  17   5.35329971e+00  5.92033617e+00  1.42e-16 1.42e-14  1.14e-06     3s
  18   5.44251445e+00  5.88273918e+00  7.35e-17 1.42e-14  8.86e-07     3s
  19   5.60730791e+00  5.81375625e+00  2.64e-16 1.42e-14  4.15e-07     3s
  20   5.68215059e+00  5.78429400e+00  1.31e-16 1.42e-14  2.05e-07     3s
  21   5.70893228e+00  5.77409324e+00  1.10e-16 1.42e-14  1.31e-07     3s
  22   5.73531220e+00  5.76427999e+00  2.28e-16 2.84e-14  5.83e-08     3s
  23   5.73622309e+00  5.76393710e+00  2.08e-16 4.26e-14  5.58e-08     3s
  24   5.73970904e+00  5.76262417e+00  1.00e-16 1.42e-14  4.61e-08     3s
  25   5.74853198e+00  5.75934029e+00  1.29e-16 1.42e-14  2.17e-08     3s
  26   5.75237332e+00  5.75792232e+00  3.00e-16 1.47e-14  1.12e-08     4s
  27   5.75464858e+00  5.75709658e+00  9.60e-16 1.42e-14  4.92e-09     4s
  28   5.75595102e+00  5.75662682e+00  4.47e-16 1.42e-14  1.36e-09     4s
  29   5.75639830e+00  5.75646591e+00  1.72e-15 1.42e-14  1.36e-10     4s
  30   5.75644077e+00  5.75645072e+00  1.06e-15 1.42e-14  2.00e-11     4s
  31   5.75644754e+00  5.75644830e+00  6.18e-16 2.84e-14  1.53e-12     4s
  32   5.75644808e+00  5.75644811e+00  8.80e-16 2.84e-14  5.36e-14     4s
  33   5.75644810e+00  5.75644810e+00  3.74e-15 1.42e-14  1.50e-14     4s
  34   5.75644810e+00  5.75644810e+00  6.72e-16 2.13e-14  1.75e-15     4s
  35   5.75644810e+00  5.75644810e+00  4.35e-16 2.13e-14  7.09e-16     4s
  36   5.75644810e+00  5.75644810e+00  3.51e-16 1.42e-14  4.60e-16     4s
  37   5.75644810e+00  5.75644810e+00  4.66e-16 1.42e-14  2.02e-16     5s
  38   5.75644810e+00  5.75644810e+00  3.56e-16 1.42e-14  1.42e-16     5s
  39   5.75644810e+00  5.75644810e+00  3.71e-16 1.42e-14  7.61e-17     5s

Barrier solved model in 39 iterations and 4.74 seconds (4.27 work units)
Optimal objective 5.75644810e+00

objective value: 5.756448101436379
Done! Time elapsed: 27.33087968826294 seconds.
g_0_1: 1.057160606222657
g_1_1: 1.0308543804726102
g_1_2: 1.0926254862638292
g_2_1: 1.0519887444412774
g_2_2: 1.1630553524157248
g_2_3: 1.052187377854653
g_2_4: 1.1638154174960227
Parameters from last iteration: [0.18437619 0.72961356 0.19071466 0.7449278  0.20334314 0.7450208
 0.20342872]

Parameters from current iteration:
                [0.18394595 0.72881405 0.19011683 0.74375604 0.20237163 0.74389648
 0.20250388]


                Percentage Error = 0.004777699957936055
                
year done: 5
Time 6: 2
Optimization Iteration[1/20000]

Solving the optimization problem...
Set parameter TokenServer to value "licenses.rcc.uchicago.edu"
Read LP format model from file /scratch/local/jobs/50183995/tmpftr69l1u.pyomo.lp
Reading time = 1.37 seconds
x1: 258121 rows, 502401 columns, 1259970 nonzeros
Set parameter Threads to value 8
Set parameter BarConvTol to value 1e-12
Gurobi Optimizer version 11.0.0 build v11.0.0rc2 (linux64 - "CentOS Linux 8")

CPU model: Intel(R) Xeon(R) Gold 6248R CPU @ 3.00GHz, instruction set [SSE2|AVX|AVX2|AVX512]
Thread count: 48 physical cores, 48 logical processors, using up to 8 threads

Optimize a model with 258121 rows, 502401 columns and 1259970 nonzeros
Model fingerprint: 0x13b993dc
Model has 3166 quadratic objective terms
Coefficient statistics:
  Matrix range     [1e+00, 1e+03]
  Objective range  [6e-08, 6e+01]
  QObjective range [4e-01, 3e+03]
  Bounds range     [3e-04, 1e+00]
  RHS range        [3e-17, 5e+00]
Presolve removed 131482 rows and 128814 columns
Presolve time: 0.60s
Presolved: 126639 rows, 373587 columns, 743930 nonzeros
Presolved model has 3166 quadratic objective terms
Ordering time: 0.16s

Barrier statistics:
 AA' NZ     : 3.709e+05
 Factor NZ  : 4.212e+06 (roughly 240 MB of memory)
 Factor Ops : 3.974e+08 (less than 1 second per iteration)
 Threads    : 8

                  Objective                Residual
Iter       Primal          Dual         Primal    Dual     Compl     Time
   0  -1.08406761e+09  8.64404752e+08  7.80e+04 1.13e-13  1.00e+06     1s
   1  -6.15076938e+08  5.68481021e+08  1.67e+04 1.43e+02  2.35e+05     1s
   2  -3.08344904e+08  3.08353492e+08  2.20e+02 1.09e+00  4.37e+03     1s
   3  -7.20848308e+07  7.27475944e+07  1.88e+00 1.43e-12  3.14e+02     1s
   4  -1.37337441e+07  1.44166486e+07  1.59e-01 3.76e-12  5.82e+01     1s
   5  -2.50867048e+06  2.78068161e+06  1.20e-02 1.37e-12  1.07e+01     2s
   6  -3.65640281e+05  4.19802808e+05  1.20e-08 1.16e-12  1.58e+00     2s
   7  -5.47256080e+04  6.87674573e+04  1.56e-13 6.34e-13  2.48e-01     2s
   8  -8.24548402e+03  9.85675195e+03  3.87e-14 1.94e-13  3.64e-02     2s
   9  -1.31490195e+03  1.61784064e+03  1.75e-14 2.84e-14  5.90e-03     2s
  10  -2.16929707e+02  2.14604267e+02  6.63e-15 4.26e-14  8.68e-04     2s
  11  -3.69963229e+01  4.35128601e+01  2.63e-15 1.42e-14  1.62e-04     2s
  12  -1.16097399e+01  2.25180586e+01  1.07e-15 1.42e-14  6.87e-05     2s
  13   1.24109973e+00  8.14722424e+00  4.94e-16 2.84e-14  1.39e-05     3s
  14   3.77972632e+00  6.61885246e+00  1.45e-16 1.42e-14  5.71e-06     3s
  15   4.67514202e+00  6.10755906e+00  1.49e-16 1.42e-14  2.88e-06     3s
  16   4.99817636e+00  5.95495078e+00  1.21e-16 1.42e-14  1.92e-06     3s
  17   5.32310025e+00  5.80665548e+00  9.25e-17 1.42e-14  9.73e-07     3s
  18   5.42711316e+00  5.76579408e+00  1.59e-16 1.42e-14  6.81e-07     3s
  19   5.56135710e+00  5.71064672e+00  1.33e-16 1.42e-14  3.00e-07     3s
  20   5.61919557e+00  5.68642678e+00  2.01e-16 1.42e-14  1.35e-07     3s
  21   5.63140847e+00  5.68158420e+00  1.63e-16 2.84e-14  1.01e-07     3s
  22   5.65537149e+00  5.67240066e+00  1.95e-16 2.13e-14  3.43e-08     3s
  23   5.65636103e+00  5.67202208e+00  1.78e-16 2.13e-14  3.15e-08     3s
  24   5.66312214e+00  5.66948107e+00  4.22e-16 1.42e-14  1.28e-08     3s
  25   5.66588488e+00  5.66846181e+00  7.93e-16 1.42e-14  5.18e-09     4s
  26   5.66731301e+00  5.66793881e+00  7.67e-16 1.42e-14  1.26e-09     4s
  27   5.66770626e+00  5.66779699e+00  3.44e-15 1.42e-14  1.83e-10     4s
  28   5.66775706e+00  5.66777872e+00  7.68e-16 1.42e-14  4.36e-11     4s
  29   5.66777163e+00  5.66777348e+00  1.57e-15 2.84e-14  3.72e-12     4s
  30   5.66777297e+00  5.66777300e+00  3.47e-15 2.13e-14  5.65e-14     4s
  31   5.66777298e+00  5.66777299e+00  6.90e-15 1.42e-14  2.12e-14     4s
  32   5.66777299e+00  5.66777299e+00  4.93e-15 2.84e-14  4.78e-15     4s
  33   5.66777299e+00  5.66777299e+00  8.57e-15 2.13e-14  1.63e-15     4s
  34   5.66777299e+00  5.66777299e+00  7.91e-15 2.84e-14  1.54e-15     4s
  35   5.66777299e+00  5.66777299e+00  4.13e-15 1.87e-14  7.97e-16     4s
  36   5.66777299e+00  5.66777299e+00  3.34e-15 1.42e-14  5.01e-16     4s
  37   5.66777299e+00  5.66777299e+00  2.38e-15 1.42e-14  2.15e-16     5s
  38   5.66777299e+00  5.66777299e+00  2.28e-15 1.42e-14  1.33e-16     5s
  39   5.66777299e+00  5.66777299e+00  1.39e-15 1.42e-14  7.76e-17     5s

Barrier solved model in 39 iterations and 4.74 seconds (4.38 work units)
Optimal objective 5.66777299e+00

objective value: 5.667772989937158
Done! Time elapsed: 25.669222593307495 seconds.
g_0_1: 1.0548654307329983
g_1_1: 1.0298706841671854
g_1_2: 1.0894915509220606
g_2_1: 1.0505362473435758
g_2_2: 1.1580617886348357
g_2_3: 1.0507288074278682
g_2_4: 1.1588621722947003
Parameters from last iteration: [0.18394595 0.72881405 0.19011683 0.74375604 0.20237163 0.74389648
 0.20250388]

Parameters from current iteration:
                [0.18354658 0.72811857 0.18957153 0.74272913 0.20150275 0.74286527
 0.20164202]


                Percentage Error = 0.004293487640564429
                
year done: 6
Time 7: 2
Optimization Iteration[1/20000]

Solving the optimization problem...
Set parameter TokenServer to value "licenses.rcc.uchicago.edu"
Read LP format model from file /scratch/local/jobs/50183995/tmp_008ts04.pyomo.lp
Reading time = 1.37 seconds
x1: 258121 rows, 502401 columns, 1259970 nonzeros
Set parameter Threads to value 8
Set parameter BarConvTol to value 1e-12
Gurobi Optimizer version 11.0.0 build v11.0.0rc2 (linux64 - "CentOS Linux 8")

CPU model: Intel(R) Xeon(R) Gold 6248R CPU @ 3.00GHz, instruction set [SSE2|AVX|AVX2|AVX512]
Thread count: 48 physical cores, 48 logical processors, using up to 8 threads

Optimize a model with 258121 rows, 502401 columns and 1259970 nonzeros
Model fingerprint: 0xb53b9cd5
Model has 3166 quadratic objective terms
Coefficient statistics:
  Matrix range     [1e+00, 1e+03]
  Objective range  [6e-08, 6e+01]
  QObjective range [4e-01, 3e+03]
  Bounds range     [3e-04, 1e+00]
  RHS range        [4e-17, 5e+00]
Presolve removed 131482 rows and 128814 columns
Presolve time: 0.56s
Presolved: 126639 rows, 373587 columns, 743930 nonzeros
Presolved model has 3166 quadratic objective terms
Ordering time: 0.16s

Barrier statistics:
 AA' NZ     : 3.709e+05
 Factor NZ  : 4.212e+06 (roughly 240 MB of memory)
 Factor Ops : 3.974e+08 (less than 1 second per iteration)
 Threads    : 8

                  Objective                Residual
Iter       Primal          Dual         Primal    Dual     Compl     Time
   0  -1.08347232e+09  8.63810580e+08  7.80e+04 1.13e-13  1.00e+06     1s
   1  -6.15552434e+08  5.68824601e+08  1.68e+04 1.38e+02  2.35e+05     1s
   2  -3.07587636e+08  3.07594377e+08  2.21e+02 1.09e+00  4.36e+03     1s
   3  -7.19255793e+07  7.25869336e+07  1.88e+00 1.70e-12  3.13e+02     1s
   4  -1.37042799e+07  1.43857349e+07  1.59e-01 4.75e-12  5.81e+01     1s
   5  -2.50324437e+06  2.77463916e+06  1.20e-02 1.45e-12  1.07e+01     1s
   6  -3.64871559e+05  4.19011483e+05  1.20e-08 1.41e-12  1.58e+00     2s
   7  -5.46117656e+04  6.86245514e+04  1.49e-13 6.79e-13  2.48e-01     2s
   8  -8.22950360e+03  9.83999634e+03  3.97e-14 2.05e-13  3.64e-02     2s
   9  -1.31278291e+03  1.61545256e+03  1.60e-14 3.29e-14  5.89e-03     2s
  10  -2.10954463e+02  2.08383991e+02  4.83e-15 2.13e-14  8.44e-04     2s
  11  -3.72731022e+01  4.53774627e+01  2.44e-15 1.69e-14  1.66e-04     2s
  12  -9.18017827e+00  1.64420147e+01  8.87e-16 1.60e-14  5.15e-05     2s
  13   8.06508324e-01  8.05597367e+00  5.12e-16 1.42e-14  1.46e-05     2s
  14   3.06069674e+00  6.81854285e+00  2.32e-16 1.42e-14  7.56e-06     3s
  15   4.33556799e+00  6.24502124e+00  1.02e-16 2.84e-14  3.84e-06     3s
  16   4.90144494e+00  5.88902300e+00  1.23e-16 1.42e-14  1.99e-06     3s
  17   5.24582930e+00  5.69776995e+00  8.93e-17 2.84e-14  9.09e-07     3s
  18   5.41593776e+00  5.61233020e+00  1.47e-16 1.42e-14  3.95e-07     3s
  19   5.47832299e+00  5.58438721e+00  3.03e-16 1.42e-14  2.13e-07     3s
  20   5.51284255e+00  5.56999939e+00  1.10e-16 1.42e-14  1.15e-07     3s
  21   5.53413596e+00  5.56154542e+00  3.97e-16 1.42e-14  5.51e-08     3s
  22   5.54469910e+00  5.55758962e+00  5.32e-16 1.42e-14  2.59e-08     3s
  23   5.54841311e+00  5.55619625e+00  4.32e-16 1.42e-14  1.57e-08     3s
  24   5.55253748e+00  5.55468308e+00  3.29e-16 2.13e-14  4.32e-09     3s
  25   5.55353115e+00  5.55432069e+00  5.16e-16 1.42e-14  1.59e-09     4s
  26   5.55404675e+00  5.55413631e+00  7.71e-16 1.42e-14  1.80e-10     4s
  27   5.55410208e+00  5.55411654e+00  7.71e-16 1.42e-14  2.91e-11     4s
  28   5.55411246e+00  5.55411284e+00  4.64e-16 2.13e-14  7.58e-13     4s
  29   5.55411272e+00  5.55411274e+00  4.60e-15 2.84e-14  5.08e-14     4s
  30   5.55411273e+00  5.55411274e+00  2.41e-14 1.42e-14  1.80e-14     4s
  31   5.55411274e+00  5.55411274e+00  7.89e-15 1.42e-14  4.17e-15     4s
  32   5.55411274e+00  5.55411274e+00  4.78e-15 1.42e-14  1.63e-15     4s
  33   5.55411274e+00  5.55411274e+00  4.15e-15 1.42e-14  1.21e-15     4s
  34   5.55411274e+00  5.55411274e+00  2.23e-15 1.42e-14  5.89e-16     4s
  35   5.55411274e+00  5.55411274e+00  2.00e-15 1.47e-14  4.33e-16     4s
  36   5.55411274e+00  5.55411274e+00  3.74e-15 1.42e-14  1.89e-16     4s
  37   5.55411274e+00  5.55411274e+00  3.04e-15 1.42e-14  1.71e-16     4s
  38   5.55411274e+00  5.55411274e+00  9.20e-16 1.42e-14  9.18e-17     5s

Barrier solved model in 38 iterations and 4.58 seconds (4.29 work units)
Optimal objective 5.55411274e+00

objective value: 5.554112737995523
Done! Time elapsed: 25.720442533493042 seconds.
g_0_1: 1.052828782493008
g_1_1: 1.0289626992348784
g_1_2: 1.0867094630996785
g_2_1: 1.0492183797798882
g_2_2: 1.153710929033575
g_2_3: 1.0494324546053047
g_2_4: 1.154498899758235
Parameters from last iteration: [0.18354658 0.72811857 0.18957153 0.74272913 0.20150275 0.74286527
 0.20164202]

Parameters from current iteration:
                [0.18319221 0.72747663 0.18908745 0.74179739 0.2007457  0.74194875
 0.20088281]


                Percentage Error = 0.0037651350098221645
                
year done: 7
Time 8: 2
Optimization Iteration[1/20000]

Solving the optimization problem...
Set parameter TokenServer to value "licenses.rcc.uchicago.edu"
Read LP format model from file /scratch/local/jobs/50183995/tmp_k9utvu5.pyomo.lp
Reading time = 1.36 seconds
x1: 258121 rows, 502401 columns, 1259970 nonzeros
Set parameter Threads to value 8
Set parameter BarConvTol to value 1e-12
Gurobi Optimizer version 11.0.0 build v11.0.0rc2 (linux64 - "CentOS Linux 8")

CPU model: Intel(R) Xeon(R) Gold 6248R CPU @ 3.00GHz, instruction set [SSE2|AVX|AVX2|AVX512]
Thread count: 48 physical cores, 48 logical processors, using up to 8 threads

Optimize a model with 258121 rows, 502401 columns and 1259970 nonzeros
Model fingerprint: 0x24f31278
Model has 3166 quadratic objective terms
Coefficient statistics:
  Matrix range     [1e+00, 1e+03]
  Objective range  [6e-08, 6e+01]
  QObjective range [4e-01, 3e+03]
  Bounds range     [3e-04, 1e+00]
  RHS range        [4e-17, 5e+00]
Presolve removed 131482 rows and 128814 columns
Presolve time: 0.55s
Presolved: 126639 rows, 373587 columns, 743930 nonzeros
Presolved model has 3166 quadratic objective terms
Ordering time: 0.16s

Barrier statistics:
 AA' NZ     : 3.709e+05
 Factor NZ  : 4.212e+06 (roughly 240 MB of memory)
 Factor Ops : 3.974e+08 (less than 1 second per iteration)
 Threads    : 8

                  Objective                Residual
Iter       Primal          Dual         Primal    Dual     Compl     Time
   0  -1.08375215e+09  8.64091404e+08  7.80e+04 1.13e-13  1.00e+06     1s
   1  -6.16071068e+08  5.69189122e+08  1.68e+04 1.39e+02  2.36e+05     1s
   2  -3.08281981e+08  3.08286195e+08  2.21e+02 1.09e+00  4.38e+03     1s
   3  -7.21404278e+07  7.28019631e+07  1.89e+00 1.45e-12  3.14e+02     1s
   4  -1.37434830e+07  1.44254733e+07  1.59e-01 4.57e-12  5.82e+01     1s
   5  -2.51144994e+06  2.78355204e+06  1.21e-02 1.24e-12  1.07e+01     1s
   6  -3.66057486e+05  4.20325161e+05  1.21e-08 3.05e-12  1.58e+00     2s
   7  -5.47882208e+04  6.88442586e+04  1.36e-13 5.71e-13  2.49e-01     2s
   8  -8.25604261e+03  9.87172912e+03  4.67e-14 1.64e-13  3.65e-02     2s
   9  -1.31721260e+03  1.62130480e+03  1.60e-14 4.26e-14  5.91e-03     2s
  10  -2.11772349e+02  2.08887301e+02  7.28e-15 2.84e-14  8.46e-04     2s
  11  -3.82190881e+01  3.63317718e+01  2.70e-15 2.84e-14  1.50e-04     2s
  12  -9.16249583e+00  1.80187797e+01  9.43e-16 2.84e-14  5.47e-05     2s
  13   2.51341255e-01  9.23102147e+00  3.00e-16 1.42e-14  1.81e-05     2s
  14   2.20051199e+00  7.77372460e+00  2.18e-16 2.84e-14  1.12e-05     3s
  15   4.26118883e+00  6.11764780e+00  8.41e-17 1.42e-14  3.73e-06     3s
  16   4.96114230e+00  5.64753199e+00  1.01e-16 1.42e-14  1.38e-06     3s
  17   5.14959498e+00  5.55120397e+00  1.06e-16 1.42e-14  8.08e-07     3s
  18   5.27654600e+00  5.49201189e+00  1.39e-16 1.42e-14  4.33e-07     3s
  19   5.33087726e+00  5.46846795e+00  1.18e-16 1.42e-14  2.77e-07     3s
  20   5.38003152e+00  5.44782402e+00  2.38e-16 1.42e-14  1.36e-07     3s
  21   5.39077571e+00  5.44354714e+00  1.61e-16 1.42e-14  1.06e-07     3s
  22   5.41374829e+00  5.43467555e+00  1.08e-16 1.42e-14  4.21e-08     3s
  23   5.42137449e+00  5.43175889e+00  2.97e-16 1.42e-14  2.09e-08     3s
  24   5.42600780e+00  5.43004896e+00  6.66e-16 2.84e-14  8.13e-09     3s
  25   5.42831259e+00  5.42920453e+00  7.09e-16 2.84e-14  1.79e-09     3s
  26   5.42881228e+00  5.42902567e+00  5.07e-16 1.47e-14  4.29e-10     4s
  27   5.42894982e+00  5.42897657e+00  7.82e-16 1.42e-14  5.38e-11     4s
  28   5.42896903e+00  5.42896972e+00  7.50e-16 2.84e-14  1.39e-12     4s
  29   5.42896952e+00  5.42896954e+00  1.32e-15 2.13e-14  4.61e-14     4s
  30   5.42896953e+00  5.42896954e+00  6.14e-15 1.42e-14  1.81e-14     4s
  31   5.42896953e+00  5.42896954e+00  2.96e-15 1.42e-14  4.06e-15     4s
  32   5.42896953e+00  5.42896954e+00  2.14e-15 1.42e-14  1.23e-15     4s
  33   5.42896953e+00  5.42896954e+00  1.51e-15 1.42e-14  8.06e-16     4s
  34   5.42896953e+00  5.42896954e+00  1.25e-15 1.42e-14  4.08e-16     4s
  35   5.42896953e+00  5.42896954e+00  8.26e-16 1.42e-14  2.65e-16     4s
  36   5.42896953e+00  5.42896954e+00  5.88e-16 2.84e-14  1.36e-16     4s
  37   5.42896953e+00  5.42896954e+00  5.05e-16 1.42e-14  1.10e-16     4s
  38   5.42896953e+00  5.42896954e+00  3.40e-16 1.42e-14  6.64e-17     5s

Barrier solved model in 38 iterations and 4.55 seconds (4.27 work units)
Optimal objective 5.42896953e+00

objective value: 5.428969534990157
Done! Time elapsed: 25.783438682556152 seconds.
g_0_1: 1.050974171637955
g_1_1: 1.0281477476779621
g_1_2: 1.0841952158561727
g_2_1: 1.0481357143241916
g_2_2: 1.1499627481533188
g_2_3: 1.0483676421464672
g_2_4: 1.150720685346816
Parameters from last iteration: [0.18319221 0.72747663 0.18908745 0.74179739 0.2007457  0.74194875
 0.20088281]

Parameters from current iteration:
                [0.18286951 0.72690046 0.18864997 0.74103195 0.20009352 0.74119592
 0.2002254 ]


                Percentage Error = 0.0032726011364846803
                
year done: 8
Time 9: 2
Optimization Iteration[1/20000]

Solving the optimization problem...
Set parameter TokenServer to value "licenses.rcc.uchicago.edu"
Read LP format model from file /scratch/local/jobs/50183995/tmpwob7s9kk.pyomo.lp
Reading time = 1.35 seconds
x1: 258121 rows, 502401 columns, 1259970 nonzeros
Set parameter Threads to value 8
Set parameter BarConvTol to value 1e-12
Gurobi Optimizer version 11.0.0 build v11.0.0rc2 (linux64 - "CentOS Linux 8")

CPU model: Intel(R) Xeon(R) Gold 6248R CPU @ 3.00GHz, instruction set [SSE2|AVX|AVX2|AVX512]
Thread count: 48 physical cores, 48 logical processors, using up to 8 threads

Optimize a model with 258121 rows, 502401 columns and 1259970 nonzeros
Model fingerprint: 0xa3b33592
Model has 3166 quadratic objective terms
Coefficient statistics:
  Matrix range     [1e+00, 1e+03]
  Objective range  [6e-08, 6e+01]
  QObjective range [4e-01, 3e+03]
  Bounds range     [3e-04, 1e+00]
  RHS range        [4e-17, 5e+00]
Presolve removed 131482 rows and 128814 columns
Presolve time: 0.55s
Presolved: 126639 rows, 373587 columns, 743930 nonzeros
Presolved model has 3166 quadratic objective terms
Ordering time: 0.16s

Barrier statistics:
 AA' NZ     : 3.709e+05
 Factor NZ  : 4.212e+06 (roughly 240 MB of memory)
 Factor Ops : 3.974e+08 (less than 1 second per iteration)
 Threads    : 8

                  Objective                Residual
Iter       Primal          Dual         Primal    Dual     Compl     Time
   0  -1.08445675e+09  8.64796872e+08  7.80e+04 1.14e-13  1.00e+06     1s
   1  -6.16701157e+08  5.69685268e+08  1.69e+04 1.39e+02  2.37e+05     1s
   2  -3.08931505e+08  3.08933352e+08  2.22e+02 1.09e+00  4.40e+03     1s
   3  -7.23388187e+07  7.30005151e+07  1.89e+00 1.60e-12  3.15e+02     1s
   4  -1.37812086e+07  1.44636978e+07  1.60e-01 3.80e-12  5.84e+01     1s
   5  -2.51931685e+06  2.79208517e+06  1.21e-02 1.26e-12  1.07e+01     1s
   6  -3.67201932e+05  4.21628073e+05  1.21e-08 1.01e-12  1.59e+00     2s
   7  -5.49606390e+04  6.90693957e+04  1.25e-13 7.39e-13  2.50e-01     2s
   8  -8.28234986e+03  9.90508537e+03  4.16e-14 1.99e-13  3.66e-02     2s
   9  -1.32158292e+03  1.62695704e+03  1.55e-14 4.26e-14  5.93e-03     2s
  10  -2.12603888e+02  2.09420978e+02  5.62e-15 2.84e-14  8.49e-04     2s
  11  -3.47322216e+01  3.80224027e+01  2.35e-15 2.13e-14  1.46e-04     2s
  12  -9.42231881e+00  1.83174123e+01  1.17e-15 2.84e-14  5.58e-05     2s
  13   2.12250354e-01  8.12949244e+00  6.01e-16 1.42e-14  1.59e-05     2s
  14   3.37084071e+00  6.24357027e+00  1.81e-16 2.84e-14  5.78e-06     3s
  15   4.23983103e+00  5.79474157e+00  1.48e-16 1.42e-14  3.13e-06     3s
  16   4.55018795e+00  5.65460747e+00  7.95e-17 1.42e-14  2.22e-06     3s
  17   4.82670339e+00  5.51093383e+00  9.89e-17 1.42e-14  1.38e-06     3s
  18   4.99714755e+00  5.42779219e+00  7.81e-17 1.42e-14  8.66e-07     3s
  19   5.16994523e+00  5.34440606e+00  8.93e-17 1.42e-14  3.51e-07     3s
  20   5.19897226e+00  5.33124254e+00  9.04e-17 1.42e-14  2.66e-07     3s
  21   5.24222653e+00  5.31206763e+00  1.77e-16 1.42e-14  1.41e-07     3s
  22   5.27887056e+00  5.29790895e+00  2.50e-16 2.84e-14  3.83e-08     3s
  23   5.28647024e+00  5.29503361e+00  2.26e-16 2.84e-14  1.72e-08     3s
  24   5.29032257e+00  5.29362496e+00  2.62e-16 1.42e-14  6.64e-09     3s
  25   5.29203898e+00  5.29300294e+00  4.30e-16 1.42e-14  1.94e-09     4s
  26   5.29264810e+00  5.29278470e+00  4.59e-16 2.84e-14  2.75e-10     4s
  27   5.29273877e+00  5.29275228e+00  1.86e-15 2.13e-14  2.72e-11     4s
  28   5.29274855e+00  5.29274879e+00  4.75e-15 1.42e-14  4.69e-13     4s
  29   5.29274871e+00  5.29274873e+00  1.28e-14 1.42e-14  3.61e-14     4s
  30   5.29274872e+00  5.29274873e+00  3.27e-14 2.13e-14  1.05e-14     4s
  31   5.29274872e+00  5.29274873e+00  4.28e-15 1.42e-14  2.54e-15     4s
  32   5.29274872e+00  5.29274873e+00  3.92e-15 1.42e-14  7.65e-16     4s
  33   5.29274872e+00  5.29274872e+00  3.87e-15 1.42e-14  4.14e-16     4s
  34   5.29274872e+00  5.29274872e+00  2.74e-15 1.42e-14  3.25e-16     4s
  35   5.29274872e+00  5.29274872e+00  1.94e-15 1.42e-14  1.57e-16     4s
  36   5.29274872e+00  5.29274872e+00  1.55e-15 1.42e-14  9.45e-17     4s

Barrier solved model in 36 iterations and 4.44 seconds (4.16 work units)
Optimal objective 5.29274872e+00

objective value: 5.292748724874344
Done! Time elapsed: 25.59197735786438 seconds.
g_0_1: 1.0492349869334492
g_1_1: 1.0274602151667953
g_1_2: 1.0819897593226762
g_2_1: 1.0472251672634636
g_2_2: 1.1468281306138925
g_2_3: 1.047428761122379
g_2_4: 1.1474869705539867
Parameters from last iteration: [0.18286951 0.72690046 0.18864997 0.74103195 0.20009352 0.74119592
 0.2002254 ]

Parameters from current iteration:
                [0.18256689 0.72641437 0.18826622 0.74038819 0.19954809 0.74053213
 0.19966273]


                Percentage Error = 0.002810164824537379
                
year done: 9
Time 10: 2
Optimization Iteration[1/20000]

Solving the optimization problem...
Set parameter TokenServer to value "licenses.rcc.uchicago.edu"
Read LP format model from file /scratch/local/jobs/50183995/tmp8g19qwcu.pyomo.lp
Reading time = 1.34 seconds
x1: 258121 rows, 502401 columns, 1259970 nonzeros
Set parameter Threads to value 8
Set parameter BarConvTol to value 1e-12
Gurobi Optimizer version 11.0.0 build v11.0.0rc2 (linux64 - "CentOS Linux 8")

CPU model: Intel(R) Xeon(R) Gold 6248R CPU @ 3.00GHz, instruction set [SSE2|AVX|AVX2|AVX512]
Thread count: 48 physical cores, 48 logical processors, using up to 8 threads

Optimize a model with 258121 rows, 502401 columns and 1259970 nonzeros
Model fingerprint: 0xddfb746b
Model has 3166 quadratic objective terms
Coefficient statistics:
  Matrix range     [1e+00, 1e+03]
  Objective range  [6e-08, 6e+01]
  QObjective range [4e-01, 3e+03]
  Bounds range     [3e-04, 1e+00]
  RHS range        [4e-17, 5e+00]
Presolve removed 131482 rows and 128814 columns
Presolve time: 0.55s
Presolved: 126639 rows, 373587 columns, 743930 nonzeros
Presolved model has 3166 quadratic objective terms
Ordering time: 0.16s

Barrier statistics:
 AA' NZ     : 3.709e+05
 Factor NZ  : 4.212e+06 (roughly 240 MB of memory)
 Factor Ops : 3.974e+08 (less than 1 second per iteration)
 Threads    : 8

                  Objective                Residual
Iter       Primal          Dual         Primal    Dual     Compl     Time
   0  -1.08446626e+09  8.64807124e+08  7.80e+04 1.13e-13  1.00e+06     1s
   1  -6.17044283e+08  5.69908311e+08  1.69e+04 1.40e+02  2.37e+05     1s
   2  -3.09500276e+08  3.09499832e+08  2.23e+02 1.10e+00  4.41e+03     1s
   3  -7.25224228e+07  7.31842617e+07  1.90e+00 1.69e-12  3.16e+02     1s
   4  -1.38161004e+07  1.44990479e+07  1.60e-01 4.73e-12  5.85e+01     1s
   5  -2.52659690e+06  2.79998205e+06  1.22e-02 1.43e-12  1.08e+01     2s
   6  -3.68264768e+05  4.22855174e+05  1.22e-08 8.88e-13  1.59e+00     2s
   7  -5.51217008e+04  6.92841402e+04  1.41e-13 7.44e-13  2.50e-01     2s
   8  -8.30708646e+03  9.93718660e+03  4.07e-14 2.16e-13  3.67e-02     2s
   9  -1.32567933e+03  1.63214934e+03  1.51e-14 4.26e-14  5.95e-03     2s
  10  -2.13399427e+02  2.09929179e+02  6.98e-15 2.84e-14  8.52e-04     2s
  11  -3.47093122e+01  3.77274404e+01  2.14e-15 2.13e-14  1.46e-04     2s
  12  -9.29467191e+00  1.77386572e+01  7.32e-16 1.42e-14  5.44e-05     2s
  13   2.18723716e-01  7.84990226e+00  5.11e-16 1.42e-14  1.54e-05     2s
  14   3.41895690e+00  5.98959198e+00  1.55e-16 2.13e-14  5.17e-06     3s
  15   4.46115040e+00  5.43038502e+00  1.08e-16 1.42e-14  1.95e-06     3s
  16   4.87155693e+00  5.25766832e+00  1.22e-16 1.42e-14  7.77e-07     3s
  17   4.99301406e+00  5.20982264e+00  8.52e-17 1.42e-14  4.36e-07     3s
  18   5.05568129e+00  5.18565853e+00  3.95e-16 1.42e-14  2.61e-07     3s
  19   5.10713807e+00  5.16616610e+00  2.22e-16 1.42e-14  1.19e-07     3s
  20   5.13059492e+00  5.15753062e+00  4.38e-16 1.42e-14  5.42e-08     3s
  21   5.14112622e+00  5.15370743e+00  2.98e-16 1.42e-14  2.53e-08     3s
  22   5.14270791e+00  5.15313674e+00  2.11e-16 1.42e-14  2.10e-08     3s
  23   5.14801126e+00  5.15123124e+00  7.31e-16 1.42e-14  6.48e-09     3s
  24   5.14898196e+00  5.15088218e+00  1.27e-15 1.42e-14  3.82e-09     3s
  25   5.15021215e+00  5.15044242e+00  1.66e-15 1.42e-14  4.63e-10     4s
  26   5.15034590e+00  5.15039465e+00  4.42e-16 2.84e-14  9.81e-11     4s
  27   5.15037905e+00  5.15038283e+00  5.06e-16 2.84e-14  7.62e-12     4s
  28   5.15038179e+00  5.15038185e+00  1.18e-15 2.13e-14  1.31e-13     4s
  29   5.15038183e+00  5.15038184e+00  4.65e-15 1.42e-14  2.67e-14     4s
  30   5.15038183e+00  5.15038184e+00  6.18e-15 1.42e-14  7.06e-15     4s
  31   5.15038184e+00  5.15038184e+00  5.33e-15 1.07e-14  1.80e-15     4s
  32   5.15038184e+00  5.15038184e+00  2.64e-15 1.42e-14  9.02e-16     4s
  33   5.15038184e+00  5.15038184e+00  2.54e-15 1.42e-14  7.49e-16     4s
  34   5.15038184e+00  5.15038184e+00  2.46e-15 7.55e-15  3.64e-16     4s
  35   5.15038184e+00  5.15038184e+00  1.27e-15 1.42e-14  2.41e-16     4s
  36   5.15038184e+00  5.15038184e+00  1.42e-15 1.42e-14  1.21e-16     5s
  37   5.15038184e+00  5.15038184e+00  9.22e-16 1.42e-14  9.80e-17     5s

Barrier solved model in 37 iterations and 4.59 seconds (4.24 work units)
Optimal objective 5.15038184e+00

objective value: 5.150381837321853
Done! Time elapsed: 27.072404384613037 seconds.
g_0_1: 1.047681797530886
g_1_1: 1.026854503836836
g_1_2: 1.080069472071326
g_2_1: 1.046434650901624
g_2_2: 1.1440920556170928
g_2_3: 1.0466273910047543
g_2_4: 1.1448027086582375
Parameters from last iteration: [0.18256689 0.72641437 0.18826622 0.74038819 0.19954809 0.74053213
 0.19966273]

Parameters from current iteration:
                [0.18229663 0.72598613 0.18793209 0.7398293  0.19907202 0.73996557
 0.19919567]


                Percentage Error = 0.002385775970925284
                
year done: 10
Time 11: 2
Optimization Iteration[1/20000]

Solving the optimization problem...
Set parameter TokenServer to value "licenses.rcc.uchicago.edu"
Read LP format model from file /scratch/local/jobs/50183995/tmpkuhno39y.pyomo.lp
Reading time = 1.34 seconds
x1: 258121 rows, 502401 columns, 1259970 nonzeros
Set parameter Threads to value 8
Set parameter BarConvTol to value 1e-12
Gurobi Optimizer version 11.0.0 build v11.0.0rc2 (linux64 - "CentOS Linux 8")

CPU model: Intel(R) Xeon(R) Gold 6248R CPU @ 3.00GHz, instruction set [SSE2|AVX|AVX2|AVX512]
Thread count: 48 physical cores, 48 logical processors, using up to 8 threads

Optimize a model with 258121 rows, 502401 columns and 1259970 nonzeros
Model fingerprint: 0xca0055f0
Model has 3166 quadratic objective terms
Coefficient statistics:
  Matrix range     [1e+00, 1e+03]
  Objective range  [6e-08, 6e+01]
  QObjective range [4e-01, 3e+03]
  Bounds range     [3e-04, 1e+00]
  RHS range        [4e-17, 5e+00]
Presolve removed 131482 rows and 128814 columns
Presolve time: 0.56s
Presolved: 126639 rows, 373587 columns, 743930 nonzeros
Presolved model has 3166 quadratic objective terms
Ordering time: 0.16s

Barrier statistics:
 AA' NZ     : 3.709e+05
 Factor NZ  : 4.212e+06 (roughly 240 MB of memory)
 Factor Ops : 3.974e+08 (less than 1 second per iteration)
 Threads    : 8

                  Objective                Residual
Iter       Primal          Dual         Primal    Dual     Compl     Time
   0  -1.08343688e+09  8.63778375e+08  7.80e+04 1.14e-13  1.00e+06     1s
   1  -6.17065667e+08  5.69823591e+08  1.69e+04 1.40e+02  2.38e+05     1s
   2  -3.09986062e+08  3.09983548e+08  2.24e+02 1.10e+00  4.43e+03     1s
   3  -7.26843536e+07  7.33463198e+07  1.90e+00 1.43e-12  3.17e+02     1s
   4  -1.38487352e+07  1.45321256e+07  1.61e-01 4.06e-12  5.87e+01     1s
   5  -2.53333413e+06  2.80730133e+06  1.22e-02 1.24e-12  1.08e+01     2s
   6  -3.69234042e+05  4.23909438e+05  1.22e-08 2.34e-12  1.60e+00     2s
   7  -5.52648762e+04  6.94577196e+04  9.81e-14 6.43e-13  2.51e-01     2s
   8  -8.32869120e+03  9.96343101e+03  6.94e-14 1.76e-13  3.68e-02     2s
   9  -1.32922470e+03  1.63646085e+03  1.97e-14 4.26e-14  5.97e-03     2s
  10  -2.14091046e+02  2.10341764e+02  7.20e-15 2.84e-14  8.54e-04     2s
  11  -3.95170868e+01  3.65374756e+01  2.61e-15 1.42e-14  1.53e-04     2s
  12  -7.90407064e+00  1.83627879e+01  8.00e-16 5.86e-14  5.28e-05     2s
  13   9.07008137e-01  8.11047051e+00  4.11e-16 2.13e-14  1.45e-05     2s
  14   2.92327584e+00  6.38713615e+00  1.54e-16 2.13e-14  6.97e-06     3s
  15   4.37827780e+00  5.31757308e+00  8.33e-17 2.84e-14  1.89e-06     3s
  16   4.72205818e+00  5.13815436e+00  1.23e-16 1.42e-14  8.37e-07     3s
  17   4.87845916e+00  5.06102641e+00  1.28e-16 1.42e-14  3.67e-07     3s
  18   4.92110392e+00  5.04211308e+00  7.29e-17 1.42e-14  2.43e-07     3s
  19   4.96453597e+00  5.02432124e+00  1.15e-16 2.13e-14  1.20e-07     3s
  20   4.98755763e+00  5.01507758e+00  1.45e-16 1.60e-14  5.54e-08     3s
  21   5.00071392e+00  5.01007791e+00  1.99e-16 1.42e-14  1.88e-08     3s
  22   5.00428901e+00  5.00872809e+00  3.77e-16 1.42e-14  8.93e-09     3s
  23   5.00674883e+00  5.00784438e+00  3.37e-15 1.42e-14  2.20e-09     3s
  24   5.00718905e+00  5.00768625e+00  4.47e-16 1.42e-14  1.00e-09     3s
  25   5.00751006e+00  5.00757203e+00  5.98e-16 2.13e-14  1.25e-10     3s
  26   5.00755230e+00  5.00755700e+00  1.05e-15 1.42e-14  9.45e-12     4s
  27   5.00755571e+00  5.00755578e+00  1.88e-15 1.42e-14  1.35e-13     4s
  28   5.00755575e+00  5.00755577e+00  1.20e-14 1.78e-14  4.28e-14     4s
  29   5.00755576e+00  5.00755576e+00  2.02e-14 1.42e-14  1.03e-14     4s
  30   5.00755576e+00  5.00755576e+00  1.09e-14 1.42e-14  2.62e-15     4s
  31   5.00755576e+00  5.00755576e+00  6.97e-15 3.55e-14  8.95e-16     4s
  32   5.00755576e+00  5.00755576e+00  2.77e-15 3.55e-14  4.80e-16     4s
  33   5.00755576e+00  5.00755576e+00  1.51e-15 1.42e-14  3.25e-16     4s
  34   5.00755576e+00  5.00755576e+00  1.98e-15 1.42e-14  1.49e-16     4s
  35   5.00755576e+00  5.00755576e+00  1.46e-15 1.42e-14  1.30e-16     4s
  36   5.00755576e+00  5.00755576e+00  1.35e-15 1.42e-14  7.24e-17     4s

Barrier solved model in 36 iterations and 4.42 seconds (4.06 work units)
Optimal objective 5.00755576e+00

objective value: 5.007555763352924
Done! Time elapsed: 25.41289520263672 seconds.
g_0_1: 1.04632201861251
g_1_1: 1.0263358396264306
g_1_2: 1.0784682522949507
g_2_1: 1.045760229143028
g_2_2: 1.1417751925328252
g_2_3: 1.0459693756515993
g_2_4: 1.1424491207762253
Parameters from last iteration: [0.18229663 0.72598613 0.18793209 0.7398293  0.19907202 0.73996557
 0.19919567]

Parameters from current iteration:
                [0.18206003 0.72561944 0.18765348 0.73935248 0.19866888 0.73950035
 0.19878615]


                Percentage Error = 0.0020558895119759985
                
year done: 11
Time 12: 2
Optimization Iteration[1/20000]

Solving the optimization problem...
Set parameter TokenServer to value "licenses.rcc.uchicago.edu"
Read LP format model from file /scratch/local/jobs/50183995/tmpt1pai60b.pyomo.lp
Reading time = 1.35 seconds
x1: 258121 rows, 502401 columns, 1259970 nonzeros
Set parameter Threads to value 8
Set parameter BarConvTol to value 1e-12
Gurobi Optimizer version 11.0.0 build v11.0.0rc2 (linux64 - "CentOS Linux 8")

CPU model: Intel(R) Xeon(R) Gold 6248R CPU @ 3.00GHz, instruction set [SSE2|AVX|AVX2|AVX512]
Thread count: 48 physical cores, 48 logical processors, using up to 8 threads

Optimize a model with 258121 rows, 502401 columns and 1259970 nonzeros
Model fingerprint: 0xc4235e41
Model has 3166 quadratic objective terms
Coefficient statistics:
  Matrix range     [1e+00, 1e+03]
  Objective range  [6e-08, 6e+01]
  QObjective range [4e-01, 3e+03]
  Bounds range     [3e-04, 1e+00]
  RHS range        [4e-17, 5e+00]
Presolve removed 131482 rows and 128814 columns
Presolve time: 0.55s
Presolved: 126639 rows, 373587 columns, 743930 nonzeros
Presolved model has 3166 quadratic objective terms
Ordering time: 0.16s

Barrier statistics:
 AA' NZ     : 3.709e+05
 Factor NZ  : 4.212e+06 (roughly 240 MB of memory)
 Factor Ops : 3.974e+08 (less than 1 second per iteration)
 Threads    : 8

                  Objective                Residual
Iter       Primal          Dual         Primal    Dual     Compl     Time
   0  -1.08398585e+09  8.64327892e+08  7.80e+04 1.14e-13  1.00e+06     1s
   1  -6.17856537e+08  5.70521587e+08  1.70e+04 1.40e+02  2.38e+05     1s
   2  -3.10445839e+08  3.10441472e+08  2.25e+02 1.11e+00  4.44e+03     1s
   3  -7.28289818e+07  7.34910360e+07  1.90e+00 1.48e-12  3.17e+02     1s
   4  -1.38761223e+07  1.45598484e+07  1.61e-01 4.17e-12  5.88e+01     1s
   5  -2.53906851e+06  2.81351532e+06  1.23e-02 1.43e-12  1.08e+01     1s
   6  -3.70062295e+05  4.24824711e+05  1.23e-08 9.43e-13  1.60e+00     2s
   7  -5.53888972e+04  6.96157006e+04  1.62e-13 6.06e-13  2.51e-01     2s
   8  -8.34759912e+03  9.98695477e+03  5.04e-14 2.12e-13  3.69e-02     2s
   9  -1.33239019e+03  1.64030822e+03  1.59e-14 4.26e-14  5.98e-03     2s
  10  -2.14740448e+02  2.10667031e+02  9.93e-15 2.84e-14  8.56e-04     2s
  11  -4.10983972e+01  3.59711680e+01  2.36e-15 1.42e-14  1.55e-04     2s
  12  -8.11925114e+00  1.81261720e+01  1.10e-15 2.84e-14  5.28e-05     2s
  13   6.83969441e-01  8.05802294e+00  3.31e-16 1.42e-14  1.48e-05     2s
  14   2.98732362e+00  6.07258514e+00  1.26e-16 1.42e-14  6.21e-06     3s
  15   4.41199138e+00  5.08823012e+00  1.21e-16 1.42e-14  1.36e-06     3s
  16   4.61212050e+00  4.97449974e+00  1.25e-16 1.42e-14  7.29e-07     3s
  17   4.66414735e+00  4.94634627e+00  8.25e-17 1.42e-14  5.68e-07     3s
  18   4.78294087e+00  4.89410100e+00  1.80e-16 1.42e-14  2.24e-07     3s
  19   4.82690710e+00  4.87517538e+00  1.52e-16 1.42e-14  9.71e-08     3s
  20   4.83699227e+00  4.87119561e+00  1.70e-16 1.42e-14  6.88e-08     3s
  21   4.85085310e+00  4.86591814e+00  1.16e-16 1.42e-14  3.03e-08     3s
  22   4.85499045e+00  4.86434069e+00  2.71e-16 1.42e-14  1.88e-08     3s
  23   4.85813088e+00  4.86317501e+00  4.86e-16 1.42e-14  1.01e-08     3s
  24   4.85950615e+00  4.86267134e+00  4.51e-16 1.42e-14  6.37e-09     3s
  25   4.86137271e+00  4.86199954e+00  1.22e-15 1.42e-14  1.26e-09     3s
  26   4.86174775e+00  4.86186500e+00  4.36e-16 1.42e-14  2.36e-10     4s
  27   4.86182815e+00  4.86183640e+00  3.40e-16 1.42e-14  1.66e-11     4s
  28   4.86183414e+00  4.86183427e+00  7.89e-16 1.42e-14  2.52e-13     4s
  29   4.86183421e+00  4.86183424e+00  1.28e-14 1.42e-14  5.24e-14     4s
  30   4.86183423e+00  4.86183424e+00  8.67e-15 1.42e-14  1.38e-14     4s
  31   4.86183423e+00  4.86183423e+00  2.83e-15 1.42e-14  3.43e-15     4s
  32   4.86183423e+00  4.86183423e+00  1.61e-15 4.26e-14  1.26e-15     4s
  33   4.86183423e+00  4.86183423e+00  1.52e-15 4.26e-14  1.20e-15     4s
  34   4.86183423e+00  4.86183423e+00  2.46e-15 1.42e-14  5.25e-16     4s
  35   4.86183423e+00  4.86183423e+00  1.92e-15 1.55e-14  4.71e-16     4s
  36   4.86183423e+00  4.86183423e+00  8.46e-16 1.42e-14  2.37e-16     4s
  37   4.86183423e+00  4.86183423e+00  6.66e-16 1.42e-14  1.42e-16     4s
  38   4.86183423e+00  4.86183423e+00  6.25e-16 1.42e-14  1.34e-16     5s
  39   4.86183423e+00  4.86183423e+00  7.21e-16 1.42e-14  6.97e-17     5s

Barrier solved model in 39 iterations and 4.62 seconds (4.32 work units)
Optimal objective 4.86183423e+00

objective value: 4.861834234063021
Done! Time elapsed: 25.737840175628662 seconds.
g_0_1: 1.0451887156207267
g_1_1: 1.0259131269373478
g_1_2: 1.0770916056028241
g_2_1: 1.0452224848202905
g_2_2: 1.1399253320618692
g_2_3: 1.0453839205969024
g_2_4: 1.140492287737876
Parameters from last iteration: [0.18206003 0.72561944 0.18765348 0.73935248 0.19866888 0.73950035
 0.19878615]

Parameters from current iteration:
                [0.18186284 0.72532058 0.18741394 0.7389723  0.19834701 0.73908643
 0.19844566]


                Percentage Error = 0.001712840425681062
                
year done: 12
Time 13: 2
Optimization Iteration[1/20000]

Solving the optimization problem...
Set parameter TokenServer to value "licenses.rcc.uchicago.edu"
Read LP format model from file /scratch/local/jobs/50183995/tmpyvdl845u.pyomo.lp
Reading time = 1.33 seconds
x1: 258121 rows, 502401 columns, 1259970 nonzeros
Set parameter Threads to value 8
Set parameter BarConvTol to value 1e-12
Gurobi Optimizer version 11.0.0 build v11.0.0rc2 (linux64 - "CentOS Linux 8")

CPU model: Intel(R) Xeon(R) Gold 6248R CPU @ 3.00GHz, instruction set [SSE2|AVX|AVX2|AVX512]
Thread count: 48 physical cores, 48 logical processors, using up to 8 threads

Optimize a model with 258121 rows, 502401 columns and 1259970 nonzeros
Model fingerprint: 0x7e81cfb3
Model has 3166 quadratic objective terms
Coefficient statistics:
  Matrix range     [1e+00, 1e+03]
  Objective range  [6e-08, 6e+01]
  QObjective range [4e-01, 3e+03]
  Bounds range     [3e-04, 1e+00]
  RHS range        [4e-17, 5e+00]
Presolve removed 131482 rows and 128814 columns
Presolve time: 0.55s
Presolved: 126639 rows, 373587 columns, 743930 nonzeros
Presolved model has 3166 quadratic objective terms
Ordering time: 0.16s

Barrier statistics:
 AA' NZ     : 3.709e+05
 Factor NZ  : 4.212e+06 (roughly 240 MB of memory)
 Factor Ops : 3.974e+08 (less than 1 second per iteration)
 Threads    : 8

                  Objective                Residual
Iter       Primal          Dual         Primal    Dual     Compl     Time
   0  -1.08350206e+09  8.63844547e+08  7.80e+04 1.13e-13  1.00e+06     1s
   1  -6.17979640e+08  5.70570420e+08  1.70e+04 1.40e+02  2.39e+05     1s
   2  -3.10804200e+08  3.10798302e+08  2.25e+02 1.11e+00  4.45e+03     1s
   3  -7.29519250e+07  7.36140613e+07  1.91e+00 1.47e-12  3.18e+02     1s
   4  -1.38989820e+07  1.45829925e+07  1.61e-01 5.02e-12  5.89e+01     1s
   5  -2.54385810e+06  2.81870504e+06  1.23e-02 1.23e-12  1.08e+01     1s
   6  -3.70751615e+05  4.25575611e+05  1.23e-08 8.43e-13  1.60e+00     2s
   7  -5.54900590e+04  6.97351472e+04  1.23e-13 6.45e-13  2.52e-01     2s
   8  -8.36291208e+03  1.00056813e+04  5.69e-14 1.88e-13  3.70e-02     2s
   9  -1.33492609e+03  1.64329981e+03  1.70e-14 3.29e-14  5.99e-03     2s
  10  -2.15269153e+02  2.10930346e+02  9.80e-15 2.84e-14  8.57e-04     2s
  11  -4.13786471e+01  3.59282513e+01  2.40e-15 1.42e-14  1.56e-04     2s
  12  -7.24808993e+00  1.46335501e+01  1.23e-15 2.66e-14  4.40e-05     2s
  13  -7.57618484e-02  8.03271723e+00  3.66e-16 2.13e-14  1.63e-05     2s
  14   3.21346108e+00  5.48884927e+00  1.80e-16 1.42e-14  4.58e-06     3s
  15   4.12149732e+00  4.98634771e+00  1.07e-16 2.13e-14  1.74e-06     3s
  16   4.39110166e+00  4.85747462e+00  1.08e-16 1.42e-14  9.38e-07     3s
  17   4.53474897e+00  4.78836744e+00  9.82e-17 1.42e-14  5.10e-07     3s
  18   4.59920244e+00  4.75989555e+00  7.03e-17 1.95e-14  3.23e-07     3s
  19   4.64811140e+00  4.73905585e+00  1.17e-16 1.20e-14  1.83e-07     3s
  20   4.68599612e+00  4.72388090e+00  3.25e-16 1.42e-14  7.62e-08     3s
  21   4.70097421e+00  4.71821569e+00  4.63e-16 2.84e-14  3.47e-08     3s
  22   4.70742082e+00  4.71582267e+00  1.44e-16 1.42e-14  1.69e-08     3s
  23   4.71184548e+00  4.71421363e+00  3.92e-16 1.42e-14  4.76e-09     3s
  24   4.71291366e+00  4.71382611e+00  6.64e-16 1.42e-14  1.84e-09     3s
  25   4.71347456e+00  4.71362616e+00  4.08e-16 1.42e-14  3.05e-10     3s
  26   4.71356966e+00  4.71359227e+00  5.22e-16 2.13e-14  4.55e-11     3s
  27   4.71358583e+00  4.71358652e+00  6.67e-16 1.42e-14  1.39e-12     4s
  28   4.71358631e+00  4.71358634e+00  6.28e-15 2.84e-14  5.73e-14     4s
  29   4.71358633e+00  4.71358634e+00  6.22e-15 1.42e-14  1.80e-14     4s
  30   4.71358633e+00  4.71358634e+00  1.93e-15 1.42e-14  4.24e-15     4s
  31   4.71358633e+00  4.71358633e+00  9.00e-16 1.42e-14  1.11e-15     4s
  32   4.71358633e+00  4.71358633e+00  5.60e-16 2.13e-14  6.85e-16     4s
  33   4.71358633e+00  4.71358633e+00  4.66e-16 1.42e-14  5.63e-16     4s
  34   4.71358633e+00  4.71358633e+00  3.93e-16 1.42e-14  2.47e-16     4s
  35   4.71358633e+00  4.71358633e+00  6.24e-16 1.42e-14  1.19e-16     4s
  36   4.71358633e+00  4.71358633e+00  5.84e-16 1.42e-14  1.07e-16     4s
  37   4.71358633e+00  4.71358633e+00  2.91e-16 1.42e-14  6.69e-17     4s

Barrier solved model in 37 iterations and 4.41 seconds (4.10 work units)
Optimal objective 4.71358633e+00

objective value: 4.7135863345942175
Done! Time elapsed: 25.498026132583618 seconds.
g_0_1: 1.0442318542031843
g_1_1: 1.0255486979547173
g_1_2: 1.0759710395242632
g_2_1: 1.0447483261067223
g_2_2: 1.1382660643134337
g_2_3: 1.0449203295727343
g_2_4: 1.138929533607774
Parameters from last iteration: [0.18186284 0.72532058 0.18741394 0.7389723  0.19834701 0.73908643
 0.19844566]

Parameters from current iteration:
                [0.18169634 0.72506293 0.18721896 0.73863707 0.1980583  0.73875867
 0.19817374]


                Percentage Error = 0.0014555933636761695
                
year done: 13
Time 14: 2
Optimization Iteration[1/20000]

Solving the optimization problem...
Set parameter TokenServer to value "licenses.rcc.uchicago.edu"
Read LP format model from file /scratch/local/jobs/50183995/tmpqe76uf9u.pyomo.lp
Reading time = 1.35 seconds
x1: 258121 rows, 502401 columns, 1259970 nonzeros
Set parameter Threads to value 8
Set parameter BarConvTol to value 1e-12
Gurobi Optimizer version 11.0.0 build v11.0.0rc2 (linux64 - "CentOS Linux 8")

CPU model: Intel(R) Xeon(R) Gold 6248R CPU @ 3.00GHz, instruction set [SSE2|AVX|AVX2|AVX512]
Thread count: 48 physical cores, 48 logical processors, using up to 8 threads

Optimize a model with 258121 rows, 502401 columns and 1259970 nonzeros
Model fingerprint: 0xbc0717b7
Model has 3166 quadratic objective terms
Coefficient statistics:
  Matrix range     [1e+00, 1e+03]
  Objective range  [6e-08, 7e+01]
  QObjective range [4e-01, 3e+03]
  Bounds range     [3e-04, 1e+00]
  RHS range        [4e-17, 5e+00]
Presolve removed 131482 rows and 128814 columns
Presolve time: 0.54s
Presolved: 126639 rows, 373587 columns, 743930 nonzeros
Presolved model has 3166 quadratic objective terms
Ordering time: 0.16s

Barrier statistics:
 AA' NZ     : 3.709e+05
 Factor NZ  : 4.212e+06 (roughly 240 MB of memory)
 Factor Ops : 3.974e+08 (less than 1 second per iteration)
 Threads    : 8

                  Objective                Residual
Iter       Primal          Dual         Primal    Dual     Compl     Time
   0  -1.08309857e+09  8.63441431e+08  7.80e+04 1.13e-13  1.00e+06     1s
   1  -6.18058616e+08  5.70583503e+08  1.70e+04 1.40e+02  2.39e+05     1s
   2  -3.11114313e+08  3.11107095e+08  2.26e+02 1.11e+00  4.46e+03     1s
   3  -7.30549644e+07  7.37171800e+07  1.91e+00 1.48e-12  3.18e+02     1s
   4  -1.39183878e+07  1.46026513e+07  1.61e-01 4.09e-12  5.89e+01     1s
   5  -2.54791233e+06  2.82310107e+06  1.23e-02 1.39e-12  1.09e+01     1s
   6  -3.71337493e+05  4.26224275e+05  1.23e-08 1.00e-12  1.60e+00     2s
   7  -5.55816093e+04  6.98697282e+04  1.45e-13 7.16e-13  2.52e-01     2s
   8  -8.37651922e+03  1.00207928e+04  5.96e-14 2.69e-13  3.70e-02     2s
   9  -1.33732454e+03  1.64659803e+03  1.90e-14 4.26e-14  6.00e-03     2s
  10  -2.15768052e+02  2.11065322e+02  8.93e-15 2.13e-14  8.59e-04     2s
  11  -3.86474340e+01  3.67279387e+01  2.17e-15 2.13e-14  1.52e-04     2s
  12  -6.79807044e+00  9.68926850e+00  1.11e-15 1.42e-14  3.32e-05     2s
  13   1.30299133e-03  7.05247501e+00  4.53e-16 2.84e-14  1.42e-05     2s
  14   2.90723470e+00  5.37147758e+00  2.11e-16 1.47e-14  4.96e-06     3s
  15   3.96600441e+00  4.79979572e+00  7.72e-17 2.84e-14  1.68e-06     3s
  16   4.31885850e+00  4.65820815e+00  7.87e-17 2.84e-14  6.83e-07     3s
  17   4.35446506e+00  4.64451968e+00  6.37e-17 1.42e-14  5.84e-07     3s
  18   4.43568880e+00  4.61303403e+00  7.30e-17 1.42e-14  3.57e-07     3s
  19   4.47596065e+00  4.59795118e+00  6.54e-17 1.42e-14  2.45e-07     3s
  20   4.49853640e+00  4.58954192e+00  9.02e-17 1.42e-14  1.83e-07     3s
  21   4.51345697e+00  4.58452020e+00  1.01e-16 1.42e-14  1.43e-07     3s
  22   4.54225199e+00  4.57366202e+00  2.26e-16 1.42e-14  6.32e-08     3s
  23   4.55644788e+00  4.56835946e+00  1.35e-16 1.42e-14  2.40e-08     3s
  24   4.55861484e+00  4.56754088e+00  1.05e-16 1.42e-14  1.80e-08     3s
  25   4.56345511e+00  4.56577615e+00  2.68e-16 1.42e-14  4.67e-09     4s
  26   4.56421511e+00  4.56550279e+00  2.81e-16 1.42e-14  2.59e-09     4s
  27   4.56496522e+00  4.56523488e+00  2.64e-16 2.13e-14  5.43e-10     4s
  28   4.56514346e+00  4.56517157e+00  8.34e-16 1.42e-14  5.66e-11     4s
  29   4.56516313e+00  4.56516459e+00  2.40e-16 1.42e-14  2.93e-12     4s
  30   4.56516419e+00  4.56516421e+00  6.06e-16 1.42e-14  5.42e-14     4s
  31   4.56516420e+00  4.56516421e+00  5.84e-15 1.42e-14  1.98e-14     4s
  32   4.56516420e+00  4.56516421e+00  2.67e-15 1.42e-14  4.51e-15     4s
  33   4.56516420e+00  4.56516421e+00  1.68e-15 1.42e-14  1.21e-15     4s
  34   4.56516421e+00  4.56516421e+00  1.01e-15 1.42e-14  6.64e-16     4s
  35   4.56516421e+00  4.56516421e+00  7.60e-16 1.42e-14  5.73e-16     4s
  36   4.56516421e+00  4.56516421e+00  4.99e-16 1.42e-14  2.76e-16     4s
  37   4.56516421e+00  4.56516421e+00  2.94e-16 7.55e-15  1.55e-16     4s
  38   4.56516421e+00  4.56516421e+00  2.25e-16 1.42e-14  9.82e-17     5s

Barrier solved model in 38 iterations and 4.57 seconds (4.33 work units)
Optimal objective 4.56516421e+00

objective value: 4.565164205232928
Done! Time elapsed: 27.1752986907959 seconds.
g_0_1: 1.043437046709948
g_1_1: 1.0252406091001571
g_1_2: 1.0750006807267278
g_2_1: 1.0442866488219542
g_2_2: 1.1370407254656072
g_2_3: 1.0444795339350972
g_2_4: 1.1375005038851635
Parameters from last iteration: [0.18169634 0.72506293 0.18721896 0.73863707 0.1980583  0.73875867
 0.19817374]

Parameters from current iteration:
                [0.18155805 0.72484511 0.18705012 0.73831066 0.19784509 0.73844703
 0.19792509]


                Percentage Error = 0.0012547130269629377
                
year done: 14
Time 15: 2
Optimization Iteration[1/20000]

Solving the optimization problem...
Set parameter TokenServer to value "licenses.rcc.uchicago.edu"
Read LP format model from file /scratch/local/jobs/50183995/tmpg4bl8als.pyomo.lp
Reading time = 1.35 seconds
x1: 258121 rows, 502401 columns, 1259970 nonzeros
Set parameter Threads to value 8
Set parameter BarConvTol to value 1e-12
Gurobi Optimizer version 11.0.0 build v11.0.0rc2 (linux64 - "CentOS Linux 8")

CPU model: Intel(R) Xeon(R) Gold 6248R CPU @ 3.00GHz, instruction set [SSE2|AVX|AVX2|AVX512]
Thread count: 48 physical cores, 48 logical processors, using up to 8 threads

Optimize a model with 258121 rows, 502401 columns and 1259970 nonzeros
Model fingerprint: 0x63a3ba2a
Model has 3166 quadratic objective terms
Coefficient statistics:
  Matrix range     [1e+00, 1e+03]
  Objective range  [6e-08, 7e+01]
  QObjective range [4e-01, 3e+03]
  Bounds range     [3e-04, 1e+00]
  RHS range        [5e-17, 5e+00]
Presolve removed 131482 rows and 128814 columns
Presolve time: 0.54s
Presolved: 126639 rows, 373587 columns, 743930 nonzeros
Presolved model has 3166 quadratic objective terms
Ordering time: 0.16s

Barrier statistics:
 AA' NZ     : 3.709e+05
 Factor NZ  : 4.212e+06 (roughly 240 MB of memory)
 Factor Ops : 3.974e+08 (less than 1 second per iteration)
 Threads    : 8

                  Objective                Residual
Iter       Primal          Dual         Primal    Dual     Compl     Time
   0  -1.08315786e+09  8.63501064e+08  7.80e+04 1.14e-13  1.00e+06     1s
   1  -6.18224941e+08  5.70701809e+08  1.70e+04 1.41e+02  2.39e+05     1s
   2  -3.11344953e+08  3.11336927e+08  2.26e+02 1.11e+00  4.46e+03     1s
   3  -7.31251405e+07  7.37874170e+07  1.91e+00 1.65e-12  3.19e+02     1s
   4  -1.39314233e+07  1.46158537e+07  1.61e-01 4.14e-12  5.90e+01     1s
   5  -2.55064784e+06  2.82606009e+06  1.23e-02 1.23e-12  1.09e+01     1s
   6  -3.71736428e+05  4.26682056e+05  1.23e-08 1.00e-12  1.61e+00     2s
   7  -5.56459773e+04  6.99729218e+04  1.14e-13 6.79e-13  2.53e-01     2s
   8  -8.38630376e+03  1.00321894e+04  3.91e-14 2.10e-13  3.71e-02     2s
   9  -1.33912925e+03  1.64903797e+03  1.64e-14 2.84e-14  6.01e-03     2s
  10  -2.16188848e+02  2.11106473e+02  9.31e-15 3.55e-14  8.60e-04     2s
  11  -4.19962145e+01  3.59019957e+01  2.27e-15 2.13e-14  1.57e-04     2s
  12  -5.74131368e+00  1.14023673e+01  1.19e-15 1.42e-14  3.45e-05     2s
  13   2.07943634e-02  7.38404652e+00  2.96e-16 2.84e-14  1.48e-05     2s
  14   2.14638046e+00  5.93646087e+00  1.53e-16 2.13e-14  7.62e-06     2s
  15   3.87621048e+00  4.64146324e+00  9.02e-17 1.42e-14  1.54e-06     3s
  16   4.19023444e+00  4.50587240e+00  8.74e-17 1.42e-14  6.35e-07     3s
  17   4.26756437e+00  4.47468132e+00  9.89e-17 1.42e-14  4.17e-07     3s
  18   4.31625338e+00  4.45564670e+00  7.88e-17 1.42e-14  2.80e-07     3s
  19   4.34110830e+00  4.44607930e+00  1.07e-16 1.42e-14  2.11e-07     3s
  20   4.35716058e+00  4.43994994e+00  7.98e-17 1.82e-14  1.67e-07     3s
  21   4.37491480e+00  4.43321093e+00  1.22e-16 1.42e-14  1.17e-07     3s
  22   4.38375522e+00  4.42996187e+00  1.07e-16 1.42e-14  9.30e-08     3s
  23   4.40004408e+00  4.42389697e+00  8.73e-17 2.84e-14  4.80e-08     3s
  24   4.41038037e+00  4.42005126e+00  1.21e-16 1.42e-14  1.95e-08     3s
  25   4.41403575e+00  4.41872515e+00  9.01e-16 2.84e-14  9.43e-09     3s
  26   4.41624000e+00  4.41793316e+00  6.37e-16 1.42e-14  3.41e-09     3s
  27   4.41724052e+00  4.41757659e+00  9.99e-16 1.42e-14  6.76e-10     3s
  28   4.41746669e+00  4.41749643e+00  2.87e-16 2.13e-14  5.98e-11     4s
  29   4.41748730e+00  4.41748913e+00  3.46e-16 1.42e-14  3.68e-12     4s
  30   4.41748862e+00  4.41748866e+00  8.56e-16 2.84e-14  6.86e-14     4s
  31   4.41748864e+00  4.41748865e+00  6.23e-15 1.42e-14  2.05e-14     4s
  32   4.41748865e+00  4.41748865e+00  4.88e-15 1.42e-14  5.04e-15     4s
  33   4.41748865e+00  4.41748865e+00  4.81e-15 2.84e-14  1.00e-15     4s
  34   4.41748865e+00  4.41748865e+00  1.76e-15 4.97e-14  6.16e-16     4s
  35   4.41748865e+00  4.41748865e+00  1.17e-15 4.26e-14  5.01e-16     4s
  36   4.41748865e+00  4.41748865e+00  5.98e-16 1.42e-14  1.97e-16     4s
  37   4.41748865e+00  4.41748865e+00  2.92e-16 1.42e-14  9.95e-17     4s

Barrier solved model in 37 iterations and 4.44 seconds (4.15 work units)
Optimal objective 4.41748865e+00

objective value: 4.417488648824116
Done! Time elapsed: 25.316690921783447 seconds.
g_0_1: 1.0427319301429834
g_1_1: 1.0249408367723405
g_1_2: 1.0741731828801697
g_2_1: 1.043936029403681
g_2_2: 1.1357617841166276
g_2_3: 1.0441191926156066
g_2_4: 1.1365301559140273
Parameters from last iteration: [0.18155805 0.72484511 0.18705012 0.73831066 0.19784509 0.73844703
 0.19792509]

Parameters from current iteration:
                [0.18143536 0.72463317 0.18690613 0.73806277 0.19762255 0.73819227
 0.19775625]


                Percentage Error = 0.00112479818913776
                
year done: 15
Time 16: 2
Optimization Iteration[1/20000]

Solving the optimization problem...
Set parameter TokenServer to value "licenses.rcc.uchicago.edu"
Read LP format model from file /scratch/local/jobs/50183995/tmp6q2bun6c.pyomo.lp
Reading time = 1.34 seconds
x1: 258121 rows, 502401 columns, 1259970 nonzeros
Set parameter Threads to value 8
Set parameter BarConvTol to value 1e-12
Gurobi Optimizer version 11.0.0 build v11.0.0rc2 (linux64 - "CentOS Linux 8")

CPU model: Intel(R) Xeon(R) Gold 6248R CPU @ 3.00GHz, instruction set [SSE2|AVX|AVX2|AVX512]
Thread count: 48 physical cores, 48 logical processors, using up to 8 threads

Optimize a model with 258121 rows, 502401 columns and 1259970 nonzeros
Model fingerprint: 0x3e5da986
Model has 3166 quadratic objective terms
Coefficient statistics:
  Matrix range     [1e+00, 1e+03]
  Objective range  [6e-08, 7e+01]
  QObjective range [4e-01, 3e+03]
  Bounds range     [3e-04, 1e+00]
  RHS range        [5e-17, 5e+00]
Presolve removed 131482 rows and 128814 columns
Presolve time: 0.54s
Presolved: 126639 rows, 373587 columns, 743930 nonzeros
Presolved model has 3166 quadratic objective terms
Ordering time: 0.16s

Barrier statistics:
 AA' NZ     : 3.709e+05
 Factor NZ  : 4.212e+06 (roughly 240 MB of memory)
 Factor Ops : 3.974e+08 (less than 1 second per iteration)
 Threads    : 8

                  Objective                Residual
Iter       Primal          Dual         Primal    Dual     Compl     Time
   0  -1.08400665e+09  8.64350127e+08  7.80e+04 1.13e-13  1.00e+06     1s
   1  -6.18808582e+08  5.71281568e+08  1.70e+04 1.37e+02  2.39e+05     1s
   2  -3.10043918e+08  3.10035874e+08  2.26e+02 1.11e+00  4.44e+03     1s
   3  -7.28015305e+07  7.34622330e+07  1.91e+00 1.44e-12  3.17e+02     1s
   4  -1.38674835e+07  1.45500125e+07  1.61e-01 3.53e-12  5.87e+01     1s
   5  -2.53810852e+06  2.81232576e+06  1.23e-02 1.61e-12  1.08e+01     1s
   6  -3.69935957e+05  4.24728169e+05  1.23e-08 1.03e-12  1.60e+00     2s
   7  -5.53854210e+04  6.96788399e+04  1.27e-13 7.71e-13  2.52e-01     2s
   8  -8.34834183e+03  9.98864692e+03  3.98e-14 2.27e-13  3.69e-02     2s
   9  -1.33350570e+03  1.64192809e+03  2.24e-14 2.89e-14  5.99e-03     2s
  10  -2.15450123e+02  2.09951212e+02  6.80e-15 2.84e-14  8.56e-04     2s
  11  -4.16259131e+01  3.53941583e+01  2.13e-15 1.42e-14  1.55e-04     2s
  12  -6.61340734e+00  1.29564283e+01  1.10e-15 1.42e-14  3.94e-05     2s
  13   6.97262677e-01  6.69792482e+00  3.26e-16 2.84e-14  1.21e-05     2s
  14   2.72013991e+00  5.06738338e+00  1.32e-16 1.42e-14  4.72e-06     2s
  15   3.69043473e+00  4.55047514e+00  6.27e-17 1.42e-14  1.73e-06     3s
  16   3.82747244e+00  4.47599365e+00  5.26e-17 1.42e-14  1.30e-06     3s
  17   4.07817833e+00  4.35215969e+00  6.73e-17 2.84e-14  5.51e-07     3s
  18   4.15149929e+00  4.31891121e+00  1.06e-16 1.42e-14  3.37e-07     3s
  19   4.18643172e+00  4.30407625e+00  5.46e-17 1.42e-14  2.37e-07     3s
  20   4.20369490e+00  4.29703554e+00  6.58e-17 2.84e-14  1.88e-07     3s
  21   4.22598233e+00  4.28806520e+00  1.55e-16 1.42e-14  1.25e-07     3s
  22   4.23570880e+00  4.28422593e+00  1.10e-16 1.42e-14  9.76e-08     3s
  23   4.24690928e+00  4.27987473e+00  9.35e-17 1.42e-14  6.63e-08     3s
  24   4.25311585e+00  4.27749790e+00  1.08e-16 1.42e-14  4.91e-08     3s
  25   4.25640600e+00  4.27618587e+00  1.69e-16 1.51e-14  3.98e-08     3s
  26   4.26270074e+00  4.27388301e+00  2.77e-16 1.42e-14  2.25e-08     3s
  27   4.26755722e+00  4.27211823e+00  1.33e-16 1.42e-14  9.18e-09     3s
  28   4.27011911e+00  4.27120369e+00  4.07e-16 1.42e-14  2.18e-09     4s
  29   4.27075107e+00  4.27097844e+00  6.93e-16 1.42e-14  4.57e-10     4s
  30   4.27089495e+00  4.27092751e+00  4.32e-16 1.42e-14  6.55e-11     4s
  31   4.27091840e+00  4.27091921e+00  1.96e-16 2.13e-14  1.63e-12     4s
  32   4.27091896e+00  4.27091901e+00  1.20e-15 1.42e-14  9.58e-14     4s
  33   4.27091899e+00  4.27091900e+00  4.48e-15 2.84e-14  2.76e-14     4s
  34   4.27091899e+00  4.27091900e+00  1.13e-15 1.42e-14  6.50e-15     4s
  35   4.27091900e+00  4.27091900e+00  8.23e-16 2.84e-14  1.71e-15     4s
  36   4.27091900e+00  4.27091900e+00  3.94e-16 1.42e-14  9.08e-16     4s
  37   4.27091900e+00  4.27091900e+00  2.40e-16 1.42e-14  3.22e-16     4s
  38   4.27091900e+00  4.27091900e+00  1.47e-16 1.42e-14  2.27e-16     4s
  39   4.27091900e+00  4.27091900e+00  1.23e-16 1.42e-14  1.42e-16     5s
  40   4.27091900e+00  4.27091900e+00  9.29e-17 1.42e-14  1.01e-16     5s
  41   4.27091900e+00  4.27091900e+00  9.58e-17 7.11e-15  6.35e-17     5s

Barrier solved model in 41 iterations and 4.75 seconds (4.47 work units)
Optimal objective 4.27091900e+00

objective value: 4.270918996458056
Done! Time elapsed: 25.773725986480713 seconds.
g_0_1: 1.0421096769910883
g_1_1: 1.0247006787568866
g_1_2: 1.073579272437805
g_2_1: 1.0436969826704119
g_2_2: 1.1346833601693977
g_2_3: 1.0439171928490008
g_2_4: 1.135696299990275
Parameters from last iteration: [0.18143536 0.72463317 0.18690613 0.73806277 0.19762255 0.73819227
 0.19775625]

Parameters from current iteration:
                [0.18132708 0.72446338 0.18680279 0.73789377 0.1974349  0.73804946
 0.19761116]


                Percentage Error = 0.0009495159656817738
                
year done: 16
Time 17: 2
Optimization Iteration[1/20000]

Solving the optimization problem...
Set parameter TokenServer to value "licenses.rcc.uchicago.edu"
Read LP format model from file /scratch/local/jobs/50183995/tmpb9qr5dpt.pyomo.lp
Reading time = 1.34 seconds
x1: 258121 rows, 502401 columns, 1259970 nonzeros
Set parameter Threads to value 8
Set parameter BarConvTol to value 1e-12
Gurobi Optimizer version 11.0.0 build v11.0.0rc2 (linux64 - "CentOS Linux 8")

CPU model: Intel(R) Xeon(R) Gold 6248R CPU @ 3.00GHz, instruction set [SSE2|AVX|AVX2|AVX512]
Thread count: 48 physical cores, 48 logical processors, using up to 8 threads

Optimize a model with 258121 rows, 502401 columns and 1259970 nonzeros
Model fingerprint: 0x8626acbb
Model has 3166 quadratic objective terms
Coefficient statistics:
  Matrix range     [1e+00, 1e+03]
  Objective range  [6e-08, 7e+01]
  QObjective range [4e-01, 3e+03]
  Bounds range     [3e-04, 1e+00]
  RHS range        [5e-17, 5e+00]
Presolve removed 131482 rows and 128814 columns
Presolve time: 0.54s
Presolved: 126639 rows, 373587 columns, 743930 nonzeros
Presolved model has 3166 quadratic objective terms
Ordering time: 0.16s

Barrier statistics:
 AA' NZ     : 3.709e+05
 Factor NZ  : 4.212e+06 (roughly 240 MB of memory)
 Factor Ops : 3.974e+08 (less than 1 second per iteration)
 Threads    : 8

                  Objective                Residual
Iter       Primal          Dual         Primal    Dual     Compl     Time
   0  -1.08411891e+09  8.64462587e+08  7.80e+04 1.14e-13  1.00e+06     1s
   1  -6.18945764e+08  5.71376081e+08  1.71e+04 1.38e+02  2.39e+05     1s
   2  -3.10256861e+08  3.10247787e+08  2.26e+02 1.11e+00  4.45e+03     1s
   3  -7.28757222e+07  7.35364688e+07  1.91e+00 1.77e-12  3.18e+02     1s
   4  -1.38810973e+07  1.45637936e+07  1.61e-01 4.91e-12  5.88e+01     1s
   5  -2.54095717e+06  2.81541683e+06  1.23e-02 1.16e-12  1.08e+01     1s
   6  -3.70351330e+05  4.25204593e+05  1.23e-08 9.86e-13  1.60e+00     2s
   7  -5.54502961e+04  6.97737833e+04  1.14e-13 6.55e-13  2.52e-01     2s
   8  -8.35820997e+03  1.00004210e+04  4.95e-14 2.37e-13  3.69e-02     2s
   9  -1.33525869e+03  1.64412180e+03  2.94e-14 4.26e-14  5.99e-03     2s
  10  -2.15858269e+02  2.10023851e+02  7.81e-15 2.13e-14  8.57e-04     2s
  11  -4.46374080e+01  3.47362422e+01  1.84e-15 2.84e-14  1.60e-04     2s
  12  -5.31832348e+00  9.19528397e+00  9.32e-16 1.42e-14  2.92e-05     2s
  13   1.34038064e-01  6.65939170e+00  4.66e-16 2.13e-14  1.31e-05     2s
  14   2.19000104e+00  5.36399253e+00  2.60e-16 1.42e-14  6.39e-06     2s
  15   3.62647914e+00  4.38875446e+00  1.27e-16 2.84e-14  1.53e-06     3s
  16   3.90384794e+00  4.22002693e+00  8.54e-17 1.42e-14  6.36e-07     3s
  17   3.98218076e+00  4.18606546e+00  1.46e-16 1.42e-14  4.10e-07     3s
  18   4.01394414e+00  4.17261585e+00  5.98e-17 1.42e-14  3.19e-07     3s
  19   4.05593898e+00  4.15548514e+00  1.36e-16 1.42e-14  2.00e-07     3s
  20   4.06213650e+00  4.15277464e+00  4.88e-17 1.42e-14  1.82e-07     3s
  21   4.09044492e+00  4.14165972e+00  9.32e-17 2.84e-14  1.03e-07     3s
  22   4.10930945e+00  4.13439316e+00  1.50e-16 1.42e-14  5.05e-08     3s
  23   4.12086177e+00  4.13008679e+00  1.09e-16 1.42e-14  1.86e-08     3s
  24   4.12514922e+00  4.12854769e+00  9.20e-17 1.42e-14  6.84e-09     3s
  25   4.12710047e+00  4.12785464e+00  1.78e-16 1.42e-14  1.52e-09     3s
  26   4.12757625e+00  4.12768541e+00  2.37e-16 1.42e-14  2.20e-10     3s
  27   4.12764777e+00  4.12766002e+00  2.12e-16 1.42e-14  2.46e-11     4s
  28   4.12765669e+00  4.12765685e+00  3.09e-16 1.42e-14  3.29e-13     4s
  29   4.12765678e+00  4.12765682e+00  2.74e-15 1.42e-14  7.06e-14     4s
  30   4.12765680e+00  4.12765681e+00  4.01e-15 1.42e-14  1.83e-14     4s
  31   4.12765681e+00  4.12765681e+00  2.07e-15 1.42e-14  4.64e-15     4s
  32   4.12765681e+00  4.12765681e+00  1.80e-15 1.42e-14  1.22e-15     4s
  33   4.12765681e+00  4.12765681e+00  1.05e-15 1.78e-14  7.09e-16     4s
  34   4.12765681e+00  4.12765681e+00  8.58e-16 1.42e-14  6.26e-16     4s
  35   4.12765681e+00  4.12765681e+00  5.03e-16 1.42e-14  3.59e-16     4s
  36   4.12765681e+00  4.12765681e+00  4.01e-16 1.42e-14  1.82e-16     4s
  37   4.12765681e+00  4.12765681e+00  2.87e-16 1.42e-14  1.05e-16     4s
  38   4.12765681e+00  4.12765681e+00  2.48e-16 1.42e-14  8.78e-17     4s

Barrier solved model in 38 iterations and 4.50 seconds (4.19 work units)
Optimal objective 4.12765681e+00

objective value: 4.127656809012586
Done! Time elapsed: 25.4231698513031 seconds.
g_0_1: 1.0416419931400351
g_1_1: 1.024549177443906
g_1_2: 1.0730584717682603
g_2_1: 1.043549454666421
g_2_2: 1.1340785692942652
g_2_3: 1.043732269798082
g_2_4: 1.1349773514434318
Parameters from last iteration: [0.18132708 0.72446338 0.18680279 0.73789377 0.1974349  0.73804946
 0.19761116]

Parameters from current iteration:
                [0.18124571 0.72435627 0.18671217 0.73778946 0.19732967 0.73791871
 0.19748606]


                Percentage Error = 0.0006330464815720239
                
year done: 17
Time 18: 2
Optimization Iteration[1/20000]

Solving the optimization problem...
Set parameter TokenServer to value "licenses.rcc.uchicago.edu"
Read LP format model from file /scratch/local/jobs/50183995/tmpyetx3bt5.pyomo.lp
Reading time = 1.33 seconds
x1: 258121 rows, 502401 columns, 1259970 nonzeros
Set parameter Threads to value 8
Set parameter BarConvTol to value 1e-12
Gurobi Optimizer version 11.0.0 build v11.0.0rc2 (linux64 - "CentOS Linux 8")

CPU model: Intel(R) Xeon(R) Gold 6248R CPU @ 3.00GHz, instruction set [SSE2|AVX|AVX2|AVX512]
Thread count: 48 physical cores, 48 logical processors, using up to 8 threads

Optimize a model with 258121 rows, 502401 columns and 1259970 nonzeros
Model fingerprint: 0xd489eef1
Model has 3166 quadratic objective terms
Coefficient statistics:
  Matrix range     [1e+00, 1e+03]
  Objective range  [6e-08, 7e+01]
  QObjective range [4e-01, 3e+03]
  Bounds range     [3e-04, 1e+00]
  RHS range        [5e-17, 5e+00]
Presolve removed 131482 rows and 128814 columns
Presolve time: 0.55s
Presolved: 126639 rows, 373587 columns, 743930 nonzeros
Presolved model has 3166 quadratic objective terms
Ordering time: 0.16s

Barrier statistics:
 AA' NZ     : 3.709e+05
 Factor NZ  : 4.212e+06 (roughly 240 MB of memory)
 Factor Ops : 3.974e+08 (less than 1 second per iteration)
 Threads    : 8

                  Objective                Residual
Iter       Primal          Dual         Primal    Dual     Compl     Time
   0  -1.08390811e+09  8.64251949e+08  7.80e+04 1.14e-13  1.00e+06     1s
   1  -6.18971332e+08  5.71374458e+08  1.71e+04 1.38e+02  2.40e+05     1s
   2  -3.10392758e+08  3.10382957e+08  2.26e+02 1.11e+00  4.45e+03     1s
   3  -7.29262241e+07  7.35869975e+07  1.91e+00 2.05e-12  3.18e+02     1s
   4  -1.38901963e+07  1.45730028e+07  1.61e-01 3.37e-12  5.88e+01     1s
   5  -2.54287420e+06  2.81749476e+06  1.23e-02 1.24e-12  1.08e+01     1s
   6  -3.70631463e+05  4.25528439e+05  1.23e-08 1.85e-12  1.60e+00     2s
   7  -5.54942583e+04  6.98389225e+04  1.15e-13 6.23e-13  2.52e-01     2s
   8  -8.36486527e+03  1.00080430e+04  6.58e-14 2.59e-13  3.70e-02     2s
   9  -1.33647425e+03  1.64560281e+03  1.36e-14 2.84e-14  6.00e-03     2s
  10  -2.16166976e+02  2.10035163e+02  7.80e-15 2.84e-14  8.57e-04     2s
  11  -4.49545492e+01  3.47651422e+01  2.18e-15 1.42e-14  1.60e-04     2s
  12  -5.62651433e+00  9.43692222e+00  1.05e-15 1.42e-14  3.03e-05     2s
  13   7.57085311e-03  6.51191250e+00  3.88e-16 1.42e-14  1.31e-05     2s
  14   2.59854100e+00  4.80833564e+00  1.56e-16 2.13e-14  4.45e-06     2s
  15   3.25810660e+00  4.35097620e+00  6.72e-17 1.42e-14  2.20e-06     3s
  16   3.59848331e+00  4.16564383e+00  9.19e-17 1.51e-14  1.14e-06     3s
  17   3.80105626e+00  4.06811524e+00  1.01e-16 1.42e-14  5.37e-07     3s
  18   3.88352024e+00  4.02956849e+00  1.06e-16 1.42e-14  2.94e-07     3s
  19   3.92423687e+00  4.01176108e+00  1.11e-16 1.42e-14  1.76e-07     3s
  20   3.94128092e+00  4.00473436e+00  1.24e-16 1.42e-14  1.28e-07     3s
  21   3.96424050e+00  3.99537455e+00  1.24e-16 1.42e-14  6.26e-08     3s
  22   3.97628975e+00  3.99073834e+00  2.03e-16 2.13e-14  2.91e-08     3s
  23   3.98403944e+00  3.98788886e+00  2.67e-16 1.42e-14  7.74e-09     3s
  24   3.98571572e+00  3.98727599e+00  2.36e-16 1.42e-14  3.14e-09     3s
  25   3.98632049e+00  3.98706022e+00  1.47e-16 1.42e-14  1.49e-09     3s
  26   3.98645113e+00  3.98701280e+00  7.97e-16 1.42e-14  1.13e-09     3s
  27   3.98668693e+00  3.98692920e+00  6.37e-16 1.42e-14  4.87e-10     3s
  28   3.98681579e+00  3.98688354e+00  4.68e-16 1.42e-14  1.36e-10     4s
  29   3.98686141e+00  3.98686739e+00  3.09e-16 1.42e-14  1.20e-11     4s
  30   3.98686574e+00  3.98686586e+00  7.30e-16 2.84e-14  2.27e-13     4s
  31   3.98686582e+00  3.98686583e+00  8.44e-15 1.42e-14  2.25e-14     4s
  32   3.98686582e+00  3.98686583e+00  5.90e-15 1.60e-14  7.69e-15     4s
  33   3.98686583e+00  3.98686583e+00  2.09e-15 1.42e-14  1.29e-15     4s
  34   3.98686583e+00  3.98686583e+00  8.59e-16 1.42e-14  3.66e-16     4s
  35   3.98686583e+00  3.98686583e+00  5.88e-16 1.42e-14  2.42e-16     4s
  36   3.98686583e+00  3.98686583e+00  1.40e-15 1.42e-14  1.24e-16     4s
  37   3.98686583e+00  3.98686583e+00  4.96e-16 1.42e-14  8.26e-17     4s

Barrier solved model in 37 iterations and 4.42 seconds (4.11 work units)
Optimal objective 3.98686583e+00

objective value: 3.986865827471026
Done! Time elapsed: 25.368232250213623 seconds.
g_0_1: 1.0412486129379634
g_1_1: 1.0244165062640607
g_1_2: 1.0726151247008715
g_2_1: 1.0434182045769307
g_2_2: 1.1335661048177628
g_2_3: 1.0435781831501807
g_2_4: 1.1342462162644404
Parameters from last iteration: [0.18124571 0.72435627 0.18671217 0.73778946 0.19732967 0.73791871
 0.19748606]

Parameters from current iteration:
                [0.18117726 0.72426247 0.18663503 0.73769667 0.1972405  0.73780978
 0.19735884]


                Percentage Error = 0.000644184818368006
                
year done: 18
Time 19: 2
Optimization Iteration[1/20000]

Solving the optimization problem...
Set parameter TokenServer to value "licenses.rcc.uchicago.edu"
Read LP format model from file /scratch/local/jobs/50183995/tmp3dnbkolv.pyomo.lp
Reading time = 1.34 seconds
x1: 258121 rows, 502401 columns, 1259970 nonzeros
Set parameter Threads to value 8
Set parameter BarConvTol to value 1e-12
Gurobi Optimizer version 11.0.0 build v11.0.0rc2 (linux64 - "CentOS Linux 8")

CPU model: Intel(R) Xeon(R) Gold 6248R CPU @ 3.00GHz, instruction set [SSE2|AVX|AVX2|AVX512]
Thread count: 48 physical cores, 48 logical processors, using up to 8 threads

Optimize a model with 258121 rows, 502401 columns and 1259970 nonzeros
Model fingerprint: 0xe51507ae
Model has 3166 quadratic objective terms
Coefficient statistics:
  Matrix range     [1e+00, 1e+03]
  Objective range  [6e-08, 7e+01]
  QObjective range [4e-01, 3e+03]
  Bounds range     [3e-04, 1e+00]
  RHS range        [5e-17, 5e+00]
Presolve removed 131482 rows and 128814 columns
Presolve time: 0.55s
Presolved: 126639 rows, 373587 columns, 743930 nonzeros
Presolved model has 3166 quadratic objective terms
Ordering time: 0.16s

Barrier statistics:
 AA' NZ     : 3.709e+05
 Factor NZ  : 4.212e+06 (roughly 240 MB of memory)
 Factor Ops : 3.974e+08 (less than 1 second per iteration)
 Threads    : 8

                  Objective                Residual
Iter       Primal          Dual         Primal    Dual     Compl     Time
   0  -1.08372344e+09  8.64067435e+08  7.80e+04 1.14e-13  1.00e+06     1s
   1  -6.18990235e+08  5.71370939e+08  1.71e+04 1.38e+02  2.40e+05     1s
   2  -3.10505454e+08  3.10495062e+08  2.26e+02 1.12e+00  4.46e+03     1s
   3  -7.29677412e+07  7.36285369e+07  1.91e+00 1.65e-12  3.18e+02     1s
   4  -1.38976644e+07  1.45805606e+07  1.61e-01 5.07e-12  5.89e+01     1s
   5  -2.54444867e+06  2.81920033e+06  1.23e-02 1.38e-12  1.08e+01     1s
   6  -3.70862544e+05  4.25799937e+05  1.23e-08 1.37e-12  1.60e+00     2s
   7  -5.55309593e+04  6.98950464e+04  1.30e-13 5.94e-13  2.52e-01     2s
   8  -8.37051160e+03  1.00147541e+04  5.33e-14 2.39e-13  3.70e-02     2s
   9  -1.33753048e+03  1.64686153e+03  1.50e-14 4.26e-14  6.00e-03     2s
  10  -2.16450943e+02  2.10027901e+02  7.17e-15 2.84e-14  8.58e-04     2s
  11  -4.52186600e+01  3.47457467e+01  1.92e-15 2.84e-14  1.61e-04     2s
  12  -5.71409749e+00  1.04022019e+01  9.94e-16 1.42e-14  3.24e-05     2s
  13   4.12162100e-01  5.73759331e+00  3.50e-16 1.42e-14  1.07e-05     2s
  14   2.27987427e+00  4.79177823e+00  1.49e-16 2.13e-14  5.05e-06     2s
  15   2.95733634e+00  4.32184992e+00  7.52e-17 1.55e-14  2.75e-06     2s
  16   3.54496464e+00  3.99604200e+00  6.92e-17 1.42e-14  9.07e-07     3s
  17   3.69550719e+00  3.91708520e+00  1.12e-16 1.42e-14  4.46e-07     3s
  18   3.74899922e+00  3.89227379e+00  9.17e-17 1.42e-14  2.88e-07     3s
  19   3.80130977e+00  3.86988801e+00  5.41e-17 1.42e-14  1.38e-07     3s
  20   3.82034722e+00  3.86209179e+00  6.14e-17 1.42e-14  8.40e-08     3s
  21   3.83749849e+00  3.85537972e+00  1.26e-16 2.84e-14  3.60e-08     3s
  22   3.84571845e+00  3.85234334e+00  4.24e-16 1.42e-14  1.33e-08     3s
  23   3.84862300e+00  3.85129206e+00  1.59e-16 1.42e-14  5.37e-09     3s
  24   3.84885034e+00  3.85120584e+00  2.67e-16 1.42e-14  4.74e-09     3s
  25   3.85018198e+00  3.85072962e+00  1.67e-16 1.42e-14  1.10e-09     3s
  26   3.85052916e+00  3.85060644e+00  3.98e-16 2.13e-14  1.55e-10     3s
  27   3.85058460e+00  3.85058682e+00  4.93e-16 1.42e-14  4.47e-12     3s
  28   3.85058620e+00  3.85058625e+00  1.84e-15 1.42e-14  9.73e-14     4s
  29   3.85058623e+00  3.85058624e+00  6.80e-14 1.42e-14  1.89e-14     4s
  30   3.85058623e+00  3.85058624e+00  1.89e-14 1.42e-14  5.11e-15     4s
  31   3.85058624e+00  3.85058624e+00  2.34e-14 1.42e-14  9.61e-16     4s
  32   3.85058624e+00  3.85058624e+00  3.67e-15 1.42e-14  3.27e-16     4s
  33   3.85058624e+00  3.85058624e+00  1.79e-15 1.42e-14  1.87e-16     4s
  34   3.85058624e+00  3.85058624e+00  3.86e-15 1.42e-14  1.44e-16     4s
  35   3.85058624e+00  3.85058624e+00  2.26e-15 1.42e-14  8.47e-17     4s

Barrier solved model in 35 iterations and 4.24 seconds (3.95 work units)
Optimal objective 3.85058624e+00

objective value: 3.8505862367197334
Done! Time elapsed: 26.744656801223755 seconds.
g_0_1: 1.0409289073659016
g_1_1: 1.0243142744470317
g_1_2: 1.0721425260432262
g_2_1: 1.043324175641517
g_2_2: 1.133075776023651
g_2_3: 1.0434260361360417
g_2_4: 1.1336324091132028
Parameters from last iteration: [0.18117726 0.72426247 0.18663503 0.73769667 0.1972405  0.73780978
 0.19735884]

Parameters from current iteration:
                [0.18112163 0.72419019 0.1865528  0.73763019 0.19715519 0.73770221
 0.19725204]


                Percentage Error = 0.0005411586500673393
                
year done: 19
Time 20: 2
Optimization Iteration[1/20000]

Solving the optimization problem...
Set parameter TokenServer to value "licenses.rcc.uchicago.edu"
Read LP format model from file /scratch/local/jobs/50183995/tmpazrfxq48.pyomo.lp
Reading time = 1.35 seconds
x1: 258121 rows, 502401 columns, 1259970 nonzeros
Set parameter Threads to value 8
Set parameter BarConvTol to value 1e-12
Gurobi Optimizer version 11.0.0 build v11.0.0rc2 (linux64 - "CentOS Linux 8")

CPU model: Intel(R) Xeon(R) Gold 6248R CPU @ 3.00GHz, instruction set [SSE2|AVX|AVX2|AVX512]
Thread count: 48 physical cores, 48 logical processors, using up to 8 threads

Optimize a model with 258121 rows, 502401 columns and 1259970 nonzeros
Model fingerprint: 0x3926d224
Model has 3166 quadratic objective terms
Coefficient statistics:
  Matrix range     [1e+00, 1e+03]
  Objective range  [6e-08, 7e+01]
  QObjective range [4e-01, 3e+03]
  Bounds range     [3e-04, 1e+00]
  RHS range        [5e-17, 6e+00]
Presolve removed 131482 rows and 128814 columns
Presolve time: 0.55s
Presolved: 126639 rows, 373587 columns, 743930 nonzeros
Presolved model has 3166 quadratic objective terms
Ordering time: 0.16s

Barrier statistics:
 AA' NZ     : 3.709e+05
 Factor NZ  : 4.212e+06 (roughly 240 MB of memory)
 Factor Ops : 3.974e+08 (less than 1 second per iteration)
 Threads    : 8

                  Objective                Residual
Iter       Primal          Dual         Primal    Dual     Compl     Time
   0  -1.08317503e+09  8.63519135e+08  7.80e+04 1.13e-13  1.00e+06     1s
   1  -6.18921795e+08  5.71280668e+08  1.71e+04 1.38e+02  2.40e+05     1s
   2  -3.10611784e+08  3.10600813e+08  2.27e+02 1.12e+00  4.46e+03     1s
   3  -7.30077213e+07  7.36685406e+07  1.91e+00 1.45e-12  3.18e+02     1s
   4  -1.39047441e+07  1.45877229e+07  1.61e-01 5.66e-12  5.89e+01     1s
   5  -2.54594997e+06  2.82082283e+06  1.24e-02 1.25e-12  1.09e+01     1s
   6  -3.71083305e+05  4.26061322e+05  1.24e-08 9.82e-13  1.60e+00     2s
   7  -5.55658002e+04  6.99473146e+04  1.32e-13 6.66e-13  2.53e-01     2s
   8  -8.37594017e+03  1.00214895e+04  4.70e-14 2.36e-13  3.70e-02     2s
   9  -1.33850615e+03  1.64782070e+03  1.95e-14 4.26e-14  6.01e-03     2s
  10  -2.16725522e+02  2.10043184e+02  1.05e-14 2.84e-14  8.59e-04     2s
  11  -4.54292415e+01  3.46707831e+01  2.47e-15 2.13e-14  1.61e-04     2s
  12  -5.88348211e+00  9.17514841e+00  1.19e-15 1.42e-14  3.03e-05     2s
  13  -1.96694896e-01  6.18156846e+00  3.44e-16 1.42e-14  1.28e-05     2s
  14   2.40613711e+00  4.43018293e+00  1.16e-16 1.51e-14  4.07e-06     3s
  15   2.91670752e+00  4.12556760e+00  7.39e-17 2.13e-14  2.43e-06     3s
  16   3.43264901e+00  3.85268760e+00  1.25e-16 1.42e-14  8.45e-07     3s
  17   3.58546360e+00  3.77432340e+00  1.05e-16 1.42e-14  3.80e-07     3s
  18   3.62615847e+00  3.75627026e+00  6.99e-17 1.42e-14  2.62e-07     3s
  19   3.66249537e+00  3.74105098e+00  6.42e-17 1.42e-14  1.58e-07     3s
  20   3.68951704e+00  3.72958922e+00  8.29e-17 1.42e-14  8.06e-08     3s
  21   3.70240156e+00  3.72475473e+00  8.18e-17 1.42e-14  4.50e-08     3s
  22   3.71147877e+00  3.72139412e+00  7.64e-17 1.42e-14  1.99e-08     3s
  23   3.71424147e+00  3.72039360e+00  8.61e-17 1.42e-14  1.24e-08     3s
  24   3.71532503e+00  3.71999670e+00  5.77e-17 1.42e-14  9.40e-09     3s
  25   3.71724970e+00  3.71930955e+00  1.66e-16 1.42e-14  4.14e-09     3s
  26   3.71849810e+00  3.71886499e+00  9.89e-17 1.42e-14  7.38e-10     3s
  27   3.71871728e+00  3.71878716e+00  1.57e-16 1.42e-14  1.41e-10     4s
  28   3.71876551e+00  3.71877007e+00  2.53e-16 1.42e-14  9.17e-12     4s
  29   3.71876873e+00  3.71876893e+00  2.93e-16 1.42e-14  4.05e-13     4s
  30   3.71876883e+00  3.71876889e+00  1.79e-15 1.42e-14  1.24e-13     4s
  31   3.71876887e+00  3.71876888e+00  6.52e-16 2.84e-14  2.87e-14     4s
  32   3.71876887e+00  3.71876888e+00  6.85e-16 2.13e-14  7.48e-15     4s
  33   3.71876888e+00  3.71876888e+00  3.32e-16 1.42e-14  2.81e-15     4s
  34   3.71876888e+00  3.71876888e+00  2.92e-16 1.42e-14  2.60e-15     4s
  35   3.71876888e+00  3.71876888e+00  2.93e-16 1.42e-14  1.26e-15     4s
  36   3.71876888e+00  3.71876888e+00  1.54e-16 1.42e-14  8.16e-16     4s
  37   3.71876888e+00  3.71876888e+00  1.32e-16 1.42e-14  4.09e-16     4s
  38   3.71876888e+00  3.71876888e+00  1.45e-16 1.42e-14  1.70e-16     4s
  39   3.71876888e+00  3.71876888e+00  1.47e-16 1.42e-14  1.60e-16     5s
  40   3.71876888e+00  3.71876888e+00  1.08e-16 1.42e-14  8.79e-17     5s

Barrier solved model in 40 iterations and 4.68 seconds (4.36 work units)
Optimal objective 3.71876888e+00

objective value: 3.718768877191287
Done! Time elapsed: 25.64209818840027 seconds.
g_0_1: 1.04055472641506
g_1_1: 1.0242051284647267
g_1_2: 1.0717501339585525
g_2_1: 1.0432291213287022
g_2_2: 1.1326559078352483
g_2_3: 1.043326693111771
g_2_4: 1.133124453458133
Parameters from last iteration: [0.18112163 0.72419019 0.1865528  0.73763019 0.19715519 0.73770221
 0.19725204]

Parameters from current iteration:
                [0.18105652 0.72411303 0.18648452 0.73756299 0.19708213 0.73763197
 0.19716365]


                Percentage Error = 0.00044807792277844785
                
year done: 20
Time 21: 2
Optimization Iteration[1/20000]

Solving the optimization problem...
Set parameter TokenServer to value "licenses.rcc.uchicago.edu"
Read LP format model from file /scratch/local/jobs/50183995/tmp6ej_c1vc.pyomo.lp
Reading time = 1.36 seconds
x1: 258121 rows, 502401 columns, 1259970 nonzeros
Set parameter Threads to value 8
Set parameter BarConvTol to value 1e-12
Gurobi Optimizer version 11.0.0 build v11.0.0rc2 (linux64 - "CentOS Linux 8")

CPU model: Intel(R) Xeon(R) Gold 6248R CPU @ 3.00GHz, instruction set [SSE2|AVX|AVX2|AVX512]
Thread count: 48 physical cores, 48 logical processors, using up to 8 threads

Optimize a model with 258121 rows, 502401 columns and 1259970 nonzeros
Model fingerprint: 0x9f72c51f
Model has 3166 quadratic objective terms
Coefficient statistics:
  Matrix range     [1e+00, 1e+03]
  Objective range  [6e-08, 7e+01]
  QObjective range [4e-01, 3e+03]
  Bounds range     [3e-04, 1e+00]
  RHS range        [5e-17, 6e+00]
Presolve removed 131482 rows and 128814 columns
Presolve time: 0.56s
Presolved: 126639 rows, 373587 columns, 743930 nonzeros
Presolved model has 3166 quadratic objective terms
Ordering time: 0.16s

Barrier statistics:
 AA' NZ     : 3.709e+05
 Factor NZ  : 4.212e+06 (roughly 240 MB of memory)
 Factor Ops : 3.974e+08 (less than 1 second per iteration)
 Threads    : 8

                  Objective                Residual
Iter       Primal          Dual         Primal    Dual     Compl     Time
   0  -1.08262651e+09  8.62970724e+08  7.80e+04 1.14e-13  1.00e+06     1s
   1  -6.18876041e+08  5.71214296e+08  1.71e+04 1.38e+02  2.40e+05     1s
   2  -3.10717482e+08  3.10705908e+08  2.27e+02 1.12e+00  4.46e+03     1s
   3  -7.30485199e+07  7.37093591e+07  1.91e+00 1.46e-12  3.18e+02     1s
   4  -1.39119543e+07  1.45950191e+07  1.62e-01 6.41e-12  5.89e+01     1s
   5  -2.54747400e+06  2.82247479e+06  1.24e-02 1.20e-12  1.09e+01     1s
   6  -3.71304412e+05  4.26309552e+05  1.24e-08 8.17e-13  1.60e+00     2s
   7  -5.56007474e+04  7.00000640e+04  8.89e-14 7.17e-13  2.53e-01     2s
   8  -8.38121291e+03  1.00272859e+04  5.40e-14 2.84e-13  3.70e-02     2s
   9  -1.33950004e+03  1.64903997e+03  2.04e-14 4.26e-14  6.01e-03     2s
  10  -2.16971327e+02  2.09945651e+02  8.31e-15 3.11e-14  8.59e-04     2s
  11  -4.56252173e+01  3.46071761e+01  2.42e-15 1.42e-14  1.61e-04     2s
  12  -5.13269683e+00  8.61107807e+00  9.84e-16 1.42e-14  2.77e-05     2s
  13   8.00517452e-01  5.22416079e+00  2.55e-16 2.84e-14  8.90e-06     2s
  14   2.44352168e+00  4.23241263e+00  2.14e-16 1.42e-14  3.60e-06     3s
  15   2.95525696e+00  3.90531053e+00  7.80e-17 1.42e-14  1.91e-06     3s
  16   3.33164798e+00  3.70611639e+00  1.01e-16 2.13e-14  7.53e-07     3s
  17   3.46094948e+00  3.64476335e+00  5.16e-17 2.84e-14  3.70e-07     3s
  18   3.53121233e+00  3.61538683e+00  8.57e-17 1.42e-14  1.69e-07     3s
  19   3.54586442e+00  3.60889008e+00  9.31e-17 2.13e-14  1.27e-07     3s
  20   3.57183235e+00  3.59911961e+00  1.14e-16 1.42e-14  5.49e-08     3s
  21   3.57950516e+00  3.59624675e+00  5.41e-17 1.42e-14  3.37e-08     3s
  22   3.58704188e+00  3.59347758e+00  4.61e-17 1.42e-14  1.29e-08     3s
  23   3.59023358e+00  3.59233027e+00  6.91e-17 1.42e-14  4.22e-09     3s
  24   3.59125965e+00  3.59196440e+00  1.61e-16 1.42e-14  1.42e-09     3s
  25   3.59169212e+00  3.59181122e+00  1.22e-16 2.84e-14  2.40e-10     3s
  26   3.59176340e+00  3.59178600e+00  1.64e-16 2.84e-14  4.55e-11     3s
  27   3.59177977e+00  3.59178021e+00  1.94e-16 1.42e-14  8.87e-13     3s
  28   3.59178002e+00  3.59178013e+00  1.39e-15 1.42e-14  2.17e-13     4s
  29   3.59178008e+00  3.59178010e+00  2.36e-15 1.42e-14  5.48e-14     4s
  30   3.59178009e+00  3.59178010e+00  1.14e-15 1.42e-14  1.35e-14     4s
  31   3.59178010e+00  3.59178010e+00  8.36e-16 1.42e-14  3.52e-15     4s
  32   3.59178010e+00  3.59178010e+00  3.98e-16 1.42e-14  2.50e-15     4s
  33   3.59178010e+00  3.59178010e+00  3.31e-16 2.13e-14  7.42e-16     4s
  34   3.59178010e+00  3.59178010e+00  1.20e-16 1.42e-14  3.13e-16     4s
  35   3.59178010e+00  3.59178010e+00  9.81e-17 1.42e-14  2.55e-16     4s
  36   3.59178010e+00  3.59178010e+00  8.51e-17 1.42e-14  1.38e-16     4s
  37   3.59178010e+00  3.59178010e+00  8.24e-17 1.42e-14  1.35e-16     4s
  38   3.59178010e+00  3.59178010e+00  6.12e-17 1.42e-14  1.17e-16     5s
  39   3.59178010e+00  3.59178010e+00  7.13e-17 1.42e-14  7.54e-17     5s

Barrier solved model in 39 iterations and 4.61 seconds (4.28 work units)
Optimal objective 3.59178010e+00

objective value: 3.5917800971168607
Done! Time elapsed: 25.736255884170532 seconds.
g_0_1: 1.0402379688239272
g_1_1: 1.024121484231355
g_1_2: 1.071434530666062
g_2_1: 1.0431713551145787
g_2_2: 1.1323661550497797
g_2_3: 1.0432394540484293
g_2_4: 1.1327264748842907
Parameters from last iteration: [0.18105652 0.72411303 0.18648452 0.73756299 0.19708213 0.73763197
 0.19716365]

Parameters from current iteration:
                [0.18100141 0.72405389 0.18642961 0.73752215 0.19703171 0.73757029
 0.19709441]


                Percentage Error = 0.0003512222974517551
                
year done: 21
Time 22: 2
Optimization Iteration[1/20000]

Solving the optimization problem...
Set parameter TokenServer to value "licenses.rcc.uchicago.edu"
Read LP format model from file /scratch/local/jobs/50183995/tmpygrukqdg.pyomo.lp
Reading time = 1.36 seconds
x1: 258121 rows, 502401 columns, 1259970 nonzeros
Set parameter Threads to value 8
Set parameter BarConvTol to value 1e-12
Gurobi Optimizer version 11.0.0 build v11.0.0rc2 (linux64 - "CentOS Linux 8")

CPU model: Intel(R) Xeon(R) Gold 6248R CPU @ 3.00GHz, instruction set [SSE2|AVX|AVX2|AVX512]
Thread count: 48 physical cores, 48 logical processors, using up to 8 threads

Optimize a model with 258121 rows, 502401 columns and 1259970 nonzeros
Model fingerprint: 0x70866517
Model has 3166 quadratic objective terms
Coefficient statistics:
  Matrix range     [1e+00, 1e+03]
  Objective range  [6e-08, 7e+01]
  QObjective range [4e-01, 3e+03]
  Bounds range     [3e-04, 1e+00]
  RHS range        [5e-17, 6e+00]
Presolve removed 131482 rows and 128814 columns
Presolve time: 0.55s
Presolved: 126639 rows, 373587 columns, 743930 nonzeros
Presolved model has 3166 quadratic objective terms
Ordering time: 0.16s

Barrier statistics:
 AA' NZ     : 3.709e+05
 Factor NZ  : 4.212e+06 (roughly 240 MB of memory)
 Factor Ops : 3.974e+08 (less than 1 second per iteration)
 Threads    : 8

                  Objective                Residual
Iter       Primal          Dual         Primal    Dual     Compl     Time
   0  -1.08248231e+09  8.62826614e+08  7.80e+04 1.14e-13  1.00e+06     1s
   1  -6.18886720e+08  5.71209131e+08  1.71e+04 1.38e+02  2.40e+05     1s
   2  -3.10802783e+08  3.10790682e+08  2.27e+02 1.12e+00  4.47e+03     1s
   3  -7.30828059e+07  7.37436587e+07  1.91e+00 1.33e-12  3.19e+02     1s
   4  -1.39179337e+07  1.46010677e+07  1.62e-01 4.61e-12  5.89e+01     1s
   5  -2.54874124e+06  2.82384819e+06  1.24e-02 1.34e-12  1.09e+01     1s
   6  -3.71488642e+05  4.26517858e+05  1.24e-08 7.88e-13  1.61e+00     2s
   7  -5.56301265e+04  7.00453945e+04  1.05e-13 6.22e-13  2.53e-01     2s
   8  -8.38568395e+03  1.00322340e+04  5.07e-14 2.31e-13  3.71e-02     2s
   9  -1.34036275e+03  1.65006490e+03  1.43e-14 5.68e-14  6.02e-03     2s
  10  -2.17214490e+02  2.09909838e+02  8.11e-15 2.84e-14  8.59e-04     2s
  11  -4.44792347e+01  3.47425489e+01  1.86e-15 1.51e-14  1.59e-04     2s
  12  -5.38750302e+00  8.68899908e+00  1.11e-15 2.13e-14  2.83e-05     2s
  13   1.03591388e+00  4.84846603e+00  4.13e-16 2.84e-14  7.67e-06     2s
  14   2.16369350e+00  4.19852639e+00  1.31e-16 2.84e-14  4.09e-06     2s
  15   3.00800543e+00  3.69829971e+00  5.12e-17 1.42e-14  1.39e-06     3s
  16   3.09959923e+00  3.63100697e+00  4.07e-17 1.42e-14  1.07e-06     3s
  17   3.27897729e+00  3.54925760e+00  8.22e-17 1.42e-14  5.44e-07     3s
  18   3.35801715e+00  3.51150289e+00  7.81e-17 1.42e-14  3.09e-07     3s
  19   3.40613255e+00  3.49215782e+00  5.57e-17 1.42e-14  1.73e-07     3s
  20   3.43217520e+00  3.48176255e+00  8.85e-17 1.42e-14  9.98e-08     3s
  21   3.44851690e+00  3.47536638e+00  7.05e-17 1.42e-14  5.40e-08     3s
  22   3.45933001e+00  3.47134236e+00  4.65e-16 1.42e-14  2.42e-08     3s
  23   3.46325859e+00  3.46991949e+00  1.33e-16 1.42e-14  1.34e-08     3s
  24   3.46531651e+00  3.46917432e+00  5.85e-17 1.42e-14  7.76e-09     3s
  25   3.46761083e+00  3.46835405e+00  2.53e-16 1.42e-14  1.50e-09     3s
  26   3.46797443e+00  3.46822460e+00  1.39e-16 1.42e-14  5.03e-10     3s
  27   3.46813921e+00  3.46816628e+00  1.24e-16 1.42e-14  5.44e-11     4s
  28   3.46815846e+00  3.46815947e+00  1.42e-16 1.42e-14  2.02e-12     4s
  29   3.46815914e+00  3.46815923e+00  8.62e-16 2.84e-14  1.66e-13     4s
  30   3.46815919e+00  3.46815921e+00  1.69e-15 1.78e-14  4.54e-14     4s
  31   3.46815920e+00  3.46815921e+00  5.73e-16 1.42e-14  1.12e-14     4s
  32   3.46815920e+00  3.46815921e+00  3.48e-16 1.42e-14  2.94e-15     4s
  33   3.46815921e+00  3.46815921e+00  1.94e-16 1.42e-14  1.27e-15     4s
  34   3.46815921e+00  3.46815921e+00  1.89e-16 1.42e-14  1.15e-15     4s
  35   3.46815921e+00  3.46815921e+00  1.49e-16 1.42e-14  6.03e-16     4s
  36   3.46815921e+00  3.46815921e+00  1.28e-16 1.42e-14  4.38e-16     4s
  37   3.46815921e+00  3.46815921e+00  1.52e-16 1.42e-14  1.56e-16     4s
  38   3.46815921e+00  3.46815921e+00  1.24e-16 1.42e-14  8.94e-17     5s

Barrier solved model in 38 iterations and 4.57 seconds (4.24 work units)
Optimal objective 3.46815921e+00

objective value: 3.46815920579801
Done! Time elapsed: 25.693541288375854 seconds.
g_0_1: 1.0399792724098271
g_1_1: 1.024057018746802
g_1_2: 1.0711662030385345
g_2_1: 1.0431295966227832
g_2_2: 1.1321336008140959
g_2_3: 1.0431767340642146
g_2_4: 1.132421459581489
Parameters from last iteration: [0.18100141 0.72405389 0.18642961 0.73752215 0.19703171 0.73757029
 0.19709441]

Parameters from current iteration:
                [0.18095639 0.72400831 0.18638292 0.73749262 0.19699125 0.73752595
 0.19704133]


                Percentage Error = 0.0002692753366013634
                
year done: 22
Time 23: 2
Optimization Iteration[1/20000]

Solving the optimization problem...
Set parameter TokenServer to value "licenses.rcc.uchicago.edu"
Read LP format model from file /scratch/local/jobs/50183995/tmph5dne4dp.pyomo.lp
Reading time = 1.34 seconds
x1: 258121 rows, 502401 columns, 1259970 nonzeros
Set parameter Threads to value 8
Set parameter BarConvTol to value 1e-12
Gurobi Optimizer version 11.0.0 build v11.0.0rc2 (linux64 - "CentOS Linux 8")

CPU model: Intel(R) Xeon(R) Gold 6248R CPU @ 3.00GHz, instruction set [SSE2|AVX|AVX2|AVX512]
Thread count: 48 physical cores, 48 logical processors, using up to 8 threads

Optimize a model with 258121 rows, 502401 columns and 1259970 nonzeros
Model fingerprint: 0xe5898e71
Model has 3166 quadratic objective terms
Coefficient statistics:
  Matrix range     [1e+00, 1e+03]
  Objective range  [6e-08, 7e+01]
  QObjective range [4e-01, 3e+03]
  Bounds range     [3e-04, 1e+00]
  RHS range        [5e-17, 6e+00]
Presolve removed 131482 rows and 128814 columns
Presolve time: 0.54s
Presolved: 126639 rows, 373587 columns, 743930 nonzeros
Presolved model has 3166 quadratic objective terms
Ordering time: 0.16s

Barrier statistics:
 AA' NZ     : 3.709e+05
 Factor NZ  : 4.212e+06 (roughly 240 MB of memory)
 Factor Ops : 3.974e+08 (less than 1 second per iteration)
 Threads    : 8

                  Objective                Residual
Iter       Primal          Dual         Primal    Dual     Compl     Time
   0  -1.08236067e+09  8.62705045e+08  7.80e+04 1.14e-13  1.00e+06     1s
   1  -6.18895403e+08  5.71204582e+08  1.71e+04 1.38e+02  2.40e+05     1s
   2  -3.10874862e+08  3.10862313e+08  2.27e+02 1.12e+00  4.47e+03     1s
   3  -7.31117705e+07  7.37726346e+07  1.92e+00 1.42e-12  3.19e+02     1s
   4  -1.39229590e+07  1.46061505e+07  1.62e-01 3.98e-12  5.90e+01     1s
   5  -2.54980780e+06  2.82500357e+06  1.24e-02 1.23e-12  1.09e+01     1s
   6  -3.71644136e+05  4.26695495e+05  1.24e-08 8.51e-13  1.61e+00     2s
   7  -5.56550698e+04  7.00843835e+04  1.35e-13 7.07e-13  2.53e-01     2s
   8  -8.38952258e+03  1.00365573e+04  4.91e-14 2.55e-13  3.71e-02     2s
   9  -1.34111800e+03  1.65092110e+03  2.54e-14 3.11e-14  6.02e-03     2s
  10  -2.17440171e+02  2.09863688e+02  5.55e-15 2.84e-14  8.60e-04     2s
  11  -3.56057833e+01  3.52975958e+01  2.20e-15 2.13e-14  1.43e-04     2s
  12  -4.82030855e+00  8.81253320e+00  8.55e-16 2.49e-14  2.74e-05     2s
  13   1.24573994e+00  4.52284510e+00  3.18e-16 2.84e-14  6.59e-06     2s
  14   2.47299439e+00  3.74667494e+00  1.26e-16 1.42e-14  2.56e-06     3s
  15   2.88301385e+00  3.55402567e+00  1.17e-16 1.42e-14  1.35e-06     3s
  16   3.11924475e+00  3.44189087e+00  6.65e-17 1.42e-14  6.49e-07     3s
  17   3.23645272e+00  3.39108864e+00  5.98e-17 2.84e-14  3.11e-07     3s
  18   3.26786595e+00  3.37858257e+00  5.43e-17 1.42e-14  2.23e-07     3s
  19   3.29785718e+00  3.36684409e+00  4.36e-17 1.42e-14  1.39e-07     3s
  20   3.31422039e+00  3.36057381e+00  3.22e-17 1.42e-14  9.33e-08     3s
  21   3.32776112e+00  3.35542024e+00  6.76e-17 1.42e-14  5.56e-08     3s
  22   3.33898591e+00  3.35125801e+00  7.96e-17 1.42e-14  2.47e-08     3s
  23   3.34130103e+00  3.35041542e+00  7.90e-17 1.42e-14  1.83e-08     3s
  24   3.34590839e+00  3.34875420e+00  6.69e-17 1.42e-14  5.73e-09     3s
  25   3.34730989e+00  3.34825300e+00  2.59e-16 1.42e-14  1.90e-09     3s
  26   3.34790654e+00  3.34804074e+00  3.16e-16 1.42e-14  2.70e-10     3s
  27   3.34798982e+00  3.34801119e+00  4.07e-16 1.42e-14  4.30e-11     4s
  28   3.34800191e+00  3.34800690e+00  3.70e-16 2.13e-14  1.00e-11     4s
  29   3.34800553e+00  3.34800562e+00  7.34e-16 1.42e-14  1.84e-13     4s
  30   3.34800557e+00  3.34800560e+00  1.20e-14 1.42e-14  6.61e-14     4s
  31   3.34800559e+00  3.34800560e+00  7.21e-15 1.42e-14  1.49e-14     4s
  32   3.34800559e+00  3.34800560e+00  4.55e-15 1.42e-14  3.98e-15     4s
  33   3.34800559e+00  3.34800560e+00  2.91e-15 1.42e-14  1.24e-15     4s
  34   3.34800559e+00  3.34800560e+00  2.61e-15 1.42e-14  1.17e-15     4s
  35   3.34800560e+00  3.34800560e+00  1.83e-15 2.84e-14  6.45e-16     4s
  36   3.34800560e+00  3.34800560e+00  1.44e-15 1.42e-14  5.31e-16     4s
  37   3.34800560e+00  3.34800560e+00  1.04e-15 1.42e-14  2.54e-16     4s
  38   3.34800560e+00  3.34800560e+00  5.97e-16 1.42e-14  1.45e-16     4s
  39   3.34800560e+00  3.34800560e+00  1.03e-15 1.42e-14  8.17e-17     5s

Barrier solved model in 39 iterations and 4.59 seconds (4.28 work units)
Optimal objective 3.34800560e+00

objective value: 3.348005595311807
Done! Time elapsed: 27.149561405181885 seconds.
g_0_1: 1.039757732284878
g_1_1: 1.0240066209512366
g_1_2: 1.0709682618516174
g_2_1: 1.043102944299365
g_2_2: 1.1319964156662234
g_2_3: 1.0431350469102236
g_2_4: 1.1321828312196007
Parameters from last iteration: [0.18095639 0.72400831 0.18638292 0.73749262 0.19699125 0.73752595
 0.19704133]

Parameters from current iteration:
                [0.18091785 0.72397268 0.18634848 0.73747378 0.19696738 0.73749648
 0.19699981]


                Percentage Error = 0.00021302359655288902
                
year done: 23
Time 24: 2
Optimization Iteration[1/20000]

Solving the optimization problem...
Set parameter TokenServer to value "licenses.rcc.uchicago.edu"
Read LP format model from file /scratch/local/jobs/50183995/tmplf1tvmdn.pyomo.lp
Reading time = 1.35 seconds
x1: 258121 rows, 502401 columns, 1259970 nonzeros
Set parameter Threads to value 8
Set parameter BarConvTol to value 1e-12
Gurobi Optimizer version 11.0.0 build v11.0.0rc2 (linux64 - "CentOS Linux 8")

CPU model: Intel(R) Xeon(R) Gold 6248R CPU @ 3.00GHz, instruction set [SSE2|AVX|AVX2|AVX512]
Thread count: 48 physical cores, 48 logical processors, using up to 8 threads

Optimize a model with 258121 rows, 502401 columns and 1259970 nonzeros
Model fingerprint: 0x96fabd1f
Model has 3166 quadratic objective terms
Coefficient statistics:
  Matrix range     [1e+00, 1e+03]
  Objective range  [6e-08, 7e+01]
  QObjective range [4e-01, 3e+03]
  Bounds range     [3e-04, 1e+00]
  RHS range        [5e-17, 6e+00]
Presolve removed 131482 rows and 128814 columns
Presolve time: 0.55s
Presolved: 126639 rows, 373587 columns, 743930 nonzeros
Presolved model has 3166 quadratic objective terms
Ordering time: 0.16s

Barrier statistics:
 AA' NZ     : 3.709e+05
 Factor NZ  : 4.212e+06 (roughly 240 MB of memory)
 Factor Ops : 3.974e+08 (less than 1 second per iteration)
 Threads    : 8

                  Objective                Residual
Iter       Primal          Dual         Primal    Dual     Compl     Time
   0  -1.08226180e+09  8.62606236e+08  7.80e+04 1.14e-13  1.00e+06     1s
   1  -6.18899143e+08  5.71198931e+08  1.71e+04 1.38e+02  2.40e+05     1s
   2  -3.10928626e+08  3.10915715e+08  2.27e+02 1.12e+00  4.47e+03     1s
   3  -7.31344300e+07  7.37953009e+07  1.92e+00 1.49e-12  3.19e+02     1s
   4  -1.39267907e+07  1.46100243e+07  1.62e-01 4.82e-12  5.90e+01     1s
   5  -2.55062519e+06  2.82588856e+06  1.24e-02 1.22e-12  1.09e+01     1s
   6  -3.71763972e+05  4.26835227e+05  1.24e-08 2.08e-12  1.61e+00     2s
   7  -5.56744708e+04  7.01153289e+04  1.06e-13 5.58e-13  2.53e-01     2s
   8  -8.39255114e+03  1.00400189e+04  5.90e-14 2.61e-13  3.71e-02     2s
   9  -1.34173454e+03  1.65157624e+03  1.88e-14 2.84e-14  6.02e-03     2s
  10  -2.17640913e+02  2.09806516e+02  6.94e-15 2.84e-14  8.60e-04     2s
  11  -4.75666936e+01  3.44570547e+01  2.11e-15 2.13e-14  1.65e-04     2s
  12  -8.15542041e+00  1.23542214e+01  9.25e-16 1.42e-14  4.13e-05     2s
  13   2.78689169e-01  4.44963072e+00  3.76e-16 1.42e-14  8.39e-06     2s
  14   2.14980268e+00  3.71880887e+00  2.02e-16 1.42e-14  3.16e-06     3s
  15   2.70045419e+00  3.46750237e+00  1.10e-16 1.42e-14  1.54e-06     3s
  16   2.85990355e+00  3.39444920e+00  7.73e-17 2.13e-14  1.08e-06     3s
  17   3.08012944e+00  3.29435604e+00  5.04e-17 1.42e-14  4.31e-07     3s
  18   3.15350306e+00  3.26225405e+00  1.36e-16 1.42e-14  2.19e-07     3s
  19   3.17290245e+00  3.25390894e+00  6.08e-17 1.42e-14  1.63e-07     3s
  20   3.19900817e+00  3.24364810e+00  7.99e-17 1.42e-14  8.98e-08     3s
  21   3.21338393e+00  3.23805696e+00  5.40e-17 1.42e-14  4.96e-08     3s
  22   3.22177580e+00  3.23493823e+00  5.04e-17 1.42e-14  2.65e-08     3s
  23   3.22599720e+00  3.23336578e+00  8.34e-17 1.51e-14  1.48e-08     3s
  24   3.22965091e+00  3.23204362e+00  9.26e-17 1.42e-14  4.81e-09     3s
  25   3.23050341e+00  3.23173746e+00  8.83e-17 1.42e-14  2.48e-09     3s
  26   3.23108554e+00  3.23152917e+00  5.70e-17 1.42e-14  8.93e-10     4s
  27   3.23134217e+00  3.23143829e+00  1.56e-16 1.42e-14  1.93e-10     4s
  28   3.23140719e+00  3.23141529e+00  3.80e-16 1.42e-14  1.63e-11     4s
  29   3.23141309e+00  3.23141321e+00  2.07e-16 1.42e-14  2.28e-13     4s
  30   3.23141315e+00  3.23141319e+00  3.03e-15 1.42e-14  6.91e-14     4s
  31   3.23141317e+00  3.23141318e+00  2.84e-15 1.42e-14  1.71e-14     4s
  32   3.23141317e+00  3.23141318e+00  1.74e-15 1.42e-14  4.48e-15     4s
  33   3.23141318e+00  3.23141318e+00  9.68e-16 2.13e-14  1.33e-15     4s
  34   3.23141318e+00  3.23141318e+00  5.72e-16 1.42e-14  9.23e-16     4s
  35   3.23141318e+00  3.23141318e+00  3.74e-16 1.42e-14  4.44e-16     4s
  36   3.23141318e+00  3.23141318e+00  3.18e-16 1.42e-14  3.93e-16     4s
  37   3.23141318e+00  3.23141318e+00  2.38e-16 1.42e-14  1.85e-16     4s
  38   3.23141318e+00  3.23141318e+00  1.36e-16 1.42e-14  1.29e-16     5s
  39   3.23141318e+00  3.23141318e+00  1.15e-16 1.42e-14  8.72e-17     5s

Barrier solved model in 39 iterations and 4.63 seconds (4.29 work units)
Optimal objective 3.23141318e+00

objective value: 3.231413176223927
Done! Time elapsed: 25.448415279388428 seconds.
g_0_1: 1.0396068168430606
g_1_1: 1.0239864894248736
g_1_2: 1.070830357999237
g_2_1: 1.0431029442980917
g_2_2: 1.1319251545620979
g_2_3: 1.0431092073718178
g_2_4: 1.1320538911464886
Parameters from last iteration: [0.18091785 0.72397268 0.18634848 0.73747378 0.19696738 0.73749648
 0.19699981]

Parameters from current iteration:
                [0.18089159 0.72395845 0.18632448 0.73747378 0.19695498 0.73747821
 0.19697738]


                Percentage Error = 0.00014514481319192132
                
year done: 24
Time 25: 2
Optimization Iteration[1/20000]

Solving the optimization problem...
Set parameter TokenServer to value "licenses.rcc.uchicago.edu"
Read LP format model from file /scratch/local/jobs/50183995/tmp7suw80k4.pyomo.lp
Reading time = 1.37 seconds
x1: 258121 rows, 502401 columns, 1259970 nonzeros
Set parameter Threads to value 8
Set parameter BarConvTol to value 1e-12
Gurobi Optimizer version 11.0.0 build v11.0.0rc2 (linux64 - "CentOS Linux 8")

CPU model: Intel(R) Xeon(R) Gold 6248R CPU @ 3.00GHz, instruction set [SSE2|AVX|AVX2|AVX512]
Thread count: 48 physical cores, 48 logical processors, using up to 8 threads

Optimize a model with 258121 rows, 502401 columns and 1259970 nonzeros
Model fingerprint: 0x8453d39e
Model has 3166 quadratic objective terms
Coefficient statistics:
  Matrix range     [1e+00, 1e+03]
  Objective range  [6e-08, 7e+01]
  QObjective range [4e-01, 3e+03]
  Bounds range     [3e-04, 1e+00]
  RHS range        [6e-17, 6e+00]
Presolve removed 131482 rows and 128814 columns
Presolve time: 0.60s
Presolved: 126639 rows, 373587 columns, 743930 nonzeros
Presolved model has 3166 quadratic objective terms
Ordering time: 0.16s

Barrier statistics:
 AA' NZ     : 3.709e+05
 Factor NZ  : 4.212e+06 (roughly 240 MB of memory)
 Factor Ops : 3.974e+08 (less than 1 second per iteration)
 Threads    : 8

                  Objective                Residual
Iter       Primal          Dual         Primal    Dual     Compl     Time
   0  -1.08218920e+09  8.62533663e+08  7.80e+04 1.14e-13  1.00e+06     1s
   1  -6.18902592e+08  5.71195210e+08  1.71e+04 1.38e+02  2.40e+05     1s
   2  -3.10970387e+08  3.10957183e+08  2.27e+02 1.12e+00  4.47e+03     1s
   3  -7.31524115e+07  7.38132873e+07  1.92e+00 1.78e-12  3.19e+02     1s
   4  -1.39298024e+07  1.46130685e+07  1.62e-01 4.75e-12  5.90e+01     1s
   5  -2.55126919e+06  2.82658559e+06  1.24e-02 1.42e-12  1.09e+01     2s
   6  -3.71858590e+05  4.26946290e+05  1.24e-08 8.88e-13  1.61e+00     2s
   7  -5.56898667e+04  7.01400663e+04  1.29e-13 6.21e-13  2.53e-01     2s
   8  -8.39498377e+03  1.00427938e+04  5.25e-14 2.51e-13  3.71e-02     2s
   9  -1.34224706e+03  1.65207420e+03  2.14e-14 3.64e-14  6.02e-03     2s
  10  -2.17822402e+02  2.09740284e+02  7.07e-15 2.84e-14  8.60e-04     2s
  11  -4.77196799e+01  3.43703900e+01  2.45e-15 2.84e-14  1.65e-04     2s
  12  -8.96662764e+00  1.22810131e+01  9.94e-16 1.78e-14  4.27e-05     2s
  13   2.56245664e-01  4.35922870e+00  3.41e-16 1.42e-14  8.25e-06     2s
  14   1.98628879e+00  3.65147344e+00  1.89e-16 2.84e-14  3.35e-06     3s
  15   2.69446320e+00  3.31426360e+00  6.55e-17 1.42e-14  1.25e-06     3s
  16   2.83246114e+00  3.24260573e+00  3.98e-17 1.42e-14  8.25e-07     3s
  17   2.95266521e+00  3.18724578e+00  1.11e-16 1.42e-14  4.72e-07     3s
  18   3.04718500e+00  3.14580505e+00  8.31e-17 1.42e-14  1.98e-07     3s
  19   3.06319448e+00  3.13928979e+00  4.11e-17 1.42e-14  1.53e-07     3s
  20   3.08433089e+00  3.13098863e+00  5.42e-17 1.42e-14  9.39e-08     3s
  21   3.09740584e+00  3.12602308e+00  5.40e-17 1.47e-14  5.76e-08     3s
  22   3.10877779e+00  3.12166267e+00  7.04e-17 1.42e-14  2.59e-08     3s
  23   3.11311514e+00  3.12008430e+00  3.40e-17 1.42e-14  1.40e-08     3s
  24   3.11440699e+00  3.11960789e+00  6.05e-17 1.42e-14  1.05e-08     3s
  25   3.11714829e+00  3.11863013e+00  7.24e-17 1.42e-14  2.98e-09     3s
  26   3.11776784e+00  3.11840922e+00  7.41e-17 2.13e-14  1.29e-09     4s
  27   3.11820891e+00  3.11825313e+00  1.72e-16 1.42e-14  8.90e-11     4s
  28   3.11823626e+00  3.11824346e+00  1.57e-16 1.42e-14  1.45e-11     4s
  29   3.11824139e+00  3.11824165e+00  2.34e-16 1.42e-14  5.28e-13     4s
  30   3.11824154e+00  3.11824159e+00  8.56e-16 1.42e-14  1.10e-13     4s
  31   3.11824157e+00  3.11824158e+00  1.17e-15 1.42e-14  2.86e-14     4s
  32   3.11824158e+00  3.11824158e+00  5.58e-16 1.42e-14  7.24e-15     4s
  33   3.11824158e+00  3.11824158e+00  5.75e-16 1.42e-14  1.89e-15     4s
  34   3.11824158e+00  3.11824158e+00  2.51e-16 1.42e-14  1.08e-15     4s
  35   3.11824158e+00  3.11824158e+00  2.07e-16 2.13e-14  7.54e-16     4s
  36   3.11824158e+00  3.11824158e+00  1.93e-16 1.42e-14  3.89e-16     4s
  37   3.11824158e+00  3.11824158e+00  1.36e-16 1.42e-14  2.47e-16     4s
  38   3.11824158e+00  3.11824158e+00  1.16e-16 1.42e-14  1.36e-16     5s
  39   3.11824158e+00  3.11824158e+00  9.66e-17 1.42e-14  8.59e-17     5s

Barrier solved model in 39 iterations and 4.68 seconds (4.28 work units)
Optimal objective 3.11824158e+00

objective value: 3.1182415790777207
Done! Time elapsed: 25.244603395462036 seconds.
g_0_1: 1.0395121880918223
g_1_1: 1.023979092622877
g_1_2: 1.070733193705663
g_2_1: 1.0431029442984394
g_2_2: 1.131872476167384
g_2_3: 1.0431029443013353
g_2_4: 1.131959154271277
Parameters from last iteration: [0.18089159 0.72395845 0.18632448 0.73747378 0.19695498 0.73747821
 0.19697738]

Parameters from current iteration:
                [0.18087512 0.72395322 0.18630758 0.73747378 0.19694581 0.73747378
 0.19696089]


                Percentage Error = 9.102359633006513e-05
                
year done: 25
Time 26: 2
Optimization Iteration[1/20000]

Solving the optimization problem...
Set parameter TokenServer to value "licenses.rcc.uchicago.edu"
Read LP format model from file /scratch/local/jobs/50183995/tmpbo2m7wdw.pyomo.lp
Reading time = 1.36 seconds
x1: 258121 rows, 502401 columns, 1259970 nonzeros
Set parameter Threads to value 8
Set parameter BarConvTol to value 1e-12
Gurobi Optimizer version 11.0.0 build v11.0.0rc2 (linux64 - "CentOS Linux 8")

CPU model: Intel(R) Xeon(R) Gold 6248R CPU @ 3.00GHz, instruction set [SSE2|AVX|AVX2|AVX512]
Thread count: 48 physical cores, 48 logical processors, using up to 8 threads

Optimize a model with 258121 rows, 502401 columns and 1259970 nonzeros
Model fingerprint: 0xa48b1c9e
Model has 3166 quadratic objective terms
Coefficient statistics:
  Matrix range     [1e+00, 1e+03]
  Objective range  [6e-08, 7e+01]
  QObjective range [4e-01, 3e+03]
  Bounds range     [3e-04, 1e+00]
  RHS range        [6e-17, 6e+00]
Presolve removed 131482 rows and 128814 columns
Presolve time: 0.62s
Presolved: 126639 rows, 373587 columns, 743930 nonzeros
Presolved model has 3166 quadratic objective terms
Ordering time: 0.17s

Barrier statistics:
 AA' NZ     : 3.709e+05
 Factor NZ  : 4.212e+06 (roughly 240 MB of memory)
 Factor Ops : 3.974e+08 (less than 1 second per iteration)
 Threads    : 8

                  Objective                Residual
Iter       Primal          Dual         Primal    Dual     Compl     Time
   0  -1.08213680e+09  8.62481285e+08  7.80e+04 1.14e-13  1.00e+06     1s
   1  -6.18905726e+08  5.71192911e+08  1.71e+04 1.38e+02  2.40e+05     1s
   2  -3.11001680e+08  3.10988277e+08  2.28e+02 1.12e+00  4.47e+03     1s
   3  -7.31650688e+07  7.38259487e+07  1.92e+00 1.37e-12  3.19e+02     1s
   4  -1.39319210e+07  1.46152096e+07  1.62e-01 6.69e-12  5.90e+01     2s
   5  -2.55172305e+06  2.82707601e+06  1.24e-02 1.30e-12  1.09e+01     2s
   6  -3.71925618e+05  4.27026308e+05  1.24e-08 2.29e-12  1.61e+00     2s
   7  -5.57009554e+04  7.01584600e+04  9.83e-14 7.00e-13  2.53e-01     2s
   8  -8.39677729e+03  1.00448369e+04  5.26e-14 2.17e-13  3.71e-02     2s
   9  -1.34265011e+03  1.65241388e+03  2.12e-14 2.84e-14  6.03e-03     2s
  10  -2.17983676e+02  2.09663599e+02  7.78e-15 2.84e-14  8.60e-04     2s
  11  -4.22288512e+01  3.53186083e+01  2.70e-15 2.84e-14  1.56e-04     2s
  12  -8.73769487e+00  1.07394056e+01  7.13e-16 1.42e-14  3.92e-05     2s
  13   6.98720345e-01  4.10868260e+00  4.22e-16 2.13e-14  6.86e-06     3s
  14   1.43830880e+00  3.70103676e+00  2.44e-16 1.42e-14  4.55e-06     3s
  15   2.48416144e+00  3.20054446e+00  2.46e-16 1.42e-14  1.44e-06     3s
  16   2.65547492e+00  3.13652818e+00  9.13e-17 2.04e-14  9.68e-07     3s
  17   2.79730476e+00  3.09284018e+00  9.58e-17 1.42e-14  5.95e-07     3s
  18   2.88395259e+00  3.05765070e+00  8.41e-17 1.42e-14  3.49e-07     3s
  19   2.94476618e+00  3.03280873e+00  8.47e-17 1.47e-14  1.77e-07     3s
  20   2.97992840e+00  3.01918993e+00  4.31e-17 1.42e-14  7.90e-08     3s
  21   2.98347804e+00  3.01786868e+00  2.73e-17 1.42e-14  6.92e-08     3s
  22   2.99371475e+00  3.01408975e+00  3.40e-17 1.42e-14  4.10e-08     3s
  23   3.00520853e+00  3.00988474e+00  6.65e-17 1.42e-14  9.41e-09     3s
  24   3.00629086e+00  3.00949418e+00  5.47e-17 1.42e-14  6.44e-09     4s
  25   3.00734302e+00  3.00911656e+00  6.38e-17 1.42e-14  3.57e-09     4s
  26   3.00842022e+00  3.00873333e+00  6.78e-17 1.42e-14  6.30e-10     4s
  27   3.00861746e+00  3.00866331e+00  5.00e-17 1.42e-14  9.22e-11     4s
  28   3.00865085e+00  3.00865148e+00  1.22e-16 1.42e-14  1.25e-12     4s
  29   3.00865127e+00  3.00865133e+00  1.20e-15 1.42e-14  1.30e-13     4s
  30   3.00865130e+00  3.00865132e+00  4.04e-15 2.13e-14  3.30e-14     4s
  31   3.00865131e+00  3.00865131e+00  9.47e-16 1.42e-14  4.09e-15     4s
  32   3.00865131e+00  3.00865131e+00  3.11e-16 1.42e-14  1.51e-15     4s
  33   3.00865131e+00  3.00865131e+00  2.65e-16 1.47e-14  1.39e-15     4s
  34   3.00865131e+00  3.00865131e+00  1.38e-16 1.42e-14  7.00e-16     4s
  35   3.00865131e+00  3.00865131e+00  1.32e-16 1.42e-14  6.03e-16     5s
  36   3.00865131e+00  3.00865131e+00  1.04e-16 1.42e-14  2.93e-16     5s
  37   3.00865131e+00  3.00865131e+00  8.55e-17 1.42e-14  2.06e-16     5s
  38   3.00865131e+00  3.00865131e+00  1.13e-16 2.13e-14  1.06e-16     5s
  39   3.00865131e+00  3.00865131e+00  1.07e-16 2.13e-14  9.04e-17     5s

Barrier solved model in 39 iterations and 5.02 seconds (4.34 work units)
Optimal objective 3.00865131e+00

objective value: 3.0086513125484973
Done! Time elapsed: 25.396376609802246 seconds.
g_0_1: 1.0394526875372452
g_1_1: 1.0239783492141035
g_1_2: 1.0706943699176736
g_2_1: 1.0431029442972888
g_2_2: 1.1318503213047402
g_2_3: 1.043102944300363
g_2_4: 1.1319064958387899
Parameters from last iteration: [0.18087512 0.72395322 0.18630758 0.73747378 0.19694581 0.73747378
 0.19696089]

Parameters from current iteration:
                [0.18086477 0.72395269 0.18630082 0.73747378 0.19694196 0.73747378
 0.19695173]


                Percentage Error = 5.723891961892863e-05
                
year done: 26
Time 27: 2
Optimization Iteration[1/20000]

Solving the optimization problem...
Set parameter TokenServer to value "licenses.rcc.uchicago.edu"
Read LP format model from file /scratch/local/jobs/50183995/tmp9pzmz3_b.pyomo.lp
Reading time = 1.34 seconds
x1: 258121 rows, 502401 columns, 1259970 nonzeros
Set parameter Threads to value 8
Set parameter BarConvTol to value 1e-12
Gurobi Optimizer version 11.0.0 build v11.0.0rc2 (linux64 - "CentOS Linux 8")

CPU model: Intel(R) Xeon(R) Gold 6248R CPU @ 3.00GHz, instruction set [SSE2|AVX|AVX2|AVX512]
Thread count: 48 physical cores, 48 logical processors, using up to 8 threads

Optimize a model with 258121 rows, 502401 columns and 1259970 nonzeros
Model fingerprint: 0x4da50c31
Model has 3166 quadratic objective terms
Coefficient statistics:
  Matrix range     [1e+00, 1e+03]
  Objective range  [6e-08, 7e+01]
  QObjective range [4e-01, 3e+03]
  Bounds range     [3e-04, 1e+00]
  RHS range        [6e-17, 6e+00]
Presolve removed 131482 rows and 128814 columns
Presolve time: 0.56s
Presolved: 126639 rows, 373587 columns, 743930 nonzeros
Presolved model has 3166 quadratic objective terms
Ordering time: 0.17s

Barrier statistics:
 AA' NZ     : 3.709e+05
 Factor NZ  : 4.212e+06 (roughly 240 MB of memory)
 Factor Ops : 3.974e+08 (less than 1 second per iteration)
 Threads    : 8

                  Objective                Residual
Iter       Primal          Dual         Primal    Dual     Compl     Time
   0  -1.08210648e+09  8.62450971e+08  7.80e+04 1.14e-13  1.00e+06     1s
   1  -6.18908254e+08  5.71192006e+08  1.71e+04 1.38e+02  2.40e+05     1s
   2  -3.11021148e+08  3.11007623e+08  2.28e+02 1.12e+00  4.48e+03     1s
   3  -7.31728513e+07  7.38337336e+07  1.92e+00 2.14e-12  3.19e+02     1s
   4  -1.39331903e+07  1.46164918e+07  1.62e-01 4.44e-12  5.90e+01     1s
   5  -2.55199687e+06  2.82737124e+06  1.24e-02 1.38e-12  1.09e+01     2s
   6  -3.71966424e+05  4.27076358e+05  1.24e-08 8.78e-13  1.61e+00     2s
   7  -5.57079386e+04  7.01707575e+04  1.24e-13 7.06e-13  2.53e-01     2s
   8  -8.39795429e+03  1.00461453e+04  6.12e-14 2.81e-13  3.71e-02     2s
   9  -1.34294737e+03  1.65260441e+03  2.00e-14 4.26e-14  6.03e-03     2s
  10  -2.18124690e+02  2.09576837e+02  7.86e-15 1.69e-14  8.60e-04     2s
  11  -4.79880862e+01  3.41830835e+01  1.98e-15 1.64e-14  1.65e-04     2s
  12  -7.32718455e+00  1.10555104e+01  1.11e-15 1.42e-14  3.70e-05     2s
  13   8.69605110e-01  3.76483887e+00  3.82e-16 2.13e-14  5.82e-06     3s
  14   2.11802799e+00  3.24357580e+00  1.93e-16 1.42e-14  2.26e-06     3s
  15   2.49224862e+00  3.08908011e+00  7.24e-17 1.42e-14  1.20e-06     3s
  16   2.72440784e+00  2.97986101e+00  5.75e-17 1.42e-14  5.14e-07     3s
  17   2.80417592e+00  2.94233710e+00  1.01e-16 1.42e-14  2.78e-07     3s
  18   2.85855246e+00  2.91911815e+00  5.21e-17 1.42e-14  1.22e-07     3s
  19   2.87828158e+00  2.91176172e+00  5.05e-17 1.42e-14  6.74e-08     3s
  20   2.89172904e+00  2.90676314e+00  1.17e-16 1.42e-14  3.02e-08     3s
  21   2.89501973e+00  2.90555246e+00  7.71e-17 1.42e-14  2.12e-08     3s
  22   2.89560264e+00  2.90533982e+00  6.06e-17 1.42e-14  1.96e-08     3s
  23   2.89723484e+00  2.90474076e+00  5.62e-17 1.42e-14  1.51e-08     3s
  24   2.89943339e+00  2.90394288e+00  6.77e-17 2.84e-14  9.07e-09     4s
  25   2.90061359e+00  2.90351258e+00  4.23e-17 1.42e-14  5.83e-09     4s
  26   2.90174311e+00  2.90310979e+00  4.51e-17 1.42e-14  2.75e-09     4s
  27   2.90252846e+00  2.90283134e+00  4.99e-17 2.84e-14  6.09e-10     4s
  28   2.90273466e+00  2.90275842e+00  8.44e-17 2.13e-14  4.78e-11     4s
  29   2.90275191e+00  2.90275232e+00  1.97e-16 2.13e-14  8.37e-13     4s
  30   2.90275217e+00  2.90275223e+00  1.61e-15 1.42e-14  1.04e-13     4s
  31   2.90275220e+00  2.90275222e+00  4.35e-15 1.42e-14  2.73e-14     4s
  32   2.90275221e+00  2.90275221e+00  9.88e-16 1.42e-14  6.76e-15     4s
  33   2.90275221e+00  2.90275221e+00  4.83e-16 1.42e-14  1.78e-15     4s
  34   2.90275221e+00  2.90275221e+00  3.75e-16 1.42e-14  8.81e-16     4s
  35   2.90275221e+00  2.90275221e+00  2.75e-16 1.42e-14  7.65e-16     5s
  36   2.90275221e+00  2.90275221e+00  2.03e-16 1.42e-14  4.31e-16     5s
  37   2.90275221e+00  2.90275221e+00  1.91e-16 1.42e-14  4.15e-16     5s
  38   2.90275221e+00  2.90275221e+00  2.13e-16 1.42e-14  2.02e-16     5s
  39   2.90275221e+00  2.90275221e+00  1.45e-16 1.42e-14  1.45e-16     5s
  40   2.90275221e+00  2.90275221e+00  1.16e-16 1.42e-14  8.80e-17     5s

Barrier solved model in 40 iterations and 5.04 seconds (4.35 work units)
Optimal objective 2.90275221e+00

objective value: 2.902752212680128
Done! Time elapsed: 27.008627891540527 seconds.
g_0_1: 1.0394171335413867
g_1_1: 1.0239783492150396
g_1_2: 1.0706819121980575
g_2_1: 1.0431029442979332
g_2_2: 1.1318503212964257
g_2_3: 1.0431029443009308
g_2_4: 1.1318664598634232
Parameters from last iteration: [0.18086477 0.72395269 0.18630082 0.73747378 0.19694196 0.73747378
 0.19695173]

Parameters from current iteration:
                [0.18085858 0.72395269 0.18629865 0.73747378 0.19694196 0.73747378
 0.19694476]


                Percentage Error = 3.537039102953154e-05
                
year done: 27
Time 28: 2
Optimization Iteration[1/20000]

Solving the optimization problem...
Set parameter TokenServer to value "licenses.rcc.uchicago.edu"
Read LP format model from file /scratch/local/jobs/50183995/tmpkx_7nvaz.pyomo.lp
Reading time = 1.34 seconds
x1: 258121 rows, 502401 columns, 1259970 nonzeros
Set parameter Threads to value 8
Set parameter BarConvTol to value 1e-12
Gurobi Optimizer version 11.0.0 build v11.0.0rc2 (linux64 - "CentOS Linux 8")

CPU model: Intel(R) Xeon(R) Gold 6248R CPU @ 3.00GHz, instruction set [SSE2|AVX|AVX2|AVX512]
Thread count: 48 physical cores, 48 logical processors, using up to 8 threads

Optimize a model with 258121 rows, 502401 columns and 1259970 nonzeros
Model fingerprint: 0x1039346a
Model has 3166 quadratic objective terms
Coefficient statistics:
  Matrix range     [1e+00, 1e+03]
  Objective range  [6e-08, 7e+01]
  QObjective range [4e-01, 3e+03]
  Bounds range     [3e-04, 1e+00]
  RHS range        [6e-17, 6e+00]
Presolve removed 131482 rows and 128814 columns
Presolve time: 0.57s
Presolved: 126639 rows, 373587 columns, 743930 nonzeros
Presolved model has 3166 quadratic objective terms
Ordering time: 0.16s

Barrier statistics:
 AA' NZ     : 3.709e+05
 Factor NZ  : 4.212e+06 (roughly 240 MB of memory)
 Factor Ops : 3.974e+08 (less than 1 second per iteration)
 Threads    : 8

                  Objective                Residual
Iter       Primal          Dual         Primal    Dual     Compl     Time
   0  -1.08209019e+09  8.62434688e+08  7.80e+04 1.13e-13  1.00e+06     1s
   1  -6.18908938e+08  5.71191123e+08  1.71e+04 1.38e+02  2.40e+05     1s
   2  -3.11030456e+08  3.11016868e+08  2.28e+02 1.12e+00  4.48e+03     1s
   3  -7.31767354e+07  7.38376185e+07  1.92e+00 1.47e-12  3.19e+02     1s
   4  -1.39337837e+07  1.46170904e+07  1.62e-01 4.65e-12  5.90e+01     1s
   5  -2.55212709e+06  2.82751091e+06  1.24e-02 1.33e-12  1.09e+01     2s
   6  -3.71986346e+05  4.27102706e+05  1.24e-08 1.37e-12  1.61e+00     2s
   7  -5.57116221e+04  7.01780426e+04  1.63e-13 6.37e-13  2.53e-01     2s
   8  -8.39863405e+03  1.00468670e+04  5.03e-14 2.19e-13  3.71e-02     2s
   9  -1.34315773e+03  1.65267543e+03  2.14e-14 4.26e-14  6.03e-03     2s
  10  -2.18248043e+02  2.09483863e+02  7.66e-15 2.84e-14  8.61e-04     2s
  11  -4.81055759e+01  3.40874164e+01  2.02e-15 2.84e-14  1.65e-04     2s
  12  -8.36431739e+00  1.15198782e+01  8.95e-16 1.78e-14  4.00e-05     2s
  13   7.71148486e-01  3.35006166e+00  3.01e-16 1.42e-14  5.19e-06     3s
  14   2.25454179e+00  3.00498650e+00  3.36e-16 1.42e-14  1.51e-06     3s
  15   2.58953804e+00  2.88491606e+00  7.78e-17 1.42e-14  5.94e-07     3s
  16   2.70969913e+00  2.83612144e+00  4.81e-17 1.42e-14  2.54e-07     3s
  17   2.72176962e+00  2.83087612e+00  3.92e-17 1.42e-14  2.20e-07     3s
  18   2.77156761e+00  2.81155826e+00  6.06e-17 2.84e-14  8.05e-08     3s
  19   2.78803214e+00  2.80525660e+00  5.53e-17 2.13e-14  3.47e-08     3s
  20   2.79634570e+00  2.80222318e+00  6.59e-17 1.42e-14  1.18e-08     3s
  21   2.79943715e+00  2.80111894e+00  6.10e-17 1.42e-14  3.38e-09     3s
  22   2.80028516e+00  2.80081633e+00  1.32e-16 2.84e-14  1.07e-09     3s
  23   2.80063099e+00  2.80069416e+00  7.96e-17 1.42e-14  1.27e-10     3s
  24   2.80066961e+00  2.80068052e+00  1.28e-16 1.42e-14  2.19e-11     4s
  25   2.80067744e+00  2.80067775e+00  2.60e-16 1.82e-14  6.35e-13     4s
  26   2.80067759e+00  2.80067770e+00  1.36e-15 1.42e-14  2.11e-13     4s
  27   2.80067765e+00  2.80067768e+00  6.82e-16 1.42e-14  4.74e-14     4s
  28   2.80067767e+00  2.80067767e+00  6.13e-16 1.42e-14  1.23e-14     4s
  29   2.80067767e+00  2.80067767e+00  3.96e-16 1.42e-14  3.73e-15     4s
  30   2.80067767e+00  2.80067767e+00  3.74e-16 1.42e-14  3.57e-15     4s
  31   2.80067767e+00  2.80067767e+00  2.38e-16 1.42e-14  2.27e-15     4s
  32   2.80067767e+00  2.80067767e+00  1.61e-16 1.42e-14  1.09e-15     4s
  33   2.80067767e+00  2.80067767e+00  1.61e-16 1.42e-14  7.79e-16     4s
  34   2.80067767e+00  2.80067767e+00  1.89e-16 1.42e-14  3.95e-16     4s
  35   2.80067767e+00  2.80067767e+00  1.28e-16 1.42e-14  2.90e-16     5s
  36   2.80067767e+00  2.80067767e+00  1.09e-16 1.42e-14  2.28e-16     5s
  37   2.80067767e+00  2.80067767e+00  9.20e-17 1.42e-14  1.95e-16     5s
  38   2.80067767e+00  2.80067767e+00  8.62e-17 1.42e-14  1.27e-16     5s
  39   2.80067767e+00  2.80067767e+00  8.76e-17 1.42e-14  6.62e-17     5s

Barrier solved model in 39 iterations and 4.99 seconds (4.30 work units)
Optimal objective 2.80067767e+00

objective value: 2.8006776701289704
Done! Time elapsed: 25.199249982833862 seconds.
g_0_1: 1.0394032881927182
g_1_1: 1.0239783492222727
g_1_2: 1.0706807116079462
g_2_1: 1.043102944303125
g_2_2: 1.131850321221802
g_2_3: 1.0431029443053694
g_2_4: 1.1318503210135369
Parameters from last iteration: [0.18085858 0.72395269 0.18629865 0.73747378 0.19694196 0.73747378
 0.19694476]

Parameters from current iteration:
                [0.18085617 0.72395269 0.18629844 0.73747378 0.19694196 0.73747378
 0.19694196]


                Percentage Error = 1.4258616593542513e-05
                
year done: 28
Time 29: 2
Optimization Iteration[1/20000]

Solving the optimization problem...
Set parameter TokenServer to value "licenses.rcc.uchicago.edu"
Read LP format model from file /scratch/local/jobs/50183995/tmp3qvvisct.pyomo.lp
Reading time = 1.35 seconds
x1: 258121 rows, 502401 columns, 1259970 nonzeros
Set parameter Threads to value 8
Set parameter BarConvTol to value 1e-12
Gurobi Optimizer version 11.0.0 build v11.0.0rc2 (linux64 - "CentOS Linux 8")

CPU model: Intel(R) Xeon(R) Gold 6248R CPU @ 3.00GHz, instruction set [SSE2|AVX|AVX2|AVX512]
Thread count: 48 physical cores, 48 logical processors, using up to 8 threads

Optimize a model with 258121 rows, 502401 columns and 1259970 nonzeros
Model fingerprint: 0x9ab35f89
Model has 3166 quadratic objective terms
Coefficient statistics:
  Matrix range     [1e+00, 1e+03]
  Objective range  [6e-08, 7e+01]
  QObjective range [4e-01, 3e+03]
  Bounds range     [3e-04, 1e+00]
  RHS range        [6e-17, 6e+00]
Presolve removed 131482 rows and 128814 columns
Presolve time: 0.55s
Presolved: 126639 rows, 373587 columns, 743930 nonzeros
Presolved model has 3166 quadratic objective terms
Ordering time: 0.16s

Barrier statistics:
 AA' NZ     : 3.709e+05
 Factor NZ  : 4.212e+06 (roughly 240 MB of memory)
 Factor Ops : 3.974e+08 (less than 1 second per iteration)
 Threads    : 8

                  Objective                Residual
Iter       Primal          Dual         Primal    Dual     Compl     Time
   0  -1.08208437e+09  8.62428867e+08  7.80e+04 1.13e-13  1.00e+06     1s
   1  -6.18909306e+08  5.71190880e+08  1.71e+04 1.38e+02  2.40e+05     1s
   2  -3.11033993e+08  3.11020380e+08  2.28e+02 1.12e+00  4.48e+03     1s
   3  -7.31782223e+07  7.38391055e+07  1.92e+00 1.70e-12  3.19e+02     1s
   4  -1.39339876e+07  1.46172953e+07  1.62e-01 6.74e-12  5.90e+01     1s
   5  -2.55217342e+06  2.82755989e+06  1.24e-02 1.19e-12  1.09e+01     1s
   6  -3.71993927e+05  4.27114449e+05  1.24e-08 9.98e-13  1.61e+00     2s
   7  -5.57132712e+04  7.01818817e+04  1.25e-13 8.08e-13  2.53e-01     2s
   8  -8.39899982e+03  1.00472028e+04  6.69e-14 2.27e-13  3.71e-02     2s
   9  -1.34330992e+03  1.65266606e+03  2.28e-14 4.26e-14  6.03e-03     2s
  10  -2.18358028e+02  2.09388984e+02  7.45e-15 2.84e-14  8.61e-04     2s
  11  -4.67888247e+01  3.39055030e+01  2.84e-15 1.42e-14  1.62e-04     2s
  12  -9.08789183e+00  1.14566217e+01  1.14e-15 2.13e-14  4.13e-05     2s
  13   7.09878120e-01  3.50873755e+00  3.07e-16 1.42e-14  5.63e-06     2s
  14   2.19903029e+00  2.84398687e+00  2.42e-16 1.22e-14  1.30e-06     3s
  15   2.37947720e+00  2.79310819e+00  1.43e-16 2.84e-14  8.32e-07     3s
  16   2.58229374e+00  2.74229809e+00  1.88e-16 1.42e-14  3.22e-07     3s
  17   2.62522510e+00  2.73050448e+00  1.43e-16 1.42e-14  2.12e-07     3s
  18   2.66339349e+00  2.71658803e+00  1.22e-16 1.42e-14  1.07e-07     3s
  19   2.67442138e+00  2.71258458e+00  9.10e-17 1.42e-14  7.68e-08     3s
  20   2.69105361e+00  2.70656807e+00  6.67e-17 1.42e-14  3.12e-08     3s
  21   2.69924315e+00  2.70359784e+00  9.88e-17 1.42e-14  8.76e-09     3s
  22   2.70184841e+00  2.70267279e+00  5.41e-17 2.84e-14  1.66e-09     3s
  23   2.70231466e+00  2.70250732e+00  5.10e-17 2.13e-14  3.88e-10     3s
  24   2.70244126e+00  2.70246256e+00  6.73e-17 1.42e-14  4.28e-11     3s
  25   2.70245658e+00  2.70245714e+00  3.12e-16 1.42e-14  1.13e-12     3s
  26   2.70245690e+00  2.70245703e+00  9.03e-16 1.42e-14  2.73e-13     4s
  27   2.70245697e+00  2.70245700e+00  1.42e-15 1.42e-14  6.86e-14     4s
  28   2.70245699e+00  2.70245700e+00  9.84e-16 1.42e-14  1.68e-14     4s
  29   2.70245699e+00  2.70245700e+00  6.13e-16 1.42e-14  4.39e-15     4s
  30   2.70245699e+00  2.70245700e+00  3.00e-16 1.42e-14  2.71e-15     4s
  31   2.70245699e+00  2.70245700e+00  2.13e-16 1.42e-14  2.01e-15     4s
  32   2.70245700e+00  2.70245700e+00  1.73e-16 1.42e-14  7.52e-16     4s
  33   2.70245700e+00  2.70245700e+00  1.71e-16 1.42e-14  7.38e-16     4s
  34   2.70245700e+00  2.70245700e+00  1.61e-16 2.13e-14  7.08e-16     4s
  35   2.70245700e+00  2.70245700e+00  1.60e-16 1.42e-14  3.46e-16     4s
  36   2.70245700e+00  2.70245700e+00  9.54e-17 1.42e-14  2.33e-16     4s
  37   2.70245700e+00  2.70245700e+00  1.53e-16 1.42e-14  1.13e-16     5s
  38   2.70245700e+00  2.70245700e+00  1.06e-16 1.42e-14  6.13e-17     5s

Barrier solved model in 38 iterations and 4.76 seconds (4.25 work units)
Optimal objective 2.70245700e+00

objective value: 2.7024569956645585
Done! Time elapsed: 25.183876991271973 seconds.
g_0_1: 1.0393987904836948
g_1_1: 1.0239783492239238
g_1_2: 1.070680711605849
g_2_1: 1.0431029443043203
g_2_2: 1.1318503212053312
g_2_3: 1.0431029443063942
g_2_4: 1.1318503210122441
Parameters from last iteration: [0.18085617 0.72395269 0.18629844 0.73747378 0.19694196 0.73747378
 0.19694196]

Parameters from current iteration:
                [0.18085539 0.72395269 0.18629844 0.73747378 0.19694196 0.73747378
 0.19694196]


                Percentage Error = 4.3272029966432615e-06
                
year done: 29
Time 30: 2
Optimization Iteration[1/20000]

Solving the optimization problem...
Set parameter TokenServer to value "licenses.rcc.uchicago.edu"
Read LP format model from file /scratch/local/jobs/50183995/tmppkw0526u.pyomo.lp
Reading time = 1.35 seconds
x1: 258121 rows, 502401 columns, 1259970 nonzeros
Set parameter Threads to value 8
Set parameter BarConvTol to value 1e-12
Gurobi Optimizer version 11.0.0 build v11.0.0rc2 (linux64 - "CentOS Linux 8")

CPU model: Intel(R) Xeon(R) Gold 6248R CPU @ 3.00GHz, instruction set [SSE2|AVX|AVX2|AVX512]
Thread count: 48 physical cores, 48 logical processors, using up to 8 threads

Optimize a model with 258121 rows, 502401 columns and 1259970 nonzeros
Model fingerprint: 0xa64f2141
Model has 3166 quadratic objective terms
Coefficient statistics:
  Matrix range     [1e+00, 1e+03]
  Objective range  [6e-08, 7e+01]
  QObjective range [4e-01, 3e+03]
  Bounds range     [3e-04, 1e+00]
  RHS range        [6e-17, 6e+00]
Presolve removed 131482 rows and 128814 columns
Presolve time: 0.55s
Presolved: 126639 rows, 373587 columns, 743930 nonzeros
Presolved model has 3166 quadratic objective terms
Ordering time: 0.16s

Barrier statistics:
 AA' NZ     : 3.709e+05
 Factor NZ  : 4.212e+06 (roughly 240 MB of memory)
 Factor Ops : 3.974e+08 (less than 1 second per iteration)
 Threads    : 8

                  Objective                Residual
Iter       Primal          Dual         Primal    Dual     Compl     Time
   0  -1.08208291e+09  8.62427412e+08  7.80e+04 1.13e-13  1.00e+06     1s
   1  -6.18909510e+08  5.71190885e+08  1.71e+04 1.38e+02  2.40e+05     1s
   2  -3.11035105e+08  3.11021483e+08  2.28e+02 1.12e+00  4.48e+03     1s
   3  -7.31786886e+07  7.38395716e+07  1.92e+00 1.69e-12  3.19e+02     1s
   4  -1.39340352e+07  1.46173425e+07  1.62e-01 4.50e-12  5.90e+01     1s
   5  -2.55218551e+06  2.82757207e+06  1.24e-02 1.35e-12  1.09e+01     1s
   6  -3.71996298e+05  4.27119277e+05  1.24e-08 7.97e-13  1.61e+00     2s
   7  -5.57139870e+04  7.01838498e+04  1.07e-13 6.55e-13  2.53e-01     2s
   8  -8.39921222e+03  1.00473294e+04  4.06e-14 2.07e-13  3.71e-02     2s
   9  -1.34343046e+03  1.65261639e+03  2.31e-14 4.26e-14  6.03e-03     2s
  10  -2.18458730e+02  2.09295446e+02  9.20e-15 1.95e-14  8.61e-04     2s
  11  -4.68893825e+01  3.38130947e+01  2.10e-15 1.42e-14  1.62e-04     2s
  12  -9.09667366e+00  1.12249575e+01  1.02e-15 1.42e-14  4.09e-05     2s
  13   6.59163144e-01  3.37897554e+00  4.34e-16 1.42e-14  5.47e-06     2s
  14   2.11677097e+00  2.74899065e+00  2.08e-16 1.42e-14  1.27e-06     2s
  15   2.36924824e+00  2.70702035e+00  1.74e-16 4.26e-14  6.80e-07     3s
  16   2.51494568e+00  2.64480715e+00  6.09e-17 1.42e-14  2.61e-07     3s
  17   2.55938020e+00  2.62701720e+00  3.67e-17 2.84e-14  1.36e-07     3s
  18   2.57104654e+00  2.62226354e+00  2.50e-17 1.42e-14  1.03e-07     3s
  19   2.58785841e+00  2.61572368e+00  5.67e-17 1.42e-14  5.61e-08     3s
  20   2.58886114e+00  2.61533846e+00  5.64e-17 1.60e-14  5.33e-08     3s
  21   2.59472821e+00  2.61307340e+00  5.48e-17 1.42e-14  3.69e-08     3s
  22   2.59726574e+00  2.61212945e+00  5.76e-17 1.42e-14  2.99e-08     3s
  23   2.59993956e+00  2.61112231e+00  2.93e-17 1.42e-14  2.25e-08     3s
  24   2.60532751e+00  2.60913585e+00  5.34e-17 1.42e-14  7.66e-09     3s
  25   2.60742830e+00  2.60838127e+00  1.66e-16 1.42e-14  1.92e-09     3s
  26   2.60805296e+00  2.60815898e+00  7.12e-17 2.13e-14  2.13e-10     3s
  27   2.60812414e+00  2.60813372e+00  8.89e-17 2.84e-14  1.93e-11     4s
  28   2.60813103e+00  2.60813127e+00  3.30e-16 1.42e-14  4.96e-13     4s
  29   2.60813115e+00  2.60813123e+00  2.43e-15 1.42e-14  1.70e-13     4s
  30   2.60813119e+00  2.60813121e+00  1.51e-15 2.84e-14  3.87e-14     4s
  31   2.60813121e+00  2.60813121e+00  1.52e-15 2.84e-14  9.63e-15     4s
  32   2.60813121e+00  2.60813121e+00  8.22e-16 1.42e-14  2.83e-15     4s
  33   2.60813121e+00  2.60813121e+00  7.84e-16 1.42e-14  2.71e-15     4s
  34   2.60813121e+00  2.60813121e+00  5.04e-16 1.42e-14  1.75e-15     4s
  35   2.60813121e+00  2.60813121e+00  3.63e-16 1.42e-14  6.41e-16     4s
  36   2.60813121e+00  2.60813121e+00  3.55e-16 1.42e-14  6.28e-16     4s
  37   2.60813121e+00  2.60813121e+00  3.11e-16 1.42e-14  5.94e-16     4s
  38   2.60813121e+00  2.60813121e+00  2.19e-16 1.42e-14  3.37e-16     5s
  39   2.60813121e+00  2.60813121e+00  1.58e-16 1.42e-14  2.26e-16     5s
  40   2.60813121e+00  2.60813121e+00  1.64e-16 1.42e-14  1.09e-16     5s
  41   2.60813121e+00  2.60813121e+00  1.13e-16 1.42e-14  7.01e-17     5s

Barrier solved model in 41 iterations and 4.82 seconds (4.46 work units)
Optimal objective 2.60813121e+00

objective value: 2.608131209104299
Done! Time elapsed: 25.084685802459717 seconds.
g_0_1: 1.0393974920624258
g_1_1: 1.0239783492210246
g_1_2: 1.0706807116095431
g_2_1: 1.043102944302195
g_2_2: 1.1318503212352664
g_2_3: 1.043102944304587
g_2_4: 1.131850321014463
Parameters from last iteration: [0.18085539 0.72395269 0.18629844 0.73747378 0.19694196 0.73747378
 0.19694196]

Parameters from current iteration:
                [0.18085516 0.72395269 0.18629844 0.73747378 0.19694196 0.73747378
 0.19694196]


                Percentage Error = 1.249204136908623e-06
                
year done: 30
Time 31: 2
Optimization Iteration[1/20000]

Solving the optimization problem...
Set parameter TokenServer to value "licenses.rcc.uchicago.edu"
Read LP format model from file /scratch/local/jobs/50183995/tmpbj18xnj6.pyomo.lp
Reading time = 1.34 seconds
x1: 258121 rows, 502401 columns, 1259970 nonzeros
Set parameter Threads to value 8
Set parameter BarConvTol to value 1e-12
Gurobi Optimizer version 11.0.0 build v11.0.0rc2 (linux64 - "CentOS Linux 8")

CPU model: Intel(R) Xeon(R) Gold 6248R CPU @ 3.00GHz, instruction set [SSE2|AVX|AVX2|AVX512]
Thread count: 48 physical cores, 48 logical processors, using up to 8 threads

Optimize a model with 258121 rows, 502401 columns and 1259970 nonzeros
Model fingerprint: 0xee1911b1
Model has 3166 quadratic objective terms
Coefficient statistics:
  Matrix range     [1e+00, 1e+03]
  Objective range  [6e-08, 7e+01]
  QObjective range [4e-01, 3e+03]
  Bounds range     [3e-04, 1e+00]
  RHS range        [6e-17, 6e+00]
Presolve removed 131482 rows and 128814 columns
Presolve time: 0.55s
Presolved: 126639 rows, 373587 columns, 743930 nonzeros
Presolved model has 3166 quadratic objective terms
Ordering time: 0.16s

Barrier statistics:
 AA' NZ     : 3.709e+05
 Factor NZ  : 4.212e+06 (roughly 240 MB of memory)
 Factor Ops : 3.974e+08 (less than 1 second per iteration)
 Threads    : 8

                  Objective                Residual
Iter       Primal          Dual         Primal    Dual     Compl     Time
   0  -1.08208249e+09  8.62426991e+08  7.80e+04 1.13e-13  1.00e+06     1s
   1  -6.18909569e+08  5.71190886e+08  1.71e+04 1.38e+02  2.40e+05     1s
   2  -3.11035426e+08  3.11021801e+08  2.28e+02 1.12e+00  4.48e+03     1s
   3  -7.31788188e+07  7.38397016e+07  1.92e+00 1.47e-12  3.19e+02     1s
   4  -1.39340372e+07  1.46173439e+07  1.62e-01 4.05e-12  5.90e+01     1s
   5  -2.55218724e+06  2.82757326e+06  1.24e-02 1.24e-12  1.09e+01     1s
   6  -3.71996981e+05  4.27121420e+05  1.24e-08 9.93e-13  1.61e+00     2s
   7  -5.57143468e+04  7.01849178e+04  1.09e-13 7.13e-13  2.53e-01     2s
   8  -8.39935977e+03  1.00473608e+04  4.06e-14 2.08e-13  3.71e-02     2s
   9  -1.34353474e+03  1.65255034e+03  1.86e-14 3.69e-14  6.03e-03     2s
  10  -2.18552814e+02  2.09205083e+02  6.13e-15 2.84e-14  8.61e-04     2s
  11  -4.69836526e+01  3.37235210e+01  2.20e-15 2.84e-14  1.62e-04     2s
  12  -6.90364215e+00  9.34204415e+00  9.91e-16 1.42e-14  3.27e-05     2s
  13   4.46647473e-01  3.47635392e+00  3.14e-16 2.84e-14  6.10e-06     2s
  14   2.02211018e+00  2.67410473e+00  1.74e-16 1.42e-14  1.31e-06     2s
  15   2.26688091e+00  2.62115352e+00  7.02e-17 1.42e-14  7.13e-07     3s
  16   2.43433608e+00  2.54872177e+00  1.23e-16 1.42e-14  2.30e-07     3s
  17   2.45180009e+00  2.54211062e+00  1.21e-16 1.42e-14  1.82e-07     3s
  18   2.49251038e+00  2.52699675e+00  1.01e-16 1.42e-14  6.94e-08     3s
  19   2.49300459e+00  2.52681376e+00  1.01e-16 1.42e-14  6.80e-08     3s
  20   2.50527485e+00  2.52225225e+00  4.35e-17 1.42e-14  3.42e-08     3s
  21   2.50718532e+00  2.52154296e+00  4.05e-17 1.42e-14  2.89e-08     3s
  22   2.50950758e+00  2.52068277e+00  4.96e-17 1.42e-14  2.25e-08     3s
  23   2.51022181e+00  2.52042295e+00  4.88e-17 1.42e-14  2.05e-08     3s
  24   2.51150521e+00  2.51994687e+00  3.46e-17 1.42e-14  1.70e-08     3s
  25   2.51612120e+00  2.51828844e+00  1.06e-16 1.42e-14  4.36e-09     3s
  26   2.51713680e+00  2.51792523e+00  6.87e-17 1.42e-14  1.59e-09     3s
  27   2.51766386e+00  2.51773840e+00  1.01e-16 1.42e-14  1.50e-10     4s
  28   2.51771161e+00  2.51772148e+00  1.02e-16 1.42e-14  1.99e-11     4s
  29   2.51771873e+00  2.51771896e+00  3.33e-16 1.42e-14  4.50e-13     4s
  30   2.51771884e+00  2.51771892e+00  2.34e-15 1.42e-14  1.57e-13     4s
  31   2.51771889e+00  2.51771890e+00  2.00e-15 1.42e-14  3.60e-14     4s
  32   2.51771890e+00  2.51771890e+00  1.43e-15 1.47e-14  8.88e-15     4s
  33   2.51771890e+00  2.51771890e+00  7.06e-16 1.42e-14  2.61e-15     4s
  34   2.51771890e+00  2.51771890e+00  6.11e-16 1.42e-14  2.01e-15     4s
  35   2.51771890e+00  2.51771890e+00  4.22e-16 1.69e-14  1.09e-15     4s
  36   2.51771890e+00  2.51771890e+00  2.27e-16 1.42e-14  5.76e-16     4s
  37   2.51771890e+00  2.51771890e+00  2.01e-16 1.87e-14  4.03e-16     4s
  38   2.51771890e+00  2.51771890e+00  1.80e-16 1.42e-14  2.34e-16     4s
  39   2.51771890e+00  2.51771890e+00  1.36e-16 1.42e-14  1.28e-16     5s
  40   2.51771890e+00  2.51771890e+00  1.23e-16 1.42e-14  1.12e-16     5s
  41   2.51771890e+00  2.51771890e+00  9.89e-17 1.42e-14  7.57e-17     5s

Barrier solved model in 41 iterations and 4.81 seconds (4.46 work units)
Optimal objective 2.51771890e+00

objective value: 2.517718900161273
Done! Time elapsed: 26.74920344352722 seconds.
g_0_1: 1.0393972933885842
g_1_1: 1.0239783492192038
g_1_2: 1.070680711611803
g_2_1: 1.0431029443008561
g_2_2: 1.1318503212542819
g_2_3: 1.043102944303422
g_2_4: 1.1318503210158968
Parameters from last iteration: [0.18085516 0.72395269 0.18629844 0.73747378 0.19694196 0.73747378
 0.19694196]

Parameters from current iteration:
                [0.18085513 0.72395269 0.18629844 0.73747378 0.19694196 0.73747378
 0.19694196]


                Percentage Error = 1.9114327589167293e-07
                
year done: 31
Time 32: 2
Optimization Iteration[1/20000]

Solving the optimization problem...
Set parameter TokenServer to value "licenses.rcc.uchicago.edu"
Read LP format model from file /scratch/local/jobs/50183995/tmpje1o8uai.pyomo.lp
Reading time = 1.34 seconds
x1: 258121 rows, 502401 columns, 1259970 nonzeros
Set parameter Threads to value 8
Set parameter BarConvTol to value 1e-12
Gurobi Optimizer version 11.0.0 build v11.0.0rc2 (linux64 - "CentOS Linux 8")

CPU model: Intel(R) Xeon(R) Gold 6248R CPU @ 3.00GHz, instruction set [SSE2|AVX|AVX2|AVX512]
Thread count: 48 physical cores, 48 logical processors, using up to 8 threads

Optimize a model with 258121 rows, 502401 columns and 1259970 nonzeros
Model fingerprint: 0xfa7d9589
Model has 3166 quadratic objective terms
Coefficient statistics:
  Matrix range     [1e+00, 1e+03]
  Objective range  [6e-08, 7e+01]
  QObjective range [4e-01, 3e+03]
  Bounds range     [3e-04, 1e+00]
  RHS range        [6e-17, 6e+00]
Presolve removed 131482 rows and 128814 columns
Presolve time: 0.55s
Presolved: 126639 rows, 373587 columns, 743930 nonzeros
Presolved model has 3166 quadratic objective terms
Ordering time: 0.16s

Barrier statistics:
 AA' NZ     : 3.709e+05
 Factor NZ  : 4.212e+06 (roughly 240 MB of memory)
 Factor Ops : 3.974e+08 (less than 1 second per iteration)
 Threads    : 8

                  Objective                Residual
Iter       Primal          Dual         Primal    Dual     Compl     Time
   0  -1.08208243e+09  8.62426927e+08  7.80e+04 1.14e-13  1.00e+06     1s
   1  -6.18909578e+08  5.71190886e+08  1.71e+04 1.38e+02  2.40e+05     1s
   2  -3.11035475e+08  3.11021850e+08  2.28e+02 1.12e+00  4.48e+03     1s
   3  -7.31788349e+07  7.38397175e+07  1.92e+00 1.55e-12  3.19e+02     1s
   4  -1.39340275e+07  1.46173336e+07  1.62e-01 4.27e-12  5.90e+01     1s
   5  -2.55218600e+06  2.82757142e+06  1.24e-02 1.28e-12  1.09e+01     1s
   6  -3.71997104e+05  4.27122375e+05  1.24e-08 9.82e-13  1.61e+00     2s
   7  -5.57145520e+04  7.01854928e+04  1.45e-13 7.51e-13  2.53e-01     2s
   8  -8.39947490e+03  1.00473428e+04  5.61e-14 2.19e-13  3.71e-02     2s
   9  -1.34362884e+03  1.65247739e+03  1.63e-14 4.26e-14  6.03e-03     2s
  10  -2.18641503e+02  2.09118386e+02  8.75e-15 4.26e-14  8.61e-04     2s
  11  -4.70725906e+01  3.36373861e+01  1.85e-15 1.42e-14  1.62e-04     2s
  12  -6.36664476e+00  7.47654452e+00  9.29e-16 1.42e-14  2.79e-05     2s
  13   7.40952246e-02  3.56535430e+00  2.95e-16 1.42e-14  7.02e-06     2s
  14   1.89990144e+00  2.60126750e+00  1.07e-16 1.42e-14  1.41e-06     2s
  15   2.16934979e+00  2.54159150e+00  1.02e-16 2.13e-14  7.49e-07     3s
  16   2.35645352e+00  2.45864642e+00  1.05e-16 1.42e-14  2.06e-07     3s
  17   2.39118399e+00  2.44571019e+00  6.19e-17 1.42e-14  1.10e-07     3s
  18   2.39732712e+00  2.44345701e+00  3.14e-17 1.42e-14  9.28e-08     3s
  19   2.41544455e+00  2.43687806e+00  8.33e-17 1.42e-14  4.31e-08     3s
  20   2.42381138e+00  2.43380367e+00  6.33e-17 1.42e-14  2.01e-08     3s
  21   2.42398175e+00  2.43374295e+00  6.02e-17 1.42e-14  1.96e-08     3s
  22   2.42746955e+00  2.43248586e+00  6.76e-17 1.42e-14  1.01e-08     3s
  23   2.42811654e+00  2.43225229e+00  3.50e-17 1.42e-14  8.32e-09     3s
  24   2.42923127e+00  2.43185258e+00  4.36e-17 1.42e-14  5.27e-09     3s
  25   2.42952610e+00  2.43174619e+00  3.08e-17 1.42e-14  4.47e-09     3s
  26   2.43054470e+00  2.43138419e+00  3.91e-17 1.42e-14  1.69e-09     3s
  27   2.43111556e+00  2.43118205e+00  8.47e-17 1.42e-14  1.34e-10     4s
  28   2.43116010e+00  2.43116628e+00  1.16e-16 2.13e-14  1.24e-11     4s
  29   2.43116451e+00  2.43116472e+00  3.73e-16 2.13e-14  4.28e-13     4s
  30   2.43116462e+00  2.43116469e+00  1.91e-15 1.42e-14  1.39e-13     4s
  31   2.43116466e+00  2.43116467e+00  1.02e-15 1.42e-14  3.07e-14     4s
  32   2.43116466e+00  2.43116467e+00  1.01e-15 1.42e-14  7.96e-15     4s
  33   2.43116467e+00  2.43116467e+00  5.34e-16 1.42e-14  2.53e-15     4s
  34   2.43116467e+00  2.43116467e+00  4.49e-16 1.42e-14  2.32e-15     4s
  35   2.43116467e+00  2.43116467e+00  3.69e-16 2.84e-14  9.52e-16     4s
  36   2.43116467e+00  2.43116467e+00  1.41e-16 1.42e-14  5.01e-16     4s
  37   2.43116467e+00  2.43116467e+00  1.28e-16 1.42e-14  4.58e-16     4s
  38   2.43116467e+00  2.43116467e+00  8.47e-17 1.42e-14  2.22e-16     5s
  39   2.43116467e+00  2.43116467e+00  8.75e-17 1.42e-14  1.39e-16     5s
  40   2.43116467e+00  2.43116467e+00  1.03e-16 1.42e-14  8.45e-17     5s

Barrier solved model in 40 iterations and 4.76 seconds (4.41 work units)
Optimal objective 2.43116467e+00

objective value: 2.4311646676799197
Done! Time elapsed: 25.038714170455933 seconds.
g_0_1: 1.039397293394679
g_1_1: 1.023978349216265
g_1_2: 1.0706807116155683
g_2_1: 1.0431029442987059
g_2_2: 1.131850321284639
g_2_3: 1.0431029443015658
g_2_4: 1.1318503210181508
Parameters from last iteration: [0.18085513 0.72395269 0.18629844 0.73747378 0.19694196 0.73747378
 0.19694196]

Parameters from current iteration:
                [0.18085513 0.72395269 0.18629844 0.73747378 0.19694196 0.73747378
 0.19694196]


                Percentage Error = 2.682077475946196e-11
                
year done: 32
Time 33: 2
Optimization Iteration[1/20000]

Solving the optimization problem...
Set parameter TokenServer to value "licenses.rcc.uchicago.edu"
Read LP format model from file /scratch/local/jobs/50183995/tmpqjamtsrv.pyomo.lp
Reading time = 1.35 seconds
x1: 258121 rows, 502401 columns, 1259970 nonzeros
Set parameter Threads to value 8
Set parameter BarConvTol to value 1e-12
Gurobi Optimizer version 11.0.0 build v11.0.0rc2 (linux64 - "CentOS Linux 8")

CPU model: Intel(R) Xeon(R) Gold 6248R CPU @ 3.00GHz, instruction set [SSE2|AVX|AVX2|AVX512]
Thread count: 48 physical cores, 48 logical processors, using up to 8 threads

Optimize a model with 258121 rows, 502401 columns and 1259970 nonzeros
Model fingerprint: 0xc87806bf
Model has 3166 quadratic objective terms
Coefficient statistics:
  Matrix range     [1e+00, 1e+03]
  Objective range  [6e-08, 7e+01]
  QObjective range [4e-01, 3e+03]
  Bounds range     [3e-04, 1e+00]
  RHS range        [6e-17, 6e+00]
Presolve removed 131482 rows and 128814 columns
Presolve time: 0.55s
Presolved: 126639 rows, 373587 columns, 743930 nonzeros
Presolved model has 3166 quadratic objective terms
Ordering time: 0.16s

Barrier statistics:
 AA' NZ     : 3.709e+05
 Factor NZ  : 4.212e+06 (roughly 240 MB of memory)
 Factor Ops : 3.974e+08 (less than 1 second per iteration)
 Threads    : 8

                  Objective                Residual
Iter       Primal          Dual         Primal    Dual     Compl     Time
   0  -1.08208243e+09  8.62426927e+08  7.80e+04 1.13e-13  1.00e+06     1s
   1  -6.18909578e+08  5.71190886e+08  1.71e+04 1.38e+02  2.40e+05     1s
   2  -3.11035475e+08  3.11021850e+08  2.28e+02 1.12e+00  4.48e+03     1s
   3  -7.31788325e+07  7.38397149e+07  1.92e+00 1.43e-12  3.19e+02     1s
   4  -1.39340214e+07  1.46173271e+07  1.62e-01 4.43e-12  5.90e+01     1s
   5  -2.55218512e+06  2.82757014e+06  1.24e-02 1.30e-12  1.09e+01     1s
   6  -3.71997152e+05  4.27122724e+05  1.24e-08 9.68e-13  1.61e+00     2s
   7  -5.57146825e+04  7.01857087e+04  1.40e-13 6.91e-13  2.53e-01     2s
   8  -8.39956993e+03  1.00472908e+04  5.12e-14 2.67e-13  3.71e-02     2s
   9  -1.34371499e+03  1.65240067e+03  2.14e-14 2.93e-14  6.03e-03     2s
  10  -2.18725273e+02  2.09035494e+02  7.06e-15 2.84e-14  8.61e-04     2s
  11  -4.71564958e+01  3.35547630e+01  2.27e-15 2.84e-14  1.62e-04     2s
  12  -6.44550658e+00  7.39123532e+00  8.79e-16 1.42e-14  2.78e-05     2s
  13   9.00341717e-01  2.72801891e+00  3.55e-16 1.42e-14  3.68e-06     2s
  14   1.99909686e+00  2.44630146e+00  4.87e-16 1.42e-14  9.00e-07     3s
  15   2.21937362e+00  2.39791917e+00  2.38e-16 1.42e-14  3.59e-07     3s
  16   2.30067334e+00  2.36636468e+00  1.38e-16 1.42e-14  1.32e-07     3s
  17   2.32087974e+00  2.35842902e+00  5.68e-17 1.42e-14  7.55e-08     3s
  18   2.33910881e+00  2.35172420e+00  9.83e-17 1.42e-14  2.54e-08     3s
  19   2.34526695e+00  2.34947076e+00  6.38e-17 2.84e-14  8.46e-09     3s
  20   2.34779373e+00  2.34856990e+00  9.21e-17 1.42e-14  1.56e-09     3s
  21   2.34828392e+00  2.34839629e+00  1.59e-16 1.42e-14  2.26e-10     3s
  22   2.34835886e+00  2.34836978e+00  7.37e-17 1.42e-14  2.20e-11     3s
  23   2.34836679e+00  2.34836697e+00  3.56e-16 1.42e-14  3.71e-13     3s
  24   2.34836687e+00  2.34836694e+00  2.49e-15 1.42e-14  1.46e-13     3s
  25   2.34836691e+00  2.34836693e+00  2.30e-15 1.42e-14  3.35e-14     3s
  26   2.34836692e+00  2.34836693e+00  2.33e-15 2.84e-14  8.25e-15     4s
  27   2.34836692e+00  2.34836693e+00  1.13e-15 1.42e-14  2.78e-15     4s
  28   2.34836693e+00  2.34836693e+00  1.05e-15 2.84e-14  2.68e-15     4s
  29   2.34836693e+00  2.34836693e+00  7.00e-16 1.42e-14  1.66e-15     4s
  30   2.34836693e+00  2.34836693e+00  3.70e-16 1.73e-14  5.85e-16     4s
  31   2.34836693e+00  2.34836693e+00  2.66e-16 1.42e-14  3.73e-16     4s
  32   2.34836693e+00  2.34836693e+00  1.23e-16 1.42e-14  1.94e-16     4s
  33   2.34836693e+00  2.34836693e+00  1.02e-16 7.11e-15  1.49e-16     4s
  34   2.34836693e+00  2.34836693e+00  1.12e-16 1.42e-14  8.29e-17     4s

Barrier solved model in 34 iterations and 4.27 seconds (3.98 work units)
Optimal objective 2.34836693e+00

objective value: 2.348366925954725
Done! Time elapsed: 24.41107702255249 seconds.
g_0_1: 1.0393972933934914
g_1_1: 1.0239783492167847
g_1_2: 1.0706807116148571
g_2_1: 1.0431029442990642
g_2_2: 1.1318503212789823
g_2_3: 1.0431029443018938
g_2_4: 1.1318503210177357
Parameters from last iteration: [0.18085513 0.72395269 0.18629844 0.73747378 0.19694196 0.73747378
 0.19694196]

Parameters from current iteration:
                [0.18085513 0.72395269 0.18629844 0.73747378 0.19694196 0.73747378
 0.19694196]


                Percentage Error = 4.997617000350859e-12
                
year done: 33
Time 34: 2
Optimization Iteration[1/20000]

Solving the optimization problem...
Set parameter TokenServer to value "licenses.rcc.uchicago.edu"
Read LP format model from file /scratch/local/jobs/50183995/tmpktdvflm1.pyomo.lp
Reading time = 1.34 seconds
x1: 258121 rows, 502401 columns, 1259970 nonzeros
Set parameter Threads to value 8
Set parameter BarConvTol to value 1e-12
Gurobi Optimizer version 11.0.0 build v11.0.0rc2 (linux64 - "CentOS Linux 8")

CPU model: Intel(R) Xeon(R) Gold 6248R CPU @ 3.00GHz, instruction set [SSE2|AVX|AVX2|AVX512]
Thread count: 48 physical cores, 48 logical processors, using up to 8 threads

Optimize a model with 258121 rows, 502401 columns and 1259970 nonzeros
Model fingerprint: 0x7edd01ae
Model has 3166 quadratic objective terms
Coefficient statistics:
  Matrix range     [1e+00, 1e+03]
  Objective range  [6e-08, 7e+01]
  QObjective range [4e-01, 3e+03]
  Bounds range     [3e-04, 1e+00]
  RHS range        [6e-17, 6e+00]
Presolve removed 131482 rows and 128814 columns
Presolve time: 0.55s
Presolved: 126639 rows, 373587 columns, 743930 nonzeros
Presolved model has 3166 quadratic objective terms
Ordering time: 0.16s

Barrier statistics:
 AA' NZ     : 3.709e+05
 Factor NZ  : 4.212e+06 (roughly 240 MB of memory)
 Factor Ops : 3.974e+08 (less than 1 second per iteration)
 Threads    : 8

                  Objective                Residual
Iter       Primal          Dual         Primal    Dual     Compl     Time
   0  -1.08208243e+09  8.62426927e+08  7.80e+04 1.13e-13  1.00e+06     1s
   1  -6.18909578e+08  5.71190886e+08  1.71e+04 1.38e+02  2.40e+05     1s
   2  -3.11035475e+08  3.11021850e+08  2.28e+02 1.12e+00  4.48e+03     1s
   3  -7.31788326e+07  7.38397149e+07  1.92e+00 1.45e-12  3.19e+02     1s
   4  -1.39340215e+07  1.46173270e+07  1.62e-01 4.96e-12  5.90e+01     1s
   5  -2.55218520e+06  2.82757006e+06  1.24e-02 1.44e-12  1.09e+01     1s
   6  -3.71997232e+05  4.27122645e+05  1.24e-08 1.94e-12  1.61e+00     2s
   7  -5.57147617e+04  7.01856296e+04  1.74e-13 7.33e-13  2.53e-01     2s
   8  -8.39964908e+03  1.00472116e+04  4.44e-14 2.65e-13  3.71e-02     2s
   9  -1.34379413e+03  1.65232152e+03  1.75e-14 3.06e-14  6.03e-03     2s
  10  -2.18804419e+02  2.08956348e+02  9.55e-15 2.84e-14  8.61e-04     2s
  11  -4.72356423e+01  3.34756165e+01  2.01e-15 2.13e-14  1.62e-04     2s
  12  -6.52465312e+00  7.31208878e+00  1.00e-15 2.84e-14  2.78e-05     2s
  13   8.21195172e-01  2.64887236e+00  3.20e-16 2.13e-14  3.68e-06     2s
  14   1.91995032e+00  2.36715492e+00  3.88e-16 1.42e-14  9.00e-07     3s
  15   2.14022708e+00  2.31877262e+00  1.81e-16 2.13e-14  3.59e-07     3s
  16   2.22152679e+00  2.28721814e+00  1.52e-16 1.42e-14  1.32e-07     3s
  17   2.24173320e+00  2.27928248e+00  4.02e-17 1.42e-14  7.55e-08     3s
  18   2.25996227e+00  2.27257765e+00  1.12e-16 1.42e-14  2.54e-08     3s
  19   2.26612041e+00  2.27032421e+00  1.21e-16 1.42e-14  8.46e-09     3s
  20   2.26864719e+00  2.26942336e+00  6.89e-17 2.84e-14  1.56e-09     3s
  21   2.26913737e+00  2.26924974e+00  1.24e-16 1.42e-14  2.26e-10     3s
  22   2.26921232e+00  2.26922323e+00  1.03e-16 1.42e-14  2.20e-11     3s
  23   2.26922026e+00  2.26922043e+00  3.78e-16 2.84e-14  3.41e-13     3s
  24   2.26922034e+00  2.26922040e+00  3.30e-15 1.42e-14  1.06e-13     3s
  25   2.26922037e+00  2.26922038e+00  2.63e-15 1.42e-14  2.54e-14     3s
  26   2.26922038e+00  2.26922038e+00  2.78e-15 1.42e-14  6.68e-15     4s
  27   2.26922038e+00  2.26922038e+00  1.26e-15 1.42e-14  2.05e-15     4s
  28   2.26922038e+00  2.26922038e+00  1.19e-15 1.42e-14  1.99e-15     4s
  29   2.26922038e+00  2.26922038e+00  7.64e-16 1.42e-14  1.20e-15     4s
  30   2.26922038e+00  2.26922038e+00  4.50e-16 1.42e-14  7.04e-16     4s
  31   2.26922038e+00  2.26922038e+00  2.57e-16 1.42e-14  3.51e-16     4s
  32   2.26922038e+00  2.26922038e+00  2.19e-16 1.47e-14  3.11e-16     4s
  33   2.26922038e+00  2.26922038e+00  1.68e-16 1.42e-14  1.75e-16     4s
  34   2.26922038e+00  2.26922038e+00  1.44e-16 1.42e-14  1.52e-16     4s
  35   2.26922038e+00  2.26922038e+00  1.00e-16 1.42e-14  9.99e-17     4s

Barrier solved model in 35 iterations and 4.37 seconds (4.05 work units)
Optimal objective 2.26922038e+00

objective value: 2.2692203811696494
Done! Time elapsed: 24.49010419845581 seconds.
g_0_1: 1.0393972934051894
g_1_1: 1.0239783492111147
g_1_2: 1.0706807116220156
g_2_1: 1.0431029442948656
g_2_2: 1.131850321336825
g_2_3: 1.043102944298283
g_2_4: 1.1318503210220614
Parameters from last iteration: [0.18085513 0.72395269 0.18629844 0.73747378 0.19694196 0.73747378
 0.19694196]

Parameters from current iteration:
                [0.18085513 0.72395269 0.18629844 0.73747378 0.19694196 0.73747378
 0.19694196]


                Percentage Error = 5.110447777017805e-11
                
year done: 34
Time 35: 2
Optimization Iteration[1/20000]

Solving the optimization problem...
Set parameter TokenServer to value "licenses.rcc.uchicago.edu"
Read LP format model from file /scratch/local/jobs/50183995/tmpkkd1v4hx.pyomo.lp
Reading time = 1.35 seconds
x1: 258121 rows, 502401 columns, 1259970 nonzeros
Set parameter Threads to value 8
Set parameter BarConvTol to value 1e-12
Gurobi Optimizer version 11.0.0 build v11.0.0rc2 (linux64 - "CentOS Linux 8")

CPU model: Intel(R) Xeon(R) Gold 6248R CPU @ 3.00GHz, instruction set [SSE2|AVX|AVX2|AVX512]
Thread count: 48 physical cores, 48 logical processors, using up to 8 threads

Optimize a model with 258121 rows, 502401 columns and 1259970 nonzeros
Model fingerprint: 0x9f134f32
Model has 3166 quadratic objective terms
Coefficient statistics:
  Matrix range     [1e+00, 1e+03]
  Objective range  [6e-08, 7e+01]
  QObjective range [4e-01, 3e+03]
  Bounds range     [3e-04, 1e+00]
  RHS range        [6e-17, 6e+00]
Presolve removed 131482 rows and 128814 columns
Presolve time: 0.56s
Presolved: 126639 rows, 373587 columns, 743930 nonzeros
Presolved model has 3166 quadratic objective terms
Ordering time: 0.16s

Barrier statistics:
 AA' NZ     : 3.709e+05
 Factor NZ  : 4.212e+06 (roughly 240 MB of memory)
 Factor Ops : 3.974e+08 (less than 1 second per iteration)
 Threads    : 8

                  Objective                Residual
Iter       Primal          Dual         Primal    Dual     Compl     Time
   0  -1.08208243e+09  8.62426926e+08  7.80e+04 1.13e-13  1.00e+06     1s
   1  -6.18909578e+08  5.71190886e+08  1.71e+04 1.38e+02  2.40e+05     1s
   2  -3.11035475e+08  3.11021849e+08  2.28e+02 1.12e+00  4.48e+03     1s
   3  -7.31788327e+07  7.38397148e+07  1.92e+00 1.45e-12  3.19e+02     1s
   4  -1.39340215e+07  1.46173269e+07  1.62e-01 5.49e-12  5.90e+01     1s
   5  -2.55218527e+06  2.82756998e+06  1.24e-02 1.24e-12  1.09e+01     1s
   6  -3.71997307e+05  4.27122569e+05  1.24e-08 9.91e-13  1.61e+00     2s
   7  -5.57148372e+04  7.01855540e+04  1.87e-13 6.78e-13  2.53e-01     2s
   8  -8.39972466e+03  1.00471361e+04  5.54e-14 2.26e-13  3.71e-02     2s
   9  -1.34386972e+03  1.65224594e+03  2.09e-14 3.15e-14  6.03e-03     2s
  10  -2.18880004e+02  2.08880764e+02  9.45e-15 1.87e-14  8.61e-04     2s
  11  -4.73112267e+01  3.34000321e+01  2.43e-15 2.84e-14  1.62e-04     2s
  12  -6.60023749e+00  7.23650442e+00  1.09e-15 2.13e-14  2.78e-05     2s
  13   7.45610808e-01  2.57328800e+00  3.82e-16 2.84e-14  3.68e-06     2s
  14   1.84436595e+00  2.29157055e+00  3.94e-16 1.42e-14  9.00e-07     3s
  15   2.06464271e+00  2.24318826e+00  1.94e-16 1.42e-14  3.59e-07     3s
  16   2.14594243e+00  2.21163377e+00  1.05e-16 1.42e-14  1.32e-07     3s
  17   2.16614884e+00  2.20369811e+00  3.64e-17 1.42e-14  7.55e-08     3s
  18   2.18437791e+00  2.19699329e+00  4.90e-17 2.84e-14  2.54e-08     3s
  19   2.19053604e+00  2.19473985e+00  9.35e-17 1.42e-14  8.46e-09     3s
  20   2.19306283e+00  2.19383899e+00  7.85e-17 2.13e-14  1.56e-09     3s
  21   2.19355301e+00  2.19366538e+00  4.60e-17 1.42e-14  2.26e-10     3s
  22   2.19362795e+00  2.19363887e+00  1.10e-16 1.42e-14  2.20e-11     3s
  23   2.19363589e+00  2.19363606e+00  3.28e-16 1.42e-14  3.41e-13     3s
  24   2.19363598e+00  2.19363603e+00  2.65e-15 1.78e-14  1.03e-13     3s
  25   2.19363601e+00  2.19363602e+00  3.49e-15 1.42e-14  2.52e-14     3s
  26   2.19363602e+00  2.19363602e+00  2.49e-15 1.42e-14  6.59e-15     4s
  27   2.19363602e+00  2.19363602e+00  1.40e-15 1.42e-14  1.91e-15     4s
  28   2.19363602e+00  2.19363602e+00  1.30e-15 1.42e-14  1.85e-15     4s
  29   2.19363602e+00  2.19363602e+00  8.26e-16 1.42e-14  1.12e-15     4s
  30   2.19363602e+00  2.19363602e+00  5.69e-16 1.42e-14  7.31e-16     4s
  31   2.19363602e+00  2.19363602e+00  3.49e-16 1.42e-14  3.86e-16     4s
  32   2.19363602e+00  2.19363602e+00  2.49e-16 1.42e-14  3.18e-16     4s
  33   2.19363602e+00  2.19363602e+00  2.32e-16 1.42e-14  1.62e-16     4s
  34   2.19363602e+00  2.19363602e+00  1.37e-16 1.42e-14  1.31e-16     4s
  35   2.19363602e+00  2.19363602e+00  1.05e-16 1.42e-14  8.01e-17     4s

Barrier solved model in 35 iterations and 4.37 seconds (4.05 work units)
Optimal objective 2.19363602e+00

objective value: 2.1936360177041925
Done! Time elapsed: 24.245306968688965 seconds.
g_0_1: 1.0393972933917173
g_1_1: 1.0239783492176338
g_1_2: 1.070680711613792
g_2_1: 1.0431029442996205
g_2_2: 1.1318503212691462
g_2_3: 1.0431029443023647
g_2_4: 1.131850321017044
Parameters from last iteration: [0.18085513 0.72395269 0.18629844 0.73747378 0.19694196 0.73747378
 0.19694196]

Parameters from current iteration:
                [0.18085513 0.72395269 0.18629844 0.73747378 0.19694196 0.73747378
 0.19694196]


                Percentage Error = 5.979481523911052e-11
                
year done: 35
Time 36: 2
Optimization Iteration[1/20000]

Solving the optimization problem...
Set parameter TokenServer to value "licenses.rcc.uchicago.edu"
Read LP format model from file /scratch/local/jobs/50183995/tmp39d8fugj.pyomo.lp
Reading time = 1.33 seconds
x1: 258121 rows, 502401 columns, 1259970 nonzeros
Set parameter Threads to value 8
Set parameter BarConvTol to value 1e-12
Gurobi Optimizer version 11.0.0 build v11.0.0rc2 (linux64 - "CentOS Linux 8")

CPU model: Intel(R) Xeon(R) Gold 6248R CPU @ 3.00GHz, instruction set [SSE2|AVX|AVX2|AVX512]
Thread count: 48 physical cores, 48 logical processors, using up to 8 threads

Optimize a model with 258121 rows, 502401 columns and 1259970 nonzeros
Model fingerprint: 0xfb809441
Model has 3166 quadratic objective terms
Coefficient statistics:
  Matrix range     [1e+00, 1e+03]
  Objective range  [6e-08, 7e+01]
  QObjective range [4e-01, 3e+03]
  Bounds range     [3e-04, 1e+00]
  RHS range        [6e-17, 6e+00]
Presolve removed 131482 rows and 128814 columns
Presolve time: 0.55s
Presolved: 126639 rows, 373587 columns, 743930 nonzeros
Presolved model has 3166 quadratic objective terms
Ordering time: 0.16s

Barrier statistics:
 AA' NZ     : 3.709e+05
 Factor NZ  : 4.212e+06 (roughly 240 MB of memory)
 Factor Ops : 3.974e+08 (less than 1 second per iteration)
 Threads    : 8

                  Objective                Residual
Iter       Primal          Dual         Primal    Dual     Compl     Time
   0  -1.08208243e+09  8.62426926e+08  7.80e+04 1.13e-13  1.00e+06     1s
   1  -6.18909579e+08  5.71190886e+08  1.71e+04 1.38e+02  2.40e+05     1s
   2  -3.11035476e+08  3.11021849e+08  2.28e+02 1.12e+00  4.48e+03     1s
   3  -7.31788328e+07  7.38397147e+07  1.92e+00 1.64e-12  3.19e+02     1s
   4  -1.39340216e+07  1.46173268e+07  1.62e-01 4.63e-12  5.90e+01     1s
   5  -2.55218535e+06  2.82756991e+06  1.24e-02 1.33e-12  1.09e+01     1s
   6  -3.71997379e+05  4.27122497e+05  1.24e-08 8.87e-13  1.61e+00     2s
   7  -5.57149094e+04  7.01854818e+04  1.77e-13 6.67e-13  2.53e-01     2s
   8  -8.39979685e+03  1.00470639e+04  5.30e-14 2.33e-13  3.71e-02     2s
   9  -1.34394190e+03  1.65217376e+03  2.04e-14 2.92e-14  6.03e-03     2s
  10  -2.18952186e+02  2.08808581e+02  9.21e-15 2.84e-14  8.61e-04     2s
  11  -4.73834092e+01  3.33278496e+01  1.91e-15 2.13e-14  1.62e-04     2s
  12  -6.67241999e+00  7.16432191e+00  1.02e-15 1.42e-14  2.78e-05     2s
  13   6.73428302e-01  2.50110549e+00  3.47e-16 1.42e-14  3.68e-06     2s
  14   1.77218344e+00  2.21938805e+00  3.42e-16 2.13e-14  9.00e-07     3s
  15   1.99246021e+00  2.17100575e+00  3.36e-16 2.13e-14  3.59e-07     3s
  16   2.07375992e+00  2.13945127e+00  1.32e-16 2.84e-14  1.32e-07     3s
  17   2.09396633e+00  2.13151561e+00  4.86e-17 1.42e-14  7.55e-08     3s
  18   2.11219540e+00  2.12481078e+00  6.80e-17 1.42e-14  2.54e-08     3s
  19   2.11835354e+00  2.12255734e+00  1.31e-16 1.47e-14  8.46e-09     3s
  20   2.12088032e+00  2.12165649e+00  1.26e-16 1.42e-14  1.56e-09     3s
  21   2.12137050e+00  2.12148287e+00  1.37e-16 1.42e-14  2.26e-10     3s
  22   2.12144545e+00  2.12145636e+00  1.56e-16 1.42e-14  2.20e-11     3s
  23   2.12145339e+00  2.12145356e+00  3.37e-16 2.13e-14  3.41e-13     3s
  24   2.12145347e+00  2.12145352e+00  2.60e-15 1.69e-14  9.81e-14     3s
  25   2.12145350e+00  2.12145351e+00  3.03e-15 1.42e-14  2.46e-14     3s
  26   2.12145351e+00  2.12145351e+00  2.37e-15 1.42e-14  6.36e-15     4s
  27   2.12145351e+00  2.12145351e+00  1.58e-15 1.42e-14  1.77e-15     4s
  28   2.12145351e+00  2.12145351e+00  1.49e-15 1.42e-14  1.72e-15     4s
  29   2.12145351e+00  2.12145351e+00  8.67e-16 1.42e-14  1.05e-15     4s
  30   2.12145351e+00  2.12145351e+00  4.45e-16 1.42e-14  5.39e-16     4s
  31   2.12145351e+00  2.12145351e+00  2.70e-16 1.42e-14  4.07e-16     4s
  32   2.12145351e+00  2.12145351e+00  1.90e-16 7.11e-15  2.12e-16     4s
  33   2.12145351e+00  2.12145351e+00  1.70e-16 1.42e-14  1.24e-16     4s
  34   2.12145351e+00  2.12145351e+00  1.19e-16 1.42e-14  9.28e-17     4s

Barrier solved model in 34 iterations and 4.23 seconds (3.98 work units)
Optimal objective 2.12145351e+00

objective value: 2.121453510965896
Done! Time elapsed: 25.833311080932617 seconds.
g_0_1: 1.0393972934003657
g_1_1: 1.0239783492134407
g_1_2: 1.0706807116190005
g_2_1: 1.043102944296562
g_2_2: 1.1318503213127271
g_2_3: 1.0431029442997288
g_2_4: 1.1318503210202608
Parameters from last iteration: [0.18085513 0.72395269 0.18629844 0.73747378 0.19694196 0.73747378
 0.19694196]

Parameters from current iteration:
                [0.18085513 0.72395269 0.18629844 0.73747378 0.19694196 0.73747378
 0.19694196]


                Percentage Error = 3.8504101493684536e-11
                
year done: 36
Time 37: 2
Optimization Iteration[1/20000]

Solving the optimization problem...
Set parameter TokenServer to value "licenses.rcc.uchicago.edu"
Read LP format model from file /scratch/local/jobs/50183995/tmpri33544v.pyomo.lp
Reading time = 1.33 seconds
x1: 258121 rows, 502401 columns, 1259970 nonzeros
Set parameter Threads to value 8
Set parameter BarConvTol to value 1e-12
Gurobi Optimizer version 11.0.0 build v11.0.0rc2 (linux64 - "CentOS Linux 8")

CPU model: Intel(R) Xeon(R) Gold 6248R CPU @ 3.00GHz, instruction set [SSE2|AVX|AVX2|AVX512]
Thread count: 48 physical cores, 48 logical processors, using up to 8 threads

Optimize a model with 258121 rows, 502401 columns and 1259970 nonzeros
Model fingerprint: 0xf2c01103
Model has 3166 quadratic objective terms
Coefficient statistics:
  Matrix range     [1e+00, 1e+03]
  Objective range  [6e-08, 7e+01]
  QObjective range [4e-01, 3e+03]
  Bounds range     [3e-04, 1e+00]
  RHS range        [6e-17, 6e+00]
Presolve removed 131482 rows and 128814 columns
Presolve time: 0.55s
Presolved: 126639 rows, 373587 columns, 743930 nonzeros
Presolved model has 3166 quadratic objective terms
Ordering time: 0.16s

Barrier statistics:
 AA' NZ     : 3.709e+05
 Factor NZ  : 4.212e+06 (roughly 240 MB of memory)
 Factor Ops : 3.974e+08 (less than 1 second per iteration)
 Threads    : 8

                  Objective                Residual
Iter       Primal          Dual         Primal    Dual     Compl     Time
   0  -1.08208243e+09  8.62426926e+08  7.80e+04 1.13e-13  1.00e+06     1s
   1  -6.18909579e+08  5.71190886e+08  1.71e+04 1.38e+02  2.40e+05     1s
   2  -3.11035476e+08  3.11021849e+08  2.28e+02 1.12e+00  4.48e+03     1s
   3  -7.31788328e+07  7.38397146e+07  1.92e+00 1.52e-12  3.19e+02     1s
   4  -1.39340217e+07  1.46173268e+07  1.62e-01 5.76e-12  5.90e+01     1s
   5  -2.55218541e+06  2.82756984e+06  1.24e-02 1.24e-12  1.09e+01     1s
   6  -3.71997448e+05  4.27122428e+05  1.24e-08 8.53e-13  1.61e+00     2s
   7  -5.57149784e+04  7.01854129e+04  1.96e-13 6.73e-13  2.53e-01     2s
   8  -8.39986578e+03  1.00469949e+04  6.56e-14 2.59e-13  3.71e-02     2s
   9  -1.34401083e+03  1.65210482e+03  1.77e-14 2.98e-14  6.03e-03     2s
  10  -2.19021120e+02  2.08739647e+02  1.35e-14 2.84e-14  8.61e-04     2s
  11  -4.74523429e+01  3.32589158e+01  2.53e-15 1.64e-14  1.62e-04     2s
  12  -6.74135375e+00  7.09538815e+00  1.01e-15 2.13e-14  2.78e-05     2s
  13   6.04494543e-01  2.43217173e+00  3.22e-16 2.13e-14  3.68e-06     2s
  14   1.70324969e+00  2.15045429e+00  5.11e-16 1.42e-14  9.00e-07     3s
  15   1.92352645e+00  2.10207199e+00  1.22e-16 1.42e-14  3.59e-07     3s
  16   2.00482617e+00  2.07051751e+00  1.48e-16 1.42e-14  1.32e-07     3s
  17   2.02503257e+00  2.06258185e+00  7.30e-17 1.42e-14  7.55e-08     3s
  18   2.04326164e+00  2.05587702e+00  4.53e-17 2.13e-14  2.54e-08     3s
  19   2.04941978e+00  2.05362358e+00  9.17e-17 1.42e-14  8.46e-09     3s
  20   2.05194656e+00  2.05272273e+00  7.42e-17 2.84e-14  1.56e-09     3s
  21   2.05243674e+00  2.05254911e+00  8.72e-17 1.42e-14  2.26e-10     3s
  22   2.05251169e+00  2.05252260e+00  1.14e-16 1.42e-14  2.20e-11     3s
  23   2.05251963e+00  2.05251980e+00  3.24e-16 1.42e-14  3.41e-13     3s
  24   2.05251972e+00  2.05251976e+00  2.99e-15 1.42e-14  8.73e-14     3s
  25   2.05251974e+00  2.05251976e+00  3.97e-15 1.42e-14  2.26e-14     3s
  26   2.05251975e+00  2.05251975e+00  3.46e-15 1.42e-14  5.76e-15     4s
  27   2.05251975e+00  2.05251975e+00  2.12e-15 2.13e-14  1.58e-15     4s
  28   2.05251975e+00  2.05251975e+00  2.03e-15 2.13e-14  1.53e-15     4s
  29   2.05251975e+00  2.05251975e+00  8.76e-16 1.42e-14  9.31e-16     4s
  30   2.05251975e+00  2.05251975e+00  5.19e-16 1.42e-14  5.78e-16     4s
  31   2.05251975e+00  2.05251975e+00  3.06e-16 1.42e-14  3.06e-16     4s
  32   2.05251975e+00  2.05251975e+00  2.72e-16 1.42e-14  2.76e-16     4s
  33   2.05251975e+00  2.05251975e+00  2.00e-16 1.42e-14  1.63e-16     4s
  34   2.05251975e+00  2.05251975e+00  1.71e-16 7.55e-15  1.30e-16     4s
  35   2.05251975e+00  2.05251975e+00  1.46e-16 1.42e-14  8.44e-17     4s

Barrier solved model in 35 iterations and 4.32 seconds (4.05 work units)
Optimal objective 2.05251975e+00

objective value: 2.0525197521990273
Done! Time elapsed: 24.37077498435974 seconds.
g_0_1: 1.0393972933946451
g_1_1: 1.0239783492162253
g_1_2: 1.0706807116155725
g_2_1: 1.0431029442986024
g_2_2: 1.131850321284124
g_2_3: 1.0431029443014852
g_2_4: 1.1318503210181223
Parameters from last iteration: [0.18085513 0.72395269 0.18629844 0.73747378 0.19694196 0.73747378
 0.19694196]

Parameters from current iteration:
                [0.18085513 0.72395269 0.18629844 0.73747378 0.19694196 0.73747378
 0.19694196]


                Percentage Error = 2.527107800574363e-11
                
year done: 37
Time 38: 2
Optimization Iteration[1/20000]

Solving the optimization problem...
Set parameter TokenServer to value "licenses.rcc.uchicago.edu"
Read LP format model from file /scratch/local/jobs/50183995/tmped65vqeg.pyomo.lp
Reading time = 1.32 seconds
x1: 258121 rows, 502401 columns, 1259970 nonzeros
Set parameter Threads to value 8
Set parameter BarConvTol to value 1e-12
Gurobi Optimizer version 11.0.0 build v11.0.0rc2 (linux64 - "CentOS Linux 8")

CPU model: Intel(R) Xeon(R) Gold 6248R CPU @ 3.00GHz, instruction set [SSE2|AVX|AVX2|AVX512]
Thread count: 48 physical cores, 48 logical processors, using up to 8 threads

Optimize a model with 258121 rows, 502401 columns and 1259970 nonzeros
Model fingerprint: 0x1d401732
Model has 3166 quadratic objective terms
Coefficient statistics:
  Matrix range     [1e+00, 1e+03]
  Objective range  [6e-08, 7e+01]
  QObjective range [4e-01, 3e+03]
  Bounds range     [3e-04, 1e+00]
  RHS range        [6e-17, 6e+00]
Presolve removed 131482 rows and 128814 columns
Presolve time: 0.54s
Presolved: 126639 rows, 373587 columns, 743930 nonzeros
Presolved model has 3166 quadratic objective terms
Ordering time: 0.16s

Barrier statistics:
 AA' NZ     : 3.709e+05
 Factor NZ  : 4.212e+06 (roughly 240 MB of memory)
 Factor Ops : 3.974e+08 (less than 1 second per iteration)
 Threads    : 8

                  Objective                Residual
Iter       Primal          Dual         Primal    Dual     Compl     Time
   0  -1.08208243e+09  8.62426926e+08  7.80e+04 1.14e-13  1.00e+06     1s
   1  -6.18909579e+08  5.71190886e+08  1.71e+04 1.38e+02  2.40e+05     1s
   2  -3.11035476e+08  3.11021849e+08  2.28e+02 1.12e+00  4.48e+03     1s
   3  -7.31788329e+07  7.38397146e+07  1.92e+00 1.84e-12  3.19e+02     1s
   4  -1.39340217e+07  1.46173267e+07  1.62e-01 4.69e-12  5.90e+01     1s
   5  -2.55218548e+06  2.82756978e+06  1.24e-02 1.38e-12  1.09e+01     1s
   6  -3.71997514e+05  4.27122363e+05  1.24e-08 9.79e-13  1.61e+00     2s
   7  -5.57150442e+04  7.01853471e+04  1.41e-13 6.67e-13  2.53e-01     2s
   8  -8.39993161e+03  1.00469291e+04  5.43e-14 2.12e-13  3.71e-02     2s
   9  -1.34407667e+03  1.65203899e+03  1.49e-14 3.06e-14  6.03e-03     2s
  10  -2.19086951e+02  2.08673816e+02  7.99e-15 2.84e-14  8.61e-04     2s
  11  -4.75181742e+01  3.31930846e+01  2.01e-15 2.84e-14  1.62e-04     2s
  12  -6.80718498e+00  7.02955692e+00  9.12e-16 1.42e-14  2.78e-05     2s
  13   5.38663314e-01  2.36634050e+00  3.12e-16 1.42e-14  3.68e-06     2s
  14   1.63741846e+00  2.08462306e+00  4.91e-16 1.42e-14  9.00e-07     3s
  15   1.85769522e+00  2.03624076e+00  1.93e-16 2.13e-14  3.59e-07     3s
  16   1.93899494e+00  2.00468628e+00  1.03e-16 1.42e-14  1.32e-07     3s
  17   1.95920134e+00  1.99675062e+00  6.92e-17 2.84e-14  7.55e-08     3s
  18   1.97743041e+00  1.99004580e+00  1.35e-16 1.42e-14  2.54e-08     3s
  19   1.98358855e+00  1.98779235e+00  7.73e-17 1.91e-14  8.46e-09     3s
  20   1.98611533e+00  1.98689150e+00  7.85e-17 1.42e-14  1.56e-09     3s
  21   1.98660551e+00  1.98671788e+00  6.34e-17 1.42e-14  2.26e-10     3s
  22   1.98668046e+00  1.98669138e+00  9.86e-17 1.42e-14  2.20e-11     3s
  23   1.98668840e+00  1.98668857e+00  3.50e-16 1.42e-14  3.41e-13     3s
  24   1.98668849e+00  1.98668853e+00  2.90e-15 1.42e-14  8.29e-14     3s
  25   1.98668852e+00  1.98668853e+00  4.36e-15 1.42e-14  2.16e-14     3s
  26   1.98668852e+00  1.98668852e+00  2.64e-15 1.42e-14  5.51e-15     4s
  27   1.98668852e+00  1.98668852e+00  1.67e-15 1.42e-14  1.50e-15     4s
  28   1.98668852e+00  1.98668852e+00  1.60e-15 1.42e-14  1.46e-15     4s
  29   1.98668852e+00  1.98668852e+00  8.91e-16 1.42e-14  8.88e-16     4s
  30   1.98668852e+00  1.98668852e+00  5.16e-16 1.42e-14  5.96e-16     4s
  31   1.98668852e+00  1.98668852e+00  2.93e-16 1.42e-14  3.24e-16     4s
  32   1.98668852e+00  1.98668852e+00  2.40e-16 1.42e-14  2.42e-16     4s
  33   1.98668852e+00  1.98668852e+00  2.62e-16 1.42e-14  1.29e-16     4s
  34   1.98668852e+00  1.98668852e+00  1.36e-16 1.42e-14  8.56e-17     4s

Barrier solved model in 34 iterations and 4.23 seconds (3.98 work units)
Optimal objective 1.98668852e+00

objective value: 1.9866885236482703
Done! Time elapsed: 24.264106273651123 seconds.
g_0_1: 1.0393972933955031
g_1_1: 1.0239783492158065
g_1_2: 1.070680711616139
g_2_1: 1.043102944298281
g_2_2: 1.1318503212881847
g_2_3: 1.0431029443012136
g_2_4: 1.1318503210184812
Parameters from last iteration: [0.18085513 0.72395269 0.18629844 0.73747378 0.19694196 0.73747378
 0.19694196]

Parameters from current iteration:
                [0.18085513 0.72395269 0.18629844 0.73747378 0.19694196 0.73747378
 0.19694196]


                Percentage Error = 3.587725557034198e-12
                
year done: 38
Time 39: 2
Optimization Iteration[1/20000]

Solving the optimization problem...
Set parameter TokenServer to value "licenses.rcc.uchicago.edu"
Read LP format model from file /scratch/local/jobs/50183995/tmpvofz_39o.pyomo.lp
Reading time = 1.34 seconds
x1: 258121 rows, 502401 columns, 1259970 nonzeros
Set parameter Threads to value 8
Set parameter BarConvTol to value 1e-12
Gurobi Optimizer version 11.0.0 build v11.0.0rc2 (linux64 - "CentOS Linux 8")

CPU model: Intel(R) Xeon(R) Gold 6248R CPU @ 3.00GHz, instruction set [SSE2|AVX|AVX2|AVX512]
Thread count: 48 physical cores, 48 logical processors, using up to 8 threads

Optimize a model with 258121 rows, 502401 columns and 1259970 nonzeros
Model fingerprint: 0x5b427dab
Model has 3166 quadratic objective terms
Coefficient statistics:
  Matrix range     [1e+00, 1e+03]
  Objective range  [6e-08, 7e+01]
  QObjective range [4e-01, 3e+03]
  Bounds range     [3e-04, 1e+00]
  RHS range        [6e-17, 6e+00]
Presolve removed 131482 rows and 128814 columns
Presolve time: 0.55s
Presolved: 126639 rows, 373587 columns, 743930 nonzeros
Presolved model has 3166 quadratic objective terms
Ordering time: 0.16s

Barrier statistics:
 AA' NZ     : 3.709e+05
 Factor NZ  : 4.212e+06 (roughly 240 MB of memory)
 Factor Ops : 3.974e+08 (less than 1 second per iteration)
 Threads    : 8

                  Objective                Residual
Iter       Primal          Dual         Primal    Dual     Compl     Time
   0  -1.08208243e+09  8.62426926e+08  7.80e+04 1.14e-13  1.00e+06     1s
   1  -6.18909579e+08  5.71190886e+08  1.71e+04 1.38e+02  2.40e+05     1s
   2  -3.11035476e+08  3.11021849e+08  2.28e+02 1.12e+00  4.48e+03     1s
   3  -7.31788330e+07  7.38397145e+07  1.92e+00 1.35e-12  3.19e+02     1s
   4  -1.39340218e+07  1.46173266e+07  1.62e-01 6.44e-12  5.90e+01     1s
   5  -2.55218554e+06  2.82756971e+06  1.24e-02 1.24e-12  1.09e+01     1s
   6  -3.71997577e+05  4.27122300e+05  1.24e-08 1.44e-12  1.61e+00     2s
   7  -5.57151071e+04  7.01852842e+04  1.80e-13 6.52e-13  2.53e-01     2s
   8  -8.39999448e+03  1.00468662e+04  5.78e-14 2.35e-13  3.71e-02     2s
   9  -1.34413953e+03  1.65197612e+03  1.70e-14 4.26e-14  6.03e-03     2s
  10  -2.19149819e+02  2.08610948e+02  7.62e-15 2.84e-14  8.61e-04     2s
  11  -4.75810425e+01  3.31302163e+01  1.97e-15 2.13e-14  1.62e-04     2s
  12  -6.87005332e+00  6.96668859e+00  1.03e-15 1.42e-14  2.78e-05     2s
  13   4.75794979e-01  2.30347217e+00  4.45e-16 2.13e-14  3.68e-06     2s
  14   1.57455012e+00  2.02175473e+00  4.12e-16 1.42e-14  9.00e-07     3s
  15   1.79482688e+00  1.97337243e+00  2.67e-16 2.84e-14  3.59e-07     3s
  16   1.87612660e+00  1.94181794e+00  7.67e-17 2.13e-14  1.32e-07     3s
  17   1.89633301e+00  1.93388228e+00  4.48e-17 1.42e-14  7.55e-08     3s
  18   1.91456208e+00  1.92717746e+00  7.10e-17 1.42e-14  2.54e-08     3s
  19   1.92072022e+00  1.92492402e+00  1.24e-16 2.84e-14  8.46e-09     3s
  20   1.92324700e+00  1.92402316e+00  7.00e-17 1.42e-14  1.56e-09     3s
  21   1.92373718e+00  1.92384955e+00  7.18e-17 1.42e-14  2.26e-10     3s
  22   1.92381212e+00  1.92382304e+00  8.39e-17 1.42e-14  2.20e-11     3s
  23   1.92382006e+00  1.92382023e+00  3.28e-16 1.42e-14  3.41e-13     3s
  24   1.92382016e+00  1.92382020e+00  3.09e-15 1.42e-14  8.07e-14     3s
  25   1.92382018e+00  1.92382019e+00  3.69e-15 1.42e-14  2.11e-14     3s
  26   1.92382019e+00  1.92382019e+00  2.18e-15 1.42e-14  5.37e-15     4s
  27   1.92382019e+00  1.92382019e+00  1.51e-15 1.42e-14  1.47e-15     4s
  28   1.92382019e+00  1.92382019e+00  1.44e-15 1.55e-14  1.43e-15     4s
  29   1.92382019e+00  1.92382019e+00  1.11e-15 1.42e-14  8.68e-16     4s
  30   1.92382019e+00  1.92382019e+00  4.87e-16 8.44e-15  5.95e-16     4s
  31   1.92382019e+00  1.92382019e+00  3.34e-16 1.42e-14  3.24e-16     4s
  32   1.92382019e+00  1.92382019e+00  2.32e-16 1.42e-14  2.51e-16     4s
  33   1.92382019e+00  1.92382019e+00  3.12e-16 1.42e-14  1.18e-16     4s
  34   1.92382019e+00  1.92382019e+00  2.50e-16 1.42e-14  9.82e-17     4s

Barrier solved model in 34 iterations and 4.23 seconds (3.98 work units)
Optimal objective 1.92382019e+00

objective value: 1.9238201884507837
Done! Time elapsed: 24.38778305053711 seconds.
g_0_1: 1.0393972934039615
g_1_1: 1.023978349211665
g_1_2: 1.0706807116212973
g_2_1: 1.043102944295265
g_2_2: 1.1318503213310758
g_2_3: 1.0431029442986355
g_2_4: 1.1318503210216506
Parameters from last iteration: [0.18085513 0.72395269 0.18629844 0.73747378 0.19694196 0.73747378
 0.19694196]

Parameters from current iteration:
                [0.18085513 0.72395269 0.18629844 0.73747378 0.19694196 0.73747378
 0.19694196]


                Percentage Error = 3.789456725749783e-11
                
year done: 39
Time 40: 2
Optimization Iteration[1/20000]

Solving the optimization problem...
Set parameter TokenServer to value "licenses.rcc.uchicago.edu"
Read LP format model from file /scratch/local/jobs/50183995/tmpgirpid1k.pyomo.lp
Reading time = 1.33 seconds
x1: 258121 rows, 502401 columns, 1259970 nonzeros
Set parameter Threads to value 8
Set parameter BarConvTol to value 1e-12
Gurobi Optimizer version 11.0.0 build v11.0.0rc2 (linux64 - "CentOS Linux 8")

CPU model: Intel(R) Xeon(R) Gold 6248R CPU @ 3.00GHz, instruction set [SSE2|AVX|AVX2|AVX512]
Thread count: 48 physical cores, 48 logical processors, using up to 8 threads

Optimize a model with 258121 rows, 502401 columns and 1259970 nonzeros
Model fingerprint: 0xa7d49646
Model has 3166 quadratic objective terms
Coefficient statistics:
  Matrix range     [1e+00, 1e+03]
  Objective range  [6e-08, 7e+01]
  QObjective range [4e-01, 3e+03]
  Bounds range     [3e-04, 1e+00]
  RHS range        [7e-17, 6e+00]
Presolve removed 131482 rows and 128814 columns
Presolve time: 0.54s
Presolved: 126639 rows, 373587 columns, 743930 nonzeros
Presolved model has 3166 quadratic objective terms
Ordering time: 0.16s

Barrier statistics:
 AA' NZ     : 3.709e+05
 Factor NZ  : 4.212e+06 (roughly 240 MB of memory)
 Factor Ops : 3.974e+08 (less than 1 second per iteration)
 Threads    : 8

                  Objective                Residual
Iter       Primal          Dual         Primal    Dual     Compl     Time
   0  -1.08208243e+09  8.62426926e+08  7.80e+04 1.13e-13  1.00e+06     1s
   1  -6.18909579e+08  5.71190886e+08  1.71e+04 1.38e+02  2.40e+05     1s
   2  -3.11035476e+08  3.11021849e+08  2.28e+02 1.12e+00  4.48e+03     1s
   3  -7.31788330e+07  7.38397144e+07  1.92e+00 1.72e-12  3.19e+02     1s
   4  -1.39340219e+07  1.46173266e+07  1.62e-01 3.98e-12  5.90e+01     1s
   5  -2.55218560e+06  2.82756965e+06  1.24e-02 1.23e-12  1.09e+01     1s
   6  -3.71997637e+05  4.27122240e+05  1.24e-08 2.13e-12  1.61e+00     2s
   7  -5.57151671e+04  7.01852242e+04  1.71e-13 7.30e-13  2.53e-01     2s
   8  -8.40005452e+03  1.00468062e+04  7.64e-14 2.35e-13  3.71e-02     2s
   9  -1.34419957e+03  1.65191609e+03  1.83e-14 4.26e-14  6.03e-03     2s
  10  -2.19209858e+02  2.08550909e+02  7.86e-15 2.84e-14  8.61e-04     2s
  11  -4.76410813e+01  3.30701775e+01  2.72e-15 2.84e-14  1.62e-04     2s
  12  -6.93009211e+00  6.90664979e+00  9.44e-16 1.60e-14  2.78e-05     2s
  13   4.15756185e-01  2.24343338e+00  2.73e-16 1.42e-14  3.68e-06     2s
  14   1.51451133e+00  1.96171593e+00  3.68e-16 1.42e-14  9.00e-07     3s
  15   1.73478809e+00  1.91333363e+00  1.84e-16 1.42e-14  3.59e-07     3s
  16   1.81608781e+00  1.88177915e+00  8.46e-17 2.13e-14  1.32e-07     3s
  17   1.83629421e+00  1.87384349e+00  5.84e-17 1.42e-14  7.55e-08     3s
  18   1.85452328e+00  1.86713867e+00  5.35e-17 1.42e-14  2.54e-08     3s
  19   1.86068142e+00  1.86488522e+00  1.90e-16 2.84e-14  8.46e-09     3s
  20   1.86320820e+00  1.86398437e+00  8.07e-17 1.42e-14  1.56e-09     3s
  21   1.86369838e+00  1.86381075e+00  5.92e-17 2.84e-14  2.26e-10     3s
  22   1.86377333e+00  1.86378425e+00  1.21e-16 1.42e-14  2.20e-11     3s
  23   1.86378127e+00  1.86378144e+00  3.73e-16 2.13e-14  3.41e-13     3s
  24   1.86378137e+00  1.86378140e+00  3.28e-15 1.42e-14  7.94e-14     3s
  25   1.86378139e+00  1.86378140e+00  3.58e-15 1.42e-14  2.07e-14     3s
  26   1.86378139e+00  1.86378140e+00  2.56e-15 1.42e-14  5.28e-15     4s
  27   1.86378139e+00  1.86378139e+00  1.43e-15 1.42e-14  1.45e-15     4s
  28   1.86378139e+00  1.86378139e+00  1.35e-15 1.42e-14  1.41e-15     4s
  29   1.86378139e+00  1.86378139e+00  7.08e-16 1.42e-14  8.55e-16     4s
  30   1.86378139e+00  1.86378139e+00  4.47e-16 1.42e-14  5.89e-16     4s
  31   1.86378139e+00  1.86378139e+00  2.77e-16 1.42e-14  3.21e-16     4s
  32   1.86378139e+00  1.86378139e+00  2.47e-16 1.42e-14  2.50e-16     4s
  33   1.86378139e+00  1.86378139e+00  3.44e-16 1.42e-14  1.17e-16     4s
  34   1.86378139e+00  1.86378139e+00  2.66e-16 1.42e-14  9.77e-17     4s

Barrier solved model in 34 iterations and 4.22 seconds (3.98 work units)
Optimal objective 1.86378139e+00

objective value: 1.8637813944473642
Done! Time elapsed: 25.8034725189209 seconds.
g_0_1: 1.0393972934036773
g_1_1: 1.0239783492117973
g_1_2: 1.0706807116211168
g_2_1: 1.0431029442953654
g_2_2: 1.131850321329693
g_2_3: 1.0431029442987243
g_2_4: 1.1318503210215407
Parameters from last iteration: [0.18085513 0.72395269 0.18629844 0.73747378 0.19694196 0.73747378
 0.19694196]

Parameters from current iteration:
                [0.18085513 0.72395269 0.18629844 0.73747378 0.19694196 0.73747378
 0.19694196]


                Percentage Error = 1.2216052609137917e-12
                
year done: 40
Time 41: 2
Optimization Iteration[1/20000]

Solving the optimization problem...
Set parameter TokenServer to value "licenses.rcc.uchicago.edu"
Read LP format model from file /scratch/local/jobs/50183995/tmpfl4h2mo8.pyomo.lp
Reading time = 1.34 seconds
x1: 258121 rows, 502401 columns, 1259970 nonzeros
Set parameter Threads to value 8
Set parameter BarConvTol to value 1e-12
Gurobi Optimizer version 11.0.0 build v11.0.0rc2 (linux64 - "CentOS Linux 8")

CPU model: Intel(R) Xeon(R) Gold 6248R CPU @ 3.00GHz, instruction set [SSE2|AVX|AVX2|AVX512]
Thread count: 48 physical cores, 48 logical processors, using up to 8 threads

Optimize a model with 258121 rows, 502401 columns and 1259970 nonzeros
Model fingerprint: 0x014eb156
Model has 3166 quadratic objective terms
Coefficient statistics:
  Matrix range     [1e+00, 1e+03]
  Objective range  [6e-08, 7e+01]
  QObjective range [4e-01, 3e+03]
  Bounds range     [3e-04, 1e+00]
  RHS range        [7e-17, 6e+00]
Presolve removed 131482 rows and 128814 columns
Presolve time: 0.55s
Presolved: 126639 rows, 373587 columns, 743930 nonzeros
Presolved model has 3166 quadratic objective terms
Ordering time: 0.16s

Barrier statistics:
 AA' NZ     : 3.709e+05
 Factor NZ  : 4.212e+06 (roughly 240 MB of memory)
 Factor Ops : 3.974e+08 (less than 1 second per iteration)
 Threads    : 8

                  Objective                Residual
Iter       Primal          Dual         Primal    Dual     Compl     Time
   0  -1.08208243e+09  8.62426926e+08  7.80e+04 1.14e-13  1.00e+06     1s
   1  -6.18909579e+08  5.71190886e+08  1.71e+04 1.38e+02  2.40e+05     1s
   2  -3.11035476e+08  3.11021849e+08  2.28e+02 1.12e+00  4.48e+03     1s
   3  -7.31788331e+07  7.38397144e+07  1.92e+00 1.44e-12  3.19e+02     1s
   4  -1.39340219e+07  1.46173265e+07  1.62e-01 5.58e-12  5.90e+01     1s
   5  -2.55218566e+06  2.82756960e+06  1.24e-02 1.23e-12  1.09e+01     1s
   6  -3.71997694e+05  4.27122182e+05  1.24e-08 7.96e-13  1.61e+00     2s
   7  -5.57152244e+04  7.01851668e+04  1.84e-13 7.34e-13  2.53e-01     2s
   8  -8.40011186e+03  1.00467489e+04  6.13e-14 2.41e-13  3.71e-02     2s
   9  -1.34425691e+03  1.65185875e+03  1.46e-14 4.00e-14  6.03e-03     2s
  10  -2.19267195e+02  2.08493572e+02  8.98e-15 2.84e-14  8.61e-04     2s
  11  -4.76984179e+01  3.30128409e+01  2.06e-15 2.13e-14  1.62e-04     2s
  12  -6.98742871e+00  6.84931319e+00  1.19e-15 1.42e-14  2.78e-05     2s
  13   3.58419582e-01  2.18609677e+00  3.66e-16 1.42e-14  3.68e-06     2s
  14   1.45717473e+00  1.90437933e+00  3.85e-16 1.42e-14  9.00e-07     3s
  15   1.67745149e+00  1.85599703e+00  2.10e-16 1.42e-14  3.59e-07     3s
  16   1.75875120e+00  1.82444255e+00  6.88e-17 1.42e-14  1.32e-07     3s
  17   1.77895761e+00  1.81650689e+00  4.58e-17 1.42e-14  7.55e-08     3s
  18   1.79718668e+00  1.80980206e+00  1.39e-16 1.42e-14  2.54e-08     3s
  19   1.80334482e+00  1.80754862e+00  1.06e-16 1.42e-14  8.46e-09     3s
  20   1.80587160e+00  1.80664777e+00  7.16e-17 1.42e-14  1.56e-09     3s
  21   1.80636178e+00  1.80647415e+00  9.06e-17 1.42e-14  2.26e-10     3s
  22   1.80643673e+00  1.80644764e+00  9.66e-17 1.42e-14  2.20e-11     3s
  23   1.80644467e+00  1.80644484e+00  3.98e-16 1.42e-14  3.41e-13     3s
  24   1.80644476e+00  1.80644480e+00  2.80e-15 1.42e-14  7.81e-14     3s
  25   1.80644478e+00  1.80644479e+00  3.39e-15 1.42e-14  2.04e-14     3s
  26   1.80644479e+00  1.80644479e+00  2.42e-15 1.42e-14  5.18e-15     4s
  27   1.80644479e+00  1.80644479e+00  1.50e-15 1.42e-14  1.43e-15     4s
  28   1.80644479e+00  1.80644479e+00  1.40e-15 1.42e-14  1.39e-15     4s
  29   1.80644479e+00  1.80644479e+00  9.43e-16 1.42e-14  8.43e-16     4s
  30   1.80644479e+00  1.80644479e+00  5.01e-16 1.42e-14  5.79e-16     4s
  31   1.80644479e+00  1.80644479e+00  3.74e-16 1.42e-14  3.16e-16     4s
  32   1.80644479e+00  1.80644479e+00  2.38e-16 1.42e-14  2.43e-16     4s
  33   1.80644479e+00  1.80644479e+00  3.36e-16 1.42e-14  1.14e-16     4s
  34   1.80644479e+00  1.80644479e+00  2.53e-16 1.42e-14  9.49e-17     4s

Barrier solved model in 34 iterations and 4.23 seconds (3.98 work units)
Optimal objective 1.80644479e+00

objective value: 1.8064447913026995
Done! Time elapsed: 24.26851224899292 seconds.
g_0_1: 1.0393972934017401
g_1_1: 1.0239783492127406
g_1_2: 1.0706807116199366
g_2_1: 1.0431029442960569
g_2_2: 1.131850321320014
g_2_3: 1.043102944299313
g_2_4: 1.1318503210208224
Parameters from last iteration: [0.18085513 0.72395269 0.18629844 0.73747378 0.19694196 0.73747378
 0.19694196]

Parameters from current iteration:
                [0.18085513 0.72395269 0.18629844 0.73747378 0.19694196 0.73747378
 0.19694196]


                Percentage Error = 8.551659624720642e-12
                
year done: 41
Time 42: 2
Optimization Iteration[1/20000]

Solving the optimization problem...
Set parameter TokenServer to value "licenses.rcc.uchicago.edu"
Read LP format model from file /scratch/local/jobs/50183995/tmp_d2bgc3o.pyomo.lp
Reading time = 1.33 seconds
x1: 258121 rows, 502401 columns, 1259970 nonzeros
Set parameter Threads to value 8
Set parameter BarConvTol to value 1e-12
Gurobi Optimizer version 11.0.0 build v11.0.0rc2 (linux64 - "CentOS Linux 8")

CPU model: Intel(R) Xeon(R) Gold 6248R CPU @ 3.00GHz, instruction set [SSE2|AVX|AVX2|AVX512]
Thread count: 48 physical cores, 48 logical processors, using up to 8 threads

Optimize a model with 258121 rows, 502401 columns and 1259970 nonzeros
Model fingerprint: 0x2c90617b
Model has 3166 quadratic objective terms
Coefficient statistics:
  Matrix range     [1e+00, 1e+03]
  Objective range  [6e-08, 7e+01]
  QObjective range [4e-01, 3e+03]
  Bounds range     [3e-04, 1e+00]
  RHS range        [7e-17, 6e+00]
Presolve removed 131482 rows and 128814 columns
Presolve time: 0.55s
Presolved: 126639 rows, 373587 columns, 743930 nonzeros
Presolved model has 3166 quadratic objective terms
Ordering time: 0.16s

Barrier statistics:
 AA' NZ     : 3.709e+05
 Factor NZ  : 4.212e+06 (roughly 240 MB of memory)
 Factor Ops : 3.974e+08 (less than 1 second per iteration)
 Threads    : 8

                  Objective                Residual
Iter       Primal          Dual         Primal    Dual     Compl     Time
   0  -1.08208243e+09  8.62426926e+08  7.80e+04 1.14e-13  1.00e+06     1s
   1  -6.18909579e+08  5.71190886e+08  1.71e+04 1.38e+02  2.40e+05     1s
   2  -3.11035476e+08  3.11021849e+08  2.28e+02 1.12e+00  4.48e+03     1s
   3  -7.31788331e+07  7.38397143e+07  1.92e+00 1.68e-12  3.19e+02     1s
   4  -1.39340220e+07  1.46173265e+07  1.62e-01 4.51e-12  5.90e+01     1s
   5  -2.55218571e+06  2.82756954e+06  1.24e-02 1.24e-12  1.09e+01     1s
   6  -3.71997749e+05  4.27122128e+05  1.24e-08 1.28e-12  1.61e+00     2s
   7  -5.57152792e+04  7.01851121e+04  2.10e-13 8.51e-13  2.53e-01     2s
   8  -8.40016661e+03  1.00466941e+04  5.93e-14 2.02e-13  3.71e-02     2s
   9  -1.34431166e+03  1.65180399e+03  2.39e-14 4.26e-14  6.03e-03     2s
  10  -2.19321951e+02  2.08438816e+02  8.89e-15 2.84e-14  8.61e-04     2s
  11  -4.77531739e+01  3.29580848e+01  2.52e-15 2.13e-14  1.62e-04     2s
  12  -7.04218474e+00  6.79455716e+00  1.30e-15 1.42e-14  2.78e-05     2s
  13   3.03663551e-01  2.13134074e+00  3.17e-16 1.42e-14  3.68e-06     2s
  14   1.40241869e+00  1.84962330e+00  3.67e-16 1.42e-14  9.00e-07     3s
  15   1.62269546e+00  1.80124100e+00  1.30e-16 2.84e-14  3.59e-07     3s
  16   1.70399517e+00  1.76968651e+00  6.14e-17 1.42e-14  1.32e-07     3s
  17   1.72420158e+00  1.76175086e+00  4.18e-17 1.42e-14  7.55e-08     3s
  18   1.74243065e+00  1.75504603e+00  8.10e-17 1.42e-14  2.54e-08     3s
  19   1.74858879e+00  1.75279259e+00  6.05e-17 1.42e-14  8.46e-09     3s
  20   1.75111557e+00  1.75189174e+00  5.69e-17 1.60e-14  1.56e-09     3s
  21   1.75160575e+00  1.75171812e+00  7.72e-17 2.13e-14  2.26e-10     3s
  22   1.75168069e+00  1.75169161e+00  9.17e-17 2.84e-14  2.20e-11     3s
  23   1.75168864e+00  1.75168880e+00  3.43e-16 1.47e-14  3.41e-13     3s
  24   1.75168873e+00  1.75168877e+00  3.51e-15 1.42e-14  7.68e-14     3s
  25   1.75168875e+00  1.75168876e+00  3.84e-15 1.42e-14  2.00e-14     3s
  26   1.75168876e+00  1.75168876e+00  1.85e-15 1.42e-14  5.08e-15     4s
  27   1.75168876e+00  1.75168876e+00  1.40e-15 1.42e-14  1.41e-15     4s
  28   1.75168876e+00  1.75168876e+00  1.31e-15 1.42e-14  1.37e-15     4s
  29   1.75168876e+00  1.75168876e+00  8.81e-16 1.42e-14  8.31e-16     4s
  30   1.75168876e+00  1.75168876e+00  5.04e-16 1.42e-14  5.66e-16     4s
  31   1.75168876e+00  1.75168876e+00  2.97e-16 1.42e-14  3.08e-16     4s
  32   1.75168876e+00  1.75168876e+00  2.72e-16 1.42e-14  2.29e-16     4s
  33   1.75168876e+00  1.75168876e+00  2.48e-16 1.42e-14  1.16e-16     4s
  34   1.75168876e+00  1.75168876e+00  1.18e-16 7.11e-15  8.22e-17     4s

Barrier solved model in 34 iterations and 4.22 seconds (3.98 work units)
Optimal objective 1.75168876e+00

objective value: 1.7516887603967555
Done! Time elapsed: 24.263879537582397 seconds.
g_0_1: 1.039397293393126
g_1_1: 1.0239783492169503
g_1_2: 1.0706807116146753
g_2_1: 1.0431029442991104
g_2_2: 1.1318503212763436
g_2_3: 1.0431029443019264
g_2_4: 1.1318503210175905
Parameters from last iteration: [0.18085513 0.72395269 0.18629844 0.73747378 0.19694196 0.73747378
 0.19694196]

Parameters from current iteration:
                [0.18085513 0.72395269 0.18629844 0.73747378 0.19694196 0.73747378
 0.19694196]


                Percentage Error = 3.85831647766079e-11
                
year done: 42
Time 43: 2
Optimization Iteration[1/20000]

Solving the optimization problem...
Set parameter TokenServer to value "licenses.rcc.uchicago.edu"
Read LP format model from file /scratch/local/jobs/50183995/tmpuc87y0ym.pyomo.lp
Reading time = 1.33 seconds
x1: 258121 rows, 502401 columns, 1259970 nonzeros
Set parameter Threads to value 8
Set parameter BarConvTol to value 1e-12
Gurobi Optimizer version 11.0.0 build v11.0.0rc2 (linux64 - "CentOS Linux 8")

CPU model: Intel(R) Xeon(R) Gold 6248R CPU @ 3.00GHz, instruction set [SSE2|AVX|AVX2|AVX512]
Thread count: 48 physical cores, 48 logical processors, using up to 8 threads

Optimize a model with 258121 rows, 502401 columns and 1259970 nonzeros
Model fingerprint: 0x9f7d4ce0
Model has 3166 quadratic objective terms
Coefficient statistics:
  Matrix range     [1e+00, 1e+03]
  Objective range  [6e-08, 7e+01]
  QObjective range [4e-01, 3e+03]
  Bounds range     [3e-04, 1e+00]
  RHS range        [7e-17, 6e+00]
Presolve removed 131482 rows and 128814 columns
Presolve time: 0.54s
Presolved: 126639 rows, 373587 columns, 743930 nonzeros
Presolved model has 3166 quadratic objective terms
Ordering time: 0.16s

Barrier statistics:
 AA' NZ     : 3.709e+05
 Factor NZ  : 4.212e+06 (roughly 240 MB of memory)
 Factor Ops : 3.974e+08 (less than 1 second per iteration)
 Threads    : 8

                  Objective                Residual
Iter       Primal          Dual         Primal    Dual     Compl     Time
   0  -1.08208243e+09  8.62426926e+08  7.80e+04 1.14e-13  1.00e+06     1s
   1  -6.18909579e+08  5.71190886e+08  1.71e+04 1.38e+02  2.40e+05     1s
   2  -3.11035476e+08  3.11021849e+08  2.28e+02 1.12e+00  4.48e+03     1s
   3  -7.31788332e+07  7.38397143e+07  1.92e+00 1.64e-12  3.19e+02     1s
   4  -1.39340220e+07  1.46173264e+07  1.62e-01 5.17e-12  5.90e+01     1s
   5  -2.55218577e+06  2.82756949e+06  1.24e-02 1.24e-12  1.09e+01     1s
   6  -3.71997801e+05  4.27122075e+05  1.24e-08 9.25e-13  1.61e+00     2s
   7  -5.57153315e+04  7.01850598e+04  1.73e-13 6.67e-13  2.53e-01     2s
   8  -8.40021890e+03  1.00466418e+04  4.12e-14 2.19e-13  3.71e-02     2s
   9  -1.34436396e+03  1.65175170e+03  1.91e-14 3.15e-14  6.03e-03     2s
  10  -2.19374242e+02  2.08386525e+02  8.05e-15 2.84e-14  8.61e-04     2s
  11  -4.78054655e+01  3.29057932e+01  2.06e-15 1.73e-14  1.62e-04     2s
  12  -7.09447635e+00  6.74226555e+00  1.12e-15 2.84e-14  2.78e-05     2s
  13   2.51371947e-01  2.07904914e+00  3.39e-16 2.13e-14  3.68e-06     2s
  14   1.35012709e+00  1.79733169e+00  5.12e-16 2.84e-14  9.00e-07     3s
  15   1.57040385e+00  1.74894940e+00  1.53e-16 1.42e-14  3.59e-07     3s
  16   1.65170357e+00  1.71739491e+00  2.20e-16 1.42e-14  1.32e-07     3s
  17   1.67190997e+00  1.70945925e+00  1.46e-16 2.13e-14  7.55e-08     3s
  18   1.69013904e+00  1.70275443e+00  7.72e-17 1.42e-14  2.54e-08     3s
  19   1.69629718e+00  1.70050099e+00  1.22e-16 1.42e-14  8.46e-09     3s
  20   1.69882397e+00  1.69960013e+00  5.87e-17 2.13e-14  1.56e-09     3s
  21   1.69931415e+00  1.69942652e+00  1.26e-16 2.84e-14  2.26e-10     3s
  22   1.69938909e+00  1.69940001e+00  8.85e-17 1.42e-14  2.20e-11     3s
  23   1.69939703e+00  1.69939720e+00  3.50e-16 1.42e-14  3.41e-13     3s
  24   1.69939713e+00  1.69939717e+00  2.91e-15 2.13e-14  7.64e-14     3s
  25   1.69939715e+00  1.69939716e+00  3.33e-15 1.42e-14  1.99e-14     3s
  26   1.69939716e+00  1.69939716e+00  2.43e-15 1.42e-14  5.06e-15     4s
  27   1.69939716e+00  1.69939716e+00  1.23e-15 1.42e-14  1.37e-15     4s
  28   1.69939716e+00  1.69939716e+00  1.16e-15 1.42e-14  1.33e-15     4s
  29   1.69939716e+00  1.69939716e+00  6.29e-16 1.42e-14  8.11e-16     4s
  30   1.69939716e+00  1.69939716e+00  4.43e-16 1.60e-14  5.48e-16     4s
  31   1.69939716e+00  1.69939716e+00  3.01e-16 1.42e-14  2.98e-16     4s
  32   1.69939716e+00  1.69939716e+00  2.10e-16 1.42e-14  2.17e-16     4s
  33   1.69939716e+00  1.69939716e+00  2.40e-16 1.42e-14  1.29e-16     4s
  34   1.69939716e+00  1.69939716e+00  1.47e-16 1.42e-14  8.70e-17     4s

Barrier solved model in 34 iterations and 4.21 seconds (3.98 work units)
Optimal objective 1.69939716e+00

objective value: 1.699397156836693
Done! Time elapsed: 24.16521120071411 seconds.
g_0_1: 1.0393972933964262
g_1_1: 1.0239783492153376
g_1_2: 1.070680711616703
g_2_1: 1.0431029442979332
g_2_2: 1.1318503212929647
g_2_3: 1.0431029443009232
g_2_4: 1.1318503210188278
Parameters from last iteration: [0.18085513 0.72395269 0.18629844 0.73747378 0.19694196 0.73747378
 0.19694196]

Parameters from current iteration:
                [0.18085513 0.72395269 0.18629844 0.73747378 0.19694196 0.73747378
 0.19694196]


                Percentage Error = 1.4684912896037207e-11
                
year done: 43
Time 44: 2
Optimization Iteration[1/20000]

Solving the optimization problem...
Set parameter TokenServer to value "licenses.rcc.uchicago.edu"
Read LP format model from file /scratch/local/jobs/50183995/tmpqqnw9e7t.pyomo.lp
Reading time = 1.34 seconds
x1: 258121 rows, 502401 columns, 1259970 nonzeros
Set parameter Threads to value 8
Set parameter BarConvTol to value 1e-12
Gurobi Optimizer version 11.0.0 build v11.0.0rc2 (linux64 - "CentOS Linux 8")

CPU model: Intel(R) Xeon(R) Gold 6248R CPU @ 3.00GHz, instruction set [SSE2|AVX|AVX2|AVX512]
Thread count: 48 physical cores, 48 logical processors, using up to 8 threads

Optimize a model with 258121 rows, 502401 columns and 1259970 nonzeros
Model fingerprint: 0xdd4350bf
Model has 3166 quadratic objective terms
Coefficient statistics:
  Matrix range     [1e+00, 1e+03]
  Objective range  [6e-08, 7e+01]
  QObjective range [4e-01, 3e+03]
  Bounds range     [3e-04, 1e+00]
  RHS range        [7e-17, 6e+00]
Presolve removed 131482 rows and 128814 columns
Presolve time: 0.56s
Presolved: 126639 rows, 373587 columns, 743930 nonzeros
Presolved model has 3166 quadratic objective terms
Ordering time: 0.16s

Barrier statistics:
 AA' NZ     : 3.709e+05
 Factor NZ  : 4.212e+06 (roughly 240 MB of memory)
 Factor Ops : 3.974e+08 (less than 1 second per iteration)
 Threads    : 8

                  Objective                Residual
Iter       Primal          Dual         Primal    Dual     Compl     Time
   0  -1.08208243e+09  8.62426926e+08  7.80e+04 1.14e-13  1.00e+06     1s
   1  -6.18909579e+08  5.71190885e+08  1.71e+04 1.38e+02  2.40e+05     1s
   2  -3.11035476e+08  3.11021849e+08  2.28e+02 1.12e+00  4.48e+03     1s
   3  -7.31788332e+07  7.38397142e+07  1.92e+00 1.50e-12  3.19e+02     1s
   4  -1.39340221e+07  1.46173264e+07  1.62e-01 5.27e-12  5.90e+01     1s
   5  -2.55218582e+06  2.82756944e+06  1.24e-02 1.25e-12  1.09e+01     1s
   6  -3.71997851e+05  4.27122025e+05  1.24e-08 7.76e-13  1.61e+00     2s
   7  -5.57153814e+04  7.01850098e+04  1.93e-13 6.28e-13  2.53e-01     2s
   8  -8.40026884e+03  1.00465919e+04  3.52e-14 2.21e-13  3.71e-02     2s
   9  -1.34441389e+03  1.65170176e+03  2.58e-14 3.11e-14  6.03e-03     2s
  10  -2.19424180e+02  2.08336587e+02  8.33e-15 2.13e-14  8.61e-04     2s
  11  -4.78554036e+01  3.28558551e+01  2.10e-15 2.13e-14  1.62e-04     2s
  12  -7.14441444e+00  6.69232746e+00  8.83e-16 1.42e-14  2.78e-05     2s
  13   2.01433854e-01  2.02911104e+00  3.68e-16 1.42e-14  3.68e-06     2s
  14   1.30018900e+00  1.74739360e+00  4.56e-16 1.42e-14  9.00e-07     3s
  15   1.52046576e+00  1.69901130e+00  1.83e-16 1.42e-14  3.59e-07     3s
  16   1.60176548e+00  1.66745682e+00  5.86e-17 1.42e-14  1.32e-07     3s
  17   1.62197188e+00  1.65952116e+00  7.74e-17 1.42e-14  7.55e-08     3s
  18   1.64020095e+00  1.65281634e+00  1.41e-16 2.13e-14  2.54e-08     3s
  19   1.64635909e+00  1.65056289e+00  1.42e-16 2.84e-14  8.46e-09     3s
  20   1.64888587e+00  1.64966204e+00  5.88e-17 2.84e-14  1.56e-09     3s
  21   1.64937605e+00  1.64948842e+00  1.25e-16 2.18e-14  2.26e-10     3s
  22   1.64945100e+00  1.64946192e+00  9.99e-17 2.13e-14  2.20e-11     3s
  23   1.64945894e+00  1.64945911e+00  4.35e-16 1.42e-14  3.41e-13     3s
  24   1.64945904e+00  1.64945907e+00  2.80e-15 1.42e-14  7.63e-14     3s
  25   1.64945906e+00  1.64945907e+00  3.86e-15 1.42e-14  1.99e-14     4s
  26   1.64945906e+00  1.64945906e+00  2.08e-15 1.42e-14  5.05e-15     4s
  27   1.64945906e+00  1.64945906e+00  1.40e-15 1.42e-14  1.35e-15     4s
  28   1.64945906e+00  1.64945906e+00  1.33e-15 2.13e-14  1.31e-15     4s
  29   1.64945906e+00  1.64945906e+00  7.64e-16 1.42e-14  7.97e-16     4s
  30   1.64945906e+00  1.64945906e+00  4.76e-16 1.42e-14  5.34e-16     4s
  31   1.64945906e+00  1.64945906e+00  3.84e-16 1.42e-14  2.90e-16     4s
  32   1.64945906e+00  1.64945906e+00  2.31e-16 1.42e-14  2.07e-16     4s
  33   1.64945906e+00  1.64945906e+00  1.76e-16 1.42e-14  1.40e-16     4s
  34   1.64945906e+00  1.64945906e+00  1.36e-16 1.42e-14  8.93e-17     4s

Barrier solved model in 34 iterations and 4.29 seconds (3.98 work units)
Optimal objective 1.64945906e+00

objective value: 1.6494590631274395
Done! Time elapsed: 25.869797229766846 seconds.
g_0_1: 1.0393972933979831
g_1_1: 1.0239783492145735
g_1_2: 1.070680711617648
g_2_1: 1.043102944297372
g_2_2: 1.1318503213008468
g_2_3: 1.0431029443004425
g_2_4: 1.1318503210193973
Parameters from last iteration: [0.18085513 0.72395269 0.18629844 0.73747378 0.19694196 0.73747378
 0.19694196]

Parameters from current iteration:
                [0.18085513 0.72395269 0.18629844 0.73747378 0.19694196 0.73747378
 0.19694196]


                Percentage Error = 6.963911024407673e-12
                
year done: 44
Time 45: 2
Optimization Iteration[1/20000]

Solving the optimization problem...
Set parameter TokenServer to value "licenses.rcc.uchicago.edu"
Read LP format model from file /scratch/local/jobs/50183995/tmpp093eww_.pyomo.lp
Reading time = 1.33 seconds
x1: 258121 rows, 502401 columns, 1259970 nonzeros
Set parameter Threads to value 8
Set parameter BarConvTol to value 1e-12
Gurobi Optimizer version 11.0.0 build v11.0.0rc2 (linux64 - "CentOS Linux 8")

CPU model: Intel(R) Xeon(R) Gold 6248R CPU @ 3.00GHz, instruction set [SSE2|AVX|AVX2|AVX512]
Thread count: 48 physical cores, 48 logical processors, using up to 8 threads

Optimize a model with 258121 rows, 502401 columns and 1259970 nonzeros
Model fingerprint: 0x902305a4
Model has 3166 quadratic objective terms
Coefficient statistics:
  Matrix range     [1e+00, 1e+03]
  Objective range  [6e-08, 7e+01]
  QObjective range [4e-01, 3e+03]
  Bounds range     [3e-04, 1e+00]
  RHS range        [7e-17, 6e+00]
Presolve removed 131482 rows and 128814 columns
Presolve time: 0.55s
Presolved: 126639 rows, 373587 columns, 743930 nonzeros
Presolved model has 3166 quadratic objective terms
Ordering time: 0.16s

Barrier statistics:
 AA' NZ     : 3.709e+05
 Factor NZ  : 4.212e+06 (roughly 240 MB of memory)
 Factor Ops : 3.974e+08 (less than 1 second per iteration)
 Threads    : 8

                  Objective                Residual
Iter       Primal          Dual         Primal    Dual     Compl     Time
   0  -1.08208243e+09  8.62426926e+08  7.80e+04 1.13e-13  1.00e+06     1s
   1  -6.18909579e+08  5.71190885e+08  1.71e+04 1.38e+02  2.40e+05     1s
   2  -3.11035476e+08  3.11021849e+08  2.28e+02 1.12e+00  4.48e+03     1s
   3  -7.31788333e+07  7.38397142e+07  1.92e+00 1.92e-12  3.19e+02     1s
   4  -1.39340221e+07  1.46173263e+07  1.62e-01 4.33e-12  5.90e+01     1s
   5  -2.55218586e+06  2.82756939e+06  1.24e-02 1.22e-12  1.09e+01     1s
   6  -3.71997899e+05  4.27121978e+05  1.24e-08 9.54e-13  1.61e+00     2s
   7  -5.57154291e+04  7.01849621e+04  1.29e-13 6.42e-13  2.53e-01     2s
   8  -8.40031653e+03  1.00465442e+04  5.04e-14 2.20e-13  3.71e-02     2s
   9  -1.34446159e+03  1.65165407e+03  1.69e-14 4.26e-14  6.03e-03     2s
  10  -2.19471871e+02  2.08288896e+02  9.31e-15 2.84e-14  8.61e-04     2s
  11  -4.79030941e+01  3.28081646e+01  2.74e-15 2.13e-14  1.62e-04     2s
  12  -7.19210495e+00  6.64463695e+00  1.00e-15 2.84e-14  2.78e-05     2s
  13   1.53743345e-01  1.98142053e+00  3.42e-16 1.42e-14  3.68e-06     2s
  14   1.25249849e+00  1.69970309e+00  4.17e-16 1.42e-14  9.00e-07     3s
  15   1.47277525e+00  1.65132079e+00  2.73e-16 2.13e-14  3.59e-07     3s
  16   1.55407497e+00  1.61976631e+00  9.94e-17 1.42e-14  1.32e-07     3s
  17   1.57428137e+00  1.61183065e+00  3.51e-17 2.13e-14  7.55e-08     3s
  18   1.59251044e+00  1.60512583e+00  5.54e-17 2.84e-14  2.54e-08     3s
  19   1.59866858e+00  1.60287238e+00  1.56e-16 1.42e-14  8.46e-09     3s
  20   1.60119536e+00  1.60197153e+00  6.46e-17 2.84e-14  1.56e-09     3s
  21   1.60168554e+00  1.60179791e+00  1.27e-16 1.42e-14  2.26e-10     3s
  22   1.60176049e+00  1.60177141e+00  1.00e-16 2.84e-14  2.20e-11     3s
  23   1.60176843e+00  1.60176860e+00  2.83e-16 1.42e-14  3.41e-13     3s
  24   1.60176853e+00  1.60176856e+00  2.91e-15 1.42e-14  7.61e-14     3s
  25   1.60176855e+00  1.60176856e+00  5.53e-15 2.13e-14  1.99e-14     3s
  26   1.60176855e+00  1.60176855e+00  2.18e-15 2.84e-14  5.03e-15     4s
  27   1.60176855e+00  1.60176855e+00  1.66e-15 1.42e-14  1.33e-15     4s
  28   1.60176855e+00  1.60176855e+00  1.59e-15 1.42e-14  1.29e-15     4s
  29   1.60176855e+00  1.60176855e+00  7.84e-16 1.42e-14  7.86e-16     4s
  30   1.60176855e+00  1.60176855e+00  4.20e-16 9.77e-15  5.22e-16     4s
  31   1.60176855e+00  1.60176855e+00  3.08e-16 1.42e-14  2.82e-16     4s
  32   1.60176855e+00  1.60176855e+00  2.34e-16 1.42e-14  1.97e-16     4s
  33   1.60176855e+00  1.60176855e+00  1.88e-16 1.42e-14  1.17e-16     4s
  34   1.60176855e+00  1.60176855e+00  1.65e-16 1.42e-14  8.23e-17     4s

Barrier solved model in 34 iterations and 4.23 seconds (3.98 work units)
Optimal objective 1.60176855e+00

objective value: 1.6017685538794706
Done! Time elapsed: 24.179367542266846 seconds.
g_0_1: 1.0393972933931936
g_1_1: 1.0239783492169003
g_1_2: 1.0706807116147101
g_2_1: 1.0431029442990776
g_2_2: 1.1318503212768918
g_2_3: 1.0431029443019033
g_2_4: 1.1318503210175879
Parameters from last iteration: [0.18085513 0.72395269 0.18629844 0.73747378 0.19694196 0.73747378
 0.19694196]

Parameters from current iteration:
                [0.18085513 0.72395269 0.18629844 0.73747378 0.19694196 0.73747378
 0.19694196]


                Percentage Error = 2.116443798539079e-11
                
year done: 45
Time 46: 2
Optimization Iteration[1/20000]

Solving the optimization problem...
Set parameter TokenServer to value "licenses.rcc.uchicago.edu"
Read LP format model from file /scratch/local/jobs/50183995/tmp_68cyg_5.pyomo.lp
Reading time = 1.33 seconds
x1: 258121 rows, 502401 columns, 1259970 nonzeros
Set parameter Threads to value 8
Set parameter BarConvTol to value 1e-12
Gurobi Optimizer version 11.0.0 build v11.0.0rc2 (linux64 - "CentOS Linux 8")

CPU model: Intel(R) Xeon(R) Gold 6248R CPU @ 3.00GHz, instruction set [SSE2|AVX|AVX2|AVX512]
Thread count: 48 physical cores, 48 logical processors, using up to 8 threads

Optimize a model with 258121 rows, 502401 columns and 1259970 nonzeros
Model fingerprint: 0xc839ca0b
Model has 3166 quadratic objective terms
Coefficient statistics:
  Matrix range     [1e+00, 1e+03]
  Objective range  [6e-08, 7e+01]
  QObjective range [4e-01, 3e+03]
  Bounds range     [3e-04, 1e+00]
  RHS range        [7e-17, 6e+00]
Presolve removed 131482 rows and 128814 columns
Presolve time: 0.54s
Presolved: 126639 rows, 373587 columns, 743930 nonzeros
Presolved model has 3166 quadratic objective terms
Ordering time: 0.16s

Barrier statistics:
 AA' NZ     : 3.709e+05
 Factor NZ  : 4.212e+06 (roughly 240 MB of memory)
 Factor Ops : 3.974e+08 (less than 1 second per iteration)
 Threads    : 8

                  Objective                Residual
Iter       Primal          Dual         Primal    Dual     Compl     Time
   0  -1.08208243e+09  8.62426926e+08  7.80e+04 1.13e-13  1.00e+06     1s
   1  -6.18909579e+08  5.71190885e+08  1.71e+04 1.38e+02  2.40e+05     1s
   2  -3.11035476e+08  3.11021849e+08  2.28e+02 1.12e+00  4.48e+03     1s
   3  -7.31788333e+07  7.38397141e+07  1.92e+00 1.75e-12  3.19e+02     1s
   4  -1.39340222e+07  1.46173263e+07  1.62e-01 4.21e-12  5.90e+01     1s
   5  -2.55218591e+06  2.82756935e+06  1.24e-02 1.39e-12  1.09e+01     1s
   6  -3.71997945e+05  4.27121932e+05  1.24e-08 1.02e-12  1.61e+00     2s
   7  -5.57154746e+04  7.01849166e+04  1.55e-13 7.41e-13  2.53e-01     2s
   8  -8.40036208e+03  1.00464987e+04  5.56e-14 2.01e-13  3.71e-02     2s
   9  -1.34450713e+03  1.65160853e+03  1.54e-14 2.84e-14  6.03e-03     2s
  10  -2.19517415e+02  2.08243352e+02  9.07e-15 4.26e-14  8.61e-04     2s
  11  -4.79486382e+01  3.27626205e+01  2.54e-15 1.91e-14  1.62e-04     2s
  12  -7.23764903e+00  6.59909287e+00  1.21e-15 1.42e-14  2.78e-05     2s
  13   1.08199262e-01  1.93587645e+00  3.26e-16 1.42e-14  3.68e-06     2s
  14   1.20695440e+00  1.65415901e+00  4.29e-16 1.42e-14  9.00e-07     3s
  15   1.42723117e+00  1.60577671e+00  1.25e-16 2.84e-14  3.59e-07     3s
  16   1.50853088e+00  1.57422223e+00  9.63e-17 1.42e-14  1.32e-07     3s
  17   1.52873729e+00  1.56628657e+00  7.22e-17 1.42e-14  7.55e-08     3s
  18   1.54696636e+00  1.55958174e+00  8.90e-17 1.42e-14  2.54e-08     3s
  19   1.55312450e+00  1.55732830e+00  1.10e-16 1.42e-14  8.46e-09     3s
  20   1.55565128e+00  1.55642745e+00  7.04e-17 2.84e-14  1.56e-09     3s
  21   1.55614146e+00  1.55625383e+00  5.77e-17 1.42e-14  2.26e-10     3s
  22   1.55621641e+00  1.55622732e+00  1.79e-16 1.42e-14  2.20e-11     3s
  23   1.55622435e+00  1.55622452e+00  3.82e-16 2.13e-14  3.41e-13     3s
  24   1.55622444e+00  1.55622448e+00  3.09e-15 1.42e-14  7.60e-14     3s
  25   1.55622446e+00  1.55622447e+00  5.93e-15 1.42e-14  1.99e-14     3s
  26   1.55622447e+00  1.55622447e+00  2.57e-15 1.42e-14  5.01e-15     4s
  27   1.55622447e+00  1.55622447e+00  1.53e-15 2.84e-14  1.28e-15     4s
  28   1.55622447e+00  1.55622447e+00  1.47e-15 1.42e-14  1.25e-15     4s
  29   1.55622447e+00  1.55622447e+00  7.87e-16 2.84e-14  7.66e-16     4s
  30   1.55622447e+00  1.55622447e+00  5.29e-16 1.42e-14  4.66e-16     4s
  31   1.55622447e+00  1.55622447e+00  3.07e-16 1.42e-14  2.44e-16     4s
  32   1.55622447e+00  1.55622447e+00  2.58e-16 1.42e-14  2.16e-16     4s
  33   1.55622447e+00  1.55622447e+00  1.97e-16 1.42e-14  1.41e-16     4s
  34   1.55622447e+00  1.55622447e+00  1.32e-16 1.42e-14  8.62e-17     4s

Barrier solved model in 34 iterations and 4.21 seconds (3.98 work units)
Optimal objective 1.55622447e+00

objective value: 1.5562244711213216
Done! Time elapsed: 24.295220851898193 seconds.
g_0_1: 1.0393972933958402
g_1_1: 1.0239783492155994
g_1_2: 1.070680711616332
g_2_1: 1.0431029442981288
g_2_2: 1.1318503212902493
g_2_3: 1.0431029443010928
g_2_4: 1.1318503210185835
Parameters from last iteration: [0.18085513 0.72395269 0.18629844 0.73747378 0.19694196 0.73747378
 0.19694196]

Parameters from current iteration:
                [0.18085513 0.72395269 0.18629844 0.73747378 0.19694196 0.73747378
 0.19694196]


                Percentage Error = 1.1801428396780821e-11
                
year done: 46
Time 47: 2
Optimization Iteration[1/20000]

Solving the optimization problem...
Set parameter TokenServer to value "licenses.rcc.uchicago.edu"
Read LP format model from file /scratch/local/jobs/50183995/tmp9fphbrwd.pyomo.lp
Reading time = 1.32 seconds
x1: 258121 rows, 502401 columns, 1259970 nonzeros
Set parameter Threads to value 8
Set parameter BarConvTol to value 1e-12
Gurobi Optimizer version 11.0.0 build v11.0.0rc2 (linux64 - "CentOS Linux 8")

CPU model: Intel(R) Xeon(R) Gold 6248R CPU @ 3.00GHz, instruction set [SSE2|AVX|AVX2|AVX512]
Thread count: 48 physical cores, 48 logical processors, using up to 8 threads

Optimize a model with 258121 rows, 502401 columns and 1259970 nonzeros
Model fingerprint: 0x62668c3e
Model has 3166 quadratic objective terms
Coefficient statistics:
  Matrix range     [1e+00, 1e+03]
  Objective range  [6e-08, 7e+01]
  QObjective range [4e-01, 3e+03]
  Bounds range     [3e-04, 1e+00]
  RHS range        [7e-17, 6e+00]
Presolve removed 131482 rows and 128814 columns
Presolve time: 0.55s
Presolved: 126639 rows, 373587 columns, 743930 nonzeros
Presolved model has 3166 quadratic objective terms
Ordering time: 0.16s

Barrier statistics:
 AA' NZ     : 3.709e+05
 Factor NZ  : 4.212e+06 (roughly 240 MB of memory)
 Factor Ops : 3.974e+08 (less than 1 second per iteration)
 Threads    : 8

                  Objective                Residual
Iter       Primal          Dual         Primal    Dual     Compl     Time
   0  -1.08208243e+09  8.62426926e+08  7.80e+04 1.13e-13  1.00e+06     1s
   1  -6.18909579e+08  5.71190885e+08  1.71e+04 1.38e+02  2.40e+05     1s
   2  -3.11035476e+08  3.11021849e+08  2.28e+02 1.12e+00  4.48e+03     1s
   3  -7.31788334e+07  7.38397141e+07  1.92e+00 1.71e-12  3.19e+02     1s
   4  -1.39340222e+07  1.46173262e+07  1.62e-01 3.96e-12  5.90e+01     1s
   5  -2.55218595e+06  2.82756930e+06  1.24e-02 1.22e-12  1.09e+01     1s
   6  -3.71997988e+05  4.27121889e+05  1.24e-08 9.07e-13  1.61e+00     2s
   7  -5.57155181e+04  7.01848731e+04  1.26e-13 6.53e-13  2.53e-01     2s
   8  -8.40040557e+03  1.00464552e+04  6.26e-14 1.96e-13  3.71e-02     2s
   9  -1.34455062e+03  1.65156503e+03  1.84e-14 3.60e-14  6.03e-03     2s
  10  -2.19560909e+02  2.08199858e+02  9.13e-15 2.13e-14  8.61e-04     2s
  11  -4.79921325e+01  3.27191263e+01  2.29e-15 2.00e-14  1.62e-04     2s
  12  -7.28114330e+00  6.55559861e+00  1.21e-15 1.42e-14  2.78e-05     2s
  13   6.47050004e-02  1.89238219e+00  2.79e-16 2.84e-14  3.68e-06     2s
  14   1.16346014e+00  1.61066475e+00  3.78e-16 1.42e-14  9.00e-07     3s
  15   1.38373691e+00  1.56228245e+00  2.03e-16 1.42e-14  3.59e-07     3s
  16   1.46503662e+00  1.53072796e+00  9.06e-17 1.42e-14  1.32e-07     3s
  17   1.48524303e+00  1.52279230e+00  3.99e-17 2.13e-14  7.55e-08     3s
  18   1.50347210e+00  1.51608748e+00  7.01e-17 1.42e-14  2.54e-08     3s
  19   1.50963024e+00  1.51383404e+00  8.72e-17 1.42e-14  8.46e-09     3s
  20   1.51215702e+00  1.51293319e+00  7.84e-17 1.42e-14  1.56e-09     3s
  21   1.51264720e+00  1.51275957e+00  8.83e-17 1.42e-14  2.26e-10     3s
  22   1.51272214e+00  1.51273306e+00  1.73e-16 2.84e-14  2.20e-11     3s
  23   1.51273008e+00  1.51273025e+00  3.26e-16 1.42e-14  3.41e-13     3s
  24   1.51273018e+00  1.51273022e+00  2.92e-15 1.42e-14  7.65e-14     3s
  25   1.51273020e+00  1.51273021e+00  5.89e-15 1.42e-14  2.00e-14     3s
  26   1.51273021e+00  1.51273021e+00  2.54e-15 1.42e-14  5.03e-15     4s
  27   1.51273021e+00  1.51273021e+00  1.53e-15 1.55e-14  1.28e-15     4s
  28   1.51273021e+00  1.51273021e+00  1.29e-15 1.42e-14  1.18e-15     4s
  29   1.51273021e+00  1.51273021e+00  6.47e-16 1.42e-14  6.89e-16     4s
  30   1.51273021e+00  1.51273021e+00  4.76e-16 1.42e-14  5.29e-16     4s
  31   1.51273021e+00  1.51273021e+00  3.77e-16 1.42e-14  2.87e-16     4s
  32   1.51273021e+00  1.51273021e+00  2.04e-16 1.42e-14  2.20e-16     4s
  33   1.51273021e+00  1.51273021e+00  2.56e-16 1.42e-14  1.09e-16     4s
  34   1.51273021e+00  1.51273021e+00  1.35e-16 1.42e-14  8.68e-17     4s

Barrier solved model in 34 iterations and 4.24 seconds (3.98 work units)
Optimal objective 1.51273021e+00

objective value: 1.5127302097521471
Done! Time elapsed: 24.232760190963745 seconds.
g_0_1: 1.0393972933962432
g_1_1: 1.023978349215409
g_1_2: 1.0706807116165713
g_2_1: 1.043102944297977
g_2_2: 1.1318503212921376
g_2_3: 1.0431029443009638
g_2_4: 1.131850321018746
Parameters from last iteration: [0.18085513 0.72395269 0.18629844 0.73747378 0.19694196 0.73747378
 0.19694196]

Parameters from current iteration:
                [0.18085513 0.72395269 0.18629844 0.73747378 0.19694196 0.73747378
 0.19694196]


                Percentage Error = 1.668362145733629e-12
                
year done: 47
Time 48: 2
Optimization Iteration[1/20000]

Solving the optimization problem...
Set parameter TokenServer to value "licenses.rcc.uchicago.edu"
Read LP format model from file /scratch/local/jobs/50183995/tmphrqdxwfz.pyomo.lp
Reading time = 1.35 seconds
x1: 258121 rows, 502401 columns, 1259970 nonzeros
Set parameter Threads to value 8
Set parameter BarConvTol to value 1e-12
Gurobi Optimizer version 11.0.0 build v11.0.0rc2 (linux64 - "CentOS Linux 8")

CPU model: Intel(R) Xeon(R) Gold 6248R CPU @ 3.00GHz, instruction set [SSE2|AVX|AVX2|AVX512]
Thread count: 48 physical cores, 48 logical processors, using up to 8 threads

Optimize a model with 258121 rows, 502401 columns and 1259970 nonzeros
Model fingerprint: 0xbc0e1e0a
Model has 3166 quadratic objective terms
Coefficient statistics:
  Matrix range     [1e+00, 1e+03]
  Objective range  [6e-08, 7e+01]
  QObjective range [4e-01, 3e+03]
  Bounds range     [3e-04, 1e+00]
  RHS range        [7e-17, 6e+00]
Presolve removed 131482 rows and 128814 columns
Presolve time: 0.55s
Presolved: 126639 rows, 373587 columns, 743930 nonzeros
Presolved model has 3166 quadratic objective terms
Ordering time: 0.16s

Barrier statistics:
 AA' NZ     : 3.709e+05
 Factor NZ  : 4.212e+06 (roughly 240 MB of memory)
 Factor Ops : 3.974e+08 (less than 1 second per iteration)
 Threads    : 8

                  Objective                Residual
Iter       Primal          Dual         Primal    Dual     Compl     Time
   0  -1.08208243e+09  8.62426926e+08  7.80e+04 1.14e-13  1.00e+06     1s
   1  -6.18909579e+08  5.71190885e+08  1.71e+04 1.38e+02  2.40e+05     1s
   2  -3.11035476e+08  3.11021849e+08  2.28e+02 1.12e+00  4.48e+03     1s
   3  -7.31788334e+07  7.38397141e+07  1.92e+00 1.48e-12  3.19e+02     1s
   4  -1.39340222e+07  1.46173262e+07  1.62e-01 4.28e-12  5.90e+01     1s
   5  -2.55218600e+06  2.82756926e+06  1.24e-02 1.33e-12  1.09e+01     1s
   6  -3.71998030e+05  4.27121847e+05  1.24e-08 9.62e-13  1.61e+00     2s
   7  -5.57155597e+04  7.01848316e+04  1.34e-13 7.13e-13  2.53e-01     2s
   8  -8.40044711e+03  1.00464136e+04  4.21e-14 2.15e-13  3.71e-02     2s
   9  -1.34459216e+03  1.65152350e+03  2.02e-14 4.26e-14  6.03e-03     2s
  10  -2.19602446e+02  2.08158321e+02  1.24e-14 2.84e-14  8.61e-04     2s
  11  -4.80336692e+01  3.26775896e+01  2.27e-15 2.13e-14  1.62e-04     2s
  12  -7.32267999e+00  6.51406191e+00  7.80e-16 1.42e-14  2.78e-05     2s
  13   2.31683033e-02  1.85084549e+00  3.23e-16 1.42e-14  3.68e-06     2s
  14   1.12192345e+00  1.56912805e+00  4.75e-16 1.42e-14  9.00e-07     3s
  15   1.34220021e+00  1.52074575e+00  2.30e-16 1.42e-14  3.59e-07     3s
  16   1.42349993e+00  1.48919127e+00  8.31e-17 1.42e-14  1.32e-07     3s
  17   1.44370633e+00  1.48125561e+00  4.45e-17 1.42e-14  7.55e-08     3s
  18   1.46193540e+00  1.47455078e+00  5.92e-17 1.42e-14  2.54e-08     3s
  19   1.46809354e+00  1.47229734e+00  4.68e-17 1.42e-14  8.46e-09     3s
  20   1.47062032e+00  1.47139649e+00  6.84e-17 1.42e-14  1.56e-09     3s
  21   1.47111050e+00  1.47122287e+00  7.23e-17 1.42e-14  2.26e-10     3s
  22   1.47118545e+00  1.47119636e+00  1.25e-16 1.42e-14  2.20e-11     3s
  23   1.47119339e+00  1.47119356e+00  4.45e-16 1.42e-14  3.41e-13     3s
  24   1.47119348e+00  1.47119352e+00  3.34e-15 1.42e-14  7.80e-14     3s
  25   1.47119351e+00  1.47119352e+00  3.90e-15 2.13e-14  2.04e-14     3s
  26   1.47119351e+00  1.47119351e+00  2.89e-15 1.42e-14  5.09e-15     4s
  27   1.47119351e+00  1.47119351e+00  1.44e-15 1.64e-14  1.30e-15     4s
  28   1.47119351e+00  1.47119351e+00  7.94e-16 1.42e-14  7.79e-16     4s
  29   1.47119351e+00  1.47119351e+00  6.47e-16 1.42e-14  6.83e-16     4s
  30   1.47119351e+00  1.47119351e+00  4.40e-16 1.42e-14  4.21e-16     4s
  31   1.47119351e+00  1.47119351e+00  3.13e-16 1.42e-14  2.07e-16     4s
  32   1.47119351e+00  1.47119351e+00  2.48e-16 1.42e-14  1.56e-16     4s
  33   1.47119351e+00  1.47119351e+00  2.10e-16 1.42e-14  7.42e-17     4s

Barrier solved model in 33 iterations and 4.20 seconds (3.90 work units)
Optimal objective 1.47119351e+00

objective value: 1.4711935126158417
Done! Time elapsed: 25.85007071495056 seconds.
g_0_1: 1.0393972933875226
g_1_1: 1.0239783492196237
g_1_2: 1.0706807116112258
g_2_1: 1.0431029443011273
g_2_2: 1.1318503212495945
g_2_3: 1.043102944303671
g_2_4: 1.1318503210154682
Parameters from last iteration: [0.18085513 0.72395269 0.18629844 0.73747378 0.19694196 0.73747378
 0.19694196]

Parameters from current iteration:
                [0.18085513 0.72395269 0.18629844 0.73747378 0.19694196 0.73747378
 0.19694196]


                Percentage Error = 3.758719288332942e-11
                
year done: 48
Time 49: 2
Optimization Iteration[1/20000]

Solving the optimization problem...
Set parameter TokenServer to value "licenses.rcc.uchicago.edu"
Read LP format model from file /scratch/local/jobs/50183995/tmp5xl9mhqj.pyomo.lp
Reading time = 1.35 seconds
x1: 258121 rows, 502401 columns, 1259970 nonzeros
Set parameter Threads to value 8
Set parameter BarConvTol to value 1e-12
Gurobi Optimizer version 11.0.0 build v11.0.0rc2 (linux64 - "CentOS Linux 8")

CPU model: Intel(R) Xeon(R) Gold 6248R CPU @ 3.00GHz, instruction set [SSE2|AVX|AVX2|AVX512]
Thread count: 48 physical cores, 48 logical processors, using up to 8 threads

Optimize a model with 258121 rows, 502401 columns and 1259970 nonzeros
Model fingerprint: 0x5e77151d
Model has 3166 quadratic objective terms
Coefficient statistics:
  Matrix range     [1e+00, 1e+03]
  Objective range  [6e-08, 7e+01]
  QObjective range [4e-01, 3e+03]
  Bounds range     [3e-04, 1e+00]
  RHS range        [7e-17, 6e+00]
Presolve removed 131482 rows and 128814 columns
Presolve time: 0.55s
Presolved: 126639 rows, 373587 columns, 743930 nonzeros
Presolved model has 3166 quadratic objective terms
Ordering time: 0.16s

Barrier statistics:
 AA' NZ     : 3.709e+05
 Factor NZ  : 4.212e+06 (roughly 240 MB of memory)
 Factor Ops : 3.974e+08 (less than 1 second per iteration)
 Threads    : 8

                  Objective                Residual
Iter       Primal          Dual         Primal    Dual     Compl     Time
   0  -1.08208243e+09  8.62426926e+08  7.80e+04 1.14e-13  1.00e+06     1s
   1  -6.18909579e+08  5.71190885e+08  1.71e+04 1.38e+02  2.40e+05     1s
   2  -3.11035476e+08  3.11021849e+08  2.28e+02 1.12e+00  4.48e+03     1s
   3  -7.31788335e+07  7.38397140e+07  1.92e+00 1.47e-12  3.19e+02     1s
   4  -1.39340223e+07  1.46173261e+07  1.62e-01 4.04e-12  5.90e+01     1s
   5  -2.55218604e+06  2.82756922e+06  1.24e-02 1.25e-12  1.09e+01     1s
   6  -3.71998069e+05  4.27121807e+05  1.24e-08 9.57e-13  1.61e+00     2s
   7  -5.57155994e+04  7.01847919e+04  1.55e-13 6.64e-13  2.53e-01     2s
   8  -8.40048678e+03  1.00463740e+04  4.72e-14 2.15e-13  3.71e-02     2s
   9  -1.34463183e+03  1.65148383e+03  1.65e-14 2.84e-14  6.03e-03     2s
  10  -2.19642113e+02  2.08118654e+02  8.14e-15 2.44e-14  8.61e-04     2s
  11  -4.80733364e+01  3.26379224e+01  2.89e-15 2.84e-14  1.62e-04     2s
  12  -7.36234723e+00  6.47439467e+00  9.21e-16 2.13e-14  2.78e-05     2s
  13  -1.64989347e-02  1.81117826e+00  4.81e-16 1.42e-14  3.68e-06     2s
  14   1.08225621e+00  1.52946081e+00  6.05e-16 2.84e-14  9.00e-07     3s
  15   1.30253297e+00  1.48107851e+00  2.94e-16 1.42e-14  3.59e-07     3s
  16   1.38383269e+00  1.44952403e+00  1.86e-16 1.42e-14  1.32e-07     3s
  17   1.40403909e+00  1.44158837e+00  3.92e-17 1.42e-14  7.55e-08     3s
  18   1.42226816e+00  1.43488355e+00  7.78e-17 2.13e-14  2.54e-08     3s
  19   1.42842630e+00  1.43263010e+00  9.25e-17 1.42e-14  8.46e-09     3s
  20   1.43095308e+00  1.43172925e+00  6.14e-17 2.13e-14  1.56e-09     3s
  21   1.43144327e+00  1.43155564e+00  6.11e-17 1.42e-14  2.26e-10     3s
  22   1.43151821e+00  1.43152913e+00  9.76e-17 1.42e-14  2.20e-11     3s
  23   1.43152615e+00  1.43152632e+00  4.91e-16 2.84e-14  3.41e-13     3s
  24   1.43152625e+00  1.43152629e+00  2.88e-15 1.42e-14  7.87e-14     3s
  25   1.43152627e+00  1.43152628e+00  4.66e-15 2.84e-14  2.06e-14     3s
  26   1.43152627e+00  1.43152628e+00  2.30e-15 2.13e-14  5.13e-15     4s
  27   1.43152627e+00  1.43152628e+00  1.44e-15 1.42e-14  1.31e-15     4s
  28   1.43152627e+00  1.43152627e+00  7.18e-16 1.42e-14  8.01e-16     4s
  29   1.43152627e+00  1.43152627e+00  5.09e-16 1.42e-14  5.19e-16     4s
  30   1.43152627e+00  1.43152627e+00  3.66e-16 1.42e-14  3.37e-16     4s
  31   1.43152627e+00  1.43152627e+00  2.64e-16 1.42e-14  1.68e-16     4s
  32   1.43152627e+00  1.43152627e+00  1.96e-16 1.42e-14  1.23e-16     4s
  33   1.43152627e+00  1.43152627e+00  1.14e-16 1.42e-14  7.90e-17     4s

Barrier solved model in 33 iterations and 4.17 seconds (3.90 work units)
Optimal objective 1.43152627e+00

objective value: 1.4315262747976474
Done! Time elapsed: 24.354226112365723 seconds.
g_0_1: 1.0393972933909268
g_1_1: 1.0239783492179846
g_1_2: 1.0706807116133206
g_2_1: 1.0431029442998803
g_2_2: 1.1318503212657838
g_2_3: 1.0431029443025912
g_2_4: 1.1318503210167516
Parameters from last iteration: [0.18085513 0.72395269 0.18629844 0.73747378 0.19694196 0.73747378
 0.19694196]

Parameters from current iteration:
                [0.18085513 0.72395269 0.18629844 0.73747378 0.19694196 0.73747378
 0.19694196]


                Percentage Error = 1.4303407884670861e-11
                
year done: 49
Time 50: 2
Optimization Iteration[1/20000]

Solving the optimization problem...
Set parameter TokenServer to value "licenses.rcc.uchicago.edu"
Read LP format model from file /scratch/local/jobs/50183995/tmp13r0uiji.pyomo.lp
Reading time = 1.35 seconds
x1: 258121 rows, 502401 columns, 1259970 nonzeros
Set parameter Threads to value 8
Set parameter BarConvTol to value 1e-12
Gurobi Optimizer version 11.0.0 build v11.0.0rc2 (linux64 - "CentOS Linux 8")

CPU model: Intel(R) Xeon(R) Gold 6248R CPU @ 3.00GHz, instruction set [SSE2|AVX|AVX2|AVX512]
Thread count: 48 physical cores, 48 logical processors, using up to 8 threads

Optimize a model with 258121 rows, 502401 columns and 1259970 nonzeros
Model fingerprint: 0xf5061dd4
Model has 3166 quadratic objective terms
Coefficient statistics:
  Matrix range     [1e+00, 1e+03]
  Objective range  [6e-08, 7e+01]
  QObjective range [4e-01, 3e+03]
  Bounds range     [3e-04, 1e+00]
  RHS range        [7e-17, 6e+00]
Presolve removed 131482 rows and 128814 columns
Presolve time: 0.55s
Presolved: 126639 rows, 373587 columns, 743930 nonzeros
Presolved model has 3166 quadratic objective terms
Ordering time: 0.16s

Barrier statistics:
 AA' NZ     : 3.709e+05
 Factor NZ  : 4.212e+06 (roughly 240 MB of memory)
 Factor Ops : 3.974e+08 (less than 1 second per iteration)
 Threads    : 8

                  Objective                Residual
Iter       Primal          Dual         Primal    Dual     Compl     Time
   0  -1.08208243e+09  8.62426926e+08  7.80e+04 1.13e-13  1.00e+06     1s
   1  -6.18909579e+08  5.71190885e+08  1.71e+04 1.38e+02  2.40e+05     1s
   2  -3.11035476e+08  3.11021849e+08  2.28e+02 1.12e+00  4.48e+03     1s
   3  -7.31788335e+07  7.38397140e+07  1.92e+00 1.41e-12  3.19e+02     1s
   4  -1.39340223e+07  1.46173261e+07  1.62e-01 3.67e-12  5.90e+01     1s
   5  -2.55218607e+06  2.82756918e+06  1.24e-02 1.25e-12  1.09e+01     1s
   6  -3.71998107e+05  4.27121769e+05  1.24e-08 1.02e-12  1.61e+00     2s
   7  -5.57156372e+04  7.01847540e+04  1.76e-13 6.81e-13  2.53e-01     2s
   8  -8.40052466e+03  1.00463361e+04  4.78e-14 2.27e-13  3.71e-02     2s
   9  -1.34466971e+03  1.65144595e+03  1.53e-14 4.26e-14  6.03e-03     2s
  10  -2.19679995e+02  2.08080772e+02  8.85e-15 2.84e-14  8.61e-04     2s
  11  -4.81112183e+01  3.26000404e+01  2.23e-15 2.13e-14  1.62e-04     2s
  12  -7.40022915e+00  6.43651275e+00  8.15e-16 1.42e-14  2.78e-05     2s
  13  -5.43808526e-02  1.77329634e+00  3.17e-16 1.42e-14  3.68e-06     2s
  14   1.04437429e+00  1.49157889e+00  5.39e-16 1.42e-14  9.00e-07     3s
  15   1.26465105e+00  1.44319660e+00  1.81e-16 2.13e-14  3.59e-07     3s
  16   1.34595077e+00  1.41164211e+00  1.04e-16 1.42e-14  1.32e-07     3s
  17   1.36615717e+00  1.40370645e+00  4.74e-17 1.42e-14  7.55e-08     3s
  18   1.38438624e+00  1.39700163e+00  9.52e-17 1.42e-14  2.54e-08     3s
  19   1.39054438e+00  1.39474819e+00  6.90e-17 1.42e-14  8.46e-09     3s
  20   1.39307117e+00  1.39384733e+00  8.29e-17 2.84e-14  1.56e-09     3s
  21   1.39356135e+00  1.39367372e+00  1.23e-16 1.42e-14  2.26e-10     3s
  22   1.39363629e+00  1.39364721e+00  1.48e-16 1.42e-14  2.20e-11     3s
  23   1.39364423e+00  1.39364440e+00  3.54e-16 1.42e-14  3.41e-13     3s
  24   1.39364433e+00  1.39364437e+00  2.74e-15 1.42e-14  7.99e-14     3s
  25   1.39364435e+00  1.39364436e+00  4.21e-15 1.42e-14  2.08e-14     3s
  26   1.39364435e+00  1.39364436e+00  2.85e-15 1.42e-14  5.21e-15     4s
  27   1.39364436e+00  1.39364436e+00  1.35e-15 1.51e-14  1.33e-15     4s
  28   1.39364436e+00  1.39364436e+00  7.62e-16 1.42e-14  8.53e-16     4s
  29   1.39364436e+00  1.39364436e+00  5.30e-16 2.13e-14  6.90e-16     4s
  30   1.39364436e+00  1.39364436e+00  3.04e-16 1.42e-14  3.40e-16     4s
  31   1.39364436e+00  1.39364436e+00  2.89e-16 1.42e-14  3.20e-16     4s
  32   1.39364436e+00  1.39364436e+00  1.82e-16 1.42e-14  1.79e-16     4s
  33   1.39364436e+00  1.39364436e+00  1.58e-16 1.42e-14  1.64e-16     4s
  34   1.39364436e+00  1.39364436e+00  1.40e-16 1.42e-14  7.99e-17     4s

Barrier solved model in 34 iterations and 4.28 seconds (3.98 work units)
Optimal objective 1.39364436e+00

objective value: 1.3936443567754435
Done! Time elapsed: 24.42680048942566 seconds.
g_0_1: 1.039397293391408
g_1_1: 1.0239783492177266
g_1_2: 1.070680711613591
g_2_1: 1.0431029442997346
g_2_2: 1.1318503212691255
g_2_3: 1.0431029443024835
g_2_4: 1.1318503210169093
Parameters from last iteration: [0.18085513 0.72395269 0.18629844 0.73747378 0.19694196 0.73747378
 0.19694196]

Parameters from current iteration:
                [0.18085513 0.72395269 0.18629844 0.73747378 0.19694196 0.73747378
 0.19694196]


                Percentage Error = 2.9524006244069323e-12
                
year done: 50
Time 51: 2
Optimization Iteration[1/20000]

Solving the optimization problem...
Set parameter TokenServer to value "licenses.rcc.uchicago.edu"
Read LP format model from file /scratch/local/jobs/50183995/tmp1n3hxxeu.pyomo.lp
Reading time = 1.33 seconds
x1: 258121 rows, 502401 columns, 1259970 nonzeros
Set parameter Threads to value 8
Set parameter BarConvTol to value 1e-12
Gurobi Optimizer version 11.0.0 build v11.0.0rc2 (linux64 - "CentOS Linux 8")

CPU model: Intel(R) Xeon(R) Gold 6248R CPU @ 3.00GHz, instruction set [SSE2|AVX|AVX2|AVX512]
Thread count: 48 physical cores, 48 logical processors, using up to 8 threads

Optimize a model with 258121 rows, 502401 columns and 1259970 nonzeros
Model fingerprint: 0x90b08e53
Model has 3166 quadratic objective terms
Coefficient statistics:
  Matrix range     [1e+00, 1e+03]
  Objective range  [6e-08, 7e+01]
  QObjective range [4e-01, 3e+03]
  Bounds range     [3e-04, 1e+00]
  RHS range        [7e-17, 6e+00]
Presolve removed 131482 rows and 128814 columns
Presolve time: 0.55s
Presolved: 126639 rows, 373587 columns, 743930 nonzeros
Presolved model has 3166 quadratic objective terms
Ordering time: 0.16s

Barrier statistics:
 AA' NZ     : 3.709e+05
 Factor NZ  : 4.212e+06 (roughly 240 MB of memory)
 Factor Ops : 3.974e+08 (less than 1 second per iteration)
 Threads    : 8

                  Objective                Residual
Iter       Primal          Dual         Primal    Dual     Compl     Time
   0  -1.08208243e+09  8.62426926e+08  7.80e+04 1.13e-13  1.00e+06     1s
   1  -6.18909579e+08  5.71190885e+08  1.71e+04 1.38e+02  2.40e+05     1s
   2  -3.11035476e+08  3.11021849e+08  2.28e+02 1.12e+00  4.48e+03     1s
   3  -7.31788335e+07  7.38397140e+07  1.92e+00 1.54e-12  3.19e+02     1s
   4  -1.39340224e+07  1.46173261e+07  1.62e-01 4.89e-12  5.90e+01     1s
   5  -2.55218611e+06  2.82756915e+06  1.24e-02 1.21e-12  1.09e+01     1s
   6  -3.71998143e+05  4.27121733e+05  1.24e-08 8.70e-13  1.61e+00     2s
   7  -5.57156734e+04  7.01847178e+04  1.96e-13 5.83e-13  2.53e-01     2s
   8  -8.40056083e+03  1.00462999e+04  5.76e-14 2.39e-13  3.71e-02     2s
   9  -1.34470589e+03  1.65140977e+03  1.44e-14 2.89e-14  6.03e-03     2s
  10  -2.19716172e+02  2.08044595e+02  9.45e-15 2.84e-14  8.61e-04     2s
  11  -4.81473953e+01  3.25638635e+01  3.10e-15 1.78e-14  1.62e-04     2s
  12  -7.43640610e+00  6.40033580e+00  1.11e-15 2.13e-14  2.78e-05     2s
  13  -9.05578035e-02  1.73711939e+00  5.23e-16 1.47e-14  3.68e-06     2s
  14   1.00819734e+00  1.45540194e+00  5.21e-16 1.42e-14  9.00e-07     3s
  15   1.22847410e+00  1.40701965e+00  1.83e-16 1.42e-14  3.59e-07     3s
  16   1.30977382e+00  1.37546516e+00  9.20e-17 1.42e-14  1.32e-07     3s
  17   1.32998022e+00  1.36752950e+00  9.56e-17 2.13e-14  7.55e-08     3s
  18   1.34820929e+00  1.36082468e+00  7.13e-17 1.42e-14  2.54e-08     3s
  19   1.35436743e+00  1.35857124e+00  1.22e-16 1.42e-14  8.46e-09     3s
  20   1.35689421e+00  1.35767038e+00  1.01e-16 1.42e-14  1.56e-09     3s
  21   1.35738440e+00  1.35749677e+00  1.20e-16 1.42e-14  2.26e-10     3s
  22   1.35745934e+00  1.35747026e+00  8.40e-17 1.42e-14  2.20e-11     3s
  23   1.35746728e+00  1.35746745e+00  3.38e-16 2.84e-14  3.41e-13     3s
  24   1.35746738e+00  1.35746742e+00  3.32e-15 2.84e-14  8.02e-14     3s
  25   1.35746740e+00  1.35746741e+00  4.89e-15 1.42e-14  2.08e-14     3s
  26   1.35746740e+00  1.35746741e+00  2.95e-15 1.42e-14  5.23e-15     4s
  27   1.35746741e+00  1.35746741e+00  1.90e-15 1.42e-14  1.34e-15     4s
  28   1.35746741e+00  1.35746741e+00  8.06e-16 1.42e-14  8.46e-16     4s
  29   1.35746741e+00  1.35746741e+00  5.58e-16 1.42e-14  6.59e-16     4s
  30   1.35746741e+00  1.35746741e+00  3.08e-16 1.42e-14  3.31e-16     4s
  31   1.35746741e+00  1.35746741e+00  2.83e-16 1.42e-14  3.10e-16     4s
  32   1.35746741e+00  1.35746741e+00  1.91e-16 1.42e-14  1.79e-16     4s
  33   1.35746741e+00  1.35746741e+00  1.56e-16 1.42e-14  1.55e-16     4s
  34   1.35746741e+00  1.35746741e+00  1.54e-16 1.42e-14  8.73e-17     4s

Barrier solved model in 34 iterations and 4.28 seconds (3.98 work units)
Optimal objective 1.35746741e+00

objective value: 1.3574674059183303
Done! Time elapsed: 24.392911911010742 seconds.
g_0_1: 1.039397293396574
g_1_1: 1.0239783492152312
g_1_2: 1.0706807116167745
g_2_1: 1.0431029442978652
g_2_2: 1.1318503212941877
g_2_3: 1.0431029443008735
g_2_4: 1.1318503210188435
Parameters from last iteration: [0.18085513 0.72395269 0.18629844 0.73747378 0.19694196 0.73747378
 0.19694196]

Parameters from current iteration:
                [0.18085513 0.72395269 0.18629844 0.73747378 0.19694196 0.73747378
 0.19694196]


                Percentage Error = 2.2142652351058554e-11
                
year done: 51
Time 52: 2
Optimization Iteration[1/20000]

Solving the optimization problem...
Set parameter TokenServer to value "licenses.rcc.uchicago.edu"
Read LP format model from file /scratch/local/jobs/50183995/tmp2tjbc50c.pyomo.lp
Reading time = 1.32 seconds
x1: 258121 rows, 502401 columns, 1259970 nonzeros
Set parameter Threads to value 8
Set parameter BarConvTol to value 1e-12
Gurobi Optimizer version 11.0.0 build v11.0.0rc2 (linux64 - "CentOS Linux 8")

CPU model: Intel(R) Xeon(R) Gold 6248R CPU @ 3.00GHz, instruction set [SSE2|AVX|AVX2|AVX512]
Thread count: 48 physical cores, 48 logical processors, using up to 8 threads

Optimize a model with 258121 rows, 502401 columns and 1259970 nonzeros
Model fingerprint: 0x60dbea03
Model has 3166 quadratic objective terms
Coefficient statistics:
  Matrix range     [1e+00, 1e+03]
  Objective range  [6e-08, 7e+01]
  QObjective range [4e-01, 3e+03]
  Bounds range     [3e-04, 1e+00]
  RHS range        [7e-17, 6e+00]
Presolve removed 131482 rows and 128814 columns
Presolve time: 0.54s
Presolved: 126639 rows, 373587 columns, 743930 nonzeros
Presolved model has 3166 quadratic objective terms
Ordering time: 0.16s

Barrier statistics:
 AA' NZ     : 3.709e+05
 Factor NZ  : 4.212e+06 (roughly 240 MB of memory)
 Factor Ops : 3.974e+08 (less than 1 second per iteration)
 Threads    : 8

                  Objective                Residual
Iter       Primal          Dual         Primal    Dual     Compl     Time
   0  -1.08208243e+09  8.62426926e+08  7.80e+04 1.14e-13  1.00e+06     1s
   1  -6.18909579e+08  5.71190885e+08  1.71e+04 1.38e+02  2.40e+05     1s
   2  -3.11035476e+08  3.11021849e+08  2.28e+02 1.12e+00  4.48e+03     1s
   3  -7.31788336e+07  7.38397139e+07  1.92e+00 1.72e-12  3.19e+02     1s
   4  -1.39340224e+07  1.46173260e+07  1.62e-01 3.21e-12  5.90e+01     1s
   5  -2.55218614e+06  2.82756911e+06  1.24e-02 1.19e-12  1.09e+01     1s
   6  -3.71998178e+05  4.27121699e+05  1.24e-08 4.14e-12  1.61e+00     2s
   7  -5.57157080e+04  7.01846833e+04  1.29e-13 6.36e-13  2.53e-01     2s
   8  -8.40059538e+03  1.00462653e+04  4.59e-14 2.11e-13  3.71e-02     2s
   9  -1.34474043e+03  1.65137522e+03  2.53e-14 2.98e-14  6.03e-03     2s
  10  -2.19750721e+02  2.08010046e+02  1.01e-14 3.55e-14  8.61e-04     2s
  11  -4.81819440e+01  3.25293148e+01  1.92e-15 2.13e-14  1.62e-04     2s
  12  -7.47095482e+00  6.36578708e+00  1.03e-15 1.42e-14  2.78e-05     2s
  13  -1.25106523e-01  1.70257067e+00  3.05e-16 2.84e-14  3.68e-06     2s
  14   9.73648620e-01  1.42085322e+00  4.39e-16 1.42e-14  9.00e-07     3s
  15   1.19392538e+00  1.37247093e+00  1.48e-16 2.84e-14  3.59e-07     3s
  16   1.27522510e+00  1.34091644e+00  1.36e-16 1.42e-14  1.32e-07     3s
  17   1.29543150e+00  1.33298078e+00  3.94e-17 1.42e-14  7.55e-08     3s
  18   1.31366057e+00  1.32627596e+00  8.03e-17 2.84e-14  2.54e-08     3s
  19   1.31981871e+00  1.32402252e+00  5.10e-17 1.42e-14  8.46e-09     3s
  20   1.32234550e+00  1.32312166e+00  6.67e-17 1.42e-14  1.56e-09     3s
  21   1.32283568e+00  1.32294805e+00  1.04e-16 2.84e-14  2.26e-10     3s
  22   1.32291062e+00  1.32292154e+00  1.24e-16 1.42e-14  2.20e-11     3s
  23   1.32291856e+00  1.32291873e+00  3.74e-16 1.42e-14  3.41e-13     3s
  24   1.32291866e+00  1.32291870e+00  2.76e-15 1.42e-14  8.07e-14     3s
  25   1.32291868e+00  1.32291869e+00  5.21e-15 1.42e-14  2.09e-14     3s
  26   1.32291868e+00  1.32291869e+00  2.61e-15 1.42e-14  5.26e-15     4s
  27   1.32291869e+00  1.32291869e+00  1.40e-15 2.84e-14  1.34e-15     4s
  28   1.32291869e+00  1.32291869e+00  6.87e-16 1.42e-14  8.42e-16     4s
  29   1.32291869e+00  1.32291869e+00  5.82e-16 1.42e-14  7.33e-16     4s
  30   1.32291869e+00  1.32291869e+00  3.49e-16 1.42e-14  3.82e-16     4s
  31   1.32291869e+00  1.32291869e+00  2.16e-16 1.42e-14  2.67e-16     4s
  32   1.32291869e+00  1.32291869e+00  1.36e-16 1.42e-14  1.35e-16     4s
  33   1.32291869e+00  1.32291869e+00  1.18e-16 1.42e-14  9.44e-17     4s

Barrier solved model in 33 iterations and 4.10 seconds (3.90 work units)
Optimal objective 1.32291869e+00

objective value: 1.3229186860656756
Done! Time elapsed: 24.53465986251831 seconds.
g_0_1: 1.0393972934013247
g_1_1: 1.0239783492128964
g_1_2: 1.0706807116196497
g_2_1: 1.0431029442961524
g_2_2: 1.1318503213181696
g_2_3: 1.0431029442994035
g_2_4: 1.1318503210206174
Parameters from last iteration: [0.18085513 0.72395269 0.18629844 0.73747378 0.19694196 0.73747378
 0.19694196]

Parameters from current iteration:
                [0.18085513 0.72395269 0.18629844 0.73747378 0.19694196 0.73747378
 0.19694196]


                Percentage Error = 2.118825562385185e-11
                
year done: 52
Time 53: 2
Optimization Iteration[1/20000]

Solving the optimization problem...
Set parameter TokenServer to value "licenses.rcc.uchicago.edu"
Read LP format model from file /scratch/local/jobs/50183995/tmp5zrbcht7.pyomo.lp
Reading time = 1.32 seconds
x1: 258121 rows, 502401 columns, 1259970 nonzeros
Set parameter Threads to value 8
Set parameter BarConvTol to value 1e-12
Gurobi Optimizer version 11.0.0 build v11.0.0rc2 (linux64 - "CentOS Linux 8")

CPU model: Intel(R) Xeon(R) Gold 6248R CPU @ 3.00GHz, instruction set [SSE2|AVX|AVX2|AVX512]
Thread count: 48 physical cores, 48 logical processors, using up to 8 threads

Optimize a model with 258121 rows, 502401 columns and 1259970 nonzeros
Model fingerprint: 0xdc2d43c8
Model has 3166 quadratic objective terms
Coefficient statistics:
  Matrix range     [1e+00, 1e+03]
  Objective range  [6e-08, 7e+01]
  QObjective range [4e-01, 3e+03]
  Bounds range     [3e-04, 1e+00]
  RHS range        [7e-17, 6e+00]
Presolve removed 131482 rows and 128814 columns
Presolve time: 0.55s
Presolved: 126639 rows, 373587 columns, 743930 nonzeros
Presolved model has 3166 quadratic objective terms
Ordering time: 0.16s

Barrier statistics:
 AA' NZ     : 3.709e+05
 Factor NZ  : 4.212e+06 (roughly 240 MB of memory)
 Factor Ops : 3.974e+08 (less than 1 second per iteration)
 Threads    : 8

                  Objective                Residual
Iter       Primal          Dual         Primal    Dual     Compl     Time
   0  -1.08208243e+09  8.62426926e+08  7.80e+04 1.13e-13  1.00e+06     1s
   1  -6.18909579e+08  5.71190885e+08  1.71e+04 1.38e+02  2.40e+05     1s
   2  -3.11035476e+08  3.11021849e+08  2.28e+02 1.12e+00  4.48e+03     1s
   3  -7.31788336e+07  7.38397139e+07  1.92e+00 1.81e-12  3.19e+02     1s
   4  -1.39340224e+07  1.46173260e+07  1.62e-01 3.56e-12  5.90e+01     1s
   5  -2.55218618e+06  2.82756908e+06  1.24e-02 1.14e-12  1.09e+01     1s
   6  -3.71998211e+05  4.27121666e+05  1.24e-08 1.02e-12  1.61e+00     2s
   7  -5.57157409e+04  7.01846503e+04  1.41e-13 6.61e-13  2.53e-01     2s
   8  -8.40062838e+03  1.00462324e+04  4.34e-14 2.54e-13  3.71e-02     2s
   9  -1.34477343e+03  1.65134223e+03  1.84e-14 3.55e-14  6.03e-03     2s
  10  -2.19783715e+02  2.07977052e+02  8.92e-15 2.84e-14  8.61e-04     2s
  11  -4.82149378e+01  3.24963210e+01  2.11e-15 2.13e-14  1.62e-04     2s
  12  -7.50394859e+00  6.33279331e+00  1.44e-15 1.42e-14  2.78e-05     2s
  13  -1.58100295e-01  1.66957690e+00  4.00e-16 1.42e-14  3.68e-06     2s
  14   9.40654849e-01  1.38785945e+00  4.19e-16 1.42e-14  9.00e-07     3s
  15   1.16093161e+00  1.33947715e+00  1.45e-16 1.42e-14  3.59e-07     3s
  16   1.24223133e+00  1.30792267e+00  1.16e-16 1.42e-14  1.32e-07     3s
  17   1.26243773e+00  1.29998701e+00  3.94e-17 1.42e-14  7.55e-08     3s
  18   1.28066680e+00  1.29328219e+00  9.22e-17 1.42e-14  2.54e-08     3s
  19   1.28682494e+00  1.29102874e+00  9.28e-17 1.42e-14  8.46e-09     3s
  20   1.28935172e+00  1.29012789e+00  8.02e-17 1.42e-14  1.56e-09     3s
  21   1.28984191e+00  1.28995428e+00  9.76e-17 1.42e-14  2.26e-10     3s
  22   1.28991685e+00  1.28992777e+00  1.28e-16 1.42e-14  2.20e-11     3s
  23   1.28992479e+00  1.28992496e+00  3.93e-16 1.73e-14  3.41e-13     3s
  24   1.28992488e+00  1.28992493e+00  3.05e-15 1.42e-14  8.12e-14     3s
  25   1.28992491e+00  1.28992492e+00  4.29e-15 2.84e-14  2.09e-14     3s
  26   1.28992491e+00  1.28992492e+00  2.63e-15 1.42e-14  5.29e-15     4s
  27   1.28992491e+00  1.28992491e+00  1.54e-15 1.42e-14  1.35e-15     4s
  28   1.28992491e+00  1.28992491e+00  8.02e-16 1.42e-14  8.37e-16     4s
  29   1.28992491e+00  1.28992491e+00  6.95e-16 1.42e-14  7.18e-16     4s
  30   1.28992491e+00  1.28992491e+00  4.78e-16 1.42e-14  3.35e-16     4s
  31   1.28992491e+00  1.28992491e+00  4.39e-16 1.42e-14  3.23e-16     4s
  32   1.28992491e+00  1.28992491e+00  2.20e-16 1.42e-14  1.84e-16     4s
  33   1.28992491e+00  1.28992491e+00  2.14e-16 1.42e-14  1.60e-16     4s
  34   1.28992491e+00  1.28992491e+00  1.46e-16 1.42e-14  1.01e-16     4s
  35   1.28992491e+00  1.28992491e+00  9.45e-17 1.42e-14  6.64e-17     4s

Barrier solved model in 35 iterations and 4.30 seconds (4.05 work units)
Optimal objective 1.28992491e+00

objective value: 1.289924914763187
Done! Time elapsed: 26.326517820358276 seconds.
g_0_1: 1.0393972933823865
g_1_1: 1.0239783492221524
g_1_2: 1.070680711608106
g_2_1: 1.0431029443029176
g_2_2: 1.1318503212227262
g_2_3: 1.043102944305193
g_2_4: 1.1318503210135624
Parameters from last iteration: [0.18085513 0.72395269 0.18629844 0.73747378 0.19694196 0.73747378
 0.19694196]

Parameters from current iteration:
                [0.18085513 0.72395269 0.18629844 0.73747378 0.19694196 0.73747378
 0.19694196]


                Percentage Error = 8.432515060019025e-11
                
year done: 53
Time 54: 2
Optimization Iteration[1/20000]

Solving the optimization problem...
Set parameter TokenServer to value "licenses.rcc.uchicago.edu"
Read LP format model from file /scratch/local/jobs/50183995/tmp2l3ka8_z.pyomo.lp
Reading time = 1.34 seconds
x1: 258121 rows, 502401 columns, 1259970 nonzeros
Set parameter Threads to value 8
Set parameter BarConvTol to value 1e-12
Gurobi Optimizer version 11.0.0 build v11.0.0rc2 (linux64 - "CentOS Linux 8")

CPU model: Intel(R) Xeon(R) Gold 6248R CPU @ 3.00GHz, instruction set [SSE2|AVX|AVX2|AVX512]
Thread count: 48 physical cores, 48 logical processors, using up to 8 threads

Optimize a model with 258121 rows, 502401 columns and 1259970 nonzeros
Model fingerprint: 0xb34c467f
Model has 3166 quadratic objective terms
Coefficient statistics:
  Matrix range     [1e+00, 1e+03]
  Objective range  [6e-08, 7e+01]
  QObjective range [4e-01, 3e+03]
  Bounds range     [3e-04, 1e+00]
  RHS range        [7e-17, 6e+00]
Presolve removed 131482 rows and 128814 columns
Presolve time: 0.55s
Presolved: 126639 rows, 373587 columns, 743930 nonzeros
Presolved model has 3166 quadratic objective terms
Ordering time: 0.16s

Barrier statistics:
 AA' NZ     : 3.709e+05
 Factor NZ  : 4.212e+06 (roughly 240 MB of memory)
 Factor Ops : 3.974e+08 (less than 1 second per iteration)
 Threads    : 8

                  Objective                Residual
Iter       Primal          Dual         Primal    Dual     Compl     Time
   0  -1.08208243e+09  8.62426926e+08  7.80e+04 1.14e-13  1.00e+06     1s
   1  -6.18909579e+08  5.71190885e+08  1.71e+04 1.38e+02  2.40e+05     1s
   2  -3.11035476e+08  3.11021849e+08  2.28e+02 1.12e+00  4.48e+03     1s
   3  -7.31788336e+07  7.38397139e+07  1.92e+00 1.45e-12  3.19e+02     1s
   4  -1.39340225e+07  1.46173260e+07  1.62e-01 5.12e-12  5.90e+01     1s
   5  -2.55218621e+06  2.82756905e+06  1.24e-02 1.32e-12  1.09e+01     1s
   6  -3.71998242e+05  4.27121634e+05  1.24e-08 1.32e-12  1.61e+00     2s
   7  -5.57157725e+04  7.01846188e+04  1.64e-13 6.91e-13  2.53e-01     2s
   8  -8.40065989e+03  1.00462008e+04  4.72e-14 2.61e-13  3.71e-02     2s
   9  -1.34480494e+03  1.65131072e+03  1.99e-14 3.33e-14  6.03e-03     2s
  10  -2.19815223e+02  2.07945544e+02  9.00e-15 2.84e-14  8.61e-04     2s
  11  -4.82464466e+01  3.24648122e+01  1.95e-15 2.84e-14  1.62e-04     2s
  12  -7.53545740e+00  6.30128451e+00  9.36e-16 1.42e-14  2.78e-05     2s
  13  -1.89609102e-01  1.63806809e+00  4.04e-16 1.42e-14  3.68e-06     2s
  14   9.09146042e-01  1.35635064e+00  5.53e-16 1.42e-14  9.00e-07     3s
  15   1.12942280e+00  1.30796835e+00  1.96e-16 2.13e-14  3.59e-07     3s
  16   1.21072252e+00  1.27641386e+00  1.06e-16 1.42e-14  1.32e-07     3s
  17   1.23092893e+00  1.26847820e+00  5.76e-17 1.42e-14  7.55e-08     3s
  18   1.24915800e+00  1.26177338e+00  1.10e-16 2.84e-14  2.54e-08     3s
  19   1.25531613e+00  1.25951994e+00  1.21e-16 1.42e-14  8.46e-09     3s
  20   1.25784292e+00  1.25861908e+00  7.40e-17 2.13e-14  1.56e-09     3s
  21   1.25833310e+00  1.25844547e+00  7.18e-17 1.42e-14  2.26e-10     3s
  22   1.25840804e+00  1.25841896e+00  9.33e-17 2.84e-14  2.20e-11     3s
  23   1.25841598e+00  1.25841615e+00  3.17e-16 2.84e-14  3.41e-13     3s
  24   1.25841608e+00  1.25841612e+00  2.87e-15 1.42e-14  8.23e-14     3s
  25   1.25841610e+00  1.25841611e+00  5.71e-15 1.42e-14  2.10e-14     3s
  26   1.25841611e+00  1.25841611e+00  3.89e-15 2.84e-14  5.34e-15     4s
  27   1.25841611e+00  1.25841611e+00  1.57e-15 1.42e-14  1.37e-15     4s
  28   1.25841611e+00  1.25841611e+00  8.32e-16 1.42e-14  8.23e-16     4s
  29   1.25841611e+00  1.25841611e+00  6.84e-16 1.42e-14  7.25e-16     4s
  30   1.25841611e+00  1.25841611e+00  4.94e-16 1.42e-14  3.22e-16     4s
  31   1.25841611e+00  1.25841611e+00  3.31e-16 9.33e-15  2.20e-16     4s
  32   1.25841611e+00  1.25841611e+00  2.90e-16 1.42e-14  1.48e-16     4s
  33   1.25841611e+00  1.25841611e+00  1.96e-16 1.42e-14  9.75e-17     4s

Barrier solved model in 33 iterations and 4.12 seconds (3.90 work units)
Optimal objective 1.25841611e+00

objective value: 1.2584161077644913
Done! Time elapsed: 24.67931365966797 seconds.
g_0_1: 1.0393972934034126
g_1_1: 1.023978349211877
g_1_2: 1.0706807116209143
g_2_1: 1.043102944295428
g_2_2: 1.1318503213290387
g_2_3: 1.0431029442987931
g_2_4: 1.1318503210213973
Parameters from last iteration: [0.18085513 0.72395269 0.18629844 0.73747378 0.19694196 0.73747378
 0.19694196]

Parameters from current iteration:
                [0.18085513 0.72395269 0.18629844 0.73747378 0.19694196 0.73747378
 0.19694196]


                Percentage Error = 9.392816870621343e-11
                
year done: 54
Time 55: 2
Optimization Iteration[1/20000]

Solving the optimization problem...
Set parameter TokenServer to value "licenses.rcc.uchicago.edu"
Read LP format model from file /scratch/local/jobs/50183995/tmpi1mqyhbm.pyomo.lp
Reading time = 1.33 seconds
x1: 258121 rows, 502401 columns, 1259970 nonzeros
Set parameter Threads to value 8
Set parameter BarConvTol to value 1e-12
Gurobi Optimizer version 11.0.0 build v11.0.0rc2 (linux64 - "CentOS Linux 8")

CPU model: Intel(R) Xeon(R) Gold 6248R CPU @ 3.00GHz, instruction set [SSE2|AVX|AVX2|AVX512]
Thread count: 48 physical cores, 48 logical processors, using up to 8 threads

Optimize a model with 258121 rows, 502401 columns and 1259970 nonzeros
Model fingerprint: 0x9b0c7478
Model has 3166 quadratic objective terms
Coefficient statistics:
  Matrix range     [1e+00, 1e+03]
  Objective range  [6e-08, 7e+01]
  QObjective range [4e-01, 3e+03]
  Bounds range     [3e-04, 1e+00]
  RHS range        [7e-17, 6e+00]
Presolve removed 131482 rows and 128814 columns
Presolve time: 0.54s
Presolved: 126639 rows, 373587 columns, 743930 nonzeros
Presolved model has 3166 quadratic objective terms
Ordering time: 0.16s

Barrier statistics:
 AA' NZ     : 3.709e+05
 Factor NZ  : 4.212e+06 (roughly 240 MB of memory)
 Factor Ops : 3.974e+08 (less than 1 second per iteration)
 Threads    : 8

                  Objective                Residual
Iter       Primal          Dual         Primal    Dual     Compl     Time
   0  -1.08208243e+09  8.62426926e+08  7.80e+04 1.14e-13  1.00e+06     1s
   1  -6.18909579e+08  5.71190885e+08  1.71e+04 1.38e+02  2.40e+05     1s
   2  -3.11035476e+08  3.11021849e+08  2.28e+02 1.12e+00  4.48e+03     1s
   3  -7.31788337e+07  7.38397138e+07  1.92e+00 1.68e-12  3.19e+02     1s
   4  -1.39340225e+07  1.46173259e+07  1.62e-01 3.72e-12  5.90e+01     1s
   5  -2.55218624e+06  2.82756902e+06  1.24e-02 1.28e-12  1.09e+01     1s
   6  -3.71998272e+05  4.27121604e+05  1.24e-08 1.69e-12  1.61e+00     2s
   7  -5.57158025e+04  7.01845887e+04  1.13e-13 7.33e-13  2.53e-01     2s
   8  -8.40068998e+03  1.00461708e+04  6.94e-14 2.18e-13  3.71e-02     2s
   9  -1.34483503e+03  1.65128063e+03  1.79e-14 3.60e-14  6.03e-03     2s
  10  -2.19845314e+02  2.07915453e+02  7.38e-15 2.84e-14  8.61e-04     2s
  11  -4.82765372e+01  3.24347215e+01  2.44e-15 1.42e-14  1.62e-04     2s
  12  -7.56554807e+00  6.27119383e+00  1.24e-15 1.42e-14  2.78e-05     2s
  13  -2.19699779e-01  1.60797741e+00  4.77e-16 1.42e-14  3.68e-06     2s
  14   8.79055365e-01  1.32625997e+00  4.34e-16 1.42e-14  9.00e-07     3s
  15   1.09933213e+00  1.27787767e+00  1.56e-16 1.42e-14  3.59e-07     3s
  16   1.18063184e+00  1.24632318e+00  6.31e-17 1.42e-14  1.32e-07     3s
  17   1.20083825e+00  1.23838753e+00  5.35e-17 1.42e-14  7.55e-08     3s
  18   1.21906732e+00  1.23168270e+00  1.28e-16 2.84e-14  2.54e-08     3s
  19   1.22522546e+00  1.22942926e+00  1.03e-16 1.42e-14  8.46e-09     3s
  20   1.22775224e+00  1.22852841e+00  5.42e-17 2.84e-14  1.56e-09     3s
  21   1.22824242e+00  1.22835479e+00  4.53e-17 1.42e-14  2.26e-10     3s
  22   1.22831736e+00  1.22832828e+00  1.11e-16 1.42e-14  2.20e-11     3s
  23   1.22832531e+00  1.22832548e+00  4.04e-16 1.42e-14  3.41e-13     3s
  24   1.22832540e+00  1.22832544e+00  2.46e-15 1.42e-14  8.25e-14     3s
  25   1.22832542e+00  1.22832543e+00  4.91e-15 1.42e-14  2.10e-14     3s
  26   1.22832543e+00  1.22832543e+00  2.34e-15 1.42e-14  5.35e-15     4s
  27   1.22832543e+00  1.22832543e+00  1.37e-15 1.42e-14  1.38e-15     4s
  28   1.22832543e+00  1.22832543e+00  8.75e-16 1.42e-14  8.27e-16     4s
  29   1.22832543e+00  1.22832543e+00  6.84e-16 1.42e-14  7.13e-16     4s
  30   1.22832543e+00  1.22832543e+00  4.77e-16 1.42e-14  3.19e-16     4s
  31   1.22832543e+00  1.22832543e+00  3.01e-16 1.42e-14  2.19e-16     4s
  32   1.22832543e+00  1.22832543e+00  2.83e-16 1.42e-14  1.47e-16     4s
  33   1.22832543e+00  1.22832543e+00  2.04e-16 1.42e-14  1.01e-16     4s
  34   1.22832543e+00  1.22832543e+00  1.71e-16 1.42e-14  6.43e-17     4s

Barrier solved model in 34 iterations and 4.21 seconds (3.98 work units)
Optimal objective 1.22832543e+00

objective value: 1.2283254307092326
Done! Time elapsed: 24.783693313598633 seconds.
g_0_1: 1.0393972933809372
g_1_1: 1.0239783492228516
g_1_2: 1.0706807116072097
g_2_1: 1.0431029443034443
g_2_2: 1.1318503212158009
g_2_3: 1.04310294430565
g_2_4: 1.1318503210130297
Parameters from last iteration: [0.18085513 0.72395269 0.18629844 0.73747378 0.19694196 0.73747378
 0.19694196]

Parameters from current iteration:
                [0.18085513 0.72395269 0.18629844 0.73747378 0.19694196 0.73747378
 0.19694196]


                Percentage Error = 1.0004676495981222e-10
                
year done: 55
Time 56: 2
Optimization Iteration[1/20000]

Solving the optimization problem...
Set parameter TokenServer to value "licenses.rcc.uchicago.edu"
Read LP format model from file /scratch/local/jobs/50183995/tmp2dxlecss.pyomo.lp
Reading time = 1.35 seconds
x1: 258121 rows, 502401 columns, 1259970 nonzeros
Set parameter Threads to value 8
Set parameter BarConvTol to value 1e-12
Gurobi Optimizer version 11.0.0 build v11.0.0rc2 (linux64 - "CentOS Linux 8")

CPU model: Intel(R) Xeon(R) Gold 6248R CPU @ 3.00GHz, instruction set [SSE2|AVX|AVX2|AVX512]
Thread count: 48 physical cores, 48 logical processors, using up to 8 threads

Optimize a model with 258121 rows, 502401 columns and 1259970 nonzeros
Model fingerprint: 0xb1c962c3
Model has 3166 quadratic objective terms
Coefficient statistics:
  Matrix range     [1e+00, 1e+03]
  Objective range  [6e-08, 7e+01]
  QObjective range [4e-01, 3e+03]
  Bounds range     [3e-04, 1e+00]
  RHS range        [7e-17, 6e+00]
Presolve removed 131482 rows and 128814 columns
Presolve time: 0.55s
Presolved: 126639 rows, 373587 columns, 743930 nonzeros
Presolved model has 3166 quadratic objective terms
Ordering time: 0.16s

Barrier statistics:
 AA' NZ     : 3.709e+05
 Factor NZ  : 4.212e+06 (roughly 240 MB of memory)
 Factor Ops : 3.974e+08 (less than 1 second per iteration)
 Threads    : 8

                  Objective                Residual
Iter       Primal          Dual         Primal    Dual     Compl     Time
   0  -1.08208243e+09  8.62426925e+08  7.80e+04 1.13e-13  1.00e+06     1s
   1  -6.18909579e+08  5.71190885e+08  1.71e+04 1.38e+02  2.40e+05     1s
   2  -3.11035476e+08  3.11021849e+08  2.28e+02 1.12e+00  4.48e+03     1s
   3  -7.31788337e+07  7.38397138e+07  1.92e+00 1.83e-12  3.19e+02     1s
   4  -1.39340225e+07  1.46173259e+07  1.62e-01 5.76e-12  5.90e+01     1s
   5  -2.55218627e+06  2.82756899e+06  1.24e-02 1.24e-12  1.09e+01     1s
   6  -3.71998301e+05  4.27121575e+05  1.24e-08 1.58e-12  1.61e+00     2s
   7  -5.57158313e+04  7.01845600e+04  1.37e-13 6.95e-13  2.53e-01     2s
   8  -8.40071871e+03  1.00461420e+04  6.47e-14 2.43e-13  3.71e-02     2s
   9  -1.34486376e+03  1.65125189e+03  1.87e-14 4.26e-14  6.03e-03     2s
  10  -2.19874050e+02  2.07886717e+02  8.40e-15 2.84e-14  8.61e-04     2s
  11  -4.83052736e+01  3.24059851e+01  2.20e-15 1.69e-14  1.62e-04     2s
  12  -7.59428445e+00  6.24245746e+00  1.21e-15 1.42e-14  2.78e-05     2s
  13  -2.48436152e-01  1.57924104e+00  3.50e-16 1.42e-14  3.68e-06     2s
  14   8.50318991e-01  1.29752359e+00  4.10e-16 1.42e-14  9.00e-07     3s
  15   1.07059575e+00  1.24914130e+00  1.92e-16 1.42e-14  3.59e-07     3s
  16   1.15189547e+00  1.21758681e+00  1.79e-16 2.84e-14  1.32e-07     3s
  17   1.17210187e+00  1.20965115e+00  5.22e-17 1.42e-14  7.55e-08     3s
  18   1.19033094e+00  1.20294633e+00  1.02e-16 1.42e-14  2.54e-08     3s
  19   1.19648908e+00  1.20069289e+00  7.80e-17 1.42e-14  8.46e-09     3s
  20   1.19901587e+00  1.19979203e+00  1.40e-16 1.42e-14  1.56e-09     3s
  21   1.19950605e+00  1.19961842e+00  5.59e-17 2.84e-14  2.26e-10     3s
  22   1.19958099e+00  1.19959191e+00  1.32e-16 1.42e-14  2.20e-11     3s
  23   1.19958893e+00  1.19958910e+00  3.70e-16 1.42e-14  3.41e-13     3s
  24   1.19958903e+00  1.19958907e+00  2.40e-15 1.42e-14  8.31e-14     3s
  25   1.19958905e+00  1.19958906e+00  4.62e-15 1.42e-14  2.11e-14     3s
  26   1.19958906e+00  1.19958906e+00  2.70e-15 1.42e-14  5.38e-15     4s
  27   1.19958906e+00  1.19958906e+00  1.36e-15 1.42e-14  1.39e-15     4s
  28   1.19958906e+00  1.19958906e+00  9.70e-16 1.42e-14  8.31e-16     4s
  29   1.19958906e+00  1.19958906e+00  6.91e-16 1.07e-14  5.78e-16     4s
  30   1.19958906e+00  1.19958906e+00  4.79e-16 2.84e-14  2.97e-16     4s
  31   1.19958906e+00  1.19958906e+00  4.29e-16 1.42e-14  2.82e-16     4s
  32   1.19958906e+00  1.19958906e+00  2.80e-16 1.42e-14  1.67e-16     4s
  33   1.19958906e+00  1.19958906e+00  2.14e-16 1.42e-14  1.32e-16     4s
  34   1.19958906e+00  1.19958906e+00  1.56e-16 1.42e-14  7.47e-17     4s

Barrier solved model in 34 iterations and 4.21 seconds (3.98 work units)
Optimal objective 1.19958906e+00

objective value: 1.199589057199047
Done! Time elapsed: 24.846057415008545 seconds.
g_0_1: 1.0393972933879927
g_1_1: 1.0239783492193963
g_1_2: 1.070680711611529
g_2_1: 1.0431029443009157
g_2_2: 1.1318503212513569
g_2_3: 1.043102944303487
g_2_4: 1.131850321015649
Parameters from last iteration: [0.18085513 0.72395269 0.18629844 0.73747378 0.19694196 0.73747378
 0.19694196]

Parameters from current iteration:
                [0.18085513 0.72395269 0.18629844 0.73747378 0.19694196 0.73747378
 0.19694196]


                Percentage Error = 3.141405564036428e-11
                
year done: 56
Time 57: 2
Optimization Iteration[1/20000]

Solving the optimization problem...
Set parameter TokenServer to value "licenses.rcc.uchicago.edu"
Read LP format model from file /scratch/local/jobs/50183995/tmpoxq5_mpw.pyomo.lp
Reading time = 1.34 seconds
x1: 258121 rows, 502401 columns, 1259970 nonzeros
Set parameter Threads to value 8
Set parameter BarConvTol to value 1e-12
Gurobi Optimizer version 11.0.0 build v11.0.0rc2 (linux64 - "CentOS Linux 8")

CPU model: Intel(R) Xeon(R) Gold 6248R CPU @ 3.00GHz, instruction set [SSE2|AVX|AVX2|AVX512]
Thread count: 48 physical cores, 48 logical processors, using up to 8 threads

Optimize a model with 258121 rows, 502401 columns and 1259970 nonzeros
Model fingerprint: 0xab947b04
Model has 3166 quadratic objective terms
Coefficient statistics:
  Matrix range     [1e+00, 1e+03]
  Objective range  [6e-08, 7e+01]
  QObjective range [4e-01, 3e+03]
  Bounds range     [3e-04, 1e+00]
  RHS range        [7e-17, 6e+00]
Presolve removed 131482 rows and 128814 columns
Presolve time: 0.55s
Presolved: 126639 rows, 373587 columns, 743930 nonzeros
Presolved model has 3166 quadratic objective terms
Ordering time: 0.16s

Barrier statistics:
 AA' NZ     : 3.709e+05
 Factor NZ  : 4.212e+06 (roughly 240 MB of memory)
 Factor Ops : 3.974e+08 (less than 1 second per iteration)
 Threads    : 8

                  Objective                Residual
Iter       Primal          Dual         Primal    Dual     Compl     Time
   0  -1.08208243e+09  8.62426925e+08  7.80e+04 1.13e-13  1.00e+06     1s
   1  -6.18909579e+08  5.71190885e+08  1.71e+04 1.38e+02  2.40e+05     1s
   2  -3.11035476e+08  3.11021848e+08  2.28e+02 1.12e+00  4.48e+03     1s
   3  -7.31788337e+07  7.38397138e+07  1.92e+00 1.43e-12  3.19e+02     1s
   4  -1.39340225e+07  1.46173259e+07  1.62e-01 5.30e-12  5.90e+01     1s
   5  -2.55218629e+06  2.82756896e+06  1.24e-02 1.35e-12  1.09e+01     1s
   6  -3.71998329e+05  4.27121548e+05  1.24e-08 1.00e-12  1.61e+00     2s
   7  -5.57158587e+04  7.01845325e+04  1.41e-13 8.05e-13  2.53e-01     2s
   8  -8.40074616e+03  1.00461146e+04  7.57e-14 2.33e-13  3.71e-02     2s
   9  -1.34489121e+03  1.65122445e+03  1.64e-14 3.82e-14  6.03e-03     2s
  10  -2.19901494e+02  2.07859274e+02  7.23e-15 4.26e-14  8.61e-04     2s
  11  -4.83327166e+01  3.23785421e+01  2.40e-15 1.42e-14  1.62e-04     2s
  12  -7.62172747e+00  6.21501443e+00  1.03e-15 1.42e-14  2.78e-05     2s
  13  -2.75879176e-01  1.55179801e+00  4.33e-16 1.42e-14  3.68e-06     2s
  14   8.22875967e-01  1.27008057e+00  5.59e-16 1.42e-14  9.00e-07     3s
  15   1.04315273e+00  1.22169827e+00  1.62e-16 1.42e-14  3.59e-07     3s
  16   1.12445245e+00  1.19014379e+00  2.07e-16 2.13e-14  1.32e-07     3s
  17   1.14465885e+00  1.18220813e+00  8.95e-17 2.84e-14  7.55e-08     3s
  18   1.16288792e+00  1.17550331e+00  1.16e-16 1.42e-14  2.54e-08     3s
  19   1.16904606e+00  1.17324986e+00  4.82e-17 1.42e-14  8.46e-09     3s
  20   1.17157284e+00  1.17234901e+00  8.14e-17 2.84e-14  1.56e-09     3s
  21   1.17206302e+00  1.17217539e+00  1.08e-16 1.42e-14  2.26e-10     3s
  22   1.17213797e+00  1.17214889e+00  1.07e-16 2.84e-14  2.20e-11     3s
  23   1.17214591e+00  1.17214608e+00  3.49e-16 2.84e-14  3.41e-13     3s
  24   1.17214600e+00  1.17214604e+00  3.29e-15 1.42e-14  8.32e-14     3s
  25   1.17214603e+00  1.17214604e+00  5.51e-15 1.42e-14  2.11e-14     3s
  26   1.17214603e+00  1.17214603e+00  2.73e-15 1.42e-14  5.38e-15     4s
  27   1.17214603e+00  1.17214603e+00  1.41e-15 1.42e-14  1.39e-15     4s
  28   1.17214603e+00  1.17214603e+00  7.91e-16 1.42e-14  8.29e-16     4s
  29   1.17214603e+00  1.17214603e+00  5.34e-16 1.42e-14  5.96e-16     4s
  30   1.17214603e+00  1.17214603e+00  4.98e-16 1.42e-14  2.99e-16     4s
  31   1.17214603e+00  1.17214603e+00  4.73e-16 1.42e-14  2.87e-16     4s
  32   1.17214603e+00  1.17214603e+00  2.74e-16 1.42e-14  1.67e-16     4s
  33   1.17214603e+00  1.17214603e+00  2.03e-16 1.42e-14  1.39e-16     4s
  34   1.17214603e+00  1.17214603e+00  1.59e-16 1.42e-14  7.56e-17     4s

Barrier solved model in 34 iterations and 4.20 seconds (3.98 work units)
Optimal objective 1.17214603e+00

objective value: 1.1721460335512037
Done! Time elapsed: 26.13481903076172 seconds.
g_0_1: 1.039397293388584
g_1_1: 1.0239783492191084
g_1_2: 1.0706807116118944
g_2_1: 1.0431029443007072
g_2_2: 1.1318503212542386
g_2_3: 1.0431029443033057
g_2_4: 1.131850321015868
Parameters from last iteration: [0.18085513 0.72395269 0.18629844 0.73747378 0.19694196 0.73747378
 0.19694196]

Parameters from current iteration:
                [0.18085513 0.72395269 0.18629844 0.73747378 0.19694196 0.73747378
 0.19694196]


                Percentage Error = 2.546091444995728e-12
                
year done: 57
Time 58: 2
Optimization Iteration[1/20000]

Solving the optimization problem...
Set parameter TokenServer to value "licenses.rcc.uchicago.edu"
Read LP format model from file /scratch/local/jobs/50183995/tmp2jp1uc9b.pyomo.lp
Reading time = 1.35 seconds
x1: 258121 rows, 502401 columns, 1259970 nonzeros
Set parameter Threads to value 8
Set parameter BarConvTol to value 1e-12
Gurobi Optimizer version 11.0.0 build v11.0.0rc2 (linux64 - "CentOS Linux 8")

CPU model: Intel(R) Xeon(R) Gold 6248R CPU @ 3.00GHz, instruction set [SSE2|AVX|AVX2|AVX512]
Thread count: 48 physical cores, 48 logical processors, using up to 8 threads

Optimize a model with 258121 rows, 502401 columns and 1259970 nonzeros
Model fingerprint: 0xbab23359
Model has 3166 quadratic objective terms
Coefficient statistics:
  Matrix range     [1e+00, 1e+03]
  Objective range  [6e-08, 7e+01]
  QObjective range [4e-01, 3e+03]
  Bounds range     [3e-04, 1e+00]
  RHS range        [7e-17, 6e+00]
Presolve removed 131482 rows and 128814 columns
Presolve time: 0.55s
Presolved: 126639 rows, 373587 columns, 743930 nonzeros
Presolved model has 3166 quadratic objective terms
Ordering time: 0.16s

Barrier statistics:
 AA' NZ     : 3.709e+05
 Factor NZ  : 4.212e+06 (roughly 240 MB of memory)
 Factor Ops : 3.974e+08 (less than 1 second per iteration)
 Threads    : 8

                  Objective                Residual
Iter       Primal          Dual         Primal    Dual     Compl     Time
   0  -1.08208243e+09  8.62426925e+08  7.80e+04 1.14e-13  1.00e+06     1s
   1  -6.18909580e+08  5.71190885e+08  1.71e+04 1.38e+02  2.40e+05     1s
   2  -3.11035476e+08  3.11021848e+08  2.28e+02 1.12e+00  4.48e+03     1s
   3  -7.31788337e+07  7.38397137e+07  1.92e+00 1.58e-12  3.19e+02     1s
   4  -1.39340226e+07  1.46173259e+07  1.62e-01 4.08e-12  5.90e+01     1s
   5  -2.55218632e+06  2.82756894e+06  1.24e-02 1.41e-12  1.09e+01     1s
   6  -3.71998355e+05  4.27121522e+05  1.24e-08 1.21e-12  1.61e+00     2s
   7  -5.57158849e+04  7.01845063e+04  1.56e-13 6.79e-13  2.53e-01     2s
   8  -8.40077236e+03  1.00460884e+04  6.24e-14 2.26e-13  3.71e-02     2s
   9  -1.34491742e+03  1.65119824e+03  1.88e-14 4.26e-14  6.03e-03     2s
  10  -2.19927701e+02  2.07833066e+02  7.87e-15 2.84e-14  8.61e-04     2s
  11  -4.83589245e+01  3.23523342e+01  2.10e-15 2.13e-14  1.62e-04     2s
  12  -7.64793536e+00  6.18880655e+00  1.35e-15 1.42e-14  2.78e-05     2s
  13  -3.02087060e-01  1.52559013e+00  5.38e-16 2.84e-14  3.68e-06     2s
  14   7.96668083e-01  1.24387269e+00  4.08e-16 1.42e-14  9.00e-07     3s
  15   1.01694485e+00  1.19549039e+00  1.94e-16 1.42e-14  3.59e-07     3s
  16   1.09824456e+00  1.16393590e+00  1.02e-16 1.42e-14  1.32e-07     3s
  17   1.11845097e+00  1.15600024e+00  6.27e-17 1.42e-14  7.55e-08     3s
  18   1.13668004e+00  1.14929542e+00  5.06e-17 1.42e-14  2.54e-08     3s
  19   1.14283818e+00  1.14704198e+00  1.15e-16 1.42e-14  8.46e-09     3s
  20   1.14536496e+00  1.14614113e+00  6.89e-17 1.42e-14  1.56e-09     3s
  21   1.14585514e+00  1.14596751e+00  1.02e-16 1.42e-14  2.26e-10     3s
  22   1.14593008e+00  1.14594100e+00  1.43e-16 1.42e-14  2.20e-11     3s
  23   1.14593802e+00  1.14593819e+00  3.37e-16 2.84e-14  3.41e-13     3s
  24   1.14593812e+00  1.14593816e+00  3.26e-15 2.09e-14  8.33e-14     3s
  25   1.14593814e+00  1.14593815e+00  5.42e-15 1.42e-14  2.11e-14     3s
  26   1.14593815e+00  1.14593815e+00  2.75e-15 1.42e-14  5.39e-15     4s
  27   1.14593815e+00  1.14593815e+00  1.38e-15 1.42e-14  1.39e-15     4s
  28   1.14593815e+00  1.14593815e+00  1.21e-15 1.42e-14  8.27e-16     4s
  29   1.14593815e+00  1.14593815e+00  7.14e-16 1.42e-14  6.08e-16     4s
  30   1.14593815e+00  1.14593815e+00  4.96e-16 1.42e-14  3.00e-16     4s
  31   1.14593815e+00  1.14593815e+00  4.71e-16 1.42e-14  2.89e-16     4s
  32   1.14593815e+00  1.14593815e+00  2.80e-16 1.42e-14  1.66e-16     4s
  33   1.14593815e+00  1.14593815e+00  2.30e-16 1.42e-14  1.43e-16     4s
  34   1.14593815e+00  1.14593815e+00  2.63e-16 1.42e-14  8.57e-17     4s

Barrier solved model in 34 iterations and 4.22 seconds (3.98 work units)
Optimal objective 1.14593815e+00

objective value: 1.145938149426773
Done! Time elapsed: 24.68114709854126 seconds.
g_0_1: 1.039397293395486
g_1_1: 1.0239783492157457
g_1_2: 1.0706807116161028
g_2_1: 1.0431029442982318
g_2_2: 1.1318503212887452
g_2_3: 1.0431029443011897
g_2_4: 1.131850321018434
Parameters from last iteration: [0.18085513 0.72395269 0.18629844 0.73747378 0.19694196 0.73747378
 0.19694196]

Parameters from current iteration:
                [0.18085513 0.72395269 0.18629844 0.73747378 0.19694196 0.73747378
 0.19694196]


                Percentage Error = 3.0486858937394195e-11
                
year done: 58
Time 59: 2
Optimization Iteration[1/20000]

Solving the optimization problem...
Set parameter TokenServer to value "licenses.rcc.uchicago.edu"
Read LP format model from file /scratch/local/jobs/50183995/tmpso_o_p1b.pyomo.lp
Reading time = 1.35 seconds
x1: 258121 rows, 502401 columns, 1259970 nonzeros
Set parameter Threads to value 8
Set parameter BarConvTol to value 1e-12
Gurobi Optimizer version 11.0.0 build v11.0.0rc2 (linux64 - "CentOS Linux 8")

CPU model: Intel(R) Xeon(R) Gold 6248R CPU @ 3.00GHz, instruction set [SSE2|AVX|AVX2|AVX512]
Thread count: 48 physical cores, 48 logical processors, using up to 8 threads

Optimize a model with 258121 rows, 502401 columns and 1259970 nonzeros
Model fingerprint: 0xcb3afef1
Model has 3166 quadratic objective terms
Coefficient statistics:
  Matrix range     [1e+00, 1e+03]
  Objective range  [6e-08, 7e+01]
  QObjective range [4e-01, 3e+03]
  Bounds range     [3e-04, 1e+00]
  RHS range        [7e-17, 6e+00]
Presolve removed 131482 rows and 128814 columns
Presolve time: 0.55s
Presolved: 126639 rows, 373587 columns, 743930 nonzeros
Presolved model has 3166 quadratic objective terms
Ordering time: 0.16s

Barrier statistics:
 AA' NZ     : 3.709e+05
 Factor NZ  : 4.212e+06 (roughly 240 MB of memory)
 Factor Ops : 3.974e+08 (less than 1 second per iteration)
 Threads    : 8

                  Objective                Residual
Iter       Primal          Dual         Primal    Dual     Compl     Time
   0  -1.08208243e+09  8.62426925e+08  7.80e+04 1.13e-13  1.00e+06     1s
   1  -6.18909580e+08  5.71190885e+08  1.71e+04 1.38e+02  2.40e+05     1s
   2  -3.11035477e+08  3.11021848e+08  2.28e+02 1.12e+00  4.48e+03     1s
   3  -7.31788338e+07  7.38397137e+07  1.92e+00 1.81e-12  3.19e+02     1s
   4  -1.39340226e+07  1.46173258e+07  1.62e-01 4.47e-12  5.90e+01     1s
   5  -2.55218635e+06  2.82756891e+06  1.24e-02 1.22e-12  1.09e+01     1s
   6  -3.71998380e+05  4.27121497e+05  1.24e-08 8.54e-13  1.61e+00     2s
   7  -5.57159100e+04  7.01844813e+04  1.43e-13 7.39e-13  2.53e-01     2s
   8  -8.40079739e+03  1.00460633e+04  4.91e-14 2.57e-13  3.71e-02     2s
   9  -1.34494244e+03  1.65117321e+03  2.39e-14 4.26e-14  6.03e-03     2s
  10  -2.19952730e+02  2.07808037e+02  7.85e-15 2.84e-14  8.61e-04     2s
  11  -4.83839529e+01  3.23273059e+01  2.31e-15 2.13e-14  1.62e-04     2s
  12  -7.67296369e+00  6.16377821e+00  1.23e-15 1.42e-14  2.78e-05     2s
  13  -3.27115395e-01  1.50056180e+00  3.89e-16 1.47e-14  3.68e-06     2s
  14   7.71639748e-01  1.21884435e+00  4.35e-16 1.42e-14  9.00e-07     3s
  15   9.91916510e-01  1.17046205e+00  2.07e-16 1.42e-14  3.59e-07     3s
  16   1.07321623e+00  1.13890757e+00  9.02e-17 1.42e-14  1.32e-07     3s
  17   1.09342263e+00  1.13097191e+00  7.59e-17 1.42e-14  7.55e-08     3s
  18   1.11165170e+00  1.12426709e+00  7.67e-17 1.42e-14  2.54e-08     3s
  19   1.11780984e+00  1.12201364e+00  1.44e-16 1.42e-14  8.46e-09     3s
  20   1.12033662e+00  1.12111279e+00  9.93e-17 2.13e-14  1.56e-09     3s
  21   1.12082680e+00  1.12093917e+00  1.00e-16 1.42e-14  2.26e-10     3s
  22   1.12090175e+00  1.12091267e+00  9.68e-17 1.42e-14  2.20e-11     3s
  23   1.12090969e+00  1.12090986e+00  3.18e-16 2.84e-14  3.41e-13     3s
  24   1.12090978e+00  1.12090983e+00  3.08e-15 1.42e-14  8.34e-14     3s
  25   1.12090981e+00  1.12090982e+00  4.80e-15 1.42e-14  2.11e-14     3s
  26   1.12090981e+00  1.12090982e+00  2.43e-15 1.42e-14  5.39e-15     4s
  27   1.12090981e+00  1.12090981e+00  1.63e-15 1.42e-14  1.39e-15     4s
  28   1.12090981e+00  1.12090981e+00  1.02e-15 1.42e-14  8.24e-16     4s
  29   1.12090981e+00  1.12090981e+00  6.47e-16 1.42e-14  6.16e-16     4s
  30   1.12090981e+00  1.12090981e+00  5.27e-16 1.42e-14  3.03e-16     4s
  31   1.12090981e+00  1.12090981e+00  4.85e-16 1.42e-14  2.84e-16     4s
  32   1.12090981e+00  1.12090981e+00  2.87e-16 1.42e-14  1.65e-16     4s
  33   1.12090981e+00  1.12090981e+00  2.27e-16 1.42e-14  1.39e-16     4s
  34   1.12090981e+00  1.12090981e+00  1.97e-16 1.42e-14  7.94e-17     4s

Barrier solved model in 34 iterations and 4.23 seconds (3.98 work units)
Optimal objective 1.12090981e+00

objective value: 1.1209098143988958
Done! Time elapsed: 24.715282201766968 seconds.
g_0_1: 1.0393972933912115
g_1_1: 1.023978349217826
g_1_2: 1.0706807116134913
g_2_1: 1.043102944299763
g_2_2: 1.1318503212673505
g_2_3: 1.0431029443025
g_2_4: 1.1318503210168422
Parameters from last iteration: [0.18085513 0.72395269 0.18629844 0.73747378 0.19694196 0.73747378
 0.19694196]

Parameters from current iteration:
                [0.18085513 0.72395269 0.18629844 0.73747378 0.19694196 0.73747378
 0.19694196]


                Percentage Error = 1.8902326074719453e-11
                
year done: 59
Time 60: 2
Optimization Iteration[1/20000]

Solving the optimization problem...
Set parameter TokenServer to value "licenses.rcc.uchicago.edu"
Read LP format model from file /scratch/local/jobs/50183995/tmpzr4vuwx9.pyomo.lp
Reading time = 1.34 seconds
x1: 258121 rows, 502401 columns, 1259970 nonzeros
Set parameter Threads to value 8
Set parameter BarConvTol to value 1e-12
Gurobi Optimizer version 11.0.0 build v11.0.0rc2 (linux64 - "CentOS Linux 8")

CPU model: Intel(R) Xeon(R) Gold 6248R CPU @ 3.00GHz, instruction set [SSE2|AVX|AVX2|AVX512]
Thread count: 48 physical cores, 48 logical processors, using up to 8 threads

Optimize a model with 258121 rows, 502401 columns and 1259970 nonzeros
Model fingerprint: 0x42e4eb7f
Model has 3166 quadratic objective terms
Coefficient statistics:
  Matrix range     [1e+00, 1e+03]
  Objective range  [6e-08, 7e+01]
  QObjective range [4e-01, 3e+03]
  Bounds range     [3e-04, 1e+00]
  RHS range        [7e-17, 6e+00]
Presolve removed 131482 rows and 128814 columns
Presolve time: 0.55s
Presolved: 126639 rows, 373587 columns, 743930 nonzeros
Presolved model has 3166 quadratic objective terms
Ordering time: 0.16s

Barrier statistics:
 AA' NZ     : 3.709e+05
 Factor NZ  : 4.212e+06 (roughly 240 MB of memory)
 Factor Ops : 3.974e+08 (less than 1 second per iteration)
 Threads    : 8

                  Objective                Residual
Iter       Primal          Dual         Primal    Dual     Compl     Time
   0  -1.08208243e+09  8.62426925e+08  7.80e+04 1.14e-13  1.00e+06     1s
   1  -6.18909580e+08  5.71190885e+08  1.71e+04 1.38e+02  2.40e+05     1s
   2  -3.11035477e+08  3.11021848e+08  2.28e+02 1.12e+00  4.48e+03     1s
   3  -7.31788338e+07  7.38397137e+07  1.92e+00 1.42e-12  3.19e+02     1s
   4  -1.39340226e+07  1.46173258e+07  1.62e-01 5.44e-12  5.90e+01     1s
   5  -2.55218637e+06  2.82756889e+06  1.24e-02 1.22e-12  1.09e+01     1s
   6  -3.71998404e+05  4.27121473e+05  1.24e-08 8.84e-13  1.61e+00     2s
   7  -5.57159339e+04  7.01844574e+04  1.23e-13 6.49e-13  2.53e-01     2s
   8  -8.40082129e+03  1.00460394e+04  3.89e-14 2.07e-13  3.71e-02     2s
   9  -1.34496635e+03  1.65114931e+03  2.12e-14 4.26e-14  6.03e-03     2s
  10  -2.19976632e+02  2.07784135e+02  8.42e-15 2.84e-14  8.61e-04     2s
  11  -4.84078547e+01  3.23034040e+01  2.57e-15 1.42e-14  1.62e-04     2s
  12  -7.69686557e+00  6.13987634e+00  1.03e-15 1.42e-14  2.78e-05     2s
  13  -3.51017269e-01  1.47665992e+00  3.70e-16 1.42e-14  3.68e-06     2s
  14   7.47737874e-01  1.19494248e+00  4.32e-16 2.13e-14  9.00e-07     3s
  15   9.68014636e-01  1.14656018e+00  2.48e-16 1.42e-14  3.59e-07     3s
  16   1.04931435e+00  1.11500569e+00  2.10e-16 2.13e-14  1.32e-07     3s
  17   1.06952076e+00  1.10707003e+00  8.21e-17 2.84e-14  7.55e-08     3s
  18   1.08774983e+00  1.10036521e+00  3.91e-17 1.42e-14  2.54e-08     3s
  19   1.09390797e+00  1.09811177e+00  1.30e-16 1.42e-14  8.46e-09     3s
  20   1.09643475e+00  1.09721092e+00  9.41e-17 1.42e-14  1.56e-09     3s
  21   1.09692493e+00  1.09703730e+00  4.34e-17 1.42e-14  2.26e-10     3s
  22   1.09699987e+00  1.09701079e+00  1.09e-16 1.42e-14  2.20e-11     3s
  23   1.09700781e+00  1.09700798e+00  3.25e-16 1.42e-14  3.41e-13     3s
  24   1.09700791e+00  1.09700795e+00  2.94e-15 1.42e-14  8.35e-14     3s
  25   1.09700793e+00  1.09700794e+00  4.94e-15 2.84e-14  2.11e-14     3s
  26   1.09700794e+00  1.09700794e+00  2.77e-15 1.64e-14  5.38e-15     4s
  27   1.09700794e+00  1.09700794e+00  1.69e-15 1.42e-14  1.39e-15     4s
  28   1.09700794e+00  1.09700794e+00  9.33e-16 1.42e-14  8.21e-16     4s
  29   1.09700794e+00  1.09700794e+00  5.93e-16 1.42e-14  6.22e-16     4s
  30   1.09700794e+00  1.09700794e+00  4.65e-16 1.42e-14  3.07e-16     4s
  31   1.09700794e+00  1.09700794e+00  3.38e-16 1.42e-14  2.41e-16     4s
  32   1.09700794e+00  1.09700794e+00  3.26e-16 1.42e-14  1.38e-16     4s
  33   1.09700794e+00  1.09700794e+00  1.69e-16 1.42e-14  7.16e-17     4s

Barrier solved model in 33 iterations and 4.19 seconds (3.90 work units)
Optimal objective 1.09700794e+00

objective value: 1.0970079400081574
Done! Time elapsed: 24.606239557266235 seconds.
g_0_1: 1.0393972933858224
g_1_1: 1.0239783492204384
g_1_2: 1.0706807116101908
g_2_1: 1.0431029443016968
g_2_2: 1.1318503212408397
g_2_3: 1.0431029443041573
g_2_4: 1.1318503210148392
Parameters from last iteration: [0.18085513 0.72395269 0.18629844 0.73747378 0.19694196 0.73747378
 0.19694196]

Parameters from current iteration:
                [0.18085513 0.72395269 0.18629844 0.73747378 0.19694196 0.73747378
 0.19694196]


                Percentage Error = 2.3422603779363203e-11
                
year done: 60
Time 61: 2
Optimization Iteration[1/20000]

Solving the optimization problem...
Set parameter TokenServer to value "licenses.rcc.uchicago.edu"
Read LP format model from file /scratch/local/jobs/50183995/tmp1o4vnzbo.pyomo.lp
Reading time = 1.37 seconds
x1: 258121 rows, 502401 columns, 1259970 nonzeros
Set parameter Threads to value 8
Set parameter BarConvTol to value 1e-12
Gurobi Optimizer version 11.0.0 build v11.0.0rc2 (linux64 - "CentOS Linux 8")

CPU model: Intel(R) Xeon(R) Gold 6248R CPU @ 3.00GHz, instruction set [SSE2|AVX|AVX2|AVX512]
Thread count: 48 physical cores, 48 logical processors, using up to 8 threads

Optimize a model with 258121 rows, 502401 columns and 1259970 nonzeros
Model fingerprint: 0xe3f3dbb2
Model has 3166 quadratic objective terms
Coefficient statistics:
  Matrix range     [1e+00, 1e+03]
  Objective range  [6e-08, 7e+01]
  QObjective range [4e-01, 3e+03]
  Bounds range     [3e-04, 1e+00]
  RHS range        [7e-17, 6e+00]
Presolve removed 131482 rows and 128814 columns
Presolve time: 0.61s
Presolved: 126639 rows, 373587 columns, 743930 nonzeros
Presolved model has 3166 quadratic objective terms
Ordering time: 0.16s

Barrier statistics:
 AA' NZ     : 3.709e+05
 Factor NZ  : 4.212e+06 (roughly 240 MB of memory)
 Factor Ops : 3.974e+08 (less than 1 second per iteration)
 Threads    : 8

                  Objective                Residual
Iter       Primal          Dual         Primal    Dual     Compl     Time
   0  -1.08208243e+09  8.62426925e+08  7.80e+04 1.13e-13  1.00e+06     1s
   1  -6.18909580e+08  5.71190885e+08  1.71e+04 1.38e+02  2.40e+05     1s
   2  -3.11035477e+08  3.11021848e+08  2.28e+02 1.12e+00  4.48e+03     1s
   3  -7.31788338e+07  7.38397137e+07  1.92e+00 1.87e-12  3.19e+02     1s
   4  -1.39340226e+07  1.46173258e+07  1.62e-01 5.94e-12  5.90e+01     1s
   5  -2.55218639e+06  2.82756886e+06  1.24e-02 1.39e-12  1.09e+01     2s
   6  -3.71998427e+05  4.27121450e+05  1.24e-08 9.05e-13  1.61e+00     2s
   7  -5.57159567e+04  7.01844346e+04  1.44e-13 6.06e-13  2.53e-01     2s
   8  -8.40084412e+03  1.00460166e+04  4.82e-14 2.08e-13  3.71e-02     2s
   9  -1.34498917e+03  1.65112649e+03  2.10e-14 4.13e-14  6.03e-03     2s
  10  -2.19999458e+02  2.07761309e+02  9.37e-15 4.26e-14  8.61e-04     2s
  11  -4.84306809e+01  3.22805779e+01  1.95e-15 2.13e-14  1.62e-04     2s
  12  -7.71969168e+00  6.11705023e+00  1.06e-15 1.42e-14  2.78e-05     2s
  13  -3.73843382e-01  1.45383381e+00  4.26e-16 1.42e-14  3.68e-06     2s
  14   7.24911761e-01  1.17211636e+00  4.71e-16 1.42e-14  9.00e-07     3s
  15   9.45188523e-01  1.12373407e+00  1.79e-16 1.42e-14  3.59e-07     3s
  16   1.02648824e+00  1.09217958e+00  6.47e-17 2.13e-14  1.32e-07     3s
  17   1.04669464e+00  1.08424392e+00  6.01e-17 1.42e-14  7.55e-08     3s
  18   1.06492371e+00  1.07753910e+00  1.04e-16 1.42e-14  2.54e-08     3s
  19   1.07108185e+00  1.07528566e+00  1.31e-16 1.42e-14  8.46e-09     3s
  20   1.07360864e+00  1.07438480e+00  6.79e-17 1.42e-14  1.56e-09     3s
  21   1.07409882e+00  1.07421119e+00  1.15e-16 1.42e-14  2.26e-10     3s
  22   1.07417376e+00  1.07418468e+00  9.44e-17 1.42e-14  2.20e-11     3s
  23   1.07418170e+00  1.07418187e+00  3.74e-16 1.42e-14  3.41e-13     3s
  24   1.07418180e+00  1.07418184e+00  3.03e-15 2.84e-14  8.35e-14     3s
  25   1.07418182e+00  1.07418183e+00  4.51e-15 2.84e-14  2.11e-14     4s
  26   1.07418183e+00  1.07418183e+00  3.07e-15 1.42e-14  5.38e-15     4s
  27   1.07418183e+00  1.07418183e+00  1.58e-15 1.42e-14  1.38e-15     4s
  28   1.07418183e+00  1.07418183e+00  8.68e-16 1.42e-14  8.17e-16     4s
  29   1.07418183e+00  1.07418183e+00  7.25e-16 1.42e-14  6.30e-16     4s
  30   1.07418183e+00  1.07418183e+00  7.10e-16 1.42e-14  3.11e-16     4s
  31   1.07418183e+00  1.07418183e+00  4.46e-16 1.42e-14  2.10e-16     4s
  32   1.07418183e+00  1.07418183e+00  2.05e-16 1.42e-14  1.46e-16     4s
  33   1.07418183e+00  1.07418183e+00  1.58e-16 1.42e-14  7.16e-17     4s

Barrier solved model in 33 iterations and 4.22 seconds (3.90 work units)
Optimal objective 1.07418183e+00

objective value: 1.0741818271707337
Done! Time elapsed: 26.177263498306274 seconds.
g_0_1: 1.039397293385906
g_1_1: 1.0239783492204075
g_1_2: 1.0706807116102506
g_2_1: 1.0431029443016513
g_2_2: 1.1318503212408106
g_2_3: 1.0431029443041135
g_2_4: 1.1318503210148845
Parameters from last iteration: [0.18085513 0.72395269 0.18629844 0.73747378 0.19694196 0.73747378
 0.19694196]

Parameters from current iteration:
                [0.18085513 0.72395269 0.18629844 0.73747378 0.19694196 0.73747378
 0.19694196]


                Percentage Error = 8.026405512132474e-14
                
year done: 61
Time 62: 2
Optimization Iteration[1/20000]

Solving the optimization problem...
Set parameter TokenServer to value "licenses.rcc.uchicago.edu"
Read LP format model from file /scratch/local/jobs/50183995/tmpurl9e0qn.pyomo.lp
Reading time = 1.38 seconds
x1: 258121 rows, 502401 columns, 1259970 nonzeros
Set parameter Threads to value 8
Set parameter BarConvTol to value 1e-12
Gurobi Optimizer version 11.0.0 build v11.0.0rc2 (linux64 - "CentOS Linux 8")

CPU model: Intel(R) Xeon(R) Gold 6248R CPU @ 3.00GHz, instruction set [SSE2|AVX|AVX2|AVX512]
Thread count: 48 physical cores, 48 logical processors, using up to 8 threads

Optimize a model with 258121 rows, 502401 columns and 1259970 nonzeros
Model fingerprint: 0xcd41b730
Model has 3166 quadratic objective terms
Coefficient statistics:
  Matrix range     [1e+00, 1e+03]
  Objective range  [6e-08, 7e+01]
  QObjective range [4e-01, 3e+03]
  Bounds range     [3e-04, 1e+00]
  RHS range        [8e-17, 6e+00]
Presolve removed 131482 rows and 128814 columns
Presolve time: 0.56s
Presolved: 126639 rows, 373587 columns, 743930 nonzeros
Presolved model has 3166 quadratic objective terms
Ordering time: 0.16s

Barrier statistics:
 AA' NZ     : 3.709e+05
 Factor NZ  : 4.212e+06 (roughly 240 MB of memory)
 Factor Ops : 3.974e+08 (less than 1 second per iteration)
 Threads    : 8

                  Objective                Residual
Iter       Primal          Dual         Primal    Dual     Compl     Time
   0  -1.08208243e+09  8.62426925e+08  7.80e+04 1.13e-13  1.00e+06     1s
   1  -6.18909580e+08  5.71190885e+08  1.71e+04 1.38e+02  2.40e+05     1s
   2  -3.11035477e+08  3.11021848e+08  2.28e+02 1.12e+00  4.48e+03     1s
   3  -7.31788338e+07  7.38397136e+07  1.92e+00 1.76e-12  3.19e+02     1s
   4  -1.39340227e+07  1.46173258e+07  1.62e-01 5.54e-12  5.90e+01     1s
   5  -2.55218641e+06  2.82756884e+06  1.24e-02 1.22e-12  1.09e+01     2s
   6  -3.71998448e+05  4.27121428e+05  1.24e-08 2.08e-12  1.61e+00     2s
   7  -5.57159785e+04  7.01844128e+04  1.31e-13 7.68e-13  2.53e-01     2s
   8  -8.40086592e+03  1.00459948e+04  3.72e-14 2.58e-13  3.71e-02     2s
   9  -1.34501097e+03  1.65110469e+03  1.82e-14 4.26e-14  6.03e-03     2s
  10  -2.20021256e+02  2.07739511e+02  9.34e-15 2.84e-14  8.61e-04     2s
  11  -4.84524796e+01  3.22587791e+01  2.03e-15 2.84e-14  1.62e-04     2s
  12  -7.74149045e+00  6.09525146e+00  1.22e-15 2.13e-14  2.78e-05     2s
  13  -3.95642151e-01  1.43203504e+00  4.28e-16 1.42e-14  3.68e-06     2s
  14   7.03112992e-01  1.15031760e+00  4.10e-16 1.42e-14  9.00e-07     3s
  15   9.23389755e-01  1.10193530e+00  1.89e-16 1.42e-14  3.59e-07     3s
  16   1.00468947e+00  1.07038081e+00  1.25e-16 1.47e-14  1.32e-07     3s
  17   1.02489588e+00  1.06244515e+00  4.22e-17 1.42e-14  7.55e-08     3s
  18   1.04312495e+00  1.05574033e+00  8.70e-17 2.84e-14  2.54e-08     3s
  19   1.04928309e+00  1.05348689e+00  6.94e-17 1.42e-14  8.46e-09     3s
  20   1.05180987e+00  1.05258603e+00  1.14e-16 2.13e-14  1.56e-09     3s
  21   1.05230005e+00  1.05241242e+00  1.16e-16 1.51e-14  2.26e-10     3s
  22   1.05237499e+00  1.05238591e+00  8.33e-17 2.84e-14  2.20e-11     3s
  23   1.05238293e+00  1.05238310e+00  3.89e-16 1.42e-14  3.41e-13     3s
  24   1.05238303e+00  1.05238307e+00  2.47e-15 2.84e-14  8.36e-14     3s
  25   1.05238305e+00  1.05238306e+00  5.00e-15 1.42e-14  2.11e-14     3s
  26   1.05238306e+00  1.05238306e+00  2.59e-15 1.42e-14  5.37e-15     4s
  27   1.05238306e+00  1.05238306e+00  1.87e-15 2.13e-14  1.38e-15     4s
  28   1.05238306e+00  1.05238306e+00  9.72e-16 1.42e-14  8.11e-16     4s
  29   1.05238306e+00  1.05238306e+00  6.45e-16 1.42e-14  6.36e-16     4s
  30   1.05238306e+00  1.05238306e+00  4.32e-16 1.42e-14  3.15e-16     4s
  31   1.05238306e+00  1.05238306e+00  4.00e-16 1.42e-14  1.88e-16     4s
  32   1.05238306e+00  1.05238306e+00  1.87e-16 1.42e-14  1.22e-16     4s
  33   1.05238306e+00  1.05238306e+00  1.95e-16 1.42e-14  6.16e-17     4s

Barrier solved model in 33 iterations and 4.19 seconds (3.90 work units)
Optimal objective 1.05238306e+00

objective value: 1.0523830586474563
Done! Time elapsed: 24.62589693069458 seconds.
g_0_1: 1.0393972933789464
g_1_1: 1.0239783492237853
g_1_2: 1.0706807116059784
g_2_1: 1.0431029443041604
g_2_2: 1.1318503212065514
g_2_3: 1.0431029443062743
g_2_4: 1.1318503210122741
Parameters from last iteration: [0.18085513 0.72395269 0.18629844 0.73747378 0.19694196 0.73747378
 0.19694196]

Parameters from current iteration:
                [0.18085513 0.72395269 0.18629844 0.73747378 0.19694196 0.73747378
 0.19694196]


                Percentage Error = 3.026841314235125e-11
                
year done: 62
Time 63: 2
Optimization Iteration[1/20000]

Solving the optimization problem...
Set parameter TokenServer to value "licenses.rcc.uchicago.edu"
Read LP format model from file /scratch/local/jobs/50183995/tmp2ice74zt.pyomo.lp
Reading time = 1.38 seconds
x1: 258121 rows, 502401 columns, 1259970 nonzeros
Set parameter Threads to value 8
Set parameter BarConvTol to value 1e-12
Gurobi Optimizer version 11.0.0 build v11.0.0rc2 (linux64 - "CentOS Linux 8")

CPU model: Intel(R) Xeon(R) Gold 6248R CPU @ 3.00GHz, instruction set [SSE2|AVX|AVX2|AVX512]
Thread count: 48 physical cores, 48 logical processors, using up to 8 threads

Optimize a model with 258121 rows, 502401 columns and 1259970 nonzeros
Model fingerprint: 0xba6b8e9c
Model has 3166 quadratic objective terms
Coefficient statistics:
  Matrix range     [1e+00, 1e+03]
  Objective range  [6e-08, 7e+01]
  QObjective range [4e-01, 3e+03]
  Bounds range     [3e-04, 1e+00]
  RHS range        [7e-17, 6e+00]
Presolve removed 131482 rows and 128814 columns
Presolve time: 0.61s
Presolved: 126639 rows, 373587 columns, 743930 nonzeros
Presolved model has 3166 quadratic objective terms
Ordering time: 0.16s

Barrier statistics:
 AA' NZ     : 3.709e+05
 Factor NZ  : 4.212e+06 (roughly 240 MB of memory)
 Factor Ops : 3.974e+08 (less than 1 second per iteration)
 Threads    : 8

                  Objective                Residual
Iter       Primal          Dual         Primal    Dual     Compl     Time
   0  -1.08208243e+09  8.62426925e+08  7.80e+04 1.13e-13  1.00e+06     1s
   1  -6.18909580e+08  5.71190885e+08  1.71e+04 1.38e+02  2.40e+05     1s
   2  -3.11035477e+08  3.11021848e+08  2.28e+02 1.12e+00  4.48e+03     1s
   3  -7.31788339e+07  7.38397136e+07  1.92e+00 1.59e-12  3.19e+02     1s
   4  -1.39340227e+07  1.46173257e+07  1.62e-01 3.36e-12  5.90e+01     2s
   5  -2.55218644e+06  2.82756882e+06  1.24e-02 1.24e-12  1.09e+01     2s
   6  -3.71998469e+05  4.27121407e+05  1.24e-08 3.68e-12  1.61e+00     2s
   7  -5.57159993e+04  7.01843920e+04  1.62e-13 6.15e-13  2.53e-01     2s
   8  -8.40088674e+03  1.00459740e+04  7.82e-14 2.24e-13  3.71e-02     2s
   9  -1.34503179e+03  1.65108387e+03  1.52e-14 4.26e-14  6.03e-03     2s
  10  -2.20042074e+02  2.07718693e+02  9.30e-15 2.84e-14  8.61e-04     2s
  11  -4.84732973e+01  3.22379615e+01  2.45e-15 2.84e-14  1.62e-04     2s
  12  -7.76230811e+00  6.07443380e+00  8.67e-16 1.42e-14  2.78e-05     2s
  13  -4.16459813e-01  1.41121738e+00  2.88e-16 1.55e-14  3.68e-06     3s
  14   6.82295330e-01  1.12949993e+00  3.85e-16 1.42e-14  9.00e-07     3s
  15   9.02572092e-01  1.08111764e+00  1.67e-16 1.42e-14  3.59e-07     3s
  16   9.83871809e-01  1.04956315e+00  2.06e-16 1.42e-14  1.32e-07     3s
  17   1.00407821e+00  1.04162749e+00  9.43e-17 1.42e-14  7.55e-08     3s
  18   1.02230728e+00  1.03492267e+00  7.13e-17 1.42e-14  2.54e-08     3s
  19   1.02846542e+00  1.03266923e+00  1.74e-16 1.42e-14  8.46e-09     3s
  20   1.03099221e+00  1.03176837e+00  1.42e-16 2.84e-14  1.56e-09     3s
  21   1.03148239e+00  1.03159476e+00  6.72e-17 1.42e-14  2.26e-10     3s
  22   1.03155733e+00  1.03156825e+00  7.00e-17 1.42e-14  2.20e-11     3s
  23   1.03156527e+00  1.03156544e+00  4.32e-16 2.84e-14  3.41e-13     3s
  24   1.03156537e+00  1.03156541e+00  2.51e-15 1.55e-14  8.36e-14     4s
  25   1.03156539e+00  1.03156540e+00  4.38e-15 2.84e-14  2.10e-14     4s
  26   1.03156539e+00  1.03156540e+00  2.50e-15 1.42e-14  5.36e-15     4s
  27   1.03156540e+00  1.03156540e+00  1.37e-15 1.42e-14  1.38e-15     4s
  28   1.03156540e+00  1.03156540e+00  8.42e-16 1.07e-14  8.06e-16     4s
  29   1.03156540e+00  1.03156540e+00  6.63e-16 1.42e-14  6.39e-16     4s
  30   1.03156540e+00  1.03156540e+00  4.63e-16 1.42e-14  3.16e-16     4s
  31   1.03156540e+00  1.03156540e+00  2.57e-16 1.42e-14  1.82e-16     4s
  32   1.03156540e+00  1.03156540e+00  2.17e-16 1.42e-14  1.18e-16     4s
  33   1.03156540e+00  1.03156540e+00  1.79e-16 2.84e-14  6.14e-17     4s

Barrier solved model in 33 iterations and 4.30 seconds (3.90 work units)
Optimal objective 1.03156540e+00

objective value: 1.0315653963203821
Done! Time elapsed: 24.60358452796936 seconds.
g_0_1: 1.0393972933788447
g_1_1: 1.0239783492238326
g_1_2: 1.0706807116059167
g_2_1: 1.0431029443041908
g_2_2: 1.13185032120604
g_2_3: 1.0431029443062978
g_2_4: 1.1318503210122368
Parameters from last iteration: [0.18085513 0.72395269 0.18629844 0.73747378 0.19694196 0.73747378
 0.19694196]

Parameters from current iteration:
                [0.18085513 0.72395269 0.18629844 0.73747378 0.19694196 0.73747378
 0.19694196]


                Percentage Error = 4.5183046457320024e-13
                
year done: 63
Time 64: 2
Optimization Iteration[1/20000]

Solving the optimization problem...
Set parameter TokenServer to value "licenses.rcc.uchicago.edu"
Read LP format model from file /scratch/local/jobs/50183995/tmppdyz967n.pyomo.lp
Reading time = 1.37 seconds
x1: 258121 rows, 502401 columns, 1259970 nonzeros
Set parameter Threads to value 8
Set parameter BarConvTol to value 1e-12
Gurobi Optimizer version 11.0.0 build v11.0.0rc2 (linux64 - "CentOS Linux 8")

CPU model: Intel(R) Xeon(R) Gold 6248R CPU @ 3.00GHz, instruction set [SSE2|AVX|AVX2|AVX512]
Thread count: 48 physical cores, 48 logical processors, using up to 8 threads

Optimize a model with 258121 rows, 502401 columns and 1259970 nonzeros
Model fingerprint: 0xe888cbf3
Model has 3166 quadratic objective terms
Coefficient statistics:
  Matrix range     [1e+00, 1e+03]
  Objective range  [6e-08, 7e+01]
  QObjective range [4e-01, 3e+03]
  Bounds range     [3e-04, 1e+00]
  RHS range        [7e-17, 6e+00]
Presolve removed 131482 rows and 128814 columns
Presolve time: 0.61s
Presolved: 126639 rows, 373587 columns, 743930 nonzeros
Presolved model has 3166 quadratic objective terms
Ordering time: 0.17s

Barrier statistics:
 AA' NZ     : 3.709e+05
 Factor NZ  : 4.212e+06 (roughly 240 MB of memory)
 Factor Ops : 3.974e+08 (less than 1 second per iteration)
 Threads    : 8

                  Objective                Residual
Iter       Primal          Dual         Primal    Dual     Compl     Time
   0  -1.08208243e+09  8.62426925e+08  7.80e+04 1.14e-13  1.00e+06     1s
   1  -6.18909580e+08  5.71190885e+08  1.71e+04 1.38e+02  2.40e+05     1s
   2  -3.11035477e+08  3.11021848e+08  2.28e+02 1.12e+00  4.48e+03     1s
   3  -7.31788339e+07  7.38397136e+07  1.92e+00 1.40e-12  3.19e+02     1s
   4  -1.39340227e+07  1.46173257e+07  1.62e-01 6.64e-12  5.90e+01     2s
   5  -2.55218646e+06  2.82756880e+06  1.24e-02 1.26e-12  1.09e+01     2s
   6  -3.71998489e+05  4.27121388e+05  1.24e-08 2.68e-12  1.61e+00     2s
   7  -5.57160192e+04  7.01843721e+04  1.34e-13 6.61e-13  2.53e-01     2s
   8  -8.40090662e+03  1.00459541e+04  4.15e-14 2.38e-13  3.71e-02     2s
   9  -1.34505167e+03  1.65106399e+03  1.70e-14 4.26e-14  6.03e-03     2s
  10  -2.20061955e+02  2.07698812e+02  8.71e-15 2.84e-14  8.61e-04     2s
  11  -4.84931780e+01  3.22180808e+01  2.12e-15 2.84e-14  1.62e-04     2s
  12  -7.78218882e+00  6.05455308e+00  1.11e-15 1.42e-14  2.78e-05     2s
  13  -4.36340526e-01  1.39133666e+00  3.48e-16 1.42e-14  3.68e-06     3s
  14   6.62414617e-01  1.10961922e+00  3.44e-16 1.42e-14  9.00e-07     3s
  15   8.82691379e-01  1.06123692e+00  3.42e-16 1.42e-14  3.59e-07     3s
  16   9.63991096e-01  1.02968244e+00  8.81e-17 1.42e-14  1.32e-07     3s
  17   9.84197501e-01  1.02174678e+00  9.25e-17 2.84e-14  7.55e-08     3s
  18   1.00242657e+00  1.01504196e+00  8.05e-17 1.42e-14  2.54e-08     3s
  19   1.00858471e+00  1.01278851e+00  8.37e-17 1.42e-14  8.46e-09     3s
  20   1.01111149e+00  1.01188766e+00  5.85e-17 2.13e-14  1.56e-09     3s
  21   1.01160167e+00  1.01171404e+00  8.05e-17 9.33e-15  2.26e-10     3s
  22   1.01167662e+00  1.01168754e+00  1.09e-16 1.42e-14  2.20e-11     3s
  23   1.01168456e+00  1.01168473e+00  2.93e-16 1.42e-14  3.41e-13     4s
  24   1.01168465e+00  1.01168469e+00  2.50e-15 1.42e-14  8.36e-14     4s
  25   1.01168468e+00  1.01168469e+00  4.48e-15 1.42e-14  2.10e-14     4s
  26   1.01168468e+00  1.01168468e+00  2.49e-15 1.42e-14  5.36e-15     4s
  27   1.01168468e+00  1.01168468e+00  1.51e-15 1.42e-14  1.37e-15     4s
  28   1.01168468e+00  1.01168468e+00  8.61e-16 1.42e-14  8.06e-16     4s
  29   1.01168468e+00  1.01168468e+00  7.53e-16 1.42e-14  7.10e-16     4s
  30   1.01168468e+00  1.01168468e+00  4.87e-16 1.42e-14  3.72e-16     4s
  31   1.01168468e+00  1.01168468e+00  5.24e-16 1.42e-14  2.47e-16     4s
  32   1.01168468e+00  1.01168468e+00  2.04e-16 1.42e-14  1.28e-16     4s
  33   1.01168468e+00  1.01168468e+00  1.66e-16 1.42e-14  1.13e-16     4s
  34   1.01168468e+00  1.01168468e+00  1.51e-16 1.42e-14  7.10e-17     4s

Barrier solved model in 34 iterations and 4.49 seconds (3.98 work units)
Optimal objective 1.01168468e+00

objective value: 1.011684683136522
Done! Time elapsed: 24.895716667175293 seconds.
g_0_1: 1.0393972933854774
g_1_1: 1.02397834922062
g_1_2: 1.0706807116099786
g_2_1: 1.0431029443017885
g_2_2: 1.1318503212384055
g_2_3: 1.0431029443042257
g_2_4: 1.1318503210147162
Parameters from last iteration: [0.18085513 0.72395269 0.18629844 0.73747378 0.19694196 0.73747378
 0.19694196]

Parameters from current iteration:
                [0.18085513 0.72395269 0.18629844 0.73747378 0.19694196 0.73747378
 0.19694196]


                Percentage Error = 2.859525928320142e-11
                
year done: 64
Time 65: 2
Optimization Iteration[1/20000]

Solving the optimization problem...
Set parameter TokenServer to value "licenses.rcc.uchicago.edu"
Read LP format model from file /scratch/local/jobs/50183995/tmpyi8bot4k.pyomo.lp
Reading time = 1.35 seconds
x1: 258121 rows, 502401 columns, 1259970 nonzeros
Set parameter Threads to value 8
Set parameter BarConvTol to value 1e-12
Gurobi Optimizer version 11.0.0 build v11.0.0rc2 (linux64 - "CentOS Linux 8")

CPU model: Intel(R) Xeon(R) Gold 6248R CPU @ 3.00GHz, instruction set [SSE2|AVX|AVX2|AVX512]
Thread count: 48 physical cores, 48 logical processors, using up to 8 threads

Optimize a model with 258121 rows, 502401 columns and 1259970 nonzeros
Model fingerprint: 0x93b8c893
Model has 3166 quadratic objective terms
Coefficient statistics:
  Matrix range     [1e+00, 1e+03]
  Objective range  [6e-08, 7e+01]
  QObjective range [4e-01, 3e+03]
  Bounds range     [3e-04, 1e+00]
  RHS range        [7e-17, 6e+00]
Presolve removed 131482 rows and 128814 columns
Presolve time: 0.54s
Presolved: 126639 rows, 373587 columns, 743930 nonzeros
Presolved model has 3166 quadratic objective terms
Ordering time: 0.16s

Barrier statistics:
 AA' NZ     : 3.709e+05
 Factor NZ  : 4.212e+06 (roughly 240 MB of memory)
 Factor Ops : 3.974e+08 (less than 1 second per iteration)
 Threads    : 8

                  Objective                Residual
Iter       Primal          Dual         Primal    Dual     Compl     Time
   0  -1.08208243e+09  8.62426925e+08  7.80e+04 1.13e-13  1.00e+06     1s
   1  -6.18909580e+08  5.71190885e+08  1.71e+04 1.38e+02  2.40e+05     1s
   2  -3.11035477e+08  3.11021848e+08  2.28e+02 1.12e+00  4.48e+03     1s
   3  -7.31788339e+07  7.38397136e+07  1.92e+00 1.95e-12  3.19e+02     1s
   4  -1.39340227e+07  1.46173257e+07  1.62e-01 4.44e-12  5.90e+01     1s
   5  -2.55218647e+06  2.82756878e+06  1.24e-02 1.25e-12  1.09e+01     1s
   6  -3.71998508e+05  4.27121369e+05  1.24e-08 9.21e-13  1.61e+00     2s
   7  -5.57160382e+04  7.01843531e+04  1.38e-13 6.85e-13  2.53e-01     2s
   8  -8.40092560e+03  1.00459351e+04  4.98e-14 2.66e-13  3.71e-02     2s
   9  -1.34507066e+03  1.65104500e+03  1.61e-14 4.26e-14  6.03e-03     2s
  10  -2.20080941e+02  2.07679826e+02  9.68e-15 2.84e-14  8.61e-04     2s
  11  -4.85121639e+01  3.21990948e+01  1.85e-15 2.13e-14  1.62e-04     2s
  12  -7.80117476e+00  6.03556715e+00  1.37e-15 1.55e-14  2.78e-05     2s
  13  -4.55326460e-01  1.37235073e+00  3.26e-16 1.42e-14  3.68e-06     3s
  14   6.43428683e-01  1.09063329e+00  4.44e-16 2.13e-14  9.00e-07     3s
  15   8.63705445e-01  1.04225099e+00  2.18e-16 1.42e-14  3.59e-07     3s
  16   9.45005162e-01  1.01069650e+00  1.07e-16 1.42e-14  1.32e-07     3s
  17   9.65211567e-01  1.00276084e+00  4.68e-17 2.84e-14  7.55e-08     3s
  18   9.83440637e-01  9.96056021e-01  5.27e-17 1.42e-14  2.54e-08     3s
  19   9.89598776e-01  9.93802579e-01  1.44e-16 1.42e-14  8.46e-09     3s
  20   9.92125558e-01  9.92901726e-01  6.29e-17 2.84e-14  1.56e-09     3s
  21   9.92615740e-01  9.92728110e-01  1.80e-16 1.42e-14  2.26e-10     3s
  22   9.92690684e-01  9.92701601e-01  2.43e-16 1.42e-14  2.20e-11     3s
  23   9.92698624e-01  9.92698794e-01  3.72e-16 2.13e-14  3.41e-13     3s
  24   9.92698719e-01  9.92698760e-01  2.85e-15 1.42e-14  8.34e-14     4s
  25   9.92698742e-01  9.92698752e-01  5.27e-15 1.42e-14  2.11e-14     4s
  26   9.92698748e-01  9.92698750e-01  2.94e-15 2.84e-14  5.36e-15     4s
  27   9.92698749e-01  9.92698750e-01  2.20e-15 1.42e-14  1.37e-15     4s
  28   9.92698749e-01  9.92698750e-01  1.15e-15 1.42e-14  8.10e-16     4s
  29   9.92698749e-01  9.92698750e-01  6.48e-16 1.42e-14  5.87e-16     4s
  30   9.92698749e-01  9.92698750e-01  5.30e-16 1.42e-14  2.93e-16     4s
  31   9.92698749e-01  9.92698750e-01  3.38e-16 1.42e-14  2.14e-16     4s
  32   9.92698749e-01  9.92698749e-01  2.21e-16 1.42e-14  1.40e-16     4s
  33   9.92698749e-01  9.92698749e-01  1.97e-16 1.42e-14  7.48e-17     4s

Barrier solved model in 33 iterations and 4.37 seconds (3.90 work units)
Optimal objective 9.92698749e-01

objective value: 0.9926987494434368
Done! Time elapsed: 24.598410606384277 seconds.
g_0_1: 1.039397293388103
g_1_1: 1.023978349219338
g_1_2: 1.0706807116116017
g_2_1: 1.0431029443008577
g_2_2: 1.1318503212516537
g_2_3: 1.0431029443034296
g_2_4: 1.1318503210157065
Parameters from last iteration: [0.18085513 0.72395269 0.18629844 0.73747378 0.19694196 0.73747378
 0.19694196]

Parameters from current iteration:
                [0.18085513 0.72395269 0.18629844 0.73747378 0.19694196 0.73747378
 0.19694196]


                Percentage Error = 1.1704889448890173e-11
                
year done: 65
Time 66: 2
Optimization Iteration[1/20000]

Solving the optimization problem...
Set parameter TokenServer to value "licenses.rcc.uchicago.edu"
Read LP format model from file /scratch/local/jobs/50183995/tmpc_k9im09.pyomo.lp
Reading time = 1.35 seconds
x1: 258121 rows, 502401 columns, 1259970 nonzeros
Set parameter Threads to value 8
Set parameter BarConvTol to value 1e-12
Gurobi Optimizer version 11.0.0 build v11.0.0rc2 (linux64 - "CentOS Linux 8")

CPU model: Intel(R) Xeon(R) Gold 6248R CPU @ 3.00GHz, instruction set [SSE2|AVX|AVX2|AVX512]
Thread count: 48 physical cores, 48 logical processors, using up to 8 threads

Optimize a model with 258121 rows, 502401 columns and 1259970 nonzeros
Model fingerprint: 0x11c40bc0
Model has 3166 quadratic objective terms
Coefficient statistics:
  Matrix range     [1e+00, 1e+03]
  Objective range  [6e-08, 7e+01]
  QObjective range [4e-01, 3e+03]
  Bounds range     [3e-04, 1e+00]
  RHS range        [7e-17, 6e+00]
Presolve removed 131482 rows and 128814 columns
Presolve time: 0.55s
Presolved: 126639 rows, 373587 columns, 743930 nonzeros
Presolved model has 3166 quadratic objective terms
Ordering time: 0.16s

Barrier statistics:
 AA' NZ     : 3.709e+05
 Factor NZ  : 4.212e+06 (roughly 240 MB of memory)
 Factor Ops : 3.974e+08 (less than 1 second per iteration)
 Threads    : 8

                  Objective                Residual
Iter       Primal          Dual         Primal    Dual     Compl     Time
   0  -1.08208243e+09  8.62426925e+08  7.80e+04 1.13e-13  1.00e+06     1s
   1  -6.18909580e+08  5.71190885e+08  1.71e+04 1.38e+02  2.40e+05     1s
   2  -3.11035477e+08  3.11021848e+08  2.28e+02 1.12e+00  4.48e+03     1s
   3  -7.31788339e+07  7.38397136e+07  1.92e+00 1.54e-12  3.19e+02     1s
   4  -1.39340227e+07  1.46173257e+07  1.62e-01 6.32e-12  5.90e+01     1s
   5  -2.55218649e+06  2.82756876e+06  1.24e-02 1.21e-12  1.09e+01     1s
   6  -3.71998526e+05  4.27121350e+05  1.24e-08 9.96e-13  1.61e+00     2s
   7  -5.57160563e+04  7.01843349e+04  1.69e-13 6.32e-13  2.53e-01     2s
   8  -8.40094373e+03  1.00459170e+04  4.88e-14 2.07e-13  3.71e-02     2s
   9  -1.34508879e+03  1.65102687e+03  1.63e-14 3.02e-14  6.03e-03     2s
  10  -2.20099072e+02  2.07661695e+02  6.66e-15 2.84e-14  8.61e-04     2s
  11  -4.85302954e+01  3.21809634e+01  1.99e-15 1.73e-14  1.62e-04     2s
  12  -7.81930618e+00  6.01743572e+00  1.07e-15 1.42e-14  2.78e-05     2s
  13  -4.73457886e-01  1.35421930e+00  6.44e-16 2.84e-14  3.68e-06     2s
  14   6.25297257e-01  1.07250186e+00  4.53e-16 1.42e-14  9.00e-07     3s
  15   8.45574020e-01  1.02411956e+00  1.80e-16 1.42e-14  3.59e-07     3s
  16   9.26873736e-01  9.92565078e-01  1.30e-16 1.42e-14  1.32e-07     3s
  17   9.47080141e-01  9.84629418e-01  4.59e-17 1.42e-14  7.55e-08     3s
  18   9.65309211e-01  9.77924596e-01  1.66e-16 1.42e-14  2.54e-08     3s
  19   9.71467350e-01  9.75671153e-01  1.32e-16 1.42e-14  8.46e-09     3s
  20   9.73994132e-01  9.74770300e-01  8.81e-17 1.42e-14  1.56e-09     3s
  21   9.74484314e-01  9.74596684e-01  6.71e-17 1.42e-14  2.26e-10     3s
  22   9.74559258e-01  9.74570176e-01  9.25e-17 1.42e-14  2.20e-11     3s
  23   9.74567198e-01  9.74567368e-01  2.84e-16 1.42e-14  3.41e-13     3s
  24   9.74567293e-01  9.74567334e-01  3.68e-15 2.84e-14  8.33e-14     3s
  25   9.74567316e-01  9.74567326e-01  6.13e-15 1.42e-14  2.11e-14     3s
  26   9.74567322e-01  9.74567324e-01  2.55e-15 1.42e-14  5.36e-15     4s
  27   9.74567323e-01  9.74567324e-01  1.59e-15 1.42e-14  1.37e-15     4s
  28   9.74567323e-01  9.74567324e-01  8.69e-16 1.42e-14  8.11e-16     4s
  29   9.74567323e-01  9.74567324e-01  6.63e-16 1.42e-14  5.15e-16     4s
  30   9.74567323e-01  9.74567324e-01  4.52e-16 1.42e-14  3.10e-16     4s
  31   9.74567324e-01  9.74567324e-01  3.58e-16 1.42e-14  1.49e-16     4s
  32   9.74567324e-01  9.74567324e-01  2.83e-16 1.42e-14  1.32e-16     4s
  33   9.74567324e-01  9.74567324e-01  1.41e-16 1.42e-14  7.06e-17     4s

Barrier solved model in 33 iterations and 4.20 seconds (3.90 work units)
Optimal objective 9.74567324e-01

objective value: 0.9745673235311387
Done! Time elapsed: 26.066080808639526 seconds.
g_0_1: 1.0393972933851854
g_1_1: 1.0239783492207504
g_1_2: 1.070680711609808
g_2_1: 1.0431029443018953
g_2_2: 1.1318503212371502
g_2_3: 1.0431029443043212
g_2_4: 1.1318503210145945
Parameters from last iteration: [0.18085513 0.72395269 0.18629844 0.73747378 0.19694196 0.73747378
 0.19694196]

Parameters from current iteration:
                [0.18085513 0.72395269 0.18629844 0.73747378 0.19694196 0.73747378
 0.19694196]


                Percentage Error = 1.281388942554195e-11
                
year done: 66
Time 67: 2
Optimization Iteration[1/20000]

Solving the optimization problem...
Set parameter TokenServer to value "licenses.rcc.uchicago.edu"
Read LP format model from file /scratch/local/jobs/50183995/tmpmzlq9oj1.pyomo.lp
Reading time = 1.34 seconds
x1: 258121 rows, 502401 columns, 1259970 nonzeros
Set parameter Threads to value 8
Set parameter BarConvTol to value 1e-12
Gurobi Optimizer version 11.0.0 build v11.0.0rc2 (linux64 - "CentOS Linux 8")

CPU model: Intel(R) Xeon(R) Gold 6248R CPU @ 3.00GHz, instruction set [SSE2|AVX|AVX2|AVX512]
Thread count: 48 physical cores, 48 logical processors, using up to 8 threads

Optimize a model with 258121 rows, 502401 columns and 1259970 nonzeros
Model fingerprint: 0xa10a52f1
Model has 3166 quadratic objective terms
Coefficient statistics:
  Matrix range     [1e+00, 1e+03]
  Objective range  [6e-08, 7e+01]
  QObjective range [4e-01, 3e+03]
  Bounds range     [3e-04, 1e+00]
  RHS range        [7e-17, 6e+00]
Presolve removed 131482 rows and 128814 columns
Presolve time: 0.55s
Presolved: 126639 rows, 373587 columns, 743930 nonzeros
Presolved model has 3166 quadratic objective terms
Ordering time: 0.16s

Barrier statistics:
 AA' NZ     : 3.709e+05
 Factor NZ  : 4.212e+06 (roughly 240 MB of memory)
 Factor Ops : 3.974e+08 (less than 1 second per iteration)
 Threads    : 8

                  Objective                Residual
Iter       Primal          Dual         Primal    Dual     Compl     Time
   0  -1.08208243e+09  8.62426925e+08  7.80e+04 1.13e-13  1.00e+06     1s
   1  -6.18909580e+08  5.71190885e+08  1.71e+04 1.38e+02  2.40e+05     1s
   2  -3.11035477e+08  3.11021848e+08  2.28e+02 1.12e+00  4.48e+03     1s
   3  -7.31788339e+07  7.38397136e+07  1.92e+00 1.46e-12  3.19e+02     1s
   4  -1.39340228e+07  1.46173257e+07  1.62e-01 8.11e-12  5.90e+01     1s
   5  -2.55218651e+06  2.82756875e+06  1.24e-02 1.33e-12  1.09e+01     1s
   6  -3.71998544e+05  4.27121333e+05  1.24e-08 1.47e-12  1.61e+00     2s
   7  -5.57160736e+04  7.01843176e+04  1.43e-13 6.66e-13  2.53e-01     2s
   8  -8.40096105e+03  1.00458997e+04  4.59e-14 2.05e-13  3.71e-02     2s
   9  -1.34510610e+03  1.65100956e+03  1.66e-14 2.84e-14  6.03e-03     2s
  10  -2.20116388e+02  2.07644379e+02  1.25e-14 2.13e-14  8.61e-04     2s
  11  -4.85476107e+01  3.21636480e+01  2.30e-15 2.84e-14  1.62e-04     2s
  12  -7.83662156e+00  6.00012034e+00  8.88e-16 1.42e-14  2.78e-05     2s
  13  -4.90773263e-01  1.33690393e+00  4.24e-16 1.42e-14  3.68e-06     2s
  14   6.07981880e-01  1.05518648e+00  3.88e-16 1.42e-14  9.00e-07     3s
  15   8.28258642e-01  1.00680419e+00  1.56e-16 1.42e-14  3.59e-07     3s
  16   9.09558359e-01  9.75249700e-01  2.08e-16 2.13e-14  1.32e-07     3s
  17   9.29764764e-01  9.67314041e-01  4.23e-17 1.42e-14  7.55e-08     3s
  18   9.47993834e-01  9.60609218e-01  6.35e-17 1.42e-14  2.54e-08     3s
  19   9.54151973e-01  9.58355776e-01  1.56e-16 1.42e-14  8.46e-09     3s
  20   9.56678755e-01  9.57454922e-01  6.40e-17 2.84e-14  1.56e-09     3s
  21   9.57168937e-01  9.57281307e-01  9.72e-17 1.42e-14  2.26e-10     3s
  22   9.57243880e-01  9.57254798e-01  1.16e-16 1.42e-14  2.20e-11     3s
  23   9.57251821e-01  9.57251991e-01  3.04e-16 1.42e-14  3.41e-13     3s
  24   9.57251916e-01  9.57251957e-01  2.66e-15 1.42e-14  8.32e-14     3s
  25   9.57251938e-01  9.57251949e-01  4.63e-15 1.42e-14  2.11e-14     4s
  26   9.57251944e-01  9.57251947e-01  2.69e-15 1.42e-14  5.35e-15     4s
  27   9.57251946e-01  9.57251946e-01  1.64e-15 1.60e-14  1.36e-15     4s
  28   9.57251946e-01  9.57251946e-01  1.02e-15 1.42e-14  8.10e-16     4s
  29   9.57251946e-01  9.57251946e-01  7.90e-16 1.42e-14  5.04e-16     4s
  30   9.57251946e-01  9.57251946e-01  4.38e-16 1.42e-14  2.50e-16     4s
  31   9.57251946e-01  9.57251946e-01  2.88e-16 1.42e-14  1.49e-16     4s
  32   9.57251946e-01  9.57251946e-01  2.51e-16 1.42e-14  1.36e-16     4s
  33   9.57251946e-01  9.57251946e-01  2.47e-16 1.42e-14  6.87e-17     4s

Barrier solved model in 33 iterations and 4.22 seconds (3.90 work units)
Optimal objective 9.57251946e-01

objective value: 0.9572519462106052
Done! Time elapsed: 24.687332153320312 seconds.
g_0_1: 1.0393972933837536
g_1_1: 1.0239783492214303
g_1_2: 1.0706807116089054
g_2_1: 1.0431029443024318
g_2_2: 1.131850321230787
g_2_3: 1.043102944304796
g_2_4: 1.1318503210140485
Parameters from last iteration: [0.18085513 0.72395269 0.18629844 0.73747378 0.19694196 0.73747378
 0.19694196]

Parameters from current iteration:
                [0.18085513 0.72395269 0.18629844 0.73747378 0.19694196 0.73747378
 0.19694196]


                Percentage Error = 5.621949177106133e-12
                
year done: 67
Time 68: 2
Optimization Iteration[1/20000]

Solving the optimization problem...
Set parameter TokenServer to value "licenses.rcc.uchicago.edu"
Read LP format model from file /scratch/local/jobs/50183995/tmp5gvrizob.pyomo.lp
Reading time = 1.34 seconds
x1: 258121 rows, 502401 columns, 1259970 nonzeros
Set parameter Threads to value 8
Set parameter BarConvTol to value 1e-12
Gurobi Optimizer version 11.0.0 build v11.0.0rc2 (linux64 - "CentOS Linux 8")

CPU model: Intel(R) Xeon(R) Gold 6248R CPU @ 3.00GHz, instruction set [SSE2|AVX|AVX2|AVX512]
Thread count: 48 physical cores, 48 logical processors, using up to 8 threads

Optimize a model with 258121 rows, 502401 columns and 1259970 nonzeros
Model fingerprint: 0x162b4203
Model has 3166 quadratic objective terms
Coefficient statistics:
  Matrix range     [1e+00, 1e+03]
  Objective range  [6e-08, 7e+01]
  QObjective range [4e-01, 3e+03]
  Bounds range     [3e-04, 1e+00]
  RHS range        [7e-17, 6e+00]
Presolve removed 131482 rows and 128814 columns
Presolve time: 0.55s
Presolved: 126639 rows, 373587 columns, 743930 nonzeros
Presolved model has 3166 quadratic objective terms
Ordering time: 0.16s

Barrier statistics:
 AA' NZ     : 3.709e+05
 Factor NZ  : 4.212e+06 (roughly 240 MB of memory)
 Factor Ops : 3.974e+08 (less than 1 second per iteration)
 Threads    : 8

                  Objective                Residual
Iter       Primal          Dual         Primal    Dual     Compl     Time
   0  -1.08208243e+09  8.62426925e+08  7.80e+04 1.14e-13  1.00e+06     1s
   1  -6.18909580e+08  5.71190885e+08  1.71e+04 1.38e+02  2.40e+05     1s
   2  -3.11035477e+08  3.11021848e+08  2.28e+02 1.12e+00  4.48e+03     1s
   3  -7.31788340e+07  7.38397135e+07  1.92e+00 1.89e-12  3.19e+02     1s
   4  -1.39340228e+07  1.46173257e+07  1.62e-01 4.43e-12  5.90e+01     1s
   5  -2.55218653e+06  2.82756873e+06  1.24e-02 1.24e-12  1.09e+01     1s
   6  -3.71998560e+05  4.27121317e+05  1.24e-08 1.38e-12  1.61e+00     2s
   7  -5.57160902e+04  7.01843011e+04  1.67e-13 6.42e-13  2.53e-01     2s
   8  -8.40097759e+03  1.00458831e+04  6.83e-14 2.23e-13  3.71e-02     2s
   9  -1.34512264e+03  1.65099302e+03  2.05e-14 3.46e-14  6.03e-03     2s
  10  -2.20132924e+02  2.07627843e+02  1.09e-14 2.04e-14  8.61e-04     2s
  11  -4.85641468e+01  3.21471120e+01  2.72e-15 2.84e-14  1.62e-04     2s
  12  -7.85315762e+00  5.98358429e+00  8.39e-16 2.13e-14  2.78e-05     2s
  13  -5.07309320e-01  1.32036787e+00  4.33e-16 1.42e-14  3.68e-06     2s
  14   5.91445823e-01  1.03865043e+00  3.02e-16 1.42e-14  9.00e-07     3s
  15   8.11722585e-01  9.90268129e-01  1.53e-16 2.13e-14  3.59e-07     3s
  16   8.93022302e-01  9.58713644e-01  1.19e-16 1.42e-14  1.32e-07     3s
  17   9.13228707e-01  9.50777984e-01  5.62e-17 1.64e-14  7.55e-08     3s
  18   9.31457777e-01  9.44073161e-01  8.17e-17 2.84e-14  2.54e-08     3s
  19   9.37615916e-01  9.41819719e-01  7.07e-17 1.42e-14  8.46e-09     3s
  20   9.40142698e-01  9.40918866e-01  8.29e-17 1.42e-14  1.56e-09     3s
  21   9.40632880e-01  9.40745250e-01  8.51e-17 1.42e-14  2.26e-10     3s
  22   9.40707823e-01  9.40718741e-01  8.12e-17 1.42e-14  2.20e-11     3s
  23   9.40715764e-01  9.40715934e-01  3.56e-16 1.42e-14  3.41e-13     3s
  24   9.40715859e-01  9.40715900e-01  2.63e-15 1.42e-14  8.32e-14     3s
  25   9.40715882e-01  9.40715892e-01  4.92e-15 1.42e-14  2.11e-14     3s
  26   9.40715887e-01  9.40715890e-01  3.42e-15 1.42e-14  5.35e-15     4s
  27   9.40715889e-01  9.40715889e-01  1.66e-15 1.42e-14  1.36e-15     4s
  28   9.40715889e-01  9.40715889e-01  1.11e-15 1.42e-14  8.09e-16     4s
  29   9.40715889e-01  9.40715889e-01  6.32e-16 1.42e-14  5.11e-16     4s
  30   9.40715889e-01  9.40715889e-01  4.59e-16 1.42e-14  3.17e-16     4s
  31   9.40715889e-01  9.40715889e-01  3.33e-16 1.42e-14  1.50e-16     4s
  32   9.40715889e-01  9.40715889e-01  2.51e-16 1.42e-14  1.32e-16     4s
  33   9.40715889e-01  9.40715889e-01  1.50e-16 1.42e-14  6.90e-17     4s

Barrier solved model in 33 iterations and 4.14 seconds (3.90 work units)
Optimal objective 9.40715889e-01

objective value: 0.940715889244803
Done! Time elapsed: 24.482133150100708 seconds.
g_0_1: 1.0393972933840845
g_1_1: 1.0239783492212815
g_1_2: 1.070680711609129
g_2_1: 1.0431029443022803
g_2_2: 1.131850321231743
g_2_3: 1.0431029443046556
g_2_4: 1.13185032101417
Parameters from last iteration: [0.18085513 0.72395269 0.18629844 0.73747378 0.19694196 0.73747378
 0.19694196]

Parameters from current iteration:
                [0.18085513 0.72395269 0.18629844 0.73747378 0.19694196 0.73747378
 0.19694196]


                Percentage Error = 8.446100979816619e-13
                
year done: 68
Time 69: 2
Optimization Iteration[1/20000]

Solving the optimization problem...
Set parameter TokenServer to value "licenses.rcc.uchicago.edu"
Read LP format model from file /scratch/local/jobs/50183995/tmps3zzhfhq.pyomo.lp
Reading time = 1.35 seconds
x1: 258121 rows, 502401 columns, 1259970 nonzeros
Set parameter Threads to value 8
Set parameter BarConvTol to value 1e-12
Gurobi Optimizer version 11.0.0 build v11.0.0rc2 (linux64 - "CentOS Linux 8")

CPU model: Intel(R) Xeon(R) Gold 6248R CPU @ 3.00GHz, instruction set [SSE2|AVX|AVX2|AVX512]
Thread count: 48 physical cores, 48 logical processors, using up to 8 threads

Optimize a model with 258121 rows, 502401 columns and 1259970 nonzeros
Model fingerprint: 0x5dbc8cc5
Model has 3166 quadratic objective terms
Coefficient statistics:
  Matrix range     [1e+00, 1e+03]
  Objective range  [6e-08, 7e+01]
  QObjective range [4e-01, 3e+03]
  Bounds range     [3e-04, 1e+00]
  RHS range        [7e-17, 6e+00]
Presolve removed 131482 rows and 128814 columns
Presolve time: 0.55s
Presolved: 126639 rows, 373587 columns, 743930 nonzeros
Presolved model has 3166 quadratic objective terms
Ordering time: 0.16s

Barrier statistics:
 AA' NZ     : 3.709e+05
 Factor NZ  : 4.212e+06 (roughly 240 MB of memory)
 Factor Ops : 3.974e+08 (less than 1 second per iteration)
 Threads    : 8

                  Objective                Residual
Iter       Primal          Dual         Primal    Dual     Compl     Time
   0  -1.08208243e+09  8.62426925e+08  7.80e+04 1.13e-13  1.00e+06     1s
   1  -6.18909580e+08  5.71190885e+08  1.71e+04 1.38e+02  2.40e+05     1s
   2  -3.11035477e+08  3.11021848e+08  2.28e+02 1.12e+00  4.48e+03     1s
   3  -7.31788340e+07  7.38397135e+07  1.92e+00 1.47e-12  3.19e+02     1s
   4  -1.39340228e+07  1.46173256e+07  1.62e-01 5.10e-12  5.90e+01     1s
   5  -2.55218654e+06  2.82756871e+06  1.24e-02 1.40e-12  1.09e+01     2s
   6  -3.71998576e+05  4.27121301e+05  1.24e-08 8.91e-13  1.61e+00     2s
   7  -5.57161060e+04  7.01842853e+04  1.39e-13 6.77e-13  2.53e-01     2s
   8  -8.40099338e+03  1.00458674e+04  6.28e-14 2.44e-13  3.71e-02     2s
   9  -1.34513843e+03  1.65097723e+03  1.79e-14 3.29e-14  6.03e-03     2s
  10  -2.20148715e+02  2.07612052e+02  8.81e-15 3.55e-14  8.61e-04     2s
  11  -4.85799386e+01  3.21313202e+01  3.01e-15 2.13e-14  1.62e-04     2s
  12  -7.86894943e+00  5.96779248e+00  1.07e-15 1.42e-14  2.78e-05     2s
  13  -5.23101132e-01  1.30457606e+00  3.01e-16 2.13e-14  3.68e-06     2s
  14   5.75654011e-01  1.02285861e+00  3.52e-16 1.42e-14  9.00e-07     3s
  15   7.95930773e-01  9.74476317e-01  1.57e-16 1.42e-14  3.59e-07     3s
  16   8.77230490e-01  9.42921832e-01  1.59e-16 1.42e-14  1.32e-07     3s
  17   8.97436895e-01  9.34986172e-01  6.76e-17 1.42e-14  7.55e-08     3s
  18   9.15665965e-01  9.28281349e-01  7.02e-17 1.42e-14  2.54e-08     3s
  19   9.21824104e-01  9.26027907e-01  7.78e-17 1.42e-14  8.46e-09     3s
  20   9.24350886e-01  9.25127054e-01  9.35e-17 1.42e-14  1.56e-09     3s
  21   9.24841068e-01  9.24953438e-01  7.26e-17 1.42e-14  2.26e-10     3s
  22   9.24916011e-01  9.24926929e-01  1.24e-16 1.42e-14  2.20e-11     3s
  23   9.24923952e-01  9.24924122e-01  3.40e-16 1.42e-14  3.41e-13     3s
  24   9.24924047e-01  9.24924088e-01  3.03e-15 1.42e-14  8.31e-14     3s
  25   9.24924070e-01  9.24924080e-01  5.05e-15 1.42e-14  2.11e-14     4s
  26   9.24924076e-01  9.24924078e-01  2.73e-15 1.42e-14  5.34e-15     4s
  27   9.24924077e-01  9.24924078e-01  1.60e-15 2.84e-14  1.37e-15     4s
  28   9.24924077e-01  9.24924078e-01  1.11e-15 1.42e-14  8.11e-16     4s
  29   9.24924077e-01  9.24924078e-01  6.65e-16 1.42e-14  5.31e-16     4s
  30   9.24924077e-01  9.24924078e-01  5.10e-16 1.42e-14  2.91e-16     4s
  31   9.24924077e-01  9.24924077e-01  2.99e-16 1.42e-14  1.54e-16     4s
  32   9.24924077e-01  9.24924077e-01  2.52e-16 1.42e-14  1.44e-16     4s
  33   9.24924077e-01  9.24924077e-01  2.59e-16 1.42e-14  6.97e-17     4s

Barrier solved model in 33 iterations and 4.21 seconds (3.90 work units)
Optimal objective 9.24924077e-01

objective value: 0.9249240774407185
Done! Time elapsed: 24.486616611480713 seconds.
g_0_1: 1.0393972933844406
g_1_1: 1.0239783492210912
g_1_2: 1.0706807116093262
g_2_1: 1.0431029443021786
g_2_2: 1.131850321234209
g_2_3: 1.0431029443045745
g_2_4: 1.131850321014299
Parameters from last iteration: [0.18085513 0.72395269 0.18629844 0.73747378 0.19694196 0.73747378
 0.19694196]

Parameters from current iteration:
                [0.18085513 0.72395269 0.18629844 0.73747378 0.19694196 0.73747378
 0.19694196]


                Percentage Error = 2.178679710443431e-12
                
year done: 69
Time 70: 2
Optimization Iteration[1/20000]

Solving the optimization problem...
Set parameter TokenServer to value "licenses.rcc.uchicago.edu"
Read LP format model from file /scratch/local/jobs/50183995/tmp1dbz6jm5.pyomo.lp
Reading time = 1.36 seconds
x1: 258121 rows, 502401 columns, 1259970 nonzeros
Set parameter Threads to value 8
Set parameter BarConvTol to value 1e-12
Gurobi Optimizer version 11.0.0 build v11.0.0rc2 (linux64 - "CentOS Linux 8")

CPU model: Intel(R) Xeon(R) Gold 6248R CPU @ 3.00GHz, instruction set [SSE2|AVX|AVX2|AVX512]
Thread count: 48 physical cores, 48 logical processors, using up to 8 threads

Optimize a model with 258121 rows, 502401 columns and 1259970 nonzeros
Model fingerprint: 0xcca3101e
Model has 3166 quadratic objective terms
Coefficient statistics:
  Matrix range     [1e+00, 1e+03]
  Objective range  [6e-08, 7e+01]
  QObjective range [4e-01, 3e+03]
  Bounds range     [3e-04, 1e+00]
  RHS range        [7e-17, 6e+00]
Presolve removed 131482 rows and 128814 columns
Presolve time: 0.55s
Presolved: 126639 rows, 373587 columns, 743930 nonzeros
Presolved model has 3166 quadratic objective terms
Ordering time: 0.16s

Barrier statistics:
 AA' NZ     : 3.709e+05
 Factor NZ  : 4.212e+06 (roughly 240 MB of memory)
 Factor Ops : 3.974e+08 (less than 1 second per iteration)
 Threads    : 8

                  Objective                Residual
Iter       Primal          Dual         Primal    Dual     Compl     Time
   0  -1.08208243e+09  8.62426925e+08  7.80e+04 1.14e-13  1.00e+06     1s
   1  -6.18909580e+08  5.71190885e+08  1.71e+04 1.38e+02  2.40e+05     1s
   2  -3.11035477e+08  3.11021848e+08  2.28e+02 1.12e+00  4.48e+03     1s
   3  -7.31788340e+07  7.38397135e+07  1.92e+00 1.68e-12  3.19e+02     1s
   4  -1.39340228e+07  1.46173256e+07  1.62e-01 4.31e-12  5.90e+01     1s
   5  -2.55218656e+06  2.82756870e+06  1.24e-02 1.23e-12  1.09e+01     1s
   6  -3.71998591e+05  4.27121286e+05  1.24e-08 7.96e-13  1.61e+00     2s
   7  -5.57161210e+04  7.01842702e+04  1.72e-13 6.81e-13  2.53e-01     2s
   8  -8.40100846e+03  1.00458523e+04  5.48e-14 2.15e-13  3.71e-02     2s
   9  -1.34515351e+03  1.65096215e+03  1.94e-14 2.84e-14  6.03e-03     2s
  10  -2.20163797e+02  2.07596971e+02  1.15e-14 4.26e-14  8.61e-04     2s
  11  -4.85950197e+01  3.21162391e+01  1.53e-15 1.42e-14  1.62e-04     2s
  12  -7.88403049e+00  5.95271141e+00  1.34e-15 1.42e-14  2.78e-05     2s
  13  -5.38182195e-01  1.28949500e+00  5.88e-16 2.13e-14  3.68e-06     2s
  14   5.60572948e-01  1.00777755e+00  3.66e-16 2.13e-14  9.00e-07     3s
  15   7.80849710e-01  9.59395254e-01  1.70e-16 2.13e-14  3.59e-07     3s
  16   8.62149427e-01  9.27840769e-01  1.45e-16 1.42e-14  1.32e-07     3s
  17   8.82355832e-01  9.19905109e-01  1.00e-16 1.42e-14  7.55e-08     3s
  18   9.00584902e-01  9.13200286e-01  1.99e-16 1.42e-14  2.54e-08     3s
  19   9.06743041e-01  9.10946844e-01  8.57e-17 1.42e-14  8.46e-09     3s
  20   9.09269823e-01  9.10045991e-01  7.66e-17 1.42e-14  1.56e-09     3s
  21   9.09760005e-01  9.09872375e-01  6.21e-17 1.42e-14  2.26e-10     3s
  22   9.09834948e-01  9.09845866e-01  1.51e-16 1.42e-14  2.20e-11     3s
  23   9.09842889e-01  9.09843059e-01  3.35e-16 2.84e-14  3.41e-13     3s
  24   9.09842984e-01  9.09843025e-01  2.99e-15 2.84e-14  8.30e-14     3s
  25   9.09843007e-01  9.09843017e-01  4.92e-15 2.84e-14  2.11e-14     4s
  26   9.09843012e-01  9.09843015e-01  3.72e-15 2.84e-14  5.33e-15     4s
  27   9.09843014e-01  9.09843014e-01  1.88e-15 1.42e-14  1.37e-15     4s
  28   9.09843014e-01  9.09843014e-01  9.74e-16 1.42e-14  8.13e-16     4s
  29   9.09843014e-01  9.09843014e-01  7.66e-16 1.02e-14  5.42e-16     4s
  30   9.09843014e-01  9.09843014e-01  5.24e-16 1.42e-14  2.76e-16     4s
  31   9.09843014e-01  9.09843014e-01  3.87e-16 1.42e-14  2.14e-16     4s
  32   9.09843014e-01  9.09843014e-01  2.22e-16 1.42e-14  1.10e-16     4s
  33   9.09843014e-01  9.09843014e-01  1.47e-16 1.42e-14  8.28e-17     4s

Barrier solved model in 33 iterations and 4.20 seconds (3.90 work units)
Optimal objective 9.09843014e-01

objective value: 0.9098430142436694
Done! Time elapsed: 25.90453863143921 seconds.
g_0_1: 1.039397293393481
g_1_1: 1.0239783492166894
g_1_2: 1.0706807116148502
g_2_1: 1.0431029442989173
g_2_2: 1.1318503212789095
g_2_3: 1.0431029443017743
g_2_4: 1.1318503210176893
Parameters from last iteration: [0.18085513 0.72395269 0.18629844 0.73747378 0.19694196 0.73747378
 0.19694196]

Parameters from current iteration:
                [0.18085513 0.72395269 0.18629844 0.73747378 0.19694196 0.73747378
 0.19694196]


                Percentage Error = 3.949330861613375e-11
                
year done: 70
Time 71: 2
Optimization Iteration[1/20000]

Solving the optimization problem...
Set parameter TokenServer to value "licenses.rcc.uchicago.edu"
Read LP format model from file /scratch/local/jobs/50183995/tmp8wout064.pyomo.lp
Reading time = 1.35 seconds
x1: 258121 rows, 502401 columns, 1259970 nonzeros
Set parameter Threads to value 8
Set parameter BarConvTol to value 1e-12
Gurobi Optimizer version 11.0.0 build v11.0.0rc2 (linux64 - "CentOS Linux 8")

CPU model: Intel(R) Xeon(R) Gold 6248R CPU @ 3.00GHz, instruction set [SSE2|AVX|AVX2|AVX512]
Thread count: 48 physical cores, 48 logical processors, using up to 8 threads

Optimize a model with 258121 rows, 502401 columns and 1259970 nonzeros
Model fingerprint: 0xb090bb73
Model has 3166 quadratic objective terms
Coefficient statistics:
  Matrix range     [1e+00, 1e+03]
  Objective range  [6e-08, 7e+01]
  QObjective range [4e-01, 3e+03]
  Bounds range     [3e-04, 1e+00]
  RHS range        [7e-17, 6e+00]
Presolve removed 131482 rows and 128814 columns
Presolve time: 0.55s
Presolved: 126639 rows, 373587 columns, 743930 nonzeros
Presolved model has 3166 quadratic objective terms
Ordering time: 0.16s

Barrier statistics:
 AA' NZ     : 3.709e+05
 Factor NZ  : 4.212e+06 (roughly 240 MB of memory)
 Factor Ops : 3.974e+08 (less than 1 second per iteration)
 Threads    : 8

                  Objective                Residual
Iter       Primal          Dual         Primal    Dual     Compl     Time
   0  -1.08208243e+09  8.62426925e+08  7.80e+04 1.13e-13  1.00e+06     1s
   1  -6.18909580e+08  5.71190885e+08  1.71e+04 1.38e+02  2.40e+05     1s
   2  -3.11035477e+08  3.11021848e+08  2.28e+02 1.12e+00  4.48e+03     1s
   3  -7.31788340e+07  7.38397135e+07  1.92e+00 1.30e-12  3.19e+02     1s
   4  -1.39340228e+07  1.46173256e+07  1.62e-01 5.55e-12  5.90e+01     1s
   5  -2.55218657e+06  2.82756869e+06  1.24e-02 1.23e-12  1.09e+01     1s
   6  -3.71998605e+05  4.27121271e+05  1.24e-08 9.67e-13  1.61e+00     2s
   7  -5.57161354e+04  7.01842558e+04  1.38e-13 7.69e-13  2.53e-01     2s
   8  -8.40102286e+03  1.00458379e+04  5.73e-14 2.05e-13  3.71e-02     2s
   9  -1.34516791e+03  1.65094775e+03  1.68e-14 5.68e-14  6.03e-03     2s
  10  -2.20178199e+02  2.07582568e+02  6.95e-15 2.84e-14  8.61e-04     2s
  11  -4.86094220e+01  3.21018368e+01  1.95e-15 1.42e-14  1.62e-04     2s
  12  -7.89843279e+00  5.93830911e+00  1.31e-15 1.42e-14  2.78e-05     2s
  13  -5.52584499e-01  1.27509269e+00  3.70e-16 1.42e-14  3.68e-06     2s
  14   5.46170645e-01  9.93375247e-01  3.75e-16 2.13e-14  9.00e-07     3s
  15   7.66447407e-01  9.44992950e-01  2.18e-16 1.42e-14  3.59e-07     3s
  16   8.47747124e-01  9.13438465e-01  7.78e-17 1.42e-14  1.32e-07     3s
  17   8.67953528e-01  9.05502806e-01  8.85e-17 1.42e-14  7.55e-08     3s
  18   8.86182598e-01  8.98797983e-01  5.04e-17 1.42e-14  2.54e-08     3s
  19   8.92340737e-01  8.96544540e-01  5.38e-17 1.42e-14  8.46e-09     3s
  20   8.94867520e-01  8.95643687e-01  5.90e-17 2.84e-14  1.56e-09     3s
  21   8.95357701e-01  8.95470071e-01  7.57e-17 1.42e-14  2.26e-10     3s
  22   8.95432645e-01  8.95443563e-01  2.07e-16 1.42e-14  2.20e-11     3s
  23   8.95440585e-01  8.95440755e-01  3.17e-16 1.42e-14  3.41e-13     3s
  24   8.95440680e-01  8.95440721e-01  3.03e-15 2.13e-14  8.28e-14     3s
  25   8.95440703e-01  8.95440713e-01  6.14e-15 1.42e-14  2.11e-14     4s
  26   8.95440709e-01  8.95440711e-01  2.90e-15 1.78e-14  5.32e-15     4s
  27   8.95440710e-01  8.95440711e-01  1.54e-15 1.42e-14  1.37e-15     4s
  28   8.95440710e-01  8.95440711e-01  8.85e-16 1.42e-14  8.12e-16     4s
  29   8.95440711e-01  8.95440711e-01  7.13e-16 1.42e-14  5.57e-16     4s
  30   8.95440711e-01  8.95440711e-01  4.77e-16 1.42e-14  2.81e-16     4s
  31   8.95440711e-01  8.95440711e-01  3.47e-16 1.42e-14  2.03e-16     4s
  32   8.95440711e-01  8.95440711e-01  2.33e-16 1.42e-14  1.36e-16     4s
  33   8.95440711e-01  8.95440711e-01  2.01e-16 1.42e-14  6.54e-17     4s

Barrier solved model in 33 iterations and 4.21 seconds (3.90 work units)
Optimal objective 8.95440711e-01

objective value: 0.8954407107122889
Done! Time elapsed: 24.3513400554657 seconds.
g_0_1: 1.039397293381706
g_1_1: 1.0239783492224437
g_1_2: 1.0706807116076813
g_2_1: 1.0431029443031334
g_2_2: 1.1318503212197186
g_2_3: 1.0431029443053887
g_2_4: 1.1318503210133113
Parameters from last iteration: [0.18085513 0.72395269 0.18629844 0.73747378 0.19694196 0.73747378
 0.19694196]

Parameters from current iteration:
                [0.18085513 0.72395269 0.18629844 0.73747378 0.19694196 0.73747378
 0.19694196]


                Percentage Error = 5.229564155256704e-11
                
year done: 71
Time 72: 2
Optimization Iteration[1/20000]

Solving the optimization problem...
Set parameter TokenServer to value "licenses.rcc.uchicago.edu"
Read LP format model from file /scratch/local/jobs/50183995/tmptcu0xet2.pyomo.lp
Reading time = 1.35 seconds
x1: 258121 rows, 502401 columns, 1259970 nonzeros
Set parameter Threads to value 8
Set parameter BarConvTol to value 1e-12
Gurobi Optimizer version 11.0.0 build v11.0.0rc2 (linux64 - "CentOS Linux 8")

CPU model: Intel(R) Xeon(R) Gold 6248R CPU @ 3.00GHz, instruction set [SSE2|AVX|AVX2|AVX512]
Thread count: 48 physical cores, 48 logical processors, using up to 8 threads

Optimize a model with 258121 rows, 502401 columns and 1259970 nonzeros
Model fingerprint: 0xcea70efa
Model has 3166 quadratic objective terms
Coefficient statistics:
  Matrix range     [1e+00, 1e+03]
  Objective range  [6e-08, 7e+01]
  QObjective range [4e-01, 3e+03]
  Bounds range     [3e-04, 1e+00]
  RHS range        [7e-17, 6e+00]
Presolve removed 131482 rows and 128814 columns
Presolve time: 0.56s
Presolved: 126639 rows, 373587 columns, 743930 nonzeros
Presolved model has 3166 quadratic objective terms
Ordering time: 0.16s

Barrier statistics:
 AA' NZ     : 3.709e+05
 Factor NZ  : 4.212e+06 (roughly 240 MB of memory)
 Factor Ops : 3.974e+08 (less than 1 second per iteration)
 Threads    : 8

                  Objective                Residual
Iter       Primal          Dual         Primal    Dual     Compl     Time
   0  -1.08208243e+09  8.62426925e+08  7.80e+04 1.14e-13  1.00e+06     1s
   1  -6.18909580e+08  5.71190885e+08  1.71e+04 1.38e+02  2.40e+05     1s
   2  -3.11035477e+08  3.11021848e+08  2.28e+02 1.12e+00  4.48e+03     1s
   3  -7.31788340e+07  7.38397135e+07  1.92e+00 1.45e-12  3.19e+02     1s
   4  -1.39340228e+07  1.46173256e+07  1.62e-01 4.65e-12  5.90e+01     1s
   5  -2.55218659e+06  2.82756867e+06  1.24e-02 1.18e-12  1.09e+01     2s
   6  -3.71998619e+05  4.27121258e+05  1.24e-08 1.18e-12  1.61e+00     2s
   7  -5.57161492e+04  7.01842421e+04  1.41e-13 6.77e-13  2.53e-01     2s
   8  -8.40103662e+03  1.00458241e+04  5.61e-14 2.09e-13  3.71e-02     2s
   9  -1.34518167e+03  1.65093399e+03  1.74e-14 3.41e-14  6.03e-03     2s
  10  -2.20191953e+02  2.07568814e+02  9.91e-15 2.84e-14  8.61e-04     2s
  11  -4.86231761e+01  3.20880827e+01  1.96e-15 2.13e-14  1.62e-04     2s
  12  -7.91218689e+00  5.92455502e+00  9.71e-16 2.84e-14  2.78e-05     2s
  13  -5.66338592e-01  1.26133860e+00  2.80e-16 1.42e-14  3.68e-06     2s
  14   5.32416551e-01  9.79621154e-01  4.45e-16 1.42e-14  9.00e-07     3s
  15   7.52693314e-01  9.31238857e-01  2.10e-16 1.42e-14  3.59e-07     3s
  16   8.33993030e-01  8.99684372e-01  1.19e-16 1.42e-14  1.32e-07     3s
  17   8.54199435e-01  8.91748712e-01  5.01e-17 1.42e-14  7.55e-08     3s
  18   8.72428505e-01  8.85043890e-01  9.52e-17 1.42e-14  2.54e-08     3s
  19   8.78586644e-01  8.82790447e-01  1.63e-16 1.51e-14  8.46e-09     3s
  20   8.81113427e-01  8.81889594e-01  5.50e-17 1.42e-14  1.56e-09     3s
  21   8.81603608e-01  8.81715978e-01  1.40e-16 2.84e-14  2.26e-10     3s
  22   8.81678552e-01  8.81689470e-01  1.08e-16 1.42e-14  2.20e-11     3s
  23   8.81686492e-01  8.81686662e-01  3.39e-16 2.84e-14  3.41e-13     3s
  24   8.81686587e-01  8.81686628e-01  3.00e-15 1.42e-14  8.26e-14     3s
  25   8.81686610e-01  8.81686620e-01  4.70e-15 1.42e-14  2.11e-14     4s
  26   8.81686616e-01  8.81686618e-01  3.03e-15 2.13e-14  5.30e-15     4s
  27   8.81686617e-01  8.81686618e-01  1.44e-15 1.42e-14  1.37e-15     4s
  28   8.81686617e-01  8.81686618e-01  9.69e-16 1.42e-14  8.10e-16     4s
  29   8.81686617e-01  8.81686618e-01  6.95e-16 1.42e-14  5.72e-16     4s
  30   8.81686618e-01  8.81686618e-01  5.23e-16 1.42e-14  2.87e-16     4s
  31   8.81686618e-01  8.81686618e-01  3.34e-16 1.42e-14  1.69e-16     4s
  32   8.81686618e-01  8.81686618e-01  1.83e-16 1.42e-14  1.09e-16     4s
  33   8.81686618e-01  8.81686618e-01  2.02e-16 1.42e-14  5.59e-17     4s

Barrier solved model in 33 iterations and 4.24 seconds (3.90 work units)
Optimal objective 8.81686618e-01

objective value: 0.8816866176162022
Done! Time elapsed: 24.38548254966736 seconds.
g_0_1: 1.039397293375128
g_1_1: 1.0239783492256294
g_1_2: 1.0706807116036459
g_2_1: 1.0431029443055042
g_2_2: 1.1318503211874038
g_2_3: 1.043102944307419
g_2_4: 1.1318503210108444
Parameters from last iteration: [0.18085513 0.72395269 0.18629844 0.73747378 0.19694196 0.73747378
 0.19694196]

Parameters from current iteration:
                [0.18085513 0.72395269 0.18629844 0.73747378 0.19694196 0.73747378
 0.19694196]


                Percentage Error = 2.8550442661604248e-11
                
year done: 72
Time 73: 2
Optimization Iteration[1/20000]

Solving the optimization problem...
Set parameter TokenServer to value "licenses.rcc.uchicago.edu"
Read LP format model from file /scratch/local/jobs/50183995/tmpp7ogyv9z.pyomo.lp
Reading time = 1.35 seconds
x1: 258121 rows, 502401 columns, 1259970 nonzeros
Set parameter Threads to value 8
Set parameter BarConvTol to value 1e-12
Gurobi Optimizer version 11.0.0 build v11.0.0rc2 (linux64 - "CentOS Linux 8")

CPU model: Intel(R) Xeon(R) Gold 6248R CPU @ 3.00GHz, instruction set [SSE2|AVX|AVX2|AVX512]
Thread count: 48 physical cores, 48 logical processors, using up to 8 threads

Optimize a model with 258121 rows, 502401 columns and 1259970 nonzeros
Model fingerprint: 0xead38573
Model has 3166 quadratic objective terms
Coefficient statistics:
  Matrix range     [1e+00, 1e+03]
  Objective range  [6e-08, 7e+01]
  QObjective range [4e-01, 3e+03]
  Bounds range     [3e-04, 1e+00]
  RHS range        [7e-17, 6e+00]
Presolve removed 131482 rows and 128814 columns
Presolve time: 0.55s
Presolved: 126639 rows, 373587 columns, 743930 nonzeros
Presolved model has 3166 quadratic objective terms
Ordering time: 0.16s

Barrier statistics:
 AA' NZ     : 3.709e+05
 Factor NZ  : 4.212e+06 (roughly 240 MB of memory)
 Factor Ops : 3.974e+08 (less than 1 second per iteration)
 Threads    : 8

                  Objective                Residual
Iter       Primal          Dual         Primal    Dual     Compl     Time
   0  -1.08208243e+09  8.62426925e+08  7.80e+04 1.14e-13  1.00e+06     1s
   1  -6.18909580e+08  5.71190885e+08  1.71e+04 1.38e+02  2.40e+05     1s
   2  -3.11035477e+08  3.11021848e+08  2.28e+02 1.12e+00  4.48e+03     1s
   3  -7.31788340e+07  7.38397135e+07  1.92e+00 1.72e-12  3.19e+02     1s
   4  -1.39340229e+07  1.46173256e+07  1.62e-01 4.36e-12  5.90e+01     1s
   5  -2.55218660e+06  2.82756866e+06  1.24e-02 1.46e-12  1.09e+01     1s
   6  -3.71998632e+05  4.27121244e+05  1.24e-08 2.18e-12  1.61e+00     2s
   7  -5.57161623e+04  7.01842289e+04  1.54e-13 7.21e-13  2.53e-01     2s
   8  -8.40104975e+03  1.00458110e+04  4.70e-14 2.38e-13  3.71e-02     2s
   9  -1.34519480e+03  1.65092086e+03  1.70e-14 2.84e-14  6.03e-03     2s
  10  -2.20205088e+02  2.07555679e+02  8.90e-15 2.84e-14  8.61e-04     2s
  11  -4.86363111e+01  3.20749476e+01  2.28e-15 1.42e-14  1.62e-04     2s
  12  -7.92532195e+00  5.91141996e+00  1.16e-15 1.42e-14  2.78e-05     2s
  13  -5.79473649e-01  1.24820354e+00  4.40e-16 1.42e-14  3.68e-06     2s
  14   5.19281494e-01  9.66486097e-01  4.15e-16 1.42e-14  9.00e-07     3s
  15   7.39558257e-01  9.18103800e-01  1.50e-16 1.42e-14  3.59e-07     3s
  16   8.20857974e-01  8.86549315e-01  9.72e-17 2.84e-14  1.32e-07     3s
  17   8.41064378e-01  8.78613656e-01  6.53e-17 2.13e-14  7.55e-08     3s
  18   8.59293448e-01  8.71908833e-01  7.12e-17 1.42e-14  2.54e-08     3s
  19   8.65451587e-01  8.69655390e-01  1.41e-16 1.42e-14  8.46e-09     3s
  20   8.67978370e-01  8.68754537e-01  9.01e-17 1.42e-14  1.56e-09     3s
  21   8.68468551e-01  8.68580921e-01  5.85e-17 2.84e-14  2.26e-10     3s
  22   8.68543495e-01  8.68554413e-01  1.01e-16 1.42e-14  2.20e-11     3s
  23   8.68551435e-01  8.68551605e-01  3.96e-16 1.42e-14  3.41e-13     3s
  24   8.68551530e-01  8.68551571e-01  2.27e-15 1.42e-14  8.25e-14     3s
  25   8.68551553e-01  8.68551563e-01  5.44e-15 1.42e-14  2.11e-14     3s
  26   8.68551559e-01  8.68551561e-01  2.65e-15 1.91e-14  5.29e-15     4s
  27   8.68551560e-01  8.68551561e-01  1.61e-15 1.42e-14  1.37e-15     4s
  28   8.68551560e-01  8.68551561e-01  8.93e-16 1.42e-14  8.08e-16     4s
  29   8.68551560e-01  8.68551561e-01  6.33e-16 1.42e-14  5.82e-16     4s
  30   8.68551561e-01  8.68551561e-01  5.95e-16 1.42e-14  2.91e-16     4s
  31   8.68551561e-01  8.68551561e-01  3.58e-16 1.42e-14  1.85e-16     4s
  32   8.68551561e-01  8.68551561e-01  2.16e-16 1.42e-14  1.22e-16     4s
  33   8.68551561e-01  8.68551561e-01  1.81e-16 1.42e-14  1.05e-16     4s
  34   8.68551561e-01  8.68551561e-01  1.96e-16 1.42e-14  5.99e-17     4s

Barrier solved model in 34 iterations and 4.27 seconds (3.98 work units)
Optimal objective 8.68551561e-01

objective value: 0.8685515606774071
Done! Time elapsed: 24.343010902404785 seconds.
g_0_1: 1.0393972933779259
g_1_1: 1.023978349224281
g_1_2: 1.0706807116053705
g_2_1: 1.0431029443044797
g_2_2: 1.1318503212008182
g_2_3: 1.043102944306537
g_2_4: 1.131850321011888
Parameters from last iteration: [0.18085513 0.72395269 0.18629844 0.73747378 0.19694196 0.73747378
 0.19694196]

Parameters from current iteration:
                [0.18085513 0.72395269 0.18629844 0.73747378 0.19694196 0.73747378
 0.19694196]


                Percentage Error = 1.1851741397044936e-11
                
year done: 73
Time 74: 2
Optimization Iteration[1/20000]

Solving the optimization problem...
Set parameter TokenServer to value "licenses.rcc.uchicago.edu"
Read LP format model from file /scratch/local/jobs/50183995/tmptv5d_gic.pyomo.lp
Reading time = 1.35 seconds
x1: 258121 rows, 502401 columns, 1259970 nonzeros
Set parameter Threads to value 8
Set parameter BarConvTol to value 1e-12
Gurobi Optimizer version 11.0.0 build v11.0.0rc2 (linux64 - "CentOS Linux 8")

CPU model: Intel(R) Xeon(R) Gold 6248R CPU @ 3.00GHz, instruction set [SSE2|AVX|AVX2|AVX512]
Thread count: 48 physical cores, 48 logical processors, using up to 8 threads

Optimize a model with 258121 rows, 502401 columns and 1259970 nonzeros
Model fingerprint: 0x59ace3f6
Model has 3166 quadratic objective terms
Coefficient statistics:
  Matrix range     [1e+00, 1e+03]
  Objective range  [6e-08, 7e+01]
  QObjective range [4e-01, 3e+03]
  Bounds range     [3e-04, 1e+00]
  RHS range        [7e-17, 6e+00]
Presolve removed 131482 rows and 128814 columns
Presolve time: 0.56s
Presolved: 126639 rows, 373587 columns, 743930 nonzeros
Presolved model has 3166 quadratic objective terms
Ordering time: 0.16s

Barrier statistics:
 AA' NZ     : 3.709e+05
 Factor NZ  : 4.212e+06 (roughly 240 MB of memory)
 Factor Ops : 3.974e+08 (less than 1 second per iteration)
 Threads    : 8

                  Objective                Residual
Iter       Primal          Dual         Primal    Dual     Compl     Time
   0  -1.08208243e+09  8.62426925e+08  7.80e+04 1.13e-13  1.00e+06     1s
   1  -6.18909580e+08  5.71190885e+08  1.71e+04 1.38e+02  2.40e+05     1s
   2  -3.11035477e+08  3.11021848e+08  2.28e+02 1.12e+00  4.48e+03     1s
   3  -7.31788340e+07  7.38397135e+07  1.92e+00 1.49e-12  3.19e+02     1s
   4  -1.39340229e+07  1.46173256e+07  1.62e-01 4.22e-12  5.90e+01     1s
   5  -2.55218661e+06  2.82756865e+06  1.24e-02 1.19e-12  1.09e+01     1s
   6  -3.71998645e+05  4.27121232e+05  1.24e-08 9.87e-13  1.61e+00     2s
   7  -5.57161749e+04  7.01842164e+04  1.17e-13 7.21e-13  2.53e-01     2s
   8  -8.40106229e+03  1.00457984e+04  4.63e-14 2.40e-13  3.71e-02     2s
   9  -1.34520735e+03  1.65090831e+03  1.79e-14 4.26e-14  6.03e-03     2s
  10  -2.20217632e+02  2.07543135e+02  8.87e-15 2.84e-14  8.61e-04     2s
  11  -4.86488550e+01  3.20624038e+01  2.37e-15 1.42e-14  1.62e-04     2s
  12  -7.93786583e+00  5.89887608e+00  1.01e-15 2.13e-14  2.78e-05     2s
  13  -5.92017531e-01  1.23565966e+00  3.20e-16 1.42e-14  3.68e-06     2s
  14   5.06737612e-01  9.53942215e-01  4.21e-16 1.42e-14  9.00e-07     3s
  15   7.27014375e-01  9.05559918e-01  2.31e-16 1.42e-14  3.59e-07     3s
  16   8.08314092e-01  8.74005433e-01  9.68e-17 1.42e-14  1.32e-07     3s
  17   8.28520496e-01  8.66069774e-01  6.31e-17 1.42e-14  7.55e-08     3s
  18   8.46749566e-01  8.59364951e-01  4.36e-17 2.13e-14  2.54e-08     3s
  19   8.52907705e-01  8.57111508e-01  7.37e-17 2.84e-14  8.46e-09     3s
  20   8.55434488e-01  8.56210655e-01  8.37e-17 1.42e-14  1.56e-09     3s
  21   8.55924669e-01  8.56037039e-01  6.42e-17 1.42e-14  2.26e-10     3s
  22   8.55999613e-01  8.56010531e-01  8.78e-17 2.13e-14  2.20e-11     3s
  23   8.56007553e-01  8.56007723e-01  3.81e-16 1.42e-14  3.41e-13     3s
  24   8.56007649e-01  8.56007689e-01  2.64e-15 2.84e-14  8.22e-14     3s
  25   8.56007671e-01  8.56007681e-01  4.56e-15 2.13e-14  2.11e-14     4s
  26   8.56007677e-01  8.56007679e-01  2.23e-15 1.42e-14  5.27e-15     4s
  27   8.56007678e-01  8.56007679e-01  1.73e-15 1.55e-14  1.37e-15     4s
  28   8.56007678e-01  8.56007679e-01  1.16e-15 1.42e-14  8.04e-16     4s
  29   8.56007678e-01  8.56007679e-01  8.08e-16 1.42e-14  5.96e-16     4s
  30   8.56007679e-01  8.56007679e-01  6.73e-16 1.42e-14  2.95e-16     4s
  31   8.56007679e-01  8.56007679e-01  4.51e-16 1.42e-14  2.02e-16     4s
  32   8.56007679e-01  8.56007679e-01  2.37e-16 1.42e-14  1.50e-16     4s
  33   8.56007679e-01  8.56007679e-01  2.92e-16 1.42e-14  6.83e-17     4s

Barrier solved model in 33 iterations and 4.22 seconds (3.90 work units)
Optimal objective 8.56007679e-01

objective value: 0.8560076786824007
Done! Time elapsed: 25.870103120803833 seconds.
g_0_1: 1.0393972933836557
g_1_1: 1.023978349221478
g_1_2: 1.070680711608857
g_2_1: 1.0431029443024307
g_2_2: 1.1318503212297104
g_2_3: 1.0431029443047837
g_2_4: 1.1318503210140325
Parameters from last iteration: [0.18085513 0.72395269 0.18629844 0.73747378 0.19694196 0.73747378
 0.19694196]

Parameters from current iteration:
                [0.18085513 0.72395269 0.18629844 0.73747378 0.19694196 0.73747378
 0.19694196]


                Percentage Error = 2.552644818971785e-11
                
year done: 74
Time 75: 2
Optimization Iteration[1/20000]

Solving the optimization problem...
Set parameter TokenServer to value "licenses.rcc.uchicago.edu"
Read LP format model from file /scratch/local/jobs/50183995/tmp2n2sd28w.pyomo.lp
Reading time = 1.34 seconds
x1: 258121 rows, 502401 columns, 1259970 nonzeros
Set parameter Threads to value 8
Set parameter BarConvTol to value 1e-12
Gurobi Optimizer version 11.0.0 build v11.0.0rc2 (linux64 - "CentOS Linux 8")

CPU model: Intel(R) Xeon(R) Gold 6248R CPU @ 3.00GHz, instruction set [SSE2|AVX|AVX2|AVX512]
Thread count: 48 physical cores, 48 logical processors, using up to 8 threads

Optimize a model with 258121 rows, 502401 columns and 1259970 nonzeros
Model fingerprint: 0x66a1634b
Model has 3166 quadratic objective terms
Coefficient statistics:
  Matrix range     [1e+00, 1e+03]
  Objective range  [6e-08, 7e+01]
  QObjective range [4e-01, 3e+03]
  Bounds range     [3e-04, 1e+00]
  RHS range        [7e-17, 6e+00]
Presolve removed 131482 rows and 128814 columns
Presolve time: 0.56s
Presolved: 126639 rows, 373587 columns, 743930 nonzeros
Presolved model has 3166 quadratic objective terms
Ordering time: 0.16s

Barrier statistics:
 AA' NZ     : 3.709e+05
 Factor NZ  : 4.212e+06 (roughly 240 MB of memory)
 Factor Ops : 3.974e+08 (less than 1 second per iteration)
 Threads    : 8

                  Objective                Residual
Iter       Primal          Dual         Primal    Dual     Compl     Time
   0  -1.08208243e+09  8.62426925e+08  7.80e+04 1.14e-13  1.00e+06     1s
   1  -6.18909580e+08  5.71190885e+08  1.71e+04 1.38e+02  2.40e+05     1s
   2  -3.11035477e+08  3.11021848e+08  2.28e+02 1.12e+00  4.48e+03     1s
   3  -7.31788340e+07  7.38397134e+07  1.92e+00 1.41e-12  3.19e+02     1s
   4  -1.39340229e+07  1.46173256e+07  1.62e-01 4.78e-12  5.90e+01     1s
   5  -2.55218662e+06  2.82756863e+06  1.24e-02 1.32e-12  1.09e+01     1s
   6  -3.71998657e+05  4.27121220e+05  1.24e-08 1.01e-12  1.61e+00     2s
   7  -5.57161868e+04  7.01842044e+04  1.55e-13 7.77e-13  2.53e-01     2s
   8  -8.40107427e+03  1.00457865e+04  4.70e-14 2.22e-13  3.71e-02     2s
   9  -1.34521933e+03  1.65089633e+03  1.46e-14 3.11e-14  6.03e-03     2s
  10  -2.20229611e+02  2.07531156e+02  7.08e-15 2.84e-14  8.61e-04     2s
  11  -4.86608343e+01  3.20504244e+01  2.52e-15 2.13e-14  1.62e-04     2s
  12  -7.94984514e+00  5.88689676e+00  1.58e-15 1.42e-14  2.78e-05     2s
  13  -6.03996845e-01  1.22368035e+00  3.43e-16 1.42e-14  3.68e-06     2s
  14   4.94758298e-01  9.41962901e-01  3.69e-16 1.42e-14  9.00e-07     3s
  15   7.15035060e-01  8.93580604e-01  1.92e-16 1.42e-14  3.59e-07     3s
  16   7.96334777e-01  8.62026119e-01  7.23e-17 1.42e-14  1.32e-07     3s
  17   8.16541182e-01  8.54090459e-01  5.83e-17 2.84e-14  7.55e-08     3s
  18   8.34770252e-01  8.47385636e-01  8.87e-17 1.42e-14  2.54e-08     3s
  19   8.40928391e-01  8.45132194e-01  5.53e-17 1.42e-14  8.46e-09     3s
  20   8.43455173e-01  8.44231341e-01  8.70e-17 1.42e-14  1.56e-09     3s
  21   8.43945355e-01  8.44057725e-01  5.55e-17 1.42e-14  2.26e-10     3s
  22   8.44020298e-01  8.44031216e-01  1.25e-16 1.42e-14  2.20e-11     3s
  23   8.44028239e-01  8.44028409e-01  3.40e-16 1.42e-14  3.41e-13     3s
  24   8.44028334e-01  8.44028375e-01  2.64e-15 1.42e-14  8.20e-14     3s
  25   8.44028357e-01  8.44028367e-01  4.56e-15 2.84e-14  2.10e-14     4s
  26   8.44028362e-01  8.44028365e-01  2.70e-15 1.42e-14  5.25e-15     4s
  27   8.44028364e-01  8.44028365e-01  1.64e-15 1.42e-14  1.37e-15     4s
  28   8.44028364e-01  8.44028365e-01  1.12e-15 1.42e-14  8.00e-16     4s
  29   8.44028364e-01  8.44028364e-01  9.26e-16 1.42e-14  6.01e-16     4s
  30   8.44028364e-01  8.44028364e-01  6.34e-16 1.42e-14  2.96e-16     4s
  31   8.44028364e-01  8.44028364e-01  3.60e-16 1.42e-14  2.09e-16     4s
  32   8.44028364e-01  8.44028364e-01  2.91e-16 1.42e-14  1.48e-16     4s
  33   8.44028364e-01  8.44028364e-01  2.36e-16 1.42e-14  6.62e-17     4s

Barrier solved model in 33 iterations and 4.24 seconds (3.90 work units)
Optimal objective 8.44028364e-01

objective value: 0.8440283643811471
Done! Time elapsed: 24.405470371246338 seconds.
g_0_1: 1.0393972933822273
g_1_1: 1.0239783492221721
g_1_2: 1.070680711607983
g_2_1: 1.0431029443029383
g_2_2: 1.131850321222564
g_2_3: 1.0431029443052175
g_2_4: 1.1318503210134994
Parameters from last iteration: [0.18085513 0.72395269 0.18629844 0.73747378 0.19694196 0.73747378
 0.19694196]

Parameters from current iteration:
                [0.18085513 0.72395269 0.18629844 0.73747378 0.19694196 0.73747378
 0.19694196]


                Percentage Error = 6.313929083883269e-12
                
year done: 75
Time 76: 2
Optimization Iteration[1/20000]

Solving the optimization problem...
Set parameter TokenServer to value "licenses.rcc.uchicago.edu"
Read LP format model from file /scratch/local/jobs/50183995/tmpunn2wv07.pyomo.lp
Reading time = 1.36 seconds
x1: 258121 rows, 502401 columns, 1259970 nonzeros
Set parameter Threads to value 8
Set parameter BarConvTol to value 1e-12
Gurobi Optimizer version 11.0.0 build v11.0.0rc2 (linux64 - "CentOS Linux 8")

CPU model: Intel(R) Xeon(R) Gold 6248R CPU @ 3.00GHz, instruction set [SSE2|AVX|AVX2|AVX512]
Thread count: 48 physical cores, 48 logical processors, using up to 8 threads

Optimize a model with 258121 rows, 502401 columns and 1259970 nonzeros
Model fingerprint: 0xbd98b524
Model has 3166 quadratic objective terms
Coefficient statistics:
  Matrix range     [1e+00, 1e+03]
  Objective range  [6e-08, 7e+01]
  QObjective range [4e-01, 3e+03]
  Bounds range     [3e-04, 1e+00]
  RHS range        [7e-17, 6e+00]
Presolve removed 131482 rows and 128814 columns
Presolve time: 0.55s
Presolved: 126639 rows, 373587 columns, 743930 nonzeros
Presolved model has 3166 quadratic objective terms
Ordering time: 0.16s

Barrier statistics:
 AA' NZ     : 3.709e+05
 Factor NZ  : 4.212e+06 (roughly 240 MB of memory)
 Factor Ops : 3.974e+08 (less than 1 second per iteration)
 Threads    : 8

                  Objective                Residual
Iter       Primal          Dual         Primal    Dual     Compl     Time
   0  -1.08208243e+09  8.62426925e+08  7.80e+04 1.14e-13  1.00e+06     1s
   1  -6.18909580e+08  5.71190885e+08  1.71e+04 1.38e+02  2.40e+05     1s
   2  -3.11035477e+08  3.11021848e+08  2.28e+02 1.12e+00  4.48e+03     1s
   3  -7.31788341e+07  7.38397134e+07  1.92e+00 1.51e-12  3.19e+02     1s
   4  -1.39340229e+07  1.46173255e+07  1.62e-01 4.56e-12  5.90e+01     1s
   5  -2.55218663e+06  2.82756862e+06  1.24e-02 1.23e-12  1.09e+01     1s
   6  -3.71998668e+05  4.27121208e+05  1.24e-08 1.02e-12  1.61e+00     2s
   7  -5.57161983e+04  7.01841930e+04  1.35e-13 6.59e-13  2.53e-01     2s
   8  -8.40108571e+03  1.00457750e+04  4.71e-14 2.44e-13  3.71e-02     2s
   9  -1.34523077e+03  1.65088489e+03  1.58e-14 4.97e-14  6.03e-03     2s
  10  -2.20241051e+02  2.07519716e+02  6.93e-15 2.84e-14  8.61e-04     2s
  11  -4.86722745e+01  3.20389843e+01  2.89e-15 2.84e-14  1.62e-04     2s
  12  -7.96128530e+00  5.87545661e+00  9.36e-16 8.88e-15  2.78e-05     2s
  13  -6.15437001e-01  1.21224019e+00  3.19e-16 2.13e-14  3.68e-06     2s
  14   4.83318142e-01  9.30522745e-01  5.32e-16 1.42e-14  9.00e-07     3s
  15   7.03594904e-01  8.82140448e-01  1.86e-16 1.42e-14  3.59e-07     3s
  16   7.84894621e-01  8.50585962e-01  1.12e-16 1.42e-14  1.32e-07     3s
  17   8.05101026e-01  8.42650303e-01  4.62e-17 1.42e-14  7.55e-08     3s
  18   8.23330096e-01  8.35945480e-01  1.06e-16 1.42e-14  2.54e-08     3s
  19   8.29488235e-01  8.33692038e-01  1.39e-16 1.42e-14  8.46e-09     3s
  20   8.32015017e-01  8.32791184e-01  7.34e-17 1.42e-14  1.56e-09     3s
  21   8.32505198e-01  8.32617568e-01  9.32e-17 1.42e-14  2.26e-10     3s
  22   8.32580142e-01  8.32591060e-01  9.63e-17 1.42e-14  2.20e-11     3s
  23   8.32588083e-01  8.32588252e-01  3.40e-16 1.42e-14  3.41e-13     3s
  24   8.32588178e-01  8.32588219e-01  2.86e-15 2.84e-14  8.17e-14     3s
  25   8.32588200e-01  8.32588211e-01  5.18e-15 1.42e-14  2.10e-14     4s
  26   8.32588206e-01  8.32588209e-01  2.73e-15 1.42e-14  5.23e-15     4s
  27   8.32588208e-01  8.32588208e-01  1.49e-15 1.42e-14  1.37e-15     4s
  28   8.32588208e-01  8.32588208e-01  9.56e-16 1.42e-14  7.97e-16     4s
  29   8.32588208e-01  8.32588208e-01  7.26e-16 1.42e-14  6.06e-16     4s
  30   8.32588208e-01  8.32588208e-01  5.90e-16 1.42e-14  2.96e-16     4s
  31   8.32588208e-01  8.32588208e-01  3.62e-16 1.42e-14  2.14e-16     4s
  32   8.32588208e-01  8.32588208e-01  3.42e-16 1.42e-14  1.42e-16     4s
  33   8.32588208e-01  8.32588208e-01  2.07e-16 1.42e-14  6.14e-17     4s

Barrier solved model in 33 iterations and 4.23 seconds (3.90 work units)
Optimal objective 8.32588208e-01

objective value: 0.8325882080392113
Done! Time elapsed: 24.30605721473694 seconds.
g_0_1: 1.039397293378938
g_1_1: 1.0239783492237766
g_1_2: 1.0706807116059829
g_2_1: 1.0431029443041193
g_2_2: 1.1318503212059943
g_2_3: 1.0431029443062294
g_2_4: 1.1318503210122826
Parameters from last iteration: [0.18085513 0.72395269 0.18629844 0.73747378 0.19694196 0.73747378
 0.19694196]

Parameters from current iteration:
                [0.18085513 0.72395269 0.18629844 0.73747378 0.19694196 0.73747378
 0.19694196]


                Percentage Error = 1.463939161162732e-11
                
year done: 76
Time 77: 2
Optimization Iteration[1/20000]

Solving the optimization problem...
Set parameter TokenServer to value "licenses.rcc.uchicago.edu"
Read LP format model from file /scratch/local/jobs/50183995/tmp70p2p8mf.pyomo.lp
Reading time = 1.33 seconds
x1: 258121 rows, 502401 columns, 1259970 nonzeros
Set parameter Threads to value 8
Set parameter BarConvTol to value 1e-12
Gurobi Optimizer version 11.0.0 build v11.0.0rc2 (linux64 - "CentOS Linux 8")

CPU model: Intel(R) Xeon(R) Gold 6248R CPU @ 3.00GHz, instruction set [SSE2|AVX|AVX2|AVX512]
Thread count: 48 physical cores, 48 logical processors, using up to 8 threads

Optimize a model with 258121 rows, 502401 columns and 1259970 nonzeros
Model fingerprint: 0x738961b4
Model has 3166 quadratic objective terms
Coefficient statistics:
  Matrix range     [1e+00, 1e+03]
  Objective range  [6e-08, 7e+01]
  QObjective range [4e-01, 3e+03]
  Bounds range     [3e-04, 1e+00]
  RHS range        [7e-17, 6e+00]
Presolve removed 131482 rows and 128814 columns
Presolve time: 0.55s
Presolved: 126639 rows, 373587 columns, 743930 nonzeros
Presolved model has 3166 quadratic objective terms
Ordering time: 0.16s

Barrier statistics:
 AA' NZ     : 3.709e+05
 Factor NZ  : 4.212e+06 (roughly 240 MB of memory)
 Factor Ops : 3.974e+08 (less than 1 second per iteration)
 Threads    : 8

                  Objective                Residual
Iter       Primal          Dual         Primal    Dual     Compl     Time
   0  -1.08208243e+09  8.62426925e+08  7.80e+04 1.13e-13  1.00e+06     1s
   1  -6.18909580e+08  5.71190885e+08  1.71e+04 1.38e+02  2.40e+05     1s
   2  -3.11035477e+08  3.11021848e+08  2.28e+02 1.12e+00  4.48e+03     1s
   3  -7.31788341e+07  7.38397134e+07  1.92e+00 1.42e-12  3.19e+02     1s
   4  -1.39340229e+07  1.46173255e+07  1.62e-01 4.35e-12  5.90e+01     1s
   5  -2.55218665e+06  2.82756861e+06  1.24e-02 1.22e-12  1.09e+01     1s
   6  -3.71998679e+05  4.27121198e+05  1.24e-08 3.00e-12  1.61e+00     2s
   7  -5.57162092e+04  7.01841820e+04  1.48e-13 5.95e-13  2.53e-01     2s
   8  -8.40109664e+03  1.00457641e+04  5.92e-14 2.53e-13  3.71e-02     2s
   9  -1.34524169e+03  1.65087397e+03  1.84e-14 4.26e-14  6.03e-03     2s
  10  -2.20251977e+02  2.07508790e+02  9.43e-15 4.26e-14  8.61e-04     2s
  11  -4.86831997e+01  3.20280590e+01  2.34e-15 2.84e-14  1.62e-04     2s
  12  -7.97221056e+00  5.86453134e+00  1.28e-15 2.84e-14  2.78e-05     2s
  13  -6.26362266e-01  1.20131492e+00  3.03e-16 1.42e-14  3.68e-06     2s
  14   4.72392877e-01  9.19597480e-01  4.10e-16 1.42e-14  9.00e-07     3s
  15   6.92669640e-01  8.71215183e-01  1.79e-16 2.84e-14  3.59e-07     3s
  16   7.73969356e-01  8.39660698e-01  1.10e-16 1.42e-14  1.32e-07     3s
  17   7.94175761e-01  8.31725038e-01  7.00e-17 1.42e-14  7.55e-08     3s
  18   8.12404831e-01  8.25020216e-01  9.45e-17 1.47e-14  2.54e-08     3s
  19   8.18562970e-01  8.22766773e-01  5.90e-17 1.42e-14  8.46e-09     3s
  20   8.21089752e-01  8.21865920e-01  8.35e-17 1.42e-14  1.56e-09     3s
  21   8.21579934e-01  8.21692304e-01  8.80e-17 2.84e-14  2.26e-10     3s
  22   8.21654878e-01  8.21665796e-01  8.76e-17 1.42e-14  2.20e-11     3s
  23   8.21662818e-01  8.21662988e-01  3.10e-16 1.42e-14  3.41e-13     3s
  24   8.21662914e-01  8.21662954e-01  3.12e-15 1.42e-14  8.15e-14     3s
  25   8.21662936e-01  8.21662946e-01  5.02e-15 1.42e-14  2.10e-14     3s
  26   8.21662942e-01  8.21662944e-01  3.02e-15 1.42e-14  5.23e-15     4s
  27   8.21662943e-01  8.21662944e-01  1.60e-15 1.42e-14  1.37e-15     4s
  28   8.21662943e-01  8.21662944e-01  9.89e-16 1.42e-14  7.94e-16     4s
  29   8.21662943e-01  8.21662944e-01  7.56e-16 1.42e-14  6.18e-16     4s
  30   8.21662943e-01  8.21662944e-01  7.29e-16 2.13e-14  2.99e-16     4s
  31   8.21662943e-01  8.21662944e-01  4.14e-16 1.42e-14  2.25e-16     4s
  32   8.21662944e-01  8.21662944e-01  3.85e-16 1.42e-14  1.19e-16     4s
  33   8.21662944e-01  8.21662944e-01  2.00e-16 1.42e-14  7.67e-17     4s

Barrier solved model in 33 iterations and 4.21 seconds (3.90 work units)
Optimal objective 8.21662944e-01

objective value: 0.8216629435427598
Done! Time elapsed: 24.287768840789795 seconds.
g_0_1: 1.0393972933893543
g_1_1: 1.0239783492186987
g_1_2: 1.0706807116123376
g_2_1: 1.0431029443003876
g_2_2: 1.1318503212582176
g_2_3: 1.0431029443030337
g_2_4: 1.1318503210161466
Parameters from last iteration: [0.18085513 0.72395269 0.18629844 0.73747378 0.19694196 0.73747378
 0.19694196]

Parameters from current iteration:
                [0.18085513 0.72395269 0.18629844 0.73747378 0.19694196 0.73747378
 0.19694196]


                Percentage Error = 4.6139698108472764e-11
                
year done: 77
Time 78: 2
Optimization Iteration[1/20000]

Solving the optimization problem...
Set parameter TokenServer to value "licenses.rcc.uchicago.edu"
Read LP format model from file /scratch/local/jobs/50183995/tmplmsdh_ue.pyomo.lp
Reading time = 1.32 seconds
x1: 258121 rows, 502401 columns, 1259970 nonzeros
Set parameter Threads to value 8
Set parameter BarConvTol to value 1e-12
Gurobi Optimizer version 11.0.0 build v11.0.0rc2 (linux64 - "CentOS Linux 8")

CPU model: Intel(R) Xeon(R) Gold 6248R CPU @ 3.00GHz, instruction set [SSE2|AVX|AVX2|AVX512]
Thread count: 48 physical cores, 48 logical processors, using up to 8 threads

Optimize a model with 258121 rows, 502401 columns and 1259970 nonzeros
Model fingerprint: 0x24221ed8
Model has 3166 quadratic objective terms
Coefficient statistics:
  Matrix range     [1e+00, 1e+03]
  Objective range  [6e-08, 7e+01]
  QObjective range [4e-01, 3e+03]
  Bounds range     [3e-04, 1e+00]
  RHS range        [7e-17, 6e+00]
Presolve removed 131482 rows and 128814 columns
Presolve time: 0.55s
Presolved: 126639 rows, 373587 columns, 743930 nonzeros
Presolved model has 3166 quadratic objective terms
Ordering time: 0.16s

Barrier statistics:
 AA' NZ     : 3.709e+05
 Factor NZ  : 4.212e+06 (roughly 240 MB of memory)
 Factor Ops : 3.974e+08 (less than 1 second per iteration)
 Threads    : 8

                  Objective                Residual
Iter       Primal          Dual         Primal    Dual     Compl     Time
   0  -1.08208243e+09  8.62426925e+08  7.80e+04 1.13e-13  1.00e+06     1s
   1  -6.18909580e+08  5.71190885e+08  1.71e+04 1.38e+02  2.40e+05     1s
   2  -3.11035477e+08  3.11021848e+08  2.28e+02 1.12e+00  4.48e+03     1s
   3  -7.31788341e+07  7.38397134e+07  1.92e+00 1.72e-12  3.19e+02     1s
   4  -1.39340229e+07  1.46173255e+07  1.62e-01 4.13e-12  5.90e+01     1s
   5  -2.55218666e+06  2.82756860e+06  1.24e-02 1.25e-12  1.09e+01     1s
   6  -3.71998690e+05  4.27121187e+05  1.24e-08 9.75e-13  1.61e+00     2s
   7  -5.57162196e+04  7.01841716e+04  1.33e-13 7.23e-13  2.53e-01     2s
   8  -8.40110707e+03  1.00457537e+04  4.42e-14 2.30e-13  3.71e-02     2s
   9  -1.34525212e+03  1.65086353e+03  2.20e-14 4.26e-14  6.03e-03     2s
  10  -2.20262410e+02  2.07498357e+02  1.03e-14 2.84e-14  8.61e-04     2s
  11  -4.86936333e+01  3.20176255e+01  2.32e-15 1.42e-14  1.62e-04     2s
  12  -7.98264411e+00  5.85409780e+00  1.16e-15 1.42e-14  2.78e-05     2s
  13  -6.36795812e-01  1.19088138e+00  4.51e-16 1.42e-14  3.68e-06     2s
  14   4.61959331e-01  9.09163934e-01  3.65e-16 1.42e-14  9.00e-07     3s
  15   6.82236093e-01  8.60781637e-01  4.29e-16 2.84e-14  3.59e-07     3s
  16   7.63535810e-01  8.29227151e-01  6.40e-17 1.42e-14  1.32e-07     3s
  17   7.83742214e-01  8.21291492e-01  4.01e-17 2.13e-14  7.55e-08     3s
  18   8.01971285e-01  8.14586669e-01  6.90e-17 1.42e-14  2.54e-08     3s
  19   8.08129424e-01  8.12333227e-01  8.86e-17 1.60e-14  8.46e-09     3s
  20   8.10656206e-01  8.11432373e-01  1.59e-16 1.42e-14  1.56e-09     3s
  21   8.11146387e-01  8.11258757e-01  9.43e-17 1.42e-14  2.26e-10     3s
  22   8.11221331e-01  8.11232249e-01  9.23e-17 1.42e-14  2.20e-11     3s
  23   8.11229272e-01  8.11229441e-01  3.44e-16 2.13e-14  3.41e-13     3s
  24   8.11229367e-01  8.11229408e-01  3.02e-15 1.42e-14  8.13e-14     3s
  25   8.11229389e-01  8.11229400e-01  4.09e-15 1.42e-14  2.09e-14     3s
  26   8.11229395e-01  8.11229398e-01  2.19e-15 1.42e-14  5.23e-15     4s
  27   8.11229396e-01  8.11229397e-01  1.51e-15 1.42e-14  1.37e-15     4s
  28   8.11229397e-01  8.11229397e-01  8.85e-16 1.42e-14  7.91e-16     4s
  29   8.11229397e-01  8.11229397e-01  6.88e-16 1.42e-14  6.24e-16     4s
  30   8.11229397e-01  8.11229397e-01  6.31e-16 1.42e-14  3.00e-16     4s
  31   8.11229397e-01  8.11229397e-01  4.47e-16 1.42e-14  2.30e-16     4s
  32   8.11229397e-01  8.11229397e-01  4.26e-16 1.42e-14  1.18e-16     4s
  33   8.11229397e-01  8.11229397e-01  3.29e-16 1.42e-14  1.03e-16     4s
  34   8.11229397e-01  8.11229397e-01  1.80e-16 1.42e-14  6.00e-17     4s

Barrier solved model in 34 iterations and 4.28 seconds (3.98 work units)
Optimal objective 8.11229397e-01

objective value: 0.8112293969597313
Done! Time elapsed: 24.329726457595825 seconds.
g_0_1: 1.0393972933779874
g_1_1: 1.0239783492242445
g_1_2: 1.0706807116054065
g_2_1: 1.0431029443044435
g_2_2: 1.1318503212010582
g_2_3: 1.0431029443065103
g_2_4: 1.1318503210119117
Parameters from last iteration: [0.18085513 0.72395269 0.18629844 0.73747378 0.19694196 0.73747378
 0.19694196]

Parameters from current iteration:
                [0.18085513 0.72395269 0.18629844 0.73747378 0.19694196 0.73747378
 0.19694196]


                Percentage Error = 5.0500862711951956e-11
                
year done: 78
Time 79: 2
Optimization Iteration[1/20000]

Solving the optimization problem...
Set parameter TokenServer to value "licenses.rcc.uchicago.edu"
Read LP format model from file /scratch/local/jobs/50183995/tmpb6lt0x3d.pyomo.lp
Reading time = 1.33 seconds
x1: 258121 rows, 502401 columns, 1259970 nonzeros
Set parameter Threads to value 8
Set parameter BarConvTol to value 1e-12
Gurobi Optimizer version 11.0.0 build v11.0.0rc2 (linux64 - "CentOS Linux 8")

CPU model: Intel(R) Xeon(R) Gold 6248R CPU @ 3.00GHz, instruction set [SSE2|AVX|AVX2|AVX512]
Thread count: 48 physical cores, 48 logical processors, using up to 8 threads

Optimize a model with 258121 rows, 502401 columns and 1259970 nonzeros
Model fingerprint: 0x01a1c5a7
Model has 3166 quadratic objective terms
Coefficient statistics:
  Matrix range     [1e+00, 1e+03]
  Objective range  [6e-08, 7e+01]
  QObjective range [4e-01, 3e+03]
  Bounds range     [3e-04, 1e+00]
  RHS range        [7e-17, 6e+00]
Presolve removed 131482 rows and 128814 columns
Presolve time: 0.55s
Presolved: 126639 rows, 373587 columns, 743930 nonzeros
Presolved model has 3166 quadratic objective terms
Ordering time: 0.16s

Barrier statistics:
 AA' NZ     : 3.709e+05
 Factor NZ  : 4.212e+06 (roughly 240 MB of memory)
 Factor Ops : 3.974e+08 (less than 1 second per iteration)
 Threads    : 8

                  Objective                Residual
Iter       Primal          Dual         Primal    Dual     Compl     Time
   0  -1.08208243e+09  8.62426925e+08  7.80e+04 1.14e-13  1.00e+06     1s
   1  -6.18909580e+08  5.71190885e+08  1.71e+04 1.38e+02  2.40e+05     1s
   2  -3.11035477e+08  3.11021848e+08  2.28e+02 1.12e+00  4.48e+03     1s
   3  -7.31788341e+07  7.38397134e+07  1.92e+00 1.33e-12  3.19e+02     1s
   4  -1.39340229e+07  1.46173255e+07  1.62e-01 4.46e-12  5.90e+01     1s
   5  -2.55218667e+06  2.82756859e+06  1.24e-02 1.45e-12  1.09e+01     1s
   6  -3.71998700e+05  4.27121177e+05  1.24e-08 1.02e-12  1.61e+00     2s
   7  -5.57162296e+04  7.01841617e+04  1.51e-13 5.72e-13  2.53e-01     2s
   8  -8.40111704e+03  1.00457437e+04  3.87e-14 2.25e-13  3.71e-02     2s
   9  -1.34526209e+03  1.65085357e+03  1.70e-14 4.26e-14  6.03e-03     2s
  10  -2.20272374e+02  2.07488393e+02  9.50e-15 2.84e-14  8.61e-04     2s
  11  -4.87035972e+01  3.20076615e+01  1.83e-15 2.84e-14  1.62e-04     2s
  12  -7.99260807e+00  5.84413384e+00  1.20e-15 1.42e-14  2.78e-05     2s
  13  -6.46759772e-01  1.18091742e+00  2.91e-16 2.84e-14  3.68e-06     2s
  14   4.51995371e-01  8.99199974e-01  6.79e-16 1.42e-14  9.00e-07     3s
  15   6.72272133e-01  8.50817677e-01  2.56e-16 2.84e-14  3.59e-07     3s
  16   7.53571850e-01  8.19263192e-01  5.96e-17 1.42e-14  1.32e-07     3s
  17   7.73778255e-01  8.11327532e-01  5.89e-17 2.84e-14  7.55e-08     3s
  18   7.92007325e-01  8.04622709e-01  8.46e-17 2.13e-14  2.54e-08     3s
  19   7.98165464e-01  8.02369267e-01  1.21e-16 1.42e-14  8.46e-09     3s
  20   8.00692246e-01  8.01468414e-01  9.98e-17 1.42e-14  1.56e-09     3s
  21   8.01182428e-01  8.01294798e-01  6.00e-17 1.42e-14  2.26e-10     3s
  22   8.01257371e-01  8.01268289e-01  1.17e-16 1.42e-14  2.20e-11     3s
  23   8.01265312e-01  8.01265482e-01  3.55e-16 2.84e-14  3.41e-13     3s
  24   8.01265408e-01  8.01265448e-01  2.56e-15 1.42e-14  8.09e-14     3s
  25   8.01265430e-01  8.01265440e-01  4.69e-15 1.42e-14  2.09e-14     3s
  26   8.01265435e-01  8.01265438e-01  3.10e-15 1.42e-14  5.22e-15     4s
  27   8.01265437e-01  8.01265438e-01  1.68e-15 1.42e-14  1.37e-15     4s
  28   8.01265437e-01  8.01265437e-01  9.65e-16 1.42e-14  7.84e-16     4s
  29   8.01265437e-01  8.01265437e-01  7.82e-16 1.42e-14  6.30e-16     4s
  30   8.01265437e-01  8.01265437e-01  5.88e-16 1.42e-14  3.01e-16     4s
  31   8.01265437e-01  8.01265437e-01  3.91e-16 1.42e-14  2.37e-16     4s
  32   8.01265437e-01  8.01265437e-01  3.91e-16 1.42e-14  1.18e-16     4s
  33   8.01265437e-01  8.01265437e-01  3.02e-16 1.42e-14  1.02e-16     4s
  34   8.01265437e-01  8.01265437e-01  1.71e-16 1.42e-14  6.10e-17     4s

Barrier solved model in 34 iterations and 4.26 seconds (3.98 work units)
Optimal objective 8.01265437e-01

objective value: 0.8012654373213703
Done! Time elapsed: 25.98668622970581 seconds.
g_0_1: 1.039397293378669
g_1_1: 1.0239783492239083
g_1_2: 1.0706807116058226
g_2_1: 1.0431029443041948
g_2_2: 1.131850321204488
g_2_3: 1.0431029443062951
g_2_4: 1.131850321012161
Parameters from last iteration: [0.18085513 0.72395269 0.18629844 0.73747378 0.19694196 0.73747378
 0.19694196]

Parameters from current iteration:
                [0.18085513 0.72395269 0.18629844 0.73747378 0.19694196 0.73747378
 0.19694196]


                Percentage Error = 3.030195514296796e-12
                
year done: 79
Time 80: 2
Optimization Iteration[1/20000]

Solving the optimization problem...
Set parameter TokenServer to value "licenses.rcc.uchicago.edu"
Read LP format model from file /scratch/local/jobs/50183995/tmpk1n1wvbl.pyomo.lp
Reading time = 1.33 seconds
x1: 258121 rows, 502401 columns, 1259970 nonzeros
Set parameter Threads to value 8
Set parameter BarConvTol to value 1e-12
Gurobi Optimizer version 11.0.0 build v11.0.0rc2 (linux64 - "CentOS Linux 8")

CPU model: Intel(R) Xeon(R) Gold 6248R CPU @ 3.00GHz, instruction set [SSE2|AVX|AVX2|AVX512]
Thread count: 48 physical cores, 48 logical processors, using up to 8 threads

Optimize a model with 258121 rows, 502401 columns and 1259970 nonzeros
Model fingerprint: 0x26adb7fe
Model has 3166 quadratic objective terms
Coefficient statistics:
  Matrix range     [1e+00, 1e+03]
  Objective range  [6e-08, 7e+01]
  QObjective range [4e-01, 3e+03]
  Bounds range     [3e-04, 1e+00]
  RHS range        [7e-17, 6e+00]
Presolve removed 131482 rows and 128814 columns
Presolve time: 0.55s
Presolved: 126639 rows, 373587 columns, 743930 nonzeros
Presolved model has 3166 quadratic objective terms
Ordering time: 0.16s

Barrier statistics:
 AA' NZ     : 3.709e+05
 Factor NZ  : 4.212e+06 (roughly 240 MB of memory)
 Factor Ops : 3.974e+08 (less than 1 second per iteration)
 Threads    : 8

                  Objective                Residual
Iter       Primal          Dual         Primal    Dual     Compl     Time
   0  -1.08208243e+09  8.62426925e+08  7.80e+04 1.13e-13  1.00e+06     1s
   1  -6.18909580e+08  5.71190885e+08  1.71e+04 1.38e+02  2.40e+05     1s
   2  -3.11035477e+08  3.11021848e+08  2.28e+02 1.12e+00  4.48e+03     1s
   3  -7.31788341e+07  7.38397134e+07  1.92e+00 1.60e-12  3.19e+02     1s
   4  -1.39340229e+07  1.46173255e+07  1.62e-01 5.35e-12  5.90e+01     1s
   5  -2.55218668e+06  2.82756858e+06  1.24e-02 1.36e-12  1.09e+01     1s
   6  -3.71998709e+05  4.27121168e+05  1.24e-08 9.56e-13  1.61e+00     2s
   7  -5.57162391e+04  7.01841521e+04  1.42e-13 6.57e-13  2.53e-01     2s
   8  -8.40112655e+03  1.00457342e+04  4.65e-14 2.51e-13  3.71e-02     2s
   9  -1.34527160e+03  1.65084405e+03  1.46e-14 4.26e-14  6.03e-03     2s
  10  -2.20281890e+02  2.07478877e+02  1.04e-14 2.84e-14  8.61e-04     2s
  11  -4.87131128e+01  3.19981460e+01  2.48e-15 2.13e-14  1.62e-04     2s
  12  -8.00212358e+00  5.83461833e+00  1.01e-15 1.42e-14  2.78e-05     2s
  13  -6.56275280e-01  1.17140191e+00  3.05e-16 1.42e-14  3.68e-06     2s
  14   4.42479864e-01  8.89684466e-01  5.16e-16 2.13e-14  9.00e-07     3s
  15   6.62756626e-01  8.41302169e-01  1.34e-16 1.42e-14  3.59e-07     3s
  16   7.44056343e-01  8.09747684e-01  8.70e-17 1.42e-14  1.32e-07     3s
  17   7.64262747e-01  8.01812025e-01  1.06e-16 2.13e-14  7.55e-08     3s
  18   7.82491817e-01  7.95107202e-01  1.16e-16 1.42e-14  2.54e-08     3s
  19   7.88649956e-01  7.92853759e-01  5.96e-17 1.42e-14  8.46e-09     3s
  20   7.91176739e-01  7.91952906e-01  4.71e-17 2.13e-14  1.56e-09     3s
  21   7.91666920e-01  7.91779290e-01  1.23e-16 1.42e-14  2.26e-10     3s
  22   7.91741864e-01  7.91752782e-01  1.59e-16 1.42e-14  2.20e-11     3s
  23   7.91749804e-01  7.91749974e-01  3.40e-16 2.13e-14  3.41e-13     3s
  24   7.91749900e-01  7.91749940e-01  2.77e-15 1.42e-14  8.05e-14     3s
  25   7.91749922e-01  7.91749932e-01  5.06e-15 2.13e-14  2.08e-14     3s
  26   7.91749928e-01  7.91749930e-01  2.41e-15 1.42e-14  5.22e-15     4s
  27   7.91749929e-01  7.91749930e-01  1.77e-15 1.42e-14  1.37e-15     4s
  28   7.91749929e-01  7.91749930e-01  1.01e-15 1.42e-14  7.79e-16     4s
  29   7.91749930e-01  7.91749930e-01  8.47e-16 1.42e-14  6.35e-16     4s
  30   7.91749930e-01  7.91749930e-01  7.75e-16 1.42e-14  3.01e-16     4s
  31   7.91749930e-01  7.91749930e-01  5.38e-16 1.42e-14  2.41e-16     4s
  32   7.91749930e-01  7.91749930e-01  3.98e-16 1.42e-14  1.19e-16     4s
  33   7.91749930e-01  7.91749930e-01  3.06e-16 1.42e-14  1.03e-16     4s
  34   7.91749930e-01  7.91749930e-01  1.69e-16 1.42e-14  5.93e-17     4s

Barrier solved model in 34 iterations and 4.26 seconds (3.98 work units)
Optimal objective 7.91749930e-01

objective value: 0.7917499297403534
Done! Time elapsed: 24.307133436203003 seconds.
g_0_1: 1.0393972933774902
g_1_1: 1.0239783492244818
g_1_2: 1.0706807116051034
g_2_1: 1.043102944304618
g_2_2: 1.1318503211986313
g_2_3: 1.0431029443066573
g_2_4: 1.131850321011722
Parameters from last iteration: [0.18085513 0.72395269 0.18629844 0.73747378 0.19694196 0.73747378
 0.19694196]

Parameters from current iteration:
                [0.18085513 0.72395269 0.18629844 0.73747378 0.19694196 0.73747378
 0.19694196]


                Percentage Error = 5.174346695831344e-12
                
year done: 80
Time 81: 2
Optimization Iteration[1/20000]

Solving the optimization problem...
Set parameter TokenServer to value "licenses.rcc.uchicago.edu"
Read LP format model from file /scratch/local/jobs/50183995/tmpbjgxblgw.pyomo.lp
Reading time = 1.33 seconds
x1: 258121 rows, 502401 columns, 1259970 nonzeros
Set parameter Threads to value 8
Set parameter BarConvTol to value 1e-12
Gurobi Optimizer version 11.0.0 build v11.0.0rc2 (linux64 - "CentOS Linux 8")

CPU model: Intel(R) Xeon(R) Gold 6248R CPU @ 3.00GHz, instruction set [SSE2|AVX|AVX2|AVX512]
Thread count: 48 physical cores, 48 logical processors, using up to 8 threads

Optimize a model with 258121 rows, 502401 columns and 1259970 nonzeros
Model fingerprint: 0xf7d57d24
Model has 3166 quadratic objective terms
Coefficient statistics:
  Matrix range     [1e+00, 1e+03]
  Objective range  [6e-08, 7e+01]
  QObjective range [4e-01, 3e+03]
  Bounds range     [3e-04, 1e+00]
  RHS range        [7e-17, 6e+00]
Presolve removed 131482 rows and 128814 columns
Presolve time: 0.54s
Presolved: 126639 rows, 373587 columns, 743930 nonzeros
Presolved model has 3166 quadratic objective terms
Ordering time: 0.16s

Barrier statistics:
 AA' NZ     : 3.709e+05
 Factor NZ  : 4.212e+06 (roughly 240 MB of memory)
 Factor Ops : 3.974e+08 (less than 1 second per iteration)
 Threads    : 8

                  Objective                Residual
Iter       Primal          Dual         Primal    Dual     Compl     Time
   0  -1.08208243e+09  8.62426925e+08  7.80e+04 1.13e-13  1.00e+06     1s
   1  -6.18909580e+08  5.71190885e+08  1.71e+04 1.38e+02  2.40e+05     1s
   2  -3.11035477e+08  3.11021848e+08  2.28e+02 1.12e+00  4.48e+03     1s
   3  -7.31788341e+07  7.38397134e+07  1.92e+00 1.59e-12  3.19e+02     1s
   4  -1.39340229e+07  1.46173255e+07  1.62e-01 6.04e-12  5.90e+01     1s
   5  -2.55218668e+06  2.82756857e+06  1.24e-02 1.24e-12  1.09e+01     1s
   6  -3.71998718e+05  4.27121159e+05  1.24e-08 8.69e-13  1.61e+00     2s
   7  -5.57162482e+04  7.01841430e+04  1.43e-13 6.69e-13  2.53e-01     2s
   8  -8.40113564e+03  1.00457251e+04  6.80e-14 2.05e-13  3.71e-02     2s
   9  -1.34528069e+03  1.65083497e+03  1.77e-14 5.68e-14  6.03e-03     2s
  10  -2.20290977e+02  2.07469790e+02  8.46e-15 4.26e-14  8.61e-04     2s
  11  -4.87222000e+01  3.19890588e+01  2.40e-15 2.84e-14  1.62e-04     2s
  12  -8.01121082e+00  5.82553109e+00  1.14e-15 1.42e-14  2.78e-05     2s
  13  -6.65362519e-01  1.16231467e+00  3.32e-16 1.47e-14  3.68e-06     2s
  14   4.33392624e-01  8.80597227e-01  6.96e-16 1.42e-14  9.00e-07     3s
  15   6.53669387e-01  8.32214930e-01  1.82e-16 1.42e-14  3.59e-07     3s
  16   7.34969103e-01  8.00660445e-01  7.45e-17 1.42e-14  1.32e-07     3s
  17   7.55175508e-01  7.92724785e-01  4.02e-17 1.42e-14  7.55e-08     3s
  18   7.73404578e-01  7.86019963e-01  6.92e-17 1.42e-14  2.54e-08     3s
  19   7.79562717e-01  7.83766520e-01  9.80e-17 1.42e-14  8.46e-09     3s
  20   7.82089499e-01  7.82865667e-01  1.12e-16 1.42e-14  1.56e-09     3s
  21   7.82579681e-01  7.82692051e-01  1.02e-16 1.42e-14  2.26e-10     3s
  22   7.82654625e-01  7.82665543e-01  1.03e-16 2.84e-14  2.20e-11     3s
  23   7.82662565e-01  7.82662735e-01  3.55e-16 1.42e-14  3.41e-13     3s
  24   7.82662661e-01  7.82662701e-01  2.69e-15 1.42e-14  8.01e-14     3s
  25   7.82662683e-01  7.82662693e-01  3.67e-15 1.42e-14  2.07e-14     3s
  26   7.82662689e-01  7.82662691e-01  2.65e-15 1.42e-14  5.20e-15     4s
  27   7.82662690e-01  7.82662691e-01  1.85e-15 1.42e-14  1.36e-15     4s
  28   7.82662690e-01  7.82662691e-01  1.11e-15 1.42e-14  7.01e-16     4s
  29   7.82662690e-01  7.82662691e-01  1.01e-15 1.42e-14  6.46e-16     4s
  30   7.82662690e-01  7.82662691e-01  8.78e-16 1.42e-14  3.72e-16     4s
  31   7.82662690e-01  7.82662691e-01  4.73e-16 1.42e-14  1.98e-16     4s
  32   7.82662691e-01  7.82662691e-01  4.24e-16 1.42e-14  1.81e-16     4s
  33   7.82662691e-01  7.82662691e-01  3.00e-16 1.42e-14  1.12e-16     4s
  34   7.82662691e-01  7.82662691e-01  2.15e-16 1.42e-14  5.36e-17     4s

Barrier solved model in 34 iterations and 4.24 seconds (3.98 work units)
Optimal objective 7.82662691e-01

objective value: 0.7826626905499354
Done! Time elapsed: 24.367694854736328 seconds.
g_0_1: 1.039397293373585
g_1_1: 1.0239783492263728
g_1_2: 1.070680711602698
g_2_1: 1.0431029443060345
g_2_2: 1.1318503211795563
g_2_3: 1.0431029443078788
g_2_4: 1.131850321010273
Parameters from last iteration: [0.18085513 0.72395269 0.18629844 0.73747378 0.19694196 0.73747378
 0.19694196]

Parameters from current iteration:
                [0.18085513 0.72395269 0.18629844 0.73747378 0.19694196 0.73747378
 0.19694196]


                Percentage Error = 1.6852881716938844e-11
                
year done: 81
Time 82: 2
Optimization Iteration[1/20000]

Solving the optimization problem...
Set parameter TokenServer to value "licenses.rcc.uchicago.edu"
Read LP format model from file /scratch/local/jobs/50183995/tmp90orjqcp.pyomo.lp
Reading time = 1.35 seconds
x1: 258121 rows, 502401 columns, 1259970 nonzeros
Set parameter Threads to value 8
Set parameter BarConvTol to value 1e-12
Gurobi Optimizer version 11.0.0 build v11.0.0rc2 (linux64 - "CentOS Linux 8")

CPU model: Intel(R) Xeon(R) Gold 6248R CPU @ 3.00GHz, instruction set [SSE2|AVX|AVX2|AVX512]
Thread count: 48 physical cores, 48 logical processors, using up to 8 threads

Optimize a model with 258121 rows, 502401 columns and 1259970 nonzeros
Model fingerprint: 0x7e02cfbc
Model has 3166 quadratic objective terms
Coefficient statistics:
  Matrix range     [1e+00, 1e+03]
  Objective range  [6e-08, 7e+01]
  QObjective range [4e-01, 3e+03]
  Bounds range     [3e-04, 1e+00]
  RHS range        [7e-17, 6e+00]
Presolve removed 131482 rows and 128814 columns
Presolve time: 0.55s
Presolved: 126639 rows, 373587 columns, 743930 nonzeros
Presolved model has 3166 quadratic objective terms
Ordering time: 0.16s

Barrier statistics:
 AA' NZ     : 3.709e+05
 Factor NZ  : 4.212e+06 (roughly 240 MB of memory)
 Factor Ops : 3.974e+08 (less than 1 second per iteration)
 Threads    : 8

                  Objective                Residual
Iter       Primal          Dual         Primal    Dual     Compl     Time
   0  -1.08208243e+09  8.62426925e+08  7.80e+04 1.14e-13  1.00e+06     1s
   1  -6.18909580e+08  5.71190885e+08  1.71e+04 1.38e+02  2.40e+05     1s
   2  -3.11035477e+08  3.11021848e+08  2.28e+02 1.12e+00  4.48e+03     1s
   3  -7.31788341e+07  7.38397134e+07  1.92e+00 1.60e-12  3.19e+02     1s
   4  -1.39340229e+07  1.46173255e+07  1.62e-01 4.09e-12  5.90e+01     1s
   5  -2.55218669e+06  2.82756856e+06  1.24e-02 1.31e-12  1.09e+01     1s
   6  -3.71998727e+05  4.27121150e+05  1.24e-08 1.01e-12  1.61e+00     2s
   7  -5.57162569e+04  7.01841344e+04  1.07e-13 6.79e-13  2.53e-01     2s
   8  -8.40114432e+03  1.00457164e+04  6.35e-14 2.32e-13  3.71e-02     2s
   9  -1.34528937e+03  1.65082629e+03  1.69e-14 4.26e-14  6.03e-03     2s
  10  -2.20299655e+02  2.07461112e+02  8.48e-15 2.84e-14  8.61e-04     2s
  11  -4.87308782e+01  3.19803805e+01  2.36e-15 2.84e-14  1.62e-04     2s
  12  -8.01988906e+00  5.81685284e+00  1.14e-15 1.82e-14  2.78e-05     2s
  13  -6.74040765e-01  1.15363643e+00  3.40e-16 1.42e-14  3.68e-06     2s
  14   4.24714378e-01  8.71918981e-01  3.68e-16 1.42e-14  9.00e-07     3s
  15   6.44991141e-01  8.23536684e-01  1.56e-16 1.42e-14  3.59e-07     3s
  16   7.26290857e-01  7.91982199e-01  7.71e-17 1.42e-14  1.32e-07     3s
  17   7.46497262e-01  7.84046539e-01  5.40e-17 2.84e-14  7.55e-08     3s
  18   7.64726332e-01  7.77341716e-01  1.00e-16 1.42e-14  2.54e-08     3s
  19   7.70884471e-01  7.75088274e-01  1.41e-16 1.42e-14  8.46e-09     3s
  20   7.73411253e-01  7.74187421e-01  8.26e-17 2.13e-14  1.56e-09     3s
  21   7.73901435e-01  7.74013805e-01  7.41e-17 1.60e-14  2.26e-10     3s
  22   7.73976379e-01  7.73987296e-01  1.78e-16 1.42e-14  2.20e-11     3s
  23   7.73984319e-01  7.73984489e-01  4.04e-16 1.42e-14  3.41e-13     3s
  24   7.73984415e-01  7.73984455e-01  3.03e-15 1.42e-14  7.98e-14     3s
  25   7.73984437e-01  7.73984447e-01  4.84e-15 1.42e-14  2.07e-14     4s
  26   7.73984443e-01  7.73984445e-01  3.35e-15 1.42e-14  5.20e-15     4s
  27   7.73984444e-01  7.73984445e-01  1.62e-15 1.42e-14  1.36e-15     4s
  28   7.73984444e-01  7.73984445e-01  1.11e-15 1.42e-14  6.92e-16     4s
  29   7.73984444e-01  7.73984445e-01  9.54e-16 1.42e-14  6.39e-16     4s
  30   7.73984444e-01  7.73984445e-01  8.24e-16 1.42e-14  3.68e-16     4s
  31   7.73984444e-01  7.73984445e-01  4.73e-16 1.42e-14  1.96e-16     4s
  32   7.73984444e-01  7.73984445e-01  3.97e-16 1.42e-14  1.79e-16     4s
  33   7.73984444e-01  7.73984445e-01  3.10e-16 2.84e-14  1.10e-16     4s
  34   7.73984444e-01  7.73984445e-01  2.23e-16 1.42e-14  5.26e-17     4s

Barrier solved model in 34 iterations and 4.30 seconds (3.98 work units)
Optimal objective 7.73984444e-01

objective value: 0.7739844444942874
Done! Time elapsed: 24.42054533958435 seconds.
g_0_1: 1.0393972933728794
g_1_1: 1.023978349226711
g_1_2: 1.0706807116022685
g_2_1: 1.0431029443062874
g_2_2: 1.1318503211760482
g_2_3: 1.04310294430809
g_2_4: 1.1318503210100068
Parameters from last iteration: [0.18085513 0.72395269 0.18629844 0.73747378 0.19694196 0.73747378
 0.19694196]

Parameters from current iteration:
                [0.18085513 0.72395269 0.18629844 0.73747378 0.19694196 0.73747378
 0.19694196]


                Percentage Error = 3.099393505031445e-12
                
year done: 82
Time 83: 2
Optimization Iteration[1/20000]

Solving the optimization problem...
Set parameter TokenServer to value "licenses.rcc.uchicago.edu"
Read LP format model from file /scratch/local/jobs/50183995/tmpinqb_kkj.pyomo.lp
Reading time = 1.33 seconds
x1: 258121 rows, 502401 columns, 1259970 nonzeros
Set parameter Threads to value 8
Set parameter BarConvTol to value 1e-12
Gurobi Optimizer version 11.0.0 build v11.0.0rc2 (linux64 - "CentOS Linux 8")

CPU model: Intel(R) Xeon(R) Gold 6248R CPU @ 3.00GHz, instruction set [SSE2|AVX|AVX2|AVX512]
Thread count: 48 physical cores, 48 logical processors, using up to 8 threads

Optimize a model with 258121 rows, 502401 columns and 1259970 nonzeros
Model fingerprint: 0xc5e97179
Model has 3166 quadratic objective terms
Coefficient statistics:
  Matrix range     [1e+00, 1e+03]
  Objective range  [6e-08, 7e+01]
  QObjective range [4e-01, 3e+03]
  Bounds range     [3e-04, 1e+00]
  RHS range        [7e-17, 6e+00]
Presolve removed 131482 rows and 128814 columns
Presolve time: 0.56s
Presolved: 126639 rows, 373587 columns, 743930 nonzeros
Presolved model has 3166 quadratic objective terms
Ordering time: 0.16s

Barrier statistics:
 AA' NZ     : 3.709e+05
 Factor NZ  : 4.212e+06 (roughly 240 MB of memory)
 Factor Ops : 3.974e+08 (less than 1 second per iteration)
 Threads    : 8

                  Objective                Residual
Iter       Primal          Dual         Primal    Dual     Compl     Time
   0  -1.08208243e+09  8.62426925e+08  7.80e+04 1.13e-13  1.00e+06     1s
   1  -6.18909580e+08  5.71190885e+08  1.71e+04 1.38e+02  2.40e+05     1s
   2  -3.11035477e+08  3.11021848e+08  2.28e+02 1.12e+00  4.48e+03     1s
   3  -7.31788341e+07  7.38397134e+07  1.92e+00 1.86e-12  3.19e+02     1s
   4  -1.39340230e+07  1.46173255e+07  1.62e-01 4.19e-12  5.90e+01     1s
   5  -2.55218670e+06  2.82756856e+06  1.24e-02 1.20e-12  1.09e+01     1s
   6  -3.71998735e+05  4.27121142e+05  1.24e-08 1.56e-12  1.61e+00     2s
   7  -5.57162652e+04  7.01841261e+04  1.40e-13 6.23e-13  2.53e-01     2s
   8  -8.40115261e+03  1.00457081e+04  4.50e-14 2.19e-13  3.71e-02     2s
   9  -1.34529766e+03  1.65081800e+03  1.89e-14 2.84e-14  6.03e-03     2s
  10  -2.20307943e+02  2.07452824e+02  8.57e-15 4.26e-14  8.61e-04     2s
  11  -4.87391659e+01  3.19720929e+01  2.72e-15 2.13e-14  1.62e-04     2s
  12  -8.02817672e+00  5.80856518e+00  9.89e-16 1.42e-14  2.78e-05     2s
  13  -6.82328426e-01  1.14534876e+00  3.43e-16 1.42e-14  3.68e-06     2s
  14   4.16426718e-01  8.63631320e-01  5.22e-16 1.42e-14  9.00e-07     3s
  15   6.36703480e-01  8.15249023e-01  2.97e-16 1.42e-14  3.59e-07     3s
  16   7.18003197e-01  7.83694538e-01  9.51e-17 1.42e-14  1.32e-07     3s
  17   7.38209601e-01  7.75758879e-01  8.12e-17 1.42e-14  7.55e-08     3s
  18   7.56438671e-01  7.69054056e-01  3.59e-17 1.42e-14  2.54e-08     3s
  19   7.62596810e-01  7.66800613e-01  7.00e-17 1.42e-14  8.46e-09     3s
  20   7.65123593e-01  7.65899760e-01  1.00e-16 1.42e-14  1.56e-09     3s
  21   7.65613774e-01  7.65726144e-01  7.93e-17 1.42e-14  2.26e-10     3s
  22   7.65688718e-01  7.65699636e-01  1.49e-16 2.84e-14  2.20e-11     3s
  23   7.65696659e-01  7.65696828e-01  4.26e-16 1.42e-14  3.41e-13     3s
  24   7.65696755e-01  7.65696794e-01  2.55e-15 1.42e-14  7.95e-14     3s
  25   7.65696776e-01  7.65696787e-01  5.18e-15 1.42e-14  2.06e-14     4s
  26   7.65696782e-01  7.65696785e-01  2.61e-15 1.42e-14  5.19e-15     4s
  27   7.65696783e-01  7.65696784e-01  1.64e-15 1.42e-14  1.36e-15     4s
  28   7.65696784e-01  7.65696784e-01  9.54e-16 1.42e-14  6.83e-16     4s
  29   7.65696784e-01  7.65696784e-01  8.42e-16 1.42e-14  6.32e-16     4s
  30   7.65696784e-01  7.65696784e-01  1.03e-15 1.42e-14  3.65e-16     4s
  31   7.65696784e-01  7.65696784e-01  5.22e-16 1.42e-14  1.94e-16     4s
  32   7.65696784e-01  7.65696784e-01  4.39e-16 1.42e-14  1.78e-16     4s
  33   7.65696784e-01  7.65696784e-01  2.43e-16 1.42e-14  1.11e-16     4s
  34   7.65696784e-01  7.65696784e-01  2.01e-16 1.42e-14  5.32e-17     4s

Barrier solved model in 34 iterations and 4.29 seconds (3.98 work units)
Optimal objective 7.65696784e-01

objective value: 0.7656967838510338
Done! Time elapsed: 25.80899214744568 seconds.
g_0_1: 1.039397293373301
g_1_1: 1.0239783492265078
g_1_2: 1.0706807116025245
g_2_1: 1.0431029443061328
g_2_2: 1.1318503211781494
g_2_3: 1.043102944307959
g_2_4: 1.1318503210101662
Parameters from last iteration: [0.18085513 0.72395269 0.18629844 0.73747378 0.19694196 0.73747378
 0.19694196]

Parameters from current iteration:
                [0.18085513 0.72395269 0.18629844 0.73747378 0.19694196 0.73747378
 0.19694196]


                Percentage Error = 1.8563664627319354e-12
                
year done: 83
Time 84: 2
Optimization Iteration[1/20000]

Solving the optimization problem...
Set parameter TokenServer to value "licenses.rcc.uchicago.edu"
Read LP format model from file /scratch/local/jobs/50183995/tmp6jw5fggz.pyomo.lp
Reading time = 1.44 seconds
x1: 258121 rows, 502401 columns, 1259970 nonzeros
Set parameter Threads to value 8
Set parameter BarConvTol to value 1e-12
Gurobi Optimizer version 11.0.0 build v11.0.0rc2 (linux64 - "CentOS Linux 8")

CPU model: Intel(R) Xeon(R) Gold 6248R CPU @ 3.00GHz, instruction set [SSE2|AVX|AVX2|AVX512]
Thread count: 48 physical cores, 48 logical processors, using up to 8 threads

Optimize a model with 258121 rows, 502401 columns and 1259970 nonzeros
Model fingerprint: 0x4508f493
Model has 3166 quadratic objective terms
Coefficient statistics:
  Matrix range     [1e+00, 1e+03]
  Objective range  [6e-08, 7e+01]
  QObjective range [4e-01, 3e+03]
  Bounds range     [3e-04, 1e+00]
  RHS range        [7e-17, 6e+00]
Presolve removed 131482 rows and 128814 columns
Presolve time: 0.55s
Presolved: 126639 rows, 373587 columns, 743930 nonzeros
Presolved model has 3166 quadratic objective terms
Ordering time: 0.16s

Barrier statistics:
 AA' NZ     : 3.709e+05
 Factor NZ  : 4.212e+06 (roughly 240 MB of memory)
 Factor Ops : 3.974e+08 (less than 1 second per iteration)
 Threads    : 8

                  Objective                Residual
Iter       Primal          Dual         Primal    Dual     Compl     Time
   0  -1.08208243e+09  8.62426925e+08  7.80e+04 1.13e-13  1.00e+06     1s
   1  -6.18909580e+08  5.71190885e+08  1.71e+04 1.38e+02  2.40e+05     1s
   2  -3.11035477e+08  3.11021848e+08  2.28e+02 1.12e+00  4.48e+03     1s
   3  -7.31788341e+07  7.38397134e+07  1.92e+00 2.10e-12  3.19e+02     1s
   4  -1.39340230e+07  1.46173255e+07  1.62e-01 4.69e-12  5.90e+01     1s
   5  -2.55218671e+06  2.82756855e+06  1.24e-02 1.45e-12  1.09e+01     1s
   6  -3.71998743e+05  4.27121134e+05  1.24e-08 1.78e-12  1.61e+00     2s
   7  -5.57162731e+04  7.01841182e+04  1.57e-13 5.95e-13  2.53e-01     2s
   8  -8.40116052e+03  1.00457002e+04  5.32e-14 1.96e-13  3.71e-02     2s
   9  -1.34530557e+03  1.65081009e+03  1.76e-14 4.26e-14  6.03e-03     2s
  10  -2.20315857e+02  2.07444910e+02  8.54e-15 2.84e-14  8.61e-04     2s
  11  -4.87470806e+01  3.19641782e+01  2.32e-15 2.84e-14  1.62e-04     2s
  12  -8.03609138e+00  5.80065053e+00  1.01e-15 1.42e-14  2.78e-05     2s
  13  -6.90243080e-01  1.13743411e+00  3.69e-16 2.13e-14  3.68e-06     2s
  14   4.08512063e-01  8.55716666e-01  3.77e-16 1.42e-14  9.00e-07     3s
  15   6.28788825e-01  8.07334369e-01  1.61e-16 2.84e-14  3.59e-07     3s
  16   7.10088542e-01  7.75779884e-01  1.24e-16 1.42e-14  1.32e-07     3s
  17   7.30294947e-01  7.67844224e-01  5.98e-17 1.42e-14  7.55e-08     3s
  18   7.48524017e-01  7.61139401e-01  6.04e-17 1.42e-14  2.54e-08     3s
  19   7.54682156e-01  7.58885959e-01  1.39e-16 1.42e-14  8.46e-09     3s
  20   7.57208938e-01  7.57985106e-01  1.09e-16 1.42e-14  1.56e-09     3s
  21   7.57699120e-01  7.57811490e-01  9.44e-17 1.42e-14  2.26e-10     3s
  22   7.57774063e-01  7.57784981e-01  1.09e-16 1.82e-14  2.20e-11     3s
  23   7.57782004e-01  7.57782174e-01  3.26e-16 1.42e-14  3.41e-13     3s
  24   7.57782100e-01  7.57782140e-01  2.80e-15 1.42e-14  7.91e-14     3s
  25   7.57782122e-01  7.57782132e-01  5.82e-15 1.42e-14  2.05e-14     3s
  26   7.57782128e-01  7.57782130e-01  3.05e-15 2.84e-14  5.18e-15     4s
  27   7.57782129e-01  7.57782130e-01  1.75e-15 1.42e-14  1.36e-15     4s
  28   7.57782129e-01  7.57782129e-01  1.30e-15 1.55e-14  6.75e-16     4s
  29   7.57782129e-01  7.57782129e-01  1.16e-15 1.60e-14  6.24e-16     4s
  30   7.57782129e-01  7.57782129e-01  9.41e-16 1.42e-14  3.61e-16     4s
  31   7.57782129e-01  7.57782129e-01  5.43e-16 1.42e-14  1.92e-16     4s
  32   7.57782129e-01  7.57782129e-01  4.66e-16 1.42e-14  1.77e-16     4s
  33   7.57782129e-01  7.57782129e-01  3.27e-16 1.42e-14  1.12e-16     4s
  34   7.57782129e-01  7.57782129e-01  2.05e-16 1.42e-14  5.36e-17     4s

Barrier solved model in 34 iterations and 4.25 seconds (3.98 work units)
Optimal objective 7.57782129e-01

objective value: 0.757782129381483
Done! Time elapsed: 24.414698839187622 seconds.
g_0_1: 1.039397293373584
g_1_1: 1.023978349226371
g_1_2: 1.0706807116026922
g_2_1: 1.0431029443060285
g_2_2: 1.1318503211795703
g_2_3: 1.0431029443078734
g_2_4: 1.1318503210102742
Parameters from last iteration: [0.18085513 0.72395269 0.18629844 0.73747378 0.19694196 0.73747378
 0.19694196]

Parameters from current iteration:
                [0.18085513 0.72395269 0.18629844 0.73747378 0.19694196 0.73747378
 0.19694196]


                Percentage Error = 1.2552881934043924e-12
                
year done: 84
Time 85: 2
Optimization Iteration[1/20000]

Solving the optimization problem...
Set parameter TokenServer to value "licenses.rcc.uchicago.edu"
Read LP format model from file /scratch/local/jobs/50183995/tmpxwl_ydmo.pyomo.lp
Reading time = 1.37 seconds
x1: 258121 rows, 502401 columns, 1259970 nonzeros
Set parameter Threads to value 8
Set parameter BarConvTol to value 1e-12
Gurobi Optimizer version 11.0.0 build v11.0.0rc2 (linux64 - "CentOS Linux 8")

CPU model: Intel(R) Xeon(R) Gold 6248R CPU @ 3.00GHz, instruction set [SSE2|AVX|AVX2|AVX512]
Thread count: 48 physical cores, 48 logical processors, using up to 8 threads

Optimize a model with 258121 rows, 502401 columns and 1259970 nonzeros
Model fingerprint: 0xd7826e58
Model has 3166 quadratic objective terms
Coefficient statistics:
  Matrix range     [1e+00, 1e+03]
  Objective range  [6e-08, 7e+01]
  QObjective range [4e-01, 3e+03]
  Bounds range     [3e-04, 1e+00]
  RHS range        [7e-17, 6e+00]
Presolve removed 131482 rows and 128814 columns
Presolve time: 0.55s
Presolved: 126639 rows, 373587 columns, 743930 nonzeros
Presolved model has 3166 quadratic objective terms
Ordering time: 0.16s

Barrier statistics:
 AA' NZ     : 3.709e+05
 Factor NZ  : 4.212e+06 (roughly 240 MB of memory)
 Factor Ops : 3.974e+08 (less than 1 second per iteration)
 Threads    : 8

                  Objective                Residual
Iter       Primal          Dual         Primal    Dual     Compl     Time
   0  -1.08208243e+09  8.62426925e+08  7.80e+04 1.13e-13  1.00e+06     1s
   1  -6.18909580e+08  5.71190885e+08  1.71e+04 1.38e+02  2.40e+05     1s
   2  -3.11035477e+08  3.11021848e+08  2.28e+02 1.12e+00  4.48e+03     1s
   3  -7.31788341e+07  7.38397134e+07  1.92e+00 1.45e-12  3.19e+02     1s
   4  -1.39340230e+07  1.46173255e+07  1.62e-01 5.09e-12  5.90e+01     1s
   5  -2.55218672e+06  2.82756854e+06  1.24e-02 1.25e-12  1.09e+01     1s
   6  -3.71998751e+05  4.27121126e+05  1.24e-08 8.65e-13  1.61e+00     2s
   7  -5.57162807e+04  7.01841106e+04  1.49e-13 7.39e-13  2.53e-01     2s
   8  -8.40116808e+03  1.00456927e+04  6.63e-14 2.51e-13  3.71e-02     2s
   9  -1.34531313e+03  1.65080253e+03  1.77e-14 5.68e-14  6.03e-03     2s
  10  -2.20323416e+02  2.07437351e+02  7.76e-15 2.84e-14  8.61e-04     2s
  11  -4.87546390e+01  3.19566198e+01  2.67e-15 2.84e-14  1.62e-04     2s
  12  -8.04364981e+00  5.79309209e+00  9.28e-16 1.42e-14  2.78e-05     2s
  13  -6.97801517e-01  1.12987567e+00  3.64e-16 1.42e-14  3.68e-06     2s
  14   4.00953627e-01  8.48158230e-01  3.43e-16 1.42e-14  9.00e-07     3s
  15   6.21230389e-01  7.99775933e-01  1.60e-16 1.42e-14  3.59e-07     3s
  16   7.02530106e-01  7.68221447e-01  8.49e-17 2.84e-14  1.32e-07     3s
  17   7.22736511e-01  7.60285788e-01  4.69e-17 1.42e-14  7.55e-08     3s
  18   7.40965581e-01  7.53580965e-01  1.28e-16 1.42e-14  2.54e-08     3s
  19   7.47123720e-01  7.51327523e-01  2.04e-16 1.42e-14  8.46e-09     3s
  20   7.49650502e-01  7.50426669e-01  6.46e-17 1.42e-14  1.56e-09     3s
  21   7.50140683e-01  7.50253053e-01  1.34e-16 1.42e-14  2.26e-10     3s
  22   7.50215627e-01  7.50226545e-01  1.12e-16 2.84e-14  2.20e-11     3s
  23   7.50223568e-01  7.50223737e-01  4.21e-16 1.42e-14  3.41e-13     3s
  24   7.50223664e-01  7.50223703e-01  2.73e-15 1.42e-14  7.88e-14     3s
  25   7.50223686e-01  7.50223696e-01  5.16e-15 1.42e-14  2.05e-14     3s
  26   7.50223691e-01  7.50223694e-01  2.34e-15 1.11e-14  5.17e-15     4s
  27   7.50223693e-01  7.50223693e-01  1.74e-15 1.51e-14  1.35e-15     4s
  28   7.50223693e-01  7.50223693e-01  1.06e-15 1.42e-14  6.66e-16     4s
  29   7.50223693e-01  7.50223693e-01  9.55e-16 1.42e-14  6.18e-16     4s
  30   7.50223693e-01  7.50223693e-01  7.58e-16 1.42e-14  3.57e-16     4s
  31   7.50223693e-01  7.50223693e-01  4.76e-16 1.42e-14  1.90e-16     4s
  32   7.50223693e-01  7.50223693e-01  4.25e-16 1.42e-14  1.76e-16     4s
  33   7.50223693e-01  7.50223693e-01  2.87e-16 7.11e-15  1.13e-16     4s
  34   7.50223693e-01  7.50223693e-01  1.93e-16 1.42e-14  5.39e-17     4s

Barrier solved model in 34 iterations and 4.29 seconds (3.98 work units)
Optimal objective 7.50223693e-01

objective value: 0.7502236930423419
Done! Time elapsed: 24.362215042114258 seconds.
g_0_1: 1.039397293373786
g_1_1: 1.0239783492262697
g_1_2: 1.0706807116028152
g_2_1: 1.043102944305955
g_2_2: 1.131850321180562
g_2_3: 1.0431029443078106
g_2_4: 1.1318503210103477
Parameters from last iteration: [0.18085513 0.72395269 0.18629844 0.73747378 0.19694196 0.73747378
 0.19694196]

Parameters from current iteration:
                [0.18085513 0.72395269 0.18629844 0.73747378 0.19694196 0.73747378
 0.19694196]


                Percentage Error = 8.761790387768397e-13
                
year done: 85
Time 86: 2
Optimization Iteration[1/20000]

Solving the optimization problem...
Set parameter TokenServer to value "licenses.rcc.uchicago.edu"
Read LP format model from file /scratch/local/jobs/50183995/tmp7xkelnhg.pyomo.lp
Reading time = 1.33 seconds
x1: 258121 rows, 502401 columns, 1259970 nonzeros
Set parameter Threads to value 8
Set parameter BarConvTol to value 1e-12
Gurobi Optimizer version 11.0.0 build v11.0.0rc2 (linux64 - "CentOS Linux 8")

CPU model: Intel(R) Xeon(R) Gold 6248R CPU @ 3.00GHz, instruction set [SSE2|AVX|AVX2|AVX512]
Thread count: 48 physical cores, 48 logical processors, using up to 8 threads

Optimize a model with 258121 rows, 502401 columns and 1259970 nonzeros
Model fingerprint: 0x44893c29
Model has 3166 quadratic objective terms
Coefficient statistics:
  Matrix range     [1e+00, 1e+03]
  Objective range  [6e-08, 7e+01]
  QObjective range [4e-01, 3e+03]
  Bounds range     [3e-04, 1e+00]
  RHS range        [7e-17, 6e+00]
Presolve removed 131482 rows and 128814 columns
Presolve time: 0.55s
Presolved: 126639 rows, 373587 columns, 743930 nonzeros
Presolved model has 3166 quadratic objective terms
Ordering time: 0.16s

Barrier statistics:
 AA' NZ     : 3.709e+05
 Factor NZ  : 4.212e+06 (roughly 240 MB of memory)
 Factor Ops : 3.974e+08 (less than 1 second per iteration)
 Threads    : 8

                  Objective                Residual
Iter       Primal          Dual         Primal    Dual     Compl     Time
   0  -1.08208243e+09  8.62426925e+08  7.80e+04 1.13e-13  1.00e+06     1s
   1  -6.18909580e+08  5.71190885e+08  1.71e+04 1.38e+02  2.40e+05     1s
   2  -3.11035477e+08  3.11021848e+08  2.28e+02 1.12e+00  4.48e+03     1s
   3  -7.31788342e+07  7.38397133e+07  1.92e+00 1.68e-12  3.19e+02     1s
   4  -1.39340230e+07  1.46173255e+07  1.62e-01 3.31e-12  5.90e+01     1s
   5  -2.55218672e+06  2.82756853e+06  1.24e-02 1.35e-12  1.09e+01     1s
   6  -3.71998758e+05  4.27121119e+05  1.24e-08 1.76e-12  1.61e+00     2s
   7  -5.57162879e+04  7.01841034e+04  1.49e-13 6.49e-13  2.53e-01     2s
   8  -8.40117530e+03  1.00456854e+04  6.33e-14 2.44e-13  3.71e-02     2s
   9  -1.34532035e+03  1.65079531e+03  1.69e-14 3.40e-14  6.03e-03     2s
  10  -2.20330634e+02  2.07430133e+02  6.04e-15 2.84e-14  8.61e-04     2s
  11  -4.87618572e+01  3.19494015e+01  1.94e-15 2.13e-14  1.62e-04     2s
  12  -8.05086806e+00  5.78587384e+00  9.65e-16 2.84e-14  2.78e-05     2s
  13  -7.05019767e-01  1.12265742e+00  2.78e-16 1.42e-14  3.68e-06     2s
  14   3.93735376e-01  8.40939979e-01  4.52e-16 1.42e-14  9.00e-07     3s
  15   6.14012138e-01  7.92557682e-01  1.26e-16 1.42e-14  3.59e-07     3s
  16   6.95311855e-01  7.61003197e-01  7.18e-17 1.42e-14  1.32e-07     3s
  17   7.15518260e-01  7.53067537e-01  4.91e-17 1.42e-14  7.55e-08     3s
  18   7.33747330e-01  7.46362714e-01  5.79e-17 1.42e-14  2.54e-08     3s
  19   7.39905469e-01  7.44109272e-01  1.16e-16 1.42e-14  8.46e-09     3s
  20   7.42432251e-01  7.43208419e-01  9.11e-17 1.42e-14  1.56e-09     3s
  21   7.42922433e-01  7.43034803e-01  6.37e-17 1.42e-14  2.26e-10     3s
  22   7.42997376e-01  7.43008294e-01  1.39e-16 1.42e-14  2.20e-11     3s
  23   7.43005317e-01  7.43005487e-01  3.03e-16 2.84e-14  3.41e-13     3s
  24   7.43005414e-01  7.43005453e-01  2.69e-15 1.42e-14  7.85e-14     3s
  25   7.43005435e-01  7.43005445e-01  5.17e-15 1.42e-14  2.04e-14     3s
  26   7.43005441e-01  7.43005443e-01  2.49e-15 1.42e-14  5.15e-15     4s
  27   7.43005442e-01  7.43005443e-01  1.68e-15 1.42e-14  1.35e-15     4s
  28   7.43005442e-01  7.43005442e-01  8.96e-16 1.42e-14  6.59e-16     4s
  29   7.43005442e-01  7.43005442e-01  8.02e-16 1.42e-14  6.11e-16     4s
  30   7.43005442e-01  7.43005442e-01  1.01e-15 1.42e-14  3.54e-16     4s
  31   7.43005442e-01  7.43005442e-01  4.70e-16 1.42e-14  1.88e-16     4s
  32   7.43005442e-01  7.43005442e-01  4.43e-16 1.42e-14  1.75e-16     4s
  33   7.43005442e-01  7.43005442e-01  2.54e-16 1.42e-14  1.13e-16     4s
  34   7.43005442e-01  7.43005442e-01  2.31e-16 1.42e-14  6.85e-17     4s

Barrier solved model in 34 iterations and 4.26 seconds (3.98 work units)
Optimal objective 7.43005442e-01

objective value: 0.7430054423714834
Done! Time elapsed: 24.366172552108765 seconds.
g_0_1: 1.03939729338383
g_1_1: 1.0239783492213952
g_1_2: 1.0706807116089763
g_2_1: 1.0431029443023507
g_2_2: 1.1318503212302495
g_2_3: 1.0431029443047124
g_2_4: 1.1318503210140927
Parameters from last iteration: [0.18085513 0.72395269 0.18629844 0.73747378 0.19694196 0.73747378
 0.19694196]

Parameters from current iteration:
                [0.18085513 0.72395269 0.18629844 0.73747378 0.19694196 0.73747378
 0.19694196]


                Percentage Error = 4.38994307779373e-11
                
year done: 86
Time 87: 2
Optimization Iteration[1/20000]

Solving the optimization problem...
Set parameter TokenServer to value "licenses.rcc.uchicago.edu"
Read LP format model from file /scratch/local/jobs/50183995/tmplz3sgw6j.pyomo.lp
Reading time = 1.32 seconds
x1: 258121 rows, 502401 columns, 1259970 nonzeros
Set parameter Threads to value 8
Set parameter BarConvTol to value 1e-12
Gurobi Optimizer version 11.0.0 build v11.0.0rc2 (linux64 - "CentOS Linux 8")

CPU model: Intel(R) Xeon(R) Gold 6248R CPU @ 3.00GHz, instruction set [SSE2|AVX|AVX2|AVX512]
Thread count: 48 physical cores, 48 logical processors, using up to 8 threads

Optimize a model with 258121 rows, 502401 columns and 1259970 nonzeros
Model fingerprint: 0xd77cf508
Model has 3166 quadratic objective terms
Coefficient statistics:
  Matrix range     [1e+00, 1e+03]
  Objective range  [6e-08, 7e+01]
  QObjective range [4e-01, 3e+03]
  Bounds range     [3e-04, 1e+00]
  RHS range        [7e-17, 6e+00]
Presolve removed 131482 rows and 128814 columns
Presolve time: 0.55s
Presolved: 126639 rows, 373587 columns, 743930 nonzeros
Presolved model has 3166 quadratic objective terms
Ordering time: 0.16s

Barrier statistics:
 AA' NZ     : 3.709e+05
 Factor NZ  : 4.212e+06 (roughly 240 MB of memory)
 Factor Ops : 3.974e+08 (less than 1 second per iteration)
 Threads    : 8

                  Objective                Residual
Iter       Primal          Dual         Primal    Dual     Compl     Time
   0  -1.08208243e+09  8.62426925e+08  7.80e+04 1.14e-13  1.00e+06     1s
   1  -6.18909580e+08  5.71190885e+08  1.71e+04 1.38e+02  2.40e+05     1s
   2  -3.11035477e+08  3.11021848e+08  2.28e+02 1.12e+00  4.48e+03     1s
   3  -7.31788342e+07  7.38397133e+07  1.92e+00 1.47e-12  3.19e+02     1s
   4  -1.39340230e+07  1.46173254e+07  1.62e-01 4.11e-12  5.90e+01     1s
   5  -2.55218673e+06  2.82756853e+06  1.24e-02 1.24e-12  1.09e+01     1s
   6  -3.71998765e+05  4.27121112e+05  1.24e-08 1.05e-12  1.61e+00     2s
   7  -5.57162948e+04  7.01840965e+04  1.72e-13 6.74e-13  2.53e-01     2s
   8  -8.40118219e+03  1.00456785e+04  5.51e-14 2.38e-13  3.71e-02     2s
   9  -1.34532724e+03  1.65078842e+03  1.73e-14 2.84e-14  6.03e-03     2s
  10  -2.20337527e+02  2.07423240e+02  9.53e-15 2.84e-14  8.61e-04     2s
  11  -4.87687506e+01  3.19425081e+01  2.55e-15 1.42e-14  1.62e-04     2s
  12  -8.05776144e+00  5.77898047e+00  9.37e-16 1.42e-14  2.78e-05     2s
  13  -7.11913143e-01  1.11576405e+00  5.41e-16 1.42e-14  3.68e-06     2s
  14   3.86842000e-01  8.34046603e-01  4.07e-16 2.84e-14  9.00e-07     3s
  15   6.07118763e-01  7.85664306e-01  1.62e-16 2.13e-14  3.59e-07     3s
  16   6.88418479e-01  7.54109821e-01  1.56e-16 1.42e-14  1.32e-07     3s
  17   7.08624884e-01  7.46174161e-01  5.66e-17 2.84e-14  7.55e-08     3s
  18   7.26853954e-01  7.39469339e-01  6.57e-17 1.42e-14  2.54e-08     3s
  19   7.33012093e-01  7.37215896e-01  1.14e-16 1.42e-14  8.46e-09     3s
  20   7.35538875e-01  7.36315043e-01  9.35e-17 1.42e-14  1.56e-09     3s
  21   7.36029057e-01  7.36141427e-01  7.54e-17 1.42e-14  2.26e-10     3s
  22   7.36104001e-01  7.36114918e-01  1.22e-16 1.42e-14  2.20e-11     3s
  23   7.36111941e-01  7.36112111e-01  2.93e-16 2.13e-14  3.41e-13     3s
  24   7.36112038e-01  7.36112077e-01  2.59e-15 1.42e-14  7.81e-14     3s
  25   7.36112059e-01  7.36112069e-01  4.73e-15 1.42e-14  2.03e-14     4s
  26   7.36112065e-01  7.36112067e-01  2.60e-15 1.42e-14  5.14e-15     4s
  27   7.36112066e-01  7.36112067e-01  1.72e-15 1.42e-14  1.34e-15     4s
  28   7.36112066e-01  7.36112067e-01  1.08e-15 7.99e-15  6.50e-16     4s
  29   7.36112066e-01  7.36112067e-01  8.97e-16 1.42e-14  6.03e-16     4s
  30   7.36112066e-01  7.36112067e-01  9.50e-16 1.47e-14  3.50e-16     4s
  31   7.36112066e-01  7.36112067e-01  4.60e-16 1.42e-14  1.86e-16     4s
  32   7.36112066e-01  7.36112067e-01  4.12e-16 1.42e-14  1.75e-16     4s
  33   7.36112066e-01  7.36112067e-01  2.69e-16 1.42e-14  1.20e-16     4s
  34   7.36112067e-01  7.36112067e-01  2.61e-16 1.42e-14  5.41e-17     4s

Barrier solved model in 34 iterations and 4.34 seconds (3.98 work units)
Optimal objective 7.36112067e-01

objective value: 0.7361120665071033
Done! Time elapsed: 25.863988637924194 seconds.
g_0_1: 1.039397293374017
g_1_1: 1.0239783492261723
g_1_2: 1.0706807116029837
g_2_1: 1.0431029443058677
g_2_2: 1.131850321181288
g_2_3: 1.0431029443077269
g_2_4: 1.1318503210104445
Parameters from last iteration: [0.18085513 0.72395269 0.18629844 0.73747378 0.19694196 0.73747378
 0.19694196]

Parameters from current iteration:
                [0.18085513 0.72395269 0.18629844 0.73747378 0.19694196 0.73747378
 0.19694196]


                Percentage Error = 4.325790480137067e-11
                
year done: 87
Time 88: 2
Optimization Iteration[1/20000]

Solving the optimization problem...
Set parameter TokenServer to value "licenses.rcc.uchicago.edu"
Read LP format model from file /scratch/local/jobs/50183995/tmpf0413cou.pyomo.lp
Reading time = 1.34 seconds
x1: 258121 rows, 502401 columns, 1259970 nonzeros
Set parameter Threads to value 8
Set parameter BarConvTol to value 1e-12
Gurobi Optimizer version 11.0.0 build v11.0.0rc2 (linux64 - "CentOS Linux 8")

CPU model: Intel(R) Xeon(R) Gold 6248R CPU @ 3.00GHz, instruction set [SSE2|AVX|AVX2|AVX512]
Thread count: 48 physical cores, 48 logical processors, using up to 8 threads

Optimize a model with 258121 rows, 502401 columns and 1259970 nonzeros
Model fingerprint: 0x53b826f3
Model has 3166 quadratic objective terms
Coefficient statistics:
  Matrix range     [1e+00, 1e+03]
  Objective range  [6e-08, 7e+01]
  QObjective range [4e-01, 3e+03]
  Bounds range     [3e-04, 1e+00]
  RHS range        [7e-17, 6e+00]
Presolve removed 131482 rows and 128814 columns
Presolve time: 0.55s
Presolved: 126639 rows, 373587 columns, 743930 nonzeros
Presolved model has 3166 quadratic objective terms
Ordering time: 0.16s

Barrier statistics:
 AA' NZ     : 3.709e+05
 Factor NZ  : 4.212e+06 (roughly 240 MB of memory)
 Factor Ops : 3.974e+08 (less than 1 second per iteration)
 Threads    : 8

                  Objective                Residual
Iter       Primal          Dual         Primal    Dual     Compl     Time
   0  -1.08208243e+09  8.62426925e+08  7.80e+04 1.14e-13  1.00e+06     1s
   1  -6.18909580e+08  5.71190885e+08  1.71e+04 1.38e+02  2.40e+05     1s
   2  -3.11035477e+08  3.11021848e+08  2.28e+02 1.12e+00  4.48e+03     1s
   3  -7.31788342e+07  7.38397133e+07  1.92e+00 1.86e-12  3.19e+02     1s
   4  -1.39340230e+07  1.46173254e+07  1.62e-01 5.13e-12  5.90e+01     1s
   5  -2.55218674e+06  2.82756852e+06  1.24e-02 1.24e-12  1.09e+01     1s
   6  -3.71998771e+05  4.27121105e+05  1.24e-08 1.17e-12  1.61e+00     2s
   7  -5.57163014e+04  7.01840899e+04  1.60e-13 6.79e-13  2.53e-01     2s
   8  -8.40118877e+03  1.00456720e+04  6.83e-14 2.41e-13  3.71e-02     2s
   9  -1.34533382e+03  1.65078183e+03  2.09e-14 4.31e-14  6.03e-03     2s
  10  -2.20344111e+02  2.07416656e+02  8.31e-15 2.84e-14  8.61e-04     2s
  11  -4.87753337e+01  3.19359250e+01  2.99e-15 1.60e-14  1.62e-04     2s
  12  -8.06434456e+00  5.77239734e+00  1.37e-15 1.42e-14  2.78e-05     2s
  13  -7.18496266e-01  1.10918092e+00  3.81e-16 1.42e-14  3.68e-06     2s
  14   3.80258877e-01  8.27463480e-01  4.65e-16 1.42e-14  9.00e-07     3s
  15   6.00535640e-01  7.79081183e-01  2.31e-16 2.13e-14  3.59e-07     3s
  16   6.81835356e-01  7.47526698e-01  1.35e-16 1.42e-14  1.32e-07     3s
  17   7.02041761e-01  7.39591039e-01  7.77e-17 1.42e-14  7.55e-08     3s
  18   7.20270831e-01  7.32886216e-01  7.53e-17 1.42e-14  2.54e-08     3s
  19   7.26428970e-01  7.30632773e-01  7.70e-17 2.13e-14  8.46e-09     3s
  20   7.28955753e-01  7.29731920e-01  1.54e-16 1.42e-14  1.56e-09     3s
  21   7.29445934e-01  7.29558304e-01  7.60e-17 1.42e-14  2.26e-10     3s
  22   7.29520878e-01  7.29531796e-01  1.70e-16 1.42e-14  2.20e-11     3s
  23   7.29528818e-01  7.29528988e-01  4.81e-16 1.42e-14  3.41e-13     3s
  24   7.29528915e-01  7.29528954e-01  3.29e-15 1.42e-14  7.77e-14     3s
  25   7.29528936e-01  7.29528946e-01  4.86e-15 1.42e-14  2.02e-14     3s
  26   7.29528942e-01  7.29528944e-01  2.41e-15 1.51e-14  5.12e-15     4s
  27   7.29528943e-01  7.29528944e-01  1.55e-15 1.42e-14  1.34e-15     4s
  28   7.29528943e-01  7.29528944e-01  1.05e-15 1.42e-14  6.40e-16     4s
  29   7.29528943e-01  7.29528944e-01  8.99e-16 1.42e-14  5.95e-16     4s
  30   7.29528944e-01  7.29528944e-01  9.62e-16 1.42e-14  3.46e-16     4s
  31   7.29528944e-01  7.29528944e-01  5.43e-16 1.42e-14  1.83e-16     4s
  32   7.29528944e-01  7.29528944e-01  4.94e-16 1.42e-14  1.74e-16     4s
  33   7.29528944e-01  7.29528944e-01  2.68e-16 1.42e-14  1.24e-16     4s
  34   7.29528944e-01  7.29528944e-01  2.50e-16 1.42e-14  5.57e-17     4s

Barrier solved model in 34 iterations and 4.28 seconds (3.98 work units)
Optimal objective 7.29528944e-01

objective value: 0.7295289436587908
Done! Time elapsed: 24.30521845817566 seconds.
g_0_1: 1.0393972933750577
g_1_1: 1.0239783492256593
g_1_2: 1.070680711603619
g_2_1: 1.0431029443054944
g_2_2: 1.1318503211865882
g_2_3: 1.0431029443074042
g_2_4: 1.131850321010837
Parameters from last iteration: [0.18085513 0.72395269 0.18629844 0.73747378 0.19694196 0.73747378
 0.19694196]

Parameters from current iteration:
                [0.18085513 0.72395269 0.18629844 0.73747378 0.19694196 0.73747378
 0.19694196]


                Percentage Error = 4.6827731898655084e-12
                
year done: 88
Time 89: 2
Optimization Iteration[1/20000]

Solving the optimization problem...
Set parameter TokenServer to value "licenses.rcc.uchicago.edu"
Read LP format model from file /scratch/local/jobs/50183995/tmp4vgxk74s.pyomo.lp
Reading time = 1.33 seconds
x1: 258121 rows, 502401 columns, 1259970 nonzeros
Set parameter Threads to value 8
Set parameter BarConvTol to value 1e-12
Gurobi Optimizer version 11.0.0 build v11.0.0rc2 (linux64 - "CentOS Linux 8")

CPU model: Intel(R) Xeon(R) Gold 6248R CPU @ 3.00GHz, instruction set [SSE2|AVX|AVX2|AVX512]
Thread count: 48 physical cores, 48 logical processors, using up to 8 threads

Optimize a model with 258121 rows, 502401 columns and 1259970 nonzeros
Model fingerprint: 0x02dd486b
Model has 3166 quadratic objective terms
Coefficient statistics:
  Matrix range     [1e+00, 1e+03]
  Objective range  [6e-08, 7e+01]
  QObjective range [4e-01, 3e+03]
  Bounds range     [3e-04, 1e+00]
  RHS range        [7e-17, 6e+00]
Presolve removed 131482 rows and 128814 columns
Presolve time: 0.54s
Presolved: 126639 rows, 373587 columns, 743930 nonzeros
Presolved model has 3166 quadratic objective terms
Ordering time: 0.16s

Barrier statistics:
 AA' NZ     : 3.709e+05
 Factor NZ  : 4.212e+06 (roughly 240 MB of memory)
 Factor Ops : 3.974e+08 (less than 1 second per iteration)
 Threads    : 8

                  Objective                Residual
Iter       Primal          Dual         Primal    Dual     Compl     Time
   0  -1.08208243e+09  8.62426925e+08  7.80e+04 1.13e-13  1.00e+06     1s
   1  -6.18909580e+08  5.71190885e+08  1.71e+04 1.38e+02  2.40e+05     1s
   2  -3.11035477e+08  3.11021848e+08  2.28e+02 1.12e+00  4.48e+03     1s
   3  -7.31788342e+07  7.38397133e+07  1.92e+00 1.45e-12  3.19e+02     1s
   4  -1.39340230e+07  1.46173254e+07  1.62e-01 3.62e-12  5.90e+01     1s
   5  -2.55218674e+06  2.82756851e+06  1.24e-02 1.25e-12  1.09e+01     1s
   6  -3.71998778e+05  4.27121099e+05  1.24e-08 9.91e-13  1.61e+00     2s
   7  -5.57163076e+04  7.01840836e+04  1.83e-13 6.04e-13  2.53e-01     2s
   8  -8.40119506e+03  1.00456657e+04  6.97e-14 2.33e-13  3.71e-02     2s
   9  -1.34534011e+03  1.65077555e+03  1.68e-14 3.51e-14  6.03e-03     2s
  10  -2.20350397e+02  2.07410370e+02  7.16e-15 2.84e-14  8.61e-04     2s
  11  -4.87816206e+01  3.19296382e+01  2.19e-15 1.42e-14  1.62e-04     2s
  12  -8.07063140e+00  5.76611051e+00  1.11e-15 1.42e-14  2.78e-05     2s
  13  -7.24783099e-01  1.10289409e+00  3.71e-16 1.42e-14  3.68e-06     2s
  14   3.73972044e-01  8.21176647e-01  5.14e-16 1.47e-14  9.00e-07     3s
  15   5.94248806e-01  7.72794350e-01  2.96e-16 2.13e-14  3.59e-07     3s
  16   6.75548523e-01  7.41239864e-01  6.42e-17 1.42e-14  1.32e-07     3s
  17   6.95754928e-01  7.33304205e-01  5.84e-17 1.42e-14  7.55e-08     3s
  18   7.13983998e-01  7.26599382e-01  1.21e-16 1.42e-14  2.54e-08     3s
  19   7.20142137e-01  7.24345940e-01  9.31e-17 1.42e-14  8.46e-09     3s
  20   7.22668919e-01  7.23445086e-01  9.33e-17 2.13e-14  1.56e-09     3s
  21   7.23159101e-01  7.23271471e-01  8.45e-17 1.42e-14  2.26e-10     3s
  22   7.23234044e-01  7.23244962e-01  1.37e-16 2.84e-14  2.20e-11     3s
  23   7.23241985e-01  7.23242154e-01  2.80e-16 1.42e-14  3.41e-13     3s
  24   7.23242082e-01  7.23242120e-01  3.32e-15 1.42e-14  7.73e-14     3s
  25   7.23242103e-01  7.23242113e-01  4.12e-15 1.42e-14  2.02e-14     3s
  26   7.23242108e-01  7.23242111e-01  2.56e-15 1.42e-14  5.10e-15     4s
  27   7.23242110e-01  7.23242110e-01  1.42e-15 1.42e-14  1.33e-15     4s
  28   7.23242110e-01  7.23242110e-01  9.70e-16 1.42e-14  6.32e-16     4s
  29   7.23242110e-01  7.23242110e-01  9.08e-16 1.42e-14  5.88e-16     4s
  30   7.23242110e-01  7.23242110e-01  9.16e-16 1.42e-14  3.42e-16     4s
  31   7.23242110e-01  7.23242110e-01  4.99e-16 1.42e-14  1.81e-16     4s
  32   7.23242110e-01  7.23242110e-01  4.59e-16 1.42e-14  1.72e-16     4s
  33   7.23242110e-01  7.23242110e-01  2.42e-16 1.42e-14  1.24e-16     4s
  34   7.23242110e-01  7.23242110e-01  2.51e-16 1.42e-14  5.62e-17     4s

Barrier solved model in 34 iterations and 4.23 seconds (3.98 work units)
Optimal objective 7.23242110e-01

objective value: 0.7232421101461325
Done! Time elapsed: 24.446845054626465 seconds.
g_0_1: 1.0393972933754079
g_1_1: 1.0239783492254861
g_1_2: 1.0706807116038264
g_2_1: 1.0431029443053657
g_2_2: 1.1318503211883464
g_2_3: 1.0431029443072963
g_2_4: 1.131850321010962
Parameters from last iteration: [0.18085513 0.72395269 0.18629844 0.73747378 0.19694196 0.73747378
 0.19694196]

Parameters from current iteration:
                [0.18085513 0.72395269 0.18629844 0.73747378 0.19694196 0.73747378
 0.19694196]


                Percentage Error = 1.5533610045582189e-12
                
year done: 89
Time 90: 2
Optimization Iteration[1/20000]

Solving the optimization problem...
Set parameter TokenServer to value "licenses.rcc.uchicago.edu"
Read LP format model from file /scratch/local/jobs/50183995/tmpxlkazr6o.pyomo.lp
Reading time = 1.33 seconds
x1: 258121 rows, 502401 columns, 1259970 nonzeros
Set parameter Threads to value 8
Set parameter BarConvTol to value 1e-12
Gurobi Optimizer version 11.0.0 build v11.0.0rc2 (linux64 - "CentOS Linux 8")

CPU model: Intel(R) Xeon(R) Gold 6248R CPU @ 3.00GHz, instruction set [SSE2|AVX|AVX2|AVX512]
Thread count: 48 physical cores, 48 logical processors, using up to 8 threads

Optimize a model with 258121 rows, 502401 columns and 1259970 nonzeros
Model fingerprint: 0xa1bbc9d5
Model has 3166 quadratic objective terms
Coefficient statistics:
  Matrix range     [1e+00, 1e+03]
  Objective range  [6e-08, 7e+01]
  QObjective range [4e-01, 3e+03]
  Bounds range     [3e-04, 1e+00]
  RHS range        [7e-17, 6e+00]
Presolve removed 131482 rows and 128814 columns
Presolve time: 0.55s
Presolved: 126639 rows, 373587 columns, 743930 nonzeros
Presolved model has 3166 quadratic objective terms
Ordering time: 0.16s

Barrier statistics:
 AA' NZ     : 3.709e+05
 Factor NZ  : 4.212e+06 (roughly 240 MB of memory)
 Factor Ops : 3.974e+08 (less than 1 second per iteration)
 Threads    : 8

                  Objective                Residual
Iter       Primal          Dual         Primal    Dual     Compl     Time
   0  -1.08208243e+09  8.62426925e+08  7.80e+04 1.14e-13  1.00e+06     1s
   1  -6.18909580e+08  5.71190885e+08  1.71e+04 1.38e+02  2.40e+05     1s
   2  -3.11035477e+08  3.11021848e+08  2.28e+02 1.12e+00  4.48e+03     1s
   3  -7.31788342e+07  7.38397133e+07  1.92e+00 1.71e-12  3.19e+02     1s
   4  -1.39340230e+07  1.46173254e+07  1.62e-01 4.41e-12  5.90e+01     1s
   5  -2.55218675e+06  2.82756851e+06  1.24e-02 1.32e-12  1.09e+01     2s
   6  -3.71998784e+05  4.27121093e+05  1.24e-08 9.93e-13  1.61e+00     2s
   7  -5.57163136e+04  7.01840776e+04  1.57e-13 7.08e-13  2.53e-01     2s
   8  -8.40120106e+03  1.00456597e+04  5.78e-14 2.32e-13  3.71e-02     2s
   9  -1.34534612e+03  1.65076954e+03  1.39e-14 4.53e-14  6.03e-03     2s
  10  -2.20356401e+02  2.07404366e+02  6.85e-15 2.84e-14  8.61e-04     2s
  11  -4.87876245e+01  3.19236343e+01  1.82e-15 2.13e-14  1.62e-04     2s
  12  -8.07663528e+00  5.76010663e+00  1.16e-15 2.84e-14  2.78e-05     2s
  13  -7.30786979e-01  1.09689021e+00  3.49e-16 1.42e-14  3.68e-06     3s
  14   3.67968165e-01  8.15172767e-01  4.03e-16 1.42e-14  9.00e-07     3s
  15   5.88244927e-01  7.66790470e-01  2.52e-16 1.42e-14  3.59e-07     3s
  16   6.69544644e-01  7.35235985e-01  6.14e-17 1.42e-14  1.32e-07     3s
  17   6.89751048e-01  7.27300326e-01  6.59e-17 1.42e-14  7.55e-08     3s
  18   7.07980118e-01  7.20595503e-01  8.48e-17 1.42e-14  2.54e-08     3s
  19   7.14138257e-01  7.18342060e-01  1.50e-16 1.42e-14  8.46e-09     3s
  20   7.16665040e-01  7.17441207e-01  1.16e-16 2.84e-14  1.56e-09     3s
  21   7.17155221e-01  7.17267591e-01  1.18e-16 1.42e-14  2.26e-10     3s
  22   7.17230165e-01  7.17241083e-01  1.00e-16 1.42e-14  2.20e-11     3s
  23   7.17238105e-01  7.17238275e-01  3.94e-16 1.42e-14  3.41e-13     3s
  24   7.17238203e-01  7.17238241e-01  3.13e-15 1.42e-14  7.69e-14     3s
  25   7.17238223e-01  7.17238233e-01  5.14e-15 1.42e-14  2.01e-14     4s
  26   7.17238229e-01  7.17238231e-01  2.50e-15 1.42e-14  5.08e-15     4s
  27   7.17238230e-01  7.17238231e-01  1.57e-15 1.42e-14  1.33e-15     4s
  28   7.17238231e-01  7.17238231e-01  9.95e-16 1.42e-14  6.24e-16     4s
  29   7.17238231e-01  7.17238231e-01  9.31e-16 1.42e-14  5.81e-16     4s
  30   7.17238231e-01  7.17238231e-01  1.10e-15 1.42e-14  3.38e-16     4s
  31   7.17238231e-01  7.17238231e-01  4.55e-16 1.42e-14  1.79e-16     4s
  32   7.17238231e-01  7.17238231e-01  4.23e-16 1.42e-14  1.70e-16     4s
  33   7.17238231e-01  7.17238231e-01  2.54e-16 1.42e-14  1.21e-16     4s
  34   7.17238231e-01  7.17238231e-01  2.30e-16 1.42e-14  5.45e-17     4s

Barrier solved model in 34 iterations and 4.35 seconds (3.98 work units)
Optimal objective 7.17238231e-01

objective value: 0.7172382307529408
Done! Time elapsed: 24.422667980194092 seconds.
g_0_1: 1.039397293374232
g_1_1: 1.0239783492260655
g_1_2: 1.0706807116031067
g_2_1: 1.0431029443057795
g_2_2: 1.131850321182414
g_2_3: 1.043102944307658
g_2_4: 1.1318503210105237
Parameters from last iteration: [0.18085513 0.72395269 0.18629844 0.73747378 0.19694196 0.73747378
 0.19694196]

Parameters from current iteration:
                [0.18085513 0.72395269 0.18629844 0.73747378 0.19694196 0.73747378
 0.19694196]


                Percentage Error = 5.2412897622419185e-12
                
year done: 90
Time 91: 2
Optimization Iteration[1/20000]

Solving the optimization problem...
Set parameter TokenServer to value "licenses.rcc.uchicago.edu"
Read LP format model from file /scratch/local/jobs/50183995/tmphcb_0aoc.pyomo.lp
Reading time = 1.41 seconds
x1: 258121 rows, 502401 columns, 1259970 nonzeros
Set parameter Threads to value 8
Set parameter BarConvTol to value 1e-12
Gurobi Optimizer version 11.0.0 build v11.0.0rc2 (linux64 - "CentOS Linux 8")

CPU model: Intel(R) Xeon(R) Gold 6248R CPU @ 3.00GHz, instruction set [SSE2|AVX|AVX2|AVX512]
Thread count: 48 physical cores, 48 logical processors, using up to 8 threads

Optimize a model with 258121 rows, 502401 columns and 1259970 nonzeros
Model fingerprint: 0x718fecb2
Model has 3166 quadratic objective terms
Coefficient statistics:
  Matrix range     [1e+00, 1e+03]
  Objective range  [6e-08, 7e+01]
  QObjective range [4e-01, 3e+03]
  Bounds range     [3e-04, 1e+00]
  RHS range        [7e-17, 6e+00]
Presolve removed 131482 rows and 128814 columns
Presolve time: 0.54s
Presolved: 126639 rows, 373587 columns, 743930 nonzeros
Presolved model has 3166 quadratic objective terms
Ordering time: 0.16s

Barrier statistics:
 AA' NZ     : 3.709e+05
 Factor NZ  : 4.212e+06 (roughly 240 MB of memory)
 Factor Ops : 3.974e+08 (less than 1 second per iteration)
 Threads    : 8

                  Objective                Residual
Iter       Primal          Dual         Primal    Dual     Compl     Time
   0  -1.08208243e+09  8.62426925e+08  7.80e+04 1.13e-13  1.00e+06     1s
   1  -6.18909580e+08  5.71190885e+08  1.71e+04 1.38e+02  2.40e+05     1s
   2  -3.11035477e+08  3.11021848e+08  2.28e+02 1.12e+00  4.48e+03     1s
   3  -7.31788342e+07  7.38397133e+07  1.92e+00 1.45e-12  3.19e+02     1s
   4  -1.39340230e+07  1.46173254e+07  1.62e-01 4.59e-12  5.90e+01     1s
   5  -2.55218676e+06  2.82756850e+06  1.24e-02 1.23e-12  1.09e+01     1s
   6  -3.71998789e+05  4.27121087e+05  1.24e-08 1.04e-12  1.61e+00     2s
   7  -5.57163194e+04  7.01840719e+04  1.22e-13 6.60e-13  2.53e-01     2s
   8  -8.40120680e+03  1.00456539e+04  5.50e-14 2.11e-13  3.71e-02     2s
   9  -1.34535185e+03  1.65076381e+03  1.59e-14 4.26e-14  6.03e-03     2s
  10  -2.20362135e+02  2.07398632e+02  1.06e-14 2.84e-14  8.61e-04     2s
  11  -4.87933581e+01  3.19179007e+01  1.94e-15 1.42e-14  1.62e-04     2s
  12  -8.08236894e+00  5.75437297e+00  1.17e-15 1.42e-14  2.78e-05     2s
  13  -7.36520639e-01  1.09115655e+00  3.25e-16 1.42e-14  3.68e-06     2s
  14   3.62234504e-01  8.09439107e-01  3.93e-16 1.42e-14  9.00e-07     3s
  15   5.82511266e-01  7.61056810e-01  2.35e-16 1.42e-14  3.59e-07     3s
  16   6.63810983e-01  7.29502325e-01  1.21e-16 2.13e-14  1.32e-07     3s
  17   6.84017388e-01  7.21566665e-01  4.49e-17 1.78e-14  7.55e-08     3s
  18   7.02246458e-01  7.14861842e-01  9.96e-17 1.42e-14  2.54e-08     3s
  19   7.08404597e-01  7.12608400e-01  1.12e-16 1.42e-14  8.46e-09     3s
  20   7.10931379e-01  7.11707547e-01  4.99e-17 2.84e-14  1.56e-09     3s
  21   7.11421561e-01  7.11533931e-01  9.87e-17 1.42e-14  2.26e-10     3s
  22   7.11496504e-01  7.11507422e-01  1.03e-16 1.42e-14  2.20e-11     3s
  23   7.11504445e-01  7.11504615e-01  4.48e-16 2.84e-14  3.41e-13     3s
  24   7.11504542e-01  7.11504580e-01  2.92e-15 1.42e-14  7.65e-14     3s
  25   7.11504563e-01  7.11504573e-01  5.43e-15 1.42e-14  2.00e-14     3s
  26   7.11504569e-01  7.11504571e-01  2.46e-15 1.42e-14  5.06e-15     4s
  27   7.11504570e-01  7.11504571e-01  1.88e-15 1.42e-14  1.32e-15     4s
  28   7.11504570e-01  7.11504571e-01  1.29e-15 1.42e-14  6.16e-16     4s
  29   7.11504570e-01  7.11504571e-01  1.18e-15 1.42e-14  5.74e-16     4s
  30   7.11504570e-01  7.11504571e-01  7.80e-16 1.42e-14  3.34e-16     4s
  31   7.11504570e-01  7.11504570e-01  4.78e-16 1.42e-14  1.76e-16     4s
  32   7.11504570e-01  7.11504570e-01  4.04e-16 1.42e-14  1.62e-16     4s
  33   7.11504570e-01  7.11504570e-01  2.66e-16 1.42e-14  8.86e-17     4s

Barrier solved model in 33 iterations and 4.13 seconds (3.90 work units)
Optimal objective 7.11504570e-01

objective value: 0.7115045704322258
Done! Time elapsed: 25.931434631347656 seconds.
g_0_1: 1.039397293397456
g_1_1: 1.0239783492147363
g_1_2: 1.0706807116172585
g_2_1: 1.0431029442974555
g_2_2: 1.131850321298624
g_2_3: 1.0431029443005255
g_2_4: 1.131850321019166
Parameters from last iteration: [0.18085513 0.72395269 0.18629844 0.73747378 0.19694196 0.73747378
 0.19694196]

Parameters from current iteration:
                [0.18085513 0.72395269 0.18629844 0.73747378 0.19694196 0.73747378
 0.19694196]


                Percentage Error = 1.026724834336719e-10
                
year done: 91
Time 92: 2
Optimization Iteration[1/20000]

Solving the optimization problem...
Set parameter TokenServer to value "licenses.rcc.uchicago.edu"
Read LP format model from file /scratch/local/jobs/50183995/tmpn5r7art3.pyomo.lp
Reading time = 1.34 seconds
x1: 258121 rows, 502401 columns, 1259970 nonzeros
Set parameter Threads to value 8
Set parameter BarConvTol to value 1e-12
Gurobi Optimizer version 11.0.0 build v11.0.0rc2 (linux64 - "CentOS Linux 8")

CPU model: Intel(R) Xeon(R) Gold 6248R CPU @ 3.00GHz, instruction set [SSE2|AVX|AVX2|AVX512]
Thread count: 48 physical cores, 48 logical processors, using up to 8 threads

Optimize a model with 258121 rows, 502401 columns and 1259970 nonzeros
Model fingerprint: 0x9d5748f9
Model has 3166 quadratic objective terms
Coefficient statistics:
  Matrix range     [1e+00, 1e+03]
  Objective range  [6e-08, 7e+01]
  QObjective range [4e-01, 3e+03]
  Bounds range     [3e-04, 1e+00]
  RHS range        [7e-17, 6e+00]
Presolve removed 131482 rows and 128814 columns
Presolve time: 0.55s
Presolved: 126639 rows, 373587 columns, 743930 nonzeros
Presolved model has 3166 quadratic objective terms
Ordering time: 0.16s

Barrier statistics:
 AA' NZ     : 3.709e+05
 Factor NZ  : 4.212e+06 (roughly 240 MB of memory)
 Factor Ops : 3.974e+08 (less than 1 second per iteration)
 Threads    : 8

                  Objective                Residual
Iter       Primal          Dual         Primal    Dual     Compl     Time
   0  -1.08208243e+09  8.62426925e+08  7.80e+04 1.13e-13  1.00e+06     1s
   1  -6.18909580e+08  5.71190885e+08  1.71e+04 1.38e+02  2.40e+05     1s
   2  -3.11035477e+08  3.11021848e+08  2.28e+02 1.12e+00  4.48e+03     1s
   3  -7.31788342e+07  7.38397133e+07  1.92e+00 1.44e-12  3.19e+02     1s
   4  -1.39340230e+07  1.46173254e+07  1.62e-01 5.95e-12  5.90e+01     1s
   5  -2.55218676e+06  2.82756850e+06  1.24e-02 1.18e-12  1.09e+01     1s
   6  -3.71998795e+05  4.27121082e+05  1.24e-08 2.07e-12  1.61e+00     2s
   7  -5.57163248e+04  7.01840664e+04  1.38e-13 5.67e-13  2.53e-01     2s
   8  -8.40121227e+03  1.00456485e+04  6.22e-14 2.45e-13  3.71e-02     2s
   9  -1.34535732e+03  1.65075833e+03  1.63e-14 2.84e-14  6.03e-03     2s
  10  -2.20367611e+02  2.07393156e+02  8.91e-15 4.26e-14  8.61e-04     2s
  11  -4.87988337e+01  3.19124250e+01  2.24e-15 2.13e-14  1.62e-04     2s
  12  -8.08784454e+00  5.74889737e+00  8.54e-16 1.42e-14  2.78e-05     2s
  13  -7.41996242e-01  1.08568095e+00  4.41e-16 1.42e-14  3.68e-06     2s
  14   3.56758901e-01  8.03963504e-01  3.54e-16 1.42e-14  9.00e-07     3s
  15   5.77035663e-01  7.55581207e-01  2.21e-16 2.13e-14  3.59e-07     3s
  16   6.58335380e-01  7.24026722e-01  1.48e-16 1.42e-14  1.32e-07     3s
  17   6.78541785e-01  7.16091062e-01  4.14e-17 1.42e-14  7.55e-08     3s
  18   6.96770855e-01  7.09386239e-01  9.48e-17 1.42e-14  2.54e-08     3s
  19   7.02928994e-01  7.07132797e-01  1.20e-16 1.42e-14  8.46e-09     3s
  20   7.05455776e-01  7.06231944e-01  1.27e-16 1.42e-14  1.56e-09     3s
  21   7.05945958e-01  7.06058328e-01  5.94e-17 2.84e-14  2.26e-10     3s
  22   7.06020901e-01  7.06031819e-01  1.31e-16 1.42e-14  2.20e-11     3s
  23   7.06028842e-01  7.06029012e-01  3.81e-16 1.42e-14  3.41e-13     3s
  24   7.06028939e-01  7.06028977e-01  2.95e-15 1.42e-14  7.63e-14     3s
  25   7.06028960e-01  7.06028970e-01  5.31e-15 1.42e-14  2.00e-14     3s
  26   7.06028966e-01  7.06028968e-01  2.16e-15 1.42e-14  5.06e-15     4s
  27   7.06028967e-01  7.06028968e-01  1.45e-15 1.42e-14  1.32e-15     4s
  28   7.06028967e-01  7.06028967e-01  1.02e-15 1.51e-14  6.12e-16     4s
  29   7.06028967e-01  7.06028967e-01  9.44e-16 1.42e-14  5.71e-16     4s
  30   7.06028967e-01  7.06028967e-01  7.44e-16 1.42e-14  3.32e-16     4s
  31   7.06028967e-01  7.06028967e-01  4.65e-16 1.42e-14  1.76e-16     4s
  32   7.06028967e-01  7.06028967e-01  4.28e-16 1.42e-14  1.67e-16     4s
  33   7.06028967e-01  7.06028967e-01  2.90e-16 1.42e-14  1.16e-16     4s
  34   7.06028967e-01  7.06028967e-01  2.49e-16 2.84e-14  5.22e-17     4s

Barrier solved model in 34 iterations and 4.25 seconds (3.98 work units)
Optimal objective 7.06028967e-01

objective value: 0.7060289673600466
Done! Time elapsed: 24.368621110916138 seconds.
g_0_1: 1.0393972933726743
g_1_1: 1.0239783492268217
g_1_2: 1.0706807116021597
g_2_1: 1.0431029443063413
g_2_2: 1.13185032117458
g_2_3: 1.0431029443081365
g_2_4: 1.131850321009946
Parameters from last iteration: [0.18085513 0.72395269 0.18629844 0.73747378 0.19694196 0.73747378
 0.19694196]

Parameters from current iteration:
                [0.18085513 0.72395269 0.18629844 0.73747378 0.19694196 0.73747378
 0.19694196]


                Percentage Error = 1.0959383275059419e-10
                
year done: 92
Time 93: 2
Optimization Iteration[1/20000]

Solving the optimization problem...
Set parameter TokenServer to value "licenses.rcc.uchicago.edu"
Read LP format model from file /scratch/local/jobs/50183995/tmps00cyvlx.pyomo.lp
Reading time = 1.33 seconds
x1: 258121 rows, 502401 columns, 1259970 nonzeros
Set parameter Threads to value 8
Set parameter BarConvTol to value 1e-12
Gurobi Optimizer version 11.0.0 build v11.0.0rc2 (linux64 - "CentOS Linux 8")

CPU model: Intel(R) Xeon(R) Gold 6248R CPU @ 3.00GHz, instruction set [SSE2|AVX|AVX2|AVX512]
Thread count: 48 physical cores, 48 logical processors, using up to 8 threads

Optimize a model with 258121 rows, 502401 columns and 1259970 nonzeros
Model fingerprint: 0xdf2e6332
Model has 3166 quadratic objective terms
Coefficient statistics:
  Matrix range     [1e+00, 1e+03]
  Objective range  [6e-08, 7e+01]
  QObjective range [4e-01, 3e+03]
  Bounds range     [3e-04, 1e+00]
  RHS range        [7e-17, 6e+00]
Presolve removed 131482 rows and 128814 columns
Presolve time: 0.54s
Presolved: 126639 rows, 373587 columns, 743930 nonzeros
Presolved model has 3166 quadratic objective terms
Ordering time: 0.16s

Barrier statistics:
 AA' NZ     : 3.709e+05
 Factor NZ  : 4.212e+06 (roughly 240 MB of memory)
 Factor Ops : 3.974e+08 (less than 1 second per iteration)
 Threads    : 8

                  Objective                Residual
Iter       Primal          Dual         Primal    Dual     Compl     Time
   0  -1.08208243e+09  8.62426925e+08  7.80e+04 1.13e-13  1.00e+06     1s
   1  -6.18909580e+08  5.71190885e+08  1.71e+04 1.38e+02  2.40e+05     1s
   2  -3.11035477e+08  3.11021848e+08  2.28e+02 1.12e+00  4.48e+03     1s
   3  -7.31788342e+07  7.38397133e+07  1.92e+00 2.09e-12  3.19e+02     1s
   4  -1.39340230e+07  1.46173254e+07  1.62e-01 5.67e-12  5.90e+01     1s
   5  -2.55218677e+06  2.82756849e+06  1.24e-02 1.26e-12  1.09e+01     1s
   6  -3.71998800e+05  4.27121077e+05  1.24e-08 3.16e-12  1.61e+00     2s
   7  -5.57163301e+04  7.01840612e+04  1.47e-13 6.74e-13  2.53e-01     2s
   8  -8.40121750e+03  1.00456432e+04  7.43e-14 2.58e-13  3.71e-02     2s
   9  -1.34536255e+03  1.65075310e+03  1.62e-14 3.20e-14  6.03e-03     2s
  10  -2.20372840e+02  2.07387927e+02  1.23e-14 2.84e-14  8.61e-04     2s
  11  -4.88040629e+01  3.19071959e+01  2.22e-15 2.84e-14  1.62e-04     2s
  12  -8.09307370e+00  5.74366821e+00  1.06e-15 1.42e-14  2.78e-05     2s
  13  -7.47225403e-01  1.08045179e+00  3.63e-16 1.42e-14  3.68e-06     2s
  14   3.51529741e-01  7.98734344e-01  3.28e-16 1.42e-14  9.00e-07     3s
  15   5.71806503e-01  7.50352047e-01  1.46e-16 2.84e-14  3.59e-07     3s
  16   6.53106220e-01  7.18797561e-01  1.17e-16 1.42e-14  1.32e-07     3s
  17   6.73312625e-01  7.10861902e-01  6.28e-17 2.84e-14  7.55e-08     3s
  18   6.91541695e-01  7.04157079e-01  9.88e-17 2.84e-14  2.54e-08     3s
  19   6.97699834e-01  7.01903637e-01  1.10e-16 1.42e-14  8.46e-09     3s
  20   7.00226616e-01  7.01002783e-01  4.37e-17 2.84e-14  1.56e-09     3s
  21   7.00716797e-01  7.00829167e-01  7.88e-17 1.42e-14  2.26e-10     3s
  22   7.00791741e-01  7.00802659e-01  7.91e-17 1.55e-14  2.20e-11     3s
  23   7.00799682e-01  7.00799851e-01  3.17e-16 1.42e-14  3.41e-13     3s
  24   7.00799779e-01  7.00799817e-01  2.62e-15 1.42e-14  7.59e-14     3s
  25   7.00799800e-01  7.00799810e-01  5.48e-15 1.42e-14  1.99e-14     3s
  26   7.00799805e-01  7.00799808e-01  2.33e-15 1.42e-14  5.03e-15     4s
  27   7.00799807e-01  7.00799807e-01  1.55e-15 1.42e-14  1.31e-15     4s
  28   7.00799807e-01  7.00799807e-01  1.04e-15 1.42e-14  6.03e-16     4s
  29   7.00799807e-01  7.00799807e-01  9.15e-16 1.78e-14  5.63e-16     4s
  30   7.00799807e-01  7.00799807e-01  8.32e-16 1.42e-14  3.28e-16     4s
  31   7.00799807e-01  7.00799807e-01  4.63e-16 1.42e-14  1.73e-16     4s
  32   7.00799807e-01  7.00799807e-01  4.04e-16 1.42e-14  1.60e-16     4s
  33   7.00799807e-01  7.00799807e-01  2.66e-16 1.42e-14  8.66e-17     4s

Barrier solved model in 33 iterations and 4.12 seconds (3.90 work units)
Optimal objective 7.00799807e-01

objective value: 0.7007998069976787
Done! Time elapsed: 24.245983362197876 seconds.
g_0_1: 1.0393972933961202
g_1_1: 1.0239783492153867
g_1_2: 1.0706807116164432
g_2_1: 1.043102944297932
g_2_2: 1.1318503212919686
g_2_3: 1.0431029443009359
g_2_4: 1.131850321018664
Parameters from last iteration: [0.18085513 0.72395269 0.18629844 0.73747378 0.19694196 0.73747378
 0.19694196]

Parameters from current iteration:
                [0.18085513 0.72395269 0.18629844 0.73747378 0.19694196 0.73747378
 0.19694196]


                Percentage Error = 1.0371383568105305e-10
                
year done: 93
Time 94: 2
Optimization Iteration[1/20000]

Solving the optimization problem...
Set parameter TokenServer to value "licenses.rcc.uchicago.edu"
Read LP format model from file /scratch/local/jobs/50183995/tmp_pua793c.pyomo.lp
Reading time = 1.33 seconds
x1: 258121 rows, 502401 columns, 1259970 nonzeros
Set parameter Threads to value 8
Set parameter BarConvTol to value 1e-12
Gurobi Optimizer version 11.0.0 build v11.0.0rc2 (linux64 - "CentOS Linux 8")

CPU model: Intel(R) Xeon(R) Gold 6248R CPU @ 3.00GHz, instruction set [SSE2|AVX|AVX2|AVX512]
Thread count: 48 physical cores, 48 logical processors, using up to 8 threads

Optimize a model with 258121 rows, 502401 columns and 1259970 nonzeros
Model fingerprint: 0x8d02420f
Model has 3166 quadratic objective terms
Coefficient statistics:
  Matrix range     [1e+00, 1e+03]
  Objective range  [6e-08, 7e+01]
  QObjective range [4e-01, 3e+03]
  Bounds range     [3e-04, 1e+00]
  RHS range        [7e-17, 6e+00]
Presolve removed 131482 rows and 128814 columns
Presolve time: 0.55s
Presolved: 126639 rows, 373587 columns, 743930 nonzeros
Presolved model has 3166 quadratic objective terms
Ordering time: 0.16s

Barrier statistics:
 AA' NZ     : 3.709e+05
 Factor NZ  : 4.212e+06 (roughly 240 MB of memory)
 Factor Ops : 3.974e+08 (less than 1 second per iteration)
 Threads    : 8

                  Objective                Residual
Iter       Primal          Dual         Primal    Dual     Compl     Time
   0  -1.08208243e+09  8.62426925e+08  7.80e+04 1.14e-13  1.00e+06     1s
   1  -6.18909580e+08  5.71190885e+08  1.71e+04 1.38e+02  2.40e+05     1s
   2  -3.11035477e+08  3.11021848e+08  2.28e+02 1.12e+00  4.48e+03     1s
   3  -7.31788342e+07  7.38397133e+07  1.92e+00 1.75e-12  3.19e+02     1s
   4  -1.39340230e+07  1.46173254e+07  1.62e-01 4.27e-12  5.90e+01     1s
   5  -2.55218677e+06  2.82756849e+06  1.24e-02 1.28e-12  1.09e+01     1s
   6  -3.71998805e+05  4.27121072e+05  1.24e-08 9.92e-13  1.61e+00     2s
   7  -5.57163351e+04  7.01840562e+04  1.62e-13 6.99e-13  2.53e-01     2s
   8  -8.40122250e+03  1.00456382e+04  3.99e-14 2.80e-13  3.71e-02     2s
   9  -1.34536755e+03  1.65074811e+03  2.14e-14 4.26e-14  6.03e-03     2s
  10  -2.20377834e+02  2.07382934e+02  1.19e-14 3.55e-14  8.61e-04     2s
  11  -4.88090567e+01  3.19022021e+01  2.71e-15 1.42e-14  1.62e-04     2s
  12  -8.09806751e+00  5.73867440e+00  9.22e-16 1.42e-14  2.78e-05     2s
  13  -7.52219212e-01  1.07545798e+00  3.75e-16 1.42e-14  3.68e-06     2s
  14   3.46535931e-01  7.93740534e-01  5.33e-16 1.42e-14  9.00e-07     3s
  15   5.66812694e-01  7.45358237e-01  1.33e-16 1.47e-14  3.59e-07     3s
  16   6.48112410e-01  7.13803752e-01  1.47e-16 2.13e-14  1.32e-07     3s
  17   6.68318815e-01  7.05868092e-01  7.96e-17 1.42e-14  7.55e-08     3s
  18   6.86547885e-01  6.99163270e-01  6.41e-17 1.42e-14  2.54e-08     3s
  19   6.92706024e-01  6.96909827e-01  1.01e-16 2.84e-14  8.46e-09     3s
  20   6.95232807e-01  6.96008974e-01  7.73e-17 1.42e-14  1.56e-09     3s
  21   6.95722988e-01  6.95835358e-01  1.14e-16 2.84e-14  2.26e-10     3s
  22   6.95797932e-01  6.95808850e-01  1.40e-16 2.13e-14  2.20e-11     3s
  23   6.95805872e-01  6.95806042e-01  3.31e-16 1.42e-14  3.41e-13     3s
  24   6.95805970e-01  6.95806007e-01  3.98e-15 1.42e-14  7.57e-14     3s
  25   6.95805990e-01  6.95806000e-01  4.98e-15 2.84e-14  1.98e-14     3s
  26   6.95805996e-01  6.95805998e-01  2.58e-15 1.42e-14  5.02e-15     4s
  27   6.95805997e-01  6.95805998e-01  2.08e-15 1.42e-14  1.31e-15     4s
  28   6.95805997e-01  6.95805998e-01  1.03e-15 1.42e-14  6.00e-16     4s
  29   6.95805997e-01  6.95805998e-01  8.39e-16 1.42e-14  5.60e-16     4s
  30   6.95805998e-01  6.95805998e-01  9.30e-16 1.42e-14  3.27e-16     4s
  31   6.95805998e-01  6.95805998e-01  4.90e-16 1.42e-14  1.72e-16     4s
  32   6.95805998e-01  6.95805998e-01  4.21e-16 1.42e-14  1.59e-16     4s
  33   6.95805998e-01  6.95805998e-01  3.00e-16 1.42e-14  8.64e-17     4s

Barrier solved model in 33 iterations and 4.15 seconds (3.90 work units)
Optimal objective 6.95805998e-01

objective value: 0.695805997632041
Done! Time elapsed: 24.299683332443237 seconds.
g_0_1: 1.039397293395978
g_1_1: 1.023978349215454
g_1_2: 1.0706807116163684
g_2_1: 1.043102944297983
g_2_2: 1.131850321291226
g_2_3: 1.0431029443009692
g_2_4: 1.1318503210186168
Parameters from last iteration: [0.18085513 0.72395269 0.18629844 0.73747378 0.19694196 0.73747378
 0.19694196]

Parameters from current iteration:
                [0.18085513 0.72395269 0.18629844 0.73747378 0.19694196 0.73747378
 0.19694196]


                Percentage Error = 6.560420500403991e-13
                
year done: 94
Time 95: 2
Optimization Iteration[1/20000]

Solving the optimization problem...
Set parameter TokenServer to value "licenses.rcc.uchicago.edu"
Read LP format model from file /scratch/local/jobs/50183995/tmp4dxig5ij.pyomo.lp
Reading time = 1.35 seconds
x1: 258121 rows, 502401 columns, 1259970 nonzeros
Set parameter Threads to value 8
Set parameter BarConvTol to value 1e-12
Gurobi Optimizer version 11.0.0 build v11.0.0rc2 (linux64 - "CentOS Linux 8")

CPU model: Intel(R) Xeon(R) Gold 6248R CPU @ 3.00GHz, instruction set [SSE2|AVX|AVX2|AVX512]
Thread count: 48 physical cores, 48 logical processors, using up to 8 threads

Optimize a model with 258121 rows, 502401 columns and 1259970 nonzeros
Model fingerprint: 0x425670a9
Model has 3166 quadratic objective terms
Coefficient statistics:
  Matrix range     [1e+00, 1e+03]
  Objective range  [6e-08, 7e+01]
  QObjective range [4e-01, 3e+03]
  Bounds range     [3e-04, 1e+00]
  RHS range        [7e-17, 6e+00]
Presolve removed 131482 rows and 128814 columns
Presolve time: 0.55s
Presolved: 126639 rows, 373587 columns, 743930 nonzeros
Presolved model has 3166 quadratic objective terms
Ordering time: 0.16s

Barrier statistics:
 AA' NZ     : 3.709e+05
 Factor NZ  : 4.212e+06 (roughly 240 MB of memory)
 Factor Ops : 3.974e+08 (less than 1 second per iteration)
 Threads    : 8

                  Objective                Residual
Iter       Primal          Dual         Primal    Dual     Compl     Time
   0  -1.08208243e+09  8.62426925e+08  7.80e+04 1.14e-13  1.00e+06     1s
   1  -6.18909580e+08  5.71190884e+08  1.71e+04 1.38e+02  2.40e+05     1s
   2  -3.11035477e+08  3.11021848e+08  2.28e+02 1.12e+00  4.48e+03     1s
   3  -7.31788342e+07  7.38397133e+07  1.92e+00 1.82e-12  3.19e+02     1s
   4  -1.39340230e+07  1.46173254e+07  1.62e-01 6.20e-12  5.90e+01     1s
   5  -2.55218678e+06  2.82756848e+06  1.24e-02 1.48e-12  1.09e+01     1s
   6  -3.71998810e+05  4.27121067e+05  1.24e-08 1.01e-12  1.61e+00     2s
   7  -5.57163398e+04  7.01840514e+04  1.46e-13 6.35e-13  2.53e-01     2s
   8  -8.40122726e+03  1.00456335e+04  3.68e-14 2.22e-13  3.71e-02     2s
   9  -1.34537232e+03  1.65074334e+03  2.01e-14 4.26e-14  6.03e-03     2s
  10  -2.20382603e+02  2.07378164e+02  7.65e-15 2.84e-14  8.61e-04     2s
  11  -4.88138257e+01  3.18974330e+01  2.56e-15 2.84e-14  1.62e-04     2s
  12  -8.10283656e+00  5.73390534e+00  1.12e-15 1.42e-14  2.78e-05     2s
  13  -7.56988263e-01  1.07068893e+00  3.66e-16 1.42e-14  3.68e-06     2s
  14   3.41766881e-01  7.88971483e-01  5.01e-16 1.42e-14  9.00e-07     3s
  15   5.62043643e-01  7.40589186e-01  2.09e-16 1.42e-14  3.59e-07     3s
  16   6.43343360e-01  7.09034701e-01  7.16e-17 2.84e-14  1.32e-07     3s
  17   6.63549764e-01  7.01099042e-01  8.12e-17 1.42e-14  7.55e-08     3s
  18   6.81778834e-01  6.94394219e-01  4.31e-17 1.42e-14  2.54e-08     3s
  19   6.87936973e-01  6.92140776e-01  5.79e-17 1.42e-14  8.46e-09     3s
  20   6.90463756e-01  6.91239923e-01  8.49e-17 1.42e-14  1.56e-09     3s
  21   6.90953937e-01  6.91066307e-01  9.20e-17 2.84e-14  2.26e-10     3s
  22   6.91028881e-01  6.91039799e-01  1.61e-16 1.42e-14  2.20e-11     3s
  23   6.91036821e-01  6.91036991e-01  2.94e-16 1.42e-14  3.41e-13     3s
  24   6.91036919e-01  6.91036957e-01  3.06e-15 1.47e-14  7.55e-14     3s
  25   6.91036939e-01  6.91036949e-01  5.84e-15 1.42e-14  1.98e-14     3s
  26   6.91036945e-01  6.91036947e-01  2.71e-15 1.42e-14  5.02e-15     4s
  27   6.91036946e-01  6.91036947e-01  2.31e-15 1.42e-14  1.30e-15     4s
  28   6.91036947e-01  6.91036947e-01  1.00e-15 1.42e-14  5.96e-16     4s
  29   6.91036947e-01  6.91036947e-01  8.88e-16 1.42e-14  5.57e-16     4s
  30   6.91036947e-01  6.91036947e-01  7.80e-16 1.42e-14  3.25e-16     4s
  31   6.91036947e-01  6.91036947e-01  5.31e-16 1.42e-14  1.72e-16     4s
  32   6.91036947e-01  6.91036947e-01  4.79e-16 1.42e-14  1.63e-16     4s
  33   6.91036947e-01  6.91036947e-01  3.17e-16 1.42e-14  1.12e-16     4s
  34   6.91036947e-01  6.91036947e-01  2.82e-16 1.42e-14  5.20e-17     4s

Barrier solved model in 34 iterations and 4.26 seconds (3.98 work units)
Optimal objective 6.91036947e-01

objective value: 0.6910369467246741
Done! Time elapsed: 24.370140314102173 seconds.
g_0_1: 1.0393972933725342
g_1_1: 1.023978349226888
g_1_2: 1.0706807116020742
g_2_1: 1.0431029443063826
g_2_2: 1.131850321173876
g_2_3: 1.0431029443081687
g_2_4: 1.1318503210098838
Parameters from last iteration: [0.18085513 0.72395269 0.18629844 0.73747378 0.19694196 0.73747378
 0.19694196]

Parameters from current iteration:
                [0.18085513 0.72395269 0.18629844 0.73747378 0.19694196 0.73747378
 0.19694196]


                Percentage Error = 1.036798708724999e-10
                
year done: 95
Time 96: 2
Optimization Iteration[1/20000]

Solving the optimization problem...
Set parameter TokenServer to value "licenses.rcc.uchicago.edu"
Read LP format model from file /scratch/local/jobs/50183995/tmp0f7llfdq.pyomo.lp
Reading time = 1.36 seconds
x1: 258121 rows, 502401 columns, 1259970 nonzeros
Set parameter Threads to value 8
Set parameter BarConvTol to value 1e-12
Gurobi Optimizer version 11.0.0 build v11.0.0rc2 (linux64 - "CentOS Linux 8")

CPU model: Intel(R) Xeon(R) Gold 6248R CPU @ 3.00GHz, instruction set [SSE2|AVX|AVX2|AVX512]
Thread count: 48 physical cores, 48 logical processors, using up to 8 threads

Optimize a model with 258121 rows, 502401 columns and 1259970 nonzeros
Model fingerprint: 0x9a3f9150
Model has 3166 quadratic objective terms
Coefficient statistics:
  Matrix range     [1e+00, 1e+03]
  Objective range  [6e-08, 7e+01]
  QObjective range [4e-01, 3e+03]
  Bounds range     [3e-04, 1e+00]
  RHS range        [7e-17, 6e+00]
Presolve removed 131482 rows and 128814 columns
Presolve time: 0.55s
Presolved: 126639 rows, 373587 columns, 743930 nonzeros
Presolved model has 3166 quadratic objective terms
Ordering time: 0.16s

Barrier statistics:
 AA' NZ     : 3.709e+05
 Factor NZ  : 4.212e+06 (roughly 240 MB of memory)
 Factor Ops : 3.974e+08 (less than 1 second per iteration)
 Threads    : 8

                  Objective                Residual
Iter       Primal          Dual         Primal    Dual     Compl     Time
   0  -1.08208243e+09  8.62426925e+08  7.80e+04 1.13e-13  1.00e+06     1s
   1  -6.18909580e+08  5.71190884e+08  1.71e+04 1.38e+02  2.40e+05     1s
   2  -3.11035477e+08  3.11021848e+08  2.28e+02 1.12e+00  4.48e+03     1s
   3  -7.31788342e+07  7.38397133e+07  1.92e+00 1.68e-12  3.19e+02     1s
   4  -1.39340230e+07  1.46173254e+07  1.62e-01 5.10e-12  5.90e+01     1s
   5  -2.55218678e+06  2.82756848e+06  1.24e-02 1.25e-12  1.09e+01     1s
   6  -3.71998814e+05  4.27121062e+05  1.24e-08 1.11e-12  1.61e+00     2s
   7  -5.57163444e+04  7.01840469e+04  1.37e-13 6.89e-13  2.53e-01     2s
   8  -8.40123182e+03  1.00456289e+04  4.30e-14 2.20e-13  3.71e-02     2s
   9  -1.34537687e+03  1.65073879e+03  1.91e-14 3.15e-14  6.03e-03     2s
  10  -2.20387157e+02  2.07373610e+02  7.86e-15 3.55e-14  8.61e-04     2s
  11  -4.88183801e+01  3.18928786e+01  2.86e-15 1.42e-14  1.62e-04     2s
  12  -8.10739097e+00  5.72935094e+00  1.19e-15 2.84e-14  2.78e-05     2s
  13  -7.61542671e-01  1.06613452e+00  3.92e-16 1.42e-14  3.68e-06     2s
  14   3.37212472e-01  7.84417075e-01  5.60e-16 1.42e-14  9.00e-07     3s
  15   5.57489234e-01  7.36034778e-01  3.34e-16 2.13e-14  3.59e-07     3s
  16   6.38788951e-01  7.04480293e-01  1.45e-16 2.13e-14  1.32e-07     3s
  17   6.58995356e-01  6.96544633e-01  1.61e-16 2.84e-14  7.55e-08     3s
  18   6.77224426e-01  6.89839810e-01  9.07e-17 1.42e-14  2.54e-08     3s
  19   6.83382565e-01  6.87586368e-01  1.27e-16 1.42e-14  8.46e-09     3s
  20   6.85909347e-01  6.86685515e-01  4.94e-17 1.42e-14  1.56e-09     3s
  21   6.86399529e-01  6.86511899e-01  8.34e-17 1.42e-14  2.26e-10     3s
  22   6.86474473e-01  6.86485390e-01  1.81e-16 1.42e-14  2.20e-11     3s
  23   6.86482413e-01  6.86482583e-01  2.92e-16 1.42e-14  3.41e-13     3s
  24   6.86482511e-01  6.86482548e-01  2.52e-15 1.42e-14  7.51e-14     3s
  25   6.86482531e-01  6.86482541e-01  5.41e-15 2.84e-14  1.97e-14     3s
  26   6.86482537e-01  6.86482539e-01  2.53e-15 1.42e-14  4.99e-15     4s
  27   6.86482538e-01  6.86482539e-01  1.60e-15 8.88e-15  1.30e-15     4s
  28   6.86482538e-01  6.86482539e-01  9.80e-16 1.42e-14  5.88e-16     4s
  29   6.86482538e-01  6.86482539e-01  8.35e-16 1.42e-14  5.49e-16     4s
  30   6.86482538e-01  6.86482539e-01  7.56e-16 7.55e-15  3.21e-16     4s
  31   6.86482538e-01  6.86482538e-01  5.62e-16 1.42e-14  1.69e-16     4s
  32   6.86482538e-01  6.86482538e-01  5.18e-16 1.42e-14  1.56e-16     4s
  33   6.86482538e-01  6.86482538e-01  2.64e-16 1.42e-14  8.44e-17     4s

Barrier solved model in 33 iterations and 4.16 seconds (3.90 work units)
Optimal objective 6.86482538e-01

objective value: 0.6864825384424447
Done! Time elapsed: 25.892457962036133 seconds.
g_0_1: 1.0393972933946123
g_1_1: 1.023978349216121
g_1_2: 1.0706807116155213
g_2_1: 1.0431029442984656
g_2_2: 1.131850321284436
g_2_3: 1.0431029443013933
g_2_4: 1.1318503210181046
Parameters from last iteration: [0.18085513 0.72395269 0.18629844 0.73747378 0.19694196 0.73747378
 0.19694196]

Parameters from current iteration:
                [0.18085513 0.72395269 0.18629844 0.73747378 0.19694196 0.73747378
 0.19694196]


                Percentage Error = 9.76806446772272e-11
                
year done: 96
Time 97: 2
Optimization Iteration[1/20000]

Solving the optimization problem...
Set parameter TokenServer to value "licenses.rcc.uchicago.edu"
Read LP format model from file /scratch/local/jobs/50183995/tmpv9azwx7v.pyomo.lp
Reading time = 1.34 seconds
x1: 258121 rows, 502401 columns, 1259970 nonzeros
Set parameter Threads to value 8
Set parameter BarConvTol to value 1e-12
Gurobi Optimizer version 11.0.0 build v11.0.0rc2 (linux64 - "CentOS Linux 8")

CPU model: Intel(R) Xeon(R) Gold 6248R CPU @ 3.00GHz, instruction set [SSE2|AVX|AVX2|AVX512]
Thread count: 48 physical cores, 48 logical processors, using up to 8 threads

Optimize a model with 258121 rows, 502401 columns and 1259970 nonzeros
Model fingerprint: 0x49e2df47
Model has 3166 quadratic objective terms
Coefficient statistics:
  Matrix range     [1e+00, 1e+03]
  Objective range  [6e-08, 7e+01]
  QObjective range [4e-01, 3e+03]
  Bounds range     [3e-04, 1e+00]
  RHS range        [7e-17, 6e+00]
Presolve removed 131482 rows and 128814 columns
Presolve time: 0.56s
Presolved: 126639 rows, 373587 columns, 743930 nonzeros
Presolved model has 3166 quadratic objective terms
Ordering time: 0.16s

Barrier statistics:
 AA' NZ     : 3.709e+05
 Factor NZ  : 4.212e+06 (roughly 240 MB of memory)
 Factor Ops : 3.974e+08 (less than 1 second per iteration)
 Threads    : 8

                  Objective                Residual
Iter       Primal          Dual         Primal    Dual     Compl     Time
   0  -1.08208243e+09  8.62426925e+08  7.80e+04 1.14e-13  1.00e+06     1s
   1  -6.18909580e+08  5.71190884e+08  1.71e+04 1.38e+02  2.40e+05     1s
   2  -3.11035477e+08  3.11021848e+08  2.28e+02 1.12e+00  4.48e+03     1s
   3  -7.31788342e+07  7.38397133e+07  1.92e+00 1.47e-12  3.19e+02     1s
   4  -1.39340230e+07  1.46173254e+07  1.62e-01 3.80e-12  5.90e+01     1s
   5  -2.55218678e+06  2.82756847e+06  1.24e-02 1.22e-12  1.09e+01     1s
   6  -3.71998819e+05  4.27121058e+05  1.24e-08 9.39e-13  1.61e+00     2s
   7  -5.57163487e+04  7.01840425e+04  1.69e-13 6.78e-13  2.53e-01     2s
   8  -8.40123617e+03  1.00456246e+04  4.06e-14 2.64e-13  3.71e-02     2s
   9  -1.34538122e+03  1.65073444e+03  1.69e-14 4.26e-14  6.03e-03     2s
  10  -2.20391506e+02  2.07369261e+02  1.00e-14 4.26e-14  8.61e-04     2s
  11  -4.88227296e+01  3.18885292e+01  2.14e-15 2.84e-14  1.62e-04     2s
  12  -8.11174039e+00  5.72500151e+00  8.58e-16 1.42e-14  2.78e-05     2s
  13  -7.65892097e-01  1.06178509e+00  3.56e-16 1.42e-14  3.68e-06     2s
  14   3.32863046e-01  7.80067649e-01  4.17e-16 1.42e-14  9.00e-07     3s
  15   5.53139808e-01  7.31685352e-01  1.60e-16 2.13e-14  3.59e-07     3s
  16   6.34439525e-01  7.00130867e-01  8.21e-17 1.42e-14  1.32e-07     3s
  17   6.54645930e-01  6.92195207e-01  5.34e-17 1.42e-14  7.55e-08     3s
  18   6.72875000e-01  6.85490384e-01  7.55e-17 1.42e-14  2.54e-08     3s
  19   6.79033139e-01  6.83236942e-01  1.18e-16 1.42e-14  8.46e-09     3s
  20   6.81559921e-01  6.82336089e-01  7.22e-17 1.42e-14  1.56e-09     3s
  21   6.82050103e-01  6.82162473e-01  1.19e-16 1.42e-14  2.26e-10     3s
  22   6.82125046e-01  6.82135964e-01  1.26e-16 1.42e-14  2.20e-11     3s
  23   6.82132987e-01  6.82133157e-01  3.70e-16 2.13e-14  3.41e-13     3s
  24   6.82133085e-01  6.82133122e-01  3.00e-15 1.42e-14  7.49e-14     3s
  25   6.82133105e-01  6.82133115e-01  5.20e-15 2.13e-14  1.96e-14     3s
  26   6.82133111e-01  6.82133113e-01  2.66e-15 2.13e-14  4.98e-15     4s
  27   6.82133112e-01  6.82133113e-01  1.75e-15 2.13e-14  1.29e-15     4s
  28   6.82133112e-01  6.82133112e-01  9.83e-16 2.13e-14  5.84e-16     4s
  29   6.82133112e-01  6.82133112e-01  8.56e-16 1.42e-14  5.46e-16     4s
  30   6.82133112e-01  6.82133112e-01  7.44e-16 1.42e-14  3.19e-16     4s
  31   6.82133112e-01  6.82133112e-01  5.01e-16 1.42e-14  1.68e-16     4s
  32   6.82133112e-01  6.82133112e-01  4.30e-16 1.42e-14  1.55e-16     4s
  33   6.82133112e-01  6.82133112e-01  2.63e-16 1.42e-14  8.42e-17     4s

Barrier solved model in 33 iterations and 4.16 seconds (3.90 work units)
Optimal objective 6.82133112e-01

objective value: 0.6821331123100588
Done! Time elapsed: 24.340962171554565 seconds.
g_0_1: 1.039397293394463
g_1_1: 1.0239783492161876
g_1_2: 1.0706807116154249
g_2_1: 1.0431029442985205
g_2_2: 1.131850321283637
g_2_3: 1.043102944301439
g_2_4: 1.1318503210180442
Parameters from last iteration: [0.18085513 0.72395269 0.18629844 0.73747378 0.19694196 0.73747378
 0.19694196]

Parameters from current iteration:
                [0.18085513 0.72395269 0.18629844 0.73747378 0.19694196 0.73747378
 0.19694196]


                Percentage Error = 7.057913182866133e-13
                
year done: 97
Time 98: 2
Optimization Iteration[1/20000]

Solving the optimization problem...
Set parameter TokenServer to value "licenses.rcc.uchicago.edu"
Read LP format model from file /scratch/local/jobs/50183995/tmpd76sgk_a.pyomo.lp
Reading time = 1.33 seconds
x1: 258121 rows, 502401 columns, 1259970 nonzeros
Set parameter Threads to value 8
Set parameter BarConvTol to value 1e-12
Gurobi Optimizer version 11.0.0 build v11.0.0rc2 (linux64 - "CentOS Linux 8")

CPU model: Intel(R) Xeon(R) Gold 6248R CPU @ 3.00GHz, instruction set [SSE2|AVX|AVX2|AVX512]
Thread count: 48 physical cores, 48 logical processors, using up to 8 threads

Optimize a model with 258121 rows, 502401 columns and 1259970 nonzeros
Model fingerprint: 0x305af90c
Model has 3166 quadratic objective terms
Coefficient statistics:
  Matrix range     [1e+00, 1e+03]
  Objective range  [6e-08, 7e+01]
  QObjective range [4e-01, 3e+03]
  Bounds range     [3e-04, 1e+00]
  RHS range        [7e-17, 6e+00]
Presolve removed 131482 rows and 128814 columns
Presolve time: 0.54s
Presolved: 126639 rows, 373587 columns, 743930 nonzeros
Presolved model has 3166 quadratic objective terms
Ordering time: 0.16s

Barrier statistics:
 AA' NZ     : 3.709e+05
 Factor NZ  : 4.212e+06 (roughly 240 MB of memory)
 Factor Ops : 3.974e+08 (less than 1 second per iteration)
 Threads    : 8

                  Objective                Residual
Iter       Primal          Dual         Primal    Dual     Compl     Time
   0  -1.08208243e+09  8.62426925e+08  7.80e+04 1.13e-13  1.00e+06     1s
   1  -6.18909580e+08  5.71190884e+08  1.71e+04 1.38e+02  2.40e+05     1s
   2  -3.11035477e+08  3.11021848e+08  2.28e+02 1.12e+00  4.48e+03     1s
   3  -7.31788342e+07  7.38397133e+07  1.92e+00 2.34e-12  3.19e+02     1s
   4  -1.39340230e+07  1.46173254e+07  1.62e-01 3.75e-12  5.90e+01     1s
   5  -2.55218679e+06  2.82756847e+06  1.24e-02 1.24e-12  1.09e+01     1s
   6  -3.71998823e+05  4.27121054e+05  1.24e-08 1.15e-12  1.61e+00     2s
   7  -5.57163529e+04  7.01840384e+04  1.08e-13 7.33e-13  2.53e-01     2s
   8  -8.40124032e+03  1.00456204e+04  6.48e-14 2.24e-13  3.71e-02     2s
   9  -1.34538537e+03  1.65073028e+03  1.69e-14 2.84e-14  6.03e-03     2s
  10  -2.20395660e+02  2.07365107e+02  1.26e-14 2.84e-14  8.61e-04     2s
  11  -4.88268832e+01  3.18843755e+01  2.23e-15 2.84e-14  1.62e-04     2s
  12  -8.11589406e+00  5.72084784e+00  1.01e-15 1.42e-14  2.78e-05     2s
  13  -7.70045767e-01  1.05763142e+00  3.45e-16 1.42e-14  3.68e-06     2s
  14   3.28709376e-01  7.75913979e-01  7.01e-16 1.42e-14  9.00e-07     3s
  15   5.48986139e-01  7.27531682e-01  1.25e-16 1.42e-14  3.59e-07     3s
  16   6.30285855e-01  6.95977197e-01  9.45e-17 1.42e-14  1.32e-07     3s
  17   6.50492260e-01  6.88041537e-01  3.95e-17 1.42e-14  7.55e-08     3s
  18   6.68721330e-01  6.81336715e-01  9.46e-17 1.42e-14  2.54e-08     3s
  19   6.74879469e-01  6.79083272e-01  6.61e-17 1.42e-14  8.46e-09     3s
  20   6.77406252e-01  6.78182419e-01  6.14e-17 2.13e-14  1.56e-09     3s
  21   6.77896433e-01  6.78008803e-01  7.61e-17 1.42e-14  2.26e-10     3s
  22   6.77971377e-01  6.77982295e-01  1.07e-16 1.42e-14  2.20e-11     3s
  23   6.77979317e-01  6.77979487e-01  3.63e-16 1.42e-14  3.41e-13     3s
  24   6.77979415e-01  6.77979452e-01  2.81e-15 1.42e-14  7.47e-14     3s
  25   6.77979435e-01  6.77979445e-01  5.54e-15 1.42e-14  1.96e-14     3s
  26   6.77979441e-01  6.77979443e-01  2.69e-15 1.42e-14  4.97e-15     4s
  27   6.77979442e-01  6.77979443e-01  1.65e-15 1.42e-14  1.29e-15     4s
  28   6.77979442e-01  6.77979443e-01  9.62e-16 1.42e-14  5.81e-16     4s
  29   6.77979442e-01  6.77979443e-01  8.01e-16 1.95e-14  5.43e-16     4s
  30   6.77979443e-01  6.77979443e-01  9.27e-16 1.42e-14  3.17e-16     4s
  31   6.77979443e-01  6.77979443e-01  4.61e-16 1.42e-14  1.68e-16     4s
  32   6.77979443e-01  6.77979443e-01  4.06e-16 1.42e-14  1.55e-16     4s
  33   6.77979443e-01  6.77979443e-01  2.60e-16 1.42e-14  8.39e-17     4s

Barrier solved model in 33 iterations and 4.14 seconds (3.90 work units)
Optimal objective 6.77979443e-01

objective value: 0.6779794426005519
Done! Time elapsed: 24.40875506401062 seconds.
g_0_1: 1.0393972933942985
g_1_1: 1.0239783492162646
g_1_2: 1.0706807116153334
g_2_1: 1.0431029442985802
g_2_2: 1.1318503212828488
g_2_3: 1.043102944301484
g_2_4: 1.131850321017984
Parameters from last iteration: [0.18085513 0.72395269 0.18629844 0.73747378 0.19694196 0.73747378
 0.19694196]

Parameters from current iteration:
                [0.18085513 0.72395269 0.18629844 0.73747378 0.19694196 0.73747378
 0.19694196]


                Percentage Error = 6.964897553863627e-13
                
year done: 98
Time 99: 2
Optimization Iteration[1/20000]

Solving the optimization problem...
Set parameter TokenServer to value "licenses.rcc.uchicago.edu"
Read LP format model from file /scratch/local/jobs/50183995/tmpf87pmc54.pyomo.lp
Reading time = 1.37 seconds
x1: 258121 rows, 502401 columns, 1259970 nonzeros
Set parameter Threads to value 8
Set parameter BarConvTol to value 1e-12
Gurobi Optimizer version 11.0.0 build v11.0.0rc2 (linux64 - "CentOS Linux 8")

CPU model: Intel(R) Xeon(R) Gold 6248R CPU @ 3.00GHz, instruction set [SSE2|AVX|AVX2|AVX512]
Thread count: 48 physical cores, 48 logical processors, using up to 8 threads

Optimize a model with 258121 rows, 502401 columns and 1259970 nonzeros
Model fingerprint: 0x65f0d9e6
Model has 3166 quadratic objective terms
Coefficient statistics:
  Matrix range     [1e+00, 1e+03]
  Objective range  [6e-08, 7e+01]
  QObjective range [4e-01, 3e+03]
  Bounds range     [3e-04, 1e+00]
  RHS range        [7e-17, 6e+00]
Presolve removed 131482 rows and 128814 columns
Presolve time: 0.55s
Presolved: 126639 rows, 373587 columns, 743930 nonzeros
Presolved model has 3166 quadratic objective terms
Ordering time: 0.16s

Barrier statistics:
 AA' NZ     : 3.709e+05
 Factor NZ  : 4.212e+06 (roughly 240 MB of memory)
 Factor Ops : 3.974e+08 (less than 1 second per iteration)
 Threads    : 8

                  Objective                Residual
Iter       Primal          Dual         Primal    Dual     Compl     Time
   0  -1.08208243e+09  8.62426925e+08  7.80e+04 1.14e-13  1.00e+06     1s
   1  -6.18909580e+08  5.71190884e+08  1.71e+04 1.38e+02  2.40e+05     1s
   2  -3.11035477e+08  3.11021848e+08  2.28e+02 1.12e+00  4.48e+03     1s
   3  -7.31788342e+07  7.38397133e+07  1.92e+00 1.82e-12  3.19e+02     1s
   4  -1.39340230e+07  1.46173254e+07  1.62e-01 4.66e-12  5.90e+01     1s
   5  -2.55218679e+06  2.82756846e+06  1.24e-02 1.19e-12  1.09e+01     1s
   6  -3.71998827e+05  4.27121050e+05  1.24e-08 1.01e-12  1.61e+00     2s
   7  -5.57163569e+04  7.01840344e+04  1.08e-13 6.26e-13  2.53e-01     2s
   8  -8.40124429e+03  1.00456164e+04  4.49e-14 2.21e-13  3.71e-02     2s
   9  -1.34538934e+03  1.65072632e+03  1.68e-14 2.93e-14  6.03e-03     2s
  10  -2.20399627e+02  2.07361140e+02  7.51e-15 2.84e-14  8.61e-04     2s
  11  -4.88308500e+01  3.18804088e+01  2.75e-15 2.13e-14  1.62e-04     2s
  12  -8.11986079e+00  5.71688112e+00  8.93e-16 2.13e-14  2.78e-05     2s
  13  -7.74012491e-01  1.05366470e+00  4.40e-16 1.42e-14  3.68e-06     2s
  14   3.24742653e-01  7.71947255e-01  4.36e-16 1.42e-14  9.00e-07     3s
  15   5.45019415e-01  7.23564958e-01  2.51e-16 1.42e-14  3.59e-07     3s
  16   6.26319132e-01  6.92010473e-01  6.47e-17 1.42e-14  1.32e-07     3s
  17   6.46525536e-01  6.84074814e-01  9.79e-17 2.13e-14  7.55e-08     3s
  18   6.64754606e-01  6.77369991e-01  6.96e-17 1.42e-14  2.54e-08     3s
  19   6.70912745e-01  6.75116548e-01  1.47e-16 1.42e-14  8.46e-09     3s
  20   6.73439528e-01  6.74215695e-01  8.02e-17 1.42e-14  1.56e-09     3s
  21   6.73929709e-01  6.74042079e-01  1.24e-16 2.84e-14  2.26e-10     3s
  22   6.74004653e-01  6.74015571e-01  2.12e-16 1.15e-14  2.20e-11     3s
  23   6.74012594e-01  6.74012763e-01  3.20e-16 1.42e-14  3.41e-13     3s
  24   6.74012691e-01  6.74012729e-01  3.44e-15 1.42e-14  7.45e-14     3s
  25   6.74012712e-01  6.74012721e-01  6.00e-15 1.42e-14  1.96e-14     3s
  26   6.74012717e-01  6.74012720e-01  2.96e-15 1.78e-14  4.96e-15     4s
  27   6.74012718e-01  6.74012719e-01  1.48e-15 1.42e-14  1.29e-15     4s
  28   6.74012719e-01  6.74012719e-01  1.04e-15 1.42e-14  5.78e-16     4s
  29   6.74012719e-01  6.74012719e-01  9.56e-16 2.84e-14  5.40e-16     4s
  30   6.74012719e-01  6.74012719e-01  8.36e-16 1.42e-14  3.16e-16     4s
  31   6.74012719e-01  6.74012719e-01  5.33e-16 1.42e-14  1.67e-16     4s
  32   6.74012719e-01  6.74012719e-01  4.91e-16 1.42e-14  1.59e-16     4s
  33   6.74012719e-01  6.74012719e-01  2.72e-16 1.42e-14  1.11e-16     4s
  34   6.74012719e-01  6.74012719e-01  2.66e-16 1.42e-14  4.99e-17     4s

Barrier solved model in 34 iterations and 4.24 seconds (3.98 work units)
Optimal objective 6.74012719e-01

objective value: 0.6740127188355448
Done! Time elapsed: 24.506417512893677 seconds.
g_0_1: 1.0393972933711493
g_1_1: 1.0239783492275545
g_1_2: 1.0706807116012265
g_2_1: 1.0431029443068787
g_2_2: 1.131850321166971
g_2_3: 1.0431029443085913
g_2_4: 1.1318503210093724
Parameters from last iteration: [0.18085513 0.72395269 0.18629844 0.73747378 0.19694196 0.73747378
 0.19694196]

Parameters from current iteration:
                [0.18085513 0.72395269 0.18629844 0.73747378 0.19694196 0.73747378
 0.19694196]


                Percentage Error = 1.0237892046210258e-10
                
year done: 99
Time 100: 2
Optimization Iteration[1/20000]

Solving the optimization problem...
Set parameter TokenServer to value "licenses.rcc.uchicago.edu"
Read LP format model from file /scratch/local/jobs/50183995/tmplv12ii8v.pyomo.lp
Reading time = 1.34 seconds
x1: 258121 rows, 502401 columns, 1259970 nonzeros
Set parameter Threads to value 8
Set parameter BarConvTol to value 1e-12
Gurobi Optimizer version 11.0.0 build v11.0.0rc2 (linux64 - "CentOS Linux 8")

CPU model: Intel(R) Xeon(R) Gold 6248R CPU @ 3.00GHz, instruction set [SSE2|AVX|AVX2|AVX512]
Thread count: 48 physical cores, 48 logical processors, using up to 8 threads

Optimize a model with 258121 rows, 502401 columns and 1259970 nonzeros
Model fingerprint: 0xab9e9c78
Model has 3166 quadratic objective terms
Coefficient statistics:
  Matrix range     [1e+00, 1e+03]
  Objective range  [6e-08, 7e+01]
  QObjective range [4e-01, 3e+03]
  Bounds range     [3e-04, 1e+00]
  RHS range        [7e-17, 6e+00]
Presolve removed 131482 rows and 128814 columns
Presolve time: 0.56s
Presolved: 126639 rows, 373587 columns, 743930 nonzeros
Presolved model has 3166 quadratic objective terms
Ordering time: 0.16s

Barrier statistics:
 AA' NZ     : 3.709e+05
 Factor NZ  : 4.212e+06 (roughly 240 MB of memory)
 Factor Ops : 3.974e+08 (less than 1 second per iteration)
 Threads    : 8

                  Objective                Residual
Iter       Primal          Dual         Primal    Dual     Compl     Time
   0  -1.08208243e+09  8.62426925e+08  7.80e+04 1.14e-13  1.00e+06     1s
   1  -6.18909580e+08  5.71190884e+08  1.71e+04 1.38e+02  2.40e+05     1s
   2  -3.11035477e+08  3.11021848e+08  2.28e+02 1.12e+00  4.48e+03     1s
   3  -7.31788342e+07  7.38397133e+07  1.92e+00 1.39e-12  3.19e+02     1s
   4  -1.39340231e+07  1.46173254e+07  1.62e-01 6.02e-12  5.90e+01     1s
   5  -2.55218680e+06  2.82756846e+06  1.24e-02 1.45e-12  1.09e+01     1s
   6  -3.71998831e+05  4.27121046e+05  1.24e-08 1.00e-12  1.61e+00     2s
   7  -5.57163607e+04  7.01840306e+04  1.22e-13 7.12e-13  2.53e-01     2s
   8  -8.40124808e+03  1.00456127e+04  4.51e-14 2.10e-13  3.71e-02     2s
   9  -1.34539313e+03  1.65072253e+03  1.54e-14 3.00e-14  6.03e-03     2s
  10  -2.20403415e+02  2.07357352e+02  9.88e-15 2.84e-14  8.61e-04     2s
  11  -4.88346382e+01  3.18766206e+01  2.71e-15 1.42e-14  1.62e-04     2s
  12  -8.12364898e+00  5.71309293e+00  8.86e-16 2.84e-14  2.78e-05     2s
  13  -7.77800683e-01  1.04987651e+00  3.72e-16 1.55e-14  3.68e-06     2s
  14   3.20954461e-01  7.68159064e-01  4.22e-16 2.13e-14  9.00e-07     3s
  15   5.41231223e-01  7.19776767e-01  3.02e-16 1.42e-14  3.59e-07     3s
  16   6.22530940e-01  6.88222281e-01  8.37e-17 1.42e-14  1.32e-07     3s
  17   6.42737345e-01  6.80286622e-01  8.15e-17 1.42e-14  7.55e-08     3s
  18   6.60966415e-01  6.73581799e-01  6.49e-17 1.42e-14  2.54e-08     3s
  19   6.67124554e-01  6.71328357e-01  9.84e-17 1.42e-14  8.46e-09     3s
  20   6.69651336e-01  6.70427503e-01  7.29e-17 1.42e-14  1.56e-09     3s
  21   6.70141517e-01  6.70253887e-01  1.40e-16 1.42e-14  2.26e-10     3s
  22   6.70216461e-01  6.70227379e-01  8.23e-17 1.42e-14  2.20e-11     3s
  23   6.70224402e-01  6.70224571e-01  3.29e-16 1.42e-14  3.41e-13     3s
  24   6.70224500e-01  6.70224537e-01  2.80e-15 1.42e-14  7.40e-14     3s
  25   6.70224520e-01  6.70224530e-01  4.64e-15 1.42e-14  1.94e-14     3s
  26   6.70224525e-01  6.70224528e-01  2.26e-15 1.42e-14  4.93e-15     4s
  27   6.70224527e-01  6.70224527e-01  1.78e-15 1.42e-14  1.28e-15     4s
  28   6.70224527e-01  6.70224527e-01  1.14e-15 1.42e-14  5.70e-16     4s
  29   6.70224527e-01  6.70224527e-01  9.68e-16 1.42e-14  5.33e-16     4s
  30   6.70224527e-01  6.70224527e-01  8.87e-16 1.42e-14  3.12e-16     4s
  31   6.70224527e-01  6.70224527e-01  5.27e-16 1.42e-14  1.65e-16     4s
  32   6.70224527e-01  6.70224527e-01  4.62e-16 1.42e-14  1.52e-16     4s
  33   6.70224527e-01  6.70224527e-01  2.74e-16 1.42e-14  8.24e-17     4s

Barrier solved model in 33 iterations and 4.15 seconds (3.90 work units)
Optimal objective 6.70224527e-01

objective value: 0.6702245270259329
Done! Time elapsed: 25.974475383758545 seconds.
g_0_1: 1.0393972933932778
g_1_1: 1.023978349216762
g_1_2: 1.0706807116147077
g_2_1: 1.0431029442989375
g_2_2: 1.1318503212777362
g_2_3: 1.043102944301795
g_2_4: 1.1318503210176023
Parameters from last iteration: [0.18085513 0.72395269 0.18629844 0.73747378 0.19694196 0.73747378
 0.19694196]

Parameters from current iteration:
                [0.18085513 0.72395269 0.18629844 0.73747378 0.19694196 0.73747378
 0.19694196]


                Percentage Error = 9.78620251544064e-11
                
year done: 100
Time 101: 2
Optimization Iteration[1/20000]

Solving the optimization problem...
Set parameter TokenServer to value "licenses.rcc.uchicago.edu"
Read LP format model from file /scratch/local/jobs/50183995/tmpuj2674bo.pyomo.lp
Reading time = 1.33 seconds
x1: 258121 rows, 502401 columns, 1259970 nonzeros
Set parameter Threads to value 8
Set parameter BarConvTol to value 1e-12
Gurobi Optimizer version 11.0.0 build v11.0.0rc2 (linux64 - "CentOS Linux 8")

CPU model: Intel(R) Xeon(R) Gold 6248R CPU @ 3.00GHz, instruction set [SSE2|AVX|AVX2|AVX512]
Thread count: 48 physical cores, 48 logical processors, using up to 8 threads

Optimize a model with 258121 rows, 502401 columns and 1259970 nonzeros
Model fingerprint: 0xb32d9c43
Model has 3166 quadratic objective terms
Coefficient statistics:
  Matrix range     [1e+00, 1e+03]
  Objective range  [6e-08, 7e+01]
  QObjective range [4e-01, 3e+03]
  Bounds range     [3e-04, 1e+00]
  RHS range        [7e-17, 6e+00]
Presolve removed 131482 rows and 128814 columns
Presolve time: 0.54s
Presolved: 126639 rows, 373587 columns, 743930 nonzeros
Presolved model has 3166 quadratic objective terms
Ordering time: 0.16s

Barrier statistics:
 AA' NZ     : 3.709e+05
 Factor NZ  : 4.212e+06 (roughly 240 MB of memory)
 Factor Ops : 3.974e+08 (less than 1 second per iteration)
 Threads    : 8

                  Objective                Residual
Iter       Primal          Dual         Primal    Dual     Compl     Time
   0  -1.08208243e+09  8.62426925e+08  7.80e+04 1.13e-13  1.00e+06     1s
   1  -6.18909580e+08  5.71190884e+08  1.71e+04 1.38e+02  2.40e+05     1s
   2  -3.11035477e+08  3.11021848e+08  2.28e+02 1.12e+00  4.48e+03     1s
   3  -7.31788342e+07  7.38397133e+07  1.92e+00 1.75e-12  3.19e+02     1s
   4  -1.39340231e+07  1.46173254e+07  1.62e-01 4.81e-12  5.90e+01     1s
   5  -2.55218680e+06  2.82756846e+06  1.24e-02 1.23e-12  1.09e+01     1s
   6  -3.71998834e+05  4.27121042e+05  1.24e-08 1.49e-12  1.61e+00     2s
   7  -5.57163643e+04  7.01840270e+04  1.73e-13 7.70e-13  2.53e-01     2s
   8  -8.40125169e+03  1.00456090e+04  4.13e-14 2.20e-13  3.71e-02     2s
   9  -1.34539675e+03  1.65071891e+03  1.98e-14 2.84e-14  6.03e-03     2s
  10  -2.20407033e+02  2.07353734e+02  9.25e-15 2.84e-14  8.61e-04     2s
  11  -4.88382558e+01  3.18730029e+01  2.00e-15 2.84e-14  1.62e-04     2s
  12  -8.12726667e+00  5.70947523e+00  9.01e-16 1.51e-14  2.78e-05     2s
  13  -7.81418377e-01  1.04625881e+00  3.42e-16 1.42e-14  3.68e-06     2s
  14   3.17336766e-01  7.64541369e-01  5.07e-16 1.42e-14  9.00e-07     3s
  15   5.37613528e-01  7.16159072e-01  1.90e-16 1.42e-14  3.59e-07     3s
  16   6.18913245e-01  6.84604586e-01  9.45e-17 2.13e-14  1.32e-07     3s
  17   6.39119649e-01  6.76668927e-01  3.81e-17 2.84e-14  7.55e-08     3s
  18   6.57348719e-01  6.69964104e-01  9.66e-17 1.42e-14  2.54e-08     3s
  19   6.63506859e-01  6.67710662e-01  1.00e-16 2.84e-14  8.46e-09     3s
  20   6.66033641e-01  6.66809808e-01  5.20e-17 1.42e-14  1.56e-09     3s
  21   6.66523822e-01  6.66636192e-01  1.29e-16 1.42e-14  2.26e-10     3s
  22   6.66598766e-01  6.66609684e-01  9.14e-17 1.42e-14  2.20e-11     3s
  23   6.66606707e-01  6.66606876e-01  3.96e-16 4.26e-14  3.41e-13     3s
  24   6.66606805e-01  6.66606842e-01  2.73e-15 1.42e-14  7.39e-14     3s
  25   6.66606825e-01  6.66606834e-01  5.43e-15 1.42e-14  1.94e-14     3s
  26   6.66606830e-01  6.66606833e-01  3.25e-15 1.42e-14  4.92e-15     4s
  27   6.66606832e-01  6.66606832e-01  1.34e-15 1.42e-14  1.28e-15     4s
  28   6.66606832e-01  6.66606832e-01  1.01e-15 1.42e-14  5.67e-16     4s
  29   6.66606832e-01  6.66606832e-01  9.22e-16 1.42e-14  5.30e-16     4s
  30   6.66606832e-01  6.66606832e-01  9.19e-16 1.42e-14  3.10e-16     4s
  31   6.66606832e-01  6.66606832e-01  5.29e-16 1.42e-14  1.64e-16     4s
  32   6.66606832e-01  6.66606832e-01  5.10e-16 1.42e-14  1.51e-16     4s
  33   6.66606832e-01  6.66606832e-01  2.52e-16 1.42e-14  8.22e-17     4s

Barrier solved model in 33 iterations and 4.14 seconds (3.90 work units)
Optimal objective 6.66606832e-01

objective value: 0.6666068319441945
Done! Time elapsed: 24.451313018798828 seconds.
g_0_1: 1.0393972933931301
g_1_1: 1.0239783492168317
g_1_2: 1.0706807116146233
g_2_1: 1.0431029442989934
g_2_2: 1.1318503212769937
g_2_3: 1.0431029443018345
g_2_4: 1.131850321017549
Parameters from last iteration: [0.18085513 0.72395269 0.18629844 0.73747378 0.19694196 0.73747378
 0.19694196]

Parameters from current iteration:
                [0.18085513 0.72395269 0.18629844 0.73747378 0.19694196 0.73747378
 0.19694196]


                Percentage Error = 6.560420500486485e-13
                
year done: 101
Time 102: 2
Optimization Iteration[1/20000]

Solving the optimization problem...
Set parameter TokenServer to value "licenses.rcc.uchicago.edu"
Read LP format model from file /scratch/local/jobs/50183995/tmpgzhyt5es.pyomo.lp
Reading time = 1.33 seconds
x1: 258121 rows, 502401 columns, 1259970 nonzeros
Set parameter Threads to value 8
Set parameter BarConvTol to value 1e-12
Gurobi Optimizer version 11.0.0 build v11.0.0rc2 (linux64 - "CentOS Linux 8")

CPU model: Intel(R) Xeon(R) Gold 6248R CPU @ 3.00GHz, instruction set [SSE2|AVX|AVX2|AVX512]
Thread count: 48 physical cores, 48 logical processors, using up to 8 threads

Optimize a model with 258121 rows, 502401 columns and 1259970 nonzeros
Model fingerprint: 0x414c19b6
Model has 3166 quadratic objective terms
Coefficient statistics:
  Matrix range     [1e+00, 1e+03]
  Objective range  [6e-08, 7e+01]
  QObjective range [4e-01, 3e+03]
  Bounds range     [3e-04, 1e+00]
  RHS range        [7e-17, 6e+00]
Presolve removed 131482 rows and 128814 columns
Presolve time: 0.54s
Presolved: 126639 rows, 373587 columns, 743930 nonzeros
Presolved model has 3166 quadratic objective terms
Ordering time: 0.16s

Barrier statistics:
 AA' NZ     : 3.709e+05
 Factor NZ  : 4.212e+06 (roughly 240 MB of memory)
 Factor Ops : 3.974e+08 (less than 1 second per iteration)
 Threads    : 8

                  Objective                Residual
Iter       Primal          Dual         Primal    Dual     Compl     Time
   0  -1.08208243e+09  8.62426925e+08  7.80e+04 1.13e-13  1.00e+06     1s
   1  -6.18909580e+08  5.71190884e+08  1.71e+04 1.38e+02  2.40e+05     1s
   2  -3.11035477e+08  3.11021848e+08  2.28e+02 1.12e+00  4.48e+03     1s
   3  -7.31788342e+07  7.38397133e+07  1.92e+00 1.77e-12  3.19e+02     1s
   4  -1.39340231e+07  1.46173254e+07  1.62e-01 3.80e-12  5.90e+01     1s
   5  -2.55218680e+06  2.82756845e+06  1.24e-02 1.25e-12  1.09e+01     1s
   6  -3.71998838e+05  4.27121039e+05  1.24e-08 1.49e-12  1.61e+00     2s
   7  -5.57163677e+04  7.01840235e+04  1.53e-13 6.68e-13  2.53e-01     2s
   8  -8.40125515e+03  1.00456056e+04  4.67e-14 2.18e-13  3.71e-02     2s
   9  -1.34540020e+03  1.65071546e+03  1.58e-14 4.26e-14  6.03e-03     2s
  10  -2.20410488e+02  2.07350279e+02  7.48e-15 2.84e-14  8.61e-04     2s
  11  -4.88417107e+01  3.18695480e+01  2.45e-15 2.84e-14  1.62e-04     2s
  12  -8.13072154e+00  5.70602036e+00  8.76e-16 1.42e-14  2.78e-05     2s
  13  -7.84873249e-01  1.04280394e+00  3.40e-16 1.42e-14  3.68e-06     2s
  14   3.13881894e-01  7.61086497e-01  3.76e-16 1.42e-14  9.00e-07     3s
  15   5.34158656e-01  7.12704200e-01  1.46e-16 1.42e-14  3.59e-07     3s
  16   6.15458373e-01  6.81149714e-01  7.28e-17 1.42e-14  1.32e-07     3s
  17   6.35664777e-01  6.73214055e-01  9.60e-17 1.42e-14  7.55e-08     3s
  18   6.53893848e-01  6.66509232e-01  9.11e-17 1.42e-14  2.54e-08     3s
  19   6.60051987e-01  6.64255790e-01  1.27e-16 1.42e-14  8.46e-09     3s
  20   6.62578769e-01  6.63354936e-01  5.32e-17 1.42e-14  1.56e-09     3s
  21   6.63068950e-01  6.63181320e-01  6.45e-17 2.84e-14  2.26e-10     3s
  22   6.63143894e-01  6.63154812e-01  1.48e-16 1.42e-14  2.20e-11     3s
  23   6.63151835e-01  6.63152004e-01  4.25e-16 2.84e-14  3.41e-13     3s
  24   6.63151933e-01  6.63151970e-01  3.70e-15 1.42e-14  7.37e-14     3s
  25   6.63151953e-01  6.63151963e-01  5.34e-15 1.42e-14  1.94e-14     4s
  26   6.63151958e-01  6.63151961e-01  2.35e-15 1.42e-14  4.91e-15     4s
  27   6.63151960e-01  6.63151960e-01  1.57e-15 1.42e-14  1.27e-15     4s
  28   6.63151960e-01  6.63151960e-01  9.79e-16 1.42e-14  5.63e-16     4s
  29   6.63151960e-01  6.63151960e-01  9.17e-16 1.42e-14  5.27e-16     4s
  30   6.63151960e-01  6.63151960e-01  8.27e-16 1.42e-14  3.09e-16     4s
  31   6.63151960e-01  6.63151960e-01  5.41e-16 1.42e-14  1.64e-16     4s
  32   6.63151960e-01  6.63151960e-01  4.88e-16 1.42e-14  1.55e-16     4s
  33   6.63151960e-01  6.63151960e-01  2.89e-16 1.42e-14  1.09e-16     4s
  34   6.63151960e-01  6.63151960e-01  2.42e-16 2.13e-14  4.88e-17     4s

Barrier solved model in 34 iterations and 4.31 seconds (3.98 work units)
Optimal objective 6.63151960e-01

objective value: 0.6631519599750642
Done! Time elapsed: 24.804683685302734 seconds.
g_0_1: 1.0393972933703532
g_1_1: 1.0239783492279397
g_1_2: 1.0706807116007415
g_2_1: 1.0431029443071576
g_2_2: 1.1318503211630426
g_2_3: 1.0431029443088309
g_2_4: 1.1318503210090742
Parameters from last iteration: [0.18085513 0.72395269 0.18629844 0.73747378 0.19694196 0.73747378
 0.19694196]

Parameters from current iteration:
                [0.18085513 0.72395269 0.18629844 0.73747378 0.19694196 0.73747378
 0.19694196]


                Percentage Error = 1.006768753845564e-10
                
year done: 102
Time 103: 2
Optimization Iteration[1/20000]

Solving the optimization problem...
Set parameter TokenServer to value "licenses.rcc.uchicago.edu"
Read LP format model from file /scratch/local/jobs/50183995/tmpswv7cy05.pyomo.lp
Reading time = 1.35 seconds
x1: 258121 rows, 502401 columns, 1259970 nonzeros
Set parameter Threads to value 8
Set parameter BarConvTol to value 1e-12
Gurobi Optimizer version 11.0.0 build v11.0.0rc2 (linux64 - "CentOS Linux 8")

CPU model: Intel(R) Xeon(R) Gold 6248R CPU @ 3.00GHz, instruction set [SSE2|AVX|AVX2|AVX512]
Thread count: 48 physical cores, 48 logical processors, using up to 8 threads

Optimize a model with 258121 rows, 502401 columns and 1259970 nonzeros
Model fingerprint: 0x8acf9809
Model has 3166 quadratic objective terms
Coefficient statistics:
  Matrix range     [1e+00, 1e+03]
  Objective range  [6e-08, 7e+01]
  QObjective range [4e-01, 3e+03]
  Bounds range     [3e-04, 1e+00]
  RHS range        [7e-17, 6e+00]
Presolve removed 131482 rows and 128814 columns
Presolve time: 0.55s
Presolved: 126639 rows, 373587 columns, 743930 nonzeros
Presolved model has 3166 quadratic objective terms
Ordering time: 0.16s

Barrier statistics:
 AA' NZ     : 3.709e+05
 Factor NZ  : 4.212e+06 (roughly 240 MB of memory)
 Factor Ops : 3.974e+08 (less than 1 second per iteration)
 Threads    : 8

                  Objective                Residual
Iter       Primal          Dual         Primal    Dual     Compl     Time
   0  -1.08208243e+09  8.62426925e+08  7.80e+04 1.14e-13  1.00e+06     1s
   1  -6.18909580e+08  5.71190884e+08  1.71e+04 1.38e+02  2.40e+05     1s
   2  -3.11035477e+08  3.11021848e+08  2.28e+02 1.12e+00  4.48e+03     1s
   3  -7.31788342e+07  7.38397133e+07  1.92e+00 1.89e-12  3.19e+02     1s
   4  -1.39340231e+07  1.46173254e+07  1.62e-01 4.54e-12  5.90e+01     1s
   5  -2.55218681e+06  2.82756845e+06  1.24e-02 1.24e-12  1.09e+01     1s
   6  -3.71998841e+05  4.27121036e+05  1.24e-08 9.69e-13  1.61e+00     2s
   7  -5.57163710e+04  7.01840202e+04  1.49e-13 6.08e-13  2.53e-01     2s
   8  -8.40125845e+03  1.00456023e+04  5.12e-14 2.41e-13  3.71e-02     2s
   9  -1.34540350e+03  1.65071216e+03  1.39e-14 3.42e-14  6.03e-03     2s
  10  -2.20413787e+02  2.07346980e+02  7.69e-15 2.84e-14  8.61e-04     2s
  11  -4.88450101e+01  3.18662487e+01  2.61e-15 1.53e-14  1.62e-04     2s
  12  -8.13402092e+00  5.70272098e+00  9.47e-16 2.13e-14  2.78e-05     2s
  13  -7.88172627e-01  1.03950456e+00  5.23e-16 1.42e-14  3.68e-06     2s
  14   3.10582517e-01  7.57787119e-01  3.61e-16 1.42e-14  9.00e-07     3s
  15   5.30859279e-01  7.09404822e-01  1.32e-16 1.42e-14  3.59e-07     3s
  16   6.12158996e-01  6.77850337e-01  1.59e-16 1.42e-14  1.32e-07     3s
  17   6.32365400e-01  6.69914678e-01  4.17e-17 1.42e-14  7.55e-08     3s
  18   6.50594470e-01  6.63209855e-01  4.57e-17 1.42e-14  2.54e-08     3s
  19   6.56752609e-01  6.60956412e-01  7.29e-17 1.42e-14  8.46e-09     3s
  20   6.59279392e-01  6.60055559e-01  6.07e-17 1.42e-14  1.56e-09     3s
  21   6.59769573e-01  6.59881943e-01  6.98e-17 1.42e-14  2.26e-10     3s
  22   6.59844517e-01  6.59855435e-01  8.39e-17 1.42e-14  2.20e-11     3s
  23   6.59852458e-01  6.59852627e-01  3.65e-16 2.84e-14  3.41e-13     3s
  24   6.59852556e-01  6.59852592e-01  2.67e-15 1.42e-14  7.32e-14     3s
  25   6.59852576e-01  6.59852585e-01  5.44e-15 1.42e-14  1.93e-14     3s
  26   6.59852581e-01  6.59852584e-01  2.51e-15 1.42e-14  4.88e-15     4s
  27   6.59852582e-01  6.59852583e-01  1.69e-15 2.04e-14  1.27e-15     4s
  28   6.59852583e-01  6.59852583e-01  8.86e-16 1.42e-14  5.56e-16     4s
  29   6.59852583e-01  6.59852583e-01  7.99e-16 1.42e-14  5.21e-16     4s
  30   6.59852583e-01  6.59852583e-01  7.12e-16 2.13e-14  3.05e-16     4s
  31   6.59852583e-01  6.59852583e-01  5.28e-16 1.42e-14  1.61e-16     4s
  32   6.59852583e-01  6.59852583e-01  4.57e-16 1.42e-14  1.49e-16     4s
  33   6.59852583e-01  6.59852583e-01  3.22e-16 1.42e-14  8.08e-17     4s

Barrier solved model in 33 iterations and 4.14 seconds (3.90 work units)
Optimal objective 6.59852583e-01

objective value: 0.6598525828360186
Done! Time elapsed: 24.537041664123535 seconds.
g_0_1: 1.0393972933921627
g_1_1: 1.0239783492173065
g_1_2: 1.070680711614024
g_2_1: 1.043102944299332
g_2_2: 1.131850321272132
g_2_3: 1.043102944302137
g_2_4: 1.1318503210171893
Parameters from last iteration: [0.18085513 0.72395269 0.18629844 0.73747378 0.19694196 0.73747378
 0.19694196]

Parameters from current iteration:
                [0.18085513 0.72395269 0.18629844 0.73747378 0.19694196 0.73747378
 0.19694196]


                Percentage Error = 9.638152639288583e-11
                
year done: 103
Time 104: 2
Optimization Iteration[1/20000]

Solving the optimization problem...
Set parameter TokenServer to value "licenses.rcc.uchicago.edu"
Read LP format model from file /scratch/local/jobs/50183995/tmpz92hn5uy.pyomo.lp
Reading time = 1.35 seconds
x1: 258121 rows, 502401 columns, 1259970 nonzeros
Set parameter Threads to value 8
Set parameter BarConvTol to value 1e-12
Gurobi Optimizer version 11.0.0 build v11.0.0rc2 (linux64 - "CentOS Linux 8")

CPU model: Intel(R) Xeon(R) Gold 6248R CPU @ 3.00GHz, instruction set [SSE2|AVX|AVX2|AVX512]
Thread count: 48 physical cores, 48 logical processors, using up to 8 threads

Optimize a model with 258121 rows, 502401 columns and 1259970 nonzeros
Model fingerprint: 0x08ea6dd6
Model has 3166 quadratic objective terms
Coefficient statistics:
  Matrix range     [1e+00, 1e+03]
  Objective range  [6e-08, 7e+01]
  QObjective range [4e-01, 3e+03]
  Bounds range     [3e-04, 1e+00]
  RHS range        [7e-17, 6e+00]
Presolve removed 131482 rows and 128814 columns
Presolve time: 0.54s
Presolved: 126639 rows, 373587 columns, 743930 nonzeros
Presolved model has 3166 quadratic objective terms
Ordering time: 0.16s

Barrier statistics:
 AA' NZ     : 3.709e+05
 Factor NZ  : 4.212e+06 (roughly 240 MB of memory)
 Factor Ops : 3.974e+08 (less than 1 second per iteration)
 Threads    : 8

                  Objective                Residual
Iter       Primal          Dual         Primal    Dual     Compl     Time
   0  -1.08208243e+09  8.62426925e+08  7.80e+04 1.13e-13  1.00e+06     1s
   1  -6.18909580e+08  5.71190884e+08  1.71e+04 1.38e+02  2.40e+05     1s
   2  -3.11035477e+08  3.11021848e+08  2.28e+02 1.12e+00  4.48e+03     1s
   3  -7.31788342e+07  7.38397132e+07  1.92e+00 1.67e-12  3.19e+02     1s
   4  -1.39340231e+07  1.46173254e+07  1.62e-01 5.05e-12  5.90e+01     1s
   5  -2.55218681e+06  2.82756845e+06  1.24e-02 1.23e-12  1.09e+01     1s
   6  -3.71998844e+05  4.27121033e+05  1.24e-08 1.06e-12  1.61e+00     2s
   7  -5.57163742e+04  7.01840171e+04  1.71e-13 6.41e-13  2.53e-01     2s
   8  -8.40126160e+03  1.00455991e+04  3.55e-14 2.08e-13  3.71e-02     2s
   9  -1.34540665e+03  1.65070901e+03  1.45e-14 3.01e-14  6.03e-03     2s
  10  -2.20416938e+02  2.07343829e+02  8.58e-15 2.84e-14  8.61e-04     2s
  11  -4.88481610e+01  3.18630978e+01  3.04e-15 2.13e-14  1.62e-04     2s
  12  -8.13717180e+00  5.69957010e+00  8.96e-16 2.84e-14  2.78e-05     2s
  13  -7.91323507e-01  1.03635368e+00  3.62e-16 1.42e-14  3.68e-06     2s
  14   3.07431636e-01  7.54636239e-01  3.90e-16 1.42e-14  9.00e-07     3s
  15   5.27708398e-01  7.06253942e-01  1.92e-16 1.42e-14  3.59e-07     3s
  16   6.09008115e-01  6.74699456e-01  6.41e-17 1.42e-14  1.32e-07     3s
  17   6.29214520e-01  6.66763797e-01  7.76e-17 1.47e-14  7.55e-08     3s
  18   6.47443590e-01  6.60058974e-01  6.11e-17 1.42e-14  2.54e-08     3s
  19   6.53601729e-01  6.57805532e-01  1.57e-16 1.42e-14  8.46e-09     3s
  20   6.56128511e-01  6.56904678e-01  1.25e-16 1.42e-14  1.56e-09     3s
  21   6.56618693e-01  6.56731063e-01  1.47e-16 1.42e-14  2.26e-10     3s
  22   6.56693636e-01  6.56704554e-01  9.61e-17 1.42e-14  2.20e-11     3s
  23   6.56701577e-01  6.56701746e-01  4.08e-16 1.42e-14  3.41e-13     3s
  24   6.56701675e-01  6.56701712e-01  2.64e-15 1.42e-14  7.30e-14     3s
  25   6.56701695e-01  6.56701705e-01  5.32e-15 2.13e-14  1.92e-14     3s
  26   6.56701700e-01  6.56701703e-01  2.99e-15 1.42e-14  4.87e-15     4s
  27   6.56701702e-01  6.56701702e-01  1.75e-15 1.42e-14  1.26e-15     4s
  28   6.56701702e-01  6.56701702e-01  1.08e-15 1.42e-14  5.53e-16     4s
  29   6.56701702e-01  6.56701702e-01  9.35e-16 1.42e-14  5.18e-16     4s
  30   6.56701702e-01  6.56701702e-01  7.52e-16 1.42e-14  3.04e-16     4s
  31   6.56701702e-01  6.56701702e-01  5.76e-16 1.42e-14  1.60e-16     4s
  32   6.56701702e-01  6.56701702e-01  5.13e-16 1.42e-14  1.48e-16     4s
  33   6.56701702e-01  6.56701702e-01  3.19e-16 1.42e-14  8.06e-17     4s

Barrier solved model in 33 iterations and 4.13 seconds (3.90 work units)
Optimal objective 6.56701702e-01

objective value: 0.6567017021404364
Done! Time elapsed: 26.304953575134277 seconds.
g_0_1: 1.0393972933920081
g_1_1: 1.0239783492173749
g_1_2: 1.0706807116139299
g_2_1: 1.0431029442993904
g_2_2: 1.1318503212713604
g_2_3: 1.0431029443021835
g_2_4: 1.13185032101713
Parameters from last iteration: [0.18085513 0.72395269 0.18629844 0.73747378 0.19694196 0.73747378
 0.19694196]

Parameters from current iteration:
                [0.18085513 0.72395269 0.18629844 0.73747378 0.19694196 0.73747378
 0.19694196]


                Percentage Error = 6.816918144148281e-13
                
year done: 104
Time 105: 2
Optimization Iteration[1/20000]

Solving the optimization problem...
Set parameter TokenServer to value "licenses.rcc.uchicago.edu"
Read LP format model from file /scratch/local/jobs/50183995/tmpebkaqct5.pyomo.lp
Reading time = 1.34 seconds
x1: 258121 rows, 502401 columns, 1259970 nonzeros
Set parameter Threads to value 8
Set parameter BarConvTol to value 1e-12
Gurobi Optimizer version 11.0.0 build v11.0.0rc2 (linux64 - "CentOS Linux 8")

CPU model: Intel(R) Xeon(R) Gold 6248R CPU @ 3.00GHz, instruction set [SSE2|AVX|AVX2|AVX512]
Thread count: 48 physical cores, 48 logical processors, using up to 8 threads

Optimize a model with 258121 rows, 502401 columns and 1259970 nonzeros
Model fingerprint: 0xe0ae616a
Model has 3166 quadratic objective terms
Coefficient statistics:
  Matrix range     [1e+00, 1e+03]
  Objective range  [6e-08, 7e+01]
  QObjective range [4e-01, 3e+03]
  Bounds range     [3e-04, 1e+00]
  RHS range        [7e-17, 6e+00]
Presolve removed 131482 rows and 128814 columns
Presolve time: 0.55s
Presolved: 126639 rows, 373587 columns, 743930 nonzeros
Presolved model has 3166 quadratic objective terms
Ordering time: 0.16s

Barrier statistics:
 AA' NZ     : 3.709e+05
 Factor NZ  : 4.212e+06 (roughly 240 MB of memory)
 Factor Ops : 3.974e+08 (less than 1 second per iteration)
 Threads    : 8

                  Objective                Residual
Iter       Primal          Dual         Primal    Dual     Compl     Time
   0  -1.08208243e+09  8.62426925e+08  7.80e+04 1.13e-13  1.00e+06     1s
   1  -6.18909580e+08  5.71190884e+08  1.71e+04 1.38e+02  2.40e+05     1s
   2  -3.11035477e+08  3.11021848e+08  2.28e+02 1.12e+00  4.48e+03     1s
   3  -7.31788342e+07  7.38397132e+07  1.92e+00 1.88e-12  3.19e+02     1s
   4  -1.39340231e+07  1.46173254e+07  1.62e-01 6.40e-12  5.90e+01     1s
   5  -2.55218681e+06  2.82756844e+06  1.24e-02 1.25e-12  1.09e+01     1s
   6  -3.71998847e+05  4.27121030e+05  1.24e-08 1.01e-12  1.61e+00     2s
   7  -5.57163772e+04  7.01840141e+04  1.73e-13 7.11e-13  2.53e-01     2s
   8  -8.40126461e+03  1.00455961e+04  4.77e-14 2.17e-13  3.71e-02     2s
   9  -1.34540966e+03  1.65070600e+03  1.76e-14 4.26e-14  6.03e-03     2s
  10  -2.20419947e+02  2.07340820e+02  9.32e-15 2.84e-14  8.61e-04     2s
  11  -4.88511700e+01  3.18600887e+01  2.12e-15 2.13e-14  1.62e-04     2s
  12  -8.14018087e+00  5.69656103e+00  9.80e-16 2.84e-14  2.78e-05     2s
  13  -7.94332575e-01  1.03334462e+00  3.31e-16 1.42e-14  3.68e-06     2s
  14   3.04422568e-01  7.51627171e-01  3.76e-16 1.42e-14  9.00e-07     3s
  15   5.24699331e-01  7.03244874e-01  1.93e-16 1.42e-14  3.59e-07     3s
  16   6.05999047e-01  6.71690389e-01  9.20e-17 1.42e-14  1.32e-07     3s
  17   6.26205452e-01  6.63754729e-01  6.25e-17 1.42e-14  7.55e-08     3s
  18   6.44434522e-01  6.57049906e-01  6.74e-17 1.42e-14  2.54e-08     3s
  19   6.50592661e-01  6.54796464e-01  1.40e-16 1.42e-14  8.46e-09     3s
  20   6.53119443e-01  6.53895611e-01  6.46e-17 1.42e-14  1.56e-09     3s
  21   6.53609625e-01  6.53721995e-01  5.23e-17 2.84e-14  2.26e-10     3s
  22   6.53684568e-01  6.53695486e-01  1.74e-16 1.42e-14  2.20e-11     3s
  23   6.53692509e-01  6.53692679e-01  4.03e-16 1.42e-14  3.41e-13     3s
  24   6.53692608e-01  6.53692644e-01  3.23e-15 1.42e-14  7.28e-14     3s
  25   6.53692627e-01  6.53692637e-01  4.92e-15 1.42e-14  1.92e-14     3s
  26   6.53692633e-01  6.53692635e-01  2.86e-15 1.42e-14  4.86e-15     4s
  27   6.53692634e-01  6.53692635e-01  1.87e-15 1.42e-14  1.26e-15     4s
  28   6.53692634e-01  6.53692635e-01  1.14e-15 1.42e-14  5.49e-16     4s
  29   6.53692634e-01  6.53692635e-01  1.05e-15 1.42e-14  5.15e-16     4s
  30   6.53692634e-01  6.53692635e-01  9.02e-16 1.42e-14  3.02e-16     4s
  31   6.53692634e-01  6.53692634e-01  4.61e-16 1.42e-14  1.60e-16     4s
  32   6.53692634e-01  6.53692634e-01  4.37e-16 1.42e-14  1.52e-16     4s
  33   6.53692634e-01  6.53692634e-01  2.94e-16 1.42e-14  1.04e-16     4s
  34   6.53692634e-01  6.53692634e-01  2.38e-16 1.42e-14  5.05e-17     4s

Barrier solved model in 34 iterations and 4.28 seconds (3.98 work units)
Optimal objective 6.53692634e-01

objective value: 0.6536926344478929
Done! Time elapsed: 24.82901430130005 seconds.
g_0_1: 1.0393972933715505
g_1_1: 1.023978349227362
g_1_2: 1.0706807116014676
g_2_1: 1.0431029443067215
g_2_2: 1.1318503211689415
g_2_3: 1.0431029443084656
g_2_4: 1.1318503210095154
Parameters from last iteration: [0.18085513 0.72395269 0.18629844 0.73747378 0.19694196 0.73747378
 0.19694196]

Parameters from current iteration:
                [0.18085513 0.72395269 0.18629844 0.73747378 0.19694196 0.73747378
 0.19694196]


                Percentage Error = 9.048814068934659e-11
                
year done: 105
Time 106: 2
Optimization Iteration[1/20000]

Solving the optimization problem...
Set parameter TokenServer to value "licenses.rcc.uchicago.edu"
Read LP format model from file /scratch/local/jobs/50183995/tmpxp9fq_j5.pyomo.lp
Reading time = 1.34 seconds
x1: 258121 rows, 502401 columns, 1259970 nonzeros
Set parameter Threads to value 8
Set parameter BarConvTol to value 1e-12
Gurobi Optimizer version 11.0.0 build v11.0.0rc2 (linux64 - "CentOS Linux 8")

CPU model: Intel(R) Xeon(R) Gold 6248R CPU @ 3.00GHz, instruction set [SSE2|AVX|AVX2|AVX512]
Thread count: 48 physical cores, 48 logical processors, using up to 8 threads

Optimize a model with 258121 rows, 502401 columns and 1259970 nonzeros
Model fingerprint: 0x348cd470
Model has 3166 quadratic objective terms
Coefficient statistics:
  Matrix range     [1e+00, 1e+03]
  Objective range  [6e-08, 7e+01]
  QObjective range [4e-01, 3e+03]
  Bounds range     [3e-04, 1e+00]
  RHS range        [7e-17, 6e+00]
Presolve removed 131482 rows and 128814 columns
Presolve time: 0.56s
Presolved: 126639 rows, 373587 columns, 743930 nonzeros
Presolved model has 3166 quadratic objective terms
Ordering time: 0.16s

Barrier statistics:
 AA' NZ     : 3.709e+05
 Factor NZ  : 4.212e+06 (roughly 240 MB of memory)
 Factor Ops : 3.974e+08 (less than 1 second per iteration)
 Threads    : 8

                  Objective                Residual
Iter       Primal          Dual         Primal    Dual     Compl     Time
   0  -1.08208243e+09  8.62426925e+08  7.80e+04 1.13e-13  1.00e+06     1s
   1  -6.18909580e+08  5.71190884e+08  1.71e+04 1.38e+02  2.40e+05     1s
   2  -3.11035477e+08  3.11021848e+08  2.28e+02 1.12e+00  4.48e+03     1s
   3  -7.31788342e+07  7.38397133e+07  1.92e+00 1.41e-12  3.19e+02     1s
   4  -1.39340231e+07  1.46173254e+07  1.62e-01 4.84e-12  5.90e+01     1s
   5  -2.55218682e+06  2.82756844e+06  1.24e-02 1.25e-12  1.09e+01     1s
   6  -3.71998850e+05  4.27121027e+05  1.24e-08 2.05e-12  1.61e+00     2s
   7  -5.57163801e+04  7.01840112e+04  1.60e-13 7.02e-13  2.53e-01     2s
   8  -8.40126748e+03  1.00455932e+04  6.89e-14 2.13e-13  3.71e-02     2s
   9  -1.34541253e+03  1.65070312e+03  1.65e-14 2.93e-14  6.03e-03     2s
  10  -2.20422821e+02  2.07337947e+02  9.36e-15 4.26e-14  8.61e-04     2s
  11  -4.88540437e+01  3.18572151e+01  2.01e-15 1.47e-14  1.62e-04     2s
  12  -8.14305451e+00  5.69368740e+00  9.05e-16 1.42e-14  2.78e-05     2s
  13  -7.97206213e-01  1.03047098e+00  3.36e-16 1.42e-14  3.68e-06     2s
  14   3.01548931e-01  7.48753534e-01  4.70e-16 2.84e-14  9.00e-07     3s
  15   5.21825693e-01  7.00371237e-01  1.78e-16 1.42e-14  3.59e-07     3s
  16   6.03125410e-01  6.68816751e-01  6.18e-17 1.42e-14  1.32e-07     3s
  17   6.23331815e-01  6.60881092e-01  7.07e-17 2.84e-14  7.55e-08     3s
  18   6.41560885e-01  6.54176269e-01  2.03e-16 1.42e-14  2.54e-08     3s
  19   6.47719024e-01  6.51922827e-01  8.09e-17 2.84e-14  8.46e-09     3s
  20   6.50245806e-01  6.51021973e-01  1.06e-16 1.42e-14  1.56e-09     3s
  21   6.50735988e-01  6.50848358e-01  6.66e-17 2.13e-14  2.26e-10     3s
  22   6.50810931e-01  6.50821849e-01  9.23e-17 1.42e-14  2.20e-11     3s
  23   6.50818872e-01  6.50819041e-01  3.86e-16 1.42e-14  3.41e-13     3s
  24   6.50818971e-01  6.50819007e-01  2.98e-15 1.42e-14  7.23e-14     3s
  25   6.50818990e-01  6.50819000e-01  4.94e-15 2.13e-14  1.91e-14     3s
  26   6.50818995e-01  6.50818998e-01  2.69e-15 1.42e-14  4.83e-15     4s
  27   6.50818997e-01  6.50818997e-01  1.94e-15 1.42e-14  1.25e-15     4s
  28   6.50818997e-01  6.50818997e-01  9.52e-16 1.42e-14  5.42e-16     4s
  29   6.50818997e-01  6.50818997e-01  8.18e-16 1.42e-14  5.08e-16     4s
  30   6.50818997e-01  6.50818997e-01  8.22e-16 1.42e-14  2.98e-16     4s
  31   6.50818997e-01  6.50818997e-01  5.25e-16 1.42e-14  1.58e-16     4s
  32   6.50818997e-01  6.50818997e-01  4.41e-16 1.42e-14  1.46e-16     4s
  33   6.50818997e-01  6.50818997e-01  2.97e-16 1.42e-14  7.91e-17     4s

Barrier solved model in 33 iterations and 4.17 seconds (3.90 work units)
Optimal objective 6.50818997e-01

objective value: 0.650818997090178
Done! Time elapsed: 24.774945974349976 seconds.
g_0_1: 1.0393972933910076
g_1_1: 1.0239783492178678
g_1_2: 1.0706807116133212
g_2_1: 1.0431029442997406
g_2_2: 1.1318503212663824
g_2_3: 1.0431029443024855
g_2_4: 1.1318503210167556
Parameters from last iteration: [0.18085513 0.72395269 0.18629844 0.73747378 0.19694196 0.73747378
 0.19694196]

Parameters from current iteration:
                [0.18085513 0.72395269 0.18629844 0.73747378 0.19694196 0.73747378
 0.19694196]


                Percentage Error = 8.609005170551835e-11
                
year done: 106
Time 107: 2
Optimization Iteration[1/20000]

Solving the optimization problem...
Set parameter TokenServer to value "licenses.rcc.uchicago.edu"
Read LP format model from file /scratch/local/jobs/50183995/tmp21y9dlh2.pyomo.lp
Reading time = 1.34 seconds
x1: 258121 rows, 502401 columns, 1259970 nonzeros
Set parameter Threads to value 8
Set parameter BarConvTol to value 1e-12
Gurobi Optimizer version 11.0.0 build v11.0.0rc2 (linux64 - "CentOS Linux 8")

CPU model: Intel(R) Xeon(R) Gold 6248R CPU @ 3.00GHz, instruction set [SSE2|AVX|AVX2|AVX512]
Thread count: 48 physical cores, 48 logical processors, using up to 8 threads

Optimize a model with 258121 rows, 502401 columns and 1259970 nonzeros
Model fingerprint: 0xb5e76aae
Model has 3166 quadratic objective terms
Coefficient statistics:
  Matrix range     [1e+00, 1e+03]
  Objective range  [6e-08, 7e+01]
  QObjective range [4e-01, 3e+03]
  Bounds range     [3e-04, 1e+00]
  RHS range        [7e-17, 6e+00]
Presolve removed 131482 rows and 128814 columns
Presolve time: 0.55s
Presolved: 126639 rows, 373587 columns, 743930 nonzeros
Presolved model has 3166 quadratic objective terms
Ordering time: 0.16s

Barrier statistics:
 AA' NZ     : 3.709e+05
 Factor NZ  : 4.212e+06 (roughly 240 MB of memory)
 Factor Ops : 3.974e+08 (less than 1 second per iteration)
 Threads    : 8

                  Objective                Residual
Iter       Primal          Dual         Primal    Dual     Compl     Time
   0  -1.08208243e+09  8.62426925e+08  7.80e+04 1.14e-13  1.00e+06     1s
   1  -6.18909580e+08  5.71190884e+08  1.71e+04 1.38e+02  2.40e+05     1s
   2  -3.11035477e+08  3.11021848e+08  2.28e+02 1.12e+00  4.48e+03     1s
   3  -7.31788342e+07  7.38397132e+07  1.92e+00 1.52e-12  3.19e+02     1s
   4  -1.39340231e+07  1.46173254e+07  1.62e-01 4.20e-12  5.90e+01     1s
   5  -2.55218682e+06  2.82756844e+06  1.24e-02 1.24e-12  1.09e+01     1s
   6  -3.71998853e+05  4.27121024e+05  1.24e-08 9.16e-13  1.61e+00     2s
   7  -5.57163828e+04  7.01840085e+04  1.30e-13 8.74e-13  2.53e-01     2s
   8  -8.40127023e+03  1.00455905e+04  7.00e-14 2.25e-13  3.71e-02     2s
   9  -1.34541528e+03  1.65070038e+03  1.53e-14 2.84e-14  6.03e-03     2s
  10  -2.20425565e+02  2.07335202e+02  6.99e-15 2.84e-14  8.61e-04     2s
  11  -4.88567880e+01  3.18544708e+01  2.13e-15 1.55e-14  1.62e-04     2s
  12  -8.14579881e+00  5.69094309e+00  1.03e-15 2.84e-14  2.78e-05     2s
  13  -7.99950515e-01  1.02772668e+00  4.09e-16 1.42e-14  3.68e-06     2s
  14   2.98804629e-01  7.46009231e-01  4.20e-16 2.84e-14  9.00e-07     3s
  15   5.19081391e-01  6.97626934e-01  2.23e-16 1.42e-14  3.59e-07     3s
  16   6.00381108e-01  6.66072449e-01  1.01e-16 1.64e-14  1.32e-07     3s
  17   6.20587512e-01  6.58136790e-01  1.33e-16 1.42e-14  7.55e-08     3s
  18   6.38816582e-01  6.51431967e-01  8.13e-17 1.42e-14  2.54e-08     3s
  19   6.44974721e-01  6.49178524e-01  8.00e-17 1.42e-14  8.46e-09     3s
  20   6.47501504e-01  6.48277671e-01  7.90e-17 2.13e-14  1.56e-09     3s
  21   6.47991685e-01  6.48104055e-01  8.50e-17 1.42e-14  2.26e-10     3s
  22   6.48066629e-01  6.48077547e-01  1.07e-16 1.42e-14  2.20e-11     3s
  23   6.48074569e-01  6.48074739e-01  3.69e-16 1.42e-14  3.41e-13     3s
  24   6.48074668e-01  6.48074704e-01  2.40e-15 1.42e-14  7.21e-14     3s
  25   6.48074688e-01  6.48074697e-01  5.61e-15 1.42e-14  1.90e-14     3s
  26   6.48074693e-01  6.48074695e-01  2.43e-15 2.13e-14  4.82e-15     4s
  27   6.48074694e-01  6.48074695e-01  1.68e-15 1.42e-14  1.25e-15     4s
  28   6.48074695e-01  6.48074695e-01  9.97e-16 1.42e-14  5.39e-16     4s
  29   6.48074695e-01  6.48074695e-01  9.20e-16 1.42e-14  5.05e-16     4s
  30   6.48074695e-01  6.48074695e-01  7.56e-16 1.42e-14  2.97e-16     4s
  31   6.48074695e-01  6.48074695e-01  6.09e-16 1.42e-14  1.57e-16     4s
  32   6.48074695e-01  6.48074695e-01  4.88e-16 1.42e-14  1.45e-16     4s
  33   6.48074695e-01  6.48074695e-01  2.68e-16 1.42e-14  7.89e-17     4s

Barrier solved model in 33 iterations and 4.16 seconds (3.90 work units)
Optimal objective 6.48074695e-01

objective value: 0.6480746947282092
Done! Time elapsed: 24.8703351020813 seconds.
g_0_1: 1.0393972933908542
g_1_1: 1.0239783492179368
g_1_2: 1.0706807116132284
g_2_1: 1.043102944299802
g_2_2: 1.1318503212656001
g_2_3: 1.0431029443025335
g_2_4: 1.1318503210166997
Parameters from last iteration: [0.18085513 0.72395269 0.18629844 0.73747378 0.19694196 0.73747378
 0.19694196]

Parameters from current iteration:
                [0.18085513 0.72395269 0.18629844 0.73747378 0.19694196 0.73747378
 0.19694196]


                Percentage Error = 6.911343100904071e-13
                
year done: 107
Time 108: 2
Optimization Iteration[1/20000]

Solving the optimization problem...
Set parameter TokenServer to value "licenses.rcc.uchicago.edu"
Read LP format model from file /scratch/local/jobs/50183995/tmpfwx2c7pj.pyomo.lp
Reading time = 1.34 seconds
x1: 258121 rows, 502401 columns, 1259970 nonzeros
Set parameter Threads to value 8
Set parameter BarConvTol to value 1e-12
Gurobi Optimizer version 11.0.0 build v11.0.0rc2 (linux64 - "CentOS Linux 8")

CPU model: Intel(R) Xeon(R) Gold 6248R CPU @ 3.00GHz, instruction set [SSE2|AVX|AVX2|AVX512]
Thread count: 48 physical cores, 48 logical processors, using up to 8 threads

Optimize a model with 258121 rows, 502401 columns and 1259970 nonzeros
Model fingerprint: 0x447648a7
Model has 3166 quadratic objective terms
Coefficient statistics:
  Matrix range     [1e+00, 1e+03]
  Objective range  [6e-08, 7e+01]
  QObjective range [4e-01, 3e+03]
  Bounds range     [3e-04, 1e+00]
  RHS range        [7e-17, 6e+00]
Presolve removed 131482 rows and 128814 columns
Presolve time: 0.56s
Presolved: 126639 rows, 373587 columns, 743930 nonzeros
Presolved model has 3166 quadratic objective terms
Ordering time: 0.16s

Barrier statistics:
 AA' NZ     : 3.709e+05
 Factor NZ  : 4.212e+06 (roughly 240 MB of memory)
 Factor Ops : 3.974e+08 (less than 1 second per iteration)
 Threads    : 8

                  Objective                Residual
Iter       Primal          Dual         Primal    Dual     Compl     Time
   0  -1.08208243e+09  8.62426925e+08  7.80e+04 1.13e-13  1.00e+06     1s
   1  -6.18909580e+08  5.71190884e+08  1.71e+04 1.38e+02  2.40e+05     1s
   2  -3.11035477e+08  3.11021848e+08  2.28e+02 1.12e+00  4.48e+03     1s
   3  -7.31788342e+07  7.38397132e+07  1.92e+00 1.83e-12  3.19e+02     1s
   4  -1.39340231e+07  1.46173254e+07  1.62e-01 6.33e-12  5.90e+01     1s
   5  -2.55218682e+06  2.82756844e+06  1.24e-02 1.24e-12  1.09e+01     1s
   6  -3.71998855e+05  4.27121021e+05  1.24e-08 1.01e-12  1.61e+00     2s
   7  -5.57163854e+04  7.01840058e+04  1.54e-13 6.16e-13  2.53e-01     2s
   8  -8.40127285e+03  1.00455879e+04  5.66e-14 2.08e-13  3.71e-02     2s
   9  -1.34541790e+03  1.65069776e+03  2.09e-14 4.80e-14  6.03e-03     2s
  10  -2.20428186e+02  2.07332581e+02  6.21e-15 2.84e-14  8.61e-04     2s
  11  -4.88594088e+01  3.18518500e+01  2.73e-15 2.84e-14  1.62e-04     2s
  12  -8.14841960e+00  5.68832230e+00  8.39e-16 1.42e-14  2.78e-05     2s
  13  -8.02571303e-01  1.02510589e+00  3.75e-16 1.42e-14  3.68e-06     2s
  14   2.96183840e-01  7.43388443e-01  4.04e-16 1.42e-14  9.00e-07     3s
  15   5.16460602e-01  6.95006146e-01  1.96e-16 2.84e-14  3.59e-07     3s
  16   5.97760319e-01  6.63451661e-01  1.26e-16 2.84e-14  1.32e-07     3s
  17   6.17966724e-01  6.55516001e-01  5.57e-17 2.13e-14  7.55e-08     3s
  18   6.36195794e-01  6.48811178e-01  7.95e-17 1.42e-14  2.54e-08     3s
  19   6.42353933e-01  6.46557736e-01  1.29e-16 1.42e-14  8.46e-09     3s
  20   6.44880715e-01  6.45656883e-01  5.71e-17 1.69e-14  1.56e-09     3s
  21   6.45370897e-01  6.45483267e-01  1.23e-16 1.42e-14  2.26e-10     3s
  22   6.45445840e-01  6.45456758e-01  2.21e-16 1.42e-14  2.20e-11     3s
  23   6.45453781e-01  6.45453951e-01  3.29e-16 1.42e-14  3.41e-13     3s
  24   6.45453880e-01  6.45453916e-01  2.50e-15 1.42e-14  7.19e-14     3s
  25   6.45453899e-01  6.45453909e-01  5.04e-15 1.42e-14  1.90e-14     3s
  26   6.45453905e-01  6.45453907e-01  2.42e-15 1.42e-14  4.80e-15     4s
  27   6.45453906e-01  6.45453907e-01  1.41e-15 1.42e-14  1.25e-15     4s
  28   6.45453906e-01  6.45453906e-01  9.36e-16 1.42e-14  5.36e-16     4s
  29   6.45453906e-01  6.45453906e-01  7.84e-16 1.42e-14  5.03e-16     4s
  30   6.45453906e-01  6.45453906e-01  8.78e-16 1.42e-14  2.95e-16     4s
  31   6.45453906e-01  6.45453906e-01  5.59e-16 1.42e-14  1.56e-16     4s
  32   6.45453906e-01  6.45453906e-01  4.85e-16 1.42e-14  1.44e-16     4s
  33   6.45453906e-01  6.45453906e-01  2.64e-16 1.42e-14  7.87e-17     4s

Barrier solved model in 33 iterations and 4.17 seconds (3.90 work units)
Optimal objective 6.45453906e-01

objective value: 0.6454539063190252
Done! Time elapsed: 24.950905799865723 seconds.
g_0_1: 1.039397293390698
g_1_1: 1.0239783492180137
g_1_2: 1.0706807116131345
g_2_1: 1.0431029442998572
g_2_2: 1.1318503212648177
g_2_3: 1.0431029443025759
g_2_4: 1.1318503210166397
Parameters from last iteration: [0.18085513 0.72395269 0.18629844 0.73747378 0.19694196 0.73747378
 0.19694196]

Parameters from current iteration:
                [0.18085513 0.72395269 0.18629844 0.73747378 0.19694196 0.73747378
 0.19694196]


                Percentage Error = 6.914161756333362e-13
                
year done: 108
Time 109: 2
Optimization Iteration[1/20000]

Solving the optimization problem...
Set parameter TokenServer to value "licenses.rcc.uchicago.edu"
Read LP format model from file /scratch/local/jobs/50183995/tmp3dn3n32m.pyomo.lp
Reading time = 1.35 seconds
x1: 258121 rows, 502401 columns, 1259970 nonzeros
Set parameter Threads to value 8
Set parameter BarConvTol to value 1e-12
Gurobi Optimizer version 11.0.0 build v11.0.0rc2 (linux64 - "CentOS Linux 8")

CPU model: Intel(R) Xeon(R) Gold 6248R CPU @ 3.00GHz, instruction set [SSE2|AVX|AVX2|AVX512]
Thread count: 48 physical cores, 48 logical processors, using up to 8 threads

Optimize a model with 258121 rows, 502401 columns and 1259970 nonzeros
Model fingerprint: 0xa5006ff1
Model has 3166 quadratic objective terms
Coefficient statistics:
  Matrix range     [1e+00, 1e+03]
  Objective range  [6e-08, 7e+01]
  QObjective range [4e-01, 3e+03]
  Bounds range     [3e-04, 1e+00]
  RHS range        [7e-17, 6e+00]
Presolve removed 131482 rows and 128814 columns
Presolve time: 0.55s
Presolved: 126639 rows, 373587 columns, 743930 nonzeros
Presolved model has 3166 quadratic objective terms
Ordering time: 0.16s

Barrier statistics:
 AA' NZ     : 3.709e+05
 Factor NZ  : 4.212e+06 (roughly 240 MB of memory)
 Factor Ops : 3.974e+08 (less than 1 second per iteration)
 Threads    : 8

                  Objective                Residual
Iter       Primal          Dual         Primal    Dual     Compl     Time
   0  -1.08208243e+09  8.62426925e+08  7.80e+04 1.13e-13  1.00e+06     1s
   1  -6.18909580e+08  5.71190884e+08  1.71e+04 1.38e+02  2.40e+05     1s
   2  -3.11035477e+08  3.11021848e+08  2.28e+02 1.12e+00  4.48e+03     1s
   3  -7.31788342e+07  7.38397132e+07  1.92e+00 2.25e-12  3.19e+02     1s
   4  -1.39340231e+07  1.46173254e+07  1.62e-01 4.21e-12  5.90e+01     1s
   5  -2.55218682e+06  2.82756843e+06  1.24e-02 1.25e-12  1.09e+01     1s
   6  -3.71998858e+05  4.27121019e+05  1.24e-08 1.01e-12  1.61e+00     2s
   7  -5.57163879e+04  7.01840033e+04  1.42e-13 9.04e-13  2.53e-01     2s
   8  -8.40127535e+03  1.00455854e+04  6.09e-14 2.52e-13  3.71e-02     2s
   9  -1.34542040e+03  1.65069526e+03  1.52e-14 3.95e-14  6.03e-03     2s
  10  -2.20430688e+02  2.07330079e+02  8.41e-15 4.26e-14  8.61e-04     2s
  11  -4.88619116e+01  3.18493471e+01  2.65e-15 1.42e-14  1.62e-04     2s
  12  -8.15092243e+00  5.68581947e+00  8.11e-16 1.42e-14  2.78e-05     2s
  13  -8.05074137e-01  1.02260305e+00  3.51e-16 1.42e-14  3.68e-06     2s
  14   2.93681007e-01  7.40885609e-01  4.50e-16 2.13e-14  9.00e-07     3s
  15   5.13957769e-01  6.92503312e-01  1.96e-16 1.42e-14  3.59e-07     3s
  16   5.95257486e-01  6.60948827e-01  8.46e-17 1.42e-14  1.32e-07     3s
  17   6.15463890e-01  6.53013168e-01  5.95e-17 2.84e-14  7.55e-08     3s
  18   6.33692960e-01  6.46308345e-01  1.45e-16 1.42e-14  2.54e-08     3s
  19   6.39851099e-01  6.44054902e-01  4.91e-17 2.84e-14  8.46e-09     3s
  20   6.42377882e-01  6.43154049e-01  7.99e-17 1.42e-14  1.56e-09     3s
  21   6.42868063e-01  6.42980433e-01  8.98e-17 1.42e-14  2.26e-10     3s
  22   6.42943007e-01  6.42953925e-01  1.01e-16 1.42e-14  2.20e-11     3s
  23   6.42950948e-01  6.42951117e-01  3.65e-16 1.42e-14  3.41e-13     3s
  24   6.42951047e-01  6.42951082e-01  3.42e-15 1.42e-14  7.17e-14     3s
  25   6.42951066e-01  6.42951075e-01  7.47e-15 1.42e-14  1.89e-14     3s
  26   6.42951071e-01  6.42951073e-01  2.63e-15 2.84e-14  4.79e-15     4s
  27   6.42951072e-01  6.42951073e-01  1.50e-15 1.42e-14  1.24e-15     4s
  28   6.42951073e-01  6.42951073e-01  9.33e-16 1.42e-14  5.33e-16     4s
  29   6.42951073e-01  6.42951073e-01  7.90e-16 1.42e-14  5.00e-16     4s
  30   6.42951073e-01  6.42951073e-01  7.05e-16 1.42e-14  2.94e-16     4s
  31   6.42951073e-01  6.42951073e-01  4.65e-16 1.42e-14  1.56e-16     4s
  32   6.42951073e-01  6.42951073e-01  4.25e-16 1.42e-14  1.48e-16     4s
  33   6.42951073e-01  6.42951073e-01  2.92e-16 1.42e-14  1.01e-16     4s
  34   6.42951073e-01  6.42951073e-01  2.61e-16 1.42e-14  5.02e-17     4s

Barrier solved model in 34 iterations and 4.27 seconds (3.98 work units)
Optimal objective 6.42951073e-01

objective value: 0.6429510728290406
Done! Time elapsed: 26.37632179260254 seconds.
g_0_1: 1.0393972933713138
g_1_1: 1.023978349227472
g_1_2: 1.070680711601321
g_2_1: 1.0431029443068018
g_2_2: 1.131850321167727
g_2_3: 1.0431029443085351
g_2_4: 1.131850321009429
Parameters from last iteration: [0.18085513 0.72395269 0.18629844 0.73747378 0.19694196 0.73747378
 0.19694196]

Parameters from current iteration:
                [0.18085513 0.72395269 0.18629844 0.73747378 0.19694196 0.73747378
 0.19694196]


                Percentage Error = 8.578042239984277e-11
                
year done: 109
Time 110: 2
Optimization Iteration[1/20000]

Solving the optimization problem...
Set parameter TokenServer to value "licenses.rcc.uchicago.edu"
Read LP format model from file /scratch/local/jobs/50183995/tmpfz9f_079.pyomo.lp
Reading time = 1.35 seconds
x1: 258121 rows, 502401 columns, 1259970 nonzeros
Set parameter Threads to value 8
Set parameter BarConvTol to value 1e-12
Gurobi Optimizer version 11.0.0 build v11.0.0rc2 (linux64 - "CentOS Linux 8")

CPU model: Intel(R) Xeon(R) Gold 6248R CPU @ 3.00GHz, instruction set [SSE2|AVX|AVX2|AVX512]
Thread count: 48 physical cores, 48 logical processors, using up to 8 threads

Optimize a model with 258121 rows, 502401 columns and 1259970 nonzeros
Model fingerprint: 0x7f85cded
Model has 3166 quadratic objective terms
Coefficient statistics:
  Matrix range     [1e+00, 1e+03]
  Objective range  [6e-08, 7e+01]
  QObjective range [4e-01, 3e+03]
  Bounds range     [3e-04, 1e+00]
  RHS range        [7e-17, 6e+00]
Presolve removed 131482 rows and 128814 columns
Presolve time: 0.55s
Presolved: 126639 rows, 373587 columns, 743930 nonzeros
Presolved model has 3166 quadratic objective terms
Ordering time: 0.16s

Barrier statistics:
 AA' NZ     : 3.709e+05
 Factor NZ  : 4.212e+06 (roughly 240 MB of memory)
 Factor Ops : 3.974e+08 (less than 1 second per iteration)
 Threads    : 8

                  Objective                Residual
Iter       Primal          Dual         Primal    Dual     Compl     Time
   0  -1.08208243e+09  8.62426925e+08  7.80e+04 1.13e-13  1.00e+06     1s
   1  -6.18909580e+08  5.71190884e+08  1.71e+04 1.38e+02  2.40e+05     1s
   2  -3.11035477e+08  3.11021848e+08  2.28e+02 1.12e+00  4.48e+03     1s
   3  -7.31788343e+07  7.38397132e+07  1.92e+00 2.02e-12  3.19e+02     1s
   4  -1.39340231e+07  1.46173254e+07  1.62e-01 7.28e-12  5.90e+01     1s
   5  -2.55218683e+06  2.82756843e+06  1.24e-02 1.29e-12  1.09e+01     1s
   6  -3.71998860e+05  4.27121016e+05  1.24e-08 1.01e-12  1.61e+00     2s
   7  -5.57163903e+04  7.01840009e+04  1.71e-13 7.48e-13  2.53e-01     2s
   8  -8.40127774e+03  1.00455830e+04  5.45e-14 2.66e-13  3.71e-02     2s
   9  -1.34542279e+03  1.65069287e+03  2.20e-14 5.68e-14  6.03e-03     2s
  10  -2.20433079e+02  2.07327688e+02  1.03e-14 2.84e-14  8.61e-04     2s
  11  -4.88643018e+01  3.18469570e+01  2.40e-15 2.13e-14  1.62e-04     2s
  12  -8.15331262e+00  5.68342928e+00  9.43e-16 2.13e-14  2.78e-05     2s
  13  -8.07464324e-01  1.02021287e+00  3.44e-16 2.26e-14  3.68e-06     2s
  14   2.91290819e-01  7.38495422e-01  5.57e-16 1.42e-14  9.00e-07     3s
  15   5.11567581e-01  6.90113125e-01  1.61e-16 1.42e-14  3.59e-07     3s
  16   5.92867298e-01  6.58558640e-01  1.79e-16 1.42e-14  1.32e-07     3s
  17   6.13073703e-01  6.50622980e-01  5.48e-17 1.42e-14  7.55e-08     3s
  18   6.31302773e-01  6.43918157e-01  1.29e-16 1.42e-14  2.54e-08     3s
  19   6.37460912e-01  6.41664715e-01  1.52e-16 1.42e-14  8.46e-09     3s
  20   6.39987694e-01  6.40763862e-01  8.49e-17 1.42e-14  1.56e-09     3s
  21   6.40477876e-01  6.40590246e-01  7.28e-17 1.42e-14  2.26e-10     3s
  22   6.40552819e-01  6.40563737e-01  1.32e-16 2.84e-14  2.20e-11     3s
  23   6.40560760e-01  6.40560930e-01  3.71e-16 1.42e-14  3.41e-13     3s
  24   6.40560859e-01  6.40560895e-01  2.69e-15 1.42e-14  7.12e-14     3s
  25   6.40560879e-01  6.40560888e-01  5.53e-15 1.42e-14  1.88e-14     3s
  26   6.40560884e-01  6.40560886e-01  2.48e-15 2.84e-14  4.76e-15     4s
  27   6.40560885e-01  6.40560886e-01  1.47e-15 1.42e-14  1.24e-15     4s
  28   6.40560885e-01  6.40560885e-01  1.18e-15 2.84e-14  5.26e-16     4s
  29   6.40560885e-01  6.40560885e-01  1.03e-15 2.13e-14  4.94e-16     4s
  30   6.40560885e-01  6.40560885e-01  1.07e-15 1.42e-14  2.90e-16     4s
  31   6.40560885e-01  6.40560885e-01  5.36e-16 1.42e-14  1.54e-16     4s
  32   6.40560885e-01  6.40560885e-01  4.60e-16 1.42e-14  1.42e-16     4s
  33   6.40560885e-01  6.40560885e-01  3.14e-16 2.84e-14  7.73e-17     4s

Barrier solved model in 33 iterations and 4.13 seconds (3.90 work units)
Optimal objective 6.40560885e-01

objective value: 0.6405608853826205
Done! Time elapsed: 24.80270028114319 seconds.
g_0_1: 1.0393972933897806
g_1_1: 1.0239783492184609
g_1_2: 1.0706807116125745
g_2_1: 1.0431029443001876
g_2_2: 1.1318503212602287
g_2_3: 1.0431029443028625
g_2_4: 1.131850321016306
Parameters from last iteration: [0.18085513 0.72395269 0.18629844 0.73747378 0.19694196 0.73747378
 0.19694196]

Parameters from current iteration:
                [0.18085513 0.72395269 0.18629844 0.73747378 0.19694196 0.73747378
 0.19694196]


                Percentage Error = 8.172606844422922e-11
                
year done: 110
Time 111: 2
Optimization Iteration[1/20000]

Solving the optimization problem...
Set parameter TokenServer to value "licenses.rcc.uchicago.edu"
Read LP format model from file /scratch/local/jobs/50183995/tmp7zicf6w6.pyomo.lp
Reading time = 1.35 seconds
x1: 258121 rows, 502401 columns, 1259970 nonzeros
Set parameter Threads to value 8
Set parameter BarConvTol to value 1e-12
Gurobi Optimizer version 11.0.0 build v11.0.0rc2 (linux64 - "CentOS Linux 8")

CPU model: Intel(R) Xeon(R) Gold 6248R CPU @ 3.00GHz, instruction set [SSE2|AVX|AVX2|AVX512]
Thread count: 48 physical cores, 48 logical processors, using up to 8 threads

Optimize a model with 258121 rows, 502401 columns and 1259970 nonzeros
Model fingerprint: 0x0ca5c172
Model has 3166 quadratic objective terms
Coefficient statistics:
  Matrix range     [1e+00, 1e+03]
  Objective range  [6e-08, 7e+01]
  QObjective range [4e-01, 3e+03]
  Bounds range     [3e-04, 1e+00]
  RHS range        [7e-17, 6e+00]
Presolve removed 131482 rows and 128814 columns
Presolve time: 0.54s
Presolved: 126639 rows, 373587 columns, 743930 nonzeros
Presolved model has 3166 quadratic objective terms
Ordering time: 0.16s

Barrier statistics:
 AA' NZ     : 3.709e+05
 Factor NZ  : 4.212e+06 (roughly 240 MB of memory)
 Factor Ops : 3.974e+08 (less than 1 second per iteration)
 Threads    : 8

                  Objective                Residual
Iter       Primal          Dual         Primal    Dual     Compl     Time
   0  -1.08208243e+09  8.62426925e+08  7.80e+04 1.14e-13  1.00e+06     1s
   1  -6.18909580e+08  5.71190884e+08  1.71e+04 1.38e+02  2.40e+05     1s
   2  -3.11035477e+08  3.11021848e+08  2.28e+02 1.12e+00  4.48e+03     1s
   3  -7.31788343e+07  7.38397132e+07  1.92e+00 1.44e-12  3.19e+02     1s
   4  -1.39340231e+07  1.46173253e+07  1.62e-01 5.36e-12  5.90e+01     1s
   5  -2.55218683e+06  2.82756843e+06  1.24e-02 1.45e-12  1.09e+01     1s
   6  -3.71998862e+05  4.27121014e+05  1.24e-08 1.13e-12  1.61e+00     2s
   7  -5.57163926e+04  7.01839987e+04  1.76e-13 6.02e-13  2.53e-01     2s
   8  -8.40128002e+03  1.00455807e+04  6.06e-14 2.38e-13  3.71e-02     2s
   9  -1.34542508e+03  1.65069058e+03  1.70e-14 4.26e-14  6.03e-03     2s
  10  -2.20435361e+02  2.07325406e+02  1.20e-14 2.84e-14  8.61e-04     2s
  11  -4.88665844e+01  3.18446743e+01  2.06e-15 2.13e-14  1.62e-04     2s
  12  -8.15559523e+00  5.68114667e+00  1.17e-15 2.84e-14  2.78e-05     2s
  13  -8.09746935e-01  1.01793025e+00  3.68e-16 2.13e-14  3.68e-06     2s
  14   2.89008208e-01  7.36212811e-01  3.67e-16 1.42e-14  9.00e-07     3s
  15   5.09284970e-01  6.87830514e-01  1.26e-16 2.84e-14  3.59e-07     3s
  16   5.90584687e-01  6.56276028e-01  1.11e-16 2.84e-14  1.32e-07     3s
  17   6.10791092e-01  6.48340369e-01  3.86e-17 1.42e-14  7.55e-08     3s
  18   6.29020162e-01  6.41635546e-01  8.32e-17 1.42e-14  2.54e-08     3s
  19   6.35178301e-01  6.39382104e-01  5.39e-17 1.42e-14  8.46e-09     3s
  20   6.37705083e-01  6.38481250e-01  9.86e-17 1.42e-14  1.56e-09     3s
  21   6.38195265e-01  6.38307635e-01  5.00e-17 1.42e-14  2.26e-10     3s
  22   6.38270208e-01  6.38281126e-01  9.92e-17 1.42e-14  2.20e-11     3s
  23   6.38278149e-01  6.38278318e-01  4.44e-16 1.42e-14  3.41e-13     3s
  24   6.38278248e-01  6.38278283e-01  3.41e-15 1.42e-14  7.10e-14     3s
  25   6.38278267e-01  6.38278277e-01  5.08e-15 2.84e-14  1.87e-14     3s
  26   6.38278272e-01  6.38278275e-01  2.15e-15 1.42e-14  4.75e-15     4s
  27   6.38278274e-01  6.38278274e-01  1.74e-15 1.42e-14  1.23e-15     4s
  28   6.38278274e-01  6.38278274e-01  9.97e-16 1.42e-14  5.23e-16     4s
  29   6.38278274e-01  6.38278274e-01  9.09e-16 1.42e-14  4.91e-16     4s
  30   6.38278274e-01  6.38278274e-01  7.10e-16 1.42e-14  2.89e-16     4s
  31   6.38278274e-01  6.38278274e-01  4.58e-16 1.42e-14  1.53e-16     4s
  32   6.38278274e-01  6.38278274e-01  3.95e-16 8.44e-15  1.41e-16     4s
  33   6.38278274e-01  6.38278274e-01  3.04e-16 1.42e-14  7.71e-17     4s

Barrier solved model in 33 iterations and 4.13 seconds (3.90 work units)
Optimal objective 6.38278274e-01

objective value: 0.6382782741011318
Done! Time elapsed: 24.810662984848022 seconds.
g_0_1: 1.0393972933896587
g_1_1: 1.0239783492185204
g_1_2: 1.070680711612499
g_2_1: 1.0431029443002269
g_2_2: 1.131850321259614
g_2_3: 1.0431029443028974
g_2_4: 1.1318503210162554
Parameters from last iteration: [0.18085513 0.72395269 0.18629844 0.73747378 0.19694196 0.73747378
 0.19694196]

Parameters from current iteration:
                [0.18085513 0.72395269 0.18629844 0.73747378 0.19694196 0.73747378
 0.19694196]


                Percentage Error = 5.430139675352399e-13
                
year done: 111
Time 112: 2
Optimization Iteration[1/20000]

Solving the optimization problem...
Set parameter TokenServer to value "licenses.rcc.uchicago.edu"
Read LP format model from file /scratch/local/jobs/50183995/tmpmrthb32x.pyomo.lp
Reading time = 1.34 seconds
x1: 258121 rows, 502401 columns, 1259970 nonzeros
Set parameter Threads to value 8
Set parameter BarConvTol to value 1e-12
Gurobi Optimizer version 11.0.0 build v11.0.0rc2 (linux64 - "CentOS Linux 8")

CPU model: Intel(R) Xeon(R) Gold 6248R CPU @ 3.00GHz, instruction set [SSE2|AVX|AVX2|AVX512]
Thread count: 48 physical cores, 48 logical processors, using up to 8 threads

Optimize a model with 258121 rows, 502401 columns and 1259970 nonzeros
Model fingerprint: 0x5285d58b
Model has 3166 quadratic objective terms
Coefficient statistics:
  Matrix range     [1e+00, 1e+03]
  Objective range  [6e-08, 7e+01]
  QObjective range [4e-01, 3e+03]
  Bounds range     [3e-04, 1e+00]
  RHS range        [7e-17, 6e+00]
Presolve removed 131482 rows and 128814 columns
Presolve time: 0.55s
Presolved: 126639 rows, 373587 columns, 743930 nonzeros
Presolved model has 3166 quadratic objective terms
Ordering time: 0.16s

Barrier statistics:
 AA' NZ     : 3.709e+05
 Factor NZ  : 4.212e+06 (roughly 240 MB of memory)
 Factor Ops : 3.974e+08 (less than 1 second per iteration)
 Threads    : 8

                  Objective                Residual
Iter       Primal          Dual         Primal    Dual     Compl     Time
   0  -1.08208243e+09  8.62426925e+08  7.80e+04 1.14e-13  1.00e+06     1s
   1  -6.18909580e+08  5.71190884e+08  1.71e+04 1.38e+02  2.40e+05     1s
   2  -3.11035477e+08  3.11021848e+08  2.28e+02 1.12e+00  4.48e+03     1s
   3  -7.31788343e+07  7.38397132e+07  1.92e+00 1.39e-12  3.19e+02     1s
   4  -1.39340231e+07  1.46173253e+07  1.62e-01 3.77e-12  5.90e+01     1s
   5  -2.55218683e+06  2.82756843e+06  1.24e-02 1.30e-12  1.09e+01     1s
   6  -3.71998865e+05  4.27121012e+05  1.24e-08 7.95e-13  1.61e+00     2s
   7  -5.57163948e+04  7.01839965e+04  1.63e-13 6.51e-13  2.53e-01     2s
   8  -8.40128220e+03  1.00455785e+04  6.78e-14 2.23e-13  3.71e-02     2s
   9  -1.34542726e+03  1.65068840e+03  1.35e-14 3.42e-14  6.03e-03     2s
  10  -2.20437541e+02  2.07323226e+02  1.25e-14 2.84e-14  8.61e-04     2s
  11  -4.88687643e+01  3.18424945e+01  3.18e-15 2.84e-14  1.62e-04     2s
  12  -8.15777511e+00  5.67896680e+00  9.58e-16 1.42e-14  2.78e-05     2s
  13  -8.11926812e-01  1.01575038e+00  3.37e-16 1.55e-14  3.68e-06     2s
  14   2.86828331e-01  7.34032934e-01  5.69e-16 1.42e-14  9.00e-07     3s
  15   5.07105093e-01  6.85650637e-01  3.23e-16 1.42e-14  3.59e-07     3s
  16   5.88404810e-01  6.54096152e-01  9.30e-17 2.84e-14  1.32e-07     3s
  17   6.08611215e-01  6.46160492e-01  4.20e-17 1.42e-14  7.55e-08     3s
  18   6.26840285e-01  6.39455669e-01  9.32e-17 1.42e-14  2.54e-08     3s
  19   6.32998424e-01  6.37202227e-01  1.28e-16 1.42e-14  8.46e-09     3s
  20   6.35525206e-01  6.36301374e-01  5.92e-17 1.42e-14  1.56e-09     3s
  21   6.36015388e-01  6.36127758e-01  8.41e-17 1.42e-14  2.26e-10     3s
  22   6.36090331e-01  6.36101249e-01  1.29e-16 1.42e-14  2.20e-11     3s
  23   6.36098272e-01  6.36098442e-01  2.95e-16 2.84e-14  3.41e-13     3s
  24   6.36098371e-01  6.36098406e-01  2.74e-15 1.42e-14  7.08e-14     3s
  25   6.36098390e-01  6.36098400e-01  5.07e-15 2.84e-14  1.87e-14     3s
  26   6.36098396e-01  6.36098398e-01  2.66e-15 1.42e-14  4.73e-15     4s
  27   6.36098397e-01  6.36098397e-01  1.55e-15 1.42e-14  1.23e-15     4s
  28   6.36098397e-01  6.36098397e-01  1.18e-15 1.42e-14  5.20e-16     4s
  29   6.36098397e-01  6.36098397e-01  1.02e-15 1.42e-14  4.89e-16     4s
  30   6.36098397e-01  6.36098397e-01  8.29e-16 1.42e-14  2.87e-16     4s
  31   6.36098397e-01  6.36098397e-01  5.23e-16 7.11e-15  1.52e-16     4s
  32   6.36098397e-01  6.36098397e-01  4.76e-16 1.42e-14  1.43e-16     4s
  33   6.36098397e-01  6.36098397e-01  2.97e-16 1.42e-14  8.54e-17     4s

Barrier solved model in 33 iterations and 4.15 seconds (3.90 work units)
Optimal objective 6.36098397e-01

objective value: 0.6360983972477454
Done! Time elapsed: 24.820348024368286 seconds.
g_0_1: 1.039397293395314
g_1_1: 1.023978349215764
g_1_2: 1.0706807116159502
g_2_1: 1.0431029442981992
g_2_2: 1.1318503212877558
g_2_3: 1.0431029443011604
g_2_4: 1.1318503210183581
Parameters from last iteration: [0.18085513 0.72395269 0.18629844 0.73747378 0.19694196 0.73747378
 0.19694196]

Parameters from current iteration:
                [0.18085513 0.72395269 0.18629844 0.73747378 0.19694196 0.73747378
 0.19694196]


                Percentage Error = 2.486335949977136e-11
                
year done: 112
Time 113: 2
Optimization Iteration[1/20000]

Solving the optimization problem...
Set parameter TokenServer to value "licenses.rcc.uchicago.edu"
Read LP format model from file /scratch/local/jobs/50183995/tmpstd2hmo5.pyomo.lp
Reading time = 1.35 seconds
x1: 258121 rows, 502401 columns, 1259970 nonzeros
Set parameter Threads to value 8
Set parameter BarConvTol to value 1e-12
Gurobi Optimizer version 11.0.0 build v11.0.0rc2 (linux64 - "CentOS Linux 8")

CPU model: Intel(R) Xeon(R) Gold 6248R CPU @ 3.00GHz, instruction set [SSE2|AVX|AVX2|AVX512]
Thread count: 48 physical cores, 48 logical processors, using up to 8 threads

Optimize a model with 258121 rows, 502401 columns and 1259970 nonzeros
Model fingerprint: 0x40d04603
Model has 3166 quadratic objective terms
Coefficient statistics:
  Matrix range     [1e+00, 1e+03]
  Objective range  [6e-08, 7e+01]
  QObjective range [4e-01, 3e+03]
  Bounds range     [3e-04, 1e+00]
  RHS range        [7e-17, 6e+00]
Presolve removed 131482 rows and 128814 columns
Presolve time: 0.55s
Presolved: 126639 rows, 373587 columns, 743930 nonzeros
Presolved model has 3166 quadratic objective terms
Ordering time: 0.16s

Barrier statistics:
 AA' NZ     : 3.709e+05
 Factor NZ  : 4.212e+06 (roughly 240 MB of memory)
 Factor Ops : 3.974e+08 (less than 1 second per iteration)
 Threads    : 8

                  Objective                Residual
Iter       Primal          Dual         Primal    Dual     Compl     Time
   0  -1.08208243e+09  8.62426925e+08  7.80e+04 1.13e-13  1.00e+06     1s
   1  -6.18909580e+08  5.71190884e+08  1.71e+04 1.38e+02  2.40e+05     1s
   2  -3.11035477e+08  3.11021848e+08  2.28e+02 1.12e+00  4.48e+03     1s
   3  -7.31788343e+07  7.38397132e+07  1.92e+00 1.45e-12  3.19e+02     1s
   4  -1.39340231e+07  1.46173253e+07  1.62e-01 4.84e-12  5.90e+01     1s
   5  -2.55218683e+06  2.82756842e+06  1.24e-02 1.23e-12  1.09e+01     1s
   6  -3.71998867e+05  4.27121010e+05  1.24e-08 3.03e-12  1.61e+00     2s
   7  -5.57163969e+04  7.01839944e+04  1.48e-13 6.47e-13  2.53e-01     2s
   8  -8.40128428e+03  1.00455764e+04  4.10e-14 2.06e-13  3.71e-02     2s
   9  -1.34542934e+03  1.65068632e+03  1.48e-14 3.55e-14  6.03e-03     2s
  10  -2.20439623e+02  2.07321144e+02  6.53e-15 2.35e-14  8.61e-04     2s
  11  -4.88708460e+01  3.18404127e+01  3.26e-15 2.13e-14  1.62e-04     2s
  12  -8.15985687e+00  5.67688503e+00  1.12e-15 1.78e-14  2.78e-05     2s
  13  -8.14008578e-01  1.01366861e+00  2.86e-16 2.84e-14  3.68e-06     2s
  14   2.84746565e-01  7.31951168e-01  4.56e-16 1.42e-14  9.00e-07     3s
  15   5.05023327e-01  6.83568871e-01  3.34e-16 1.42e-14  3.59e-07     3s
  16   5.86323044e-01  6.52014385e-01  1.58e-16 1.42e-14  1.32e-07     3s
  17   6.06529449e-01  6.44078726e-01  5.51e-17 1.42e-14  7.55e-08     3s
  18   6.24758519e-01  6.37373903e-01  1.10e-16 1.47e-14  2.54e-08     3s
  19   6.30916658e-01  6.35120461e-01  5.88e-17 1.42e-14  8.46e-09     3s
  20   6.33443440e-01  6.34219607e-01  7.93e-17 1.42e-14  1.56e-09     3s
  21   6.33933621e-01  6.34045991e-01  7.77e-17 2.13e-14  2.26e-10     3s
  22   6.34008565e-01  6.34019483e-01  1.86e-16 2.84e-14  2.20e-11     3s
  23   6.34016506e-01  6.34016675e-01  3.04e-16 1.42e-14  3.41e-13     3s
  24   6.34016605e-01  6.34016640e-01  2.85e-15 1.42e-14  7.06e-14     3s
  25   6.34016624e-01  6.34016633e-01  5.21e-15 1.42e-14  1.87e-14     3s
  26   6.34016629e-01  6.34016632e-01  2.22e-15 1.78e-14  4.72e-15     4s
  27   6.34016631e-01  6.34016631e-01  1.45e-15 1.42e-14  1.23e-15     4s
  28   6.34016631e-01  6.34016631e-01  9.84e-16 1.42e-14  5.18e-16     4s
  29   6.34016631e-01  6.34016631e-01  9.06e-16 1.42e-14  4.86e-16     4s
  30   6.34016631e-01  6.34016631e-01  1.83e-15 1.42e-14  2.86e-16     4s
  31   6.34016631e-01  6.34016631e-01  4.80e-16 1.42e-14  1.52e-16     4s
  32   6.34016631e-01  6.34016631e-01  4.42e-16 1.42e-14  1.44e-16     4s
  33   6.34016631e-01  6.34016631e-01  3.09e-16 1.42e-14  1.02e-16     4s
  34   6.34016631e-01  6.34016631e-01  2.65e-16 1.42e-14  4.52e-17     4s

Barrier solved model in 34 iterations and 4.24 seconds (3.98 work units)
Optimal objective 6.34016631e-01

objective value: 0.6340166310317834
Done! Time elapsed: 26.43499994277954 seconds.
g_0_1: 1.039397293367904
g_1_1: 1.0239783492291257
g_1_2: 1.0706807115992425
g_2_1: 1.043102944308026
g_2_2: 1.13185032115072
g_2_3: 1.0431029443095778
g_2_4: 1.1318503210081612
Parameters from last iteration: [0.18085513 0.72395269 0.18629844 0.73747378 0.19694196 0.73747378
 0.19694196]

Parameters from current iteration:
                [0.18085513 0.72395269 0.18629844 0.73747378 0.19694196 0.73747378
 0.19694196]


                Percentage Error = 1.2107224323667107e-10
                
year done: 113
Time 114: 2
Optimization Iteration[1/20000]

Solving the optimization problem...
Set parameter TokenServer to value "licenses.rcc.uchicago.edu"
Read LP format model from file /scratch/local/jobs/50183995/tmpck5xplmv.pyomo.lp
Reading time = 1.34 seconds
x1: 258121 rows, 502401 columns, 1259970 nonzeros
Set parameter Threads to value 8
Set parameter BarConvTol to value 1e-12
Gurobi Optimizer version 11.0.0 build v11.0.0rc2 (linux64 - "CentOS Linux 8")

CPU model: Intel(R) Xeon(R) Gold 6248R CPU @ 3.00GHz, instruction set [SSE2|AVX|AVX2|AVX512]
Thread count: 48 physical cores, 48 logical processors, using up to 8 threads

Optimize a model with 258121 rows, 502401 columns and 1259970 nonzeros
Model fingerprint: 0x7c854448
Model has 3166 quadratic objective terms
Coefficient statistics:
  Matrix range     [1e+00, 1e+03]
  Objective range  [6e-08, 7e+01]
  QObjective range [4e-01, 3e+03]
  Bounds range     [3e-04, 1e+00]
  RHS range        [7e-17, 6e+00]
Presolve removed 131482 rows and 128814 columns
Presolve time: 0.55s
Presolved: 126639 rows, 373587 columns, 743930 nonzeros
Presolved model has 3166 quadratic objective terms
Ordering time: 0.16s

Barrier statistics:
 AA' NZ     : 3.709e+05
 Factor NZ  : 4.212e+06 (roughly 240 MB of memory)
 Factor Ops : 3.974e+08 (less than 1 second per iteration)
 Threads    : 8

                  Objective                Residual
Iter       Primal          Dual         Primal    Dual     Compl     Time
   0  -1.08208243e+09  8.62426925e+08  7.80e+04 1.13e-13  1.00e+06     1s
   1  -6.18909580e+08  5.71190884e+08  1.71e+04 1.38e+02  2.40e+05     1s
   2  -3.11035477e+08  3.11021848e+08  2.28e+02 1.12e+00  4.48e+03     1s
   3  -7.31788343e+07  7.38397132e+07  1.92e+00 1.95e-12  3.19e+02     1s
   4  -1.39340231e+07  1.46173253e+07  1.62e-01 4.14e-12  5.90e+01     1s
   5  -2.55218684e+06  2.82756842e+06  1.24e-02 1.23e-12  1.09e+01     1s
   6  -3.71998869e+05  4.27121008e+05  1.24e-08 8.89e-13  1.61e+00     2s
   7  -5.57163989e+04  7.01839924e+04  1.06e-13 5.76e-13  2.53e-01     2s
   8  -8.40128627e+03  1.00455745e+04  5.74e-14 2.12e-13  3.71e-02     2s
   9  -1.34543133e+03  1.65068433e+03  1.85e-14 3.02e-14  6.03e-03     2s
  10  -2.20441611e+02  2.07319156e+02  7.00e-15 3.15e-14  8.61e-04     2s
  11  -4.88728341e+01  3.18384246e+01  2.36e-15 1.42e-14  1.62e-04     2s
  12  -8.16184495e+00  5.67489696e+00  1.27e-15 2.13e-14  2.78e-05     2s
  13  -8.15996650e-01  1.01168054e+00  3.76e-16 1.42e-14  3.68e-06     2s
  14   2.82758494e-01  7.29963096e-01  5.00e-16 1.42e-14  9.00e-07     3s
  15   5.03035256e-01  6.81580799e-01  2.16e-16 1.42e-14  3.59e-07     3s
  16   5.84334973e-01  6.50026314e-01  6.41e-17 2.13e-14  1.32e-07     3s
  17   6.04541377e-01  6.42090655e-01  4.30e-17 1.42e-14  7.55e-08     3s
  18   6.22770447e-01  6.35385832e-01  4.17e-17 1.42e-14  2.54e-08     3s
  19   6.28928586e-01  6.33132389e-01  1.06e-16 1.42e-14  8.46e-09     3s
  20   6.31455369e-01  6.32231536e-01  6.24e-17 1.42e-14  1.56e-09     3s
  21   6.31945550e-01  6.32057920e-01  7.22e-17 1.42e-14  2.26e-10     3s
  22   6.32020494e-01  6.32031412e-01  1.44e-16 1.42e-14  2.20e-11     3s
  23   6.32028434e-01  6.32028604e-01  3.25e-16 1.42e-14  3.41e-13     3s
  24   6.32028534e-01  6.32028569e-01  2.83e-15 1.42e-14  7.01e-14     3s
  25   6.32028553e-01  6.32028562e-01  6.35e-15 1.42e-14  1.85e-14     3s
  26   6.32028558e-01  6.32028560e-01  2.91e-15 1.42e-14  4.69e-15     4s
  27   6.32028559e-01  6.32028560e-01  1.41e-15 1.42e-14  1.22e-15     4s
  28   6.32028560e-01  6.32028560e-01  1.03e-15 1.42e-14  5.11e-16     4s
  29   6.32028560e-01  6.32028560e-01  8.74e-16 1.42e-14  4.81e-16     4s
  30   6.32028560e-01  6.32028560e-01  8.92e-16 1.42e-14  2.83e-16     4s
  31   6.32028560e-01  6.32028560e-01  6.80e-16 1.42e-14  1.50e-16     4s
  32   6.32028560e-01  6.32028560e-01  5.89e-16 1.42e-14  1.38e-16     4s
  33   6.32028560e-01  6.32028560e-01  2.53e-16 1.42e-14  7.57e-17     4s

Barrier solved model in 33 iterations and 4.16 seconds (3.90 work units)
Optimal objective 6.32028560e-01

objective value: 0.6320285597051053
Done! Time elapsed: 24.747416734695435 seconds.
g_0_1: 1.0393972933887023
g_1_1: 1.023978349218983
g_1_2: 1.0706807116119155
g_2_1: 1.0431029443005648
g_2_2: 1.131850321254842
g_2_3: 1.0431029443031847
g_2_4: 1.1318503210158986
Parameters from last iteration: [0.18085513 0.72395269 0.18629844 0.73747378 0.19694196 0.73747378
 0.19694196]

Parameters from current iteration:
                [0.18085513 0.72395269 0.18629844 0.73747378 0.19694196 0.73747378
 0.19694196]


                Percentage Error = 9.199273896474984e-11
                
year done: 114
Time 115: 2
Optimization Iteration[1/20000]

Solving the optimization problem...
Set parameter TokenServer to value "licenses.rcc.uchicago.edu"
Read LP format model from file /scratch/local/jobs/50183995/tmpi2t1dwy7.pyomo.lp
Reading time = 1.35 seconds
x1: 258121 rows, 502401 columns, 1259970 nonzeros
Set parameter Threads to value 8
Set parameter BarConvTol to value 1e-12
Gurobi Optimizer version 11.0.0 build v11.0.0rc2 (linux64 - "CentOS Linux 8")

CPU model: Intel(R) Xeon(R) Gold 6248R CPU @ 3.00GHz, instruction set [SSE2|AVX|AVX2|AVX512]
Thread count: 48 physical cores, 48 logical processors, using up to 8 threads

Optimize a model with 258121 rows, 502401 columns and 1259970 nonzeros
Model fingerprint: 0x94c4075d
Model has 3166 quadratic objective terms
Coefficient statistics:
  Matrix range     [1e+00, 1e+03]
  Objective range  [6e-08, 7e+01]
  QObjective range [4e-01, 3e+03]
  Bounds range     [3e-04, 1e+00]
  RHS range        [7e-17, 6e+00]
Presolve removed 131482 rows and 128814 columns
Presolve time: 0.55s
Presolved: 126639 rows, 373587 columns, 743930 nonzeros
Presolved model has 3166 quadratic objective terms
Ordering time: 0.16s

Barrier statistics:
 AA' NZ     : 3.709e+05
 Factor NZ  : 4.212e+06 (roughly 240 MB of memory)
 Factor Ops : 3.974e+08 (less than 1 second per iteration)
 Threads    : 8

                  Objective                Residual
Iter       Primal          Dual         Primal    Dual     Compl     Time
   0  -1.08208243e+09  8.62426925e+08  7.80e+04 1.14e-13  1.00e+06     1s
   1  -6.18909580e+08  5.71190884e+08  1.71e+04 1.38e+02  2.40e+05     1s
   2  -3.11035477e+08  3.11021848e+08  2.28e+02 1.12e+00  4.48e+03     1s
   3  -7.31788343e+07  7.38397132e+07  1.92e+00 1.42e-12  3.19e+02     1s
   4  -1.39340231e+07  1.46173253e+07  1.62e-01 5.46e-12  5.90e+01     1s
   5  -2.55218684e+06  2.82756842e+06  1.24e-02 1.39e-12  1.09e+01     1s
   6  -3.71998871e+05  4.27121006e+05  1.24e-08 9.01e-13  1.61e+00     2s
   7  -5.57164007e+04  7.01839905e+04  1.12e-13 7.11e-13  2.53e-01     2s
   8  -8.40128817e+03  1.00455726e+04  5.81e-14 1.96e-13  3.71e-02     2s
   9  -1.34543322e+03  1.65068243e+03  1.74e-14 3.51e-14  6.03e-03     2s
  10  -2.20443510e+02  2.07317257e+02  9.52e-15 1.78e-14  8.61e-04     2s
  11  -4.88747327e+01  3.18365260e+01  2.40e-15 2.13e-14  1.62e-04     2s
  12  -8.16374354e+00  5.67299836e+00  1.03e-15 1.42e-14  2.78e-05     2s
  13  -8.17895243e-01  1.00978195e+00  2.98e-16 2.13e-14  3.68e-06     2s
  14   2.80859900e-01  7.28064503e-01  4.00e-16 1.42e-14  9.00e-07     3s
  15   5.01136662e-01  6.79682206e-01  1.87e-16 2.84e-14  3.59e-07     3s
  16   5.82436379e-01  6.48127721e-01  7.37e-17 9.77e-15  1.32e-07     3s
  17   6.02642784e-01  6.40192061e-01  1.23e-16 1.42e-14  7.55e-08     3s
  18   6.20871854e-01  6.33487238e-01  6.33e-17 1.42e-14  2.54e-08     3s
  19   6.27029993e-01  6.31233796e-01  1.10e-16 2.13e-14  8.46e-09     3s
  20   6.29556775e-01  6.30332943e-01  8.92e-17 1.42e-14  1.56e-09     3s
  21   6.30046957e-01  6.30159327e-01  9.37e-17 1.42e-14  2.26e-10     3s
  22   6.30121900e-01  6.30132818e-01  1.42e-16 1.42e-14  2.20e-11     3s
  23   6.30129841e-01  6.30130011e-01  3.53e-16 2.84e-14  3.41e-13     3s
  24   6.30129941e-01  6.30129975e-01  3.11e-15 1.42e-14  6.99e-14     3s
  25   6.30129960e-01  6.30129969e-01  5.13e-15 1.42e-14  1.85e-14     3s
  26   6.30129965e-01  6.30129967e-01  2.70e-15 1.42e-14  4.68e-15     4s
  27   6.30129966e-01  6.30129967e-01  1.44e-15 1.42e-14  1.21e-15     4s
  28   6.30129966e-01  6.30129966e-01  9.92e-16 2.84e-14  5.09e-16     4s
  29   6.30129966e-01  6.30129966e-01  8.56e-16 2.13e-14  4.78e-16     4s
  30   6.30129966e-01  6.30129966e-01  9.71e-16 1.42e-14  2.81e-16     4s
  31   6.30129966e-01  6.30129966e-01  5.42e-16 1.42e-14  1.49e-16     4s
  32   6.30129966e-01  6.30129966e-01  4.80e-16 1.42e-14  1.38e-16     4s
  33   6.30129966e-01  6.30129966e-01  2.78e-16 1.42e-14  7.62e-17     4s

Barrier solved model in 33 iterations and 4.15 seconds (3.90 work units)
Optimal objective 6.30129966e-01

objective value: 0.6301299663375004
Done! Time elapsed: 24.774710655212402 seconds.
g_0_1: 1.0393972933890478
g_1_1: 1.0239783492188126
g_1_2: 1.0706807116121202
g_2_1: 1.043102944300439
g_2_2: 1.1318503212565103
g_2_3: 1.0431029443030808
g_2_4: 1.1318503210160233
Parameters from last iteration: [0.18085513 0.72395269 0.18629844 0.73747378 0.19694196 0.73747378
 0.19694196]

Parameters from current iteration:
                [0.18085513 0.72395269 0.18629844 0.73747378 0.19694196 0.73747378
 0.19694196]


                Percentage Error = 1.4738749214924905e-12
                
year done: 115
Time 116: 2
Optimization Iteration[1/20000]

Solving the optimization problem...
Set parameter TokenServer to value "licenses.rcc.uchicago.edu"
Read LP format model from file /scratch/local/jobs/50183995/tmpst1lc8at.pyomo.lp
Reading time = 1.36 seconds
x1: 258121 rows, 502401 columns, 1259970 nonzeros
Set parameter Threads to value 8
Set parameter BarConvTol to value 1e-12
Gurobi Optimizer version 11.0.0 build v11.0.0rc2 (linux64 - "CentOS Linux 8")

CPU model: Intel(R) Xeon(R) Gold 6248R CPU @ 3.00GHz, instruction set [SSE2|AVX|AVX2|AVX512]
Thread count: 48 physical cores, 48 logical processors, using up to 8 threads

Optimize a model with 258121 rows, 502401 columns and 1259970 nonzeros
Model fingerprint: 0xb856d1a6
Model has 3166 quadratic objective terms
Coefficient statistics:
  Matrix range     [1e+00, 1e+03]
  Objective range  [6e-08, 7e+01]
  QObjective range [4e-01, 3e+03]
  Bounds range     [3e-04, 1e+00]
  RHS range        [7e-17, 6e+00]
Presolve removed 131482 rows and 128814 columns
Presolve time: 0.55s
Presolved: 126639 rows, 373587 columns, 743930 nonzeros
Presolved model has 3166 quadratic objective terms
Ordering time: 0.16s

Barrier statistics:
 AA' NZ     : 3.709e+05
 Factor NZ  : 4.212e+06 (roughly 240 MB of memory)
 Factor Ops : 3.974e+08 (less than 1 second per iteration)
 Threads    : 8

                  Objective                Residual
Iter       Primal          Dual         Primal    Dual     Compl     Time
   0  -1.08208243e+09  8.62426925e+08  7.80e+04 1.14e-13  1.00e+06     1s
   1  -6.18909580e+08  5.71190884e+08  1.71e+04 1.38e+02  2.40e+05     1s
   2  -3.11035477e+08  3.11021848e+08  2.28e+02 1.12e+00  4.48e+03     1s
   3  -7.31788343e+07  7.38397132e+07  1.92e+00 1.46e-12  3.19e+02     1s
   4  -1.39340231e+07  1.46173253e+07  1.62e-01 4.47e-12  5.90e+01     1s
   5  -2.55218684e+06  2.82756842e+06  1.24e-02 1.46e-12  1.09e+01     1s
   6  -3.71998872e+05  4.27121004e+05  1.24e-08 9.92e-13  1.61e+00     2s
   7  -5.57164026e+04  7.01839887e+04  1.72e-13 6.47e-13  2.53e-01     2s
   8  -8.40128998e+03  1.00455707e+04  6.14e-14 2.94e-13  3.71e-02     2s
   9  -1.34543504e+03  1.65068062e+03  2.01e-14 4.26e-14  6.03e-03     2s
  10  -2.20445323e+02  2.07315444e+02  1.18e-14 4.26e-14  8.61e-04     2s
  11  -4.88765459e+01  3.18347129e+01  3.33e-15 2.13e-14  1.62e-04     2s
  12  -8.16555668e+00  5.67118522e+00  1.21e-15 2.13e-14  2.78e-05     2s
  13  -8.19708386e-01  1.00796880e+00  3.21e-16 1.42e-14  3.68e-06     2s
  14   2.79046758e-01  7.26251360e-01  4.63e-16 2.84e-14  9.00e-07     3s
  15   4.99323520e-01  6.77869063e-01  1.33e-16 1.42e-14  3.59e-07     3s
  16   5.80623237e-01  6.46314578e-01  1.76e-16 1.42e-14  1.32e-07     3s
  17   6.00829641e-01  6.38378919e-01  9.44e-17 1.42e-14  7.55e-08     3s
  18   6.19058711e-01  6.31674096e-01  1.36e-16 1.42e-14  2.54e-08     3s
  19   6.25216850e-01  6.29420653e-01  6.03e-17 1.42e-14  8.46e-09     3s
  20   6.27743633e-01  6.28519800e-01  1.13e-16 1.42e-14  1.56e-09     3s
  21   6.28233814e-01  6.28346184e-01  7.66e-17 1.42e-14  2.26e-10     3s
  22   6.28308758e-01  6.28319676e-01  1.16e-16 2.13e-14  2.20e-11     3s
  23   6.28316698e-01  6.28316868e-01  3.44e-16 1.42e-14  3.41e-13     3s
  24   6.28316798e-01  6.28316833e-01  3.09e-15 1.42e-14  6.97e-14     3s
  25   6.28316817e-01  6.28316826e-01  5.60e-15 1.42e-14  1.84e-14     3s
  26   6.28316822e-01  6.28316824e-01  2.47e-15 1.42e-14  4.66e-15     4s
  27   6.28316823e-01  6.28316824e-01  1.49e-15 1.42e-14  1.21e-15     4s
  28   6.28316824e-01  6.28316824e-01  1.01e-15 1.42e-14  5.06e-16     4s
  29   6.28316824e-01  6.28316824e-01  8.84e-16 2.13e-14  4.76e-16     4s
  30   6.28316824e-01  6.28316824e-01  9.50e-16 1.42e-14  2.80e-16     4s
  31   6.28316824e-01  6.28316824e-01  4.92e-16 1.42e-14  1.49e-16     4s
  32   6.28316824e-01  6.28316824e-01  4.64e-16 1.42e-14  1.41e-16     4s
  33   6.28316824e-01  6.28316824e-01  2.68e-16 1.42e-14  9.83e-17     4s

Barrier solved model in 33 iterations and 4.15 seconds (3.90 work units)
Optimal objective 6.28316824e-01

objective value: 0.6283168237400165
Done! Time elapsed: 24.739640712738037 seconds.
g_0_1: 1.0393972934041433
g_1_1: 1.0239783492114727
g_1_2: 1.0706807116213544
g_2_1: 1.0431029442950357
g_2_2: 1.1318503213316284
g_2_3: 1.043102944298442
g_2_4: 1.1318503210216544
Parameters from last iteration: [0.18085513 0.72395269 0.18629844 0.73747378 0.19694196 0.73747378
 0.19694196]

Parameters from current iteration:
                [0.18085513 0.72395269 0.18629844 0.73747378 0.19694196 0.73747378
 0.19694196]


                Percentage Error = 6.636763782783096e-11
                
year done: 116
Time 117: 2
Optimization Iteration[1/20000]

Solving the optimization problem...
Set parameter TokenServer to value "licenses.rcc.uchicago.edu"
Read LP format model from file /scratch/local/jobs/50183995/tmpczlcnk6c.pyomo.lp
Reading time = 1.35 seconds
x1: 258121 rows, 502401 columns, 1259970 nonzeros
Set parameter Threads to value 8
Set parameter BarConvTol to value 1e-12
Gurobi Optimizer version 11.0.0 build v11.0.0rc2 (linux64 - "CentOS Linux 8")

CPU model: Intel(R) Xeon(R) Gold 6248R CPU @ 3.00GHz, instruction set [SSE2|AVX|AVX2|AVX512]
Thread count: 48 physical cores, 48 logical processors, using up to 8 threads

Optimize a model with 258121 rows, 502401 columns and 1259970 nonzeros
Model fingerprint: 0x713f5860
Model has 3166 quadratic objective terms
Coefficient statistics:
  Matrix range     [1e+00, 1e+03]
  Objective range  [6e-08, 7e+01]
  QObjective range [4e-01, 3e+03]
  Bounds range     [3e-04, 1e+00]
  RHS range        [7e-17, 6e+00]
Presolve removed 131482 rows and 128814 columns
Presolve time: 0.57s
Presolved: 126639 rows, 373587 columns, 743930 nonzeros
Presolved model has 3166 quadratic objective terms
Ordering time: 0.16s

Barrier statistics:
 AA' NZ     : 3.709e+05
 Factor NZ  : 4.212e+06 (roughly 240 MB of memory)
 Factor Ops : 3.974e+08 (less than 1 second per iteration)
 Threads    : 8

                  Objective                Residual
Iter       Primal          Dual         Primal    Dual     Compl     Time
   0  -1.08208243e+09  8.62426925e+08  7.80e+04 1.14e-13  1.00e+06     1s
   1  -6.18909580e+08  5.71190884e+08  1.71e+04 1.38e+02  2.40e+05     1s
   2  -3.11035477e+08  3.11021848e+08  2.28e+02 1.12e+00  4.48e+03     1s
   3  -7.31788343e+07  7.38397132e+07  1.92e+00 1.45e-12  3.19e+02     1s
   4  -1.39340231e+07  1.46173253e+07  1.62e-01 4.90e-12  5.90e+01     1s
   5  -2.55218684e+06  2.82756842e+06  1.24e-02 1.24e-12  1.09e+01     2s
   6  -3.71998874e+05  4.27121002e+05  1.24e-08 9.86e-13  1.61e+00     2s
   7  -5.57164043e+04  7.01839870e+04  1.67e-13 7.22e-13  2.53e-01     2s
   8  -8.40129172e+03  1.00455690e+04  3.87e-14 2.09e-13  3.71e-02     2s
   9  -1.34543677e+03  1.65067889e+03  2.43e-14 4.26e-14  6.03e-03     2s
  10  -2.20447054e+02  2.07313713e+02  5.87e-15 1.51e-14  8.61e-04     2s
  11  -4.88782774e+01  3.18329814e+01  2.58e-15 1.42e-14  1.62e-04     2s
  12  -8.16728822e+00  5.66945368e+00  8.38e-16 1.42e-14  2.78e-05     2s
  13  -8.21439923e-01  1.00623727e+00  4.40e-16 2.84e-14  3.68e-06     2s
  14   2.77315220e-01  7.24519823e-01  4.72e-16 1.42e-14  9.00e-07     3s
  15   4.97591982e-01  6.76137526e-01  2.13e-16 1.42e-14  3.59e-07     3s
  16   5.78891699e-01  6.44583040e-01  1.07e-16 1.42e-14  1.32e-07     3s
  17   5.99098104e-01  6.36647381e-01  3.97e-17 1.42e-14  7.55e-08     3s
  18   6.17327174e-01  6.29942558e-01  7.44e-17 1.42e-14  2.54e-08     3s
  19   6.23485313e-01  6.27689116e-01  6.44e-17 2.84e-14  8.46e-09     3s
  20   6.26012095e-01  6.26788262e-01  6.41e-17 1.42e-14  1.56e-09     3s
  21   6.26502276e-01  6.26614646e-01  1.26e-16 2.13e-14  2.26e-10     3s
  22   6.26577220e-01  6.26588138e-01  1.64e-16 1.42e-14  2.20e-11     3s
  23   6.26585161e-01  6.26585330e-01  2.82e-16 1.42e-14  3.41e-13     3s
  24   6.26585261e-01  6.26585295e-01  2.79e-15 1.42e-14  6.95e-14     3s
  25   6.26585279e-01  6.26585288e-01  4.86e-15 1.42e-14  1.84e-14     4s
  26   6.26585284e-01  6.26585287e-01  3.19e-15 2.84e-14  4.65e-15     4s
  27   6.26585286e-01  6.26585286e-01  1.55e-15 1.42e-14  1.21e-15     4s
  28   6.26585286e-01  6.26585286e-01  1.09e-15 1.42e-14  5.04e-16     4s
  29   6.26585286e-01  6.26585286e-01  9.93e-16 1.42e-14  4.74e-16     4s
  30   6.26585286e-01  6.26585286e-01  1.25e-15 1.42e-14  2.79e-16     4s
  31   6.26585286e-01  6.26585286e-01  5.59e-16 1.42e-14  1.48e-16     4s
  32   6.26585286e-01  6.26585286e-01  5.21e-16 1.42e-14  1.41e-16     4s
  33   6.26585286e-01  6.26585286e-01  3.30e-16 1.42e-14  9.98e-17     4s

Barrier solved model in 33 iterations and 4.21 seconds (3.90 work units)
Optimal objective 6.26585286e-01

objective value: 0.6265852860089902
Done! Time elapsed: 24.825945138931274 seconds.
g_0_1: 1.039397293405146
g_1_1: 1.0239783492109853
g_1_2: 1.0706807116219617
g_2_1: 1.043102944294671
g_2_2: 1.1318503213366153
g_2_3: 1.0431029442981299
g_2_4: 1.1318503210220252
Parameters from last iteration: [0.18085513 0.72395269 0.18629844 0.73747378 0.19694196 0.73747378
 0.19694196]

Parameters from current iteration:
                [0.18085513 0.72395269 0.18629844 0.73747378 0.19694196 0.73747378
 0.19694196]


                Percentage Error = 4.4059812265723606e-12
                
year done: 117
Time 118: 2
Optimization Iteration[1/20000]

Solving the optimization problem...
Set parameter TokenServer to value "licenses.rcc.uchicago.edu"
Read LP format model from file /scratch/local/jobs/50183995/tmp4lchav65.pyomo.lp
Reading time = 1.35 seconds
x1: 258121 rows, 502401 columns, 1259970 nonzeros
Set parameter Threads to value 8
Set parameter BarConvTol to value 1e-12
Gurobi Optimizer version 11.0.0 build v11.0.0rc2 (linux64 - "CentOS Linux 8")

CPU model: Intel(R) Xeon(R) Gold 6248R CPU @ 3.00GHz, instruction set [SSE2|AVX|AVX2|AVX512]
Thread count: 48 physical cores, 48 logical processors, using up to 8 threads

Optimize a model with 258121 rows, 502401 columns and 1259970 nonzeros
Model fingerprint: 0x63c30a58
Model has 3166 quadratic objective terms
Coefficient statistics:
  Matrix range     [1e+00, 1e+03]
  Objective range  [6e-08, 7e+01]
  QObjective range [4e-01, 3e+03]
  Bounds range     [3e-04, 1e+00]
  RHS range        [7e-17, 6e+00]
Presolve removed 131482 rows and 128814 columns
Presolve time: 0.55s
Presolved: 126639 rows, 373587 columns, 743930 nonzeros
Presolved model has 3166 quadratic objective terms
Ordering time: 0.16s

Barrier statistics:
 AA' NZ     : 3.709e+05
 Factor NZ  : 4.212e+06 (roughly 240 MB of memory)
 Factor Ops : 3.974e+08 (less than 1 second per iteration)
 Threads    : 8

                  Objective                Residual
Iter       Primal          Dual         Primal    Dual     Compl     Time
   0  -1.08208243e+09  8.62426925e+08  7.80e+04 1.14e-13  1.00e+06     1s
   1  -6.18909580e+08  5.71190884e+08  1.71e+04 1.38e+02  2.40e+05     1s
   2  -3.11035477e+08  3.11021848e+08  2.28e+02 1.12e+00  4.48e+03     1s
   3  -7.31788343e+07  7.38397132e+07  1.92e+00 1.62e-12  3.19e+02     1s
   4  -1.39340231e+07  1.46173253e+07  1.62e-01 5.29e-12  5.90e+01     1s
   5  -2.55218684e+06  2.82756841e+06  1.24e-02 1.52e-12  1.09e+01     1s
   6  -3.71998876e+05  4.27121001e+05  1.24e-08 8.93e-13  1.61e+00     2s
   7  -5.57164059e+04  7.01839853e+04  1.68e-13 6.20e-13  2.53e-01     2s
   8  -8.40129337e+03  1.00455674e+04  5.91e-14 2.43e-13  3.71e-02     2s
   9  -1.34543842e+03  1.65067724e+03  1.87e-14 4.26e-14  6.03e-03     2s
  10  -2.20448708e+02  2.07312059e+02  1.05e-14 2.84e-14  8.61e-04     2s
  11  -4.88799310e+01  3.18313278e+01  3.01e-15 2.84e-14  1.62e-04     2s
  12  -8.16894182e+00  5.66780008e+00  9.38e-16 1.42e-14  2.78e-05     2s
  13  -8.23093529e-01  1.00458366e+00  3.21e-16 1.42e-14  3.68e-06     2s
  14   2.75661614e-01  7.22866217e-01  4.57e-16 1.42e-14  9.00e-07     3s
  15   4.95938376e-01  6.74483920e-01  2.09e-16 1.42e-14  3.59e-07     3s
  16   5.77238093e-01  6.42929435e-01  1.45e-16 1.42e-14  1.32e-07     3s
  17   5.97444498e-01  6.34993775e-01  1.01e-16 2.84e-14  7.55e-08     3s
  18   6.15673568e-01  6.28288952e-01  7.97e-17 1.42e-14  2.54e-08     3s
  19   6.21831707e-01  6.26035510e-01  9.88e-17 1.42e-14  8.46e-09     3s
  20   6.24358489e-01  6.25134657e-01  6.51e-17 1.42e-14  1.56e-09     3s
  21   6.24848671e-01  6.24961041e-01  7.42e-17 1.42e-14  2.26e-10     3s
  22   6.24923614e-01  6.24934532e-01  1.45e-16 1.42e-14  2.20e-11     3s
  23   6.24931555e-01  6.24931725e-01  4.03e-16 1.42e-14  3.41e-13     3s
  24   6.24931655e-01  6.24931689e-01  3.12e-15 2.84e-14  6.94e-14     3s
  25   6.24931674e-01  6.24931683e-01  4.96e-15 1.42e-14  1.84e-14     3s
  26   6.24931679e-01  6.24931681e-01  2.66e-15 1.42e-14  4.64e-15     4s
  27   6.24931680e-01  6.24931681e-01  1.67e-15 1.42e-14  1.20e-15     4s
  28   6.24931680e-01  6.24931680e-01  1.00e-15 1.42e-14  5.02e-16     4s
  29   6.24931680e-01  6.24931680e-01  8.91e-16 1.42e-14  4.72e-16     4s
  30   6.24931680e-01  6.24931680e-01  8.59e-16 1.42e-14  2.78e-16     4s
  31   6.24931680e-01  6.24931680e-01  5.46e-16 1.42e-14  1.48e-16     4s
  32   6.24931680e-01  6.24931680e-01  4.96e-16 1.42e-14  1.40e-16     4s
  33   6.24931680e-01  6.24931680e-01  3.16e-16 1.42e-14  9.79e-17     4s

Barrier solved model in 33 iterations and 4.19 seconds (3.90 work units)
Optimal objective 6.24931680e-01

objective value: 0.6249316803148325
Done! Time elapsed: 26.122497081756592 seconds.
g_0_1: 1.039397293403906
g_1_1: 1.0239783492115921
g_1_2: 1.070680711621209
g_2_1: 1.0431029442951147
g_2_2: 1.1318503213304607
g_2_3: 1.04310294429851
g_2_4: 1.1318503210215687
Parameters from last iteration: [0.18085513 0.72395269 0.18629844 0.73747378 0.19694196 0.73747378
 0.19694196]

Parameters from current iteration:
                [0.18085513 0.72395269 0.18629844 0.73747378 0.19694196 0.73747378
 0.19694196]


                Percentage Error = 5.437750044631639e-12
                
year done: 118
Time 119: 2
Optimization Iteration[1/20000]

Solving the optimization problem...
Set parameter TokenServer to value "licenses.rcc.uchicago.edu"
Read LP format model from file /scratch/local/jobs/50183995/tmp8c8m6leb.pyomo.lp
Reading time = 1.36 seconds
x1: 258121 rows, 502401 columns, 1259970 nonzeros
Set parameter Threads to value 8
Set parameter BarConvTol to value 1e-12
Gurobi Optimizer version 11.0.0 build v11.0.0rc2 (linux64 - "CentOS Linux 8")

CPU model: Intel(R) Xeon(R) Gold 6248R CPU @ 3.00GHz, instruction set [SSE2|AVX|AVX2|AVX512]
Thread count: 48 physical cores, 48 logical processors, using up to 8 threads

Optimize a model with 258121 rows, 502401 columns and 1259970 nonzeros
Model fingerprint: 0x26ee197f
Model has 3166 quadratic objective terms
Coefficient statistics:
  Matrix range     [1e+00, 1e+03]
  Objective range  [6e-08, 7e+01]
  QObjective range [4e-01, 3e+03]
  Bounds range     [3e-04, 1e+00]
  RHS range        [8e-17, 6e+00]
Presolve removed 131482 rows and 128814 columns
Presolve time: 0.55s
Presolved: 126639 rows, 373587 columns, 743930 nonzeros
Presolved model has 3166 quadratic objective terms
Ordering time: 0.16s

Barrier statistics:
 AA' NZ     : 3.709e+05
 Factor NZ  : 4.212e+06 (roughly 240 MB of memory)
 Factor Ops : 3.974e+08 (less than 1 second per iteration)
 Threads    : 8

                  Objective                Residual
Iter       Primal          Dual         Primal    Dual     Compl     Time
   0  -1.08208243e+09  8.62426925e+08  7.80e+04 1.13e-13  1.00e+06     1s
   1  -6.18909580e+08  5.71190884e+08  1.71e+04 1.38e+02  2.40e+05     1s
   2  -3.11035477e+08  3.11021848e+08  2.28e+02 1.12e+00  4.48e+03     1s
   3  -7.31788343e+07  7.38397132e+07  1.92e+00 1.57e-12  3.19e+02     1s
   4  -1.39340231e+07  1.46173253e+07  1.62e-01 5.13e-12  5.90e+01     1s
   5  -2.55218684e+06  2.82756841e+06  1.24e-02 1.33e-12  1.09e+01     1s
   6  -3.71998877e+05  4.27120999e+05  1.24e-08 1.44e-12  1.61e+00     2s
   7  -5.57164075e+04  7.01839837e+04  1.73e-13 7.74e-13  2.53e-01     2s
   8  -8.40129495e+03  1.00455658e+04  7.15e-14 2.57e-13  3.71e-02     2s
   9  -1.34544000e+03  1.65067566e+03  1.84e-14 4.84e-14  6.03e-03     2s
  10  -2.20450287e+02  2.07310480e+02  6.94e-15 2.84e-14  8.61e-04     2s
  11  -4.88815102e+01  3.18297486e+01  2.52e-15 2.13e-14  1.62e-04     2s
  12  -8.17052101e+00  5.66622090e+00  1.21e-15 1.42e-14  2.78e-05     2s
  13  -8.24672710e-01  1.00300448e+00  4.87e-16 1.42e-14  3.68e-06     2s
  14   2.74082433e-01  7.21287036e-01  3.76e-16 1.42e-14  9.00e-07     3s
  15   4.94359195e-01  6.72904739e-01  2.09e-16 1.42e-14  3.59e-07     3s
  16   5.75658912e-01  6.41350253e-01  1.10e-16 1.42e-14  1.32e-07     3s
  17   5.95865317e-01  6.33414594e-01  1.05e-16 1.42e-14  7.55e-08     3s
  18   6.14094387e-01  6.26709771e-01  1.05e-16 1.42e-14  2.54e-08     3s
  19   6.20252526e-01  6.24456329e-01  1.68e-16 1.42e-14  8.46e-09     3s
  20   6.22779308e-01  6.23555475e-01  1.43e-16 1.42e-14  1.56e-09     3s
  21   6.23269490e-01  6.23381860e-01  1.23e-16 1.42e-14  2.26e-10     3s
  22   6.23344433e-01  6.23355351e-01  9.85e-17 2.84e-14  2.20e-11     3s
  23   6.23352374e-01  6.23352543e-01  3.50e-16 1.42e-14  3.41e-13     3s
  24   6.23352474e-01  6.23352508e-01  2.44e-15 1.42e-14  6.92e-14     3s
  25   6.23352492e-01  6.23352502e-01  5.95e-15 1.42e-14  1.83e-14     3s
  26   6.23352497e-01  6.23352500e-01  2.36e-15 1.42e-14  4.63e-15     4s
  27   6.23352499e-01  6.23352499e-01  1.49e-15 1.42e-14  1.20e-15     4s
  28   6.23352499e-01  6.23352499e-01  1.05e-15 1.42e-14  4.99e-16     4s
  29   6.23352499e-01  6.23352499e-01  9.26e-16 1.42e-14  4.70e-16     4s
  30   6.23352499e-01  6.23352499e-01  1.13e-15 1.42e-14  2.77e-16     4s
  31   6.23352499e-01  6.23352499e-01  4.56e-16 1.42e-14  1.47e-16     4s
  32   6.23352499e-01  6.23352499e-01  4.08e-16 1.42e-14  1.39e-16     4s
  33   6.23352499e-01  6.23352499e-01  2.87e-16 1.42e-14  9.41e-17     4s

Barrier solved model in 33 iterations and 4.17 seconds (3.90 work units)
Optimal objective 6.23352499e-01

objective value: 0.6233524991375079
Done! Time elapsed: 24.633968591690063 seconds.
g_0_1: 1.039397293401308
g_1_1: 1.0239783492128511
g_1_2: 1.0706807116196175
g_2_1: 1.0431029442960416
g_2_2: 1.131850321317533
g_2_3: 1.0431029442993065
g_2_4: 1.1318503210205944
Parameters from last iteration: [0.18085513 0.72395269 0.18629844 0.73747378 0.19694196 0.73747378
 0.19694196]

Parameters from current iteration:
                [0.18085513 0.72395269 0.18629844 0.73747378 0.19694196 0.73747378
 0.19694196]


                Percentage Error = 1.1421755510561969e-11
                
year done: 119
Time 120: 2
Optimization Iteration[1/20000]

Solving the optimization problem...
Set parameter TokenServer to value "licenses.rcc.uchicago.edu"
Read LP format model from file /scratch/local/jobs/50183995/tmpdl13n1_1.pyomo.lp
Reading time = 1.37 seconds
x1: 258121 rows, 502401 columns, 1259970 nonzeros
Set parameter Threads to value 8
Set parameter BarConvTol to value 1e-12
Gurobi Optimizer version 11.0.0 build v11.0.0rc2 (linux64 - "CentOS Linux 8")

CPU model: Intel(R) Xeon(R) Gold 6248R CPU @ 3.00GHz, instruction set [SSE2|AVX|AVX2|AVX512]
Thread count: 48 physical cores, 48 logical processors, using up to 8 threads

Optimize a model with 258121 rows, 502401 columns and 1259970 nonzeros
Model fingerprint: 0x3bf6716e
Model has 3166 quadratic objective terms
Coefficient statistics:
  Matrix range     [1e+00, 1e+03]
  Objective range  [6e-08, 7e+01]
  QObjective range [4e-01, 3e+03]
  Bounds range     [3e-04, 1e+00]
  RHS range        [8e-17, 6e+00]
Presolve removed 131482 rows and 128814 columns
Presolve time: 0.56s
Presolved: 126639 rows, 373587 columns, 743930 nonzeros
Presolved model has 3166 quadratic objective terms
Ordering time: 0.16s

Barrier statistics:
 AA' NZ     : 3.709e+05
 Factor NZ  : 4.212e+06 (roughly 240 MB of memory)
 Factor Ops : 3.974e+08 (less than 1 second per iteration)
 Threads    : 8

                  Objective                Residual
Iter       Primal          Dual         Primal    Dual     Compl     Time
   0  -1.08208243e+09  8.62426925e+08  7.80e+04 1.14e-13  1.00e+06     1s
   1  -6.18909580e+08  5.71190884e+08  1.71e+04 1.38e+02  2.40e+05     1s
   2  -3.11035477e+08  3.11021848e+08  2.28e+02 1.12e+00  4.48e+03     1s
   3  -7.31788343e+07  7.38397132e+07  1.92e+00 1.48e-12  3.19e+02     1s
   4  -1.39340231e+07  1.46173253e+07  1.62e-01 4.64e-12  5.90e+01     1s
   5  -2.55218684e+06  2.82756841e+06  1.24e-02 1.22e-12  1.09e+01     1s
   6  -3.71998879e+05  4.27120998e+05  1.24e-08 9.40e-13  1.61e+00     2s
   7  -5.57164090e+04  7.01839822e+04  1.29e-13 5.98e-13  2.53e-01     2s
   8  -8.40129646e+03  1.00455643e+04  3.56e-14 2.55e-13  3.71e-02     2s
   9  -1.34544151e+03  1.65067415e+03  2.71e-14 2.97e-14  6.03e-03     2s
  10  -2.20451795e+02  2.07308972e+02  6.20e-15 2.84e-14  8.61e-04     2s
  11  -4.88830183e+01  3.18282405e+01  2.12e-15 2.13e-14  1.62e-04     2s
  12  -8.17202911e+00  5.66471279e+00  9.60e-16 1.42e-14  2.78e-05     2s
  13  -8.26180816e-01  1.00149637e+00  3.19e-16 1.42e-14  3.68e-06     2s
  14   2.72574327e-01  7.19778929e-01  6.62e-16 2.13e-14  9.00e-07     3s
  15   4.92851089e-01  6.71396632e-01  1.86e-16 1.42e-14  3.59e-07     3s
  16   5.74150806e-01  6.39842147e-01  7.61e-17 1.42e-14  1.32e-07     3s
  17   5.94357210e-01  6.31906488e-01  8.62e-17 2.13e-14  7.55e-08     3s
  18   6.12586280e-01  6.25201665e-01  7.74e-17 1.42e-14  2.54e-08     3s
  19   6.18744419e-01  6.22948222e-01  1.14e-16 1.42e-14  8.46e-09     3s
  20   6.21271202e-01  6.22047369e-01  1.05e-16 2.13e-14  1.56e-09     3s
  21   6.21761383e-01  6.21873753e-01  6.64e-17 1.42e-14  2.26e-10     3s
  22   6.21836327e-01  6.21847245e-01  1.07e-16 1.42e-14  2.20e-11     3s
  23   6.21844268e-01  6.21844437e-01  3.56e-16 2.84e-14  3.41e-13     3s
  24   6.21844368e-01  6.21844402e-01  3.20e-15 2.84e-14  6.90e-14     3s
  25   6.21844386e-01  6.21844395e-01  4.84e-15 1.42e-14  1.83e-14     4s
  26   6.21844391e-01  6.21844393e-01  2.66e-15 1.42e-14  4.61e-15     4s
  27   6.21844392e-01  6.21844393e-01  1.62e-15 2.84e-14  1.20e-15     4s
  28   6.21844393e-01  6.21844393e-01  1.05e-15 1.42e-14  4.97e-16     4s
  29   6.21844393e-01  6.21844393e-01  8.83e-16 1.42e-14  4.68e-16     4s
  30   6.21844393e-01  6.21844393e-01  1.03e-15 1.42e-14  2.76e-16     4s
  31   6.21844393e-01  6.21844393e-01  5.53e-16 1.42e-14  1.47e-16     4s
  32   6.21844393e-01  6.21844393e-01  4.92e-16 1.42e-14  1.38e-16     4s
  33   6.21844393e-01  6.21844393e-01  2.97e-16 1.42e-14  8.90e-17     4s

Barrier solved model in 33 iterations and 4.20 seconds (3.90 work units)
Optimal objective 6.21844393e-01

objective value: 0.6218443928217755
Done! Time elapsed: 24.640759229660034 seconds.
g_0_1: 1.039397293397808
g_1_1: 1.0239783492145544
g_1_2: 1.0706807116174757
g_2_1: 1.043102944297293
g_2_2: 1.1318503213001114
g_2_3: 1.0431029443003823
g_2_4: 1.1318503210192878
Parameters from last iteration: [0.18085513 0.72395269 0.18629844 0.73747378 0.19694196 0.73747378
 0.19694196]

Parameters from current iteration:
                [0.18085513 0.72395269 0.18629844 0.73747378 0.19694196 0.73747378
 0.19694196]


                Percentage Error = 1.5392113541480972e-11
                
year done: 120
Time 121: 2
Optimization Iteration[1/20000]

Solving the optimization problem...
Set parameter TokenServer to value "licenses.rcc.uchicago.edu"
Read LP format model from file /scratch/local/jobs/50183995/tmpg2xd72rw.pyomo.lp
Reading time = 1.37 seconds
x1: 258121 rows, 502401 columns, 1259970 nonzeros
Set parameter Threads to value 8
Set parameter BarConvTol to value 1e-12
Gurobi Optimizer version 11.0.0 build v11.0.0rc2 (linux64 - "CentOS Linux 8")

CPU model: Intel(R) Xeon(R) Gold 6248R CPU @ 3.00GHz, instruction set [SSE2|AVX|AVX2|AVX512]
Thread count: 48 physical cores, 48 logical processors, using up to 8 threads

Optimize a model with 258121 rows, 502401 columns and 1259970 nonzeros
Model fingerprint: 0x0da1adaf
Model has 3166 quadratic objective terms
Coefficient statistics:
  Matrix range     [1e+00, 1e+03]
  Objective range  [6e-08, 7e+01]
  QObjective range [4e-01, 3e+03]
  Bounds range     [3e-04, 1e+00]
  RHS range        [8e-17, 6e+00]
Presolve removed 131482 rows and 128814 columns
Presolve time: 0.61s
Presolved: 126639 rows, 373587 columns, 743930 nonzeros
Presolved model has 3166 quadratic objective terms
Ordering time: 0.17s

Barrier statistics:
 AA' NZ     : 3.709e+05
 Factor NZ  : 4.212e+06 (roughly 240 MB of memory)
 Factor Ops : 3.974e+08 (less than 1 second per iteration)
 Threads    : 8

                  Objective                Residual
Iter       Primal          Dual         Primal    Dual     Compl     Time
   0  -1.08208243e+09  8.62426925e+08  7.80e+04 1.14e-13  1.00e+06     1s
   1  -6.18909580e+08  5.71190884e+08  1.71e+04 1.38e+02  2.40e+05     1s
   2  -3.11035477e+08  3.11021848e+08  2.28e+02 1.12e+00  4.48e+03     1s
   3  -7.31788343e+07  7.38397132e+07  1.92e+00 1.39e-12  3.19e+02     1s
   4  -1.39340231e+07  1.46173253e+07  1.62e-01 6.49e-12  5.90e+01     1s
   5  -2.55218685e+06  2.82756841e+06  1.24e-02 1.20e-12  1.09e+01     2s
   6  -3.71998880e+05  4.27120996e+05  1.24e-08 9.19e-13  1.61e+00     2s
   7  -5.57164105e+04  7.01839808e+04  1.37e-13 7.73e-13  2.53e-01     2s
   8  -8.40129790e+03  1.00455628e+04  3.70e-14 2.31e-13  3.71e-02     2s
   9  -1.34544295e+03  1.65067271e+03  1.76e-14 4.26e-14  6.03e-03     2s
  10  -2.20453235e+02  2.07307532e+02  6.54e-15 2.84e-14  8.61e-04     2s
  11  -4.88844585e+01  3.18268002e+01  2.45e-15 2.84e-14  1.62e-04     2s
  12  -8.17346934e+00  5.66327256e+00  9.97e-16 1.42e-14  2.78e-05     2s
  13  -8.27621047e-01  1.00005614e+00  4.25e-16 1.42e-14  3.68e-06     2s
  14   2.71134096e-01  7.18338699e-01  3.84e-16 1.42e-14  9.00e-07     3s
  15   4.91410859e-01  6.69956402e-01  1.77e-16 1.42e-14  3.59e-07     3s
  16   5.72710575e-01  6.38401917e-01  1.04e-16 1.42e-14  1.32e-07     3s
  17   5.92916980e-01  6.30466257e-01  4.36e-17 2.84e-14  7.55e-08     3s
  18   6.11146050e-01  6.23761434e-01  4.81e-17 1.42e-14  2.54e-08     3s
  19   6.17304189e-01  6.21507992e-01  6.45e-17 2.13e-14  8.46e-09     3s
  20   6.19830971e-01  6.20607139e-01  1.27e-16 1.42e-14  1.56e-09     3s
  21   6.20321153e-01  6.20433523e-01  5.82e-17 1.42e-14  2.26e-10     3s
  22   6.20396097e-01  6.20407014e-01  8.09e-17 1.42e-14  2.20e-11     3s
  23   6.20404037e-01  6.20404207e-01  3.72e-16 2.84e-14  3.41e-13     3s
  24   6.20404137e-01  6.20404171e-01  3.57e-15 1.42e-14  6.88e-14     3s
  25   6.20404156e-01  6.20404165e-01  4.98e-15 1.42e-14  1.82e-14     4s
  26   6.20404161e-01  6.20404163e-01  2.72e-15 1.42e-14  4.60e-15     4s
  27   6.20404162e-01  6.20404163e-01  1.51e-15 1.42e-14  1.19e-15     4s
  28   6.20404162e-01  6.20404163e-01  8.75e-16 2.09e-14  4.95e-16     4s
  29   6.20404162e-01  6.20404163e-01  8.46e-16 1.42e-14  4.65e-16     4s
  30   6.20404162e-01  6.20404163e-01  8.59e-16 1.42e-14  2.74e-16     4s
  31   6.20404162e-01  6.20404163e-01  5.59e-16 1.42e-14  1.47e-16     4s
  32   6.20404162e-01  6.20404163e-01  4.96e-16 1.42e-14  1.36e-16     4s
  33   6.20404162e-01  6.20404163e-01  2.84e-16 1.42e-14  8.41e-17     4s

Barrier solved model in 33 iterations and 4.25 seconds (3.90 work units)
Optimal objective 6.20404162e-01

objective value: 0.6204041624713721
Done! Time elapsed: 24.63180923461914 seconds.
g_0_1: 1.0393972933944242
g_1_1: 1.0239783492161956
g_1_2: 1.0706807116154018
g_2_1: 1.0431029442985051
g_2_2: 1.1318503212832907
g_2_3: 1.0431029443014246
g_2_4: 1.1318503210180204
Parameters from last iteration: [0.18085513 0.72395269 0.18629844 0.73747378 0.19694196 0.73747378
 0.19694196]

Parameters from current iteration:
                [0.18085513 0.72395269 0.18629844 0.73747378 0.19694196 0.73747378
 0.19694196]


                Percentage Error = 1.4861219792526824e-11
                
year done: 121
Time 122: 2
Optimization Iteration[1/20000]

Solving the optimization problem...
Set parameter TokenServer to value "licenses.rcc.uchicago.edu"
Read LP format model from file /scratch/local/jobs/50183995/tmp0e4na72c.pyomo.lp
Reading time = 1.41 seconds
x1: 258121 rows, 502401 columns, 1259970 nonzeros
Set parameter Threads to value 8
Set parameter BarConvTol to value 1e-12
Gurobi Optimizer version 11.0.0 build v11.0.0rc2 (linux64 - "CentOS Linux 8")

CPU model: Intel(R) Xeon(R) Gold 6248R CPU @ 3.00GHz, instruction set [SSE2|AVX|AVX2|AVX512]
Thread count: 48 physical cores, 48 logical processors, using up to 8 threads

Optimize a model with 258121 rows, 502401 columns and 1259970 nonzeros
Model fingerprint: 0xdc6c6492
Model has 3166 quadratic objective terms
Coefficient statistics:
  Matrix range     [1e+00, 1e+03]
  Objective range  [6e-08, 7e+01]
  QObjective range [4e-01, 3e+03]
  Bounds range     [3e-04, 1e+00]
  RHS range        [8e-17, 6e+00]
Presolve removed 131482 rows and 128814 columns
Presolve time: 0.62s
Presolved: 126639 rows, 373587 columns, 743930 nonzeros
Presolved model has 3166 quadratic objective terms
Ordering time: 0.17s

Barrier statistics:
 AA' NZ     : 3.709e+05
 Factor NZ  : 4.212e+06 (roughly 240 MB of memory)
 Factor Ops : 3.974e+08 (less than 1 second per iteration)
 Threads    : 8

                  Objective                Residual
Iter       Primal          Dual         Primal    Dual     Compl     Time
   0  -1.08208243e+09  8.62426925e+08  7.80e+04 1.13e-13  1.00e+06     1s
   1  -6.18909580e+08  5.71190884e+08  1.71e+04 1.38e+02  2.40e+05     1s
   2  -3.11035477e+08  3.11021848e+08  2.28e+02 1.12e+00  4.48e+03     1s
   3  -7.31788343e+07  7.38397132e+07  1.92e+00 1.47e-12  3.19e+02     1s
   4  -1.39340231e+07  1.46173253e+07  1.62e-01 4.17e-12  5.90e+01     2s
   5  -2.55218685e+06  2.82756841e+06  1.24e-02 1.47e-12  1.09e+01     2s
   6  -3.71998882e+05  4.27120995e+05  1.24e-08 1.46e-12  1.61e+00     2s
   7  -5.57164118e+04  7.01839794e+04  1.18e-13 6.11e-13  2.53e-01     2s
   8  -8.40129927e+03  1.00455615e+04  3.77e-14 2.22e-13  3.71e-02     2s
   9  -1.34544432e+03  1.65067133e+03  1.90e-14 4.49e-14  6.03e-03     2s
  10  -2.20454611e+02  2.07306156e+02  9.14e-15 2.84e-14  8.61e-04     2s
  11  -4.88858339e+01  3.18254248e+01  2.59e-15 2.84e-14  1.62e-04     2s
  12  -8.17484475e+00  5.66189715e+00  9.23e-16 1.42e-14  2.78e-05     2s
  13  -8.28996456e-01  9.98680734e-01  3.12e-16 1.42e-14  3.68e-06     3s
  14   2.69758687e-01  7.16963290e-01  6.30e-16 2.13e-14  9.00e-07     3s
  15   4.90035449e-01  6.68580993e-01  1.78e-16 1.42e-14  3.59e-07     3s
  16   5.71335166e-01  6.37026507e-01  1.03e-16 1.42e-14  1.32e-07     3s
  17   5.91541571e-01  6.29090848e-01  5.51e-17 1.42e-14  7.55e-08     3s
  18   6.09770641e-01  6.22386025e-01  1.02e-16 1.42e-14  2.54e-08     3s
  19   6.15928780e-01  6.20132583e-01  1.11e-16 1.42e-14  8.46e-09     3s
  20   6.18455562e-01  6.19231729e-01  6.88e-17 2.13e-14  1.56e-09     3s
  21   6.18945744e-01  6.19058114e-01  1.51e-16 1.42e-14  2.26e-10     3s
  22   6.19020687e-01  6.19031605e-01  1.59e-16 1.42e-14  2.20e-11     3s
  23   6.19028628e-01  6.19028797e-01  3.36e-16 2.13e-14  3.41e-13     4s
  24   6.19028728e-01  6.19028762e-01  3.26e-15 2.84e-14  6.86e-14     4s
  25   6.19028747e-01  6.19028756e-01  7.22e-15 1.42e-14  1.82e-14     4s
  26   6.19028752e-01  6.19028754e-01  2.26e-15 1.42e-14  4.59e-15     4s
  27   6.19028753e-01  6.19028753e-01  1.56e-15 1.42e-14  1.19e-15     4s
  28   6.19028753e-01  6.19028753e-01  9.65e-16 1.42e-14  4.92e-16     4s
  29   6.19028753e-01  6.19028753e-01  9.16e-16 1.42e-14  4.63e-16     4s
  30   6.19028753e-01  6.19028753e-01  1.12e-15 1.42e-14  2.73e-16     4s
  31   6.19028753e-01  6.19028753e-01  4.90e-16 1.42e-14  1.46e-16     4s
  32   6.19028753e-01  6.19028753e-01  4.08e-16 1.42e-14  1.35e-16     4s
  33   6.19028753e-01  6.19028753e-01  2.56e-16 1.42e-14  7.82e-17     4s

Barrier solved model in 33 iterations and 4.36 seconds (3.90 work units)
Optimal objective 6.19028753e-01

objective value: 0.6190287531650165
Done! Time elapsed: 26.275458335876465 seconds.
g_0_1: 1.0393972933904307
g_1_1: 1.023978349218137
g_1_2: 1.0706807116129629
g_2_1: 1.0431029442999358
g_2_2: 1.131850321263404
g_2_3: 1.0431029443026527
g_2_4: 1.1318503210165332
Parameters from last iteration: [0.18085513 0.72395269 0.18629844 0.73747378 0.19694196 0.73747378
 0.19694196]

Parameters from current iteration:
                [0.18085513 0.72395269 0.18629844 0.73747378 0.19694196 0.73747378
 0.19694196]


                Percentage Error = 1.7570229521205948e-11
                
year done: 122
Time 123: 2
Optimization Iteration[1/20000]

Solving the optimization problem...
Set parameter TokenServer to value "licenses.rcc.uchicago.edu"
Read LP format model from file /scratch/local/jobs/50183995/tmpph5mwra3.pyomo.lp
Reading time = 1.37 seconds
x1: 258121 rows, 502401 columns, 1259970 nonzeros
Set parameter Threads to value 8
Set parameter BarConvTol to value 1e-12
Gurobi Optimizer version 11.0.0 build v11.0.0rc2 (linux64 - "CentOS Linux 8")

CPU model: Intel(R) Xeon(R) Gold 6248R CPU @ 3.00GHz, instruction set [SSE2|AVX|AVX2|AVX512]
Thread count: 48 physical cores, 48 logical processors, using up to 8 threads

Optimize a model with 258121 rows, 502401 columns and 1259970 nonzeros
Model fingerprint: 0x1af9ead8
Model has 3166 quadratic objective terms
Coefficient statistics:
  Matrix range     [1e+00, 1e+03]
  Objective range  [6e-08, 7e+01]
  QObjective range [4e-01, 3e+03]
  Bounds range     [3e-04, 1e+00]
  RHS range        [8e-17, 6e+00]
Presolve removed 131482 rows and 128814 columns
Presolve time: 0.62s
Presolved: 126639 rows, 373587 columns, 743930 nonzeros
Presolved model has 3166 quadratic objective terms
Ordering time: 0.17s

Barrier statistics:
 AA' NZ     : 3.709e+05
 Factor NZ  : 4.212e+06 (roughly 240 MB of memory)
 Factor Ops : 3.974e+08 (less than 1 second per iteration)
 Threads    : 8

                  Objective                Residual
Iter       Primal          Dual         Primal    Dual     Compl     Time
   0  -1.08208243e+09  8.62426925e+08  7.80e+04 1.14e-13  1.00e+06     1s
   1  -6.18909580e+08  5.71190884e+08  1.71e+04 1.38e+02  2.40e+05     1s
   2  -3.11035477e+08  3.11021848e+08  2.28e+02 1.12e+00  4.48e+03     1s
   3  -7.31788343e+07  7.38397132e+07  1.92e+00 1.70e-12  3.19e+02     1s
   4  -1.39340231e+07  1.46173253e+07  1.62e-01 4.00e-12  5.90e+01     2s
   5  -2.55218685e+06  2.82756841e+06  1.24e-02 1.48e-12  1.09e+01     2s
   6  -3.71998883e+05  4.27120994e+05  1.24e-08 9.97e-13  1.61e+00     2s
   7  -5.57164132e+04  7.01839781e+04  1.35e-13 7.28e-13  2.53e-01     2s
   8  -8.40130059e+03  1.00455601e+04  6.39e-14 2.43e-13  3.71e-02     2s
   9  -1.34544564e+03  1.65067002e+03  1.47e-14 2.94e-14  6.03e-03     2s
  10  -2.20455924e+02  2.07304843e+02  9.40e-15 2.84e-14  8.61e-04     2s
  11  -4.88871474e+01  3.18241113e+01  2.18e-15 2.84e-14  1.62e-04     2s
  12  -8.17615826e+00  5.66058365e+00  1.01e-15 1.42e-14  2.78e-05     2s
  13  -8.30309962e-01  9.97367228e-01  3.37e-16 2.13e-14  3.68e-06     3s
  14   2.68445181e-01  7.15649784e-01  4.37e-16 1.78e-14  9.00e-07     3s
  15   4.88721944e-01  6.67267487e-01  1.45e-16 1.42e-14  3.59e-07     3s
  16   5.70021660e-01  6.35713002e-01  1.31e-16 1.42e-14  1.32e-07     3s
  17   5.90228065e-01  6.27777342e-01  5.37e-17 1.42e-14  7.55e-08     3s
  18   6.08457135e-01  6.21072519e-01  1.23e-16 1.42e-14  2.54e-08     3s
  19   6.14615274e-01  6.18819077e-01  1.56e-16 2.13e-14  8.46e-09     3s
  20   6.17142056e-01  6.17918224e-01  7.56e-17 1.42e-14  1.56e-09     3s
  21   6.17632238e-01  6.17744608e-01  4.94e-17 2.13e-14  2.26e-10     3s
  22   6.17707182e-01  6.17718099e-01  8.62e-17 1.42e-14  2.20e-11     4s
  23   6.17715122e-01  6.17715292e-01  3.30e-16 1.42e-14  3.41e-13     4s
  24   6.17715222e-01  6.17715256e-01  3.70e-15 1.42e-14  6.84e-14     4s
  25   6.17715241e-01  6.17715250e-01  5.60e-15 2.84e-14  1.81e-14     4s
  26   6.17715246e-01  6.17715248e-01  2.23e-15 1.42e-14  4.57e-15     4s
  27   6.17715247e-01  6.17715248e-01  1.42e-15 1.42e-14  1.18e-15     4s
  28   6.17715247e-01  6.17715248e-01  8.51e-16 2.13e-14  4.90e-16     4s
  29   6.17715247e-01  6.17715248e-01  8.06e-16 1.42e-14  4.61e-16     4s
  30   6.17715247e-01  6.17715248e-01  9.28e-16 1.42e-14  2.72e-16     4s
  31   6.17715247e-01  6.17715248e-01  6.04e-16 1.42e-14  1.46e-16     4s
  32   6.17715247e-01  6.17715248e-01  5.01e-16 7.55e-15  1.33e-16     4s
  33   6.17715247e-01  6.17715248e-01  2.55e-16 1.42e-14  7.15e-17     4s

Barrier solved model in 33 iterations and 4.45 seconds (3.90 work units)
Optimal objective 6.17715247e-01

objective value: 0.6177152474751373
Done! Time elapsed: 24.74651288986206 seconds.
g_0_1: 1.0393972933858517
g_1_1: 1.023978349220359
g_1_2: 1.0706807116101607
g_2_1: 1.0431029443015776
g_2_2: 1.1318503212405666
g_2_3: 1.0431029443040605
g_2_4: 1.1318503210148279
Parameters from last iteration: [0.18085513 0.72395269 0.18629844 0.73747378 0.19694196 0.73747378
 0.19694196]

Parameters from current iteration:
                [0.18085513 0.72395269 0.18629844 0.73747378 0.19694196 0.73747378
 0.19694196]


                Percentage Error = 2.017692205811046e-11
                
year done: 123
Time 124: 2
Optimization Iteration[1/20000]

Solving the optimization problem...
Set parameter TokenServer to value "licenses.rcc.uchicago.edu"
Read LP format model from file /scratch/local/jobs/50183995/tmpkmxnr7xl.pyomo.lp
Reading time = 1.36 seconds
x1: 258121 rows, 502401 columns, 1259970 nonzeros
Set parameter Threads to value 8
Set parameter BarConvTol to value 1e-12
Gurobi Optimizer version 11.0.0 build v11.0.0rc2 (linux64 - "CentOS Linux 8")

CPU model: Intel(R) Xeon(R) Gold 6248R CPU @ 3.00GHz, instruction set [SSE2|AVX|AVX2|AVX512]
Thread count: 48 physical cores, 48 logical processors, using up to 8 threads

Optimize a model with 258121 rows, 502401 columns and 1259970 nonzeros
Model fingerprint: 0x395ba81e
Model has 3166 quadratic objective terms
Coefficient statistics:
  Matrix range     [1e+00, 1e+03]
  Objective range  [6e-08, 7e+01]
  QObjective range [4e-01, 3e+03]
  Bounds range     [3e-04, 1e+00]
  RHS range        [8e-17, 6e+00]
Presolve removed 131482 rows and 128814 columns
Presolve time: 0.62s
Presolved: 126639 rows, 373587 columns, 743930 nonzeros
Presolved model has 3166 quadratic objective terms
Ordering time: 0.17s

Barrier statistics:
 AA' NZ     : 3.709e+05
 Factor NZ  : 4.212e+06 (roughly 240 MB of memory)
 Factor Ops : 3.974e+08 (less than 1 second per iteration)
 Threads    : 8

                  Objective                Residual
Iter       Primal          Dual         Primal    Dual     Compl     Time
   0  -1.08208243e+09  8.62426925e+08  7.80e+04 1.14e-13  1.00e+06     1s
   1  -6.18909580e+08  5.71190884e+08  1.71e+04 1.38e+02  2.40e+05     1s
   2  -3.11035477e+08  3.11021848e+08  2.28e+02 1.12e+00  4.48e+03     1s
   3  -7.31788343e+07  7.38397132e+07  1.92e+00 1.47e-12  3.19e+02     1s
   4  -1.39340231e+07  1.46173253e+07  1.62e-01 4.94e-12  5.90e+01     2s
   5  -2.55218685e+06  2.82756841e+06  1.24e-02 1.08e-12  1.09e+01     2s
   6  -3.71998884e+05  4.27120992e+05  1.24e-08 9.39e-13  1.61e+00     2s
   7  -5.57164144e+04  7.01839768e+04  1.47e-13 6.87e-13  2.53e-01     2s
   8  -8.40130184e+03  1.00455589e+04  4.57e-14 2.50e-13  3.71e-02     2s
   9  -1.34544689e+03  1.65066877e+03  1.94e-14 3.38e-14  6.03e-03     2s
  10  -2.20457179e+02  2.07303588e+02  7.61e-15 2.84e-14  8.61e-04     2s
  11  -4.88884018e+01  3.18228569e+01  2.20e-15 2.13e-14  1.62e-04     2s
  12  -8.17741265e+00  5.65932926e+00  9.59e-16 1.42e-14  2.78e-05     2s
  13  -8.31564350e-01  9.96112840e-01  3.68e-16 2.84e-14  3.68e-06     3s
  14   2.67190793e-01  7.14395396e-01  3.77e-16 2.13e-14  9.00e-07     3s
  15   4.87467555e-01  6.66013099e-01  1.83e-16 1.42e-14  3.59e-07     3s
  16   5.68767272e-01  6.34458614e-01  1.55e-16 1.42e-14  1.32e-07     3s
  17   5.88973677e-01  6.26522954e-01  1.27e-16 1.42e-14  7.55e-08     3s
  18   6.07202747e-01  6.19818131e-01  5.11e-17 1.42e-14  2.54e-08     3s
  19   6.13360886e-01  6.17564689e-01  5.48e-17 1.42e-14  8.46e-09     3s
  20   6.15887668e-01  6.16663836e-01  1.23e-16 1.42e-14  1.56e-09     3s
  21   6.16377850e-01  6.16490220e-01  7.25e-17 1.42e-14  2.26e-10     3s
  22   6.16452793e-01  6.16463711e-01  1.53e-16 2.84e-14  2.20e-11     4s
  23   6.16460734e-01  6.16460904e-01  3.26e-16 1.42e-14  3.41e-13     4s
  24   6.16460834e-01  6.16460868e-01  3.17e-15 1.42e-14  6.82e-14     4s
  25   6.16460853e-01  6.16460862e-01  5.81e-15 1.42e-14  1.81e-14     4s
  26   6.16460858e-01  6.16460860e-01  2.82e-15 2.84e-14  4.56e-15     4s
  27   6.16460859e-01  6.16460859e-01  1.52e-15 1.42e-14  1.18e-15     4s
  28   6.16460859e-01  6.16460859e-01  9.82e-16 1.42e-14  4.87e-16     4s
  29   6.16460859e-01  6.16460859e-01  9.10e-16 1.42e-14  4.59e-16     4s
  30   6.16460859e-01  6.16460859e-01  1.08e-15 1.42e-14  2.71e-16     4s
  31   6.16460859e-01  6.16460859e-01  4.77e-16 1.42e-14  1.45e-16     4s
  32   6.16460859e-01  6.16460859e-01  4.03e-16 1.42e-14  1.30e-16     4s
  33   6.16460859e-01  6.16460859e-01  3.11e-16 1.42e-14  6.76e-17     5s

Barrier solved model in 33 iterations and 4.53 seconds (3.90 work units)
Optimal objective 6.16460859e-01

objective value: 0.6164608592787402
Done! Time elapsed: 24.868484020233154 seconds.
g_0_1: 1.0393972933831546
g_1_1: 1.0239783492216739
g_1_2: 1.0706807116085209
g_2_1: 1.04310294430254
g_2_2: 1.1318503212271764
g_2_3: 1.0431029443048776
g_2_4: 1.1318503210138195
Parameters from last iteration: [0.18085513 0.72395269 0.18629844 0.73747378 0.19694196 0.73747378
 0.19694196]

Parameters from current iteration:
                [0.18085513 0.72395269 0.18629844 0.73747378 0.19694196 0.73747378
 0.19694196]


                Percentage Error = 1.183031961526148e-11
                
year done: 124
Time 125: 2
Optimization Iteration[1/20000]

Solving the optimization problem...
Set parameter TokenServer to value "licenses.rcc.uchicago.edu"
Read LP format model from file /scratch/local/jobs/50183995/tmpx0n01enk.pyomo.lp
Reading time = 1.36 seconds
x1: 258121 rows, 502401 columns, 1259970 nonzeros
Set parameter Threads to value 8
Set parameter BarConvTol to value 1e-12
Gurobi Optimizer version 11.0.0 build v11.0.0rc2 (linux64 - "CentOS Linux 8")

CPU model: Intel(R) Xeon(R) Gold 6248R CPU @ 3.00GHz, instruction set [SSE2|AVX|AVX2|AVX512]
Thread count: 48 physical cores, 48 logical processors, using up to 8 threads

Optimize a model with 258121 rows, 502401 columns and 1259970 nonzeros
Model fingerprint: 0x2e15af90
Model has 3166 quadratic objective terms
Coefficient statistics:
  Matrix range     [1e+00, 1e+03]
  Objective range  [6e-08, 7e+01]
  QObjective range [4e-01, 3e+03]
  Bounds range     [3e-04, 1e+00]
  RHS range        [8e-17, 6e+00]
Presolve removed 131482 rows and 128814 columns
Presolve time: 0.58s
Presolved: 126639 rows, 373587 columns, 743930 nonzeros
Presolved model has 3166 quadratic objective terms
Ordering time: 0.16s

Barrier statistics:
 AA' NZ     : 3.709e+05
 Factor NZ  : 4.212e+06 (roughly 240 MB of memory)
 Factor Ops : 3.974e+08 (less than 1 second per iteration)
 Threads    : 8

                  Objective                Residual
Iter       Primal          Dual         Primal    Dual     Compl     Time
   0  -1.08208243e+09  8.62426925e+08  7.80e+04 1.14e-13  1.00e+06     1s
   1  -6.18909580e+08  5.71190884e+08  1.71e+04 1.38e+02  2.40e+05     1s
   2  -3.11035477e+08  3.11021848e+08  2.28e+02 1.12e+00  4.48e+03     1s
   3  -7.31788343e+07  7.38397132e+07  1.92e+00 1.38e-12  3.19e+02     1s
   4  -1.39340231e+07  1.46173253e+07  1.62e-01 3.73e-12  5.90e+01     1s
   5  -2.55218685e+06  2.82756841e+06  1.24e-02 1.27e-12  1.09e+01     2s
   6  -3.71998886e+05  4.27120991e+05  1.24e-08 1.82e-12  1.61e+00     2s
   7  -5.57164156e+04  7.01839756e+04  1.37e-13 6.23e-13  2.53e-01     2s
   8  -8.40130304e+03  1.00455577e+04  4.68e-14 2.57e-13  3.71e-02     2s
   9  -1.34544809e+03  1.65066757e+03  1.84e-14 2.84e-14  6.03e-03     2s
  10  -2.20458377e+02  2.07302390e+02  6.22e-15 4.26e-14  8.61e-04     2s
  11  -4.88895998e+01  3.18216590e+01  2.25e-15 1.42e-14  1.62e-04     2s
  12  -8.17861058e+00  5.65813133e+00  8.55e-16 1.42e-14  2.78e-05     2s
  13  -8.32762282e-01  9.94914909e-01  4.13e-16 1.42e-14  3.68e-06     3s
  14   2.65992862e-01  7.13197464e-01  3.49e-16 1.42e-14  9.00e-07     3s
  15   4.86269624e-01  6.64815167e-01  2.01e-16 2.84e-14  3.59e-07     3s
  16   5.67569341e-01  6.33260682e-01  6.91e-17 2.84e-14  1.32e-07     3s
  17   5.87775745e-01  6.25325023e-01  4.36e-17 1.42e-14  7.55e-08     3s
  18   6.06004815e-01  6.18620200e-01  1.69e-16 1.42e-14  2.54e-08     3s
  19   6.12162954e-01  6.16366757e-01  1.05e-16 1.42e-14  8.46e-09     3s
  20   6.14689737e-01  6.15465904e-01  1.12e-16 1.42e-14  1.56e-09     3s
  21   6.15179918e-01  6.15292288e-01  9.73e-17 1.42e-14  2.26e-10     3s
  22   6.15254862e-01  6.15265780e-01  1.18e-16 1.42e-14  2.20e-11     3s
  23   6.15262803e-01  6.15262972e-01  3.60e-16 1.42e-14  3.41e-13     4s
  24   6.15262903e-01  6.15262937e-01  2.81e-15 1.42e-14  6.80e-14     4s
  25   6.15262921e-01  6.15262930e-01  5.68e-15 1.42e-14  1.80e-14     4s
  26   6.15262926e-01  6.15262928e-01  2.33e-15 2.84e-14  4.54e-15     4s
  27   6.15262927e-01  6.15262928e-01  1.42e-15 1.42e-14  1.18e-15     4s
  28   6.15262928e-01  6.15262928e-01  1.22e-15 1.42e-14  4.85e-16     4s
  29   6.15262928e-01  6.15262928e-01  1.04e-15 1.47e-14  4.56e-16     4s
  30   6.15262928e-01  6.15262928e-01  8.61e-16 1.42e-14  2.69e-16     4s
  31   6.15262928e-01  6.15262928e-01  5.24e-16 1.42e-14  1.45e-16     4s
  32   6.15262928e-01  6.15262928e-01  4.29e-16 1.42e-14  1.27e-16     4s
  33   6.15262928e-01  6.15262928e-01  2.89e-16 1.42e-14  6.43e-17     4s

Barrier solved model in 33 iterations and 4.47 seconds (3.90 work units)
Optimal objective 6.15262928e-01

objective value: 0.6152629278510255
Done! Time elapsed: 24.80999207496643 seconds.
g_0_1: 1.0393972933808937
g_1_1: 1.023978349222775
g_1_2: 1.0706807116071348
g_2_1: 1.0431029443033506
g_2_2: 1.1318503212159265
g_2_3: 1.0431029443055786
g_2_4: 1.1318503210129809
Parameters from last iteration: [0.18085513 0.72395269 0.18629844 0.73747378 0.19694196 0.73747378
 0.19694196]

Parameters from current iteration:
                [0.18085513 0.72395269 0.18629844 0.73747378 0.19694196 0.73747378
 0.19694196]


                Percentage Error = 9.939424623801887e-12
                
year done: 125
Time 126: 2
Optimization Iteration[1/20000]

Solving the optimization problem...
Set parameter TokenServer to value "licenses.rcc.uchicago.edu"
Read LP format model from file /scratch/local/jobs/50183995/tmpeuqrh8if.pyomo.lp
Reading time = 1.35 seconds
x1: 258121 rows, 502401 columns, 1259970 nonzeros
Set parameter Threads to value 8
Set parameter BarConvTol to value 1e-12
Gurobi Optimizer version 11.0.0 build v11.0.0rc2 (linux64 - "CentOS Linux 8")

CPU model: Intel(R) Xeon(R) Gold 6248R CPU @ 3.00GHz, instruction set [SSE2|AVX|AVX2|AVX512]
Thread count: 48 physical cores, 48 logical processors, using up to 8 threads

Optimize a model with 258121 rows, 502401 columns and 1259970 nonzeros
Model fingerprint: 0xea9465cd
Model has 3166 quadratic objective terms
Coefficient statistics:
  Matrix range     [1e+00, 1e+03]
  Objective range  [6e-08, 7e+01]
  QObjective range [4e-01, 3e+03]
  Bounds range     [3e-04, 1e+00]
  RHS range        [8e-17, 6e+00]
Presolve removed 131482 rows and 128814 columns
Presolve time: 0.56s
Presolved: 126639 rows, 373587 columns, 743930 nonzeros
Presolved model has 3166 quadratic objective terms
Ordering time: 0.16s

Barrier statistics:
 AA' NZ     : 3.709e+05
 Factor NZ  : 4.212e+06 (roughly 240 MB of memory)
 Factor Ops : 3.974e+08 (less than 1 second per iteration)
 Threads    : 8

                  Objective                Residual
Iter       Primal          Dual         Primal    Dual     Compl     Time
   0  -1.08208243e+09  8.62426925e+08  7.80e+04 1.13e-13  1.00e+06     1s
   1  -6.18909580e+08  5.71190884e+08  1.71e+04 1.38e+02  2.40e+05     1s
   2  -3.11035477e+08  3.11021848e+08  2.28e+02 1.12e+00  4.48e+03     1s
   3  -7.31788343e+07  7.38397132e+07  1.92e+00 1.42e-12  3.19e+02     1s
   4  -1.39340231e+07  1.46173253e+07  1.62e-01 5.02e-12  5.90e+01     1s
   5  -2.55218685e+06  2.82756840e+06  1.24e-02 1.31e-12  1.09e+01     1s
   6  -3.71998887e+05  4.27120990e+05  1.24e-08 1.34e-12  1.61e+00     2s
   7  -5.57164168e+04  7.01839745e+04  1.67e-13 6.19e-13  2.53e-01     2s
   8  -8.40130418e+03  1.00455565e+04  5.22e-14 2.24e-13  3.71e-02     2s
   9  -1.34544923e+03  1.65066642e+03  1.72e-14 3.11e-14  6.03e-03     2s
  10  -2.20459521e+02  2.07301246e+02  8.91e-15 2.84e-14  8.61e-04     2s
  11  -4.88907438e+01  3.18205150e+01  1.89e-15 1.42e-14  1.62e-04     2s
  12  -8.17975459e+00  5.65698731e+00  1.56e-15 1.42e-14  2.78e-05     2s
  13  -8.33906297e-01  9.93770893e-01  3.28e-16 1.42e-14  3.68e-06     2s
  14   2.64848846e-01  7.12053449e-01  4.78e-16 2.84e-14  9.00e-07     3s
  15   4.85125608e-01  6.63671152e-01  1.82e-16 1.42e-14  3.59e-07     3s
  16   5.66425325e-01  6.32116666e-01  8.68e-17 1.42e-14  1.32e-07     3s
  17   5.86631730e-01  6.24181007e-01  5.70e-17 1.42e-14  7.55e-08     3s
  18   6.04860800e-01  6.17476184e-01  8.83e-17 2.84e-14  2.54e-08     3s
  19   6.11018939e-01  6.15222742e-01  9.84e-17 1.42e-14  8.46e-09     3s
  20   6.13545721e-01  6.14321888e-01  5.59e-17 2.13e-14  1.56e-09     3s
  21   6.14035903e-01  6.14148273e-01  8.24e-17 1.42e-14  2.26e-10     3s
  22   6.14110846e-01  6.14121764e-01  1.34e-16 1.42e-14  2.20e-11     3s
  23   6.14118787e-01  6.14118957e-01  2.74e-16 1.42e-14  3.41e-13     3s
  24   6.14118887e-01  6.14118921e-01  2.78e-15 1.42e-14  6.78e-14     4s
  25   6.14118906e-01  6.14118915e-01  5.53e-15 2.84e-14  1.80e-14     4s
  26   6.14118911e-01  6.14118913e-01  2.59e-15 1.42e-14  4.53e-15     4s
  27   6.14118912e-01  6.14118912e-01  1.68e-15 2.84e-14  1.17e-15     4s
  28   6.14118912e-01  6.14118912e-01  1.05e-15 1.42e-14  4.82e-16     4s
  29   6.14118912e-01  6.14118912e-01  9.39e-16 1.42e-14  4.54e-16     4s
  30   6.14118912e-01  6.14118912e-01  1.15e-15 1.42e-14  2.68e-16     4s
  31   6.14118912e-01  6.14118912e-01  5.12e-16 1.42e-14  1.44e-16     4s
  32   6.14118912e-01  6.14118912e-01  4.42e-16 1.42e-14  1.24e-16     4s
  33   6.14118912e-01  6.14118912e-01  2.86e-16 1.42e-14  6.13e-17     4s

Barrier solved model in 33 iterations and 4.35 seconds (3.90 work units)
Optimal objective 6.14118912e-01

objective value: 0.6141189122189479
Done! Time elapsed: 26.217805862426758 seconds.
g_0_1: 1.039397293378868
g_1_1: 1.0239783492237589
g_1_2: 1.0706807116059027
g_2_1: 1.043102944304075
g_2_2: 1.1318503212057576
g_2_3: 1.0431029443061968
g_2_4: 1.1318503210122284
Parameters from last iteration: [0.18085513 0.72395269 0.18629844 0.73747378 0.19694196 0.73747378
 0.19694196]

Parameters from current iteration:
                [0.18085513 0.72395269 0.18629844 0.73747378 0.19694196 0.73747378
 0.19694196]


                Percentage Error = 8.984323233262122e-12
                
year done: 126
Time 127: 2
Optimization Iteration[1/20000]

Solving the optimization problem...
Set parameter TokenServer to value "licenses.rcc.uchicago.edu"
Read LP format model from file /scratch/local/jobs/50183995/tmpkqqztd5d.pyomo.lp
Reading time = 1.35 seconds
x1: 258121 rows, 502401 columns, 1259970 nonzeros
Set parameter Threads to value 8
Set parameter BarConvTol to value 1e-12
Gurobi Optimizer version 11.0.0 build v11.0.0rc2 (linux64 - "CentOS Linux 8")

CPU model: Intel(R) Xeon(R) Gold 6248R CPU @ 3.00GHz, instruction set [SSE2|AVX|AVX2|AVX512]
Thread count: 48 physical cores, 48 logical processors, using up to 8 threads

Optimize a model with 258121 rows, 502401 columns and 1259970 nonzeros
Model fingerprint: 0x259e3774
Model has 3166 quadratic objective terms
Coefficient statistics:
  Matrix range     [1e+00, 1e+03]
  Objective range  [6e-08, 7e+01]
  QObjective range [4e-01, 3e+03]
  Bounds range     [3e-04, 1e+00]
  RHS range        [8e-17, 6e+00]
Presolve removed 131482 rows and 128814 columns
Presolve time: 0.55s
Presolved: 126639 rows, 373587 columns, 743930 nonzeros
Presolved model has 3166 quadratic objective terms
Ordering time: 0.16s

Barrier statistics:
 AA' NZ     : 3.709e+05
 Factor NZ  : 4.212e+06 (roughly 240 MB of memory)
 Factor Ops : 3.974e+08 (less than 1 second per iteration)
 Threads    : 8

                  Objective                Residual
Iter       Primal          Dual         Primal    Dual     Compl     Time
   0  -1.08208243e+09  8.62426925e+08  7.80e+04 1.14e-13  1.00e+06     1s
   1  -6.18909580e+08  5.71190884e+08  1.71e+04 1.38e+02  2.40e+05     1s
   2  -3.11035477e+08  3.11021848e+08  2.28e+02 1.12e+00  4.48e+03     1s
   3  -7.31788343e+07  7.38397132e+07  1.92e+00 1.43e-12  3.19e+02     1s
   4  -1.39340231e+07  1.46173253e+07  1.62e-01 4.23e-12  5.90e+01     1s
   5  -2.55218685e+06  2.82756840e+06  1.24e-02 1.22e-12  1.09e+01     1s
   6  -3.71998888e+05  4.27120989e+05  1.24e-08 1.01e-12  1.61e+00     2s
   7  -5.57164179e+04  7.01839734e+04  1.32e-13 7.10e-13  2.53e-01     2s
   8  -8.40130528e+03  1.00455555e+04  5.51e-14 2.13e-13  3.71e-02     2s
   9  -1.34545033e+03  1.65066533e+03  1.65e-14 4.26e-14  6.03e-03     2s
  10  -2.20460613e+02  2.07300154e+02  8.61e-15 4.26e-14  8.61e-04     2s
  11  -4.88918363e+01  3.18194225e+01  1.79e-15 2.84e-14  1.62e-04     2s
  12  -8.18084712e+00  5.65589478e+00  1.56e-15 1.42e-14  2.78e-05     2s
  13  -8.34998824e-01  9.92678367e-01  3.84e-16 1.42e-14  3.68e-06     2s
  14   2.63756320e-01  7.10960922e-01  3.69e-16 1.42e-14  9.00e-07     3s
  15   4.84033082e-01  6.62578625e-01  2.28e-16 1.42e-14  3.59e-07     3s
  16   5.65332799e-01  6.31024140e-01  9.43e-17 1.42e-14  1.32e-07     3s
  17   5.85539203e-01  6.23088481e-01  7.48e-17 1.42e-14  7.55e-08     3s
  18   6.03768273e-01  6.16383658e-01  4.82e-17 1.42e-14  2.54e-08     3s
  19   6.09926412e-01  6.14130215e-01  1.19e-16 1.42e-14  8.46e-09     3s
  20   6.12453195e-01  6.13229362e-01  1.43e-16 1.42e-14  1.56e-09     3s
  21   6.12943376e-01  6.13055746e-01  1.07e-16 1.42e-14  2.26e-10     3s
  22   6.13018320e-01  6.13029238e-01  7.84e-17 2.84e-14  2.20e-11     3s
  23   6.13026260e-01  6.13026430e-01  4.28e-16 1.42e-14  3.41e-13     3s
  24   6.13026361e-01  6.13026395e-01  2.87e-15 1.42e-14  6.75e-14     3s
  25   6.13026379e-01  6.13026388e-01  6.35e-15 1.42e-14  1.79e-14     4s
  26   6.13026384e-01  6.13026386e-01  2.09e-15 1.42e-14  4.51e-15     4s
  27   6.13026385e-01  6.13026386e-01  1.41e-15 1.42e-14  1.17e-15     4s
  28   6.13026386e-01  6.13026386e-01  1.07e-15 9.77e-15  4.79e-16     4s
  29   6.13026386e-01  6.13026386e-01  9.75e-16 1.42e-14  4.51e-16     4s
  30   6.13026386e-01  6.13026386e-01  1.00e-15 1.42e-14  2.66e-16     4s
  31   6.13026386e-01  6.13026386e-01  7.27e-16 1.42e-14  1.43e-16     4s
  32   6.13026386e-01  6.13026386e-01  5.28e-16 1.42e-14  1.22e-16     4s
  33   6.13026386e-01  6.13026386e-01  3.47e-16 2.13e-14  6.01e-17     4s

Barrier solved model in 33 iterations and 4.26 seconds (3.90 work units)
Optimal objective 6.13026386e-01

objective value: 0.6130263857714411
Done! Time elapsed: 24.6820011138916 seconds.
g_0_1: 1.0393972933780573
g_1_1: 1.0239783492241554
g_1_2: 1.0706807116054065
g_2_1: 1.0431029443043647
g_2_2: 1.131850321201678
g_2_3: 1.0431029443064488
g_2_4: 1.131850321011927
Parameters from last iteration: [0.18085513 0.72395269 0.18629844 0.73747378 0.19694196 0.73747378
 0.19694196]

Parameters from current iteration:
                [0.18085513 0.72395269 0.18629844 0.73747378 0.19694196 0.73747378
 0.19694196]


                Percentage Error = 3.6043556242881163e-12
                
year done: 127
Time 128: 2
Optimization Iteration[1/20000]

Solving the optimization problem...
Set parameter TokenServer to value "licenses.rcc.uchicago.edu"
Read LP format model from file /scratch/local/jobs/50183995/tmpm1x_st_8.pyomo.lp
Reading time = 1.35 seconds
x1: 258121 rows, 502401 columns, 1259970 nonzeros
Set parameter Threads to value 8
Set parameter BarConvTol to value 1e-12
Gurobi Optimizer version 11.0.0 build v11.0.0rc2 (linux64 - "CentOS Linux 8")

CPU model: Intel(R) Xeon(R) Gold 6248R CPU @ 3.00GHz, instruction set [SSE2|AVX|AVX2|AVX512]
Thread count: 48 physical cores, 48 logical processors, using up to 8 threads

Optimize a model with 258121 rows, 502401 columns and 1259970 nonzeros
Model fingerprint: 0xb775d817
Model has 3166 quadratic objective terms
Coefficient statistics:
  Matrix range     [1e+00, 1e+03]
  Objective range  [6e-08, 7e+01]
  QObjective range [4e-01, 3e+03]
  Bounds range     [3e-04, 1e+00]
  RHS range        [8e-17, 6e+00]
Presolve removed 131482 rows and 128814 columns
Presolve time: 0.55s
Presolved: 126639 rows, 373587 columns, 743930 nonzeros
Presolved model has 3166 quadratic objective terms
Ordering time: 0.16s

Barrier statistics:
 AA' NZ     : 3.709e+05
 Factor NZ  : 4.212e+06 (roughly 240 MB of memory)
 Factor Ops : 3.974e+08 (less than 1 second per iteration)
 Threads    : 8

                  Objective                Residual
Iter       Primal          Dual         Primal    Dual     Compl     Time
   0  -1.08208243e+09  8.62426925e+08  7.80e+04 1.14e-13  1.00e+06     1s
   1  -6.18909580e+08  5.71190884e+08  1.71e+04 1.38e+02  2.40e+05     1s
   2  -3.11035477e+08  3.11021848e+08  2.28e+02 1.12e+00  4.48e+03     1s
   3  -7.31788343e+07  7.38397132e+07  1.92e+00 1.72e-12  3.19e+02     1s
   4  -1.39340231e+07  1.46173253e+07  1.62e-01 5.52e-12  5.90e+01     1s
   5  -2.55218686e+06  2.82756840e+06  1.24e-02 1.20e-12  1.09e+01     1s
   6  -3.71998889e+05  4.27120988e+05  1.24e-08 8.27e-13  1.61e+00     2s
   7  -5.57164189e+04  7.01839724e+04  1.56e-13 5.62e-13  2.53e-01     2s
   8  -8.40130632e+03  1.00455544e+04  5.29e-14 2.10e-13  3.71e-02     2s
   9  -1.34545137e+03  1.65066429e+03  1.89e-14 2.84e-14  6.03e-03     2s
  10  -2.20461657e+02  2.07299111e+02  7.05e-15 2.84e-14  8.61e-04     2s
  11  -4.88928797e+01  3.18183791e+01  1.92e-15 4.26e-14  1.62e-04     2s
  12  -8.18189047e+00  5.65485143e+00  9.33e-16 1.42e-14  2.78e-05     2s
  13  -8.36042178e-01  9.91635012e-01  3.87e-16 1.42e-14  3.68e-06     2s
  14   2.62712965e-01  7.09917568e-01  3.77e-16 1.42e-14  9.00e-07     3s
  15   4.82989727e-01  6.61535271e-01  1.88e-16 1.42e-14  3.59e-07     3s
  16   5.64289444e-01  6.29980785e-01  1.21e-16 1.42e-14  1.32e-07     3s
  17   5.84495849e-01  6.22045126e-01  4.03e-17 2.84e-14  7.55e-08     3s
  18   6.02724919e-01  6.15340303e-01  7.55e-17 1.42e-14  2.54e-08     3s
  19   6.08883058e-01  6.13086861e-01  5.12e-17 1.42e-14  8.46e-09     3s
  20   6.11409840e-01  6.12186007e-01  6.31e-17 1.42e-14  1.56e-09     3s
  21   6.11900022e-01  6.12012392e-01  6.85e-17 1.42e-14  2.26e-10     3s
  22   6.11974965e-01  6.11985883e-01  1.29e-16 1.42e-14  2.20e-11     3s
  23   6.11982906e-01  6.11983075e-01  4.03e-16 1.42e-14  3.41e-13     3s
  24   6.11983006e-01  6.11983040e-01  3.14e-15 1.42e-14  6.73e-14     3s
  25   6.11983025e-01  6.11983033e-01  6.01e-15 1.42e-14  1.78e-14     3s
  26   6.11983029e-01  6.11983032e-01  2.55e-15 1.42e-14  4.49e-15     4s
  27   6.11983031e-01  6.11983031e-01  1.44e-15 1.42e-14  1.16e-15     4s
  28   6.11983031e-01  6.11983031e-01  1.11e-15 1.42e-14  4.76e-16     4s
  29   6.11983031e-01  6.11983031e-01  1.02e-15 1.42e-14  4.48e-16     4s
  30   6.11983031e-01  6.11983031e-01  7.95e-16 1.42e-14  2.65e-16     4s
  31   6.11983031e-01  6.11983031e-01  5.25e-16 1.42e-14  1.43e-16     4s
  32   6.11983031e-01  6.11983031e-01  4.00e-16 1.42e-14  1.21e-16     4s
  33   6.11983031e-01  6.11983031e-01  3.13e-16 1.42e-14  5.92e-17     4s

Barrier solved model in 33 iterations and 4.15 seconds (3.90 work units)
Optimal objective 6.11983031e-01

objective value: 0.6119830311139487
Done! Time elapsed: 24.70605230331421 seconds.
g_0_1: 1.0393972933774642
g_1_1: 1.0239783492244487
g_1_2: 1.0706807116050494
g_2_1: 1.043102944304577
g_2_2: 1.1318503211987296
g_2_3: 1.043102944306629
g_2_4: 1.131850321011713
Parameters from last iteration: [0.18085513 0.72395269 0.18629844 0.73747378 0.19694196 0.73747378
 0.19694196]

Parameters from current iteration:
                [0.18085513 0.72395269 0.18629844 0.73747378 0.19694196 0.73747378
 0.19694196]


                Percentage Error = 2.6048604107119208e-12
                
year done: 128
Time 129: 2
Optimization Iteration[1/20000]

Solving the optimization problem...
Set parameter TokenServer to value "licenses.rcc.uchicago.edu"
Read LP format model from file /scratch/local/jobs/50183995/tmpyr2x809x.pyomo.lp
Reading time = 1.36 seconds
x1: 258121 rows, 502401 columns, 1259970 nonzeros
Set parameter Threads to value 8
Set parameter BarConvTol to value 1e-12
Gurobi Optimizer version 11.0.0 build v11.0.0rc2 (linux64 - "CentOS Linux 8")

CPU model: Intel(R) Xeon(R) Gold 6248R CPU @ 3.00GHz, instruction set [SSE2|AVX|AVX2|AVX512]
Thread count: 48 physical cores, 48 logical processors, using up to 8 threads

Optimize a model with 258121 rows, 502401 columns and 1259970 nonzeros
Model fingerprint: 0x9743c9a3
Model has 3166 quadratic objective terms
Coefficient statistics:
  Matrix range     [1e+00, 1e+03]
  Objective range  [6e-08, 7e+01]
  QObjective range [4e-01, 3e+03]
  Bounds range     [3e-04, 1e+00]
  RHS range        [8e-17, 6e+00]
Presolve removed 131482 rows and 128814 columns
Presolve time: 0.55s
Presolved: 126639 rows, 373587 columns, 743930 nonzeros
Presolved model has 3166 quadratic objective terms
Ordering time: 0.16s

Barrier statistics:
 AA' NZ     : 3.709e+05
 Factor NZ  : 4.212e+06 (roughly 240 MB of memory)
 Factor Ops : 3.974e+08 (less than 1 second per iteration)
 Threads    : 8

                  Objective                Residual
Iter       Primal          Dual         Primal    Dual     Compl     Time
   0  -1.08208243e+09  8.62426925e+08  7.80e+04 1.13e-13  1.00e+06     1s
   1  -6.18909580e+08  5.71190884e+08  1.71e+04 1.38e+02  2.40e+05     1s
   2  -3.11035477e+08  3.11021848e+08  2.28e+02 1.12e+00  4.48e+03     1s
   3  -7.31788343e+07  7.38397132e+07  1.92e+00 1.92e-12  3.19e+02     1s
   4  -1.39340231e+07  1.46173253e+07  1.62e-01 5.19e-12  5.90e+01     1s
   5  -2.55218686e+06  2.82756840e+06  1.24e-02 1.43e-12  1.09e+01     1s
   6  -3.71998890e+05  4.27120987e+05  1.24e-08 8.95e-13  1.61e+00     2s
   7  -5.57164199e+04  7.01839714e+04  1.30e-13 6.42e-13  2.53e-01     2s
   8  -8.40130732e+03  1.00455534e+04  4.66e-14 2.08e-13  3.71e-02     2s
   9  -1.34545237e+03  1.65066329e+03  1.81e-14 3.02e-14  6.03e-03     2s
  10  -2.20462653e+02  2.07298114e+02  7.77e-15 2.84e-14  8.61e-04     2s
  11  -4.88938760e+01  3.18173827e+01  2.11e-15 1.42e-14  1.62e-04     2s
  12  -8.18288687e+00  5.65385503e+00  1.09e-15 1.42e-14  2.78e-05     2s
  13  -8.37038574e-01  9.90638616e-01  3.65e-16 1.42e-14  3.68e-06     2s
  14   2.61716569e-01  7.08921172e-01  6.38e-16 1.42e-14  9.00e-07     3s
  15   4.81993331e-01  6.60538875e-01  2.11e-16 1.42e-14  3.59e-07     3s
  16   5.63293048e-01  6.28984389e-01  7.95e-17 2.13e-14  1.32e-07     3s
  17   5.83499453e-01  6.21048730e-01  4.16e-17 1.42e-14  7.55e-08     3s
  18   6.01728523e-01  6.14343907e-01  8.94e-17 2.84e-14  2.54e-08     3s
  19   6.07886662e-01  6.12090465e-01  1.31e-16 1.42e-14  8.46e-09     3s
  20   6.10413444e-01  6.11189611e-01  5.59e-17 1.42e-14  1.56e-09     3s
  21   6.10903626e-01  6.11015996e-01  5.23e-17 1.42e-14  2.26e-10     3s
  22   6.10978569e-01  6.10989487e-01  1.54e-16 1.42e-14  2.20e-11     3s
  23   6.10986510e-01  6.10986679e-01  3.24e-16 1.42e-14  3.41e-13     3s
  24   6.10986611e-01  6.10986644e-01  2.92e-15 1.42e-14  6.70e-14     3s
  25   6.10986629e-01  6.10986637e-01  5.96e-15 2.84e-14  1.78e-14     3s
  26   6.10986634e-01  6.10986636e-01  2.68e-15 1.42e-14  4.47e-15     4s
  27   6.10986635e-01  6.10986635e-01  1.44e-15 1.42e-14  1.16e-15     4s
  28   6.10986635e-01  6.10986635e-01  1.11e-15 1.42e-14  4.73e-16     4s
  29   6.10986635e-01  6.10986635e-01  9.41e-16 1.44e-14  4.45e-16     4s
  30   6.10986635e-01  6.10986635e-01  1.08e-15 1.42e-14  2.63e-16     4s
  31   6.10986635e-01  6.10986635e-01  4.63e-16 1.42e-14  1.42e-16     4s
  32   6.10986635e-01  6.10986635e-01  3.53e-16 1.42e-14  1.17e-16     4s
  33   6.10986635e-01  6.10986635e-01  4.08e-16 1.42e-14  5.76e-17     4s

Barrier solved model in 33 iterations and 4.17 seconds (3.90 work units)
Optimal objective 6.10986635e-01

objective value: 0.6109866351517605
Done! Time elapsed: 24.57756781578064 seconds.
g_0_1: 1.039397293376338
g_1_1: 1.0239783492249974
g_1_2: 1.0706807116043613
g_2_1: 1.0431029443049817
g_2_2: 1.1318503211930764
g_2_3: 1.0431029443069748
g_2_4: 1.1318503210112938
Parameters from last iteration: [0.18085513 0.72395269 0.18629844 0.73747378 0.19694196 0.73747378
 0.19694196]

Parameters from current iteration:
                [0.18085513 0.72395269 0.18629844 0.73747378 0.19694196 0.73747378
 0.19694196]


                Percentage Error = 4.994798345305506e-12
                
year done: 129
Time 130: 2
Optimization Iteration[1/20000]

Solving the optimization problem...
Set parameter TokenServer to value "licenses.rcc.uchicago.edu"
Read LP format model from file /scratch/local/jobs/50183995/tmpot9th6o0.pyomo.lp
Reading time = 1.35 seconds
x1: 258121 rows, 502401 columns, 1259970 nonzeros
Set parameter Threads to value 8
Set parameter BarConvTol to value 1e-12
Gurobi Optimizer version 11.0.0 build v11.0.0rc2 (linux64 - "CentOS Linux 8")

CPU model: Intel(R) Xeon(R) Gold 6248R CPU @ 3.00GHz, instruction set [SSE2|AVX|AVX2|AVX512]
Thread count: 48 physical cores, 48 logical processors, using up to 8 threads

Optimize a model with 258121 rows, 502401 columns and 1259970 nonzeros
Model fingerprint: 0xd397edf0
Model has 3166 quadratic objective terms
Coefficient statistics:
  Matrix range     [1e+00, 1e+03]
  Objective range  [6e-08, 7e+01]
  QObjective range [4e-01, 3e+03]
  Bounds range     [3e-04, 1e+00]
  RHS range        [8e-17, 6e+00]
Presolve removed 131482 rows and 128814 columns
Presolve time: 0.55s
Presolved: 126639 rows, 373587 columns, 743930 nonzeros
Presolved model has 3166 quadratic objective terms
Ordering time: 0.16s

Barrier statistics:
 AA' NZ     : 3.709e+05
 Factor NZ  : 4.212e+06 (roughly 240 MB of memory)
 Factor Ops : 3.974e+08 (less than 1 second per iteration)
 Threads    : 8

                  Objective                Residual
Iter       Primal          Dual         Primal    Dual     Compl     Time
   0  -1.08208243e+09  8.62426925e+08  7.80e+04 1.14e-13  1.00e+06     1s
   1  -6.18909580e+08  5.71190884e+08  1.71e+04 1.38e+02  2.40e+05     1s
   2  -3.11035477e+08  3.11021848e+08  2.28e+02 1.12e+00  4.48e+03     1s
   3  -7.31788343e+07  7.38397132e+07  1.92e+00 1.81e-12  3.19e+02     1s
   4  -1.39340231e+07  1.46173253e+07  1.62e-01 4.12e-12  5.90e+01     1s
   5  -2.55218686e+06  2.82756840e+06  1.24e-02 1.39e-12  1.09e+01     1s
   6  -3.71998891e+05  4.27120986e+05  1.24e-08 2.38e-12  1.61e+00     2s
   7  -5.57164208e+04  7.01839704e+04  1.70e-13 7.20e-13  2.53e-01     2s
   8  -8.40130827e+03  1.00455525e+04  4.75e-14 2.71e-13  3.71e-02     2s
   9  -1.34545332e+03  1.65066234e+03  1.95e-14 4.26e-14  6.03e-03     2s
  10  -2.20463604e+02  2.07297163e+02  7.98e-15 2.84e-14  8.61e-04     2s
  11  -4.88948276e+01  3.18164312e+01  2.12e-15 2.84e-14  1.62e-04     2s
  12  -8.18383842e+00  5.65290348e+00  9.88e-16 1.42e-14  2.78e-05     2s
  13  -8.37990125e-01  9.89687065e-01  3.37e-16 2.13e-14  3.68e-06     2s
  14   2.60765018e-01  7.07969621e-01  5.67e-16 1.42e-14  9.00e-07     3s
  15   4.81041780e-01  6.59587324e-01  1.75e-16 1.42e-14  3.59e-07     3s
  16   5.62341497e-01  6.28032839e-01  1.43e-16 1.42e-14  1.32e-07     3s
  17   5.82547902e-01  6.20097179e-01  3.89e-17 2.13e-14  7.55e-08     3s
  18   6.00776972e-01  6.13392356e-01  9.91e-17 1.42e-14  2.54e-08     3s
  19   6.06935111e-01  6.11138914e-01  6.15e-17 1.42e-14  8.46e-09     3s
  20   6.09461893e-01  6.10238061e-01  1.21e-16 2.84e-14  1.56e-09     3s
  21   6.09952075e-01  6.10064445e-01  1.35e-16 1.55e-14  2.26e-10     3s
  22   6.10027018e-01  6.10037936e-01  8.87e-17 2.84e-14  2.20e-11     3s
  23   6.10034959e-01  6.10035129e-01  3.97e-16 1.42e-14  3.41e-13     3s
  24   6.10035060e-01  6.10035093e-01  3.33e-15 1.42e-14  6.67e-14     3s
  25   6.10035078e-01  6.10035087e-01  5.42e-15 2.84e-14  1.77e-14     3s
  26   6.10035083e-01  6.10035085e-01  2.56e-15 1.42e-14  4.46e-15     4s
  27   6.10035084e-01  6.10035085e-01  1.59e-15 1.42e-14  1.15e-15     4s
  28   6.10035084e-01  6.10035084e-01  1.08e-15 1.42e-14  4.70e-16     4s
  29   6.10035084e-01  6.10035084e-01  9.71e-16 1.42e-14  4.42e-16     4s
  30   6.10035084e-01  6.10035084e-01  9.69e-16 1.42e-14  2.61e-16     4s
  31   6.10035084e-01  6.10035084e-01  4.98e-16 1.42e-14  1.54e-16     4s
  32   6.10035084e-01  6.10035084e-01  3.68e-16 1.42e-14  1.12e-16     4s
  33   6.10035084e-01  6.10035084e-01  2.69e-16 1.42e-14  4.96e-17     4s

Barrier solved model in 33 iterations and 4.18 seconds (3.90 work units)
Optimal objective 6.10035084e-01

objective value: 0.6100350843974857
Done! Time elapsed: 26.144039630889893 seconds.
g_0_1: 1.0393972933708793
g_1_1: 1.0239783492276575
g_1_2: 1.070680711601039
g_2_1: 1.0431029443069368
g_2_2: 1.1318503211657662
g_2_3: 1.043102944308646
g_2_4: 1.1318503210092672
Parameters from last iteration: [0.18085513 0.72395269 0.18629844 0.73747378 0.19694196 0.73747378
 0.19694196]

Parameters from current iteration:
                [0.18085513 0.72395269 0.18629844 0.73747378 0.19694196 0.73747378
 0.19694196]


                Percentage Error = 2.4128676964786292e-11
                
year done: 130
Time 131: 2
Optimization Iteration[1/20000]

Solving the optimization problem...
Set parameter TokenServer to value "licenses.rcc.uchicago.edu"
Read LP format model from file /scratch/local/jobs/50183995/tmprxj1nlvx.pyomo.lp
Reading time = 1.35 seconds
x1: 258121 rows, 502401 columns, 1259970 nonzeros
Set parameter Threads to value 8
Set parameter BarConvTol to value 1e-12
Gurobi Optimizer version 11.0.0 build v11.0.0rc2 (linux64 - "CentOS Linux 8")

CPU model: Intel(R) Xeon(R) Gold 6248R CPU @ 3.00GHz, instruction set [SSE2|AVX|AVX2|AVX512]
Thread count: 48 physical cores, 48 logical processors, using up to 8 threads

Optimize a model with 258121 rows, 502401 columns and 1259970 nonzeros
Model fingerprint: 0x61c1bfa1
Model has 3166 quadratic objective terms
Coefficient statistics:
  Matrix range     [1e+00, 1e+03]
  Objective range  [6e-08, 7e+01]
  QObjective range [4e-01, 3e+03]
  Bounds range     [3e-04, 1e+00]
  RHS range        [7e-17, 6e+00]
Presolve removed 131482 rows and 128814 columns
Presolve time: 0.55s
Presolved: 126639 rows, 373587 columns, 743930 nonzeros
Presolved model has 3166 quadratic objective terms
Ordering time: 0.16s

Barrier statistics:
 AA' NZ     : 3.709e+05
 Factor NZ  : 4.212e+06 (roughly 240 MB of memory)
 Factor Ops : 3.974e+08 (less than 1 second per iteration)
 Threads    : 8

                  Objective                Residual
Iter       Primal          Dual         Primal    Dual     Compl     Time
   0  -1.08208243e+09  8.62426925e+08  7.80e+04 1.13e-13  1.00e+06     1s
   1  -6.18909580e+08  5.71190884e+08  1.71e+04 1.38e+02  2.40e+05     1s
   2  -3.11035477e+08  3.11021848e+08  2.28e+02 1.12e+00  4.48e+03     1s
   3  -7.31788343e+07  7.38397132e+07  1.92e+00 1.86e-12  3.19e+02     1s
   4  -1.39340231e+07  1.46173253e+07  1.62e-01 4.35e-12  5.90e+01     1s
   5  -2.55218686e+06  2.82756840e+06  1.24e-02 1.20e-12  1.09e+01     1s
   6  -3.71998892e+05  4.27120985e+05  1.24e-08 9.28e-13  1.61e+00     2s
   7  -5.57164218e+04  7.01839695e+04  1.64e-13 6.19e-13  2.53e-01     2s
   8  -8.40130918e+03  1.00455516e+04  5.65e-14 2.22e-13  3.71e-02     2s
   9  -1.34545423e+03  1.65066143e+03  1.38e-14 3.33e-14  6.03e-03     2s
  10  -2.20464513e+02  2.07296254e+02  8.70e-15 2.84e-14  8.61e-04     2s
  11  -4.88957363e+01  3.18155224e+01  2.27e-15 2.84e-14  1.62e-04     2s
  12  -8.18474715e+00  5.65199476e+00  1.03e-15 1.42e-14  2.78e-05     2s
  13  -8.38898849e-01  9.88778341e-01  3.89e-16 1.42e-14  3.68e-06     2s
  14   2.59856294e-01  7.07060897e-01  3.44e-16 1.42e-14  9.00e-07     3s
  15   4.80133056e-01  6.58678600e-01  2.67e-16 2.13e-14  3.59e-07     3s
  16   5.61432773e-01  6.27124115e-01  7.75e-17 1.42e-14  1.32e-07     3s
  17   5.81639178e-01  6.19188455e-01  4.11e-17 1.60e-14  7.55e-08     3s
  18   5.99868248e-01  6.12483632e-01  1.37e-16 1.42e-14  2.54e-08     3s
  19   6.06026387e-01  6.10230190e-01  6.10e-17 1.42e-14  8.46e-09     3s
  20   6.08553169e-01  6.09329337e-01  9.50e-17 2.84e-14  1.56e-09     3s
  21   6.09043351e-01  6.09155721e-01  1.13e-16 2.13e-14  2.26e-10     3s
  22   6.09118295e-01  6.09129212e-01  6.85e-17 1.42e-14  2.20e-11     3s
  23   6.09126235e-01  6.09126405e-01  2.77e-16 1.42e-14  3.41e-13     3s
  24   6.09126336e-01  6.09126369e-01  3.02e-15 1.42e-14  6.64e-14     3s
  25   6.09126354e-01  6.09126363e-01  7.08e-15 1.42e-14  1.76e-14     3s
  26   6.09126359e-01  6.09126361e-01  2.47e-15 1.42e-14  4.43e-15     4s
  27   6.09126360e-01  6.09126361e-01  1.46e-15 1.42e-14  1.14e-15     4s
  28   6.09126360e-01  6.09126361e-01  1.10e-15 2.13e-14  4.66e-16     4s
  29   6.09126360e-01  6.09126361e-01  9.74e-16 1.55e-14  4.38e-16     4s
  30   6.09126360e-01  6.09126361e-01  8.57e-16 7.11e-15  2.60e-16     4s
  31   6.09126360e-01  6.09126361e-01  5.40e-16 1.42e-14  1.83e-16     4s
  32   6.09126360e-01  6.09126361e-01  4.33e-16 1.07e-14  9.15e-17     4s

Barrier solved model in 32 iterations and 4.07 seconds (3.82 work units)
Optimal objective 6.09126360e-01

objective value: 0.6091263604639736
Done! Time elapsed: 24.279112100601196 seconds.
g_0_1: 1.0393972933994966
g_1_1: 1.0239783492137118
g_1_2: 1.070680711618496
g_2_1: 1.0431029442966722
g_2_2: 1.1318503213086015
g_2_3: 1.043102944299837
g_2_4: 1.1318503210198831
Parameters from last iteration: [0.18085513 0.72395269 0.18629844 0.73747378 0.19694196 0.73747378
 0.19694196]

Parameters from current iteration:
                [0.18085513 0.72395269 0.18629844 0.73747378 0.19694196 0.73747378
 0.19694196]


                Percentage Error = 1.2619627694639643e-10
                
year done: 131
Time 132: 2
Optimization Iteration[1/20000]

Solving the optimization problem...
Set parameter TokenServer to value "licenses.rcc.uchicago.edu"
Read LP format model from file /scratch/local/jobs/50183995/tmp2vpbp3cf.pyomo.lp
Reading time = 1.36 seconds
x1: 258121 rows, 502401 columns, 1259970 nonzeros
Set parameter Threads to value 8
Set parameter BarConvTol to value 1e-12
Gurobi Optimizer version 11.0.0 build v11.0.0rc2 (linux64 - "CentOS Linux 8")

CPU model: Intel(R) Xeon(R) Gold 6248R CPU @ 3.00GHz, instruction set [SSE2|AVX|AVX2|AVX512]
Thread count: 48 physical cores, 48 logical processors, using up to 8 threads

Optimize a model with 258121 rows, 502401 columns and 1259970 nonzeros
Model fingerprint: 0x756c0e4c
Model has 3166 quadratic objective terms
Coefficient statistics:
  Matrix range     [1e+00, 1e+03]
  Objective range  [6e-08, 7e+01]
  QObjective range [4e-01, 3e+03]
  Bounds range     [3e-04, 1e+00]
  RHS range        [8e-17, 6e+00]
Presolve removed 131482 rows and 128814 columns
Presolve time: 0.55s
Presolved: 126639 rows, 373587 columns, 743930 nonzeros
Presolved model has 3166 quadratic objective terms
Ordering time: 0.16s

Barrier statistics:
 AA' NZ     : 3.709e+05
 Factor NZ  : 4.212e+06 (roughly 240 MB of memory)
 Factor Ops : 3.974e+08 (less than 1 second per iteration)
 Threads    : 8

                  Objective                Residual
Iter       Primal          Dual         Primal    Dual     Compl     Time
   0  -1.08208243e+09  8.62426925e+08  7.80e+04 1.14e-13  1.00e+06     1s
   1  -6.18909580e+08  5.71190884e+08  1.71e+04 1.38e+02  2.40e+05     1s
   2  -3.11035477e+08  3.11021848e+08  2.28e+02 1.12e+00  4.48e+03     1s
   3  -7.31788343e+07  7.38397132e+07  1.92e+00 1.68e-12  3.19e+02     1s
   4  -1.39340231e+07  1.46173253e+07  1.62e-01 6.40e-12  5.90e+01     1s
   5  -2.55218686e+06  2.82756840e+06  1.24e-02 1.39e-12  1.09e+01     1s
   6  -3.71998892e+05  4.27120984e+05  1.24e-08 1.56e-12  1.61e+00     2s
   7  -5.57164226e+04  7.01839686e+04  1.35e-13 6.41e-13  2.53e-01     2s
   8  -8.40131004e+03  1.00455507e+04  5.39e-14 2.53e-13  3.71e-02     2s
   9  -1.34545510e+03  1.65066056e+03  1.76e-14 4.26e-14  6.03e-03     2s
  10  -2.20465381e+02  2.07295386e+02  7.86e-15 4.26e-14  8.61e-04     2s
  11  -4.88966041e+01  3.18146546e+01  2.39e-15 2.84e-14  1.62e-04     2s
  12  -8.18561497e+00  5.65112693e+00  9.29e-16 1.42e-14  2.78e-05     2s
  13  -8.39766673e-01  9.87910517e-01  2.86e-16 1.42e-14  3.68e-06     3s
  14   2.58988470e-01  7.06193072e-01  4.26e-16 1.42e-14  9.00e-07     3s
  15   4.79265232e-01  6.57810775e-01  2.15e-16 2.84e-14  3.59e-07     3s
  16   5.60564949e-01  6.26256290e-01  9.09e-17 1.42e-14  1.32e-07     3s
  17   5.80771353e-01  6.18320631e-01  3.34e-17 1.42e-14  7.55e-08     3s
  18   5.99000423e-01  6.11615808e-01  1.04e-16 2.84e-14  2.54e-08     3s
  19   6.05158562e-01  6.09362365e-01  6.99e-17 1.42e-14  8.46e-09     3s
  20   6.07685345e-01  6.08461512e-01  7.32e-17 2.13e-14  1.56e-09     3s
  21   6.08175526e-01  6.08287896e-01  1.38e-16 1.42e-14  2.26e-10     3s
  22   6.08250470e-01  6.08261388e-01  1.20e-16 1.42e-14  2.20e-11     3s
  23   6.08258411e-01  6.08258580e-01  3.04e-16 1.42e-14  3.41e-13     3s
  24   6.08258512e-01  6.08258544e-01  3.25e-15 1.42e-14  6.62e-14     3s
  25   6.08258529e-01  6.08258538e-01  5.49e-15 1.42e-14  1.76e-14     4s
  26   6.08258534e-01  6.08258536e-01  2.23e-15 1.42e-14  4.42e-15     4s
  27   6.08258535e-01  6.08258536e-01  1.52e-15 1.42e-14  1.14e-15     4s
  28   6.08258536e-01  6.08258536e-01  1.32e-15 1.42e-14  4.64e-16     4s
  29   6.08258536e-01  6.08258536e-01  1.20e-15 1.42e-14  4.37e-16     4s
  30   6.08258536e-01  6.08258536e-01  1.05e-15 1.42e-14  2.59e-16     4s
  31   6.08258536e-01  6.08258536e-01  6.91e-16 1.42e-14  1.86e-16     4s
  32   6.08258536e-01  6.08258536e-01  3.75e-16 1.42e-14  9.26e-17     4s

Barrier solved model in 32 iterations and 4.16 seconds (3.82 work units)
Optimal objective 6.08258536e-01

objective value: 0.6082585358584849
Done! Time elapsed: 24.548089504241943 seconds.
g_0_1: 1.039397293400272
g_1_1: 1.0239783492133363
g_1_2: 1.0706807116189583
g_2_1: 1.0431029442963915
g_2_2: 1.1318503213124036
g_2_3: 1.043102944299607
g_2_4: 1.1318503210201694
Parameters from last iteration: [0.18085513 0.72395269 0.18629844 0.73747378 0.19694196 0.73747378
 0.19694196]

Parameters from current iteration:
                [0.18085513 0.72395269 0.18629844 0.73747378 0.19694196 0.73747378
 0.19694196]


                Percentage Error = 3.3591326020371915e-12
                
year done: 132
Time 133: 2
Optimization Iteration[1/20000]

Solving the optimization problem...
Set parameter TokenServer to value "licenses.rcc.uchicago.edu"
Read LP format model from file /scratch/local/jobs/50183995/tmpoebsx9hw.pyomo.lp
Reading time = 1.35 seconds
x1: 258121 rows, 502401 columns, 1259970 nonzeros
Set parameter Threads to value 8
Set parameter BarConvTol to value 1e-12
Gurobi Optimizer version 11.0.0 build v11.0.0rc2 (linux64 - "CentOS Linux 8")

CPU model: Intel(R) Xeon(R) Gold 6248R CPU @ 3.00GHz, instruction set [SSE2|AVX|AVX2|AVX512]
Thread count: 48 physical cores, 48 logical processors, using up to 8 threads

Optimize a model with 258121 rows, 502401 columns and 1259970 nonzeros
Model fingerprint: 0x6c71c340
Model has 3166 quadratic objective terms
Coefficient statistics:
  Matrix range     [1e+00, 1e+03]
  Objective range  [6e-08, 7e+01]
  QObjective range [4e-01, 3e+03]
  Bounds range     [3e-04, 1e+00]
  RHS range        [8e-17, 6e+00]
Presolve removed 131482 rows and 128814 columns
Presolve time: 0.55s
Presolved: 126639 rows, 373587 columns, 743930 nonzeros
Presolved model has 3166 quadratic objective terms
Ordering time: 0.16s

Barrier statistics:
 AA' NZ     : 3.709e+05
 Factor NZ  : 4.212e+06 (roughly 240 MB of memory)
 Factor Ops : 3.974e+08 (less than 1 second per iteration)
 Threads    : 8

                  Objective                Residual
Iter       Primal          Dual         Primal    Dual     Compl     Time
   0  -1.08208243e+09  8.62426925e+08  7.80e+04 1.14e-13  1.00e+06     1s
   1  -6.18909580e+08  5.71190884e+08  1.71e+04 1.38e+02  2.40e+05     1s
   2  -3.11035477e+08  3.11021848e+08  2.28e+02 1.12e+00  4.48e+03     1s
   3  -7.31788343e+07  7.38397132e+07  1.92e+00 1.64e-12  3.19e+02     1s
   4  -1.39340231e+07  1.46173253e+07  1.62e-01 4.10e-12  5.90e+01     1s
   5  -2.55218686e+06  2.82756840e+06  1.24e-02 1.36e-12  1.09e+01     1s
   6  -3.71998893e+05  4.27120983e+05  1.24e-08 2.45e-12  1.61e+00     2s
   7  -5.57164234e+04  7.01839678e+04  1.35e-13 6.25e-13  2.53e-01     2s
   8  -8.40131087e+03  1.00455499e+04  4.79e-14 2.04e-13  3.71e-02     2s
   9  -1.34545592e+03  1.65065973e+03  2.30e-14 4.26e-14  6.03e-03     2s
  10  -2.20466210e+02  2.07294557e+02  8.82e-15 5.68e-14  8.61e-04     2s
  11  -4.88974329e+01  3.18138258e+01  2.54e-15 2.35e-14  1.62e-04     2s
  12  -8.18644373e+00  5.65029817e+00  1.46e-15 1.42e-14  2.78e-05     2s
  13  -8.40595440e-01  9.87081751e-01  3.07e-16 2.13e-14  3.68e-06     2s
  14   2.58159704e-01  7.05364306e-01  4.40e-16 1.42e-14  9.00e-07     3s
  15   4.78436466e-01  6.56982009e-01  1.54e-16 1.42e-14  3.59e-07     3s
  16   5.59736183e-01  6.25427524e-01  1.56e-16 2.13e-14  1.32e-07     3s
  17   5.79942587e-01  6.17491865e-01  3.98e-17 1.42e-14  7.55e-08     3s
  18   5.98171657e-01  6.10787042e-01  4.23e-17 1.42e-14  2.54e-08     3s
  19   6.04329796e-01  6.08533599e-01  1.23e-16 1.73e-14  8.46e-09     3s
  20   6.06856579e-01  6.07632746e-01  1.25e-16 1.42e-14  1.56e-09     3s
  21   6.07346760e-01  6.07459130e-01  5.72e-17 1.42e-14  2.26e-10     3s
  22   6.07421704e-01  6.07432622e-01  1.26e-16 1.42e-14  2.20e-11     3s
  23   6.07429645e-01  6.07429814e-01  3.89e-16 1.42e-14  3.41e-13     3s
  24   6.07429746e-01  6.07429778e-01  3.79e-15 1.42e-14  6.61e-14     3s
  25   6.07429763e-01  6.07429772e-01  5.85e-15 1.42e-14  1.75e-14     3s
  26   6.07429768e-01  6.07429770e-01  2.56e-15 1.42e-14  4.41e-15     4s
  27   6.07429769e-01  6.07429770e-01  1.59e-15 1.42e-14  1.14e-15     4s
  28   6.07429770e-01  6.07429770e-01  1.03e-15 1.42e-14  4.62e-16     4s
  29   6.07429770e-01  6.07429770e-01  9.48e-16 1.47e-14  4.35e-16     4s
  30   6.07429770e-01  6.07429770e-01  8.02e-16 1.42e-14  2.58e-16     4s
  31   6.07429770e-01  6.07429770e-01  6.15e-16 1.42e-14  1.87e-16     4s
  32   6.07429770e-01  6.07429770e-01  4.12e-16 1.42e-14  9.32e-17     4s

Barrier solved model in 32 iterations and 4.08 seconds (3.82 work units)
Optimal objective 6.07429770e-01

objective value: 0.6074297697948458
Done! Time elapsed: 24.232167720794678 seconds.
g_0_1: 1.039397293400625
g_1_1: 1.023978349213159
g_1_2: 1.0706807116191717
g_2_1: 1.043102944296269
g_2_2: 1.1318503213141404
g_2_3: 1.0431029442995026
g_2_4: 1.1318503210203008
Parameters from last iteration: [0.18085513 0.72395269 0.18629844 0.73747378 0.19694196 0.73747378
 0.19694196]

Parameters from current iteration:
                [0.18085513 0.72395269 0.18629844 0.73747378 0.19694196 0.73747378
 0.19694196]


                Percentage Error = 1.5344760130420845e-12
                
year done: 133
Time 134: 2
Optimization Iteration[1/20000]

Solving the optimization problem...
Set parameter TokenServer to value "licenses.rcc.uchicago.edu"
Read LP format model from file /scratch/local/jobs/50183995/tmpb2mpjprv.pyomo.lp
Reading time = 1.35 seconds
x1: 258121 rows, 502401 columns, 1259970 nonzeros
Set parameter Threads to value 8
Set parameter BarConvTol to value 1e-12
Gurobi Optimizer version 11.0.0 build v11.0.0rc2 (linux64 - "CentOS Linux 8")

CPU model: Intel(R) Xeon(R) Gold 6248R CPU @ 3.00GHz, instruction set [SSE2|AVX|AVX2|AVX512]
Thread count: 48 physical cores, 48 logical processors, using up to 8 threads

Optimize a model with 258121 rows, 502401 columns and 1259970 nonzeros
Model fingerprint: 0x4ba6e914
Model has 3166 quadratic objective terms
Coefficient statistics:
  Matrix range     [1e+00, 1e+03]
  Objective range  [6e-08, 7e+01]
  QObjective range [4e-01, 3e+03]
  Bounds range     [3e-04, 1e+00]
  RHS range        [8e-17, 6e+00]
Presolve removed 131482 rows and 128814 columns
Presolve time: 0.55s
Presolved: 126639 rows, 373587 columns, 743930 nonzeros
Presolved model has 3166 quadratic objective terms
Ordering time: 0.16s

Barrier statistics:
 AA' NZ     : 3.709e+05
 Factor NZ  : 4.212e+06 (roughly 240 MB of memory)
 Factor Ops : 3.974e+08 (less than 1 second per iteration)
 Threads    : 8

                  Objective                Residual
Iter       Primal          Dual         Primal    Dual     Compl     Time
   0  -1.08208243e+09  8.62426925e+08  7.80e+04 1.14e-13  1.00e+06     1s
   1  -6.18909580e+08  5.71190884e+08  1.71e+04 1.38e+02  2.40e+05     1s
   2  -3.11035477e+08  3.11021848e+08  2.28e+02 1.12e+00  4.48e+03     1s
   3  -7.31788343e+07  7.38397132e+07  1.92e+00 1.98e-12  3.19e+02     1s
   4  -1.39340231e+07  1.46173253e+07  1.62e-01 6.76e-12  5.90e+01     1s
   5  -2.55218686e+06  2.82756840e+06  1.24e-02 1.23e-12  1.09e+01     1s
   6  -3.71998894e+05  4.27120982e+05  1.24e-08 9.65e-13  1.61e+00     2s
   7  -5.57164242e+04  7.01839670e+04  1.49e-13 6.62e-13  2.53e-01     2s
   8  -8.40131166e+03  1.00455491e+04  8.35e-14 2.54e-13  3.71e-02     2s
   9  -1.34545672e+03  1.65065894e+03  2.08e-14 4.22e-14  6.03e-03     2s
  10  -2.20467001e+02  2.07293766e+02  9.43e-15 3.02e-14  8.61e-04     2s
  11  -4.88982244e+01  3.18130344e+01  2.37e-15 2.84e-14  1.62e-04     2s
  12  -8.18723520e+00  5.64950670e+00  1.27e-15 1.42e-14  2.78e-05     2s
  13  -8.41386905e-01  9.86290285e-01  4.34e-16 2.84e-14  3.68e-06     2s
  14   2.57368238e-01  7.04572841e-01  4.28e-16 1.42e-14  9.00e-07     3s
  15   4.77645000e-01  6.56190544e-01  1.48e-16 1.42e-14  3.59e-07     3s
  16   5.58944717e-01  6.24636059e-01  8.02e-17 2.13e-14  1.32e-07     3s
  17   5.79151122e-01  6.16700399e-01  8.27e-17 1.42e-14  7.55e-08     3s
  18   5.97380192e-01  6.09995576e-01  7.98e-17 1.42e-14  2.54e-08     3s
  19   6.03538331e-01  6.07742134e-01  1.63e-16 1.78e-14  8.46e-09     3s
  20   6.06065113e-01  6.06841281e-01  4.27e-17 2.13e-14  1.56e-09     3s
  21   6.06555295e-01  6.06667665e-01  8.24e-17 2.84e-14  2.26e-10     3s
  22   6.06630238e-01  6.06641156e-01  1.17e-16 1.42e-14  2.20e-11     3s
  23   6.06638179e-01  6.06638349e-01  3.95e-16 2.13e-14  3.41e-13     3s
  24   6.06638280e-01  6.06638313e-01  2.61e-15 1.42e-14  6.59e-14     3s
  25   6.06638298e-01  6.06638307e-01  6.21e-15 1.91e-14  1.75e-14     3s
  26   6.06638303e-01  6.06638305e-01  4.58e-15 2.84e-14  4.40e-15     4s
  27   6.06638304e-01  6.06638305e-01  1.54e-15 1.42e-14  1.13e-15     4s
  28   6.06638304e-01  6.06638304e-01  1.03e-15 1.42e-14  4.61e-16     4s
  29   6.06638304e-01  6.06638304e-01  9.89e-16 1.42e-14  4.34e-16     4s
  30   6.06638304e-01  6.06638304e-01  1.10e-15 1.42e-14  2.57e-16     4s
  31   6.06638304e-01  6.06638304e-01  6.26e-16 1.42e-14  1.88e-16     4s
  32   6.06638304e-01  6.06638304e-01  4.43e-16 1.42e-14  9.33e-17     4s

Barrier solved model in 32 iterations and 4.07 seconds (3.82 work units)
Optimal objective 6.06638304e-01

objective value: 0.6066383043486641
Done! Time elapsed: 24.219961881637573 seconds.
g_0_1: 1.0393972934007243
g_1_1: 1.0239783492131125
g_1_2: 1.070680711619241
g_2_1: 1.0431029442962325
g_2_2: 1.131850321314716
g_2_3: 1.0431029442994668
g_2_4: 1.1318503210203406
Parameters from last iteration: [0.18085513 0.72395269 0.18629844 0.73747378 0.19694196 0.73747378
 0.19694196]

Parameters from current iteration:
                [0.18085513 0.72395269 0.18629844 0.73747378 0.19694196 0.73747378
 0.19694196]


                Percentage Error = 5.084854385605571e-13
                
year done: 134
Time 135: 2
Optimization Iteration[1/20000]

Solving the optimization problem...
Set parameter TokenServer to value "licenses.rcc.uchicago.edu"
Read LP format model from file /scratch/local/jobs/50183995/tmp_aw0rf2t.pyomo.lp
Reading time = 1.34 seconds
x1: 258121 rows, 502401 columns, 1259970 nonzeros
Set parameter Threads to value 8
Set parameter BarConvTol to value 1e-12
Gurobi Optimizer version 11.0.0 build v11.0.0rc2 (linux64 - "CentOS Linux 8")

CPU model: Intel(R) Xeon(R) Gold 6248R CPU @ 3.00GHz, instruction set [SSE2|AVX|AVX2|AVX512]
Thread count: 48 physical cores, 48 logical processors, using up to 8 threads

Optimize a model with 258121 rows, 502401 columns and 1259970 nonzeros
Model fingerprint: 0x2b7d9372
Model has 3166 quadratic objective terms
Coefficient statistics:
  Matrix range     [1e+00, 1e+03]
  Objective range  [6e-08, 7e+01]
  QObjective range [4e-01, 3e+03]
  Bounds range     [3e-04, 1e+00]
  RHS range        [8e-17, 6e+00]
Presolve removed 131482 rows and 128814 columns
Presolve time: 0.55s
Presolved: 126639 rows, 373587 columns, 743930 nonzeros
Presolved model has 3166 quadratic objective terms
Ordering time: 0.16s

Barrier statistics:
 AA' NZ     : 3.709e+05
 Factor NZ  : 4.212e+06 (roughly 240 MB of memory)
 Factor Ops : 3.974e+08 (less than 1 second per iteration)
 Threads    : 8

                  Objective                Residual
Iter       Primal          Dual         Primal    Dual     Compl     Time
   0  -1.08208243e+09  8.62426925e+08  7.80e+04 1.14e-13  1.00e+06     1s
   1  -6.18909580e+08  5.71190884e+08  1.71e+04 1.38e+02  2.40e+05     1s
   2  -3.11035477e+08  3.11021848e+08  2.28e+02 1.12e+00  4.48e+03     1s
   3  -7.31788343e+07  7.38397132e+07  1.92e+00 1.45e-12  3.19e+02     1s
   4  -1.39340231e+07  1.46173253e+07  1.62e-01 5.03e-12  5.90e+01     1s
   5  -2.55218686e+06  2.82756840e+06  1.24e-02 1.50e-12  1.09e+01     1s
   6  -3.71998895e+05  4.27120982e+05  1.24e-08 2.21e-12  1.61e+00     2s
   7  -5.57164250e+04  7.01839663e+04  1.53e-13 7.05e-13  2.53e-01     2s
   8  -8.40131242e+03  1.00455483e+04  4.38e-14 2.39e-13  3.71e-02     2s
   9  -1.34545747e+03  1.65065819e+03  2.50e-14 4.26e-14  6.03e-03     2s
  10  -2.20467757e+02  2.07293010e+02  8.06e-15 2.84e-14  8.61e-04     2s
  11  -4.88989802e+01  3.18122785e+01  2.19e-15 1.64e-14  1.62e-04     2s
  12  -8.18799104e+00  5.64875086e+00  9.58e-16 1.42e-14  2.78e-05     2s
  13  -8.42142749e-01  9.85534441e-01  3.89e-16 1.42e-14  3.68e-06     2s
  14   2.56612395e-01  7.03816997e-01  4.73e-16 1.42e-14  9.00e-07     3s
  15   4.76889157e-01  6.55434700e-01  1.12e-16 2.84e-14  3.59e-07     3s
  16   5.58188874e-01  6.23880215e-01  1.74e-16 2.84e-14  1.32e-07     3s
  17   5.78395278e-01  6.15944556e-01  4.43e-17 1.42e-14  7.55e-08     3s
  18   5.96624348e-01  6.09239733e-01  1.18e-16 2.18e-14  2.54e-08     3s
  19   6.02782487e-01  6.06986290e-01  1.37e-16 1.42e-14  8.46e-09     3s
  20   6.05309270e-01  6.06085437e-01  9.69e-17 2.84e-14  1.56e-09     3s
  21   6.05799451e-01  6.05911821e-01  8.94e-17 1.42e-14  2.26e-10     3s
  22   6.05874395e-01  6.05885313e-01  8.76e-17 2.84e-14  2.20e-11     3s
  23   6.05882335e-01  6.05882505e-01  3.60e-16 2.13e-14  3.41e-13     3s
  24   6.05882437e-01  6.05882469e-01  3.45e-15 1.55e-14  6.58e-14     3s
  25   6.05882454e-01  6.05882463e-01  5.91e-15 1.42e-14  1.75e-14     3s
  26   6.05882459e-01  6.05882461e-01  2.38e-15 1.42e-14  4.39e-15     4s
  27   6.05882460e-01  6.05882461e-01  1.77e-15 2.84e-14  1.13e-15     4s
  28   6.05882461e-01  6.05882461e-01  9.36e-16 1.42e-14  4.59e-16     4s
  29   6.05882461e-01  6.05882461e-01  8.41e-16 1.42e-14  4.33e-16     4s
  30   6.05882461e-01  6.05882461e-01  8.04e-16 1.42e-14  2.57e-16     4s
  31   6.05882461e-01  6.05882461e-01  6.12e-16 1.42e-14  1.89e-16     4s
  32   6.05882461e-01  6.05882461e-01  5.72e-16 1.42e-14  9.34e-17     4s

Barrier solved model in 32 iterations and 4.09 seconds (3.82 work units)
Optimal objective 6.05882461e-01

objective value: 0.605882460715519
Done! Time elapsed: 25.693148374557495 seconds.
g_0_1: 1.0393972934007638
g_1_1: 1.0239783492130918
g_1_2: 1.0706807116192605
g_2_1: 1.0431029442962216
g_2_2: 1.1318503213149183
g_2_3: 1.0431029442994575
g_2_4: 1.1318503210203543
Parameters from last iteration: [0.18085513 0.72395269 0.18629844 0.73747378 0.19694196 0.73747378
 0.19694196]

Parameters from current iteration:
                [0.18085513 0.72395269 0.18629844 0.73747378 0.19694196 0.73747378
 0.19694196]


                Percentage Error = 1.7870275390644638e-13
                
year done: 135
Time 136: 2
Optimization Iteration[1/20000]

Solving the optimization problem...
Set parameter TokenServer to value "licenses.rcc.uchicago.edu"
Read LP format model from file /scratch/local/jobs/50183995/tmpp3qx2ink.pyomo.lp
Reading time = 1.35 seconds
x1: 258121 rows, 502401 columns, 1259970 nonzeros
Set parameter Threads to value 8
Set parameter BarConvTol to value 1e-12
Gurobi Optimizer version 11.0.0 build v11.0.0rc2 (linux64 - "CentOS Linux 8")

CPU model: Intel(R) Xeon(R) Gold 6248R CPU @ 3.00GHz, instruction set [SSE2|AVX|AVX2|AVX512]
Thread count: 48 physical cores, 48 logical processors, using up to 8 threads

Optimize a model with 258121 rows, 502401 columns and 1259970 nonzeros
Model fingerprint: 0x6eb7d1ab
Model has 3166 quadratic objective terms
Coefficient statistics:
  Matrix range     [1e+00, 1e+03]
  Objective range  [6e-08, 7e+01]
  QObjective range [4e-01, 3e+03]
  Bounds range     [3e-04, 1e+00]
  RHS range        [8e-17, 6e+00]
Presolve removed 131482 rows and 128814 columns
Presolve time: 0.55s
Presolved: 126639 rows, 373587 columns, 743930 nonzeros
Presolved model has 3166 quadratic objective terms
Ordering time: 0.16s

Barrier statistics:
 AA' NZ     : 3.709e+05
 Factor NZ  : 4.212e+06 (roughly 240 MB of memory)
 Factor Ops : 3.974e+08 (less than 1 second per iteration)
 Threads    : 8

                  Objective                Residual
Iter       Primal          Dual         Primal    Dual     Compl     Time
   0  -1.08208243e+09  8.62426925e+08  7.80e+04 1.14e-13  1.00e+06     1s
   1  -6.18909580e+08  5.71190884e+08  1.71e+04 1.38e+02  2.40e+05     1s
   2  -3.11035477e+08  3.11021848e+08  2.28e+02 1.12e+00  4.48e+03     1s
   3  -7.31788343e+07  7.38397132e+07  1.92e+00 1.31e-12  3.19e+02     1s
   4  -1.39340231e+07  1.46173253e+07  1.62e-01 3.69e-12  5.90e+01     1s
   5  -2.55218686e+06  2.82756839e+06  1.24e-02 1.23e-12  1.09e+01     1s
   6  -3.71998896e+05  4.27120981e+05  1.24e-08 7.88e-13  1.61e+00     2s
   7  -5.57164257e+04  7.01839655e+04  1.24e-13 6.80e-13  2.53e-01     2s
   8  -8.40131314e+03  1.00455476e+04  4.02e-14 2.46e-13  3.71e-02     2s
   9  -1.34545819e+03  1.65065746e+03  1.85e-14 4.26e-14  6.03e-03     2s
  10  -2.20468479e+02  2.07292288e+02  8.76e-15 2.84e-14  8.61e-04     2s
  11  -4.88997020e+01  3.18115567e+01  1.92e-15 1.42e-14  1.62e-04     2s
  12  -8.18871287e+00  5.64802903e+00  9.68e-16 2.13e-14  2.78e-05     2s
  13  -8.42864574e-01  9.84812616e-01  4.12e-16 1.42e-14  3.68e-06     2s
  14   2.55890570e-01  7.03095172e-01  4.68e-16 2.84e-14  9.00e-07     3s
  15   4.76167332e-01  6.54712875e-01  1.38e-16 1.42e-14  3.59e-07     3s
  16   5.57467048e-01  6.23158390e-01  6.96e-17 1.42e-14  1.32e-07     3s
  17   5.77673453e-01  6.15222731e-01  7.26e-17 1.42e-14  7.55e-08     3s
  18   5.95902523e-01  6.08517908e-01  4.39e-17 2.13e-14  2.54e-08     3s
  19   6.02060662e-01  6.06264465e-01  1.40e-16 1.42e-14  8.46e-09     3s
  20   6.04587445e-01  6.05363612e-01  6.00e-17 1.42e-14  1.56e-09     3s
  21   6.05077626e-01  6.05189996e-01  7.60e-17 1.42e-14  2.26e-10     3s
  22   6.05152570e-01  6.05163488e-01  1.21e-16 1.42e-14  2.20e-11     3s
  23   6.05160510e-01  6.05160680e-01  4.48e-16 1.42e-14  3.41e-13     3s
  24   6.05160612e-01  6.05160644e-01  3.23e-15 1.42e-14  6.57e-14     3s
  25   6.05160629e-01  6.05160638e-01  5.55e-15 2.84e-14  1.74e-14     3s
  26   6.05160634e-01  6.05160636e-01  2.46e-15 1.42e-14  4.38e-15     4s
  27   6.05160635e-01  6.05160636e-01  1.73e-15 1.42e-14  1.13e-15     4s
  28   6.05160636e-01  6.05160636e-01  1.04e-15 1.42e-14  4.58e-16     4s
  29   6.05160636e-01  6.05160636e-01  9.17e-16 1.42e-14  4.31e-16     4s
  30   6.05160636e-01  6.05160636e-01  8.50e-16 1.42e-14  2.56e-16     4s
  31   6.05160636e-01  6.05160636e-01  5.68e-16 1.42e-14  1.89e-16     4s
  32   6.05160636e-01  6.05160636e-01  4.35e-16 1.42e-14  9.34e-17     4s

Barrier solved model in 32 iterations and 4.07 seconds (3.82 work units)
Optimal objective 6.05160636e-01

objective value: 0.6051606356497158
Done! Time elapsed: 24.17727565765381 seconds.
g_0_1: 1.0393972934007545
g_1_1: 1.023978349213094
g_1_2: 1.0706807116192498
g_2_1: 1.0431029442962267
g_2_2: 1.1318503213148388
g_2_3: 1.0431029442994628
g_2_4: 1.1318503210203494
Parameters from last iteration: [0.18085513 0.72395269 0.18629844 0.73747378 0.19694196 0.73747378
 0.19694196]

Parameters from current iteration:
                [0.18085513 0.72395269 0.18629844 0.73747378 0.19694196 0.73747378
 0.19694196]


                Percentage Error = 7.018452006734573e-14
                
year done: 136
Time 137: 2
Optimization Iteration[1/20000]

Solving the optimization problem...
Set parameter TokenServer to value "licenses.rcc.uchicago.edu"
Read LP format model from file /scratch/local/jobs/50183995/tmp2heub8w9.pyomo.lp
Reading time = 1.32 seconds
x1: 258121 rows, 502401 columns, 1259970 nonzeros
Set parameter Threads to value 8
Set parameter BarConvTol to value 1e-12
Gurobi Optimizer version 11.0.0 build v11.0.0rc2 (linux64 - "CentOS Linux 8")

CPU model: Intel(R) Xeon(R) Gold 6248R CPU @ 3.00GHz, instruction set [SSE2|AVX|AVX2|AVX512]
Thread count: 48 physical cores, 48 logical processors, using up to 8 threads

Optimize a model with 258121 rows, 502401 columns and 1259970 nonzeros
Model fingerprint: 0x36598dbc
Model has 3166 quadratic objective terms
Coefficient statistics:
  Matrix range     [1e+00, 1e+03]
  Objective range  [6e-08, 7e+01]
  QObjective range [4e-01, 3e+03]
  Bounds range     [3e-04, 1e+00]
  RHS range        [8e-17, 6e+00]
Presolve removed 131482 rows and 128814 columns
Presolve time: 0.55s
Presolved: 126639 rows, 373587 columns, 743930 nonzeros
Presolved model has 3166 quadratic objective terms
Ordering time: 0.16s

Barrier statistics:
 AA' NZ     : 3.709e+05
 Factor NZ  : 4.212e+06 (roughly 240 MB of memory)
 Factor Ops : 3.974e+08 (less than 1 second per iteration)
 Threads    : 8

                  Objective                Residual
Iter       Primal          Dual         Primal    Dual     Compl     Time
   0  -1.08208243e+09  8.62426925e+08  7.80e+04 1.13e-13  1.00e+06     1s
   1  -6.18909580e+08  5.71190884e+08  1.71e+04 1.38e+02  2.40e+05     1s
   2  -3.11035477e+08  3.11021848e+08  2.28e+02 1.12e+00  4.48e+03     1s
   3  -7.31788343e+07  7.38397132e+07  1.92e+00 1.57e-12  3.19e+02     1s
   4  -1.39340231e+07  1.46173253e+07  1.62e-01 4.71e-12  5.90e+01     1s
   5  -2.55218686e+06  2.82756839e+06  1.24e-02 1.24e-12  1.09e+01     2s
   6  -3.71998896e+05  4.27120980e+05  1.24e-08 1.02e-12  1.61e+00     2s
   7  -5.57164264e+04  7.01839648e+04  1.81e-13 6.10e-13  2.53e-01     2s
   8  -8.40131383e+03  1.00455469e+04  4.64e-14 2.18e-13  3.71e-02     2s
   9  -1.34545888e+03  1.65065678e+03  2.05e-14 3.42e-14  6.03e-03     2s
  10  -2.20469168e+02  2.07291599e+02  1.07e-14 3.55e-14  8.61e-04     2s
  11  -4.89003914e+01  3.18108674e+01  2.20e-15 2.13e-14  1.62e-04     2s
  12  -8.18940221e+00  5.64733970e+00  1.02e-15 1.42e-14  2.78e-05     2s
  13  -8.43553911e-01  9.84123279e-01  4.31e-16 2.84e-14  3.68e-06     3s
  14   2.55201232e-01  7.02405835e-01  4.27e-16 2.84e-14  9.00e-07     3s
  15   4.75477994e-01  6.54023538e-01  1.91e-16 1.42e-14  3.59e-07     3s
  16   5.56777711e-01  6.22469052e-01  8.28e-17 1.42e-14  1.32e-07     3s
  17   5.76984116e-01  6.14533393e-01  4.46e-17 1.42e-14  7.55e-08     3s
  18   5.95213186e-01  6.07828570e-01  4.98e-17 1.42e-14  2.54e-08     3s
  19   6.01371325e-01  6.05575128e-01  5.61e-17 1.42e-14  8.46e-09     3s
  20   6.03898107e-01  6.04674274e-01  9.88e-17 1.42e-14  1.56e-09     3s
  21   6.04388289e-01  6.04500658e-01  9.54e-17 1.42e-14  2.26e-10     3s
  22   6.04463232e-01  6.04474150e-01  1.13e-16 1.42e-14  2.20e-11     3s
  23   6.04471173e-01  6.04471342e-01  3.80e-16 1.42e-14  3.41e-13     3s
  24   6.04471274e-01  6.04471307e-01  2.40e-15 1.42e-14  6.55e-14     3s
  25   6.04471292e-01  6.04471300e-01  5.84e-15 2.13e-14  1.74e-14     4s
  26   6.04471296e-01  6.04471299e-01  2.46e-15 1.42e-14  4.37e-15     4s
  27   6.04471298e-01  6.04471298e-01  1.54e-15 2.13e-14  1.13e-15     4s
  28   6.04471298e-01  6.04471298e-01  9.14e-16 1.42e-14  4.56e-16     4s
  29   6.04471298e-01  6.04471298e-01  8.33e-16 1.42e-14  4.30e-16     4s
  30   6.04471298e-01  6.04471298e-01  8.34e-16 1.42e-14  2.55e-16     4s
  31   6.04471298e-01  6.04471298e-01  5.48e-16 1.42e-14  1.90e-16     4s
  32   6.04471298e-01  6.04471298e-01  4.37e-16 1.42e-14  9.33e-17     4s

Barrier solved model in 32 iterations and 4.17 seconds (3.82 work units)
Optimal objective 6.04471298e-01

objective value: 0.6044712980635061
Done! Time elapsed: 24.256364107131958 seconds.
g_0_1: 1.0393972934006932
g_1_1: 1.023978349213134
g_1_2: 1.0706807116192212
g_2_1: 1.0431029442962378
g_2_2: 1.1318503213146007
g_2_3: 1.043102944299469
g_2_4: 1.1318503210203268
Parameters from last iteration: [0.18085513 0.72395269 0.18629844 0.73747378 0.19694196 0.73747378
 0.19694196]

Parameters from current iteration:
                [0.18085513 0.72395269 0.18629844 0.73747378 0.19694196 0.73747378
 0.19694196]


                Percentage Error = 2.1027169465961283e-13
                
year done: 137
Time 138: 2
Optimization Iteration[1/20000]

Solving the optimization problem...
Set parameter TokenServer to value "licenses.rcc.uchicago.edu"
Read LP format model from file /scratch/local/jobs/50183995/tmp1fa6n0hn.pyomo.lp
Reading time = 1.37 seconds
x1: 258121 rows, 502401 columns, 1259970 nonzeros
Set parameter Threads to value 8
Set parameter BarConvTol to value 1e-12
Gurobi Optimizer version 11.0.0 build v11.0.0rc2 (linux64 - "CentOS Linux 8")

CPU model: Intel(R) Xeon(R) Gold 6248R CPU @ 3.00GHz, instruction set [SSE2|AVX|AVX2|AVX512]
Thread count: 48 physical cores, 48 logical processors, using up to 8 threads

Optimize a model with 258121 rows, 502401 columns and 1259970 nonzeros
Model fingerprint: 0x271d184b
Model has 3166 quadratic objective terms
Coefficient statistics:
  Matrix range     [1e+00, 1e+03]
  Objective range  [6e-08, 7e+01]
  QObjective range [4e-01, 3e+03]
  Bounds range     [3e-04, 1e+00]
  RHS range        [8e-17, 6e+00]
Presolve removed 131482 rows and 128814 columns
Presolve time: 0.56s
Presolved: 126639 rows, 373587 columns, 743930 nonzeros
Presolved model has 3166 quadratic objective terms
Ordering time: 0.16s

Barrier statistics:
 AA' NZ     : 3.709e+05
 Factor NZ  : 4.212e+06 (roughly 240 MB of memory)
 Factor Ops : 3.974e+08 (less than 1 second per iteration)
 Threads    : 8

                  Objective                Residual
Iter       Primal          Dual         Primal    Dual     Compl     Time
   0  -1.08208243e+09  8.62426925e+08  7.80e+04 1.14e-13  1.00e+06     1s
   1  -6.18909580e+08  5.71190884e+08  1.71e+04 1.38e+02  2.40e+05     1s
   2  -3.11035477e+08  3.11021848e+08  2.28e+02 1.12e+00  4.48e+03     1s
   3  -7.31788343e+07  7.38397132e+07  1.92e+00 1.46e-12  3.19e+02     1s
   4  -1.39340231e+07  1.46173253e+07  1.62e-01 4.54e-12  5.90e+01     1s
   5  -2.55218686e+06  2.82756839e+06  1.24e-02 1.25e-12  1.09e+01     1s
   6  -3.71998897e+05  4.27120980e+05  1.24e-08 2.26e-12  1.61e+00     2s
   7  -5.57164271e+04  7.01839642e+04  1.84e-13 6.71e-13  2.53e-01     2s
   8  -8.40131449e+03  1.00455462e+04  5.58e-14 2.62e-13  3.71e-02     2s
   9  -1.34545954e+03  1.65065612e+03  1.52e-14 3.46e-14  6.03e-03     2s
  10  -2.20469827e+02  2.07290940e+02  1.06e-14 4.26e-14  8.61e-04     2s
  11  -4.89010497e+01  3.18102091e+01  1.99e-15 2.84e-14  1.62e-04     2s
  12  -8.19006052e+00  5.64668138e+00  9.43e-16 1.42e-14  2.78e-05     2s
  13  -8.44212224e-01  9.83464967e-01  3.30e-16 1.42e-14  3.68e-06     2s
  14   2.54542920e-01  7.01747522e-01  4.62e-16 1.42e-14  9.00e-07     3s
  15   4.74819682e-01  6.53365225e-01  2.51e-16 1.42e-14  3.59e-07     3s
  16   5.56119399e-01  6.21810740e-01  8.02e-17 1.42e-14  1.32e-07     3s
  17   5.76325803e-01  6.13875081e-01  7.17e-17 1.42e-14  7.55e-08     3s
  18   5.94554873e-01  6.07170258e-01  4.30e-17 1.42e-14  2.54e-08     3s
  19   6.00713012e-01  6.04916815e-01  6.74e-17 2.13e-14  8.46e-09     3s
  20   6.03239795e-01  6.04015962e-01  1.82e-16 1.42e-14  1.56e-09     3s
  21   6.03729976e-01  6.03842346e-01  4.36e-17 1.42e-14  2.26e-10     3s
  22   6.03804920e-01  6.03815838e-01  8.49e-17 1.42e-14  2.20e-11     3s
  23   6.03812861e-01  6.03813030e-01  3.46e-16 1.42e-14  3.41e-13     3s
  24   6.03812962e-01  6.03812994e-01  3.05e-15 1.42e-14  6.54e-14     3s
  25   6.03812979e-01  6.03812988e-01  6.02e-15 2.13e-14  1.74e-14     4s
  26   6.03812984e-01  6.03812986e-01  2.68e-15 1.42e-14  4.36e-15     4s
  27   6.03812985e-01  6.03812986e-01  1.38e-15 1.42e-14  1.12e-15     4s
  28   6.03812986e-01  6.03812986e-01  1.08e-15 1.42e-14  4.55e-16     4s
  29   6.03812986e-01  6.03812986e-01  9.45e-16 1.42e-14  4.28e-16     4s
  30   6.03812986e-01  6.03812986e-01  8.87e-16 1.42e-14  2.54e-16     4s
  31   6.03812986e-01  6.03812986e-01  5.40e-16 1.42e-14  1.90e-16     4s
  32   6.03812986e-01  6.03812986e-01  3.86e-16 1.42e-14  9.31e-17     4s

Barrier solved model in 32 iterations and 4.10 seconds (3.82 work units)
Optimal objective 6.03812986e-01

objective value: 0.6038129857794392
Done! Time elapsed: 24.272505044937134 seconds.
g_0_1: 1.039397293400609
g_1_1: 1.0239783492131675
g_1_2: 1.070680711619159
g_2_1: 1.043102944296269
g_2_2: 1.1318503213140974
g_2_3: 1.0431029442995015
g_2_4: 1.1318503210202888
Parameters from last iteration: [0.18085513 0.72395269 0.18629844 0.73747378 0.19694196 0.73747378
 0.19694196]

Parameters from current iteration:
                [0.18085513 0.72395269 0.18629844 0.73747378 0.19694196 0.73747378
 0.19694196]


                Percentage Error = 4.4478382596908686e-13
                
year done: 138
Time 139: 2
Optimization Iteration[1/20000]

Solving the optimization problem...
Set parameter TokenServer to value "licenses.rcc.uchicago.edu"
Read LP format model from file /scratch/local/jobs/50183995/tmpu2ugai8t.pyomo.lp
Reading time = 1.34 seconds
x1: 258121 rows, 502401 columns, 1259970 nonzeros
Set parameter Threads to value 8
Set parameter BarConvTol to value 1e-12
Gurobi Optimizer version 11.0.0 build v11.0.0rc2 (linux64 - "CentOS Linux 8")

CPU model: Intel(R) Xeon(R) Gold 6248R CPU @ 3.00GHz, instruction set [SSE2|AVX|AVX2|AVX512]
Thread count: 48 physical cores, 48 logical processors, using up to 8 threads

Optimize a model with 258121 rows, 502401 columns and 1259970 nonzeros
Model fingerprint: 0xd48b8cbc
Model has 3166 quadratic objective terms
Coefficient statistics:
  Matrix range     [1e+00, 1e+03]
  Objective range  [6e-08, 7e+01]
  QObjective range [4e-01, 3e+03]
  Bounds range     [3e-04, 1e+00]
  RHS range        [8e-17, 6e+00]
Presolve removed 131482 rows and 128814 columns
Presolve time: 0.54s
Presolved: 126639 rows, 373587 columns, 743930 nonzeros
Presolved model has 3166 quadratic objective terms
Ordering time: 0.16s

Barrier statistics:
 AA' NZ     : 3.709e+05
 Factor NZ  : 4.212e+06 (roughly 240 MB of memory)
 Factor Ops : 3.974e+08 (less than 1 second per iteration)
 Threads    : 8

                  Objective                Residual
Iter       Primal          Dual         Primal    Dual     Compl     Time
   0  -1.08208243e+09  8.62426925e+08  7.80e+04 1.13e-13  1.00e+06     1s
   1  -6.18909580e+08  5.71190884e+08  1.71e+04 1.38e+02  2.40e+05     1s
   2  -3.11035477e+08  3.11021848e+08  2.28e+02 1.12e+00  4.48e+03     1s
   3  -7.31788343e+07  7.38397132e+07  1.92e+00 1.44e-12  3.19e+02     1s
   4  -1.39340231e+07  1.46173253e+07  1.62e-01 4.75e-12  5.90e+01     1s
   5  -2.55218686e+06  2.82756839e+06  1.24e-02 1.42e-12  1.09e+01     1s
   6  -3.71998898e+05  4.27120979e+05  1.24e-08 3.12e-12  1.61e+00     2s
   7  -5.57164277e+04  7.01839636e+04  1.63e-13 6.95e-13  2.53e-01     2s
   8  -8.40131512e+03  1.00455456e+04  5.47e-14 2.29e-13  3.71e-02     2s
   9  -1.34546017e+03  1.65065549e+03  1.51e-14 3.15e-14  6.03e-03     2s
  10  -2.20470455e+02  2.07290312e+02  8.04e-15 2.13e-14  8.61e-04     2s
  11  -4.89016784e+01  3.18095804e+01  2.35e-15 1.55e-14  1.62e-04     2s
  12  -8.19068920e+00  5.64605270e+00  1.01e-15 1.42e-14  2.78e-05     2s
  13  -8.44840907e-01  9.82836283e-01  4.60e-16 1.42e-14  3.68e-06     2s
  14   2.53914236e-01  7.01118839e-01  4.64e-16 1.42e-14  9.00e-07     3s
  15   4.74190999e-01  6.52736542e-01  1.47e-16 1.42e-14  3.59e-07     3s
  16   5.55490715e-01  6.21182057e-01  8.76e-17 2.13e-14  1.32e-07     3s
  17   5.75697120e-01  6.13246397e-01  4.61e-17 1.42e-14  7.55e-08     3s
  18   5.93926190e-01  6.06541574e-01  7.45e-17 1.42e-14  2.54e-08     3s
  19   6.00084329e-01  6.04288132e-01  7.50e-17 2.84e-14  8.46e-09     3s
  20   6.02611111e-01  6.03387279e-01  7.68e-17 1.42e-14  1.56e-09     3s
  21   6.03101293e-01  6.03213663e-01  1.30e-16 1.42e-14  2.26e-10     3s
  22   6.03176236e-01  6.03187154e-01  1.16e-16 1.42e-14  2.20e-11     3s
  23   6.03184177e-01  6.03184347e-01  3.36e-16 1.42e-14  3.41e-13     3s
  24   6.03184279e-01  6.03184311e-01  3.10e-15 1.42e-14  6.52e-14     3s
  25   6.03184296e-01  6.03184305e-01  5.67e-15 1.42e-14  1.73e-14     3s
  26   6.03184301e-01  6.03184303e-01  2.09e-15 1.42e-14  4.35e-15     4s
  27   6.03184302e-01  6.03184303e-01  1.62e-15 1.42e-14  1.12e-15     4s
  28   6.03184302e-01  6.03184303e-01  9.59e-16 1.42e-14  4.53e-16     4s
  29   6.03184302e-01  6.03184303e-01  9.01e-16 1.55e-14  4.27e-16     4s
  30   6.03184302e-01  6.03184302e-01  8.36e-16 1.42e-14  2.54e-16     4s
  31   6.03184302e-01  6.03184302e-01  6.82e-16 1.42e-14  1.90e-16     4s
  32   6.03184302e-01  6.03184302e-01  4.06e-16 1.42e-14  9.30e-17     4s

Barrier solved model in 32 iterations and 4.05 seconds (3.82 work units)
Optimal objective 6.03184302e-01

objective value: 0.6031843024288996
Done! Time elapsed: 25.640771865844727 seconds.
g_0_1: 1.0393972934004754
g_1_1: 1.0239783492132335
g_1_2: 1.0706807116190833
g_2_1: 1.0431029442963153
g_2_2: 1.131850321313534
g_2_3: 1.043102944299534
g_2_4: 1.1318503210202389
Parameters from last iteration: [0.18085513 0.72395269 0.18629844 0.73747378 0.19694196 0.73747378
 0.19694196]

Parameters from current iteration:
                [0.18085513 0.72395269 0.18629844 0.73747378 0.19694196 0.73747378
 0.19694196]


                Percentage Error = 4.976336151766617e-13
                
year done: 139
Time 140: 2
Optimization Iteration[1/20000]

Solving the optimization problem...
Set parameter TokenServer to value "licenses.rcc.uchicago.edu"
Read LP format model from file /scratch/local/jobs/50183995/tmpldxa9r57.pyomo.lp
Reading time = 1.33 seconds
x1: 258121 rows, 502401 columns, 1259970 nonzeros
Set parameter Threads to value 8
Set parameter BarConvTol to value 1e-12
Gurobi Optimizer version 11.0.0 build v11.0.0rc2 (linux64 - "CentOS Linux 8")

CPU model: Intel(R) Xeon(R) Gold 6248R CPU @ 3.00GHz, instruction set [SSE2|AVX|AVX2|AVX512]
Thread count: 48 physical cores, 48 logical processors, using up to 8 threads

Optimize a model with 258121 rows, 502401 columns and 1259970 nonzeros
Model fingerprint: 0xc407be1a
Model has 3166 quadratic objective terms
Coefficient statistics:
  Matrix range     [1e+00, 1e+03]
  Objective range  [6e-08, 7e+01]
  QObjective range [4e-01, 3e+03]
  Bounds range     [3e-04, 1e+00]
  RHS range        [8e-17, 6e+00]
Presolve removed 131482 rows and 128814 columns
Presolve time: 0.55s
Presolved: 126639 rows, 373587 columns, 743930 nonzeros
Presolved model has 3166 quadratic objective terms
Ordering time: 0.16s

Barrier statistics:
 AA' NZ     : 3.709e+05
 Factor NZ  : 4.212e+06 (roughly 240 MB of memory)
 Factor Ops : 3.974e+08 (less than 1 second per iteration)
 Threads    : 8

                  Objective                Residual
Iter       Primal          Dual         Primal    Dual     Compl     Time
   0  -1.08208243e+09  8.62426925e+08  7.80e+04 1.13e-13  1.00e+06     1s
   1  -6.18909580e+08  5.71190884e+08  1.71e+04 1.38e+02  2.40e+05     1s
   2  -3.11035477e+08  3.11021848e+08  2.28e+02 1.12e+00  4.48e+03     1s
   3  -7.31788343e+07  7.38397132e+07  1.92e+00 1.97e-12  3.19e+02     1s
   4  -1.39340231e+07  1.46173253e+07  1.62e-01 3.92e-12  5.90e+01     1s
   5  -2.55218686e+06  2.82756839e+06  1.24e-02 1.23e-12  1.09e+01     1s
   6  -3.71998898e+05  4.27120978e+05  1.24e-08 1.13e-12  1.61e+00     2s
   7  -5.57164283e+04  7.01839630e+04  1.31e-13 6.51e-13  2.53e-01     2s
   8  -8.40131572e+03  1.00455450e+04  4.27e-14 2.12e-13  3.71e-02     2s
   9  -1.34546077e+03  1.65065489e+03  2.23e-14 4.26e-14  6.03e-03     2s
  10  -2.20471056e+02  2.07289711e+02  6.74e-15 2.84e-14  8.61e-04     2s
  11  -4.89022788e+01  3.18089800e+01  2.53e-15 2.13e-14  1.62e-04     2s
  12  -8.19128959e+00  5.64545231e+00  1.04e-15 2.13e-14  2.78e-05     2s
  13  -8.45441295e-01  9.82235895e-01  3.23e-16 1.42e-14  3.68e-06     2s
  14   2.53313848e-01  7.00518451e-01  4.03e-16 1.42e-14  9.00e-07     3s
  15   4.73590611e-01  6.52136154e-01  1.89e-16 1.42e-14  3.59e-07     3s
  16   5.54890327e-01  6.20581669e-01  1.19e-16 1.42e-14  1.32e-07     3s
  17   5.75096732e-01  6.12646009e-01  4.52e-17 1.42e-14  7.55e-08     3s
  18   5.93325802e-01  6.05941186e-01  1.23e-16 2.13e-14  2.54e-08     3s
  19   5.99483941e-01  6.03687744e-01  9.61e-17 1.42e-14  8.46e-09     3s
  20   6.02010723e-01  6.02786891e-01  1.00e-16 2.84e-14  1.56e-09     3s
  21   6.02500905e-01  6.02613275e-01  7.96e-17 1.42e-14  2.26e-10     3s
  22   6.02575849e-01  6.02586766e-01  1.46e-16 1.42e-14  2.20e-11     3s
  23   6.02583789e-01  6.02583959e-01  3.55e-16 1.42e-14  3.41e-13     3s
  24   6.02583891e-01  6.02583923e-01  3.16e-15 1.42e-14  6.51e-14     3s
  25   6.02583908e-01  6.02583917e-01  5.10e-15 1.42e-14  1.73e-14     3s
  26   6.02583913e-01  6.02583915e-01  2.35e-15 1.42e-14  4.34e-15     4s
  27   6.02583914e-01  6.02583915e-01  1.70e-15 1.42e-14  1.12e-15     4s
  28   6.02583914e-01  6.02583915e-01  1.01e-15 1.02e-14  4.52e-16     4s
  29   6.02583914e-01  6.02583915e-01  9.31e-16 1.42e-14  4.26e-16     4s
  30   6.02583914e-01  6.02583915e-01  1.03e-15 1.42e-14  2.53e-16     4s
  31   6.02583914e-01  6.02583915e-01  5.97e-16 7.55e-15  1.90e-16     4s
  32   6.02583914e-01  6.02583915e-01  4.70e-16 1.42e-14  9.28e-17     4s

Barrier solved model in 32 iterations and 4.09 seconds (3.82 work units)
Optimal objective 6.02583914e-01

objective value: 0.6025839144902055
Done! Time elapsed: 24.198241710662842 seconds.
g_0_1: 1.039397293400332
g_1_1: 1.0239783492132981
g_1_2: 1.0706807116189905
g_2_1: 1.0431029442963669
g_2_2: 1.1318503213127866
g_2_3: 1.0431029442995823
g_2_4: 1.131850321020181
Parameters from last iteration: [0.18085513 0.72395269 0.18629844 0.73747378 0.19694196 0.73747378
 0.19694196]

Parameters from current iteration:
                [0.18085513 0.72395269 0.18629844 0.73747378 0.19694196 0.73747378
 0.19694196]


                Percentage Error = 6.604109659357114e-13
                
year done: 140
Time 141: 2
Optimization Iteration[1/20000]

Solving the optimization problem...
Set parameter TokenServer to value "licenses.rcc.uchicago.edu"
Read LP format model from file /scratch/local/jobs/50183995/tmprqetbtd6.pyomo.lp
Reading time = 1.33 seconds
x1: 258121 rows, 502401 columns, 1259970 nonzeros
Set parameter Threads to value 8
Set parameter BarConvTol to value 1e-12
Gurobi Optimizer version 11.0.0 build v11.0.0rc2 (linux64 - "CentOS Linux 8")

CPU model: Intel(R) Xeon(R) Gold 6248R CPU @ 3.00GHz, instruction set [SSE2|AVX|AVX2|AVX512]
Thread count: 48 physical cores, 48 logical processors, using up to 8 threads

Optimize a model with 258121 rows, 502401 columns and 1259970 nonzeros
Model fingerprint: 0xb18df484
Model has 3166 quadratic objective terms
Coefficient statistics:
  Matrix range     [1e+00, 1e+03]
  Objective range  [6e-08, 7e+01]
  QObjective range [4e-01, 3e+03]
  Bounds range     [3e-04, 1e+00]
  RHS range        [8e-17, 6e+00]
Presolve removed 131482 rows and 128814 columns
Presolve time: 0.55s
Presolved: 126639 rows, 373587 columns, 743930 nonzeros
Presolved model has 3166 quadratic objective terms
Ordering time: 0.16s

Barrier statistics:
 AA' NZ     : 3.709e+05
 Factor NZ  : 4.212e+06 (roughly 240 MB of memory)
 Factor Ops : 3.974e+08 (less than 1 second per iteration)
 Threads    : 8

                  Objective                Residual
Iter       Primal          Dual         Primal    Dual     Compl     Time
   0  -1.08208243e+09  8.62426925e+08  7.80e+04 1.14e-13  1.00e+06     1s
   1  -6.18909580e+08  5.71190884e+08  1.71e+04 1.38e+02  2.40e+05     1s
   2  -3.11035477e+08  3.11021848e+08  2.28e+02 1.12e+00  4.48e+03     1s
   3  -7.31788343e+07  7.38397132e+07  1.92e+00 1.51e-12  3.19e+02     1s
   4  -1.39340231e+07  1.46173253e+07  1.62e-01 5.00e-12  5.90e+01     1s
   5  -2.55218686e+06  2.82756839e+06  1.24e-02 1.17e-12  1.09e+01     1s
   6  -3.71998899e+05  4.27120978e+05  1.24e-08 1.31e-12  1.61e+00     2s
   7  -5.57164289e+04  7.01839624e+04  1.38e-13 6.78e-13  2.53e-01     2s
   8  -8.40131629e+03  1.00455444e+04  3.72e-14 2.19e-13  3.71e-02     2s
   9  -1.34546134e+03  1.65065431e+03  2.11e-14 3.42e-14  6.03e-03     2s
  10  -2.20471629e+02  2.07289138e+02  7.94e-15 2.84e-14  8.61e-04     2s
  11  -4.89028521e+01  3.18084066e+01  2.01e-15 2.84e-14  1.62e-04     2s
  12  -8.19186296e+00  5.64487895e+00  1.08e-15 1.42e-14  2.78e-05     2s
  13  -8.46014661e-01  9.81662529e-01  5.30e-16 1.42e-14  3.68e-06     2s
  14   2.52740482e-01  6.99945085e-01  4.26e-16 2.00e-14  9.00e-07     3s
  15   4.73017245e-01  6.51562788e-01  1.57e-16 2.13e-14  3.59e-07     3s
  16   5.54316961e-01  6.20008303e-01  1.22e-16 1.42e-14  1.32e-07     3s
  17   5.74523366e-01  6.12072643e-01  8.49e-17 2.13e-14  7.55e-08     3s
  18   5.92752436e-01  6.05367820e-01  1.70e-16 1.42e-14  2.54e-08     3s
  19   5.98910575e-01  6.03114378e-01  4.90e-17 2.13e-14  8.46e-09     3s
  20   6.01437357e-01  6.02213525e-01  2.17e-16 2.13e-14  1.56e-09     3s
  21   6.01927539e-01  6.02039909e-01  1.13e-16 1.42e-14  2.26e-10     3s
  22   6.02002483e-01  6.02013400e-01  1.34e-16 1.42e-14  2.20e-11     3s
  23   6.02010423e-01  6.02010593e-01  3.50e-16 2.84e-14  3.41e-13     3s
  24   6.02010525e-01  6.02010557e-01  3.87e-15 1.42e-14  6.50e-14     3s
  25   6.02010542e-01  6.02010551e-01  6.35e-15 1.42e-14  1.72e-14     3s
  26   6.02010547e-01  6.02010549e-01  2.36e-15 1.42e-14  4.33e-15     4s
  27   6.02010548e-01  6.02010549e-01  1.47e-15 1.42e-14  1.11e-15     4s
  28   6.02010548e-01  6.02010549e-01  9.33e-16 1.42e-14  4.50e-16     4s
  29   6.02010548e-01  6.02010549e-01  9.10e-16 1.42e-14  4.26e-16     4s
  30   6.02010548e-01  6.02010549e-01  9.56e-16 1.42e-14  2.55e-16     4s
  31   6.02010548e-01  6.02010549e-01  7.82e-16 1.42e-14  1.97e-16     4s
  32   6.02010548e-01  6.02010549e-01  3.89e-16 1.42e-14  9.65e-17     4s

Barrier solved model in 32 iterations and 4.09 seconds (3.82 work units)
Optimal objective 6.02010548e-01

objective value: 0.602010548458604
Done! Time elapsed: 24.309359788894653 seconds.
g_0_1: 1.039397293402889
g_1_1: 1.023978349212054
g_1_2: 1.0706807116205517
g_2_1: 1.0431029442954494
g_2_2: 1.1318503213254525
g_2_3: 1.0431029442987998
g_2_4: 1.1318503210211375
Parameters from last iteration: [0.18085513 0.72395269 0.18629844 0.73747378 0.19694196 0.73747378
 0.19694196]

Parameters from current iteration:
                [0.18085513 0.72395269 0.18629844 0.73747378 0.19694196 0.73747378
 0.19694196]


                Percentage Error = 1.1190484833168572e-11
                
year done: 141
Time 142: 2
Optimization Iteration[1/20000]

Solving the optimization problem...
Set parameter TokenServer to value "licenses.rcc.uchicago.edu"
Read LP format model from file /scratch/local/jobs/50183995/tmpkefigtto.pyomo.lp
Reading time = 1.33 seconds
x1: 258121 rows, 502401 columns, 1259970 nonzeros
Set parameter Threads to value 8
Set parameter BarConvTol to value 1e-12
Gurobi Optimizer version 11.0.0 build v11.0.0rc2 (linux64 - "CentOS Linux 8")

CPU model: Intel(R) Xeon(R) Gold 6248R CPU @ 3.00GHz, instruction set [SSE2|AVX|AVX2|AVX512]
Thread count: 48 physical cores, 48 logical processors, using up to 8 threads

Optimize a model with 258121 rows, 502401 columns and 1259970 nonzeros
Model fingerprint: 0xc5e4a014
Model has 3166 quadratic objective terms
Coefficient statistics:
  Matrix range     [1e+00, 1e+03]
  Objective range  [6e-08, 7e+01]
  QObjective range [4e-01, 3e+03]
  Bounds range     [3e-04, 1e+00]
  RHS range        [8e-17, 6e+00]
Presolve removed 131482 rows and 128814 columns
Presolve time: 0.54s
Presolved: 126639 rows, 373587 columns, 743930 nonzeros
Presolved model has 3166 quadratic objective terms
Ordering time: 0.16s

Barrier statistics:
 AA' NZ     : 3.709e+05
 Factor NZ  : 4.212e+06 (roughly 240 MB of memory)
 Factor Ops : 3.974e+08 (less than 1 second per iteration)
 Threads    : 8

                  Objective                Residual
Iter       Primal          Dual         Primal    Dual     Compl     Time
   0  -1.08208243e+09  8.62426925e+08  7.80e+04 1.14e-13  1.00e+06     1s
   1  -6.18909580e+08  5.71190884e+08  1.71e+04 1.38e+02  2.40e+05     1s
   2  -3.11035477e+08  3.11021848e+08  2.28e+02 1.12e+00  4.48e+03     1s
   3  -7.31788343e+07  7.38397132e+07  1.92e+00 1.41e-12  3.19e+02     1s
   4  -1.39340231e+07  1.46173253e+07  1.62e-01 5.69e-12  5.90e+01     1s
   5  -2.55218687e+06  2.82756839e+06  1.24e-02 1.24e-12  1.09e+01     1s
   6  -3.71998899e+05  4.27120977e+05  1.24e-08 9.90e-13  1.61e+00     2s
   7  -5.57164294e+04  7.01839618e+04  1.22e-13 6.68e-13  2.53e-01     2s
   8  -8.40131684e+03  1.00455439e+04  6.53e-14 2.51e-13  3.71e-02     2s
   9  -1.34546189e+03  1.65065377e+03  1.98e-14 4.26e-14  6.03e-03     2s
  10  -2.20472177e+02  2.07288590e+02  7.52e-15 2.84e-14  8.61e-04     2s
  11  -4.89033997e+01  3.18078591e+01  3.28e-15 1.42e-14  1.62e-04     2s
  12  -8.19241052e+00  5.64433139e+00  1.19e-15 1.42e-14  2.78e-05     2s
  13  -8.46562221e-01  9.81114969e-01  3.53e-16 1.42e-14  3.68e-06     2s
  14   2.52192922e-01  6.99397525e-01  3.14e-16 1.42e-14  9.00e-07     3s
  15   4.72469684e-01  6.51015228e-01  2.06e-16 4.26e-14  3.59e-07     3s
  16   5.53769401e-01  6.19460742e-01  1.44e-16 1.82e-14  1.32e-07     3s
  17   5.73975806e-01  6.11525083e-01  7.60e-17 1.42e-14  7.55e-08     3s
  18   5.92204876e-01  6.04820260e-01  4.49e-17 1.42e-14  2.54e-08     3s
  19   5.98363015e-01  6.02566818e-01  1.14e-16 2.84e-14  8.46e-09     3s
  20   6.00889797e-01  6.01665964e-01  8.33e-17 1.55e-14  1.56e-09     3s
  21   6.01379979e-01  6.01492349e-01  8.00e-17 1.42e-14  2.26e-10     3s
  22   6.01454922e-01  6.01465840e-01  1.16e-16 1.42e-14  2.20e-11     3s
  23   6.01462863e-01  6.01463032e-01  3.28e-16 1.42e-14  3.41e-13     3s
  24   6.01462964e-01  6.01462997e-01  3.14e-15 1.42e-14  6.48e-14     3s
  25   6.01462982e-01  6.01462990e-01  5.38e-15 1.42e-14  1.72e-14     3s
  26   6.01462987e-01  6.01462989e-01  2.70e-15 1.42e-14  4.32e-15     4s
  27   6.01462988e-01  6.01462988e-01  1.80e-15 1.42e-14  1.11e-15     4s
  28   6.01462988e-01  6.01462988e-01  8.72e-16 1.42e-14  4.50e-16     4s
  29   6.01462988e-01  6.01462988e-01  8.26e-16 1.42e-14  4.29e-16     4s
  30   6.01462988e-01  6.01462988e-01  7.28e-16 1.42e-14  2.59e-16     4s
  31   6.01462988e-01  6.01462988e-01  5.63e-16 1.42e-14  2.02e-16     4s
  32   6.01462988e-01  6.01462988e-01  3.81e-16 1.42e-14  1.03e-16     4s
  33   6.01462988e-01  6.01462988e-01  3.39e-16 1.42e-14  8.86e-17     4s

Barrier solved model in 33 iterations and 4.13 seconds (3.90 work units)
Optimal objective 6.01462988e-01

objective value: 0.6014629881534929
Done! Time elapsed: 24.255704402923584 seconds.
g_0_1: 1.039397293397485
g_1_1: 1.0239783492146914
g_1_2: 1.0706807116172614
g_2_1: 1.0431029442973845
g_2_2: 1.1318503212985709
g_2_3: 1.0431029443004585
g_2_4: 1.1318503210191269
Parameters from last iteration: [0.18085513 0.72395269 0.18629844 0.73747378 0.19694196 0.73747378
 0.19694196]

Parameters from current iteration:
                [0.18085513 0.72395269 0.18629844 0.73747378 0.19694196 0.73747378
 0.19694196]


                Percentage Error = 2.3750272471243283e-11
                
year done: 142
Time 143: 2
Optimization Iteration[1/20000]

Solving the optimization problem...
Set parameter TokenServer to value "licenses.rcc.uchicago.edu"
Read LP format model from file /scratch/local/jobs/50183995/tmptb0oodxo.pyomo.lp
Reading time = 1.50 seconds
x1: 258121 rows, 502401 columns, 1259970 nonzeros
Set parameter Threads to value 8
Set parameter BarConvTol to value 1e-12
Gurobi Optimizer version 11.0.0 build v11.0.0rc2 (linux64 - "CentOS Linux 8")

CPU model: Intel(R) Xeon(R) Gold 6248R CPU @ 3.00GHz, instruction set [SSE2|AVX|AVX2|AVX512]
Thread count: 48 physical cores, 48 logical processors, using up to 8 threads

Optimize a model with 258121 rows, 502401 columns and 1259970 nonzeros
Model fingerprint: 0xd1be2116
Model has 3166 quadratic objective terms
Coefficient statistics:
  Matrix range     [1e+00, 1e+03]
  Objective range  [6e-08, 7e+01]
  QObjective range [4e-01, 3e+03]
  Bounds range     [3e-04, 1e+00]
  RHS range        [8e-17, 6e+00]
Presolve removed 131482 rows and 128814 columns
Presolve time: 0.55s
Presolved: 126639 rows, 373587 columns, 743930 nonzeros
Presolved model has 3166 quadratic objective terms
Ordering time: 0.16s

Barrier statistics:
 AA' NZ     : 3.709e+05
 Factor NZ  : 4.212e+06 (roughly 240 MB of memory)
 Factor Ops : 3.974e+08 (less than 1 second per iteration)
 Threads    : 8

                  Objective                Residual
Iter       Primal          Dual         Primal    Dual     Compl     Time
   0  -1.08208243e+09  8.62426925e+08  7.80e+04 1.14e-13  1.00e+06     1s
   1  -6.18909580e+08  5.71190884e+08  1.71e+04 1.38e+02  2.40e+05     1s
   2  -3.11035477e+08  3.11021848e+08  2.28e+02 1.12e+00  4.48e+03     1s
   3  -7.31788343e+07  7.38397132e+07  1.92e+00 1.46e-12  3.19e+02     1s
   4  -1.39340231e+07  1.46173253e+07  1.62e-01 4.72e-12  5.90e+01     1s
   5  -2.55218687e+06  2.82756839e+06  1.24e-02 1.48e-12  1.09e+01     1s
   6  -3.71998900e+05  4.27120977e+05  1.24e-08 9.37e-13  1.61e+00     2s
   7  -5.57164299e+04  7.01839613e+04  1.22e-13 5.99e-13  2.53e-01     2s
   8  -8.40131736e+03  1.00455434e+04  4.88e-14 2.44e-13  3.71e-02     2s
   9  -1.34546241e+03  1.65065324e+03  2.09e-14 4.26e-14  6.03e-03     2s
  10  -2.20472699e+02  2.07288068e+02  9.33e-15 2.84e-14  8.61e-04     2s
  11  -4.89039226e+01  3.18073361e+01  2.60e-15 1.82e-14  1.62e-04     2s
  12  -8.19293343e+00  5.64380847e+00  1.04e-15 2.13e-14  2.78e-05     2s
  13  -8.47085137e-01  9.80592053e-01  4.84e-16 1.42e-14  3.68e-06     2s
  14   2.51670006e-01  6.98874609e-01  5.50e-16 2.13e-14  9.00e-07     3s
  15   4.71946768e-01  6.50492312e-01  2.11e-16 1.42e-14  3.59e-07     3s
  16   5.53246485e-01  6.18937826e-01  1.34e-16 1.42e-14  1.32e-07     3s
  17   5.73452890e-01  6.11002167e-01  7.43e-17 1.42e-14  7.55e-08     3s
  18   5.91681960e-01  6.04297344e-01  6.68e-17 1.42e-14  2.54e-08     3s
  19   5.97840099e-01  6.02043902e-01  8.76e-17 1.42e-14  8.46e-09     3s
  20   6.00366881e-01  6.01143048e-01  1.26e-16 1.42e-14  1.56e-09     3s
  21   6.00857063e-01  6.00969433e-01  6.38e-17 1.42e-14  2.26e-10     3s
  22   6.00932006e-01  6.00942924e-01  9.71e-17 2.13e-14  2.20e-11     3s
  23   6.00939947e-01  6.00940116e-01  2.92e-16 1.42e-14  3.41e-13     3s
  24   6.00940048e-01  6.00940081e-01  2.62e-15 1.42e-14  6.47e-14     3s
  25   6.00940066e-01  6.00940074e-01  5.59e-15 2.13e-14  1.72e-14     3s
  26   6.00940071e-01  6.00940073e-01  2.41e-15 1.42e-14  4.30e-15     4s
  27   6.00940072e-01  6.00940072e-01  1.42e-15 1.42e-14  1.11e-15     4s
  28   6.00940072e-01  6.00940072e-01  9.44e-16 1.42e-14  4.49e-16     4s
  29   6.00940072e-01  6.00940072e-01  8.61e-16 1.42e-14  4.29e-16     4s
  30   6.00940072e-01  6.00940072e-01  8.06e-16 1.42e-14  2.57e-16     4s
  31   6.00940072e-01  6.00940072e-01  4.31e-16 2.84e-14  1.53e-16     4s
  32   6.00940072e-01  6.00940072e-01  2.94e-16 1.42e-14  9.22e-17     4s

Barrier solved model in 32 iterations and 4.08 seconds (3.82 work units)
Optimal objective 6.00940072e-01

objective value: 0.6009400721177572
Done! Time elapsed: 25.867573499679565 seconds.
g_0_1: 1.0393972933999855
g_1_1: 1.0239783492134813
g_1_2: 1.0706807116187966
g_2_1: 1.0431029442964888
g_2_2: 1.1318503213108693
g_2_3: 1.0431029442996893
g_2_4: 1.1318503210200765
Parameters from last iteration: [0.18085513 0.72395269 0.18629844 0.73747378 0.19694196 0.73747378
 0.19694196]

Parameters from current iteration:
                [0.18085513 0.72395269 0.18629844 0.73747378 0.19694196 0.73747378
 0.19694196]


                Percentage Error = 1.0865775728414544e-11
                
year done: 143
Time 144: 2
Optimization Iteration[1/20000]

Solving the optimization problem...
Set parameter TokenServer to value "licenses.rcc.uchicago.edu"
Read LP format model from file /scratch/local/jobs/50183995/tmpercnpvic.pyomo.lp
Reading time = 1.33 seconds
x1: 258121 rows, 502401 columns, 1259970 nonzeros
Set parameter Threads to value 8
Set parameter BarConvTol to value 1e-12
Gurobi Optimizer version 11.0.0 build v11.0.0rc2 (linux64 - "CentOS Linux 8")

CPU model: Intel(R) Xeon(R) Gold 6248R CPU @ 3.00GHz, instruction set [SSE2|AVX|AVX2|AVX512]
Thread count: 48 physical cores, 48 logical processors, using up to 8 threads

Optimize a model with 258121 rows, 502401 columns and 1259970 nonzeros
Model fingerprint: 0xbbc2cfbc
Model has 3166 quadratic objective terms
Coefficient statistics:
  Matrix range     [1e+00, 1e+03]
  Objective range  [6e-08, 7e+01]
  QObjective range [4e-01, 3e+03]
  Bounds range     [3e-04, 1e+00]
  RHS range        [8e-17, 6e+00]
Presolve removed 131482 rows and 128814 columns
Presolve time: 0.55s
Presolved: 126639 rows, 373587 columns, 743930 nonzeros
Presolved model has 3166 quadratic objective terms
Ordering time: 0.16s

Barrier statistics:
 AA' NZ     : 3.709e+05
 Factor NZ  : 4.212e+06 (roughly 240 MB of memory)
 Factor Ops : 3.974e+08 (less than 1 second per iteration)
 Threads    : 8

                  Objective                Residual
Iter       Primal          Dual         Primal    Dual     Compl     Time
   0  -1.08208243e+09  8.62426925e+08  7.80e+04 1.14e-13  1.00e+06     1s
   1  -6.18909580e+08  5.71190884e+08  1.71e+04 1.38e+02  2.40e+05     1s
   2  -3.11035477e+08  3.11021848e+08  2.28e+02 1.12e+00  4.48e+03     1s
   3  -7.31788343e+07  7.38397132e+07  1.92e+00 1.72e-12  3.19e+02     1s
   4  -1.39340231e+07  1.46173253e+07  1.62e-01 4.86e-12  5.90e+01     1s
   5  -2.55218687e+06  2.82756839e+06  1.24e-02 1.24e-12  1.09e+01     1s
   6  -3.71998900e+05  4.27120976e+05  1.24e-08 1.77e-12  1.61e+00     2s
   7  -5.57164304e+04  7.01839608e+04  1.33e-13 6.81e-13  2.53e-01     2s
   8  -8.40131786e+03  1.00455429e+04  4.67e-14 2.22e-13  3.71e-02     2s
   9  -1.34546291e+03  1.65065274e+03  1.46e-14 4.26e-14  6.03e-03     2s
  10  -2.20473199e+02  2.07287568e+02  1.12e-14 2.13e-14  8.61e-04     2s
  11  -4.89044220e+01  3.18068368e+01  2.45e-15 2.84e-14  1.62e-04     2s
  12  -8.19343281e+00  5.64330909e+00  9.84e-16 1.42e-14  2.78e-05     2s
  13  -8.47584518e-01  9.80092672e-01  4.49e-16 1.42e-14  3.68e-06     2s
  14   2.51170625e-01  6.98375228e-01  6.11e-16 1.42e-14  9.00e-07     3s
  15   4.71447387e-01  6.49992931e-01  1.84e-16 2.13e-14  3.59e-07     3s
  16   5.52747104e-01  6.18438445e-01  1.18e-16 1.42e-14  1.32e-07     3s
  17   5.72953509e-01  6.10502786e-01  3.98e-17 1.42e-14  7.55e-08     3s
  18   5.91182579e-01  6.03797963e-01  1.02e-16 1.42e-14  2.54e-08     3s
  19   5.97340718e-01  6.01544521e-01  5.12e-17 1.42e-14  8.46e-09     3s
  20   5.99867500e-01  6.00643667e-01  5.75e-17 2.13e-14  1.56e-09     3s
  21   6.00357682e-01  6.00470052e-01  5.29e-17 1.42e-14  2.26e-10     3s
  22   6.00432625e-01  6.00443543e-01  1.55e-16 1.42e-14  2.20e-11     3s
  23   6.00440566e-01  6.00440736e-01  3.54e-16 1.42e-14  3.41e-13     3s
  24   6.00440668e-01  6.00440700e-01  2.93e-15 2.84e-14  6.45e-14     3s
  25   6.00440685e-01  6.00440693e-01  5.55e-15 1.42e-14  1.71e-14     3s
  26   6.00440690e-01  6.00440692e-01  2.48e-15 2.13e-14  4.29e-15     4s
  27   6.00440691e-01  6.00440691e-01  1.44e-15 1.55e-14  1.11e-15     4s
  28   6.00440691e-01  6.00440691e-01  1.07e-15 1.42e-14  4.48e-16     4s
  29   6.00440691e-01  6.00440691e-01  1.02e-15 1.42e-14  4.28e-16     4s
  30   6.00440691e-01  6.00440691e-01  8.07e-16 1.42e-14  2.56e-16     4s
  31   6.00440691e-01  6.00440691e-01  4.91e-16 1.42e-14  1.52e-16     4s
  32   6.00440691e-01  6.00440691e-01  3.03e-16 1.42e-14  9.09e-17     4s

Barrier solved model in 32 iterations and 4.09 seconds (3.82 work units)
Optimal objective 6.00440691e-01

objective value: 0.6004406911821546
Done! Time elapsed: 24.21680212020874 seconds.
g_0_1: 1.0393972933990843
g_1_1: 1.0239783492139098
g_1_2: 1.0706807116182393
g_2_1: 1.0431029442968134
g_2_2: 1.131850321306393
g_2_3: 1.0431029442999689
g_2_4: 1.1318503210197344
Parameters from last iteration: [0.18085513 0.72395269 0.18629844 0.73747378 0.19694196 0.73747378
 0.19694196]

Parameters from current iteration:
                [0.18085513 0.72395269 0.18629844 0.73747378 0.19694196 0.73747378
 0.19694196]


                Percentage Error = 3.954714493206494e-12
                
year done: 144
Time 145: 2
Optimization Iteration[1/20000]

Solving the optimization problem...
Set parameter TokenServer to value "licenses.rcc.uchicago.edu"
Read LP format model from file /scratch/local/jobs/50183995/tmproyzexw2.pyomo.lp
Reading time = 1.34 seconds
x1: 258121 rows, 502401 columns, 1259970 nonzeros
Set parameter Threads to value 8
Set parameter BarConvTol to value 1e-12
Gurobi Optimizer version 11.0.0 build v11.0.0rc2 (linux64 - "CentOS Linux 8")

CPU model: Intel(R) Xeon(R) Gold 6248R CPU @ 3.00GHz, instruction set [SSE2|AVX|AVX2|AVX512]
Thread count: 48 physical cores, 48 logical processors, using up to 8 threads

Optimize a model with 258121 rows, 502401 columns and 1259970 nonzeros
Model fingerprint: 0xda03aa00
Model has 3166 quadratic objective terms
Coefficient statistics:
  Matrix range     [1e+00, 1e+03]
  Objective range  [6e-08, 7e+01]
  QObjective range [4e-01, 3e+03]
  Bounds range     [3e-04, 1e+00]
  RHS range        [8e-17, 6e+00]
Presolve removed 131482 rows and 128814 columns
Presolve time: 0.55s
Presolved: 126639 rows, 373587 columns, 743930 nonzeros
Presolved model has 3166 quadratic objective terms
Ordering time: 0.16s

Barrier statistics:
 AA' NZ     : 3.709e+05
 Factor NZ  : 4.212e+06 (roughly 240 MB of memory)
 Factor Ops : 3.974e+08 (less than 1 second per iteration)
 Threads    : 8

                  Objective                Residual
Iter       Primal          Dual         Primal    Dual     Compl     Time
   0  -1.08208243e+09  8.62426925e+08  7.80e+04 1.13e-13  1.00e+06     1s
   1  -6.18909580e+08  5.71190884e+08  1.71e+04 1.38e+02  2.40e+05     1s
   2  -3.11035477e+08  3.11021848e+08  2.28e+02 1.12e+00  4.48e+03     1s
   3  -7.31788343e+07  7.38397132e+07  1.92e+00 1.52e-12  3.19e+02     1s
   4  -1.39340231e+07  1.46173253e+07  1.62e-01 4.29e-12  5.90e+01     1s
   5  -2.55218687e+06  2.82756839e+06  1.24e-02 1.46e-12  1.09e+01     1s
   6  -3.71998901e+05  4.27120976e+05  1.24e-08 9.42e-13  1.61e+00     2s
   7  -5.57164309e+04  7.01839603e+04  1.35e-13 6.78e-13  2.53e-01     2s
   8  -8.40131834e+03  1.00455424e+04  3.83e-14 2.19e-13  3.71e-02     2s
   9  -1.34546339e+03  1.65065227e+03  2.65e-14 3.00e-14  6.03e-03     2s
  10  -2.20473676e+02  2.07287091e+02  9.30e-15 2.84e-14  8.61e-04     2s
  11  -4.89048989e+01  3.18063599e+01  1.96e-15 1.42e-14  1.62e-04     2s
  12  -8.19390972e+00  5.64283218e+00  7.41e-16 2.84e-14  2.78e-05     2s
  13  -8.48061423e-01  9.79615767e-01  4.74e-16 1.42e-14  3.68e-06     2s
  14   2.50693720e-01  6.97898323e-01  5.48e-16 1.42e-14  9.00e-07     3s
  15   4.70970482e-01  6.49516026e-01  1.78e-16 1.42e-14  3.59e-07     3s
  16   5.52270199e-01  6.17961540e-01  8.76e-17 1.87e-14  1.32e-07     3s
  17   5.72476604e-01  6.10025881e-01  9.05e-17 1.42e-14  7.55e-08     3s
  18   5.90705674e-01  6.03321058e-01  9.28e-17 1.42e-14  2.54e-08     3s
  19   5.96863813e-01  6.01067616e-01  8.52e-17 2.13e-14  8.46e-09     3s
  20   5.99390595e-01  6.00166762e-01  8.07e-17 1.42e-14  1.56e-09     3s
  21   5.99880777e-01  5.99993147e-01  5.49e-17 2.84e-14  2.26e-10     3s
  22   5.99955720e-01  5.99966638e-01  1.13e-16 1.42e-14  2.20e-11     3s
  23   5.99963661e-01  5.99963830e-01  2.98e-16 1.42e-14  3.41e-13     3s
  24   5.99963762e-01  5.99963794e-01  2.86e-15 1.42e-14  6.43e-14     3s
  25   5.99963780e-01  5.99963788e-01  5.56e-15 1.42e-14  1.71e-14     3s
  26   5.99963785e-01  5.99963787e-01  2.48e-15 1.42e-14  4.28e-15     4s
  27   5.99963786e-01  5.99963786e-01  1.87e-15 1.42e-14  1.11e-15     4s
  28   5.99963786e-01  5.99963786e-01  9.76e-16 1.42e-14  4.48e-16     4s
  29   5.99963786e-01  5.99963786e-01  9.32e-16 1.42e-14  4.26e-16     4s
  30   5.99963786e-01  5.99963786e-01  8.74e-16 1.07e-14  2.55e-16     4s
  31   5.99963786e-01  5.99963786e-01  4.77e-16 1.42e-14  1.51e-16     4s
  32   5.99963786e-01  5.99963786e-01  2.97e-16 1.42e-14  9.06e-17     4s

Barrier solved model in 32 iterations and 4.08 seconds (3.82 work units)
Optimal objective 5.99963786e-01

objective value: 0.5999637860907415
Done! Time elapsed: 24.306920528411865 seconds.
g_0_1: 1.0393972933989146
g_1_1: 1.0239783492139942
g_1_2: 1.0706807116181372
g_2_1: 1.0431029442968702
g_2_2: 1.1318503213055577
g_2_3: 1.0431029443000146
g_2_4: 1.1318503210196698
Parameters from last iteration: [0.18085513 0.72395269 0.18629844 0.73747378 0.19694196 0.73747378
 0.19694196]

Parameters from current iteration:
                [0.18085513 0.72395269 0.18629844 0.73747378 0.19694196 0.73747378
 0.19694196]


                Percentage Error = 7.380649228824459e-13
                
year done: 145
Time 146: 2
Optimization Iteration[1/20000]

Solving the optimization problem...
Set parameter TokenServer to value "licenses.rcc.uchicago.edu"
Read LP format model from file /scratch/local/jobs/50183995/tmpxj_pgb7u.pyomo.lp
Reading time = 1.33 seconds
x1: 258121 rows, 502401 columns, 1259970 nonzeros
Set parameter Threads to value 8
Set parameter BarConvTol to value 1e-12
Gurobi Optimizer version 11.0.0 build v11.0.0rc2 (linux64 - "CentOS Linux 8")

CPU model: Intel(R) Xeon(R) Gold 6248R CPU @ 3.00GHz, instruction set [SSE2|AVX|AVX2|AVX512]
Thread count: 48 physical cores, 48 logical processors, using up to 8 threads

Optimize a model with 258121 rows, 502401 columns and 1259970 nonzeros
Model fingerprint: 0xef3f459e
Model has 3166 quadratic objective terms
Coefficient statistics:
  Matrix range     [1e+00, 1e+03]
  Objective range  [6e-08, 7e+01]
  QObjective range [4e-01, 3e+03]
  Bounds range     [3e-04, 1e+00]
  RHS range        [8e-17, 6e+00]
Presolve removed 131482 rows and 128814 columns
Presolve time: 0.54s
Presolved: 126639 rows, 373587 columns, 743930 nonzeros
Presolved model has 3166 quadratic objective terms
Ordering time: 0.16s

Barrier statistics:
 AA' NZ     : 3.709e+05
 Factor NZ  : 4.212e+06 (roughly 240 MB of memory)
 Factor Ops : 3.974e+08 (less than 1 second per iteration)
 Threads    : 8

                  Objective                Residual
Iter       Primal          Dual         Primal    Dual     Compl     Time
   0  -1.08208243e+09  8.62426925e+08  7.80e+04 1.13e-13  1.00e+06     1s
   1  -6.18909580e+08  5.71190884e+08  1.71e+04 1.38e+02  2.40e+05     1s
   2  -3.11035477e+08  3.11021848e+08  2.28e+02 1.12e+00  4.48e+03     1s
   3  -7.31788343e+07  7.38397132e+07  1.92e+00 1.90e-12  3.19e+02     1s
   4  -1.39340231e+07  1.46173253e+07  1.62e-01 4.86e-12  5.90e+01     1s
   5  -2.55218687e+06  2.82756839e+06  1.24e-02 1.40e-12  1.09e+01     1s
   6  -3.71998901e+05  4.27120975e+05  1.24e-08 1.04e-12  1.61e+00     2s
   7  -5.57164314e+04  7.01839599e+04  1.57e-13 9.66e-13  2.53e-01     2s
   8  -8.40131879e+03  1.00455419e+04  4.57e-14 2.15e-13  3.71e-02     2s
   9  -1.34546385e+03  1.65065181e+03  2.17e-14 5.06e-14  6.03e-03     2s
  10  -2.20474131e+02  2.07286636e+02  5.77e-15 4.26e-14  8.61e-04     2s
  11  -4.89053543e+01  3.18059044e+01  2.99e-15 1.64e-14  1.62e-04     2s
  12  -8.19436516e+00  5.64237674e+00  8.48e-16 1.42e-14  2.78e-05     2s
  13  -8.48516864e-01  9.79160326e-01  3.03e-16 2.13e-14  3.68e-06     2s
  14   2.50238279e-01  6.97442882e-01  3.63e-16 1.42e-14  9.00e-07     3s
  15   4.70515041e-01  6.49060585e-01  2.15e-16 2.84e-14  3.59e-07     3s
  16   5.51814758e-01  6.17506100e-01  1.12e-16 1.42e-14  1.32e-07     3s
  17   5.72021163e-01  6.09570440e-01  6.14e-17 1.42e-14  7.55e-08     3s
  18   5.90250233e-01  6.02865617e-01  1.12e-16 1.42e-14  2.54e-08     3s
  19   5.96408372e-01  6.00612175e-01  1.05e-16 1.42e-14  8.46e-09     3s
  20   5.98935154e-01  5.99711322e-01  6.55e-17 1.42e-14  1.56e-09     3s
  21   5.99425336e-01  5.99537706e-01  1.70e-16 1.42e-14  2.26e-10     3s
  22   5.99500279e-01  5.99511197e-01  1.26e-16 1.42e-14  2.20e-11     3s
  23   5.99508220e-01  5.99508390e-01  2.95e-16 1.42e-14  3.41e-13     3s
  24   5.99508322e-01  5.99508354e-01  2.79e-15 2.84e-14  6.42e-14     3s
  25   5.99508339e-01  5.99508348e-01  5.35e-15 1.42e-14  1.70e-14     3s
  26   5.99508344e-01  5.99508346e-01  2.67e-15 1.42e-14  4.27e-15     4s
  27   5.99508345e-01  5.99508345e-01  1.61e-15 1.42e-14  1.11e-15     4s
  28   5.99508345e-01  5.99508345e-01  1.00e-15 1.42e-14  4.46e-16     4s
  29   5.99508345e-01  5.99508345e-01  9.36e-16 1.42e-14  4.24e-16     4s
  30   5.99508345e-01  5.99508345e-01  8.85e-16 1.07e-14  2.53e-16     4s
  31   5.99508345e-01  5.99508345e-01  5.07e-16 1.42e-14  1.49e-16     4s
  32   5.99508345e-01  5.99508345e-01  3.50e-16 1.42e-14  9.12e-17     4s

Barrier solved model in 32 iterations and 4.05 seconds (3.82 work units)
Optimal objective 5.99508345e-01

objective value: 0.5995083452639139
Done! Time elapsed: 24.194846630096436 seconds.
g_0_1: 1.0393972933993132
g_1_1: 1.0239783492137995
g_1_2: 1.0706807116183763
g_2_1: 1.043102944296725
g_2_2: 1.131850321307469
g_2_3: 1.0431029442998965
g_2_4: 1.131850321019821
Parameters from last iteration: [0.18085513 0.72395269 0.18629844 0.73747378 0.19694196 0.73747378
 0.19694196]

Parameters from current iteration:
                [0.18085513 0.72395269 0.18629844 0.73747378 0.19694196 0.73747378
 0.19694196]


                Percentage Error = 1.68865646476685e-12
                
year done: 146
Time 147: 2
Optimization Iteration[1/20000]

Solving the optimization problem...
Set parameter TokenServer to value "licenses.rcc.uchicago.edu"
Read LP format model from file /scratch/local/jobs/50183995/tmpwimgoh2m.pyomo.lp
Reading time = 1.33 seconds
x1: 258121 rows, 502401 columns, 1259970 nonzeros
Set parameter Threads to value 8
Set parameter BarConvTol to value 1e-12
Gurobi Optimizer version 11.0.0 build v11.0.0rc2 (linux64 - "CentOS Linux 8")

CPU model: Intel(R) Xeon(R) Gold 6248R CPU @ 3.00GHz, instruction set [SSE2|AVX|AVX2|AVX512]
Thread count: 48 physical cores, 48 logical processors, using up to 8 threads

Optimize a model with 258121 rows, 502401 columns and 1259970 nonzeros
Model fingerprint: 0x56ce8e10
Model has 3166 quadratic objective terms
Coefficient statistics:
  Matrix range     [1e+00, 1e+03]
  Objective range  [6e-08, 7e+01]
  QObjective range [4e-01, 3e+03]
  Bounds range     [3e-04, 1e+00]
  RHS range        [8e-17, 6e+00]
Presolve removed 131482 rows and 128814 columns
Presolve time: 0.54s
Presolved: 126639 rows, 373587 columns, 743930 nonzeros
Presolved model has 3166 quadratic objective terms
Ordering time: 0.16s

Barrier statistics:
 AA' NZ     : 3.709e+05
 Factor NZ  : 4.212e+06 (roughly 240 MB of memory)
 Factor Ops : 3.974e+08 (less than 1 second per iteration)
 Threads    : 8

                  Objective                Residual
Iter       Primal          Dual         Primal    Dual     Compl     Time
   0  -1.08208243e+09  8.62426925e+08  7.80e+04 1.12e-13  1.00e+06     1s
   1  -6.18909580e+08  5.71190884e+08  1.71e+04 1.38e+02  2.40e+05     1s
   2  -3.11035477e+08  3.11021848e+08  2.28e+02 1.12e+00  4.48e+03     1s
   3  -7.31788343e+07  7.38397132e+07  1.92e+00 1.69e-12  3.19e+02     1s
   4  -1.39340231e+07  1.46173253e+07  1.62e-01 4.21e-12  5.90e+01     1s
   5  -2.55218687e+06  2.82756839e+06  1.24e-02 1.22e-12  1.09e+01     1s
   6  -3.71998902e+05  4.27120975e+05  1.24e-08 8.93e-13  1.61e+00     2s
   7  -5.57164318e+04  7.01839594e+04  1.47e-13 6.71e-13  2.53e-01     2s
   8  -8.40131923e+03  1.00455415e+04  4.99e-14 2.31e-13  3.71e-02     2s
   9  -1.34546428e+03  1.65065138e+03  2.03e-14 2.95e-14  6.03e-03     2s
  10  -2.20474566e+02  2.07286201e+02  1.30e-14 2.84e-14  8.61e-04     2s
  11  -4.89057893e+01  3.18054695e+01  4.08e-15 2.13e-14  1.62e-04     2s
  12  -8.19480010e+00  5.64194180e+00  1.19e-15 1.42e-14  2.78e-05     2s
  13  -8.48951807e-01  9.78725383e-01  4.30e-16 2.84e-14  3.68e-06     2s
  14   2.49803337e-01  6.97007939e-01  6.90e-16 1.42e-14  9.00e-07     3s
  15   4.70080099e-01  6.48625642e-01  1.61e-16 1.42e-14  3.59e-07     3s
  16   5.51379815e-01  6.17071157e-01  6.18e-17 1.42e-14  1.32e-07     3s
  17   5.71586220e-01  6.09135498e-01  8.77e-17 2.13e-14  7.55e-08     3s
  18   5.89815290e-01  6.02430675e-01  4.63e-17 1.42e-14  2.54e-08     3s
  19   5.95973429e-01  6.00177232e-01  1.83e-16 2.13e-14  8.46e-09     3s
  20   5.98500212e-01  5.99276379e-01  1.69e-16 1.42e-14  1.56e-09     3s
  21   5.98990393e-01  5.99102763e-01  9.87e-17 1.42e-14  2.26e-10     3s
  22   5.99065337e-01  5.99076255e-01  9.57e-17 2.84e-14  2.20e-11     3s
  23   5.99073277e-01  5.99073447e-01  3.94e-16 1.42e-14  3.41e-13     3s
  24   5.99073379e-01  5.99073411e-01  2.79e-15 1.42e-14  6.40e-14     3s
  25   5.99073396e-01  5.99073405e-01  5.30e-15 1.42e-14  1.70e-14     3s
  26   5.99073401e-01  5.99073403e-01  2.55e-15 1.42e-14  4.26e-15     4s
  27   5.99073402e-01  5.99073403e-01  1.63e-15 2.13e-14  1.11e-15     4s
  28   5.99073403e-01  5.99073403e-01  9.73e-16 1.42e-14  4.45e-16     4s
  29   5.99073403e-01  5.99073403e-01  8.17e-16 1.42e-14  4.22e-16     4s
  30   5.99073403e-01  5.99073403e-01  7.57e-16 1.42e-14  2.51e-16     4s
  31   5.99073403e-01  5.99073403e-01  4.69e-16 1.42e-14  1.47e-16     4s
  32   5.99073403e-01  5.99073403e-01  2.84e-16 1.42e-14  9.23e-17     4s

Barrier solved model in 32 iterations and 4.07 seconds (3.82 work units)
Optimal objective 5.99073403e-01

objective value: 0.5990734026507337
Done! Time elapsed: 25.73765778541565 seconds.
g_0_1: 1.0393972934000466
g_1_1: 1.0239783492134478
g_1_2: 1.0706807116188237
g_2_1: 1.0431029442964614
g_2_2: 1.1318503213111166
g_2_3: 1.0431029442996718
g_2_4: 1.131850321020093
Parameters from last iteration: [0.18085513 0.72395269 0.18629844 0.73747378 0.19694196 0.73747378
 0.19694196]

Parameters from current iteration:
                [0.18085513 0.72395269 0.18629844 0.73747378 0.19694196 0.73747378
 0.19694196]


                Percentage Error = 3.2227096794991116e-12
                
year done: 147
Time 148: 2
Optimization Iteration[1/20000]

Solving the optimization problem...
Set parameter TokenServer to value "licenses.rcc.uchicago.edu"
Read LP format model from file /scratch/local/jobs/50183995/tmpwhs7ymum.pyomo.lp
Reading time = 1.33 seconds
x1: 258121 rows, 502401 columns, 1259970 nonzeros
Set parameter Threads to value 8
Set parameter BarConvTol to value 1e-12
Gurobi Optimizer version 11.0.0 build v11.0.0rc2 (linux64 - "CentOS Linux 8")

CPU model: Intel(R) Xeon(R) Gold 6248R CPU @ 3.00GHz, instruction set [SSE2|AVX|AVX2|AVX512]
Thread count: 48 physical cores, 48 logical processors, using up to 8 threads

Optimize a model with 258121 rows, 502401 columns and 1259970 nonzeros
Model fingerprint: 0xb6e56e88
Model has 3166 quadratic objective terms
Coefficient statistics:
  Matrix range     [1e+00, 1e+03]
  Objective range  [6e-08, 7e+01]
  QObjective range [4e-01, 3e+03]
  Bounds range     [3e-04, 1e+00]
  RHS range        [9e-17, 6e+00]
Presolve removed 131482 rows and 128814 columns
Presolve time: 0.55s
Presolved: 126639 rows, 373587 columns, 743930 nonzeros
Presolved model has 3166 quadratic objective terms
Ordering time: 0.16s

Barrier statistics:
 AA' NZ     : 3.709e+05
 Factor NZ  : 4.212e+06 (roughly 240 MB of memory)
 Factor Ops : 3.974e+08 (less than 1 second per iteration)
 Threads    : 8

                  Objective                Residual
Iter       Primal          Dual         Primal    Dual     Compl     Time
   0  -1.08208243e+09  8.62426925e+08  7.80e+04 1.14e-13  1.00e+06     1s
   1  -6.18909580e+08  5.71190884e+08  1.71e+04 1.38e+02  2.40e+05     1s
   2  -3.11035477e+08  3.11021848e+08  2.28e+02 1.12e+00  4.48e+03     1s
   3  -7.31788343e+07  7.38397132e+07  1.92e+00 1.59e-12  3.19e+02     1s
   4  -1.39340231e+07  1.46173253e+07  1.62e-01 4.85e-12  5.90e+01     1s
   5  -2.55218687e+06  2.82756839e+06  1.24e-02 1.23e-12  1.09e+01     1s
   6  -3.71998902e+05  4.27120974e+05  1.24e-08 9.62e-13  1.61e+00     2s
   7  -5.57164322e+04  7.01839590e+04  1.86e-13 6.96e-13  2.53e-01     2s
   8  -8.40131964e+03  1.00455411e+04  5.98e-14 1.88e-13  3.71e-02     2s
   9  -1.34546470e+03  1.65065096e+03  2.26e-14 4.26e-14  6.03e-03     2s
  10  -2.20474981e+02  2.07285786e+02  9.47e-15 2.84e-14  8.61e-04     2s
  11  -4.89062046e+01  3.18050541e+01  2.35e-15 1.42e-14  1.62e-04     2s
  12  -8.19521547e+00  5.64152643e+00  1.35e-15 2.13e-14  2.78e-05     2s
  13  -8.49367174e-01  9.78310016e-01  4.69e-16 1.42e-14  3.68e-06     2s
  14   2.49387970e-01  6.96592572e-01  4.40e-16 1.42e-14  9.00e-07     3s
  15   4.69664732e-01  6.48210275e-01  1.98e-16 1.42e-14  3.59e-07     3s
  16   5.50964449e-01  6.16655790e-01  7.34e-17 1.42e-14  1.32e-07     3s
  17   5.71170853e-01  6.08720131e-01  9.53e-17 4.26e-14  7.55e-08     3s
  18   5.89399923e-01  6.02015308e-01  5.97e-17 1.42e-14  2.54e-08     3s
  19   5.95558062e-01  5.99761865e-01  4.59e-17 1.42e-14  8.46e-09     3s
  20   5.98084845e-01  5.98861012e-01  1.33e-16 2.84e-14  1.56e-09     3s
  21   5.98575026e-01  5.98687396e-01  6.02e-17 1.42e-14  2.26e-10     3s
  22   5.98649970e-01  5.98660888e-01  9.64e-17 1.42e-14  2.20e-11     3s
  23   5.98657910e-01  5.98658080e-01  3.89e-16 1.42e-14  3.41e-13     3s
  24   5.98658012e-01  5.98658044e-01  3.08e-15 1.42e-14  6.38e-14     3s
  25   5.98658029e-01  5.98658038e-01  5.27e-15 2.84e-14  1.70e-14     3s
  26   5.98658034e-01  5.98658036e-01  2.93e-15 1.42e-14  4.24e-15     4s
  27   5.98658035e-01  5.98658036e-01  1.49e-15 1.42e-14  1.10e-15     4s
  28   5.98658036e-01  5.98658036e-01  9.47e-16 1.42e-14  4.44e-16     4s
  29   5.98658036e-01  5.98658036e-01  8.69e-16 1.42e-14  4.20e-16     4s
  30   5.98658036e-01  5.98658036e-01  9.50e-16 1.42e-14  2.49e-16     4s
  31   5.98658036e-01  5.98658036e-01  6.11e-16 1.42e-14  1.44e-16     4s
  32   5.98658036e-01  5.98658036e-01  3.20e-16 1.42e-14  9.36e-17     4s

Barrier solved model in 32 iterations and 4.07 seconds (3.82 work units)
Optimal objective 5.98658036e-01

objective value: 0.5986580356796898
Done! Time elapsed: 24.276681184768677 seconds.
g_0_1: 1.0393972934009563
g_1_1: 1.0239783492129988
g_1_2: 1.0706807116193855
g_2_1: 1.0431029442961426
g_2_2: 1.1318503213156366
g_2_3: 1.043102944299391
g_2_4: 1.1318503210204358
Parameters from last iteration: [0.18085513 0.72395269 0.18629844 0.73747378 0.19694196 0.73747378
 0.19694196]

Parameters from current iteration:
                [0.18085513 0.72395269 0.18629844 0.73747378 0.19694196 0.73747378
 0.19694196]


                Percentage Error = 3.9933300725199214e-12
                
year done: 148
Time 149: 2
Optimization Iteration[1/20000]

Solving the optimization problem...
Set parameter TokenServer to value "licenses.rcc.uchicago.edu"
Read LP format model from file /scratch/local/jobs/50183995/tmph0bjqczw.pyomo.lp
Reading time = 1.34 seconds
x1: 258121 rows, 502401 columns, 1259970 nonzeros
Set parameter Threads to value 8
Set parameter BarConvTol to value 1e-12
Gurobi Optimizer version 11.0.0 build v11.0.0rc2 (linux64 - "CentOS Linux 8")

CPU model: Intel(R) Xeon(R) Gold 6248R CPU @ 3.00GHz, instruction set [SSE2|AVX|AVX2|AVX512]
Thread count: 48 physical cores, 48 logical processors, using up to 8 threads

Optimize a model with 258121 rows, 502401 columns and 1259970 nonzeros
Model fingerprint: 0xf279c664
Model has 3166 quadratic objective terms
Coefficient statistics:
  Matrix range     [1e+00, 1e+03]
  Objective range  [6e-08, 7e+01]
  QObjective range [4e-01, 3e+03]
  Bounds range     [3e-04, 1e+00]
  RHS range        [9e-17, 6e+00]
Presolve removed 131482 rows and 128814 columns
Presolve time: 0.55s
Presolved: 126639 rows, 373587 columns, 743930 nonzeros
Presolved model has 3166 quadratic objective terms
Ordering time: 0.16s

Barrier statistics:
 AA' NZ     : 3.709e+05
 Factor NZ  : 4.212e+06 (roughly 240 MB of memory)
 Factor Ops : 3.974e+08 (less than 1 second per iteration)
 Threads    : 8

                  Objective                Residual
Iter       Primal          Dual         Primal    Dual     Compl     Time
   0  -1.08208243e+09  8.62426925e+08  7.80e+04 1.14e-13  1.00e+06     1s
   1  -6.18909580e+08  5.71190884e+08  1.71e+04 1.38e+02  2.40e+05     1s
   2  -3.11035477e+08  3.11021848e+08  2.28e+02 1.12e+00  4.48e+03     1s
   3  -7.31788343e+07  7.38397132e+07  1.92e+00 1.65e-12  3.19e+02     1s
   4  -1.39340231e+07  1.46173253e+07  1.62e-01 5.28e-12  5.90e+01     1s
   5  -2.55218687e+06  2.82756839e+06  1.24e-02 1.30e-12  1.09e+01     1s
   6  -3.71998902e+05  4.27120974e+05  1.24e-08 7.95e-13  1.61e+00     2s
   7  -5.57164326e+04  7.01839586e+04  1.46e-13 6.57e-13  2.53e-01     2s
   8  -8.40132004e+03  1.00455407e+04  5.81e-14 2.10e-13  3.71e-02     2s
   9  -1.34546509e+03  1.65065057e+03  2.30e-14 2.86e-14  6.03e-03     2s
  10  -2.20475378e+02  2.07285389e+02  9.48e-15 2.84e-14  8.61e-04     2s
  11  -4.89066013e+01  3.18046574e+01  2.66e-15 2.84e-14  1.62e-04     2s
  12  -8.19561214e+00  5.64112976e+00  1.08e-15 1.42e-14  2.78e-05     2s
  13  -8.49763846e-01  9.77913344e-01  3.98e-16 2.13e-14  3.68e-06     2s
  14   2.48991297e-01  6.96195900e-01  4.26e-16 2.13e-14  9.00e-07     3s
  15   4.69268059e-01  6.47813603e-01  1.67e-16 1.42e-14  3.59e-07     3s
  16   5.50567776e-01  6.16259118e-01  8.36e-17 1.42e-14  1.32e-07     3s
  17   5.70774181e-01  6.08323458e-01  4.46e-17 1.42e-14  7.55e-08     3s
  18   5.89003251e-01  6.01618635e-01  9.60e-17 1.42e-14  2.54e-08     3s
  19   5.95161390e-01  5.99365193e-01  1.72e-16 2.84e-14  8.46e-09     3s
  20   5.97688172e-01  5.98464340e-01  7.27e-17 1.42e-14  1.56e-09     3s
  21   5.98178354e-01  5.98290724e-01  6.13e-17 1.42e-14  2.26e-10     3s
  22   5.98253297e-01  5.98264215e-01  1.02e-16 1.42e-14  2.20e-11     3s
  23   5.98261238e-01  5.98261408e-01  3.15e-16 1.42e-14  3.41e-13     3s
  24   5.98261340e-01  5.98261372e-01  2.85e-15 1.42e-14  6.37e-14     3s
  25   5.98261357e-01  5.98261366e-01  5.89e-15 2.84e-14  1.69e-14     3s
  26   5.98261362e-01  5.98261364e-01  2.49e-15 1.51e-14  4.23e-15     4s
  27   5.98261363e-01  5.98261363e-01  1.64e-15 1.42e-14  1.10e-15     4s
  28   5.98261363e-01  5.98261363e-01  9.95e-16 1.42e-14  4.43e-16     4s
  29   5.98261363e-01  5.98261363e-01  8.42e-16 1.42e-14  4.17e-16     4s
  30   5.98261363e-01  5.98261363e-01  9.00e-16 1.42e-14  2.47e-16     4s
  31   5.98261363e-01  5.98261363e-01  5.33e-16 7.11e-15  1.41e-16     4s
  32   5.98261363e-01  5.98261363e-01  3.60e-16 1.42e-14  9.62e-17     4s

Barrier solved model in 32 iterations and 4.09 seconds (3.82 work units)
Optimal objective 5.98261363e-01

objective value: 0.5982613633013794
Done! Time elapsed: 24.3267080783844 seconds.
g_0_1: 1.0393972934027451
g_1_1: 1.0239783492121313
g_1_2: 1.0706807116204802
g_2_1: 1.0431029442954989
g_2_2: 1.1318503213245374
g_2_3: 1.0431029442988407
g_2_4: 1.1318503210211022
Parameters from last iteration: [0.18085513 0.72395269 0.18629844 0.73747378 0.19694196 0.73747378
 0.19694196]

Parameters from current iteration:
                [0.18085513 0.72395269 0.18629844 0.73747378 0.19694196 0.73747378
 0.19694196]


                Percentage Error = 7.864048634047001e-12
                
year done: 149
Time 150: 2
Optimization Iteration[1/20000]

Solving the optimization problem...
Set parameter TokenServer to value "licenses.rcc.uchicago.edu"
Read LP format model from file /scratch/local/jobs/50183995/tmplxeu205r.pyomo.lp
Reading time = 1.34 seconds
x1: 258121 rows, 502401 columns, 1259970 nonzeros
Set parameter Threads to value 8
Set parameter BarConvTol to value 1e-12
Gurobi Optimizer version 11.0.0 build v11.0.0rc2 (linux64 - "CentOS Linux 8")

CPU model: Intel(R) Xeon(R) Gold 6248R CPU @ 3.00GHz, instruction set [SSE2|AVX|AVX2|AVX512]
Thread count: 48 physical cores, 48 logical processors, using up to 8 threads

Optimize a model with 258121 rows, 502401 columns and 1259970 nonzeros
Model fingerprint: 0x2dc24b53
Model has 3166 quadratic objective terms
Coefficient statistics:
  Matrix range     [1e+00, 1e+03]
  Objective range  [6e-08, 7e+01]
  QObjective range [4e-01, 3e+03]
  Bounds range     [3e-04, 1e+00]
  RHS range        [9e-17, 6e+00]
Presolve removed 131482 rows and 128814 columns
Presolve time: 0.56s
Presolved: 126639 rows, 373587 columns, 743930 nonzeros
Presolved model has 3166 quadratic objective terms
Ordering time: 0.16s

Barrier statistics:
 AA' NZ     : 3.709e+05
 Factor NZ  : 4.212e+06 (roughly 240 MB of memory)
 Factor Ops : 3.974e+08 (less than 1 second per iteration)
 Threads    : 8

                  Objective                Residual
Iter       Primal          Dual         Primal    Dual     Compl     Time
   0  -1.08208243e+09  8.62426925e+08  7.80e+04 1.14e-13  1.00e+06     1s
   1  -6.18909580e+08  5.71190884e+08  1.71e+04 1.38e+02  2.40e+05     1s
   2  -3.11035477e+08  3.11021848e+08  2.28e+02 1.12e+00  4.48e+03     1s
   3  -7.31788343e+07  7.38397132e+07  1.92e+00 1.86e-12  3.19e+02     1s
   4  -1.39340231e+07  1.46173253e+07  1.62e-01 7.19e-12  5.90e+01     1s
   5  -2.55218687e+06  2.82756839e+06  1.24e-02 1.25e-12  1.09e+01     2s
   6  -3.71998903e+05  4.27120974e+05  1.24e-08 2.38e-12  1.61e+00     2s
   7  -5.57164330e+04  7.01839583e+04  1.46e-13 5.70e-13  2.53e-01     2s
   8  -8.40132042e+03  1.00455403e+04  4.99e-14 2.29e-13  3.71e-02     2s
   9  -1.34546547e+03  1.65065019e+03  1.91e-14 4.26e-14  6.03e-03     2s
  10  -2.20475757e+02  2.07285010e+02  9.45e-15 2.84e-14  8.61e-04     2s
  11  -4.89069801e+01  3.18042786e+01  2.11e-15 4.26e-14  1.62e-04     2s
  12  -8.19599096e+00  5.64075094e+00  1.15e-15 1.42e-14  2.78e-05     2s
  13  -8.50142665e-01  9.77534525e-01  4.60e-16 1.42e-14  3.68e-06     2s
  14   2.48612478e-01  6.95817081e-01  4.42e-16 1.42e-14  9.00e-07     3s
  15   4.68889240e-01  6.47434784e-01  1.26e-16 2.13e-14  3.59e-07     3s
  16   5.50188957e-01  6.15880298e-01  6.62e-17 2.84e-14  1.32e-07     3s
  17   5.70395362e-01  6.07944639e-01  4.19e-17 2.13e-14  7.55e-08     3s
  18   5.88624432e-01  6.01239816e-01  5.48e-17 1.42e-14  2.54e-08     3s
  19   5.94782571e-01  5.98986374e-01  1.58e-16 1.42e-14  8.46e-09     3s
  20   5.97309353e-01  5.98085520e-01  6.53e-17 2.13e-14  1.56e-09     3s
  21   5.97799535e-01  5.97911905e-01  6.00e-17 1.42e-14  2.26e-10     3s
  22   5.97874478e-01  5.97885396e-01  1.05e-16 1.42e-14  2.20e-11     3s
  23   5.97882419e-01  5.97882588e-01  3.58e-16 1.42e-14  3.41e-13     3s
  24   5.97882521e-01  5.97882552e-01  2.98e-15 1.42e-14  6.35e-14     4s
  25   5.97882538e-01  5.97882546e-01  6.57e-15 1.82e-14  1.69e-14     4s
  26   5.97882543e-01  5.97882545e-01  2.34e-15 1.42e-14  4.22e-15     4s
  27   5.97882544e-01  5.97882544e-01  1.47e-15 1.42e-14  1.10e-15     4s
  28   5.97882544e-01  5.97882544e-01  1.00e-15 8.44e-15  4.42e-16     4s
  29   5.97882544e-01  5.97882544e-01  8.93e-16 1.42e-14  4.14e-16     4s
  30   5.97882544e-01  5.97882544e-01  7.60e-16 1.42e-14  2.45e-16     4s
  31   5.97882544e-01  5.97882544e-01  4.82e-16 1.42e-14  1.38e-16     4s
  32   5.97882544e-01  5.97882544e-01  2.82e-16 1.42e-14  9.87e-17     4s

Barrier solved model in 32 iterations and 4.20 seconds (3.82 work units)
Optimal objective 5.97882544e-01

objective value: 0.5978825441210044
Done! Time elapsed: 24.340287685394287 seconds.
g_0_1: 1.039397293404472
g_1_1: 1.0239783492112986
g_1_2: 1.0706807116215344
g_2_1: 1.0431029442948732
g_2_2: 1.1318503213330786
g_2_3: 1.0431029442983106
g_2_4: 1.13185032102175
Parameters from last iteration: [0.18085513 0.72395269 0.18629844 0.73747378 0.19694196 0.73747378
 0.19694196]

Parameters from current iteration:
                [0.18085513 0.72395269 0.18629844 0.73747378 0.19694196 0.73747378
 0.19694196]


                Percentage Error = 7.54624523488773e-12
                
year done: 150
Time 151: 2
Optimization Iteration[1/20000]

Solving the optimization problem...
Set parameter TokenServer to value "licenses.rcc.uchicago.edu"
Read LP format model from file /scratch/local/jobs/50183995/tmp1d2qowic.pyomo.lp
Reading time = 1.34 seconds
x1: 258121 rows, 502401 columns, 1259970 nonzeros
Set parameter Threads to value 8
Set parameter BarConvTol to value 1e-12
Gurobi Optimizer version 11.0.0 build v11.0.0rc2 (linux64 - "CentOS Linux 8")

CPU model: Intel(R) Xeon(R) Gold 6248R CPU @ 3.00GHz, instruction set [SSE2|AVX|AVX2|AVX512]
Thread count: 48 physical cores, 48 logical processors, using up to 8 threads

Optimize a model with 258121 rows, 502401 columns and 1259970 nonzeros
Model fingerprint: 0x697806fe
Model has 3166 quadratic objective terms
Coefficient statistics:
  Matrix range     [1e+00, 1e+03]
  Objective range  [6e-08, 7e+01]
  QObjective range [4e-01, 3e+03]
  Bounds range     [3e-04, 1e+00]
  RHS range        [9e-17, 6e+00]
Presolve removed 131482 rows and 128814 columns
Presolve time: 0.56s
Presolved: 126639 rows, 373587 columns, 743930 nonzeros
Presolved model has 3166 quadratic objective terms
Ordering time: 0.16s

Barrier statistics:
 AA' NZ     : 3.709e+05
 Factor NZ  : 4.212e+06 (roughly 240 MB of memory)
 Factor Ops : 3.974e+08 (less than 1 second per iteration)
 Threads    : 8

                  Objective                Residual
Iter       Primal          Dual         Primal    Dual     Compl     Time
   0  -1.08208243e+09  8.62426925e+08  7.80e+04 1.14e-13  1.00e+06     1s
   1  -6.18909580e+08  5.71190884e+08  1.71e+04 1.38e+02  2.40e+05     1s
   2  -3.11035477e+08  3.11021848e+08  2.28e+02 1.12e+00  4.48e+03     1s
   3  -7.31788343e+07  7.38397132e+07  1.92e+00 1.84e-12  3.19e+02     1s
   4  -1.39340231e+07  1.46173253e+07  1.62e-01 4.52e-12  5.90e+01     1s
   5  -2.55218687e+06  2.82756839e+06  1.24e-02 1.24e-12  1.09e+01     2s
   6  -3.71998903e+05  4.27120973e+05  1.24e-08 9.60e-13  1.61e+00     2s
   7  -5.57164333e+04  7.01839579e+04  1.74e-13 7.00e-13  2.53e-01     2s
   8  -8.40132078e+03  1.00455399e+04  4.90e-14 2.25e-13  3.71e-02     2s
   9  -1.34546583e+03  1.65064982e+03  2.09e-14 3.51e-14  6.03e-03     2s
  10  -2.20476119e+02  2.07284648e+02  1.04e-14 2.13e-14  8.61e-04     2s
  11  -4.89073419e+01  3.18039168e+01  2.17e-15 2.84e-14  1.62e-04     2s
  12  -8.19635273e+00  5.64038917e+00  1.16e-15 2.13e-14  2.78e-05     2s
  13  -8.50504435e-01  9.77172755e-01  3.81e-16 2.13e-14  3.68e-06     2s
  14   2.48250708e-01  6.95455311e-01  4.14e-16 1.42e-14  9.00e-07     3s
  15   4.68527471e-01  6.47073014e-01  2.01e-16 2.84e-14  3.59e-07     3s
  16   5.49827187e-01  6.15518529e-01  6.90e-17 1.42e-14  1.32e-07     3s
  17   5.70033592e-01  6.07582869e-01  6.46e-17 2.84e-14  7.55e-08     3s
  18   5.88262662e-01  6.00878047e-01  5.77e-17 1.42e-14  2.54e-08     3s
  19   5.94420801e-01  5.98624604e-01  7.24e-17 1.42e-14  8.46e-09     3s
  20   5.96947584e-01  5.97723751e-01  5.78e-17 1.42e-14  1.56e-09     3s
  21   5.97437765e-01  5.97550135e-01  1.11e-16 1.42e-14  2.26e-10     3s
  22   5.97512709e-01  5.97523627e-01  7.89e-17 1.42e-14  2.20e-11     3s
  23   5.97520649e-01  5.97520819e-01  2.95e-16 1.69e-14  3.41e-13     3s
  24   5.97520751e-01  5.97520783e-01  3.41e-15 1.42e-14  6.34e-14     3s
  25   5.97520768e-01  5.97520777e-01  6.48e-15 1.42e-14  1.68e-14     4s
  26   5.97520773e-01  5.97520775e-01  2.57e-15 1.42e-14  4.21e-15     4s
  27   5.97520774e-01  5.97520775e-01  1.76e-15 1.42e-14  1.10e-15     4s
  28   5.97520774e-01  5.97520775e-01  8.99e-16 1.42e-14  4.41e-16     4s
  29   5.97520774e-01  5.97520775e-01  8.03e-16 2.13e-14  4.12e-16     4s
  30   5.97520775e-01  5.97520775e-01  8.21e-16 1.42e-14  2.42e-16     4s
  31   5.97520775e-01  5.97520775e-01  4.87e-16 2.84e-14  1.35e-16     4s
  32   5.97520775e-01  5.97520775e-01  2.71e-16 2.13e-14  1.01e-16     4s
  33   5.97520775e-01  5.97520775e-01  2.38e-16 1.42e-14  4.54e-17     4s

Barrier solved model in 33 iterations and 4.29 seconds (3.90 work units)
Optimal objective 5.97520775e-01

objective value: 0.5975207746325304
Done! Time elapsed: 24.39756989479065 seconds.
g_0_1: 1.0393972933680473
g_1_1: 1.0239783492290275
g_1_2: 1.0706807115993018
g_2_1: 1.043102944307938
g_2_2: 1.1318503211516935
g_2_3: 1.043102944309509
g_2_4: 1.131850321008205
Parameters from last iteration: [0.18085513 0.72395269 0.18629844 0.73747378 0.19694196 0.73747378
 0.19694196]

Parameters from current iteration:
                [0.18085513 0.72395269 0.18629844 0.73747378 0.19694196 0.73747378
 0.19694196]


                Percentage Error = 1.6025549974782878e-10
                
year done: 151
Time 152: 2
Optimization Iteration[1/20000]

Solving the optimization problem...
Set parameter TokenServer to value "licenses.rcc.uchicago.edu"
Read LP format model from file /scratch/local/jobs/50183995/tmpjevabkxe.pyomo.lp
Reading time = 1.34 seconds
x1: 258121 rows, 502401 columns, 1259970 nonzeros
Set parameter Threads to value 8
Set parameter BarConvTol to value 1e-12
Gurobi Optimizer version 11.0.0 build v11.0.0rc2 (linux64 - "CentOS Linux 8")

CPU model: Intel(R) Xeon(R) Gold 6248R CPU @ 3.00GHz, instruction set [SSE2|AVX|AVX2|AVX512]
Thread count: 48 physical cores, 48 logical processors, using up to 8 threads

Optimize a model with 258121 rows, 502401 columns and 1259970 nonzeros
Model fingerprint: 0xef805b53
Model has 3166 quadratic objective terms
Coefficient statistics:
  Matrix range     [1e+00, 1e+03]
  Objective range  [6e-08, 7e+01]
  QObjective range [4e-01, 3e+03]
  Bounds range     [3e-04, 1e+00]
  RHS range        [8e-17, 6e+00]
Presolve removed 131482 rows and 128814 columns
Presolve time: 0.57s
Presolved: 126639 rows, 373587 columns, 743930 nonzeros
Presolved model has 3166 quadratic objective terms
Ordering time: 0.16s

Barrier statistics:
 AA' NZ     : 3.709e+05
 Factor NZ  : 4.212e+06 (roughly 240 MB of memory)
 Factor Ops : 3.974e+08 (less than 1 second per iteration)
 Threads    : 8

                  Objective                Residual
Iter       Primal          Dual         Primal    Dual     Compl     Time
   0  -1.08208243e+09  8.62426925e+08  7.80e+04 1.13e-13  1.00e+06     1s
   1  -6.18909580e+08  5.71190884e+08  1.71e+04 1.38e+02  2.40e+05     1s
   2  -3.11035477e+08  3.11021848e+08  2.28e+02 1.12e+00  4.48e+03     1s
   3  -7.31788343e+07  7.38397132e+07  1.92e+00 1.69e-12  3.19e+02     1s
   4  -1.39340231e+07  1.46173253e+07  1.62e-01 4.33e-12  5.90e+01     1s
   5  -2.55218687e+06  2.82756839e+06  1.24e-02 1.43e-12  1.09e+01     2s
   6  -3.71998904e+05  4.27120973e+05  1.24e-08 1.01e-12  1.61e+00     2s
   7  -5.57164337e+04  7.01839576e+04  1.25e-13 6.19e-13  2.53e-01     2s
   8  -8.40132113e+03  1.00455396e+04  7.37e-14 2.26e-13  3.71e-02     2s
   9  -1.34546618e+03  1.65064948e+03  1.58e-14 3.01e-14  6.03e-03     2s
  10  -2.20476464e+02  2.07284303e+02  7.60e-15 2.84e-14  8.61e-04     2s
  11  -4.89076874e+01  3.18035714e+01  2.02e-15 2.13e-14  1.62e-04     2s
  12  -8.19669822e+00  5.64004369e+00  1.20e-15 1.42e-14  2.78e-05     2s
  13  -8.50849922e-01  9.76827268e-01  2.98e-16 2.13e-14  3.68e-06     2s
  14   2.47905221e-01  6.95109824e-01  3.60e-16 1.42e-14  9.00e-07     3s
  15   4.68181983e-01  6.46727527e-01  2.12e-16 2.13e-14  3.59e-07     3s
  16   5.49481700e-01  6.15173042e-01  1.28e-16 1.42e-14  1.32e-07     3s
  17   5.69688105e-01  6.07237382e-01  3.60e-17 2.84e-14  7.55e-08     3s
  18   5.87917175e-01  6.00532559e-01  1.02e-16 1.42e-14  2.54e-08     3s
  19   5.94075314e-01  5.98279117e-01  1.34e-16 2.13e-14  8.46e-09     3s
  20   5.96602096e-01  5.97378264e-01  6.10e-17 1.42e-14  1.56e-09     3s
  21   5.97092278e-01  5.97204648e-01  9.30e-17 1.42e-14  2.26e-10     3s
  22   5.97167221e-01  5.97178139e-01  7.95e-17 2.13e-14  2.20e-11     3s
  23   5.97175162e-01  5.97175332e-01  3.05e-16 2.13e-14  3.41e-13     3s
  24   5.97175264e-01  5.97175296e-01  3.20e-15 1.42e-14  6.30e-14     3s
  25   5.97175281e-01  5.97175290e-01  7.66e-15 1.42e-14  1.67e-14     4s
  26   5.97175286e-01  5.97175288e-01  2.77e-15 2.13e-14  4.18e-15     4s
  27   5.97175287e-01  5.97175288e-01  1.85e-15 1.42e-14  1.09e-15     4s
  28   5.97175287e-01  5.97175288e-01  9.42e-16 1.42e-14  4.38e-16     4s
  29   5.97175287e-01  5.97175288e-01  8.18e-16 1.42e-14  4.04e-16     4s
  30   5.97175287e-01  5.97175287e-01  8.72e-16 1.42e-14  2.35e-16     4s
  31   5.97175287e-01  5.97175287e-01  4.38e-16 1.42e-14  1.23e-16     4s
  32   5.97175287e-01  5.97175287e-01  3.15e-16 7.11e-15  8.12e-17     4s

Barrier solved model in 32 iterations and 4.17 seconds (3.82 work units)
Optimal objective 5.97175287e-01

objective value: 0.5971752874222576
Done! Time elapsed: 25.760249376296997 seconds.
g_0_1: 1.0393972933923985
g_1_1: 1.0239783492171668
g_1_2: 1.0706807116141581
g_2_1: 1.0431029442992183
g_2_2: 1.1318503212732243
g_2_3: 1.0431029443020332
g_2_4: 1.1318503210172564
Parameters from last iteration: [0.18085513 0.72395269 0.18629844 0.73747378 0.19694196 0.73747378
 0.19694196]

Parameters from current iteration:
                [0.18085513 0.72395269 0.18629844 0.73747378 0.19694196 0.73747378
 0.19694196]


                Percentage Error = 1.0737357788670776e-10
                
year done: 152
Time 153: 2
Optimization Iteration[1/20000]

Solving the optimization problem...
Set parameter TokenServer to value "licenses.rcc.uchicago.edu"
Read LP format model from file /scratch/local/jobs/50183995/tmpgntl5c48.pyomo.lp
Reading time = 1.34 seconds
x1: 258121 rows, 502401 columns, 1259970 nonzeros
Set parameter Threads to value 8
Set parameter BarConvTol to value 1e-12
Gurobi Optimizer version 11.0.0 build v11.0.0rc2 (linux64 - "CentOS Linux 8")

CPU model: Intel(R) Xeon(R) Gold 6248R CPU @ 3.00GHz, instruction set [SSE2|AVX|AVX2|AVX512]
Thread count: 48 physical cores, 48 logical processors, using up to 8 threads

Optimize a model with 258121 rows, 502401 columns and 1259970 nonzeros
Model fingerprint: 0xf1908bfd
Model has 3166 quadratic objective terms
Coefficient statistics:
  Matrix range     [1e+00, 1e+03]
  Objective range  [6e-08, 7e+01]
  QObjective range [4e-01, 3e+03]
  Bounds range     [3e-04, 1e+00]
  RHS range        [8e-17, 6e+00]
Presolve removed 131482 rows and 128814 columns
Presolve time: 0.56s
Presolved: 126639 rows, 373587 columns, 743930 nonzeros
Presolved model has 3166 quadratic objective terms
Ordering time: 0.16s

Barrier statistics:
 AA' NZ     : 3.709e+05
 Factor NZ  : 4.212e+06 (roughly 240 MB of memory)
 Factor Ops : 3.974e+08 (less than 1 second per iteration)
 Threads    : 8

                  Objective                Residual
Iter       Primal          Dual         Primal    Dual     Compl     Time
   0  -1.08208243e+09  8.62426925e+08  7.80e+04 1.14e-13  1.00e+06     1s
   1  -6.18909580e+08  5.71190884e+08  1.71e+04 1.38e+02  2.40e+05     1s
   2  -3.11035477e+08  3.11021848e+08  2.28e+02 1.12e+00  4.48e+03     1s
   3  -7.31788343e+07  7.38397132e+07  1.92e+00 1.91e-12  3.19e+02     1s
   4  -1.39340231e+07  1.46173253e+07  1.62e-01 4.54e-12  5.90e+01     1s
   5  -2.55218687e+06  2.82756839e+06  1.24e-02 1.19e-12  1.09e+01     1s
   6  -3.71998904e+05  4.27120973e+05  1.24e-08 1.97e-12  1.61e+00     2s
   7  -5.57164340e+04  7.01839572e+04  1.46e-13 6.03e-13  2.53e-01     2s
   8  -8.40132146e+03  1.00455393e+04  4.37e-14 2.45e-13  3.71e-02     2s
   9  -1.34546651e+03  1.65064915e+03  1.55e-14 4.26e-14  6.03e-03     2s
  10  -2.20476794e+02  2.07283973e+02  9.14e-15 2.84e-14  8.61e-04     2s
  11  -4.89080173e+01  3.18032414e+01  2.22e-15 1.64e-14  1.62e-04     2s
  12  -8.19702816e+00  5.63971375e+00  9.77e-16 2.13e-14  2.78e-05     2s
  13  -8.51179860e-01  9.76497330e-01  3.82e-16 1.42e-14  3.68e-06     2s
  14   2.47575284e-01  6.94779886e-01  4.26e-16 2.84e-14  9.00e-07     3s
  15   4.67852046e-01  6.46397589e-01  2.08e-16 1.42e-14  3.59e-07     3s
  16   5.49151763e-01  6.14843104e-01  1.14e-16 1.42e-14  1.32e-07     3s
  17   5.69358167e-01  6.06907445e-01  5.71e-17 1.42e-14  7.55e-08     3s
  18   5.87587237e-01  6.00202622e-01  5.22e-17 1.42e-14  2.54e-08     3s
  19   5.93745376e-01  5.97949179e-01  4.83e-17 2.13e-14  8.46e-09     3s
  20   5.96272159e-01  5.97048326e-01  4.73e-17 1.42e-14  1.56e-09     3s
  21   5.96762340e-01  5.96874710e-01  1.16e-16 1.42e-14  2.26e-10     3s
  22   5.96837284e-01  5.96848202e-01  9.22e-17 1.42e-14  2.20e-11     3s
  23   5.96845224e-01  5.96845394e-01  3.45e-16 2.13e-14  3.41e-13     3s
  24   5.96845327e-01  5.96845358e-01  2.78e-15 1.42e-14  6.28e-14     3s
  25   5.96845344e-01  5.96845352e-01  6.97e-15 1.42e-14  1.67e-14     4s
  26   5.96845348e-01  5.96845350e-01  2.66e-15 1.42e-14  4.18e-15     4s
  27   5.96845349e-01  5.96845350e-01  1.67e-15 2.84e-14  1.09e-15     4s
  28   5.96845350e-01  5.96845350e-01  8.85e-16 1.42e-14  4.37e-16     4s
  29   5.96845350e-01  5.96845350e-01  7.89e-16 1.42e-14  3.99e-16     4s
  30   5.96845350e-01  5.96845350e-01  6.97e-16 1.42e-14  2.31e-16     4s
  31   5.96845350e-01  5.96845350e-01  4.80e-16 1.42e-14  1.16e-16     4s
  32   5.96845350e-01  5.96845350e-01  4.65e-16 1.42e-14  1.11e-16     4s
  33   5.96845350e-01  5.96845350e-01  2.50e-16 1.42e-14  7.14e-17     4s

Barrier solved model in 33 iterations and 4.25 seconds (3.90 work units)
Optimal objective 5.96845350e-01

objective value: 0.5968453497129756
Done! Time elapsed: 24.35820245742798 seconds.
g_0_1: 1.039397293385792
g_1_1: 1.0239783492203842
g_1_2: 1.0706807116101258
g_2_1: 1.043102944301576
g_2_2: 1.131850321240181
g_2_3: 1.04310294430406
g_2_4: 1.1318503210148065
Parameters from last iteration: [0.18085513 0.72395269 0.18629844 0.73747378 0.19694196 0.73747378
 0.19694196]

Parameters from current iteration:
                [0.18085513 0.72395269 0.18629844 0.73747378 0.19694196 0.73747378
 0.19694196]


                Percentage Error = 2.919408262643808e-11
                
year done: 153
Time 154: 2
Optimization Iteration[1/20000]

Solving the optimization problem...
Set parameter TokenServer to value "licenses.rcc.uchicago.edu"
Read LP format model from file /scratch/local/jobs/50183995/tmpcmjbo_ih.pyomo.lp
Reading time = 1.38 seconds
x1: 258121 rows, 502401 columns, 1259970 nonzeros
Set parameter Threads to value 8
Set parameter BarConvTol to value 1e-12
Gurobi Optimizer version 11.0.0 build v11.0.0rc2 (linux64 - "CentOS Linux 8")

CPU model: Intel(R) Xeon(R) Gold 6248R CPU @ 3.00GHz, instruction set [SSE2|AVX|AVX2|AVX512]
Thread count: 48 physical cores, 48 logical processors, using up to 8 threads

Optimize a model with 258121 rows, 502401 columns and 1259970 nonzeros
Model fingerprint: 0x781f7ba5
Model has 3166 quadratic objective terms
Coefficient statistics:
  Matrix range     [1e+00, 1e+03]
  Objective range  [6e-08, 7e+01]
  QObjective range [4e-01, 3e+03]
  Bounds range     [3e-04, 1e+00]
  RHS range        [8e-17, 6e+00]
Presolve removed 131482 rows and 128814 columns
Presolve time: 0.55s
Presolved: 126639 rows, 373587 columns, 743930 nonzeros
Presolved model has 3166 quadratic objective terms
Ordering time: 0.16s

Barrier statistics:
 AA' NZ     : 3.709e+05
 Factor NZ  : 4.212e+06 (roughly 240 MB of memory)
 Factor Ops : 3.974e+08 (less than 1 second per iteration)
 Threads    : 8

                  Objective                Residual
Iter       Primal          Dual         Primal    Dual     Compl     Time
   0  -1.08208243e+09  8.62426925e+08  7.80e+04 1.13e-13  1.00e+06     1s
   1  -6.18909580e+08  5.71190884e+08  1.71e+04 1.38e+02  2.40e+05     1s
   2  -3.11035477e+08  3.11021848e+08  2.28e+02 1.12e+00  4.48e+03     1s
   3  -7.31788343e+07  7.38397132e+07  1.92e+00 1.57e-12  3.19e+02     1s
   4  -1.39340231e+07  1.46173253e+07  1.62e-01 4.18e-12  5.90e+01     1s
   5  -2.55218687e+06  2.82756839e+06  1.24e-02 1.26e-12  1.09e+01     1s
   6  -3.71998904e+05  4.27120972e+05  1.24e-08 1.68e-12  1.61e+00     2s
   7  -5.57164343e+04  7.01839569e+04  1.65e-13 6.85e-13  2.53e-01     2s
   8  -8.40132177e+03  1.00455390e+04  4.31e-14 2.26e-13  3.71e-02     2s
   9  -1.34546682e+03  1.65064883e+03  1.58e-14 5.68e-14  6.03e-03     2s
  10  -2.20477109e+02  2.07283658e+02  9.96e-15 2.84e-14  8.61e-04     2s
  11  -4.89083324e+01  3.18029263e+01  2.21e-15 2.13e-14  1.62e-04     2s
  12  -8.19734324e+00  5.63939866e+00  1.33e-15 1.42e-14  2.78e-05     2s
  13  -8.51494948e-01  9.76182242e-01  3.67e-16 2.84e-14  3.68e-06     2s
  14   2.47260195e-01  6.94464798e-01  4.12e-16 1.42e-14  9.00e-07     3s
  15   4.67536958e-01  6.46082501e-01  3.14e-16 1.42e-14  3.59e-07     3s
  16   5.48836674e-01  6.14528016e-01  7.33e-17 2.13e-14  1.32e-07     3s
  17   5.69043079e-01  6.06592357e-01  3.87e-17 1.42e-14  7.55e-08     3s
  18   5.87272149e-01  5.99887534e-01  5.20e-17 1.42e-14  2.54e-08     3s
  19   5.93430288e-01  5.97634091e-01  1.37e-16 1.42e-14  8.46e-09     3s
  20   5.95957071e-01  5.96733238e-01  9.13e-17 1.42e-14  1.56e-09     3s
  21   5.96447252e-01  5.96559622e-01  9.43e-17 1.42e-14  2.26e-10     3s
  22   5.96522196e-01  5.96533114e-01  8.75e-17 1.64e-14  2.20e-11     3s
  23   5.96530136e-01  5.96530306e-01  3.23e-16 1.42e-14  3.41e-13     3s
  24   5.96530239e-01  5.96530270e-01  2.63e-15 1.42e-14  6.26e-14     3s
  25   5.96530256e-01  5.96530264e-01  6.84e-15 2.13e-14  1.67e-14     4s
  26   5.96530260e-01  5.96530262e-01  3.12e-15 1.42e-14  4.16e-15     4s
  27   5.96530261e-01  5.96530262e-01  1.72e-15 1.42e-14  1.09e-15     4s
  28   5.96530262e-01  5.96530262e-01  1.12e-15 1.42e-14  4.37e-16     4s
  29   5.96530262e-01  5.96530262e-01  8.55e-16 1.47e-14  3.88e-16     4s
  30   5.96530262e-01  5.96530262e-01  6.96e-16 1.42e-14  2.20e-16     4s
  31   5.96530262e-01  5.96530262e-01  5.33e-16 1.42e-14  1.15e-16     4s
  32   5.96530262e-01  5.96530262e-01  4.61e-16 1.42e-14  1.08e-16     4s
  33   5.96530262e-01  5.96530262e-01  2.52e-16 1.42e-14  6.56e-17     4s

Barrier solved model in 33 iterations and 4.23 seconds (3.90 work units)
Optimal objective 5.96530262e-01

objective value: 0.5965302616459377
Done! Time elapsed: 24.47232699394226 seconds.
g_0_1: 1.0393972933817883
g_1_1: 1.0239783492223369
g_1_2: 1.0706807116076864
g_2_1: 1.0431029443030098
g_2_2: 1.1318503212202264
g_2_3: 1.0431029443052882
g_2_4: 1.131850321013319
Parameters from last iteration: [0.18085513 0.72395269 0.18629844 0.73747378 0.19694196 0.73747378
 0.19694196]

Parameters from current iteration:
                [0.18085513 0.72395269 0.18629844 0.73747378 0.19694196 0.73747378
 0.19694196]


                Percentage Error = 1.7629985016876206e-11
                
year done: 154
Time 155: 2
Optimization Iteration[1/20000]

Solving the optimization problem...
Set parameter TokenServer to value "licenses.rcc.uchicago.edu"
Read LP format model from file /scratch/local/jobs/50183995/tmp3uicd5iy.pyomo.lp
Reading time = 1.34 seconds
x1: 258121 rows, 502401 columns, 1259970 nonzeros
Set parameter Threads to value 8
Set parameter BarConvTol to value 1e-12
Gurobi Optimizer version 11.0.0 build v11.0.0rc2 (linux64 - "CentOS Linux 8")

CPU model: Intel(R) Xeon(R) Gold 6248R CPU @ 3.00GHz, instruction set [SSE2|AVX|AVX2|AVX512]
Thread count: 48 physical cores, 48 logical processors, using up to 8 threads

Optimize a model with 258121 rows, 502401 columns and 1259970 nonzeros
Model fingerprint: 0x529c1903
Model has 3166 quadratic objective terms
Coefficient statistics:
  Matrix range     [1e+00, 1e+03]
  Objective range  [6e-08, 7e+01]
  QObjective range [4e-01, 3e+03]
  Bounds range     [3e-04, 1e+00]
  RHS range        [8e-17, 6e+00]
Presolve removed 131482 rows and 128814 columns
Presolve time: 0.57s
Presolved: 126639 rows, 373587 columns, 743930 nonzeros
Presolved model has 3166 quadratic objective terms
Ordering time: 0.16s

Barrier statistics:
 AA' NZ     : 3.709e+05
 Factor NZ  : 4.212e+06 (roughly 240 MB of memory)
 Factor Ops : 3.974e+08 (less than 1 second per iteration)
 Threads    : 8

                  Objective                Residual
Iter       Primal          Dual         Primal    Dual     Compl     Time
   0  -1.08208243e+09  8.62426925e+08  7.80e+04 1.13e-13  1.00e+06     1s
   1  -6.18909580e+08  5.71190884e+08  1.71e+04 1.38e+02  2.40e+05     1s
   2  -3.11035477e+08  3.11021848e+08  2.28e+02 1.12e+00  4.48e+03     1s
   3  -7.31788343e+07  7.38397132e+07  1.92e+00 1.46e-12  3.19e+02     1s
   4  -1.39340231e+07  1.46173253e+07  1.62e-01 4.33e-12  5.90e+01     1s
   5  -2.55218687e+06  2.82756839e+06  1.24e-02 1.25e-12  1.09e+01     2s
   6  -3.71998905e+05  4.27120972e+05  1.24e-08 7.71e-13  1.61e+00     2s
   7  -5.57164346e+04  7.01839566e+04  1.30e-13 7.02e-13  2.53e-01     2s
   8  -8.40132207e+03  1.00455387e+04  5.80e-14 2.43e-13  3.71e-02     2s
   9  -1.34546712e+03  1.65064853e+03  1.68e-14 5.68e-14  6.03e-03     2s
  10  -2.20477410e+02  2.07283357e+02  1.17e-14 2.84e-14  8.61e-04     2s
  11  -4.89086333e+01  3.18026254e+01  2.00e-15 1.42e-14  1.62e-04     2s
  12  -8.19764415e+00  5.63909775e+00  9.35e-16 1.42e-14  2.78e-05     2s
  13  -8.51795855e-01  9.75881336e-01  3.94e-16 2.84e-14  3.68e-06     2s
  14   2.46959289e-01  6.94163891e-01  4.57e-16 1.87e-14  9.00e-07     3s
  15   4.67236051e-01  6.45781595e-01  1.52e-16 2.13e-14  3.59e-07     3s
  16   5.48535768e-01  6.14227109e-01  9.85e-17 1.47e-14  1.32e-07     3s
  17   5.68742172e-01  6.06291450e-01  1.37e-16 1.42e-14  7.55e-08     3s
  18   5.86971242e-01  5.99586627e-01  7.28e-17 1.42e-14  2.54e-08     3s
  19   5.93129381e-01  5.97333185e-01  9.93e-17 2.13e-14  8.46e-09     3s
  20   5.95656164e-01  5.96432331e-01  1.31e-16 1.42e-14  1.56e-09     3s
  21   5.96146345e-01  5.96258715e-01  1.46e-16 1.42e-14  2.26e-10     3s
  22   5.96221289e-01  5.96232207e-01  1.53e-16 1.42e-14  2.20e-11     3s
  23   5.96229230e-01  5.96229399e-01  2.86e-16 1.42e-14  3.41e-13     3s
  24   5.96229332e-01  5.96229363e-01  3.20e-15 1.42e-14  6.24e-14     3s
  25   5.96229349e-01  5.96229357e-01  7.27e-15 1.42e-14  1.67e-14     4s
  26   5.96229353e-01  5.96229355e-01  2.52e-15 2.84e-14  4.15e-15     4s
  27   5.96229355e-01  5.96229355e-01  1.35e-15 1.42e-14  1.09e-15     4s
  28   5.96229355e-01  5.96229355e-01  1.05e-15 1.42e-14  4.37e-16     4s
  29   5.96229355e-01  5.96229355e-01  1.02e-15 1.42e-14  3.73e-16     4s
  30   5.96229355e-01  5.96229355e-01  7.49e-16 1.42e-14  2.03e-16     4s
  31   5.96229355e-01  5.96229355e-01  4.69e-16 1.42e-14  1.38e-16     4s
  32   5.96229355e-01  5.96229355e-01  2.38e-16 1.42e-14  7.26e-17     4s

Barrier solved model in 32 iterations and 4.17 seconds (3.82 work units)
Optimal objective 5.96229355e-01

objective value: 0.5962293548733263
Done! Time elapsed: 24.321463346481323 seconds.
g_0_1: 1.0393972933865985
g_1_1: 1.0239783492199854
g_1_2: 1.0706807116106085
g_2_1: 1.0431029443012785
g_2_2: 1.1318503212441435
g_2_3: 1.0431029443037991
g_2_4: 1.1318503210150925
Parameters from last iteration: [0.18085513 0.72395269 0.18629844 0.73747378 0.19694196 0.73747378
 0.19694196]

Parameters from current iteration:
                [0.18085513 0.72395269 0.18629844 0.73747378 0.19694196 0.73747378
 0.19694196]


                Percentage Error = 2.1131036920116473e-11
                
year done: 155
Time 156: 2
Optimization Iteration[1/20000]

Solving the optimization problem...
Set parameter TokenServer to value "licenses.rcc.uchicago.edu"
Read LP format model from file /scratch/local/jobs/50183995/tmpnjr_o5f0.pyomo.lp
Reading time = 1.33 seconds
x1: 258121 rows, 502401 columns, 1259970 nonzeros
Set parameter Threads to value 8
Set parameter BarConvTol to value 1e-12
Gurobi Optimizer version 11.0.0 build v11.0.0rc2 (linux64 - "CentOS Linux 8")

CPU model: Intel(R) Xeon(R) Gold 6248R CPU @ 3.00GHz, instruction set [SSE2|AVX|AVX2|AVX512]
Thread count: 48 physical cores, 48 logical processors, using up to 8 threads

Optimize a model with 258121 rows, 502401 columns and 1259970 nonzeros
Model fingerprint: 0xdb4c1e0c
Model has 3166 quadratic objective terms
Coefficient statistics:
  Matrix range     [1e+00, 1e+03]
  Objective range  [6e-08, 7e+01]
  QObjective range [4e-01, 3e+03]
  Bounds range     [3e-04, 1e+00]
  RHS range        [8e-17, 6e+00]
Presolve removed 131482 rows and 128814 columns
Presolve time: 0.54s
Presolved: 126639 rows, 373587 columns, 743930 nonzeros
Presolved model has 3166 quadratic objective terms
Ordering time: 0.16s

Barrier statistics:
 AA' NZ     : 3.709e+05
 Factor NZ  : 4.212e+06 (roughly 240 MB of memory)
 Factor Ops : 3.974e+08 (less than 1 second per iteration)
 Threads    : 8

                  Objective                Residual
Iter       Primal          Dual         Primal    Dual     Compl     Time
   0  -1.08208243e+09  8.62426925e+08  7.80e+04 1.13e-13  1.00e+06     1s
   1  -6.18909580e+08  5.71190884e+08  1.71e+04 1.38e+02  2.40e+05     1s
   2  -3.11035477e+08  3.11021848e+08  2.28e+02 1.12e+00  4.48e+03     1s
   3  -7.31788343e+07  7.38397132e+07  1.92e+00 1.47e-12  3.19e+02     1s
   4  -1.39340231e+07  1.46173253e+07  1.62e-01 4.88e-12  5.90e+01     1s
   5  -2.55218687e+06  2.82756839e+06  1.24e-02 1.23e-12  1.09e+01     1s
   6  -3.71998905e+05  4.27120972e+05  1.24e-08 9.34e-13  1.61e+00     2s
   7  -5.57164349e+04  7.01839563e+04  1.43e-13 7.15e-13  2.53e-01     2s
   8  -8.40132236e+03  1.00455384e+04  4.57e-14 2.28e-13  3.71e-02     2s
   9  -1.34546741e+03  1.65064825e+03  2.14e-14 4.26e-14  6.03e-03     2s
  10  -2.20477698e+02  2.07283070e+02  9.14e-15 2.84e-14  8.61e-04     2s
  11  -4.89089207e+01  3.18023381e+01  2.28e-15 1.47e-14  1.62e-04     2s
  12  -8.19793151e+00  5.63881039e+00  8.24e-16 1.42e-14  2.78e-05     2s
  13  -8.52083218e-01  9.75593972e-01  5.03e-16 2.84e-14  3.68e-06     2s
  14   2.46671925e-01  6.93876528e-01  4.47e-16 1.42e-14  9.00e-07     3s
  15   4.66948687e-01  6.45494231e-01  1.99e-16 1.42e-14  3.59e-07     3s
  16   5.48248404e-01  6.13939745e-01  8.97e-17 4.26e-14  1.32e-07     3s
  17   5.68454809e-01  6.06004086e-01  4.69e-17 1.42e-14  7.55e-08     3s
  18   5.86683879e-01  5.99299263e-01  7.96e-17 2.84e-14  2.54e-08     3s
  19   5.92842018e-01  5.97045821e-01  5.89e-17 1.42e-14  8.46e-09     3s
  20   5.95368800e-01  5.96144967e-01  1.24e-16 1.42e-14  1.56e-09     3s
  21   5.95858982e-01  5.95971352e-01  7.48e-17 1.42e-14  2.26e-10     3s
  22   5.95933925e-01  5.95944843e-01  2.01e-16 1.42e-14  2.20e-11     3s
  23   5.95941866e-01  5.95942035e-01  3.31e-16 1.42e-14  3.41e-13     3s
  24   5.95941968e-01  5.95941999e-01  2.74e-15 1.42e-14  6.22e-14     3s
  25   5.95941985e-01  5.95941993e-01  7.12e-15 2.84e-14  1.67e-14     3s
  26   5.95941990e-01  5.95941992e-01  3.22e-15 1.42e-14  4.14e-15     4s
  27   5.95941991e-01  5.95941991e-01  1.60e-15 1.42e-14  1.09e-15     4s
  28   5.95941991e-01  5.95941991e-01  9.82e-16 1.42e-14  4.36e-16     4s
  29   5.95941991e-01  5.95941991e-01  7.46e-16 1.42e-14  3.62e-16     4s
  30   5.95941991e-01  5.95941991e-01  7.97e-16 1.42e-14  1.90e-16     4s
  31   5.95941991e-01  5.95941991e-01  5.16e-16 1.42e-14  1.09e-16     4s
  32   5.95941991e-01  5.95941991e-01  3.97e-16 1.42e-14  9.20e-17     4s

Barrier solved model in 32 iterations and 4.06 seconds (3.82 work units)
Optimal objective 5.95941991e-01

objective value: 0.5959419911317728
Done! Time elapsed: 25.87823486328125 seconds.
g_0_1: 1.0393972933998268
g_1_1: 1.0239783492135583
g_1_2: 1.070680711618692
g_2_1: 1.0431029442965487
g_2_2: 1.1318503213100939
g_2_3: 1.0431029442997428
g_2_4: 1.1318503210200181
Parameters from last iteration: [0.18085513 0.72395269 0.18629844 0.73747378 0.19694196 0.73747378
 0.19694196]

Parameters from current iteration:
                [0.18085513 0.72395269 0.18629844 0.73747378 0.19694196 0.73747378
 0.19694196]


                Percentage Error = 5.826766773497606e-11
                
year done: 156
Time 157: 2
Optimization Iteration[1/20000]

Solving the optimization problem...
Set parameter TokenServer to value "licenses.rcc.uchicago.edu"
Read LP format model from file /scratch/local/jobs/50183995/tmptro2hp1n.pyomo.lp
Reading time = 1.35 seconds
x1: 258121 rows, 502401 columns, 1259970 nonzeros
Set parameter Threads to value 8
Set parameter BarConvTol to value 1e-12
Gurobi Optimizer version 11.0.0 build v11.0.0rc2 (linux64 - "CentOS Linux 8")

CPU model: Intel(R) Xeon(R) Gold 6248R CPU @ 3.00GHz, instruction set [SSE2|AVX|AVX2|AVX512]
Thread count: 48 physical cores, 48 logical processors, using up to 8 threads

Optimize a model with 258121 rows, 502401 columns and 1259970 nonzeros
Model fingerprint: 0x2ae6b176
Model has 3166 quadratic objective terms
Coefficient statistics:
  Matrix range     [1e+00, 1e+03]
  Objective range  [6e-08, 7e+01]
  QObjective range [4e-01, 3e+03]
  Bounds range     [3e-04, 1e+00]
  RHS range        [8e-17, 6e+00]
Presolve removed 131482 rows and 128814 columns
Presolve time: 0.56s
Presolved: 126639 rows, 373587 columns, 743930 nonzeros
Presolved model has 3166 quadratic objective terms
Ordering time: 0.16s

Barrier statistics:
 AA' NZ     : 3.709e+05
 Factor NZ  : 4.212e+06 (roughly 240 MB of memory)
 Factor Ops : 3.974e+08 (less than 1 second per iteration)
 Threads    : 8

                  Objective                Residual
Iter       Primal          Dual         Primal    Dual     Compl     Time
   0  -1.08208243e+09  8.62426925e+08  7.80e+04 1.14e-13  1.00e+06     1s
   1  -6.18909580e+08  5.71190884e+08  1.71e+04 1.38e+02  2.40e+05     1s
   2  -3.11035477e+08  3.11021848e+08  2.28e+02 1.12e+00  4.48e+03     1s
   3  -7.31788343e+07  7.38397132e+07  1.92e+00 1.55e-12  3.19e+02     1s
   4  -1.39340231e+07  1.46173253e+07  1.62e-01 4.46e-12  5.90e+01     1s
   5  -2.55218687e+06  2.82756839e+06  1.24e-02 1.43e-12  1.09e+01     2s
   6  -3.71998905e+05  4.27120971e+05  1.24e-08 9.80e-13  1.61e+00     2s
   7  -5.57164352e+04  7.01839560e+04  1.19e-13 6.81e-13  2.53e-01     2s
   8  -8.40132263e+03  1.00455381e+04  3.92e-14 2.38e-13  3.71e-02     2s
   9  -1.34546769e+03  1.65064797e+03  2.50e-14 3.33e-14  6.03e-03     2s
  10  -2.20477972e+02  2.07282795e+02  9.65e-15 2.84e-14  8.61e-04     2s
  11  -4.89091951e+01  3.18020636e+01  2.84e-15 2.13e-14  1.62e-04     2s
  12  -8.19820594e+00  5.63853596e+00  1.03e-15 1.42e-14  2.78e-05     2s
  13  -8.52357648e-01  9.75319542e-01  4.29e-16 2.84e-14  3.68e-06     2s
  14   2.46397495e-01  6.93602097e-01  3.68e-16 1.42e-14  9.00e-07     3s
  15   4.66674257e-01  6.45219801e-01  1.79e-16 2.84e-14  3.59e-07     3s
  16   5.47973974e-01  6.13665315e-01  6.83e-17 1.42e-14  1.32e-07     3s
  17   5.68180378e-01  6.05729656e-01  3.75e-17 1.42e-14  7.55e-08     3s
  18   5.86409448e-01  5.99024833e-01  9.78e-17 2.84e-14  2.54e-08     3s
  19   5.92567588e-01  5.96771391e-01  6.03e-17 1.42e-14  8.46e-09     3s
  20   5.95094370e-01  5.95870537e-01  7.30e-17 2.13e-14  1.56e-09     3s
  21   5.95584551e-01  5.95696921e-01  7.98e-17 1.42e-14  2.26e-10     3s
  22   5.95659495e-01  5.95670413e-01  8.00e-17 1.42e-14  2.20e-11     3s
  23   5.95667436e-01  5.95667605e-01  3.59e-16 2.13e-14  3.41e-13     3s
  24   5.95667538e-01  5.95667569e-01  2.89e-15 1.42e-14  6.21e-14     3s
  25   5.95667555e-01  5.95667563e-01  6.92e-15 2.84e-14  1.66e-14     4s
  26   5.95667559e-01  5.95667561e-01  2.63e-15 1.47e-14  4.13e-15     4s
  27   5.95667561e-01  5.95667561e-01  1.63e-15 1.42e-14  1.09e-15     4s
  28   5.95667561e-01  5.95667561e-01  1.06e-15 1.42e-14  4.36e-16     4s
  29   5.95667561e-01  5.95667561e-01  8.09e-16 1.42e-14  3.54e-16     4s
  30   5.95667561e-01  5.95667561e-01  9.90e-16 1.42e-14  1.79e-16     4s
  31   5.95667561e-01  5.95667561e-01  8.00e-16 2.84e-14  1.54e-16     4s
  32   5.95667561e-01  5.95667561e-01  3.64e-16 1.42e-14  7.79e-17     4s

Barrier solved model in 32 iterations and 4.17 seconds (3.82 work units)
Optimal objective 5.95667561e-01

objective value: 0.5956675609007432
Done! Time elapsed: 24.718150854110718 seconds.
g_0_1: 1.039397293390231
g_1_1: 1.0239783492182115
g_1_2: 1.0706807116128245
g_2_1: 1.043102944299983
g_2_2: 1.1318503212623128
g_2_3: 1.043102944302679
g_2_4: 1.1318503210164375
Parameters from last iteration: [0.18085513 0.72395269 0.18629844 0.73747378 0.19694196 0.73747378
 0.19694196]

Parameters from current iteration:
                [0.18085513 0.72395269 0.18629844 0.73747378 0.19694196 0.73747378
 0.19694196]


                Percentage Error = 4.221500229128986e-11
                
year done: 157
Time 158: 2
Optimization Iteration[1/20000]

Solving the optimization problem...
Set parameter TokenServer to value "licenses.rcc.uchicago.edu"
Read LP format model from file /scratch/local/jobs/50183995/tmplnnaek4u.pyomo.lp
Reading time = 1.35 seconds
x1: 258121 rows, 502401 columns, 1259970 nonzeros
Set parameter Threads to value 8
Set parameter BarConvTol to value 1e-12
Gurobi Optimizer version 11.0.0 build v11.0.0rc2 (linux64 - "CentOS Linux 8")

CPU model: Intel(R) Xeon(R) Gold 6248R CPU @ 3.00GHz, instruction set [SSE2|AVX|AVX2|AVX512]
Thread count: 48 physical cores, 48 logical processors, using up to 8 threads

Optimize a model with 258121 rows, 502401 columns and 1259970 nonzeros
Model fingerprint: 0xe4923749
Model has 3166 quadratic objective terms
Coefficient statistics:
  Matrix range     [1e+00, 1e+03]
  Objective range  [6e-08, 7e+01]
  QObjective range [4e-01, 3e+03]
  Bounds range     [3e-04, 1e+00]
  RHS range        [8e-17, 6e+00]
Presolve removed 131482 rows and 128814 columns
Presolve time: 0.56s
Presolved: 126639 rows, 373587 columns, 743930 nonzeros
Presolved model has 3166 quadratic objective terms
Ordering time: 0.16s

Barrier statistics:
 AA' NZ     : 3.709e+05
 Factor NZ  : 4.212e+06 (roughly 240 MB of memory)
 Factor Ops : 3.974e+08 (less than 1 second per iteration)
 Threads    : 8

                  Objective                Residual
Iter       Primal          Dual         Primal    Dual     Compl     Time
   0  -1.08208243e+09  8.62426925e+08  7.80e+04 1.14e-13  1.00e+06     1s
   1  -6.18909580e+08  5.71190884e+08  1.71e+04 1.38e+02  2.40e+05     1s
   2  -3.11035477e+08  3.11021848e+08  2.28e+02 1.12e+00  4.48e+03     1s
   3  -7.31788343e+07  7.38397132e+07  1.92e+00 2.17e-12  3.19e+02     1s
   4  -1.39340231e+07  1.46173253e+07  1.62e-01 3.84e-12  5.90e+01     1s
   5  -2.55218687e+06  2.82756839e+06  1.24e-02 1.45e-12  1.09e+01     1s
   6  -3.71998905e+05  4.27120971e+05  1.24e-08 1.79e-12  1.61e+00     2s
   7  -5.57164355e+04  7.01839558e+04  1.40e-13 6.23e-13  2.53e-01     2s
   8  -8.40132290e+03  1.00455378e+04  5.59e-14 2.34e-13  3.71e-02     2s
   9  -1.34546795e+03  1.65064771e+03  1.77e-14 4.26e-14  6.03e-03     2s
  10  -2.20478234e+02  2.07282533e+02  8.18e-15 3.55e-14  8.61e-04     2s
  11  -4.89094572e+01  3.18018016e+01  2.35e-15 1.42e-14  1.62e-04     2s
  12  -8.19846802e+00  5.63827388e+00  8.13e-16 1.42e-14  2.78e-05     2s
  13  -8.52619727e-01  9.75057463e-01  4.00e-16 1.42e-14  3.68e-06     2s
  14   2.46135416e-01  6.93340019e-01  5.45e-16 1.42e-14  9.00e-07     3s
  15   4.66412178e-01  6.44957722e-01  1.10e-16 2.84e-14  3.59e-07     3s
  16   5.47711895e-01  6.13403236e-01  6.77e-17 1.42e-14  1.32e-07     3s
  17   5.67918300e-01  6.05467577e-01  7.18e-17 2.84e-14  7.55e-08     3s
  18   5.86147370e-01  5.98762754e-01  5.17e-17 1.42e-14  2.54e-08     3s
  19   5.92305509e-01  5.96509312e-01  1.23e-16 1.42e-14  8.46e-09     3s
  20   5.94832291e-01  5.95608458e-01  1.61e-16 1.42e-14  1.56e-09     3s
  21   5.95322473e-01  5.95434842e-01  1.35e-16 1.42e-14  2.26e-10     3s
  22   5.95397416e-01  5.95408334e-01  1.08e-16 1.42e-14  2.20e-11     3s
  23   5.95405357e-01  5.95405526e-01  3.88e-16 2.13e-14  3.41e-13     3s
  24   5.95405459e-01  5.95405490e-01  3.15e-15 1.42e-14  6.19e-14     3s
  25   5.95405476e-01  5.95405484e-01  7.31e-15 1.42e-14  1.66e-14     4s
  26   5.95405481e-01  5.95405483e-01  2.56e-15 1.42e-14  4.13e-15     4s
  27   5.95405482e-01  5.95405482e-01  1.54e-15 1.42e-14  1.08e-15     4s
  28   5.95405482e-01  5.95405482e-01  1.06e-15 1.42e-14  4.35e-16     4s
  29   5.95405482e-01  5.95405482e-01  8.24e-16 1.42e-14  3.44e-16     4s
  30   5.95405482e-01  5.95405482e-01  8.75e-16 1.42e-14  1.76e-16     4s
  31   5.95405482e-01  5.95405482e-01  6.81e-16 1.42e-14  1.50e-16     4s
  32   5.95405482e-01  5.95405482e-01  3.57e-16 1.42e-14  7.62e-17     4s

Barrier solved model in 32 iterations and 4.13 seconds (3.82 work units)
Optimal objective 5.95405482e-01

objective value: 0.5954054820608026
Done! Time elapsed: 24.885663986206055 seconds.
g_0_1: 1.0393972933890652
g_1_1: 1.0239783492187797
g_1_2: 1.0706807116121158
g_2_1: 1.0431029443003943
g_2_2: 1.1318503212565065
g_2_3: 1.0431029443030397
g_2_4: 1.1318503210160111
Parameters from last iteration: [0.18085513 0.72395269 0.18629844 0.73747378 0.19694196 0.73747378
 0.19694196]

Parameters from current iteration:
                [0.18085513 0.72395269 0.18629844 0.73747378 0.19694196 0.73747378
 0.19694196]


                Percentage Error = 5.129811939859539e-12
                
year done: 158
Time 159: 2
Optimization Iteration[1/20000]

Solving the optimization problem...
Set parameter TokenServer to value "licenses.rcc.uchicago.edu"
Read LP format model from file /scratch/local/jobs/50183995/tmp__m3i74k.pyomo.lp
Reading time = 1.34 seconds
x1: 258121 rows, 502401 columns, 1259970 nonzeros
Set parameter Threads to value 8
Set parameter BarConvTol to value 1e-12
Gurobi Optimizer version 11.0.0 build v11.0.0rc2 (linux64 - "CentOS Linux 8")

CPU model: Intel(R) Xeon(R) Gold 6248R CPU @ 3.00GHz, instruction set [SSE2|AVX|AVX2|AVX512]
Thread count: 48 physical cores, 48 logical processors, using up to 8 threads

Optimize a model with 258121 rows, 502401 columns and 1259970 nonzeros
Model fingerprint: 0x2270c1e3
Model has 3166 quadratic objective terms
Coefficient statistics:
  Matrix range     [1e+00, 1e+03]
  Objective range  [6e-08, 7e+01]
  QObjective range [4e-01, 3e+03]
  Bounds range     [3e-04, 1e+00]
  RHS range        [8e-17, 6e+00]
Presolve removed 131482 rows and 128814 columns
Presolve time: 0.56s
Presolved: 126639 rows, 373587 columns, 743930 nonzeros
Presolved model has 3166 quadratic objective terms
Ordering time: 0.16s

Barrier statistics:
 AA' NZ     : 3.709e+05
 Factor NZ  : 4.212e+06 (roughly 240 MB of memory)
 Factor Ops : 3.974e+08 (less than 1 second per iteration)
 Threads    : 8

                  Objective                Residual
Iter       Primal          Dual         Primal    Dual     Compl     Time
   0  -1.08208243e+09  8.62426925e+08  7.80e+04 1.14e-13  1.00e+06     1s
   1  -6.18909580e+08  5.71190884e+08  1.71e+04 1.38e+02  2.40e+05     1s
   2  -3.11035477e+08  3.11021848e+08  2.28e+02 1.12e+00  4.48e+03     1s
   3  -7.31788343e+07  7.38397132e+07  1.92e+00 1.62e-12  3.19e+02     1s
   4  -1.39340231e+07  1.46173253e+07  1.62e-01 5.43e-12  5.90e+01     1s
   5  -2.55218687e+06  2.82756839e+06  1.24e-02 1.45e-12  1.09e+01     1s
   6  -3.71998906e+05  4.27120971e+05  1.24e-08 9.38e-13  1.61e+00     2s
   7  -5.57164357e+04  7.01839555e+04  1.38e-13 6.78e-13  2.53e-01     2s
   8  -8.40132315e+03  1.00455376e+04  4.22e-14 2.51e-13  3.71e-02     2s
   9  -1.34546820e+03  1.65064746e+03  1.46e-14 3.64e-14  6.03e-03     2s
  10  -2.20478484e+02  2.07282283e+02  1.01e-14 2.84e-14  8.61e-04     2s
  11  -4.89097075e+01  3.18015513e+01  2.01e-15 2.84e-14  1.62e-04     2s
  12  -8.19871831e+00  5.63802360e+00  7.81e-16 1.42e-14  2.78e-05     2s
  13  -8.52870011e-01  9.74807179e-01  3.45e-16 1.42e-14  3.68e-06     2s
  14   2.45885133e-01  6.93089735e-01  3.07e-16 1.42e-14  9.00e-07     3s
  15   4.66161895e-01  6.44707438e-01  1.42e-16 2.13e-14  3.59e-07     3s
  16   5.47461612e-01  6.13152953e-01  7.65e-17 1.42e-14  1.32e-07     3s
  17   5.67668016e-01  6.05217294e-01  4.67e-17 2.13e-14  7.55e-08     3s
  18   5.85897086e-01  5.98512471e-01  6.03e-17 1.42e-14  2.54e-08     3s
  19   5.92055225e-01  5.96259028e-01  8.74e-17 1.42e-14  8.46e-09     3s
  20   5.94582008e-01  5.95358175e-01  1.48e-16 1.42e-14  1.56e-09     3s
  21   5.95072189e-01  5.95184559e-01  1.54e-16 1.42e-14  2.26e-10     3s
  22   5.95147133e-01  5.95158051e-01  1.07e-16 1.42e-14  2.20e-11     3s
  23   5.95155073e-01  5.95155243e-01  3.77e-16 2.84e-14  3.41e-13     3s
  24   5.95155176e-01  5.95155207e-01  2.91e-15 1.42e-14  6.17e-14     3s
  25   5.95155193e-01  5.95155201e-01  6.43e-15 1.42e-14  1.66e-14     4s
  26   5.95155197e-01  5.95155199e-01  2.61e-15 1.42e-14  4.12e-15     4s
  27   5.95155198e-01  5.95155199e-01  1.48e-15 2.84e-14  1.08e-15     4s
  28   5.95155199e-01  5.95155199e-01  1.07e-15 1.42e-14  4.34e-16     4s
  29   5.95155199e-01  5.95155199e-01  9.30e-16 1.42e-14  3.35e-16     4s
  30   5.95155199e-01  5.95155199e-01  8.87e-16 1.42e-14  1.77e-16     4s
  31   5.95155199e-01  5.95155199e-01  5.64e-16 1.42e-14  1.30e-16     4s
  32   5.95155199e-01  5.95155199e-01  3.64e-16 1.42e-14  6.87e-17     4s

Barrier solved model in 32 iterations and 4.14 seconds (3.82 work units)
Optimal objective 5.95155199e-01

objective value: 0.5951551987137306
Done! Time elapsed: 24.925153493881226 seconds.
g_0_1: 1.0393972933839415
g_1_1: 1.023978349221276
g_1_2: 1.0706807116089991
g_2_1: 1.0431029443022322
g_2_2: 1.1318503212309488
g_2_3: 1.0431029443046125
g_2_4: 1.131850321014113
Parameters from last iteration: [0.18085513 0.72395269 0.18629844 0.73747378 0.19694196 0.73747378
 0.19694196]

Parameters from current iteration:
                [0.18085513 0.72395269 0.18629844 0.73747378 0.19694196 0.73747378
 0.19694196]


                Percentage Error = 2.258053047150722e-11
                
year done: 159
Time 160: 2
Optimization Iteration[1/20000]

Solving the optimization problem...
Set parameter TokenServer to value "licenses.rcc.uchicago.edu"
Read LP format model from file /scratch/local/jobs/50183995/tmp8shbeeln.pyomo.lp
Reading time = 1.35 seconds
x1: 258121 rows, 502401 columns, 1259970 nonzeros
Set parameter Threads to value 8
Set parameter BarConvTol to value 1e-12
Gurobi Optimizer version 11.0.0 build v11.0.0rc2 (linux64 - "CentOS Linux 8")

CPU model: Intel(R) Xeon(R) Gold 6248R CPU @ 3.00GHz, instruction set [SSE2|AVX|AVX2|AVX512]
Thread count: 48 physical cores, 48 logical processors, using up to 8 threads

Optimize a model with 258121 rows, 502401 columns and 1259970 nonzeros
Model fingerprint: 0x9f0f1cc5
Model has 3166 quadratic objective terms
Coefficient statistics:
  Matrix range     [1e+00, 1e+03]
  Objective range  [6e-08, 7e+01]
  QObjective range [4e-01, 3e+03]
  Bounds range     [3e-04, 1e+00]
  RHS range        [8e-17, 6e+00]
Presolve removed 131482 rows and 128814 columns
Presolve time: 0.57s
Presolved: 126639 rows, 373587 columns, 743930 nonzeros
Presolved model has 3166 quadratic objective terms
Ordering time: 0.16s

Barrier statistics:
 AA' NZ     : 3.709e+05
 Factor NZ  : 4.212e+06 (roughly 240 MB of memory)
 Factor Ops : 3.974e+08 (less than 1 second per iteration)
 Threads    : 8

                  Objective                Residual
Iter       Primal          Dual         Primal    Dual     Compl     Time
   0  -1.08208243e+09  8.62426925e+08  7.80e+04 1.14e-13  1.00e+06     1s
   1  -6.18909580e+08  5.71190884e+08  1.71e+04 1.38e+02  2.40e+05     1s
   2  -3.11035477e+08  3.11021848e+08  2.28e+02 1.12e+00  4.48e+03     1s
   3  -7.31788343e+07  7.38397132e+07  1.92e+00 1.53e-12  3.19e+02     1s
   4  -1.39340231e+07  1.46173253e+07  1.62e-01 3.72e-12  5.90e+01     1s
   5  -2.55218687e+06  2.82756838e+06  1.24e-02 1.30e-12  1.09e+01     2s
   6  -3.71998906e+05  4.27120971e+05  1.24e-08 1.27e-12  1.61e+00     2s
   7  -5.57164360e+04  7.01839553e+04  1.84e-13 7.10e-13  2.53e-01     2s
   8  -8.40132339e+03  1.00455373e+04  4.89e-14 1.88e-13  3.71e-02     2s
   9  -1.34546844e+03  1.65064722e+03  1.66e-14 4.26e-14  6.03e-03     2s
  10  -2.20478723e+02  2.07282044e+02  6.27e-15 2.84e-14  8.61e-04     2s
  11  -4.89099465e+01  3.18013123e+01  2.33e-15 2.13e-14  1.62e-04     2s
  12  -8.19895733e+00  5.63778458e+00  9.23e-16 1.42e-14  2.78e-05     2s
  13  -8.53109030e-01  9.74568161e-01  4.51e-16 1.42e-14  3.68e-06     2s
  14   2.45646114e-01  6.92850717e-01  4.80e-16 1.42e-14  9.00e-07     3s
  15   4.65922876e-01  6.44468420e-01  2.51e-16 1.42e-14  3.59e-07     3s
  16   5.47222593e-01  6.12913934e-01  1.59e-16 1.42e-14  1.32e-07     3s
  17   5.67428997e-01  6.04978275e-01  8.46e-17 1.42e-14  7.55e-08     3s
  18   5.85658068e-01  5.98273452e-01  6.17e-17 1.42e-14  2.54e-08     3s
  19   5.91816207e-01  5.96020010e-01  1.63e-16 1.42e-14  8.46e-09     3s
  20   5.94342989e-01  5.95119156e-01  1.58e-16 1.42e-14  1.56e-09     3s
  21   5.94833170e-01  5.94945540e-01  5.77e-17 1.42e-14  2.26e-10     3s
  22   5.94908114e-01  5.94919032e-01  8.67e-17 1.42e-14  2.20e-11     3s
  23   5.94916055e-01  5.94916224e-01  3.86e-16 1.42e-14  3.41e-13     3s
  24   5.94916157e-01  5.94916188e-01  2.78e-15 1.42e-14  6.15e-14     3s
  25   5.94916174e-01  5.94916182e-01  6.41e-15 1.42e-14  1.66e-14     4s
  26   5.94916178e-01  5.94916181e-01  2.63e-15 1.42e-14  4.11e-15     4s
  27   5.94916180e-01  5.94916180e-01  1.77e-15 1.42e-14  1.08e-15     4s
  28   5.94916180e-01  5.94916180e-01  1.03e-15 1.42e-14  4.34e-16     4s
  29   5.94916180e-01  5.94916180e-01  7.69e-16 1.42e-14  3.26e-16     4s
  30   5.94916180e-01  5.94916180e-01  7.27e-16 2.13e-14  1.83e-16     4s
  31   5.94916180e-01  5.94916180e-01  4.59e-16 1.42e-14  1.16e-16     4s
  32   5.94916180e-01  5.94916180e-01  2.40e-16 2.84e-14  5.73e-17     4s

Barrier solved model in 32 iterations and 4.17 seconds (3.82 work units)
Optimal objective 5.94916180e-01

objective value: 0.5949161799744667
Done! Time elapsed: 26.307069301605225 seconds.
g_0_1: 1.0393972933761526
g_1_1: 1.023978349225072
g_1_2: 1.0706807116042465
g_2_1: 1.0431029443050273
g_2_2: 1.1318503211921096
g_2_3: 1.0431029443070108
g_2_4: 1.131850321011226
Parameters from last iteration: [0.18085513 0.72395269 0.18629844 0.73747378 0.19694196 0.73747378
 0.19694196]

Parameters from current iteration:
                [0.18085513 0.72395269 0.18629844 0.73747378 0.19694196 0.73747378
 0.19694196]


                Percentage Error = 3.431487487017146e-11
                
year done: 160
Time 161: 2
Optimization Iteration[1/20000]

Solving the optimization problem...
Set parameter TokenServer to value "licenses.rcc.uchicago.edu"
Read LP format model from file /scratch/local/jobs/50183995/tmpu9rlks0z.pyomo.lp
Reading time = 1.36 seconds
x1: 258121 rows, 502401 columns, 1259970 nonzeros
Set parameter Threads to value 8
Set parameter BarConvTol to value 1e-12
Gurobi Optimizer version 11.0.0 build v11.0.0rc2 (linux64 - "CentOS Linux 8")

CPU model: Intel(R) Xeon(R) Gold 6248R CPU @ 3.00GHz, instruction set [SSE2|AVX|AVX2|AVX512]
Thread count: 48 physical cores, 48 logical processors, using up to 8 threads

Optimize a model with 258121 rows, 502401 columns and 1259970 nonzeros
Model fingerprint: 0x3cdfc40a
Model has 3166 quadratic objective terms
Coefficient statistics:
  Matrix range     [1e+00, 1e+03]
  Objective range  [6e-08, 7e+01]
  QObjective range [4e-01, 3e+03]
  Bounds range     [3e-04, 1e+00]
  RHS range        [8e-17, 6e+00]
Presolve removed 131482 rows and 128814 columns
Presolve time: 0.58s
Presolved: 126639 rows, 373587 columns, 743930 nonzeros
Presolved model has 3166 quadratic objective terms
Ordering time: 0.16s

Barrier statistics:
 AA' NZ     : 3.709e+05
 Factor NZ  : 4.212e+06 (roughly 240 MB of memory)
 Factor Ops : 3.974e+08 (less than 1 second per iteration)
 Threads    : 8

                  Objective                Residual
Iter       Primal          Dual         Primal    Dual     Compl     Time
   0  -1.08208243e+09  8.62426925e+08  7.80e+04 1.14e-13  1.00e+06     1s
   1  -6.18909580e+08  5.71190884e+08  1.71e+04 1.38e+02  2.40e+05     1s
   2  -3.11035477e+08  3.11021848e+08  2.28e+02 1.12e+00  4.48e+03     1s
   3  -7.31788343e+07  7.38397132e+07  1.92e+00 1.49e-12  3.19e+02     1s
   4  -1.39340231e+07  1.46173253e+07  1.62e-01 6.64e-12  5.90e+01     1s
   5  -2.55218687e+06  2.82756838e+06  1.24e-02 1.25e-12  1.09e+01     2s
   6  -3.71998906e+05  4.27120971e+05  1.24e-08 1.74e-12  1.61e+00     2s
   7  -5.57164362e+04  7.01839551e+04  1.49e-13 6.52e-13  2.53e-01     2s
   8  -8.40132361e+03  1.00455371e+04  5.51e-14 2.25e-13  3.71e-02     2s
   9  -1.34546867e+03  1.65064699e+03  1.99e-14 3.79e-14  6.03e-03     2s
  10  -2.20478952e+02  2.07281815e+02  7.52e-15 2.84e-14  8.61e-04     2s
  11  -4.89101748e+01  3.18010840e+01  1.82e-15 1.42e-14  1.62e-04     2s
  12  -8.19918559e+00  5.63755632e+00  8.86e-16 1.42e-14  2.78e-05     2s
  13  -8.53337291e-01  9.74339900e-01  3.78e-16 1.42e-14  3.68e-06     2s
  14   2.45417853e-01  6.92622455e-01  3.94e-16 1.42e-14  9.00e-07     3s
  15   4.65694615e-01  6.44240158e-01  1.75e-16 1.42e-14  3.59e-07     3s
  16   5.46994332e-01  6.12685673e-01  1.10e-16 1.42e-14  1.32e-07     3s
  17   5.67200736e-01  6.04750014e-01  4.36e-17 2.13e-14  7.55e-08     3s
  18   5.85429806e-01  5.98045191e-01  5.18e-17 1.42e-14  2.54e-08     3s
  19   5.91587945e-01  5.95791748e-01  6.68e-17 1.42e-14  8.46e-09     3s
  20   5.94114728e-01  5.94890895e-01  9.39e-17 1.42e-14  1.56e-09     3s
  21   5.94604909e-01  5.94717279e-01  8.26e-17 1.42e-14  2.26e-10     3s
  22   5.94679853e-01  5.94690771e-01  8.01e-17 1.42e-14  2.20e-11     3s
  23   5.94687794e-01  5.94687963e-01  4.78e-16 2.84e-14  3.41e-13     3s
  24   5.94687896e-01  5.94687927e-01  2.96e-15 1.42e-14  6.13e-14     3s
  25   5.94687913e-01  5.94687921e-01  7.72e-15 1.42e-14  1.66e-14     4s
  26   5.94687917e-01  5.94687919e-01  3.29e-15 2.84e-14  4.09e-15     4s
  27   5.94687918e-01  5.94687919e-01  1.54e-15 1.82e-14  1.08e-15     4s
  28   5.94687919e-01  5.94687919e-01  9.23e-16 1.42e-14  4.32e-16     4s
  29   5.94687919e-01  5.94687919e-01  8.65e-16 8.88e-15  3.13e-16     4s
  30   5.94687919e-01  5.94687919e-01  6.61e-16 1.42e-14  1.97e-16     4s
  31   5.94687919e-01  5.94687919e-01  4.20e-16 7.11e-15  1.06e-16     4s
  32   5.94687919e-01  5.94687919e-01  3.23e-16 1.42e-14  8.47e-17     4s

Barrier solved model in 32 iterations and 4.17 seconds (3.82 work units)
Optimal objective 5.94687919e-01

objective value: 0.5946879188366844
Done! Time elapsed: 24.687683820724487 seconds.
g_0_1: 1.0393972933948483
g_1_1: 1.0239783492159706
g_1_2: 1.0706807116156554
g_2_1: 1.0431029442983148
g_2_2: 1.1318503212852922
g_2_3: 1.0431029443012627
g_2_4: 1.131850321018156
Parameters from last iteration: [0.18085513 0.72395269 0.18629844 0.73747378 0.19694196 0.73747378
 0.19694196]

Parameters from current iteration:
                [0.18085513 0.72395269 0.18629844 0.73747378 0.19694196 0.73747378
 0.19694196]


                Percentage Error = 8.232771044287029e-11
                
year done: 161
Time 162: 2
Optimization Iteration[1/20000]

Solving the optimization problem...
Set parameter TokenServer to value "licenses.rcc.uchicago.edu"
Read LP format model from file /scratch/local/jobs/50183995/tmpxbna6g6k.pyomo.lp
Reading time = 1.34 seconds
x1: 258121 rows, 502401 columns, 1259970 nonzeros
Set parameter Threads to value 8
Set parameter BarConvTol to value 1e-12
Gurobi Optimizer version 11.0.0 build v11.0.0rc2 (linux64 - "CentOS Linux 8")

CPU model: Intel(R) Xeon(R) Gold 6248R CPU @ 3.00GHz, instruction set [SSE2|AVX|AVX2|AVX512]
Thread count: 48 physical cores, 48 logical processors, using up to 8 threads

Optimize a model with 258121 rows, 502401 columns and 1259970 nonzeros
Model fingerprint: 0x79630811
Model has 3166 quadratic objective terms
Coefficient statistics:
  Matrix range     [1e+00, 1e+03]
  Objective range  [6e-08, 7e+01]
  QObjective range [4e-01, 3e+03]
  Bounds range     [3e-04, 1e+00]
  RHS range        [8e-17, 6e+00]
Presolve removed 131482 rows and 128814 columns
Presolve time: 0.57s
Presolved: 126639 rows, 373587 columns, 743930 nonzeros
Presolved model has 3166 quadratic objective terms
Ordering time: 0.16s

Barrier statistics:
 AA' NZ     : 3.709e+05
 Factor NZ  : 4.212e+06 (roughly 240 MB of memory)
 Factor Ops : 3.974e+08 (less than 1 second per iteration)
 Threads    : 8

                  Objective                Residual
Iter       Primal          Dual         Primal    Dual     Compl     Time
   0  -1.08208243e+09  8.62426925e+08  7.80e+04 1.13e-13  1.00e+06     1s
   1  -6.18909580e+08  5.71190884e+08  1.71e+04 1.38e+02  2.40e+05     1s
   2  -3.11035477e+08  3.11021848e+08  2.28e+02 1.12e+00  4.48e+03     1s
   3  -7.31788343e+07  7.38397132e+07  1.92e+00 1.66e-12  3.19e+02     1s
   4  -1.39340231e+07  1.46173253e+07  1.62e-01 3.68e-12  5.90e+01     1s
   5  -2.55218687e+06  2.82756838e+06  1.24e-02 1.24e-12  1.09e+01     2s
   6  -3.71998906e+05  4.27120970e+05  1.24e-08 1.45e-12  1.61e+00     2s
   7  -5.57164364e+04  7.01839548e+04  1.62e-13 6.94e-13  2.53e-01     2s
   8  -8.40132383e+03  1.00455369e+04  6.03e-14 2.39e-13  3.71e-02     2s
   9  -1.34546888e+03  1.65064677e+03  1.36e-14 2.84e-14  6.03e-03     2s
  10  -2.20479170e+02  2.07281597e+02  9.08e-15 2.13e-14  8.61e-04     2s
  11  -4.89103927e+01  3.18008660e+01  1.84e-15 2.84e-14  1.62e-04     2s
  12  -8.19940357e+00  5.63733833e+00  1.12e-15 1.42e-14  2.78e-05     2s
  13  -8.53555278e-01  9.74121912e-01  3.37e-16 2.84e-14  3.68e-06     2s
  14   2.45199865e-01  6.92404468e-01  4.12e-16 1.42e-14  9.00e-07     3s
  15   4.65476627e-01  6.44022171e-01  1.78e-16 2.84e-14  3.59e-07     3s
  16   5.46776344e-01  6.12467685e-01  1.33e-16 1.42e-14  1.32e-07     3s
  17   5.66982749e-01  6.04532026e-01  4.71e-17 1.42e-14  7.55e-08     3s
  18   5.85211819e-01  5.97827203e-01  9.58e-17 1.42e-14  2.54e-08     3s
  19   5.91369958e-01  5.95573761e-01  1.30e-16 1.42e-14  8.46e-09     3s
  20   5.93896740e-01  5.94672907e-01  1.79e-16 2.13e-14  1.56e-09     3s
  21   5.94386922e-01  5.94499292e-01  7.72e-17 1.42e-14  2.26e-10     3s
  22   5.94461865e-01  5.94472783e-01  1.34e-16 1.42e-14  2.20e-11     3s
  23   5.94469806e-01  5.94469975e-01  3.58e-16 2.13e-14  3.41e-13     3s
  24   5.94469909e-01  5.94469939e-01  2.96e-15 1.42e-14  6.12e-14     3s
  25   5.94469925e-01  5.94469933e-01  6.28e-15 1.42e-14  1.65e-14     4s
  26   5.94469930e-01  5.94469932e-01  3.21e-15 2.84e-14  4.08e-15     4s
  27   5.94469931e-01  5.94469931e-01  1.60e-15 1.42e-14  1.08e-15     4s
  28   5.94469931e-01  5.94469931e-01  9.93e-16 1.42e-14  4.32e-16     4s
  29   5.94469931e-01  5.94469931e-01  6.71e-16 1.42e-14  3.04e-16     4s
  30   5.94469931e-01  5.94469931e-01  8.51e-16 1.42e-14  1.68e-16     4s
  31   5.94469931e-01  5.94469931e-01  5.50e-16 1.42e-14  9.84e-17     4s

Barrier solved model in 31 iterations and 4.11 seconds (3.75 work units)
Optimal objective 5.94469931e-01

objective value: 0.5944699311465363
Done! Time elapsed: 24.702905893325806 seconds.
g_0_1: 1.0393972934042914
g_1_1: 1.0239783492113714
g_1_2: 1.0706807116214039
g_2_1: 1.0431029442949251
g_2_2: 1.131850321332077
g_2_3: 1.0431029442983537
g_2_4: 1.1318503210216522
Parameters from last iteration: [0.18085513 0.72395269 0.18629844 0.73747378 0.19694196 0.73747378
 0.19694196]

Parameters from current iteration:
                [0.18085513 0.72395269 0.18629844 0.73747378 0.19694196 0.73747378
 0.19694196]


                Percentage Error = 4.133473620315442e-11
                
year done: 162
Time 163: 2
Optimization Iteration[1/20000]

Solving the optimization problem...
Set parameter TokenServer to value "licenses.rcc.uchicago.edu"
Read LP format model from file /scratch/local/jobs/50183995/tmpcg0wbhhd.pyomo.lp
Reading time = 1.35 seconds
x1: 258121 rows, 502401 columns, 1259970 nonzeros
Set parameter Threads to value 8
Set parameter BarConvTol to value 1e-12
Gurobi Optimizer version 11.0.0 build v11.0.0rc2 (linux64 - "CentOS Linux 8")

CPU model: Intel(R) Xeon(R) Gold 6248R CPU @ 3.00GHz, instruction set [SSE2|AVX|AVX2|AVX512]
Thread count: 48 physical cores, 48 logical processors, using up to 8 threads

Optimize a model with 258121 rows, 502401 columns and 1259970 nonzeros
Model fingerprint: 0xa1dffd8e
Model has 3166 quadratic objective terms
Coefficient statistics:
  Matrix range     [1e+00, 1e+03]
  Objective range  [6e-08, 7e+01]
  QObjective range [4e-01, 3e+03]
  Bounds range     [3e-04, 1e+00]
  RHS range        [8e-17, 6e+00]
Presolve removed 131482 rows and 128814 columns
Presolve time: 0.56s
Presolved: 126639 rows, 373587 columns, 743930 nonzeros
Presolved model has 3166 quadratic objective terms
Ordering time: 0.16s

Barrier statistics:
 AA' NZ     : 3.709e+05
 Factor NZ  : 4.212e+06 (roughly 240 MB of memory)
 Factor Ops : 3.974e+08 (less than 1 second per iteration)
 Threads    : 8

                  Objective                Residual
Iter       Primal          Dual         Primal    Dual     Compl     Time
   0  -1.08208243e+09  8.62426925e+08  7.80e+04 1.13e-13  1.00e+06     1s
   1  -6.18909580e+08  5.71190884e+08  1.71e+04 1.38e+02  2.40e+05     1s
   2  -3.11035477e+08  3.11021848e+08  2.28e+02 1.12e+00  4.48e+03     1s
   3  -7.31788343e+07  7.38397132e+07  1.92e+00 1.58e-12  3.19e+02     1s
   4  -1.39340231e+07  1.46173253e+07  1.62e-01 4.39e-12  5.90e+01     1s
   5  -2.55218687e+06  2.82756838e+06  1.24e-02 1.33e-12  1.09e+01     2s
   6  -3.71998906e+05  4.27120970e+05  1.24e-08 1.66e-12  1.61e+00     2s
   7  -5.57164366e+04  7.01839546e+04  1.70e-13 7.81e-13  2.53e-01     2s
   8  -8.40132404e+03  1.00455367e+04  6.82e-14 2.25e-13  3.71e-02     2s
   9  -1.34546909e+03  1.65064657e+03  2.39e-14 3.04e-14  6.03e-03     2s
  10  -2.20479378e+02  2.07281389e+02  9.78e-15 2.84e-14  8.61e-04     2s
  11  -4.89106009e+01  3.18006578e+01  2.22e-15 2.84e-14  1.62e-04     2s
  12  -8.19961175e+00  5.63713015e+00  9.43e-16 1.42e-14  2.78e-05     2s
  13  -8.53763455e-01  9.73913735e-01  3.56e-16 2.84e-14  3.68e-06     2s
  14   2.44991688e-01  6.92196291e-01  3.51e-16 1.42e-14  9.00e-07     3s
  15   4.65268451e-01  6.43813994e-01  2.27e-16 2.13e-14  3.59e-07     3s
  16   5.46568167e-01  6.12259509e-01  7.03e-17 1.42e-14  1.32e-07     3s
  17   5.66774572e-01  6.04323849e-01  5.73e-17 1.42e-14  7.55e-08     3s
  18   5.85003642e-01  5.97619027e-01  5.35e-17 1.42e-14  2.54e-08     3s
  19   5.91161781e-01  5.95365584e-01  7.81e-17 2.84e-14  8.46e-09     3s
  20   5.93688563e-01  5.94464731e-01  9.73e-17 1.42e-14  1.56e-09     3s
  21   5.94178745e-01  5.94291115e-01  1.19e-16 1.42e-14  2.26e-10     3s
  22   5.94253689e-01  5.94264607e-01  2.17e-16 1.42e-14  2.20e-11     3s
  23   5.94261629e-01  5.94261799e-01  3.47e-16 1.42e-14  3.41e-13     3s
  24   5.94261732e-01  5.94261762e-01  2.81e-15 1.42e-14  6.10e-14     4s
  25   5.94261748e-01  5.94261757e-01  6.04e-15 1.42e-14  1.65e-14     4s
  26   5.94261753e-01  5.94261755e-01  2.75e-15 2.84e-14  4.08e-15     4s
  27   5.94261754e-01  5.94261755e-01  1.51e-15 1.42e-14  1.07e-15     4s
  28   5.94261754e-01  5.94261755e-01  9.79e-16 1.42e-14  4.31e-16     4s
  29   5.94261754e-01  5.94261755e-01  7.67e-16 1.42e-14  2.98e-16     4s
  30   5.94261755e-01  5.94261755e-01  6.61e-16 1.42e-14  1.60e-16     4s
  31   5.94261755e-01  5.94261755e-01  4.91e-16 2.84e-14  9.06e-17     4s

Barrier solved model in 31 iterations and 4.11 seconds (3.75 work units)
Optimal objective 5.94261755e-01

objective value: 0.5942617545264244
Done! Time elapsed: 24.545210123062134 seconds.
g_0_1: 1.0393972933988818
g_1_1: 1.0239783492140127
g_1_2: 1.070680711618113
g_2_1: 1.043102944296863
g_2_2: 1.1318503213053435
g_2_3: 1.043102944300007
g_2_4: 1.1318503210196398
Parameters from last iteration: [0.18085513 0.72395269 0.18629844 0.73747378 0.19694196 0.73747378
 0.19694196]

Parameters from current iteration:
                [0.18085513 0.72395269 0.18629844 0.73747378 0.19694196 0.73747378
 0.19694196]


                Percentage Error = 2.361920499387207e-11
                
year done: 163
Time 164: 2
Optimization Iteration[1/20000]

Solving the optimization problem...
Set parameter TokenServer to value "licenses.rcc.uchicago.edu"
Read LP format model from file /scratch/local/jobs/50183995/tmpmgw9htw3.pyomo.lp
Reading time = 1.38 seconds
x1: 258121 rows, 502401 columns, 1259970 nonzeros
Set parameter Threads to value 8
Set parameter BarConvTol to value 1e-12
Gurobi Optimizer version 11.0.0 build v11.0.0rc2 (linux64 - "CentOS Linux 8")

CPU model: Intel(R) Xeon(R) Gold 6248R CPU @ 3.00GHz, instruction set [SSE2|AVX|AVX2|AVX512]
Thread count: 48 physical cores, 48 logical processors, using up to 8 threads

Optimize a model with 258121 rows, 502401 columns and 1259970 nonzeros
Model fingerprint: 0x2aa7b6de
Model has 3166 quadratic objective terms
Coefficient statistics:
  Matrix range     [1e+00, 1e+03]
  Objective range  [6e-08, 7e+01]
  QObjective range [4e-01, 3e+03]
  Bounds range     [3e-04, 1e+00]
  RHS range        [8e-17, 6e+00]
Presolve removed 131482 rows and 128814 columns
Presolve time: 0.57s
Presolved: 126639 rows, 373587 columns, 743930 nonzeros
Presolved model has 3166 quadratic objective terms
Ordering time: 0.16s

Barrier statistics:
 AA' NZ     : 3.709e+05
 Factor NZ  : 4.212e+06 (roughly 240 MB of memory)
 Factor Ops : 3.974e+08 (less than 1 second per iteration)
 Threads    : 8

                  Objective                Residual
Iter       Primal          Dual         Primal    Dual     Compl     Time
   0  -1.08208243e+09  8.62426925e+08  7.80e+04 1.13e-13  1.00e+06     1s
   1  -6.18909580e+08  5.71190884e+08  1.71e+04 1.38e+02  2.40e+05     1s
   2  -3.11035477e+08  3.11021848e+08  2.28e+02 1.12e+00  4.48e+03     1s
   3  -7.31788343e+07  7.38397132e+07  1.92e+00 1.66e-12  3.19e+02     1s
   4  -1.39340231e+07  1.46173253e+07  1.62e-01 5.16e-12  5.90e+01     1s
   5  -2.55218687e+06  2.82756838e+06  1.24e-02 1.46e-12  1.09e+01     2s
   6  -3.71998907e+05  4.27120970e+05  1.24e-08 1.00e-12  1.61e+00     2s
   7  -5.57164368e+04  7.01839544e+04  1.53e-13 6.44e-13  2.53e-01     2s
   8  -8.40132424e+03  1.00455365e+04  5.91e-14 2.26e-13  3.71e-02     2s
   9  -1.34546929e+03  1.65064637e+03  1.37e-14 2.84e-14  6.03e-03     2s
  10  -2.20479577e+02  2.07281190e+02  9.71e-15 2.84e-14  8.61e-04     2s
  11  -4.89107997e+01  3.18004590e+01  2.16e-15 2.13e-14  1.62e-04     2s
  12  -8.19981056e+00  5.63693135e+00  8.00e-16 2.84e-14  2.78e-05     2s
  13  -8.53962262e-01  9.73714928e-01  3.00e-16 1.42e-14  3.68e-06     2s
  14   2.44792881e-01  6.91997484e-01  3.81e-16 1.42e-14  9.00e-07     3s
  15   4.65069643e-01  6.43615187e-01  2.60e-16 1.42e-14  3.59e-07     3s
  16   5.46369360e-01  6.12060702e-01  1.39e-16 1.42e-14  1.32e-07     3s
  17   5.66575765e-01  6.04125042e-01  1.04e-16 1.42e-14  7.55e-08     3s
  18   5.84804835e-01  5.97420219e-01  7.94e-17 1.42e-14  2.54e-08     3s
  19   5.90962974e-01  5.95166777e-01  1.37e-16 2.84e-14  8.46e-09     3s
  20   5.93489756e-01  5.94265924e-01  9.81e-17 1.42e-14  1.56e-09     3s
  21   5.93979938e-01  5.94092308e-01  8.97e-17 1.42e-14  2.26e-10     3s
  22   5.94054881e-01  5.94065799e-01  6.61e-17 1.42e-14  2.20e-11     3s
  23   5.94062822e-01  5.94062992e-01  3.55e-16 2.13e-14  3.41e-13     3s
  24   5.94062925e-01  5.94062955e-01  3.17e-15 1.42e-14  6.09e-14     3s
  25   5.94062941e-01  5.94062950e-01  6.93e-15 2.13e-14  1.65e-14     4s
  26   5.94062946e-01  5.94062948e-01  2.45e-15 2.84e-14  4.07e-15     4s
  27   5.94062947e-01  5.94062948e-01  1.59e-15 2.13e-14  1.07e-15     4s
  28   5.94062947e-01  5.94062947e-01  1.09e-15 1.42e-14  4.31e-16     4s
  29   5.94062947e-01  5.94062947e-01  8.23e-16 8.44e-15  2.92e-16     4s
  30   5.94062947e-01  5.94062947e-01  7.52e-16 1.42e-14  1.47e-16     4s
  31   5.94062947e-01  5.94062947e-01  4.60e-16 1.42e-14  9.16e-17     4s

Barrier solved model in 31 iterations and 4.11 seconds (3.75 work units)
Optimal objective 5.94062947e-01

objective value: 0.5940629473947504
Done! Time elapsed: 24.564281940460205 seconds.
g_0_1: 1.0393972933995537
g_1_1: 1.0239783492136847
g_1_2: 1.0706807116185313
g_2_1: 1.0431029442966386
g_2_2: 1.1318503213086957
g_2_3: 1.0431029442998125
g_2_4: 1.1318503210199018
Parameters from last iteration: [0.18085513 0.72395269 0.18629844 0.73747378 0.19694196 0.73747378
 0.19694196]

Parameters from current iteration:
                [0.18085513 0.72395269 0.18629844 0.73747378 0.19694196 0.73747378
 0.19694196]


                Percentage Error = 2.9617021872043123e-12
                
year done: 164
Time 165: 2
Optimization Iteration[1/20000]

Solving the optimization problem...
Set parameter TokenServer to value "licenses.rcc.uchicago.edu"
Read LP format model from file /scratch/local/jobs/50183995/tmppmjbzsa1.pyomo.lp
Reading time = 1.37 seconds
x1: 258121 rows, 502401 columns, 1259970 nonzeros
Set parameter Threads to value 8
Set parameter BarConvTol to value 1e-12
Gurobi Optimizer version 11.0.0 build v11.0.0rc2 (linux64 - "CentOS Linux 8")

CPU model: Intel(R) Xeon(R) Gold 6248R CPU @ 3.00GHz, instruction set [SSE2|AVX|AVX2|AVX512]
Thread count: 48 physical cores, 48 logical processors, using up to 8 threads

Optimize a model with 258121 rows, 502401 columns and 1259970 nonzeros
Model fingerprint: 0x15580d87
Model has 3166 quadratic objective terms
Coefficient statistics:
  Matrix range     [1e+00, 1e+03]
  Objective range  [6e-08, 7e+01]
  QObjective range [4e-01, 3e+03]
  Bounds range     [3e-04, 1e+00]
  RHS range        [8e-17, 6e+00]
Presolve removed 131482 rows and 128814 columns
Presolve time: 0.63s
Presolved: 126639 rows, 373587 columns, 743930 nonzeros
Presolved model has 3166 quadratic objective terms
Ordering time: 0.17s

Barrier statistics:
 AA' NZ     : 3.709e+05
 Factor NZ  : 4.212e+06 (roughly 240 MB of memory)
 Factor Ops : 3.974e+08 (less than 1 second per iteration)
 Threads    : 8

                  Objective                Residual
Iter       Primal          Dual         Primal    Dual     Compl     Time
   0  -1.08208243e+09  8.62426925e+08  7.80e+04 1.14e-13  1.00e+06     1s
   1  -6.18909580e+08  5.71190884e+08  1.71e+04 1.38e+02  2.40e+05     1s
   2  -3.11035477e+08  3.11021848e+08  2.28e+02 1.12e+00  4.48e+03     1s
   3  -7.31788343e+07  7.38397132e+07  1.92e+00 1.36e-12  3.19e+02     1s
   4  -1.39340231e+07  1.46173253e+07  1.62e-01 4.66e-12  5.90e+01     2s
   5  -2.55218687e+06  2.82756838e+06  1.24e-02 1.42e-12  1.09e+01     2s
   6  -3.71998907e+05  4.27120970e+05  1.24e-08 1.79e-12  1.61e+00     2s
   7  -5.57164370e+04  7.01839542e+04  1.33e-13 6.52e-13  2.53e-01     2s
   8  -8.40132443e+03  1.00455363e+04  5.43e-14 2.17e-13  3.71e-02     2s
   9  -1.34546948e+03  1.65064618e+03  1.84e-14 4.26e-14  6.03e-03     2s
  10  -2.20479766e+02  2.07281001e+02  9.15e-15 4.26e-14  8.61e-04     2s
  11  -4.89109896e+01  3.18002692e+01  2.18e-15 1.42e-14  1.62e-04     2s
  12  -8.20000042e+00  5.63674149e+00  8.74e-16 2.84e-14  2.78e-05     2s
  13  -8.54152121e-01  9.73525069e-01  3.08e-16 1.42e-14  3.68e-06     3s
  14   2.44603022e-01  6.91807625e-01  3.42e-16 1.42e-14  9.00e-07     3s
  15   4.64879784e-01  6.43425328e-01  1.22e-16 1.42e-14  3.59e-07     3s
  16   5.46179501e-01  6.11870842e-01  9.39e-17 1.42e-14  1.32e-07     3s
  17   5.66385906e-01  6.03935183e-01  4.18e-17 1.42e-14  7.55e-08     3s
  18   5.84614976e-01  5.97230360e-01  9.48e-17 1.42e-14  2.54e-08     3s
  19   5.90773115e-01  5.94976918e-01  1.59e-16 2.84e-14  8.46e-09     3s
  20   5.93299897e-01  5.94076064e-01  1.01e-16 1.42e-14  1.56e-09     3s
  21   5.93790079e-01  5.93902448e-01  7.33e-17 1.42e-14  2.26e-10     3s
  22   5.93865022e-01  5.93875940e-01  9.45e-17 1.47e-14  2.20e-11     3s
  23   5.93872963e-01  5.93873132e-01  3.34e-16 2.84e-14  3.41e-13     4s
  24   5.93873066e-01  5.93873096e-01  2.54e-15 1.42e-14  6.08e-14     4s
  25   5.93873082e-01  5.93873090e-01  7.23e-15 2.13e-14  1.65e-14     4s
  26   5.93873087e-01  5.93873089e-01  3.09e-15 1.42e-14  4.06e-15     4s
  27   5.93873088e-01  5.93873088e-01  1.52e-15 1.42e-14  1.07e-15     4s
  28   5.93873088e-01  5.93873088e-01  1.31e-15 1.42e-14  4.30e-16     4s
  29   5.93873088e-01  5.93873088e-01  7.90e-16 1.42e-14  2.86e-16     4s
  30   5.93873088e-01  5.93873088e-01  6.64e-16 1.42e-14  1.47e-16     4s
  31   5.93873088e-01  5.93873088e-01  4.16e-16 1.42e-14  1.00e-16     4s
  32   5.93873088e-01  5.93873088e-01  3.28e-16 1.42e-14  4.67e-17     4s

Barrier solved model in 32 iterations and 4.31 seconds (3.82 work units)
Optimal objective 5.93873088e-01

objective value: 0.5938730880744898
Done! Time elapsed: 26.193888902664185 seconds.
g_0_1: 1.0393972933688829
g_1_1: 1.0239783492286108
g_1_2: 1.0706807115998143
g_2_1: 1.043102944307631
g_2_2: 1.1318503211558968
g_2_3: 1.0431029443092406
g_2_4: 1.1318503210085251
Parameters from last iteration: [0.18085513 0.72395269 0.18629844 0.73747378 0.19694196 0.73747378
 0.19694196]

Parameters from current iteration:
                [0.18085513 0.72395269 0.18629844 0.73747378 0.19694196 0.73747378
 0.19694196]


                Percentage Error = 1.349992196864256e-10
                
year done: 165
Time 166: 2
Optimization Iteration[1/20000]

Solving the optimization problem...
Set parameter TokenServer to value "licenses.rcc.uchicago.edu"
Read LP format model from file /scratch/local/jobs/50183995/tmpd22b4pgv.pyomo.lp
Reading time = 1.38 seconds
x1: 258121 rows, 502401 columns, 1259970 nonzeros
Set parameter Threads to value 8
Set parameter BarConvTol to value 1e-12
Gurobi Optimizer version 11.0.0 build v11.0.0rc2 (linux64 - "CentOS Linux 8")

CPU model: Intel(R) Xeon(R) Gold 6248R CPU @ 3.00GHz, instruction set [SSE2|AVX|AVX2|AVX512]
Thread count: 48 physical cores, 48 logical processors, using up to 8 threads

Optimize a model with 258121 rows, 502401 columns and 1259970 nonzeros
Model fingerprint: 0x43e263a5
Model has 3166 quadratic objective terms
Coefficient statistics:
  Matrix range     [1e+00, 1e+03]
  Objective range  [6e-08, 7e+01]
  QObjective range [4e-01, 3e+03]
  Bounds range     [3e-04, 1e+00]
  RHS range        [8e-17, 6e+00]
Presolve removed 131482 rows and 128814 columns
Presolve time: 0.63s
Presolved: 126639 rows, 373587 columns, 743930 nonzeros
Presolved model has 3166 quadratic objective terms
Ordering time: 0.17s

Barrier statistics:
 AA' NZ     : 3.709e+05
 Factor NZ  : 4.212e+06 (roughly 240 MB of memory)
 Factor Ops : 3.974e+08 (less than 1 second per iteration)
 Threads    : 8

                  Objective                Residual
Iter       Primal          Dual         Primal    Dual     Compl     Time
   0  -1.08208243e+09  8.62426925e+08  7.80e+04 1.14e-13  1.00e+06     1s
   1  -6.18909580e+08  5.71190884e+08  1.71e+04 1.38e+02  2.40e+05     1s
   2  -3.11035477e+08  3.11021848e+08  2.28e+02 1.12e+00  4.48e+03     1s
   3  -7.31788343e+07  7.38397132e+07  1.92e+00 1.48e-12  3.19e+02     1s
   4  -1.39340231e+07  1.46173253e+07  1.62e-01 4.16e-12  5.90e+01     2s
   5  -2.55218687e+06  2.82756838e+06  1.24e-02 1.24e-12  1.09e+01     2s
   6  -3.71998907e+05  4.27120970e+05  1.24e-08 9.15e-13  1.61e+00     2s
   7  -5.57164372e+04  7.01839541e+04  1.38e-13 6.38e-13  2.53e-01     2s
   8  -8.40132461e+03  1.00455361e+04  7.89e-14 2.23e-13  3.71e-02     2s
   9  -1.34546966e+03  1.65064600e+03  1.49e-14 3.02e-14  6.03e-03     2s
  10  -2.20479948e+02  2.07280819e+02  7.46e-15 3.55e-14  8.61e-04     2s
  11  -4.89111709e+01  3.18000879e+01  2.36e-15 2.84e-14  1.62e-04     2s
  12  -8.20018173e+00  5.63656017e+00  7.00e-16 1.42e-14  2.78e-05     2s
  13  -8.54333436e-01  9.73343755e-01  2.97e-16 1.42e-14  3.68e-06     3s
  14   2.44421708e-01  6.91626310e-01  3.40e-16 1.42e-14  9.00e-07     3s
  15   4.64698470e-01  6.43244013e-01  1.68e-16 1.42e-14  3.59e-07     3s
  16   5.45998187e-01  6.11689528e-01  1.26e-16 1.42e-14  1.32e-07     3s
  17   5.66204591e-01  6.03753869e-01  5.20e-17 1.42e-14  7.55e-08     3s
  18   5.84433661e-01  5.97049046e-01  5.38e-17 1.42e-14  2.54e-08     3s
  19   5.90591800e-01  5.94795603e-01  1.34e-16 1.42e-14  8.46e-09     3s
  20   5.93118583e-01  5.93894750e-01  6.61e-17 2.84e-14  1.56e-09     3s
  21   5.93608764e-01  5.93721134e-01  7.46e-17 1.42e-14  2.26e-10     4s
  22   5.93683708e-01  5.93694626e-01  1.23e-16 2.13e-14  2.20e-11     4s
  23   5.93691649e-01  5.93691818e-01  4.03e-16 1.42e-14  3.41e-13     4s
  24   5.93691752e-01  5.93691782e-01  3.95e-15 1.42e-14  6.05e-14     4s
  25   5.93691768e-01  5.93691776e-01  6.82e-15 1.42e-14  1.64e-14     4s
  26   5.93691772e-01  5.93691774e-01  2.71e-15 1.42e-14  4.04e-15     4s
  27   5.93691773e-01  5.93691774e-01  1.27e-15 1.42e-14  1.07e-15     4s
  28   5.93691774e-01  5.93691774e-01  1.06e-15 1.42e-14  4.28e-16     4s
  29   5.93691774e-01  5.93691774e-01  7.07e-16 1.07e-14  2.71e-16     4s
  30   5.93691774e-01  5.93691774e-01  5.38e-16 1.42e-14  2.25e-16     4s
  31   5.93691774e-01  5.93691774e-01  6.17e-16 7.11e-15  1.14e-16     4s
  32   5.93691774e-01  5.93691774e-01  5.66e-16 1.42e-14  1.09e-16     4s
  33   5.93691774e-01  5.93691774e-01  5.56e-16 7.11e-15  6.99e-17     5s

Barrier solved model in 33 iterations and 4.56 seconds (3.90 work units)
Optimal objective 5.93691774e-01

objective value: 0.5936917738076685
Done! Time elapsed: 24.913407564163208 seconds.
g_0_1: 1.039397293384729
g_1_1: 1.0239783492208887
g_1_2: 1.0706807116094745
g_2_1: 1.0431029443019568
g_2_2: 1.1318503212350408
g_2_3: 1.0431029443043913
g_2_4: 1.1318503210144149
Parameters from last iteration: [0.18085513 0.72395269 0.18629844 0.73747378 0.19694196 0.73747378
 0.19694196]

Parameters from current iteration:
                [0.18085513 0.72395269 0.18629844 0.73747378 0.19694196 0.73747378
 0.19694196]


                Percentage Error = 6.99244991142698e-11
                
year done: 166
Time 167: 2
Optimization Iteration[1/20000]

Solving the optimization problem...
Set parameter TokenServer to value "licenses.rcc.uchicago.edu"
Read LP format model from file /scratch/local/jobs/50183995/tmp7wj0g9ze.pyomo.lp
Reading time = 1.35 seconds
x1: 258121 rows, 502401 columns, 1259970 nonzeros
Set parameter Threads to value 8
Set parameter BarConvTol to value 1e-12
Gurobi Optimizer version 11.0.0 build v11.0.0rc2 (linux64 - "CentOS Linux 8")

CPU model: Intel(R) Xeon(R) Gold 6248R CPU @ 3.00GHz, instruction set [SSE2|AVX|AVX2|AVX512]
Thread count: 48 physical cores, 48 logical processors, using up to 8 threads

Optimize a model with 258121 rows, 502401 columns and 1259970 nonzeros
Model fingerprint: 0x52aeb23f
Model has 3166 quadratic objective terms
Coefficient statistics:
  Matrix range     [1e+00, 1e+03]
  Objective range  [6e-08, 7e+01]
  QObjective range [4e-01, 3e+03]
  Bounds range     [3e-04, 1e+00]
  RHS range        [8e-17, 6e+00]
Presolve removed 131482 rows and 128814 columns
Presolve time: 0.59s
Presolved: 126639 rows, 373587 columns, 743930 nonzeros
Presolved model has 3166 quadratic objective terms
Ordering time: 0.16s

Barrier statistics:
 AA' NZ     : 3.709e+05
 Factor NZ  : 4.212e+06 (roughly 240 MB of memory)
 Factor Ops : 3.974e+08 (less than 1 second per iteration)
 Threads    : 8

                  Objective                Residual
Iter       Primal          Dual         Primal    Dual     Compl     Time
   0  -1.08208243e+09  8.62426925e+08  7.80e+04 1.13e-13  1.00e+06     1s
   1  -6.18909580e+08  5.71190884e+08  1.71e+04 1.38e+02  2.40e+05     1s
   2  -3.11035477e+08  3.11021848e+08  2.28e+02 1.12e+00  4.48e+03     1s
   3  -7.31788343e+07  7.38397132e+07  1.92e+00 1.82e-12  3.19e+02     1s
   4  -1.39340231e+07  1.46173253e+07  1.62e-01 4.62e-12  5.90e+01     1s
   5  -2.55218687e+06  2.82756838e+06  1.24e-02 1.24e-12  1.09e+01     2s
   6  -3.71998907e+05  4.27120969e+05  1.24e-08 9.97e-13  1.61e+00     2s
   7  -5.57164374e+04  7.01839539e+04  1.92e-13 6.26e-13  2.53e-01     2s
   8  -8.40132478e+03  1.00455359e+04  4.74e-14 2.18e-13  3.71e-02     2s
   9  -1.34546984e+03  1.65064582e+03  1.45e-14 3.33e-14  6.03e-03     2s
  10  -2.20480121e+02  2.07280646e+02  9.21e-15 2.13e-14  8.61e-04     2s
  11  -4.89113441e+01  3.17999147e+01  2.36e-15 2.13e-14  1.62e-04     2s
  12  -8.20035489e+00  5.63638702e+00  1.52e-15 2.84e-14  2.78e-05     2s
  13  -8.54506589e-01  9.73170601e-01  3.44e-16 2.13e-14  3.68e-06     3s
  14   2.44248554e-01  6.91453157e-01  4.07e-16 1.42e-14  9.00e-07     3s
  15   4.64525316e-01  6.43070860e-01  2.67e-16 1.42e-14  3.59e-07     3s
  16   5.45825033e-01  6.11516374e-01  6.81e-17 1.42e-14  1.32e-07     3s
  17   5.66031438e-01  6.03580715e-01  4.37e-17 1.42e-14  7.55e-08     3s
  18   5.84260508e-01  5.96875892e-01  9.87e-17 1.42e-14  2.54e-08     3s
  19   5.90418647e-01  5.94622450e-01  9.55e-17 2.13e-14  8.46e-09     3s
  20   5.92945429e-01  5.93721596e-01  6.82e-17 1.42e-14  1.56e-09     3s
  21   5.93435610e-01  5.93547980e-01  1.33e-16 1.42e-14  2.26e-10     3s
  22   5.93510554e-01  5.93521472e-01  1.75e-16 1.42e-14  2.20e-11     4s
  23   5.93518495e-01  5.93518664e-01  4.24e-16 2.84e-14  3.41e-13     4s
  24   5.93518598e-01  5.93518628e-01  2.54e-15 1.82e-14  6.03e-14     4s
  25   5.93518614e-01  5.93518622e-01  6.87e-15 1.42e-14  1.64e-14     4s
  26   5.93518619e-01  5.93518621e-01  2.72e-15 1.42e-14  4.04e-15     4s
  27   5.93518620e-01  5.93518620e-01  1.86e-15 2.13e-14  1.07e-15     4s
  28   5.93518620e-01  5.93518620e-01  9.24e-16 1.42e-14  4.28e-16     4s
  29   5.93518620e-01  5.93518620e-01  6.86e-16 2.13e-14  2.69e-16     4s
  30   5.93518620e-01  5.93518620e-01  4.79e-16 1.42e-14  1.94e-16     4s
  31   5.93518620e-01  5.93518620e-01  4.21e-16 1.42e-14  1.03e-16     4s
  32   5.93518620e-01  5.93518620e-01  3.82e-16 1.42e-14  9.64e-17     4s

Barrier solved model in 32 iterations and 4.44 seconds (3.82 work units)
Optimal objective 5.93518620e-01

objective value: 0.5935186200249256
Done! Time elapsed: 24.80119800567627 seconds.
g_0_1: 1.0393972934028697
g_1_1: 1.0239783492120738
g_1_2: 1.07068071162056
g_2_1: 1.0431029442954438
g_2_2: 1.1318503213251838
g_2_3: 1.0431029442988038
g_2_4: 1.1318503210211663
Parameters from last iteration: [0.18085513 0.72395269 0.18629844 0.73747378 0.19694196 0.73747378
 0.19694196]

Parameters from current iteration:
                [0.18085513 0.72395269 0.18629844 0.73747378 0.19694196 0.73747378
 0.19694196]


                Percentage Error = 7.964209555119794e-11
                
year done: 167
Time 168: 2
Optimization Iteration[1/20000]

Solving the optimization problem...
Set parameter TokenServer to value "licenses.rcc.uchicago.edu"
Read LP format model from file /scratch/local/jobs/50183995/tmpghc3hezu.pyomo.lp
Reading time = 1.35 seconds
x1: 258121 rows, 502401 columns, 1259970 nonzeros
Set parameter Threads to value 8
Set parameter BarConvTol to value 1e-12
Gurobi Optimizer version 11.0.0 build v11.0.0rc2 (linux64 - "CentOS Linux 8")

CPU model: Intel(R) Xeon(R) Gold 6248R CPU @ 3.00GHz, instruction set [SSE2|AVX|AVX2|AVX512]
Thread count: 48 physical cores, 48 logical processors, using up to 8 threads

Optimize a model with 258121 rows, 502401 columns and 1259970 nonzeros
Model fingerprint: 0x86ec0471
Model has 3166 quadratic objective terms
Coefficient statistics:
  Matrix range     [1e+00, 1e+03]
  Objective range  [6e-08, 7e+01]
  QObjective range [4e-01, 3e+03]
  Bounds range     [3e-04, 1e+00]
  RHS range        [8e-17, 6e+00]
Presolve removed 131482 rows and 128814 columns
Presolve time: 0.57s
Presolved: 126639 rows, 373587 columns, 743930 nonzeros
Presolved model has 3166 quadratic objective terms
Ordering time: 0.16s

Barrier statistics:
 AA' NZ     : 3.709e+05
 Factor NZ  : 4.212e+06 (roughly 240 MB of memory)
 Factor Ops : 3.974e+08 (less than 1 second per iteration)
 Threads    : 8

                  Objective                Residual
Iter       Primal          Dual         Primal    Dual     Compl     Time
   0  -1.08208243e+09  8.62426925e+08  7.80e+04 1.13e-13  1.00e+06     1s
   1  -6.18909580e+08  5.71190884e+08  1.71e+04 1.38e+02  2.40e+05     1s
   2  -3.11035477e+08  3.11021848e+08  2.28e+02 1.12e+00  4.48e+03     1s
   3  -7.31788343e+07  7.38397132e+07  1.92e+00 2.06e-12  3.19e+02     1s
   4  -1.39340231e+07  1.46173253e+07  1.62e-01 5.02e-12  5.90e+01     1s
   5  -2.55218687e+06  2.82756838e+06  1.24e-02 1.29e-12  1.09e+01     2s
   6  -3.71998907e+05  4.27120969e+05  1.24e-08 1.60e-12  1.61e+00     2s
   7  -5.57164375e+04  7.01839537e+04  1.16e-13 6.36e-13  2.53e-01     2s
   8  -8.40132495e+03  1.00455358e+04  4.92e-14 2.55e-13  3.71e-02     2s
   9  -1.34547000e+03  1.65064566e+03  1.98e-14 3.11e-14  6.03e-03     2s
  10  -2.20480286e+02  2.07280481e+02  1.13e-14 2.84e-14  8.61e-04     2s
  11  -4.89115094e+01  3.17997493e+01  4.14e-15 1.42e-14  1.62e-04     2s
  12  -8.20052024e+00  5.63622166e+00  9.78e-16 1.78e-14  2.78e-05     2s
  13  -8.54671950e-01  9.73005240e-01  4.65e-16 1.42e-14  3.68e-06     3s
  14   2.44083193e-01  6.91287796e-01  5.68e-16 2.13e-14  9.00e-07     3s
  15   4.64359956e-01  6.42905499e-01  1.55e-16 2.13e-14  3.59e-07     3s
  16   5.45659672e-01  6.11351014e-01  9.29e-17 1.42e-14  1.32e-07     3s
  17   5.65866077e-01  6.03415354e-01  5.27e-17 2.13e-14  7.55e-08     3s
  18   5.84095147e-01  5.96710531e-01  8.67e-17 1.42e-14  2.54e-08     3s
  19   5.90253286e-01  5.94457089e-01  1.33e-16 1.42e-14  8.46e-09     3s
  20   5.92780068e-01  5.93556236e-01  1.05e-16 4.26e-14  1.56e-09     3s
  21   5.93270250e-01  5.93382620e-01  8.80e-17 1.42e-14  2.26e-10     3s
  22   5.93345194e-01  5.93356111e-01  7.20e-17 1.42e-14  2.20e-11     3s
  23   5.93353134e-01  5.93353304e-01  3.49e-16 1.42e-14  3.41e-13     3s
  24   5.93353237e-01  5.93353267e-01  3.31e-15 1.42e-14  6.02e-14     4s
  25   5.93353253e-01  5.93353262e-01  6.73e-15 1.42e-14  1.64e-14     4s
  26   5.93353258e-01  5.93353260e-01  2.61e-15 1.42e-14  4.03e-15     4s
  27   5.93353259e-01  5.93353260e-01  1.70e-15 2.13e-14  1.06e-15     4s
  28   5.93353259e-01  5.93353260e-01  1.10e-15 1.42e-14  4.27e-16     4s
  29   5.93353259e-01  5.93353260e-01  1.26e-15 1.42e-14  2.68e-16     4s
  30   5.93353259e-01  5.93353260e-01  7.57e-16 1.42e-14  1.92e-16     4s
  31   5.93353259e-01  5.93353260e-01  5.76e-16 1.42e-14  1.02e-16     4s
  32   5.93353259e-01  5.93353260e-01  5.07e-16 1.42e-14  9.56e-17     4s

Barrier solved model in 32 iterations and 4.29 seconds (3.82 work units)
Optimal objective 5.93353259e-01

objective value: 0.5933532594556372
Done! Time elapsed: 24.677835941314697 seconds.
g_0_1: 1.0393972934023046
g_1_1: 1.0239783492123502
g_1_2: 1.0706807116202082
g_2_1: 1.0431029442956425
g_2_2: 1.1318503213224054
g_2_3: 1.0431029442989794
g_2_4: 1.1318503210209512
Parameters from last iteration: [0.18085513 0.72395269 0.18629844 0.73747378 0.19694196 0.73747378
 0.19694196]

Parameters from current iteration:
                [0.18085513 0.72395269 0.18629844 0.73747378 0.19694196 0.73747378
 0.19694196]


                Percentage Error = 2.454767009080202e-12
                
year done: 168
Time 169: 2
Optimization Iteration[1/20000]

Solving the optimization problem...
Set parameter TokenServer to value "licenses.rcc.uchicago.edu"
Read LP format model from file /scratch/local/jobs/50183995/tmp0_q5nnay.pyomo.lp
Reading time = 1.35 seconds
x1: 258121 rows, 502401 columns, 1259970 nonzeros
Set parameter Threads to value 8
Set parameter BarConvTol to value 1e-12
Gurobi Optimizer version 11.0.0 build v11.0.0rc2 (linux64 - "CentOS Linux 8")

CPU model: Intel(R) Xeon(R) Gold 6248R CPU @ 3.00GHz, instruction set [SSE2|AVX|AVX2|AVX512]
Thread count: 48 physical cores, 48 logical processors, using up to 8 threads

Optimize a model with 258121 rows, 502401 columns and 1259970 nonzeros
Model fingerprint: 0x3a8ae535
Model has 3166 quadratic objective terms
Coefficient statistics:
  Matrix range     [1e+00, 1e+03]
  Objective range  [6e-08, 7e+01]
  QObjective range [4e-01, 3e+03]
  Bounds range     [3e-04, 1e+00]
  RHS range        [8e-17, 6e+00]
Presolve removed 131482 rows and 128814 columns
Presolve time: 0.56s
Presolved: 126639 rows, 373587 columns, 743930 nonzeros
Presolved model has 3166 quadratic objective terms
Ordering time: 0.16s

Barrier statistics:
 AA' NZ     : 3.709e+05
 Factor NZ  : 4.212e+06 (roughly 240 MB of memory)
 Factor Ops : 3.974e+08 (less than 1 second per iteration)
 Threads    : 8

                  Objective                Residual
Iter       Primal          Dual         Primal    Dual     Compl     Time
   0  -1.08208243e+09  8.62426925e+08  7.80e+04 1.14e-13  1.00e+06     1s
   1  -6.18909580e+08  5.71190884e+08  1.71e+04 1.38e+02  2.40e+05     1s
   2  -3.11035477e+08  3.11021848e+08  2.28e+02 1.12e+00  4.48e+03     1s
   3  -7.31788343e+07  7.38397132e+07  1.92e+00 1.70e-12  3.19e+02     1s
   4  -1.39340231e+07  1.46173253e+07  1.62e-01 4.44e-12  5.90e+01     1s
   5  -2.55218687e+06  2.82756838e+06  1.24e-02 1.62e-12  1.09e+01     1s
   6  -3.71998908e+05  4.27120969e+05  1.24e-08 9.55e-13  1.61e+00     2s
   7  -5.57164377e+04  7.01839536e+04  1.60e-13 6.66e-13  2.53e-01     2s
   8  -8.40132511e+03  1.00455356e+04  5.46e-14 2.41e-13  3.71e-02     2s
   9  -1.34547016e+03  1.65064550e+03  2.21e-14 4.26e-14  6.03e-03     2s
  10  -2.20480444e+02  2.07280323e+02  7.64e-15 2.84e-14  8.61e-04     2s
  11  -4.89116673e+01  3.17995914e+01  2.82e-15 1.42e-14  1.62e-04     2s
  12  -8.20067816e+00  5.63606374e+00  8.35e-16 2.13e-14  2.78e-05     2s
  13  -8.54829868e-01  9.72847322e-01  3.12e-16 1.42e-14  3.68e-06     2s
  14   2.43925275e-01  6.91129878e-01  3.53e-16 1.42e-14  9.00e-07     3s
  15   4.64202037e-01  6.42747581e-01  1.58e-16 1.42e-14  3.59e-07     3s
  16   5.45501754e-01  6.11193096e-01  7.33e-17 1.42e-14  1.32e-07     3s
  17   5.65708159e-01  6.03257436e-01  3.98e-17 1.42e-14  7.55e-08     3s
  18   5.83937229e-01  5.96552613e-01  1.20e-16 1.42e-14  2.54e-08     3s
  19   5.90095368e-01  5.94299171e-01  7.50e-17 1.42e-14  8.46e-09     3s
  20   5.92622150e-01  5.93398318e-01  9.74e-17 1.42e-14  1.56e-09     3s
  21   5.93112332e-01  5.93224702e-01  1.15e-16 1.42e-14  2.26e-10     3s
  22   5.93187275e-01  5.93198193e-01  1.37e-16 1.42e-14  2.20e-11     3s
  23   5.93195216e-01  5.93195386e-01  3.39e-16 1.42e-14  3.41e-13     3s
  24   5.93195319e-01  5.93195349e-01  2.90e-15 1.42e-14  6.01e-14     3s
  25   5.93195335e-01  5.93195344e-01  6.68e-15 1.42e-14  1.64e-14     4s
  26   5.93195340e-01  5.93195342e-01  2.71e-15 1.42e-14  4.02e-15     4s
  27   5.93195341e-01  5.93195342e-01  1.49e-15 1.42e-14  1.06e-15     4s
  28   5.93195341e-01  5.93195341e-01  8.94e-16 1.42e-14  4.26e-16     4s
  29   5.93195341e-01  5.93195341e-01  8.31e-16 1.42e-14  2.68e-16     4s
  30   5.93195341e-01  5.93195341e-01  5.92e-16 9.33e-15  1.99e-16     4s
  31   5.93195341e-01  5.93195341e-01  4.39e-16 1.42e-14  1.04e-16     4s
  32   5.93195341e-01  5.93195341e-01  4.07e-16 1.07e-14  9.82e-17     4s

Barrier solved model in 32 iterations and 4.14 seconds (3.82 work units)
Optimal objective 5.93195341e-01

objective value: 0.5931953413369424
Done! Time elapsed: 26.145115613937378 seconds.
g_0_1: 1.03939729340411
g_1_1: 1.023978349211467
g_1_2: 1.0706807116213237
g_2_1: 1.0431029442950002
g_2_2: 1.1318503213313924
g_2_3: 1.0431029442984194
g_2_4: 1.1318503210216342
Parameters from last iteration: [0.18085513 0.72395269 0.18629844 0.73747378 0.19694196 0.73747378
 0.19694196]

Parameters from current iteration:
                [0.18085513 0.72395269 0.18629844 0.73747378 0.19694196 0.73747378
 0.19694196]


                Percentage Error = 7.940152330458035e-12
                
year done: 169
Time 170: 2
Optimization Iteration[1/20000]

Solving the optimization problem...
Set parameter TokenServer to value "licenses.rcc.uchicago.edu"
Read LP format model from file /scratch/local/jobs/50183995/tmp45vt5x47.pyomo.lp
Reading time = 1.35 seconds
x1: 258121 rows, 502401 columns, 1259970 nonzeros
Set parameter Threads to value 8
Set parameter BarConvTol to value 1e-12
Gurobi Optimizer version 11.0.0 build v11.0.0rc2 (linux64 - "CentOS Linux 8")

CPU model: Intel(R) Xeon(R) Gold 6248R CPU @ 3.00GHz, instruction set [SSE2|AVX|AVX2|AVX512]
Thread count: 48 physical cores, 48 logical processors, using up to 8 threads

Optimize a model with 258121 rows, 502401 columns and 1259970 nonzeros
Model fingerprint: 0x5f86b2e4
Model has 3166 quadratic objective terms
Coefficient statistics:
  Matrix range     [1e+00, 1e+03]
  Objective range  [6e-08, 7e+01]
  QObjective range [4e-01, 3e+03]
  Bounds range     [3e-04, 1e+00]
  RHS range        [8e-17, 6e+00]
Presolve removed 131482 rows and 128814 columns
Presolve time: 0.56s
Presolved: 126639 rows, 373587 columns, 743930 nonzeros
Presolved model has 3166 quadratic objective terms
Ordering time: 0.16s

Barrier statistics:
 AA' NZ     : 3.709e+05
 Factor NZ  : 4.212e+06 (roughly 240 MB of memory)
 Factor Ops : 3.974e+08 (less than 1 second per iteration)
 Threads    : 8

                  Objective                Residual
Iter       Primal          Dual         Primal    Dual     Compl     Time
   0  -1.08208243e+09  8.62426925e+08  7.80e+04 1.14e-13  1.00e+06     1s
   1  -6.18909580e+08  5.71190884e+08  1.71e+04 1.38e+02  2.40e+05     1s
   2  -3.11035477e+08  3.11021848e+08  2.28e+02 1.12e+00  4.48e+03     1s
   3  -7.31788343e+07  7.38397132e+07  1.92e+00 2.23e-12  3.19e+02     1s
   4  -1.39340231e+07  1.46173253e+07  1.62e-01 4.16e-12  5.90e+01     1s
   5  -2.55218687e+06  2.82756838e+06  1.24e-02 1.23e-12  1.09e+01     2s
   6  -3.71998908e+05  4.27120969e+05  1.24e-08 2.58e-12  1.61e+00     2s
   7  -5.57164378e+04  7.01839534e+04  1.35e-13 5.89e-13  2.53e-01     2s
   8  -8.40132526e+03  1.00455355e+04  6.23e-14 2.01e-13  3.71e-02     2s
   9  -1.34547031e+03  1.65064535e+03  1.98e-14 3.20e-14  6.03e-03     2s
  10  -2.20480595e+02  2.07280172e+02  8.20e-15 2.13e-14  8.61e-04     2s
  11  -4.89118181e+01  3.17994406e+01  2.38e-15 2.84e-14  1.62e-04     2s
  12  -8.20082897e+00  5.63591293e+00  9.72e-16 1.42e-14  2.78e-05     2s
  13  -8.54980679e-01  9.72696511e-01  3.23e-16 2.13e-14  3.68e-06     2s
  14   2.43774465e-01  6.90979067e-01  4.38e-16 1.42e-14  9.00e-07     3s
  15   4.64051227e-01  6.42596770e-01  1.84e-16 1.42e-14  3.59e-07     3s
  16   5.45350944e-01  6.11042285e-01  7.31e-17 2.84e-14  1.32e-07     3s
  17   5.65557348e-01  6.03106626e-01  6.06e-17 1.42e-14  7.55e-08     3s
  18   5.83786418e-01  5.96401803e-01  6.98e-17 1.42e-14  2.54e-08     3s
  19   5.89944557e-01  5.94148360e-01  1.28e-16 1.42e-14  8.46e-09     3s
  20   5.92471340e-01  5.93247507e-01  9.15e-17 2.84e-14  1.56e-09     3s
  21   5.92961521e-01  5.93073891e-01  7.91e-17 1.42e-14  2.26e-10     3s
  22   5.93036465e-01  5.93047383e-01  7.27e-17 1.42e-14  2.20e-11     3s
  23   5.93044405e-01  5.93044575e-01  3.25e-16 2.84e-14  3.41e-13     3s
  24   5.93044509e-01  5.93044539e-01  2.66e-15 1.42e-14  5.99e-14     3s
  25   5.93044525e-01  5.93044533e-01  5.79e-15 2.44e-14  1.64e-14     4s
  26   5.93044529e-01  5.93044531e-01  2.41e-15 1.42e-14  4.01e-15     4s
  27   5.93044530e-01  5.93044531e-01  1.89e-15 1.42e-14  1.06e-15     4s
  28   5.93044531e-01  5.93044531e-01  1.17e-15 1.42e-14  4.26e-16     4s
  29   5.93044531e-01  5.93044531e-01  1.05e-15 1.15e-14  2.67e-16     4s
  30   5.93044531e-01  5.93044531e-01  6.61e-16 1.42e-14  2.05e-16     4s
  31   5.93044531e-01  5.93044531e-01  4.75e-16 1.42e-14  1.06e-16     4s
  32   5.93044531e-01  5.93044531e-01  4.19e-16 1.42e-14  1.01e-16     4s
  33   5.93044531e-01  5.93044531e-01  4.02e-16 1.42e-14  6.96e-17     4s

Barrier solved model in 33 iterations and 4.26 seconds (3.90 work units)
Optimal objective 5.93044531e-01

objective value: 0.5930445307156731
Done! Time elapsed: 24.654841899871826 seconds.
g_0_1: 1.0393972933845577
g_1_1: 1.0239783492209826
g_1_2: 1.0706807116093793
g_2_1: 1.0431029443020077
g_2_2: 1.1318503212338669
g_2_3: 1.043102944304433
g_2_4: 1.1318503210143578
Parameters from last iteration: [0.18085513 0.72395269 0.18629844 0.73747378 0.19694196 0.73747378
 0.19694196]

Parameters from current iteration:
                [0.18085513 0.72395269 0.18629844 0.73747378 0.19694196 0.73747378
 0.19694196]


                Percentage Error = 8.616474606190739e-11
                
year done: 170
Time 171: 2
Optimization Iteration[1/20000]

Solving the optimization problem...
Set parameter TokenServer to value "licenses.rcc.uchicago.edu"
Read LP format model from file /scratch/local/jobs/50183995/tmpunce3luv.pyomo.lp
Reading time = 1.34 seconds
x1: 258121 rows, 502401 columns, 1259970 nonzeros
Set parameter Threads to value 8
Set parameter BarConvTol to value 1e-12
Gurobi Optimizer version 11.0.0 build v11.0.0rc2 (linux64 - "CentOS Linux 8")

CPU model: Intel(R) Xeon(R) Gold 6248R CPU @ 3.00GHz, instruction set [SSE2|AVX|AVX2|AVX512]
Thread count: 48 physical cores, 48 logical processors, using up to 8 threads

Optimize a model with 258121 rows, 502401 columns and 1259970 nonzeros
Model fingerprint: 0x89094564
Model has 3166 quadratic objective terms
Coefficient statistics:
  Matrix range     [1e+00, 1e+03]
  Objective range  [6e-08, 7e+01]
  QObjective range [4e-01, 3e+03]
  Bounds range     [3e-04, 1e+00]
  RHS range        [8e-17, 6e+00]
Presolve removed 131482 rows and 128814 columns
Presolve time: 0.56s
Presolved: 126639 rows, 373587 columns, 743930 nonzeros
Presolved model has 3166 quadratic objective terms
Ordering time: 0.16s

Barrier statistics:
 AA' NZ     : 3.709e+05
 Factor NZ  : 4.212e+06 (roughly 240 MB of memory)
 Factor Ops : 3.974e+08 (less than 1 second per iteration)
 Threads    : 8

                  Objective                Residual
Iter       Primal          Dual         Primal    Dual     Compl     Time
   0  -1.08208243e+09  8.62426925e+08  7.80e+04 1.13e-13  1.00e+06     1s
   1  -6.18909580e+08  5.71190884e+08  1.71e+04 1.38e+02  2.40e+05     1s
   2  -3.11035477e+08  3.11021848e+08  2.28e+02 1.12e+00  4.48e+03     1s
   3  -7.31788343e+07  7.38397132e+07  1.92e+00 1.74e-12  3.19e+02     1s
   4  -1.39340231e+07  1.46173253e+07  1.62e-01 5.81e-12  5.90e+01     1s
   5  -2.55218687e+06  2.82756838e+06  1.24e-02 1.30e-12  1.09e+01     2s
   6  -3.71998908e+05  4.27120969e+05  1.24e-08 9.26e-13  1.61e+00     2s
   7  -5.57164380e+04  7.01839533e+04  1.56e-13 6.76e-13  2.53e-01     2s
   8  -8.40132540e+03  1.00455353e+04  5.05e-14 2.57e-13  3.71e-02     2s
   9  -1.34547045e+03  1.65064520e+03  1.51e-14 4.75e-14  6.03e-03     2s
  10  -2.20480739e+02  2.07280028e+02  5.68e-15 2.84e-14  8.61e-04     2s
  11  -4.89119622e+01  3.17992966e+01  2.56e-15 2.84e-14  1.62e-04     2s
  12  -8.20097300e+00  5.63576891e+00  1.37e-15 1.60e-14  2.78e-05     2s
  13  -8.55124702e-01  9.72552488e-01  4.08e-16 1.42e-14  3.68e-06     2s
  14   2.43630442e-01  6.90835044e-01  3.79e-16 1.42e-14  9.00e-07     3s
  15   4.63907204e-01  6.42452747e-01  1.11e-16 2.13e-14  3.59e-07     3s
  16   5.45206921e-01  6.10898262e-01  1.45e-16 1.42e-14  1.32e-07     3s
  17   5.65413325e-01  6.02962603e-01  6.85e-17 1.42e-14  7.55e-08     3s
  18   5.83642395e-01  5.96257780e-01  1.57e-16 1.42e-14  2.54e-08     3s
  19   5.89800534e-01  5.94004337e-01  7.30e-17 2.13e-14  8.46e-09     3s
  20   5.92327317e-01  5.93103484e-01  8.07e-17 1.42e-14  1.56e-09     3s
  21   5.92817498e-01  5.92929868e-01  5.95e-17 1.42e-14  2.26e-10     3s
  22   5.92892442e-01  5.92903360e-01  1.03e-16 2.84e-14  2.20e-11     3s
  23   5.92900382e-01  5.92900552e-01  4.14e-16 1.42e-14  3.41e-13     3s
  24   5.92900486e-01  5.92900515e-01  3.08e-15 1.42e-14  5.97e-14     3s
  25   5.92900502e-01  5.92900510e-01  6.47e-15 2.13e-14  1.64e-14     4s
  26   5.92900506e-01  5.92900508e-01  2.64e-15 7.55e-15  4.00e-15     4s
  27   5.92900507e-01  5.92900508e-01  1.82e-15 1.42e-14  1.06e-15     4s
  28   5.92900508e-01  5.92900508e-01  1.04e-15 1.42e-14  4.25e-16     4s
  29   5.92900508e-01  5.92900508e-01  7.67e-16 1.42e-14  2.67e-16     4s
  30   5.92900508e-01  5.92900508e-01  6.39e-16 1.42e-14  2.12e-16     4s
  31   5.92900508e-01  5.92900508e-01  5.72e-16 1.42e-14  1.08e-16     4s
  32   5.92900508e-01  5.92900508e-01  5.44e-16 1.42e-14  1.03e-16     4s
  33   5.92900508e-01  5.92900508e-01  3.96e-16 1.42e-14  6.81e-17     4s

Barrier solved model in 33 iterations and 4.23 seconds (3.90 work units)
Optimal objective 5.92900508e-01

objective value: 0.5929005076813488
Done! Time elapsed: 24.33910298347473 seconds.
g_0_1: 1.0393972933835205
g_1_1: 1.0239783492214838
g_1_2: 1.070680711608747
g_2_1: 1.0431029443023827
g_2_2: 1.1318503212289883
g_2_3: 1.0431029443047506
g_2_4: 1.1318503210139694
Parameters from last iteration: [0.18085513 0.72395269 0.18629844 0.73747378 0.19694196 0.73747378
 0.19694196]

Parameters from current iteration:
                [0.18085513 0.72395269 0.18629844 0.73747378 0.19694196 0.73747378
 0.19694196]


                Percentage Error = 4.31014694251675e-12
                
year done: 171
Time 172: 2
Optimization Iteration[1/20000]

Solving the optimization problem...
Set parameter TokenServer to value "licenses.rcc.uchicago.edu"
Read LP format model from file /scratch/local/jobs/50183995/tmplrpg1nk8.pyomo.lp
Reading time = 1.35 seconds
x1: 258121 rows, 502401 columns, 1259970 nonzeros
Set parameter Threads to value 8
Set parameter BarConvTol to value 1e-12
Gurobi Optimizer version 11.0.0 build v11.0.0rc2 (linux64 - "CentOS Linux 8")

CPU model: Intel(R) Xeon(R) Gold 6248R CPU @ 3.00GHz, instruction set [SSE2|AVX|AVX2|AVX512]
Thread count: 48 physical cores, 48 logical processors, using up to 8 threads

Optimize a model with 258121 rows, 502401 columns and 1259970 nonzeros
Model fingerprint: 0x4800136f
Model has 3166 quadratic objective terms
Coefficient statistics:
  Matrix range     [1e+00, 1e+03]
  Objective range  [6e-08, 7e+01]
  QObjective range [4e-01, 3e+03]
  Bounds range     [3e-04, 1e+00]
  RHS range        [8e-17, 6e+00]
Presolve removed 131482 rows and 128814 columns
Presolve time: 0.56s
Presolved: 126639 rows, 373587 columns, 743930 nonzeros
Presolved model has 3166 quadratic objective terms
Ordering time: 0.16s

Barrier statistics:
 AA' NZ     : 3.709e+05
 Factor NZ  : 4.212e+06 (roughly 240 MB of memory)
 Factor Ops : 3.974e+08 (less than 1 second per iteration)
 Threads    : 8

                  Objective                Residual
Iter       Primal          Dual         Primal    Dual     Compl     Time
   0  -1.08208243e+09  8.62426925e+08  7.80e+04 1.13e-13  1.00e+06     1s
   1  -6.18909580e+08  5.71190884e+08  1.71e+04 1.38e+02  2.40e+05     1s
   2  -3.11035477e+08  3.11021848e+08  2.28e+02 1.12e+00  4.48e+03     1s
   3  -7.31788343e+07  7.38397132e+07  1.92e+00 1.79e-12  3.19e+02     1s
   4  -1.39340231e+07  1.46173253e+07  1.62e-01 5.64e-12  5.90e+01     1s
   5  -2.55218687e+06  2.82756838e+06  1.24e-02 1.30e-12  1.09e+01     2s
   6  -3.71998908e+05  4.27120969e+05  1.24e-08 7.93e-13  1.61e+00     2s
   7  -5.57164381e+04  7.01839531e+04  1.67e-13 6.77e-13  2.53e-01     2s
   8  -8.40132554e+03  1.00455352e+04  4.06e-14 2.00e-13  3.71e-02     2s
   9  -1.34547059e+03  1.65064507e+03  2.03e-14 2.84e-14  6.03e-03     2s
  10  -2.20480877e+02  2.07279890e+02  8.61e-15 4.26e-14  8.61e-04     2s
  11  -4.89120997e+01  3.17991590e+01  1.81e-15 2.09e-14  1.62e-04     2s
  12  -8.20111054e+00  5.63563137e+00  1.30e-15 2.84e-14  2.78e-05     2s
  13  -8.55262243e-01  9.72414948e-01  2.81e-16 1.42e-14  3.68e-06     2s
  14   2.43492901e-01  6.90697503e-01  4.42e-16 2.84e-14  9.00e-07     3s
  15   4.63769663e-01  6.42315206e-01  1.96e-16 1.42e-14  3.59e-07     3s
  16   5.45069380e-01  6.10760721e-01  9.30e-17 1.42e-14  1.32e-07     3s
  17   5.65275784e-01  6.02825062e-01  6.57e-17 1.42e-14  7.55e-08     3s
  18   5.83504854e-01  5.96120239e-01  5.59e-17 1.42e-14  2.54e-08     3s
  19   5.89662993e-01  5.93866796e-01  5.16e-17 2.84e-14  8.46e-09     3s
  20   5.92189776e-01  5.92965943e-01  1.07e-16 2.13e-14  1.56e-09     3s
  21   5.92679957e-01  5.92792327e-01  9.71e-17 1.42e-14  2.26e-10     3s
  22   5.92754901e-01  5.92765819e-01  9.09e-17 1.42e-14  2.20e-11     3s
  23   5.92762841e-01  5.92763011e-01  3.02e-16 1.42e-14  3.41e-13     3s
  24   5.92762945e-01  5.92762975e-01  2.85e-15 1.42e-14  5.96e-14     3s
  25   5.92762961e-01  5.92762969e-01  7.51e-15 1.42e-14  1.63e-14     4s
  26   5.92762965e-01  5.92762967e-01  2.41e-15 1.42e-14  3.99e-15     4s
  27   5.92762966e-01  5.92762967e-01  1.55e-15 1.42e-14  1.05e-15     4s
  28   5.92762967e-01  5.92762967e-01  9.67e-16 1.42e-14  4.24e-16     4s
  29   5.92762967e-01  5.92762967e-01  9.04e-16 1.42e-14  2.66e-16     4s
  30   5.92762967e-01  5.92762967e-01  5.46e-16 1.42e-14  2.16e-16     4s
  31   5.92762967e-01  5.92762967e-01  4.73e-16 1.42e-14  1.09e-16     4s
  32   5.92762967e-01  5.92762967e-01  4.50e-16 1.42e-14  1.05e-16     4s
  33   5.92762967e-01  5.92762967e-01  3.59e-16 1.42e-14  6.84e-17     4s

Barrier solved model in 33 iterations and 4.28 seconds (3.90 work units)
Optimal objective 5.92762967e-01

objective value: 0.5927629667504895
Done! Time elapsed: 24.565650939941406 seconds.
g_0_1: 1.0393972933837292
g_1_1: 1.0239783492213788
g_1_2: 1.0706807116088712
g_2_1: 1.0431029443023057
g_2_2: 1.1318503212300177
g_2_3: 1.043102944304684
g_2_4: 1.1318503210140445
Parameters from last iteration: [0.18085513 0.72395269 0.18629844 0.73747378 0.19694196 0.73747378
 0.19694196]

Parameters from current iteration:
                [0.18085513 0.72395269 0.18629844 0.73747378 0.19694196 0.73747378
 0.19694196]


                Percentage Error = 9.09439172748928e-13
                
year done: 172
Time 173: 2
Optimization Iteration[1/20000]

Solving the optimization problem...
Set parameter TokenServer to value "licenses.rcc.uchicago.edu"
Read LP format model from file /scratch/local/jobs/50183995/tmpm0z3xdgd.pyomo.lp
Reading time = 1.36 seconds
x1: 258121 rows, 502401 columns, 1259970 nonzeros
Set parameter Threads to value 8
Set parameter BarConvTol to value 1e-12
Gurobi Optimizer version 11.0.0 build v11.0.0rc2 (linux64 - "CentOS Linux 8")

CPU model: Intel(R) Xeon(R) Gold 6248R CPU @ 3.00GHz, instruction set [SSE2|AVX|AVX2|AVX512]
Thread count: 48 physical cores, 48 logical processors, using up to 8 threads

Optimize a model with 258121 rows, 502401 columns and 1259970 nonzeros
Model fingerprint: 0xe2dc200e
Model has 3166 quadratic objective terms
Coefficient statistics:
  Matrix range     [1e+00, 1e+03]
  Objective range  [6e-08, 7e+01]
  QObjective range [4e-01, 3e+03]
  Bounds range     [3e-04, 1e+00]
  RHS range        [8e-17, 6e+00]
Presolve removed 131482 rows and 128814 columns
Presolve time: 0.57s
Presolved: 126639 rows, 373587 columns, 743930 nonzeros
Presolved model has 3166 quadratic objective terms
Ordering time: 0.16s

Barrier statistics:
 AA' NZ     : 3.709e+05
 Factor NZ  : 4.212e+06 (roughly 240 MB of memory)
 Factor Ops : 3.974e+08 (less than 1 second per iteration)
 Threads    : 8

                  Objective                Residual
Iter       Primal          Dual         Primal    Dual     Compl     Time
   0  -1.08208243e+09  8.62426925e+08  7.80e+04 1.14e-13  1.00e+06     1s
   1  -6.18909580e+08  5.71190884e+08  1.71e+04 1.38e+02  2.40e+05     1s
   2  -3.11035477e+08  3.11021848e+08  2.28e+02 1.12e+00  4.48e+03     1s
   3  -7.31788343e+07  7.38397132e+07  1.92e+00 1.65e-12  3.19e+02     1s
   4  -1.39340231e+07  1.46173253e+07  1.62e-01 4.88e-12  5.90e+01     1s
   5  -2.55218687e+06  2.82756838e+06  1.24e-02 1.20e-12  1.09e+01     2s
   6  -3.71998908e+05  4.27120969e+05  1.24e-08 9.67e-13  1.61e+00     2s
   7  -5.57164382e+04  7.01839530e+04  1.22e-13 8.61e-13  2.53e-01     2s
   8  -8.40132567e+03  1.00455351e+04  5.18e-14 2.60e-13  3.71e-02     2s
   9  -1.34547072e+03  1.65064494e+03  1.39e-14 3.11e-14  6.03e-03     2s
  10  -2.20481008e+02  2.07279759e+02  9.11e-15 4.26e-14  8.61e-04     2s
  11  -4.89122311e+01  3.17990277e+01  2.25e-15 1.42e-14  1.62e-04     2s
  12  -8.20124189e+00  5.63550001e+00  7.09e-16 1.42e-14  2.78e-05     2s
  13  -8.55393593e-01  9.72283597e-01  4.24e-16 2.84e-14  3.68e-06     2s
  14   2.43361550e-01  6.90566153e-01  3.88e-16 2.84e-14  9.00e-07     3s
  15   4.63638312e-01  6.42183856e-01  1.15e-16 2.84e-14  3.59e-07     3s
  16   5.44938029e-01  6.10629370e-01  7.79e-17 1.42e-14  1.32e-07     3s
  17   5.65144434e-01  6.02693711e-01  5.10e-17 2.13e-14  7.55e-08     3s
  18   5.83373504e-01  5.95988888e-01  7.60e-17 2.84e-14  2.54e-08     3s
  19   5.89531643e-01  5.93735446e-01  4.10e-17 2.84e-14  8.46e-09     3s
  20   5.92058425e-01  5.92834592e-01  6.51e-17 1.42e-14  1.56e-09     3s
  21   5.92548607e-01  5.92660977e-01  8.28e-17 1.42e-14  2.26e-10     3s
  22   5.92623550e-01  5.92634468e-01  8.81e-17 1.42e-14  2.20e-11     3s
  23   5.92631491e-01  5.92631661e-01  3.29e-16 2.13e-14  3.41e-13     3s
  24   5.92631594e-01  5.92631624e-01  2.68e-15 2.84e-14  5.94e-14     3s
  25   5.92631610e-01  5.92631618e-01  8.69e-15 1.42e-14  1.63e-14     4s
  26   5.92631615e-01  5.92631617e-01  2.59e-15 2.13e-14  3.98e-15     4s
  27   5.92631616e-01  5.92631616e-01  1.82e-15 1.42e-14  1.05e-15     4s
  28   5.92631616e-01  5.92631616e-01  1.09e-15 1.42e-14  4.23e-16     4s
  29   5.92631616e-01  5.92631616e-01  7.74e-16 1.42e-14  2.65e-16     4s
  30   5.92631616e-01  5.92631616e-01  5.46e-16 2.13e-14  2.18e-16     4s
  31   5.92631616e-01  5.92631616e-01  5.70e-16 1.42e-14  1.10e-16     4s
  32   5.92631616e-01  5.92631616e-01  5.48e-16 1.42e-14  1.06e-16     4s
  33   5.92631616e-01  5.92631616e-01  3.98e-16 1.42e-14  6.86e-17     4s

Barrier solved model in 33 iterations and 4.26 seconds (3.90 work units)
Optimal objective 5.92631616e-01

objective value: 0.5926316161812847
Done! Time elapsed: 26.089529037475586 seconds.
g_0_1: 1.039397293383845
g_1_1: 1.0239783492213197
g_1_2: 1.0706807116089379
g_2_1: 1.0431029443022688
g_2_2: 1.1318503212305386
g_2_3: 1.043102944304658
g_2_4: 1.1318503210140918
Parameters from last iteration: [0.18085513 0.72395269 0.18629844 0.73747378 0.19694196 0.73747378
 0.19694196]

Parameters from current iteration:
                [0.18085513 0.72395269 0.18629844 0.73747378 0.19694196 0.73747378
 0.19694196]


                Percentage Error = 4.602864308376411e-13
                
year done: 173
Time 174: 2
Optimization Iteration[1/20000]

Solving the optimization problem...
Set parameter TokenServer to value "licenses.rcc.uchicago.edu"
Read LP format model from file /scratch/local/jobs/50183995/tmp1_8qip3e.pyomo.lp
Reading time = 1.37 seconds
x1: 258121 rows, 502401 columns, 1259970 nonzeros
Set parameter Threads to value 8
Set parameter BarConvTol to value 1e-12
Gurobi Optimizer version 11.0.0 build v11.0.0rc2 (linux64 - "CentOS Linux 8")

CPU model: Intel(R) Xeon(R) Gold 6248R CPU @ 3.00GHz, instruction set [SSE2|AVX|AVX2|AVX512]
Thread count: 48 physical cores, 48 logical processors, using up to 8 threads

Optimize a model with 258121 rows, 502401 columns and 1259970 nonzeros
Model fingerprint: 0xdd483403
Model has 3166 quadratic objective terms
Coefficient statistics:
  Matrix range     [1e+00, 1e+03]
  Objective range  [6e-08, 7e+01]
  QObjective range [4e-01, 3e+03]
  Bounds range     [3e-04, 1e+00]
  RHS range        [8e-17, 6e+00]
Presolve removed 131482 rows and 128814 columns
Presolve time: 0.57s
Presolved: 126639 rows, 373587 columns, 743930 nonzeros
Presolved model has 3166 quadratic objective terms
Ordering time: 0.16s

Barrier statistics:
 AA' NZ     : 3.709e+05
 Factor NZ  : 4.212e+06 (roughly 240 MB of memory)
 Factor Ops : 3.974e+08 (less than 1 second per iteration)
 Threads    : 8

                  Objective                Residual
Iter       Primal          Dual         Primal    Dual     Compl     Time
   0  -1.08208243e+09  8.62426925e+08  7.80e+04 1.13e-13  1.00e+06     1s
   1  -6.18909580e+08  5.71190884e+08  1.71e+04 1.38e+02  2.40e+05     1s
   2  -3.11035477e+08  3.11021848e+08  2.28e+02 1.12e+00  4.48e+03     1s
   3  -7.31788343e+07  7.38397132e+07  1.92e+00 1.52e-12  3.19e+02     1s
   4  -1.39340231e+07  1.46173253e+07  1.62e-01 6.31e-12  5.90e+01     1s
   5  -2.55218687e+06  2.82756838e+06  1.24e-02 1.19e-12  1.09e+01     2s
   6  -3.71998908e+05  4.27120968e+05  1.24e-08 1.38e-12  1.61e+00     2s
   7  -5.57164384e+04  7.01839529e+04  1.86e-13 6.38e-13  2.53e-01     2s
   8  -8.40132580e+03  1.00455349e+04  4.37e-14 2.37e-13  3.71e-02     2s
   9  -1.34547085e+03  1.65064481e+03  1.37e-14 3.29e-14  6.03e-03     2s
  10  -2.20481133e+02  2.07279634e+02  9.61e-15 2.84e-14  8.61e-04     2s
  11  -4.89123565e+01  3.17989023e+01  2.47e-15 1.64e-14  1.62e-04     2s
  12  -8.20136733e+00  5.63537458e+00  8.18e-16 1.42e-14  2.78e-05     2s
  13  -8.55519032e-01  9.72158158e-01  3.84e-16 1.42e-14  3.68e-06     2s
  14   2.43236111e-01  6.90440714e-01  3.01e-16 1.42e-14  9.00e-07     3s
  15   4.63512873e-01  6.42058417e-01  1.75e-16 1.42e-14  3.59e-07     3s
  16   5.44812590e-01  6.10503932e-01  6.19e-17 1.42e-14  1.32e-07     3s
  17   5.65018995e-01  6.02568272e-01  4.65e-17 2.13e-14  7.55e-08     3s
  18   5.83248065e-01  5.95863449e-01  4.96e-17 1.42e-14  2.54e-08     3s
  19   5.89406204e-01  5.93610007e-01  1.28e-16 2.84e-14  8.46e-09     3s
  20   5.91932986e-01  5.92709154e-01  1.37e-16 1.42e-14  1.56e-09     3s
  21   5.92423168e-01  5.92535538e-01  1.10e-16 2.13e-14  2.26e-10     3s
  22   5.92498111e-01  5.92509029e-01  1.30e-16 1.42e-14  2.20e-11     3s
  23   5.92506052e-01  5.92506222e-01  3.56e-16 1.42e-14  3.41e-13     3s
  24   5.92506156e-01  5.92506185e-01  2.68e-15 1.42e-14  5.93e-14     3s
  25   5.92506171e-01  5.92506180e-01  7.01e-15 1.42e-14  1.63e-14     4s
  26   5.92506176e-01  5.92506178e-01  2.84e-15 1.42e-14  3.98e-15     4s
  27   5.92506177e-01  5.92506178e-01  1.82e-15 1.42e-14  1.05e-15     4s
  28   5.92506177e-01  5.92506177e-01  1.12e-15 1.42e-14  4.23e-16     4s
  29   5.92506177e-01  5.92506177e-01  9.86e-16 1.42e-14  2.65e-16     4s
  30   5.92506177e-01  5.92506177e-01  9.02e-16 1.42e-14  2.23e-16     4s
  31   5.92506177e-01  5.92506177e-01  6.32e-16 1.42e-14  1.14e-16     4s
  32   5.92506177e-01  5.92506177e-01  4.71e-16 1.42e-14  9.00e-17     4s

Barrier solved model in 32 iterations and 4.20 seconds (3.82 work units)
Optimal objective 5.92506177e-01

objective value: 0.5925061773537916
Done! Time elapsed: 24.36342978477478 seconds.
g_0_1: 1.0393972933985005
g_1_1: 1.0239783492141923
g_1_2: 1.0706807116178956
g_2_1: 1.0431029442970055
g_2_2: 1.1318503213034201
g_2_3: 1.043102944300147
g_2_4: 1.1318503210195514
Parameters from last iteration: [0.18085513 0.72395269 0.18629844 0.73747378 0.19694196 0.73747378
 0.19694196]

Parameters from current iteration:
                [0.18085513 0.72395269 0.18629844 0.73747378 0.19694196 0.73747378
 0.19694196]


                Percentage Error = 6.439133757839448e-11
                
year done: 174
Time 175: 2
Optimization Iteration[1/20000]

Solving the optimization problem...
Set parameter TokenServer to value "licenses.rcc.uchicago.edu"
Read LP format model from file /scratch/local/jobs/50183995/tmpzjfogq4r.pyomo.lp
Reading time = 1.35 seconds
x1: 258121 rows, 502401 columns, 1259970 nonzeros
Set parameter Threads to value 8
Set parameter BarConvTol to value 1e-12
Gurobi Optimizer version 11.0.0 build v11.0.0rc2 (linux64 - "CentOS Linux 8")

CPU model: Intel(R) Xeon(R) Gold 6248R CPU @ 3.00GHz, instruction set [SSE2|AVX|AVX2|AVX512]
Thread count: 48 physical cores, 48 logical processors, using up to 8 threads

Optimize a model with 258121 rows, 502401 columns and 1259970 nonzeros
Model fingerprint: 0x028ab131
Model has 3166 quadratic objective terms
Coefficient statistics:
  Matrix range     [1e+00, 1e+03]
  Objective range  [6e-08, 7e+01]
  QObjective range [4e-01, 3e+03]
  Bounds range     [3e-04, 1e+00]
  RHS range        [8e-17, 6e+00]
Presolve removed 131482 rows and 128814 columns
Presolve time: 0.57s
Presolved: 126639 rows, 373587 columns, 743930 nonzeros
Presolved model has 3166 quadratic objective terms
Ordering time: 0.16s

Barrier statistics:
 AA' NZ     : 3.709e+05
 Factor NZ  : 4.212e+06 (roughly 240 MB of memory)
 Factor Ops : 3.974e+08 (less than 1 second per iteration)
 Threads    : 8

                  Objective                Residual
Iter       Primal          Dual         Primal    Dual     Compl     Time
   0  -1.08208243e+09  8.62426925e+08  7.80e+04 1.13e-13  1.00e+06     1s
   1  -6.18909580e+08  5.71190884e+08  1.71e+04 1.38e+02  2.40e+05     1s
   2  -3.11035477e+08  3.11021848e+08  2.28e+02 1.12e+00  4.48e+03     1s
   3  -7.31788343e+07  7.38397132e+07  1.92e+00 1.65e-12  3.19e+02     1s
   4  -1.39340231e+07  1.46173253e+07  1.62e-01 5.01e-12  5.90e+01     1s
   5  -2.55218687e+06  2.82756838e+06  1.24e-02 1.21e-12  1.09e+01     2s
   6  -3.71998908e+05  4.27120968e+05  1.24e-08 9.78e-13  1.61e+00     2s
   7  -5.57164385e+04  7.01839528e+04  1.29e-13 6.44e-13  2.53e-01     2s
   8  -8.40132591e+03  1.00455348e+04  5.76e-14 2.60e-13  3.71e-02     2s
   9  -1.34547097e+03  1.65064469e+03  1.45e-14 5.68e-14  6.03e-03     2s
  10  -2.20481253e+02  2.07279514e+02  1.08e-14 2.84e-14  8.61e-04     2s
  11  -4.89124763e+01  3.17987825e+01  2.99e-15 2.84e-14  1.62e-04     2s
  12  -8.20148712e+00  5.63525478e+00  9.61e-16 1.42e-14  2.78e-05     2s
  13  -8.55638825e-01  9.72038365e-01  4.62e-16 2.13e-14  3.68e-06     2s
  14   2.43116318e-01  6.90320921e-01  4.31e-16 2.84e-14  9.00e-07     3s
  15   4.63393080e-01  6.41938624e-01  1.72e-16 2.13e-14  3.59e-07     3s
  16   5.44692797e-01  6.10384138e-01  1.70e-16 2.84e-14  1.32e-07     3s
  17   5.64899202e-01  6.02448479e-01  4.10e-17 1.42e-14  7.55e-08     3s
  18   5.83128272e-01  5.95743656e-01  5.56e-17 2.13e-14  2.54e-08     3s
  19   5.89286411e-01  5.93490214e-01  1.27e-16 2.84e-14  8.46e-09     3s
  20   5.91813193e-01  5.92589360e-01  7.41e-17 1.95e-14  1.56e-09     3s
  21   5.92303375e-01  5.92415745e-01  1.17e-16 1.42e-14  2.26e-10     3s
  22   5.92378318e-01  5.92389236e-01  1.28e-16 1.42e-14  2.20e-11     3s
  23   5.92386259e-01  5.92386429e-01  3.78e-16 1.42e-14  3.41e-13     3s
  24   5.92386363e-01  5.92386392e-01  3.05e-15 1.42e-14  5.91e-14     3s
  25   5.92386378e-01  5.92386386e-01  6.57e-15 1.42e-14  1.63e-14     4s
  26   5.92386383e-01  5.92386385e-01  2.26e-15 1.42e-14  3.98e-15     4s
  27   5.92386384e-01  5.92386384e-01  1.58e-15 1.42e-14  1.05e-15     4s
  28   5.92386384e-01  5.92386384e-01  1.20e-15 2.13e-14  4.22e-16     4s
  29   5.92386384e-01  5.92386384e-01  9.16e-16 1.42e-14  2.65e-16     4s
  30   5.92386384e-01  5.92386384e-01  6.80e-16 1.42e-14  2.25e-16     4s
  31   5.92386384e-01  5.92386384e-01  6.40e-16 1.42e-14  1.21e-16     4s
  32   5.92386384e-01  5.92386384e-01  4.29e-16 1.42e-14  7.29e-17     4s

Barrier solved model in 32 iterations and 4.14 seconds (3.82 work units)
Optimal objective 5.92386384e-01

objective value: 0.5923863842170168
Done! Time elapsed: 24.33685564994812 seconds.
g_0_1: 1.0393972933867586
g_1_1: 1.0239783492199046
g_1_2: 1.0706807116107162
g_2_1: 1.0431029443012148
g_2_2: 1.1318503212451478
g_2_3: 1.0431029443037516
g_2_4: 1.1318503210151656
Parameters from last iteration: [0.18085513 0.72395269 0.18629844 0.73747378 0.19694196 0.73747378
 0.19694196]

Parameters from current iteration:
                [0.18085513 0.72395269 0.18629844 0.73747378 0.19694196 0.73747378
 0.19694196]


                Percentage Error = 5.1484009721972816e-11
                
year done: 175
Time 176: 2
Optimization Iteration[1/20000]

Solving the optimization problem...
Set parameter TokenServer to value "licenses.rcc.uchicago.edu"
Read LP format model from file /scratch/local/jobs/50183995/tmpyfqqmlm8.pyomo.lp
Reading time = 1.34 seconds
x1: 258121 rows, 502401 columns, 1259970 nonzeros
Set parameter Threads to value 8
Set parameter BarConvTol to value 1e-12
Gurobi Optimizer version 11.0.0 build v11.0.0rc2 (linux64 - "CentOS Linux 8")

CPU model: Intel(R) Xeon(R) Gold 6248R CPU @ 3.00GHz, instruction set [SSE2|AVX|AVX2|AVX512]
Thread count: 48 physical cores, 48 logical processors, using up to 8 threads

Optimize a model with 258121 rows, 502401 columns and 1259970 nonzeros
Model fingerprint: 0x736292a7
Model has 3166 quadratic objective terms
Coefficient statistics:
  Matrix range     [1e+00, 1e+03]
  Objective range  [6e-08, 7e+01]
  QObjective range [4e-01, 3e+03]
  Bounds range     [3e-04, 1e+00]
  RHS range        [8e-17, 6e+00]
Presolve removed 131482 rows and 128814 columns
Presolve time: 0.58s
Presolved: 126639 rows, 373587 columns, 743930 nonzeros
Presolved model has 3166 quadratic objective terms
Ordering time: 0.16s

Barrier statistics:
 AA' NZ     : 3.709e+05
 Factor NZ  : 4.212e+06 (roughly 240 MB of memory)
 Factor Ops : 3.974e+08 (less than 1 second per iteration)
 Threads    : 8

                  Objective                Residual
Iter       Primal          Dual         Primal    Dual     Compl     Time
   0  -1.08208243e+09  8.62426925e+08  7.80e+04 1.14e-13  1.00e+06     1s
   1  -6.18909580e+08  5.71190884e+08  1.71e+04 1.38e+02  2.40e+05     1s
   2  -3.11035477e+08  3.11021848e+08  2.28e+02 1.12e+00  4.48e+03     1s
   3  -7.31788343e+07  7.38397132e+07  1.92e+00 1.67e-12  3.19e+02     1s
   4  -1.39340231e+07  1.46173253e+07  1.62e-01 4.56e-12  5.90e+01     1s
   5  -2.55218687e+06  2.82756838e+06  1.24e-02 1.22e-12  1.09e+01     2s
   6  -3.71998909e+05  4.27120968e+05  1.24e-08 9.10e-13  1.61e+00     2s
   7  -5.57164386e+04  7.01839527e+04  1.63e-13 6.13e-13  2.53e-01     2s
   8  -8.40132603e+03  1.00455347e+04  5.17e-14 2.21e-13  3.71e-02     2s
   9  -1.34547108e+03  1.65064458e+03  1.35e-14 2.84e-14  6.03e-03     2s
  10  -2.20481368e+02  2.07279400e+02  9.72e-15 2.84e-14  8.61e-04     2s
  11  -4.89125907e+01  3.17986681e+01  2.47e-15 2.13e-14  1.62e-04     2s
  12  -8.20160152e+00  5.63514038e+00  9.46e-16 1.42e-14  2.78e-05     2s
  13  -8.55753227e-01  9.71923963e-01  3.77e-16 2.13e-14  3.68e-06     3s
  14   2.43001916e-01  6.90206519e-01  6.63e-16 1.42e-14  9.00e-07     3s
  15   4.63278679e-01  6.41824222e-01  2.72e-16 2.13e-14  3.59e-07     3s
  16   5.44578395e-01  6.10269737e-01  1.15e-16 1.42e-14  1.32e-07     3s
  17   5.64784800e-01  6.02334078e-01  6.27e-17 2.84e-14  7.55e-08     3s
  18   5.83013870e-01  5.95629255e-01  7.33e-17 2.84e-14  2.54e-08     3s
  19   5.89172009e-01  5.93375812e-01  4.94e-17 2.13e-14  8.46e-09     3s
  20   5.91698792e-01  5.92474959e-01  1.01e-16 1.42e-14  1.56e-09     3s
  21   5.92188973e-01  5.92301343e-01  5.02e-17 1.42e-14  2.26e-10     3s
  22   5.92263917e-01  5.92274835e-01  1.14e-16 1.42e-14  2.20e-11     3s
  23   5.92271857e-01  5.92272027e-01  3.74e-16 2.84e-14  3.41e-13     3s
  24   5.92271961e-01  5.92271990e-01  3.45e-15 1.42e-14  5.90e-14     4s
  25   5.92271977e-01  5.92271985e-01  7.86e-15 1.42e-14  1.63e-14     4s
  26   5.92271981e-01  5.92271983e-01  2.70e-15 1.42e-14  3.98e-15     4s
  27   5.92271982e-01  5.92271983e-01  1.86e-15 1.42e-14  1.05e-15     4s
  28   5.92271983e-01  5.92271983e-01  8.56e-16 1.42e-14  4.22e-16     4s
  29   5.92271983e-01  5.92271983e-01  8.05e-16 1.42e-14  2.65e-16     4s
  30   5.92271983e-01  5.92271983e-01  6.78e-16 1.42e-14  2.26e-16     4s
  31   5.92271983e-01  5.92271983e-01  6.20e-16 1.42e-14  1.25e-16     4s
  32   5.92271983e-01  5.92271983e-01  3.83e-16 1.42e-14  8.97e-17     4s

Barrier solved model in 32 iterations and 4.21 seconds (3.82 work units)
Optimal objective 5.92271983e-01

objective value: 0.5922719826477726
Done! Time elapsed: 24.330789804458618 seconds.
g_0_1: 1.039397293398343
g_1_1: 1.0239783492142667
g_1_2: 1.0706807116178099
g_2_1: 1.0431029442970579
g_2_2: 1.1318503213025155
g_2_3: 1.0431029443001725
g_2_4: 1.1318503210194906
Parameters from last iteration: [0.18085513 0.72395269 0.18629844 0.73747378 0.19694196 0.73747378
 0.19694196]

Parameters from current iteration:
                [0.18085513 0.72395269 0.18629844 0.73747378 0.19694196 0.73747378
 0.19694196]


                Percentage Error = 5.068477997898797e-11
                
year done: 176
Time 177: 2
Optimization Iteration[1/20000]

Solving the optimization problem...
Set parameter TokenServer to value "licenses.rcc.uchicago.edu"
Read LP format model from file /scratch/local/jobs/50183995/tmp92lluom_.pyomo.lp
Reading time = 1.35 seconds
x1: 258121 rows, 502401 columns, 1259970 nonzeros
Set parameter Threads to value 8
Set parameter BarConvTol to value 1e-12
Gurobi Optimizer version 11.0.0 build v11.0.0rc2 (linux64 - "CentOS Linux 8")

CPU model: Intel(R) Xeon(R) Gold 6248R CPU @ 3.00GHz, instruction set [SSE2|AVX|AVX2|AVX512]
Thread count: 48 physical cores, 48 logical processors, using up to 8 threads

Optimize a model with 258121 rows, 502401 columns and 1259970 nonzeros
Model fingerprint: 0x6551d7c4
Model has 3166 quadratic objective terms
Coefficient statistics:
  Matrix range     [1e+00, 1e+03]
  Objective range  [6e-08, 7e+01]
  QObjective range [4e-01, 3e+03]
  Bounds range     [3e-04, 1e+00]
  RHS range        [8e-17, 6e+00]
Presolve removed 131482 rows and 128814 columns
Presolve time: 0.56s
Presolved: 126639 rows, 373587 columns, 743930 nonzeros
Presolved model has 3166 quadratic objective terms
Ordering time: 0.16s

Barrier statistics:
 AA' NZ     : 3.709e+05
 Factor NZ  : 4.212e+06 (roughly 240 MB of memory)
 Factor Ops : 3.974e+08 (less than 1 second per iteration)
 Threads    : 8

                  Objective                Residual
Iter       Primal          Dual         Primal    Dual     Compl     Time
   0  -1.08208243e+09  8.62426925e+08  7.80e+04 1.14e-13  1.00e+06     1s
   1  -6.18909580e+08  5.71190884e+08  1.71e+04 1.38e+02  2.40e+05     1s
   2  -3.11035477e+08  3.11021848e+08  2.28e+02 1.12e+00  4.48e+03     1s
   3  -7.31788343e+07  7.38397132e+07  1.92e+00 1.87e-12  3.19e+02     1s
   4  -1.39340231e+07  1.46173253e+07  1.62e-01 4.75e-12  5.90e+01     1s
   5  -2.55218687e+06  2.82756838e+06  1.24e-02 1.21e-12  1.09e+01     2s
   6  -3.71998909e+05  4.27120968e+05  1.24e-08 1.77e-12  1.61e+00     2s
   7  -5.57164387e+04  7.01839525e+04  1.42e-13 7.27e-13  2.53e-01     2s
   8  -8.40132614e+03  1.00455346e+04  4.40e-14 3.08e-13  3.71e-02     2s
   9  -1.34547119e+03  1.65064447e+03  2.47e-14 7.11e-14  6.03e-03     2s
  10  -2.20481477e+02  2.07279290e+02  1.06e-14 2.84e-14  8.61e-04     2s
  11  -4.89126999e+01  3.17985588e+01  2.41e-15 2.84e-14  1.62e-04     2s
  12  -8.20171077e+00  5.63503113e+00  8.77e-16 2.84e-14  2.78e-05     2s
  13  -8.55862479e-01  9.71814711e-01  3.29e-16 1.42e-14  3.68e-06     2s
  14   2.42892664e-01  6.90097267e-01  3.60e-16 1.42e-14  9.00e-07     3s
  15   4.63169426e-01  6.41714970e-01  1.22e-16 2.13e-14  3.59e-07     3s
  16   5.44469143e-01  6.10160484e-01  6.76e-17 1.42e-14  1.32e-07     3s
  17   5.64675548e-01  6.02224825e-01  6.34e-17 2.13e-14  7.55e-08     3s
  18   5.82904618e-01  5.95520002e-01  4.94e-17 1.42e-14  2.54e-08     3s
  19   5.89062757e-01  5.93266560e-01  8.34e-17 1.42e-14  8.46e-09     3s
  20   5.91589539e-01  5.92365706e-01  6.61e-17 2.84e-14  1.56e-09     3s
  21   5.92079720e-01  5.92192090e-01  6.27e-17 1.42e-14  2.26e-10     3s
  22   5.92154664e-01  5.92165582e-01  1.24e-16 1.47e-14  2.20e-11     3s
  23   5.92162605e-01  5.92162774e-01  3.65e-16 1.42e-14  3.41e-13     3s
  24   5.92162708e-01  5.92162738e-01  3.14e-15 1.42e-14  5.88e-14     3s
  25   5.92162724e-01  5.92162732e-01  6.40e-15 1.42e-14  1.62e-14     4s
  26   5.92162729e-01  5.92162731e-01  3.15e-15 2.13e-14  3.97e-15     4s
  27   5.92162730e-01  5.92162730e-01  1.47e-15 1.42e-14  1.05e-15     4s
  28   5.92162730e-01  5.92162730e-01  8.64e-16 1.60e-14  4.22e-16     4s
  29   5.92162730e-01  5.92162730e-01  7.67e-16 1.42e-14  2.65e-16     4s
  30   5.92162730e-01  5.92162730e-01  5.92e-16 1.42e-14  2.26e-16     4s
  31   5.92162730e-01  5.92162730e-01  6.79e-16 1.42e-14  1.27e-16     4s
  32   5.92162730e-01  5.92162730e-01  3.74e-16 1.42e-14  8.32e-17     4s

Barrier solved model in 32 iterations and 4.14 seconds (3.82 work units)
Optimal objective 5.92162730e-01

objective value: 0.5921627300052906
Done! Time elapsed: 25.904772996902466 seconds.
g_0_1: 1.0393972933938447
g_1_1: 1.023978349216459
g_1_2: 1.0706807116150538
g_2_1: 1.043102944298666
g_2_2: 1.131850321280168
g_2_3: 1.0431029443015591
g_2_4: 1.131850321017807
Parameters from last iteration: [0.18085513 0.72395269 0.18629844 0.73747378 0.19694196 0.73747378
 0.19694196]

Parameters from current iteration:
                [0.18085513 0.72395269 0.18629844 0.73747378 0.19694196 0.73747378
 0.19694196]


                Percentage Error = 1.9744117516993198e-11
                
year done: 177
Time 178: 2
Optimization Iteration[1/20000]

Solving the optimization problem...
Set parameter TokenServer to value "licenses.rcc.uchicago.edu"
Read LP format model from file /scratch/local/jobs/50183995/tmpqmnb6946.pyomo.lp
Reading time = 1.35 seconds
x1: 258121 rows, 502401 columns, 1259970 nonzeros
Set parameter Threads to value 8
Set parameter BarConvTol to value 1e-12
Gurobi Optimizer version 11.0.0 build v11.0.0rc2 (linux64 - "CentOS Linux 8")

CPU model: Intel(R) Xeon(R) Gold 6248R CPU @ 3.00GHz, instruction set [SSE2|AVX|AVX2|AVX512]
Thread count: 48 physical cores, 48 logical processors, using up to 8 threads

Optimize a model with 258121 rows, 502401 columns and 1259970 nonzeros
Model fingerprint: 0x75fc91dd
Model has 3166 quadratic objective terms
Coefficient statistics:
  Matrix range     [1e+00, 1e+03]
  Objective range  [6e-08, 7e+01]
  QObjective range [4e-01, 3e+03]
  Bounds range     [3e-04, 1e+00]
  RHS range        [8e-17, 6e+00]
Presolve removed 131482 rows and 128814 columns
Presolve time: 0.56s
Presolved: 126639 rows, 373587 columns, 743930 nonzeros
Presolved model has 3166 quadratic objective terms
Ordering time: 0.16s

Barrier statistics:
 AA' NZ     : 3.709e+05
 Factor NZ  : 4.212e+06 (roughly 240 MB of memory)
 Factor Ops : 3.974e+08 (less than 1 second per iteration)
 Threads    : 8

                  Objective                Residual
Iter       Primal          Dual         Primal    Dual     Compl     Time
   0  -1.08208243e+09  8.62426925e+08  7.80e+04 1.14e-13  1.00e+06     1s
   1  -6.18909580e+08  5.71190884e+08  1.71e+04 1.38e+02  2.40e+05     1s
   2  -3.11035477e+08  3.11021848e+08  2.28e+02 1.12e+00  4.48e+03     1s
   3  -7.31788343e+07  7.38397132e+07  1.92e+00 1.86e-12  3.19e+02     1s
   4  -1.39340231e+07  1.46173253e+07  1.62e-01 4.73e-12  5.90e+01     1s
   5  -2.55218687e+06  2.82756838e+06  1.24e-02 1.37e-12  1.09e+01     2s
   6  -3.71998909e+05  4.27120968e+05  1.24e-08 1.47e-12  1.61e+00     2s
   7  -5.57164388e+04  7.01839524e+04  1.50e-13 7.46e-13  2.53e-01     2s
   8  -8.40132624e+03  1.00455345e+04  4.85e-14 2.27e-13  3.71e-02     2s
   9  -1.34547130e+03  1.65064436e+03  1.78e-14 4.26e-14  6.03e-03     2s
  10  -2.20481581e+02  2.07279186e+02  8.59e-15 2.84e-14  8.61e-04     2s
  11  -4.89128043e+01  3.17984545e+01  1.88e-15 1.42e-14  1.62e-04     2s
  12  -8.20181511e+00  5.63492679e+00  1.52e-15 2.13e-14  2.78e-05     2s
  13  -8.55966815e-01  9.71710375e-01  3.45e-16 1.42e-14  3.68e-06     2s
  14   2.42788328e-01  6.89992931e-01  3.38e-16 1.42e-14  9.00e-07     3s
  15   4.63065091e-01  6.41610634e-01  2.14e-16 1.42e-14  3.59e-07     3s
  16   5.44364807e-01  6.10056149e-01  9.58e-17 2.84e-14  1.32e-07     3s
  17   5.64571212e-01  6.02120489e-01  6.53e-17 1.42e-14  7.55e-08     3s
  18   5.82800282e-01  5.95415667e-01  1.04e-16 1.42e-14  2.54e-08     3s
  19   5.88958421e-01  5.93162224e-01  7.16e-17 1.42e-14  8.46e-09     3s
  20   5.91485203e-01  5.92261371e-01  1.06e-16 1.42e-14  1.56e-09     3s
  21   5.91975385e-01  5.92087755e-01  6.38e-17 1.42e-14  2.26e-10     3s
  22   5.92050329e-01  5.92061247e-01  8.71e-17 1.42e-14  2.20e-11     3s
  23   5.92058269e-01  5.92058439e-01  2.97e-16 1.42e-14  3.41e-13     3s
  24   5.92058373e-01  5.92058402e-01  3.06e-15 1.42e-14  5.87e-14     3s
  25   5.92058389e-01  5.92058397e-01  6.47e-15 1.42e-14  1.62e-14     4s
  26   5.92058393e-01  5.92058395e-01  2.88e-15 1.42e-14  3.97e-15     4s
  27   5.92058394e-01  5.92058395e-01  1.42e-15 2.13e-14  1.05e-15     4s
  28   5.92058394e-01  5.92058395e-01  1.08e-15 1.42e-14  4.49e-16     4s
  29   5.92058394e-01  5.92058395e-01  9.92e-16 1.42e-14  4.20e-16     4s
  30   5.92058394e-01  5.92058395e-01  1.15e-15 1.42e-14  2.39e-16     4s
  31   5.92058395e-01  5.92058395e-01  4.75e-16 1.42e-14  1.24e-16     4s
  32   5.92058395e-01  5.92058395e-01  2.85e-16 1.42e-14  9.05e-17     4s

Barrier solved model in 32 iterations and 4.19 seconds (3.82 work units)
Optimal objective 5.92058395e-01

objective value: 0.5920583945369651
Done! Time elapsed: 24.348614931106567 seconds.
g_0_1: 1.0393972933989066
g_1_1: 1.0239783492140124
g_1_2: 1.0706807116181434
g_2_1: 1.0431029442968618
g_2_2: 1.131850321305253
g_2_3: 1.0431029443000146
g_2_4: 1.131850321019695
Parameters from last iteration: [0.18085513 0.72395269 0.18629844 0.73747378 0.19694196 0.73747378
 0.19694196]

Parameters from current iteration:
                [0.18085513 0.72395269 0.18629844 0.73747378 0.19694196 0.73747378
 0.19694196]


                Percentage Error = 2.2162805737127545e-11
                
year done: 178
Time 179: 2
Optimization Iteration[1/20000]

Solving the optimization problem...
Set parameter TokenServer to value "licenses.rcc.uchicago.edu"
Read LP format model from file /scratch/local/jobs/50183995/tmpwa46tk1h.pyomo.lp
Reading time = 1.33 seconds
x1: 258121 rows, 502401 columns, 1259970 nonzeros
Set parameter Threads to value 8
Set parameter BarConvTol to value 1e-12
Gurobi Optimizer version 11.0.0 build v11.0.0rc2 (linux64 - "CentOS Linux 8")

CPU model: Intel(R) Xeon(R) Gold 6248R CPU @ 3.00GHz, instruction set [SSE2|AVX|AVX2|AVX512]
Thread count: 48 physical cores, 48 logical processors, using up to 8 threads

Optimize a model with 258121 rows, 502401 columns and 1259970 nonzeros
Model fingerprint: 0xdd65260f
Model has 3166 quadratic objective terms
Coefficient statistics:
  Matrix range     [1e+00, 1e+03]
  Objective range  [6e-08, 7e+01]
  QObjective range [4e-01, 3e+03]
  Bounds range     [3e-04, 1e+00]
  RHS range        [8e-17, 6e+00]
Presolve removed 131482 rows and 128814 columns
Presolve time: 0.54s
Presolved: 126639 rows, 373587 columns, 743930 nonzeros
Presolved model has 3166 quadratic objective terms
Ordering time: 0.16s

Barrier statistics:
 AA' NZ     : 3.709e+05
 Factor NZ  : 4.212e+06 (roughly 240 MB of memory)
 Factor Ops : 3.974e+08 (less than 1 second per iteration)
 Threads    : 8

                  Objective                Residual
Iter       Primal          Dual         Primal    Dual     Compl     Time
   0  -1.08208243e+09  8.62426925e+08  7.80e+04 1.13e-13  1.00e+06     1s
   1  -6.18909580e+08  5.71190884e+08  1.71e+04 1.38e+02  2.40e+05     1s
   2  -3.11035477e+08  3.11021848e+08  2.28e+02 1.12e+00  4.48e+03     1s
   3  -7.31788343e+07  7.38397132e+07  1.92e+00 1.67e-12  3.19e+02     1s
   4  -1.39340231e+07  1.46173253e+07  1.62e-01 5.48e-12  5.90e+01     1s
   5  -2.55218687e+06  2.82756838e+06  1.24e-02 1.24e-12  1.09e+01     1s
   6  -3.71998909e+05  4.27120968e+05  1.24e-08 3.16e-12  1.61e+00     2s
   7  -5.57164389e+04  7.01839523e+04  1.42e-13 6.68e-13  2.53e-01     2s
   8  -8.40132634e+03  1.00455344e+04  6.10e-14 2.19e-13  3.71e-02     2s
   9  -1.34547139e+03  1.65064426e+03  1.75e-14 4.26e-14  6.03e-03     2s
  10  -2.20481681e+02  2.07279086e+02  9.50e-15 2.84e-14  8.61e-04     2s
  11  -4.89129039e+01  3.17983548e+01  2.63e-15 2.13e-14  1.62e-04     2s
  12  -8.20191475e+00  5.63482715e+00  9.73e-16 1.42e-14  2.78e-05     2s
  13  -8.56066454e-01  9.71610736e-01  5.63e-16 1.42e-14  3.68e-06     2s
  14   2.42688689e-01  6.89893292e-01  3.54e-16 1.42e-14  9.00e-07     3s
  15   4.62965451e-01  6.41510995e-01  1.53e-16 2.84e-14  3.59e-07     3s
  16   5.44265168e-01  6.09956509e-01  7.11e-17 2.84e-14  1.32e-07     3s
  17   5.64471572e-01  6.02020850e-01  3.90e-17 1.42e-14  7.55e-08     3s
  18   5.82700642e-01  5.95316027e-01  6.73e-17 1.42e-14  2.54e-08     3s
  19   5.88858782e-01  5.93062585e-01  4.79e-17 1.42e-14  8.46e-09     3s
  20   5.91385564e-01  5.92161731e-01  7.00e-17 1.42e-14  1.56e-09     3s
  21   5.91875745e-01  5.91988115e-01  7.62e-17 1.42e-14  2.26e-10     3s
  22   5.91950689e-01  5.91961607e-01  1.08e-16 1.42e-14  2.20e-11     3s
  23   5.91958630e-01  5.91958799e-01  3.97e-16 2.84e-14  3.41e-13     3s
  24   5.91958733e-01  5.91958763e-01  2.94e-15 1.42e-14  5.85e-14     3s
  25   5.91958749e-01  5.91958757e-01  6.75e-15 2.13e-14  1.62e-14     4s
  26   5.91958754e-01  5.91958755e-01  2.72e-15 1.42e-14  3.97e-15     4s
  27   5.91958755e-01  5.91958755e-01  1.75e-15 2.84e-14  1.04e-15     4s
  28   5.91958755e-01  5.91958755e-01  9.92e-16 1.42e-14  4.48e-16     4s
  29   5.91958755e-01  5.91958755e-01  8.72e-16 1.42e-14  4.18e-16     4s
  30   5.91958755e-01  5.91958755e-01  8.14e-16 1.42e-14  2.39e-16     4s
  31   5.91958755e-01  5.91958755e-01  4.97e-16 1.42e-14  1.24e-16     4s
  32   5.91958755e-01  5.91958755e-01  2.69e-16 1.42e-14  8.94e-17     4s

Barrier solved model in 32 iterations and 4.18 seconds (3.82 work units)
Optimal objective 5.91958755e-01

objective value: 0.5919587549411035
Done! Time elapsed: 24.199692964553833 seconds.
g_0_1: 1.0393972933981281
g_1_1: 1.0239783492143877
g_1_2: 1.070680711617672
g_2_1: 1.0431029442971433
g_2_2: 1.1318503213014055
g_2_3: 1.0431029443002515
g_2_4: 1.1318503210194084
Parameters from last iteration: [0.18085513 0.72395269 0.18629844 0.73747378 0.19694196 0.73747378
 0.19694196]

Parameters from current iteration:
                [0.18085513 0.72395269 0.18629844 0.73747378 0.19694196 0.73747378
 0.19694196]


                Percentage Error = 3.39929844184505e-12
                
year done: 179
Time 180: 2
Optimization Iteration[1/20000]

Solving the optimization problem...
Set parameter TokenServer to value "licenses.rcc.uchicago.edu"
Read LP format model from file /scratch/local/jobs/50183995/tmp1amfe1w4.pyomo.lp
Reading time = 1.37 seconds
x1: 258121 rows, 502401 columns, 1259970 nonzeros
Set parameter Threads to value 8
Set parameter BarConvTol to value 1e-12
Gurobi Optimizer version 11.0.0 build v11.0.0rc2 (linux64 - "CentOS Linux 8")

CPU model: Intel(R) Xeon(R) Gold 6248R CPU @ 3.00GHz, instruction set [SSE2|AVX|AVX2|AVX512]
Thread count: 48 physical cores, 48 logical processors, using up to 8 threads

Optimize a model with 258121 rows, 502401 columns and 1259970 nonzeros
Model fingerprint: 0x23aed871
Model has 3166 quadratic objective terms
Coefficient statistics:
  Matrix range     [1e+00, 1e+03]
  Objective range  [6e-08, 7e+01]
  QObjective range [4e-01, 3e+03]
  Bounds range     [3e-04, 1e+00]
  RHS range        [8e-17, 6e+00]
Presolve removed 131482 rows and 128814 columns
Presolve time: 0.56s
Presolved: 126639 rows, 373587 columns, 743930 nonzeros
Presolved model has 3166 quadratic objective terms
Ordering time: 0.16s

Barrier statistics:
 AA' NZ     : 3.709e+05
 Factor NZ  : 4.212e+06 (roughly 240 MB of memory)
 Factor Ops : 3.974e+08 (less than 1 second per iteration)
 Threads    : 8

                  Objective                Residual
Iter       Primal          Dual         Primal    Dual     Compl     Time
   0  -1.08208243e+09  8.62426925e+08  7.80e+04 1.14e-13  1.00e+06     1s
   1  -6.18909580e+08  5.71190884e+08  1.71e+04 1.38e+02  2.40e+05     1s
   2  -3.11035477e+08  3.11021848e+08  2.28e+02 1.12e+00  4.48e+03     1s
   3  -7.31788343e+07  7.38397132e+07  1.92e+00 1.47e-12  3.19e+02     1s
   4  -1.39340231e+07  1.46173253e+07  1.62e-01 4.17e-12  5.90e+01     1s
   5  -2.55218687e+06  2.82756838e+06  1.24e-02 1.24e-12  1.09e+01     2s
   6  -3.71998909e+05  4.27120968e+05  1.24e-08 9.49e-13  1.61e+00     2s
   7  -5.57164390e+04  7.01839522e+04  1.36e-13 6.24e-13  2.53e-01     2s
   8  -8.40132644e+03  1.00455343e+04  4.18e-14 2.54e-13  3.71e-02     2s
   9  -1.34547149e+03  1.65064417e+03  1.78e-14 3.11e-14  6.03e-03     2s
  10  -2.20481776e+02  2.07278991e+02  7.47e-15 2.84e-14  8.61e-04     2s
  11  -4.89129991e+01  3.17982597e+01  2.63e-15 1.87e-14  1.62e-04     2s
  12  -8.20200990e+00  5.63473200e+00  1.12e-15 1.42e-14  2.78e-05     2s
  13  -8.56161609e-01  9.71515581e-01  3.11e-16 1.42e-14  3.68e-06     2s
  14   2.42593534e-01  6.89798136e-01  4.30e-16 1.42e-14  9.00e-07     3s
  15   4.62870296e-01  6.41415839e-01  1.77e-16 1.42e-14  3.59e-07     3s
  16   5.44170013e-01  6.09861354e-01  1.75e-16 1.42e-14  1.32e-07     3s
  17   5.64376417e-01  6.01925695e-01  4.58e-17 1.42e-14  7.55e-08     3s
  18   5.82605487e-01  5.95220872e-01  6.90e-17 2.84e-14  2.54e-08     3s
  19   5.88763626e-01  5.92967429e-01  8.46e-17 2.13e-14  8.46e-09     3s
  20   5.91290409e-01  5.92066576e-01  1.04e-16 1.42e-14  1.56e-09     3s
  21   5.91780590e-01  5.91892960e-01  1.23e-16 1.42e-14  2.26e-10     3s
  22   5.91855534e-01  5.91866452e-01  1.42e-16 1.42e-14  2.20e-11     3s
  23   5.91863475e-01  5.91863644e-01  4.17e-16 2.84e-14  3.41e-13     3s
  24   5.91863578e-01  5.91863607e-01  2.62e-15 1.42e-14  5.84e-14     3s
  25   5.91863594e-01  5.91863602e-01  6.27e-15 1.42e-14  1.62e-14     4s
  26   5.91863598e-01  5.91863600e-01  2.73e-15 1.42e-14  3.97e-15     4s
  27   5.91863600e-01  5.91863600e-01  1.53e-15 2.13e-14  1.04e-15     4s
  28   5.91863600e-01  5.91863600e-01  1.05e-15 1.42e-14  4.46e-16     4s
  29   5.91863600e-01  5.91863600e-01  9.33e-16 1.51e-14  4.17e-16     4s
  30   5.91863600e-01  5.91863600e-01  8.68e-16 1.42e-14  2.38e-16     4s
  31   5.91863600e-01  5.91863600e-01  4.65e-16 1.42e-14  1.24e-16     4s
  32   5.91863600e-01  5.91863600e-01  3.52e-16 1.42e-14  8.82e-17     4s

Barrier solved model in 32 iterations and 4.18 seconds (3.82 work units)
Optimal objective 5.91863600e-01

objective value: 0.5918635998658818
Done! Time elapsed: 24.352529287338257 seconds.
g_0_1: 1.0393972933973177
g_1_1: 1.0239783492147778
g_1_2: 1.0706807116171757
g_2_1: 1.0431029442974327
g_2_2: 1.1318503212973927
g_2_3: 1.0431029443004978
g_2_4: 1.1318503210190956
Parameters from last iteration: [0.18085513 0.72395269 0.18629844 0.73747378 0.19694196 0.73747378
 0.19694196]

Parameters from current iteration:
                [0.18085513 0.72395269 0.18629844 0.73747378 0.19694196 0.73747378
 0.19694196]


                Percentage Error = 3.5454457256130438e-12
                
year done: 180
Time 181: 2
Optimization Iteration[1/20000]

Solving the optimization problem...
Set parameter TokenServer to value "licenses.rcc.uchicago.edu"
Read LP format model from file /scratch/local/jobs/50183995/tmpcwemwn5w.pyomo.lp
Reading time = 1.33 seconds
x1: 258121 rows, 502401 columns, 1259970 nonzeros
Set parameter Threads to value 8
Set parameter BarConvTol to value 1e-12
Gurobi Optimizer version 11.0.0 build v11.0.0rc2 (linux64 - "CentOS Linux 8")

CPU model: Intel(R) Xeon(R) Gold 6248R CPU @ 3.00GHz, instruction set [SSE2|AVX|AVX2|AVX512]
Thread count: 48 physical cores, 48 logical processors, using up to 8 threads

Optimize a model with 258121 rows, 502401 columns and 1259970 nonzeros
Model fingerprint: 0x98469885
Model has 3166 quadratic objective terms
Coefficient statistics:
  Matrix range     [1e+00, 1e+03]
  Objective range  [6e-08, 7e+01]
  QObjective range [4e-01, 3e+03]
  Bounds range     [3e-04, 1e+00]
  RHS range        [8e-17, 6e+00]
Presolve removed 131482 rows and 128814 columns
Presolve time: 0.55s
Presolved: 126639 rows, 373587 columns, 743930 nonzeros
Presolved model has 3166 quadratic objective terms
Ordering time: 0.16s

Barrier statistics:
 AA' NZ     : 3.709e+05
 Factor NZ  : 4.212e+06 (roughly 240 MB of memory)
 Factor Ops : 3.974e+08 (less than 1 second per iteration)
 Threads    : 8

                  Objective                Residual
Iter       Primal          Dual         Primal    Dual     Compl     Time
   0  -1.08208243e+09  8.62426925e+08  7.80e+04 1.14e-13  1.00e+06     1s
   1  -6.18909580e+08  5.71190884e+08  1.71e+04 1.38e+02  2.40e+05     1s
   2  -3.11035477e+08  3.11021848e+08  2.28e+02 1.12e+00  4.48e+03     1s
   3  -7.31788343e+07  7.38397132e+07  1.92e+00 1.78e-12  3.19e+02     1s
   4  -1.39340231e+07  1.46173253e+07  1.62e-01 5.26e-12  5.90e+01     1s
   5  -2.55218687e+06  2.82756838e+06  1.24e-02 1.33e-12  1.09e+01     1s
   6  -3.71998909e+05  4.27120968e+05  1.24e-08 9.11e-13  1.61e+00     2s
   7  -5.57164391e+04  7.01839521e+04  1.28e-13 6.19e-13  2.53e-01     2s
   8  -8.40132653e+03  1.00455342e+04  4.64e-14 2.64e-13  3.71e-02     2s
   9  -1.34547158e+03  1.65064408e+03  1.85e-14 3.35e-14  6.03e-03     2s
  10  -2.20481867e+02  2.07278900e+02  1.00e-14 2.84e-14  8.61e-04     2s
  11  -4.89130900e+01  3.17981688e+01  2.24e-15 1.87e-14  1.62e-04     2s
  12  -8.20210078e+00  5.63464113e+00  8.26e-16 1.42e-14  2.78e-05     2s
  13  -8.56252482e-01  9.71424708e-01  4.98e-16 1.42e-14  3.68e-06     2s
  14   2.42502661e-01  6.89707264e-01  3.20e-16 1.42e-14  9.00e-07     3s
  15   4.62779424e-01  6.41324967e-01  2.56e-16 1.42e-14  3.59e-07     3s
  16   5.44079140e-01  6.09770482e-01  1.13e-16 1.42e-14  1.32e-07     3s
  17   5.64285545e-01  6.01834822e-01  4.31e-17 1.42e-14  7.55e-08     3s
  18   5.82514615e-01  5.95129999e-01  1.53e-16 1.42e-14  2.54e-08     3s
  19   5.88672754e-01  5.92876557e-01  6.70e-17 2.84e-14  8.46e-09     3s
  20   5.91199536e-01  5.91975704e-01  6.97e-17 1.42e-14  1.56e-09     3s
  21   5.91689718e-01  5.91802088e-01  8.95e-17 1.42e-14  2.26e-10     3s
  22   5.91764662e-01  5.91775579e-01  1.31e-16 1.42e-14  2.20e-11     3s
  23   5.91772602e-01  5.91772772e-01  3.23e-16 1.42e-14  3.41e-13     3s
  24   5.91772706e-01  5.91772735e-01  2.98e-15 1.42e-14  5.82e-14     3s
  25   5.91772722e-01  5.91772730e-01  7.91e-15 2.13e-14  1.61e-14     3s
  26   5.91772726e-01  5.91772728e-01  2.68e-15 1.42e-14  3.96e-15     4s
  27   5.91772727e-01  5.91772728e-01  2.16e-15 2.84e-14  1.04e-15     4s
  28   5.91772727e-01  5.91772728e-01  1.29e-15 1.42e-14  4.44e-16     4s
  29   5.91772727e-01  5.91772728e-01  1.11e-15 1.42e-14  4.16e-16     4s
  30   5.91772727e-01  5.91772728e-01  8.51e-16 1.42e-14  2.37e-16     4s
  31   5.91772727e-01  5.91772728e-01  4.91e-16 1.42e-14  1.24e-16     4s
  32   5.91772727e-01  5.91772728e-01  2.38e-16 1.42e-14  8.70e-17     4s

Barrier solved model in 32 iterations and 4.07 seconds (3.82 work units)
Optimal objective 5.91772727e-01

objective value: 0.5917727274745683
Done! Time elapsed: 24.21279525756836 seconds.
g_0_1: 1.039397293396479
g_1_1: 1.0239783492151837
g_1_2: 1.0706807116166581
g_2_1: 1.043102944297737
g_2_2: 1.1318503212932107
g_2_3: 1.0431029443007585
g_2_4: 1.1318503210187865
Parameters from last iteration: [0.18085513 0.72395269 0.18629844 0.73747378 0.19694196 0.73747378
 0.19694196]

Parameters from current iteration:
                [0.18085513 0.72395269 0.18629844 0.73747378 0.19694196 0.73747378
 0.19694196]


                Percentage Error = 3.694693530349449e-12
                
year done: 181
Time 182: 2
Optimization Iteration[1/20000]

Solving the optimization problem...
Set parameter TokenServer to value "licenses.rcc.uchicago.edu"
Read LP format model from file /scratch/local/jobs/50183995/tmpgu36lngr.pyomo.lp
Reading time = 1.35 seconds
x1: 258121 rows, 502401 columns, 1259970 nonzeros
Set parameter Threads to value 8
Set parameter BarConvTol to value 1e-12
Gurobi Optimizer version 11.0.0 build v11.0.0rc2 (linux64 - "CentOS Linux 8")

CPU model: Intel(R) Xeon(R) Gold 6248R CPU @ 3.00GHz, instruction set [SSE2|AVX|AVX2|AVX512]
Thread count: 48 physical cores, 48 logical processors, using up to 8 threads

Optimize a model with 258121 rows, 502401 columns and 1259970 nonzeros
Model fingerprint: 0x5a369d45
Model has 3166 quadratic objective terms
Coefficient statistics:
  Matrix range     [1e+00, 1e+03]
  Objective range  [6e-08, 7e+01]
  QObjective range [4e-01, 3e+03]
  Bounds range     [3e-04, 1e+00]
  RHS range        [8e-17, 6e+00]
Presolve removed 131482 rows and 128814 columns
Presolve time: 0.56s
Presolved: 126639 rows, 373587 columns, 743930 nonzeros
Presolved model has 3166 quadratic objective terms
Ordering time: 0.16s

Barrier statistics:
 AA' NZ     : 3.709e+05
 Factor NZ  : 4.212e+06 (roughly 240 MB of memory)
 Factor Ops : 3.974e+08 (less than 1 second per iteration)
 Threads    : 8

                  Objective                Residual
Iter       Primal          Dual         Primal    Dual     Compl     Time
   0  -1.08208243e+09  8.62426925e+08  7.80e+04 1.13e-13  1.00e+06     1s
   1  -6.18909580e+08  5.71190884e+08  1.71e+04 1.38e+02  2.40e+05     1s
   2  -3.11035477e+08  3.11021848e+08  2.28e+02 1.12e+00  4.48e+03     1s
   3  -7.31788343e+07  7.38397132e+07  1.92e+00 1.58e-12  3.19e+02     1s
   4  -1.39340231e+07  1.46173253e+07  1.62e-01 5.06e-12  5.90e+01     1s
   5  -2.55218687e+06  2.82756838e+06  1.24e-02 1.24e-12  1.09e+01     2s
   6  -3.71998909e+05  4.27120968e+05  1.24e-08 9.74e-13  1.61e+00     2s
   7  -5.57164392e+04  7.01839521e+04  1.40e-13 5.92e-13  2.53e-01     2s
   8  -8.40132662e+03  1.00455341e+04  3.68e-14 2.46e-13  3.71e-02     2s
   9  -1.34547167e+03  1.65064399e+03  1.98e-14 4.26e-14  6.03e-03     2s
  10  -2.20481954e+02  2.07278813e+02  1.19e-14 2.84e-14  8.61e-04     2s
  11  -4.89131767e+01  3.17980820e+01  2.66e-15 2.13e-14  1.62e-04     2s
  12  -8.20218756e+00  5.63455434e+00  1.43e-15 1.47e-14  2.78e-05     2s
  13  -8.56339264e-01  9.71337926e-01  3.58e-16 2.13e-14  3.68e-06     2s
  14   2.42415879e-01  6.89620482e-01  3.86e-16 1.42e-14  9.00e-07     3s
  15   4.62692641e-01  6.41238185e-01  1.98e-16 1.42e-14  3.59e-07     3s
  16   5.43992358e-01  6.09683699e-01  1.57e-16 1.42e-14  1.32e-07     3s
  17   5.64198763e-01  6.01748040e-01  5.05e-17 1.42e-14  7.55e-08     3s
  18   5.82427833e-01  5.95043217e-01  8.12e-17 2.84e-14  2.54e-08     3s
  19   5.88585972e-01  5.92789775e-01  1.37e-16 1.42e-14  8.46e-09     3s
  20   5.91112754e-01  5.91888921e-01  5.65e-17 2.84e-14  1.56e-09     3s
  21   5.91602935e-01  5.91715305e-01  1.62e-16 1.42e-14  2.26e-10     3s
  22   5.91677879e-01  5.91688797e-01  1.14e-16 2.13e-14  2.20e-11     3s
  23   5.91685820e-01  5.91685989e-01  3.51e-16 1.42e-14  3.41e-13     3s
  24   5.91685924e-01  5.91685953e-01  2.90e-15 1.42e-14  5.81e-14     4s
  25   5.91685939e-01  5.91685947e-01  7.57e-15 1.42e-14  1.61e-14     4s
  26   5.91685944e-01  5.91685946e-01  2.48e-15 1.42e-14  3.96e-15     4s
  27   5.91685945e-01  5.91685945e-01  1.99e-15 1.42e-14  1.04e-15     4s
  28   5.91685945e-01  5.91685945e-01  1.15e-15 1.42e-14  4.43e-16     4s
  29   5.91685945e-01  5.91685945e-01  1.00e-15 1.42e-14  4.14e-16     4s
  30   5.91685945e-01  5.91685945e-01  8.75e-16 1.42e-14  2.37e-16     4s
  31   5.91685945e-01  5.91685945e-01  5.03e-16 1.42e-14  1.24e-16     4s
  32   5.91685945e-01  5.91685945e-01  3.80e-16 1.42e-14  8.57e-17     4s

Barrier solved model in 32 iterations and 4.21 seconds (3.82 work units)
Optimal objective 5.91685945e-01

objective value: 0.5916859450146252
Done! Time elapsed: 25.804327964782715 seconds.
g_0_1: 1.0393972933956062
g_1_1: 1.0239783492156045
g_1_2: 1.0706807116161234
g_2_1: 1.043102944298046
g_2_2: 1.1318503212888409
g_2_3: 1.0431029443010278
g_2_4: 1.1318503210184574
Parameters from last iteration: [0.18085513 0.72395269 0.18629844 0.73747378 0.19694196 0.73747378
 0.19694196]

Parameters from current iteration:
                [0.18085513 0.72395269 0.18629844 0.73747378 0.19694196 0.73747378
 0.19694196]


                Percentage Error = 3.860853267634159e-12
                
year done: 182
Time 183: 2
Optimization Iteration[1/20000]

Solving the optimization problem...
Set parameter TokenServer to value "licenses.rcc.uchicago.edu"
Read LP format model from file /scratch/local/jobs/50183995/tmpph74d4ll.pyomo.lp
Reading time = 1.34 seconds
x1: 258121 rows, 502401 columns, 1259970 nonzeros
Set parameter Threads to value 8
Set parameter BarConvTol to value 1e-12
Gurobi Optimizer version 11.0.0 build v11.0.0rc2 (linux64 - "CentOS Linux 8")

CPU model: Intel(R) Xeon(R) Gold 6248R CPU @ 3.00GHz, instruction set [SSE2|AVX|AVX2|AVX512]
Thread count: 48 physical cores, 48 logical processors, using up to 8 threads

Optimize a model with 258121 rows, 502401 columns and 1259970 nonzeros
Model fingerprint: 0x10a403ae
Model has 3166 quadratic objective terms
Coefficient statistics:
  Matrix range     [1e+00, 1e+03]
  Objective range  [6e-08, 7e+01]
  QObjective range [4e-01, 3e+03]
  Bounds range     [3e-04, 1e+00]
  RHS range        [8e-17, 6e+00]
Presolve removed 131482 rows and 128814 columns
Presolve time: 0.55s
Presolved: 126639 rows, 373587 columns, 743930 nonzeros
Presolved model has 3166 quadratic objective terms
Ordering time: 0.16s

Barrier statistics:
 AA' NZ     : 3.709e+05
 Factor NZ  : 4.212e+06 (roughly 240 MB of memory)
 Factor Ops : 3.974e+08 (less than 1 second per iteration)
 Threads    : 8

                  Objective                Residual
Iter       Primal          Dual         Primal    Dual     Compl     Time
   0  -1.08208243e+09  8.62426925e+08  7.80e+04 1.13e-13  1.00e+06     1s
   1  -6.18909580e+08  5.71190884e+08  1.71e+04 1.38e+02  2.40e+05     1s
   2  -3.11035477e+08  3.11021848e+08  2.28e+02 1.12e+00  4.48e+03     1s
   3  -7.31788343e+07  7.38397132e+07  1.92e+00 1.67e-12  3.19e+02     1s
   4  -1.39340231e+07  1.46173253e+07  1.62e-01 3.97e-12  5.90e+01     1s
   5  -2.55218688e+06  2.82756838e+06  1.24e-02 1.44e-12  1.09e+01     1s
   6  -3.71998909e+05  4.27120967e+05  1.24e-08 1.02e-12  1.61e+00     2s
   7  -5.57164393e+04  7.01839520e+04  1.70e-13 6.89e-13  2.53e-01     2s
   8  -8.40132670e+03  1.00455340e+04  4.19e-14 2.41e-13  3.71e-02     2s
   9  -1.34547175e+03  1.65064391e+03  2.08e-14 2.84e-14  6.03e-03     2s
  10  -2.20482036e+02  2.07278731e+02  8.41e-15 2.84e-14  8.61e-04     2s
  11  -4.89132596e+01  3.17979991e+01  1.81e-15 2.13e-14  1.62e-04     2s
  12  -8.20227044e+00  5.63447147e+00  1.29e-15 2.84e-14  2.78e-05     2s
  13  -8.56422141e-01  9.71255049e-01  3.97e-16 1.42e-14  3.68e-06     2s
  14   2.42333002e-01  6.89537605e-01  6.54e-16 2.84e-14  9.00e-07     3s
  15   4.62609764e-01  6.41155308e-01  2.08e-16 1.42e-14  3.59e-07     3s
  16   5.43909481e-01  6.09600823e-01  1.42e-16 1.42e-14  1.32e-07     3s
  17   5.64115886e-01  6.01665163e-01  7.03e-17 2.13e-14  7.55e-08     3s
  18   5.82344956e-01  5.94960340e-01  6.63e-17 1.42e-14  2.54e-08     3s
  19   5.88503095e-01  5.92706898e-01  8.07e-17 2.13e-14  8.46e-09     3s
  20   5.91029877e-01  5.91806045e-01  5.50e-17 1.42e-14  1.56e-09     3s
  21   5.91520059e-01  5.91632429e-01  7.03e-17 1.42e-14  2.26e-10     3s
  22   5.91595002e-01  5.91605920e-01  8.81e-17 2.84e-14  2.20e-11     3s
  23   5.91602943e-01  5.91603113e-01  3.20e-16 1.42e-14  3.41e-13     3s
  24   5.91603047e-01  5.91603076e-01  3.16e-15 2.84e-14  5.79e-14     3s
  25   5.91603063e-01  5.91603071e-01  6.17e-15 1.42e-14  1.61e-14     3s
  26   5.91603067e-01  5.91603069e-01  2.78e-15 1.42e-14  3.96e-15     4s
  27   5.91603068e-01  5.91603069e-01  1.69e-15 1.42e-14  1.04e-15     4s
  28   5.91603068e-01  5.91603068e-01  1.04e-15 1.42e-14  4.41e-16     4s
  29   5.91603068e-01  5.91603068e-01  9.45e-16 1.42e-14  4.13e-16     4s
  30   5.91603068e-01  5.91603068e-01  6.85e-16 1.42e-14  2.36e-16     4s
  31   5.91603068e-01  5.91603068e-01  4.51e-16 1.42e-14  1.24e-16     4s
  32   5.91603068e-01  5.91603068e-01  3.05e-16 1.42e-14  8.44e-17     4s

Barrier solved model in 32 iterations and 4.08 seconds (3.82 work units)
Optimal objective 5.91603068e-01

objective value: 0.5916030684088174
Done! Time elapsed: 24.407166719436646 seconds.
g_0_1: 1.03939729339472
g_1_1: 1.0239783492160455
g_1_2: 1.0706807116155808
g_2_1: 1.0431029442983581
g_2_2: 1.131850321284438
g_2_3: 1.0431029443013
g_2_4: 1.1318503210181299
Parameters from last iteration: [0.18085513 0.72395269 0.18629844 0.73747378 0.19694196 0.73747378
 0.19694196]

Parameters from current iteration:
                [0.18085513 0.72395269 0.18629844 0.73747378 0.19694196 0.73747378
 0.19694196]


                Percentage Error = 3.890026351292188e-12
                
year done: 183
Time 184: 2
Optimization Iteration[1/20000]

Solving the optimization problem...
Set parameter TokenServer to value "licenses.rcc.uchicago.edu"
Read LP format model from file /scratch/local/jobs/50183995/tmphzapbbel.pyomo.lp
Reading time = 1.34 seconds
x1: 258121 rows, 502401 columns, 1259970 nonzeros
Set parameter Threads to value 8
Set parameter BarConvTol to value 1e-12
Gurobi Optimizer version 11.0.0 build v11.0.0rc2 (linux64 - "CentOS Linux 8")

CPU model: Intel(R) Xeon(R) Gold 6248R CPU @ 3.00GHz, instruction set [SSE2|AVX|AVX2|AVX512]
Thread count: 48 physical cores, 48 logical processors, using up to 8 threads

Optimize a model with 258121 rows, 502401 columns and 1259970 nonzeros
Model fingerprint: 0x060f65ca
Model has 3166 quadratic objective terms
Coefficient statistics:
  Matrix range     [1e+00, 1e+03]
  Objective range  [6e-08, 7e+01]
  QObjective range [4e-01, 3e+03]
  Bounds range     [3e-04, 1e+00]
  RHS range        [8e-17, 6e+00]
Presolve removed 131482 rows and 128814 columns
Presolve time: 0.56s
Presolved: 126639 rows, 373587 columns, 743930 nonzeros
Presolved model has 3166 quadratic objective terms
Ordering time: 0.16s

Barrier statistics:
 AA' NZ     : 3.709e+05
 Factor NZ  : 4.212e+06 (roughly 240 MB of memory)
 Factor Ops : 3.974e+08 (less than 1 second per iteration)
 Threads    : 8

                  Objective                Residual
Iter       Primal          Dual         Primal    Dual     Compl     Time
   0  -1.08208243e+09  8.62426925e+08  7.80e+04 1.14e-13  1.00e+06     1s
   1  -6.18909580e+08  5.71190884e+08  1.71e+04 1.38e+02  2.40e+05     1s
   2  -3.11035477e+08  3.11021848e+08  2.28e+02 1.12e+00  4.48e+03     1s
   3  -7.31788343e+07  7.38397132e+07  1.92e+00 1.57e-12  3.19e+02     1s
   4  -1.39340231e+07  1.46173253e+07  1.62e-01 4.11e-12  5.90e+01     1s
   5  -2.55218688e+06  2.82756838e+06  1.24e-02 1.19e-12  1.09e+01     1s
   6  -3.71998909e+05  4.27120967e+05  1.24e-08 1.68e-12  1.61e+00     2s
   7  -5.57164393e+04  7.01839519e+04  1.58e-13 6.94e-13  2.53e-01     2s
   8  -8.40132678e+03  1.00455340e+04  4.40e-14 2.07e-13  3.71e-02     2s
   9  -1.34547183e+03  1.65064383e+03  2.10e-14 3.91e-14  6.03e-03     2s
  10  -2.20482116e+02  2.07278651e+02  8.40e-15 2.84e-14  8.61e-04     2s
  11  -4.89133388e+01  3.17979200e+01  2.19e-15 2.84e-14  1.62e-04     2s
  12  -8.20234958e+00  5.63439232e+00  8.46e-16 1.42e-14  2.78e-05     2s
  13  -8.56501288e-01  9.71175903e-01  5.54e-16 1.60e-14  3.68e-06     2s
  14   2.42253856e-01  6.89458458e-01  3.66e-16 1.42e-14  9.00e-07     3s
  15   4.62530618e-01  6.41076161e-01  1.65e-16 2.84e-14  3.59e-07     3s
  16   5.43830335e-01  6.09521676e-01  7.02e-17 1.42e-14  1.32e-07     3s
  17   5.64036739e-01  6.01586017e-01  7.92e-17 2.13e-14  7.55e-08     3s
  18   5.82265809e-01  5.94881194e-01  1.27e-16 1.07e-14  2.54e-08     3s
  19   5.88423948e-01  5.92627751e-01  8.02e-17 2.84e-14  8.46e-09     3s
  20   5.90950731e-01  5.91726898e-01  9.71e-17 2.13e-14  1.56e-09     3s
  21   5.91440912e-01  5.91553282e-01  9.99e-17 1.42e-14  2.26e-10     3s
  22   5.91515856e-01  5.91526774e-01  1.47e-16 1.42e-14  2.20e-11     3s
  23   5.91523797e-01  5.91523966e-01  3.27e-16 1.42e-14  3.41e-13     3s
  24   5.91523901e-01  5.91523929e-01  2.52e-15 2.84e-14  5.78e-14     3s
  25   5.91523916e-01  5.91523924e-01  6.81e-15 1.73e-14  1.61e-14     4s
  26   5.91523920e-01  5.91523922e-01  3.33e-15 1.42e-14  3.95e-15     4s
  27   5.91523922e-01  5.91523922e-01  2.20e-15 2.84e-14  1.03e-15     4s
  28   5.91523922e-01  5.91523922e-01  1.19e-15 1.42e-14  4.39e-16     4s
  29   5.91523922e-01  5.91523922e-01  1.13e-15 1.42e-14  4.11e-16     4s
  30   5.91523922e-01  5.91523922e-01  7.55e-16 1.47e-14  2.35e-16     4s
  31   5.91523922e-01  5.91523922e-01  5.31e-16 1.42e-14  1.24e-16     4s
  32   5.91523922e-01  5.91523922e-01  2.61e-16 1.42e-14  8.31e-17     4s

Barrier solved model in 32 iterations and 4.13 seconds (3.82 work units)
Optimal objective 5.91523922e-01

objective value: 0.5915239218647437
Done! Time elapsed: 24.330625534057617 seconds.
g_0_1: 1.039397293393808
g_1_1: 1.0239783492164827
g_1_2: 1.0706807116150237
g_2_1: 1.04310294429869
g_2_2: 1.1318503212799338
g_2_3: 1.043102944301578
g_2_4: 1.13185032101779
Parameters from last iteration: [0.18085513 0.72395269 0.18629844 0.73747378 0.19694196 0.73747378
 0.19694196]

Parameters from current iteration:
                [0.18085513 0.72395269 0.18629844 0.73747378 0.19694196 0.73747378
 0.19694196]


                Percentage Error = 3.979518661034158e-12
                
year done: 184
Time 185: 2
Optimization Iteration[1/20000]

Solving the optimization problem...
Set parameter TokenServer to value "licenses.rcc.uchicago.edu"
Read LP format model from file /scratch/local/jobs/50183995/tmpvj5j8t3p.pyomo.lp
Reading time = 1.37 seconds
x1: 258121 rows, 502401 columns, 1259970 nonzeros
Set parameter Threads to value 8
Set parameter BarConvTol to value 1e-12
Gurobi Optimizer version 11.0.0 build v11.0.0rc2 (linux64 - "CentOS Linux 8")

CPU model: Intel(R) Xeon(R) Gold 6248R CPU @ 3.00GHz, instruction set [SSE2|AVX|AVX2|AVX512]
Thread count: 48 physical cores, 48 logical processors, using up to 8 threads

Optimize a model with 258121 rows, 502401 columns and 1259970 nonzeros
Model fingerprint: 0xa13821a6
Model has 3166 quadratic objective terms
Coefficient statistics:
  Matrix range     [1e+00, 1e+03]
  Objective range  [6e-08, 7e+01]
  QObjective range [4e-01, 3e+03]
  Bounds range     [3e-04, 1e+00]
  RHS range        [8e-17, 6e+00]
Presolve removed 131482 rows and 128814 columns
Presolve time: 0.54s
Presolved: 126639 rows, 373587 columns, 743930 nonzeros
Presolved model has 3166 quadratic objective terms
Ordering time: 0.16s

Barrier statistics:
 AA' NZ     : 3.709e+05
 Factor NZ  : 4.212e+06 (roughly 240 MB of memory)
 Factor Ops : 3.974e+08 (less than 1 second per iteration)
 Threads    : 8

                  Objective                Residual
Iter       Primal          Dual         Primal    Dual     Compl     Time
   0  -1.08208243e+09  8.62426925e+08  7.80e+04 1.14e-13  1.00e+06     1s
   1  -6.18909580e+08  5.71190884e+08  1.71e+04 1.38e+02  2.40e+05     1s
   2  -3.11035477e+08  3.11021848e+08  2.28e+02 1.12e+00  4.48e+03     1s
   3  -7.31788343e+07  7.38397132e+07  1.92e+00 1.48e-12  3.19e+02     1s
   4  -1.39340231e+07  1.46173253e+07  1.62e-01 5.11e-12  5.90e+01     1s
   5  -2.55218688e+06  2.82756838e+06  1.24e-02 1.22e-12  1.09e+01     1s
   6  -3.71998909e+05  4.27120967e+05  1.24e-08 9.00e-13  1.61e+00     2s
   7  -5.57164394e+04  7.01839518e+04  1.60e-13 6.64e-13  2.53e-01     2s
   8  -8.40132685e+03  1.00455339e+04  3.81e-14 2.22e-13  3.71e-02     2s
   9  -1.34547191e+03  1.65064375e+03  1.55e-14 5.68e-14  6.03e-03     2s
  10  -2.20482191e+02  2.07278576e+02  1.30e-14 2.84e-14  8.61e-04     2s
  11  -4.89134143e+01  3.17978444e+01  2.29e-15 1.42e-14  1.62e-04     2s
  12  -8.20242517e+00  5.63431674e+00  1.31e-15 1.69e-14  2.78e-05     2s
  13  -8.56576872e-01  9.71100318e-01  3.48e-16 1.42e-14  3.68e-06     2s
  14   2.42178271e-01  6.89382874e-01  3.96e-16 1.42e-14  9.00e-07     3s
  15   4.62455034e-01  6.41000577e-01  1.88e-16 1.42e-14  3.59e-07     3s
  16   5.43754750e-01  6.09446092e-01  1.26e-16 1.42e-14  1.32e-07     3s
  17   5.63961155e-01  6.01510432e-01  4.53e-17 2.13e-14  7.55e-08     3s
  18   5.82190225e-01  5.94805610e-01  4.55e-17 1.69e-14  2.54e-08     3s
  19   5.88348364e-01  5.92552167e-01  5.88e-17 1.42e-14  8.46e-09     3s
  20   5.90875146e-01  5.91651314e-01  6.30e-17 1.42e-14  1.56e-09     3s
  21   5.91365328e-01  5.91477698e-01  5.95e-17 1.42e-14  2.26e-10     3s
  22   5.91440272e-01  5.91451189e-01  1.74e-16 1.42e-14  2.20e-11     3s
  23   5.91448212e-01  5.91448382e-01  3.73e-16 1.42e-14  3.41e-13     3s
  24   5.91448316e-01  5.91448345e-01  3.59e-15 2.84e-14  5.77e-14     3s
  25   5.91448332e-01  5.91448340e-01  6.24e-15 2.13e-14  1.61e-14     3s
  26   5.91448336e-01  5.91448338e-01  2.55e-15 1.42e-14  3.95e-15     4s
  27   5.91448337e-01  5.91448338e-01  1.71e-15 1.42e-14  1.03e-15     4s
  28   5.91448337e-01  5.91448338e-01  1.35e-15 2.84e-14  4.38e-16     4s
  29   5.91448337e-01  5.91448338e-01  1.16e-15 2.84e-14  4.10e-16     4s
  30   5.91448337e-01  5.91448338e-01  8.81e-16 1.42e-14  2.35e-16     4s
  31   5.91448337e-01  5.91448338e-01  4.97e-16 1.42e-14  1.24e-16     4s
  32   5.91448338e-01  5.91448338e-01  2.88e-16 1.42e-14  8.19e-17     4s

Barrier solved model in 32 iterations and 4.09 seconds (3.82 work units)
Optimal objective 5.91448338e-01

objective value: 0.591448337501919
Done! Time elapsed: 24.36866044998169 seconds.
g_0_1: 1.0393972933929867
g_1_1: 1.023978349216885
g_1_2: 1.0706807116145265
g_2_1: 1.0431029442989814
g_2_2: 1.1318503212758424
g_2_3: 1.043102944301827
g_2_4: 1.131850321017485
Parameters from last iteration: [0.18085513 0.72395269 0.18629844 0.73747378 0.19694196 0.73747378
 0.19694196]

Parameters from current iteration:
                [0.18085513 0.72395269 0.18629844 0.73747378 0.19694196 0.73747378
 0.19694196]


                Percentage Error = 3.614784649122474e-12
                
year done: 185
Time 186: 2
Optimization Iteration[1/20000]

Solving the optimization problem...
Set parameter TokenServer to value "licenses.rcc.uchicago.edu"
Read LP format model from file /scratch/local/jobs/50183995/tmpi19r6eq6.pyomo.lp
Reading time = 1.34 seconds
x1: 258121 rows, 502401 columns, 1259970 nonzeros
Set parameter Threads to value 8
Set parameter BarConvTol to value 1e-12
Gurobi Optimizer version 11.0.0 build v11.0.0rc2 (linux64 - "CentOS Linux 8")

CPU model: Intel(R) Xeon(R) Gold 6248R CPU @ 3.00GHz, instruction set [SSE2|AVX|AVX2|AVX512]
Thread count: 48 physical cores, 48 logical processors, using up to 8 threads

Optimize a model with 258121 rows, 502401 columns and 1259970 nonzeros
Model fingerprint: 0x135376f4
Model has 3166 quadratic objective terms
Coefficient statistics:
  Matrix range     [1e+00, 1e+03]
  Objective range  [6e-08, 7e+01]
  QObjective range [4e-01, 3e+03]
  Bounds range     [3e-04, 1e+00]
  RHS range        [8e-17, 6e+00]
Presolve removed 131482 rows and 128814 columns
Presolve time: 0.56s
Presolved: 126639 rows, 373587 columns, 743930 nonzeros
Presolved model has 3166 quadratic objective terms
Ordering time: 0.16s

Barrier statistics:
 AA' NZ     : 3.709e+05
 Factor NZ  : 4.212e+06 (roughly 240 MB of memory)
 Factor Ops : 3.974e+08 (less than 1 second per iteration)
 Threads    : 8

                  Objective                Residual
Iter       Primal          Dual         Primal    Dual     Compl     Time
   0  -1.08208243e+09  8.62426925e+08  7.80e+04 1.13e-13  1.00e+06     1s
   1  -6.18909580e+08  5.71190884e+08  1.71e+04 1.38e+02  2.40e+05     1s
   2  -3.11035477e+08  3.11021848e+08  2.28e+02 1.12e+00  4.48e+03     1s
   3  -7.31788343e+07  7.38397132e+07  1.92e+00 1.47e-12  3.19e+02     1s
   4  -1.39340231e+07  1.46173253e+07  1.62e-01 4.94e-12  5.90e+01     1s
   5  -2.55218688e+06  2.82756838e+06  1.24e-02 1.25e-12  1.09e+01     2s
   6  -3.71998909e+05  4.27120967e+05  1.24e-08 1.01e-12  1.61e+00     2s
   7  -5.57164395e+04  7.01839518e+04  1.67e-13 7.24e-13  2.53e-01     2s
   8  -8.40132693e+03  1.00455338e+04  4.67e-14 1.95e-13  3.71e-02     2s
   9  -1.34547198e+03  1.65064368e+03  1.61e-14 4.26e-14  6.03e-03     2s
  10  -2.20482263e+02  2.07278504e+02  9.35e-15 2.84e-14  8.61e-04     2s
  11  -4.89134865e+01  3.17977722e+01  2.21e-15 2.13e-14  1.62e-04     2s
  12  -8.20249735e+00  5.63424455e+00  1.01e-15 2.84e-14  2.78e-05     2s
  13  -8.56649054e-01  9.71028136e-01  4.04e-16 1.42e-14  3.68e-06     2s
  14   2.42106089e-01  6.89310692e-01  3.28e-16 1.42e-14  9.00e-07     3s
  15   4.62382851e-01  6.40928395e-01  2.42e-16 2.84e-14  3.59e-07     3s
  16   5.43682568e-01  6.09373909e-01  1.05e-16 1.42e-14  1.32e-07     3s
  17   5.63888973e-01  6.01438250e-01  4.95e-17 2.13e-14  7.55e-08     3s
  18   5.82118043e-01  5.94733427e-01  1.23e-16 1.42e-14  2.54e-08     3s
  19   5.88276182e-01  5.92479985e-01  1.14e-16 1.42e-14  8.46e-09     3s
  20   5.90802964e-01  5.91579131e-01  4.74e-17 1.42e-14  1.56e-09     3s
  21   5.91293145e-01  5.91405515e-01  1.02e-16 1.42e-14  2.26e-10     3s
  22   5.91368089e-01  5.91379007e-01  9.18e-17 1.42e-14  2.20e-11     3s
  23   5.91376030e-01  5.91376199e-01  3.32e-16 1.42e-14  3.41e-13     3s
  24   5.91376134e-01  5.91376162e-01  3.21e-15 1.42e-14  5.75e-14     3s
  25   5.91376149e-01  5.91376157e-01  7.34e-15 1.42e-14  1.60e-14     4s
  26   5.91376154e-01  5.91376156e-01  2.53e-15 1.42e-14  3.95e-15     4s
  27   5.91376155e-01  5.91376155e-01  1.94e-15 1.42e-14  1.03e-15     4s
  28   5.91376155e-01  5.91376155e-01  1.06e-15 1.42e-14  4.36e-16     4s
  29   5.91376155e-01  5.91376155e-01  9.53e-16 1.42e-14  4.08e-16     4s
  30   5.91376155e-01  5.91376155e-01  8.78e-16 1.42e-14  2.34e-16     4s
  31   5.91376155e-01  5.91376155e-01  4.26e-16 1.42e-14  1.24e-16     4s
  32   5.91376155e-01  5.91376155e-01  2.57e-16 1.42e-14  8.10e-17     4s

Barrier solved model in 32 iterations and 4.14 seconds (3.82 work units)
Optimal objective 5.91376155e-01

objective value: 0.591376154995724
Done! Time elapsed: 25.993898153305054 seconds.
g_0_1: 1.0393972933923323
g_1_1: 1.0239783492171963
g_1_2: 1.070680711614122
g_2_1: 1.0431029442992168
g_2_2: 1.1318503212726247
g_2_3: 1.0431029443020308
g_2_4: 1.1318503210172353
Parameters from last iteration: [0.18085513 0.72395269 0.18629844 0.73747378 0.19694196 0.73747378
 0.19694196]

Parameters from current iteration:
                [0.18085513 0.72395269 0.18629844 0.73747378 0.19694196 0.73747378
 0.19694196]


                Percentage Error = 2.842754928368084e-12
                
year done: 186
Time 187: 2
Optimization Iteration[1/20000]

Solving the optimization problem...
Set parameter TokenServer to value "licenses.rcc.uchicago.edu"
Read LP format model from file /scratch/local/jobs/50183995/tmporqvns20.pyomo.lp
Reading time = 1.35 seconds
x1: 258121 rows, 502401 columns, 1259970 nonzeros
Set parameter Threads to value 8
Set parameter BarConvTol to value 1e-12
Gurobi Optimizer version 11.0.0 build v11.0.0rc2 (linux64 - "CentOS Linux 8")

CPU model: Intel(R) Xeon(R) Gold 6248R CPU @ 3.00GHz, instruction set [SSE2|AVX|AVX2|AVX512]
Thread count: 48 physical cores, 48 logical processors, using up to 8 threads

Optimize a model with 258121 rows, 502401 columns and 1259970 nonzeros
Model fingerprint: 0x208c5c82
Model has 3166 quadratic objective terms
Coefficient statistics:
  Matrix range     [1e+00, 1e+03]
  Objective range  [6e-08, 7e+01]
  QObjective range [4e-01, 3e+03]
  Bounds range     [3e-04, 1e+00]
  RHS range        [8e-17, 6e+00]
Presolve removed 131482 rows and 128814 columns
Presolve time: 0.55s
Presolved: 126639 rows, 373587 columns, 743930 nonzeros
Presolved model has 3166 quadratic objective terms
Ordering time: 0.16s

Barrier statistics:
 AA' NZ     : 3.709e+05
 Factor NZ  : 4.212e+06 (roughly 240 MB of memory)
 Factor Ops : 3.974e+08 (less than 1 second per iteration)
 Threads    : 8

                  Objective                Residual
Iter       Primal          Dual         Primal    Dual     Compl     Time
   0  -1.08208243e+09  8.62426925e+08  7.80e+04 1.13e-13  1.00e+06     1s
   1  -6.18909580e+08  5.71190884e+08  1.71e+04 1.38e+02  2.40e+05     1s
   2  -3.11035477e+08  3.11021848e+08  2.28e+02 1.12e+00  4.48e+03     1s
   3  -7.31788343e+07  7.38397132e+07  1.92e+00 1.52e-12  3.19e+02     1s
   4  -1.39340231e+07  1.46173253e+07  1.62e-01 4.79e-12  5.90e+01     1s
   5  -2.55218688e+06  2.82756838e+06  1.24e-02 1.18e-12  1.09e+01     1s
   6  -3.71998909e+05  4.27120967e+05  1.24e-08 1.70e-12  1.61e+00     2s
   7  -5.57164396e+04  7.01839517e+04  1.49e-13 6.45e-13  2.53e-01     2s
   8  -8.40132699e+03  1.00455337e+04  4.72e-14 2.23e-13  3.71e-02     2s
   9  -1.34547205e+03  1.65064361e+03  2.38e-14 2.84e-14  6.03e-03     2s
  10  -2.20482332e+02  2.07278435e+02  7.35e-15 2.13e-14  8.61e-04     2s
  11  -4.89135555e+01  3.17977033e+01  2.52e-15 2.84e-14  1.62e-04     2s
  12  -8.20256628e+00  5.63417562e+00  1.11e-15 1.42e-14  2.78e-05     2s
  13  -8.56717988e-01  9.70959202e-01  3.67e-16 1.42e-14  3.68e-06     2s
  14   2.42037155e-01  6.89241758e-01  3.05e-16 1.42e-14  9.00e-07     3s
  15   4.62313917e-01  6.40859461e-01  2.21e-16 1.42e-14  3.59e-07     3s
  16   5.43613634e-01  6.09304976e-01  1.77e-16 1.42e-14  1.32e-07     3s
  17   5.63820039e-01  6.01369316e-01  4.92e-17 1.42e-14  7.55e-08     3s
  18   5.82049109e-01  5.94664493e-01  1.91e-16 1.42e-14  2.54e-08     3s
  19   5.88207248e-01  5.92411051e-01  1.12e-16 1.42e-14  8.46e-09     3s
  20   5.90734030e-01  5.91510198e-01  9.68e-17 2.84e-14  1.56e-09     3s
  21   5.91224212e-01  5.91336582e-01  7.89e-17 1.42e-14  2.26e-10     3s
  22   5.91299155e-01  5.91310073e-01  1.13e-16 2.84e-14  2.20e-11     3s
  23   5.91307096e-01  5.91307266e-01  3.12e-16 1.42e-14  3.41e-13     3s
  24   5.91307200e-01  5.91307229e-01  3.01e-15 1.42e-14  5.74e-14     3s
  25   5.91307215e-01  5.91307223e-01  6.60e-15 2.13e-14  1.60e-14     3s
  26   5.91307220e-01  5.91307222e-01  2.85e-15 1.42e-14  3.94e-15     4s
  27   5.91307221e-01  5.91307221e-01  1.79e-15 1.42e-14  1.03e-15     4s
  28   5.91307221e-01  5.91307221e-01  1.00e-15 1.42e-14  4.34e-16     4s
  29   5.91307221e-01  5.91307221e-01  8.78e-16 1.42e-14  4.07e-16     4s
  30   5.91307221e-01  5.91307221e-01  8.37e-16 1.42e-14  2.33e-16     4s
  31   5.91307221e-01  5.91307221e-01  5.10e-16 1.42e-14  1.24e-16     4s
  32   5.91307221e-01  5.91307221e-01  3.02e-16 1.42e-14  8.00e-17     4s

Barrier solved model in 32 iterations and 4.06 seconds (3.82 work units)
Optimal objective 5.91307221e-01

objective value: 0.5913072212375026
Done! Time elapsed: 24.304805517196655 seconds.
g_0_1: 1.0393972933916567
g_1_1: 1.02397834921753
g_1_2: 1.0706807116137025
g_2_1: 1.0431029442994522
g_2_2: 1.1318503212691924
g_2_3: 1.0431029443022393
g_2_4: 1.131850321016981
Parameters from last iteration: [0.18085513 0.72395269 0.18629844 0.73747378 0.19694196 0.73747378
 0.19694196]

Parameters from current iteration:
                [0.18085513 0.72395269 0.18629844 0.73747378 0.19694196 0.73747378
 0.19694196]


                Percentage Error = 3.0325913712160196e-12
                
year done: 187
Time 188: 2
Optimization Iteration[1/20000]

Solving the optimization problem...
Set parameter TokenServer to value "licenses.rcc.uchicago.edu"
Read LP format model from file /scratch/local/jobs/50183995/tmpegjxu6de.pyomo.lp
Reading time = 1.34 seconds
x1: 258121 rows, 502401 columns, 1259970 nonzeros
Set parameter Threads to value 8
Set parameter BarConvTol to value 1e-12
Gurobi Optimizer version 11.0.0 build v11.0.0rc2 (linux64 - "CentOS Linux 8")

CPU model: Intel(R) Xeon(R) Gold 6248R CPU @ 3.00GHz, instruction set [SSE2|AVX|AVX2|AVX512]
Thread count: 48 physical cores, 48 logical processors, using up to 8 threads

Optimize a model with 258121 rows, 502401 columns and 1259970 nonzeros
Model fingerprint: 0x840c813c
Model has 3166 quadratic objective terms
Coefficient statistics:
  Matrix range     [1e+00, 1e+03]
  Objective range  [6e-08, 7e+01]
  QObjective range [4e-01, 3e+03]
  Bounds range     [3e-04, 1e+00]
  RHS range        [8e-17, 6e+00]
Presolve removed 131482 rows and 128814 columns
Presolve time: 0.56s
Presolved: 126639 rows, 373587 columns, 743930 nonzeros
Presolved model has 3166 quadratic objective terms
Ordering time: 0.16s

Barrier statistics:
 AA' NZ     : 3.709e+05
 Factor NZ  : 4.212e+06 (roughly 240 MB of memory)
 Factor Ops : 3.974e+08 (less than 1 second per iteration)
 Threads    : 8

                  Objective                Residual
Iter       Primal          Dual         Primal    Dual     Compl     Time
   0  -1.08208243e+09  8.62426925e+08  7.80e+04 1.14e-13  1.00e+06     1s
   1  -6.18909580e+08  5.71190884e+08  1.71e+04 1.38e+02  2.40e+05     1s
   2  -3.11035477e+08  3.11021848e+08  2.28e+02 1.12e+00  4.48e+03     1s
   3  -7.31788343e+07  7.38397132e+07  1.92e+00 1.75e-12  3.19e+02     1s
   4  -1.39340231e+07  1.46173253e+07  1.62e-01 4.94e-12  5.90e+01     1s
   5  -2.55218688e+06  2.82756838e+06  1.24e-02 1.22e-12  1.09e+01     1s
   6  -3.71998910e+05  4.27120967e+05  1.24e-08 1.53e-12  1.61e+00     2s
   7  -5.57164396e+04  7.01839516e+04  1.84e-13 6.22e-13  2.53e-01     2s
   8  -8.40132706e+03  1.00455337e+04  5.05e-14 2.41e-13  3.71e-02     2s
   9  -1.34547211e+03  1.65064355e+03  2.21e-14 4.26e-14  6.03e-03     2s
  10  -2.20482398e+02  2.07278369e+02  9.86e-15 2.84e-14  8.61e-04     2s
  11  -4.89136213e+01  3.17976375e+01  2.10e-15 2.13e-14  1.62e-04     2s
  12  -8.20263212e+00  5.63410979e+00  1.17e-15 1.42e-14  2.78e-05     2s
  13  -8.56783819e-01  9.70893371e-01  2.81e-16 1.42e-14  3.68e-06     2s
  14   2.41971324e-01  6.89175927e-01  4.48e-16 1.42e-14  9.00e-07     3s
  15   4.62248086e-01  6.40793630e-01  1.97e-16 1.42e-14  3.59e-07     3s
  16   5.43547803e-01  6.09239144e-01  6.26e-17 1.42e-14  1.32e-07     3s
  17   5.63754208e-01  6.01303485e-01  4.13e-17 1.42e-14  7.55e-08     3s
  18   5.81983278e-01  5.94598662e-01  1.40e-16 2.84e-14  2.54e-08     3s
  19   5.88141417e-01  5.92345220e-01  1.21e-16 1.42e-14  8.46e-09     3s
  20   5.90668199e-01  5.91444366e-01  6.67e-17 1.42e-14  1.56e-09     3s
  21   5.91158380e-01  5.91270750e-01  5.05e-17 2.13e-14  2.26e-10     3s
  22   5.91233324e-01  5.91244242e-01  1.34e-16 1.42e-14  2.20e-11     3s
  23   5.91241265e-01  5.91241434e-01  3.33e-16 1.42e-14  3.41e-13     3s
  24   5.91241369e-01  5.91241397e-01  3.34e-15 1.42e-14  5.72e-14     3s
  25   5.91241384e-01  5.91241392e-01  6.47e-15 1.42e-14  1.60e-14     4s
  26   5.91241389e-01  5.91241391e-01  2.94e-15 1.42e-14  3.94e-15     4s
  27   5.91241390e-01  5.91241390e-01  1.78e-15 1.42e-14  1.03e-15     4s
  28   5.91241390e-01  5.91241390e-01  1.18e-15 1.42e-14  4.33e-16     4s
  29   5.91241390e-01  5.91241390e-01  1.14e-15 1.42e-14  4.06e-16     4s
  30   5.91241390e-01  5.91241390e-01  7.89e-16 1.42e-14  2.33e-16     4s
  31   5.91241390e-01  5.91241390e-01  4.73e-16 7.11e-15  1.24e-16     4s
  32   5.91241390e-01  5.91241390e-01  3.08e-16 1.42e-14  7.86e-17     4s

Barrier solved model in 32 iterations and 4.13 seconds (3.82 work units)
Optimal objective 5.91241390e-01

objective value: 0.5912413900096329
Done! Time elapsed: 24.494139432907104 seconds.
g_0_1: 1.0393972933907025
g_1_1: 1.0239783492179895
g_1_2: 1.0706807116131247
g_2_1: 1.043102944299799
g_2_2: 1.1318503212644457
g_2_3: 1.0431029443025295
g_2_4: 1.1318503210166295
Parameters from last iteration: [0.18085513 0.72395269 0.18629844 0.73747378 0.19694196 0.73747378
 0.19694196]

Parameters from current iteration:
                [0.18085513 0.72395269 0.18629844 0.73747378 0.19694196 0.73747378
 0.19694196]


                Percentage Error = 4.1935955405789355e-12
                
year done: 188
Time 189: 2
Optimization Iteration[1/20000]

Solving the optimization problem...
Set parameter TokenServer to value "licenses.rcc.uchicago.edu"
Read LP format model from file /scratch/local/jobs/50183995/tmp4x1ur2fq.pyomo.lp
Reading time = 1.34 seconds
x1: 258121 rows, 502401 columns, 1259970 nonzeros
Set parameter Threads to value 8
Set parameter BarConvTol to value 1e-12
Gurobi Optimizer version 11.0.0 build v11.0.0rc2 (linux64 - "CentOS Linux 8")

CPU model: Intel(R) Xeon(R) Gold 6248R CPU @ 3.00GHz, instruction set [SSE2|AVX|AVX2|AVX512]
Thread count: 48 physical cores, 48 logical processors, using up to 8 threads

Optimize a model with 258121 rows, 502401 columns and 1259970 nonzeros
Model fingerprint: 0x7ef72f95
Model has 3166 quadratic objective terms
Coefficient statistics:
  Matrix range     [1e+00, 1e+03]
  Objective range  [6e-08, 7e+01]
  QObjective range [4e-01, 3e+03]
  Bounds range     [3e-04, 1e+00]
  RHS range        [8e-17, 6e+00]
Presolve removed 131482 rows and 128814 columns
Presolve time: 0.55s
Presolved: 126639 rows, 373587 columns, 743930 nonzeros
Presolved model has 3166 quadratic objective terms
Ordering time: 0.16s

Barrier statistics:
 AA' NZ     : 3.709e+05
 Factor NZ  : 4.212e+06 (roughly 240 MB of memory)
 Factor Ops : 3.974e+08 (less than 1 second per iteration)
 Threads    : 8

                  Objective                Residual
Iter       Primal          Dual         Primal    Dual     Compl     Time
   0  -1.08208243e+09  8.62426925e+08  7.80e+04 1.13e-13  1.00e+06     1s
   1  -6.18909580e+08  5.71190884e+08  1.71e+04 1.38e+02  2.40e+05     1s
   2  -3.11035477e+08  3.11021848e+08  2.28e+02 1.12e+00  4.48e+03     1s
   3  -7.31788343e+07  7.38397132e+07  1.92e+00 1.66e-12  3.19e+02     1s
   4  -1.39340231e+07  1.46173253e+07  1.62e-01 3.56e-12  5.90e+01     1s
   5  -2.55218688e+06  2.82756838e+06  1.24e-02 1.67e-12  1.09e+01     1s
   6  -3.71998910e+05  4.27120967e+05  1.24e-08 1.56e-12  1.61e+00     2s
   7  -5.57164397e+04  7.01839516e+04  1.75e-13 7.10e-13  2.53e-01     2s
   8  -8.40132712e+03  1.00455336e+04  6.78e-14 2.21e-13  3.71e-02     2s
   9  -1.34547218e+03  1.65064348e+03  1.75e-14 2.94e-14  6.03e-03     2s
  10  -2.20482461e+02  2.07278306e+02  6.84e-15 2.84e-14  8.61e-04     2s
  11  -4.89136842e+01  3.17975746e+01  3.34e-15 1.42e-14  1.62e-04     2s
  12  -8.20269498e+00  5.63404692e+00  1.07e-15 1.42e-14  2.78e-05     2s
  13  -8.56846688e-01  9.70830502e-01  2.88e-16 1.42e-14  3.68e-06     2s
  14   2.41908456e-01  6.89113058e-01  3.42e-16 1.42e-14  9.00e-07     3s
  15   4.62185218e-01  6.40730761e-01  1.61e-16 2.84e-14  3.59e-07     3s
  16   5.43484935e-01  6.09176276e-01  1.02e-16 2.13e-14  1.32e-07     3s
  17   5.63691339e-01  6.01240617e-01  5.74e-17 2.13e-14  7.55e-08     3s
  18   5.81920409e-01  5.94535794e-01  6.57e-17 1.42e-14  2.54e-08     3s
  19   5.88078548e-01  5.92282351e-01  1.40e-16 2.84e-14  8.46e-09     3s
  20   5.90605331e-01  5.91381498e-01  1.23e-16 1.42e-14  1.56e-09     3s
  21   5.91095512e-01  5.91207882e-01  1.36e-16 1.42e-14  2.26e-10     3s
  22   5.91170456e-01  5.91181374e-01  1.29e-16 1.42e-14  2.20e-11     3s
  23   5.91178396e-01  5.91178566e-01  4.03e-16 2.84e-14  3.41e-13     3s
  24   5.91178501e-01  5.91178529e-01  2.70e-15 1.42e-14  5.71e-14     3s
  25   5.91178516e-01  5.91178524e-01  7.47e-15 1.42e-14  1.60e-14     3s
  26   5.91178520e-01  5.91178522e-01  2.86e-15 1.42e-14  3.94e-15     4s
  27   5.91178521e-01  5.91178522e-01  2.05e-15 1.42e-14  1.03e-15     4s
  28   5.91178522e-01  5.91178522e-01  1.09e-15 1.42e-14  4.31e-16     4s
  29   5.91178522e-01  5.91178522e-01  9.60e-16 1.02e-14  4.04e-16     4s
  30   5.91178522e-01  5.91178522e-01  9.10e-16 1.42e-14  2.32e-16     4s
  31   5.91178522e-01  5.91178522e-01  5.13e-16 1.42e-14  1.25e-16     4s
  32   5.91178522e-01  5.91178522e-01  3.04e-16 1.42e-14  7.71e-17     4s

Barrier solved model in 32 iterations and 4.08 seconds (3.82 work units)
Optimal objective 5.91178522e-01

objective value: 0.5911785216751503
Done! Time elapsed: 24.427008390426636 seconds.
g_0_1: 1.0393972933896745
g_1_1: 1.0239783492184893
g_1_2: 1.070680711612494
g_2_1: 1.0431029443001645
g_2_2: 1.1318503212593454
g_2_3: 1.0431029443028417
g_2_4: 1.1318503210162385
Parameters from last iteration: [0.18085513 0.72395269 0.18629844 0.73747378 0.19694196 0.73747378
 0.19694196]

Parameters from current iteration:
                [0.18085513 0.72395269 0.18629844 0.73747378 0.19694196 0.73747378
 0.19694196]


                Percentage Error = 4.5063253599466926e-12
                
year done: 189
Time 190: 2
Optimization Iteration[1/20000]

Solving the optimization problem...
Set parameter TokenServer to value "licenses.rcc.uchicago.edu"
Read LP format model from file /scratch/local/jobs/50183995/tmpwgx9aipo.pyomo.lp
Reading time = 1.34 seconds
x1: 258121 rows, 502401 columns, 1259970 nonzeros
Set parameter Threads to value 8
Set parameter BarConvTol to value 1e-12
Gurobi Optimizer version 11.0.0 build v11.0.0rc2 (linux64 - "CentOS Linux 8")

CPU model: Intel(R) Xeon(R) Gold 6248R CPU @ 3.00GHz, instruction set [SSE2|AVX|AVX2|AVX512]
Thread count: 48 physical cores, 48 logical processors, using up to 8 threads

Optimize a model with 258121 rows, 502401 columns and 1259970 nonzeros
Model fingerprint: 0xd4722691
Model has 3166 quadratic objective terms
Coefficient statistics:
  Matrix range     [1e+00, 1e+03]
  Objective range  [6e-08, 7e+01]
  QObjective range [4e-01, 3e+03]
  Bounds range     [3e-04, 1e+00]
  RHS range        [8e-17, 6e+00]
Presolve removed 131482 rows and 128814 columns
Presolve time: 0.57s
Presolved: 126639 rows, 373587 columns, 743930 nonzeros
Presolved model has 3166 quadratic objective terms
Ordering time: 0.16s

Barrier statistics:
 AA' NZ     : 3.709e+05
 Factor NZ  : 4.212e+06 (roughly 240 MB of memory)
 Factor Ops : 3.974e+08 (less than 1 second per iteration)
 Threads    : 8

                  Objective                Residual
Iter       Primal          Dual         Primal    Dual     Compl     Time
   0  -1.08208243e+09  8.62426925e+08  7.80e+04 1.14e-13  1.00e+06     1s
   1  -6.18909580e+08  5.71190884e+08  1.71e+04 1.38e+02  2.40e+05     1s
   2  -3.11035477e+08  3.11021848e+08  2.28e+02 1.12e+00  4.48e+03     1s
   3  -7.31788343e+07  7.38397132e+07  1.92e+00 1.60e-12  3.19e+02     1s
   4  -1.39340231e+07  1.46173253e+07  1.62e-01 6.34e-12  5.90e+01     1s
   5  -2.55218688e+06  2.82756838e+06  1.24e-02 1.25e-12  1.09e+01     2s
   6  -3.71998910e+05  4.27120967e+05  1.24e-08 9.03e-13  1.61e+00     2s
   7  -5.57164398e+04  7.01839515e+04  1.45e-13 6.72e-13  2.53e-01     2s
   8  -8.40132718e+03  1.00455335e+04  4.69e-14 2.14e-13  3.71e-02     2s
   9  -1.34547224e+03  1.65064342e+03  1.51e-14 4.40e-14  6.03e-03     2s
  10  -2.20482521e+02  2.07278246e+02  9.57e-15 2.84e-14  8.61e-04     2s
  11  -4.89137442e+01  3.17975146e+01  2.25e-15 1.42e-14  1.62e-04     2s
  12  -8.20275502e+00  5.63398688e+00  1.30e-15 1.42e-14  2.78e-05     2s
  13  -8.56906727e-01  9.70770464e-01  3.95e-16 2.84e-14  3.68e-06     2s
  14   2.41848417e-01  6.89053019e-01  3.38e-16 1.42e-14  9.00e-07     3s
  15   4.62125179e-01  6.40670723e-01  3.65e-16 1.42e-14  3.59e-07     3s
  16   5.43424896e-01  6.09116237e-01  1.35e-16 1.42e-14  1.32e-07     3s
  17   5.63631300e-01  6.01180578e-01  5.11e-17 1.42e-14  7.55e-08     3s
  18   5.81860370e-01  5.94475755e-01  3.85e-17 1.42e-14  2.54e-08     3s
  19   5.88018509e-01  5.92222313e-01  8.26e-17 2.84e-14  8.46e-09     3s
  20   5.90545292e-01  5.91321459e-01  9.66e-17 1.42e-14  1.56e-09     3s
  21   5.91035473e-01  5.91147843e-01  7.47e-17 1.42e-14  2.26e-10     3s
  22   5.91110417e-01  5.91121335e-01  1.37e-16 1.42e-14  2.20e-11     3s
  23   5.91118358e-01  5.91118527e-01  2.99e-16 2.13e-14  3.41e-13     3s
  24   5.91118462e-01  5.91118490e-01  3.09e-15 2.84e-14  5.69e-14     3s
  25   5.91118477e-01  5.91118485e-01  6.52e-15 1.42e-14  1.60e-14     4s
  26   5.91118481e-01  5.91118483e-01  2.40e-15 1.42e-14  3.93e-15     4s
  27   5.91118483e-01  5.91118483e-01  2.08e-15 1.42e-14  1.02e-15     4s
  28   5.91118483e-01  5.91118483e-01  9.50e-16 1.42e-14  4.30e-16     4s
  29   5.91118483e-01  5.91118483e-01  9.02e-16 1.42e-14  4.03e-16     4s
  30   5.91118483e-01  5.91118483e-01  9.03e-16 2.13e-14  2.31e-16     4s
  31   5.91118483e-01  5.91118483e-01  5.22e-16 1.42e-14  1.25e-16     4s
  32   5.91118483e-01  5.91118483e-01  3.17e-16 1.42e-14  7.55e-17     4s

Barrier solved model in 32 iterations and 4.18 seconds (3.82 work units)
Optimal objective 5.91118483e-01

objective value: 0.5911184828818954
Done! Time elapsed: 25.998424291610718 seconds.
g_0_1: 1.0393972933885667
g_1_1: 1.023978349219026
g_1_2: 1.0706807116118209
g_2_1: 1.0431029443005615
g_2_2: 1.1318503212538598
g_2_3: 1.04310294430318
g_2_4: 1.1318503210158264
Parameters from last iteration: [0.18085513 0.72395269 0.18629844 0.73747378 0.19694196 0.73747378
 0.19694196]

Parameters from current iteration:
                [0.18085513 0.72395269 0.18629844 0.73747378 0.19694196 0.73747378
 0.19694196]


                Percentage Error = 4.8465370697077445e-12
                
year done: 190
Time 191: 2
Optimization Iteration[1/20000]

Solving the optimization problem...
Set parameter TokenServer to value "licenses.rcc.uchicago.edu"
Read LP format model from file /scratch/local/jobs/50183995/tmp0wmn9p2x.pyomo.lp
Reading time = 1.35 seconds
x1: 258121 rows, 502401 columns, 1259970 nonzeros
Set parameter Threads to value 8
Set parameter BarConvTol to value 1e-12
Gurobi Optimizer version 11.0.0 build v11.0.0rc2 (linux64 - "CentOS Linux 8")

CPU model: Intel(R) Xeon(R) Gold 6248R CPU @ 3.00GHz, instruction set [SSE2|AVX|AVX2|AVX512]
Thread count: 48 physical cores, 48 logical processors, using up to 8 threads

Optimize a model with 258121 rows, 502401 columns and 1259970 nonzeros
Model fingerprint: 0xaaf5942c
Model has 3166 quadratic objective terms
Coefficient statistics:
  Matrix range     [1e+00, 1e+03]
  Objective range  [6e-08, 7e+01]
  QObjective range [4e-01, 3e+03]
  Bounds range     [3e-04, 1e+00]
  RHS range        [8e-17, 6e+00]
Presolve removed 131482 rows and 128814 columns
Presolve time: 0.56s
Presolved: 126639 rows, 373587 columns, 743930 nonzeros
Presolved model has 3166 quadratic objective terms
Ordering time: 0.16s

Barrier statistics:
 AA' NZ     : 3.709e+05
 Factor NZ  : 4.212e+06 (roughly 240 MB of memory)
 Factor Ops : 3.974e+08 (less than 1 second per iteration)
 Threads    : 8

                  Objective                Residual
Iter       Primal          Dual         Primal    Dual     Compl     Time
   0  -1.08208243e+09  8.62426925e+08  7.80e+04 1.13e-13  1.00e+06     1s
   1  -6.18909580e+08  5.71190884e+08  1.71e+04 1.38e+02  2.40e+05     1s
   2  -3.11035477e+08  3.11021848e+08  2.28e+02 1.12e+00  4.48e+03     1s
   3  -7.31788343e+07  7.38397132e+07  1.92e+00 1.36e-12  3.19e+02     1s
   4  -1.39340231e+07  1.46173253e+07  1.62e-01 5.31e-12  5.90e+01     1s
   5  -2.55218688e+06  2.82756838e+06  1.24e-02 1.24e-12  1.09e+01     1s
   6  -3.71998910e+05  4.27120967e+05  1.24e-08 8.82e-13  1.61e+00     2s
   7  -5.57164398e+04  7.01839514e+04  1.33e-13 8.38e-13  2.53e-01     2s
   8  -8.40132724e+03  1.00455335e+04  4.76e-14 2.28e-13  3.71e-02     2s
   9  -1.34547229e+03  1.65064337e+03  1.60e-14 3.20e-14  6.03e-03     2s
  10  -2.20482578e+02  2.07278189e+02  1.00e-14 2.84e-14  8.61e-04     2s
  11  -4.89138015e+01  3.17974572e+01  2.01e-15 1.55e-14  1.62e-04     2s
  12  -8.20281236e+00  5.63392954e+00  1.40e-15 2.84e-14  2.78e-05     2s
  13  -8.56964063e-01  9.70713127e-01  4.69e-16 1.42e-14  3.68e-06     2s
  14   2.41791080e-01  6.88995683e-01  4.19e-16 1.42e-14  9.00e-07     3s
  15   4.62067842e-01  6.40613386e-01  1.42e-16 1.42e-14  3.59e-07     3s
  16   5.43367559e-01  6.09058901e-01  1.55e-16 1.42e-14  1.32e-07     3s
  17   5.63573964e-01  6.01123241e-01  4.55e-17 2.84e-14  7.55e-08     3s
  18   5.81803034e-01  5.94418418e-01  3.45e-17 1.42e-14  2.54e-08     3s
  19   5.87961173e-01  5.92164976e-01  4.58e-17 1.42e-14  8.46e-09     3s
  20   5.90487955e-01  5.91264123e-01  1.80e-16 1.42e-14  1.56e-09     3s
  21   5.90978137e-01  5.91090507e-01  9.30e-17 1.42e-14  2.26e-10     3s
  22   5.91053080e-01  5.91063998e-01  1.04e-16 1.42e-14  2.20e-11     3s
  23   5.91061021e-01  5.91061191e-01  4.13e-16 1.42e-14  3.41e-13     3s
  24   5.91061125e-01  5.91061154e-01  2.94e-15 1.42e-14  5.68e-14     3s
  25   5.91061140e-01  5.91061148e-01  7.37e-15 1.42e-14  1.59e-14     3s
  26   5.91061145e-01  5.91061147e-01  3.26e-15 2.13e-14  3.93e-15     4s
  27   5.91061146e-01  5.91061146e-01  1.88e-15 1.42e-14  1.02e-15     4s
  28   5.91061146e-01  5.91061146e-01  1.23e-15 1.42e-14  4.28e-16     4s
  29   5.91061146e-01  5.91061146e-01  1.09e-15 1.42e-14  4.02e-16     4s
  30   5.91061146e-01  5.91061146e-01  8.11e-16 7.99e-15  2.31e-16     4s
  31   5.91061146e-01  5.91061146e-01  4.98e-16 1.42e-14  1.25e-16     4s
  32   5.91061146e-01  5.91061146e-01  2.95e-16 1.42e-14  7.37e-17     4s

Barrier solved model in 32 iterations and 4.08 seconds (3.82 work units)
Optimal objective 5.91061146e-01

objective value: 0.5910611462795318
Done! Time elapsed: 24.598001718521118 seconds.
g_0_1: 1.0393972933873736
g_1_1: 1.0239783492196106
g_1_2: 1.0706807116110895
g_2_1: 1.0431029443009863
g_2_2: 1.1318503212479645
g_2_3: 1.0431029443035489
g_2_4: 1.13185032101538
Parameters from last iteration: [0.18085513 0.72395269 0.18629844 0.73747378 0.19694196 0.73747378
 0.19694196]

Parameters from current iteration:
                [0.18085513 0.72395269 0.18629844 0.73747378 0.19694196 0.73747378
 0.19694196]


                Percentage Error = 5.20859335901384e-12
                
year done: 191
Time 192: 2
Optimization Iteration[1/20000]

Solving the optimization problem...
Set parameter TokenServer to value "licenses.rcc.uchicago.edu"
Read LP format model from file /scratch/local/jobs/50183995/tmpa1xdpxpb.pyomo.lp
Reading time = 1.35 seconds
x1: 258121 rows, 502401 columns, 1259970 nonzeros
Set parameter Threads to value 8
Set parameter BarConvTol to value 1e-12
Gurobi Optimizer version 11.0.0 build v11.0.0rc2 (linux64 - "CentOS Linux 8")

CPU model: Intel(R) Xeon(R) Gold 6248R CPU @ 3.00GHz, instruction set [SSE2|AVX|AVX2|AVX512]
Thread count: 48 physical cores, 48 logical processors, using up to 8 threads

Optimize a model with 258121 rows, 502401 columns and 1259970 nonzeros
Model fingerprint: 0xdcc43f84
Model has 3166 quadratic objective terms
Coefficient statistics:
  Matrix range     [1e+00, 1e+03]
  Objective range  [6e-08, 7e+01]
  QObjective range [4e-01, 3e+03]
  Bounds range     [3e-04, 1e+00]
  RHS range        [8e-17, 6e+00]
Presolve removed 131482 rows and 128814 columns
Presolve time: 0.57s
Presolved: 126639 rows, 373587 columns, 743930 nonzeros
Presolved model has 3166 quadratic objective terms
Ordering time: 0.16s

Barrier statistics:
 AA' NZ     : 3.709e+05
 Factor NZ  : 4.212e+06 (roughly 240 MB of memory)
 Factor Ops : 3.974e+08 (less than 1 second per iteration)
 Threads    : 8

                  Objective                Residual
Iter       Primal          Dual         Primal    Dual     Compl     Time
   0  -1.08208243e+09  8.62426925e+08  7.80e+04 1.13e-13  1.00e+06     1s
   1  -6.18909580e+08  5.71190884e+08  1.71e+04 1.38e+02  2.40e+05     1s
   2  -3.11035477e+08  3.11021848e+08  2.28e+02 1.12e+00  4.48e+03     1s
   3  -7.31788343e+07  7.38397132e+07  1.92e+00 1.40e-12  3.19e+02     1s
   4  -1.39340231e+07  1.46173253e+07  1.62e-01 5.04e-12  5.90e+01     1s
   5  -2.55218688e+06  2.82756838e+06  1.24e-02 1.25e-12  1.09e+01     2s
   6  -3.71998910e+05  4.27120967e+05  1.24e-08 9.98e-13  1.61e+00     2s
   7  -5.57164399e+04  7.01839514e+04  1.53e-13 8.02e-13  2.53e-01     2s
   8  -8.40132730e+03  1.00455334e+04  5.93e-14 2.27e-13  3.71e-02     2s
   9  -1.34547235e+03  1.65064331e+03  1.66e-14 5.68e-14  6.03e-03     2s
  10  -2.20482633e+02  2.07278134e+02  7.52e-15 2.84e-14  8.61e-04     2s
  11  -4.89138563e+01  3.17974025e+01  3.40e-15 2.84e-14  1.62e-04     2s
  12  -8.20286712e+00  5.63387479e+00  1.01e-15 1.42e-14  2.78e-05     2s
  13  -8.57018819e-01  9.70658371e-01  3.46e-16 1.42e-14  3.68e-06     2s
  14   2.41736324e-01  6.88940927e-01  5.52e-16 1.42e-14  9.00e-07     3s
  15   4.62013086e-01  6.40558630e-01  1.80e-16 1.42e-14  3.59e-07     3s
  16   5.43312803e-01  6.09004145e-01  1.99e-16 1.42e-14  1.32e-07     3s
  17   5.63519208e-01  6.01068485e-01  4.36e-17 1.42e-14  7.55e-08     3s
  18   5.81748278e-01  5.94363662e-01  7.50e-17 1.42e-14  2.54e-08     3s
  19   5.87906417e-01  5.92110220e-01  8.57e-17 1.42e-14  8.46e-09     3s
  20   5.90433199e-01  5.91209367e-01  6.34e-17 2.84e-14  1.56e-09     3s
  21   5.90923381e-01  5.91035751e-01  6.37e-17 1.42e-14  2.26e-10     3s
  22   5.90998324e-01  5.91009242e-01  2.06e-16 2.13e-14  2.20e-11     3s
  23   5.91006265e-01  5.91006435e-01  3.60e-16 1.42e-14  3.41e-13     3s
  24   5.91006369e-01  5.91006398e-01  2.97e-15 1.42e-14  5.66e-14     4s
  25   5.91006384e-01  5.91006392e-01  7.30e-15 2.13e-14  1.59e-14     4s
  26   5.91006389e-01  5.91006391e-01  2.30e-15 1.42e-14  3.92e-15     4s
  27   5.91006390e-01  5.91006390e-01  2.97e-15 1.42e-14  1.02e-15     4s
  28   5.91006390e-01  5.91006390e-01  1.01e-15 1.42e-14  4.27e-16     4s
  29   5.91006390e-01  5.91006390e-01  1.08e-15 1.42e-14  4.01e-16     4s
  30   5.91006390e-01  5.91006390e-01  7.98e-16 1.42e-14  2.30e-16     4s
  31   5.91006390e-01  5.91006390e-01  4.77e-16 1.42e-14  1.25e-16     4s
  32   5.91006390e-01  5.91006390e-01  3.08e-16 1.42e-14  7.19e-17     4s

Barrier solved model in 32 iterations and 4.20 seconds (3.82 work units)
Optimal objective 5.91006390e-01

objective value: 0.5910063902494165
Done! Time elapsed: 24.817147254943848 seconds.
g_0_1: 1.0393972933861553
g_1_1: 1.023978349220202
g_1_2: 1.0706807116103443
g_2_1: 1.0431029443014244
g_2_2: 1.1318503212418627
g_2_3: 1.043102944303926
g_2_4: 1.131850321014929
Parameters from last iteration: [0.18085513 0.72395269 0.18629844 0.73747378 0.19694196 0.73747378
 0.19694196]

Parameters from current iteration:
                [0.18085513 0.72395269 0.18629844 0.73747378 0.19694196 0.73747378
 0.19694196]


                Percentage Error = 5.39096036500988e-12
                
year done: 192
Time 193: 2
Optimization Iteration[1/20000]

Solving the optimization problem...
Set parameter TokenServer to value "licenses.rcc.uchicago.edu"
Read LP format model from file /scratch/local/jobs/50183995/tmpib02d6w7.pyomo.lp
Reading time = 1.35 seconds
x1: 258121 rows, 502401 columns, 1259970 nonzeros
Set parameter Threads to value 8
Set parameter BarConvTol to value 1e-12
Gurobi Optimizer version 11.0.0 build v11.0.0rc2 (linux64 - "CentOS Linux 8")

CPU model: Intel(R) Xeon(R) Gold 6248R CPU @ 3.00GHz, instruction set [SSE2|AVX|AVX2|AVX512]
Thread count: 48 physical cores, 48 logical processors, using up to 8 threads

Optimize a model with 258121 rows, 502401 columns and 1259970 nonzeros
Model fingerprint: 0x30f5682f
Model has 3166 quadratic objective terms
Coefficient statistics:
  Matrix range     [1e+00, 1e+03]
  Objective range  [6e-08, 7e+01]
  QObjective range [4e-01, 3e+03]
  Bounds range     [3e-04, 1e+00]
  RHS range        [8e-17, 6e+00]
Presolve removed 131482 rows and 128814 columns
Presolve time: 0.55s
Presolved: 126639 rows, 373587 columns, 743930 nonzeros
Presolved model has 3166 quadratic objective terms
Ordering time: 0.16s

Barrier statistics:
 AA' NZ     : 3.709e+05
 Factor NZ  : 4.212e+06 (roughly 240 MB of memory)
 Factor Ops : 3.974e+08 (less than 1 second per iteration)
 Threads    : 8

                  Objective                Residual
Iter       Primal          Dual         Primal    Dual     Compl     Time
   0  -1.08208243e+09  8.62426925e+08  7.80e+04 1.14e-13  1.00e+06     1s
   1  -6.18909580e+08  5.71190884e+08  1.71e+04 1.38e+02  2.40e+05     1s
   2  -3.11035477e+08  3.11021848e+08  2.28e+02 1.12e+00  4.48e+03     1s
   3  -7.31788343e+07  7.38397132e+07  1.92e+00 1.47e-12  3.19e+02     1s
   4  -1.39340231e+07  1.46173253e+07  1.62e-01 5.37e-12  5.90e+01     1s
   5  -2.55218688e+06  2.82756838e+06  1.24e-02 1.24e-12  1.09e+01     1s
   6  -3.71998910e+05  4.27120967e+05  1.24e-08 1.18e-12  1.61e+00     2s
   7  -5.57164399e+04  7.01839513e+04  1.48e-13 7.81e-13  2.53e-01     2s
   8  -8.40132735e+03  1.00455334e+04  6.66e-14 2.16e-13  3.71e-02     2s
   9  -1.34547240e+03  1.65064326e+03  1.68e-14 2.84e-14  6.03e-03     2s
  10  -2.20482685e+02  2.07278082e+02  7.23e-15 2.84e-14  8.61e-04     2s
  11  -4.89139086e+01  3.17973502e+01  2.72e-15 1.42e-14  1.62e-04     2s
  12  -8.20291941e+00  5.63382250e+00  9.02e-16 2.13e-14  2.78e-05     2s
  13  -8.57071111e-01  9.70606079e-01  3.32e-16 1.42e-14  3.68e-06     2s
  14   2.41684032e-01  6.88888635e-01  4.70e-16 1.42e-14  9.00e-07     3s
  15   4.61960795e-01  6.40506338e-01  1.63e-16 1.42e-14  3.59e-07     3s
  16   5.43260511e-01  6.08951853e-01  1.67e-16 1.42e-14  1.32e-07     3s
  17   5.63466916e-01  6.01016194e-01  1.21e-16 1.42e-14  7.55e-08     3s
  18   5.81695986e-01  5.94311371e-01  7.08e-17 1.42e-14  2.54e-08     3s
  19   5.87854125e-01  5.92057928e-01  1.35e-16 2.84e-14  8.46e-09     3s
  20   5.90380908e-01  5.91157075e-01  1.10e-16 1.42e-14  1.56e-09     3s
  21   5.90871089e-01  5.90983459e-01  4.97e-17 1.42e-14  2.26e-10     3s
  22   5.90946033e-01  5.90956951e-01  1.92e-16 2.84e-14  2.20e-11     3s
  23   5.90953973e-01  5.90954143e-01  3.06e-16 1.42e-14  3.41e-13     3s
  24   5.90954078e-01  5.90954106e-01  3.06e-15 1.42e-14  5.65e-14     3s
  25   5.90954093e-01  5.90954101e-01  7.34e-15 1.42e-14  1.59e-14     3s
  26   5.90954097e-01  5.90954099e-01  3.47e-15 2.84e-14  3.92e-15     4s
  27   5.90954098e-01  5.90954099e-01  1.73e-15 1.42e-14  1.02e-15     4s
  28   5.90954099e-01  5.90954099e-01  1.21e-15 1.42e-14  4.25e-16     4s
  29   5.90954099e-01  5.90954099e-01  1.07e-15 1.42e-14  3.99e-16     4s
  30   5.90954099e-01  5.90954099e-01  7.55e-16 1.42e-14  2.30e-16     4s
  31   5.90954099e-01  5.90954099e-01  5.91e-16 7.11e-15  1.25e-16     4s
  32   5.90954099e-01  5.90954099e-01  3.35e-16 1.42e-14  7.05e-17     4s

Barrier solved model in 32 iterations and 4.09 seconds (3.82 work units)
Optimal objective 5.90954099e-01

objective value: 0.5909540986465176
Done! Time elapsed: 24.83482313156128 seconds.
g_0_1: 1.0393972933851767
g_1_1: 1.023978349220676
g_1_2: 1.0706807116097485
g_2_1: 1.0431029443017787
g_2_2: 1.1318503212369566
g_2_3: 1.0431029443042266
g_2_4: 1.1318503210145658
Parameters from last iteration: [0.18085513 0.72395269 0.18629844 0.73747378 0.19694196 0.73747378
 0.19694196]

Parameters from current iteration:
                [0.18085513 0.72395269 0.18629844 0.73747378 0.19694196 0.73747378
 0.19694196]


                Percentage Error = 4.334528311908861e-12
                
year done: 193
Time 194: 2
Optimization Iteration[1/20000]

Solving the optimization problem...
Set parameter TokenServer to value "licenses.rcc.uchicago.edu"
Read LP format model from file /scratch/local/jobs/50183995/tmp_qtnx3d1.pyomo.lp
Reading time = 1.35 seconds
x1: 258121 rows, 502401 columns, 1259970 nonzeros
Set parameter Threads to value 8
Set parameter BarConvTol to value 1e-12
Gurobi Optimizer version 11.0.0 build v11.0.0rc2 (linux64 - "CentOS Linux 8")

CPU model: Intel(R) Xeon(R) Gold 6248R CPU @ 3.00GHz, instruction set [SSE2|AVX|AVX2|AVX512]
Thread count: 48 physical cores, 48 logical processors, using up to 8 threads

Optimize a model with 258121 rows, 502401 columns and 1259970 nonzeros
Model fingerprint: 0x897a12fc
Model has 3166 quadratic objective terms
Coefficient statistics:
  Matrix range     [1e+00, 1e+03]
  Objective range  [6e-08, 7e+01]
  QObjective range [4e-01, 3e+03]
  Bounds range     [3e-04, 1e+00]
  RHS range        [8e-17, 6e+00]
Presolve removed 131482 rows and 128814 columns
Presolve time: 0.59s
Presolved: 126639 rows, 373587 columns, 743930 nonzeros
Presolved model has 3166 quadratic objective terms
Ordering time: 0.16s

Barrier statistics:
 AA' NZ     : 3.709e+05
 Factor NZ  : 4.212e+06 (roughly 240 MB of memory)
 Factor Ops : 3.974e+08 (less than 1 second per iteration)
 Threads    : 8

                  Objective                Residual
Iter       Primal          Dual         Primal    Dual     Compl     Time
   0  -1.08208243e+09  8.62426925e+08  7.80e+04 1.14e-13  1.00e+06     1s
   1  -6.18909580e+08  5.71190884e+08  1.71e+04 1.38e+02  2.40e+05     1s
   2  -3.11035477e+08  3.11021848e+08  2.28e+02 1.12e+00  4.48e+03     1s
   3  -7.31788343e+07  7.38397132e+07  1.92e+00 1.58e-12  3.19e+02     1s
   4  -1.39340231e+07  1.46173253e+07  1.62e-01 3.80e-12  5.90e+01     2s
   5  -2.55218688e+06  2.82756838e+06  1.24e-02 1.28e-12  1.09e+01     2s
   6  -3.71998910e+05  4.27120967e+05  1.24e-08 3.29e-12  1.61e+00     2s
   7  -5.57164400e+04  7.01839513e+04  1.34e-13 6.33e-13  2.53e-01     2s
   8  -8.40132740e+03  1.00455333e+04  6.92e-14 2.32e-13  3.71e-02     2s
   9  -1.34547245e+03  1.65064321e+03  1.78e-14 4.26e-14  6.03e-03     2s
  10  -2.20482735e+02  2.07278032e+02  9.64e-15 2.84e-14  8.61e-04     2s
  11  -4.89139585e+01  3.17973002e+01  2.70e-15 2.13e-14  1.62e-04     2s
  12  -8.20296934e+00  5.63377256e+00  1.20e-15 2.84e-14  2.78e-05     2s
  13  -8.57121049e-01  9.70556141e-01  3.37e-16 1.42e-14  3.68e-06     3s
  14   2.41634094e-01  6.88838697e-01  4.25e-16 2.13e-14  9.00e-07     3s
  15   4.61910857e-01  6.40456400e-01  1.90e-16 2.84e-14  3.59e-07     3s
  16   5.43210573e-01  6.08901915e-01  6.73e-17 1.42e-14  1.32e-07     3s
  17   5.63416978e-01  6.00966255e-01  6.02e-17 2.13e-14  7.55e-08     3s
  18   5.81646048e-01  5.94261433e-01  4.99e-17 1.42e-14  2.54e-08     3s
  19   5.87804187e-01  5.92007990e-01  6.22e-17 1.42e-14  8.46e-09     3s
  20   5.90330969e-01  5.91107137e-01  7.31e-17 1.42e-14  1.56e-09     3s
  21   5.90821151e-01  5.90933521e-01  5.68e-17 1.42e-14  2.26e-10     3s
  22   5.90896095e-01  5.90907013e-01  8.98e-17 1.42e-14  2.20e-11     3s
  23   5.90904035e-01  5.90904205e-01  3.71e-16 2.84e-14  3.41e-13     4s
  24   5.90904140e-01  5.90904168e-01  2.82e-15 1.42e-14  5.63e-14     4s
  25   5.90904155e-01  5.90904163e-01  8.31e-15 1.42e-14  1.59e-14     4s
  26   5.90904159e-01  5.90904161e-01  2.84e-15 1.42e-14  3.91e-15     4s
  27   5.90904160e-01  5.90904161e-01  1.96e-15 1.42e-14  1.02e-15     4s
  28   5.90904160e-01  5.90904161e-01  1.18e-15 1.07e-14  4.24e-16     4s
  29   5.90904160e-01  5.90904161e-01  1.00e-15 1.42e-14  3.98e-16     4s
  30   5.90904160e-01  5.90904161e-01  7.69e-16 1.42e-14  2.29e-16     4s
  31   5.90904161e-01  5.90904161e-01  4.91e-16 1.42e-14  1.26e-16     4s
  32   5.90904161e-01  5.90904161e-01  2.99e-16 1.42e-14  6.90e-17     4s

Barrier solved model in 32 iterations and 4.29 seconds (3.82 work units)
Optimal objective 5.90904161e-01

objective value: 0.5909041605534848
Done! Time elapsed: 25.07535743713379 seconds.
g_0_1: 1.039397293384119
g_1_1: 1.0239783492211916
g_1_2: 1.0706807116090924
g_2_1: 1.0431029443021513
g_2_2: 1.1318503212317867
g_2_3: 1.0431029443045545
g_2_4: 1.1318503210141684
Parameters from last iteration: [0.18085513 0.72395269 0.18629844 0.73747378 0.19694196 0.73747378
 0.19694196]

Parameters from current iteration:
                [0.18085513 0.72395269 0.18629844 0.73747378 0.19694196 0.73747378
 0.19694196]


                Percentage Error = 4.567631115540873e-12
                
year done: 194
Time 195: 2
Optimization Iteration[1/20000]

Solving the optimization problem...
Set parameter TokenServer to value "licenses.rcc.uchicago.edu"
Read LP format model from file /scratch/local/jobs/50183995/tmp4q5z1db_.pyomo.lp
Reading time = 1.34 seconds
x1: 258121 rows, 502401 columns, 1259970 nonzeros
Set parameter Threads to value 8
Set parameter BarConvTol to value 1e-12
Gurobi Optimizer version 11.0.0 build v11.0.0rc2 (linux64 - "CentOS Linux 8")

CPU model: Intel(R) Xeon(R) Gold 6248R CPU @ 3.00GHz, instruction set [SSE2|AVX|AVX2|AVX512]
Thread count: 48 physical cores, 48 logical processors, using up to 8 threads

Optimize a model with 258121 rows, 502401 columns and 1259970 nonzeros
Model fingerprint: 0x2fe36cb3
Model has 3166 quadratic objective terms
Coefficient statistics:
  Matrix range     [1e+00, 1e+03]
  Objective range  [6e-08, 7e+01]
  QObjective range [4e-01, 3e+03]
  Bounds range     [3e-04, 1e+00]
  RHS range        [8e-17, 6e+00]
Presolve removed 131482 rows and 128814 columns
Presolve time: 0.55s
Presolved: 126639 rows, 373587 columns, 743930 nonzeros
Presolved model has 3166 quadratic objective terms
Ordering time: 0.16s

Barrier statistics:
 AA' NZ     : 3.709e+05
 Factor NZ  : 4.212e+06 (roughly 240 MB of memory)
 Factor Ops : 3.974e+08 (less than 1 second per iteration)
 Threads    : 8

                  Objective                Residual
Iter       Primal          Dual         Primal    Dual     Compl     Time
   0  -1.08208243e+09  8.62426925e+08  7.80e+04 1.13e-13  1.00e+06     1s
   1  -6.18909580e+08  5.71190884e+08  1.71e+04 1.38e+02  2.40e+05     1s
   2  -3.11035477e+08  3.11021848e+08  2.28e+02 1.12e+00  4.48e+03     1s
   3  -7.31788343e+07  7.38397132e+07  1.92e+00 1.47e-12  3.19e+02     1s
   4  -1.39340231e+07  1.46173253e+07  1.62e-01 3.13e-12  5.90e+01     1s
   5  -2.55218688e+06  2.82756838e+06  1.24e-02 1.32e-12  1.09e+01     1s
   6  -3.71998910e+05  4.27120967e+05  1.24e-08 2.29e-12  1.61e+00     2s
   7  -5.57164400e+04  7.01839512e+04  1.48e-13 5.89e-13  2.53e-01     2s
   8  -8.40132745e+03  1.00455333e+04  5.14e-14 2.48e-13  3.71e-02     2s
   9  -1.34547250e+03  1.65064316e+03  1.83e-14 4.26e-14  6.03e-03     2s
  10  -2.20482783e+02  2.07277984e+02  1.19e-14 2.84e-14  8.61e-04     2s
  11  -4.89140062e+01  3.17972525e+01  3.00e-15 2.13e-14  1.62e-04     2s
  12  -8.20301704e+00  5.63372487e+00  8.64e-16 1.42e-14  2.78e-05     2s
  13  -8.57168739e-01  9.70508451e-01  4.01e-16 1.42e-14  3.68e-06     2s
  14   2.41586404e-01  6.88791007e-01  3.53e-16 1.42e-14  9.00e-07     3s
  15   4.61863166e-01  6.40408710e-01  1.52e-16 1.42e-14  3.59e-07     3s
  16   5.43162883e-01  6.08854224e-01  7.08e-17 1.42e-14  1.32e-07     3s
  17   5.63369288e-01  6.00918565e-01  4.41e-17 2.13e-14  7.55e-08     3s
  18   5.81598358e-01  5.94213742e-01  7.70e-17 2.84e-14  2.54e-08     3s
  19   5.87756497e-01  5.91960300e-01  4.30e-17 2.13e-14  8.46e-09     3s
  20   5.90283279e-01  5.91059446e-01  1.12e-16 1.42e-14  1.56e-09     3s
  21   5.90773460e-01  5.90885830e-01  9.01e-17 1.42e-14  2.26e-10     3s
  22   5.90848404e-01  5.90859322e-01  1.65e-16 1.42e-14  2.20e-11     3s
  23   5.90856345e-01  5.90856514e-01  3.30e-16 2.84e-14  3.41e-13     3s
  24   5.90856449e-01  5.90856477e-01  2.73e-15 1.42e-14  5.62e-14     3s
  25   5.90856464e-01  5.90856472e-01  6.68e-15 1.42e-14  1.58e-14     4s
  26   5.90856469e-01  5.90856471e-01  3.20e-15 1.42e-14  3.91e-15     4s
  27   5.90856470e-01  5.90856470e-01  1.77e-15 1.42e-14  1.02e-15     4s
  28   5.90856470e-01  5.90856470e-01  1.00e-15 1.42e-14  4.22e-16     4s
  29   5.90856470e-01  5.90856470e-01  8.87e-16 1.42e-14  3.97e-16     4s
  30   5.90856470e-01  5.90856470e-01  1.01e-15 1.42e-14  2.28e-16     4s
  31   5.90856470e-01  5.90856470e-01  5.33e-16 7.11e-15  1.26e-16     4s
  32   5.90856470e-01  5.90856470e-01  3.56e-16 1.42e-14  6.78e-17     4s

Barrier solved model in 32 iterations and 4.12 seconds (3.82 work units)
Optimal objective 5.90856470e-01

objective value: 0.590856470044782
Done! Time elapsed: 26.328147411346436 seconds.
g_0_1: 1.039397293383308
g_1_1: 1.023978349221576
g_1_2: 1.0706807116085968
g_2_1: 1.0431029443024484
g_2_2: 1.1318503212276896
g_2_3: 1.0431029443048023
g_2_4: 1.131850321013857
Parameters from last iteration: [0.18085513 0.72395269 0.18629844 0.73747378 0.19694196 0.73747378
 0.19694196]

Parameters from current iteration:
                [0.18085513 0.72395269 0.18629844 0.73747378 0.19694196 0.73747378
 0.19694196]


                Percentage Error = 3.619858229040518e-12
                
year done: 195
Time 196: 2
Optimization Iteration[1/20000]

Solving the optimization problem...
Set parameter TokenServer to value "licenses.rcc.uchicago.edu"
Read LP format model from file /scratch/local/jobs/50183995/tmpxunrqs82.pyomo.lp
Reading time = 1.34 seconds
x1: 258121 rows, 502401 columns, 1259970 nonzeros
Set parameter Threads to value 8
Set parameter BarConvTol to value 1e-12
Gurobi Optimizer version 11.0.0 build v11.0.0rc2 (linux64 - "CentOS Linux 8")

CPU model: Intel(R) Xeon(R) Gold 6248R CPU @ 3.00GHz, instruction set [SSE2|AVX|AVX2|AVX512]
Thread count: 48 physical cores, 48 logical processors, using up to 8 threads

Optimize a model with 258121 rows, 502401 columns and 1259970 nonzeros
Model fingerprint: 0xdaa686b9
Model has 3166 quadratic objective terms
Coefficient statistics:
  Matrix range     [1e+00, 1e+03]
  Objective range  [6e-08, 7e+01]
  QObjective range [4e-01, 3e+03]
  Bounds range     [3e-04, 1e+00]
  RHS range        [8e-17, 6e+00]
Presolve removed 131482 rows and 128814 columns
Presolve time: 0.57s
Presolved: 126639 rows, 373587 columns, 743930 nonzeros
Presolved model has 3166 quadratic objective terms
Ordering time: 0.16s

Barrier statistics:
 AA' NZ     : 3.709e+05
 Factor NZ  : 4.212e+06 (roughly 240 MB of memory)
 Factor Ops : 3.974e+08 (less than 1 second per iteration)
 Threads    : 8

                  Objective                Residual
Iter       Primal          Dual         Primal    Dual     Compl     Time
   0  -1.08208243e+09  8.62426925e+08  7.80e+04 1.14e-13  1.00e+06     1s
   1  -6.18909580e+08  5.71190884e+08  1.71e+04 1.38e+02  2.40e+05     1s
   2  -3.11035477e+08  3.11021848e+08  2.28e+02 1.12e+00  4.48e+03     1s
   3  -7.31788343e+07  7.38397132e+07  1.92e+00 1.44e-12  3.19e+02     1s
   4  -1.39340231e+07  1.46173253e+07  1.62e-01 4.34e-12  5.90e+01     1s
   5  -2.55218688e+06  2.82756838e+06  1.24e-02 1.25e-12  1.09e+01     2s
   6  -3.71998910e+05  4.27120967e+05  1.24e-08 1.37e-12  1.61e+00     2s
   7  -5.57164401e+04  7.01839512e+04  1.15e-13 6.93e-13  2.53e-01     2s
   8  -8.40132749e+03  1.00455332e+04  5.32e-14 2.63e-13  3.71e-02     2s
   9  -1.34547254e+03  1.65064312e+03  1.69e-14 3.42e-14  6.03e-03     2s
  10  -2.20482829e+02  2.07277938e+02  1.17e-14 2.13e-14  8.61e-04     2s
  11  -4.89140518e+01  3.17972070e+01  1.73e-15 1.42e-14  1.62e-04     2s
  12  -8.20306258e+00  5.63367932e+00  9.63e-16 2.13e-14  2.78e-05     2s
  13  -8.57214284e-01  9.70462907e-01  3.81e-16 1.42e-14  3.68e-06     3s
  14   2.41540860e-01  6.88745463e-01  3.60e-16 1.42e-14  9.00e-07     3s
  15   4.61817622e-01  6.40363166e-01  1.58e-16 2.84e-14  3.59e-07     3s
  16   5.43117339e-01  6.08808680e-01  9.24e-17 1.42e-14  1.32e-07     3s
  17   5.63323743e-01  6.00873021e-01  6.44e-17 1.42e-14  7.55e-08     3s
  18   5.81552813e-01  5.94168198e-01  7.31e-17 1.42e-14  2.54e-08     3s
  19   5.87710953e-01  5.91914756e-01  1.14e-16 1.42e-14  8.46e-09     3s
  20   5.90237735e-01  5.91013902e-01  1.01e-16 2.84e-14  1.56e-09     3s
  21   5.90727916e-01  5.90840286e-01  5.89e-17 1.42e-14  2.26e-10     3s
  22   5.90802860e-01  5.90813778e-01  9.24e-17 1.42e-14  2.20e-11     3s
  23   5.90810801e-01  5.90810970e-01  4.18e-16 2.13e-14  3.41e-13     3s
  24   5.90810905e-01  5.90810933e-01  2.87e-15 2.84e-14  5.60e-14     4s
  25   5.90810920e-01  5.90810928e-01  4.99e-15 1.42e-14  1.58e-14     4s
  26   5.90810925e-01  5.90810926e-01  3.05e-15 1.42e-14  3.90e-15     4s
  27   5.90810926e-01  5.90810926e-01  1.89e-15 1.42e-14  1.02e-15     4s
  28   5.90810926e-01  5.90810926e-01  1.03e-15 1.42e-14  4.21e-16     4s
  29   5.90810926e-01  5.90810926e-01  9.34e-16 1.42e-14  3.95e-16     4s
  30   5.90810926e-01  5.90810926e-01  8.18e-16 1.42e-14  2.28e-16     4s
  31   5.90810926e-01  5.90810926e-01  6.66e-16 1.42e-14  1.26e-16     4s
  32   5.90810926e-01  5.90810926e-01  2.55e-16 1.42e-14  6.77e-17     4s

Barrier solved model in 32 iterations and 4.23 seconds (3.82 work units)
Optimal objective 5.90810926e-01

objective value: 0.5908109259621436
Done! Time elapsed: 24.990367889404297 seconds.
g_0_1: 1.039397293383289
g_1_1: 1.023978349221588
g_1_2: 1.070680711608589
g_2_1: 1.043102944302454
g_2_2: 1.131850321227615
g_2_3: 1.0431029443048045
g_2_4: 1.1318503210138504
Parameters from last iteration: [0.18085513 0.72395269 0.18629844 0.73747378 0.19694196 0.73747378
 0.19694196]

Parameters from current iteration:
                [0.18085513 0.72395269 0.18629844 0.73747378 0.19694196 0.73747378
 0.19694196]


                Percentage Error = 6.595653693584173e-14
                
year done: 196
Time 197: 2
Optimization Iteration[1/20000]

Solving the optimization problem...
Set parameter TokenServer to value "licenses.rcc.uchicago.edu"
Read LP format model from file /scratch/local/jobs/50183995/tmpumit5_49.pyomo.lp
Reading time = 1.35 seconds
x1: 258121 rows, 502401 columns, 1259970 nonzeros
Set parameter Threads to value 8
Set parameter BarConvTol to value 1e-12
Gurobi Optimizer version 11.0.0 build v11.0.0rc2 (linux64 - "CentOS Linux 8")

CPU model: Intel(R) Xeon(R) Gold 6248R CPU @ 3.00GHz, instruction set [SSE2|AVX|AVX2|AVX512]
Thread count: 48 physical cores, 48 logical processors, using up to 8 threads

Optimize a model with 258121 rows, 502401 columns and 1259970 nonzeros
Model fingerprint: 0x9d4265e1
Model has 3166 quadratic objective terms
Coefficient statistics:
  Matrix range     [1e+00, 1e+03]
  Objective range  [6e-08, 7e+01]
  QObjective range [4e-01, 3e+03]
  Bounds range     [3e-04, 1e+00]
  RHS range        [8e-17, 6e+00]
Presolve removed 131482 rows and 128814 columns
Presolve time: 0.55s
Presolved: 126639 rows, 373587 columns, 743930 nonzeros
Presolved model has 3166 quadratic objective terms
Ordering time: 0.16s

Barrier statistics:
 AA' NZ     : 3.709e+05
 Factor NZ  : 4.212e+06 (roughly 240 MB of memory)
 Factor Ops : 3.974e+08 (less than 1 second per iteration)
 Threads    : 8

                  Objective                Residual
Iter       Primal          Dual         Primal    Dual     Compl     Time
   0  -1.08208243e+09  8.62426925e+08  7.80e+04 1.13e-13  1.00e+06     1s
   1  -6.18909580e+08  5.71190884e+08  1.71e+04 1.38e+02  2.40e+05     1s
   2  -3.11035477e+08  3.11021848e+08  2.28e+02 1.12e+00  4.48e+03     1s
   3  -7.31788343e+07  7.38397132e+07  1.92e+00 1.75e-12  3.19e+02     1s
   4  -1.39340231e+07  1.46173253e+07  1.62e-01 2.58e-12  5.90e+01     1s
   5  -2.55218688e+06  2.82756838e+06  1.24e-02 1.40e-12  1.09e+01     1s
   6  -3.71998910e+05  4.27120967e+05  1.24e-08 9.42e-13  1.61e+00     2s
   7  -5.57164401e+04  7.01839512e+04  1.39e-13 6.22e-13  2.53e-01     2s
   8  -8.40132753e+03  1.00455332e+04  4.65e-14 2.37e-13  3.71e-02     2s
   9  -1.34547259e+03  1.65064307e+03  1.48e-14 4.26e-14  6.03e-03     2s
  10  -2.20482872e+02  2.07277895e+02  1.09e-14 2.84e-14  8.61e-04     2s
  11  -4.89140953e+01  3.17971635e+01  2.38e-15 2.84e-14  1.62e-04     2s
  12  -8.20310607e+00  5.63363583e+00  1.07e-15 1.42e-14  2.78e-05     2s
  13  -8.57257778e-01  9.70419412e-01  4.31e-16 1.42e-14  3.68e-06     2s
  14   2.41497366e-01  6.88701968e-01  5.33e-16 1.42e-14  9.00e-07     3s
  15   4.61774128e-01  6.40319671e-01  2.54e-16 1.42e-14  3.59e-07     3s
  16   5.43073845e-01  6.08765186e-01  1.14e-16 1.42e-14  1.32e-07     3s
  17   5.63280249e-01  6.00829527e-01  8.23e-17 2.13e-14  7.55e-08     3s
  18   5.81509319e-01  5.94124704e-01  1.06e-16 2.84e-14  2.54e-08     3s
  19   5.87667458e-01  5.91871261e-01  1.23e-16 1.42e-14  8.46e-09     3s
  20   5.90194241e-01  5.90970408e-01  1.17e-16 2.84e-14  1.56e-09     3s
  21   5.90684422e-01  5.90796792e-01  9.32e-17 1.42e-14  2.26e-10     3s
  22   5.90759366e-01  5.90770284e-01  1.36e-16 1.42e-14  2.20e-11     3s
  23   5.90767306e-01  5.90767476e-01  3.92e-16 1.42e-14  3.41e-13     3s
  24   5.90767411e-01  5.90767439e-01  2.92e-15 1.51e-14  5.59e-14     3s
  25   5.90767426e-01  5.90767434e-01  6.51e-15 1.42e-14  1.58e-14     4s
  26   5.90767430e-01  5.90767432e-01  3.26e-15 1.42e-14  3.90e-15     4s
  27   5.90767431e-01  5.90767432e-01  1.71e-15 1.51e-14  1.02e-15     4s
  28   5.90767432e-01  5.90767432e-01  1.16e-15 1.02e-14  4.19e-16     4s
  29   5.90767432e-01  5.90767432e-01  1.01e-15 1.42e-14  3.94e-16     4s
  30   5.90767432e-01  5.90767432e-01  9.56e-16 1.42e-14  2.27e-16     4s
  31   5.90767432e-01  5.90767432e-01  5.65e-16 1.42e-14  1.26e-16     4s
  32   5.90767432e-01  5.90767432e-01  3.60e-16 1.42e-14  6.77e-17     4s

Barrier solved model in 32 iterations and 4.11 seconds (3.82 work units)
Optimal objective 5.90767432e-01

objective value: 0.5907674317008911
Done! Time elapsed: 24.793901681900024 seconds.
g_0_1: 1.039397293383245
g_1_1: 1.0239783492216104
g_1_2: 1.070680711608565
g_2_1: 1.0431029443024682
g_2_2: 1.1318503212274023
g_2_3: 1.0431029443048168
g_2_4: 1.1318503210138375
Parameters from last iteration: [0.18085513 0.72395269 0.18629844 0.73747378 0.19694196 0.73747378
 0.19694196]

Parameters from current iteration:
                [0.18085513 0.72395269 0.18629844 0.73747378 0.19694196 0.73747378
 0.19694196]


                Percentage Error = 1.8786338405017697e-13
                
year done: 197
Time 198: 2
Optimization Iteration[1/20000]

Solving the optimization problem...
Set parameter TokenServer to value "licenses.rcc.uchicago.edu"
Read LP format model from file /scratch/local/jobs/50183995/tmp8ad_j5mj.pyomo.lp
Reading time = 1.34 seconds
x1: 258121 rows, 502401 columns, 1259970 nonzeros
Set parameter Threads to value 8
Set parameter BarConvTol to value 1e-12
Gurobi Optimizer version 11.0.0 build v11.0.0rc2 (linux64 - "CentOS Linux 8")

CPU model: Intel(R) Xeon(R) Gold 6248R CPU @ 3.00GHz, instruction set [SSE2|AVX|AVX2|AVX512]
Thread count: 48 physical cores, 48 logical processors, using up to 8 threads

Optimize a model with 258121 rows, 502401 columns and 1259970 nonzeros
Model fingerprint: 0x268ba829
Model has 3166 quadratic objective terms
Coefficient statistics:
  Matrix range     [1e+00, 1e+03]
  Objective range  [6e-08, 7e+01]
  QObjective range [4e-01, 3e+03]
  Bounds range     [3e-04, 1e+00]
  RHS range        [8e-17, 6e+00]
Presolve removed 131482 rows and 128814 columns
Presolve time: 0.57s
Presolved: 126639 rows, 373587 columns, 743930 nonzeros
Presolved model has 3166 quadratic objective terms
Ordering time: 0.16s

Barrier statistics:
 AA' NZ     : 3.709e+05
 Factor NZ  : 4.212e+06 (roughly 240 MB of memory)
 Factor Ops : 3.974e+08 (less than 1 second per iteration)
 Threads    : 8

                  Objective                Residual
Iter       Primal          Dual         Primal    Dual     Compl     Time
   0  -1.08208243e+09  8.62426925e+08  7.80e+04 1.13e-13  1.00e+06     1s
   1  -6.18909580e+08  5.71190884e+08  1.71e+04 1.38e+02  2.40e+05     1s
   2  -3.11035477e+08  3.11021848e+08  2.28e+02 1.12e+00  4.48e+03     1s
   3  -7.31788343e+07  7.38397132e+07  1.92e+00 1.52e-12  3.19e+02     1s
   4  -1.39340231e+07  1.46173253e+07  1.62e-01 4.54e-12  5.90e+01     1s
   5  -2.55218688e+06  2.82756838e+06  1.24e-02 1.25e-12  1.09e+01     2s
   6  -3.71998910e+05  4.27120967e+05  1.24e-08 1.75e-12  1.61e+00     2s
   7  -5.57164402e+04  7.01839511e+04  1.62e-13 7.63e-13  2.53e-01     2s
   8  -8.40132758e+03  1.00455332e+04  4.91e-14 2.20e-13  3.71e-02     2s
   9  -1.34547263e+03  1.65064303e+03  2.15e-14 2.98e-14  6.03e-03     2s
  10  -2.20482914e+02  2.07277853e+02  1.05e-14 4.26e-14  8.61e-04     2s
  11  -4.89141368e+01  3.17971220e+01  2.48e-15 1.42e-14  1.62e-04     2s
  12  -8.20314761e+00  5.63359429e+00  8.89e-16 1.42e-14  2.78e-05     2s
  13  -8.57299315e-01  9.70377876e-01  4.02e-16 1.42e-14  3.68e-06     3s
  14   2.41455829e-01  6.88660432e-01  3.56e-16 1.42e-14  9.00e-07     3s
  15   4.61732591e-01  6.40278135e-01  1.62e-16 1.42e-14  3.59e-07     3s
  16   5.43032308e-01  6.08723649e-01  1.14e-16 1.42e-14  1.32e-07     3s
  17   5.63238713e-01  6.00787990e-01  8.48e-17 1.42e-14  7.55e-08     3s
  18   5.81467783e-01  5.94083167e-01  1.38e-16 2.13e-14  2.54e-08     3s
  19   5.87625922e-01  5.91829725e-01  1.22e-16 2.13e-14  8.46e-09     3s
  20   5.90152704e-01  5.90928871e-01  8.91e-17 1.69e-14  1.56e-09     3s
  21   5.90642885e-01  5.90755255e-01  6.93e-17 1.55e-14  2.26e-10     3s
  22   5.90717829e-01  5.90728747e-01  2.02e-16 1.42e-14  2.20e-11     3s
  23   5.90725770e-01  5.90725939e-01  3.89e-16 1.42e-14  3.41e-13     3s
  24   5.90725875e-01  5.90725902e-01  3.06e-15 1.42e-14  5.57e-14     4s
  25   5.90725889e-01  5.90725897e-01  5.70e-15 1.42e-14  1.58e-14     4s
  26   5.90725894e-01  5.90725896e-01  2.72e-15 1.42e-14  3.89e-15     4s
  27   5.90725895e-01  5.90725895e-01  1.80e-15 1.42e-14  1.02e-15     4s
  28   5.90725895e-01  5.90725895e-01  9.84e-16 1.42e-14  4.18e-16     4s
  29   5.90725895e-01  5.90725895e-01  8.96e-16 1.42e-14  3.93e-16     4s
  30   5.90725895e-01  5.90725895e-01  8.15e-16 1.42e-14  2.26e-16     4s
  31   5.90725895e-01  5.90725895e-01  5.53e-16 1.42e-14  1.26e-16     4s
  32   5.90725895e-01  5.90725895e-01  3.14e-16 1.42e-14  6.76e-17     4s

Barrier solved model in 32 iterations and 4.23 seconds (3.82 work units)
Optimal objective 5.90725895e-01

objective value: 0.5907258950038606
Done! Time elapsed: 24.965963125228882 seconds.
g_0_1: 1.039397293383197
g_1_1: 1.0239783492216359
g_1_2: 1.070680711608536
g_2_1: 1.043102944302483
g_2_2: 1.1318503212271742
g_2_3: 1.0431029443048296
g_2_4: 1.13185032101382
Parameters from last iteration: [0.18085513 0.72395269 0.18629844 0.73747378 0.19694196 0.73747378
 0.19694196]

Parameters from current iteration:
                [0.18085513 0.72395269 0.18629844 0.73747378 0.19694196 0.73747378
 0.19694196]


                Percentage Error = 2.0153386285956756e-13
                
year done: 198
Time 199: 2
Optimization Iteration[1/20000]

Solving the optimization problem...
Set parameter TokenServer to value "licenses.rcc.uchicago.edu"
Read LP format model from file /scratch/local/jobs/50183995/tmp41rztfwb.pyomo.lp
Reading time = 1.35 seconds
x1: 258121 rows, 502401 columns, 1259970 nonzeros
Set parameter Threads to value 8
Set parameter BarConvTol to value 1e-12
Gurobi Optimizer version 11.0.0 build v11.0.0rc2 (linux64 - "CentOS Linux 8")

CPU model: Intel(R) Xeon(R) Gold 6248R CPU @ 3.00GHz, instruction set [SSE2|AVX|AVX2|AVX512]
Thread count: 48 physical cores, 48 logical processors, using up to 8 threads

Optimize a model with 258121 rows, 502401 columns and 1259970 nonzeros
Model fingerprint: 0x1749c8ec
Model has 3166 quadratic objective terms
Coefficient statistics:
  Matrix range     [1e+00, 1e+03]
  Objective range  [6e-08, 7e+01]
  QObjective range [4e-01, 3e+03]
  Bounds range     [3e-04, 1e+00]
  RHS range        [8e-17, 6e+00]
Presolve removed 131482 rows and 128814 columns
Presolve time: 0.56s
Presolved: 126639 rows, 373587 columns, 743930 nonzeros
Presolved model has 3166 quadratic objective terms
Ordering time: 0.16s

Barrier statistics:
 AA' NZ     : 3.709e+05
 Factor NZ  : 4.212e+06 (roughly 240 MB of memory)
 Factor Ops : 3.974e+08 (less than 1 second per iteration)
 Threads    : 8

                  Objective                Residual
Iter       Primal          Dual         Primal    Dual     Compl     Time
   0  -1.08208243e+09  8.62426925e+08  7.80e+04 1.13e-13  1.00e+06     1s
   1  -6.18909580e+08  5.71190884e+08  1.71e+04 1.38e+02  2.40e+05     1s
   2  -3.11035477e+08  3.11021848e+08  2.28e+02 1.12e+00  4.48e+03     1s
   3  -7.31788343e+07  7.38397132e+07  1.92e+00 2.32e-12  3.19e+02     1s
   4  -1.39340231e+07  1.46173253e+07  1.62e-01 4.84e-12  5.90e+01     1s
   5  -2.55218688e+06  2.82756838e+06  1.24e-02 1.24e-12  1.09e+01     2s
   6  -3.71998910e+05  4.27120967e+05  1.24e-08 9.66e-13  1.61e+00     2s
   7  -5.57164402e+04  7.01839511e+04  1.54e-13 6.34e-13  2.53e-01     2s
   8  -8.40132762e+03  1.00455331e+04  5.43e-14 2.27e-13  3.71e-02     2s
   9  -1.34547267e+03  1.65064299e+03  1.49e-14 2.93e-14  6.03e-03     2s
  10  -2.20482953e+02  2.07277814e+02  9.39e-15 2.84e-14  8.61e-04     2s
  11  -4.89141765e+01  3.17970823e+01  2.31e-15 1.42e-14  1.62e-04     2s
  12  -8.20318728e+00  5.63355463e+00  9.59e-16 1.42e-14  2.78e-05     2s
  13  -8.57338982e-01  9.70338209e-01  3.27e-16 1.42e-14  3.68e-06     2s
  14   2.41416162e-01  6.88620764e-01  3.94e-16 1.42e-14  9.00e-07     3s
  15   4.61692924e-01  6.40238467e-01  1.65e-16 1.42e-14  3.59e-07     3s
  16   5.42992641e-01  6.08683982e-01  1.15e-16 1.42e-14  1.32e-07     3s
  17   5.63199045e-01  6.00748323e-01  6.12e-17 1.42e-14  7.55e-08     3s
  18   5.81428115e-01  5.94043500e-01  5.10e-17 1.42e-14  2.54e-08     3s
  19   5.87586254e-01  5.91790057e-01  1.65e-16 1.42e-14  8.46e-09     3s
  20   5.90113037e-01  5.90889204e-01  8.55e-17 1.42e-14  1.56e-09     3s
  21   5.90603218e-01  5.90715588e-01  5.30e-17 1.42e-14  2.26e-10     3s
  22   5.90678162e-01  5.90689080e-01  1.04e-16 1.42e-14  2.20e-11     3s
  23   5.90686102e-01  5.90686272e-01  3.01e-16 1.42e-14  3.41e-13     3s
  24   5.90686207e-01  5.90686235e-01  3.66e-15 1.42e-14  5.56e-14     3s
  25   5.90686222e-01  5.90686230e-01  6.12e-15 1.42e-14  1.57e-14     4s
  26   5.90686226e-01  5.90686228e-01  3.08e-15 1.42e-14  3.89e-15     4s
  27   5.90686227e-01  5.90686228e-01  2.02e-15 1.42e-14  1.01e-15     4s
  28   5.90686228e-01  5.90686228e-01  1.36e-15 1.42e-14  4.16e-16     4s
  29   5.90686228e-01  5.90686228e-01  1.24e-15 1.42e-14  3.91e-16     4s
  30   5.90686228e-01  5.90686228e-01  9.19e-16 1.42e-14  2.26e-16     4s
  31   5.90686228e-01  5.90686228e-01  6.40e-16 1.42e-14  1.26e-16     4s
  32   5.90686228e-01  5.90686228e-01  3.32e-16 1.42e-14  6.75e-17     4s

Barrier solved model in 32 iterations and 4.18 seconds (3.82 work units)
Optimal objective 5.90686228e-01

objective value: 0.5906862277661556
Done! Time elapsed: 26.3847234249115 seconds.
g_0_1: 1.0393972933831508
g_1_1: 1.0239783492216583
g_1_2: 1.0706807116085022
g_2_1: 1.0431029443025017
g_2_2: 1.1318503212269164
g_2_3: 1.0431029443048534
g_2_4: 1.1318503210138056
Parameters from last iteration: [0.18085513 0.72395269 0.18629844 0.73747378 0.19694196 0.73747378
 0.19694196]

Parameters from current iteration:
                [0.18085513 0.72395269 0.18629844 0.73747378 0.19694196 0.73747378
 0.19694196]


                Percentage Error = 2.277473583084803e-13
                
year done: 199
Time 200: 2
Optimization Iteration[1/20000]

Solving the optimization problem...
Set parameter TokenServer to value "licenses.rcc.uchicago.edu"
Read LP format model from file /scratch/local/jobs/50183995/tmp3r3yaev2.pyomo.lp
Reading time = 1.37 seconds
x1: 258121 rows, 502401 columns, 1259970 nonzeros
Set parameter Threads to value 8
Set parameter BarConvTol to value 1e-12
Gurobi Optimizer version 11.0.0 build v11.0.0rc2 (linux64 - "CentOS Linux 8")

CPU model: Intel(R) Xeon(R) Gold 6248R CPU @ 3.00GHz, instruction set [SSE2|AVX|AVX2|AVX512]
Thread count: 48 physical cores, 48 logical processors, using up to 8 threads

Optimize a model with 258121 rows, 502401 columns and 1259970 nonzeros
Model fingerprint: 0x399905ee
Model has 3166 quadratic objective terms
Coefficient statistics:
  Matrix range     [1e+00, 1e+03]
  Objective range  [6e-08, 7e+01]
  QObjective range [4e-01, 3e+03]
  Bounds range     [3e-04, 1e+00]
  RHS range        [8e-17, 6e+00]
Presolve removed 131482 rows and 128814 columns
Presolve time: 0.61s
Presolved: 126639 rows, 373587 columns, 743930 nonzeros
Presolved model has 3166 quadratic objective terms
Ordering time: 0.17s

Barrier statistics:
 AA' NZ     : 3.709e+05
 Factor NZ  : 4.212e+06 (roughly 240 MB of memory)
 Factor Ops : 3.974e+08 (less than 1 second per iteration)
 Threads    : 8

                  Objective                Residual
Iter       Primal          Dual         Primal    Dual     Compl     Time
   0  -1.08208243e+09  8.62426925e+08  7.80e+04 1.14e-13  1.00e+06     1s
   1  -6.18909580e+08  5.71190884e+08  1.71e+04 1.38e+02  2.40e+05     1s
   2  -3.11035477e+08  3.11021848e+08  2.28e+02 1.12e+00  4.48e+03     1s
   3  -7.31788343e+07  7.38397132e+07  1.92e+00 1.94e-12  3.19e+02     1s
   4  -1.39340231e+07  1.46173253e+07  1.62e-01 4.37e-12  5.90e+01     2s
   5  -2.55218688e+06  2.82756838e+06  1.24e-02 1.41e-12  1.09e+01     2s
   6  -3.71998910e+05  4.27120967e+05  1.24e-08 1.07e-12  1.61e+00     2s
   7  -5.57164402e+04  7.01839510e+04  1.69e-13 7.91e-13  2.53e-01     2s
   8  -8.40132765e+03  1.00455331e+04  5.25e-14 2.41e-13  3.71e-02     2s
   9  -1.34547271e+03  1.65064295e+03  1.80e-14 4.26e-14  6.03e-03     2s
  10  -2.20482991e+02  2.07277776e+02  7.91e-15 2.84e-14  8.61e-04     2s
  11  -4.89142143e+01  3.17970444e+01  2.69e-15 2.13e-14  1.62e-04     2s
  12  -8.20322516e+00  5.63351674e+00  8.65e-16 1.42e-14  2.78e-05     2s
  13  -8.57376864e-01  9.70300327e-01  3.17e-16 1.42e-14  3.68e-06     3s
  14   2.41378280e-01  6.88582882e-01  3.41e-16 1.42e-14  9.00e-07     3s
  15   4.61655042e-01  6.40200585e-01  1.89e-16 1.42e-14  3.59e-07     3s
  16   5.42954759e-01  6.08646100e-01  1.01e-16 1.42e-14  1.32e-07     3s
  17   5.63161163e-01  6.00710441e-01  4.24e-17 1.42e-14  7.55e-08     3s
  18   5.81390233e-01  5.94005618e-01  1.23e-16 2.13e-14  2.54e-08     3s
  19   5.87548372e-01  5.91752175e-01  7.74e-17 1.42e-14  8.46e-09     3s
  20   5.90075155e-01  5.90851322e-01  8.87e-17 2.84e-14  1.56e-09     3s
  21   5.90565336e-01  5.90677706e-01  7.54e-17 1.60e-14  2.26e-10     3s
  22   5.90640280e-01  5.90651198e-01  9.00e-17 2.13e-14  2.20e-11     4s
  23   5.90648221e-01  5.90648390e-01  3.13e-16 1.42e-14  3.41e-13     4s
  24   5.90648326e-01  5.90648353e-01  3.44e-15 1.42e-14  5.54e-14     4s
  25   5.90648340e-01  5.90648348e-01  5.55e-15 1.42e-14  1.57e-14     4s
  26   5.90648344e-01  5.90648346e-01  2.45e-15 2.13e-14  3.88e-15     4s
  27   5.90648346e-01  5.90648346e-01  1.95e-15 1.42e-14  1.01e-15     4s
  28   5.90648346e-01  5.90648346e-01  1.04e-15 1.24e-14  4.15e-16     4s
  29   5.90648346e-01  5.90648346e-01  8.97e-16 1.42e-14  3.90e-16     4s
  30   5.90648346e-01  5.90648346e-01  7.27e-16 1.42e-14  2.25e-16     4s
  31   5.90648346e-01  5.90648346e-01  4.84e-16 1.42e-14  1.26e-16     4s
  32   5.90648346e-01  5.90648346e-01  3.00e-16 1.42e-14  6.75e-17     4s

Barrier solved model in 32 iterations and 4.42 seconds (3.82 work units)
Optimal objective 5.90648346e-01

objective value: 0.5906483458482326
Done! Time elapsed: 25.463510513305664 seconds.
g_0_1: 1.0393972933830995
g_1_1: 1.0239783492216834
g_1_2: 1.0706807116084716
g_2_1: 1.0431029443025162
g_2_2: 1.1318503212266413
g_2_3: 1.0431029443048638
g_2_4: 1.131850321013782
Parameters from last iteration: [0.18085513 0.72395269 0.18629844 0.73747378 0.19694196 0.73747378
 0.19694196]

Parameters from current iteration:
                [0.18085513 0.72395269 0.18629844 0.73747378 0.19694196 0.73747378
 0.19694196]


                Percentage Error = 2.431090303726596e-13
                
year done: 200
Results for pe =  16.5
all done
MPC-HMC child ends Wed May 27 17:53:37 2026
MPC-HMC child elapsed time: 0 days 03 hr 16 min 26 sec

Program ends Wed May 27 17:53:37 CDT 2026
Exit code: 0
Elapsed time: 11794 seconds
