3.046642694867831373e-14,3.709330426443360447e-14,3.281121241955065901e-14,-5.770927685692412629e-07,3.449950193246336437e-14,3.266493449862988236e-14,3.173359346237193510e-14,3.522581669330714389e-14,2.936524342420775257e-14,2.916061713917319631e-14,2.650229909367970333e-14,3.144154567746108182e-14,-8.521237779315827431e-07,3.314493537130826999e-14,3.247202512642082380e-14,3.516496563737152251e-14,3.365741207113855899e-14,2.988339225926565196e-14,3.091491171742385497e-14,3.023102518262874582e-14,3.197017346753362673e-14,4.097151945648559519e-14,5.845621158079430232e-14,2.874613087605604238e-14,3.044630066427977159e-14,3.184303824731459792e-14,3.282916085277310031e-14,3.483102466740730615e-14,3.166124350130762321e-14,3.204106969578363458e-14,2.918551623627812829e-14,2.930621547168516307e-14,5.441134277976655381e-14,6.295177707669555759e-14,1.214742836925396800e-13,2.590113789175945391e-14,2.711001789468806061e-14,3.008488487260497864e-14,1.831673889454315002e-13,4.002322102003888912e-13,3.260634447757230385e-14,2.976606855839493626e-14,2.785761038351772504e-14,2.933482921726968100e-14,9.651045704603130559e-14,9.406380365194993572e-13,7.523384024878392837e-13,2.562025994823868297e-14,2.532207216849404294e-14,2.759446304667372872e-14,3.111894345115734427e-14,3.398976620188305516e-14,3.016075927852751536e-14,3.211931086811792848e-14,3.209965240859367048e-14,3.286515298089585711e-14,1.548047355957874322e-13,9.630882413411960197e-13,2.197116603554161527e-14,2.435639216117572081e-14,6.174267227875756526e-14,3.107174130215444783e-14,6.612814869160583855e-14,3.084455287798864305e-14,4.805280969085504792e-14,7.936382814963199434e-13,1.097596504164122611e-13,1.917559376079818659e-13,4.916019397545728007e-14,6.942312560546510390e-12,4.218923394910982827e-12,1.434502795749716597e-12,2.210285944292013707e-03,4.329103803798658108e-13,1.613572150397599618e-13,7.164698990945423751e-04,1.369897852894210951e-04,6.541503828771079791e-12
3.268296336785171784e-14,3.998564341135337177e-14,3.538400395576679722e-14,1.995197266509020358e-13,3.714257396366775243e-14,3.508520298920925776e-14,3.390387866540763998e-14,3.745699259005024649e-14,3.119087916438131163e-14,3.115907008813862754e-14,2.838879321857679925e-14,3.389036944070407198e-14,1.856159572444791626e-13,3.564641986325980276e-14,3.486209180044688470e-14,3.765162590325040666e-14,3.564130561893428217e-14,3.188968204021880237e-14,3.297405245501422533e-14,3.239453165791961241e-14,3.427748193585035404e-14,4.367795573753283618e-14,6.281678855804487604e-14,3.074279422419070245e-14,3.234477046359972408e-14,3.404120801061093291e-14,3.500446601115340116e-14,3.698020139071621058e-14,3.376100191368216663e-14,3.427597068788932197e-14,3.093855072576741973e-14,3.111012929929680766e-14,5.823421991963505941e-14,6.790995487520485506e-14,1.384068610358578215e-13,2.745086762394480065e-14,2.877553041209335279e-14,3.165270451555827938e-14,2.197730343482404409e-13,5.550703968759264418e-13,3.450096544811376361e-14,3.152119109330643745e-14,2.966461462695210081e-14,3.101154771829636733e-14,1.072704622699727753e-13,1.697988670758877948e-12,1.244481263462248833e-12,2.702824801538543754e-14,2.688594467502196342e-14,2.898127770117936625e-14,3.268053522264265327e-14,3.578839669130691031e-14,3.189381376681171766e-14,3.380623559244606289e-14,3.383375207933678808e-14,3.470303923667092661e-14,1.815988172077478783e-13,1.752714529417509086e-12,2.327012697361218056e-14,2.563106374060549308e-14,6.648682721793035969e-14,3.261164111219709963e-14,7.150365951260848264e-14,3.246017875039059567e-14,5.113819645044631070e-14,1.342534691842588574e-12,1.235814745868190509e-13,2.313982849822401566e-13,5.236416587441380911e-14,1.845134061453993380e-03,2.398952550377728159e-11,2.895782153160987544e-12,9.517566601556231131e-12,6.113780741333472268e-13,1.902744687406200130e-13,1.434305494784001815e-12,8.912357916689830689e-04,1.906641879819659201e-05
3.496781341550612517e-14,4.295674325674952404e-14,3.805811035653215188e-14,1.564348478406857476e-13,3.987275744179246271e-14,3.757819257401523069e-14,3.610858194022357892e-14,3.969898692985338702e-14,3.304339573800558416e-14,3.320498701542013997e-14,3.033868211171408647e-14,3.643805598189481257e-14,1.449983460053466549e-13,3.822987948718103986e-14,3.732190867986766316e-14,4.020355820676804000e-14,3.761300217581216072e-14,3.393034103719679427e-14,3.506324325930873458e-14,3.461997253450346049e-14,3.664629618917582318e-14,4.637742677612336053e-14,6.709116635263099726e-14,3.279202132840664502e-14,3.427496159832714001e-14,3.627581898013062554e-14,3.722798280926380800e-14,3.913010161419117881e-14,3.589745336436006081e-14,3.654799207581242469e-14,3.271296817230609353e-14,3.294432003406615794e-14,6.196088381496649043e-14,7.278904383659081461e-14,1.565514398751717789e-13,2.901067911852972583e-14,3.045298047109014305e-14,3.319036658293219165e-14,2.625687909817884534e-13,7.885332399621660248e-13,3.638458637774038968e-14,3.328715912374815868e-14,3.150232007558736796e-14,3.269126891145739627e-14,1.182977160876175241e-13,3.650687746912606102e-12,2.282634503017357481e-12,2.844541240727148045e-14,2.847370320200776441e-14,3.034438082015179272e-14,3.419510331262408746e-14,3.753405718749013694e-14,3.362715825620207792e-14,3.545180479003596086e-14,3.553536764557395256e-14,3.651430613900297903e-14,2.117662224988783138e-13,3.819752201896620347e-12,2.459105415631782325e-14,2.690801514260698635e-14,7.113612800761519939e-14,3.410166898279255538e-14,7.680059606656451701e-14,3.404249505631443059e-14,5.413038824040673502e-14,2.566190101705948589e-12,1.380682558117170998e-13,2.781166642492665914e-13,5.547327205373395502e-14,2.123594653998035565e-10,2.405569058336096567e-03,6.653901220805493181e-12,3.177227419749225807e-12,8.892984607072425103e-13,2.231083917006236082e-13,7.071601356812261939e-13,9.475621127084592696e-12,9.183386728259029450e-05
3.744497554028761209e-14,4.619843190735741184e-14,4.098327929970458003e-14,1.438350729471666336e-13,4.285004845080743155e-14,4.028619961318507227e-14,3.847767998468702821e-14,4.210071385285671878e-14,3.501692568312439091e-14,3.540832678662186155e-14,3.244786069221889074e-14,3.922258786489084314e-14,1.328337471041841541e-13,4.104267415795510138e-14,3.999107528803528419e-14,4.296132884301368345e-14,3.970635596820016031e-14,3.612042779921442737e-14,3.730246824773603704e-14,3.702808631322240846e-14,3.921077694192021985e-14,4.926873424286034833e-14,7.167517147318499476e-14,3.500315748814615188e-14,3.634133354391662119e-14,3.867874888753707078e-14,3.961847471002201650e-14,4.142442359057730308e-14,3.818779555318386176e-14,3.899431710500341210e-14,3.461250086316097010e-14,3.489661733088285204e-14,6.592947298437733855e-14,7.805363898389106958e-14,1.783251402525672105e-13,3.066487074591853536e-14,3.223671219955874471e-14,3.480024740125110844e-14,3.202585088549192153e-13,1.271887301151512761e-12,3.838135853901318669e-14,3.517079939992186294e-14,3.346907008231606893e-14,3.447557028644733275e-14,1.308498130157191276e-13,1.658578968893184816e-10,8.281898763731872036e-12,2.994984660410673133e-14,3.016583970424476623e-14,3.176963477039583247e-14,3.576991121024277082e-14,3.935530388022434143e-14,3.546782297495786299e-14,3.717134497530702402e-14,3.732098983012381237e-14,3.842248714812731738e-14,2.503667170933052578e-13,4.295912391979446281e-05,2.599479227459363970e-14,2.825670610464445398e-14,7.613317992253507860e-14,3.564850591495762226e-14,8.253452177118836649e-14,3.569853471312320350e-14,5.728935696936024828e-14,1.213592534313050867e-11,1.550039133514696349e-13,3.418890929385179993e-13,5.876005110848671764e-14,3.096583323659104138e-11,2.392265175493032351e-04,1.967286786458743997e-03,1.911730414498809056e-12,1.505316184792188027e-12,2.656126980771654121e-13,4.876874648228997279e-13,4.600345620937681055e-12,4.254946995619162502e-11
3.978645417597057847e-14,4.920407631067794163e-14,4.376762600197923064e-14,1.358990050102823313e-13,4.564264183141748300e-14,4.282788135815459108e-14,4.065890851208242527e-14,4.424666600041714484e-14,3.681297832821331997e-14,3.747502555653595505e-14,3.447249013105854579e-14,4.188609323519831254e-14,1.253296129505456610e-13,4.368951836358640731e-14,4.249395873890509359e-14,4.547152257050700691e-14,4.154965000171308738e-14,3.815209135159485352e-14,3.935992851842313889e-14,3.929787714552478500e-14,4.160928245473852998e-14,5.177837558325025865e-14,7.533526857231313798e-14,3.708843749686525933e-14,3.820570872215491395e-14,4.089583563108029919e-14,4.178042266464586941e-14,4.346031232835485025e-14,4.027979801916112043e-14,4.125452843495335991e-14,3.632077355615364959e-14,3.666761659874770841e-14,6.909887986329485112e-14,8.223705810223427611e-14,1.960868804408374679e-13,3.219179176639192427e-14,3.388013353322945408e-14,3.619801883203512689e-14,3.694760262911270374e-13,1.753247656924341310e-12,4.014573510291090850e-14,3.686069955275853504e-14,3.530164001813973016e-14,3.607593838455562611e-14,1.407647080274398726e-13,1.590676533632226801e-03,1.510139489992612782e-11,3.130590636498906538e-14,3.174937698003166700e-14,3.302075093187290392e-14,3.710433584650330906e-14,4.088714334136914994e-14,3.712176630872683174e-14,3.863988233260196680e-14,3.886306356654201265e-14,4.008045956617558553e-14,2.827209128880668090e-13,5.040008187906704637e-04,2.732433557691272283e-14,2.947270188478476237e-14,8.008317936469040910e-14,3.695355317601891931e-14,8.706243253585491233e-14,3.712891514848999079e-14,5.983257542182619653e-14,2.648874569463099050e-11,1.685680906330052000e-13,3.961863128372797070e-13,6.140012168720888782e-14,3.688161917461722343e-12,4.941054058467541524e-12,1.199430839240172033e-11,1.061740310466917742e-12,2.128548523111887358e-12,3.013515725698069980e-13,3.549229719913857513e-13,1.844261784768762992e-12,3.941014176269828438e-12
4.232973951180314582e-14,5.248595987401821353e-14,4.681579016770714283e-14,1.327756413716524528e-13,4.869109834065034306e-14,4.559298519553551765e-14,4.300865961845925633e-14,4.653837740969727619e-14,3.872997874154123552e-14,3.970662447227786336e-14,3.666710406269901879e-14,4.479967075309780625e-14,1.222347236948829482e-13,4.657507083359381793e-14,4.521473028924473445e-14,4.818279060203139772e-14,4.351875609279134514e-14,4.033913971625608372e-14,4.157074490761868749e-14,4.175919346581837950e-14,4.421108704215118114e-14,5.448173239593310240e-14,7.926719991094068224e-14,3.934336115385042553e-14,4.019503698199604746e-14,4.328649765592070603e-14,4.410043440102522276e-14,4.564746449001324695e-14,4.252587555664838945e-14,4.369420858287429117e-14,3.813725536881021713e-14,3.855577218989860391e-14,7.248445681899449880e-14,8.675194961063110487e-14,2.170202140478539863e-13,3.381872877396673482e-14,3.563511400801290455e-14,3.767290620087306642e-14,4.338749198664965841e-13,2.741504745680701440e-12,4.203001610322457827e-14,3.865466082101996078e-14,3.726960871658844441e-14,3.776942591654097945e-14,1.519203642684215053e-13,4.710299323178223832e-05,5.328535924061380612e-11,3.273854731184384478e-14,3.344371847172968967e-14,3.433951392559989739e-14,3.850374143055226901e-14,4.249817395069355167e-14,3.886943625783007702e-14,4.018676874467866605e-14,4.049368944970799169e-14,4.184024775650754971e-14,3.231013217143817222e-13,3.037419226868256279e-10,2.874324003002660475e-14,3.075314647433514234e-14,8.433151095027022567e-14,3.832016331017057544e-14,9.195964119813361357e-14,3.863783346989496190e-14,6.253115283088750829e-14,1.891949628934855342e-03,1.841806988751693987e-13,4.679189146038350017e-13,6.420389570723826842e-14,2.044913128625382581e-12,2.589842695214557140e-12,6.289007459261778771e-12,7.567979799617490072e-13,3.507357149138999173e-12,3.464155214941325953e-13,2.888713735031780550e-13,1.198515531669952965e-12,2.168877704831884094e-12
4.503621213810627334e-14,5.598400031334091990e-14,5.008374966670141425e-14,1.318242233399536784e-13,5.194465944775336474e-14,4.853597085638756959e-14,4.548218326243568735e-14,4.890742541114972814e-14,4.072984251151804481e-14,4.206671072667356430e-14,3.900329668396138569e-14,4.792332685479173504e-14,1.211547598122786150e-13,4.965278551110872860e-14,4.810818871137253190e-14,5.103836307086005635e-14,4.554114049333528084e-14,4.264252166144023188e-14,4.389253909133674537e-14,4.437331663357019079e-14,4.697208479820046723e-14,5.729845670183517723e-14,8.328343045750501953e-14,4.173296185558001479e-14,4.226860302837201831e-14,4.580498456398917792e-14,4.653021050723014520e-14,4.789308317350842124e-14,4.488135209023823116e-14,4.626809437194114255e-14,4.002437683723535525e-14,4.052320062914652837e-14,7.592713529861149701e-14,9.137569982150094886e-14,2.402277861434738911e-13,3.551653585067764436e-14,3.746839845109574661e-14,3.918330768276924346e-14,5.133307087737337020e-13,4.993825669315161926e-12,4.396177534554375656e-14,4.051157987759962435e-14,3.933935342417588168e-14,3.951592736066187919e-14,1.637171007983354909e-13,3.852383986368469983e-11,1.078205960515475731e-10,3.421939038642643092e-14,3.522142492011925311e-14,3.569131851117984698e-14,3.992279421213374456e-14,4.413320241260308292e-14,4.066840986003203182e-14,4.176358328231154104e-14,4.216459081579762805e-14,4.365158153940984185e-14,3.705441847805893599e-13,3.047778528397093816e-11,3.023150087297202766e-14,3.207229315578361398e-14,8.866508833397603090e-14,3.970303796175223000e-14,9.697626627617372546e-14,4.018096816743007394e-14,6.526535169119855569e-14,1.795049416024463527e-03,2.010629147690347950e-13,5.571428177339649239e-13,6.704545224220149035e-14,1.389575327052830393e-12,1.709919177703209255e-12,3.875193141256626175e-12,5.903732224462247379e-13,7.086256282709946531e-12,3.999031991282572250e-13,2.491958892062916859e-13,8.878833718002004128e-13,1.473106073313165198e-12
4.799436191605670798e-14,5.983594350661559141e-14,5.368450524450199250e-14,1.327882786860808890e-13,5.552247754944816038e-14,5.175981924682118514e-14,4.816618806367472214e-14,5.145507183712977673e-14,4.288049043678581096e-14,4.463085240437984983e-14,4.154834981204886977e-14,5.136086171999815507e-14,1.217999292000343021e-13,5.303132199032937713e-14,5.127512285879226768e-14,5.414867773548847584e-14,4.770002337898197201e-14,4.513850553470616106e-14,4.640545228185183472e-14,4.722582736379866005e-14,4.998764100735901092e-14,6.033317153494225331e-14,8.763561662034789686e-14,4.433233781787990561e-14,4.449843302009518811e-14,4.854159185077273938e-14,4.915795229011757496e-14,5.030079090322980212e-14,4.742973054954521142e-14,4.906668847614463091e-14,4.204701773764917423e-14,4.263679291655280270e-14,7.963440389037607655e-14,9.641242623514077591e-14,2.683554349623250631e-13,3.733653222476342424e-14,3.943770872197409865e-14,4.078601932489516529e-14,6.256251859851403614e-13,2.562933101140547767e-11,4.602195908705376373e-14,4.249778526286721901e-14,4.157561432440076345e-14,4.137860464344659785e-14,1.772042262844956816e-13,2.337138793149765058e-11,8.972730776858348425e-04,3.579520763955232553e-14,3.713405226850686260e-14,3.711942785688051202e-14,4.141899872652704042e-14,4.586271098440631900e-14,4.258710952459061628e-14,4.343398502091933502e-14,4.394183400260056322e-14,4.558584234910928491e-14,4.328394441201882480e-13,1.909436246293716782e-11,3.182730422612444897e-14,3.347076140441795252e-14,9.336787595463228239e-14,4.115891903944958062e-14,1.024545681424385104e-13,4.181800910061562769e-14,6.818777181243352202e-14,7.603682282090159833e-05,2.209100904651558957e-13,6.852024716394464484e-13,7.008580299567150059e-14,1.079430558120316044e-12,1.312700673765428732e-12,2.915360928017068117e-12,4.946089489360706930e-13,6.748272016516223973e-04,4.712144770441637545e-13,2.256191652868566283e-13,7.244612731989978415e-13,1.149378102615167261e-12
5.087660329751869425e-14,6.353185257580174483e-14,5.720868646403621923e-14,1.327453093996551049e-13,5.898596293062225584e-14,5.488332112792288701e-14,5.072937513107396713e-14,5.380071802003072323e-14,4.491845678607593567e-14,4.711542329700282644e-14,4.405718966912293811e-14,5.473756597761838639e-14,1.216728375228979666e-13,5.631069601854604695e-14,5.434183008327910912e-14,5.709429209716991408e-14,4.966787449021573195e-14,4.753636914014585638e-14,4.880167444493041777e-14,4.999941889531182058e-14,5.290188127458073644e-14,6.305792291312262227e-14,9.120161695214856645e-14,4.686180925911029847e-14,4.660095374247646175e-14,5.115906755389443482e-14,5.163829872291088253e-14,5.250676804799921662e-14,4.984918146474259638e-14,5.174630168072472063e-14,4.395184083241733777e-14,4.463626482775931159e-14,8.268069255056670902e-14,1.005021484754865977e-13,2.909466670061792550e-13,3.907955982218272405e-14,4.132084940721296489e-14,4.223652918740236957e-14,7.173653254806003461e-13,5.183225585250891508e-11,4.790572447921579114e-14,4.435428344133973229e-14,4.373188651450692937e-14,4.311170250053061777e-14,1.877633770738099827e-13,5.529704816443979093e-12,9.615183915722677559e-12,3.728251012578813360e-14,3.898511093935497010e-14,3.842069325950769413e-14,4.274454350216840383e-14,4.738217267140962272e-14,4.436519562488603560e-14,4.492563789408996497e-14,4.554675768508877979e-14,4.732775057091847849e-14,4.835728413969506075e-13,5.190924105892508944e-12,3.338675008199474683e-14,3.478813050373165429e-14,9.716448355080885543e-14,4.244279920370090097e-14,1.068570764233897585e-13,4.329660073790577524e-14,7.062127187711801768e-14,8.915701287083345331e-12,2.365706239312414794e-13,7.880587485534520123e-13,7.260931186160966769e-14,8.016400485140619501e-13,9.478980738169408116e-13,1.814791709429976877e-12,4.094123716029527217e-13,1.555582758393762085e-03,5.292227562252991030e-13,2.058728235762539683e-13,5.768932625247369046e-13,8.532180749694261979e-13
5.399256569285023890e-14,6.755153757233117786e-14,6.104287210593450106e-14,1.337926231169514862e-13,6.274866231483588802e-14,5.826618037956560627e-14,5.348346955600074323e-14,5.629843497246439506e-14,4.709091342523349968e-14,4.978849809597389129e-14,4.676198011412736385e-14,5.840655057858454366e-14,1.225187059260473423e-13,5.986825327490015970e-14,5.766087738401013376e-14,6.026802835975215880e-14,5.174941974282506939e-14,5.011037103362886588e-14,5.137051497419849453e-14,5.299396334332035299e-14,5.605048479606636040e-14,6.596010214244858746e-14,9.499034883798005029e-14,4.958587507314493553e-14,4.884216553536718540e-14,5.397347193025803388e-14,5.429527303377429580e-14,5.484955683047829621e-14,5.244169020471893472e-14,5.463028261780059844e-14,4.597638708253037287e-14,4.676593259702615152e-14,8.590165122998203886e-14,1.048622123677578159e-13,3.171137960649045440e-13,4.093356920303138104e-14,4.332732046205408934e-14,4.375724366926833503e-14,8.377824929845939023e-13,3.491882639985987639e-06,4.989675790846033821e-14,4.632346988475844542e-14,4.604102778323643738e-14,4.494512058229505988e-14,1.994104301457271119e-13,3.260780457636725309e-12,5.064829593415955050e-12,3.885390412347193834e-14,4.096076876789797777e-14,3.978225790822606094e-14,4.412888794855433691e-14,4.897254612163748048e-14,4.624608152118083366e-14,4.649070422058662411e-14,4.723222984931449758e-14,4.916058111055210797e-14,5.463416838334355385e-13,3.129751211349801684e-12,3.504709591896558742e-14,3.617542483441659432e-14,1.011979968217055849e-13,4.378144187652382740e-14,1.115557347335295242e-13,4.485102765561483014e-14,7.318126099991746985e-14,4.680483129332846821e-12,2.542367955677244505e-13,9.240154403460701214e-13,7.526560313422634316e-14,6.480511922405273884e-13,7.548366522288665620e-13,1.345934057953778623e-12,3.551537280961845774e-13,1.457666887726699482e-03,6.018443664700318246e-13,1.940166279066844864e-13,4.889494608761349454e-13,6.920177148472889762e-13
5.730329355786776546e-14,7.183480496687026019e-14,6.513795274223165597e-14,1.353563694256212373e-13,6.675888738574746944e-14,6.186315181500198390e-14,5.638724697834310209e-14,5.889714832328192886e-14,4.936419762554544188e-14,5.261590497886259786e-14,4.963323793660385268e-14,6.232276796626279195e-14,1.238402859253334362e-13,6.365667413343687871e-14,6.118778461526254359e-14,6.361783996222390812e-14,5.389971773663512933e-14,5.282483708043175545e-14,5.407361478986298217e-14,5.617161252179737421e-14,5.939087086209392485e-14,6.896717281169837763e-14,9.883691466374236412e-14,5.247142944322660287e-14,5.118546461203859490e-14,5.694352912499741840e-14,5.708491212207176384e-14,5.727972716959960588e-14,5.516679273604744076e-14,5.767658407774242819e-14,4.808762418705260133e-14,4.899231010547762166e-14,8.916103017272325312e-14,1.092923870408565956e-13,3.454938423099980792e-13,4.287340716815507676e-14,4.542911143134164973e-14,4.531340253887648005e-14,9.840663762080764778e-13,1.373009990967968179e-03,5.195299878507333660e-14,4.837086631361505618e-14,4.847282130081165662e-14,4.684583329973877936e-14,2.114684386566812376e-13,2.269369048901521826e-12,3.325248091279147799e-12,4.048517860882059135e-14,4.303691628016412595e-14,4.117634274587234995e-14,4.553631163474859938e-14,5.058998438129733709e-14,4.819459247410585930e-14,4.809041899019387239e-14,4.895922037680534560e-14,5.104195379055441731e-14,6.186427437542922575e-13,2.206290276966799257e-12,3.679094921920252133e-14,3.761118351257177498e-14,1.052798012255779550e-13,4.513946582566111414e-14,1.163232554504100965e-13,4.644599530022409195e-14,7.576828456269700323e-14,3.076524155315865578e-12,2.728963187603359952e-13,1.089102202138738413e-12,7.794971065488066837e-14,5.455543766675257702e-13,6.285712613881827605e-13,1.065409544962622484e-12,3.164096339882023411e-13,6.776762411035001737e-11,6.863257359421171229e-13,1.868391607582924208e-13,4.283243297480975046e-13,5.853219220408078820e-13
6.088149912181095634e-14,7.649711106445902217e-14,6.958720551840773296e-14,1.376280943889105897e-13,7.111609747159681985e-14,6.575929003701817882e-14,5.950980439093429764e-14,6.166706022671340175e-14,5.178977681317707122e-14,5.565863981552471789e-14,5.272472022073995205e-14,6.657083482700045124e-14,1.257875303111298107e-13,6.776610589633282721e-14,6.500575188419577457e-14,6.723114966069132532e-14,5.617508760382152730e-14,5.574044941439992896e-14,5.697404976762023125e-14,5.960221672894021566e-14,6.300113472120738059e-14,7.217143952489543377e-14,1.029220498500534218e-13,5.557901873853548116e-14,5.368578857804528519e-14,6.013992547604258524e-14,6.007649050371562837e-14,5.986279312119602559e-14,5.808971477288759155e-14,6.095792344366834964e-14,5.033359172489798252e-14,5.136585194081940430e-14,9.260510702118612798e-14,1.140136972191370730e-13,3.787145548343269445e-13,4.493826200340265950e-14,4.767031040479241960e-14,4.694089394660454534e-14,1.187248975074818273e-12,1.283080764253255760e-03,5.412772129049015759e-14,5.054430710529563197e-14,5.107849847931544612e-14,4.885812996153350319e-14,2.247916156756820973e-13,1.772430398485152580e-12,2.529806422256387773e-12,4.220997459187286683e-14,4.525389083177511814e-14,4.263499182000996279e-14,4.700574444202300151e-14,5.228253372608267027e-14,5.025735585245622867e-14,4.976885642952933851e-14,5.076562393947215426e-14,5.302076896092656260e-14,7.108470745315850201e-13,1.738524777775104599e-12,3.864805431047869002e-14,3.912403873710459338e-14,1.096133866605913225e-13,4.655490428121022154e-14,1.214090022417137972e-13,4.810590220520084851e-14,7.848790704157893346e-14,2.337483893237901972e-12,2.940498062636925385e-13,1.320306046961147443e-12,8.077323592168498536e-14,4.765769107279180185e-13,5.451255256828121121e-13,8.935846437103215536e-13,2.892032831365244238e-13,3.629432972702868221e-11,7.958182452597069367e-13,1.835838707986540732e-13,3.872151363691278410e-13,5.146314069168436902e-13
6.475203470412232667e-14,8.158090728269789669e-14,7.442326363649149938e-14,1.405226609144262474e-13,7.585621142259308856e-14,6.998439445658913232e-14,6.287285619540925683e-14,6.462448136566204702e-14,5.438158170545937828e-14,5.893671068788302218e-14,5.605361291778276875e-14,7.117916463674164305e-14,1.282807998483731005e-13,7.222853093289795596e-14,6.914377775504741526e-14,7.113646830270836334e-14,5.858676469056349262e-14,5.887642072738898695e-14,6.009093758634155601e-14,6.330947976034421104e-14,6.690806400052043094e-14,7.559237836105034994e-14,1.072678684873127900e-13,5.892883127005263131e-14,5.635766355589427258e-14,6.358527025360799248e-14,6.328992389618339513e-14,6.261281034552234801e-14,6.122979968992320712e-14,6.449783752430725718e-14,5.272625422596858673e-14,5.389991429200839318e-14,9.624937225454530087e-14,1.190548994347690535e-13,4.181227385210666233e-13,4.713884790735611923e-14,5.006301497294854280e-14,4.864573031407861921e-14,1.488504112830888320e-12,1.191334823440978654e-03,5.643095144911030668e-14,5.285484607168503538e-14,5.387387378392440790e-14,5.099138651246465104e-14,2.395875101543948450e-13,1.475832096939353159e-12,2.077652094145247268e-12,4.403578527342676530e-14,4.762375873654541247e-14,4.416286901782994055e-14,4.853905068648798455e-14,5.405521906990133851e-14,5.244403168539248436e-14,5.151464850191967613e-14,5.265960027894936582e-14,5.510519818593214061e-14,8.324629169212415335e-13,1.458749463994113270e-12,4.062732828040652936e-14,4.071986762879623848e-14,1.142219584593905409e-13,4.803119753830366548e-14,1.268449561464632065e-13,4.984137154079379097e-14,8.135006329300840763e-14,1.914835294423981206e-12,3.182288122023976107e-13,1.667228150100899978e-12,8.374660488730049944e-14,4.275053217871745513e-13,4.864935632844785410e-13,7.784430134609191026e-13,2.697037101524364550e-13,2.603159637260855077e-11,9.433306943632025356e-13,1.832831214063758159e-13,3.585988770378166546e-13,4.653429887482008246e-13
6.894292002286917754e-14,8.713586399841062349e-14,7.968262315165908540e-14,1.440025324705387590e-13,8.102050929562699505e-14,7.457251838550515951e-14,6.650138712809685273e-14,6.778856970542777585e-14,5.715554192445134714e-14,6.247278969947630727e-14,5.963863910828786820e-14,7.617913424068472005e-14,1.312819349486269628e-13,7.708045600741229299e-14,7.363499267807834879e-14,7.536626070566003868e-14,6.114745686798585077e-14,6.225466940860069017e-14,6.344623809405456602e-14,6.732020098004532071e-14,7.114226764556154735e-14,7.925448759916580462e-14,1.118991740945969863e-13,6.254358094418520999e-14,5.921771042427761198e-14,6.730549197326740653e-14,6.674840256296114721e-14,6.554634003329693375e-14,6.460934461282721907e-14,6.832343013973057279e-14,5.527929153523919634e-14,5.660977229761625605e-14,1.001109973788918674e-13,1.244485174437150973e-13,4.656141022615643176e-13,4.948725776831087113e-14,5.262160331510113825e-14,5.043573528633008048e-14,1.981280054354559699e-12,1.097735484966691662e-03,5.887444359331800811e-14,5.531504266850211953e-14,5.687686405808703704e-14,5.325634925029934217e-14,2.561110134749757202e-13,1.280674661809703946e-12,1.789710812510320491e-12,4.597106828661372984e-14,5.016006713633511150e-14,4.576567614300249542e-14,5.014103913521552757e-14,5.591347604387153749e-14,5.476574451481404648e-14,5.334448024654329608e-14,5.465166701558555232e-14,5.730545861657452415e-14,1.000191907647072201e-12,1.275397029597821131e-12,4.273864064637643971e-14,4.240529629208185332e-14,1.191315183237572095e-13,4.957203772598885805e-14,1.326673591323273716e-13,5.166272485858176317e-14,8.436563399761215105e-14,1.643738364172901183e-12,3.461262830428949283e-13,2.245588415574652369e-12,8.688141801828477497e-14,3.913085126662813021e-13,4.436352280623046046e-13,6.967761207171956082e-13,2.557180584281328913e-13,2.120007965264146000e-11,1.152775888695058598e-12,1.853486326674624636e-13,3.386760897311929697e-13,4.300090113212760462e-13
7.348471087384783506e-14,9.321818072932962948e-14,8.540452867223178338e-14,1.480590621508994299e-13,8.665489043111190909e-14,7.956133001633188614e-14,7.042331003301087705e-14,7.118056765228591983e-14,6.012931177217362826e-14,6.629182056908906718e-14,6.349940849581247073e-14,8.160391963674894191e-14,1.347777894641341974e-13,8.236216886972864249e-14,7.851607479736953640e-14,7.995737863096917031e-14,6.387113033427860496e-14,6.589951550318430096e-14,6.706443486524845582e-14,7.166373449082179961e-14,7.573767446347210492e-14,8.318410920201595972e-14,1.168440117489543642e-13,6.644806381353704102e-14,6.228459048644536688e-14,7.132967525006428657e-14,7.047831958990533772e-14,6.868156758555059173e-14,6.825326438502516570e-14,7.246498864733376769e-14,5.800780947446697407e-14,5.951234035191614959e-14,1.042091782319997779e-13,1.302316499012247038e-13,5.239470617874052327e-13,5.199678197408286918e-14,5.536128693412507091e-14,5.231779222530384129e-14,2.932998594192548008e-12,1.002245310488860449e-03,6.147082101086597152e-14,5.793919728807179808e-14,6.010722058458607208e-14,5.566477121322462718e-14,2.746794631130885486e-13,1.144410859427836726e-12,1.594006504696279547e-12,4.802505540044585026e-14,5.287764512423914184e-14,4.744907375143512124e-14,5.181575926017431639e-14,5.786320298390355498e-14,5.723464822623841182e-14,5.526526596033895888e-14,5.675023262039438973e-14,5.963152527227600151e-14,1.246333780756281785e-12,1.148778066914326050e-12,4.499265438429282755e-14,4.418745437593788993e-14,1.243714572022561743e-13,5.118141817927163176e-14,1.389176436478977514e-13,5.357711538272626150e-14,8.754663791773998547e-14,1.457547777774859267e-12,3.786642614386791709e-13,3.402561320710493729e-12,9.019052094307162509e-14,3.640028906424705720e-13,4.115320746039726916e-13,6.366920037433159240e-13,2.459222965235076522e-13,1.872747813055003962e-11,1.473438646654146772e-12,1.894066751886397876e-13,3.252631209080881187e-13,4.044779753980523480e-13
7.841080774096248625e-14,9.989174874243958861e-14,9.163133303883567578e-14,1.527079270444981300e-13,9.281058785906809895e-14,8.499264600883126886e-14,7.466995584384694700e-14,7.482431140075405336e-14,6.332256344280135965e-14,7.042132420693369555e-14,6.765646336463973106e-14,8.748869224921115340e-14,1.387757459638343109e-13,8.811827663539670195e-14,8.382776861498879781e-14,8.495177918844293710e-14,6.677236379510904927e-14,6.983804778085144294e-14,7.097296228976904148e-14,7.637232420521325841e-14,8.073203451932753085e-14,8.741066262744145807e-14,1.221342324487602256e-13,7.067002983406102390e-14,6.557899051373040666e-14,7.569030836334753932e-14,7.450867540599653691e-14,7.203876421894781098e-14,7.218954260029352560e-14,7.695651657657800997e-14,6.092859959271636378e-14,6.262645770146921008e-14,1.085654370525199288e-13,1.364467778697759537e-13,5.972950882768917078e-13,5.468208352173413463e-14,5.829902041430223869e-14,5.429905394602486160e-14,5.543118380739672766e-12,9.048261006550187844e-04,6.423375366172598100e-14,6.074272992749224992e-14,6.358679560293637355e-14,5.822962971633306406e-14,2.956930633253142823e-13,1.045796912441267432e-12,1.456276748092823696e-12,5.020787917502292018e-14,5.579277126847768400e-14,4.921905064471693188e-14,5.356642246575902182e-14,5.990283464884878207e-14,5.986416019641800236e-14,5.728359502795425127e-14,5.896396291507608961e-14,6.209389042182246476e-14,1.642548479352060979e-12,1.059106284319174491e-12,4.740090778748268268e-14,4.607385445095126352e-14,1.299751246074339657e-13,5.286367139186234118e-14,1.456433768651934305e-13,5.559178568370604331e-14,9.090638044574961208e-14,1.324285513026101449e-12,4.170972426155776631e-13,6.874340484103830511e-12,9.368816485668030466e-14,3.431791379689751220e-13,3.871962094512413128e-13,5.914988101602923491e-13,2.394964256608784298e-13,1.777150026818435620e-11,2.025766239912948056e-12,1.952469277016125157e-13,3.170809182117287996e-13,3.863082377636314976e-13
8.375828125391785528e-14,1.072305171392525947e-13,9.841000478606841941e-14,1.579907683924185209e-13,9.954576611621946408e-14,9.091358332296178086e-14,7.927688137323825730e-14,7.874690455337650383e-14,6.675740826040586000e-14,7.489199483599286179e-14,7.213173153300765533e-14,9.387188159721830972e-14,1.433043959755620701e-13,9.439900287806701000e-14,8.961601178835880428e-14,9.039760142126100799e-14,6.986847776433896780e-14,7.410076084353072976e-14,7.520287801279653255e-14,8.148188932023845464e-14,8.616806039672761181e-14,9.196781446568447232e-14,1.278058966794228699e-13,7.523920748447470991e-14,6.912437071735771532e-14,8.042399238476733601e-14,7.887268880942568042e-14,7.564085962996354033e-14,7.644992749938205906e-14,8.183663935631573620e-14,6.406050356515966593e-14,6.597330461102003358e-14,1.132037593863388080e-13,1.431423934889329356e-13,6.922777415063328344e-13,5.755945056204831919e-14,6.145375621519566196e-14,5.638731683611993749e-14,4.336857707132972339e-11,7.456893982708886896e-05,6.718052452329195844e-14,6.374231570659594800e-14,6.733999411791825401e-14,6.096539848901330981e-14,3.196624423223123849e-13,9.731454573788864114e-13,1.358456723603055904e-12,5.253073818083749975e-14,5.892345028411300102e-14,5.108212923835171949e-14,5.539926714728033925e-14,6.204421212198736040e-14,6.266925124557420656e-14,5.940703828425562628e-14,6.130233768658566024e-14,6.470473854273409112e-14,2.385929026173170669e-12,9.956691048962248463e-13,4.997595864292208032e-14,4.807331943010070368e-14,1.359802165004592185e-13,5.462346235146574922e-14,1.528990260454752396e-13,5.771460894541830796e-14,9.445946879769766525e-14,1.226830129964528016e-12,4.631741490526450563e-13,7.308699366774669111e-04,9.739000377864893822e-14,3.273130612658044164e-13,3.687621637000356787e-13,5.571784573259256692e-13,2.359416713901253023e-13,1.852118886758331114e-11,3.202120067953748521e-12,2.028530838207097777e-13,3.134234697643212137e-13,3.740397967249142509e-13
8.843933747211980883e-14,1.134553601227547647e-13,1.042213685124124798e-13,1.602297126767281178e-13,1.053213728905906707e-13,9.604433896421847629e-14,8.328397924650645790e-14,8.200916176262411274e-14,6.975825059314271947e-14,7.884200581128796231e-14,7.611393304160233633e-14,9.936840685636165673e-14,1.453379135115860214e-13,9.982027257090944061e-14,9.463862999763836038e-14,9.504515253639113311e-14,7.242328349110762016e-14,7.784846890603970726e-14,7.889207332798673493e-14,8.596595258190046539e-14,9.090066577582578942e-14,9.557408770183500025e-14,1.313923664511340766e-13,7.928246654551686885e-14,7.219627171567039697e-14,8.454224524479033416e-14,8.262377651904900052e-14,7.862273442342357459e-14,8.014436966913740622e-14,8.607990099321078199e-14,6.678282730566928402e-14,6.889344757844258480e-14,1.161942452389961468e-13,1.472188802012482896e-13,7.342511869344935166e-13,6.012718958002850905e-14,6.425288052935292070e-14,5.810576128719087490e-14,8.758869599238779437e-11,8.265420430168382368e-12,6.962960205080101220e-14,6.632442438998074731e-14,7.067480630526023753e-14,6.331165596949530624e-14,3.308716102569163036e-13,8.130780939087628541e-13,1.090085288153591388e-12,5.457813748108600931e-14,6.174139265977746148e-14,5.264729822365936058e-14,5.685559405149107948e-14,6.371112025665089825e-14,6.505769458904286820e-14,6.110678988445241450e-14,6.320114828229749093e-14,6.683460341001558195e-14,2.661165144761713261e-12,8.386713761213403423e-13,5.233809402744363480e-14,4.983864235050445327e-14,1.395955481703126205e-13,5.601497061129301779e-14,1.571467982306083272e-13,5.944608283459822769e-14,9.686590701288673710e-14,9.920325726254318782e-13,4.836028741096637871e-13,7.747887761438353952e-04,9.987120768592147240e-14,3.018473471356141516e-13,3.379363657281236277e-13,4.938323291069204961e-13,2.273684562923629029e-13,5.448284020559609033e-12,3.608702436553526408e-12,2.061845191302072469e-13,3.005498549002347922e-13,3.486171883125847673e-13
9.335955307703964253e-14,1.200495073413529349e-13,1.102926780215415952e-13,1.628389640751646871e-13,1.114104512231578728e-13,1.014527480648522645e-13,8.752197547281201927e-14,8.544491947115195084e-14,7.292253580374165981e-14,8.300625536613381323e-14,8.027089550488339102e-14,1.050932225302735097e-13,1.476891713011347424e-13,1.055277034307979718e-13,9.993509326127587639e-14,9.997284045239102514e-14,7.509846783178355426e-14,8.180677343179297597e-14,8.279132112032365569e-14,9.068571548114866780e-14,9.589575499341066476e-14,9.936687056735601324e-14,1.351082380406550320e-13,8.353761889590196166e-14,7.543560212029515521e-14,8.889797211848826248e-14,8.659025321047302335e-14,8.175619028524643748e-14,8.405006454195781083e-14,9.056816712094133306e-14,6.964837609134898276e-14,7.197128543887804147e-14,1.192825742822848516e-13,1.514458904094969095e-13,7.806332018822041527e-13,6.283057922886553638e-14,6.720254374261395030e-14,5.988969324787398922e-14,6.172446353775739875e-04,4.264668092819590794e-12,7.219345450644674730e-14,6.903804192353972697e-14,7.419241084822925692e-14,6.577217343214546360e-14,3.426456392102846375e-13,7.051318964973498733e-13,9.212041019049732183e-13,5.672475692991368968e-14,6.470932611205108192e-14,5.427228425022551565e-14,5.835765174874586741e-14,6.543230750226942946e-14,6.756182133784767976e-14,6.286675045621863877e-14,6.517411700850891743e-14,6.905399011777972981e-14,3.000296499885618903e-12,7.335365635026068770e-13,5.482072782557180512e-14,5.168482988819030276e-14,1.433303139656405892e-13,5.744940497671193994e-14,1.615452730167912160e-13,6.124244871390989330e-14,9.934649302627610586e-14,8.410225638096553637e-13,5.054475290702405702e-13,1.262750076158553677e-04,1.024286727052842963e-13,2.823017203907439474e-13,3.144829519849117415e-13,4.471767127844554568e-13,2.215812573715511595e-13,3.284951153861599703e-12,4.121417091706792155e-12,2.105963129993664954e-13,2.922349096127069537e-13,3.301228344638083515e-13
9.840858624408312768e-14,1.268395005386593756e-13,1.164568398675555844e-13,1.654713011146396523e-13,1.176567982237062700e-13,1.070115212851928951e-13,9.190658328011044645e-14,8.897630270652383211e-14,7.619421136264272248e-14,8.730400399580593850e-14,8.451546442866846601e-14,1.108914538255255240e-13,1.500716052661978114e-13,1.113801599992084102e-13,1.053829878400376821e-13,1.050703724038075064e-13,7.783315339849667249e-14,8.590125753202047899e-14,8.682621969920750706e-14,9.553968132793777379e-14,1.010432715338220379e-13,1.032387710616189959e-13,1.387429671098250130e-13,8.792014665723428013e-14,7.878238051953101308e-14,9.340343469686378092e-14,9.069190768455976764e-14,8.496963615401677938e-14,8.809097847044558864e-14,9.520955938344366756e-14,7.260624201367164173e-14,7.515229095661839123e-14,1.223044693771551216e-13,1.555583153644550027e-13,8.244251531725546872e-13,6.562818431258204964e-14,7.025497922980186823e-14,6.169967326786506037e-14,7.174481859958772075e-04,2.831010503359881588e-12,7.481602784932944673e-14,7.183298336506893082e-14,7.783186220822672799e-14,6.830122566853472411e-14,3.536137389708982617e-13,6.234270426382438214e-13,7.985411508625484460e-13,5.893712250471123810e-14,6.778159814871006760e-14,5.592488504118747623e-14,5.986697845559113161e-14,6.715930231930688837e-14,7.013318338717766672e-14,6.464249606612272010e-14,6.717432097430550416e-14,7.131105039241503428e-14,3.300979037564269052e-12,6.541988717000020598e-13,5.739090097546014416e-14,5.358402969908034041e-14,1.469464506464819024e-13,5.888943974883876867e-14,1.657918909968774865e-13,6.306218620008363423e-14,1.017874973189148590e-13,7.300665314453581645e-13,5.257290199653226563e-13,1.068740892043666963e-10,1.049416153951724094e-13,2.663022403503442976e-13,2.953697092824988684e-13,4.098109479023870873e-13,2.174734717487470820e-13,2.330566632968683109e-12,4.543024707395533525e-12,2.153340582676621119e-13,2.865345679455906880e-13,3.156326747645009812e-13
1.036696906675523686e-13,1.339726438027390195e-13,1.228168190493509859e-13,1.683863993056676981e-13,1.241797595019418756e-13,1.128221637339276494e-13,9.652562774340194826e-14,9.269113198518880709e-14,7.963747614405582302e-14,9.180831725411517866e-14,8.890351016998384025e-14,1.168538679301584582e-13,1.526980946675770100e-13,1.174837291861334336e-13,1.110820123828246133e-13,1.104528101793393457e-13,8.069459503012597389e-14,9.020765608738947518e-14,9.107674798075376947e-14,1.006093125674353334e-13,1.064381279093022839e-13,1.073065994576816601e-13,1.425006006431577575e-13,9.250084519743616061e-14,8.230543985979570610e-14,9.814833941345231820e-14,9.501805175736683824e-14,8.834324949531709845e-14,9.235042716072374303e-14,1.000961952817066290e-13,7.571550096690570772e-14,7.849921867272835772e-14,1.254188677284901430e-13,1.598119333627166304e-13,8.723945667709514957e-13,6.856778498013190659e-14,7.346490400879429468e-14,6.357767775774169369e-14,6.908502100029396400e-04,2.144007192953550344e-12,7.755951395719663332e-14,7.476727837769806034e-14,8.165583080653313981e-14,7.095135157125561215e-14,3.650677180453235783e-13,5.629640243574811558e-13,7.110125141959602239e-13,6.125484066433008936e-14,7.100671649946252665e-14,5.763984795145455696e-14,6.142243092952884916e-14,6.894085932962673858e-14,7.282702833255771497e-14,6.647960741125566855e-14,6.925135943181738224e-14,7.366124269413305107e-14,3.660547100307826833e-12,5.962371932315517148e-13,6.008310045322152172e-14,5.556937780203270062e-14,1.506724907016704411e-13,6.037276101359607520e-14,1.701767596000656616e-13,6.494900611245746676e-14,1.042994285209188556e-13,6.497710006788852018e-13,5.472520831802719082e-13,5.559348285699209102e-11,1.075273924597318911e-13,2.537665919002334008e-13,2.804592408193984141e-13,3.808759128197658427e-13,2.151899455169532926e-13,1.829135380012880287e-12,5.049302525461697792e-12,2.206851096381969618e-13,2.837005699593156574e-13,3.052463752302260784e-13
1.091330820123385403e-13,1.414435856233007669e-13,1.293470448622761646e-13,1.715565048379933347e-13,1.309667017018678775e-13,1.188765842332481240e-13,1.013861627064534981e-13,9.660036097329279648e-14,8.326058980501645281e-14,9.651888452100741384e-14,9.342207063045416516e-14,1.229548394639517061e-13,1.555451429527044196e-13,1.238259522472667319e-13,1.170255255800836274e-13,1.161305089740761212e-13,8.369006774606674262e-14,9.473089611715731155e-14,9.555067851467943440e-14,1.058882947461751573e-13,1.120774130582647041e-13,1.115827619205282694e-13,1.463867142158547788e-13,9.727598670452192408e-14,8.601371372947117573e-14,1.031389517492431454e-13,9.957967985668643810e-14,9.188656668964835569e-14,9.683744201924508896e-14,1.052335319938693943e-13,7.898414787121081409e-14,8.202032627453373510e-14,1.286294564703175340e-13,1.642132883164971827e-13,9.251589028495118397e-13,7.165551729464897676e-14,7.683869664075163791e-14,6.552700927681634189e-14,6.637148834608207031e-04,1.740871240848399190e-12,8.043075987564260989e-14,7.784861516602141407e-14,8.566864936942544217e-14,7.372929499102752062e-14,3.770384044221455838e-13,5.167250056007897454e-13,6.458795334453955093e-13,6.368347003387414777e-14,7.438876251853496638e-14,5.942018080935796638e-14,6.302576384639796774e-14,7.077909240321375788e-14,7.565024629804740641e-14,6.838092347809216732e-14,7.140906289773196519e-14,7.611025806695847054e-14,4.098097218086269435e-12,5.526840346262868377e-13,6.289976306861914846e-14,5.764517655229842975e-14,1.545127827199634663e-13,6.190102081651805242e-14,1.747058706374989384e-13,6.690611358185363202e-14,1.068849170555458163e-13,5.892439064038233374e-13,5.701301356142016707e-13,3.843357388556142186e-11,1.101887015159958956e-13,2.439249973627944166e-13,2.687790364737477925e-13,3.580735940082998312e-13,2.143946240498341320e-13,1.520474131944639909e-12,5.668489872914283211e-12,2.264978655539422107e-13,2.831572606834348486e-13,2.980802438718954611e-13
1.147859871849692580e-13,1.492420976261332873e-13,1.360192695276162592e-13,1.749597103925967692e-13,1.380006587699909867e-13,1.251631471465056206e-13,1.064940313999535353e-13,1.007154773523209305e-13,8.707178006903243192e-14,1.014333423479074699e-13,9.805633574012760076e-14,1.291669468586299608e-13,1.585941528791947871e-13,1.303905415762702473e-13,1.232034737627467260e-13,1.221125342156620329e-13,8.682728133883244290e-14,9.947460171991166271e-14,1.002549999296542670e-13,1.113675003882016875e-13,1.179552625834052167e-13,1.160804448389272356e-13,1.504072288600035689e-13,1.022395138891366445e-13,8.991630868528169409e-14,1.083799857412605183e-13,1.043864437253064468e-13,9.560964338263550880e-14,1.015605085637226361e-13,1.106253487476243650e-13,8.242038225696232502e-14,8.572392468239334717e-14,1.319401153128216201e-13,1.687693231902943275e-13,9.834630446071637610e-13,7.489738575344743613e-14,8.038266848411821340e-14,6.755114333210021988e-14,6.360313775416252509e-04,1.475996253655962236e-12,8.343674443851379375e-14,8.108495699743576408e-14,8.987360743512945315e-14,7.664213103815228290e-14,3.895593985720268248e-13,4.805101305769817555e-13,5.959525962578183355e-13,6.622878893703720815e-14,7.793112041254689189e-14,6.126905160588437936e-14,6.467944708427454103e-14,7.267618753585176642e-14,7.861007928604709583e-14,7.035016381733732009e-14,7.365146693454942378e-14,7.866285289748567008e-14,4.641966124288986206e-12,5.193736662631306978e-13,6.584268997789988682e-14,5.981632639822113414e-14,1.584719066481904490e-13,6.347582003916124489e-14,1.793855596869105707e-13,6.893687921007519368e-14,1.095467189247035310e-13,5.422370708695465626e-13,5.944912577633333349e-13,2.985617963583526621e-11,1.129283625631753824e-13,2.362365300875810465e-13,2.596549469445519727e-13,3.398959144017930989e-13,2.148266462949525075e-13,1.311839900402525690e-12,6.442928158361882817e-12,2.326453560163535549e-13,2.844632212721118779e-13,2.935076094868716963e-13
1.206128228971803047e-13,1.573528105161970706e-13,1.428035668908667384e-13,1.785782317307109049e-13,1.452605160769531536e-13,1.316667027741623277e-13,1.118535993435964705e-13,1.050485000706324438e-13,9.107915132273123509e-14,1.065471195752394222e-13,1.027900805646506265e-13,1.354620170939457047e-13,1.618300186231628177e-13,1.371576063175519639e-13,1.296023699850054208e-13,1.284062740029465855e-13,9.011409963112778314e-14,1.044408646380268159e-13,1.051957004326848678e-13,1.170350162883967556e-13,1.240627129100878438e-13,1.208136625649597910e-13,1.545684517634833627e-13,1.073829852901356995e-13,9.402274466746992685e-14,1.138750279909076543e-13,1.094481668581426762e-13,9.952308157129496934e-14,1.065273678954406858e-13,1.162734554620143838e-13,8.603256859837134804e-14,8.961830240081095254e-14,1.353549302705939644e-13,1.734874091188855355e-13,1.048213893021108134e-12,7.829917853049541675e-14,8.410297300314855592e-14,6.965373987896452274e-14,6.077886235865940937e-04,1.288911637549975102e-12,8.658525828324733197e-14,8.448457769928529470e-14,9.427277252676566047e-14,7.969727215764928544e-14,4.026674529681341469e-13,4.516535615824143987e-13,5.568684917886048896e-13,6.889679073572780282e-14,8.163634639122985586e-14,6.318979910301849261e-14,6.638467814362382240e-14,7.463440247234568500e-14,8.171413161121319759e-14,7.238966840916510378e-14,7.598282752898300900e-14,8.132420801186855801e-14,5.336125923095678237e-12,4.936655776308836084e-13,6.891295227800092403e-14,6.208747466703066982e-14,1.625546917162100913e-13,6.508769854110377853e-14,1.842225311552577737e-13,7.104485234900274561e-14,1.122877228323158702e-13,5.049101543125067315e-13,6.204807582669478797e-13,2.473483251203645631e-11,1.157493172273737468e-13,2.303097428132221049e-13,2.526048102761151340e-13,3.253133374835790333e-13,2.162753108919302773e-13,1.161865702619655269e-12,7.439140625565907561e-12,2.390006020756146998e-13,2.872621737877621405e-13,2.910640237046182726e-13
1.265976116720872446e-13,1.657587423711656236e-13,1.496735367520204466e-13,1.824034651406421220e-13,1.527247934857920501e-13,1.383712503741141008e-13,1.174685369331695044e-13,1.096124255794038308e-13,9.529102421526316051e-14,1.118545512050199690e-13,1.076078271866371459e-13,1.418159691033448509e-13,1.652451808430184274e-13,1.441070224136265281e-13,1.362077327376265595e-13,1.350183479368885869e-13,9.355976496968112730e-14,1.096309625990612989e-13,1.103783623763090779e-13,1.228780756684920674e-13,1.303895044927385270e-13,1.257979143816316588e-13,1.588769149572757799e-13,1.126969550315324376e-13,9.834214870791257327e-14,1.196261978619297592e-13,1.147745747801276184e-13,1.036383688376288585e-13,1.117456092669331679e-13,1.221786541677772021e-13,8.982949624148430477e-14,9.371203117885294829e-14,1.388781158145034560e-13,1.783752668720986553e-13,1.120527507793620650e-12,8.186669731071511083e-14,8.800560506949798740e-14,7.183876000629432337e-14,5.789753257064972737e-04,1.149964328768365221e-12,8.988478498506231395e-14,8.805644884435749834e-14,9.886751141081653181e-14,8.290267010994804185e-14,4.164009572290789929e-13,4.283846735401402298e-13,5.258293545024555703e-13,7.169384592677310645e-14,8.550651158081585260e-14,6.518600649209448467e-14,6.814403114768956726e-14,7.665648976715078999e-14,8.497060304840262618e-14,7.450313968854171096e-14,7.840777433240445324e-14,8.410056032513167544e-14,6.252634599573607797e-12,4.738138001993220024e-13,7.211113374741682850e-14,6.446395335330030413e-14,1.667660496718098791e-13,6.674649380000937772e-14,1.892237107769508741e-13,7.323387946596175596e-14,1.151109038918157316e-13,4.747740331949864786e-13,6.482589831126705105e-13,2.135448914176690105e-11,1.186546214707126954e-13,2.258568958631484226e-13,2.472776639262928245e-13,3.136019599510507362e-13,2.185845434978812273e-13,1.049296170166916760e-12,8.768034898108870191e-12,2.455336948029431389e-13,2.913014370942099529e-13,2.904100952591296606e-13
1.327246615827537666e-13,1.744421561142749738e-13,1.566076939644612733e-13,1.864332613881322443e-13,1.603727044280718943e-13,1.452606265114812095e-13,1.233416867646694765e-13,1.144212167725382390e-13,9.971583498614755411e-14,1.173490260881794637e-13,1.124955167487962626e-13,1.482099670965685591e-13,1.688373962120431404e-13,1.512194033027935411e-13,1.430046720350284166e-13,1.419547607387928676e-13,9.717398988502258150e-14,1.150452818799597335e-13,1.158080261759985563e-13,1.288835705653738623e-13,1.369245342549425682e-13,1.310501304189797498e-13,1.633397089230232652e-13,1.181713929138406480e-13,1.028841434717387753e-13,1.256345310961845245e-13,1.203755794330497328e-13,1.079679706958473058e-13,1.172224902140232121e-13,1.283406992355734735e-13,9.382035206671954338e-14,9.801390365603544812e-14,1.425142037476043356e-13,1.834412385871263422e-13,1.201794068296116948e-12,8.560568558433937681e-14,9.209655319631232990e-14,7.411046004923372265e-14,5.495799586491427252e-04,1.042913520622525929e-12,9.334432147968708836e-14,9.181000682828244399e-14,1.036584367371067209e-13,8.626682169680929975e-14,4.308033072865892124e-13,4.094845520334843827e-13,5.009657742859436261e-13,7.462666397648523114e-14,8.954311952103050117e-14,6.726152023767032295e-14,6.995962229776857856e-14,7.874544999013365124e-14,8.838826778610052845e-14,7.669381141154818001e-14,8.093129108002928557e-14,8.699856782802735149e-14,7.518390387276971889e-12,4.586261706032832640e-13,7.543729067310479425e-14,6.695131080902086932e-14,1.711113223832161743e-13,6.845502814733806768e-14,1.943966097708493635e-13,7.550809431933397486e-14,1.180194416366385733e-13,4.501476379380768565e-13,6.780123093182517710e-13,1.897907339428473467e-11,1.216475240564976961e-13,2.226626093553150544e-13,2.434131357606413863e-13,3.042401622813832091e-13,2.216395394353461471e-13,9.620978525177601517e-13,1.062922104143024812e-11,2.522707902738437015e-13,2.964061752252441075e-13,2.912941574390230974e-13
1.389786134751808000e-13,1.833842260494797351e-13,1.635891706598504142e-13,1.906683163216413452e-13,1.681841441999708701e-13,1.523184568166708411e-13,1.294746139655496667e-13,1.194896122484224954e-13,1.043618869354044506e-13,1.230227860286484550e-13,1.174405905813332951e-13,1.546300217338811205e-13,1.726067980371749043e-13,1.584761089703263443e-13,1.499778146093821351e-13,1.492200293619976751e-13,1.009668023634835081e-13,1.206829561134563681e-13,1.214887780115523827e-13,1.350380111989437117e-13,1.436556220076621329e-13,1.365885298914015720e-13,1.679643330321706256e-13,1.237955352446252012e-13,1.076585008096691729e-13,1.318999223309557757e-13,1.262605842451103722e-13,1.125250154604197111e-13,1.229645352379238678e-13,1.347578336533363975e-13,9.801453383989350504e-14,1.025326914493030565e-13,1.462679444624991355e-13,1.886941674210089966e-13,1.293766175819571058e-12,8.952162446432617097e-14,9.638140637892531058e-14,7.647334835533259202e-14,5.195907636378687636e-04,9.581084763066515047e-13,9.697346873336947205e-14,9.575510566292733151e-14,1.086451072139139604e-13,8.979868000399834229e-14,4.459214643725557777e-13,3.940880659841288479e-13,4.809828927505211501e-13,7.770223322740901777e-14,9.374688867224003500e-14,6.942041108947424876e-14,7.183386648377808179e-14,8.090432234033146273e-14,9.197640474717996283e-14,7.896538701089692774e-14,8.355866814858631801e-14,9.002518396395335288e-14,9.379551814842622539e-12,4.472628538624559374e-13,7.889080844385235964e-14,6.955539667654312115e-14,1.755960865005403873e-13,7.021549972466629411e-14,1.997491338652207026e-13,7.787187174666615968e-14,1.210166563657331010e-13,4.298554230722637942e-13,7.099524390941470936e-13,1.724140825151659076e-11,1.247314192836524882e-13,2.205618699592266705e-13,2.408134314966612020e-13,2.968432719988813492e-13,2.253506974887524064e-13,8.929440027041854125e-13,1.342193203250007600e-11,2.592374558840557411e-13,3.024452364270367503e-13,2.935215374368602541e-13
1.453453927651008724e-13,1.925664675215544334e-13,1.706068338714199831e-13,1.951120764430892295e-13,1.761411271905672620e-13,1.595292298413344271e-13,1.358676732977412374e-13,1.248331732038397012e-13,1.092373023095966190e-13,1.288673463082058058e-13,1.224326889340107414e-13,1.610678214095120813e-13,1.765557991818216468e-13,1.658605220476972380e-13,1.571122938397004626e-13,1.568172788374998523e-13,1.049491466971814971e-13,1.265419836357441008e-13,1.274237425567691630e-13,1.413283347373359179e-13,1.505702689729136512e-13,1.424327498792851490e-13,1.727587651766775564e-13,1.295584978621299446e-13,1.126749808825512776e-13,1.384209836738581986e-13,1.324384757929222058e-13,1.173236343723947917e-13,1.289774910851278865e-13,1.414269823660881922e-13,1.024216347899398427e-13,1.072771067928446167e-13,1.501443451323507645e-13,1.941434719776821780e-13,1.398685621301742800e-12,9.361969110012588164e-14,1.008653382348957388e-13,7.893221247090732761e-14,4.889957433713292174e-04,8.894544983510556207e-13,1.007824710004307977e-13,9.990202758891937892e-14,1.138261046305484873e-13,9.350768187544885770e-14,4.618067725454136122e-13,3.815666218662214322e-13,4.649598174197398582e-13,8.092782307377150405e-14,9.811777040881793767e-14,7.166699755899700126e-14,7.376909940387569461e-14,8.313626254490953624e-14,9.574482897134754875e-14,8.132162363501711789e-14,8.629553466905351188e-14,9.318783303229117916e-14,1.238470032841578914e-11,4.391202890514665155e-13,8.247043632831845437e-14,7.228235340071551084e-14,1.802262124109187117e-13,7.203006268664078722e-14,2.052896588158599665e-13,8.032985394956713586e-14,1.241060327875650739e-13,4.130526213976046455e-13,7.443221416088644198e-13,1.593887260145912136e-11,1.279098692262921842e-13,2.194265052545069217e-13,2.393261601992445408e-13,2.911229126546986685e-13,2.296495511352182284e-13,8.371221367607109560e-13,1.807775696852879701e-11,2.664619390317651876e-13,3.093243166673349205e-13,2.969413062703635587e-13
1.518131887064430836e-13,2.019724062512409449e-13,1.776561249320884485e-13,1.997708078720259826e-13,1.842292647968021671e-13,1.668794661534167343e-13,1.425201822890773720e-13,1.304683422602901275e-13,1.143499919237500063e-13,1.348740375019598264e-13,1.274642659987179013e-13,1.675212837913894552e-13,1.806891275554993880e-13,1.733593445486745926e-13,1.643948507285440117e-13,1.647484748013873998e-13,1.091327374720284569e-13,1.326194467658615134e-13,1.336151480933333576e-13,1.477427947681528383e-13,1.576565663670580460e-13,1.486039944171701124e-13,1.777315708844480758e-13,1.354499815435901310e-13,1.179433555925468316e-13,1.451953370030639382e-13,1.389176591450409015e-13,1.223788236288005688e-13,1.352663402922988055e-13,1.483440860109950155e-13,1.070514367329835040e-13,1.122557786197514006e-13,1.541487302795163837e-13,1.997992589577751209e-13,1.519467078712058741e-12,9.790473443816120077e-14,1.055531145841799719e-13,8.149214860139098242e-14,4.577826553394856424e-04,8.329148995422439172e-13,1.047822450045451790e-13,1.042616686300141362e-13,1.191991892725612881e-13,9.740378072898560015e-14,4.785161861513333920e-13,3.714550659368939364e-13,4.522283541696569586e-13,8.431098863100776312e-14,1.026550160086277679e-13,7.400587313135703787e-14,7.576808998964996046e-14,8.544459995255456519e-14,9.970392721255578183e-14,8.376697837419778026e-14,8.914789419394726391e-14,9.649443323856204324e-14,1.805472944734060770e-11,4.337590616001278877e-13,8.617436269901965477e-14,7.513860259038679089e-14,1.850079630086480923e-13,7.390093297496465532e-14,2.110271501209591411e-13,8.288698090939983774e-14,1.272912569894070500e-13,3.991186977806244106e-13,7.814029718674177280e-13,1.495179111073600370e-11,1.311866293740846714e-13,2.191559708894698807e-13,2.388327321467141344e-13,2.868602219170178654e-13,2.344861157870621937e-13,7.914683692617866278e-13,2.739183663725518303e-11,2.739794968056782077e-13,3.169818731110801611e-13,3.014381096779029936e-13
1.583732838205949559e-13,2.115891291413449760e-13,1.847394400305449752e-13,2.046535807440782718e-13,1.924389940491453052e-13,1.743587506399778478e-13,1.494306175403851279e-13,1.364124383045062660e-13,1.197075900959107883e-13,1.410345362955560122e-13,1.325310057704057063e-13,1.739947064622160935e-13,1.850137873494280885e-13,1.809636525189072935e-13,1.718148455604104038e-13,1.730145022925274927e-13,1.135300891180923763e-13,1.389117531161695673e-13,1.400643879858912831e-13,1.542717615067411858e-13,1.649040330983620780e-13,1.551251495985609220e-13,1.828917489741086744e-13,1.414608752030362729e-13,1.234731942916891033e-13,1.522197551438163674e-13,1.457058566832092120e-13,1.277065181924324840e-13,1.418353086920141215e-13,1.555044531442553143e-13,1.119138477163941180e-13,1.174771770879827976e-13,1.582866335353033339e-13,2.056721789953779959e-13,1.659969246808540716e-12,1.023812150318755630e-13,1.104489595024158077e-13,8.415856963552239081e-14,4.259389939178779053e-04,7.857071752022382647e-13,1.089844239406655100e-13,1.088449574059198809e-13,1.247614605313687088e-13,1.014974413098303805e-13,4.961108748446448319e-13,3.634037025614224854e-13,4.422952025604025830e-13,8.785956114692047236e-14,1.073572514022138015e-13,7.644190871801827801e-14,7.783360768152788024e-14,8.783279838956259161e-14,1.038646736782055652e-13,8.630588203105045838e-14,9.212213938448206096e-14,9.995342659694866178e-14,3.275454872254395019e-11,4.308564249457045593e-13,9.000028877309274335e-14,7.813089503357923436e-14,1.899477831148659127e-13,7.583038908447729973e-14,2.169709512330239529e-13,8.554849357715228353e-14,1.305761474700440989e-13,3.875888934238742843e-13,8.215174427143794211e-13,1.420723992676360471e-11,1.345656084201180197e-13,2.196707620850465905e-13,2.392401264559773940e-13,2.838872842380002936e-13,2.398270327180233448e-13,7.537807299637441067e-13,5.534160577782021422e-11,2.818384140488494822e-13,3.253868386580499110e-13,3.069269631040256699e-13
1.650208514706634382e-13,2.214090532568809042e-13,1.918663897044686483e-13,2.097725403970127626e-13,2.007667985498473047e-13,1.819608164116355656e-13,1.565969496514841455e-13,1.426836752218698482e-13,1.253174189403860784e-13,1.473415373473954109e-13,1.376321541677815447e-13,1.804987945705867943e-13,1.895392564369745172e-13,1.886699472662999622e-13,1.793653088367478506e-13,1.816157985326722545e-13,1.181545133407402719e-13,1.454150065067258282e-13,1.467721976120614917e-13,1.609085591332940732e-13,1.723046339777153425e-13,1.620208678016774609e-13,1.882488473458668802e-13,1.475840446872422589e-13,1.292740566780906374e-13,1.594908026072323127e-13,1.528103864410414549e-13,1.333236345370327460e-13,1.486879498223519306e-13,1.629033096464542163e-13,1.170188769352964766e-13,1.229495850927943155e-13,1.625638552625903736e-13,2.117735245207445894e-13,1.825391142434456290e-12,1.070531975882946048e-13,1.155566997950499259e-13,8.693721169110989117e-14,1.650940795766567216e-04,7.458531660263685990e-13,1.134012955557619759e-13,1.136633728303998377e-13,1.305096324413359775e-13,1.057996488432594166e-13,5.146583550954511595e-13,3.571471346380753523e-13,4.347933199862732308e-13,9.158161998035949471e-14,1.122226149484885344e-13,7.898026366131420574e-14,7.996856256651583238e-14,9.030449829077616372e-14,1.082386270379318678e-13,8.894309122436777100e-14,9.522506513790014407e-14,1.035739422214172684e-13,1.619805837555066788e-10,4.301769144478539593e-13,9.394556737070509128e-14,8.126630816731196997e-14,1.950524518963538247e-13,7.782079913137374415e-14,2.231309151037523216e-13,8.831994998971127744e-14,1.339646829216032183e-13,3.781103486493361289e-13,8.650414256408021715e-13,1.365873682167451240e-11,1.380508366616519254e-13,2.209080448270509501e-13,2.404754736027509998e-13,2.820747154190231666e-13,2.456548831167346563e-13,7.224846520255034189e-13,2.283579427317378033e-04,2.901101424626191348e-13,3.345391288812051514e-13,3.133507203670563929e-13
1.712354040665864539e-13,2.304879886285003457e-13,1.983554462512810511e-13,2.143275942176898378e-13,2.084448391167724033e-13,1.890501793740131285e-13,1.635426472796071784e-13,1.489079464158026230e-13,1.308827987896977867e-13,1.533722041853657164e-13,1.424110747438573544e-13,1.864337215161173839e-13,1.936123688382332458e-13,1.958004952441241791e-13,1.864271209345942942e-13,1.899126080954092864e-13,1.227531895068931210e-13,1.517172310845282345e-13,1.533219769885057672e-13,1.671545228567935481e-13,1.792833318302972132e-13,1.688121810663386527e-13,1.931506943722583657e-13,1.533975745721965117e-13,1.350319753376718578e-13,1.665133149537078543e-13,1.597851531653614033e-13,1.389059828556841536e-13,1.553990054260392083e-13,1.700235560104382655e-13,1.221122706154700653e-13,1.283888413091947478e-13,1.664946104185969562e-13,2.172768698225419197e-13,1.953050721620856992e-12,1.117032334889784597e-13,1.206217563709133169e-13,8.969166402153244214e-14,6.745855385336964560e-11,7.030540211953983420e-13,1.178003629180396031e-13,1.184800322151419935e-13,1.361118736037483929e-13,1.101070577412753168e-13,5.292301399774340421e-13,3.502985921525102974e-13,4.262106630867538196e-13,9.532449655532328167e-14,1.170062901530311621e-13,8.150872138604042573e-14,8.205665708576023256e-14,9.271120409222748396e-14,1.126132055653621301e-13,9.153509319666870387e-14,9.829271306758032610e-14,1.071620830271772600e-13,1.295127288943046710e-04,4.282830087398445291e-13,9.783775647991221824e-14,8.442594408982719790e-14,1.996215383016591731e-13,7.976191823967616403e-14,2.285892217940429222e-13,9.106033760985589692e-14,1.371275398507144537e-13,3.680009474443113868e-13,8.979191834908310746e-13,1.075361304600031517e-11,1.412925258235620410e-13,2.219438636795199409e-13,2.414466988735565687e-13,2.799297987401953295e-13,2.508504148700955294e-13,6.879527924118850178e-13,2.424222392019077159e-04,2.973344615376646765e-13,3.423866904202955440e-13,3.188708237146214128e-13
1.772788473908469438e-13,2.392836166353749995e-13,2.045844021546407443e-13,2.187897745327079723e-13,2.158619302928154689e-13,1.959409419935502386e-13,1.704868854173593829e-13,1.552889917477687987e-13,1.365517288350448370e-13,1.593241517364671245e-13,1.470571663391297625e-13,1.921376444034715531e-13,1.976182282379345965e-13,2.026997109085002305e-13,1.933033596206811387e-13,1.981990747320806978e-13,1.274723284782526627e-13,1.580074989718365321e-13,1.599075592333947741e-13,1.732538074052024266e-13,1.861146335082135224e-13,1.757674301389790031e-13,1.979727157120285145e-13,1.591038607759457859e-13,1.409061866503238237e-13,1.735144714757500403e-13,1.668443456266914675e-13,1.446353118531978712e-13,1.621689724257526612e-13,1.771023610828411694e-13,1.273281543925295531e-13,1.339389601704517312e-13,1.703610133146556440e-13,2.226562421490886930e-13,2.070562161786899277e-12,1.164386960880774072e-13,1.257679530766257953e-13,9.250345508990628791e-14,2.887893095826454220e-11,6.641673176105387672e-13,1.223169362226316675e-13,1.234252887258934980e-13,1.417206189532421536e-13,1.145353778908106408e-13,5.425532148281812011e-13,3.443091544214032477e-13,4.187146855660357940e-13,9.917442663989283480e-14,1.218213781738661267e-13,8.409490530400315520e-14,8.416715319089485778e-14,9.514083064856720705e-14,1.171099374101415051e-13,9.416720433434703483e-14,1.014224478494212707e-13,1.108323692388235518e-13,3.540321974145568709e-04,4.272060362792222636e-13,1.017557089850956245e-13,8.767965535162721710e-14,2.040609637105606422e-13,8.171938337347524787e-14,2.338741368680045856e-13,9.385374619939164284e-14,1.402572226896131237e-13,3.589103054011568959e-13,9.274404575843844948e-13,8.492185265631013195e-12,1.444950345465213338e-13,2.232904100512717332e-13,2.427637139666406933e-13,2.783292370200123447e-13,2.560311948307245495e-13,6.565462803263370675e-13,1.983925977848936332e-10,3.043819956792668069e-13,3.500737334096905010e-13,3.244871362429935687e-13
1.833179881008700957e-13,2.480917649713707207e-13,2.107922929529788296e-13,2.234276975589559570e-13,2.232674780545892544e-13,2.028340246764384444e-13,1.775690664351032361e-13,1.619624165347842999e-13,1.424197696543872809e-13,1.653223082121688078e-13,1.516902652554568440e-13,1.978236537977676892e-13,2.017761460071452362e-13,2.095879355136599935e-13,2.001878127078337006e-13,2.066643797162231236e-13,1.324080804579359321e-13,1.644052719623942774e-13,1.666522803484916820e-13,1.793617667703433007e-13,1.929736983073403226e-13,1.830655311595319589e-13,2.029385997338836591e-13,1.648310873062313634e-13,1.470002485332934842e-13,1.806387067585438007e-13,1.741262417461285500e-13,1.506324385209366940e-13,1.691261909949038502e-13,1.842905731530290261e-13,1.327543125417058570e-13,1.396933075128199206e-13,1.743290580116327633e-13,2.281938014137322771e-13,2.200305820515208427e-12,1.213280520090919906e-13,1.310741284034097141e-13,9.542407521628424459e-14,1.867245881485180444e-11,6.311142500981733266e-13,1.270394519287516528e-13,1.285851920399913025e-13,1.474315863714001203e-13,1.191611256881915629e-13,5.562785030251316460e-13,3.397593231938072818e-13,4.131749890151246720e-13,1.031881850723031080e-13,1.267384264841597494e-13,8.678176095155623059e-14,8.634175945688817401e-14,9.764648601585994827e-14,1.218092082908145236e-13,9.689206142169291034e-14,1.046758737385709280e-13,1.146582402865893571e-13,3.357680379689473912e-04,4.278572312925230345e-13,1.057479668917240798e-13,9.107347367358753556e-14,2.086081959342001182e-13,8.373236647142603184e-14,2.392968103105011619e-13,9.675296724694968171e-14,1.434666586813914705e-13,3.514550039460430396e-13,9.583188221528221458e-13,7.071762649333191517e-12,1.477781299853708316e-13,2.251900539764456237e-13,2.447143599428399688e-13,2.776557391611166143e-13,2.615359580508444936e-13,6.302613135311958781e-13,1.029435985934914183e-10,3.117301584900562067e-13,3.582381092248345236e-13,3.307279557618676918e-13
1.893549828236663270e-13,2.569114610627765119e-13,2.169934518641466681e-13,2.282404612050912705e-13,2.306667101853890929e-13,2.097300985113101805e-13,1.847781263139433585e-13,1.689383051969856676e-13,1.484849900724119908e-13,1.713600515394584643e-13,1.563155124743902367e-13,2.035057071544379423e-13,2.060854254112668575e-13,2.164699412065512397e-13,2.070797239101380511e-13,2.152950751295144371e-13,1.375717391432613153e-13,1.709006359609977277e-13,1.735467114994744845e-13,1.854773120493701341e-13,1.998560777855356350e-13,1.907245120668295844e-13,2.080540199952491290e-13,1.705758362487611736e-13,1.533140139861291008e-13,1.878747616902148270e-13,1.816244799963530027e-13,1.569089577590310725e-13,1.762623602556474055e-13,1.915769671443107047e-13,1.383936515275342683e-13,1.456514084899607654e-13,1.784021091019833773e-13,2.338956909696454074e-13,2.344291164971819401e-12,1.263685855030955165e-13,1.365362888390511427e-13,9.845876076544916711e-14,1.394634002327321255e-11,6.027752267796581383e-13,1.319779775300224282e-13,1.339659022549183208e-13,1.532361358244762527e-13,1.239919675928150008e-13,5.704228728275591091e-13,3.364858285165826047e-13,4.093593054606362311e-13,1.073707930883036037e-13,1.317505225235282980e-13,8.957408123727495341e-14,8.858294756205326523e-14,1.002312171545442579e-13,1.267194222626147537e-13,9.971384512993576054e-14,1.080591019447865712e-13,1.186478161901937268e-13,3.171348464612207805e-04,4.300505863362224165e-13,1.098089118952737117e-13,9.461287872882294799e-14,2.132664492227009729e-13,8.580283975973052924e-14,2.448618127791949288e-13,9.976303838534508914e-14,1.467583557929400328e-13,3.454267706677237646e-13,9.906466176772435712e-13,6.097975601201781669e-12,1.511442911540196178e-13,2.275935676095692427e-13,2.472410222615041286e-13,2.778210757882606502e-13,2.673397981373866000e-13,6.081854230206119674e-13,7.100757356670051702e-11,3.193553966755204604e-13,3.668426220853580063e-13,3.375323952564255919e-13
1.953946690532078474e-13,2.657465204194394628e-13,2.232035591118449211e-13,2.332284259648776153e-13,2.380683461172274031e-13,2.166331467982151380e-13,1.921039102229937110e-13,1.762264335619525527e-13,1.547446862945636730e-13,1.774329925560393994e-13,1.609396049267690027e-13,2.091986833416968285e-13,2.105464006241066497e-13,2.233536331148695311e-13,2.139816516867161911e-13,2.240786977458448289e-13,1.429747446303486336e-13,1.774848142031872151e-13,1.805815959323370544e-13,1.916021293879876937e-13,2.067604707385352127e-13,1.987630652012629037e-13,2.133247603204869935e-13,1.763371292340459323e-13,1.598464877484077929e-13,1.952126769399128810e-13,1.893320082380955928e-13,1.634765706203440855e-13,1.835689130613708611e-13,1.989520143550385799e-13,1.442484241728507055e-13,1.518119979026010405e-13,1.825835393316899247e-13,2.397681368492088196e-13,2.504965680693783752e-12,1.315570024860341612e-13,1.421498951438416347e-13,1.016130121355091340e-13,1.121973548145948998e-11,5.783053485628725679e-13,1.371429371888674415e-13,1.395737530337771101e-13,1.591263947640411247e-13,1.290355501675035484e-13,5.850027422735034072e-13,3.343575346685114810e-13,4.070830363865260934e-13,1.117270759738851102e-13,1.368510194369845553e-13,9.247688872630439258e-14,9.089326655072092276e-14,1.028981808101918003e-13,1.318490498628697168e-13,1.026369133394613868e-13,1.115785530140968983e-13,1.228099194909895563e-13,2.981252205782388841e-04,4.336337258051619479e-13,1.139332467002811747e-13,9.830344806616933001e-14,2.180388647697677455e-13,8.793282956183042152e-14,2.505736564983412908e-13,1.028892430818011853e-13,1.501348313947485792e-13,3.406598972644412424e-13,1.024520996134538885e-12,5.389875599167998007e-12,1.545960156514465452e-13,2.304591205138325063e-13,2.502949007469955275e-13,2.787519592663774317e-13,2.734243319438592688e-13,5.896277633268341738e-13,5.502932250315217474e-11,3.272455046898750384e-13,3.758615461546183406e-13,3.448527171218167836e-13
2.014443816969682382e-13,2.746054505689762419e-13,2.294393722370090728e-13,2.383933265043358428e-13,2.454843138661287124e-13,2.235503173626498633e-13,1.995377282865102227e-13,1.838363229673975668e-13,1.611955798427988006e-13,1.835391786697154714e-13,1.655705871283879044e-13,2.149181705974844824e-13,2.151605276997179582e-13,2.302497848775123535e-13,2.208993738647948166e-13,2.330045286847460175e-13,1.486280642366923897e-13,1.841506203633995599e-13,1.877483535515069670e-13,1.977406097416215249e-13,2.136887996293392621e-13,2.072006857266267089e-13,2.187568853120543587e-13,1.821164603273144108e-13,1.665959953198014214e-13,2.026443441865000550e-13,1.972415226431796185e-13,1.703471403224678205e-13,1.910375009910101675e-13,2.064084100698766648e-13,1.503203005031930721e-13,1.581731793599693843e-13,1.868768511988204889e-13,2.458176605835224047e-13,2.685371277135505920e-12,1.368896129194173391e-13,1.479101015478128295e-13,1.048926385733580025e-13,9.445803610888021345e-12,5.570564736236429868e-13,1.425451741394773798e-13,1.454146440761833449e-13,1.650956475542988385e-13,1.342995243623447943e-13,6.000352874298282267e-13,3.332684609021194725e-13,4.061984005582187885e-13,1.162616731250609560e-13,1.420338434705352823e-13,9.549547850445079117e-14,9.327538394070073800e-14,1.056506886029133253e-13,1.372066594008742016e-13,1.056658615513566464e-13,1.152410203256835495e-13,1.271531637483945983e-13,2.787315669034464934e-04,4.384816131287809463e-13,1.181162155095275676e-13,1.021505632655962945e-13,2.229286798519960885e-13,9.012444792889460802e-14,2.564370202917024583e-13,1.061371635441371705e-13,1.535986946004191422e-13,3.370217457082738735e-13,1.060047891874377965e-12,4.852822778141806351e-12,1.581358916645987373e-13,2.337513800085094161e-13,2.538348916890832778e-13,2.803872456402656274e-13,2.797768324794584099e-13,5.740582680613718268e-13,4.546935156982548486e-11,3.353960520319002159e-13,3.852788186758543196e-13,3.526527084848282164e-13
2.075136554893655039e-13,2.835010830875972523e-13,2.357184328763249646e-13,2.437382600481168445e-13,2.529293201728060119e-13,2.304916132903220848e-13,2.070727777605095409e-13,1.917772244591020640e-13,1.678339979778176377e-13,1.896791333392063562e-13,1.702176018557157711e-13,2.206802369864863974e-13,2.199303735894014569e-13,2.371716487109614278e-13,2.278416189576290909e-13,2.420641882760103984e-13,1.545438187443109614e-13,1.908927785748603341e-13,1.950394958742630789e-13,2.038996305821909581e-13,2.206460845128945375e-13,2.160577038324740647e-13,2.243567723043191776e-13,1.879176844832046018e-13,1.735603340916928725e-13,2.101639002403228420e-13,2.053458680394473772e-13,1.775326778240554796e-13,1.986604116770959672e-13,2.139414154684412304e-13,1.566104074175409063e-13,1.647325598162340210e-13,1.912856933516751987e-13,2.520511139597558358e-13,2.889336620539425271e-12,1.423624918915111953e-13,1.538119752500275146e-13,1.083037794505265514e-13,8.200401003610074936e-12,5.385236026428158741e-13,1.481959583837257215e-13,1.514933372757642826e-13,1.711386203102430016e-13,1.397915251269429667e-13,6.155386566773428426e-13,3.331323275878425682e-13,4.065861523590160994e-13,1.209790174001609902e-13,1.472937387938861814e-13,9.863543608313761967e-14,9.573209604918429180e-14,1.084922195383491111e-13,1.428008998626325551e-13,1.088055433557917615e-13,1.190536976455056100e-13,1.316868961999735089e-13,2.589461313987262881e-04,4.444917388335791806e-13,1.223537751356716931e-13,1.061597569699885112e-13,2.279392498704233560e-13,9.237989962345954855e-14,2.624567769129341594e-13,1.095127030819908998e-13,1.571526567850607598e-13,3.344054269113362827e-13,1.097343725318030323e-12,4.432492349019574861e-12,1.617666044022742865e-13,2.374407018828438646e-13,2.578266001948785614e-13,2.826756815286091060e-13,2.863893868152285509e-13,5.610651466986399607e-13,3.913893131526238083e-11,3.438079035505176079e-13,3.950863895064518045e-13,3.609061028200449999e-13
2.136139425044437022e-13,2.924501825601090252e-13,2.420588859915025081e-13,2.492677101153248282e-13,2.604204689281425972e-13,2.374695819082614432e-13,2.147045068519555080e-13,2.000581189220711190e-13,1.746560884195252994e-13,1.958558266335827032e-13,1.748906821571247758e-13,2.265013018625314826e-13,2.248596323559896557e-13,2.441346077321462244e-13,2.348197805473283238e-13,2.512521567606567982e-13,1.607346456486375126e-13,1.977081795513425391e-13,2.024490197446429335e-13,2.100883188370732856e-13,2.276402602585729598e-13,2.253553187283362738e-13,2.301311324703967461e-13,1.937468623825248673e-13,1.807369552484191345e-13,2.177680412641224027e-13,2.136384607213789273e-13,1.850453291276345195e-13,2.064309905905666140e-13,2.215491127241521052e-13,1.631193943256721357e-13,1.714874189395928192e-13,1.958138691836726223e-13,2.584757020333842947e-13,3.121748966533803518e-12,1.479716624896101339e-13,1.598507312345810267e-13,1.118529232918553190e-13,7.278895904699056822e-12,5.223078869344556612e-13,1.541069960296711133e-13,1.578148132792647845e-13,1.772517191402869357e-13,1.455191520043037435e-13,6.315320892018528522e-13,3.338785078189765697e-13,4.081495596697653677e-13,1.258833192217239399e-13,1.526264898299104214e-13,1.019026551345084915e-13,9.826633688267734086e-14,1.114264310181408508e-13,1.486404839591055006e-13,1.120610389049602344e-13,1.230242067139160672e-13,1.364210882367244544e-13,2.387610012576400558e-04,4.515807796119790524e-13,1.266427435349998071e-13,1.103365651986728581e-13,2.330740565055326251e-13,9.470148758594362214e-14,2.686380054112927938e-13,1.130221081191750029e-13,1.607995370700510834e-13,3.327243465542768784e-13,1.136536922879327583e-12,4.095472170863164905e-12,1.654909352448985224e-13,2.415025148308673017e-13,2.622415969246046989e-13,2.855742560203618556e-13,2.932582760150565520e-13,5.503252903384216474e-13,3.466872261196726218e-11,3.524856815933227435e-13,4.052830662048149548e-13,3.695953637471295760e-13
2.197583751288339212e-13,3.014730990956093667e-13,2.484794166725686427e-13,2.549876161338437524e-13,2.679769681878337398e-13,2.444990432848394169e-13,2.224309207286788490e-13,2.086877441176103960e-13,1.816580705206323567e-13,2.020746024317191460e-13,1.796005972422623388e-13,2.323981091796112136e-13,2.299531772759778223e-13,2.511559058796054164e-13,2.418476567210647019e-13,2.605662200285061953e-13,1.672137147777934535e-13,2.045960780333596715e-13,2.099727726776740213e-13,2.163178283653326110e-13,2.346819778647456710e-13,2.351156428839689813e-13,2.360870324559034784e-13,1.996120918767509436e-13,1.881231804686522099e-13,2.254562642660201003e-13,2.221137284786772480e-13,1.928973724529261266e-13,2.143440583848006823e-13,2.292325843727989656e-13,1.698475312161729546e-13,1.784349160949565140e-13,2.004653448716082320e-13,2.650990058096860480e-13,3.388947083987854883e-12,1.537132993629526320e-13,1.660219798411307397e-13,1.155469308050154965e-13,6.570364110361700389e-12,5.080905837011682353e-13,1.602903265930881670e-13,1.643837456231998661e-13,1.834332224288447759e-13,1.514899554123014797e-13,6.480359860481476132e-13,3.354490315196319966e-13,4.108100527033578839e-13,1.309785592983290710e-13,1.580291178379598456e-13,1.053033564415453075e-13,1.008811006640100472e-13,1.144571702917924454e-13,1.547341754387240709e-13,1.154377242116654331e-13,1.271606269421130383e-13,1.413662993425902485e-13,2.181681030138999029e-04,4.596823386625430312e-13,1.309809248108143852e-13,1.146865125993325526e-13,2.383367130974922795e-13,9.709161858439410828e-14,2.749860020326157486e-13,1.166719918082430767e-13,1.645422675473257574e-13,3.319081135165804031e-13,1.177769217381230447e-12,3.820081146397094756e-12,1.693117651813875631e-13,2.459168595319051467e-13,2.670568680950638818e-13,2.890470167984975263e-13,3.003835723862813468e-13,5.415832878182517630e-13,3.137370795605309491e-11,3.614369025386770267e-13,4.158738311388487304e-13,3.787108236590184325e-13
2.259615891165186067e-13,3.105935043816954533e-13,2.549992961428434990e-13,2.609054883140610012e-13,2.756199428434946234e-13,2.515968806181017407e-13,2.302528270790701721e-13,2.176746537888851234e-13,1.888365161070759931e-13,2.083430811493600897e-13,1.843587544940935931e-13,2.383877931388038949e-13,2.352171482183133957e-13,2.582544700620861560e-13,2.489412390525815126e-13,2.700078382681482111e-13,1.739947310789091747e-13,2.115582345164566188e-13,2.176087795533195018e-13,2.226011521522360438e-13,2.417844172261605770e-13,2.453617590737983988e-13,2.422319146076507100e-13,2.055233470124151067e-13,1.957164513046874521e-13,2.332310399987543029e-13,2.307675558023513379e-13,2.011012279176824301e-13,2.223963098301294058e-13,2.369960262961702371e-13,1.767948402423715773e-13,1.855723311327628180e-13,2.052442549576678957e-13,2.719290008698917500e-13,3.699303678179653497e-12,1.595839467103268072e-13,1.723219806367170145e-13,1.193930641288269815e-13,6.009423491510251630e-12,4.956143492439034366e-13,1.667588122816733003e-13,1.712045324209677683e-13,1.896834266868672559e-13,1.577114303808120618e-13,6.650718602102646829e-13,3.377963747617016673e-13,4.145041062004366629e-13,1.362684917595460860e-13,1.635000471960938906e-13,1.088441080735494641e-13,1.035796977261952809e-13,1.175884860029392470e-13,1.610907822646181236e-13,1.189414458341059098e-13,1.314715273022642896e-13,1.465337097745136989e-13,1.971591997508970033e-04,4.687454788727851191e-13,1.353672085264461414e-13,1.192150993538592237e-13,2.437309630763465360e-13,9.955280882187347367e-14,2.815062850999374284e-13,1.204693591384246529e-13,1.683838971646061745e-13,3.318994432643877396e-13,1.221196136305621755e-12,3.591634830097778480e-12,1.732320855338026431e-13,2.506680489380683835e-13,2.722544160681985664e-13,2.930642339494968450e-13,3.077689448535066034e-13,5.346362711031639506e-13,2.887418138815975252e-11,3.706716311645669520e-13,4.268696126610279487e-13,3.882501638097037602e-13
2.322396216513806392e-13,3.198382542885669369e-13,2.616385369990488872e-13,2.670305778018225488e-13,2.833723729703124291e-13,2.587819160365866037e-13,2.381740290995966648e-13,2.270273177027864769e-13,1.961886542731328750e-13,2.146710617024683805e-13,1.891771607534672928e-13,2.444880348911761286e-13,2.406590818537073305e-13,2.654508414073305257e-13,2.561185761440395663e-13,2.795824578685807264e-13,1.810919408615734515e-13,2.185990124747149839e-13,2.253575297316443016e-13,2.289529899326031354e-13,2.489631413626220311e-13,2.561177972213071239e-13,2.485736204986370845e-13,2.114923481372317545e-13,2.035146219452337637e-13,2.410979387039580226e-13,2.395977377501137046e-13,2.096694856364949228e-13,2.305866881613957617e-13,2.448468152294810367e-13,1.839612633322615104e-13,1.928973366835184051e-13,2.101549091925153689e-13,2.789740789540472248e-13,4.064112729401743174e-12,1.655807467948603292e-13,1.787479048796666910e-13,1.233990192058586078e-13,5.555043584455259820e-12,4.846696013071638407e-13,1.735261901066462300e-13,1.782813529115395374e-13,1.960047530552019811e-13,1.641910213229149148e-13,6.826622961117276265e-13,3.408818612117343760e-13,4.191810795658496254e-13,1.417566604886841739e-13,1.690392420495202471e-13,1.125318470793056161e-13,1.063655282833479597e-13,1.208246408353579642e-13,1.677191586849662113e-13,1.225783177338159962e-13,1.359660009833884897e-13,1.519351578398618246e-13,1.757258879956102870e-04,4.787339097896992612e-13,1.398016450574286402e-13,1.239277667825238342e-13,2.492606800870538113e-13,1.020876899828136078e-13,2.882046018213650261e-13,1.244216342121272320e-13,1.723275963939551544e-13,3.326518165576222494e-13,1.266987617863539128e-12,3.399841353150740397e-12,1.772550117369900466e-13,2.557444362947255658e-13,2.778209932287902747e-13,2.976018381164762582e-13,3.154216880684516514e-13,5.293228469767667806e-13,2.694395886548639987e-11,3.802026261955532969e-13,4.382875604973573163e-13,3.982182629638561700e-13
2.386098976161408750e-13,3.292374172536624250e-13,2.684181623798103448e-13,2.733741159910754124e-13,2.912591758550127777e-13,2.660748925745711938e-13,2.462014841088058166e-13,2.367542740110040178e-13,2.037126983993644091e-13,2.210704460584660477e-13,1.940684456825220221e-13,2.507173136361576428e-13,2.462880948682056771e-13,2.727672304367203788e-13,2.633997346609619687e-13,2.892997906295230073e-13,1.885201550887862238e-13,2.257254495324925904e-13,2.332222305163691177e-13,2.353896890049796877e-13,2.562360190312798296e-13,2.674090431665315365e-13,2.551204170671093911e-13,2.175324814801652285e-13,2.115162983785060535e-13,2.490657316176680776e-13,2.486044415587443457e-13,2.186149570103722960e-13,2.389167350587356489e-13,2.527955574429539348e-13,1.913468681182541331e-13,2.004082997677171215e-13,2.152018017567647722e-13,2.862430781815336952e-13,4.498983073596273732e-12,1.717016757854697101e-13,1.852981047063262294e-13,1.275729646299760665e-13,5.180198511391850639e-12,4.750844495344158338e-13,1.806052029862108996e-13,1.856182535354607848e-13,2.024018260161181452e-13,1.709361428262376418e-13,7.008311152408736524e-13,3.446745549522279251e-13,4.248018278149947920e-13,1.474464319764009965e-13,1.746483176259515224e-13,1.163739031060584216e-13,1.092421794972514309e-13,1.241701255768586506e-13,1.746282211014394295e-13,1.263549223630739982e-13,1.406537047948565521e-13,1.575831769190000887e-13,1.538595944636565282e-04,4.896257828379250439e-13,1.442855011635824181e-13,1.288299305328781591e-13,2.549298747253622373e-13,1.046990160295639053e-13,2.950869422101291348e-13,1.285366910668935588e-13,1.763766633501168947e-13,3.341277265342271861e-13,1.315331203451845392e-12,3.237289351469726132e-12,1.813838110063201843e-13,2.611382887953560111e-13,2.837479666471082831e-13,3.026410850192738648e-13,3.233530115226085103e-13,5.255149592759689361e-13,2.544139393047839856e-11,3.900460780989123036e-13,4.501519426007801294e-13,4.086274744882969077e-13
2.450913235573130782e-13,3.388245168690550498e-13,2.753606073624116088e-13,2.799496494701096683e-13,2.993074601789380808e-13,2.734985891541253376e-13,2.543454566115466144e-13,2.468643523328836957e-13,2.114081971158606904e-13,2.275552158072643371e-13,1.990459563474998083e-13,2.570952692308210264e-13,2.521151415823600416e-13,2.802277203881055956e-13,2.708068862534844116e-13,2.991740962971887640e-13,1.962948299018150809e-13,2.329473295514593393e-13,2.412090468204928106e-13,2.419292821251935894e-13,2.636232523536522626e-13,2.792620976556135978e-13,2.618810763078875636e-13,2.236587902655164003e-13,2.197212264664846954e-13,2.571465050935390738e-13,2.577906804890294244e-13,2.279507820336323601e-13,2.473909306065473404e-13,2.608561579303315497e-13,1.989521011649054472e-13,2.081046177704726836e-13,2.203896463276499147e-13,2.937453492337595129e-13,5.026113734592121292e-12,1.779457899856584100e-13,1.919723904319285584e-13,1.319235840589623350e-13,4.866357500836033270e-12,4.667171636315998723e-13,1.880099714086052456e-13,1.932193009113254982e-13,2.088815461642091107e-13,1.779542250148816572e-13,7.196036867388981043e-13,3.491505631231750767e-13,4.313379560448069937e-13,1.533410526977659927e-13,1.803306383662603168e-13,1.203780276387477644e-13,1.122135062155312344e-13,1.276296812128580054e-13,1.818269849800634528e-13,1.302778928015674749e-13,1.455449027039066111e-13,1.634910930329694805e-13,1.315515727248583035e-04,5.014141045551224028e-13,1.488213049439015156e-13,1.339274813222853830e-13,2.607427440724188129e-13,1.073896741905898604e-13,3.021595936614645777e-13,1.328228895839461311e-13,1.805345453827695461e-13,3.362974003337227510e-13,1.366436567312480275e-12,3.098512499582802210e-12,1.856219135022800303e-13,2.668457783762331953e-13,2.900313267775086320e-13,3.081684230041765462e-13,3.315786553892744656e-13,5.231118734727104095e-13,2.427512464589777297e-11,4.002232137065761303e-13,4.624958584899706962e-13,4.194984276028666550e-13
2.517044098849221617e-13,3.486368542375822765e-13,2.824901586428410858e-13,2.867733758407151214e-13,3.075468350917634385e-13,2.810779739724452765e-13,2.626195958980381178e-13,2.573669035921202338e-13,2.192763374247828643e-13,2.341413987686350803e-13,2.041238672903244506e-13,2.636430919843036614e-13,2.581532668906140370e-13,2.878585142916319052e-13,2.783644296188438272e-13,3.092243625047735179e-13,2.044320733278028490e-13,2.402771987435003926e-13,2.493272595448614601e-13,2.485915492535215394e-13,2.711474217681926630e-13,2.917050176630720819e-13,2.688648260786896497e-13,2.298879736990367325e-13,2.281306375738671911e-13,2.653557011195569845e-13,2.671626908448019249e-13,2.376905006250305307e-13,2.560169479997874219e-13,2.690458407636943909e-13,2.067780343980970695e-13,2.159870261204885087e-13,2.257233400560550180e-13,3.014907159105502497e-13,5.678182389081226533e-12,1.843134309121659990e-13,1.987722495249306019e-13,1.364600859208036191e-13,4.600371292252141766e-12,4.594502235806026538e-13,1.957551485705466724e-13,2.010886940248123384e-13,2.154531098123080679e-13,1.852527521885286713e-13,7.390067763188763321e-13,3.542925350047490458e-13,4.387713974889984942e-13,1.594437039123394182e-13,1.860913659350000189e-13,1.245524110254108993e-13,1.152833452155653294e-13,1.312083016728249944e-13,1.893245949748431192e-13,1.343544773819347177e-13,1.506505017335959342e-13,1.696729054932075750e-13,1.087928998533619338e-04,5.141075467176030543e-13,1.534128535056704775e-13,1.392253496528209727e-13,2.667036092040804011e-13,1.101626839781799343e-13,3.094290712255725389e-13,1.372891007373858749e-13,1.848048163409280849e-13,3.391377653837342047e-13,1.420539487353750621e-12,2.979396520133197665e-12,1.899728823519452275e-13,2.728670148051969877e-13,2.966717539302384041e-13,3.141754286041785662e-13,3.401197898177655767e-13,5.220354133997546469e-13,2.338605729859529694e-11,4.107630982642805643e-13,4.753638325290846650e-13,4.308612852797991519e-13
2.584714447770320062e-13,3.587159588361303023e-13,2.898334662241498481e-13,2.938645205224312664e-13,3.160098138131850443e-13,2.888404277213612600e-13,2.710409655252666521e-13,2.682720357543136649e-13,2.273201978796125678e-13,2.408470564300158328e-13,2.093173218904804848e-13,2.703839730828043340e-13,2.644178883988438073e-13,2.956882609027143703e-13,2.860991760682917361e-13,3.194744220634940636e-13,2.129486402372099530e-13,2.477303492897515409e-13,2.575893659894484404e-13,2.553981281753763616e-13,2.788335884969388197e-13,3.047674283228877675e-13,2.760812966909052722e-13,2.362384174780489635e-13,2.367475462466570404e-13,2.737121337396164113e-13,2.767302188267461427e-13,2.478481482613270798e-13,2.648058399386447477e-13,2.773851593487281551e-13,2.148266081344047420e-13,2.240578786518724927e-13,2.312079144806849743e-13,3.094893868193755334e-13,6.505355689430224338e-12,1.908063953147488579e-13,2.057010105284259160e-13,1.411921541747891912e-13,4.372619603138769321e-12,4.531855921739273926e-13,2.038559453346072235e-13,2.092309130233872535e-13,2.221279994424358791e-13,1.928392935235140814e-13,7.590674512451673938e-13,3.600893479643997547e-13,4.470943111927605264e-13,1.657575583120226249e-13,1.919374709892106751e-13,1.289056913746618534e-13,1.184558361504131307e-13,1.349112326775755860e-13,1.971303422092262489e-13,1.385923412350099128e-13,1.559820647642577747e-13,1.761437446195211477e-13,8.557447321255750878e-05,5.277317830119522927e-13,1.580651957393158612e-13,1.447288762573824737e-13,2.728168244066653536e-13,1.130211899300665416e-13,3.169020063140412072e-13,1.419447159497922806e-13,1.891911431746546648e-13,3.426316418887746209e-13,1.477895732070116612e-12,2.876776115373672667e-12,1.944402347272948915e-13,2.792061495934069811e-13,3.036747773286240793e-13,3.206588283147260700e-13,3.490043357690356170e-13,5.222261776451249832e-13,2.273760734718873033e-11,4.217075866467721326e-13,4.888157395465432796e-13,4.427576489827563453e-13
2.654168145014924075e-13,3.691083625128597638e-13,2.974202571012634686e-13,3.012458842885962805e-13,3.247324573785950242e-13,2.968161576989097800e-13,2.796301607811580508e-13,2.795909313804836578e-13,2.355450495350090935e-13,2.476923770584444933e-13,2.146426606482329137e-13,2.773437214081025232e-13,2.709272080015215655e-13,3.037485835124379120e-13,2.940407203335076703e-13,3.299531941031740607e-13,2.218619328856888040e-13,2.553248814400366245e-13,2.660112125074142198e-13,2.623727567206734401e-13,2.867095522085482439e-13,3.184807065264684346e-13,2.835404664038006317e-13,2.427303340291698494e-13,2.455770864781885801e-13,2.822380918426783478e-13,2.865068452183980114e-13,2.584383827016332439e-13,2.737722457199050182e-13,2.858981051837441378e-13,2.231009068272210573e-13,2.323214449996830922e-13,2.368484887248695841e-13,3.177518903284877743e-13,7.588694185515781970e-12,1.974281123067818562e-13,2.127640174240727876e-13,1.461299940694804380e-13,4.175909597219609577e-12,4.478412377758006617e-13,2.123281222742467110e-13,2.176508914320742224e-13,2.289200113912405286e-13,2.007215656380397794e-13,7.798126598947308536e-13,3.665361318320117910e-13,4.563095871066645778e-13,1.722858600575912174e-13,1.978777581492342304e-13,1.334469654336948611e-13,1.217352810397395605e-13,1.387439710070094982e-13,2.052537107028191368e-13,1.429995537857740685e-13,1.615518344545654469e-13,1.829201475527347395e-13,6.188700795839278696e-05,5.423319919150406824e-13,1.627846285750843850e-13,1.504433709293454959e-13,2.790867017176121568e-13,1.159684556928083091e-13,3.245850585825876392e-13,1.467996645356772982e-13,1.936972548622095453e-13,3.467672780776448082e-13,1.538781329918676426e-12,2.788185255643661207e-12,1.990274689491850955e-13,2.858716602869792686e-13,3.110511629572247268e-13,3.276207379179174475e-13,3.582690438710441304e-13,5.236409801826138310e-13,2.231021636345702873e-11,4.331203737799517030e-13,5.029331409429118578e-13,4.552436705034422400e-13
2.725671951778277517e-13,3.798662019042342962e-13,3.052839288803906184e-13,3.089442265971861111e-13,3.337548662956598534e-13,3.050384628712247667e-13,2.884112098743218125e-13,2.913359411809286096e-13,2.439584526568746596e-13,2.546996304928640808e-13,2.201175539463303456e-13,2.845512651808854546e-13,2.777024780447150482e-13,3.120744588445402929e-13,3.022216601973497519e-13,3.406946534238953282e-13,2.311898642706740766e-13,2.630815889439114456e-13,2.746118970482262440e-13,2.695413820498766550e-13,2.948059547807486301e-13,3.328778402101228349e-13,2.912523236829149298e-13,2.493857852862954504e-13,2.546266485306810381e-13,2.909592358320110634e-13,2.965100358963814761e-13,2.694764018305080044e-13,2.829343412991330834e-13,2.946120153674789915e-13,2.316052669959214602e-13,2.407840073628339876e-13,2.426500207687316513e-13,3.262886439161046128e-13,9.067834304543788129e-12,2.041836688251780573e-13,2.199686371042073467e-13,1.512843360010520143e-13,4.004700187425851213e-12,4.433478173993282384e-13,2.211878332151040115e-13,2.263540549903217223e-13,2.358451251000618564e-13,2.089073687444113419e-13,8.012670945275582740e-13,3.736340843783599460e-13,4.664311266126628261e-13,1.790319133134071152e-13,2.039227563716133005e-13,1.381857356874677488e-13,1.251261194516493651e-13,1.427122280003884301e-13,2.137042871180815017e-13,1.475845571850578770e-13,1.673726633107559932e-13,1.900177865310588535e-13,3.772103869758099457e-05,5.579756865971928913e-13,1.675786005913880720e-13,1.563740371005610025e-13,2.855171712047913099e-13,1.190078189561017308e-13,3.324844466505113962e-13,1.518643550898509298e-13,1.983267773345017801e-13,3.515377138342659830e-13,1.603490951479852177e-12,2.711658625482905248e-12,2.037380205720199568e-13,2.928765220092851506e-13,3.188171920868518431e-13,3.350687057160722472e-13,3.679621286713765194e-13,5.262501802324519361e-13,2.209799549673500460e-11,4.451026126533326337e-13,5.178282818307115298e-13,4.683940294410669620e-13
2.799490678393431122e-13,3.910425580459411631e-13,3.134588068940413676e-13,3.169872137860160946e-13,3.431176728916746703e-13,3.135406073190784770e-13,2.974083535747933930e-13,3.035172864590626213e-13,2.525680058568394629e-13,2.618907845694096141e-13,2.257594073327655882e-13,2.920362997589276620e-13,2.847654778489974583e-13,3.207011109356470445e-13,3.106745219183621700e-13,3.517334534296666451e-13,2.409486366419496767e-13,2.710212681288514944e-13,2.834108194309790334e-13,2.769296564071418152e-13,3.031532476649751877e-13,3.479886965639657206e-13,2.992232289567375344e-13,2.562264418546204140e-13,2.639035271218730965e-13,2.999013763989291752e-13,3.067578268537005992e-13,2.809749335378329226e-13,2.923107222417678711e-13,3.035542746972719877e-13,2.403432780216286140e-13,2.494516974760676644e-13,2.486147829360112044e-13,3.351053856026249208e-13,1.119933580628660680e-11,2.110782286002968817e-13,2.273224316982017107e-13,1.566654516877305479e-13,3.854029912103224156e-12,4.396389174835145023e-13,2.304495663794393513e-13,2.353443945270238989e-13,2.429193046307694569e-13,2.174027761909181903e-13,8.234245499109338329e-13,3.813851083795474628e-13,4.774761957586232591e-13,1.859977935839361752e-13,2.100830499047187224e-13,1.431310492178969113e-13,1.286322506798779557e-13,1.468208983738502473e-13,2.224898129104860434e-13,1.523552299145401683e-13,1.734567719549224942e-13,1.974523919447676755e-13,1.306697077348230158e-05,5.747448490269851891e-13,1.724545732884134192e-13,1.625249047168500202e-13,2.921083288511472443e-13,1.221420483170639807e-13,3.406012401654351245e-13,1.571486646903193595e-13,2.030815421752866769e-13,3.569356246573955536e-13,1.672221804581639258e-12,2.645340498619726768e-12,2.085734513154180734e-13,3.002352578310788279e-13,3.269912329536819772e-13,3.430116241639060908e-13,3.781419599165010475e-13,5.300252767025893415e-13,2.209161818165999228e-11,4.578138794674246329e-13,5.336477247046530544e-13,4.822992999608968082e-13
2.865530434840515031e-13,4.006642335815057444e-13,3.206831240579006443e-13,3.240783453307647906e-13,3.513044219771525198e-13,3.210552835394519095e-13,3.054682942177180637e-13,3.148915557824850039e-13,2.605251384966386602e-13,2.683789047749072396e-13,2.309133222972392224e-13,2.987041875686967072e-13,2.910700421001185110e-13,3.283040022755968987e-13,3.181545389103171016e-13,3.614547147366738933e-13,2.503615917983178991e-13,2.781882741686429563e-13,2.913563868053520759e-13,2.835488263035337191e-13,3.105646511285212373e-13,3.621833251597059162e-13,3.062720552101182961e-13,2.624052038612838911e-13,2.724780063907506845e-13,3.078938471203104606e-13,3.160079949464673156e-13,2.918692650785392918e-13,3.007785956787118037e-13,3.115274106167659239e-13,2.485388094966867181e-13,2.574941957536185932e-13,2.539291733134787336e-13,3.427200446344190500e-13,1.227713506534058862e-11,2.175204351363870528e-13,2.341416170562091343e-13,1.619526822905934776e-13,3.553351463901607905e-12,4.342677432100057894e-13,2.394029972947656690e-13,2.438742540061450410e-13,2.493741098139613109e-13,2.255705628538900589e-13,8.373395897507438143e-13,3.878922061072290882e-13,4.864742551505742544e-13,1.927163301587182614e-13,2.157821715691142813e-13,1.480156045239661774e-13,1.320374993102077880e-13,1.507879213303513657e-13,2.309437124113110779e-13,1.570083130081172893e-13,1.794102428784176804e-13,2.047104409507136703e-13,9.418169024766620974e-11,5.883593250002715633e-13,1.770250333858912752e-13,1.685409884756605133e-13,2.977378259494598166e-13,1.251761103962824545e-13,3.474073733127463602e-13,1.623300108980465869e-13,2.074193482512109049e-13,3.613054616960511348e-13,1.707597876455634414e-12,2.505931587484036902e-12,2.129620909011109382e-13,3.067773615021266731e-13,3.341853414101570192e-13,3.499147359739135447e-13,3.869918057703666955e-13,5.313663020013221647e-13,1.740677395122840361e-11,4.687470862802272022e-13,5.468112074421327181e-13,4.939892558221692758e-13
2.921813317211151381e-13,4.083327388056845060e-13,3.267114508941502912e-13,3.299664496370119295e-13,3.580147222948539434e-13,3.273313433081148539e-13,3.123423812774470294e-13,3.251016826250131429e-13,2.676197215378737825e-13,2.739852803525906519e-13,2.354538111974243420e-13,3.043432964767693618e-13,2.964148182158191409e-13,3.346220292537750880e-13,3.244144679958465338e-13,3.695052673680477712e-13,2.592025207841336436e-13,2.843805095416979336e-13,2.982152652379080580e-13,2.892037952913880520e-13,3.168024470283369117e-13,3.749678638308584249e-13,3.121577569667155208e-13,2.677543665192140904e-13,2.801135482940390771e-13,3.146876406059602008e-13,3.239671418324697776e-13,3.018459716990114362e-13,3.080817288256459338e-13,3.182794769573240335e-13,2.559843963093232681e-13,2.647012067099281348e-13,2.584365280223813107e-13,3.488363076443519076e-13,1.141673141908185914e-11,2.233673952854249279e-13,2.402641094877450380e-13,1.670664035297452269e-13,3.160271878145278039e-12,4.271921700210261808e-13,2.478418555315592496e-13,2.517329999162571454e-13,2.550463943915451545e-13,2.332265790972915892e-13,8.415334280513621540e-13,3.928242937608383592e-13,4.928834463392364568e-13,1.990554146197169014e-13,2.208954955621600852e-13,1.527726935401244314e-13,1.352959130997839994e-13,1.545522561151799329e-13,2.388722962028652491e-13,1.614734185384617578e-13,1.851334838139656904e-13,2.116537177423826776e-13,2.929000409461517916e-11,5.979490011818812734e-13,1.812079470306758745e-13,1.743209267117567122e-13,3.022021351148894148e-13,1.280699587224889492e-13,3.526199031237451034e-13,1.673295934738963836e-13,2.112360319206473320e-13,3.643996311481024269e-13,1.702692948718202836e-12,2.310995207896623782e-12,2.167951437176376378e-13,3.122748431804449613e-13,3.401278809300603063e-13,3.554880004450092245e-13,3.941519995787007532e-13,5.299344558810987446e-13,1.209596250062953081e-11,4.774044202330531417e-13,5.565907984083936435e-13,5.028619780754608184e-13
2.979396719438976757e-13,4.162049618696138752e-13,3.329230803391975270e-13,3.360592755673583247e-13,3.649069754732302887e-13,3.337559555561419511e-13,3.192861119483526468e-13,3.354395926737774388e-13,2.747530535347592050e-13,2.796816551992098321e-13,2.400993776586188708e-13,3.101505098674857242e-13,3.019360138821533160e-13,3.411043700677650843e-13,3.308169579086304725e-13,3.776410133804458875e-13,2.682889052012426577e-13,2.906405398388596128e-13,3.051276177628265536e-13,2.949780210584667027e-13,3.231660126823370275e-13,3.880445016440701402e-13,3.181458537365455136e-13,2.732028158677880079e-13,2.877928703489988593e-13,3.215590783919748328e-13,3.319694624097657638e-13,3.120112216124905156e-13,3.154325284337344051e-13,3.251175912046333388e-13,2.634914487646059067e-13,2.719505748462641575e-13,2.630093759820917401e-13,3.550410873093072942e-13,1.067729040287287124e-11,2.292487381815097202e-13,2.464213784954654005e-13,1.723581572331407416e-13,2.853503280189087130e-12,4.210447985397216154e-13,2.565136841685658204e-13,2.596956906878378884e-13,2.607740599762410844e-13,2.410317369849092478e-13,8.456511763575681833e-13,3.981999815935492008e-13,4.998729037807219137e-13,2.054978431449982118e-13,2.260498231387682254e-13,1.576960689921724492e-13,1.386431455453005030e-13,1.584206914069493632e-13,2.469683853635661382e-13,1.660824377542871834e-13,1.910568798784705396e-13,2.188378201519096376e-13,1.757210190983959662e-11,6.081227209965068193e-13,1.854260396524900394e-13,1.802340389183314560e-13,3.067054258250357159e-13,1.310355798604329900e-13,3.578771824744323592e-13,1.725010976160482595e-13,2.151137525340520779e-13,3.679810300912978811e-13,1.697774983210759943e-12,2.150652749526216857e-12,2.206861847392889083e-13,3.179857404624208475e-13,3.463110682991889659e-13,3.613693807162208660e-13,4.016036211724389086e-13,5.296042409409018203e-13,9.348901545693664980e-12,4.865519061685213683e-13,5.669028155603270852e-13,5.121494083430051018e-13
3.038313071488970057e-13,4.242837019093343991e-13,3.393156970088774979e-13,3.423520105924706173e-13,3.719824719819725775e-13,3.403327252978944591e-13,3.263098935568959272e-13,3.459016593961498723e-13,2.819300884989298854e-13,2.854747218879210558e-13,2.448521546841833951e-13,3.161238633801168176e-13,3.076302828440840060e-13,3.477528924077833983e-13,3.373662101637334134e-13,3.858749633355989198e-13,2.776212999599864765e-13,2.969773246148317927e-13,3.121034068973980766e-13,3.008759792464761941e-13,3.296611411688585128e-13,4.014099418015685657e-13,3.242417319259320002e-13,2.787558601546521075e-13,2.955199624366236626e-13,3.285182973238297190e-13,3.400250802399578491e-13,3.223606147376841078e-13,3.228411612053461506e-13,3.320515851008733932e-13,2.710600922215819828e-13,2.792459557745564706e-13,2.676508908750302689e-13,3.613399136004685895e-13,1.003891258399942937e-11,2.351684827812630057e-13,2.526188695864853254e-13,1.778349772416993496e-13,2.607782647735621282e-12,4.157460196125398014e-13,2.654188794085047662e-13,2.677591799268436229e-13,2.665650283549376328e-13,2.489826007308527461e-13,8.497205563575074851e-13,4.039926091020798449e-13,5.074023054773377360e-13,2.120405764343678378e-13,2.312516276973374047e-13,1.627919552303893025e-13,1.420826471973917754e-13,1.623979894517757149e-13,2.552288538729626787e-13,1.708414616413721285e-13,1.971883797274613605e-13,2.262704068111709965e-13,1.266085228016885113e-11,6.188347343815614105e-13,1.896842549016962971e-13,1.862784769389963944e-13,3.112509050921254928e-13,1.340755899075290118e-13,3.631836346801240787e-13,1.778515859709637080e-13,2.190549813453622605e-13,3.720215980555746239e-13,1.692957514496664017e-12,2.016815464397458307e-12,2.246376353960943740e-13,3.239018931567337315e-13,3.527247322242651196e-13,3.675431897453075459e-13,4.093227463279837919e-13,5.302956805071494040e-13,7.671610727544507203e-12,4.960788637255708614e-13,5.776746594864430642e-13,5.218149740385158503e-13
3.098570782337066826e-13,4.325673816306718566e-13,3.458850031256540065e-13,3.488381743064087662e-13,3.792393507372295031e-13,3.470622522825011228e-13,3.334208385459938011e-13,3.564817557258079271e-13,2.891542204909724946e-13,2.913686499845467350e-13,2.497127686285142454e-13,3.222596992093616567e-13,3.134928554581514127e-13,3.545666144678350468e-13,3.440633872845396319e-13,3.942155318429139710e-13,2.871975700952923767e-13,3.033970615615951195e-13,3.191497395466186708e-13,3.068996153177067596e-13,3.362905058556049523e-13,4.150558424880344706e-13,3.304476121930755077e-13,2.844164933979788200e-13,3.032972302091902474e-13,3.355720689021436124e-13,3.481411772329009993e-13,3.328868907043539349e-13,3.303148987439307175e-13,3.390878207462542735e-13,2.786892487509304848e-13,2.865895824620040310e-13,2.723620454673404780e-13,3.677343150463815639e-13,9.482790045060945613e-12,2.411296009539702498e-13,2.588606689227863896e-13,1.835031303609365091e-13,2.406667785829701632e-12,4.112228637146787576e-13,2.745553363281412717e-13,2.759189230775628721e-13,2.724250319697182599e-13,2.570739933587963973e-13,8.537451699609870755e-13,4.101744991131030771e-13,5.154302480573781442e-13,2.186795426680493465e-13,2.365058538728561912e-13,1.680658818208668606e-13,1.456173760367392667e-13,1.664870505250520294e-13,2.636485873044436635e-13,1.757558297939442873e-13,2.035349255079414610e-13,2.339575746721066536e-13,9.959004951464916977e-12,6.300386645884255083e-13,1.939865137606023222e-13,1.924512013771389320e-13,3.158387361100563407e-13,1.371921333188045235e-13,3.685395423288947229e-13,1.833873689204965300e-13,2.230607276053706089e-13,3.764924270880655211e-13,1.688252580518063375e-12,1.903649460286701328e-12,2.286503786428380414e-13,3.300141053027209534e-13,3.593575514655136243e-13,3.739926208221995177e-13,4.172880019133707293e-13,5.319311509525618808e-13,6.541460384134818534e-12,5.059159782959775155e-13,5.888477292539517523e-13,5.318248555767374097e-13
3.160178299919280216e-13,4.410547074776758928e-13,3.526275549180997541e-13,3.555124405608596379e-13,3.866761328079592544e-13,3.539451558057142977e-13,3.406255261913183775e-13,3.671743203915805259e-13,2.964291985395707472e-13,2.973672362693660774e-13,2.546818966271150798e-13,3.285551175963223290e-13,3.195198389645973318e-13,3.615448119499091847e-13,3.509095925999605899e-13,4.026703993112786061e-13,2.970147365274093480e-13,3.099054848330978715e-13,3.262733465079143649e-13,3.130507294452695998e-13,3.430565283068531833e-13,4.289729581005688590e-13,3.367653919939217669e-13,2.901874514512364240e-13,3.111275752050025801e-13,3.427266054808625405e-13,3.563248263673390429e-13,3.435826302571350102e-13,3.378607394662555294e-13,3.462320932126763452e-13,2.863784632094165875e-13,2.939841592495892443e-13,2.771435685879214803e-13,3.742253820309882211e-13,8.994226432775709897e-12,2.471353377423221460e-13,2.651510276125071086e-13,1.893688801896695555e-13,2.239126228966472213e-12,4.074125663471237720e-13,2.839201643934216312e-13,2.841707956080264242e-13,2.783594491303998480e-13,2.653006199319242118e-13,8.577260436263100025e-13,4.167211152295171976e-13,5.239206002123075325e-13,2.254108268554065212e-13,2.418172644147509657e-13,1.735233356728272546e-13,1.492503204008759769e-13,1.706916203252151040e-13,2.722221935427271172e-13,1.808311807261679077e-13,2.101034220600410095e-13,2.419050532260561849e-13,8.249212543140523995e-12,6.416961927879808758e-13,1.983366152061446025e-13,1.987489007019854409e-13,3.204687347411052955e-13,1.403873595347724404e-13,3.739447202331352601e-13,1.891147984286615087e-13,2.271318437135476252e-13,3.813673624912177812e-13,1.683661442740165087e-12,1.806919252021695767e-12,2.327251195355600268e-13,3.363147228280564661e-13,3.662000974159732429e-13,3.807031232728670456e-13,4.254834094273183353e-13,5.344419184942937437e-13,5.728731329035658631e-12,5.160226990410359450e-13,6.003800475862138077e-13,5.421530693438959106e-13
3.223145977478556791e-13,4.497449821209051736e-13,3.595408414587599714e-13,3.623706677262537101e-13,3.942919354139258590e-13,3.609823056056293938e-13,3.479302485921384517e-13,3.779746931236509414e-13,3.037592167131716072e-13,3.034741124757210267e-13,2.597603822193729940e-13,3.350080440403618873e-13,3.257082574400530299e-13,3.686872202375966125e-13,3.579061092110040850e-13,4.112468650002249880e-13,3.070691873629741375e-13,3.165080740887958620e-13,3.334807760888515574e-13,3.193311811674371247e-13,3.499616328661778206e-13,4.431516591603135454e-13,3.431968987780662410e-13,2.960714033508395648e-13,3.190145004397321655e-13,3.499878208000318015e-13,3.645831693346297485e-13,3.544406189269443596e-13,3.454855927836689242e-13,3.534899049546009181e-13,2.941280326695497254e-13,3.014329545987024825e-13,2.819961188543121918e-13,3.808140832277476504e-13,8.561757815330959823e-12,2.531892679500422695e-13,2.714944337705203215e-13,1.954385434127053829e-13,2.097488463391602253e-12,4.042612472095216028e-13,2.935098845979793602e-13,2.925113062120652865e-13,2.843734612942779399e-13,2.736572999520177928e-13,8.616635535115850779e-13,4.236110650274700080e-13,5.328423766820626246e-13,2.322308358935677823e-13,2.471905369221301167e-13,1.791698033221385065e-13,1.529845002845418438e-13,1.750155120742548542e-13,2.809442445139946348e-13,1.860737343341297539e-13,2.169008058763198210e-13,2.501182772190545307e-13,7.069935894902848159e-12,6.537764148685339573e-13,2.027382985323544323e-13,2.051681273486147122e-13,3.251406098772117374e-13,1.436634668638504876e-13,3.793988426531368164e-13,1.950403309086195060e-13,2.312691410093993647e-13,3.866230138962792026e-13,1.679182666089030496e-12,1.723481668467343536e-12,2.368625111819362613e-13,3.427976184115298022e-13,3.732447998145242125e-13,3.876624015260118728e-13,4.338974351994686801e-13,5.377672368028770399e-13,5.116618706252678161e-12,5.263761447815540209e-13,6.122422821796315849e-13,5.527802319719617902e-13
3.287486292651251955e-13,4.586381040960980920e-13,3.666231873422982274e-13,3.694097607320395757e-13,4.020864509242878266e-13,3.681748461779174760e-13,3.553410699192747152e-13,3.888792219184386044e-13,3.111488703260984435e-13,3.096928036018873630e-13,2.649492445959094726e-13,3.416171434502484863e-13,3.320559517890428142e-13,3.759940274841815025e-13,3.650544339273161398e-13,4.199519364758715918e-13,3.173567761519672731e-13,3.232101077302680333e-13,3.407784225920885334e-13,3.257429289492359600e-13,3.570083021998845556e-13,4.575821895330223413e-13,3.497439491232337269e-13,3.020709996819360449e-13,3.269620653953720903e-13,3.573613986829455040e-13,3.729234040625508975e-13,3.654540282806464982e-13,3.531962893841296508e-13,3.608665412436375743e-13,3.019389973022728655e-13,3.089397579586588418e-13,2.869203242777872531e-13,3.875013373993687927e-13,8.176348921139751016e-12,2.592952600599537175e-13,2.778955801864278201e-13,2.017184911554181677e-13,1.976258692806415280e-12,4.017225353720611927e-13,3.033205230533498446e-13,3.009376727458900166e-13,2.904720873601915996e-13,2.821390911047050063e-13,8.655578631298174362e-13,4.308258333597616235e-13,5.421692121854018175e-13,2.391363782113369343e-13,2.526302716544919052e-13,1.850107665333680807e-13,1.568231339612974348e-13,1.794623307815032152e-13,2.898094077318732814e-13,1.914889872014672111e-13,2.239340454049549007e-13,2.586023757636455144e-13,6.207609564898836490e-12,6.662547356541878846e-13,2.071952465675735072e-13,2.117053780859861671e-13,3.298540194418626194e-13,1.470227139758976787e-13,3.849015181593821112e-13,2.011705341801000571e-13,2.354734160430031392e-13,3.922385440473493373e-13,1.674813906815059519e-12,1.650956482043506782e-12,2.410631831425442105e-13,3.494580170703627876e-13,3.804857262335763896e-13,3.948601965298601095e-13,4.425220361844463613e-13,5.418532076675369433e-13,4.639431712517260056e-12,5.369641795837778980e-13,6.244144346779435874e-13,5.636922246884344921e-13
3.353213733483111732e-13,4.677345107725963105e-13,3.738736380753412552e-13,3.766275237204876720e-13,4.100598853704424025e-13,3.755241800095043265e-13,3.628638472717028062e-13,3.998853013950933554e-13,3.186030871739474963e-13,3.160267523526575252e-13,2.702496670036666257e-13,3.483817192926278146e-13,3.385614692180202072e-13,3.834658304563735141e-13,3.723562691581388180e-13,4.287923631391416023e-13,3.278729003050942935e-13,3.300166836570569539e-13,3.481725242600626712e-13,3.322880344075368818e-13,3.641990893245135306e-13,4.722548667222159185e-13,3.564083616686931343e-13,3.081888889200787617e-13,3.349748095156851105e-13,3.648528206005543066e-13,3.813527395759023918e-13,3.766165462586747035e-13,3.609995611556060560e-13,3.683671021326932743e-13,3.098130942465666982e-13,3.165088089939408035e-13,2.919167914019935063e-13,3.942880310363610215e-13,7.830794634425137674e-12,2.654574233518475668e-13,2.843593144816212384e-13,2.082151366189130159e-13,1.871395924155079790e-12,3.997563868825389954e-13,3.133476856240601418e-13,3.094478530509519182e-13,2.966601937741388720e-13,2.907413831132399008e-13,8.694090410514622743e-13,4.383494887846532464e-13,5.518788135155879488e-13,2.461247161013287663e-13,2.581409840323919396e-13,1.910516861549379269e-13,1.607696657066663538e-13,1.840359874723429632e-13,2.988125506232073589e-13,1.970827719505843242e-13,2.312101253637109243e-13,2.673621378567787964e-13,5.549794181554376731e-12,6.791118321889602269e-13,2.117110790995167368e-13,2.183571616451991769e-13,3.346085833211872635e-13,1.504674243317333765e-13,3.904523085353446694e-13,2.075120815414050479e-13,2.397454567691960528e-13,3.981954408546752527e-13,1.670552482596880666e-12,1.587508809682731572e-12,2.453277502841285023e-13,3.562923132663206491e-13,3.879183544869153015e-13,4.022880479336939245e-13,4.513518801387965095e-13,5.466517971501238113e-13,4.257382168554432794e-12,5.477811901813719860e-13,6.368833456947861557e-13,5.748790740459416159e-13
3.420344655880753124e-13,4.770351218241997469e-13,3.812918606773965278e-13,3.840225344360960148e-13,4.182129006689461213e-13,3.830319475831108792e-13,3.705042474493979882e-13,4.109913810095734101e-13,3.261270609107762849e-13,3.224793371170465536e-13,2.756629839322300342e-13,3.553016261269920233e-13,3.452239681267469604e-13,3.911035916693108506e-13,3.798135103516857136e-13,4.377746624106434177e-13,3.386125867492800650e-13,3.369327360502135299e-13,3.556691613954713011e-13,3.389686614268633654e-13,3.715366226048584705e-13,4.871602686556566482e-13,3.631919651959525781e-13,3.144277278926483842e-13,3.430576753904007998e-13,3.724673875997681941e-13,3.898783556105922249e-13,3.879224872684989341e-13,3.689020235170458358e-13,3.759965271575952377e-13,3.177527006968514789e-13,3.241447261418478839e-13,2.969861101435640876e-13,4.011750272802934686e-13,7.519283790916623487e-12,2.716800574585873545e-13,2.908905932008582223e-13,2.149349190362472909e-13,1.779862493278654147e-12,3.983281035887369148e-13,3.235866399344102285e-13,3.180405566785852206e-13,3.029425030811352449e-13,2.994599786440836081e-13,8.732171196497062798e-13,4.461684116250902973e-13,5.619524635315118453e-13,2.531936043530065834e-13,2.637270985670797001e-13,1.972979830108209687e-13,1.648275204974152039e-13,1.887405221569824174e-13,3.079488349210809207e-13,2.028612962854523098e-13,2.387360262292812449e-13,2.764019793057782560e-13,5.031642954511844778e-12,6.923327732202495495e-13,2.162893477086504401e-13,2.251200641492678744e-13,3.394038910452922383e-13,1.539999894248233784e-13,3.960507388366577675e-13,2.140717419283714980e-13,2.440860456981330880e-13,4.044773101109448436e-13,1.666395594632715137e-12,1.531701829514166405e-12,2.496568159899842041e-13,3.632979091066735768e-13,3.955393722958797241e-13,4.099390774152377774e-13,4.603837389707398922e-13,5.521200436295701961e-13,3.944958337531689372e-12,5.588255347348323510e-13,6.496408667470761973e-13,5.863340665772712946e-13
3.488897139413759260e-13,4.865412874090735453e-13,3.888780590404135661e-13,3.915940383139403295e-13,4.265465628831866425e-13,3.907000075247181858e-13,3.782677623084245698e-13,4.221969494476923680e-13,3.337261896255906852e-13,3.290538862413307172e-13,2.811906687339351253e-13,3.623771950719340910e-13,3.520431373424911355e-13,3.989086003947654479e-13,3.874282324765647430e-13,4.469051425098934760e-13,3.495705832836411319e-13,3.439630504844247388e-13,3.632742566388941983e-13,3.457870731911298896e-13,3.790236074426946770e-13,5.022894076835853200e-13,3.700966032203646413e-13,3.207901891006732416e-13,3.512159353280453189e-13,3.802102394053283362e-13,3.985073691168735657e-13,3.993668826495340210e-13,3.769101622207449050e-13,3.837596161614953430e-13,3.257607711841092665e-13,3.318524383496185310e-13,3.021288561643771052e-13,4.081631702959777055e-13,7.237079791576632396e-12,2.779676063274285356e-13,2.974944413813219871e-13,2.218842849304647152e-13,1.699330862034583964e-12,3.974075177177105048e-13,3.340324026201706375e-13,3.267152399787029709e-13,3.093236025096568876e-13,3.082911617163436649e-13,8.769821247296894322e-13,4.542710464947745372e-13,5.723745791404357229e-13,2.603413164484614618e-13,2.693929451427417376e-13,2.037550165958598075e-13,1.689999536408861130e-13,1.935801091024878429e-13,3.172138011852458051e-13,2.088309510054483065e-13,2.465187005879486102e-13,2.857259097448818047e-13,4.613123937906024399e-12,7.059062808694535419e-13,2.209335325619110440e-13,2.319908112850968208e-13,3.442395060415723698e-13,1.576228714910605954e-13,4.016963027273987369e-13,2.208563674267376606e-13,2.484959613877180317e-13,4.110696881810677257e-13,1.662340427627991788e-12,1.482394768708084232e-12,2.540509733647340761e-13,3.704730739321198192e-13,4.033465041783698732e-13,4.178077952573387091e-13,4.696160198692312037e-13,5.582194211843722329e-13,3.685046454299210553e-12,5.700980028075570429e-13,6.626825255261426104e-13,5.980530534209302323e-13
3.558890831113737615e-13,4.962547382581578221e-13,3.966328998503107581e-13,3.993418568524187714e-13,4.350622938268190249e-13,3.985304156059559202e-13,3.861597211143484411e-13,4.335024968294728032e-13,3.414060190342041731e-13,3.357536880173325747e-13,2.868343209128395779e-13,3.696091684906855443e-13,3.590191257328021710e-13,4.068824354498091961e-13,3.952026743930147267e-13,4.561899199364763379e-13,3.607414514535202827e-13,3.511122761379911084e-13,3.709935754739812172e-13,3.527456264057788959e-13,3.866628238812672065e-13,5.176338858513756330e-13,3.771241322928114869e-13,3.272789644551023680e-13,3.594551211376196539e-13,3.880863693197371454e-13,4.072468051606009932e-13,4.109455486351550556e-13,3.850303224192136666e-13,3.916610451420350766e-13,3.338407705782302669e-13,3.396371200707324931e-13,3.073455897089048197e-13,4.152532839515265922e-13,6.980284204509802251e-12,2.843246160413342628e-13,3.041759164421340712e-13,2.290696661525235922e-13,1.627987538651775095e-12,3.969683093275158820e-13,3.446798273568524397e-13,3.354720848888214078e-13,3.158079513480754620e-13,3.172317518014653337e-13,8.807040770445978187e-13,4.626476761223792027e-13,5.831323161185075292e-13,2.675666580372878250e-13,2.751427564254004103e-13,2.104280611463153282e-13,1.732905658137682149e-13,1.985590602978931202e-13,3.266034409660723642e-13,2.149983081542220994e-13,2.545650462427786110e-13,2.953374972641437473e-13,4.268183315624766437e-12,7.198241092772219461e-13,2.256470402990809037e-13,2.389663249821324541e-13,3.491149647176937908e-13,1.613386054929491980e-13,4.073884620369980365e-13,2.278728780666117347e-13,2.529759777043237277e-13,4.179598700710273233e-13,1.658384196142070062e-12,1.438670742518797995e-12,2.585108054651523516e-13,3.778168216575427621e-13,4.113383609544146471e-13,4.258899269657206843e-13,4.790484009138160169e-13,5.649153208034563865e-13,3.465736708546326536e-12,5.816008819584989451e-13,6.760065475316232708e-13,6.100339014314960351e-13
3.630346826399150520e-13,5.061775460818316038e-13,4.045574526089589408e-13,4.072663131165743219e-13,4.437618323245582707e-13,4.065254085680943608e-13,3.941853055973248872e-13,4.449094648050167918e-13,3.491721950148743375e-13,3.425820012363020874e-13,2.925956562104046876e-13,3.769986471018246324e-13,3.661524847948595217e-13,4.150269355295418303e-13,4.031392272539849699e-13,4.656349398985817704e-13,3.721196659328217976e-13,3.583849398731758827e-13,3.788327317305459662e-13,3.598467678009361409e-13,3.944571263692729764e-13,5.331860366628041686e-13,3.842764237698616747e-13,3.338967699336594832e-13,3.677809633687004186e-13,3.961006410322662568e-13,4.161035781040411494e-13,4.226551381197410002e-13,3.932687049411097276e-13,3.997053833442444847e-13,3.419966091733178958e-13,3.475041346522706457e-13,3.126368561337417151e-13,4.224461729303952136e-13,6.745659750685700025e-12,2.907556997958525990e-13,3.109400799419202197e-13,2.364974568540021919e-13,1.564398588727187538e-12,3.969874372597618325e-13,3.555236991152691435e-13,3.443119691097350117e-13,3.223998907555468691e-13,3.262791466057447452e-13,8.843830032725636200e-13,4.712902211036790508e-13,5.942152258634415940e-13,2.748689711296443635e-13,2.809806688937521791e-13,2.173222811523430398e-13,1.777030758110288792e-13,2.036818300291256864e-13,3.361142589730613119e-13,2.213701211016435457e-13,2.628818779145980086e-13,3.052398394704467352e-13,3.979132346982503663e-12,7.340805351390786505e-13,2.304332046151703061e-13,2.460437761731753468e-13,3.540297782446043694e-13,1.651498014448707110e-13,4.131266488533196262e-13,2.351282451071016993e-13,2.575268640840567503e-13,4.251367556008149728e-13,1.654524169712429374e-12,1.399784734206165415e-12,2.630368851932161000e-13,3.853288077799628863e-13,4.195143137323978983e-13,4.341822634387552484e-13,4.886815535373211432e-13,5.721766314657022541e-13,3.278484436844645276e-12,5.933373982678859054e-13,6.896131488950265789e-13,6.222760689949464381e-13
3.703287559023846048e-13,5.163120884398333240e-13,4.126531385648258638e-13,4.153681684437012687e-13,4.526472002144842312e-13,4.146873892868185992e-13,4.023495642712412267e-13,4.564201844814671854e-13,3.570304228205115513e-13,3.495420640736538853e-13,2.984764976031142774e-13,3.845470449202571261e-13,3.734441196491475743e-13,4.233441729577581936e-13,4.112404235704021000e-13,4.752459950606494337e-13,3.836997141865670524e-13,3.657854594069592453e-13,3.867971945462600150e-13,3.670930303654189265e-13,4.024094426803334718e-13,5.489390462181210895e-13,3.915553639503389732e-13,3.406463490958678422e-13,3.761993372918315713e-13,4.042578039543487104e-13,4.250844783284897652e-13,4.344931729961762864e-13,4.016313658001769587e-13,4.078971084312607899e-13,3.502325793317543147e-13,3.554589840204716227e-13,3.180031855216924311e-13,4.297426223704748694e-13,6.530496119749132068e-12,2.972655080267149252e-13,3.177919745477239863e-13,2.441739884354944594e-13,1.507415274783315587e-12,3.974446597410111991e-13,3.665588282702594942e-13,3.532364268574023329e-13,3.291036535818099578e-13,3.354313516903176186e-13,8.880189395430588467e-13,4.801920599486601289e-13,6.056149533419279269e-13,2.822481285914478379e-13,2.869107253987083766e-13,2.244427055382643448e-13,1.822413239715271225e-13,2.089530190069867592e-13,3.457433226385011330e-13,2.279533227683094739e-13,2.714758969238817341e-13,3.154355371882215369e-13,3.733538551376065268e-12,7.486719346332345241e-13,2.352952880896207656e-13,2.532206311257292056e-13,3.589834330092406109e-13,1.690591465741547554e-13,4.189102661407199813e-13,2.426294722363385280e-13,2.621493852107676569e-13,4.325907084795495048e-13,1.650757685239307716e-12,1.365125450993462958e-12,2.676297749458427051e-13,3.930092411670860536e-13,4.278743864005008485e-13,4.426825292977660432e-13,4.985169287093242663e-13,5.799753925690470886e-13,3.116999831965998582e-12,6.053113784607301747e-13,7.035040209466832094e-13,6.347802743394603386e-13
3.777736705295520747e-13,5.266610185605874355e-13,4.209216877332240912e-13,4.236485690821533036e-13,4.617206732652049130e-13,4.230189138817980715e-13,4.106574266007616147e-13,4.680378063255899280e-13,3.649864331757736058e-13,3.566371020730760981e-13,3.044787675040404486e-13,3.922560513264131206e-13,3.808952475664130365e-13,4.318364311467321404e-13,4.195089276528363640e-13,4.850287436089191423e-13,3.954761950956518781e-13,3.733181561038550123e-13,3.948922969547134324e-13,3.744870300015175359e-13,4.105227728914686943e-13,5.648870529366926612e-13,3.989628539934670221e-13,3.475304761593914786e-13,3.847162163202038418e-13,4.125625078501809393e-13,4.341961644158929892e-13,4.464580588459064102e-13,4.101242189207991500e-13,4.162406206068637685e-13,3.585532955365473577e-13,3.635072652222877143e-13,3.234450921509479917e-13,4.371433972417882972e-13,6.332507086643238774e-12,3.038587037626098784e-13,3.247366061481969549e-13,2.521055028745960630e-13,1.456106519772226158e-12,3.983221294425316840e-13,3.777801434263206659e-13,3.622476031416459254e-13,3.359233744681959471e-13,3.446869977532095396e-13,8.916119334315315262e-13,4.893478684345791410e-13,6.173249729487452417e-13,2.897045204760470990e-13,2.929368792212654113e-13,2.317942010059830589e-13,1.869092755577023384e-13,2.143773784342933954e-13,3.554882992099091897e-13,2.347550228085122522e-13,2.803536592885405459e-13,3.259266727497218923e-13,3.522407700497104870e-12,7.635964339862349664e-13,2.402364851955073131e-13,2.604946909642026317e-13,3.639753909074206807e-13,1.730694074669455012e-13,4.247386881352659411e-13,2.503835748512012273e-13,2.668443005883065231e-13,4.403134274279493056e-13,1.647082153024533721e-12,1.334186920935792892e-12,2.722900261402804482e-13,4.008588090772002269e-13,4.364191645700140238e-13,4.513892680312009899e-13,5.085565929185524790e-13,5.882865018096362229e-13,2.976550220453906233e-12,6.175270465772712290e-13,7.176819557188615386e-13,6.475482373123134004e-13
3.853719101021034657e-13,5.372272394277102324e-13,4.293651026716033610e-13,4.321090010570541167e-13,4.709847562950068220e-13,4.315226805508178081e-13,4.191137168352830151e-13,4.797662250518356348e-13,3.730459547070615776e-13,3.638703353458548114e-13,3.106044810264575406e-13,4.001275990928600022e-13,3.885073627750298995e-13,4.405061852511519128e-13,4.279475272959906397e-13,4.949887265222156541e-13,4.074439142813374532e-13,3.809872672839187076e-13,4.031232456133980633e-13,3.820314625937482552e-13,4.188001884724617806e-13,5.810252247972883133e-13,4.065008097011108041e-13,3.545519587290009808e-13,3.933376325772893095e-13,4.210193167077564664e-13,4.434451598379891309e-13,4.585490833686777107e-13,4.187530413674196880e-13,4.247402557322241268e-13,3.669636387670855647e-13,3.716546335613441601e-13,3.289630738774032234e-13,4.446492415682161139e-13,6.149750771096265055e-12,3.105399427457423289e-13,3.317789304820254203e-13,2.602981245985760136e-13,1.409709700042685717e-12,3.996040502195025023e-13,3.891827808409797391e-13,3.713482036366872431e-13,3.428631000115132671e-13,3.540453463041326202e-13,8.951620450750203173e-13,4.987534764781233445e-13,6.293403579604380787e-13,2.972390334830569632e-13,2.990629992494792545e-13,2.393814448271619862e-13,1.917110240912398951e-13,2.199598140116120825e-13,3.653474804679784944e-13,2.417825036746065232e-13,2.895215425006091613e-13,3.367147936585773842e-13,3.339071722451092636e-12,7.788536211875594239e-13,2.452599261951682095e-13,2.678641238829442713e-13,3.690050895580551023e-13,1.771834322083505560e-13,4.306112606263444720e-13,2.583975574383925666e-13,2.716123640454246499e-13,4.482978281165107728e-13,1.643495059272093653e-12,1.306547045983884883e-12,2.770181786671530995e-13,4.088786135082412573e-13,4.451497185502690175e-13,4.603017419850453373e-13,5.188031023805732388e-13,5.970874652685007913e-13,2.853506441053287192e-12,6.299889018028195419e-13,7.321505740063155578e-13,6.605824784955120033e-13
3.931260669664159517e-13,5.480138815372976622e-13,4.379856279104609695e-13,4.407512519022759281e-13,4.804421618759705403e-13,4.402015199189879093e-13,4.277231673582214953e-13,4.916100021551174680e-13,3.812146920748500375e-13,3.712449850712470607e-13,3.168557401737481259e-13,4.081638373976157434e-13,3.962822065245866686e-13,4.493560855575611904e-13,4.365591265608936625e-13,5.051313839497112079e-13,4.195979739980500096e-13,3.887969579567859969e-13,4.114951312544204787e-13,3.897291014596022788e-13,4.272448315000697320e-13,5.973498138510924647e-13,4.141711612102334790e-13,3.617136402404172194e-13,4.020696441373710625e-13,4.296327218019574014e-13,4.528378532769800888e-13,4.707664003044565515e-13,4.275234804488339452e-13,4.334002974660456103e-13,3.754687057773859090e-13,3.799067719023910665e-13,3.345576114628245390e-13,4.522608775497644813e-13,5.980567207627593412e-12,3.173138578149865335e-13,3.389238436532109132e-13,2.687578310961746155e-13,1.367594214421898658e-12,4.012763853245945742e-13,4.007621684637654588e-13,3.805414420096004171e-13,3.499267988089282521e-13,3.635062847479145769e-13,8.986693477367311281e-13,5.084057408467447024e-13,6.416575796560721658e-13,3.048530248739446095e-13,3.052928759468045892e-13,2.472088974037049115e-13,1.966507946387036135e-13,2.257053898690937597e-13,3.753197955446395684e-13,2.490432154738214899e-13,2.989857112849820148e-13,3.478009023302529137e-13,3.178482127107750731e-12,7.944443083764780508e-13,2.503686816714421794e-13,2.753274898148980261e-13,3.740719424863220263e-13,1.814041525178868805e-13,4.365273011817107232e-13,2.666783890958996989e-13,2.764543231946869676e-13,4.565379349469034167e-13,1.639993966523189635e-12,1.281851200621228919e-12,2.818147603039000068e-13,4.170701172196696477e-13,4.540675382557669105e-13,4.694198454091142257e-13,5.292594067817785519e-13,6.063581797671489128e-13,2.745039155120639871e-12,6.427016452513736231e-13,7.469141280257479747e-13,6.738861630305489954e-13
4.010388360469948632e-13,5.590242838838218530e-13,4.467857241752208705e-13,4.495773781857389978e-13,4.900957921180933127e-13,4.490583867493953753e-13,4.364904314231153490e-13,5.035742883535555725e-13,3.894983091587110912e-13,3.787642793693791706e-13,3.232347288278145629e-13,4.163671090296038482e-13,4.042217415968683183e-13,4.583889431918510210e-13,4.453467394967122677e-13,5.154620706065694128e-13,4.319338556743058842e-13,3.967513319022481313e-13,4.200129394970482830e-13,3.975827951276610358e-13,4.358599139867792724e-13,6.138581885846774695e-13,4.219758526174242395e-13,3.690184021850556099e-13,4.109183083433397376e-13,4.384071539004897198e-13,4.623805017802851155e-13,4.831110008381218937e-13,4.364410621451305443e-13,4.422249884427833029e-13,3.840737635654233200e-13,3.882693656045513701e-13,3.402291678686654924e-13,4.599790046068096075e-13,5.823529010160983807e-12,3.241850470406959526e-13,3.461761759230312348e-13,2.774904224932591480e-13,1.329234119009234826e-12,4.033266088848932864e-13,4.125141028193309869e-13,3.898309863256066201e-13,3.571183712294691044e-13,3.730703120971508474e-13,9.021339278994503640e-13,5.183024321366139361e-13,6.542743326355849543e-13,3.125482921535530708e-13,3.116302278288592295e-13,2.552807749541574544e-13,2.017329470358098629e-13,2.316193323966787145e-13,3.854048126313984329e-13,2.565447695189485532e-13,3.087520826887482599e-13,3.591854525026244481e-13,3.036746292068057513e-12,8.103703362691093075e-13,2.555657674971449655e-13,2.828837575514467672e-13,3.791753392991006065e-13,1.857345858855971721e-13,4.424860993314258538e-13,2.752329772590818813e-13,2.813709188585443998e-13,4.650287818613014086e-13,1.636576512746444374e-12,1.259799542213606406e-12,2.866802861848893645e-13,4.254350980158363024e-13,4.631744782516361764e-13,4.787440289781239537e-13,5.399287755427958798e-13,6.160807401546551876e-13,2.648910278199958323e-12,6.556701363682354217e-13,7.619773583971482580e-13,6.874629795742696920e-13
4.091130092417305011e-13,5.702619764153847523e-13,4.557680458502277991e-13,4.585896770037757474e-13,4.999487227792141038e-13,4.580963521713997467e-13,4.454200954330308164e-13,5.156647479707564838e-13,3.979024163870884372e-13,3.864314585830954645e-13,3.297437084973625688e-13,4.247399309986447589e-13,4.123281300194360099e-13,4.676077181090012235e-13,4.543134849619512894e-13,5.259860704967132504e-13,4.444474937791841242e-13,4.048544422700415848e-13,4.286815620000047014e-13,4.055954656226278295e-13,4.446487174463463870e-13,6.305488445284011025e-13,4.299168415821585795e-13,3.764691657608782827e-13,4.198896608124521394e-13,4.473469948828014211e-13,4.720792364049337431e-13,4.955846749308525348e-13,4.455112006861326594e-13,4.512185407896214986e-13,3.927842093089188259e-13,3.967480827114922350e-13,3.459781874899521282e-13,4.678042985088988472e-13,5.677401985180916715e-12,3.311580649845949610e-13,3.535406883801085790e-13,2.865014904876536802e-13,1.294187303872949917e-12,4.057434942177815852e-13,4.244348175069945170e-13,3.992209061194717752e-13,3.644416589668859876e-13,3.827385168435463915e-13,9.055558867336871169e-13,5.284421347456337005e-13,6.671893817356086912e-13,3.203270398252374333e-13,3.180787083361075542e-13,2.636010226751987846e-13,2.069619790212788598e-13,2.377070340368957897e-13,3.956027308036094500e-13,2.642949304799256437e-13,3.188262909009709035e-13,3.708683529504174051e-13,2.910814496795665043e-12,8.266344113449446678e-13,2.608541498301868650e-13,2.905323144626472561e-13,3.843146457355550326e-13,1.901778376484008337e-13,4.484869169778575038e-13,2.840681396982706011e-13,2.863628844412145888e-13,4.737663218121475081e-13,1.633240411472292159e-12,1.240137083396215556e-12,2.916152574080308567e-13,4.339756096987730770e-13,4.724727112404170391e-13,4.882752338191590550e-13,5.508147411472845477e-13,6.262392661553130895e-13,2.563326466324966478e-12,6.688993655748372762e-13,7.773453893963736309e-13,7.013170432627471947e-13
4.173514712273880354e-13,5.817306681655439549e-13,4.649354238331672548e-13,4.677906638623534914e-13,5.100041902408319019e-13,4.673185985958407876e-13,4.545166897469853159e-13,5.278874859912236219e-13,4.064325623803885736e-13,3.942497799902834304e-13,3.363850144139576958e-13,4.332849782815151468e-13,4.206037153213266383e-13,4.770155080006594594e-13,4.634625814046886330e-13,5.367086095227637673e-13,4.571353387323912151e-13,4.131103009386276654e-13,4.375058068101733581e-13,4.137701063638367167e-13,4.536145920746677966e-13,6.474213975877184659e-13,4.379960987471708660e-13,3.840688942977167195e-13,4.289896986115195858e-13,4.564565877437205127e-13,4.819400685632043046e-13,5.081899636225471567e-13,4.547392078202734340e-13,4.603851449537768451e-13,4.016055349379338574e-13,4.053485580599445472e-13,3.518050954465992235e-13,4.757374100608712335e-13,5.541113618327256860e-12,3.382374169578739290e-13,3.610220714490352000e-13,2.957963865421736682e-13,1.262079444608579642e-12,4.085169327983237849e-13,4.365210413455586642e-13,4.087156205200441246e-13,3.719004537288085455e-13,3.925125478774345235e-13,9.089353370606924716e-13,5.388241576888347286e-13,6.804024326075607017e-13,3.281918441027179034e-13,3.246419125268324904e-13,2.721732889306919913e-13,2.123425293107089096e-13,2.439740567036596323e-13,4.059143626077062749e-13,2.723016070024894740e-13,3.292136522393011617e-13,3.828489783060441535e-13,2.798263410580834133e-12,8.432399766767540052e-13,2.662367508333311795e-13,2.982729695345420344e-13,3.894892040642749288e-13,1.947371031778752185e-13,4.545289881400195930e-13,2.931905750114712891e-13,2.914309453401154244e-13,4.827473431748639245e-13,1.629983446482996319e-12,1.222645859339499874e-12,2.966201619669839733e-13,4.426939498410616307e-13,4.819646890392700066e-13,4.980148355656896152e-13,5.619210563559765551e-13,6.368197447010728814e-13,2.486834196712704090e-12,6.823944420195702924e-13,7.930236558771411473e-13,7.154528287407237460e-13
4.257571943719071315e-13,5.934342316543504058e-13,4.742908476983146899e-13,4.771830500284169014e-13,5.202655786190549623e-13,4.767284124168691781e-13,4.637846990729807028e-13,5.402489794066411950e-13,4.150942273570329970e-13,4.022225215781986887e-13,3.431610520966440804e-13,4.420050692184910192e-13,4.290510049235085014e-13,4.866155387903287001e-13,4.727973424246575843e-13,5.476348676938203555e-13,4.699944088812017707e-13,4.215228871350413464e-13,4.464904086064191389e-13,4.221097805629584251e-13,4.627609560055122760e-13,6.644765563387771624e-13,4.462156057907574211e-13,3.918205936668521724e-13,4.382243676533669411e-13,4.657402459722808275e-13,4.919688978246399386e-13,5.209301055251294148e-13,4.641303027896477679e-13,4.697289781412947862e-13,4.105432967609791003e-13,4.140763813340645721e-13,3.577102959560746039e-13,4.837789632122489468e-13,5.413727342810913803e-12,3.454275547999411541e-13,3.686249451218870479e-13,3.053801899962737351e-13,1.232591513571654253e-12,4.116377802023759384e-13,4.487700458181932033e-13,4.183198487477403310e-13,3.794985053803293394e-13,4.023945801921643186e-13,9.122724029260026631e-13,5.494484559833695213e-13,6.939140138961792058e-13,3.361456166897326370e-13,3.313233836615077297e-13,2.810009002844182874e-13,2.178793800578927092e-13,2.504261345767533745e-13,4.163411091801615602e-13,2.805728398165705066e-13,3.399191304563482053e-13,3.951261869400209134e-13,2.697143138427240538e-12,8.601910980733554155e-13,2.717164532795739745e-13,3.061059494267245362e-13,3.946983321414429843e-13,1.994161748859667970e-13,4.606115186133522887e-13,3.026068314307345699e-13,2.965758177546393356e-13,4.919693938074892811e-13,1.626803476937058966e-12,1.207138674282884579e-12,3.016954726554571542e-13,4.515926308975425027e-13,4.916531088495473573e-13,5.079645935960238577e-13,5.732516601389748600e-13,6.478098848257769591e-13,2.418243169079378246e-12,6.961605806649456809e-13,8.090178456244489115e-13,7.298751064745843005e-13
4.343332374728125756e-13,6.053766969433270199e-13,4.838374553161361428e-13,4.867697282558687167e-13,5.307364130202903119e-13,4.863291822698459826e-13,4.732285745455381457e-13,5.527560171642387082e-13,4.238928223286502407e-13,4.103529877485813766e-13,3.500742958650485181e-13,4.509031559406999141e-13,4.376726587472310170e-13,4.964111594374839078e-13,4.823211757214317311e-13,5.587699935261259173e-13,4.830223342847374803e-13,4.300961579044581175e-13,4.556400411306781554e-13,4.306176218838061386e-13,4.720912972515193491e-13,6.817160872399601542e-13,4.545773595976182722e-13,3.997273157005480043e-13,4.475995564203509178e-13,4.752022649197491923e-13,5.021715235061705219e-13,5.338089826816058300e-13,4.736896246852536972e-13,4.792542143974667101e-13,4.196030919589163997e-13,4.229370907904418275e-13,3.636941740556021039e-13,4.919295573234763172e-13,5.294421738453628342e-12,3.527328767479835868e-13,3.763538626585225354e-13,3.152576779167635253e-13,1.205449960894208026e-12,4.150977268078161713e-13,4.611796854307160951e-13,4.280385665677933826e-13,3.872395316375492691e-13,4.123872791280618761e-13,9.155672272137981741e-13,5.603155634586345183e-13,7.077253825118529313e-13,3.441915702009429191e-13,3.381266212718832110e-13,2.900868401200786574e-13,2.235774610625477982e-13,2.570691794815043759e-13,4.268849316019444629e-13,2.891167919191050338e-13,3.509473047214256568e-13,4.076983507513799161e-13,2.605866928341837871e-12,8.774923803774158267e-13,2.772961067871940450e-13,3.140318908621061998e-13,3.999413267299811718e-13,2.042179020169669453e-13,4.667336892458645256e-13,3.123232753152312394e-13,3.017982095643460676e-13,5.014307138209345574e-13,1.623698421670289394e-12,1.193454078606341730e-12,3.068416467829613890e-13,4.606743586813162482e-13,5.015408874263239850e-13,5.181266108510711845e-13,5.848106552634788594e-13,6.591989871854379950e-13,2.356569616371923095e-12,7.102031021647648990e-13,8.253338653919812304e-13,7.445889047941885121e-13
4.430827404809942703e-13,6.175622383951925144e-13,4.935785187955411358e-13,4.965537550156783909e-13,5.414203476894936366e-13,4.961243922035321491e-13,4.828527400918836848e-13,5.654156392482669586e-13,4.328336859799312168e-13,4.186445106842069872e-13,3.571272849584881366e-13,4.599823119886488471e-13,4.464714750693784190e-13,5.064058321877234027e-13,4.920375771834504667e-13,5.701191108444689795e-13,4.962173827273498074e-13,4.388340533876741483e-13,4.649593242637220980e-13,4.392968311372028816e-13,4.816091707826458325e-13,6.991427580740511516e-13,4.630833665688077333e-13,4.077921575275942440e-13,4.571210876721006181e-13,4.848469271120475090e-13,5.125536507804149780e-13,5.468310576514580303e-13,4.834222396829648292e-13,4.889650289465877964e-13,4.287905351818026456e-13,4.319361654923691650e-13,3.697570921498941997e-13,5.001897623944447830e-13,5.182473317060087706e-12,3.601577256534588015e-13,3.842133117330354798e-13,3.254332932529244717e-13,1.180418902423673631e-12,4.188891848638763426e-13,4.737484204938536167e-13,4.378769612501389919e-13,3.951272235373772286e-13,4.224937582499022920e-13,9.188199619784289945e-13,5.714265289922447852e-13,7.218384338259807665e-13,3.523331815562248405e-13,3.450550861632677870e-13,2.994337269658320832e-13,2.294418508758967618e-13,2.639092814393553166e-13,4.375483135708775165e-13,2.979417309734670492e-13,3.623023370855250764e-13,4.205633853365683937e-13,2.523130428174681847e-12,8.951488883120664330e-13,2.829785318831952803e-13,3.220518253309753087e-13,4.052174604503691392e-13,2.091458548954921543e-13,4.728946528050097215e-13,3.223460574276011389e-13,3.070988180018742046e-13,5.111301704258274915e-13,1.620666270397781208e-12,1.181452296176116183e-12,3.120591255774145624e-13,4.699420104882445117e-13,5.116311353604926627e-13,5.285032944731692167e-13,5.966022861495551608e-13,6.709778167759643536e-13,2.300993629975732456e-12,7.245274259401978709e-13,8.419778074921350386e-13,7.595994711562805298e-13
4.520089226532639594e-13,6.299951681883970519e-13,5.035174357444577780e-13,5.065383385573135580e-13,5.523211597853346721e-13,5.061176190898047322e-13,4.926616017446286804e-13,5.782350862315675631e-13,4.419220862576043988e-13,4.271004541515099626e-13,3.643226219885448830e-13,4.692457246528388005e-13,4.554503810403788427e-13,5.166031277753830348e-13,5.019501292054948504e-13,5.816873296453625004e-13,5.095784788424832211e-13,4.477405046549558219e-13,4.744528340926926912e-13,4.481506761505034711e-13,4.913181992382487899e-13,7.167602784058871164e-13,4.717356438281223993e-13,4.160182633539075584e-13,4.667947162437663070e-13,4.946785106667516961e-13,5.231209012574797360e-13,5.600013147032290720e-13,4.933331516696992863e-13,4.988656055882570871e-13,4.381112419922074217e-13,4.410790229661686766e-13,3.758993901485997002e-13,5.085601192698243225e-13,5.077242362305257968e-12,3.677063905763822291e-13,3.922077189491078843e-13,3.359111159805225376e-13,1.157293875668628532e-12,4.230051952225568666e-13,4.864753340120745020e-13,4.478403938992162974e-13,4.031652529796369154e-13,4.327175387167026996e-13,9.220307715294170277e-13,5.827828634659560165e-13,7.362556286320933564e-13,3.605741587502423835e-13,3.521122071485581230e-13,3.090437973806718406e-13,2.354777797947912455e-13,2.709527121078676417e-13,4.483342236287506135e-13,3.070560140182219846e-13,3.739879438588892897e-13,4.337187922011860963e-13,2.447851529920627648e-12,9.131660876324627956e-13,2.887665251517288792e-13,3.301671617440792741e-13,4.105259832364853190e-13,2.142037270042902954e-13,4.790935355273763426e-13,3.326810794511246777e-13,3.124783295216181698e-13,5.210672014948582649e-13,1.617705076494318705e-12,1.171011897159688122e-12,3.173483333972228403e-13,4.793986189056908679e-13,5.219271380247394114e-13,5.390973246084532349e-13,6.086309252688617007e-13,6.831384890656903215e-13,2.250826681875329878e-12,7.391390702962151214e-13,8.589559311825109489e-13,7.749122472574548741e-13
4.611150806853213442e-13,6.426799302446859664e-13,5.136577215483246990e-13,5.167268283196261945e-13,5.634427435483315480e-13,5.163125300598558217e-13,5.026595558048663113e-13,5.912217541046129564e-13,4.511632229364857916e-13,4.357242166327612442e-13,3.716629714258775332e-13,4.786966881988840879e-13,4.646124242475921555e-13,5.270067209297902652e-13,5.120624988861996597e-13,5.934797554906232290e-13,5.231052119276449793e-13,4.568194405427844333e-13,4.841251119912119124e-13,4.571824913865744469e-13,5.012220732331358958e-13,7.345732324596177707e-13,4.805362195737078357e-13,4.244088258106999418e-13,4.766261284578067552e-13,5.047012965644713308e-13,5.338788230192153230e-13,5.733252011439499910e-13,5.034273120305496277e-13,5.089601430121518305e-13,4.475708153984735263e-13,4.503710184168144471e-13,3.821213852084495783e-13,5.170411392676593584e-13,4.978161154488500231e-12,3.753831090792153182e-13,4.003414546113848133e-13,3.466948358400936513e-13,1.135896797859513662e-12,4.274393484364497893e-13,4.993601379115232467e-13,4.579343652447536394e-13,4.113572794266223314e-13,4.430625080966289835e-13,9.251998336508237110e-13,5.943864926426487603e-13,7.509799294345411679e-13,3.689184092021842772e-13,3.593013872232679852e-13,3.189188918912241750e-13,2.416906323245598335e-13,2.782059275948465513e-13,4.592460749940346900e-13,3.164680696254806694e-13,3.860073698115980484e-13,4.471617067883631714e-13,2.379124973278487409e-12,9.315497961360841509e-13,2.946628639910297229e-13,3.383796656612583463e-13,4.158661232738559250e-13,2.193950339814115867e-13,4.853294381248788024e-13,3.433339601552537393e-13,3.179374194180037599e-13,5.312417639895481879e-13,1.614812952590609468e-12,1.162027060798646967e-12,3.227096770000804729e-13,4.890473578781754958e-13,5.324323392440579367e-13,5.499116270944477212e-13,6.209010625412036488e-13,6.956743634096903614e-13,2.205486585348159687e-12,7.540436526190125232e-13,8.762746489188241692e-13,7.905328494013477159e-13
4.704045860317276723e-13,6.556210930829119683e-13,5.240030015581973428e-13,5.271227045126679013e-13,5.747891038732438377e-13,5.267128789910563138e-13,5.128509949637572406e-13,6.043831529535082512e-13,4.605622300769388267e-13,4.445192331172664971e-13,3.791510575728763281e-13,4.883385969889497992e-13,4.739607643752969741e-13,5.376203851265123728e-13,5.223784351462433784e-13,6.055014962568326918e-13,5.367978321221553826e-13,4.660747927591018385e-13,4.939806718287683238e-13,4.663956765411800964e-13,5.113245503559401872e-13,7.525870049174768744e-13,4.894871310132315932e-13,4.329670862371741528e-13,4.866209418714794326e-13,5.149195738976983767e-13,5.448328989059828265e-13,5.868085686133562478e-13,5.137096275892094361e-13,5.192528591413008464e-13,4.571748342765956212e-13,4.598174443444115562e-13,3.884233701841415534e-13,5.256333020466031019e-13,4.884724104796054740e-12,3.831920694563854735e-13,4.086188369321563272e-13,3.577877266551279550e-13,1.116071861929706197e-12,4.321857177026832728e-13,5.124031682714143500e-13,4.681644840114934604e-13,4.197069551379749127e-13,4.535328787043058573e-13,9.283273369782732178e-13,6.062397143836262522e-13,7.660147435628895608e-13,3.773700094370806945e-13,3.666260086569380028e-13,3.290604438759837544e-13,2.480859487423357859e-13,2.856755696213989468e-13,4.702876832647539657e-13,3.261863766087210644e-13,3.983633652489746745e-13,4.608889504273020647e-13,2.316187654110156567e-12,9.503061410655038780e-13,3.006703106247318204e-13,3.466914353757654840e-13,4.212370864680880109e-13,2.247235470559493975e-13,4.916014352567286559e-13,3.543100013002543449e-13,3.234767506272007056e-13,5.416542861471197240e-13,1.611988071660613282e-12,1.154405306400720993e-12,3.281435448283019021e-13,4.988915299912601001e-13,5.431503264741949352e-13,5.609493486927698609e-13,6.334172959511839474e-13,7.085799421775074046e-13,2.164477970605938760e-12,7.692468880431325250e-13,8.939405143574833597e-13,8.064670513516222179e-13
4.798808832817753798e-13,6.688233449209465386e-13,5.345570052753063712e-13,5.377295699959976717e-13,5.863643517266729105e-13,5.373225043169047673e-13,5.232403147824234281e-13,6.177268723106393809e-13,4.701241800295723630e-13,4.534889773649038514e-13,3.867896632769802993e-13,4.981749403797567118e-13,4.834986666950183502e-13,5.484479889669000052e-13,5.329017670982627836e-13,6.177576694708750320e-13,5.506572387805361919e-13,4.755105012697361204e-13,5.040240075231862584e-13,4.757936960326249406e-13,5.216294551494615990e-13,7.708077060495517949e-13,4.985904241243239469e-13,4.416963355374440541e-13,4.967847072469036149e-13,5.253376455278889306e-13,5.559885556388533881e-13,6.004576182927590403e-13,5.241849690403138737e-13,5.297479959489478725e-13,4.669288452060122096e-13,4.694235321908218717e-13,3.948056130710917781e-13,5.343370548246907009e-13,4.796479484456383567e-12,3.911374140402070776e-13,4.170441371106632649e-13,3.691926239169098460e-13,1.097682178353563341e-12,4.372388032257293119e-13,5.256053734416797501e-13,4.785364399622162469e-13,4.282179305862511563e-13,4.641331479595495615e-13,9.314134814163813993e-13,6.183451617590248147e-13,7.813638751221473034e-13,3.859331776314493078e-13,3.740894382443528457e-13,3.394694729605446654e-13,2.546694268634269199e-13,2.933684671674816281e-13,4.814632248377062894e-13,3.362194416661384060e-13,4.110581676384021594e-13,4.748970882691433316e-13,2.258391785360476196e-12,9.694415256403000234e-13,3.067916161748846418e-13,3.551048768338965347e-13,4.266380570540104439e-13,2.301931403868531134e-13,4.979085762613634259e-13,3.656141543280812587e-13,3.290969731301745345e-13,5.523056248172023693e-13,1.609228663716076705e-12,1.148065600769722517e-12,3.336503066310134782e-13,5.089345562801108466e-13,5.540848189617390039e-13,5.722138363550429263e-13,6.461843252726521915e-13,7.218507779997170174e-13,2.127376920430719334e-12,7.847545898646150174e-13,9.119602151566119133e-13,8.227207723640867874e-13
4.895474885084323564e-13,6.822914890270993709e-13,5.453235611306691181e-13,5.485511429841508859e-13,5.981726998738630430e-13,5.481453268367694632e-13,5.338319192769003735e-13,6.312605511423762023e-13,4.798540877095801799e-13,4.626369636895382266e-13,3.945816286496911555e-13,5.082092981407600233e-13,4.932294961969979798e-13,5.594934927518566133e-13,5.436364023381530630e-13,6.302534085479289591e-13,5.646849606185700329e-13,4.851305189229519049e-13,5.142595997344492176e-13,4.853800783158659107e-13,5.321406788120386070e-13,7.892420956871933551e-13,5.078481529470250493e-13,4.505999147258922065e-13,5.071229112196613621e-13,5.359598328903259874e-13,5.673511722185707304e-13,6.142788489684652111e-13,5.348581785472616303e-13,5.404498234815735537e-13,4.768383562927701208e-13,4.791944546683842696e-13,4.012683562168570639e-13,5.431528112779837969e-13,4.713022436870298499e-12,3.992232426803198028e-13,4.256215842833660825e-13,3.809119055087992478e-13,1.080607006530480331e-12,4.425934855557770270e-13,5.389682945143783979e-13,4.890559802126903094e-13,4.368938591889999531e-13,4.748680603228812946e-13,9.344584778175382877e-13,6.307057702333973979e-13,7.970314830068105878e-13,3.946122483998867154e-13,3.816950320231267411e-13,3.501465825877298989e-13,2.614469233314911831e-13,3.012916373720741330e-13,4.927771957983718696e-13,3.465757745615222889e-13,4.240934877120684873e-13,4.891824904681259497e-13,2.205183921070422706e-12,9.889626010285249212e-13,3.130295243386691593e-13,3.636226774494150280e-13,4.320681980466295095e-13,2.358077927332933670e-13,5.042498856337427414e-13,3.772509879668832727e-13,3.347987231986855935e-13,5.631970265562649580e-13,1.606533013733773552e-12,1.142936769319907578e-12,3.392303121627317850e-13,5.191799673674827139e-13,5.652396574985032463e-13,5.837086189844458806e-13,6.592069470705433256e-13,7.354833871309881341e-13,2.093818758755298185e-12,8.005726696445693938e-13,9.303405674190615246e-13,8.393000674923192431e-13
4.994079877202508119e-13,6.960304395267714916e-13,5.563065919235730220e-13,5.595912506088283126e-13,6.102184590503027493e-13,5.591853476836833547e-13,5.446302258440267448e-13,6.449918523177745347e-13,4.897569151227630961e-13,4.719667484335774033e-13,4.025298498717948978e-13,5.184453364482364298e-13,5.031567124016553431e-13,5.707609453879535473e-13,5.545863253260879480e-13,6.429938682519777786e-13,5.788831290617737048e-13,4.949388155103061698e-13,5.246919218982586564e-13,4.951584151697508472e-13,5.428621788078395307e-13,8.078975079422582495e-13,5.172623787910938715e-13,4.596812153062189213e-13,5.176409795925790190e-13,5.467904801875535609e-13,5.789260877669939504e-13,6.282790086297819177e-13,5.457340766918762365e-13,5.513626433292379982e-13,4.869088327872961087e-13,4.891353286891065856e-13,4.078118155055800340e-13,5.520809503983665776e-13,4.633989050124647379e-12,4.074536163694441867e-13,4.343553703723800026e-13,3.929474761355647058e-13,1.064739458728482374e-12,4.482449865467092486e-13,5.524940395260493704e-13,4.997288887605962896e-13,4.457384015152021854e-13,4.857425713433206529e-13,9.374625475722856723e-13,6.433247485792127339e-13,8.130220443638947084e-13,4.034116499502560095e-13,3.894461395601146346e-13,3.610919620901893105e-13,2.684244544900473612e-13,3.094522858138110691e-13,5.042343720645111603e-13,3.572638610326230357e-13,4.374705005850889586e-13,5.037413956741099817e-13,2.156088399673379415e-12,1.008876243058643505e-12,3.193867747345631450e-13,3.722477793839866475e-13,4.375266516451000127e-13,2.415715889892662511e-13,5.106243635035815162e-13,3.892246572751969615e-13,3.405826226101314730e-13,5.743300922541931939e-13,1.603899459673063157e-12,1.138956152336813124e-12,3.448838905948924886e-13,5.296313958230941803e-13,5.766187956316714380e-13,5.954373914770309110e-13,6.724900505860159876e-13,7.494751687920311060e-13,2.063488261593582040e-12,8.167071372571187130e-13,9.490885115397910316e-13,8.562111199811142349e-13
5.094660354079140038e-13,7.100452176182913659e-13,5.675101108278765419e-13,5.708538232610873482e-13,6.225060345287927606e-13,5.704466464357550190e-13,5.556396695897703316e-13,6.589284411488841265e-13,4.998375759114001928e-13,4.814819311714034916e-13,4.106372780753722925e-13,5.288868043764744395e-13,5.132838647615039371e-13,5.822544815929231416e-13,5.657555958560190915e-13,6.559842294612421372e-13,5.932544460400483768e-13,5.049393813179575659e-13,5.353254456415854542e-13,5.051323609672997966e-13,5.537979784059839918e-13,8.267817779753553871e-13,5.268351694243243024e-13,4.689436795044971672e-13,5.283442810589253134e-13,5.578339580353012491e-13,5.907186087984351567e-13,6.424650498818393477e-13,5.568174687990839576e-13,5.624907916057057294e-13,4.971456941972521701e-13,4.992512187090634605e-13,4.144361795524896898e-13,5.611218153620499402e-13,4.559051306905626860e-12,4.158325609133978334e-13,4.432496547654948994e-13,4.053007559004908790e-13,1.049984585066394408e-12,4.541888366186493989e-13,5.661852525638860098e-13,5.105609689757324105e-13,4.547552290077353478e-13,4.967618140999525236e-13,9.404259222204905126e-13,6.562055530643773603e-13,8.293403227646849144e-13,4.123358835759665353e-13,3.973461078238032969e-13,3.723053934197627034e-13,2.756081967954870042e-13,3.178578061235627034e-13,5.158397712885490605e-13,3.682921334449710692e-13,4.511898422768045866e-13,5.185699756062953852e-13,2.110694156702716941e-12,1.029189532834562117e-12,3.258661059255877587e-13,3.809833529028839062e-13,4.430125396814190608e-13,2.474887215729158596e-13,5.170309861579148383e-13,4.015388746304510840e-13,3.464492778539350643e-13,5.857067449553029992e-13,1.601326390563810687e-12,1.136068462448912253e-12,3.506113497749356151e-13,5.402925695508707575e-13,5.882262920956673404e-13,6.074040007280214315e-13,6.860386146668111052e-13,7.638243301472435877e-13,2.036111745983023230e-12,8.331641008685715511e-13,9.682111090620114013e-13,8.734602352088005112e-13
5.197253531431409142e-13,7.243409480993120872e-13,5.789382178499442268e-13,5.823428895346479912e-13,6.350399229908324600e-13,5.819333793177487591e-13,5.668647070734481624e-13,6.730779675209558551e-13,5.101009400352380504e-13,4.911861556414633099e-13,4.189069182692686366e-13,5.395375307751610990e-13,5.236145885432006168e-13,5.939783193259381313e-13,5.771483475683762466e-13,6.692297032559127392e-13,6.078021473920202173e-13,5.151362301803328950e-13,5.461646455807472136e-13,5.153056319010083631e-13,5.649521661227937677e-13,8.459031717523920561e-13,5.365685982286108980e-13,4.783908003444169253e-13,5.392381311495330622e-13,5.690946665744249408e-13,6.027340158704630127e-13,6.568440892440523553e-13,5.681131506199127896e-13,5.738386414496427567e-13,5.075543125888878458e-13,5.095471402957258231e-13,4.211416089033553683e-13,5.702757124017495006e-13,4.487912763976399847e-12,4.243640705370697400e-13,4.523085687469133199e-13,4.179726733894409918e-13,1.036257767643979139e-12,4.604208471200509996e-13,5.800450788643977093e-13,5.215580287375821975e-13,4.639480272297278725e-13,5.079310681696163251e-13,9.433488430658593860e-13,6.693518644666667744e-13,8.459913403821029160e-13,4.213895053758122667e-13,4.053982846370698299e-13,3.837862625649633511e-13,2.830044867049446018e-13,3.265157788418982038e-13,5.275986168505967208e-13,3.796689391895288506e-13,4.652516119010335743e-13,5.336643993949845151e-13,2.068644132935166958e-12,1.049909740487184024e-12,3.324702581146739582e-13,3.898327701805478293e-13,4.485249641010890855e-13,2.535634916428969150e-13,5.234687066001783602e-13,4.141968831551754823e-13,3.523992793261743728e-13,5.973292005212944151e-13,1.598812244665444997e-12,1.134224806686698186e-12,3.564129754410041883e-13,5.511673060088879819e-13,6.000663042181002703e-13,6.196124332912854703e-13,6.998577051643923892e-13,7.785298165200058990e-13,2.011450627690832502e-12,8.499497667945265497e-13,9.877155401871717533e-13,8.910538357596872359e-13
5.301897278733209385e-13,7.389228555342057180e-13,5.905950962491389368e-13,5.940625712663893086e-13,6.478247091592613125e-13,5.936497770470481272e-13,5.783098190772079752e-13,6.874480505823270220e-13,5.205518378043290459e-13,5.010831101005924927e-13,4.273418280548473896e-13,5.504014211482453644e-13,5.341526007663375883e-13,6.059367569549057955e-13,5.887687860606801183e-13,6.827355338095504848e-13,6.225299624766706719e-13,5.255334017069748669e-13,5.572140031246166961e-13,5.256820048060863511e-13,5.763288946529849671e-13,8.652703186650067779e-13,5.464647426809577015e-13,4.880261212726402263e-13,5.503277958457366790e-13,5.805770376549188950e-13,6.149775691180124535e-13,6.714233697353196395e-13,5.796259129540103659e-13,5.854106046475675553e-13,5.181400114605074674e-13,5.200280634123849098e-13,4.279282348544974420e-13,5.795429091651779794e-13,4.420304835283897131e-12,4.330521110975452257e-13,4.615362193367805489e-13,4.309636632986773209e-13,1.023483366215728350e-12,4.669370865170678641e-13,5.940771264385852103e-13,5.327258675233094593e-13,4.733204983613036415e-13,5.192557308189485394e-13,9.462315598628603508e-13,6.827675671495682223e-13,8.629803530546558480e-13,4.305771098114985406e-13,4.136060214877862916e-13,3.955335753556659294e-13,2.906198198364152239e-13,3.354341407014768287e-13,5.395163037922393985e-13,3.914025065042438983e-13,4.796553794273874487e-13,5.490208958979735090e-13,2.029626701610765636e-12,1.071044310753963004e-12,3.392019753234287683e-13,3.987995796608388610e-13,4.540630070614812502e-13,2.598003099221626486e-13,5.299364547223652638e-13,4.272014329164751554e-13,3.584332002653952731e-13,6.091999405075792637e-13,1.596355508419657494e-12,1.133381843853924477e-12,3.622890303913579589e-13,5.622595068176304679e-13,6.121430819210189864e-13,6.320668040898324977e-13,7.139524723165336178e-13,7.935912460057273518e-13,1.989296134879054608e-12,8.670704386192546438e-13,1.007609101006463398e-12,9.089984567179362154e-13
5.408630111618260416e-13,7.537962623903672086e-13,6.024850104344404859e-13,6.060170802221953813e-13,6.608650640299470485e-13,6.056001439196245792e-13,5.899795140740184784e-13,7.020462678170811172e-13,5.311950647277896199e-13,5.111765283544595828e-13,4.359451170223486589e-13,5.614824557799959667e-13,5.449016974604501049e-13,6.181341718405641617e-13,6.006211882253455090e-13,6.965070023062584215e-13,6.374420730903192040e-13,5.361349640938091159e-13,5.684780108583559506e-13,5.362653169209954412e-13,5.879323808760463684e-13,8.848921507785541742e-13,5.565256848062013019e-13,4.978532364784321404e-13,5.616184962994553884e-13,5.922855377776898857e-13,6.274545145386842586e-13,6.862102288669969550e-13,5.913605468925279382e-13,5.972111340726541622e-13,5.289080663536661574e-13,5.306989166963691666e-13,4.347961594682064827e-13,5.889236346831050443e-13,4.355983605322125138e-12,4.419006238142155110e-13,4.709366936250811069e-13,4.442736698080100291e-13,1.011593573661697477e-12,4.737338602795879847e-13,6.082854272119970890e-13,5.440702666920793227e-13,4.828763641136585053e-13,5.307412917806182245e-13,9.490743324788454525e-13,6.964567313565055363e-13,8.803128298012696257e-13,4.399033159305482895e-13,4.219726766006712233e-13,4.075459783899779145e-13,2.984608498841688734e-13,3.446208132553179481e-13,5.515983682868154699e-13,4.035009092351013292e-13,4.944002000541642833e-13,5.646358148038089880e-13,1.993368675676373288e-12,1.092600852672039044e-12,3.460640077971047500e-13,4.078874821187789033e-13,4.596257323512418376e-13,2.662036978619210131e-13,5.364331388323635628e-13,4.405547609632572529e-13,3.645515964372068954e-13,6.213216881752663352e-13,1.593954713148413455e-12,1.133501055795786533e-12,3.682397537247307968e-13,5.735731537553132941e-13,6.244609630827645916e-13,6.447713473006191180e-13,7.283281496730695148e-13,8.090088499239088203e-13,1.969464948991974200e-12,8.845325179115140219e-13,1.027899203087093819e-12,9.273007434429178027e-13
5.517491176742023812e-13,7.689665858413358132e-13,6.146123031146404111e-13,6.182107141221133542e-13,6.741657420760153596e-13,6.177888558973923344e-13,6.018783301767395187e-13,7.168801450165750291e-13,5.420353852234985290e-13,5.214701897776090057e-13,4.447199455770714430e-13,5.727846871770423030e-13,5.558657503605268553e-13,6.305750179555621660e-13,6.127099005476021122e-13,7.105494289297667741e-13,6.525430698192071962e-13,5.469450156509597159e-13,5.799611754109122246e-13,5.470594647381657389e-13,5.997669047598567541e-13,9.047778445448360282e-13,5.667535099853537636e-13,5.078757903475794011e-13,5.731154124139934746e-13,6.042246695574034969e-13,6.401700884699118163e-13,7.012120688035294309e-13,6.033218474209023021e-13,6.092447246848807780e-13,5.398637051077443561e-13,5.415645907272283874e-13,4.417454546758080588e-13,5.984180780956154892e-13,4.294727058349023649e-12,4.509135281373980775e-13,4.805140620358033067e-13,4.579021544792637225e-13,1.000527440198170377e-12,4.808076924899841361e-13,6.226743957806740022e-13,5.555969805728689101e-13,4.926193675173310631e-13,5.423933096598224239e-13,9.518774300825994669e-13,7.104235963535832601e-13,8.979944334546449723e-13,4.493727547360101823e-13,4.305016170628174748e-13,4.198217835707979262e-13,3.065343864099407585e-13,3.540837707858833348e-13,5.638504586984282856e-13,4.159720286388748010e-13,5.094846337712315767e-13,5.805056826185481579e-13,1.959629570421421982e-12,1.114587129101756776e-12,3.530591136405855382e-13,4.171003073861801150e-13,4.652121858052461122e-13,2.727782881264239141e-13,5.429576461602261801e-13,4.542585748561732747e-13,3.707550052257562005e-13,6.336973856830454014e-13,1.591608433869002881e-12,1.134548111272163440e-12,3.742653600004257142e-13,5.851123044765405554e-13,6.370243688444734200e-13,6.577304073621361523e-13,7.429900521294418644e-13,8.247834161953033672e-13,1.951795576026670579e-12,9.023425033243062012e-13,1.048593371099725885e-12,9.459674480851520060e-13
5.628520231722573236e-13,7.844393338447828387e-13,6.269813920704893510e-13,6.306478523772778162e-13,6.877315779012645484e-13,6.302203581058222328e-13,6.140108360323237100e-13,7.319571473417202140e-13,5.530775354775115896e-13,5.319679186613034730e-13,4.536695234185665326e-13,5.843122372417141062e-13,5.670487033362392806e-13,6.432638229701214094e-13,6.250393367893564853e-13,7.248681735516407523e-13,6.678379071547876758e-13,5.579676854319977517e-13,5.916680192379669998e-13,5.580684022939904975e-13,6.118368075846861301e-13,9.249367658905564258e-13,5.771503049486976706e-13,5.180974763477257559e-13,5.848236856125717861e-13,6.163989721719824686e-13,6.531295207651601919e-13,7.164363290159768421e-13,6.155146158411572870e-13,6.215159135595351866e-13,5.510121079393280801e-13,5.526299405633509166e-13,4.487761608898636938e-13,6.080263867260773384e-13,4.236332665741767982e-12,4.600947239667833712e-13,4.902723807912621632e-13,4.718481088659124119e-13,9.902300386257333740e-13,4.881553087142487228e-13,6.372487870663578771e-13,5.673117284892959367e-13,5.025532739000690877e-13,5.542173901691189171e-13,9.546411293120055971e-13,7.246725545737880017e-13,9.160310026495676021e-13,4.589900577587225864e-13,4.391962202419773757e-13,4.323589960526394048e-13,3.148473916554344235e-13,3.638313075226462737e-13,5.762783085427948889e-13,4.288235128387783150e-13,5.249067700521494819e-13,5.966272530811634492e-13,1.928196864157284640e-12,1.137011046629213578e-12,3.601900599434451782e-13,4.264419920794127147e-13,4.708213952462465436e-13,2.795288244940981243e-13,5.495088428851060171e-13,4.683140401645126937e-13,3.770439443876223923e-13,6.463301725405507445e-13,1.589315288863997044e-12,1.136492307660328864e-12,3.803660383094847419e-13,5.968810881694552825e-13,6.498377987749543258e-13,6.709484303147678969e-13,7.579435734726678912e-13,8.409162358220704528e-13,1.936145308407880262e-12,9.205069887412224353e-13,1.069699240436798681e-12,9.650054252798834358e-13
5.741757631120432343e-13,8.002201026074680239e-13,6.395967679385735568e-13,6.433329529631066930e-13,7.015674840125681391e-13,6.428991631947637975e-13,6.263816321704148690e-13,7.472846731882493822e-13,5.643262266528632945e-13,5.426735840219638161e-13,4.627971084853931556e-13,5.960692952991736788e-13,5.784545697173758477e-13,6.562051863277070914e-13,6.376139765329147320e-13,7.394686371148952208e-13,6.833318599418001100e-13,5.692071342377605347e-13,6.036030827471730126e-13,5.692961401113823341e-13,6.241464909217989215e-13,9.453784216781178415e-13,5.877181573002251288e-13,5.285220363854005985e-13,5.967484221481843284e-13,6.288130223165785874e-13,6.663380383716050624e-13,7.318904631961523448e-13,6.279436625415306282e-13,6.340292804703415443e-13,5.623584084683943265e-13,5.638997887529850897e-13,4.558882865698719641e-13,6.177486654349360745e-13,4.180615297876221982e-12,4.694480940745537788e-13,5.002156945818732886e-13,4.861100726503133758e-13,9.806517498006972001e-13,4.957736202094776805e-13,6.520136553349044427e-13,5.792201888666321611e-13,5.126818721101424092e-13,5.662191673035273871e-13,9.573657147257119366e-13,7.392081378521860528e-13,9.344285366564741407e-13,4.687598475533185221e-13,4.480598753206596540e-13,4.451553459549888951e-13,3.234069767317494673e-13,3.738718845267434951e-13,5.888877126204163938e-13,4.420627353750951867e-13,5.406642582644869808e-13,6.129975529903145736e-13,1.898882057770270177e-12,1.159880648005447493e-12,3.674596239276095274e-13,4.359165592075837306e-13,4.764523714649267365e-13,2.864601618857049669e-13,5.560855752274962533e-13,4.827217728258781424e-13,3.834189114017692788e-13,6.592233661661981793e-13,1.587073937569624407e-12,1.139306079712470240e-12,3.865419513807102507e-13,6.088837020848734352e-13,6.629058270614702631e-13,6.844299565292444595e-13,7.731941849087325876e-13,8.574090536809597194e-13,1.922387672652203858e-12,9.390326625093823309e-13,1.091224555428395863e-12,9.844216289939657448e-13
5.857244308874945444e-13,8.163145734577924276e-13,6.524629916680608568e-13,6.562705490506372824e-13,7.156784481411473983e-13,6.558298492211213611e-13,6.389953514787409917e-13,7.628700486797938812e-13,5.757861473012700504e-13,5.535910988590716549e-13,4.721060056107339932e-13,6.080601158408833378e-13,5.900874293834070643e-13,6.694037768750036900e-13,6.504383632177921027e-13,7.543562619491440511e-13,6.990304800218570921e-13,5.806675548700634067e-13,6.157709255082451728e-13,5.807467436806495719e-13,6.367004150600756686e-13,9.661124147013864970e-13,5.984591544788475510e-13,5.391532596981656351e-13,6.088946956089506241e-13,6.414714343188383664e-13,6.798008677818798956e-13,7.475819182884405168e-13,6.406138087625853542e-13,6.467894476752141382e-13,5.739076944165742945e-13,5.753789276157035288e-13,4.630818074896966690e-13,6.275849755662484289e-13,4.127405395438070901e-12,4.789775059101269344e-13,5.103480385038267079e-13,5.006861562220995803e-13,9.717476463943488216e-13,5.036597082639553062e-13,6.669743134299856724e-13,5.913279939183182478e-13,5.230089750553544823e-13,5.784042861260381496e-13,9.600514784576930912e-13,7.540350042984765946e-13,9.531931810725523096e-13,4.786867291175418955e-13,4.570959842181030081e-13,4.582083224994715459e-13,3.322203966426186914e-13,3.842141219877038554e-13,6.016845049751000990e-13,4.556967519110746976e-13,5.567543424487761420e-13,6.296139210911689448e-13,1.871517382327136973e-12,1.183204104648801078e-12,3.748705936348305856e-13,4.455280989376183095e-13,4.821041088873909481e-13,2.935772658602625900e-13,5.626866702239916188e-13,4.974818361063418976e-13,3.898803826127380223e-13,6.723804433131028927e-13,1.584883079129613346e-12,1.142964563709416025e-12,3.927932338107730911e-13,6.211244079411501656e-13,6.762330985738352166e-13,6.981796135889206100e-13,7.887474331422824597e-13,8.742640217578601908e-13,1.910410266547217311e-12,9.579263058177979552e-13,1.113177167164065847e-12,1.004223108093091198e-12
5.975021758887731272e-13,8.327285093981484099e-13,6.655846918118521714e-13,6.694652455635032774e-13,7.300695303183780105e-13,6.690170572521079337e-13,6.518566590157546132e-13,7.787205227656494945e-13,5.874619651419594668e-13,5.647244190188171061e-13,4.815995649861366054e-13,6.202890160621371986e-13,6.019514257550134354e-13,6.828643302234931507e-13,6.635171018489541779e-13,7.695365312977113047e-13,7.149395537479358914e-13,5.923531718080911744e-13,6.281761267442315308e-13,5.924243316275044412e-13,6.495030970666816179e-13,9.871484023732746539e-13,6.093753825550869720e-13,5.499949814279028106e-13,6.212675487557136006e-13,6.543788596223578331e-13,6.935232365899251346e-13,7.635181155883584684e-13,6.535298875707302824e-13,6.598010791133784361e-13,5.856650080268861544e-13,5.870721209112884964e-13,4.703566659333210931e-13,6.375353337859653727e-13,4.076547365512324133e-12,4.886868128843019213e-13,5.206734393855743693e-13,5.155740674128574097e-13,9.634769597125169649e-13,5.118108083122685806e-13,6.821362928607786610e-13,6.036407248769638058e-13,5.335384197007676388e-13,5.907783871154065657e-13,9.626987196742836546e-13,7.691579257788215861e-13,9.723312143820269883e-13,4.887752821684743776e-13,4.663079620099991819e-13,4.715152100083507031e-13,3.412950441157329160e-13,3.948667896557506910e-13,6.146745386763405357e-13,4.697322555586843571e-13,5.731738999257325701e-13,6.464740397581575119e-13,1.845953032926837433e-12,1.206989709392389194e-12,3.824257682183904459e-13,4.552807506031621732e-13,4.877755861797943423e-13,3.008852116365591561e-13,5.693109364356005683e-13,5.125937423548539550e-13,3.964288123122084725e-13,6.858050222801758609e-13,1.582741451027991841e-12,1.147445208935588657e-12,3.991199955225707228e-13,6.336075282842910854e-13,6.898243248123794989e-13,7.122021093723357358e-13,8.046089381717949911e-13,8.914836546635908184e-13,1.900112916291436999e-12,9.771947905267226614e-13,1.135565030998704243e-12,1.024417000955978931e-12
6.095132008934505068e-13,8.494677514359987993e-13,6.789665617060894950e-13,6.829217156709830055e-13,7.447458597098790678e-13,6.824654887711615661e-13,6.649702512443049004e-13,7.948432627722055698e-13,5.993583282957398194e-13,5.760775417351266662e-13,4.912811804612986119e-13,6.327603735998772963e-13,6.140507627439409644e-13,6.965916459012910920e-13,6.768548564375038967e-13,7.850149681677984830e-13,7.310650607918631607e-13,6.042682403824679617e-13,6.408232851859230273e-13,6.043330736165350423e-13,6.625591085460179542e-13,1.008496058888541303e-12,6.204689250800316085e-13,5.610510809373951336e-13,6.338719947275648590e-13,6.675399857226277624e-13,7.075103742442136932e-13,7.797064337003152409e-13,6.666967441247466590e-13,6.730688790936952789e-13,5.976353461724188247e-13,5.989841049231317022e-13,4.777127699575942049e-13,6.475997109781597560e-13,4.027898171916849450e-12,4.985798551450674453e-13,5.311959165493726819e-13,5.307711419255746244e-13,9.558026168404758952e-13,5.202242934717181792e-13,6.975053051368619189e-13,6.161639076478234619e-13,5.442740665875230789e-13,6.033470919309498487e-13,9.653077441393461631e-13,7.845817758763288834e-13,9.918490352185869074e-13,4.990300541476925814e-13,4.756992368938289272e-13,4.850731250901738531e-13,3.506384421599362334e-13,4.058387958415404422e-13,6.278636673049752566e-13,4.841755312195616397e-13,5.899194830222698821e-13,6.635759592486534886e-13,1.822054832755961528e-12,1.231245869361712046e-12,3.901279577006921384e-13,4.651786860043478881e-13,4.934657668702374072e-13,3.083891826723505873e-13,5.759571647209329708e-13,5.280564596063372843e-13,4.030646318550145098e-13,6.995008457430661198e-13,1.580647827559023065e-12,1.152727430124756090e-12,4.055223196481165991e-13,6.463374427843318532e-13,7.036842800788337590e-13,7.265022252613049179e-13,8.207843906008151377e-13,9.090707871421429393e-13,1.891406097093662230e-12,9.968450766157924374e-13,1.158396202173369217e-12,1.045010530580406090e-12
6.217617595937677383e-13,8.665382143752853333e-13,6.926133563590456015e-13,6.966446968335203390e-13,7.597126316220692175e-13,6.961799026552787570e-13,6.783408546187323863e-13,8.112453501020646598e-13,6.114798645457623074e-13,5.876545038736330881e-13,5.011542876135121530e-13,6.454786240835248829e-13,6.263897014926041461e-13,7.105905842191597971e-13,6.904563470989351996e-13,8.007971334291194163e-13,7.474131343751642193e-13,6.164170453983763055e-13,6.537170182280872633e-13,6.164771879155171026e-13,6.758730730169905722e-13,1.030165039425644765e-12,6.317418617991669416e-13,5.723254797139731234e-13,6.467130175140387888e-13,6.809595344904387416e-13,7.217675119244428841e-13,7.961541929559653717e-13,6.801192351678314088e-13,6.865975904022622786e-13,6.098236600001628643e-13,6.111195888576591420e-13,4.851499926714978493e-13,6.577780311452799893e-13,3.981326087342697272e-12,5.086604599631552414e-13,5.419194819490242445e-13,5.462743768081775956e-13,9.486908373676007647e-13,5.288976571325253349e-13,7.130872044613357704e-13,6.289030086374348916e-13,5.552197988278293511e-13,6.161159903160129142e-13,9.678788638356808684e-13,8.003115181048981961e-13,1.011753149643379139e-12,5.094555537365436437e-13,4.852732496603388289e-13,4.988790541926253654e-13,3.602582351945572752e-13,4.171391745025646656e-13,6.412577278660632232e-13,4.990324092157245379e-13,6.069873630038795275e-13,6.809181142826445097e-13,1.799702251522378037e-12,1.255981098030147621e-12,3.979799827764746553e-13,4.752260931142981206e-13,4.991736005779304959e-13,3.160944687009423674e-13,5.826241290276083928e-13,5.438684229131930355e-13,4.097882487779252747e-13,7.134717639396016271e-13,1.578601018353337554e-12,1.158792289897956469e-12,4.120002583206109977e-13,6.593185840858027868e-13,7.178177977146992978e-13,7.410848090208713360e-13,8.372795507039456308e-13,9.270285333523721195e-13,1.884209570135960159e-12,1.016884209095740626e-12,1.181678832098565131e-12,1.066011003888182250e-12
6.342521546555688597e-13,8.839458815843626505e-13,7.065298889614170611e-13,7.106389862715973199e-13,7.749751027436874042e-13,7.101651112981869434e-13,6.919732243386664473e-13,8.279337773215654357e-13,6.238311835409298732e-13,5.994593797234779619e-13,5.112223619872619871e-13,6.584482570312954030e-13,6.389725566819523770e-13,7.248660634238566086e-13,7.043263473617522709e-13,8.168886243415510853e-13,7.639900238377121567e-13,6.288038996343406664e-13,6.668619609156649551e-13,6.288609391287161464e-13,6.894496637993794346e-13,1.052164948826298426e-12,6.431962668012392097e-13,5.838221385848209710e-13,6.597955721718468129e-13,6.946422604548480888e-13,7.362998822241490948e-13,8.128686420034527403e-13,6.938022285150585789e-13,7.003919926264231127e-13,6.222348544988312202e-13,6.234832549806284901e-13,4.926681715788128101e-13,6.680701706673871876e-13,3.936709582450718954e-12,5.189324410104768550e-13,5.528481399947255812e-13,5.620804667019363786e-13,9.421107818540508213e-13,5.378284945866124913e-13,7.288879525547406224e-13,6.418634310725293841e-13,5.663795209117220068e-13,6.290906283820083660e-13,9.704123974701745980e-13,8.163521953925178650e-13,1.032050156957019824e-12,5.200562451989503878e-13,4.950334529096519651e-13,5.129298909236458800e-13,3.701621786577718210e-13,4.287770703123913434e-13,6.548625254337404564e-13,5.143082188035204015e-13,6.243735756497557612e-13,6.984993335336414207e-13,1.778786722496889331e-12,1.281204003630603670e-12,4.059846738307653867e-13,4.854271627279200256e-13,5.048980224940345948e-13,3.240064631182956241e-13,5.893105874979930127e-13,5.600275504834424244e-13,4.166000458985029762e-13,7.277217184999980245e-13,1.576599868734874562e-12,1.165622223769416678e-12,4.185538368823217220e-13,6.725554337287203176e-13,7.322297639248519925e-13,7.559547670730839176e-13,8.541002412123715455e-13,9.453602474785814991e-13,1.878451197383067340e-12,1.037319313794636486e-12,1.205421165680213189e-12,1.087425820646925631e-12
6.469887778730857939e-13,9.016968819824346080e-13,7.207210819574956970e-13,7.249094906494070754e-13,7.905386503567834457e-13,7.244260342800198412e-13,7.058721935027404016e-13,8.449155137526832820e-13,6.364169181545013142e-13,6.114963167577545434e-13,5.214889449741219183e-13,6.716738596131096858e-13,6.518037395760329468e-13,7.394231137070567184e-13,7.184697356853573013e-13,8.332951400637086946e-13,7.808021245961545921e-13,6.414331870736783082e-13,6.802628148492888442e-13,6.414886793125945451e-13,7.032936497458693675e-13,1.074505428547947099e-12,6.548342392558895373e-13,5.955450954296787043e-13,6.731246347646144004e-13,7.085930025835875999e-13,7.511127785112629585e-13,8.298570167132878206e-13,7.077506541441123254e-13,7.144569522334773426e-13,6.348738328807567804e-13,6.360798034930441173e-13,5.002671260459018323e-13,6.784759981315963666e-13,3.893936937328005114e-12,5.293996288108198013e-13,5.639859229776940289e-13,5.781858797651451959e-13,9.360343316998556706e-13,5.470145103109641393e-13,7.449136465628512875e-13,6.550505599043973495e-13,5.777571943198191468e-13,6.422765443473073927e-13,9.729087488883320897e-13,8.327089726432745944e-13,1.052746826096489817e-12,5.308365733657005602e-13,5.049833386987297500e-13,5.272224974813348765e-13,3.803581324153077915e-13,4.407617280533886156e-13,6.686838688306153200e-13,5.300077663816431726e-13,6.420740047705111378e-13,7.163188978990675622e-13,1.759210413926437392e-12,1.306923411724142350e-12,4.141448890716517310e-13,4.957861012011361450e-13,5.106379816335886301e-13,3.321306648118039097e-13,5.960153179395217741e-13,5.765312924129674598e-13,4.235003888187458025e-13,7.422547741090577397e-13,1.574643357701046008e-12,1.173200885997529004e-12,4.251830782523814437e-13,6.860525610776388593e-13,7.469251627169531203e-13,7.711171115078881351e-13,8.712524117052180968e-13,9.640695538611119805e-13,1.874066138880377945e-12,1.058157686049825446e-12,1.229631648413762455e-12,1.109262568292710616e-12
6.599760845384982685e-13,9.197974592058541118e-13,7.351919462374725892e-13,7.394612148209452617e-13,8.064087395944343086e-13,7.389676663219980110e-13,7.200426427625336971e-13,8.621974678646239744e-13,6.492417018422321379e-13,6.237695169902816947e-13,5.319576286694979301e-13,6.851600934951234938e-13,6.648877318994398858e-13,7.542668369602569440e-13,7.328914573465663909e-13,8.500224399895772031e-13,7.978559034510036257e-13,6.543093329003675781e-13,6.939243144385926824e-13,6.543648194894528231e-13,7.174098687325528651e-13,1.097196075850431300e-12,6.666578869325519804e-13,6.074984383570066665e-13,6.867051700166068300e-13,7.228166472755457799e-13,7.662115143059609428e-13,8.471264851569945956e-13,7.219694724709717168e-13,7.287973904311205499e-13,6.477454677890568013e-13,6.489139238719758106e-13,5.079466483660005813e-13,6.889953482055186343e-13,3.852905271868529356e-12,5.400658549272949543e-13,5.753368688086501145e-13,5.945868749771947833e-13,9.304357431570948582e-13,5.564534792547017321e-13,7.611704488322806143e-13,6.684697284048471795e-13,5.893568135719772051e-13,6.556792305894567491e-13,9.753683466006976071e-13,8.493870995513843914e-13,1.073850050701649838e-12,5.418009444062295957e-13,5.151264208162323445e-13,5.417537283034062784e-13,3.908540435014704017e-13,4.531023039949429569e-13,6.827275272751421449e-13,5.461352764461346942e-13,6.600844091792211027e-13,7.343765020803042561e-13,1.740884812385548678e-12,1.333148305038791762e-12,4.224635090776066640e-13,5.063071048951167652e-13,5.163924281807608510e-13,3.404726706359223071e-13,6.027370965142219798e-13,5.933766419001122645e-13,4.304896221176014110e-13,7.570750699764140260e-13,1.572730517683037581e-12,1.181512859309221790e-12,4.318879797526022903e-13,6.998145964440259276e-13,7.619090500529987187e-13,7.865769248641859793e-13,8.887421039038438711e-13,9.831602801814163222e-13,1.870995879920344576e-12,1.079406742944194090e-12,1.254318868862599359e-12,1.131528928386855386e-12
6.732182967494540965e-13,9.382533776486608922e-13,7.499471838629914987e-13,7.542988332144978725e-13,8.225904898825563391e-13,7.537947024670472433e-13,7.344891419697131928e-13,8.797859783040416190e-13,6.623098653051368254e-13,6.362829548350438284e-13,5.426318493870700095e-13,6.989113687538661810e-13,6.782287758368488197e-13,7.694020365154081872e-13,7.475961696891999464e-13,8.670758727323219320e-13,8.151574375176035052e-13,6.674365048601572752e-13,7.078508962111898512e-13,6.674935342052948267e-13,7.318028715577927077e-13,1.120245627257072663e-12,6.786691116757466977e-13,6.196860565449679448e-13,7.005418011641831937e-13,7.373177762563991602e-13,7.816010311307577659e-13,8.646836615378172924e-13,7.364633142743708421e-13,7.434179198936041438e-13,6.608543015440420841e-13,6.619899956641640808e-13,5.157063774282363059e-13,6.996277588757269671e-13,3.813515071768081023e-12,5.509347356372194160e-13,5.869047789360151335e-13,6.112792891116505429e-13,9.252908795992212305e-13,5.661430488617534254e-13,7.776641579150587509e-13,6.821258958662235533e-13,6.011821569759942717e-13,6.693038169216997858e-13,9.777911638406371061e-13,8.663915021831820361e-13,1.095366221272612127e-12,5.529534979540588062e-13,5.254660385553022391e-13,5.565202844273042277e-13,4.016578942850226042e-13,4.658085516748161560e-13,6.969988904232624671e-13,5.626941821614206467e-13,6.784002105400049682e-13,7.526718745028476242e-13,1.723728297514068809e-12,1.359886949386939644e-12,4.309432888943414211e-13,5.169941563487373927e-13,5.221601327885589116e-13,3.490381387589285332e-13,6.094744775241767635e-13,6.105599683235596748e-13,4.375680070523114584e-13,7.721865003940996243e-13,1.570859844282092556e-12,1.190542697651638520e-12,4.386683527620231572e-13,7.138459422694885861e-13,7.771862077874018795e-13,8.023390041530729377e-13,9.065750090078420791e-13,1.002635910331178397e-12,1.869185692241208197e-12,1.101073434434191817e-12,1.279490799003387404e-12,1.154232096777104829e-12
6.867199575469710369e-13,9.570710152879890902e-13,7.649919178434121204e-13,7.694274624035652338e-13,8.390894829374885521e-13,7.689122381809185623e-13,7.492166239808100705e-13,8.976877643258468184e-13,6.756260048116318056e-13,6.490408989116673444e-13,5.535152695618480276e-13,7.129324494221962406e-13,6.918314507691635866e-13,7.848339215633430851e-13,7.625889159338808376e-13,8.844612662961458674e-13,8.327132063613236733e-13,6.808191779337542178e-13,7.220473267925619905e-13,6.808793178452243866e-13,7.464775861826261048e-13,1.143663428219832396e-12,6.908700139635949892e-13,6.321121094143200844e-13,7.146394385829021567e-13,7.521013355679249616e-13,7.972866472703837616e-13,8.825355058073970049e-13,7.512371607314041585e-13,7.583235286785690780e-13,6.742051143404330580e-13,6.753126566891105203e-13,5.235460341088444986e-13,7.103729775558810925e-13,3.775678382983471678e-12,5.620100748268514565e-13,5.986936751373986656e-13,6.282590536871158253e-13,9.205780788707337180e-13,5.760810536312525154e-13,7.944009453507866061e-13,6.960242536843259879e-13,6.132372558073163537e-13,6.831556483927254681e-13,9.801776802504637498e-13,8.837275252029566158e-13,1.117302367505293965e-12,5.642985205148375794e-13,5.360057240445637926e-13,5.715190692494272987e-13,4.127777535329410015e-13,4.788910120781915766e-13,7.115035831707313506e-13,5.796873920417309103e-13,6.970170125004358901e-13,7.712054617297156291e-13,1.707667992184136181e-12,1.387148516598839223e-12,4.395871247447765162e-13,5.278513738939448180e-13,5.279400349022658340e-13,3.578328455559757238e-13,6.162262266880126252e-13,6.280774095397936282e-13,4.447358334422279443e-13,7.875932861124983869e-13,1.569030490635727509e-12,1.200276181814929449e-12,4.455241513170220640e-13,7.281513093212101682e-13,7.927617828940561672e-13,8.184085167725335625e-13,9.247572980758533395e-13,1.022500510787869042e-12,1.868587245468529561e-12,1.123165357050537051e-12,1.305156227541891596e-12,1.177379976951952338e-12
7.004855687429035776e-13,9.762566444503630845e-13,7.803312110290705804e-13,7.848521473950085869e-13,8.559112334995183211e-13,7.843253117249122491e-13,7.642299444635701361e-13,9.159093024476232742e-13,6.891946122516887525e-13,6.620475683936939719e-13,5.646115271535336512e-13,7.272280560309944523e-13,7.057002947001240469e-13,8.005676503977409393e-13,7.778746880384066063e-13,9.021843464911392071e-13,8.505295387497807932e-13,6.944617679801261439e-13,7.365182958689424910e-13,6.945266224665892736e-13,7.614388815182512751e-13,1.167458453452024089e-12,7.032626359873757307e-13,6.447807205032103342e-13,7.290028735787557474e-13,7.671722016304282297e-13,8.132735730298773899e-13,9.006887301694724510e-13,7.662959005556829439e-13,7.735191336749427950e-13,6.878025565833360345e-13,6.888864357068116444e-13,5.314652758661651895e-13,7.212306411226424525e-13,3.739312285736173715e-12,5.732956007595588754e-13,6.107075036576728130e-13,6.455219305048851191e-13,9.162772553941512388e-13,5.862652699152737042e-13,8.113868412573593156e-13,7.101698311564729496e-13,6.255260897346799464e-13,6.972399019298264131e-13,9.825282636653436605e-13,9.014004272496546162e-13,1.139665395612656144e-12,5.758401706739582835e-13,5.467489636097509166e-13,5.867470097060928628e-13,4.242217122847865906e-13,4.923577445573572013e-13,7.262470548567558011e-13,5.971170554348105794e-13,7.159303394932067489e-13,7.899779612432326153e-13,1.692637097489852463e-12,1.414942016482460229e-12,4.483978752555688936e-13,5.388827695363341318e-13,5.337310223928928872e-13,3.668626419617474206e-13,6.229910472734928995e-13,6.459246773742793838e-13,4.519933514361514347e-13,8.032995788893020410e-13,1.567241476562627115e-12,1.210699179456889943e-12,4.524552510032016148e-13,7.427353625169998868e-13,8.086408629075239469e-13,8.347905647925547379e-13,9.432950741415693013e-13,1.042758059440998029e-12,1.869155759825724334e-12,1.145690008845931406e-12,1.331323812266770414e-12,1.200980349858059561e-12
7.145196418177748173e-13,9.958165452481318448e-13,7.959701418463336592e-13,8.005779487631895271e-13,8.730612682374590643e-13,8.000389678871584340e-13,7.795339454997887732e-13,9.344569215164034507e-13,7.030201283526010281e-13,6.753071856766211677e-13,5.759242723417095752e-13,7.418029260404203447e-13,7.198398573423731904e-13,8.166083911739993999e-13,7.934584846066672859e-13,9.202508219958677396e-13,8.686126593506416836e-13,7.083686797432210297e-13,7.512684697885426400e-13,7.084399071719250083e-13,7.766916340405688486e-13,1.191639430835174410e-12,7.158489937898380047e-13,6.576960161504450137e-13,7.436368321785678316e-13,7.825352383890443651e-13,8.295669753219783762e-13,9.191498742249411615e-13,7.816443926757312907e-13,7.890096444068760028e-13,7.016511974437516262e-13,7.027158009707405316e-13,5.394637129349717214e-13,7.322003186073057225e-13,3.704339496159553957e-12,5.847950030842447299e-13,6.229501739694472457e-13,6.630635875817299832e-13,9.123698441955084410e-13,5.966934199193919664e-13,8.286277765129187952e-13,7.245675457709036218e-13,6.380526265160928090e-13,7.115616305202439181e-13,9.848432603659838161e-13,9.194154529671214272e-13,1.162462197983752441e-12,5.875825161636375023e-13,5.576992285891801912e-13,6.022011037713820027e-13,4.359978668161057911e-13,5.062181002557001385e-13,7.412346247577846208e-13,6.149845482028031736e-13,7.351357115184338654e-13,8.089903535426291439e-13,1.678574534113033837e-12,1.443276459779297410e-12,4.573783893006188077e-13,5.500922736642259260e-13,5.395319651891089852e-13,3.761334475271519458e-13,6.297676206007104867e-13,6.640971233599463377e-13,4.593407765832034801e-13,8.193094983474698245e-13,1.565491828737937372e-12,1.221797654610677835e-12,4.594614851707973193e-13,7.576027688268826674e-13,8.248285401792212365e-13,8.514902405106888065e-13,9.621944586753096213e-13,1.063412519471789249e-12,1.870849854741657931e-12,1.168654914352362214e-12,1.358002236273704488e-12,1.225040992427780636e-12
7.288267126466140840e-13,1.015757037040811778e-12,8.119138246658486256e-13,8.166099607229745842e-13,8.905451500968925202e-13,8.160582806686722438e-13,7.951334727364873534e-13,9.533368245311794741e-13,7.171069556236364852e-13,6.888239878581770478e-13,5.874571757735992492e-13,7.566618313218380673e-13,7.342547177520947659e-13,8.329613437107750440e-13,8.093453313983689697e-13,9.386664079799580038e-13,8.869686933348252665e-13,7.225443231336151188e-13,7.663025101261922905e-13,7.226236534998069184e-13,7.922407429993902305e-13,1.216214875530077483e-12,7.286310966394964929e-13,6.708621411135318952e-13,7.585459940024041307e-13,7.981953173215967053e-13,8.461720004913090963e-13,9.379253270464601334e-13,7.972874844390212655e-13,8.047999809312169442e-13,7.157555413255500066e-13,7.168051769069292875e-13,5.475409232068812832e-13,7.432815357142399617e-13,3.670688072695716427e-12,5.965119433124331296e-13,6.354255714417635665e-13,6.808796491610967101e-13,9.088386858731106652e-13,6.073631522055605285e-13,8.461295872020464683e-13,7.392222201878006788e-13,6.508208349585214209e-13,7.261257759054758439e-13,9.871230307375933885e-13,9.377778373284141777e-13,1.185699680305715275e-12,5.995295408063185642e-13,5.688599848535011163e-13,6.178784508430409349e-13,4.481142970368930920e-13,5.204813715195755803e-13,7.564714944535742227e-13,6.332904506935585085e-13,7.546286934951910510e-13,8.282438971900831531e-13,1.665424392515619029e-12,1.472160912688471751e-12,4.665315109547410875e-13,5.614837357069954316e-13,5.453417306755729120e-13,3.856512426397921381e-13,6.365546259181329104e-13,6.825897881603895184e-13,4.667782984125604171e-13,8.356271321627141420e-13,1.563780633183730358e-12,1.233557552565124688e-12,4.665426528629840443e-13,7.727582105359709183e-13,8.413299266403039689e-13,8.685126424071655892e-13,9.814616172743712459e-13,1.084467822149181068e-12,1.873631110412570345e-12,1.192067661702196065e-12,1.385200249528172157e-12,1.249569719666686902e-12
7.434113307751095932e-13,1.036084458300748064e-12,8.281673964153617304e-13,8.329532967735310153e-13,9.083684608459469651e-13,8.323883384350288287e-13,8.110333611293325948e-13,9.725550687716725245e-13,7.314594484593578135e-13,7.026022150222375890e-13,5.992139202292593161e-13,7.718095643266004537e-13,7.489494719160049672e-13,8.496317255434662168e-13,8.255402675681476132e-13,9.574368080610456938e-13,9.056036293756797920e-13,7.369931007230219382e-13,7.816250598202451594e-13,7.370823536815091537e-13,8.080911171633141877e-13,1.241193051043936697e-12,7.416109400613440099e-13,6.842832471196991948e-13,7.737349783738591067e-13,8.141573029611134220e-13,8.630937581826336469e-13,9.570213034632487538e-13,8.132299970324428612e-13,8.208950594645826317e-13,7.301200148262222493e-13,7.311589313020270307e-13,5.556964471440956400e-13,7.544737675526529026e-13,3.638290924882102093e-12,6.084500441714692444e-13,6.481375466448373989e-13,6.989657166258930346e-13,9.056678831113727719e-13,6.182720043646196061e-13,8.638979799134815422e-13,7.541385675005990563e-13,6.638346740900741463e-13,7.409371510682603846e-13,9.893679423142382946e-13,9.564927821494622704e-13,1.209384730405244977e-12,6.116851326128253040e-13,5.802346837848036244e-13,6.337762575224669322e-13,4.605790370680464175e-13,5.351567483416156152e-13,7.719627278964527170e-13,6.520345108041942992e-13,7.744049118263635977e-13,8.477400823227688674e-13,1.653135379412491699e-12,1.501604464099508543e-12,4.758600727354702853e-13,5.730609099935249125e-13,5.511591803225665291e-13,3.954221367128802609e-13,6.433507369048464793e-13,7.013974302395134087e-13,4.743060766585435577e-13,8.522565074599504117e-13,1.562107012290947859e-12,1.245964650657076183e-12,4.736985184450470679e-13,7.882063719601442254e-13,8.581501366693164030e-13,8.858628557713401616e-13,1.001102741008470625e-12,1.105927812563960553e-12,1.877463585200362783e-12,1.215935884778590543e-12,1.412926649748620502e-12,1.274574381144795990e-12
7.582780130406513269e-13,1.056805088434452578e-12,8.447359643117650372e-13,8.496130362135586425e-13,9.265367366731860681e-13,8.490341891291605519e-13,8.272383783945924090e-13,9.921174846687556242e-13,7.460818638267721080e-13,7.166460672611586387e-13,6.111981694560798501e-13,7.872508906838500959e-13,7.639286874509031218e-13,8.666247140662314428e-13,8.420482899049814379e-13,9.765676391607096720e-13,9.245232296045441233e-13,7.517193602088591323e-13,7.972406897453514167e-13,7.518204647603398739e-13,8.242476204072239298e-13,1.266581842277340321e-12,7.547904753993449974e-13,6.979634530673540949e-13,7.892082905398873855e-13,8.304259962340007979e-13,8.803372571813691144e-13,9.764437608146659284e-13,8.294766679386768913e-13,8.372997351002871727e-13,7.447489176352129840e-13,7.457813266448397991e-13,5.639297567895641600e-13,7.657763927285580934e-13,3.607085190500359151e-12,6.206128550040001839e-13,6.610898764412950612e-13,7.173173513920376373e-13,9.028426340295747724e-13,6.294173458915781177e-13,8.819384481852760909e-13,7.693211378281649732e-13,6.770980535384537888e-13,7.560003854202024095e-13,9.915783244885054608e-13,9.755653908720217753e-13,1.233524123881486756e-12,6.240530458286046035e-13,5.918267309448453221e-13,6.498918108644046340e-13,4.734000340626683359e-13,5.502532448930255318e-13,7.877131913678689836e-13,6.712155856284864146e-13,7.944600263711260245e-13,8.674805330745992351e-13,1.641660236090060377e-12,1.531616102801369183e-12,4.853668746941287581e-13,5.848274176287061596e-13,5.569831526394373248e-13,4.054523218162490542e-13,6.501545928231978799e-13,7.205145230936628323e-13,4.819242198202689635e-13,8.692015286263820641e-13,1.560469991448702666e-12,1.259004346352591794e-12,4.809287983577986585e-13,8.039518958792155094e-13,8.752942392940441030e-13,9.035458966655248669e-13,1.021123988135557312e-12,1.127796141908134233e-12,1.882313228580642857e-12,1.240267180713850561e-12,1.441190176917931282e-12,1.300062774509184227e-12
7.734312901484285587e-13,1.077925231749177959e-12,8.616246612236744346e-13,8.665942789016739174e-13,9.450555378396673628e-13,8.660008968216112655e-13,8.437532817527759570e-13,1.012029757893431113e-12,7.609784072919672105e-13,7.309597469525957440e-13,6.234135979500038257e-13,8.029906002322446263e-13,7.791969493987620836e-13,8.839455072763014398e-13,8.588744104420247972e-13,9.960645098256029801e-13,9.437330877269453856e-13,7.667274407033013916e-13,8.131539514411892302e-13,7.668424545654672775e-13,8.407151275944250203e-13,1.292388868830602311e-12,7.681716522528818237e-13,7.119068835962222382e-13,8.049703743364950920e-13,8.470061913208198126e-13,8.979074702303662377e-13,9.961984770584325569e-13,8.460322083663755671e-13,8.540188597150042281e-13,7.596464694504156689e-13,7.606765669429114508e-13,5.722403013209155161e-13,7.771887604146339901e-13,3.577012218961515687e-12,6.330038832278735091e-13,6.742862999137650401e-13,7.359301430078812189e-13,9.003491897234435445e-13,6.407963676440013396e-13,9.002563255054622257e-13,7.847743683194666224e-13,6.906148707294216035e-13,7.713199707518180488e-13,9.937545372309603898e-13,9.950007099532535791e-13,1.258124603781191744e-12,6.366369320749858849e-13,6.036395138482221671e-13,6.662225208090173371e-13,4.865851264008419416e-13,5.657797028436832334e-13,8.037276025027509397e-13,6.908316532419986400e-13,8.147898000553894863e-13,8.874670372783753325e-13,1.630955479566801116e-12,1.562204849364224781e-12,4.950547008741843864e-13,5.967867694227448989e-13,5.628124925769950124e-13,4.157477093821034448e-13,6.569648449425709155e-13,7.399353306750691920e-13,4.896328148395436564e-13,8.864660002217862582e-13,1.558868699944774645e-12,1.272661642488866515e-12,4.882331813055413102e-13,8.199994207931910504e-13,8.927673016211715098e-13,9.215667552434944921e-13,1.041531549388711096e-12,1.150076296150585134e-12,1.888147693200038659e-12,1.265069205061346434e-12,1.469999634169624835e-12,1.326042751072163646e-12
7.888756739741693122e-13,1.099451163015961167e-12,8.788386089408945890e-13,8.839021075223496940e-13,9.639304035345909645e-13,8.832935029286773536e-13,8.605827775090863269e-13,1.032297371158690419e-12,7.761531979889481440e-13,7.455474277191510001e-13,6.358638683892322142e-13,8.190334733994527519e-13,7.947588279354324262e-13,9.015992834035779569e-13,8.760236172919132308e-13,1.015932967295422271e-12,9.632385627549305837e-13,7.820216384848236174e-13,8.293693386991987825e-13,7.821527690838126512e-13,8.574984861203789260e-13,1.318621395028942483e-12,7.817563981306449562e-13,7.261176402555474241e-13,8.210255731249997127e-13,8.639026352757261682e-13,9.158092881447144902e-13,1.016290990984323917e-12,8.629012619210525435e-13,8.710572412108317348e-13,7.748167739926817054e-13,7.758487621622811628e-13,5.806274877196377424e-13,7.887101619548066634e-13,3.548017098557111864e-12,6.456265682755567715e-13,6.877304896024219181e-13,7.547996965752773872e-13,8.981747246343961658e-13,6.524060271958876262e-13,9.188567235819282000e-13,8.005025440630734490e-13,7.043889819492471224e-13,7.869002209340077728e-13,9.958969420371729789e-13,1.014803676457239984e-12,1.283192810654954576e-12,6.494403117732962713e-13,6.156763786006844761e-13,6.827658950487763335e-13,5.001420003538582844e-13,5.817447207779806948e-13,8.200104862580029872e-13,7.108797734581399502e-13,8.353900752711304385e-13,9.077014643294721858e-13,1.620980965058579874e-12,1.593379673138007996e-12,5.049263027412137794e-13,6.089423371245268111e-13,5.686460402739907152e-13,4.263144141380778745e-13,6.637801388723595857e-13,7.596539134459530615e-13,4.974319137119909761e-13,9.040535735062956007e-13,1.557302291362724592e-12,1.286920983731776799e-12,4.956113196420479501e-13,8.363535484052642346e-13,9.105743524588948536e-13,9.399303528195087464e-13,1.062331606430058697e-12,1.172771503032949519e-12,1.894935872616756586e-12,1.290349615998006889e-12,1.499363818868076163e-12,1.352522150946576546e-12
8.046156465634783185e-13,1.121389111169932575e-12,8.963829068787765411e-13,9.015415753653556539e-13,9.831668383548773620e-13,9.009170135855861554e-13,8.777315070096644166e-13,1.052925583913147677e-12,7.916102551929577324e-13,7.604132432689634167e-13,6.485526232785074933e-13,8.353842708689300315e-13,8.106188674888294527e-13,9.195911883663493122e-13,8.935008620329441323e-13,1.036178480364520386e-12,9.830447479774215620e-13,7.976061945705101513e-13,8.458912738107498240e-13,7.977558213024695814e-13,8.746025032484838284e-13,1.345286296124177487e-12,7.955466172807410809e-13,7.405997909829681404e-13,8.373781153368614837e-13,8.811200140916629066e-13,9.340475038818590684e-13,1.036726580037017999e-12,8.800883899824166955e-13,8.884196296108834088e-13,7.902638051449358591e-13,7.913019146991900809e-13,5.890906809857186787e-13,8.003398309853800593e-13,3.520048367287094128e-12,6.584842707546561371e-13,7.014260399861150657e-13,7.739216357109086370e-13,8.963072450024500678e-13,6.642430033838029445e-13,9.377445031224636042e-13,8.165097828894184541e-13,7.184241912143855514e-13,8.027452549887259430e-13,9.980059023809801835e-13,1.034979088749830300e-12,1.308735250937730413e-12,6.624665614386070524e-13,6.279406201529879859e-13,6.995195263142877676e-13,5.140781482411235240e-13,5.981566006422108340e-13,8.365661562660067741e-13,7.313560683415211875e-13,8.562567678809209338e-13,9.281857120863429043e-13,1.611699554525675002e-12,1.625149466831498451e-12,5.149843914907203456e-13,6.212973386902966103e-13,5.744826324365892720e-13,4.371585483010712874e-13,6.705991161206865528e-13,7.796641492719561604e-13,5.053215330291867246e-13,9.219677106595375265e-13,1.555769941572465729e-12,1.301766143898003141e-12,5.030628288486594395e-13,8.530188293469400031e-13,9.287203669452438854e-13,9.586415208916129251e-13,1.083530320022284875e-12,1.195884667145108879e-12,1.902647555103820273e-12,1.316116061877086146e-12,1.529291506640400674e-12,1.379508785316691258e-12
8.206556470319909136e-13,1.143745240090742124e-12,9.142626187872605698e-13,9.195176919561188765e-13,1.002770296387924761e-12,9.188763848208667598e-13,8.952040302335438298e-13,1.073919408578874299e-12,8.073534826310898901e-13,7.755612743987563281e-13,6.614834752259739003e-13,8.520477215910409591e-13,8.267815740183170916e-13,9.379263210309448022e-13,9.113110449230035797e-13,1.056806419292409924e-12,1.003156437933232516e-12,8.134852802309590272e-13,8.627240915063444051e-13,8.136559781733714756e-13,8.920319312867137034e-13,1.372390020372593312e-12,8.095441888728990830e-13,7.553573578496752294e-13,8.540320975332700142e-13,8.986629364182600157e-13,9.526267938737242052e-13,1.057510234958479632e-12,8.975980546033823052e-13,9.061107008082528617e-13,8.059913907393845554e-13,8.070399035492790378e-13,5.976292038339188200e-13,8.120769428983314908e-13,3.493057746165592936e-12,6.715802598376998135e-13,7.153764540624165650e-13,7.932915985420084030e-13,8.947355045090646234e-13,6.763036476705252435e-13,9.569242427158628291e-13,8.328000177155715229e-13,7.327242373320271578e-13,8.188589779462313681e-13,1.000081783470648683e-12,1.055531572939464566e-12,1.334758260404111803e-12,6.757188991692247502e-13,6.404354710052708371e-13,7.164810737150173347e-13,5.284008227818995585e-13,6.150232890152803958e-13,8.533986939436578367e-13,7.522557060999309513e-13,8.773858533388848440e-13,9.489216505716174501e-13,1.603076821078622126e-12,1.657523016755159355e-12,5.252316290776965921e-13,6.338548221551192082e-13,5.803211032728539157e-13,4.482862033430877342e-13,6.774204151845496417e-13,7.999597491392580016e-13,5.133016531402696097e-13,9.402116444726981986e-13,1.554270848344086686e-12,1.317180118020451858e-12,5.105872868990227884e-13,8.699997466126315615e-13,9.472102487425539023e-13,9.777049768935232613e-13,1.105133816243757997e-12,1.219418298134772641e-12,1.911253098657989254e-12,1.342376166760729774e-12,1.559791433231704603e-12,1.407010416481797775e-12
8.370000575631504342e-13,1.166525626899789284e-12,9.324827577721604126e-13,9.378354069210748533e-13,1.022746163249252833e-12,9.371765058585913555e-13,9.130048073492567899e-13,1.095283583831352004e-12,8.233866507976463400e-13,7.909955344064685163e-13,6.746599960317604243e-13,8.690285090281956743e-13,8.432514007280514848e-13,9.566097165970689281e-13,9.294589982535646345e-13,1.077822033181006800e-12,1.023578093765450139e-12,8.296629807282536327e-13,8.798720209050624954e-13,8.298575459626821436e-13,9.097914509113857538e-13,1.399938547631091810e-12,8.237509651197231558e-13,7.703943033038231522e-13,8.709914653201488511e-13,9.165359152615942884e-13,9.715516970072912470e-13,1.078646631722943673e-12,9.154345992751148284e-13,9.241350382973872685e-13,8.220031943047416874e-13,8.230664664819303623e-13,6.062423364282172599e-13,8.239206143512006631e-13,3.466999896898672502e-12,6.849176990921076419e-13,7.295851282678666115e-13,8.129052270170420450e-13,8.934489266498595735e-13,6.885839324522920032e-13,9.764002061752933098e-13,8.493769767675319248e-13,7.472927793866964353e-13,8.352450597855665085e-13,1.002124952000656072e-12,1.076465544868605681e-12,1.361267962478884629e-12,6.892003685422148377e-13,6.531640885471286165e-13,7.336482386625118795e-13,5.431169875443031250e-13,6.323523137520775535e-13,8.705119256667818847e-13,7.735728886212246960e-13,8.987733454257454675e-13,9.699110633699234556e-13,1.595080784487820744e-12,1.690508968620346955e-12,5.356706181345558464e-13,6.466176482707496286e-13,5.861602854245652334e-13,4.597034296764624711e-13,6.842426726408859920e-13,8.205342673780823606e-13,5.213722173275555984e-13,9.587883332513916063e-13,1.552804230658370604e-12,1.333145018754481620e-12,5.181842336518339568e-13,8.873006967378957869e-13,9.660488098821632225e-13,9.971252966045604320e-13,1.127148171029338639e-12,1.243374431523752875e-12,1.920723126422125124e-12,1.369137514431626813e-12,1.590872274865361579e-12,1.435034735855297263e-12
8.536531868891593536e-13,1.189736237439959518e-12,9.510482693956177820e-13,9.564995918202544570e-13,1.043099735798095396e-12,9.558221803210706261e-13,9.311381780101415161e-13,1.117022544656193804e-12,8.397133768565751719e-13,8.067199527270819925e-13,6.880857044399788676e-13,8.863312556348026341e-13,8.600327320193733733e-13,9.756463278542376823e-13,9.479494676004044493e-13,1.099230424528331553e-12,1.044313806628301033e-12,8.461432770764557192e-13,8.973391652611351577e-13,8.463647537803567188e-13,9.278856524067752020e-13,1.427937344045283641e-12,8.381687693431775060e-13,7.857145147412528078e-13,8.882599919217930064e-13,9.347433474346964607e-13,9.908265910155004164e-13,1.100140100482137904e-12,9.336022273369125108e-13,9.424971126542760727e-13,8.383026945939608199e-13,8.393851800371665873e-13,6.149293161438421677e-13,8.358699028121338738e-13,3.441832200952635138e-12,6.984996306089538989e-13,7.440553355793586088e-13,8.327581494655600604e-13,8.924375329792430532e-13,7.010793962477707446e-13,9.961763080344208266e-13,8.662441614880048347e-13,7.621333804812481442e-13,8.519069122497705813e-13,1.004135775900053473e-12,1.097785166977478921e-12,1.388270220583417985e-12,7.029138207612220713e-13,6.661295408921592918e-13,7.510187355575418680e-13,5.582332633499280799e-13,6.501507158803091351e-13,8.879093977822815795e-13,7.953008424363636137e-13,9.204152676981050759e-13,9.911555868823592886e-13,1.587681673773121226e-12,1.724115788193055902e-12,5.463038907410374546e-13,6.595884717692101892e-13,5.919990108861121985e-13,4.714162141184053836e-13,6.910645242281882573e-13,8.413811058394359185e-13,5.295331309884433664e-13,9.777004102584063752e-13,1.551369328029928754e-12,1.349641976532809116e-12,5.258531703379826442e-13,9.049259683756427708e-13,9.852407472794372755e-13,1.016906882709955578e-12,1.149579392697513936e-12,1.267754541110842817e-12,1.931028240828425641e-12,1.396407630756769477e-12,1.622542625159426110e-12,1.463589339684055951e-12
8.706192520491264590e-13,1.213382898548904964e-12,9.699640125905317805e-13,9.755150196306973601e-13,1.063836199200774160e-12,9.748181050729276406e-13,9.496083381680237514e-13,1.139140388931047251e-12,8.563371030298199137e-13,8.227383566109914808e-13,7.017640524125533852e-13,9.039605055879152338e-13,8.771298654589428284e-13,9.950410040536922360e-13,9.667870907288507487e-13,1.121036520665575055e-12,1.065367258849283571e-12,8.629300256346848735e-13,9.151294793053414582e-13,8.631817350913560355e-13,9.463190145900331603e-13,1.456391312397028502e-12,8.527993939917698021e-13,8.013217872197237883e-13,9.058412542311984901e-13,9.532894905345492126e-13,1.010455666048280941e-12,1.121994591261534336e-12,9.521049778182867383e-13,9.612012585366552803e-13,8.548931627302300659e-13,8.559994371785260960e-13,6.236893373812714732e-13,8.479238061707536960e-13,3.417514558592714486e-12,7.123289572861673685e-13,7.587902066534389249e-13,8.528459564576815392e-13,8.916918765098353258e-13,7.137850857560022873e-13,1.016256076919599950e-12,8.834048219590041784e-13,7.772494895729310255e-13,8.688476633551134499e-13,1.006114624092066168e-12,1.119494299295455948e-12,1.415770583557822062e-12,7.168618949247619863e-13,6.793347910798797991e-13,7.685902574860101936e-13,5.737558705168735494e-13,6.684249766976675810e-13,9.055943492589605430e-13,8.174318128070378088e-13,9.423076178566771383e-13,1.012656647571331819e-12,1.580851713422045721e-12,1.758351715857521516e-12,5.571338959209291522e-13,6.727697208955794927e-13,5.978361119374323477e-13,4.834304549709798052e-13,6.978846059372133284e-13,8.624935116026030438e-13,5.377842608411528887e-13,9.969501269818788846e-13,1.549965399849268829e-12,1.366651042377577344e-12,5.335935590850203718e-13,9.228797178880586578e-13,1.004790616597885625e-12,1.037053928943055427e-12,1.172433403151819886e-12,1.292559441877104543e-12,1.942138755463008260e-12,1.424193964210412888e-12,1.654810969921432189e-12,1.492681701338281123e-12
8.879023578009032965e-13,1.237471266606580862e-12,9.892347380252040774e-13,9.948863415844578417e-13,1.084960601190473043e-12,9.941688463447104172e-13,9.684193140860453500e-13,1.161640840176533476e-12,8.732610715203182109e-13,8.390544505744340096e-13,7.156984097085770009e-13,9.219207050886428400e-13,8.945469914525399188e-13,1.014798467035287914e-12,9.859763738102001816e-13,1.143245041668927243e-12,1.086741682468484534e-12,8.800269352556918722e-13,9.332467438858545456e-13,8.803125069178186382e-13,9.650958810869164174e-13,1.485304737569787357e-12,8.676445985908880890e-13,8.172198040541425510e-13,9.237386060670998482e-13,9.721784371244619307e-13,1.030442895094039303e-12,1.144213636055353403e-12,9.709466984032681120e-13,9.802516488744536964e-13,8.717776367269980985e-13,8.729124223513316811e-13,6.325215513999824880e-13,8.600812623729199641e-13,3.394009204940751351e-12,7.264084231531228182e-13,7.737927087854881347e-13,8.731641700259572662e-13,8.912029795726255274e-13,7.266954947584431752e-13,1.036642616442771543e-12,9.008619295881484732e-13,7.926444211673703828e-13,8.860701293379049217e-13,1.008061866227954703e-12,1.141596443641014582e-12,1.443774222964677302e-12,7.310469962158398265e-13,6.927826794505202109e-13,7.863604371321608431e-13,5.896905668322227551e-13,6.871809399942965367e-13,9.235696817010952421e-13,8.399570604943692456e-13,9.644463252272899807e-13,1.034415397199920641e-12,1.574564930211850291e-12,1.793224713894907020e-12,5.681629857183684572e-13,6.861635754971089114e-13,6.036704221857746771e-13,4.957519345465117286e-13,7.047015550761970924e-13,8.838645678334235433e-13,5.461254341326612294e-13,1.016539289373284208e-12,1.548591724707027162e-12,1.384151094029082115e-12,5.414048225275325657e-13,9.411659414452542842e-13,1.024702801995192622e-12,1.057570379085249277e-12,1.195716014726963876e-12,1.317789182154875727e-12,1.954024443285444108e-12,1.452503864316442913e-12,1.687685658770049526e-12,1.522319139981499658e-12
9.055064738561172861e-13,1.262006792412969329e-12,1.008865063999877470e-12,1.014618061412048745e-12,1.106477823353227090e-12,1.013878813256307469e-12,9.875749338171019395e-13,1.184527206938506090e-12,8.904882974582327124e-13,8.556717938000033847e-13,7.298920469034633163e-13,9.402161805480086325e-13,9.122881707269466151e-13,1.034923284847321518e-12,1.005521665189384791e-12,1.165860465056258205e-12,1.108439815607347959e-12,8.974375422433210656e-13,9.516945381928737754e-13,8.977609469378740517e-13,9.842204341717740514e-13,1.514681227561416531e-12,8.827061079606789326e-13,8.334121154161139637e-13,9.419551489701518416e-13,9.914140864009052182e-13,1.050792001594885558e-12,1.166800307816810348e-12,9.901310158127651759e-13,9.996522665102028915e-13,8.889588936974262180e-13,8.901270842487576153e-13,6.414250667359810132e-13,8.723411498079084611e-13,3.371280543544386508e-12,7.407405918359631038e-13,7.890656229274705894e-13,8.937082069864171396e-13,8.909622759894212782e-13,7.398045001195170071e-13,1.057338564047721563e-12,9.186181474157202702e-13,8.083213330898921153e-13,9.035767843886928427e-13,1.009977872990195963e-12,1.164094680422593828e-12,1.472285861225495637e-12,7.454712722434993505e-13,7.064759043730790197e-13,8.043268036423636474e-13,6.060425812250955085e-13,7.064237301039881801e-13,9.418379270921004870e-13,8.628668611351464802e-13,9.868272022490896926e-13,1.056432646829340464e-12,1.568796978443102354e-12,1.828742405292643572e-12,5.793933999238040254e-13,6.997719434517675298e-13,6.095007776053138068e-13,5.083861423267501431e-13,7.115140117516628249e-13,9.054871780230769483e-13,5.545564382739837460e-13,1.036469186519975010e-12,1.547247599401597556e-12,1.402119744787987007e-12,5.492863435696020106e-13,9.597884433743428749e-13,1.044981481822182906e-12,1.078459880338805992e-12,1.219432906254999885e-12,1.343442924118233395e-12,1.966654302044265372e-12,1.481344558199408463e-12,1.721174873474745606e-12,1.552508785483598544e-12
9.234354045833570057e-13,1.286994673382868996e-12,1.028859443325881319e-12,1.034714500441313290e-12,1.128392541623889609e-12,1.033952222093033401e-12,1.007078790262596538e-12,1.207802330600224684e-12,9.080215338405712274e-13,8.725937706859960039e-13,7.443481132558292921e-13,9.588511092630285358e-13,9.303573039705830024e-13,1.055419836995426559e-12,1.025427120997199870e-12,1.188886979922615708e-12,1.130463849042811286e-12,9.151651781291080043e-13,9.704762040344841242e-13,9.155307635576472206e-13,1.003696660413541056e-12,1.544523637813646497e-12,8.979856066924067077e-13,8.499021100180108983e-13,9.604936949428889466e-13,1.011000107557843124e-12,1.071506417812629780e-12,1.189757168362474115e-12,1.009661297640706313e-12,1.019406867363812108e-12,9.064394145378862495e-13,9.076461011330127163e-13,6.503989442637528024e-13,8.847022810431640137e-13,3.349294960964345449e-12,7.553278185997281081e-13,8.046115145450818921e-13,9.144733313536289534e-13,8.909615536304542670e-13,7.531052932491753782e-13,1.078346040668482903e-12,9.366757924993128079e-13,8.242831980507044852e-13,9.213697227193822554e-13,1.011863011791150456e-12,1.186991593268029045e-12,1.501309684074535237e-12,7.601365834381321056e-13,7.204169978455242444e-13,8.224867312601838469e-13,6.228165427305485543e-13,7.261576586179332130e-13,9.604012074141762527e-13,8.861505025736889717e-13,1.009445884582165983e-12,1.078708792526897006e-12,1.563524978831405914e-12,1.864911997409075563e-12,5.908272467298632692e-13,7.135964314452371099e-13,6.153260140643613943e-13,5.213395272214601845e-13,7.183206164157789754e-13,9.273540391894275336e-13,5.630770163094344558e-13,1.056740507821603065e-12,1.545932341392277565e-12,1.420533250782883702e-12,5.572374637659873116e-13,9.787507964792823287e-13,1.065630585696897433e-12,1.099725726156298892e-12,1.243589590665484615e-12,1.369518807720940308e-12,1.979996325929931493e-12,1.510723118504040422e-12,1.755286586673372660e-12,1.583257531908704611e-12
9.416927687157192424e-13,1.312439829091566818e-12,1.049222146621216680e-12,1.055179779847499144e-12,1.150709200749884052e-12,1.054393076120366937e-12,1.026934210634605084e-12,1.231468543954383859e-12,9.258632468316253338e-13,8.898235681667986712e-13,7.590696187354648633e-13,9.778294983347983860e-13,9.487581146822791701e-13,1.076292283746424177e-12,1.045696675050364693e-12,1.212328448736798127e-12,1.152815381280496114e-12,9.332129413042754281e-13,9.895948149597422946e-13,9.336254705683509333e-13,1.023528323192662489e-12,1.574834024045429096e-12,9.134847447436001966e-13,8.666929974932193902e-13,9.793567340535585553e-13,1.030939908004314970e-12,1.092589248906512329e-12,1.213086224830617277e-12,1.029540620447137355e-12,1.039518949783445688e-12,9.242213536317985237e-13,9.254718508334930661e-13,6.594422053376433381e-13,8.971634116727549023e-13,3.328020788330366389e-12,7.701722300867788939e-13,8.204327080312947922e-13,9.354546088869751038e-13,8.911929047789164559e-13,7.665903109375770391e-13,1.099666607975497302e-12,9.550368033182480614e-13,8.405327787180106908e-13,9.394506257192472326e-13,1.013717650107130090e-12,1.210289190137435516e-12,1.530849260767511065e-12,7.750444785625821362e-13,7.346083040111099276e-13,8.408373913947488002e-13,6.400164053718533473e-13,7.463861414534602655e-13,9.792612001610153668e-13,9.097962897901633221e-13,1.032297774488609603e-12,1.101243750012902488e-12,1.558727370966905090e-12,1.901740216897662565e-12,6.024664898198352461e-13,7.276383231558652053e-13,6.211449745830035928e-13,5.346172020497858668e-13,7.251200159389699250e-13,9.494576143565443924e-13,5.716868728440859833e-13,1.077353253152120264e-12,1.544645277925203860e-12,1.439366433785707138e-12,5.652574886879659787e-13,9.980563076689616762e-13,1.086653754742687059e-12,1.121370803899279076e-12,1.268191389996331795e-12,1.396013807463439831e-12,1.994017334682700884e-12,1.540646454982592167e-12,1.790028536419781446e-12,1.614572021921731374e-12
9.602819578415481486e-13,1.338346819646050899e-12,1.069957206835791922e-12,1.076017761266084839e-12,1.173431962029732576e-12,1.075205109698976034e-12,1.047144216908280883e-12,1.255527614153687765e-12,9.440155707822263732e-13,9.073641406646708937e-13,7.740594092121603258e-13,9.971551474201890564e-13,9.674941016851303792e-13,1.097544532579751578e-12,1.066334005148914412e-12,1.236188358276470793e-12,1.175495368039679997e-12,9.515836657932515517e-13,1.009053140691060674e-12,9.520483561781429532e-13,1.043718923999703678e-12,1.605613535237518534e-12,9.292051278288634343e-13,8.837877668595420591e-13,9.985463980770611091e-13,1.051236597034830870e-12,1.114043231595227559e-12,1.236788877997704742e-12,1.049771729761273078e-12,1.059991715425676827e-12,9.423065035058263521e-13,9.436063763703254394e-13,6.685538294342929192e-13,9.097232396192453484e-13,3.307428017416935073e-12,7.852756899897070117e-13,8.365312579332240821e-13,9.566468565682056085e-13,8.916486811743981844e-13,7.802511650024720689e-13,1.121301221554026131e-12,9.737027034183748982e-13,8.570725996472341145e-13,9.578207255656078332e-13,1.015542161032831978e-12,1.233988808913905671e-12,1.560907407263569262e-12,7.901961625679332292e-13,7.490519546430692248e-13,8.593756998259647748e-13,6.576453691826934953e-13,7.671116011586611913e-13,9.984190991328804440e-13,9.337915493614519976e-13,1.055377978021916086e-12,1.124036887422950575e-12,1.554383789845169978e-12,1.939233175914664073e-12,6.143129199479807843e-13,7.418985433657928482e-13,6.269565070800000029e-13,5.482234951957150715e-13,7.319108649143733497e-13,9.717900984841401309e-13,5.803856707561175972e-13,1.098306636517257804e-12,1.543385756529951083e-12,1.458592584717627384e-12,5.733456781974546448e-13,1.017707960496647465e-12,1.108054283886290202e-12,1.143397512012486821e-12,1.293243391072053245e-12,1.422923564346396976e-12,2.008682737895554542e-12,1.571121249255272683e-12,1.825408154492374827e-12,1.646458511387378446e-12
9.792061036560510609e-13,1.364719810265324075e-12,1.091068394144797995e-12,1.097232021039403205e-12,1.196564659067514052e-12,1.096391757378794514e-12,1.067711475074052602e-12,1.279980676031032520e-12,9.624802695800285979e-13,9.252181731827101711e-13,7.893201364167393268e-13,1.016831612684407500e-12,9.865685129369442800e-13,1.119180183971634228e-12,1.087342480563899027e-12,1.260469755878467709e-12,1.198504052035349496e-12,9.702798733316075117e-13,1.028853595450260316e-12,9.708024395796767124e-13,1.064271656113992014e-12,1.636862347208330155e-12,9.451483185761901938e-13,9.011891597167303431e-13,1.018064406947923671e-12,1.071892932021427978e-12,1.135870674183996495e-12,1.260865851361498581e-12,1.070356987326528526e-12,1.080828017887061009e-12,9.606962454993898468e-13,9.620513367312465810e-13,6.777327506252735730e-13,9.223803984617342426e-13,3.287488307550449689e-12,8.006397674653846486e-13,8.529089071497336242e-13,9.780445729960894906e-13,8.923214401375550485e-13,7.940785637659092156e-13,1.143250163818704109e-12,9.926745481418896611e-13,8.739049057956746302e-13,9.764807523528558029e-13,1.017336912404288195e-12,1.258091007670362330e-12,1.591486083098405434e-12,8.055924588516938684e-13,7.637498342206353521e-13,8.780982509876603803e-13,6.757057958260988877e-13,7.883353595888149784e-13,1.017875559184590194e-12,9.581226244432301636e-13,1.078681223935239125e-12,1.147086937882202237e-12,1.550474934393132620e-12,1.977396289499034535e-12,6.263681367292320763e-13,7.563776267305049538e-13,6.327594643029709213e-13,5.621630901158127440e-13,7.386918222497785490e-13,9.943433662212277931e-13,5.891730284600009122e-13,1.119598964145209734e-12,1.542153139752407599e-12,1.478183395371106190e-12,5.815012562443204179e-13,1.037708366038845361e-12,1.129835062955981634e-12,1.165807688419834267e-12,1.318750406627064953e-12,1.450242205615441347e-12,2.023956410509761986e-12,1.602153950892228040e-12,1.861432533825344566e-12,1.678922914157877494e-12
9.984680338021581012e-13,1.391562493562597754e-12,1.112559161184718383e-12,1.118825793994945814e-12,1.220110740697363018e-12,1.117956098943009776e-12,1.088638246860630152e-12,1.304828166454142598e-12,9.812586893797043796e-13,9.433880410235989318e-13,8.048542278275939011e-13,1.036862164498482620e-12,1.005984298880291668e-12,1.141202485402913219e-12,1.108725116835297482e-12,1.285175188824127169e-12,1.221840903461282027e-12,9.893037326403562821e-13,1.048998192731572686e-12,9.898904313490168942e-13,1.085189357803347019e-12,1.668579560038917447e-12,9.613158328282775765e-13,9.188996284815731462e-13,1.037912022914085891e-12,1.092911271519392775e-12,1.158073404186999314e-12,1.285317128876439745e-12,1.091298322126024219e-12,1.102030314336423435e-12,9.793915063290953001e-13,9.808079640059277165e-13,6.869778594112134292e-13,9.351334603503290970e-13,3.268174820223944119e-12,8.162657002355684128e-13,8.695670507159698678e-13,9.996418765631749039e-13,8.932039028381609884e-13,8.080622366870314765e-13,1.165512988265327108e-12,1.011952879453943091e-12,8.910316265874369618e-13,9.954308894084745401e-13,1.019102271210388013e-12,1.282595442510246298e-12,1.622586233100785825e-12,8.212337723878564043e-13,7.787035491022949029e-13,8.970012583581663557e-13,6.941991208228860462e-13,8.100575359039352937e-13,1.037630648785250802e-12,9.827748772750498583e-13,1.102201790212429950e-12,1.170391926507801748e-12,1.546982457637027540e-12,2.016234121714218625e-12,6.386335209803441782e-13,7.710756807936270411e-13,6.385527051752800230e-13,5.764403255356080307e-13,7.454615541455218872e-13,1.017108922963252807e-12,5.980485202920597585e-13,1.141227509252657898e-12,1.540946805203411130e-12,1.498108877916602612e-12,5.897234067438354921e-13,1.058059695409007312e-12,1.151998505392252160e-12,1.188602512760193782e-12,1.344716922109630800e-12,1.477962141357066776e-12,2.039800523652684899e-12,1.633750727197177091e-12,1.898108354592121982e-12,1.711970691723453767e-12
1.018070224975927804e-12,1.418878014697544008e-12,1.134432591976341525e-12,1.140801919415204919e-12,1.244073209162840597e-12,1.139900804679454103e-12,1.109926333528521504e-12,1.330069750384393479e-12,1.000351708296139337e-12,9.618757647066132497e-13,8.206638517369666597e-13,1.057249739306291053e-12,1.025744065906281650e-12,1.163614274352575035e-12,1.130484520336919175e-12,1.310306633494219127e-12,1.245504550973953569e-12,1.008657010098755829e-12,1.069488491284018547e-12,1.009314686059738550e-12,1.106474458242753400e-12,1.700763097898763221e-12,9.777091376017615806e-13,9.369212939867349614e-13,1.058089995918597141e-12,1.114293518848457417e-12,1.180652705902723457e-12,1.310141882409798484e-12,1.112597173193593355e-12,1.123600608801986208e-12,9.983927070855347096e-13,9.998770126601186887e-13,6.962880029014952463e-13,9.479809360025723668e-13,3.249462127744760346e-12,8.321543549800698880e-13,8.865066927710482400e-13,1.021432435005779251e-12,8.942889112378694011e-13,8.221908561907617138e-13,1.188088454344350510e-12,1.031537672422600668e-12,9.084543328291662540e-13,1.014670720631787394e-12,1.020838603041969142e-12,1.307500727653424806e-12,1.654207618856397434e-12,8.371200483309664164e-13,7.939143909794103468e-13,9.160804889277070214e-13,7.131257616770176815e-13,8.322769378999660731e-13,1.057683794535484693e-12,1.007732686995736608e-12,1.125933422237579643e-12,1.193949089518819967e-12,1.543888862128680670e-12,2.055750223626333033e-12,6.511102067778211592e-13,7.859923469650288029e-13,6.443350958392965212e-13,5.910591451685095539e-13,7.522187350363094691e-13,1.040077846263840165e-12,6.070116759196176553e-13,1.163188368194489736e-12,1.539766144624874771e-12,1.518337295858207948e-12,5.980112736512752685e-13,1.078763605776339338e-12,1.174546465871372956e-12,1.211782399777303920e-12,1.371147037299474310e-12,1.506073841582089933e-12,2.056175417981885061e-12,1.665917425295177828e-12,1.935441810732921196e-12,1.745606785637240590e-12
1.038014751604688234e-12,1.446668886636708287e-12,1.156691344328989028e-12,1.163162780333479694e-12,1.268454548854691412e-12,1.162228074114419231e-12,1.131577013082855979e-12,1.355704238704780072e-12,1.019759684944330895e-12,9.806829585038378646e-13,8.367508777153558117e-13,1.077996883631609360e-12,1.045850023941276717e-12,1.186417913947468444e-12,1.152622825951931409e-12,1.335865415809130607e-12,1.269492707541864895e-12,1.028341015184102756e-12,1.090325535368992616e-12,1.029077149083109736e-12,1.128128915950061019e-12,1.733409604631378346e-12,9.943296494563723626e-13,9.552558984367649240e-13,1.078598503790283547e-12,1.136041059384437836e-12,1.203609251439740904e-12,1.335338392649533458e-12,1.134254426154579010e-12,1.145540388721477785e-12,1.017699707527628144e-12,1.019258704006405977e-12,7.056619851980229785e-13,9.609212749519446009e-13,3.231326131096625158e-12,8.483061834607242622e-13,9.037283994705253579e-13,1.043409390872624923e-12,8.955693870141299809e-13,8.364519590949954806e-13,1.210974457637151985e-12,1.051428277077254393e-12,9.261741892056988031e-13,1.034199173576428733e-12,1.022546271893035898e-12,1.332804275024448054e-12,1.686348625341468066e-12,8.532507267303558578e-13,8.093832967667232648e-13,9.353311950398099422e-13,7.324850223942415219e-13,8.549909502488742491e-13,1.078033721171568343e-12,1.032979444883818030e-12,1.149869246886095748e-12,1.217754790760631342e-12,1.541177402498786429e-12,2.095946943262238314e-12,6.637990513319755742e-13,8.011267605804470024e-13,6.501055100001145620e-13,6.060230436465889098e-13,7.589620486760386639e-13,1.063240721177071542e-12,6.160619799073192937e-13,1.185476299962157091e-12,1.538610563098485333e-12,1.538835107107696364e-12,6.063639579889892284e-13,1.099821156059941233e-12,1.197480143406304986e-12,1.235346878152576151e-12,1.398044391749750738e-12,1.534565588164511456e-12,2.073039498574456737e-12,1.698659531456770400e-12,1.973438527594187921e-12,1.779835499518003760e-12
1.058303205468539773e-12,1.474936876942701510e-12,1.179337567671805727e-12,1.185910223017543594e-12,1.293256630296099557e-12,1.184939550851006626e-12,1.153590951428693468e-12,1.381729477252590634e-12,1.039482374553205831e-12,9.998107655710081842e-13,8.531168230310073092e-13,1.099105685375626596e-12,1.066303915474970671e-12,1.209615198356520466e-12,1.175141606159208948e-12,1.361852097359111489e-12,1.293802064576956793e-12,1.048356522369009286e-12,1.111509769432576723e-12,1.049179280342350191e-12,1.150154134658808541e-12,1.766514277555286076e-12,1.011178726811195366e-12,9.739047391586393287e-13,1.099437067201005482e-12,1.158154670323503045e-12,1.226943001672053253e-12,1.360903935335621583e-12,1.156270323030085997e-12,1.167850534250987655e-12,1.037311727785997957e-12,1.038952647860495776e-12,7.150985617885528104e-13,9.739528536605875682e-13,3.213743946049390902e-12,8.647211661450572372e-13,9.212322331552946015e-13,1.065565263738940018e-12,8.970382805860494257e-13,8.508318596708037892e-13,1.234167930327637474e-12,1.071623336126576190e-12,9.441918872199804983e-13,1.054014439166242259e-12,1.024225625565241298e-12,1.358502097791033882e-12,1.719006014923064938e-12,8.696246828505998980e-13,8.251107930914395887e-13,9.547480284680361204e-13,7.522749902633269272e-13,8.781954096531910885e-13,1.098678366834381763e-12,1.058497530896213046e-12,1.174001661148975151e-12,1.241804410181005153e-12,1.538831965602715036e-12,2.136825159001692366e-12,6.767005955240542939e-13,8.164774923155332476e-13,6.558628266756671938e-13,6.213350042898315576e-13,7.656901813217652342e-13,1.086587551558578635e-12,6.251988680153357373e-13,1.208084530087826414e-12,1.537479456866949022e-12,1.559566884010622403e-12,6.147805062842286581e-13,1.121232691496333698e-12,1.220799966181250375e-12,1.259294431657291447e-12,1.425412074294819307e-12,1.563423191991474039e-12,2.090349132353554638e-12,1.731982109861641263e-12,2.012103409152915666e-12,1.814660313283677337e-12
1.078936678315144756e-12,1.503682955803049638e-12,1.202372851106216224e-12,1.209045515412943404e-12,1.318480700661854605e-12,1.208036297036737390e-12,1.175968217991516039e-12,1.408142408758290378e-12,1.059518927280420726e-12,1.019259825379141284e-12,8.697628051607327094e-13,1.120577739584591638e-12,1.087106972390892281e-12,1.233207371149208739e-12,1.198041885297430369e-12,1.388266522930259725e-12,1.318428373050855453e-12,1.068703768823476130e-12,1.133041050490456294e-12,1.069622045377245421e-12,1.172550963411701303e-12,1.800070940798365485e-12,1.028257135671098280e-12,9.928686347816292547e-13,1.120604567552979487e-12,1.180634539186528557e-12,1.250653243617160551e-12,1.386834864383670432e-12,1.178644483235199822e-12,1.190531336087277035e-12,1.057227355567175549e-12,1.058957847328760903e-12,7.245961162851172319e-13,9.870737313948342430e-13,3.196695968326457874e-12,8.813987698434771902e-13,9.390177308862686053e-13,1.087891983325503447e-12,8.986885155068387156e-13,8.653155324170333386e-13,1.257664911055879696e-12,1.092120804939388720e-12,9.625076230048516186e-13,1.074113991944113097e-12,1.025877003101274551e-12,1.384588582070270796e-12,1.752174640965049131e-12,8.862402006705823398e-13,8.410969538779668795e-13,9.743250009064864436e-13,7.724921959171254859e-13,9.018845402726875869e-13,1.119614914189293774e-12,1.084268272799170059e-12,1.198322336935905861e-12,1.266092413446886016e-12,1.536837243083946302e-12,2.178383896706567550e-12,6.898149954130212982e-13,8.320425178478030288e-13,6.616059151131395970e-13,6.369972245268121237e-13,7.724016958588894883e-13,1.110107749893179717e-12,6.344213451822707078e-13,1.231004525774172484e-12,1.536371284875439706e-12,1.580495290802663682e-12,6.232600314207640560e-13,1.142997716569245724e-12,1.244505425237341968e-12,1.283622334556137178e-12,1.453252491948048547e-12,1.592629681328550117e-12,2.108058350462515195e-12,1.765889721532855200e-12,2.051440427003440162e-12,1.850083780972030247e-12
1.099915702534566583e-12,1.532907139581130019e-12,1.225798179019458453e-12,1.232569251172509372e-12,1.344127191826741305e-12,1.231518668323441200e-12,1.198708096938456285e-12,1.434938686475351011e-12,1.079867794996312444e-12,1.039030250396534158e-12,8.866896236701334057e-13,1.142414081852358243e-12,1.108259879452966373e-12,1.257194909922325706e-12,1.221323948215357978e-12,1.415107474535170310e-12,1.343366049518491927e-12,1.089382354233226125e-12,1.154918484615561453e-12,1.090405832609877871e-12,1.195319541117282968e-12,1.834071603079754771e-12,1.045567197386883894e-12,1.012147905144482489e-12,1.142099072429316145e-12,1.203480067458955924e-12,1.274738320851644114e-12,1.413126192893561995e-12,1.201375701416477953e-12,1.213582296825279072e-12,1.077444419552904222e-12,1.079272578724615349e-12,7.341540339606698188e-13,1.000282790590030364e-12,3.180157683317065509e-12,8.983379927004041726e-13,9.570838931577001327e-13,1.110380603382073240e-12,9.005131772768222920e-13,8.798868163254631257e-13,1.281460195120698037e-12,1.112917780515541769e-12,9.811210850670865126e-13,1.094494424868308892e-12,1.027500903471499648e-12,1.411056569416076774e-12,1.785847479477207826e-12,9.030949787583068122e-13,8.573414765378338763e-13,9.940554832589885825e-13,7.931325127407011879e-13,9.260507787724243518e-13,1.140839583269931611e-12,1.110272254824075691e-12,1.222822032151053733e-12,1.290611966043208982e-12,1.535178027207182425e-12,2.220620729695311718e-12,7.031421576470660529e-13,8.478192498484921445e-13,6.673337654702515899e-13,6.530119674730411278e-13,7.790956463334533687e-13,1.133790045153589774e-12,6.437295461938316749e-13,1.254226098229409164e-12,1.535287583920548196e-12,1.601581261546329466e-12,6.318013258043367672e-13,1.165114969039494141e-12,1.268595212321607403e-12,1.308326659894471172e-12,1.481567501601338754e-12,1.622165286190009098e-12,2.126120016375312735e-12,1.800386360494047519e-12,2.091453005275054817e-12,1.886106686699889796e-12
1.121240066892942786e-12,1.562608305043231914e-12,1.249613697125368525e-12,1.256481189147812233e-12,1.370195648190703031e-12,1.255386191569597939e-12,1.221809059284558608e-12,1.462112867632243881e-12,1.100526603214328554e-12,1.059121418322797812e-12,9.038974420279732947e-13,1.164615012152724990e-12,1.129762568776838833e-12,1.281577508472349409e-12,1.244987302099552805e-12,1.442372792725744656e-12,1.368608416385558197e-12,1.110391118652056360e-12,1.177140376297824354e-12,1.111530304902820238e-12,1.218459222608596612e-12,1.868506597822653568e-12,1.063109610917109602e-12,1.031742167900299359e-12,1.163917807341931216e-12,1.226689849809799159e-12,1.299195696981872298e-12,1.439771839756860402e-12,1.224461938150161662e-12,1.237002110305260106e-12,1.097959913512205172e-12,1.099894304449600132e-12,7.437706277867489944e-13,1.013577986608432846e-12,3.164111691806062455e-12,9.155370981458753603e-13,9.754289758115237847e-13,1.133021428616674732e-12,9.025050852995593680e-13,8.945278878150764663e-13,1.305547529708849240e-12,1.134010480708931798e-12,1.000031239775175258e-12,1.115151428334371677e-12,1.029097662464238162e-12,1.437896538830786368e-12,1.820014697742170455e-12,9.201859185173063860e-13,8.738433768349763642e-13,1.013931946858983388e-12,8.141895474613745514e-13,9.506846881881436120e-13,1.162347658501751478e-12,1.136488749704624852e-12,1.247490532679532154e-12,1.315355166355148144e-12,1.533839934675996321e-12,2.263530171427749690e-12,7.166814064841094159e-13,8.638043035536192803e-13,6.730452711972022705e-13,6.693800794503425290e-13,7.857706278848717019e-13,1.157622333626449108e-12,6.531224012473868693e-13,1.277736600384819751e-12,1.534226847143508475e-12,1.622783584231101499e-12,6.404034146752995502e-13,1.187581893584834243e-12,1.293066557159058259e-12,1.333401706339078556e-12,1.510357811529730862e-12,1.652006545797300864e-12,2.144483938447418279e-12,1.835475378730532789e-12,2.132142890718558038e-12,1.922728944461823878e-12
1.142908744622604769e-12,1.592784012703861548e-12,1.273818657969941694e-12,1.280780155974099330e-12,1.396684509002903162e-12,1.279637434137987936e-12,1.245268553396758595e-12,1.489658007207324028e-12,1.121492053356296920e-12,1.079531933517231427e-12,9.213858543766566481e-13,1.187180005865284275e-12,1.151614178355066541e-12,1.306353835409173952e-12,1.269030461681845431e-12,1.470058999737871923e-12,1.394147296500296701e-12,1.131728027257335639e-12,1.199704048304229805e-12,1.132994297891710550e-12,1.241968400225005338e-12,1.903364130385421213e-12,1.080885505157143235e-12,1.051650316231524477e-12,1.186056967865012028e-12,1.250261458317575300e-12,1.324021666543962823e-12,1.466764193536639000e-12,1.247900099612441671e-12,1.260788441955783488e-12,1.118769858346611851e-12,1.120819540755243487e-12,7.534444931567915814e-13,1.026957467943966061e-12,3.148539373351123162e-12,9.329936528922868249e-13,9.940504682321318829e-13,1.155803725482387774e-12,9.046569881096387577e-13,9.092194725864252436e-13,1.329919254416931641e-12,1.155394062954909664e-12,1.019236306640084417e-12,1.136079616412362672e-12,1.030667628143003935e-12,1.465096615170055361e-12,1.854663587305623609e-12,9.375091216197405738e-13,8.906010548985563800e-13,1.033945961610959913e-12,8.356555071804478582e-13,9.757747934706530008e-13,1.184133272378624245e-12,1.162896005657770326e-12,1.272316460330358520e-12,1.340312655539231013e-12,1.532808718851655647e-12,2.307103913765527743e-12,7.304316244766013439e-13,8.799935261253046890e-13,6.787393601257654894e-13,6.861018510614826839e-13,7.924253838284791321e-13,1.181591579077646321e-12,6.625991641845354906e-13,1.301520975027459780e-12,1.533188535340899685e-12,1.644059105902399818e-12,6.490651822241881619e-13,1.210394673817310174e-12,1.317915308745932699e-12,1.358839952902427999e-12,1.539623046469518021e-12,1.682126227320464230e-12,2.163098021204400589e-12,1.871159423851914050e-12,2.173510421386910969e-12,1.959948734739503236e-12
1.164919820680958572e-12,1.623430351691688841e-12,1.298411286415259916e-12,1.305463922195105887e-12,1.423591018599406658e-12,1.304269903950870674e-12,1.269082972083461914e-12,1.517565671282239456e-12,1.142759877988015276e-12,1.100259550370186893e-12,9.391538016841412057e-13,1.210107613608425470e-12,1.173812945379349620e-12,1.331521484712939342e-12,1.293450901990081465e-12,1.498161284421697520e-12,1.419973056829554326e-12,1.153390123445012194e-12,1.222605808103761008e-12,1.154795761385140939e-12,1.265844447863737739e-12,1.938630276328116372e-12,1.098895947713380949e-12,1.071870433656469949e-12,1.208511696836097406e-12,1.274191409333151802e-12,1.349211341831215863e-12,1.494094151069311201e-12,1.271686011603124096e-12,1.284937894266092213e-12,1.139869273870153733e-12,1.142043825235974308e-12,7.631741908424735421e-13,1.040419336835390008e-12,3.133423015770157894e-12,9.507044534287396950e-13,1.012945039198827841e-12,1.178715733567171406e-12,9.069615081143062338e-13,9.239407443729651727e-13,1.354566335206399675e-12,1.177062608661014113e-12,1.038733699065298502e-12,1.157272514311780210e-12,1.032211160271871048e-12,1.492642200299781530e-12,1.889778053890487841e-12,9.550598389277533987e-13,9.076122237862874181e-13,1.054088139415767000e-12,8.575208647457087862e-13,1.001307506283934475e-12,1.206189402886613749e-12,1.189471183549390300e-12,1.297287254917576672e-12,1.365473661296204954e-12,1.532070449347372077e-12,2.351330105737931276e-12,7.443911533126698134e-13,8.963819427017387833e-13,6.844149765021514631e-13,7.031767125290106531e-13,7.990586802079421346e-13,1.205683776034533473e-12,6.721590442267770185e-13,1.325561426112631709e-12,1.532172142434588702e-12,1.665362764942215684e-12,6.577854863959731713e-13,1.233547994217857053e-12,1.343135645283413909e-12,1.384631757569399860e-12,1.569361458454204821e-12,1.712492898291084602e-12,2.181908096356914479e-12,1.907440250300076268e-12,2.215554049692460570e-12,1.997762174448300627e-12
1.187270340982594605e-12,1.654541703457534290e-12,1.323388605477344122e-12,1.330529037630176576e-12,1.450911031784487432e-12,1.329279884816580960e-12,1.293247500890130489e-12,1.545825768761470536e-12,1.164324712425103728e-12,1.121301054834597523e-12,9.571994703312784215e-13,1.233395313814120287e-12,1.196356065253089029e-12,1.357076794016693931e-12,1.318244889104796869e-12,1.526673304303118637e-12,1.446074464312621584e-12,1.175373397630296387e-12,1.245840807048721370e-12,1.176931619573906464e-12,1.290083563723114701e-12,1.974288749837455523e-12,1.117141938458120851e-12,1.092399675483037414e-12,1.231275952942972976e-12,1.298475009619725891e-12,1.374758492676538305e-12,1.521750953521659456e-12,1.295814271383339728e-12,1.309445849515112083e-12,1.161252060383116478e-12,1.163561595776816515e-12,7.729582420181733571e-13,1.053961638370987480e-12,3.118745742801602269e-12,9.686654365232708912e-13,1.032108433594135177e-12,1.201744551230373291e-12,9.094110999457737147e-13,9.386692677182067510e-13,1.379478229240707291e-12,1.199009002638256602e-12,1.058519913343001014e-12,1.178722444142792497e-12,1.033728616791154812e-12,1.520515570995582645e-12,1.925338063155934885e-12,9.728323826045962693e-13,9.248738196025625560e-13,1.074348036392888866e-12,8.797742469029954233e-13,1.027267000380465326e-12,1.228507753507205303e-12,1.216190304535132074e-12,1.322389046117921266e-12,1.390825866995296152e-12,1.531611419420210151e-12,2.396192601677010543e-12,7.585577308624093919e-13,9.129636746313027004e-13,6.900710790446316001e-13,7.206031450978233336e-13,8.056692992671237721e-13,1.229883835837363536e-12,6.818012027047873725e-13,1.349837075653166691e-12,1.531177174618855863e-12,1.686647608212688274e-12,6.665631473007393582e-13,1.257034773388531681e-12,1.368719786905713267e-12,1.410765013329182329e-12,1.599569606327191737e-12,1.743070481453160323e-12,2.200857977574545955e-12,1.944318511390939710e-12,2.258269771959407762e-12,2.036162743947354720e-12
1.209956174090689036e-12,1.686110490583643950e-12,1.348746251911264358e-12,1.355970654889549721e-12,1.478638806723641040e-12,1.354662264542147272e-12,1.317755972178528461e-12,1.574426394501727367e-12,1.186179986065525125e-12,1.142652140375097455e-12,9.755201881725176033e-13,1.257039340531175571e-12,1.219239542738361243e-12,1.383014660647074277e-12,1.343407310809859065e-12,1.555586994772914164e-12,1.472438561094465964e-12,1.197672660257968962e-12,1.269402905785960648e-12,1.199397631895064325e-12,1.314680610694928889e-12,2.010320709546913785e-12,1.135624407990709794e-12,1.113234148751943657e-12,1.254342388277391700e-12,1.323106207561378978e-12,1.400655395264365125e-12,1.549722041266714290e-12,1.320278107103249345e-12,1.334306317334039550e-12,1.182910889299591162e-12,1.185366077557376673e-12,7.827951293311692545e-13,1.067582361729373754e-12,3.104491478064183825e-12,9.868715903295525562e-13,1.051535374500794013e-12,1.224876038323019730e-12,9.119980211317793511e-13,9.533809606157927003e-13,1.404642767333843914e-12,1.221224823250902643e-12,1.078590421397907115e-12,1.200420422153980989e-12,1.035220354157557490e-12,1.548695443799317059e-12,1.961319025347080027e-12,9.908200440646184669e-13,9.423819147545310069e-13,1.094714068531267691e-12,9.024023282044084330e-13,1.053635100925453890e-12,1.251078646125450049e-12,1.243028207896353749e-12,1.347606545082854109e-12,1.416355301915032522e-12,1.531418085930996764e-12,2.441670089207953568e-12,7.729284260138785876e-13,9.297318694445756298e-13,6.957066413415674711e-13,7.383785922105661164e-13,8.122560405776148806e-13,1.254175488193533624e-12,6.915247531706117439e-13,1.374323608511409615e-12,1.530203150062816737e-12,1.707864863187197596e-12,6.753969440596460379e-13,1.280845871604422557e-12,1.394657654841888683e-12,1.437224774393549120e-12,1.630241946765159201e-12,1.773817797115101945e-12,2.219889567585474392e-12,1.981793478162542275e-12,2.301650440125746967e-12,2.075140618665382548e-12
1.232971847050946024e-12,1.718126886477002039e-12,1.374478258379523192e-12,1.381782323981850449e-12,1.506766767759857944e-12,1.380410338070826481e-12,1.342600703446833294e-12,1.603353661499738027e-12,1.208317797496104684e-12,1.164307270227211442e-12,9.941123068512011805e-13,1.281034489673716762e-12,1.242458021393402066e-12,1.409328331606714833e-12,1.368931484725435847e-12,1.584892356875044885e-12,1.499050533428461592e-12,1.220281401395399699e-12,1.293284526155898982e-12,1.222188236004192757e-12,1.339628936652793994e-12,2.046704546510404042e-12,1.154344215416608664e-12,1.134368776365480757e-12,1.277702215724218118e-12,1.348077428135032066e-12,1.426892666585801397e-12,1.577992899446174188e-12,1.345069223318477524e-12,1.359511764988900370e-12,1.204837085363520794e-12,1.207449160703359257e-12,7.926832980058283926e-13,1.081279441686826462e-12,3.090644901058926739e-12,1.005316858047363309e-12,1.071219456789395514e-12,1.248094718310054100e-12,9.147143046716486244e-13,9.680500711107556354e-13,1.430046030492774998e-12,1.243700225002255128e-12,1.098939552657490488e-12,1.222356049674353973e-12,1.036686728897632865e-12,1.577156488633290459e-12,1.997691087917781104e-12,1.009015006573602730e-12,9.601316229778438998e-13,1.115173426696082088e-12,9.253897272842630993e-13,1.080391178654375576e-12,1.273890907522851890e-12,1.269958504535984956e-12,1.372922935464833831e-12,1.442046229156225272e-12,1.531477012722864737e-12,2.487735025403298628e-12,7.874995664888735029e-13,9.466786238782382529e-13,7.013206528677831377e-13,7.564993663013027426e-13,8.188177222184422563e-13,1.278541181553722705e-12,7.013287614738169118e-13,1.398992889018660317e-12,1.529249599395692806e-12,1.728964030742348232e-12,6.842856145318088247e-13,1.304969746425506296e-12,1.420936478084742485e-12,1.463992826008825234e-12,1.661370314519220170e-12,1.804688088293944920e-12,2.238942991657418905e-12,2.019862609515770782e-12,2.345684802258759341e-12,2.114681858347628346e-12
1.256310359775971188e-12,1.750578480540849064e-12,1.400576799239148778e-12,1.407955755661245883e-12,1.535285231706874196e-12,1.406515582564586714e-12,1.367772317096130986e-12,1.632591519436144987e-12,1.230728778527140185e-12,1.186259522861081748e-12,1.012971067776621157e-12,1.305373891858657332e-12,1.266004587965672272e-12,1.436009161964536241e-12,1.394808939291235770e-12,1.614577219703817585e-12,1.525893572413023853e-12,1.243191634299542702e-12,1.317476486984444485e-12,1.245296369423547645e-12,1.364920170586374181e-12,2.083415653383394822e-12,1.173302145944652422e-12,1.155797144011249073e-12,1.301345064149412965e-12,1.373379388470171787e-12,1.453459081689066725e-12,1.606546892034989108e-12,1.370177630090597895e-12,1.385052927242965776e-12,1.227020498840313018e-12,1.229801266789839226e-12,8.026211567279921816e-13,1.095050759714463128e-12,3.077191402653341493e-12,1.023994032858255667e-12,1.091153030642155721e-12,1.271383678895488230e-12,9.175517331270847070e-13,9.826491699284534651e-13,1.455672218813295740e-12,1.266423811941123931e-12,1.119560363033204677e-12,1.244517396336207592e-12,1.038128094882219670e-12,1.605868786068043740e-12,2.034418327601659500e-12,1.027408251574464141e-12,9.781169947112961124e-13,1.135711990263665913e-12,9.487189061911635429e-13,1.107512049329919045e-12,1.296931747982751256e-12,1.296953525392920138e-12,1.398319762745409612e-12,1.467881029629267616e-12,1.531774815628346990e-12,2.534352347769110189e-12,8.022666596340963168e-13,9.637949023235494089e-13,7.069121196943765908e-13,7.749605512782493861e-13,8.253531816221193264e-13,1.302961981634576044e-12,7.112122457118474813e-13,1.423812549451642692e-12,1.528316065517128606e-12,1.749893005927178879e-12,6.932278559124869245e-13,1.329392050117614567e-12,1.447540330175688374e-12,1.491047193563161375e-12,1.692943249082883400e-12,1.835628532113785056e-12,2.257956760250323949e-12,2.058520875256946711e-12,2.390356190679622645e-12,2.154767374933176302e-12
1.279962971027655577e-12,1.783449893242487312e-12,1.427031895023330161e-12,1.434480549703318503e-12,1.564182092924425788e-12,1.432967400924635066e-12,1.393259540391829276e-12,1.662121559723458700e-12,1.253401947374047094e-12,1.208500419073397317e-12,1.032090449839706448e-12,1.330048749187703042e-12,1.289870548419975928e-12,1.463046337556240423e-12,1.421029164457489775e-12,1.644626975510241091e-12,1.552948727273485550e-12,1.266393721806854178e-12,1.341967822840004978e-12,1.268713267594271792e-12,1.390543992024904668e-12,2.120426180949263403e-12,1.192498908451487878e-12,1.177511328121682551e-12,1.325258821121617566e-12,1.399000892551605030e-12,1.480341372941346291e-12,1.635365084879225772e-12,1.395591454852282815e-12,1.410918594213837900e-12,1.249449367659132476e-12,1.252411203977431532e-12,8.126070784541140191e-13,1.108894144940465476e-12,3.064117043068714765e-12,1.042894643950291069e-12,1.111327074679804564e-12,1.294724472086699487e-12,9.205018146792446860e-13,9.971491619881351120e-13,1.481503513369122170e-12,1.289382502034972687e-12,1.140444490195450927e-12,1.266890875890720208e-12,1.039544804130506371e-12,1.634797225902102936e-12,2.071457832732577764e-12,1.045989458938354316e-12,9.963309023272546508e-13,1.156314240080775612e-12,9.723700739871139760e-13,1.134971879957043229e-12,1.320186632404386410e-12,1.323984265693450930e-12,1.423776822863869079e-12,1.493840082975553153e-12,1.532298109723778265e-12,2.581477916990634732e-12,8.172243059246299270e-13,9.810704507012442184e-13,7.124800651020612503e-13,7.937559010796884992e-13,8.318612762705183012e-13,1.327417469179452914e-12,7.211741761372653327e-13,1.448745553172341165e-12,1.527402103168647547e-12,1.770598228382027630e-12,7.022223256454698123e-13,1.354095160689481464e-12,1.474449587373700877e-12,1.518361585330620002e-12,1.724945122502605061e-12,1.866579746295426962e-12,2.276867962159516835e-12,2.097759668666366456e-12,2.435640712968887327e-12,2.195371601801088727e-12
1.303918958025771755e-12,1.816722334233216671e-12,1.453831064434953050e-12,1.461343883120983116e-12,1.593442461389417062e-12,1.459752829607534276e-12,1.419048984027317183e-12,1.691922807018505849e-12,1.276324547676198192e-12,1.231019728860721704e-12,1.051462996533205435e-12,1.355048028411295308e-12,1.314045171719433681e-12,1.490426557143107041e-12,1.447579328356850580e-12,1.675024285137103566e-12,1.580194751786891342e-12,1.289876184197931722e-12,1.366745584607951896e-12,1.292428235585906657e-12,1.416487870654292895e-12,2.157704780261520903e-12,1.211935133063265933e-12,1.199501702728616466e-12,1.349429462790040228e-12,1.424928603320614855e-12,1.507524010288674720e-12,1.664426058005904464e-12,1.421296735947029133e-12,1.437095375245554463e-12,1.272110169373465794e-12,1.275266010450097604e-12,8.226394012733559719e-13,1.122807375183047071e-12,3.051408512980209213e-12,1.062008833314399024e-12,1.131731058277637855e-12,1.318097014583848606e-12,9.235557615091334831e-13,1.011519319619269814e-12,1.507519931659610492e-12,1.312561382592040770e-12,1.161581994176559153e-12,1.289461114881733971e-12,1.040937206598692987e-12,1.663900845701742037e-12,2.108758667143872767e-12,1.064746901258501290e-12,1.014764914632972873e-12,1.176963171421731458e-12,9.963210958693724032e-13,1.162742103196512201e-12,1.343639144243062884e-12,1.351020326030493184e-12,1.449272051073671060e-12,1.519901646241535007e-12,1.533033458986837480e-12,2.629056640925432652e-12,8.323661055630652657e-13,9.984937064299360557e-13,7.180235301370119491e-13,8.128777347524864478e-13,8.383408843639106562e-13,1.351885637995872678e-12,7.312134751160028498e-13,1.473749736718042202e-12,1.526507278452866111e-12,1.791024864600955711e-12,7.112676423568090479e-13,1.379057637037320313e-12,1.501640296240892068e-12,1.545904762896850833e-12,1.757355006288634586e-12,1.897475302166270734e-12,2.295612488020335755e-12,2.137565034099100742e-12,2.481504769493543691e-12,2.236460779209457501e-12
1.328165342466219246e-12,1.850373095665054273e-12,1.480958924053196033e-12,1.488530152761160394e-12,1.623048246269405982e-12,1.486856206066168417e-12,1.445124897326751590e-12,1.721971496938151219e-12,1.299481875924765614e-12,1.253805255881376910e-12,1.071079619670386155e-12,1.380358103463685631e-12,1.338515396918824522e-12,1.518133668219427061e-12,1.474443955488082229e-12,1.705748750914108654e-12,1.607607944206070229e-12,1.313625486849310314e-12,1.391794620409043308e-12,1.316428390151711786e-12,1.442736772448100278e-12,2.195216331300188732e-12,1.231611368763150902e-12,1.221756722827457341e-12,1.373840870299170374e-12,1.451146790018885018e-12,1.534988961175435758e-12,1.693705707254011678e-12,1.447277196439308024e-12,1.463567436386303620e-12,1.294987462599406337e-12,1.298350785599977105e-12,8.327164293183081677e-13,1.136788178047895805e-12,3.039053098065530936e-12,1.081325222600332350e-12,1.152352792454088516e-12,1.341479489145060454e-12,9.267044707126148809e-13,1.025727340140335868e-12,1.533699176949536008e-12,1.335943556610696280e-12,1.182961182065321512e-12,1.312210814248331229e-12,1.042305650188747572e-12,1.693132109630325555e-12,2.146260708920836132e-12,1.083667332170855424e-12,1.033409159860355248e-12,1.197640207437679547e-12,1.020547409034659957e-12,1.190791341240859275e-12,1.367270842391163560e-12,1.378029851158128235e-12,1.474781411714050292e-12,1.546041730883211368e-12,1.533967328282758598e-12,2.677020223583322708e-12,8.476845539670015867e-13,1.016051703473963560e-12,7.235415740687481768e-13,8.323168284962800163e-13,8.447909054531076034e-13,1.376342794083637289e-12,7.413290171399451127e-13,1.498777336958839984e-12,1.525631168377135718e-12,1.811117021460176656e-12,7.203623868076657177e-13,1.404253587914196000e-12,1.529083436693306394e-12,1.573639833960237739e-12,1.790145204144324368e-12,1.928241258630864899e-12,2.314125283359468342e-12,2.177914749451158264e-12,2.527901629866849099e-12,2.277990753354090660e-12
1.352686579810453915e-12,1.884374973084999759e-12,1.508396721912284258e-12,1.516020566166653920e-12,1.652977678541214689e-12,1.514258791328555138e-12,1.471468898051020871e-12,1.752240839809690514e-12,1.322857095624550422e-12,1.276842597230600042e-12,1.090929376626208529e-12,1.405962339826817800e-12,1.363265499198148899e-12,1.546148249912029695e-12,1.501604561433385933e-12,1.736776553989647821e-12,1.635161981064652376e-12,1.337625805871571765e-12,1.417097335324910977e-12,1.340698368493951855e-12,1.469272828338667634e-12,2.232921659338093517e-12,1.251528081131333835e-12,1.244262682130160889e-12,1.398474632128310154e-12,1.477637048474493628e-12,1.562715428739501204e-12,1.723177035312805860e-12,1.473513996771742004e-12,1.490316208928698485e-12,1.318063717631437409e-12,1.321648508423496904e-12,8.428364337597768795e-13,1.150834232089296379e-12,3.027038649614116632e-12,1.100830770136850394e-12,1.173178268721810090e-12,1.364848247555346444e-12,9.299385079539332139e-13,1.039739430321276551e-12,1.560016481855869651e-12,1.359509979967621572e-12,1.204568415496220924e-12,1.335120603967920384e-12,1.043650480442278302e-12,1.722436130621440142e-12,2.183893361598467462e-12,1.102735868780621074e-12,1.052252176348153470e-12,1.218325113612752325e-12,1.045021946510011338e-12,1.219085340359190927e-12,1.391061111161409489e-12,1.404979467429335302e-12,1.500278789561821440e-12,1.572233978668018052e-12,1.535086037529425708e-12,2.725284479898491728e-12,8.631709317160134621e-13,1.033729973719622018e-12,7.290332751674641356e-13,8.520623052269482538e-13,8.512102610340090807e-13,1.400763456635606678e-12,7.515196289552398278e-13,1.523774511945770268e-12,1.524773360238650266e-12,1.830817992203682700e-12,7.295051031914459575e-13,1.429651944530309788e-12,1.556744068800592328e-12,1.601523464072046864e-12,1.823279345318397961e-12,1.958795735178658629e-12,2.332340630829002526e-12,2.218773496872739738e-12,2.574766721492077344e-12,2.319904160157812872e-12
1.377464206993452682e-12,1.918695589227524876e-12,1.536121785294246503e-12,1.543792661482448445e-12,1.683204768260552691e-12,1.541938334437169953e-12,1.498059677397066012e-12,1.782700774455448696e-12,1.346431037914910789e-12,1.300114878450364799e-12,1.110999219264033141e-12,1.431840614034668065e-12,1.388276702260618305e-12,1.574447138357243038e-12,1.529039241195631415e-12,1.768080056645354878e-12,1.662827748457285143e-12,1.361858771816505056e-12,1.442633430644313198e-12,1.365220001926436714e-12,1.496074963964636510e-12,2.270777235697191121e-12,1.271685649006046891e-12,1.267003438014837656e-12,1.423309833962792966e-12,1.504377994396615678e-12,1.590679569682779625e-12,1.752809935884132607e-12,1.499985467480185230e-12,1.517320069072349296e-12,1.341319137994687621e-12,1.345139844609791817e-12,8.529976538560631328e-13,1.164943168468582183e-12,3.015353524106863129e-12,1.120510619813427305e-12,1.194191486822926248e-12,1.388177717958917606e-12,9.332480946939348507e-13,1.053520420978982531e-12,1.586444449384072347e-12,1.383239291476748811e-12,1.226387901199409452e-12,1.358168892905486990e-12,1.044972041081761628e-12,1.751749846268698921e-12,2.221574129871579801e-12,1.121935869940580889e-12,1.071280751331444418e-12,1.238995915392634784e-12,1.069715070856995214e-12,1.247586918589335087e-12,1.414987005834997974e-12,1.431834221874242777e-12,1.525735885994983214e-12,1.598449539876619203e-12,1.536375720140594527e-12,2.773746145208594843e-12,8.788151799956407116e-13,1.051512446093527708e-12,7.344977315843750938e-13,8.721015228599641631e-13,8.575978953712688478e-13,1.425120263830163415e-12,7.617840894939386052e-13,1.548680869623506077e-12,1.523933452359964789e-12,1.850070536618404312e-12,7.386942967940171927e-13,1.455215625459835510e-12,1.584580353311551645e-12,1.629505003241427119e-12,1.856709923925770698e-12,1.989048550298217455e-12,2.350192443446180057e-12,2.260084834956870127e-12,2.622011161990544304e-12,2.362126817300203342e-12
1.402476439392005874e-12,1.953296654401252195e-12,1.564106903186514304e-12,1.571819788354367652e-12,1.713698662570134550e-12,1.569868593381840257e-12,1.524872670118627142e-12,1.813317696613577984e-12,1.370181980599208238e-12,1.323602450690377879e-12,1.131273705693305230e-12,1.457968743968288822e-12,1.413526751013335103e-12,1.603002884000683491e-12,1.556722202144226947e-12,1.799627355864041045e-12,1.690573164464350737e-12,1.386303187424030329e-12,1.468379617082511555e-12,1.389971945738106484e-12,1.523118476169170929e-12,2.308734861998139645e-12,1.292084362446327345e-12,1.289960111960891854e-12,1.448322832216494156e-12,1.531344923208197780e-12,1.618854185288664815e-12,1.782570962320963761e-12,1.526666813370297174e-12,1.544553978488955523e-12,1.364731468632603585e-12,1.368802938389033430e-12,8.631982976032365268e-13,1.179112571460944992e-12,3.003986599806346096e-12,1.140347928880525686e-12,1.215374268754459566e-12,1.411440313901667717e-12,9.366230978098756226e-13,1.067033912038689274e-12,1.612952886908409513e-12,1.407107632696623069e-12,1.248401461214044187e-12,1.381331711016057682e-12,1.046270673317416618e-12,1.781001149791366755e-12,2.259207099745149173e-12,1.141248804432310717e-12,1.090479745354650889e-12,1.259628816904065563e-12,1.094594517709102319e-12,1.276255924556673729e-12,1.439023089658127776e-12,1.458557520209778475e-12,1.551122115808024482e-12,1.624656950039282923e-12,1.537822277969907277e-12,2.822279155077753486e-12,8.946057761812946400e-13,1.069381335792626108e-12,7.399340592252686762e-13,8.924199580833373037e-13,8.639527755179012506e-13,1.449383880619793435e-12,7.721211298460020645e-13,1.573429017200984477e-12,1.523111052596167098e-12,1.868817180218923705e-12,7.479284402680281804e-13,1.480900587370335619e-12,1.612542421075930803e-12,1.657525535611618510e-12,1.890375112859058459e-12,2.018900934907104573e-12,2.367614613005037065e-12,2.301757940957981799e-12,2.669512924591267435e-12,2.404563247680949335e-12
1.427697742827173575e-12,1.988133119309764908e-12,1.592319605754319893e-12,1.600070501030174241e-12,1.744422972413758477e-12,1.598018799287403092e-12,1.551879708795275618e-12,1.844054202046856411e-12,1.394085439831584213e-12,1.347282580026821579e-12,1.151734687107466308e-12,1.484317866609864906e-12,1.438989427773340484e-12,1.631783138647684760e-12,1.584623242660911934e-12,1.831381813636199673e-12,1.718363003156224026e-12,1.410934719365950698e-12,1.494309307622484613e-12,1.414929272929180292e-12,1.550374581271274057e-12,2.346741394084776263e-12,1.312724422110048856e-12,1.313110762748753851e-12,1.473487014336887338e-12,1.558509441668710860e-12,1.647208393781818067e-12,1.812423097967912320e-12,1.553529805360917999e-12,1.571989103043367448e-12,1.388275797096933118e-12,1.392613193529086318e-12,8.734365434822893220e-13,1.193339979933018637e-12,2.992927234420449667e-12,1.160323710340832187e-12,1.236706060091103075e-12,1.434606345756078778e-12,9.400530226762036331e-13,1.080242452160466968e-12,1.639508638144465553e-12,1.431088459719024874e-12,1.270588283737751507e-12,1.404582545847010807e-12,1.047546713936456522e-12,1.810108033455348052e-12,2.296681347480582172e-12,1.160654124479853104e-12,1.109831903386115348e-12,1.280198121838707818e-12,1.119625351082569686e-12,1.305049212001090060e-12,1.463141268038918598e-12,1.485111067304042983e-12,1.576404509218977809e-12,1.650822007125138281e-12,1.539411346827865519e-12,2.870730403678440332e-12,9.105295936632233076e-13,1.087317049152534246e-12,7.453413968598508730e-13,9.130010983883392236e-13,8.702738919931298849e-13,1.473522910346191353e-12,7.825294344924645699e-13,1.597944158769397600e-12,1.522305775970795593e-12,1.887000576799612874e-12,7.572059725630607472e-13,1.506654780676089308e-12,1.640571139115526546e-12,1.685516881443782698e-12,1.924194769234228450e-12,2.048245407906267068e-12,2.384541357844446400e-12,2.343645796262804065e-12,2.717104999406957406e-12,2.447091029066502703e-12
1.453098346816898128e-12,2.023152249454130674e-12,1.620721363312523162e-12,1.628507900118900644e-12,1.775334990615423832e-12,1.626353066118530249e-12,1.579048661604117208e-12,1.874868814605756057e-12,1.418113928235842655e-12,1.371129101197886694e-12,1.172360965061842794e-12,1.510853720420079369e-12,1.464634018737838353e-12,1.660750009621109529e-12,1.612707207890973768e-12,1.863301564820654845e-12,1.746158734739856605e-12,1.435725591241590204e-12,1.520392310088574512e-12,1.440063045240899921e-12,1.577809923729667952e-12,2.384738410857744861e-12,1.333605933787110647e-12,1.336430027047112281e-12,1.498772568046960045e-12,1.585839095252626208e-12,1.675707305339684702e-12,1.842325535894266873e-12,1.580542463696848210e-12,1.599592413224689211e-12,1.411924360600363971e-12,1.416543060513180923e-12,8.837105417874075585e-13,1.207622890723779431e-12,2.982165220226525745e-12,1.180416647047264922e-12,1.258163736759183121e-12,1.457643954752067897e-12,9.435270139463030983e-13,1.093107762776972921e-12,1.666075434392859907e-12,1.455152367830655663e-12,1.292924674798160237e-12,1.427892193248920139e-12,1.048800499277025989e-12,1.838977780312689293e-12,2.333869369904426944e-12,1.180129133894213129e-12,1.129317667188165818e-12,1.300676171720472704e-12,1.144769936652449805e-12,1.333920635770629083e-12,1.487310634910063590e-12,1.511454824549779835e-12,1.601547636075635401e-12,1.676907674418931713e-12,1.541128262767822467e-12,2.918915099159673602e-12,9.265717558160526526e-13,1.105298070150689853e-12,7.507189029258561958e-13,9.338263259481636222e-13,8.765602602277370818e-13,1.497503828615028701e-12,7.930076408256177757e-13,1.622143803338856346e-12,1.521517249893629936e-12,1.904563873515281816e-12,7.665252979154031545e-13,1.532417017333388318e-12,1.668596762159624597e-12,1.713400574420038831e-12,1.958065479308409973e-12,2.076965821935117911e-12,2.400907596354362952e-12,2.385510036199010516e-12,2.764559873388524550e-12,2.489554040237474203e-12
1.478643714598697337e-12,2.058292593468291475e-12,1.649266669532749336e-12,1.657088893748886586e-12,1.806384830598339990e-12,1.654829741239653235e-12,1.606343035676077186e-12,1.905715712063332274e-12,1.442236720012845540e-12,1.395112046016211405e-12,1.193127905150346971e-12,1.537535828815387077e-12,1.490424720851183474e-12,1.689859305133859950e-12,1.640933360268637362e-12,1.895338975539020951e-12,1.773918354261136142e-12,1.460644234989020293e-12,1.546594483671550784e-12,1.465339824655786029e-12,1.605386029923032882e-12,2.422661929733024874e-12,1.354728904942895294e-12,1.359888733350706802e-12,1.524146225255240114e-12,1.613296947932371443e-12,1.704311661302767726e-12,1.872233445129247900e-12,1.607668712601253105e-12,1.627326241975486496e-12,1.435646335949315598e-12,1.440561802000166243e-12,8.940184158438135619e-13,1.221958759167615123e-12,2.971690777425152874e-12,1.200602911157259702e-12,1.279721389907952366e-12,1.480519040741798860e-12,9.470338566640247571e-13,1.105590989687827796e-12,1.692613731936205214e-12,1.479266898169272644e-12,1.315383778486291787e-12,1.451228593247618502e-12,1.050032362703083615e-12,1.867506198610392121e-12,2.370625518190105359e-12,1.199648854966355830e-12,1.148914965887754384e-12,1.321033279740395536e-12,1.169987926242043557e-12,1.362821059868698335e-12,1.511497306433033533e-12,1.537546963137408003e-12,1.626513525137171141e-12,1.702873972330610883e-12,1.542958029088959949e-12,2.966611519553544054e-12,9.427154848789890346e-13,1.123300858719287366e-12,7.560657573967762637e-13,9.548748097353441884e-13,8.828109204220667241e-13,1.521290912704606027e-12,8.035543400687643818e-13,1.645937553081097079e-12,1.520745110246433626e-12,1.921451113951143277e-12,7.758847882821065987e-13,1.558115730621399268e-12,1.696537448873322754e-12,1.741086815624852866e-12,1.991854250131450903e-12,2.104937609514649785e-12,2.416649335889509870e-12,2.426962653988110268e-12,2.811568601008432025e-12,2.531754016763675694e-12
1.504294343503517675e-12,2.093483634891651699e-12,1.677902636399822984e-12,1.685763915766550491e-12,1.837515104248820111e-12,1.683401174613749212e-12,1.633721865713859510e-12,1.936544689411216583e-12,1.466419777651586824e-12,1.419197514687805508e-12,1.214007275289644517e-12,1.564317130016633017e-12,1.516320408307291259e-12,1.719060256975478690e-12,1.669255163825946422e-12,1.927440515989238874e-12,1.801596368876812727e-12,1.485655183783523553e-12,1.572877642192021989e-12,1.490721499988748234e-12,1.633059126628789117e-12,2.460442440007838102e-12,1.376093229463959632e-12,1.383453761692874355e-12,1.549571192466680486e-12,1.640841463962795545e-12,1.732977748766859567e-12,1.902097944856764396e-12,1.634868288325425783e-12,1.655148157663236679e-12,1.459407777178372536e-12,1.464635422902351041e-12,9.043582625737707401e-13,1.236344999819245304e-12,2.961494526560151011e-12,1.220856092539842112e-12,1.301350250937144386e-12,1.503195267012283558e-12,9.505619928604250898e-13,1.117653116932332977e-12,1.719080694378775383e-12,1.503396485641075785e-12,1.337935482299154882e-12,1.474556787324312869e-12,1.051242634232765201e-12,1.895577788964817132e-12,2.406786107150301743e-12,1.219185977466396796e-12,1.168599135116463308e-12,1.341237727217246270e-12,1.195236270720726842e-12,1.391698405327979481e-12,1.535664382584933644e-12,1.563343877147623702e-12,1.651261675700590608e-12,1.728677987879622496e-12,1.544885299650517410e-12,3.013559302094984277e-12,9.589420300387269887e-13,1.141299808917559009e-12,7.613811615558844000e-13,9.761234050615674725e-13,8.890249375623610627e-13,1.544846245916176683e-12,8.141680770307716740e-13,1.669227542258772830e-12,1.519989000853093113e-12,1.937607979778804862e-12,7.852827836271315426e-13,1.583668499318045119e-12,1.724298709995506624e-12,1.768474295611249972e-12,2.025393780268655295e-12,2.132028995222151450e-12,2.431704516322635475e-12,2.467387036152616443e-12,2.857722029690478815e-12,2.573445063776803442e-12
1.530047117320268476e-12,2.128732064661769824e-12,1.706637706294476886e-12,1.714535024237103235e-12,1.868730118421793194e-12,1.712065923350371703e-12,1.661171796918566535e-12,1.967325116767666174e-12,1.490643479978325310e-12,1.443376415441427403e-12,1.234995138922359993e-12,1.591204156109429885e-12,1.542320343284306839e-12,1.748354519913969845e-12,1.697670114290605343e-12,1.959593694873115428e-12,1.829158092547358314e-12,1.510745826195272565e-12,1.599226478102734916e-12,1.516203009819225637e-12,1.660823965296045813e-12,2.498037098321222880e-12,1.397698697911067695e-12,1.407117757797925419e-12,1.575026243255213573e-12,1.668460343605277257e-12,1.761686877412259961e-12,1.931886007995892796e-12,1.662124392267007436e-12,1.683046925806948236e-12,1.483186408086900770e-12,1.488743533564935419e-12,9.147281544517025092e-13,1.250778989212782339e-12,2.951567471658805329e-12,1.241159226824986504e-12,1.323033264104165875e-12,1.525639914102176044e-12,9.541007563298164427e-13,1.129266482023194034e-12,1.745443135921109793e-12,1.527516047618339494e-12,1.360566712192761622e-12,1.497850169864040650e-12,1.052431641201052363e-12,1.923154808675693502e-12,2.442341586585703677e-12,1.238718873477927849e-12,1.188356749335135144e-12,1.361260592072281360e-12,1.220470953017301724e-12,1.420500171789875576e-12,1.559783794525735080e-12,1.588805061526023051e-12,1.675756381285265290e-12,1.754283530025972513e-12,1.546896295317025698e-12,3.059890444079706856e-12,9.752397185236059895e-13,1.159273175939881126e-12,7.666643387474578001e-13,9.975474170505407200e-13,8.952014023696532023e-13,1.568135543234934538e-12,8.248473511193225379e-13,1.691962731910658567e-12,1.519248574320110850e-12,1.953008489139110800e-12,7.947175932085247586e-13,1.609072989950669418e-12,1.751885159961676085e-12,1.795541731355164454e-12,2.058815364595505021e-12,2.158178400286544456e-12,2.446045076286202085e-12,2.507486372730500923e-12,2.903429428068234985e-12,2.614821454730381763e-12
1.555888221355196180e-12,2.164023680178039970e-12,1.735463538664315662e-12,1.743389810301730564e-12,1.900017180555890054e-12,1.740809340702802288e-12,1.688670490704520101e-12,1.998018606512373174e-12,1.514882331778838655e-12,1.467631680767632775e-12,1.256080063046274510e-12,1.618188612565453091e-12,1.568412151523734753e-12,1.777729055492245205e-12,1.726163022068847651e-12,1.991773599369727715e-12,1.856563356198182907e-12,1.535895865993998774e-12,1.625617824660744121e-12,1.541769371143128066e-12,1.688663916644790441e-12,2.535393122807985059e-12,1.419544977917672686e-12,1.430865249481372726e-12,1.600483880230743123e-12,1.696131940187249571e-12,1.790411741173628689e-12,1.961557757368054648e-12,1.689412123872822813e-12,1.711001514009091613e-12,1.506954677385560239e-12,1.512860044632881920e-12,9.251261405379612636e-13,1.265258067027067298e-12,2.941900976864453360e-12,1.261490985787491244e-12,1.344748382387456923e-12,1.547817313494599289e-12,9.576390572828161854e-13,1.140401601943054915e-12,1.771662760760039036e-12,1.551595421736801319e-12,1.383258228941175225e-12,1.521077601519466207e-12,1.053599707708346790e-12,1.950173163829317784e-12,2.477235436496683076e-12,1.258222378169888204e-12,1.208169762194374086e-12,1.381070306592707093e-12,1.245645337495598518e-12,1.449171047903048855e-12,1.583822748259858351e-12,1.613887819340836629e-12,1.699958511827884559e-12,1.779650201449379679e-12,1.548976704799629316e-12,3.105629047346040908e-12,9.915935382761351687e-13,1.177196251361647258e-12,7.719145344408194054e-13,1.019119682393841165e-12,9.013394313314390709e-13,1.591121651068172023e-12,8.355906166309456609e-13,1.714075607671996973e-12,1.518523490904970518e-12,1.967623448484376132e-12,8.041874962991198245e-13,1.634301305120386888e-12,1.779270798129303588e-12,1.822241045488504754e-12,2.092167376277914135e-12,2.183304077453606040e-12,2.459639343174335642e-12,2.547526635475987015e-12,2.948865548205612194e-12,2.655956437000227296e-12
1.581799052697577182e-12,2.199335876218528968e-12,1.764365062452299447e-12,1.772309789567681755e-12,1.931356616094208839e-12,1.769611063846374152e-12,1.716191105012103830e-12,2.028582311440829504e-12,1.539107380003978620e-12,1.491942299452212076e-12,1.277247089178886211e-12,1.645256176216486637e-12,1.594578395313347466e-12,1.807164645214212073e-12,1.754713144495819543e-12,2.023949508304058282e-12,1.883768471372208065e-12,1.561081044672163045e-12,1.652024389439405494e-12,1.567401042322883184e-12,1.716557205339190449e-12,2.572452279377037632e-12,1.441631621005394084e-12,1.454676834474655783e-12,1.625912942854794050e-12,1.723829997637438821e-12,1.819120504111533055e-12,1.991069200856346261e-12,1.716702312463939154e-12,1.738986141328274509e-12,1.530681762301792404e-12,1.536955461169407437e-12,9.355502480848124608e-13,1.279779538325086974e-12,2.932486750895880931e-12,1.281827294649161739e-12,1.366470542273367944e-12,1.569689658323706205e-12,9.611655770546979646e-13,1.151029185463441477e-12,1.797697935980626658e-12,1.575601204934846198e-12,1.405987426360128353e-12,1.544204928923038390e-12,1.054747154873768460e-12,1.976555929137470870e-12,2.511390430211997294e-12,1.277668854869829855e-12,1.228017385133300516e-12,1.400633323585559282e-12,1.270710464020375948e-12,1.477653338487773788e-12,1.607745330196353069e-12,1.638547930479303886e-12,1.723826531846405455e-12,1.804734737770248583e-12,1.551111952811355223e-12,3.150759325580165226e-12,1.007986347013381138e-12,1.195042146888297345e-12,7.771310166717421576e-13,1.040810609387924630e-12,9.074381672553003566e-13,1.613765353078635822e-12,8.463962835347820880e-13,1.735490707921659835e-12,1.517813418937611395e-12,1.981424803594627449e-12,8.136907436189360638e-13,1.659313523770371119e-12,1.806415782112022445e-12,1.848511023917590096e-12,2.125470498041070828e-12,2.207316726301206052e-12,2.472457054050186938e-12,2.587660009010666530e-12,2.994132683346713848e-12,2.696882607148008160e-12
1.607755775509093308e-12,2.234636880853999676e-12,1.793319922232981324e-12,1.801269855846839698e-12,1.962721141745384730e-12,1.798444482747183702e-12,1.743701870256543080e-12,2.058968590135286009e-12,1.563285927995545697e-12,1.516282943604471910e-12,1.298477410888699884e-12,1.672385999720051080e-12,1.620796113724096745e-12,1.836635330012332289e-12,1.783293666336596423e-12,2.056084333635240057e-12,1.910726039443140168e-12,1.586272771433070225e-12,1.678414375084638202e-12,1.593073494374045566e-12,1.744476421891785050e-12,2.609150507115939491e-12,1.463958055905270908e-12,1.478528809551423711e-12,1.651278307368544320e-12,1.751523213602100662e-12,1.847776391052924871e-12,2.020371954607369878e-12,1.743961128075131185e-12,1.766969825814044670e-12,1.554333321426525029e-12,1.560996607460076149e-12,9.459984839948057392e-13,1.294340675486933420e-12,2.923316830248395447e-12,1.302141112916964641e-12,1.388171413775729133e-12,1.591216952117825530e-12,9.646687806064172048e-13,1.161120377832360544e-12,1.823503513358136134e-12,1.599496529493528435e-12,1.428728024486889711e-12,1.567194800251951070e-12,1.055874300800666083e-12,2.002213011675018535e-12,2.544707869997453543e-12,1.297028042932523471e-12,1.247875849040563141e-12,1.419914069252151018e-12,1.295615122946471723e-12,1.505887067890913846e-12,1.631512319961570098e-12,1.662739619703508847e-12,1.747316436993890909e-12,1.829490906063384369e-12,1.553287175846592420e-12,3.195224831825601740e-12,1.024398693081205704e-12,1.212781681348028546e-12,7.823130763658766184e-13,1.062588111328734810e-12,9.134967795930235987e-13,1.636025321621153772e-12,8.572627181676625049e-13,1.756124804267309606e-12,1.517118034629168690e-12,1.994385769137803645e-12,8.232255585430367228e-13,1.684056909053194762e-12,1.833265568651773907e-12,1.874276645578345669e-12,2.158718816524476458e-12,2.230120148789235259e-12,2.484469349475603684e-12,2.627959897248923283e-12,3.039268977773819774e-12,2.737593194709638842e-12
1.633728923377069954e-12,2.269885087348386160e-12,1.822297962371394069e-12,1.830237789274281835e-12,1.994075306629446728e-12,1.827276269323971188e-12,1.771165732688583180e-12,2.089124766819589878e-12,1.587381304101434502e-12,1.540623643294129209e-12,1.319748079096533633e-12,1.699550247559948163e-12,1.647036406393987147e-12,1.866107910197037913e-12,1.811871242359284969e-12,2.088134157410659290e-12,1.937384841394946255e-12,1.611437808301252816e-12,1.704751163072725887e-12,1.618756831699302304e-12,1.772388096357138181e-12,2.645417688660736478e-12,1.486523611164504457e-12,1.502392842236067879e-12,1.676540648692982753e-12,1.779174870375784482e-12,1.876337355667613502e-12,2.049413056826919497e-12,1.771149760692101497e-12,1.794916000494571917e-12,1.577871302736046858e-12,1.584946407207025928e-12,9.564688511173509724e-13,1.308938744288068625e-12,2.914383663743937108e-12,1.322402252999774314e-12,1.409819193892082693e-12,1.612357013543200465e-12,9.681369443099568514e-13,1.170647050870469844e-12,1.849030725244930141e-12,1.623240897660148357e-12,1.451449807270874494e-12,1.590006537267696774e-12,1.056981473977964078e-12,2.027041126935229894e-12,2.577067181490068809e-12,1.316266945022860980e-12,1.267718199904376977e-12,1.438874942438918460e-12,1.320305968724543952e-12,1.533810126335135723e-12,1.655081063980579847e-12,1.686415579052020837e-12,1.770381756304227565e-12,1.853869476011245016e-12,1.555487228078476123e-12,3.238927494714662817e-12,1.040808657848260887e-12,1.230383301955884856e-12,7.874600356317923719e-13,1.084417563235384309e-12,9.195144764292389980e-13,1.657858127079035362e-12,8.681882580502109410e-13,1.775887370015585039e-12,1.516437052293883175e-12,2.006481034954021623e-12,8.327901451946446975e-13,1.708465161906696955e-12,1.859750093972737243e-12,1.899448608306934997e-12,2.191879932474164609e-12,2.251612285704207897e-12,2.495648877391444512e-12,2.668439509130945880e-12,3.084252379744714928e-12,2.778042133834291123e-12
1.659682880671572853e-12,2.305028156718571432e-12,1.851260509702388556e-12,1.859173599910478804e-12,2.025374740216772325e-12,1.856065759426226494e-12,1.798539898097300486e-12,2.118992796168630307e-12,1.611352566083960196e-12,1.564929372700934205e-12,1.341031620222788535e-12,1.726713450226561451e-12,1.673263884462232417e-12,1.895541275712241431e-12,1.840405395772032705e-12,2.120047632479275698e-12,1.963689652846949970e-12,1.636537869552388210e-12,1.730992909661163942e-12,1.644415300059382205e-12,1.800252144476774249e-12,2.681177284633868191e-12,1.509327468019277557e-12,1.526235553384965262e-12,1.701656130664904446e-12,1.806742361805269446e-12,1.904755651308817800e-12,2.078134693657831799e-12,1.798224008918744035e-12,1.822782020732613178e-12,1.601253691418100890e-12,1.608763599259768834e-12,9.669593354092789619e-13,1.323570982900756592e-12,2.905680003031675302e-12,1.342577152979764768e-12,1.431378345141041887e-12,1.633065433897477596e-12,9.715581649683571337e-13,1.179582078058831202e-12,1.874227011963118660e-12,1.646789956573687193e-12,1.474118292009640474e-12,1.612595953079427721e-12,1.058068999724882457e-12,2.050923888595701829e-12,2.608325500088725502e-12,1.335349676452875067e-12,1.287514044528478885e-12,1.457476276578142909e-12,1.344727613418970500e-12,1.561358387544095837e-12,1.678405291238588202e-12,1.709526939957613514e-12,1.792973497665943682e-12,1.877818126367986186e-12,1.557696636290236433e-12,3.281725608369311532e-12,1.057191665967325863e-12,1.247812975847217742e-12,7.925712401678154313e-13,1.106261749301115155e-12,9.254904932308076584e-13,1.679218198867804977e-12,8.791711992521908256e-13,1.794681194435726129e-12,1.515770192822947449e-12,2.017686894112337504e-12,8.423826838616765978e-13,1.732457518938290675e-12,1.885782748721317350e-12,1.923922853208180600e-12,2.224893465188960813e-12,2.271686392935050316e-12,2.505969753182927516e-12,2.709055971371027658e-12,3.128999016185873119e-12,2.818142028047338934e-12
1.685575217820353641e-12,2.340001839480926290e-12,1.880159411711538955e-12,1.888028670888278668e-12,2.056565164884733862e-12,1.884764156159041146e-12,1.825775257170160691e-12,2.148508819242876078e-12,1.635154130938543191e-12,1.589159530639429634e-12,1.362295549770351778e-12,1.753831638982665658e-12,1.699435960515763315e-12,1.924885530990745860e-12,1.868847742701382742e-12,2.151765220058171695e-12,1.989580976042944544e-12,1.661529119668885969e-12,1.757092038349402310e-12,1.670006658996010582e-12,1.828021160230632801e-12,2.716345812860973701e-12,1.532368520293351826e-12,1.550017992640943605e-12,1.726576013615939974e-12,1.834176596400790765e-12,1.932977287763552505e-12,2.106473825606597026e-12,1.825133762071478508e-12,1.850518541932600428e-12,1.624434189017804702e-12,1.632402379154650285e-12,9.774678632661383307e-13,1.338234531483027880e-12,2.897198584990900897e-12,1.362628596515147271e-12,1.452809270670044861e-12,1.653295483254007653e-12,9.749203494967408213e-13,1.187899585163068540e-12,1.899035773180963128e-12,1.670095205738083225e-12,1.496694318466124807e-12,1.634915109236733781e-12,1.059137160753640626e-12,2.073732050821674552e-12,2.638317312600556641e-12,1.354237272089750540e-12,1.307229238062441052e-12,1.475676261094690308e-12,1.368822694328629759e-12,1.588465789747074492e-12,1.701434864458041857e-12,1.732023189812542081e-12,1.815040031282490393e-12,1.901281280717787516e-12,1.559899503995982677e-12,3.323430821443879641e-12,1.073520257885238732e-12,1.265034048308112147e-12,7.976460351492028567e-13,1.128080798981835009e-12,9.314240583178212771e-13,1.700057733370671806e-12,8.902097549709899119e-13,1.812403153982904571e-12,1.515117095531544938e-12,2.027981278634260367e-12,8.520013116012120773e-13,1.755937712433034903e-12,1.911259164896018307e-12,1.947580127108129708e-12,2.257667866483134345e-12,2.290232344678746483e-12,2.515407346575971245e-12,2.749700935621921177e-12,3.173355911379176918e-12,2.857759939681630802e-12
1.711356191027417524e-12,2.374729071610689833e-12,1.908936190594241912e-12,1.916745073273564879e-12,2.087581616522728355e-12,1.913313930525174608e-12,1.852816073090592427e-12,2.177603129764777743e-12,1.658735639174024298e-12,1.613267605124946805e-12,1.383501995538722389e-12,1.780851587600762693e-12,1.725502285331898602e-12,1.954081319049611688e-12,1.897141430406731725e-12,2.183218773481128537e-12,2.014995145322627481e-12,1.686361892778939012e-12,1.782994987775171557e-12,1.695481735524955386e-12,1.855639926770318290e-12,2.750832959730288305e-12,1.555645456938207547e-12,1.573695273397973042e-12,1.751246531763734950e-12,1.861421661517009044e-12,1.960941801735857652e-12,2.134362219605331889e-12,1.851822759475689203e-12,1.878069155802235191e-12,1.647362140031200121e-12,1.655812284727325016e-12,9.879923753051551993e-13,1.352926551772349168e-12,2.888932607665211496e-12,1.382515601440345139e-12,1.474068182610154688e-12,1.672998287175722643e-12,9.782112874798306720e-13,1.195575294055377422e-12,1.923396463933643387e-12,1.693103970969932836e-12,1.519133825246517591e-12,1.656912333801470899e-12,1.060186262665585981e-12,2.095324315754071648e-12,2.666854822239509322e-12,1.372887676134353497e-12,1.326825722615592782e-12,1.493431083493952833e-12,1.392532108850088501e-12,1.615064614615445374e-12,1.724115811866706539e-12,1.753852367654195511e-12,1.836527290356494671e-12,1.924200290945813081e-12,1.562079612382936498e-12,3.363805175287605634e-12,1.089763958834741964e-12,1.282007261617358848e-12,8.026838049495496406e-13,1.149832227006313480e-12,9.373144501255290157e-13,1.720326881091943292e-12,9.013021250413584464e-13,1.828945421446816176e-12,1.514477466197903632e-12,2.037344058111485150e-12,8.616441566275955581e-13,1.778793118479380188e-12,1.936056189763562331e-12,1.970285977761809226e-12,2.290075922997011573e-12,2.307138462881099358e-12,2.523938590251599182e-12,2.790176539361253063e-12,3.217088638123845641e-12,2.896711676042131493e-12
1.736967937762652503e-12,2.409118499608614000e-12,1.937520746319712337e-12,1.945254483808638441e-12,2.118347194691158620e-12,1.941647851253542016e-12,1.879599372691400132e-12,2.206199795530841616e-12,1.682041605335279494e-12,1.637200593620808838e-12,1.404607106617990920e-12,1.807709647357396220e-12,1.751403862466905705e-12,1.983058728327382385e-12,1.925220205316083268e-12,2.214330717735883564e-12,2.039864140599235446e-12,1.710980159852624342e-12,1.808641690252289624e-12,1.720783684572634038e-12,1.883044589633285314e-12,2.784541175109967401e-12,1.579156482555274948e-12,1.597215970960630725e-12,1.775608528439181011e-12,1.888414182593510768e-12,1.988581716503303116e-12,2.161726151629608933e-12,1.878228066432408814e-12,1.905369713051574599e-12,1.669982247614559955e-12,1.678937863930464770e-12,9.985307995355912436e-13,1.367644183076732464e-12,2.880875526562073618e-12,1.402193156523117944e-12,1.495106791405697488e-12,1.692122802062064599e-12,9.814186519378475934e-13,1.202586771052136118e-12,1.947244422445807047e-12,1.715759160488777259e-12,1.541387422452959722e-12,1.678532033629603014e-12,1.061216607894720265e-12,2.115548272178523707e-12,2.693728385055159407e-12,1.391255589055594879e-12,1.346261212874239707e-12,1.510694909870320037e-12,1.415795134158358049e-12,1.641085621629971800e-12,1.746390138246622058e-12,1.774961049637607793e-12,1.857378733007410827e-12,1.946513356051726737e-12,1.564220342663005481e-12,3.402557223221078226e-12,1.105889050498492745e-12,1.298690654438318320e-12,8.076839577095986715e-13,1.171470913098767063e-12,9.431609748107553226e-13,1.739973726077327256e-12,9.124464699970607991e-13,1.844196747879798260e-12,1.513851017577765558e-12,2.045757061865259927e-12,8.713093270605633143e-13,1.800893781914162999e-12,1.960030687147171192e-12,1.991890808470087503e-12,2.321948253686585679e-12,2.322293264797132319e-12,2.531541782452728238e-12,2.830150934090476371e-12,3.259862302387047682e-12,2.934753671814981332e-12
1.762343637499016128e-12,2.443062916201302407e-12,1.965829918304118215e-12,1.973477027543412855e-12,2.148771728297834733e-12,1.969687970059882606e-12,1.906054372842193594e-12,2.234216387740361884e-12,1.705011123860753854e-12,1.660898431046685250e-12,1.425560433581062299e-12,1.834330455815615049e-12,1.777072107078771586e-12,2.011736132998449846e-12,1.953007447779388124e-12,2.245013268834166447e-12,2.064115507766648905e-12,1.735321024842733606e-12,1.833965093668061364e-12,1.745847231354902188e-12,1.910161815656053351e-12,2.817365437260383721e-12,1.602898509685615220e-12,1.620521515543147502e-12,1.799597156411455619e-12,1.915082712685913190e-12,2.015822063783317170e-12,2.188486220672748756e-12,1.904279601374337779e-12,1.932347670518011326e-12,1.692234354048637161e-12,1.701718402271180708e-12,1.009081052989588433e-12,1.382384544340851325e-12,2.873021042942840356e-12,1.421612000196190420e-12,1.515872039706653369e-12,1.710615870715373132e-12,9.845300192179619392e-13,1.208913681937152274e-12,1.970510797374391319e-12,1.737999094462475287e-12,1.563399993518100015e-12,1.699714581625321342e-12,1.062228495700254946e-12,2.134241842188611428e-12,2.718707664584305815e-12,1.409292368224609752e-12,1.365488910832170280e-12,1.527419932291069939e-12,1.438549596707291185e-12,1.666458237636727485e-12,1.768195716603117173e-12,1.795294415081939511e-12,1.877535396972198936e-12,1.968155542395041017e-12,1.566304641225021037e-12,3.439338372970421930e-12,1.121858362154075018e-12,1.315039510780720182e-12,8.126459254361728278e-13,1.192949119658248530e-12,9.489629663744131373e-13,1.758944347632720827e-12,9.236409120693987850e-13,1.858044054211170786e-12,1.513237469248411534e-12,2.053204136859471947e-12,8.809949125894533165e-13,1.822091657552556939e-12,1.983018558384252744e-12,2.012230378267777428e-12,2.353065135336237093e-12,2.335587463789151590e-12,2.538196475421272639e-12,2.869085462950028714e-12,3.301216093055164559e-12,2.971573173085747193e-12
1.787406586133567506e-12,2.476437513821091929e-12,1.993765837253882179e-12,2.001319981102418123e-12,2.178750277674064024e-12,1.997344500106416929e-12,1.932101881510783120e-12,2.261563731817122623e-12,1.727577581020664794e-12,1.684293379429806044e-12,1.446304243698437560e-12,1.860625456724918319e-12,1.802427796536603224e-12,2.040018897648604810e-12,1.980415109358850450e-12,2.275167612000212590e-12,2.087672306863821781e-12,1.759314198617949726e-12,1.858890669753808060e-12,1.770597843836940717e-12,1.936907877286328484e-12,2.849193052752708084e-12,1.626860405231938807e-12,1.643545537522581514e-12,1.823141586379492935e-12,1.941347091109967591e-12,2.042579899357920345e-12,2.214557188555909581e-12,1.929899653049141507e-12,1.958921401192707098e-12,1.714053234469081597e-12,1.724087658580649067e-12,1.019641043356296644e-12,1.397144735645525438e-12,2.865363092858446509e-12,1.440718404626807119e-12,1.536305840026735428e-12,1.728422299422176108e-12,9.875328870806105280e-13,1.214538026478320251e-12,1.993122501431191008e-12,1.759757352687787137e-12,1.585110284034628265e-12,1.720396224833652749e-12,1.063222222146203117e-12,2.151235257261864757e-12,2.741543616636315557e-12,1.426945945075695039e-12,1.384457216860409843e-12,1.543556435793009713e-12,1.460732055050986104e-12,1.691110757755114783e-12,1.789466202031099863e-12,1.814796331719285254e-12,1.896935978028031040e-12,1.989058830271977207e-12,1.568314976081055442e-12,3.473739917414522811e-12,1.137631060851248980e-12,1.331006326423418193e-12,8.175691640177363124e-13,1.214216527568659207e-12,9.547197867461541930e-13,1.777182903600243803e-12,9.348835359989149519e-13,1.870374291863181324e-12,1.512636547462599169e-12,2.059671173532257384e-12,8.906989858734733747e-13,1.842220171704412172e-12,2.004834107548670935e-12,2.031126825351492221e-12,2.383146696938429778e-12,2.346916127145647989e-12,2.543883317579114088e-12,2.906121309955273449e-12,3.340531240899332666e-12,3.006777022818725671e-12
1.812069378884680490e-12,2.509098352964516097e-12,2.021214376086117759e-12,2.028676605549939493e-12,2.208161794022989978e-12,2.024514832204769976e-12,1.957653831077002762e-12,2.288145800293980412e-12,1.749668463104933254e-12,1.707309518967161818e-12,1.466772903070356177e-12,1.886491501685884591e-12,1.827380125657001839e-12,2.067798219838687337e-12,2.007342787203934975e-12,2.304683265543061457e-12,2.110453161086059918e-12,1.782881582625060214e-12,1.883336042315326585e-12,1.794951014802858627e-12,1.963187870742137702e-12,2.879903649970914548e-12,1.649732348116636794e-12,1.666213308156363451e-12,1.846164820702193134e-12,1.967117936588435478e-12,2.068763958837550429e-12,2.239847946433566785e-12,1.955002525134586783e-12,1.984999641959272840e-12,1.735368480110323070e-12,1.745973695338636306e-12,1.030208670601984436e-12,1.411921825766730339e-12,2.857895836722047327e-12,1.459454028740218013e-12,1.556344890925207297e-12,1.745484987150490747e-12,9.904146984317801689e-13,1.219444386660057471e-12,2.015002258131875563e-12,1.780962710756187418e-12,1.606450578960552299e-12,1.740509072039600654e-12,1.064198080039198780e-12,2.166353954793499746e-12,2.761972135451393727e-12,1.444160801396366334e-12,1.403109507622021605e-12,1.559052910494658499e-12,1.482278007684017638e-12,1.714970573938117229e-12,1.810131029319425954e-12,1.833409487432181759e-12,1.915516970110302120e-12,2.009152236409721281e-12,1.570233297035943427e-12,3.505293135484545453e-12,1.153162488021006785e-12,1.346540824191511435e-12,8.224531533465524278e-13,1.235220297957229649e-12,9.604308257976297565e-13,1.794631765913870319e-12,9.461723880346655980e-13,1.881076753392714038e-12,1.512047984916629173e-12,2.065146188869401301e-12,9.004196019521346191e-13,1.861094640954305784e-12,2.025270402795846379e-12,2.048390696272892503e-12,2.411843133816450979e-12,2.356181208991192795e-12,2.548583957302038932e-12,2.939917080151541698e-12,3.376996797037908656e-12,3.039881686283499979e-12
1.836323236222226729e-12,2.541065376355015903e-12,2.048191809730983633e-12,2.055550666785813837e-12,2.237016772860055735e-12,2.051195730138865957e-12,1.982683278455302714e-12,2.313913084616085229e-12,1.771244848888292285e-12,1.729925440440400363e-12,1.486953560377194314e-12,1.911939674097241256e-12,1.851925198546784444e-12,2.095077521426320230e-12,2.033784938392440100e-12,2.333539493830135223e-12,2.132404920847974687e-12,1.805995860755950882e-12,1.907270056655342373e-12,1.818893947392109147e-12,1.988990333086073963e-12,2.909440684866959875e-12,1.672440004372688855e-12,1.688506451809837265e-12,1.868626196232519580e-12,1.992370336142622176e-12,2.094339325121885704e-12,2.264306261697797511e-12,1.979555228522678056e-12,2.010559659552093970e-12,1.756137738837375894e-12,1.767336529291416687e-12,1.040781826775050610e-12,1.426712830348136353e-12,2.850613638138209613e-12,1.477782930403722002e-12,1.575953224202464006e-12,1.761759206016391456e-12,9.931673967832634382e-13,1.223639914947800880e-12,2.036098255593842797e-12,1.801569875231059954e-12,1.627391445996397392e-12,1.760006785504195797e-12,1.065156356914253895e-12,2.179573890677935011e-12,2.780011339155633854e-12,1.460896372292591299e-12,1.421414922193119419e-12,1.573867793439078818e-12,1.503127989229492012e-12,1.737972652162769967e-12,1.830142464756092634e-12,1.851088296512176963e-12,1.933230346067116900e-12,2.028384479535396205e-12,1.572049406992339883e-12,3.534226066474854194e-12,1.168424459914542522e-12,1.361603747490921205e-12,8.272973960405473578e-13,1.255908508436806837e-12,9.660954997273429337e-13,1.811245914057911930e-12,9.575054871559339078e-13,1.890135811385210817e-12,1.511471516479353362e-12,2.069668866913097178e-12,9.101548029005722887e-13,1.878682240919131581e-12,2.044306900947769680e-12,2.063986009495960010e-12,2.439371761861751542e-12,2.363416007334093255e-12,2.552350088001192463e-12,2.971626349800320543e-12,3.411313575124559320e-12,3.071217130179998331e-12
1.860157062913354777e-12,2.572355674806724973e-12,2.074711628205235088e-12,2.081943395325031911e-12,2.265323030662891008e-12,2.077381515971873571e-12,2.007161073738793435e-12,2.338814639544683501e-12,1.792265901331186093e-12,1.752117539407754962e-12,1.506831266636102461e-12,1.936978414301819482e-12,1.876056750394401298e-12,2.121857682682144568e-12,2.059733606815637261e-12,2.361713293378673578e-12,2.153473638696183330e-12,1.828627543686685595e-12,1.930659415935272036e-12,1.842411565093081282e-12,2.014301455889359191e-12,2.937747087341629257e-12,1.695053918819130340e-12,1.710404400447182177e-12,1.890483167386957256e-12,2.017077146381069568e-12,2.119269005801469540e-12,2.287878723039415757e-12,2.003522657453603981e-12,2.035576466543002434e-12,1.776316930710174878e-12,1.788134308114990810e-12,1.051358399328000935e-12,1.441514865363313523e-12,2.843511067722392352e-12,1.495667332009315554e-12,1.595092953938800532e-12,1.777200275046903218e-12,9.957834891463778191e-13,1.227134212248895604e-12,2.056357830339357848e-12,1.821532027866427777e-12,1.647901362375559658e-12,1.778841734627350281e-12,1.066097336905963706e-12,2.190870814046101537e-12,2.795670617407739205e-12,1.477110710435433084e-12,1.439340646209072628e-12,1.587959351828835810e-12,1.523223186469352211e-12,1.760053216314929716e-12,1.849451554008840817e-12,1.867788003243845437e-12,1.950028210209231639e-12,2.046704088225202824e-12,1.573753818704508113e-12,3.560726135377701437e-12,1.183387013057278365e-12,1.376154707087198907e-12,8.321014185267810604e-13,1.276227806025928012e-12,9.717132525286809993e-13,1.826980551097473460e-12,9.688807671277175165e-13,1.897540324167005491e-12,1.510906882894867720e-12,2.073279636429543489e-12,9.199026208476046691e-13,1.894940129629723904e-12,2.061911162722054283e-12,2.077871792152201628e-12,2.465917235240079234e-12,2.368659094575212634e-12,2.555233043392211415e-12,3.002112079698484031e-12,3.444076791113047131e-12,3.101065539285009800e-12
1.883551803057414050e-12,2.602972105618122838e-12,2.100775671177682994e-12,2.107845749565192309e-12,2.293076553409476711e-12,2.103057006090968687e-12,2.031051297669251671e-12,2.362794652414644949e-12,1.812686291413407534e-12,1.773855952764135857e-12,1.526385131884391528e-12,1.961605733720100168e-12,1.899759990505341407e-12,2.148129171726701301e-12,2.085171650546325969e-12,2.389172819770629621e-12,2.173602568108939484e-12,1.850741142314518017e-12,1.953464817226644104e-12,1.865481306679148805e-12,2.039099050698898473e-12,2.964760686090938998e-12,1.717588218013556149e-12,1.731880222856147192e-12,1.911688541388420024e-12,2.041204200506471044e-12,2.143509706470825774e-12,2.310507906326318135e-12,2.026863619723634371e-12,2.060017749623170213e-12,1.795858108299031694e-12,1.808320862734261150e-12,1.061936272795771762e-12,1.456324971869996669e-12,2.836582894326602513e-12,1.513065858774034571e-12,1.613722147524661758e-12,1.791762795159310815e-12,9.982557487546078958e-13,1.229937972373054462e-12,2.075725660350731123e-12,1.840798877755907457e-12,1.667943778238869731e-12,1.796963405356816389e-12,1.067021300759906327e-12,2.200212892719304509e-12,2.808935793068434013e-12,1.492759351581483121e-12,1.456849882138334957e-12,1.601285072018168100e-12,1.542505335296052577e-12,1.781149499760221477e-12,1.868006451011092796e-12,1.883463995294990638e-12,1.965861820451461957e-12,2.064058093149642875e-12,1.575337182603014460e-12,3.584902588956345658e-12,1.198017057053469746e-12,1.390151368995368781e-12,8.368647710062791673e-13,1.296123392884569226e-12,9.772835559585665442e-13,1.841790333260460419e-12,9.802961564629987813e-13,1.903279160977981479e-12,1.510353830677796510e-12,2.076016304907234603e-12,9.296610755290685502e-13,1.909806595427805586e-12,2.078027947220519469e-12,2.089994114024571836e-12,2.491604070324832062e-12,2.371947401848393562e-12,2.557279173577287427e-12,3.031945339362239180e-12,3.475722064716074251e-12,3.129621568098210399e-12
1.906478273386416179e-12,2.632899164420261968e-12,2.126370966671977615e-12,2.133235547087159569e-12,2.320258140182755729e-12,2.128194840611519450e-12,2.054309456130868874e-12,2.385791147909222982e-12,1.832455185867997792e-12,1.795102942581354725e-12,1.545586820650417632e-12,1.985806416520535547e-12,1.923009275326902230e-12,2.173869116071658648e-12,2.110070164211321382e-12,2.415874836825783430e-12,2.192731467271278469e-12,1.872293640026786731e-12,1.975639414865520381e-12,1.888071103443792684e-12,2.063350218985933088e-12,2.990412527895951874e-12,1.740039382037167539e-12,1.752898975043411782e-12,1.932189397405551771e-12,2.064708415471865148e-12,2.167010165861212639e-12,2.332131330608712721e-12,2.049529263997240156e-12,2.083841873129857329e-12,1.814708635770833122e-12,1.827844749847604826e-12,1.072513330555602016e-12,1.471140188207908516e-12,2.829824075905899371e-12,1.529932843824617054e-12,1.631793979643188668e-12,1.805400444218528362e-12,1.000577092552211274e-12,1.232062578348075906e-12,2.094143141767522114e-12,1.859315936093822317e-12,1.687475932505977904e-12,1.814317833148108943e-12,1.067928525930346990e-12,2.207560388970579058e-12,2.819767654301464864e-12,1.507794913346203736e-12,1.473901025758590655e-12,1.613801510313774479e-12,1.560916793982537256e-12,1.801199751533766426e-12,1.885751825226788408e-12,1.898071602091564472e-12,1.980681305233447276e-12,2.080391619233798179e-12,1.576790030727114423e-12,3.606780496836137950e-12,1.212277823168086271e-12,1.403549194655957602e-12,8.415870274503365205e-13,1.315539123859768044e-12,9.828059095287203804e-13,1.855629159672273950e-12,9.917495397680389944e-13,1.907340937481372245e-12,1.509812112252930697e-12,2.077913231414514860e-12,9.394281779436990392e-13,1.923199594792720628e-12,2.092577260863604498e-12,2.100285531722943115e-12,2.516492408029648280e-12,2.373315158366346908e-12,2.558528899982528410e-12,3.061465075137622441e-12,3.506529709455856438e-12,3.156986678711098926e-12
1.928896999748785768e-12,2.662102961417322996e-12,2.151469792446680012e-12,2.158077369248414209e-12,2.346833341811047163e-12,2.152755330779388493e-12,2.076882288250268607e-12,2.407735953127855534e-12,1.851516164958718011e-12,1.815812709666370901e-12,1.564400402631894341e-12,2.009552047871657445e-12,1.945767976808094984e-12,2.199041197406341438e-12,2.134388313521326921e-12,2.441764498609561958e-12,2.210796679358117309e-12,1.893234315134731878e-12,1.997128653320071568e-12,1.910139198372133717e-12,2.087011162145380921e-12,3.014626880154596044e-12,1.762395426360083268e-12,1.773417517039554790e-12,1.951927007405397067e-12,2.087537593553034718e-12,2.189710997367667881e-12,2.352681474435295419e-12,2.071462917683997248e-12,2.106997675383507346e-12,1.832811157453024143e-12,1.846649183532155509e-12,1.083087455969272680e-12,1.485957547428722456e-12,2.823229751806693052e-12,1.546218273674474636e-12,1.649256653653344419e-12,1.818066110015442997e-12,1.002740558589356381e-12,1.233520142250445203e-12,2.111548472005977114e-12,1.877024524041883926e-12,1.706448705008470285e-12,1.830847651621970193e-12,1.068819286547551483e-12,2.212868952713632078e-12,2.828107300227844041e-12,1.522167139259153992e-12,1.490447562851822151e-12,1.625464424280520840e-12,1.578400740568640387e-12,1.820143414076557687e-12,1.902628916211192388e-12,1.911566193942713823e-12,1.994435797638986749e-12,2.095648014938991236e-12,1.578102703935637562e-12,3.626310165088752419e-12,1.226128791463541174e-12,1.416301517615438791e-12,8.462677854815453358e-13,1.334417688910413789e-12,9.882798403811514715e-13,1.868450301721158838e-12,1.003238750041359192e-12,1.909715819456057495e-12,1.509281485716521715e-12,2.079001588129091893e-12,9.492019315718703334e-13,1.935019395210607315e-12,2.105457307857638503e-12,2.108668515055898923e-12,2.540584830725753109e-12,2.372795552885755683e-12,2.559017193220146723e-12,3.090855530259370502e-12,3.536653848276427508e-12,3.183179462289933551e-12
1.950757963574237505e-12,2.690531001614471186e-12,2.176029510242755869e-12,2.182322316223233699e-12,2.372752224762562444e-12,2.176686193791601481e-12,2.098707556332490721e-12,2.428554689185396317e-12,1.869807155498284937e-12,1.835931172995261249e-12,1.582782136759282247e-12,2.032800837229634785e-12,1.967988235720556556e-12,2.223595400877775255e-12,2.158073067751418382e-12,2.466775096015750602e-12,2.227731237891008586e-12,1.913504548333856375e-12,2.017870094909548101e-12,1.931633894257973660e-12,2.110026915750648840e-12,3.037321266391055328e-12,1.784638822693630707e-12,1.793384284308907065e-12,1.970836774266797957e-12,2.109630199265870222e-12,2.211544533420547046e-12,2.372085819918569979e-12,2.092599923770838838e-12,2.129424233116738481e-12,1.850103587847521692e-12,1.864671984466688210e-12,1.093656533666199642e-12,1.500774078934888284e-12,2.816795235867644637e-12,1.561867749806956322e-12,1.666053336601254595e-12,1.829712035266622697e-12,1.004739273416950391e-12,1.234323509834863995e-12,2.127876757347658537e-12,1.893861804722961382e-12,1.724806464033192368e-12,1.846492165585030858e-12,1.069693854130350552e-12,2.216092831151608643e-12,2.833881331885918722e-12,1.535822965127475306e-12,1.506437971854044150e-12,1.636228916551365007e-12,1.594901360137671911e-12,1.837921286534522952e-12,1.918575612832786293e-12,1.923903288418520851e-12,2.007073582445668670e-12,2.109768999159657638e-12,1.579265258172263420e-12,3.643374779206097480e-12,1.239525626767297601e-12,1.428359640957432780e-12,8.509066662945215731e-13,1.352700805632022919e-12,9.937049032090254749e-13,1.880206543299244674e-12,1.014761537511061207e-12,1.910397159597028216e-12,1.508761714800777332e-12,2.079309540115041123e-12,9.589803327918097405e-13,1.945151420615269519e-12,2.116547581805721908e-12,2.115058977864012594e-12,2.563829808531537079e-12,2.370422125258911900e-12,2.558773903550267510e-12,3.120186210374417336e-12,3.566139147374705949e-12,3.208141566774294856e-12
1.972000264679790377e-12,2.718111772289934404e-12,2.199992180511939663e-12,2.205907618889626590e-12,2.397948965500685825e-12,2.199922181203112054e-12,2.119713823783172334e-12,2.448166793067208878e-12,1.887260385094465074e-12,1.855395721289194572e-12,1.600680194622445236e-12,2.055497244088237808e-12,1.989610606554048437e-12,2.247467624301394029e-12,2.181058835793374666e-12,2.490827773169856158e-12,2.243464998526209994e-12,1.933037621238090670e-12,2.037793248392643678e-12,1.952493236865186282e-12,2.132331014020922858e-12,3.058406536385563261e-12,1.806747510870682727e-12,1.812739020269804877e-12,1.988848192149162692e-12,2.130915117695407910e-12,2.232434678406386998e-12,2.390266927271795728e-12,2.112867482567889782e-12,2.151050600092094273e-12,1.866519127424112872e-12,1.881845551544577192e-12,1.104218451986957532e-12,1.515586810497138642e-12,2.810516010466602388e-12,1.576822471168717057e-12,1.682122112896192971e-12,1.840289973729328211e-12,1.006566407158072219e-12,1.234486232295997318e-12,2.143060146375064379e-12,1.909760842787391196e-12,1.742486915169752099e-12,1.861187450960362559e-12,1.070552496585231972e-12,2.217187988328635263e-12,2.837006999073038434e-12,1.548706610360818681e-12,1.521815637726608692e-12,1.646049590477402691e-12,1.610364020245799541e-12,1.854475672332547621e-12,1.933526559592498695e-12,1.935038662653355002e-12,2.018542255124972056e-12,2.122694825394257054e-12,1.580267343318729891e-12,3.657797111781651369e-12,1.252420128239106094e-12,1.439672957257001472e-12,8.555033147310491254e-13,1.370329419567390706e-12,9.990806803263288593e-13,1.890850330800789789e-12,1.026315449270781535e-12,1.909382951046749178e-12,1.508252569272562697e-12,2.078862349965909529e-12,9.687613696344775985e-13,1.953469439630620393e-12,2.125712282073218931e-12,2.119369948846400970e-12,2.586122497132017919e-12,2.366229904972414144e-12,2.557823951823320497e-12,3.149425960722700200e-12,3.594928005930870823e-12,3.231740309391884094e-12
1.992551387151471831e-12,2.744753617314737696e-12,2.223283580048896634e-12,2.228755723883913475e-12,2.422340854215262765e-12,2.222384226057384496e-12,2.139819871855859423e-12,2.466485131723703619e-12,1.903802061240095688e-12,1.874134653397886372e-12,1.618034103799643710e-12,2.077571078104507608e-12,2.010563273871897846e-12,2.270578770344509074e-12,2.203266644715091212e-12,2.513830766700695012e-12,2.257924416935519208e-12,1.951758205358751392e-12,2.056819070697675696e-12,1.972644329108833533e-12,2.153844733542794150e-12,3.077786359097074558e-12,1.828694994101282574e-12,1.831412193300408377e-12,2.005884512739874412e-12,2.151311043516913232e-12,2.252296391838376460e-12,2.407142119410849042e-12,2.132184150479770290e-12,2.171795163351846720e-12,1.881986017428275711e-12,1.898096566032947158e-12,1.114771002789515838e-12,1.530392590970787836e-12,2.804387338535206042e-12,1.591019016906542236e-12,1.697395715473832206e-12,1.849751084063215704e-12,1.008215038775004284e-12,1.234022398623572065e-12,2.157027634868789360e-12,1.924650394570607100e-12,1.759420696934604955e-12,1.874866196610330470e-12,1.071395388889613974e-12,2.216114843603649318e-12,2.837397001941964706e-12,1.560759481969564141e-12,1.536518573626046122e-12,1.654880489590344166e-12,1.624735264839918958e-12,1.869750289777111045e-12,1.947412987113369185e-12,1.944928192446603513e-12,2.028788577657616063e-12,2.134364118059632920e-12,1.581097868184875678e-12,3.669345464710121701e-12,1.264760039711505310e-12,1.450188900786307545e-12,8.600573419430410711e-13,1.387243793380913488e-12,1.004406708989343980e-12,1.900333651813094204e-12,1.037846954226295084e-12,1.906676865994321420e-12,1.507753671257692347e-12,2.077682140132926503e-12,9.785429369073724157e-13,1.959838993484831142e-12,2.132803957061752181e-12,2.121515148567095844e-12,2.607303111973350691e-12,2.360256012821904931e-12,2.556187098270651074e-12,3.178436049582612334e-12,3.622859487327705186e-12,3.253768419056101532e-12
2.012331419761638638e-12,2.770352969339746760e-12,2.245819646541416512e-12,2.250779973530197606e-12,2.445834957571200221e-12,2.243984676223067890e-12,2.158938447919648839e-12,2.483419566657419537e-12,1.919354904468588700e-12,1.892070397234630869e-12,1.634777638042401752e-12,2.098943177794228383e-12,2.030766604436558876e-12,2.292840522739977830e-12,2.224609187319312821e-12,2.535684601900882238e-12,2.271035180299891210e-12,1.969585538542484397e-12,2.074863276151334619e-12,1.992007276391906422e-12,2.174481661207571481e-12,3.095361986659921535e-12,1.850451742505397366e-12,1.849328234077455346e-12,2.021865482517502993e-12,2.170730361237178122e-12,2.271039395348538487e-12,2.422626689362622780e-12,2.150463284939438167e-12,2.191569690073398813e-12,1.896429857643982647e-12,1.913348463297453852e-12,1.125312137688615557e-12,1.545188428328181492e-12,2.798405228898281354e-12,1.604391176229299103e-12,1.711803629154013500e-12,1.858047471650498819e-12,1.009678547401304029e-12,1.232947569470134154e-12,2.169707502628850893e-12,1.938457186996316673e-12,1.775533915298359328e-12,1.887459765715657746e-12,1.072222845125836300e-12,2.212846745946060468e-12,2.834975017967643302e-12,1.571921712566057935e-12,1.550481299050164433e-12,1.662676407855971245e-12,1.637963726755807323e-12,1.883691406152248727e-12,1.960164883783861204e-12,1.953529308366113255e-12,2.037760283481412956e-12,2.144715989442926776e-12,1.581745794779936793e-12,3.677767307672172121e-12,1.276490359223030858e-12,1.459854237805941420e-12,8.645684693353885556e-13,1.403384217767385603e-12,1.009682664822638056e-12,1.908609595204635326e-12,1.049331269902365242e-12,1.902292791100215121e-12,1.507264887705728639e-12,2.075790352668590258e-12,9.883230054092596556e-13,1.964128075458624527e-12,2.137675896355944155e-12,2.121418972525867927e-12,2.627179777068358246e-12,2.352544947693116885e-12,2.553881093518136634e-12,3.207069405765503034e-12,3.649728170646177453e-12,3.273977210103688620e-12
2.031256825169794325e-12,2.794801972484525678e-12,2.267512615162105300e-12,2.271889836462400304e-12,2.468334268456957218e-12,2.264632022954881331e-12,2.176979275133836313e-12,2.498879332944484502e-12,1.933839960274450918e-12,1.909122194511902513e-12,1.650841374995729042e-12,2.119530782862331931e-12,2.050137300937202544e-12,2.314160595142776712e-12,2.244995296624619979e-12,2.556286388362205876e-12,2.282723679343616164e-12,1.986435950770612697e-12,2.091838902561301225e-12,2.010498621326381827e-12,2.194151674022169980e-12,3.111035375453828317e-12,1.871986628108248740e-12,1.866408311474274792e-12,2.036709257028080786e-12,2.189082293113383251e-12,2.288570986612464663e-12,2.436635902590594031e-12,2.167615690566542245e-12,2.210282659288157112e-12,1.909775143993367392e-12,1.927523146240774360e-12,1.135839823175731146e-12,1.559971373348365333e-12,2.792565873749173391e-12,1.616871225917500876e-12,1.725273579431354794e-12,1.865132806900609414e-12,1.010950817500787353e-12,1.231279365686668089e-12,2.181028663286314015e-12,1.951107349781118476e-12,1.790750104043353624e-12,1.898899411119406862e-12,1.073035176383079186e-12,2.207377027974294429e-12,2.829689506005327962e-12,1.582133082868639994e-12,1.563636232361855987e-12,1.669393431761445793e-12,1.650000485283732234e-12,1.896248244007223806e-12,1.971712265089647215e-12,1.960801505545741483e-12,2.045406829212833334e-12,2.153691031866633939e-12,1.582200475231533563e-12,3.682822041824702007e-12,1.287554306102553807e-12,1.468615793036811229e-12,8.690364449981200910e-13,1.418691380083669354e-12,1.014908253344471722e-12,1.915632959969522514e-12,1.060770992314671295e-12,1.896258232399468666e-12,1.506786094112017788e-12,2.073209543847080376e-12,9.980995895779553704e-13,1.966217557089625965e-12,2.140194234236211485e-12,2.119025473428552647e-12,2.645552349887269090e-12,2.343152482314111904e-12,2.550924465166152102e-12,3.235283901115570744e-12,3.675345456358647515e-12,3.292110746578982353e-12
2.049234615338435517e-12,2.817976968897012110e-12,2.288261504909517918e-12,2.291982832573577749e-12,2.489728292669988240e-12,2.284223650355433432e-12,2.193844650991158394e-12,2.512769839804734721e-12,1.947174175563347215e-12,1.925202059404876642e-12,1.666148676714512529e-12,2.139239147891258523e-12,2.068581950409547675e-12,2.334434650061462628e-12,2.264323086892979035e-12,2.575523508148462426e-12,2.292915098506659787e-12,2.002219168900885791e-12,2.107652628513873856e-12,2.028026064237750504e-12,2.212754875168072179e-12,3.124704833166646511e-12,1.893264565654488568e-12,1.882566098551634914e-12,2.050329840003616126e-12,2.206268261821380960e-12,2.304792058064946237e-12,2.449082346938498373e-12,2.183545851444259720e-12,2.227834322970671788e-12,1.921943305258657436e-12,1.940538724706850301e-12,1.146351988856828432e-12,1.574738359500858453e-12,2.786865401571336999e-12,1.628388302117829876e-12,1.737729566435421077e-12,1.870961493497602669e-12,1.012025700856288264e-12,1.229036057933007329e-12,2.190918945910364039e-12,1.962524630425811909e-12,1.804987412093677500e-12,1.909114813204881153e-12,1.073832647542992463e-12,2.199712800386233696e-12,2.821502830567604532e-12,1.591332003319072900e-12,1.575911788327610479e-12,1.674988291452425816e-12,1.660798701831581045e-12,1.907372397164882023e-12,1.981983624699519852e-12,1.966705510331920883e-12,2.051678340735050311e-12,2.161229989579729226e-12,1.582450538574984915e-12,3.684251137802072009e-12,1.297892054388452661e-12,1.476419711049997743e-12,8.734610120561707240e-13,1.433106279807398439e-12,1.020083172886366578e-12,1.921359396703473073e-12,1.072154658022647742e-12,1.888609713608350332e-12,1.506317098778861625e-12,2.069960092418280866e-12,1.007870722274752740e-12,1.965996680154967770e-12,2.140231955521461259e-12,2.114293007143011133e-12,2.662175362964050364e-12,2.332139162816332080e-12,2.547331871943980099e-12,3.262965266643424299e-12,3.699442370764321098e-12,3.307857624927026600e-12
2.066162278133387074e-12,2.839738286349433365e-12,2.307951707174040363e-12,2.310944347041433779e-12,2.509892793018093912e-12,2.302645741647593907e-12,2.209429695042113705e-12,2.524993246453075368e-12,1.959270813699407905e-12,1.940214899674039009e-12,1.680615616359830376e-12,2.157961141202161615e-12,2.085996877285622424e-12,2.353546077920531960e-12,2.282479860239965362e-12,2.593273855928560684e-12,2.301533953480488087e-12,2.016838537319045437e-12,2.122205070084326220e-12,2.044488439193671905e-12,2.230181594423552015e-12,3.136265748316783878e-12,1.914245973626514198e-12,1.897707844786650134e-12,2.062637510400999269e-12,2.222182103190147371e-12,2.319597475630226897e-12,2.459876506156434097e-12,2.198152268725657319e-12,2.244116892292361912e-12,1.932853143373340588e-12,1.952309927328531343e-12,1.156846583480041075e-12,1.589486170328538828e-12,2.781300110689086299e-12,1.638868758439835213e-12,1.749092212347111574e-12,1.875489032147403081e-12,1.012896938381051260e-12,1.226236434714757868e-12,2.199305612410115737e-12,1.972630864100940564e-12,1.818158844975474074e-12,1.918034548675124299e-12,1.074615526830954957e-12,2.189876326749758267e-12,2.810394959611371544e-12,1.599455919949359381e-12,1.587232642663432839e-12,1.679418702827411360e-12,1.670313846667254758e-12,1.917018054086473295e-12,1.990906419235610957e-12,1.971203577113506207e-12,2.056526011232054545e-12,2.167274218847879665e-12,1.582483681168876364e-12,3.681787476613828530e-12,1.307440985371319856e-12,1.483211844875676241e-12,8.778419407572624975e-13,1.446570541058725140e-12,1.025207154134703693e-12,1.925745761503447216e-12,1.083463669939012967e-12,1.879392793014804789e-12,1.505857726191381316e-12,2.066060107156284650e-12,1.017634736078104280e-12,1.963367912816576672e-12,2.137674321921859993e-12,2.107197206167552904e-12,2.676756579885583999e-12,2.319570135457994050e-12,2.543113812828362264e-12,3.289912521812694888e-12,3.721661463773244375e-12,3.320851964515885857e-12
2.081927561528704170e-12,2.859929706413672653e-12,2.326454305781286577e-12,2.328647210429197548e-12,2.528689310959968029e-12,2.319772990032450632e-12,2.223622488444998105e-12,2.535448869814827037e-12,1.970039765564688638e-12,1.954058544069937975e-12,1.694150823174215769e-12,2.175576636595011482e-12,2.102267823231285139e-12,2.371365609396475002e-12,2.299341873519614938e-12,2.609405926211389807e-12,2.308504469743299384e-12,2.030191156749671532e-12,2.135390984384678694e-12,2.059775581873710346e-12,2.246312257067386759e-12,3.145611004277470233e-12,1.934885952918123294e-12,1.911732333667522084e-12,2.073539155461519753e-12,2.236710173961586386e-12,2.332876342902048350e-12,2.468927169352111799e-12,2.211327693119135551e-12,2.259014610042056964e-12,1.942421184345100020e-12,1.962748428832810628e-12,1.167321578978095761e-12,1.604210855538716334e-12,2.775866470439502816e-12,1.648236456862222732e-12,1.759279047117247705e-12,1.878672252868990528e-12,1.013558001564324990e-12,1.222899597804226588e-12,2.206115729470482121e-12,1.981346343989032926e-12,1.830172442588561339e-12,1.925586456446932651e-12,1.075384090587846794e-12,2.177905784528464265e-12,2.796366419822661687e-12,1.606441645857893802e-12,1.597519951334304744e-12,1.682643601468790288e-12,1.678503825501923294e-12,1.925142093342679597e-12,1.998407439146100626e-12,1.974259644305005987e-12,2.059902346970716650e-12,2.171765990037102940e-12,1.582286238726635708e-12,3.675165566455430109e-12,1.316135893310109487e-12,1.488938061375399497e-12,8.821790309896548274e-13,1.459026655384615581e-12,1.030279963560634475e-12,1.928750332510517256e-12,1.094671188476393108e-12,1.868661714839027681e-12,1.505407825803765202e-12,2.061525091644450319e-12,1.027390378056295384e-12,1.958251686029418098e-12,2.132424275660485503e-12,2.097733354645520338e-12,2.688956281013427111e-12,2.305514656876788839e-12,2.538275920949307077e-12,3.315811240409459667e-12,3.741546837471313370e-12,3.330676184691626017e-12
2.096408707083841487e-12,2.878378649151933206e-12,2.343625890274609172e-12,2.344951797110862339e-12,2.545965243289195963e-12,2.335468838733284772e-12,2.236304709950000048e-12,2.544034132701057939e-12,1.979388273871433954e-12,1.966624179290347883e-12,1.706655645592148218e-12,2.191952315657831345e-12,2.117270072291839722e-12,2.387751427937539098e-12,2.314774602210988821e-12,2.623779513876291290e-12,2.313751404283299854e-12,2.042168461194380516e-12,2.147099940969554527e-12,2.073768632078047956e-12,2.261017739132896837e-12,3.152632163803091085e-12,1.955133307129473594e-12,1.924531253849919900e-12,2.082939036807538208e-12,2.249731959232667548e-12,2.344512787692000885e-12,2.476142351418451710e-12,2.222959846703757118e-12,2.272404329770104986e-12,1.950562415521351403e-12,1.971763578321694116e-12,1.177775082895657294e-12,1.618656529192173059e-12,2.770561570783639851e-12,1.656413370003485522e-12,1.768205143151180629e-12,1.880469839986961598e-12,1.014001953402823773e-12,1.219044860065682586e-12,2.211276955709808150e-12,1.988590576388741777e-12,1.840931836323793358e-12,1.931698360457882719e-12,1.076138732298147465e-12,2.163855787227198845e-12,2.779441004668707029e-12,1.612225966661623189e-12,1.606691880335992452e-12,1.684623625300050293e-12,1.685329283050162550e-12,1.931704408062169209e-12,2.004413553408452208e-12,1.975839784265704891e-12,2.061761749831424481e-12,2.174649167929405685e-12,1.581842745637380004e-12,3.664133545128688225e-12,1.323909426454428108e-12,1.493544783148486386e-12,8.864721816266468825e-13,1.470418353882475568e-12,1.035301493724622453e-12,1.930333325259777744e-12,1.105737366112217949e-12,1.856479047634019937e-12,1.504967456252959901e-12,2.056367793218069744e-12,1.037061071996204516e-12,1.950591134007707595e-12,2.124407977741694053e-12,2.085918435716507287e-12,2.698388729409803897e-12,2.290045784849107788e-12,2.532818180042065552e-12,3.340193992172241648e-12,3.758534734029492299e-12,3.336867343218683858e-12
2.109484452194482052e-12,2.894916069465668245e-12,2.359324914688078206e-12,2.359719732935044469e-12,2.561570189199034700e-12,2.349598007532601565e-12,2.247359244731568134e-12,2.550649735954391307e-12,1.987225052836644835e-12,1.977803325595693042e-12,1.718031045303249803e-12,2.206956181135957457e-12,2.130879589784487936e-12,2.402563240340699443e-12,2.328644657484534877e-12,2.636256662553124149e-12,2.317202758672569310e-12,2.052662631756731292e-12,2.157222697830200154e-12,2.086349158299048363e-12,2.274169868339056750e-12,3.157225900985504844e-12,1.974933974283819735e-12,1.935996504953281332e-12,2.090743169152798635e-12,2.261128113291398791e-12,2.354392817029412465e-12,2.481433415934220260e-12,2.232937919110619834e-12,2.284164065625385779e-12,1.957193614125111554e-12,1.979266281499726534e-12,1.188204349265938814e-12,1.632921051155212326e-12,2.765379986504860999e-12,1.663322440128097824e-12,1.775786559475992151e-12,1.880843016393323476e-12,1.014222187306899921e-12,1.214693294641394577e-12,2.214719992112298583e-12,1.994285221143346778e-12,1.850341149406145942e-12,1.936300385352614048e-12,1.076879281571097075e-12,2.147808252887403289e-12,2.759688977979308415e-12,1.616747359336582694e-12,1.614666972502080850e-12,1.685321694330588197e-12,1.690753772380411895e-12,1.936668152375881842e-12,2.008854110953883334e-12,1.975912651012307636e-12,2.062061449610388066e-12,2.175870698436599660e-12,1.581137348274884087e-12,3.648525992172335456e-12,1.330694400780984891e-12,1.496980198279842033e-12,8.907209486480320642e-13,1.480690876832066040e-12,1.040271191132687099e-12,1.930457541908856133e-12,1.116632850533510380e-12,1.842921419579781908e-12,1.504535721441089266e-12,2.050603037769287581e-12,1.046648420778379223e-12,1.940370129882480228e-12,2.113596756345363813e-12,2.071804758231961337e-12,2.704691904339995486e-12,2.273248390650826788e-12,2.526743252261604341e-12,3.362740677203054857e-12,3.772120111065139663e-12,3.339014301814809611e-12
2.121027619324011989e-12,2.909362426704840872e-12,2.373399374924308942e-12,2.372804505486870675e-12,2.575344372488069687e-12,2.362018157884603819e-12,2.256666681379316662e-12,2.555198932238077992e-12,1.993459515252662391e-12,1.987484245592075239e-12,1.728173310147236805e-12,2.220446629939633393e-12,2.142965410726430137e-12,2.415652541359868249e-12,2.340812078362314288e-12,2.646695881524049487e-12,2.318790538379145938e-12,2.061563788543789365e-12,2.165648687679147425e-12,2.097393624091472843e-12,2.285635030330741929e-12,3.159293114697733807e-12,1.994227606481731041e-12,1.946016076538819662e-12,2.096858520279732175e-12,2.270776559281696487e-12,2.362401792862183309e-12,2.484715055330294018e-12,2.241150114370077309e-12,2.294168642960550953e-12,1.962233210842976335e-12,1.985168435141385783e-12,1.198607222437510272e-12,1.646983247219494343e-12,2.760319002805675796e-12,1.668887339562736667e-12,1.781939794081543179e-12,1.879756959198844074e-12,1.014211749671119549e-12,1.209866361845882590e-12,2.216379399464908201e-12,1.998354312235748841e-12,1.858303208839029173e-12,1.939325549443360998e-12,1.077606117570255331e-12,2.129861117325321157e-12,2.737206738680595489e-12,1.619946593856805690e-12,1.621363347055434308e-12,1.684704271257056120e-12,1.694744888897211958e-12,1.940001054743965645e-12,2.011661562396502687e-12,1.974450993463823681e-12,2.060762977519012853e-12,2.175381933092393424e-12,1.580152210888798733e-12,3.628217734215091677e-12,1.336423395350820480e-12,1.499195018309256991e-12,8.949252632201114083e-13,1.489791987106679852e-12,1.045188987312730160e-12,1.929089827763074569e-12,1.127317456491107026e-12,1.828072715812627582e-12,1.504112674435977195e-12,2.044243750155402443e-12,1.056156731213248772e-12,1.927602988770150061e-12,2.099994704153737234e-12,2.055468196106284855e-12,2.707475976976177084e-12,2.255210769351538302e-12,2.520048330349476575e-12,3.382942034903193782e-12,3.781700462452547980e-12,3.336687246738921639e-12
2.130896959773525864e-12,2.921512180281579899e-12,2.385674207494264299e-12,2.384040372259168768e-12,2.587105923084233485e-12,2.372569927053899371e-12,2.264098379210173508e-12,2.557581096251597048e-12,1.997997300192406961e-12,1.995545882899291673e-12,1.736968365890942389e-12,2.232261300564406946e-12,2.153380872765592465e-12,2.426851524586063126e-12,2.351120680396053119e-12,2.654942543905175174e-12,2.318445960162031123e-12,2.068754114224883215e-12,2.172259961461593743e-12,2.106765806898344125e-12,2.295265481481279164e-12,3.158729998232155705e-12,2.012941739045112292e-12,1.954467941310085861e-12,2.101188147800139413e-12,2.278545284270722356e-12,2.368417690021760665e-12,2.485899484405562006e-12,2.247477368502218944e-12,2.302282152824080429e-12,1.965597242077203158e-12,1.989378569025247108e-12,1.208980080198721913e-12,1.660719313139087721e-12,2.755375498211733810e-12,1.673029351061878389e-12,1.786578099037006631e-12,1.877177860290548746e-12,1.013961276622403076e-12,1.204583520102743542e-12,2.216189194754256848e-12,2.000720280839755516e-12,1.864714914626774702e-12,1.940706181333553859e-12,1.078319503226689709e-12,2.110119142298876415e-12,2.712102820857509522e-12,1.621764187134905724e-12,1.626695373178239392e-12,1.682738956291193595e-12,1.697272314493325763e-12,1.941672831093491172e-12,2.012767650485039215e-12,1.971428608264514790e-12,2.057828679885740642e-12,2.173134649709894581e-12,1.578861904328534248e-12,3.603101422692723751e-12,1.341026588500661189e-12,1.500140410056239822e-12,8.990850056300561048e-13,1.497670778183377185e-12,1.050054743619716697e-12,1.926198030727073912e-12,1.137721600979496792e-12,1.812017600000897878e-12,1.503698180978041861e-12,2.037293927286224966e-12,1.065456333212380877e-12,1.912327894911946813e-12,2.083631092661253512e-12,2.036999437285999714e-12,2.706300439594298667e-12,2.236016495124540517e-12,2.512712802742751686e-12,3.399885664556245680e-12,3.786492977271020792e-12,3.329411208070154127e-12
2.138937555124688404e-12,2.931134063073948411e-12,2.395951159252580568e-12,2.393242595708117144e-12,2.596651068234783062e-12,2.381077328372004856e-12,2.269517238276556419e-12,2.557692551480979279e-12,2.000741039730364495e-12,2.001858473917046542e-12,1.744292115371320853e-12,2.242216944924806259e-12,2.161963898092594248e-12,2.435973340448904616e-12,2.359398488451347530e-12,2.660829697938502245e-12,2.316100083288850407e-12,2.074108582638667140e-12,2.176931977701639355e-12,2.114317281818351101e-12,2.302899876151948100e-12,3.155428890040460866e-12,2.030987833296927666e-12,1.961220611981503510e-12,2.103631993138149822e-12,2.284293092724730757e-12,2.372311951515562026e-12,2.484897201919133786e-12,2.251794166548583830e-12,2.308358681534655464e-12,1.967200085645408145e-12,1.991802609408259735e-12,1.218272606964015507e-12,1.673278421587912905e-12,2.750546336633850753e-12,1.675668033318442006e-12,1.789612194029064747e-12,1.873073262439966882e-12,1.013457714260736629e-12,1.198861942232796987e-12,2.214083466713353676e-12,2.001304661538182243e-12,1.869467941776170893e-12,1.940374559828320873e-12,1.079019687799296606e-12,2.088693250940998238e-12,2.684498621469617920e-12,1.622140974096288167e-12,1.630574325784199190e-12,1.679394816081296362e-12,1.698307884183841661e-12,1.941655229699397336e-12,2.012104052355583591e-12,1.966820569665943413e-12,2.053222081041024409e-12,2.169081511949276989e-12,1.577228113251118625e-12,3.573102145523495042e-12,1.344432322552143848e-12,1.499768479177537660e-12,9.032000639371423687e-13,1.504277843629746897e-12,1.054868281871472290e-12,1.921751314871496843e-12,1.147718039986103002e-12,1.794840879724989504e-12,1.503292091926631747e-12,2.029746321254900809e-12,1.074110502897698141e-12,1.894608956455413569e-12,2.064563357023735737e-12,2.016503780740729072e-12,2.700692331918873883e-12,2.215744179965787759e-12,2.504689353005326831e-12,3.412182503843799190e-12,3.785549796090412064e-12,3.316692033018902554e-12
2.145110775948465544e-12,2.938221246336731187e-12,2.404212791182333745e-12,2.400383479007982795e-12,2.603959911032751728e-12,2.387508108421393647e-12,2.272883279515559756e-12,2.555511768492421586e-12,2.001653830370244192e-12,2.006378066181729886e-12,1.750100905779185095e-12,2.250290437754725127e-12,2.168678869478276749e-12,2.442990662658770869e-12,2.365611675678638495e-12,2.664326091180244868e-12,2.311739408147411227e-12,2.077584464160738220e-12,2.179624311172022941e-12,2.120007365717705585e-12,2.308500844452133755e-12,3.149390593882030539e-12,2.048336889697686768e-12,1.966230087058732509e-12,2.104154998010086713e-12,2.287980072921654340e-12,2.374048652634980605e-12,2.481690153068784119e-12,2.254061810274660016e-12,2.312358720754592568e-12,1.967009144305140606e-12,1.992404780080640865e-12,1.227170871349698416e-12,1.685254224798994231e-12,2.745828524282645568e-12,1.676765777229334871e-12,1.791003096851558449e-12,1.867439223917769802e-12,1.012712767066224402e-12,1.192746748938154027e-12,2.210047225990828555e-12,2.000079440983962535e-12,1.872518629185725948e-12,1.938306832388076159e-12,1.079706907979559215e-12,2.065815539257220029e-12,2.654738345020852857e-12,1.621050112272528470e-12,1.632957968912794819e-12,1.674664798195955030e-12,1.697842459219695092e-12,1.939944336563779364e-12,2.009648570157222242e-12,1.960629679185057010e-12,2.046940927818210293e-12,2.163216769249746032e-12,1.575279050148397722e-12,3.538737838224206611e-12,1.346600634627663691e-12,1.498056972395733368e-12,9.072703389878117847e-13,1.509577770807605554e-12,1.059629368026037875e-12,1.915747851877742967e-12,1.157360342099076567e-12,1.776702531120420561e-12,1.502894245681286690e-12,2.021686741492042881e-12,1.082429997901376409e-12,1.874669279824605758e-12,2.043039218922063564e-12,1.994223378423393885e-12,2.690775846926635878e-12,2.194573119404947302e-12,2.496109074116533770e-12,3.421226585677655278e-12,3.779395050692941681e-12,3.298832138289142434e-12
2.149360386576997161e-12,2.942731011079694640e-12,2.410410452132242895e-12,2.405410030995279428e-12,2.608982840396837475e-12,2.391808009521780378e-12,2.274145628188981854e-12,2.551012521124247558e-12,2.000695019945082417e-12,2.009049877306092039e-12,1.754338755767787493e-12,2.256430908241515506e-12,2.173470132439090207e-12,2.447850745839433731e-12,2.369705614068751161e-12,2.665383770715563750e-12,2.305349510308567314e-12,2.079130026931497691e-12,2.180288160326845011e-12,2.123779787407473247e-12,2.312013283249772175e-12,3.140609013553726843e-12,2.064949952830107965e-12,1.969440582275523690e-12,2.102718082575944323e-12,2.289554459001203950e-12,2.373583238712234723e-12,2.476257303344028127e-12,2.254233282500570519e-12,2.314229799582863693e-12,1.964989679361010396e-12,1.991146042426106710e-12,1.235715931886448216e-12,1.696707657941924845e-12,2.741219035267796325e-12,1.676283090264062354e-12,1.790708894825035224e-12,1.860272987946495188e-12,1.011734444598041591e-12,1.186276721058529413e-12,2.204064949037767845e-12,1.997015277133340407e-12,1.873817060633452516e-12,1.934478817723831536e-12,1.080381384824012840e-12,2.041692488631389389e-12,2.623122391311300507e-12,1.618465141442032293e-12,1.633800639986532921e-12,1.668543270865756902e-12,1.695869642472116741e-12,1.936538799692586747e-12,2.005378575402093858e-12,1.952859901413306097e-12,2.038983832243773346e-12,2.155535089079929827e-12,1.573032037572876084e-12,3.500437795891498829e-12,1.347489816848278696e-12,1.494984725277719891e-12,9.112957360477959081e-13,1.513538003514629119e-12,1.064337768467969388e-12,1.908186942597235992e-12,1.166650125273026302e-12,1.757743765136222887e-12,1.502504464252035444e-12,2.013179749781821387e-12,1.090433881723710593e-12,1.852722623839474594e-12,2.019293127180087575e-12,1.970379935935747234e-12,2.676578102573096762e-12,2.172654508168804175e-12,2.487060826061325817e-12,3.427687234187158943e-12,3.768207354544379471e-12,3.276008962589752428e-12
2.151613794727157915e-12,2.944587104815580589e-12,2.414466254569112419e-12,2.408245639667190858e-12,2.611642456632141258e-12,2.393902272441959131e-12,2.273243453116602167e-12,2.544164302890946152e-12,1.997820770126102496e-12,2.009809234920471046e-12,1.756938298752723730e-12,2.260561477051067693e-12,2.176263361116430748e-12,2.450477073196384578e-12,2.371606286844196939e-12,2.663939307166437217e-12,2.296915139570640970e-12,2.078685385604102101e-12,2.178867155948190712e-12,2.125563831760854784e-12,2.313365626274080858e-12,3.129071447666690042e-12,2.080778899390291670e-12,1.970785515587738969e-12,2.099278684846644072e-12,2.288953614862435020e-12,2.370863314328789050e-12,2.468574907476737178e-12,2.252254043928176978e-12,2.313907527009708775e-12,1.961105235499299695e-12,1.987984608549406815e-12,1.243900416195889240e-12,1.707634367284429383e-12,2.736714922206046801e-12,1.674179086409969742e-12,1.788685279915733062e-12,1.851572869357390278e-12,1.010526325415061334e-12,1.179484678530933547e-12,2.196120681549234935e-12,1.992081826441581910e-12,1.873307786309067679e-12,1.928866234880485697e-12,1.081043339091705034e-12,2.016507959030439280e-12,2.589914386958919196e-12,1.614360245138352318e-12,1.633053835394422239e-12,1.661025961300039957e-12,1.692385461866243565e-12,1.931439414108648350e-12,1.999271217335003275e-12,1.943516128754393437e-12,2.029350134758505457e-12,2.146031484170555166e-12,1.570492203611425887e-12,3.458567392615888310e-12,1.347056916344770174e-12,1.490531844286490206e-12,9.152761632041584180e-13,1.516128742511231404e-12,1.068992701426924741e-12,1.899068870509489356e-12,1.175569795602240448e-12,1.738088942005889592e-12,1.502122581386431629e-12,2.004271292216824815e-12,1.098111506537660857e-12,1.828975627317728620e-12,1.993549732456798119e-12,1.945177131418544267e-12,2.658064667276377491e-12,2.150115214192715459e-12,2.477599404623362377e-12,3.431683175735274293e-12,3.751899600642368318e-12,3.248318735368644059e-12
2.151783347027730700e-12,2.943682037019186525e-12,2.416274971008926858e-12,2.408791720446565471e-12,2.611835518351655529e-12,2.393697151219045472e-12,2.270106987887709999e-12,2.534932742273851114e-12,1.992984609852685687e-12,2.008582587462130021e-12,1.757821804431935277e-12,2.262580994054094097e-12,2.176966935276658079e-12,2.450771108104713517e-12,2.371221816235527758e-12,2.659915116193520818e-12,2.286420304037498496e-12,2.076183441867534748e-12,2.175298249198420819e-12,2.125275587059932124e-12,2.312471207813736713e-12,3.114758785030741931e-12,2.095766045925943033e-12,1.970188526471546702e-12,2.093791340736826472e-12,2.286105118399860313e-12,2.365829505307992486e-12,2.458616778232121845e-12,2.248062896845296392e-12,2.311316728020604717e-12,1.955318084476554189e-12,1.982876488841933452e-12,1.251695560461340549e-12,1.718000030457814992e-12,2.732313279597267865e-12,1.670411972269569166e-12,1.784886124073365323e-12,1.841338114892039955e-12,1.009085919413415776e-12,1.172397650718587701e-12,2.186198129245067722e-12,1.985248080607801843e-12,1.870930618028869899e-12,1.921444929131668160e-12,1.081692998731989599e-12,1.990425557000306222e-12,2.555346599266146270e-12,1.608710496069312252e-12,1.630666846718613846e-12,1.652109867889283474e-12,1.687388016932297271e-12,1.924648670429524118e-12,1.991303624183646931e-12,1.932603919081151040e-12,2.018039738798414666e-12,2.134701216117300476e-12,1.567647585114018839e-12,3.413447044889951689e-12,1.345258245684845994e-12,1.484679853886756510e-12,9.192112973935753178e-13,1.517322768090645795e-12,1.073518249301287093e-12,1.888394728038204598e-12,1.184089168971955602e-12,1.717847138058472888e-12,1.501748459537613042e-12,1.994989487387394659e-12,1.105436356847782891e-12,1.803628910088133829e-12,1.966025952203734298e-12,1.918802316393144521e-12,2.635171933083345331e-12,2.127060745533600775e-12,2.467747339479851484e-12,3.432871212488085838e-12,3.730185781317990440e-12,3.215814004795725098e-12
2.149774632058204820e-12,2.939892602578646090e-12,2.415716768133628550e-12,2.406938808983244415e-12,2.609445768690297325e-12,2.391090054423068921e-12,2.264664217811006194e-12,2.523284602272417773e-12,1.986141469407988347e-12,2.005293631654223240e-12,1.756907087784355420e-12,2.262375340926426488e-12,2.175480976786851177e-12,2.448623451593221444e-12,2.368452148197134510e-12,2.653228647184444835e-12,2.273851344714520279e-12,2.071555626174481368e-12,2.169517464070738009e-12,2.122825607712881677e-12,2.309236976134942928e-12,3.097651813078464678e-12,2.109846347970993666e-12,1.967569797792455431e-12,2.086211917928483990e-12,2.280933750247884582e-12,2.358421622306035607e-12,2.446358480367633981e-12,2.241597857115989272e-12,2.306378812115798268e-12,1.947592609090369268e-12,1.975779312482833069e-12,1.259060715144618492e-12,1.727753856370813392e-12,2.728010649068517260e-12,1.664941976026218828e-12,1.779266898653136078e-12,1.829570237483636914e-12,1.007404098691350867e-12,1.165038678161626972e-12,2.174283480832905173e-12,1.976485457736130333e-12,1.866625190129311255e-12,1.912193454172526127e-12,1.082330569638838707e-12,1.963595802918939671e-12,2.519633337833328085e-12,1.601493833479491529e-12,1.626590077050434005e-12,1.641794385100663399e-12,1.680878094652032292e-12,1.916171589158032254e-12,1.981455586546969792e-12,1.920130693143428229e-12,2.005054741315519343e-12,2.121541895597140299e-12,1.564464255784534618e-12,3.365389290758823481e-12,1.342051763005258851e-12,1.477413199816569965e-12,9.230880886998638126e-13,1.517096002755974133e-12,1.077920932741918228e-12,1.876167751034179719e-12,1.192170073195703606e-12,1.697117058435063887e-12,1.501381930189036573e-12,1.985350024573831774e-12,1.112372642063649086e-12,1.776883069008534283e-12,1.936938839153714344e-12,1.891433202111513798e-12,2.607863147844154428e-12,2.103582727258433058e-12,2.457502628547188645e-12,3.430640437510989083e-12,3.702712930715823439e-12,3.178569642360678926e-12
2.145477688387337949e-12,2.933062709980525767e-12,2.412643237982423161e-12,2.402554540931492018e-12,2.604329872062095590e-12,2.385958602796158916e-12,2.256833576922483088e-12,2.509181231091669352e-12,1.977243128901242213e-12,1.999856940009534886e-12,1.754101526126576817e-12,2.259805075545524226e-12,2.171687725540059990e-12,2.443901687718907898e-12,2.363178585401436754e-12,2.643782052638596942e-12,2.259192342315111975e-12,2.064725782454024002e-12,2.161453594026535706e-12,2.118110822868309336e-12,2.303554131985188249e-12,3.077722196384820859e-12,2.122940425526631406e-12,1.962839540090897983e-12,2.076492685727905394e-12,2.273353881310432067e-12,2.348571615524745126e-12,2.431771550379296171e-12,2.232789605566146398e-12,2.299003765628236275e-12,1.937891277223261420e-12,1.966647942527049543e-12,1.265932010840153442e-12,1.736813210548770180e-12,2.722701166796750479e-12,1.657728238189013822e-12,1.771780995545191064e-12,1.816270488889531934e-12,1.005451502901193402e-12,1.157423397903398932e-12,2.160361211722258160e-12,1.965763896065988507e-12,1.860326229796010006e-12,1.901089624567325688e-12,1.082956227033611322e-12,1.936148620830218881e-12,2.482958596390683986e-12,1.592688631991622722e-12,1.620771732607995659e-12,1.630079239354893778e-12,1.672857236673156463e-12,1.906013217045952113e-12,1.969705891501399925e-12,1.906103121481931297e-12,1.990396382632781242e-12,2.106549880722137477e-12,1.560816554630182490e-12,3.314670914034428693e-12,1.337394922251672861e-12,1.468717299377367544e-12,9.263239652743450946e-13,1.515426086157783032e-12,1.081603387492181863e-12,1.862390706269829623e-12,1.199759990098961622e-12,1.675981868987394335e-12,1.501021663695417501e-12,1.975340534291920398e-12,1.118867418624059310e-12,1.748928419721726382e-12,1.906493803932734964e-12,1.863229291275073714e-12,2.576112258132887142e-12,2.079751941343207350e-12,2.446794775465280055e-12,3.423887616070524407e-12,3.669008630908742510e-12,3.136655331970239666e-12
2.138865507675899619e-12,2.923188730027273637e-12,2.407028801535556004e-12,2.395615501236316818e-12,2.596470744294181816e-12,2.378281414910685667e-12,2.246605460035997039e-12,2.492646222811630003e-12,1.966288519933056339e-12,1.992250763383652808e-12,1.749371196011715691e-12,2.254840208270760262e-12,2.165558558786287308e-12,2.436584122591591008e-12,2.355379954081292156e-12,2.631575126774818184e-12,2.242470520603580822e-12,2.055679563408157607e-12,2.151098751173132423e-12,2.111105842471476952e-12,2.295402548437757889e-12,3.055021563212650162e-12,2.135006334233446104e-12,1.955972429818737005e-12,2.064636272698032940e-12,2.263354529034822875e-12,2.336280771950628823e-12,2.414882210650120390e-12,2.221634093511662766e-12,2.289179529974770706e-12,1.926218409141238917e-12,1.955482867165258367e-12,1.272301250827272353e-12,1.745174939569732663e-12,2.717155729118025038e-12,1.648764420027696638e-12,1.762421696992346502e-12,1.801463092477907944e-12,1.003250874496421381e-12,1.149591055407685532e-12,2.144455708314666314e-12,1.953093257022528301e-12,1.852018199915763882e-12,1.888146284370731379e-12,1.083570039839316066e-12,1.908266519509133007e-12,2.445599473940965367e-12,1.582299863677318890e-12,1.613197037859176462e-12,1.616983666773502555e-12,1.663343572477880372e-12,1.894199258096125684e-12,1.956069956257440525e-12,1.890550233119349212e-12,1.974093137601751613e-12,2.089754324023644684e-12,1.556793242006741424e-12,3.261825965937818099e-12,1.331271425794787945e-12,1.458598984136678869e-12,9.292250539168169668e-13,1.512304908152393970e-12,1.084888981615842287e-12,1.847089669723427568e-12,1.206839459906603621e-12,1.654561883694268875e-12,1.500599565206849638e-12,1.965044671640235244e-12,1.124907833527130544e-12,1.720018413825916065e-12,1.874973179369873858e-12,1.834405197328586397e-12,2.540252019969136954e-12,2.055694518957528712e-12,2.435778730462221358e-12,3.413065172489772360e-12,3.629424729745917664e-12,3.090570147172949014e-12
2.129907536070591866e-12,2.910254596273090367e-12,2.398836520207476199e-12,2.386090735226830134e-12,2.585841661515604146e-12,2.368031572193808410e-12,2.233970693034424771e-12,2.473705553681167614e-12,1.953279756736867678e-12,1.982453458122224034e-12,1.742680656614814698e-12,2.247441001678215102e-12,2.157059850851055369e-12,2.426641578627732194e-12,2.345030211626880447e-12,2.616605524751216481e-12,2.223716044623711621e-12,2.044403775083293423e-12,2.138446567171095054e-12,2.101782893680123242e-12,2.284758914305217713e-12,3.029602057240773462e-12,2.145998304731169951e-12,1.946942623442960616e-12,2.050648380431977773e-12,2.250924689444321700e-12,2.321551822073646414e-12,2.395719394963145659e-12,2.208128841269802070e-12,2.276893494150189215e-12,1.912581866106911549e-12,1.942287884106307147e-12,1.278150396557286801e-12,1.752822220034186254e-12,2.711428442929090692e-12,1.638047820043437066e-12,1.751185686798019583e-12,1.785174676498775366e-12,1.000813365763098649e-12,1.141575391702512743e-12,2.126594454524355109e-12,1.938486983638516964e-12,1.841687770631561774e-12,1.873379871201673232e-12,1.084171695699499694e-12,1.880107606056081667e-12,2.407794547410475129e-12,1.570336269123717230e-12,1.603854345791805839e-12,1.602529461161378352e-12,1.652358102186073320e-12,1.880758112738806676e-12,1.940566698794619520e-12,1.873502989554442549e-12,1.956175819047883633e-12,2.071186989363677967e-12,1.552423066677510605e-12,3.207325146025975389e-12,1.323668349416651482e-12,1.447068642328382718e-12,9.318079666137370861e-13,1.507728376144728656e-12,1.087801317326771560e-12,1.830292972205041094e-12,1.213383325219948180e-12,1.632960898361650915e-12,1.500161668857807620e-12,1.954526625427117843e-12,1.130473851033582299e-12,1.690384572440078890e-12,1.842634294912001403e-12,1.805150570511557413e-12,2.500623145808181974e-12,2.031516004506894703e-12,2.424558204056420307e-12,3.398247402430720816e-12,3.584231695177703977e-12,3.040789016966902380e-12
2.118559456227877060e-12,2.894212428092906091e-12,2.388002601411384805e-12,2.373928098463618517e-12,2.572390329574935528e-12,2.355164006090135557e-12,2.218911599164933705e-12,2.452379315521335454e-12,1.938216306014446066e-12,1.970435775896079969e-12,1.733985947571267314e-12,2.237544223647821617e-12,2.146141939688732714e-12,2.414023506583511763e-12,2.332086287254826059e-12,2.598856374016339295e-12,2.202956104322328798e-12,2.030878832226098829e-12,2.123484363197412867e-12,2.090102291838002368e-12,2.271585728176850931e-12,3.001505214976433618e-12,2.155860680967699023e-12,1.935715971376013345e-12,2.034531468443822464e-12,2.236044071015356446e-12,2.304380183727725241e-12,2.374307388853404316e-12,2.192264795789453313e-12,2.262122810384410525e-12,1.896987809099375206e-12,1.927064441124433023e-12,1.283447680398692839e-12,1.759719184332057019e-12,2.705407355326729282e-12,1.625575286269086316e-12,1.738068266515791724e-12,1.767430957964407570e-12,9.981030074318172121e-13,1.133400740115030551e-12,2.106802595184350521e-12,1.921956996026163254e-12,1.829317874888236620e-12,1.856805877312919054e-12,1.084176974781568784e-12,1.851800042597698704e-12,2.369735348156154334e-12,1.556807079836594547e-12,1.592730854238934614e-12,1.586738230767605221e-12,1.639922125491235180e-12,1.865717600107196305e-12,1.923213734460404456e-12,1.854990886121648571e-12,1.936673612797919651e-12,2.050877583535071355e-12,1.547187749596301033e-12,3.151554584282427015e-12,1.314573288963491319e-12,1.434137564686715354e-12,9.340414375299957463e-13,1.501694402533127890e-12,1.090307713594745185e-12,1.812027784799579467e-12,1.219357049302595140e-12,1.611261891947179873e-12,1.498949903484975870e-12,1.943818320112139610e-12,1.135534859855418853e-12,1.660228738889434584e-12,1.809700521580815569e-12,1.775623984035530447e-12,2.457550543520649105e-12,2.007295485733881706e-12,2.413168284526673567e-12,3.378993425730266672e-12,3.533575455189208292e-12,2.987731343998822230e-12
2.104833400374482973e-12,2.875113030478281067e-12,2.374543300258373968e-12,2.359147683306488309e-12,2.556147243498392087e-12,2.339701288533086539e-12,2.201460499477456999e-12,2.428730863769617616e-12,1.921131498608167213e-12,1.956213109654813713e-12,1.723284124808904983e-12,2.225158512168261529e-12,2.132815254765683038e-12,2.398752764534531124e-12,2.316570678807502746e-12,2.578376849656349233e-12,2.180248352853367986e-12,2.015128676675670577e-12,2.106243948278951759e-12,2.076077646569665876e-12,2.255905725015646743e-12,2.970826586132003032e-12,2.164562822894633321e-12,1.922303375752554146e-12,2.016323915939044061e-12,2.218744071470193563e-12,2.284809546238173191e-12,2.350708698197013487e-12,2.174078619762339592e-12,2.244898390346499068e-12,1.879472615142287670e-12,1.909846808718378801e-12,1.288184714369373016e-12,1.765863927313301212e-12,2.699258472676126824e-12,1.611369162351414199e-12,1.723093862671071583e-12,1.748274255980972445e-12,9.951995273407565141e-13,1.125109158710388912e-12,2.085133627290702722e-12,1.903543989255755943e-12,1.814927167551248083e-12,1.838465151337025549e-12,1.083913023382264642e-12,1.823492057823543209e-12,2.331646954753266488e-12,1.541741280767193482e-12,1.579841066572556768e-12,1.569645856581554540e-12,1.626069648670484433e-12,1.849121020314859801e-12,1.904055056086473543e-12,1.835059543025048084e-12,1.915635189794948948e-12,2.028879138689764855e-12,1.541899834829725708e-12,3.094994111697700513e-12,1.303993843893650715e-12,1.419833080389813327e-12,9.359437348775275534e-13,1.494213000043616073e-12,1.092433246268181411e-12,1.792338078761779242e-12,1.224742647585148998e-12,1.589564701482322431e-12,1.497449675034764265e-12,1.933019360902072256e-12,1.140078164641623794e-12,1.629770701384944533e-12,1.776418128989219409e-12,1.746002087582218871e-12,2.411542318181284215e-12,1.983139568838560754e-12,2.401773853146363188e-12,3.355690420404576756e-12,3.478044374782849026e-12,2.932012100976400829e-12
2.088739664727876937e-12,2.852996210171283714e-12,2.358465909415152498e-12,2.341763963776842310e-12,2.537135077393608475e-12,2.321662078467685330e-12,2.181650605246317548e-12,2.402824681911865387e-12,1.902061650443647314e-12,1.939802062899780523e-12,1.710572578114637043e-12,2.210285192737323043e-12,2.117087148539840618e-12,2.380846555085579032e-12,2.298502561792349223e-12,2.555214210483220558e-12,2.155652032368320087e-12,1.997179037003174673e-12,2.086758926281934536e-12,2.059721703856944281e-12,2.237739787353485223e-12,2.937659967212898097e-12,2.172072178922783387e-12,1.906716562647762218e-12,1.996066810100725650e-12,2.199056637119776213e-12,2.262884870607670275e-12,2.324987181619085283e-12,2.153608624806742016e-12,2.225251266979347763e-12,1.860075728510934024e-12,1.890672285490227547e-12,1.292348008914474871e-12,1.771247230078297014e-12,2.693033702842783084e-12,1.595455449085175349e-12,1.706290360405866465e-12,1.727748264812033215e-12,9.921586714198663103e-13,1.116736611094348326e-12,2.061642900489567074e-12,1.883291522960583188e-12,1.798537110140363580e-12,1.818401306543907766e-12,1.083416692350837072e-12,1.795306494757676174e-12,2.293714075937905137e-12,1.525171123893526676e-12,1.565203094733703746e-12,1.551289902531478313e-12,1.610836661280337658e-12,1.831013278825464120e-12,1.883137228942893720e-12,1.813755438518693856e-12,1.893110371795058841e-12,2.005245999177146209e-12,1.536750481124782268e-12,3.038045306934981360e-12,1.291941523090826674e-12,1.404185523677985788e-12,9.375174121601886593e-13,1.485297918925442617e-12,1.094184003904981918e-12,1.771269016138047993e-12,1.229518901948025253e-12,1.567952239835455681e-12,1.495721266141316441e-12,1.922203053241780771e-12,1.144087194852683880e-12,1.599200522933039825e-12,1.742999514547601057e-12,1.716433678214183429e-12,2.363087001247217582e-12,1.959134206093732898e-12,2.390468423697603228e-12,3.328422387122475085e-12,3.418160960489476733e-12,2.874188744135168267e-12
2.070282244066263927e-12,2.827882588575902818e-12,2.339762518795886470e-12,2.321780028653644490e-12,2.515361979630101702e-12,2.301055635192111361e-12,2.159511616571269153e-12,2.374721792080203686e-12,1.881042856586590679e-12,1.921216804604794449e-12,1.695846016248913812e-12,2.192912757452655552e-12,2.098957194383123930e-12,2.360310526274280990e-12,2.277892455080136902e-12,2.529407871288044579e-12,2.129224461462842578e-12,1.977053690589674735e-12,2.065060717315921959e-12,2.041042086774756017e-12,2.217101991467490474e-12,2.902091304133899482e-12,2.178351521625209704e-12,1.888964495355600008e-12,1.973800471448931202e-12,2.177009755959377575e-12,2.238647869849946792e-12,2.297203852170413024e-12,2.130890595495859760e-12,2.203207944979738967e-12,1.838836666358998254e-12,1.869578051577688168e-12,1.295918085465975094e-12,1.775851434959078038e-12,2.686751931228880784e-12,1.577861488380069638e-12,1.687686459914428516e-12,1.705895920688923572e-12,9.889933242711061656e-13,1.108311475720653839e-12,2.036384360916562996e-12,1.861243038062606803e-12,1.780168940952674767e-12,1.796657993261210972e-12,1.082690019646347043e-12,1.767340685733244815e-12,2.256081544887515209e-12,1.507130106707088093e-12,1.548836371495185681e-12,1.531707819651785898e-12,1.594259343138558773e-12,1.811438668998664753e-12,1.860506511359360064e-12,1.791123709756298320e-12,1.869147627185537810e-12,1.980030937217858438e-12,1.531735685861283342e-12,2.981031449955524401e-12,1.278430175731231232e-12,1.387226533719984891e-12,9.387550960153812528e-13,1.474965146567446988e-12,1.095554133273292133e-12,1.748864756253749779e-12,1.233660163479205250e-12,1.546489950031169703e-12,1.493776407492868625e-12,1.911417931144672368e-12,1.147540618900346063e-12,1.568677671917434714e-12,1.709622286917833120e-12,1.687039529058088891e-12,2.312642458599002839e-12,1.935344065563597930e-12,2.379301323155024259e-12,3.296961408250132741e-12,3.354379228822372982e-12,2.814752530576176920e-12
2.049467613557126711e-12,2.799789891311130935e-12,2.318423726424830177e-12,2.299199365465691875e-12,2.490835198123592452e-12,2.277892510134215321e-12,2.135076554122960447e-12,2.344484918020726729e-12,1.858114929769494797e-12,1.900475372137258916e-12,1.679102773031792365e-12,2.173029147899791247e-12,2.078426806074120353e-12,2.337150683920838346e-12,2.254752477739812500e-12,2.500998902739527795e-12,2.101024302134459928e-12,1.954780302114170701e-12,2.041184378744933898e-12,2.020049370533945348e-12,2.194008750997789788e-12,2.864205487900898446e-12,2.183362354787446576e-12,1.869059912559761037e-12,1.949568659633511991e-12,2.152634634951032985e-12,2.212143270847018743e-12,2.267421257924362763e-12,2.105963727916104257e-12,2.178797989859621974e-12,1.815798329892078863e-12,1.846604921793727830e-12,1.298873068308200383e-12,1.779655673411530536e-12,2.680423821490930800e-12,1.558618715992800167e-12,1.667314977722203873e-12,1.682760929014576629e-12,9.857027797413666735e-13,1.099858837799501840e-12,2.009413522752703386e-12,1.837444911499786676e-12,1.759848229297895767e-12,1.773281459882019738e-12,1.081731243238341724e-12,1.739674943400397672e-12,2.218867959043637373e-12,1.487654808091677421e-12,1.530764847950828664e-12,1.510938170999120620e-12,1.576374959471384931e-12,1.790442115749241985e-12,1.836211551099693806e-12,1.767209669103833888e-12,1.843795964893121129e-12,1.953287504184271945e-12,1.526851810340861437e-12,2.924225558150953147e-12,1.263478159671211875e-12,1.368990416885046836e-12,9.396464411035496367e-13,1.463233574555335955e-12,1.096534160093689950e-12,1.725170024497697424e-12,1.237138890669021299e-12,1.525232048460034387e-12,1.491620370879046242e-12,1.900702763928029735e-12,1.150415084327481088e-12,1.538338816816839742e-12,1.676438504635491088e-12,1.657920783819118489e-12,2.260655476683853763e-12,1.911821241736497327e-12,2.368305602115377008e-12,3.260965169546516997e-12,3.287162100966440085e-12,2.754159254741818133e-12
2.026307116491470003e-12,2.768737356595360086e-12,2.294442612780404089e-12,2.274029140659298878e-12,2.463564843219178880e-12,2.252187427852031962e-12,2.108383270592798883e-12,2.312179228765148339e-12,1.833322011066345404e-12,1.877601209658479792e-12,1.660346597988332641e-12,2.150625355330094421e-12,2.055501922768296774e-12,2.311376681055379199e-12,2.229099092502139426e-12,2.470032222373107625e-12,2.071111838080953721e-12,1.930391713033203123e-12,2.015169803999773762e-12,1.996759220635606491e-12,2.168481189184632425e-12,2.824087394664940765e-12,2.187065811455572896e-12,1.847020996487873223e-12,1.923419221280243359e-12,2.125967331998065262e-12,2.183420033866372902e-12,2.235704018252772720e-12,2.078871815844640428e-12,2.152055797164920461e-12,1.791007413234367333e-12,1.821797896881096690e-12,1.301189563175288949e-12,1.782637152471678412e-12,2.674056640642018188e-12,1.537763031864195777e-12,1.645213356291063916e-12,1.658387739207682943e-12,9.824981736867583464e-13,1.091401944600368009e-12,1.980787692030930639e-12,1.811946764885088376e-12,1.737605823281030151e-12,1.748320734270245013e-12,1.080538299932334350e-12,1.712375705963491944e-12,2.182170693165499535e-12,1.466784962381862587e-12,1.511017575859440627e-12,1.489020565329031176e-12,1.557221688008299121e-12,1.768069040282223210e-12,1.810303583529036390e-12,1.742058781108692120e-12,1.817104962621209868e-12,1.925070129523298307e-12,1.522094794738400225e-12,2.867859242451804680e-12,1.247108701419225827e-12,1.349514121395816077e-12,9.401796511740511470e-13,1.450124798271580088e-12,1.097112834021617454e-12,1.700230094728046734e-12,1.239926280856461980e-12,1.504223756689233485e-12,1.489257000904099062e-12,1.890090400788658458e-12,1.152685902724629606e-12,1.508300551869149758e-12,1.643577847906925403e-12,1.629162093924490372e-12,2.207559018489494224e-12,1.888608244008849333e-12,2.357504953292477349e-12,3.220043203597655981e-12,3.216995708428205124e-12,2.692832453461031269e-12
2.000797986331048559e-12,2.734711411492355249e-12,2.267787255866316034e-12,2.246255516912940711e-12,2.433535371948654620e-12,2.223936225623842568e-12,2.079457411998653250e-12,2.277856524539415660e-12,1.806701026685008259e-12,1.852608338577773493e-12,1.639573298804571682e-12,2.125670889203382053e-12,2.030172740890915432e-12,2.282976699445162289e-12,2.200930777737568410e-12,2.436533614366119850e-12,2.039537435421758942e-12,1.903911339018788501e-12,1.987046599740826458e-12,1.971174523958688820e-12,2.140524695823255842e-12,2.781801134856846510e-12,2.189411956711173968e-12,1.822856466174004023e-12,1.895391682624140894e-12,2.097031151399161324e-12,2.152514602338592581e-12,2.202104649819016614e-12,2.049647576148439780e-12,2.123002278631423300e-12,1.764503964623479937e-12,1.795194935870271804e-12,1.302835529114440767e-12,1.784760950230979991e-12,2.667643905885469990e-12,1.515326428120407314e-12,1.621414002197268317e-12,1.632814860031981603e-12,9.793769185847822358e-13,1.082951524667946374e-12,1.950555298733467973e-12,1.784791317096908086e-12,1.713466076471332696e-12,1.721818554228676134e-12,1.079094311787493424e-12,1.685485128346708068e-12,2.146051265287745734e-12,1.444556714057191915e-12,1.489619937083970392e-12,1.465990065549159730e-12,1.536833268541629341e-12,1.744358667512944416e-12,1.782826885986454771e-12,1.715709806342413862e-12,1.789116857421813577e-12,1.895424898888314510e-12,1.517460687133964371e-12,2.812093230065579986e-12,1.229343781983367559e-12,1.328831721922384351e-12,9.403345573966358039e-13,1.435658472182415121e-12,1.097268878713862413e-12,1.674083916484521648e-12,1.241986257045221574e-12,1.483492123275764417e-12,1.486671021558172104e-12,1.879589237114152592e-12,1.154321199608320851e-12,1.478650305559407122e-12,1.611136997692035455e-12,1.600821947827039297e-12,2.153729626434166936e-12,1.865725252296196888e-12,2.346900789725930181e-12,3.173534750581295142e-12,3.144291318024918717e-12,2.631116095767061110e-12
1.972924937044145592e-12,2.697669076936604728e-12,2.238404051475391076e-12,2.215846123478664886e-12,2.400708480296019534e-12,2.193117855454425142e-12,2.048312913716115694e-12,2.241554707400777835e-12,1.778281384273541192e-12,1.825502054641854687e-12,1.616771895392879519e-12,2.098116764390581975e-12,2.002415645090550361e-12,2.251919894306895814e-12,2.170229876785057439e-12,2.400510725554077978e-12,2.006340684178192207e-12,1.875353544373154482e-12,1.956834297135212128e-12,1.943286699792011742e-12,2.110130380978378236e-12,2.737389398297462339e-12,2.190337432697637225e-12,1.796566450809793521e-12,1.865516919502446329e-12,2.065837264215129561e-12,2.119451011705253107e-12,2.166662864855978017e-12,2.018312799194783406e-12,2.091645620834698277e-12,1.736320894480977577e-12,1.766826594561682596e-12,1.303769158781592651e-12,1.785978395568179045e-12,2.661164640099312680e-12,1.491336628463454960e-12,1.595944000534692345e-12,1.606073979412343869e-12,9.763360483163473721e-13,1.074503358175102967e-12,1.918755053122485810e-12,1.756013769991149230e-12,1.687446974577097363e-12,1.693810663756062459e-12,1.077368005660562064e-12,1.659024617924186147e-12,2.110541765274727503e-12,1.421002000931356949e-12,1.466593520880323621e-12,1.441876400582756267e-12,1.515237902403611481e-12,1.719342787595964882e-12,1.753818044998910423e-12,1.688193824531586043e-12,1.759865594168611484e-12,1.864388602952932091e-12,1.512945673976310534e-12,2.757032183690930282e-12,1.210203939848785897e-12,1.306973782142551302e-12,9.400823267359034400e-13,1.419851079299134381e-12,1.096970565484917027e-12,1.646763203573983654e-12,1.243274362154280415e-12,1.463047846096070089e-12,1.483827542402512831e-12,1.869182947803199745e-12,1.155280953470032811e-12,1.449450866281580310e-12,1.579184973366901301e-12,1.572936755685636949e-12,2.099495913866359144e-12,1.843172245744412018e-12,2.336475033290002597e-12,3.120635550130395426e-12,3.069418213171716136e-12,2.569290577806661562e-12
1.942660968288648170e-12,2.657539822640762454e-12,2.206219886143707129e-12,2.182751485408780595e-12,2.365024764148633036e-12,2.159695414893613865e-12,2.014951787535884446e-12,2.203296579995179085e-12,1.748084203052909940e-12,1.796279013014536968e-12,1.591925225576674269e-12,2.067897481059842227e-12,1.972194303948660511e-12,2.218157774618230540e-12,2.136963506741031071e-12,2.361953066766350211e-12,1.971549051214968248e-12,1.844723415219292640e-12,1.924541939865523400e-12,1.913076271057847066e-12,2.077275671121814728e-12,2.690871828825678897e-12,2.189761421983803598e-12,1.768142749758042955e-12,1.833816323596830519e-12,2.032384594454456874e-12,2.084240300125346322e-12,2.129404268362324150e-12,1.984877851216613742e-12,2.057981277665385163e-12,1.706483063670345825e-12,1.736715210739210719e-12,1.303936532307353728e-12,1.786223446297504448e-12,2.654572310732841095e-12,1.465816388841900053e-12,1.568824438413202055e-12,1.578188789898726306e-12,9.730454663951878345e-13,1.066026808483328308e-12,1.885414655498043752e-12,1.725640785341345728e-12,1.659559779669821612e-12,1.664324743561828157e-12,1.075308960344422654e-12,1.632996562294409311e-12,2.075648806528680969e-12,1.396147667316309328e-12,1.441955639413593846e-12,1.416702935984889755e-12,1.492456897030233498e-12,1.693044196640653758e-12,1.723304836043325352e-12,1.659532939335729841e-12,1.729375522130579006e-12,1.831987384782628342e-12,1.508545667541963091e-12,2.702734979237905358e-12,1.189707810070804938e-12,1.283966495274698267e-12,9.393836865776844183e-13,1.402714442132864051e-12,1.096173359915224250e-12,1.618291215336716004e-12,1.243735747415745675e-12,1.442885223578933792e-12,1.480661816791125151e-12,1.858807538203072042e-12,1.155515120600873284e-12,1.420743656402417876e-12,1.547766990111825465e-12,1.545523394397975449e-12,2.045143760621436941e-12,1.820928044925490171e-12,2.326171225802173619e-12,3.060525516210617037e-12,2.992723765039608408e-12,2.507583743018933942e-12
1.909997357512786957e-12,2.614280350237751665e-12,2.171186784836141905e-12,2.146944512914180317e-12,2.326449356753335646e-12,2.123652667376222911e-12,1.979389811223903060e-12,2.163112629635738216e-12,1.716138831717493086e-12,1.764949910653459452e-12,1.565031118482812873e-12,2.034970955291455299e-12,1.939492010695716125e-12,2.181664294513718401e-12,2.101118795839615089e-12,2.320867155942429529e-12,1.935193978684408486e-12,1.812038668955273937e-12,1.890190563531629093e-12,1.880540848291928246e-12,2.041956267044072850e-12,2.642275326670120523e-12,2.187600129022693379e-12,1.737591874917448690e-12,1.800319587191495873e-12,1.996686502799039895e-12,2.046905305487518529e-12,2.090360528834560409e-12,1.949364907585577904e-12,2.022019883966993501e-12,1.675021939659704131e-12,1.704890878890693810e-12,1.303281135522400913e-12,1.785426582858973569e-12,2.647809064643344589e-12,1.438795188884191372e-12,1.540084112246301109e-12,1.549183890541455761e-12,9.695253454001810425e-13,1.057480627137579713e-12,1.850565579738394006e-12,1.693704596680959373e-12,1.629826412013455920e-12,1.633392838172051322e-12,1.072866713798587302e-12,1.607406143504433491e-12,2.041383937538581617e-12,1.370024462244480358e-12,1.415731911428871748e-12,1.390493975295845849e-12,1.468511471293116316e-12,1.665485454562400904e-12,1.691319353403276439e-12,1.629749460437294775e-12,1.697672095767693213e-12,1.798249361111822883e-12,1.504380451036982328e-12,2.649270511479781335e-12,1.167880661172764520e-12,1.259838847714674203e-12,9.381980176668708522e-13,1.384261386517521876e-12,1.094830997346414150e-12,1.588691944833152501e-12,1.243313177419895168e-12,1.423001048509813624e-12,1.477105153851270922e-12,1.848374774950312677e-12,1.154971387454517858e-12,1.392567692974302973e-12,1.516926296337125870e-12,1.518599723823358454e-12,1.990964184415030536e-12,1.798976109310676964e-12,2.315909966528022588e-12,2.992820956529462355e-12,2.914661342933897257e-12,2.446237173359369923e-12
1.874920455032532222e-12,2.567832944344787549e-12,2.133248832973885952e-12,2.108390548798206312e-12,2.284937349480219818e-12,2.084965931125780357e-12,1.941635488018843803e-12,2.121021288020763631e-12,1.682468457035878043e-12,1.731521168067160330e-12,1.536085951039106321e-12,1.999288960096448070e-12,1.904286993168807310e-12,2.142405350830579099e-12,2.062675638795065307e-12,2.277248245408608413e-12,1.897296348097729673e-12,1.777311587410458036e-12,1.853794471905290418e-12,1.845673220594324172e-12,2.004161104094486723e-12,2.591607983727559361e-12,2.183750740866001357e-12,1.704916669005648352e-12,1.765049253801089601e-12,1.958749076776959833e-12,2.007459925300610246e-12,2.049551629114736463e-12,1.911788540077900543e-12,1.983764692981780749e-12,1.641962551636063753e-12,1.671377449147562343e-12,1.301733647644430777e-12,1.783499333979810366e-12,2.640752066876930094e-12,1.410298729350105915e-12,1.509747453529861842e-12,1.519076204984307495e-12,9.655115565964613304e-13,1.048625781369799354e-12,1.814229632695157256e-12,1.660230304725803460e-12,1.598264812049365138e-12,1.601039962115133410e-12,1.069969777512685920e-12,1.582243634507660412e-12,2.007741110703606776e-12,1.342658532690680456e-12,1.387945274805869492e-12,1.363267583378007473e-12,1.443415719972018471e-12,1.636680108026973495e-12,1.657886015693262534e-12,1.598857018739575435e-12,1.664771737389774323e-12,1.763192887415888427e-12,1.498812853286064832e-12,2.596677794197959032e-12,1.144746646236083077e-12,1.234615626589488680e-12,9.364741423811244478e-13,1.364499447842448185e-12,1.092883938945880141e-12,1.557981276118921035e-12,1.241938498430681464e-12,1.403376417809522075e-12,1.473046890791806333e-12,1.836768594282623792e-12,1.153586964807620246e-12,1.364946377675876455e-12,1.486688958686458881e-12,1.492169172993080928e-12,1.937208013310356338e-12,1.777277923148017622e-12,2.304598519565092636e-12,2.917365143777353447e-12,2.835667959438106758e-12,2.385451607331084284e-12
1.837488762461601706e-12,2.518266458329677166e-12,2.092454354055517225e-12,2.067148072240701405e-12,2.240550446967991717e-12,2.043698085998959178e-12,1.901758875999075371e-12,2.077093643285130424e-12,1.647136039315845946e-12,1.696054609964497214e-12,1.505138655941172864e-12,1.960897197007906632e-12,1.866634889712349971e-12,2.100441319844829317e-12,2.021697645343864163e-12,2.231174186823168822e-12,1.857913744477709768e-12,1.740607642073456607e-12,1.815422044782776719e-12,1.808533777380699239e-12,1.963955448066122251e-12,2.538946371017592385e-12,2.178147946171250335e-12,1.670176391463939557e-12,1.728070328253818451e-12,1.918642318965118574e-12,1.965976871999401402e-12,2.007043917926701178e-12,1.872218877206780176e-12,1.943285739039954084e-12,1.607364946036487111e-12,1.636237167892085755e-12,1.299246800709956349e-12,1.780388007669279676e-12,2.633403514816586832e-12,1.380381615120150674e-12,1.477872549405805531e-12,1.487902410054280506e-12,9.611269587513077637e-13,1.039467305068539378e-12,1.776462418710365880e-12,1.625276321329926866e-12,1.564935767607366483e-12,1.567320229241194874e-12,1.066594987707612896e-12,1.557550233186415167e-12,1.974776772842185826e-12,1.314097634010545527e-12,1.358650336579343802e-12,1.335058120654136744e-12,1.417199151607703446e-12,1.606661320853006638e-12,1.623059802365005134e-12,1.566889354674491375e-12,1.630714620662148414e-12,1.726864617307005853e-12,1.492722619536391301e-12,2.545092939877034446e-12,1.120352256800452001e-12,1.208338685501878313e-12,9.341806026895324312e-13,1.343450778560260823e-12,1.090298033971083512e-12,1.526195394988268845e-12,1.239561832846960291e-12,1.384046750297375556e-12,1.468468678534566733e-12,1.825529506548119563e-12,1.151316437334164776e-12,1.337934293681417912e-12,1.457116891551746297e-12,1.466276831373130435e-12,1.884189867693946829e-12,1.755877012499455424e-12,2.293612188553549420e-12,2.834985723634925580e-12,2.756421455692371937e-12,2.325529018611218770e-12
1.797787373112021095e-12,2.465694512655280085e-12,2.048890078666570365e-12,2.023309589531726385e-12,2.193388805362727346e-12,1.999943416591271266e-12,1.859851302014955770e-12,2.031416929908788319e-12,1.610217418694072719e-12,1.658632039232694317e-12,1.472258305619604020e-12,1.919876373815892995e-12,1.826620048846962505e-12,2.055866931544215228e-12,1.978278737562110850e-12,2.182751119779142942e-12,1.817114129665240975e-12,1.702010890708459963e-12,1.775160104228857826e-12,1.769207664854933277e-12,1.921432057869831280e-12,2.484387663166536264e-12,2.170742107327879247e-12,1.633450979484622123e-12,1.689461428429269047e-12,1.876458459027086827e-12,1.922548413490969255e-12,1.962917547741652817e-12,1.830744766063996380e-12,1.900676405813287088e-12,1.571300047829316522e-12,1.599544575671585923e-12,1.295781424131132365e-12,1.776052481322428295e-12,2.625806633801363445e-12,1.349107818656382629e-12,1.444528550784285639e-12,1.455703872277680509e-12,9.564403526389429506e-13,1.030641416588070522e-12,1.737329023796837195e-12,1.588911040604062836e-12,1.529915020794935635e-12,1.532296115180868557e-12,1.062734018925584387e-12,1.533378263438444364e-12,1.942557611343824040e-12,1.284395686439222446e-12,1.327912629458616233e-12,1.305903656851781377e-12,1.389894940592940463e-12,1.575467097633946685e-12,1.586904441368169347e-12,1.533884905755338853e-12,1.595546811224557551e-12,1.689318610564269656e-12,1.486313209295200386e-12,2.494657601508450708e-12,1.094751781355726419e-12,1.181054396644636172e-12,9.312924705124878013e-13,1.321142111682373738e-12,1.087047918096163918e-12,1.493375304316350774e-12,1.236140034517835009e-12,1.365063600625617841e-12,1.463380493977333964e-12,1.814645428365811172e-12,1.148120596455723029e-12,1.311586542114829418e-12,1.428272566946967600e-12,1.440974190789754712e-12,1.832197136926144027e-12,1.734841825174130557e-12,2.282945210629837677e-12,2.746873819156044273e-12,2.677590115705095630e-12,2.266755850594092136e-12
1.755872960109167688e-12,2.410176858570998256e-12,2.002603624223670842e-12,1.976930884607963569e-12,2.143509335115314674e-12,1.953760946468719204e-12,1.815974757006734657e-12,1.984045686375438816e-12,1.571766404659288083e-12,1.619311531655733473e-12,1.437495187655090642e-12,1.876272934725172674e-12,1.784297160898983400e-12,2.008739108184022054e-12,1.932478438603222827e-12,2.132045337444564482e-12,1.774939375753784237e-12,1.661580612520863515e-12,1.733068770772132977e-12,1.727752713424031562e-12,1.876651573900904144e-12,2.427984064480031928e-12,2.161454580628982708e-12,1.594797289075559427e-12,1.649277165090275289e-12,1.832259794532517900e-12,1.877236062673398882e-12,1.917222289800521248e-12,1.787426852166367028e-12,1.855999296525060864e-12,1.533817815505662508e-12,1.561352469004981269e-12,1.291282516584961544e-12,1.770428874179514700e-12,2.617943207563598844e-12,1.316525345917696451e-12,1.409766519339575576e-12,1.422504734270811648e-12,9.514488663371871608e-13,1.022133154651855767e-12,1.696870351817447495e-12,1.551181616548724751e-12,1.493258156088793875e-12,1.496010308879869881e-12,1.058357615575038051e-12,1.509745548742485096e-12,1.911106594073672961e-12,1.253591976403860040e-12,1.295782282569995538e-12,1.275827769307123865e-12,1.361521470098336991e-12,1.543117206736641295e-12,1.549462691261160438e-12,1.499863791442519502e-12,1.559294326299899374e-12,1.650586511845201872e-12,1.479600827681321251e-12,2.445437215719447665e-12,1.067988828568981324e-12,1.152796493520422131e-12,9.277724911611684542e-13,1.297588152475884122e-12,1.083092946155110698e-12,1.459544153417184116e-12,1.231616114404074990e-12,1.346443543907928784e-12,1.457755686434813893e-12,1.804098353174905199e-12,1.143946766736281447e-12,1.285927881280328754e-12,1.400184538842194239e-12,1.416280412180200520e-12,1.781423520206642954e-12,1.714191953600624617e-12,2.272576722424711420e-12,2.654128929256189893e-12,2.599655135127330430e-12,2.209307776782596769e-12
1.711781768111800485e-12,2.351736536264193633e-12,1.953615792468730861e-12,1.928042101224799964e-12,2.090939226679071157e-12,1.905184716979561125e-12,1.770169542151270971e-12,1.935010192895103750e-12,1.531819530258797067e-12,1.578133440063301681e-12,1.400885774514930955e-12,1.830109829753467368e-12,1.739699787305607939e-12,1.959088513069194607e-12,1.884331969834523483e-12,2.079094831849725272e-12,1.731411310199874200e-12,1.619357408746324052e-12,1.689188079962030408e-12,1.684206966388038890e-12,1.829651641565645743e-12,2.369756055617377414e-12,2.150195667231156233e-12,1.554254940115669284e-12,1.607553579631509049e-12,1.786086605127470244e-12,1.830078507950819815e-12,1.869985122887231481e-12,1.742304657768036387e-12,1.809294508615701245e-12,1.494951616384523691e-12,1.521696590629506094e-12,1.285681527454196715e-12,1.763434865466713023e-12,2.609799180169344852e-12,1.282669164721196582e-12,1.373623038956970903e-12,1.388315070057491099e-12,9.461193129732289161e-13,1.013929258743347415e-12,1.655108495732162584e-12,1.512118372311031813e-12,1.455005119380883228e-12,1.458489627178810257e-12,1.053419814542160360e-12,1.486647472071312604e-12,1.880425866040643952e-12,1.221713550058573597e-12,1.262296979218384697e-12,1.244841874607100162e-12,1.332084672112576617e-12,1.509616481027667313e-12,1.510760630594860916e-12,1.464831333612052297e-12,1.521967194292191872e-12,1.610682373661678634e-12,1.472546708255167935e-12,2.397459033943653293e-12,1.040097985767603524e-12,1.123587872625373727e-12,9.235726278414673601e-13,1.272793022129397317e-12,1.078379395994784358e-12,1.424710594613482486e-12,1.225921114452027426e-12,1.328174837782446989e-12,1.451542486549410659e-12,1.793882036141556167e-12,1.138731805109805003e-12,1.260964816132211323e-12,1.372860597714714247e-12,1.392196544412483105e-12,1.731998835938225677e-12,1.693912304040450251e-12,2.262515788163341425e-12,2.557848920642677728e-12,2.522972906115709937e-12,2.153309071078703567e-12
1.665510760966496279e-12,2.290326378958961863e-12,1.901897455343053155e-12,1.876624614579336949e-12,2.035648892702967142e-12,1.854201048057953310e-12,1.722433643734348440e-12,1.884292021302078771e-12,1.490380149185809559e-12,1.535103724707008751e-12,1.362439432694819446e-12,1.781365843077433031e-12,1.692821220850001294e-12,1.906895451842065875e-12,1.833827607690822716e-12,2.023881565695515986e-12,1.686511791757047129e-12,1.575345644704043236e-12,1.643518984619897330e-12,1.638570149773285102e-12,1.780425327383532290e-12,2.309657142148938451e-12,2.136813659443203073e-12,1.511830329327187587e-12,1.564290699766726173e-12,1.737936218049251806e-12,1.781069589047911771e-12,1.821187256818803871e-12,1.695376468911820209e-12,1.760558234261324677e-12,1.454702896754158937e-12,1.480579810013121101e-12,1.278880911363023305e-12,1.754943135187546709e-12,2.601254099380253901e-12,1.247549477846312706e-12,1.336106999259958032e-12,1.353117553370320338e-12,9.403842031804909556e-13,1.006007767079653546e-12,1.612028383725598924e-12,1.471719167498903700e-12,1.415165655864412700e-12,1.419730368498422044e-12,1.047846530837726034e-12,1.464040903870911638e-12,1.850475332360208798e-12,1.188764444364897124e-12,1.227470532910940222e-12,1.212934223670020982e-12,1.301565558852905688e-12,1.474939472539937266e-12,1.470792069242759952e-12,1.428763419733419821e-12,1.483543747073263439e-12,1.569585226148659480e-12,1.465041477542078321e-12,2.350687918309872224e-12,1.011096502430548659e-12,1.093431320854147015e-12,9.186247542413406140e-13,1.246738720296889405e-12,1.072828325852163473e-12,1.388854840254129808e-12,1.218960127998584610e-12,1.310189441274495991e-12,1.444641312355323104e-12,1.783979730567230950e-12,1.132387589778007752e-12,1.236676979130073023e-12,1.346279731118620294e-12,1.368690424559326133e-12,1.683987542159152324e-12,1.673910591986979860e-12,2.252740980666234158e-12,2.459117096857651994e-12,2.447771304781573797e-12,2.098794016093354249e-12
1.617021325433192495e-12,2.225838654643832513e-12,1.847376048335468141e-12,1.822616734665913116e-12,1.977559306277110875e-12,1.800753685798396265e-12,1.672726226980275358e-12,1.831827905504686927e-12,1.447420056955924071e-12,1.490196408874067720e-12,1.322140235166875684e-12,1.729981135130834481e-12,1.643618508646750134e-12,1.852095926139615196e-12,1.780911781750026187e-12,1.966337506964928260e-12,1.640184989686263437e-12,1.529515960231261504e-12,1.596026185318474547e-12,1.590807101867859556e-12,1.728925580225475478e-12,2.247580578866360454e-12,2.121101562606929666e-12,1.467498946055383824e-12,1.519454597683545503e-12,1.687766677145584013e-12,1.730161952447809878e-12,1.770767430713882826e-12,1.646602453653292120e-12,1.709746664374544902e-12,1.413042577079436010e-12,1.437973724699897733e-12,1.270750089643494429e-12,1.744775574056451911e-12,2.592047662343614306e-12,1.211152283094552230e-12,1.297200561447002804e-12,1.316867933870700071e-12,9.341323736702444975e-13,9.975028022844233864e-13,1.567579656630606554e-12,1.429950788306457104e-12,1.373720835696921158e-12,1.379699384870414560e-12,1.041529343233710587e-12,1.441832259566156187e-12,1.821183135634580001e-12,1.154725921598191396e-12,1.191293479036230073e-12,1.180069975158452166e-12,1.269919926408020399e-12,1.439030545002983838e-12,1.429519830293062553e-12,1.391607065501703829e-12,1.443971582584515624e-12,1.527240531889764394e-12,1.456861121584969248e-12,2.305051638859720030e-12,9.809841723639463504e-13,1.062309412238844185e-12,9.128375920621193811e-13,1.219383951981664495e-12,1.066331510068896011e-12,1.351929219346490551e-12,1.210608930429733108e-12,1.292249886139205303e-12,1.436890659694256604e-12,1.773572838333208880e-12,1.124799205105432811e-12,1.213022399317719567e-12,1.320398336707873748e-12,1.345698322427918694e-12,1.637409232908434673e-12,1.653834754609038203e-12,2.243129281399025134e-12,2.359008601457164338e-12,2.374191122623615767e-12,2.045753323536270527e-12
1.566298327420933634e-12,2.158216397560786554e-12,1.790020639561715814e-12,1.765991239644385502e-12,1.916632531295056433e-12,1.744816765060550491e-12,1.621022713092927187e-12,1.777564988602746062e-12,1.402916819934736122e-12,1.443399883848094960e-12,1.279987057309922700e-12,1.675932421590220449e-12,1.592075303445088032e-12,1.794660822870978488e-12,1.725559726206551181e-12,1.906420768237762053e-12,1.592378412577973505e-12,1.481851630919895284e-12,1.546686956401873073e-12,1.540903531190457381e-12,1.675130061851481098e-12,2.183436555882204789e-12,2.102852286131586569e-12,1.421251550104134601e-12,1.473018087675024859e-12,1.635553542082971016e-12,1.677322493396775291e-12,1.718671885549420334e-12,1.595955799610486381e-12,1.656835007569554805e-12,1.369945114324986048e-12,1.393855048704216976e-12,1.261155693419954924e-12,1.732753430887088667e-12,2.581921601137505904e-12,1.173465274817088421e-12,1.256889456943583470e-12,1.279519026776865166e-12,9.272673177928032086e-13,9.883261958493283684e-13,1.521714208805827938e-12,1.386782628434170544e-12,1.330659768244041705e-12,1.338364374641968590e-12,1.034363587378736552e-12,1.419977260240351996e-12,1.792531181067129988e-12,1.119577760958303240e-12,1.153759689081351171e-12,1.146210506717589195e-12,1.237098899778848155e-12,1.401830397210436503e-12,1.386908041472645027e-12,1.353306206343185498e-12,1.403196560848514069e-12,1.483593680704675574e-12,1.447818929283689673e-12,2.260543131370586181e-12,9.497608971876262046e-13,1.030201741589263471e-12,9.061178909741264352e-13,1.190682708768296524e-12,1.058779658157809346e-12,1.313883220829983709e-12,1.200739814607040545e-12,1.273691135049452645e-12,1.428141206068508678e-12,1.761370766932309818e-12,1.115848259529027897e-12,1.189989284915581061e-12,1.295205650976061414e-12,1.323198004560892460e-12,1.592312919841134003e-12,1.632315988984336595e-12,2.230643071593481651e-12,2.258824266119325437e-12,2.302447544019271265e-12,1.994230110745612666e-12
1.513400054646602699e-12,2.087551394622813399e-12,1.729912368337598565e-12,1.706821072334727945e-12,1.852949521380756274e-12,1.686457496541037474e-12,1.567364479079698863e-12,1.721515781757162596e-12,1.356888446872612060e-12,1.394756952936273739e-12,1.236026168547323730e-12,1.619294523581193648e-12,1.538254484101536127e-12,1.734663486340208160e-12,1.667836346554307066e-12,1.844185585849075046e-12,1.543084987113772465e-12,1.432389760101116025e-12,1.495535482325624717e-12,1.488913538932182034e-12,1.619097422257884925e-12,2.117233090899304404e-12,2.081948345270558786e-12,1.373133515105966114e-12,1.424998989699911788e-12,1.581340892864149862e-12,1.622584054045844232e-12,1.664904770563419040e-12,1.543469703041282916e-12,1.601870278868065450e-12,1.325420745097234118e-12,1.348239586954410654e-12,1.250004707991225505e-12,1.718773416392229616e-12,2.571015520442210113e-12,1.134501291098196485e-12,1.215190475045120185e-12,1.241046133330182976e-12,9.197674485164143824e-13,9.788037352648844416e-13,1.474424466398683418e-12,1.342219235880839868e-12,1.286011961327782494e-12,1.295723565894320389e-12,1.026296129194615482e-12,1.398657028680584482e-12,1.764639272868051050e-12,1.083318442731033021e-12,1.114889632670424105e-12,1.111333477888674499e-12,1.203072331830839900e-12,1.363306498895857440e-12,1.342954066717962742e-12,1.313829987649657753e-12,1.361193797441627251e-12,1.438625302905344283e-12,1.437960616084749161e-12,2.217296405388070126e-12,9.174415493001856760e-13,9.971013986067470016e-13,8.983980887181619840e-13,1.160606333759215171e-12,1.050100318068579800e-12,1.274690301759525310e-12,1.189258267849001327e-12,1.255501707859658765e-12,1.418358647507330861e-12,1.748627215281001413e-12,1.105446097563062575e-12,1.167648981262356611e-12,1.270776086559301901e-12,1.301303607669813496e-12,1.548819008531793361e-12,1.611759656473173969e-12,2.217683777191742317e-12,2.160073173149264077e-12,2.232904447623913645e-12,1.944380573165211387e-12
1.458336465959314156e-12,2.013868132228166633e-12,1.667076937124584857e-12,1.645124428693685655e-12,1.786531630667607086e-12,1.625689076959499170e-12,1.511743453591966935e-12,1.663641505368062120e-12,1.309310972054959501e-12,1.344266076498140454e-12,1.190264650540233433e-12,1.560090620053274575e-12,1.482169794646444889e-12,1.672121611290953224e-12,1.607753173320766110e-12,1.779628067849035177e-12,1.492253079397733581e-12,1.381122174424164476e-12,1.442558978695880215e-12,1.434843718134813398e-12,1.560834608452431346e-12,2.048917808006330485e-12,2.058243244280164992e-12,1.323146495045529495e-12,1.375371261515421565e-12,1.525122812618235408e-12,1.565929007467356623e-12,1.609421287809897641e-12,1.489129083525874982e-12,1.544848748418926161e-12,1.279439211746281749e-12,1.301101576858627863e-12,1.237183377286999817e-12,1.702708247487247363e-12,2.559402871989005038e-12,1.094237902067092029e-12,1.172082556547201845e-12,1.201390045908195218e-12,9.115923546286796555e-13,9.689931579623691824e-13,1.425660124128859138e-12,1.296224695794413222e-12,1.239766330755503695e-12,1.251736588814491901e-12,1.017257397013283617e-12,1.377985758987267109e-12,1.737586066753812468e-12,1.045913714826219347e-12,1.074668682682650315e-12,1.075385227047962271e-12,1.167778517428981102e-12,1.323390925467137535e-12,1.297615480565761180e-12,1.273112111290597747e-12,1.317900770684698014e-12,1.392275656626499977e-12,1.427286867285015960e-12,2.175396508449715589e-12,8.840120743985471749e-13,9.629716609064511263e-13,8.895946957846923805e-13,1.129097089892149423e-12,1.040203571021063338e-12,1.234288779990648908e-12,1.176049107739024170e-12,1.238168876833714743e-12,1.407488067615173620e-12,1.735531429157325740e-12,1.093484595245502893e-12,1.146049946710994095e-12,1.247159095730171625e-12,1.280092922733876232e-12,1.506994594163458888e-12,1.592106745065325526e-12,2.204487186049826797e-12,2.063888236968322993e-12,2.165795665578924407e-12,1.896297686842768032e-12
1.401024210788728941e-12,1.937052340208942439e-12,1.601427895442519140e-12,1.580810644796449486e-12,1.717279840659450718e-12,1.562418319516753776e-12,1.454057598827751174e-12,1.603805267152938101e-12,1.260083529531669842e-12,1.291842557152328778e-12,1.142636184985442717e-12,1.498240516750275099e-12,1.423739253134767459e-12,1.606942094107252979e-12,1.545217036692965011e-12,1.712630073479079998e-12,1.439747653235179365e-12,1.327956034300601163e-12,1.387656484905022295e-12,1.378609650926380610e-12,1.500248226195442370e-12,1.978317281330479101e-12,2.031511594687250165e-12,1.271209990051912154e-12,1.324027843971467644e-12,1.466798054849424551e-12,1.507243785174747348e-12,1.552083678724819024e-12,1.432827834086276935e-12,1.485669519489690909e-12,1.231896558804312994e-12,1.252339251317511575e-12,1.222530543810186834e-12,1.684367728085132785e-12,2.547079193834506745e-12,1.052589985857681416e-12,1.127476532621968484e-12,1.160429215955501049e-12,9.026663261054026185e-13,9.588704695791080086e-13,1.375291613567437818e-12,1.248689370551389593e-12,1.191837466869977453e-12,1.206293215066481674e-12,1.007140788825244455e-12,1.358006161744630208e-12,1.711399557265723372e-12,1.007271811713827679e-12,1.033019634396057023e-12,1.038256602176259399e-12,1.131098151459821148e-12,1.281949726679320075e-12,1.250777377528370587e-12,1.231021314950194287e-12,1.273185828682458406e-12,1.344410244256254995e-12,1.415735237317633192e-12,2.134865484582223373e-12,8.494082998910835179e-13,9.277240866831918061e-13,8.795908240735835258e-13,1.096043161543563986e-12,1.028960760913592920e-12,1.192553129391841942e-12,1.160951211016254580e-12,1.221637056239685031e-12,1.395424089992259706e-12,1.722104022376199661e-12,1.079813271339926822e-12,1.125208203774024449e-12,1.224369812772527189e-12,1.259596387058278222e-12,1.466848182789065168e-12,1.573302778297605754e-12,2.191099771870161916e-12,1.971018981506342620e-12,2.101217780720962602e-12,1.850001651042691592e-12
1.341249475501061692e-12,1.856800750367491500e-12,1.532724334540483110e-12,1.513638506479518938e-12,1.644929742177725538e-12,1.496404511891713415e-12,1.394072970098958947e-12,1.541731418981959484e-12,1.208995747287996443e-12,1.237284404396409895e-12,1.092970330812637870e-12,1.433520828250678652e-12,1.362747345085312963e-12,1.538878705405526004e-12,1.479989362957654711e-12,1.642914870813467972e-12,1.385314139573781626e-12,1.272679007617068047e-12,1.330602703148041756e-12,1.319999386006981080e-12,1.437105046171696339e-12,1.905087909423365447e-12,2.001407436019383646e-12,1.217127625462202038e-12,1.270746510480856990e-12,1.406131724010207688e-12,1.446279916214388022e-12,1.492622058743886469e-12,1.374331616237772293e-12,1.424095685423154152e-12,1.182583442784729263e-12,1.201742478869200224e-12,1.205813209953704951e-12,1.663467417536037229e-12,2.533977891778408415e-12,1.009382329836766992e-12,1.081185763320915505e-12,1.117951007365388910e-12,8.928697050531318974e-13,9.483634514282672600e-13,1.323075530059546237e-12,1.199397982136977697e-12,1.142034304522031811e-12,1.159182674735819034e-12,9.957877072393793302e-13,1.338722803149365555e-12,1.686074868870429588e-12,9.672176470294900624e-13,9.897755259903420801e-13,9.997571242614869791e-13,1.092826609840821896e-12,1.238751650680202867e-12,1.202220637368642331e-12,1.187331177374007775e-12,1.226816709304191679e-12,1.294786401129592595e-12,1.403179741771548096e-12,2.095680004326721889e-12,8.134934779560425928e-13,8.911948667028440494e-13,8.682198679263456438e-13,1.061251596405880307e-12,1.016185996319914297e-12,1.149264525187458271e-12,1.143732974268516384e-12,1.205854976763268560e-12,1.381995965809731445e-12,1.708292481641326912e-12,1.064217322934159792e-12,1.105117634312080947e-12,1.202399719720488690e-12,1.239815076531916933e-12,1.428345606221668009e-12,1.555297500997226225e-12,2.177501487777561112e-12,1.881916154671069857e-12,2.039167536435769009e-12,1.805459837588703580e-12
1.278598294555538863e-12,1.772524713574626057e-12,1.460490197887838820e-12,1.443137278425987712e-12,1.568965813167117462e-12,1.427181746375054019e-12,1.331352930501418360e-12,1.476929947382165030e-12,1.155667461403399444e-12,1.180208839602067089e-12,1.040935481570129219e-12,1.365489414425775961e-12,1.298773914355581760e-12,1.467451929412967444e-12,1.411609480363624056e-12,1.569963677641336338e-12,1.328511680432810503e-12,1.214894552625488720e-12,1.270980755405578382e-12,1.258605119729398239e-12,1.370957833490172521e-12,1.828623877304676802e-12,1.967386902214499409e-12,1.160524389891456795e-12,1.215126664039800734e-12,1.342683716566863988e-12,1.382581409017764662e-12,1.430561749911754728e-12,1.313208618247220424e-12,1.359681698921191177e-12,1.131126677803203971e-12,1.148932992769777589e-12,1.186681342210973235e-12,1.639569758507997601e-12,2.519954955870057744e-12,9.642992773505599548e-13,1.032872057411147915e-12,1.073599026389322573e-12,8.820170702227183768e-13,9.373453904101054080e-13,1.268590844341895622e-12,1.147970769657136670e-12,1.090002192236387367e-12,1.110037195021050030e-12,9.829578664304622381e-13,1.320115638942710565e-12,1.661583134943375838e-12,9.254455251282878182e-13,9.446296690085854194e-13,9.595677434612406890e-13,1.052623446368295413e-12,1.193410996216588194e-12,1.151563479638269053e-12,1.141664796877186542e-12,1.178402735554085349e-12,1.242991803836872795e-12,1.389406424557287312e-12,2.057779781594735414e-12,7.760172126777555456e-13,8.531015844505515952e-13,8.552351310417715338e-13,1.024399285682514911e-12,1.001601421513975857e-12,1.104056860645661651e-12,1.124047278349483192e-12,1.190774562431879165e-12,1.366933063086064596e-12,1.693973337255438285e-12,1.046376152680429529e-12,1.085755289651455289e-12,1.181222273590366086e-12,1.220729159649636291e-12,1.391419067520420061e-12,1.538044499745507010e-12,2.163616618946645520e-12,1.796791908895534989e-12,1.979563534840148760e-12,1.762597324437550962e-12
1.212315257889931726e-12,1.683152280687996666e-12,1.383849520063474289e-12,1.368445798127190684e-12,1.488446171253445356e-12,1.353900860343216834e-12,1.265114720848104997e-12,1.408543189823284775e-12,1.099427176813765832e-12,1.119924018306967270e-12,9.859239100971325506e-13,1.293331440564013228e-12,1.231049836415195437e-12,1.391785508368399957e-12,1.339238587264428664e-12,1.492845632026960640e-12,1.268578292961839308e-12,1.153891113228806583e-12,1.208046154648192501e-12,1.193684781307797985e-12,1.300994697170053949e-12,1.747869559525889529e-12,1.928550788944295262e-12,1.100719867412418560e-12,1.156461745701375306e-12,1.275663653748385430e-12,1.315337557790561620e-12,1.365076146975847345e-12,1.248689385067931129e-12,1.291626053003379271e-12,1.076871463803117306e-12,1.093243891622561662e-12,1.164576606543177499e-12,1.611963636510386247e-12,2.504734778673588164e-12,9.167836061734554192e-13,9.819368858543677668e-13,1.026767314985734023e-12,8.698098703448603944e-13,9.256025458038871065e-13,1.211110195987116820e-12,1.093744932415508350e-12,1.035106156040962434e-12,1.058218355813265165e-12,9.682679319789150397e-13,1.302140849683601426e-12,1.637872373988433160e-12,8.814242822625974504e-13,8.970353026042061951e-13,9.171461024584637359e-13,1.009911228259054037e-12,1.145272855786574747e-12,1.098143745042129166e-12,1.093383599291178503e-12,1.127278488938963024e-12,1.188320541123349802e-12,1.374051654163647874e-12,2.021066273005989712e-12,7.365333117261198149e-13,8.129566198355477994e-13,8.402485795274561189e-13,9.849351253755117805e-13,9.847667669551473238e-13,1.056308261863450769e-12,1.101340973334572799e-12,1.175932058849053985e-12,1.349790099567997356e-12,1.678911815049374685e-12,1.025780639623905435e-12,1.067081746579491576e-12,1.160793503971670498e-12,1.202298503680823044e-12,1.355968897799484797e-12,1.521499648760227241e-12,2.149285652555490428e-12,1.715656565827826381e-12,1.922252183474514102e-12,1.721296497317198359e-12
1.141041172471056457e-12,1.586785162769347033e-12,1.301228952899072460e-12,1.288020735653281741e-12,1.401690365815852910e-12,1.275041964415661148e-12,1.193964453416498710e-12,1.335067866348849845e-12,1.039081733291085974e-12,1.055187176559686663e-12,9.268311355199301989e-13,1.215577756608751295e-12,1.158189960938199714e-12,1.310311066433018948e-12,1.261375332338696867e-12,1.409913813460509947e-12,1.204181497698596009e-12,1.088396528060843422e-12,1.140473280621633906e-12,1.123904191113815257e-12,1.225762738905831200e-12,1.660994959410631682e-12,1.883405627064133745e-12,1.036488677288815421e-12,1.093499425867330585e-12,1.203663331903061767e-12,1.243112712763213366e-12,1.294718255021824162e-12,1.179407047203310057e-12,1.218500262170413619e-12,1.018657406173385163e-12,1.033491060066658073e-12,1.138579477615807106e-12,1.579482307193573941e-12,2.487903416961978915e-12,8.658396677957828276e-13,9.273116648792159651e-13,9.763979681825633878e-13,8.557666831036725752e-13,9.128069411654007454e-13,1.149359886049042606e-12,1.035549696288431093e-12,9.762078079340719566e-13,1.002600361896143205e-12,9.510950627633235712e-13,1.284794009903713222e-12,1.614903146253133264e-12,8.342115848917981952e-13,8.460097921864255115e-13,8.715423151469705509e-13,9.636823885425359079e-13,1.093198303175489074e-12,1.040795706945855909e-12,1.041376981765162497e-12,1.072284545330421405e-12,1.129541434391811569e-12,1.356540933766687851e-12,1.985441293696082010e-12,6.942355853294239058e-13,7.698958960837091864e-13,8.226239875077433700e-13,9.418933587690269499e-13,9.649617028771932014e-13,1.004934536904622652e-12,1.074698320939660873e-12,1.161428982535913500e-12,1.329851456061036754e-12,1.662768031194976805e-12,1.001589708860745600e-12,1.049077294336571687e-12,1.141084988928428101e-12,1.184512353183364109e-12,1.321890590479707798e-12,1.505623391815464806e-12,2.134291619340121586e-12,1.638397193630656742e-12,1.867057046225298435e-12,1.681432315077541800e-12
1.061951850485078211e-12,1.479490410734291324e-12,1.209350714381412104e-12,1.198654428689846803e-12,1.305209386864940868e-12,1.187450503730884698e-12,1.115024784620097355e-12,1.253427159129784486e-12,9.721782636994872252e-13,9.834237824244266573e-13,8.613559530604454432e-13,1.129164488183782484e-12,1.077312952158158715e-12,1.219770724203140097e-12,1.174904589975884450e-12,1.317771152442822076e-12,1.132603452130761331e-12,1.015782451195928824e-12,1.065528494011454448e-12,1.046493794361275452e-12,1.142250109404027726e-12,1.564264641764457646e-12,1.828975533729609387e-12,9.652886091878749479e-13,1.023667178108113182e-12,1.123774269313411383e-12,1.162952284683801521e-12,1.216530761063649640e-12,1.102545532036912535e-12,1.137352450926749648e-12,9.541039252460123067e-13,9.672416460924504544e-13,1.106889808280288996e-12,1.539828995254852709e-12,2.468633443957203414e-12,8.094190483029620867e-13,8.667968648837355138e-13,9.203424044287563686e-13,8.389574059198792139e-13,8.983293700038233576e-13,1.080741718261029306e-12,9.709875637908011004e-13,9.109555083095323219e-13,9.408814674708513796e-13,9.302321692247148392e-13,1.268067204500762280e-12,1.592615712472073044e-12,7.818783821450041429e-13,7.895246443927040960e-13,8.208262602040811576e-13,9.118916302737115977e-13,1.034876064644138054e-12,9.771371168397343847e-13,9.833926486241254336e-13,1.011065856776423198e-12,1.064150137774044920e-12,1.335754091128016363e-12,1.950749359677261890e-12,6.474585048114209301e-13,7.221535733498507634e-13,8.011267920703081935e-13,8.933086500614165303e-13,9.407861518429279832e-13,9.477347256456249118e-13,1.042322206290514691e-12,1.147203532924446222e-12,1.305722257253499031e-12,1.644878856972923242e-12,9.721564561500944581e-13,1.031716262744548429e-12,1.122057514891248233e-12,1.167355866042144923e-12,1.289030207602725583e-12,1.490378961233384295e-12,2.118207627181168607e-12,1.564660694203038618e-12,1.813685971864782539e-12,1.642815517061098026e-12
9.676361971010517708e-13,1.350955698877909782e-12,1.099606683412389364e-12,1.091928622477464847e-12,1.189849514922717851e-12,1.082851303738629297e-12,1.020760771042907524e-12,1.155582487538167066e-12,8.923031955367930940e-13,8.978848365989020075e-13,7.834542711575787434e-13,1.026042210681659511e-12,9.808551264847515723e-13,1.111615974402791513e-12,1.071655297202389555e-12,1.207521653530436573e-12,1.046753137979463399e-12,9.291647741705870306e-13,9.760558903874187574e-13,9.541882190665080377e-13,1.042558999202036656e-12,1.447917141133308968e-12,1.757593708297338159e-12,8.804522565615670284e-13,9.402396860584635634e-13,1.028378578195076085e-12,1.067125793972442431e-12,1.122791325938287632e-12,1.010734990246166657e-12,1.040449760281021302e-12,8.769909904630429924e-13,8.881357337416239593e-13,1.064952990655408814e-12,1.487157355629379255e-12,2.444822091211020277e-12,7.421656559144417180e-13,7.946398464785623290e-13,8.530066475317103209e-13,8.170753931186474854e-13,8.806341057048986820e-13,9.984776562332468285e-13,8.937978865255974756e-13,8.331908557844195914e-13,8.670546717299412750e-13,9.026653811538582164e-13,1.251956949351622176e-12,1.570903770070510701e-12,7.193899187913513372e-13,7.222696838921957504e-13,7.599734783170887971e-13,8.492134812311335406e-13,9.642860614758125443e-13,9.009513398765303680e-13,9.135681886711329313e-13,9.374887403434531013e-13,9.856198188723771824e-13,1.308898723018892616e-12,1.916672439047535720e-12,5.918414449623146293e-13,6.651242639508185862e-13,7.726635233896987407e-13,8.340582882222522705e-13,9.087265495285813011e-13,8.789788709366631676e-13,9.996551877431715638e-13,1.133160820244149364e-12,1.273906389312276089e-12,1.623616920435814224e-12,9.333160389669390217e-13,1.014965788110431077e-12,1.103650952690738350e-12,1.150814270754433775e-12,1.257092567462009828e-12,1.475731033346327909e-12,2.099997817645717205e-12,1.493533040590686582e-12,1.761515793005985921e-12,1.605080288437425479e-12
0.000000000000000000e+00,0.000000000000000000e+00,0.000000000000000000e+00,0.000000000000000000e+00,0.000000000000000000e+00,0.000000000000000000e+00,0.000000000000000000e+00,0.000000000000000000e+00,0.000000000000000000e+00,0.000000000000000000e+00,0.000000000000000000e+00,0.000000000000000000e+00,0.000000000000000000e+00,0.000000000000000000e+00,0.000000000000000000e+00,0.000000000000000000e+00,0.000000000000000000e+00,0.000000000000000000e+00,0.000000000000000000e+00,0.000000000000000000e+00,0.000000000000000000e+00,0.000000000000000000e+00,0.000000000000000000e+00,0.000000000000000000e+00,0.000000000000000000e+00,0.000000000000000000e+00,0.000000000000000000e+00,0.000000000000000000e+00,0.000000000000000000e+00,0.000000000000000000e+00,0.000000000000000000e+00,0.000000000000000000e+00,0.000000000000000000e+00,0.000000000000000000e+00,0.000000000000000000e+00,0.000000000000000000e+00,0.000000000000000000e+00,0.000000000000000000e+00,0.000000000000000000e+00,0.000000000000000000e+00,0.000000000000000000e+00,0.000000000000000000e+00,0.000000000000000000e+00,0.000000000000000000e+00,0.000000000000000000e+00,0.000000000000000000e+00,0.000000000000000000e+00,0.000000000000000000e+00,0.000000000000000000e+00,0.000000000000000000e+00,0.000000000000000000e+00,0.000000000000000000e+00,0.000000000000000000e+00,0.000000000000000000e+00,0.000000000000000000e+00,0.000000000000000000e+00,0.000000000000000000e+00,0.000000000000000000e+00,0.000000000000000000e+00,0.000000000000000000e+00,0.000000000000000000e+00,0.000000000000000000e+00,0.000000000000000000e+00,0.000000000000000000e+00,0.000000000000000000e+00,0.000000000000000000e+00,0.000000000000000000e+00,0.000000000000000000e+00,0.000000000000000000e+00,0.000000000000000000e+00,0.000000000000000000e+00,0.000000000000000000e+00,0.000000000000000000e+00,0.000000000000000000e+00,0.000000000000000000e+00,0.000000000000000000e+00,0.000000000000000000e+00,0.000000000000000000e+00
