5.713611510089841667e-06,9.927105142411194279e-06,9.344411457678074656e-06,3.276921315301650320e-14,1.350782277557072212e-06,3.758054541638344589e-06,4.214561936735348420e-11,1.576471027782949239e-12,1.006868868124901069e-11,2.542902840857480640e-06,3.581554299106966778e-06,1.156720795637285572e-04,0.000000000000000000e+00,2.187047162340221545e-06,8.018431605181633028e-06,9.705176461307478620e-12,1.065333233980208074e-12,9.171009021539900871e-06,2.668094040267173384e-11,3.623797517511773343e-04,9.853169454446962159e-05,8.829004459245328828e-13,1.862232164135758819e-13,1.539651172741400998e-05,6.020271456120679910e-12,1.043809087568973892e-10,7.074599859523303412e-12,1.323416807552284806e-12,1.268975631050103377e-11,7.620068137668075964e-04,5.053374780423860671e-12,8.654946871658801628e-12,9.369710101727446878e-14,1.201864330896257268e-13,9.166306623463785467e-14,1.676998534799988920e-06,8.668356723632664066e-11,7.027526053381590870e-13,3.567115012095905509e-14,3.436954294358162398e-14,1.135457054359178824e-12,2.640100163762125065e-12,4.296675306993454763e-04,2.023691934290576928e-12,4.692255921755248047e-14,4.096052379605089618e-14,4.659063413129248663e-14,4.857343799864363133e-12,2.370302298083856176e-04,8.242448487583725196e-13,4.131469660141204991e-13,4.067807964508116087e-13,1.766736826286482328e-12,5.129620100028728133e-13,6.745384053738809917e-13,7.908443631674640570e-13,5.290175929279914129e-14,5.037554606597332362e-14,1.933975219166665199e-06,3.279779482918894127e-12,5.249130995022127686e-14,3.730575440767505021e-13,6.012768265858654031e-14,6.435476373204988472e-13,1.057830815321715231e-13,3.898318174138195790e-14,5.966658504020915149e-14,5.741541190830590299e-14,8.965362249297893867e-14,3.517489104503613193e-14,3.700377945499535721e-14,3.854118339908634823e-14,3.932652243762247051e-14,4.728951215583391113e-14,7.131253996594847009e-14,4.284482882331704837e-14,4.618638182525318390e-14,4.461107689823123865e-14
6.242539441075108791e-12,1.377622573711480617e-04,5.103911723381494303e-12,4.258228933524611087e-14,1.371259432755099382e-11,1.110946322443796677e-11,8.963785487350873260e-06,2.990223550048780013e-12,7.103775138911960444e-06,9.518043608319502863e-12,2.898851240043910589e-12,3.966661094779199695e-12,3.977144229025458871e-14,9.612136251835006618e-12,1.173290350221613987e-11,2.678530695927656510e-05,1.755976737511150874e-12,3.842800058950435048e-11,3.579978301754909407e-04,7.246847063389586992e-12,1.429634890607144182e-11,1.383031913788837371e-12,2.129409870922422298e-13,6.482644202421656398e-12,3.998212389364195570e-11,3.668571753390140747e-05,7.844554311635938398e-11,2.355746965757487939e-12,2.864600887542056908e-04,1.316846874204303426e-09,2.454578872653533106e-11,8.584552974527274267e-04,1.011355205301683577e-13,1.318444254015280312e-13,9.880051318863132949e-14,4.701024765287582156e-10,2.222883839333957671e-05,1.034798989140449621e-12,3.722466001940851377e-14,3.603512331963360675e-14,1.910039084603541546e-12,6.244527584639474611e-12,1.676974476272503666e-11,4.232557413638040995e-12,4.924245618088710540e-14,4.354027172653874013e-14,4.969768904059113306e-14,2.173859440106665938e-11,1.010959824773425240e-11,1.266531892181350458e-12,5.389615727599703221e-13,5.292416593278318464e-13,3.524776806894882431e-12,6.984909088458818904e-13,9.835077240237984542e-13,1.202205434070716153e-12,5.574865501703546847e-14,5.408663060467118674e-14,4.429707287863735472e-12,8.977496505601489459e-12,5.527208062890470775e-14,4.776235167271261266e-13,6.360040200182401548e-14,9.271263140705383047e-13,1.150294258432890632e-13,4.129134686148055357e-14,6.309023136263491711e-14,6.080509699183978385e-14,9.653551280578838182e-14,3.760610769185078329e-14,3.958265120529144798e-14,4.106055512573790134e-14,4.272892090446959750e-14,5.015053161176332831e-14,7.605701517384100709e-14,4.815917650793894467e-14,5.048851897859777728e-14,4.829596004881686006e-14
2.514429586014221642e-12,1.228410534615375393e-11,2.150145152851151125e-12,4.905290518029182869e-14,4.350738289911000375e-12,3.805868225675373183e-12,1.566636999185544481e-11,6.504100803420513588e-12,1.042306516326555522e-10,3.404005095633776565e-12,1.329531843644961739e-12,1.745989147218863916e-12,4.571048037626411286e-14,3.430780610430979756e-12,3.952280167024252133e-12,1.400947777893704348e-10,3.116431599890740664e-12,7.273761136470491078e-12,1.874743378205038588e-11,2.815166214501824585e-12,4.473027748159565030e-12,2.299510133817798881e-12,2.410217517756473068e-13,2.584459648284970121e-12,3.023548311658286601e-05,1.342425205563290070e-11,2.987220725069056213e-05,4.690084489413696392e-12,4.311815675280016739e-11,1.196061620118223841e-11,7.991110595274552577e-04,6.080996109641373208e-04,1.083237140883190617e-13,1.433312791496002983e-13,1.056838037994148172e-13,1.192174604634047614e-11,1.362754703104749557e-11,1.582133611175442622e-12,3.871408076421786612e-14,3.767075404455111081e-14,3.487126670852511971e-12,1.691850883989931220e-11,4.894392206045595886e-12,1.033279877575446208e-11,5.144874931496261410e-14,4.616236317427097300e-14,5.285513076787937081e-14,3.842319733392771714e-10,3.554005656075312456e-12,2.051022500046710772e-12,7.067786053201009094e-13,6.919366210058441586e-13,8.314209718988427149e-12,9.639438321468859480e-13,1.484644899487284158e-12,1.919356888423560718e-12,5.846330674113750468e-14,5.791370737170822719e-14,1.898786066817787053e-12,2.859206806340611442e-11,5.791685972214537174e-14,6.128357212457854539e-13,6.690601816819161961e-14,1.377397822544564964e-12,1.240405021983615536e-13,4.361880013571687605e-14,6.634763238788554478e-14,6.407147898371939137e-14,1.031697674299646620e-13,4.014930019463461402e-14,4.228138026193385613e-14,4.365460759217542045e-14,4.634983660933005083e-14,5.299199159465641201e-14,8.061977186962098682e-14,5.414342310512830503e-14,5.507936629080015992e-14,5.223973766802756212e-14
1.554158153100991929e-12,5.555469673607054677e-12,1.353644487939041904e-12,5.487383181878657274e-14,2.495223004706146816e-12,2.233699481322062827e-12,6.793130225799130671e-12,6.029547383656767006e-11,2.293116114106901985e-11,2.023587724002296350e-12,8.654522116794907301e-13,1.118571868659934064e-12,5.101212228374709392e-14,2.044956422630309459e-12,2.305927897146635276e-12,2.580777650449517583e-11,8.538926904349652990e-12,3.760384523730242181e-12,7.858009970368362045e-12,1.716884621117946565e-12,2.556366922644413559e-12,5.198974251016003610e-12,2.737739319411207121e-13,1.589755551730798428e-12,1.154224414654692722e-10,5.966693670063294011e-12,6.138960129661947440e-11,2.171832004345300270e-11,1.437663228156532768e-11,5.423848523855618355e-12,2.489127996836378357e-04,4.030686690247222163e-11,1.158964451055431455e-13,1.557396021424354217e-13,1.129181342320186413e-13,5.346185878392864555e-12,6.015194417431474776e-12,2.905253725512450198e-12,4.022965276067280560e-14,3.936282111176640542e-14,1.056887540998374593e-11,6.768854472250147337e-05,2.741553008991498375e-12,5.432442794479035294e-04,5.369661579014251838e-14,4.896230715269935891e-14,5.623864958478905675e-14,2.309226427875591509e-04,2.091532496259223005e-12,4.320014199740426329e-12,9.775328647061098913e-13,9.526746290974351888e-13,3.824712015786330219e-05,1.447366671301499201e-12,2.651875034170251257e-12,3.901403062164377189e-12,6.124344504432199629e-14,6.207547878773220841e-14,1.196977335195516912e-12,8.247641466482859827e-05,6.061984942616860517e-14,8.204085830192552428e-13,7.029958995657857036e-14,2.379050867969214953e-12,1.336400196829127476e-13,4.608470413294454762e-14,6.968982870766723583e-14,6.745045682879917748e-14,1.101349225130569232e-13,4.289294994470907339e-14,4.522751611273594086e-14,4.645004067193683734e-14,5.035007808539875563e-14,5.598257366707377152e-14,8.536441756144594581e-14,6.109838845259671346e-14,6.020516242701003243e-14,5.660071102119653917e-14
1.024598002214160504e-12,2.687089168522216086e-12,9.128795624867919629e-13,6.016419718206870670e-14,1.510397448817814964e-12,1.383109449273059537e-12,3.065128584047002265e-12,6.253070262221075695e-04,5.771352123018896834e-12,1.273361266841739022e-12,6.116897479856629886e-13,7.723289849513628519e-13,5.581207674784346659e-14,1.289288121612577232e-12,1.418318889022798434e-12,6.090947149665651801e-12,2.838969913000994700e-11,2.044946337632054449e-12,3.363423903108186940e-12,1.113474592815515449e-12,1.537028278154504741e-12,1.379944292970775718e-11,3.045098009937902245e-13,1.042550509614881799e-12,9.198298417439711770e-12,2.809552503886002135e-12,8.016451312565589391e-12,1.556707357361897034e-05,4.722191301692016562e-12,2.631597552721393130e-12,1.125592807767846028e-11,6.991852891551965628e-12,1.226244123690545011e-13,1.668348021843363597e-13,1.193373967231731657e-13,2.573847895972882884e-12,2.811426809962379966e-12,5.560062559919824855e-12,4.162973859161662818e-14,4.097686842563423221e-14,4.150552975284002145e-11,2.360185823350597937e-11,1.615458519473100267e-12,6.916211076151186820e-11,5.573070125313198401e-14,5.173988168971442270e-14,5.958242113998572452e-14,1.146632075403272923e-11,1.302563271897289474e-12,1.017304801936660259e-11,1.321535168190843152e-12,1.282365924032666384e-12,3.844651250080637550e-04,2.131698299459461423e-12,4.893976056519871370e-12,8.718386357137125044e-12,6.375506730258084929e-14,6.625790723682764753e-14,8.119204879085083926e-13,1.624793923246722181e-11,6.305388097350542688e-14,1.072882781304812791e-12,7.333819949325689794e-14,4.192246217662191328e-12,1.421867451015894540e-13,4.850934156297039421e-14,7.268170721342027327e-14,7.053604482486966732e-14,1.163227901569720294e-13,4.563124904849995049e-14,4.814099894481037016e-14,4.921037123273086955e-14,5.452377318019559639e-14,5.884973367883769274e-14,8.963341521795014122e-14,6.878805013865154364e-14,6.555700522952131757e-14,6.101608755009354065e-14
7.561115108434461818e-13,1.705765986622949865e-12,6.839152742243989016e-13,6.524721294186061336e-14,1.062996009670172649e-12,9.843111326383014084e-13,1.887614319899809062e-12,5.406610879480057839e-11,3.030378873717082871e-12,9.135904879931775883e-13,4.722218042827655982e-13,5.874794309487173462e-13,6.040274935155340491e-14,9.271713626023364946e-13,1.005541493206966458e-12,3.166993430245319454e-12,6.352378720399488269e-05,1.361210685150427807e-12,2.030041010635328791e-12,8.134474923949576939e-13,1.076139864589472988e-12,4.282297499212049641e-04,3.369733369280888543e-13,7.664720037838795590e-13,4.222102821082169664e-12,1.760038939395674239e-12,3.838932604165494932e-12,2.778663945626414964e-04,2.629433470944577432e-12,1.669433860090931679e-12,4.845729496095702568e-12,3.462381528691510888e-12,1.292665501241016702e-13,1.779236414688402386e-13,1.256650629610540206e-13,1.626508322899644583e-12,1.752919008827896463e-12,1.570520003336160104e-11,4.301658055350685399e-14,4.261092537845258465e-14,9.499430971580460350e-05,8.610898509747284631e-12,1.117698649361855605e-12,1.632563142913675386e-11,5.772946013173878028e-14,5.465147867173399179e-14,6.309011478741728112e-14,4.904590565814884832e-12,9.279745367692646151e-13,7.847670580244793918e-11,1.849433908098070688e-12,1.784754603767850375e-12,3.237539374645979702e-11,3.370278541723093087e-12,1.249379072468440822e-11,4.783804282316129706e-11,6.622728312166906150e-14,7.070416233420407749e-14,6.087577482131608690e-13,6.484464849447026924e-12,6.544386000934663463e-14,1.436919461050939907e-12,7.631980981555224719e-14,9.483588801346966386e-12,1.506674742084810093e-13,5.102957945184343827e-14,7.561640281526274325e-14,7.360277288327873564e-14,1.224238259652450379e-13,4.851854952278529784e-14,5.121295552778976937e-14,5.209876889461246274e-14,5.905851487697609302e-14,6.178791712754348292e-14,9.385564595985771323e-14,7.750386208470144371e-14,7.141821496568635517e-14,6.576660141036322779e-14
5.849295448119782849e-13,1.177882573341728345e-12,5.361115572215790788e-13,7.002543448911875954e-14,7.914304122704261053e-13,7.391261022203515543e-13,1.274338186482630616e-12,1.056495925023727020e-11,1.846748312312634117e-12,6.903370790724763161e-13,3.801338039543652813e-13,4.667225306839199793e-13,6.470828875700742301e-14,7.021214182310976991e-13,7.527639494989854005e-13,1.919871467477376384e-12,3.763855624367614341e-11,9.712641200375136896e-13,1.351093583153211625e-12,6.239291100228667368e-13,7.976981187491591356e-13,2.849533079548957496e-04,3.664931663760639375e-13,5.909973542296720339e-13,2.376012955659747240e-12,1.203043788352494699e-12,2.216341245268636090e-12,1.833172565502975794e-11,1.659943386154441120e-12,1.151691459173784729e-12,2.627927873839228187e-12,2.041179836236420121e-12,1.352026615552781448e-13,1.877825209487295471e-13,1.313168257065508552e-13,1.120035933687359988e-12,1.193865419262154068e-12,4.725930386083437024e-11,4.432853960221292203e-14,4.420490598311708034e-14,2.825238349260556313e-11,4.024805581621195045e-12,8.206633700725394034e-13,5.983743451705144864e-12,5.957944672698537794e-14,5.756823149018258894e-14,6.663655818918846740e-14,2.645468046194734640e-12,6.970876851452487230e-13,3.837202582377048665e-04,2.499810801948487027e-12,2.402780222456837362e-12,8.330569837457321057e-12,5.031289664131030802e-12,3.430053128407740026e-11,7.888051380804299100e-05,6.850869547003275306e-14,7.521636170770928108e-14,4.772432898514175764e-13,3.271315899405702128e-12,6.764232290263229405e-14,1.867362296993322820e-12,7.904082125124342044e-14,2.178610894978360276e-11,1.582232829877669027e-13,5.356296839528888148e-14,7.829427348677213171e-14,7.646122223462672523e-14,1.278859885035440408e-13,5.148423239089443136e-14,5.436409549943966186e-14,5.502601508327267270e-14,6.385859514848038336e-14,6.466864132752745172e-14,9.771533964826625137e-14,8.704309484541893686e-14,7.765473429293078272e-14,7.072897900230355545e-14
4.792577095165893597e-13,9.008308040611203282e-13,4.436400763023239392e-13,7.471423623275507508e-14,6.329220980510450375e-13,5.940148695226456548e-13,9.606791316228338950e-13,5.494551315581083193e-12,1.319387163467849454e-12,5.565471731940551724e-13,3.201699935327269912e-13,3.898164076489960645e-13,6.891818365186717238e-14,5.674878445733494552e-13,6.037336853547640322e-13,1.370402209606536719e-12,1.492423916543602846e-11,7.555711181092761364e-13,1.010307798264563671e-12,5.082085805723675245e-13,6.356315175331196334e-13,7.153150176037985016e-11,3.976463095668590673e-13,4.829074396003696445e-13,1.636106667211812696e-12,9.133180955223155447e-13,1.545070793478916851e-12,8.250790515007096507e-12,1.207466629267892063e-12,8.790526039029259690e-13,1.779787923287114581e-12,1.435557984085618599e-12,1.411650731740491614e-13,1.977616195198051387e-13,1.369868008557631515e-13,8.529536837563098185e-13,9.033865710342755074e-13,1.378073584890631896e-05,4.565177254788217138e-14,4.584429383987146636e-14,1.187484480977488242e-11,2.563000399610296668e-12,6.493299224982883426e-13,3.525849754861905737e-12,6.143404801944687281e-14,6.063874120037198293e-14,7.042036404156479274e-14,1.785407812919766001e-12,5.592823228689381271e-13,2.055847824692621565e-10,3.537459263736361712e-12,3.384335019278834023e-12,4.538795187464692207e-12,8.111123611657560511e-12,5.940370118669037859e-04,3.411789218583510401e-05,7.079979212441050698e-14,8.004332847274617710e-14,3.938128629991921417e-13,2.143282196199395678e-12,6.984521038578432688e-14,2.507307694586897388e-12,8.176563169665497955e-14,1.205116514897453961e-10,1.658365540865065425e-13,5.623778121085058994e-14,8.097502123307954997e-14,7.935762644686613836e-14,1.333684770607013765e-13,5.464627767368992114e-14,5.772529878588880375e-14,5.812258642002164073e-14,6.910976888111576393e-14,6.767139563664191211e-14,1.016075016907432164e-13,9.761826829381408493e-14,8.454607841352016962e-14,7.612891737710230781e-14
4.061771074589736777e-13,7.256228909860031920e-13,3.792159000182522267e-13,7.926146048017705534e-14,5.266702592960293585e-13,4.960230126486350897e-13,7.650354888119504162e-13,3.452769213186403589e-12,1.011983045217459034e-12,4.655612267953133141e-13,2.774389353578444201e-13,3.357046049937484311e-13,7.299152038676055767e-14,4.759998444785539678e-13,5.033183305298091877e-13,1.051432715790421124e-12,7.689524596189558545e-12,6.153569170587568934e-13,7.998006568791694673e-13,4.286712084049570778e-13,5.272338701700283669e-13,1.982417397463459196e-11,4.284591708977644627e-13,4.082478527560753010e-13,1.224390010626993899e-12,7.310483172255528204e-13,1.166290655566651118e-12,4.781663115394634768e-12,9.377910643934741723e-13,7.064120828140594018e-13,1.317067876971865846e-12,1.089652844457332050e-12,1.469211482290408432e-13,2.073880931598881171e-13,1.424562545007034827e-13,6.837066921594023959e-13,7.208619049066367837e-13,1.800096677379249574e-10,4.696443994871933795e-14,4.750885152392216219e-14,6.437104492656430955e-12,1.817722284159704697e-12,5.353432539416552428e-13,2.382530535702710865e-12,6.325255406707623965e-14,6.379836942284302656e-14,7.427226472046127969e-14,1.317463739084033161e-12,4.658248830358792255e-13,3.075658807437948652e-11,5.092990624417977110e-12,4.858286268033119922e-12,2.934024749886509819e-12,1.282213981207013066e-11,1.818954265338664194e-04,4.618761619334870337e-11,7.304593357918172271e-14,8.508270568840780023e-14,3.352056636801573841e-13,1.548620840692545173e-12,7.199933790207936651e-14,3.406800012374859842e-12,8.442029775184055762e-14,3.720600854746328634e-04,1.731808581687481869e-13,5.894101241931710206e-14,8.358617458545272443e-14,8.222350058422016577e-14,1.386648932656323709e-13,5.798276109372359003e-14,6.127127518106705865e-14,6.135629291958713701e-14,7.478772369933182107e-14,7.075435081285395271e-14,1.054160690119477857e-13,1.089683294678156768e-13,9.206437340020120620e-14,8.193361600591445297e-14
3.551889211285750230e-13,6.125043017650125088e-13,3.340522951064676439e-13,8.379901864379993046e-14,4.547034833288275240e-13,4.291483768676049085e-13,6.398157070875524187e-13,2.516745241593707392e-12,8.251633449295961077e-13,4.029655937400547783e-13,2.467025641895228775e-13,2.973915234530646967e-13,7.704277032998204287e-14,4.132574298751059954e-13,4.349098200091137985e-13,8.586312013471886676e-13,5.112936574201882451e-12,5.224873453563936450e-13,6.660699148344686383e-13,3.734703428123265758e-13,4.538165632756545040e-13,1.110403723787405086e-11,4.619342604471888107e-13,3.561574220504388234e-13,9.831155325069296180e-13,6.135639749288543241e-13,9.420647820987404815e-13,3.353146457380873309e-12,7.712626151772322333e-13,5.945430998959596029e-13,1.049919165143104140e-12,8.825932544628627966e-13,1.528474555842444572e-13,2.173938369541564582e-13,1.480799158252138195e-13,5.736616776725001563e-13,6.030828946491390103e-13,6.282302301991379440e-11,4.830751068885573813e-14,4.924234827311026581e-14,4.372812307418341464e-12,1.412240309886167655e-12,4.583160668313092948e-13,1.801214421965974503e-12,6.510815010955423038e-14,6.715260990561269804e-14,7.837768313211012900e-14,1.047607593356344666e-12,4.015456417509368516e-13,1.557816103773926656e-11,8.343927466845117275e-12,7.931429749600799848e-12,2.167481936270500908e-12,2.396860113682020589e-11,1.785186068622042193e-10,2.113262058339683359e-11,7.534413968365657547e-14,9.052464624701265646e-14,2.935145003685972154e-13,1.215244157993032882e-12,7.419896528017669109e-14,5.039559446496197495e-12,8.713337425821950792e-14,4.699128969690292805e-04,1.807734066917297886e-13,6.179205945637991041e-14,8.625382111010051984e-14,8.518181327294543602e-14,1.441121327265627281e-13,6.157060324465720292e-14,6.508792222491657438e-14,6.481083646228423320e-14,8.102578584574388983e-14,7.401701798447889370e-14,1.093395482481414834e-13,1.210784254563492680e-13,1.004253927247170764e-13,8.830841344712861387e-14
3.185765546854249015e-13,5.359946387005725587e-13,3.015968052225203299e-13,8.840790489673557428e-14,4.042727250762236139e-13,3.819640863419742610e-13,5.553761621149718692e-13,2.010782899257124863e-12,7.035647724746840439e-13,3.584294858705246990e-13,2.240745892950761342e-13,2.696383538561858669e-13,8.114176795107258014e-14,3.688531959980660853e-13,3.866966045782904164e-13,7.339110972749757303e-13,3.910174655595125542e-12,4.582429109829175758e-13,5.763356522915316847e-13,3.339742202223078312e-13,4.022700509897346185e-13,8.003887898918729675e-12,5.002419205898071960e-13,3.187008952331600375e-13,8.300414988970709985e-13,5.339428867621553940e-13,7.989382562665773676e-13,2.627073778093186760e-12,6.617677187681434597e-13,5.184454222109427247e-13,8.820883275292830161e-13,7.492121146469757577e-13,1.591392618607909762e-13,2.281844204183096685e-13,1.540401893990642372e-13,4.984016874587493566e-13,5.230257860476800988e-13,4.279290057034445290e-11,4.970066515395977956e-14,5.106879809625615668e-14,3.374114902853492859e-12,1.167904034941872678e-12,4.041878358334290570e-13,1.465848014254250880e-12,6.703574721034798038e-14,7.075953786774693991e-14,8.281761251403024293e-14,8.780341838311947217e-13,3.557176488593283148e-13,1.086197176602966593e-11,2.230074841579221777e-11,2.087063673983647277e-11,1.741752772725492333e-12,1.623792627368983074e-10,1.121496197556126244e-10,1.445537878964251194e-11,7.774159102164445251e-14,9.649018649077526448e-14,2.629601176718449845e-13,1.009873940386776598e-12,7.648944249869271889e-14,9.505199010778553301e-12,8.996739128788537483e-14,3.841721580947180426e-04,1.888903854046653142e-13,6.483793080350480003e-14,8.903915397608202069e-14,8.829561397674784587e-14,1.498834048619403550e-13,6.546522530277818731e-14,6.923724639206500016e-14,6.854249233367014854e-14,8.793008411357513934e-14,7.749577588076318305e-14,1.134793461319011696e-13,1.338447343579347246e-13,1.098137762140499879e-13,9.538784476922891629e-14
2.888886208265284858e-13,4.748290841759171386e-13,2.753128717229988043e-13,9.287296492698778260e-14,3.635625468744261372e-13,3.438279928405048323e-13,4.880549251735533786e-13,1.617048541270421130e-12,6.077163661599071491e-13,3.223796418757461396e-13,2.057012452274555780e-13,2.471621923655292529e-13,8.510858078391524569e-14,3.329360776377042367e-13,3.477414723943002243e-13,6.354383997598727112e-13,2.947181239960980540e-12,4.066685560736119108e-13,5.049204345909177493e-13,3.019658338817482155e-13,3.606695314909739582e-13,5.445950887113589060e-12,5.361360233301068262e-13,2.883166737146887842e-13,7.100022285475648703e-13,4.703828292788565496e-13,6.864200384718546620e-13,2.060843932587080489e-12,5.750929862560781149e-13,4.576368056298270215e-13,7.508192543077532649e-13,6.444046969119508465e-13,1.650458509025065710e-13,2.382164182793329403e-13,1.596334304356834586e-13,4.383309068250542346e-13,4.592103870303353307e-13,1.785230271583010083e-11,5.107161563215273651e-14,5.291509304667507907e-14,2.582529133964755078e-12,9.770467197720568585e-13,3.605527454996076416e-13,1.205259421221814714e-12,6.890290477737910058e-14,7.448918505268513727e-14,8.741546586109842298e-14,7.456661345509526682e-13,3.186459494486006615e-13,6.908682279669797765e-12,1.420013085448066184e-04,3.236150868518900708e-05,1.412341576619513130e-12,1.433285180719342502e-04,2.810581769634812015e-11,8.650460904770358663e-12,8.006026669689401579e-14,1.027526015447477051e-13,2.380960832230971038e-13,8.498009829167465533e-13,7.869816243282773147e-14,2.352622067327800897e-11,9.268322170270076927e-14,4.743584744983682430e-11,1.964739539723120701e-13,6.796721110618064322e-14,9.170791960431725619e-14,9.133715099844280805e-14,1.553126396642542363e-13,6.956169311045764220e-14,7.360205899013532446e-14,7.243207033484383152e-14,9.530989794567863971e-14,8.103826636939422659e-14,1.174563365754771248e-13,1.464767393126166007e-13,1.199555607182837465e-13,1.029661756375766472e-13
2.630784552046261088e-13,4.216603635967819678e-13,2.524527685722853977e-13,9.697934893379840568e-14,3.280760415225551721e-13,3.106258314834192990e-13,4.299106571507798032e-13,1.284256439118659562e-12,5.256401899959103416e-13,2.910710505508288706e-13,1.898434485082249000e-13,2.276659012470979966e-13,8.876558744131875700e-14,3.016448876623324880e-13,3.138371737687361941e-13,5.506344908720153106e-13,2.153918179841227542e-12,3.620277173373923246e-13,4.433316858663732756e-13,2.741368388557442511e-13,3.244906432033036222e-13,3.518954648206058836e-12,5.614834272304425442e-13,2.619303843875965263e-13,6.074293443186416291e-13,4.154433432558914628e-13,5.899571996926273197e-13,1.587230097905738582e-12,5.005312491103054584e-13,4.050394985894932481e-13,6.389097273386855584e-13,5.548227380843867628e-13,1.699096565084321790e-13,2.460660495682873725e-13,1.642472164930801501e-13,3.866738493142985826e-13,4.043136400786992093e-13,7.576975778245802881e-12,5.236172304392765269e-14,5.471810593615070228e-14,1.925904299890363996e-12,8.143782576233423766e-13,3.227602234710485834e-13,9.844950496125899456e-13,7.060188196165259949e-14,7.821130921607022606e-14,9.199004507315629012e-14,6.332331427992658630e-13,2.865573080037604282e-13,4.160034736815934058e-12,4.522866336832793209e-10,2.848184696584236389e-04,1.134864806719702496e-12,2.893095684572846390e-11,9.541170184360092605e-12,4.884178511408816137e-12,8.215296184377405469e-14,1.090608969709244304e-13,2.166117645403997431e-13,7.140060412405133943e-13,8.068351645949914695e-14,3.574745850689294368e-11,9.508255991675240816e-14,1.185276554383478222e-11,2.025757394462130971e-13,7.107201741329569205e-14,9.406621212500612764e-14,9.411093845180056779e-14,1.598213706340829754e-13,7.374544152884007787e-14,7.805409431651148098e-14,7.635646396833269509e-14,1.029086171813980003e-13,8.449090484656499776e-14,1.209435303836675583e-13,1.580644927477004495e-13,1.304526919887404780e-13,1.107808741274021622e-13
2.432838142019474646e-13,3.824352098411194007e-13,2.350115083507128984e-13,1.011138105758950357e-13,3.013238036034474931e-13,2.854482416914885021e-13,3.869224139349805578e-13,1.074583497877508319e-12,4.662608453733277721e-13,2.671285222474614450e-13,1.774976669173632464e-13,2.127282955568654489e-13,9.243941294209534402e-14,2.778991578420310404e-13,2.881349102968790721e-13,4.896618952734076272e-13,1.714447692561441133e-12,3.284630923626302650e-13,3.979267359317324405e-13,2.528219728467927806e-13,2.971053816077742878e-13,2.635983157858648436e-12,5.887665691435590077e-13,2.416297412299301501e-13,5.345197028621954284e-13,3.747002711618570838e-13,5.211486324996896396e-13,1.302790140271433124e-12,4.462886329092373974e-13,3.659485257109302603e-13,5.598953707129791810e-13,4.904546919181906396e-13,1.749636224107222962e-13,2.542790797491943520e-13,1.690360336859792369e-13,3.480273157710151977e-13,3.634294287082416677e-13,4.911978002614540499e-12,5.369114012752527804e-14,5.660877623290199751e-14,1.550268557342803526e-12,7.031997125786741540e-13,2.940391220815203268e-13,8.383234571191432490e-13,7.235053352934978853e-14,8.218601422217246232e-14,9.689911573306088350e-14,5.537833774001368636e-13,2.619127512438663978e-13,3.014032144258565885e-12,2.527749689126269951e-10,2.512818274480102380e-04,9.560204830146176504e-13,1.495153194791886338e-11,5.868333206084439003e-12,3.453274053364951145e-12,8.431317310491698498e-14,1.159151953112917206e-13,1.997900122289863761e-13,6.195222874569295349e-13,8.272922208001361192e-14,7.239585765183404835e-11,9.755807330078759188e-14,6.932000734570311224e-12,2.089360820821094417e-13,7.436797058721545084e-14,9.649853795019002589e-14,9.699830266161025084e-14,1.645020363966952713e-13,7.824448798393139824e-14,8.284897306733410962e-14,8.056308293675351852e-14,1.111082142352323635e-13,8.815843723009295198e-14,1.245686195170173126e-13,1.693332022894879840e-13,1.419233565237959587e-13,1.193252137421689272e-13
2.277966215563105618e-13,3.525948311330258138e-13,2.214949369863153073e-13,1.052821499858948751e-13,2.806765026656823905e-13,2.659057362950627917e-13,3.540303850785415233e-13,9.306251384103700859e-13,4.214576770041640864e-13,2.483757256147431767e-13,1.677482979758068433e-13,2.011273899031794788e-13,9.613581212515151189e-14,2.594814789544739042e-13,2.681816533194773306e-13,4.439578764738113291e-13,1.435424494698524056e-12,3.024634031283569388e-13,3.632362084387510072e-13,2.361419926169830696e-13,2.758456327166546210e-13,2.129574313380137386e-12,6.182032635831604948e-13,2.256748542963968613e-13,4.802002169333569233e-13,3.434652405280331960e-13,4.697973205291028732e-13,1.113299806383477185e-12,4.052358621481550434e-13,3.359407459806646884e-13,5.012799822527984175e-13,4.421179460026078525e-13,1.802173979175299212e-13,2.628781599838873605e-13,1.740083802468622154e-13,3.181353528272288522e-13,3.319224357422757889e-13,3.678707109775414214e-12,5.506135285612534904e-14,5.859318104517432277e-14,1.307252613675690224e-12,6.225687864389101875e-13,2.716026115294409442e-13,7.345583830214150838e-13,7.415059707304521736e-14,8.643291931136314893e-14,1.021709921395760059e-13,4.947701403829675803e-13,2.424935587102333973e-13,2.385009802188318466e-12,1.969657859273986451e-10,7.411075263730272145e-05,8.313224762433045137e-13,1.026703198103119726e-11,4.294347948131169382e-12,2.698978503197327131e-12,8.654361906291340028e-14,1.233693232697030721e-13,1.863375772051128649e-13,5.500907289305140219e-13,8.483750610381384489e-14,1.429565416711664353e-04,1.001127287790154447e-13,4.968440719120465431e-12,2.155694651189311171e-13,7.786862341706667333e-14,9.900774024128008988e-14,1.000055527374136316e-13,1.693633810834880281e-13,8.307997581840037219e-14,8.801118229191013718e-14,8.507375337217494173e-14,1.198993124161638828e-13,9.205595205434343908e-14,1.283388379975119515e-13,1.802173905417865813e-13,1.543728940151745274e-13,1.286471353629354944e-13
2.148882677831935987e-13,3.279411789496922930e-13,2.103312186440506744e-13,1.093231833844428388e-13,2.635421075872143117e-13,2.496446563501904306e-13,3.267668202659007744e-13,8.167761177534158478e-13,3.845728415408159335e-13,2.326943069127499436e-13,1.596377288158869713e-13,1.915621044586990323e-13,9.972156649923690847e-14,2.441756129922566439e-13,2.515729952122891386e-13,4.063988970632767223e-13,1.222204243783622396e-12,2.808022247057319583e-13,3.345010401164930745e-13,2.222221652102539172e-13,2.581367424893612844e-13,1.758658278154812648e-12,6.443680345422918122e-13,2.123318764597536947e-13,4.357293647155388874e-13,3.175560077430985971e-13,4.276993687261480009e-13,9.654667383304070003e-13,3.713716720441464372e-13,3.110377630340914740e-13,4.534019854685352953e-13,4.024176382456452269e-13,1.852152575087388533e-13,2.708898363456530741e-13,1.787393633047531726e-13,2.932536016230049463e-13,3.057380783037928569e-13,2.851980111814243639e-12,5.643073710437019053e-14,6.062811835275079177e-14,1.120121196304787671e-12,5.573243212272792737e-13,2.528429249674746295e-13,6.514302167670389613e-13,7.592569039873489834e-14,9.085971531581379724e-14,1.076766881788377128e-13,4.465900615819988075e-13,2.261971726236490108e-13,1.935435820072911297e-12,5.344682478426496588e-11,8.817580299993624255e-11,7.322385191042048282e-13,7.150307926137804772e-12,3.267923616693779996e-12,2.167690014179182735e-12,8.874032411783012207e-14,1.312437869602451820e-13,1.749891809608038208e-13,4.936838296049235168e-13,8.690822759632876380e-14,1.929396201422230726e-04,1.026067816868091851e-13,3.714343155763161910e-12,2.218226832047769171e-13,8.149737230231896352e-14,1.014571211680836012e-13,1.029955230867842617e-13,1.740030232151696076e-13,8.816581660153995150e-14,9.344509152683897810e-14,8.980081948323477519e-14,1.290211493673086608e-13,9.607038034566422845e-14,1.320253295832946035e-13,1.902057009092352693e-13,1.673796336683647358e-13,1.385203909012510846e-13
2.045701989764770024e-13,3.085479879148657946e-13,2.015682697676897675e-13,1.133723380001886917e-13,2.499826607990339664e-13,2.366972749727769865e-13,3.050672659434451169e-13,7.319043615501323422e-13,3.553842733821685029e-13,2.200661638367732427e-13,1.531477565699130369e-13,1.840635237357888713e-13,1.033109041890696176e-13,2.320258454491206585e-13,2.383360596314678128e-13,3.769093656935879280e-13,1.070400277783083220e-12,2.634282951140049205e-13,3.116261073944358106e-13,2.110667405841291442e-13,2.439913788094478728e-13,1.508670516742531173e-12,6.722561711600503044e-13,2.015880038222519759e-13,4.008235588209622991e-13,2.969192428142176803e-13,3.946654814824696501e-13,8.572225841687034918e-13,3.445658539170229568e-13,2.911977779046210316e-13,4.158998319196543829e-13,3.710889899473737936e-13,1.903906481002495990e-13,2.792313049144982808e-13,1.836331386492207353e-13,2.732316343616373499e-13,2.847306393044223137e-13,2.345797348940823545e-12,5.784075480372873657e-14,6.276471189142682642e-14,9.854236241818651891e-13,5.069500782545304259e-13,2.377014783010671220e-13,5.880965313054074748e-13,7.775008821137067888e-14,9.557620643473947443e-14,1.135686434412836285e-13,4.087770779713887945e-13,2.129512168932262180e-13,1.638547047935841901e-12,3.176189256507471794e-11,4.576310610332672518e-11,6.575949013465323309e-13,5.538495432701621060e-12,2.658304601094389760e-12,1.823648630219938021e-12,9.100450870525653003e-14,1.397662123601573565e-13,1.656729844983325547e-13,4.497082034918963868e-13,8.903844042119489553e-14,1.683240619259533210e-04,1.051750517690801621e-13,2.989764571574875901e-12,2.283143951352086247e-13,8.534200404264981967e-14,1.039785255686479818e-13,1.061050264431141147e-13,1.788042914256776714e-13,9.359917329016501921e-14,9.926096908407441643e-14,9.485173373483090497e-14,1.385667942573297528e-13,1.003087381842844367e-13,1.358502863791151745e-13,1.996360318059215907e-13,1.810932757589235315e-13,1.491384406408474125e-13
1.962802542494285437e-13,2.931235192560552842e-13,1.947029947466862778e-13,1.174168384470797057e-13,2.391827510455019387e-13,2.263129975386463242e-13,2.875246699448260843e-13,6.663761894001825559e-13,3.318203511423649954e-13,2.097993208568782806e-13,1.479537601155567077e-13,1.782098209112213975e-13,1.068943525794244549e-13,2.223272373172996563e-13,2.277033074376649736e-13,3.533204665115588108e-13,9.570005678310715943e-13,2.493043485436465930e-13,2.931120606768237824e-13,2.020658764742614360e-13,2.325861397359234323e-13,1.329081393259476267e-12,7.020371138033547806e-13,1.928727130354751634e-13,3.728161541296020909e-13,2.802350671313543640e-13,3.681988678825237560e-13,7.747251088509471301e-13,3.229537839731342273e-13,2.751637660552440447e-13,3.858379861629901199e-13,3.458453297263928021e-13,1.957520393941892925e-13,2.879214235695004490e-13,1.886971614175034791e-13,2.568539218985217402e-13,2.675941554718935029e-13,2.004129177368259485e-12,5.929288077300081687e-14,6.491912047739847241e-14,8.839952095344071863e-13,4.669964213927233942e-13,2.253253243262443642e-13,5.383528148940828674e-13,7.962548355963180670e-14,1.005960797733377643e-13,1.198639356621207056e-13,3.783903774014395943e-13,2.020535116197351731e-13,1.427988345293728959e-12,2.298018326430908903e-11,3.156817130882931447e-11,5.994655591132005982e-13,4.553646796853661686e-12,2.254619127708598311e-12,1.582897553152162212e-12,9.333884295214150945e-14,1.489661090961530899e-13,1.579494783859804816e-13,4.145359339371845143e-13,9.123028832322522144e-14,1.432106813162699549e-04,1.078203459229903784e-13,2.517924419266301829e-12,2.350570280479225704e-13,8.941194138319133532e-14,1.065746343823157509e-13,1.093406885740524338e-13,1.837747724611905092e-13,9.938612136223034092e-14,1.054671755791548063e-13,1.002409376101843764e-13,1.484161054842204446e-13,1.047239536611206169e-13,1.398208178847480484e-13,2.083472432682499305e-13,1.952917443999220937e-13,1.604564873296701598e-13
1.896224464573000972e-13,2.807934068838249284e-13,1.893830215617364172e-13,1.214742949414399160e-13,2.305787304952201958e-13,2.179695670941585766e-13,2.731836719587585523e-13,6.144230849372695434e-13,3.125021361670280821e-13,2.014080739190229136e-13,1.438226802511893260e-13,1.737038797539630585e-13,1.104870519480444519e-13,2.145890343326026976e-13,2.191408448513874471e-13,3.341962234134370622e-13,8.692368070587439502e-13,2.377147469625763515e-13,2.779437939541563884e-13,1.947907415753813942e-13,2.233492214679668647e-13,1.194128162993667722e-12,7.339031319176958315e-13,1.857828800736165789e-13,3.499591185783987479e-13,2.666048759209768376e-13,3.466576576060859943e-13,7.099339485113905865e-13,3.052881854685974606e-13,2.620781370816491292e-13,3.613032939375629700e-13,3.251738577167660340e-13,2.013084363410274535e-13,2.969805052592451303e-13,1.939393364801859671e-13,2.432865239980422225e-13,2.534363090575409335e-13,1.758166142497153744e-12,6.078872901352865589e-14,6.715640355741889619e-14,8.050178935947056578e-13,4.346392875589239429e-13,2.151199043797201413e-13,4.983540406875195890e-13,8.155364211508163296e-14,1.059432680559465134e-13,1.265984427991615364e-13,3.535127084628356916e-13,1.930094591972777346e-13,1.271024139591221980e-12,1.822830688158385737e-11,2.446864782022544030e-11,5.530307380733162763e-13,3.889874466314763534e-12,1.967823302846458822e-12,1.405195550169557855e-12,9.574613288897907783e-14,1.589006363237314216e-13,1.515026199301597520e-13,3.858322484836530010e-13,9.348601238340667006e-14,1.175894188341945149e-04,1.105456064117395144e-13,2.186445425671412187e-12,2.420638782082350467e-13,9.372499635695096439e-14,1.092482543729209676e-13,1.127095565991996449e-13,1.889224874010293229e-13,1.055375572103639366e-13,1.120782330097823769e-13,1.059905847081389843e-13,1.584740705519539514e-13,1.093725764424016857e-13,1.439445156921005562e-13,2.165464075475726064e-13,2.098046616431847132e-13,1.724420826586936421e-13
1.843080718962335071e-13,2.709426217740618050e-13,1.853504408655923926e-13,1.255602742515597514e-13,2.237660723550307405e-13,2.112905879303753854e-13,2.613723356184050939e-13,5.723794630241781779e-13,2.964760574790065266e-13,1.945406181637735565e-13,1.405811803197407561e-13,1.703266736372957132e-13,1.141023795213076807e-13,2.084568016382613671e-13,2.122641689498048404e-13,3.185475686438806648e-13,7.994541078885998992e-13,2.281492943177473975e-13,2.654092051806601661e-13,1.889295993837607986e-13,2.158698511462678384e-13,1.089292495922369474e-12,7.680739067240968828e-13,1.800245142985496042e-13,3.310587147246461854e-13,2.553951170479907802e-13,3.289176088204102447e-13,6.578584974817735588e-13,2.907028807504683448e-13,2.513351224045819183e-13,3.409954148102181505e-13,3.080336717592323275e-13,2.070694846030555229e-13,3.064305959597957170e-13,1.993681138048207785e-13,2.319380797981940441e-13,2.416265207380424320e-13,1.572822062188512514e-12,6.232974748894265268e-14,6.948597534778990475e-14,7.419214768378020327e-13,4.079998071714723033e-13,2.066576945765819683e-13,4.655901630418060590e-13,8.353641679033240673e-14,1.116422150502739446e-13,1.338086935102263368e-13,3.328406300749190402e-13,1.854603508707623876e-13,1.149636528812591715e-12,1.525580817660964375e-11,2.022168645021337868e-11,5.151906592006680770e-13,3.412588677510822885e-12,1.753801194806796077e-12,1.268834842388339266e-12,9.822934407847865302e-14,1.696261047999208107e-13,1.460991033555036325e-13,3.620264064269374557e-13,9.580797046968225175e-14,9.144998551413417850e-05,1.133539387274717768e-13,1.941040957140614141e-12,2.493492772968680389e-13,9.829932487934927488e-14,1.120023444849268181e-13,1.161933819195783365e-13,1.942559665362347803e-13,1.120606982085867304e-13,1.191049269514690955e-13,1.121224178352772978e-13,1.686442112874049053e-13,1.142812380136501820e-13,1.482295309028212276e-13,2.244177785533759545e-13,2.244596798839718560e-13,1.850417870810806887e-13
1.801227973082632531e-13,2.631283024682929516e-13,1.824136004036434244e-13,1.296917843401610205e-13,2.184487576980738026e-13,2.059994286109876978e-13,2.516054117272450370e-13,5.378039634496912472e-13,2.830623099427044222e-13,1.889368319578902924e-13,1.380983178996801670e-13,1.679143823893481382e-13,1.177547782809277962e-13,2.036697464536460249e-13,2.067907450769253294e-13,3.056725565014761444e-13,7.427824735718726790e-13,2.202353626128374798e-13,2.549947991203453709e-13,1.842514213737215415e-13,2.098465688820457713e-13,1.005764464500884167e-12,8.047992426580639669e-13,1.753790419718771862e-13,3.152724259561649645e-13,2.461473325778619610e-13,3.141839245193378104e-13,6.152359817840480935e-13,2.785783658692254556e-13,2.424957724879472048e-13,3.239998065746743701e-13,2.936854195627175883e-13,2.130453503759070671e-13,3.162952603341748539e-13,2.049923696616902309e-13,2.223780088476318381e-13,2.317070006264765401e-13,1.428318612920012390e-12,6.391797450967338077e-14,7.191513002534352993e-14,6.904830973899453492e-13,3.857792889544129209e-13,1.996240301058145510e-13,4.383525117799044221e-13,8.557572546107976393e-14,1.177188949318896288e-13,1.415339014750576432e-13,3.154569373810994512e-13,1.791401424162733110e-13,1.053082740210036100e-12,1.322743782076117675e-11,1.740910602957660095e-11,4.838604102979657992e-13,3.053264052390752882e-12,1.588183664851337528e-12,1.161066131188919909e-12,1.007915743495611041e-13,1.812006350414835504e-13,1.415633027498512194e-13,3.420225148059287552e-13,9.819860852754682903e-14,6.478187934609529034e-05,1.162485712110560072e-13,1.752251877734861662e-12,2.569284317689587981e-13,1.031543138606964417e-13,1.148399768726293987e-13,1.198158765814164867e-13,1.997842006107757291e-13,1.189596378236856316e-13,1.265549296237083090e-13,1.186583884102186604e-13,1.788457109751718450e-13,1.194746004026785547e-13,1.526845372398548334e-13,2.321576840613043426e-13,2.391209642014297863e-13,1.981902751818098395e-13
1.769043185352428826e-13,2.570242933559905130e-13,1.804269185824481733e-13,1.338848268934267109e-13,2.144055108363603840e-13,2.018885519699948808e-13,2.435241454024260802e-13,5.090067176553157136e-13,2.717632878760052111e-13,1.844004740580377512e-13,1.362732333146979724e-13,1.663417152978871827e-13,1.214577723191182344e-13,2.000319364418302258e-13,2.025086555057502460e-13,2.950598325391959827e-13,6.959730353251455209e-13,2.136947801890909879e-13,2.463212519572337489e-13,1.805815540526996287e-13,2.050534931804106368e-13,9.378828463349013106e-13,8.443602034475308323e-13,1.716807579208686521e-13,3.019886107225298391e-13,2.385219868299893722e-13,3.018790529178769642e-13,5.798415575594906959e-13,2.684601064896025881e-13,2.352346582529710622e-13,3.096543350019158406e-13,2.815894513170390517e-13,2.192464388221450773e-13,3.265990120092909316e-13,2.108211364661708031e-13,2.142853659921287863e-13,2.233374446773200286e-13,1.312642521864274006e-12,6.555523151701762674e-14,7.445046822147765180e-14,6.478623659093078739e-13,3.670508536764654451e-13,1.937823856548001430e-13,4.154367514467237825e-13,8.767350301569146647e-14,1.242000385708453193e-13,1.498147672812510272e-13,3.006970932965073770e-13,1.738474838642741058e-13,9.745528176855049189e-13,1.176030665796378564e-11,1.542091681992822475e-11,4.575849217804629787e-13,2.773290113166404908e-12,1.456395385898930024e-12,1.073901453534456452e-12,1.034359906079590084e-13,1.936807827079347944e-13,1.377605630704936369e-13,3.250321823239762152e-13,1.006603978884202710e-13,3.757439056007957391e-05,1.192327671382937798e-13,1.602689540787039701e-12,2.648170277223228611e-13,1.083101329005535336e-13,1.177642511799502477e-13,1.235859030234476656e-13,2.055164015688240235e-13,1.262341078088615531e-13,1.344313071098057897e-13,1.256195489836286478e-13,1.890185100190703547e-13,1.249768246978891676e-13,1.573186107829188418e-13,2.399383678064510220e-13,2.537001005807753792e-13,2.118125521037185515e-13
1.745258122378508639e-13,2.523821625727698990e-13,1.792759397875345585e-13,1.381533940558067259e-13,2.114654591806412436e-13,1.987970450772448476e-13,2.368544402819662049e-13,4.847653215217490346e-13,2.622018183887699370e-13,1.807788776790466781e-13,1.350258349101787878e-13,1.655095623119940429e-13,1.252231375212081549e-13,1.973912634444392722e-13,1.992537944088654664e-13,2.863232465856555054e-13,6.567446528007500939e-13,2.083132749526275726e-13,2.390989985816848291e-13,1.777838341400443229e-13,2.013159501904618490e-13,8.817916380415788942e-13,8.870181381352530273e-13,1.688001070086366106e-13,2.907468370892385263e-13,2.322592670014300964e-13,2.915677959978385530e-13,5.500859889713546209e-13,2.600031258473676660e-13,2.293025955774902941e-13,2.974621213163525265e-13,2.713380643502099932e-13,2.256797720986997211e-13,3.373592887581466403e-13,2.168602954916076911e-13,2.074135039070759688e-13,2.162565781332197773e-13,1.217979278027585259e-12,6.724307028527789149e-14,7.709808643528632722e-14,6.120528895214448897e-13,3.511272107354815269e-13,1.889495528092177045e-13,3.959589825145748571e-13,8.983112863700336928e-14,1.311118147991643352e-13,1.586916442699891824e-13,2.880623451952043121e-13,1.694255072568173895e-13,9.094632860237208286e-13,1.064561945026702395e-11,1.393947099890028029e-11,4.353050243031234023e-13,2.548777243868139602e-12,1.349058141945782413e-12,1.002010612151380569e-12,1.061650330911072452e-13,2.071172850840708709e-13,1.345848269838779688e-13,3.104673767044081645e-13,1.031950782331446670e-13,9.816690432815365335e-06,1.223087614470206921e-13,1.481274528558591575e-12,2.730259483067029063e-13,1.137868722994882235e-13,1.207772570603611870e-13,1.275106200444147555e-13,2.114589086048551327e-13,1.338780183392273770e-13,1.427307464624685755e-13,1.330243574724845557e-13,1.991275067377822630e-13,1.308116288908011815e-13,1.621394430082025978e-13,2.479170269518565678e-13,2.681647947773091271e-13,2.258292128861459316e-13
1.723053074837911951e-13,2.478054022549772511e-13,1.782472131664446159e-13,1.421145176006641142e-13,2.086413705567849949e-13,1.958469761169112134e-13,2.303432734184329693e-13,4.600055986211715669e-13,2.528330705137201147e-13,1.773358200452371465e-13,1.339405220295706237e-13,1.648064352126601620e-13,1.287369145521982943e-13,1.948839188357974854e-13,1.961434770064905548e-13,2.776547418170233473e-13,6.159556794487575330e-13,2.031149730122841541e-13,2.320477675971720827e-13,1.751497806728631930e-13,1.977308819960475538e-13,8.213845021869020144e-13,9.163195279324287864e-13,1.660946605064882792e-13,2.796605066908950731e-13,2.261548330390692465e-13,2.813639890769315907e-13,5.194803302530992461e-13,2.516985294466012537e-13,2.235263710761325353e-13,2.854438635423811118e-13,2.612783288505545451e-13,2.313000384927169574e-13,3.462304193979985389e-13,2.221450548874606544e-13,2.007794647068164674e-13,2.094021067263911069e-13,1.114216263994919269e-12,6.889003091056144767e-14,7.973946561162154105e-14,5.750674482027469939e-13,3.352789817791732254e-13,1.843160840133306531e-13,3.764690079556261699e-13,9.188436221322591494e-14,1.381060670729321589e-13,1.676534411082853867e-13,2.756795052827033628e-13,1.652159322379527881e-13,8.405916786956429605e-13,8.196480139762729045e-12,1.022387219320566506e-11,4.128767356933392827e-13,2.259881865803345498e-12,1.229615245041970941e-12,9.247015995232030809e-13,1.087491058758090223e-13,2.205989510161108948e-13,1.316126510565842886e-13,2.961580426424630219e-13,1.055856389422460075e-13,5.807797659030895524e-11,1.251712333903448445e-13,1.344378573473060494e-12,2.800222837259754902e-13,1.193257916216415170e-13,1.235812932992397837e-13,1.312589194078044466e-13,2.166940401236620761e-13,1.414874659131065298e-13,1.509968595346357278e-13,1.405015140340247443e-13,2.083156550378017308e-13,1.366372348184074111e-13,1.666095623206891988e-13,2.549814576685594394e-13,2.809948684909880415e-13,2.390456352768820097e-13
1.704743803512311912e-13,2.438168544274958046e-13,1.775775507285348170e-13,1.459155859016654441e-13,2.062850800542386424e-13,1.933481385035937553e-13,2.244580397482612669e-13,4.370279247862641033e-13,2.442463911348899329e-13,1.743264025765440836e-13,1.331456291090023172e-13,1.644295361338119332e-13,1.321213270970704740e-13,1.928123123329442366e-13,1.934899031990367655e-13,2.697624673636758532e-13,5.781044037572359402e-13,1.984515609906465260e-13,2.256459670917478838e-13,1.729223929868475318e-13,1.946197979556692798e-13,7.651828144536230790e-13,9.376219187986609738e-13,1.637818971335120353e-13,2.694702186775821013e-13,2.206553772416010432e-13,2.720101563523026714e-13,4.910674058412703531e-13,2.441227758830491911e-13,2.183396031683212922e-13,2.743805022549522827e-13,2.520460028367408209e-13,2.364963945374018183e-13,3.540641671136036910e-13,2.270365685148166063e-13,1.947331438909530269e-13,2.031575101820427135e-13,1.018711034571999949e-12,7.053211790862354102e-14,8.242057946977332751e-14,5.407634154358140022e-13,3.206380657929266804e-13,1.801657103334083696e-13,3.584440425100129915e-13,9.389707965304741678e-14,1.452896172852724162e-13,1.768505616622230748e-13,2.642763374801327887e-13,1.614413731906928140e-13,7.771104004357193429e-13,6.263873213283809250e-12,7.491822477746353628e-12,3.921200734555614980e-13,1.994140711714971500e-12,1.119733549172594564e-12,8.532909681377545209e-13,1.112763903522769192e-13,2.343104996063564636e-13,1.289759036068804470e-13,2.829654493344772107e-13,1.079159374225409637e-13,2.274040363854395807e-11,1.279373247582601302e-13,1.218605482924377755e-12,2.863698882581870208e-13,1.250153078882377897e-13,1.262907478972639576e-13,1.349536975531178184e-13,2.215644316141663155e-13,1.491266062165198359e-13,1.593035891601127039e-13,1.481428609586840818e-13,2.168200030413555821e-13,1.425754972669720439e-13,1.709284459248663118e-13,2.616328972104707342e-13,2.926434351076541406e-13,2.516248597812347100e-13
1.692743323191491381e-13,2.409303319740393627e-13,1.775292012036139238e-13,1.497672890687021150e-13,2.047586976065550026e-13,1.916159870410997967e-13,2.196230915489872945e-13,4.175108021919845606e-13,2.369369695125426527e-13,1.720020715518823295e-13,1.327824447099254938e-13,1.646009953580167890e-13,1.355497870723274704e-13,1.914902402684597736e-13,1.916088314639047061e-13,2.632723697701753217e-13,5.461700522303454153e-13,1.946506326425415415e-13,2.203201496391159016e-13,1.713501609667332555e-13,1.923016985627547736e-13,7.185537619347223730e-13,9.594618264314274435e-13,1.620826362102605946e-13,2.607847451488602977e-13,2.161711728819985370e-13,2.641349407723188586e-13,4.669783231799174384e-13,2.377777995824827718e-13,2.141444208143213682e-13,2.648993866398475381e-13,2.441684422101037988e-13,2.418199813733719515e-13,3.620911381635652318e-13,2.320434665712669236e-13,1.895801110258649416e-13,1.978586469464302099e-13,9.409151978776908775e-13,7.221933820258561442e-14,8.521027132291959849e-14,5.117290376214373551e-13,3.080738166513376740e-13,1.767643507769465892e-13,3.429766261166783670e-13,9.595714727710145817e-14,1.528572556030991695e-13,1.865677903789484207e-13,2.544223136241551762e-13,1.583105701829531713e-13,7.244022758972075540e-13,5.097008118704029107e-12,5.949176201992961357e-12,3.743537001997225474e-13,1.790255219563280054e-12,1.030898004497629828e-12,7.943686069593802585e-13,1.138699427678385031e-13,2.486852280189106488e-13,1.268026003473202461e-13,2.715431401360602927e-13,1.103017961376819504e-13,1.430950767015017661e-11,1.307694555440233053e-13,1.117624020717704688e-12,2.928751294041578496e-13,1.310066783542294637e-13,1.290639407976436709e-13,1.387744629966997179e-13,2.265543480183791502e-13,1.569551732613691555e-13,1.678346356128976498e-13,1.561324546667892993e-13,2.250849518298835753e-13,1.488272500681025622e-13,1.753844793307494993e-13,2.685221894411729773e-13,3.039412534877233755e-13,2.640444850918881316e-13
1.686353137684908564e-13,2.390104519094766362e-13,1.780333603108533035e-13,1.536746523043102619e-13,2.039665665075398415e-13,1.905625667437655293e-13,2.156984167595825912e-13,4.008198015656248879e-13,2.307152081002740961e-13,1.702830088876159115e-13,1.328057783269395090e-13,1.652606932188755694e-13,1.390267390642056057e-13,1.908327218245455791e-13,1.904111719019651221e-13,2.579864570586942248e-13,5.189437462307943746e-13,1.916025922414053202e-13,2.159232809021776496e-13,1.703594911347598489e-13,1.906834639650658400e-13,6.793726487715488187e-13,9.818735959088698991e-13,1.609280564663700218e-13,2.533722725131621268e-13,2.125691285286758252e-13,2.575178047054098863e-13,4.463821141173440546e-13,2.324886593604024488e-13,2.108126601815439181e-13,2.567506322914614397e-13,2.374408042969883116e-13,2.472755901833581651e-13,3.703195189554525055e-13,2.371699146807177343e-13,1.851967570150709848e-13,1.933745089641540623e-13,8.764003952494928668e-13,7.395333097367584059e-14,8.811387727574423940e-14,4.869088061136552601e-13,2.972377359768716659e-13,1.740186245504177582e-13,3.296173720129603981e-13,9.806601255065544768e-14,1.608168713940789155e-13,1.968156751497046365e-13,2.458682606486371576e-13,1.557441226910568481e-13,6.800000984557907049e-13,4.316339280947478838e-12,4.958323611466820199e-12,3.590367408452728753e-13,1.629022517302924965e-12,9.576821936836444728e-13,7.450043896081968817e-13,1.165321240372862925e-13,2.636813880313233273e-13,1.250391604934593201e-13,2.615968825643641774e-13,1.127449738618154577e-13,1.052400737011258094e-11,1.336697730078163208e-13,1.034854279908141012e-12,2.995443109353941513e-13,1.373116496767239335e-13,1.319029055097235712e-13,1.427265345307396284e-13,2.316682116990356607e-13,1.649377404770539313e-13,1.765512933588245815e-13,1.644597209582139056e-13,2.331401364670186613e-13,1.554102794488085636e-13,1.799833642403097829e-13,2.756425302442560863e-13,3.149579424464040748e-13,2.762563125903854036e-13
1.684987429568515494e-13,2.379463985561200443e-13,1.790310404246276038e-13,1.576412464605067174e-13,2.038288649652806508e-13,1.901147621084020831e-13,2.125715420587784017e-13,3.864700791226650539e-13,2.254303810278557570e-13,1.691035600534261252e-13,1.331770339080824426e-13,1.663568474370098608e-13,1.425554194292915145e-13,1.907685995562798051e-13,1.898230594563798927e-13,2.537473066989842501e-13,4.955257241592932536e-13,1.892187019087333315e-13,2.123375443953671598e-13,1.698890996881287576e-13,1.896884202279805787e-13,6.461025295489736418e-13,1.004878549099061399e-12,1.602609920741392823e-13,2.470495309643853735e-13,2.097420704888581039e-13,2.519841950125491346e-13,4.286504962748745891e-13,2.281159532206391513e-13,2.082409129851951989e-13,2.497371102544328925e-13,2.317006048950866979e-13,2.528672661047751038e-13,3.787557393486960179e-13,2.424193722166347129e-13,1.814836274651862621e-13,1.895998255481499534e-13,8.220954284272230253e-13,7.573572484613692830e-14,9.113680236876994192e-14,4.655124546882322204e-13,2.878576244149892239e-13,1.718526534286937645e-13,3.180182067093605628e-13,1.002250252090487193e-13,1.691726968698469000e-13,2.075988866081868224e-13,2.384174386553906153e-13,1.536773253218797640e-13,6.421337339465467426e-13,3.757495587454058327e-12,4.268249064077021834e-12,3.457531391323395705e-13,1.498419088566389562e-12,8.963713463096877011e-13,7.031157895468963200e-13,1.192651865137533275e-13,2.792409526290959074e-13,1.236415037843235586e-13,2.528954399905459636e-13,1.152470970506187431e-13,8.372901847244996467e-12,1.366402279796110336e-13,9.658473700868400558e-13,3.063826241880237323e-13,1.439406136575256115e-13,1.348094801297335157e-13,1.468149807697050345e-13,2.369098051506989142e-13,1.730367299763205497e-13,1.854117459853636295e-13,1.731084033468557004e-13,2.410194389260462447e-13,1.623422776945166051e-13,1.847313273454558028e-13,2.829844057661841508e-13,3.257619615379561706e-13,2.882315639349285132e-13
1.688148641500443202e-13,2.376461276019269967e-13,1.804710186471504304e-13,1.616693962875214373e-13,2.042780244439683086e-13,1.902109953280633278e-13,2.101513643167711985e-13,3.740864712538141760e-13,2.209617618440014538e-13,1.684091872653044869e-13,1.338628744122874081e-13,1.678443232209928876e-13,1.461380375062415173e-13,1.912374708340462668e-13,1.897824611864144004e-13,2.504286629797265967e-13,4.752352400028845311e-13,1.874265238297459794e-13,2.094678078586648084e-13,1.698873341894885636e-13,1.892526826115873108e-13,6.176084762975234241e-13,1.028496854950112236e-12,1.600334510876221928e-13,2.416704941185249183e-13,2.076029567332898998e-13,2.473948732213857921e-13,4.133016415330337853e-13,2.245477295778479197e-13,2.063449853397553865e-13,2.437019856664756122e-13,2.268179525619064579e-13,2.585990710455201021e-13,3.874061778464489252e-13,2.477952966644696352e-13,1.783601944449585079e-13,1.864494709425445756e-13,7.758106654349120208e-13,7.756820839190949164e-14,9.428461465895767085e-14,4.469389134240163711e-13,2.797187636224873589e-13,1.702043125171921566e-13,3.079065236967697364e-13,1.024355586180268236e-13,1.779248994307968605e-13,2.189154600150499259e-13,2.319131201100577457e-13,1.520571014884291198e-13,6.095044680410465723e-13,3.337824578384894379e-12,3.760190805163069545e-12,3.341789811782636029e-13,1.390555293922511984e-12,8.443447886499974916e-13,6.671871852768257847e-13,1.220714456796256973e-13,2.952906961156249184e-13,1.225731421504261104e-13,2.452553063296670488e-13,1.178098199620913959e-13,6.985543357788042040e-12,1.396827994501309480e-13,9.074967523601765718e-13,3.133952645638543510e-13,1.509024272988066943e-13,1.377855261155065756e-13,1.510448007635309978e-13,2.422829384780382149e-13,1.812140589932442455e-13,1.943728914581038208e-13,1.820566738778505704e-13,2.487567015668775409e-13,1.696409316963418971e-13,1.896348153922307737e-13,2.905318762186881115e-13,3.364132022060741408e-13,2.999582327780738636e-13
1.695406349383376290e-13,2.380315273359911879e-13,1.823079743349935385e-13,1.657600904616312679e-13,2.052556469866115115e-13,1.907983934606075877e-13,2.083631261962884729e-13,3.633744981968808312e-13,2.172116267722705803e-13,1.681538770986711743e-13,1.348340402860618878e-13,1.696830873962497257e-13,1.497757122510365513e-13,1.921870289600671142e-13,1.902362808113376789e-13,2.479278671830407427e-13,4.575481472533782260e-13,1.861661495125757485e-13,2.072363396521879816e-13,1.703098755860056005e-13,1.893220606716439020e-13,5.930348671433476000e-13,1.052748929303790150e-12,1.602044688416534887e-13,2.371175304925163132e-13,2.060801292396624681e-13,2.436374759856205524e-13,3.999602301397695075e-13,2.216930337781224161e-13,2.050553448242489952e-13,2.385191009632941951e-13,2.226879020224607707e-13,2.644751776162464046e-13,3.962773682850290746e-13,2.533012290108251565e-13,1.757606248852828199e-13,1.838539206370638421e-13,7.359434809861321943e-13,7.945254035849454595e-14,9.756305477976662213e-14,4.307232477376459436e-13,2.726497258666040660e-13,1.690221170716188636e-13,2.990660195601173678e-13,1.046990253714816339e-13,1.870689258324507739e-13,2.307556612392556163e-13,2.262290701044355556e-13,1.508394442743170681e-13,5.811383065000732159e-13,3.011221776531799132e-12,3.370670679664811354e-12,3.240585870037248802e-13,1.300041022308869627e-12,7.997015031193550120e-13,6.360897946268369461e-13,1.249533041526519296e-13,3.117434151504332905e-13,1.218035600870937389e-13,2.385291499364441234e-13,1.204348451816366776e-13,6.016618159832227428e-12,1.427995229781301491e-13,8.575682897700693286e-13,3.205875684788725309e-13,1.582040059832426967e-13,1.408329557164149954e-13,1.554208532416172656e-13,2.477915296342823799e-13,1.894324598841896837e-13,2.033918509155708612e-13,1.912771950379005889e-13,2.563816193492726533e-13,1.773237183660018193e-13,1.947006962873282280e-13,2.982559225179270923e-13,3.469561009866145646e-13,3.114358296423453489e-13
1.706380852049581832e-13,2.390347195527910428e-13,1.845009972969482851e-13,1.699128214079213834e-13,2.067101213701393244e-13,1.918305992995088277e-13,2.071446092921961097e-13,3.540999862667006351e-13,2.141000547817938923e-13,1.682981362126611300e-13,1.360644207577964107e-13,1.718369573000434489e-13,1.534683526891387341e-13,1.935710015460762186e-13,1.911381233850833948e-13,2.461601932857838007e-13,4.420545074816748561e-13,1.853873165473308652e-13,2.055788206253339057e-13,1.711179575995605311e-13,1.898496735324614927e-13,5.717247640643772971e-13,1.077655807542919524e-12,1.607384425036602432e-13,2.332948829185290146e-13,2.051137067743348060e-13,2.406202625320754516e-13,3.883297741979717503e-13,2.194770764717042742e-13,2.043136542506134364e-13,2.340859237664632113e-13,2.192247934081899165e-13,2.704998970930599854e-13,4.053760586785170368e-13,2.589408188748481040e-13,1.736305841774613255e-13,1.817558204216952983e-13,7.012940007876880096e-13,8.139053759964277721e-14,1.009780321937586683e-13,4.165003594305321705e-13,2.665121223843982134e-13,1.682628313390024433e-13,2.913230132769961715e-13,1.070168824980977069e-13,1.965948306149355536e-13,2.431008278978621992e-13,2.212625763573255143e-13,1.499874432735005368e-13,5.562905705694309836e-13,2.749936672173329969e-12,3.062673466553568193e-12,3.151875938134962269e-13,1.223068599958877610e-12,7.610291142949430866e-13,6.089658212053105478e-13,1.279132613981993342e-13,3.284996338072111457e-13,1.213069519741136579e-13,2.325974136640209972e-13,1.231239304287974960e-13,5.301801942140283504e-12,1.459924998029057369e-13,8.144142309299345983e-13,3.279650536145436385e-13,1.658498468567262530e-13,1.439537405907124407e-13,1.599477096429256689e-13,2.534396288629447335e-13,1.976565337460974748e-13,2.124272211498035740e-13,2.007373513001606046e-13,2.639161506076511484e-13,1.854076027234420256e-13,1.999359531607784299e-13,3.061037943589479579e-13,3.574132424025533200e-13,3.226688670562796701e-13
1.720730302936762443e-13,2.405951956719859167e-13,1.870123540523713225e-13,1.741253697210790790e-13,2.085947521403814715e-13,1.932660632285516356e-13,2.064432231166368925e-13,3.460745291384740127e-13,2.115610255050411665e-13,1.688074335755689119e-13,1.375303139399141457e-13,1.742725535690796497e-13,1.572144947928589329e-13,1.953475303200138824e-13,1.924465543239946450e-13,2.450545612815680663e-13,4.284292356295963919e-13,1.850471871719605822e-13,2.044413061438143563e-13,1.722769774377719669e-13,1.907940991751532867e-13,5.531656459394908027e-13,1.103239297051418228e-12,1.616038322929818848e-13,2.301238146323718693e-13,2.046528198833821886e-13,2.382674321991173392e-13,3.781731157370416486e-13,2.178375799215905735e-13,2.040701103215649493e-13,2.303183217459837681e-13,2.163580203398039448e-13,2.766776932330271320e-13,4.147092380106773198e-13,2.647178353677538265e-13,1.719248020706082459e-13,1.801073750880812312e-13,6.709461046248728822e-13,8.336404487546633586e-14,1.045356139031517323e-13,4.039796913096371420e-13,2.611931097765185366e-13,1.678896198107100841e-13,2.845365521036959372e-13,1.093906344335681275e-13,2.064866315101056266e-13,2.559222548081739818e-13,2.169292943266169440e-13,1.494697543353424733e-13,5.343822225784118567e-13,2.536263866626238365e-12,2.813155218892495156e-12,3.074008159360728704e-13,1.156871718960717475e-12,7.272564262662994465e-13,5.851518396311028495e-13,1.309539204741008738e-13,3.454494735104529035e-13,1.210612335336740101e-13,2.273621430424881258e-13,1.258788924244921745e-13,4.752897454243669404e-12,1.492639017981371121e-13,7.767927115688667716e-13,3.355334385409997835e-13,1.738414985974462575e-13,1.471499163253046026e-13,1.646294181870726385e-13,2.592314309109832928e-13,2.058534194826955545e-13,2.214399187321328857e-13,2.103996449210688237e-13,2.713711738369777535e-13,1.939086431309168587e-13,2.053480058477838196e-13,3.139814212313621562e-13,3.677783609279700422e-13,3.336596479523869071e-13
1.738182307172566583e-13,2.426654315062412102e-13,1.898143534414890410e-13,1.784020444253242022e-13,2.108732149358511410e-13,1.950717510300806823e-13,2.062158543758419165e-13,3.391455926160140439e-13,2.095402326104756927e-13,1.696534098341497001e-13,1.392129390259469370e-13,1.769655148141561424e-13,1.610178773612222376e-13,1.974838746027035947e-13,1.941284641282319535e-13,2.445531884682965197e-13,4.164116145838016141e-13,1.851104862303990141e-13,2.037794906597276259e-13,1.737590239706178548e-13,1.921218519286605069e-13,5.369526330465932284e-13,1.129522066627726775e-12,1.627748819754954702e-13,2.275397241856094865e-13,2.046557897458564021e-13,2.365170351216782185e-13,3.692988886067440474e-13,2.167234972523878346e-13,2.042839510037637533e-13,2.271471597007298034e-13,2.140295213599922963e-13,2.830131924885269967e-13,4.242841548634599670e-13,2.706361753426037898e-13,1.706057655753846085e-13,1.788690608411271350e-13,6.441883345871951040e-13,8.538805864216653901e-14,1.082423143916631802e-13,3.929274864935378715e-13,2.566002232536719476e-13,1.678719945744841072e-13,2.785914140292214150e-13,1.118218354729822693e-13,2.167261589303039169e-13,2.691884572453423361e-13,2.131596031044153455e-13,1.492602925129244137e-13,5.149563447734625027e-13,2.358373821610329731e-12,2.607018106134072990e-12,3.005636582450380382e-13,1.099392217113132041e-12,6.975564049306811066e-13,5.641269104271223166e-13,1.340779935824547519e-13,3.625021817180121336e-13,1.210478791562927411e-13,2.227425201517952344e-13,1.287016100717064691e-13,4.318315932507465987e-12,1.526159754366862440e-13,7.437501244233464728e-13,3.432986569744072515e-13,1.821792122313653079e-13,1.504235859937131217e-13,1.694731190439343361e-13,2.651712846319880166e-13,2.140015536711759735e-13,2.304036606843551168e-13,2.202284097225125424e-13,2.787827446221932108e-13,2.028437507220480124e-13,2.109003321477989656e-13,3.219181013004224543e-13,3.781067582457600674e-13,3.444510633572103575e-13
1.758508755995310600e-13,2.452061241641987225e-13,1.928850923449890931e-13,1.827491807169482694e-13,2.135155915347503045e-13,1.972200652147169816e-13,2.064263039882451081e-13,3.331884059891842638e-13,2.079924704813599228e-13,1.708119631145863883e-13,1.410966174513625280e-13,1.798966506715330858e-13,1.648838380872834867e-13,1.999529586874226383e-13,1.961561114691895954e-13,2.446079401559155151e-13,4.057901990305973789e-13,1.855474231960651734e-13,2.035562560584156529e-13,1.755405583252988130e-13,1.938047078384367203e-13,5.227617630801923714e-13,1.156527715294538432e-12,1.642297175562750160e-13,2.254890101041605330e-13,2.050875670028878141e-13,2.353176519875604280e-13,3.615510514881831539e-13,2.160922450479069897e-13,2.049208601608269240e-13,2.245150747577797879e-13,2.121910193008539314e-13,2.895111930767344832e-13,4.341083332381448602e-13,2.766998700653782756e-13,1.696420181864313335e-13,1.780077597921284268e-13,6.204597945128399012e-13,8.746595764703587632e-14,1.121049520896677759e-13,3.831536340408677181e-13,2.526570029717817981e-13,1.681841344179041983e-13,2.733925475688044691e-13,1.143120920730746182e-13,2.272920740542453086e-13,2.828636834426132365e-13,2.098955609628148937e-13,1.493369299842923861e-13,4.976475949579406023e-13,2.208061318662487218e-12,2.433956188986879447e-12,2.945654104664521980e-13,1.049067070451777310e-12,6.712803969694349758e-13,5.454763373309810306e-13,1.372883087606269957e-13,3.795840136139244866e-13,1.212510520385231206e-13,2.186713189664265467e-13,1.315940274382010357e-13,3.965863882010108145e-12,1.560510454549165040e-13,7.145420911903955161e-13,3.512668703559263131e-13,1.908610270300305132e-13,1.537769233945603882e-13,1.744867007783136558e-13,2.712637015490834207e-13,2.220882189483818796e-13,2.393022823910050856e-13,2.301894546085187816e-13,2.861934049154654149e-13,2.122296477014908513e-13,2.166292740536282777e-13,3.299749745610834476e-13,3.884706996222182333e-13,3.551027118927919985e-13
1.781508109308170398e-13,2.481827771389786439e-13,1.962055548053929653e-13,1.871725029477204426e-13,2.164955747787396942e-13,1.996866609176160315e-13,2.070433729643782087e-13,3.280999381711271635e-13,2.068796454345513175e-13,1.722618587581283195e-13,1.431675164074871762e-13,1.830493379125572734e-13,1.688172096037673262e-13,2.027309438878667592e-13,1.985050186351526378e-13,2.451776070545684540e-13,3.963917855841235968e-13,1.863321456541583603e-13,2.037398263298087512e-13,1.776007654347273638e-13,1.958177825918347790e-13,5.103308539947286095e-13,1.184280834100829669e-12,1.659489856633867489e-13,2.239266911141451006e-13,2.059178270809133381e-13,2.346258872170951729e-13,3.548011628849842432e-13,2.159076146952091801e-13,2.059510459354159672e-13,2.223740260806208881e-13,2.108019203753319187e-13,2.961766738198125438e-13,4.441895876336875258e-13,2.829130914901575327e-13,1.690068560967327893e-13,1.774953351753108072e-13,5.993123613457146397e-13,8.960000193375757420e-14,1.161305600087288467e-13,3.745020166183254951e-13,2.492996901970667950e-13,1.688036277386636610e-13,2.688608929370547683e-13,1.168630651541036281e-13,2.381592218775872842e-13,2.969069341441412232e-13,2.070885833559819153e-13,1.496805121091823207e-13,4.821604008998055618e-13,2.079455749036817725e-12,2.286693470023679224e-12,2.893142322170528203e-13,1.004687933317017369e-12,6.479125417131407127e-13,5.288659637992531930e-13,1.405878173274578205e-13,3.966350578270230568e-13,1.216569465091632820e-13,2.150922077947516217e-13,1.345581567413781309e-13,3.674408871681491987e-12,1.595715184927203378e-13,6.885790954345674156e-13,3.594444800776636286e-13,1.998820193666275095e-13,1.572121762444341991e-13,1.796780351626783702e-13,2.775133643230366183e-13,2.301070812197116260e-13,2.481269743311222329e-13,2.402498703243521361e-13,2.936403106850871049e-13,2.220819899022962135e-13,2.225445555119670651e-13,3.381949716795983089e-13,3.989311279742466792e-13,3.656732780910013521e-13
1.807001427039486390e-13,2.515648890049951303e-13,1.997592037863286717e-13,1.916771525071652695e-13,2.197899191373438503e-13,2.024499345002466489e-13,2.080398674007469642e-13,3.237944871231355659e-13,2.061694050635705454e-13,1.739842225356541156e-13,1.454133999938367644e-13,1.864091594413810723e-13,1.728223433850627010e-13,2.057967433657274808e-13,2.011534482054932336e-13,2.462264846814586454e-13,3.880732717163787793e-13,1.874419746753031208e-13,2.043027058615655921e-13,1.799211247718194693e-13,1.981389634816319631e-13,4.994456736568289123e-13,1.212807066030855462e-12,1.679154415134578623e-13,2.228147369554310612e-13,2.071200361646773000e-13,2.344047629035557063e-13,3.489426824553419597e-13,2.161385004648632544e-13,2.073483543706520907e-13,2.206835146591775096e-13,2.098278389402245302e-13,3.030148031176650166e-13,4.545360381807930040e-13,2.892801584465587746e-13,1.686774349604010080e-13,1.773076815182434576e-13,5.803837548349802785e-13,9.179224815382702311e-14,1.203263770739620010e-13,3.668433606864040859e-13,2.464747763265866551e-13,1.697108183398872035e-13,2.649302510591436910e-13,1.194764724612366879e-13,2.492992332107491648e-13,3.112732328779946338e-13,2.046976928829339820e-13,1.502742945239819330e-13,4.682531187174129330e-13,1.968245675779427236e-12,2.159946296457476429e-12,2.847334019453883287e-13,9.653059527142483206e-13,6.270375096599229255e-13,5.140236198048779631e-13,1.439795998368957046e-13,4.136112323764103673e-13,1.222534156663288008e-13,2.119576961199761747e-13,1.375960814140359123e-13,3.429503464847417669e-12,1.631798868193224979e-13,6.653882520230588630e-13,3.678381398819706893e-13,2.092341556049522841e-13,1.607316694299232953e-13,1.850551402581728057e-13,2.839251353509112624e-13,2.380575789294016547e-13,2.568756715977798261e-13,2.503792286657194928e-13,3.011554844724383012e-13,2.324150037591193400e-13,2.286546708356966449e-13,3.466090354472270350e-13,4.095390285209812488e-13,3.762181733063492539e-13
1.834829086681262089e-13,2.553252998173792776e-13,2.035316175516624445e-13,1.962676983419090061e-13,2.233779824064906345e-13,2.054906060044989258e-13,2.093918119216545569e-13,3.202002818106226190e-13,2.058340471190148031e-13,1.759621394418311372e-13,1.478234156601029955e-13,1.899635808633233334e-13,1.769031198034296224e-13,2.091316167890050462e-13,2.040819788690710801e-13,2.477232555636038114e-13,3.807155106367533064e-13,1.888567998879515961e-13,2.052208363911574083e-13,1.824850624408137127e-13,2.007484565673251887e-13,4.899296599613058795e-13,1.242133166290539291e-12,1.701136189804964606e-13,2.221207456112186711e-13,2.086707144507905315e-13,2.346224457170638310e-13,3.438866202343080865e-13,2.167578892191074644e-13,2.090895713051235761e-13,2.194091769589503913e-13,2.092394252080873162e-13,3.100309478605023800e-13,4.651561251876090399e-13,2.958060555963831997e-13,1.686340531054712639e-13,1.774239639385706147e-13,5.633779776712909420e-13,9.404471528991598704e-14,1.246998346025967150e-13,3.600698196885666575e-13,2.441370854582401074e-13,1.708882857250874120e-13,2.615448551474715306e-13,1.221540909210640952e-13,2.606812961246232864e-13,3.259151442170247525e-13,2.026881417056604326e-13,1.511034928467880694e-13,4.557263247591725209e-13,1.871193292428172560e-12,2.049784939383449258e-12,2.807584221869303997e-13,9.301656873945548670e-13,6.083172165146443458e-13,5.007254771797802928e-13,1.474668730858448817e-13,4.304847799942498953e-13,1.230296726905080402e-13,2.092275274623043279e-13,1.407099591819771112e-13,3.220934803145147114e-12,1.668787320313549545e-13,6.445858734221875396e-13,3.764547683044374290e-13,2.189062272041808325e-13,1.643378081905784704e-13,1.906262609303559534e-13,2.905040651973418157e-13,2.459440527211531758e-13,2.655521073840739282e-13,2.605505717213222847e-13,3.087662372618276759e-13,2.432410807680417820e-13,2.349679859462973324e-13,3.552403347104450635e-13,4.203368757704848311e-13,3.867881035376337033e-13
1.864847973889185414e-13,2.594396453528045575e-13,2.075101559760300270e-13,2.009481292848864448e-13,2.272413282431329514e-13,2.087913663863061000e-13,2.110778238111535486e-13,3.172568339927045186e-13,2.058496430430396413e-13,1.781803309720373687e-13,1.503879050096062515e-13,1.937016528154651350e-13,1.810629437418076816e-13,2.127188186640485946e-13,2.072731504346862242e-13,2.496401023499875982e-13,3.742186157526821770e-13,1.905585977152762041e-13,2.064729233542697462e-13,1.852776606456327811e-13,2.036284163613763417e-13,4.816361745985360573e-13,1.272287067781487571e-12,1.725295598998518754e-13,2.218168839303224416e-13,2.105488501634201616e-13,2.352512283840105601e-13,3.395581739457033548e-13,2.177420522307419393e-13,2.111538678211496568e-13,2.185216626871765861e-13,2.090114248990328215e-13,3.172306843337996438e-13,4.760586286474334301e-13,3.024948591543486978e-13,1.688595718500391835e-13,1.778260039702633498e-13,5.480508804809512176e-13,9.635943936581238302e-14,1.292585379528799318e-13,3.540908175619170398e-13,2.422482581910618092e-13,1.723204299169591269e-13,2.586574680427524815e-13,1.248977594924011041e-13,2.722730509116416436e-13,3.407844228102770394e-13,2.010303167533059434e-13,1.521549208410149717e-13,4.444140333806789498e-13,1.785819740438263886e-12,1.953225874114902800e-12,2.773347624284491935e-13,8.986582528425325944e-13,5.914737330967005450e-13,4.887858620627506469e-13,1.510529981569175612e-13,4.472433826529731950e-13,1.239760503435479242e-13,2.068674086528807411e-13,1.439020257366053255e-13,3.041278534230279546e-12,1.706707296137013792e-13,6.258574478092315984e-13,3.853015634311174694e-13,2.288838816838794039e-13,1.680330821846781489e-13,1.963999145422562251e-13,2.972554034309630818e-13,2.537747285031772837e-13,2.741646643436442019e-13,2.707411183876166923e-13,3.164956280084793272e-13,2.545703354982903559e-13,2.414929922449052183e-13,3.641070331159609862e-13,4.313599351081190639e-13,3.974282993945991940e-13
1.896928959307126742e-13,2.638858764148399728e-13,2.116836424979543488e-13,2.057218242370921886e-13,2.313633632693977836e-13,2.123365642730078407e-13,2.130786067029936081e-13,3.149128413131987621e-13,2.061953242266089446e-13,1.806248872277449781e-13,1.530982292400817850e-13,1.976137272887955603e-13,1.853047226862541824e-13,2.165432776245512646e-13,2.107111517955638186e-13,2.519519928315993914e-13,3.684983235336310559e-13,1.925310408402304198e-13,2.080398900712892436e-13,1.882854035587462405e-13,2.067626298992854725e-13,4.744425710041320092e-13,1.303297945608120422e-12,1.751505830233329083e-13,2.218790283000484662e-13,2.127354258653714210e-13,2.362667045653607322e-13,3.358940951760672883e-13,2.190698896962179722e-13,2.135223504332869655e-13,2.179957260629586275e-13,2.091219141129910014e-13,3.246198072567228033e-13,4.872526821038023600e-13,3.093513795744231666e-13,1.693389410913980515e-13,1.784977783595367295e-13,5.341993401308559222e-13,9.873849733755883510e-14,1.340102415826039216e-13,3.488298220586682628e-13,2.407755401144234339e-13,1.739931346955939208e-13,2.562278701539126969e-13,1.277093815585936158e-13,2.840415392516455698e-13,3.558336422503643550e-13,1.996988580968450969e-13,1.534166960856461167e-13,4.341770244809655449e-13,1.710195003849675210e-12,1.867963155373259691e-12,2.744160737219220562e-13,8.702874631079325842e-13,5.762765399280651610e-13,4.780495444837018391e-13,1.547414880383966897e-13,4.638881480292822751e-13,1.250838051843054971e-13,2.048479949433806324e-13,1.471745978980144068e-13,2.885007716874936383e-12,1.745586526636726738e-13,6.089427691957475697e-13,3.943860157852168884e-13,2.391497525220891396e-13,1.718200686058672197e-13,2.023849173669463458e-13,3.041846069610983099e-13,2.615606463771043363e-13,2.827251372921785129e-13,2.809326407671974214e-13,3.243628661490132448e-13,2.664101293055533880e-13,2.482383824753839004e-13,3.732240357112071905e-13,4.426372786583600046e-13,4.081781488487052705e-13
1.930954564684165333e-13,2.686438190461907768e-13,2.160420555514190448e-13,2.105915011608452706e-13,2.357289951591795914e-13,2.161119185062580574e-13,2.153765379312816494e-13,3.131245133045595275e-13,2.068526977317778800e-13,1.832830391204711943e-13,1.559466046673201715e-13,2.016911829356440379e-13,1.896308281726277553e-13,2.205912949594334880e-13,2.143815375329529493e-13,2.546360973787647889e-13,3.634831475812158293e-13,1.947591788093765437e-13,2.099044335145310015e-13,1.914959480165572330e-13,2.101362383552272054e-13,4.682456068893268424e-13,1.335196288379289844e-12,1.779650806929561443e-13,2.222860617921607935e-13,2.152130305844534092e-13,2.376470957363761352e-13,3.328406051592793313e-13,2.207223969849384455e-13,2.161776914332255078e-13,2.178094850319010235e-13,2.095516733214071977e-13,3.322043409992682480e-13,4.987477918816964753e-13,3.163805913208880546e-13,1.700588094123972108e-13,1.794250077874471608e-13,5.216530473917198424e-13,1.011840201091105322e-13,1.389628179089591211e-13,3.442218116396523505e-13,2.396908010675894887e-13,1.758934926611606806e-13,2.542216497633357149e-13,1.305909278487832520e-13,2.959541371962204762e-13,3.710176587351747160e-13,1.986719441830873248e-13,1.548779998524943693e-13,4.248977091267879857e-13,1.642793965394864336e-12,1.792186363792853591e-12,2.719627668919990323e-13,8.446449519188020959e-13,5.625328980482133084e-13,4.683858275027421775e-13,1.585360163461317274e-13,4.804308124913330497e-13,1.263449576662732380e-13,2.031440713281983838e-13,1.505300774193843529e-13,2.747922903044854991e-12,1.785453765396473063e-13,5.936247580951949510e-13,4.037159237990552131e-13,2.496836902125848438e-13,1.757014362356707616e-13,2.085904007752433752e-13,3.112973508146010264e-13,2.693146131626613635e-13,2.912475046621056152e-13,2.911115065157162416e-13,3.323836048748822119e-13,2.787645726366526300e-13,2.552130728102407092e-13,3.826040085450248232e-13,4.541924507839449836e-13,4.190710335390366942e-13
1.966816711118178242e-13,2.736947507537034407e-13,2.205762195419207197e-13,2.155591409290669797e-13,2.403242963905137785e-13,2.201042419172570207e-13,2.179553242140654679e-13,3.118542152548641803e-13,2.078053622313079160e-13,1.861429562957616495e-13,1.589259426837002651e-13,2.059261508698829140e-13,1.940430375669414345e-13,2.248502491974606648e-13,2.182709579830544394e-13,2.576713029916691245e-13,3.591121270786657886e-13,1.972291699005420773e-13,2.120506565441453706e-13,1.948979069161070908e-13,2.137354796171901748e-13,4.629578460588695464e-13,1.368013973102226962e-12,1.809623317480136209e-13,2.230192926574860488e-13,2.179655339153489776e-13,2.393726951563538163e-13,3.303517251523747944e-13,2.226822234984168614e-13,2.191038153249861021e-13,2.179438094500254998e-13,2.102836687843579707e-13,3.399905509867860434e-13,5.105538562070420280e-13,3.235876551154433305e-13,1.710072003535091397e-13,1.805948160675089060e-13,5.102681936794157787e-13,1.036982005606125960e-13,1.441242185616227499e-13,3.402112665542490101e-13,2.389697330701497344e-13,1.780095758116404040e-13,2.526092228539691901e-13,1.335444394005136877e-13,3.079793915985075886e-13,3.862947656809015235e-13,1.979307053779835623e-13,1.565288781541080325e-13,4.164761362452724786e-13,1.582395522216519512e-12,1.724454287323596908e-12,2.699408658105792162e-13,8.213916102348791034e-13,5.500804779719463311e-13,4.596839646398182811e-13,1.624404263795451134e-13,4.968904753244524952e-13,1.277521595865460602e-13,2.017338863705733393e-13,1.539709548652458817e-13,2.626776069725142740e-12,1.826338835636981058e-13,5.797209360921874827e-13,4.132994096988767813e-13,2.604630827363400061e-13,1.796799494944980018e-13,2.150258191968164240e-13,3.185995389430892913e-13,2.770502219059410611e-13,2.997467655685819413e-13,3.012684051443189000e-13,3.405700746515332787e-13,2.916340146627630038e-13,2.624261908809645840e-13,3.922578212352475297e-13,4.660437071121603158e-13,4.301341855030251493e-13
2.004414477038414657e-13,2.790209753441466298e-13,2.252774875624394023e-13,2.206258831095354246e-13,2.451361629388311387e-13,2.243011663766445731e-13,2.207997071100437352e-13,3.110693566988917316e-13,2.090385033438348418e-13,1.891935605320185380e-13,1.620296903058629663e-13,2.103112342014210610e-13,1.985424540126905936e-13,2.293082975837361498e-13,2.223668924571821488e-13,2.610377970292929202e-13,3.553330275198207422e-13,1.999280497170044907e-13,2.144637582323551244e-13,1.984806371060040827e-13,2.175474402228880907e-13,4.585048036860982191e-13,1.401784344917744759e-12,1.841323226093168372e-13,2.240619684737954694e-13,2.209778039748379877e-13,2.414254030548970329e-13,3.283879239332209401e-13,2.249333030642548529e-13,2.222856237766828282e-13,2.183818107979898199e-13,2.113026190424497616e-13,3.479849558356904858e-13,5.226811856589841663e-13,3.309778521112406233e-13,1.721732415433888014e-13,1.819954452992420659e-13,4.999225643076659234e-13,1.062832991936621923e-13,1.495024272483636473e-13,3.367505588334218447e-13,2.385911871972894330e-13,1.803302396314247548e-13,2.513650312023079967e-13,1.365720306957565304e-13,3.200876881445445255e-13,4.016274269348900626e-13,1.974587382573084148e-13,1.583600743483660427e-13,4.088268546135334103e-13,1.528010442428712785e-12,1.663605380456931678e-12,2.683210735993493933e-13,8.002435447006543402e-13,5.387816527984020911e-13,4.518495691627331279e-13,1.664587406579099740e-13,5.132901204164809507e-13,1.292985824884162544e-13,2.005986051229312528e-13,1.574998137240059491e-13,2.519015569867459989e-12,1.868272680127920015e-13,5.670768493904311409e-13,4.231449364152368140e-13,2.714632464521956900e-13,1.837584727401623016e-13,2.217009511898572024e-13,3.260973157678328057e-13,2.847809592243838327e-13,3.082378715536310329e-13,3.113978005041092383e-13,3.489310142978855305e-13,3.050145333590756156e-13,2.698870365808804438e-13,4.021944501419827146e-13,4.782037444789150114e-13,4.413884159606315573e-13
2.043651800761395429e-13,2.846053809146738796e-13,2.301374070759313436e-13,2.257918894261076958e-13,2.501519577623012527e-13,2.286908602735710848e-13,2.238952024996686657e-13,3.107414684830195676e-13,2.105385516459254375e-13,1.924243460906541429e-13,1.652516675739514018e-13,2.148392135742102176e-13,2.031294013431848258e-13,2.339540658237697766e-13,2.266573765856655159e-13,2.647166979613582690e-13,3.521008884645804333e-13,2.028435241805539980e-13,2.171297667212728770e-13,2.022340246775170332e-13,2.215598068754258957e-13,4.548226533006342048e-13,1.436542301373773696e-12,1.874655697874451124e-13,2.253988657773251082e-13,2.242354540485345950e-13,2.437883319416019137e-13,3.269150092583287911e-13,2.274605381820057999e-13,2.257087442674654265e-13,2.191084119069298325e-13,2.125946286425571267e-13,3.561943400450214870e-13,5.351405244233492718e-13,3.385567104320200382e-13,1.735469358346952439e-13,1.836160151372498027e-13,4.905116850380583259e-13,1.089416483689879284e-13,1.551054031499081172e-13,3.337986489919714518e-13,2.385366191581467655e-13,1.828449504932360119e-13,2.504668792051500106e-13,1.396758929200433231e-13,3.322516908606248910e-13,4.169825123825059640e-13,1.972416991794407174e-13,1.603628850989846656e-13,4.018764236804173645e-13,1.478828842763505946e-12,1.608693090983776415e-12,2.670780040478286895e-13,7.809613225982240349e-13,5.285190322239986078e-13,4.448017728836690028e-13,1.705951707229428285e-13,5.296530822977052589e-13,1.309778215688219721e-13,1.997218557285191112e-13,1.611193346951303511e-13,2.422608984628622374e-12,1.911287413086197362e-13,5.555609392878243164e-13,4.332613253678595687e-13,2.826578589058617746e-13,1.879399747121998034e-13,2.286258934744695495e-13,3.337970781814456670e-13,2.925193990849186303e-13,3.167347540899322579e-13,3.214971615407416770e-13,3.574713491638836379e-13,3.188974391916771674e-13,2.776050109125317706e-13,4.124202453820199905e-13,4.906787945056504879e-13,4.528475778138413001e-13
2.084435071157596952e-13,2.904309677192779856e-13,2.351473593802838313e-13,2.310561701134113868e-13,2.553591298081809125e-13,2.332617308838523665e-13,2.272278614439141268e-13,3.108454269038347556e-13,2.122928902008635950e-13,1.958252002748053539e-13,1.685858983785311673e-13,2.195027306919331740e-13,2.078032903739104603e-13,2.387763182845206840e-13,2.311307162635005884e-13,2.686897147542081037e-13,3.493768401015767948e-13,2.059637770729071642e-13,2.200353020663775986e-13,2.061482618561425755e-13,2.257606097110979501e-13,4.518563649262572291e-13,1.472324379061712911e-12,1.909529384075296057e-13,2.270159395362945594e-13,2.277246056855584824e-13,2.464454651094077146e-13,3.259032087100832940e-13,2.302495239235487136e-13,2.293592906419641078e-13,2.201099804501572901e-13,2.141468753884183124e-13,3.646257676251983625e-13,5.479430733079018338e-13,3.463299668796803969e-13,1.751189658584542328e-13,1.854463166630183444e-13,4.819457676560554193e-13,1.116756557147441700e-13,1.609410138690381346e-13,3.313200239039298094e-13,2.387896206107735016e-13,1.855436281922435731e-13,2.498953798785732528e-13,1.428582974311036561e-13,3.444465111937055297e-13,4.323310006738195986e-13,1.972669609350036545e-13,1.625290330597017065e-13,3.955614217382644756e-13,1.434181330408524688e-12,1.558938345584854087e-12,2.661895426834423239e-13,7.633416392413020201e-13,5.191919341273659726e-13,4.384709573854643194e-13,1.748541269892701816e-13,5.459995095419888183e-13,1.327838106797304418e-13,1.990893502445798399e-13,1.648323002554004256e-13,2.335917445595233096e-12,1.955416375619047844e-13,5.450605025171808697e-13,4.436577755615583753e-13,2.940193983887863112e-13,1.922275332849671677e-13,2.358110472224658197e-13,3.417054885532917106e-13,3.002764662182923542e-13,3.252494292790575364e-13,3.315660250817379020e-13,3.661915499496629132e-13,3.332688056772091016e-13,2.855895039993907078e-13,4.229372850240140277e-13,5.034668828909963729e-13,4.645176205555072395e-13
2.126670548497632182e-13,2.964803326811003656e-13,2.402981621688945505e-13,2.364163670517723938e-13,2.607447987123248525e-13,2.380021041862116345e-13,2.307840415851052272e-13,3.113587920468742043e-13,2.142896008889312407e-13,1.993862184478525508e-13,1.720264309508847301e-13,2.242939403480485808e-13,2.125624519664242551e-13,2.437636004159185910e-13,2.357751809013234558e-13,2.729388191205136752e-13,3.471271292302201435e-13,2.092772836984557628e-13,2.231673582558504176e-13,2.102136099551532336e-13,2.301379499962123517e-13,4.495581704583746529e-13,1.509168867762559681e-12,1.945854519152386429e-13,2.289000196520248825e-13,2.314316577687329894e-13,2.493813539098233179e-13,3.253263982164408070e-13,2.332862992913170424e-13,2.332236255209987417e-13,2.213740132017171336e-13,2.159473398336919683e-13,3.732865968050003175e-13,5.611005146895010323e-13,3.543035765510422657e-13,1.768805247269345226e-13,1.874766327542943839e-13,4.741472672697742209e-13,1.144878069470167918e-13,1.670169567705925496e-13,3.292838197325782537e-13,2.393355183251750079e-13,1.884164965941679574e-13,2.496334868983452654e-13,1.461215994233592907e-13,3.566495824452506008e-13,4.476471481258991202e-13,1.975233195627229735e-13,1.648505505555482761e-13,3.898268393430056182e-13,1.393509833250875070e-12,1.513694112552375049e-12,2.656363097819074878e-13,7.472107957573612155e-13,5.107135718618601207e-13,4.327969268500057732e-13,1.792402276188341094e-13,5.623427796997577061e-13,1.347107445785596815e-13,1.986885635901709478e-13,1.686415994961828793e-13,2.257604789637482696e-12,2.000694194599582978e-13,5.354784801966559578e-13,4.543438842405251725e-13,3.055195498657497957e-13,1.966243404970531789e-13,2.432670952831927666e-13,3.498294885133556654e-13,3.080607391572262908e-13,3.337911443369662200e-13,3.416049362783399636e-13,3.750865783397427451e-13,3.481090376335590412e-13,2.938497237274034765e-13,4.337402560318376507e-13,5.165549437190967277e-13,4.763950710871952366e-13
2.170261566449108249e-13,3.027350999068084702e-13,2.455796248280781386e-13,2.418684879890644723e-13,2.662952961703879223e-13,2.428998755281435459e-13,2.345501801822794142e-13,3.122612366718908608e-13,2.165172406968672659e-13,2.030975089975112898e-13,1.755671445697707173e-13,2.292041214545316640e-13,2.174039325100875956e-13,2.489038458281191049e-13,2.405786696654534761e-13,2.774459176980512929e-13,3.453223094459422557e-13,2.127726240351103872e-13,2.265130955142776754e-13,2.144201435359590308e-13,2.346797066403900688e-13,4.478862859426635676e-13,1.547115905876151759e-12,1.983540888285879698e-13,2.310385443104148251e-13,2.353430532867737181e-13,2.525808419609492976e-13,3.251614453379234609e-13,2.365571156524724582e-13,2.372881162826018362e-13,2.228888607405854458e-13,2.179845678799904331e-13,3.821844956275237524e-13,5.746250389817316091e-13,3.624837231540083465e-13,1.788231669869960442e-13,1.896975783470317604e-13,4.670489128462331388e-13,1.173806682302161750e-13,1.733406675513901790e-13,3.276630914839482115e-13,2.401610274850434658e-13,1.914539367985405494e-13,2.496660948524617687e-13,1.494682417868703511e-13,3.688402349938180425e-13,4.629071477557786875e-13,1.980007415279170027e-13,1.673196696066167601e-13,3.846247742157951773e-13,1.356345416116269402e-12,1.472418604044954696e-12,2.654012037657550323e-13,7.324195434386833895e-13,5.030087925261582177e-13,4.277274249994001768e-13,1.837583030454102672e-13,5.786857296621088668e-13,1.367530054621881324e-13,1.985084617287070401e-13,1.725502332543341924e-13,2.186570794291748266e-12,2.047156844976028614e-13,5.267308833536883410e-13,4.653296693547239658e-13,3.171295355544288086e-13,2.011337078448727735e-13,2.510049684824227041e-13,3.581763130398980054e-13,3.158777568434675364e-13,3.423655214798651757e-13,3.516142994392834357e-13,3.841442922927746069e-13,3.633924846683296854e-13,3.023946519459207273e-13,4.448108567181901735e-13,5.299143335495176611e-13,4.884647399206948167e-13
2.215105477762523997e-13,3.091752863952092204e-13,2.509800458445946149e-13,2.474065869022086297e-13,2.719956570843426808e-13,2.479421260756525284e-13,2.385125641203864631e-13,3.135340486624324839e-13,2.189646417731140291e-13,2.069489854337386382e-13,1.792015398484444813e-13,2.342232386010347855e-13,2.223232474503939447e-13,2.541839422245627170e-13,2.455283465658541907e-13,2.821925174241785888e-13,3.439365630913302167e-13,2.164382910607068433e-13,2.300596371494189288e-13,2.187574730750646092e-13,2.393732178234874955e-13,4.468038362653322326e-13,1.586207637608321697e-12,2.022495641357294881e-13,2.334193228427574346e-13,2.394450386456327462e-13,2.560288082456636887e-13,3.253876481429976460e-13,2.400482163672137064e-13,2.415388807120144919e-13,2.246434859428980633e-13,2.202474602350556328e-13,3.913274629624245161e-13,5.885293805854948388e-13,3.708768712289457313e-13,1.809386755606114385e-13,1.920999556651567854e-13,4.605921099063894944e-13,1.203568884138333602e-13,1.799192156448480497e-13,3.264342000147441053e-13,2.412539491102047485e-13,1.946463390945656086e-13,2.499796953428329381e-13,1.529007595193729243e-13,3.809989841407160474e-13,4.780873190912789512e-13,1.986901447016285995e-13,1.699287150784802240e-13,3.799133663396407999e-13,1.322291218516405194e-12,1.434654782851861393e-12,2.654690109785538495e-13,7.188389799537112591e-13,4.960122539274552753e-13,4.232169232536748398e-13,1.884133843956011965e-13,5.950165142594551977e-13,1.389050915925655966e-13,1.985392676181037628e-13,1.765613200425783158e-13,2.121901373016341386e-12,2.094841724113451583e-13,5.187447200312199363e-13,4.766255986820476817e-13,3.288203331046191026e-13,2.057590725943233017e-13,2.590357995799248014e-13,3.667535062722595917e-13,3.237292902053570675e-13,3.509736511472661423e-13,3.615931621446169607e-13,3.933431392693678169e-13,3.790871038715082856e-13,3.112321133520946679e-13,4.561079336266946549e-13,5.434940763083029348e-13,5.006963867593421684e-13
2.261090315985788569e-13,3.157786030477450414e-13,2.564856460420827021e-13,2.530223876279103058e-13,2.778290549524112031e-13,2.531147036755469675e-13,2.426570917376446958e-13,3.151596950827370724e-13,2.216207307005309770e-13,2.109301438881133867e-13,1.829225096173979747e-13,2.393394457774632517e-13,2.273140920138467562e-13,2.595892509352129843e-13,2.506102407125235414e-13,2.871593768243603745e-13,3.429471308170214644e-13,2.202624915048825153e-13,2.337938664813521248e-13,2.232144429823914928e-13,2.442049348036982982e-13,4.462779525149853201e-13,1.626488610823898098e-12,2.062620943890941287e-13,2.360303228492067551e-13,2.437234118973173835e-13,2.597099226585447818e-13,3.259862511639386066e-13,2.437456212076179625e-13,2.459615177303764665e-13,2.266272508707096215e-13,2.227250838661779921e-13,4.007238623777716862e-13,6.028268749668037037e-13,3.794897013082627379e-13,1.832189412434190831e-13,1.946746208718011286e-13,4.547256405181820537e-13,1.234192014743660734e-13,1.867591867013767473e-13,3.255762964886338465e-13,2.426029053455939769e-13,1.979839512988522747e-13,2.505620804898665408e-13,1.564217852032373823e-13,3.931065529866193655e-13,4.931618799835694846e-13,1.995832078815255843e-13,1.726699987060563830e-13,3.756559365459761218e-13,1.291009233663992857e-12,1.400014581205763435e-12,2.658260708483591448e-13,7.063572774417417207e-13,4.896669589834008985e-13,4.192256308934533736e-13,1.932106158609799205e-13,6.113038372854971071e-13,1.411615464588105782e-13,1.987722608882208693e-13,1.806781038785175225e-13,2.062831138532567233e-12,2.143787753338677869e-13,5.114563273953694721e-13,4.882426390245264387e-13,3.405627507459512008e-13,2.105040062122558982e-13,2.673708621532481428e-13,3.755689223382555427e-13,3.316125380676764125e-13,3.596110824979060964e-13,3.715379408416229442e-13,4.026488951385180519e-13,3.951541725889607434e-13,3.203684797964929182e-13,4.675501837952285507e-13,5.572108359972473743e-13,5.130399898127735625e-13
2.308090832693712077e-13,3.225196085160496739e-13,2.620798810084448456e-13,2.587048018388415277e-13,2.837761263972785123e-13,2.584017209341213059e-13,2.469689887296164286e-13,3.171213566528675950e-13,2.244743332531548025e-13,2.150297986060863946e-13,1.867220693724756442e-13,2.445384879924685424e-13,2.323679713488471831e-13,2.651030363573100511e-13,2.558087717789061853e-13,2.923260898471657722e-13,3.423337601372409423e-13,2.242329084006049755e-13,2.377021864369575372e-13,2.277787738426016213e-13,2.491600088984525107e-13,4.462787964031922183e-13,1.668004322285441862e-12,2.103811191600931638e-13,2.388594449907797400e-13,2.481632226944677660e-13,2.636083690713758158e-13,3.269399272856266293e-13,2.476348734994489436e-13,2.505407842604956750e-13,2.288296919114969506e-13,2.254064688626663282e-13,4.103823249437568109e-13,6.175312902938885803e-13,3.883290992791538063e-13,1.856558336258687624e-13,1.974123385255595668e-13,4.494045174433240989e-13,1.265704224789132118e-13,1.938665288709918823e-13,3.250708152035037308e-13,2.441970692814880134e-13,2.014566984100142124e-13,2.514020344857468644e-13,1.600340458133670883e-13,4.051425417063679851e-13,5.081001367309570018e-13,2.006721710450986719e-13,1.755356950199197613e-13,3.718201075582901277e-13,1.262209306882177967e-12,1.368165560050386686e-12,2.664599230153501756e-13,6.948767304754603608e-13,4.839227818464784169e-13,4.157185699674409838e-13,1.981545121905735621e-13,6.274909452912997360e-13,1.435168768406868810e-13,1.991995718755085612e-13,1.849039467103043275e-13,2.008712695825837990e-12,2.194035238910537912e-13,5.048097788877812090e-13,5.001921105013156764e-13,3.523272521589624034e-13,2.153722037796186195e-13,2.760214806864106234e-13,3.846307778302095639e-13,3.395191142437133353e-13,3.682665476983057589e-13,3.814409715462998048e-13,4.120099892828399551e-13,4.115479272950281717e-13,3.298077471992739823e-13,4.789856642713201228e-13,5.709339184479279302e-13,5.254190311816804985e-13
2.355965099259620952e-13,3.293689955194934813e-13,2.677428116276409433e-13,2.644395136815218390e-13,2.898143796970320730e-13,2.637851295963882522e-13,2.514326045910064423e-13,3.194026811918349908e-13,2.275140564769873931e-13,2.192358714881217334e-13,1.905911209577324718e-13,2.498031451262633487e-13,2.374738786678032628e-13,2.707059635934482104e-13,2.611063467047755768e-13,2.976707831873952581e-13,3.420783669250668623e-13,2.283365267947951550e-13,2.417703591648702692e-13,2.324367626451923273e-13,2.542219532241432488e-13,4.467791268122009987e-13,1.710803829996701749e-12,2.145950715882619574e-13,2.418943848588971230e-13,2.527485488973125859e-13,2.677076678629064943e-13,3.282325270626430649e-13,2.517008808553655105e-13,2.552603545354281330e-13,2.312403938051272230e-13,2.282804926713185098e-13,4.203119529901878061e-13,6.326571799913906170e-13,3.974022845218186103e-13,1.882411215103090280e-13,2.003036893458579524e-13,4.445891999246039508e-13,1.298134572077394452e-13,2.012464290280882003e-13,3.249011792545176836e-13,2.460260011912330046e-13,2.050540545150293968e-13,2.524891664301251123e-13,1.637403796161178413e-13,4.170841443943864653e-13,5.228637319364455942e-13,2.019497286537684487e-13,1.785177574465483084e-13,3.683774393053299935e-13,1.235641747702434737e-12,1.338822573525300159e-12,2.673591294668925222e-13,6.843120203654313240e-13,4.787358549271207716e-13,4.126650371309474532e-13,2.031602771006133232e-13,6.434890818655433350e-13,1.459654952499499266e-13,1.998140680565393736e-13,1.892423561520009649e-13,1.958997241041420770e-12,2.245626283234645870e-13,4.987560742660047806e-13,5.124859889880293367e-13,3.640837775561193166e-13,2.203675169676804172e-13,2.849989419472803106e-13,3.939476412097784276e-13,3.474340873659690755e-13,3.769207327575598818e-13,3.912892274329789027e-13,4.213515594211995401e-13,4.282154514019977964e-13,3.395499147050297094e-13,4.901398601898227738e-13,5.844644664130209702e-13,5.377219205588492727e-13
2.404648950130742658e-13,3.363134743355649459e-13,2.734670606056242883e-13,2.702227551915539553e-13,2.959341725327782410e-13,2.692566601681129245e-13,2.560381259723967691e-13,3.219903525272263245e-13,2.307312619506362449e-13,2.235417373407966794e-13,1.945258285799625595e-13,2.551271896382565687e-13,2.426291029784960691e-13,2.763896871977899045e-13,2.664947228951108049e-13,3.031800144588072445e-13,3.421655398350426116e-13,2.325652821396711088e-13,2.459889229514981489e-13,2.371818330903303009e-13,2.593825315308485162e-13,4.477561580526851548e-13,1.754938393517154185e-12,2.188980377420176631e-13,2.451256843961680480e-13,2.574696872264838587e-13,2.719962055231219871e-13,3.298505950228588951e-13,2.559333105545006784e-13,2.601105596409387781e-13,2.338510130582855585e-13,2.313385715452010958e-13,4.305222317551370896e-13,6.482197302062340640e-13,4.067167570610736665e-13,1.909685247241488971e-13,2.033416662533089774e-13,4.402449092963175309e-13,1.331514758863891914e-13,2.089038729384121288e-13,3.250532539554577029e-13,2.480810938831057142e-13,2.087692532280340705e-13,2.538147457592090032e-13,1.675437340372398466e-13,4.289243955151412936e-13,5.374426960667716602e-13,2.034097522427957183e-13,1.816106826660866193e-13,3.653028815681449683e-13,1.211090154132561148e-12,1.311739036258630579e-12,2.685140538855512254e-13,6.745882084674165964e-13,4.740676389044255211e-13,4.100382432274453427e-13,2.082895430069777983e-13,6.592749315098224550e-13,1.485035344200649289e-13,2.006096828938141757e-13,1.936969795192678979e-13,1.913215164702100834e-12,2.298604669730876656e-13,4.932520941611159745e-13,5.251367728129975473e-13,3.758119323042646070e-13,2.254939452890532737e-13,2.943159926308886606e-13,4.035284600052046117e-13,3.553572045120386184e-13,3.855722593665922156e-13,4.010846933518226241e-13,4.306510308418424864e-13,4.451076038774694399e-13,3.496061835770103008e-13,5.009409147042648841e-13,5.977394945852954504e-13,5.499129252766835327e-13
2.454177650619446607e-13,3.433604279052450187e-13,2.792613980560396960e-13,2.760643632645544282e-13,3.021423809058950102e-13,2.748205862137428011e-13,2.607833256438808688e-13,3.248749447590967683e-13,2.341209684721220118e-13,2.279477474133189493e-13,1.985290530804939287e-13,2.605185082068560160e-13,2.478416216534546467e-13,2.821599636467732926e-13,2.719776481784276015e-13,3.088513735851320260e-13,3.425825804658683384e-13,2.369175034823850768e-13,2.503546574744414734e-13,2.420165193399833634e-13,2.646440892273569940e-13,4.491920996092100993e-13,1.800461878943750436e-12,2.232913185142281856e-13,2.485476792407207979e-13,2.623249937160370182e-13,2.764688338543392474e-13,3.317838383628622880e-13,2.603280957258508192e-13,2.650903398376538380e-13,2.366559268751942084e-13,2.345754942659050557e-13,4.410230650170841727e-13,6.642348198397163924e-13,4.162807288331561034e-13,1.938343225991493339e-13,2.065224307336331109e-13,4.363410486631468195e-13,1.365879283826876040e-13,2.168438730192303247e-13,3.255153859290371734e-13,2.503560333132026004e-13,2.126003747129613978e-13,2.553719417320356055e-13,1.714471718477379008e-13,4.406785471118371631e-13,5.518681015089905574e-13,2.050475082234491696e-13,1.848122439274170944e-13,3.625743989864475321e-13,1.188366138764806318e-12,1.286700758906221131e-12,2.699170751742290087e-13,6.656393060912311859e-13,4.698842957329537433e-13,4.078149399073000339e-13,2.135600560730665344e-13,6.749215891860936015e-13,1.511293199974822634e-13,2.015814858406212517e-13,1.982716125843500508e-13,1.870962503496672351e-12,2.353015973536837558e-13,4.882598633658219257e-13,5.381575353484115353e-13,3.875053157019809636e-13,2.307556452666516351e-13,3.039872708867267109e-13,4.133825844453947453e-13,3.633087698162502388e-13,3.942449773495033227e-13,4.108505866094144053e-13,4.399581274776399963e-13,4.621854282021565630e-13,3.599968985893701966e-13,5.116048124089910610e-13,6.108893794406048942e-13,5.620633673278792800e-13
2.504585090202031036e-13,3.505167354257175276e-13,2.851337240559956228e-13,2.819732154356228931e-13,3.084453711374624787e-13,2.804809893037285130e-13,2.656664333821470655e-13,3.280478875172415388e-13,2.376786814862098442e-13,2.324544582955847693e-13,2.026035359295095449e-13,2.659842136957453656e-13,2.531186740123339069e-13,2.880221646088144302e-13,2.775587433645533857e-13,3.146829913335371823e-13,3.433183388174261307e-13,2.413919046666956637e-13,2.548648382090278303e-13,2.469433390386214352e-13,2.700090071461649810e-13,4.510712007416840459e-13,1.847430951738982931e-12,2.277763170930358219e-13,2.521552306470344893e-13,2.673132424331644656e-13,2.811210211218554873e-13,3.340230380369823498e-13,2.648817192001413100e-13,2.701990119424197182e-13,2.396499949869515599e-13,2.379865328425598631e-13,4.518248039193650422e-13,6.807190706833388111e-13,4.261024018621460707e-13,1.968351655034167017e-13,2.098425546675181689e-13,4.328505495566162807e-13,1.401263815617750568e-13,2.250707643437318723e-13,3.262773402357679805e-13,2.528450735826882835e-13,2.165458645680981013e-13,2.571546375954636514e-13,1.754538773011403699e-13,4.523645870142278109e-13,5.661735976607904376e-13,2.068587155704999399e-13,1.881205493165473953e-13,3.601724921534635614e-13,1.167304960965653191e-12,1.263520819379065323e-12,2.715614018132098985e-13,6.574069711364663421e-13,4.661559329910519937e-13,4.059746845682069686e-13,2.189796815804206477e-13,6.904954580942269825e-13,1.538414347244169627e-13,2.027251062392548186e-13,2.029702078578785723e-13,1.831889889923056895e-12,2.408907665136909970e-13,4.837457768244884252e-13,5.515619653138427125e-13,3.991616929293254133e-13,2.361569391998278099e-13,3.140278730149519296e-13,4.235197903158278943e-13,3.713073103357635383e-13,4.029606042747042872e-13,4.206096444493773289e-13,4.493131762273591688e-13,4.794119159700700945e-13,3.707397020349401607e-13,5.222675478724758685e-13,6.240144835461732530e-13,5.742323154844121040e-13
2.555903768319279218e-13,3.577887976663061421e-13,2.910911651245027089e-13,2.879573374282263245e-13,3.148490356850218136e-13,2.862417594164399169e-13,2.706860816521498192e-13,3.315013598296420000e-13,2.414003568230570009e-13,2.370625980364263916e-13,2.067519025351833581e-13,2.715307314632065836e-13,2.584668425025718563e-13,2.939813000837462498e-13,2.832414945896070693e-13,3.206734681689652640e-13,3.443630094336270108e-13,2.459875385118907271e-13,2.595171865267998767e-13,2.519647780586521787e-13,2.754796770294264099e-13,4.533794618349091499e-13,1.895905291461091539e-12,2.323545146452352566e-13,2.559436847029476529e-13,2.724335720168211090e-13,2.859487982195427265e-13,3.365598997013945385e-13,2.695911619114082149e-13,2.754362165611931846e-13,2.428285156612593669e-13,2.415674055265769035e-13,4.629382725567748993e-13,6.976898916869212491e-13,4.361898378927996077e-13,1.999680488116283177e-13,2.132989902908396644e-13,4.297494315776484786e-13,1.437705328578896751e-13,2.335881277289170513e-13,3.273301141712134589e-13,2.555429683874124031e-13,2.206044951006062649e-13,2.591573339563594233e-13,1.795671623594776337e-13,4.640023148870321754e-13,5.803939235024573129e-13,2.088394879305211078e-13,1.915340121130325368e-13,3.580798910220845214e-13,1.147761965143479275e-12,1.242035389063915396e-12,2.734409587230753945e-13,6.498394780116394887e-13,4.628561062039241443e-13,4.044994952258005308e-13,2.245549297134240703e-13,7.060557631874847310e-13,1.566386970227969221e-13,2.040366593989258328e-13,2.077968829798426678e-13,1.795693670395181755e-12,2.466329212627929463e-13,4.796800423326745454e-13,5.653644032532630211e-13,4.107825836845679028e-13,2.417023238342183748e-13,3.244533711099422706e-13,4.339503040702920046e-13,3.793695939807141184e-13,4.117387376306534390e-13,4.303836987655174967e-13,4.587486804377915233e-13,4.967529552032790379e-13,3.818512788587324923e-13,5.330141281357846780e-13,6.371912053780548241e-13,5.864682117940072059e-13
2.608164969659763274e-13,3.651825969467719027e-13,2.971401869972751174e-13,2.940240208462659992e-13,3.213588556466025423e-13,2.921066184885910560e-13,2.758412693840596772e-13,3.352282048515957910e-13,2.452823727238014062e-13,2.417730481352697738e-13,2.109766781260343560e-13,2.771639006379766103e-13,2.638921425328697910e-13,3.000420660124766453e-13,2.890292698727961149e-13,3.268218294532143301e-13,3.457079546258748715e-13,2.507037661672304068e-13,2.643098340614825101e-13,2.570832946680299584e-13,2.810584999996606847e-13,4.561043859656023331e-13,1.945947774244268457e-12,2.370274618697869241e-13,2.599088417744804385e-13,2.776854514071065194e-13,2.909487192051593175e-13,3.393869293802699799e-13,2.744538655022969819e-13,2.808018861052628742e-13,2.461871920831514776e-13,2.453142489035901942e-13,4.743747927575471135e-13,7.151655190104614328e-13,4.465518260412376218e-13,2.032302927825408862e-13,2.168890472197758393e-13,4.270164231407963498e-13,1.475242209800336681e-13,2.423987173559883440e-13,3.286657763823900928e-13,2.584449165094634431e-13,2.247753379391516331e-13,2.613750667213799614e-13,1.837904720755653857e-13,4.756125796358264096e-13,5.945637960399948098e-13,2.109862857114993724e-13,1.950513284488685952e-13,3.562812921323957169e-13,1.129609636321411276e-12,1.222100350252615641e-12,2.755502903402443245e-13,6.428908489813048472e-13,4.599613916039370398e-13,4.033735544635059212e-13,2.302920008542830607e-13,7.216547401469918624e-13,1.595201442840157603e-13,2.055126826550350668e-13,2.127559281600792094e-13,1.762108758837506925e-12,2.525332169369133727e-13,4.760361993855412076e-13,5.795798796053120749e-13,4.223727913900482030e-13,2.473964771637392086e-13,3.352798215583733554e-13,4.446848204127629187e-13,3.875107396625985361e-13,4.205969843446851443e-13,4.401934274650514625e-13,4.682908581139857826e-13,5.141781397311858827e-13,3.933502136359333054e-13,5.438979849916803955e-13,6.504775574274211966e-13,5.988106696486866328e-13
2.661399000350023594e-13,3.727037656768816223e-13,3.032867019789849108e-13,3.001799344652463961e-13,3.279799673494662586e-13,2.980791514356165758e-13,2.811313367016224781e-13,3.392218711690548763e-13,2.493215107554999752e-13,2.465868340422431248e-13,2.152803068615645986e-13,2.828890695420451132e-13,2.694001080982731855e-13,3.062088958757783753e-13,2.949253431328462949e-13,3.331274954846241820e-13,3.473455580253628336e-13,2.555402356412820228e-13,2.692412967413325943e-13,2.623013307486651008e-13,2.867478942720680570e-13,4.592347883758426929e-13,1.997624709958422559e-12,2.417967780709611324e-13,2.640469352718401033e-13,2.830686563927542447e-13,2.961178323353606399e-13,3.424973376646540597e-13,2.794677050836477788e-13,2.862962242710712621e-13,2.497221102221011817e-13,2.492235990392637270e-13,4.861462187520630460e-13,7.331650817445005084e-13,4.571975427898708102e-13,2.066195282188016073e-13,2.206103753270219176e-13,4.246326502078072115e-13,1.513914377206066520e-13,2.515044014738484477e-13,3.302773318351530952e-13,2.615465215010464508e-13,2.290577439981464547e-13,2.638033443339316122e-13,1.881273931129423247e-13,4.872166774949832369e-13,6.087171236898333651e-13,2.132958803758584652e-13,1.986714602910158269e-13,3.547631363805929849e-13,1.112735181481803036e-12,1.203588402494431001e-12,2.778844855670422735e-13,6.365201279823389822e-13,4.574510375428324741e-13,4.025829584274127874e-13,2.361970899259798556e-13,7.373381625869798953e-13,1.624850199014428843e-13,2.071500829143692091e-13,2.178518173428490170e-13,1.730902632338536496e-12,2.585970316790646336e-13,4.727907343492093402e-13,5.942241611821040272e-13,4.339399128661530499e-13,2.532442712265154227e-13,3.465237762898344622e-13,4.557345455860631955e-13,3.957443721756077414e-13,4.295511464471427244e-13,4.500582353349718718e-13,4.779609691741486416e-13,5.316614210530356047e-13,4.052521356285116763e-13,5.549532578010487039e-13,6.639177328803038859e-13,6.112921401089388959e-13
2.715635337011917458e-13,3.803576345194287990e-13,3.095361529104597348e-13,3.064312122639185244e-13,3.347172111297664477e-13,3.041628259787014847e-13,2.865559350519743456e-13,3.434763542692867240e-13,2.535149326303370650e-13,2.515051117739083016e-13,2.196651648410556780e-13,2.887111708342648789e-13,2.749958594552749627e-13,3.124859981204377702e-13,3.009329083694332984e-13,3.395902451836470914e-13,3.492690904233347048e-13,2.604968566519943826e-13,2.743104443184531412e-13,2.676213162026130695e-13,2.925502954487522770e-13,4.627606131813442775e-13,2.051006061638094675e-12,2.466641455919392218e-13,2.683546071575481924e-13,2.885832418970690026e-13,3.014536457074760434e-13,3.458849505429780010e-13,2.846309568008616121e-13,2.919196806197750595e-13,2.534297147979589327e-13,2.532923689312074622e-13,4.982649635921800957e-13,7.517086433781928760e-13,4.681365485980141750e-13,2.101336794012767147e-13,2.244609447500286190e-13,4.225813557032640872e-13,1.553763369118499432e-13,2.609061074101461738e-13,3.321585998693176507e-13,2.648437548006109983e-13,2.334513204927477089e-13,2.664380882468959590e-13,1.925816596046450300e-13,4.988358548205080607e-13,6.228864280324715307e-13,2.157653210104248299e-13,2.023936160509926396e-13,3.535134129831261117e-13,1.097038487639253790e-12,1.186386755369812077e-12,2.804391063269714720e-13,6.306907539431651740e-13,4.553066468519065841e-13,4.021154959294859428e-13,2.422765091019332183e-13,7.531459580431867746e-13,1.655327587630180978e-13,2.089460892433732064e-13,2.230892164001060621e-13,1.701870589771322279e-12,2.648299759350369866e-13,4.699227230450030901e-13,6.093137919132784933e-13,4.454938217116546876e-13,2.592507793599742688e-13,3.582022779549568599e-13,4.671112151387032349e-13,4.040827697279631716e-13,4.386154005288327349e-13,4.599961936788686094e-13,4.877763824952641683e-13,5.491815296274510628e-13,4.175741788348801973e-13,5.662023692518640737e-13,6.775456292380198570e-13,6.239393072931022865e-13
2.770902789624400379e-13,3.881492804660645213e-13,3.158935889287721800e-13,3.127835330691180184e-13,3.415751785434360457e-13,3.103610140621851948e-13,2.921150034838158587e-13,3.479861543660691110e-13,2.578601614814154955e-13,2.565291587023752757e-13,2.241335735820389756e-13,2.946347891116744491e-13,2.806841646981338778e-13,3.188773928210126193e-13,3.070550960565599190e-13,3.462101879084100304e-13,3.514725968639977511e-13,2.655737806690671885e-13,2.795164754543281328e-13,2.730456760079654794e-13,2.984681605329182460e-13,4.666727887760780240e-13,2.106165699132338876e-12,2.516313075809509286e-13,2.728288883894868650e-13,2.942295202530134003e-13,3.069540987358300921e-13,3.495441398273240577e-13,2.899422711716671400e-13,2.976729313644616813e-13,2.573067917641831092e-13,2.575178308208411463e-13,5.107440330607318918e-13,7.708172616228692462e-13,4.793788131377619514e-13,2.137709500443825515e-13,2.284390290564614391e-13,4.208476649421970733e-13,1.594832444012343863e-13,2.706037822690821120e-13,3.343041106795708067e-13,2.683329279050041900e-13,2.379559122044166118e-13,2.692755867136324678e-13,1.971571609908573570e-13,5.104909426165058019e-13,6.371024872158218618e-13,2.183919090162696135e-13,2.062172343086720931e-13,3.525214923142536144e-13,1.082430422555572345e-12,1.170395150228674614e-12,2.832101313464144404e-13,6.253700335978806869e-13,4.535119135607541695e-13,4.019604587595638901e-13,2.485367537622527070e-13,7.691129010348701944e-13,1.686629748991056859e-13,2.108982135377736254e-13,2.284729937319010281e-13,1.674831732620694450e-12,2.712379054722181516e-13,4.674135387043809768e-13,6.248661416503707808e-13,4.570461802849500011e-13,2.654212871222610162e-13,3.703328543058314541e-13,4.788271272664961302e-13,4.125370203499250998e-13,4.478024882594608468e-13,4.700240497565362352e-13,4.977514449335971076e-13,5.667222007439931124e-13,4.303342711434047796e-13,5.776606728574573864e-13,6.913875536934528619e-13,6.367742704852970537e-13
2.827229642705533678e-13,3.960835682683057337e-13,3.223637299171965389e-13,3.192421888863476500e-13,3.485582529306917021e-13,3.166770103903672411e-13,2.978087466980953332e-13,3.527462417196291852e-13,2.623550639572140373e-13,2.616603651978682734e-13,2.286878117073075859e-13,3.006642184192221306e-13,2.864694927309958810e-13,3.253869432991665153e-13,3.132949873358654574e-13,3.529877374817151887e-13,3.539507984050537878e-13,2.707713825023662462e-13,2.848588943379356118e-13,2.785768363062047029e-13,3.045039713234403051e-13,4.709631049219148971e-13,2.163181672752858282e-12,2.567000659084077534e-13,2.774671805062541803e-13,3.000080412421555280e-13,3.126175349733131315e-13,3.534697653305441728e-13,2.954006478446348094e-13,3.035568617778981615e-13,2.613504529338110664e-13,2.618975994754715184e-13,5.235970613847248919e-13,7.905130509841205388e-13,4.909347391493594862e-13,2.175298097907901039e-13,2.325431890724626290e-13,4.194183822503040204e-13,1.637166679819704032e-13,2.805963685812324963e-13,3.367090153183629992e-13,2.720106697444055449e-13,2.425715840727168327e-13,2.723124562160715414e-13,2.018579501742456548e-13,5.222020937088842499e-13,6.513941384220411032e-13,2.211731774272045642e-13,2.101419684689943430e-13,3.517779805466244421e-13,1.068831401246864915e-12,1.155524203273044136e-12,2.861939087233528793e-13,6.205286899357629969e-13,4.520523946176468757e-13,4.021084761668672165e-13,2.549845440666488054e-13,7.852692968632381654e-13,1.718754498366718849e-13,2.130042170284943809e-13,2.340082313490473238e-13,1.649625633221375582e-12,2.778269349444393186e-13,4.652465989508364207e-13,6.408994580175946119e-13,4.686099879153645767e-13,2.717613035643648686e-13,3.829335064215903681e-13,4.908951770854906482e-13,4.211171710268735124e-13,4.571238982012325528e-13,4.801572760183004183e-13,5.078981712495106399e-13,5.842722020208995263e-13,4.435509610567425106e-13,5.893392801584036933e-13,7.054642549603312548e-13,6.498155117029181658e-13
2.884643778367248986e-13,4.041651862883960150e-13,3.289510214568121478e-13,3.258121437022650827e-13,3.556706444582027238e-13,3.231140485613727080e-13,3.036376148883668299e-13,3.577520281864157621e-13,2.669978330886558270e-13,2.669002271196787261e-13,2.333301251261509482e-13,3.068035112803297330e-13,2.923560589738671079e-13,3.320183834942174469e-13,3.196556263923414383e-13,3.599235884334918966e-13,3.566990068620707561e-13,2.760902434382262439e-13,2.903374889052905151e-13,2.842172297228864482e-13,3.106602373622553912e-13,4.756241091394526427e-13,2.222136509197093731e-12,2.618722792917879094e-13,2.822672381692603918e-13,3.059195738767559064e-13,3.184426763649501294e-13,3.576571272607491054e-13,3.010054118815273191e-13,3.095725502125261662e-13,2.655581222916701784e-13,2.664296163083260956e-13,5.368383492346166245e-13,8.108192492431244319e-13,5.028151863622616571e-13,2.214089812412297653e-13,2.367722573883046270e-13,4.182818142418209812e-13,1.680813074861058842e-13,2.908817972402798038e-13,3.393690076351741454e-13,2.758739083112175098e-13,2.472986051305590384e-13,2.755456096341146925e-13,2.066882521019850864e-13,5.339886065291133092e-13,6.657882018138466397e-13,2.241068741917719963e-13,2.141676723953047380e-13,3.512745928132349229e-13,1.056170172942663716e-12,1.141694008607406429e-12,2.893871163355712620e-13,6.161404739069318221e-13,4.509153115792336566e-13,4.025513698033122422e-13,2.616268553733133242e-13,8.016416237155693880e-13,1.751701216862845992e-13,2.152620819904431961e-13,2.397002365835638673e-13,1.626109553010016512e-12,2.846034521993078443e-13,4.634071464257217883e-13,6.574329219133477046e-13,4.801991775862131451e-13,2.782765730462195311e-13,3.960226907739809647e-13,5.033288926526172907e-13,4.298323662495016216e-13,4.665900345986760734e-13,4.904101455647728814e-13,5.182267866946375560e-13,6.018251859122289549e-13,4.572434798600481570e-13,6.012467746132088956e-13,7.197924342824438181e-13,6.630786774747386814e-13
2.943172784811992450e-13,4.123986777737508432e-13,3.356596818704151694e-13,3.324980843077583060e-13,3.629164205819267569e-13,3.296753152679741122e-13,3.096022854052688207e-13,3.629993439320974636e-13,2.717869719343081682e-13,2.722503391808115864e-13,2.380627359872343469e-13,3.130565206602093303e-13,2.983478649764452802e-13,3.387753418268234879e-13,3.261400313973769679e-13,3.670186945010121803e-13,3.597130511619270686e-13,2.815311359417760677e-13,2.959523107368215984e-13,2.899693001386268931e-13,3.169394986340883016e-13,4.806490202943506624e-13,2.283117532702350288e-12,2.671498617127018210e-13,2.872271525854646311e-13,3.119650899381527451e-13,3.244285990575626557e-13,3.621019274926701457e-13,3.067561916751719456e-13,3.157212537531984470e-13,2.699275236599403738e-13,2.711121342859352694e-13,5.504829044928782996e-13,8.317602889885105494e-13,5.150314970076835602e-13,2.254074275393488314e-13,2.411253235966508624e-13,4.174276159658992920e-13,1.725820652130522800e-13,3.014569997422759815e-13,3.422802568598073805e-13,2.799198557621338836e-13,2.521374338090109628e-13,2.789722303404945675e-13,2.116524728909285719e-13,5.458688197169489937e-13,6.803094938275060426e-13,2.271909488288747276e-13,2.182943870665783416e-13,3.510040421961005576e-13,1.044382792036719762e-12,1.128832953113508062e-12,2.927867292211738882e-13,6.121818298505678926e-13,4.500893780668979312e-13,4.032820261242420842e-13,2.684709433215300409e-13,8.182531166824168780e-13,1.785470749922340840e-13,2.176699880775722119e-13,2.455545545726949169e-13,1.604156104037085345e-12,2.915741335382274469e-13,4.618820585024861379e-13,6.744867072395085511e-13,4.918282677175400042e-13,2.849730878068758400e-13,4.096192951445903859e-13,5.161424736824487821e-13,4.386909745069536838e-13,4.762103712034690505e-13,5.007958235944501591e-13,5.287461514430928572e-13,6.193793988931295378e-13,4.714317923261989796e-13,6.133902487102757989e-13,7.343858619802737965e-13,6.765772050221232171e-13
3.002844052150564248e-13,4.207884681782227025e-13,3.424937425469983055e-13,3.393044643027473794e-13,3.702995325634312225e-13,3.363639628157211254e-13,3.157036461134547783e-13,3.684844181600800582e-13,2.767212779430936603e-13,2.777123890966163039e-13,2.428878505632053464e-13,3.194269359230878332e-13,3.044487328057141360e-13,3.456613620332858993e-13,3.327512042013751927e-13,3.742742492096755842e-13,3.629892139708117465e-13,2.870950098066815554e-13,3.017036565466574489e-13,2.958355069775624098e-13,3.233443280480759269e-13,4.860316570227454709e-13,2.346217213908031523e-12,2.725347810934823066e-13,2.923453356670826670e-13,3.181457491301091027e-13,3.305747107181307496e-13,3.668002383017344568e-13,3.126528984387417733e-13,3.220043953580261387e-13,2.744566693459855694e-13,2.759437034914217764e-13,5.645464860239951966e-13,8.533618746389019199e-13,5.275955230404843902e-13,2.295243404701059844e-13,2.456017202388250030e-13,4.168466564596964188e-13,1.772240567804300172e-13,3.123179410886948622e-13,3.454393496166016030e-13,2.841459962358001876e-13,2.570887045235944217e-13,2.825897513185858423e-13,2.167552095355131645e-13,5.578600623608408404e-13,6.949809026275675368e-13,2.304235418387268644e-13,2.225223282159052267e-13,3.509599421808336512e-13,1.033411738061989183e-12,1.116876706678677366e-12,2.963899929565555819e-13,6.086316062268025123e-13,4.495646490504530138e-13,4.042942836681917727e-13,2.755243663404611640e-13,8.351242866136006782e-13,1.820065313157117508e-13,2.202262927213874210e-13,2.515769815749217332e-13,1.583651273523713182e-12,2.987459600020512753e-13,4.606596816451437301e-13,6.920820452301191267e-13,5.035120706010798855e-13,2.918571013440011533e-13,4.237426080779120983e-13,5.293508331864639800e-13,4.477007020603677644e-13,4.859935892911910380e-13,5.113264668382613904e-13,5.394640911100796776e-13,6.369372824844666513e-13,4.861366401675664616e-13,6.257759312440849914e-13,7.492561988196142834e-13,6.903228204043406692e-13
3.063684857053213684e-13,4.293388890407471099e-13,3.494570825285762017e-13,3.462355422362675562e-13,3.778238385625949764e-13,3.431831201603152177e-13,3.219427803054553928e-13,3.742038629046342678e-13,2.817998279809365530e-13,2.832881524281073432e-13,2.478076661975956819e-13,3.259183136616274692e-13,3.106623349269334825e-13,3.526799213634482882e-13,3.394921389202047128e-13,3.816916683530523781e-13,3.665241774388244256e-13,2.927829796315227775e-13,3.075920511700609886e-13,3.018183290615847043e-13,3.298773337151780385e-13,4.917663789117524258e-13,2.411533549219435088e-12,2.780290581952442940e-13,2.976205048338621339e-13,3.244628857035754156e-13,3.368807293081800748e-13,3.717484773082247139e-13,3.186957071939915916e-13,3.284235523432087621e-13,2.791438494953210343e-13,2.809231572590537014e-13,5.790456507037816175e-13,8.756510654501921787e-13,5.405196551876082846e-13,2.337591290480554168e-13,2.502010094418487155e-13,4.165309008188128383e-13,1.820126224698797288e-13,3.234596740929994181e-13,3.488432403146749018e-13,2.885500757490674393e-13,2.621532154500696647e-13,2.863958384965738045e-13,2.220012602418728451e-13,5.699786464896813449e-13,7.098235041209894765e-13,2.338029763291170537e-13,2.268518749021809041e-13,3.511367206021555186e-13,1.023205161434004987e-12,1.105767358311993177e-12,3.001944021559193135e-13,6.054708047054277201e-13,4.493323886834113453e-13,4.055828330756063861e-13,2.827950070574491558e-13,8.522733731930888702e-13,1.855488405169048910e-13,2.229295150791179101e-13,2.577735791825540147e-13,1.564492747413105224e-12,3.061262347627530052e-13,4.597296867198995376e-13,7.102412937926981004e-13,5.152654556430882212e-13,2.989351426636470612e-13,4.384122815356760446e-13,5.429696422694533869e-13,4.568686940923498852e-13,4.959477000074462484e-13,5.220133251929592801e-13,5.503876532462734410e-13,6.545050018225714587e-13,5.013795805625284873e-13,6.384095665743132995e-13,7.644135982487625454e-13,7.043259327306783004e-13
3.125722437606011119e-13,4.380541988721636075e-13,3.565534581991548914e-13,3.532954146978006076e-13,3.854931237650225694e-13,3.501359026475741285e-13,3.283209530479978895e-13,3.801546591163026103e-13,2.870219640008473730e-13,2.889794880437573069e-13,2.528243774314475579e-13,3.325341041501262291e-13,3.169922201961420468e-13,3.598344464889824496e-13,3.463658295487234211e-13,3.892725742084389321e-13,3.703149770487804782e-13,2.985963135124806331e-13,3.136182319591567413e-13,3.079202680782729165e-13,3.365411610403286996e-13,4.978480385809962399e-13,2.479170473784433148e-12,2.836347657083092638e-13,3.030516684055511283e-13,3.309179964234427118e-13,3.433466632662776608e-13,3.769433875295762951e-13,3.248850391882511995e-13,3.349804460840249050e-13,2.839876219525585071e-13,2.860495988334997919e-13,5.939978039915039402e-13,8.986563650522117085e-13,5.538168539520706091e-13,2.381114085868255052e-13,2.549229702374446043e-13,4.164733063667316550e-13,1.869533391320265752e-13,3.348764151105874980e-13,3.524892089888810298e-13,2.931300936492469756e-13,2.673319174034347102e-13,2.903883775802835027e-13,2.273956354352763374e-13,5.822398904950195411e-13,7.248567019881228635e-13,2.373277513911926562e-13,2.312835589676167138e-13,3.515295434226474698e-13,1.013716234547622853e-12,1.095452674217429859e-12,3.041976833052299244e-13,6.026823618556523172e-13,4.493849539521181917e-13,4.071431280721225482e-13,2.902910934586845914e-13,8.697167355383680251e-13,1.891744727019652823e-13,2.257783230627661443e-13,2.641506895011888404e-13,1.546588481475473267e-12,3.137226017086888630e-13,4.590829421760085617e-13,7.289880123191921419e-13,5.271031632976232982e-13,3.062140314662288385e-13,4.536482864275866008e-13,5.570153783429625368e-13,4.662016238336881617e-13,5.060801518251553274e-13,5.328668415516450666e-13,5.615233059038720732e-13,6.720919351560210896e-13,5.171830210735773506e-13,6.512966440372002417e-13,7.798671470212955114e-13,7.185959449497302282e-13
3.188984059571375454e-13,4.469386014390835444e-13,3.637865287881447224e-13,3.604880450618075716e-13,3.933111179394406558e-13,3.572254206159809904e-13,3.348395988435231339e-13,3.863341444226087074e-13,2.923872793488945694e-13,2.947883341320453277e-13,2.579401814121927436e-13,3.392776740598991516e-13,3.234418364919078926e-13,3.671283274222919104e-13,3.533752767188311827e-13,3.970187813360568355e-13,3.743589626698142012e-13,3.045364228490256562e-13,3.197831344984522317e-13,3.141438517057671008e-13,3.433384946471724597e-13,5.042719430096684467e-13,2.549238311531204679e-12,2.893540275098025714e-13,3.086381115596768988e-13,3.375127297575133398e-13,3.499727930497065602e-13,3.823820215767588672e-13,3.312215456688301720e-13,3.416769328152864947e-13,2.889868024957086527e-13,2.913223885321882999e-13,6.094212543586815798e-13,9.224078181196843923e-13,5.675006827116078917e-13,2.425809902487725985e-13,2.597675865568295548e-13,4.166677308920995716e-13,1.920520327102968338e-13,3.465616404270466801e-13,3.563748257669898778e-13,2.978842952001067783e-13,2.726259037374587612e-13,2.945654637497905720e-13,2.329435694922332988e-13,5.946581642058806449e-13,7.400983794557100685e-13,2.409965368276470635e-13,2.358180553330662395e-13,3.521342469496843149e-13,1.004902591522344825e-12,1.085885458288040484e-12,3.083977812250495893e-13,6.002509586469205528e-13,4.497156918440829364e-13,4.089713059440221048e-13,2.980212203373645161e-13,8.874691856837678386e-13,1.928840107999291458e-13,2.287715230206599044e-13,2.707149513729907663e-13,1.529855478398505392e-12,3.215430653196684849e-13,4.587114025110135515e-13,7.483470424734040897e-13,5.390396642266263370e-13,3.137008943410739400e-13,4.694708607335530867e-13,5.715053770493222074e-13,4.757057705492430207e-13,5.163979242480565882e-13,5.438967471920363316e-13,5.728770911945664747e-13,6.897101533067340484e-13,5.335702516925131742e-13,6.644425368751007868e-13,7.956251871344345987e-13,7.331414981942787600e-13
3.253497075071465647e-13,4.559962617733019793e-13,3.711598782884396971e-13,3.678172884676365178e-13,4.012815107625113111e-13,3.644547869972010758e-13,3.415003104959613860e-13,3.927400020800843895e-13,2.978956057022778550e-13,3.007167047025250826e-13,2.631572826733768018e-13,3.461523259773771273e-13,3.300145504346841446e-13,3.745649297055578613e-13,3.605234937048398564e-13,4.049322838200569047e-13,3.786537660048781120e-13,3.106048531656931904e-13,3.260878795526743208e-13,3.204916364324411424e-13,3.502720601507544124e-13,5.110338226251821129e-13,2.621854266003795123e-12,2.951890180635936898e-13,3.143793828466180867e-13,3.442488761763477957e-13,3.567596539830567932e-13,3.880617291585758598e-13,3.377060929418386332e-13,3.485149954238912009e-13,2.941404553571872280e-13,2.967411314045881138e-13,6.253352719267864703e-13,9.469371148666392120e-13,5.815853430507768034e-13,2.471678710760232265e-13,2.647350358943853844e-13,4.171088512405481388e-13,1.973147914410289549e-13,3.585082017304755993e-13,3.604979212178506847e-13,3.028111649664848319e-13,2.780364011853435943e-13,2.989253936620371231e-13,2.386505332523297158e-13,6.072469482223376887e-13,7.555650539918150569e-13,2.448081688984522597e-13,2.404561730822429205e-13,3.529472773141961595e-13,9.967258428550965585e-13,1.077022999004731990e-12,3.127928485320063962e-13,5.981628537563895050e-13,4.503188481079186448e-13,4.110641162833205765e-13,3.059943713913346026e-13,9.055442711629424298e-13,1.966781437331230364e-13,2.319080516728710610e-13,2.774733177256855720e-13,1.514218737064178470e-12,3.295960119358606508e-13,4.586080098466144854e-13,7.683445955301439346e-13,5.510890576094906106e-13,3.214031820466725138e-13,4.859004499920901226e-13,5.864578882219161236e-13,4.853870873941965614e-13,5.269076090561078958e-13,5.551121510940724502e-13,5.844547437117640110e-13,7.073739126481758769e-13,5.505654743891803903e-13,6.778525865292206148e-13,8.116955508541541733e-13,7.479706634937331778e-13
3.319288974488255000e-13,4.652313201494310485e-13,3.786770342738264433e-13,3.752869135147154873e-13,4.094079651880579027e-13,3.718271240107937676e-13,3.483048290828378903e-13,3.993702507517551971e-13,3.035470006327323205e-13,3.067666865178878334e-13,2.684778973638558465e-13,3.531613151778563055e-13,3.367136645606407774e-13,3.821476051057321133e-13,3.678135117760717964e-13,4.130152438293900244e-13,3.831972737043518928e-13,3.168032758662833702e-13,3.325337611691816552e-13,3.269662101115079073e-13,3.573446257944977030e-13,5.181298067972741072e-13,2.697142955057247811e-12,3.011419619291302558e-13,3.202752812705880597e-13,3.511283594696777493e-13,3.637080203681471726e-13,3.939801471891077895e-13,3.443397486489991684e-13,3.554967361426656657e-13,2.994478839870316857e-13,3.023056653972155158e-13,6.417601517604604365e-13,9.722777042466845371e-13,5.960857124065803768e-13,2.518722245015201704e-13,2.698256786354472809e-13,4.177920908221746096e-13,2.027479797875507004e-13,3.707084583198129504e-13,3.648565619098334488e-13,3.079094207443747805e-13,2.835647615708519873e-13,3.034666592813584579e-13,2.445222473700425920e-13,6.200189017751245344e-13,7.712720287118899597e-13,2.487616468086047040e-13,2.451988472891933707e-13,3.539656362358833031e-13,9.891511536918596845e-13,1.068826589690476902e-12,3.173812375478887432e-13,5.964057373506969724e-13,4.511894860116269496e-13,4.134188570010234663e-13,3.142199422353927325e-13,9.239545128928377824e-13,2.005576601403267156e-13,2.351869699502192754e-13,2.844330741374723490e-13,1.499610346225430380e-12,3.378902325408741324e-13,4.587666068105492948e-13,7.890083470019443979e-13,5.632650024758099603e-13,3.293286879627003392e-13,5.029576400186065962e-13,6.018921363174940145e-13,4.952512601577183976e-13,5.376154804084425824e-13,5.665216222525765674e-13,5.962617819707038725e-13,7.250991792914575864e-13,5.681938302421808077e-13,6.915321538214003625e-13,8.280857321200907261e-13,7.630910915293182908e-13
3.386387434129054633e-13,4.746479050417278331e-13,3.863414845300126535e-13,3.829006215842055944e-13,4.176941293216175994e-13,3.793455694467268597e-13,3.552550348449285600e-13,4.062232347636183868e-13,3.093417359163774251e-13,3.129404364392021835e-13,2.739042569736652066e-13,3.603078641445050172e-13,3.435424325995548207e-13,3.898797008567424030e-13,3.752483848385450863e-13,4.212699812217430484e-13,3.879876053151488628e-13,3.231334807530206061e-13,3.391222357513175185e-13,3.335701941826324969e-13,3.645590039182455518e-13,5.255564051989731052e-13,2.775237014088953058e-12,3.072151335687728416e-13,3.263258438569245121e-13,3.581532288657141762e-13,3.708188906644707071e-13,4.001351916843246307e-13,3.511237690786833031e-13,3.626243699452863061e-13,3.049086219609503184e-13,3.080160499580224782e-13,6.587172812936791046e-13,9.984649145832836320e-13,6.110173855525741587e-13,2.566943913997764184e-13,2.750400479893202610e-13,4.187135547015289734e-13,2.083582531706405729e-13,3.831544228472242552e-13,3.694490304214762813e-13,3.131780077642348347e-13,2.892124542606012845e-13,3.081879430378414637e-13,2.505646965865054939e-13,6.329859346077603521e-13,7.872335388112954284e-13,2.528561296941199009e-13,2.500471315064327448e-13,3.551868319634992307e-13,9.821468754580177649e-13,1.061261108622978316e-12,3.221614940633271369e-13,5.949686021216894308e-13,4.523234132167558238e-13,4.160333165975935429e-13,3.227077646046034136e-13,9.427116072692311573e-13,2.045234426954414419e-13,2.386074584647521348e-13,2.916018587749116186e-13,1.485968702486623299e-12,3.464349471174429794e-13,4.591818586836600047e-13,8.103675376196222129e-13,5.755806757559383121e-13,3.374855678128626033e-13,5.206630820663463705e-13,6.178283848368781662e-13,5.053037585391906647e-13,5.485275554105904926e-13,5.781332655444745412e-13,6.083035793659713411e-13,7.429031967514721297e-13,5.864814257539898259e-13,7.054866520304446065e-13,8.448030130918528954e-13,7.785101347239747561e-13
3.454820354526090595e-13,4.842501426105150487e-13,3.941566902013219845e-13,3.906620624918496179e-13,4.261436463744000521e-13,3.870132812793415460e-13,3.623529392937452430e-13,4.132976150023022343e-13,3.152802861934197649e-13,3.192401790817036090e-13,2.794386117221205188e-13,3.675951749049063498e-13,3.505040720391377951e-13,3.977645681583531351e-13,3.828311939292622949e-13,4.296989647284494943e-13,3.930230960142803498e-13,3.295973695232903054e-13,3.458549123984767004e-13,3.403062459717528451e-13,3.719180525049209786e-13,5.333104918716339421e-13,2.856277704244532221e-12,3.134108567256468902e-13,3.325313340243243530e-13,3.653256523052642495e-13,3.780934741792704714e-13,4.065250517462629456e-13,3.580595878907224329e-13,3.699002190215658529e-13,3.105224243083739738e-13,3.138725553605581085e-13,6.762292157541513370e-13,1.025536089982015865e-12,6.263967154729589719e-13,2.616348714957999419e-13,2.803788406800092273e-13,4.198699716080234093e-13,2.141525735498899068e-13,3.958379174241440512e-13,3.742738097047571440e-13,3.186160933015506510e-13,2.949810594956725720e-13,3.130881142602196970e-13,2.567841449517110821e-13,6.461592805781951826e-13,8.034628826325598325e-13,2.570909340227853464e-13,2.550021909894421022e-13,3.566088356282843134e-13,9.756842260318546554e-13,1.054294659309376373e-12,3.271323529118415397e-13,5.938416305932482342e-13,4.537171174455906618e-13,4.189057225974388003e-13,3.314681317246881078e-13,9.618265883366663317e-13,2.085764627123724461e-13,2.421688141263728826e-13,2.989876836251330042e-13,1.473237826180884181e-12,3.552398309662569686e-13,4.598491851975167540e-13,8.324530871048773867e-13,5.880487532598777873e-13,3.458823607554711273e-13,5.390374099508395946e-13,6.342880083935912778e-13,5.155498788714598105e-13,5.596496455548531057e-13,5.899547880701793348e-13,6.205854180467856754e-13,7.608041040373277042e-13,6.054553528855035159e-13,7.197215627830627607e-13,8.618545529839734917e-13,7.942349296620407779e-13
3.524615899118312746e-13,4.940421674099339075e-13,4.021260985887581777e-13,3.985748496194124632e-13,4.347601638511378861e-13,3.948334429388872230e-13,3.696006776194749583e-13,4.205923594759271187e-13,3.213633185816597114e-13,3.256682047325078224e-13,2.850832333917514308e-13,3.750264397672388812e-13,3.576017760656754288e-13,4.058055691383442644e-13,3.905650507385490893e-13,4.383048032522554630e-13,3.983022824458466240e-13,3.361969496791338713e-13,3.527335437372736955e-13,3.471770603238421591e-13,3.794246762397477327e-13,5.413892945999577402e-13,2.940415648422493082e-12,3.197315045295816103e-13,3.388922302116337334e-13,3.726479099794054218e-13,3.855331782655722274e-13,4.131481836230612925e-13,3.651488052441817286e-13,3.773267072938953553e-13,3.162892587332214758e-13,3.198756522522346484e-13,6.943197560459928198e-13,1.053530730628467144e-12,6.422408617317442839e-13,2.666943153952343430e-13,2.858429080852324483e-13,4.212586413111605425e-13,2.201382259177246731e-13,4.087507351474448940e-13,3.793295703923143106e-13,3.242230611101069118e-13,3.008722621809027627e-13,3.181662260634043802e-13,2.631871521281214317e-13,6.595495685593424471e-13,8.199725495541323293e-13,2.614655310353661603e-13,2.600652963934293543e-13,3.582300407669423579e-13,9.697370064114197267e-13,1.047898246094433424e-12,3.322927342789905579e-13,5.930160941071984376e-13,4.553677066590258647e-13,4.220346945089249374e-13,3.405118253550280731e-13,9.813099713723448690e-13,2.127177754591056916e-13,2.458704479348013268e-13,3.065989574121939401e-13,1.461366770466176633e-12,3.643150426536544659e-13,4.607646978881235167e-13,8.552977119123448142e-13,6.006814060900678043e-13,3.545280119183516436e-13,5.581011504432525591e-13,6.512935672590566099e-13,5.259947825479772404e-13,5.709874011411238138e-13,6.019935613269447794e-13,6.331125312970559568e-13,7.788206066809508543e-13,6.251437119002985214e-13,7.342424513571369246e-13,8.792474571454749748e-13,8.102724778812426936e-13
3.595802526182569725e-13,5.040281303287390591e-13,4.102531532840370812e-13,4.066425721827389985e-13,4.435473413274036109e-13,4.028092672767216156e-13,3.770005023251885409e-13,4.281067345538007778e-13,3.275916827401070881e-13,3.322268676328038253e-13,2.908404180096834897e-13,3.826048505958277052e-13,3.648387234240690270e-13,4.140060832572479952e-13,3.984531010586219067e-13,4.470902388059663241e-13,4.038238922909776138e-13,3.429343292076049467e-13,3.597600178828528764e-13,3.541853714465361770e-13,3.870818278516722905e-13,5.497903857555193500e-13,3.027811594755369484e-12,3.261794992733624676e-13,3.454092152905210486e-13,3.801223888728011068e-13,3.931395969416461485e-13,4.200033062891080309e-13,3.723931783619790751e-13,3.849063560510779459e-13,3.222092973024938425e-13,3.260260019316158575e-13,7.130140355558269963e-13,1.082490650246195422e-12,6.585678392528103124e-13,2.718735170092084411e-13,2.914332480634102017e-13,4.228773872172197631e-13,2.263228357853315438e-13,4.218848035771516061e-13,3.846151614072532793e-13,3.299985060670817641e-13,3.068878463959887011e-13,3.234215129354951575e-13,2.697805908266611456e-13,6.731668919648372786e-13,8.367743318411119839e-13,2.659795444354382696e-13,2.652378180969606385e-13,3.600492269943916505e-13,9.642813536705885011e-13,1.042045496177668077e-12,3.376417411589574631e-13,5.924842642581727481e-13,4.572728561135708986e-13,4.254192018141694109e-13,3.498501443724607324e-13,1.001171867351631315e-12,2.169485157332221750e-13,2.497118835007025361e-13,3.144445101376010500e-13,1.450309103291835922e-12,3.736712542507186770e-13,4.619251447671640219e-13,8.789360566883231624e-13,6.134903110480377365e-13,3.634318965679433085e-13,5.778746267681693266e-13,6.688688902810082001e-13,5.366435280254381710e-13,5.825463492632156174e-13,6.142566750761239909e-13,6.458901361160770206e-13,7.969717019399967858e-13,6.455756283546568847e-13,7.490549734625737279e-13,8.969888254457864598e-13,8.266296992799989638e-13
3.668409017464688713e-13,5.142122059158876429e-13,4.185413031120908497e-13,4.148688061542604537e-13,4.525088573098481856e-13,4.109440002359409010e-13,3.845547773037492424e-13,4.358402960136777485e-13,3.339664015541002923e-13,3.389185844062608280e-13,2.967124881340122068e-13,3.903336067281805464e-13,3.722180871633155893e-13,4.223695128919762424e-13,4.064985277871550759e-13,4.560581398668292065e-13,4.095868363885950667e-13,3.498117118176792709e-13,3.669363510684604356e-13,3.613339544238026029e-13,3.948925091543092639e-13,5.585116753305947353e-13,3.118637267436093033e-12,3.327573123241824693e-13,3.520831665136621445e-13,3.877515778024813915e-13,4.009145003091857421e-13,4.270893971337662748e-13,3.797946127007191089e-13,3.926417798380037540e-13,3.282829082973884920e-13,3.323244470926084635e-13,7.323386134730722650e-13,1.112460146111472381e-12,6.753965714723919199e-13,2.771734064552541523e-13,2.971509973426822547e-13,4.247245133007480031e-13,2.327143877265237271e-13,4.352323454481540310e-13,3.901296029837424999e-13,3.359422287950545191e-13,3.130296904404798082e-13,3.288533886229038348e-13,2.765716654815992280e-13,6.870208736830635738e-13,8.538794265211739020e-13,2.706327480146918101e-13,2.705212210263800827e-13,3.620655267643909209e-13,9.592955229243861463e-13,1.036712412975962180e-12,3.431786573127130113e-13,5.922393340307256804e-13,4.594307599719306950e-13,4.290585261520692763e-13,3.594949352017196017e-13,1.021422079119056821e-12,2.212698938617041830e-13,2.536927561700693094e-13,3.225336194373427702e-13,1.440022453206800266e-12,3.833196837795890397e-13,4.633278602803018054e-13,9.034048365903787359e-13,6.264866703907369635e-13,3.726038459947850608e-13,5.983778563179688567e-13,6.870391640825929975e-13,5.475010984108754447e-13,5.943319260338532370e-13,6.267509854563881922e-13,6.589234582208680322e-13,8.152764540215022332e-13,6.667812682780395783e-13,7.641648800840203024e-13,9.150857879672834189e-13,8.433134763623740974e-13
3.742464503845403494e-13,5.245985988489979745e-13,4.269940098613486498e-13,4.232571238074405360e-13,4.616484152474259283e-13,4.192409241269535429e-13,3.922659725743558642e-13,4.437928802282307195e-13,3.404886624297247178e-13,3.457458327181345487e-13,3.027017949021494397e-13,3.982159218351455476e-13,3.797430422992925154e-13,4.308992882127321214e-13,4.147045535899849027e-13,4.652114955141489010e-13,4.155902031510192987e-13,3.568313926548225645e-13,3.742646809723134276e-13,3.686256266089326458e-13,4.028597720498543205e-13,5.675514054553558421e-13,3.213076304766941463e-12,3.394674640898069230e-13,3.589151460222030164e-13,3.955380629912732299e-13,4.088598248585668944e-13,4.344056879522879584e-13,3.873551539549909329e-13,4.005356828582252656e-13,3.345106483317753480e-13,3.387720030837011748e-13,7.523215759291668422e-13,1.143486183908336774e-12,6.927469474376243886e-13,2.825950434243955727e-13,3.029974244403468331e-13,4.267987648149702113e-13,2.393212450556601129e-13,4.487860325424835206e-13,3.958720817570534339e-13,3.420542302574062472e-13,3.192997623593513531e-13,3.344614441695227382e-13,2.835679322629351562e-13,7.011207268143897349e-13,8.712985266585860763e-13,2.754250632634082851e-13,2.759170599394246700e-13,3.642783948732836256e-13,9.547596947563131657e-13,1.031877158732495454e-12,3.489029456057798462e-13,5.922753475803849483e-13,4.618400871530288625e-13,4.329522273875204826e-13,3.694586242347201408e-13,1.042070181361795121e-12,2.256831920607848347e-13,2.578128125909960237e-13,3.308760389311347777e-13,1.430468111180015414e-12,3.932721301173779156e-13,4.649707199180577825e-13,9.287429919635930522e-13,6.396812382957035873e-13,3.820541752720555429e-13,6.196304437083593623e-13,7.058310298469195459e-13,5.585724251379241865e-13,6.063495041678087381e-13,6.394831575943623879e-13,6.722177515392523089e-13,8.337538161605378908e-13,6.887918505662941825e-13,7.795780209206625476e-13,9.335455314221212612e-13,8.603306889019352508e-13
3.817998488070954575e-13,5.351915496036839054e-13,4.356147549380331025e-13,4.318111020334302549e-13,4.709697488407146702e-13,4.277033605219726619e-13,4.001366595640428188e-13,4.519645954245108793e-13,3.471598091572054228e-13,3.527111501055627421e-13,3.088107198416978513e-13,4.062550298266868060e-13,3.874167725074662481e-13,4.395988714685939270e-13,4.230744432745008735e-13,4.745534101937806516e-13,4.218332548511528592e-13,3.639957544712444603e-13,3.817472606817888550e-13,3.760632488797908302e-13,4.109867194446955738e-13,5.769081458862659783e-13,3.311325293321833561e-12,3.463125240109866393e-13,3.659063919199058504e-13,4.034845241227822308e-13,4.169776645941207815e-13,4.419516610343707556e-13,3.950769807808929126e-13,4.085908557805070147e-13,3.408932547526591385e-13,3.453698496816954939e-13,7.729926457984409261e-13,1.175618599256351899e-12,7.106398831616216872e-13,2.881396109818228754e-13,3.089739231018675670e-13,4.290992923565852336e-13,2.461521707252777740e-13,4.625391290137538368e-13,4.018419475595184579e-13,3.483347063472402525e-13,3.257001159187707729e-13,3.402454460198008517e-13,2.907773205397502199e-13,7.154753107361458071e-13,8.890419025267030542e-13,2.803565569146065634e-13,2.814269751396903420e-13,3.666875804752208984e-13,9.506558048904318419e-13,1.027519862484465695e-12,3.548142465654485651e-13,5.925871376123858611e-13,4.644999409743438140e-13,4.371001133245325540e-13,3.797542524161056132e-13,1.063125586873414737e-12,2.301897611215710769e-13,2.620719105697136646e-13,3.394820287243544962e-13,1.421610679469967732e-12,4.035410105842657501e-13,4.668520989830248310e-13,9.549918569935584427e-13,6.530843518630280025e-13,3.917937130483020127e-13,6.416514705851575796e-13,7.252726884167202227e-13,5.698624082142257209e-13,6.186044164788101676e-13,6.524597031526119583e-13,6.857783133145081160e-13,8.524224943511786957e-13,7.116396563250088717e-13,7.953003467667087617e-13,9.523753185779516336e-13,8.776882410607652125e-13
3.895040864804658093e-13,5.459953394143669829e-13,4.444070450851965661e-13,4.405343295802069069e-13,4.804766266035906511e-13,4.363346728051880154e-13,4.081695068736592289e-13,4.603558130319812134e-13,3.539813343203585562e-13,3.598171329516609065e-13,3.150416764639125787e-13,4.144541899255873001e-13,3.952424759612752081e-13,4.484717607361748848e-13,4.316115058900672570e-13,4.840870990370924505e-13,4.283154254067544754e-13,3.713072641949374988e-13,3.893864532299409591e-13,3.836497267595607153e-13,4.192765060749915331e-13,5.865807901180821350e-13,3.413594910175480112e-12,3.532951105690899656e-13,3.730583098941422291e-13,4.115937308167211384e-13,4.252702629118083283e-13,4.497270452415512931e-13,4.029623981751562686e-13,4.168101728977606792e-13,3.474316383332471433e-13,3.521193233633540232e-13,7.943833019950158304e-13,1.208910317603330092e-12,7.290973876476823342e-13,2.938084097743613536e-13,3.150820062260493785e-13,4.316256188864883804e-13,2.532163495326715485e-13,4.764856209796413270e-13,4.080387115747451806e-13,3.547840424746546488e-13,3.322328869811208097e-13,3.462053340975877642e-13,2.982081559163684781e-13,7.300931824405671452e-13,9.071194734697727919e-13,2.854274384047648039e-13,2.870526885804578333e-13,3.692931013438907223e-13,9.469673932116078726e-13,1.023622450042737768e-12,3.609123770242112079e-13,5.931702693916445055e-13,4.674098221441260423e-13,4.415022128091229604e-13,3.903955121849296785e-13,1.084597601424517168e-12,2.347910173925889757e-13,2.664700191004377981e-13,3.483623882487480041e-13,1.413417761941859650e-12,4.141394014522837352e-13,4.689708349698777084e-13,9.821953437419086683e-13,6.667059648564830598e-13,4.018338335463504223e-13,6.644593839687128807e-13,7.453940145199094342e-13,5.813759335234901278e-13,6.311019758789399206e-13,6.656870133365498627e-13,6.996104958105624083e-13,8.713008473984772090e-13,7.353580349707772250e-13,8.113379111323599122e-13,9.715825025411667118e-13,8.953930826425563863e-13
3.973621938320622231e-13,5.570142946192364875e-13,4.533744172994180732e-13,4.494304133565821479e-13,4.901728558780368648e-13,4.451382684205776130e-13,4.163672764823700740e-13,4.689671591503132756e-13,3.609548722330214568e-13,3.670664355865449794e-13,3.213971116647723226e-13,4.228166910268167330e-13,4.032233704257981462e-13,4.575214931987028093e-13,4.403190965867948756e-13,4.938158836809499845e-13,4.350363193389960429e-13,3.787684698578999188e-13,3.971847266552425594e-13,3.913880114172747762e-13,4.277323392515892504e-13,5.965685518515578949e-13,3.520111186541426424e-12,3.604178913056546215e-13,3.803724653715132008e-13,4.198685394825603510e-13,4.337400051774294038e-13,4.577318120103912154e-13,4.110138314590734065e-13,4.251965896021602710e-13,3.541268762740706335e-13,3.590219100645909625e-13,8.165269092247102981e-13,1.243417594427674170e-12,7.481426340243082237e-13,2.996028526446903747e-13,3.213233002509135810e-13,4.343776093827604185e-13,2.605234117344707332e-13,4.906203298923710112e-13,4.144620455523990912e-13,3.614028081736669374e-13,3.389002902418996256e-13,3.523412198076556161e-13,3.058691849775455626e-13,7.449826432629057638e-13,9.255408713074421303e-13,2.906380572496901292e-13,2.927960003254905603e-13,3.720952201762167608e-13,9.436794697095183731e-13,1.020168493174878266e-12,3.671973287571427564e-13,5.940209905685021037e-13,4.705695947532081719e-13,4.461587520125529220e-13,4.013967869795907575e-13,1.106495469202204242e-12,2.394884400348575551e-13,2.710072184825810335e-13,3.575284916804734036e-13,1.405859689936284043e-12,4.250810816422024169e-13,4.713261931161924406e-13,1.010400143197245541e-12,6.805556828226111137e-13,4.121864909628293442e-13,6.880718852521271882e-13,7.662266638375350456e-13,5.931178876189203330e-13,6.438474924091881849e-13,6.791713878702406867e-13,7.137197153919136397e-13,8.904068179675699604e-13,7.599814069755702418e-13,8.276968714650901111e-13,9.911745373257083400e-13,9.134522257430068895e-13
4.053772437911084728e-13,5.682527904339604791e-13,4.625204430314720508e-13,4.585029838962824696e-13,5.000622863034096333e-13,4.541176008296988238e-13,4.247328203291125888e-13,4.777995061511581383e-13,3.680821923664047534e-13,3.744617694833828679e-13,3.278795069411545676e-13,4.313458554181220737e-13,4.113626976809312169e-13,4.667516479882773114e-13,4.492006182369314287e-13,5.037431885138966980e-13,4.419957116068261706e-13,3.863819978312973842e-13,4.051446495217622641e-13,3.992811005410844861e-13,4.363574795102399806e-13,6.068709615866968482e-13,3.631116908051362299e-12,3.676835828345983065e-13,3.878505761782207740e-13,4.283118904934492025e-13,4.423894119356638630e-13,4.659661712287718048e-13,4.192338208005815514e-13,4.337531401228063919e-13,3.609802055112358877e-13,3.660792384003795892e-13,8.394588592645099832e-13,1.279200277965822764e-12,7.678000362573400977e-13,3.055244596177984560e-13,3.276995399629892859e-13,4.373554428387685290e-13,2.680834581689963976e-13,5.049390079322867488e-13,4.211117818096963612e-13,3.681917517413469302e-13,3.457046162806393578e-13,3.586533839160196988e-13,3.137696018839458062e-13,7.601517811551611634e-13,9.443154960510514550e-13,2.959889003338994565e-13,2.986587853265522126e-13,3.750944227609778849e-13,9.407783952129788113e-13,1.017143075652011793e-12,3.736692670355726024e-13,5.951361860907674153e-13,4.739794549576561623e-13,4.510701336932922979e-13,4.127731935139248473e-13,1.128828410347947909e-12,2.442835685193814852e-13,2.756837004168707640e-13,3.669923261188837185e-13,1.398909279311078883e-12,4.363805798910407406e-13,4.739178347222657349e-13,1.039655945206870153e-12,6.946427985108531151e-13,4.228642564645304943e-13,7.125058221906536885e-13,7.878042395080495571e-13,6.050931703365209151e-13,6.568462876992744443e-13,6.929190603583462963e-13,7.281114594773643569e-13,9.097578894926986390e-13,7.855452630128726912e-13,8.443834900178179046e-13,1.011158985613204785e-12,9.318727578187249312e-13
4.135523531334043197e-13,5.797152542373344315e-13,4.718487317760983084e-13,4.677557001044343390e-13,5.101488128240867016e-13,4.632761712210926550e-13,4.332690772436010947e-13,4.868539644668924726e-13,3.753651932496822473e-13,3.820059025439107318e-13,3.344913794462566520e-13,4.400450419563914153e-13,4.196637273638616435e-13,4.761658486537146887e-13,4.582595228537605862e-13,5.138725373192092982e-13,4.491935480884345334e-13,3.941505503441182482e-13,4.132688868680086463e-13,4.073320391038450536e-13,4.451552411845251536e-13,6.174878632234053978e-13,3.746873169114346987e-12,3.750949508513499981e-13,3.954945056980887176e-13,4.369268056569141376e-13,4.512211327149605096e-13,4.744305669898208005e-13,4.276250162407456112e-13,4.424829355074281576e-13,3.679930163497830381e-13,3.732930733396510815e-13,8.632167249783113072e-13,1.316322096944971370e-12,7.880953320423729646e-13,3.115748532493508619e-13,3.342125637116373507e-13,4.405595863999168898e-13,2.759070870103245442e-13,5.194384145097988243e-13,4.279879138079261135e-13,3.751517949452179223e-13,3.526482289020018937e-13,3.651422743053483202e-13,3.219190769903215363e-13,7.756085088338471865e-13,9.634525648150375740e-13,3.014805891336190852e-13,3.046429904951857685e-13,3.782913978883100790e-13,9.382517751838039148e-13,1.014532674025308254e-12,3.803285290674387339e-13,5.965133376051623610e-13,4.776399021368069616e-13,4.562369192760708361e-13,4.245406270833320055e-13,1.151605652021582656e-12,2.491780003492233066e-13,2.804997680830330580e-13,3.767665328259620685e-13,1.392541614508697615e-12,4.480532257302766239e-13,4.767457879501788664e-13,1.070015679347137290e-12,7.089763268914126631e-13,4.338803580336956079e-13,7.377770868601794793e-13,8.101624274625369183e-13,6.173067055769934934e-13,6.701037072769544857e-13,7.069362205027430630e-13,7.427912921690886652e-13,9.293710643671650644e-13,8.120861595142433458e-13,8.614041344797801239e-13,1.031543524489784941e-12,9.506618518337363991e-13
4.218906836316558630e-13,5.914061683962193464e-13,4.813629341088761033e-13,4.771922533346437336e-13,5.204363782650944076e-13,4.726175299764484630e-13,4.419790701727063951e-13,4.961318745801497977e-13,3.828058968459349976e-13,3.897016584446953441e-13,3.412352828868072351e-13,4.489176487505593621e-13,4.281297602829858962e-13,4.857677652735452574e-13,4.674993128065138198e-13,5.242075502494329656e-13,4.566299464878999849e-13,4.020769032394235233e-13,4.215601965284419040e-13,4.155439200115603999e-13,4.541289928860767247e-13,6.284194105434806894e-13,3.867661101283996689e-12,3.826548101208041346e-13,4.033062564943344155e-13,4.457163859314654054e-13,4.602379403637118890e-13,4.831256732104433231e-13,4.361901731641106799e-13,4.513891618009541066e-13,3.751668464141523596e-13,3.806653103043625113e-13,8.878404284037571665e-13,1.354850976115239985e-12,8.090556724313587451e-13,3.177557543073722131e-13,3.408643089915343224e-13,4.439907714387140778e-13,2.840054222731755868e-13,5.341163736822779366e-13,4.350905971015206220e-13,3.822840278129655673e-13,3.597335627247606433e-13,3.718085035917262121e-13,3.303277876580991377e-13,7.913605980583695257e-13,9.829611546209713276e-13,3.071138768819010283e-13,3.107506320323143690e-13,3.816870188809896419e-13,9.360883649710103973e-13,1.012325051397955793e-12,3.871756222881807238e-13,5.981504867861501082e-13,4.815517123127339449e-13,4.616598135698714528e-13,4.367158101494881224e-13,1.174836454024317126e-12,2.541733889790666415e-13,2.854558361155943959e-13,3.868644517900890969e-13,1.386733856367488822e-12,4.601152046210181561e-13,4.798104208058105876e-13,1.101535779079441679e-12,7.235650391924328172e-13,4.452487234024351618e-13,7.639005224958152104e-13,8.333391559956139706e-13,6.297634504898325963e-13,6.836251310100834958e-13,7.212290335141890181e-13,7.577648583204156760e-13,9.492628592085816721e-13,8.396417105248429709e-13,8.787652783729452694e-13,1.052335949613530577e-12,9.698267741521320716e-13
4.303954430236936784e-13,6.033300726729636846e-13,4.910667442331164777e-13,4.868163708910752908e-13,5.309289755172862157e-13,4.821452779116624469e-13,4.508659036659915032e-13,5.056347992443871524e-13,3.904064432648613136e-13,3.975519160287879863e-13,3.481138082715872038e-13,4.579671154113024199e-13,4.367641312597565415e-13,4.955611162455830645e-13,4.769235418434829609e-13,5.347519410905881073e-13,4.643051974959446764e-13,4.101639039373370751e-13,4.300214257879063295e-13,4.239198846375221141e-13,4.632821578917170886e-13,6.396660635154623373e-13,3.993783798600485271e-12,3.903660244377258054e-13,4.112879643721019736e-13,4.546838093563449316e-13,4.694427258714832681e-13,4.920523891311523804e-13,4.449321481701111222e-13,4.604750783919426129e-13,3.825033749156384477e-13,3.881979696721417350e-13,9.133724244206609157e-13,1.394859382742338659e-12,8.307097188658422834e-13,3.240689777665888275e-13,3.476568083662552936e-13,4.476499714207188092e-13,2.923901442066061329e-13,5.489718130292046181e-13,4.424201505027934684e-13,3.895897035279289349e-13,3.669631209890319766e-13,3.786528466108494182e-13,3.390064514608322202e-13,8.074157103661556928e-13,1.002850239804325711e-12,3.128896456943884880e-13,3.169837929887160537e-13,3.852823266626082717e-13,9.342779851968383517e-13,1.010509162656015052e-12,3.942112224938997170e-13,6.000462021209240894e-13,4.857159136772748482e-13,4.673396519652067588e-13,4.493163444925606595e-13,1.198530129903698140e-12,2.592714419119366125e-13,2.905524304653159922e-13,3.973001699310045244e-13,1.381465070748911384e-12,4.725836176458090611e-13,4.831124160800660927e-13,1.134276471833036712e-12,7.384174956029111941e-13,4.569840263603540922e-13,7.908898425805772321e-13,8.573747719297817718e-13,6.424684032887025722e-13,6.974159819777856263e-13,7.358036570648024335e-13,7.730378867365208755e-13,9.694493136056473317e-13,8.682505759191155881e-13,8.964735012369271512e-13,1.073544178188067853e-12,9.893748906413745308e-13
4.390698858013575529e-13,6.154915662459277219e-13,5.009639020847558061e-13,4.966318190043508844e-13,5.416306493624973514e-13,4.918630673038276151e-13,4.599327615837072558e-13,5.153645159588356547e-13,3.981690859240480522e-13,4.055596087254281686e-13,3.551295845162667217e-13,4.671969248775507237e-13,4.455702115428767148e-13,5.055496697747847029e-13,4.865358159288458680e-13,5.455095147735167040e-13,4.722197660633301427e-13,4.184144695733560999e-13,4.386555083294243223e-13,4.324631232402489205e-13,4.726182144322937470e-13,6.512285843906275073e-13,4.125568466366927273e-12,3.982315065502203885e-13,4.194418928554031180e-13,4.638323291604492666e-13,4.788384936281885128e-13,5.012118347195296014e-13,4.538538953021060260e-13,4.697440164965084577e-13,3.900044172314685366e-13,3.958931916584918635e-13,9.398579016952202268e-13,1.436424707634778038e-12,8.530877483491763722e-13,3.305164290929482818e-13,3.545921857043597768e-13,4.515383814407862872e-13,3.010735217257703995e-13,5.640047851449549564e-13,4.499770573334508843e-13,3.970702334496735569e-13,3.743394735517839553e-13,3.856762377863210944e-13,3.479663619992319062e-13,8.237814245814833287e-13,1.023128724659055351e-12,3.188089036737087291e-13,3.233446210292579632e-13,3.890785142938160243e-13,9.328114461127450560e-13,1.009075069833819212e-12,4.014361718175124271e-13,6.021995487334392027e-13,4.901337641012881817e-13,4.732773899501831755e-13,4.623607672439839044e-13,1.222696064284343469e-12,2.644739189652160207e-13,2.957901881291225566e-13,4.080885732932429781e-13,1.376716075475633265e-12,4.854765461969604893e-13,4.866527480596844198e-13,1.168302098003463661e-12,7.535420764174135861e-13,4.691017367449342330e-13,8.187575656763055394e-13,8.823122334265476426e-13,6.554266098849285009e-13,7.114817337968960767e-13,7.506662560796409118e-13,7.886161925374355665e-13,9.899460092778798439e-13,8.979524461437781189e-13,9.145354885931640917e-13,1.095176250988003063e-12,1.009313671295623864e-12
4.479173138598332660e-13,6.278953093742329987e-13,5.110581950399796963e-13,5.066424053326432970e-13,5.525454979692133650e-13,5.017746027167438810e-13,4.691829049968133825e-13,5.253230097197326171e-13,4.060961870527076138e-13,4.137277239847303044e-13,3.622852789109044461e-13,4.766106049261637417e-13,4.545514108366633042e-13,5.157372450825615175e-13,4.963397939018744454e-13,5.564841650975006520e-13,4.803742926778819958e-13,4.268315852863586755e-13,4.474654614413826093e-13,4.411768752666483728e-13,4.821406958820907445e-13,6.631080335852115105e-13,4.263368823907535503e-12,4.062542180399151461e-13,4.277704280541739208e-13,4.731652720232922078e-13,4.884283570803740529e-13,5.106053460075987622e-13,4.629584625968211265e-13,4.791993777556409983e-13,3.976719197901347451e-13,4.037532315565542442e-13,9.673450028095414217e-13,1.479629684754176429e-12,8.762217675682687820e-13,3.371001007975397430e-13,3.616726527026481926e-13,4.556573993372875842e-13,3.100684470458900646e-13,5.792164734174972780e-13,4.577619666635693687e-13,4.047271822784712802e-13,3.818652550456421489e-13,3.928797683999264068e-13,3.572194275660685869e-13,8.404652614151853866e-13,1.043805471901314364e-12,3.248727820118529312e-13,3.298353263775124603e-13,3.930769129242451157e-13,9.316804799241918441e-13,1.008013866372560817e-12,4.088514765594570556e-13,6.046100608846760264e-13,4.948067305293773758e-13,4.794740947872415903e-13,4.758686111453839849e-13,1.247343727045397474e-12,2.697826306373869201e-13,3.011698567426189076e-13,4.192454036147122562e-13,1.372469303427685913e-12,4.988131221517656834e-13,4.904326608547865156e-13,1.203681462257469688e-12,7.689470115117568230e-13,4.816181744584639555e-13,8.475149695940773631e-13,9.081973212892538156e-13,6.686431695043595148e-13,7.258279171390909584e-13,7.658230156394846336e-13,8.045056788608563199e-13,1.010768097097545063e-12,9.287880238034422428e-13,9.329580317443599386e-13,1.117240333608934711e-12,1.029650693641718460e-12
4.569410769279416043e-13,6.405460247178650301e-13,5.213534592492908346e-13,5.168519810187096142e-13,5.636776740676577393e-13,5.118836416244700731e-13,4.786196702409779533e-13,5.355124660586402644e-13,4.141902135190235034e-13,4.220593027057303219e-13,3.695835974456757444e-13,4.862117293486431640e-13,4.637111789694993267e-13,5.261277133409185487e-13,5.063391879513001060e-13,5.676798726216782151e-13,4.887695945561502262e-13,4.354183026235022721e-13,4.564543834440893486e-13,4.500644295290852042e-13,4.918531908341021040e-13,6.753057653578462656e-13,4.407567796756766093e-12,4.144371691452850785e-13,4.362760738901566573e-13,4.826860364521442918e-13,4.982155347366732305e-13,5.202344703895754226e-13,4.722489889102984686e-13,4.888446329125456005e-13,4.055079552492768418e-13,4.117804553056854319e-13,9.958850657208818546e-13,1.524562854015561761e-12,9.001456368576735167e-13,3.438220692352547484e-13,3.689005056662740935e-13,4.600086083081206625e-13,3.193884726972893635e-13,5.946091841383621873e-13,4.657756944573539270e-13,4.125622633740880788e-13,3.895431631702317571e-13,4.002646837817549211e-13,3.667782129247414485e-13,8.574747054442607239e-13,1.064889327456072039e-12,3.310825321053498747e-13,3.364581799133919701e-13,3.972789791137633733e-13,9.308776801912308709e-13,1.007317609465034375e-12,4.164583048858499797e-13,6.072777168214808167e-13,4.997364701797007381e-13,4.859309391852418266e-13,4.898604694115362437e-13,1.272482684822865271e-12,2.751994366219570261e-13,3.066922940338809647e-13,4.307873196971842966e-13,1.368708679901784436e-12,5.126136040768790327e-13,4.944536482149962046e-13,1.240488220981033420e-12,7.846404081113779249e-13,4.945505678892715926e-13,8.771720684969689343e-13,9.350788708137187368e-13,6.821232394088381872e-13,7.404601248701087420e-13,7.812801522177489369e-13,8.207123379754525311e-13,1.031930329881442213e-12,9.607990025875937571e-13,9.517480272743305997e-13,1.139744717434925246e-12,1.050393645243050720e-12
4.661445728228744475e-13,6.534484983281865463e-13,5.318535806232723998e-13,5.272644423316282514e-13,5.750313858171198428e-13,5.221939948345237537e-13,4.882464670931320358e-13,5.459352643766753910e-13,4.224537329565636883e-13,4.305574386409125586e-13,3.770272849932563250e-13,4.960039187633176354e-13,4.730530072273621669e-13,5.367249983403253285e-13,5.165377639036443759e-13,5.791007026881437529e-13,4.974066666864839556e-13,4.441777380359441101e-13,4.656254513020042005e-13,4.591291242505046759e-13,5.017593430519616473e-13,6.878234233044664955e-13,4.558580539362332583e-12,4.227834185171435042e-13,4.449614476535731306e-13,4.923980912470440722e-13,5.082033464816568464e-13,5.301009619099101146e-13,4.817287009831823776e-13,4.986833205437001112e-13,4.135147179535430279e-13,4.199773353632249329e-13,1.025532888973558066e-12,1.571319072508732817e-12,9.248952049973441017e-13,3.506844916251857037e-13,3.762781225193134301e-13,4.645937609726266433e-13,3.290478511174612988e-13,6.101863272418874063e-13,4.740192245688922768e-13,4.205773342387413683e-13,3.973759570911986151e-13,4.078323804413572919e-13,3.766559844922616738e-13,8.748172247490901455e-13,1.086389142015791904e-12,3.374395226980661672e-13,3.432155114006527929e-13,4.016862834864125903e-13,9.303964475315619112e-13,1.006979259573921885e-12,4.242579844127306232e-13,6.102029156888043139e-13,5.049248134866961985e-13,4.926491968023530716e-13,5.043580656122894467e-13,1.298122610231312999e-12,2.807262444157654935e-13,3.123584671434131187e-13,4.427319640520594151e-13,1.365419512601695731e-12,5.268994600646092256e-13,4.987174347341647630e-13,1.278801310241397993e-12,8.006302768787882395e-13,5.079171171536866928e-13,9.077376164069846274e-13,9.630090265123416202e-13,6.958720388307626637e-13,7.553840164176451698e-13,7.970439234526539019e-13,8.372422518750276693e-13,1.053447099276011847e-12,9.940280442565603159e-13,9.709124762609029165e-13,1.162697819016021807e-12,1.071550325585765042e-12
4.755312475913809278e-13,6.666075803329949048e-13,5.425624955007141229e-13,5.378837319254576535e-13,5.866108973852883200e-13,5.327095267176112468e-13,4.980667770497417171e-13,5.565939715890577632e-13,4.308894101661838742e-13,4.392252777673747811e-13,3.846191253503266714e-13,5.059908411594337282e-13,4.825804293786389636e-13,5.475330769088605753e-13,5.269393413332016042e-13,5.907508035544550097e-13,5.062866826879615672e-13,4.531130714483873860e-13,4.749819183982476631e-13,4.683743469788096902e-13,5.118628512978441913e-13,7.006629357141881884e-13,4.716857836232009791e-12,4.312960729002389171e-13,4.538292758698937893e-13,5.023049740359420336e-13,5.183952101684015670e-13,5.402067765793361189e-13,4.914009107183582039e-13,5.087190458275577424e-13,4.216945196641149290e-13,4.283464468601894645e-13,1.056347023418451203e-12,1.620000080118003140e-12,9.505084559517600638e-13,3.576896032743912589e-13,3.838079600257608106e-13,4.694147648445695724e-13,3.390615770397927277e-13,6.259523881167022625e-13,4.824937095564656929e-13,4.287743921773938569e-13,4.053664559292668693e-13,4.155844031670393438e-13,3.868667592541676067e-13,8.925002884932086944e-13,1.108313789793294751e-12,3.439452370683527215e-13,3.501097078270118019e-13,4.063005006902647338e-13,9.302309409745833726e-13,1.006992626226582665e-12,4.322519997035105232e-13,6.133864562667171350e-13,5.103737487451323959e-13,4.996302394218557018e-13,5.193843290404002818e-13,1.324273289154883312e-12,2.863650080075914527e-13,3.181694518222596356e-13,4.550980353559822113e-13,1.362588392864511065e-12,5.416934578821481774e-13,5.032259583743807140e-13,1.318705419255689398e-12,8.169245564163304726e-13,5.217370626303739204e-13,9.392191403698619554e-13,9.920435232954237993e-13,7.098948522284171891e-13,7.706053213488447816e-13,8.131206366510094026e-13,8.541015924320065172e-13,1.075332475452195405e-12,1.028518754673197088e-12,9.904584832974633966e-13,1.186108179995839137e-12,1.093128647599219178e-12
4.851045954443006082e-13,6.800281853113932359e-13,5.534841910057184356e-13,5.487138397204098296e-13,5.984205292338222731e-13,5.434341552300907616e-13,5.080841516747507067e-13,5.674913360774343340e-13,4.395000037606533608e-13,4.480660176029533824e-13,3.923619411291919942e-13,5.161762121417881458e-13,4.922970223950242072e-13,5.585559790813447800e-13,5.375477934856733905e-13,6.026344045986996531e-13,5.154109954558468469e-13,4.622275448766427500e-13,4.845271124388129751e-13,4.778035343589531448e-13,5.221674690196652603e-13,7.138265108185066095e-13,4.882889937580241338e-12,4.399782867228441551e-13,4.628823904471535525e-13,5.124102898516009713e-13,5.287946384501781517e-13,5.505540677434690589e-13,5.012690126341924638e-13,5.189554793228400803e-13,4.300497855421931902e-13,4.368904640134125909e-13,1.088390093556053837e-12,1.670715126397137930e-12,9.770256687670089537e-13,3.648397149794247360e-13,3.914925511945896017e-13,4.744736691834349611e-13,3.494454329150647710e-13,6.419128929413702582e-13,4.912004712897997433e-13,4.371555701374260367e-13,4.135175373149767325e-13,4.235224421119309552e-13,3.974253577666491827e-13,9.105313826805147092e-13,1.130672184798534060e-12,3.506012702696574734e-13,3.571432118343515118e-13,4.111234006307808669e-13,9.303760343569540459e-13,1.007352319502131814e-12,4.404419896994950851e-13,6.168295173073184870e-13,5.160854084107634265e-13,5.068755356323972330e-13,5.349634760681167177e-13,1.350944626340309404e-12,2.921177266297720603e-13,3.241264315170734290e-13,4.679053673026089413e-13,1.360203106901490940e-12,5.570197631829222601e-13,5.079813542474686381e-13,1.360291515077731187e-12,8.335311362863114044e-13,5.360307592963825242e-13,9.716230061330183371e-13,1.022242017407862750e-12,7.241970319213436895e-13,7.861298422422138408e-13,8.295166561658583761e-13,8.712966211088072988e-13,1.097600248610489073e-12,1.064315660149482655e-12,1.010393255265635443e-12,1.209984466048244765e-12,1.115136639285626983e-12
4.948681585061216272e-13,6.937152924260003995e-13,5.646227051496214004e-13,5.597588034712656053e-13,6.104646581754525738e-13,5.543718517675097255e-13,5.183022110400153012e-13,5.786302820046055002e-13,4.482883630481034500e-13,4.570829064874712841e-13,4.002585935237676665e-13,5.265637949714211315e-13,5.022064069122205664e-13,5.697977880815784411e-13,5.483670470675024846e-13,6.147558146336462558e-13,5.247811376283967294e-13,4.715244611144758520e-13,4.942644335049467449e-13,4.874201718000720529e-13,5.326770039372936787e-13,7.273166320532251398e-13,5.057210896059022907e-12,4.488332616126457159e-13,4.721237251185291064e-13,5.227177097780861713e-13,5.394052358701618710e-13,5.611451815830800783e-13,5.113364815100601608e-13,5.293963557853392304e-13,4.385830504061764566e-13,4.456121568069639601e-13,1.121729152088278668e-12,1.723581666577862250e-12,1.004489592129386231e-12,3.721372106077420286e-13,3.993345028762138695e-13,4.797726532444422765e-13,3.602160376546779162e-13,6.580743700377482947e-13,5.001410013826668252e-13,4.457231327656568428e-13,4.218321360226991003e-13,4.316483299210876246e-13,4.083474616710686172e-13,9.289180244915247618e-13,1.153473295180311616e-12,3.574093264564831061e-13,3.643185202454209339e-13,4.161568409796244148e-13,9.308272773840157340e-13,1.008053706624426707e-12,4.488297451425955890e-13,6.205336393410924642e-13,5.220620570745929211e-13,5.143866508903055168e-13,5.511210981163659652e-13,1.378146649771530760e-12,2.979864435782325858e-13,3.302306963708463372e-13,4.811750145433805959e-13,1.358252555861282319e-12,5.729040466712463169e-13,5.129859396727275024e-13,1.403657425023946461e-12,8.504578788434454189e-13,5.508197574965090100e-13,1.004954518892828058e-12,1.053668322965920197e-12,7.387840002666798137e-13,8.019634571577690510e-13,8.462384099234682318e-13,8.888336884042833658e-13,1.120263971809266894e-12,1.101464185930026170e-12,1.030724100011913156e-12,1.234335465325516469e-12,1.137582445814983781e-12
5.048255266571055243e-13,7.076739452682617490e-13,5.759821266395036298e-13,5.710227090339400375e-13,6.227477172145266442e-13,5.655266408096861400e-13,5.287246422216354344e-13,5.900139039651674679e-13,4.572574250960888020e-13,4.662792427931197252e-13,4.083119819351152066e-13,5.371574001542556727e-13,5.123122474015820971e-13,5.812626401067613485e-13,5.594010818860524516e-13,6.271194202842650664e-13,5.343988218639894216e-13,4.810071824624246102e-13,5.041973522202394982e-13,4.972277930207999321e-13,5.433953175003960712e-13,7.411360533783513802e-13,5.240403483124122632e-12,4.578642458016357735e-13,4.815563121484378512e-13,5.332309696366436043e-13,5.502306961681421249e-13,5.719826527545535130e-13,5.216068701842607483e-13,5.400454729902000322e-13,4.472969552391303437e-13,4.545143879126237382e-13,1.156436071876427899e-12,1.778726136013793352e-12,1.032945634971693238e-12,3.795845448357180555e-13,4.073364935230067306e-13,4.853140158997450059e-13,3.713908989797916724e-13,6.744443094671460881e-13,5.093169614447917421e-13,4.544794726768446684e-13,4.303132426582553475e-13,4.399640389105751685e-13,4.196496761621200460e-13,9.476677753206642263e-13,1.176726155847470385e-12,3.643712162953666629e-13,3.716381826630633709e-13,4.214027609253536425e-13,9.315808608710435270e-13,1.009092873429176482e-12,4.574172060035374234e-13,6.245007077839089235e-13,5.283060810619664151e-13,5.221652488002872793e-13,5.678842568346600143e-13,1.405889513931240465e-12,3.039732451345569830e-13,3.364836421261807218e-13,4.949293464907704848e-13,1.356726684414698833e-12,5.893736011756449859e-13,5.182422004562919694e-13,1.448908484670177227e-12,8.677126399787606581e-13,5.661268907681485470e-13,1.039218060510127554e-12,1.086390838646120795e-12,7.536612513805734858e-13,8.181121211992392290e-13,8.632923951693926744e-13,9.067192332653392883e-13,1.143337004454803139e-12,1.140010638696324976e-12,1.051458424810165225e-12,1.259170088243352871e-12,1.160474330877900877e-12
5.149803369697445983e-13,7.219092515981909681e-13,5.875665944844296968e-13,5.825096905187887088e-13,6.352741949020240678e-13,5.769025994629061170e-13,5.393551978918186241e-13,6.016454620102115080e-13,4.664102125639154041e-13,4.756583740434268985e-13,4.165250434931541693e-13,5.479608848214325929e-13,5.226182521316309566e-13,5.929547239953698742e-13,5.706539304140453805e-13,6.397296844777550383e-13,5.442659410080533280e-13,4.906791295413992625e-13,5.143294080784154459e-13,5.072299795292997781e-13,5.543263242620123390e-13,7.552877951416835637e-13,5.433104783175931402e-12,4.670745334772633049e-13,4.911832793415949775e-13,5.439538687669850021e-13,5.612747998542207611e-13,5.830692002632314499e-13,5.320838075414553877e-13,5.509066906070287441e-13,4.561942439864513997e-13,4.636001098850844045e-13,1.192587980134629860e-12,1.836284813659677208e-12,1.062442075206493897e-12,3.871842409777758670e-13,4.155012711391687469e-13,4.911001666770273188e-13,3.829884697446308587e-13,6.910311230893674553e-13,5.187301832294291256e-13,4.634271069891253794e-13,4.389639024320372280e-13,4.484716783702405389e-13,4.313495979515929795e-13,9.667882527887198442e-13,1.200439880357431542e-12,3.714888544968730982e-13,3.791048001622338414e-13,4.268631761867859494e-13,9.326335860041996516e-13,1.010466590370541175e-12,4.662064589948155579e-13,6.287329373039496798e-13,5.348199797053764469e-13,5.302130935262524792e-13,5.852815872589836960e-13,1.434183503108638299e-12,3.100802593869614798e-13,3.428867692090916203e-13,5.091921495714176544e-13,1.355616417369550654e-12,6.064574697888489578e-13,5.237527784675549121e-13,1.496158260354490355e-12,8.853032891548634239e-13,5.819763715223297848e-13,1.074417267462071727e-12,1.120483061658475234e-12,7.688343529186827126e-13,8.345818673713863110e-13,8.806851840597861300e-13,9.249597796526902090e-13,1.166832555874962700e-12,1.180002196046700973e-12,1.072603734831958247e-12,1.284497365586442421e-12,1.183820673494562470e-12
5.253362724861469564e-13,7.364263831087980800e-13,5.993802973772017127e-13,5.942239302690267145e-13,6.480486353790869691e-13,5.885038570173499393e-13,5.501976945778004929e-13,6.135283764273748506e-13,4.757498301162406968e-13,4.852236959912068312e-13,4.249007522365157999e-13,5.589781527647242219e-13,5.331281729436620439e-13,6.048782803030960614e-13,5.821296768526053569e-13,6.525911444085018077e-13,5.543845678273869770e-13,5.005437798728333065e-13,5.246642076039671451e-13,5.174303597078045407e-13,5.654739906583350093e-13,7.697751392262782763e-13,5.636012594165945041e-12,4.764674641527460799e-13,5.010078470538800005e-13,5.548902685307759584e-13,5.725414116520291130e-13,5.944077231566138565e-13,5.427709962926918982e-13,5.619839286908797300e-13,4.652777604069165298e-13,4.728723623737123145e-13,1.230267738001202056e-12,1.896404781969563133e-12,1.093030288614273276e-12,3.949388891578554325e-13,4.238316512073867956e-13,4.971336179355483884e-13,3.950282084708811501e-13,7.078441062849080806e-13,5.283826683905956198e-13,4.725686738823658178e-13,4.477872137748429040e-13,4.571734917819906649e-13,4.434658891414171173e-13,9.862871399344900782e-13,1.224623673798375754e-12,3.787642573073704034e-13,3.867210239029658268e-13,4.325401750092207543e-13,9.339828361824653136e-13,1.012172280867443529e-12,4.751997349555533432e-13,6.332328568304622331e-13,5.416063578712217650e-13,5.385320528553560862e-13,6.033434094677873909e-13,1.463039037676723466e-12,3.163096551936757121e-13,3.494416811330780755e-13,5.239887398021770822e-13,1.354913602214304326e-12,6.241865857875572442e-13,5.295204601175043709e-13,1.545529352941082479e-12,9.032377277881467480e-13,5.983938950902016876e-13,1.110555239997420780e-12,1.156023976251196735e-12,7.843089468302928823e-13,8.513788099224031005e-13,8.984234290962194776e-13,9.435619399777908259e-13,1.190763728494332608e-12,1.221486906647086589e-12,1.094167631837123365e-12,1.310326443871812340e-12,1.207629952045861756e-12
5.358970583654266555e-13,7.512305675272706921e-13,6.114274680552299844e-13,6.061696551356694080e-13,6.610756320929805990e-13,6.003345884445832599e-13,5.612560084347935094e-13,6.256662210897398738e-13,4.852794603876309507e-13,4.949786499318541363e-13,4.334421169759969041e-13,5.702131496907116473e-13,5.438458003047925781e-13,6.170375954436882394e-13,5.938324516474807482e-13,6.657084061806356617e-13,5.647569508446228599e-13,5.106046632611028270e-13,5.352054190433911076e-13,5.278326047366781923e-13,5.768423320255243612e-13,7.846016171236627841e-13,5.849892416235423252e-12,4.860464178695458930e-13,5.110333222101536454e-13,5.660440868393547314e-13,5.840344739343519055e-13,6.060012926330329191e-13,5.536722080522293157e-13,5.732811633263934393e-13,4.745504424313726105e-13,4.823342666932766639e-13,1.269564452493921919e-12,1.959244963856701087e-12,1.124764994796971953e-12,4.028511426171217249e-13,4.323305125092552237e-13,5.034169753525055224e-13,4.075306426559604905e-13,7.248933957830971516e-13,5.382765845563271908e-13,4.819069265504718592e-13,4.567863244541250298e-13,4.660718515006172176e-13,4.560183556468273794e-13,1.006172190079582929e-12,1.249286816703688655e-12,3.861995391358129175e-13,3.944895519720082850e-13,4.384359125239272100e-13,9.356265391028802818e-13,1.014207976825169194e-12,4.843994034362967762e-13,6.380032897750312168e-13,5.486679156375141683e-13,5.471240983234839651e-13,6.221018467531741285e-13,1.492466637384771962e-12,3.226636402331067681e-13,3.561500824777554445e-13,5.393460819312503607e-13,1.354610931418099774e-12,6.425939204510052771e-13,5.355481616497235844e-13,1.597154267525769619e-12,9.215238954109757633e-13,6.154067491412183436e-13,1.147634785368353103e-12,1.193098553234067589e-12,8.000907398043742284e-13,8.685091350218914959e-13,9.165138513494650973e-13,9.625323987719895046e-13,1.215143553631257902e-12,1.264513691969571020e-12,1.116157795829572147e-12,1.336666565635208224e-12,1.231910715548714053e-12
5.466665227050178296e-13,7.663272726584403756e-13,6.237124847838617809e-13,6.183512307871534606e-13,6.743599442551990789e-13,6.123991132700227436e-13,5.725341489591016025e-13,6.380628091497131551e-13,4.950024027384577374e-13,5.049267682051148683e-13,4.421522172589576277e-13,5.816699415206772161e-13,5.547750359515127919e-13,6.294371207790970088e-13,6.057665361437511267e-13,6.790862657518117279e-13,5.753855812054757401e-13,5.208654250498794003e-13,5.459568412070260913e-13,5.384405000951485519e-13,5.884354939040663156e-13,7.997712108371099159e-13,6.075594879582836615e-12,4.958148647704189957e-13,5.212631532246108877e-13,5.774193822981049068e-13,5.957580922485651923e-13,6.178532344484875928e-13,5.647913529960942546e-13,5.848025079544235498e-13,4.840153628786568092e-13,4.919890713256331017e-13,1.310574721677694945e-12,2.024978944754204652e-12,1.157704731276321458e-12,4.109237341601667605e-13,4.410008307200467419e-13,5.099529665806644793e-13,4.205174725360931703e-13,7.421901720159885423e-13,5.484143227772192364e-13,4.914447746756911827e-13,4.659644756454952418e-13,4.751692947543415356e-13,4.690280677648949046e-13,1.026451752495226400e-12,1.274439423584712189e-12,3.937969259523256482e-13,4.024131556410635031e-13,4.445526382553440021e-13,9.375633115433419828e-13,1.016572569660985204e-12,4.938080130197945181e-13,6.430474199216097497e-13,5.560075083014472435e-13,5.559913658491362772e-13,6.415910236301376930e-13,1.522477999209842836e-12,3.291444686497749355e-13,3.630137871063874893e-13,5.552929808808472803e-13,1.354702507472824882e-12,6.617148026533841254e-13,5.418389773928314178e-13,1.651177285820515070e-12,9.401702349168770685e-13,6.330440209733209245e-13,1.185659218440550210e-12,1.231798539494326021e-12,8.161857915544007010e-13,8.859794538276493535e-13,9.349636417792896178e-13,9.818783431249979051e-13,1.239985787804428963e-12,1.309132973458801967e-12,1.138582560300563149e-12,1.363527956583334984e-12,1.256672400379568372e-12
5.576483989338987255e-13,7.817215596953416630e-13,6.362395234219173598e-13,6.307728327115962000e-13,6.879060999720917566e-13,6.247015638082859488e-13,5.840360090433973298e-13,6.507218880460500306e-13,5.049219459250669218e-13,5.150715224902978902e-13,4.510340837063173536e-13,5.933524481750774968e-13,5.659196542169080723e-13,6.420810649093051341e-13,6.179360069636080754e-13,6.927292906497135477e-13,5.862729825233847656e-13,5.313296157643359075e-13,5.569221742682881241e-13,5.492577053548525585e-13,6.002574714800434351e-13,8.152876364682837358e-13,6.314032119663776202e-12,5.057762081528776263e-13,5.317007466004087253e-13,5.890200720443983393e-13,6.077162473817439637e-13,6.299668471572974852e-13,5.761322447434105664e-13,5.965519373017838420e-13,4.936755945324898916e-13,5.018400011090074796e-13,1.353401044031217443e-12,2.093790534522541186e-12,1.191911428586395362e-12,4.191594274987693223e-13,4.498455687536857736e-13,5.167443468639237997e-13,4.340115451483362725e-13,7.597458390052569611e-13,5.587983197649833684e-13,5.011851463962962144e-13,4.753248577318304683e-13,4.844684068507216874e-13,4.825173574377547569e-13,1.047132880944564820e-12,1.300089744302521934e-12,4.015587124169323877e-13,4.104945955222867943e-13,4.508926184347383731e-13,9.397919628971705885e-13,1.019264934341998363e-12,5.034281614746023518e-13,6.483685483713096103e-13,5.636279512356605346e-13,5.651359926429630047e-13,6.618470011827979343e-13,1.553082084622469350e-12,3.357544184903145473e-13,3.700346981129571463e-13,5.718600498662297664e-13,1.355181756304687919e-12,6.815865927573125622e-13,5.483960082287075912e-13,1.707752645913255804e-12,9.591841143135396833e-13,6.513364664915450078e-13,1.224630855457646693e-12,1.272222529842982795e-12,8.325995010225277361e-13,9.037955275529743035e-13,9.537790637301087154e-13,1.001605890911064906e-12,1.265302170769965474e-12,1.355394520910579530e-12,1.161448771968783078e-12,1.390918525000362549e-12,1.281922466193738334e-12
5.688465861787304263e-13,7.974189831580432074e-13,6.490130309491027641e-13,6.434388964055400674e-13,7.017189385706453077e-13,6.372463352871765913e-13,5.957657022654683036e-13,6.636475471699967211e-13,5.150415283738094742e-13,5.254165233697207269e-13,4.600908551722666636e-13,6.052648037410036173e-13,5.772836213979590343e-13,6.549739567549534216e-13,6.303452248635637727e-13,7.066423949329214636e-13,5.974219899252741984e-13,5.420009739454946356e-13,5.681053274914181409e-13,5.602880799004456740e-13,6.123124919162729276e-13,8.311553396836118172e-13,6.566236441971010228e-12,5.159339885859614050e-13,5.423497078405201266e-13,6.008503149055163341e-13,6.199131838673044205e-13,6.423457761386318533e-13,5.876989155013042776e-13,6.085336620886793179e-13,5.035343824959047306e-13,5.118904530158851755e-13,1.398155718825307287e-12,2.165883568581307961e-12,1.227451783387487213e-12,4.275610698789479127e-13,4.588678173099789174e-13,5.237940060881248567e-13,4.480370702601978428e-13,7.775731241826066893e-13,5.694312919836721925e-13,5.111311640461394333e-13,4.848708004955573116e-13,4.939719677356668355e-13,4.965100512061310145e-13,1.068224066635141706e-12,1.326248033080157101e-12,4.094873073683598658e-13,4.187367279264652635e-13,4.574582290918974346e-13,9.423120829013679868e-13,1.022285048118331369e-12,5.132626599366570460e-13,6.539703787380817994e-13,5.715322692994017975e-13,5.745603425499543209e-13,6.829082081686053841e-13,1.584290728914144667e-12,3.424958132840119332e-13,3.772148228451364680e-13,5.890801108339595081e-13,1.356044188345664888e-12,7.022495962115720996e-13,5.552225634248949534e-13,1.767049949110298386e-12,9.785741166188148872e-13,6.703170174053452239e-13,1.264553940247842043e-12,1.314477341315490075e-12,8.493380384059067316e-13,9.219640821710991099e-13,9.729674396276040350e-13,1.021722326138121300e-12,1.291106477122644935e-12,1.403350662771096785e-12,1.184764851508091080e-12,1.418848603090767788e-12,1.307670390850082735e-12
5.802649754051357748e-13,8.134249995554369092e-13,6.620374140360796431e-13,6.563538232477199693e-13,7.158032507187400791e-13,6.500377886860900192e-13,6.077273365910564959e-13,6.768439440161367050e-13,5.253646296961038010e-13,5.359653865520558146e-13,4.693256723150835180e-13,6.174111160781342544e-13,5.888708849968684670e-13,6.681202682622624618e-13,6.429985067748284611e-13,7.208304556804541697e-13,6.088355629436995209e-13,5.528832350700549806e-13,5.795102111519047625e-13,5.715354638142817612e-13,6.246047593558431808e-13,8.473788346490203434e-13,6.833341774710581960e-12,5.262917481099540688e-13,5.532136768348242502e-13,6.129142534108361301e-13,6.323531477453302444e-13,6.549937598301767997e-13,5.994954037571345060e-13,6.207518778615170540e-13,5.135950249616719204e-13,5.221438617142703478e-13,1.444959578623381967e-12,2.241478152780721513e-12,1.264396936176672168e-12,4.361315545592920733e-13,4.680706979582440467e-13,5.311048932593391460e-13,4.626196217678306188e-13,7.956853368861164202e-13,5.803160781250191376e-13,5.212860222521159215e-13,4.946056437053598728e-13,5.036828499621594757e-13,5.110315007203751084e-13,1.089733457832507804e-12,1.352924019061325612e-12,4.175852002287110941e-13,4.271424313202894761e-13,4.642518942329351921e-13,9.451236223314240512e-13,1.025633213232332097e-12,5.233144192272469080e-13,6.598568077922697214e-13,5.797235283938807476e-13,5.842668647036835696e-13,7.048154331377818679e-13,1.616114946316446489e-12,3.493710072517013127e-13,3.845562611565480099e-13,6.069882170657003330e-13,1.357285524988476024e-12,7.237468198505476513e-13,5.623220154914145956e-13,1.829252856168164795e-12,9.983485582327231069e-13,6.900207082440005809e-13,1.305433353201158615e-12,1.358678370746934047e-12,8.664074027007962518e-13,9.404916166950879629e-13,9.925358477900930442e-13,1.042234627635898604e-12,1.317411933167820110e-12,1.453054347066332306e-12,1.208538790328854423e-12,1.447327825485622884e-12,1.333925104187541419e-12
5.919075010442935311e-13,8.297451293886513569e-13,6.753171257648269772e-13,6.695220601474281990e-13,7.301638806345721814e-13,6.630803357628874233e-13,6.199250797298152583e-13,6.903153805064880101e-13,5.358948033389476578e-13,5.467217715944612003e-13,4.787417081135967360e-13,6.297955348673981916e-13,6.006854349561887185e-13,6.815245216193951254e-13,6.559002198083254782e-13,7.352984215898233293e-13,6.205168444978527206e-13,5.639801878910252930e-13,5.911407981749333148e-13,5.830037411912114687e-13,6.371385264676629723e-13,8.639628861691208568e-13,7.116606813513923990e-12,5.368530714526091218e-13,5.642963771081427513e-13,6.252160893294862245e-13,6.450404636438244932e-13,6.679147037816411706e-13,6.115258162673536359e-13,6.332108373088772171e-13,5.238609094679588352e-13,5.326037401762957262e-13,1.493943508403603699e-12,2.320814103390703427e-12,1.302823060665276694e-12,4.448738338455840049e-13,4.774573927122580757e-13,5.386800446426721810e-13,4.777862625499434428e-13,8.140965781608691427e-13,5.914556896919546300e-13,5.316530249525346466e-13,5.045327759352876846e-13,5.136040504869036996e-13,5.261087360764675487e-13,1.111669342642188744e-12,1.380127597683010887e-12,4.258549719394231428e-13,4.357146290176754186e-13,4.712761127540839588e-13,9.482270231463470029e-13,1.029310288550929684e-12,5.335864854590884931e-13,6.660319837437357573e-13,5.882048931208710391e-13,5.942581487121949742e-13,7.276120652588552948e-13,1.648565920270621285e-12,3.563823899727113484e-13,3.920612109753382521e-13,6.256218984608574007e-13,1.358902210810464071e-12,7.461243551264948031e-13,5.696978456743812228e-13,1.894561499867294880e-12,1.018515919195837277e-12,7.104849268258053460e-13,1.347275469976026970e-12,1.404950651390028105e-12,8.838136826277294423e-13,9.593847235016352225e-13,1.012491488217922404e-12,1.063149858663270848e-12,1.344231957008663095e-12,1.504559818863979974e-12,1.232778669953029352e-12,1.476365944296895208e-12,1.360695671307825189e-12
6.037781332423529686e-13,8.463849423363569166e-13,6.888566545122286804e-13,6.829480904140592921e-13,7.448057138563357677e-13,6.763784278818684677e-13,6.323631518392855132e-13,7.040662947518036996e-13,5.466356710547407716e-13,5.576893762547205669e-13,4.883421630018421104e-13,6.424222419288026308e-13,6.127312944255732040e-13,6.951912785574117147e-13,6.690547713881843072e-13,7.500513034970267674e-13,6.324691537122904052e-13,5.752956671256918320e-13,6.030011162242886109e-13,5.946968325067489432e-13,6.499180874542617468e-13,8.809124939699191281e-13,7.417431836993645589e-12,5.476215781201431869e-13,5.756016083322551415e-13,6.377600749322268706e-13,6.579795256444998319e-13,6.811126710208230681e-13,6.237943205898887687e-13,6.459148424850879588e-13,5.343355062139994216e-13,5.432736728966275966e-13,1.545249450398500510e-12,2.404153092279622220e-12,1.342811801249759884e-12,4.537909142035893260e-13,4.870311385172306555e-13,5.465225793284784741e-13,4.935656462842996390e-13,8.328217394764215257e-13,6.028533042887528402e-13,5.422355784093680660e-13,5.146556285483059937e-13,5.237386842119025365e-13,5.417706003041051628e-13,1.134040145432994846e-12,1.407868799008089935e-12,4.342992909495865728e-13,4.444562845298817767e-13,4.785334564428964161e-13,9.516231852280476355e-13,1.033317649010571767e-12,5.440820332246041198e-13,6.725002868848397295e-13,5.969796214103951375e-13,6.045369244238889072e-13,7.513442926183060141e-13,1.681654944787083383e-12,3.635323833074463056e-13,3.997319652621627354e-13,6.450213726900254362e-13,1.360891339336654621e-12,7.694316430100080043e-13,5.773536335222409438e-13,1.963194277260234151e-12,1.039084844130084463e-12,7.317496036808072713e-13,1.390088574120375584e-12,1.453429848163910781e-12,9.015630388448690382e-13,9.786500697705412645e-13,1.032841660924935447e-12,1.084475139520886105e-12,1.371580190293389540e-12,1.557922785388728805e-12,1.257492629313210547e-12,1.505972790847832874e-12,1.387991251553021846e-12
6.158808741632208786e-13,8.633500537443598464e-13,7.026605201449393847e-13,6.966364310135587301e-13,7.597336745188859629e-13,6.899365531639563657e-13,6.450458227377171422e-13,7.181012575129449107e-13,5.575909194367390117e-13,5.688719341059031463e-13,4.981302621866707785e-13,6.552954488196690475e-13,6.250125168702082477e-13,7.091251366386653187e-13,6.824666058893774034e-13,7.650941710703980350e-13,6.446959847175865379e-13,5.868335509877512572e-13,6.150952452087737586e-13,6.066186916338934175e-13,6.629477747089039599e-13,8.982328895155527408e-13,7.737378896247546513e-12,5.586009201569110213e-13,5.871332438787495696e-13,6.505505102805724151e-13,6.711747946025453278e-13,6.945918789375752460e-13,6.363051424325044095e-13,6.588682419062043117e-13,5.450223656976243641e-13,5.541573135732258463e-13,1.599031571406986321e-12,2.491781149238009912e-12,1.384450767674799360e-12,4.628858546448108765e-13,4.967952251980860618e-13,5.546357005249604915e-13,5.099881316328919924e-13,8.518765236117637548e-13,6.145122644905181236e-13,5.530371887582691677e-13,5.249776734908900763e-13,5.340899817840024271e-13,5.580479008309643474e-13,1.156854434530395348e-12,1.436157797078199918e-12,4.429209112591462991e-13,4.533703996670722682e-13,4.860265729711304725e-13,9.553134547650093283e-13,1.037657172157393248e-12,5.548043634101423375e-13,6.792663197930596951e-13,6.060510670254821444e-13,6.151060675557557125e-13,7.760613249949042207e-13,1.715393424289181225e-12,3.708234399371667021e-13,4.075709103291547238e-13,6.652297858463470708e-13,1.363250626965640265e-12,7.937217770393219030e-13,5.852930544902788359e-13,2.035389937539296166e-12,1.060064162620211202e-12,7.538574267793982874e-13,1.433883298737106273e-12,1.504263385080434337e-12,9.196617022068374110e-13,9.982943988176752639e-13,1.053593769905817805e-12,1.106217645504521325e-12,1.399470550528396561e-12,1.613200647664021759e-12,1.282688855141328781e-12,1.536158261099076329e-12,1.415821071230969849e-12
6.282197553356124008e-13,8.806461211363799890e-13,7.167332702982672187e-13,7.105916295532849838e-13,7.749527216092537898e-13,7.037592333997244567e-13,6.579774097972141169e-13,7.324249700419200681e-13,5.687642987783690936e-13,5.802732121818393429e-13,5.081092531568757521e-13,6.684193928667770394e-13,6.375331830471480574e-13,7.233307260861862135e-13,6.961402017864997077e-13,7.804321505737161623e-13,6.572010062135552239e-13,5.985977591370982443e-13,6.274273153168807236e-13,6.187733032542897699e-13,6.762319561415985015e-13,9.159295346510751137e-13,8.078195494135426659e-12,5.697947797133717307e-13,5.988952289661027071e-13,6.635917410730423968e-13,6.846307962041220279e-13,7.083566972942741785e-13,6.490625636976996970e-13,6.720754283150824961e-13,5.559251168986787552e-13,5.652583833036604830e-13,1.655457584656250915e-12,2.584011523807419303e-12,1.427834084035015461e-12,4.721617649855094037e-13,5.067529937549412208e-13,5.630226982672950185e-13,5.270859071153187565e-13,8.712774776570471633e-13,6.264360773664026389e-13,5.640614601597904900e-13,5.355024213993600152e-13,5.446612879540576940e-13,5.749735765475163556e-13,1.180120934521592579e-12,1.465004918907323987e-12,4.517226708784424897e-13,4.624600128544537967e-13,4.937581899046365298e-13,9.592996160296603928e-13,1.042331229079552558e-12,5.657569016193555235e-13,6.863348990762141088e-13,6.154226837349191719e-13,6.259686059516238873e-13,8.018156390590430144e-13,1.749792870153850505e-12,3.782580418741336276e-13,4.155805249808302836e-13,6.862934782503737877e-13,1.365978392478339341e-12,8.190518406292881529e-13,5.935198793680160899e-13,2.111409967329770843e-12,1.081462913700979193e-12,7.768540816428841338e-13,1.478673094561058838e-12,1.557611718382725595e-12,9.381159733603997323e-13,1.018324527540286034e-12,1.074755327821371184e-12,1.128384597621033318e-12,1.427917289821088476e-12,1.670452797166746880e-12,1.308375570106376873e-12,1.566932305325767420e-12,1.444194409143345757e-12
6.407988349999564497e-13,8.982788410278350625e-13,7.310794768613476746e-13,7.248182612673691584e-13,7.904678456495549773e-13,7.178510210319253421e-13,6.711622758585317275e-13,7.470422622748959118e-13,5.801596212386841523e-13,5.918970086320152288e-13,5.182824030709393877e-13,6.817983334986745704e-13,6.502973980587002807e-13,7.378127066330543066e-13,7.100800687993040629e-13,7.960704227455989118e-13,6.699880611600499521e-13,6.105922506312416119e-13,6.400015050876080393e-13,6.311646802063811833e-13,6.897750324801828399e-13,9.340081203367463792e-13,8.441842493801430934e-12,5.812068665613577627e-13,6.108915789335153682e-13,6.768881565151585438e-13,6.983521191426752780e-13,7.224116465601949609e-13,6.620709205901450116e-13,6.855408364547583452e-13,5.670474655911342071e-13,5.765806688801663763e-13,1.714710244561044947e-12,2.681187956733385731e-12,1.473062997852703653e-12,4.816218042276493790e-13,5.169078346919520712e-13,5.716869529777765110e-13,5.448931274520657535e-13,8.910420372432094657e-13,6.386284141149780257e-13,5.753120931297135925e-13,5.462334196840625465e-13,5.554560601007750399e-13,5.925828818619901947e-13,1.203848540543768108e-12,1.494420655186955967e-12,4.607074903826478220e-13,4.717281974166553937e-13,5.017311192207329803e-13,9.635838842326903413e-13,1.047342676507010578e-12,5.769431967651510720e-13,6.937110476937700458e-13,6.250980303318724408e-13,6.371277258248986278e-13,8.286632477719059013e-13,1.784864898731964161e-12,3.858386988818617943e-13,4.237633794847007855e-13,7.082622795638552862e-13,1.369073538061374084e-12,8.454832817701437546e-13,6.020379747700512313e-13,2.191541315341630482e-12,1.103290373015979888e-12,8.007885143240081870e-13,1.524474706873069310e-12,1.613649775380599176e-12,9.569322225054604759e-13,1.038747345844651202e-12,1.096333961406936861e-12,1.150983257298558126e-12,1.456935059346314165e-12,1.729740974530038644e-12,1.334561029338338257e-12,1.598304922589553065e-12,1.473120593513773925e-12
6.536221947153913150e-13,9.162539449197403311e-13,7.457037316226386826e-13,7.393209251775112762e-13,8.062840646618284490e-13,7.322164955994220454e-13,6.846048268148626271e-13,7.619580911118039946e-13,5.917807589795756209e-13,6.037471500166757853e-13,5.286529957082039761e-13,6.954365480293703682e-13,6.633092878639759491e-13,7.525757637229324010e-13,7.242907444700152462e-13,8.120142202950002157e-13,6.830611664669776599e-13,6.228210215565013853e-13,6.528220392061440279e-13,6.437968603434702180e-13,7.035814340752345089e-13,9.524745655924216751e-13,8.830527172072085899e-12,5.928409152301462128e-13,6.231263774111340647e-13,6.904441868279283018e-13,7.123434130782090658e-13,7.367613963537815826e-13,6.753346014772665623e-13,6.992689404567214564e-13,5.783931926076089956e-13,5.881280209803375329e-13,1.776989041039899978e-12,2.783688429783890551e-12,1.520246558053714926e-12,4.912691788215192115e-13,5.272631861966179502e-13,5.806319397636052205e-13,5.634460627675777176e-13,9.111885823895132548e-13,6.510931096912092601e-13,5.867928828838154138e-13,5.571742503416172803e-13,5.664778667908021276e-13,6.109135898228793873e-13,1.228046333968596842e-12,1.524415671727649675e-12,4.698783714731743814e-13,4.811780596540841612e-13,5.099482622345708173e-13,9.681688993645868282e-13,1.052694849941911972e-12,5.883669197031373235e-13,7.013999878716729015e-13,6.350807763719551795e-13,6.485867778682761605e-13,8.566639968717814394e-13,1.820621227353088798e-12,3.935679468243675340e-13,4.321221345677994235e-13,7.311898365941751751e-13,1.372535532637261628e-12,8.730823300165861463e-13,6.108513046331956364e-13,2.276099513280104914e-12,1.125556082598294969e-12,8.257132226803997358e-13,1.571308663354991058e-12,1.672568589288290979e-12,9.761168887546576026e-13,1.059569815804220607e-12,1.118337417193144490e-12,1.174020918471542859e-12,1.486538979139059172e-12,1.791129700721537866e-12,1.361253509209220350e-12,1.630286148118626682e-12,1.502608995057978759e-12
6.666939357179598432e-13,9.345771949711128967e-13,7.606106414937474415e-13,7.541042399224584130e-13,8.224064198020154915e-13,7.468602599180434245e-13,6.983095090467303646e-13,7.771775389224977320e-13,6.036316422917664722e-13,6.158274883899695743e-13,5.392243281316600287e-13,7.093383270458003445e-13,6.765729954802563847e-13,7.676246043514415155e-13,7.387767904246868587e-13,8.282688252733672305e-13,6.964245127947995719e-13,6.352881024772972115e-13,6.658931861724065454e-13,6.566739031020857231e-13,7.176556174450669356e-13,9.713350169129089344e-13,9.246742557669543207e-12,6.047006819257086434e-13,6.356037744914874832e-13,7.042643005778479876e-13,7.266093865449068115e-13,7.514107641195521503e-13,6.888580446615617559e-13,7.132642510451804297e-13,5.899661521401258250e-13,5.999043523463668591e-13,1.842512125079188414e-12,2.891929477577041492e-12,1.569502370985216176e-12,5.011071408813023345e-13,5.378225322445234021e-13,5.898612334250651368e-13,5.827832621593016852e-13,9.317365056517642692e-13,6.638341625250258379e-13,5.985077177741867213e-13,5.683285275998817973e-13,5.777303864438357854e-13,6.300062166442882560e-13,1.252723600403493690e-12,1.555000823093889314e-12,4.792383955945695161e-13,4.908127367798883563e-13,5.184126148996456083e-13,9.730577210082050833e-13,1.058391557844461905e-12,6.000318619836955950e-13,7.094071346910310225e-13,6.453747085901426186e-13,6.603492832707039860e-13,8.858818917514653407e-13,1.857073670727429962e-12,4.014483457737475771e-13,4.406595404541564062e-13,7.551339781269096328e-13,1.376364396879739948e-12,9.019204614257554447e-13,6.199639327112664158e-13,2.365432261702290971e-12,1.148269884153555861e-12,8.516845780277424414e-13,1.619199771736841225e-12,1.734577159594911441e-12,9.956764797589857844e-13,1.080798971004418165e-12,1.140773568426105108e-12,1.197504898812663513e-12,1.516744714804215955e-12,1.854686789550282067e-12,1.388461294904730466e-12,1.662886040062808829e-12,1.532669018768562905e-12
6.800181751347524080e-13,9.532543794208630513e-13,7.758048233513776884e-13,7.691728393080121094e-13,8.388399707071334321e-13,7.617869360076114598e-13,7.122808067455301909e-13,7.927058123177623447e-13,6.157162577116214634e-13,6.281418981885702563e-13,5.499997070757842516e-13,7.235079693387032430e-13,6.900926768763710390e-13,7.829639526033857703e-13,7.535427883692141828e-13,8.448395663852435201e-13,7.100824645181546399e-13,6.479975557338817760e-13,6.792192558767284706e-13,6.697998858159400113e-13,7.320020615995255409e-13,9.905958482387396830e-13,9.693314488336137617e-12,6.167899412352881471e-13,6.483279849274088964e-13,7.183530018708928946e-13,7.411548048489035405e-13,7.663647140825878298e-13,7.026457360998748395e-13,7.275313125993567722e-13,6.017702700956638457e-13,6.119136359736627909e-13,1.911518503161798392e-12,3.006371162137045130e-12,1.620957445187164448e-12,5.111389863556800392e-13,5.485894006438799788e-13,5.993785141267162738e-13,6.029457333857501808e-13,9.527062933079300912e-13,6.768557343788560703e-13,6.104605778371456265e-13,5.796998954158853929e-13,5.892174061244697932e-13,6.499042703026250052e-13,1.277889850669153002e-12,1.586187169098251834e-12,4.887907226149236532e-13,5.006353947279029186e-13,5.271272734373044007e-13,9.782538241063819851e-13,1.064437076868410954e-12,6.119419347489122148e-13,7.177380904255991242e-13,6.559837379429547480e-13,6.724189396587154882e-13,9.163854585012979501e-13,1.894234138231154620e-12,4.094824780270910826e-13,4.493784359489032234e-13,7.801571217361930291e-13,1.380560690095329577e-12,9.320749179885506585e-13,6.293800260468442245e-13,2.459923563449995446e-12,1.171441956640788135e-12,8.787631831663167663e-13,1.668177627477053442e-12,1.799904574369769405e-12,1.015617571819381777e-12,1.102441916294203344e-12,1.163650423604335106e-12,1.221442530173279576e-12,1.547568562578810377e-12,1.920483950407006556e-12,1.416192666594733630e-12,1.696114664568662789e-12,1.563310094254183934e-12
6.935990415456725646e-13,9.722913078372507825e-13,7.912908985385237918e-13,7.845313675690929184e-13,8.555897905977912637e-13,7.770011607875389150e-13,7.265232391541514704e-13,8.085482412108396800e-13,6.280386461534767101e-13,6.406942729389549151e-13,5.609824450668459845e-13,7.379497766383010493e-13,7.038724965752050237e-13,7.985985449353284289e-13,7.685933358637595714e-13,8.617318162875308191e-13,7.240395598903973986e-13,6.609534726137223810e-13,6.928045971089680811e-13,6.831788998029832831e-13,7.466252641732285685e-13,1.010263661539693263e-12,1.017345820576944414e-11,6.291124826223055112e-13,6.613032863744356897e-13,7.327148274448352673e-13,7.559844879886310382e-13,7.816283565096020654e-13,7.167022070954466698e-13,7.420747001061838328e-13,6.138095425177752604e-13,6.241599033226948363e-13,1.984270545174487507e-12,3.127522831786506806e-12,1.674749137292957071e-12,5.213680531529975352e-13,5.595673610297263458e-13,6.091875736715402278e-13,6.239771406675127599e-13,9.741196204005204447e-13,6.901621503780776702e-13,6.226555334652831216e-13,5.912920248427322411e-13,6.009428204744856570e-13,6.706545262421845190e-13,1.303554845461027341e-12,1.617985994923997052e-12,4.985385895714605934e-13,5.106492258389542109e-13,5.360954402442402430e-13,9.837610956286114501e-13,1.070836148082267889e-12,6.241011677910143410e-13,7.263986396855624738e-13,6.669119072100361208e-13,6.847996269740199381e-13,9.482481434212248499e-13,1.932114632588459799e-12,4.176729460105816804e-13,4.582817475727735379e-13,8.063267282630077826e-13,1.385125498859862391e-12,9.636292891003254872e-13,6.391038593789633174e-13,2.559998504265716640e-12,1.195082859004581340e-12,9.070142698973064061e-13,1.718277132953323597e-12,1.868802437700471409e-12,1.035946810720412618e-12,1.124505828152253679e-12,1.186976137075857536e-12,1.245841148269118639e-12,1.579027544302998899e-12,1.988597490502537580e-12,1.444455884119464031e-12,1.729982078811241389e-12,1.594541665054177363e-12
7.074406707392121008e-13,9.916938062863302775e-13,8.070734870722225234e-13,8.001844744039813181e-13,8.726609612003798958e-13,7.925075815814969117e-13,7.410413577619048265e-13,8.247102782041448730e-13,6.406029011695424838e-13,6.534885218071367882e-13,5.721758562895955390e-13,7.526680480545143637e-13,7.179166229970147664e-13,8.145331252618934905e-13,7.839330419279418532e-13,8.789509889385819640e-13,7.383005114507776229e-13,6.741599704284999237e-13,7.066535950346969937e-13,6.968150462606555458e-13,7.615297374099929522e-13,1.030345288073449072e-12,1.069084681283479449e-11,6.416721067269974922e-13,6.745340177018357967e-13,7.473543437021151329e-13,7.711033086380804311e-13,7.972069473113251992e-13,7.310320319962975830e-13,7.568990160446793261e-13,6.260880340910007716e-13,6.366472425736877187e-13,2.061056858999930147e-12,3.255949811939995058e-12,1.731026213511253321e-12,5.317977192287545202e-13,5.707600228225887020e-13,6.192923223224078843e-13,6.459240228909940159e-13,9.959994605898237694e-13,7.037578992522701475e-13,6.350967442212763881e-13,6.031086112869839076e-13,6.129106308034612294e-13,6.923073336805815542e-13,1.329728624506455340e-12,1.650408835793325425e-12,5.084853094873719668e-13,5.208574464370204919e-13,5.453204300355457731e-13,9.895838321006242968e-13,1.077593974125872776e-12,6.365137087929599980e-13,7.353947454323293322e-13,6.781633990975951806e-13,6.974954133099596492e-13,9.815487559498423705e-13,1.970727250541756906e-12,4.260223700467625144e-13,4.673724887483093280e-13,8.337158105651043999e-13,1.390060427333514958e-12,9.966741638272779488e-13,6.491398204444797828e-13,2.666128801312079890e-12,1.219203579022559870e-12,9.365081416363584061e-13,1.769539030831085725e-12,1.941547653628791464e-12,1.056670913569401857e-12,1.146997956822098883e-12,1.210759022217644951e-12,1.270708081807407296e-12,1.611139514039707510e-12,2.059109126362061928e-12,1.473259170098122089e-12,1.764498313893614185e-12,1.626373176932839455e-12
7.215472011100439586e-13,1.011467712508039387e-12,8.231572015998483845e-13,8.161368098467349539e-13,8.900585675592861581e-13,8.083108514690540896e-13,7.558397434648498725e-13,8.411974983053559888e-13,6.534131668962302388e-13,6.665285659945424017e-13,5.835832521963051646e-13,7.676670740914124027e-13,7.322292235723932530e-13,8.307724398771869214e-13,7.995665225023806553e-13,8.965025370306581218e-13,7.528702066817387215e-13,6.876211895025640058e-13,7.207706686445564335e-13,7.107124319802897100e-13,7.767200040169275369e-13,1.050847790354851564e-12,1.124969458699525839e-11,6.544726214820768257e-13,6.880245773690331030e-13,7.622761436976297885e-13,7.865161902032444024e-13,8.131058879876455940e-13,7.456398259068645420e-13,7.720088872171521157e-13,6.386098767193370808e-13,6.493797969181412146e-13,2.142195595415473618e-12,3.392281207909539031e-12,1.789950043341535029e-12,5.424314006318078042e-13,5.821710331441924309e-13,6.296967960869072070e-13,6.688360348123705760e-13,1.018370211870988066e-12,7.176476337920963884e-13,6.477884577844807489e-13,6.151533716549864025e-13,6.251249443289277693e-13,7.149169564814187276e-13,1.356421541111278369e-12,1.683467507256030823e-12,5.186342702466738855e-13,5.312632942876193174e-13,5.548056761593647781e-13,9.957267378556961189e-13,1.084716217164527294e-12,6.491838227442353064e-13,7.447325458811919253e-13,6.897425447563224692e-13,7.105105607019099742e-13,1.016371960647418312e-12,2.010084186347505012e-12,4.345333859827089274e-13,4.766537590896907885e-13,8.624035041149768086e-13,1.395367589048830833e-12,1.031307864101354168e-12,6.594924160921059546e-13,2.778839266516608795e-12,1.243815589306182515e-12,9.673206671131264396e-13,1.822010456922805899e-12,2.018445628748071724e-12,1.077796671951115469e-12,1.169925629035645322e-12,1.235007567783797322e-12,1.296050639956506578e-12,1.643923278263806704e-12,2.132106914657622398e-12,1.502610691374256898e-12,1.799673355738232749e-12,1.658814066281605410e-12
7.359227689505292412e-13,1.031618871272485212e-12,8.395466412081707850e-13,8.323930190435430705e-13,9.077876927117689734e-13,8.244156245840530911e-13,7.709230037635205539e-13,8.580155990394582209e-13,6.664736364280156952e-13,6.798183350382911855e-13,5.952079368996315300e-13,7.829511305515962806e-13,7.468144597042489585e-13,8.473212323159629493e-13,8.154983958603190826e-13,9.143919496145827254e-13,7.677537089735654277e-13,7.013412901311054774e-13,7.351602682387040561e-13,7.248751649502201182e-13,7.922005929744272348e-13,1.071778464944730305e-12,1.185485903903000997e-11,6.675178380969965346e-13,7.017794219139025648e-13,7.774848441564568875e-13,8.022281050234840355e-13,8.293307259742758586e-13,7.605302424776646798e-13,7.874089616058835739e-13,6.513792682144447590e-13,6.623617629271808519e-13,2.228038259974626953e-12,3.537219040601848938e-12,1.851695945260284535e-12,5.532725495007621510e-13,5.938040747221199055e-13,6.404051644270445946e-13,6.927662142904501268e-13,1.041257839475442923e-12,7.318361715736996145e-13,6.607350090648899849e-13,6.274300414307609630e-13,6.375899735979929784e-13,7.385419532167589050e-13,1.383644303237041684e-12,1.717174142498202509e-12,5.289889335457684415e-13,5.418700259654441818e-13,5.645547370612537510e-13,1.002194924021428583e-12,1.092208997638627226e-12,6.621158915671174804e-13,7.544183523733396939e-13,7.016538326816342971e-13,7.238495309180088826e-13,1.052808824807468020e-12,2.050197739250937990e-12,4.432086426907474763e-13,4.861287436715732930e-13,8.924757081761058033e-13,1.401049600239263349e-12,1.067637270739447650e-12,6.701662791747183831e-13,2.898715364792594621e-12,1.268930911731423647e-12,9.995338321641414817e-13,1.875745516414624367e-12,2.099833967861104786e-12,1.099330956872369672e-12,1.193296253099419129e-12,1.259730458228632975e-12,1.321876101552277715e-12,1.677398731901036354e-12,2.207686314347457561e-12,1.532518538749362996e-12,1.835517124822388605e-12,1.691873748528853104e-12
7.505715036762307176e-13,1.052153130132688317e-12,8.562463852110983957e-13,8.489577370710862092e-13,9.258534125387794316e-13,8.408265514668442577e-13,7.862957700182946397e-13,8.751704009674313720e-13,6.797885501230692133e-13,6.933617630386508805e-13,6.070532023568768263e-13,7.985244722872178356e-13,7.616764816634746203e-13,8.641842381922561473e-13,8.317332780002729425e-13,9.326247499648658609e-13,7.829562588895436216e-13,7.153244495097460144e-13,7.498268729502998173e-13,7.393073498665311893e-13,8.079760353418374062e-13,1.093144846159384965e-12,1.251196681413132278e-11,6.808115669572957466e-13,7.158030645421687703e-13,7.929850825359480106e-13,8.182440727252649121e-13,8.458871553840553105e-13,7.757079717836675010e-13,8.031039052798404453e-13,6.644004710792630005e-13,6.755973889849876900e-13,2.318974124108822469e-12,3.691548987056353491e-12,1.916454707468371680e-12,5.643246520445089794e-13,6.056628637702894150e-13,6.514217383043841312e-13,7.177712789792480693e-13,1.064690037363244590e-12,7.463284959397072774e-13,6.739408194658179108e-13,6.399423716802402172e-13,6.503100360708878753e-13,7.632456016882355320e-13,1.411408022341098211e-12,1.751541238428024283e-12,5.395528339079549425e-13,5.526809141199768310e-13,5.745713028336525786e-13,1.008993908066396293e-12,1.100078893635793602e-12,6.753144139365659429e-13,7.644586482098318987e-13,7.139019179053166358e-13,7.375169912374465160e-13,1.090957429209327213e-12,2.091080326535976046e-12,4.520507994465874276e-13,4.958007123877833120e-13,9.240258085719491465e-13,1.407109574385134402e-12,1.105778756077862471e-12,6.811661761188488463e-13,3.026412088109635564e-12,1.294562191620808773e-12,1.033236357328733855e-12,1.930805891960531445e-12,2.186086753217841403e-12,1.121280726047734367e-12,1.217117326452773956e-12,1.284936598954179589e-12,1.348191701945710055e-12,1.711587012722572444e-12,2.285951391902685331e-12,1.562990705033901309e-12,1.872039455014138101e-12,1.725561607267402355e-12
7.654975232231761642e-13,1.073076336327204924e-12,8.732609874206908493e-13,8.658355842539249213e-13,9.442607916013342515e-13,8.575482748844321349e-13,8.019626947662459972e-13,8.926678486284861200e-13,6.933621941569724981e-13,7.071627849001737394e-13,6.191223233754366847e-13,8.143913269998408859e-13,7.768194237667879965e-13,8.813661799454726880e-13,8.482757779599556399e-13,9.512064936967762373e-13,7.984832756523845040e-13,7.295748585637415725e-13,7.647749882491007334e-13,7.540130835365246143e-13,8.240508601217252809e-13,1.114954711128807684e-12,1.322757019406494242e-11,6.943576136721013136e-13,7.301000737403209884e-13,8.087815140705806908e-13,8.345691586566596414e-13,8.627810180673567469e-13,7.911777382721890293e-13,8.190983993519297372e-13,6.776778113309800782e-13,6.890909737249939845e-13,2.415435346131153285e-12,3.856153060086731696e-12,1.984434311964152886e-12,5.755912267733846336e-13,6.177511477896499377e-13,6.627509784230187126e-13,7.439119563515581560e-13,1.088696409719407677e-12,7.611297571494257006e-13,6.874103962164993293e-13,6.526941259283188682e-13,6.632895537915647341e-13,7.890963739492712699e-13,1.439724271392277903e-12,1.786581713896326136e-12,5.503295777569682386e-13,5.636992445994675148e-13,5.848592017511671421e-13,1.016129613577822610e-12,1.108332940538732862e-12,6.887840052249530894e-13,7.748600883572117946e-13,7.264916313267880485e-13,7.515178201245752242e-13,1.130923550645871570e-12,2.132744505560360817e-12,4.610625232734312186e-13,5.056730194654499697e-13,9.571554934657757702e-13,1.413551119209211063e-12,1.145859239142165249e-12,6.924970150037767794e-13,3.162664416707386229e-12,1.320722782851724024e-12,1.068524390709059387e-12,1.987261494515595653e-12,2.277619519788308839e-12,1.143653034647969717e-12,1.241396446699152236e-12,1.310635148226970451e-12,1.375004621026198833e-12,1.746510677093972160e-12,2.367016187872101186e-12,1.594035062473992600e-12,1.909250072706787771e-12,1.759886986577800613e-12
7.807049279390843041e-13,1.094394327665643462e-12,8.905949660160186190e-13,8.830311571674824273e-13,9.630148765758618054e-13,8.745854221915012895e-13,8.179284504945585284e-13,9.105140128802096696e-13,7.071988981838589551e-13,7.212253326090735775e-13,6.314185529991841550e-13,8.305558885720859475e-13,7.922473964740421650e-13,8.988717647361591870e-13,8.651304958778773463e-13,9.701427691702961308e-13,8.143403608115880029e-13,7.440967208150486788e-13,7.800091454467874883e-13,7.689964518829490587e-13,8.404295911455255647e-13,1.137216082032242082e-12,1.400934291628169712e-11,7.081597730219445381e-13,7.446750738425743920e-13,8.248788111493046701e-13,8.512084747664082068e-13,8.800183070370342336e-13,8.069443003223987440e-13,8.353971385868860608e-13,6.912156787840712854e-13,7.028468660678559474e-13,2.517902961723748044e-12,4.032024696492011342e-12,2.055861879533648052e-12,5.870758218985209998e-13,6.300727046565117831e-13,6.743975051022937748e-13,7.712533536780996756e-13,1.113308679409578143e-12,7.762452756759820011e-13,7.011483334580812406e-13,6.656890784894061156e-13,6.765330546881154806e-13,8.161684704393098780e-13,1.468605155795330938e-12,1.822308961726968561e-12,5.613228429221146896e-13,5.749283145120914855e-13,5.954224079658434810e-13,1.023608374914897119e-12,1.116978635779160165e-12,7.025293990807901860e-13,7.856295022931048736e-13,7.394279909719131693e-13,7.658571148353845966e-13,1.172821428454245108e-12,2.175202983521065332e-12,4.702464851170105249e-13,5.157491025576137612e-13,9.919756752598885035e-13,1.420378327485320186e-12,1.188017387851105179e-12,7.041638558934868777e-13,3.308299746620115992e-12,1.347426852558514714e-12,1.105502291354270877e-12,2.045191152492107727e-12,2.374895022202757759e-12,1.166455044299861068e-12,1.266141324867974676e-12,1.336835548161961909e-12,1.402321969581840927e-12,1.782193899470303032e-12,2.451006213118006415e-12,1.625659321876158249e-12,1.947158563573109662e-12,1.794859148303138940e-12
7.961978000551518254e-13,1.116112945369667764e-12,9.082528081520001341e-13,9.005490344285997110e-13,9.821206969776491134e-13,8.919426097240636813e-13,8.341977261345728423e-13,9.287150923878075097e-13,7.213030365745996694e-13,7.355533323980125243e-13,6.439451170501277934e-13,8.470223131944022528e-13,8.079644886655636090e-13,9.167056757202682918e-13,8.823020153303761171e-13,9.894391947307050230e-13,8.305332980903949735e-13,7.588942467028118728e-13,7.955338971064545379e-13,7.842615236694862495e-13,8.571167429648761755e-13,1.159937241900977719e-12,1.486632851938946865e-11,7.222218297292928383e-13,7.595327415823346977e-13,8.412816579610531598e-13,8.681671757994493728e-13,8.976051661296409453e-13,8.230124470710850654e-13,8.520048272913665960e-13,7.050185244614498002e-13,7.168694619553569475e-13,2.626913838498217123e-12,4.220286627537763517e-12,2.130985924966107871e-12,5.987820148044629357e-13,6.426313387571089716e-13,6.863661050058117171e-13,7.998653670518966078e-13,1.138560909997784775e-12,7.916805414972881327e-13,7.151593098191500045e-13,6.789310094003078625e-13,6.900451706631735493e-13,8.445424169936685058e-13,1.498063394761059390e-12,1.858736973408128963e-12,5.725363776407117333e-13,5.863714279074942827e-13,6.062650465016423258e-13,1.031436931519453217e-12,1.126023932910132637e-12,7.165554459740462517e-13,7.967738928623573241e-13,7.527162093245888150e-13,7.805401945801877604e-13,1.216774621177984634e-12,2.218468704851560901e-12,4.796053591617437707e-13,5.260324835930900085e-13,1.028607541221378734e-12,1.427595789534268647e-12,1.232404973946528867e-12,7.161719175654344122e-13,3.464252586439497692e-12,1.374689485725977667e-12,1.144283504054551433e-12,2.104683405034486385e-12,2.478430097845268043e-12,1.189694054220282622e-12,1.291359811349040131e-12,1.363547589816374308e-12,1.430150785766830808e-12,1.818662705876840564e-12,2.538060262579919402e-12,1.657871039590702104e-12,1.985774377840181613e-12,1.830487377270691064e-12
8.119801949556079176e-13,1.138238017358597868e-12,9.262389536670908766e-13,9.183937619985587490e-13,1.001583256852588072e-12,9.096244302475357048e-13,8.507752261772006003e-13,9.472774161121916104e-13,7.356790245303469967e-13,7.501506999777020598e-13,6.567052090036917264e-13,8.637947110421250604e-13,8.239747552282779488e-13,9.348725720611140265e-13,8.997949031036520850e-13,1.009101420164443328e-12,8.470680581938391321e-13,7.739716535227210280e-13,8.113538175205524833e-13,7.998123481030645720e-13,8.741168176143112068e-13,1.183126732681681175e-12,1.580925589217318643e-11,7.365475491126366727e-13,7.746778076421149137e-13,8.579947511422313905e-13,8.854504615043038477e-13,9.155478946546430349e-13,8.393869984862291926e-13,8.689261784568885798e-13,7.190908614470895648e-13,7.311632050741776222e-13,2.743068913987604079e-12,4.422212444109503269e-12,2.210078873022449421e-12,6.107134083958830898e-13,6.554308805540855078e-13,6.986617417139116542e-13,8.298231449480412539e-13,1.164489767544934856e-12,8.074412185679602234e-13,7.294480903815519157e-13,6.924237033298669591e-13,7.038306397093507520e-13,8.743057404516846615e-13,1.528112417634743663e-12,1.895880397876887098e-12,5.839739998201006078e-13,5.980318940324261486e-13,6.173914012078743922e-13,1.039622434328698746e-12,1.135477248248245076e-12,7.308671155486949571e-13,8.083004417348577234e-13,7.663617053133600810e-13,7.955726088703325882e-13,1.262916973971923051e-12,2.262554857324949543e-12,4.891418174433863462e-13,5.365267669150055205e-13,1.067183739788177908e-12,1.435208574453874484e-12,1.279188432988432369e-12,7.285265892324699918e-13,3.631582255656983446e-12,1.402526825381055882e-12,1.184991554452619805e-12,2.165837311902691236e-12,2.588803563566062611e-12,1.213377511593811526e-12,1.317059915232144034e-12,1.390781450484344830e-12,1.458498016389756205e-12,1.855945225943297760e-12,2.628332259692126993e-12,1.690677547436471579e-12,2.025106779393494090e-12,1.866780835388756314e-12
8.280561398541283559e-13,1.160775366687970585e-12,9.445577970401665280e-13,9.365698555912379187e-13,1.021407535691584846e-12,9.276354546578415814e-13,8.676656696632471815e-13,9.662074473380398136e-13,7.503313188170644846e-13,7.650213383995006241e-13,6.697019853903798513e-13,8.808771428958030808e-13,8.402822166811392955e-13,9.533770850894249050e-13,9.176137057730848209e-13,1.029135127994813272e-12,8.639508016966801433e-13,7.893331625881274893e-13,8.274735010158592865e-13,8.156529511525951513e-13,8.914343027757923852e-13,1.206793369617700019e-12,1.685094704284574166e-11,7.511406760535929862e-13,7.901150558686572607e-13,8.750227978854004523e-13,9.030635764108276559e-13,9.338529505086964784e-13,8.560728047557638675e-13,8.861659124589650083e-13,7.334372642878056809e-13,7.457325857665377844e-13,2.867042874583332316e-12,4.639252490164694357e-12,2.293439986163163001e-12,6.228736301857089802e-13,6.684751843922598646e-13,7.112895643437702790e-13,8.612076059154043863e-13,1.191134805678472463e-12,8.235331470186238028e-13,7.440195265767952942e-13,7.061709464792331038e-13,7.178943061373000196e-13,9.055537297409255439e-13,1.558766481580239762e-12,1.933754685945089265e-12,5.956395966918428496e-13,6.099130242003997849e-13,6.288059210248576453e-13,1.048172445893270166e-12,1.145347461180055124e-12,7.454694973683985593e-13,8.202165128923618134e-13,7.803701139286615823e-13,8.109601431262277570e-13,1.311393709253378550e-12,2.307474971236719292e-12,4.988585278071740405e-13,5.472356397469374869e-13,1.107849740904668757e-12,1.443222239259958891e-12,1.328550639760342910e-12,7.412334400622666968e-13,3.811494094712936874e-12,1.430956222959022751e-12,1.227761172867640950e-12,2.228763405132079169e-12,2.706665675170190537e-12,1.237513050029466076e-12,1.343249842229212356e-12,1.418547773193507999e-12,1.487370516824676185e-12,1.894071995723919883e-12,2.721993472608478054e-12,1.724085934565853300e-12,2.065164842431495739e-12,1.903748622935741151e-12
8.444296305972154116e-13,1.183730813764141104e-12,9.632136832004912754e-13,9.550817985895409703e-13,1.041598487759199408e-12,9.459802300329118783e-13,8.848737898072900723e-13,9.855117878995707764e-13,7.652644172097778237e-13,7.801691354412579248e-13,6.829385612003190129e-13,8.982736165441648086e-13,8.568908555076699091e-13,9.722238169457208257e-13,9.357629483239225875e-13,1.049546036059027786e-12,8.811878829724016704e-13,8.049829976848060658e-13,8.438975614182297903e-13,8.317873328482853137e-13,9.090736703337343999e-13,1.230946251484860666e-12,1.800684820254382023e-11,7.660049316051157321e-13,8.058493235563200800e-13,8.923705155307082341e-13,9.210118110451853607e-13,9.525269543941195652e-13,8.730747464015562783e-13,9.037287565941161380e-13,7.480623690450889080e-13,7.605821407365731545e-13,2.999595640967724263e-12,4.873065282320139328e-12,2.381398710756028613e-12,6.352663304523326109e-13,6.817681269431667720e-13,7.242549167564132181e-13,8.941060221965401489e-13,1.218538786245640663e-12,8.399623464456240232e-13,7.588785569746896512e-13,7.201765242940751394e-13,7.322411216034937759e-13,9.383902970851869499e-13,1.590040808630248785e-12,1.972376238383276597e-12,6.075371243392127560e-13,6.220181290777527677e-13,6.405132265996496776e-13,1.057094942223422143e-12,1.155643916283258709e-12,7.603678024084379967e-13,8.325296579014393260e-13,7.947472965400796751e-13,8.267088251954484269e-13,1.362362659971792519e-12,2.353243017090819583e-12,5.087581506461884937e-13,5.581628719415442755e-13,1.150765388032370005e-12,1.451642827613250637e-12,1.380692946998058496e-12,7.542982296552362855e-13,4.005365144089124816e-12,1.459996414957621240e-12,1.272739570341947096e-12,2.293584738000939767e-12,2.832749307462705974e-12,1.262108529212959014e-12,1.369938039888052046e-12,1.446857750376576468e-12,1.516775048439636356e-12,1.933076297079013982e-12,2.819234950231722778e-12,1.758103005594816278e-12,2.105957436123331728e-12,1.941399767185753656e-12
8.611046285373452764e-13,1.207110181305996651e-12,9.822109045730028141e-13,9.739340408134666009e-13,1.062161044066639313e-12,9.646632790836553015e-13,9.024043346879546263e-13,1.005197183848521238e-12,7.804828567785726072e-13,7.955979621986198920e-13,6.964180058823220904e-13,9.159880853647282899e-13,8.738046137278619834e-13,9.914173410924541933e-13,9.542471343478088202e-13,1.070339901985655142e-12,8.987858548690824319e-13,8.209253842816373178e-13,8.606306323632020384e-13,8.482194655999674761e-13,9.270393765346442986e-13,1.255594770634785179e-12,1.929573048951662442e-11,7.811440101153113343e-13,8.218855023519811119e-13,9.100426322726635578e-13,9.393005042393706468e-13,9.715766950466614447e-13,8.903977353097649098e-13,9.216194457886727979e-13,7.629708737838660070e-13,7.757164532433269374e-13,3.141586052598346654e-12,5.125555850180329665e-12,2.474318531253120166e-12,6.478951807050353391e-13,6.953136059477426855e-13,7.375633469051613487e-13,9.286126787992776591e-13,1.246748038662718059e-12,8.567350198396424308e-13,7.740302085320911462e-13,7.344442196296101113e-13,7.468761465315141002e-13,9.729289549690259815e-13,1.621951750020402211e-12,2.011762583457529352e-12,6.196706074331781361e-13,6.343505161510660819e-13,6.525181168943580800e-13,1.066398315037672803e-12,1.166376426086080551e-12,7.755673650029089754e-13,8.452476224047286035e-13,8.094993514465177199e-13,8.428249322445918474e-13,1.415995668983071616e-12,2.399873529565368095e-12,5.188433352389148683e-13,5.693123151731983806e-13,1.196106679890170954e-12,1.460476869008128680e-12,1.435837531890386082e-12,7.677269189039178341e-13,4.214775402412021215e-12,1.489667727943490657e-12,1.320087891432635821e-12,2.360438053585638601e-12,2.967883316161293207e-12,1.287172083236249924e-12,1.397133257656184208e-12,1.475723222752666538e-12,1.546718289721588938e-12,1.972994550549046643e-12,2.920270257162635057e-12,1.792735234410923457e-12,2.147493210244516372e-12,1.979743258329076732e-12
8.780850718489733256e-13,1.230919314701250977e-12,1.001553711614874367e-12,9.931310060829626341e-13,1.083100126816213744e-12,9.836891106586290252e-13,9.202620798862644709e-13,1.025270542731913376e-12,7.959912246450765339e-13,8.113116770186731561e-13,7.101433456526201725e-13,9.340244523081750368e-13,8.910273991544741982e-13,1.010962218118762474e-12,9.730707602829484045e-13,1.091522544505951630e-12,9.167514846781567013e-13,8.371645586082168461e-13,8.776773784888107884e-13,8.649533035673817385e-13,9.453358730939663780e-13,1.280748646711994424e-12,2.074062769415503328e-11,7.965615841676779598e-13,8.382285487832307735e-13,9.280439002238319045e-13,9.579350583599826758e-13,9.910091478274139067e-13,9.080467274940748364e-13,9.398427361748135699e-13,7.781675472727208005e-13,7.911401618304327284e-13,3.293988361047274194e-12,5.398923032672374741e-12,2.572601451262224091e-12,6.607638762828568818e-13,7.091155456919835603e-13,7.512206233126162357e-13,9.648296327426119014e-13,1.275812889692777896e-12,8.738575677152795339e-13,7.894796061941818274e-13,7.489778186550507914e-13,7.618045592374252348e-13,1.009293940578690191e-12,1.654517009420093150e-12,2.051932627773228444e-12,6.320441435158355586e-13,6.469134927257649267e-13,6.648255814929206703e-13,1.076091395299433192e-12,1.177555295658746317e-12,7.910736531707600609e-13,8.583783643320803411e-13,8.246326335050756948e-13,8.593150072683871299e-13,1.472480207129469211e-12,2.447381826649351554e-12,5.291167184671829856e-13,5.806879073838398770e-13,1.244067830367677106e-12,1.469731412882397001e-12,1.494230134081335900e-12,7.815256893671309584e-13,4.441546279764516367e-12,1.519992348922599284e-12,1.369982896951791624e-12,2.429475208876377329e-12,3.113008668866367227e-12,1.312712211421362572e-12,1.424844630109663533e-12,1.505156833246753019e-12,1.577206864617125670e-12,2.013866790232454984e-12,3.025338613722052846e-12,1.827988735610513743e-12,2.189780661813982893e-12,2.018788157195886352e-12
8.953750062894069093e-13,1.255164362994929231e-12,1.021246504598502926e-12,1.012677281100747949e-12,1.104420858485495736e-12,1.003062394088857625e-12,9.384519665199651239e-13,1.045739105174051719e-12,8.117942619902755487e-13,8.273142432854559556e-13,7.241176472928404142e-13,9.523867324253364847e-13,9.085632315383394552e-13,1.030863159662313813e-12,9.922384680675690733e-13,1.113100032923529349e-12,9.350918887130681293e-13,8.537048815513183884e-13,8.950426205051281090e-13,8.819929045871151619e-13,9.639677585218411504e-13,1.306418183506923488e-12,2.237012371087834243e-11,8.122614138775719931e-13,8.548835985282943770e-13,9.463792347028287966e-13,9.769210866928054758e-13,1.010831629655368625e-12,9.260268566698505509e-13,9.584035482123787515e-13,7.936573279312778198e-13,8.068580624618529075e-13,3.457913204184245453e-12,5.695719930659053415e-12,2.676693877663737448e-12,6.738762114509368588e-13,7.231779787765853735e-13,7.652328340686633559e-13,1.002867725000798147e-12,1.305788433562121612e-12,8.913367115071250105e-13,8.052320747145933852e-13,7.637812019697021130e-13,7.770317510828797624e-13,1.047621654377414837e-12,1.687756313059498384e-12,2.092907661215915674e-12,6.446619694296277543e-13,6.597104329685257521e-13,6.774408811546451121e-13,1.086183713064235572e-12,1.189191578798388134e-12,8.068923709428618242e-13,8.719301925511566089e-13,8.401538749391049111e-13,8.761859814375854465e-13,1.532021494175434199e-12,2.495785126464678597e-12,5.395809707397098207e-13,5.922937269571511560e-13,1.294863924718375942e-12,1.479414581179672354e-12,1.556143541607242036e-12,7.957010574048995708e-13,4.687789714472881091e-12,1.550994968204466185e-12,1.422619162489368802e-12,2.500865677835989490e-12,3.269198530762528495e-12,1.338738184594608244e-12,1.453082149285538229e-12,1.535172601660785302e-12,1.608247801287931200e-12,2.055737831014599708e-12,3.134710112668136721e-12,1.863869779106527736e-12,2.232828831346739157e-12,2.058544141588999939e-12
9.129779600641595362e-13,1.279850618026713553e-12,1.041293008488424466e-12,1.032576802347593306e-12,1.126127640414391173e-12,1.022787199537450867e-12,9.569784333250289448e-13,1.066609653739859887e-12,8.278963599094630376e-13,8.436091774679779794e-13,7.383435932721029814e-13,9.710783278250017082e-13,9.264155989459157171e-13,1.051124244506215437e-12,1.011754309906721804e-12,1.135077795831362707e-12,9.538138920690587093e-13,8.705502769414392636e-13,9.127307241193873810e-13,8.993418292580627821e-13,9.829390644586402133e-13,1.332613139039845286e-12,2.422003789400262457e-11,8.282468416854903007e-13,8.718554084827477366e-13,9.650530386431688058e-13,9.962637037953063495e-13,1.031051062783313340e-12,9.443427855001426255e-13,9.773062736070240854e-13,8.094448380870896200e-13,8.228746060120281954e-13,3.634625159400565824e-12,6.018915289213073348e-12,2.787089483061733039e-12,6.872357181551056382e-13,7.375046356902159494e-13,7.796059482922757620e-13,1.042846720443874516e-12,1.336733427750074288e-12,9.091789045441628811e-13,8.212926425993620196e-13,7.788578867842768935e-13,7.925628639566331952e-13,1.088061256930949609e-12,1.721689537600028919e-12,2.134708411812385306e-12,6.575281356118884203e-13,6.727444326962042859e-13,6.903691839310338782e-13,1.096684195486728225e-12,1.201295789861419837e-12,8.230289632180769688e-13,8.859111195374612495e-13,8.560696420354868336e-13,8.934446040462518179e-13,1.594843046958334347e-12,2.545098874927294426e-12,5.502385729173889050e-13,6.041337281758831217e-13,1.348732292072490603e-12,1.489532920531241243e-12,1.621879478800025781e-12,8.102593680822177194e-13,4.955957390527335159e-12,1.582701225890977333e-12,1.478209757424753666e-12,2.574793686842589207e-12,3.437677229760155392e-12,1.365258621080569250e-12,1.481855065438538412e-12,1.565784133656538185e-12,1.639846701050505482e-12,2.098654777392711282e-12,3.248682284113654197e-12,1.900382628045244349e-12,2.276644405685308474e-12,2.099020152828650089e-12
9.308979108257472705e-13,1.304984325465449474e-12,1.061697544389802601e-12,1.052834111323808561e-12,1.148225592021216679e-12,1.042868170024672734e-12,9.758464590779817804e-13,1.087889751327997659e-12,8.443023369429516990e-13,8.602003971232049101e-13,7.528241318892625641e-13,9.901031477752244279e-13,9.445884431703085826e-13,1.071750151996128826e-12,1.031622901705942135e-12,1.157462026454361388e-12,9.729250325113253622e-13,8.877051033955825332e-13,9.307465515988786055e-13,9.170040760978223152e-13,1.002254368484469362e-12,1.359344499824704267e-12,2.633599184741035055e-11,8.445215628411273999e-13,8.891492242257707200e-13,9.840702582135755278e-13,1.015968636382498160e-12,1.051675131215999600e-12,9.629997180668771274e-13,9.965558592967640615e-13,8.255351370400069560e-13,8.391946771783559642e-13,3.825581417067621418e-12,6.372001839912897723e-12,2.904340954466579282e-12,7.008462158644246858e-13,7.520995763348354032e-13,7.943465150413841435e-13,1.084897646904780023e-12,1.368713324235998974e-12,9.273912538681308692e-13,8.376668126332041311e-13,7.942117324819894911e-13,8.084035086125084807e-13,1.130777612917333207e-12,1.756340304038140188e-12,2.177360352024313436e-12,6.706470062555546545e-13,6.860188364295855495e-13,7.036161415478135546e-13,1.107603195293344814e-12,1.213879914871933968e-12,8.394893863988918838e-13,9.003298877603615575e-13,8.723872006156882214e-13,9.110983404332190803e-13,1.661191377309912462e-12,2.595343080353800786e-12,5.610921460415510231e-13,6.162121459869909001e-13,1.405937724559020508e-12,1.500095496390973695e-12,1.691775524711662255e-12,8.252076052847968566e-13,5.248928634450279141e-12,1.615140949605271336e-12,1.536991021066186777e-12,2.651467205908194686e-12,3.619855259354865015e-12,1.392283934375956983e-12,1.511174630825792822e-12,1.597007831621587502e-12,1.672010660689242913e-12,2.142672369233595465e-12,3.367595670455837499e-12,1.937532607215043322e-12,2.321236278374207228e-12,2.140226505850276947e-12
9.491386949019156317e-13,1.330571586719192556e-12,1.082464248462410428e-12,1.073453584889516221e-12,1.170719680808265460e-12,1.063309801817908853e-12,9.950609292632639685e-13,1.109586988397865173e-12,8.610169599111340669e-13,8.770916977840017421e-13,7.675620758274875733e-13,1.009464925200396255e-12,9.630855489819748703e-13,1.092745422832777453e-12,1.051848728618940098e-12,1.180258838283899636e-12,9.924329503236264675e-13,9.051736218060956529e-13,9.490948816932118323e-13,9.349835131031496979e-13,1.021918119101861222e-12,1.386623407212721254e-12,2.877688168273779664e-11,8.610891463590169432e-13,9.067702495876584673e-13,1.003435742270376015e-12,1.036041549209649707e-12,1.072711579385648479e-12,9.820027834976422276e-13,1.016157150170625342e-12,8.419332588625908845e-13,8.558231166461180788e-13,4.032461595317857718e-12,6.759101782721207933e-12,3.029065366167096315e-12,7.147114678390747525e-13,7.669668000750226997e-13,8.094612442250312639e-13,1.129163292214820325e-12,1.401799384650721444e-12,9.459809590929595047e-13,8.543600898638988788e-13,8.098465062945086482e-13,8.245593244018558102e-13,1.175952414554726569e-12,1.791734307435407516e-12,2.220891030979823981e-12,6.840229493058034475e-13,6.995369096439136697e-13,7.171875410242230823e-13,1.118951223712573846e-12,1.226956157170674495e-12,8.562796368284544045e-13,9.151953472412190880e-13,8.891139954901292304e-13,9.291548280392646220e-13,1.731337322918431334e-12,2.646538989626157471e-12,5.721442380928930598e-13,6.285332444481448830e-13,1.466774919314258782e-12,1.511111304981444776e-12,1.766208457920265187e-12,8.405529060531523697e-13,5.570094625709532337e-12,1.648346791517719332e-12,1.599224072160539429e-12,2.731115930442147517e-12,3.817360175787480692e-12,1.419825034540841716e-12,1.541052640754887139e-12,1.628861273606201796e-12,1.704746583987732988e-12,2.187850814716171025e-12,3.491832088795929153e-12,1.975324022066055404e-12,2.366612883293620786e-12,2.182173740069336798e-12
9.677041403078912180e-13,1.356618656261854533e-12,1.103597278695666378e-12,1.094439632937676165e-12,1.193614943214584757e-12,1.084116625728944937e-12,1.014626774126171980e-12,1.131709149890385387e-12,8.780450439271261538e-13,8.942868707126938375e-13,7.825601873426769086e-13,1.029167389784002234e-12,9.819106966902054094e-13,1.114114632243145066e-12,1.072436304052483945e-12,1.203474457817910620e-12,1.012345517283064917e-12,9.229601083572525039e-13,9.677805336052585058e-13,9.532840031411630827e-13,1.041934791127075229e-12,1.414461406812460821e-12,3.162008088892911285e-11,8.779531448897788580e-13,9.247237574058286679e-13,1.023154382456628758e-12,1.056488191222104183e-12,1.094168362384202626e-12,1.001357168610510073e-12,1.036115034055662535e-12,8.586443074426804702e-13,8.727648197044171506e-13,4.257212866346774185e-12,7.185117043357132520e-12,3.161954547217607639e-12,7.288352528683182814e-13,7.821103242029908532e-13,8.249570990302459361e-13,1.175799784472638690e-12,1.436069687523557058e-12,9.649554301283414213e-13,8.713780788072094050e-13,8.257659725300141777e-13,8.410360695384672789e-13,1.223786529452730193e-12,1.827900166225535054e-12,2.265331317847402725e-12,6.976603988312470145e-13,7.133019031525724056e-13,7.310893796317719003e-13,1.130739199859857943e-12,1.240537184704021967e-12,8.734058482125911746e-13,9.305165905114221123e-13,9.062577643693548150e-13,9.476219919396785707e-13,1.805579479875512154e-12,2.698710514626921483e-12,5.833973683941810841e-13,6.411013666633867682e-13,1.531573070702296960e-12,1.522589808712577639e-12,1.845600412623414668e-12,8.563026684979433879e-13,5.923478593594599819e-12,1.682355052587409730e-12,1.665198424273110708e-12,2.813994821502514941e-12,4.032080354977732326e-12,1.447893822627148796e-12,1.571502013042972854e-12,1.661363917796260493e-12,1.738061757023454234e-12,2.234257271922207410e-12,3.621822162965761701e-12,2.013760694792979726e-12,2.412783086296281673e-12,2.224873290636831118e-12
9.865981011292747780e-13,1.383132012432302794e-12,1.125100861502554896e-12,1.115796737365621002e-12,1.216916537124929380e-12,1.105293245550258117e-12,1.034548995777809335e-12,1.154264242461277846e-12,8.953914699787627890e-13,9.117897193117939045e-13,7.978211923419447368e-13,1.049214301250497751e-12,1.001067691676419739e-12,1.135862437610511171e-12,1.093390209840533320e-12,1.227115269854220707e-12,1.032670857474866848e-12,9.410688751756622888e-13,9.868083896243962996e-13,9.719094312031668760e-13,1.062308918613714851e-12,1.442870499096728238e-12,3.496926413402902932e-11,8.951171134354813708e-13,9.430151070701366090e-13,1.043231141995020657e-12,1.077314423770636046e-12,1.116053672211815661e-12,1.021068142255125244e-12,1.056434471963515222e-12,8.756734697186897147e-13,8.900247506524897948e-13,4.502104876581451351e-12,7.655921627717556182e-12,3.303786659394552837e-12,7.432213707823140220e-13,7.975341938916182616e-13,8.408413120783214891e-13,1.224978260538804147e-12,1.471609966420959701e-12,9.843223055040954450e-13,8.887264972204287739e-13,8.419739061282056612e-13,8.578396332920656827e-13,1.274502561051923541e-12,1.864869970104814499e-12,2.310716098840796282e-12,7.115638604590522578e-13,7.273170601210015936e-13,7.453278763564429196e-13,1.142978472184060677e-12,1.254636153244530117e-12,8.908743052580837042e-13,9.463029754714378349e-13,9.238265576634557201e-13,9.665080634650234971e-13,1.884247902926872547e-12,2.751885042489281898e-12,5.948540274688315450e-13,6.539209398817480710e-13,1.600700972448239487e-12,1.534540967054079004e-12,1.930425818063511677e-12,8.724645713395298145e-13,6.313888840260222545e-12,1.717206274235651571e-12,1.735235914276625071e-12,2.900387299731591180e-12,4.266218911320677685e-12,1.476503459131970960e-12,1.602537070723448448e-12,1.694537509878573707e-12,1.771964104682052696e-12,2.281966879655336574e-12,3.758052329833133374e-12,2.052846034361868018e-12,2.459756673060745848e-12,2.268338029651496771e-12
1.005824480688888627e-12,1.410118431632189913e-12,1.146979340380419443e-12,1.137529493450959882e-12,1.240629796950872131e-12,1.126844375337371928e-12,1.054832688779844496e-12,1.177260513700470973e-12,9.130611908421699788e-13,9.296040749952973559e-13,8.133477929956949904e-13,1.069609493994894973e-12,1.020560393973369331e-12,1.157993622303798400e-12,1.114715131716393486e-12,1.251187854916019617e-12,1.053417358185296941e-12,9.595042846764118625e-13,1.006183410744971552e-12,9.908637275312193348e-13,1.083045125384132021e-12,1.471863171584173378e-12,3.896656476927412074e-11,9.125846246634360204e-13,9.616497544210088585e-13,1.063671077571111064e-12,1.098526240329349489e-12,1.138375953335983794e-12,1.041141072421875899e-12,1.077120522076765181e-12,8.930260220690866501e-13,9.076079503295188222e-13,4.769798493562463727e-12,8.178613288131368931e-12,3.455439934758854343e-12,7.578736449713085101e-13,8.132424865383747683e-13,8.571213937765029838e-13,1.276886773034319558e-12,1.508514524549643159e-12,1.004089461396354976e-12,9.064111824270934075e-13,8.584741007903698841e-13,8.749760409919458925e-13,1.328347803647704571e-12,1.902679889060898765e-12,2.357085063972438827e-12,7.257379126860478862e-13,7.415856186492261054e-13,7.599094769248616448e-13,1.155680817546620681e-12,1.269266707404319054e-12,9.086914497212133425e-13,9.625641375865500880e-13,9.418287488267181354e-13,9.858215892134352105e-13,1.967708379153138322e-12,2.806094384316819090e-12,6.065166755375428199e-13,6.669964750221544152e-13,1.674573026293308128e-12,1.546975233155579180e-12,2.021219591186406240e-12,8.890465844843682621e-13,6.747117944042375082e-12,1.752945878965577123e-12,1.809695256623185019e-12,2.990608832700333420e-12,4.522361276284102235e-12,1.505668657426099993e-12,1.634173890319667580e-12,1.728406528031817598e-12,1.806462539777036183e-12,2.331063907128891516e-12,3.901072927619705768e-12,2.092583167883195060e-12,2.507544949805928470e-12,2.312582890503117865e-12
1.025387266103707225e-12,1.437585081941227667e-12,1.169237241556914175e-12,1.159642664668798920e-12,1.264760303076273920e-12,1.148774887637247111e-12,1.075483065660783872e-12,1.200706473428067267e-12,9.310592414342016914e-13,9.477338172210838902e-13,8.291426853122302417e-13,1.090356931537219340e-12,1.040392757247503834e-12,1.180513151936252085e-12,1.136415904712594336e-12,1.275699034568032627e-12,1.074593681726321609e-12,9.782707680712577867e-13,1.025910656230206425e-12,1.010150897773693269e-12,1.104148163389928043e-12,1.501452435833857936e-12,4.381215296805012035e-11,9.303592896170230505e-13,9.806332638358574083e-13,1.084479366760695734e-12,1.120129790399162501e-12,1.161143920026414485e-12,1.061581447209894788e-12,1.098178369644775303e-12,9.107073380794965058e-13,9.255195454649665610e-13,5.063432797829604860e-12,8.761847363943563013e-12,3.617909104809610335e-12,7.727959258407500997e-13,8.292393176967494914e-13,8.738051403658083385e-13,1.331732496139947384e-12,1.546887271224874637e-12,1.024265021463546803e-12,9.244380987727303012e-13,8.752703799664460957e-13,8.924514597630911242e-13,1.385597684803680344e-12,1.941370885112191644e-12,2.404483650727461280e-12,7.401872083869590157e-13,7.561108159703661443e-13,7.748408585045108980e-13,1.168858439802995060e-12,1.284442981040626402e-12,9.268638872114252127e-13,9.793100023210706107e-13,9.602730445005123666e-13,1.005571440306476545e-12,2.056367418005092330e-12,2.861375977123282735e-12,6.183877420663928749e-13,6.803325669943134499e-13,1.753656359534891064e-12,1.559903550566537816e-12,2.118586898971410592e-12,9.060569792871569042e-13,7.230205546653441713e-12,1.789624907639828226e-12,1.888977379739287289e-12,3.085011138640751786e-12,4.803560767799086033e-12,1.535406046245741794e-12,1.666430718807802890e-12,1.762998717173320978e-12,1.841567436575235433e-12,2.381643065178505021e-12,4.051507686711824354e-12,2.132975222290884272e-12,2.556161647717099072e-12,2.357625664735598830e-12
1.045290571148160989e-12,1.465539638449247941e-12,1.191879357943969967e-12,1.182141251930448470e-12,1.289313968702607918e-12,1.171089873689950221e-12,1.096505487839304762e-12,1.224610917226442661e-12,9.493907507921670886e-13,9.661828987192411657e-13,8.452085825987846107e-13,1.111460777630774262e-12,1.060568878407719521e-12,1.203426244995284370e-12,1.158497569876987915e-12,1.300655925541261578e-12,1.096208777701152970e-12,9.973728482693542335e-13,1.045995307274068685e-12,1.029775061131750429e-12,1.125622960373538262e-12,1.531651868806741753e-12,4.979711400460274305e-11,9.484447841115546686e-13,9.999713223166763646e-13,1.105661341425117329e-12,1.142131407691717955e-12,1.184366575102965178e-12,1.082394899862888954e-12,1.119613363432563175e-12,9.287228974423379194e-13,9.437647596624606416e-13,5.386736200089248218e-12,9.416285826740861851e-12,3.792325143903226809e-12,7.879920952310959216e-13,8.455288484521169484e-13,8.909006411315164919e-13,1.389744284389776001e-12,1.586842898726039458e-12,1.044857366992446326e-12,9.428133458685777819e-13,8.923666107821948970e-13,9.102722046052977434e-13,1.446559794185078756e-12,1.980989544694437869e-12,2.452964166605866128e-12,7.549164763619069990e-13,7.708958942182057638e-13,7.901289336333621791e-13,1.182523967028663967e-12,1.300179596221411487e-12,9.453983943536783419e-13,9.965507971177043895e-13,9.791684938885578981e-13,1.025766821307223574e-12,2.150678100330717950e-12,2.917774390145315223e-12,6.304696260976598114e-13,6.939338947015195090e-13,1.838479298385603208e-12,1.573337347965759233e-12,2.223214848202736203e-12,9.235043379314965983e-13,7.771789654244425430e-12,1.827300866825234317e-12,1.973531702968635446e-12,3.183987096997567010e-12,5.113448009766026157e-12,1.565734611651072242e-12,1.699328485834946946e-12,1.798345724055647580e-12,1.877291280527465110e-12,2.433811006678883537e-12,4.210064920035244547e-12,2.174025860741857710e-12,2.605624224775382875e-12,2.403488066236458416e-12
1.065538690422582152e-12,1.493990422080335187e-12,1.214910853458194357e-12,1.205030578161968669e-12,1.314297145493908303e-12,1.193794716316765432e-12,1.117905501378439397e-12,1.248982950563618455e-12,9.680609545506157578e-13,9.849553757730726117e-13,8.615482451916551388e-13,1.132925484601476254e-12,1.081093058755784670e-12,1.226738458964926524e-12,1.180965442841458784e-12,1.326066002086874031e-12,1.118271894094853862e-12,1.016815166629030090e-12,1.066442694026444920e-12,1.049740496740709078e-12,1.147474677092748400e-12,1.562475653837127622e-12,5.736150832083680023e-11,9.668448807760078775e-13,1.019669754539934034e-12,1.127222526545689121e-12,1.164537641583895751e-12,1.208053228393874930e-12,1.103587237047239548e-12,1.141431058318974115e-12,9.470782949973254204e-13,9.623489250754483426e-13,5.744169803614747808e-12,1.015521056989803301e-11,3.979979110305713658e-12,8.034660711174708453e-13,8.621152935139480536e-13,9.084162835318035232e-13,1.451175648104377287e-12,1.628508219009124300e-12,1.065875145856226933e-12,9.615431665064050383e-13,9.097667203700505912e-13,9.284447436992287022e-13,1.511578606514192633e-12,2.021589046887404505e-12,2.502587115499272579e-12,7.699305221713577809e-13,7.859441072525767580e-13,8.057808523824295167e-13,1.196690445342973636e-12,1.316491658404591960e-12,9.643019251146712862e-13,1.014297061316776447e-12,9.985244959099354285e-13,1.046417277247998560e-12,2.251146957170941833e-12,2.975343198654047040e-12,6.427646969307401439e-13,7.078052201027018819e-13,1.929641500167558906e-12,1.587288528418048173e-12,2.335886551410427443e-12,9.413975605866898577e-13,8.382583151881087284e-12,1.866038698343564412e-12,2.063863546184351223e-12,3.287976496903307902e-12,5.456372293477114827e-12,1.596676231377985261e-12,1.732891424544153523e-12,1.834483846976031523e-12,1.913649547981696847e-12,2.487688038362677842e-12,4.377550777437469535e-12,2.215740249408838645e-12,2.655955733863903745e-12,2.450197153809368034e-12
1.086136161059463207e-12,1.522946561561433665e-12,1.238337391619300339e-12,1.228316388085577327e-12,1.339716747968681919e-12,1.216895174871701618e-12,1.139688875481352191e-12,1.273832009729144459e-12,9.870752070419560976e-13,1.004055442263854576e-12,8.781645161085715307e-13,1.154755901106049809e-12,1.101969876492649361e-12,1.250455791732123289e-12,1.203825193419304241e-12,1.351937163878322382e-12,1.140792583871820547e-12,1.036602511824046504e-12,1.087258323871692723e-12,1.070051697392516725e-12,1.169708772938425161e-12,1.593938615952200702e-12,6.720339644162429118e-11,9.855634857420906325e-13,1.039734536512620441e-12,1.149168682491551536e-12,1.187355289150401428e-12,1.232213511228576208e-12,1.125164468024949514e-12,1.163637262108893530e-12,9.657792477519257722e-13,9.812774926512145548e-13,6.141114363194276726e-12,1.099537522790432404e-11,4.182351066660261324e-12,8.192218110853188539e-13,8.790029283700241500e-13,9.263607538873980256e-13,1.516308219923310473e-12,1.672023680985180109e-12,1.087327277256331026e-12,9.806339519212742849e-13,9.274747130882556513e-13,9.469757006847339027e-13,1.581041040259147861e-12,2.063230280808334672e-12,2.553422751705530314e-12,7.852342266902748111e-13,8.012587272801575199e-13,8.218040008825995718e-13,1.211371325920649472e-12,1.333394743651802542e-12,9.835816138533291342e-13,1.032559651098151324e-12,1.018350801324837647e-12,1.067532695731337619e-12,2.358342082579655288e-12,3.034147295410221570e-12,6.552752939694822784e-13,7.219513848076007786e-13,2.027826123076853178e-12,1.601769447745685682e-12,2.457498133707516756e-12,9.597458678229337571e-13,9.076030600574617889e-12,1.905911881660674151e-12,2.160542904969632113e-12,3.397472767525145285e-12,5.837586207602938710e-12,1.628256314828805505e-12,1.767147817505893652e-12,1.871454913213743854e-12,1.950661887879233199e-12,2.543410063352925397e-12,4.554885005343143009e-12,2.258126749209047247e-12,2.707187457833400038e-12,2.497787212859201171e-12
1.107087829805717247e-12,1.552418171277837210e-12,1.262165280604110847e-12,1.252004958593480375e-12,1.365580391888006696e-12,1.240397477113289351e-12,1.161861637486592036e-12,1.299167870317411323e-12,1.006438986238588059e-12,1.023487463044284705e-12,8.950603600346619279e-13,1.176957396905146530e-12,1.123204266745985471e-12,1.274584793607583316e-12,1.227082931120813951e-12,1.378277800966089200e-12,1.163780699301278472e-12,1.056739845665067218e-12,1.108447905032459195e-12,1.090713426271796919e-12,1.192331074631840250e-12,1.626056236420959339e-12,8.049993740044763649e-11,1.004604675914790120e-12,1.060171801893167363e-12,1.171505844522057130e-12,1.210591420473845008e-12,1.256857378123909034e-12,1.147132828257494399e-12,1.186238080347895631e-12,9.848315946037742534e-13,1.000556035627257908e-12,6.584116860059713216e-12,1.195821040828923268e-11,4.401145279808150668e-12,8.352633109564301981e-13,8.961960913089065319e-13,9.447430283336339967e-13,1.585455795128124287e-12,1.717545085847485470e-12,1.109222945172026745e-12,1.000092238840670862e-12,9.454946843548619297e-13,9.658718486173458570e-13,1.655383012156428314e-12,2.105983116105068445e-12,2.605552871732013351e-12,8.008325387288989608e-13,8.168430479293683355e-13,8.382059920388701020e-13,1.226580437892040858e-12,1.350904868678007431e-12,1.003244769367978841e-12,1.051349733033230961e-12,1.038657503477823643e-12,1.089123297142582924e-12,2.472902714255376260e-12,3.094265701630789247e-12,6.680037247048190138e-13,7.363773013977363110e-13,2.133814500109586835e-12,1.616792870577957941e-12,2.589079382888702103e-12,9.785587926490086025e-13,9.869229593662693178e-12,1.947003671609625963e-12,2.264214864827053016e-12,3.513030848259372190e-12,6.263489545583701435e-12,1.660504557414193752e-12,1.802130880650134133e-12,1.909307290064508012e-12,1.988353682531406579e-12,2.601130759875293595e-12,4.743119713849241766e-12,2.301199820271568874e-12,2.759362607411602058e-12,2.546302207785964968e-12
1.128398909781769494e-12,1.582416515787897171e-12,1.286401621241707291e-12,1.276103201132326666e-12,1.391896524410294308e-12,1.264308398703313385e-12,1.184430085700532881e-12,1.325000618028271852e-12,1.026157877079242594e-12,1.043255992627645609e-12,9.122388959255570319e-13,1.199535990185078818e-12,1.144801593764222862e-12,1.299132671076303366e-12,1.250745278100990454e-12,1.405096829897252463e-12,1.187246353331282235e-12,1.077232310459633778e-12,1.130017348220985474e-12,1.111730761719096453e-12,1.215347829900310464e-12,1.658844606039887906e-12,9.940266386310194501e-11,1.023972723317933158e-12,1.080987824518117390e-12,1.194240340755220830e-12,1.234253376338638993e-12,1.281995071857220941e-12,1.169498778778748360e-12,1.209239940057783989e-12,1.004241274360049477e-12,1.020190231584941758e-12,7.081219375187724797e-12,1.307156367050804596e-11,4.638333046124867474e-12,8.515945880352705050e-13,9.136991686113096792e-13,9.635723402266783461e-13,1.658969022282736720e-12,1.765245499184279760e-12,1.131571561727376843e-12,1.019924683312360021e-12,9.638308185682050599e-13,9.851400814599845516e-13,1.735097159883406514e-12,2.149927796746431120e-12,2.659072802184559662e-12,8.167304519638509237e-13,8.327003742333757235e-13,8.549946375628758505e-13,1.242331928256075230e-12,1.369038419885827313e-12,1.023298844654574335e-12,1.070678749689925333e-12,1.059455001045862804e-12,1.111199594680502578e-12,2.595550512452786965e-12,3.155794879530062917e-12,6.809522522187794421e-13,7.510879307504346096e-13,2.248503861555783600e-12,1.632371874649655197e-12,2.731818879292295656e-12,9.978461475045790906e-13,1.078424816018141594e-11,1.989408445079926905e-12,2.375611944230186750e-12,3.635276287447783126e-12,6.741955199155666838e-12,1.693455798034315876e-12,1.837879771226600876e-12,1.948097007637627221e-12,2.026758076550648850e-12,2.661023951364665614e-12,4.943461610717177528e-12,2.344984928943651007e-12,2.812541422050969107e-12,2.595798906406589047e-12
1.150074974878048425e-12,1.612954067778281727e-12,1.311054399385838861e-12,1.300618696333130783e-12,1.418674466134321624e-12,1.288635268903230710e-12,1.207400718572205137e-12,1.351340502053729984e-12,1.046237486647904163e-12,1.063365731959720866e-12,9.297033885004385026e-13,1.222498420775007395e-12,1.166767666012524475e-12,1.324107313039575975e-12,1.274819364102502948e-12,1.432403614905374478e-12,1.211199783541680465e-12,1.098085167238601734e-12,1.151972690104317498e-12,1.133109077795268742e-12,1.238765683291586879e-12,1.692320195115418831e-12,1.283065334805452287e-10,1.043672064645293034e-12,1.102188924817151844e-12,1.217378726481986035e-12,1.258348670803294141e-12,1.307636977169846754e-12,1.192268920795436012e-12,1.232649528792773895e-12,1.024014236607444067e-12,1.040185776419867051e-12,7.642401718621088478e-12,1.437226463134057430e-11,4.896204240264932483e-12,8.682196161402444527e-13,9.315165256758510562e-13,9.828580814859641926e-13,1.737240749157714057e-12,1.815317278234055289e-12,1.154382641954736844e-12,1.040137964234060243e-12,9.824873303260607242e-13,1.004787318981782702e-12,1.820741844643462729e-12,2.195156301955973565e-12,2.714093380044061476e-12,8.329329357654045228e-13,8.488339688534523025e-13,8.721778678900114647e-13,1.258640109900018299e-12,1.387811967080936979e-12,1.043751334679955333e-12,1.090558306311299598e-12,1.080753881471474209e-12,1.133772267561656723e-12,2.727102603522239504e-12,3.218852320527911320e-12,6.941230548110181707e-13,7.660882195470903040e-13,2.372928638720975219e-12,1.648519609814304601e-12,2.887094430538686372e-12,1.017617920989331470e-12,1.185004609749880025e-11,2.033233023130209460e-12,2.495568538920297386e-12,3.764915343597871483e-12,7.282768876791229964e-12,1.727150898296663948e-12,1.874440617821761577e-12,1.987888879621220269e-12,2.065918471297290045e-12,2.723285931341903961e-12,5.157297826543988960e-12,2.389526692441242072e-12,2.866807972175122088e-12,2.646350689980337337e-12
1.172121691234109594e-12,1.644044036741529337e-12,1.336132245844290212e-12,1.325559381255155848e-12,1.445924074160921287e-12,1.313385636158167468e-12,1.230779857560451444e-12,1.378197388162114086e-12,1.066683121192151438e-12,1.083821253884632447e-12,9.474570697178382813e-13,1.245851954645181669e-12,1.189108475172907705e-12,1.349516975180018775e-12,1.299312496962500978e-12,1.460207461348325929e-12,1.235650887447276120e-12,1.119303478421695080e-12,1.174319733545175617e-12,1.154853766349408394e-12,1.262591344026336428e-12,1.726498982136664897e-12,1.777975268265061786e-10,1.063707041444496806e-12,1.123781110470142115e-12,1.240927406874774971e-12,1.282884553447178756e-12,1.333793095244699295e-12,1.215449606900560599e-12,1.256473417454451742e-12,1.044156121623640641e-12,1.060548061453173907e-12,8.280176516161368741e-12,1.590997443598285872e-11,5.177425583585675480e-12,8.851420986095546301e-13,9.496522486589966255e-13,1.002609485014925694e-12,1.820711674279420251e-12,1.867973803705474238e-12,1.177665379488485492e-12,1.060738446544296780e-12,1.001468199445153199e-12,1.024820185897155988e-12,1.912951156918993128e-12,2.241773038085856915e-12,2.770741881152559539e-12,8.494447119841425814e-13,8.652468425404468384e-13,8.897634798486577212e-13,1.275519008471401445e-12,1.407241697934587103e-12,1.064609430694623060e-12,1.110999796359441099e-12,1.102564541074259436e-12,1.156851743660054065e-12,2.868485580344137166e-12,3.283579043501911735e-12,7.075180763602980103e-13,7.813829065187548485e-13,2.508285332036254498e-12,1.665248604886966497e-12,3.056508808905207949e-12,1.037883942033396333e-12,1.310532457006690844e-11,2.078597411769441362e-12,2.625036899412271331e-12,3.902744507098100007e-12,7.898221705728287958e-12,1.761637245531708243e-12,1.911867128595108663e-12,2.028757081021970844e-12,2.105891111913691173e-12,2.788136785613372311e-12,5.386222339256363925e-12,2.434901750078464882e-12,2.922278303044194061e-12,2.698051185849589772e-12
1.194543326127062037e-12,1.675697529755058660e-12,1.361642659928376421e-12,1.350931699653338977e-12,1.473653551215225170e-12,1.338565412357727154e-12,1.254571907966403471e-12,1.405578469339763903e-12,1.087498417512037029e-12,1.104625671510076767e-12,9.655021672923406641e-13,1.269602835800314876e-12,1.211828695022738491e-12,1.375368376750022054e-12,1.324230350047610649e-12,1.488515196950503613e-12,1.260607356815742774e-12,1.140890670628563704e-12,1.197062448907994315e-12,1.176968780236985554e-12,1.286829835861990524e-12,1.761392825979679967e-12,2.814696208366847356e-10,1.084080630659379433e-12,1.145768573544312229e-12,1.264890883557672127e-12,1.307866088430030024e-12,1.360470889993576210e-12,1.239045218822855228e-12,1.280716269229874097e-12,1.064670948462313943e-12,1.081280831011298908e-12,9.010349171600289500e-12,1.775293933623722247e-11,5.485087018528134349e-12,9.023645189722431827e-13,9.681090709982866684e-13,1.022834385379706781e-12,1.909873991509431771e-12,1.923448737429866480e-12,1.201426951185173231e-12,1.081730819451625606e-12,1.020776006563492905e-12,1.045243731573687356e-12,2.012443386476071765e-12,2.289891605792941078e-12,2.829157048029340284e-12,8.662693680981359789e-13,8.819408703189698447e-13,9.077581590797676163e-13,1.292980615559963189e-12,1.427341226191296143e-12,1.085878637368360986e-12,1.132012921535681779e-12,1.124895691734291630e-12,1.180446553610291490e-12,3.020744616965865074e-12,3.350134146290335631e-12,7.211384238721640688e-13,7.969757606462802504e-13,2.655956902974537597e-12,1.682567976197616376e-12,3.241924992916205818e-12,1.058652562972486134e-12,1.460273635196127547e-11,2.125632212862634856e-12,2.765099769944472301e-12,4.049649711512638014e-12,8.603877448666056990e-12,1.796966881216343870e-12,1.950218379026241466e-12,2.070782547270898560e-12,2.146745035263758289e-12,2.855815684491903355e-12,5.632046026332948390e-12,2.481236354010868282e-12,2.979105308616891830e-12,2.751013599222483007e-12
1.217344755523308362e-12,1.707927614689712082e-12,1.387594802942891012e-12,1.376743210533621527e-12,1.501872626872807025e-12,1.364181404458282923e-12,1.278781447348666779e-12,1.433490757871924695e-12,1.108686833537690145e-12,1.125782282343750853e-12,9.838412111638624564e-13,1.293758735552149611e-12,1.234933775372787874e-12,1.401669438807104607e-12,1.349579439282778258e-12,1.517334162239700173e-12,1.286076632354581349e-12,1.162850250598227461e-12,1.220204847325890237e-12,1.199458557761835335e-12,1.311486800554636182e-12,1.797013361458034102e-12,6.480198814216938112e-10,1.104796033920024946e-12,1.168155353793253878e-12,1.289273888742757324e-12,1.333298379804916336e-12,1.387677599495741155e-12,1.263060169006479272e-12,1.305383043147133743e-12,1.085562531407240368e-12,1.102387657522394998e-12,9.853321889055035476e-12,1.999830673241009028e-11,5.822837840246125957e-12,9.198891582746600049e-13,9.868895558676870514e-13,1.043540483951903368e-12,2.005285033560371987e-12,1.982005274687465529e-12,1.225674287782257227e-12,1.103119546496380380e-12,1.040413286595777173e-12,1.066062770349120854e-12,2.120041142054459454e-12,2.339645362439082854e-12,2.889505336402433117e-12,8.834102706579281536e-13,8.989177808128933106e-13,9.261684739919150368e-13,1.311037477118918653e-12,1.448124626419750041e-12,1.107564220217967292e-12,1.153607330724443289e-12,1.147755906284709080e-12,1.204565026104577672e-12,3.185078114769067205e-12,3.418719497993247224e-12,7.349850099464355202e-13,8.128703400795705574e-13,2.817560658535866102e-12,1.700488312952800598e-12,3.445536563428445526e-12,1.079932038786173147e-12,1.641626065161702636e-11,2.174487899025271002e-12,2.917004672771431706e-12,4.206652066669087255e-12,9.420022595081207614e-12,1.833203137051693652e-12,1.989566629331139138e-12,2.114061682189103584e-12,2.188575130177037458e-12,2.926597961845490215e-12,5.896902274004387710e-12,2.528755089949405197e-12,3.037511438650273877e-12,2.805391399734122850e-12
1.240505493505997023e-12,1.740699214275161497e-12,1.413965956821081547e-12,1.402970258836056568e-12,1.530552887072665719e-12,1.390208999321316704e-12,1.303384637493389721e-12,1.461906229878677345e-12,1.130230791420680777e-12,1.147272300488847114e-12,1.002459794314859985e-12,1.318298968601486100e-12,1.258403348595784861e-12,1.428394389198874936e-12,1.375334846870633096e-12,1.546632011622887440e-12,1.312037846391584624e-12,1.185162089041162451e-12,1.243724979307461776e-12,1.222302535084288494e-12,1.336538137859792076e-12,1.833318832957303651e-12,2.785246537534006595e-06,1.125835510783440096e-12,1.190921742028042140e-12,1.314052231145572805e-12,1.359155685507055303e-12,1.415387511040453812e-12,1.287471147839015109e-12,1.330449107108829904e-12,1.106814178287774942e-12,1.123850921159107218e-12,1.083386101768556317e-11,2.278105992914408583e-11,6.194300547084934222e-12,9.377035944438968828e-13,1.005979173073626862e-12,1.064716590552837662e-12,2.107480554711040104e-12,2.043828509420640573e-12,1.250388531193908478e-12,1.124887978891736257e-12,1.060363568087362875e-12,1.087262431782252701e-12,2.236594139738162350e-12,2.391059661220356357e-12,2.951787514972047905e-12,9.008572059959885690e-13,9.161650374030697054e-13,9.449859551421194871e-13,1.329659947399295063e-12,1.469558772306858809e-12,1.129650261307924380e-12,1.175768052005694106e-12,1.171130795801652209e-12,1.229190538973725904e-12,3.362626109267953677e-12,3.489331345056622457e-12,7.490493633669151295e-13,8.290588838383463481e-13,2.994828933107529044e-12,1.718939164568703855e-12,3.669689430128096068e-12,1.101709910256913278e-12,1.864801152159590287e-11,2.225220740480589540e-12,3.082014296013138253e-12,4.374395273744428808e-12,1.037296093886694100e-11,1.870345000411226242e-12,2.029909530698786826e-12,2.158602670959284948e-12,2.231407228634950381e-12,3.000580712890348198e-12,6.182153940035468236e-12,2.577715913567437917e-12,3.097620799966283443e-12,2.861210765936409692e-12
1.260854318388815800e-12,1.767774990776999892e-12,1.436642488774946693e-12,1.425558712734756019e-12,1.554872201167047109e-12,1.412666499139973973e-12,1.324876925713280253e-12,1.486410431681465133e-12,1.149491773249574749e-12,1.166380745143390537e-12,1.019286177519836912e-12,1.339647819876480251e-12,1.278975011762693104e-12,1.451342436117127234e-12,1.397599917480488367e-12,1.571476607907530143e-12,1.334933143835911113e-12,1.204928042291322402e-12,1.264430743653855118e-12,1.242421340877041829e-12,1.358302428187741393e-12,1.863364002625106682e-12,1.805184442227788027e-05,1.144584662195263332e-12,1.211138923184440956e-12,1.335664311565367950e-12,1.381625645077576567e-12,1.439461622456308683e-12,1.308857338484076556e-12,1.352263918315541736e-12,1.125895410677353217e-12,1.143062155172328672e-12,1.170566027496926566e-11,2.499029583967342259e-11,6.518537130084926578e-12,9.539912713470653878e-13,1.023287859582890371e-12,1.084021266107110470e-12,2.207426946051996862e-12,2.100457261243447777e-12,1.272338371742300295e-12,1.144421890298650051e-12,1.078305983394545285e-12,1.106400014923901544e-12,2.352100255102521151e-12,2.432491121144951525e-12,2.998247925234181058e-12,9.169332139541900279e-13,9.319491872135368301e-13,9.623663627959993811e-13,1.345259370664812556e-12,1.487248143668361240e-12,1.149499782634854608e-12,1.195648289750623021e-12,1.192186927710405340e-12,1.251200095546737682e-12,3.529938948195006279e-12,3.537193078755733554e-12,7.621718777608381241e-13,8.441208496349026804e-13,3.169804425333573318e-12,1.731973369497881604e-12,3.887040178908900615e-12,1.121480541775661539e-12,2.056632470316492332e-11,2.267758914073823197e-12,3.240697909027227723e-12,4.513402902078694168e-12,1.123149111242773688e-11,1.901267849822034602e-12,2.062852858066433769e-12,2.194917851462094716e-12,2.265152737264530862e-12,3.059404149448432537e-12,6.408139811668312393e-12,2.615081593214085627e-12,3.140117950912548419e-12,2.901887118965550040e-12
1.282026633856225800e-12,1.796317886055680204e-12,1.460342039104709164e-12,1.449158345053220137e-12,1.580364589204174790e-12,1.436121216670126082e-12,1.347279173088551423e-12,1.512072172691954128e-12,1.169496634744940768e-12,1.186219853119361181e-12,1.036692175213404259e-12,1.361904523116705908e-12,1.300388500444970883e-12,1.475332925504752241e-12,1.420844640861930281e-12,1.597530860150243677e-12,1.358847490918764709e-12,1.225471739235171905e-12,1.285984225882653972e-12,1.263345299241649434e-12,1.381002461959507829e-12,1.895125768962178698e-12,3.307486722774147117e-05,1.164039523863987471e-12,1.232167745131626387e-12,1.358196414764464641e-12,1.405083976425563168e-12,1.464652310443918941e-12,1.331143995194957710e-12,1.375015829385537472e-12,1.145709944100286897e-12,1.163014136665986539e-12,1.274981959871287512e-11,2.783961382935416580e-11,6.886105825137924331e-12,9.708350277375387750e-13,1.041212370652199680e-12,1.104147304283420256e-12,2.315927424652715344e-12,2.161906682691350026e-12,1.295233849914927752e-12,1.164721785623288477e-12,1.096901039834707277e-12,1.126279578029034106e-12,2.478974491195205278e-12,2.477483852286398968e-12,3.049464709635125488e-12,9.335629225568683271e-13,9.482565339386638012e-13,9.804309090650135743e-13,1.362051529709659355e-12,1.506343616512514500e-12,1.170140024676792216e-12,1.216534947893993210e-12,1.214181549503879110e-12,1.274180648255935420e-12,3.714069875329292680e-12,3.590910525473443360e-12,7.756800554331890485e-13,8.596872365433510468e-13,3.364804422932338154e-12,1.746643098512817802e-12,4.130670985408012947e-12,1.142127226113758017e-12,2.300644369245212431e-11,2.313871948936320483e-12,3.416140093294516182e-12,4.668858700498749940e-12,1.226282731077286932e-11,1.934221012389472828e-12,2.098107995425101008e-12,2.234025331711153448e-12,2.301407479024350145e-12,3.124430623310960806e-12,6.664295404579321103e-12,2.655771512949162472e-12,3.187204126749020039e-12,2.946516303353734863e-12
1.303539421046931306e-12,1.825378573985450487e-12,1.484433431903940526e-12,1.473150243407619501e-12,1.606294826533125116e-12,1.459967235802866013e-12,1.370063811571968077e-12,1.538236511158461401e-12,1.189851375370208773e-12,1.206378594845532212e-12,1.054361003270952582e-12,1.384520025812776296e-12,1.322145727904300936e-12,1.499725543045633660e-12,1.444476672552996608e-12,1.624052217310250139e-12,1.383257397165535595e-12,1.246356478682659722e-12,1.307905917773968574e-12,1.284606374901677027e-12,1.404079716561864386e-12,1.927576297880646985e-12,4.780096290946502305e-05,1.183803187507189046e-12,1.253571494644818918e-12,1.381111847762069130e-12,1.428959704330877601e-12,1.490347511378912769e-12,1.353817985569583028e-12,1.398154188507039939e-12,1.165881628189644798e-12,1.183317939504312616e-12,1.396107881891116981e-11,3.132182915669612314e-11,7.289626295489967947e-12,9.879634993370649877e-13,1.059440153777464724e-12,1.124754168106574463e-12,2.432386686811635486e-12,2.227238772028846211e-12,1.318599728101009945e-12,1.185400468919039534e-12,1.115799256463028822e-12,1.146540691426945520e-12,2.616879973962288228e-12,2.524390105465653218e-12,3.102841005285631917e-12,9.504986860325198866e-13,9.648264568965165852e-13,9.989118625231849845e-13,1.379509952855436377e-12,1.526198683257915855e-12,1.191182121998989742e-12,1.238013377250275207e-12,1.236701835540418844e-12,1.297675733339796228e-12,3.913102410749700098e-12,3.646671927302999013e-12,7.893991814088380452e-13,8.755493120934975241e-13,3.579518555688350274e-12,1.762061866205891657e-12,4.399686362709540164e-12,1.163285559013422658e-12,2.599291108926448407e-11,2.362197752289114995e-12,3.607158904457481563e-12,4.836115978312112654e-12,1.346335601052842896e-11,1.968149055223849240e-12,2.134423351108104580e-12,2.274555137915702256e-12,2.338549615636522819e-12,3.193179210536798575e-12,6.941379206057028820e-12,2.697409259322981316e-12,3.235677933843858282e-12,2.992456756880810338e-12
1.325403502584638499e-12,1.854981722638022540e-12,1.508928055689112174e-12,1.497548105362519347e-12,1.632680020986781676e-12,1.484219238469995965e-12,1.393248129041205093e-12,1.564934536705591240e-12,1.210571861982034712e-12,1.226867998861036979e-12,1.072298026488350212e-12,1.407503357942413481e-12,1.344257018408323380e-12,1.524534842814201785e-12,1.468510587830100909e-12,1.651065685915046505e-12,1.408191941053585873e-12,1.267595912091904744e-12,1.330212342203911571e-12,1.306215705016607677e-12,1.427548753501019725e-12,1.960767987085387011e-12,6.218303417976890298e-05,1.203885386616586248e-12,1.275368295949709601e-12,1.404427708446544586e-12,1.453274389747544271e-12,1.516578175529432491e-12,1.376897801033005062e-12,1.421696094137538416e-12,1.186427164260941309e-12,1.203989634755798626e-12,1.538307878332306590e-11,3.567907008081825292e-11,7.735015761237090964e-12,1.005387241803573584e-12,1.077983031027670724e-12,1.145865063851908188e-12,2.557744598527242678e-12,2.296875047096051772e-12,1.342462561927511632e-12,1.206476604943318563e-12,1.135011546252205914e-12,1.167202129439032980e-12,2.767291161827806175e-12,2.573399891389113097e-12,3.158576251246802626e-12,9.677530844498473797e-13,9.816672738353747710e-13,1.017827914387801775e-12,1.397666151819255964e-12,1.546851414237544601e-12,1.212646621044823136e-12,1.260111435246020871e-12,1.259775028122664232e-12,1.321713869722383971e-12,4.129003201381038724e-12,3.704588027140296454e-12,8.033343627942227166e-13,8.917188640800792658e-13,3.817014011036335414e-12,1.778267621948462964e-12,4.698209555357134438e-12,1.184980310944224976e-12,2.973182545498141326e-11,2.412968135792065200e-12,3.815936462371421047e-12,5.016730765831481435e-12,1.487808733312206517e-11,2.003121058291590455e-12,2.171872281199337225e-12,2.316634339627389865e-12,2.376571377944625480e-12,3.266060963943119239e-12,7.242545401963023834e-12,2.739858391743474790e-12,3.285475571256489652e-12,3.039712286652886968e-12
1.347624705067802150e-12,1.885143029627283397e-12,1.533831772470332602e-12,1.522359605756043082e-12,1.659530367134134489e-12,1.508885786532853034e-12,1.416843376230280284e-12,1.592189334599993958e-12,1.231669072917404800e-12,1.247694453859509276e-12,1.090505219145341272e-12,1.430858726275013990e-12,1.366727715245674245e-12,1.549769223624827303e-12,1.492954954139303111e-12,1.678588074207264633e-12,1.433673677603438281e-12,1.289198625458072079e-12,1.352914399003120794e-12,1.328179470685930191e-12,1.451418260279549661e-12,1.994740676412076496e-12,7.617030275897164492e-05,1.224291424806195623e-12,1.297570917453331401e-12,1.428155021225522157e-12,1.478042877399069017e-12,1.543367708210392005e-12,1.400395895344526161e-12,1.445652481937412558e-12,1.207358546842874743e-12,1.225040480149928821e-12,1.707483712663012614e-11,4.128792960425161860e-11,8.229277648531982317e-12,1.023113346892646738e-12,1.096848919991567502e-12,1.167498960460680944e-12,2.693070860591543317e-12,2.371277578229098827e-12,1.366842961920776827e-12,1.227963990309701340e-12,1.154544637675947836e-12,1.188278097482012915e-12,2.931918594552290966e-12,2.624714144617647637e-12,3.216879527152230704e-12,9.853354761604416375e-13,9.987840437302268523e-13,1.037194395328451912e-12,1.416545592439132530e-12,1.568332235633442433e-12,1.234549156774753953e-12,1.282851956185754612e-12,1.283423283908587038e-12,1.346317903091662929e-12,4.364034319836686925e-12,3.764780330578326140e-12,8.174883973584191798e-13,9.082049173180739419e-13,4.080950714702679685e-12,1.795288571392162601e-12,5.031193519334534272e-12,1.207231785094295558e-12,3.454260524113275394e-11,2.466429969980490741e-12,4.045012262648525005e-12,5.212437073480320055e-12,1.656823697695387973e-11,2.039210892660562403e-12,2.210533037176264621e-12,2.360397751564254107e-12,2.415475735432396714e-12,3.343512339642785824e-12,7.571385894399142067e-12,2.783040801114095843e-12,3.336570162042105732e-12,3.088303202775360902e-12
1.370209942885527035e-12,1.915881261767210099e-12,1.559152833136707792e-12,1.547594239984344775e-12,1.686858397703506128e-12,1.533976983058173165e-12,1.440861472062136409e-12,1.620024464070467773e-12,1.253154167711108760e-12,1.268864900943567418e-12,1.108985116922585879e-12,1.454592353275520830e-12,1.389564451817671368e-12,1.575438964750712611e-12,1.517819784506403038e-12,1.706637440425871336e-12,1.459725457304336489e-12,1.311173677291613068e-12,1.376023467541065650e-12,1.350504782973515710e-12,1.475698095090604685e-12,2.029535086161718952e-12,8.970798700614197830e-05,1.245027197044277680e-12,1.320192370507091368e-12,1.452305548211415952e-12,1.503280590646249686e-12,1.570739907950334752e-12,1.424325229561531029e-12,1.470035109174938784e-12,1.228687899214217684e-12,1.246481903934268541e-12,1.911923996849357745e-11,4.877510796730605325e-11,8.781007278453616386e-12,1.041148918016592753e-12,1.116045821726277113e-12,1.189675053916592972e-12,2.839611534418441150e-12,2.450972006331195929e-12,1.391761781101608460e-12,1.249876550233630408e-12,1.174405505337868658e-12,1.209782900137611450e-12,3.112786914294306959e-12,2.678568553365332559e-12,3.278004193099729172e-12,1.003255197911855209e-12,1.016181870903136479e-12,1.057026776779040271e-12,1.436173730858019647e-12,1.590671611675865424e-12,1.256905495895598837e-12,1.306258085061882152e-12,1.307669068808823819e-12,1.371510977715887433e-12,4.620873819546859134e-12,3.827426873146187872e-12,8.318639944520305031e-13,9.250164534485620189e-13,4.375787220772896126e-12,1.813152489776201547e-12,5.404726425613534653e-12,1.230060561269414583e-12,4.095300557740059978e-11,2.522866710918614698e-12,4.297415621450572008e-12,5.425260094678658166e-12,1.862026016615763491e-11,2.076511416974343942e-12,2.250505349060272349e-12,2.406007051613766445e-12,2.455293844609231165e-12,3.426034076019041705e-12,7.932185276262976405e-12,2.826939168010336342e-12,3.389000619649079847e-12,3.138294601780654276e-12
1.393168503221065289e-12,1.947220831401186777e-12,1.584903607253194089e-12,1.573265004548192984e-12,1.714680967982805405e-12,1.559506096209032723e-12,1.465316374478912553e-12,1.648465649718280434e-12,1.275039498118981898e-12,1.290387904088996628e-12,1.127741648542598579e-12,1.478713971138762239e-12,1.412776488082455064e-12,1.601557943022371986e-12,1.543118111942189576e-12,1.735235039176638302e-12,1.486371770588939498e-12,1.333531727945666962e-12,1.399552644766223028e-12,1.373200916684621059e-12,1.500400762655451374e-12,2.065195510429837497e-12,1.027370067073246667e-04,1.266100231741999556e-12,1.343247025730731531e-12,1.476893186049787195e-12,1.529005007161491552e-12,1.598720542413564097e-12,1.448700597551104351e-12,1.494857991982215073e-12,1.250428429559555098e-12,1.268326495766656947e-12,2.163667310910701086e-11,5.926813773777220769e-11,9.400921993880870265e-12,1.059501756563140856e-12,1.135582612978455511e-12,1.212413634532928346e-12,2.998831096297775338e-12,2.536561685586650073e-12,1.417241332035258033e-12,1.272229322688094141e-12,1.194602265878110173e-12,1.231731855509450910e-12,3.312315406668108033e-12,2.735242094626814037e-12,3.342259135105816841e-12,1.021522185765695004e-12,1.033866564229787284e-12,1.077341344729291877e-12,1.456577126155133285e-12,1.613901485134506059e-12,1.279732526066508121e-12,1.330354313880023974e-12,1.332536211280411175e-12,1.397317706997575420e-12,4.902728189265362376e-12,3.892775174619098616e-12,8.464642128992128109e-13,9.421629338081674915e-13,4.707020225792920875e-12,1.831888351504985290e-12,5.826391604642414157e-12,1.253488417623573714e-12,4.990307797919535737e-11,2.582607007586918273e-12,4.576800147854592104e-12,5.657595860872555345e-12,2.116051261875451069e-11,2.115139228289202290e-12,2.291915829684294128e-12,2.453657394685442094e-12,2.496090073980341732e-12,3.514207250232243735e-12,8.330130506626588775e-12,2.871596152632661638e-12,3.442879592783454737e-12,3.189804325553765181e-12
1.416512650910565815e-12,1.979193053323624944e-12,1.611101485246575351e-12,1.599389219562520237e-12,1.743020233454884164e-12,1.585490329487103966e-12,1.490224664412780396e-12,1.677541448192043460e-12,1.297339007590164096e-12,1.312274119362990287e-12,1.146780526521895184e-12,1.503237602579668755e-12,1.436376356489355395e-12,1.628144469830962212e-12,1.568866730306652907e-12,1.764406168098906835e-12,1.513639259673918029e-12,1.356285518124509798e-12,1.423517260962869828e-12,1.396279878699625180e-12,1.525542091441474395e-12,2.101770887551392985e-12,1.151936744082509309e-04,1.287520156305850888e-12,1.366751054481885296e-12,1.501934566720423767e-12,1.555236267269159913e-12,1.627337960791897325e-12,1.473539174809762321e-12,1.520138029786554623e-12,1.272594800119137714e-12,1.290588395684450052e-12,2.480896523645896769e-11,7.502108858010447558e-11,1.010257512542724723e-11,1.078180626694780099e-12,1.155469357355971130e-12,1.235736402692286783e-12,3.172463293182672116e-12,2.628742838940515637e-12,1.443305847258585180e-12,1.295038833590528581e-12,1.215144549032224746e-12,1.254141638063376925e-12,3.533419832315545355e-12,2.795064222580809347e-12,3.410017856684356072e-12,1.040147202283120035e-12,1.051844900446232528e-12,1.098155439462689597e-12,1.477783805027226889e-12,1.638055771530216411e-12,1.303048627960275243e-12,1.355166862034769447e-12,1.358050292161880091e-12,1.423764611264198446e-12,5.213472805713428983e-12,3.961152748733592855e-12,8.612926305677750781e-13,9.596544852628468374e-13,5.081505972945274798e-12,1.851526796575770803e-12,6.305758526180130198e-12,1.277538667735857652e-12,6.324555892347596086e-11,2.646032366909915057e-12,4.887615602968598155e-12,5.912303578735132243e-12,2.438124235342749937e-11,2.155238594711582325e-12,2.334922409920472086e-12,2.503582896225007571e-12,2.537967211373773346e-12,3.608708036256080662e-12,8.771570468405317334e-12,2.917125908677925722e-12,3.498404711318326058e-12,3.243010800112702944e-12
1.440258118352359667e-12,2.011837204585439009e-12,1.637769696250282469e-12,1.625989224553599521e-12,1.771904483125407184e-12,1.611951450424584621e-12,1.515605961862845890e-12,1.707283670702625135e-12,1.320068486712531714e-12,1.334536643165798409e-12,1.166109564706184717e-12,1.528182270478176951e-12,1.460380401434745289e-12,1.655221996326586454e-12,1.595086793605099392e-12,1.794180787497188459e-12,1.541557025251590584e-12,1.379450207933849792e-12,1.447935236225640687e-12,1.419756856688854054e-12,1.551141765109615892e-12,2.139315484595636024e-12,1.270093652814597597e-04,1.309299051370845819e-12,1.390722711476124386e-12,1.527449491274302377e-12,1.581997587539815483e-12,1.656623473271238412e-12,1.498860894190109208e-12,1.545895462138789363e-12,1.295203355065560256e-12,1.313283540613720130e-12,2.892427832455764160e-11,1.012901383774657607e-10,1.090336423187959826e-11,1.097195419738130038e-12,1.175717503456887071e-12,1.259666644245980307e-12,3.362575800563771242e-12,2.728322726313873196e-12,1.469981752559516498e-12,1.318323323466234965e-12,1.236043752990037585e-12,1.277030480115957127e-12,3.779646003293162396e-12,2.858422785051668015e-12,3.481728524827628874e-12,1.059141965408072381e-12,1.070124796862643112e-12,1.119487583776144691e-12,1.499823441259849237e-12,1.663170620639835296e-12,1.326873894762374968e-12,1.380723890678146679e-12,1.384238866991228750e-12,1.450880371991324986e-12,5.557836694192041588e-12,4.032979543061965047e-12,8.763534514957052868e-13,9.775020003399503992e-13,5.507905677704566403e-12,1.872100320274135261e-12,6.855075890496166881e-12,1.302236349161773442e-12,8.520803745458484104e-11,2.713585727501294721e-12,5.235336970970835604e-12,6.192823424698502985e-12,2.858981055494511556e-11,2.196985816958392751e-12,2.379719279108996537e-12,2.556062646590208671e-12,2.581073784628552962e-12,3.710324638033292124e-12,9.264363621015713317e-12,2.963742482590052454e-12,3.555877133459494484e-12,3.298163782840148620e-12
1.464424604827286068e-12,2.045201641616365713e-12,1.664938214772952727e-12,1.653093109832044001e-12,1.801369026111227357e-12,1.638916435106012091e-12,1.541483305939714476e-12,1.737727722875410434e-12,1.343245779831512623e-12,1.357191342229159745e-12,1.185739003781818448e-12,1.553572787816538965e-12,1.484809341910771416e-12,1.682819857938967920e-12,1.621804428707081350e-12,1.824594101911471363e-12,1.570156856338794132e-12,1.403043685082080948e-12,1.472827396562127120e-12,1.443650668452030394e-12,1.577223851936023715e-12,2.177889451909372575e-12,1.381101557865401527e-04,1.331451792765337580e-12,1.415182565385849686e-12,1.553461331331289769e-12,1.609315621451779431e-12,1.686611648277897169e-12,1.524688775668085406e-12,1.572154296668756648e-12,1.318272298445769140e-12,1.336429863152027251e-12,3.446807810398903690e-11,1.538311486946908262e-10,1.182598722592457365e-11,1.116557282727652834e-12,1.196340045723138735e-12,1.284229349026377420e-12,3.571654206727458745e-12,2.836242294244741198e-12,1.497297869334025735e-12,1.342102919651227389e-12,1.257313269927061139e-12,1.300418319353529095e-12,4.055348251076909874e-12,2.925773501011941948e-12,3.557926175099857199e-12,1.078519238324243169e-12,1.088715456590696865e-12,1.141357564845803541e-12,1.522727495006994930e-12,1.689284623148885396e-12,1.351230293553254664e-12,1.407055655076533210e-12,1.411131622264023783e-12,1.478696014448002942e-12,5.941651539675725643e-12,4.108783863721524021e-12,8.916515912752218718e-13,9.957172011534251308e-13,5.997316667516924962e-12,1.893643452488638273e-12,7.490274461578602690e-12,1.327608353140411483e-12,1.279926024832206949e-10,2.785781779462978360e-12,5.626776205397176801e-12,6.503332759197340340e-12,3.430960532598883604e-11,2.240594454120544476e-12,2.426542840635912687e-12,2.611427881008519503e-12,2.625614326473282008e-12,3.819978196746168553e-12,9.818361377823638945e-12,3.011812017179775747e-12,3.615729740871443009e-12,3.355599261283583187e-12
1.489035475883460497e-12,2.079343413177927275e-12,1.692643726681040703e-12,1.680734466154065105e-12,1.831455910274060220e-12,1.666417118312714518e-12,1.567882592932853054e-12,1.768911709317956304e-12,1.366890257280162567e-12,1.380256464715527333e-12,1.205681311238366316e-12,1.579439724378737101e-12,1.509688029226285341e-12,1.710972987381475314e-12,1.649050363596475898e-12,1.855685836063334458e-12,1.599472437654598000e-12,1.427086090774761490e-12,1.498216921244462991e-12,1.467983419922788755e-12,1.603816387778825561e-12,2.217557446386594211e-12,1.484163664193181831e-04,1.353995711053695333e-12,1.440152911282321620e-12,1.579996477890331949e-12,1.637219777965922766e-12,1.717339438867243229e-12,1.551048322842060853e-12,1.598941766530530288e-12,1.341821157024965334e-12,1.360046759299738169e-12,4.232597595857262465e-11,3.112455653945822419e-10,1.290055166289596763e-11,1.136278236013381424e-12,1.217351100397449871e-12,1.309450633465135558e-12,3.802706227206946856e-12,2.953600576136787071e-12,1.525284685577099940e-12,1.366399063937209530e-12,1.278968077801267189e-12,1.324326243803631763e-12,4.365923937607581837e-12,2.997647489716779841e-12,3.639241839270343015e-12,1.098292434718609988e-12,1.107627033052809348e-12,1.163785964551259208e-12,1.546528304430443684e-12,1.716437754889511673e-12,1.376141068494614288e-12,1.434193813974181810e-12,1.438759694006341419e-12,1.507244175845920953e-12,6.372175255363600752e-12,4.189215217933844217e-12,9.071924399675590201e-13,1.014312288636124548e-12,6.564169240469362973e-12,1.916191235567231555e-12,8.232427419792007874e-12,1.353682808852519575e-12,2.473137698690673276e-10,2.863215871633768740e-12,6.070499186318680232e-12,6.848933128276279608e-12,4.250940453220354273e-11,2.286319373725384084e-12,2.475676308820720528e-12,2.670067488374434431e-12,2.671860330086853071e-12,3.938741807575351216e-12,1.044603325223211086e-11,3.061937083480864418e-12,3.678562101780274461e-12,3.415754517803810235e-12
1.514102310217537981e-12,2.114298321818151455e-12,1.720910125176819001e-12,1.708932793820215302e-12,1.862190808269807868e-12,1.694470853276187993e-12,1.594815137103427364e-12,1.800853905300225787e-12,1.391009368905249024e-12,1.403739191952091408e-12,1.225941072971496804e-12,1.605802481078474631e-12,1.535029640175143264e-12,1.739701720800378317e-12,1.676841016583788393e-12,1.887475894179530298e-12,1.629520836692755921e-12,1.451585369385925620e-12,1.524113364957825804e-12,1.492765450391532401e-12,1.630933382614706578e-12,2.258353143259577986e-12,1.009315437477145515e-04,1.376937671330604041e-12,1.465642882891964068e-12,1.607066668779190260e-12,1.665723100267265436e-12,1.748824909669079591e-12,1.577950372907781916e-12,1.626270258736632192e-12,1.365857811427678625e-12,1.384141799740697484e-12,5.428260802346825006e-11,5.690975730764684306e-05,1.416659113807734780e-11,1.156361867447362798e-12,1.238755270009742112e-12,1.335345272501908955e-12,4.059296964866651927e-12,3.081628863930605857e-12,1.553957513376154059e-12,1.391221035966079580e-12,1.301013094814603153e-12,1.348763801482324796e-12,4.717988880582629767e-12,3.074602648114908456e-12,3.726329131915316593e-12,1.118466872807473365e-12,1.126861854029761981e-12,1.186784305999488856e-12,1.571242736116318729e-12,1.744651010754163849e-12,1.401617036268663853e-12,1.462156618882851516e-12,1.467140649434956194e-12,1.536542625555812597e-12,6.858247447254533350e-12,4.274946818137771293e-12,9.229759282640933111e-13,1.033292444614021179e-12,7.227209301642753493e-12,1.939755195152485192e-12,9.109421510762550580e-12,1.380475798971939898e-12,2.190908444979262827e-09,2.946522246155685309e-12,6.577127807238729644e-12,7.235597767854783086e-12,5.518363405909277593e-11,2.334427921964857232e-12,2.527415643740339049e-12,2.732388948870366160e-12,2.720118395570094219e-12,4.067765003181143659e-12,1.116266443854110106e-11,3.115034327609121501e-12,3.745101465894819413e-12,3.479113050747267866e-12
1.532372810600300025e-12,2.135964706811436935e-12,1.740388445437486546e-12,1.728461524617732455e-12,1.882625122536462305e-12,1.714002384851928623e-12,1.614227685079396046e-12,1.823275846125488343e-12,1.409465261909466696e-12,1.421397837017720932e-12,1.241756996127069323e-12,1.624516794706547940e-12,1.553383019148318481e-12,1.759444416448245494e-12,1.696287264046468954e-12,1.908699280923513998e-12,1.651871233371809968e-12,1.469865687821128246e-12,1.543157458137790550e-12,1.510944928556241746e-12,1.650161717865474416e-12,2.284127703757382879e-12,3.798745281030432127e-10,1.394272722571919388e-12,1.484839784220818803e-12,1.626495865093955623e-12,1.686038060197006032e-12,1.771368569612672776e-12,1.597507349967297498e-12,1.645768895290058568e-12,1.384461071463050173e-12,1.402636609556643623e-12,6.064040434496761982e-11,1.220558207794226140e-04,1.495540904794059517e-11,1.172561545583916657e-12,1.255681845960965133e-12,1.356238126877895086e-12,4.288368296806576006e-12,3.190103157528384526e-12,1.575647162833408751e-12,1.410423961824319685e-12,1.318080820498406816e-12,1.367952049153654903e-12,5.040390971092766989e-12,3.126870161598892217e-12,3.775520323487626505e-12,1.135065259825530826e-12,1.142388482892445537e-12,1.205867953613217830e-12,1.589068613327705093e-12,1.764302248018775762e-12,1.421418196758012190e-12,1.484145685124310045e-12,1.489427031638532296e-12,1.559085504876589382e-12,7.245598623214061075e-12,4.308836261508067374e-12,9.362939936529835131e-13,1.049260419157327032e-12,7.818609856225298946e-12,1.952527149650681316e-12,9.851197699347664845e-12,1.401922833986590910e-12,7.822036130431856923e-05,3.008289538785654791e-12,7.005748969300696020e-12,7.493578353489872501e-12,6.243797515960224426e-11,2.367837462531868148e-12,2.561735127912950011e-12,2.774939712915635764e-12,2.747343792697612451e-12,4.154516266964221686e-12,1.156079093925336258e-11,3.141908615798036447e-12,3.772008933933827673e-12,3.507976646957671154e-12
1.550415962060732625e-12,2.157187863851280712e-12,1.759562066571322598e-12,1.747694058365470308e-12,1.902709100949194159e-12,1.733247188344175885e-12,1.633421401131908741e-12,1.845498550538739879e-12,1.427808586851017582e-12,1.438880145409159020e-12,1.257426663405305072e-12,1.642963834328659701e-12,1.571498218470781206e-12,1.778880821279240086e-12,1.715454191764125670e-12,1.929596868674822073e-12,1.674143702562104795e-12,1.487970707054927489e-12,1.562015992275832228e-12,1.528908098865398913e-12,1.669131592836430398e-12,2.309563719260790523e-12,1.897336344935124368e-10,1.411432594345203967e-12,1.503908305434594829e-12,1.645697592405719393e-12,1.706134837235164967e-12,1.793756385245810205e-12,1.616867957351438229e-12,1.665029441267393598e-12,1.402981760565429679e-12,1.421026918086499460e-12,6.731427579926984934e-11,4.489646116163999731e-09,1.578129761163315354e-11,1.188707892188867328e-12,1.272528804893392240e-12,1.377232888987694257e-12,4.534965486587702414e-12,3.305714695161146033e-12,1.597280924238734903e-12,1.429559286488976691e-12,1.335022423376900675e-12,1.387106459246466926e-12,5.393876226814896743e-12,3.181469861113006021e-12,3.826533524174127476e-12,1.151669881455743215e-12,1.157842863332108838e-12,1.225065586117027148e-12,1.607136463725964804e-12,1.784179746688476156e-12,1.441177952941299316e-12,1.506287254623885163e-12,1.511783451286405014e-12,1.581639247342634304e-12,7.658983643025279953e-12,4.343232882515544039e-12,9.495822613022438587e-13,1.065271436861940407e-12,8.476929308231727356e-12,1.965471176183793580e-12,1.067280730521279094e-11,1.423479376793168788e-12,2.450856569678533034e-04,3.073262074147208049e-12,7.471292536490911966e-12,7.765735564718520466e-12,7.028634038488797022e-11,2.402171439783670859e-12,2.596938342949830886e-12,2.819107859158876615e-12,2.774529379970640115e-12,4.245814641200488912e-12,1.197485720785695983e-11,3.169221982152599686e-12,3.798930556931547921e-12,3.536806316930787341e-12
1.568678360393300227e-12,2.178842113694827701e-12,1.778995849975565477e-12,1.767195994581263496e-12,1.923117180647070331e-12,1.752766586861988547e-12,1.652908405741086580e-12,1.868197793867918671e-12,1.446435699576302162e-12,1.456576367364327438e-12,1.273238820706561504e-12,1.661634039008787906e-12,1.589831097488292455e-12,1.798599842477723659e-12,1.734893166616383842e-12,1.950886751301523581e-12,1.696898965013017490e-12,1.506323208640845220e-12,1.581158979901423493e-12,1.547091703332369997e-12,1.688367441814190514e-12,2.335730984352715043e-12,1.291268537219154788e-10,1.428789819842920169e-12,1.523290259901567823e-12,1.665190570835862154e-12,1.726579480518859180e-12,1.816629338764619940e-12,1.636537958283574305e-12,1.684581719139556489e-12,1.421805502471323455e-12,1.439706417250498339e-12,7.512372806876603321e-11,2.461455273002167370e-09,1.669983079753768728e-11,1.205073516096169977e-12,1.289608819531811815e-12,1.398711621883692295e-12,4.805614059480743993e-12,3.431510405349041802e-12,1.619368674087433828e-12,1.449029976313593834e-12,1.352177572077346141e-12,1.406608031923373159e-12,5.789063556922116363e-12,3.240674332574655070e-12,3.882449999337657219e-12,1.168541128745433050e-12,1.173480079536220520e-12,1.244678765778504101e-12,1.625977783592416800e-12,1.804936801580589833e-12,1.461308489162386145e-12,1.529040738575101483e-12,1.534670824144020774e-12,1.604707162918038738e-12,8.113826887618780583e-12,4.381690089189865906e-12,9.630100476998498050e-13,1.081548969216751586e-12,9.228450690185182875e-12,1.979390565525095660e-12,1.161092485136371865e-11,1.445554299962661856e-12,2.884728390324318146e-04,3.143686117206604052e-12,7.990439982338697134e-12,8.066272383014218809e-12,7.955610135260664747e-11,2.438659366582486569e-12,2.634431764685308105e-12,2.866648248558509654e-12,2.802935852379688154e-12,4.345780875973085688e-12,1.243706589285809724e-11,3.197967524487485414e-12,3.828006158240633939e-12,3.567722136324674184e-12
1.587331413804696339e-12,2.201262945948142950e-12,1.798900015928326735e-12,1.787183127749964623e-12,1.944106159533219888e-12,1.772776866589898261e-12,1.672894401176570181e-12,1.891658684771460021e-12,1.465511137875494492e-12,1.474640028705634929e-12,1.289302045131853618e-12,1.680708666974219176e-12,1.608555016887132227e-12,1.818825788721948751e-12,1.754816768569135769e-12,1.972856223021000251e-12,1.720379494471755774e-12,1.525092473076926378e-12,1.600776779871628243e-12,1.565664484905804262e-12,1.708073357520326197e-12,2.363082542970182463e-12,1.000299355968289426e-10,1.446489632154366720e-12,1.543169344053512683e-12,1.685182234733094557e-12,1.747603481863066583e-12,1.840260509813718005e-12,1.656723254858494695e-12,1.704636791979287685e-12,1.441094256275903622e-12,1.458838854724914642e-12,8.486443539883553609e-11,1.919894114061555224e-09,1.775200418193378441e-11,1.221771205173793234e-12,1.307050604030531352e-12,1.420844379189030367e-12,5.105934720804398302e-12,3.569640652265174024e-12,1.642131175788639432e-12,1.469007104841508684e-12,1.369682674325339906e-12,1.426620221142124905e-12,6.236293544813173971e-12,3.305659361565060440e-12,3.944688191704283183e-12,1.185790237158191517e-12,1.189403061478269084e-12,1.264841856459769198e-12,1.645811844669027434e-12,1.826844677501953359e-12,1.481986986050627406e-12,1.552609073908288054e-12,1.558293505984683456e-12,1.628510714091107255e-12,8.622370933020158509e-12,4.425564584073706628e-12,9.766452042352438389e-13,1.098189714164944557e-12,1.010057095229121698e-11,1.994589494795031427e-12,1.270263969377157628e-11,1.468329407762890647e-12,3.302414868606607799e-04,3.220830233687457767e-12,8.578273325398392741e-12,8.404029714597205697e-12,9.124343781257361095e-11,2.477897502451897777e-12,2.674876043339145233e-12,2.918444676347621919e-12,2.832972112062928146e-12,4.456643276404945423e-12,1.296628062927773457e-11,3.228262492729793323e-12,3.859805972424336063e-12,3.601420962866911113e-12
1.606380448183450916e-12,2.224464690024681927e-12,1.819272745370737172e-12,1.807660511409452317e-12,1.965683706120083449e-12,1.793286733252545957e-12,1.693399353970139443e-12,1.915927827926276476e-12,1.485056832283943983e-12,1.493080890088467496e-12,1.305615781471802779e-12,1.700184407279972392e-12,1.627673027638785520e-12,1.839565203220005373e-12,1.775234411954060010e-12,1.995533485544763211e-12,1.744631769218816345e-12,1.544293712016487283e-12,1.620889711300162615e-12,1.584633552092253510e-12,1.728260624375514288e-12,2.391696756232608551e-12,8.310417246078086373e-11,1.464539012396429529e-12,1.563571211180042960e-12,1.705691643918593096e-12,1.769235190644001115e-12,1.864697745816372326e-12,1.677447412343661660e-12,1.725213004673143332e-12,1.460872369187302651e-12,1.478446875232515542e-12,9.736163816129788249e-11,1.788157102344955771e-09,1.897043579396741026e-11,1.238814910847928928e-12,1.324869781430236378e-12,1.443669238604372563e-12,5.441264057595334444e-12,3.721823185524682005e-12,1.665610840232648393e-12,1.489518843570594539e-12,1.387549989170114081e-12,1.447171966056463956e-12,6.746394077305174070e-12,3.377020423629232807e-12,4.013795141791469303e-12,1.203435672490295143e-12,1.205621208686023837e-12,1.285584807910780769e-12,1.666680493660680655e-12,1.849955188408342029e-12,1.503245406517498876e-12,1.577037893364300896e-12,1.582696778305329179e-12,1.653096873269351263e-12,9.195382155770531074e-12,4.475060729535157994e-12,9.904924264363122349e-13,1.115210942516020192e-12,1.112392758051624057e-11,2.011107619534097285e-12,1.398844398206085813e-11,1.491845691795611004e-12,3.701897708168053929e-04,3.305448783569991727e-12,9.249596001982848662e-12,8.785171305276756945e-12,1.064236561694708218e-10,2.520146735266088144e-12,2.718535180447155472e-12,2.974922137338685677e-12,2.864592482012403680e-12,4.579637093295545236e-12,1.357492833689943138e-11,3.259780932213033318e-12,3.894083363924738054e-12,3.637857451357224613e-12
1.625838773965976945e-12,2.248478742002793011e-12,1.840124387933345450e-12,1.828644162273786046e-12,1.987870715761641916e-12,1.814315144952294612e-12,1.714450853175612930e-12,1.941060470501663473e-12,1.505099849754886384e-12,1.511914822429025040e-12,1.322184539696584297e-12,1.720068447290867852e-12,1.647196733060201588e-12,1.860835897538674036e-12,1.796165400685951821e-12,2.018957888962883155e-12,1.769709122313857016e-12,1.563948358645037724e-12,1.641524795446882870e-12,1.604013509092685695e-12,1.748949504187638857e-12,2.421665669869653829e-12,7.218343620922902481e-11,1.482950987341740741e-12,1.584527237194924577e-12,1.726745721546409108e-12,1.791510861835816377e-12,1.889996910128232925e-12,1.698741124231743821e-12,1.746336891336067286e-12,1.481168987794898834e-12,1.498558160390581777e-12,1.139895448384808631e-10,1.927756993508082492e-09,2.039927311895326606e-11,1.256221967016865370e-12,1.343085976676508283e-12,1.467228893933595289e-12,5.818307224195489395e-12,3.890134982496786510e-12,1.689856268902190628e-12,1.510598284325343682e-12,1.405796558719352797e-12,1.468296758992309374e-12,7.333418753764311310e-12,3.455488651828416787e-12,4.090478972231476541e-12,1.221498889945489768e-12,1.222147272591408020e-12,1.306941101333003084e-12,1.688631063536441609e-12,1.874327360412001298e-12,1.525120664561770948e-12,1.602378501987274993e-12,1.607931575530462380e-12,1.678518750787818939e-12,9.846738281399542908e-12,4.530566992083500699e-12,1.004558494914468810e-12,1.132632398890493479e-12,1.234042930282481387e-11,2.028991460374980132e-12,1.552442382092582407e-11,1.516149134986975684e-12,4.080991843333691901e-04,3.398450368032254347e-12,1.002382337798997592e-11,9.217506270063810035e-12,1.269248948010459000e-10,2.565741792072547952e-12,2.765755032475904973e-12,3.036608692178018952e-12,2.897836043425950417e-12,4.716274989544966278e-12,1.427923038189352991e-11,3.292381450248876938e-12,3.930768327831952654e-12,3.677119000650892405e-12
1.645727537996006140e-12,2.273353019182963748e-12,1.861477001133715800e-12,1.850160758404009109e-12,2.010700912822270886e-12,1.835891089086450411e-12,1.736084103281693631e-12,1.967120697616791886e-12,1.525672461734379021e-12,1.531163770657215218e-12,1.339017815950420784e-12,1.740378092540414570e-12,1.667146090495523096e-12,1.882666651791967828e-12,1.817638731695386871e-12,2.043179866298520108e-12,1.795671971911665941e-12,1.584084067626953662e-12,1.662715779155263039e-12,1.623826346076446753e-12,1.770169100751346371e-12,2.453095432627737272e-12,6.469306922778671522e-11,1.501744574016964743e-12,1.606074603790797971e-12,1.748379231655725657e-12,1.814474708488559282e-12,1.916222103652718199e-12,1.720642248359884127e-12,1.768043135244545850e-12,1.502018145858640936e-12,1.519205503067594630e-12,1.372149952570718160e-10,2.512625399155310062e-09,2.209967194704929771e-11,1.274013135156577468e-12,1.361722864546255422e-12,1.491570839495859544e-12,6.245601384332712871e-12,4.077105027937717948e-12,1.714922457582974225e-12,1.532283549879039416e-12,1.424444225006154531e-12,1.490032763761597697e-12,8.015931409248072063e-12,3.541950366277742819e-12,4.175625238770601652e-12,1.240004398703261591e-12,1.238997382567843891e-12,1.328947874547226346e-12,1.711716542878669960e-12,1.900027723094211646e-12,1.547654760895890095e-12,1.628688127427319228e-12,1.634054724321142192e-12,1.704835841601909346e-12,1.059461995066101941e-11,4.592655852218434152e-12,1.018852293392791420e-12,1.150476357634672757e-12,1.380891431524655310e-11,2.048294415984276260e-12,1.739049846611125466e-11,1.541290919566072758e-12,4.437340675313215625e-04,3.500925783062054137e-12,1.092690629726182116e-11,9.711020357828412028e-12,1.561383631856983333e-10,2.615098063621912301e-12,2.816970102479682619e-12,3.104147753764239837e-12,2.932821813178541602e-12,4.868402588972991390e-12,1.510061336682734664e-11,3.326058629549007158e-12,3.969942226409666031e-12,3.719417783027734779e-12
1.666075826908607504e-12,2.299152012285592910e-12,1.883364319802126517e-12,1.872247701496890865e-12,2.034220901614290125e-12,1.858053689892413381e-12,1.758342144251123810e-12,1.994181897528098146e-12,1.546812359250813652e-12,1.550855898416715090e-12,1.356130173253338968e-12,1.761140754971378034e-12,1.687549489744000972e-12,1.905097287449440685e-12,1.839693213607257633e-12,2.068261220514948579e-12,1.822588257345757650e-12,1.604734896595275495e-12,1.684503354636222385e-12,1.644101560468285205e-12,1.791957503886530869e-12,2.486107196334269341e-12,5.937232109268032705e-11,1.520944906086147137e-12,1.628256546980042948e-12,1.770634992166608240e-12,1.838179191367193445e-12,1.943446134199644227e-12,1.743196053491658840e-12,1.790374775696888462e-12,1.523458988719102941e-12,1.540427025505567731e-12,1.719560383935772341e-10,4.981914676102721150e-09,2.415882825068134253e-11,1.292212744586693162e-12,1.380808330244221577e-12,1.516747680045112532e-12,6.734183380908998045e-12,4.285838639409663840e-12,1.740871182507854650e-12,1.554618045230753438e-12,1.443519783722293780e-12,1.512423063087914463e-12,8.818966117707244644e-12,3.637473828780491297e-12,4.270322035612187129e-12,1.258979909679072887e-12,1.256191166990267951e-12,1.351646140873066028e-12,1.735995975746173431e-12,1.927130818782103288e-12,1.570895060197701171e-12,1.656030333475853921e-12,1.661129341567221457e-12,1.732114449977020819e-12,1.146331024029900803e-11,4.662094323548304136e-12,1.033384888538760912e-12,1.168767747464208756e-12,1.561463522832933196e-11,2.069077045666046370e-12,1.970455540099251977e-11,1.567327771204746993e-12,4.768394725164113129e-04,3.614185086587954577e-12,1.199432698321960622e-11,1.027865273829794858e-11,2.011802058894821040e-10,2.668721439618455981e-12,2.872713789181971962e-12,3.178315223146599856e-12,2.969749574897861471e-12,5.038273985687799524e-12,1.606788440355057837e-11,3.360926137017718655e-12,4.011828792573511064e-12,3.765091659030685175e-12
1.686574463508571368e-12,2.325298286813148093e-12,1.905389695669303225e-12,1.894515880869695771e-12,2.057974714681629754e-12,1.880421746241753737e-12,1.780889995665059124e-12,2.021829668981931760e-12,1.568263374683581558e-12,1.570725382559775142e-12,1.373311803810171374e-12,1.782007543985656802e-12,1.708088584661733532e-12,1.927726553790562764e-12,1.861955681500941077e-12,2.093741793550069828e-12,1.850117417892105986e-12,1.625619825695367276e-12,1.706580868080121514e-12,1.664539072435909298e-12,1.813961427917071506e-12,2.520064911312809701e-12,5.517203915658670791e-11,1.540294452046233837e-12,1.650790912196949174e-12,1.793172700297216804e-12,1.862263168298944425e-12,1.971278092101477070e-12,1.766075786065251264e-12,1.812983314123299249e-12,1.545245372635533158e-12,1.561969435424421823e-12,2.233860766753153446e-10,5.078006727820354692e-04,2.661946552865221739e-11,1.310639671200877356e-12,1.400136013132206963e-12,1.542528190737432704e-12,7.292187210833433274e-12,4.517749052129943697e-12,1.767391345131517611e-12,1.577347916085463989e-12,1.462794680897648268e-12,1.535229100565989446e-12,9.765524207357206270e-12,3.741669550335777866e-12,4.373607570109552511e-12,1.278257624081731868e-12,1.273554448328139649e-12,1.374851220517439440e-12,1.761161136857207145e-12,1.955258526220422041e-12,1.594585159501161307e-12,1.684131148350268514e-12,1.688878506758664898e-12,1.760051392712447884e-12,1.246734103781688152e-11,4.737165260498160909e-12,1.048035780037943551e-12,1.187362668321222394e-12,1.784718230976573350e-11,2.090884500108689680e-12,2.258587790361358847e-11,1.594013542593931706e-12,1.896882649928558257e-09,3.738136192059332581e-12,1.325457219523034956e-11,1.092323256414204153e-11,2.703384277298077255e-10,2.726329924151635923e-12,2.932599769407776520e-12,3.258771905119086933e-12,3.007812896495841935e-12,5.225394228893652868e-12,1.718553309886917054e-11,3.395827617057437934e-12,4.054809333550893734e-12,3.812861007832988167e-12
1.706842680529075905e-12,2.351084955520026386e-12,1.927068125817984605e-12,1.916488684170590860e-12,2.081402608069026800e-12,1.902526410945330519e-12,1.803310691948040869e-12,2.049539536372880693e-12,1.589703239955629266e-12,1.590442703233621660e-12,1.390304311412694015e-12,1.802550989334981436e-12,1.728372260804250996e-12,1.950060867741891571e-12,1.883965988572693114e-12,2.119050551514022701e-12,1.877821990006812151e-12,1.646388839818999586e-12,1.728565388449207057e-12,1.684768274577318495e-12,1.835744524950868580e-12,2.554163792033953298e-12,5.143328904346495722e-11,1.559474946095553673e-12,1.673321975595946384e-12,1.815569180698478376e-12,1.886274740251194344e-12,1.999220384186538083e-12,1.788873022868664905e-12,1.835435975011318603e-12,1.567065469165036373e-12,1.583513158508977331e-12,2.933920317187738859e-10,5.400428112255012880e-04,2.949476653062916840e-11,1.329065718028101408e-12,1.419446174919525372e-12,1.568608573902754311e-12,7.926702614927632556e-12,4.773560449426213289e-12,1.794082920163046866e-12,1.600150003382867199e-12,1.481983648538220597e-12,1.558145476794363556e-12,1.087979636569999068e-11,3.853664727575853212e-12,4.483864188712986288e-12,1.297622902502756856e-12,1.290869134036715175e-12,1.398320263542524436e-12,1.786805661240541642e-12,1.983913966390062037e-12,1.618396602179157348e-12,1.712628852739283205e-12,1.716939271371610753e-12,1.788252240157777209e-12,1.361581012643605460e-11,4.815520653643924504e-12,1.062654593313739116e-12,1.206075962499306245e-12,2.060979474451349183e-11,2.113127401924340797e-12,2.616686123289822275e-11,1.621024247076018239e-12,2.823892337230925981e-09,3.872184801800826831e-12,1.473412443290666643e-11,1.164211725567322843e-11,3.680059301992034127e-10,2.787426827374403524e-12,2.995994022482707987e-12,3.344833174342792696e-12,3.045986001461215908e-12,5.428180073664114259e-12,1.844306260307139296e-11,3.429306307201755854e-12,4.096874047959527188e-12,3.861078893372576540e-12
1.727372828839870707e-12,2.377463341643181846e-12,1.949027779322079037e-12,1.938789809314184103e-12,2.105244670935527191e-12,1.924983894235303562e-12,1.826161775076979678e-12,2.078044370669561263e-12,1.611565475254281683e-12,1.610436114400721228e-12,1.407428381081952954e-12,1.823318005456021127e-12,1.748904572760788725e-12,1.972747681839495559e-12,1.906328694734504337e-12,2.144963272392831776e-12,1.906318462086138498e-12,1.667503986029022246e-12,1.750969070412836017e-12,1.705269515585465054e-12,1.857880975573529710e-12,2.589552438628508415e-12,4.849406445333568741e-11,1.578896428846235987e-12,1.696331961426842838e-12,1.838389275636016457e-12,1.910828015323969480e-12,2.027971233917323044e-12,1.812137935875057013e-12,1.858309814896185803e-12,1.589341807541618095e-12,1.605488809757178524e-12,4.093989815747788590e-10,5.703086284491992036e-04,3.307782803211240859e-11,1.347790552048867984e-12,1.439081747105047351e-12,1.595418783910734265e-12,8.666431513179642292e-12,5.061316612738940641e-12,1.821507693973938615e-12,1.623466587897088494e-12,1.501458989134779266e-12,1.581592121572089168e-12,1.223120464500878096e-11,3.977164282083413382e-12,4.605644719282336617e-12,1.317363698656776692e-12,1.308415597895778211e-12,1.422393159781850346e-12,1.813488072772340693e-12,2.013788214500693249e-12,1.642783495396301658e-12,1.742038043098357775e-12,1.745828395913846852e-12,1.817277333078450414e-12,1.497895523277532640e-11,4.901896518132506597e-12,1.077428030654059241e-12,1.225156063400602738e-12,2.418842597756247251e-11,2.136584236803647808e-12,3.086145279565879694e-11,1.648819878008003690e-12,1.524917304804646029e-09,4.020385734966865559e-12,1.653653190606988355e-11,1.247514142014793393e-11,5.385495616451746303e-10,2.853918361829112786e-12,3.065029751959588219e-12,3.439271420792764080e-12,3.086066142954984911e-12,5.654122598504531396e-12,1.993633638641410389e-11,3.463338298706507516e-12,4.141075573811499213e-12,3.912647845327558294e-12
1.748194653079461250e-12,2.404504724476706081e-12,1.971306650568218649e-12,1.961459475985878631e-12,2.129551798857653656e-12,1.947835248736584601e-12,1.849484773547912951e-12,2.107412834794136540e-12,1.633883908888011789e-12,1.630732576211501863e-12,1.424698030454002695e-12,1.844339190166154707e-12,1.769715202007051481e-12,1.995829721613944474e-12,1.929084188681734224e-12,2.171542085779381373e-12,1.935668156343677716e-12,1.688997411046563181e-12,1.773830297375913392e-12,1.726072400791079820e-12,1.880409554462661826e-12,2.626347853606667397e-12,4.617546862973335986e-11,1.598583163964906621e-12,1.719860100664201759e-12,1.861674614153704408e-12,1.935972931471902665e-12,2.057597856646846979e-12,1.835913337509247931e-12,1.881647044093843264e-12,1.612108942591511015e-12,1.627930436503408680e-12,6.327572315781643050e-10,5.983754055713615995e-04,3.767272429580374820e-11,1.366834685428492181e-12,1.459066955157942889e-12,1.623003824908449158e-12,9.539906650177387806e-12,5.387181656302689971e-12,1.849720852657715964e-12,1.647335881600083567e-12,1.521244985709989374e-12,1.605606419018515645e-12,1.390171113544972420e-11,4.113892483207865799e-12,4.740663230435667510e-12,1.337502689368300749e-12,1.326210459260014042e-12,1.447103853845910791e-12,1.841258758132854179e-12,2.044947443378740524e-12,1.667787311900923497e-12,1.772414187262260407e-12,1.775601144262760579e-12,1.847185411405188195e-12,1.662477095110420150e-11,4.997539930765794288e-12,1.092364279414671054e-12,1.244622667465716602e-12,2.898797575144570917e-11,2.161306688904551784e-12,3.726375458229551575e-11,1.677449359607667590e-12,1.004471135079098460e-09,4.184932478156725020e-12,1.877920757178516025e-11,1.345146843024686452e-11,9.038893246151269852e-10,2.926619722812368345e-12,3.140565308336495778e-12,3.543325873635458598e-12,3.128436502920353423e-12,5.907078853418848191e-12,2.173803975170635889e-11,3.498066132492254680e-12,4.187852588796816093e-12,3.968184578851142882e-12
1.769343826880022395e-12,2.432292457633683266e-12,1.993951289109495903e-12,1.984545815943411593e-12,2.154384334697229392e-12,1.971129044823036580e-12,1.873327093211639307e-12,2.137720740156928285e-12,1.656696397160679869e-12,1.651363712863560890e-12,1.442131112066693746e-12,1.865652587626444443e-12,1.790840110721286362e-12,2.019357857589717315e-12,1.952280142180290007e-12,2.198857642849586676e-12,1.965938120811074307e-12,1.710906057630441630e-12,1.797192660730461005e-12,1.747212149349217484e-12,1.903375732995350763e-12,2.664679019237959367e-12,4.435578667559431076e-11,1.618564011076867478e-12,1.743950144888339805e-12,1.885472862052456190e-12,1.961765643187135642e-12,2.088174159623623163e-12,1.860247607268379197e-12,1.905496131658455059e-12,1.635405197844177342e-12,1.650876037030204290e-12,1.213296002561090871e-09,6.240063237144933368e-04,4.378568790388249519e-11,1.386221214647944519e-12,1.479429115150563534e-12,1.651412306787178326e-12,1.058694794478831287e-11,5.759004954724684838e-12,1.878782686240221430e-12,1.671799987886790743e-12,1.541369617572189629e-12,1.630229334742049412e-12,1.601549238072173735e-11,4.265914381631390291e-12,4.890966696823045869e-12,1.358064764548774001e-12,1.344272911850964881e-12,1.472488871537511294e-12,1.870171855536432683e-12,2.077463306953965442e-12,1.693453465106551727e-12,1.803817307472102953e-12,1.806317404842022920e-12,1.878040320851110574e-12,1.865333808014484072e-11,5.103942028661576896e-12,1.107473099744881119e-12,1.264497211044168706e-12,3.572966313957391511e-11,2.187349901507180740e-12,4.647685108661491113e-11,1.706965572197754641e-12,7.332611767695535404e-10,4.368481365384833140e-12,2.164399470376909817e-11,1.461116516348576853e-11,2.332178420501004373e-09,3.006490079700377988e-12,3.223612155178702219e-12,3.658465718609437470e-12,3.173575274585812323e-12,6.191810901535675512e-12,2.395420441780456102e-11,3.533728840738380457e-12,4.237777533356552080e-12,4.028447909107139258e-12
1.790862420748683119e-12,2.460922943707095925e-12,2.017017554285249979e-12,2.008105517530448254e-12,2.179812826527599223e-12,1.994921965031775357e-12,1.897742426270225633e-12,2.169051547611794688e-12,1.680045085211204056e-12,1.672366154164456819e-12,1.459749641152078648e-12,1.887304350366307657e-12,1.812322060868099147e-12,2.043391753372733669e-12,1.975972069724453389e-12,2.226989730103654123e-12,1.997201509161138041e-12,1.733271999319894653e-12,1.821105315519796726e-12,1.768730024444131691e-12,1.926832179960580549e-12,2.704687886397515112e-12,4.295158940797359217e-11,1.638872780074138983e-12,1.768650660258608849e-12,1.909838146415149486e-12,1.988268947257490927e-12,2.119781205795154233e-12,1.885195070166814851e-12,1.929912248721113634e-12,1.659272901568102721e-12,1.674367813674019516e-12,5.347547178954107101e-09,6.110153321289733212e-04,5.232645124346056874e-11,1.405975985672561469e-12,1.500198833760788348e-12,1.680696636401125670e-12,1.186486061382595512e-11,6.186936452984778509e-12,1.908758916521524558e-12,1.696905142394394066e-12,1.561864816562284718e-12,1.655505629964592613e-12,1.876999589346653115e-11,4.435721281548671713e-12,5.059014045232503528e-12,1.379077149561198241e-12,1.362624901714133612e-12,1.498587435688785170e-12,1.900285464020513850e-12,2.111413282304220146e-12,1.719831548507995224e-12,1.836312231399505377e-12,1.838041962089922418e-12,1.909911332850334425e-12,2.121831268981906489e-11,5.222885444952019616e-12,1.122765944201619563e-12,1.284802958601505075e-12,4.583329111020295126e-11,2.214772640787274492e-12,6.080445812873470120e-11,1.737425565208834008e-12,5.721408620000707704e-10,4.574278390219317541e-12,2.542827288755323673e-11,1.601081019068076413e-11,3.593372096845376423e-05,3.094661061407595991e-12,3.315365013363879267e-12,3.786442487090391300e-12,3.222072498220418303e-12,6.514263023945170116e-12,2.674589387620891181e-11,3.570694309706651532e-12,4.291583491214312944e-12,4.094363316355251574e-12
1.811595303111509131e-12,2.488235226612259810e-12,2.039046169509307263e-12,2.030691866793500325e-12,2.204136338483973185e-12,2.017785694213103777e-12,1.921436431157819545e-12,2.199720854941617296e-12,1.702912487914544596e-12,1.692730530725331920e-12,1.476779917360605008e-12,1.908013774058549943e-12,1.832978548159055124e-12,2.066433740216350310e-12,1.998758038019327592e-12,2.254163303976788375e-12,2.028028091689304175e-12,1.755012541327729071e-12,1.844375041387712756e-12,1.789498781066684883e-12,1.949444870275888126e-12,2.743766752818675970e-12,4.126763812354288517e-11,1.658539349139508351e-12,1.792835685312083245e-12,1.933459738756491362e-12,2.014064092685918720e-12,2.150809631400864122e-12,1.909478391097008966e-12,1.953557337577456989e-12,1.682719385755200603e-12,1.697395034488707525e-12,6.730249196423740117e-04,3.584860455042494363e-09,6.358660521926227246e-11,1.425382142494770744e-12,1.520561664535402990e-12,1.709839574168517149e-12,1.339283352567267718e-11,6.667900945286692189e-12,1.938341749006500547e-12,1.721614047409891805e-12,1.581848491808378808e-12,1.680447496576032009e-12,2.231498900979366603e-11,4.618468535385620708e-12,5.237645513765630197e-12,1.399850217843397793e-12,1.380591806686512973e-12,1.524587988719321696e-12,1.930290387485803905e-12,2.145187520725867560e-12,1.745856721399378641e-12,1.868685943627440821e-12,1.869561199732104400e-12,1.941489435729067013e-12,2.434800945758939328e-11,5.345960649547589502e-12,1.137781036358136353e-12,1.304939965662550053e-12,6.112675444693493916e-11,2.241783769866714143e-12,8.336196572635554225e-11,1.767743078996776026e-12,4.009095730557916722e-10,4.797828650540288681e-12,3.031279847605345063e-11,1.761780144343917370e-11,8.601654263882078888e-09,3.188722864143685228e-12,3.412944695422642279e-12,3.923674236523209157e-12,3.270713574212596303e-12,6.864522222019595540e-12,3.003335829634400568e-11,3.604733328930210174e-12,4.343258093751992952e-12,4.160675618152327367e-12
1.832555411525317692e-12,2.516160380817359975e-12,2.061326370714930979e-12,2.053582687090423778e-12,2.228865307708188446e-12,2.040981728432855118e-12,1.945550278425524232e-12,2.231226371423571029e-12,1.726189986337446047e-12,1.713338760613382918e-12,1.493889184951977705e-12,1.928907168490922315e-12,1.853846957967595590e-12,2.089808704599963115e-12,2.021875852440459367e-12,2.281956916088281161e-12,2.059685690227546095e-12,1.777076818143042007e-12,1.868051589139043045e-12,1.810506493377963324e-12,1.972389973730686327e-12,2.784255663083743552e-12,3.988351884558284525e-11,1.678409566892484214e-12,1.817495061250483360e-12,1.957493572158819193e-12,2.040405949646997716e-12,2.182689415996827205e-12,1.934223808145417516e-12,1.977612001600497989e-12,1.706614229756352490e-12,1.720843244079993185e-12,6.961921660744073643e-04,1.803577177391947858e-09,8.084042991849122984e-11,1.445059842232394605e-12,1.541225543346799070e-12,1.739734570141048706e-12,1.531627560073429135e-11,7.227618712003252514e-12,1.968687757403913605e-12,1.746837083071509858e-12,1.602088553014780975e-12,1.705920920281803583e-12,2.721937467615635249e-11,4.823039966600527353e-12,5.437400717088231354e-12,1.420980733971720360e-12,1.398755055617583832e-12,1.551197938201391922e-12,1.961330759176586330e-12,2.180203932216064952e-12,1.772464779753357274e-12,1.902007819791036329e-12,1.901946897365711484e-12,1.973933067761843705e-12,2.847921740964061758e-11,5.483432082747459019e-12,1.152909174970622679e-12,1.325424650529993843e-12,8.846072809838256560e-11,2.269940198426928691e-12,1.272756146611686304e-10,1.798874030171754413e-12,3.047004068908104281e-10,5.049404622060335122e-12,3.720430596103403110e-11,1.959503476309942633e-11,1.929116616326597493e-09,3.292912863832413471e-12,3.521079330455049134e-12,4.076563331737153091e-12,3.323367050901366474e-12,7.262565471710843557e-12,3.430702710803850426e-11,3.640095718690766478e-12,4.399259210880595968e-12,4.233562582818504949e-12
1.854385456988947886e-12,2.545928959234189608e-12,2.084675555210281648e-12,2.077589975626501892e-12,2.254959764622563406e-12,2.065312162698226329e-12,1.970813462261101252e-12,2.264540035767080430e-12,1.750450574327042938e-12,1.734751647537016208e-12,1.511498353357070943e-12,1.950697253938230106e-12,1.875585103609943912e-12,2.114357897573224839e-12,2.046112181453557415e-12,2.311381057995085526e-12,2.093003450740342441e-12,1.800070414772061032e-12,1.892806733776977621e-12,1.832380330565114550e-12,1.996415679958061640e-12,2.827683320076599410e-12,3.902155770254126915e-11,1.699020516017930541e-12,1.843265941965850140e-12,1.982678011063938779e-12,2.068100342962485726e-12,2.216351474719406024e-12,1.960153217975277828e-12,2.002829961741046680e-12,1.731518144915439540e-12,1.745281994697084795e-12,7.143301405896491886e-04,1.515902897049541675e-09,1.128029252066218227e-10,1.465406236874561552e-12,1.562643787878857262e-12,1.770971161270385054e-12,1.786468673495256646e-11,7.897243603987467804e-12,2.000552883734513145e-12,1.773163465604917011e-12,1.623074474448071843e-12,1.732488088378708682e-12,3.462405153998518231e-11,5.057646540106008672e-12,5.667374881031247587e-12,1.442854041696510567e-12,1.417484776302453697e-12,1.578882490280001422e-12,1.994141167201394191e-12,2.217379148353562324e-12,1.800264152627831857e-12,1.936984847202518451e-12,1.935906996464737764e-12,2.008005049403381457e-12,3.439244966646121158e-11,5.643212909245057828e-12,1.168398008602995234e-12,1.346591211180829599e-12,1.542060183899823569e-10,2.300197560986845977e-12,2.591272643540180883e-10,1.831449929227530475e-12,2.551562437154793933e-10,5.339158694804931036e-12,4.803095182599642677e-11,2.217129013778832880e-11,1.544515132143882138e-09,3.410869120543268278e-12,3.643768313674956915e-12,4.250816646070959481e-12,3.382869256812193504e-12,7.728589459665263331e-12,4.037100335318655605e-11,3.679704560680303597e-12,4.464086406543447937e-12,4.317537165747954338e-12
1.877197067237881773e-12,2.577771623573534667e-12,2.109240378002392409e-12,2.102858968628258036e-12,2.282595094410617399e-12,2.090920522050684336e-12,1.997357550653990563e-12,2.299852973092932917e-12,1.775797465723238015e-12,1.757065672238291757e-12,1.529675356992133628e-12,1.973509580516746897e-12,1.898307402593728137e-12,2.140232650713193240e-12,2.071607595526371092e-12,2.342624255409867429e-12,2.128148367947941002e-12,1.824099826645278972e-12,1.918761228336687956e-12,1.855229116729814573e-12,2.021655154141955575e-12,2.874368474473280959e-12,3.863697574492313617e-11,1.720463534457262710e-12,1.870265187601635693e-12,2.009146044924269025e-12,2.097296579942648519e-12,2.251980969683357218e-12,1.987398080583710557e-12,2.029346954193680788e-12,1.757533562994653725e-12,1.770814287072969075e-12,4.219463168116811391e-04,1.814278621762531344e-09,1.920807482417807211e-10,1.486488969128309590e-12,1.584894903582287524e-12,1.803669702025278984e-12,2.140532998472891387e-11,8.712137926336872996e-12,2.034087912891599617e-12,1.800703217160341658e-12,1.644890027819621102e-12,1.760255022218576079e-12,4.707558614643540121e-11,5.328579575746822174e-12,5.933697578285695753e-12,1.465538297197636951e-12,1.436841855711379633e-12,1.607733186937246046e-12,2.028859100252686497e-12,2.256894162137394866e-12,1.829371194822063224e-12,1.973765394625655443e-12,1.971589024620449636e-12,2.043862963949698880e-12,4.358013549535116454e-11,5.829487972751464677e-12,1.184284838934694532e-12,1.368498305469104855e-12,5.253412058384518366e-10,2.332701588104821755e-12,3.050234581817786199e-04,1.865601342644307327e-12,2.290464103930494298e-10,5.675759404058976576e-12,6.751988592031535414e-11,2.566394224263953152e-11,1.402552565404079830e-09,3.545091664033447396e-12,3.783667202277521629e-12,4.450588461026243486e-12,3.450582437125467137e-12,8.280277028807619224e-12,4.962332610386870729e-11,3.724849617101980973e-12,4.539583364005859133e-12,4.414722108521740277e-12
1.887825345004313156e-12,2.586928183220891625e-12,2.118438707084357726e-12,2.112891843807344812e-12,2.292344243705899046e-12,2.101486185203906548e-12,2.010250862160248826e-12,2.317316737896572317e-12,1.790393484646466803e-12,1.768726686468219397e-12,1.539668068096859660e-12,1.982821405201979966e-12,1.908558167449122425e-12,2.150343587858621928e-12,2.082338090793696175e-12,2.355174547667725642e-12,2.148078044105143365e-12,1.836704505825288008e-12,1.932124099601940327e-12,1.866188266667751490e-12,2.032838401662673759e-12,2.893327642952358989e-12,3.386461180787538594e-11,1.731664286143598244e-12,1.885364548776128685e-12,2.021793516783340756e-12,2.111518258285327452e-12,2.270527613343718827e-12,2.001162439049534380e-12,2.041758276430597348e-12,1.773053165616960548e-12,1.785665840960316650e-12,3.325002983163350042e-10,2.748527311173370619e-10,1.962974144734052389e-10,1.500002815928069990e-12,1.598545195513346453e-12,1.825535051945297251e-12,2.426808375152369685e-11,9.386647714604887979e-12,2.053718014128913225e-12,1.817263378574965760e-12,1.657392120317779770e-12,1.777558010907854646e-12,5.705306893809174186e-11,5.528480999131642573e-12,6.103179371122663069e-12,1.480940369877937868e-12,1.449074980794916016e-12,1.627974323721661482e-12,2.049953211470908559e-12,2.279540858947421122e-12,1.847189359051094229e-12,1.997622889167230361e-12,1.994314804218641072e-12,2.065753505220278845e-12,4.899550984076627635e-11,5.915100154906997957e-12,1.195296066398535866e-12,1.384078187617786055e-12,7.848916029935023845e-10,2.347035265805169123e-12,7.915006368954897922e-04,1.888174005345653404e-12,1.212386885108284423e-10,5.937256206931638142e-12,7.964794312316655920e-11,2.753691556312811970e-11,2.272751275104383191e-10,3.648717545274756223e-12,3.887310349148965771e-12,4.601412094394416587e-12,3.482702442814228597e-12,8.655489851579932561e-12,5.267581445010722171e-11,3.725389093611968904e-12,4.550167153945497393e-12,4.453109979055056842e-12
1.899636814690351189e-12,2.598634278765420104e-12,2.129150294202925045e-12,2.124469257159314143e-12,2.303985015111207759e-12,2.113599635221857749e-12,2.024622249210792952e-12,2.336961707469184802e-12,1.806179501070875370e-12,1.781439947595791575e-12,1.550344329392498395e-12,1.993405588084927727e-12,1.920006738166500122e-12,2.162074235530971998e-12,2.094588288233102232e-12,2.369857526007772504e-12,2.169910958019392581e-12,1.850498274149396257e-12,1.946851717188262720e-12,1.878312341085410767e-12,2.045472112503031018e-12,2.915852801280047398e-12,3.056329151102418416e-11,1.743845584590460821e-12,1.901810225056676493e-12,2.035930062566005848e-12,2.127440943334831679e-12,2.291183425154320777e-12,2.016419118265738360e-12,2.055684793294622655e-12,1.789765705444391213e-12,1.801708486534349776e-12,1.768205674552599828e-10,1.588687088846000207e-10,2.140633794550932672e-10,1.514307858528057842e-12,1.613102974841388283e-12,1.848821976361301515e-12,2.808536204925090371e-11,1.019825993414725136e-11,2.075078447044976419e-12,1.835108124934952798e-12,1.670832064352617232e-12,1.796107634325499274e-12,7.200935181403380344e-11,5.762369398065010350e-12,6.305901947560395507e-12,1.497172413944782769e-12,1.461999481277149471e-12,1.649338241197835107e-12,2.072949467954517877e-12,2.304536148208770264e-12,1.866367348404873407e-12,2.023227368046741735e-12,2.018736278794805574e-12,2.089439363038463950e-12,5.673340335766829637e-11,6.026888737232622004e-12,1.206735767592050082e-12,1.400396041337044591e-12,1.339691923910360507e-09,2.363821010060940529e-12,8.495661094464306007e-04,1.912277686930613663e-12,8.493424893405385420e-11,6.242465898112943551e-12,9.803854878919055303e-11,3.001417872018883576e-11,1.361800420048806760e-10,3.769033282429453957e-12,4.008447076410585563e-12,4.777104039287011651e-12,3.524278773916803861e-12,9.102916256211804501e-12,5.736953462318022532e-11,3.732476974224636655e-12,4.573421559491493027e-12,4.506161830725798423e-12
1.912706222510532574e-12,2.613010045107293339e-12,2.141447865589070764e-12,2.137675720034796867e-12,2.317614237365387139e-12,2.127351177207573893e-12,2.040576719343567217e-12,2.358957668391795196e-12,1.823252339851073955e-12,1.795281567281426344e-12,1.561752755283982352e-12,2.005326384811275504e-12,1.932725011264793904e-12,2.175513397531461044e-12,2.108448863218108001e-12,2.386808774166668549e-12,2.193810142934635187e-12,1.865569442703286924e-12,1.963045728589749144e-12,1.891678002282648854e-12,2.059647818948071958e-12,2.942205253437145396e-12,2.821453954914397510e-11,1.757077267907788227e-12,1.919710537887162141e-12,2.051659732069501939e-12,2.145189240711712132e-12,2.314119176276837455e-12,2.033278812692786919e-12,2.071230326199667995e-12,1.807771160744577686e-12,1.819039997003617286e-12,1.252911079755940176e-10,1.170502470396419776e-10,2.546296578226717346e-10,1.529472068891981965e-12,1.628644316871157471e-12,1.873660560277949160e-12,3.342416098111416505e-11,1.119058132250271035e-11,2.098319043535604663e-12,1.854346627866377662e-12,1.685284056232501559e-12,1.816012317880105262e-12,9.692988410376738370e-11,6.036564966696274237e-12,6.547190620438695530e-12,1.514307898453261350e-12,1.475674006152984399e-12,1.671926817178311708e-12,2.097989137998600014e-12,2.332060021698388632e-12,1.887023080257728730e-12,2.050736278737448864e-12,2.045008480584797466e-12,2.115082024665846768e-12,6.852605274656797511e-11,6.167613592329795173e-12,1.218642611008877334e-12,1.417517560870164608e-12,3.116114964851606690e-09,2.383189245743296294e-12,9.005061769553783296e-04,1.938052534766328884e-12,6.686469555078507870e-11,6.600675321256442100e-12,1.292397119668204410e-10,3.335975482027125225e-11,9.987952561842103366e-11,3.908605330018780608e-12,4.149691142904668585e-12,4.981893732042530533e-12,3.576196471633624953e-12,9.639256579038799720e-12,6.453913821503001810e-11,3.745451780318431030e-12,4.609756219180255873e-12,4.575091848409209608e-12
1.927122029472735541e-12,2.630207257703070972e-12,2.155426822822616291e-12,2.152615351897099468e-12,2.333352691011280206e-12,2.142849015571961122e-12,2.058231507914535856e-12,2.383489026434818501e-12,1.841716366066323247e-12,1.810337457472740648e-12,1.573950784365789055e-12,2.018667608161264169e-12,1.946799911967023555e-12,2.190769960699226941e-12,2.124027626487047013e-12,2.406183010693553334e-12,2.219949854832662134e-12,1.882016044521404921e-12,1.980818246511580473e-12,1.906374541625725953e-12,2.075472272137010307e-12,2.972673839932948095e-12,2.652977564368552533e-11,1.771439052403669962e-12,1.939182391241929607e-12,2.069099292233697496e-12,2.164900446763254028e-12,2.339519107543304360e-12,2.051863435202459470e-12,2.088512065255215364e-12,1.827176434408600534e-12,1.837765502306654107e-12,1.001012819688805337e-10,9.627444703032760365e-11,3.504344130304928047e-10,1.545568060152546178e-12,1.645250960059449074e-12,1.900187786750505036e-12,4.141264982297361061e-11,1.242809785253660256e-11,2.123599456824702156e-12,1.875095214989375436e-12,1.700829493059355528e-12,1.837387014253085313e-12,1.467122098068983301e-10,6.359343308850635583e-12,6.834042584132211793e-12,1.532424159833509006e-12,1.490162012035829431e-12,1.695846741607134326e-12,2.125220906838470771e-12,2.362303854940041306e-12,1.909281745493723909e-12,2.080316093001152879e-12,2.073295464783371766e-12,2.142852942427742284e-12,8.844252865617112079e-11,6.341077766866191072e-12,1.231058229297466211e-12,1.435511476925454982e-12,3.913700863704221958e-04,2.405276768614862981e-12,5.522465585800537908e-04,1.965646350379607767e-12,5.619681045310423697e-11,7.024244677606440293e-12,1.936543782197610334e-10,3.803252227254656907e-11,8.053536845876116817e-11,4.070683062630579758e-12,4.314366877532268584e-12,5.221229805788701857e-12,3.639712415259080145e-12,1.028744474908733943e-11,7.590304939925124669e-11,3.764335206037374952e-12,4.660206596308341038e-12,4.661679026113762169e-12
1.942213155503725230e-12,2.648970888970098139e-12,2.170239244460802619e-12,2.168447914848347302e-12,2.350212611995796089e-12,2.159263557879003841e-12,2.076832320092893467e-12,2.409565721011601816e-12,1.860973962067152058e-12,1.826020000283126726e-12,1.586488678082321421e-12,2.032685107268365657e-12,1.961544596719820502e-12,2.206974233902000068e-12,2.140510296339498704e-12,2.426947341158520442e-12,2.247480927537070537e-12,1.899206719782061968e-12,1.999472725013478560e-12,1.921746866385139475e-12,2.092170286694559258e-12,3.005725532473665488e-12,2.520717042452497877e-11,1.786366542351008186e-12,1.959564591325511621e-12,2.087485341105443363e-12,2.185745835659589045e-12,2.366434004868239352e-12,2.071427036386048729e-12,2.106751103593306421e-12,1.847396117234713327e-12,1.857290742643910766e-12,8.417410083605480666e-11,8.315358023929538029e-11,6.050473515871367502e-10,1.562173037121616703e-12,1.662444004263171969e-12,1.927785888004735529e-12,5.406011136075263057e-11,1.397012060783177491e-11,2.150142116132324121e-12,1.896740294556734774e-12,1.716952892956664044e-12,1.859644636040106384e-12,2.782358619291082589e-10,6.732345011755362999e-12,7.165120043286064255e-12,1.551109350293422400e-12,1.505067564873877873e-12,1.720602664117819957e-12,2.153849307789310377e-12,2.394294891635173507e-12,1.932510664917065159e-12,2.111228776987775376e-12,2.102864215224029952e-12,2.171967077644596192e-12,1.255218286794738578e-10,6.543544641690415049e-12,1.243710271898115431e-12,1.454016242440249923e-12,9.817312079611771516e-04,2.429015518357233523e-12,6.785744243994818358e-09,1.994399406927751651e-12,4.879959289250223755e-11,7.518291246428548529e-12,3.726259769721546524e-10,4.449134837028021094e-11,6.782693311918842232e-11,4.255674274732082162e-12,4.502544210095712637e-12,5.495976434514651589e-12,3.713655381702883920e-12,1.105450138574069609e-11,9.367274130658218684e-11,3.786783703227137179e-12,4.721844792792816870e-12,4.763662463371301214e-12
1.959195891140317288e-12,2.671564145780398569e-12,2.187398623275348783e-12,2.186687886900016819e-12,2.369974515760435810e-12,2.178099144485053260e-12,2.097779384681418437e-12,2.439094025753919957e-12,1.882153674332143051e-12,1.843407339178714379e-12,1.600175438177012945e-12,2.048706192810874634e-12,1.978198152178972594e-12,2.225696499848686226e-12,2.159376046716663851e-12,2.451014690909643285e-12,2.278069578155324434e-12,1.918311053740960602e-12,2.020308339129581906e-12,1.938986984080946558e-12,2.111156448317870097e-12,3.044340815928702005e-12,2.434972552028868390e-11,1.802889928584015026e-12,1.982110156995926083e-12,2.108231661497602041e-12,2.209281861440006736e-12,2.396706429972616194e-12,2.093365598307000675e-12,2.127386637577232298e-12,1.869544690760096517e-12,1.878740466780779622e-12,7.494561139845648438e-11,7.603249635522236250e-11,3.009848185934375182e-04,1.580079410868788051e-12,1.681121527991409507e-12,1.957682859965029314e-12,7.894787167134721836e-11,1.601756963344022963e-11,2.179470833044434727e-12,1.920459522600450225e-12,1.734609512855774641e-12,1.883918848190842562e-12,2.783212622460035592e-09,7.182038654699672279e-12,7.566397940825471011e-12,1.571147730879881032e-12,1.521123697702555124e-12,1.747168495291026430e-12,2.185392464654488890e-12,2.429920925655757466e-12,1.957935673882825095e-12,2.144951683111315135e-12,2.135179729290657366e-12,2.203985829243739259e-12,2.349787770600994900e-10,6.793556857203437522e-12,1.257096565843672043e-12,1.473720374863956779e-12,7.049363275977262912e-05,2.456299425573516485e-12,6.528795345725036504e-09,2.025627954248590014e-12,4.397326368220923010e-11,8.120077401178027556e-12,6.372194477556270215e-04,5.487064666451705564e-11,5.994429172569933296e-11,4.473744258693370878e-12,4.725126314822547034e-12,5.823420186793689081e-12,3.804044892535568617e-12,1.201677637902726325e-11,1.300398579264363527e-10,3.817998875860980559e-12,4.803333385846155185e-12,4.890574866793933951e-12
1.967032155295314608e-12,2.677499838109576130e-12,2.193172070659929557e-12,2.193600184368469058e-12,2.376508795778377168e-12,2.185720548328714707e-12,2.108395776881495174e-12,2.454898256852245217e-12,1.895025661661272962e-12,1.852712801384093783e-12,1.607642464203113598e-12,2.054680606027189564e-12,1.985512729489281695e-12,2.232705297331253011e-12,2.167220078429596814e-12,2.461097049901573987e-12,2.296699288036963902e-12,1.928724174162671351e-12,2.031559228506272644e-12,1.947278770562422248e-12,2.119611474064346581e-12,3.061778200975904371e-12,2.233852942452611982e-11,1.811651265318861267e-12,1.995474979315054533e-12,2.118537761675033043e-12,2.221438047317454444e-12,2.413738843175668984e-12,2.105046083051611654e-12,2.137387851175108221e-12,1.883519525960317275e-12,1.891919278570463586e-12,5.801522056652522603e-11,6.012223450200679404e-11,1.476452825365809330e-09,1.592069647787384253e-12,1.693119036096384975e-12,1.978745766434479941e-12,1.050887769537672284e-10,1.788688920032203486e-11,2.197836320076149396e-12,1.935586176602744073e-12,1.745121083520867415e-12,1.899935558438455086e-12,2.459721811779770899e-04,7.561522872216316225e-12,7.872879445119544679e-12,1.585386582891149174e-12,1.531648375215124426e-12,1.766669964030788764e-12,2.205966063126878796e-12,2.452033249300170731e-12,1.974460538675573049e-12,2.168115453450299636e-12,2.157010451757338923e-12,2.224827898115596860e-12,3.318358837964134709e-10,6.958246350546299556e-12,1.266648317128150950e-12,1.488321527205094619e-12,4.422288117594163736e-10,2.469630177394076726e-12,4.153176271180536923e-10,2.047412640488417725e-12,3.648326539821863189e-11,8.643590678548457318e-12,8.293791888874623005e-04,6.089756303103414908e-11,4.742379135691695758e-11,4.668508396755590995e-12,4.918898008632732764e-12,6.107327039442459887e-12,3.870091872018056698e-12,1.276024728656939185e-11,1.409632922198395434e-10,3.817360197866249560e-12,4.839504922598304258e-12,4.974391574328060622e-12
1.975316922344484823e-12,2.684641475832979563e-12,2.199531565871720768e-12,2.201144850376298942e-12,2.383869142811672778e-12,2.193991085830539342e-12,2.119667386031074756e-12,2.471793183043036693e-12,1.908412293914329703e-12,1.862421513630604557e-12,1.615286782339212323e-12,2.061108478586058800e-12,1.993272774618105124e-12,2.240391944017569926e-12,2.175701556226519055e-12,2.472204171966608226e-12,2.316259583299091600e-12,1.939629697631831701e-12,2.043408577789060023e-12,1.956017865770042424e-12,2.128675743699478106e-12,3.081123664395306049e-12,2.073246518294661555e-11,1.820768713385482901e-12,2.009443895310241556e-12,2.129501670331981425e-12,2.234390317400719500e-12,2.431821998671124627e-12,2.117400456431928748e-12,2.148057837060919769e-12,1.898016144748651781e-12,1.905615120576093616e-12,4.751438053695606902e-11,5.013024727686909257e-11,8.203587088197142755e-10,1.604355234948645733e-12,1.705472774409549339e-12,2.000448986209516500e-12,1.527703910861091971e-10,2.019851147421428805e-11,2.217032648911828768e-12,1.951289049865683030e-12,1.755991045481564550e-12,1.916508405833399419e-12,1.138153405967799996e-03,7.995168928131053441e-12,8.221874327185844616e-12,1.599950618568049767e-12,1.542404945341702493e-12,1.786647499737985327e-12,2.227391254402797833e-12,2.475256022338350715e-12,1.991605499046671577e-12,2.192089474858493452e-12,2.179637732098801907e-12,2.246530901541919022e-12,5.730355184519949873e-10,7.149838041967673407e-12,1.276297355030839187e-12,1.503199144624438967e-12,2.177947968380737874e-10,2.484034547070169962e-12,2.140263422411289951e-10,2.069896424231549061e-12,3.127133876823874241e-11,9.247764725595927155e-12,7.674962790923329559e-09,6.870723804122180551e-11,3.931282251534632196e-11,4.889589027462199839e-12,5.138896620990571474e-12,6.430477371408678220e-12,3.948018693799111655e-12,1.362254178361630590e-11,1.567441766891906012e-10,3.820917791964405014e-12,4.887902505456868125e-12,5.074350336801067395e-12
1.985524353970797219e-12,2.695689828961881809e-12,2.208289317679618074e-12,2.211144374080165777e-12,2.394189398903454944e-12,2.204725635459026293e-12,2.133302522646512074e-12,2.492118054197588373e-12,1.923706873124639281e-12,1.873850952844781443e-12,1.624096233132599220e-12,2.069582891803545475e-12,2.002976522346764494e-12,2.250644827042165296e-12,2.186606623085919593e-12,2.486651680209883461e-12,2.338814285803220988e-12,1.952459529720630163e-12,2.057447161233486175e-12,1.966652077005590971e-12,2.140062592194913529e-12,3.106007747812740917e-12,1.956720828229136607e-11,1.831500064571885140e-12,2.025561785208519797e-12,2.142846232394344548e-12,2.250041378019080755e-12,2.453224710450902588e-12,2.132137291061072203e-12,2.161148090013935614e-12,1.914415185602481081e-12,1.921217949679201137e-12,4.096495474308109195e-11,4.398210080040139972e-11,7.848695266257658532e-10,1.617921416483239817e-12,1.719295453169872786e-12,2.024334651435109468e-12,2.935586628554504231e-10,2.331127143149464200e-11,2.238950909134977558e-12,1.969029238499172491e-12,1.768395205461487533e-12,1.935048549279947244e-12,1.189925225991738224e-03,8.519275683913617050e-12,8.646982987666828036e-12,1.615821977814727002e-12,1.554302252668404722e-12,1.808328840682884333e-12,2.251556702060599665e-12,2.501929788761136103e-12,2.010894922982487243e-12,2.218725398459286392e-12,2.204894179395038287e-12,2.271040802778837781e-12,1.144512239006513093e-08,7.391033084723439458e-12,1.286665882650307376e-12,1.519219767248488394e-12,1.497197496171308703e-10,2.501819351661491987e-12,1.510946941452788948e-10,2.094730962552486843e-12,2.771269548797246661e-11,9.986084012978125025e-12,2.146317562026852706e-08,8.146787454895647944e-11,3.405114255939464252e-11,5.150768245608438829e-12,5.399689032036159273e-12,6.816449139337534482e-12,4.045125241328623871e-12,1.470824262682811059e-11,1.924409961093122699e-10,3.834030686383345315e-12,4.958439130207881804e-12,5.201893766401416254e-12
1.989313198606784260e-12,2.695280421873424947e-12,2.209135487154020638e-12,2.213258462244596397e-12,2.395348171465147094e-12,2.207641482245560253e-12,2.139662567447041357e-12,2.502703048116159943e-12,1.933059832844462068e-12,1.879565853256484727e-12,1.628488905724078764e-12,2.071047997225193355e-12,2.006137292233980315e-12,2.252750767941558894e-12,2.189820043137062274e-12,2.491350695810643906e-12,2.352746868921754337e-12,1.959138243495947375e-12,2.064706093417881290e-12,1.970996246557066525e-12,2.144080437643408135e-12,3.115985826284349713e-12,1.801641976860912984e-11,1.836743811744107863e-12,2.035126460878455399e-12,2.148847719530798088e-12,2.257664384642134608e-12,2.465178464410164128e-12,2.139624291133100213e-12,2.166769479276078840e-12,1.924937766596177386e-12,1.930897096468795978e-12,3.394967734376805285e-11,3.687003173636338957e-11,3.400652639315911306e-10,1.627211532392193614e-12,1.728315324324496542e-12,2.041673455765004680e-12,4.524028449692859217e-10,2.616389979356388770e-11,2.252942434162350143e-12,1.980574434469350840e-12,1.775705757695723583e-12,1.947600112886076015e-12,6.181397047626900782e-10,8.983638708767895919e-12,8.990912023045041082e-12,1.627448544741781542e-12,1.562216048625468487e-12,1.824742421741289609e-12,2.267658601641353782e-12,2.518728420634392770e-12,2.023737911094417004e-12,2.237536058367979925e-12,2.222432683724722430e-12,2.287390446069247693e-12,1.267668285956774759e-03,7.566595552875150911e-12,1.294239773100384790e-12,1.531469339270372253e-12,9.404943190064706136e-11,2.509675139172555852e-12,9.653769216665817436e-11,2.112569857924017137e-12,2.389305725782698329e-11,1.065454708596115649e-11,6.592392007463713157e-10,8.536457014162623712e-11,2.856424203927961066e-11,5.398115236958894735e-12,5.641473039103732288e-12,7.169767181873145530e-12,4.127665655839589207e-12,1.556364526411266890e-11,1.762707904774038328e-10,3.826196846204890294e-12,4.999912909475554558e-12,5.300522700241063432e-12
1.993615466693644497e-12,2.696202909992034657e-12,2.210650779161380588e-12,2.216088254346028245e-12,2.397431251561453382e-12,2.211287843295083913e-12,2.146739633599758585e-12,2.514430425300338116e-12,1.942955080068758439e-12,1.885734503212532872e-12,1.633101966471247572e-12,2.073039529814341363e-12,2.009811095016326196e-12,2.255620709080836460e-12,2.193750282646233192e-12,2.497168369065963626e-12,2.367617470471511808e-12,1.966358651426043768e-12,2.072615008171332407e-12,1.975849682199196947e-12,2.148781286281537103e-12,3.127972110245092783e-12,1.675881385425119213e-11,1.842394215504023319e-12,2.045327042647602746e-12,2.155571519509379410e-12,2.266144033084955573e-12,2.478219030327763049e-12,2.147839535924464079e-12,2.173127381105404501e-12,1.935998697470096255e-12,1.941117957773716715e-12,2.904819451385948287e-11,3.189825810979445211e-11,2.219024678574759344e-10,1.636807698545579855e-12,1.737710265280449312e-12,2.059591548932816444e-12,7.928137711604830289e-10,2.963028421773070169e-11,2.267765064188160233e-12,1.992705676837087185e-12,1.783409615163289887e-12,1.960704872993278719e-12,2.909702338746933531e-10,9.510788980161014427e-12,9.378930316726332404e-12,1.639387304168678884e-12,1.570380654003863540e-12,1.841568928786157916e-12,2.284510717010258769e-12,2.536547700291961653e-12,2.037199641022690443e-12,2.257078326784984427e-12,2.240717342996958731e-12,2.304573424885862507e-12,1.342929174800996679e-03,7.769402810490039970e-12,1.301918348032927776e-12,1.543968705801439698e-12,6.788170424173555031e-11,2.518535283100363239e-12,7.057929891606724280e-11,2.131043337970538221e-12,2.104013552198637332e-11,1.142126922885986003e-11,3.260151752372008542e-10,8.977916581183556095e-11,2.463067272745935948e-11,5.678114082314820615e-12,5.914869185457584998e-12,7.570086826078514567e-12,4.224435028029319254e-12,1.654042474952025769e-11,1.645510371270514919e-10,3.822960721969825889e-12,5.055318917833072606e-12,5.417144557735909693e-12
1.999235967534638800e-12,2.699893472716463013e-12,2.213806608728156067e-12,2.220616914320845983e-12,2.401582673975035455e-12,2.216647640773667946e-12,2.155473930390819403e-12,2.528598000977981137e-12,1.954172464282384944e-12,1.893084618586874054e-12,1.638481902851691821e-12,2.076415600273505610e-12,2.014813048649639886e-12,2.260272935375490095e-12,2.199366299923927285e-12,2.505363477916231032e-12,2.384586357196176034e-12,1.974913254609055191e-12,2.082054067168775723e-12,1.982005224892937487e-12,2.155098704081981259e-12,3.143960229200231697e-12,1.577084501031326600e-11,1.849145364405956004e-12,2.057026427783813875e-12,2.163964278137654840e-12,2.276530092329400145e-12,2.493611430031444750e-12,2.157727563291342187e-12,2.181182338734800050e-12,1.948374138921877502e-12,1.952659461501454438e-12,2.555156617190629458e-11,2.838414914823882493e-11,1.735939504569023465e-10,1.647266814122869277e-12,1.748106307358213608e-12,2.078969838330206085e-12,2.275283068233155707e-09,3.410193801366645639e-11,2.284484547629064263e-12,2.006245890686898605e-12,1.792162792340380946e-12,1.975160935366595756e-12,1.902185345426774603e-10,1.013077962287564667e-11,9.835300584271157269e-12,1.652197724877522407e-12,1.579308369798870802e-12,1.859511935400254045e-12,2.303174195209187765e-12,2.556700961975816647e-12,2.052141203573100829e-12,2.278407547553921089e-12,2.260791198187574565e-12,2.323692589752231101e-12,1.409593363790049084e-03,8.014166773867575732e-12,1.310056159582113503e-12,1.557213954822186548e-12,5.318746516846699275e-11,2.529654812947351818e-12,5.595340320563077160e-11,2.151094253310192943e-12,1.889541559642074805e-11,1.233434987509318280e-11,2.232633761504235153e-10,9.641269464822964878e-11,2.176074327771302427e-11,6.002636426337290450e-12,6.231872104225877313e-12,8.037286332167250483e-12,4.340503263029212020e-12,1.772006847356186206e-11,1.605824884359172725e-10,3.827199002453411152e-12,5.130623706559652843e-12,5.559234746618276283e-12
2.005312516600099533e-12,2.704740452657035698e-12,2.217528839702564148e-12,2.225769141397008640e-12,2.406537133031650632e-12,2.222652668570422392e-12,2.164867721698211794e-12,2.543837753707054048e-12,1.965901777427766362e-12,1.900850321672756569e-12,1.644057717215690086e-12,2.080235813363097574e-12,2.020265090140987187e-12,2.265592675473901963e-12,2.205617933729522216e-12,2.514573160404844471e-12,2.402447016531731235e-12,1.983968892214436577e-12,2.092096191304681611e-12,1.988617529204068165e-12,2.162028053810867846e-12,3.161817774502468915e-12,1.493634109053205191e-11,1.856266453140871526e-12,2.069325114482614638e-12,2.173019163424453382e-12,2.287710645733177152e-12,2.510029668729600758e-12,2.168291557162539081e-12,2.189909909304189577e-12,1.961260497893338548e-12,1.964713201671840914e-12,2.281819503207232901e-11,2.564045075111397792e-11,1.441225402619067415e-10,1.658017776574422948e-12,1.758858231109405578e-12,2.098895317933963906e-12,1.471445817061003969e-03,3.967326577860452941e-11,2.301995204859927772e-12,2.020343354445684795e-12,1.801283950825031107e-12,1.990144271023831131e-12,1.363721107524743188e-10,1.083790872972213368e-11,1.034816479831616617e-11,1.665305887862456114e-12,1.588474479261469882e-12,1.877841084964772833e-12,2.322500142288332812e-12,2.577777637455347794e-12,2.067672248201138541e-12,2.300423310093661623e-12,2.281574157739667179e-12,2.343606153970238482e-12,4.225839562496024181e-09,8.290611993625018271e-12,1.318295675039472908e-12,1.570695446260406884e-12,4.331654274972175863e-11,2.541602866763123311e-12,4.605827142437119431e-11,2.171744576128429865e-12,1.716076709924963302e-11,1.339206942212150192e-11,1.665519004445733844e-10,1.034963310538337799e-10,1.948968981537583741e-11,6.371013515501474471e-12,6.590651136684533852e-12,8.568718787599915958e-12,4.473733320362593713e-12,1.907393741043932621e-11,1.571356159783877244e-10,3.836082192421322766e-12,5.221402960963561328e-12,5.722269624489818381e-12
2.011739578398873652e-12,2.710520455923961699e-12,2.221678841527846149e-12,2.231406673590219461e-12,2.412126514906264109e-12,2.229165958263915564e-12,2.174794416573654882e-12,2.559966623087298028e-12,1.978041904359913718e-12,1.908939749232886917e-12,1.649766857909618901e-12,2.084382465387028619e-12,2.026059333277089869e-12,2.271435571532240498e-12,2.212371016059223650e-12,2.524615568014499380e-12,2.421037154534399668e-12,1.993423231942144437e-12,2.102624890683591769e-12,1.995583470501931023e-12,2.169442152941913208e-12,3.181248042174610170e-12,1.421664915752393461e-11,1.863671055196508627e-12,2.082109005314496625e-12,2.182608330527522937e-12,2.299541641530387704e-12,2.527296088402711036e-12,2.179404611651935521e-12,2.199179697765970306e-12,1.974556282275992032e-12,1.977177961167969307e-12,2.060319181561290422e-11,2.341672977530757386e-11,1.236899665814139899e-10,1.668992678719443544e-12,1.769888412834557941e-12,2.119238570345337311e-12,1.528910467557554600e-03,4.658077008683905007e-11,2.320148877718277982e-12,2.034888586007661180e-12,1.810692286305463085e-12,2.005547775887552680e-12,1.028899292324369223e-10,1.164256614485314767e-11,1.092078996418990691e-11,1.678639418807771045e-12,1.597819293987797006e-12,1.896452416029721685e-12,2.342307058689326202e-12,2.599560204628793652e-12,2.083676150417504937e-12,2.322965183053645103e-12,2.302914652698206802e-12,2.364157104160877856e-12,1.318251072924477288e-09,8.599249453023790458e-12,1.326599452055941365e-12,1.584347359019654841e-12,3.618389586177377518e-11,2.554140652266285280e-12,3.885279443615075031e-11,2.192854883934470166e-12,1.571780166019093065e-11,1.461667891375416782e-11,1.299477706808694678e-10,1.103136875082026760e-10,1.763273647532465409e-11,6.788758181379877256e-12,6.995893696268529799e-12,9.172266684817641650e-12,4.625385406732933243e-12,2.061830549826183165e-11,1.529637880825853990e-10,3.849804489819634743e-12,5.328142221411534221e-12,5.907178509476405887e-12
2.021335796819799472e-12,2.722309123956090634e-12,2.229677287568282685e-12,2.240984939186602318e-12,2.422380447719979111e-12,2.239638922776358499e-12,2.188550736282689043e-12,2.581555640225882493e-12,1.993330235319113763e-12,1.919898078967440973e-12,1.657515345714738462e-12,2.091871742908993242e-12,2.035052477306413517e-12,2.281381169818221555e-12,2.223026576231018944e-12,2.539917719019970710e-12,2.444454583595922354e-12,2.006051246928434265e-12,2.116725686251775109e-12,2.005678545234214616e-12,2.180614947307352991e-12,3.209295279167687080e-12,1.371665478346512491e-11,1.873785467599522878e-12,2.098408778875032029e-12,2.196051064144099748e-12,2.315709154050404121e-12,2.549869936588950910e-12,2.194380191070581552e-12,2.212360079563301105e-12,1.990990856097735831e-12,1.992789234905682908e-12,1.901043739309637125e-11,2.189500618775058225e-11,1.172649342663030263e-10,1.682146632668017721e-12,1.783392752273125957e-12,2.143142983318872415e-12,1.567570748218698488e-03,5.724222043210102149e-11,2.342710739573140638e-12,2.052780105658103728e-12,1.822683040829884825e-12,2.024188405815620086e-12,8.505623688082465821e-11,1.266904981753173837e-11,1.165189704364919279e-11,1.694176132654970658e-12,1.609135797271939101e-12,1.917864123100126507e-12,2.366401764395236282e-12,2.626743665926826986e-12,2.103192382213412179e-12,2.349804734353163674e-12,2.328523764876968526e-12,2.389256198562199836e-12,1.111126942400508831e-09,8.997770524176819015e-12,1.336209029005729008e-12,1.599932183061375975e-12,3.145608062769166081e-11,2.571743639121360621e-12,3.414395632890658637e-11,2.217789779124498083e-12,1.464075031116745280e-11,1.621778002693424918e-11,1.124818146315430749e-10,1.262251997104408849e-10,1.626171285154103972e-11,7.299856244583488278e-12,7.492566160574355096e-12,9.926236977512375107e-12,4.813353074840662760e-12,2.272861500185424538e-11,1.644398105529554373e-10,3.879494757121228163e-12,5.472756423106033222e-12,6.141778837172046155e-12
2.034370821925489636e-12,2.740546099896689908e-12,2.241822875882010285e-12,2.254817277785564560e-12,2.437655961615288761e-12,2.254391643390360600e-12,2.206470807874413338e-12,2.609104383932499233e-12,2.012067005912169034e-12,1.933983697014752748e-12,1.667496007402925216e-12,2.102972232634240863e-12,2.047512776127729916e-12,2.295754051302852381e-12,2.237902648259223747e-12,2.560909931146969566e-12,2.473173441771078448e-12,2.022139391463738984e-12,2.134719026244799646e-12,2.019172643860893779e-12,2.195859523648157086e-12,3.246729370160823662e-12,1.340082364482083067e-11,1.886854075711905353e-12,2.118555524259809519e-12,2.213680837589468381e-12,2.336595774835157146e-12,2.578250110597864163e-12,2.213562769063897164e-12,2.229786189183063498e-12,2.010870651241958239e-12,2.011849065491962782e-12,1.785559446115552414e-11,2.088303166486526952e-11,1.212234696771469308e-10,1.697701701628207391e-12,1.799615851920783647e-12,2.170993161486453363e-12,1.585685837392023867e-03,7.566805110419989152e-11,2.370118656935834746e-12,2.074347780042763493e-12,1.837501104318553695e-12,2.046393039401249863e-12,7.446242933318162387e-11,1.400662971940887693e-11,1.259482266780649305e-11,1.712150055901757732e-12,1.622624051672479350e-12,1.942385687275841830e-12,2.395201749108283480e-12,2.659852825357182319e-12,2.126573150957995607e-12,2.381401795261467346e-12,2.358852696630847053e-12,2.419371790447520224e-12,1.535918594938963432e-09,9.509064331357881387e-12,1.347269907826399776e-12,1.617662994339388105e-12,2.814586742981537623e-11,2.594792432152641136e-12,3.091890166464741621e-11,2.246961032678211681e-12,1.383253429224830780e-11,1.837839232227633389e-11,1.044614035136278066e-10,1.606766261403434034e-10,1.523591975941861675e-11,7.933940384593507693e-12,8.108968211110254285e-12,1.088499324517622912e-11,5.045340573854711004e-12,2.569859153676359351e-11,2.008077450003867453e-10,3.927698292007068996e-12,5.662063090859293936e-12,6.436854866605267453e-12
2.051200435080823697e-12,2.765843977619089421e-12,2.258522538053097269e-12,2.273326102808781978e-12,2.458440865173807881e-12,2.273852965094312791e-12,2.228991513549222709e-12,2.643264510374600177e-12,2.034635229848055055e-12,1.951531495747786703e-12,1.679957794524460956e-12,2.118046213162451392e-12,2.063796076654269447e-12,2.314992424102921212e-12,2.257424128539795684e-12,2.588168670490984671e-12,2.507800605034637848e-12,2.042058348553669187e-12,2.157020453838272622e-12,2.036420188602532022e-12,2.215591099636994618e-12,3.294583143932824162e-12,1.325024634409848105e-11,1.903193881994591506e-12,2.142973367063731971e-12,2.235934718964038884e-12,2.362701279787516154e-12,2.613082946883431137e-12,2.237400139961061663e-12,2.251898572805877689e-12,2.034584516345048689e-12,2.034742179141344274e-12,1.703087451613621518e-11,2.027569992851332534e-11,1.383392406406225217e-10,1.715936922170933555e-12,1.818866990646472852e-12,2.203269381144285275e-12,9.748006897972390271e-04,1.149516185662582673e-10,2.402930290863674935e-12,2.100009703187191810e-12,1.855459413933808859e-12,2.072573819820855082e-12,6.798993158041560899e-11,1.580360722312091420e-11,1.383379964146095646e-11,1.732852675006258544e-12,1.638536165444344351e-12,1.970400706408384053e-12,2.429237272552887838e-12,2.699560399048114730e-12,2.154263748882396088e-12,2.418333921364990442e-12,2.394469366235746798e-12,2.455097099847528007e-12,6.065863874155977536e-04,1.016744699592174931e-11,1.359963313488288665e-12,1.637803535058882748e-12,2.575641074851248463e-11,2.623793454363019518e-12,2.867278396948305267e-11,2.280883913252454970e-12,1.323312842834644447e-11,2.142910694235164291e-11,1.029016232389951631e-10,2.531146858181794937e-10,1.447029412483921403e-11,8.735753978306805640e-12,8.887648262488338901e-12,1.213475343209675176e-11,5.332161832922715726e-12,3.008810055203310666e-11,3.112350083089257635e-10,3.998163944648161489e-12,5.905873806500759048e-12,6.807922541154251489e-12
2.067758230896802416e-12,2.790773263156782312e-12,2.274833162779865049e-12,2.291505086229852243e-12,2.478872745339151773e-12,2.293015796336561113e-12,2.251309136450361454e-12,2.677284508035946813e-12,2.057040909613995529e-12,1.968866306863662556e-12,1.692187101786240214e-12,2.132752201055536415e-12,2.079784608510130349e-12,2.333903420170377089e-12,2.276657007061673201e-12,2.615205174745630817e-12,2.542264193988729971e-12,2.061781815977605793e-12,2.179134761747643839e-12,2.053414365655450008e-12,2.235059572255174537e-12,3.342378083321335424e-12,1.307601229507447252e-11,1.919311008688564194e-12,2.167228882407254965e-12,2.257978160977253577e-12,2.388627902557374762e-12,2.647773033828855586e-12,2.261054103891443613e-12,2.273792257299674060e-12,2.058139376354417776e-12,2.057474337625366529e-12,1.619112228721679231e-11,1.960694302650684458e-11,1.538609381667210290e-10,1.734019766091647483e-12,1.837960000725516941e-12,2.235282379143158565e-12,1.399209153852988586e-09,2.021080725220796051e-10,2.435571420594137483e-12,2.125510891451838014e-12,1.873240342511282290e-12,2.098586939672505966e-12,6.022677491802569156e-11,1.797669020908273507e-11,1.525874694352940191e-11,1.753393492745578837e-12,1.654292327759963179e-12,1.998159770276024343e-12,2.462757676324303408e-12,2.738780361746116936e-12,2.181785947786636964e-12,2.454945202761090324e-12,2.429836614550250086e-12,2.490613124736711211e-12,1.575902742663093034e-03,1.089883768873498299e-11,1.372521580567471583e-12,1.657772763688778591e-12,2.342138997550128459e-11,2.651961122652221289e-12,2.637964960218026226e-11,2.314531951781957216e-12,1.263442498482625161e-11,2.533598290886966799e-11,9.667349087548989810e-11,4.702734248363904229e-10,1.371049535625405446e-11,9.676014487926493446e-12,9.792988019145475258e-12,1.362149974121795463e-11,5.655274682077166547e-12,3.570538628697194521e-11,5.525483203356778352e-10,4.078528657219996720e-12,6.177754766813340502e-12,7.222139613523817701e-12
2.087540106243909307e-12,2.821640615281715939e-12,2.294979302175886869e-12,2.313634080229172126e-12,2.503946372443248114e-12,2.316162406000904003e-12,2.277542028029784430e-12,2.716940001420303779e-12,2.082722196126166469e-12,1.989157496502931744e-12,1.706548104397105483e-12,2.150813619252116474e-12,2.099016639410896423e-12,2.356923189855030299e-12,2.299822986867941416e-12,2.647554499872050886e-12,2.581763092632798945e-12,2.084774561751780017e-12,2.204921784224535301e-12,2.073601717530251860e-12,2.258334003494936657e-12,3.399080906725629670e-12,1.300903491598024809e-11,1.938222676780297175e-12,2.195131353576236345e-12,2.283954858145872067e-12,2.418997301074652361e-12,2.687965103132931126e-12,2.288673818114418090e-12,2.299669483784094401e-12,2.084972029113457012e-12,2.083483854122914272e-12,1.553619341408180502e-11,1.917112568771319859e-11,1.887169047013620648e-10,1.754407959484492103e-12,1.859651690575229944e-12,2.271038301577398504e-12,7.085599179655293659e-10,8.395233822743564354e-10,2.472816942195310012e-12,2.154508814296826926e-12,1.893712873102503876e-12,2.127994058541176622e-12,5.454946326894835589e-11,2.096299697916579153e-11,1.712350382563549168e-11,1.776273172508393740e-12,1.672139530276519605e-12,2.028871302402128824e-12,2.500578131614841747e-12,2.783469214461949227e-12,2.212984679417709523e-12,2.496049022846578148e-12,2.469685068882196964e-12,2.530897737365843216e-12,1.666017714882551224e-05,1.181834326368010297e-11,1.386505625992335032e-12,1.679805434089739999e-12,2.157037197504152244e-11,2.684844579691781272e-12,2.459415860902004823e-11,2.352195540796859055e-12,1.215653503796475613e-11,3.117414052076421385e-11,9.369965740434769960e-11,1.537569479308444412e-03,1.309812753158482562e-11,1.087626737613739289e-11,1.094269069554283632e-11,1.558884416918462023e-11,6.048594088367443584e-12,4.449922014966493246e-11,3.097517559394378803e-08,4.185485987031416195e-12,6.514773007308600581e-12,7.731581175916588347e-12
2.098640202052514340e-12,2.836604832796617327e-12,2.304576191707972871e-12,2.325074190790843052e-12,2.516494659657552333e-12,2.328611781645340360e-12,2.293461773620539022e-12,2.741872887236823238e-12,2.099770846392716779e-12,2.001586526566198807e-12,1.715117395538227136e-12,2.159611148096811478e-12,2.109460735228997239e-12,2.368852962161299066e-12,2.312446271536595358e-12,2.665955663383522600e-12,2.607891575043355703e-12,2.099131474386640533e-12,2.221044721439880374e-12,2.085230419200557394e-12,2.271452812138249429e-12,3.432741633814665921e-12,1.259098213360710765e-11,1.949667788185869696e-12,2.213439756866201460e-12,2.299559223066666767e-12,2.437727441355211448e-12,2.713721134266824951e-12,2.305878280258938957e-12,2.315029339410847096e-12,2.103136641223404430e-12,2.100850375702665791e-12,1.443184520852423939e-11,1.799611874948646902e-11,1.564199324151350150e-10,1.768673828133137373e-12,1.874467232378624136e-12,2.296275506058897466e-12,2.153249826517146985e-10,6.232469421347001590e-04,2.497788385041673625e-12,2.174231728198445605e-12,1.907065762855172542e-12,2.148327655688737008e-12,4.418152606347076875e-11,2.363991932715183899e-11,1.863219597494507954e-11,1.792829029648271970e-12,1.684440055062691154e-12,2.051167478530579510e-12,2.525374539272563200e-12,2.812145333493792256e-12,2.234368027529504148e-12,2.524387658569370787e-12,2.497139646912534833e-12,2.558240428247772866e-12,5.186999478377786877e-10,1.254228510471360498e-11,1.396684183430843765e-12,1.696152763823818334e-12,1.902233078521509394e-11,2.702501232040696161e-12,2.179184520584992665e-11,2.378566796137579289e-12,1.140708909623986221e-11,3.665259564960597916e-11,7.437254836262824657e-11,9.509083946682478274e-04,1.218078534769599784e-11,1.203774525578386673e-11,1.202761297311316102e-11,1.741647095511114552e-11,6.415928385844901648e-12,5.150479513147750075e-11,2.401941920347481982e-09,4.274179725332232683e-12,6.803301093163262703e-12,8.175320380095802704e-12
2.107202528650864618e-12,2.846751993572297029e-12,2.311065903817297388e-12,2.333353950644566565e-12,2.525303166161895413e-12,2.337890057630615414e-12,2.306281324286990609e-12,2.762139486624123864e-12,2.114194978870347739e-12,2.011713357280181394e-12,1.722049897599902193e-12,2.165703836460116986e-12,2.117339441682248625e-12,2.377494369189677694e-12,2.321944640700196950e-12,2.680100479950602994e-12,2.629686444069076079e-12,2.110922927456004381e-12,2.234259464967926786e-12,2.094354253468465937e-12,2.281560779088008444e-12,3.458915842294217649e-12,1.208813186216838214e-11,1.958942750173014139e-12,2.228807093633980457e-12,2.312051049108864178e-12,2.452897700981970888e-12,2.734860889848346401e-12,2.319925868354122213e-12,2.327236604493834114e-12,2.118632675342693254e-12,2.115580394384564441e-12,1.331068968125763619e-11,1.671870051259567722e-11,1.192031118687914215e-10,1.781115157514158783e-12,1.887227808784220452e-12,2.317959023841945722e-12,1.094464242646761063e-10,1.607916683910341153e-03,2.518789148709470944e-12,2.191057809717967544e-12,1.918324478625863424e-12,2.165794903591052567e-12,3.557580111472875634e-11,2.627802447486400280e-11,2.000926198053573362e-11,1.807426093914369502e-12,1.695128316559160758e-12,2.070634418607638056e-12,2.545590708695811578e-12,2.835219316319294146e-12,2.252633658094135517e-12,2.548325821149990348e-12,2.520415809079802324e-12,2.581285674239483892e-12,2.028016939795444655e-10,1.320542622077092042e-11,1.405790832312270842e-12,1.710715554676460000e-12,1.669040341230386207e-11,2.714815470347255821e-12,1.916233647795836673e-11,2.401101975582238081e-12,1.064410181649187235e-11,4.215768768290666742e-11,5.790461835605326931e-11,8.339667520265705430e-10,1.126469043626573221e-11,1.326522223049459283e-11,1.315254279512967245e-11,1.928344288465215864e-11,6.798651089565095716e-12,5.726493502058524589e-11,5.386835388018405628e-10,4.369564246140917132e-12,7.093350185182170826e-12,8.617488346767776534e-12
2.121434774022304937e-12,2.866921568649976539e-12,2.324294533626073457e-12,2.348503694697664892e-12,2.542090266776478001e-12,2.354063592435785725e-12,2.325790230920075560e-12,2.791683701481438664e-12,2.134235196804987881e-12,2.027026491045257017e-12,1.732874044500050239e-12,2.177758360231195915e-12,2.130939887726875428e-12,2.393253588898701606e-12,2.338249106186796360e-12,2.703151522836687145e-12,2.659786010516450819e-12,2.128375272952821651e-12,2.253760538839788829e-12,2.109081344747746531e-12,2.298250218347214086e-12,3.499354594422472851e-12,1.176689611420822616e-11,1.973157640535838368e-12,2.250374265016753024e-12,2.331269371314432222e-12,2.475554151035185700e-12,2.765051083282301819e-12,2.340716017710985289e-12,2.346259074673331525e-12,2.139729335616575412e-12,2.135923600669904123e-12,1.248806362958805064e-11,1.584665393832649559e-11,1.052187056317510196e-10,1.797617941512480071e-12,1.904528094034749327e-12,2.345919002906712665e-12,7.577745302000367534e-11,1.613492839510844530e-03,2.547426537302799618e-12,2.213816571394773684e-12,1.934305688567511718e-12,2.189020792998275940e-12,3.032334903843933455e-11,3.010866438497917998e-11,2.194958283620204162e-11,1.826110529652843772e-12,1.709552290523343754e-12,2.095142655216055754e-12,2.573040755938203338e-12,2.867313042217416651e-12,2.277099615197644226e-12,2.579706412193202093e-12,2.551113114979006377e-12,2.612202001244282458e-12,1.376477093219321028e-10,1.411606816214624801e-11,1.417537010978509031e-12,1.728917198271074852e-12,1.501533550052142342e-11,2.735227550643741647e-12,1.731367342090440224e-11,2.430336997351954750e-12,1.006950215488122742e-11,5.090098740300646033e-11,4.909241453971947121e-11,5.509327437540025459e-10,1.057396941670955818e-11,1.489224300036822026e-11,1.463822774223268381e-11,2.186891362038006707e-11,7.284266224780715815e-12,6.730254332404980536e-11,3.913826968662440123e-10,4.508890105700070746e-12,7.478153120727808212e-12,9.193906424383167121e-12
2.142047911430719770e-12,2.898241085936669637e-12,2.345043339757636587e-12,2.371340199402470641e-12,2.567779515142999891e-12,2.377964863924308157e-12,2.352849705049146653e-12,2.831733285668805463e-12,2.160668654186159485e-12,2.048209667520048087e-12,1.748116394397226587e-12,2.196482479689146904e-12,2.150969639042438059e-12,2.416974628238105736e-12,2.362187030077703478e-12,2.736200050620053075e-12,2.699344447688355558e-12,2.152237619614183782e-12,2.280375603052530223e-12,2.130123185739836031e-12,2.322335924571056818e-12,3.555904154536776474e-12,1.160691537307234579e-11,1.992963029706998323e-12,2.278988762331062757e-12,2.358074509368261938e-12,2.506667896642026639e-12,2.805511147617632277e-12,2.369131787639152787e-12,2.372961629908567452e-12,2.167215709256909644e-12,2.162660719333004213e-12,1.189196421112344682e-11,1.529008148394547593e-11,1.029607609010303655e-10,1.818779494688488873e-12,1.927017616273612734e-12,2.381098079586158030e-12,5.947442011253817572e-11,1.588343832611221595e-03,2.584773795460809507e-12,2.243347882800776560e-12,1.955660699435738189e-12,2.218835866879219673e-12,2.687814995746931340e-11,3.599940045569307029e-11,2.474512642153453203e-11,1.849505408619058033e-12,1.728258318631748501e-12,2.125474657328930176e-12,2.608739829243142454e-12,2.909667894405698414e-12,2.308652377942479773e-12,2.619627755886805040e-12,2.590317735155744819e-12,2.652118801639685561e-12,1.120666885700937649e-10,1.536858174616059406e-11,1.432340317680493349e-12,1.751333058112792885e-12,1.377937472879201886e-11,2.764702735708665752e-12,1.598456381160734457e-11,2.467271323493458338e-12,9.643567284758918858e-12,6.638573936090646750e-11,4.401927837821699071e-11,5.466300326088752632e-10,1.005612677474130536e-11,1.712841733275499263e-11,1.666478944455779236e-11,2.562016012072809583e-11,7.906849356802610984e-12,8.623470600854760454e-11,4.015352274538233967e-10,4.701908394823862781e-12,7.985154070682347916e-12,9.950006109480267421e-12
2.170011641037797858e-12,2.942309408644981174e-12,2.374400984132040659e-12,2.402994309663213683e-12,2.603662031630847198e-12,2.410742216258367360e-12,2.388629705760677960e-12,2.883960008559101706e-12,2.194533692101560156e-12,2.076184562435449169e-12,1.768483146661585435e-12,2.222855127007657107e-12,2.178397096988669608e-12,2.449827480095096561e-12,2.394897471363554064e-12,2.780755003740502954e-12,2.749913410064925572e-12,2.183519611827792713e-12,2.315222713023709790e-12,2.158447251954998549e-12,2.354934240379101446e-12,3.631137857705847157e-12,1.160195242312359495e-11,2.019236010355520840e-12,2.315786808834931079e-12,2.393636969778804629e-12,2.547558962464766779e-12,2.857894255591380344e-12,2.406368677819599827e-12,2.408523253783886193e-12,2.202142629985754852e-12,2.196833863653361444e-12,1.147958695823425121e-11,1.500221596316640946e-11,1.112893610075642796e-10,1.845388369124190319e-12,1.955557889977514777e-12,2.424740259855208511e-12,5.013587123217940872e-11,1.529743334389637149e-03,2.632267941852704427e-12,2.280769999193391652e-12,1.983259237020762468e-12,2.256342098545860565e-12,2.454686210185224144e-11,4.598860555502583846e-11,2.896288475849179961e-11,1.878428880903054344e-12,1.751968415035202502e-12,2.162656166543023162e-12,2.654041880326590518e-12,2.963954111737318128e-12,2.348470943265671946e-12,2.669546891953001913e-12,2.639472869533380128e-12,2.702543710726198858e-12,1.012879136562972961e-10,1.712456474834457390e-11,1.450747503951881856e-12,1.778715070136806363e-12,1.285828756927768644e-11,2.804563334940561644e-12,1.502964213087841535e-11,2.513226494451037569e-12,9.341926521987288628e-12,1.003671780089712884e-10,4.120040955659995403e-11,8.156421667973479919e-10,9.678798093059217983e-12,2.036761956258270368e-11,1.956292826030796646e-11,3.147317872645990377e-11,8.719826523610277630e-12,1.305520109964728326e-10,6.089124698065503316e-10,4.963431894473433734e-12,8.657426136399807769e-12,1.095880857411619772e-11
2.206623219021160733e-12,3.001317898369527632e-12,2.413841525874111615e-12,2.444992755128262957e-12,2.651490936853135249e-12,2.453942678573572790e-12,2.434693243484374103e-12,2.950604680190087644e-12,2.237203750364605647e-12,2.112176003806021684e-12,1.794909388208396308e-12,2.258195705839884777e-12,2.214520134769509329e-12,2.493392595611079460e-12,2.437913191823918108e-12,2.838855327544295291e-12,2.813555884895309253e-12,2.223563266142132514e-12,2.359790465764361910e-12,2.195345641487687319e-12,2.397543256209769015e-12,3.728565723614848593e-12,1.175842561512415971e-11,2.053142020208280674e-12,2.362274655910501178e-12,2.439521820330156227e-12,2.599992456648124811e-12,2.924410308856730485e-12,2.454020834892814109e-12,2.454522110728841048e-12,2.245897294174553484e-12,2.239820589639023207e-12,1.122684070011053024e-11,1.496595172446142408e-11,1.370674678824651154e-10,1.878479743247880307e-12,1.991283061924752151e-12,2.478479105546987605e-12,4.439939088151722155e-11,9.396318746041730095e-07,2.691814137730398864e-12,2.327559182946307887e-12,2.018250764787291157e-12,2.302991106802002197e-12,2.298180432557083354e-11,6.620808967840116622e-11,3.584491590098045455e-11,1.913951501041568617e-12,1.781630876791238263e-12,2.208028030736102844e-12,2.710737063982564273e-12,3.032393965690577826e-12,2.398110917869871440e-12,2.731384306371928242e-12,2.700482684379855904e-12,2.765472118937900195e-12,9.939015238212801597e-11,1.967783996865964897e-11,1.473472621081838987e-12,1.812044367774215178e-12,1.217794049154874778e-11,2.856586741250722637e-12,1.436516800805914349e-11,2.569940278061817933e-12,9.150647776297353948e-12,2.315457820665944492e-10,4.002858842127104222e-11,1.135604016983489829e-03,9.422658144165355030e-12,2.544104659237610387e-11,2.400646348216087456e-11,4.175216605710767820e-11,9.810484230361927338e-12,3.311936739247709834e-10,2.983367616493525398e-04,5.316007390988180446e-12,9.564438798971692220e-12,1.234273063568906841e-11
2.241295983435703655e-12,3.055304412072653211e-12,2.450614387434513694e-12,2.484241553531972369e-12,2.695791428008821598e-12,2.494373828344074516e-12,2.478056887433200991e-12,3.012364554843279106e-12,2.277770470549416681e-12,2.146515331442067417e-12,1.820516643318111839e-12,2.291399040327277040e-12,2.248673190669559583e-12,2.534037601848355478e-12,2.478220380509861501e-12,2.892690863831787806e-12,2.872737760316846257e-12,2.261607893428775122e-12,2.401905408395270083e-12,2.230343648516204036e-12,2.437590019615423304e-12,3.817070892951288781e-12,1.174954649700399519e-11,2.085566740080421933e-12,2.406243261627292464e-12,2.482693246117288173e-12,2.649096276498490551e-12,2.986096943943233129e-12,2.498887664802358615e-12,2.497757073948895355e-12,2.287478022998016056e-12,2.280685216383267353e-12,1.082931312184816380e-11,1.464637572377996352e-11,1.417162716550849386e-10,1.910472344869870452e-12,2.025631886425391412e-12,2.528763189869286444e-12,3.720147234225100106e-11,6.107594586233925226e-10,2.747399160292889171e-12,2.371863403994775364e-12,2.051836893969458422e-12,2.347180994654647278e-12,2.088252369116288325e-11,9.727709010358861596e-11,4.353851037498849324e-11,1.948176534930255087e-12,1.810465558275318730e-12,2.250917179971118647e-12,2.762434875981135929e-12,3.094385689993125233e-12,2.444956720394437116e-12,2.788566554849216013e-12,2.757186313208025588e-12,2.823953310225167883e-12,8.445240101492372086e-11,2.232954894130800077e-11,1.495974836197472962e-12,1.844271250226174617e-12,1.136963691337769704e-11,2.902422822637995132e-12,1.348534261875439770e-11,2.622806746930616637e-12,8.867592724086866659e-12,2.230868761772780844e-09,3.672995667746793903e-11,2.848614563462440520e-09,9.072282955653096374e-12,3.177927999291516278e-11,2.934408098197567879e-11,5.553608933175981681e-11,1.102538285048787021e-11,6.894451934155543076e-04,6.751830213958118698e-04,5.714059212120770747e-12,1.054533158184324174e-11,1.383785434609147925e-11
2.264384007437450264e-12,3.085574624934180568e-12,2.473109663430242508e-12,2.508736381632293357e-12,2.722260421319589109e-12,2.519896397878837226e-12,2.506646668983783054e-12,3.050747070264886200e-12,2.306095394368028727e-12,2.170369186818964699e-12,1.839169497994699970e-12,2.312418614668468074e-12,2.271160901521860767e-12,2.559226340258671675e-12,2.503838530888675677e-12,2.925472193056335858e-12,2.910668807354402514e-12,2.287734458792091554e-12,2.430255555271711348e-12,2.253880682153332397e-12,2.463490844754913291e-12,3.866068695287556050e-12,1.131741681105196120e-11,2.108226021117032372e-12,2.436278228180166527e-12,2.511038685576304467e-12,2.680893414635813310e-12,3.024769064055922803e-12,2.528644086049203919e-12,2.525967506830487691e-12,2.316625784953114920e-12,2.309252970151605826e-12,1.011473414667208319e-11,1.369836501305086298e-11,9.740873037192512177e-11,1.934433322242043491e-12,2.050739739879068028e-12,2.562741284694513534e-12,2.860728944652672299e-11,1.462755409208675235e-10,2.783752552799436461e-12,2.402571121392726512e-12,2.075970034865372911e-12,2.378025939167890751e-12,1.791945553776410398e-11,1.074280418279937417e-10,4.590079299553824277e-11,1.973825967025368183e-12,1.832331005952149249e-12,2.281309057661135552e-12,2.793726730767635748e-12,3.130296616835493670e-12,2.477122890122368834e-12,2.825259222294076512e-12,2.794134831224536420e-12,2.861751734520499262e-12,5.826277483517704471e-11,2.361923414259231700e-11,1.514220229737443216e-12,1.868921385816599071e-12,1.028724784797147867e-11,2.925246142768548462e-12,1.218037047271143520e-11,2.657930097800434079e-12,8.372074332530730211e-12,1.373531442279859321e-03,3.033053448527181189e-11,2.556794894713204288e-10,8.507285477234210802e-12,3.617054614959528552e-11,3.283809351178477865e-11,6.253486066849917298e-11,1.203845008102070104e-11,7.206847187296951477e-09,3.251243073215140881e-10,6.089141484182174618e-12,1.131235619533883150e-11,1.491362690866293327e-11
2.295016036948981575e-12,3.126770561443130896e-12,2.504027771979705607e-12,2.541766684982937146e-12,2.758133828389123627e-12,2.553974895464436903e-12,2.543606810812982186e-12,3.099354216875224149e-12,2.341862456878571522e-12,2.201344616502625026e-12,1.863762790658398652e-12,2.341221312847102781e-12,2.301236510661240913e-12,2.593147475863643878e-12,2.537940163043888702e-12,2.968340063726655421e-12,2.957991134759837651e-12,2.321382170067940842e-12,2.466638926113691929e-12,2.284904163498094451e-12,2.497692130663766287e-12,3.928607467663397000e-12,1.096829784216959812e-11,2.137792694133454822e-12,2.474233777691611188e-12,2.547788122496010104e-12,2.721667696974116308e-12,3.073454358333050693e-12,2.566797985978768787e-12,2.562656561927672141e-12,2.353175232397453949e-12,2.345253149598538037e-12,9.524579620283376948e-12,1.292463561246413158e-11,7.480683476658714399e-11,1.964457320160029681e-12,2.082356716866704776e-12,2.604378171311641243e-12,2.317400407680231784e-11,8.089350917534543053e-11,2.828999988300896378e-12,2.440927839043706173e-12,2.106801294921619760e-12,2.416342971508609052e-12,1.571313820818996573e-11,1.145820765652218342e-10,4.800246324037917304e-11,2.005508751408703214e-12,1.859968418592902222e-12,2.318391321073482823e-12,2.833034541552676788e-12,3.175477920068525418e-12,2.517112304765915887e-12,2.870365081506018260e-12,2.839617064708108453e-12,2.908496768281711900e-12,4.448657781319438541e-11,2.503289628269102392e-11,1.537113110950067783e-12,1.899158705044622575e-12,9.415399692989161527e-12,2.956422076523794748e-12,1.113623912217631489e-11,2.701009461096098514e-12,7.959341500868192643e-12,1.370278185050102359e-03,2.589087573130197364e-11,1.334121816483911002e-10,8.037411359231657695e-12,4.104533759794639478e-11,3.665026115896460991e-11,6.932473418037612103e-11,1.323788175857472663e-11,1.327990705148841038e-09,1.633403881196454388e-10,6.565381405734674399e-12,1.223114882040479780e-11,1.616384836334567292e-11
2.339799420262560389e-12,3.189950105713243808e-12,2.550951614340882246e-12,2.591132586068729513e-12,2.812350390824474070e-12,2.604486434722535818e-12,2.596805736894320505e-12,3.169194042232262376e-12,2.391956288025383802e-12,2.245637670740958484e-12,1.899022493180854650e-12,2.384595084527162304e-12,2.345526875640897576e-12,2.643869067524544231e-12,2.588324826087599506e-12,3.031481394548411570e-12,3.024872307070175561e-12,2.369319131517505635e-12,2.518540752134953887e-12,2.329981782556585649e-12,2.547799620340878436e-12,4.021278255695799905e-12,1.078833574290046998e-11,2.180169039268667487e-12,2.527647811589403784e-12,2.600827890327672827e-12,2.780241279729599229e-12,3.143006418343950150e-12,2.621347599606522704e-12,2.615783322729183523e-12,2.404069815892107110e-12,2.395588328660970262e-12,9.105428539157879439e-12,1.241737242008129834e-11,6.418721257072694426e-11,2.005726340278196031e-12,2.126170786504001909e-12,2.661857954769499337e-12,1.975291776989339861e-11,5.717535456245091496e-11,2.892571069431854181e-12,2.494309481909914438e-12,2.150115914168084622e-12,2.469385600243475168e-12,1.417906652544276750e-11,1.276735753030758091e-10,5.164891027054288838e-11,2.048583670784680573e-12,1.898123198352169204e-12,2.368917927571441569e-12,2.889661276233353715e-12,3.241246896198147825e-12,2.572684722888487595e-12,2.933493843069359453e-12,2.903097509738842234e-12,2.974056803774276221e-12,3.704286671199312305e-11,2.713466776353503585e-11,1.568180055720640880e-12,1.939893607874551207e-12,8.769149774674811715e-12,3.005789334446818885e-12,1.037845836887157400e-11,2.760738177145146672e-12,7.666522228670597009e-12,1.332196119388775676e-03,2.306050901089042617e-11,9.635535277074944252e-11,7.696968178205766156e-12,4.782454056255633837e-11,4.191301008125093340e-11,7.937236221217675104e-11,1.483619225783850051e-11,9.489676936010519349e-10,1.191259152977613236e-10,7.215468002732742824e-12,1.348150989572441723e-11,1.786770375595445281e-11
2.402958258016853037e-12,3.281186886064795893e-12,2.618484560705945594e-12,2.661565585478449560e-12,2.890120045925449501e-12,2.676213688350226632e-12,2.671079059280659331e-12,3.266468943770875315e-12,2.460797484318447622e-12,2.307312694745547744e-12,1.948277241940891860e-12,2.446796300529761441e-12,2.408252827406917845e-12,2.716240957545355239e-12,2.659746362692063191e-12,3.120706412586798920e-12,3.117163752943332138e-12,2.435888374811379298e-12,2.590636347669355484e-12,2.393329356576475519e-12,2.618495853947069026e-12,4.152464931796012792e-12,1.077469428191859847e-11,2.239273579849574193e-12,2.601237974524181289e-12,2.674996831327285852e-12,2.861880946361315347e-12,3.239565532526193619e-12,2.697198898507232657e-12,2.690213542896762320e-12,2.473762019612419301e-12,2.464688933303402423e-12,8.834325875445973562e-12,1.214030048793845152e-11,5.923925108760319064e-11,2.061850354204113903e-12,2.186037989503357422e-12,2.740147276104535154e-12,1.746476942280764804e-11,4.507305806625409124e-11,2.980007405230156440e-12,2.567366862194045360e-12,2.209802924743955094e-12,2.541748472880957623e-12,1.310271495363102930e-11,1.500466510942562231e-10,5.750565171070421877e-11,2.106751842185641255e-12,1.950177782743948981e-12,2.437221905613062526e-12,2.968861436734560216e-12,3.333675805138716159e-12,2.648661656222162315e-12,3.020178414269724298e-12,2.990093007338568226e-12,3.064137345571855796e-12,3.261171240136251910e-11,3.024635464093368661e-11,1.610156276708582296e-12,1.994600590362774699e-12,8.300263249889107587e-12,3.078559400764281986e-12,9.842874865689262729e-12,2.842295145155644352e-12,7.482535307801071952e-12,1.256213771879295454e-03,2.122609384420990967e-11,7.966657795003267851e-11,7.470943055968290090e-12,5.768173035172609352e-11,4.946420498750250987e-11,9.472887917848238724e-11,1.703733757996443309e-11,9.666509481474777945e-10,1.011358040258010109e-10,8.121195910781448502e-12,1.522591728264249440e-11,2.025295935306758496e-11
2.491335311250510449e-12,3.410436963864541877e-12,2.714123819505893369e-12,2.760762352165333656e-12,2.999943798520861328e-12,2.776931001280974536e-12,2.774261300539588208e-12,3.401253769644386843e-12,2.555516883839264762e-12,2.392934878351328280e-12,2.016890463443600797e-12,2.534741674978765853e-12,2.496256682608985056e-12,2.818156810267242382e-12,2.759928994346637095e-12,3.245480716278404354e-12,3.244339474690245081e-12,2.528108390563184404e-12,2.690489066344056984e-12,2.481771715595365201e-12,2.717379995207604195e-12,4.335901531261543782e-12,1.094497983874002370e-11,2.321434237069406606e-12,2.702623863582889138e-12,2.778137421802341736e-12,2.975126573325515939e-12,3.373095328111058154e-12,2.802295101414300611e-12,2.793837063262678760e-12,2.569429592911970978e-12,2.559700462058718482e-12,8.706390455650125311e-12,1.208838608985817370e-11,5.800377029623038478e-11,2.138629354560586570e-12,2.268162792931452376e-12,2.847246782911064669e-12,1.590751781469264861e-11,3.793682885212530827e-11,3.100269248370944976e-12,2.667599686737227883e-12,2.292129454751440886e-12,2.640834632442217895e-12,1.237452203507193251e-11,1.905114482570912035e-10,6.701193917593301656e-11,2.185954010448077804e-12,2.021565544760396161e-12,2.530265288345036069e-12,3.079138608681613680e-12,3.462623202517623423e-12,2.752818580008035330e-12,3.139352905171093351e-12,3.109511321854229811e-12,3.187961453885501706e-12,2.994396753722575921e-11,3.500122708974769996e-11,1.667420283783853881e-12,2.068848561402899603e-12,7.985419001059374355e-12,3.183237332009007631e-12,9.498913430981939081e-12,2.954029817222514247e-12,7.408530168206448668e-12,1.139030118578196601e-03,2.010269489101386065e-11,7.150380169099414145e-11,7.357423316156992408e-12,7.309564837287074433e-11,6.102018928452979911e-11,1.200884912633883533e-10,2.022473365233900149e-11,1.456436726675524412e-09,9.450559088369764288e-11,9.433793841135923806e-12,1.776937646227679567e-11,2.375206448466652213e-11
2.616715451363079327e-12,3.594969837872545392e-12,2.850818784494928637e-12,2.902011752256701254e-12,3.156524403204797061e-12,2.920056444052635969e-12,2.919853919918351785e-12,3.590951595285875754e-12,2.688374501845408803e-12,2.513794388103390738e-12,2.114067647639905436e-12,2.660360840178484196e-12,2.621326689008068402e-12,2.963248850644491699e-12,2.902200678652489382e-12,3.422171283661447046e-12,3.422737018905571055e-12,2.658054679557819541e-12,2.831122156767340474e-12,2.607059057789079855e-12,2.857556092911655034e-12,4.595443217399817174e-12,1.134718040491816303e-11,2.437530447819779170e-12,2.844916706807384302e-12,2.923766978437842235e-12,3.134706074561267760e-12,3.560798095041262706e-12,2.950321714900665215e-12,2.940256143773616885e-12,2.703410011612030999e-12,2.692907127575132436e-12,8.737560784002457248e-12,1.229226182164640928e-11,6.019025293123739176e-11,2.246008908105812838e-12,2.383194089646207344e-12,2.996913327664319977e-12,1.489245130183224662e-11,3.350256364506708162e-11,3.268794806997916673e-12,2.807903165472207352e-12,2.407859583444316054e-12,2.779367968501103796e-12,1.195063279263232646e-11,2.767585429682448739e-10,8.360151168030275303e-11,2.296374182504886333e-12,2.121600000279646185e-12,2.659997771298524988e-12,3.235159834686278531e-12,3.645129453938038395e-12,2.898527731126351718e-12,3.306405770166722116e-12,3.276692573735979286e-12,3.361421941162005248e-12,2.853037802663402898e-11,4.279367627744805247e-11,1.747460412460314055e-12,2.172175851380930945e-12,7.823273086684031371e-12,3.334566286685615923e-12,9.344828680689832848e-12,3.110307318703932511e-12,7.461488125555856965e-12,5.024412934832888419e-04,1.957932572665318780e-11,6.840799928485516766e-11,7.370349393750699798e-12,1.002897579187445486e-10,8.068301401823221850e-11,1.684508680615242795e-10,2.521074584990871147e-11,4.746655242204790744e-04,9.575565567118868886e-11,1.146429306644482875e-11,2.175320300212427409e-11,2.928756154639647101e-11
2.793329562930166153e-12,3.852299539784212197e-12,3.043537781201251179e-12,3.100564683605358368e-12,3.375986973248987797e-12,3.120952096847409451e-12,3.123348102524699147e-12,3.853271552941391134e-12,2.874020214653866059e-12,2.683788467139032175e-12,2.251931551618240498e-12,2.837913747577083897e-12,2.797678046714737425e-12,3.166994914973514416e-12,3.101871705062021183e-12,3.667956675827377060e-12,3.669439229237045805e-12,2.840230652792176306e-12,3.027715066549698892e-12,2.783410841403369012e-12,3.054204610650682936e-12,4.951266218367242168e-12,1.194066962360815960e-11,2.601127257016810641e-12,3.043359989564080243e-12,3.127382322099109982e-12,3.356894721127714055e-12,3.820255200638775462e-12,3.156901072490315263e-12,3.145017711517365326e-12,2.890401583291366830e-12,2.878975014696986724e-12,8.896482581385251855e-12,1.267562904576224754e-11,6.266914223439727597e-11,2.396816906827258483e-12,2.544547906605816002e-12,3.204580334233396569e-12,1.415339888258233413e-11,2.994505927246694277e-11,3.502178951692844639e-12,3.003353409399117253e-12,2.570495673499403825e-12,2.972287268546304642e-12,1.170674743262706054e-11,3.590317215468326674e-10,1.050480699207255424e-10,2.451021184799674211e-12,2.262552632682068140e-12,2.840667702843699258e-12,3.452439537941392859e-12,3.897887285993776517e-12,3.101160013871759182e-12,3.537584760819087691e-12,3.508001350551672083e-12,3.601258405639118266e-12,2.746077131005571550e-11,5.418413161332469805e-11,1.860788095825794501e-12,2.317020543225441342e-12,7.779277238790616193e-12,3.547596729893249595e-12,9.326716920387375047e-12,3.326901951780396212e-12,7.626431978905510419e-12,1.379930927636695790e-09,1.929859515628540843e-11,6.505611460184441141e-11,7.492809069388360003e-12,1.379856791862892424e-10,1.079100647765148988e-10,2.263245627909484831e-10,3.292089316885692107e-11,7.971609799290791699e-04,9.575478196141273527e-11,1.474177753568519281e-11,2.796549486443310958e-11,3.772301787722269058e-11
3.070005888893732498e-12,4.254528128277400028e-12,3.346103265008246599e-12,3.411637218786789747e-12,3.719558404486283362e-12,3.435364969954676941e-12,3.440780071540706696e-12,4.260702690983099784e-12,3.163223690697877455e-12,2.949623495711759296e-12,2.468415563111255737e-12,3.116899693246950799e-12,3.074165182016637153e-12,3.486070777540830605e-12,3.414303477432674859e-12,4.051004055439931812e-12,4.052461674798660724e-12,3.124645402472686188e-12,3.334273183087001036e-12,3.059497958939033582e-12,3.361723229210475921e-12,5.503045616757704150e-12,1.299378625992137064e-11,2.857203027999906718e-12,3.352316694268856216e-12,3.445091367025868430e-12,3.702895156771348893e-12,4.223113588663205588e-12,3.478833868916361493e-12,3.464594609851064877e-12,3.181501304890672724e-12,3.168775844032993490e-12,9.337743861920375361e-12,1.350402211229029846e-11,6.892267029967586128e-11,2.632067772267147565e-12,2.796200200674801518e-12,3.527444808168729755e-12,1.390312939908741502e-11,2.786415557973257832e-11,3.864638829844239579e-12,3.307404894996278476e-12,2.824506871871707392e-12,3.272331544063662945e-12,1.183189274620043790e-11,4.444837917290600061e-10,1.441808219787191594e-10,2.691923385942283239e-12,2.482780012750940320e-12,3.121820712181028299e-12,3.792395374043951708e-12,4.292388378117545501e-12,3.416193658122724080e-12,3.897072277155779467e-12,3.867327267805536324e-12,3.973657079261090650e-12,2.742770380326030827e-11,7.604996791111917760e-11,2.038099192468612522e-12,2.542702849672940227e-12,7.968399349523189631e-12,3.884592687968808698e-12,9.594504044393418152e-12,3.663599413919892603e-12,8.031921918092247693e-12,6.302377570047790397e-10,1.967833478940054496e-11,6.478985661395553659e-11,7.847420805521729226e-12,2.042493078307713904e-10,1.569344330400371066e-10,3.135337472146097094e-10,4.784264281477804713e-11,5.765991198722325963e-04,1.015622549898455556e-10,2.121491942308119534e-11,4.008619089144075727e-11,5.403086604239863074e-11
3.566046426287967159e-12,4.973586924600024506e-12,3.889025938456539985e-12,3.969077319257301786e-12,4.334709843665104456e-12,3.998433252519712725e-12,4.008204017290056837e-12,4.986646801147212402e-12,3.680090878781451751e-12,3.425842677443549489e-12,2.857482991154264394e-12,3.617934764267212446e-12,3.570095630322461141e-12,4.057659361435672941e-12,3.973774939289545845e-12,4.734800280133552894e-12,4.735130350295138325e-12,3.633536814212660154e-12,3.882250967763405665e-12,3.554305925704441326e-12,3.912250940180058875e-12,6.484320080722047761e-12,1.501775111468483496e-11,3.316259255188230504e-12,3.904147888196999501e-12,4.013091270442515278e-12,4.320595009864573423e-12,4.940885358627513281e-12,4.053979533550240236e-12,4.035993726148643457e-12,3.701593606433048086e-12,3.686658431382094108e-12,1.035094484997563966e-11,1.524251307843470069e-11,8.256830994296938562e-11,3.053228989658408384e-12,3.246521797224541274e-12,4.104179471546773465e-12,1.440701113284294959e-11,2.742651009702140106e-11,4.510941204671663713e-12,3.850366844156694452e-12,3.279339913339693728e-12,3.808167171599283094e-12,1.261355958695941565e-11,6.964213613890556782e-11,2.341542023388748519e-10,3.122951447106438778e-12,2.877466913606709591e-12,3.624644956111498568e-12,4.402592891376111982e-12,4.998767233881183507e-12,3.978565778332043919e-12,4.539179181560188472e-12,4.508510519560206283e-12,4.637722386741173585e-12,2.901352882428982909e-11,1.345277064018113644e-10,2.356412255253566787e-12,2.946744400712404192e-12,8.603045189632778812e-12,4.494231136498263857e-12,1.041105436718554544e-11,4.264916575601604671e-12,8.931338261019503411e-12,3.886159838853282681e-10,2.122443034479259963e-11,6.878607932598597998e-11,8.673741307488303415e-12,3.198693017825430321e-10,2.624235863065993528e-10,3.376748755346411953e-10,8.918683389829741893e-11,3.120731380130752574e-04,1.170680937564999877e-10,3.995663279307213453e-11,7.422174279828384696e-11,9.891613826570218662e-11
4.826081549003085052e-12,6.823534088996226388e-12,5.272418053934978903e-12,5.390072378898309196e-12,5.908213816370813996e-12,5.434207845560313339e-12,5.455082086130275955e-12,6.855070263298490957e-12,4.994438555287033375e-12,4.633901782719070641e-12,3.839775220820998013e-12,4.891641158066827905e-12,4.829952610989200581e-12,5.516058512303956351e-12,5.400071627874647065e-12,6.489993931838280051e-12,6.489061543198434212e-12,4.926835386405885821e-12,5.277999816809003753e-12,4.811025414753475184e-12,5.314908865338165096e-12,9.046563812828509000e-12,2.104572924400784165e-11,4.479679476936672406e-12,5.310254399812020410e-12,5.461497380401368839e-12,5.900221362514532261e-12,6.787824976212057588e-12,5.521209159696126294e-12,5.493366077608143086e-12,5.024638084313176821e-12,5.003732883760947112e-12,1.351666082263347782e-11,2.069742540239705022e-11,1.573635253909783411e-10,4.118395374774460458e-12,4.387278475641715037e-12,5.579712448218035323e-12,1.752363266903152237e-11,3.244012963306320112e-11,6.168109769738764495e-12,5.233667426372800719e-12,4.431678701463793849e-12,5.173136439852716405e-12,1.579360315993242156e-11,3.225810074870703292e-07,3.695360795845509131e-07,4.214361031389107926e-12,3.874000975321852835e-12,4.905693937433164899e-12,5.974396534961028976e-12,6.826322207288204766e-12,5.413356918448964324e-12,6.189670496473115635e-12,6.154494241862643835e-12,6.343511870452102599e-12,3.766616127925362671e-11,3.836389073804442314e-07,3.156557840695543297e-12,3.968660037947080818e-12,1.081503780541507919e-11,6.074182923102914525e-12,1.323776038770213514e-11,5.805776900266409262e-12,1.165782174420353135e-11,5.932580739030161119e-10,2.763944379099201907e-11,1.005722155800556876e-10,1.122741794185837169e-11,3.641052239084001983e-07,3.729885926994628486e-07,3.440571730689381990e-07,3.943428639015063033e-07,2.037014519695483488e-07,2.345015501108480385e-10,3.964018571290741518e-07,3.950420919077587879e-07,3.890225024973709659e-07
0.000000000000000000e+00,0.000000000000000000e+00,0.000000000000000000e+00,0.000000000000000000e+00,0.000000000000000000e+00,0.000000000000000000e+00,0.000000000000000000e+00,0.000000000000000000e+00,0.000000000000000000e+00,0.000000000000000000e+00,0.000000000000000000e+00,0.000000000000000000e+00,0.000000000000000000e+00,0.000000000000000000e+00,0.000000000000000000e+00,0.000000000000000000e+00,0.000000000000000000e+00,0.000000000000000000e+00,0.000000000000000000e+00,0.000000000000000000e+00,0.000000000000000000e+00,0.000000000000000000e+00,0.000000000000000000e+00,0.000000000000000000e+00,0.000000000000000000e+00,0.000000000000000000e+00,0.000000000000000000e+00,0.000000000000000000e+00,0.000000000000000000e+00,0.000000000000000000e+00,0.000000000000000000e+00,0.000000000000000000e+00,0.000000000000000000e+00,0.000000000000000000e+00,0.000000000000000000e+00,0.000000000000000000e+00,0.000000000000000000e+00,0.000000000000000000e+00,0.000000000000000000e+00,0.000000000000000000e+00,0.000000000000000000e+00,0.000000000000000000e+00,0.000000000000000000e+00,0.000000000000000000e+00,0.000000000000000000e+00,0.000000000000000000e+00,0.000000000000000000e+00,0.000000000000000000e+00,0.000000000000000000e+00,0.000000000000000000e+00,0.000000000000000000e+00,0.000000000000000000e+00,0.000000000000000000e+00,0.000000000000000000e+00,0.000000000000000000e+00,0.000000000000000000e+00,0.000000000000000000e+00,0.000000000000000000e+00,0.000000000000000000e+00,0.000000000000000000e+00,0.000000000000000000e+00,0.000000000000000000e+00,0.000000000000000000e+00,0.000000000000000000e+00,0.000000000000000000e+00,0.000000000000000000e+00,0.000000000000000000e+00,0.000000000000000000e+00,0.000000000000000000e+00,0.000000000000000000e+00,0.000000000000000000e+00,0.000000000000000000e+00,0.000000000000000000e+00,0.000000000000000000e+00,0.000000000000000000e+00,0.000000000000000000e+00,0.000000000000000000e+00,0.000000000000000000e+00
