5.713627190684713034e-06,3.267406848981158558e-12,9.344424019553307167e-06,4.603859774723527003e-15,1.350807478887152313e-06,3.758077900415357798e-06,8.963862235555309049e-06,1.760998645329940510e-12,7.103933073874675744e-06,2.542924848676380974e-06,3.581563143612899452e-06,1.156720901440574473e-04,0.000000000000000000e+00,2.187068119451994424e-06,8.018455856672551286e-06,7.272990689070400055e-12,3.381956407983892951e-12,9.171068403347065824e-06,3.579978971979562636e-04,3.623797694345272900e-04,9.853172295091334988e-05,4.476727907063251679e-13,1.378389229056476865e-13,1.539652834194562599e-05,3.023567184305677119e-05,3.668585271448768253e-05,2.987237506031088080e-05,1.891983137643157959e-12,2.864601755989162587e-04,7.620081586647302254e-04,1.048023920854825909e-03,1.466554980806650211e-03,4.265753515178708982e-13,1.659757466418434470e-13,7.662513173400210125e-14,1.677499134125694251e-06,2.222895838628077166e-05,1.378117555331280675e-05,4.859651806859016401e-13,2.014352730373028563e-13,2.679012370304617374e-10,6.768862452302672422e-05,4.296675640740114628e-04,5.432444105093450683e-04,4.792284512469683944e-13,7.494693513306553860e-14,5.846707154657484267e-14,2.309230877289915904e-04,2.370302537068638932e-04,3.837206704105593615e-04,1.420025948653640124e-04,1.947920166923255971e-12,4.227123259884640882e-04,5.820318378574113751e-11,3.312593648717883219e-05,5.605466525819018624e-12,1.378513428030159592e-13,4.521479564148630723e-14,1.933988701317894451e-06,8.247649962128873226e-05,1.572576909181832812e-12,9.686437787170216812e-04,6.635293122628807892e-13,1.226145426768738287e-03,6.617823384470177673e-13,9.269575468159848415e-14,1.646012846851640123e-13,9.647575504943476709e-14,7.794673919478287279e-13,6.591211170209673091e-14,6.116251158632201380e-14,7.094794313530144773e-14,3.411607792292914464e-14,7.836687747014347838e-14,7.885195931677205100e-14,8.505287447134997085e-15,2.913650864109018058e-14,3.673953270336162223e-14
7.252157954743959266e-13,1.476893875836628926e-04,1.078996267877064560e-12,5.927783058756614496e-15,3.032539781349985856e-12,1.259831986848614080e-12,1.722702288869193565e-12,6.253071894247799745e-04,1.045112147275018066e-12,6.105418237474322506e-13,3.160090408741947582e-13,6.837395675026504367e-13,5.432878210230151319e-15,1.091765895511208640e-12,1.380211512094409978e-12,2.678549550989715373e-05,6.352392386812954930e-05,9.297467086132534637e-13,1.294595027802366860e-12,7.031220629224278870e-13,1.198216490191868371e-12,2.825953563689739092e-12,2.668228743595213942e-13,5.368887366626054695e-13,1.440880232979646927e-12,1.587043988575670385e-12,4.537855889236659094e-12,2.934335534893707173e-04,1.873256178889473367e-12,1.658343866872929676e-12,1.034242027108364435e-12,9.925859257519528017e-13,2.434757696403549461e-12,3.524846098082201582e-13,1.211010750167715853e-13,4.066290738851044490e-13,5.364179434202571259e-13,2.812590503807713217e-12,4.525455095535124202e-12,4.732940192958757857e-13,9.499418077482251225e-05,1.354147029741792808e-12,5.442537101136808183e-13,1.285441486531998627e-12,3.522055728376533080e-12,1.176867542825267014e-13,8.484507728539418259e-14,4.898056824519875794e-13,3.606540653057691785e-13,9.517246517372272804e-13,6.491969479351359735e-12,6.425730369523029954e-04,1.843016649359993277e-12,1.433288350297884188e-04,7.428069490752399907e-04,1.129986016814093174e-04,2.669944271251582460e-13,6.174607399035656236e-14,2.080137101853904817e-13,4.082134793491980471e-13,1.443602710267620753e-03,5.852270467608214621e-12,3.398858233155656935e-03,4.753372001863861996e-12,2.489138676758675364e-04,1.564911229212197089e-13,3.480690669685690277e-13,1.651080966527793241e-13,3.595401275173411179e-05,9.898364387633965242e-14,8.993089238399655414e-14,1.090395614965437433e-13,4.411573865422753192e-14,1.247155820672059488e-13,1.257468138600970961e-13,9.238860290476808393e-15,3.670528487647941381e-14,4.810163418697029672e-14
2.520140862507219954e-13,1.178145754695471515e-12,3.221781336011547452e-13,6.803500367683935292e-15,4.547212005900711793e-13,3.686532662551240331e-13,4.321751555392819275e-13,1.530280734743334417e-12,3.209791279723321787e-13,2.272526098681671187e-13,1.376640014352467433e-13,2.512378086703872134e-13,6.221704091759789487e-15,3.576436074838092938e-13,3.819196603406537547e-13,1.019167538974114794e-12,1.155284053992240830e-12,2.887770927954974351e-13,3.762846338939747208e-13,2.556104555814127100e-13,3.617329138645305272e-13,7.131831943209865398e-04,5.563038934127841405e-13,2.081821839398579394e-13,3.960992892461805866e-13,4.186055505394007479e-13,6.291409834376377039e-13,1.462685563116262040e-12,4.568898141288252324e-13,4.306257987263597112e-13,3.287438820290317636e-13,3.206785704209738881e-13,1.163967888927366304e-03,8.328257312391460374e-13,1.980999685160148346e-13,1.770101487526027059e-13,2.093685548022656243e-13,5.268959245388477949e-13,9.385063814149196770e-06,1.221137213494075803e-12,9.170178338108904146e-13,3.843714099386650353e-13,2.121979028302863578e-13,3.741227405140328848e-13,2.574056459727707639e-03,1.910069307749907826e-13,1.240343032814718229e-13,1.954236493078853759e-13,1.534197672345332589e-13,3.115936633147038188e-13,6.972936932501996037e-13,1.435355730435879203e-12,4.520503893823388449e-13,9.333180758839527533e-13,9.216807710002071338e-13,1.048122890210018000e-12,5.575783492497879676e-13,8.420535243862603056e-14,9.710500367395431448e-14,1.689155477576235294e-13,1.688682995211055761e-12,6.842889252152910117e-13,3.221300936091012929e-10,6.475493303433076811e-13,2.391982665281208991e-03,2.804665780614341781e-13,8.191207783660603348e-13,3.013491914844971622e-13,6.703479518426180553e-12,1.510040122701826865e-13,1.336388174172675883e-13,1.714514076852272731e-13,5.668608166483006083e-14,2.059094287185176912e-13,2.081316290006089208e-13,9.942983133994883851e-15,4.588599903988648757e-14,6.260129286167859850e-14
1.526832578487908572e-13,5.419347260411200893e-13,1.871769336581926285e-13,7.596926354305224204e-15,2.567779680421828839e-13,2.119952405734610382e-13,2.371198671451797732e-13,6.756562350360339528e-13,1.855050759813258697e-13,1.387409243792381101e-13,8.919231641650478374e-14,1.535104637114585981e-13,6.928971888989130674e-15,2.162909776015822212e-13,2.155082243104233288e-13,4.734746093249575280e-13,5.303531392382791129e-13,1.694943402143709632e-13,2.162698181293745681e-13,1.554447757079703981e-13,2.094060561607214016e-13,3.293325487842216457e-11,3.516078128983645109e-12,1.295302801805949287e-13,2.257784692109270071e-13,2.367486083242943054e-13,3.267947960820638836e-13,6.502571252572641306e-13,2.539769250174547390e-13,2.420109431368144403e-13,1.926577828332308016e-13,1.886718010522065274e-13,1.341536403787320147e-03,3.630545985017618899e-03,4.339058461812008896e-13,1.110839470555736930e-13,1.300695351667002026e-13,2.780088800458789825e-13,1.071703497600087044e-11,3.339266085774430251e-05,4.329162564624070938e-13,2.200916202038426781e-13,1.316078206605689437e-13,2.147796764912828842e-13,1.461531406275557556e-11,4.094193344113977703e-13,2.076898272432542430e-13,1.219112935928917972e-13,9.789449993833412209e-14,1.836372417291089439e-13,3.511218867497513257e-13,6.384078857973079761e-13,2.510008649978961575e-13,4.367018341038454049e-13,4.336107426056037332e-13,4.874765821093244396e-13,3.523060148995584855e-12,1.242590333346887756e-13,6.410705959292193934e-14,1.066991958170747510e-13,7.285676458787784349e-13,3.466993454342087448e-13,3.947113136645639885e-12,3.327037343566887546e-13,4.051232445198313980e-12,8.330021649007554341e-13,7.434895932690857231e-04,9.615101398316723901e-13,1.841139524922491901e-12,2.767325823935822950e-13,2.312293155659986811e-13,3.377319570255486027e-13,7.622789455247925986e-14,4.627800132709688636e-13,4.711961865859335880e-13,1.069908025765591506e-14,5.933071520848853018e-14,8.577132365419562625e-14
1.006821991686669134e-13,2.667086969925516713e-13,1.189303093495141695e-13,8.309854824521740302e-15,1.531186305524341823e-13,1.319358906504744688e-13,1.428020067813212753e-13,3.094545533570610802e-13,1.173265737020089308e-13,9.240285548170402759e-14,6.305574967108494406e-14,1.013892235517277065e-13,7.561824534752368919e-15,1.352318335126468126e-13,1.329140980768075296e-13,2.411226959597421493e-13,2.612480519258921547e-13,1.091995345969326119e-13,1.340957468067673663e-13,1.023076420291527682e-13,1.307839173330824383e-13,1.073573056041089423e-12,1.062176588706155184e-03,8.747308645912607609e-14,1.387561765727828795e-13,1.442731803073761638e-13,1.844131609316985032e-13,3.014071986245985948e-13,1.522625714573622136e-13,1.467115221567330092e-13,1.219086512520156686e-13,1.198733871474937405e-13,1.154845145296668101e-12,1.246903335507550139e-10,1.236734699161567640e-12,7.564190057144059594e-14,8.765011877055087723e-14,1.615991017073249409e-13,8.877590045920819362e-13,4.495550781155211090e-12,2.251984821644215316e-13,1.357985328343368797e-13,8.855656322317377089e-14,1.330461582028233039e-13,9.757280240434734564e-13,1.113546702265639973e-12,3.534374473344261257e-13,8.263002535696401419e-14,6.817286670292825755e-14,1.169245216136708604e-13,1.931991868389941970e-13,2.968250488741773267e-13,1.505210641822953893e-13,2.258919026662089461e-13,2.250311640571119330e-13,2.458348159291126964e-13,2.824844164985945878e-03,1.822289305751095895e-13,4.643559589138161552e-14,7.343584474229034807e-14,3.227183183523402926e-13,1.914680724110861309e-13,7.084482192151916111e-13,1.860153911647984725e-13,7.155591255908070197e-13,1.215325394274874492e-11,7.231418997853809221e-04,2.793185447214074370e-04,5.306651150568809121e-13,5.367830463524386472e-13,4.126209797696656545e-13,7.421493849045569198e-13,1.012079118747909391e-13,1.400990468567398001e-12,1.452131668503254757e-12,1.140359168680979214e-14,7.570670369770049912e-14,1.159823506125411983e-13
7.167376366156755483e-14,1.565437404298815997e-13,8.254933049777708125e-14,8.947026887925219621e-15,1.016837607207803224e-13,9.003220952996624362e-14,9.547951970524804103e-14,1.742444817584917470e-13,8.110486594863765535e-14,6.644040515680034396e-14,4.752072780022629322e-14,7.224644620205574377e-14,8.126882329930034751e-15,9.175867774071396953e-14,9.024716761800547797e-14,1.446916333576410496e-13,1.533275843487822853e-13,7.660061266180412806e-14,9.107799199655270024e-14,7.267072516240603514e-14,8.932212909045041902e-14,3.827125488839975937e-13,1.800654169098786874e-12,6.344811112187248724e-14,9.362390351441051070e-14,9.677463492499771072e-14,1.176336887445690458e-13,1.708520869126991574e-13,1.010152189435600354e-13,9.809223302939667789e-14,8.403713579602013267e-14,8.288367747899026742e-14,3.962312386032676177e-13,1.251540884800959991e-12,2.773678068255839805e-12,5.537678268556637139e-14,6.344165262142636275e-14,1.053782482459113083e-13,3.375530084872980101e-13,7.538650729793785903e-13,1.368028729161083048e-13,9.190929244141274669e-14,6.402967451257240892e-14,9.027575869255577020e-14,3.598767977678523576e-13,2.466968113738058004e-12,5.262908009457015281e-13,6.010935159629324883e-14,5.075384961344791954e-14,8.093459439289600617e-14,1.212905938992850178e-13,1.684374266116480953e-13,9.984437045089256226e-14,1.367528959245508505e-13,1.364786295869534366e-13,1.463177094074649377e-13,1.796899208902585959e-12,2.501111215852218020e-13,3.580552202139397018e-14,5.411678219783320040e-14,1.783982280690128519e-13,1.204507718712519368e-13,2.975425232962573504e-13,1.179222532278878129e-13,2.998139754866810680e-13,2.532014387036175210e-03,1.276701862519832814e-12,1.712837925225592795e-03,2.495064658643776011e-13,8.578862556765305371e-13,6.337900148467472190e-13,1.265064744854899612e-12,1.294427529265782085e-13,3.202704644034458981e-12,3.323342853615674598e-12,1.204094630500173315e-14,9.386567089706239725e-14,1.500956636427183678e-13
5.658623747775186387e-14,1.132198695567946506e-13,6.445751308330943903e-14,9.577602112938033242e-15,7.802467720429656139e-14,6.967665231543226449e-14,7.309946561648682114e-14,1.237635042418919105e-13,6.303487666681010353e-14,5.278606661666744733e-14,3.870796314856127764e-14,5.709855355130427209e-14,8.682686897784903479e-15,7.072489205545157334e-14,6.962419067178473361e-14,1.055557508831140333e-13,1.106515715560519358e-13,6.006246853063887064e-14,7.013586698808810965e-14,5.728455145490299386e-14,6.902235190695078749e-14,2.392885647430034886e-13,9.222375953286341533e-13,5.058771068324922740e-14,7.184734509618214627e-14,7.410350531260126831e-14,8.800440683615636588e-14,1.216578899063795754e-13,7.691118456212972122e-14,7.498828384579281141e-14,6.514899240067455532e-14,6.436022420939796546e-14,2.449966009398253276e-13,6.482619529788121068e-13,3.009933133614070230e-04,4.438321697908900525e-14,5.046844992198228745e-14,7.959061781153554531e-14,2.126487618207122533e-13,4.217114629723127218e-13,1.000856856028077136e-13,7.062076895613699877e-14,5.091612346074828160e-14,6.941174334498381759e-14,2.255681537537887958e-13,8.593308118850762588e-04,9.306779565622716472e-13,4.791100434077901604e-14,4.100976825254589012e-14,6.280671140220080032e-14,8.990427233857091042e-14,1.197976172325000008e-13,7.593743079845158407e-14,9.983973906744905584e-14,9.969579185557369917e-14,1.060828917335196032e-13,9.179877194443602710e-13,3.815923333379970555e-13,2.955181786632275983e-14,4.343552697556408657e-14,1.254354659419325820e-13,8.932258756576100646e-14,1.924015732581538920e-13,8.778510940602338927e-14,1.939143569818446332e-13,6.786468564967565280e-04,6.574426924984036514e-13,2.141697802428727885e-11,1.667786537553008752e-13,1.703642495033191213e-12,1.189645147969111564e-12,1.953732509609676886e-12,1.756011863140835735e-13,1.263981571124571206e-03,5.027787655939978690e-04,1.272538501632503230e-14,1.214949140175340496e-13,2.073874595827978626e-13
4.668910316642634329e-14,8.769439982878665747e-14,5.278743130671251222e-14,1.017800666946268603e-14,6.310590899230202404e-14,5.665510029300357083e-14,5.897289331224733050e-14,9.455342745939596908e-14,5.139142927288895919e-14,4.377714290926805294e-14,3.272249306359227140e-14,4.716565314483850614e-14,9.210611340608697449e-15,5.734540201428023559e-14,5.649581376920244288e-14,8.222471453527216302e-14,8.547544217855530143e-14,4.930780366486193394e-14,5.677589282333672067e-14,4.721069089954525661e-14,5.604169709572727139e-14,1.679453496314838153e-13,5.263650355823750858e-13,4.205539423368971430e-14,5.799344804381903820e-14,5.974515770877163661e-14,6.976019399689342842e-14,9.308847840999864812e-14,6.174054912856766007e-14,6.039030235212531074e-14,5.297990988049024461e-14,5.240929608570275888e-14,1.705260605190355475e-13,3.907188896753863988e-13,2.237935708620596035e-11,3.706610794028777990e-14,4.185839566521156808e-14,6.349149815932949140e-14,1.501276827526478612e-13,2.717429580660601930e-13,7.806306773246255772e-14,5.704709047058771611e-14,4.223007808638490019e-14,5.609694494832074692e-14,1.583853466198195616e-13,3.047839126311914157e-03,1.489867318701284251e-12,3.979021645525244789e-14,3.444110054536994361e-14,5.109066038738063088e-14,7.073878772260192266e-14,9.154424085049169282e-14,6.088503316544931018e-14,7.773955357056083136e-14,7.766169006029126871e-14,8.219236911863056649e-14,5.223222272192745025e-13,5.999624733097162103e-13,2.524794260477848168e-14,3.626762637957615556e-14,9.501904470376164875e-14,7.029360664989331621e-14,1.379964052112757845e-13,6.928467644701935357e-14,1.391463727027980633e-13,3.355634330045712458e-12,3.942838682003718286e-13,2.517938441697742063e-12,1.222181638625950823e-13,2.149406476387809756e-12,1.873337376073396770e-12,1.661602244290841210e-13,2.438043777255475293e-13,1.374450724914927543e-11,1.222662511634980599e-11,1.340479758188719121e-14,1.599038335662512650e-13,2.929904185348562862e-13
4.057989105495625668e-14,7.375159816321503488e-14,4.574216798658944379e-14,1.080655814470592583e-14,5.438059578330582668e-14,4.888204984521469798e-14,5.060354888759660298e-14,7.883190306637374206e-14,4.431101273109441047e-14,3.816537230580871095e-14,2.884060450491290746e-14,4.104529396847667735e-14,9.758920843345867810e-15,4.940477713111260886e-14,4.866563514098019061e-14,6.929290624712977021e-14,7.160487476066793665e-14,4.271806586437835267e-14,4.877601912430856132e-14,4.099640633351583056e-14,4.825859402226261556e-14,1.351901982222770517e-13,4.062493083524738153e-13,3.669785788011106993e-14,4.972333994642202503e-14,5.123667540659137166e-14,5.926944769338676243e-14,7.764361782473540546e-14,5.279645703876044725e-14,5.175272285664620443e-14,4.559035580535852733e-14,4.513991923125685205e-14,1.363615716116869997e-13,3.019857668863550013e-13,8.583793063436219285e-11,3.240707634419009178e-14,3.643552106470887075e-14,5.403053844231525828e-14,1.205128215573581734e-13,2.122414273426553926e-13,6.567316326077257981e-14,4.890526181158876221e-14,3.677191105488916327e-14,4.809098976255325733e-14,1.268567330126702451e-13,5.847607908517039735e-07,1.283661110077775939e-11,3.463297713537192690e-14,3.019894095582913603e-14,4.392156595964148425e-14,5.971773748357107275e-14,7.619305793776656753e-14,5.197342301740012648e-14,6.529700949535207778e-14,6.525809966300203461e-14,6.889236586152092112e-14,4.008584820006414674e-13,1.674684137541726430e-12,2.237509379982384557e-14,3.165435930809850011e-14,7.860454542068641599e-14,5.933445703704807333e-14,1.114748632020062426e-13,5.860067915710134170e-14,1.125266307664155931e-13,2.440896755306779615e-12,3.039174196832226082e-13,1.825053010795213378e-12,9.974370233458545952e-14,1.003991512077180440e-03,8.116220694760149096e-04,6.627827305393499315e-04,4.170050709933253707e-13,2.497124315297458746e-11,1.955637150919893086e-11,1.417421910209857705e-14,2.396614138436646525e-13,5.296501618459795945e-13
3.576993231584213012e-14,6.287659735905695135e-14,4.019169418128019952e-14,1.139727557644227094e-14,4.744275127904864106e-14,4.274631994619332565e-14,4.403891185453947760e-14,6.658495388600640257e-14,3.875181640683082873e-14,3.373286108635372026e-14,2.577869298794549249e-14,3.622297437824262635e-14,1.027409559856475066e-14,4.317077750240689295e-14,4.251978280027720526e-14,5.918351640201548713e-14,6.078791013735385733e-14,3.752168365536648710e-14,4.248625221002021542e-14,3.609877708602340559e-14,4.214407356023558804e-14,1.097085780433856182e-13,2.972218592459587973e-13,3.247022289653532958e-14,4.321690567881030268e-14,4.454605731347334983e-14,5.104485282790243920e-14,6.561291763853303038e-14,4.577685272292755141e-14,4.497064524275982716e-14,3.977677328088302789e-14,3.942233389700762681e-14,1.099347040296471128e-13,2.275188674000183971e-13,4.399592124419056124e-12,2.874267192251579512e-14,3.215399469740544045e-14,4.661066321021646519e-14,9.775398726916606358e-14,1.645226623713173861e-13,5.601763944121987532e-14,4.250133523032851615e-14,3.246872491902579650e-14,4.179980916712409442e-14,1.025719599949703104e-13,5.918955260937861079e-12,1.033201826733780694e-03,3.056725339364737101e-14,2.685560947800795607e-14,3.828075675521746907e-14,5.111823304746334697e-14,6.425458387611535133e-14,4.498108068206871111e-14,5.561448364746099255e-14,5.560151517747332859e-14,5.854386853050540577e-14,2.921380944726463850e-13,2.355018842054474074e-11,2.010915610730661851e-14,2.801887304638182585e-14,6.588238192835967214e-14,5.078336152661706608e-14,9.108391910597250351e-14,5.025532431642363393e-14,9.203583589293276575e-14,1.150766401149335447e-12,2.281118063907305207e-13,9.554881796578860962e-13,8.235979074153698997e-14,1.245706802025999460e-11,9.452858025155944782e-04,5.963959364444987983e-12,8.382090314205465942e-13,3.434593213025855483e-12,3.234877653299895994e-12,1.491456713537938709e-14,3.851514907994193745e-13,1.166888370520944978e-12
3.177436880737017821e-14,5.390939090680895507e-14,3.557002787055425038e-14,1.192249463984281488e-14,4.162116719684121943e-14,3.763328770709645171e-14,3.859757099682355017e-14,5.653608684686037204e-14,3.414596220305175534e-14,3.004245141850079296e-14,2.324068387396634422e-14,3.221157921937320154e-14,1.073430518974202193e-14,3.799607634701656926e-14,3.741954830855842366e-14,5.084613365749899329e-14,5.190193035516012811e-14,3.319971692753808382e-14,3.727015050268426951e-14,3.202870552899423525e-14,3.706988979604527086e-14,8.912652960343505497e-14,2.118562633830412858e-13,2.895677483546624962e-14,3.782356357876385080e-14,3.899650969703159051e-14,4.424536285999652216e-14,5.574308780086078327e-14,3.996395338781596351e-14,3.934940040576994157e-14,3.495752812729874957e-14,3.468162505979059645e-14,8.874915224632842054e-14,1.687977948276769800e-13,1.080104284091478152e-12,2.570787694446037625e-14,2.859900702643353756e-14,4.048020728555233952e-14,7.951437816732266214e-14,1.266323001516341127e-13,4.808528399223414119e-14,3.719600644977118593e-14,2.889687108989969666e-14,3.659128214036347995e-14,8.313399623192024190e-14,1.167473568986100200e-12,2.414913130475986993e-12,2.719710136740353362e-14,2.408629168290698404e-14,3.361074411298862320e-14,4.404635017615989758e-14,5.448651373354491181e-14,3.919911375975241895e-14,4.766974035794474888e-14,4.767695465535866521e-14,5.005686372379846620e-14,2.076922556632815452e-13,1.586354113811423066e-03,1.823729351018384515e-14,2.501016512910815723e-14,5.552496717060483541e-14,4.375497335907978793e-14,7.469983961904001332e-14,4.338616210852393727e-14,7.554336681964401122e-14,5.514807016691785714e-13,1.686120066449401425e-13,4.949990701666424001e-13,6.828394833228680154e-14,1.544319138740206608e-12,2.104288935400411138e-12,1.218688913395775725e-12,1.691515862757442276e-12,9.693721288184623580e-13,9.578667403835023114e-13,1.557493054838758797e-14,6.112670114445990968e-13,2.389380379015767476e-12
2.891393284914709338e-14,4.786079451468042654e-14,3.230018498022436475e-14,1.245915909798612770e-14,3.755894330620193991e-14,3.403115565291137614e-14,3.476424984680616572e-14,4.977522646180453025e-14,3.085507252748335327e-14,2.738124322344818615e-14,2.137852110380363242e-14,2.934748048529013444e-14,1.120239041230478268e-14,3.436385006905349397e-14,3.382481474281329475e-14,4.516944531800262038e-14,4.584858939544624984e-14,3.010369664128861638e-14,3.357853252880719626e-14,2.911212731842254688e-14,3.348377560853849313e-14,7.628700065447127426e-14,1.686595103741691827e-13,2.641443672201625978e-14,3.400936274461141224e-14,3.509446671003564773e-14,3.952819653658074501e-14,4.908618744330618612e-14,3.588108787094190212e-14,3.539851114399246211e-14,3.151676465621509560e-14,3.129499898885007676e-14,7.548032972466560859e-14,1.369596728585805204e-13,6.575871560082512176e-13,2.348626800722614190e-14,2.601544736519318968e-14,3.615864239881656877e-14,6.784469201311491238e-14,1.044943867462124821e-13,4.262308305244517004e-14,3.342936875491747267e-14,2.630658769378701610e-14,3.288653562631544501e-14,7.080668152420197289e-14,6.875606666424848934e-13,1.415833913547210931e-12,2.473149091618735528e-14,2.204767055422506592e-14,3.025314150439587661e-14,3.911293808247601157e-14,4.786378761105699978e-14,3.511791278547542026e-14,4.218654990191232581e-14,4.221199845936926536e-14,4.423903196866310655e-14,1.646176219719195768e-13,2.191313017521815234e-04,1.683508406412412603e-14,2.279445829058600408e-14,4.850857777748443012e-14,3.884882723906736084e-14,6.411965036572301750e-14,3.858946672545933170e-14,6.491896053990496158e-14,3.754580457520492878e-13,1.363669498808864056e-13,3.467461490838470963e-13,5.905722658772831924e-14,9.001679000236794484e-13,1.197811411209075733e-12,7.300800258441092085e-13,8.355227016382005571e-04,5.956078173453902458e-13,5.953295128247489376e-13,1.628309724748116434e-14,1.450558841569449487e-12,1.593915609249953007e-04
2.639684054623736295e-14,4.252734573863034604e-14,2.940969438381179408e-14,1.291485166601179468e-14,3.394063968034320192e-14,3.084550198440370678e-14,3.138483731936178736e-14,4.384705850880465333e-14,2.796220966346911809e-14,2.503729255507653111e-14,1.975296829382169493e-14,2.682608604375899356e-14,1.160392722048690281e-14,3.115460202304280677e-14,3.065261813959500458e-14,4.017009035698799994e-14,4.053961680049415787e-14,2.737533911731214164e-14,3.033220372143790671e-14,2.654774540951316392e-14,3.032620472413890424e-14,6.510352786627877808e-14,1.321050728374089030e-13,2.418154511685001248e-14,3.065598927066400940e-14,3.165753385796625347e-14,3.537804711110228756e-14,4.325267120526468471e-14,3.229119654771803487e-14,3.192170008463162444e-14,2.849677893136598145e-14,2.832168753523089580e-14,6.402498083175943982e-14,1.098367880168602796e-13,3.870582993546920863e-13,2.154129477408924761e-14,2.375054738954934332e-14,3.236660782656712226e-14,5.777804170461707360e-14,8.559166557341459973e-14,3.783932381280253863e-14,3.012100685752765993e-14,2.403593003857242530e-14,2.963674209509533312e-14,6.019415188146586508e-14,3.932719185033742590e-13,6.626558950820614653e-13,2.257561941137147720e-14,2.026863235179093527e-14,2.731306378440223497e-14,3.480042345653273243e-14,4.208146773156820011e-14,3.153765609726092318e-14,3.739463317295799115e-14,3.743474033800587293e-14,3.915019049497865694e-14,1.285163918758232819e-13,2.187971837497538114e-12,1.561885856467494533e-14,2.086055887001551937e-14,4.241519971661611201e-14,3.456276202629428764e-14,5.498501854319808481e-14,3.439314922297207775e-14,5.572581889551029417e-14,2.502924738849160569e-13,1.090416070246110492e-13,2.373126065871593181e-13,5.104531471626201603e-14,4.803774753040795250e-13,5.853785510497350576e-13,4.135617793893179229e-13,9.857832270855734942e-04,3.559808740787857176e-13,3.588750096525346743e-13,1.687704652256394449e-14,2.952087091207308930e-12,8.470718159087807098e-12
2.451996875085238646e-14,3.871013109937135828e-14,2.727654358657011860e-14,1.337611041167456894e-14,3.129333726369561168e-14,2.849502099176071893e-14,2.888718662682269601e-14,3.959115444956495624e-14,2.579905776515437336e-14,2.327650457748046448e-14,1.851955610461104408e-14,2.495102374144025080e-14,1.200916464380373862e-14,2.879641901891265189e-14,2.831265643584788061e-14,3.656120545024810619e-14,3.669278496549912701e-14,2.533452277267164709e-14,2.792062840774956419e-14,2.463069572172258117e-14,2.798884514762635905e-14,5.748300140823822668e-14,1.103207924377608906e-13,2.250061795880023835e-14,2.816413555561757806e-14,2.911894274216138195e-14,3.233863816626516799e-14,3.905527525555169059e-14,2.963803169046129412e-14,2.935401484350967274e-14,2.623510028968375573e-14,2.609535558495002378e-14,5.617499100918147589e-14,9.296945918032008187e-14,2.824930826228862660e-13,2.006066425404436096e-14,2.203455476730829990e-14,2.954897225441813679e-14,5.077737612143841358e-14,7.324377618155193300e-14,3.434682424463055424e-14,2.765397000389378507e-14,2.231979515009722593e-14,2.720737802181027201e-14,5.284980131220693894e-14,2.815437947092920180e-13,4.450678531341907859e-13,2.093072565271255740e-14,1.890864611953943383e-14,2.509449371034684378e-14,3.161360512789351721e-14,3.789636120621115642e-14,2.887585255410694513e-14,3.388247170388162145e-14,3.393679523953672529e-14,3.544435143280302387e-14,1.068620913347319781e-13,1.166016666880669366e-12,1.467736979080645777e-14,1.937580477089652281e-14,3.799802107498852317e-14,3.139392526088316704e-14,4.858484191723428412e-14,3.129245565383134878e-14,4.930088433575780004e-14,1.909752712961176180e-13,9.202173778284653347e-14,1.839607223223040438e-13,4.538038006820565779e-14,3.348032686328499560e-13,3.967605497124569256e-13,2.948127499019734480e-13,1.208527372094987565e-04,2.597088499255142171e-13,2.638062860037075589e-13,1.750108527052458918e-14,6.320562162308435410e-04,4.483180824235507762e-12
2.292365472935562844e-14,3.548898182454145876e-14,2.546241075654434844e-14,1.378397668651165175e-14,2.903692286885264478e-14,2.649482498057395780e-14,2.676185979371872719e-14,3.600622155462453266e-14,2.395592405841835107e-14,2.177513868859387053e-14,1.747301411708402335e-14,2.335915660938627858e-14,1.237077051347890535e-14,2.679136955438297411e-14,2.632255971198218969e-14,3.350940505704660933e-14,3.344276952256174117e-14,2.359458488277118475e-14,2.587106416335719520e-14,2.300088277983228051e-14,2.600356585396467270e-14,5.116560258106680906e-14,9.310392330898021529e-14,2.106972939740954193e-14,2.604478285222450319e-14,2.696140372413283516e-14,2.976123054929135533e-14,3.551878926149397948e-14,2.738561474951912896e-14,2.717414306714497953e-14,2.431056302332648346e-14,2.420099605789591324e-14,4.969191104311548062e-14,7.946713746555995065e-14,2.117635214342129119e-13,1.879742805777088596e-14,2.057172539607730981e-14,2.715324798181683065e-14,4.497602071742404548e-14,6.323238224677917972e-14,3.139402476065544285e-14,2.555525483068492492e-14,2.085885995600857435e-14,2.514122616812961000e-14,4.677936506079038933e-14,2.077788751461103743e-13,3.078350498548548431e-13,1.952803781256693257e-14,1.775107569926025564e-14,2.320463987952598526e-14,2.891419343203137121e-14,3.437163279403390715e-14,2.661460947565305740e-14,3.091364594778798913e-14,3.098045905529822521e-14,3.231508763388410883e-14,8.982499994883978126e-14,6.506297218141783611e-13,1.387698141089067984e-14,1.810901889839152638e-14,3.428677288423759540e-14,2.871011396245476780e-14,4.326917161232542694e-14,2.866506760556401644e-14,4.396116308590318662e-14,1.488856967353900724e-13,7.843492816914391654e-14,1.453536392905399342e-13,4.064755073359735705e-14,2.405288980029296855e-13,2.776542411457999189e-13,2.162932968259815365e-13,3.645221737990414589e-12,1.947525692604385165e-13,1.990554925591008280e-13,1.805086002077208895e-14,6.065044060730070399e-04,1.593345337026445971e-12
2.170437866344227554e-14,3.309414013256064108e-14,2.409082698244519190e-14,1.419732994755803522e-14,2.733745102579514411e-14,2.497719518077523072e-14,2.513961578687911680e-14,3.331344433957596560e-14,2.253430962274268320e-14,2.061974129882395100e-14,1.666608219310719692e-14,2.215132182184104128e-14,1.273638637353524241e-14,2.527551242017131923e-14,2.481162677162084353e-14,3.121606395745759629e-14,3.097911368335116271e-14,2.225653637899777433e-14,2.430138502254660822e-14,2.175313261309103278e-14,2.449268830271453065e-14,4.657728864322948081e-14,8.154157874916560627e-14,1.996776937453558887e-14,2.441613542558794042e-14,2.531530635279420905e-14,2.780228444713773122e-14,3.285698531822692302e-14,2.566579080601697023e-14,2.551371687945129018e-14,2.282414165099392199e-14,2.273923757056715582e-14,4.493886715322916681e-14,7.016072313219971193e-14,1.724713220598853954e-13,1.781185183720303664e-14,1.943392774248288156e-14,2.530347858258980371e-14,4.066580961960208484e-14,5.607675987801441395e-14,2.914574338906601900e-14,2.393646660784917433e-14,1.972783075223812697e-14,2.354485155532501828e-14,4.229155830589774103e-14,1.668569190234603330e-13,2.391722312713604402e-13,1.842938331307427526e-14,1.684736745426455477e-14,2.173100215210819321e-14,2.683743027900087717e-14,3.169763382027028899e-14,2.487359623854493187e-14,2.864376350189820050e-14,2.872247646309642609e-14,2.993468988513928337e-14,7.829704908873665294e-14,4.619739474488471149e-13,1.324699289921672008e-14,1.711191704023404353e-14,3.145764967856218381e-14,2.664325019805465872e-14,3.930990047744366542e-14,2.664524075911399927e-14,3.999601865515953734e-14,1.234078046607763422e-13,6.904199919842383843e-14,1.217743403462241561e-13,3.710073588848125284e-14,1.900919352183385606e-13,2.164846974122334996e-13,1.730446411667152424e-13,1.919156939909389638e-12,1.580017493050884489e-13,1.625228957935329946e-13,1.862455062738092812e-14,4.571416794681977904e-04,1.004539941353573196e-12
2.076955567079632885e-14,3.129028330999428184e-14,2.305112002345063906e-14,1.461815822586805110e-14,2.604934670267178447e-14,2.381854440525706048e-14,2.388922831684740868e-14,3.125115691278932473e-14,2.142687027585202281e-14,1.972630980741386319e-14,1.604444587216451735e-14,2.123324908146698173e-14,1.310771924502380158e-14,2.412295763184317178e-14,2.365700350850939545e-14,2.946824653609119085e-14,2.907708660079292664e-14,2.121989369991793351e-14,2.308678969277322616e-14,2.079305758927114846e-14,2.333378218481832207e-14,4.314650720379667590e-14,7.332935020770521332e-14,1.911580298042991636e-14,2.315018270185127641e-14,2.404740112976493368e-14,2.629395287439622470e-14,3.081354470673148826e-14,2.433717347598420374e-14,2.423612090520564313e-14,2.166287620117628527e-14,2.159900464641290281e-14,4.133725993450653824e-14,6.342135209821159771e-14,1.477240013453757302e-13,1.703800391494663479e-14,1.854241795860103016e-14,2.385233541946857893e-14,3.735932218574310639e-14,5.073412434657304242e-14,2.740347665638479951e-14,2.267224792872281244e-14,1.884651926903995643e-14,2.229513032312537520e-14,3.886303538202649271e-14,1.408871555515053382e-13,1.980397785081958671e-13,1.756092006325878260e-14,1.613836831245865214e-14,2.056608827528345585e-14,2.520922060791652421e-14,2.962427285886486855e-14,2.351395190562786373e-14,2.687369952159110692e-14,2.696503562790952811e-14,2.808869104649182579e-14,7.003140410830222662e-14,3.641945718766642566e-13,1.275030184451067371e-14,1.631991662692769379e-14,2.924729200706497204e-14,2.502170645290785246e-14,3.627075284629116240e-14,2.506501948360072216e-14,3.696360208171465167e-14,1.063714536713871368e-13,6.220967166807873705e-14,1.059700548659725809e-13,3.436998428337407094e-14,1.587021463443348065e-13,1.792917572070271079e-13,1.456953240992970487e-13,1.338838688992549700e-12,1.344421258239865923e-13,1.392392916444831563e-13,1.922311135720653688e-14,3.047609685925321376e-04,7.503068850765793955e-13
2.005678083004809442e-14,2.992925227671853480e-14,2.226947703509994519e-14,1.504851563617165667e-14,2.507720158112921438e-14,2.293702004744005773e-14,2.292398749284127981e-14,2.965492157959119887e-14,2.056175993430694691e-14,1.903791618575272065e-14,1.557039642108143817e-14,2.054189445927295717e-14,1.348650301896424732e-14,2.325068481322277773e-14,2.277727110801229696e-14,2.812957315472641780e-14,2.759271309250510796e-14,2.041712062924507808e-14,2.214484269246202053e-14,2.005727621115504529e-14,2.244624922737981110e-14,4.053584526179451680e-14,6.728146827959507988e-14,1.846001372332006478e-14,2.216187382521677882e-14,2.306941243218440303e-14,2.512679517158367659e-14,2.922730007693943331e-14,2.330716673154037499e-14,2.325170279008111367e-14,2.075163581552021557e-14,2.070636889762219796e-14,3.854497606937085596e-14,5.837752218101591484e-14,1.309372264012450270e-13,1.643064332528994039e-14,1.784337511865657712e-14,2.270287826191398141e-14,3.476258442884360419e-14,4.661643334173278924e-14,2.603960637281383705e-14,2.167934958431144277e-14,1.816054416573510546e-14,2.131056643720519059e-14,3.618147654043647931e-14,1.230045173475101867e-13,1.707559526915775113e-13,1.687228948224242821e-14,1.558328602040097481e-14,1.963805058661220645e-14,2.391725252295316373e-14,2.799357871993280347e-14,2.244443219404207490e-14,2.547621236631364139e-14,2.558116799918823794e-14,2.664029194293180638e-14,6.386681746265714738e-14,3.046367303123303262e-13,1.236066909587775992e-14,1.568881561753228137e-14,2.748971294504109513e-14,2.373414282824302752e-14,3.388750476830984427e-14,2.381534632725379514e-14,3.459674672691459082e-14,9.422501645243904976e-14,5.706389542286311804e-14,9.473135704506568535e-14,3.222698676966861854e-14,1.373237249628651179e-13,1.543432476245365884e-13,1.268885332735025266e-13,1.048912300721851940e-12,1.181382768114552163e-13,1.232702816801364425e-13,1.984764657343462268e-14,1.493012640897273941e-04,6.089970820391861042e-13
1.951522696191486474e-14,2.889720625295350620e-14,2.168596932438320796e-14,1.548591951327751185e-14,2.434470216579649881e-14,2.226682064297581751e-14,2.217504900577715171e-14,2.840074660597837496e-14,1.988158032772675280e-14,1.850801271960529765e-14,1.521250945128017616e-14,2.002582879485209338e-14,1.387080251692428422e-14,2.259186550281231126e-14,2.210713396777617274e-14,2.709493220902086098e-14,2.641623015900072118e-14,1.979378991671562115e-14,2.141010803938459372e-14,1.949435672451393675e-14,2.176576299051870361e-14,3.850495148207452587e-14,6.264968776312680107e-14,1.795638655839178449e-14,2.138381255502592375e-14,2.231109539677539541e-14,2.421534470712068008e-14,2.797678366296299896e-14,2.250287142411921323e-14,2.248949033878162096e-14,2.003079076888764192e-14,2.000252049442450839e-14,3.632109449636330574e-14,5.446295006416005286e-14,1.187422923919736729e-13,1.595271041823731748e-14,1.729308728971597145e-14,2.177977155678376342e-14,3.266670017544247805e-14,4.333076009964910406e-14,2.495641557904924607e-14,2.089196561766215327e-14,1.762573958057185158e-14,2.052694689524014519e-14,3.402631632287124085e-14,1.097668380685687714e-13,1.510025779393494864e-13,1.632282290739873897e-14,1.514864703586453346e-14,1.889015099020165347e-14,2.287571562778956371e-14,2.668708860182203972e-14,2.159363537403010066e-14,2.435473570058924222e-14,2.447406512659664009e-14,2.548560870641321100e-14,5.907393585826127718e-14,2.634768900894988280e-13,1.205621779049279402e-14,1.518286731509021751e-14,2.606189876097500403e-14,2.269521578850979638e-14,3.197081853107520260e-14,2.281228549993189427e-14,3.270360205965681433e-14,8.503114387752490231e-14,5.303939883230612737e-14,8.627237864891900864e-14,3.050549359401350929e-14,1.215818844280832962e-13,1.361393599377493856e-13,1.129651205549398850e-13,8.622751733379323019e-13,1.060489396533136323e-13,1.115511672181090972e-13,2.049117964832682944e-14,1.142513412697109353e-10,5.142719103199641650e-13
1.893452435318756197e-14,2.774351583726305812e-14,2.104318333271890445e-14,1.580686340414750328e-14,2.352762444466357556e-14,2.153585437804681262e-14,2.137236545847213564e-14,2.705038152861566398e-14,1.916741629674641897e-14,1.794687142398971789e-14,1.484098410730875139e-14,1.946517946755821970e-14,1.416163170325978095e-14,2.186686353529125046e-14,2.137862274702019131e-14,2.596531025916677102e-14,2.516551297157475572e-14,1.913378031791780225e-14,2.063108433774012174e-14,1.889527883183901133e-14,2.103322839427769046e-14,3.625833713376127887e-14,5.737078098616980814e-14,1.742649389757626410e-14,2.056417652320710636e-14,2.149939997032319538e-14,2.323886653486581823e-14,2.663638144864906671e-14,2.164704368119590381e-14,2.167294038912652886e-14,1.927898548581976822e-14,1.926684157833845089e-14,3.395029798288417314e-14,5.010511635880208259e-14,1.039756770427807390e-13,1.546150503396480857e-14,1.672514634807524239e-14,2.082062100119511964e-14,3.048075342115369952e-14,3.985498953835450840e-14,2.381260035852903984e-14,2.006914812281280531e-14,1.706996435395573216e-14,1.971176610642137149e-14,3.176505715224942269e-14,9.490384581020431345e-14,1.274573318596396021e-13,1.576364997299224219e-14,1.470601189157893800e-14,1.812401144529647500e-14,2.179603913003886642e-14,2.531466975135109317e-14,2.070479157636952470e-14,2.318341642806813703e-14,2.331483583180389058e-14,2.426898595219288332e-14,5.380000396900203991e-14,2.090818773699169095e-13,1.175383782425845468e-14,1.467268444080570309e-14,2.458853626468568948e-14,2.162039362743357081e-14,2.996170169573901417e-14,2.176903161492989546e-14,3.070146956370348578e-14,7.495564445853999685e-14,4.863597788892847278e-14,7.669467174756664728e-14,2.869551275259210409e-14,1.038566897043107508e-13,1.152668456501915566e-13,9.731589665258735739e-14,5.354368654636889729e-13,9.232953331012744827e-14,9.771756262953809762e-14,2.093373258974898189e-14,2.032709717748829305e-12,3.643133948483914763e-13
1.849937525092937333e-14,2.687514188602018762e-14,2.056972877403741939e-14,1.613489119917416316e-14,2.291773222090058861e-14,2.098616640293509568e-14,2.075521226460861875e-14,2.599596206952578032e-14,1.861091619827865639e-14,1.752063971428704636e-14,1.456675775342616143e-14,1.905346574673195194e-14,1.445821979752519278e-14,2.132517613262827455e-14,2.082967237306000276e-14,2.509853805957387917e-14,2.417998826813736194e-14,1.862689568062169398e-14,2.002914972316528793e-14,1.844314365815313176e-14,2.047781195699579145e-14,3.452146023901748620e-14,5.337457134363997266e-14,1.702551112675721037e-14,1.992420580350501505e-14,2.087589196054788257e-14,2.248216487587977079e-14,2.558611706161579840e-14,2.098453203222424287e-14,2.104670163531255370e-14,1.868930278299605239e-14,1.869193367602531420e-14,3.207275536660549700e-14,4.675616344196595876e-14,9.353605104091689859e-14,1.507962554793380612e-14,1.628303582309542115e-14,2.005466781249676777e-14,2.872394507115683707e-14,3.710153393419400828e-14,2.290962337659719671e-14,1.942158758826643137e-14,1.664213008681365087e-14,1.906774393146875347e-14,2.995651352225388514e-14,8.421407617118922817e-14,1.112326459579876283e-13,1.532174107901964169e-14,1.436449537568730044e-14,1.751047182404797938e-14,2.093007075894527284e-14,2.422060146799801351e-14,2.000265307579581192e-14,2.224841583474079795e-14,2.239247108447360789e-14,2.330453328482038530e-14,4.974734721682355116e-14,1.751937730415674461e-13,1.152225466876613060e-14,1.426762146936892334e-14,2.339592439890278455e-14,2.075730991887586341e-14,2.835329416788782701e-14,2.093622579713064287e-14,2.910804163239859397e-14,6.747602872305002841e-14,4.522594390753638731e-14,6.962043122765956696e-14,2.724813369589940221e-14,9.126933569594119242e-14,1.006776655568538244e-13,8.609117979057083834e-14,3.940219757806621038e-13,8.242441675731896841e-14,8.782977781204563969e-14,2.139028643890250178e-14,1.066624060002510778e-12,2.857170256511834146e-13
1.818089140081891496e-14,2.622788796274572885e-14,2.023097469842154356e-14,1.646810573644215692e-14,2.247079528159948163e-14,2.058019915606657029e-14,2.028511495588683219e-14,2.517000404895578091e-14,1.818032863318284903e-14,1.720293425797307287e-14,1.437186588897667358e-14,1.876094584964829312e-14,1.475913488934219214e-14,2.092871006209118903e-14,2.042326106572889040e-14,2.443627110947444704e-14,2.340016232833232987e-14,1.824254129354235916e-14,1.956787571601617310e-14,1.810879037346219030e-14,2.006312915560313231e-14,3.316530226159465622e-14,5.027412816705636539e-14,1.672849216655074059e-14,1.942672779288504383e-14,2.040136400142305530e-14,2.189803001621852718e-14,2.476003911453256843e-14,2.047488377478706951e-14,2.057111366432014235e-14,1.822886609444606645e-14,1.824527697437505521e-14,3.056275403546826621e-14,4.412407532061079031e-14,8.580464764972760209e-14,1.478649689522904708e-14,1.594247673638765925e-14,1.944105998496014794e-14,2.728871152248702734e-14,3.487126379119274060e-14,2.219452472362606929e-14,1.891311791906713602e-14,1.631751943897769173e-14,1.855971998081760243e-14,2.848645652698492871e-14,7.613614878874940802e-14,9.933199521044864427e-14,1.497471636250066497e-14,1.410541089247505465e-14,1.701869054330886006e-14,2.023158346392680587e-14,2.334153190995124378e-14,1.944819437513513443e-14,2.149771930645582339e-14,2.165486425133966354e-14,2.253621843563103931e-14,4.654824050866170452e-14,1.519138661271289401e-13,1.134919146341821700e-14,1.394802945570129307e-14,2.241925876980660916e-14,2.006016056318477786e-14,2.704695594217090532e-14,2.026857366738886848e-14,2.782275382984113568e-14,6.169562392121100615e-14,4.252121606218625882e-14,6.419298316568835756e-14,2.607598342148898593e-14,8.183150483532337115e-14,8.985966210368596449e-14,7.762085256288777308e-14,3.141683358820374611e-13,7.492832959116764839e-14,8.043275449215846747e-14,2.185723435390708487e-14,7.323359674984821783e-13,2.368728988620305438e-13
1.795966763207839432e-14,2.576014615013963726e-14,2.000384909330636494e-14,1.680676221742245593e-14,2.215792567701137670e-14,2.029311934451151880e-14,1.993656730590809895e-14,2.452887452253771319e-14,1.785440108077617975e-14,1.697602614153945868e-14,1.424397807566716050e-14,1.856764618403473420e-14,1.506465839217544174e-14,2.065228521028775382e-14,2.013480161947886135e-14,2.394057941199875099e-14,2.278738949423618127e-14,1.796022826358394013e-14,1.922303391068573823e-14,1.787262264037531953e-14,1.976498002236315467e-14,3.210913449521579483e-14,4.784194690800113303e-14,1.651855827112796802e-14,1.904706352358382988e-14,2.004987913369539216e-14,2.145545980945571063e-14,2.411542687455271236e-14,2.009131875528733418e-14,2.021988906964955392e-14,1.787568049966080254e-14,1.790511544049164827e-14,2.934088780766924477e-14,4.203343368912594573e-14,7.992737771634212647e-14,1.456812082141083868e-14,1.568702707336516797e-14,1.895269961897586978e-14,2.610612473851960688e-14,3.304067987762518900e-14,2.163263225064931716e-14,1.851969366119948620e-14,1.607939318047677942e-14,1.816423757532797991e-14,2.728210616182616664e-14,6.983848377327544723e-14,9.026286349518319377e-14,1.470733825563163303e-14,1.391593320730267385e-14,1.662794204226535509e-14,1.967004151174325023e-14,2.263621483571594116e-14,1.901550836303255637e-14,2.089717057112316222e-14,2.106779336236467535e-14,2.192740423477679548e-14,4.398410121370168002e-14,1.349796437796964027e-13,1.122609072993380671e-14,1.370044560778978332e-14,2.161611982805831663e-14,1.949863094792992259e-14,2.597943856421222085e-14,1.973612589077280743e-14,2.678136545604219411e-14,5.711283998097836952e-14,4.034814060691871405e-14,5.993450975295732650e-14,2.512286563829520801e-14,7.450896020290091971e-14,8.153538252191826079e-14,7.102171768059099241e-14,2.628763450660248629e-13,6.908839591720607930e-14,7.474966438526827569e-14,2.233488224355756956e-14,5.625784397483658821e-13,2.035859315683419711e-13
1.782089066118837225e-14,2.544143905164013774e-14,1.987084848618524390e-14,1.715143938199604312e-14,2.195745718592253630e-14,2.010617685009749792e-14,1.969040019974202335e-14,2.404087116462609994e-14,1.761706113980932339e-14,1.682637450897699304e-14,1.417351223810296290e-14,1.845836804318908200e-14,1.537532394141400400e-14,2.047691578091795781e-14,1.994572594522034298e-14,2.358362621950439901e-14,2.231343948388414999e-14,1.776442183549722348e-14,1.897650744450877163e-14,1.771979850235066113e-14,1.956516450415130969e-14,3.129605602090290169e-14,4.592675930494595531e-14,1.638283930454418464e-14,1.876680546534719837e-14,1.980207766821562319e-14,2.113153839762951214e-14,2.362120335031507491e-14,1.981390277319764676e-14,1.997343809818035520e-14,1.761331118408919029e-14,1.765515514472512103e-14,2.835131711246161037e-14,4.036608625196774592e-14,7.539175219108385348e-14,1.441375307798013566e-14,1.550420922180739362e-14,1.856943915688039907e-14,2.512677698997003964e-14,3.152407824884695395e-14,2.119849593356222918e-14,1.822336313848308417e-14,1.591503515810886774e-14,1.786380239235886219e-14,2.629199132742630702e-14,6.481609040235975945e-14,8.315423477280341978e-14,1.450803904450148561e-14,1.378622581757708467e-14,1.632271104910019009e-14,1.922285911338123799e-14,2.207466437705778592e-14,1.868534857294576130e-14,2.042163243857974039e-14,2.060620557755495247e-14,2.145125711397620798e-14,4.190952466263581958e-14,1.221510030995067550e-13,1.114625980975365909e-14,1.351457418114392785e-14,2.095579520710059965e-14,1.905045763176973644e-14,2.510573634038814546e-14,1.931687074309852427e-14,2.593819517292125546e-14,5.341163668079676066e-14,3.858927233728271297e-14,5.654209563002590726e-14,2.434842678521680748e-14,6.867802582025109385e-14,7.495168045608569966e-14,6.575468199247161661e-14,2.271638089475284592e-13,6.444149371965799129e-14,7.030882575766114951e-14,2.282384902799280385e-14,4.598679450496089491e-13,1.794787339002162362e-13
1.775244023795792562e-14,2.524723041642846358e-14,1.981761232344020206e-14,1.750228023183657157e-14,2.185185115391353192e-14,2.000413957242093302e-14,1.953117247448661658e-14,2.368097336841442715e-14,1.745536623488723171e-14,1.674288243841219809e-14,1.415250604552435349e-14,1.842051155304917749e-14,1.569130614878352015e-14,2.038715137510501762e-14,1.984095957078804970e-14,2.334313292276374164e-14,2.195603494808820923e-14,1.764248448264357570e-14,1.881355179792878758e-14,1.763806001063791878e-14,1.944881146220781767e-14,3.068245257360710768e-14,4.441952781441423508e-14,1.631068824268050943e-14,1.857105853950102846e-14,1.964222215060571059e-14,2.090783144283599451e-14,2.325287320942455489e-14,1.962648880720101439e-14,1.981579631573089672e-14,1.742837607960047994e-14,1.748212412174952410e-14,2.755155488520904823e-14,3.903543095349310209e-14,7.185432636913862077e-14,1.431460501905407236e-14,1.538376943447321171e-14,1.827529398673572717e-14,2.431360376066314232e-14,3.025856676921070318e-14,2.087193624382082135e-14,1.800964707091391037e-14,1.581395402646921694e-14,1.764428625834370378e-14,2.547692515351495800e-14,6.073490988647912593e-14,7.745866260375541951e-14,1.436733846721460230e-14,1.370811950409980486e-14,1.609048966378499342e-14,1.887222927464238680e-14,2.163339184185216962e-14,1.844224203973577746e-14,2.005133647528524932e-14,2.025024086415422960e-14,2.108661636088563061e-14,4.021945672519778673e-14,1.121307977709024420e-13,1.110412139877911549e-14,1.338199123350758967e-14,2.041430964063248842e-14,1.869793320219201560e-14,2.439133439624671053e-14,1.899323941633105553e-14,2.525818688888195148e-14,5.037547878487661713e-14,3.715903541671338111e-14,5.380843649833845757e-14,2.372169673071402747e-14,6.393785089309434521e-14,6.962803423542190839e-14,6.146925240613199671e-14,2.008864910098662363e-13,6.068161490610666326e-14,6.679434879165921410e-14,2.332432139926423266e-14,3.910476262603949277e-13,1.612338863665552942e-13
1.774460109025647313e-14,2.515842203917340346e-14,1.983267396532898315e-14,1.785953337512717888e-14,2.182722391933713103e-14,1.997489883676268902e-14,1.944666222134835255e-14,2.342993287219063711e-14,1.735904205741952887e-14,1.671664828327472678e-14,1.417449090903091784e-14,1.844398780799830782e-14,1.601285788263145935e-14,2.037070705626567267e-14,1.980851156688497861e-14,2.320176373837172116e-14,2.169799655338381036e-14,1.758434118020620535e-14,1.872253079349908563e-14,1.761762247035882330e-14,1.940412421285692473e-14,3.023558139329748383e-14,4.324223888834450889e-14,1.629356609633104987e-14,1.844810605580814760e-14,1.955790108095498866e-14,2.076992832635222015e-14,2.299159175397278933e-14,1.951638359336151101e-14,1.973438584642765201e-14,1.731033498044445418e-14,1.737554714107389944e-14,2.690996925090200235e-14,3.797898781634895163e-14,6.908633814874463546e-14,1.426361152712134438e-14,1.531752651892268271e-14,1.805779607782736979e-14,2.363873371779678876e-14,2.919793229860827375e-14,2.063733555212322485e-14,1.786716860406803799e-14,1.576776457904290388e-14,1.749459938523758049e-14,2.480765612495379049e-14,5.737086759128685556e-14,7.281783307684357625e-14,1.427768594501848087e-14,1.367503771090961053e-14,1.592145676070004736e-14,1.860434790116170245e-14,2.129441220681367330e-14,1.827408447625259881e-14,1.977100619011220528e-14,1.998458027151248396e-14,2.081715768243012117e-14,3.883892472130723044e-14,1.041200561348142887e-13,1.109512291855855449e-14,1.329595969019109767e-14,1.997342533270505066e-14,1.842738437738072707e-14,2.381033003263537021e-14,1.875163483460781197e-14,2.471501494689826592e-14,4.785556953461133218e-14,3.599562954564357325e-14,5.159049122868792794e-14,2.321927942898022354e-14,6.002063348871398376e-14,6.524798121327224734e-14,5.792951116802843807e-14,1.807584639800983930e-13,5.760178625860374680e-14,6.399431145931720349e-14,2.383661851253766521e-14,3.417433784111099267e-13,1.469663286978269460e-13
1.778938931135561986e-14,2.515964511854958555e-14,1.990663616329242801e-14,1.822343228238729896e-14,2.187227989738086398e-14,2.000856640753942834e-14,1.942693040606503661e-14,2.327245287183412686e-14,1.731972039526568171e-14,1.674034681672868586e-14,1.423409202367786967e-14,1.852049804741359947e-14,1.634021418440511817e-14,2.041754957338304015e-14,1.983858886234590725e-14,2.314558528580131538e-14,2.152566185426126338e-14,1.758174499637459160e-14,1.869397805634114998e-14,1.765044740045556477e-14,1.942146949044354781e-14,2.992998447174110087e-14,4.233694992215763497e-14,1.632443308765080568e-14,1.838844937079282825e-14,1.953902265815997922e-14,2.070620362931476192e-14,2.282239266900586879e-14,1.947329673790864860e-14,1.971898045789525670e-14,1.725062526569674335e-14,1.732690181396923377e-14,2.640224298419296917e-14,3.714999126116812293e-14,6.692730726620133712e-14,1.425495190528845792e-14,1.529876557251819696e-14,1.790695722231560169e-14,2.308071950823881376e-14,2.830728524061387044e-14,2.048223308666670785e-14,1.778672244241550076e-14,1.576957112847626011e-14,1.740577443648321589e-14,2.426168729403960494e-14,5.456700751202349017e-14,6.898692313210696056e-14,1.423289863113169044e-14,1.368154012689911738e-14,1.580768270041453855e-14,1.840822696779876519e-14,2.104353907687857653e-14,1.817111995520917212e-14,1.956850687652129016e-14,1.979703960482638158e-14,2.062990765186497961e-14,3.771244839715424303e-14,9.759911763571219056e-14,1.111546280041061518e-14,1.325095207356197294e-14,1.961886438285292676e-14,1.822793137000644983e-14,2.334269376289351575e-14,1.858120324018479469e-14,2.428829126786980089e-14,4.574545296599147324e-14,3.505290950910069971e-14,4.978571326268908204e-14,2.282297621128503848e-14,5.674040840879483554e-14,6.159377824560075533e-14,5.497056299230700108e-14,1.648629801449400874e-13,5.505646343708248969e-14,6.175973946485706047e-14,2.436106631671667920e-14,3.047091207313329554e-13,1.355237987793108137e-13
1.788016499983756774e-14,2.523834599993495637e-14,2.003171290834050183e-14,1.859419859566484423e-14,2.197770844985166161e-14,2.009696254252603854e-14,1.946377496584260859e-14,2.319615825807882605e-14,1.733048348708569548e-14,1.680787338577096017e-14,1.432679849582675491e-14,1.864314543109960274e-14,1.667359585383697621e-14,2.051938118273608352e-14,1.992308876299326437e-14,2.316321547594856911e-14,2.142797549677353837e-14,1.762785205014793026e-14,1.872007771544269365e-14,1.772984904386895818e-14,1.949287533225356635e-14,2.974545998625078193e-14,4.165958136644223785e-14,1.639741510309288992e-14,1.838426836862612571e-14,1.957726029568911623e-14,2.070712783054195581e-14,2.273317693502391009e-14,1.948875718885710354e-14,1.976114389272860357e-14,1.724218458985550319e-14,1.732914991737705838e-14,2.600934118052421040e-14,3.651266244821572198e-14,6.526108031901517240e-14,1.428376560183315554e-14,1.532189860711899340e-14,1.781464754325718274e-14,2.262278984586861886e-14,2.755980731028683903e-14,2.039651743744047061e-14,1.776074357739869024e-14,1.581362741201684540e-14,1.737044629604052839e-14,2.382142560882977872e-14,5.221015572510959992e-14,6.579302779677519392e-14,1.422784127316497172e-14,1.372306929514112493e-14,1.574266744158022442e-14,1.827497969450455853e-14,2.086939117448061425e-14,1.812535883914477712e-14,1.943403940295763266e-14,1.967776498648684068e-14,2.051437939207296354e-14,3.679808356492018496e-14,9.221543247518592823e-14,1.116193008748370835e-14,1.324236995952870123e-14,1.933927830538119580e-14,1.809077918772788676e-14,2.297267815319086775e-14,1.847313949198078274e-14,2.396194824548180934e-14,4.396699258684344692e-14,3.429570263486540559e-14,4.831866741518472318e-14,2.251839770970336429e-14,5.396402829926864557e-14,5.851071489509371633e-14,5.247371373345251106e-14,1.520063726358852988e-13,5.294036404010183595e-14,5.998276527142693214e-14,2.489799984576765269e-14,2.758945657681705640e-13,1.261618407643085363e-13
1.801135534707623627e-14,2.538415071124043682e-14,2.020140171399724670e-14,1.897204469446177487e-14,2.213575859190009697e-14,2.023325298135609353e-14,1.955034499446319077e-14,2.319087909750229877e-14,1.738553979025312863e-14,1.691408928019255426e-14,1.444879603706645974e-14,1.880615540192297973e-14,1.701321229446135137e-14,2.066927372037515703e-14,2.005523920461961108e-14,2.324523053192220865e-14,2.139585086357364858e-14,1.771691870523418854e-14,1.879429669782776809e-14,1.785021325507947420e-14,1.961167493903088372e-14,2.966568347216128704e-14,4.117586362912947250e-14,1.650756423609872980e-14,1.842903879633560818e-14,1.966566088948982471e-14,2.076478295095166603e-14,2.271400776650610476e-14,1.955570139985365524e-14,1.985383330290572143e-14,1.727911067961699771e-14,1.737640357713974640e-14,2.571611330969651957e-14,3.603907676539506318e-14,6.400125073857903183e-14,1.434594746657915438e-14,1.538222076055269880e-14,1.777415226331459463e-14,2.225163847982327139e-14,2.693455616882378659e-14,2.037185756893898614e-14,1.778292909611884910e-14,1.589509276296568194e-14,1.738248128235303222e-14,2.347290215099327338e-14,5.021668962808718663e-14,6.311061437103859238e-14,1.425819507228046961e-14,1.379576745495785688e-14,1.572100830556909900e-14,1.819731143425303353e-14,2.076269312614359743e-14,1.813016425209267243e-14,1.935956913780430753e-14,1.961866410817714915e-14,2.046196346849967201e-14,3.606351168328289697e-14,8.772145471603574746e-14,1.123178742906781402e-14,1.326634023304948470e-14,1.912551911736490340e-14,1.800871252137614128e-14,2.268771144678912407e-14,1.842019311756644800e-14,2.372311671271454080e-14,4.246157539910566213e-14,3.369669959663581622e-14,4.713260690257412676e-14,2.229398877705112772e-14,5.159367987978792683e-14,5.588587069149742143e-14,5.035138565795730573e-14,1.414063486528440957e-13,5.117548482407678719e-14,5.858325608342933181e-14,2.544776442563040001e-14,2.528578294621322634e-13,1.183778716894391445e-13
1.817825228978702204e-14,2.558841287467847358e-14,2.041024288959509070e-14,1.935717575673497047e-14,2.233993193001541174e-14,2.041168588624017150e-14,1.968086354186373461e-14,2.324814450893928808e-14,1.747998998763425217e-14,1.705463621763989429e-14,1.459684256068629270e-14,1.900466907308702236e-14,1.735926379578268776e-14,2.086140313311496910e-14,2.022933827942327817e-14,2.338374465242232990e-14,2.142171597691224268e-14,1.784408233456220805e-14,1.891112026013494124e-14,1.800679254697344561e-14,1.977224910942709246e-14,2.967725388686026426e-14,4.085862109184898533e-14,1.665068345632346364e-14,1.851725718814280960e-14,1.979836341400371945e-14,2.087251703456203936e-14,2.275661164411106984e-14,1.966817812630672165e-14,1.999111441106432318e-14,1.735641579275942725e-14,1.746368436723388745e-14,2.551031184502940226e-14,3.570703631926466526e-14,6.308194543475918471e-14,1.443799832159938731e-14,1.547573288147078915e-14,1.777985158973073741e-14,2.195656712996180006e-14,2.641494654087337044e-14,2.040129651662585282e-14,1.784796564372456060e-14,1.600985459082247464e-14,1.743670961921315400e-14,2.320486829077574436e-14,4.852352068433125809e-14,6.084638876923476004e-14,1.432028891292146987e-14,1.389634225454053516e-14,1.573815817842300203e-14,1.816915208322531879e-14,2.071577577850531597e-14,1.817995454444486190e-14,1.933841578748281974e-14,1.961299855011825583e-14,2.046549271597398593e-14,3.548339991289653858e-14,8.393831910759262502e-14,1.132268437593424444e-14,1.331956563070245658e-14,1.897011448479598252e-14,1.797573074847979856e-14,2.247761278142756047e-14,1.841631247338615864e-14,2.356133245108171226e-14,4.118440205909907081e-14,3.323433559021962951e-14,4.618398947861076524e-14,2.214033343911221984e-14,4.955591836903961581e-14,5.363492494460925209e-14,4.853758049912733450e-14,1.325287755175183421e-13,4.970283367823907315e-14,5.750031262951383138e-14,2.601071659266451317e-14,2.340389098316787794e-13,1.118202813629139734e-13
1.837686093558737086e-14,2.584388372998545962e-14,2.065363769755035704e-14,1.974979143834025316e-14,2.258475496282720719e-14,2.062739662834336024e-14,1.985042467268608989e-14,2.336081995606960312e-14,1.760965556033934181e-14,1.722579830074515988e-14,1.476817341849095375e-14,1.923458627100462374e-14,1.771194341199296222e-14,2.109085178247561869e-14,2.044056102820596069e-14,2.357210613891533229e-14,2.149918636951894912e-14,1.800519959909558365e-14,1.906585843370276521e-14,1.819555316481919528e-14,1.996983573184072673e-14,2.976902286327012327e-14,4.068591380169992445e-14,1.682319548614704096e-14,1.864424026868017118e-14,1.997039288294911010e-14,2.102469357018952286e-14,2.285402032297819022e-14,1.982113322099515642e-14,2.016795286383451733e-14,1.746984714523435026e-14,1.758674699499851083e-14,2.538189135066784028e-14,3.549859481038192776e-14,6.245181987984111278e-14,1.455691424370008911e-14,1.559901052012734042e-14,1.782698694545255723e-14,2.172886739998358664e-14,2.598767612508381744e-14,2.047895766749588865e-14,1.795133058178558868e-14,1.615439683169125915e-14,1.752873009501443728e-14,2.300814549159511361e-14,4.708218869358314054e-14,5.892961471558692380e-14,1.441097473283428719e-14,1.402196666303755226e-14,1.579024770591314138e-14,1.818538759470825153e-14,2.072221449945669681e-14,1.826998661572824869e-14,1.936495530990061444e-14,1.965508806020072961e-14,2.051892755220053337e-14,3.503757553806607839e-14,8.073363160048353038e-14,1.143259207218667538e-14,1.339921398513319160e-14,1.886688392909170900e-14,1.798678109544805463e-14,2.233402590955845927e-14,1.845638547497082097e-14,2.346796597489824418e-14,4.010066881428177162e-14,3.289131357022492096e-14,4.543880232620512414e-14,2.204965296586021803e-14,4.779454698529092413e-14,5.169366850043021080e-14,4.698164908567462860e-14,1.249964782951466284e-13,4.847699059720906490e-14,5.668669031623165452e-14,2.658722477116965637e-14,2.183944105577883672e-13,1.062357020566473706e-13
1.860378306709154536e-14,2.614446446377511952e-14,2.092770707779381001e-14,2.015008727964413352e-14,2.286560543986420592e-14,2.087625906212233551e-14,2.005484170552201015e-14,2.352284340636836328e-14,1.777095101903236940e-14,1.742439684163323264e-14,1.496042736718089876e-14,1.949244294145876743e-14,1.807143854128929091e-14,2.135345711505106633e-14,2.068481233852430761e-14,2.380467281553780969e-14,2.162282647754902436e-14,1.819672459686556251e-14,1.925450155320095035e-14,1.841305807855389709e-14,2.020038531914121931e-14,2.993161573977017741e-14,4.063974339842256193e-14,1.702204237486153792e-14,1.880597629190717638e-14,2.017750618922847340e-14,2.121650635154085002e-14,2.300031039876089273e-14,2.001024972532087997e-14,2.038005797312121145e-14,1.761575364664193674e-14,1.774194819635751191e-14,2.532250070116195490e-14,3.539901718598247774e-14,6.207004464019798426e-14,1.470010312649066885e-14,1.574910554990257967e-14,1.791148853055508489e-14,2.156136765894548385e-14,2.564195116877409030e-14,2.059982984305285476e-14,1.808914496120697397e-14,1.632570048493315362e-14,1.765476565122567954e-14,2.287515019798699907e-14,4.585488255628100014e-14,5.730572123904950902e-14,1.452753435152090452e-14,1.417020296070866772e-14,1.587395330617534606e-14,1.824166194818640121e-14,2.077656452053351698e-14,1.839619615908520468e-14,1.943440104278168944e-14,1.974009375205899340e-14,2.061712585603976814e-14,3.470973722578216541e-14,7.800735696636938570e-14,1.155975313608490893e-14,1.350283524405866411e-14,1.881065454390340648e-14,1.803756163818523661e-14,2.225000469223355296e-14,1.853604876788477257e-14,2.343580733343812855e-14,3.918294750271984673e-14,3.265355523106585571e-14,4.487003699806657316e-14,2.201543881976114678e-14,4.626585843396057780e-14,5.001237215537258787e-14,4.564410264155457487e-14,1.185355222570875261e-13,4.746242737939681376e-14,5.610503977783267120e-14,2.717766982301638691e-14,2.051999774758718940e-13,1.014369532273960923e-13
1.885612527647862417e-14,2.648501489816882736e-14,2.122917895456090913e-14,2.055825588781693754e-14,2.317857622263503794e-14,2.115476910829834318e-14,2.029053100085607837e-14,2.372903011539374151e-14,1.796078685324665043e-14,1.764770817580179438e-14,1.517158726612834619e-14,1.977531291444925610e-14,1.843793225846310786e-14,2.164569261709996787e-14,2.095861190190838118e-14,2.407664190046566651e-14,2.178797322329085941e-14,1.841561485990562324e-14,1.947360997783117655e-14,1.865637509268681029e-14,2.046044854187319130e-14,3.015708365082273842e-14,4.070513831834673895e-14,1.724460660889386536e-14,1.899901278029513391e-14,2.041607394250995319e-14,2.144383972808746929e-14,2.319041087861761467e-14,2.023182641994967885e-14,2.062376278098666854e-14,1.779098528851590342e-14,1.792614742279995931e-14,2.532511084074663563e-14,3.539603541739849137e-14,6.190356700357596482e-14,1.486532058199082995e-14,1.592347083206851145e-14,1.802984681663175236e-14,2.144809610490200522e-14,2.536891838191543548e-14,2.075960793995178096e-14,1.825806309910096456e-14,1.652116668790101627e-14,1.781155508758161550e-14,2.279954202097340874e-14,4.481169122783872349e-14,5.593196407951719923e-14,1.466760879855882403e-14,1.433894376879504766e-14,1.598639822306474189e-14,1.833422974713743181e-14,2.087416535787112137e-14,1.855507820364613530e-14,1.954264139497019340e-14,1.986385745282388988e-14,2.075567271741724513e-14,3.448652909377319595e-14,7.568255490157846949e-14,1.170264236808124331e-14,1.362829849013248729e-14,1.879704813491147873e-14,1.812437455703794472e-14,2.221970604284690575e-14,1.865154584452148633e-14,2.345876045383675686e-14,3.840934609829574327e-14,3.250944385996828234e-14,4.445591707624633843e-14,2.203218127810344621e-14,4.493537056227432644e-14,4.855194799714385176e-14,4.449372465235722829e-14,1.129421535344431469e-13,4.663095594960269717e-14,5.572531721407961800e-14,2.778244551457587847e-14,1.939369850896035279e-13,9.728277805956756364e-14
1.913142474513522763e-14,2.686120166992946165e-14,2.155529629703215667e-14,2.097448793764945417e-14,2.352036580583023823e-14,2.145995127500537464e-14,2.055442072505676001e-14,2.397492534295518429e-14,1.817649423008143537e-14,1.789339781765437931e-14,1.539993148780703047e-14,2.008072744587781806e-14,1.881160444448556943e-14,2.196457180649784643e-14,2.125900193198622295e-14,2.438391773201327957e-14,2.199060353569258415e-14,1.865925702989926162e-14,1.972022785999793965e-14,1.892300286555417588e-14,2.074708640604336312e-14,3.043864592348192953e-14,4.086949815390667026e-14,1.748864759635105795e-14,1.922036993265704168e-14,2.068298758892027671e-14,2.170316060537310568e-14,2.341995843849946421e-14,2.048268336262217478e-14,2.089592963560427651e-14,1.799281567212093809e-14,1.813663001390301065e-14,2.538373920872590948e-14,3.547930962572404920e-14,6.192520950561626248e-14,1.505061964437871294e-14,1.611990125816925625e-14,1.817901569652362420e-14,2.138402717422561728e-14,2.516124181231040859e-14,2.095457295215287742e-14,1.845518812967826896e-14,1.673855578561801922e-14,1.799627048863932850e-14,2.277596035605621943e-14,4.392866220081167138e-14,5.477440933100190647e-14,1.482914378909110869e-14,1.452636524205956464e-14,1.612507752201415059e-14,1.845984548796989369e-14,2.101099485061883237e-14,1.874359631422216834e-14,1.968611822611585323e-14,2.002278126523856070e-14,2.093075284200802556e-14,3.435686557271795961e-14,7.369912478387309315e-14,1.185993524201006025e-14,1.377374340239167700e-14,1.882232045246375702e-14,1.824401585795022318e-14,2.223816024129797753e-14,1.879962039055225934e-14,2.353161603946355672e-14,3.776219079786094196e-14,3.244927054793371802e-14,4.417863182204036451e-14,2.209516690780285457e-14,4.377553581701651832e-14,4.728127140955722636e-14,4.350553490633432730e-14,1.080616830571592225e-13,4.595992058139331676e-14,5.552296753552280916e-14,2.840195893668856537e-14,1.842243292773972636e-13,9.366460246717649788e-14
1.942758799717944142e-14,2.726937489809622217e-14,2.190374077098422732e-14,2.139897301882539337e-14,2.388818837866086843e-14,2.178928191510474987e-14,2.084387744524762764e-14,2.425669076675216813e-14,1.841576520838179616e-14,1.815946648261503275e-14,1.564399334062294828e-14,2.040660817698526394e-14,1.919263275375755189e-14,2.230756916137386504e-14,2.158347147610030810e-14,2.472300625912830797e-14,2.222723304527295132e-14,1.892540666925473136e-14,1.999181405429502439e-14,1.921081002226846445e-14,2.105779684348025207e-14,3.077049512970612274e-14,4.112211718147243713e-14,1.775224938222137768e-14,1.946747227857081001e-14,2.097558458803753249e-14,2.199143290771256719e-14,2.368518629760323555e-14,2.076008659733759591e-14,2.119387400522044704e-14,1.821888103591719334e-14,1.837104639637943379e-14,2.549324396674331254e-14,3.564003355006278897e-14,6.211232892283595207e-14,1.525431038556522584e-14,1.633648654027005663e-14,1.835633851828300310e-14,2.136488874054737814e-14,2.501278343457905152e-14,2.118150002103350476e-14,1.867800607535900654e-14,1.697593791929360334e-14,1.820645303896923026e-14,2.279982543569412698e-14,4.318640310244255086e-14,5.380579116841448936e-14,1.501034682904245502e-14,1.473088905173750086e-14,1.628780047775503206e-14,1.861567951652459014e-14,2.118355903508556774e-14,1.895911224879603667e-14,1.986173462434988963e-14,2.021373604237135305e-14,2.113905346568956973e-14,3.431143309256612048e-14,7.200947628426768727e-14,1.203048206517515968e-14,1.393754216634518304e-14,1.888323889850136440e-14,1.839369169031683869e-14,2.230109773957655036e-14,1.897743508069150865e-14,2.364988142764626287e-14,3.722706449277801419e-14,3.246482470825162429e-14,4.402341757583024988e-14,2.220032625218971918e-14,4.276410137723234994e-14,4.617527356554261005e-14,4.265932567352227785e-14,1.037745663635206048e-13,4.543089257557887211e-14,5.547762999876262884e-14,2.903663089828579193e-14,1.757756788908554629e-13,9.049762903042492331e-14
1.974283949998832135e-14,2.770646611208939263e-14,2.227256851675216579e-14,2.183190035716673857e-14,2.427969870493828733e-14,2.214062511366110061e-14,2.115664574135469143e-14,2.457101480167927345e-14,1.867660416905221818e-14,1.844420496681736919e-14,1.590252668008440800e-14,2.075121060060487616e-14,1.958119343518819140e-14,2.267255392932864039e-14,2.192989321444763533e-14,2.509092890220512838e-14,2.249483701116998707e-14,1.921213845966471292e-14,2.028618548496129772e-14,1.951798413915987115e-14,2.139045355806654419e-14,3.114764599316031673e-14,4.145383278250271846e-14,1.803377680695649252e-14,1.973809346707553859e-14,2.129158679070343980e-14,2.230604820439069249e-14,2.398283696659945530e-14,2.106168673296777507e-14,2.151530165146145443e-14,1.846713116687984032e-14,1.862736284743159363e-14,2.564916909163985209e-14,3.587064247290754782e-14,6.244585609201318063e-14,1.547492675993191714e-14,1.657157255103758710e-14,1.855949070324357401e-14,2.138701431634207606e-14,2.491835927515774597e-14,2.143758653003034153e-14,1.892433322512954812e-14,1.723165208668432639e-14,1.843996206366873845e-14,2.286718696386970637e-14,4.256905659391523318e-14,5.300396116042556969e-14,1.520965275013006112e-14,1.495115084128944347e-14,1.647264562041847963e-14,1.879925345925059290e-14,2.138880798994462130e-14,1.919933030473973533e-14,2.006678398344488450e-14,2.043399071052103042e-14,2.137768916843292213e-14,3.434231859548520482e-14,7.057546678445154797e-14,1.221328634622752434e-14,1.411826898110969373e-14,1.897698894418006758e-14,1.857095411780458295e-14,2.240481767450217108e-14,1.918250880571824720e-14,2.380965207290964352e-14,3.679209375114190177e-14,3.254908855760511690e-14,4.397788312816868154e-14,2.234411838710988598e-14,4.188291381697562376e-14,4.521355733261402540e-14,4.193859043893526860e-14,9.998697120872402017e-14,4.502871189038235302e-14,5.557220495641371599e-14,2.968689632401811778e-14,1.683717471504498487e-13,8.771469579420716677e-14
2.007567798744475175e-14,2.816990261096310291e-14,2.266015566013794514e-14,2.227345942996443790e-14,2.469292864024016371e-14,2.251217839607251635e-14,2.149079758609855439e-14,2.491504010775738307e-14,1.895728750820617418e-14,1.874615584687354707e-14,1.617447645352160991e-14,2.111307597469084250e-14,1.997746203682513446e-14,2.305773406650819015e-14,2.229646997409341186e-14,2.548515084041888773e-14,2.279078722043698183e-14,1.951780424868421568e-14,2.060146979798368642e-14,1.984298841656191275e-14,2.174325432667252481e-14,3.156581536910346183e-14,4.185676144409439035e-14,1.833183821699780644e-14,2.003031067799499813e-14,2.162904874425424100e-14,2.264476823193342874e-14,2.431009213310361248e-14,2.138546779689020893e-14,2.185825587764399381e-14,1.873578899769973058e-14,1.890382074902314589e-14,2.584762674725120283e-14,3.616459433459712028e-14,6.290959715806949667e-14,1.571119884704273125e-14,1.682372901057475175e-14,1.878643441302993689e-14,2.144722899938401935e-14,2.487355133123420938e-14,2.172039463585516019e-14,1.919227318677702435e-14,1.750427159841311681e-14,1.869493366826616930e-14,2.297460825824496979e-14,4.206353692866452013e-14,5.235074654712749747e-14,1.542569541635595389e-14,1.518597356362243219e-14,1.667792501524740584e-14,1.900838988597442115e-14,2.162407054088499096e-14,1.946225230386288288e-14,2.029889454454594622e-14,2.068115666987365761e-14,2.164414247529373971e-14,3.444273030804905096e-14,6.936619246549489537e-14,1.240748636399133232e-14,1.431467513154801036e-14,1.910110212518412794e-14,1.877365113570163012e-14,2.254608741511897361e-14,1.941266727926190590e-14,2.400751359139958246e-14,3.644741231289848236e-14,3.269600737807318342e-14,4.403150920240029154e-14,2.252344271590584988e-14,4.111703357028910966e-14,4.437937610705553845e-14,4.132972728957295731e-14,9.662423063849972987e-14,4.474077320389898613e-14,5.579217308630568844e-14,3.035320467106306601e-14,1.618417655151111503e-13,8.526194769639236293e-14
2.042483902620759633e-14,2.865753493260646108e-14,2.306515183534318226e-14,2.272384048788413423e-14,2.512623306397553937e-14,2.290242634795827884e-14,2.184468928410470175e-14,2.528630369328113128e-14,1.925632956718118023e-14,1.906408060021272762e-14,1.645895329143315590e-14,2.149099023152840709e-14,2.038161400888051363e-14,2.346160838434923563e-14,2.268168904063865839e-14,2.590352039154833914e-14,2.311280049315866957e-14,1.984099721092571493e-14,2.093606513846084590e-14,2.018452452946247653e-14,2.211467683016342559e-14,3.202132462552230737e-14,4.232409649122314050e-14,1.864525342142642537e-14,2.034246624855039638e-14,2.198631370044776438e-14,2.300567641665933203e-14,2.466451504281196766e-14,2.172970392077509266e-14,2.222107261970952713e-14,1.902331668227197606e-14,1.919890222142860346e-14,2.608520706625338938e-14,3.651620333137314081e-14,6.348971558883659915e-14,1.596202918066797557e-14,1.709172200427339088e-14,1.903538200848407768e-14,2.154276099094458722e-14,2.487456135372505780e-14,2.202780431122011649e-14,1.948018109157081764e-14,1.779257450899069773e-14,1.896974644432791348e-14,2.311907708877511427e-14,4.165895319751618154e-14,5.183109668522356225e-14,1.565728401743755215e-14,1.543434460498158465e-14,1.690215530648407945e-14,1.924117238695835488e-14,2.188700268851986066e-14,1.974614038698916420e-14,2.055598519798480102e-14,2.095314315135370320e-14,2.193621591520179975e-14,3.460678635902082314e-14,6.835636715862814188e-14,1.261233924183236403e-14,1.452566818653658622e-14,1.925340032172871607e-14,1.899988713154046954e-14,2.272206531413034840e-14,1.966600339411407514e-14,2.424046629129082484e-14,3.618475208904086953e-14,3.290031547862868577e-14,4.417527392328914582e-14,2.273557093651748065e-14,4.045406919337084840e-14,4.365886893203930048e-14,4.082143787290360582e-14,9.362620142232505083e-14,4.455648736953200476e-14,5.612509318081520221e-14,3.103602038058156060e-14,1.560507830042600186e-13,8.309572585843159639e-14
2.078926276218024036e-14,2.916757506986261183e-14,2.348644043103725250e-14,2.318323499513247590e-14,2.557824361907360022e-14,2.331010077253730141e-14,2.221692445045815987e-14,2.568268648093033194e-14,1.957245340891297229e-14,1.939693116463696385e-14,1.675521149763691676e-14,2.188394876616294070e-14,2.079382521990861339e-14,2.388292551320151957e-14,2.308428290191783756e-14,2.634421720490282975e-14,2.345889576841757994e-14,2.018052092579491840e-14,2.128860557243205209e-14,2.054150058180229916e-14,2.250344065824739183e-14,3.251101856343786663e-14,4.284994963737292093e-14,1.897302597156603692e-14,2.067313486682758072e-14,2.236197579398377727e-14,2.338713642393690489e-14,2.504400219486998576e-14,2.209292218820835457e-14,2.260234183944973564e-14,1.932838663108711335e-14,1.951130068711135665e-14,2.635890810278629946e-14,3.692051126938759135e-14,6.417434001867186493e-14,1.622647230620011061e-14,1.737449028803459130e-14,1.930476597721935430e-14,2.167117265416235139e-14,2.491809646438123388e-14,2.235797417111732597e-14,1.978663321157373534e-14,1.809551803998553446e-14,1.926299248203347102e-14,2.329793668638075969e-14,4.134616798385872324e-14,5.143243617095593208e-14,1.590338284490246480e-14,1.569539593780668047e-14,1.714403375795847486e-14,1.949591329704802520e-14,2.217554606373793567e-14,2.004948565456955244e-14,2.083622953204581752e-14,2.124812060463956405e-14,2.225199249217693351e-14,3.482935368687221972e-14,6.752511381017515054e-14,1.282720704408759181e-14,1.475029431110762947e-14,1.943195235212680935e-14,1.924799102086801720e-14,2.293024085081851171e-14,1.994084473588124751e-14,2.450586626418261373e-14,3.599712773346377707e-14,3.315740331997657532e-14,4.440137043237982280e-14,2.297809395249837721e-14,3.988367011743772128e-14,4.304047966228443160e-14,4.040426788482153531e-14,9.094391067039588803e-14,4.446687087128945521e-14,5.656022721718820406e-14,3.173582337307471319e-14,1.508907598402920333e-13,8.118029339711238272e-14
2.116806604804471591e-14,2.969854366724188444e-14,2.392310454532710841e-14,2.365183599178040039e-14,2.604782903785089012e-14,2.373414635719908465e-14,2.260632195261163342e-14,2.610237019253151276e-14,1.990456547435665390e-14,1.974382522206917788e-14,1.706262994234946300e-14,2.229112624108852518e-14,2.121427239562922410e-14,2.432064862611965862e-14,2.350319540540577962e-14,2.680570765264114685e-14,2.382735767746958067e-14,2.053536251876058159e-14,2.165793111349777876e-14,2.091300336605506735e-14,2.290847449061817868e-14,3.303219689714815224e-14,4.342922394623683073e-14,1.931431908384261761e-14,2.102109519042948903e-14,2.275484730338923582e-14,2.378775636284508571e-14,2.544674216575848366e-14,2.247387047757722671e-14,2.300087412188952087e-14,1.964985645494443739e-14,1.983989536009553465e-14,2.666608064318697311e-14,3.737318616886130933e-14,6.495326027943880142e-14,1.650371693651889768e-14,1.767112465192549571e-14,1.959321368040506790e-14,2.183030658709962051e-14,2.500127920771946861e-14,2.270930818907636235e-14,2.011040078505319941e-14,1.841221629809286478e-14,1.957345246867091820e-14,2.350883202051843729e-14,4.111745573442260169e-14,5.114416862924042083e-14,1.616309378079043766e-14,1.596838676686701576e-14,1.740241803204912185e-14,1.977112706855845570e-14,2.248789376103732169e-14,2.037098129102279061e-14,2.113802597825145902e-14,2.156449005047725086e-14,2.258980243382758539e-14,3.510592439606879994e-14,6.685505073369945929e-14,1.305154455043670062e-14,1.498772298191600821e-14,1.963503987239526302e-14,1.951649005084193638e-14,2.316838780939995036e-14,2.023572641147454060e-14,2.480137867623463767e-14,3.587859089629700382e-14,3.346321513610018915e-14,4.470299238606793923e-14,2.324887983346762749e-14,3.939713538517743562e-14,4.251451028816767867e-14,4.007025150879197034e-14,8.853709190012494650e-14,4.446423012244116113e-14,5.708825651949539832e-14,3.245310959605332118e-14,1.462741953646595236e-13,7.948614704244509980e-14
2.156051832629355108e-14,3.024922482315354525e-14,2.437439782363039608e-14,2.412983837843443409e-14,2.653406108746330189e-14,2.417369104856241378e-14,2.301188802844865499e-14,2.654380006898130794e-14,2.025173343644558761e-14,2.010402466489833593e-14,1.738069546324076230e-14,2.271185069180881854e-14,2.164313348950536417e-14,2.477392508695367470e-14,2.393755253815463244e-14,2.728670627813736321e-14,2.421670515708154587e-14,2.090466923846843906e-14,2.204306160334543071e-14,2.129827430996631059e-14,2.332888769052238048e-14,3.358255557604208087e-14,4.405750965794220974e-14,1.966843468587416511e-14,2.138530508788039592e-14,2.316393019490176716e-14,2.420635767061249644e-14,2.587118005164858839e-14,2.287148946401468484e-14,2.341567166589328579e-14,1.998674708156739458e-14,2.018372895380554202e-14,2.700438396515542501e-14,3.787044064824170635e-14,6.581768599054653460e-14,1.679307027189714234e-14,1.798084982377334686e-14,1.989952575654479487e-14,2.201824326963458663e-14,2.512157656823174904e-14,2.308042699154979137e-14,2.045042721202618074e-14,1.874192077816252415e-14,1.990007402413406503e-14,2.374966763351275152e-14,4.096623561740945065e-14,5.095729204560754496e-14,1.643564096087338222e-14,1.625268827997314929e-14,1.767630881809456535e-14,2.006550786191486925e-14,2.282246166513152065e-14,2.070949922683526469e-14,2.145997253073599564e-14,2.190085694701197674e-14,2.294819472864714240e-14,3.543252006032842895e-14,6.633159189782718715e-14,1.328488845733040781e-14,1.523723360851897778e-14,1.986113029931615709e-14,1.980408782812929437e-14,2.343452721739962090e-14,2.054936789292232896e-14,2.512494005982412344e-14,3.582403708959972208e-14,3.381416916591959678e-14,4.507416967943365879e-14,2.354603991749427910e-14,3.898710841737371763e-14,4.207277341803487815e-14,3.981263326814996067e-14,8.637234715522036348e-14,4.454191699492936062e-14,5.770106328610093101e-14,3.318839162935070692e-14,1.421294867144975250e-13,7.798874555709846489e-14
2.196602075693250193e-14,3.081862738772840648e-14,2.483971948927668057e-14,2.461743912038753313e-14,2.703618533853916813e-14,2.462802049129105577e-14,2.343279197822782706e-14,2.700565237764324343e-14,2.061316675272138024e-14,2.047691681005584783e-14,1.770898844681257135e-14,2.314558133198057716e-14,2.208058799426765752e-14,2.524206033430704303e-14,2.438663718700961636e-14,2.778614235131172057e-14,2.462566409412889279e-14,2.128772798648521807e-14,2.244317388055792650e-14,2.169668860991472709e-14,2.376394569862219203e-14,3.416013606301926145e-14,4.473099701413701167e-14,2.003479517040078922e-14,2.176487992148683753e-14,2.358839133470893286e-14,2.464194795526172824e-14,2.631598648129672179e-14,2.328488815625621122e-14,2.384590304078600824e-14,2.033822351811570429e-14,2.054198809495830661e-14,2.737174968666042358e-14,3.840896479754851767e-14,6.676005017155439023e-14,1.709394415960418380e-14,1.830300853121544637e-14,2.022265736513741800e-14,2.223326763054520121e-14,2.527674379702772980e-14,2.347014281436096615e-14,2.080580802633602578e-14,1.908400326167073905e-14,2.024195267572232227e-14,2.401857421093807330e-14,4.088686076996875972e-14,5.086409789593079779e-14,1.672035723096225007e-14,1.654777020965075417e-14,1.796483468382364078e-14,2.037791033560071026e-14,2.317786393712926416e-14,2.106406967371319509e-14,2.180084496652585358e-14,2.225600855420839503e-14,2.332591241313323795e-14,3.580561688122988581e-14,6.594240494315358221e-14,1.352684781841417155e-14,1.549820370915446121e-14,2.010885501630933954e-14,2.010964553968037852e-14,2.372689758252201700e-14,2.088065296273131813e-14,2.547472727343138736e-14,3.582905278853178370e-14,3.420709463882036206e-14,4.550964138852806427e-14,2.386790087239198819e-14,3.864733637564235251e-14,4.170831900626026077e-14,3.962564826951495153e-14,8.442175529674074648e-14,4.469413847045880586e-14,5.839155912058855446e-14,3.394219934654085925e-14,1.383974927435270437e-13,7.666753752500010791e-14
2.238408815823310063e-14,3.140595187049472339e-14,2.531859300427318432e-14,2.511483736450842819e-14,2.755359609329248553e-14,2.509655600587690334e-14,2.386834495678061282e-14,2.748680595447951883e-14,2.098819953125805785e-14,2.086199803003616823e-14,1.804717031463120289e-14,2.359188955892946934e-14,2.252681721757348436e-14,2.572449542745077690e-14,2.484986734879962795e-14,2.830313087014293164e-14,2.505314329523421052e-14,2.168394741775682168e-14,2.285758180000460993e-14,2.210773713800720513e-14,2.421304872304891457e-14,3.476328120405857981e-14,4.544640208476809213e-14,2.041292751900849790e-14,2.215907344143203492e-14,2.402754088424997923e-14,2.509369724839415569e-14,2.678003043874607852e-14,2.371332248977059341e-14,2.429088121090359340e-14,2.070357787552875754e-14,2.091398606437113624e-14,2.776635163673224640e-14,3.898586983764340605e-14,6.777384567546625842e-14,1.740584284932657856e-14,1.863704743507844024e-14,2.056170170065732555e-14,2.247384251222155409e-14,2.546477986418763383e-14,2.387743747977227379e-14,2.117577321870785053e-14,1.943794080531455782e-14,2.059831504845296242e-14,2.431388173820169795e-14,4.087445080156361111e-14,5.085793413040754616e-14,1.701667212371202531e-14,1.685318897824738044e-14,1.826723871271917912e-14,2.070733292043116124e-14,2.355289172824950473e-14,2.143386306274095580e-14,2.215957781882284978e-14,2.262889409053127813e-14,2.372187088690145029e-14,3.622208641040725804e-14,6.567698706404558208e-14,1.377709559161515146e-14,1.577009839954859476e-14,2.037699155641601196e-14,2.043216563995516987e-14,2.404393058465639989e-14,2.122861212473819407e-14,2.584913143418505084e-14,3.588979368711553631e-14,3.463918118596749010e-14,4.600475630505085392e-14,2.421298111912801036e-14,3.837247856962581975e-14,4.141521711821691386e-14,3.950434702734599780e-14,8.266180870598204337e-14,4.491580779415109816e-14,5.915354751370049543e-14,3.471508063203616984e-14,1.350289548286800341e-13,7.550520327516307463e-14
2.281433341127496989e-14,3.201056229843359718e-14,2.581064794217319131e-14,2.562223445782976221e-14,2.808581492377989272e-14,2.557883567465847580e-14,2.431798148745686362e-14,2.798631723055308424e-14,2.137627544603970325e-14,2.125885949596112937e-14,1.839497268183595574e-14,2.405044271427671146e-14,2.298200456771548789e-14,2.622078777775205668e-14,2.532677735223267733e-14,2.883694742385136153e-14,2.549821328309449153e-14,2.209284230564024805e-14,2.328571875835354185e-14,2.253101078080615660e-14,2.467571332575869464e-14,3.539059673326409130e-14,4.620090284833429937e-14,2.080244951774388100e-14,2.256726096718869343e-14,2.448081349016586636e-14,2.556091724431850161e-14,2.726235536345057301e-14,2.415617660223873224e-14,2.475004442707973962e-14,2.108221437043692862e-14,2.129914757921457245e-14,2.818658027826750498e-14,3.959864001882027279e-14,6.885348648752976726e-14,1.772835215625954723e-14,1.898250471377658348e-14,2.091587538415624485e-14,2.273858740846240266e-14,2.568389207163718195e-14,2.430144294447353886e-14,2.155967160238065051e-14,1.980330257631729130e-14,2.096850396843736191e-14,2.463409763589964509e-14,4.092475792986196590e-14,5.093301733374238291e-14,1.732410115856390299e-14,1.716857724670090157e-14,1.858286662563494032e-14,2.105290308519612938e-14,2.394649447846208876e-14,2.181817405110000121e-14,2.253524758982440897e-14,2.301860719650085052e-14,2.413513875782743583e-14,3.667914791355293961e-14,6.552632995038791046e-14,1.403536119888322375e-14,1.605246100984374435e-14,2.066444878767934731e-14,2.077077750278818618e-14,2.438423087368508766e-14,2.159240704317784243e-14,2.624673563903744079e-14,3.600288737305433103e-14,3.510793751474653381e-14,4.655539401927043484e-14,2.457997057083744687e-14,3.815795284668022029e-14,4.118838411219014431e-14,3.944445474887764791e-14,8.107258779679027944e-14,4.520242766877428606e-14,5.998161110799198517e-14,3.550760215578569774e-14,1.319825362516922256e-13,7.448704850293065416e-14
2.325645407192501893e-14,3.263196256771082719e-14,2.631560478237996911e-14,2.613983401111336620e-14,2.863247240347870932e-14,2.607449813366191038e-14,2.478124341108812132e-14,2.850339838717559432e-14,2.177693447415411729e-14,2.166717481851729306e-14,1.875218800947353108e-14,2.452099028794373865e-14,2.344633589385937796e-14,2.673059469673685507e-14,2.581700175167638870e-14,2.938700650775100102e-14,2.596008760206559816e-14,2.251401993812274037e-14,2.372712246707390589e-14,2.296618694073752570e-14,2.515155658727970254e-14,3.604091775763675173e-14,4.699208362164493030e-14,2.120305780412161427e-14,2.298892462310843342e-14,2.494775197411148900e-14,2.604304321433845244e-14,2.776215816188834625e-14,2.461294651221629205e-14,2.522293967800961525e-14,2.147363610256679631e-14,2.169699541021801096e-14,2.863102068877123656e-14,4.024509111700509820e-14,6.999418857777411239e-14,1.806112989521595867e-14,1.933899913541372347e-14,2.128450547720172897e-14,2.302626130447159664e-14,2.593246792597390509e-14,2.474142412029883911e-14,2.195695700768865557e-14,2.017973834757403846e-14,2.135196527286009390e-14,2.497788869490374667e-14,4.103405961073667865e-14,5.108428297579407502e-14,1.764223633266356752e-14,1.749363472856714162e-14,1.891115618862225770e-14,2.141386427283810111e-14,2.435776339060818986e-14,2.221640737017988604e-14,2.292705787115757868e-14,2.342437039001987296e-14,2.456492089391952862e-14,3.717432956335551532e-14,6.548265429993620403e-14,1.430142379570587243e-14,1.634490472119707132e-14,2.097025440199087303e-14,2.112472471266996499e-14,2.474655901041328237e-14,2.197131672579928533e-14,2.666629566597366128e-14,3.616535543073110096e-14,3.561115712557163537e-14,4.715790146275740995e-14,2.496771379028415687e-14,3.799981076008448222e-14,4.102344213897965603e-14,3.944225758162343248e-14,7.963711557832013709e-14,4.554999868798728535e-14,6.087101759730110181e-14,3.632035019180915957e-14,1.292233061380432638e-13,7.360050780064305429e-14
2.371022111373042889e-14,3.326977657022810134e-14,2.683326193504620649e-14,2.666784225006920860e-14,2.919329297075575890e-14,2.658326875670483056e-14,2.525776627893399263e-14,2.903739858694585708e-14,2.218980146466243213e-14,2.208668954305620813e-14,1.911866169770271973e-14,2.500335249085358681e-14,2.391999988795636964e-14,2.725365969315686953e-14,2.632026183495040541e-14,2.995284328636538215e-14,2.643810662460210309e-14,2.294716850725096447e-14,2.418142195292554000e-14,2.341301816589873336e-14,2.564028276894255058e-14,3.671328014931081328e-14,4.781788705226757614e-14,2.161451765473565316e-14,2.342364061531162335e-14,2.542799349411328978e-14,2.653961858810765580e-14,2.827877115292318008e-14,2.508322620955249837e-14,2.570920870056784629e-14,2.187743360599722228e-14,2.210713882379610039e-14,2.909843371138824680e-14,4.092333503763851312e-14,7.119186926186918879e-14,1.840389758657114624e-14,1.970622059610209711e-14,2.166701808454929571e-14,2.333574885996109023e-14,2.620905300981661944e-14,2.519676395849237135e-14,2.236717629367778214e-14,2.056696862004565380e-14,2.174823631505708359e-14,2.534406615388607156e-14,4.119907316133152163e-14,5.130726612006441314e-14,1.797073779405967328e-14,1.782812024308731979e-14,1.925162787860799221e-14,2.178956443736988469e-14,2.478591699956930482e-14,2.262806551216362786e-14,2.333432631952083064e-14,2.384552148125686282e-14,2.501054365129067788e-14,3.770543693910898058e-14,6.553919832000555042e-14,1.457510656104366625e-14,1.664710522131415166e-14,2.129354434662989559e-14,2.149335392121744012e-14,2.512981707795376178e-14,2.236472541035652577e-14,2.710672335255025695e-14,3.637455162583477959e-14,3.614688995409525696e-14,4.780904206676866555e-14,2.537519784755780006e-14,3.789463669319497482e-14,4.091660562846873704e-14,3.949451086327941739e-14,7.834085125239015420e-14,4.595494842215161940e-14,6.181764193764191219e-14,3.715393173227592871e-14,1.267215775264767580e-13,7.283478694053968512e-14
2.417547069263570166e-14,3.392373226595414769e-14,2.736348601257011353e-14,2.720647139234246039e-14,2.976808420772371185e-14,2.710494937202187229e-14,2.574726903774879624e-14,2.958778962044883699e-14,2.261457732795872976e-14,2.251721325341431298e-14,1.949428613799663625e-14,2.549741208370799091e-14,2.440318956614651596e-14,2.778980263395401696e-14,2.683635576728481064e-14,3.053410002165070141e-14,2.693172488874416069e-14,2.339204829696510917e-14,2.464832766138066036e-14,2.387132367473704038e-14,2.614167344583777700e-14,3.740689901752164660e-14,4.867657813430547322e-14,2.203665527867757516e-14,2.387106938688826726e-14,2.592125912714548200e-14,2.705028323600524786e-14,2.881164811252277780e-14,2.556669702743395068e-14,2.620857743927417228e-14,2.229327589248039403e-14,2.252926459461748799e-14,2.958774134761000508e-14,4.163175293406526526e-14,7.244307427565494192e-14,1.875643398636877251e-14,2.008392272186815069e-14,2.206292926636301743e-14,2.366605013265806173e-14,2.651233477185957842e-14,2.566695175081509602e-14,2.278995994421680949e-14,2.096477701857017501e-14,2.215693691000275277e-14,2.573157447861876305e-14,4.141689117881373914e-14,5.159801348369583248e-14,1.830932719541990609e-14,1.817184549469815940e-14,1.960387739468732062e-14,2.217944685463107746e-14,2.523028974675264783e-14,2.305273904757611850e-14,2.375647427377649495e-14,2.428150281490131046e-14,2.547144322601714680e-14,3.827052991985853820e-14,6.569006192648992434e-14,1.485627248846485760e-14,1.695879480698361553e-14,2.163355466502987082e-14,2.187610595861177317e-14,2.553303762823715786e-14,2.277211292739420649e-14,2.756707362771219079e-14,3.662811557337476045e-14,3.671342124446038194e-14,4.850595911361451332e-14,2.580153727179329903e-14,3.783946911310165799e-14,4.086459329189775979e-14,3.959836840007030966e-14,7.717130522589941992e-14,4.641408079483350232e-14,6.281791196027306700e-14,3.800897903879170606e-14,1.244520298917610544e-13,7.218081290656519412e-14
2.465210457823416084e-14,3.459366785669548051e-14,2.790621593383903501e-14,2.775595653715744910e-14,3.035673941137773100e-14,2.763941978061528292e-14,2.624955384586918196e-14,3.015416500060193635e-14,2.305103777427194800e-14,2.295861923253018148e-14,1.987900049582080395e-14,2.600311595193119335e-14,2.489611207585244013e-14,2.833892173481645562e-14,2.736515978347520205e-14,3.113052705540608307e-14,2.744050945620720800e-14,2.384849118284848611e-14,2.512763089574330327e-14,2.434098964536000575e-14,2.665558811573104062e-14,3.812116866988011719e-14,4.956674579969832324e-14,2.246935757265395999e-14,2.433095444010146079e-14,2.642735380162556848e-14,2.757477301521120257e-14,2.936036309413458717e-14,2.606312709616955658e-14,2.672085613719162914e-14,2.272090904803055710e-14,2.296313575678221844e-14,3.009802522028905577e-14,4.236899512895933122e-14,7.374500633117064067e-14,1.911857377392245099e-14,2.047192158398975364e-14,2.247184301955070641e-14,2.401627808709338301e-14,2.684113772709880720e-14,2.615158137623970535e-14,2.322502050846102189e-14,2.137300941149829366e-14,2.257776768047588002e-14,2.613949012844418155e-14,4.168495234446402524e-14,5.195305524964252555e-14,1.865778604944769533e-14,1.852467390077115316e-14,1.996757384474955841e-14,2.258304811447151482e-14,2.569033000650404406e-14,2.349010496336679792e-14,2.419302469601743608e-14,2.473185931458592656e-14,2.594716371270078234e-14,3.886792247606821416e-14,6.593014619245774048e-14,1.514482450030155768e-14,1.727976064183767560e-14,2.198962006239592690e-14,2.227251379210004200e-14,2.595538230499453606e-14,2.319305277128463588e-14,2.804654281244236410e-14,3.692395342611148230e-14,3.730927111308552639e-14,4.924617635667418029e-14,2.624597066374465789e-14,3.783175568764002403e-14,4.086457946678308793e-14,3.975134547608387849e-14,7.611781906033130242e-14,4.692456541709582319e-14,6.386882886074831615e-14,3.888616733574577829e-14,1.223932168518247515e-13,7.163116995005432329e-14
2.514004182008206938e-14,3.527944903827118329e-14,2.846140707970240861e-14,2.831650218284201471e-14,3.095916421966529932e-14,2.818658212428987075e-14,2.676444833171031669e-14,3.073615893537756921e-14,2.349898864586554677e-14,2.341080137963573781e-14,2.027275931130260048e-14,2.652042194336570343e-14,2.539895091234838104e-14,2.890092817923731859e-14,2.790656680634191548e-14,3.174189972078000454e-14,2.796407215209605592e-14,2.431635314915772948e-14,2.561914981238748025e-14,2.482192051518402621e-14,2.718190558299715865e-14,3.885553805049793358e-14,5.048709636351052586e-14,2.291253298848282509e-14,2.480307103196715715e-14,2.694610706020642132e-14,2.811285401643443087e-14,2.992453295662256915e-14,2.657231299613355992e-14,2.724587891522956354e-14,2.316011112965590179e-14,2.340854578809342701e-14,3.062843956954465021e-14,4.313380338674421317e-14,7.509517172259529708e-14,1.949017659514071832e-14,2.087005992702373250e-14,2.289340644246596937e-14,2.438560874812356584e-14,2.719435479869010647e-14,2.665029011464143530e-14,2.367210537359471258e-14,2.179153539050458456e-14,2.301046494047662610e-14,2.656695560276915392e-14,4.200082582398548043e-14,5.236908249585979894e-14,1.901592514645552235e-14,1.888649151638326471e-14,2.034242378395087479e-14,2.299995195730499140e-14,2.616553914826796490e-14,2.393987762846325640e-14,2.464354915112590293e-14,2.519618276165636358e-14,2.643729636125721683e-14,3.949603093501090955e-14,6.625458398186783957e-14,1.544068165645019098e-14,1.760981822161259398e-14,2.236112873255089452e-14,2.268215733285524640e-14,2.639607740134744941e-14,2.362716307360123579e-14,2.854439376042185922e-14,3.726007502178440288e-14,3.793305611626206883e-14,5.002736005496480935e-14,2.670783223476634921e-14,3.786914126484594142e-14,4.091394911575112723e-14,3.995111233373617426e-14,7.517060649553301317e-14,4.748369405758843085e-14,6.496764476923547965e-14,3.978612547548583213e-14,1.205253770603056121e-13,7.117794734716001687e-14
2.563927282829734637e-14,3.598105457474319300e-14,2.902909055605614042e-14,2.888835326566316335e-14,3.157536213055955166e-14,2.874642028252899790e-14,2.729186983987472327e-14,3.133353714101093596e-14,2.395831367296398583e-14,2.387372161406874955e-14,2.067556660056828578e-14,2.704936020363070763e-14,2.591192012940398086e-14,2.947582210084666450e-14,2.846055667793851727e-14,3.236811366515287161e-14,2.850214411857071397e-14,2.479556636839931344e-14,2.612278912735536075e-14,2.531409354943269350e-14,2.772059034702495014e-14,3.960964992717243167e-14,5.143667820190197971e-14,2.336615300125877973e-14,2.528728199085336193e-14,2.747743942319122355e-14,2.866439602848546914e-14,3.050390377817870026e-14,2.709414447518315191e-14,2.778357168204098832e-14,2.361074063221850469e-14,2.386536806888818522e-14,3.117831099743056702e-14,4.392522150661661264e-14,7.649166801591978136e-14,1.987115946578262588e-14,2.127824493742027566e-14,2.332735717953810556e-14,2.477333719563712909e-14,2.757102599823719978e-14,2.716282533033675102e-14,2.413104739779563351e-14,2.222028969677647499e-14,2.345484888946058944e-14,2.701325646256276347e-14,4.236244608700599068e-14,5.284330184254874399e-14,1.938361615929670911e-14,1.925723733178313034e-14,2.072820889758302587e-14,2.342983858939922875e-14,2.665553827670003584e-14,2.440186152498310950e-14,2.510772490529991701e-14,2.567417218564177783e-14,2.694154563679672235e-14,4.015355833420698212e-14,6.665936889393778706e-14,1.574380425420025437e-14,1.794883853869577889e-14,2.274757330943739778e-14,2.310471193737911805e-14,2.685448784676659035e-14,2.407415932857892626e-14,2.906004058928159252e-14,3.763477508469598627e-14,3.858365522095936172e-14,5.084760710804757799e-14,2.718656079045561253e-14,3.794966966575908031e-14,4.101053442407189353e-14,4.019570237336991037e-14,7.432165991570942659e-14,4.808917681280789198e-14,6.611217392468302710e-14,4.070957623863096486e-14,1.188325575374039033e-13,7.081577965868230015e-14
2.614981385169444296e-14,3.669849678840541395e-14,2.960931967371812603e-14,2.947174008688990042e-14,3.220536532596973704e-14,2.931894714343184016e-14,2.783177130680427201e-14,3.194612060707425533e-14,2.442893253314021336e-14,2.434736946201417839e-14,2.108744642858631923e-14,2.758998308517781372e-14,2.643522692990133399e-14,3.006363114270063017e-14,2.902713856127100128e-14,3.300910680563087598e-14,2.905451204422382801e-14,2.528609472266358075e-14,2.663848941947817601e-14,2.581751311363650870e-14,2.827163754326782245e-14,4.038322309939473950e-14,5.241468449042214308e-14,2.383021514285662963e-14,2.578348956639643890e-14,2.802130679387474902e-14,2.922931082149329467e-14,3.109827796877096152e-14,2.762854966251104259e-14,2.833389538964177985e-14,2.407269410360240230e-14,2.433351284647898477e-14,3.174705558025336359e-14,4.474242633646523010e-14,7.793283574161987818e-14,2.026146774228640711e-14,2.169641470152882842e-14,2.377348120140495545e-14,2.517883068291077253e-14,2.797027437168855915e-14,2.768898691530738130e-14,2.460172055527937749e-14,2.265923609049654543e-14,2.391078116774550395e-14,2.747775824718226906e-14,4.276791260822034155e-14,5.337313320819762303e-14,1.976076286798303327e-14,1.963687600656442047e-14,2.112475201921061094e-14,2.387244101903289051e-14,2.716001054025207817e-14,2.487590510201553257e-14,2.558528485915985820e-14,2.616558125276038449e-14,2.745967199931042157e-14,4.083934925038825348e-14,6.714082035644969896e-14,1.605417124141257071e-14,1.829672307424857121e-14,2.314850761187583863e-14,2.353990550254484119e-14,2.733005559710597681e-14,2.453380806179622655e-14,2.959297741009550461e-14,3.804648191783890151e-14,3.926007750758269827e-14,5.170521695587903266e-14,2.768167287094524340e-14,3.807158650105356208e-14,4.115238705834517440e-14,4.048332053142588343e-14,7.356386971485484253e-14,4.873891199467850470e-14,6.730047810075054133e-14,4.165725297345426736e-14,1.173006141873667263e-13,7.053955944980417677e-14
2.667171016617988234e-14,3.743183313605199029e-14,3.020217758759630381e-14,3.006689326630665812e-14,3.284924073655515285e-14,2.990420975553156690e-14,2.838414428231747750e-14,3.257378900074342223e-14,2.491080228784929736e-14,2.483176425765238884e-14,2.150844466771456784e-14,2.814236944620200855e-14,2.696908058547620526e-14,3.066441561086221612e-14,2.960635528691461137e-14,3.366486454071036934e-14,2.962102010945680798e-14,2.578793606801066697e-14,2.716622967360642409e-14,2.633221371621966386e-14,2.883507672996998676e-14,4.117605912591067339e-14,5.342046553340282813e-14,2.430474543192225247e-14,2.629163722997159262e-14,2.857770367464501006e-14,2.980755530194424196e-14,3.170751716951882193e-14,2.817549781834487437e-14,2.889684945521211077e-14,2.454590742556965006e-14,2.481292871955277277e-14,3.233418080255215220e-14,4.558473459633048989e-14,7.941731374797052280e-14,2.066107577742481962e-14,2.212453918688511934e-14,2.423161318698633316e-14,2.560152908714977640e-14,2.839130770596852858e-14,2.822862883588508453e-14,2.508404112330476892e-14,2.310836887673792037e-14,2.437816583387077307e-14,2.795990806063490911e-14,4.321549217527582607e-14,5.395622542642387024e-14,2.014730147780837515e-14,2.002539866130918981e-14,2.153191733558043154e-14,2.432754533817804598e-14,2.767870211210128278e-14,2.536190192485745544e-14,2.607601816068122082e-14,2.667021921812712733e-14,2.799149313178873601e-14,4.155239567291737455e-14,6.769560159023098744e-14,1.637178157129492156e-14,1.865340375590734610e-14,2.356354712771506734e-14,2.398751869495105273e-14,2.782230086296373853e-14,2.500592746953740103e-14,3.014277971776858026e-14,3.849376056249493359e-14,3.996146697772717049e-14,5.259870282589621267e-14,2.819275988448124056e-14,3.823333015166412412e-14,4.133777037223611097e-14,4.081233975700576178e-14,7.289099021859357533e-14,4.943099852716725002e-14,6.853090542132681708e-14,4.262991483581400115e-14,1.159171420182520925e-13,7.034470151962263961e-14
2.720503413608404977e-14,3.818116140519132984e-14,3.080777433301118786e-14,3.067404781943500238e-14,3.350708806258082262e-14,3.050228656005547380e-14,2.894901599553685803e-14,3.321647608393307079e-14,2.540391448248667874e-14,2.532695294465767514e-14,2.193862738393232347e-14,2.870662308965086799e-14,2.751369386435778291e-14,3.127826645370810219e-14,3.019828108737341376e-14,3.433541631603075523e-14,3.020156544690939506e-14,2.630111963862668089e-14,2.770602432269762555e-14,2.685825783469483775e-14,2.941096943272119940e-14,4.198803605028033408e-14,5.445351675594203834e-14,2.478979619161908467e-14,2.681170641681900383e-14,2.914666027428741892e-14,3.039912804497366167e-14,3.233153760172564942e-14,2.873499614695764671e-14,2.947246888331086505e-14,2.503035267661484134e-14,2.530359959147330866e-14,3.293927926477364662e-14,4.645159289446298590e-14,8.094401881684365947e-14,2.106998464721161021e-14,2.256261768668633713e-14,2.470163274581802363e-14,2.604094106823168119e-14,2.883341450754426422e-14,2.878165485199019678e-14,2.557796430677492088e-14,2.356771050369325707e-14,2.485694599003015034e-14,2.845922983019155516e-14,4.370360582734480321e-14,5.459043973947672380e-14,2.054319800867178875e-14,2.042282074599231038e-14,2.194960718781187678e-14,2.479498671002352148e-14,2.821141741809194197e-14,2.585978709410103089e-14,2.657976587857552857e-14,2.718794660743911549e-14,2.853687945301132432e-14,4.229182844810284577e-14,6.832068909490100349e-14,1.669665302256057377e-14,1.901884057210011449e-14,2.399236525576102819e-14,2.444738105408649738e-14,2.833081717394467730e-14,2.549038343462735950e-14,3.070909871285230235e-14,3.897530376289349269e-14,4.068709418004429363e-14,5.352677931117672898e-14,2.871948229990000852e-14,3.843350874130813593e-14,4.156513439633414306e-14,4.118128382176971812e-14,7.229753937575784988e-14,5.016372635565127075e-14,6.980207390966846736e-14,4.362835168131703752e-14,1.146712657883740059e-13,7.022725314628306258e-14
2.774988231089901032e-14,3.894661502916572545e-14,3.142624388333607318e-14,3.129344374743780981e-14,3.417903625205709760e-14,3.111328369759585952e-14,2.952644551830408554e-14,3.387416388809844594e-14,2.590829149690527511e-14,2.583300710402482533e-14,2.237807871619801268e-14,2.928287011751725600e-14,2.806928336402533968e-14,3.190530195522406571e-14,3.080301819151632287e-14,3.502083078047186879e-14,3.079609262964989423e-14,2.682570268214297057e-14,2.825791943439414612e-14,2.739573290997238535e-14,2.999940568096752654e-14,4.281909979904468824e-14,5.551346240846124926e-14,2.528544308289638680e-14,2.734371250526023564e-14,2.972823863619710186e-14,3.100406478221523253e-14,3.297030425943103817e-14,2.930708571660096037e-14,3.006082041408326628e-14,2.552603435838573220e-14,2.580554095821728861e-14,3.356202099837087604e-14,4.734256477083569461e-14,8.251211466614068376e-14,2.148821940667530670e-14,2.301067575917843548e-14,2.518346002416691949e-14,2.649663934998985987e-14,2.929595897154232942e-14,2.934801336687814803e-14,2.608348019703423556e-14,2.403730857739607069e-14,2.534709977660027660e-14,2.897531839581449685e-14,4.423081444671521608e-14,5.527383037303145108e-14,2.094844530887673060e-14,2.082917950468339527e-14,2.237775839041290526e-14,2.527464473124300889e-14,2.875801349328279558e-14,2.636953297230226789e-14,2.709641594924470923e-14,2.771867011775732565e-14,2.909574877266947112e-14,4.305690592313203980e-14,6.901333725300483220e-14,1.702882005642182048e-14,1.939301882053886372e-14,2.443468875056259636e-14,2.491936641044454041e-14,2.885526536437947496e-14,2.598708485555478393e-14,3.129165444705919157e-14,3.948992166273923652e-14,4.143634538594957293e-14,5.448834550693783722e-14,2.926156658467068621e-14,3.867087701115715709e-14,4.183309057246888281e-14,4.158880961748856891e-14,7.177870031803355766e-14,5.093556331005624331e-14,7.111284501841029535e-14,4.465338600133023440e-14,1.135534382132397356e-13,7.018377796681066404e-14
2.830637250749906445e-14,3.972835879903655822e-14,3.205774144187879598e-14,3.192532613423624927e-14,3.486523980699128860e-14,3.173733164180643451e-14,3.011651991369215199e-14,3.454687693612436972e-14,2.642398302838003324e-14,2.635002006450752178e-14,2.282689877314296428e-14,2.987125618146545198e-14,2.863606967458528948e-14,3.254566431427468303e-14,3.142069334779804621e-14,3.572121085401525738e-14,3.140458823045124076e-14,2.736176713073620149e-14,2.882198893018741183e-14,2.794474831943626960e-14,3.060050050644837472e-14,4.366925562976209369e-14,5.660003974614110134e-14,2.579178234725594336e-14,2.788770086310973601e-14,3.032252876375747340e-14,3.162243390378342963e-14,3.362382514853728189e-14,2.989183739609577264e-14,3.066199864608278527e-14,2.603298570321603386e-14,2.631879627242522260e-14,3.420214577915706484e-14,4.825731770112115536e-14,8.412097780141961482e-14,2.191582644806608071e-14,2.346876225305204639e-14,2.567705141577723540e-14,2.696825591437291876e-14,2.977837586867875667e-14,2.992769236092316659e-14,2.660060981996940698e-14,2.451723294124043218e-14,2.584863646744873482e-14,2.950783351529116053e-14,4.479580561290267846e-14,5.600462717636147489e-14,2.136306016926350018e-14,2.124453152678885908e-14,2.281633865922658553e-14,2.576643887912148432e-14,2.931839442595418674e-14,2.689114500825899666e-14,2.762589821329311861e-14,2.826233761738236041e-14,2.966806103841861487e-14,4.384700229367727109e-14,6.977104579915984103e-14,1.736833210928354229e-14,1.977594647431492840e-14,2.489029317327444588e-14,2.540338841812060821e-14,2.939536752472075260e-14,2.649597908050582909e-14,3.189022899805097723e-14,4.003653221266830956e-14,4.220871157847772487e-14,5.548246739677380950e-14,2.981879828322872684e-14,3.894431598183331753e-14,4.214038942864821911e-14,4.203369151814421083e-14,7.133023509166243059e-14,5.174514131095404157e-14,7.246229508570462378e-14,4.570587456977425136e-14,1.125552531299708216e-13,7.021128173531116002e-14
2.887464142856174869e-14,4.052658532953752531e-14,3.270244115150101253e-14,3.256994517367830292e-14,3.556587585830738331e-14,3.237458250977528383e-14,3.071935109514565361e-14,3.523467743948599926e-14,2.695106310624362817e-14,2.687810451962489529e-14,2.328520192610585938e-14,3.047194432580018373e-14,2.921427761601773462e-14,3.319951694337153007e-14,3.205145505362973961e-14,3.643668974580414833e-14,3.202707625002676254e-14,2.790941687985923762e-14,2.939833148436141347e-14,2.850543293800364083e-14,3.121439111853625770e-14,4.453856115017827061e-14,5.771308605736099278e-14,2.630892856688509671e-14,2.844374356465557105e-14,3.092964547063033420e-14,3.225433277058360792e-14,3.429214648484739559e-14,3.048934851837193169e-14,3.127612288779716208e-14,2.655126558498508386e-14,2.684343391606175640e-14,3.485945642164159677e-14,4.919561194913136075e-14,8.577017141315911901e-14,2.235287125819381584e-14,2.393694682743746972e-14,2.618239588603294272e-14,2.745547768473602802e-14,3.028016605448742408e-14,3.052071512579373800e-14,2.712940182205206455e-14,2.500757326847179540e-14,2.636159317660370245e-14,3.005649451898733629e-14,4.539738320887566211e-14,5.678122214152551472e-14,2.178708086394877230e-14,2.166895070702823345e-14,2.326534353763076716e-14,2.627032457914382681e-14,2.989250658033548607e-14,2.742465821571067506e-14,2.816818015788029375e-14,2.881893387847328907e-14,3.025381388077242591e-14,4.466159731296764453e-14,7.059153499398573725e-14,1.771525208801806635e-14,2.016765190113747501e-14,2.535899881143842860e-14,2.589939665678413610e-14,2.995090164538704564e-14,2.701704799432928546e-14,3.250466051685869338e-14,4.061415340909053652e-14,4.300377876514871315e-14,5.650836249982025824e-14,3.039101617449017937e-14,3.925281622216035337e-14,4.248590205774042469e-14,4.251480916661999336e-14,7.094841166070299692e-14,5.259124467256486898e-14,7.384969110720455084e-14,4.678671039579566884e-14,1.116693000912621620e-13,7.030713267072358676e-14
2.945484255940135153e-14,4.134151179063120035e-14,3.336053400070175906e-14,3.322755611013685850e-14,3.628114154967087049e-14,3.302520763942207153e-14,3.133507301561201725e-14,3.593766098228938569e-14,2.748962744235870261e-14,2.741739039952048727e-14,2.375311529016174703e-14,3.108511304742920743e-14,2.980413632583014579e-14,3.386704204423507965e-14,3.269547107290659130e-14,3.716742738809755014e-14,3.266361399140548265e-14,2.846877535121761504e-14,2.998706774701168088e-14,2.907793296161958253e-14,3.184123437969610722e-14,4.542712005558614620e-14,5.885252691426894683e-14,2.683701267510683201e-14,2.901193644418553749e-14,3.154972556110718917e-14,3.289988440877952890e-14,3.497534837242446237e-14,3.109973989305935009e-14,3.190333434173900056e-14,2.708095574255808476e-14,2.737954448204612766e-14,3.553381258894345431e-14,5.015729038311773894e-14,8.745942115798615538e-14,2.279943642501815111e-14,2.441531772700491022e-14,2.669951163285501103e-14,2.795804241661847256e-14,3.080089219399666975e-14,3.112713641292922852e-14,2.766992948493246684e-14,2.550843690777045403e-14,2.688603188870301725e-14,3.062107527879494422e-14,4.603445852361810035e-14,5.760215740856692695e-14,2.222056493821886075e-14,2.210252641988330982e-14,2.372479360340239539e-14,2.678628961295977705e-14,3.048033424216640418e-14,2.797013399870401596e-14,2.872326304059622333e-14,2.938847670428172365e-14,3.085303857714561842e-14,4.550026663605725850e-14,7.147272459055595197e-14,1.806965502220885585e-14,2.056818180150787305e-14,2.584066687819569214e-14,2.640737307700963424e-14,3.052169661724844642e-14,2.755030446189218583e-14,3.313483773954739249e-14,4.122189646639830821e-14,4.382121894834139741e-14,5.756538554320236705e-14,3.097810670950958667e-14,3.959546361289654976e-14,4.286860454572723118e-14,4.303113731229090830e-14,7.062994143854459165e-14,5.347279907503817146e-14,7.527446955666659004e-14,4.789682460800687539e-14,1.108890353474530899e-13,7.046900793390489500e-14
3.004714439682174112e-14,4.217337712455922111e-14,3.403222604552083154e-14,3.389841912274562099e-14,3.701125185136104865e-14,3.368939552522681678e-14,3.196383927524631164e-14,3.665595280991401403e-14,2.803979114779483814e-14,2.796802306104623690e-14,2.423077743974037023e-14,3.171095467924139017e-14,3.040587933212632910e-14,3.454843858150108440e-14,3.335292635110312698e-14,3.791360741940927261e-14,3.331428847933543508e-14,2.903998341464869733e-14,3.058833797298294809e-14,2.966241006907195871e-14,3.248120467503475334e-14,4.633507677202278700e-14,6.001836594740752401e-14,2.737618025740290169e-14,2.959239655857993760e-14,3.218292543410628622e-14,3.355923468697732005e-14,3.567354107499424295e-14,3.172315325421414680e-14,3.254379371434858583e-14,2.762215838027206813e-14,2.792723843059261210e-14,3.622512526092474483e-14,5.114226952186575578e-14,8.918859482176691620e-14,2.325561990384843252e-14,2.490397986280529002e-14,2.722844314837977335e-14,2.847573489219907762e-14,3.134017479808255261e-14,3.174703908613623996e-14,2.822228813918903842e-14,2.601994703838512841e-14,2.742203687586866360e-14,3.120139961184479954e-14,4.670604282814542414e-14,5.846611492556379304e-14,2.266358727777223080e-14,2.254536194757652427e-14,2.419473200591042579e-14,2.731435093714908354e-14,3.108189577678151182e-14,2.852765739193509460e-14,2.929117847465783069e-14,2.997101353152926328e-14,3.146579652557007435e-14,4.636267306944662739e-14,7.241271664709346962e-14,1.843162688371611612e-14,2.097759940820155257e-14,2.633519603545229101e-14,2.692732884517718672e-14,3.110762770164064195e-14,2.809578919869560496e-14,3.378069508479776697e-14,4.185895993557752477e-14,4.466078199038983806e-14,5.865301549733911330e-14,3.157999918970929346e-14,3.997142751163810045e-14,4.328756505855982156e-14,4.358173756116117653e-14,7.037192571263723420e-14,5.438886151833925112e-14,7.673621736127479531e-14,4.903718843879299851e-14,1.102086739693929702e-13,7.069485653061834799e-14
3.065172895171750816e-14,4.302243969229049577e-14,3.471773690825686485e-14,3.458279905753718925e-14,3.775643772905390083e-14,3.436735006215291837e-14,3.260582107859905953e-14,3.738970462909610747e-14,2.860168676114501437e-14,2.853016174412471249e-14,2.471833731946679051e-14,3.234967403706541002e-14,3.101974461999090148e-14,3.524392057974148799e-14,3.402402125543676309e-14,3.867543462260032276e-14,3.397921334567158527e-14,2.962319761322391780e-14,3.120229999082732556e-14,3.025903986276807619e-14,3.313449210783953772e-14,4.726261185451905626e-14,6.121067591663999849e-14,2.792659009640151242e-14,3.018525999849555088e-14,3.282941904019402298e-14,3.423254989799768929e-14,3.638686179060721646e-14,3.235974907299219031e-14,3.319767918017153429e-14,2.817499408788927009e-14,2.848664406503494123e-14,3.693335178525633737e-14,5.215053164892202581e-14,9.095768506103426132e-14,2.372153351693945998e-14,2.540305315318545061e-14,2.776925862984483479e-14,2.900838338957431489e-14,3.189768851708093827e-14,3.238053120610653026e-14,2.878659291826320370e-14,2.654224108620204984e-14,2.796971244794595078e-14,3.179733707752841105e-14,4.741124105862349202e-14,5.937190739120962283e-14,2.311623842100205430e-14,2.299757312349515683e-14,2.467522229193499596e-14,2.785455186253480596e-14,3.169724023454679849e-14,2.909733465681708566e-14,2.987198541616693326e-14,3.056661844473138495e-14,3.209217615801303438e-14,4.724855863050826919e-14,7.340978129327336220e-14,1.880126355816050170e-14,2.139598290834101418e-14,2.684251922819637833e-14,2.745930154088800498e-14,3.170861242274512738e-14,2.865356801339780956e-14,3.444220827037881528e-14,4.252462452394861991e-14,4.552228827645975902e-14,5.977084383607094895e-14,3.219666162283624777e-14,4.037995091884523698e-14,4.374193317650655218e-14,4.416575162451625467e-14,7.017181044875982838e-14,5.533861106132253629e-14,7.823465524042992246e-14,5.020881529887037969e-14,1.096230983974820206e-13,7.098286839929158273e-14
3.126879048537867348e-14,4.388897530249762942e-14,3.541729852174011605e-14,3.528096488207173057e-14,3.851694461253306612e-14,3.505928906321105787e-14,3.326120549296160865e-14,3.813909185281295800e-14,2.917546254848527319e-14,2.910397825780502014e-14,2.521595332123300385e-14,3.300148729043897294e-14,3.164597470076647472e-14,3.595371569545503547e-14,3.470897009242524756e-14,3.945313275266303438e-14,3.465852612345721236e-14,3.021858864432545498e-14,3.182912746550933300e-14,3.086801055040992875e-14,3.380130097413609500e-14,4.820993803662960337e-14,6.242959094187584167e-14,2.848841293130189231e-14,3.079068000190431459e-14,3.348939614210085899e-14,3.492001468997523604e-14,3.711547186508439318e-14,3.300970468578622442e-14,3.386518465052695843e-14,2.873960004095423320e-14,2.905790578312852102e-14,3.765849145755839743e-14,5.318211787690055688e-14,9.276679439921418255e-14,2.419730165476865023e-14,2.591267109152290275e-14,2.832204770168956967e-14,2.955585641248601829e-14,3.247315866447777206e-14,3.302774349423682667e-14,2.936297680966710021e-14,2.707546936584962909e-14,2.852918099406213202e-14,3.240879914141234751e-14,4.814924634215757428e-14,6.031847022711759821e-14,2.357862308610378993e-14,2.345928716328132447e-14,2.516634648994378404e-14,2.840695955684426657e-14,3.232644435590120728e-14,2.967929119012937566e-14,3.046576750977489863e-14,3.117538955603095956e-14,3.273229024193057061e-14,4.815773735437175861e-14,7.446234483768071707e-14,1.917866995371315064e-14,2.182342405908160891e-14,2.736260080474564363e-14,2.800335267131334421e-14,3.232460685007797442e-14,2.922372938141483287e-14,3.511939040021438285e-14,4.321824844836314756e-14,4.640562210867529005e-14,6.091856394013203371e-14,3.282809711345519266e-14,4.082034234702758449e-14,4.423093113332475767e-14,4.478239576670561795e-14,7.002734696184875274e-14,5.632134023556935817e-14,7.976962309248430653e-14,5.141276296341345784e-14,1.091277803678091424e-13,7.133144630689290779e-14
3.189853444224190528e-14,4.477327555558253522e-14,3.613115407611182476e-14,3.599319130044977338e-14,3.929303111335874966e-14,3.576544300903353207e-14,3.393019396262454350e-14,3.890431122658476108e-14,2.976128103761067335e-14,2.968965586177002055e-14,2.572379250355431554e-14,3.366662101965926513e-14,3.228481668219760209e-14,3.667806401806251297e-14,3.540799985775179800e-14,4.024694269280623569e-14,3.535238589527204588e-14,3.082634006222636652e-14,3.246900841153340017e-14,3.148952182857017326e-14,3.448184847222035817e-14,4.917729683413266635e-14,6.367529974381604556e-14,2.906183040209456126e-14,3.140882532777303667e-14,3.416306083252351797e-14,3.562183029497863448e-14,3.785955438314297060e-14,3.367321269142287537e-14,3.454651830005888121e-14,2.931612844312224011e-14,2.964118256845070924e-14,3.840058157588780556e-14,5.423712204547234553e-14,9.461612220935074306e-14,2.468306015268437530e-14,2.643297950987071115e-14,2.888691941200897130e-14,3.011805966497372483e-14,3.306635794888569210e-14,3.368882712583373616e-14,2.995158896505924170e-14,2.761979391642801176e-14,2.910058127830799414e-14,3.303573567782732704e-14,4.891933515113278171e-14,6.130485434244105890e-14,2.405085888627830324e-14,2.393064165796536362e-14,2.566820342120124370e-14,2.897166283462139388e-14,3.296960992957844193e-14,3.027366970449567293e-14,3.107263075058313393e-14,3.179744670603358352e-14,3.338627352090533367e-14,4.909008878125692239e-14,7.556897968823036331e-14,1.956395922952277331e-14,2.226002697536582980e-14,2.789543390023609488e-14,2.855956546819362012e-14,3.295560223734965662e-14,2.980638231036313256e-14,3.581228847328435046e-14,4.393926318978410633e-14,4.731072576151360113e-14,6.209596152206612442e-14,3.347434067481363971e-14,4.129196913199613095e-14,4.475384665287664626e-14,4.543095619323441338e-14,6.993655791754828755e-14,5.733644704397133485e-14,8.134106710548269447e-14,5.265013588275634548e-14,1.087187137975830698e-13,7.173917966224134155e-14
3.254117655169515855e-14,4.567564647407132734e-14,3.685955714875622457e-14,3.671975874396361224e-14,4.008496795659304208e-14,3.648605400079607562e-14,3.461300104528902167e-14,3.968557878906485439e-14,3.035931775662201483e-14,3.028738831690827701e-14,2.624202993197963951e-14,3.434531143224177240e-14,3.293652234322600030e-14,3.741721706775158624e-14,3.612134918625786482e-14,4.105712089504692687e-14,3.606097125415289206e-14,3.144664717631832505e-14,3.312214392381616268e-14,3.212378394065458102e-14,3.517636361500167916e-14,5.016495563797247144e-14,6.494803979822734415e-14,2.964703415521429891e-14,3.203987885719273562e-14,3.485063027499615234e-14,3.633821301669506045e-14,3.861931209132319703e-14,3.435047958256244000e-14,3.524190131679766803e-14,2.990474518069107837e-14,3.023664669075547807e-14,3.915969392730627705e-14,5.531568536744128566e-14,9.650595354085570896e-14,2.517895532079839515e-14,2.696413551365549426e-14,2.946400047348622468e-14,3.069493325973300352e-14,3.367710340354878769e-14,3.436395181409929822e-14,3.055259323707025890e-14,2.817538750542529319e-14,2.968406695978411020e-14,3.367813178940238275e-14,4.972086294045348869e-14,6.233021954930095351e-14,2.453307521061587075e-14,2.441178370809877202e-14,2.618090721442808548e-14,2.954877020501504583e-14,3.362686146714861771e-14,3.088062864842137779e-14,3.169270142867761962e-14,3.243292945026902202e-14,3.405428065613166586e-14,5.004555207786116900e-14,7.672839571343667424e-14,1.995725213168066365e-14,2.270590706960459011e-14,2.844103806476727807e-14,2.912804293879489837e-14,3.360162199094665511e-14,3.040165446566913043e-14,3.652098027610094337e-14,4.468716956563852061e-14,4.823759414768952482e-14,6.330290600613379085e-14,3.413545640360648685e-14,4.179425197887855446e-14,4.531002712980059933e-14,4.611078518981313234e-14,6.989770780733635592e-14,5.838342750403642240e-14,8.294902845044499240e-14,5.392208762713563044e-14,1.083923569349993044e-13,7.220482080221994370e-14
3.319694207064842140e-14,4.659640736411733788e-14,3.760277098202808099e-14,3.746095315498021701e-14,4.089303708821306961e-14,3.722137488091679197e-14,3.530985333557844828e-14,4.048312811723017044e-14,3.096976014749519006e-14,3.089737907818772591e-14,2.677084812234199657e-14,3.503780371029901065e-14,3.360134820813872877e-14,3.817143695569622401e-14,3.684926746797543877e-14,4.188393805859618880e-14,3.678447853359514402e-14,3.207971610464897630e-14,3.378874709266460527e-14,3.277101688056056017e-14,3.588508631145026258e-14,5.117320522210379579e-14,6.624809227237224954e-14,3.024422508509791784e-14,3.268403638856988348e-14,3.555233363229724671e-14,3.706939293712441791e-14,3.939496560469149983e-14,3.504172457523266441e-14,3.595156683989371473e-14,3.050562865917070100e-14,3.084448258507017486e-14,3.993593165899860910e-14,5.641799172807061781e-14,9.843664948939107858e-14,2.568514310562740172e-14,2.750630656277144831e-14,3.005343371814096630e-14,3.128644914463782405e-14,3.430525350000813515e-14,3.505330414487908685e-14,3.116616691123098145e-14,2.874243277806807946e-14,3.027980530583334726e-14,3.433600491685056604e-14,5.055326014351418577e-14,6.339382847262011194e-14,2.502541224881388700e-14,2.490286917846124561e-14,2.670458599887731550e-14,3.013840814681016453e-14,3.429834415501115326e-14,3.150034083310025654e-14,3.232612432116008307e-14,3.308199529460412831e-14,3.473648442881399729e-14,5.102412073281258689e-14,7.793943268109742695e-14,2.035867642113564058e-14,2.316119012397397157e-14,2.899945711492988309e-14,2.970890614123974077e-14,3.426271893696872006e-14,3.100969052378024425e-14,3.724557161641966129e-14,4.546153404832410863e-14,4.918627003272022672e-14,6.453934276905938626e-14,3.481153495622292784e-14,4.232666053759232678e-14,4.589887491962473512e-14,4.682129782809951198e-14,6.990927715758070837e-14,5.946186868486992654e-14,8.459363333318815586e-14,5.522982347566391121e-14,1.081455822431520724e-13,7.272726388801539801e-14
3.386606514682436329e-14,4.753588987379395577e-14,3.836106788682315808e-14,3.821706592005996441e-14,4.171753093173573292e-14,3.797166849701565780e-14,3.602098854997961689e-14,4.129720881887768976e-14,3.159280663186550036e-14,3.151984061024611485e-14,2.731043657168692651e-14,3.574435146909992395e-14,3.427955562042960224e-14,3.894099568262934902e-14,3.759201410612584660e-14,4.272767801225416500e-14,3.752312027346151749e-14,3.272576297235484502e-14,3.446904207810683414e-14,3.343144972136838987e-14,3.660826659296599649e-14,5.220235761088302342e-14,6.757577764466927142e-14,3.085361269298034840e-14,3.334150560182098769e-14,3.626841115653559603e-14,3.781561281270034923e-14,4.018675186087061662e-14,3.574717860985305795e-14,3.667575905892358151e-14,3.111896879903345636e-14,3.146488588671744401e-14,4.072942649631160776e-14,5.754426356329525121e-14,1.004086388946075239e-13,2.620178836698449046e-14,2.805966968459877381e-14,3.065537674195346077e-14,3.189260873600637983e-14,3.495070543959904836e-14,3.575708613153729082e-14,3.179249960881994521e-14,2.932112152674329187e-14,3.088797607515882350e-14,3.500940221804798348e-14,5.141602844384200394e-14,6.449504085861656787e-14,2.552802014264667192e-14,2.540406205786044681e-14,2.723938075497485224e-14,3.074071958655519744e-14,3.498422205339962600e-14,3.213299224080018454e-14,3.297306110423425666e-14,3.374481815113574699e-14,3.543307417272743979e-14,5.202583777911787221e-14,7.920105351202844613e-14,2.076836638224738597e-14,2.362601147996643992e-14,2.957075719158404988e-14,3.030229266067168815e-14,3.493897286208068622e-14,3.163065072744467246e-14,3.798619386466381960e-14,4.626198528709575240e-14,5.015683974928710363e-14,6.580528616844298494e-14,3.550269128952232896e-14,4.288870983525916007e-14,4.651984354245783811e-14,4.756196909980932621e-14,6.996993988453907607e-14,6.057144221026048029e-14,8.627508424846317839e-14,5.657460316357271016e-14,1.079756327769780490e-13,7.330552644132552264e-14
3.454878828526884516e-14,4.849443722098534061e-14,3.913472875467575078e-14,3.898839391478594984e-14,4.255875177159495018e-14,3.873720708876043163e-14,3.674665475098041446e-14,4.212808523999802179e-14,3.222866580917944968e-14,3.215499380861983658e-14,2.786099136454542176e-14,3.646521630996099202e-14,3.497141081752817365e-14,3.972617455542524333e-14,3.834985789654688357e-14,4.358863677200496692e-14,3.827712389250741720e-14,3.338501322952490411e-14,3.516326332198557983e-14,3.410532005130420892e-14,3.734616396390919339e-14,5.325274425741448791e-14,6.893145192123988107e-14,3.147541454661564391e-14,3.401250516957429303e-14,3.699911341852008944e-14,3.857712713425763011e-14,4.099492278975060897e-14,3.646708350053294761e-14,3.741473245229090887e-14,3.174496617035715155e-14,3.209806260212078500e-14,4.154033627320879264e-14,5.869475825118673115e-14,1.024224111884846017e-13,2.672906425535207388e-14,2.862441078869827053e-14,3.127000071769563194e-14,3.251344074689493531e-14,3.561339261710367882e-14,3.647551396286537574e-14,3.243179233917128856e-14,2.991165406816509304e-14,3.150877054991919394e-14,3.569839819602553570e-14,5.230873726481038245e-14,6.563330821678314620e-14,2.604105824885787997e-14,2.591553391027464603e-14,2.778544430662249730e-14,3.135586255778875840e-14,3.568467651489564367e-14,3.277878099247550266e-14,3.363368896056330609e-14,3.442158698896139189e-14,3.614425440952729597e-14,5.305079149968454210e-14,8.051233815120456477e-14,2.118646240256172984e-14,2.410051533121967978e-14,3.015502500729306379e-14,3.090835526464086285e-14,3.563048830471728643e-14,3.226470962012182587e-14,3.874300177222437468e-14,4.708821080520035870e-14,5.114942936623036375e-14,6.710081329242534618e-14,3.620906263615135220e-14,4.347995741357605269e-14,4.717243463027365386e-14,4.833233136966006638e-14,7.007854341018124709e-14,6.171189820648869208e-14,8.799365230577241820e-14,5.795774380141040348e-14,1.078800840575551915e-13,7.393873340984114008e-14
3.524536190094718225e-14,4.947240356771072324e-14,3.992404266523644263e-14,3.977523957308075339e-14,4.341701124081151187e-14,3.951827177779186827e-14,3.748710968894020749e-14,4.297603535557871007e-14,3.287755576815816529e-14,3.280306751008208692e-14,2.842271484254151168e-14,3.720066745073156431e-14,3.567718500618383758e-14,4.052726370170447193e-14,3.912307650852469574e-14,4.446712174572371237e-14,3.904673053934547900e-14,3.405770107161515268e-14,3.587165487711310489e-14,3.479287349973321300e-14,3.809904685601358398e-14,5.432471448408560445e-14,7.031550336093567640e-14,3.210985582525655794e-14,3.469726399431619423e-14,3.774470065486055981e-14,3.935420132615089220e-14,4.181974416825084200e-14,3.720169121039179115e-14,3.816875114291572833e-14,3.238383124705468335e-14,3.274422839617714562e-14,4.236884274066990414e-14,5.986976495271783516e-14,1.044785102401037164e-13,2.726715167577715996e-14,2.920072408693430210e-14,3.189748935510848738e-14,3.314899919708868023e-14,3.629328224917896297e-14,3.720881691798833368e-14,3.308425668094931513e-14,3.051423871464007003e-14,3.214239069682937665e-14,3.640309255431254004e-14,5.323102043344194375e-14,6.680816874015839667e-14,2.656469449885687087e-14,2.643746340435174294e-14,2.834294043684573310e-14,3.198400901995172863e-14,3.639990479567418302e-14,3.343791645318249393e-14,3.430819935787626353e-14,3.511250465513264150e-14,3.687024366037809342e-14,5.409911156981746243e-14,8.187247788998705272e-14,2.161311061748285900e-14,2.458485410669835163e-14,3.075236626632195169e-14,3.152726071680337796e-14,3.633739257248793527e-14,3.291205493726869328e-14,3.951617153600915569e-14,4.793995385101433236e-14,5.216420126591395103e-14,6.842605835096069032e-14,3.693080669494177030e-14,4.410000103450546007e-14,4.785619546726671936e-14,4.913197205700501970e-14,7.023409089206668420e-14,6.288305966926110154e-14,8.974967050970165313e-14,5.938062297442496849e-14,1.078568105712750064e-13,7.462610345662241084e-14
3.595604393962481271e-14,5.047015349056806274e-14,4.072930656024823776e-14,4.057791099067671775e-14,4.429262988911271260e-14,4.031515213172279566e-14,3.824262024262978905e-14,4.384134981527448886e-14,3.353970349269269430e-14,3.346429807647004252e-14,2.899581532627216870e-14,3.795098141724256686e-14,3.639715442789872480e-14,4.134456166607361637e-14,3.991195605022669035e-14,4.536345106111408831e-14,3.983219409702740659e-14,3.474406894626964081e-14,3.659446983531539215e-14,3.549436333815244571e-14,3.886719216834626513e-14,5.541863412958938551e-14,7.172834958758624001e-14,3.275716893080695496e-14,3.539602055273912497e-14,3.850544221423579492e-14,4.014711106333544028e-14,4.266149463371000228e-14,3.795126323323197568e-14,3.893808835221124764e-14,3.303578376315707723e-14,3.340360797882656510e-14,4.321514962173159723e-14,6.106960184981297001e-14,1.065775289597017998e-13,2.781623882502098643e-14,2.978881158829927849e-14,3.253803798915763623e-14,3.379936159066208933e-14,3.699037315909343259e-14,3.795723642509373060e-14,3.375011407387267096e-14,3.112909131839411437e-14,3.278904843908813288e-14,3.712360825847289238e-14,5.418257298532321114e-14,6.801924242860251319e-14,2.709910484154996300e-14,2.697003590929195541e-14,2.891204311100004189e-14,3.262534381705976182e-14,3.713011883511411047e-14,3.411061845588266196e-14,3.499679697682805496e-14,3.581778684338386614e-14,3.761127341027256689e-14,5.517096559450670993e-14,8.328076996690573232e-14,2.204846261146280258e-14,2.507918793196969571e-14,3.136290423937782157e-14,3.215918872836651330e-14,3.705983396268585703e-14,3.357288663413201096e-14,4.030589908115371284e-14,4.881701038912159150e-14,5.320135108908242025e-14,6.978120763057233969e-14,3.766809996943823486e-14,4.474847682938354931e-14,4.857071698961978193e-14,4.996053146629604230e-14,7.043572550254433874e-14,6.408481721791814284e-14,9.154352780885640526e-14,6.084468201628473859e-14,1.079039560744753804e-13,7.536693682225085770e-14
3.668109963813516957e-14,5.148806172690915185e-14,4.155082504865586153e-14,4.139672197997724840e-14,4.518593695050510026e-14,4.112814589977555320e-14,3.901346200422177918e-14,4.472433120640389762e-14,3.421534441483689309e-14,3.413892910018675228e-14,2.958050692292884696e-14,3.871644186954445148e-14,3.713160048695005788e-14,4.217837513546980744e-14,4.071679076452767601e-14,4.627795306900416445e-14,4.063378038176849096e-14,3.544436718596422807e-14,3.733196989504044321e-14,3.621005019707611696e-14,3.965088494813230575e-14,5.653488464484672757e-14,7.317043564695672709e-14,3.341759321564303815e-14,3.610902238601735481e-14,3.928161614575405262e-14,4.095614174934923888e-14,4.352046489728014829e-14,3.871607012347647095e-14,3.972302599734948222e-14,3.370105220652725367e-14,3.407643462703548416e-14,4.407948095404125273e-14,6.229461378824531742e-14,1.087201070104280115e-13,2.837652083296168489e-14,3.038888270900785712e-14,3.319185282997434411e-14,3.446462730418841812e-14,3.770469377614001232e-14,3.872102530355170389e-14,3.442959525702882015e-14,3.175643493063264583e-14,3.344896507371010491e-14,3.786008984605148324e-14,5.516314822783716877e-14,6.926622694906048282e-14,2.764447279589832602e-14,2.751344318441921404e-14,2.949293583579478833e-14,3.328006380956269098e-14,3.787554424150834560e-14,3.479711667967109777e-14,3.569969882427723152e-14,3.653766124761546079e-14,3.836758726394231070e-14,5.626655608930880921e-14,8.473661331804927750e-14,2.249267512789933616e-14,2.558368419062251623e-14,3.198677853117537331e-14,3.280433108869038767e-14,3.779798022593419164e-14,3.424741608462141597e-14,4.111239860201123391e-14,4.971922631299682321e-14,5.426110508309599227e-14,7.116649540468291290e-14,3.842113682918156702e-14,4.542505793526610741e-14,4.931563228463304538e-14,5.081770091049428489e-14,7.068271687839361243e-14,6.531712443998249343e-14,9.337566529598484614e-14,6.235142983286618764e-14,1.080199093397876992e-13,7.616059853292722157e-14
3.742080121816694989e-14,5.252651257954664911e-14,4.238891008872929845e-14,4.223199206986617426e-14,4.609726998037806290e-14,4.195755863717333112e-14,3.979991888405985082e-14,4.562529336066529894e-14,3.490472194866934169e-14,3.482721108907763579e-14,3.017700931895464509e-14,3.949733936211609877e-14,3.788080976370985937e-14,4.302901867343218456e-14,4.153788273463292321e-14,4.721096590758376914e-14,4.145176640810103365e-14,3.615885364443081593e-14,3.808442494660878833e-14,3.694020178512054335e-14,4.045041806518566654e-14,5.767386190220560225e-14,7.464223127082375556e-14,3.409137468367560743e-14,3.683652561136087642e-14,4.007350880719903029e-14,4.178158803362232872e-14,4.439695704301634935e-14,3.949639105754661601e-14,4.052385431329141404e-14,3.437987333260061257e-14,3.476294972348764935e-14,4.496207958098098915e-14,6.354517034084028186e-14,1.109069221926647386e-13,2.894819940550751901e-14,3.100115388858254885e-14,3.385915025188410308e-14,3.514491605281242074e-14,3.843630020399722937e-14,3.950044705812714372e-14,3.512293973109921021e-14,3.239649946007496255e-14,3.412237071407393785e-14,3.861270184213396828e-14,5.617255480993087167e-14,7.054889266651043154e-14,2.820098901745029834e-14,2.806788307389093165e-14,3.008581104785245820e-14,3.394837705563282361e-14,3.863641935142460323e-14,3.549765005993611850e-14,3.641713340185717061e-14,3.727236676979570714e-14,3.913944015876715319e-14,5.738611783890054300e-14,8.623950267093101673e-14,2.294590989290369816e-14,2.609851710582809416e-14,3.262414390636307131e-14,3.346289082891384775e-14,3.855201713295583515e-14,3.493586532551920566e-14,4.193590121829101044e-14,5.064649474162737652e-14,5.534371775221497187e-14,7.258219960724807926e-14,3.919012747836804610e-14,4.612945321436490347e-14,5.009061516243689932e-14,5.170322065330251482e-14,7.097444805848895602e-14,6.657999337206459253e-14,9.524656892755409778e-14,6.390244621055794313e-14,1.082032781475104375e-13,7.700653209322996516e-14
3.817542761740052740e-14,5.358589959572479846e-14,4.324388072550341788e-14,4.308404647004043059e-14,4.702697452845971733e-14,4.280370337907510508e-14,4.060228264696906650e-14,4.654456058668775355e-14,3.560808705719563072e-14,3.552940114801764622e-14,3.078554756651861712e-14,4.029397109037435007e-14,3.864507398800311213e-14,4.389681435408255266e-14,4.237554150583286556e-14,4.816283688600145226e-14,4.228643961279071630e-14,3.688779331640710540e-14,3.885211262095334281e-14,3.768509255692425175e-14,4.126609182253977599e-14,5.883597531227873404e-14,7.614422917467001723e-14,3.477876569121198469e-14,3.757879442248798071e-14,4.088141441385777063e-14,4.262375325555167828e-14,4.529128372351947250e-14,4.029251332800805506e-14,4.134087138954726931e-14,3.507249168034462668e-14,3.546340229422892469e-14,4.586320563958231079e-14,6.482166350503925808e-14,1.131386904671078737e-13,2.953148248776796968e-14,3.162584822016052971e-14,3.454015611751444510e-14,3.584036643921965139e-14,3.918527435721811695e-14,4.029577516035441892e-14,3.583039522901376321e-14,3.304952133412522940e-14,3.480950374932824533e-14,3.938162724861366277e-14,5.721065364089836013e-14,7.186707862151678361e-14,2.876885089308427920e-14,2.863355920516643618e-14,3.069086954341528589e-14,3.463050203528568302e-14,3.941299430249893456e-14,3.621246620534718519e-14,3.714933990216008448e-14,3.802215274388522108e-14,3.992709758195210448e-14,5.852991496787084433e-14,8.778902432876617226e-14,2.340833332413988058e-14,2.662386734690877336e-14,3.327516919692579962e-14,3.413508144736848686e-14,3.932214710068460339e-14,3.563846633269810953e-14,4.277665365856737333e-14,5.159875317314357714e-14,5.644946940678960857e-14,7.402863814665718789e-14,3.997529746973539695e-14,4.686140614385256105e-14,5.089537886078136842e-14,5.261687790225046669e-14,7.131040419170852688e-14,6.787349001869729876e-14,9.715676738814437443e-14,6.549938600584334700e-14,1.084528700878715905e-13,7.790423490587953107e-14
3.894526435432612238e-14,5.466662549567574281e-14,4.411606309749396981e-14,4.395321635147194640e-14,4.797540402798924739e-14,4.366690053006382155e-14,4.142085272889320099e-14,4.748246729545310428e-14,3.632569799648863471e-14,3.624576283534777425e-14,3.140635199793408300e-14,4.110664083757208174e-14,3.942469018501143340e-14,4.478209167312834153e-14,4.323008397260021634e-14,4.913392231336993515e-14,4.313809740209819476e-14,3.763145814960568064e-14,3.963531807320100908e-14,3.844500359933471245e-14,4.209821383470980872e-14,6.002164723804769498e-14,7.767694357710529830e-14,3.548002481821795309e-14,3.833610080795814135e-14,4.170563484779575375e-14,4.348294919192675374e-14,4.620376775553129682e-14,4.110473212344860610e-14,4.217438300364502790e-14,3.577915928359784935e-14,3.617804874065188751e-14,4.678313548235514817e-14,6.612450635408632275e-14,1.154161625544728857e-13,3.012658405178174156e-14,3.226319522680267754e-14,3.523510530184216456e-14,3.655113475653809685e-14,3.995172239203951176e-14,4.110729260580914900e-14,3.655221738732106568e-14,3.371574331467777326e-14,3.551061049537632106e-14,4.016706634341771344e-14,5.827735539745377950e-14,7.322068869696705862e-14,2.934826226652451367e-14,2.921068081836057964e-14,3.130832006593190336e-14,3.532666708662734030e-14,4.020553039671264295e-14,3.694182103068526161e-14,3.789656764809354963e-14,3.878727841227524577e-14,4.073083505817216975e-14,5.969823903545404281e-14,8.938485180904091141e-14,2.388011645181353230e-14,2.715992175444702137e-14,3.394003643251269222e-14,3.482112633460491651e-14,4.010858813104501267e-14,3.635546051425102075e-14,4.363491729960876991e-14,5.257598117321242248e-14,5.757866442128881245e-14,7.550616593855078437e-14,4.077688646019880526e-14,4.762069404661932357e-14,5.172967516083173644e-14,5.355850506345845649e-14,7.169016276246723905e-14,6.919773082316011313e-14,9.910682827058869053e-14,6.714398342606998557e-14,1.087676739455777884e-13,7.885325531136555825e-14
3.973060339426396845e-14,5.576910197234084158e-14,4.500579033667658534e-14,4.483983887419008867e-14,4.894291965377545732e-14,4.454747770267169504e-14,4.225593599041915258e-14,4.843935755272341008e-14,3.705782004271083208e-14,3.697656598595129326e-14,3.203965811381718591e-14,4.193565886106975666e-14,4.021996073238165661e-14,4.568518739837313612e-14,4.410183420907529628e-14,5.012458720365892578e-14,4.400704667129783087e-14,3.839012683367551621e-14,4.043433373165971145e-14,3.922022246726468642e-14,4.294709883579566904e-14,6.123131238704348203e-14,7.924090880753086916e-14,3.619541671170920260e-14,3.910872425166316276e-14,4.254647942181153897e-14,4.435949575444233201e-14,4.713474165094087765e-14,4.193335024989287787e-14,4.302470238310597094e-14,3.650013536892846337e-14,3.690715255654755235e-14,4.772216062097498462e-14,6.745413163309109301e-14,1.177401213187961940e-13,3.073372387939396912e-14,3.291343063047268973e-14,3.594424122848588352e-14,3.727739384802123449e-14,4.073577319013575733e-14,4.193529145997150755e-14,3.728866941096857864e-14,3.439541429875605406e-14,3.622594484418871753e-14,4.096923553816905691e-14,5.937261791907534059e-14,7.460968788465195345e-14,2.993943316591271214e-14,2.979946257949317461e-14,3.193837890712767927e-14,3.603710986035788094e-14,4.101429946903860337e-14,3.768597838213969031e-14,3.865907554325534049e-14,3.956801240638769722e-14,4.155093763877943526e-14,6.089140701542717735e-14,9.102674155070507698e-14,2.436143477937482483e-14,2.770687307193236760e-14,3.461893999654488709e-14,3.552125821732302300e-14,4.091157279365906680e-14,3.708709821545005680e-14,4.451096723761953380e-14,5.357819802496414701e-14,5.873162952955361307e-14,7.701517205258225680e-14,4.159514727576120142e-14,4.840712733118212093e-14,5.259329345845232126e-14,5.452797791856443111e-14,7.211338429893878129e-14,7.055287912705083769e-14,1.010973551977559141e-13,6.883805659021985675e-14,1.091468429546349328e-13,7.985318901433599642e-14
4.053174302931164829e-14,5.689374946363104598e-14,4.591340248384374340e-14,4.574425722338195679e-14,4.992989016953671228e-14,4.544576957981377140e-14,4.310784652037970872e-14,4.941558471339157231e-14,3.780472525745431287e-14,3.772208656941247908e-14,3.268570649476597476e-14,4.278134181014889116e-14,4.103119340677655127e-14,4.660644544870758461e-14,4.499112333232354629e-14,5.113520504887637868e-14,4.489360339725085111e-14,3.916408462400200529e-14,4.124945909008781808e-14,4.001104305426107761e-14,4.381306853156852653e-14,6.246541731469726058e-14,8.083667808183947638e-14,3.692521195371585591e-14,3.989695147994578841e-14,4.340426468568747780e-14,4.525372073989076359e-14,4.808454722777943746e-14,4.277867790590688629e-14,4.389215001775303768e-14,3.723568610050237632e-14,3.765098408958493329e-14,4.868058679823629225e-14,6.881099053369635830e-14,1.201113796656726291e-13,3.135312738155845034e-14,3.357679615700582787e-14,3.666781546729480065e-14,3.801933207508367258e-14,4.153757696472566784e-14,4.278007246973567769e-14,3.804002178748830994e-14,3.508878915212334586e-14,3.695576796358353571e-14,4.178836635440016212e-14,6.049644375024007787e-14,7.603409876815153887e-14,3.054257957104152623e-14,3.040012442818355610e-14,3.258126956066322719e-14,3.676207684397937823e-14,4.183958334028956002e-14,3.844520971774424971e-14,3.943713159485539553e-14,4.036463229789010010e-14,4.238769946065084553e-14,6.210975953701671955e-14,9.271452882927805704e-14,2.485246815831206491e-14,2.826491971480514449e-14,3.531208589139237561e-14,3.623571868660517623e-14,4.173134732193091028e-14,3.783363828915709374e-14,4.540509147023096045e-14,5.460546051451420796e-14,5.990871231042655953e-14,7.855607722177539577e-14,4.243034512686621039e-14,4.922054880196295699e-14,5.348605991474368454e-14,5.552521384583651810e-14,7.257980404296880131e-14,7.193914196626124950e-14,1.031289851202599497e-13,7.058351242923233200e-14,1.095896798760584131e-13,8.090367622638602340e-14
4.134898778027391559e-14,5.804099684296118349e-14,4.683924641887279888e-14,4.666682064861399147e-14,5.093669185077200082e-14,4.636211779509957839e-14,4.397690547052970683e-14,5.041151110891288419e-14,3.856669230023250484e-14,3.848260657089290829e-14,3.334474272822519811e-14,4.364401265993938796e-14,4.185870142190089732e-14,4.754621679703442210e-14,4.589828939084385941e-14,5.216615762969502564e-14,4.579809228724294282e-14,3.995362319360043256e-14,4.208100053236739401e-14,4.081776548531718899e-14,4.469645147676454981e-14,6.372441999567016792e-14,8.246482235762968672e-14,3.766968694764126163e-14,4.070107624588004433e-14,4.427931426405100475e-14,4.616595961927453722e-14,4.905353527686092446e-14,4.364103249215021968e-14,4.477705350235748548e-14,3.798608436104514817e-14,3.840982033732620463e-14,4.965873316849345163e-14,7.019555162879223602e-14,1.225307787156403079e-13,3.198502544414601057e-14,3.425353936924057718e-14,3.740608738288982711e-14,3.877715238128812602e-14,4.235730397717757390e-14,4.364194472821348807e-14,3.880655204113595643e-14,3.579612856837607382e-14,3.770034803793115243e-14,4.262470450485910014e-14,6.164887779790490023e-14,7.749399819192918236e-14,3.115792321151278581e-14,3.101289144646813747e-14,3.323722241894039937e-14,3.750182294387985254e-14,4.268167333817893609e-14,3.921979383139367419e-14,4.023101249660514664e-14,4.117742420781155085e-14,4.324142336364463506e-14,6.335365931510848829e-14,9.444812381322482491e-14,2.535340067210043567e-14,2.883426556978683308e-14,3.601969107184414338e-14,3.696475775602891480e-14,4.256817080642940875e-14,3.859534772061496353e-14,4.631759017425307898e-14,5.565786084321838820e-14,6.111027984456550204e-14,8.012933162167046551e-14,4.328275692973523327e-14,5.006083299809129586e-14,5.440783663831966632e-14,5.655017042240742713e-14,7.308922437635751844e-14,7.335676713205931425e-14,1.052023858301341477e-13,7.238235193182042681e-14,1.100956234596665152e-13,8.200439935608186752e-14
4.218264831751912035e-14,5.921128096533136559e-14,4.778367582174751960e-14,4.760788452107626582e-14,5.196370840803104730e-14,4.729687083936252424e-14,4.486344091805795361e-14,5.142750778258461652e-14,3.934400626217486506e-14,3.925841389270504325e-14,3.401701734895353380e-14,4.452400066067394436e-14,4.270280346886612188e-14,4.850485939322677477e-14,4.682367727461268914e-14,5.321783485957568229e-14,4.672084647767402246e-14,4.075904050947912980e-14,4.292927118561986570e-14,4.164069602939837276e-14,4.559758297524000614e-14,6.500878946367431758e-14,8.412592924802726991e-14,3.842912382559514749e-14,4.152139914621229219e-14,4.517195872177037971e-14,4.709655536099803949e-14,5.004206527782318676e-14,4.452073845174229753e-14,4.567974740642256675e-14,3.875160956486120650e-14,3.918394477373849209e-14,5.065693157550380430e-14,7.160829997325775459e-14,1.249991862068593274e-13,3.262965429460363410e-14,3.494391352505054274e-14,3.815932382864957297e-14,3.955107144538355493e-14,4.319514335879959216e-14,4.452122538661948914e-14,3.958854452230316002e-14,3.651769895045180701e-14,3.845996004512322428e-14,4.347850907080087675e-14,6.283000511027138356e-14,7.898951413755666622e-14,3.178569139251015909e-14,3.163799374750261280e-14,3.390647450848123104e-14,3.825661111929858002e-14,4.354086987940156170e-14,4.001001661559791464e-14,4.104100326516113856e-14,4.200668246718217780e-14,4.411242055987914072e-14,6.462348975370343501e-14,9.622750778554515060e-14,2.586442052181075352e-14,2.941511982174082102e-14,3.674198284968837884e-14,3.770863350124318889e-14,4.342231447673058740e-14,3.937250130074503936e-14,4.724877506933042302e-14,5.673552466636294036e-14,6.233671752434556357e-14,8.173541291986786235e-14,4.415267073398027373e-14,5.092788554799800447e-14,5.535852088636885109e-14,5.760284377191009056e-14,7.364150795341240774e-14,7.480604048697210900e-14,1.073182541314422153e-13,7.423667577586794336e-14,1.106642361389577851e-13,8.315508097477020059e-14
4.303304139760134119e-14,6.040504593216052477e-14,4.874705114122700505e-14,4.856781039293754107e-14,5.301133092977503396e-14,4.825038398647940666e-14,4.576778775244200349e-14,5.246395426717095004e-14,4.013695852744343116e-14,4.004980227371382114e-14,3.470278579089767162e-14,4.542164130032032959e-14,4.356382375455564694e-14,4.948273810468101565e-14,4.776763864395540255e-14,5.429063465873125682e-14,4.766220727662169604e-14,4.158064073009896832e-14,4.379459079803128303e-14,4.248014702897254296e-14,4.651680500012409842e-14,6.631900551282020855e-14,8.582060209137681262e-14,3.920381037249333675e-14,4.235822746668895601e-14,4.608253545334109140e-14,4.804585828389436215e-14,5.105050515882473432e-14,4.541812713751038340e-14,4.660057316771795247e-14,3.953254749865731641e-14,3.997364720216978908e-14,5.167552591754149104e-14,7.304973629042225863e-14,1.275174953591762954e-13,3.328725538862425784e-14,3.564817745677883621e-14,3.892779888063526319e-14,4.034131891587471574e-14,4.405130203122271524e-14,4.541823940751182889e-14,4.038629022765338426e-14,3.725377231134254332e-14,3.923488556514742276e-14,4.435005176620623871e-14,6.403994877827056195e-14,8.052082279915897078e-14,3.242611684452854656e-14,3.227566638123024750e-14,3.458926925913324048e-14,3.902671206214661111e-14,4.441748210580022022e-14,4.081617085803690524e-14,4.186739692381245515e-14,4.285270932308998694e-14,4.500101034860913752e-14,6.591965370730514930e-14,9.805272953670390581e-14,2.638571988456707151e-14,3.000769680352538887e-14,3.747919836842047248e-14,3.846761173250823531e-14,4.429406106291578528e-14,4.016538134214317341e-14,4.819896885837454121e-14,5.783860925671538263e-14,6.358842800182918790e-14,8.337482454907694415e-14,4.504038522518162326e-14,5.182164252383400406e-14,5.633804427236094384e-14,5.868326694275937637e-14,7.423657146713254246e-14,7.628728352038633275e-14,1.094773141701003937e-13,7.614869038077915000e-14,1.112951928345945900e-13,8.435548244508198610e-14
4.390048979691145296e-14,6.162274439183567296e-14,4.972973951550581786e-14,4.954696601149942547e-14,5.407995781520291127e-14,4.922301920917651267e-14,4.669028756428283915e-14,5.352123837394526205e-14,4.094584664400604546e-14,4.085707120960419779e-14,3.540230833825698687e-14,4.633727625971168331e-14,4.444209201644790129e-14,5.048022465010677275e-14,4.873053185413148061e-14,5.538496282703739586e-14,4.862252392398553865e-14,4.241873410559792872e-14,4.467728562076178550e-14,4.333643682792913991e-14,4.745446611148622152e-14,6.765555840926511800e-14,8.754946020217309651e-14,3.999403994921476959e-14,4.321187503592747372e-14,4.701138857382080119e-14,4.901422591515541629e-14,5.207923107036173238e-14,4.633353668380163166e-14,4.753987898659206083e-14,4.032919017262664417e-14,4.077922361702157850e-14,5.271487156522789830e-14,7.452037618762030732e-14,1.300866235401017219e-13,3.395807530432015951e-14,3.636659545811385699e-14,3.971179359317825363e-14,4.114813670540317134e-14,4.492600370079475611e-14,4.633331933542169290e-14,4.120008663245708943e-14,3.800462617914342242e-14,4.002541260254894845e-14,4.523961626239597367e-14,6.527886791869141469e-14,8.208814578933710568e-14,3.307943758491987915e-14,3.292614924574592136e-14,3.528585629265127326e-14,3.981240390373731601e-14,4.531182755016933271e-14,4.163855605270327429e-14,4.271049421196422537e-14,4.371581466799489211e-14,4.590751985269449659e-14,6.724257234207794795e-14,9.992390185545140884e-14,2.691749468685072393e-14,3.061221585251099341e-14,3.823158411676065032e-14,3.924196569661248112e-14,4.518370421051585526e-14,4.097427741816883705e-14,4.916850471475079142e-14,5.896730175679849322e-14,6.486583026207666875e-14,8.504809404666565724e-14,4.594620927965062625e-14,5.274206975033986572e-14,5.734637194133962139e-14,5.979150831125891302e-14,7.487437991497933033e-14,7.780085107122799163e-14,1.116803158395692223e-13,7.812071438170349788e-14,1.119882706190786326e-13,8.560540225306171454e-14
4.478532226314892819e-14,6.286483805415523460e-14,5.073211465420746051e-14,5.054572538027849263e-14,5.516999473080906767e-14,5.021514511556693263e-14,4.763128855814879236e-14,5.459975602201546259e-14,4.177097421962808644e-14,4.168052589078040157e-14,3.611585008768930268e-14,4.727125338348856549e-14,4.533794354025126189e-14,5.149769755282272837e-14,4.971272189988595220e-14,5.650123294782427068e-14,4.960215339142166952e-14,4.327363689806429922e-14,4.557768831333762748e-14,4.420988971677356783e-14,4.841092139503735523e-14,6.901894866759160817e-14,8.931313841310676923e-14,4.080011143184492556e-14,4.408266210528043012e-14,4.795886883328077316e-14,5.000202287692902464e-14,5.312862719963623195e-14,4.726731190413321912e-14,4.849801974402947782e-14,4.114183569648960326e-14,4.160097608936526368e-14,5.377533485607341290e-14,7.602074957835593327e-14,1.327075113517415636e-13,3.464236565391334933e-14,3.709943718995064543e-14,4.051159578911300538e-14,4.197177835741613197e-14,4.581948794403363016e-14,4.726680510460651331e-14,4.203023755032161073e-14,3.877054351969033585e-14,4.083183543677707930e-14,4.614749758889122937e-14,6.654695579189260835e-14,8.369174755440641021e-14,3.374589680006511745e-14,3.358968701349449275e-14,3.599649124020885751e-14,4.061397196114889820e-14,4.622423184951328326e-14,4.247747824108770553e-14,4.357060333587837790e-14,4.459631580895340209e-14,4.683228379552718383e-14,6.859268413775329949e-14,1.018411982248427227e-13,2.745994421098167063e-14,3.122890119179341577e-14,3.899939549824217439e-14,4.003197581940369225e-14,4.609154796499669672e-14,4.179948613920003532e-14,5.015772583666548200e-14,6.012181755881184418e-14,6.616935870659933492e-14,8.675577171130306580e-14,4.687046161163553317e-14,5.368916215865296214e-14,5.838350175285711089e-14,6.092767006404778282e-14,7.555494156064218714e-14,7.934712927663525910e-14,1.139280334731714631e-13,8.015518561642006241e-14,1.127433393356730057e-13,8.690467558684974385e-14
4.568787346950863273e-14,6.413179720339431568e-14,5.175455658950721636e-14,5.156446874708001729e-14,5.628185456684810311e-14,5.122713688619516861e-14,4.859114547086157018e-14,5.569991108280515359e-14,4.261265083681907633e-14,4.252047714359975923e-14,3.684368091106433646e-14,4.822392664960232582e-14,4.625171916581952615e-14,5.253554209360651639e-14,5.071458036093706079e-14,5.763986629762826430e-14,5.060146020034443799e-14,4.414567130640702719e-14,4.649613785531652830e-14,4.510083587938471312e-14,4.938653240324837559e-14,7.040968685336339154e-14,9.111228642073216816e-14,4.162232915401632652e-14,4.497091523805636264e-14,4.892533353619211509e-14,5.100962078106018865e-14,5.419908560138642551e-14,4.821980419607546034e-14,4.947535692440488957e-14,4.197078816562565752e-14,4.243921266147906363e-14,5.485729263742216738e-14,7.755140011011499412e-14,1.353811218681270056e-13,3.534038300253292945e-14,3.784697759324449731e-14,4.132749986922423690e-14,4.281250846637666153e-14,4.673200936273021405e-14,4.821904386403260684e-14,4.287705300471966949e-14,3.955181266402571929e-14,4.165445448542652745e-14,4.707400158809954162e-14,6.784443801925251052e-14,8.533193294425785151e-14,3.442574273766224963e-14,3.426652906247586723e-14,3.672143557641924418e-14,4.143170850719629050e-14,4.715502848540056390e-14,4.333324986721957479e-14,4.444803974267804274e-14,4.549453725822075656e-14,4.777564429846329051e-14,6.997044398487042995e-14,1.038048496684419329e-13,2.801327138847357769e-14,3.185798182201970155e-14,3.978289644077240003e-14,4.083792947336899284e-14,4.701790630378101614e-14,4.264131094952977037e-14,5.116698504392905555e-14,6.130239878271479398e-14,6.749946243523591602e-14,8.849842936325795170e-14,4.781347048690617450e-14,5.466294335682301507e-14,5.944946344496277802e-14,6.209188673154160764e-14,7.627830325837265923e-14,8.092653368724522171e-14,1.162212646932803048e-13,8.225466863776601708e-14,1.135603530034947963e-13,8.825317388179435480e-14
4.660848397328867560e-14,6.542410039566645945e-14,5.279745118941148398e-14,5.260358260802967302e-14,5.741595739559775099e-14,5.225937621958780901e-14,4.957021949320651801e-14,5.682211523611612431e-14,4.347119193878030735e-14,4.337724137393458273e-14,3.758607541795219006e-14,4.919565613812053956e-14,4.718376529042913046e-14,5.359415026121090398e-14,5.173648534649053999e-14,5.880129175905043265e-14,5.162081625415173866e-14,4.503516539390713747e-14,4.743297946198148882e-14,4.600961133997360309e-14,5.038166709740217555e-14,7.182829341344829213e-14,9.294756823971875541e-14,4.246100285529699014e-14,4.587696720556238386e-14,4.991114646348581613e-14,5.203739812916379306e-14,5.529100604122639376e-14,4.919137145113758849e-14,5.047225854093342964e-14,4.281635755493005434e-14,4.329424724804758966e-14,5.596113185048682056e-14,7.911288465192355187e-14,1.381084400011772908e-13,3.605238879309352347e-14,3.860949680699810630e-14,4.215980663753571573e-14,4.367060214594147363e-14,4.766383680267948838e-14,4.919038981598932921e-14,4.374084910963302679e-14,4.034872723907936314e-14,4.249357617766668871e-14,4.801944441738037827e-14,6.917157089694050851e-14,8.700904493664037216e-14,3.511922860732244632e-14,3.495692941102616835e-14,3.746095646714467561e-14,4.226591256028608204e-14,4.810455854696925903e-14,4.420618964367419208e-14,4.534312591365983459e-14,4.641081054143307350e-14,4.873795069479140599e-14,7.137632236323734053e-14,1.058151417482591382e-13,2.857768340732736641e-14,3.249969142229127717e-14,4.058235904179652696e-14,4.166012076727815028e-14,4.796310270967435489e-14,4.350006194134733885e-14,5.219664441079452578e-14,6.250931284584541588e-14,6.885660454802987697e-14,9.027665924341818802e-14,4.877557349208042978e-14,5.566346493599335394e-14,6.054431778511999962e-14,6.328432378026824794e-14,7.704454630423259635e-14,8.253950753302264961e-14,1.185608294150029329e-13,8.442186280313182890e-14,1.144393419151646562e-13,8.965080419578013896e-14
4.754750017116368698e-14,6.674223425608506620e-14,5.386118915518902530e-14,5.366345972151039467e-14,5.857273041864227003e-14,5.331225127992304567e-14,5.056887818410293751e-14,5.796678782288697115e-14,4.434691873893196223e-14,4.425114050479919679e-14,3.834331291145238967e-14,5.018680798071002124e-14,4.813443386511176737e-14,5.467392068846651262e-14,5.277882142730821346e-14,5.998594572209906066e-14,5.266060067143341125e-14,4.594245300897883805e-14,4.838856449364172974e-14,4.693655790076778687e-14,5.139669977984159513e-14,7.327529851889108756e-14,9.481966173327587062e-14,4.331644762955303384e-14,4.680115687974033853e-14,5.091667778607440655e-14,5.308574020569212469e-14,5.640479583695505939e-14,5.018237795848441669e-14,5.148909905256245352e-14,4.367885961116967721e-14,4.416639953470539679e-14,5.708724913785781926e-14,8.070577280192499240e-14,1.408904719388017455e-13,3.677864927091682747e-14,3.938728008381159338e-14,4.300882313261145779e-14,4.454634453258874839e-14,4.861525262190680775e-14,5.018120405605062928e-14,4.462194794957171284e-14,4.116158609357920222e-14,4.334951282844071910e-14,4.898415208393699043e-14,7.052863978612498645e-14,8.872346248233923863e-14,3.582661248269617643e-14,3.566114664983867782e-14,3.821532662293435973e-14,4.311688968390761466e-14,4.907317050385061914e-14,4.509662241847346332e-14,4.625619116562025622e-14,4.734547401176878456e-14,4.971955934785143377e-14,7.281080457380313601e-14,1.078724116755507425e-13,2.915339148730304305e-14,3.315426825424007940e-14,4.139806323912575974e-14,4.249885034905124868e-14,4.892746977161150309e-14,4.437605567534999894e-14,5.324707491927752013e-14,6.374285110591777832e-14,7.024126149443860866e-14,9.209107300252772927e-14,4.975711733906386735e-14,5.669080576175431568e-14,6.166815567164729598e-14,6.450517625539010058e-14,7.785378269760613672e-14,8.418652010371144297e-14,1.209475689424760172e-13,8.665961098118505592e-14,1.153804053221068070e-13,9.109750883088657244e-14
4.850527426472434461e-14,6.808669330050758682e-14,5.494616858738619997e-14,5.474449907045861355e-14,5.975260791240777077e-14,5.438615665178050168e-14,5.158749538324605913e-14,5.913435570091308866e-14,4.524015813686542474e-14,4.514250191267964990e-14,3.911567734134993694e-14,5.119775432023260603e-14,4.910408238770089855e-14,5.577525858282611164e-14,5.384197956322548597e-14,6.119427198261769918e-14,5.372119962530352351e-14,4.686787370465108070e-14,4.936325036423246509e-14,4.788202307644596274e-14,5.243201102296275133e-14,7.475124193291034674e-14,9.672925822281233905e-14,4.418898387765559268e-14,4.774382912738785155e-14,5.194230397644702969e-14,5.415503897062757503e-14,5.754086970408020771e-14,5.119319430831372612e-14,5.252625927872589125e-14,4.455861574796018855e-14,4.505599487834717962e-14,5.823605047742912523e-14,8.233064642413787982e-14,1.437282446356861021e-13,3.751943541124910106e-14,4.018061770669915643e-14,4.387486246797449265e-14,4.544003032546337380e-14,4.958655200900402912e-14,5.119185441921460827e-14,4.552067746321944156e-14,4.199069322356790208e-14,4.422258251729084533e-14,4.996846001381573146e-14,7.191595758465536169e-14,9.047559849321914438e-14,3.654815720767544933e-14,3.637944387446864404e-14,3.898482416068255158e-14,4.398495179838880901e-14,5.006121999240668819e-14,4.600487904690682274e-14,4.718757146342174161e-14,4.829887267379470747e-14,5.072083347770228684e-14,7.427439002614532460e-14,1.099770455918266979e-13,2.974061056423639625e-14,3.382195507157910187e-14,4.223029650845739094e-14,4.335442522364405261e-14,4.991134881418702183e-14,4.526961501122587475e-14,5.431865613584417474e-14,6.500332758098741203e-14,7.165392246854161562e-14,9.394230077929220317e-14,5.075845763407167527e-14,5.774507126090837723e-14,6.282109727070722687e-14,6.575466748570761343e-14,7.870615180729510015e-14,8.586806524123011093e-14,1.233823451315618304e-13,8.897090894009726553e-14,1.163837046935666537e-13,9.259326544170343977e-14
4.948216418373133045e-14,6.945797981874796007e-14,5.605279450113790051e-14,5.584710581962066871e-14,6.095603115859018683e-14,5.548149333003088705e-14,5.262645110767392258e-14,6.032525308450934003e-14,4.615124263049007472e-14,4.605165835163666201e-14,3.990345724571748858e-14,5.222887325861580748e-14,5.009307392273094157e-14,5.689857563452172084e-14,5.492635701032778465e-14,6.242672161824200035e-14,5.480300617227576645e-14,4.781177264404117329e-14,5.035740043539458636e-14,4.884636001245873941e-14,5.348798758050153300e-14,7.625667290195938943e-14,9.867706218674256231e-14,4.507893727198233104e-14,4.870533469263324974e-14,5.298840770331862062e-14,5.524569293557356938e-14,5.869964958710433783e-14,5.222419728026443147e-14,5.358412629695237388e-14,4.545595293136630478e-14,4.596336419709740278e-14,5.940795082225476242e-14,8.398809917892433009e-14,1.466228053678492771e-13,3.827502284193432042e-14,4.098980489710723236e-14,4.475824366936634814e-14,4.635196334798091457e-14,5.057804233521848660e-14,5.222271531682534678e-14,4.643737131815856083e-14,4.283635768686882941e-14,4.511310895972289379e-14,5.097271263836987282e-14,7.333386325576142218e-14,9.226589795910069331e-14,3.728413029778645414e-14,3.711208860978600430e-14,3.976973246321625988e-14,4.487041699234179796e-14,5.106906959982081562e-14,4.693129625538893631e-14,4.813760922992044516e-14,4.927135800267538346e-14,5.174214298094595599e-14,7.576759154968201485e-14,1.121294759697100801e-13,3.033955918844522344e-14,3.450299902886776623e-14,4.307935357583825773e-14,4.422715857583102321e-14,5.091508953967183038e-14,4.618106893500019822e-14,5.541177589320105363e-14,6.629107772472155577e-14,7.309508882074061703e-14,9.583099032599568874e-14,5.177995852861902724e-14,5.882639270117032533e-14,6.400329107631902291e-14,6.703304784904536913e-14,7.960181741547274687e-14,8.758465990511602289e-14,1.258660396039071122e-13,9.135891547506200952e-14,1.174494577270056627e-13,9.413808689728860679e-14
5.047853349419650061e-14,7.085660383504157984e-14,5.718147840621183267e-14,5.697169125665657793e-14,6.218344835134948763e-14,5.659866876910171281e-14,5.368613142579924023e-14,6.153992136786337543e-14,4.708051022181063089e-14,4.697894785970577606e-14,4.070694567774460735e-14,5.328054876449858679e-14,5.110177717376710584e-14,5.804428989701924052e-14,5.603235720249571029e-14,6.368375283289137812e-14,5.590642006309435676e-14,4.877450048758033558e-14,5.137138389079571595e-14,4.982992738268361447e-14,5.456502227438676369e-14,7.779215006890301803e-14,1.006637910596318790e-13,4.598663874253147118e-14,4.968603006256556428e-14,5.405537770379011180e-14,5.635810701668767006e-14,5.988156446792249093e-14,5.327576971050222748e-14,5.466309331690840593e-14,4.637120355147635158e-14,4.688884384530424648e-14,6.060337373523225428e-14,8.567873602651685358e-14,1.495752212837557169e-13,3.904569175759015074e-14,4.181514171076809590e-14,4.565929150376300159e-14,4.728245612366409588e-14,5.159004253093006186e-14,5.327416755763128154e-14,4.737236877184716406e-14,4.369889350303031742e-14,4.602142136648622779e-14,5.199726298944678272e-14,7.478272039505177253e-14,9.409483620469536310e-14,3.803480383311813798e-14,3.785935272376846316e-14,4.057034003291982158e-14,4.577360932825528780e-14,5.209708863864327965e-14,4.787621649213421408e-14,4.910665314696548871e-14,5.026328775238753638e-14,5.278386423704850079e-14,7.729093470815406093e-14,1.143301791483072162e-13,3.095045948836327230e-14,3.519765159244056449e-14,4.394553613691770318e-14,4.511736959120068711e-14,5.193904967376179980e-14,4.711075237777451072e-14,5.652682996789827373e-14,6.760645724327077093e-14,7.456527346979730555e-14,9.775780614125192732e-14,5.282199208016216800e-14,5.993492646006237965e-14,6.521491294664955111e-14,6.834059359434527718e-14,8.054096509650835943e-14,8.933684277621383829e-14,1.283995529511565465e-13,9.382696334581972060e-14,1.185779322040008733e-13,9.573202053028027932e-14
5.149475134650072798e-14,7.228308322690888734e-14,5.833263819677538976e-14,5.811867274031846481e-14,6.343531447975309612e-14,5.773809703420432465e-14,5.476692831132558509e-14,6.277880892490639141e-14,4.802830431832140564e-14,4.792471364746789004e-14,4.152644011927476974e-14,5.435317057208994372e-14,5.213056665094177842e-14,5.921282564512628026e-14,5.716038961210426792e-14,6.496583077324315653e-14,5.703184753850605172e-14,4.975641326544693907e-14,5.240557559412332929e-14,5.083308926961464812e-14,5.566351385894929529e-14,7.935824141693887263e-14,1.026901751795510425e-13,4.691242450356282515e-14,5.068627731920151283e-14,5.514360863694877374e-14,5.749269236839727069e-14,6.108705015439197765e-14,5.434830034011208447e-14,5.576355953367316529e-14,4.730470528225815806e-14,4.783277547629386385e-14,6.182275102082792099e-14,8.740317271516319260e-14,1.525865789448682661e-13,3.983172682393206837e-14,4.265693292369918472e-14,4.657833630219586232e-14,4.823182946685965236e-14,5.262288250209707235e-14,5.434659815605540236e-14,4.832601452156335715e-14,4.457861954143171655e-14,4.694785429318116468e-14,5.304247230450127211e-14,7.626291583646247031e-14,9.596291732806622331e-14,3.880045434317123309e-14,3.862151233259059504e-14,4.138694034086975968e-14,4.669485864385004224e-14,5.314565291367337297e-14,4.883998776697619267e-14,5.009505794958931657e-14,5.127502575525398210e-14,5.384637990412175795e-14,7.884495711785537010e-14,1.165796730396200238e-13,3.157353710678594127e-14,3.590616843803941927e-14,4.482915257800514853e-14,4.602538327206432934e-14,5.298359461615048966e-14,4.805900602790658074e-14,5.766422175597938516e-14,6.894984095800545913e-14,7.606500031769515236e-14,9.972342858731375158e-14,5.388493713822459363e-14,6.107085328529032504e-14,6.645616510196155093e-14,6.967760572544934523e-14,8.152379992105636674e-14,9.112517289145591090e-14,1.309838039234013385e-13,9.637857114374944041e-14,1.197694410048305773e-13,9.737514713777914549e-14
5.253119242172005866e-14,7.373794419083866890e-14,5.950669841010446714e-14,5.928847371495368450e-14,6.471209116582620334e-14,5.890019911199030617e-14,5.586923947155248372e-14,6.404237081900666322e-14,4.899497362324977758e-14,4.888930396050947747e-14,4.236224237757984951e-14,5.544713405161336868e-14,5.317982300102301441e-14,6.040461320739922758e-14,5.831086958650283062e-14,6.627342730974942729e-14,5.817970110543832318e-14,5.075787223255221368e-14,5.346035592738710096e-14,5.185621502369167583e-14,5.678386685518215512e-14,8.095552420496263652e-14,1.047569578948859175e-13,4.785663614339939773e-14,5.170644397465037546e-14,5.625350091544810309e-14,5.864986619381852392e-14,6.231654904351315363e-14,5.544218363984743399e-14,5.688592995501285153e-14,4.825680092668564288e-14,4.879550588990742315e-14,6.306652234840758593e-14,8.916203524489518015e-14,1.556579838672608616e-13,4.063341707257682798e-14,4.351548790612106383e-14,4.751571377336309949e-14,4.920041208452921917e-14,5.367690252570437364e-14,5.544040012383863397e-14,4.929865854033996171e-14,4.547585939528213833e-14,4.789274747736417188e-14,5.410870963739984629e-14,7.777485828614239495e-14,9.787067285019742420e-14,3.958136267990218857e-14,3.939884769519870583e-14,4.221983166901211508e-14,4.763450034590815363e-14,5.421514447685625520e-14,4.982296347709576666e-14,5.110318420972419912e-14,5.230694170912152765e-14,5.493007870045637892e-14,8.043020775875624231e-14,1.188785149956608009e-13,3.220902117982241035e-14,3.662880935299472959e-14,4.573051768562630059e-14,4.695153023519417760e-14,5.404909709136522550e-14,4.902617613342409743e-14,5.882436194200572861e-14,7.032162171062438369e-14,7.759480366259966619e-14,1.017285529273947957e-13,5.496917765260590377e-14,6.223437752167537432e-14,6.772727508009939375e-14,7.104440891815062058e-14,8.255054446020361971e-14,9.295022828575289203e-14,1.336197286166099723e-13,9.901745622914646767e-14,1.210243372555025998e-13,9.906757675272676734e-14
5.358823687570620230e-14,7.522172230394852283e-14,6.070409103221214240e-14,6.048152396543316430e-14,6.601424646698484901e-14,6.008540340175459101e-14,5.699346817524753183e-14,6.533106859056507315e-14,4.998087201392913749e-14,4.987307192681018779e-14,4.321465847782986918e-14,5.656284001803909758e-14,5.424993354184591412e-14,6.162008880589154457e-14,5.948421819073611647e-14,6.760702081948921422e-14,5.935039932365622979e-14,5.177924372817803754e-14,5.453611063437982052e-14,5.289967912453752942e-14,5.792649137822815178e-14,8.258458482144302668e-14,1.068648958015896816e-13,4.881962078239384194e-14,5.274690281254007843e-14,5.738546054293452051e-14,5.983005156253103745e-14,6.357050989363324924e-14,5.655781963685521758e-14,5.803061522941597584e-14,4.922783826654817971e-14,4.977738688491237632e-14,6.433513490399676904e-14,9.095595938662984250e-14,1.587905603530352460e-13,4.145105576321349302e-14,4.439112049965664761e-14,4.847176482682463301e-14,5.018854020978004783e-14,5.475245274011912784e-14,5.655597227216757070e-14,5.029065591949566048e-14,4.639094125859511070e-14,4.885644568230847415e-14,5.519635150078222006e-14,7.931897704028775543e-14,9.981866063833623463e-14,4.037781388939789221e-14,4.019164310957398304e-14,4.306931695942735922e-14,4.859287521545908405e-14,5.530595139577254790e-14,5.082550223962616674e-14,5.213139813184823184e-14,5.335941097575912288e-14,5.603535519840683894e-14,8.204724633933044174e-14,1.212272998898584941e-13,3.285714455700323225e-14,3.736583812062203349e-14,4.664995234731560676e-14,4.789614649154940577e-14,5.513593682555031342e-14,5.001261431491140774e-14,6.000766819297375933e-14,7.172220936223381670e-14,7.915522766917361122e-14,1.037738882771502144e-13,5.607510074521410026e-14,6.342572627919949586e-14,6.902849471550748445e-14,7.244135043392894694e-14,8.362143715751170665e-14,9.481260470949058043e-14,1.363082799212444777e-13,1.017475490003787304e-13,1.223430098620291239e-13,1.008094388010314405e-13
5.466627037645506248e-14,7.673496425501377196e-14,6.192525696637052802e-14,6.169826056206792859e-14,6.734225470363661841e-14,6.129414617868568650e-14,5.814002314056665245e-14,6.664537007771563479e-14,5.098635840871085924e-14,5.087637542280744180e-14,4.408399858106802568e-14,5.770069454529159140e-14,5.534129283313752375e-14,6.285969447665395619e-14,6.068086212389070234e-14,6.896709606107840831e-14,6.054436667120662699e-14,5.282089908799852405e-14,5.563323072405720397e-14,5.396386109473092055e-14,5.909180301798152359e-14,8.424601843995438304e-14,1.090147588913660932e-13,4.980173119081058195e-14,5.380803178595651602e-14,5.853989901935457758e-14,6.103367730456143070e-14,6.484938768613433943e-14,5.769561380325045765e-14,5.919803153816406247e-14,5.021816995961605282e-14,5.077877515991769225e-14,6.562904317635756316e-14,9.278559044040647811e-14,1.619854523575261363e-13,4.228494025862484615e-14,4.528414893009595688e-14,4.944683544631263720e-14,5.119655731293744220e-14,5.584989271970348013e-14,5.769371908461985741e-14,5.130236676228655084e-14,4.732419784233314342e-14,4.983929858883484038e-14,5.630578159790939646e-14,8.089572092793256598e-14,1.018074640926111591e-13,4.119009710792960204e-14,4.100018683580792996e-14,4.393570370054701559e-14,4.957032926562738456e-14,5.641846759378729668e-14,5.184796777742933372e-14,5.318007141000102720e-14,5.443281444296345960e-14,5.716260968944144372e-14,8.369664286468129096e-14,1.236266584929348022e-13,3.351814465658670134e-14,3.811752239752220421e-14,4.758778327507539751e-14,4.885957322562247424e-14,5.624450030760248239e-14,5.101867743302248568e-14,6.121456494804153485e-14,7.315203000269535152e-14,8.074682603313911280e-14,1.058601564224497948e-13,5.720309605208541504e-14,6.464514852410032579e-14,7.036009915274144838e-14,7.386879897226856061e-14,8.473673132875364436e-14,9.671291459886938987e-14,1.390504280260489665e-13,1.045730089181976333e-13,1.237258807833963872e-13,1.026008733205532377e-13
5.576568374482600756e-14,7.827822941143511828e-14,6.317064761409202891e-14,6.293913022490131585e-14,6.869659621180840285e-14,6.252687127147687667e-14,5.930931854031121646e-14,6.798574940425544160e-14,5.201179678564775716e-14,5.189957698806031142e-14,4.497057695528925726e-14,5.886110884029351649e-14,5.645430251729587658e-14,6.412387814102384811e-14,6.190123377252572157e-14,7.035414422888402512e-14,6.176203355272551604e-14,5.388321465049309500e-14,5.675211248354013901e-14,5.504914551140554855e-14,6.028022283328959638e-14,8.594042856571044058e-14,1.112073302511767466e-13,5.080332552536151793e-14,5.489021401634899026e-14,5.971723337158325770e-14,6.226117804546904060e-14,6.615364365344439351e-14,5.885597706232172775e-14,6.038860061083966972e-14,5.122815352095942303e-14,5.180003230029567898e-14,6.694870888713064644e-14,9.465158341663453144e-14,1.652438269456301762e-13,4.313537187579730242e-14,4.619489578142070897e-14,5.044127664679892836e-14,5.222481392843298143e-14,5.696959121276471000e-14,5.885405071590080045e-14,5.233415616687624087e-14,4.827596635961460444e-14,5.084166076996948386e-14,5.743739069493050112e-14,8.250555761862755397e-14,1.038376914069606008e-13,4.201850550675560414e-14,4.182477106460891789e-14,4.481930387303956871e-14,5.056721368674231455e-14,5.755309281499011484e-14,5.289072889829200302e-14,5.424958118945067872e-14,5.552753849682984185e-14,5.831224817320157345e-14,8.537897755746998980e-14,1.260772563879437120e-13,3.419226360012433721e-14,3.888413363908672741e-14,4.854434267786971720e-14,4.984215660092001568e-14,5.737518068752621965e-14,5.204472754803713183e-14,6.244548336955057545e-14,7.461152548297481987e-14,8.237016197617240210e-14,1.079880926265592161e-13,5.835355898836635439e-14,6.589291417218912817e-14,7.172238599230236689e-14,7.532714347134313756e-14,8.589669373954288745e-14,9.865178636978452725e-14,1.418471639396903111e-13,1.074982428418038444e-13,1.251734022910991572e-13,1.044420616704346661e-13
5.688687207054267417e-14,7.985208826147175703e-14,6.444072405998162279e-14,6.420459310013097942e-14,7.007775745781754322e-14,6.378402783345898113e-14,6.050177376063202619e-14,6.935268659573431184e-14,5.305755507314875721e-14,5.294304374461475805e-14,4.587471183201972687e-14,6.004449951320500445e-14,5.758936896642304180e-14,6.541309340702921834e-14,6.314577102036639313e-14,7.176866261082669395e-14,6.300383607420904167e-14,5.496657159399755442e-14,5.789315730145669426e-14,5.615592182958080055e-14,6.149217707203777226e-14,8.766842543160942276e-14,1.134434054591601183e-13,5.182476630296003694e-14,5.599383761791104264e-14,6.091788596591408654e-14,6.351299399951684115e-14,6.748374500830687673e-14,6.003932556151046405e-14,6.160274948423070628e-14,5.225815116217478968e-14,5.284152461709663725e-14,6.829460070206362239e-14,9.655460256042435104e-14,1.685668851035153699e-13,4.400265580570620027e-14,4.712368786053605380e-14,5.145544429776023357e-14,5.327366736229681490e-14,5.811192574665242139e-14,6.003738278616458515e-14,5.338639405681956151e-14,4.924658838636125176e-14,5.186389152547239679e-14,5.859157632544682549e-14,8.414897247321487039e-14,1.059099745198687950e-13,4.286333615290930044e-14,4.266569180290811577e-14,4.572043379992355998e-14,5.158388466089428812e-14,5.871023240524273707e-14,5.395415932112730315e-14,5.534030986863731867e-14,5.664397482271346657e-14,5.948468214639775865e-14,8.709484024506202319e-14,1.285797941361244420e-13,3.487974917972824982e-14,3.966594664936846852e-14,4.951996826787099164e-14,5.084424748791573311e-14,5.852837750882307114e-14,5.309113173440934180e-14,6.370086107022428310e-14,7.610115268187899053e-14,8.402580779760262029e-14,1.101584414117257207e-13,5.952689647731169144e-14,6.716931283596297271e-14,7.311567507508029518e-14,7.681679163908358156e-14,8.710160606772564347e-14,1.006298635802813886e-13,1.446995079008746842e-13,1.105279256089862283e-13,1.266860526985106259e-13,1.063333518589994962e-13
5.803023150852730160e-14,8.145710873339298134e-14,6.573594686252349046e-14,6.549512212433172948e-14,7.148622537857444754e-14,6.506606328784348252e-14,6.171780961024797626e-14,7.074666321156795366e-14,5.412400281863738733e-14,5.400714496043812517e-14,4.679672346828273012e-14,6.125128476522932103e-14,5.874689658714301792e-14,6.672779426417211450e-14,6.441491236842469928e-14,7.321114913830893722e-14,6.427021132917613744e-14,5.607135243130490751e-14,5.905676770851771715e-14,5.728458083867995045e-14,6.272809369787791424e-14,8.943061522208045041e-14,1.157237700649851254e-13,5.286641670643869325e-14,5.711929204586077754e-14,6.214228003878127981e-14,6.478956608438475090e-14,6.884015969237616387e-14,6.124607678559428012e-14,6.284090646024128220e-14,5.330852670367082133e-14,5.390361996538910728e-14,6.966718850123916106e-14,9.849530890489226810e-14,1.719558528189935954e-13,4.488709932885053672e-14,4.807085377985138950e-14,5.248969615943125342e-14,5.434347848148034832e-14,5.927727866306409524e-14,6.124413209380501566e-14,5.445945192805444645e-14,5.023640716675981131e-14,5.290635184911695934e-14,5.976873877024441319e-14,8.582646196465160191e-14,1.080249513050282799e-13,4.372488833539520031e-14,4.352324696894251097e-14,4.663941191418725233e-14,5.262070038316701546e-14,5.989029330185231341e-14,5.503863434394584551e-14,5.645264157536109035e-14,5.778251667785341702e-14,6.068032441303163338e-14,8.884482192947427585e-14,1.311349792239789278e-13,3.558085296751430656e-14,4.046323847383256814e-14,5.051500065192657948e-14,5.186619897934847382e-14,5.970449270400043621e-14,5.415825888622405337e-14,6.498113722066119003e-14,7.762137604432260420e-14,8.571433570011933293e-14,1.123719446461390878e-13,6.072352105449972030e-14,6.847464739530141839e-14,7.454030230803906330e-14,7.833816021092103501e-14,8.835175422960219165e-14,1.026477957981536324e-13,1.476084988344249249e-13,1.136670068506457592e-13,1.282643132230670948e-13,1.082751487485028411e-13
5.919457108710984752e-14,8.309076147996012564e-14,6.705470805747152103e-14,6.680911564877496963e-14,7.292011571822828596e-14,6.637143432938507761e-14,6.295606729677282876e-14,7.216584555877612353e-14,5.521012559304426794e-14,5.509087285091531930e-14,4.773589295035405002e-14,6.248012176090816760e-14,5.992565317472731054e-14,6.806637024490909171e-14,6.570716676085187248e-14,7.467963303648013423e-14,6.555967692780842463e-14,5.719646459009575440e-14,6.024171473210440598e-14,5.843397348175285619e-14,6.398656182687980528e-14,9.122397175750325486e-14,1.180433226541958258e-13,5.392731546092775491e-14,5.826543830187577704e-14,6.338903852189081572e-14,6.608938473522253788e-14,7.022116402548497335e-14,6.247489582473460740e-14,6.410165753676269239e-14,5.437830745366295053e-14,5.498532044061487387e-14,7.106470487891016100e-14,1.004700745836881543e-13,1.754000678007768036e-13,4.578805192082570096e-14,4.903563053716303482e-14,5.354309547347458942e-14,5.543322888450047935e-14,6.046440045474823904e-14,6.247296710967068694e-14,5.555230872902921501e-14,5.124457528880508971e-14,5.396808684546358108e-14,6.096761590674671200e-14,8.753519286312152522e-14,1.101779947909814504e-13,4.460255444910713543e-14,4.439683644373749722e-14,4.757552985348418980e-14,5.367671861706197168e-14,6.109200887566861040e-14,5.614310769095809534e-14,5.758546852925906790e-14,5.894199593813373460e-14,6.189787123178392366e-14,9.062596291797226359e-14,1.337360655167874127e-13,3.629519389823780277e-14,4.127550673077453030e-14,5.152857731874585603e-14,5.290709393498610233e-14,6.090226766808024222e-14,5.524510178171088113e-14,6.628479415773838398e-14,7.916992058941755118e-14,8.743300613880568142e-14,1.146238017906880447e-13,6.194209689097465839e-14,6.980702187884437019e-14,7.599405051989016164e-14,7.988880715884277999e-14,8.964384452303946767e-14,1.047015644961268102e-13,1.505660129857189552e-13,1.169143875623582928e-13,1.299014113083878528e-13,1.102611849069417107e-13
6.038344348455293504e-14,8.475965442096122922e-14,6.840148090109844696e-14,6.815101419350492858e-14,7.438463149402351095e-14,6.770450673681172474e-14,6.422051555219043337e-14,7.361533192445650943e-14,5.631905136639792748e-14,5.619733971991383966e-14,4.869461124262377821e-14,6.373493137613695663e-14,6.112926224999570786e-14,6.943339043177121113e-14,6.702681955232071447e-14,7.617953279668973045e-14,6.687650364498854779e-14,5.834523342311688591e-14,6.145165612688524527e-14,5.960756010437527993e-14,6.527167179535482523e-14,9.305632095250096483e-14,1.204145066732138187e-13,5.501044362444205949e-14,5.943571692371622109e-14,6.466217586016109984e-14,6.741678290884053065e-14,7.163160095587291529e-14,6.372969526113275834e-14,6.538910371284569107e-14,5.547052573629198701e-14,5.608972036421797985e-14,7.249209672958335061e-14,1.024881410965688186e-13,1.789239472899402963e-13,4.670773190754963103e-14,5.002052605264197980e-14,5.461858769633747376e-14,5.654604695944475674e-14,6.167695323802400589e-14,6.372779692459833573e-14,5.666811687101432966e-14,5.227381187034704610e-14,5.505208591598936125e-14,6.219193943118407145e-14,8.928236418838907461e-14,1.123802672332443142e-13,4.549844516586206096e-14,4.528855095743739885e-14,4.853115908203786959e-14,5.475489818699533322e-14,6.231913187670097567e-14,5.727079406646127959e-14,5.874215733699049295e-14,6.012592640712321818e-14,6.314116536449852792e-14,9.244596281237959516e-14,1.363987121769106121e-13,3.702423532280872737e-14,4.210458576504381222e-14,5.256344882656099996e-14,5.396982407570071071e-14,6.212542991677049047e-14,5.635478011446033967e-14,6.761618655637785223e-14,8.075276809468213092e-14,8.918902376885090141e-14,1.169258293423819655e-13,6.318652723782675187e-14,7.117119622059751834e-14,7.748243040869610544e-14,8.147490902801687963e-14,9.098541529725944761e-14,1.068011774975581435e-13,1.535910198983427117e-13,1.202882030398470047e-13,1.316125429512603205e-13,1.123043445056506128e-13
6.159571063987195196e-14,8.646133532492654142e-14,6.977471095300091009e-14,6.951927266633838221e-14,7.587796308962257100e-14,6.906379403505063905e-14,6.550985512059585265e-14,7.509336359042009728e-14,5.744981387153514333e-14,5.732558565527615882e-14,4.967219687396550456e-14,6.501442903040489215e-14,6.235653839218675916e-14,7.082731105568456575e-14,6.837244287322857441e-14,7.770895578040302551e-14,6.821927345120757096e-14,5.951661712027809405e-14,6.268541829801081189e-14,6.080424402135980039e-14,6.658207361878598187e-14,9.492474200505146682e-14,1.228323696908215638e-13,5.611488189790096900e-14,6.062904158043446840e-14,6.596037498403281716e-14,6.877031545155177623e-14,7.306981851646153526e-14,6.500919908498868490e-14,6.670189217379259164e-14,5.658425600865953530e-14,5.721586975110005256e-14,7.394767210729242194e-14,1.045460077231063948e-13,1.825170696093603193e-13,4.764552420145844172e-14,5.102481690009424093e-14,5.571528265591541895e-14,5.768096731733627180e-14,6.291375115941108711e-14,6.500734951940284139e-14,5.780590420922748357e-14,5.332331191035705615e-14,5.615744090068466885e-14,6.344050772593302515e-14,9.106526668595922937e-14,1.146273002946499168e-13,4.641198696961681712e-14,4.619782382495348980e-14,4.950562953450209056e-14,5.585434396745953538e-14,6.357045387255969221e-14,5.842069711938114750e-14,5.992165289338019563e-14,6.133319448908681440e-14,6.440896191745273435e-14,9.430197492183228147e-14,1.391163917668349411e-13,3.776761633374140124e-14,4.295000319901270782e-14,5.361879868617631204e-14,5.505351867840572503e-14,6.337278058797535868e-14,5.748633575253521120e-14,6.897386412567290724e-14,8.236774692487498560e-14,9.097975468408302496e-14,1.192733858755672159e-13,6.445555471342958645e-14,7.256537280372694526e-14,7.900333712801093586e-14,8.309413483455200931e-14,9.237326029508646790e-14,1.089427663617574319e-13,1.566755923992114099e-13,1.237883280380345246e-13,1.333910508354054661e-13,1.143991166015826302e-13
6.283178195523010206e-14,8.819638557869481047e-14,7.117487029858648586e-14,7.091437608718659100e-14,7.740061327549757982e-14,7.044975306731235801e-14,6.682452243567476972e-14,7.660044010518650439e-14,5.860279647210757825e-14,5.847599390261268121e-14,5.066898234639785481e-14,6.631904749924471261e-14,6.360789453042285966e-14,7.224860197434786590e-14,6.974449084555079814e-14,7.926841736693545725e-14,6.958844077194988573e-14,6.071101274289931460e-14,6.394341901734047517e-14,6.202443044559240643e-14,6.791821068454631538e-14,9.682985761329323045e-14,1.252977179033810238e-13,5.724100358471768168e-14,6.184581694753829976e-14,6.728407477468337402e-14,7.015043970364096789e-14,7.453630252012133965e-14,6.631384050173801509e-14,6.804046694598476658e-14,5.771987667953107196e-14,5.836415103124879422e-14,7.543192258275541340e-14,1.066443614493204083e-13,1.861806870267451656e-13,4.860174850434417499e-14,5.204884491772730063e-14,5.683355359600322682e-14,5.883837329346020842e-14,6.417520570853243253e-14,6.631205844493236116e-14,5.896605722547136257e-14,5.439343208258828067e-14,5.728452761080952949e-14,6.471374307271757466e-14,9.288445627808360138e-14,1.169197970455896985e-13,4.734349183945176628e-14,4.712496501261436664e-14,5.049927370133999147e-14,5.697543019782748627e-14,6.484639944919991129e-14,5.959320745879298123e-14,6.112435595887557725e-14,6.256421007175890248e-14,6.570169071273898222e-14,9.619462004028448173e-14,1.418899077156477844e-13,3.852559720490513554e-14,4.381204789252955549e-14,5.469498568120481476e-14,5.615854655830342567e-14,6.464474227600103148e-14,5.864015352286966208e-14,7.035828635613839524e-14,8.401537073572241927e-14,9.280579859904107656e-14,1.216672462601095075e-13,6.574962586507499956e-14,7.398992552144501299e-14,8.055718395244389434e-14,8.474696419380202958e-14,9.380771772376862893e-14,1.111270288233681874e-13,1.598207983369494172e-13,1.274210937162817894e-13,1.352374916954809694e-13,1.165459668623902389e-13
6.409207685510637683e-14,8.996541094749553237e-14,7.260244824647334422e-14,7.233681273672940834e-14,7.895309885905737551e-14,7.186285828439204215e-14,6.816496455395370218e-14,7.813707406427559641e-14,5.977839110982533324e-14,5.964895555116410987e-14,5.168530648784196326e-14,6.764922966454940249e-14,6.488375968934910168e-14,7.369774594042362742e-14,7.114342966471663535e-14,8.085844738974679375e-14,7.098447215800282539e-14,6.192882669846235938e-14,6.522608636958042646e-14,6.326853412786207518e-14,6.928053690189650723e-14,9.877231548757453951e-14,1.278114009188979364e-13,5.838919250422828936e-14,6.308645743869050950e-14,6.863372543794206221e-14,7.155762524583055774e-14,7.603155225597327555e-14,6.764406336651634757e-14,6.940528310918385380e-14,5.887777473949159864e-14,5.953495538724383893e-14,7.694535441000572856e-14,1.087839166800801860e-13,1.899160795186475886e-13,4.957673050668472564e-14,5.309295903150307327e-14,5.797378228542410532e-14,6.001865849373812744e-14,6.546174127712215493e-14,6.764236843166537431e-14,6.014897136310708666e-14,5.548453669844328192e-14,5.843373038242296157e-14,6.601207939820860309e-14,9.474051459411833912e-14,1.192585049162708074e-13,4.829327757498523817e-14,4.807029039675780881e-14,5.151243098299639720e-14,5.811853976999455879e-14,6.614740404328487484e-14,6.078872485978304882e-14,6.235067705306391390e-14,6.381939317440657078e-14,6.701979262005102103e-14,9.812454114708635858e-14,1.447201287118589836e-13,3.929844215148775859e-14,4.469101376540666701e-14,5.579237688810221619e-14,5.728528463301760104e-14,6.594174894823118776e-14,5.981662728193696824e-14,7.176992566346121622e-14,8.569617604079934095e-14,9.466777705566213111e-14,1.241082207070369762e-13,6.706917730223263240e-14,7.544525585900482547e-14,8.214441166005262814e-14,8.643390735888256358e-14,9.528915733994637690e-14,1.133546917951256336e-13,1.630277320320868150e-13,1.311932691240759107e-13,1.371524802298113467e-13,1.187454094404102252e-13
6.537701888033584184e-14,9.176901807203840864e-14,7.405793432027552858e-14,7.378706669665979405e-14,8.053593998396446672e-14,7.330359012016138635e-14,6.953163170222741607e-14,7.970378189545746877e-14,6.097699375363071907e-14,6.084486437601851884e-14,5.272151048904745930e-14,6.900542094197602248e-14,6.618456828822888546e-14,7.517522896753036719e-14,7.256972870704445393e-14,8.247957941340158475e-14,7.240783766902156994e-14,6.317046828276986879e-14,6.653385148210764930e-14,6.453697269630069780e-14,7.066950929784598074e-14,1.007527701450176189e-13,1.303742739017957831e-13,5.955983667086705921e-14,6.435138049432569112e-14,7.000978033291044530e-14,7.299234498731115403e-14,7.755607069909548925e-14,6.900031471009612544e-14,7.079679894647949912e-14,6.005834004847349025e-14,6.072867687517071536e-14,7.848847822375582482e-14,1.109653934707096629e-13,1.937245178504504642e-13,5.057079836358624447e-14,5.415751074362375858e-14,5.913635354974220296e-14,6.122222102394281290e-14,6.677378813974695101e-14,6.899872756497305938e-14,6.135504502863929130e-14,5.659699269453254566e-14,5.960543647292741305e-14,6.733595503832609024e-14,9.663403587983032535e-14,1.216441848386173323e-13,4.926166441893208098e-14,4.903411817424513392e-14,5.254544353058812962e-14,5.928405874221465343e-14,6.747390661646438433e-14,6.200765212225617269e-14,6.360102999346927220e-14,6.509916712020652382e-14,6.836371191577586990e-14,1.000923875280550700e-13,1.476079425347770053e-13,4.008641512519099306e-14,4.558719746096386907e-14,5.691134294979744597e-14,5.843411319681377291e-14,6.726423869633326649e-14,6.101615403816274270e-14,7.320925855597560301e-14,8.741070943082139677e-14,9.656631729186834858e-14,1.265971304586099393e-13,6.841463790239505439e-14,7.693178250279146740e-14,8.376547726504464815e-14,8.815548977449154312e-14,9.681796315964545926e-14,1.156264925530294442e-13,1.662974818260886535e-13,1.351120676267630447e-13,1.391366506757223840e-13,1.209978796300953893e-13
6.668703385749108640e-14,9.360781010889185516e-14,7.554181514312734498e-14,7.526562009644691414e-14,8.214965953210283683e-14,7.477243056142513475e-14,7.092497631940427994e-14,8.130108261631747311e-14,6.219900244901250147e-14,6.206411628235745708e-14,5.377793730955400294e-14,7.038806916838129142e-14,6.751075533801824313e-14,7.668153919245728610e-14,7.402385946382096996e-14,8.413234936407956913e-14,7.385900983987165106e-14,6.443634885576322897e-14,6.786714762241408912e-14,6.583016578424390811e-14,7.208558709784020108e-14,1.027718798959752627e-13,1.329871938603579475e-13,6.075332619083515972e-14,6.564100573310025377e-14,7.141269498011948984e-14,7.445507409921329032e-14,7.911036330913880617e-14,7.038304376219312802e-14,7.221547491339451532e-14,6.126196458841173624e-14,6.194571166010078116e-14,8.006180787810995041e-14,1.131895153326032336e-13,1.976072708751597158e-13,5.158428232351959926e-14,5.524285350775117734e-14,6.032165455101124623e-14,6.244946274374614937e-14,6.811178158510005269e-14,7.038158633274037237e-14,6.258467881521486773e-14,5.773116895471595869e-14,6.080003532491355925e-14,6.868581184090485996e-14,9.856562520471422831e-14,1.240776080419018567e-13,5.024897455117851134e-14,5.001676833586137923e-14,5.359865566048793169e-14,6.047237561986504002e-14,6.882634875406135698e-14,6.325039428445660371e-14,6.487583107947744268e-14,6.640395768388392865e-14,6.973389534741053947e-14,1.020988129511844739e-13,1.505542538477784752e-13,4.088977975606528016e-14,4.650089757577714236e-14,5.805225784188003850e-14,5.960541528108841643e-14,6.861265284859027188e-14,6.223913319102540075e-14,7.467676458886448893e-14,8.915952613959166880e-14,9.850205055679393672e-14,1.291348017664201867e-13,6.978643966087950942e-14,7.844993956953026113e-14,8.542085408295172944e-14,8.991224987364256131e-14,9.839453510457313880e-14,1.179431768542299679e-13,1.696311351675172856e-13,1.391851834254238012e-13,1.411906527698172082e-13,1.233038456505400377e-13
6.802254949081560979e-14,9.548238867429766497e-14,7.705457612687341465e-14,7.677295566439992398e-14,8.379478301662769128e-14,7.626986174081900415e-14,7.234545308357219611e-14,8.292949799995244928e-14,6.344481742584149551e-14,6.330710925752632495e-14,5.485493161305487473e-14,7.179762447098003120e-14,6.886275514354692264e-14,7.821716695152984174e-14,7.550629559409217283e-14,8.581729574460547564e-14,7.533846368930788620e-14,6.572688179589839117e-14,6.922641019584483124e-14,6.714853502806781146e-14,7.352923177879232293e-14,1.048303066706637948e-13,1.356510199295653242e-13,6.197005263491357948e-14,6.695575492079398545e-14,7.284292709069899099e-14,7.594629007495283611e-14,8.069493816000506335e-14,7.179270202506292711e-14,7.366177376659224668e-14,6.248904241255166309e-14,6.318645796417271488e-14,8.166586055050294263e-14,1.154570097929879193e-13,2.015656112592583739e-13,5.261751454739561844e-14,5.634934263082592574e-14,6.153007471417162101e-14,6.370078919474956191e-14,6.947616188122894523e-14,7.179139763314025196e-14,6.383827544666871818e-14,5.888743622564960698e-14,6.201791849816993388e-14,7.006209514467417596e-14,1.005358986366132371e-13,1.265595563136983237e-13,5.125553200585402682e-14,5.101856254954874159e-14,5.467241374946074552e-14,6.168388128951101565e-14,7.020517464011585133e-14,6.451735858159768146e-14,6.617549905563626243e-14,6.773419306760300800e-14,7.113079212674748538e-14,1.041444760707729406e-13,1.535599845903239336e-13,4.170880017011803844e-14,4.743241454244596454e-14,5.921549865134709058e-14,6.079957652338038655e-14,6.998743596739499778e-14,6.348596647170110429e-14,7.617292640798392443e-14,9.094319013105335662e-14,1.004756124205804463e-13,1.317220678823242424e-13,7.118502472470009355e-14,8.000017607064693039e-14,8.711103144095029137e-14,9.170473842711801693e-14,1.000192896057871731e-13,1.203054992676678289e-13,1.730297846888371889e-13,1.434208340482882814e-13,1.433151534605600410e-13,1.256638368654865195e-13
6.938399532993469673e-14,9.739335655030046018e-14,7.859670363711376098e-14,7.830955834565424918e-14,8.547183848963465284e-14,7.779636529109343388e-14,7.379351879095073467e-14,8.458955249670683788e-14,6.471484087288145377e-14,6.457424318843425399e-14,5.595283959810929361e-14,7.323453905153342174e-14,7.024100357109832772e-14,7.978260470780331416e-14,7.701751283484960536e-14,8.753495960694365195e-14,7.684667665666274996e-14,6.704248235331000386e-14,7.061207661943851722e-14,6.849250393873365170e-14,7.500090696069668085e-14,1.069287158561325551e-13,1.383666144140612109e-13,6.321040899418634613e-14,6.829605183030004085e-14,7.430093645852905346e-14,7.746647264894919255e-14,8.231030587550635179e-14,7.322974313576885267e-14,7.513616035955811096e-14,6.373996949319600283e-14,6.445131591483233846e-14,8.330115666983083420e-14,1.177686086004809819e-13,2.056008189654923842e-13,5.367082888330539255e-14,5.747733509943699487e-14,6.276200556708785925e-14,6.497660945076270963e-14,7.086737412974316867e-14,7.322861666082035274e-14,6.511623962488469899e-14,6.006616694921061582e-14,6.325947951121968061e-14,7.146525364601542407e-14,1.025454831023003545e-13,1.290908226743476592e-13,5.228166249638351408e-14,5.203982397931218438e-14,5.576706606132736883e-14,6.291896886218102795e-14,7.161083095853052167e-14,6.580895429872546721e-14,6.750045496750323753e-14,6.909030376240459423e-14,7.255485380239185872e-14,1.062300404828896901e-13,1.566260743003837909e-13,4.254374121663081247e-14,4.838205040153541488e-14,6.040144536801319092e-14,6.201698493844060551e-14,7.138903572082700636e-14,6.475705778951997613e-14,7.769822964742515923e-14,9.276227398655087587e-14,1.024876428211884084e-13,1.343597687742583567e-13,7.261084587420820698e-14,8.158295541678318214e-14,8.883651434351402468e-14,9.353351809112571962e-14,1.016926609041901427e-13,1.227142231868596838e-13,1.764945309845850638e-13,1.478278065847362579e-13,1.455108388839292375e-13,1.280784306588252634e-13
7.077180176204085419e-14,9.934131607012829473e-14,8.016868378677057959e-14,7.987591355139212024e-14,8.718135508193879568e-14,7.935242333785148992e-14,7.526963147344290064e-14,8.628177213220331437e-14,6.600947605205796044e-14,6.586591903850293505e-14,5.707200835492871119e-14,7.469926610441130009e-14,7.164593648005407389e-14,8.137834604705618156e-14,7.855798805433830852e-14,8.928588338526917139e-14,7.838412774498581032e-14,6.838356690168470985e-14,7.202458551731163773e-14,6.986249709031232116e-14,7.650107743010330203e-14,1.090677738062030715e-13,1.411348400247606020e-13,6.447478860500299813e-14,6.966232149655977606e-14,7.578718408582778909e-14,7.901610291252592956e-14,8.395697865818873829e-14,7.469462198006314605e-14,7.663910077086270925e-14,6.501514304408079704e-14,6.574068685428382425e-14,8.496821906316719940e-14,1.201250462838569528e-13,2.097141745885542936e-13,5.474456021056200959e-14,5.862718898468793826e-14,6.401784012175776406e-14,6.627733556161014981e-14,7.228586766076885830e-14,7.469370014702940820e-14,6.641897734599028830e-14,6.126773461844172329e-14,6.452511319004829883e-14,7.289573875113105865e-14,1.045950152271200962e-13,1.316722098214510926e-13,5.332769287827463859e-14,5.308087675376962648e-14,5.688296221430699246e-14,6.417803306223045209e-14,7.304376615640165907e-14,6.712559207984844901e-14,6.885112149733873178e-14,7.047272186765135824e-14,7.400653354095124725e-14,1.083561735033608404e-13,1.597534779410729671e-13,4.339486849083888505e-14,4.935010825022879201e-14,6.161048018871258451e-14,6.325803014301681050e-14,7.281790221230998333e-14,6.605281258712065148e-14,7.925316215681647469e-14,9.461735805536060567e-14,1.045387849738937903e-13,1.370487484638155326e-13,7.406436357398041276e-14,8.319875433289925007e-14,9.059782239616790401e-14,9.539916209071169795e-14,1.034151015347774610e-13,1.251701191205908778e-13,1.800264775944418697e-13,1.524155077287096459e-13,1.477784144164634742e-13,1.305482472928433211e-13
7.218639950089652562e-14,1.013268692368963035e-13,8.177100251074451985e-14,8.147250683323875722e-14,8.892386217310552936e-14,8.093851801358671741e-14,7.677424973364008263e-14,8.800668372280721458e-14,6.732912674620551254e-14,6.718253824102172752e-14,5.821278535639254763e-14,7.619225910403907063e-14,7.307798947958171928e-14,8.300488496296551493e-14,8.012819856343380834e-14,9.107061008694318858e-14,7.995129685962720277e-14,6.975055235373364331e-14,7.346437609896444763e-14,7.125893950499980901e-14,7.803020843915988540e-14,1.112481468888429525e-13,1.439565594278396528e-13,6.576358476475803696e-14,7.105498962555350997e-14,7.730213152386090362e-14,8.059566255694035894e-14,8.563546956049082613e-14,7.618779405764216209e-14,7.817106162408365317e-14,6.631496096994970708e-14,6.705497278265335550e-14,8.666757226473776280e-14,1.225270591362019871e-13,2.139069584952354654e-13,5.583904395050642537e-14,5.979926294939271279e-14,6.529797235293659219e-14,6.760338205653701152e-14,7.373209549213256711e-14,7.618710566664667257e-14,6.774689534427149454e-14,6.249251325655351017e-14,6.581521513153969149e-14,7.435400401488333628e-14,1.066851404341710328e-13,1.343045295799049088e-13,5.439395069351419483e-14,5.414204551839439145e-14,5.802045272101915370e-14,6.546146970714515179e-14,7.450442984510165385e-14,6.846768336427049978e-14,7.022792239567132718e-14,7.188188046951467024e-14,7.548628544614809337e-14,1.105235452506910638e-13,1.629431649703667391e-13,4.426244786436814688e-14,5.033689182345676112e-14,6.284298699168728567e-14,6.452310280285584913e-14,7.427448740748866462e-14,6.737363730024479228e-14,8.083821336413238707e-14,9.650902971376647312e-14,1.066296845217282703e-13,1.397898537644235070e-13,7.554604270463268340e-14,8.484806223484628457e-14,9.239548898264381120e-14,9.730225355741147987e-14,1.051870829774863444e-13,1.276739635437709348e-13,1.836267299040681189e-13,1.571940187511520723e-13,1.501186056956698135e-13,1.330739418508034232e-13
7.362821900583826146e-14,1.033506170532075120e-13,8.340414500188575141e-14,8.309982316104968443e-14,9.069988845837955880e-14,8.255513073286936000e-14,7.830783195913456467e-14,8.976481396715765546e-14,6.867419663777733171e-14,6.852450200851647127e-14,5.937551786833950072e-14,7.771397094153440303e-14,7.453759742552962208e-14,8.466271500427407302e-14,8.172862129604506926e-14,9.288968234157189007e-14,8.154866401693274568e-14,7.114385546915568095e-14,7.493188742283172680e-14,7.268225592814832433e-14,7.958876489340445058e-14,1.134705003590967603e-13,1.468326343245489473e-13,6.707719022169174142e-14,7.247448189405659286e-14,7.884624008992800525e-14,8.220563310023138675e-14,8.734629162223832982e-14,7.770971471375535682e-14,7.973250928900920263e-14,6.763982121763082358e-14,6.839457570062449300e-14,8.839974169386119792e-14,1.249753839893843926e-13,2.181804489016156650e-13,5.695461552006096490e-14,6.099391566913002931e-14,6.660279658208621492e-14,6.895516536137947466e-14,7.520651369956178019e-14,7.770929092984066670e-14,6.910040043444794722e-14,6.374087680370730060e-14,6.713018106965548311e-14,7.584050447645680841e-14,1.088165119487034492e-13,1.369886019752449053e-13,5.548076364380430579e-14,5.522365491229762073e-14,5.917988844848989262e-14,6.676967510254125625e-14,7.599327208668708317e-14,6.983563972044552793e-14,7.163128179250840526e-14,7.331821296003855016e-14,7.699456385736245679e-14,1.127328275725673291e-13,1.661961180521465516e-13,4.514674515604710113e-14,5.134270502635370753e-14,6.409935075584812687e-14,6.581259401898574817e-14,7.575924445700863706e-14,6.871993871857527422e-14,8.245387351726434539e-14,9.843788251218988970e-14,1.087609885177304288e-13,1.425839329201156552e-13,7.705634967265134055e-14,8.653138058587153495e-14,9.423006037794904820e-14,9.924338480397102300e-14,1.070090962656307740e-13,1.302265376064243406e-13,1.872963931134933619e-13,1.621741558782546937e-13,1.525321594776872149e-13,1.356562016518365441e-13
7.509768946365147879e-14,1.054131588151638771e-13,8.506859510328117026e-14,8.475834609459920691e-14,9.250996106151913702e-14,8.420274160521776164e-14,7.987083551502968958e-14,9.155668853345450850e-14,7.004508871801222460e-14,6.989221063027442940e-14,6.056055233323236339e-14,7.926485317747556464e-14,7.602519395303758266e-14,8.635232839716136589e-14,8.335973196222210305e-14,9.474364144431880158e-14,8.317670852196501906e-14,7.256389212691560461e-14,7.642755762617601433e-14,7.413287007454158380e-14,8.117721052851383325e-14,1.157354973270651051e-13,1.497639246059221533e-13,6.841599672360498233e-14,7.392122321252939214e-14,8.041997010387166807e-14,8.384649505184625844e-14,8.908995698333777181e-14,7.926083833967706425e-14,8.132390905695858221e-14,6.899012109075791859e-14,6.975989691536578650e-14,9.016525279782037599e-14,1.274707569824667092e-13,2.225359204188633872e-13,5.809160977180882703e-14,6.221150521603095474e-14,6.793270682109292811e-14,7.033310317896125475e-14,7.670958075564643625e-14,7.926071300574886401e-14,7.047989881554709703e-14,6.501319846738272882e-14,6.847040620281762827e-14,7.735569595533068482e-14,1.109897898303244906e-13,1.397252542885440742e-13,5.658845903312508499e-14,5.632602900928682407e-14,6.036162003971178145e-14,6.810304539954275942e-14,7.751074264491413138e-14,7.122987215101813142e-14,7.306162350854995958e-14,7.478215231928260526e-14,7.853182259016388990e-14,1.149846929698100157e-13,1.695133318916621928e-13,4.604802576197052929e-14,5.236785145739780710e-14,6.537995697232461023e-14,6.712689471134983488e-14,7.727262698130883904e-14,7.009212332923266131e-14,8.410063288648614286e-14,1.004045153052106200e-13,1.109333443804686664e-13,1.454318344332060360e-13,7.859575017413288723e-14,8.824922229829373237e-14,9.610209487583619367e-14,1.012231566427676613e-13,1.088816526214217747e-13,1.328286259023611161e-13,1.910365703488858001e-13,1.673675368943265970e-13,1.550198442464081204e-13,1.382957441443519887e-13
7.659523845262688833e-14,1.075150926048731778e-13,8.676483563449637108e-14,8.644855796443569652e-14,9.435460501825246875e-14,8.588182963215476049e-14,8.146371609319913297e-14,9.338283137179181415e-14,7.144220491914294075e-14,7.128606290458657972e-14,6.176823383393334485e-14,8.084535554115665065e-14,7.754121167606185464e-14,8.807421538988719647e-14,8.502200439975784402e-14,9.663302664942145901e-14,8.483590828507769525e-14,7.401107670197481882e-14,7.795182331536017734e-14,7.561120400220131649e-14,8.279600727121780466e-14,1.180437984490011542e-13,1.527512886805269534e-13,6.978039499944152925e-14,7.539563709115928543e-14,8.202378014800443099e-14,8.551872722790303264e-14,9.086697617526882282e-14,8.084161771934367244e-14,8.294572448213780275e-14,7.036625664881242147e-14,7.115133643426393130e-14,9.196463033722678430e-14,1.300139126906360558e-13,2.269746456805392278e-13,5.925036052165941442e-14,6.345238850337559841e-14,6.928809618272193558e-14,7.173761392839277898e-14,7.824175694612568056e-14,8.084182765864263075e-14,7.188579545965651728e-14,6.630985014713663101e-14,6.983628459698289305e-14,7.890003442805640321e-14,1.132056402675649650e-13,1.425153207939540104e-13,5.771736326884294515e-14,5.744949080417056332e-14,6.156599738069404082e-14,6.946197597779687147e-14,7.905729033856752795e-14,7.265079049684319762e-14,7.451937043906828639e-14,7.627413048500394103e-14,8.009851427811477707e-14,1.172798137999466180e-13,1.728958128301906757e-13,4.696655454035498060e-14,5.341263400717188357e-14,6.668519116350623329e-14,6.846639513454580278e-14,7.881508844236011369e-14,7.149059668955096610e-14,8.577898108198467503e-14,1.024095315367938751e-13,1.131473990788482480e-13,1.483344066081832953e-13,8.016470769344958046e-14,9.000211137226265344e-14,9.801216239562412453e-14,1.032421780334230864e-13,1.108052843319387600e-13,1.354810156899112870e-13,1.948483632961500169e-13,1.727866551122950607e-13,1.575824519447545525e-13,1.409933114839137132e-13
7.812129053636637778e-14,1.096570120085679301e-13,8.849334583943588292e-14,8.817093751011615322e-14,9.623434143188951108e-14,8.759287047732101227e-14,8.308692638975919746e-14,9.524376316266422067e-14,7.286594460271067838e-14,7.270645498671605038e-14,6.299890513326498452e-14,8.245592444640746095e-14,7.908608020088474793e-14,8.982886274766383451e-14,8.671590915029527533e-14,9.855837350108310397e-14,8.652673851865532526e-14,7.548582091627608765e-14,7.950511829019919719e-14,7.711767689806835319e-14,8.444561384686814182e-14,1.203960588634433365e-13,1.557955797337572136e-13,7.117077329047539204e-14,7.689814451575128864e-14,8.365812577604465144e-14,8.722280537574108775e-14,9.267785667058109249e-14,8.245250273677567198e-14,8.459841602237511988e-14,7.176862165707902354e-14,7.256929189453589967e-14,9.379839706780159137e-14,1.326055819854752937e-13,2.314978874503751867e-13,6.043119964298701194e-14,6.471692035825255950e-14,7.066935592793792800e-14,7.316911587730702488e-14,7.980350345695834970e-14,8.245308812870500834e-14,7.331849304562185528e-14,6.763120143838193535e-14,7.122820816650464148e-14,8.047397501087879014e-14,1.154647341353312852e-13,1.453596403863347584e-13,5.886780104146570120e-14,5.859436138404141644e-14,6.279336875837328916e-14,7.084686050701499564e-14,8.063336190231005931e-14,7.409880231402359822e-14,7.600494349138964099e-14,7.779457724595089388e-14,8.169508918794719830e-14,1.196188605237633296e-13,1.763445760831868016e-13,4.790259483259475083e-14,5.447735414127859685e-14,6.801543794498574710e-14,6.983148384478375527e-14,8.038708109635115590e-14,7.291576241412551943e-14,8.748940584641050560e-14,1.044535380403468965e-13,1.154037974699274046e-13,1.512924950281247880e-13,8.176368222220354074e-14,9.179058185160030882e-14,9.996084323165441059e-14,1.053010647083668268e-13,1.127805447960332569e-13,1.381844948156627729e-13,1.987328672819455997e-13,1.784449611658027388e-13,1.602207986686374108e-13,1.437496715203899138e-13
7.967626627195791446e-14,1.118395049014706045e-13,9.025460042216238336e-14,8.992595896030381574e-14,9.814968612167815633e-14,8.933633545769753718e-14,8.474091504830034370e-14,9.714000012966230593e-14,7.431670372247769156e-14,7.415377945582869546e-14,6.425290585662645981e-14,8.409700191194670171e-14,8.066022523364975575e-14,9.161675254271050035e-14,8.844191229539868106e-14,1.005202125764085688e-13,8.824967067960654653e-14,7.698853288362942377e-14,8.108787255178125848e-14,7.865270411585263354e-14,8.612648469073161638e-14,1.227929284628827813e-13,1.588976440545855442e-13,7.258751649680906281e-14,7.842916295787397496e-14,8.532345846194927699e-14,8.895920107620559702e-14,9.452310173821671765e-14,8.409393933419682250e-14,8.628243995973596066e-14,7.319760673353489205e-14,7.401415765792661250e-14,9.566707267272942975e-14,1.352464904885553341e-13,2.361068959642267045e-13,6.163445628806803778e-14,6.600545271599810155e-14,7.207687459400824963e-14,7.462802638916555256e-14,8.139528160056982547e-14,8.409494412693033651e-14,7.477839107362915030e-14,6.897761878022684117e-14,7.264656580161884810e-14,8.207797109529193122e-14,1.177677459535626251e-13,1.482590554059830276e-13,6.004009459269920366e-14,5.976095919469602117e-14,6.404408011481328524e-14,7.225809011892454541e-14,8.223940103461868651e-14,7.557431200469361510e-14,7.751876068384736586e-14,7.934391931109258717e-14,8.332199423553950207e-14,1.220025004012483458e-13,1.798606443415045887e-13,4.885640795600710421e-14,5.556231116308341035e-14,6.937108022353323532e-14,7.122254687041145940e-14,8.198905510775061127e-14,7.436802131934665830e-14,8.923239205673259222e-14,1.065371440909541504e-13,1.177031810226681212e-13,1.543069405958844206e-13,8.339312909105870345e-14,9.361517714694263557e-14,1.019487272813686287e-13,1.074004383314610873e-13,1.148080097583175905e-13,1.409398505590710171e-13,2.026911688132739509e-13,1.843569543272589487e-13,1.629357260204049008e-13,1.465656115911419079e-13
8.126058111728288079e-14,1.140631520504076905e-13,9.204906841584676425e-14,9.171409088999391151e-14,1.001011483227024914e-13,9.111269036290556184e-14,8.642612552375946582e-14,9.907205277424974728e-14,7.579487383612255720e-14,7.562842431050987234e-14,6.553057160586181465e-14,8.576902439441916479e-14,8.226406751980291817e-14,9.343836094861177268e-14,9.020047429752820512e-14,1.025190681382324044e-13,9.000517133544809714e-14,7.851961607589626591e-14,8.270051123561640078e-14,8.021669603145596072e-14,8.783906877752619681e-14,1.252350501312191478e-13,1.620583192481164690e-13,7.403100517432655023e-14,7.998910534287572803e-14,8.702022445350775541e-14,9.072838056187785184e-14,9.640320921797604581e-14,8.576636839197344211e-14,8.799824723952646628e-14,7.465359832139441415e-14,7.548632387229030577e-14,9.757117262824157829e-14,1.379373569272844233e-13,2.408029071316915376e-13,6.286045608544281502e-14,6.731833374864990162e-14,7.351103709743683315e-14,7.611476112717632889e-14,8.301755200770627000e-14,8.576784075526258185e-14,7.626588488062241342e-14,7.034946453293579147e-14,7.409174245639346202e-14,8.371247343091720723e-14,1.201153528506992959e-13,1.512144104914619293e-13,6.123456294888193982e-14,6.094959924561595557e-14,6.531847424334854708e-14,7.369605251503510040e-14,8.387584737946704995e-14,7.707771983978905712e-14,7.906123617950730381e-14,8.092257931089204561e-14,8.497967192902343622e-14,1.244313961319298874e-13,1.834450464741357333e-13,4.982825261532881042e-14,5.666780141185830670e-14,7.075249859043022075e-14,7.263996681687584248e-14,8.362145760829380965e-14,7.584777049328359466e-14,9.100842066047109402e-14,1.086609604371494969e-13,1.200461864694863354e-13,1.573785774857801964e-13,8.505349777356656724e-14,9.547644934711809951e-14,1.039764132871569417e-13,1.095409256308375858e-13,1.168882776848438224e-13,1.437478683146342549e-13,2.067243444956456003e-13,1.905382844408251117e-13,1.657281026275235198e-13,1.494419338681234947e-13
8.287464443911827557e-14,1.163285260957248457e-13,9.387721218547750307e-14,9.353579479809096729e-14,1.020892300119955547e-13,9.292239444437403929e-14,8.814299489988604196e-14,1.010404246087843483e-13,7.730084117446973108e-14,7.713077197386003531e-14,6.683223305609989965e-14,8.747242168800155938e-14,8.389802186465927810e-14,9.529415683842093367e-14,9.199204866716107876e-14,1.045554567327100849e-13,9.179370094132797363e-14,8.007946818688437248e-14,8.434345343779614359e-14,8.181005695236990671e-14,8.958380843349275346e-14,1.277230584139870109e-13,1.652784335174708694e-13,7.550161456658671695e-14,8.157837894118968697e-14,8.874886352409094745e-14,9.253080343411651611e-14,9.831867021273377754e-14,8.747022455102102346e-14,8.974628225431698901e-14,7.613697770771109890e-14,7.698617535822158194e-14,9.951120696545906324e-14,1.406788912124434642e-13,2.455871442271706613e-13,6.410952050528871166e-14,6.865590692014846319e-14,7.497222376245995722e-14,7.762973319939933327e-14,8.467077376769831685e-14,8.747221733045275109e-14,7.778136456655695325e-14,7.174709597544150038e-14,7.556411809026357149e-14,8.537792912579251596e-14,1.225082336114459956e-13,1.542265523836399511e-13,6.245152111263893593e-14,6.216059225211520370e-14,6.661688992191555866e-14,7.516113100736415859e-14,8.554313543379597927e-14,7.860942090806259305e-14,8.063277924167617564e-14,8.253097471662703669e-14,8.666855921038232349e-14,1.269062044284420083e-13,1.870988176222852487e-13,5.081838421047098513e-14,5.779411753022934486e-14,7.216007059233418915e-14,7.408412206773599063e-14,8.528473168485781550e-14,7.735540228446581009e-14,9.281796750977498912e-14,1.108255982351085102e-13,1.224334442704812701e-13,1.605082323514815377e-13,8.674523191058579362e-14,9.737495877779837081e-14,1.060445082933043327e-13,1.117231578986519996e-13,1.190219706869934088e-13,1.466093304401963761e-13,2.108334602270864018e-13,1.970058671787530829e-13,1.685988265489530875e-13,1.523794600871730168e-13
8.451885773708138795e-14,1.186361860079651020e-13,9.573948385361485168e-14,9.539152131910901173e-14,1.041144232799241396e-13,9.476589769149528418e-14,8.989195358104142359e-14,1.030456117043071219e-13,7.883498512728858451e-14,7.866119833757606219e-14,6.815821527985895429e-14,8.920761561986436900e-14,8.556249485610680026e-14,9.718460241249974745e-14,9.381708236892922343e-14,1.066298872423641946e-13,9.361571404752174898e-14,8.166848123429944766e-14,8.601711226049488238e-14,8.343318493139215344e-14,9.136113875843491730e-14,1.302575751516532518e-13,1.685587964315682372e-13,7.699971285937686743e-14,8.319738542017793745e-14,9.050980917496625681e-14,9.436692293352468390e-14,1.002699693270692641e-13,8.920593600804148920e-14,9.152698263154085166e-14,7.764812082413690954e-14,7.851409152094613443e-14,1.014876809012018859e-13,1.434717976029822709e-13,2.504607847598113210e-13,6.538196561943762825e-14,7.001851074976992335e-14,7.646081024909122675e-14,7.917335323447558892e-14,8.635540467985773814e-14,8.920850759151320380e-14,7.932521498387221026e-14,7.317086512907308784e-14,7.706406759738339411e-14,8.707478195934704297e-14,1.249470688608582690e-13,1.572963215403316739e-13,6.369127943397084450e-14,6.339424427206731064e-14,6.793966164773297286e-14,7.665370440195168836e-14,8.724169459865490401e-14,8.016980501608537036e-14,8.223379424447882907e-14,8.416951788982057462e-14,8.838908771859466277e-14,1.294275771071783893e-13,1.908229880686352719e-13,5.182705340676648173e-14,5.894154750358893996e-14,7.359416965078683882e-14,7.555538558728043798e-14,8.697931654132871837e-14,7.889130426932574389e-14,9.466150384477343334e-14,1.130316704780521206e-13,1.248655805893534285e-13,1.636967191059987884e-13,8.846876181040846069e-14,9.931127193545803224e-14,1.081536266624195425e-13,1.139477677943669408e-13,1.212097346534125088e-13,1.495250155228952167e-13,2.150195474295388409e-13,2.037779975860606113e-13,1.715488214058834155e-13,1.553790981159676913e-13
8.619361684611288506e-14,1.209866923412538436e-13,9.763633420102547964e-14,9.728172031979306222e-14,1.061772139652000685e-13,9.664364686829053236e-14,9.167342495063301914e-14,1.050881032143964189e-13,8.039767973536082393e-14,8.022007349147608705e-14,6.950883765320684389e-14,9.097502168259017213e-14,8.725789006294699815e-14,9.911015095982844923e-14,9.567601397685461956e-14,1.087428603363485948e-13,9.547165812574890952e-14,8.328704013728206233e-14,8.772189361435614886e-14,8.508647092282956650e-14,9.317148784475392122e-14,1.328392184975982567e-13,1.719002225913100685e-13,7.852566337161046021e-14,8.484651960917670659e-14,9.230348719717304939e-14,9.623718451728969874e-14,1.022575836217199068e-13,9.097392395848813528e-14,9.334077871825453002e-14,7.918739745189183492e-14,8.007044539615337079e-14,1.035010933638336174e-13,1.463167697971905407e-13,2.554250480508731082e-13,6.667810286850846794e-14,7.140647794232786722e-14,7.797716660322257721e-14,8.074602871268684777e-14,8.807190067294690416e-14,9.097713838716458159e-14,8.089781463979885008e-14,7.462111776032199642e-14,7.859195981006266242e-14,8.880347128665836856e-14,1.274325430651987061e-13,1.604245757528083236e-13,6.495414359013342216e-14,6.465085602215336452e-14,6.928711897908717931e-14,7.817414621586097730e-14,8.897194829198279202e-14,8.175925579000964933e-14,8.386467970724765826e-14,8.583861504737981291e-14,9.014168237594368810e-14,1.319961603179965484e-13,1.946186149900719757e-13,5.285450817561800013e-14,6.011037541982571301e-14,7.505516621008389247e-14,7.705412630796593231e-14,8.870564664070709339e-14,8.045585827874292145e-14,9.653949485102123950e-14,1.152797904321837850e-13,1.273432141772116626e-13,1.669448542853481707e-13,9.022450904539141803e-14,1.012859670083414944e-13,1.103043942307494116e-13,1.162153977459213740e-13,1.234522464382276628e-13,1.524957035552193931e-13,2.192836666347365528e-13,2.108745347890864747e-13,1.745790591707249725e-13,1.584416300579869071e-13
8.789930377411540570e-14,1.233805810780966394e-13,9.956819365726420415e-14,9.920682361985896589e-14,1.082780710286983248e-13,9.855607050705954386e-14,9.348782041556410157e-14,1.071683745186532898e-13,8.198928762766503795e-14,8.180775649136886828e-14,7.088441027216099883e-14,9.277504185861447289e-14,8.898459495946196779e-14,1.010712430265164571e-13,9.756926977982303953e-14,1.108948622223057394e-13,9.736196931146744696e-14,8.493551945489589105e-14,8.945819244868159277e-14,8.677029478925632312e-14,9.501527104820988493e-14,1.354685825085813697e-13,1.753034917947813798e-13,8.007981530780813552e-14,8.652616604478945926e-14,9.413031173769722926e-14,9.814202163375717658e-14,1.042819776197997103e-13,9.277459794552937934e-14,9.518808864286616478e-14,8.075516779089012729e-14,8.165560028854766070e-14,1.055519326919141359e-13,1.492144859052879612e-13,2.604810819236842191e-13,6.799823476633559719e-14,7.282013255117000909e-14,7.952165419677656008e-14,8.234816090127242359e-14,8.982071235844803337e-14,9.277852591450177561e-14,8.249953244996243372e-14,7.609819039618693317e-14,8.014815435502470058e-14,9.056442869857988206e-14,1.299653357750120050e-13,1.636121546881030466e-13,6.624041142588998463e-14,6.593072030182931414e-14,7.065958378252692460e-14,7.972282149957723379e-14,9.073431006878857212e-14,8.337814720355734566e-14,8.552582484823452470e-14,8.753866270185658998e-14,9.192675783481457988e-14,1.346125872912849722e-13,1.984867357685583355e-13,5.390098929878599787e-14,6.130087777102259042e-14,7.654342286107931350e-14,7.858070361520524113e-14,9.046414806687201476e-14,8.204943718955252974e-14,9.845239586330047461e-14,1.175705674153832576e-13,1.298669517433085736e-13,1.702534298387783460e-13,9.201288398321959265e-14,1.032996232142713054e-13,1.124974393783505776e-13,1.185266845689307430e-13,1.257502030355198589e-13,1.555221611859482339e-13,2.236268243222766587e-13,2.183170085401273883e-13,1.776905312915455571e-13,1.615679655934641674e-13
8.963628821343225932e-14,1.258183693495528980e-13,1.015354807390988479e-13,1.011672488602017522e-13,1.104174499125066572e-13,1.005035804300278073e-13,9.533554032564829038e-14,1.092868891804958233e-13,8.361016129746596651e-14,8.342459650549057467e-14,7.228523429909452986e-14,9.460806638015746739e-14,9.074298168636885243e-14,1.030683065901856159e-13,9.949726402379448642e-14,1.130863661577064329e-13,9.928707302800586435e-14,8.661428343066621822e-14,9.122639304500578228e-14,8.848502568745667580e-14,9.689289227600843417e-14,1.381462434550239045e-13,1.787693623161038660e-13,8.166250373354886879e-14,8.823669914647375465e-14,9.599068563348903181e-14,1.000818562270499536e-13,1.063436042790919318e-13,9.460835663405878512e-14,9.706931919798122872e-14,8.235178269169984057e-14,8.326990993947357915e-14,1.076406774719704125e-13,1.521656096872224491e-13,2.656300089997383427e-13,6.934265563243243147e-14,7.425978992704647526e-14,8.109462585371244575e-14,8.398014530437667106e-14,9.160228581992452584e-14,9.461307609219940121e-14,8.413072786119388918e-14,7.760241028786839555e-14,8.173300175517387356e-14,9.235807849945697262e-14,1.325461254937291436e-13,1.668598926861993822e-13,6.755037326275255559e-14,6.723412187071098346e-14,7.205737027123027553e-14,8.130008707112393414e-14,9.252918416949594760e-14,8.502684384308456472e-14,8.721760990237089707e-14,8.927004800614748447e-14,9.374471877053578876e-14,1.372774809477082555e-13,2.024283868949447004e-13,5.496672996440143374e-14,6.251332387710090896e-14,7.805929574316758707e-14,8.013546877201288898e-14,9.225523911603458082e-14,8.367240511850473077e-14,1.004006529243712700e-13,1.199046082658593046e-13,1.324373890932087232e-13,1.736232244970302285e-13,9.383430114914599781e-14,1.053528248384753810e-13,1.147333969639004072e-13,1.208822650169428650e-13,1.281043287638760599e-13,1.586051484748537317e-13,2.280500061261909201e-13,2.261288209634612965e-13,1.808842654793357068e-13,1.647590753909632692e-13
9.140492593685536098e-14,1.283005464295848297e-13,1.035385915239212392e-13,1.031633939556382684e-13,1.125957910514108367e-13,1.024865665017401990e-13,9.721697231572796210e-14,1.114440973065126403e-13,8.526064167148268046e-14,8.507093162287033366e-14,7.371160067886629131e-14,9.647447266772836683e-14,9.253340163422954963e-14,1.051017550793718469e-13,1.014603970105705613e-13,1.153178305001301972e-13,1.012473822262549780e-13,8.832368434604300143e-14,9.302686731564384520e-14,9.023102040613765671e-14,9.880474240784862073e-14,1.408727572693831367e-13,1.822985644202817367e-13,8.327404599468264703e-14,8.997848158246371753e-14,9.788499861028531786e-14,1.020570968916265238e-13,1.084429031321867880e-13,9.647558613530535521e-14,9.898486412033052618e-14,8.397758214920008296e-14,8.491371698571040411e-14,1.097677947604362416e-13,1.551707879718989507e-13,2.708729143764177202e-13,7.071165063601298520e-14,7.572575532348490679e-14,8.269642440893057799e-14,8.564237039223299312e-14,9.341706134015640587e-14,9.648118285715789302e-14,8.579174930726085595e-14,7.913409395980825087e-14,8.334684193590127133e-14,9.418483624172972205e-14,1.351755882683454860e-13,1.701686128222800252e-13,6.888431077860773227e-14,6.856133616971730166e-14,7.348078372404597032e-14,8.290629010369070076e-14,9.435696393336251377e-14,8.670569937167845629e-14,8.894040459300804866e-14,9.103314717638835126e-14,9.559595820421379809e-14,1.399914519120721331e-13,2.064445984255274449e-13,5.605195338600553830e-14,6.374797495092214671e-14,7.960313378598528050e-14,8.171876403572328163e-14,9.407932881565002461e-14,8.532511594160328710e-14,1.023847010995929391e-13,1.222825158197076313e-13,1.350551089975739414e-13,1.770550019954431693e-13,9.568918610704229251e-14,1.074461602194748830e-13,1.170129080854382351e-13,1.232827739538954585e-13,1.305153751262531758e-13,1.617454172063248440e-13,2.325541662271169404e-13,2.343354391914851766e-13,1.841613255532451441e-13,1.680160360021116802e-13
9.320555930067221282e-14,1.308275647049238009e-13,1.055778845455423179e-13,1.051956258982130259e-13,1.148135206245174900e-13,1.045053944732748254e-13,9.913249015190754543e-14,1.136404347993637045e-13,8.694105735108931003e-14,8.674708853253763450e-14,7.516378922791084970e-14,9.837462559097648049e-14,9.435618258251246907e-14,1.071719860305958075e-13,1.034590537785124719e-13,1.175896974626492550e-13,1.032432960849248368e-13,9.006406130350186810e-14,9.485997355267772761e-14,9.200862215061981214e-14,1.007511984657728607e-13,1.436486597830878511e-13,1.858917956461945797e-13,8.491474340817972944e-14,9.175186304241333946e-14,9.981362599271026565e-14,1.040681375560169650e-13,1.105802989511599147e-13,9.837665879256631918e-14,1.009351028746499026e-13,8.563289413806904191e-14,8.658735177938426608e-14,1.119337387436164175e-13,1.582306489806458986e-13,2.762108230998923845e-13,7.210549570842704912e-14,7.721832282514404868e-14,8.432738156875999441e-14,8.733521655303714746e-14,9.526547235157898735e-14,9.838322689493959219e-14,8.748293302238210951e-14,8.069354605011661122e-14,8.499000306477487603e-14,9.604510755765014949e-14,1.378543979532461620e-13,1.735391212545984692e-13,7.024249615302423960e-14,6.991262828207813943e-14,7.493011943671402805e-14,8.454176699907470017e-14,9.621803057350766565e-14,8.841505534421937152e-14,9.069456694321974310e-14,9.282832427980675993e-14,9.748085624268986622e-14,1.427550970913063029e-13,2.105363875335783269e-13,5.715686744224496115e-14,6.500508350044798204e-14,8.117527920727683686e-14,8.333092274032587322e-14,9.593681574387911461e-14,8.700791213187156484e-14,1.044049631883995335e-13,1.247048877481502033e-13,1.377206796804422888e-13,1.805495054229510485e-13,9.757797423894871768e-14,1.095802218659638701e-13,1.193366212701580470e-13,1.257288439575638186e-13,1.329841242388064920e-13,1.649437118278652898e-13,2.371402073063902754e-13,2.429646071928744633e-13,1.875228090940943297e-13,1.713398825258054176e-13
9.503853442867589237e-14,1.333998540480960346e-13,1.076536990492620764e-13,1.072642687774160389e-13,1.170710650160708044e-13,1.065604214363485481e-13,1.010824650609859290e-13,1.158763369453301761e-13,8.865173958751207512e-14,8.845338827538249430e-14,7.664207380144674674e-14,1.003088839814880752e-13,9.621164147413208864e-14,1.092793951718996110e-13,1.054936170443407094e-13,1.199024100116614915e-13,1.052752126537596631e-13,9.183574941763870729e-14,9.672606684664174470e-14,9.381817025396667438e-14,1.027326340898019315e-13,1.464745043383309340e-13,1.895497624709384141e-13,8.658489343997086704e-14,9.355718980364494330e-14,1.017769405181173470e-13,1.061153704850584984e-13,1.127562166266807369e-13,1.003119444873524684e-13,1.029204127095533294e-13,8.731804262971831465e-14,8.829114065861266646e-14,1.141389658255321933e-13,1.613458346201912299e-13,2.816446996294431658e-13,7.352446231779208874e-14,7.873778144041739835e-14,8.598782555482460706e-14,8.905906427953599759e-14,9.714795553915183588e-14,1.003195869095859890e-13,8.920461150675066213e-14,8.228106623410748790e-14,8.666280940443202163e-14,9.793929857971259628e-14,1.405832461928637196e-13,1.769722356778118675e-13,7.162519630989783487e-14,7.128825764199855356e-14,7.640566833174811738e-14,8.620685104545379774e-14,9.811276375676104334e-14,9.015524986888599215e-14,9.248045244066453776e-14,9.465594096355345491e-14,9.939979107450394073e-14,1.455690253969703548e-13,2.147048054145629614e-13,5.828166157392019162e-14,6.628489933345600207e-14,8.277607298570891569e-14,8.497227705276005554e-14,9.782809843195627537e-14,8.872113303037025258e-14,1.064618625614046274e-13,1.271723356086809015e-13,1.404346787646559938e-13,1.841075058288726611e-13,9.950113082387210834e-14,1.117556262627475681e-13,1.217052025900648132e-13,1.282211303232015574e-13,1.355114034773437992e-13,1.682007922384832176e-13,2.418089802869624178e-13,2.520466302359632003e-13,1.909699005231681963e-13,1.747315564648499590e-13
9.690435500500958313e-14,1.360182343758566152e-13,1.097666344363927369e-13,1.093698712937905033e-13,1.193691063676973547e-13,1.086522286780424566e-13,1.030674471696593890e-13,1.181524806644190079e-13,9.039315203680359952e-14,9.019028545557647283e-14,7.814682287128321746e-14,1.022777882306494626e-13,9.810028662221023230e-14,1.114245930340876704e-13,1.075646683554849989e-13,1.222566693336932760e-13,1.073437256520969656e-13,9.363923005619435400e-14,9.862566585483400813e-14,9.566015680220556963e-14,1.047496098699611795e-13,1.493512757694155911e-13,1.932739138740236168e-13,8.828493047000899393e-14,9.539495995487561745e-14,1.037754981314668665e-13,1.081993879787921044e-13,1.149713073593360500e-13,1.022819890181536796e-13,1.049413570990830572e-13,8.903348088443854004e-14,9.002554290521698347e-14,1.163841639338674426e-13,1.645174479827984346e-13,2.871768959781915402e-13,7.496890560227315914e-14,8.028452226232774830e-14,8.767820943972421954e-14,9.081442904693007774e-14,9.906511171049922814e-14,1.022908181724657976e-13,9.095725342024307368e-14,8.389706764432993008e-14,8.836571257563967414e-14,9.986798226893899484e-14,1.433631962965913664e-13,1.804694166312538085e-13,7.303275753629121578e-14,7.268856394760499191e-14,7.790781586482044959e-14,8.790200073987630581e-14,1.000417104039819082e-13,9.192676007158042647e-14,9.429856356592490019e-14,9.651651381038342097e-14,1.013533139505311399e-13,1.484342241442824844e-13,2.189518345549945212e-13,5.942658345342914083e-14,6.758773530124409646e-14,8.440596967727788403e-14,8.664327953881756390e-14,9.975374140618312278e-14,9.046525199941368204e-14,1.085560225873946811e-13,1.296857636312983339e-13,1.431980367281796149e-13,1.877304361012314236e-13,1.014591949415294314e-13,1.139732397030824895e-13,1.241196157554208568e-13,1.307606221537289640e-13,1.380984380695787720e-13,1.715179584769922430e-13,2.465624302515123238e-13,2.616157686507884410e-13,1.945045417811841535e-13,1.781966026966724553e-13
9.880286326774798801e-14,1.386823938967392752e-13,1.119165794868496177e-13,1.115124380034246148e-13,1.217072912971475024e-13,1.107807013367740124e-13,1.050872267289079729e-13,1.204685379711195007e-13,9.216517980826361789e-14,9.195765676332979374e-14,7.967798116888557623e-14,1.042811259942067546e-13,1.000220594038930485e-13,1.136072994095109946e-13,1.096719589941349221e-13,1.246521082642248613e-13,1.094486027375010266e-13,9.547435845488918817e-14,1.005585931433602828e-13,9.753442108629915645e-14,1.068018995458089748e-13,1.522783447481843376e-13,1.970631673641069292e-13,9.001483188418105809e-14,9.726502159519899122e-14,1.058090824239865910e-13,1.103199423083308678e-13,1.172252748036387075e-13,1.042865897912480916e-13,1.069977113581580858e-13,9.077910017774732903e-14,9.179044207684506310e-14,1.186690532898986337e-13,1.677447284309518672e-13,2.928055501756325951e-13,7.643879600645494219e-14,8.185848461712385341e-14,8.939844319552818641e-14,9.260125089141690615e-14,1.010168556045029754e-13,1.042967265959508815e-13,9.274073916057223702e-14,8.554146667897713318e-14,9.009861088153368441e-14,1.018310256300349244e-13,1.461938447151228787e-13,1.840299581732273868e-13,7.446516144788262378e-14,7.411352274067085288e-14,7.943652613099169849e-14,8.962712969408382233e-14,1.020047033408133184e-13,9.372946233184033906e-14,9.614877051780941503e-14,9.840989534108909859e-14,1.033412409854694491e-13,1.513501320696580666e-13,2.232762528006749135e-13,6.059174357219599677e-14,6.891360112106158121e-14,8.606492067208658180e-14,8.834384929473341641e-14,1.017136034220902551e-13,9.224016238262286070e-14,1.106872247489072848e-13,1.322448966678748122e-13,1.460102410503321294e-13,1.914172192812137498e-13,1.034518984463971027e-13,1.162330115392199470e-13,1.265797024984734739e-13,1.333470931452224964e-13,1.407450831970239953e-13,1.748944164515972840e-13,2.513992030302136680e-13,2.717056779828514448e-13,1.981260737232449484e-13,1.817268218455019610e-13
1.007344870975260252e-13,1.413930470289839404e-13,1.141040582420300508e-13,1.136924456311202797e-13,1.240861978013429831e-13,1.129463459916537531e-13,1.071422698800161431e-13,1.228250855229670323e-13,9.396821790306543607e-14,9.375588579744928949e-14,8.123585869812624124e-14,1.063193521943582229e-13,1.019774044626806519e-13,1.158280309484787289e-13,1.118159811966449568e-13,1.270893218975391864e-13,1.115903515829964320e-13,9.734154279091916806e-14,1.025252889759980571e-13,9.944137900489653031e-14,1.088899768392909606e-13,1.552565665062206122e-13,2.009187968564426879e-13,9.177497629080178094e-14,9.916779863322884766e-14,1.078781649810372598e-13,1.124775369944756505e-13,1.195186748840682159e-13,1.063262100791010904e-13,1.090899529184223108e-13,9.255528657751778790e-14,9.358622898862578614e-14,1.209942307076624356e-13,1.710286298162521930e-13,2.985327064001398328e-13,7.793443491771659995e-14,8.346000098572961818e-14,9.114891621864400916e-14,9.441998728376730214e-14,1.030037267017556802e-13,1.063377870775090853e-13,9.455546854154519708e-14,8.721461362126980174e-14,9.186189012946403985e-14,1.038289320032222262e-13,1.490761608915798257e-13,1.876552008592581819e-13,7.592270334473054236e-14,7.556342226465920922e-14,8.099213066064376926e-14,9.138263337013950396e-14,1.040022135121455747e-13,9.556376424680613040e-14,9.803150557032410678e-14,1.003365290627197605e-13,1.053640447758287427e-13,1.543176126999611467e-13,2.276798891954674475e-13,6.177735837742781053e-14,7.026276429961273190e-14,8.775332406437411647e-14,9.007437644585510469e-14,1.037081778035387800e-13,9.404627107055469373e-14,1.128560096098072170e-13,1.348505558539708168e-13,1.488721032827494145e-13,1.951691199798656669e-13,1.054797000639076786e-13,1.185357663179809555e-13,1.290863703442629309e-13,1.359814665898285657e-13,1.434525553626280847e-13,1.783313276692618201e-13,2.563210090636086454e-13,2.823571259728879694e-13,2.018364158044425835e-13,1.853275451028748689e-13
1.026994647063254075e-13,1.441504619474791069e-13,1.163292769230205979e-13,1.159100924221625777e-13,1.265061120754925764e-13,1.151493959525212786e-13,1.092328298190758373e-13,1.252224239811731222e-13,9.580250021611091630e-14,9.558519153697869188e-14,8.282064109965072604e-14,1.083927058618635242e-13,1.039665276275065240e-13,1.180870519746912271e-13,1.139969918496961282e-13,1.295686096788082598e-13,1.137692513178600727e-13,9.924101228861745592e-14,1.045259965540886285e-13,1.013812597534667737e-13,1.110140937669072091e-13,1.582863252488501222e-13,2.048412854682619548e-13,9.356556677097527244e-14,1.011035310894254439e-13,1.099829993019952895e-13,1.146724404471376399e-13,1.218518025154866964e-13,1.084011033275679222e-13,1.112183380107091601e-13,9.436226642935722226e-14,9.541313057366017916e-14,1.233600325483223828e-13,1.743696090621319285e-13,3.043589690246943808e-13,7.945601368237579152e-14,8.508927282126723420e-14,9.292986508680461991e-14,9.627094124377874842e-14,1.050260849630566210e-13,1.084142659872177436e-13,9.640167471479033692e-14,8.891671489927705897e-14,9.365577915485330546e-14,1.058620147819559047e-13,1.520107430017320349e-13,1.913458323589917215e-13,7.740557332630064178e-14,7.703844304692268536e-14,8.257484049323229727e-14,9.316875494911872311e-14,1.060345152173431244e-13,9.742990411704054043e-14,9.994702518674823351e-14,1.022966737814048093e-13,1.074219937961630805e-13,1.573371243958925608e-13,2.321636525582391903e-13,6.298355444260716404e-14,7.163540620174792495e-14,8.947144384597177954e-14,9.183510614194462787e-14,1.057377671021209509e-13,9.588382252168567946e-14,1.150626894357000259e-13,1.375032631882223828e-13,1.517840534625310920e-13,1.989867162454005708e-13,1.075429671959526615e-13,1.208820924218144908e-13,1.316402462599664493e-13,1.386643349639585686e-13,1.462217464237354696e-13,1.818293026252893527e-13,2.613284111370163270e-13,2.936137939503291361e-13,2.056368440581792192e-13,1.889996539371316245e-13
1.046979793464885757e-13,1.469548574584927715e-13,1.185924098752056484e-13,1.181655613746974700e-13,1.289672617818247071e-13,1.173900341309238482e-13,1.113591130084066258e-13,1.276608004687471989e-13,9.766821405223764495e-14,9.744575513347533274e-14,8.443248121359990627e-14,1.105013823111000331e-13,1.059895919386582351e-13,1.203845735331682065e-13,1.162151972947491644e-13,1.320902120686154323e-13,1.159855335401200450e-13,1.011729547498247081e-13,1.065609150627638895e-13,1.033542495268470235e-13,1.131744549755291039e-13,1.613679131754916771e-13,2.088310167463383475e-13,9.538676181928590137e-14,1.030724173965885962e-13,1.121237914616849076e-13,1.169048714512073841e-13,1.242248999752730866e-13,1.105114770103709396e-13,1.133830748087425799e-13,9.620022847733447642e-14,9.727133533465159986e-14,1.257667459511943708e-13,1.777680407238371160e-13,3.102848847542242022e-13,8.100369280385408382e-14,8.674646832642616305e-14,9.474149101670718904e-14,9.815438501137507406e-14,1.070842586424400034e-13,1.105263851430286841e-13,9.827955228432429299e-14,9.064794124468646062e-14,9.548046995971648772e-14,1.079305501075329142e-13,1.549981445307098488e-13,1.951024860421738075e-13,7.891393325669266929e-14,7.853873613496282908e-14,8.418483648857350531e-14,9.498570286460776959e-14,1.081018411849282361e-13,9.932808153865821023e-14,1.018955471571729499e-13,1.042905479824629331e-13,1.095153129999331816e-13,1.604090595003159265e-13,2.367283773131457707e-13,6.421044820156722037e-14,7.303167951256660116e-14,9.121951420158383775e-14,9.362624796897850043e-14,1.078026356478120619e-13,9.775302439464211806e-14,1.173075315791952864e-13,1.402034986499767676e-13,1.547464574701250239e-13,2.028704843828003574e-13,1.096420044583389831e-13,1.232725481306453214e-13,1.342419361319502482e-13,1.413962465799721179e-13,1.490535528560047294e-13,1.853888871096620766e-13,2.664219243604127728e-13,3.055237881793219367e-13,2.095286158045694053e-13,1.927442210790005809e-13
1.067301777419231793e-13,1.498064182504692404e-13,1.208936080313525984e-13,1.204590082483755702e-13,1.314698248291758380e-13,1.196684096794683255e-13,1.135212867688426580e-13,1.301404172957818775e-13,9.956551324904514738e-14,9.933772208940321185e-14,8.607150164254352161e-14,1.126455330208454360e-13,1.080467317978957412e-13,1.227207640054898609e-13,1.184707628689944822e-13,1.346543225994553298e-13,1.182393913744386209e-13,1.031375231607567265e-13,1.086302070045535393e-13,1.053604980293267598e-13,1.153712240820634192e-13,1.645015656762794938e-13,2.128883146618621277e-13,9.723868902082259591e-14,1.050746211899668395e-13,1.143007086044050574e-13,1.191750085497394622e-13,1.266381675202800068e-13,1.126575002075668155e-13,1.155843315293839621e-13,9.806932922257064816e-14,9.916099899887429592e-14,1.282146201721374943e-13,1.812242430311167726e-13,3.163109279598533935e-13,8.257760393220626794e-14,8.843172653733783109e-14,9.658396521026883230e-14,1.000705660187212301e-13,1.091785518252282612e-13,1.126743299654184372e-13,1.001892632454551060e-13,9.240843239311242292e-14,9.733612316783801062e-14,1.100347846875596879e-13,1.580388889026206046e-13,1.989257673995295259e-13,8.044791873348540336e-14,8.006442600968268068e-14,8.582227300157145668e-14,9.683365607477825880e-14,1.102043900323461796e-13,1.012584633504990236e-13,1.038772570678307949e-13,1.063183367294341498e-13,1.116441918910476001e-13,1.635337638507212784e-13,2.413748676205765520e-13,6.545814013861743911e-14,7.445171255656183668e-14,9.299774146711986183e-14,9.544798039304634618e-14,1.099030170895989953e-13,9.965405336606670564e-14,1.195907681109611107e-13,1.429517155291173195e-13,1.577596361217156752e-13,2.068208435368535736e-13,1.117770623111843878e-13,1.257076799732151710e-13,1.368920279839577234e-13,1.441777292973125332e-13,1.519488846840479206e-13,1.890105778486320607e-13,2.716020065677140157e-13,3.181402314833643193e-13,2.135130258706848353e-13,1.965624406980611091e-13
1.087961648353403978e-13,1.527052806898807520e-13,1.232329809231703330e-13,1.227905462369248081e-13,1.340139252435852987e-13,1.219846331272560059e-13,1.157194741199771023e-13,1.326614264254143295e-13,1.014945136588053016e-13,1.012611986612754281e-13,8.773779117635710063e-14,1.148252636590835194e-13,1.101380477504312902e-13,1.250957430737274525e-13,1.207638071698466096e-13,1.372610814824096620e-13,1.205309739601360753e-13,1.051348309363734806e-13,1.107339931518789034e-13,1.074001136265163858e-13,1.176045187467516673e-13,1.676874575970906998e-13,2.170134310396245673e-13,9.912144357811396000e-14,1.071102664899627200e-13,1.165138735272082421e-13,1.214829843685629046e-13,1.290917574007796987e-13,1.148392984488896796e-13,1.178222311054920644e-13,9.996968856608783036e-14,1.010822400693214209e-13,1.307038606770256474e-13,1.847384684116185090e-13,3.224374614898635721e-13,8.417784741916510769e-14,9.014515348174012111e-14,9.845742465829412687e-14,1.020197028931750944e-13,1.113092401268479680e-13,1.148582442677562695e-13,1.021309324898036087e-13,9.419829298159865500e-14,9.922286371602667896e-14,1.121749311097413235e-13,1.611334641723981655e-13,2.028162425072804717e-13,8.200763590980567543e-14,8.161560720294669747e-14,8.748727431053941184e-14,9.871275990634739090e-14,1.123423213397557113e-13,1.032211791149657706e-13,1.058923037048197657e-13,1.083801868984887340e-13,1.138087793929033903e-13,1.667115292289821623e-13,2.461038829947972999e-13,6.672670885701073401e-14,7.589560671224956712e-14,9.480630196760454848e-14,9.730044791940231560e-14,1.120391096761692576e-13,1.015870507611629642e-13,1.219125903890830947e-13,1.457483345285080485e-13,1.608238574881412680e-13,2.108381419349107531e-13,1.139483234442418710e-13,1.281880205437524163e-13,1.395910917852843241e-13,1.470092871801543283e-13,1.549086654617721129e-13,1.926948168613332170e-13,2.768690254737701730e-13,3.315218849434679230e-13,2.175913927128676614e-13,2.004553899600059593e-13
1.108959992213843156e-13,1.556515189051512104e-13,1.256105878129507821e-13,1.251602369647289009e-13,1.365996280932578840e-13,1.243387678801914640e-13,1.179537487519444605e-13,1.352239239058150856e-13,1.034552895636974393e-13,1.032162479301019836e-13,8.943140114559623041e-14,1.170406293797553736e-13,1.122635980237506346e-13,1.275095758607443201e-13,1.230943964717432387e-13,1.399105694457147155e-13,1.228603811874624007e-13,1.071649472335559848e-13,1.128723476200679364e-13,1.094731585644290805e-13,1.198744056658904213e-13,1.709256954927468648e-13,2.212065330302480174e-13,1.010350830525165526e-13,1.091794329993864456e-13,1.187633594126567223e-13,1.238288801424974995e-13,1.315857681583914076e-13,1.170569487017248465e-13,1.200968459996330477e-13,1.019013855317618938e-13,1.030351354529957204e-13,1.332346236578244049e-13,1.883108949240438818e-13,3.286647157611141561e-13,8.580448941117340436e-14,9.188681833942630441e-14,1.003619680511688127e-13,1.040019817112482020e-13,1.134765667608914184e-13,1.170782252519131776e-13,1.041046434058140907e-13,9.601758845782390452e-14,1.011407766287624027e-13,1.143511634659313524e-13,1.642823179285382714e-13,2.067744275473673867e-13,8.359315830543724865e-14,8.319234086582488095e-14,8.917993107941943443e-14,1.006231220287626110e-13,1.145157509565998160e-13,1.052163167157382318e-13,1.079407946304932677e-13,1.104762025938610674e-13,1.160091789286777149e-13,1.699425864590504112e-13,2.509161274645495868e-13,6.801620705063851330e-14,7.736343388987679553e-14,9.664533915846575712e-14,9.918375800712340630e-14,1.142110718331959638e-13,1.035521183170296247e-13,1.242731439744303286e-13,1.485937385963443081e-13,1.639393299635919999e-13,2.149226501533014193e-13,1.161559118604220167e-13,1.307140856226856221e-13,1.423396756241204864e-13,1.498913962428643542e-13,1.579338291621156624e-13,1.964419848838763768e-13,2.822232411254120959e-13,3.457338731359915020e-13,2.217650548686523481e-13,2.044240491991627138e-13
1.130296876647282887e-13,1.586451345183785657e-13,1.280264304535575185e-13,1.275680841841020582e-13,1.392269343874573389e-13,1.267308221507306164e-13,1.202241303783909720e-13,1.378279447866461836e-13,1.054478696317401024e-13,1.052028859156991621e-13,9.115234188231383282e-14,1.192916307012609046e-13,1.144233909266213024e-13,1.299622675725470516e-13,1.254625396020715232e-13,1.426028021664690442e-13,1.252276589481427188e-13,1.092278925787879085e-13,1.150452933180589553e-13,1.115796445069544846e-13,1.221808958743566273e-13,1.742163111016672604e-13,2.254676918567361792e-13,1.029796214847976553e-13,1.112821517557962021e-13,1.210491849927659948e-13,1.262127207376264361e-13,1.341202395161731490e-13,1.193104747593701054e-13,1.224081934267376226e-13,1.038644542801536557e-13,1.050197163855538277e-13,1.358070112521527045e-13,1.919416191126036016e-13,3.349927739522702925e-13,8.745755877082293631e-14,9.365674979145109547e-14,1.022976519952581225e-13,1.060175526764626131e-13,1.156807391559673100e-13,1.193343189640191767e-13,1.061104337950492409e-13,9.786634120229217067e-14,1.030899030854015177e-13,1.165636134991696831e-13,1.674858531589790846e-13,2.108007805085894110e-13,8.520452373428266633e-14,8.479465145213812659e-14,9.090029702354820454e-14,1.025648087497281657e-13,1.167247467655103929e-13,1.072439182894178133e-13,1.100227921472258523e-13,1.126064409696828159e-13,1.182454439616869704e-13,1.732270996708301820e-13,2.558122409896948428e-13,6.932665845610438257e-14,7.885523373621028160e-14,9.851496081722240297e-14,1.010979778516531456e-13,1.164190182442530309e-13,1.055493142850275866e-13,1.266725241481571954e-13,1.514882687656443401e-13,1.671061964748836981e-13,2.190745541113889471e-13,1.183999043000716796e-13,1.332863711273391479e-13,1.451383032886913444e-13,1.528245001694196775e-13,1.610253181663240076e-13,2.002523959398262230e-13,2.876647940154992773e-13,3.608485322106016370e-13,2.260353662482920669e-13,2.084693426590582726e-13
1.151971825136815018e-13,1.616860485020971125e-13,1.304804416723898012e-13,1.300140281222494339e-13,1.418957754878544199e-13,1.291607418575077464e-13,1.225305799874530025e-13,1.404734578872827345e-13,1.074722321929919780e-13,1.072210774330413425e-13,9.290057902863581846e-14,1.215782082266069896e-13,1.166173784033975336e-13,1.324537580946925896e-13,1.278681827671048798e-13,1.453377246066208544e-13,1.276327943740061210e-13,1.113236344441093165e-13,1.172527973497320289e-13,1.137195279901038000e-13,1.245239398654649410e-13,1.775592533159516715e-13,2.297968723479510185e-13,1.049550237853643786e-13,1.134184007454375790e-13,1.233713096666035387e-13,1.286344696386884209e-13,1.366951472354808465e-13,1.215998425462816810e-13,1.247562304820137033e-13,1.058588800713036504e-13,1.070359643074587129e-13,1.384210668220234840e-13,1.956306490386283334e-13,3.414215579559237618e-13,8.913704371241525533e-14,9.545493230927240829e-14,1.042644872081312268e-13,1.080665268377767890e-13,1.179219256476988450e-13,1.216265157390116465e-13,1.081482917523088618e-13,9.974452658695602589e-14,1.050702364513335101e-13,1.188123668020929842e-13,1.707444243241969406e-13,2.148956941609229328e-13,8.684173111480004639e-14,8.642252332887402193e-14,9.264838553770695049e-14,1.045378412948439760e-13,1.189693244442322311e-13,1.093039761209878771e-13,1.121383092524192430e-13,1.147709080415506673e-13,1.205175735352547731e-13,1.765651607025498154e-13,2.607927917903678705e-13,7.065805504618918366e-14,8.037101057515411609e-14,1.004152359818046667e-13,1.030431308549230331e-13,1.186630159650728575e-13,1.075786495165257155e-13,1.291107714718308199e-13,1.544322201824640156e-13,1.703245288133319187e-13,2.232939477699632848e-13,1.206803339728736354e-13,1.359053499039070130e-13,1.479874712629658267e-13,1.558090060155386759e-13,1.641840811063879822e-13,2.041262918986485602e-13,2.931936940701602939e-13,3.769463995803587809e-13,2.304036967370043435e-13,2.125921603172852792e-13
1.173983762501608683e-13,1.647740937201407732e-13,1.329724892535576793e-13,1.324979397521108060e-13,1.446060069252128762e-13,1.316284041206230424e-13,1.248729947336033377e-13,1.431603601293494128e-13,1.095283018725875326e-13,1.092707315650401131e-13,9.467602955789955563e-14,1.239002371448891446e-13,1.188454502262333343e-13,1.349839162638136893e-13,1.303112040626870400e-13,1.481152049219880205e-13,1.300757107809443410e-13,1.134520825715105685e-13,1.194947661346161135e-13,1.158927055736295705e-13,1.269034223021881486e-13,1.809543799981569134e-13,2.341939227512049749e-13,1.069612004183793778e-13,1.155881002639784851e-13,1.257296283200540734e-13,1.310940236244159088e-13,1.393103976335735599e-13,1.239249550929423184e-13,1.271408489120307947e-13,1.078845949840482255e-13,1.090838064978118325e-13,1.410767699726298881e-13,1.993778969519843448e-13,3.479508136842851572e-13,9.084288814158084728e-14,9.728130223678292000e-14,1.062624345101506142e-13,1.101489726451651314e-13,1.202002520011304191e-13,1.239547453818817477e-13,1.102181513144401283e-13,1.016520688094413470e-13,1.070817180888330488e-13,1.210974588280888247e-13,1.740583330284829612e-13,2.190594895457071024e-13,8.850473704257213528e-14,8.807589719620570108e-14,9.442416614417881794e-14,1.065421918841118928e-13,1.212494429757674238e-13,1.113964282989490226e-13,1.142873053677139022e-13,1.169695542601051588e-13,1.228255075660381180e-13,1.799567831084457587e-13,2.658582689506379995e-13,7.201035284155767233e-14,8.191072997714899289e-14,1.023461916205461836e-13,1.050191927568614605e-13,1.209430803285046914e-13,1.096400833361904719e-13,1.315878671128266321e-13,1.574258379404220652e-13,1.735943217116831656e-13,2.275808241947176586e-13,1.229971874184861298e-13,1.385714683486818187e-13,1.508876450742826667e-13,1.588452798369539531e-13,1.674110713049779485e-13,2.080638365285466667e-13,2.988098091640362353e-13,3.941173694384972363e-13,2.348714271453371479e-13,2.167933635953133997e-13
1.196330957721701691e-13,1.679090071775068270e-13,1.355023630396579316e-13,1.350196140811114563e-13,1.473574019885910679e-13,1.341336108535874840e-13,1.272512024403348480e-13,1.458884704124173725e-13,1.116159449772631604e-13,1.113516967730279723e-13,9.647855749412667857e-14,1.262575216009865190e-13,1.211074282822500491e-13,1.375525337530190508e-13,1.327914076123261666e-13,1.509350278950450202e-13,1.325562622625626680e-13,1.156130839971436664e-13,1.217710401983766413e-13,1.180990086475011190e-13,1.293191563054653438e-13,1.844014494370897908e-13,2.386585641948006767e-13,1.089980021722022355e-13,1.177911079741082203e-13,1.281239657899133089e-13,1.335912070749718312e-13,1.419658217031186555e-13,1.262856471349276452e-13,1.295618694888901627e-13,1.099414733484299817e-13,1.111631114199516094e-13,1.437740312388924416e-13,2.031831714615957507e-13,3.545800940500978782e-13,9.257498781053395150e-14,9.913574362611807746e-14,1.082914005663433997e-13,1.122649122886426072e-13,1.225157977008354990e-13,1.263188720326858138e-13,1.123198878300907105e-13,1.035888364613835625e-13,1.091242329016406395e-13,1.234188706543893349e-13,1.774278232842338812e-13,2.232924092222181941e-13,9.019345211132036730e-14,8.975466628328982310e-14,9.622756072156621817e-14,1.085777795585413192e-13,1.235649998554227119e-13,1.135211540831625867e-13,1.164696817932179752e-13,1.192022697974873591e-13,1.251691218376847423e-13,1.834018957102725365e-13,2.710090745921203343e-13,7.338347036924605446e-14,8.347431568770357612e-14,1.043078090153125815e-13,1.070260874767399504e-13,1.232591705824746040e-13,1.117335191549204409e-13,1.341037278691407131e-13,1.604693126227652642e-13,1.769154865578685833e-13,2.319350678526379795e-13,1.253503978709161607e-13,1.412851428064942062e-13,1.538392560476843183e-13,1.619336421206450151e-13,1.707072423591168136e-13,2.120651089798193375e-13,3.045128520271231316e-13,4.124620441598266041e-13,2.394399455705823265e-13,2.210737880601258278e-13
1.219010962362643411e-13,1.710904210702584510e-13,1.380697678747279065e-13,1.375787633857585688e-13,1.501496440553905158e-13,1.366760818379082593e-13,1.296649557229388388e-13,1.486575230608274035e-13,1.137349639864118530e-13,1.134637556440838911e-13,9.830796932207056976e-14,1.286497884879752952e-13,1.234030604295748129e-13,1.401593185921578348e-13,1.353085173453684683e-13,1.537968879291555105e-13,1.350742279488065574e-13,1.178064177741522844e-13,1.240813886332095760e-13,1.203381978908962747e-13,1.317708773306678635e-13,1.879001110093677281e-13,2.431903785337362878e-13,1.110652146505685309e-13,1.200272136597357449e-13,1.305540709848180646e-13,1.361257659225031266e-13,1.446611688597888188e-13,1.286816793467141319e-13,1.320190360002277713e-13,1.120293268843896242e-13,1.132736837738858570e-13,1.465126864692451952e-13,2.070461693840287100e-13,3.613087360726698440e-13,9.433318593748721093e-14,1.010180838144822550e-13,1.103512333708045893e-13,1.144143178115660015e-13,1.248685920064380169e-13,1.287186887177450969e-13,1.144533130465079675e-13,1.055546378206616746e-13,1.111976046064525077e-13,1.257765244994986876e-13,1.808530764488829166e-13,2.275946090217064123e-13,9.190773697000468757e-14,9.145867230389298278e-14,9.805843949982140902e-14,1.106444657488004974e-13,1.259158259991509225e-13,1.156779689808480210e-13,1.186852768813737053e-13,1.214688795422628525e-13,1.275482226966505388e-13,1.869003357906499790e-13,2.762455142450505870e-13,7.477728385777983402e-14,8.506164623646128309e-14,1.063000191662239881e-13,1.090636826563030136e-13,1.256111852630117939e-13,1.138587998163123831e-13,1.366582009098911172e-13,1.635627756148748414e-13,1.802878447850424566e-13,2.363564461546239175e-13,1.277398351468633375e-13,1.440467554785501993e-13,1.568426973052353046e-13,1.650743625351849800e-13,1.740735455208544585e-13,2.161300968534427810e-13,3.103023630943645618e-13,4.320933169007041790e-13,2.441106423947756631e-13,2.254342423113447048e-13
1.242020551244737495e-13,1.743178630992975907e-13,1.406743232315489579e-13,1.401750174108786661e-13,1.529823166061291474e-13,1.392554518165085707e-13,1.321139251741717772e-13,1.514671598646776302e-13,1.158850920396029622e-13,1.156066188092137081e-13,1.001640088870549631e-13,1.310766800007001801e-13,1.257320179632178147e-13,1.428038877526753840e-13,1.378621699019211189e-13,1.567003806063120657e-13,1.376293054070087404e-13,1.200317891241074036e-13,1.264255028549930077e-13,1.226099570095911057e-13,1.342582359624037879e-13,1.914498980247329859e-13,2.477888063559352751e-13,1.131625547197327859e-13,1.222961333732312505e-13,1.330196102001470421e-13,1.386973607008848908e-13,1.473960995989629354e-13,1.311127316985495875e-13,1.345120082736971125e-13,1.141478993072365124e-13,1.154152590122684946e-13,1.492924902685523916e-13,2.109664653432817291e-13,3.681358919824300779e-13,9.611726809874676621e-14,1.029280886230212268e-13,1.124417172945929345e-13,1.165971068211305229e-13,1.272586094867741030e-13,1.311539111855798541e-13,1.166181696775634177e-13,1.075492157068389120e-13,1.133015905311662360e-13,1.281702786983196774e-13,1.843342039990958352e-13,2.319661614523039375e-13,9.364739799629736333e-14,9.318770111281946204e-14,9.991661673622608183e-14,1.127420493948476635e-13,1.283016799751843484e-13,1.178666192659426470e-13,1.209338606569618043e-13,1.237691374939515382e-13,1.299625410854291419e-13,1.904518402301299195e-13,2.815677992695913635e-13,7.619162588729744839e-14,8.667255093014029542e-14,1.083226983454461469e-13,1.111317844624114147e-13,1.279989569702605139e-13,1.160157024600828885e-13,1.392510577651495565e-13,1.667062932563063438e-13,1.837111197375436616e-13,2.408445967834114967e-13,1.301653020464114662e-13,1.468566518567495888e-13,1.598983179912901856e-13,1.682676576924124591e-13,1.775109238803527250e-13,2.202586854499618586e-13,3.161777310747189688e-13,4.531382783752640814e-13,2.488849071438920935e-13,2.298754433974504340e-13
1.265355699476824534e-13,1.775907386906508371e-13,1.433155494761637394e-13,1.428079059730690563e-13,1.558549080374272340e-13,1.418712615313807944e-13,1.345976968233794014e-13,1.543169294894427373e-13,1.180659913677372341e-13,1.177799237531277014e-13,1.020463547454595119e-13,1.335377539983638570e-13,1.280938866995484031e-13,1.454857622324026254e-13,1.404519100908196696e-13,1.596450006942092821e-13,1.402211072415856014e-13,1.222888250698523384e-13,1.288029927102391480e-13,1.249138891924991207e-13,1.367807961948676084e-13,1.950502268560202152e-13,2.524531364305237198e-13,1.152896647206792572e-13,1.245975054458565175e-13,1.355201630414615086e-13,1.413055627109982987e-13,1.501701825837886095e-13,1.335784006039078920e-13,1.370403594358800641e-13,1.162968628498937898e-13,1.175874996244586666e-13,1.521131128917383034e-13,2.149435082522242925e-13,3.750604529100146060e-13,9.792696171186169765e-14,1.048654586088506558e-13,1.145625694810716938e-13,1.188131396771318692e-13,1.296857676704729638e-13,1.336241741181119488e-13,1.188141275449067139e-13,1.095722435402464941e-13,1.154358778545338555e-13,1.305999244926315512e-13,1.878712523330326263e-13,2.364070436880457769e-13,9.541218495616106688e-14,9.494147918572296422e-14,1.018018473971595653e-13,1.148702636394478009e-13,1.307222448560244442e-13,1.200867784549535861e-13,1.232151313623719314e-13,1.261027232421107354e-13,1.324117286202779523e-13,1.940560458650584387e-13,2.869760410948423153e-13,7.762627937287759949e-14,8.830680801598741961e-14,1.103756683407482561e-13,1.132301376363918965e-13,1.304222494436792852e-13,1.182039349451649237e-13,1.418819908494531523e-13,1.698998649452664887e-13,1.871849334788573813e-13,2.453990426696716235e-13,1.326265284795873743e-13,1.497151407815110276e-13,1.630064301104757952e-13,1.715136900169438465e-13,1.810203233121183266e-13,2.244506694684864347e-13,3.221381347154214878e-13,4.757404015578181597e-13,2.537641406239746962e-13,2.343981230256689349e-13
1.289011399926666054e-13,1.809083125413704597e-13,1.459928549652189729e-13,1.454768493226704470e-13,1.587667805542260941e-13,1.445229412670866875e-13,1.371157581865480540e-13,1.572062677732684855e-13,1.202772372510517442e-13,1.199832197846919755e-13,1.039546101085316013e-13,1.360324628475442811e-13,1.304881536273351401e-13,1.482043563697138000e-13,1.430771801434015941e-13,1.626301239741487758e-13,1.428491496561003230e-13,1.245770661048536961e-13,1.312133763962587937e-13,1.272495061446780630e-13,1.393380189585092480e-13,1.987003601243685411e-13,2.571824613187530955e-13,1.174460998324646641e-13,1.269308815403460992e-13,1.380552117384400762e-13,1.439498424333390144e-13,1.529828807282108624e-13,1.360781859880290776e-13,1.396035619905172944e-13,1.184758093521146229e-13,1.197899864616805570e-13,1.549741290660406860e-13,2.189766052554766719e-13,3.820810233845854407e-13,9.976192382288550791e-14,1.068298220022148230e-13,1.167134323977191343e-13,1.210622125649619064e-13,1.321499191431508580e-13,1.361290213311853810e-13,1.210407753722984238e-13,1.116233177817176223e-13,1.176000757566798904e-13,1.330651782524418558e-13,1.914641779540308578e-13,2.409171067874306066e-13,9.720178247721780699e-14,9.671966720560535548e-14,1.037138206034404881e-13,1.170287680374819010e-13,1.331771182228462338e-13,1.223380383789809201e-13,1.255287068239373613e-13,1.284692329287924542e-13,1.348953485532391996e-13,1.977124685534181687e-13,2.924702009888079673e-13,7.908097291323966153e-14,8.996413546258520385e-14,1.124586827166016804e-13,1.153584102424261157e-13,1.328807486812973624e-13,1.204231279458872197e-13,1.445506039459800596e-13,1.731434129043178037e-13,1.907087939237446960e-13,2.500191287225547701e-13,1.351231647409592462e-13,1.526224754549816738e-13,1.661672817713872614e-13,1.748125443696356185e-13,1.846026585018905286e-13,2.287057093861101796e-13,3.281825189143326372e-13,5.000621299710075311e-13,2.587497016257521169e-13,2.390029824385906813e-13
1.312981671682355957e-13,1.842697137088309803e-13,1.487055377774968088e-13,1.481811587529822357e-13,1.617171769119175469e-13,1.472098132451609177e-13,1.396674932887324217e-13,1.601344953871039417e-13,1.225183188498644953e-13,1.222159669576904070e-13,1.058882992818407161e-13,1.385601549719886432e-13,1.329142080709071457e-13,1.509589670350772849e-13,1.457373100496909014e-13,1.656550016259206962e-13,1.455128448750800153e-13,1.268959578641808488e-13,1.336560728002830137e-13,1.296162215683550462e-13,1.419292589131776108e-13,2.023994188450893123e-13,2.619756981545673257e-13,1.196313283594825053e-13,1.292957189027743792e-13,1.406241327176240128e-13,1.466295611682843514e-13,1.558335440383701657e-13,1.386114856353773821e-13,1.422009822722493303e-13,1.206842440245485083e-13,1.220222119474279865e-13,1.578750095544373829e-13,2.230649055457440261e-13,3.891959474546368990e-13,1.016217408725748143e-13,1.088207283853662565e-13,1.188938671277357687e-13,1.233440515229542880e-13,1.346508455977788312e-13,1.386678977663238156e-13,1.232976135372977408e-13,1.137019510977007069e-13,1.197937085053836267e-13,1.355656740937096636e-13,1.951128501516305195e-13,2.454960944875975993e-13,9.901580699983066125e-14,9.852185457607273179e-14,1.056521540622800385e-13,1.192171423964143865e-13,1.356658055149823417e-13,1.246199025705250155e-13,1.278741176026307112e-13,1.308681721531819725e-13,1.374128674549422810e-13,2.014204965392338872e-13,2.980501225532898158e-13,8.055537923736149851e-14,9.164418962931415127e-14,1.145714281987155069e-13,1.175161951471861198e-13,1.353740563476377830e-13,1.226728281246807581e-13,1.472564038051053998e-13,1.764367723894391507e-13,1.942820823339180533e-13,2.547040504985883957e-13,1.376547727099309397e-13,1.555788604928100738e-13,1.693810667081897208e-13,1.781642379927251394e-13,1.882588283232275710e-13,2.330233447117738259e-13,3.343096172051565977e-13,5.262880835229078184e-13,2.638429389659836582e-13,2.436906305202908950e-13
1.337259449677346231e-13,1.876739181167542523e-13,1.514527726766533368e-13,1.509200233593982675e-13,1.647052060547824183e-13,1.499310796090961779e-13,1.422521754948423920e-13,1.631008088172954283e-13,1.247886302784716590e-13,1.244775281133148395e-13,1.078468616246660013e-13,1.411200643224555380e-13,1.353713311594631219e-13,1.537487679584771346e-13,1.484315117845999118e-13,1.687187518080065881e-13,1.482114954875995918e-13,1.292448461943511549e-13,1.361303959461893374e-13,1.320133450124994263e-13,1.445537561156717780e-13,2.061463637998979804e-13,2.668315618976078174e-13,1.218447231272175691e-13,1.316913753204115237e-13,1.432261908701493015e-13,1.493439651140423112e-13,1.587214030613739947e-13,1.411775884929582611e-13,1.448318733114244479e-13,1.229215803242830614e-13,1.242835750440186863e-13,1.608151163955417859e-13,2.272073959155815711e-13,3.964032597580070102e-13,1.035059219850093657e-13,1.108376441879937633e-13,1.211033490690832183e-13,1.256583089674310124e-13,1.371882543630476906e-13,1.412401444047459626e-13,1.255840493296790358e-13,1.158075676153154979e-13,1.220162108539822260e-13,1.381009602046522950e-13,1.988170429094147246e-13,2.501436229475650267e-13,1.008538016637963467e-13,1.003475550898849206e-13,1.076163899894350255e-13,1.214348824055547652e-13,1.381877149876787788e-13,1.269317812677195211e-13,1.302508023583176069e-13,1.332989511689936613e-13,1.399636505064403486e-13,2.051793857284988021e-13,3.037155044976823678e-13,8.204910977116299774e-14,9.334655988027763684e-14,1.167135175582928732e-13,1.197030022590384318e-13,1.379016855240995877e-13,1.249524936991790949e-13,1.499987957783868904e-13,1.797796908993379948e-13,1.979040493552322109e-13,2.594528300103663422e-13,1.402208175643147968e-13,1.585844427409097866e-13,1.726479143748202903e-13,1.815687087802674035e-13,1.919897037727801658e-13,2.374029794228328311e-13,3.405179142719099855e-13,5.546287918877982772e-13,2.690451699952131651e-13,2.484616114894898856e-13
1.361836105454537962e-13,1.911196619504300711e-13,1.542335507283941940e-13,1.536924502096625427e-13,1.677297732140330516e-13,1.526857631641030515e-13,1.448689135179198042e-13,1.661042123776215741e-13,1.270874275982859255e-13,1.267671261824363391e-13,1.098296182281707372e-13,1.437112569231631759e-13,1.378586461108346635e-13,1.565727474904761734e-13,1.511588208298594777e-13,1.718202871115681551e-13,1.509442369016610280e-13,1.316229314424762795e-13,1.386355049952594364e-13,1.344400342757582187e-13,1.472105803618562854e-13,2.099398951463878575e-13,2.717484141941840552e-13,1.240855202759658379e-13,1.341170621008838991e-13,1.458604848146141065e-13,1.520921266422467713e-13,1.616455039643204897e-13,1.437756214536181373e-13,1.474953190613941725e-13,1.251870984060562173e-13,1.265733388201514224e-13,1.637936373884458605e-13,2.314027826119890208e-13,4.037003916209352618e-13,1.054138684854549415e-13,1.128799180348591164e-13,1.233412278237951447e-13,1.280045218042762040e-13,1.397617296881846465e-13,1.438449453681960520e-13,1.278993538402646715e-13,1.179394653217371241e-13,1.242668871437873265e-13,1.406704490371487440e-13,2.025763430212088871e-13,2.548590472019430782e-13,1.027152072573323609e-13,1.021961778616542725e-13,1.096059626519702706e-13,1.236813594724807020e-13,1.407421071661993306e-13,1.292729475664370612e-13,1.326580622593094800e-13,1.357608373017108100e-13,1.425469095510820002e-13,2.089881608727374729e-13,3.094657193678348972e-13,8.356169437114162255e-14,9.507074350856559142e-14,1.188844521702207601e-13,1.219182194158718418e-13,1.404630108910910081e-13,1.272614520473088049e-13,1.527770257438683994e-13,1.831717495933859166e-13,2.015737218276876784e-13,2.642641729087108214e-13,1.428206154288881624e-13,1.616392492010991064e-13,1.759678180746444503e-13,1.850257369920331855e-13,1.957960416644862004e-13,2.418437585957283685e-13,3.468054150930298614e-13,5.853249387255401698e-13,2.743575297234503397e-13,2.533162501597353528e-13
1.386702343383613998e-13,1.946056056745212025e-13,1.570467889095733046e-13,1.564973738549535164e-13,1.707897081871604172e-13,1.554728151944903086e-13,1.475167492426615257e-13,1.691436458143492844e-13,1.294139034191976924e-13,1.290839194555771175e-13,1.118358281069898092e-13,1.463327266203234309e-13,1.403752065369877619e-13,1.594298214149593991e-13,1.539182017750883823e-13,1.749584497329586005e-13,1.537101438032978566e-13,1.340293493864694907e-13,1.411704939978379079e-13,1.368953796419187948e-13,1.498987318863881247e-13,2.137786489835569414e-13,2.767245714450732502e-13,1.263528910283104408e-13,1.365719283736464279e-13,1.485260458190136915e-13,1.548730517326698130e-13,1.646048296880985109e-13,1.464046458394799539e-13,1.501903355820536965e-13,1.274800188322204491e-13,1.288907056911478852e-13,1.668097115060738404e-13,2.356497254092596779e-13,4.110848002761178215e-13,1.073449259515596583e-13,1.149468404888715608e-13,1.256067991772760628e-13,1.303821900923777252e-13,1.423708265261773106e-13,1.464814249248925785e-13,1.302427388983056322e-13,1.200968811668387430e-13,1.265449840510850119e-13,1.432735115507549763e-13,2.063903388076619666e-13,2.596417438018218650e-13,1.045994118228672876e-13,1.040670760073713952e-13,1.116202551578168811e-13,1.259558932938614425e-13,1.433281883393618568e-13,1.316426161350580519e-13,1.350951441935924900e-13,1.382530418997565914e-13,1.451617985518939064e-13,2.128458124973870431e-13,3.153002044574822424e-13,8.509261350890052807e-14,9.681618799180835741e-14,1.210836905823975075e-13,1.241611828144730098e-13,1.430573625531327132e-13,1.295989763172843047e-13,1.555902899438876621e-13,1.866125200432526504e-13,2.052900868928161864e-13,2.691367649211786065e-13,1.454534379034738191e-13,1.647433132723526910e-13,1.793407823026941277e-13,1.885351065089476434e-13,1.996786643312824038e-13,2.463448246056334609e-13,3.531701345353094359e-13,6.186535387871661553e-13,2.797812959274580316e-13,2.582549698782843276e-13
1.411847660278194239e-13,1.981302385998305513e-13,1.598912640589583411e-13,1.593335907719043701e-13,1.738836870121566733e-13,1.582910507363748467e-13,1.501945990330549637e-13,1.722179100643956193e-13,1.317671429431326896e-13,1.314269550948301943e-13,1.138646520902174926e-13,1.489833366342996960e-13,1.429199423453186068e-13,1.623187654229038359e-13,1.567084848887632509e-13,1.781319323835753730e-13,1.565081677121420386e-13,1.364631218027516410e-13,1.437343377246796161e-13,1.393783522736452727e-13,1.526170807323682464e-13,2.176610861705587175e-13,2.817581356418764203e-13,1.286458969980718093e-13,1.390550102092306936e-13,1.512217784512487905e-13,1.576856162410331697e-13,1.675982293496484697e-13,1.490635996019094661e-13,1.529158104098875858e-13,1.297994576272702616e-13,1.312347715270627779e-13,1.698623577236091268e-13,2.399467082905490727e-13,4.185536355215545690e-13,1.092983510728635594e-13,1.170376066505978612e-13,1.278992617694111706e-13,1.327907317263434473e-13,1.450150177075963971e-13,1.491485901792210586e-13,1.326133104650206544e-13,1.222789504514668982e-13,1.288496463945301413e-13,1.459094232843375451e-13,2.102585189079294058e-13,2.644909616816679250e-13,1.065057192333314365e-13,1.059595152991487049e-13,1.136585644418049941e-13,1.282577084472713948e-13,1.459450557865461849e-13,1.340398957749452497e-13,1.375611914432688847e-13,1.407746688312758307e-13,1.478073573477420224e-13,2.167511887700139943e-13,3.212182580076082709e-13,8.664127637971025245e-14,9.858226379295303370e-14,1.233106097807161921e-13,1.264311339029685009e-13,1.456839720672453894e-13,1.319642396028197364e-13,1.584376720195839902e-13,1.901014792510679813e-13,2.090519903345825020e-13,2.740691119353657819e-13,1.481184528687709043e-13,1.678966061712570720e-13,1.827667433191939731e-13,1.920965180390352031e-13,2.036383637092697894e-13,2.509051801242633616e-13,3.596098378055404714e-13,6.549343530547707362e-13,2.853177196770771470e-13,2.632781224721673430e-13
1.437259928875242047e-13,2.016918057593459396e-13,1.627655615524573233e-13,1.621997081048280099e-13,1.770101785835596409e-13,1.611390984115039838e-13,1.529012078363845628e-13,1.753256097989036198e-13,1.341460888808632776e-13,1.337951325489921473e-13,1.159151240522919301e-13,1.516617738960026652e-13,1.454916175383673508e-13,1.652381624060034848e-13,1.595283165247309407e-13,1.813392170220946900e-13,1.593370883471492095e-13,1.389231175263716327e-13,1.463258491614111925e-13,1.418877635952770335e-13,1.553643193786787987e-13,2.215854078101273008e-13,2.868468678640965760e-13,1.309634551934430268e-13,1.415651906406204275e-13,1.539464141316902103e-13,1.605285161897379489e-13,1.706243634883508055e-13,1.517512521088278541e-13,1.556704551785732513e-13,1.321443908361740915e-13,1.336044894716002590e-13,1.729504199461241932e-13,2.442919413761201552e-13,4.261034919135550057e-13,1.112732854388376392e-13,1.191512864493565129e-13,1.302176829528513552e-13,1.352294468920688842e-13,1.476936527049797965e-13,1.518452862956493731e-13,1.350100319317346193e-13,1.244846746272131274e-13,1.311798822849931661e-13,1.485773222944208875e-13,2.141801950004504193e-13,2.694057097000163548e-13,1.084333241598135822e-13,1.078726490994183554e-13,1.157200734781434544e-13,1.305859002198097253e-13,1.485916550004397044e-13,1.364637521107142548e-13,1.400552050058565131e-13,1.433246741403490263e-13,1.504824677038459308e-13,2.207029131920853414e-13,3.272188869356136756e-13,8.820700315865578138e-14,1.003682428247115475e-13,1.255644732240721847e-13,1.287271867687573841e-13,1.483419303468494884e-13,1.343562789076647421e-13,1.613180941101324197e-13,1.936379442808663774e-13,2.128580589335688403e-13,2.790594210342508727e-13,1.508146776308480526e-13,1.710989836505576705e-13,1.862455077300373236e-13,1.957095225301718855e-13,2.076758265439231145e-13,2.555235849020685961e-13,3.661218466364476695e-13,6.945378597377191664e-13,2.909678959084087770e-13,2.683858643626341003e-13
1.462925544758303036e-13,2.052883389617732183e-13,1.656680947136096255e-13,1.650941630855267800e-13,1.801674669292183373e-13,1.640154197806096119e-13,1.556351665912671828e-13,1.784651775609541930e-13,1.365495539316241881e-13,1.361872162454282285e-13,1.179861595386762326e-13,1.543665656313220087e-13,1.480888454503815952e-13,1.681864225926397332e-13,1.623761778406337189e-13,1.845786001011353575e-13,1.621955333567400627e-13,1.414080663110961283e-13,1.489436952658758033e-13,1.444222796436239430e-13,1.581389805619060797e-13,2.255495943221791171e-13,2.919882525245185258e-13,1.333043500709371336e-13,1.441012144529177441e-13,1.566985287091803408e-13,1.634002872828485848e-13,1.736817267522814658e-13,1.544662213557908739e-13,1.584528236670279388e-13,1.345136671921865617e-13,1.359986828649401641e-13,1.760725915842813736e-13,2.486834089488551233e-13,4.337305448491741189e-13,1.132687638232107695e-13,1.212868343494552161e-13,1.325610114469572481e-13,1.376975328409325649e-13,1.504059758332908249e-13,1.545702142248593268e-13,1.374317375098065577e-13,1.267129319585071023e-13,1.335345757089224142e-13,1.512762271815822161e-13,2.181545412995103853e-13,2.743848174485807914e-13,1.103813199408920229e-13,1.098055257772138905e-13,1.178038607839689575e-13,1.329394475102761451e-13,1.512667970029261166e-13,1.389130214302802462e-13,1.425760586671836415e-13,1.459018818341996295e-13,1.531858708264171219e-13,2.246994253393327851e-13,3.333008924841298389e-13,8.978902919860400619e-14,1.021733046923234335e-13,1.278444429358857806e-13,1.310483428193192061e-13,1.510302054965741022e-13,1.367740087839063712e-13,1.642303379492679136e-13,1.972211045448389338e-13,2.167067380810195860e-13,2.841056624615159151e-13,1.535409990529358971e-13,1.743502112938798717e-13,1.897767824752919634e-13,1.993735544545019116e-13,2.117916705321644701e-13,2.601986103880564841e-13,3.727031471012610760e-13,7.378955752190023138e-13,2.967328319329546323e-13,2.735782264760613099e-13
1.488829095406871757e-13,2.089175996657613867e-13,1.685970641344784256e-13,1.680151830845401559e-13,1.833536043561335187e-13,1.669182694743107977e-13,1.583948763994838579e-13,1.816348293553085429e-13,1.389761916906178492e-13,1.386018066670818604e-13,1.200765328349707946e-13,1.570960432261452107e-13,1.507100549332586238e-13,1.711617424823544421e-13,1.652503461086266803e-13,1.878481451421055820e-13,1.650819407122293347e-13,1.439165283305171953e-13,1.515863637835856780e-13,1.469803891677848026e-13,1.609394001841724660e-13,2.295513405339421091e-13,2.971794020334896532e-13,1.356672052882613450e-13,1.466616569904559457e-13,1.594765062598807751e-13,1.662992663142915516e-13,1.767686056829653336e-13,1.572069387117708700e-13,1.612612748318250437e-13,1.369059803697889229e-13,1.384160169199558453e-13,1.792273734377857399e-13,2.531187942094995838e-13,4.414303704927347289e-13,1.152836931628707971e-13,1.234430659294604041e-13,1.349280507169234517e-13,1.401940563530019095e-13,1.531510944253946201e-13,1.573218960065314069e-13,1.398771035678940777e-13,1.289624521522569963e-13,1.359124592891378845e-13,1.540050046952282229e-13,2.221805360772583086e-13,2.794268506931659947e-13,1.123486787419708808e-13,1.117570688009540476e-13,1.199088785978723573e-13,1.353171862175621449e-13,1.539691252556766594e-13,1.413863815825146888e-13,1.451224689777441716e-13,1.485049525818847966e-13,1.559161333394893216e-13,2.287389188105341057e-13,3.394627567312248676e-13,9.138649072430405343e-14,1.039965193460274248e-13,1.301495549889309980e-13,1.333934638825492715e-13,1.537476103620358503e-13,1.392161932865913585e-13,1.671730073177058951e-13,2.008499721198801776e-13,2.205962329789239383e-13,2.892054807482080805e-13,1.562961392610132427e-13,1.776499231500712581e-13,1.933601275607912005e-13,2.030878808160519677e-13,2.159863860760462452e-13,2.649285625752691355e-13,3.793502461736702277e-13,7.855124717108582307e-13,3.026133481184350961e-13,2.788550195233262650e-13
1.514953752036726943e-13,2.125771543034603094e-13,1.715505072528758148e-13,1.709608354090881374e-13,1.865664703259554314e-13,1.698457443949604531e-13,1.611785937954486086e-13,1.848326243929528600e-13,1.414245313016329609e-13,1.410373747130693745e-13,1.221849021709708503e-13,1.598483858697960925e-13,1.533535302418988384e-13,1.741621569025844844e-13,1.681489434706696713e-13,1.911457457617353748e-13,1.679946086153512419e-13,1.464469314378504680e-13,1.542522047621980691e-13,1.495604422459126874e-13,1.637637637196683741e-13,2.335881479408572148e-13,3.024172021332222988e-13,1.380505160606111600e-13,1.492449632250245291e-13,1.622785848926022925e-13,1.692236411768881407e-13,1.798831355395597648e-13,1.599716936452616297e-13,1.640940196289028855e-13,1.393199030321765429e-13,1.408550334577414471e-13,1.824131332662994107e-13,2.575955943042563619e-13,4.491982447699017201e-13,1.173168759600157643e-13,1.256186851736579990e-13,1.373174924812237180e-13,1.427179908824865956e-13,1.559280233387468760e-13,1.600987201525380045e-13,1.423446842863070486e-13,1.312318460960490993e-13,1.383121479806183417e-13,1.567624144125021705e-13,2.262570519933677501e-13,2.845302467347052824e-13,1.143342741073836884e-13,1.137260986846333150e-13,1.220339790661491881e-13,1.377178431159944444e-13,1.566971596054610861e-13,1.438823885390872347e-13,1.476930342082095959e-13,1.511324244126348895e-13,1.586716920276832802e-13,2.328194355795789278e-13,3.457028299896447823e-13,9.299843862855144313e-14,1.058368660559627041e-13,1.324787511808341935e-13,1.357613048894918258e-13,1.564928469406457483e-13,1.416814817204526170e-13,1.701445800758465435e-13,2.045234568194146919e-13,2.245245963465901833e-13,2.943563360746428752e-13,1.590787065269564926e-13,1.809976812388106561e-13,1.969950259143863957e-13,2.068516777535915949e-13,2.202604202952854171e-13,2.697116047631622230e-13,3.860594054279766782e-13,8.379831830564906132e-13,3.086102312089905086e-13,2.842159934967984032e-13
1.541281164832821727e-13,2.162643581523082299e-13,1.745262864926575336e-13,1.739290150629210644e-13,1.898037568439595092e-13,1.727957719581630683e-13,1.639844180511218457e-13,1.880564503944866739e-13,1.438929681004911622e-13,1.434922513667644139e-13,1.243098006941097370e-13,1.626216082267608122e-13,1.560174010117041793e-13,1.771855242062388342e-13,1.710699229436685329e-13,1.944691096220100140e-13,1.709316825029160152e-13,1.489975597716837685e-13,1.569394184675147950e-13,1.521606384349931792e-13,1.666100931672351910e-13,2.376573051779168546e-13,3.076982843618494345e-13,1.404526405901874112e-13,1.518494363560601873e-13,1.651028436979950570e-13,1.721714372464025844e-13,1.830232859413352930e-13,1.627586212049418170e-13,1.669491079115246370e-13,1.417538765490872371e-13,1.433141403870377370e-13,1.856280918862512081e-13,2.621110965665039478e-13,4.570290857882212128e-13,1.193670028320838663e-13,1.278122753730311309e-13,1.397279069470055419e-13,1.452682068284628115e-13,1.587356739728166832e-13,1.628989294289590861e-13,1.448329010955203032e-13,1.335195960638770009e-13,1.407321289750398213e-13,1.595470976178906880e-13,2.303828371370588512e-13,2.896932900432920316e-13,1.163368732922740139e-13,1.157113249339972841e-13,1.241779059082538287e-13,1.401400261925406557e-13,1.594492847879624316e-13,1.463994657942721895e-13,1.502862236569434331e-13,1.537827016095901963e-13,1.614508418659404184e-13,2.369388466198356210e-13,3.520192976738872860e-13,9.462383314500923456e-14,1.076932271838656292e-13,1.348308707620805284e-13,1.381505051469254327e-13,1.592644952635036749e-13,1.441683984760470154e-13,1.731433954559315213e-13,2.082403498331152303e-13,2.284897095860662633e-13,2.995554775493361157e-13,1.618871793584605048e-13,1.843929612845892337e-13,2.006808670566261885e-13,2.106640141647382695e-13,2.246141551209101418e-13,2.745457337098845246e-13,3.928265991888279471e-13,8.960119654244609653e-13,3.147241998457858437e-13,2.896607885146984284e-13
1.567790942294276492e-13,2.199762624238047718e-13,1.775220235594421356e-13,1.769173800304097519e-13,1.930628950725517797e-13,1.757660461340032944e-13,1.668102352993493001e-13,1.913039533175399824e-13,1.463797182187966341e-13,1.459645828688158193e-13,1.264496016196482178e-13,1.654135037705830668e-13,1.586995882274991736e-13,1.802294621939650072e-13,1.740110081164994863e-13,1.978156835909362698e-13,1.738910959686690538e-13,1.515665066981082665e-13,1.596460038944262465e-13,1.547789774764536337e-13,1.694761891226872569e-13,2.417557834414302097e-13,3.130188706235056904e-13,1.428717553189046010e-13,1.544731894734688347e-13,1.679471464085080757e-13,1.751404569911696412e-13,1.861867942733613784e-13,1.655656470608160289e-13,1.698243707514427315e-13,1.442061681779648813e-13,1.457915680034499330e-13,1.888702562050246073e-13,2.666622593448985707e-13,4.649171612390006983e-13,1.214326206136043115e-13,1.300222633877424904e-13,1.421577015796441140e-13,1.478434279958824418e-13,1.615728033536285912e-13,1.657205666267060768e-13,1.473399983603665240e-13,1.358240169191155023e-13,1.431707196475562906e-13,1.623575259886479563e-13,2.345564194439228607e-13,2.949139720391686674e-13,1.183551070374934266e-13,1.177113159937559078e-13,1.263392609504613228e-13,1.425821833101706934e-13,1.622236985334445236e-13,1.489358592607316448e-13,1.529003308260467869e-13,1.564540058671639045e-13,1.642516828141995411e-13,2.410947516644853536e-13,3.584099915134297212e-13,9.626152179232556549e-14,1.095643613845892357e-13,1.372046113458622129e-13,1.405595471732949400e-13,1.620609621015246911e-13,1.466752994702692242e-13,1.761675946848159448e-13,2.119992429395230166e-13,2.324891909102846061e-13,3.047997976205115294e-13,1.647198536202707011e-13,1.878350849254465158e-13,2.044168697022517563e-13,2.145237679427049763e-13,2.290478110193786799e-13,2.794286535249746244e-13,3.996472796548658602e-13,9.604377577372776200e-13,3.209557385902351956e-13,2.951887977860928850e-13
1.594460785623892679e-13,2.237096422791553968e-13,1.805351172654064537e-13,1.799233695564777022e-13,1.963410767019097357e-13,1.787540450909376569e-13,1.696537341946399156e-13,1.945725589004758167e-13,1.488828305950574209e-13,1.484523421702128416e-13,1.286025260007050921e-13,1.682216594608075816e-13,1.613978181958005530e-13,1.832913659940101991e-13,1.769697098544692402e-13,2.011826762723638124e-13,1.768705886532333274e-13,1.541516873187103928e-13,1.623697729753830747e-13,1.574132721641789931e-13,1.723596467299850834e-13,2.458802713179088156e-13,3.183748301045638152e-13,1.453058660098872301e-13,1.571141589458443214e-13,1.708091572004049509e-13,1.781282975816550817e-13,1.893711861716213533e-13,1.683905030141356240e-13,1.727174366249461380e-13,1.466748825677185175e-13,1.482853807139089370e-13,1.921374411596648941e-13,2.712457548321432165e-13,4.728562080917783170e-13,1.235121400181580778e-13,1.322469284860535440e-13,1.446051325853857026e-13,1.504422444996100097e-13,1.644380297280364723e-13,1.685614906039563645e-13,1.498640555356169029e-13,1.381432657849922219e-13,1.456260789929432031e-13,1.651920175759865350e-13,2.387761400009665569e-13,3.001900434589592290e-13,1.203874767624959166e-13,1.197245060205642057e-13,1.285165127685186069e-13,1.450426138856307716e-13,1.650184272130574459e-13,1.514896498314324593e-13,1.555334870667042143e-13,1.591443905878347070e-13,1.670721356678931264e-13,2.452845152716097242e-13,3.648724623786924759e-13,9.791024359466440019e-14,1.114489094988054422e-13,1.395985399334105634e-13,1.429867680018534378e-13,1.648804968730237172e-13,1.492003845112833880e-13,1.792151399085198618e-13,2.157985558931124844e-13,2.365204278275433785e-13,3.100858874157891295e-13,1.675748596959092624e-13,1.913232397671339244e-13,2.082021057886530042e-13,2.184296535504240892e-13,2.335614732439186924e-13,2.843578228920745703e-13,4.065164719657154715e-13,1.032267045317263017e-12,3.273051498011508830e-13,3.007992131712268157e-13
1.621266291360919929e-13,2.274609635965341999e-13,1.835627193121579136e-13,1.829441801378356901e-13,1.996352252024445948e-13,1.817570076484505201e-13,1.725123846436930442e-13,1.978594468447488487e-13,1.514001698106134024e-13,1.509533115121554789e-13,1.307666286148821975e-13,1.710434338311304735e-13,1.641096023739016947e-13,1.863683835726797584e-13,1.799433032539371082e-13,2.045670302468442938e-13,1.798676842264387822e-13,1.567508201965268270e-13,1.651083308311811855e-13,1.600611291447224214e-13,1.752578335054698649e-13,2.500271379681832770e-13,3.237616266862346941e-13,1.477527908229021001e-13,1.597700858719900964e-13,1.736863191508077157e-13,1.811323281389401821e-13,1.925737509140725434e-13,1.712307061251697135e-13,1.756257094397024239e-13,1.491579451691337246e-13,1.507934601009528547e-13,1.954272452689002323e-13,2.758579277243940801e-13,4.808393357493996833e-13,1.256038221467099237e-13,1.344843881643647268e-13,1.470682890196991288e-13,1.530630959136840808e-13,1.673298129727261952e-13,1.714193558817466256e-13,1.524029700830729803e-13,1.404753266955404717e-13,1.480961913570906549e-13,1.680487174757211410e-13,2.430401177114598071e-13,3.055189651178532676e-13,1.224323424692108407e-13,1.217491826793132626e-13,1.307079834810824143e-13,1.475194529967350527e-13,1.678313063801374112e-13,1.540587360734025629e-13,1.581836438010884211e-13,1.618517223944468533e-13,1.699099220721586659e-13,2.495052315811203263e-13,3.714039144596410043e-13,9.956862024375566690e-14,1.133453836008138543e-13,1.420110780072513993e-13,1.454303435709756929e-13,1.677211723846599696e-13,1.517416806153403020e-13,1.822837922311839865e-13,2.196365062316560822e-13,2.405805436862124615e-13,3.154099873010442399e-13,1.704501410322773249e-13,1.948564521114094219e-13,2.120354698058273720e-13,2.223801902499165230e-13,2.381550505452899777e-13,2.893304109096537654e-13,4.134286971441268689e-13,1.112716179161220870e-12,3.337724861653367334e-13,3.064909619986768398e-13
1.648181071777808160e-13,2.312264069792450944e-13,1.866017493338056105e-13,1.859767809794589697e-13,2.029420150930301657e-13,1.847719485921932690e-13,1.753834522272827321e-13,2.011615705849323900e-13,1.539294270026204216e-13,1.534650929666522318e-13,1.329398052814782589e-13,1.738759703131140327e-13,1.668322494300076248e-13,1.894574322154585275e-13,1.829288430607063647e-13,2.079654426367921725e-13,1.828797068573769097e-13,1.593614390736685662e-13,1.678590890096998689e-13,1.627199608929095578e-13,1.781679040388727540e-13,2.541924643779960046e-13,3.291743695058659686e-13,1.502101700446066438e-13,1.624385285911277065e-13,1.765758689093735096e-13,1.841497059686291529e-13,1.957915602545633074e-13,1.740835730016581054e-13,1.785463835376330242e-13,1.516531130202738300e-13,1.533135159193274519e-13,1.987370707736874161e-13,2.804948340949818064e-13,4.888591333591798028e-13,1.277057855734313864e-13,1.367326065385750167e-13,1.495451035154399568e-13,1.557042828569317071e-13,1.702464682793534042e-13,1.742916274814733635e-13,1.549544688604833558e-13,1.428180197503916054e-13,1.505788771656651770e-13,1.709256122482723913e-13,2.473462782230442513e-13,3.108979531094170036e-13,1.244879295293991218e-13,1.237834936398875395e-13,1.329118568827400030e-13,1.500106822438028521e-13,1.706599952224834725e-13,1.566408459652364409e-13,1.608485851929577880e-13,1.645736944093411893e-13,1.727625791676368646e-13,2.537537568341689957e-13,3.780012680707921543e-13,1.012351599512385448e-13,1.152521722443919623e-13,1.444405116349092632e-13,1.478882991567571364e-13,1.705808992711831789e-13,1.542970535313775924e-13,1.853711290601068734e-13,2.235111331980743305e-13,2.446664279864632664e-13,3.207680354533319443e-13,1.733434718102975845e-13,1.984336033229594602e-13,2.159156987882948009e-13,2.263737253957753313e-13,2.428282950142253169e-13,2.943433388561012663e-13,4.203780563748228477e-13,1.203267289003760262e-12,3.403575914284784329e-13,3.122627594652913297e-13
1.675176874554307523e-13,2.350018912815268395e-13,1.896489105242341562e-13,1.890179289456054272e-13,2.062578896077486567e-13,1.877956740827144528e-13,1.782640110455713013e-13,2.044756745958086551e-13,1.564681304569736773e-13,1.559851182045860980e-13,1.351197994727848644e-13,1.767162097573844443e-13,1.695628778562950247e-13,1.925552128351254825e-13,1.859231770877694284e-13,2.113743834064372809e-13,1.859037954751302165e-13,1.619809030424694466e-13,1.706192770292395590e-13,1.653869962423226975e-13,1.810868131042535861e-13,2.583720711737458451e-13,3.346078569952559049e-13,1.526754763508585658e-13,1.651168735323592690e-13,1.794748494721668972e-13,1.871773906834782204e-13,1.990214849251896553e-13,1.769462324888508074e-13,1.814764568785663122e-13,1.541579841358135053e-13,1.558430956563005670e-13,2.020641405812506239e-13,2.851522739481949704e-13,4.969077531857553311e-13,1.298160133755469157e-13,1.389894016226477075e-13,1.520333614774476791e-13,1.583639765125409639e-13,1.731861772466865668e-13,1.771755938236404197e-13,1.575161179724602210e-13,1.451690090710634397e-13,1.530718021908655036e-13,1.738205421203530892e-13,2.516923764476737798e-13,3.163240160831144790e-13,1.265523347295986926e-13,1.258254522330058490e-13,1.351261854121172440e-13,1.525141390372199385e-13,1.735019889332022443e-13,1.592335470661627793e-13,1.635259390172264414e-13,1.673078376788697141e-13,1.756274722658319186e-13,2.580267363172702576e-13,3.846612100091556035e-13,1.029082610798858023e-13,1.171675458458086867e-13,1.468849996282783761e-13,1.503585190529948151e-13,1.734574383061720072e-13,1.568642176237988587e-13,1.884745589114248518e-13,2.274203164529285635e-13,2.487747615948340695e-13,3.261557096045566985e-13,1.762524682874281136e-13,2.020534420323324991e-13,2.198413870329414271e-13,2.304084528128312460e-13,2.475808148557810069e-13,2.993933137063668831e-13,4.273582992699829552e-13,1.305742547622960301e-12,3.470601281683335918e-13,3.181131305814600826e-13
1.702223130233223756e-13,2.387829925763763458e-13,1.927006328042735198e-13,1.920641122724528751e-13,2.095789961926437767e-13,1.908247261786403753e-13,1.811508946047806988e-13,2.077982320867371860e-13,1.590136059418824997e-13,1.585106094479461284e-13,1.373041720212945610e-13,1.795608406069406387e-13,1.722983692544525931e-13,1.956581535801178027e-13,1.889228932394237980e-13,2.147900293935118148e-13,1.889368515158149347e-13,1.646063552454115212e-13,1.733858970767218920e-13,1.680592371848594912e-13,1.840112648544093295e-13,2.625614266503631101e-13,3.400564398182605351e-13,1.551459761887194269e-13,1.678022926696278668e-13,1.823800606315669286e-13,1.902120910490473450e-13,2.022601357523253571e-13,1.798155773354578292e-13,1.844126803414492829e-13,1.566699598376860350e-13,1.583795461106089982e-13,2.054054379445799149e-13,2.898256852492041145e-13,5.049766499847620041e-13,1.319323247836958579e-13,1.412524140098625142e-13,1.545306644781589430e-13,1.610401783723729366e-13,1.761469399858478427e-13,1.800683187153720082e-13,1.600852837100253268e-13,1.475257688283843088e-13,1.555724404557034399e-13,1.767311540727833383e-13,2.560759059610778027e-13,3.217938240576693958e-13,1.286234997914639630e-13,1.278729112540478977e-13,1.373488604975958326e-13,1.550274797416922511e-13,1.763545724809664094e-13,1.618342066990109766e-13,1.662131349923500211e-13,1.700514778076894098e-13,1.785017476471193789e-13,2.623205136588775441e-13,3.913800160358848070e-13,1.045861933318833089e-13,1.190896332344721647e-13,1.493425384249394856e-13,1.528387099735182303e-13,1.763483538318721900e-13,1.594406971713456067e-13,1.915912679266169460e-13,2.313616995947296722e-13,2.529019314320075702e-13,3.315682965977522182e-13,1.791745403330274871e-13,2.057145173009507406e-13,2.238109101147642749e-13,2.344823323661182329e-13,2.524119744866694641e-13,3.044767119091172333e-13,4.343626141168421145e-13,1.422403476830284592e-12,3.538794082826186036e-13,3.240402711152420350e-13
1.729287093000613073e-13,2.425649711729089181e-13,1.957530911076767661e-13,1.951115686408095949e-13,2.129012075083890189e-13,1.938554006609438799e-13,1.840407121086632945e-13,2.111254654010112009e-13,1.615629889547575331e-13,1.610385918035718064e-13,1.394903101571014111e-13,1.824063138196637939e-13,1.750353828145567835e-13,1.987624282295898207e-13,1.919243368091276188e-13,2.182082866542647298e-13,1.919755568297682008e-13,1.672347362382020063e-13,1.761557389273299260e-13,1.707334726636691607e-13,1.869377294113932924e-13,2.667556795999496635e-13,3.455140723726224829e-13,1.576187416696219486e-13,1.704917575666853565e-13,1.852880753718043674e-13,1.932502829288795474e-13,2.055038838591060751e-13,1.826882802897050237e-13,1.873515745364186869e-13,1.591862569847354151e-13,1.609200258750598491e-13,2.087577268659364062e-13,2.945101830369157347e-13,5.130566858342641763e-13,1.340523833955451327e-13,1.435191166751837122e-13,1.570344420751879952e-13,1.637307316427063870e-13,1.791265872726981127e-13,1.829666575900328602e-13,1.626591453304308937e-13,1.498855939282997922e-13,1.580780862840026715e-13,1.796549163235538830e-13,2.604941246211910552e-13,3.273037497636555286e-13,1.306992194415201566e-13,1.299235708174702439e-13,1.395776217352085337e-13,1.575481914986440258e-13,1.792148361200163272e-13,1.644400050360727255e-13,1.689074185318026978e-13,1.728017493360110871e-13,1.813823484953272891e-13,2.666311626982352782e-13,3.981536068733025398e-13,1.062671027555523350e-13,1.210164265948556971e-13,1.518109724280629257e-13,1.553264125218466302e-13,1.792510284787269024e-13,1.620238389824966250e-13,1.947182377266426357e-13,2.353327115944366721e-13,2.570440605068729790e-13,3.370007397393199884e-13,1.821069078525977627e-13,2.094151915372542814e-13,2.278224409225429126e-13,2.385931100306403715e-13,2.573209060645607643e-13,3.095896182655428513e-13,4.413837103779190354e-13,1.556087351956421666e-12,3.608144204287803002e-13,3.300420767582689854e-13
1.756333796020775590e-13,2.463427643002236187e-13,1.988021975126194090e-13,1.981562795445620985e-13,2.162201153355465903e-13,1.968837418558406153e-13,1.869298438899607397e-13,2.144533413937597397e-13,1.641132213991386410e-13,1.635658896102200645e-13,1.416754243984159789e-13,1.852488371549388394e-13,1.777703509499750887e-13,2.018639507889929475e-13,1.949236054390552335e-13,2.216247844166486791e-13,1.950163688549362568e-13,1.698627800786307011e-13,1.789253757299227536e-13,1.734062743599694409e-13,1.898624381097225382e-13,2.709496515795336627e-13,3.509743020381998140e-13,1.600906468432283150e-13,1.731820353269769822e-13,1.881952352576268777e-13,1.962882044282915534e-13,2.087488554828100154e-13,1.855607896185096335e-13,1.902894250831733148e-13,1.617039043440236408e-13,1.634615016617386520e-13,2.121175457490424029e-13,2.992005503862356815e-13,5.211381113076975633e-13,1.361736938424872401e-13,1.457868118983453604e-13,1.595419480391310576e-13,1.664333153897021782e-13,1.821227747407802782e-13,1.858672530035270571e-13,1.652346913038857437e-13,1.522455967170184644e-13,1.605858506736027510e-13,1.825891124705892713e-13,2.649440396091932181e-13,3.328498500389445908e-13,1.327771386237972901e-13,1.319749757424535044e-13,1.418100536704219225e-13,1.600735882794385935e-13,1.820796707345161275e-13,1.670479312528511047e-13,1.716058464882006101e-13,1.755555915113913664e-13,1.842660103810780090e-13,2.709544781511755728e-13,4.049775223265618953e-13,1.079490093278528186e-13,1.229457832781072998e-13,1.542879893672340064e-13,1.578189972473566397e-13,1.821626576655368772e-13,1.646108084446401222e-13,1.978522398244822207e-13,2.393305541891466204e-13,2.611969993432384075e-13,3.424476264806361936e-13,1.850465948734721811e-13,2.131536248819383731e-13,2.318739328504130831e-13,2.427383025886145334e-13,2.623064801245150651e-13,3.147278115113739290e-13,4.484138021064585228e-13,1.710396251587586503e-12,3.678637843093230238e-13,3.361161119097522716e-13
1.783325988156873840e-13,2.501109747696845124e-13,2.018435954270526824e-13,2.011939620242521389e-13,2.195310214487748520e-13,1.999055348652883369e-13,1.898144345489440175e-13,2.177775653142652562e-13,1.666610466960574854e-13,1.660891210638881686e-13,1.438565444014709503e-13,1.880843661160978346e-13,1.804994728298831692e-13,2.049583674879078087e-13,1.979165416534867590e-13,2.250348659724927825e-13,1.980555130018981988e-13,1.724870085619741475e-13,1.816911576584339942e-13,1.760739906608998177e-13,1.927813763845374726e-13,2.751378237817616078e-13,3.564302495153352394e-13,1.625583623305951169e-13,1.758696825920582908e-13,1.910976434951519505e-13,1.993218484131261515e-13,2.119909235930012374e-13,1.884293223302699786e-13,1.932222755223495715e-13,1.642197372100402080e-13,1.660007428575550438e-13,2.154811970741871422e-13,3.038912224438969288e-13,5.292105287434440545e-13,1.382935965217922283e-13,1.480526268663459076e-13,1.620502546853467220e-13,1.691454358341125026e-13,1.851329716030508822e-13,1.887665276065295409e-13,1.678087136848335698e-13,1.546027022730940511e-13,1.630926558814215500e-13,1.855308324670167325e-13,2.694223849459256126e-13,3.384278361822622744e-13,1.348547486148181001e-13,1.340245119298060348e-13,1.440435811458302814e-13,1.626008049497274056e-13,1.849457605836433634e-13,1.696547777232366203e-13,1.743052806518658139e-13,1.783097416755206162e-13,1.871492541999372995e-13,2.752859598599466715e-13,4.118468799846638002e-13,1.096298045014325740e-13,1.248754213703358680e-13,1.567711134960589287e-13,1.603136587559307822e-13,1.850802411331182010e-13,1.671985835333409248e-13,2.009898268042992573e-13,2.433521830778559115e-13,2.653563115324364615e-13,3.479031665101085713e-13,1.879904208183537410e-13,2.169277536942264600e-13,2.359630963224356836e-13,2.469151754467804877e-13,2.673672660342692544e-13,3.198867407252433444e-13,4.554445762172048962e-13,1.889964090970465435e-12,3.750256880310364257e-13,3.422595692232084514e-13
1.810224562036705896e-13,2.538639475658289431e-13,2.048727123116997503e-13,2.042201215193748213e-13,2.228289990985330744e-13,2.029163578336993057e-13,1.926904404953121878e-13,2.210936400694737011e-13,1.692030472054751820e-13,1.686047359646467773e-13,1.460305479687629379e-13,1.909086578780722632e-13,1.832187582124153110e-13,2.080411109364862950e-13,2.008987838758864555e-13,2.284336524291590035e-13,2.010890332568370514e-13,1.751037711762910656e-13,1.844492557799221653e-13,1.787327883140365797e-13,1.956903327559937166e-13,2.793144257335594365e-13,3.618747415671948282e-13,1.650183916003503672e-13,1.785510868063950242e-13,1.939912129185561744e-13,2.023470141021799146e-13,2.152257650253533903e-13,1.912899110302269112e-13,1.961459763635707136e-13,1.667304338284371647e-13,1.685343587198762689e-13,2.188448032891017994e-13,3.085763888400368520e-13,5.372631474989910196e-13,1.404092964675407485e-13,1.503135438879422814e-13,1.645562877717560288e-13,1.718644608831020069e-13,1.881544999228742266e-13,1.916607305865286808e-13,1.703778458854496454e-13,1.569536812329926711e-13,1.655952711900179327e-13,1.884770147484440300e-13,2.739256948722207133e-13,3.440331853848599165e-13,1.369294122891965422e-13,1.360694315666386393e-13,1.462754973358025932e-13,1.651268320934371679e-13,1.878096274559311163e-13,1.722571784227920906e-13,1.770024275485890465e-13,1.810607768753497969e-13,1.900284316849934554e-13,2.796208975105955931e-13,4.187565243755131083e-13,1.113072686437207167e-13,1.268029412309047561e-13,1.592577370204430259e-13,1.628074499555773437e-13,1.880006254949092327e-13,1.697839917609571700e-13,2.041273826020664571e-13,2.473943701196714639e-13,2.695173539717242019e-13,3.533613151519801928e-13,1.909350470512787928e-13,2.207353354427584592e-13,2.400874519564446990e-13,2.511208034544870845e-13,2.725015859781956875e-13,3.250616284533388641e-13,4.624673956309744397e-13,2.100842219587843115e-12,3.822979894181221282e-13,3.484693760442218912e-13
1.836988153503838497e-13,2.575956953668119217e-13,2.078847094558590365e-13,2.072300009754419498e-13,2.261088349027613918e-13,2.059115316119611432e-13,1.955535854338231515e-13,2.243968083225988760e-13,1.717356085383890268e-13,1.711089811918724699e-13,1.481941352473633959e-13,1.937172259359977974e-13,1.859239857052050336e-13,2.111073492049045250e-13,2.038657186625924660e-13,2.318159818376569137e-13,2.041127432296438141e-13,1.777092081722879773e-13,1.871956210945545337e-13,1.813786140524711805e-13,1.985848531117198965e-13,2.834733479532075285e-13,3.673001769042707040e-13,1.674670366567667104e-13,1.812224274773737194e-13,1.968716210601317522e-13,2.053592582839745427e-13,2.184488053136885573e-13,1.941383599336613277e-13,1.990561391388402329e-13,1.692324812764928980e-13,1.710587636756122426e-13,2.222042511229215438e-13,3.132498894782323625e-13,5.452845267122752396e-13,1.425178410014479056e-13,1.525663727053944707e-13,1.670567923755387046e-13,1.745875791693301461e-13,1.911844845763646225e-13,1.945458928634042183e-13,1.729385269675494805e-13,1.592951198497169821e-13,1.680902790046249970e-13,1.914243991252206783e-13,2.784502056142056843e-13,3.496609982177962726e-13,1.389983406517483318e-13,1.381068305572520825e-13,1.485029365214482663e-13,1.676484812367850317e-13,1.906675865742567130e-13,1.748515723186854692e-13,1.796937990961732955e-13,1.838050730757256473e-13,1.928996810263653133e-13,2.839542788419440159e-13,4.257008321789593393e-13,1.129790555455796240e-13,1.287258048539136025e-13,1.617450856214023327e-13,1.652972478765035129e-13,1.909204580310751765e-13,1.723636738813056578e-13,2.072610701562063127e-13,2.514536208828641793e-13,2.736751911551238700e-13,3.588156405110741344e-13,1.938769286435813785e-13,2.245738731430360064e-13,2.442442452717804938e-13,2.553519820103399864e-13,2.777073961128191500e-13,3.302473484783392816e-13,4.694730880812924745e-13,2.351066175689987590e-12,3.896780136179645623e-13,3.547420389952017857e-13
1.863573384508369484e-13,2.612999370901567165e-13,2.108745072190920348e-13,2.102186083108600026e-13,2.293650627818684967e-13,2.088861471628061736e-13,1.983993862935333402e-13,2.276820840937547414e-13,1.742549397983427511e-13,1.735979219695684932e-13,1.503438458478511429e-13,1.965053665218992440e-13,1.886107259736044608e-13,2.141520155294736686e-13,2.068125087537650839e-13,2.351764430408743586e-13,2.071222525605469932e-13,1.802992727782885323e-13,1.899260085723060319e-13,1.840072179277723237e-13,2.014602676444745103e-13,2.876081870932185727e-13,3.726985895604780371e-13,1.699004179051403733e-13,1.838796986111217953e-13,1.997343363635367158e-13,2.083539230533894220e-13,2.216552485055085647e-13,1.969702703101022893e-13,2.019481631631594539e-13,1.717221953881902617e-13,1.735701976807250591e-13,2.255552178800600131e-13,3.179052642378683967e-13,5.532626964299276046e-13,1.446161345463852533e-13,1.548077675354718184e-13,1.695483511954477182e-13,1.773118149142914227e-13,1.942198688171564022e-13,1.974178514753870395e-13,1.754870221163688085e-13,1.616234385848762895e-13,1.705740941919510191e-13,1.943695458883940061e-13,2.829918813386984239e-13,3.553060377726054511e-13,1.410586070264851139e-13,1.401336631872625106e-13,1.507228890687771514e-13,1.701624027416621967e-13,1.935157689815075257e-13,1.774342240030349098e-13,1.823757330691147983e-13,1.865388267371175143e-13,1.957589505124054372e-13,2.882808282033588365e-13,4.326737633707147931e-13,1.146427028900316827e-13,1.306413483223556485e-13,1.642302336428848076e-13,1.677797716380954398e-13,1.938362065706600593e-13,1.749341031501746730e-13,2.103868557461269263e-13,2.555261971905360302e-13,2.778246323542543808e-13,3.642593791646281490e-13,1.968123396605428322e-13,2.284406257509339283e-13,2.484304605510597326e-13,2.596052455764618690e-13,2.829822882864865774e-13,3.354384679511997574e-13,4.764520381896767993e-13,2.651513462700148080e-12,3.971625622124349423e-13,3.610736862769333953e-13
1.889932201866596730e-13,2.649695956230711300e-13,2.138364462872529290e-13,2.131803735390147813e-13,2.325915692503091856e-13,2.118347313329046837e-13,2.012228568901914043e-13,2.309438653073092632e-13,1.767568394088375427e-13,1.760672139763256256e-13,1.524758897056615750e-13,1.992678662281678423e-13,1.912740670763571241e-13,2.171694657271329425e-13,2.097337723551197930e-13,2.385089666689860134e-13,2.101126440340282070e-13,1.828694850991572590e-13,1.926357048012674947e-13,1.866138976112396948e-13,2.043113855642999851e-13,2.917116512126895096e-13,3.780607459073976364e-13,1.723142515006099674e-13,1.865184527666346146e-13,2.025743180611393775e-13,2.113258103219357801e-13,2.248397102543632824e-13,1.997807481942528197e-13,2.048169290141630911e-13,1.741954972865144086e-13,1.760644980267405869e-13,2.288927880711535118e-13,3.225350545205742856e-13,5.611835577624719528e-13,1.467007815109553062e-13,1.570340461415365698e-13,1.720271657116204157e-13,1.800337834631794387e-13,1.972571182531165464e-13,2.002719551456258653e-13,1.780191890560224742e-13,1.639346946045294459e-13,1.730427431930933889e-13,1.973085449018100894e-13,2.875458140452795360e-13,3.609618757422584671e-13,1.431069985525785917e-13,1.421465955043709233e-13,1.529320293449077265e-13,1.726648650016698049e-13,1.963498369616184856e-13,1.800009848806023387e-13,1.850441400127716949e-13,1.892577905410728538e-13,1.986017084913779009e-13,2.925944059727914883e-13,4.396677078000281956e-13,1.162955350348172625e-13,1.325466545322182598e-13,1.667098926203260843e-13,1.702513642266235957e-13,1.967438709782042844e-13,1.774913524186283057e-13,2.135001732928805139e-13,2.596076188051440078e-13,2.819596717624530047e-13,3.696845527686461078e-13,1.997370650676878070e-13,2.323321888392309897e-13,2.526423323928024770e-13,2.638763495109078501e-13,2.883228588026809458e-13,3.406284624882638243e-13,4.833928849892294384e-13,3.017225797639356645e-12,4.047468417535699684e-13,3.674591437939575428e-13
1.916018677056462880e-13,2.685980891859750272e-13,2.167651743480893221e-13,2.161100464417101348e-13,2.357825907016166067e-13,2.147521049347511938e-13,2.040192461853485066e-13,2.341768931613484503e-13,1.792372893777686539e-13,1.785126762333082623e-13,1.545865769810003214e-13,2.019997399794524771e-13,1.939093242257964513e-13,2.201543308094749301e-13,2.126243818554068074e-13,2.418078391779044901e-13,2.130792680302857382e-13,1.854155454207051951e-13,1.953202054250023866e-13,1.891941386816940370e-13,2.071332581989847521e-13,2.957770558710615082e-13,3.833784107399723289e-13,1.747044234957124637e-13,1.891344359127435595e-13,2.053867624260811789e-13,2.142699884713847371e-13,2.279971217338016149e-13,2.025651313243580347e-13,2.076575621844271149e-13,1.766484684748063242e-13,1.785376667344813714e-13,2.322123796857750452e-13,3.271325005151617340e-13,5.690349170751659152e-13,1.487684848347137182e-13,1.592416421326716426e-13,1.744895933563872005e-13,1.827502684331083972e-13,2.002929119325046354e-13,2.031037889533954923e-13,1.805310564423774951e-13,1.662250762102886003e-13,1.754924103816904881e-13,2.002377091462021187e-13,2.921076243765230101e-13,3.666229429475081739e-13,1.451403881489867508e-13,1.441423749605828925e-13,1.551271398428060490e-13,1.751522940784396022e-13,1.991656789850724295e-13,1.825478834631444010e-13,1.876951227114542939e-13,1.919579215471994242e-13,2.014236549997504863e-13,2.968894542577967348e-13,4.466762392560367070e-13,1.179349262905064648e-13,1.344388730383392967e-13,1.691809268989441746e-13,1.727085336306990481e-13,1.996396753283320975e-13,1.800316653627377455e-13,2.165967357194394486e-13,2.636938194073832564e-13,2.860748348546079177e-13,3.750841286983774408e-13,2.026471949862544900e-13,2.362454568816900562e-13,2.568764621872711919e-13,2.681614858886069210e-13,2.937260962397940228e-13,3.458115909023604924e-13,4.902857884217396307e-13,3.469582010344481420e-12,4.124268538070586722e-13,3.738941524353894688e-13
1.941785564017202534e-13,2.721786072142881827e-13,2.196551510302566057e-13,2.190021888987121574e-13,2.389322004845159249e-13,2.176329218631079893e-13,2.067836722359086883e-13,2.373757658136345638e-13,1.816921554549805160e-13,1.809300065771393512e-13,1.566721106084370456e-13,2.046958601862491655e-13,1.965116584858238428e-13,2.231011000056710717e-13,2.154790732025838635e-13,2.450671976621499806e-13,2.160173479419134531e-13,1.879330373769545862e-13,1.979748838072486589e-13,1.917433022287311637e-13,2.099207987007040692e-13,2.997975199661408652e-13,3.886430807560954338e-13,1.770666925462038946e-13,1.917232775786565849e-13,2.081667369964574830e-13,2.171813944352539953e-13,2.311222780242349531e-13,2.053186294142168166e-13,2.104650547709519757e-13,1.790770801159351900e-13,1.809855944584067866e-13,2.355092764379279423e-13,3.316906773034731962e-13,5.768041311227606869e-13,1.508158497277816307e-13,1.614268877842571747e-13,1.769318846123201692e-13,1.854579297397698638e-13,2.033237867666443591e-13,2.059088166355799445e-13,1.830185420366730041e-13,1.684906653243680146e-13,1.779191721229895350e-13,2.031532253059504417e-13,2.966727051415512556e-13,3.722833360272675365e-13,1.471555532119926107e-13,1.461176548599708903e-13,1.573049050742887257e-13,1.776210078689202716e-13,2.019590636832200133e-13,1.850708360739048961e-13,1.903246701733258127e-13,1.946350610628751081e-13,2.042203705698604797e-13,3.011602455512458034e-13,4.536925137866884243e-13,1.195581566396080193e-13,1.363150667353141235e-13,1.716400848448729312e-13,1.751476764956596641e-13,2.025197193623728223e-13,1.825511758667945429e-13,2.196721282076812346e-13,2.677805411656555327e-13,2.901644909976587144e-13,3.804508377078664271e-13,2.055386991703620869e-13,2.401770753438327074e-13,2.611291964904536690e-13,2.724565923859372504e-13,2.991885758581183446e-13,3.509818797115202562e-13,4.971205217557420072e-13,4.039885042714286500e-12,4.201979769958177965e-13,3.803742690946089405e-13
1.967182995848674360e-13,2.757039137594349522e-13,2.225005185023753326e-13,2.218510559264527389e-13,2.420340989656610035e-13,2.204715316205729199e-13,2.095109466774825824e-13,2.405347122428795905e-13,1.841170677680170102e-13,1.833146517911386613e-13,1.587284885569049926e-13,2.073507953449061785e-13,1.990759670576061284e-13,2.260039113251937897e-13,2.182922503774221149e-13,2.482807871605884465e-13,2.189217823149155301e-13,1.904172761668811856e-13,2.005948248494563748e-13,1.942564714672541864e-13,2.126686049696632965e-13,3.037656853447966273e-13,3.938455893486681526e-13,1.793965967583699342e-13,1.942803330873509497e-13,2.109089976326153324e-13,2.200546354765028709e-13,2.342096161158652009e-13,2.080361494757458010e-13,2.132340834908783483e-13,1.814770562159949880e-13,1.834039202913996215e-13,2.387783877481527666e-13,3.362020627853871062e-13,5.844775118712721812e-13,1.528392957648239373e-13,1.635859027596051525e-13,1.793500458422227626e-13,1.881531456776290629e-13,2.063459457774860267e-13,2.086821984961084346e-13,1.854773079510617839e-13,1.707273162892809476e-13,1.803188596092193721e-13,2.060509674105896807e-13,3.012358590508447298e-13,3.779364247726576676e-13,1.491490879092244889e-13,1.480689051751011788e-13,1.594618042538849868e-13,1.800670778458345088e-13,2.047254635073899496e-13,1.875654996541884256e-13,1.929284997849253761e-13,1.972847703857317584e-13,2.069871354196355825e-13,3.054005183401396682e-13,4.607087246062996251e-13,1.211623764979966430e-13,1.381721443900663717e-13,1.740838763155732259e-13,1.775649571845300528e-13,2.053797960935688399e-13,1.850457623096619056e-13,2.227215968950299453e-13,2.718630129018451262e-13,2.942225020644725277e-13,3.857767252955253450e-13,2.084072207958924334e-13,2.441232170592941369e-13,2.653963393146839802e-13,2.767570891404143249e-13,3.047060824095268595e-13,3.561326750886928533e-13,5.038859698360761102e-13,4.775680097661540375e-12,4.280543857912408322e-13,3.868937815535184788e-13
1.992159937496905575e-13,2.791666345910145888e-13,2.252953106295523594e-13,2.246507852346870390e-13,2.450818238298619904e-13,2.232621807849268356e-13,2.121957425204206685e-13,2.436478009943450287e-13,1.865075446258689316e-13,1.856619316395466767e-13,1.607516031821317182e-13,2.099589648049261075e-13,2.015970563758202966e-13,2.288567544696216070e-13,2.210581747957005511e-13,2.514421879168473678e-13,2.217873268811804476e-13,1.928634557883369131e-13,2.031749842548374567e-13,1.967286020360421814e-13,2.153711303371788976e-13,3.076740238427104485e-13,3.989765599392071684e-13,1.816895940982173642e-13,1.968008333851563259e-13,2.136081639462607635e-13,2.228841767728891208e-13,2.372534201252735745e-13,2.107124620342704819e-13,2.159591841247308656e-13,1.838440037096389187e-13,1.857881657214479369e-13,2.420144550194565993e-13,3.406589170662527255e-13,5.920410435895135986e-13,1.548351411451012167e-13,1.657147033053256729e-13,1.817399650311003462e-13,1.908321405059072262e-13,2.093554059280686184e-13,2.114189593636378048e-13,1.879028972759255099e-13,1.729307753405663679e-13,1.826871879429991359e-13,2.089266518184120666e-13,3.057915745539700703e-13,3.835752306638812861e-13,1.511174871769585360e-13,1.499925031101147688e-13,1.615942114150943942e-13,1.824864536329178102e-13,2.074602126135860022e-13,1.900274093682674122e-13,1.955022000618719211e-13,1.999024803396376577e-13,2.097190946177889211e-13,3.096037854483816292e-13,4.677165959062633641e-13,1.227446726125861186e-13,1.400069228749008787e-13,1.765086772420355532e-13,1.799564158568006286e-13,2.082155461577629692e-13,1.875111804897555363e-13,2.257402321967374306e-13,2.759361922758952412e-13,2.982425195550973433e-13,3.910535634397208689e-13,2.112481281694467846e-13,2.480797550093126371e-13,2.696733514944923312e-13,2.810581034217728870e-13,3.102738394642569327e-13,3.612570117617274795e-13,5.105706957620079000e-13,5.752550664611696520e-12,4.359894411587031748e-13,3.934456572557585482e-13
2.016663941270295960e-13,2.825593542619612563e-13,2.280335466233382922e-13,2.273955107549516836e-13,2.480687399316971884e-13,2.259990502269232516e-13,2.148326057333985398e-13,2.467089424731161266e-13,1.888589675261932262e-13,1.879670416698186413e-13,1.627372506492957844e-13,2.125146393985246274e-13,2.040696853017923408e-13,2.316534927803451251e-13,2.237709856594921675e-13,2.545448260875242016e-13,2.246086066734005475e-13,1.952666671069411504e-13,2.057102048365998163e-13,1.991545381635444648e-13,2.180226922248958975e-13,3.115148258207195877e-13,4.040264539768026838e-13,1.839410756156363768e-13,1.992799006875691232e-13,2.162587368289717481e-13,2.256643574988270039e-13,2.402478329707324438e-13,2.133422135196681690e-13,2.186347644418389725e-13,1.861734259008208527e-13,1.881337493101459811e-13,2.452120557506560430e-13,3.450532864223616878e-13,5.994804323234270230e-13,1.567995914633378212e-13,1.678092173608212695e-13,1.840974235865443453e-13,1.934909860343256005e-13,2.123479929519850286e-13,2.141140018447953983e-13,1.902907485622401570e-13,1.750966970426512366e-13,1.850197699614876155e-13,2.117758406075783711e-13,3.103339878697733931e-13,3.891924527010763813e-13,1.530571524319591926e-13,1.518847477587006853e-13,1.636984066889589502e-13,1.848749728808604513e-13,2.101585157815813283e-13,1.924519914412025878e-13,1.980412412369731392e-13,2.024835025466554139e-13,2.124112708796148835e-13,3.137633235306400300e-13,4.747073933935372726e-13,1.243021267202995968e-13,1.418161149441071420e-13,1.789107116328971180e-13,1.823179540406690507e-13,2.110224618146908098e-13,1.899430751049502108e-13,2.287229756952121445e-13,2.799947461882836979e-13,3.022179829756754066e-13,3.962728370484958107e-13,2.140565500133665867e-13,2.520422174843188206e-13,2.739553100094620644e-13,2.853544371171966531e-13,3.158864331322950633e-13,3.663475788063137582e-13,5.171630521134633614e-13,7.097803670030214474e-12,4.439955885842290112e-13,4.000223891154275047e-13
2.040634098564803978e-13,2.858738970893575150e-13,2.307085120724820028e-13,2.300788373343985832e-13,2.509873374666906340e-13,2.286755465226571524e-13,2.174151858332986631e-13,2.497111444146458898e-13,1.911659019210065491e-13,1.902243683068899571e-13,1.646804855049004823e-13,2.150112354937863307e-13,2.064878917981587545e-13,2.343870499246357757e-13,2.264238966098608320e-13,2.575811999468282860e-13,2.273793154561005587e-13,1.976211397956947613e-13,2.081944388762123347e-13,2.015282580733038317e-13,2.206167230799264413e-13,3.152795059548643033e-13,4.089848704379548590e-13,1.861456634622750896e-13,2.017117787553613791e-13,2.188543038551153111e-13,2.283885860026588917e-13,2.431860620424827335e-13,2.159191513033636787e-13,2.212543269596681809e-13,1.884599855506937340e-13,1.904352443439253988e-13,2.483648043823304950e-13,3.493763446638847124e-13,6.067797288066009748e-13,1.587281321015759811e-13,1.698645984833712889e-13,1.864173541152813171e-13,1.961248385696181846e-13,2.153185677011035976e-13,2.167613082862186981e-13,1.926354439565078515e-13,1.772199387733681059e-13,1.873113765436106295e-13,2.145931496520368609e-13,3.148562390765698790e-13,3.947794219897412495e-13,1.549637676080274171e-13,1.537412300783861192e-13,1.657698962366920757e-13,1.872276164016154997e-13,2.128146627044210928e-13,1.948338069708675725e-13,2.005402019891867978e-13,2.050222489443680513e-13,2.150577647923856803e-13,3.178714915554821524e-13,4.816707372737466427e-13,1.258314218557448195e-13,1.435957606165548721e-13,1.812853980389858957e-13,1.846446705473414720e-13,2.137951029258300731e-13,1.923362226554779330e-13,2.316638145396763574e-13,2.840323017551052678e-13,3.061413739319641559e-13,4.014252316644369857e-13,2.168268757048917832e-13,2.560050058129360020e-13,2.782362067700476685e-13,2.896397461755694369e-13,3.215371169311437460e-13,3.713962123732317917e-13,5.236498019205021250e-13,9.043230883819858649e-12,4.520633705163663674e-13,4.066073624743453985e-13
2.064046162674541249e-13,2.891057295676005899e-13,2.333163934403385942e-13,2.326966267256187944e-13,2.538346032560181302e-13,2.312882738503386341e-13,2.199413294520261356e-13,2.526520184221185026e-13,1.934263881748475575e-13,1.924319796752964614e-13,1.665794942905740349e-13,2.174462476702566125e-13,2.088485099194232903e-13,2.370548337846831904e-13,2.290144650711792585e-13,2.605486218635929932e-13,2.300974841497300636e-13,1.999248741523848430e-13,2.106256427057818074e-13,2.038476207363464314e-13,2.231509059871914629e-13,3.189644229008912808e-13,4.138472534920765714e-13,1.883008131091191422e-13,2.040945769488431851e-13,2.213926621408348367e-13,2.310546535199137860e-13,2.460658981338349348e-13,2.184411887089704136e-13,2.238156422087123644e-13,1.907019483814800707e-13,1.926908616401588324e-13,2.514708624464897658e-13,3.536249721235120405e-13,6.139351212737267530e-13,1.606192201951603916e-13,1.718791854379831322e-13,1.886982288363752064e-13,1.987324970150397287e-13,2.182658726605410533e-13,2.193590151004133278e-13,1.949352418363950559e-13,1.792987028723058265e-13,1.895603421632921410e-13,2.173771907628595875e-13,3.193563302288746819e-13,4.003337332285515075e-13,1.568359286706277375e-13,1.555603668469359038e-13,1.678072783978506674e-13,1.895429254416903045e-13,2.154269969412770439e-13,1.971711495940614319e-13,2.029974938600499692e-13,2.075170558706670328e-13,2.176567914374575335e-13,3.219258681854660549e-13,4.886043971779686034e-13,1.273305149423851721e-13,1.453445117879813105e-13,1.836314175601741043e-13,1.869350305038840654e-13,2.165320274926417744e-13,1.946890665419890993e-13,2.345610640408964905e-13,2.880471618843221063e-13,3.100103797650777435e-13,4.065072416343800409e-13,2.195576926272747895e-13,2.599664544433033737e-13,2.825143578584842710e-13,2.939120871219476631e-13,3.272236993603991596e-13,3.764001861221057181e-13,5.300276733196740532e-13,1.205719433036097362e-11,4.601902610855603619e-13,4.132141990826979127e-13
2.086842413408923062e-13,2.922472966155724980e-13,2.358508801249660615e-13,2.352428811314295990e-13,2.566035178881312664e-13,2.338310277934206448e-13,2.224050571150627302e-13,2.555250195544553347e-13,1.956352479453405571e-13,1.945845461791363941e-13,1.684295668339922915e-13,2.198134676816003462e-13,2.111458979857934182e-13,2.396502207477987180e-13,2.315363248968507593e-13,2.634400979729934985e-13,2.327571693611435853e-13,2.021724118096385293e-13,2.129981093269853767e-13,2.061069403065370476e-13,2.256190621512168167e-13,3.225616854658881080e-13,4.186043424945774596e-13,1.904014010003074114e-13,2.064228476044072689e-13,2.238677801193572602e-13,2.336563705835376739e-13,2.488809690437731133e-13,2.209024344627654478e-13,2.263126004629234291e-13,1.928942420849866285e-13,1.948954494941452355e-13,2.545241840304640299e-13,3.577911273565435343e-13,6.209333343646492028e-13,1.624685237168023192e-13,1.738483541682192161e-13,1.909352047738483873e-13,2.013092294275056700e-13,2.211848558511113841e-13,2.219014354966070431e-13,1.971849956304444982e-13,1.813280978988325117e-13,1.917616885290701843e-13,2.201227676261154552e-13,3.238275847826923666e-13,4.058471853098881946e-13,1.586694920712285458e-13,1.573379371980995085e-13,1.698062332905516844e-13,1.918160925823415190e-13,2.179900895070911656e-13,1.994588513661043143e-13,2.054079512152434892e-13,2.099626122753048882e-13,2.202027652670813035e-13,3.259193307372305225e-13,4.954987582276870101e-13,1.287961955671458061e-13,1.470585386578294474e-13,1.859443081049575473e-13,1.891843180246426518e-13,2.192280042218592882e-13,1.969966218831226040e-13,2.374090050810870920e-13,2.920330982894233007e-13,3.138179850975048212e-13,4.115104493042889898e-13,2.222436324089522813e-13,2.639207997944351242e-13,2.867836529570699202e-13,2.981651226491992924e-13,3.329389062297174826e-13,3.813518931738968432e-13,5.362852364962878237e-13,1.725449983625329538e-11,4.683663171027377132e-13,4.198262335648244382e-13
2.108986253157013305e-13,2.952942699089748402e-13,2.383080290898900227e-13,2.377137492788640508e-13,2.592898334783174390e-13,2.362999732123832281e-13,2.248026767826916941e-13,2.583263223976284712e-13,1.977892003304231633e-13,1.966786225551331413e-13,1.702275433773997327e-13,2.221089379536761960e-13,2.133764440176884623e-13,2.421691599614621549e-13,2.339855566885668341e-13,2.662515271012032159e-13,2.353548389436286513e-13,2.043603026952936294e-13,2.153082917201382001e-13,2.083026023715923660e-13,2.280173411421264714e-13,3.260671976141768959e-13,4.232525258395427647e-13,1.924441317747508777e-13,2.086932007937058711e-13,2.262759485013484628e-13,2.361900039364637044e-13,2.516275477041376002e-13,2.232992619807192416e-13,2.287414411723843635e-13,1.950336577333316554e-13,1.970457507816297631e-13,2.575213740513295406e-13,3.618710691828533181e-13,6.277730813745413928e-13,1.642731645577412971e-13,1.757690902151771898e-13,1.931252535591231992e-13,2.038521613526587083e-13,2.240725319505318296e-13,2.243851439632294710e-13,1.993814791327970439e-13,1.833049493782762956e-13,1.939122786982070144e-13,2.228268172698997917e-13,3.282666919381926229e-13,4.113168611112628219e-13,1.604617086821467558e-13,1.590711158825263921e-13,1.717639715101822881e-13,1.940441271680070715e-13,2.205006847884669267e-13,2.016936917304252398e-13,2.077684175449429759e-13,2.123556855906216279e-13,2.226923305603947765e-13,3.298484023468827897e-13,5.023516563805258311e-13,1.302261297417847160e-13,1.487352684332959750e-13,1.882212573788651534e-13,1.913895623872726150e-13,2.218799368917090520e-13,1.992558009915053121e-13,2.402043363673338790e-13,2.959868418614055294e-13,3.175606794678352317e-13,4.164316410823695992e-13,2.248812937150918943e-13,2.678647492910992955e-13,2.910406942865305665e-13,3.023955873361054316e-13,3.386785956640956576e-13,3.862481405527755125e-13,5.424202628382617135e-13,2.811469085615408695e-11,4.765876113311747375e-13,4.264393329378553414e-13
2.130503310971103003e-13,2.982542568234907201e-13,2.406916754106079475e-13,2.401131109902136822e-13,2.618986585327007820e-13,2.386989659528025198e-13,2.271375141539399177e-13,2.610613288923618426e-13,1.998904259118411270e-13,1.987161783705634893e-13,1.719743319154231814e-13,2.243356033335852415e-13,2.155428074550938201e-13,2.446157437734635642e-13,2.363658449413880297e-13,2.689886263766382241e-13,2.378946037404559403e-13,2.064908988661409396e-13,2.175590758678360601e-13,2.104370358690122477e-13,2.303491322778347436e-13,3.294914818810813424e-13,4.278126068965693424e-13,1.944308389798912334e-13,2.109082822425221973e-13,2.286205615974298423e-13,2.386595450992140286e-13,2.543106519609717189e-13,2.256349626993074681e-13,2.311056694480878654e-13,1.971222617564316415e-13,1.991438948448005247e-13,2.604681177467106199e-13,3.658789615356365102e-13,6.345067744095320293e-13,1.660340516874300377e-13,1.776426751963164223e-13,1.952704918202630761e-13,2.063640631277746134e-13,2.269327070529478865e-13,2.268136655538740950e-13,2.015269707313701142e-13,1.852307597929489013e-13,1.960141803955251336e-13,2.254930491242320434e-13,3.326848787003021379e-13,4.167626069264701864e-13,1.622134154074674783e-13,1.607606079006077721e-13,1.736817791925046913e-13,1.962292231493710095e-13,2.229622164379635041e-13,2.038780785916443065e-13,2.100816828591346916e-13,2.146992601581481493e-13,2.251289686942459683e-13,3.337244342511888245e-13,5.091949130034898368e-13,1.316203023324574462e-13,1.503752284582709712e-13,1.904643178709798889e-13,1.935528619938399383e-13,2.244914601541977958e-13,2.014689904719244032e-13,2.429516642304792496e-13,2.999169387581441831e-13,3.212487090259481906e-13,4.212911940585353369e-13,2.274743096417671640e-13,2.718045780524014013e-13,2.952934168842349589e-13,3.066124805386142341e-13,3.444537994002758643e-13,3.911059618509181066e-13,5.484704872132674768e-13,6.410962629098945012e-11,4.848804935779548459e-13,4.330736052084549593e-13
2.154405604154705862e-13,3.017205761476327037e-13,2.433869783443349450e-13,2.428244515931475509e-13,2.648864000534024624e-13,2.414067280788122902e-13,2.297529288033707794e-13,2.641844731329826246e-13,2.022041637322265494e-13,2.009593584062290460e-13,1.738657855242810628e-13,2.268276971794203753e-13,2.179532947311420055e-13,2.473883795048850797e-13,2.390490800258703869e-13,2.721337554687254073e-13,2.407537642003463987e-13,2.088476504523229175e-13,2.200654149992200643e-13,2.128045585019015421e-13,2.329674097754420370e-13,3.335597673481765637e-13,4.335121446995739226e-13,1.966120280365395027e-13,2.133640738907339776e-13,2.312495720991135448e-13,2.414444729660194066e-13,2.573616196432419214e-13,2.282484324329559871e-13,2.337607953526425038e-13,1.994183941296803987e-13,2.014535448236109051e-13,2.638176613224735058e-13,3.707113879481963199e-13,6.438425127998207082e-13,1.679337282178616298e-13,1.796784876095596612e-13,1.976246338289166748e-13,2.091289804040975155e-13,2.301093702681566830e-13,2.295298280705053717e-13,2.038916162093028114e-13,1.873332434904327280e-13,1.983228967786658342e-13,2.284608696831735436e-13,3.378247637667364243e-13,4.233536363527726749e-13,1.640990404977194301e-13,1.625775263705123450e-13,1.757599873026916181e-13,1.986276966017281984e-13,2.257060795573378631e-13,2.062886042664181907e-13,2.126417462882984109e-13,2.173004325845758858e-13,2.278504945287741543e-13,3.382933871993922479e-13,5.177772200797817434e-13,1.330928049540644502e-13,1.521279673262928358e-13,1.929147781061679738e-13,1.959232046511643542e-13,2.273988546331853900e-13,2.039064052658346355e-13,2.460450518097117590e-13,3.044262836537228630e-13,3.255730770665475388e-13,4.272803599682961813e-13,2.303674377953694066e-13,2.762355471815867356e-13,3.001266865499725255e-13,3.114468010401263274e-13,3.510628444837218719e-13,3.969523363208689570e-13,5.564588154951288640e-13,2.477376673867348365e-09,4.948328205762867919e-13,4.409938033870322754e-13
2.165750287417997947e-13,3.027673554934724660e-13,2.444877030055153036e-13,2.439498787373089534e-13,2.659972373971059799e-13,2.425483078857113347e-13,2.309480197188161152e-13,2.654493789949433756e-13,2.034129247379597548e-13,2.021061724997157838e-13,1.749261708184200037e-13,2.279288750546613470e-13,2.190786218059849688e-13,2.485162926068524649e-13,2.401945312544860815e-13,2.733041571190705986e-13,2.420644530379807675e-13,2.100240060825363541e-13,2.212660025231278971e-13,2.139452322501253640e-13,2.341240616747073409e-13,3.346987273277034585e-13,4.343212735298993553e-13,1.977425343355423866e-13,2.145924085462297253e-13,2.324396658159905468e-13,2.426666425923103428e-13,2.586474683338706637e-13,2.294606943859487236e-13,2.349463101870113738e-13,2.006389041313055183e-13,2.026653879714502843e-13,2.653278590959805466e-13,3.719541606106978978e-13,6.425313631646566550e-13,1.690619870113927575e-13,1.808342953909074259e-13,1.989270288561222874e-13,2.107349195456957110e-13,2.318940365135972600e-13,2.308351141047310545e-13,2.051341780269623801e-13,1.884799112301428285e-13,1.995691636143185585e-13,2.300464984761392527e-13,3.400136448516750920e-13,4.253265719806677858e-13,1.652485496772734430e-13,1.636681451343931689e-13,1.770007618376381426e-13,1.999659494697623738e-13,2.270894256251527198e-13,2.075523011831954061e-13,2.139897458256163145e-13,2.186360486431714681e-13,2.291828913807639785e-13,3.398754332222760067e-13,5.194915394881636603e-13,1.340712199861294884e-13,1.532460006454727927e-13,1.943717714223234123e-13,1.972626197712578705e-13,2.289341330594209129e-13,2.052262143408324533e-13,2.475331499973876534e-13,3.065301724570347588e-13,3.271242678030653684e-13,4.285389897966450904e-13,2.318510006400029668e-13,2.786964687732194153e-13,3.026377849496611570e-13,3.137727846646370862e-13,3.545347327849752023e-13,3.987245632280545977e-13,5.564685642641104107e-13,4.794687023170348891e-05,4.985774317314861770e-13,4.439453586862802420e-13
2.180419753156777258e-13,3.045103497550859591e-13,2.460212719532390710e-13,2.455080449539744200e-13,2.676316865051645654e-13,2.441178772236331013e-13,2.325315859799378151e-13,2.672467795876477347e-13,2.049165452973614177e-13,2.035400068982126984e-13,1.761911558479437141e-13,2.294000994002826146e-13,2.205442775173224795e-13,2.500960410188489938e-13,2.417600807224932497e-13,2.750361432661845667e-13,2.438134792502308282e-13,2.115148772095946613e-13,2.228207843177478351e-13,2.154108354064844950e-13,2.356781689038414722e-13,3.367158544211622651e-13,4.366730511937421265e-13,1.991450311298962165e-13,2.161538943194533368e-13,2.340235699425554239e-13,2.443239564359245692e-13,2.604379321107297599e-13,2.310571748873055393e-13,2.365345834792388483e-13,2.021471186019949063e-13,2.041706557154483652e-13,2.673839109010980991e-13,3.743123779231787419e-13,6.447349766795913086e-13,1.703847039224195950e-13,1.822166715772466878e-13,2.005167977782229735e-13,2.126806026511217408e-13,2.341002095891402199e-13,2.325356858306502372e-13,2.066798855886505804e-13,1.898735264221127925e-13,2.011014527001187108e-13,2.320388264837863411e-13,3.431549829341922890e-13,4.288162074565166503e-13,1.665850175088035277e-13,1.649382269312850648e-13,1.784631616311443448e-13,2.015967697296656049e-13,2.288587338520813702e-13,2.091281949819533531e-13,2.156760477522242175e-13,2.203251049559788582e-13,2.309061045153318225e-13,3.423891386980116034e-13,5.235049717874566680e-13,1.351617867533465344e-13,1.545218293684372203e-13,1.961097564543626041e-13,1.988857977535840218e-13,2.308697012717482201e-13,2.068540625536193121e-13,2.494910254646931107e-13,3.093998109174004969e-13,3.295327829267164076e-13,4.313149992403850240e-13,2.337421427111096154e-13,2.817956221534612533e-13,3.059048760599403978e-13,3.169090670442273362e-13,3.590691373921582569e-13,4.018135922730925796e-13,5.590901189077177172e-13,1.023332599809993591e-04,5.044485705520865928e-13,4.485675366089065264e-13
2.195590843440892763e-13,3.063947808501902516e-13,2.476264285663195209e-13,2.471396352874625965e-13,2.693627264899355849e-13,2.457609701857366508e-13,2.341825033935370862e-13,2.691536144258089285e-13,2.064671423813139549e-13,2.050150173945385718e-13,1.774761065622402249e-13,2.309275796238737083e-13,2.220611489500971931e-13,2.517542665574889756e-13,2.433973040765823477e-13,2.768794165245996022e-13,2.456495517328884646e-13,2.130547370154350267e-13,2.244351133731240804e-13,2.169252369484478854e-13,2.372991815669219940e-13,3.389374217065855363e-13,4.394298553256531249e-13,2.005845972004861477e-13,2.177718811300166701e-13,2.356757710088014882e-13,2.460620299856790966e-13,2.623314545649199875e-13,2.327211068405115109e-13,2.381930526288312427e-13,2.037014243197958569e-13,2.057226818102672294e-13,2.695663893204564730e-13,3.769570460404503441e-13,6.479367792070352640e-13,1.717305497377934704e-13,1.836292200622843274e-13,2.021573361606670546e-13,2.147032178923941700e-13,2.364108472125159266e-13,2.343121347678616755e-13,2.082763194524529364e-13,1.913004126334350154e-13,2.026810348226460672e-13,2.341238900362747375e-13,3.465698466556244909e-13,4.327528215446215815e-13,1.679447664510703142e-13,1.662267640178703036e-13,1.799599053403934637e-13,2.032813955996939036e-13,2.307059520692028218e-13,2.107580509997720572e-13,2.174269626929343010e-13,2.220816485940239292e-13,2.327056403206475499e-13,3.451473752042086969e-13,5.282196887254379532e-13,1.362565754859303497e-13,1.558150354732629036e-13,1.979048581370021082e-13,2.005610397673677920e-13,2.328941638897977348e-13,2.085381273759280452e-13,2.515535893793863852e-13,3.124830269746849248e-13,3.321613504456072468e-13,4.345113740171893936e-13,2.357215893680499238e-13,2.850806574419131488e-13,3.093944544400998452e-13,3.202789495803541946e-13,3.639433990321414370e-13,4.052780023249233094e-13,5.624519246903002183e-13,1.400964895692338751e-04,5.110140006533278338e-13,4.537126657637021099e-13
2.211162963363411906e-13,3.084009008275242208e-13,2.492900334600402578e-13,2.488318067806095983e-13,2.711751126496329212e-13,2.474650337765788676e-13,2.358898915742474647e-13,2.711561784271987468e-13,2.080563910290398241e-13,2.065226381158566863e-13,1.787743015013099037e-13,2.324998744520493871e-13,2.236188566501447403e-13,2.534777857631587921e-13,2.450940179621858097e-13,2.788186691447457509e-13,2.475615672372632677e-13,2.146345306776361069e-13,2.260990755848424284e-13,2.184787573873523224e-13,2.389755870778884156e-13,3.413414172035806433e-13,4.425558381816708436e-13,2.020528946047071747e-13,2.194372465843032146e-13,2.373852223364615966e-13,2.478690789226690923e-13,2.643151800386494012e-13,2.344418833678316070e-13,2.399103792046638133e-13,2.052938652001037510e-13,2.073132878356129145e-13,2.718632285334585556e-13,3.798633786024481955e-13,6.520512524944073114e-13,1.730936205844090119e-13,1.850652738849736980e-13,2.038412334204465720e-13,2.167955380770900405e-13,2.388177338951374926e-13,2.361543536493484444e-13,2.099152640446605058e-13,1.927532205289726742e-13,2.043001800828454814e-13,2.362929662427879904e-13,3.502428052915215645e-13,4.371118309000884537e-13,1.693222955487028696e-13,1.675281158518557135e-13,1.814849906662141360e-13,2.050124886801350801e-13,2.326217279623882876e-13,2.124335644669391382e-13,2.192340692460072544e-13,2.238968074337437821e-13,2.345716981496111576e-13,3.481313406673343589e-13,5.335997301485529885e-13,1.373515611155723946e-13,1.571208134689250640e-13,1.997505161681866748e-13,2.022811680431550729e-13,2.349986902444085252e-13,2.102705749446730073e-13,2.537102493265266294e-13,3.157668913342630464e-13,3.349922489834839407e-13,4.380975311939543835e-13,2.377799528376400561e-13,2.885419826961229821e-13,3.130953846038618621e-13,3.238698381151673345e-13,3.691458094540207916e-13,4.090943622669244148e-13,5.664959963803070892e-13,1.596906493486581068e-04,5.182529558712664184e-13,4.593604032729436598e-13
2.227171807493795018e-13,3.105358247303569127e-13,2.510164158166216855e-13,2.505890572707446180e-13,2.730742761474685512e-13,2.492346431425192388e-13,2.376582094083225907e-13,2.732610044534545501e-13,2.096878419469032345e-13,2.080660730897112916e-13,1.800878643076108436e-13,2.341206978915418785e-13,2.252209907934695791e-13,2.552713295258968498e-13,2.468547283374720298e-13,2.808602149709773097e-13,2.495551163309791714e-13,2.162578610632919937e-13,2.278167933393497590e-13,2.200749217882684206e-13,2.407117241966528089e-13,3.439383775426741580e-13,4.460702422619067995e-13,2.035529198162060673e-13,2.211540151471964842e-13,2.391564118497127610e-13,2.497502217030127200e-13,2.663953987796334681e-13,2.362240052180122825e-13,2.416911231725869728e-13,2.069279521854473633e-13,2.089460125027743202e-13,2.742822667486540932e-13,3.830464755772473173e-13,6.571177254782754166e-13,1.744761972339404517e-13,1.865275028652439684e-13,2.055722566626167044e-13,2.189627037020396134e-13,2.413276294358436651e-13,2.380673891765158935e-13,2.116004755238370621e-13,1.942347803217448281e-13,2.059624702970402701e-13,2.385521464477601591e-13,3.541911136594692876e-13,4.419203752199153499e-13,1.707198613465832969e-13,1.688443134318585227e-13,1.830412610328597948e-13,2.067939744310290288e-13,2.346112868190367712e-13,2.141586665446139115e-13,2.211018808422189538e-13,2.257752397313196524e-13,2.365093778504411785e-13,3.513551499572574781e-13,5.396875099163537355e-13,1.384479126132616320e-13,1.584410505631961787e-13,2.016507647480920110e-13,2.040500133489907673e-13,2.371891514187618054e-13,2.120554684103335252e-13,2.559676979521944907e-13,3.192648918303805645e-13,3.380382114971907474e-13,4.420959520094967505e-13,2.399230825353688110e-13,2.921916779200113251e-13,3.170222238887226998e-13,3.276967770625098941e-13,3.747003500542467801e-13,4.132847340659095436e-13,5.712561031957499973e-13,1.594559896913614672e-04,5.262173451102504888e-13,4.655471933606357925e-13
2.243767478441880350e-13,3.128290642942042814e-13,2.528245253337353825e-13,2.524304102761744021e-13,2.750829236472193623e-13,2.510887116644913966e-13,2.395048504916497332e-13,2.754916508372019115e-13,2.113750656178313703e-13,2.096584649605501690e-13,1.814264176909851763e-13,2.358064780807186433e-13,2.268828580957499086e-13,2.571546855993056099e-13,2.486979870798819038e-13,2.830285087879585470e-13,2.516499051193416331e-13,2.179390354645024113e-13,2.296042512523302235e-13,2.217284013229683476e-13,2.425252682276674244e-13,3.467660388605556787e-13,4.500384534721781484e-13,2.050972036219706629e-13,2.229373433534013675e-13,2.410069320347601872e-13,2.517248315459669031e-13,2.685945442800533048e-13,2.380847247969683900e-13,2.435532414337676245e-13,2.086169260011088827e-13,2.106343294432672576e-13,2.768482261380035848e-13,3.865549844625235781e-13,6.632796521210193045e-13,1.758875087236056143e-13,1.880265114090917149e-13,2.073636891731348980e-13,2.212204621277008746e-13,2.439601498775100087e-13,2.400691214998087707e-13,2.133458679604200907e-13,1.957565551182781806e-13,2.076810962113262027e-13,2.409201749066540486e-13,3.584600938362108828e-13,4.472500109683484185e-13,1.721463389005166756e-13,1.701839187345170492e-13,1.846391099548171574e-13,2.086393785792160139e-13,2.366922327747706895e-13,2.159476745161910005e-13,2.230459100126053011e-13,2.277330942284462834e-13,2.385364128909238817e-13,3.548607912123292507e-13,5.465929723278666385e-13,1.395512274200857578e-13,1.597833380026389041e-13,2.036186790776635066e-13,2.058807544122851444e-13,2.394839561566713352e-13,2.139069940556266015e-13,2.583473118896680044e-13,3.230131971382908030e-13,3.413377555365530410e-13,4.465739316642529313e-13,2.421697123122015290e-13,2.960606486581779675e-13,3.212118009526344175e-13,3.317986795736228721e-13,3.806624781470586536e-13,4.179099264374118449e-13,5.768430095992043306e-13,1.376109717722837143e-04,5.350234203547776753e-13,4.723588759537828424e-13
2.261287105750970273e-13,3.153467173700343229e-13,2.547571435064904112e-13,2.543986118249913510e-13,2.772519576219036568e-13,2.530695962272296526e-13,2.414684724019025456e-13,2.778997910327229357e-13,2.131481500253016070e-13,2.113292602920219447e-13,1.828118400754150798e-13,2.375943577654226409e-13,2.286389045119615576e-13,2.591722575861829362e-13,2.506653414986548116e-13,2.853777844004210364e-13,2.538890350880339184e-13,2.197099618173115012e-13,2.314969607449875314e-13,2.234721265995803720e-13,2.444557418287988286e-13,3.499069906644415811e-13,4.546023077178469615e-13,2.067138879081621932e-13,2.248207661173035118e-13,2.429759143340249186e-13,2.538357607763523358e-13,2.709617496866379821e-13,2.400622896714264509e-13,2.455366945651433693e-13,2.103901090567301805e-13,2.124081154528607291e-13,2.796141017814931913e-13,3.904934060828845075e-13,6.708519704907549890e-13,1.773482369997084418e-13,1.895859882128328984e-13,2.092446525711231992e-13,2.236025107941405343e-13,2.467567710524212917e-13,2.421987093328687996e-13,2.151821647107346325e-13,1.973442075932838099e-13,2.094851677695134839e-13,2.434371231124739854e-13,3.631430350017705024e-13,4.532479951902645929e-13,1.736215584069979596e-13,1.715662383076652227e-13,1.863014930189855736e-13,2.105782451884465807e-13,2.389028066201176092e-13,2.178321166897510863e-13,2.250999923009105470e-13,2.298056338449539437e-13,2.406915261866309068e-13,3.587370935849660402e-13,5.545412167726363321e-13,1.406743662259221189e-13,1.611647086901587575e-13,2.056825441491534624e-13,2.078021603274771876e-13,2.419225936281394189e-13,2.158561913373373820e-13,2.608950533310100797e-13,3.270866956742934048e-13,3.449726645223724008e-13,4.516739332982808295e-13,2.445601444150198932e-13,3.002123244902957083e-13,3.257393725704096144e-13,3.362554488617516374e-13,3.871426670757557743e-13,4.230963937048849543e-13,5.834954080825702415e-13,9.224382924253640410e-05,5.448994808896010159e-13,4.799668586157644473e-13
2.286032022755256850e-13,3.193189449388321075e-13,2.576151080914200317e-13,2.572925832494264869e-13,2.805301617047368361e-13,2.559674966124396639e-13,2.442686304654813343e-13,2.814400829768610075e-13,2.155672513778297452e-13,2.136288820848733619e-13,1.846556590041554648e-13,2.401800899960917573e-13,2.311335296697864134e-13,2.621530925886101648e-13,2.535322060091659329e-13,2.889143539142331128e-13,2.570690479102773123e-13,2.221660337239566384e-13,2.341562395895657980e-13,2.259219071242386272e-13,2.472403672113835523e-13,3.548789904944568451e-13,4.623378973656105195e-13,2.089293546293962977e-13,2.274280557782011596e-13,2.457920287415922277e-13,2.568786961759945847e-13,2.744045798538602285e-13,2.428679967372816062e-13,2.483855235749198278e-13,2.127935705183738001e-13,2.148239442459373299e-13,2.835481775009952184e-13,3.967574741092910421e-13,6.854936814777776363e-13,1.792457498178381470e-13,1.916489583897844729e-13,2.117556258731535553e-13,2.267273877555296325e-13,2.504720246103811695e-13,2.451807951498483177e-13,2.176807499970797921e-13,1.994777660933325546e-13,2.119161725190627786e-13,2.468364355303300358e-13,3.698864042626233501e-13,4.624899804985259728e-13,1.755170075667670590e-13,1.733538129575629965e-13,1.884565046770332556e-13,2.131581182708000913e-13,2.419483713215101101e-13,2.203976691070405330e-13,2.278900095505099714e-13,2.326451891283497391e-13,2.436904949833677199e-13,3.645845007701110271e-13,5.674079027620698653e-13,1.420608247628434957e-13,1.629049950280912820e-13,2.083650170529210374e-13,2.103472392107959334e-13,2.452291455412635208e-13,2.184783836573481883e-13,2.644532474382131682e-13,3.328177249844427935e-13,3.504214502174451684e-13,4.599440864939057280e-13,2.478349340426631103e-13,3.057707483581238782e-13,3.319300077164736758e-13,3.424783632529195790e-13,3.960247128196346823e-13,4.310817779545151005e-13,5.954851978830844412e-13,2.130956009413029098e-05,5.596053963797608926e-13,4.912808564676840008e-13
2.294425927464759946e-13,3.201498099568516818e-13,2.584043229374799334e-13,2.581250660854989905e-13,2.813704087347823762e-13,2.568271562476820378e-13,2.452130158104346136e-13,2.825412009056121291e-13,2.165350601116579323e-13,2.144972405271292130e-13,1.854176043392627299e-13,2.409616039675038826e-13,2.319561312652141268e-13,2.629971268541818346e-13,2.543984992361909431e-13,2.898753299541378665e-13,2.582086182837037663e-13,2.230789326665939374e-13,2.351072533714801573e-13,2.267737100912585123e-13,2.481213996591502496e-13,3.560105083849813369e-13,4.636328164753513877e-13,2.097734757889665348e-13,2.284242196595922797e-13,2.467290495094006698e-13,2.578766539543641739e-13,2.755273396026008430e-13,2.438401494362368153e-13,2.493161206503266649e-13,2.137825943539795827e-13,2.157979841066013957e-13,2.850257736364913441e-13,3.982645623885690878e-13,6.861591811799276526e-13,1.801289240601052715e-13,1.925562819858710744e-13,2.128717786212605030e-13,2.282756405649713661e-13,2.522772604121685138e-13,2.463026765706590693e-13,2.187020944567564279e-13,2.003600674809559083e-13,2.129461822350487526e-13,2.483697404944506970e-13,3.725351371999866466e-13,4.653656492165739080e-13,1.764406569139002675e-13,1.741887631587122152e-13,1.894996862104599296e-13,2.143273703385913315e-13,2.431873448994011645e-13,2.214511671690378253e-13,2.290716438155398182e-13,2.338087937205006923e-13,2.448534187841158145e-13,3.664195422074130767e-13,5.707620454289319344e-13,1.427982246200635275e-13,1.638052380106927103e-13,2.097061606486693482e-13,2.115185864267249600e-13,2.466906400497797917e-13,2.196184092519760870e-13,2.658677501158798761e-13,3.352208361425997836e-13,3.521552155621245301e-13,4.618740389060784388e-13,2.492207642698123522e-13,3.085264061218013883e-13,3.348254507551956002e-13,3.451882333678182995e-13,4.002717793795134932e-13,4.335109261874520667e-13,5.969032039114259552e-13,6.681835813956876678e-11,5.651562499657994776e-13,4.954608690818612750e-13
2.305117163053811712e-13,3.214742755604898751e-13,2.594941102105652950e-13,2.592593110448869701e-13,2.825782951078244659e-13,2.579859383723833994e-13,2.464297429316201414e-13,2.840233677255391957e-13,2.177085499288275901e-13,2.155633706395455443e-13,1.863166182014611390e-13,2.419980764335182170e-13,2.330137776213945238e-13,2.641566242606479828e-13,2.555579628369874531e-13,2.912348213371708600e-13,2.596611560762627760e-13,2.242102486708557115e-13,2.363060468817705923e-13,2.278499526986994221e-13,2.492796893401688365e-13,3.577793919735015686e-13,4.660677751594408606e-13,2.108043488683255983e-13,2.296539857075947460e-13,2.479420738065539076e-13,2.591820017116697920e-13,2.770111458116288321e-13,2.450822190230510583e-13,2.505290293842284850e-13,2.149723629247564292e-13,2.169765894550884312e-13,2.869024475914634349e-13,4.005967288286582315e-13,6.894374216450980782e-13,1.811444270484323139e-13,1.936191083922837119e-13,2.141906660310630835e-13,2.300708916892010354e-13,2.543938009699749498e-13,2.477057521825495010e-13,2.199359151077935432e-13,2.014118858033971552e-13,2.141764891347199205e-13,2.501997049988670246e-13,3.759150059237087753e-13,4.694126956763136699e-13,1.774919126153631979e-13,1.751445902763608639e-13,1.906970162557564980e-13,2.157039476519543675e-13,2.447029720705225518e-13,2.227242719369923264e-13,2.304940969212334615e-13,2.352239291653379752e-13,2.462950975345714926e-13,3.689508133314853673e-13,5.759121652856451701e-13,1.436080706221548177e-13,1.648121300305610917e-13,2.112487279334292377e-13,2.128911416412706137e-13,2.484430025271323078e-13,2.209765476460864774e-13,2.676237457791713463e-13,3.382061604711394531e-13,3.545264579118061323e-13,4.649474072682523367e-13,2.509026591793799555e-13,3.117712513437838927e-13,3.383041871715392978e-13,3.485202281176295337e-13,4.053637228228476334e-13,4.369459090154270843e-13,6.002791742873066280e-13,3.897926938352964718e-11,5.724390098688174008e-13,5.009745706245920521e-13
2.315196075449473937e-13,3.227218859185647032e-13,2.605138577280498508e-13,2.603255687244640591e-13,2.837146733190180211e-13,2.590783813971850540e-13,2.475862052289075212e-13,2.854448649839620107e-13,2.188291905131072875e-13,2.165732592613318517e-13,1.871631483315092366e-13,2.429679680341139160e-13,2.340087889204030402e-13,2.652479689769461134e-13,2.566519449634996396e-13,2.925269894843158614e-13,2.610583103427508637e-13,2.252850105239677943e-13,2.374470241451987668e-13,2.288661816931361941e-13,2.503744194124511061e-13,3.594823196057130169e-13,4.684483783229650213e-13,2.117791818786034102e-13,2.308291802110892910e-13,2.490942188454617254e-13,2.604267566471168484e-13,2.784361293212294435e-13,2.462654310918403889e-13,2.516802591640348571e-13,2.161107564601957696e-13,2.181027788589345150e-13,2.887301910027534853e-13,4.028760792658416582e-13,6.927061736665028586e-13,1.821138488630791428e-13,1.946331607371651828e-13,2.154626423221579086e-13,2.318268601697543017e-13,2.564722395471432698e-13,2.490550182983883684e-13,2.211183297381927480e-13,2.024118113322027075e-13,2.153570651716172026e-13,2.519869859957182342e-13,3.792642312165213597e-13,4.734405761536511691e-13,1.784995884169538024e-13,1.760543783268953248e-13,1.918509512105969801e-13,2.170348748008711331e-13,2.461691477225644375e-13,2.239464510690425292e-13,2.318681142929616592e-13,2.365891007576225082e-13,2.476846217662887100e-13,3.714375836415313167e-13,5.810707491574960440e-13,1.443785966645652669e-13,1.657784457889031098e-13,2.127510415548301441e-13,2.142187204853030872e-13,2.501512933844284159e-13,2.222869910270829179e-13,2.693315909076482149e-13,3.411570911185501252e-13,3.568508726654940998e-13,4.679846809645862041e-13,2.525378084667400363e-13,3.149839816231016862e-13,3.417522755337188360e-13,3.518208416914361322e-13,4.104286682418030699e-13,4.403517618627765324e-13,6.036346176000004043e-13,2.447976878029190302e-11,5.797261431103850046e-13,5.064776005451402022e-13
2.324504897805371132e-13,3.238586715537626482e-13,2.614428671195223880e-13,2.613030762499905347e-13,2.847542545305530364e-13,2.600839363736591888e-13,2.486637348531064637e-13,2.867795257692467124e-13,2.198828288359011368e-13,2.175133460328687063e-13,1.879478054520081676e-13,2.438537372540391299e-13,2.349250167382016748e-13,2.662495101072933643e-13,2.576603431763247302e-13,2.937244995535626436e-13,2.623785326206500881e-13,2.262882493132301032e-13,2.385132012046708161e-13,2.298070197680338616e-13,2.513865769055808280e-13,3.610755390326527466e-13,4.706962849751599034e-13,2.126851517340993387e-13,2.319337615048176654e-13,2.501665731207837560e-13,2.615898441218988785e-13,2.797774815895013033e-13,2.473712785063228063e-13,2.527504607159781864e-13,2.171839620057559034e-13,2.191624933885956551e-13,2.904811353035931765e-13,4.050456677881083996e-13,6.957856577340968432e-13,1.830280539609264578e-13,1.955877409917679516e-13,2.166736066243783772e-13,2.335255588756964115e-13,2.584896341056015857e-13,2.503310995150068347e-13,2.222347046485428354e-13,2.033482153239640312e-13,2.164740865237517095e-13,2.537104080316413887e-13,3.825291790968574672e-13,4.773649644943760117e-13,1.794548303394193159e-13,1.769098108936061559e-13,1.929507149143527071e-13,2.183056597743179311e-13,2.475666448751782903e-13,2.251025581710780825e-13,2.331769577330230416e-13,2.378868803214464709e-13,2.490027341136475927e-13,3.738311274250302927e-13,5.861085195589252522e-13,1.451047726304956844e-13,1.666967261255599816e-13,2.141986126572451390e-13,2.154872160870856194e-13,2.517948959664586011e-13,2.235345793480904129e-13,2.709674047832224995e-13,3.440308261702911026e-13,3.590839471251874780e-13,4.709063432661172843e-13,2.541054919802067286e-13,3.181262897824060378e-13,3.451247025948566298e-13,3.550433995089075692e-13,4.153965041958078484e-13,4.436570694687588367e-13,6.068345389801786615e-13,1.716994298229960470e-11,5.868792179667146604e-13,5.118688813886653180e-13
2.333097422624376411e-13,3.248908977751955127e-13,2.622870792836618488e-13,2.621976233323639758e-13,2.857030815008657912e-13,2.610083352252518666e-13,2.496676265724028206e-13,2.880325828504018379e-13,2.208741682641697553e-13,2.183886363267940079e-13,1.886753005512796011e-13,2.446611236472161163e-13,2.357679418688650072e-13,2.671670937620556122e-13,2.585888304568036098e-13,2.948331052622076532e-13,2.636266303404168025e-13,2.272249857524435972e-13,2.395096860147365021e-13,2.306777586644397385e-13,2.523217038784415331e-13,3.625644607863299383e-13,4.728152657756017935e-13,2.135272553750945713e-13,2.329725612716677196e-13,2.511644784932290344e-13,2.626765614365247061e-13,2.810402879076929552e-13,2.484049418203252164e-13,2.537450349884952482e-13,2.181965453456950591e-13,2.201603953153683931e-13,2.921591456348715309e-13,4.071094225419192545e-13,6.986735947966639259e-13,1.838911900112417978e-13,1.964872254552568209e-13,2.178276252788850078e-13,2.351696056722689404e-13,2.604479558350639071e-13,2.515386868702643363e-13,2.232895900701742755e-13,2.042257493619672798e-13,2.175319494644834510e-13,2.553730662782202524e-13,3.857091141104405518e-13,4.811833339272030508e-13,1.803615304845506955e-13,1.777150493134374098e-13,1.940000883647743471e-13,2.195201942217827132e-13,2.488996608621953994e-13,2.261970812905065225e-13,2.344247831915708729e-13,2.391215845161103287e-13,2.502539497669858136e-13,3.761342822350143690e-13,5.910181924965228996e-13,1.457901705117709349e-13,1.675705865593855794e-13,2.155945184334421363e-13,2.167004498711734180e-13,2.533771763595628817e-13,2.247234339134226554e-13,2.725350574628597746e-13,3.468276549235469300e-13,3.612289284472722262e-13,4.737139617670637272e-13,2.556093074935095023e-13,3.211963881649173207e-13,3.484192707328436388e-13,3.581867653706324321e-13,4.202573398750816596e-13,4.468617688048091848e-13,6.098784770118520357e-13,1.286184449707371593e-11,5.938782331273985610e-13,5.171378542568935013e-13
2.341070938404363648e-13,3.258320829421609414e-13,2.630576671023082812e-13,2.630201970854997314e-13,2.865731387385053137e-13,2.618624575563482682e-13,2.506079442520991406e-13,2.892151450344742444e-13,2.218118515701609622e-13,2.192080522929320535e-13,1.893535294769718953e-13,2.454005765405504555e-13,2.365474660303333311e-13,2.680119182003795623e-13,2.594481563080541204e-13,2.958647282713811977e-13,2.648125091026413868e-13,2.281043793392965049e-13,2.404460559226854754e-13,2.314879560178260811e-13,2.531902230856922017e-13,3.639629381117288159e-13,4.748219587033998332e-13,2.143142809890931491e-13,2.339546739799939138e-13,2.520980932960099345e-13,2.636973382631321299e-13,2.822352770784042950e-13,2.493763200111123615e-13,2.546742799104189763e-13,2.191569300596867883e-13,2.211050640993420329e-13,2.937739454442661505e-13,4.090812605530729404e-13,7.013927692085871202e-13,1.847104185717603161e-13,1.973393100203226026e-13,2.189325652790788879e-13,2.367657634742870784e-13,2.623539722672281636e-13,2.526872164120446974e-13,2.242915196792723048e-13,2.050525952518917065e-13,2.185388740441582212e-13,2.569827759650047031e-13,3.888120686438389808e-13,4.849057802427807694e-13,1.812264936180786487e-13,1.784771361940593520e-13,1.950060604467750937e-13,2.206861980212633805e-13,2.501770174283832288e-13,2.272385593272943630e-13,2.356199789421422096e-13,2.403019009142676073e-13,2.514474751989258911e-13,3.783585399171598616e-13,5.958102598788627631e-13,1.464405469393116192e-13,1.684062599356285747e-13,2.169455091941492903e-13,2.178659956598118742e-13,2.549061835566971295e-13,2.258616547793229094e-13,2.740436863182654822e-13,3.495552862720872188e-13,3.632972007791163664e-13,4.764217239531927260e-13,2.570577088404915873e-13,3.241989413082001599e-13,3.516411287735661953e-13,3.612575395174080997e-13,4.250109810928106263e-13,4.499770758510811996e-13,6.127855268079224780e-13,1.006168023882162432e-11,6.007204834207694799e-13,5.222885490857131492e-13
2.348555184937780880e-13,3.267006352274401902e-13,2.637695756987704685e-13,2.637855294748801748e-13,2.873805742589017696e-13,2.626609025658776349e-13,2.514982427928040886e-13,2.903424361169838499e-13,2.227075178465535255e-13,2.199835000988743755e-13,1.899929168571239412e-13,2.460860073944856933e-13,2.372767877862409821e-13,2.687990137006773586e-13,2.602527427610837626e-13,2.968355724405687332e-13,2.659497516544573018e-13,2.289387079829004615e-13,2.413352030456328858e-13,2.322503659979353222e-13,2.540061154740174495e-13,3.652903026628750579e-13,4.767406288860583726e-13,2.150579280694181581e-13,2.348923856841682995e-13,2.529810947122198910e-13,2.646663036405606213e-13,2.833771631869560584e-13,2.502987727984728891e-13,2.555520592976171466e-13,2.200764873886387897e-13,2.220080629731075997e-13,2.953393610135167233e-13,4.109813357478471810e-13,7.039789424676087206e-13,1.854953191378466230e-13,1.981543044398442549e-13,2.199992074536532263e-13,2.383239261978463663e-13,2.642179681937869719e-13,2.537895982617147216e-13,2.252520509739014167e-13,2.058396807666460938e-13,2.195060072950797541e-13,2.585508174392141917e-13,3.918517228842335292e-13,4.885499113931296732e-13,1.820588787468372587e-13,1.792054463804432296e-13,1.959781654392290783e-13,2.218143221721020430e-13,2.514109407859392103e-13,2.282385955930271085e-13,2.367741069855850589e-13,2.414397725742400447e-13,2.525959596784138715e-13,3.805209643118868559e-13,6.005050442426765271e-13,1.470635247079612156e-13,1.692121385044063458e-13,2.182611767533407693e-13,2.189943121076862940e-13,2.563934086031499451e-13,2.269603638971450934e-13,2.755062023956008133e-13,3.522263840369489315e-13,3.653054569799733477e-13,4.790513072284078585e-13,2.584626327111856690e-13,3.271430791104607112e-13,3.548003609277904416e-13,3.642674551934265804e-13,4.296634024708256004e-13,4.530210696042126501e-13,6.155853931559055675e-13,8.121173876044490041e-12,6.074129619432919254e-13,5.273329916282234134e-13
2.355712894688953514e-13,3.275196638565370356e-13,2.644415028988892823e-13,2.645120864334217306e-13,2.881456344582784107e-13,2.634219829347393473e-13,2.523556069415852277e-13,2.914337641736447239e-13,2.235758976940011946e-13,2.207299576540734410e-13,1.906065328559686850e-13,2.467348144570633367e-13,2.379724443677222063e-13,2.695472254521145985e-13,2.610206909197076576e-13,2.977660536810147085e-13,2.670556525188111994e-13,2.297434460680754766e-13,2.421933943928885093e-13,2.329810025490966590e-13,2.547869441049663245e-13,3.665710977665824082e-13,4.786024306339382458e-13,2.157728940593435900e-13,2.358012531505582667e-13,2.538307126513885391e-13,2.656013030092830103e-13,2.844846357044258235e-13,2.511891660061538463e-13,2.563958307509962422e-13,2.209696406692373113e-13,2.228840379891657192e-13,2.968733287115582242e-13,4.128356462352574815e-13,7.064784694063336457e-13,1.862580271103854595e-13,1.989452583592224756e-13,2.210413677812897315e-13,2.398572611426113417e-13,2.660538668862050388e-13,2.548622754586091336e-13,2.261858652299612838e-13,2.066007913476269826e-13,2.204475340402756148e-13,2.600920375538341101e-13,3.948472422123107252e-13,4.921402682934830537e-13,1.828703474792646318e-13,1.799118262224594818e-13,1.969286297317251999e-13,2.229182739899727257e-13,2.526171413698430759e-13,2.292119571856673978e-13,2.379020037166270706e-13,2.425504875537165457e-13,2.537155621413119050e-13,3.826439699067920354e-13,6.051315123661392478e-13,1.476687455973223052e-13,1.699989305137142094e-13,2.195541057824688300e-13,2.200988719370471250e-13,2.578538820307092339e-13,2.280338179621732441e-13,2.769393392764921914e-13,3.548585160650760559e-13,3.672755193320205805e-13,4.816312274741635915e-13,2.598396685158988415e-13,3.300424643448925484e-13,3.579119873350206574e-13,3.672333211285484998e-13,4.342266248825580529e-13,4.560182385177295245e-13,6.183168152708699789e-13,6.713259524730263734e-12,6.139714166898649510e-13,5.322912797033124867e-13
2.362745226082439618e-13,3.283176666885080159e-13,2.650964899499616967e-13,2.652226574234898667e-13,2.888932838564110416e-13,2.641683247054097189e-13,2.532012366391239741e-13,2.925131887120830945e-13,2.244353551725961880e-13,2.214659934095030704e-13,1.912105483002188292e-13,2.473684293122616496e-13,2.386548654797686925e-13,2.702798161318534361e-13,2.617743730022506829e-13,2.986814589434781204e-13,2.681518597107454480e-13,2.305378135534923557e-13,2.430408458605230852e-13,2.336996811965516536e-13,2.555544310279133045e-13,3.678358639292859160e-13,4.804463694041598755e-13,2.164773947600459036e-13,2.367006746267282631e-13,2.546683205687983121e-13,2.665245171422419435e-13,2.855810254537835564e-13,2.520684602542180426e-13,2.572272358957511840e-13,2.218544087777284727e-13,2.237512632279161648e-13,2.983986322572533873e-13,4.146769563464805069e-13,7.089494009027232256e-13,1.870137002670336756e-13,1.997284567257796224e-13,2.220764600761279350e-13,2.413828578223553957e-13,2.678799538140024124e-13,2.559258442561738745e-13,2.271113258432470067e-13,2.073530750141037505e-13,2.213812266525633918e-13,2.616255331490746245e-13,3.978242864287329152e-13,4.957095024084460410e-13,1.836755294934754323e-13,1.806110452514939379e-13,1.978728821391703791e-13,2.240153896550254697e-13,2.538154451962031406e-13,2.301771419354956205e-13,2.390223795062272217e-13,2.436532839748324505e-13,2.548265760519775237e-13,3.847562314285871167e-13,6.097286254139385480e-13,1.482682522983095512e-13,1.707801017054225254e-13,2.208404552613719041e-13,2.211967241134486143e-13,2.593068432030244252e-13,2.290999861118373464e-13,2.783643502227043690e-13,3.574750952789044244e-13,3.692352234587894692e-13,4.841978783738971354e-13,2.612085491319472804e-13,3.329162189268072280e-13,3.609969379595214745e-13,3.701780030351651787e-13,4.387199462535244658e-13,4.590005413033953087e-13,6.210286944695829977e-13,5.655625196061978351e-12,6.204219428145273968e-13,5.371917735473519683e-13
2.369900377258318227e-13,3.291297128722022635e-13,2.657628668316757788e-13,2.659453108759756773e-13,2.896542614633069375e-13,2.649278283470293536e-13,2.540613906336378627e-13,2.936106386078181572e-13,2.253087378335077265e-13,2.222145983486170584e-13,1.918249381270823784e-13,2.480132218464370378e-13,2.393492411485031932e-13,2.710254344891147729e-13,2.625413779141623429e-13,2.996130528540925112e-13,2.692653936326466681e-13,2.313456230671690251e-13,2.439026218860500098e-13,2.344308731493981939e-13,2.563354039993522917e-13,3.691225258157012499e-13,4.823211408386243013e-13,2.171939605183099889e-13,2.376147736598843707e-13,2.555203713158190582e-13,2.674634507254476215e-13,2.866953856944656041e-13,2.529626528562498887e-13,2.580730539988415714e-13,2.227532416782640461e-13,2.246324788172380306e-13,2.999440761839046367e-13,4.165463928136941663e-13,7.114640919779687180e-13,1.877812303638390848e-13,2.005241653311985320e-13,2.231263484274751221e-13,2.429227055847174610e-13,2.697199820668884896e-13,2.570060245153243243e-13,2.280513335867365445e-13,2.081178087624123470e-13,2.223292823853285258e-13,2.631756971635609624e-13,4.008167384301032443e-13,4.993004878330310548e-13,1.844927279758251802e-13,1.813214680715229937e-13,1.988303147360449419e-13,2.251275028908125100e-13,2.550307778614172819e-13,2.311572515082891507e-13,2.401587402775066335e-13,2.447722850819940383e-13,2.559544004741603344e-13,3.868942392308388821e-13,6.143479696841934099e-13,1.488770452876622952e-13,1.715725340580155378e-13,2.221408552140297820e-13,2.223093670671696335e-13,2.607767727410418243e-13,2.301814303498610405e-13,2.798080989213244825e-13,3.601068807966850157e-13,3.712198794814852650e-13,4.867975047826994101e-13,2.625941551177349130e-13,3.357903946251956108e-13,3.640836728911534150e-13,3.731320301808216082e-13,4.431720188732723002e-13,4.620093739510558297e-13,6.237824588373369434e-13,4.839186275814678364e-12,6.268039256638556170e-13,5.420735810665082563e-13
2.377484433829765513e-13,3.299989543406963087e-13,2.664754727318494594e-13,2.667146344070037017e-13,2.904663772936312834e-13,2.657348761052331615e-13,2.549685655859564622e-13,2.947632757760671923e-13,2.262244397244057531e-13,2.230042140946820091e-13,1.924743712753470534e-13,2.487016116484858809e-13,2.400866183798971663e-13,2.718193551066782466e-13,2.633557193467877425e-13,3.005994465890595912e-13,2.704299331455234007e-13,2.321963704117592855e-13,2.448097819120818639e-13,2.352047899758133539e-13,2.571629668606806907e-13,3.704780907158499788e-13,4.842874053800290138e-13,2.179504365082752158e-13,2.385735299215762909e-13,2.564195887586368852e-13,2.684521850223579703e-13,2.878638451315179868e-13,2.539039598532387546e-13,2.589663957722657509e-13,2.236940861633914082e-13,2.255559628453561775e-13,3.015459611329824115e-13,4.184954394166950896e-13,7.141126673903713447e-13,1.885841408017515508e-13,2.013575928141641720e-13,2.242184397721612751e-13,2.445049351410849023e-13,2.716045633688025620e-13,2.581348935134308174e-13,2.290344227812911813e-13,2.089213868858101916e-13,2.233193973590873160e-13,2.647735468886557699e-13,4.038687382354548987e-13,5.029689345130282091e-13,1.853448109197365147e-13,1.820659241491759978e-13,1.998252613676176702e-13,2.262820532435816671e-13,2.562944080583103520e-13,2.321811042270134480e-13,2.413405604954976050e-13,2.459376885130041705e-13,2.571307781296279309e-13,3.891041911444027048e-13,6.190569733553349839e-13,1.495138096300411428e-13,1.723973609897023403e-13,2.234815170616957347e-13,2.234638347802787477e-13,2.622946968807705454e-13,2.313064311686567132e-13,2.813044404599512767e-13,3.627938471802072412e-13,3.732741016762888095e-13,4.894885518559284781e-13,2.640278485463314593e-13,3.386997544333678111e-13,3.672100780273716367e-13,3.761355471652745648e-13,4.476232474154858114e-13,4.650978232812633467e-13,6.266551497498345161e-13,4.195065228697742389e-12,6.331734810203297560e-13,5.469900481697981736e-13
2.385877731169237638e-13,3.309787119888390686e-13,2.672773268544102102e-13,2.675733938500326923e-13,2.913765267123272089e-13,2.666320484616141192e-13,2.559632858580165264e-13,2.960176092348220860e-13,2.272180004751106241e-13,2.238703077822590970e-13,1.931895393056395974e-13,2.494737939531537360e-13,2.409054341913327039e-13,2.727053411765634594e-13,2.642596479411435444e-13,3.016887097236734526e-13,2.716877448690208142e-13,2.331268452942753529e-13,2.458010893973494120e-13,2.360590077978545902e-13,2.580782982361664645e-13,3.719612155045851991e-13,4.864211330947548448e-13,2.187814151422402613e-13,2.396144541619456911e-13,2.574067522767418869e-13,2.695332602225724796e-13,2.891316599377165209e-13,2.549326013660983657e-13,2.599485152917974416e-13,2.247119617581604359e-13,2.265571148365587909e-13,3.032502973187979638e-13,4.205890042450983317e-13,7.170078354879061366e-13,1.894519301003092898e-13,2.022602960007006455e-13,2.253872858188658315e-13,2.461656362123991234e-13,2.735732203368143901e-13,2.593527222080534458e-13,2.300963767512095412e-13,2.097967706606508265e-13,2.243863452381028958e-13,2.664586815250540161e-13,4.070378608053789780e-13,5.067870872745662617e-13,1.862605288730021592e-13,1.828729712195629704e-13,2.008884214271240702e-13,2.275137142001754688e-13,2.576457984774438427e-13,2.332848813090026378e-13,2.426050161370677775e-13,2.471875273710712862e-13,2.583956312221831155e-13,3.914449202901864789e-13,6.239435882186171113e-13,1.502018815831283939e-13,1.732812050024120450e-13,2.248958973378605997e-13,2.246943290862221402e-13,2.639001192462570567e-13,2.325106431321800464e-13,2.828962765203807927e-13,3.655879879909727998e-13,3.754545846626006637e-13,4.923453155898436519e-13,2.655494439112760830e-13,3.416903707176404754e-13,3.704263904294573147e-13,3.792411575916949999e-13,4.521294545320536094e-13,4.683342895238196845e-13,6.297436423979268242e-13,3.677876113872393058e-12,6.396086059364272006e-13,5.520133671369088608e-13
2.395557555111112394e-13,3.321341065620315374e-13,2.682218112068922151e-13,2.685745510951182029e-13,2.924429199722221434e-13,2.676725416229206692e-13,2.570965071696156102e-13,2.974316533971181079e-13,2.283342908803791403e-13,2.248574736808412676e-13,1.940089377096411016e-13,2.503800692021873178e-13,2.418536748147134869e-13,2.737376919027405836e-13,2.653058221220155167e-13,3.029403258144095027e-13,2.730920024161274658e-13,2.341833095320190243e-13,2.469253177235641418e-13,2.370406545231850869e-13,2.591330438273872978e-13,3.736437013531650201e-13,4.888137295110253749e-13,2.197302899630127477e-13,2.407848505390080150e-13,2.585330008300052901e-13,2.707599142841477003e-13,2.905553583268641915e-13,2.560992019839842496e-13,2.610711802688073770e-13,2.258510862280451331e-13,2.276805933553753080e-13,3.051148939668589455e-13,4.229059609040135268e-13,7.202826215110775228e-13,1.904218978214221460e-13,2.032720813420254497e-13,2.266767485949930788e-13,2.479513164476099356e-13,2.756770683276810974e-13,2.607103703165048068e-13,2.312824106293540459e-13,2.107854490017395670e-13,2.255741106842942967e-13,2.682818354398162059e-13,4.103963357375768512e-13,5.108437602302507539e-13,1.872762820988190391e-13,1.837786066653533699e-13,2.020587859705831908e-13,2.288665920171065644e-13,2.591351026902393882e-13,2.345143480924105007e-13,2.439993274914209353e-13,2.485700492945046517e-13,2.597994696311542081e-13,3.939889924649341704e-13,6.291149623442844303e-13,1.509704342239503379e-13,1.742578531179233035e-13,2.264269591496217953e-13,2.260444392274894146e-13,2.656435973540448328e-13,2.338393318407200070e-13,2.846378520714459027e-13,3.685548724074362936e-13,3.778312802987434558e-13,4.954580489902371158e-13,2.672101466290610016e-13,3.448223772765414975e-13,3.737973062303622785e-13,3.825159698598790433e-13,4.567631075956376097e-13,4.718028507927731488e-13,6.331629056138185025e-13,3.256606651192834307e-12,6.462075139092654568e-13,5.572415058468064186e-13
2.407091240038794512e-13,3.335454901557705384e-13,2.693730819969627267e-13,2.697827729741160089e-13,2.937343258643353544e-13,2.689196003427558986e-13,2.584275860288333920e-13,2.990744550583019391e-13,2.296272507970064227e-13,2.260188632031754445e-13,1.949791689150049304e-13,2.514791768196721226e-13,2.429893923954095651e-13,2.749807114871723839e-13,2.665562056900965272e-13,3.044254255848549934e-13,2.747053977359791156e-13,2.354204095126837228e-13,2.482396111624315203e-13,2.382052062055753031e-13,2.603872995362827915e-13,3.756146370744592999e-13,4.915833248703056252e-13,2.208500829890208783e-13,2.421404540308158582e-13,2.598581878267414202e-13,2.721948678719106797e-13,2.922022359247427537e-13,2.574627884352298574e-13,2.623947698118888523e-13,2.271641788248031811e-13,2.289795313643924869e-13,3.072095081896615722e-13,4.255466785590488296e-13,7.241137820694918244e-13,1.915393822842193720e-13,2.044411913697223235e-13,2.281392745483220865e-13,2.499173037279801006e-13,2.779764207984414442e-13,2.622674618482535725e-13,2.326462310586267051e-13,2.119373223062650038e-13,2.269351975804420774e-13,2.703027632279796737e-13,4.140364293816286929e-13,5.152569850036394372e-13,1.884364836233525722e-13,1.848267879648265262e-13,2.033839235141551472e-13,2.303934237380315166e-13,2.608210231835750687e-13,2.359237859613392835e-13,2.455792834957400684e-13,2.501420343796331459e-13,2.614015477854021930e-13,3.968280002787510746e-13,6.347161523187929864e-13,1.518566051982580073e-13,1.753686983706140816e-13,2.281269632943773495e-13,2.275668959653650048e-13,2.675844798690550048e-13,2.353463381501345861e-13,2.865937933688594302e-13,3.717770047748606475e-13,3.804921025515994795e-13,4.989439397791278979e-13,2.690704628994172127e-13,3.481695532457426859e-13,3.774036953383849875e-13,3.860445713286041426e-13,4.616194703442425039e-13,4.756127214764894690e-13,6.370670517369328173e-13,2.909523446840442164e-12,6.531078091359996103e-13,5.627872244689483116e-13
2.421261488810557593e-13,3.353229885166881119e-13,2.708200351217958335e-13,2.712867375362726403e-13,2.953480974856371689e-13,2.704619325158700189e-13,2.600418590035613048e-13,3.010446023943877048e-13,2.311705249147083222e-13,2.274272715028589060e-13,1.961624486913514447e-13,2.528539330820630118e-13,2.443914757953018219e-13,2.765254008578594048e-13,2.680990326266439019e-13,3.062445394926755811e-13,2.766184170494113569e-13,2.369150905931180616e-13,2.498256782515850748e-13,2.396306924747702801e-13,2.619271745829647173e-13,3.779974717021645485e-13,4.948906749265906595e-13,2.222113464650489949e-13,2.437605257201472213e-13,2.614682502614927692e-13,2.739280300042467109e-13,2.941685248826773794e-13,2.591083290345305600e-13,2.640060441469652494e-13,2.287246537439173138e-13,2.305281298364046362e-13,3.096345293911318534e-13,4.286499154310072116e-13,7.287379987744176595e-13,1.928657618238131127e-13,2.058326425683460941e-13,2.298483422132061898e-13,2.521439790325507696e-13,2.805613257447385396e-13,2.641104109314652342e-13,2.342633560741643150e-13,2.133203622992491128e-13,2.285428873679546348e-13,2.726097017902517073e-13,4.180903663593590710e-13,5.201914408461810997e-13,1.898011313744174817e-13,1.860763808998583261e-13,2.049279530265113304e-13,2.321683376598821972e-13,2.627892028407533760e-13,2.375898248551184881e-13,2.474248796340658789e-13,2.519853023061324258e-13,2.632879068697953510e-13,4.000907222044588863e-13,6.409492666933262687e-13,1.529087695229533272e-13,1.766698696937953261e-13,2.300676264039434930e-13,2.293338785678363818e-13,2.698102384626865437e-13,2.371078508414235856e-13,2.888579107905287245e-13,3.753734392340434065e-13,3.835606788818980497e-13,5.029648237589444026e-13,2.712178667675710993e-13,3.518423344961630552e-13,3.813650568342962653e-13,3.899500275406440376e-13,4.668400701484032479e-13,4.799168591942708744e-13,6.416626588796019498e-13,2.621074606989966667e-12,6.605082382410154660e-13,5.688323822422440110e-13
2.439081847715965306e-13,3.376061368678922484e-13,2.726755077833037022e-13,2.731995291784970235e-13,2.974072225690519451e-13,2.724121439955614421e-13,2.620475440886008856e-13,3.034671917200316432e-13,2.330610466654701799e-13,2.291781143842404525e-13,1.976409415835859993e-13,2.546099367774462510e-13,2.461621369401318651e-13,2.784868172851636440e-13,2.700458358085938322e-13,3.085250245603349806e-13,2.789459049602016637e-13,2.387661867956149369e-13,2.517875124962306922e-13,2.414171398849086828e-13,2.638617119682927326e-13,3.809492816959259763e-13,4.989411920304195165e-13,2.239073451835103463e-13,2.457466021569117106e-13,2.634719099577215580e-13,2.760732559431225718e-13,2.965763971582947938e-13,2.611436169191864735e-13,2.660148436874821938e-13,2.306281097814425620e-13,2.324226930351019594e-13,3.125181099476349483e-13,4.323934000935076409e-13,7.344571331369308925e-13,1.944807606262996289e-13,2.075329011153683217e-13,2.318998571076125885e-13,2.547356138376710833e-13,2.835470850746311913e-13,2.663488542698224261e-13,2.362315249698327129e-13,2.150240385921925745e-13,2.304926358444715821e-13,2.753151926216084482e-13,4.227291380738170327e-13,5.258602363017695893e-13,1.914488840815110471e-13,1.876048678364762635e-13,2.067768934003934849e-13,2.342881410985777041e-13,2.651486217301965895e-13,2.396115374616553569e-13,2.496389877204496470e-13,2.542045591861747942e-13,2.655677871427795316e-13,4.039425358784204960e-13,6.480761677573398570e-13,1.541904436042827506e-13,1.782344687609117701e-13,2.323450963789477145e-13,2.314414371046150314e-13,2.724324097158417897e-13,2.392226533797688835e-13,2.915497898419791242e-13,3.794978343162958345e-13,3.871956369342101897e-13,5.077287091920744001e-13,2.737644034746153317e-13,3.559832084188250527e-13,3.858359913625202801e-13,3.943912094833153128e-13,4.726098418083321024e-13,4.849127381564620914e-13,6.472148860115587859e-13,2.379865965132691856e-12,6.686694752942544751e-13,5.756055919469792009e-13
2.461900012288513028e-13,3.405813722122455677e-13,2.750901150959402060e-13,2.756723017271764346e-13,3.000759155911688326e-13,2.749206944753283456e-13,2.645894636703154458e-13,3.065099853432821201e-13,2.354277387049224984e-13,2.313980462004101654e-13,1.995241038316264980e-13,2.568877627733190231e-13,2.484373620364829943e-13,2.810187332747759980e-13,2.725457711934663524e-13,3.114372911018979815e-13,2.818421283192568392e-13,2.411056925778561002e-13,2.542643063162625297e-13,2.436979384760439236e-13,2.663366676924299470e-13,3.846806186772118284e-13,5.040107254232184024e-13,2.260618630338738106e-13,2.482345809142430905e-13,2.660147797398744844e-13,2.787831476482753852e-13,2.995898527657194271e-13,2.637130034710037443e-13,2.685681630835271366e-13,2.330021068669173198e-13,2.347917631829881076e-13,3.160331013043083153e-13,4.370161999913698540e-13,7.416759798011414873e-13,1.964926214040136412e-13,2.096567652340325465e-13,2.344221120526537499e-13,2.578328669887214025e-13,2.870900453124371107e-13,2.691301073679123291e-13,2.386814033355270089e-13,2.171672540148810466e-13,2.329119457628169702e-13,2.785713796816593821e-13,4.281852199500628513e-13,5.325529889975065922e-13,1.934862132929257741e-13,1.895163955965009053e-13,2.090451622504526119e-13,2.368824405326714083e-13,2.680459428875528721e-13,2.421214648016205814e-13,2.523597041644353166e-13,2.569404239912933870e-13,2.683880856300434551e-13,4.086067116337414985e-13,6.564531593506599692e-13,1.557870449205896072e-13,1.801608829405425166e-13,2.350878519847006614e-13,2.340176462858359651e-13,2.756015957232293226e-13,2.418230858847764122e-13,2.948306639247146477e-13,3.843589919231035755e-13,3.916110053037826848e-13,5.135162935883008296e-13,2.768609059892644433e-13,3.607867256904634175e-13,3.910274956710600955e-13,3.995845510542231125e-13,4.791829761151934359e-13,4.908679243994659880e-13,6.540808231636251607e-13,2.177505539974650477e-12,6.779502005941132545e-13,5.834191614963797768e-13
2.491574355572672309e-13,3.445052967626366463e-13,2.782711789517706152e-13,2.789132530033271338e-13,3.035802953769816406e-13,2.781949838770184886e-13,2.678675089350138522e-13,3.104047378789665358e-13,2.384487987234019953e-13,2.342618542933889932e-13,2.019626040131850494e-13,2.598809399179656923e-13,2.514046116967948581e-13,2.843329845244572259e-13,2.758044225509074580e-13,3.152163985808390656e-13,2.855204798769402166e-13,2.441158481588704412e-13,2.574482619461550062e-13,2.466570501374929220e-13,2.695530181442486534e-13,3.894822313796875696e-13,5.104806130752758554e-13,2.288457148221117897e-13,2.514122861411092082e-13,2.692978101209211450e-13,2.822684118333506483e-13,3.034355526112823939e-13,2.670158183278333664e-13,2.718688269351808238e-13,2.360230380252687509e-13,2.378130352028438194e-13,3.204192321389926960e-13,4.428493101367501226e-13,7.509536091670273964e-13,1.990501165236606609e-13,2.123629404049639966e-13,2.375928483572407400e-13,2.616314785378838019e-13,2.914080508878846355e-13,2.726579845999510396e-13,2.417937248734135501e-13,2.199142575791401547e-13,2.359772468385027721e-13,2.825897367793485378e-13,4.347830423189676765e-13,5.406736220071337503e-13,1.960597460072203188e-13,1.919544264513767722e-13,2.118913053323694953e-13,2.401309135741164713e-13,2.716843994856673598e-13,2.453029949485585415e-13,2.557783690428368952e-13,2.603876466984217980e-13,2.719521539432025912e-13,4.143932401729356645e-13,6.665775961068982780e-13,1.578165456379154005e-13,1.825861811143677739e-13,2.384743706883529587e-13,2.372400415660975093e-13,2.795269853030777625e-13,2.450924943763673166e-13,2.989242001503345265e-13,3.902482274895956036e-13,3.971038603541430420e-13,5.207171658048468631e-13,2.807174326046665512e-13,3.665252723802795727e-13,3.972348280893732492e-13,4.058325463729567570e-13,4.869167737589813567e-13,4.981548895731842636e-13,6.627551866685772029e-13,2.007839677317794679e-12,6.888548260170639980e-13,5.927120749834149803e-13
2.530759222759876528e-13,3.497439133280331568e-13,2.825144308310977524e-13,2.832194448850706871e-13,3.082430235783863528e-13,2.825311521718599023e-13,2.721674315650313848e-13,3.154830444463096989e-13,2.423792201616945613e-13,2.380194170772062356e-13,2.051717251891422478e-13,2.638655792997369628e-13,2.553315642536426661e-13,2.887319531929491101e-13,2.801153634085734589e-13,3.201981297224733917e-13,2.902865078843757768e-13,2.480572242061825429e-13,2.616142217032956485e-13,2.505572892247262486e-13,2.737978296536473041e-13,3.957698931593108276e-13,5.188966546313937666e-13,2.325030516801243999e-13,2.555484821208658749e-13,2.736082278295787545e-13,2.868303417820192810e-13,3.084378795557043237e-13,2.713371027275398942e-13,2.762067099866830086e-13,2.399434104591077723e-13,2.417408190229704159e-13,3.260204824491084944e-13,4.503671269107874016e-13,7.630900751824775130e-13,2.023661966106976197e-13,2.158785742578090352e-13,2.416668559914968920e-13,2.664129388732914246e-13,2.968146707855007408e-13,2.772243557326912157e-13,2.458272579308582728e-13,2.234999844726869788e-13,2.399412191898492338e-13,2.876741265417100534e-13,4.429901108764859656e-13,5.508039373026946913e-13,1.993795403509951518e-13,1.951242472437838233e-13,2.155426379982789964e-13,2.442912489253480687e-13,2.763553690319613524e-13,2.494187636265158434e-13,2.601692853111125666e-13,2.648253281893631966e-13,2.765513217042830519e-13,4.217472187254536831e-13,6.791663305327014517e-13,1.604478793591935353e-13,1.857060922897341915e-13,2.427610408232840003e-13,2.413632410843573110e-13,2.845090135203347595e-13,2.492937012362878223e-13,3.041513302565062360e-13,3.975853541939319909e-13,4.041006807122858045e-13,5.298905849620683278e-13,2.856362739120461081e-13,3.735921702741405262e-13,4.048842098537068425e-13,4.135715053040875513e-13,4.963283967296364874e-13,5.073094578905561091e-13,6.739474092531978466e-13,1.866495299256951377e-12,7.021136530075820681e-13,6.041195947675557685e-13
2.583410855422364685e-13,3.568422657894533582e-13,2.882603253917310199e-13,2.890332921448932953e-13,3.145446929047612370e-13,2.883705478631447139e-13,2.779154518325555281e-13,3.222398024031591377e-13,2.475995721568255747e-13,2.430434198546575987e-13,2.094724862013940275e-13,2.692529171041962950e-13,2.606171768138383950e-13,2.946661754347054331e-13,2.859161335458939584e-13,3.268831075449543715e-13,2.965964860261323313e-13,2.533185365034726746e-13,2.671722214642112549e-13,2.557904864394764444e-13,2.794990530143281709e-13,4.041638319358209356e-13,5.300735601519836307e-13,2.373980119320232198e-13,2.610443330489927683e-13,2.793744074960839479e-13,2.929184198639970323e-13,3.150810552989780807e-13,2.771021164023345091e-13,2.820141049978647126e-13,2.451402344502226836e-13,2.469547500138364824e-13,3.333512722142660435e-13,4.602784011162770246e-13,7.792797942237983613e-13,2.067587992255149258e-13,2.205427762723340124e-13,2.470249274582643645e-13,2.725988729323114322e-13,3.037798643009164508e-13,2.832651092406598582e-13,2.511684088668994819e-13,2.282750112530569944e-13,2.451812587123584465e-13,2.942794194478448874e-13,4.535075430462152559e-13,5.638162170916664026e-13,2.037594200649285896e-13,1.993323042548836182e-13,2.203389443384758407e-13,2.497487013712710579e-13,2.824943664484331943e-13,2.548610235682244470e-13,2.659424245599097856e-13,2.706705147217198733e-13,2.826208005617642021e-13,4.313346913874635468e-13,6.952945075164247614e-13,1.639337107961240702e-13,1.898130526077693969e-13,2.483315953231132716e-13,2.467678836054783373e-13,2.909972731808693993e-13,2.548194997956597647e-13,3.109920059730332511e-13,4.069998150099112199e-13,4.132393605418086309e-13,5.418730427171910239e-13,2.920698386177596031e-13,3.825780297059345511e-13,4.146155309263511961e-13,4.234561568746626229e-13,5.081952848786944275e-13,5.191342631981493905e-13,6.887181568457577153e-13,1.750670990670953677e-12,7.188245950693171169e-13,6.185947434676820095e-13
2.655752152383933614e-13,3.666572788976988933e-13,2.962013043771581172e-13,2.970503448977755302e-13,3.232409443500949810e-13,2.964074577234052596e-13,2.857824158078623513e-13,3.314542324654881770e-13,2.547090312577756980e-13,2.499204657465300941e-13,2.153700520435639899e-13,2.766897389250806890e-13,2.678890957087055944e-13,3.028442226174786746e-13,2.938950067529532116e-13,3.360590401207044074e-13,3.051691338637304942e-13,2.605116554155488561e-13,2.747677257949669652e-13,2.629731624441372856e-13,2.873300078560991461e-13,4.156402444623608081e-13,5.452942746196060066e-13,2.441036936259379044e-13,2.685315520833027938e-13,2.872705309501364766e-13,3.012401896465940156e-13,3.241276298022350078e-13,2.849803013232050759e-13,2.899713297388936801e-13,2.522073104311387479e-13,2.540526900766268644e-13,3.432227270950487480e-13,4.736999050375875199e-13,8.014043232562469966e-13,2.127288383654092197e-13,2.268896106018541828e-13,2.542672244778578889e-13,2.808547784428786749e-13,3.130457122229576166e-13,2.914668974673054392e-13,2.584258282972769783e-13,2.347912866437783891e-13,2.522919106968224211e-13,3.031233151014986963e-13,4.674428708181471340e-13,5.810881293076981654e-13,2.096938846120813623e-13,2.050611947413388250e-13,2.268158124338938528e-13,2.571106059389050140e-13,2.907878475894541158e-13,2.622477130424631783e-13,2.737439561899030511e-13,2.785804227456695440e-13,2.908463171183545491e-13,4.442062587089424416e-13,7.166604942157777895e-13,1.686715712650703437e-13,1.953679647749319113e-13,2.557914234303768030e-13,2.540539834513794285e-13,2.997009838209387223e-13,2.622889624871693029e-13,3.202030044954417849e-13,4.194858820404103624e-13,4.255258959266631353e-13,5.579835298580648839e-13,3.007310332438300714e-13,3.944164104988620829e-13,4.274401945856708814e-13,4.365210713537648948e-13,5.237468486668932924e-13,5.348962205416212162e-13,7.087391477147527880e-13,1.659203420097641799e-12,7.407237411727629363e-13,6.376401450077907046e-13
2.758280477410652003e-13,3.806339393093776344e-13,3.075051695612311399e-13,3.084436462834532064e-13,3.356061160164419194e-13,3.078131097207141954e-13,2.969005231630790214e-13,3.444418194717031031e-13,2.647190667462484425e-13,2.596406298612009638e-13,2.237168986543294202e-13,2.872669475609163002e-13,2.782061239044983017e-13,3.144613077116467234e-13,3.052131291640516955e-13,3.490550490575501728e-13,3.172181049935070482e-13,2.706693106159629737e-13,2.854902028330103373e-13,2.731455992073503277e-13,2.984267795432399643e-13,4.318464526449649316e-13,5.667245440000087063e-13,2.535871160679432868e-13,2.790766489596197875e-13,2.984343565684643966e-13,3.129898741070114654e-13,3.368650387228402446e-13,2.961016121892818433e-13,3.012264656469584537e-13,2.621472882589819318e-13,2.640440607801029637e-13,3.570054657145067767e-13,4.925178211379954638e-13,8.326408189538723969e-13,2.211221917629373066e-13,2.358208169674536154e-13,2.644076071580453053e-13,2.923059927182770727e-13,3.258673573310571983e-13,3.029892786331994844e-13,2.686272988056177312e-13,2.439805409695556072e-13,2.622772426351671209e-13,3.154191109101509620e-13,4.866702411121690142e-13,6.049499857287087931e-13,2.180181819034014711e-13,2.131257350941293200e-13,2.358780914658412187e-13,2.674031019685149947e-13,3.023954941668045448e-13,2.726223891235227651e-13,2.846654783757923897e-13,2.896651915114729301e-13,3.023860296973309155e-13,4.621374953794600342e-13,7.461372493996820687e-13,1.753326130356557041e-13,2.031495516213779439e-13,2.661643006499719157e-13,2.642355318244556684e-13,3.118189364139994718e-13,2.727478893240475699e-13,3.330631170775649790e-13,4.367255762495740191e-13,4.426603513501977193e-13,5.804506681720590417e-13,3.128274665074414090e-13,4.106870306822914080e-13,4.450698035383681916e-13,4.545165541460299604e-13,5.450636815122719984e-13,5.567375487265244559e-13,7.368334168093857710e-13,1.593077141055158333e-12,7.707487155947037914e-13,6.638044934878879793e-13
2.910469957624732165e-13,4.014522667310879681e-13,3.243379241372193424e-13,3.253890943147856056e-13,3.540042665205807800e-13,3.247599880105403920e-13,3.133708157867459932e-13,3.636442297111218242e-13,2.795074985999076109e-13,2.740412802221691645e-13,2.360948501454448770e-13,3.030080956214644790e-13,2.935324391867025086e-13,3.317345256077443262e-13,3.220246380032664250e-13,3.683371630924911373e-13,3.349965135460834730e-13,2.857080830651124523e-13,3.013615653786712634e-13,2.882379617277784576e-13,3.148972166322496220e-13,4.558390207377924020e-13,5.983838083610195471e-13,2.676423424654577755e-13,2.946592848096918629e-13,3.149771643629079924e-13,3.303837484840144144e-13,3.556830366846928337e-13,3.125631009890105480e-13,3.179098840736750658e-13,2.768214922023122369e-13,2.788026425741507382e-13,3.772452624395757534e-13,5.202341965980400945e-13,8.788852130229156408e-13,2.335093816848047100e-13,2.490103472882351442e-13,2.793288675030415193e-13,3.090438172440345396e-13,3.445777139297586911e-13,3.199850276760121698e-13,2.836808889410798595e-13,2.575721116683697472e-13,2.770014411817350166e-13,3.334211453737204649e-13,5.146734203075261853e-13,6.397329695829062923e-13,2.302832313485723747e-13,2.250384873747721594e-13,2.492062429752184903e-13,2.825319991267807604e-13,3.194709296329572052e-13,2.879225223124725118e-13,3.007341565091816242e-13,3.059862496124576515e-13,3.193903444481548881e-13,4.884268004155802456e-13,7.890645885693988211e-13,1.851628424974128954e-13,2.146040390559338233e-13,2.813524842109703754e-13,2.791961218320130075e-13,3.295782766166567627e-13,2.881383727613668306e-13,3.519475871862070864e-13,4.618456062261205964e-13,4.678005850510138807e-13,6.134133974000528438e-13,3.305942924978767166e-13,4.343269007329519533e-13,4.706873673397965842e-13,4.806963611069588649e-13,5.760140695267268486e-13,5.886394368472816765e-13,7.782405470102106446e-13,1.556934595473280089e-12,8.143599115598180798e-13,7.018151156223260417e-13
3.153791001696529065e-13,4.348157233444100351e-13,3.513096762229524657e-13,3.525185341352499576e-13,3.834674143981718034e-13,3.518721499879095752e-13,3.396672925204204133e-13,3.942615980223106079e-13,3.030746963293756588e-13,2.970350402957699784e-13,2.558720875034135263e-13,3.282204167617429872e-13,3.180490918630179815e-13,3.593833043894035435e-13,3.489154228745213246e-13,3.991555899735858434e-13,3.633040274723743682e-13,3.097095419395761266e-13,3.266877285403269570e-13,3.123598601489119920e-13,3.412289538340491363e-13,4.941254854217138163e-13,6.488305728537636812e-13,2.900887531573816330e-13,3.194961211698348737e-13,3.413946633107556328e-13,3.581414916306535931e-13,3.856716367064955416e-13,3.388306408792844760e-13,3.445577591258812269e-13,3.001949444160067952e-13,3.023197649553783456e-13,4.093676688409029980e-13,5.643094724897359973e-13,9.526869264134318407e-13,2.532363315595282609e-13,2.700240409490951645e-13,3.030430864709090168e-13,3.355276356362838597e-13,3.741520864334079227e-13,3.470402824268951114e-13,3.076513719913912300e-13,2.792492347105317083e-13,3.004360982003373620e-13,3.619355349790594644e-13,5.588826239471279619e-13,6.946724086963392878e-13,2.497935373822494577e-13,2.440214656973390672e-13,2.703814535492461493e-13,3.065588502227369601e-13,3.466033328192483203e-13,3.122757410084113639e-13,3.262696983140401227e-13,3.319359669370028531e-13,3.464408215367566951e-13,5.301042223900980969e-13,8.568281187779807774e-13,2.008172051788226641e-13,2.328134737123819830e-13,3.054118034605789946e-13,3.029502505230271288e-13,3.577266516031249150e-13,3.125988149703771430e-13,3.819186531839769905e-13,5.015146058241917999e-13,5.076767291070767891e-13,6.656912236681609226e-13,3.587939791432751902e-13,4.716013047976633786e-13,5.110842028782321740e-13,5.220000091945967779e-13,6.248517671412675190e-13,6.390900786440822904e-13,8.441185102404472980e-13,1.563527067558521884e-12,8.832031818590393239e-13,7.617804642513956863e-13
3.598398843737316060e-13,4.958626030424164946e-13,4.006584874511163385e-13,4.021323427471816036e-13,4.373559704384512867e-13,4.014264211527363141e-13,3.876762274325669918e-13,4.501117672550624886e-13,3.460534327405329009e-13,3.390171143007768914e-13,2.919967366548339673e-13,3.743403511607936995e-13,3.628569559826570745e-13,4.099396723428825971e-13,3.980646946334500035e-13,4.554547485349976621e-13,4.148986431659474835e-13,3.535187379606846413e-13,3.729099355963967331e-13,3.564277473752656864e-13,3.893413568985514140e-13,5.639929459990457082e-13,7.407985090172842514e-13,3.310723702957558803e-13,3.647938882645664391e-13,3.896304176792452581e-13,4.088030159787405365e-13,4.403578060528621195e-13,3.867702607111097702e-13,3.932205132678082980e-13,3.428072335557712561e-13,3.452040886305039870e-13,4.678030098135070082e-13,6.445732141958157627e-13,1.087366217698541641e-12,2.891979359098931395e-13,3.083403196737719821e-13,3.462197245292877387e-13,3.836274724928517208e-13,4.278364000699454964e-13,3.963463095707259705e-13,3.513440447090324218e-13,3.188002320864950246e-13,3.431399353337133891e-13,4.137515867403424847e-13,6.390800923924645332e-13,7.943467908987319655e-13,2.853358115814612469e-13,2.786391287386689727e-13,3.089283640304891524e-13,3.502862571673580158e-13,3.959966086451577959e-13,3.566552438400367697e-13,3.727594887067432469e-13,3.791936460739756500e-13,3.957182529721520835e-13,6.058683643767217385e-13,9.797287437174206640e-13,2.293545495216369972e-13,2.659745920598857840e-13,3.491357749710489302e-13,3.461761328767686462e-13,4.088959851567585911e-13,3.571344193991942458e-13,4.364409397093330177e-13,5.734875746364593983e-13,5.801884662410548755e-13,7.607368900536584851e-13,4.100997528366570748e-13,5.392029812179248085e-13,5.843501387667888467e-13,5.969076210244253510e-13,7.135679377924069114e-13,7.306751233524322032e-13,9.641184247375487133e-13,1.649836208254220049e-12,1.008297158107041305e-12,8.707366855537507381e-13
4.695909453829855542e-13,6.465664547667374441e-13,5.224983078792698208e-13,5.246283382069310553e-13,5.703944552770545566e-13,5.237412696503683992e-13,5.061529077706177529e-13,5.878943332617570774e-13,4.520972788909207858e-13,4.426313279223386925e-13,3.811709680426915446e-13,4.882178618149245049e-13,4.734596644071449658e-13,5.347504566362674757e-13,5.193897437282521017e-13,5.943951533024091385e-13,5.421684577620385186e-13,4.616317845897893237e-13,4.869710745583696731e-13,4.652032677268823386e-13,5.080980163851238423e-13,7.363326722548192656e-13,9.675310545259112681e-13,4.322240064881816091e-13,4.765569149796923699e-13,5.086704309437167276e-13,5.338120035983912333e-13,5.752621959565842238e-13,5.050659778517496778e-13,5.133173079739618677e-13,4.479391023192965938e-13,4.510122365015338226e-13,6.118838359720881624e-13,8.424399031818505297e-13,1.419455074138474909e-12,3.779295779562214751e-13,4.028816369674666672e-13,4.527156321170187860e-13,5.022348246349208580e-13,5.602132002286794142e-13,5.179717402963142081e-13,4.591355461143104457e-13,4.164008380027325495e-13,4.484871078402034187e-13,5.415136782286291959e-13,8.367897357266919413e-13,1.039993187751561575e-12,3.730194576798461598e-13,3.640605009478527046e-13,4.040078487559316506e-13,4.581325646891383911e-13,5.178123744811735282e-13,4.661345815803526046e-13,4.874208354861003958e-13,4.957535865659820582e-13,5.172634053959371349e-13,7.926089382530271673e-13,1.282566243637146704e-12,2.997678036729888674e-13,3.477837634638888790e-13,4.569600949816541175e-13,4.527856796629613644e-13,5.350666766352150637e-13,4.669803252333815389e-13,5.708819556458610921e-13,7.509354740004057886e-13,7.589283625827896946e-13,9.949322834526349393e-13,5.366607204610300322e-13,7.060267680955506172e-13,7.651187301071939935e-13,7.816399441853284930e-13,9.329566415582754870e-13,9.563512515191119179e-13,1.259925904167093507e-12,1.969374723739047994e-12,1.317644489084145580e-12,1.140242616659637138e-12
0.000000000000000000e+00,0.000000000000000000e+00,0.000000000000000000e+00,0.000000000000000000e+00,0.000000000000000000e+00,0.000000000000000000e+00,0.000000000000000000e+00,0.000000000000000000e+00,0.000000000000000000e+00,0.000000000000000000e+00,0.000000000000000000e+00,0.000000000000000000e+00,0.000000000000000000e+00,0.000000000000000000e+00,0.000000000000000000e+00,0.000000000000000000e+00,0.000000000000000000e+00,0.000000000000000000e+00,0.000000000000000000e+00,0.000000000000000000e+00,0.000000000000000000e+00,0.000000000000000000e+00,0.000000000000000000e+00,0.000000000000000000e+00,0.000000000000000000e+00,0.000000000000000000e+00,0.000000000000000000e+00,0.000000000000000000e+00,0.000000000000000000e+00,0.000000000000000000e+00,0.000000000000000000e+00,0.000000000000000000e+00,0.000000000000000000e+00,0.000000000000000000e+00,0.000000000000000000e+00,0.000000000000000000e+00,0.000000000000000000e+00,0.000000000000000000e+00,0.000000000000000000e+00,0.000000000000000000e+00,0.000000000000000000e+00,0.000000000000000000e+00,0.000000000000000000e+00,0.000000000000000000e+00,0.000000000000000000e+00,0.000000000000000000e+00,0.000000000000000000e+00,0.000000000000000000e+00,0.000000000000000000e+00,0.000000000000000000e+00,0.000000000000000000e+00,0.000000000000000000e+00,0.000000000000000000e+00,0.000000000000000000e+00,0.000000000000000000e+00,0.000000000000000000e+00,0.000000000000000000e+00,0.000000000000000000e+00,0.000000000000000000e+00,0.000000000000000000e+00,0.000000000000000000e+00,0.000000000000000000e+00,0.000000000000000000e+00,0.000000000000000000e+00,0.000000000000000000e+00,0.000000000000000000e+00,0.000000000000000000e+00,0.000000000000000000e+00,0.000000000000000000e+00,0.000000000000000000e+00,0.000000000000000000e+00,0.000000000000000000e+00,0.000000000000000000e+00,0.000000000000000000e+00,0.000000000000000000e+00,0.000000000000000000e+00,0.000000000000000000e+00,0.000000000000000000e+00
