Command: /project/lhansen/HMC_rep26_robust_mac/amazon-carbon-prices/.venv/bin/python pysrc/bash/shadow_price.py --id 33 --xi 0.5 --sites 1043
Working directory: /project/lhansen/HMC_rep26_robust_mac/amazon-carbon-prices
Program starts Fri May 29 17:54:33 CDT 2026

Data successfully loaded from /project/lhansen/HMC_rep26_robust_mac/amazon-carbon-prices/data/calibration
Waiting for Stan compile lock: /project/lhansen/HMC_rep26_robust_mac/amazon-carbon-prices/stan_model/adjusted.compile.lock
Using Stan model executable: /project/lhansen/HMC_rep26_robust_mac/amazon-carbon-prices/stan_model/adjusted
Optimization Iteration[1/100]

Theta: [0.19293399 0.39270684 0.39383513 ... 2.1961384  1.20930668 1.03223742]

Gamma: [605.85192903 587.02426052 531.68859839 ... 252.44623295 234.13249733
 233.63746894]

Solving the optimization problem...
Set parameter TokenServer to value "licenses.rcc.uchicago.edu"
Read LP format model from file /scratch/local/jobs/50255455/tmpbb8_a1y_.pyomo.lp
Reading time = 2.21 seconds
x1: 417600 rows, 834801 columns, 2083271 nonzeros
Gurobi Optimizer version 11.0.0 build v11.0.0rc2 (linux64 - "CentOS Linux 8")

CPU model: Intel(R) Xeon(R) Gold 6248R CPU @ 3.00GHz, instruction set [SSE2|AVX|AVX2|AVX512]
Thread count: 48 physical cores, 48 logical processors, using up to 32 threads

Optimize a model with 417600 rows, 834801 columns and 2083271 nonzeros
Model fingerprint: 0x5679c510
Model has 400 quadratic objective terms
Coefficient statistics:
  Matrix range     [1e+00, 9e+02]
  Objective range  [1e-03, 6e+02]
  QObjective range [2e+03, 2e+05]
  Bounds range     [3e-06, 1e+00]
  RHS range        [9e-11, 4e-01]
Presolve removed 208947 rows and 209294 columns
Presolve time: 0.95s
Presolved: 208653 rows, 625507 columns, 1249571 nonzeros
Presolved model has 400 quadratic objective terms
Ordering time: 1.33s

Barrier statistics:
 AA' NZ     : 6.241e+05
 Factor NZ  : 6.773e+07 (roughly 900 MB of memory)
 Factor Ops : 2.543e+10 (less than 1 second per iteration)
 Threads    : 32

                  Objective                Residual
Iter       Primal          Dual         Primal    Dual     Compl     Time
   0  -1.38675324e+11  1.10640370e+11  1.04e+06 1.13e-13  1.00e+06     6s
   1  -6.44730247e+10  6.33675364e+10  4.43e+04 3.08e+01  4.67e+04     8s
   2  -3.05786213e+10  3.06542103e+10  4.48e+02 1.24e-01  5.43e+02    10s
   3  -1.08845947e+10  1.09729190e+10  3.21e+00 1.40e-12  2.86e+01    12s
   4  -2.40151212e+09  2.49944288e+09  2.67e-01 1.23e-12  5.95e+00    17s
   5  -5.82486545e+08  6.48668034e+08  3.65e-02 4.27e-12  1.46e+00    22s
   6  -9.63009609e+07  1.09583444e+08  2.74e-03 1.41e-12  2.41e-01    27s
   7  -1.41039305e+07  1.68786008e+07  2.74e-09 1.42e-12  3.63e-02    32s
   8  -2.06551501e+06  2.46094591e+06  2.72e-13 9.24e-13  5.30e-03    35s
   9  -3.06689480e+05  3.78387830e+05  3.74e-14 3.29e-13  8.02e-04    37s
  10  -4.57084985e+04  5.49496649e+04  1.99e-14 5.63e-14  1.18e-04    39s
  11  -6.94444048e+03  9.09766154e+03  1.15e-14 8.16e-15  1.88e-05    41s
  12  -1.20354570e+03  3.18199765e+03  6.82e-15 2.55e-15  5.13e-06    45s
  13  -1.52100259e+02  1.26617849e+03  4.89e-15 1.45e-15  1.66e-06    46s
  14   2.33808639e+02  5.21361564e+02  7.47e-16 6.66e-16  3.37e-07    49s
  15   3.12581628e+02  4.33706046e+02  3.45e-16 5.55e-16  1.42e-07    52s
  16   3.51898656e+02  4.02432870e+02  1.62e-16 5.55e-16  5.92e-08    54s
  17   3.62156919e+02  3.94853545e+02  1.35e-16 4.44e-16  3.83e-08    56s
  18   3.73008904e+02  3.87295320e+02  7.26e-17 4.44e-16  1.67e-08    57s
  19   3.73619684e+02  3.86940223e+02  7.50e-17 4.44e-16  1.56e-08    59s
  20   3.78189916e+02  3.84316115e+02  1.06e-16 5.00e-16  7.17e-09    61s
  21   3.79583881e+02  3.83606362e+02  1.14e-16 4.44e-16  4.71e-09    63s
  22   3.80803318e+02  3.83029188e+02  1.68e-16 6.66e-16  2.61e-09    65s
  23   3.81554359e+02  3.82668925e+02  1.31e-16 4.44e-16  1.30e-09    67s
  24   3.81810618e+02  3.82552188e+02  1.94e-16 4.44e-16  8.68e-10    69s
  25   3.81956635e+02  3.82487130e+02  2.25e-16 4.44e-16  6.21e-10    71s
  26   3.82138416e+02  3.82407292e+02  3.02e-16 5.55e-16  3.15e-10    73s
  27   3.82188757e+02  3.82385708e+02  3.02e-16 4.44e-16  2.31e-10    75s
  28   3.82261213e+02  3.82355101e+02  7.22e-16 4.44e-16  1.10e-10    77s
  29   3.82296065e+02  3.82340614e+02  5.45e-16 6.66e-16  5.22e-11    78s
  30   3.82299688e+02  3.82339128e+02  3.38e-16 4.44e-16  4.62e-11    81s
  31   3.82319952e+02  3.82330862e+02  8.65e-16 5.55e-16  1.28e-11    83s
  32   3.82323589e+02  3.82329399e+02  4.49e-15 5.55e-16  6.80e-12    85s
  33   3.82325985e+02  3.82328440e+02  5.98e-15 4.44e-16  2.87e-12    87s
  34   3.82327247e+02  3.82327936e+02  5.43e-15 4.44e-16  8.07e-13    89s
  35   3.82327524e+02  3.82327825e+02  1.57e-15 5.55e-16  3.52e-13    91s
  36   3.82327685e+02  3.82327761e+02  3.33e-15 6.66e-16  8.90e-14    93s
  37   3.82327734e+02  3.82327741e+02  8.69e-15 5.55e-16  8.19e-15    95s

Barrier solved model in 37 iterations and 94.59 seconds (16.78 work units)
Optimal objective 3.82327734e+02

Done! Time elapsed: 127.05402946472168 seconds.
Starting HMC sampling...

                                                                                                                                                                                                                                                                                                                                
Finished sampling! Elapsed Time: 1019.8368892669678 seconds

Checking sampler transitions treedepth.
27 of 16000 (0.17%) transitions hit the maximum treedepth limit of 10, or 2^10 leapfrog steps.
Trajectories that are prematurely terminated due to this limit will result in slow exploration.
For optimal performance, increase this limit.

Checking sampler transitions for divergences.
No divergent transitions found.

Checking E-BFMI - sampler transitions HMC potential energy.
E-BFMI satisfactory.

Rank-normalized split effective sample size satisfactory for all parameters.

The following parameters had rank-normalized split R-hat greater than 1.01:
  nu_theta_transform[52], nu_theta_transform[61], log_precision_v_theta, sigma_v_theta, nu_theta[2], nu_theta[3], nu_theta[4], nu_theta[5], nu_theta[6], nu_theta[7], nu_theta[8], nu_theta[9], nu_theta[10], nu_theta[11], nu_theta[12], nu_theta[15], nu_theta[16], nu_theta[17], nu_theta[18], nu_theta[19], nu_theta[21], nu_theta[22], nu_theta[23], nu_theta[25], nu_theta[26], nu_theta[28], nu_theta[29], nu_theta[30], nu_theta[31], nu_theta[32], nu_theta[33], nu_theta[35], nu_theta[37], nu_theta[39], nu_theta[40], nu_theta[42], nu_theta[43], nu_theta[44], nu_theta[45], nu_theta[46], nu_theta[48], nu_theta[50], nu_theta[52], nu_theta[53], nu_theta[54], nu_theta[55], nu_theta[56], nu_theta[57], nu_theta[58], nu_theta[60], nu_theta[61], nu_theta[62], nu_theta[63], nu_theta[64], nu_theta[65], nu_theta[67], nu_theta[69], nu_theta_w[1], nu_theta_w[3], nu_theta_w[4], nu_theta_w[6], nu_theta_w[11], nu_theta_w[13], nu_theta_w[14], nu_theta_w[15], nu_theta_w[16], nu_theta_w[20], nu_theta_w[22], nu_theta_w[24], nu_theta_w[25], nu_theta_w[26], nu_theta_w[27], nu_theta_w[28], nu_theta_w[29], nu_theta_w[30], nu_theta_w[31], nu_theta_w[33], nu_theta_w[34], nu_theta_w[35], nu_theta_w[36], nu_theta_w[37], nu_theta_w[39], nu_theta_w[41], nu_theta_w[42], nu_theta_w[43], nu_theta_w[44], nu_theta_w[45], nu_theta_w[46], nu_theta_w[47], nu_theta_w[48], nu_theta_w[49], nu_theta_w[50], nu_theta_w[51], nu_theta_w[52], nu_theta_w[53], nu_theta_w[54], nu_theta_w[55], nu_theta_w[56], nu_theta_w[57], nu_theta_w[58], nu_theta_w[59], nu_theta_w[60], nu_theta_w[61], nu_theta_w[62], nu_theta_w[63], nu_theta_w[65], nu_theta_w[66], nu_theta_w[67], nu_theta_w[69], nu_theta_w[71], nu_theta_w[72], nu_theta_w[75], nu_theta_w[77], nu_theta_w[78], nu_theta_w[79], nu_theta_w[80], nu_theta_w[81], nu_theta_w[82], nu_theta_w[84], nu_theta_w[85], nu_theta_w[86], nu_theta_w[87], nu_theta_w[88], nu_theta_w[89], nu_theta_w[90], nu_theta_w[91], nu_theta_w[93], nu_theta_w[94], nu_theta_w[95], nu_theta_w[98], nu_theta_w[99], nu_theta_w[100], nu_theta_w[101], nu_theta_w[102], nu_theta_w[104], nu_theta_w[105], nu_theta_w[106], nu_theta_w[107], nu_theta_w[109], nu_theta_w[110], nu_theta_w[111], nu_theta_w[113], nu_theta_w[116], nu_theta_w[118], nu_theta_w[119], nu_theta_w[120], nu_theta_w[121], nu_theta_w[122], nu_theta_w[123], nu_theta_w[125], nu_theta_w[126], nu_theta_w[127], nu_theta_w[128], nu_theta_w[129], nu_theta_w[131], nu_theta_w[132], nu_theta_w[133], nu_theta_w[134], nu_theta_w[135], nu_theta_w[136], nu_theta_w[137], nu_theta_w[138], nu_theta_w[141], nu_theta_w[143], nu_theta_w[144], nu_theta_w[145], nu_theta_w[146], nu_theta_w[147], nu_theta_w[148], nu_theta_w[150], nu_theta_w[151], nu_theta_w[152], nu_theta_w[153], nu_theta_w[155], nu_theta_w[156], nu_theta_w[157], nu_theta_w[158], nu_theta_w[159], nu_theta_w[160], nu_theta_w[161], nu_theta_w[162], nu_theta_w[163], nu_theta_w[164], nu_theta_w[165], nu_theta_w[166], nu_theta_w[167], nu_theta_w[169], nu_theta_w[171], nu_theta_w[172], nu_theta_w[175], nu_theta_w[178], nu_theta_w[179], nu_theta_w[181], nu_theta_w[183], nu_theta_w[186], nu_theta_w[187], nu_theta_w[188], nu_theta_w[189], nu_theta_w[191], nu_theta_w[193], nu_theta_w[194], nu_theta_w[195], nu_theta_w[196], nu_theta_w[197], nu_theta_w[198], nu_theta_w[199], nu_theta_w[200], nu_theta_w[201], nu_theta_w[202], nu_theta_w[205], nu_theta_w[206], nu_theta_w[208], nu_theta_w[209], nu_theta_w[218], nu_theta_w[221], nu_theta_w[222], nu_theta_w[224], nu_theta_w[225], nu_theta_w[227], nu_theta_w[229], nu_theta_w[230], nu_theta_w[232], nu_theta_w[235], nu_theta_w[237], nu_theta_w[242], nu_theta_w[244], nu_theta_w[247], nu_theta_w[253], nu_theta_w[256], nu_theta_w[263], nu_theta_w[272], nu_theta_w[273], nu_theta_w[274], nu_theta_w[276], nu_theta_w[278], nu_theta_w[280], nu_theta_w[283], nu_theta_w[285], nu_theta_w[293], nu_theta_w[294], nu_theta_w[296], nu_theta_w[298], nu_theta_w[299], nu_theta_w[301], nu_theta_w[302], nu_theta_w[305], nu_theta_w[307], nu_theta_w[309], nu_theta_w[311], nu_theta_w[313], nu_theta_w[314], nu_theta_w[315], nu_theta_w[318], nu_theta_w[319], nu_theta_w[320], nu_theta_w[326], nu_theta_w[327], nu_theta_w[331], nu_theta_w[332], nu_theta_w[334], nu_theta_w[337], nu_theta_w[338], nu_theta_w[341], nu_theta_w[342], nu_theta_w[343], nu_theta_w[344], nu_theta_w[345], nu_theta_w[347], nu_theta_w[348], nu_theta_w[349], nu_theta_w[351], nu_theta_w[352], nu_theta_w[354], nu_theta_w[356], nu_theta_w[357], nu_theta_w[358], nu_theta_w[359], nu_theta_w[360], nu_theta_w[361], nu_theta_w[362], nu_theta_w[363], nu_theta_w[364], nu_theta_w[365], nu_theta_w[367], nu_theta_w[368], nu_theta_w[369], nu_theta_w[371], nu_theta_w[372], nu_theta_w[373], nu_theta_w[374], nu_theta_w[375], nu_theta_w[376], nu_theta_w[377], nu_theta_w[378], nu_theta_w[379], nu_theta_w[380], nu_theta_w[381], nu_theta_w[382], nu_theta_w[383], nu_theta_w[384], nu_theta_w[385], nu_theta_w[386], nu_theta_w[387], nu_theta_w[388], nu_theta_w[390], nu_theta_w[391], nu_theta_w[392], nu_theta_w[393], nu_theta_w[394], nu_theta_w[395], nu_theta_w[396], nu_theta_w[397], nu_theta_w[398], nu_theta_w[400], nu_theta_w[401], nu_theta_w[402], nu_theta_w[403], nu_theta_w[404], nu_theta_w[405], nu_theta_w[406], nu_theta_w[407], nu_theta_w[408], nu_theta_w[409], nu_theta_w[410], nu_theta_w[411], nu_theta_w[412], nu_theta_w[413], nu_theta_w[414], nu_theta_w[415], nu_theta_w[417], nu_theta_w[418], nu_theta_w[419], nu_theta_w[420], nu_theta_w[421], nu_theta_w[422], nu_theta_w[423], nu_theta_w[431], nu_theta_w[436], nu_theta_w[437], nu_theta_w[438], nu_theta_w[440], nu_theta_w[442], nu_theta_w[457], nu_theta_w[460], nu_theta_w[461], nu_theta_fit[1], nu_theta_fit[3], nu_theta_fit[4], nu_theta_fit[5], nu_theta_fit[6], nu_theta_fit[7], nu_theta_fit[8], nu_theta_fit[9], nu_theta_fit[17], nu_theta_fit[22], nu_theta_fit[23], nu_theta_fit[24], nu_theta_fit[26], nu_theta_fit[28], nu_theta_fit[43], nu_theta_fit[46], nu_theta_fit[47], nu_theta_fit[53], nu_theta_fit[55], nu_theta_fit[56], nu_theta_fit[57], nu_theta_fit[58], nu_theta_fit[59], nu_theta_fit[60], nu_theta_fit[61], nu_theta_fit[62], nu_theta_fit[64], nu_theta_fit[65], nu_theta_fit[66], nu_theta_fit[67], nu_theta_fit[68], nu_theta_fit[70], nu_theta_fit[72], nu_theta_fit[73], nu_theta_fit[74], nu_theta_fit[75], nu_theta_fit[76], nu_theta_fit[77], nu_theta_fit[78], nu_theta_fit[79], nu_theta_fit[80], nu_theta_fit[81], nu_theta_fit[82], nu_theta_fit[83], nu_theta_fit[84], nu_theta_fit[85], nu_theta_fit[86], nu_theta_fit[87], nu_theta_fit[88], nu_theta_fit[89], nu_theta_fit[90], nu_theta_fit[91], nu_theta_fit[92], nu_theta_fit[93], nu_theta_fit[94], nu_theta_fit[95], nu_theta_fit[96], nu_theta_fit[97], nu_theta_fit[98], nu_theta_fit[99], nu_theta_fit[101], nu_theta_fit[102], nu_theta_fit[103], nu_theta_fit[104], nu_theta_fit[105], nu_theta_fit[106], nu_theta_fit[107], nu_theta_fit[108], nu_theta_fit[109], nu_theta_fit[110], nu_theta_fit[111], nu_theta_fit[112], nu_theta_fit[114], nu_theta_fit[115], nu_theta_fit[116], nu_theta_fit[117], nu_theta_fit[118], nu_theta_fit[119], nu_theta_fit[120], nu_theta_fit[121], nu_theta_fit[122], nu_theta_fit[123], nu_theta_fit[124], nu_theta_fit[125], nu_theta_fit[126], nu_theta_fit[127], nu_theta_fit[128], nu_theta_fit[129], nu_theta_fit[130], nu_theta_fit[131], nu_theta_fit[132], nu_theta_fit[133], nu_theta_fit[134], nu_theta_fit[135], nu_theta_fit[136], nu_theta_fit[137], nu_theta_fit[138], nu_theta_fit[139], nu_theta_fit[140], nu_theta_fit[141], nu_theta_fit[142], nu_theta_fit[143], nu_theta_fit[144], nu_theta_fit[145], nu_theta_fit[146], nu_theta_fit[147], nu_theta_fit[148], nu_theta_fit[149], nu_theta_fit[150], nu_theta_fit[151], nu_theta_fit[152], nu_theta_fit[154], nu_theta_fit[155], nu_theta_fit[156], nu_theta_fit[157], nu_theta_fit[158], nu_theta_fit[159], nu_theta_fit[160], nu_theta_fit[162], nu_theta_fit[163], nu_theta_fit[164], nu_theta_fit[166], nu_theta_fit[167], nu_theta_fit[168], nu_theta_fit[169], nu_theta_fit[170], nu_theta_fit[171], nu_theta_fit[172], nu_theta_fit[173], nu_theta_fit[174], nu_theta_fit[178], nu_theta_fit[179], nu_theta_fit[181], nu_theta_fit[183], nu_theta_fit[184], nu_theta_fit[185], nu_theta_fit[186], nu_theta_fit[187], nu_theta_fit[188], nu_theta_fit[190], nu_theta_fit[191], nu_theta_fit[192], nu_theta_fit[193], nu_theta_fit[194], nu_theta_fit[195], nu_theta_fit[196], nu_theta_fit[197], nu_theta_fit[198], nu_theta_fit[200], nu_theta_fit[201], nu_theta_fit[202], nu_theta_fit[203], nu_theta_fit[204], nu_theta_fit[205], nu_theta_fit[206], nu_theta_fit[207], nu_theta_fit[208], nu_theta_fit[209], nu_theta_fit[211], nu_theta_fit[212], nu_theta_fit[214], nu_theta_fit[215], nu_theta_fit[216], nu_theta_fit[217], nu_theta_fit[218], nu_theta_fit[219], nu_theta_fit[221], nu_theta_fit[224], nu_theta_fit[225], nu_theta_fit[227], nu_theta_fit[228], nu_theta_fit[229], nu_theta_fit[234], nu_theta_fit[235], nu_theta_fit[238], nu_theta_fit[239], nu_theta_fit[241], nu_theta_fit[243], nu_theta_fit[244], nu_theta_fit[247], nu_theta_fit[248], nu_theta_fit[249], nu_theta_fit[252], nu_theta_fit[253], nu_theta_fit[254], nu_theta_fit[255], nu_theta_fit[256], nu_theta_fit[257], nu_theta_fit[258], nu_theta_fit[259], nu_theta_fit[261], nu_theta_fit[263], nu_theta_fit[264], nu_theta_fit[265], nu_theta_fit[266], nu_theta_fit[267], nu_theta_fit[268], nu_theta_fit[269], nu_theta_fit[270], nu_theta_fit[271], nu_theta_fit[272], nu_theta_fit[273], nu_theta_fit[274], nu_theta_fit[275], nu_theta_fit[276], nu_theta_fit[277], nu_theta_fit[279], nu_theta_fit[281], nu_theta_fit[282], nu_theta_fit[284], nu_theta_fit[285], nu_theta_fit[286], nu_theta_fit[287], nu_theta_fit[289], nu_theta_fit[290], nu_theta_fit[291], nu_theta_fit[294], nu_theta_fit[295], nu_theta_fit[296], nu_theta_fit[297], nu_theta_fit[298], nu_theta_fit[299], nu_theta_fit[300], nu_theta_fit[301], nu_theta_fit[302], nu_theta_fit[303], nu_theta_fit[304], nu_theta_fit[305], nu_theta_fit[306], nu_theta_fit[307], nu_theta_fit[308], nu_theta_fit[309], nu_theta_fit[317], nu_theta_fit[320], nu_theta_fit[321], nu_theta_fit[323], nu_theta_fit[324], nu_theta_fit[326], nu_theta_fit[328], nu_theta_fit[329], nu_theta_fit[331], nu_theta_fit[334], nu_theta_fit[336], nu_theta_fit[341], nu_theta_fit[343], nu_theta_fit[346], nu_theta_fit[350], nu_theta_fit[353], nu_theta_fit[356], nu_theta_fit[357], nu_theta_fit[360], nu_theta_fit[365], nu_theta_fit[373], nu_theta_fit[376], nu_theta_fit[377], nu_theta_fit[378], nu_theta_fit[379], nu_theta_fit[380], nu_theta_fit[382], nu_theta_fit[384], nu_theta_fit[385], nu_theta_fit[387], nu_theta_fit[389], nu_theta_fit[390], nu_theta_fit[392], nu_theta_fit[394], nu_theta_fit[402], nu_theta_fit[403], nu_theta_fit[405], nu_theta_fit[407], nu_theta_fit[408], nu_theta_fit[409], nu_theta_fit[411], nu_theta_fit[412], nu_theta_fit[413], nu_theta_fit[416], nu_theta_fit[417], nu_theta_fit[419], nu_theta_fit[421], nu_theta_fit[423], nu_theta_fit[425], nu_theta_fit[426], nu_theta_fit[427], nu_theta_fit[428], nu_theta_fit[429], nu_theta_fit[431], nu_theta_fit[432], nu_theta_fit[435], nu_theta_fit[436], nu_theta_fit[437], nu_theta_fit[441], nu_theta_fit[445], nu_theta_fit[446], nu_theta_fit[449], nu_theta_fit[451], nu_theta_fit[452], nu_theta_fit[454], nu_theta_fit[457], nu_theta_fit[459], nu_theta_fit[460], nu_theta_fit[461], nu_theta_fit[462], nu_theta_fit[464], nu_theta_fit[465], nu_theta_fit[466], nu_theta_fit[467], nu_theta_fit[470], nu_theta_fit[471], nu_theta_fit[473], nu_theta_fit[474], nu_theta_fit[476], nu_theta_fit[477], nu_theta_fit[478], nu_theta_fit[479], nu_theta_fit[480], nu_theta_fit[481], nu_theta_fit[486], nu_theta_fit[488], nu_theta_fit[490], nu_theta_fit[491], nu_theta_fit[492], nu_theta_fit[493], nu_theta_fit[494], nu_theta_fit[496], nu_theta_fit[498], nu_theta_fit[499], nu_theta_fit[500], nu_theta_fit[501], nu_theta_fit[502], nu_theta_fit[503], nu_theta_fit[505], nu_theta_fit[506], nu_theta_fit[507], nu_theta_fit[510], nu_theta_fit[511], nu_theta_fit[512], nu_theta_fit[513], nu_theta_fit[514], nu_theta_fit[518], nu_theta_fit[521], nu_theta_fit[522], nu_theta_fit[525], nu_theta_fit[527], nu_theta_fit[528], nu_theta_fit[529], nu_theta_fit[530], nu_theta_fit[531], nu_theta_fit[532], nu_theta_fit[533], nu_theta_fit[535], nu_theta_fit[536], nu_theta_fit[537], nu_theta_fit[538], nu_theta_fit[539], nu_theta_fit[540], exp_log_theta[53], exp_log_theta[90], exp_log_theta[109], exp_log_theta[155], exp_log_theta[172], exp_log_theta[197], exp_log_theta[209], exp_log_theta[211], exp_log_theta[216], exp_log_theta[227], exp_log_theta[267], exp_log_theta[271], exp_log_theta[287], exp_log_theta[459], exp_log_theta[473], exp_log_theta[476], exp_log_theta[486], exp_log_theta[488], exp_log_theta[496], exp_log_theta[501], exp_log_theta[505], exp_log_theta[507], exp_log_theta[528], exp_log_theta[529], exp_log_theta[533], exp_log_theta[535], exp_log_theta[537], exp_log_theta[540], theta[514], theta[559], theta[560], theta[561], theta[562], theta[605], theta[606], theta[607], theta[608], theta[625], theta[626], theta[648], theta[649], theta[650], theta[651], theta[664], theta[667], theta[668], theta[669], theta[670], theta[692], theta[693], theta[707], theta[708], theta[709], theta[710], theta[711], theta[712], theta[749], theta[750], theta[751], theta[752], theta[753], theta[790], theta[791], theta[792], theta[793], theta[830], theta[847], theta[848], theta[849], theta[850], theta[881], theta[882], theta[883], theta[884], theta[885], theta[914], theta[915], theta[940], theta[964], theta[985], theta[986], theta[1004]
Such high values indicate incomplete mixing and biased estimation.
You should consider regularizing your model with additional prior information or a more effective parameterization.

Processing complete.

Parameters from last iteration: [1.92933991e-01 3.92706841e-01 3.93835127e-01 ... 2.52446233e+02
 2.34132497e+02 2.33637469e+02]

Parameters from current iteration:
            [  0.44919003   0.48517174   0.48537496 ... 253.05557376 234.47084058
 233.82451484]

Updated uncertain values: [  0.256998     0.41582307   0.41672009 ... 252.59856815 234.21708314
 233.68423042]


            Iteration [   1]: Absolute Error = 3.0629432626562902,
            Percentage Error = 0.4407286879294165
            
Optimization Iteration[2/100]

Theta: [0.256998   0.41582307 0.41672009 ... 1.89790237 1.17596119 1.04626813]

Gamma: [606.13429822 587.31435474 531.94419361 ... 252.59856815 234.21708314
 233.68423042]

Solving the optimization problem...
Set parameter TokenServer to value "licenses.rcc.uchicago.edu"
Read LP format model from file /scratch/local/jobs/50255455/tmpu80_ln8u.pyomo.lp
Reading time = 2.23 seconds
x1: 417600 rows, 834801 columns, 2083271 nonzeros
Gurobi Optimizer version 11.0.0 build v11.0.0rc2 (linux64 - "CentOS Linux 8")

CPU model: Intel(R) Xeon(R) Gold 6248R CPU @ 3.00GHz, instruction set [SSE2|AVX|AVX2|AVX512]
Thread count: 48 physical cores, 48 logical processors, using up to 32 threads

Optimize a model with 417600 rows, 834801 columns and 2083271 nonzeros
Model fingerprint: 0xdabe7ada
Model has 400 quadratic objective terms
Coefficient statistics:
  Matrix range     [1e+00, 9e+02]
  Objective range  [1e-03, 6e+02]
  QObjective range [2e+03, 2e+05]
  Bounds range     [3e-06, 1e+00]
  RHS range        [9e-11, 4e-01]
Presolve removed 208947 rows and 209294 columns
Presolve time: 0.82s
Presolved: 208653 rows, 625507 columns, 1249571 nonzeros
Presolved model has 400 quadratic objective terms
Ordering time: 1.12s

Barrier statistics:
 AA' NZ     : 6.241e+05
 Factor NZ  : 6.773e+07 (roughly 900 MB of memory)
 Factor Ops : 2.543e+10 (less than 1 second per iteration)
 Threads    : 32

                  Objective                Residual
Iter       Primal          Dual         Primal    Dual     Compl     Time
   0  -2.87421023e+10  1.08047387e+08  1.04e+06 2.56e+02  9.97e+05     5s
   1  -1.34310598e+09  4.02548475e+07  4.74e+04 1.06e-12  5.17e+04     7s
   2  -9.75022891e+06  6.39592115e+06  1.24e+02 2.06e-12  1.51e+02     9s
   3  -1.06276739e+06  1.09972398e+06  1.70e+00 2.34e-12  4.38e+00    11s
   4  -1.85711731e+05  2.55946360e+05  5.77e-02 1.53e-12  5.80e-01    13s
   5  -3.61487678e+04  4.77598706e+04  2.30e-03 1.23e-12  1.01e-01    15s
   6  -9.42555990e+03  1.29049364e+04  3.26e-04 1.00e-12  2.68e-02    17s
   7  -3.13046219e+03  4.62653137e+03  8.46e-05 1.10e-12  9.31e-03    19s
   8  -1.33261805e+03  2.88055229e+03  2.13e-05 1.09e-12  5.05e-03    21s
   9  -4.91276598e+02  1.40477858e+03  8.34e-06 8.85e-13  2.27e-03    23s
  10   3.62970237e+01  5.24439203e+02  8.21e-07 6.19e-13  5.85e-04    25s
  11   1.89323676e+02  3.56394950e+02  1.26e-07 2.46e-13  2.00e-04    27s
  12   2.42273020e+02  3.04315866e+02  1.26e-08 2.34e-13  7.44e-05    29s
  13   2.53829832e+02  2.91440835e+02  5.04e-09 3.41e-13  4.51e-05    31s
  14   2.65921704e+02  2.81139530e+02  1.43e-09 2.56e-13  1.82e-05    33s
  15   2.69134886e+02  2.78434063e+02  6.00e-10 2.84e-13  1.11e-05    34s
  16   2.72006636e+02  2.76505718e+02  2.13e-10 3.41e-13  5.39e-06    36s
  17   2.73617372e+02  2.75467672e+02  2.49e-11 4.55e-13  2.22e-06    38s
  18   2.74302608e+02  2.75095304e+02  2.34e-12 4.55e-13  9.50e-07    40s
  19   2.74567384e+02  2.74972740e+02  8.31e-13 4.55e-13  4.86e-07    42s
  20   2.74635506e+02  2.74941901e+02  4.97e-13 4.55e-13  3.67e-07    44s
  21   2.74711869e+02  2.74908113e+02  2.05e-13 4.55e-13  2.35e-07    46s
  22   2.74784650e+02  2.74876341e+02  6.54e-14 4.55e-13  1.10e-07    48s
  23   2.74796050e+02  2.74871474e+02  4.64e-14 4.55e-13  9.04e-08    50s
  24   2.74819182e+02  2.74861733e+02  1.55e-14 3.41e-13  5.10e-08    51s
  25   2.74838823e+02  2.74853535e+02  3.37e-15 4.55e-13  1.76e-08    53s
  26   2.74843590e+02  2.74851568e+02  1.71e-15 4.55e-13  9.56e-09    55s
  27   2.74845866e+02  2.74850625e+02  1.08e-15 5.68e-13  5.71e-09    57s
  28   2.74848624e+02  2.74849509e+02  6.52e-15 6.82e-13  1.06e-09    59s
  29   2.74848893e+02  2.74849401e+02  2.18e-15 4.55e-13  6.09e-10    61s
  30   2.74849170e+02  2.74849289e+02  4.47e-15 5.68e-13  1.43e-10    63s
  31   2.74849242e+02  2.74849261e+02  3.01e-15 4.55e-13  2.23e-11    65s
  32   2.74849254e+02  2.74849256e+02  5.32e-15 6.82e-13  1.74e-12    66s

Barrier solved model in 32 iterations and 66.44 seconds (14.65 work units)
Optimal objective 2.74849254e+02

Done! Time elapsed: 99.70815873146057 seconds.
Starting HMC sampling...

                                                                                                                                                                                                                                                                                                                                
Finished sampling! Elapsed Time: 1063.3869678974152 seconds

Checking sampler transitions treedepth.
145 of 16000 (0.91%) transitions hit the maximum treedepth limit of 10, or 2^10 leapfrog steps.
Trajectories that are prematurely terminated due to this limit will result in slow exploration.
For optimal performance, increase this limit.

Checking sampler transitions for divergences.
49 of 16000 (0.31%) transitions ended with a divergence.
These divergent transitions indicate that HMC is not fully able to explore the posterior distribution.
Try increasing adapt delta closer to 1.
If this doesn't remove all divergences, try to reparameterize the model.

Checking E-BFMI - sampler transitions HMC potential energy.
E-BFMI satisfactory.

The following parameters had fewer than 0.001 effective draws per transition:
  log_precision_v_theta
Such low values indicate that the effective sample size estimators may be biased high and actual performance may be substantially lower than quoted.

The following parameters had rank-normalized split R-hat greater than 1.01:
  nu_theta_transform[14], nu_theta_transform[27], nu_theta_transform[34], nu_theta_transform[36], nu_theta_transform[47], nu_theta_transform[49], nu_theta_transform[52], nu_theta_transform[59], nu_theta_transform[61], nu_theta_transform[64], nu_theta_transform[68], log_precision_u_theta, log_precision_v_theta, sigma_u_theta, exp_log_theta[1], exp_log_theta[2], exp_log_theta[3], exp_log_theta[4], exp_log_theta[5], exp_log_theta[6], exp_log_theta[7], exp_log_theta[8], exp_log_theta[9], exp_log_theta[10], exp_log_theta[11], exp_log_theta[12], exp_log_theta[13], exp_log_theta[14], exp_log_theta[15], exp_log_theta[16], exp_log_theta[18], exp_log_theta[19], exp_log_theta[20], exp_log_theta[21], exp_log_theta[22], exp_log_theta[23], exp_log_theta[24], exp_log_theta[25], exp_log_theta[26], exp_log_theta[27], exp_log_theta[29], exp_log_theta[30], exp_log_theta[31], exp_log_theta[32], exp_log_theta[33], exp_log_theta[34], exp_log_theta[35], exp_log_theta[36], exp_log_theta[37], exp_log_theta[38], exp_log_theta[39], exp_log_theta[40], exp_log_theta[41], exp_log_theta[42], exp_log_theta[43], exp_log_theta[44], exp_log_theta[45], exp_log_theta[46], exp_log_theta[47], exp_log_theta[48], exp_log_theta[49], exp_log_theta[50], exp_log_theta[51], exp_log_theta[52], exp_log_theta[53], exp_log_theta[54], exp_log_theta[55], exp_log_theta[58], exp_log_theta[59], exp_log_theta[60], exp_log_theta[61], exp_log_theta[62], exp_log_theta[64], exp_log_theta[66], exp_log_theta[68], exp_log_theta[69], exp_log_theta[70], exp_log_theta[71], exp_log_theta[72], exp_log_theta[77], exp_log_theta[78], exp_log_theta[79], exp_log_theta[80], exp_log_theta[85], exp_log_theta[87], exp_log_theta[89], exp_log_theta[90], exp_log_theta[91], exp_log_theta[92], exp_log_theta[93], exp_log_theta[94], exp_log_theta[95], exp_log_theta[96], exp_log_theta[100], exp_log_theta[102], exp_log_theta[103], exp_log_theta[104], exp_log_theta[107], exp_log_theta[108], exp_log_theta[109], exp_log_theta[110], exp_log_theta[112], exp_log_theta[113], exp_log_theta[115], exp_log_theta[118], exp_log_theta[119], exp_log_theta[121], exp_log_theta[123], exp_log_theta[127], exp_log_theta[128], exp_log_theta[129], exp_log_theta[131], exp_log_theta[132], exp_log_theta[148], exp_log_theta[152], exp_log_theta[153], exp_log_theta[155], exp_log_theta[158], exp_log_theta[161], exp_log_theta[162], exp_log_theta[164], exp_log_theta[165], exp_log_theta[166], exp_log_theta[170], exp_log_theta[172], exp_log_theta[173], exp_log_theta[174], exp_log_theta[175], exp_log_theta[176], exp_log_theta[177], exp_log_theta[178], exp_log_theta[180], exp_log_theta[182], exp_log_theta[183], exp_log_theta[184], exp_log_theta[186], exp_log_theta[192], exp_log_theta[194], exp_log_theta[196], exp_log_theta[197], exp_log_theta[199], exp_log_theta[201], exp_log_theta[202], exp_log_theta[203], exp_log_theta[204], exp_log_theta[206], exp_log_theta[209], exp_log_theta[211], exp_log_theta[213], exp_log_theta[216], exp_log_theta[217], exp_log_theta[218], exp_log_theta[220], exp_log_theta[221], exp_log_theta[222], exp_log_theta[223], exp_log_theta[226], exp_log_theta[227], exp_log_theta[228], exp_log_theta[229], exp_log_theta[230], exp_log_theta[232], exp_log_theta[236], exp_log_theta[237], exp_log_theta[238], exp_log_theta[239], exp_log_theta[240], exp_log_theta[241], exp_log_theta[242], exp_log_theta[243], exp_log_theta[245], exp_log_theta[246], exp_log_theta[248], exp_log_theta[249], exp_log_theta[250], exp_log_theta[251], exp_log_theta[252], exp_log_theta[253], exp_log_theta[254], exp_log_theta[260], exp_log_theta[261], exp_log_theta[262], exp_log_theta[263], exp_log_theta[264], exp_log_theta[267], exp_log_theta[270], exp_log_theta[271], exp_log_theta[273], exp_log_theta[274], exp_log_theta[277], exp_log_theta[278], exp_log_theta[280], exp_log_theta[281], exp_log_theta[283], exp_log_theta[284], exp_log_theta[287], exp_log_theta[288], exp_log_theta[289], exp_log_theta[291], exp_log_theta[292], exp_log_theta[293], exp_log_theta[307], exp_log_theta[309], exp_log_theta[310], exp_log_theta[311], exp_log_theta[312], exp_log_theta[313], exp_log_theta[314], exp_log_theta[315], exp_log_theta[316], exp_log_theta[317], exp_log_theta[319], exp_log_theta[320], exp_log_theta[321], exp_log_theta[322], exp_log_theta[323], exp_log_theta[324], exp_log_theta[325], exp_log_theta[326], exp_log_theta[329], exp_log_theta[331], exp_log_theta[332], exp_log_theta[333], exp_log_theta[334], exp_log_theta[335], exp_log_theta[336], exp_log_theta[340], exp_log_theta[341], exp_log_theta[342], exp_log_theta[344], exp_log_theta[345], exp_log_theta[346], exp_log_theta[347], exp_log_theta[348], exp_log_theta[350], exp_log_theta[352], exp_log_theta[353], exp_log_theta[356], exp_log_theta[357], exp_log_theta[358], exp_log_theta[365], exp_log_theta[366], exp_log_theta[367], exp_log_theta[368], exp_log_theta[371], exp_log_theta[373], exp_log_theta[376], exp_log_theta[377], exp_log_theta[378], exp_log_theta[379], exp_log_theta[380], exp_log_theta[381], exp_log_theta[382], exp_log_theta[384], exp_log_theta[385], exp_log_theta[386], exp_log_theta[387], exp_log_theta[388], exp_log_theta[389], exp_log_theta[390], exp_log_theta[392], exp_log_theta[393], exp_log_theta[395], exp_log_theta[397], exp_log_theta[402], exp_log_theta[403], exp_log_theta[404], exp_log_theta[405], exp_log_theta[409], exp_log_theta[411], exp_log_theta[413], exp_log_theta[415], exp_log_theta[416], exp_log_theta[417], exp_log_theta[419], exp_log_theta[421], exp_log_theta[423], exp_log_theta[426], exp_log_theta[427], exp_log_theta[428], exp_log_theta[431], exp_log_theta[432], exp_log_theta[434], exp_log_theta[435], exp_log_theta[437], exp_log_theta[438], exp_log_theta[440], exp_log_theta[441], exp_log_theta[445], exp_log_theta[446], exp_log_theta[449], exp_log_theta[451], exp_log_theta[452], exp_log_theta[454], exp_log_theta[457], exp_log_theta[458], exp_log_theta[459], exp_log_theta[462], exp_log_theta[463], exp_log_theta[464], exp_log_theta[465], exp_log_theta[466], exp_log_theta[470], exp_log_theta[472], exp_log_theta[473], exp_log_theta[475], exp_log_theta[476], exp_log_theta[479], exp_log_theta[480], exp_log_theta[482], exp_log_theta[483], exp_log_theta[484], exp_log_theta[485], exp_log_theta[486], exp_log_theta[487], exp_log_theta[488], exp_log_theta[489], exp_log_theta[491], exp_log_theta[493], exp_log_theta[494], exp_log_theta[495], exp_log_theta[496], exp_log_theta[497], exp_log_theta[498], exp_log_theta[500], exp_log_theta[501], exp_log_theta[502], exp_log_theta[503], exp_log_theta[504], exp_log_theta[505], exp_log_theta[507], exp_log_theta[509], exp_log_theta[510], exp_log_theta[513], exp_log_theta[514], exp_log_theta[515], exp_log_theta[516], exp_log_theta[517], exp_log_theta[519], exp_log_theta[520], exp_log_theta[521], exp_log_theta[523], exp_log_theta[524], exp_log_theta[526], exp_log_theta[527], exp_log_theta[528], exp_log_theta[529], exp_log_theta[531], exp_log_theta[533], exp_log_theta[534], exp_log_theta[535], exp_log_theta[537], exp_log_theta[538], exp_log_theta[540], theta[126], theta[159], theta[196], theta[211], theta[217], theta[234], theta[249], theta[254], theta[255], theta[256], theta[257], theta[258], theta[272], theta[273], theta[276], theta[283], theta[287], theta[294], theta[298], theta[299], theta[300], theta[311], theta[312], theta[313], theta[314], theta[315], theta[316], theta[324], theta[325], theta[328], theta[329], theta[330], theta[331], theta[332], theta[333], theta[334], theta[335], theta[336], theta[337], theta[340], theta[341], theta[342], theta[348], theta[353], theta[359], theta[361], theta[362], theta[367], theta[368], theta[371], theta[372], theta[373], theta[374], theta[375], theta[376], theta[377], theta[378], theta[379], theta[380], theta[381], theta[382], theta[383], theta[391], theta[393], theta[397], theta[398], theta[399], theta[401], theta[404], theta[407], theta[410], theta[411], theta[412], theta[413], theta[414], theta[415], theta[416], theta[417], theta[418], theta[419], theta[420], theta[421], theta[422], theta[423], theta[426], theta[431], theta[432], theta[435], theta[436], theta[437], theta[439], theta[441], theta[442], theta[443], theta[444], theta[445], theta[453], theta[454], theta[457], theta[459], theta[460], theta[461], theta[462], theta[463], theta[464], theta[465], theta[466], theta[467], theta[468], theta[469], theta[472], theta[476], theta[477], theta[478], theta[479], theta[481], theta[482], theta[483], theta[484], theta[485], theta[487], theta[488], theta[489], theta[490], theta[491], theta[493], theta[500], theta[505], theta[506], theta[507], theta[508], theta[509], theta[510], theta[511], theta[512], theta[513], theta[514], theta[515], theta[519], theta[520], theta[522], theta[523], theta[524], theta[525], theta[526], theta[528], theta[529], theta[531], theta[533], theta[535], theta[536], theta[537], theta[538], theta[539], theta[543], theta[546], theta[547], theta[552], theta[553], theta[554], theta[555], theta[559], theta[560], theta[561], theta[562], theta[563], theta[567], theta[568], theta[569], theta[570], theta[571], theta[572], theta[573], theta[574], theta[575], theta[576], theta[578], theta[579], theta[580], theta[581], theta[582], theta[583], theta[584], theta[585], theta[587], theta[588], theta[592], theta[598], theta[599], theta[600], theta[604], theta[605], theta[606], theta[607], theta[608], theta[609], theta[610], theta[611], theta[612], theta[613], theta[614], theta[618], theta[619], theta[622], theta[623], theta[624], theta[625], theta[626], theta[627], theta[628], theta[629], theta[630], theta[631], theta[634], theta[635], theta[639], theta[640], theta[641], theta[642], theta[643], theta[647], theta[648], theta[649], theta[650], theta[651], theta[652], theta[653], theta[654], theta[655], theta[660], theta[661], theta[662], theta[663], theta[664], theta[665], theta[666], theta[667], theta[668], theta[669], theta[670], theta[671], theta[672], theta[673], theta[675], theta[676], theta[677], theta[678], theta[682], theta[683], theta[684], theta[685], theta[686], theta[691], theta[692], theta[693], theta[694], theta[695], theta[696], theta[697], theta[698], theta[699], theta[700], theta[701], theta[702], theta[703], theta[704], theta[705], theta[706], theta[707], theta[708], theta[709], theta[710], theta[711], theta[712], theta[713], theta[714], theta[715], theta[717], theta[718], theta[719], theta[720], theta[721], theta[725], theta[726], theta[727], theta[728], theta[729], theta[735], theta[736], theta[738], theta[739], theta[740], theta[741], theta[742], theta[743], theta[744], theta[745], theta[746], theta[747], theta[748], theta[749], theta[750], theta[751], theta[752], theta[753], theta[754], theta[757], theta[760], theta[761], theta[762], theta[763], theta[768], theta[769], theta[770], theta[771], theta[772], theta[777], theta[778], theta[780], theta[781], theta[782], theta[783], theta[786], theta[787], theta[788], theta[789], theta[790], theta[791], theta[792], theta[793], theta[794], theta[796], theta[797], theta[798], theta[799], theta[800], theta[801], theta[802], theta[805], theta[809], theta[810], theta[811], theta[812], theta[817], theta[818], theta[820], theta[821], theta[822], theta[823], theta[824], theta[825], theta[826], theta[829], theta[830], theta[831], theta[832], theta[836], theta[837], theta[838], theta[839], theta[840], theta[841], theta[842], theta[844], theta[846], theta[847], theta[848], theta[849], theta[850], theta[851], theta[852], theta[858], theta[859], theta[860], theta[861], theta[862], theta[863], theta[867], theta[868], theta[869], theta[871], theta[872], theta[873], theta[874], theta[875], theta[876], theta[877], theta[878], theta[879], theta[880], theta[881], theta[882], theta[883], theta[884], theta[885], theta[886], theta[887], theta[888], theta[889], theta[893], theta[894], theta[896], theta[899], theta[900], theta[902], theta[903], theta[904], theta[905], theta[906], theta[907], theta[908], theta[909], theta[913], theta[914], theta[915], theta[916], theta[917], theta[918], theta[919], theta[920], theta[924], theta[925], theta[926], theta[927], theta[928], theta[929], theta[930], theta[931], theta[932], theta[933], theta[934], theta[939], theta[940], theta[941], theta[942], theta[943], theta[944], theta[945], theta[947], theta[948], theta[949], theta[950], theta[951], theta[952], theta[953], theta[954], theta[955], theta[956], theta[957], theta[959], theta[963], theta[964], theta[965], theta[966], theta[967], theta[968], theta[969], theta[972], theta[973], theta[974], theta[975], theta[976], theta[977], theta[978], theta[979], theta[980], theta[981], theta[985], theta[986], theta[987], theta[989], theta[990], theta[991], theta[994], theta[995], theta[996], theta[997], theta[998], theta[1000], theta[1003], theta[1004], theta[1007], theta[1008], theta[1009], theta[1010], theta[1011], theta[1012], theta[1013], theta[1016], theta[1019], theta[1020], theta[1021], theta[1022], theta[1023], theta[1024], theta[1026], theta[1027], theta[1028], theta[1029], theta[1030], theta[1031], theta[1032], theta[1033], theta[1034], theta[1035], theta[1036], theta[1039], theta[1040], theta[1041]
Such high values indicate incomplete mixing and biased estimation.
You should consider regularizing your model with additional prior information or a more effective parameterization.

Processing complete.

Parameters from last iteration: [  0.256998     0.41582307   0.41672009 ... 252.59856815 234.21708314
 233.68423042]

Parameters from current iteration:
            [  0.45394366   0.46217678   0.46222328 ... 252.86712294 234.30396522
 233.72831781]

Updated uncertain values: [  0.30623442   0.42741149   0.42809588 ... 252.66570685 234.23880366
 233.69525227]


            Iteration [   2]: Absolute Error = 1.9849680011718647,
            Percentage Error = 0.24704696584009878
            
Optimization Iteration[3/100]

Theta: [0.30623442 0.42741149 0.42809588 ... 1.67845494 1.16618067 1.07432691]

Gamma: [606.43688722 587.60857098 532.15754384 ... 252.66570685 234.23880366
 233.69525227]

Solving the optimization problem...
Set parameter TokenServer to value "licenses.rcc.uchicago.edu"
Read LP format model from file /scratch/local/jobs/50255455/tmphneqe8q8.pyomo.lp
Reading time = 2.17 seconds
x1: 417600 rows, 834801 columns, 2083271 nonzeros
Gurobi Optimizer version 11.0.0 build v11.0.0rc2 (linux64 - "CentOS Linux 8")

CPU model: Intel(R) Xeon(R) Gold 6248R CPU @ 3.00GHz, instruction set [SSE2|AVX|AVX2|AVX512]
Thread count: 48 physical cores, 48 logical processors, using up to 32 threads

Optimize a model with 417600 rows, 834801 columns and 2083271 nonzeros
Model fingerprint: 0xd42f7989
Model has 400 quadratic objective terms
Coefficient statistics:
  Matrix range     [1e+00, 9e+02]
  Objective range  [1e-03, 6e+02]
  QObjective range [2e+03, 2e+05]
  Bounds range     [3e-06, 1e+00]
  RHS range        [9e-11, 4e-01]
Presolve removed 208947 rows and 209294 columns
Presolve time: 0.81s
Presolved: 208653 rows, 625507 columns, 1249571 nonzeros
Presolved model has 400 quadratic objective terms
Ordering time: 0.86s

Barrier statistics:
 AA' NZ     : 6.241e+05
 Factor NZ  : 6.773e+07 (roughly 900 MB of memory)
 Factor Ops : 2.543e+10 (less than 1 second per iteration)
 Threads    : 32

                  Objective                Residual
Iter       Primal          Dual         Primal    Dual     Compl     Time
   0  -2.90703262e+10  1.08047370e+08  1.04e+06 2.55e+02  9.97e+05     5s
   1  -1.35892200e+09  4.02528301e+07  4.75e+04 1.08e-12  5.18e+04     7s
   2  -9.79698725e+06  6.39665428e+06  1.25e+02 1.64e-12  1.51e+02     9s
   3  -1.06310109e+06  1.09945818e+06  1.70e+00 2.37e-12  4.38e+00    11s
   4  -1.85770787e+05  2.55895945e+05  5.78e-02 1.62e-12  5.80e-01    13s
   5  -3.62080018e+04  4.77411346e+04  2.31e-03 1.22e-12  1.01e-01    14s
   6  -8.72381975e+03  1.16148134e+04  2.56e-04 2.69e-12  2.44e-02    17s
   7  -3.10110634e+03  4.06588638e+03  6.26e-05 8.63e-13  8.60e-03    18s
   8  -9.54487507e+02  1.94217575e+03  7.93e-06 7.14e-13  3.47e-03    20s
   9  -3.15640949e+02  9.30437635e+02  2.48e-06 4.49e-13  1.49e-03    22s
  10   5.04423438e+01  3.66699947e+02  1.34e-07 3.39e-13  3.79e-04    24s
  11   1.56004490e+02  2.58796522e+02  9.08e-09 2.31e-13  1.23e-04    27s
  12   1.85560486e+02  2.27695156e+02  1.34e-09 2.27e-13  5.05e-05    29s
  13   1.94840514e+02  2.19968364e+02  6.72e-10 1.99e-13  3.01e-05    30s
  14   2.01848016e+02  2.14867363e+02  2.43e-10 2.27e-13  1.56e-05    32s
  15   2.06446652e+02  2.11679542e+02  5.27e-11 4.55e-13  6.27e-06    34s
  16   2.07645970e+02  2.10889422e+02  2.27e-11 3.41e-13  3.89e-06    36s
  17   2.08924822e+02  2.10167962e+02  6.67e-12 4.55e-13  1.49e-06    38s
  18   2.09335324e+02  2.09954187e+02  2.54e-12 3.41e-13  7.42e-07    40s
  19   2.09517327e+02  2.09863596e+02  9.65e-13 3.41e-13  4.15e-07    42s
  20   2.09587952e+02  2.09830106e+02  4.56e-13 5.68e-13  2.90e-07    44s
  21   2.09635992e+02  2.09808265e+02  2.93e-13 4.55e-13  2.07e-07    45s
  22   2.09697398e+02  2.09780833e+02  1.03e-13 4.55e-13  1.00e-07    47s
  23   2.09733312e+02  2.09765066e+02  1.13e-14 4.55e-13  3.81e-08    49s
  24   2.09745042e+02  2.09760151e+02  2.29e-15 4.55e-13  1.81e-08    51s
  25   2.09752531e+02  2.09757067e+02  8.02e-16 4.55e-13  5.44e-09    53s
  26   2.09753863e+02  2.09756527e+02  2.20e-15 5.68e-13  3.19e-09    55s
  27   2.09755159e+02  2.09756003e+02  1.96e-15 4.55e-13  1.01e-09    57s
  28   2.09755657e+02  2.09755802e+02  2.05e-15 5.68e-13  1.74e-10    59s
  29   2.09755745e+02  2.09755767e+02  3.87e-15 5.68e-13  2.66e-11    61s
  30   2.09755759e+02  2.09755761e+02  1.19e-15 5.68e-13  2.69e-12    63s
  31   2.09755761e+02  2.09755761e+02  4.33e-16 4.55e-13  3.30e-14    64s

Barrier solved model in 31 iterations and 64.47 seconds (14.31 work units)
Optimal objective 2.09755761e+02

Done! Time elapsed: 94.62606191635132 seconds.
Starting HMC sampling...

                                                                                                                                                                                                                                                                                                                                
Finished sampling! Elapsed Time: 891.0777475833893 seconds

Checking sampler transitions treedepth.
143 of 16000 (0.89%) transitions hit the maximum treedepth limit of 10, or 2^10 leapfrog steps.
Trajectories that are prematurely terminated due to this limit will result in slow exploration.
For optimal performance, increase this limit.

Checking sampler transitions for divergences.
110 of 16000 (0.69%) transitions ended with a divergence.
These divergent transitions indicate that HMC is not fully able to explore the posterior distribution.
Try increasing adapt delta closer to 1.
If this doesn't remove all divergences, try to reparameterize the model.

Checking E-BFMI - sampler transitions HMC potential energy.
E-BFMI satisfactory.

The following parameters had fewer than 0.001 effective draws per transition:
  log_precision_v_theta
Such low values indicate that the effective sample size estimators may be biased high and actual performance may be substantially lower than quoted.

The following parameters had rank-normalized split R-hat greater than 1.01:
  log_precision_v_theta
Such high values indicate incomplete mixing and biased estimation.
You should consider regularizing your model with additional prior information or a more effective parameterization.

Processing complete.

Parameters from last iteration: [  0.30623442   0.42741149   0.42809588 ... 252.66570685 234.23880366
 233.69525227]

Parameters from current iteration:
            [  0.42225699   0.41646484   0.41643213 ... 252.84804903 234.36661242
 233.84205912]

Updated uncertain values: [  0.33524006   0.42467483   0.42517994 ... 252.71129239 234.27075585
 233.73195398]


            Iteration [   3]: Absolute Error = 1.0566353127051116,
            Percentage Error = 0.19571914772176952
            
Optimization Iteration[4/100]

Theta: [0.33524006 0.42467483 0.42517994 ... 1.52656258 1.17065466 1.10714617]

Gamma: [606.61876729 587.76269452 532.2464159  ... 252.71129239 234.27075585
 233.73195398]

Solving the optimization problem...
Set parameter TokenServer to value "licenses.rcc.uchicago.edu"
Read LP format model from file /scratch/local/jobs/50255455/tmp6n9imemt.pyomo.lp
Reading time = 2.21 seconds
x1: 417600 rows, 834801 columns, 2083271 nonzeros
Gurobi Optimizer version 11.0.0 build v11.0.0rc2 (linux64 - "CentOS Linux 8")

CPU model: Intel(R) Xeon(R) Gold 6248R CPU @ 3.00GHz, instruction set [SSE2|AVX|AVX2|AVX512]
Thread count: 48 physical cores, 48 logical processors, using up to 32 threads

Optimize a model with 417600 rows, 834801 columns and 2083271 nonzeros
Model fingerprint: 0x9f71134b
Model has 400 quadratic objective terms
Coefficient statistics:
  Matrix range     [1e+00, 9e+02]
  Objective range  [1e-03, 6e+02]
  QObjective range [2e+03, 2e+05]
  Bounds range     [3e-06, 1e+00]
  RHS range        [9e-11, 4e-01]
Presolve removed 208947 rows and 209294 columns
Presolve time: 0.81s
Presolved: 208653 rows, 625507 columns, 1249571 nonzeros
Presolved model has 400 quadratic objective terms
Ordering time: 0.89s

Barrier statistics:
 AA' NZ     : 6.241e+05
 Factor NZ  : 6.773e+07 (roughly 900 MB of memory)
 Factor Ops : 2.543e+10 (less than 1 second per iteration)
 Threads    : 32

                  Objective                Residual
Iter       Primal          Dual         Primal    Dual     Compl     Time
   0  -1.39712724e+11  1.10640369e+11  1.04e+06 1.13e-13  1.00e+06     6s
   1  -6.45168980e+10  6.33675181e+10  4.43e+04 3.08e+01  4.67e+04     7s
   2  -3.05790596e+10  3.06542017e+10  4.48e+02 1.24e-01  5.43e+02     9s
   3  -1.08845963e+10  1.09729155e+10  3.21e+00 1.55e-12  2.86e+01    11s
   4  -2.40151363e+09  2.49944298e+09  2.67e-01 1.39e-12  5.95e+00    16s
   5  -5.82485987e+08  6.48666640e+08  3.65e-02 5.25e-12  1.46e+00    21s
   6  -9.63008023e+07  1.09582682e+08  2.74e-03 1.29e-12  2.41e-01    25s
   7  -1.41040833e+07  1.68783021e+07  2.74e-09 1.29e-12  3.63e-02    30s
   8  -2.06570857e+06  2.46077945e+06  2.61e-13 1.18e-12  5.30e-03    33s
   9  -3.06860844e+05  3.78122867e+05  4.11e-14 3.32e-13  8.02e-04    35s
  10  -4.58762192e+04  5.47290464e+04  2.22e-14 5.66e-14  1.18e-04    37s
  11  -7.03661054e+03  8.41885812e+03  1.40e-14 8.29e-15  1.81e-05    38s
  12  -1.61427530e+03  1.81443485e+03  1.49e-14 1.73e-15  4.01e-06    42s
  13  -4.11926721e+02  9.91053242e+02  1.64e-15 4.44e-16  1.64e-06    44s
  14   3.42567805e+00  3.67925458e+02  5.14e-16 4.44e-16  4.27e-07    46s
  15   9.08246878e+01  2.57130899e+02  2.04e-16 6.66e-16  1.95e-07    48s
  16   1.44043895e+02  1.94846883e+02  1.32e-16 4.44e-16  5.95e-08    50s
  17   1.56571290e+02  1.82420686e+02  5.92e-17 4.44e-16  3.03e-08    52s
  18   1.63473427e+02  1.77075821e+02  4.23e-17 4.44e-16  1.59e-08    54s
  19   1.67847748e+02  1.74126613e+02  4.90e-17 4.44e-16  7.35e-09    56s
  20   1.68915139e+02  1.73496012e+02  3.19e-17 3.33e-16  5.36e-09    57s
  21   1.70366606e+02  1.72693461e+02  4.42e-17 3.33e-16  2.72e-09    59s
  22   1.70698384e+02  1.72519286e+02  3.84e-17 3.33e-16  2.13e-09    61s
  23   1.71240593e+02  1.72243641e+02  6.29e-17 5.55e-16  1.17e-09    63s
  24   1.71377297e+02  1.72178431e+02  6.18e-17 4.44e-16  9.38e-10    64s
  25   1.71565353e+02  1.72090381e+02  1.10e-16 3.33e-16  6.15e-10    66s
  26   1.71688502e+02  1.72034046e+02  1.09e-16 3.33e-16  4.05e-10    68s
  27   1.71752907e+02  1.72005054e+02  9.80e-17 3.33e-16  2.95e-10    70s
  28   1.71802549e+02  1.71983130e+02  1.19e-16 4.44e-16  2.11e-10    71s
  29   1.71848005e+02  1.71963511e+02  1.46e-16 4.44e-16  1.35e-10    73s
  30   1.71884536e+02  1.71947758e+02  1.44e-16 4.44e-16  7.40e-11    75s
  31   1.71905494e+02  1.71939061e+02  2.71e-16 4.44e-16  3.93e-11    77s
  32   1.71922987e+02  1.71931872e+02  3.65e-16 4.44e-16  1.04e-11    79s
  33   1.71923335e+02  1.71931730e+02  3.50e-16 4.44e-16  9.83e-12    81s
  34   1.71927080e+02  1.71930207e+02  1.28e-15 4.44e-16  3.66e-12    82s
  35   1.71928197e+02  1.71929759e+02  3.08e-15 4.44e-16  1.83e-12    84s
  36   1.71928785e+02  1.71929524e+02  2.95e-15 4.44e-16  8.65e-13    86s
  37   1.71929228e+02  1.71929346e+02  2.97e-15 4.44e-16  1.39e-13    88s
  38   1.71929284e+02  1.71929324e+02  2.29e-15 4.44e-16  4.75e-14    90s
  39   1.71929310e+02  1.71929314e+02  1.13e-15 5.55e-16  4.39e-15    92s

Barrier solved model in 39 iterations and 91.66 seconds (17.75 work units)
Optimal objective 1.71929310e+02

Done! Time elapsed: 122.04756450653076 seconds.
Starting HMC sampling...

                                                                                                                                                                                                                                                                                                                                
Finished sampling! Elapsed Time: 832.3520095348358 seconds

Checking sampler transitions treedepth.
105 of 16000 (0.66%) transitions hit the maximum treedepth limit of 10, or 2^10 leapfrog steps.
Trajectories that are prematurely terminated due to this limit will result in slow exploration.
For optimal performance, increase this limit.

Checking sampler transitions for divergences.
26 of 16000 (0.16%) transitions ended with a divergence.
These divergent transitions indicate that HMC is not fully able to explore the posterior distribution.
Try increasing adapt delta closer to 1.
If this doesn't remove all divergences, try to reparameterize the model.

Checking E-BFMI - sampler transitions HMC potential energy.
E-BFMI satisfactory.

Rank-normalized split effective sample size satisfactory for all parameters.

The following parameters had rank-normalized split R-hat greater than 1.01:
  log_precision_v_theta
Such high values indicate incomplete mixing and biased estimation.
You should consider regularizing your model with additional prior information or a more effective parameterization.

Processing complete.

Parameters from last iteration: [  0.33524006   0.42467483   0.42517994 ... 252.71129239 234.27075585
 233.73195398]

Parameters from current iteration:
            [  0.38536579   0.38879642   0.38881579 ... 252.89593283 234.40902139
 233.84275297]

Updated uncertain values: [  0.34777149   0.41570523   0.41608891 ... 252.7574525  234.30532224
 233.75965373]


            Iteration [   4]: Absolute Error = 0.7013538546801783,
            Percentage Error = 0.16430518757545595
            
Optimization Iteration[5/100]

Theta: [0.34777149 0.41570523 0.41608891 ... 1.42298367 1.17666204 1.13304735]

Gamma: [606.61137575 587.76201808 532.25076507 ... 252.7574525  234.30532224
 233.75965373]

Solving the optimization problem...
Set parameter TokenServer to value "licenses.rcc.uchicago.edu"
Read LP format model from file /scratch/local/jobs/50255455/tmptx5fa4gx.pyomo.lp
Reading time = 2.15 seconds
x1: 417600 rows, 834801 columns, 2083271 nonzeros
Gurobi Optimizer version 11.0.0 build v11.0.0rc2 (linux64 - "CentOS Linux 8")

CPU model: Intel(R) Xeon(R) Gold 6248R CPU @ 3.00GHz, instruction set [SSE2|AVX|AVX2|AVX512]
Thread count: 48 physical cores, 48 logical processors, using up to 32 threads

Optimize a model with 417600 rows, 834801 columns and 2083271 nonzeros
Model fingerprint: 0xe10ed9f4
Model has 400 quadratic objective terms
Coefficient statistics:
  Matrix range     [1e+00, 9e+02]
  Objective range  [1e-03, 6e+02]
  QObjective range [2e+03, 2e+05]
  Bounds range     [3e-06, 1e+00]
  RHS range        [9e-11, 4e-01]
Presolve removed 208947 rows and 209294 columns
Presolve time: 0.81s
Presolved: 208653 rows, 625507 columns, 1249571 nonzeros
Presolved model has 400 quadratic objective terms
Ordering time: 1.23s

Barrier statistics:
 AA' NZ     : 6.241e+05
 Factor NZ  : 6.773e+07 (roughly 900 MB of memory)
 Factor Ops : 2.543e+10 (less than 1 second per iteration)
 Threads    : 32

                  Objective                Residual
Iter       Primal          Dual         Primal    Dual     Compl     Time
   0  -2.93694252e+10  1.08047354e+08  1.04e+06 2.55e+02  9.97e+05     6s
   1  -1.37288557e+09  4.02433160e+07  4.75e+04 9.47e-13  5.18e+04     8s
   2  -9.83784964e+06  6.39601097e+06  1.25e+02 2.15e-12  1.51e+02    10s
   3  -1.06316349e+06  1.09899310e+06  1.70e+00 2.37e-12  4.38e+00    12s
   4  -1.85786374e+05  2.55805244e+05  5.79e-02 2.05e-12  5.80e-01    14s
   5  -3.62517730e+04  4.77090639e+04  2.32e-03 1.18e-12  1.01e-01    16s
   6  -7.74317780e+03  9.85996313e+03  1.56e-04 2.36e-12  2.11e-02    18s
   7  -2.77775100e+03  3.45708834e+03  3.70e-05 6.41e-13  7.48e-03    19s
   8  -7.85690627e+02  1.28152442e+03  5.67e-06 4.41e-13  2.48e-03    21s
   9  -4.05875262e+02  8.83486208e+02  2.44e-06 2.70e-13  1.55e-03    23s
  10  -1.42411790e+01  3.07847042e+02  2.49e-07 3.92e-13  3.86e-04    25s
  11   9.75886876e+01  1.93210398e+02  2.49e-13 4.55e-13  1.15e-04    28s
  12   1.15466255e+02  1.77161901e+02  1.25e-13 3.41e-13  7.40e-05    30s
  13   1.34122426e+02  1.61113338e+02  4.12e-14 3.41e-13  3.24e-05    31s
  14   1.39474983e+02  1.56962360e+02  2.00e-14 2.32e-13  2.10e-05    33s
  15   1.44551489e+02  1.53328199e+02  7.39e-15 3.41e-13  1.05e-05    35s
  16   1.46815816e+02  1.51861621e+02  3.60e-15 3.41e-13  6.05e-06    37s
  17   1.48432617e+02  1.50875008e+02  1.26e-15 4.55e-13  2.93e-06    39s
  18   1.49298497e+02  1.50393713e+02  3.97e-16 3.41e-13  1.31e-06    41s
  19   1.49634472e+02  1.50222809e+02  1.99e-16 4.55e-13  7.05e-07    43s
  20   1.49751483e+02  1.50166311e+02  1.78e-16 3.41e-13  4.97e-07    44s
  21   1.49870338e+02  1.50111168e+02  1.98e-16 3.41e-13  2.89e-07    46s
  22   1.49910567e+02  1.50093072e+02  1.80e-16 3.41e-13  2.19e-07    48s
  23   1.49954313e+02  1.50073492e+02  1.19e-16 3.41e-13  1.43e-07    50s
  24   1.49993930e+02  1.50056387e+02  2.25e-16 4.55e-13  7.49e-08    52s
  25   1.50017128e+02  1.50046455e+02  2.54e-16 4.55e-13  3.52e-08    54s
  26   1.50026599e+02  1.50042556e+02  3.00e-16 4.55e-13  1.91e-08    55s
  27   1.50033485e+02  1.50039751e+02  4.47e-16 5.68e-13  7.51e-09    58s
  28   1.50036396e+02  1.50038569e+02  1.56e-15 5.68e-13  2.60e-09    60s
  29   1.50037334e+02  1.50038194e+02  1.36e-15 5.68e-13  1.03e-09    62s
  30   1.50037817e+02  1.50038001e+02  1.51e-15 4.55e-13  2.20e-10    63s
  31   1.50037905e+02  1.50037966e+02  1.73e-15 4.55e-13  7.32e-11    65s
  32   1.50037940e+02  1.50037952e+02  1.39e-15 5.68e-13  1.38e-11    67s
  33   1.50037946e+02  1.50037950e+02  4.70e-16 4.55e-13  4.60e-12    69s
  34   1.50037948e+02  1.50037948e+02  5.93e-16 5.68e-13  6.80e-15    71s

Barrier solved model in 34 iterations and 70.76 seconds (15.45 work units)
Optimal objective 1.50037948e+02

Done! Time elapsed: 100.98180365562439 seconds.
Starting HMC sampling...

                                                                                                                                                                                                                                                                                                                                
Finished sampling! Elapsed Time: 878.4755578041077 seconds

Checking sampler transitions treedepth.
96 of 16000 (0.60%) transitions hit the maximum treedepth limit of 10, or 2^10 leapfrog steps.
Trajectories that are prematurely terminated due to this limit will result in slow exploration.
For optimal performance, increase this limit.

Checking sampler transitions for divergences.
No divergent transitions found.

Checking E-BFMI - sampler transitions HMC potential energy.
E-BFMI satisfactory.

The following parameters had fewer than 0.001 effective draws per transition:
  log_precision_v_theta
Such low values indicate that the effective sample size estimators may be biased high and actual performance may be substantially lower than quoted.

The following parameters had rank-normalized split R-hat greater than 1.01:
  log_precision_v_theta
Such high values indicate incomplete mixing and biased estimation.
You should consider regularizing your model with additional prior information or a more effective parameterization.

Processing complete.

Parameters from last iteration: [  0.34777149   0.41570523   0.41608891 ... 252.7574525  234.30532224
 233.75965373]

Parameters from current iteration:
            [  0.35435688   0.35666699   0.35668004 ... 252.92329441 234.4503539
 233.9212046 ]

Updated uncertain values: [  0.34941784   0.40094567   0.40123669 ... 252.79891298 234.34158015
 233.80004145]


            Iteration [   5]: Absolute Error = 0.5538253904321664,
            Percentage Error = 0.12740209441442626
            
Optimization Iteration[6/100]

Theta: [0.34941784 0.40094567 0.40123669 ... 1.35352735 1.18466212 1.15512222]

Gamma: [606.53218579 587.68794339 532.16589865 ... 252.79891298 234.34158015
 233.80004145]

Solving the optimization problem...
Set parameter TokenServer to value "licenses.rcc.uchicago.edu"
Read LP format model from file /scratch/local/jobs/50255455/tmpu_t355eg.pyomo.lp
Reading time = 2.17 seconds
x1: 417600 rows, 834801 columns, 2083271 nonzeros
Gurobi Optimizer version 11.0.0 build v11.0.0rc2 (linux64 - "CentOS Linux 8")

CPU model: Intel(R) Xeon(R) Gold 6248R CPU @ 3.00GHz, instruction set [SSE2|AVX|AVX2|AVX512]
Thread count: 48 physical cores, 48 logical processors, using up to 32 threads

Optimize a model with 417600 rows, 834801 columns and 2083271 nonzeros
Model fingerprint: 0x2f943c73
Model has 400 quadratic objective terms
Coefficient statistics:
  Matrix range     [1e+00, 9e+02]
  Objective range  [1e-03, 6e+02]
  QObjective range [2e+03, 2e+05]
  Bounds range     [3e-06, 1e+00]
  RHS range        [9e-11, 4e-01]
Presolve removed 208947 rows and 209294 columns
Presolve time: 0.81s
Presolved: 208653 rows, 625507 columns, 1249571 nonzeros
Presolved model has 400 quadratic objective terms
Ordering time: 0.92s

Barrier statistics:
 AA' NZ     : 6.241e+05
 Factor NZ  : 6.773e+07 (roughly 900 MB of memory)
 Factor Ops : 2.543e+10 (less than 1 second per iteration)
 Threads    : 32

                  Objective                Residual
Iter       Primal          Dual         Primal    Dual     Compl     Time
   0  -1.39876109e+11  1.10640369e+11  1.04e+06 1.13e-13  1.00e+06     5s
   1  -6.45238146e+10  6.33675210e+10  4.43e+04 3.08e+01  4.67e+04     7s
   2  -3.05791306e+10  3.06542031e+10  4.48e+02 1.24e-01  5.43e+02     9s
   3  -1.08845972e+10  1.09729161e+10  3.21e+00 1.50e-12  2.86e+01    11s
   4  -2.40151400e+09  2.49944334e+09  2.67e-01 1.47e-12  5.95e+00    16s
   5  -5.82485923e+08  6.48666557e+08  3.65e-02 2.91e-12  1.46e+00    21s
   6  -9.63007690e+07  1.09582597e+08  2.74e-03 1.44e-12  2.41e-01    25s
   7  -1.41041011e+07  1.68782557e+07  2.74e-09 2.01e-12  3.63e-02    30s
   8  -2.06573904e+06  2.46076227e+06  2.63e-13 8.51e-13  5.30e-03    33s
   9  -3.06882921e+05  3.78045225e+05  4.59e-14 3.61e-13  8.02e-04    35s
  10  -4.59009045e+04  5.46796969e+04  2.03e-14 5.81e-14  1.18e-04    37s
  11  -7.06098990e+03  8.37053360e+03  1.46e-14 6.77e-15  1.81e-05    39s
  12  -1.13595248e+03  1.37085252e+03  1.62e-14 1.72e-15  2.93e-06    41s
  13  -2.48704018e+02  4.69701583e+02  8.17e-16 5.55e-16  8.41e-07    44s
  14   4.52793336e+00  2.87543846e+02  4.01e-16 4.44e-16  3.31e-07    46s
  15   8.66869056e+01  1.84689290e+02  1.85e-16 3.33e-16  1.15e-07    48s
  16   1.19584493e+02  1.49885199e+02  1.01e-16 3.33e-16  3.55e-08    51s
  17   1.30851392e+02  1.40871107e+02  5.25e-17 4.44e-16  1.17e-08    53s
  18   1.32550219e+02  1.39875872e+02  5.55e-17 4.44e-16  8.58e-09    55s
  19   1.33089019e+02  1.39602335e+02  4.92e-17 4.44e-16  7.63e-09    57s
  20   1.34501827e+02  1.38844990e+02  3.43e-17 3.33e-16  5.08e-09    59s
  21   1.35004482e+02  1.38610274e+02  1.31e-16 3.33e-16  4.22e-09    60s
  22   1.36122593e+02  1.38092525e+02  1.41e-16 4.44e-16  2.31e-09    62s
  23   1.36790481e+02  1.37790779e+02  1.60e-16 4.44e-16  1.17e-09    65s
  24   1.36933964e+02  1.37729090e+02  1.36e-16 3.33e-16  9.31e-10    66s
  25   1.37103460e+02  1.37655729e+02  9.87e-17 3.33e-16  6.47e-10    68s
  26   1.37188680e+02  1.37619584e+02  1.43e-16 3.33e-16  5.04e-10    70s
  27   1.37291131e+02  1.37576043e+02  1.21e-16 3.33e-16  3.34e-10    72s
  28   1.37355297e+02  1.37549158e+02  1.58e-16 4.44e-16  2.27e-10    73s
  29   1.37369258e+02  1.37543331e+02  1.72e-16 4.44e-16  2.04e-10    75s
  30   1.37407244e+02  1.37527471e+02  1.29e-16 3.33e-16  1.41e-10    77s
  31   1.37438465e+02  1.37514541e+02  1.62e-16 4.44e-16  8.91e-11    79s
  32   1.37456771e+02  1.37507113e+02  1.95e-16 4.44e-16  5.89e-11    81s
  33   1.37478111e+02  1.37498328e+02  3.81e-16 3.33e-16  2.37e-11    82s
  34   1.37484942e+02  1.37495553e+02  3.99e-16 3.33e-16  1.24e-11    84s
  35   1.37489333e+02  1.37493785e+02  1.26e-15 4.44e-16  5.21e-12    86s
  36   1.37489487e+02  1.37493724e+02  1.17e-15 3.33e-16  4.96e-12    88s
  37   1.37491197e+02  1.37493040e+02  2.82e-15 4.44e-16  2.16e-12    89s
  38   1.37491917e+02  1.37492753e+02  5.77e-15 3.33e-16  9.79e-13    91s
  39   1.37492295e+02  1.37492603e+02  6.04e-15 4.44e-16  3.60e-13    93s
  40   1.37492474e+02  1.37492531e+02  5.89e-15 5.55e-16  6.64e-14    95s
  41   1.37492508e+02  1.37492518e+02  3.20e-15 4.44e-16  1.18e-14    97s

Barrier solved model in 41 iterations and 96.52 seconds (18.55 work units)
Optimal objective 1.37492508e+02

Done! Time elapsed: 126.92856073379517 seconds.
Starting HMC sampling...

                                                                                                                                                                                                                                                                                                                                
Finished sampling! Elapsed Time: 696.1439871788025 seconds

Checking sampler transitions treedepth.
66 of 16000 (0.41%) transitions hit the maximum treedepth limit of 10, or 2^10 leapfrog steps.
Trajectories that are prematurely terminated due to this limit will result in slow exploration.
For optimal performance, increase this limit.

Checking sampler transitions for divergences.
45 of 16000 (0.28%) transitions ended with a divergence.
These divergent transitions indicate that HMC is not fully able to explore the posterior distribution.
Try increasing adapt delta closer to 1.
If this doesn't remove all divergences, try to reparameterize the model.

Checking E-BFMI - sampler transitions HMC potential energy.
E-BFMI satisfactory.

The following parameters had fewer than 0.001 effective draws per transition:
  log_precision_v_theta
Such low values indicate that the effective sample size estimators may be biased high and actual performance may be substantially lower than quoted.

The following parameters had rank-normalized split R-hat greater than 1.01:
  log_precision_v_theta
Such high values indicate incomplete mixing and biased estimation.
You should consider regularizing your model with additional prior information or a more effective parameterization.

Processing complete.

Parameters from last iteration: [  0.34941784   0.40094567   0.40123669 ... 252.79891298 234.34158015
 233.80004145]

Parameters from current iteration:
            [  0.33197704   0.33515421   0.33517215 ... 252.85049621 234.4081363
 233.88106343]

Updated uncertain values: [  0.34505764   0.3844978    0.38472055 ... 252.81180879 234.35821919
 233.82029694]


            Iteration [   6]: Absolute Error = 0.8306691981947552,
            Percentage Error = 0.08960365422630764
            
Optimization Iteration[7/100]

Theta: [0.34505764 0.3844978  0.38472055 ... 1.30611732 1.19104844 1.17130607]

Gamma: [606.43255837 587.58440545 532.06356467 ... 252.81180879 234.35821919
 233.82029694]

Solving the optimization problem...
Set parameter TokenServer to value "licenses.rcc.uchicago.edu"
Read LP format model from file /scratch/local/jobs/50255455/tmp0t69rfjx.pyomo.lp
Reading time = 2.15 seconds
x1: 417600 rows, 834801 columns, 2083271 nonzeros
Gurobi Optimizer version 11.0.0 build v11.0.0rc2 (linux64 - "CentOS Linux 8")

CPU model: Intel(R) Xeon(R) Gold 6248R CPU @ 3.00GHz, instruction set [SSE2|AVX|AVX2|AVX512]
Thread count: 48 physical cores, 48 logical processors, using up to 32 threads

Optimize a model with 417600 rows, 834801 columns and 2083271 nonzeros
Model fingerprint: 0x4d36ad6a
Model has 400 quadratic objective terms
Coefficient statistics:
  Matrix range     [1e+00, 9e+02]
  Objective range  [1e-03, 6e+02]
  QObjective range [2e+03, 2e+05]
  Bounds range     [3e-06, 1e+00]
  RHS range        [9e-11, 4e-01]
Presolve removed 208947 rows and 209294 columns
Presolve time: 0.80s
Presolved: 208653 rows, 625507 columns, 1249571 nonzeros
Presolved model has 400 quadratic objective terms
Ordering time: 1.01s

Barrier statistics:
 AA' NZ     : 6.241e+05
 Factor NZ  : 6.773e+07 (roughly 900 MB of memory)
 Factor Ops : 2.543e+10 (less than 1 second per iteration)
 Threads    : 32

                  Objective                Residual
Iter       Primal          Dual         Primal    Dual     Compl     Time
   0  -1.39902876e+11  1.10640369e+11  1.04e+06 1.11e-13  1.00e+06     5s
   1  -6.45249487e+10  6.33675223e+10  4.43e+04 3.08e+01  4.67e+04     7s
   2  -3.05791424e+10  3.06542037e+10  4.48e+02 1.24e-01  5.43e+02     9s
   3  -1.08845974e+10  1.09729163e+10  3.21e+00 1.48e-12  2.86e+01    11s
   4  -2.40151402e+09  2.49944341e+09  2.67e-01 1.25e-12  5.95e+00    16s
   5  -5.82485922e+08  6.48666580e+08  3.65e-02 2.62e-12  1.46e+00    21s
   6  -9.63007636e+07  1.09582594e+08  2.74e-03 1.34e-12  2.41e-01    25s
   7  -1.41041019e+07  1.68782430e+07  2.74e-09 1.35e-12  3.63e-02    30s
   8  -2.06574436e+06  2.46076488e+06  2.87e-13 1.23e-12  5.30e-03    33s
   9  -3.06884542e+05  3.78019132e+05  4.34e-14 2.81e-13  8.02e-04    35s
  10  -4.59042261e+04  5.46666723e+04  1.85e-14 5.02e-14  1.18e-04    37s
  11  -7.06457392e+03  8.35771137e+03  1.29e-14 8.17e-15  1.81e-05    38s
  12  -1.08971367e+03  1.34007452e+03  1.50e-14 1.97e-15  2.84e-06    40s
  13  -2.51113724e+02  7.06812689e+02  9.52e-16 4.44e-16  1.12e-06    42s
  14   2.92006116e+01  2.22252076e+02  4.44e-16 4.76e-16  2.26e-07    45s
  15   7.46540063e+01  1.72286817e+02  1.94e-16 3.33e-16  1.14e-07    48s
  16   9.61129399e+01  1.53424646e+02  1.01e-16 3.33e-16  6.71e-08    50s
  17   1.08982304e+02  1.43238911e+02  7.52e-17 3.33e-16  4.01e-08    52s
  18   1.18917446e+02  1.36520419e+02  5.96e-17 3.33e-16  2.06e-08    54s
  19   1.24387996e+02  1.33404484e+02  5.18e-17 3.33e-16  1.06e-08    56s
  20   1.27262736e+02  1.31974397e+02  4.27e-17 3.33e-16  5.52e-09    58s
  21   1.28656742e+02  1.31319915e+02  9.65e-16 3.33e-16  3.12e-09    60s
  22   1.29247246e+02  1.31061039e+02  6.46e-16 2.22e-16  2.12e-09    62s
  23   1.29587884e+02  1.30916840e+02  4.35e-16 4.44e-16  1.56e-09    63s
  24   1.29889090e+02  1.30787887e+02  3.25e-16 3.33e-16  1.05e-09    65s
  25   1.30041775e+02  1.30723983e+02  2.85e-16 3.33e-16  7.99e-10    67s
  26   1.30148694e+02  1.30679855e+02  2.96e-16 3.33e-16  6.22e-10    69s
  27   1.30289616e+02  1.30621149e+02  2.00e-16 3.33e-16  3.88e-10    70s
  28   1.30336518e+02  1.30603768e+02  1.38e-16 4.44e-16  3.13e-10    72s
  29   1.30408376e+02  1.30573293e+02  2.47e-16 3.33e-16  1.93e-10    74s
  30   1.30436493e+02  1.30561490e+02  2.59e-16 4.44e-16  1.46e-10    76s
  31   1.30466730e+02  1.30548988e+02  2.29e-16 3.33e-16  9.63e-11    77s
  32   1.30499453e+02  1.30535423e+02  2.12e-16 3.33e-16  4.21e-11    79s
  33   1.30509332e+02  1.30531413e+02  2.37e-16 3.33e-16  2.59e-11    81s
  34   1.30518211e+02  1.30527848e+02  2.06e-16 3.33e-16  1.13e-11    83s
  35   1.30522924e+02  1.30525956e+02  1.58e-15 4.44e-16  3.55e-12    84s
  36   1.30524281e+02  1.30525413e+02  1.44e-15 4.44e-16  1.33e-12    86s
  37   1.30524871e+02  1.30525179e+02  3.15e-15 4.44e-16  3.60e-13    88s
  38   1.30524997e+02  1.30525129e+02  2.32e-15 4.44e-16  1.54e-13    90s
  39   1.30525084e+02  1.30525094e+02  1.98e-15 4.44e-16  1.23e-14    91s

Barrier solved model in 39 iterations and 91.30 seconds (17.93 work units)
Optimal objective 1.30525084e+02

Done! Time elapsed: 123.80776643753052 seconds.
Starting HMC sampling...

                                                                                                                                                                                                                                                                                                                                
Finished sampling! Elapsed Time: 1003.9074175357819 seconds

Checking sampler transitions treedepth.
42 of 16000 (0.26%) transitions hit the maximum treedepth limit of 10, or 2^10 leapfrog steps.
Trajectories that are prematurely terminated due to this limit will result in slow exploration.
For optimal performance, increase this limit.

Checking sampler transitions for divergences.
33 of 16000 (0.21%) transitions ended with a divergence.
These divergent transitions indicate that HMC is not fully able to explore the posterior distribution.
Try increasing adapt delta closer to 1.
If this doesn't remove all divergences, try to reparameterize the model.

Checking E-BFMI - sampler transitions HMC potential energy.
E-BFMI satisfactory.

The following parameters had fewer than 0.001 effective draws per transition:
  log_precision_v_theta
Such low values indicate that the effective sample size estimators may be biased high and actual performance may be substantially lower than quoted.

The following parameters had rank-normalized split R-hat greater than 1.01:
  log_precision_v_theta
Such high values indicate incomplete mixing and biased estimation.
You should consider regularizing your model with additional prior information or a more effective parameterization.

Processing complete.

Parameters from last iteration: [  0.34505764   0.3844978    0.38472055 ... 252.81180879 234.35821919
 233.82029694]

Parameters from current iteration:
            [  0.3143541    0.32252998   0.32257616 ... 252.88079253 234.46583173
 233.98582389]

Updated uncertain values: [  0.33738175   0.36900585   0.36918446 ... 252.82905472 234.38512232
 233.86167868]


            Iteration [   7]: Absolute Error = 0.6910107455211119,
            Percentage Error = 0.0650975823131098
            
Optimization Iteration[8/100]

Theta: [0.33738175 0.36900585 0.36918446 ... 1.27282347 1.19490492 1.18194501]

Gamma: [606.44204895 587.57937543 532.03305829 ... 252.82905472 234.38512232
 233.86167868]

Solving the optimization problem...
Set parameter TokenServer to value "licenses.rcc.uchicago.edu"
Read LP format model from file /scratch/local/jobs/50255455/tmpav2yjswi.pyomo.lp
Reading time = 2.16 seconds
x1: 417600 rows, 834801 columns, 2083271 nonzeros
Gurobi Optimizer version 11.0.0 build v11.0.0rc2 (linux64 - "CentOS Linux 8")

CPU model: Intel(R) Xeon(R) Gold 6248R CPU @ 3.00GHz, instruction set [SSE2|AVX|AVX2|AVX512]
Thread count: 48 physical cores, 48 logical processors, using up to 32 threads

Optimize a model with 417600 rows, 834801 columns and 2083271 nonzeros
Model fingerprint: 0xf1994ec6
Model has 400 quadratic objective terms
Coefficient statistics:
  Matrix range     [1e+00, 9e+02]
  Objective range  [1e-03, 6e+02]
  QObjective range [2e+03, 2e+05]
  Bounds range     [3e-06, 1e+00]
  RHS range        [9e-11, 4e-01]
Presolve removed 208947 rows and 209294 columns
Presolve time: 0.80s
Presolved: 208653 rows, 625507 columns, 1249571 nonzeros
Presolved model has 400 quadratic objective terms
Ordering time: 1.00s

Barrier statistics:
 AA' NZ     : 6.241e+05
 Factor NZ  : 6.773e+07 (roughly 900 MB of memory)
 Factor Ops : 2.543e+10 (less than 1 second per iteration)
 Threads    : 32

                  Objective                Residual
Iter       Primal          Dual         Primal    Dual     Compl     Time
   0  -2.94630991e+10  1.08047349e+08  1.04e+06 2.55e+02  9.97e+05     6s
   1  -1.37680596e+09  4.02328643e+07  4.75e+04 9.66e-13  5.17e+04     8s
   2  -9.84890395e+06  6.39456822e+06  1.25e+02 2.16e-12  1.52e+02    10s
   3  -1.06295654e+06  1.09863404e+06  1.70e+00 2.31e-12  4.38e+00    12s
   4  -1.85754085e+05  2.55732036e+05  5.79e-02 1.59e-12  5.80e-01    14s
   5  -3.62582299e+04  4.76870997e+04  2.32e-03 1.12e-12  1.01e-01    15s
   6  -7.27228450e+03  9.02564343e+03  1.06e-04 8.19e-13  1.96e-02    17s
   7  -2.38176065e+03  3.21161041e+03  2.41e-05 5.84e-13  6.71e-03    19s
   8  -6.58728693e+02  1.00881861e+03  4.44e-06 3.66e-13  2.00e-03    21s
   9  -5.85553698e+02  9.42221391e+02  3.89e-06 3.66e-13  1.83e-03    23s
  10  -1.24939619e+02  4.17454218e+02  5.52e-07 2.27e-13  6.50e-04    25s
  11   5.83967079e+01  1.90017050e+02  4.59e-08 1.29e-13  1.58e-04    27s
  12   1.00665570e+02  1.47654862e+02  5.64e-09 2.27e-13  5.63e-05    29s
  13   1.10727312e+02  1.38522033e+02  2.16e-09 2.27e-13  3.33e-05    31s
  14   1.19249337e+02  1.31694140e+02  7.85e-10 2.27e-13  1.49e-05    32s
  15   1.21927706e+02  1.29708704e+02  4.00e-10 1.47e-13  9.33e-06    34s
  16   1.24033722e+02  1.28283715e+02  1.90e-10 2.27e-13  5.10e-06    36s
  17   1.25264717e+02  1.27489766e+02  7.55e-11 3.41e-13  2.67e-06    38s
  18   1.25940684e+02  1.27098272e+02  3.44e-11 2.27e-13  1.39e-06    40s
  19   1.26208592e+02  1.26949892e+02  1.87e-11 3.41e-13  8.89e-07    42s
  20   1.26408754e+02  1.26844922e+02  9.27e-12 4.55e-13  5.23e-07    44s
  21   1.26516571e+02  1.26789996e+02  4.60e-12 3.41e-13  3.28e-07    46s
  22   1.26568028e+02  1.26763741e+02  2.01e-12 3.41e-13  2.35e-07    48s
  23   1.26631811e+02  1.26734072e+02  5.11e-13 3.41e-13  1.23e-07    50s
  24   1.26661111e+02  1.26721129e+02  1.55e-13 3.41e-13  7.20e-08    51s
  25   1.26686909e+02  1.26710204e+02  2.68e-14 4.55e-13  2.79e-08    53s
  26   1.26696897e+02  1.26706099e+02  8.28e-15 4.55e-13  1.10e-08    55s
  27   1.26701522e+02  1.26704216e+02  3.64e-15 5.68e-13  3.23e-09    57s
  28   1.26702890e+02  1.26703663e+02  2.23e-15 4.55e-13  9.26e-10    59s
  29   1.26703235e+02  1.26703526e+02  2.27e-15 4.55e-13  3.49e-10    61s
  30   1.26703382e+02  1.26703467e+02  1.42e-14 3.41e-13  1.01e-10    63s
  31   1.26703431e+02  1.26703448e+02  5.00e-15 3.41e-13  2.00e-11    65s
  32   1.26703441e+02  1.26703444e+02  2.95e-15 4.55e-13  3.20e-12    66s
  33   1.26703443e+02  1.26703443e+02  2.92e-15 4.55e-13  6.39e-15    68s

Barrier solved model in 33 iterations and 68.03 seconds (14.99 work units)
Optimal objective 1.26703443e+02

Done! Time elapsed: 98.27922415733337 seconds.
Starting HMC sampling...

                                                                                                                                                                                                                                                                                                                                
Finished sampling! Elapsed Time: 819.9174983501434 seconds

Checking sampler transitions treedepth.
67 of 16000 (0.42%) transitions hit the maximum treedepth limit of 10, or 2^10 leapfrog steps.
Trajectories that are prematurely terminated due to this limit will result in slow exploration.
For optimal performance, increase this limit.

Checking sampler transitions for divergences.
62 of 16000 (0.39%) transitions ended with a divergence.
These divergent transitions indicate that HMC is not fully able to explore the posterior distribution.
Try increasing adapt delta closer to 1.
If this doesn't remove all divergences, try to reparameterize the model.

Checking E-BFMI - sampler transitions HMC potential energy.
E-BFMI satisfactory.

The following parameters had fewer than 0.001 effective draws per transition:
  log_precision_v_theta
Such low values indicate that the effective sample size estimators may be biased high and actual performance may be substantially lower than quoted.

The following parameters had rank-normalized split R-hat greater than 1.01:
  log_precision_v_theta
Such high values indicate incomplete mixing and biased estimation.
You should consider regularizing your model with additional prior information or a more effective parameterization.

Processing complete.

Parameters from last iteration: [  0.33738175   0.36900585   0.36918446 ... 252.82905472 234.38512232
 233.86167868]

Parameters from current iteration:
            [  0.29968821   0.31141602   0.31148226 ... 253.03332793 234.63381273
 234.17401229]

Updated uncertain values: [  0.32795837   0.35460839   0.35475891 ... 252.88012303 234.44729492
 233.93976208]


            Iteration [   8]: Absolute Error = 0.8810805421624082,
            Percentage Error = 0.04744920506460228
            
Optimization Iteration[9/100]

Theta: [0.32795837 0.35460839 0.35475891 ... 1.2491423  1.19627795 1.1879084 ]

Gamma: [606.31757122 587.45658029 531.90683868 ... 252.88012303 234.44729492
 233.93976208]

Solving the optimization problem...
Set parameter TokenServer to value "licenses.rcc.uchicago.edu"
Read LP format model from file /scratch/local/jobs/50255455/tmpztod0gca.pyomo.lp
Reading time = 2.17 seconds
x1: 417600 rows, 834801 columns, 2083271 nonzeros
Gurobi Optimizer version 11.0.0 build v11.0.0rc2 (linux64 - "CentOS Linux 8")

CPU model: Intel(R) Xeon(R) Gold 6248R CPU @ 3.00GHz, instruction set [SSE2|AVX|AVX2|AVX512]
Thread count: 48 physical cores, 48 logical processors, using up to 32 threads

Optimize a model with 417600 rows, 834801 columns and 2083271 nonzeros
Model fingerprint: 0xa5b22d4e
Model has 400 quadratic objective terms
Coefficient statistics:
  Matrix range     [1e+00, 9e+02]
  Objective range  [1e-03, 6e+02]
  QObjective range [2e+03, 2e+05]
  Bounds range     [3e-06, 1e+00]
  RHS range        [9e-11, 4e-01]
Presolve removed 208947 rows and 209294 columns
Presolve time: 0.80s
Presolved: 208653 rows, 625507 columns, 1249571 nonzeros
Presolved model has 400 quadratic objective terms
Ordering time: 1.06s

Barrier statistics:
 AA' NZ     : 6.241e+05
 Factor NZ  : 6.773e+07 (roughly 900 MB of memory)
 Factor Ops : 2.543e+10 (less than 1 second per iteration)
 Threads    : 32

                  Objective                Residual
Iter       Primal          Dual         Primal    Dual     Compl     Time
   0  -2.94627907e+10  1.08047349e+08  1.04e+06 2.54e+02  9.97e+05     5s
   1  -1.37648249e+09  4.02294259e+07  4.75e+04 1.07e-12  5.17e+04     7s
   2  -9.84787660e+06  6.39396683e+06  1.25e+02 2.10e-12  1.52e+02     9s
   3  -1.06284943e+06  1.09853364e+06  1.70e+00 2.49e-12  4.38e+00    11s
   4  -1.85736802e+05  2.55710815e+05  5.79e-02 1.65e-12  5.80e-01    13s
   5  -3.62538410e+04  4.76799779e+04  2.32e-03 1.17e-12  1.01e-01    15s
   6  -7.11824055e+03  8.78084525e+03  8.75e-05 7.91e-13  1.91e-02    17s
   7  -2.37188773e+03  3.19138216e+03  2.06e-05 1.23e-12  6.67e-03    18s
   8  -6.55063232e+02  9.97062885e+02  3.82e-06 6.66e-13  1.98e-03    20s
   9  -5.66864716e+02  9.17230419e+02  3.24e-06 5.52e-13  1.78e-03    22s
  10  -1.17393479e+02  3.99211173e+02  4.80e-07 2.77e-13  6.19e-04    24s
  11   4.47288123e+01  1.95188346e+02  7.38e-08 2.27e-13  1.80e-04    26s
  12   9.03532952e+01  1.53708390e+02  1.52e-08 1.26e-13  7.60e-05    28s
  13   1.05010494e+02  1.40381991e+02  6.96e-09 2.27e-13  4.24e-05    30s
  14   1.14778662e+02  1.32129518e+02  2.79e-09 1.42e-13  2.08e-05    32s
  15   1.19309170e+02  1.28564275e+02  1.20e-09 3.41e-13  1.11e-05    33s
  16   1.21669210e+02  1.26787078e+02  4.49e-10 2.27e-13  6.14e-06    35s
  17   1.23404321e+02  1.25641850e+02  1.58e-10 2.27e-13  2.68e-06    37s
  18   1.24225551e+02  1.25144535e+02  5.20e-11 3.41e-13  1.10e-06    39s
  19   1.24477961e+02  1.24998088e+02  1.98e-11 3.41e-13  6.24e-07    41s
  20   1.24599426e+02  1.24936467e+02  1.10e-11 3.41e-13  4.04e-07    43s
  21   1.24686323e+02  1.24892733e+02  4.48e-12 3.41e-13  2.47e-07    45s
  22   1.24720415e+02  1.24876726e+02  2.86e-12 3.41e-13  1.87e-07    46s
  23   1.24752610e+02  1.24861857e+02  1.53e-12 2.27e-13  1.31e-07    48s
  24   1.24786670e+02  1.24846881e+02  6.21e-13 4.55e-13  7.22e-08    50s
  25   1.24809829e+02  1.24836810e+02  9.22e-14 5.68e-13  3.23e-08    52s
  26   1.24822709e+02  1.24831482e+02  2.54e-14 4.55e-13  1.05e-08    54s
  27   1.24825569e+02  1.24830313e+02  9.84e-15 3.41e-13  5.69e-09    56s
  28   1.24828097e+02  1.24829292e+02  1.53e-15 4.55e-13  1.43e-09    58s
  29   1.24828724e+02  1.24829042e+02  9.40e-15 5.68e-13  3.81e-10    60s
  30   1.24828851e+02  1.24828992e+02  4.25e-15 4.55e-13  1.69e-10    62s
  31   1.24828934e+02  1.24828959e+02  1.31e-14 3.41e-13  2.97e-11    64s
  32   1.24828951e+02  1.24828952e+02  1.18e-14 5.68e-13  1.90e-12    65s
  33   1.24828952e+02  1.24828952e+02  1.70e-14 5.68e-13  2.91e-14    67s

Barrier solved model in 33 iterations and 66.97 seconds (14.99 work units)
Optimal objective 1.24828952e+02

Done! Time elapsed: 97.2022659778595 seconds.
Starting HMC sampling...

                                                                                                                                                                                                                                                                                                                                
Finished sampling! Elapsed Time: 813.8092615604401 seconds

Checking sampler transitions treedepth.
117 of 16000 (0.73%) transitions hit the maximum treedepth limit of 10, or 2^10 leapfrog steps.
Trajectories that are prematurely terminated due to this limit will result in slow exploration.
For optimal performance, increase this limit.

Checking sampler transitions for divergences.
29 of 16000 (0.18%) transitions ended with a divergence.
These divergent transitions indicate that HMC is not fully able to explore the posterior distribution.
Try increasing adapt delta closer to 1.
If this doesn't remove all divergences, try to reparameterize the model.

Checking E-BFMI - sampler transitions HMC potential energy.
E-BFMI satisfactory.

The following parameters had fewer than 0.001 effective draws per transition:
  log_precision_v_theta
Such low values indicate that the effective sample size estimators may be biased high and actual performance may be substantially lower than quoted.

The following parameters had rank-normalized split R-hat greater than 1.01:
  log_precision_v_theta
Such high values indicate incomplete mixing and biased estimation.
You should consider regularizing your model with additional prior information or a more effective parameterization.

Processing complete.

Parameters from last iteration: [  0.32795837   0.35460839   0.35475891 ... 252.88012303 234.44729492
 233.93976208]

Parameters from current iteration:
            [  0.28987123   0.30596069   0.30605156 ... 252.8489535  234.48355079
 234.05367122]

Updated uncertain values: [  0.31843658   0.34244647   0.34258207 ... 252.87233064 234.45635889
 233.96823937]


            Iteration [   9]: Absolute Error = 0.8721147543659526,
            Percentage Error = 0.03997106015122391
            
Optimization Iteration[10/100]

Theta: [0.31843658 0.34244647 0.34258207 ... 1.23126897 1.19532389 1.1900678 ]

Gamma: [606.34438701 587.47929104 531.91174528 ... 252.87233064 234.45635889
 233.96823937]

Solving the optimization problem...
Set parameter TokenServer to value "licenses.rcc.uchicago.edu"
Read LP format model from file /scratch/local/jobs/50255455/tmprhwhe3ui.pyomo.lp
Reading time = 2.19 seconds
x1: 417600 rows, 834801 columns, 2083271 nonzeros
Gurobi Optimizer version 11.0.0 build v11.0.0rc2 (linux64 - "CentOS Linux 8")

CPU model: Intel(R) Xeon(R) Gold 6248R CPU @ 3.00GHz, instruction set [SSE2|AVX|AVX2|AVX512]
Thread count: 48 physical cores, 48 logical processors, using up to 32 threads

Optimize a model with 417600 rows, 834801 columns and 2083271 nonzeros
Model fingerprint: 0xb8600eaa
Model has 400 quadratic objective terms
Coefficient statistics:
  Matrix range     [1e+00, 9e+02]
  Objective range  [1e-03, 6e+02]
  QObjective range [2e+03, 2e+05]
  Bounds range     [3e-06, 1e+00]
  RHS range        [9e-11, 4e-01]
Presolve removed 208947 rows and 209294 columns
Presolve time: 0.81s
Presolved: 208653 rows, 625507 columns, 1249571 nonzeros
Presolved model has 400 quadratic objective terms
Ordering time: 0.91s

Barrier statistics:
 AA' NZ     : 6.241e+05
 Factor NZ  : 6.773e+07 (roughly 900 MB of memory)
 Factor Ops : 2.543e+10 (less than 1 second per iteration)
 Threads    : 32

                  Objective                Residual
Iter       Primal          Dual         Primal    Dual     Compl     Time
   0  -1.39909555e+11  1.10640369e+11  1.04e+06 1.14e-13  1.00e+06     5s
   1  -6.45252408e+10  6.33675295e+10  4.43e+04 3.08e+01  4.67e+04     7s
   2  -3.05791481e+10  3.06542070e+10  4.48e+02 1.24e-01  5.43e+02     9s
   3  -1.08845983e+10  1.09729176e+10  3.21e+00 1.45e-12  2.86e+01    11s
   4  -2.40151399e+09  2.49944356e+09  2.67e-01 1.24e-12  5.95e+00    16s
   5  -5.82485980e+08  6.48666724e+08  3.65e-02 6.04e-12  1.46e+00    21s
   6  -9.63007610e+07  1.09582624e+08  2.74e-03 1.46e-12  2.41e-01    25s
   7  -1.41040961e+07  1.68782304e+07  2.74e-09 1.58e-12  3.63e-02    30s
   8  -2.06574660e+06  2.46078133e+06  2.70e-13 9.67e-13  5.30e-03    33s
   9  -3.06878961e+05  3.77973007e+05  4.00e-14 3.97e-13  8.02e-04    35s
  10  -4.59029641e+04  5.46490362e+04  2.19e-14 5.87e-14  1.18e-04    37s
  11  -7.06454652e+03  8.33958878e+03  1.31e-14 9.01e-15  1.80e-05    39s
  12  -1.09093422e+03  1.31976787e+03  1.70e-14 1.72e-15  2.82e-06    41s
  13  -2.33836310e+02  7.42460479e+02  1.24e-15 4.44e-16  1.14e-06    42s
  14   2.60484522e+01  1.86893924e+02  4.37e-16 4.44e-16  1.88e-07    46s
  15   9.45541124e+01  1.39422014e+02  2.16e-16 4.44e-16  5.25e-08    50s
  16   1.15294430e+02  1.27137811e+02  8.09e-17 4.44e-16  1.39e-08    53s
  17   1.19818172e+02  1.25291366e+02  5.92e-17 3.33e-16  6.41e-09    56s
  18   1.21721855e+02  1.24608876e+02  1.09e-16 3.33e-16  3.38e-09    59s
  19   1.22460999e+02  1.24397052e+02  2.22e-16 4.44e-16  2.27e-09    61s
  20   1.22848057e+02  1.24263646e+02  1.90e-16 3.33e-16  1.66e-09    63s
  21   1.23264178e+02  1.24111610e+02  1.47e-16 3.33e-16  9.92e-10    65s
  22   1.23425644e+02  1.24050038e+02  1.27e-16 4.44e-16  7.31e-10    66s
  23   1.23514279e+02  1.24016289e+02  1.03e-16 3.33e-16  5.88e-10    68s
  24   1.23618059e+02  1.23975134e+02  1.35e-16 3.33e-16  4.18e-10    70s
  25   1.23694152e+02  1.23945447e+02  1.44e-16 3.33e-16  2.94e-10    72s
  26   1.23754074e+02  1.23921833e+02  1.92e-16 3.33e-16  1.96e-10    74s
  27   1.23802882e+02  1.23902525e+02  1.10e-16 3.33e-16  1.17e-10    75s
  28   1.23834177e+02  1.23890229e+02  1.70e-16 3.33e-16  6.56e-11    77s
  29   1.23860763e+02  1.23879681e+02  1.93e-16 5.55e-16  2.21e-11    79s
  30   1.23867282e+02  1.23877049e+02  1.64e-16 4.44e-16  1.14e-11    81s
  31   1.23870836e+02  1.23875625e+02  1.04e-15 4.44e-16  5.61e-12    82s
  32   1.23872489e+02  1.23874965e+02  1.67e-15 3.33e-16  2.90e-12    84s
  33   1.23873637e+02  1.23874509e+02  4.21e-15 3.33e-16  1.02e-12    86s
  34   1.23874051e+02  1.23874344e+02  5.29e-15 4.44e-16  3.43e-13    88s
  35   1.23874186e+02  1.23874290e+02  1.16e-15 4.44e-16  1.22e-13    89s
  36   1.23874245e+02  1.23874266e+02  1.31e-15 5.55e-16  2.53e-14    91s
  37   1.23874258e+02  1.23874261e+02  2.08e-15 4.44e-16  4.38e-15    93s

Barrier solved model in 37 iterations and 92.79 seconds (18.78 work units)
Optimal objective 1.23874258e+02

Done! Time elapsed: 123.01431727409363 seconds.
Starting HMC sampling...

                                                                                                                                                                                                                                                                                                                                
Finished sampling! Elapsed Time: 1070.764374256134 seconds

Checking sampler transitions treedepth.
47 of 16000 (0.29%) transitions hit the maximum treedepth limit of 10, or 2^10 leapfrog steps.
Trajectories that are prematurely terminated due to this limit will result in slow exploration.
For optimal performance, increase this limit.

Checking sampler transitions for divergences.
No divergent transitions found.

Checking E-BFMI - sampler transitions HMC potential energy.
E-BFMI satisfactory.

The following parameters had fewer than 0.001 effective draws per transition:
  log_precision_v_theta
Such low values indicate that the effective sample size estimators may be biased high and actual performance may be substantially lower than quoted.

The following parameters had rank-normalized split R-hat greater than 1.01:
  log_precision_v_theta
Such high values indicate incomplete mixing and biased estimation.
You should consider regularizing your model with additional prior information or a more effective parameterization.

Processing complete.

Parameters from last iteration: [  0.31843658   0.34244647   0.34258207 ... 252.87233064 234.45635889
 233.96823937]

Parameters from current iteration:
            [  0.28789004   0.30519029   0.305288   ... 252.93947016 234.58405728
 234.16485863]

Updated uncertain values: [  0.31079995   0.33313242   0.33325855 ... 252.88911552 234.48828349
 234.01739418]


            Iteration [  10]: Absolute Error = 0.8698082191460799,
            Percentage Error = 0.03549196288557461
            
Optimization Iteration[11/100]

Theta: [0.31079995 0.33313242 0.33325855 ... 1.2182881  1.19403276 1.19093666]

Gamma: [606.33496372 587.45372527 531.86551687 ... 252.88911552 234.48828349
 234.01739418]

Solving the optimization problem...
Set parameter TokenServer to value "licenses.rcc.uchicago.edu"
Read LP format model from file /scratch/local/jobs/50255455/tmpv9zqj8wd.pyomo.lp
Reading time = 2.15 seconds
x1: 417600 rows, 834801 columns, 2083271 nonzeros
Gurobi Optimizer version 11.0.0 build v11.0.0rc2 (linux64 - "CentOS Linux 8")

CPU model: Intel(R) Xeon(R) Gold 6248R CPU @ 3.00GHz, instruction set [SSE2|AVX|AVX2|AVX512]
Thread count: 48 physical cores, 48 logical processors, using up to 32 threads

Optimize a model with 417600 rows, 834801 columns and 2083271 nonzeros
Model fingerprint: 0x4999bf9f
Model has 400 quadratic objective terms
Coefficient statistics:
  Matrix range     [1e+00, 9e+02]
  Objective range  [1e-03, 6e+02]
  QObjective range [2e+03, 2e+05]
  Bounds range     [3e-06, 1e+00]
  RHS range        [9e-11, 4e-01]
Presolve removed 208947 rows and 209294 columns
Presolve time: 0.81s
Presolved: 208653 rows, 625507 columns, 1249571 nonzeros
Presolved model has 400 quadratic objective terms
Ordering time: 1.14s

Barrier statistics:
 AA' NZ     : 6.241e+05
 Factor NZ  : 6.773e+07 (roughly 900 MB of memory)
 Factor Ops : 2.543e+10 (less than 1 second per iteration)
 Threads    : 32

                  Objective                Residual
Iter       Primal          Dual         Primal    Dual     Compl     Time
   0  -2.94546442e+10  1.08047350e+08  1.04e+06 2.54e+02  9.97e+05     5s
   1  -1.37568941e+09  4.02254897e+07  4.74e+04 1.07e-12  5.17e+04     7s
   2  -9.84552485e+06  6.39324299e+06  1.25e+02 1.96e-12  1.52e+02     9s
   3  -1.06271480e+06  1.09842180e+06  1.70e+00 2.46e-12  4.38e+00    11s
   4  -1.85715103e+05  2.55687035e+05  5.79e-02 1.79e-12  5.80e-01    13s
   5  -3.62467615e+04  4.76710473e+04  2.32e-03 1.17e-12  1.01e-01    15s
   6  -7.07093976e+03  8.70235500e+03  8.27e-05 1.37e-12  1.89e-02    17s
   7  -2.36781655e+03  3.18246938e+03  1.96e-05 3.89e-12  6.66e-03    19s
   8  -6.60837522e+02  9.98740179e+02  3.78e-06 1.04e-12  1.99e-03    21s
   9  -5.74187441e+02  9.20788839e+02  3.23e-06 1.04e-12  1.79e-03    23s
  10  -1.26353732e+02  4.10326606e+02  5.00e-07 3.27e-13  6.43e-04    25s
  11   3.21838203e+01  2.07948491e+02  1.02e-07 2.27e-13  2.11e-04    27s
  12   9.12744387e+01  1.50156638e+02  1.53e-08 2.27e-13  7.06e-05    29s
  13   1.05459354e+02  1.37159295e+02  5.47e-09 2.27e-13  3.80e-05    31s
  14   1.13326602e+02  1.30597858e+02  2.54e-09 2.27e-13  2.07e-05    32s
  15   1.18687601e+02  1.26429908e+02  8.89e-10 1.31e-13  9.28e-06    34s
  16   1.20234655e+02  1.25284609e+02  4.79e-10 2.27e-13  6.05e-06    36s
  17   1.21806783e+02  1.24208557e+02  1.62e-10 2.27e-13  2.88e-06    38s
  18   1.22743674e+02  1.23643709e+02  4.37e-11 3.41e-13  1.08e-06    40s
  19   1.22965856e+02  1.23518214e+02  1.91e-11 3.41e-13  6.62e-07    42s
  20   1.23107221e+02  1.23446127e+02  9.91e-12 3.41e-13  4.06e-07    44s
  21   1.23196155e+02  1.23400901e+02  3.41e-12 3.41e-13  2.45e-07    46s
  22   1.23230208e+02  1.23385011e+02  2.11e-12 4.55e-13  1.86e-07    48s
  23   1.23279625e+02  1.23362957e+02  8.50e-13 3.41e-13  9.99e-08    50s
  24   1.23296153e+02  1.23355248e+02  1.15e-13 4.55e-13  7.08e-08    51s
  25   1.23323950e+02  1.23343524e+02  9.42e-15 4.55e-13  2.35e-08    53s
  26   1.23331512e+02  1.23340460e+02  2.98e-15 3.41e-13  1.07e-08    55s
  27   1.23335236e+02  1.23338965e+02  2.40e-15 4.55e-13  4.47e-09    57s
  28   1.23337310e+02  1.23338132e+02  1.09e-14 4.55e-13  9.86e-10    59s
  29   1.23337706e+02  1.23337973e+02  1.51e-14 5.68e-13  3.21e-10    61s
  30   1.23337857e+02  1.23337913e+02  8.72e-15 4.55e-13  6.75e-11    63s
  31   1.23337891e+02  1.23337899e+02  2.53e-15 5.68e-13  9.18e-12    65s
  32   1.23337897e+02  1.23337897e+02  1.88e-15 4.55e-13  6.50e-13    67s

Barrier solved model in 32 iterations and 66.79 seconds (14.65 work units)
Optimal objective 1.23337897e+02

Done! Time elapsed: 96.93353414535522 seconds.
Starting HMC sampling...

                                                                                                                                                                                                                                                                                                                                
Finished sampling! Elapsed Time: 716.8015806674957 seconds

Checking sampler transitions treedepth.
101 of 16000 (0.63%) transitions hit the maximum treedepth limit of 10, or 2^10 leapfrog steps.
Trajectories that are prematurely terminated due to this limit will result in slow exploration.
For optimal performance, increase this limit.

Checking sampler transitions for divergences.
10 of 16000 (0.06%) transitions ended with a divergence.
These divergent transitions indicate that HMC is not fully able to explore the posterior distribution.
Try increasing adapt delta closer to 1.
If this doesn't remove all divergences, try to reparameterize the model.

Checking E-BFMI - sampler transitions HMC potential energy.
E-BFMI satisfactory.

The following parameters had fewer than 0.001 effective draws per transition:
  log_precision_v_theta
Such low values indicate that the effective sample size estimators may be biased high and actual performance may be substantially lower than quoted.

The following parameters had rank-normalized split R-hat greater than 1.01:
  log_precision_v_theta
Such high values indicate incomplete mixing and biased estimation.
You should consider regularizing your model with additional prior information or a more effective parameterization.

Processing complete.

Parameters from last iteration: [  0.31079995   0.33313242   0.33325855 ... 252.88911552 234.48828349
 234.01739418]

Parameters from current iteration:
            [  0.28829627   0.30742917   0.30753723 ... 252.97931375 234.59213401
 234.12638066]

Updated uncertain values: [  0.30517403   0.32670661   0.32682822 ... 252.91166508 234.51424612
 234.0446408 ]


            Iteration [  11]: Absolute Error = 0.6948960871720828,
            Percentage Error = 0.0223306100606398
            
Optimization Iteration[12/100]

Theta: [0.30517403 0.32670661 0.32682822 ... 1.20813023 1.19321898 1.19184425]

Gamma: [606.27183479 587.39955201 531.82562371 ... 252.91166508 234.51424612
 234.0446408 ]

Solving the optimization problem...
Set parameter TokenServer to value "licenses.rcc.uchicago.edu"
Read LP format model from file /scratch/local/jobs/50255455/tmpe04s5rk1.pyomo.lp
Reading time = 2.17 seconds
x1: 417600 rows, 834801 columns, 2083271 nonzeros
Gurobi Optimizer version 11.0.0 build v11.0.0rc2 (linux64 - "CentOS Linux 8")

CPU model: Intel(R) Xeon(R) Gold 6248R CPU @ 3.00GHz, instruction set [SSE2|AVX|AVX2|AVX512]
Thread count: 48 physical cores, 48 logical processors, using up to 32 threads

Optimize a model with 417600 rows, 834801 columns and 2083271 nonzeros
Model fingerprint: 0x4f68f060
Model has 400 quadratic objective terms
Coefficient statistics:
  Matrix range     [1e+00, 9e+02]
  Objective range  [1e-03, 6e+02]
  QObjective range [2e+03, 2e+05]
  Bounds range     [3e-06, 1e+00]
  RHS range        [9e-11, 4e-01]
Presolve removed 208947 rows and 209294 columns
Presolve time: 0.82s
Presolved: 208653 rows, 625507 columns, 1249571 nonzeros
Presolved model has 400 quadratic objective terms
Ordering time: 1.38s

Barrier statistics:
 AA' NZ     : 6.241e+05
 Factor NZ  : 6.773e+07 (roughly 900 MB of memory)
 Factor Ops : 2.543e+10 (less than 1 second per iteration)
 Threads    : 32

                  Objective                Residual
Iter       Primal          Dual         Primal    Dual     Compl     Time
   0  -2.94527165e+10  1.08047350e+08  1.04e+06 2.54e+02  9.97e+05     6s
   1  -1.37549578e+09  4.02245365e+07  4.74e+04 1.03e-12  5.17e+04     8s
   2  -9.84496279e+06  6.39306760e+06  1.25e+02 1.99e-12  1.51e+02    10s
   3  -1.06268168e+06  1.09839434e+06  1.70e+00 2.57e-12  4.38e+00    12s
   4  -1.85709805e+05  2.55681209e+05  5.79e-02 1.80e-12  5.80e-01    14s
   5  -3.62449974e+04  4.76687232e+04  2.32e-03 1.02e-12  1.01e-01    16s
   6  -7.06920589e+03  8.69774211e+03  8.28e-05 1.10e-12  1.89e-02    18s
   7  -2.36615307e+03  3.17928309e+03  1.96e-05 9.38e-13  6.65e-03    20s
   8  -6.62440099e+02  9.98985629e+02  3.83e-06 6.66e-13  1.99e-03    22s
   9  -5.73924508e+02  9.19475135e+02  3.26e-06 5.52e-13  1.79e-03    23s
  10  -1.26603075e+02  4.06336244e+02  5.33e-07 2.27e-13  6.39e-04    25s
  11   2.97483201e+01  2.10124576e+02  1.14e-07 2.27e-13  2.16e-04    28s
  12   8.79300111e+01  1.52942932e+02  1.47e-08 3.41e-13  7.79e-05    30s
  13   1.08233482e+02  1.33723053e+02  2.83e-09 2.27e-13  3.06e-05    32s
  14   1.11207181e+02  1.31192762e+02  1.90e-09 1.78e-13  2.40e-05    33s
  15   1.17076559e+02  1.26684201e+02  7.77e-10 2.27e-13  1.15e-05    35s
  16   1.19319258e+02  1.25055011e+02  3.85e-10 1.53e-13  6.88e-06    37s
  17   1.21142574e+02  1.23796019e+02  1.09e-10 2.27e-13  3.18e-06    39s
  18   1.21929013e+02  1.23308357e+02  1.62e-11 3.41e-13  1.65e-06    41s
  19   1.22377900e+02  1.23073270e+02  6.54e-12 3.41e-13  8.34e-07    43s
  20   1.22461852e+02  1.23031801e+02  5.34e-12 3.41e-13  6.83e-07    45s
  21   1.22525005e+02  1.23000758e+02  4.13e-12 3.41e-13  5.70e-07    47s
  22   1.22630866e+02  1.22949762e+02  2.41e-12 3.41e-13  3.82e-07    49s
  23   1.22719352e+02  1.22907775e+02  1.01e-12 4.55e-13  2.26e-07    51s
  24   1.22804887e+02  1.22869017e+02  1.21e-13 3.41e-13  7.69e-08    53s
  25   1.22819920e+02  1.22862683e+02  6.68e-14 3.41e-13  5.13e-08    55s
  26   1.22836454e+02  1.22855793e+02  1.97e-14 3.41e-13  2.32e-08    57s
  27   1.22843106e+02  1.22853081e+02  5.36e-15 3.41e-13  1.20e-08    59s
  28   1.22847613e+02  1.22851243e+02  2.80e-15 4.55e-13  4.35e-09    60s
  29   1.22848979e+02  1.22850692e+02  1.29e-15 3.41e-13  2.05e-09    62s
  30   1.22849817e+02  1.22850355e+02  3.09e-15 4.55e-13  6.44e-10    64s
  31   1.22850017e+02  1.22850275e+02  2.88e-15 3.41e-13  3.09e-10    66s
  32   1.22850173e+02  1.22850212e+02  7.79e-15 4.55e-13  4.76e-11    68s
  33   1.22850199e+02  1.22850202e+02  1.37e-15 4.55e-13  3.17e-12    70s
  34   1.22850201e+02  1.22850201e+02  2.21e-15 4.55e-13  3.23e-15    72s

Barrier solved model in 34 iterations and 71.95 seconds (15.45 work units)
Optimal objective 1.22850201e+02

Done! Time elapsed: 105.58058261871338 seconds.
Starting HMC sampling...

                                                                                                                                                                                                                                                                                                                                
Finished sampling! Elapsed Time: 787.5440709590912 seconds

Checking sampler transitions treedepth.
63 of 16000 (0.39%) transitions hit the maximum treedepth limit of 10, or 2^10 leapfrog steps.
Trajectories that are prematurely terminated due to this limit will result in slow exploration.
For optimal performance, increase this limit.

Checking sampler transitions for divergences.
No divergent transitions found.

Checking E-BFMI - sampler transitions HMC potential energy.
E-BFMI satisfactory.

The following parameters had fewer than 0.001 effective draws per transition:
  log_precision_v_theta
Such low values indicate that the effective sample size estimators may be biased high and actual performance may be substantially lower than quoted.

The following parameters had rank-normalized split R-hat greater than 1.01:
  log_precision_v_theta
Such high values indicate incomplete mixing and biased estimation.
You should consider regularizing your model with additional prior information or a more effective parameterization.

Processing complete.

Parameters from last iteration: [  0.30517403   0.32670661   0.32682822 ... 252.91166508 234.51424612
 234.0446408 ]

Parameters from current iteration:
            [  0.28581881   0.3049839    0.30509214 ... 252.98064662 234.61481698
 234.19233478]

Updated uncertain values: [  0.30033522   0.32127593   0.3213942  ... 252.92891046 234.53938883
 234.0815643 ]


            Iteration [  12]: Absolute Error = 0.542268307722793,
            Percentage Error = 0.019265977830128986
            
Optimization Iteration[13/100]

Theta: [0.30033522 0.32127593 0.3213942  ... 1.20076035 1.19232475 1.19214806]

Gamma: [606.28906619 587.41034501 531.81804944 ... 252.92891046 234.53938883
 234.0815643 ]

Solving the optimization problem...
Set parameter TokenServer to value "licenses.rcc.uchicago.edu"
Read LP format model from file /scratch/local/jobs/50255455/tmpotf5u7iu.pyomo.lp
Reading time = 2.17 seconds
x1: 417600 rows, 834801 columns, 2083271 nonzeros
Gurobi Optimizer version 11.0.0 build v11.0.0rc2 (linux64 - "CentOS Linux 8")

CPU model: Intel(R) Xeon(R) Gold 6248R CPU @ 3.00GHz, instruction set [SSE2|AVX|AVX2|AVX512]
Thread count: 48 physical cores, 48 logical processors, using up to 32 threads

Optimize a model with 417600 rows, 834801 columns and 2083271 nonzeros
Model fingerprint: 0x21924ace
Model has 400 quadratic objective terms
Coefficient statistics:
  Matrix range     [1e+00, 9e+02]
  Objective range  [1e-03, 6e+02]
  QObjective range [2e+03, 2e+05]
  Bounds range     [3e-06, 1e+00]
  RHS range        [9e-11, 4e-01]
Presolve removed 208947 rows and 209294 columns
Presolve time: 0.81s
Presolved: 208653 rows, 625507 columns, 1249571 nonzeros
Presolved model has 400 quadratic objective terms
Ordering time: 1.29s

Barrier statistics:
 AA' NZ     : 6.241e+05
 Factor NZ  : 6.773e+07 (roughly 900 MB of memory)
 Factor Ops : 2.543e+10 (less than 1 second per iteration)
 Threads    : 32

                  Objective                Residual
Iter       Primal          Dual         Primal    Dual     Compl     Time
   0  -1.39900460e+11  1.10640369e+11  1.04e+06 1.13e-13  1.00e+06     6s
   1  -6.45248602e+10  6.33675317e+10  4.43e+04 3.08e+01  4.67e+04     7s
   2  -3.05791449e+10  3.06542080e+10  4.48e+02 1.24e-01  5.43e+02     9s
   3  -1.08845985e+10  1.09729180e+10  3.21e+00 1.47e-12  2.86e+01    11s
   4  -2.40151390e+09  2.49944355e+09  2.67e-01 1.30e-12  5.95e+00    16s
   5  -5.82486002e+08  6.48666791e+08  3.65e-02 5.92e-12  1.46e+00    21s
   6  -9.63007577e+07  1.09582641e+08  2.74e-03 1.45e-12  2.41e-01    25s
   7  -1.41040909e+07  1.68782261e+07  2.74e-09 1.54e-12  3.63e-02    30s
   8  -2.06574544e+06  2.46079235e+06  2.94e-13 1.34e-12  5.30e-03    33s
   9  -3.06873709e+05  3.77951429e+05  5.16e-14 3.82e-13  8.02e-04    35s
  10  -4.59001008e+04  5.46425825e+04  1.98e-14 6.86e-14  1.18e-04    37s
  11  -7.06245739e+03  8.33267399e+03  1.21e-14 8.30e-15  1.80e-05    39s
  12  -1.09252738e+03  1.32744999e+03  1.65e-14 1.39e-15  2.83e-06    41s
  13  -2.41150647e+02  7.07862126e+02  1.21e-15 4.44e-16  1.11e-06    43s
  14   2.52113166e+01  2.12169252e+02  4.38e-16 4.44e-16  2.19e-07    47s
  15   8.49452041e+01  1.52165289e+02  1.13e-16 3.33e-16  7.87e-08    50s
  16   9.96000895e+01  1.38163264e+02  8.57e-17 2.22e-16  4.51e-08    52s
  17   1.06574647e+02  1.32619645e+02  6.83e-17 2.22e-16  3.05e-08    55s
  18   1.10167832e+02  1.29959373e+02  5.10e-17 2.22e-16  2.32e-08    57s
  19   1.14292562e+02  1.27258675e+02  4.84e-17 2.22e-16  1.52e-08    59s
  20   1.17472550e+02  1.25354331e+02  4.05e-17 3.33e-16  9.23e-09    61s
  21   1.19080091e+02  1.24450046e+02  3.27e-17 2.22e-16  6.29e-09    63s
  22   1.20699238e+02  1.23584990e+02  3.73e-17 3.33e-16  3.38e-09    65s
  23   1.21353591e+02  1.23255978e+02  5.29e-17 3.33e-16  2.23e-09    67s
  24   1.21805760e+02  1.23035853e+02  9.11e-17 3.33e-16  1.44e-09    69s
  25   1.22171882e+02  1.22862667e+02  8.52e-17 3.33e-16  8.09e-10    70s
  26   1.22320049e+02  1.22795183e+02  6.90e-17 3.33e-16  5.56e-10    72s
  27   1.22418696e+02  1.22750996e+02  9.04e-17 4.44e-16  3.89e-10    74s
  28   1.22478383e+02  1.22724594e+02  1.02e-16 4.44e-16  2.88e-10    76s
  29   1.22531890e+02  1.22701217e+02  1.39e-16 3.33e-16  1.98e-10    78s
  30   1.22578402e+02  1.22681085e+02  1.57e-16 2.22e-16  1.20e-10    79s
  31   1.22588596e+02  1.22676731e+02  1.51e-16 3.33e-16  1.03e-10    81s
  32   1.22618383e+02  1.22664121e+02  1.81e-16 3.33e-16  5.36e-11    83s
  33   1.22635718e+02  1.22656940e+02  2.27e-16 4.44e-16  2.48e-11    85s
  34   1.22643930e+02  1.22653552e+02  2.24e-16 3.33e-16  1.13e-11    87s
  35   1.22646842e+02  1.22652357e+02  1.18e-15 3.33e-16  6.46e-12    88s
  36   1.22648878e+02  1.22651525e+02  1.38e-15 3.33e-16  3.10e-12    90s
  37   1.22649906e+02  1.22651109e+02  8.67e-16 3.33e-16  1.41e-12    92s
  38   1.22650233e+02  1.22650978e+02  9.03e-15 3.33e-16  8.73e-13    94s
  39   1.22650594e+02  1.22650833e+02  1.06e-14 3.33e-16  2.79e-13    96s
  40   1.22650697e+02  1.22650792e+02  4.03e-15 3.33e-16  1.10e-13    97s
  41   1.22650752e+02  1.22650770e+02  2.93e-15 3.33e-16  2.06e-14    99s
  42   1.22650760e+02  1.22650766e+02  2.38e-15 4.44e-16  6.81e-15   101s

Barrier solved model in 42 iterations and 101.09 seconds (19.27 work units)
Optimal objective 1.22650760e+02

Done! Time elapsed: 131.69870448112488 seconds.
Starting HMC sampling...

                                                                                                                                                                                                                                                                                                                                
Finished sampling! Elapsed Time: 645.434093952179 seconds

Checking sampler transitions treedepth.
16 of 16000 (0.10%) transitions hit the maximum treedepth limit of 10, or 2^10 leapfrog steps.
Trajectories that are prematurely terminated due to this limit will result in slow exploration.
For optimal performance, increase this limit.

Checking sampler transitions for divergences.
No divergent transitions found.

Checking E-BFMI - sampler transitions HMC potential energy.
E-BFMI satisfactory.

The following parameters had fewer than 0.001 effective draws per transition:
  log_precision_v_theta
Such low values indicate that the effective sample size estimators may be biased high and actual performance may be substantially lower than quoted.

The following parameters had rank-normalized split R-hat greater than 1.01:
  log_precision_v_theta
Such high values indicate incomplete mixing and biased estimation.
You should consider regularizing your model with additional prior information or a more effective parameterization.

Processing complete.

Parameters from last iteration: [  0.30033522   0.32127593   0.3213942  ... 252.92891046 234.53938883
 234.0815643 ]

Parameters from current iteration:
            [  0.29026342   0.30981402   0.30992444 ... 252.90568875 234.5440228
 234.11047913]

Updated uncertain values: [  0.29781727   0.31841045   0.31852676 ... 252.92310503 234.54054732
 234.088793  ]


            Iteration [  13]: Absolute Error = 0.3286930467378397,
            Percentage Error = 0.01268209066010679
            
Optimization Iteration[14/100]

Theta: [0.29781727 0.31841045 0.31852676 ... 1.1948325  1.19211597 1.19299173]

Gamma: [606.29011237 587.39618632 531.79393887 ... 252.92310503 234.54054732
 234.088793  ]

Solving the optimization problem...
Set parameter TokenServer to value "licenses.rcc.uchicago.edu"
Read LP format model from file /scratch/local/jobs/50255455/tmpm6a57_kg.pyomo.lp
Reading time = 2.15 seconds
x1: 417600 rows, 834801 columns, 2083271 nonzeros
Gurobi Optimizer version 11.0.0 build v11.0.0rc2 (linux64 - "CentOS Linux 8")

CPU model: Intel(R) Xeon(R) Gold 6248R CPU @ 3.00GHz, instruction set [SSE2|AVX|AVX2|AVX512]
Thread count: 48 physical cores, 48 logical processors, using up to 32 threads

Optimize a model with 417600 rows, 834801 columns and 2083271 nonzeros
Model fingerprint: 0x28f85344
Model has 400 quadratic objective terms
Coefficient statistics:
  Matrix range     [1e+00, 9e+02]
  Objective range  [1e-03, 6e+02]
  QObjective range [2e+03, 2e+05]
  Bounds range     [3e-06, 1e+00]
  RHS range        [9e-11, 4e-01]
Presolve removed 208947 rows and 209294 columns
Presolve time: 0.81s
Presolved: 208653 rows, 625507 columns, 1249571 nonzeros
Presolved model has 400 quadratic objective terms
Ordering time: 1.16s

Barrier statistics:
 AA' NZ     : 6.241e+05
 Factor NZ  : 6.773e+07 (roughly 900 MB of memory)
 Factor Ops : 2.543e+10 (less than 1 second per iteration)
 Threads    : 32

                  Objective                Residual
Iter       Primal          Dual         Primal    Dual     Compl     Time
   0  -1.39900165e+11  1.10640369e+11  1.04e+06 1.13e-13  1.00e+06     5s
   1  -6.45248479e+10  6.33675318e+10  4.43e+04 3.08e+01  4.67e+04     7s
   2  -3.05791448e+10  3.06542081e+10  4.48e+02 1.24e-01  5.43e+02     9s
   3  -1.08845985e+10  1.09729180e+10  3.21e+00 1.46e-12  2.86e+01    11s
   4  -2.40151389e+09  2.49944356e+09  2.67e-01 1.24e-12  5.95e+00    16s
   5  -5.82486002e+08  6.48666802e+08  3.65e-02 4.54e-12  1.46e+00    21s
   6  -9.63007569e+07  1.09582644e+08  2.74e-03 1.30e-12  2.41e-01    25s
   7  -1.41040901e+07  1.68782252e+07  2.74e-09 1.58e-12  3.63e-02    30s
   8  -2.06574547e+06  2.46079393e+06  2.85e-13 7.76e-13  5.30e-03    33s
   9  -3.06873124e+05  3.77947589e+05  3.72e-14 3.40e-13  8.02e-04    35s
  10  -4.58999059e+04  5.46411869e+04  2.57e-14 6.33e-14  1.18e-04    37s
  11  -7.06235613e+03  8.33124970e+03  1.24e-14 8.22e-15  1.80e-05    38s
  12  -1.09297793e+03  1.32842871e+03  1.50e-14 1.14e-15  2.83e-06    40s
  13  -2.41937466e+02  7.08891922e+02  6.90e-16 4.44e-16  1.11e-06    42s
  14   2.49673773e+01  2.11319367e+02  3.45e-16 4.44e-16  2.18e-07    46s
  15   8.47996028e+01  1.51533587e+02  2.11e-16 4.44e-16  7.81e-08    49s
  16   9.93877893e+01  1.37636056e+02  9.11e-17 3.33e-16  4.48e-08    52s
  17   1.05626359e+02  1.32690377e+02  7.13e-17 3.33e-16  3.17e-08    54s
  18   1.09248069e+02  1.29980696e+02  6.81e-17 3.33e-16  2.43e-08    56s
  19   1.13107825e+02  1.27417512e+02  3.99e-17 3.33e-16  1.68e-08    58s
  20   1.16417891e+02  1.25401287e+02  3.25e-17 4.44e-16  1.05e-08    60s
  21   1.18410986e+02  1.24250634e+02  2.95e-17 3.33e-16  6.84e-09    61s
  22   1.20118626e+02  1.23318377e+02  2.49e-17 3.33e-16  3.75e-09    63s
  23   1.20969020e+02  1.22884560e+02  1.78e-16 3.33e-16  2.24e-09    65s
  24   1.21406105e+02  1.22670910e+02  1.11e-16 3.33e-16  1.48e-09    67s
  25   1.21734990e+02  1.22514443e+02  7.76e-17 4.44e-16  9.13e-10    69s
  26   1.21878893e+02  1.22447916e+02  9.61e-17 3.33e-16  6.66e-10    70s
  27   1.21999296e+02  1.22393150e+02  1.22e-16 3.33e-16  4.61e-10    72s
  28   1.22049454e+02  1.22370680e+02  1.08e-16 3.33e-16  3.76e-10    74s
  29   1.22125531e+02  1.22336990e+02  1.41e-16 3.33e-16  2.48e-10    76s
  30   1.22173679e+02  1.22315905e+02  1.75e-16 4.44e-16  1.67e-10    77s
  31   1.22206726e+02  1.22301734e+02  1.53e-16 3.33e-16  1.11e-10    79s
  32   1.22236459e+02  1.22289005e+02  1.81e-16 3.33e-16  6.15e-11    81s
  33   1.22254700e+02  1.22281347e+02  1.69e-16 3.33e-16  3.12e-11    83s
  34   1.22264411e+02  1.22277294e+02  2.08e-16 4.44e-16  1.51e-11    85s
  35   1.22269240e+02  1.22275307e+02  8.91e-16 4.44e-16  7.10e-12    86s
  36   1.22271863e+02  1.22274236e+02  1.26e-15 4.44e-16  2.78e-12    88s
  37   1.22273054e+02  1.22273753e+02  3.97e-15 3.33e-16  8.19e-13    90s
  38   1.22273289e+02  1.22273659e+02  2.75e-15 3.33e-16  4.33e-13    92s
  39   1.22273453e+02  1.22273593e+02  3.65e-15 3.33e-16  1.64e-13    94s
  40   1.22273514e+02  1.22273568e+02  2.19e-15 4.44e-16  6.30e-14    95s
  41   1.22273542e+02  1.22273557e+02  1.51e-15 4.44e-16  1.77e-14    97s
  42   1.22273549e+02  1.22273554e+02  6.77e-16 4.44e-16  6.40e-15    99s

Barrier solved model in 42 iterations and 98.86 seconds (19.12 work units)
Optimal objective 1.22273549e+02

Done! Time elapsed: 129.88815903663635 seconds.
Starting HMC sampling...

                                                                                                                                                                                                                                                                                                                                
Finished sampling! Elapsed Time: 753.1009278297424 seconds

Checking sampler transitions treedepth.
89 of 16000 (0.56%) transitions hit the maximum treedepth limit of 10, or 2^10 leapfrog steps.
Trajectories that are prematurely terminated due to this limit will result in slow exploration.
For optimal performance, increase this limit.

Checking sampler transitions for divergences.
No divergent transitions found.

Checking E-BFMI - sampler transitions HMC potential energy.
E-BFMI satisfactory.

The following parameters had fewer than 0.001 effective draws per transition:
  log_precision_v_theta
Such low values indicate that the effective sample size estimators may be biased high and actual performance may be substantially lower than quoted.

The following parameters had rank-normalized split R-hat greater than 1.01:
  log_precision_v_theta
Such high values indicate incomplete mixing and biased estimation.
You should consider regularizing your model with additional prior information or a more effective parameterization.

Processing complete.

Parameters from last iteration: [  0.29781727   0.31841045   0.31852676 ... 252.92310503 234.54054732
 234.088793  ]

Parameters from current iteration:
            [  0.28831936   0.30938007   0.30949902 ... 252.85159857 234.48139212
 234.04546028]

Updated uncertain values: [  0.2954428    0.31615286   0.31626982 ... 252.90522842 234.52575852
 234.07795982]


            Iteration [  14]: Absolute Error = 0.28233942321128325,
            Percentage Error = 0.010701305677066496
            
Optimization Iteration[15/100]

Theta: [0.2954428  0.31615286 0.31626982 ... 1.19115058 1.19212075 1.1936812 ]

Gamma: [606.28675384 587.39695205 531.79188934 ... 252.90522842 234.52575852
 234.07795982]

Solving the optimization problem...
Set parameter TokenServer to value "licenses.rcc.uchicago.edu"
Read LP format model from file /scratch/local/jobs/50255455/tmpq5jitwn5.pyomo.lp
Reading time = 2.17 seconds
x1: 417600 rows, 834801 columns, 2083271 nonzeros
Gurobi Optimizer version 11.0.0 build v11.0.0rc2 (linux64 - "CentOS Linux 8")

CPU model: Intel(R) Xeon(R) Gold 6248R CPU @ 3.00GHz, instruction set [SSE2|AVX|AVX2|AVX512]
Thread count: 48 physical cores, 48 logical processors, using up to 32 threads

Optimize a model with 417600 rows, 834801 columns and 2083271 nonzeros
Model fingerprint: 0x1a57a207
Model has 400 quadratic objective terms
Coefficient statistics:
  Matrix range     [1e+00, 9e+02]
  Objective range  [1e-03, 6e+02]
  QObjective range [2e+03, 2e+05]
  Bounds range     [3e-06, 1e+00]
  RHS range        [9e-11, 4e-01]
Presolve removed 208947 rows and 209294 columns
Presolve time: 0.85s
Presolved: 208653 rows, 625507 columns, 1249571 nonzeros
Presolved model has 400 quadratic objective terms
Ordering time: 1.15s

Barrier statistics:
 AA' NZ     : 6.241e+05
 Factor NZ  : 6.773e+07 (roughly 900 MB of memory)
 Factor Ops : 2.543e+10 (less than 1 second per iteration)
 Threads    : 32

                  Objective                Residual
Iter       Primal          Dual         Primal    Dual     Compl     Time
   0  -1.39898167e+11  1.10640369e+11  1.04e+06 1.13e-13  1.00e+06     6s
   1  -6.45247643e+10  6.33675324e+10  4.43e+04 3.08e+01  4.67e+04     8s
   2  -3.05791442e+10  3.06542084e+10  4.48e+02 1.24e-01  5.43e+02    10s
   3  -1.08845986e+10  1.09729181e+10  3.21e+00 1.47e-12  2.86e+01    12s
   4  -2.40151389e+09  2.49944357e+09  2.67e-01 1.25e-12  5.95e+00    17s
   5  -5.82486008e+08  6.48666816e+08  3.65e-02 2.37e-12  1.46e+00    21s
   6  -9.63007570e+07  1.09582648e+08  2.74e-03 1.24e-12  2.41e-01    26s
   7  -1.41040892e+07  1.68782242e+07  2.74e-09 1.39e-12  3.63e-02    31s
   8  -2.06574520e+06  2.46079578e+06  2.81e-13 1.01e-12  5.30e-03    34s
   9  -3.06872238e+05  3.77944338e+05  4.45e-14 2.58e-13  8.02e-04    36s
  10  -4.58993979e+04  5.46402711e+04  2.20e-14 6.39e-14  1.18e-04    38s
  11  -7.06196559e+03  8.33026890e+03  1.40e-14 7.41e-15  1.80e-05    40s
  12  -1.09315594e+03  1.32982932e+03  1.43e-14 1.56e-15  2.84e-06    41s
  13  -2.44140445e+02  7.15435571e+02  8.19e-16 4.44e-16  1.12e-06    43s
  14   2.55020130e+01  2.08724880e+02  4.61e-16 4.44e-16  2.15e-07    47s
  15   8.54805554e+01  1.50670306e+02  1.62e-16 4.44e-16  7.63e-08    51s
  16   1.10496913e+02  1.27583208e+02  7.03e-17 3.33e-16  2.00e-08    54s
  17   1.17596741e+02  1.24025681e+02  5.07e-17 3.33e-16  7.53e-09    57s
  18   1.19950412e+02  1.23042565e+02  6.18e-17 3.33e-16  3.62e-09    60s
  19   1.20910432e+02  1.22682851e+02  1.54e-16 3.33e-16  2.08e-09    62s
  20   1.21343155e+02  1.22527645e+02  2.16e-16 3.33e-16  1.39e-09    64s
  21   1.21560545e+02  1.22446500e+02  2.82e-16 3.33e-16  1.04e-09    66s
  22   1.21787441e+02  1.22355795e+02  1.94e-16 3.33e-16  6.65e-10    68s
  23   1.21866878e+02  1.22325672e+02  1.37e-16 3.33e-16  5.37e-10    69s
  24   1.21964334e+02  1.22287226e+02  1.59e-16 3.33e-16  3.78e-10    71s
  25   1.22043633e+02  1.22256470e+02  1.64e-16 3.33e-16  2.49e-10    73s
  26   1.22094104e+02  1.22236581e+02  1.24e-16 3.33e-16  1.67e-10    75s
  27   1.22120341e+02  1.22226061e+02  9.76e-17 3.33e-16  1.24e-10    76s
  28   1.22159388e+02  1.22210168e+02  2.38e-16 3.33e-16  5.95e-11    78s
  29   1.22175646e+02  1.22203765e+02  4.00e-16 4.44e-16  3.29e-11    80s
  30   1.22187198e+02  1.22199051e+02  2.37e-16 3.33e-16  1.39e-11    82s
  31   1.22192006e+02  1.22197093e+02  1.13e-15 3.33e-16  5.96e-12    84s
  32   1.22193633e+02  1.22196437e+02  8.05e-16 3.33e-16  3.28e-12    86s
  33   1.22194829e+02  1.22195956e+02  1.77e-15 3.33e-16  1.32e-12    87s
  34   1.22195192e+02  1.22195811e+02  4.10e-15 3.33e-16  7.25e-13    89s
  35   1.22195503e+02  1.22195686e+02  2.56e-15 5.55e-16  2.15e-13    91s
  36   1.22195606e+02  1.22195645e+02  1.84e-15 5.55e-16  4.52e-14    92s
  37   1.22195632e+02  1.22195634e+02  1.89e-15 4.44e-16  2.52e-15    94s

Barrier solved model in 37 iterations and 94.18 seconds (18.63 work units)
Optimal objective 1.22195632e+02

Done! Time elapsed: 125.60983109474182 seconds.
Starting HMC sampling...

                                                                                                                                                                                                                                                                                                                                
Finished sampling! Elapsed Time: 1015.7128732204437 seconds

Checking sampler transitions treedepth.
140 of 16000 (0.88%) transitions hit the maximum treedepth limit of 10, or 2^10 leapfrog steps.
Trajectories that are prematurely terminated due to this limit will result in slow exploration.
For optimal performance, increase this limit.

Checking sampler transitions for divergences.
No divergent transitions found.

Checking E-BFMI - sampler transitions HMC potential energy.
E-BFMI satisfactory.

The following parameters had fewer than 0.001 effective draws per transition:
  log_precision_v_theta
Such low values indicate that the effective sample size estimators may be biased high and actual performance may be substantially lower than quoted.

The following parameters had rank-normalized split R-hat greater than 1.01:
  log_precision_v_theta
Such high values indicate incomplete mixing and biased estimation.
You should consider regularizing your model with additional prior information or a more effective parameterization.

Processing complete.

Parameters from last iteration: [  0.2954428    0.31615286   0.31626982 ... 252.90522842 234.52575852
 234.07795982]

Parameters from current iteration:
            [  0.28957201   0.31064328   0.31076229 ... 252.8407397  234.49286355
 234.07974121]

Updated uncertain values: [  0.2939751    0.31477546   0.31489294 ... 252.88910624 234.51753478
 234.07840517]


            Iteration [  15]: Absolute Error = 0.24612462054790285,
            Percentage Error = 0.006938248965007606
            
Optimization Iteration[16/100]

Theta: [0.2939751  0.31477546 0.31489294 ... 1.18820708 1.19211237 1.1942168 ]

Gamma: [606.32793793 587.42630737 531.80138624 ... 252.88910624 234.51753478
 234.07840517]

Solving the optimization problem...
Set parameter TokenServer to value "licenses.rcc.uchicago.edu"
Read LP format model from file /scratch/local/jobs/50255455/tmp7p6v6x3a.pyomo.lp
Reading time = 2.19 seconds
x1: 417600 rows, 834801 columns, 2083271 nonzeros
Gurobi Optimizer version 11.0.0 build v11.0.0rc2 (linux64 - "CentOS Linux 8")

CPU model: Intel(R) Xeon(R) Gold 6248R CPU @ 3.00GHz, instruction set [SSE2|AVX|AVX2|AVX512]
Thread count: 48 physical cores, 48 logical processors, using up to 32 threads

Optimize a model with 417600 rows, 834801 columns and 2083271 nonzeros
Model fingerprint: 0x07542454
Model has 400 quadratic objective terms
Coefficient statistics:
  Matrix range     [1e+00, 9e+02]
  Objective range  [1e-03, 6e+02]
  QObjective range [2e+03, 2e+05]
  Bounds range     [3e-06, 1e+00]
  RHS range        [9e-11, 4e-01]
Presolve removed 208947 rows and 209294 columns
Presolve time: 0.81s
Presolved: 208653 rows, 625507 columns, 1249571 nonzeros
Presolved model has 400 quadratic objective terms
Ordering time: 1.25s

Barrier statistics:
 AA' NZ     : 6.241e+05
 Factor NZ  : 6.773e+07 (roughly 900 MB of memory)
 Factor Ops : 2.543e+10 (less than 1 second per iteration)
 Threads    : 32

                  Objective                Residual
Iter       Primal          Dual         Primal    Dual     Compl     Time
   0  -2.94471100e+10  1.08047350e+08  1.04e+06 2.54e+02  9.97e+05     6s
   1  -1.37513371e+09  4.02236018e+07  4.74e+04 1.07e-12  5.17e+04     8s
   2  -9.84392294e+06  6.39289163e+06  1.25e+02 1.69e-12  1.51e+02    10s
   3  -1.06264350e+06  1.09836907e+06  1.70e+00 2.57e-12  4.38e+00    12s
   4  -1.85703742e+05  2.55675825e+05  5.79e-02 1.57e-12  5.80e-01    14s
   5  -3.62427543e+04  4.76665565e+04  2.32e-03 1.14e-12  1.01e-01    16s
   6  -7.06972904e+03  8.70516757e+03  8.22e-05 1.00e-12  1.89e-02    18s
   7  -2.36536110e+03  3.18146617e+03  1.95e-05 6.83e-12  6.65e-03    19s
   8  -6.64646349e+02  1.00123233e+03  3.83e-06 1.37e-12  2.00e-03    21s
   9  -5.72827578e+02  9.18672179e+02  3.24e-06 1.03e-12  1.79e-03    23s
  10  -1.27690130e+02  4.04551183e+02  5.54e-07 2.34e-13  6.38e-04    25s
  11   2.63109552e+01  2.12922217e+02  1.27e-07 2.27e-13  2.24e-04    27s
  12   9.11744049e+01  1.47936983e+02  1.97e-08 1.24e-13  6.81e-05    29s
  13   9.91258128e+01  1.40602258e+02  1.17e-08 2.27e-13  4.97e-05    31s
  14   1.11559203e+02  1.30010567e+02  4.33e-09 2.27e-13  2.21e-05    32s
  15   1.16603455e+02  1.25880854e+02  1.48e-09 1.46e-13  1.11e-05    34s
  16   1.19050000e+02  1.24087632e+02  6.74e-10 1.60e-13  6.04e-06    36s
  17   1.20561602e+02  1.23014851e+02  2.21e-10 2.27e-13  2.94e-06    38s
  18   1.21438367e+02  1.22469927e+02  5.61e-11 4.55e-13  1.24e-06    40s
  19   1.21784070e+02  1.22281539e+02  2.14e-11 3.41e-13  5.96e-07    42s
  20   1.21867852e+02  1.22237252e+02  1.32e-11 3.41e-13  4.43e-07    44s
  21   1.21902493e+02  1.22219391e+02  1.03e-11 3.41e-13  3.80e-07    46s
  22   1.21986870e+02  1.22177974e+02  5.15e-12 2.27e-13  2.29e-07    47s
  23   1.22045132e+02  1.22149690e+02  1.68e-12 4.55e-13  1.25e-07    50s
  24   1.22085320e+02  1.22131576e+02  4.12e-13 3.41e-13  5.55e-08    51s
  25   1.22105448e+02  1.22122941e+02  7.01e-14 3.41e-13  2.10e-08    53s
  26   1.22112283e+02  1.22120111e+02  1.61e-14 4.55e-13  9.38e-09    55s
  27   1.22115817e+02  1.22118670e+02  2.41e-15 4.55e-13  3.42e-09    57s
  28   1.22117279e+02  1.22118077e+02  7.60e-16 4.55e-13  9.56e-10    59s
  29   1.22117706e+02  1.22117905e+02  1.59e-15 4.55e-13  2.39e-10    61s
  30   1.22117791e+02  1.22117871e+02  2.89e-15 4.55e-13  9.53e-11    63s
  31   1.22117835e+02  1.22117853e+02  2.06e-15 3.41e-13  2.08e-11    65s
  32   1.22117846e+02  1.22117848e+02  1.04e-15 4.55e-13  2.69e-12    67s
  33   1.22117848e+02  1.22117848e+02  5.98e-16 5.68e-13  9.20e-15    68s

Barrier solved model in 33 iterations and 68.50 seconds (14.99 work units)
Optimal objective 1.22117848e+02

Done! Time elapsed: 99.05124306678772 seconds.
Starting HMC sampling...

                                                                                                                                                                                                                                                                                                                                
Finished sampling! Elapsed Time: 710.1619350910187 seconds

Checking sampler transitions treedepth.
35 of 16000 (0.22%) transitions hit the maximum treedepth limit of 10, or 2^10 leapfrog steps.
Trajectories that are prematurely terminated due to this limit will result in slow exploration.
For optimal performance, increase this limit.

Checking sampler transitions for divergences.
No divergent transitions found.

Checking E-BFMI - sampler transitions HMC potential energy.
E-BFMI satisfactory.

The following parameters had fewer than 0.001 effective draws per transition:
  log_precision_v_theta
Such low values indicate that the effective sample size estimators may be biased high and actual performance may be substantially lower than quoted.

The following parameters had rank-normalized split R-hat greater than 1.01:
  log_precision_v_theta
Such high values indicate incomplete mixing and biased estimation.
You should consider regularizing your model with additional prior information or a more effective parameterization.

Processing complete.

Parameters from last iteration: [  0.2939751    0.31477546   0.31489294 ... 252.88910624 234.51753478
 234.07840517]

Parameters from current iteration:
            [  0.28959897   0.31048797   0.31060595 ... 252.85477727 234.49431148
 234.05944406]

Updated uncertain values: [  0.29288107   0.31370359   0.31382119 ... 252.880524   234.51172895
 234.07366489]


            Iteration [  16]: Absolute Error = 0.1647278217673147,
            Percentage Error = 0.0050969631674357705
            
Optimization Iteration[17/100]

Theta: [0.29288107 0.31370359 0.31382119 ... 1.18638091 1.19250009 1.19501612]

Gamma: [606.2818543  587.38546937 531.76787008 ... 252.880524   234.51172895
 234.07366489]

Solving the optimization problem...
Set parameter TokenServer to value "licenses.rcc.uchicago.edu"
Read LP format model from file /scratch/local/jobs/50255455/tmp4uv5nvlz.pyomo.lp
Reading time = 2.17 seconds
x1: 417600 rows, 834801 columns, 2083271 nonzeros
Gurobi Optimizer version 11.0.0 build v11.0.0rc2 (linux64 - "CentOS Linux 8")

CPU model: Intel(R) Xeon(R) Gold 6248R CPU @ 3.00GHz, instruction set [SSE2|AVX|AVX2|AVX512]
Thread count: 48 physical cores, 48 logical processors, using up to 32 threads

Optimize a model with 417600 rows, 834801 columns and 2083271 nonzeros
Model fingerprint: 0x17b3d093
Model has 400 quadratic objective terms
Coefficient statistics:
  Matrix range     [1e+00, 9e+02]
  Objective range  [1e-03, 6e+02]
  QObjective range [2e+03, 2e+05]
  Bounds range     [3e-06, 1e+00]
  RHS range        [9e-11, 4e-01]
Presolve removed 208947 rows and 209294 columns
Presolve time: 0.83s
Presolved: 208653 rows, 625507 columns, 1249571 nonzeros
Presolved model has 400 quadratic objective terms
Ordering time: 1.22s

Barrier statistics:
 AA' NZ     : 6.241e+05
 Factor NZ  : 6.773e+07 (roughly 900 MB of memory)
 Factor Ops : 2.543e+10 (less than 1 second per iteration)
 Threads    : 32

                  Objective                Residual
Iter       Primal          Dual         Primal    Dual     Compl     Time
   0  -2.94465740e+10  1.08047351e+08  1.04e+06 2.54e+02  9.97e+05     5s
   1  -1.37509578e+09  4.02234450e+07  4.74e+04 1.06e-12  5.17e+04     7s
   2  -9.84379975e+06  6.39286268e+06  1.25e+02 2.40e-12  1.51e+02     9s
   3  -1.06263832e+06  1.09836506e+06  1.70e+00 2.29e-12  4.38e+00    11s
   4  -1.85702821e+05  2.55674954e+05  5.79e-02 1.62e-12  5.80e-01    13s
   5  -3.62424426e+04  4.76663085e+04  2.32e-03 1.20e-12  1.01e-01    15s
   6  -7.08777442e+03  8.73477322e+03  8.43e-05 1.65e-12  1.90e-02    17s
   7  -2.36504895e+03  3.18278404e+03  1.99e-05 1.02e-12  6.65e-03    19s
   8  -6.64921949e+02  1.00202893e+03  3.91e-06 5.49e-13  2.00e-03    21s
   9  -5.72366793e+02  9.18742040e+02  3.30e-06 3.88e-13  1.79e-03    23s
  10  -1.27540674e+02  4.04215490e+02  5.66e-07 3.29e-13  6.38e-04    25s
  11   2.66991257e+01  2.12384294e+02  1.28e-07 2.27e-13  2.23e-04    27s
  12   9.12100934e+01  1.47863155e+02  1.99e-08 2.27e-13  6.79e-05    29s
  13   9.92317512e+01  1.40464508e+02  1.17e-08 1.63e-13  4.94e-05    31s
  14   1.11575209e+02  1.29952875e+02  4.35e-09 1.63e-13  2.20e-05    33s
  15   1.16722974e+02  1.25747050e+02  1.43e-09 2.27e-13  1.08e-05    35s
  16   1.19085548e+02  1.24016739e+02  6.49e-10 3.41e-13  5.91e-06    37s
  17   1.20617352e+02  1.22938077e+02  2.00e-10 2.27e-13  2.78e-06    39s
  18   1.21459172e+02  1.22418832e+02  4.65e-11 3.41e-13  1.15e-06    41s
  19   1.21744800e+02  1.22262766e+02  1.71e-11 3.41e-13  6.21e-07    43s
  20   1.21856653e+02  1.22205935e+02  9.28e-12 2.27e-13  4.19e-07    44s
  21   1.21879438e+02  1.22194608e+02  7.83e-12 3.41e-13  3.78e-07    46s
  22   1.21963531e+02  1.22154241e+02  3.88e-12 3.41e-13  2.29e-07    48s
  23   1.22019315e+02  1.22127887e+02  1.37e-12 3.41e-13  1.30e-07    50s
  24   1.22050515e+02  1.22113823e+02  3.58e-13 3.41e-13  7.59e-08    52s
  25   1.22076286e+02  1.22102672e+02  4.48e-14 4.55e-13  3.16e-08    54s
  26   1.22087510e+02  1.22097967e+02  1.35e-14 4.55e-13  1.25e-08    55s
  27   1.22091358e+02  1.22096383e+02  4.62e-15 4.55e-13  6.02e-09    57s
  28   1.22093904e+02  1.22095347e+02  1.50e-15 3.41e-13  1.73e-09    60s
  29   1.22094368e+02  1.22095159e+02  1.57e-15 3.41e-13  9.49e-10    61s
  30   1.22094645e+02  1.22095048e+02  1.78e-15 4.55e-13  4.83e-10    63s
  31   1.22094878e+02  1.22094954e+02  2.84e-15 4.55e-13  9.06e-11    65s
  32   1.22094924e+02  1.22094935e+02  1.72e-15 4.55e-13  1.34e-11    67s
  33   1.22094932e+02  1.22094932e+02  6.41e-16 3.41e-13  6.58e-13    68s

Barrier solved model in 33 iterations and 68.50 seconds (14.99 work units)
Optimal objective 1.22094932e+02

Done! Time elapsed: 99.53644442558289 seconds.
Starting HMC sampling...

                                                                                                                                                                                                                                                                                                                                
Finished sampling! Elapsed Time: 1057.9226636886597 seconds

Checking sampler transitions treedepth.
170 of 16000 (1.06%) transitions hit the maximum treedepth limit of 10, or 2^10 leapfrog steps.
Trajectories that are prematurely terminated due to this limit will result in slow exploration.
For optimal performance, increase this limit.

Checking sampler transitions for divergences.
No divergent transitions found.

Checking E-BFMI - sampler transitions HMC potential energy.
E-BFMI satisfactory.

The following parameters had fewer than 0.001 effective draws per transition:
  log_precision_v_theta
Such low values indicate that the effective sample size estimators may be biased high and actual performance may be substantially lower than quoted.

The following parameters had rank-normalized split R-hat greater than 1.01:
  log_precision_v_theta
Such high values indicate incomplete mixing and biased estimation.
You should consider regularizing your model with additional prior information or a more effective parameterization.

Processing complete.

Parameters from last iteration: [  0.29288107   0.31370359   0.31382119 ... 252.880524   234.51172895
 234.07366489]

Parameters from current iteration:
            [  0.28949624   0.30977974   0.30989429 ... 252.86234722 234.51616035
 234.09702224]

Updated uncertain values: [  0.29203486   0.31272263   0.31283947 ... 252.8759798  234.5128368
 234.07950423]


            Iteration [  17]: Absolute Error = 0.17275679858937565,
            Percentage Error = 0.003950427932708617
            
Terminated. Sampling the final distribution...

                                                                                                                                                                                                                                                                                                                                
Solving the optimization problem...
Set parameter TokenServer to value "licenses.rcc.uchicago.edu"
Read LP format model from file /scratch/local/jobs/50255455/tmpqun6xnm7.pyomo.lp
Reading time = 2.19 seconds
x1: 417600 rows, 834801 columns, 2083271 nonzeros
Gurobi Optimizer version 11.0.0 build v11.0.0rc2 (linux64 - "CentOS Linux 8")

CPU model: Intel(R) Xeon(R) Gold 6248R CPU @ 3.00GHz, instruction set [SSE2|AVX|AVX2|AVX512]
Thread count: 48 physical cores, 48 logical processors, using up to 32 threads

Optimize a model with 417600 rows, 834801 columns and 2083271 nonzeros
Model fingerprint: 0x42af8617
Model has 400 quadratic objective terms
Coefficient statistics:
  Matrix range     [1e+00, 9e+02]
  Objective range  [1e-03, 7e+02]
  QObjective range [2e+03, 2e+05]
  Bounds range     [2e-06, 1e+00]
  RHS range        [6e-10, 4e-01]
Presolve removed 209011 rows and 209422 columns
Presolve time: 0.81s
Presolved: 208589 rows, 625379 columns, 1249315 nonzeros
Presolved model has 400 quadratic objective terms
Ordering time: 1.18s

Barrier statistics:
 AA' NZ     : 6.239e+05
 Factor NZ  : 6.769e+07 (roughly 900 MB of memory)
 Factor Ops : 2.541e+10 (less than 1 second per iteration)
 Threads    : 32

                  Objective                Residual
Iter       Primal          Dual         Primal    Dual     Compl     Time
   0  -1.39891355e+11  1.10640510e+11  1.04e+06 1.13e-13  1.00e+06     5s
   1  -6.40771264e+10  6.29233510e+10  4.42e+04 3.07e+01  4.64e+04     7s
   2  -3.03798696e+10  3.04548568e+10  4.47e+02 1.24e-01  5.40e+02     9s
   3  -1.08295123e+10  1.09177010e+10  3.61e+00 1.58e-12  2.88e+01    11s
   4  -2.46852173e+09  2.56668766e+09  2.90e-01 1.22e-12  6.13e+00    16s
   5  -5.87251623e+08  6.54755927e+08  3.72e-02 4.95e-12  1.47e+00    20s
   6  -9.80768417e+07  1.11738960e+08  2.91e-03 1.64e-12  2.46e-01    25s
   7  -1.44757444e+07  1.73440820e+07  6.68e-06 3.37e-12  3.73e-02    29s
   8  -2.12175028e+06  2.53423083e+06  6.84e-12 4.50e-12  5.45e-03    32s
   9  -3.15553425e+05  3.89812425e+05  3.66e-14 2.48e-13  8.26e-04    34s
  10  -4.72867729e+04  5.63368831e+04  2.61e-14 8.29e-14  1.21e-04    36s
  11  -7.31906925e+03  8.54229705e+03  1.22e-14 9.05e-15  1.86e-05    38s
  12  -1.17929064e+03  1.35304306e+03  1.88e-14 1.44e-15  2.97e-06    40s
  13  -3.58394141e+02  7.42475759e+02  9.20e-16 4.86e-16  1.29e-06    42s
  14  -4.10988300e+01  1.93930260e+02  5.74e-16 4.94e-16  2.75e-07    46s
  15   3.05228743e+01  1.18884476e+02  2.22e-16 4.44e-16  1.03e-07    50s
  16   6.53539977e+01  8.44439881e+01  1.06e-16 3.33e-16  2.24e-08    53s
  17   6.97364134e+01  8.28847960e+01  7.37e-17 2.78e-16  1.54e-08    55s
  18   7.59121686e+01  8.06427517e+01  5.23e-17 5.55e-16  5.54e-09    58s
  19   7.72241209e+01  8.00813470e+01  3.69e-17 3.33e-16  3.35e-09    60s
  20   7.79356572e+01  7.97955822e+01  4.94e-17 3.33e-16  2.18e-09    62s
  21   7.83553170e+01  7.96169810e+01  8.67e-17 3.33e-16  1.48e-09    64s
  22   7.86616150e+01  7.94892570e+01  1.32e-16 3.33e-16  9.69e-10    66s
  23   7.88966813e+01  7.93895385e+01  2.00e-16 3.33e-16  5.77e-10    67s
  24   7.89745287e+01  7.93568512e+01  1.46e-16 3.33e-16  4.48e-10    69s
  25   7.90450680e+01  7.93279323e+01  9.43e-17 3.33e-16  3.31e-10    71s
  26   7.90952411e+01  7.93067676e+01  1.13e-16 4.44e-16  2.48e-10    73s
  27   7.91099939e+01  7.93005691e+01  9.26e-17 3.33e-16  2.23e-10    75s
  28   7.91694632e+01  7.92755590e+01  1.71e-16 3.33e-16  1.24e-10    77s
  29   7.92002162e+01  7.92627876e+01  3.18e-16 3.33e-16  7.33e-11    78s
  30   7.92055070e+01  7.92606138e+01  2.71e-16 4.44e-16  6.45e-11    80s
  31   7.92291718e+01  7.92508880e+01  1.90e-16 4.44e-16  2.54e-11    82s
  32   7.92340240e+01  7.92489368e+01  2.69e-16 4.44e-16  1.75e-11    84s
  33   7.92398713e+01  7.92465881e+01  3.81e-16 4.44e-16  7.87e-12    85s
  34   7.92421951e+01  7.92456614e+01  1.06e-15 4.44e-16  4.06e-12    87s
  35   7.92434345e+01  7.92451655e+01  3.13e-15 3.33e-16  2.03e-12    89s
  36   7.92440918e+01  7.92449034e+01  3.21e-15 4.44e-16  9.50e-13    91s
  37   7.92443999e+01  7.92447809e+01  2.90e-15 4.44e-16  4.46e-13    93s
  38   7.92445617e+01  7.92447167e+01  4.13e-15 3.33e-16  1.81e-13    94s
  39   7.92446339e+01  7.92446881e+01  1.53e-15 4.44e-16  6.35e-14    96s
  40   7.92446676e+01  7.92446747e+01  2.12e-15 4.44e-16  8.37e-15    98s

Barrier solved model in 40 iterations and 98.03 seconds (19.34 work units)
Optimal objective 7.92446676e+01

Done! Time elapsed: 131.96282267570496 seconds.
min_result -0.05622922811565728 min_pe 3.3

Program ends Sat May 30 00:50:54 CDT 2026
Exit code: 0
Elapsed time: 24981 seconds
