Command: /project/lhansen/HMC_rep26_robust_mac/amazon-carbon-prices/.venv/bin/python pysrc/bash/shadow_price.py --id 34 --xi 0.5 --sites 1043
Working directory: /project/lhansen/HMC_rep26_robust_mac/amazon-carbon-prices
Program starts Fri May 29 17:54:35 CDT 2026

Data successfully loaded from /project/lhansen/HMC_rep26_robust_mac/amazon-carbon-prices/data/calibration
Waiting for Stan compile lock: /project/lhansen/HMC_rep26_robust_mac/amazon-carbon-prices/stan_model/adjusted.compile.lock
Using Stan model executable: /project/lhansen/HMC_rep26_robust_mac/amazon-carbon-prices/stan_model/adjusted
Optimization Iteration[1/100]

Theta: [0.19293399 0.39270684 0.39383513 ... 2.1961384  1.20930668 1.03223742]

Gamma: [605.85192903 587.02426052 531.68859839 ... 252.44623295 234.13249733
 233.63746894]

Solving the optimization problem...
Set parameter TokenServer to value "licenses.rcc.uchicago.edu"
Read LP format model from file /scratch/local/jobs/50255456/tmpbcng3fej.pyomo.lp
Reading time = 2.20 seconds
x1: 417600 rows, 834801 columns, 2083271 nonzeros
Gurobi Optimizer version 11.0.0 build v11.0.0rc2 (linux64 - "CentOS Linux 8")

CPU model: Intel(R) Xeon(R) Gold 6248R CPU @ 3.00GHz, instruction set [SSE2|AVX|AVX2|AVX512]
Thread count: 48 physical cores, 48 logical processors, using up to 32 threads

Optimize a model with 417600 rows, 834801 columns and 2083271 nonzeros
Model fingerprint: 0xf8c5fc8f
Model has 400 quadratic objective terms
Coefficient statistics:
  Matrix range     [1e+00, 9e+02]
  Objective range  [4e-04, 7e+02]
  QObjective range [2e+03, 2e+05]
  Bounds range     [3e-06, 1e+00]
  RHS range        [9e-11, 4e-01]
Presolve removed 208947 rows and 209294 columns
Presolve time: 0.81s
Presolved: 208653 rows, 625507 columns, 1249571 nonzeros
Presolved model has 400 quadratic objective terms
Ordering time: 1.36s

Barrier statistics:
 AA' NZ     : 6.241e+05
 Factor NZ  : 6.773e+07 (roughly 900 MB of memory)
 Factor Ops : 2.543e+10 (less than 1 second per iteration)
 Threads    : 32

                  Objective                Residual
Iter       Primal          Dual         Primal    Dual     Compl     Time
   0  -1.39611497e+11  1.10640370e+11  1.04e+06 1.13e-13  1.00e+06     5s
   1  -6.45126229e+10  6.33673764e+10  4.43e+04 3.08e+01  4.67e+04     7s
   2  -3.05789882e+10  3.06541325e+10  4.48e+02 1.24e-01  5.43e+02     9s
   3  -1.08845880e+10  1.09728830e+10  3.21e+00 1.49e-12  2.86e+01    11s
   4  -2.40150492e+09  2.49942254e+09  2.67e-01 1.25e-12  5.95e+00    16s
   5  -5.82487352e+08  6.48662193e+08  3.65e-02 2.91e-12  1.46e+00    21s
   6  -9.63020411e+07  1.09581856e+08  2.74e-03 1.67e-12  2.41e-01    25s
   7  -1.41044389e+07  1.68782398e+07  2.74e-09 1.48e-12  3.63e-02    31s
   8  -2.06571968e+06  2.46076649e+06  2.58e-13 1.42e-12  5.30e-03    34s
   9  -3.06778858e+05  3.78346007e+05  3.85e-14 3.77e-13  8.02e-04    36s
  10  -4.57478342e+04  5.49301976e+04  1.81e-14 5.80e-14  1.18e-04    38s
  11  -6.96111418e+03  9.07408330e+03  1.04e-14 6.25e-15  1.88e-05    40s
  12  -1.19386235e+03  3.10782447e+03  7.34e-15 2.08e-15  5.04e-06    43s
  13  -1.33994925e+02  1.07087784e+03  4.40e-15 1.30e-15  1.41e-06    44s
  14   2.17851833e+02  5.22699741e+02  3.89e-16 4.44e-16  3.57e-07    47s
  15   3.10273102e+02  4.22018640e+02  1.79e-16 4.44e-16  1.31e-07    49s
  16   3.42012960e+02  4.06003645e+02  1.28e-16 4.44e-16  7.49e-08    51s
  17   3.62668621e+02  3.86236411e+02  1.74e-16 5.55e-16  2.76e-08    52s
  18   3.65800407e+02  3.83482150e+02  1.19e-16 6.66e-16  2.07e-08    54s
  19   3.71851530e+02  3.78962328e+02  2.19e-16 5.55e-16  8.33e-09    56s
  20   3.72811221e+02  3.78274652e+02  1.66e-16 4.44e-16  6.40e-09    57s
  21   3.74656482e+02  3.77130496e+02  1.65e-16 4.44e-16  2.90e-09    59s
  22   3.74811846e+02  3.77039154e+02  1.53e-16 4.44e-16  2.61e-09    61s
  23   3.75419305e+02  3.76706994e+02  1.51e-16 4.44e-16  1.51e-09    63s
  24   3.75796809e+02  3.76507127e+02  1.90e-16 4.44e-16  8.32e-10    64s
  25   3.75992696e+02  3.76412403e+02  2.76e-16 4.44e-16  4.91e-10    66s
  26   3.76046326e+02  3.76387627e+02  3.54e-16 6.66e-16  4.00e-10    67s
  27   3.76143666e+02  3.76343567e+02  4.16e-16 5.55e-16  2.34e-10    69s
  28   3.76216881e+02  3.76310880e+02  7.59e-16 6.66e-16  1.10e-10    71s
  29   3.76231891e+02  3.76304142e+02  4.12e-16 5.55e-16  8.46e-11    73s
  30   3.76252488e+02  3.76295575e+02  2.27e-16 4.44e-16  5.04e-11    75s
  31   3.76275209e+02  3.76286246e+02  5.75e-16 5.55e-16  1.29e-11    78s
  32   3.76280008e+02  3.76284306e+02  4.02e-15 4.44e-16  5.03e-12    80s
  33   3.76281355e+02  3.76283767e+02  4.48e-15 4.44e-16  2.82e-12    81s
  34   3.76282512e+02  3.76283304e+02  5.15e-15 5.55e-16  9.27e-13    83s
  35   3.76282902e+02  3.76283149e+02  2.64e-15 6.66e-16  2.88e-13    85s
  36   3.76283043e+02  3.76283092e+02  3.92e-15 7.77e-16  5.71e-14    87s
  37   3.76283071e+02  3.76283081e+02  4.21e-15 6.66e-16  1.16e-14    89s

Barrier solved model in 37 iterations and 89.15 seconds (16.80 work units)
Optimal objective 3.76283071e+02

Done! Time elapsed: 119.38354277610779 seconds.
Starting HMC sampling...

                                                                                                                                                                                                                                                                                                                                
Finished sampling! Elapsed Time: 957.5815320014954 seconds

Checking sampler transitions treedepth.
153 of 16000 (0.96%) transitions hit the maximum treedepth limit of 10, or 2^10 leapfrog steps.
Trajectories that are prematurely terminated due to this limit will result in slow exploration.
For optimal performance, increase this limit.

Checking sampler transitions for divergences.
23 of 16000 (0.14%) transitions ended with a divergence.
These divergent transitions indicate that HMC is not fully able to explore the posterior distribution.
Try increasing adapt delta closer to 1.
If this doesn't remove all divergences, try to reparameterize the model.

Checking E-BFMI - sampler transitions HMC potential energy.
E-BFMI satisfactory.

The following parameters had fewer than 0.001 effective draws per transition:
  log_precision_v_theta, exp_log_theta[459], exp_log_theta[473], exp_log_theta[476], exp_log_theta[486], exp_log_theta[488], exp_log_theta[496], exp_log_theta[501], exp_log_theta[505], exp_log_theta[507], exp_log_theta[528], exp_log_theta[529], exp_log_theta[533], exp_log_theta[535], exp_log_theta[537], exp_log_theta[540], theta[650], theta[830], theta[847], theta[848], theta[882], theta[883], theta[884], theta[885], theta[914], theta[915], theta[964]
Such low values indicate that the effective sample size estimators may be biased high and actual performance may be substantially lower than quoted.

The following parameters had rank-normalized split R-hat greater than 1.01:
  nu_theta_transform[14], nu_theta_transform[24], nu_theta_transform[27], nu_theta_transform[34], nu_theta_transform[36], nu_theta_transform[38], nu_theta_transform[47], nu_theta_transform[49], nu_theta_transform[51], nu_theta_transform[52], nu_theta_transform[59], nu_theta_transform[61], nu_theta_transform[64], nu_theta_transform[68], log_precision_u_theta, log_precision_v_theta, sigma_u_theta, exp_log_theta[1], exp_log_theta[2], exp_log_theta[3], exp_log_theta[4], exp_log_theta[5], exp_log_theta[6], exp_log_theta[7], exp_log_theta[8], exp_log_theta[9], exp_log_theta[10], exp_log_theta[11], exp_log_theta[12], exp_log_theta[13], exp_log_theta[14], exp_log_theta[15], exp_log_theta[16], exp_log_theta[18], exp_log_theta[19], exp_log_theta[20], exp_log_theta[21], exp_log_theta[22], exp_log_theta[23], exp_log_theta[24], exp_log_theta[25], exp_log_theta[26], exp_log_theta[27], exp_log_theta[28], exp_log_theta[29], exp_log_theta[30], exp_log_theta[31], exp_log_theta[32], exp_log_theta[33], exp_log_theta[34], exp_log_theta[35], exp_log_theta[36], exp_log_theta[37], exp_log_theta[38], exp_log_theta[39], exp_log_theta[40], exp_log_theta[41], exp_log_theta[42], exp_log_theta[43], exp_log_theta[44], exp_log_theta[45], exp_log_theta[46], exp_log_theta[47], exp_log_theta[48], exp_log_theta[49], exp_log_theta[50], exp_log_theta[51], exp_log_theta[52], exp_log_theta[53], exp_log_theta[54], exp_log_theta[55], exp_log_theta[56], exp_log_theta[57], exp_log_theta[58], exp_log_theta[59], exp_log_theta[60], exp_log_theta[61], exp_log_theta[62], exp_log_theta[63], exp_log_theta[64], exp_log_theta[65], exp_log_theta[66], exp_log_theta[67], exp_log_theta[68], exp_log_theta[69], exp_log_theta[70], exp_log_theta[71], exp_log_theta[72], exp_log_theta[73], exp_log_theta[74], exp_log_theta[75], exp_log_theta[76], exp_log_theta[77], exp_log_theta[78], exp_log_theta[79], exp_log_theta[80], exp_log_theta[82], exp_log_theta[85], exp_log_theta[87], exp_log_theta[88], exp_log_theta[89], exp_log_theta[90], exp_log_theta[91], exp_log_theta[92], exp_log_theta[93], exp_log_theta[94], exp_log_theta[95], exp_log_theta[96], exp_log_theta[98], exp_log_theta[100], exp_log_theta[102], exp_log_theta[103], exp_log_theta[104], exp_log_theta[107], exp_log_theta[108], exp_log_theta[109], exp_log_theta[110], exp_log_theta[111], exp_log_theta[112], exp_log_theta[113], exp_log_theta[114], exp_log_theta[115], exp_log_theta[116], exp_log_theta[118], exp_log_theta[119], exp_log_theta[121], exp_log_theta[122], exp_log_theta[123], exp_log_theta[124], exp_log_theta[125], exp_log_theta[127], exp_log_theta[128], exp_log_theta[129], exp_log_theta[130], exp_log_theta[131], exp_log_theta[132], exp_log_theta[134], exp_log_theta[135], exp_log_theta[148], exp_log_theta[149], exp_log_theta[150], exp_log_theta[152], exp_log_theta[153], exp_log_theta[154], exp_log_theta[155], exp_log_theta[156], exp_log_theta[158], exp_log_theta[159], exp_log_theta[161], exp_log_theta[162], exp_log_theta[163], exp_log_theta[164], exp_log_theta[165], exp_log_theta[166], exp_log_theta[168], exp_log_theta[169], exp_log_theta[170], exp_log_theta[171], exp_log_theta[172], exp_log_theta[173], exp_log_theta[174], exp_log_theta[175], exp_log_theta[176], exp_log_theta[177], exp_log_theta[178], exp_log_theta[180], exp_log_theta[182], exp_log_theta[183], exp_log_theta[184], exp_log_theta[186], exp_log_theta[188], exp_log_theta[189], exp_log_theta[192], exp_log_theta[193], exp_log_theta[194], exp_log_theta[195], exp_log_theta[196], exp_log_theta[197], exp_log_theta[199], exp_log_theta[200], exp_log_theta[201], exp_log_theta[202], exp_log_theta[203], exp_log_theta[204], exp_log_theta[206], exp_log_theta[208], exp_log_theta[209], exp_log_theta[210], exp_log_theta[211], exp_log_theta[213], exp_log_theta[214], exp_log_theta[215], exp_log_theta[216], exp_log_theta[217], exp_log_theta[218], exp_log_theta[219], exp_log_theta[220], exp_log_theta[221], exp_log_theta[222], exp_log_theta[223], exp_log_theta[224], exp_log_theta[226], exp_log_theta[227], exp_log_theta[228], exp_log_theta[229], exp_log_theta[230], exp_log_theta[232], exp_log_theta[233], exp_log_theta[236], exp_log_theta[237], exp_log_theta[238], exp_log_theta[239], exp_log_theta[240], exp_log_theta[241], exp_log_theta[242], exp_log_theta[243], exp_log_theta[245], exp_log_theta[246], exp_log_theta[247], exp_log_theta[248], exp_log_theta[249], exp_log_theta[250], exp_log_theta[251], exp_log_theta[252], exp_log_theta[253], exp_log_theta[254], exp_log_theta[256], exp_log_theta[259], exp_log_theta[260], exp_log_theta[261], exp_log_theta[262], exp_log_theta[263], exp_log_theta[264], exp_log_theta[266], exp_log_theta[267], exp_log_theta[268], exp_log_theta[270], exp_log_theta[271], exp_log_theta[272], exp_log_theta[273], exp_log_theta[274], exp_log_theta[276], exp_log_theta[277], exp_log_theta[278], exp_log_theta[280], exp_log_theta[281], exp_log_theta[283], exp_log_theta[284], exp_log_theta[287], exp_log_theta[288], exp_log_theta[289], exp_log_theta[290], exp_log_theta[291], exp_log_theta[292], exp_log_theta[293], exp_log_theta[303], exp_log_theta[305], exp_log_theta[307], exp_log_theta[309], exp_log_theta[310], exp_log_theta[311], exp_log_theta[312], exp_log_theta[313], exp_log_theta[314], exp_log_theta[315], exp_log_theta[316], exp_log_theta[317], exp_log_theta[318], exp_log_theta[319], exp_log_theta[320], exp_log_theta[321], exp_log_theta[322], exp_log_theta[323], exp_log_theta[324], exp_log_theta[325], exp_log_theta[326], exp_log_theta[327], exp_log_theta[328], exp_log_theta[329], exp_log_theta[330], exp_log_theta[331], exp_log_theta[332], exp_log_theta[333], exp_log_theta[334], exp_log_theta[335], exp_log_theta[336], exp_log_theta[337], exp_log_theta[338], exp_log_theta[339], exp_log_theta[340], exp_log_theta[341], exp_log_theta[342], exp_log_theta[343], exp_log_theta[344], exp_log_theta[345], exp_log_theta[346], exp_log_theta[347], exp_log_theta[348], exp_log_theta[349], exp_log_theta[350], exp_log_theta[352], exp_log_theta[353], exp_log_theta[354], exp_log_theta[356], exp_log_theta[357], exp_log_theta[358], exp_log_theta[365], exp_log_theta[366], exp_log_theta[367], exp_log_theta[368], exp_log_theta[370], exp_log_theta[371], exp_log_theta[372], exp_log_theta[373], exp_log_theta[376], exp_log_theta[377], exp_log_theta[378], exp_log_theta[379], exp_log_theta[380], exp_log_theta[381], exp_log_theta[382], exp_log_theta[384], exp_log_theta[385], exp_log_theta[386], exp_log_theta[387], exp_log_theta[388], exp_log_theta[389], exp_log_theta[390], exp_log_theta[392], exp_log_theta[393], exp_log_theta[394], exp_log_theta[395], exp_log_theta[396], exp_log_theta[397], exp_log_theta[398], exp_log_theta[402], exp_log_theta[403], exp_log_theta[404], exp_log_theta[405], exp_log_theta[409], exp_log_theta[411], exp_log_theta[413], exp_log_theta[416], exp_log_theta[417], exp_log_theta[418], exp_log_theta[419], exp_log_theta[421], exp_log_theta[423], exp_log_theta[426], exp_log_theta[427], exp_log_theta[428], exp_log_theta[431], exp_log_theta[432], exp_log_theta[434], exp_log_theta[435], exp_log_theta[436], exp_log_theta[437], exp_log_theta[438], exp_log_theta[440], exp_log_theta[441], exp_log_theta[445], exp_log_theta[446], exp_log_theta[448], exp_log_theta[449], exp_log_theta[451], exp_log_theta[452], exp_log_theta[454], exp_log_theta[457], exp_log_theta[458], exp_log_theta[459], exp_log_theta[460], exp_log_theta[462], exp_log_theta[463], exp_log_theta[464], exp_log_theta[465], exp_log_theta[466], exp_log_theta[470], exp_log_theta[472], exp_log_theta[473], exp_log_theta[474], exp_log_theta[475], exp_log_theta[476], exp_log_theta[478], exp_log_theta[479], exp_log_theta[480], exp_log_theta[482], exp_log_theta[483], exp_log_theta[484], exp_log_theta[485], exp_log_theta[486], exp_log_theta[487], exp_log_theta[488], exp_log_theta[489], exp_log_theta[490], exp_log_theta[491], exp_log_theta[492], exp_log_theta[493], exp_log_theta[494], exp_log_theta[495], exp_log_theta[496], exp_log_theta[497], exp_log_theta[498], exp_log_theta[499], exp_log_theta[500], exp_log_theta[501], exp_log_theta[502], exp_log_theta[503], exp_log_theta[504], exp_log_theta[505], exp_log_theta[507], exp_log_theta[509], exp_log_theta[510], exp_log_theta[513], exp_log_theta[514], exp_log_theta[515], exp_log_theta[516], exp_log_theta[517], exp_log_theta[519], exp_log_theta[520], exp_log_theta[521], exp_log_theta[523], exp_log_theta[524], exp_log_theta[525], exp_log_theta[526], exp_log_theta[527], exp_log_theta[528], exp_log_theta[529], exp_log_theta[530], exp_log_theta[531], exp_log_theta[533], exp_log_theta[534], exp_log_theta[535], exp_log_theta[536], exp_log_theta[537], exp_log_theta[538], exp_log_theta[540], theta[42], theta[56], theta[57], theta[64], theta[65], theta[66], theta[67], theta[84], theta[85], theta[86], theta[87], theta[95], theta[96], theta[97], theta[98], theta[99], theta[117], theta[118], theta[120], theta[121], theta[122], theta[125], theta[126], theta[129], theta[130], theta[131], theta[132], theta[133], theta[151], theta[152], theta[153], theta[155], theta[156], theta[158], theta[159], theta[160], theta[162], theta[163], theta[164], theta[165], theta[166], theta[167], theta[174], theta[186], theta[187], theta[189], theta[190], theta[191], theta[193], theta[194], theta[196], theta[197], theta[199], theta[200], theta[201], theta[202], theta[211], theta[216], theta[217], theta[223], theta[224], theta[226], theta[227], theta[228], theta[229], theta[233], theta[234], theta[235], theta[236], theta[239], theta[240], theta[249], theta[250], theta[251], theta[254], theta[255], theta[256], theta[257], theta[258], theta[265], theta[267], theta[268], theta[269], theta[270], theta[271], theta[272], theta[273], theta[274], theta[275], theta[276], theta[277], theta[278], theta[283], theta[287], theta[288], theta[291], theta[292], theta[294], theta[298], theta[299], theta[300], theta[307], theta[311], theta[312], theta[313], theta[314], theta[315], theta[316], theta[317], theta[318], theta[319], theta[320], theta[324], theta[325], theta[327], theta[328], theta[329], theta[330], theta[331], theta[332], theta[333], theta[334], theta[335], theta[336], theta[337], theta[339], theta[340], theta[341], theta[342], theta[344], theta[346], theta[348], theta[353], theta[354], theta[356], theta[357], theta[358], theta[359], theta[361], theta[362], theta[367], theta[368], theta[369], theta[371], theta[372], theta[373], theta[374], theta[375], theta[376], theta[377], theta[378], theta[379], theta[380], theta[381], theta[382], theta[383], theta[386], theta[387], theta[389], theta[391], theta[393], theta[395], theta[396], theta[397], theta[398], theta[399], theta[400], theta[401], theta[402], theta[403], theta[404], theta[407], theta[409], theta[410], theta[411], theta[412], theta[413], theta[414], theta[415], theta[416], theta[417], theta[418], theta[419], theta[420], theta[421], theta[422], theta[423], theta[425], theta[426], theta[431], theta[432], theta[435], theta[436], theta[437], theta[439], theta[440], theta[441], theta[442], theta[443], theta[444], theta[445], theta[447], theta[453], theta[454], theta[457], theta[458], theta[459], theta[460], theta[461], theta[462], theta[463], theta[464], theta[465], theta[466], theta[467], theta[468], theta[469], theta[470], theta[471], theta[472], theta[473], theta[476], theta[477], theta[478], theta[479], theta[481], theta[482], theta[483], theta[485], theta[487], theta[488], theta[489], theta[490], theta[491], theta[493], theta[494], theta[498], theta[500], theta[501], theta[502], theta[503], theta[505], theta[506], theta[507], theta[508], theta[509], theta[510], theta[511], theta[512], theta[513], theta[514], theta[515], theta[516], theta[518], theta[519], theta[520], theta[521], theta[522], theta[523], theta[524], theta[525], theta[526], theta[528], theta[529], theta[531], theta[533], theta[534], theta[535], theta[536], theta[537], theta[538], theta[539], theta[541], theta[543], theta[546], theta[547], theta[548], theta[549], theta[550], theta[551], theta[552], theta[553], theta[554], theta[555], theta[559], theta[560], theta[561], theta[562], theta[563], theta[565], theta[566], theta[567], theta[568], theta[569], theta[570], theta[571], theta[572], theta[573], theta[574], theta[575], theta[577], theta[578], theta[579], theta[580], theta[581], theta[582], theta[583], theta[584], theta[585], theta[586], theta[587], theta[588], theta[592], theta[596], theta[597], theta[598], theta[599], theta[600], theta[604], theta[605], theta[606], theta[607], theta[608], theta[609], theta[610], theta[611], theta[612], theta[613], theta[614], theta[618], theta[619], theta[620], theta[621], theta[622], theta[623], theta[624], theta[625], theta[626], theta[627], theta[628], theta[629], theta[630], theta[631], theta[634], theta[635], theta[636], theta[637], theta[639], theta[640], theta[641], theta[642], theta[643], theta[647], theta[648], theta[649], theta[650], theta[651], theta[652], theta[653], theta[658], theta[659], theta[660], theta[661], theta[662], theta[663], theta[664], theta[665], theta[666], theta[667], theta[668], theta[669], theta[670], theta[671], theta[672], theta[673], theta[675], theta[676], theta[677], theta[678], theta[679], theta[680], theta[681], theta[682], theta[683], theta[684], theta[685], theta[686], theta[691], theta[692], theta[693], theta[694], theta[695], theta[696], theta[697], theta[698], theta[699], theta[700], theta[701], theta[702], theta[703], theta[704], theta[705], theta[706], theta[707], theta[708], theta[709], theta[710], theta[711], theta[712], theta[713], theta[714], theta[715], theta[716], theta[717], theta[718], theta[719], theta[720], theta[721], theta[723], theta[724], theta[725], theta[726], theta[727], theta[728], theta[729], theta[734], theta[735], theta[736], theta[737], theta[738], theta[739], theta[740], theta[741], theta[742], theta[743], theta[744], theta[745], theta[746], theta[747], theta[748], theta[749], theta[750], theta[751], theta[752], theta[753], theta[754], theta[757], theta[759], theta[760], theta[761], theta[762], theta[763], theta[764], theta[765], theta[768], theta[769], theta[770], theta[771], theta[772], theta[776], theta[777], theta[778], theta[779], theta[780], theta[781], theta[782], theta[783], theta[784], theta[785], theta[786], theta[787], theta[788], theta[789], theta[790], theta[791], theta[792], theta[793], theta[794], theta[796], theta[797], theta[798], theta[799], theta[800], theta[801], theta[802], theta[803], theta[804], theta[805], theta[807], theta[809], theta[810], theta[811], theta[812], theta[813], theta[816], theta[817], theta[818], theta[819], theta[820], theta[821], theta[822], theta[823], theta[824], theta[825], theta[826], theta[827], theta[829], theta[830], theta[831], theta[832], theta[836], theta[837], theta[838], theta[839], theta[840], theta[841], theta[842], theta[843], theta[844], theta[845], theta[846], theta[847], theta[848], theta[849], theta[850], theta[851], theta[852], theta[856], theta[857], theta[858], theta[859], theta[860], theta[861], theta[862], theta[863], theta[865], theta[866], theta[867], theta[868], theta[869], theta[871], theta[872], theta[873], theta[874], theta[875], theta[876], theta[877], theta[878], theta[879], theta[880], theta[881], theta[882], theta[883], theta[884], theta[885], theta[886], theta[887], theta[888], theta[889], theta[890], theta[893], theta[894], theta[895], theta[896], theta[897], theta[898], theta[899], theta[900], theta[902], theta[903], theta[904], theta[905], theta[906], theta[907], theta[908], theta[909], theta[910], theta[911], theta[912], theta[913], theta[914], theta[915], theta[916], theta[917], theta[918], theta[919], theta[920], theta[923], theta[924], theta[925], theta[926], theta[927], theta[928], theta[929], theta[930], theta[931], theta[932], theta[933], theta[936], theta[937], theta[938], theta[939], theta[940], theta[941], theta[942], theta[943], theta[944], theta[945], theta[947], theta[948], theta[949], theta[951], theta[952], theta[953], theta[954], theta[955], theta[956], theta[960], theta[963], theta[964], theta[965], theta[966], theta[967], theta[968], theta[969], theta[970], theta[971], theta[972], theta[973], theta[974], theta[975], theta[976], theta[977], theta[978], theta[979], theta[980], theta[981], theta[985], theta[986], theta[987], theta[988], theta[989], theta[990], theta[991], theta[994], theta[995], theta[996], theta[997], theta[998], theta[1000], theta[1003], theta[1004], theta[1005], theta[1007], theta[1008], theta[1009], theta[1010], theta[1011], theta[1012], theta[1013], theta[1016], theta[1018], theta[1019], theta[1020], theta[1021], theta[1022], theta[1023], theta[1024], theta[1026], theta[1027], theta[1028], theta[1029], theta[1030], theta[1031], theta[1032], theta[1033], theta[1034], theta[1035], theta[1036], theta[1039], theta[1040], theta[1041]
Such high values indicate incomplete mixing and biased estimation.
You should consider regularizing your model with additional prior information or a more effective parameterization.

Processing complete.

Parameters from last iteration: [1.92933991e-01 3.92706841e-01 3.93835127e-01 ... 2.52446233e+02
 2.34132497e+02 2.33637469e+02]

Parameters from current iteration:
            [  0.45336162   0.45990168   0.45993861 ... 252.95416017 234.36729741
 233.72899494]

Updated uncertain values: [  0.2580409    0.40950555   0.410361   ... 252.57321476 234.19119735
 233.66035044]


            Iteration [   1]: Absolute Error = 3.1634304664063393,
            Percentage Error = 0.45485334026399654
            
Optimization Iteration[2/100]

Theta: [0.2580409  0.40950555 0.410361   ... 1.88250781 1.18205535 1.05657698]

Gamma: [606.1743548  587.34809409 531.96219622 ... 252.57321476 234.19119735
 233.66035044]

Solving the optimization problem...
Set parameter TokenServer to value "licenses.rcc.uchicago.edu"
Read LP format model from file /scratch/local/jobs/50255456/tmp21v4evel.pyomo.lp
Reading time = 2.15 seconds
x1: 417600 rows, 834801 columns, 2083271 nonzeros
Gurobi Optimizer version 11.0.0 build v11.0.0rc2 (linux64 - "CentOS Linux 8")

CPU model: Intel(R) Xeon(R) Gold 6248R CPU @ 3.00GHz, instruction set [SSE2|AVX|AVX2|AVX512]
Thread count: 48 physical cores, 48 logical processors, using up to 32 threads

Optimize a model with 417600 rows, 834801 columns and 2083271 nonzeros
Model fingerprint: 0x86de8863
Model has 400 quadratic objective terms
Coefficient statistics:
  Matrix range     [1e+00, 9e+02]
  Objective range  [1e-03, 7e+02]
  QObjective range [2e+03, 2e+05]
  Bounds range     [3e-06, 1e+00]
  RHS range        [9e-11, 4e-01]
Presolve removed 208947 rows and 209294 columns
Presolve time: 0.80s
Presolved: 208653 rows, 625507 columns, 1249571 nonzeros
Presolved model has 400 quadratic objective terms
Ordering time: 1.39s

Barrier statistics:
 AA' NZ     : 6.241e+05
 Factor NZ  : 6.773e+07 (roughly 900 MB of memory)
 Factor Ops : 2.543e+10 (less than 1 second per iteration)
 Threads    : 32

                  Objective                Residual
Iter       Primal          Dual         Primal    Dual     Compl     Time
   0  -2.96767543e+10  1.08047387e+08  1.04e+06 2.63e+02  9.97e+05     6s
   1  -1.40441762e+09  4.04313656e+07  4.81e+04 1.06e-12  5.25e+04     9s
   2  -9.92340375e+06  6.42796981e+06  1.25e+02 1.79e-12  1.52e+02    11s
   3  -1.06989723e+06  1.10471001e+06  1.71e+00 2.35e-12  4.41e+00    13s
   4  -1.86714022e+05  2.56992731e+05  5.80e-02 1.57e-12  5.83e-01    15s
   5  -3.64472101e+04  4.81398835e+04  2.32e-03 1.14e-12  1.02e-01    17s
   6  -9.44063452e+03  1.28663990e+04  3.23e-04 1.19e-12  2.68e-02    19s
   7  -3.09200884e+03  4.54226117e+03  8.10e-05 8.35e-13  9.16e-03    21s
   8  -1.34281715e+03  2.85252015e+03  2.13e-05 9.84e-13  5.03e-03    22s
   9  -4.93500178e+02  1.37936149e+03  8.28e-06 9.01e-13  2.25e-03    24s
  10   3.07664844e+01  5.19076037e+02  8.51e-07 5.51e-13  5.85e-04    26s
  11   1.88360316e+02  3.46313463e+02  1.14e-07 3.41e-13  1.89e-04    29s
  12   2.38414051e+02  2.98668316e+02  6.03e-09 2.27e-13  7.22e-05    31s
  13   2.52558092e+02  2.83021467e+02  1.69e-09 3.41e-13  3.65e-05    33s
  14   2.61889247e+02  2.75277528e+02  5.91e-10 3.41e-13  1.61e-05    35s
  15   2.62366395e+02  2.74920648e+02  5.33e-10 3.41e-13  1.51e-05    36s
  16   2.65713997e+02  2.72580463e+02  2.28e-10 3.30e-13  8.23e-06    38s
  17   2.68388930e+02  2.70907526e+02  4.60e-11 4.55e-13  3.02e-06    41s
  18   2.69261826e+02  2.70444608e+02  1.53e-11 4.55e-13  1.42e-06    43s
  19   2.69626179e+02  2.70265755e+02  6.19e-12 4.55e-13  7.67e-07    45s
  20   2.69775452e+02  2.70195196e+02  3.29e-12 4.55e-13  5.03e-07    47s
  21   2.69867848e+02  2.70152429e+02  1.74e-12 4.55e-13  3.41e-07    49s
  22   2.69929387e+02  2.70124804e+02  1.03e-12 4.55e-13  2.34e-07    51s
  23   2.69993807e+02  2.70096015e+02  2.51e-13 4.55e-13  1.23e-07    53s
  24   2.70028716e+02  2.70081127e+02  8.60e-14 4.55e-13  6.28e-08    55s
  25   2.70055403e+02  2.70070012e+02  1.17e-14 5.68e-13  1.75e-08    57s
  26   2.70060554e+02  2.70067914e+02  3.92e-15 4.55e-13  8.82e-09    58s
  27   2.70064206e+02  2.70066436e+02  6.92e-15 4.55e-13  2.67e-09    60s
  28   2.70065404e+02  2.70065954e+02  7.88e-15 5.68e-13  6.60e-10    63s
  29   2.70065655e+02  2.70065853e+02  7.62e-15 6.82e-13  2.37e-10    65s
  30   2.70065761e+02  2.70065811e+02  1.03e-14 5.68e-13  5.93e-11    67s
  31   2.70065794e+02  2.70065798e+02  1.01e-14 6.82e-13  4.23e-12    69s
  32   2.70065797e+02  2.70065797e+02  6.84e-15 6.82e-13  3.48e-14    71s

Barrier solved model in 32 iterations and 70.60 seconds (14.65 work units)
Optimal objective 2.70065797e+02

Done! Time elapsed: 103.86289095878601 seconds.
Starting HMC sampling...

                                                                                                                                                                                                                                                                                                                                
Finished sampling! Elapsed Time: 887.8486521244049 seconds

Checking sampler transitions treedepth.
204 of 16000 (1.27%) transitions hit the maximum treedepth limit of 10, or 2^10 leapfrog steps.
Trajectories that are prematurely terminated due to this limit will result in slow exploration.
For optimal performance, increase this limit.

Checking sampler transitions for divergences.
159 of 16000 (0.99%) transitions ended with a divergence.
These divergent transitions indicate that HMC is not fully able to explore the posterior distribution.
Try increasing adapt delta closer to 1.
If this doesn't remove all divergences, try to reparameterize the model.

Checking E-BFMI - sampler transitions HMC potential energy.
E-BFMI satisfactory.

The following parameters had fewer than 0.001 effective draws per transition:
  log_precision_v_theta
Such low values indicate that the effective sample size estimators may be biased high and actual performance may be substantially lower than quoted.

The following parameters had rank-normalized split R-hat greater than 1.01:
  log_precision_v_theta
Such high values indicate incomplete mixing and biased estimation.
You should consider regularizing your model with additional prior information or a more effective parameterization.

Processing complete.

Parameters from last iteration: [  0.2580409    0.40950555   0.410361   ... 252.57321476 234.19119735
 233.66035044]

Parameters from current iteration:
            [  0.45562897   0.45087844   0.45085161 ... 252.95592371 234.39281222
 233.80062543]

Updated uncertain values: [  0.30743792   0.41984877   0.42048365 ... 252.66889199 234.24160107
 233.69541919]


            Iteration [   2]: Absolute Error = 1.9699481986327783,
            Percentage Error = 0.25324024975525933
            
Optimization Iteration[3/100]

Theta: [0.30743792 0.41984877 0.42048365 ... 1.66299066 1.1749071  1.08778507]

Gamma: [606.40699899 587.57554938 532.12872642 ... 252.66889199 234.24160107
 233.69541919]

Solving the optimization problem...
Set parameter TokenServer to value "licenses.rcc.uchicago.edu"
Read LP format model from file /scratch/local/jobs/50255456/tmpc9ada65j.pyomo.lp
Reading time = 2.16 seconds
x1: 417600 rows, 834801 columns, 2083271 nonzeros
Gurobi Optimizer version 11.0.0 build v11.0.0rc2 (linux64 - "CentOS Linux 8")

CPU model: Intel(R) Xeon(R) Gold 6248R CPU @ 3.00GHz, instruction set [SSE2|AVX|AVX2|AVX512]
Thread count: 48 physical cores, 48 logical processors, using up to 32 threads

Optimize a model with 417600 rows, 834801 columns and 2083271 nonzeros
Model fingerprint: 0x4235f8b2
Model has 400 quadratic objective terms
Coefficient statistics:
  Matrix range     [1e+00, 9e+02]
  Objective range  [1e-03, 7e+02]
  QObjective range [2e+03, 2e+05]
  Bounds range     [3e-06, 1e+00]
  RHS range        [9e-11, 4e-01]
Presolve removed 208947 rows and 209294 columns
Presolve time: 0.80s
Presolved: 208653 rows, 625507 columns, 1249571 nonzeros
Presolved model has 400 quadratic objective terms
Ordering time: 1.29s

Barrier statistics:
 AA' NZ     : 6.241e+05
 Factor NZ  : 6.773e+07 (roughly 900 MB of memory)
 Factor Ops : 2.543e+10 (less than 1 second per iteration)
 Threads    : 32

                  Objective                Residual
Iter       Primal          Dual         Primal    Dual     Compl     Time
   0  -3.00025827e+10  1.08047370e+08  1.04e+06 2.63e+02  9.97e+05     6s
   1  -1.42051955e+09  4.04306753e+07  4.81e+04 1.04e-12  5.25e+04     8s
   2  -9.97091330e+06  6.42893902e+06  1.26e+02 1.79e-12  1.53e+02    10s
   3  -1.07027154e+06  1.10448325e+06  1.72e+00 2.75e-12  4.41e+00    12s
   4  -1.86778996e+05  2.56950903e+05  5.81e-02 1.90e-12  5.83e-01    14s
   5  -3.65078458e+04  4.81246721e+04  2.33e-03 1.05e-12  1.02e-01    16s
   6  -8.73015886e+03  1.15622645e+04  2.52e-04 8.33e-13  2.44e-02    18s
   7  -3.10016600e+03  4.03149906e+03  6.09e-05 7.17e-13  8.55e-03    20s
   8  -1.00201079e+03  1.93976898e+03  9.55e-06 7.66e-13  3.53e-03    22s
   9  -3.84168978e+02  1.00748326e+03  3.59e-06 5.66e-13  1.67e-03    24s
  10   3.27257172e+01  3.76126529e+02  2.07e-07 3.61e-13  4.12e-04    26s
  11   1.48803422e+02  2.60507950e+02  1.01e-08 3.41e-13  1.34e-04    28s
  12   1.81750433e+02  2.24451331e+02  8.76e-10 2.27e-13  5.12e-05    30s
  13   1.91237366e+02  2.16647661e+02  4.26e-10 2.84e-13  3.05e-05    32s
  14   1.96808939e+02  2.12490253e+02  2.35e-10 3.09e-13  1.88e-05    34s
  15   2.01152611e+02  2.09489271e+02  1.07e-10 2.84e-13  9.99e-06    35s
  16   2.03329724e+02  2.08120184e+02  4.43e-11 3.41e-13  5.74e-06    37s
  17   2.05234602e+02  2.07001273e+02  1.27e-11 4.55e-13  2.12e-06    40s
  18   2.05876189e+02  2.06650027e+02  3.33e-12 4.55e-13  9.28e-07    42s
  19   2.06045604e+02  2.06564779e+02  1.45e-12 4.55e-13  6.22e-07    44s
  20   2.06184006e+02  2.06499219e+02  7.46e-13 4.55e-13  3.78e-07    45s
  21   2.06287054e+02  2.06451278e+02  2.44e-13 3.41e-13  1.97e-07    47s
  22   2.06327009e+02  2.06433631e+02  1.32e-13 4.55e-13  1.28e-07    49s
  23   2.06368305e+02  2.06415626e+02  2.91e-14 4.55e-13  5.67e-08    51s
  24   2.06387081e+02  2.06407744e+02  8.85e-15 4.55e-13  2.48e-08    53s
  25   2.06394921e+02  2.06404508e+02  2.69e-15 4.55e-13  1.15e-08    54s
  26   2.06399068e+02  2.06402820e+02  1.82e-15 4.55e-13  4.50e-09    56s
  27   2.06400000e+02  2.06402443e+02  3.52e-15 4.55e-13  2.93e-09    58s
  28   2.06401446e+02  2.06401860e+02  3.67e-15 6.82e-13  4.96e-10    60s
  29   2.06401621e+02  2.06401790e+02  3.98e-15 5.68e-13  2.02e-10    62s
  30   2.06401704e+02  2.06401757e+02  2.09e-15 4.55e-13  6.32e-11    64s
  31   2.06401736e+02  2.06401744e+02  1.09e-15 6.82e-13  9.16e-12    66s
  32   2.06401741e+02  2.06401742e+02  8.50e-16 5.68e-13  6.73e-13    68s

Barrier solved model in 32 iterations and 68.06 seconds (14.64 work units)
Optimal objective 2.06401741e+02

Done! Time elapsed: 98.89268374443054 seconds.
Starting HMC sampling...

                                                                                                                                                                                                                                                                                                                                
Finished sampling! Elapsed Time: 932.4987909793854 seconds

Checking sampler transitions treedepth.
122 of 16000 (0.76%) transitions hit the maximum treedepth limit of 10, or 2^10 leapfrog steps.
Trajectories that are prematurely terminated due to this limit will result in slow exploration.
For optimal performance, increase this limit.

Checking sampler transitions for divergences.
266 of 16000 (1.66%) transitions ended with a divergence.
These divergent transitions indicate that HMC is not fully able to explore the posterior distribution.
Try increasing adapt delta closer to 1.
If this doesn't remove all divergences, try to reparameterize the model.

Checking E-BFMI - sampler transitions HMC potential energy.
E-BFMI satisfactory.

The following parameters had fewer than 0.001 effective draws per transition:
  log_precision_v_theta
Such low values indicate that the effective sample size estimators may be biased high and actual performance may be substantially lower than quoted.

The following parameters had rank-normalized split R-hat greater than 1.01:
  log_precision_v_theta
Such high values indicate incomplete mixing and biased estimation.
You should consider regularizing your model with additional prior information or a more effective parameterization.

Processing complete.

Parameters from last iteration: [  0.30743792   0.41984877   0.42048365 ... 252.66889199 234.24160107
 233.69541919]

Parameters from current iteration:
            [  0.41981536   0.41699936   0.41698346 ... 252.8963106  234.41529154
 233.87895252]

Updated uncertain values: [  0.33553228   0.41913642   0.4196086  ... 252.72574665 234.28502368
 233.74130252]


            Iteration [   3]: Absolute Error = 1.0513012833300763,
            Percentage Error = 0.19294479427933653
            
Optimization Iteration[4/100]

Theta: [0.33553228 0.41913642 0.4196086  ... 1.51838371 1.17915652 1.11894044]

Gamma: [606.48112865 587.62842679 532.13521097 ... 252.72574665 234.28502368
 233.74130252]

Solving the optimization problem...
Set parameter TokenServer to value "licenses.rcc.uchicago.edu"
Read LP format model from file /scratch/local/jobs/50255456/tmpy9pnpv25.pyomo.lp
Reading time = 2.17 seconds
x1: 417600 rows, 834801 columns, 2083271 nonzeros
Gurobi Optimizer version 11.0.0 build v11.0.0rc2 (linux64 - "CentOS Linux 8")

CPU model: Intel(R) Xeon(R) Gold 6248R CPU @ 3.00GHz, instruction set [SSE2|AVX|AVX2|AVX512]
Thread count: 48 physical cores, 48 logical processors, using up to 32 threads

Optimize a model with 417600 rows, 834801 columns and 2083271 nonzeros
Model fingerprint: 0x3e503502
Model has 400 quadratic objective terms
Coefficient statistics:
  Matrix range     [1e+00, 9e+02]
  Objective range  [4e-04, 7e+02]
  QObjective range [2e+03, 2e+05]
  Bounds range     [3e-06, 1e+00]
  RHS range        [9e-11, 4e-01]
Presolve removed 208947 rows and 209294 columns
Presolve time: 0.80s
Presolved: 208653 rows, 625507 columns, 1249571 nonzeros
Presolved model has 400 quadratic objective terms
Ordering time: 1.11s

Barrier statistics:
 AA' NZ     : 6.241e+05
 Factor NZ  : 6.773e+07 (roughly 900 MB of memory)
 Factor Ops : 2.543e+10 (less than 1 second per iteration)
 Threads    : 32

                  Objective                Residual
Iter       Primal          Dual         Primal    Dual     Compl     Time
   0  -1.40636256e+11  1.10640369e+11  1.04e+06 1.14e-13  1.00e+06     6s
   1  -6.45559617e+10  6.33673573e+10  4.43e+04 3.08e+01  4.67e+04     8s
   2  -3.05794207e+10  3.06541235e+10  4.48e+02 1.24e-01  5.43e+02    10s
   3  -1.08845894e+10  1.09728795e+10  3.21e+00 1.64e-12  2.86e+01    13s
   4  -2.40150638e+09  2.49942260e+09  2.67e-01 1.33e-12  5.95e+00    18s
   5  -5.82486798e+08  6.48660816e+08  3.65e-02 5.61e-12  1.46e+00    23s
   6  -9.63018878e+07  1.09581107e+08  2.74e-03 1.62e-12  2.41e-01    27s
   7  -1.41045894e+07  1.68779409e+07  2.74e-09 2.14e-12  3.63e-02    31s
   8  -2.06591171e+06  2.46060824e+06  2.57e-13 9.06e-13  5.30e-03    33s
   9  -3.06947497e+05  3.78080336e+05  3.94e-14 3.14e-13  8.02e-04    35s
  10  -4.59131054e+04  5.47112703e+04  2.08e-14 5.55e-14  1.18e-04    38s
  11  -7.05369800e+03  8.41695581e+03  1.14e-14 1.05e-14  1.81e-05    39s
  12  -1.60658267e+03  1.78788600e+03  1.36e-14 1.54e-15  3.97e-06    42s
  13  -4.13136799e+02  9.83316799e+02  1.05e-15 6.66e-16  1.63e-06    44s
  14  -3.29777040e+01  3.85163079e+02  5.10e-16 6.66e-16  4.90e-07    47s
  15   9.03196903e+01  2.47512148e+02  2.32e-16 4.44e-16  1.84e-07    49s
  16   1.37201231e+02  1.93409853e+02  1.33e-16 4.44e-16  6.58e-08    51s
  17   1.49321175e+02  1.83889431e+02  8.72e-17 4.44e-16  4.05e-08    53s
  18   1.58354599e+02  1.77260146e+02  7.89e-17 3.33e-16  2.21e-08    55s
  19   1.63450182e+02  1.73933963e+02  1.05e-16 4.44e-16  1.23e-08    57s
  20   1.67004071e+02  1.71842964e+02  6.11e-17 3.33e-16  5.67e-09    59s
  21   1.68190864e+02  1.71220011e+02  1.33e-16 3.33e-16  3.55e-09    61s
  22   1.68854310e+02  1.70886589e+02  1.37e-16 4.44e-16  2.38e-09    63s
  23   1.69420259e+02  1.70610908e+02  7.42e-17 4.44e-16  1.39e-09    65s
  24   1.69608492e+02  1.70523238e+02  9.50e-17 3.33e-16  1.07e-09    66s
  25   1.69807004e+02  1.70431690e+02  8.98e-17 4.44e-16  7.31e-10    68s
  26   1.69947052e+02  1.70368943e+02  9.56e-17 4.44e-16  4.94e-10    70s
  27   1.70025442e+02  1.70334252e+02  1.07e-16 3.33e-16  3.62e-10    72s
  28   1.70105220e+02  1.70299378e+02  1.06e-16 4.44e-16  2.27e-10    73s
  29   1.70163957e+02  1.70274185e+02  1.61e-16 4.44e-16  1.29e-10    75s
  30   1.70209231e+02  1.70255074e+02  1.73e-16 5.55e-16  5.37e-11    77s
  31   1.70210144e+02  1.70254699e+02  1.67e-16 5.55e-16  5.22e-11    79s
  32   1.70227812e+02  1.70247469e+02  1.88e-16 4.44e-16  2.30e-11    80s
  33   1.70237555e+02  1.70243547e+02  5.21e-16 5.55e-16  7.02e-12    83s
  34   1.70240374e+02  1.70242412e+02  9.63e-16 4.44e-16  2.39e-12    85s
  35   1.70241243e+02  1.70242064e+02  4.89e-15 4.44e-16  9.61e-13    86s
  36   1.70241469e+02  1.70241974e+02  2.32e-15 4.44e-16  5.92e-13    88s
  37   1.70241726e+02  1.70241871e+02  2.48e-15 4.44e-16  1.71e-13    90s
  38   1.70241820e+02  1.70241834e+02  1.26e-15 4.44e-16  1.53e-14    92s
  39   1.70241828e+02  1.70241831e+02  1.46e-15 4.44e-16  3.54e-15    93s

Barrier solved model in 39 iterations and 93.10 seconds (17.62 work units)
Optimal objective 1.70241828e+02

Done! Time elapsed: 123.9873673915863 seconds.
Starting HMC sampling...

                                                                                                                                                                                                                                                                                                                                
Finished sampling! Elapsed Time: 754.9697048664093 seconds

Checking sampler transitions treedepth.
67 of 16000 (0.42%) transitions hit the maximum treedepth limit of 10, or 2^10 leapfrog steps.
Trajectories that are prematurely terminated due to this limit will result in slow exploration.
For optimal performance, increase this limit.

Checking sampler transitions for divergences.
No divergent transitions found.

Checking E-BFMI - sampler transitions HMC potential energy.
E-BFMI satisfactory.

The following parameters had fewer than 0.001 effective draws per transition:
  log_precision_v_theta
Such low values indicate that the effective sample size estimators may be biased high and actual performance may be substantially lower than quoted.

The following parameters had rank-normalized split R-hat greater than 1.01:
  log_precision_v_theta
Such high values indicate incomplete mixing and biased estimation.
You should consider regularizing your model with additional prior information or a more effective parameterization.

Processing complete.

Parameters from last iteration: [  0.33553228   0.41913642   0.4196086  ... 252.72574665 234.28502368
 233.74130252]

Parameters from current iteration:
            [  0.38323393   0.38726981   0.38729261 ... 253.05273213 234.53911712
 234.00194556]

Updated uncertain values: [  0.34745769   0.41116977   0.4115296  ... 252.80749302 234.34854704
 233.80646328]


            Iteration [   4]: Absolute Error = 0.7456357247704091,
            Percentage Error = 0.16265239953529012
            
Optimization Iteration[5/100]

Theta: [0.34745769 0.41116977 0.4115296  ... 1.41853235 1.18404951 1.14278508]

Gamma: [606.56561465 587.69124185 532.14334602 ... 252.80749302 234.34854704
 233.80646328]

Solving the optimization problem...
Set parameter TokenServer to value "licenses.rcc.uchicago.edu"
Read LP format model from file /scratch/local/jobs/50255456/tmpiofpv3qh.pyomo.lp
Reading time = 2.17 seconds
x1: 417600 rows, 834801 columns, 2083271 nonzeros
Gurobi Optimizer version 11.0.0 build v11.0.0rc2 (linux64 - "CentOS Linux 8")

CPU model: Intel(R) Xeon(R) Gold 6248R CPU @ 3.00GHz, instruction set [SSE2|AVX|AVX2|AVX512]
Thread count: 48 physical cores, 48 logical processors, using up to 32 threads

Optimize a model with 417600 rows, 834801 columns and 2083271 nonzeros
Model fingerprint: 0x68e1c71c
Model has 400 quadratic objective terms
Coefficient statistics:
  Matrix range     [1e+00, 9e+02]
  Objective range  [1e-03, 7e+02]
  QObjective range [2e+03, 2e+05]
  Bounds range     [3e-06, 1e+00]
  RHS range        [9e-11, 4e-01]
Presolve removed 208947 rows and 209294 columns
Presolve time: 0.80s
Presolved: 208653 rows, 625507 columns, 1249571 nonzeros
Presolved model has 400 quadratic objective terms
Ordering time: 1.00s

Barrier statistics:
 AA' NZ     : 6.241e+05
 Factor NZ  : 6.773e+07 (roughly 900 MB of memory)
 Factor Ops : 2.543e+10 (less than 1 second per iteration)
 Threads    : 32

                  Objective                Residual
Iter       Primal          Dual         Primal    Dual     Compl     Time
   0  -1.40741036e+11  1.10640369e+11  1.04e+06 1.14e-13  1.00e+06     5s
   1  -6.45603963e+10  6.33673583e+10  4.43e+04 3.08e+01  4.67e+04     7s
   2  -3.05794659e+10  3.06541239e+10  4.48e+02 1.24e-01  5.43e+02     9s
   3  -1.08845899e+10  1.09728797e+10  3.21e+00 1.61e-12  2.86e+01    10s
   4  -2.40150662e+09  2.49942280e+09  2.67e-01 1.34e-12  5.95e+00    14s
   5  -5.82486750e+08  6.48660739e+08  3.65e-02 3.09e-12  1.46e+00    19s
   6  -9.63018659e+07  1.09581046e+08  2.74e-03 1.53e-12  2.41e-01    23s
   7  -1.41046017e+07  1.68779118e+07  2.74e-09 4.33e-12  3.63e-02    28s
   8  -2.06593104e+06  2.46059454e+06  2.58e-13 9.59e-13  5.30e-03    31s
   9  -3.06962431e+05  3.78036293e+05  4.91e-14 3.33e-13  8.02e-04    33s
  10  -4.59291391e+04  5.46818307e+04  2.01e-14 6.38e-14  1.18e-04    35s
  11  -7.06930228e+03  8.38786946e+03  1.45e-14 8.99e-15  1.81e-05    37s
  12  -1.37561200e+03  1.53945887e+03  1.39e-14 1.21e-15  3.41e-06    39s
  13  -3.02514154e+02  5.52487933e+02  9.17e-16 6.66e-16  1.00e-06    42s
  14  -2.38218719e+00  3.18548588e+02  4.86e-16 5.55e-16  3.76e-07    44s
  15   9.07543440e+01  2.04516258e+02  2.57e-16 4.44e-16  1.33e-07    47s
  16   1.24339229e+02  1.66629696e+02  9.45e-17 4.44e-16  4.95e-08    50s
  17   1.37280382e+02  1.56536058e+02  5.01e-17 4.44e-16  2.25e-08    53s
  18   1.43515761e+02  1.52386512e+02  3.40e-17 4.44e-16  1.04e-08    55s
  19   1.46453070e+02  1.50495605e+02  3.95e-17 4.44e-16  4.73e-09    58s
  20   1.47337988e+02  1.49985091e+02  9.67e-17 3.33e-16  3.10e-09    60s
  21   1.48072113e+02  1.49590371e+02  2.08e-16 3.33e-16  1.78e-09    61s
  22   1.48449415e+02  1.49396936e+02  2.15e-16 4.44e-16  1.11e-09    63s
  23   1.48633936e+02  1.49305533e+02  1.67e-16 3.33e-16  7.86e-10    65s
  24   1.48803792e+02  1.49223873e+02  1.04e-16 4.44e-16  4.92e-10    67s
  25   1.48885659e+02  1.49186224e+02  7.65e-17 3.33e-16  3.52e-10    69s
  26   1.48976597e+02  1.49145304e+02  1.40e-16 4.44e-16  1.98e-10    71s
  27   1.49033064e+02  1.49120439e+02  7.42e-17 3.33e-16  1.02e-10    72s
  28   1.49062831e+02  1.49107553e+02  1.45e-16 4.44e-16  5.24e-11    74s
  29   1.49084492e+02  1.49098649e+02  5.79e-16 3.33e-16  1.66e-11    76s
  30   1.49090062e+02  1.49096381e+02  5.09e-16 4.44e-16  7.40e-12    78s
  31   1.49092652e+02  1.49095338e+02  2.50e-15 4.44e-16  3.15e-12    79s
  32   1.49093741e+02  1.49094902e+02  5.96e-15 3.33e-16  1.36e-12    81s
  33   1.49094243e+02  1.49094702e+02  1.15e-14 4.44e-16  5.38e-13    83s
  34   1.49094482e+02  1.49094607e+02  5.27e-15 4.44e-16  1.46e-13    85s
  35   1.49094530e+02  1.49094587e+02  9.92e-16 4.44e-16  6.73e-14    87s
  36   1.49094568e+02  1.49094572e+02  2.35e-15 4.44e-16  4.71e-15    88s

Barrier solved model in 36 iterations and 88.43 seconds (16.48 work units)
Optimal objective 1.49094568e+02

Done! Time elapsed: 121.70240664482117 seconds.
Starting HMC sampling...

                                                                                                                                                                                                                                                                                                                                
Finished sampling! Elapsed Time: 837.6761293411255 seconds

Checking sampler transitions treedepth.
87 of 16000 (0.54%) transitions hit the maximum treedepth limit of 10, or 2^10 leapfrog steps.
Trajectories that are prematurely terminated due to this limit will result in slow exploration.
For optimal performance, increase this limit.

Checking sampler transitions for divergences.
No divergent transitions found.

Checking E-BFMI - sampler transitions HMC potential energy.
E-BFMI satisfactory.

The following parameters had fewer than 0.001 effective draws per transition:
  log_precision_v_theta
Such low values indicate that the effective sample size estimators may be biased high and actual performance may be substantially lower than quoted.

The following parameters had rank-normalized split R-hat greater than 1.01:
  log_precision_v_theta
Such high values indicate incomplete mixing and biased estimation.
You should consider regularizing your model with additional prior information or a more effective parameterization.

Processing complete.

Parameters from last iteration: [  0.34745769   0.41116977   0.4115296  ... 252.80749302 234.34854704
 233.80646328]

Parameters from current iteration:
            [  0.35588225   0.35656842   0.35657229 ... 252.90780715 234.47595117
 233.99818192]

Updated uncertain values: [  0.34956383   0.39751943   0.39779028 ... 252.83257155 234.38039807
 233.85439294]


            Iteration [   5]: Absolute Error = 0.6053609110748539,
            Percentage Error = 0.12633767774896976
            
Optimization Iteration[6/100]

Theta: [0.34956383 0.39751943 0.39779028 ... 1.35150963 1.19091782 1.16303573]

Gamma: [606.56153033 587.69754593 532.13761669 ... 252.83257155 234.38039807
 233.85439294]

Solving the optimization problem...
Set parameter TokenServer to value "licenses.rcc.uchicago.edu"
Read LP format model from file /scratch/local/jobs/50255456/tmpasr8k20a.pyomo.lp
Reading time = 2.15 seconds
x1: 417600 rows, 834801 columns, 2083271 nonzeros
Gurobi Optimizer version 11.0.0 build v11.0.0rc2 (linux64 - "CentOS Linux 8")

CPU model: Intel(R) Xeon(R) Gold 6248R CPU @ 3.00GHz, instruction set [SSE2|AVX|AVX2|AVX512]
Thread count: 48 physical cores, 48 logical processors, using up to 32 threads

Optimize a model with 417600 rows, 834801 columns and 2083271 nonzeros
Model fingerprint: 0x197480dd
Model has 400 quadratic objective terms
Coefficient statistics:
  Matrix range     [1e+00, 9e+02]
  Objective range  [5e-05, 7e+02]
  QObjective range [2e+03, 2e+05]
  Bounds range     [3e-06, 1e+00]
  RHS range        [9e-11, 4e-01]
Presolve removed 208947 rows and 209294 columns
Presolve time: 0.80s
Presolved: 208653 rows, 625507 columns, 1249571 nonzeros
Presolved model has 400 quadratic objective terms
Ordering time: 1.02s

Barrier statistics:
 AA' NZ     : 6.241e+05
 Factor NZ  : 6.773e+07 (roughly 900 MB of memory)
 Factor Ops : 2.543e+10 (less than 1 second per iteration)
 Threads    : 32

                  Objective                Residual
Iter       Primal          Dual         Primal    Dual     Compl     Time
   0  -3.03469946e+10  1.08047351e+08  1.04e+06 2.63e+02  9.97e+05     5s
   1  -1.43662912e+09  4.04158459e+07  4.81e+04 1.08e-12  5.25e+04     7s
   2  -1.00176655e+07  6.42755783e+06  1.26e+02 2.04e-12  1.53e+02    11s
   3  -1.07023078e+06  1.10383786e+06  1.72e+00 2.29e-12  4.41e+00    13s
   4  -1.86777881e+05  2.56823428e+05  5.82e-02 1.70e-12  5.83e-01    15s
   5  -3.65548831e+04  4.80828823e+04  2.34e-03 1.10e-12  1.02e-01    17s
   6  -7.50138566e+03  9.36873602e+03  1.25e-04 1.76e-12  2.02e-02    19s
   7  -2.49767034e+03  3.38475118e+03  2.94e-05 3.06e-12  7.05e-03    20s
   8  -5.86546061e+02  1.07818598e+03  4.39e-06 7.56e-13  2.00e-03    23s
   9  -3.72946758e+02  8.18229345e+02  2.61e-06 4.15e-13  1.43e-03    25s
  10  -9.53967812e+00  2.73842702e+02  1.97e-07 2.27e-13  3.40e-04    27s
  11   9.01408325e+01  1.73537348e+02  9.41e-09 2.27e-13  1.00e-04    30s
  12   1.02367541e+02  1.63286737e+02  5.75e-09 3.41e-13  7.30e-05    32s
  13   1.21564777e+02  1.47488483e+02  1.86e-09 2.27e-13  3.11e-05    33s
  14   1.26989851e+02  1.43369613e+02  8.68e-10 2.27e-13  1.96e-05    35s
  15   1.31864320e+02  1.39922358e+02  3.02e-10 2.27e-13  9.66e-06    37s
  16   1.33862262e+02  1.38642021e+02  1.55e-10 2.27e-13  5.73e-06    39s
  17   1.35115153e+02  1.37834318e+02  2.86e-11 4.55e-13  3.26e-06    41s
  18   1.36295984e+02  1.37201383e+02  7.09e-12 3.41e-13  1.09e-06    43s
  19   1.36571329e+02  1.37066098e+02  3.11e-12 4.55e-13  5.93e-07    45s
  20   1.36699920e+02  1.37004766e+02  1.34e-12 4.55e-13  3.65e-07    47s
  21   1.36749312e+02  1.36982420e+02  9.19e-13 3.41e-13  2.79e-07    49s
  22   1.36799890e+02  1.36959705e+02  4.90e-13 3.41e-13  1.92e-07    52s
  23   1.36858668e+02  1.36934013e+02  1.28e-13 4.55e-13  9.03e-08    54s
  24   1.36884565e+02  1.36923192e+02  3.61e-14 3.41e-13  4.63e-08    56s
  25   1.36902741e+02  1.36915692e+02  6.45e-15 4.55e-13  1.55e-08    58s
  26   1.36908395e+02  1.36913392e+02  2.29e-15 4.55e-13  5.99e-09    60s
  27   1.36910591e+02  1.36912508e+02  1.04e-15 4.55e-13  2.30e-09    62s
  28   1.36911691e+02  1.36912068e+02  1.96e-15 4.55e-13  4.52e-10    64s
  29   1.36911886e+02  1.36911990e+02  2.41e-15 4.55e-13  1.25e-10    66s
  30   1.36911929e+02  1.36911973e+02  2.52e-15 3.41e-13  5.25e-11    68s
  31   1.36911956e+02  1.36911962e+02  3.16e-15 4.55e-13  7.37e-12    70s
  32   1.36911960e+02  1.36911961e+02  2.33e-15 5.68e-13  1.02e-12    72s
  33   1.36911960e+02  1.36911960e+02  4.69e-15 6.82e-13  2.53e-15    73s

Barrier solved model in 33 iterations and 73.16 seconds (14.99 work units)
Optimal objective 1.36911960e+02

Done! Time elapsed: 103.75813245773315 seconds.
Starting HMC sampling...

                                                                                                                                                                                                                                                                                                                                
Finished sampling! Elapsed Time: 877.5884137153625 seconds

Checking sampler transitions treedepth.
98 of 16000 (0.61%) transitions hit the maximum treedepth limit of 10, or 2^10 leapfrog steps.
Trajectories that are prematurely terminated due to this limit will result in slow exploration.
For optimal performance, increase this limit.

Checking sampler transitions for divergences.
No divergent transitions found.

Checking E-BFMI - sampler transitions HMC potential energy.
E-BFMI satisfactory.

The following parameters had fewer than 0.001 effective draws per transition:
  log_precision_v_theta
Such low values indicate that the effective sample size estimators may be biased high and actual performance may be substantially lower than quoted.

The following parameters had rank-normalized split R-hat greater than 1.01:
  log_precision_v_theta
Such high values indicate incomplete mixing and biased estimation.
You should consider regularizing your model with additional prior information or a more effective parameterization.

Processing complete.

Parameters from last iteration: [  0.34956383   0.39751943   0.39779028 ... 252.83257155 234.38039807
 233.85439294]

Parameters from current iteration:
            [  0.32950271   0.33254461   0.33256179 ... 252.90579147 234.49296352
 234.01232135]

Updated uncertain values: [  0.34454855   0.38127573   0.38148316 ... 252.85087653 234.40853944
 233.89387504]


            Iteration [   6]: Absolute Error = 0.8435427256076764,
            Percentage Error = 0.08804853936842628
            
Optimization Iteration[7/100]

Theta: [0.34454855 0.38127573 0.38148316 ... 1.30604586 1.19655454 1.17794623]

Gamma: [606.51992589 587.6573404  532.09316227 ... 252.85087653 234.40853944
 233.89387504]

Solving the optimization problem...
Set parameter TokenServer to value "licenses.rcc.uchicago.edu"
Read LP format model from file /scratch/local/jobs/50255456/tmpo1pjf4zo.pyomo.lp
Reading time = 2.27 seconds
x1: 417600 rows, 834801 columns, 2083271 nonzeros
Gurobi Optimizer version 11.0.0 build v11.0.0rc2 (linux64 - "CentOS Linux 8")

CPU model: Intel(R) Xeon(R) Gold 6248R CPU @ 3.00GHz, instruction set [SSE2|AVX|AVX2|AVX512]
Thread count: 48 physical cores, 48 logical processors, using up to 32 threads

Optimize a model with 417600 rows, 834801 columns and 2083271 nonzeros
Model fingerprint: 0x5a5c5ea4
Model has 400 quadratic objective terms
Coefficient statistics:
  Matrix range     [1e+00, 9e+02]
  Objective range  [1e-03, 7e+02]
  QObjective range [2e+03, 2e+05]
  Bounds range     [3e-06, 1e+00]
  RHS range        [9e-11, 4e-01]
Presolve removed 208947 rows and 209294 columns
Presolve time: 0.80s
Presolved: 208653 rows, 625507 columns, 1249571 nonzeros
Presolved model has 400 quadratic objective terms
Ordering time: 1.07s

Barrier statistics:
 AA' NZ     : 6.241e+05
 Factor NZ  : 6.773e+07 (roughly 900 MB of memory)
 Factor Ops : 2.543e+10 (less than 1 second per iteration)
 Threads    : 32

                  Objective                Residual
Iter       Primal          Dual         Primal    Dual     Compl     Time
   0  -3.03722432e+10  1.08047350e+08  1.04e+06 2.62e+02  9.97e+05     6s
   1  -1.43768116e+09  4.04126708e+07  4.81e+04 1.05e-12  5.25e+04     7s
   2  -1.00206291e+07  6.42711420e+06  1.26e+02 1.71e-12  1.53e+02     9s
   3  -1.07016349e+06  1.10373034e+06  1.72e+00 2.61e-12  4.41e+00    11s
   4  -1.86767313e+05  2.56801406e+05  5.82e-02 1.49e-12  5.83e-01    13s
   5  -3.65566794e+04  4.80769158e+04  2.34e-03 1.15e-12  1.02e-01    15s
   6  -7.37525620e+03  9.14422925e+03  1.11e-04 1.25e-12  1.98e-02    17s
   7  -2.44195776e+03  3.28489164e+03  2.58e-05 8.10e-13  6.87e-03    19s
   8  -6.96188796e+02  1.06201053e+03  5.03e-06 5.33e-13  2.11e-03    21s
   9  -5.73997924e+02  9.49468045e+02  4.03e-06 4.19e-13  1.83e-03    22s
  10  -1.11042831e+02  3.96619095e+02  5.82e-07 2.27e-13  6.09e-04    24s
  11   5.86630805e+01  1.88416151e+02  5.51e-08 2.27e-13  1.56e-04    27s
  12   1.04339962e+02  1.50529632e+02  7.35e-09 2.27e-13  5.54e-05    29s
  13   1.14261031e+02  1.41987809e+02  3.09e-09 2.27e-13  3.32e-05    31s
  14   1.22401772e+02  1.35622146e+02  1.23e-09 2.27e-13  1.58e-05    32s
  15   1.25871657e+02  1.33068858e+02  5.31e-10 1.62e-13  8.63e-06    34s
  16   1.28291069e+02  1.31435640e+02  1.75e-10 3.41e-13  3.77e-06    36s
  17   1.28738921e+02  1.31140643e+02  1.10e-10 2.27e-13  2.88e-06    38s
  18   1.29451270e+02  1.30726716e+02  5.04e-11 3.41e-13  1.53e-06    40s
  19   1.29796063e+02  1.30533690e+02  2.25e-11 3.41e-13  8.84e-07    42s
  20   1.29936768e+02  1.30459017e+02  1.31e-11 3.41e-13  6.26e-07    44s
  21   1.30031549e+02  1.30410568e+02  7.94e-12 3.41e-13  4.54e-07    46s
  22   1.30090614e+02  1.30381177e+02  5.11e-12 3.41e-13  3.48e-07    48s
  23   1.30158398e+02  1.30349581e+02  3.31e-12 3.41e-13  2.29e-07    50s
  24   1.30191457e+02  1.30333925e+02  2.04e-12 3.41e-13  1.71e-07    51s
  25   1.30228736e+02  1.30317000e+02  1.03e-12 3.41e-13  1.06e-07    54s
  26   1.30239285e+02  1.30312240e+02  7.53e-13 4.55e-13  8.75e-08    56s
  27   1.30273438e+02  1.30297366e+02  1.46e-13 4.55e-13  2.87e-08    58s
  28   1.30285499e+02  1.30292318e+02  1.13e-14 3.41e-13  8.18e-09    61s
  29   1.30288767e+02  1.30291002e+02  2.14e-15 5.68e-13  2.68e-09    63s
  30   1.30289669e+02  1.30290644e+02  2.39e-15 4.55e-13  1.17e-09    65s
  31   1.30290096e+02  1.30290475e+02  3.68e-15 4.55e-13  4.54e-10    67s
  32   1.30290304e+02  1.30290392e+02  1.78e-15 4.55e-13  1.05e-10    68s
  33   1.30290337e+02  1.30290379e+02  6.15e-16 3.41e-13  5.05e-11    70s
  34   1.30290356e+02  1.30290372e+02  7.60e-16 4.55e-13  1.96e-11    72s
  35   1.30290366e+02  1.30290368e+02  8.14e-16 4.55e-13  1.63e-12    74s
  36   1.30290367e+02  1.30290367e+02  8.85e-16 4.55e-13  1.58e-13    76s

Barrier solved model in 36 iterations and 76.51 seconds (16.41 work units)
Optimal objective 1.30290367e+02

Done! Time elapsed: 107.72741961479187 seconds.
Starting HMC sampling...

                                                                                                                                                                                                                                                                                                                                
Finished sampling! Elapsed Time: 605.729495048523 seconds

Checking sampler transitions treedepth.
22 of 16000 (0.14%) transitions hit the maximum treedepth limit of 10, or 2^10 leapfrog steps.
Trajectories that are prematurely terminated due to this limit will result in slow exploration.
For optimal performance, increase this limit.

Checking sampler transitions for divergences.
2 of 16000 (0.01%) transitions ended with a divergence.
These divergent transitions indicate that HMC is not fully able to explore the posterior distribution.
Try increasing adapt delta closer to 1.
If this doesn't remove all divergences, try to reparameterize the model.

Checking E-BFMI - sampler transitions HMC potential energy.
E-BFMI satisfactory.

The following parameters had fewer than 0.001 effective draws per transition:
  log_precision_v_theta
Such low values indicate that the effective sample size estimators may be biased high and actual performance may be substantially lower than quoted.

The following parameters had rank-normalized split R-hat greater than 1.01:
  log_precision_v_theta
Such high values indicate incomplete mixing and biased estimation.
You should consider regularizing your model with additional prior information or a more effective parameterization.

Processing complete.

Parameters from last iteration: [  0.34454855   0.38127573   0.38148316 ... 252.85087653 234.40853944
 233.89387504]

Parameters from current iteration:
            [  0.31233159   0.32053664   0.32058298 ... 252.82617536 234.47271346
 234.0485594 ]

Updated uncertain values: [  0.33649431   0.36609095   0.36625811 ... 252.84470124 234.42458294
 233.93254613]


            Iteration [   7]: Absolute Error = 0.8873646860809004,
            Percentage Error = 0.06234161645158987
            
Optimization Iteration[8/100]

Theta: [0.33649431 0.36609095 0.36625811 ... 1.27398826 1.19942721 1.18717334]

Gamma: [606.46874291 587.61422951 532.05050852 ... 252.84470124 234.42458294
 233.93254613]

Solving the optimization problem...
Set parameter TokenServer to value "licenses.rcc.uchicago.edu"
Read LP format model from file /scratch/local/jobs/50255456/tmpryujoxa0.pyomo.lp
Reading time = 2.15 seconds
x1: 417600 rows, 834801 columns, 2083271 nonzeros
Gurobi Optimizer version 11.0.0 build v11.0.0rc2 (linux64 - "CentOS Linux 8")

CPU model: Intel(R) Xeon(R) Gold 6248R CPU @ 3.00GHz, instruction set [SSE2|AVX|AVX2|AVX512]
Thread count: 48 physical cores, 48 logical processors, using up to 32 threads

Optimize a model with 417600 rows, 834801 columns and 2083271 nonzeros
Model fingerprint: 0xa71b0736
Model has 400 quadratic objective terms
Coefficient statistics:
  Matrix range     [1e+00, 9e+02]
  Objective range  [1e-03, 7e+02]
  QObjective range [2e+03, 2e+05]
  Bounds range     [3e-06, 1e+00]
  RHS range        [9e-11, 4e-01]
Presolve removed 208947 rows and 209294 columns
Presolve time: 0.80s
Presolved: 208653 rows, 625507 columns, 1249571 nonzeros
Presolved model has 400 quadratic objective terms
Ordering time: 1.40s

Barrier statistics:
 AA' NZ     : 6.241e+05
 Factor NZ  : 6.773e+07 (roughly 900 MB of memory)
 Factor Ops : 2.543e+10 (less than 1 second per iteration)
 Threads    : 32

                  Objective                Residual
Iter       Primal          Dual         Primal    Dual     Compl     Time
   0  -3.03810814e+10  1.08047350e+08  1.04e+06 2.62e+02  9.97e+05     6s
   1  -1.43791477e+09  4.04100097e+07  4.81e+04 9.58e-13  5.25e+04     7s
   2  -1.00212521e+07  6.42669382e+06  1.26e+02 2.37e-12  1.53e+02     9s
   3  -1.07009103e+06  1.10364705e+06  1.72e+00 2.65e-12  4.41e+00    11s
   4  -1.86755821e+05  2.56784134e+05  5.82e-02 1.60e-12  5.83e-01    13s
   5  -3.65555718e+04  4.80718214e+04  2.34e-03 1.02e-12  1.02e-01    15s
   6  -7.24542027e+03  8.93033536e+03  9.60e-05 9.68e-13  1.94e-02    17s
   7  -2.41486640e+03  3.23736634e+03  2.26e-05 2.06e-12  6.78e-03    19s
   8  -6.66011143e+02  1.00871949e+03  4.12e-06 5.96e-13  2.01e-03    20s
   9  -5.92890328e+02  9.42327204e+02  3.62e-06 5.43e-13  1.84e-03    22s
  10  -1.29144614e+02  4.19596391e+02  5.26e-07 2.44e-13  6.58e-04    24s
  11   4.87640926e+01  1.92175130e+02  6.51e-08 2.27e-13  1.72e-04    26s
  12   9.36231952e+01  1.53294421e+02  1.60e-08 1.28e-13  7.15e-05    29s
  13   1.05399731e+02  1.43145173e+02  8.88e-09 2.27e-13  4.53e-05    30s
  14   1.16666726e+02  1.33919630e+02  3.25e-09 2.27e-13  2.07e-05    32s
  15   1.20748701e+02  1.30746909e+02  1.54e-09 1.64e-13  1.20e-05    33s
  16   1.23943562e+02  1.28407688e+02  4.87e-10 2.27e-13  5.35e-06    35s
  17   1.25374228e+02  1.27442120e+02  1.44e-10 3.41e-13  2.48e-06    37s
  18   1.25894675e+02  1.27132039e+02  6.48e-11 3.41e-13  1.48e-06    40s
  19   1.26365382e+02  1.26871727e+02  1.29e-11 4.55e-13  6.07e-07    41s
  20   1.26487258e+02  1.26813438e+02  6.99e-12 3.41e-13  3.91e-07    43s
  21   1.26531213e+02  1.26792844e+02  5.07e-12 3.41e-13  3.14e-07    45s
  22   1.26612648e+02  1.26755671e+02  2.27e-12 3.41e-13  1.71e-07    47s
  23   1.26654309e+02  1.26736843e+02  7.57e-13 3.41e-13  9.89e-08    49s
  24   1.26674139e+02  1.26728313e+02  3.18e-13 3.41e-13  6.49e-08    51s
  25   1.26695055e+02  1.26719444e+02  3.02e-16 4.55e-13  2.92e-08    53s
  26   1.26706166e+02  1.26714947e+02  5.68e-16 4.55e-13  1.05e-08    56s
  27   1.26710947e+02  1.26713032e+02  2.98e-15 5.68e-13  2.50e-09    58s
  28   1.26711358e+02  1.26712869e+02  2.23e-15 3.41e-13  1.81e-09    60s
  29   1.26712144e+02  1.26712557e+02  6.91e-15 4.55e-13  4.94e-10    62s
  30   1.26712337e+02  1.26712480e+02  8.29e-15 4.55e-13  1.71e-10    64s
  31   1.26712418e+02  1.26712448e+02  3.14e-15 3.41e-13  3.67e-11    65s
  32   1.26712439e+02  1.26712440e+02  9.96e-16 5.68e-13  8.47e-13    67s
  33   1.26712440e+02  1.26712440e+02  9.33e-15 4.55e-13  7.74e-15    69s

Barrier solved model in 33 iterations and 69.38 seconds (15.26 work units)
Optimal objective 1.26712440e+02

Done! Time elapsed: 100.29175543785095 seconds.
Starting HMC sampling...

                                                                                                                                                                                                                                                                                                                                
Finished sampling! Elapsed Time: 842.7480199337006 seconds

Checking sampler transitions treedepth.
193 of 16000 (1.21%) transitions hit the maximum treedepth limit of 10, or 2^10 leapfrog steps.
Trajectories that are prematurely terminated due to this limit will result in slow exploration.
For optimal performance, increase this limit.

Checking sampler transitions for divergences.
51 of 16000 (0.32%) transitions ended with a divergence.
These divergent transitions indicate that HMC is not fully able to explore the posterior distribution.
Try increasing adapt delta closer to 1.
If this doesn't remove all divergences, try to reparameterize the model.

Checking E-BFMI - sampler transitions HMC potential energy.
E-BFMI satisfactory.

The following parameters had fewer than 0.001 effective draws per transition:
  log_precision_v_theta
Such low values indicate that the effective sample size estimators may be biased high and actual performance may be substantially lower than quoted.

The following parameters had rank-normalized split R-hat greater than 1.01:
  log_precision_v_theta
Such high values indicate incomplete mixing and biased estimation.
You should consider regularizing your model with additional prior information or a more effective parameterization.

Processing complete.

Parameters from last iteration: [  0.33649431   0.36609095   0.36625811 ... 252.84470124 234.42458294
 233.93254613]

Parameters from current iteration:
            [  0.2979858    0.30862873   0.30868884 ... 252.95762364 234.5890316
 234.14318263]

Updated uncertain values: [  0.32686718   0.3517254    0.35186579 ... 252.87293184 234.46569511
 233.98520526]


            Iteration [   8]: Absolute Error = 0.8261486434787457,
            Percentage Error = 0.04711850269003371
            
Optimization Iteration[9/100]

Theta: [0.32686718 0.3517254  0.35186579 ... 1.25215517 1.20079815 1.19278227]

Gamma: [606.3679198  587.50983515 531.9512186  ... 252.87293184 234.46569511
 233.98520526]

Solving the optimization problem...
Set parameter TokenServer to value "licenses.rcc.uchicago.edu"
Read LP format model from file /scratch/local/jobs/50255456/tmp67897_cf.pyomo.lp
Reading time = 2.15 seconds
x1: 417600 rows, 834801 columns, 2083271 nonzeros
Gurobi Optimizer version 11.0.0 build v11.0.0rc2 (linux64 - "CentOS Linux 8")

CPU model: Intel(R) Xeon(R) Gold 6248R CPU @ 3.00GHz, instruction set [SSE2|AVX|AVX2|AVX512]
Thread count: 48 physical cores, 48 logical processors, using up to 32 threads

Optimize a model with 417600 rows, 834801 columns and 2083271 nonzeros
Model fingerprint: 0x17edd8c6
Model has 400 quadratic objective terms
Coefficient statistics:
  Matrix range     [1e+00, 9e+02]
  Objective range  [1e-03, 7e+02]
  QObjective range [2e+03, 2e+05]
  Bounds range     [3e-06, 1e+00]
  RHS range        [9e-11, 4e-01]
Presolve removed 208947 rows and 209294 columns
Presolve time: 0.80s
Presolved: 208653 rows, 625507 columns, 1249571 nonzeros
Presolved model has 400 quadratic objective terms
Ordering time: 1.21s

Barrier statistics:
 AA' NZ     : 6.241e+05
 Factor NZ  : 6.773e+07 (roughly 900 MB of memory)
 Factor Ops : 2.543e+10 (less than 1 second per iteration)
 Threads    : 32

                  Objective                Residual
Iter       Primal          Dual         Primal    Dual     Compl     Time
   0  -1.40830262e+11  1.10640369e+11  1.04e+06 1.14e-13  1.00e+06     6s
   1  -6.45641808e+10  6.33673662e+10  4.43e+04 3.08e+01  4.67e+04     8s
   2  -3.05795069e+10  3.06541276e+10  4.48e+02 1.24e-01  5.43e+02    11s
   3  -1.08845911e+10  1.09728811e+10  3.21e+00 1.45e-12  2.86e+01    13s
   4  -2.40150675e+09  2.49942314e+09  2.67e-01 1.25e-12  5.95e+00    19s
   5  -5.82486767e+08  6.48660853e+08  3.65e-02 3.94e-12  1.46e+00    24s
   6  -9.63018441e+07  1.09581038e+08  2.74e-03 1.80e-12  2.41e-01    29s
   7  -1.41046027e+07  1.68778701e+07  2.74e-09 1.26e-12  3.63e-02    34s
   8  -2.06594880e+06  2.46060542e+06  2.76e-13 1.28e-12  5.30e-03    36s
   9  -3.06966750e+05  3.77942086e+05  4.39e-14 3.25e-13  8.02e-04    38s
  10  -4.59398756e+04  5.46358638e+04  2.34e-14 6.13e-14  1.18e-04    40s
  11  -7.08097322e+03  8.34161904e+03  1.51e-14 1.18e-14  1.81e-05    42s
  12  -1.09568571e+03  1.31718033e+03  1.49e-14 1.58e-15  2.82e-06    44s
  13  -2.33667359e+02  6.83781947e+02  1.04e-15 4.44e-16  1.07e-06    46s
  14   2.96086986e+01  2.10663175e+02  5.18e-16 5.08e-16  2.12e-07    50s
  15   9.45505080e+01  1.39616974e+02  2.03e-16 3.33e-16  5.28e-08    55s
  16   1.15206507e+02  1.29823995e+02  6.70e-17 5.55e-16  1.71e-08    58s
  17   1.19507408e+02  1.27474413e+02  6.11e-17 3.33e-16  9.33e-09    61s
  18   1.22162386e+02  1.26257398e+02  1.02e-16 5.55e-16  4.79e-09    64s
  19   1.23312201e+02  1.25732785e+02  5.90e-17 3.33e-16  2.83e-09    66s
  20   1.23715818e+02  1.25565175e+02  1.16e-16 3.33e-16  2.17e-09    69s
  21   1.24151819e+02  1.25376928e+02  1.73e-16 3.33e-16  1.43e-09    71s
  22   1.24388347e+02  1.25279731e+02  1.38e-16 3.33e-16  1.04e-09    73s
  23   1.24559092e+02  1.25209177e+02  1.51e-16 3.33e-16  7.61e-10    75s
  24   1.24762659e+02  1.25121987e+02  2.16e-16 3.33e-16  4.21e-10    77s
  25   1.24818051e+02  1.25100142e+02  2.30e-16 3.33e-16  3.30e-10    79s
  26   1.24885443e+02  1.25072388e+02  1.81e-16 3.33e-16  2.19e-10    81s
  27   1.24906349e+02  1.25064166e+02  2.24e-16 4.44e-16  1.85e-10    83s
  28   1.24949430e+02  1.25046995e+02  2.71e-16 3.33e-16  1.14e-10    85s
  29   1.24968044e+02  1.25039943e+02  1.48e-16 4.44e-16  8.42e-11    87s
  30   1.24993094e+02  1.25029824e+02  1.98e-16 4.44e-16  4.30e-11    88s
  31   1.25001510e+02  1.25026403e+02  2.18e-16 3.33e-16  2.91e-11    90s
  32   1.25012672e+02  1.25021891e+02  5.71e-16 4.44e-16  1.08e-11    92s
  33   1.25012851e+02  1.25021819e+02  6.14e-16 4.44e-16  1.05e-11    93s
  34   1.25013210e+02  1.25021676e+02  6.64e-16 4.44e-16  9.91e-12    95s
  35   1.25016554e+02  1.25020339e+02  1.17e-15 3.33e-16  4.43e-12    97s
  36   1.25018120e+02  1.25019717e+02  2.60e-15 4.44e-16  1.87e-12    98s
  37   1.25018868e+02  1.25019419e+02  4.28e-15 4.44e-16  6.46e-13   100s
  38   1.25019066e+02  1.25019341e+02  1.29e-15 4.44e-16  3.21e-13   102s
  39   1.25019238e+02  1.25019272e+02  1.06e-15 4.44e-16  4.00e-14   103s
  40   1.25019258e+02  1.25019265e+02  1.09e-15 5.55e-16  8.07e-15   105s

Barrier solved model in 40 iterations and 105.09 seconds (19.50 work units)
Optimal objective 1.25019258e+02

Done! Time elapsed: 139.4178924560547 seconds.
Starting HMC sampling...

                                                                                                                                                                                                                                                                                                                                
Finished sampling! Elapsed Time: 792.8297169208527 seconds

Checking sampler transitions treedepth.
84 of 16000 (0.53%) transitions hit the maximum treedepth limit of 10, or 2^10 leapfrog steps.
Trajectories that are prematurely terminated due to this limit will result in slow exploration.
For optimal performance, increase this limit.

Checking sampler transitions for divergences.
No divergent transitions found.

Checking E-BFMI - sampler transitions HMC potential energy.
E-BFMI satisfactory.

The following parameters had fewer than 0.001 effective draws per transition:
  log_precision_v_theta
Such low values indicate that the effective sample size estimators may be biased high and actual performance may be substantially lower than quoted.

The following parameters had rank-normalized split R-hat greater than 1.01:
  log_precision_v_theta
Such high values indicate incomplete mixing and biased estimation.
You should consider regularizing your model with additional prior information or a more effective parameterization.

Processing complete.

Parameters from last iteration: [  0.32686718   0.3517254    0.35186579 ... 252.87293184 234.46569511
 233.98520526]

Parameters from current iteration:
            [  0.28595056   0.2999068    0.29998562 ... 252.89875526 234.51201852
 234.04552547]

Updated uncertain values: [  0.31663803   0.33877075   0.33889575 ... 252.87938769 234.47727596
 234.00028531]


            Iteration [   9]: Absolute Error = 0.933054567625959,
            Percentage Error = 0.04516960851445039
            
Optimization Iteration[10/100]

Theta: [0.31663803 0.33877075 0.33889575 ... 1.23615246 1.20001499 1.19479289]

Gamma: [606.32846367 587.47831129 531.92936593 ... 252.87938769 234.47727596
 234.00028531]

Solving the optimization problem...
Set parameter TokenServer to value "licenses.rcc.uchicago.edu"
Read LP format model from file /scratch/local/jobs/50255456/tmphef3e9_9.pyomo.lp
Reading time = 2.15 seconds
x1: 417600 rows, 834801 columns, 2083271 nonzeros
Gurobi Optimizer version 11.0.0 build v11.0.0rc2 (linux64 - "CentOS Linux 8")

CPU model: Intel(R) Xeon(R) Gold 6248R CPU @ 3.00GHz, instruction set [SSE2|AVX|AVX2|AVX512]
Thread count: 48 physical cores, 48 logical processors, using up to 32 threads

Optimize a model with 417600 rows, 834801 columns and 2083271 nonzeros
Model fingerprint: 0xb60aff7b
Model has 400 quadratic objective terms
Coefficient statistics:
  Matrix range     [1e+00, 9e+02]
  Objective range  [1e-03, 7e+02]
  QObjective range [2e+03, 2e+05]
  Bounds range     [3e-06, 1e+00]
  RHS range        [9e-11, 4e-01]
Presolve removed 208947 rows and 209294 columns
Presolve time: 0.80s
Presolved: 208653 rows, 625507 columns, 1249571 nonzeros
Presolved model has 400 quadratic objective terms
Ordering time: 1.04s

Barrier statistics:
 AA' NZ     : 6.241e+05
 Factor NZ  : 6.773e+07 (roughly 900 MB of memory)
 Factor Ops : 2.543e+10 (less than 1 second per iteration)
 Threads    : 32

                  Objective                Residual
Iter       Primal          Dual         Primal    Dual     Compl     Time
   0  -1.40824278e+11  1.10640369e+11  1.04e+06 1.13e-13  1.00e+06     5s
   1  -6.45639298e+10  6.33673675e+10  4.43e+04 3.08e+01  4.67e+04     7s
   2  -3.05795048e+10  3.06541282e+10  4.48e+02 1.24e-01  5.43e+02     9s
   3  -1.08845912e+10  1.09728814e+10  3.21e+00 1.38e-12  2.86e+01    11s
   4  -2.40150669e+09  2.49942314e+09  2.67e-01 1.24e-12  5.95e+00    16s
   5  -5.82486783e+08  6.48660896e+08  3.65e-02 3.94e-12  1.46e+00    21s
   6  -9.63018444e+07  1.09581051e+08  2.74e-03 1.40e-12  2.41e-01    25s
   7  -1.41045999e+07  1.68778677e+07  2.74e-09 1.83e-12  3.63e-02    30s
   8  -2.06594802e+06  2.46061192e+06  2.73e-13 9.57e-13  5.30e-03    32s
   9  -3.06963635e+05  3.77930133e+05  4.00e-14 3.32e-13  8.02e-04    34s
  10  -4.59381220e+04  5.46324568e+04  2.03e-14 5.85e-14  1.18e-04    36s
  11  -7.07968859e+03  8.33794846e+03  1.43e-14 7.86e-15  1.81e-05    38s
  12  -1.09556523e+03  1.31682442e+03  1.43e-14 1.44e-15  2.82e-06    40s
  13  -2.38674062e+02  6.97608457e+02  8.42e-16 4.67e-16  1.10e-06    42s
  14   2.79756889e+01  2.10897901e+02  2.94e-16 4.70e-16  2.14e-07    46s
  15   9.37571444e+01  1.39081182e+02  1.58e-16 5.55e-16  5.31e-08    50s
  16   1.14651407e+02  1.29231840e+02  1.17e-16 4.44e-16  1.71e-08    53s
  17   1.20079179e+02  1.26290976e+02  4.29e-17 4.44e-16  7.27e-09    56s
  18   1.22393891e+02  1.25290207e+02  9.97e-16 4.44e-16  3.39e-09    59s
  19   1.23158429e+02  1.24949008e+02  1.39e-15 3.33e-16  2.10e-09    62s
  20   1.23619320e+02  1.24759122e+02  9.53e-16 4.44e-16  1.33e-09    64s
  21   1.23780655e+02  1.24692486e+02  7.18e-16 3.33e-16  1.07e-09    66s
  22   1.24022946e+02  1.24587059e+02  6.36e-16 3.33e-16  6.60e-10    67s
  23   1.24075266e+02  1.24566232e+02  5.33e-16 3.33e-16  5.75e-10    69s
  24   1.24186787e+02  1.24520829e+02  5.25e-16 3.33e-16  3.91e-10    71s
  25   1.24258669e+02  1.24491827e+02  3.17e-16 3.33e-16  2.73e-10    73s
  26   1.24308807e+02  1.24472501e+02  2.88e-16 4.44e-16  1.92e-10    75s
  27   1.24356730e+02  1.24452703e+02  3.00e-16 4.44e-16  1.12e-10    76s
  28   1.24376772e+02  1.24444623e+02  1.67e-16 3.33e-16  7.94e-11    78s
  29   1.24405180e+02  1.24432941e+02  1.68e-16 4.44e-16  3.25e-11    80s
  30   1.24414343e+02  1.24429245e+02  3.50e-16 3.33e-16  1.74e-11    81s
  31   1.24418101e+02  1.24427743e+02  9.44e-16 3.33e-16  1.13e-11    83s
  32   1.24422742e+02  1.24425882e+02  2.11e-15 4.44e-16  3.68e-12    85s
  33   1.24424048e+02  1.24425361e+02  5.48e-15 4.44e-16  1.54e-12    87s
  34   1.24424131e+02  1.24425328e+02  4.97e-15 5.55e-16  1.40e-12    89s
  35   1.24424555e+02  1.24425159e+02  4.93e-15 3.33e-16  7.07e-13    91s
  36   1.24424823e+02  1.24425053e+02  5.80e-15 4.44e-16  2.70e-13    93s
  37   1.24424944e+02  1.24425004e+02  3.43e-15 5.55e-16  7.06e-14    94s
  38   1.24424982e+02  1.24424990e+02  5.36e-15 4.44e-16  8.89e-15    96s

Barrier solved model in 38 iterations and 96.10 seconds (19.12 work units)
Optimal objective 1.24424982e+02

Done! Time elapsed: 127.18084740638733 seconds.
Starting HMC sampling...

                                                                                                                                                                                                                                                                                                                                
Finished sampling! Elapsed Time: 970.4535050392151 seconds

Checking sampler transitions treedepth.
36 of 16000 (0.23%) transitions hit the maximum treedepth limit of 10, or 2^10 leapfrog steps.
Trajectories that are prematurely terminated due to this limit will result in slow exploration.
For optimal performance, increase this limit.

Checking sampler transitions for divergences.
86 of 16000 (0.54%) transitions ended with a divergence.
These divergent transitions indicate that HMC is not fully able to explore the posterior distribution.
Try increasing adapt delta closer to 1.
If this doesn't remove all divergences, try to reparameterize the model.

Checking E-BFMI - sampler transitions HMC potential energy.
E-BFMI satisfactory.

The following parameters had fewer than 0.001 effective draws per transition:
  log_precision_v_theta
Such low values indicate that the effective sample size estimators may be biased high and actual performance may be substantially lower than quoted.

The following parameters had rank-normalized split R-hat greater than 1.01:
  log_precision_v_theta
Such high values indicate incomplete mixing and biased estimation.
You should consider regularizing your model with additional prior information or a more effective parameterization.

Processing complete.

Parameters from last iteration: [  0.31663803   0.33877075   0.33889575 ... 252.87938769 234.47727596
 234.00028531]

Parameters from current iteration:
            [  0.2845457    0.30135018   0.30144509 ... 252.94140298 234.58862973
 234.1486818 ]

Updated uncertain values: [  0.30861495   0.32941561   0.32953308 ... 252.89489152 234.5051144
 234.03738443]


            Iteration [  10]: Absolute Error = 0.9311955579332789,
            Percentage Error = 0.03187806372952148
            
Optimization Iteration[11/100]

Theta: [0.30861495 0.32941561 0.32953308 ... 1.22351208 1.19865982 1.19551211]

Gamma: [606.28068836 587.42154743 531.87118698 ... 252.89489152 234.5051144
 234.03738443]

Solving the optimization problem...
Set parameter TokenServer to value "licenses.rcc.uchicago.edu"
Read LP format model from file /scratch/local/jobs/50255456/tmp07oruh6o.pyomo.lp
Reading time = 2.16 seconds
x1: 417600 rows, 834801 columns, 2083271 nonzeros
Gurobi Optimizer version 11.0.0 build v11.0.0rc2 (linux64 - "CentOS Linux 8")

CPU model: Intel(R) Xeon(R) Gold 6248R CPU @ 3.00GHz, instruction set [SSE2|AVX|AVX2|AVX512]
Thread count: 48 physical cores, 48 logical processors, using up to 32 threads

Optimize a model with 417600 rows, 834801 columns and 2083271 nonzeros
Model fingerprint: 0xaaa7e2c2
Model has 400 quadratic objective terms
Coefficient statistics:
  Matrix range     [1e+00, 9e+02]
  Objective range  [1e-03, 7e+02]
  QObjective range [2e+03, 2e+05]
  Bounds range     [3e-06, 1e+00]
  RHS range        [9e-11, 4e-01]
Presolve removed 208947 rows and 209294 columns
Presolve time: 0.80s
Presolved: 208653 rows, 625507 columns, 1249571 nonzeros
Presolved model has 400 quadratic objective terms
Ordering time: 1.26s

Barrier statistics:
 AA' NZ     : 6.241e+05
 Factor NZ  : 6.773e+07 (roughly 900 MB of memory)
 Factor Ops : 2.543e+10 (less than 1 second per iteration)
 Threads    : 32

                  Objective                Residual
Iter       Primal          Dual         Primal    Dual     Compl     Time
   0  -1.40820909e+11  1.10640369e+11  1.04e+06 1.14e-13  1.00e+06     5s
   1  -6.45637890e+10  6.33673685e+10  4.43e+04 3.08e+01  4.67e+04     7s
   2  -3.05795037e+10  3.06541286e+10  4.48e+02 1.24e-01  5.43e+02     9s
   3  -1.08845913e+10  1.09728815e+10  3.21e+00 1.37e-12  2.86e+01    11s
   4  -2.40150665e+09  2.49942313e+09  2.67e-01 1.23e-12  5.95e+00    16s
   5  -5.82486794e+08  6.48660923e+08  3.65e-02 4.52e-12  1.46e+00    20s
   6  -9.63018430e+07  1.09581057e+08  2.74e-03 1.28e-12  2.41e-01    24s
   7  -1.41045979e+07  1.68778664e+07  2.74e-09 1.52e-12  3.63e-02    28s
   8  -2.06594768e+06  2.46061682e+06  2.63e-13 1.00e-12  5.30e-03    30s
   9  -3.06961545e+05  3.77921367e+05  5.13e-14 3.17e-13  8.02e-04    32s
  10  -4.59369944e+04  5.46299053e+04  2.22e-14 6.14e-14  1.18e-04    34s
  11  -7.07886756e+03  8.33521621e+03  1.23e-14 9.96e-15  1.80e-05    36s
  12  -1.09628263e+03  1.32026364e+03  1.55e-14 1.39e-15  2.83e-06    38s
  13  -2.42873671e+02  7.08684378e+02  1.20e-15 4.69e-16  1.11e-06    40s
  14   2.72013435e+01  2.09593182e+02  3.21e-16 4.44e-16  2.14e-07    44s
  15   9.10212732e+01  1.44283809e+02  1.93e-16 3.33e-16  6.24e-08    47s
  16   1.12715926e+02  1.29645356e+02  8.39e-17 4.44e-16  1.98e-08    51s
  17   1.20354532e+02  1.25389049e+02  4.25e-17 3.33e-16  5.89e-09    54s
  18   1.22283222e+02  1.24603227e+02  7.04e-16 4.44e-16  2.72e-09    57s
  19   1.22875734e+02  1.24359872e+02  3.90e-16 3.33e-16  1.74e-09    60s
  20   1.23271907e+02  1.24204693e+02  2.13e-16 3.33e-16  1.09e-09    62s
  21   1.23385298e+02  1.24159970e+02  1.57e-16 3.33e-16  9.07e-10    64s
  22   1.23552629e+02  1.24093283e+02  1.41e-16 3.33e-16  6.33e-10    65s
  23   1.23675517e+02  1.24043701e+02  1.25e-16 3.33e-16  4.31e-10    67s
  24   1.23750508e+02  1.24012937e+02  1.37e-16 3.33e-16  3.07e-10    68s
  25   1.23799589e+02  1.23993019e+02  9.22e-17 3.33e-16  2.26e-10    70s
  26   1.23833914e+02  1.23979152e+02  1.10e-16 3.33e-16  1.70e-10    72s
  27   1.23878927e+02  1.23960922e+02  1.37e-16 3.33e-16  9.60e-11    74s
  28   1.23910141e+02  1.23948346e+02  2.20e-16 3.33e-16  4.47e-11    76s
  29   1.23925700e+02  1.23942105e+02  4.21e-16 3.33e-16  1.92e-11    78s
  30   1.23931892e+02  1.23939638e+02  4.26e-16 4.44e-16  9.07e-12    80s
  31   1.23934076e+02  1.23938773e+02  7.07e-16 4.44e-16  5.50e-12    82s
  32   1.23936483e+02  1.23937812e+02  1.45e-15 4.44e-16  1.56e-12    84s
  33   1.23936932e+02  1.23937634e+02  2.17e-15 5.55e-16  8.22e-13    85s
  34   1.23937250e+02  1.23937507e+02  2.05e-15 4.44e-16  3.00e-13    87s
  35   1.23937390e+02  1.23937451e+02  2.37e-15 4.44e-16  7.23e-14    89s
  36   1.23937427e+02  1.23937437e+02  1.24e-15 4.44e-16  1.17e-14    91s

Barrier solved model in 36 iterations and 90.95 seconds (18.44 work units)
Optimal objective 1.23937427e+02

Done! Time elapsed: 121.31186199188232 seconds.
Starting HMC sampling...

                                                                                                                                                                                                                                                                                                                                
Finished sampling! Elapsed Time: 692.355753660202 seconds

Checking sampler transitions treedepth.
46 of 16000 (0.29%) transitions hit the maximum treedepth limit of 10, or 2^10 leapfrog steps.
Trajectories that are prematurely terminated due to this limit will result in slow exploration.
For optimal performance, increase this limit.

Checking sampler transitions for divergences.
No divergent transitions found.

Checking E-BFMI - sampler transitions HMC potential energy.
E-BFMI satisfactory.

The following parameters had fewer than 0.001 effective draws per transition:
  log_precision_v_theta
Such low values indicate that the effective sample size estimators may be biased high and actual performance may be substantially lower than quoted.

The following parameters had rank-normalized split R-hat greater than 1.01:
  log_precision_v_theta
Such high values indicate incomplete mixing and biased estimation.
You should consider regularizing your model with additional prior information or a more effective parameterization.

Processing complete.

Parameters from last iteration: [  0.30861495   0.32941561   0.32953308 ... 252.89489152 234.5051144
 234.03738443]

Parameters from current iteration:
            [  0.28557055   0.30435777   0.30446387 ... 252.88292963 234.51151296
 234.08444801]

Updated uncertain values: [  0.30285385   0.32315115   0.32326578 ... 252.89190104 234.50671404
 234.04915033]


            Iteration [  11]: Absolute Error = 0.6242292940750076,
            Percentage Error = 0.023371168192210696
            
Optimization Iteration[12/100]

Theta: [0.30285385 0.32315115 0.32326578 ... 1.21423733 1.19776758 1.19616352]

Gamma: [606.33275694 587.46234231 531.88190826 ... 252.89190104 234.50671404
 234.04915033]

Solving the optimization problem...
Set parameter TokenServer to value "licenses.rcc.uchicago.edu"
Read LP format model from file /scratch/local/jobs/50255456/tmpd_kwe2lv.pyomo.lp
Reading time = 2.17 seconds
x1: 417600 rows, 834801 columns, 2083271 nonzeros
Gurobi Optimizer version 11.0.0 build v11.0.0rc2 (linux64 - "CentOS Linux 8")

CPU model: Intel(R) Xeon(R) Gold 6248R CPU @ 3.00GHz, instruction set [SSE2|AVX|AVX2|AVX512]
Thread count: 48 physical cores, 48 logical processors, using up to 32 threads

Optimize a model with 417600 rows, 834801 columns and 2083271 nonzeros
Model fingerprint: 0xd1c42f22
Model has 400 quadratic objective terms
Coefficient statistics:
  Matrix range     [1e+00, 9e+02]
  Objective range  [1e-03, 7e+02]
  QObjective range [2e+03, 2e+05]
  Bounds range     [3e-06, 1e+00]
  RHS range        [9e-11, 4e-01]
Presolve removed 208947 rows and 209294 columns
Presolve time: 0.80s
Presolved: 208653 rows, 625507 columns, 1249571 nonzeros
Presolved model has 400 quadratic objective terms
Ordering time: 1.06s

Barrier statistics:
 AA' NZ     : 6.241e+05
 Factor NZ  : 6.773e+07 (roughly 900 MB of memory)
 Factor Ops : 2.543e+10 (less than 1 second per iteration)
 Threads    : 32

                  Objective                Residual
Iter       Primal          Dual         Primal    Dual     Compl     Time
   0  -3.03677652e+10  1.08047351e+08  1.04e+06 2.62e+02  9.97e+05     5s
   1  -1.43656804e+09  4.04030883e+07  4.81e+04 1.03e-12  5.25e+04     7s
   2  -1.00172760e+07  6.42543244e+06  1.26e+02 2.06e-12  1.53e+02     9s
   3  -1.06985589e+06  1.10345050e+06  1.72e+00 2.32e-12  4.41e+00    11s
   4  -1.86717822e+05  2.56742543e+05  5.82e-02 1.78e-12  5.83e-01    13s
   5  -3.65438942e+04  4.80572332e+04  2.34e-03 1.09e-12  1.02e-01    15s
   6  -7.13887022e+03  8.75492612e+03  8.46e-05 9.93e-13  1.91e-02    17s
   7  -2.40851315e+03  3.22137587e+03  2.03e-05 1.19e-12  6.75e-03    18s
   8  -6.76754212e+02  1.01052406e+03  3.99e-06 5.39e-13  2.02e-03    20s
   9  -5.82027215e+02  9.25803497e+02  3.36e-06 4.44e-13  1.81e-03    22s
  10  -1.29124848e+02  4.06991555e+02  5.61e-07 2.69e-13  6.43e-04    24s
  11   2.81020354e+01  2.12734340e+02  1.24e-07 2.27e-13  2.21e-04    26s
  12   8.85257752e+01  1.53513860e+02  1.64e-08 2.27e-13  7.79e-05    28s
  13   1.07115114e+02  1.36084017e+02  4.18e-09 2.27e-13  3.47e-05    30s
  14   1.13429172e+02  1.30811455e+02  2.05e-09 1.54e-13  2.08e-05    31s
  15   1.18819484e+02  1.26679082e+02  7.27e-10 2.27e-13  9.42e-06    33s
  16   1.20347798e+02  1.25542500e+02  3.68e-10 2.27e-13  6.23e-06    35s
  17   1.21940006e+02  1.24505346e+02  1.49e-10 2.27e-13  3.08e-06    37s
  18   1.22905023e+02  1.23927245e+02  4.58e-11 3.41e-13  1.23e-06    39s
  19   1.23216323e+02  1.23751429e+02  1.56e-11 3.41e-13  6.42e-07    41s
  20   1.23310318e+02  1.23703639e+02  9.89e-12 3.41e-13  4.72e-07    43s
  21   1.23386462e+02  1.23665536e+02  5.58e-12 3.41e-13  3.35e-07    45s
  22   1.23443257e+02  1.23638422e+02  3.28e-12 3.41e-13  2.34e-07    47s
  23   1.23504435e+02  1.23609605e+02  6.10e-13 4.55e-13  1.26e-07    49s
  24   1.23517168e+02  1.23604009e+02  4.49e-13 3.41e-13  1.04e-07    50s
  25   1.23557519e+02  1.23586638e+02  9.07e-14 3.41e-13  3.49e-08    53s
  26   1.23559121e+02  1.23585970e+02  7.90e-14 3.41e-13  3.22e-08    54s
  27   1.23571082e+02  1.23581034e+02  1.66e-14 3.41e-13  1.19e-08    56s
  28   1.23576107e+02  1.23578996e+02  2.24e-15 5.68e-13  3.46e-09    58s
  29   1.23577621e+02  1.23578391e+02  3.92e-15 3.41e-13  9.24e-10    61s
  30   1.23577950e+02  1.23578260e+02  4.35e-15 3.41e-13  3.72e-10    62s
  31   1.23578115e+02  1.23578194e+02  2.70e-15 3.41e-13  9.45e-11    64s
  32   1.23578153e+02  1.23578179e+02  1.24e-15 3.41e-13  3.14e-11    66s
  33   1.23578167e+02  1.23578174e+02  1.71e-15 4.55e-13  8.37e-12    68s
  34   1.23578172e+02  1.23578172e+02  1.13e-15 6.82e-13  1.12e-13    70s

Barrier solved model in 34 iterations and 69.94 seconds (15.45 work units)
Optimal objective 1.23578172e+02

Done! Time elapsed: 100.36389446258545 seconds.
Starting HMC sampling...

                                                                                                                                                                                                                                                                                                                                
Finished sampling! Elapsed Time: 943.9029357433319 seconds

Checking sampler transitions treedepth.
217 of 16000 (1.36%) transitions hit the maximum treedepth limit of 10, or 2^10 leapfrog steps.
Trajectories that are prematurely terminated due to this limit will result in slow exploration.
For optimal performance, increase this limit.

Checking sampler transitions for divergences.
No divergent transitions found.

Checking E-BFMI - sampler transitions HMC potential energy.
E-BFMI satisfactory.

The following parameters had fewer than 0.001 effective draws per transition:
  log_precision_v_theta
Such low values indicate that the effective sample size estimators may be biased high and actual performance may be substantially lower than quoted.

The following parameters had rank-normalized split R-hat greater than 1.01:
  log_precision_v_theta
Such high values indicate incomplete mixing and biased estimation.
You should consider regularizing your model with additional prior information or a more effective parameterization.

Processing complete.

Parameters from last iteration: [  0.30285385   0.32315115   0.32326578 ... 252.89190104 234.50671404
 234.04915033]

Parameters from current iteration:
            [  0.28813342   0.30642565   0.30652896 ... 252.81825292 234.48729924
 234.07117706]

Updated uncertain values: [  0.29917374   0.31896977   0.31908158 ... 252.87348901 234.50186034
 234.05465701]


            Iteration [  12]: Absolute Error = 0.4081852429145556,
            Percentage Error = 0.01641012063187357
            
Optimization Iteration[13/100]

Theta: [0.29917374 0.31896977 0.31908158 ... 1.20737352 1.19745331 1.19705534]

Gamma: [606.26142232 587.3912274  531.81607157 ... 252.87348901 234.50186034
 234.05465701]

Solving the optimization problem...
Set parameter TokenServer to value "licenses.rcc.uchicago.edu"
Read LP format model from file /scratch/local/jobs/50255456/tmpntqp4g49.pyomo.lp
Reading time = 2.19 seconds
x1: 417600 rows, 834801 columns, 2083271 nonzeros
Gurobi Optimizer version 11.0.0 build v11.0.0rc2 (linux64 - "CentOS Linux 8")

CPU model: Intel(R) Xeon(R) Gold 6248R CPU @ 3.00GHz, instruction set [SSE2|AVX|AVX2|AVX512]
Thread count: 48 physical cores, 48 logical processors, using up to 32 threads

Optimize a model with 417600 rows, 834801 columns and 2083271 nonzeros
Model fingerprint: 0xb322da8c
Model has 400 quadratic objective terms
Coefficient statistics:
  Matrix range     [1e+00, 9e+02]
  Objective range  [1e-03, 7e+02]
  QObjective range [2e+03, 2e+05]
  Bounds range     [3e-06, 1e+00]
  RHS range        [9e-11, 4e-01]
Presolve removed 208947 rows and 209294 columns
Presolve time: 0.80s
Presolved: 208653 rows, 625507 columns, 1249571 nonzeros
Presolved model has 400 quadratic objective terms
Ordering time: 1.26s

Barrier statistics:
 AA' NZ     : 6.241e+05
 Factor NZ  : 6.773e+07 (roughly 900 MB of memory)
 Factor Ops : 2.543e+10 (less than 1 second per iteration)
 Threads    : 32

                  Objective                Residual
Iter       Primal          Dual         Primal    Dual     Compl     Time
   0  -3.03662908e+10  1.08047351e+08  1.04e+06 2.62e+02  9.97e+05     6s
   1  -1.43634010e+09  4.04013894e+07  4.81e+04 1.06e-12  5.25e+04     8s
   2  -1.00165557e+07  6.42512867e+06  1.26e+02 2.22e-12  1.53e+02    10s
   3  -1.06980262e+06  1.10340246e+06  1.72e+00 2.33e-12  4.41e+00    13s
   4  -1.86709022e+05  2.56732303e+05  5.82e-02 1.67e-12  5.82e-01    15s
   5  -3.65413603e+04  4.80537603e+04  2.34e-03 1.11e-12  1.02e-01    17s
   6  -7.13794647e+03  8.75272149e+03  8.47e-05 1.11e-12  1.91e-02    19s
   7  -2.40856361e+03  3.22095621e+03  2.04e-05 7.17e-13  6.75e-03    21s
   8  -6.77957260e+02  1.01140934e+03  4.01e-06 7.57e-13  2.03e-03    23s
   9  -5.81577767e+02  9.25216108e+02  3.37e-06 7.57e-13  1.81e-03    24s
  10  -1.29531164e+02  4.06634302e+02  5.68e-07 2.25e-13  6.43e-04    26s
  11   2.54336779e+01  2.15401256e+02  1.34e-07 2.27e-13  2.28e-04    28s
  12   9.14692289e+01  1.49679041e+02  2.18e-08 2.27e-13  6.98e-05    30s
  13   1.00870044e+02  1.41054943e+02  1.16e-08 2.27e-13  4.82e-05    32s
  14   1.13185499e+02  1.30682376e+02  4.13e-09 2.27e-13  2.10e-05    34s
  15   1.18089292e+02  1.26719184e+02  1.35e-09 2.27e-13  1.03e-05    36s
  16   1.20311335e+02  1.25089444e+02  5.73e-10 2.27e-13  5.73e-06    38s
  17   1.21757470e+02  1.24122742e+02  2.20e-10 2.27e-13  2.84e-06    40s
  18   1.22592112e+02  1.23617801e+02  7.67e-11 3.41e-13  1.23e-06    42s
  19   1.22873421e+02  1.23451275e+02  2.81e-11 4.55e-13  6.93e-07    44s
  20   1.22993928e+02  1.23389488e+02  1.65e-11 4.55e-13  4.74e-07    46s
  21   1.23052712e+02  1.23360292e+02  1.17e-11 3.41e-13  3.69e-07    48s
  22   1.23083203e+02  1.23345064e+02  8.97e-12 3.41e-13  3.14e-07    49s
  23   1.23155630e+02  1.23310850e+02  5.19e-12 3.41e-13  1.86e-07    51s
  24   1.23167254e+02  1.23305277e+02  4.27e-12 3.41e-13  1.65e-07    53s
  25   1.23206733e+02  1.23286997e+02  1.98e-12 3.41e-13  9.62e-08    55s
  26   1.23233908e+02  1.23274728e+02  6.84e-13 3.41e-13  4.89e-08    57s
  27   1.23249410e+02  1.23267977e+02  1.35e-13 3.41e-13  2.23e-08    59s
  28   1.23256913e+02  1.23264876e+02  3.33e-14 3.41e-13  9.55e-09    61s
  29   1.23260344e+02  1.23263481e+02  7.36e-15 4.55e-13  3.76e-09    63s
  30   1.23261723e+02  1.23262926e+02  1.94e-15 4.55e-13  1.44e-09    65s
  31   1.23262251e+02  1.23262715e+02  3.38e-15 4.55e-13  5.56e-10    67s
  32   1.23262527e+02  1.23262605e+02  4.49e-15 4.55e-13  9.35e-11    69s
  33   1.23262577e+02  1.23262585e+02  2.13e-15 4.55e-13  9.44e-12    71s
  34   1.23262583e+02  1.23262583e+02  1.05e-15 5.68e-13  2.44e-13    73s

Barrier solved model in 34 iterations and 72.66 seconds (15.45 work units)
Optimal objective 1.23262583e+02

Done! Time elapsed: 103.83594107627869 seconds.
Starting HMC sampling...

                                                                                                                                                                                                                                                                                                                                
Finished sampling! Elapsed Time: 603.5137031078339 seconds

Checking sampler transitions treedepth.
6 of 16000 (0.04%) transitions hit the maximum treedepth limit of 10, or 2^10 leapfrog steps.
Trajectories that are prematurely terminated due to this limit will result in slow exploration.
For optimal performance, increase this limit.

Checking sampler transitions for divergences.
68 of 16000 (0.42%) transitions ended with a divergence.
These divergent transitions indicate that HMC is not fully able to explore the posterior distribution.
Try increasing adapt delta closer to 1.
If this doesn't remove all divergences, try to reparameterize the model.

Checking E-BFMI - sampler transitions HMC potential energy.
E-BFMI satisfactory.

The following parameters had fewer than 0.001 effective draws per transition:
  log_precision_v_theta
Such low values indicate that the effective sample size estimators may be biased high and actual performance may be substantially lower than quoted.

The following parameters had rank-normalized split R-hat greater than 1.01:
  log_precision_v_theta
Such high values indicate incomplete mixing and biased estimation.
You should consider regularizing your model with additional prior information or a more effective parameterization.

Processing complete.

Parameters from last iteration: [  0.29917374   0.31896977   0.31908158 ... 252.87348901 234.50186034
 234.05465701]

Parameters from current iteration:
            [  0.28630171   0.30614839   0.30626048 ... 252.87693354 234.51105476
 234.04218163]

Updated uncertain values: [  0.29595573   0.31576443   0.3158763  ... 252.87435014 234.50415895
 234.05153817]


            Iteration [  13]: Absolute Error = 0.43270470577954256,
            Percentage Error = 0.01180607432195959
            
Optimization Iteration[14/100]

Theta: [0.29595573 0.31576443 0.3158763  ... 1.20191177 1.19679522 1.19728211]

Gamma: [606.16153486 587.30834986 531.76763696 ... 252.87435014 234.50415895
 234.05153817]

Solving the optimization problem...
Set parameter TokenServer to value "licenses.rcc.uchicago.edu"
Read LP format model from file /scratch/local/jobs/50255456/tmpnk49xj4v.pyomo.lp
Reading time = 2.17 seconds
x1: 417600 rows, 834801 columns, 2083271 nonzeros
Gurobi Optimizer version 11.0.0 build v11.0.0rc2 (linux64 - "CentOS Linux 8")

CPU model: Intel(R) Xeon(R) Gold 6248R CPU @ 3.00GHz, instruction set [SSE2|AVX|AVX2|AVX512]
Thread count: 48 physical cores, 48 logical processors, using up to 32 threads

Optimize a model with 417600 rows, 834801 columns and 2083271 nonzeros
Model fingerprint: 0x7093c2e8
Model has 400 quadratic objective terms
Coefficient statistics:
  Matrix range     [1e+00, 9e+02]
  Objective range  [1e-03, 7e+02]
  QObjective range [2e+03, 2e+05]
  Bounds range     [3e-06, 1e+00]
  RHS range        [9e-11, 4e-01]
Presolve removed 208947 rows and 209294 columns
Presolve time: 0.81s
Presolved: 208653 rows, 625507 columns, 1249571 nonzeros
Presolved model has 400 quadratic objective terms
Ordering time: 1.15s

Barrier statistics:
 AA' NZ     : 6.241e+05
 Factor NZ  : 6.773e+07 (roughly 900 MB of memory)
 Factor Ops : 2.543e+10 (less than 1 second per iteration)
 Threads    : 32

                  Objective                Residual
Iter       Primal          Dual         Primal    Dual     Compl     Time
   0  -1.40814620e+11  1.10640369e+11  1.04e+06 1.14e-13  1.00e+06     5s
   1  -6.45635264e+10  6.33673707e+10  4.43e+04 3.08e+01  4.67e+04     9s
   2  -3.05795019e+10  3.06541297e+10  4.48e+02 1.24e-01  5.43e+02    12s
   3  -1.08845915e+10  1.09728819e+10  3.21e+00 1.44e-12  2.86e+01    14s
   4  -2.40150661e+09  2.49942315e+09  2.67e-01 1.23e-12  5.95e+00    19s
   5  -5.82486816e+08  6.48660980e+08  3.65e-02 3.37e-12  1.46e+00    24s
   6  -9.63018427e+07  1.09581072e+08  2.74e-03 1.47e-12  2.41e-01    30s
   7  -1.41045945e+07  1.68778632e+07  2.74e-09 1.57e-12  3.63e-02    35s
   8  -2.06594690e+06  2.46062454e+06  2.47e-13 9.66e-13  5.30e-03    38s
   9  -3.06957831e+05  3.77905645e+05  4.02e-14 2.63e-13  8.02e-04    40s
  10  -4.59350138e+04  5.46251621e+04  2.03e-14 7.09e-14  1.18e-04    42s
  11  -7.07742319e+03  8.33020820e+03  1.27e-14 7.57e-15  1.80e-05    43s
  12  -1.09757219e+03  1.32649975e+03  1.64e-14 1.49e-15  2.84e-06    45s
  13  -2.51573881e+02  7.32238751e+02  9.63e-16 4.78e-16  1.15e-06    47s
  14   2.70665625e+01  2.03613187e+02  4.12e-16 4.67e-16  2.07e-07    51s
  15   8.86890121e+01  1.48609456e+02  1.81e-16 4.44e-16  7.02e-08    55s
  16   1.02256127e+02  1.36531633e+02  1.02e-16 3.33e-16  4.01e-08    59s
  17   1.11039210e+02  1.29945484e+02  6.74e-17 3.33e-16  2.21e-08    61s
  18   1.15857020e+02  1.26863628e+02  3.86e-17 3.33e-16  1.29e-08    63s
  19   1.18905796e+02  1.25144258e+02  4.77e-17 3.33e-16  7.30e-09    65s
  20   1.20729148e+02  1.24228950e+02  9.37e-17 3.33e-16  4.10e-09    67s
  21   1.21590520e+02  1.23809268e+02  9.28e-17 4.44e-16  2.60e-09    69s
  22   1.22202738e+02  1.23521560e+02  1.01e-16 3.33e-16  1.54e-09    71s
  23   1.22421270e+02  1.23423358e+02  8.65e-17 3.33e-16  1.17e-09    73s
  24   1.22689016e+02  1.23303940e+02  7.57e-17 3.33e-16  7.20e-10    75s
  25   1.22768226e+02  1.23269216e+02  7.98e-17 2.41e-16  5.87e-10    77s
  26   1.22887362e+02  1.23217329e+02  8.00e-17 4.44e-16  3.86e-10    78s
  27   1.22926718e+02  1.23200714e+02  8.20e-17 3.33e-16  3.21e-10    80s
  28   1.22988781e+02  1.23173908e+02  8.63e-17 3.33e-16  2.17e-10    82s
  29   1.23027254e+02  1.23157663e+02  8.00e-17 3.33e-16  1.53e-10    83s
  30   1.23061946e+02  1.23143010e+02  1.67e-16 3.33e-16  9.49e-11    85s
  31   1.23068419e+02  1.23140262e+02  1.65e-16 3.33e-16  8.41e-11    87s
  32   1.23091836e+02  1.23130398e+02  1.11e-16 3.33e-16  4.51e-11    89s
  33   1.23103421e+02  1.23125616e+02  1.18e-16 4.44e-16  2.60e-11    91s
  34   1.23110424e+02  1.23122731e+02  1.23e-16 3.33e-16  1.44e-11    93s
  35   1.23114974e+02  1.23120883e+02  1.30e-15 3.33e-16  6.92e-12    95s
  36   1.23116988e+02  1.23120071e+02  1.01e-15 3.33e-16  3.61e-12    96s
  37   1.23118059e+02  1.23119640e+02  8.72e-16 3.33e-16  1.85e-12    98s
  38   1.23118808e+02  1.23119341e+02  8.96e-16 4.44e-16  6.23e-13   100s
  39   1.23119109e+02  1.23119220e+02  2.63e-15 4.44e-16  1.30e-13   102s
  40   1.23119175e+02  1.23119194e+02  2.22e-15 4.44e-16  2.17e-14   104s
  41   1.23119187e+02  1.23119189e+02  9.88e-16 5.55e-16  2.64e-15   106s

Barrier solved model in 41 iterations and 105.62 seconds (19.25 work units)
Optimal objective 1.23119187e+02

Done! Time elapsed: 137.4197256565094 seconds.
Starting HMC sampling...

                                                                                                                                                                                                                                                                                                                                
Finished sampling! Elapsed Time: 843.3946263790131 seconds

Checking sampler transitions treedepth.
92 of 16000 (0.57%) transitions hit the maximum treedepth limit of 10, or 2^10 leapfrog steps.
Trajectories that are prematurely terminated due to this limit will result in slow exploration.
For optimal performance, increase this limit.

Checking sampler transitions for divergences.
195 of 16000 (1.22%) transitions ended with a divergence.
These divergent transitions indicate that HMC is not fully able to explore the posterior distribution.
Try increasing adapt delta closer to 1.
If this doesn't remove all divergences, try to reparameterize the model.

Checking E-BFMI - sampler transitions HMC potential energy.
E-BFMI satisfactory.

The following parameters had fewer than 0.001 effective draws per transition:
  log_precision_v_theta
Such low values indicate that the effective sample size estimators may be biased high and actual performance may be substantially lower than quoted.

The following parameters had rank-normalized split R-hat greater than 1.01:
  log_precision_v_theta
Such high values indicate incomplete mixing and biased estimation.
You should consider regularizing your model with additional prior information or a more effective parameterization.

Processing complete.

Parameters from last iteration: [  0.29595573   0.31576443   0.3158763  ... 252.87435014 234.50415895
 234.05153817]

Parameters from current iteration:
            [  0.28697184   0.30704166   0.30715501 ... 252.89621842 234.48084901
 234.00974895]

Updated uncertain values: [  0.29370976   0.31358373   0.31369598 ... 252.87981721 234.49833146
 234.04109086]


            Iteration [  14]: Absolute Error = 0.29004916081862575,
            Percentage Error = 0.009189632393458508
            
Optimization Iteration[15/100]

Theta: [0.29370976 0.31358373 0.31369598 ... 1.19760951 1.19622715 1.19739999]

Gamma: [606.14019215 587.28641902 531.73329123 ... 252.87981721 234.49833146
 234.04109086]

Solving the optimization problem...
Set parameter TokenServer to value "licenses.rcc.uchicago.edu"
Read LP format model from file /scratch/local/jobs/50255456/tmp7y60i39s.pyomo.lp
Reading time = 2.17 seconds
x1: 417600 rows, 834801 columns, 2083271 nonzeros
Gurobi Optimizer version 11.0.0 build v11.0.0rc2 (linux64 - "CentOS Linux 8")

CPU model: Intel(R) Xeon(R) Gold 6248R CPU @ 3.00GHz, instruction set [SSE2|AVX|AVX2|AVX512]
Thread count: 48 physical cores, 48 logical processors, using up to 32 threads

Optimize a model with 417600 rows, 834801 columns and 2083271 nonzeros
Model fingerprint: 0x6203eeac
Model has 400 quadratic objective terms
Coefficient statistics:
  Matrix range     [1e+00, 9e+02]
  Objective range  [1e-03, 7e+02]
  QObjective range [2e+03, 2e+05]
  Bounds range     [3e-06, 1e+00]
  RHS range        [9e-11, 4e-01]
Presolve removed 208947 rows and 209294 columns
Presolve time: 0.84s
Presolved: 208653 rows, 625507 columns, 1249571 nonzeros
Presolved model has 400 quadratic objective terms
Ordering time: 1.88s

Barrier statistics:
 AA' NZ     : 6.241e+05
 Factor NZ  : 6.773e+07 (roughly 900 MB of memory)
 Factor Ops : 2.543e+10 (less than 1 second per iteration)
 Threads    : 32

                  Objective                Residual
Iter       Primal          Dual         Primal    Dual     Compl     Time
   0  -3.03628827e+10  1.08047351e+08  1.04e+06 2.62e+02  9.97e+05     6s
   1  -1.43601622e+09  4.03998715e+07  4.81e+04 1.14e-12  5.25e+04     8s
   2  -1.00156080e+07  6.42485070e+06  1.26e+02 2.10e-12  1.53e+02    10s
   3  -1.06975002e+06  1.10335930e+06  1.72e+00 2.41e-12  4.41e+00    12s
   4  -1.86700790e+05  2.56723211e+05  5.82e-02 1.73e-12  5.82e-01    14s
   5  -3.65387973e+04  4.80504988e+04  2.34e-03 1.07e-12  1.02e-01    16s
   6  -7.13794090e+03  8.75920878e+03  8.41e-05 1.65e-12  1.91e-02    18s
   7  -2.40730966e+03  3.22181848e+03  2.02e-05 6.86e-13  6.75e-03    20s
   8  -6.78496868e+02  1.01221499e+03  3.98e-06 5.53e-13  2.03e-03    23s
   9  -5.81075878e+02  9.25006970e+02  3.34e-06 4.39e-13  1.81e-03    24s
  10  -1.29998049e+02  4.06363568e+02  5.69e-07 2.27e-13  6.43e-04    27s
  11   2.58039698e+01  2.14210824e+02  1.31e-07 3.41e-13  2.26e-04    29s
  12   9.12278028e+01  1.49276457e+02  2.11e-08 2.27e-13  6.96e-05    31s
  13   1.00770053e+02  1.40524966e+02  1.10e-08 1.60e-13  4.77e-05    32s
  14   1.13120716e+02  1.30129590e+02  3.82e-09 1.46e-13  2.04e-05    34s
  15   1.17645334e+02  1.26468294e+02  1.33e-09 1.46e-13  1.06e-05    36s
  16   1.19545087e+02  1.25019110e+02  5.49e-10 1.53e-13  6.56e-06    39s
  17   1.21608888e+02  1.23656289e+02  1.34e-10 2.27e-13  2.45e-06    41s
  18   1.22231071e+02  1.23290906e+02  4.82e-11 3.41e-13  1.27e-06    43s
  19   1.22560367e+02  1.23114595e+02  2.02e-11 3.41e-13  6.64e-07    45s
  20   1.22635932e+02  1.23075915e+02  1.43e-11 3.41e-13  5.27e-07    47s
  21   1.22699607e+02  1.23043936e+02  9.81e-12 3.41e-13  4.13e-07    49s
  22   1.22740122e+02  1.23023787e+02  7.08e-12 3.41e-13  3.40e-07    51s
  23   1.22840802e+02  1.22976077e+02  2.00e-12 4.55e-13  1.62e-07    53s
  24   1.22892345e+02  1.22952079e+02  5.25e-14 5.68e-13  7.16e-08    55s
  25   1.22904460e+02  1.22947026e+02  2.93e-14 3.41e-13  5.10e-08    57s
  26   1.22921905e+02  1.22939827e+02  1.02e-14 3.41e-13  2.15e-08    59s
  27   1.22927515e+02  1.22937544e+02  3.42e-15 3.41e-13  1.20e-08    61s
  28   1.22931306e+02  1.22936016e+02  1.94e-15 4.55e-13  5.65e-09    63s
  29   1.22933476e+02  1.22935142e+02  9.43e-16 4.55e-13  2.00e-09    66s
  30   1.22934373e+02  1.22934781e+02  1.28e-15 5.68e-13  4.89e-10    68s
  31   1.22934522e+02  1.22934722e+02  1.71e-15 3.41e-13  2.39e-10    70s
  32   1.22934642e+02  1.22934674e+02  1.53e-15 4.55e-13  3.84e-11    72s
  33   1.22934661e+02  1.22934666e+02  3.47e-15 4.55e-13  6.79e-12    74s
  34   1.22934665e+02  1.22934665e+02  3.07e-15 5.68e-13  6.95e-14    77s

Barrier solved model in 34 iterations and 76.75 seconds (15.45 work units)
Optimal objective 1.22934665e+02

Done! Time elapsed: 108.46239376068115 seconds.
Starting HMC sampling...

                                                                                                                                                                                                                                                                                                                                
Finished sampling! Elapsed Time: 909.7747275829315 seconds

Checking sampler transitions treedepth.
103 of 16000 (0.64%) transitions hit the maximum treedepth limit of 10, or 2^10 leapfrog steps.
Trajectories that are prematurely terminated due to this limit will result in slow exploration.
For optimal performance, increase this limit.

Checking sampler transitions for divergences.
19 of 16000 (0.12%) transitions ended with a divergence.
These divergent transitions indicate that HMC is not fully able to explore the posterior distribution.
Try increasing adapt delta closer to 1.
If this doesn't remove all divergences, try to reparameterize the model.

Checking E-BFMI - sampler transitions HMC potential energy.
E-BFMI satisfactory.

The following parameters had fewer than 0.001 effective draws per transition:
  log_precision_v_theta
Such low values indicate that the effective sample size estimators may be biased high and actual performance may be substantially lower than quoted.

The following parameters had rank-normalized split R-hat greater than 1.01:
  log_precision_v_theta
Such high values indicate incomplete mixing and biased estimation.
You should consider regularizing your model with additional prior information or a more effective parameterization.

Processing complete.

Parameters from last iteration: [  0.29370976   0.31358373   0.31369598 ... 252.87981721 234.49833146
 234.04109086]

Parameters from current iteration:
            [  0.28802577   0.30747662   0.30758647 ... 252.73964111 234.36460315
 233.96361693]

Updated uncertain values: [  0.29228876   0.31205695   0.3121686  ... 252.84477319 234.46489939
 234.02172238]


            Iteration [  15]: Absolute Error = 0.1954203618710153,
            Percentage Error = 0.006715037402401444
            
Optimization Iteration[16/100]

Theta: [0.29228876 0.31205695 0.3121686  ... 1.19467308 1.19623734 1.19795223]

Gamma: [606.33561251 587.45706624 531.83683969 ... 252.84477319 234.46489939
 234.02172238]

Solving the optimization problem...
Set parameter TokenServer to value "licenses.rcc.uchicago.edu"
Read LP format model from file /scratch/local/jobs/50255456/tmp3k5qpj2d.pyomo.lp
Reading time = 2.15 seconds
x1: 417600 rows, 834801 columns, 2083271 nonzeros
Gurobi Optimizer version 11.0.0 build v11.0.0rc2 (linux64 - "CentOS Linux 8")

CPU model: Intel(R) Xeon(R) Gold 6248R CPU @ 3.00GHz, instruction set [SSE2|AVX|AVX2|AVX512]
Thread count: 48 physical cores, 48 logical processors, using up to 32 threads

Optimize a model with 417600 rows, 834801 columns and 2083271 nonzeros
Model fingerprint: 0x78cc6d50
Model has 400 quadratic objective terms
Coefficient statistics:
  Matrix range     [1e+00, 9e+02]
  Objective range  [1e-03, 7e+02]
  QObjective range [2e+03, 2e+05]
  Bounds range     [3e-06, 1e+00]
  RHS range        [9e-11, 4e-01]
Presolve removed 208947 rows and 209294 columns
Presolve time: 0.85s
Presolved: 208653 rows, 625507 columns, 1249571 nonzeros
Presolved model has 400 quadratic objective terms
Ordering time: 1.35s

Barrier statistics:
 AA' NZ     : 6.241e+05
 Factor NZ  : 6.773e+07 (roughly 900 MB of memory)
 Factor Ops : 2.543e+10 (less than 1 second per iteration)
 Threads    : 32

                  Objective                Residual
Iter       Primal          Dual         Primal    Dual     Compl     Time
   0  -1.40812593e+11  1.10640369e+11  1.04e+06 1.14e-13  1.00e+06     5s
   1  -6.45634417e+10  6.33673716e+10  4.43e+04 3.08e+01  4.67e+04     7s
   2  -3.05795013e+10  3.06541301e+10  4.48e+02 1.24e-01  5.43e+02     9s
   3  -1.08845916e+10  1.09728821e+10  3.21e+00 1.47e-12  2.86e+01    12s
   4  -2.40150660e+09  2.49942317e+09  2.67e-01 1.23e-12  5.95e+00    17s
   5  -5.82486828e+08  6.48661009e+08  3.65e-02 3.29e-12  1.46e+00    23s
   6  -9.63018462e+07  1.09581084e+08  2.74e-03 1.48e-12  2.41e-01    28s
   7  -1.41045936e+07  1.68778626e+07  2.74e-09 1.57e-12  3.63e-02    32s
   8  -2.06594674e+06  2.46062724e+06  2.63e-13 1.01e-12  5.30e-03    35s
   9  -3.06956738e+05  3.77900431e+05  4.14e-14 2.93e-13  8.02e-04    37s
  10  -4.59345061e+04  5.46234989e+04  2.16e-14 5.17e-14  1.18e-04    39s
  11  -7.07726972e+03  8.32960492e+03  1.55e-14 9.17e-15  1.80e-05    41s
  12  -1.09808231e+03  1.32827427e+03  1.59e-14 1.48e-15  2.84e-06    43s
  13  -2.53355521e+02  7.36509108e+02  9.43e-16 4.44e-16  1.16e-06    44s
  14   2.71449340e+01  2.01643298e+02  4.10e-16 4.44e-16  2.04e-07    49s
  15   8.87760337e+01  1.47881154e+02  1.72e-16 5.55e-16  6.92e-08    52s
  16   1.01342023e+02  1.36694492e+02  8.07e-17 3.33e-16  4.14e-08    55s
  17   1.16530448e+02  1.25426360e+02  6.90e-17 4.44e-16  1.04e-08    58s
  18   1.19657149e+02  1.24129266e+02  5.68e-17 4.44e-16  5.24e-09    61s
  19   1.21098249e+02  1.23504225e+02  5.55e-17 3.33e-16  2.82e-09    65s
  20   1.21814407e+02  1.23206846e+02  9.52e-17 3.33e-16  1.63e-09    68s
  21   1.22040695e+02  1.23110247e+02  9.09e-17 3.33e-16  1.25e-09    71s
  22   1.22296166e+02  1.23002150e+02  6.92e-17 3.33e-16  8.27e-10    73s
  23   1.22473627e+02  1.22926666e+02  1.21e-16 3.33e-16  5.30e-10    76s
  24   1.22504909e+02  1.22913612e+02  8.89e-17 3.33e-16  4.79e-10    78s
  25   1.22595122e+02  1.22874749e+02  1.26e-16 4.44e-16  3.27e-10    80s
  26   1.22609041e+02  1.22869059e+02  1.13e-16 4.44e-16  3.04e-10    82s
  27   1.22684231e+02  1.22838011e+02  3.04e-16 3.33e-16  1.80e-10    84s
  28   1.22729576e+02  1.22819387e+02  1.39e-16 4.44e-16  1.05e-10    87s
  29   1.22750448e+02  1.22810930e+02  1.13e-16 3.33e-16  7.08e-11    89s
  30   1.22772993e+02  1.22801755e+02  1.53e-16 3.33e-16  3.37e-11    92s
  31   1.22785126e+02  1.22796794e+02  2.16e-16 3.33e-16  1.37e-11    94s
  32   1.22788021e+02  1.22795633e+02  7.51e-16 3.33e-16  8.91e-12    96s
  33   1.22791154e+02  1.22794370e+02  9.63e-16 3.33e-16  3.76e-12    97s
  34   1.22792856e+02  1.22793684e+02  1.65e-15 3.33e-16  9.70e-13    99s
  35   1.22793109e+02  1.22793583e+02  1.10e-15 4.44e-16  5.54e-13   100s
  36   1.22793306e+02  1.22793504e+02  2.91e-15 4.44e-16  2.32e-13   102s
  37   1.22793413e+02  1.22793461e+02  1.85e-15 4.44e-16  5.60e-14   104s
  38   1.22793434e+02  1.22793453e+02  1.23e-15 3.33e-16  2.13e-14   106s
  39   1.22793444e+02  1.22793449e+02  5.78e-16 5.55e-16  5.65e-15   107s

Barrier solved model in 39 iterations and 107.51 seconds (19.15 work units)
Optimal objective 1.22793444e+02

Done! Time elapsed: 138.73515057563782 seconds.
Starting HMC sampling...

                                                                                                                                                                                                                                                                                                                                
Finished sampling! Elapsed Time: 935.7093374729156 seconds

Checking sampler transitions treedepth.
274 of 16000 (1.71%) transitions hit the maximum treedepth limit of 10, or 2^10 leapfrog steps.
Trajectories that are prematurely terminated due to this limit will result in slow exploration.
For optimal performance, increase this limit.

Checking sampler transitions for divergences.
No divergent transitions found.

Checking E-BFMI - sampler transitions HMC potential energy.
E-BFMI satisfactory.

The following parameters had fewer than 0.001 effective draws per transition:
  log_precision_v_theta
Such low values indicate that the effective sample size estimators may be biased high and actual performance may be substantially lower than quoted.

The following parameters had rank-normalized split R-hat greater than 1.01:
  log_precision_v_theta
Such high values indicate incomplete mixing and biased estimation.
You should consider regularizing your model with additional prior information or a more effective parameterization.

Processing complete.

Parameters from last iteration: [  0.29228876   0.31205695   0.3121686  ... 252.84477319 234.46489939
 234.02172238]

Parameters from current iteration:
            [  0.28690208   0.30753137   0.30764788 ... 252.95327264 234.54744108
 234.02810556]

Updated uncertain values: [  0.29094209   0.31092556   0.31103842 ... 252.87189805 234.48553481
 234.02331817]


            Iteration [  16]: Absolute Error = 0.16261654414699933,
            Percentage Error = 0.005212407746212677
            
Optimization Iteration[17/100]

Theta: [0.29094209 0.31092556 0.31103842 ... 1.19241772 1.19600923 1.19809789]

Gamma: [606.20069212 587.3535798  531.79971797 ... 252.87189805 234.48553481
 234.02331817]

Solving the optimization problem...
Set parameter TokenServer to value "licenses.rcc.uchicago.edu"
Read LP format model from file /scratch/local/jobs/50255456/tmpc5j51p_9.pyomo.lp
Reading time = 2.16 seconds
x1: 417600 rows, 834801 columns, 2083271 nonzeros
Gurobi Optimizer version 11.0.0 build v11.0.0rc2 (linux64 - "CentOS Linux 8")

CPU model: Intel(R) Xeon(R) Gold 6248R CPU @ 3.00GHz, instruction set [SSE2|AVX|AVX2|AVX512]
Thread count: 48 physical cores, 48 logical processors, using up to 32 threads

Optimize a model with 417600 rows, 834801 columns and 2083271 nonzeros
Model fingerprint: 0x2ab77e1d
Model has 400 quadratic objective terms
Coefficient statistics:
  Matrix range     [1e+00, 9e+02]
  Objective range  [1e-03, 7e+02]
  QObjective range [2e+03, 2e+05]
  Bounds range     [3e-06, 1e+00]
  RHS range        [9e-11, 4e-01]
Presolve removed 208947 rows and 209294 columns
Presolve time: 0.80s
Presolved: 208653 rows, 625507 columns, 1249571 nonzeros
Presolved model has 400 quadratic objective terms
Ordering time: 1.06s

Barrier statistics:
 AA' NZ     : 6.241e+05
 Factor NZ  : 6.773e+07 (roughly 900 MB of memory)
 Factor Ops : 2.543e+10 (less than 1 second per iteration)
 Threads    : 32

                  Objective                Residual
Iter       Primal          Dual         Primal    Dual     Compl     Time
   0  -3.03616010e+10  1.08047351e+08  1.04e+06 2.62e+02  9.97e+05     6s
   1  -1.43591046e+09  4.03992875e+07  4.81e+04 1.07e-12  5.25e+04     8s
   2  -1.00152727e+07  6.42474829e+06  1.26e+02 2.30e-12  1.53e+02    11s
   3  -1.06973091e+06  1.10334340e+06  1.72e+00 2.15e-12  4.41e+00    14s
   4  -1.86697555e+05  2.56719754e+05  5.82e-02 1.61e-12  5.82e-01    16s
   5  -3.65379842e+04  4.80495773e+04  2.34e-03 1.24e-12  1.02e-01    18s
   6  -7.14826678e+03  8.77877564e+03  8.50e-05 1.13e-12  1.91e-02    20s
   7  -2.40796301e+03  3.22574876e+03  2.03e-05 1.26e-12  6.76e-03    23s
   8  -6.78810595e+02  1.01297411e+03  4.01e-06 4.36e-13  2.03e-03    26s
   9  -5.81285681e+02  9.25593710e+02  3.36e-06 4.32e-13  1.81e-03    28s
  10  -1.30447106e+02  4.06510612e+02  5.76e-07 2.54e-13  6.44e-04    31s
  11   2.61626686e+01  2.13361714e+02  1.30e-07 2.27e-13  2.24e-04    34s
  12   9.11385506e+01  1.49040247e+02  2.09e-08 2.27e-13  6.94e-05    37s
  13   1.00810507e+02  1.40172590e+02  1.08e-08 1.60e-13  4.72e-05    38s
  14   1.13057703e+02  1.29872381e+02  3.72e-09 2.27e-13  2.02e-05    40s
  15   1.17469755e+02  1.26307352e+02  1.33e-09 2.27e-13  1.06e-05    41s
  16   1.19436096e+02  1.24815390e+02  5.36e-10 2.27e-13  6.45e-06    44s
  17   1.21394522e+02  1.23526964e+02  1.54e-10 2.27e-13  2.56e-06    45s
  18   1.22197956e+02  1.23054077e+02  4.27e-11 4.55e-13  1.03e-06    48s
  19   1.22404541e+02  1.22940594e+02  1.95e-11 3.41e-13  6.43e-07    50s
  20   1.22502069e+02  1.22890370e+02  1.13e-11 3.41e-13  4.66e-07    52s
  21   1.22573949e+02  1.22854766e+02  6.60e-12 4.55e-13  3.37e-07    54s
  22   1.22658673e+02  1.22815178e+02  2.82e-12 3.41e-13  1.88e-07    56s
  23   1.22714498e+02  1.22789486e+02  8.84e-13 3.41e-13  8.99e-08    58s
  24   1.22741666e+02  1.22777495e+02  2.64e-13 3.41e-13  4.30e-08    60s
  25   1.22756833e+02  1.22771087e+02  5.90e-14 4.55e-13  1.71e-08    62s
  26   1.22762415e+02  1.22768787e+02  2.01e-14 3.41e-13  7.64e-09    64s
  27   1.22765040e+02  1.22767717e+02  6.21e-15 4.55e-13  3.21e-09    66s
  28   1.22766500e+02  1.22767126e+02  4.99e-15 4.55e-13  7.50e-10    69s
  29   1.22766772e+02  1.22767017e+02  6.07e-15 4.55e-13  2.94e-10    71s
  30   1.22766897e+02  1.22766967e+02  3.51e-15 4.55e-13  8.44e-11    73s
  31   1.22766939e+02  1.22766950e+02  2.50e-15 4.55e-13  1.36e-11    74s
  32   1.22766946e+02  1.22766947e+02  1.08e-15 4.55e-13  2.18e-12    76s
  33   1.22766947e+02  1.22766947e+02  6.47e-16 5.68e-13  2.68e-14    78s

Barrier solved model in 33 iterations and 78.19 seconds (14.99 work units)
Optimal objective 1.22766947e+02

Done! Time elapsed: 111.55319452285767 seconds.
Starting HMC sampling...

                                                                                                                                                                                                                                                                                                                                
Finished sampling! Elapsed Time: 821.776468038559 seconds

Checking sampler transitions treedepth.
106 of 16000 (0.66%) transitions hit the maximum treedepth limit of 10, or 2^10 leapfrog steps.
Trajectories that are prematurely terminated due to this limit will result in slow exploration.
For optimal performance, increase this limit.

Checking sampler transitions for divergences.
61 of 16000 (0.38%) transitions ended with a divergence.
These divergent transitions indicate that HMC is not fully able to explore the posterior distribution.
Try increasing adapt delta closer to 1.
If this doesn't remove all divergences, try to reparameterize the model.

Checking E-BFMI - sampler transitions HMC potential energy.
E-BFMI satisfactory.

The following parameters had fewer than 0.001 effective draws per transition:
  log_precision_v_theta
Such low values indicate that the effective sample size estimators may be biased high and actual performance may be substantially lower than quoted.

The following parameters had rank-normalized split R-hat greater than 1.01:
  log_precision_v_theta
Such high values indicate incomplete mixing and biased estimation.
You should consider regularizing your model with additional prior information or a more effective parameterization.

Processing complete.

Parameters from last iteration: [  0.29094209   0.31092556   0.31103842 ... 252.87189805 234.48553481
 234.02331817]

Parameters from current iteration:
            [  0.28993446   0.31000712   0.31012049 ... 252.799223   234.43581516
 234.00795408]

Updated uncertain values: [  0.29069018   0.31069595   0.31080894 ... 252.85372929 234.4731049
 234.01947715]


            Iteration [  17]: Absolute Error = 0.19472680504304662,
            Percentage Error = 0.0037381224579602027
            
Terminated. Sampling the final distribution...

                                                                                                                                                                                                                                                                                                                                
Solving the optimization problem...
Set parameter TokenServer to value "licenses.rcc.uchicago.edu"
Read LP format model from file /scratch/local/jobs/50255456/tmps1asbzct.pyomo.lp
Reading time = 2.14 seconds
x1: 417600 rows, 834801 columns, 2083271 nonzeros
Gurobi Optimizer version 11.0.0 build v11.0.0rc2 (linux64 - "CentOS Linux 8")

CPU model: Intel(R) Xeon(R) Gold 6248R CPU @ 3.00GHz, instruction set [SSE2|AVX|AVX2|AVX512]
Thread count: 48 physical cores, 48 logical processors, using up to 32 threads

Optimize a model with 417600 rows, 834801 columns and 2083271 nonzeros
Model fingerprint: 0x89e7ff0d
Model has 400 quadratic objective terms
Coefficient statistics:
  Matrix range     [1e+00, 9e+02]
  Objective range  [1e-03, 7e+02]
  QObjective range [2e+03, 2e+05]
  Bounds range     [2e-06, 1e+00]
  RHS range        [6e-10, 4e-01]
Presolve removed 209011 rows and 209422 columns
Presolve time: 0.80s
Presolved: 208589 rows, 625379 columns, 1249315 nonzeros
Presolved model has 400 quadratic objective terms
Ordering time: 1.09s

Barrier statistics:
 AA' NZ     : 6.239e+05
 Factor NZ  : 6.769e+07 (roughly 900 MB of memory)
 Factor Ops : 2.541e+10 (less than 1 second per iteration)
 Threads    : 32

                  Objective                Residual
Iter       Primal          Dual         Primal    Dual     Compl     Time
   0  -1.40805509e+11  1.10640510e+11  1.04e+06 1.13e-13  1.00e+06     6s
   1  -6.41157020e+10  6.29232032e+10  4.42e+04 3.07e+01  4.64e+04     7s
   2  -3.03802311e+10  3.04547844e+10  4.47e+02 1.24e-01  5.40e+02    10s
   3  -1.08295073e+10  1.09176667e+10  3.61e+00 1.64e-12  2.88e+01    12s
   4  -2.46851432e+09  2.56666700e+09  2.90e-01 1.31e-12  6.13e+00    18s
   5  -5.87252055e+08  6.54749676e+08  3.72e-02 2.88e-12  1.47e+00    23s
   6  -9.80776632e+07  1.11737056e+08  2.91e-03 1.46e-12  2.46e-01    28s
   7  -1.44766645e+07  1.73442263e+07  6.71e-06 2.02e-12  3.73e-02    33s
   8  -2.12201436e+06  2.53412479e+06  6.86e-12 2.05e-12  5.45e-03    36s
   9  -3.15649876e+05  3.89783263e+05  4.19e-14 3.66e-13  8.26e-04    38s
  10  -4.73249241e+04  5.63201394e+04  2.67e-14 6.35e-14  1.21e-04    40s
  11  -7.33582129e+03  8.54051531e+03  1.50e-14 9.65e-15  1.86e-05    42s
  12  -1.18489119e+03  1.34886571e+03  1.84e-14 1.65e-15  2.97e-06    44s
  13  -3.23000303e+02  5.08089909e+02  1.24e-15 5.00e-16  9.73e-07    49s
  14  -4.99458056e+01  1.55419017e+02  3.91e-16 6.66e-16  2.40e-07    55s
  15   2.99160706e+01  1.23088254e+02  2.94e-16 4.44e-16  1.09e-07    58s
  16   6.29435443e+01  8.91890353e+01  1.47e-16 3.33e-16  3.07e-08    62s
  17   7.45183749e+01  8.11149568e+01  7.29e-17 4.44e-16  7.72e-09    66s
  18   7.70118860e+01  8.00856080e+01  4.51e-17 3.33e-16  3.60e-09    69s
  19   7.78671932e+01  7.97559462e+01  4.32e-17 3.33e-16  2.21e-09    71s
  20   7.82817227e+01  7.96001695e+01  7.96e-17 4.44e-16  1.54e-09    72s
  21   7.84725294e+01  7.95264058e+01  7.24e-17 3.33e-16  1.23e-09    74s
  22   7.87012242e+01  7.94375430e+01  5.92e-17 4.44e-16  8.62e-10    76s
  23   7.88585834e+01  7.93746225e+01  7.26e-17 3.33e-16  6.04e-10    78s
  24   7.89958296e+01  7.93193024e+01  7.00e-17 3.33e-16  3.79e-10    80s
  25   7.90997270e+01  7.92773499e+01  1.81e-16 3.33e-16  2.08e-10    82s
  26   7.91031610e+01  7.92759366e+01  1.72e-16 4.44e-16  2.02e-10    83s
  27   7.91106041e+01  7.92728763e+01  1.66e-16 4.44e-16  1.90e-10    86s
  28   7.91598675e+01  7.92532443e+01  1.29e-16 4.44e-16  1.09e-10    88s
  29   7.91861409e+01  7.92426628e+01  1.20e-16 3.33e-16  6.62e-11    91s
  30   7.91975149e+01  7.92380856e+01  1.63e-16 3.33e-16  4.75e-11    92s
  31   7.92114627e+01  7.92325293e+01  1.61e-16 4.44e-16  2.47e-11    95s
  32   7.92210057e+01  7.92286788e+01  2.59e-16 3.33e-16  8.98e-12    97s
  33   7.92232895e+01  7.92277618e+01  7.47e-16 4.44e-16  5.24e-12    99s
  34   7.92249746e+01  7.92270897e+01  9.61e-16 3.33e-16  2.48e-12   101s
  35   7.92258569e+01  7.92267388e+01  6.49e-16 4.44e-16  1.03e-12   103s
  36   7.92261294e+01  7.92266312e+01  6.64e-16 3.33e-16  5.88e-13   106s
  37   7.92263711e+01  7.92265358e+01  3.32e-15 4.44e-16  1.93e-13   108s
  38   7.92264532e+01  7.92265034e+01  4.57e-15 4.44e-16  5.88e-14   109s
  39   7.92264840e+01  7.92264913e+01  2.64e-15 4.44e-16  8.60e-15   111s

Barrier solved model in 39 iterations and 111.01 seconds (19.29 work units)
Optimal objective 7.92264840e+01

Done! Time elapsed: 141.98604655265808 seconds.
min_result -0.06842089856961263 min_pe 3.4

Program ends Sat May 30 00:38:25 CDT 2026
Exit code: 0
Elapsed time: 24230 seconds
