Command: /project/lhansen/HMC_rep26_robust_mac/amazon-carbon-prices/.venv/bin/python pysrc/bash/shadow_price.py --id 37 --xi 0.5 --sites 1043
Working directory: /project/lhansen/HMC_rep26_robust_mac/amazon-carbon-prices
Program starts Fri May 29 17:54:49 CDT 2026

Data successfully loaded from /project/lhansen/HMC_rep26_robust_mac/amazon-carbon-prices/data/calibration
Waiting for Stan compile lock: /project/lhansen/HMC_rep26_robust_mac/amazon-carbon-prices/stan_model/adjusted.compile.lock
Using Stan model executable: /project/lhansen/HMC_rep26_robust_mac/amazon-carbon-prices/stan_model/adjusted
Optimization Iteration[1/100]

Theta: [0.19293399 0.39270684 0.39383513 ... 2.1961384  1.20930668 1.03223742]

Gamma: [605.85192903 587.02426052 531.68859839 ... 252.44623295 234.13249733
 233.63746894]

Solving the optimization problem...
Set parameter TokenServer to value "licenses.rcc.uchicago.edu"
Read LP format model from file /scratch/local/jobs/50255459/tmpjy7_7dox.pyomo.lp
Reading time = 2.20 seconds
x1: 417600 rows, 834801 columns, 2083271 nonzeros
Gurobi Optimizer version 11.0.0 build v11.0.0rc2 (linux64 - "CentOS Linux 8")

CPU model: Intel(R) Xeon(R) Gold 6248R CPU @ 3.00GHz, instruction set [SSE2|AVX|AVX2|AVX512]
Thread count: 48 physical cores, 48 logical processors, using up to 32 threads

Optimize a model with 417600 rows, 834801 columns and 2083271 nonzeros
Model fingerprint: 0x9875a1e5
Model has 400 quadratic objective terms
Coefficient statistics:
  Matrix range     [1e+00, 9e+02]
  Objective range  [1e-03, 7e+02]
  QObjective range [2e+03, 2e+05]
  Bounds range     [3e-06, 1e+00]
  RHS range        [9e-11, 4e-01]
Presolve removed 208947 rows and 209294 columns
Presolve time: 0.82s
Presolved: 208653 rows, 625507 columns, 1249571 nonzeros
Presolved model has 400 quadratic objective terms
Ordering time: 1.08s

Barrier statistics:
 AA' NZ     : 6.241e+05
 Factor NZ  : 6.773e+07 (roughly 900 MB of memory)
 Factor Ops : 2.543e+10 (less than 1 second per iteration)
 Threads    : 32

                  Objective                Residual
Iter       Primal          Dual         Primal    Dual     Compl     Time
   0  -1.42420017e+11  1.10640370e+11  1.04e+06 1.14e-13  1.00e+06     6s
   1  -6.46314172e+10  6.33668967e+10  4.43e+04 3.08e+01  4.67e+04     7s
   2  -3.05800889e+10  3.06538988e+10  4.48e+02 1.24e-01  5.43e+02     9s
   3  -1.08845679e+10  1.09727753e+10  3.21e+00 1.66e-12  2.86e+01    11s
   4  -2.40148331e+09  2.49936149e+09  2.67e-01 1.43e-12  5.95e+00    16s
   5  -5.82489773e+08  6.48644671e+08  3.65e-02 5.45e-12  1.46e+00    21s
   6  -9.63052805e+07  1.09577089e+08  2.74e-03 1.42e-12  2.41e-01    26s
   7  -1.41059636e+07  1.68771566e+07  2.74e-09 1.85e-12  3.63e-02    31s
   8  -2.06633556e+06  2.46024140e+06  2.75e-13 1.09e-12  5.30e-03    33s
   9  -3.07046887e+05  3.78219865e+05  3.94e-14 3.09e-13  8.02e-04    35s
  10  -4.58655659e+04  5.48719585e+04  2.30e-14 6.54e-14  1.18e-04    37s
  11  -7.01049666e+03  9.00367707e+03  1.12e-14 7.25e-15  1.87e-05    39s
  12  -1.22949802e+03  2.96065658e+03  7.88e-15 2.19e-15  4.91e-06    42s
  13  -1.38434627e+02  8.83181432e+02  3.80e-15 1.45e-15  1.20e-06    44s
  14   1.79108471e+02  4.86864417e+02  4.49e-16 6.66e-16  3.60e-07    47s
  15   2.86860839e+02  4.28034646e+02  4.42e-16 5.55e-16  1.65e-07    49s
  16   3.26431755e+02  3.82692851e+02  1.15e-16 5.55e-16  6.59e-08    50s
  17   3.28693841e+02  3.80702418e+02  9.41e-17 6.66e-16  6.09e-08    52s
  18   3.31994332e+02  3.77866083e+02  9.41e-17 6.66e-16  5.37e-08    54s
  19   3.35320235e+02  3.75546805e+02  9.32e-17 4.44e-16  4.71e-08    56s
  20   3.48646178e+02  3.66080250e+02  1.13e-16 5.55e-16  2.04e-08    58s
  21   3.55301500e+02  3.61434044e+02  9.58e-17 5.55e-16  7.18e-09    59s
  22   3.55675884e+02  3.61230183e+02  1.05e-16 5.55e-16  6.50e-09    61s
  23   3.57326196e+02  3.60359695e+02  1.02e-16 4.44e-16  3.55e-09    63s
  24   3.58254975e+02  3.59897859e+02  2.55e-16 5.55e-16  1.92e-09    65s
  25   3.58646627e+02  3.59712571e+02  3.29e-16 4.44e-16  1.25e-09    66s
  26   3.58954949e+02  3.59572475e+02  1.91e-16 4.44e-16  7.23e-10    68s
  27   3.59085839e+02  3.59514537e+02  1.54e-16 4.44e-16  5.02e-10    70s
  28   3.59212411e+02  3.59459282e+02  1.73e-16 4.44e-16  2.89e-10    71s
  29   3.59259068e+02  3.59439143e+02  1.80e-16 4.44e-16  2.11e-10    73s
  30   3.59318661e+02  3.59413755e+02  2.44e-16 4.44e-16  1.11e-10    75s
  31   3.59348637e+02  3.59401098e+02  3.38e-16 5.55e-16  6.14e-11    77s
  32   3.59374041e+02  3.59390576e+02  5.48e-16 7.77e-16  1.94e-11    79s
  33   3.59380928e+02  3.59387809e+02  1.56e-15 6.66e-16  8.06e-12    81s
  34   3.59383663e+02  3.59386706e+02  7.42e-15 6.66e-16  3.56e-12    83s
  35   3.59384699e+02  3.59386290e+02  4.18e-15 5.55e-16  1.86e-12    85s
  36   3.59385536e+02  3.59385954e+02  5.13e-15 5.55e-16  4.89e-13    87s
  37   3.59385709e+02  3.59385885e+02  3.41e-15 5.55e-16  2.06e-13    89s
  38   3.59385804e+02  3.59385847e+02  2.43e-15 5.55e-16  5.10e-14    90s
  39   3.59385833e+02  3.59385836e+02  2.26e-15 6.66e-16  2.84e-15    92s

Barrier solved model in 39 iterations and 92.41 seconds (17.63 work units)
Optimal objective 3.59385833e+02

Done! Time elapsed: 123.17420268058777 seconds.
Starting HMC sampling...

                                                                                                                                                                                                                                                                                                                                
Finished sampling! Elapsed Time: 1118.7986917495728 seconds

Checking sampler transitions treedepth.
77 of 16000 (0.48%) transitions hit the maximum treedepth limit of 10, or 2^10 leapfrog steps.
Trajectories that are prematurely terminated due to this limit will result in slow exploration.
For optimal performance, increase this limit.

Checking sampler transitions for divergences.
No divergent transitions found.

Checking E-BFMI - sampler transitions HMC potential energy.
E-BFMI satisfactory.

The following parameters had fewer than 0.001 effective draws per transition:
  log_precision_v_theta, sigma_v_theta
Such low values indicate that the effective sample size estimators may be biased high and actual performance may be substantially lower than quoted.

The following parameters had rank-normalized split R-hat greater than 1.01:
  nu_theta_transform[14], nu_theta_transform[34], nu_theta_transform[36], nu_theta_transform[47], nu_theta_transform[52], nu_theta_transform[59], nu_theta_transform[61], nu_theta_transform[64], nu_theta_transform[68], log_precision_u_theta, log_precision_v_theta, sigma_u_theta, sigma_v_theta, nu_theta[1], nu_theta[2], nu_theta[3], nu_theta[4], nu_theta[5], nu_theta[6], nu_theta[7], nu_theta[8], nu_theta[9], nu_theta[10], nu_theta[11], nu_theta[12], nu_theta[13], nu_theta[14], nu_theta[15], nu_theta[16], nu_theta[17], nu_theta[18], nu_theta[19], nu_theta[20], nu_theta[21], nu_theta[22], nu_theta[23], nu_theta[24], nu_theta[25], nu_theta[26], nu_theta[27], nu_theta[28], nu_theta[29], nu_theta[30], nu_theta[31], nu_theta[32], nu_theta[33], nu_theta[34], nu_theta[35], nu_theta[36], nu_theta[37], nu_theta[38], nu_theta[39], nu_theta[40], nu_theta[41], nu_theta[42], nu_theta[43], nu_theta[44], nu_theta[45], nu_theta[46], nu_theta[47], nu_theta[48], nu_theta[49], nu_theta[50], nu_theta[51], nu_theta[52], nu_theta[53], nu_theta[54], nu_theta[55], nu_theta[56], nu_theta[57], nu_theta[58], nu_theta[59], nu_theta[60], nu_theta[61], nu_theta[62], nu_theta[63], nu_theta[64], nu_theta[65], nu_theta[66], nu_theta[67], nu_theta[68], nu_theta[69], nu_theta[70], nu_theta_w[1], nu_theta_w[2], nu_theta_w[3], nu_theta_w[4], nu_theta_w[5], nu_theta_w[6], nu_theta_w[7], nu_theta_w[8], nu_theta_w[9], nu_theta_w[10], nu_theta_w[11], nu_theta_w[12], nu_theta_w[13], nu_theta_w[14], nu_theta_w[15], nu_theta_w[16], nu_theta_w[17], nu_theta_w[18], nu_theta_w[19], nu_theta_w[20], nu_theta_w[21], nu_theta_w[22], nu_theta_w[23], nu_theta_w[24], nu_theta_w[25], nu_theta_w[26], nu_theta_w[27], nu_theta_w[28], nu_theta_w[29], nu_theta_w[30], nu_theta_w[31], nu_theta_w[32], nu_theta_w[33], nu_theta_w[34], nu_theta_w[35], nu_theta_w[36], nu_theta_w[37], nu_theta_w[38], nu_theta_w[39], nu_theta_w[40], nu_theta_w[41], nu_theta_w[42], nu_theta_w[43], nu_theta_w[44], nu_theta_w[45], nu_theta_w[46], nu_theta_w[47], nu_theta_w[48], nu_theta_w[49], nu_theta_w[50], nu_theta_w[51], nu_theta_w[52], nu_theta_w[53], nu_theta_w[54], nu_theta_w[55], nu_theta_w[56], nu_theta_w[57], nu_theta_w[58], nu_theta_w[59], nu_theta_w[60], nu_theta_w[61], nu_theta_w[62], nu_theta_w[63], nu_theta_w[64], nu_theta_w[65], nu_theta_w[66], nu_theta_w[67], nu_theta_w[68], nu_theta_w[69], nu_theta_w[70], nu_theta_w[71], nu_theta_w[72], nu_theta_w[73], nu_theta_w[74], nu_theta_w[75], nu_theta_w[76], nu_theta_w[77], nu_theta_w[78], nu_theta_w[79], nu_theta_w[80], nu_theta_w[81], nu_theta_w[82], nu_theta_w[83], nu_theta_w[84], nu_theta_w[85], nu_theta_w[86], nu_theta_w[87], nu_theta_w[88], nu_theta_w[89], nu_theta_w[90], nu_theta_w[91], nu_theta_w[92], nu_theta_w[93], nu_theta_w[94], nu_theta_w[95], nu_theta_w[96], nu_theta_w[97], nu_theta_w[98], nu_theta_w[99], nu_theta_w[100], nu_theta_w[101], nu_theta_w[102], nu_theta_w[103], nu_theta_w[104], nu_theta_w[105], nu_theta_w[106], nu_theta_w[107], nu_theta_w[108], nu_theta_w[109], nu_theta_w[110], nu_theta_w[111], nu_theta_w[112], nu_theta_w[113], nu_theta_w[114], nu_theta_w[115], nu_theta_w[116], nu_theta_w[117], nu_theta_w[118], nu_theta_w[119], nu_theta_w[120], nu_theta_w[121], nu_theta_w[122], nu_theta_w[123], nu_theta_w[124], nu_theta_w[125], nu_theta_w[126], nu_theta_w[127], nu_theta_w[128], nu_theta_w[129], nu_theta_w[130], nu_theta_w[131], nu_theta_w[132], nu_theta_w[133], nu_theta_w[134], nu_theta_w[135], nu_theta_w[136], nu_theta_w[137], nu_theta_w[138], nu_theta_w[139], nu_theta_w[140], nu_theta_w[141], nu_theta_w[142], nu_theta_w[143], nu_theta_w[144], nu_theta_w[145], nu_theta_w[146], nu_theta_w[147], nu_theta_w[148], nu_theta_w[149], nu_theta_w[150], nu_theta_w[151], nu_theta_w[152], nu_theta_w[153], nu_theta_w[154], nu_theta_w[155], nu_theta_w[156], nu_theta_w[157], nu_theta_w[158], nu_theta_w[159], nu_theta_w[160], nu_theta_w[161], nu_theta_w[162], nu_theta_w[163], nu_theta_w[164], nu_theta_w[165], nu_theta_w[166], nu_theta_w[167], nu_theta_w[168], nu_theta_w[169], nu_theta_w[170], nu_theta_w[171], nu_theta_w[172], nu_theta_w[173], nu_theta_w[174], nu_theta_w[175], nu_theta_w[176], nu_theta_w[177], nu_theta_w[178], nu_theta_w[179], nu_theta_w[180], nu_theta_w[181], nu_theta_w[182], nu_theta_w[183], nu_theta_w[184], nu_theta_w[185], nu_theta_w[186], nu_theta_w[187], nu_theta_w[188], nu_theta_w[189], nu_theta_w[190], nu_theta_w[191], nu_theta_w[192], nu_theta_w[193], nu_theta_w[194], nu_theta_w[195], nu_theta_w[196], nu_theta_w[197], nu_theta_w[198], nu_theta_w[199], nu_theta_w[200], nu_theta_w[201], nu_theta_w[202], nu_theta_w[203], nu_theta_w[204], nu_theta_w[205], nu_theta_w[206], nu_theta_w[207], nu_theta_w[208], nu_theta_w[209], nu_theta_w[210], nu_theta_w[211], nu_theta_w[212], nu_theta_w[213], nu_theta_w[214], nu_theta_w[215], nu_theta_w[216], nu_theta_w[217], nu_theta_w[218], nu_theta_w[219], nu_theta_w[220], nu_theta_w[221], nu_theta_w[222], nu_theta_w[223], nu_theta_w[224], nu_theta_w[225], nu_theta_w[226], nu_theta_w[227], nu_theta_w[228], nu_theta_w[229], nu_theta_w[230], nu_theta_w[231], nu_theta_w[232], nu_theta_w[233], nu_theta_w[234], nu_theta_w[235], nu_theta_w[236], nu_theta_w[237], nu_theta_w[238], nu_theta_w[239], nu_theta_w[240], nu_theta_w[241], nu_theta_w[242], nu_theta_w[243], nu_theta_w[244], nu_theta_w[245], nu_theta_w[246], nu_theta_w[247], nu_theta_w[248], nu_theta_w[249], nu_theta_w[250], nu_theta_w[251], nu_theta_w[252], nu_theta_w[253], nu_theta_w[254], nu_theta_w[255], nu_theta_w[256], nu_theta_w[257], nu_theta_w[258], nu_theta_w[259], nu_theta_w[260], nu_theta_w[261], nu_theta_w[262], nu_theta_w[263], nu_theta_w[264], nu_theta_w[265], nu_theta_w[266], nu_theta_w[267], nu_theta_w[268], nu_theta_w[269], nu_theta_w[270], nu_theta_w[271], nu_theta_w[272], nu_theta_w[273], nu_theta_w[274], nu_theta_w[275], nu_theta_w[276], nu_theta_w[277], nu_theta_w[278], nu_theta_w[279], nu_theta_w[280], nu_theta_w[281], nu_theta_w[282], nu_theta_w[283], nu_theta_w[284], nu_theta_w[285], nu_theta_w[286], nu_theta_w[287], nu_theta_w[288], nu_theta_w[289], nu_theta_w[290], nu_theta_w[291], nu_theta_w[292], nu_theta_w[293], nu_theta_w[294], nu_theta_w[295], nu_theta_w[296], nu_theta_w[297], nu_theta_w[298], nu_theta_w[299], nu_theta_w[300], nu_theta_w[301], nu_theta_w[302], nu_theta_w[303], nu_theta_w[304], nu_theta_w[305], nu_theta_w[306], nu_theta_w[307], nu_theta_w[308], nu_theta_w[309], nu_theta_w[310], nu_theta_w[311], nu_theta_w[312], nu_theta_w[313], nu_theta_w[314], nu_theta_w[315], nu_theta_w[316], nu_theta_w[317], nu_theta_w[318], nu_theta_w[319], nu_theta_w[320], nu_theta_w[321], nu_theta_w[322], nu_theta_w[323], nu_theta_w[324], nu_theta_w[325], nu_theta_w[326], nu_theta_w[327], nu_theta_w[328], nu_theta_w[329], nu_theta_w[330], nu_theta_w[331], nu_theta_w[332], nu_theta_w[333], nu_theta_w[334], nu_theta_w[335], nu_theta_w[336], nu_theta_w[337], nu_theta_w[338], nu_theta_w[339], nu_theta_w[340], nu_theta_w[341], nu_theta_w[342], nu_theta_w[343], nu_theta_w[344], nu_theta_w[345], nu_theta_w[346], nu_theta_w[347], nu_theta_w[348], nu_theta_w[349], nu_theta_w[350], nu_theta_w[351], nu_theta_w[352], nu_theta_w[353], nu_theta_w[354], nu_theta_w[355], nu_theta_w[356], nu_theta_w[357], nu_theta_w[358], nu_theta_w[359], nu_theta_w[360], nu_theta_w[361], nu_theta_w[362], nu_theta_w[363], nu_theta_w[364], nu_theta_w[365], nu_theta_w[366], nu_theta_w[367], nu_theta_w[368], nu_theta_w[369], nu_theta_w[370], nu_theta_w[371], nu_theta_w[372], nu_theta_w[373], nu_theta_w[374], nu_theta_w[375], nu_theta_w[376], nu_theta_w[377], nu_theta_w[378], nu_theta_w[379], nu_theta_w[380], nu_theta_w[381], nu_theta_w[382], nu_theta_w[383], nu_theta_w[384], nu_theta_w[385], nu_theta_w[386], nu_theta_w[387], nu_theta_w[388], nu_theta_w[389], nu_theta_w[390], nu_theta_w[391], nu_theta_w[392], nu_theta_w[393], nu_theta_w[394], nu_theta_w[395], nu_theta_w[396], nu_theta_w[397], nu_theta_w[398], nu_theta_w[399], nu_theta_w[400], nu_theta_w[401], nu_theta_w[402], nu_theta_w[403], nu_theta_w[404], nu_theta_w[405], nu_theta_w[406], nu_theta_w[407], nu_theta_w[408], nu_theta_w[409], nu_theta_w[410], nu_theta_w[411], nu_theta_w[412], nu_theta_w[413], nu_theta_w[414], nu_theta_w[415], nu_theta_w[416], nu_theta_w[417], nu_theta_w[418], nu_theta_w[419], nu_theta_w[420], nu_theta_w[421], nu_theta_w[422], nu_theta_w[423], nu_theta_w[424], nu_theta_w[425], nu_theta_w[426], nu_theta_w[427], nu_theta_w[428], nu_theta_w[429], nu_theta_w[430], nu_theta_w[431], nu_theta_w[432], nu_theta_w[433], nu_theta_w[434], nu_theta_w[435], nu_theta_w[436], nu_theta_w[437], nu_theta_w[438], nu_theta_w[439], nu_theta_w[440], nu_theta_w[441], nu_theta_w[442], nu_theta_w[443], nu_theta_w[444], nu_theta_w[445], nu_theta_w[446], nu_theta_w[447], nu_theta_w[448], nu_theta_w[449], nu_theta_w[450], nu_theta_w[451], nu_theta_w[452], nu_theta_w[453], nu_theta_w[454], nu_theta_w[455], nu_theta_w[456], nu_theta_w[457], nu_theta_w[458], nu_theta_w[459], nu_theta_w[460], nu_theta_w[461], nu_theta_w[462], nu_theta_w[463], nu_theta_w[464], nu_theta_w[465], nu_theta_w[466], nu_theta_fit[1], nu_theta_fit[2], nu_theta_fit[3], nu_theta_fit[4], nu_theta_fit[5], nu_theta_fit[6], nu_theta_fit[7], nu_theta_fit[8], nu_theta_fit[9], nu_theta_fit[10], nu_theta_fit[11], nu_theta_fit[12], nu_theta_fit[13], nu_theta_fit[14], nu_theta_fit[15], nu_theta_fit[16], nu_theta_fit[17], nu_theta_fit[18], nu_theta_fit[19], nu_theta_fit[20], nu_theta_fit[21], nu_theta_fit[22], nu_theta_fit[23], nu_theta_fit[24], nu_theta_fit[25], nu_theta_fit[26], nu_theta_fit[27], nu_theta_fit[28], nu_theta_fit[29], nu_theta_fit[30], nu_theta_fit[31], nu_theta_fit[32], nu_theta_fit[33], nu_theta_fit[34], nu_theta_fit[35], nu_theta_fit[36], nu_theta_fit[37], nu_theta_fit[38], nu_theta_fit[39], nu_theta_fit[40], nu_theta_fit[41], nu_theta_fit[42], nu_theta_fit[43], nu_theta_fit[44], nu_theta_fit[45], nu_theta_fit[46], nu_theta_fit[47], nu_theta_fit[48], nu_theta_fit[49], nu_theta_fit[50], nu_theta_fit[51], nu_theta_fit[52], nu_theta_fit[53], nu_theta_fit[54], nu_theta_fit[55], nu_theta_fit[56], nu_theta_fit[57], nu_theta_fit[58], nu_theta_fit[59], nu_theta_fit[60], nu_theta_fit[61], nu_theta_fit[62], nu_theta_fit[63], nu_theta_fit[64], nu_theta_fit[65], nu_theta_fit[66], nu_theta_fit[67], nu_theta_fit[68], nu_theta_fit[69], nu_theta_fit[70], nu_theta_fit[71], nu_theta_fit[72], nu_theta_fit[73], nu_theta_fit[74], nu_theta_fit[75], nu_theta_fit[76], nu_theta_fit[77], nu_theta_fit[78], nu_theta_fit[79], nu_theta_fit[80], nu_theta_fit[81], nu_theta_fit[82], nu_theta_fit[83], nu_theta_fit[84], nu_theta_fit[85], nu_theta_fit[86], nu_theta_fit[87], nu_theta_fit[88], nu_theta_fit[89], nu_theta_fit[90], nu_theta_fit[91], nu_theta_fit[92], nu_theta_fit[93], nu_theta_fit[94], nu_theta_fit[95], nu_theta_fit[96], nu_theta_fit[97], nu_theta_fit[98], nu_theta_fit[99], nu_theta_fit[100], nu_theta_fit[101], nu_theta_fit[102], nu_theta_fit[103], nu_theta_fit[104], nu_theta_fit[105], nu_theta_fit[106], nu_theta_fit[107], nu_theta_fit[108], nu_theta_fit[109], nu_theta_fit[110], nu_theta_fit[111], nu_theta_fit[112], nu_theta_fit[113], nu_theta_fit[114], nu_theta_fit[115], nu_theta_fit[116], nu_theta_fit[117], nu_theta_fit[118], nu_theta_fit[119], nu_theta_fit[120], nu_theta_fit[121], nu_theta_fit[122], nu_theta_fit[123], nu_theta_fit[124], nu_theta_fit[125], nu_theta_fit[126], nu_theta_fit[127], nu_theta_fit[128], nu_theta_fit[129], nu_theta_fit[130], nu_theta_fit[131], nu_theta_fit[132], nu_theta_fit[133], nu_theta_fit[134], nu_theta_fit[135], nu_theta_fit[136], nu_theta_fit[137], nu_theta_fit[138], nu_theta_fit[139], nu_theta_fit[140], nu_theta_fit[141], nu_theta_fit[142], nu_theta_fit[143], nu_theta_fit[144], nu_theta_fit[145], nu_theta_fit[146], nu_theta_fit[147], nu_theta_fit[148], nu_theta_fit[149], nu_theta_fit[150], nu_theta_fit[151], nu_theta_fit[152], nu_theta_fit[153], nu_theta_fit[154], nu_theta_fit[155], nu_theta_fit[156], nu_theta_fit[157], nu_theta_fit[158], nu_theta_fit[159], nu_theta_fit[160], nu_theta_fit[161], nu_theta_fit[162], nu_theta_fit[163], nu_theta_fit[164], nu_theta_fit[165], nu_theta_fit[166], nu_theta_fit[167], nu_theta_fit[168], nu_theta_fit[169], nu_theta_fit[170], nu_theta_fit[171], nu_theta_fit[172], nu_theta_fit[173], nu_theta_fit[174], nu_theta_fit[175], nu_theta_fit[176], nu_theta_fit[177], nu_theta_fit[178], nu_theta_fit[179], nu_theta_fit[180], nu_theta_fit[181], nu_theta_fit[182], nu_theta_fit[183], nu_theta_fit[184], nu_theta_fit[185], nu_theta_fit[186], nu_theta_fit[187], nu_theta_fit[188], nu_theta_fit[189], nu_theta_fit[190], nu_theta_fit[191], nu_theta_fit[192], nu_theta_fit[193], nu_theta_fit[194], nu_theta_fit[195], nu_theta_fit[196], nu_theta_fit[197], nu_theta_fit[198], nu_theta_fit[199], nu_theta_fit[200], nu_theta_fit[201], nu_theta_fit[202], nu_theta_fit[203], nu_theta_fit[204], nu_theta_fit[205], nu_theta_fit[206], nu_theta_fit[207], nu_theta_fit[208], nu_theta_fit[209], nu_theta_fit[210], nu_theta_fit[211], nu_theta_fit[212], nu_theta_fit[213], nu_theta_fit[214], nu_theta_fit[215], nu_theta_fit[216], nu_theta_fit[217], nu_theta_fit[218], nu_theta_fit[219], nu_theta_fit[220], nu_theta_fit[221], nu_theta_fit[222], nu_theta_fit[223], nu_theta_fit[224], nu_theta_fit[225], nu_theta_fit[226], nu_theta_fit[227], nu_theta_fit[228], nu_theta_fit[229], nu_theta_fit[230], nu_theta_fit[231], nu_theta_fit[232], nu_theta_fit[233], nu_theta_fit[234], nu_theta_fit[235], nu_theta_fit[236], nu_theta_fit[237], nu_theta_fit[238], nu_theta_fit[239], nu_theta_fit[240], nu_theta_fit[241], nu_theta_fit[242], nu_theta_fit[243], nu_theta_fit[244], nu_theta_fit[245], nu_theta_fit[246], nu_theta_fit[247], nu_theta_fit[248], nu_theta_fit[249], nu_theta_fit[250], nu_theta_fit[251], nu_theta_fit[252], nu_theta_fit[253], nu_theta_fit[254], nu_theta_fit[255], nu_theta_fit[256], nu_theta_fit[257], nu_theta_fit[258], nu_theta_fit[259], nu_theta_fit[260], nu_theta_fit[261], nu_theta_fit[262], nu_theta_fit[263], nu_theta_fit[264], nu_theta_fit[265], nu_theta_fit[266], nu_theta_fit[267], nu_theta_fit[268], nu_theta_fit[269], nu_theta_fit[270], nu_theta_fit[271], nu_theta_fit[272], nu_theta_fit[273], nu_theta_fit[274], nu_theta_fit[275], nu_theta_fit[276], nu_theta_fit[277], nu_theta_fit[278], nu_theta_fit[279], nu_theta_fit[280], nu_theta_fit[281], nu_theta_fit[282], nu_theta_fit[283], nu_theta_fit[284], nu_theta_fit[285], nu_theta_fit[286], nu_theta_fit[287], nu_theta_fit[288], nu_theta_fit[289], nu_theta_fit[290], nu_theta_fit[291], nu_theta_fit[292], nu_theta_fit[293], nu_theta_fit[294], nu_theta_fit[295], nu_theta_fit[296], nu_theta_fit[297], nu_theta_fit[298], nu_theta_fit[299], nu_theta_fit[300], nu_theta_fit[301], nu_theta_fit[302], nu_theta_fit[303], nu_theta_fit[304], nu_theta_fit[305], nu_theta_fit[306], nu_theta_fit[307], nu_theta_fit[308], nu_theta_fit[309], nu_theta_fit[310], nu_theta_fit[311], nu_theta_fit[312], nu_theta_fit[313], nu_theta_fit[314], nu_theta_fit[315], nu_theta_fit[316], nu_theta_fit[317], nu_theta_fit[318], nu_theta_fit[319], nu_theta_fit[320], nu_theta_fit[321], nu_theta_fit[322], nu_theta_fit[323], nu_theta_fit[324], nu_theta_fit[325], nu_theta_fit[326], nu_theta_fit[327], nu_theta_fit[328], nu_theta_fit[329], nu_theta_fit[330], nu_theta_fit[331], nu_theta_fit[332], nu_theta_fit[333], nu_theta_fit[334], nu_theta_fit[335], nu_theta_fit[336], nu_theta_fit[337], nu_theta_fit[338], nu_theta_fit[339], nu_theta_fit[340], nu_theta_fit[341], nu_theta_fit[342], nu_theta_fit[343], nu_theta_fit[344], nu_theta_fit[345], nu_theta_fit[346], nu_theta_fit[347], nu_theta_fit[348], nu_theta_fit[349], nu_theta_fit[350], nu_theta_fit[351], nu_theta_fit[352], nu_theta_fit[353], nu_theta_fit[354], nu_theta_fit[355], nu_theta_fit[356], nu_theta_fit[357], nu_theta_fit[358], nu_theta_fit[359], nu_theta_fit[360], nu_theta_fit[361], nu_theta_fit[362], nu_theta_fit[363], nu_theta_fit[364], nu_theta_fit[365], nu_theta_fit[366], nu_theta_fit[367], nu_theta_fit[368], nu_theta_fit[369], nu_theta_fit[370], nu_theta_fit[371], nu_theta_fit[372], nu_theta_fit[373], nu_theta_fit[374], nu_theta_fit[375], nu_theta_fit[376], nu_theta_fit[377], nu_theta_fit[378], nu_theta_fit[379], nu_theta_fit[380], nu_theta_fit[381], nu_theta_fit[382], nu_theta_fit[383], nu_theta_fit[384], nu_theta_fit[385], nu_theta_fit[386], nu_theta_fit[387], nu_theta_fit[388], nu_theta_fit[389], nu_theta_fit[390], nu_theta_fit[391], nu_theta_fit[392], nu_theta_fit[393], nu_theta_fit[394], nu_theta_fit[395], nu_theta_fit[396], nu_theta_fit[397], nu_theta_fit[398], nu_theta_fit[399], nu_theta_fit[400], nu_theta_fit[401], nu_theta_fit[402], nu_theta_fit[403], nu_theta_fit[404], nu_theta_fit[405], nu_theta_fit[406], nu_theta_fit[407], nu_theta_fit[408], nu_theta_fit[409], nu_theta_fit[410], nu_theta_fit[411], nu_theta_fit[412], nu_theta_fit[413], nu_theta_fit[414], nu_theta_fit[415], nu_theta_fit[416], nu_theta_fit[417], nu_theta_fit[418], nu_theta_fit[419], nu_theta_fit[420], nu_theta_fit[421], nu_theta_fit[422], nu_theta_fit[423], nu_theta_fit[424], nu_theta_fit[425], nu_theta_fit[426], nu_theta_fit[427], nu_theta_fit[428], nu_theta_fit[429], nu_theta_fit[430], nu_theta_fit[431], nu_theta_fit[432], nu_theta_fit[433], nu_theta_fit[434], nu_theta_fit[435], nu_theta_fit[436], nu_theta_fit[437], nu_theta_fit[438], nu_theta_fit[439], nu_theta_fit[440], nu_theta_fit[441], nu_theta_fit[442], nu_theta_fit[443], nu_theta_fit[444], nu_theta_fit[445], nu_theta_fit[446], nu_theta_fit[447], nu_theta_fit[448], nu_theta_fit[449], nu_theta_fit[450], nu_theta_fit[451], nu_theta_fit[452], nu_theta_fit[453], nu_theta_fit[454], nu_theta_fit[455], nu_theta_fit[456], nu_theta_fit[457], nu_theta_fit[458], nu_theta_fit[459], nu_theta_fit[460], nu_theta_fit[461], nu_theta_fit[462], nu_theta_fit[463], nu_theta_fit[464], nu_theta_fit[465], nu_theta_fit[466], nu_theta_fit[467], nu_theta_fit[468], nu_theta_fit[469], nu_theta_fit[470], nu_theta_fit[471], nu_theta_fit[472], nu_theta_fit[473], nu_theta_fit[474], nu_theta_fit[475], nu_theta_fit[476], nu_theta_fit[477], nu_theta_fit[478], nu_theta_fit[479], nu_theta_fit[480], nu_theta_fit[481], nu_theta_fit[482], nu_theta_fit[483], nu_theta_fit[484], nu_theta_fit[485], nu_theta_fit[486], nu_theta_fit[487], nu_theta_fit[488], nu_theta_fit[489], nu_theta_fit[490], nu_theta_fit[491], nu_theta_fit[492], nu_theta_fit[493], nu_theta_fit[494], nu_theta_fit[495], nu_theta_fit[496], nu_theta_fit[497], nu_theta_fit[498], nu_theta_fit[499], nu_theta_fit[500], nu_theta_fit[501], nu_theta_fit[502], nu_theta_fit[503], nu_theta_fit[504], nu_theta_fit[505], nu_theta_fit[506], nu_theta_fit[507], nu_theta_fit[508], nu_theta_fit[509], nu_theta_fit[510], nu_theta_fit[511], nu_theta_fit[512], nu_theta_fit[513], nu_theta_fit[514], nu_theta_fit[515], nu_theta_fit[516], nu_theta_fit[517], nu_theta_fit[518], nu_theta_fit[519], nu_theta_fit[520], nu_theta_fit[521], nu_theta_fit[522], nu_theta_fit[523], nu_theta_fit[524], nu_theta_fit[525], nu_theta_fit[526], nu_theta_fit[527], nu_theta_fit[528], nu_theta_fit[529], nu_theta_fit[530], nu_theta_fit[531], nu_theta_fit[532], nu_theta_fit[533], nu_theta_fit[534], nu_theta_fit[535], nu_theta_fit[536], nu_theta_fit[537], nu_theta_fit[538], nu_theta_fit[539], nu_theta_fit[540], exp_log_theta[2], exp_log_theta[5], exp_log_theta[7], exp_log_theta[11], exp_log_theta[12], exp_log_theta[13], exp_log_theta[14], exp_log_theta[15], exp_log_theta[16], exp_log_theta[18], exp_log_theta[19], exp_log_theta[20], exp_log_theta[21], exp_log_theta[25], exp_log_theta[29], exp_log_theta[30], exp_log_theta[31], exp_log_theta[32], exp_log_theta[33], exp_log_theta[34], exp_log_theta[35], exp_log_theta[36], exp_log_theta[37], exp_log_theta[38], exp_log_theta[39], exp_log_theta[41], exp_log_theta[42], exp_log_theta[43], exp_log_theta[44], exp_log_theta[45], exp_log_theta[48], exp_log_theta[49], exp_log_theta[50], exp_log_theta[51], exp_log_theta[52], exp_log_theta[53], exp_log_theta[58], exp_log_theta[61], exp_log_theta[62], exp_log_theta[64], exp_log_theta[66], exp_log_theta[68], exp_log_theta[70], exp_log_theta[87], exp_log_theta[90], exp_log_theta[109], exp_log_theta[121], exp_log_theta[131], exp_log_theta[152], exp_log_theta[155], exp_log_theta[158], exp_log_theta[161], exp_log_theta[162], exp_log_theta[165], exp_log_theta[172], exp_log_theta[176], exp_log_theta[182], exp_log_theta[183], exp_log_theta[192], exp_log_theta[197], exp_log_theta[199], exp_log_theta[209], exp_log_theta[211], exp_log_theta[213], exp_log_theta[216], exp_log_theta[227], exp_log_theta[230], exp_log_theta[232], exp_log_theta[236], exp_log_theta[237], exp_log_theta[239], exp_log_theta[242], exp_log_theta[245], exp_log_theta[246], exp_log_theta[251], exp_log_theta[253], exp_log_theta[260], exp_log_theta[267], exp_log_theta[271], exp_log_theta[274], exp_log_theta[277], exp_log_theta[283], exp_log_theta[287], exp_log_theta[288], exp_log_theta[291], exp_log_theta[292], exp_log_theta[293], exp_log_theta[309], exp_log_theta[310], exp_log_theta[311], exp_log_theta[312], exp_log_theta[313], exp_log_theta[314], exp_log_theta[315], exp_log_theta[322], exp_log_theta[335], exp_log_theta[340], exp_log_theta[341], exp_log_theta[342], exp_log_theta[344], exp_log_theta[345], exp_log_theta[347], exp_log_theta[348], exp_log_theta[357], exp_log_theta[358], exp_log_theta[367], exp_log_theta[368], exp_log_theta[381], exp_log_theta[393], exp_log_theta[413], exp_log_theta[419], exp_log_theta[423], exp_log_theta[454], exp_log_theta[457], exp_log_theta[458], exp_log_theta[459], exp_log_theta[463], exp_log_theta[472], exp_log_theta[473], exp_log_theta[475], exp_log_theta[476], exp_log_theta[482], exp_log_theta[483], exp_log_theta[484], exp_log_theta[485], exp_log_theta[486], exp_log_theta[487], exp_log_theta[488], exp_log_theta[489], exp_log_theta[494], exp_log_theta[495], exp_log_theta[496], exp_log_theta[497], exp_log_theta[500], exp_log_theta[501], exp_log_theta[505], exp_log_theta[507], exp_log_theta[509], exp_log_theta[510], exp_log_theta[515], exp_log_theta[516], exp_log_theta[517], exp_log_theta[519], exp_log_theta[520], exp_log_theta[521], exp_log_theta[523], exp_log_theta[524], exp_log_theta[526], exp_log_theta[528], exp_log_theta[529], exp_log_theta[533], exp_log_theta[534], exp_log_theta[535], exp_log_theta[537], exp_log_theta[540], theta[329], theta[330], theta[331], theta[332], theta[333], theta[334], theta[374], theta[375], theta[376], theta[383], theta[418], theta[419], theta[420], theta[421], theta[461], theta[464], theta[465], theta[466], theta[467], theta[506], theta[507], theta[508], theta[509], theta[511], theta[512], theta[513], theta[514], theta[515], theta[537], theta[538], theta[539], theta[552], theta[553], theta[554], theta[555], theta[559], theta[560], theta[561], theta[562], theta[563], theta[567], theta[578], theta[579], theta[580], theta[581], theta[582], theta[583], theta[584], theta[585], theta[598], theta[599], theta[600], theta[604], theta[605], theta[606], theta[607], theta[608], theta[609], theta[622], theta[623], theta[624], theta[625], theta[626], theta[627], theta[641], theta[642], theta[643], theta[648], theta[649], theta[650], theta[651], theta[652], theta[661], theta[662], theta[663], theta[664], theta[665], theta[666], theta[667], theta[668], theta[669], theta[670], theta[684], theta[685], theta[686], theta[691], theta[692], theta[693], theta[694], theta[695], theta[696], theta[697], theta[698], theta[703], theta[704], theta[705], theta[706], theta[707], theta[708], theta[709], theta[710], theta[711], theta[712], theta[713], theta[728], theta[729], theta[735], theta[736], theta[738], theta[739], theta[740], theta[745], theta[746], theta[747], theta[748], theta[749], theta[750], theta[751], theta[752], theta[753], theta[754], theta[769], theta[770], theta[771], theta[776], theta[780], theta[781], theta[782], theta[787], theta[788], theta[789], theta[790], theta[791], theta[792], theta[793], theta[794], theta[796], theta[797], theta[798], theta[799], theta[811], theta[812], theta[817], theta[818], theta[820], theta[821], theta[830], theta[831], theta[836], theta[837], theta[838], theta[839], theta[846], theta[847], theta[848], theta[849], theta[850], theta[851], theta[867], theta[871], theta[872], theta[873], theta[874], theta[881], theta[882], theta[883], theta[884], theta[885], theta[886], theta[887], theta[888], theta[889], theta[902], theta[903], theta[904], theta[905], theta[913], theta[914], theta[915], theta[916], theta[917], theta[918], theta[919], theta[920], theta[928], theta[929], theta[930], theta[932], theta[939], theta[940], theta[941], theta[942], theta[943], theta[944], theta[945], theta[953], theta[954], theta[955], theta[956], theta[963], theta[964], theta[965], theta[966], theta[967], theta[968], theta[969], theta[977], theta[978], theta[979], theta[985], theta[986], theta[989], theta[990], theta[991], theta[995], theta[996], theta[997], theta[998], theta[1003], theta[1004], theta[1007], theta[1008], theta[1009], theta[1019], theta[1020], theta[1021], theta[1026], theta[1027], theta[1028], theta[1029], theta[1030], theta[1033], theta[1034], theta[1035], theta[1036], theta[1039], theta[1040]
Such high values indicate incomplete mixing and biased estimation.
You should consider regularizing your model with additional prior information or a more effective parameterization.

Processing complete.

Parameters from last iteration: [1.92933991e-01 3.92706841e-01 3.93835127e-01 ... 2.52446233e+02
 2.34132497e+02 2.33637469e+02]

Parameters from current iteration:
            [  0.46138174   0.49514524   0.49533593 ... 253.08162491 234.483198
 233.89145816]

Updated uncertain values: [  0.26004593   0.41831644   0.41921033 ... 252.60508094 234.2201725
 233.70096625]


            Iteration [   1]: Absolute Error = 3.2307442170312015,
            Percentage Error = 0.46039027446514974
            
Optimization Iteration[2/100]

Theta: [0.26004593 0.41831644 0.41921033 ... 1.90243387 1.18240589 1.05316009]

Gamma: [606.29629964 587.46677615 532.03870415 ... 252.60508094 234.2201725
 233.70096625]

Solving the optimization problem...
Set parameter TokenServer to value "licenses.rcc.uchicago.edu"
Read LP format model from file /scratch/local/jobs/50255459/tmp_h3pvvmb.pyomo.lp
Reading time = 2.16 seconds
x1: 417600 rows, 834801 columns, 2083271 nonzeros
Gurobi Optimizer version 11.0.0 build v11.0.0rc2 (linux64 - "CentOS Linux 8")

CPU model: Intel(R) Xeon(R) Gold 6248R CPU @ 3.00GHz, instruction set [SSE2|AVX|AVX2|AVX512]
Thread count: 48 physical cores, 48 logical processors, using up to 32 threads

Optimize a model with 417600 rows, 834801 columns and 2083271 nonzeros
Model fingerprint: 0x1654a263
Model has 400 quadratic objective terms
Coefficient statistics:
  Matrix range     [1e+00, 9e+02]
  Objective range  [1e-04, 7e+02]
  QObjective range [2e+03, 2e+05]
  Bounds range     [3e-06, 1e+00]
  RHS range        [9e-11, 4e-01]
Presolve removed 208947 rows and 209294 columns
Presolve time: 0.81s
Presolved: 208653 rows, 625507 columns, 1249571 nonzeros
Presolved model has 400 quadratic objective terms
Ordering time: 1.42s

Barrier statistics:
 AA' NZ     : 6.241e+05
 Factor NZ  : 6.773e+07 (roughly 900 MB of memory)
 Factor Ops : 2.543e+10 (less than 1 second per iteration)
 Threads    : 32

                  Objective                Residual
Iter       Primal          Dual         Primal    Dual     Compl     Time
   0  -1.42915094e+11  1.10640370e+11  1.04e+06 1.13e-13  1.00e+06     5s
   1  -6.46523516e+10  6.33668841e+10  4.43e+04 3.08e+01  4.67e+04     7s
   2  -3.05802968e+10  3.06538929e+10  4.48e+02 1.24e-01  5.43e+02     9s
   3  -1.08845683e+10  1.09727729e+10  3.21e+00 1.55e-12  2.86e+01    11s
   4  -2.40148386e+09  2.49936121e+09  2.67e-01 1.25e-12  5.95e+00    16s
   5  -5.82489514e+08  6.48643932e+08  3.65e-02 4.89e-12  1.46e+00    21s
   6  -9.63052230e+07  1.09576714e+08  2.74e-03 1.45e-12  2.41e-01    25s
   7  -1.41060414e+07  1.68770098e+07  2.74e-09 1.12e-12  3.63e-02    30s
   8  -2.06642869e+06  2.46016247e+06  2.70e-13 9.82e-13  5.30e-03    33s
   9  -3.07129407e+05  3.78104157e+05  3.83e-14 4.81e-13  8.02e-04    35s
  10  -4.59453047e+04  5.47721320e+04  2.09e-14 5.69e-14  1.18e-04    37s
  11  -7.04980601e+03  8.65610609e+03  1.08e-14 8.16e-15  1.84e-05    39s
  12  -1.64586919e+03  2.00215850e+03  1.15e-14 2.69e-15  4.27e-06    42s
  13  -2.69340339e+02  9.56301540e+02  1.62e-15 6.66e-16  1.43e-06    44s
  14   8.38598830e+01  4.61764029e+02  6.32e-16 6.66e-16  4.42e-07    45s
  15   1.78771440e+02  3.41850995e+02  2.24e-16 5.55e-16  1.91e-07    47s
  16   2.31697018e+02  2.84712293e+02  1.08e-16 4.44e-16  6.21e-08    49s
  17   2.44492871e+02  2.72392036e+02  1.82e-16 4.44e-16  3.27e-08    51s
  18   2.51949631e+02  2.66650854e+02  1.15e-16 4.44e-16  1.72e-08    53s
  19   2.56237766e+02  2.63760730e+02  6.57e-17 4.44e-16  8.81e-09    55s
  20   2.58454928e+02  2.62438700e+02  6.98e-17 4.44e-16  4.66e-09    57s
  21   2.59621048e+02  2.61798222e+02  7.68e-17 4.44e-16  2.55e-09    59s
  22   2.60104362e+02  2.61550743e+02  6.40e-17 4.44e-16  1.69e-09    61s
  23   2.60634519e+02  2.61290839e+02  8.72e-17 4.44e-16  7.68e-10    63s
  24   2.60792430e+02  2.61218436e+02  8.76e-17 4.44e-16  4.99e-10    65s
  25   2.60924910e+02  2.61159456e+02  2.45e-16 4.44e-16  2.75e-10    67s
  26   2.60984632e+02  2.61133551e+02  2.68e-16 4.44e-16  1.74e-10    68s
  27   2.61036398e+02  2.61111474e+02  5.15e-16 4.44e-16  8.79e-11    70s
  28   2.61056767e+02  2.61102899e+02  6.85e-16 4.44e-16  5.40e-11    72s
  29   2.61080666e+02  2.61093018e+02  1.11e-15 5.55e-16  1.45e-11    74s
  30   2.61085068e+02  2.61091236e+02  9.14e-16 4.44e-16  7.22e-12    76s
  31   2.61087565e+02  2.61090229e+02  6.02e-15 4.44e-16  3.12e-12    78s
  32   2.61088650e+02  2.61089795e+02  1.30e-14 4.44e-16  1.34e-12    80s
  33   2.61089224e+02  2.61089565e+02  8.24e-15 4.44e-16  4.00e-13    82s
  34   2.61089394e+02  2.61089498e+02  6.72e-15 5.55e-16  1.22e-13    84s
  35   2.61089464e+02  2.61089470e+02  6.67e-15 6.66e-16  6.81e-15    86s

Barrier solved model in 35 iterations and 86.01 seconds (15.97 work units)
Optimal objective 2.61089464e+02

Done! Time elapsed: 119.95945382118225 seconds.
Starting HMC sampling...

                                                                                                                                                                                                                                                                                                                                
Finished sampling! Elapsed Time: 916.4370620250702 seconds

Checking sampler transitions treedepth.
137 of 16000 (0.86%) transitions hit the maximum treedepth limit of 10, or 2^10 leapfrog steps.
Trajectories that are prematurely terminated due to this limit will result in slow exploration.
For optimal performance, increase this limit.

Checking sampler transitions for divergences.
38 of 16000 (0.24%) transitions ended with a divergence.
These divergent transitions indicate that HMC is not fully able to explore the posterior distribution.
Try increasing adapt delta closer to 1.
If this doesn't remove all divergences, try to reparameterize the model.

Checking E-BFMI - sampler transitions HMC potential energy.
E-BFMI satisfactory.

The following parameters had fewer than 0.001 effective draws per transition:
  log_precision_v_theta
Such low values indicate that the effective sample size estimators may be biased high and actual performance may be substantially lower than quoted.

The following parameters had rank-normalized split R-hat greater than 1.01:
  log_precision_v_theta
Such high values indicate incomplete mixing and biased estimation.
You should consider regularizing your model with additional prior information or a more effective parameterization.

Processing complete.

Parameters from last iteration: [  0.26004593   0.41831644   0.41921033 ... 252.60508094 234.2201725
 233.70096625]

Parameters from current iteration:
            [  0.44642944   0.43703757   0.43698452 ... 252.89528847 234.38605549
 233.85715605]

Updated uncertain values: [  0.30664181   0.42299672   0.42365388 ... 252.67763283 234.26164324
 233.7400137 ]


            Iteration [   2]: Absolute Error = 1.9485579574218264,
            Percentage Error = 0.26187022076816663
            
Optimization Iteration[3/100]

Theta: [0.30664181 0.42299672 0.42365388 ... 1.68875884 1.18123624 1.09041655]

Gamma: [606.56316204 587.71205756 532.20877353 ... 252.67763283 234.26164324
 233.7400137 ]

Solving the optimization problem...
Set parameter TokenServer to value "licenses.rcc.uchicago.edu"
Read LP format model from file /scratch/local/jobs/50255459/tmpitddk50s.pyomo.lp
Reading time = 2.17 seconds
x1: 417600 rows, 834801 columns, 2083271 nonzeros
Gurobi Optimizer version 11.0.0 build v11.0.0rc2 (linux64 - "CentOS Linux 8")

CPU model: Intel(R) Xeon(R) Gold 6248R CPU @ 3.00GHz, instruction set [SSE2|AVX|AVX2|AVX512]
Thread count: 48 physical cores, 48 logical processors, using up to 32 threads

Optimize a model with 417600 rows, 834801 columns and 2083271 nonzeros
Model fingerprint: 0x7236ddac
Model has 400 quadratic objective terms
Coefficient statistics:
  Matrix range     [1e+00, 9e+02]
  Objective range  [3e-04, 7e+02]
  QObjective range [2e+03, 2e+05]
  Bounds range     [3e-06, 1e+00]
  RHS range        [9e-11, 4e-01]
Presolve removed 208947 rows and 209294 columns
Presolve time: 0.81s
Presolved: 208653 rows, 625507 columns, 1249571 nonzeros
Presolved model has 400 quadratic objective terms
Ordering time: 1.19s

Barrier statistics:
 AA' NZ     : 6.241e+05
 Factor NZ  : 6.773e+07 (roughly 900 MB of memory)
 Factor Ops : 2.543e+10 (less than 1 second per iteration)
 Threads    : 32

                  Objective                Residual
Iter       Primal          Dual         Primal    Dual     Compl     Time
   0  -1.43223413e+11  1.10640369e+11  1.04e+06 1.13e-13  1.00e+06     6s
   1  -6.46653923e+10  6.33668794e+10  4.43e+04 3.08e+01  4.67e+04     7s
   2  -3.05804274e+10  3.06538907e+10  4.48e+02 1.24e-01  5.43e+02     9s
   3  -1.08845688e+10  1.09727720e+10  3.21e+00 1.61e-12  2.86e+01    12s
   4  -2.40148437e+09  2.49936132e+09  2.67e-01 1.25e-12  5.95e+00    16s
   5  -5.82489356e+08  6.48643540e+08  3.65e-02 2.83e-12  1.46e+00    21s
   6  -9.63051816e+07  1.09576500e+08  2.74e-03 1.42e-12  2.41e-01    26s
   7  -1.41060849e+07  1.68769089e+07  2.74e-09 1.50e-12  3.63e-02    31s
   8  -2.06648634e+06  2.46011596e+06  2.71e-13 1.10e-12  5.30e-03    33s
   9  -3.07179167e+05  3.78018122e+05  4.88e-14 3.05e-13  8.02e-04    35s
  10  -4.59943495e+04  5.47041215e+04  1.98e-14 5.97e-14  1.18e-04    37s
  11  -7.07559650e+03  8.45669356e+03  1.24e-14 6.89e-15  1.82e-05    39s
  12  -1.69682303e+03  1.93879471e+03  1.35e-14 1.61e-15  4.26e-06    42s
  13  -3.76924829e+02  9.25747247e+02  9.11e-16 6.66e-16  1.53e-06    44s
  14   2.57150328e+01  4.13905947e+02  6.43e-16 4.44e-16  4.54e-07    47s
  15   1.24681691e+02  2.76299492e+02  2.52e-16 4.44e-16  1.78e-07    49s
  16   1.74344530e+02  2.20377923e+02  2.32e-16 4.44e-16  5.39e-08    52s
  17   1.86800853e+02  2.11727566e+02  7.87e-17 4.44e-16  2.92e-08    53s
  18   1.94753944e+02  2.06652083e+02  2.14e-16 4.44e-16  1.39e-08    55s
  19   1.96977484e+02  2.05406392e+02  1.55e-16 4.44e-16  9.87e-09    57s
  20   1.99878421e+02  2.03850596e+02  1.28e-16 4.44e-16  4.65e-09    59s
  21   2.00839710e+02  2.03380641e+02  6.46e-17 4.44e-16  2.97e-09    60s
  22   2.01323586e+02  2.03151047e+02  4.84e-17 5.55e-16  2.14e-09    62s
  23   2.01629294e+02  2.03008611e+02  6.57e-17 4.44e-16  1.61e-09    64s
  24   2.01927425e+02  2.02871615e+02  9.04e-17 4.44e-16  1.11e-09    66s
  25   2.02170359e+02  2.02762651e+02  1.32e-16 4.44e-16  6.93e-10    67s
  26   2.02314455e+02  2.02699044e+02  1.06e-16 4.44e-16  4.50e-10    69s
  27   2.02436633e+02  2.02646170e+02  2.41e-16 4.44e-16  2.45e-10    71s
  28   2.02499084e+02  2.02619720e+02  1.12e-16 4.44e-16  1.41e-10    73s
  29   2.02537514e+02  2.02603843e+02  2.13e-16 4.44e-16  7.77e-11    75s
  30   2.02570358e+02  2.02590309e+02  5.03e-16 6.66e-16  2.34e-11    77s
  31   2.02576258e+02  2.02587919e+02  5.59e-16 4.44e-16  1.37e-11    78s
  32   2.02579969e+02  2.02586422e+02  1.42e-15 4.44e-16  7.56e-12    80s
  33   2.02582098e+02  2.02585564e+02  2.04e-15 6.66e-16  4.06e-12    83s
  34   2.02584108e+02  2.02584764e+02  9.96e-15 6.66e-16  7.69e-13    85s
  35   2.02584173e+02  2.02584738e+02  7.65e-15 5.55e-16  6.62e-13    86s
  36   2.02584352e+02  2.02584667e+02  3.79e-15 4.44e-16  3.69e-13    88s
  37   2.02584510e+02  2.02584605e+02  7.75e-15 5.55e-16  1.11e-13    90s
  38   2.02584566e+02  2.02584582e+02  5.40e-15 5.55e-16  1.85e-14    92s
  39   2.02584576e+02  2.02584579e+02  3.00e-15 4.44e-16  3.33e-15    94s

Barrier solved model in 39 iterations and 93.70 seconds (17.62 work units)
Optimal objective 2.02584576e+02

Done! Time elapsed: 125.01984214782715 seconds.
Starting HMC sampling...

                                                                                                                                                                                                                                                                                                                                
Finished sampling! Elapsed Time: 831.0231897830963 seconds

Checking sampler transitions treedepth.
46 of 16000 (0.29%) transitions hit the maximum treedepth limit of 10, or 2^10 leapfrog steps.
Trajectories that are prematurely terminated due to this limit will result in slow exploration.
For optimal performance, increase this limit.

Checking sampler transitions for divergences.
149 of 16000 (0.93%) transitions ended with a divergence.
These divergent transitions indicate that HMC is not fully able to explore the posterior distribution.
Try increasing adapt delta closer to 1.
If this doesn't remove all divergences, try to reparameterize the model.

Checking E-BFMI - sampler transitions HMC potential energy.
E-BFMI satisfactory.

The following parameters had fewer than 0.001 effective draws per transition:
  log_precision_v_theta
Such low values indicate that the effective sample size estimators may be biased high and actual performance may be substantially lower than quoted.

The following parameters had rank-normalized split R-hat greater than 1.01:
  log_precision_v_theta
Such high values indicate incomplete mixing and biased estimation.
You should consider regularizing your model with additional prior information or a more effective parameterization.

Processing complete.

Parameters from last iteration: [  0.30664181   0.42299672   0.42365388 ... 252.67763283 234.26164324
 233.7400137 ]

Parameters from current iteration:
            [  0.4091005    0.40794577   0.40793924 ... 253.07320757 234.55702848
 234.00182855]

Updated uncertain values: [  0.33225648   0.41923398   0.41972522 ... 252.77652651 234.33548955
 233.80546741]


            Iteration [   3]: Absolute Error = 1.1763693936914024,
            Percentage Error = 0.18754640445833196
            
Optimization Iteration[4/100]

Theta: [0.33225648 0.41923398 0.41972522 ... 1.5433182  1.18639695 1.12285481]

Gamma: [606.67614435 587.82172373 532.29494854 ... 252.77652651 234.33548955
 233.80546741]

Solving the optimization problem...
Set parameter TokenServer to value "licenses.rcc.uchicago.edu"
Read LP format model from file /scratch/local/jobs/50255459/tmpp75fgaea.pyomo.lp
Reading time = 2.18 seconds
x1: 417600 rows, 834801 columns, 2083271 nonzeros
Gurobi Optimizer version 11.0.0 build v11.0.0rc2 (linux64 - "CentOS Linux 8")

CPU model: Intel(R) Xeon(R) Gold 6248R CPU @ 3.00GHz, instruction set [SSE2|AVX|AVX2|AVX512]
Thread count: 48 physical cores, 48 logical processors, using up to 32 threads

Optimize a model with 417600 rows, 834801 columns and 2083271 nonzeros
Model fingerprint: 0x0827114e
Model has 400 quadratic objective terms
Coefficient statistics:
  Matrix range     [1e+00, 9e+02]
  Objective range  [1e-03, 7e+02]
  QObjective range [2e+03, 2e+05]
  Bounds range     [3e-06, 1e+00]
  RHS range        [9e-11, 4e-01]
Presolve removed 208947 rows and 209294 columns
Presolve time: 0.82s
Presolved: 208653 rows, 625507 columns, 1249571 nonzeros
Presolved model has 400 quadratic objective terms
Ordering time: 1.14s

Barrier statistics:
 AA' NZ     : 6.241e+05
 Factor NZ  : 6.773e+07 (roughly 900 MB of memory)
 Factor Ops : 2.543e+10 (less than 1 second per iteration)
 Threads    : 32

                  Objective                Residual
Iter       Primal          Dual         Primal    Dual     Compl     Time
   0  -3.29501363e+10  1.08047361e+08  1.04e+06 2.86e+02  9.96e+05     6s
   1  -1.62130927e+09  4.09755277e+07  5.01e+04 1.07e-12  5.50e+04     7s
   2  -1.05301895e+07  6.52839981e+06  1.29e+02 1.73e-12  1.57e+02    10s
   3  -1.09244300e+06  1.11977239e+06  1.76e+00 2.39e-12  4.51e+00    12s
   4  -1.89893296e+05  2.60147777e+05  5.90e-02 1.68e-12  5.91e-01    14s
   5  -3.74442659e+04  4.92746719e+04  2.40e-03 1.20e-12  1.05e-01    16s
   6  -8.37740881e+03  1.07224432e+04  1.99e-04 1.32e-12  2.29e-02    18s
   7  -2.98060817e+03  3.69649155e+03  4.64e-05 6.99e-13  8.01e-03    20s
   8  -8.28300375e+02  1.43659155e+03  5.51e-06 5.08e-13  2.72e-03    22s
   9  -3.22972334e+02  7.91162490e+02  1.87e-06 3.37e-13  1.34e-03    24s
  10   2.86737393e+01  2.93593644e+02  1.25e-07 3.23e-13  3.18e-04    26s
  11   1.21570183e+02  2.04201108e+02  9.38e-09 2.27e-13  9.91e-05    29s
  12   1.47201565e+02  1.83615510e+02  1.67e-09 2.27e-13  4.37e-05    31s
  13   1.57820140e+02  1.75532758e+02  5.82e-10 2.27e-13  2.12e-05    33s
  14   1.61628604e+02  1.72942110e+02  2.79e-10 2.27e-13  1.36e-05    35s
  15   1.65538142e+02  1.70395780e+02  9.84e-11 3.41e-13  5.82e-06    36s
  16   1.65644827e+02  1.70327546e+02  9.25e-11 3.48e-13  5.61e-06    38s
  17   1.67022835e+02  1.69499780e+02  3.53e-11 4.55e-13  2.97e-06    40s
  18   1.67987359e+02  1.68974844e+02  7.80e-12 4.55e-13  1.18e-06    43s
  19   1.68260096e+02  1.68838662e+02  3.23e-12 4.55e-13  6.94e-07    45s
  20   1.68409791e+02  1.68767716e+02  1.41e-12 4.55e-13  4.29e-07    47s
  21   1.68462471e+02  1.68743808e+02  9.65e-13 4.55e-13  3.37e-07    48s
  22   1.68526454e+02  1.68715157e+02  4.98e-13 4.55e-13  2.26e-07    50s
  23   1.68603223e+02  1.68682069e+02  1.59e-13 3.41e-13  9.45e-08    52s
  24   1.68617162e+02  1.68676131e+02  9.13e-14 4.55e-13  7.07e-08    54s
  25   1.68645480e+02  1.68664313e+02  1.84e-14 4.55e-13  2.26e-08    56s
  26   1.68652844e+02  1.68661309e+02  5.86e-15 4.55e-13  1.01e-08    58s
  27   1.68656082e+02  1.68660009e+02  1.76e-15 5.68e-13  4.71e-09    60s
  28   1.68658305e+02  1.68659124e+02  6.49e-15 5.68e-13  9.83e-10    62s
  29   1.68658559e+02  1.68659023e+02  5.57e-15 4.55e-13  5.57e-10    64s
  30   1.68658740e+02  1.68658951e+02  4.32e-15 5.68e-13  2.53e-10    66s
  31   1.68658865e+02  1.68658902e+02  9.01e-15 5.68e-13  4.52e-11    68s
  32   1.68658888e+02  1.68658893e+02  1.40e-14 4.55e-13  6.54e-12    70s
  33   1.68658891e+02  1.68658892e+02  1.52e-14 4.55e-13  8.25e-13    71s

Barrier solved model in 33 iterations and 71.31 seconds (14.99 work units)
Optimal objective 1.68658891e+02

Done! Time elapsed: 103.07452511787415 seconds.
Starting HMC sampling...

                                                                                                                                                                                                                                                                                                                                
Finished sampling! Elapsed Time: 1059.7898592948914 seconds

Checking sampler transitions treedepth.
99 of 16000 (0.62%) transitions hit the maximum treedepth limit of 10, or 2^10 leapfrog steps.
Trajectories that are prematurely terminated due to this limit will result in slow exploration.
For optimal performance, increase this limit.

Checking sampler transitions for divergences.
195 of 16000 (1.22%) transitions ended with a divergence.
These divergent transitions indicate that HMC is not fully able to explore the posterior distribution.
Try increasing adapt delta closer to 1.
If this doesn't remove all divergences, try to reparameterize the model.

Checking E-BFMI - sampler transitions HMC potential energy.
E-BFMI satisfactory.

The following parameters had fewer than 0.001 effective draws per transition:
  log_precision_v_theta
Such low values indicate that the effective sample size estimators may be biased high and actual performance may be substantially lower than quoted.

The following parameters had rank-normalized split R-hat greater than 1.01:
  log_precision_v_theta
Such high values indicate incomplete mixing and biased estimation.
You should consider regularizing your model with additional prior information or a more effective parameterization.

Processing complete.

Parameters from last iteration: [  0.33225648   0.41923398   0.41972522 ... 252.77652651 234.33548955
 233.80546741]

Parameters from current iteration:
            [  0.37246635   0.37151865   0.3715133  ... 252.97808869 234.49197937
 233.97441062]

Updated uncertain values: [  0.34230895   0.40730515   0.40767224 ... 252.82691706 234.37461201
 233.84770321]


            Iteration [   4]: Absolute Error = 0.5759281221703532,
            Percentage Error = 0.15483022266833268
            
Optimization Iteration[5/100]

Theta: [0.34230895 0.40730515 0.40767224 ... 1.44356809 1.19347528 1.14930477]

Gamma: [606.69075543 587.82128735 532.25404992 ... 252.82691706 234.37461201
 233.84770321]

Solving the optimization problem...
Set parameter TokenServer to value "licenses.rcc.uchicago.edu"
Read LP format model from file /scratch/local/jobs/50255459/tmpozr8krjt.pyomo.lp
Reading time = 2.17 seconds
x1: 417600 rows, 834801 columns, 2083271 nonzeros
Gurobi Optimizer version 11.0.0 build v11.0.0rc2 (linux64 - "CentOS Linux 8")

CPU model: Intel(R) Xeon(R) Gold 6248R CPU @ 3.00GHz, instruction set [SSE2|AVX|AVX2|AVX512]
Thread count: 48 physical cores, 48 logical processors, using up to 32 threads

Optimize a model with 417600 rows, 834801 columns and 2083271 nonzeros
Model fingerprint: 0x82c0ac73
Model has 400 quadratic objective terms
Coefficient statistics:
  Matrix range     [1e+00, 9e+02]
  Objective range  [1e-03, 7e+02]
  QObjective range [2e+03, 2e+05]
  Bounds range     [3e-06, 1e+00]
  RHS range        [9e-11, 4e-01]
Presolve removed 208947 rows and 209294 columns
Presolve time: 0.81s
Presolved: 208653 rows, 625507 columns, 1249571 nonzeros
Presolved model has 400 quadratic objective terms
Ordering time: 1.11s

Barrier statistics:
 AA' NZ     : 6.241e+05
 Factor NZ  : 6.773e+07 (roughly 900 MB of memory)
 Factor Ops : 2.543e+10 (less than 1 second per iteration)
 Threads    : 32

                  Objective                Residual
Iter       Primal          Dual         Primal    Dual     Compl     Time
   0  -1.43500259e+11  1.10640369e+11  1.04e+06 1.13e-13  1.00e+06     6s
   1  -6.46771065e+10  6.33668794e+10  4.43e+04 3.08e+01  4.67e+04     8s
   2  -3.05805459e+10  3.06538907e+10  4.48e+02 1.24e-01  5.43e+02    10s
   3  -1.08845697e+10  1.09727720e+10  3.21e+00 1.51e-12  2.86e+01    12s
   4  -2.40148492e+09  2.49936170e+09  2.67e-01 1.25e-12  5.95e+00    17s
   5  -5.82489220e+08  6.48643288e+08  3.65e-02 2.43e-12  1.46e+00    22s
   6  -9.63051301e+07  1.09576328e+08  2.74e-03 1.55e-12  2.41e-01    26s
   7  -1.41061191e+07  1.68768269e+07  2.74e-09 1.39e-12  3.63e-02    31s
   8  -2.06653769e+06  2.46007884e+06  2.53e-13 1.04e-12  5.30e-03    34s
   9  -3.07219993e+05  3.77912517e+05  4.49e-14 3.97e-13  8.02e-04    36s
  10  -4.60370619e+04  5.46313330e+04  2.08e-14 5.10e-14  1.18e-04    38s
  11  -7.11718439e+03  8.38538169e+03  1.33e-14 8.30e-15  1.82e-05    40s
  12  -1.38551333e+03  1.51450239e+03  1.46e-14 1.48e-15  3.40e-06    42s
  13  -3.10009781e+02  5.47444798e+02  9.08e-16 4.44e-16  1.00e-06    46s
  14  -3.60925919e+00  3.12454212e+02  4.65e-16 4.44e-16  3.70e-07    48s
  15   9.36433989e+01  2.03374596e+02  4.32e-16 4.44e-16  1.28e-07    50s
  16   1.31534191e+02  1.58460321e+02  8.04e-17 4.44e-16  3.15e-08    53s
  17   1.40067473e+02  1.53371987e+02  9.35e-17 4.44e-16  1.56e-08    55s
  18   1.44899651e+02  1.50862700e+02  4.79e-17 4.44e-16  6.98e-09    57s
  19   1.46093735e+02  1.50294397e+02  3.62e-17 4.44e-16  4.92e-09    59s
  20   1.47279617e+02  1.49731496e+02  5.64e-17 3.33e-16  2.87e-09    61s
  21   1.47823876e+02  1.49486562e+02  1.27e-16 4.44e-16  1.95e-09    62s
  22   1.48286878e+02  1.49282341e+02  1.05e-16 4.44e-16  1.17e-09    64s
  23   1.48447654e+02  1.49212472e+02  1.08e-16 4.44e-16  8.95e-10    66s
  24   1.48662556e+02  1.49119996e+02  1.57e-16 4.44e-16  5.36e-10    68s
  25   1.48792193e+02  1.49065087e+02  2.73e-16 3.33e-16  3.20e-10    70s
  26   1.48864484e+02  1.49034883e+02  2.30e-16 4.44e-16  2.00e-10    71s
  27   1.48912186e+02  1.49015177e+02  2.48e-16 3.33e-16  1.21e-10    73s
  28   1.48933015e+02  1.49006652e+02  2.85e-16 3.33e-16  8.62e-11    75s
  29   1.48958272e+02  1.48996461e+02  4.10e-16 4.44e-16  4.47e-11    77s
  30   1.48974400e+02  1.48989963e+02  6.71e-16 4.44e-16  1.82e-11    79s
  31   1.48981467e+02  1.48987136e+02  1.45e-15 4.44e-16  6.64e-12    80s
  32   1.48983582e+02  1.48986297e+02  3.05e-15 4.44e-16  3.18e-12    82s
  33   1.48984733e+02  1.48985841e+02  4.84e-15 4.44e-16  1.30e-12    84s
  34   1.48985150e+02  1.48985677e+02  5.82e-15 4.44e-16  6.17e-13    86s
  35   1.48985347e+02  1.48985600e+02  4.56e-15 4.44e-16  2.96e-13    87s
  36   1.48985496e+02  1.48985541e+02  2.06e-15 5.55e-16  5.29e-14    89s
  37   1.48985519e+02  1.48985532e+02  1.38e-15 4.44e-16  1.57e-14    91s
  38   1.48985528e+02  1.48985529e+02  1.21e-15 5.55e-16  6.87e-16    93s

Barrier solved model in 38 iterations and 92.85 seconds (17.30 work units)
Optimal objective 1.48985528e+02

Done! Time elapsed: 126.94510912895203 seconds.
Starting HMC sampling...

                                                                                                                                                                                                                                                                                                                                
Finished sampling! Elapsed Time: 893.3680057525635 seconds

Checking sampler transitions treedepth.
107 of 16000 (0.67%) transitions hit the maximum treedepth limit of 10, or 2^10 leapfrog steps.
Trajectories that are prematurely terminated due to this limit will result in slow exploration.
For optimal performance, increase this limit.

Checking sampler transitions for divergences.
4 of 16000 (0.03%) transitions ended with a divergence.
These divergent transitions indicate that HMC is not fully able to explore the posterior distribution.
Try increasing adapt delta closer to 1.
If this doesn't remove all divergences, try to reparameterize the model.

Checking E-BFMI - sampler transitions HMC potential energy.
E-BFMI satisfactory.

The following parameters had fewer than 0.001 effective draws per transition:
  log_precision_v_theta
Such low values indicate that the effective sample size estimators may be biased high and actual performance may be substantially lower than quoted.

The following parameters had rank-normalized split R-hat greater than 1.01:
  log_precision_v_theta
Such high values indicate incomplete mixing and biased estimation.
You should consider regularizing your model with additional prior information or a more effective parameterization.

Processing complete.

Parameters from last iteration: [  0.34230895   0.40730515   0.40767224 ... 252.82691706 234.37461201
 233.84770321]

Parameters from current iteration:
            [  0.34744823   0.34890343   0.34891165 ... 252.99773171 234.51921411
 233.99312344]

Updated uncertain values: [  0.34359377   0.39270472   0.39298209 ... 252.86962072 234.41076253
 233.88405827]


            Iteration [   5]: Absolute Error = 0.7316161746423404,
            Percentage Error = 0.12049728493857757
            
Optimization Iteration[6/100]

Theta: [0.34359377 0.39270472 0.39298209 ... 1.37472663 1.20048099 1.17008152]

Gamma: [606.62679768 587.75412558 532.18130807 ... 252.86962072 234.41076253
 233.88405827]

Solving the optimization problem...
Set parameter TokenServer to value "licenses.rcc.uchicago.edu"
Read LP format model from file /scratch/local/jobs/50255459/tmp40gxmj1s.pyomo.lp
Reading time = 2.17 seconds
x1: 417600 rows, 834801 columns, 2083271 nonzeros
Gurobi Optimizer version 11.0.0 build v11.0.0rc2 (linux64 - "CentOS Linux 8")

CPU model: Intel(R) Xeon(R) Gold 6248R CPU @ 3.00GHz, instruction set [SSE2|AVX|AVX2|AVX512]
Thread count: 48 physical cores, 48 logical processors, using up to 32 threads

Optimize a model with 417600 rows, 834801 columns and 2083271 nonzeros
Model fingerprint: 0xc24c6b12
Model has 400 quadratic objective terms
Coefficient statistics:
  Matrix range     [1e+00, 9e+02]
  Objective range  [1e-03, 7e+02]
  QObjective range [2e+03, 2e+05]
  Bounds range     [3e-06, 1e+00]
  RHS range        [9e-11, 4e-01]
Presolve removed 208947 rows and 209294 columns
Presolve time: 0.83s
Presolved: 208653 rows, 625507 columns, 1249571 nonzeros
Presolved model has 400 quadratic objective terms
Ordering time: 1.39s

Barrier statistics:
 AA' NZ     : 6.241e+05
 Factor NZ  : 6.773e+07 (roughly 900 MB of memory)
 Factor Ops : 2.543e+10 (less than 1 second per iteration)
 Threads    : 32

                  Objective                Residual
Iter       Primal          Dual         Primal    Dual     Compl     Time
   0  -1.43555798e+11  1.10640369e+11  1.04e+06 1.13e-13  1.00e+06     6s
   1  -6.46794568e+10  6.33668801e+10  4.43e+04 3.08e+01  4.67e+04     7s
   2  -3.05805699e+10  3.06538910e+10  4.48e+02 1.24e-01  5.43e+02    10s
   3  -1.08845700e+10  1.09727722e+10  3.21e+00 1.69e-12  2.86e+01    12s
   4  -2.40148499e+09  2.49936180e+09  2.67e-01 1.37e-12  5.95e+00    17s
   5  -5.82489205e+08  6.48643281e+08  3.65e-02 4.63e-12  1.46e+00    22s
   6  -9.63051222e+07  1.09576309e+08  2.74e-03 1.52e-12  2.41e-01    26s
   7  -1.41061244e+07  1.68768089e+07  2.74e-09 1.14e-12  3.63e-02    31s
   8  -2.06654843e+06  2.46007683e+06  2.78e-13 1.38e-12  5.30e-03    34s
   9  -3.07226416e+05  3.77878776e+05  4.52e-14 2.91e-13  8.02e-04    36s
  10  -4.60450421e+04  5.46121151e+04  1.92e-14 5.04e-14  1.18e-04    38s
  11  -7.12495170e+03  8.36630675e+03  1.45e-14 1.01e-14  1.81e-05    40s
  12  -1.15297404e+03  1.34420261e+03  1.41e-14 1.31e-15  2.92e-06    42s
  13  -2.75845106e+02  5.81180263e+02  7.61e-16 5.55e-16  1.00e-06    46s
  14  -9.28982402e+00  2.78340063e+02  5.02e-16 4.44e-16  3.37e-07    49s
  15   8.25489155e+01  1.81137130e+02  2.38e-16 4.44e-16  1.15e-07    52s
  16   1.15584285e+02  1.51056357e+02  9.37e-17 4.44e-16  4.15e-08    55s
  17   1.28864070e+02  1.41674778e+02  1.10e-16 4.44e-16  1.50e-08    57s
  18   1.31625300e+02  1.40230360e+02  7.98e-17 3.33e-16  1.01e-08    59s
  19   1.34490851e+02  1.38753299e+02  5.62e-17 3.33e-16  4.99e-09    61s
  20   1.35485613e+02  1.38287658e+02  4.32e-17 4.44e-16  3.28e-09    63s
  21   1.36286636e+02  1.37927656e+02  1.30e-16 3.33e-16  1.92e-09    65s
  22   1.36608719e+02  1.37785695e+02  1.52e-16 4.44e-16  1.38e-09    67s
  23   1.36887065e+02  1.37664803e+02  1.73e-16 4.44e-16  9.11e-10    69s
  24   1.37117252e+02  1.37566334e+02  1.23e-16 3.33e-16  5.26e-10    70s
  25   1.37253534e+02  1.37509266e+02  9.63e-17 3.33e-16  2.99e-10    72s
  26   1.37324877e+02  1.37479868e+02  1.21e-16 4.44e-16  1.81e-10    74s
  27   1.37374715e+02  1.37459584e+02  1.58e-16 3.33e-16  9.94e-11    76s
  28   1.37405431e+02  1.37447322e+02  2.11e-16 4.44e-16  4.90e-11    78s
  29   1.37421574e+02  1.37440872e+02  3.74e-16 3.33e-16  2.26e-11    79s
  30   1.37428854e+02  1.37437968e+02  2.30e-16 4.44e-16  1.07e-11    81s
  31   1.37431750e+02  1.37436825e+02  7.59e-16 4.44e-16  5.94e-12    83s
  32   1.37434326e+02  1.37435813e+02  1.33e-15 4.44e-16  1.74e-12    85s
  33   1.37434737e+02  1.37435651e+02  4.54e-16 5.55e-16  1.07e-12    87s
  34   1.37435230e+02  1.37435458e+02  1.66e-15 4.44e-16  2.67e-13    89s
  35   1.37435360e+02  1.37435407e+02  1.16e-15 5.55e-16  5.53e-14    91s
  36   1.37435393e+02  1.37435395e+02  1.39e-15 4.44e-16  2.41e-15    93s

Barrier solved model in 36 iterations and 92.55 seconds (16.93 work units)
Optimal objective 1.37435393e+02

Done! Time elapsed: 124.61296963691711 seconds.
Starting HMC sampling...

                                                                                                                                                                                                                                                                                                                                
Finished sampling! Elapsed Time: 705.8572993278503 seconds

Checking sampler transitions treedepth.
23 of 16000 (0.14%) transitions hit the maximum treedepth limit of 10, or 2^10 leapfrog steps.
Trajectories that are prematurely terminated due to this limit will result in slow exploration.
For optimal performance, increase this limit.

Checking sampler transitions for divergences.
No divergent transitions found.

Checking E-BFMI - sampler transitions HMC potential energy.
E-BFMI satisfactory.

The following parameters had fewer than 0.001 effective draws per transition:
  log_precision_v_theta
Such low values indicate that the effective sample size estimators may be biased high and actual performance may be substantially lower than quoted.

The following parameters had rank-normalized split R-hat greater than 1.01:
  log_precision_v_theta
Such high values indicate incomplete mixing and biased estimation.
You should consider regularizing your model with additional prior information or a more effective parameterization.

Processing complete.

Parameters from last iteration: [  0.34359377   0.39270472   0.39298209 ... 252.86962072 234.41076253
 233.88405827]

Parameters from current iteration:
            [  0.32022564   0.32456281   0.3245873  ... 253.03052148 234.63202471
 234.18384903]

Updated uncertain values: [  0.33775174   0.37566924   0.37588339 ... 252.90984591 234.46607808
 233.95900596]


            Iteration [   6]: Absolute Error = 1.1180355673880058,
            Percentage Error = 0.08249247943138811
            
Optimization Iteration[7/100]

Theta: [0.33775174 0.37566924 0.37588339 ... 1.3267562  1.20455432 1.18362448]

Gamma: [606.67591437 587.78995065 532.19157848 ... 252.90984591 234.46607808
 233.95900596]

Solving the optimization problem...
Set parameter TokenServer to value "licenses.rcc.uchicago.edu"
Read LP format model from file /scratch/local/jobs/50255459/tmpxn0xkp5y.pyomo.lp
Reading time = 2.17 seconds
x1: 417600 rows, 834801 columns, 2083271 nonzeros
Gurobi Optimizer version 11.0.0 build v11.0.0rc2 (linux64 - "CentOS Linux 8")

CPU model: Intel(R) Xeon(R) Gold 6248R CPU @ 3.00GHz, instruction set [SSE2|AVX|AVX2|AVX512]
Thread count: 48 physical cores, 48 logical processors, using up to 32 threads

Optimize a model with 417600 rows, 834801 columns and 2083271 nonzeros
Model fingerprint: 0x172b38c9
Model has 400 quadratic objective terms
Coefficient statistics:
  Matrix range     [1e+00, 9e+02]
  Objective range  [1e-03, 7e+02]
  QObjective range [2e+03, 2e+05]
  Bounds range     [3e-06, 1e+00]
  RHS range        [9e-11, 4e-01]
Presolve removed 208947 rows and 209294 columns
Presolve time: 0.83s
Presolved: 208653 rows, 625507 columns, 1249571 nonzeros
Presolved model has 400 quadratic objective terms
Ordering time: 1.14s

Barrier statistics:
 AA' NZ     : 6.241e+05
 Factor NZ  : 6.773e+07 (roughly 900 MB of memory)
 Factor Ops : 2.543e+10 (less than 1 second per iteration)
 Threads    : 32

                  Objective                Residual
Iter       Primal          Dual         Primal    Dual     Compl     Time
   0  -1.43581161e+11  1.10640369e+11  1.04e+06 1.13e-13  1.00e+06     5s
   1  -6.46805313e+10  6.33668815e+10  4.43e+04 3.08e+01  4.67e+04     7s
   2  -3.05805811e+10  3.06538917e+10  4.48e+02 1.24e-01  5.43e+02    10s
   3  -1.08845702e+10  1.09727725e+10  3.21e+00 1.47e-12  2.86e+01    12s
   4  -2.40148500e+09  2.49936186e+09  2.67e-01 1.34e-12  5.95e+00    17s
   5  -5.82489200e+08  6.48643301e+08  3.65e-02 2.78e-12  1.46e+00    21s
   6  -9.63051125e+07  1.09576302e+08  2.74e-03 1.24e-12  2.41e-01    26s
   7  -1.41061243e+07  1.68767962e+07  2.74e-09 4.14e-12  3.63e-02    31s
   8  -2.06655351e+06  2.46008045e+06  2.71e-13 1.21e-12  5.30e-03    34s
   9  -3.07227756e+05  3.77852882e+05  4.48e-14 3.86e-13  8.02e-04    36s
  10  -4.60481352e+04  5.45996329e+04  2.38e-14 6.71e-14  1.18e-04    38s
  11  -7.12816559e+03  8.35355897e+03  1.41e-14 9.47e-15  1.81e-05    40s
  12  -1.10819765e+03  1.31755809e+03  1.41e-14 1.09e-15  2.84e-06    42s
  13  -2.54961617e+02  7.41029740e+02  1.09e-15 4.44e-16  1.17e-06    44s
  14   4.00681717e+01  1.92821871e+02  4.46e-16 4.44e-16  1.79e-07    48s
  15   8.41325486e+01  1.58715266e+02  2.36e-16 4.44e-16  8.73e-08    52s
  16   1.14786749e+02  1.39501388e+02  1.08e-16 4.44e-16  2.89e-08    55s
  17   1.22775120e+02  1.34884535e+02  6.29e-17 2.22e-16  1.42e-08    58s
  18   1.26531783e+02  1.33050411e+02  9.39e-17 3.33e-16  7.63e-09    60s
  19   1.29267498e+02  1.31898104e+02  1.32e-16 4.44e-16  3.08e-09    63s
  20   1.29938569e+02  1.31634375e+02  1.82e-16 3.33e-16  1.99e-09    65s
  21   1.30445761e+02  1.31434699e+02  1.61e-16 3.33e-16  1.16e-09    67s
  22   1.30646599e+02  1.31355082e+02  1.65e-16 4.44e-16  8.29e-10    69s
  23   1.30834009e+02  1.31280210e+02  2.22e-16 3.33e-16  5.22e-10    71s
  24   1.30959830e+02  1.31231176e+02  1.34e-16 3.33e-16  3.18e-10    73s
  25   1.31002967e+02  1.31214410e+02  1.68e-16 3.33e-16  2.48e-10    75s
  26   1.31061483e+02  1.31191488e+02  1.43e-16 4.44e-16  1.52e-10    77s
  27   1.31112193e+02  1.31171624e+02  2.27e-16 4.44e-16  6.96e-11    78s
  28   1.31130833e+02  1.31164424e+02  4.30e-16 4.44e-16  3.93e-11    80s
  29   1.31141338e+02  1.31160297e+02  2.34e-16 5.55e-16  2.22e-11    82s
  30   1.31150340e+02  1.31156741e+02  5.02e-16 4.44e-16  7.49e-12    84s
  31   1.31152324e+02  1.31155961e+02  8.80e-16 4.44e-16  4.26e-12    86s
  32   1.31154230e+02  1.31155214e+02  3.28e-15 5.55e-16  1.15e-12    88s
  33   1.31154604e+02  1.31155068e+02  3.72e-15 4.44e-16  5.43e-13    90s
  34   1.31154837e+02  1.31154977e+02  1.90e-15 5.55e-16  1.64e-13    92s
  35   1.31154911e+02  1.31154948e+02  4.47e-15 5.55e-16  4.37e-14    94s
  36   1.31154935e+02  1.31154939e+02  2.73e-15 5.55e-16  3.95e-15    96s

Barrier solved model in 36 iterations and 95.64 seconds (17.68 work units)
Optimal objective 1.31154935e+02

Done! Time elapsed: 127.46883893013 seconds.
Starting HMC sampling...

                                                                                                                                                                                                                                                                                                                                
Finished sampling! Elapsed Time: 796.3604581356049 seconds

Checking sampler transitions treedepth.
100 of 16000 (0.62%) transitions hit the maximum treedepth limit of 10, or 2^10 leapfrog steps.
Trajectories that are prematurely terminated due to this limit will result in slow exploration.
For optimal performance, increase this limit.

Checking sampler transitions for divergences.
1 of 16000 (0.01%) transitions ended with a divergence.
These divergent transitions indicate that HMC is not fully able to explore the posterior distribution.
Try increasing adapt delta closer to 1.
If this doesn't remove all divergences, try to reparameterize the model.

Checking E-BFMI - sampler transitions HMC potential energy.
E-BFMI satisfactory.

The following parameters had fewer than 0.001 effective draws per transition:
  log_precision_v_theta
Such low values indicate that the effective sample size estimators may be biased high and actual performance may be substantially lower than quoted.

The following parameters had rank-normalized split R-hat greater than 1.01:
  log_precision_v_theta
Such high values indicate incomplete mixing and biased estimation.
You should consider regularizing your model with additional prior information or a more effective parameterization.

Processing complete.

Parameters from last iteration: [  0.33775174   0.37566924   0.37588339 ... 252.90984591 234.46607808
 233.95900596]

Parameters from current iteration:
            [  0.30021565   0.3081501    0.30819491 ... 252.92488623 234.53484091
 234.0697697 ]

Updated uncertain values: [  0.32836772   0.35878946   0.35896127 ... 252.91360599 234.48326879
 233.9866969 ]


            Iteration [   7]: Absolute Error = 0.967608288866245,
            Percentage Error = 0.06007704691827828
            
Optimization Iteration[8/100]

Theta: [0.32836772 0.35878946 0.35896127 ... 1.2939036  1.20652899 1.1919592 ]

Gamma: [606.60412566 587.72205523 532.12958038 ... 252.91360599 234.48326879
 233.9866969 ]

Solving the optimization problem...
Set parameter TokenServer to value "licenses.rcc.uchicago.edu"
Read LP format model from file /scratch/local/jobs/50255459/tmp555f3021.pyomo.lp
Reading time = 2.17 seconds
x1: 417600 rows, 834801 columns, 2083271 nonzeros
Gurobi Optimizer version 11.0.0 build v11.0.0rc2 (linux64 - "CentOS Linux 8")

CPU model: Intel(R) Xeon(R) Gold 6248R CPU @ 3.00GHz, instruction set [SSE2|AVX|AVX2|AVX512]
Thread count: 48 physical cores, 48 logical processors, using up to 32 threads

Optimize a model with 417600 rows, 834801 columns and 2083271 nonzeros
Model fingerprint: 0xba30cafb
Model has 400 quadratic objective terms
Coefficient statistics:
  Matrix range     [1e+00, 9e+02]
  Objective range  [1e-03, 7e+02]
  QObjective range [2e+03, 2e+05]
  Bounds range     [3e-06, 1e+00]
  RHS range        [9e-11, 4e-01]
Presolve removed 208947 rows and 209294 columns
Presolve time: 0.84s
Presolved: 208653 rows, 625507 columns, 1249571 nonzeros
Presolved model has 400 quadratic objective terms
Ordering time: 1.06s

Barrier statistics:
 AA' NZ     : 6.241e+05
 Factor NZ  : 6.773e+07 (roughly 900 MB of memory)
 Factor Ops : 2.543e+10 (less than 1 second per iteration)
 Threads    : 32

                  Objective                Residual
Iter       Primal          Dual         Primal    Dual     Compl     Time
   0  -1.43587390e+11  1.10640369e+11  1.04e+06 1.13e-13  1.00e+06     6s
   1  -6.46807978e+10  6.33668837e+10  4.43e+04 3.08e+01  4.67e+04     7s
   2  -3.05805846e+10  3.06538927e+10  4.48e+02 1.24e-01  5.43e+02     9s
   3  -1.08845704e+10  1.09727729e+10  3.21e+00 1.47e-12  2.86e+01    12s
   4  -2.40148500e+09  2.49936194e+09  2.67e-01 1.25e-12  5.95e+00    17s
   5  -5.82489208e+08  6.48643348e+08  3.65e-02 5.12e-12  1.46e+00    22s
   6  -9.63051049e+07  1.09576307e+08  2.74e-03 1.36e-12  2.41e-01    26s
   7  -1.41061213e+07  1.68767888e+07  2.74e-09 1.51e-12  3.63e-02    31s
   8  -2.06655495e+06  2.46008666e+06  2.66e-13 2.14e-12  5.30e-03    34s
   9  -3.07226036e+05  3.77832629e+05  3.79e-14 4.02e-13  8.02e-04    36s
  10  -4.60482463e+04  5.45915118e+04  2.40e-14 7.05e-14  1.18e-04    38s
  11  -7.12865133e+03  8.34487073e+03  1.52e-14 9.30e-15  1.81e-05    40s
  12  -1.10966908e+03  1.31097142e+03  1.48e-14 1.43e-15  2.83e-06    42s
  13  -2.50560730e+02  7.17833683e+02  1.42e-15 4.52e-16  1.13e-06    44s
  14   3.64384681e+01  1.94529530e+02  4.57e-16 4.99e-16  1.85e-07    49s
  15   7.51663306e+01  1.61567800e+02  2.38e-16 4.44e-16  1.01e-07    51s
  16   1.04061936e+02  1.40578919e+02  1.29e-16 3.33e-16  4.28e-08    54s
  17   1.20187969e+02  1.31382537e+02  6.85e-17 4.44e-16  1.31e-08    57s
  18   1.23868298e+02  1.29594174e+02  7.48e-17 3.33e-16  6.70e-09    60s
  19   1.25609154e+02  1.28856582e+02  8.63e-17 3.33e-16  3.80e-09    63s
  20   1.26657784e+02  1.28445779e+02  1.02e-16 3.33e-16  2.09e-09    65s
  21   1.27106137e+02  1.28279126e+02  1.53e-16 4.44e-16  1.37e-09    67s
  22   1.27325731e+02  1.28198180e+02  1.57e-16 3.33e-16  1.02e-09    68s
  23   1.27512322e+02  1.28128651e+02  1.48e-16 3.33e-16  7.22e-10    70s
  24   1.27682397e+02  1.28061761e+02  1.36e-16 4.44e-16  4.44e-10    72s
  25   1.27808011e+02  1.28013200e+02  1.55e-16 3.33e-16  2.40e-10    74s
  26   1.27840052e+02  1.28000435e+02  1.67e-16 3.33e-16  1.88e-10    76s
  27   1.27882282e+02  1.27984176e+02  3.63e-16 4.44e-16  1.19e-10    78s
  28   1.27915496e+02  1.27971364e+02  5.62e-16 4.44e-16  6.54e-11    80s
  29   1.27935033e+02  1.27963810e+02  3.29e-16 7.77e-16  3.37e-11    82s
  30   1.27949549e+02  1.27958065e+02  5.17e-16 4.44e-16  9.97e-12    83s
  31   1.27951555e+02  1.27957274e+02  8.32e-16 4.44e-16  6.70e-12    85s
  32   1.27954602e+02  1.27956080e+02  1.62e-15 4.44e-16  1.73e-12    87s
  33   1.27955194e+02  1.27955849e+02  2.26e-15 3.33e-16  7.66e-13    89s
  34   1.27955400e+02  1.27955768e+02  1.15e-15 4.44e-16  4.32e-13    91s
  35   1.27955608e+02  1.27955687e+02  3.08e-15 3.33e-16  9.22e-14    93s
  36   1.27955654e+02  1.27955669e+02  1.07e-15 4.44e-16  1.74e-14    94s
  37   1.27955663e+02  1.27955665e+02  1.71e-15 5.55e-16  2.35e-15    96s

Barrier solved model in 37 iterations and 96.19 seconds (17.69 work units)
Optimal objective 1.27955663e+02

Done! Time elapsed: 127.83563256263733 seconds.
Starting HMC sampling...

                                                                                                                                                                                                                                                                                                                                
Finished sampling! Elapsed Time: 863.9004011154175 seconds

Checking sampler transitions treedepth.
158 of 16000 (0.99%) transitions hit the maximum treedepth limit of 10, or 2^10 leapfrog steps.
Trajectories that are prematurely terminated due to this limit will result in slow exploration.
For optimal performance, increase this limit.

Checking sampler transitions for divergences.
No divergent transitions found.

Checking E-BFMI - sampler transitions HMC potential energy.
E-BFMI satisfactory.

The following parameters had fewer than 0.001 effective draws per transition:
  log_precision_v_theta
Such low values indicate that the effective sample size estimators may be biased high and actual performance may be substantially lower than quoted.

The following parameters had rank-normalized split R-hat greater than 1.01:
  log_precision_v_theta
Such high values indicate incomplete mixing and biased estimation.
You should consider regularizing your model with additional prior information or a more effective parameterization.

Processing complete.

Parameters from last iteration: [  0.32836772   0.35878946   0.35896127 ... 252.91360599 234.48326879
 233.9866969 ]

Parameters from current iteration:
            [  0.28243678   0.29512754   0.29519921 ... 252.91552391 234.51739687
 234.06625219]

Updated uncertain values: [  0.31688498   0.34287398   0.34302076 ... 252.91408547 234.49180081
 234.00658572]


            Iteration [   8]: Absolute Error = 1.2681602869622566,
            Percentage Error = 0.05653660200596628
            
Optimization Iteration[9/100]

Theta: [0.31688498 0.34287398 0.34302076 ... 1.27056798 1.20519703 1.19467159]

Gamma: [606.54172159 587.65888516 532.05577341 ... 252.91408547 234.49180081
 234.00658572]

Solving the optimization problem...
Set parameter TokenServer to value "licenses.rcc.uchicago.edu"
Read LP format model from file /scratch/local/jobs/50255459/tmpn_emb11e.pyomo.lp
Reading time = 2.16 seconds
x1: 417600 rows, 834801 columns, 2083271 nonzeros
Gurobi Optimizer version 11.0.0 build v11.0.0rc2 (linux64 - "CentOS Linux 8")

CPU model: Intel(R) Xeon(R) Gold 6248R CPU @ 3.00GHz, instruction set [SSE2|AVX|AVX2|AVX512]
Thread count: 48 physical cores, 48 logical processors, using up to 32 threads

Optimize a model with 417600 rows, 834801 columns and 2083271 nonzeros
Model fingerprint: 0xa7491e66
Model has 400 quadratic objective terms
Coefficient statistics:
  Matrix range     [1e+00, 9e+02]
  Objective range  [1e-03, 7e+02]
  QObjective range [2e+03, 2e+05]
  Bounds range     [3e-06, 1e+00]
  RHS range        [9e-11, 4e-01]
Presolve removed 208947 rows and 209294 columns
Presolve time: 0.83s
Presolved: 208653 rows, 625507 columns, 1249571 nonzeros
Presolved model has 400 quadratic objective terms
Ordering time: 1.12s

Barrier statistics:
 AA' NZ     : 6.241e+05
 Factor NZ  : 6.773e+07 (roughly 900 MB of memory)
 Factor Ops : 2.543e+10 (less than 1 second per iteration)
 Threads    : 32

                  Objective                Residual
Iter       Primal          Dual         Primal    Dual     Compl     Time
   0  -3.31306916e+10  1.08047352e+08  1.04e+06 2.85e+02  9.96e+05     5s
   1  -1.62953568e+09  4.09601938e+07  5.01e+04 1.05e-12  5.49e+04     7s
   2  -1.05538800e+07  6.52642262e+06  1.29e+02 1.63e-12  1.57e+02     9s
   3  -1.09218142e+06  1.11920916e+06  1.76e+00 2.82e-12  4.51e+00    11s
   4  -1.89853856e+05  2.60034243e+05  5.90e-02 1.65e-12  5.91e-01    13s
   5  -3.74618265e+04  4.92409133e+04  2.40e-03 1.30e-12  1.05e-01    15s
   6  -7.35144471e+03  8.93458056e+03  8.90e-05 1.12e-12  1.95e-02    17s
   7  -2.53067496e+03  3.34086415e+03  2.21e-05 2.03e-12  7.04e-03    19s
   8  -7.08481121e+02  1.03600945e+03  4.16e-06 5.51e-13  2.09e-03    21s
   9  -6.02391496e+02  9.41763769e+02  3.46e-06 4.93e-13  1.85e-03    23s
  10  -1.32784830e+02  4.12115393e+02  5.33e-07 2.65e-13  6.53e-04    25s
  11   3.79233085e+01  2.03871245e+02  9.36e-08 2.27e-13  1.99e-04    27s
  12   8.92127843e+01  1.57336950e+02  2.30e-08 1.38e-13  8.17e-05    29s
  13   1.10106968e+02  1.39085330e+02  6.61e-09 2.27e-13  3.47e-05    31s
  14   1.15222726e+02  1.34823486e+02  3.54e-09 2.27e-13  2.35e-05    33s
  15   1.21435153e+02  1.30125702e+02  1.15e-09 2.27e-13  1.04e-05    35s
  16   1.23803991e+02  1.28450131e+02  4.43e-10 4.55e-13  5.57e-06    36s
  17   1.25418464e+02  1.27435444e+02  1.35e-10 3.41e-13  2.42e-06    39s
  18   1.26184481e+02  1.27004729e+02  3.45e-11 4.55e-13  9.83e-07    41s
  19   1.26441838e+02  1.26870945e+02  1.08e-11 3.41e-13  5.14e-07    43s
  20   1.26577928e+02  1.26807318e+02  4.22e-12 3.41e-13  2.75e-07    45s
  21   1.26619882e+02  1.26788101e+02  1.96e-12 4.55e-13  2.02e-07    47s
  22   1.26692052e+02  1.26757073e+02  6.31e-13 4.55e-13  7.80e-08    48s
  23   1.26707429e+02  1.26750553e+02  3.15e-13 4.55e-13  5.17e-08    50s
  24   1.26724976e+02  1.26743330e+02  1.16e-13 3.41e-13  2.20e-08    52s
  25   1.26733582e+02  1.26739817e+02  1.56e-14 4.55e-13  7.48e-09    54s
  26   1.26736210e+02  1.26738773e+02  4.93e-15 4.55e-13  3.07e-09    56s
  27   1.26737409e+02  1.26738300e+02  2.90e-15 4.55e-13  1.07e-09    58s
  28   1.26737887e+02  1.26738112e+02  2.26e-15 5.68e-13  2.70e-10    61s
  29   1.26738014e+02  1.26738062e+02  1.71e-15 4.55e-13  5.76e-11    63s
  30   1.26738046e+02  1.26738050e+02  3.47e-15 4.55e-13  4.43e-12    65s
  31   1.26738049e+02  1.26738049e+02  4.25e-15 6.82e-13  2.37e-13    66s

Barrier solved model in 31 iterations and 66.45 seconds (14.31 work units)
Optimal objective 1.26738049e+02

Done! Time elapsed: 100.03012824058533 seconds.
Starting HMC sampling...

                                                                                                                                                                                                                                                                                                                                
Finished sampling! Elapsed Time: 807.0080835819244 seconds

Checking sampler transitions treedepth.
106 of 16000 (0.66%) transitions hit the maximum treedepth limit of 10, or 2^10 leapfrog steps.
Trajectories that are prematurely terminated due to this limit will result in slow exploration.
For optimal performance, increase this limit.

Checking sampler transitions for divergences.
16 of 16000 (0.10%) transitions ended with a divergence.
These divergent transitions indicate that HMC is not fully able to explore the posterior distribution.
Try increasing adapt delta closer to 1.
If this doesn't remove all divergences, try to reparameterize the model.

Checking E-BFMI - sampler transitions HMC potential energy.
E-BFMI satisfactory.

The following parameters had fewer than 0.001 effective draws per transition:
  log_precision_v_theta
Such low values indicate that the effective sample size estimators may be biased high and actual performance may be substantially lower than quoted.

The following parameters had rank-normalized split R-hat greater than 1.01:
  log_precision_v_theta
Such high values indicate incomplete mixing and biased estimation.
You should consider regularizing your model with additional prior information or a more effective parameterization.

Processing complete.

Parameters from last iteration: [  0.31688498   0.34287398   0.34302076 ... 252.91408547 234.49180081
 234.00658572]

Parameters from current iteration:
            [  0.278337     0.29215306   0.29223109 ... 252.87802349 234.48999973
 234.07218818]

Updated uncertain values: [  0.30724799   0.33019375   0.33032334 ... 252.90506998 234.49135054
 234.02298633]


            Iteration [   9]: Absolute Error = 1.0313371803779319,
            Percentage Error = 0.04248461089498531
            
Optimization Iteration[10/100]

Theta: [0.30724799 0.33019375 0.33032334 ... 1.25335826 1.20393822 1.19634931]

Gamma: [606.55748066 587.66807848 532.03056891 ... 252.90506998 234.49135054
 234.02298633]

Solving the optimization problem...
Set parameter TokenServer to value "licenses.rcc.uchicago.edu"
Read LP format model from file /scratch/local/jobs/50255459/tmpmiwtxsqk.pyomo.lp
Reading time = 2.15 seconds
x1: 417600 rows, 834801 columns, 2083271 nonzeros
Gurobi Optimizer version 11.0.0 build v11.0.0rc2 (linux64 - "CentOS Linux 8")

CPU model: Intel(R) Xeon(R) Gold 6248R CPU @ 3.00GHz, instruction set [SSE2|AVX|AVX2|AVX512]
Thread count: 48 physical cores, 48 logical processors, using up to 32 threads

Optimize a model with 417600 rows, 834801 columns and 2083271 nonzeros
Model fingerprint: 0xea11c40a
Model has 400 quadratic objective terms
Coefficient statistics:
  Matrix range     [1e+00, 9e+02]
  Objective range  [1e-03, 7e+02]
  QObjective range [2e+03, 2e+05]
  Bounds range     [3e-06, 1e+00]
  RHS range        [9e-11, 4e-01]
Presolve removed 208947 rows and 209294 columns
Presolve time: 0.81s
Presolved: 208653 rows, 625507 columns, 1249571 nonzeros
Presolved model has 400 quadratic objective terms
Ordering time: 1.08s

Barrier statistics:
 AA' NZ     : 6.241e+05
 Factor NZ  : 6.773e+07 (roughly 900 MB of memory)
 Factor Ops : 2.543e+10 (less than 1 second per iteration)
 Threads    : 32

                  Objective                Residual
Iter       Primal          Dual         Primal    Dual     Compl     Time
   0  -1.43574784e+11  1.10640369e+11  1.04e+06 1.14e-13  1.00e+06     6s
   1  -6.46802697e+10  6.33668865e+10  4.43e+04 3.08e+01  4.67e+04     7s
   2  -3.05805801e+10  3.06538940e+10  4.48e+02 1.24e-01  5.43e+02     9s
   3  -1.08845707e+10  1.09727734e+10  3.21e+00 1.77e-12  2.86e+01    12s
   4  -2.40148489e+09  2.49936196e+09  2.67e-01 1.24e-12  5.95e+00    16s
   5  -5.82489236e+08  6.48643444e+08  3.65e-02 3.39e-12  1.46e+00    21s
   6  -9.63051009e+07  1.09576334e+08  2.74e-03 1.42e-12  2.41e-01    26s
   7  -1.41061141e+07  1.68767839e+07  2.74e-09 2.44e-12  3.63e-02    31s
   8  -2.06655325e+06  2.46010140e+06  2.61e-13 1.18e-12  5.30e-03    33s
   9  -3.07219180e+05  3.77804773e+05  4.17e-14 3.61e-13  8.02e-04    35s
  10  -4.60445813e+04  5.45832285e+04  2.27e-14 7.35e-14  1.18e-04    37s
  11  -7.12596867e+03  8.33515975e+03  1.59e-14 7.64e-15  1.81e-05    39s
  12  -1.10971754e+03  1.30890648e+03  1.35e-14 1.47e-15  2.83e-06    41s
  13  -2.66275479e+02  7.53877351e+02  9.52e-16 4.56e-16  1.19e-06    43s
  14   2.33324580e+01  2.14167068e+02  3.71e-16 4.66e-16  2.23e-07    47s
  15   9.43951306e+01  1.40359367e+02  1.88e-16 4.44e-16  5.38e-08    51s
  16   1.16376978e+02  1.30509440e+02  8.65e-17 5.55e-16  1.65e-08    54s
  17   1.21719261e+02  1.27810660e+02  5.94e-17 3.33e-16  7.13e-09    57s
  18   1.23950852e+02  1.26919478e+02  1.07e-16 4.44e-16  3.48e-09    60s
  19   1.24904452e+02  1.26503644e+02  1.91e-16 3.33e-16  1.87e-09    62s
  20   1.25261030e+02  1.26363184e+02  2.18e-16 3.33e-16  1.29e-09    64s
  21   1.25435582e+02  1.26293419e+02  1.83e-16 3.33e-16  1.00e-09    66s
  22   1.25706301e+02  1.26184487e+02  2.64e-16 4.44e-16  5.60e-10    68s
  23   1.25815157e+02  1.26140549e+02  3.31e-16 4.44e-16  3.81e-10    69s
  24   1.25917437e+02  1.26099330e+02  2.88e-16 4.44e-16  2.13e-10    71s
  25   1.25960746e+02  1.26082034e+02  2.07e-16 3.33e-16  1.42e-10    73s
  26   1.25980569e+02  1.26074288e+02  1.65e-16 4.44e-16  1.10e-10    75s
  27   1.26022254e+02  1.26057558e+02  2.56e-16 4.44e-16  4.13e-11    77s
  28   1.26035659e+02  1.26052265e+02  3.25e-16 4.44e-16  1.94e-11    78s
  29   1.26041988e+02  1.26049780e+02  1.51e-15 4.44e-16  9.12e-12    80s
  30   1.26044976e+02  1.26048609e+02  1.32e-15 3.33e-16  4.25e-12    82s
  31   1.26046451e+02  1.26048031e+02  2.44e-15 4.44e-16  1.85e-12    84s
  32   1.26047199e+02  1.26047737e+02  1.57e-15 4.44e-16  6.31e-13    86s
  33   1.26047396e+02  1.26047660e+02  1.00e-15 4.44e-16  3.10e-13    87s
  34   1.26047540e+02  1.26047604e+02  1.27e-15 4.44e-16  7.43e-14    89s
  35   1.26047576e+02  1.26047590e+02  7.58e-16 5.55e-16  1.67e-14    91s
  36   1.26047586e+02  1.26047586e+02  8.23e-16 5.55e-16  3.07e-16    93s

Barrier solved model in 36 iterations and 92.69 seconds (18.44 work units)
Optimal objective 1.26047586e+02

Done! Time elapsed: 123.99686646461487 seconds.
Starting HMC sampling...

                                                                                                                                                                                                                                                                                                                                
Finished sampling! Elapsed Time: 599.119601726532 seconds

Checking sampler transitions treedepth.
22 of 16000 (0.14%) transitions hit the maximum treedepth limit of 10, or 2^10 leapfrog steps.
Trajectories that are prematurely terminated due to this limit will result in slow exploration.
For optimal performance, increase this limit.

Checking sampler transitions for divergences.
132 of 16000 (0.82%) transitions ended with a divergence.
These divergent transitions indicate that HMC is not fully able to explore the posterior distribution.
Try increasing adapt delta closer to 1.
If this doesn't remove all divergences, try to reparameterize the model.

Checking E-BFMI - sampler transitions HMC potential energy.
E-BFMI satisfactory.

The following parameters had fewer than 0.001 effective draws per transition:
  log_precision_v_theta
Such low values indicate that the effective sample size estimators may be biased high and actual performance may be substantially lower than quoted.

The following parameters had rank-normalized split R-hat greater than 1.01:
  log_precision_v_theta
Such high values indicate incomplete mixing and biased estimation.
You should consider regularizing your model with additional prior information or a more effective parameterization.

Processing complete.

Parameters from last iteration: [  0.30724799   0.33019375   0.33032334 ... 252.90506998 234.49135054
 234.02298633]

Parameters from current iteration:
            [  0.28203799   0.2982472    0.29833875 ... 252.91988275 234.53929136
 234.10311243]

Updated uncertain values: [  0.30094549   0.32220711   0.32232719 ... 252.90877317 234.50333574
 234.04301786]


            Iteration [  10]: Absolute Error = 0.7688308435137969,
            Percentage Error = 0.029452174557316746
            
Optimization Iteration[11/100]

Theta: [0.30094549 0.32220711 0.32232719 ... 1.24005744 1.20291217 1.19758197]

Gamma: [606.52552333 587.65133765 532.02428441 ... 252.90877317 234.50333574
 234.04301786]

Solving the optimization problem...
Set parameter TokenServer to value "licenses.rcc.uchicago.edu"
Read LP format model from file /scratch/local/jobs/50255459/tmpadq6jhr4.pyomo.lp
Reading time = 2.19 seconds
x1: 417600 rows, 834801 columns, 2083271 nonzeros
Gurobi Optimizer version 11.0.0 build v11.0.0rc2 (linux64 - "CentOS Linux 8")

CPU model: Intel(R) Xeon(R) Gold 6248R CPU @ 3.00GHz, instruction set [SSE2|AVX|AVX2|AVX512]
Thread count: 48 physical cores, 48 logical processors, using up to 32 threads

Optimize a model with 417600 rows, 834801 columns and 2083271 nonzeros
Model fingerprint: 0x64e16a27
Model has 400 quadratic objective terms
Coefficient statistics:
  Matrix range     [1e+00, 9e+02]
  Objective range  [1e-03, 7e+02]
  QObjective range [2e+03, 2e+05]
  Bounds range     [3e-06, 1e+00]
  RHS range        [9e-11, 4e-01]
Presolve removed 208947 rows and 209294 columns
Presolve time: 0.86s
Presolved: 208653 rows, 625507 columns, 1249571 nonzeros
Presolved model has 400 quadratic objective terms
Ordering time: 1.45s

Barrier statistics:
 AA' NZ     : 6.241e+05
 Factor NZ  : 6.773e+07 (roughly 900 MB of memory)
 Factor Ops : 2.543e+10 (less than 1 second per iteration)
 Threads    : 32

                  Objective                Residual
Iter       Primal          Dual         Primal    Dual     Compl     Time
   0  -1.43570341e+11  1.10640369e+11  1.04e+06 1.13e-13  1.00e+06     6s
   1  -6.46800849e+10  6.33668889e+10  4.43e+04 3.08e+01  4.67e+04     8s
   2  -3.05805791e+10  3.06538951e+10  4.48e+02 1.24e-01  5.43e+02    10s
   3  -1.08845710e+10  1.09727738e+10  3.21e+00 1.51e-12  2.86e+01    12s
   4  -2.40148491e+09  2.49936203e+09  2.67e-01 1.41e-12  5.95e+00    17s
   5  -5.82489252e+08  6.48643486e+08  3.65e-02 3.31e-12  1.46e+00    22s
   6  -9.63050989e+07  1.09576343e+08  2.74e-03 1.28e-12  2.41e-01    27s
   7  -1.41061115e+07  1.68767822e+07  2.74e-09 1.74e-12  3.63e-02    32s
   8  -2.06655260e+06  2.46010609e+06  2.80e-13 1.11e-12  5.30e-03    35s
   9  -3.07216931e+05  3.77795721e+05  3.87e-14 2.75e-13  8.02e-04    37s
  10  -4.60433869e+04  5.45805107e+04  2.24e-14 6.32e-14  1.18e-04    39s
  11  -7.12508621e+03  8.33196860e+03  1.38e-14 6.88e-15  1.81e-05    41s
  12  -1.11034528e+03  1.31146997e+03  1.43e-14 1.24e-15  2.84e-06    42s
  13  -2.60185098e+02  6.85533818e+02  9.84e-16 4.44e-16  1.11e-06    44s
  14   1.94312404e+01  2.26673227e+02  4.35e-16 4.44e-16  2.43e-07    48s
  15   9.19718751e+01  1.40720609e+02  1.52e-16 5.55e-16  5.71e-08    52s
  16   1.15315704e+02  1.30239404e+02  8.72e-17 4.44e-16  1.75e-08    56s
  17   1.20368583e+02  1.27610186e+02  8.76e-17 4.44e-16  8.48e-09    59s
  18   1.22647799e+02  1.26557616e+02  8.09e-17 4.44e-16  4.58e-09    61s
  19   1.23942164e+02  1.26042847e+02  1.70e-16 3.33e-16  2.46e-09    64s
  20   1.24600647e+02  1.25788804e+02  1.70e-16 4.44e-16  1.39e-09    66s
  21   1.24786172e+02  1.25717133e+02  1.94e-16 3.33e-16  1.09e-09    68s
  22   1.25093775e+02  1.25600810e+02  2.60e-16 4.44e-16  5.94e-10    69s
  23   1.25223809e+02  1.25549790e+02  2.20e-16 4.44e-16  3.82e-10    71s
  24   1.25329819e+02  1.25507773e+02  3.38e-16 3.33e-16  2.08e-10    73s
  25   1.25387170e+02  1.25485148e+02  2.55e-16 3.33e-16  1.15e-10    75s
  26   1.25409055e+02  1.25476734e+02  2.27e-16 3.33e-16  7.92e-11    77s
  27   1.25433109e+02  1.25467203e+02  3.76e-16 4.44e-16  3.99e-11    79s
  28   1.25446931e+02  1.25461675e+02  3.35e-16 4.44e-16  1.73e-11    81s
  29   1.25453786e+02  1.25458947e+02  1.05e-15 5.55e-16  6.04e-12    82s
  30   1.25455616e+02  1.25458223e+02  6.69e-16 3.33e-16  3.05e-12    84s
  31   1.25456362e+02  1.25457929e+02  3.72e-16 3.33e-16  1.83e-12    86s
  32   1.25457051e+02  1.25457658e+02  7.73e-16 4.44e-16  7.10e-13    88s
  33   1.25457309e+02  1.25457556e+02  1.61e-15 4.44e-16  2.89e-13    90s
  34   1.25457452e+02  1.25457500e+02  2.75e-15 5.55e-16  5.56e-14    92s
  35   1.25457480e+02  1.25457489e+02  1.87e-15 4.44e-16  1.05e-14    94s

Barrier solved model in 35 iterations and 93.61 seconds (17.96 work units)
Optimal objective 1.25457480e+02

Done! Time elapsed: 124.95965337753296 seconds.
Starting HMC sampling...

                                                                                                                                                                                                                                                                                                                                
Finished sampling! Elapsed Time: 977.9191164970398 seconds

Checking sampler transitions treedepth.
82 of 16000 (0.51%) transitions hit the maximum treedepth limit of 10, or 2^10 leapfrog steps.
Trajectories that are prematurely terminated due to this limit will result in slow exploration.
For optimal performance, increase this limit.

Checking sampler transitions for divergences.
No divergent transitions found.

Checking E-BFMI - sampler transitions HMC potential energy.
E-BFMI satisfactory.

The following parameters had fewer than 0.001 effective draws per transition:
  log_precision_v_theta
Such low values indicate that the effective sample size estimators may be biased high and actual performance may be substantially lower than quoted.

The following parameters had rank-normalized split R-hat greater than 1.01:
  log_precision_v_theta
Such high values indicate incomplete mixing and biased estimation.
You should consider regularizing your model with additional prior information or a more effective parameterization.

Processing complete.

Parameters from last iteration: [  0.30094549   0.32220711   0.32232719 ... 252.90877317 234.50333574
 234.04301786]

Parameters from current iteration:
            [  0.28223456   0.30006265   0.30016334 ... 252.9408186  234.58935562
 234.17498894]

Updated uncertain values: [  0.29626775   0.316671     0.31678623 ... 252.91678453 234.52484071
 234.07601063]


            Iteration [  11]: Absolute Error = 0.6102293071664917,
            Percentage Error = 0.020722185683557572
            
Optimization Iteration[12/100]

Theta: [0.29626775 0.316671   0.31678623 ... 1.2296721  1.20215108 1.19859088]

Gamma: [606.43352574 587.54619281 531.91741471 ... 252.91678453 234.52484071
 234.07601063]

Solving the optimization problem...
Set parameter TokenServer to value "licenses.rcc.uchicago.edu"
Read LP format model from file /scratch/local/jobs/50255459/tmpia0xmmax.pyomo.lp
Reading time = 2.17 seconds
x1: 417600 rows, 834801 columns, 2083271 nonzeros
Gurobi Optimizer version 11.0.0 build v11.0.0rc2 (linux64 - "CentOS Linux 8")

CPU model: Intel(R) Xeon(R) Gold 6248R CPU @ 3.00GHz, instruction set [SSE2|AVX|AVX2|AVX512]
Thread count: 48 physical cores, 48 logical processors, using up to 32 threads

Optimize a model with 417600 rows, 834801 columns and 2083271 nonzeros
Model fingerprint: 0xd88d8bb2
Model has 400 quadratic objective terms
Coefficient statistics:
  Matrix range     [1e+00, 9e+02]
  Objective range  [1e-03, 7e+02]
  QObjective range [2e+03, 2e+05]
  Bounds range     [3e-06, 1e+00]
  RHS range        [9e-11, 4e-01]
Presolve removed 208947 rows and 209294 columns
Presolve time: 0.84s
Presolved: 208653 rows, 625507 columns, 1249571 nonzeros
Presolved model has 400 quadratic objective terms
Ordering time: 1.41s

Barrier statistics:
 AA' NZ     : 6.241e+05
 Factor NZ  : 6.773e+07 (roughly 900 MB of memory)
 Factor Ops : 2.543e+10 (less than 1 second per iteration)
 Threads    : 32

                  Objective                Residual
Iter       Primal          Dual         Primal    Dual     Compl     Time
   0  -1.43568761e+11  1.10640369e+11  1.04e+06 1.13e-13  1.00e+06     6s
   1  -6.46800192e+10  6.33668898e+10  4.43e+04 3.08e+01  4.67e+04     8s
   2  -3.05805788e+10  3.06538956e+10  4.48e+02 1.24e-01  5.43e+02    10s
   3  -1.08845711e+10  1.09727740e+10  3.21e+00 1.47e-12  2.86e+01    12s
   4  -2.40148489e+09  2.49936204e+09  2.67e-01 1.24e-12  5.95e+00    17s
   5  -5.82489263e+08  6.48643512e+08  3.65e-02 2.79e-12  1.46e+00    22s
   6  -9.63051008e+07  1.09576351e+08  2.74e-03 1.39e-12  2.41e-01    26s
   7  -1.41061105e+07  1.68767809e+07  2.74e-09 1.50e-12  3.63e-02    31s
   8  -2.06655259e+06  2.46010967e+06  2.78e-13 1.14e-12  5.30e-03    34s
   9  -3.07215625e+05  3.77789062e+05  3.79e-14 3.50e-13  8.02e-04    36s
  10  -4.60427833e+04  5.45784014e+04  2.41e-14 5.49e-14  1.18e-04    38s
  11  -7.12464911e+03  8.32958329e+03  1.35e-14 7.69e-15  1.81e-05    40s
  12  -1.11105231e+03  1.31393533e+03  1.35e-14 1.46e-15  2.84e-06    42s
  13  -2.61815178e+02  6.88500072e+02  7.33e-16 5.55e-16  1.11e-06    44s
  14   2.00240903e+01  2.23255196e+02  6.19e-16 4.44e-16  2.38e-07    48s
  15   9.20020957e+01  1.40006400e+02  1.45e-16 3.33e-16  5.62e-08    52s
  16   1.15009379e+02  1.29640780e+02  6.90e-17 3.33e-16  1.71e-08    55s
  17   1.18839521e+02  1.27637508e+02  6.35e-17 3.33e-16  1.03e-08    58s
  18   1.21785819e+02  1.26261008e+02  6.68e-17 3.33e-16  5.24e-09    60s
  19   1.23129584e+02  1.25694707e+02  2.10e-16 3.33e-16  3.00e-09    63s
  20   1.23511565e+02  1.25551378e+02  2.13e-16 3.33e-16  2.39e-09    65s
  21   1.23960421e+02  1.25373253e+02  3.12e-16 3.33e-16  1.65e-09    66s
  22   1.24225680e+02  1.25272728e+02  2.28e-16 3.33e-16  1.23e-09    68s
  23   1.24495934e+02  1.25169289e+02  2.15e-16 3.33e-16  7.88e-10    70s
  24   1.24604647e+02  1.25126882e+02  1.73e-16 3.33e-16  6.11e-10    72s
  25   1.24762038e+02  1.25063646e+02  2.65e-16 3.33e-16  3.53e-10    74s
  26   1.24859362e+02  1.25025303e+02  3.04e-16 3.33e-16  1.94e-10    76s
  27   1.24893788e+02  1.25011948e+02  2.35e-16 3.33e-16  1.38e-10    77s
  28   1.24945729e+02  1.24991351e+02  2.19e-16 4.44e-16  5.34e-11    79s
  29   1.24949703e+02  1.24989813e+02  2.11e-16 4.44e-16  4.70e-11    81s
  30   1.24964672e+02  1.24983953e+02  4.98e-16 3.33e-16  2.26e-11    83s
  31   1.24972904e+02  1.24980736e+02  1.24e-15 4.44e-16  9.17e-12    85s
  32   1.24975011e+02  1.24979916e+02  9.72e-16 3.33e-16  5.74e-12    87s
  33   1.24977096e+02  1.24979102e+02  1.25e-15 3.33e-16  2.35e-12    88s
  34   1.24977911e+02  1.24978784e+02  9.65e-16 3.33e-16  1.02e-12    90s
  35   1.24978271e+02  1.24978643e+02  2.50e-15 3.33e-16  4.35e-13    92s
  36   1.24978487e+02  1.24978558e+02  2.69e-15 4.44e-16  8.42e-14    94s
  37   1.24978529e+02  1.24978542e+02  1.03e-15 4.44e-16  1.57e-14    96s
  38   1.24978537e+02  1.24978539e+02  2.04e-15 5.55e-16  1.35e-15    98s

Barrier solved model in 38 iterations and 97.71 seconds (18.68 work units)
Optimal objective 1.24978537e+02

Done! Time elapsed: 129.06641721725464 seconds.
Starting HMC sampling...

                                                                                                                                                                                                                                                                                                                                
Finished sampling! Elapsed Time: 1067.1309297084808 seconds

Checking sampler transitions treedepth.
143 of 16000 (0.89%) transitions hit the maximum treedepth limit of 10, or 2^10 leapfrog steps.
Trajectories that are prematurely terminated due to this limit will result in slow exploration.
For optimal performance, increase this limit.

Checking sampler transitions for divergences.
No divergent transitions found.

Checking E-BFMI - sampler transitions HMC potential energy.
E-BFMI satisfactory.

The following parameters had fewer than 0.001 effective draws per transition:
  log_precision_v_theta
Such low values indicate that the effective sample size estimators may be biased high and actual performance may be substantially lower than quoted.

The following parameters had rank-normalized split R-hat greater than 1.01:
  log_precision_v_theta
Such high values indicate incomplete mixing and biased estimation.
You should consider regularizing your model with additional prior information or a more effective parameterization.

Processing complete.

Parameters from last iteration: [  0.29626775   0.316671     0.31678623 ... 252.91678453 234.52484071
 234.07601063]

Parameters from current iteration:
            [  0.2834509    0.30291963   0.30302959 ... 252.92466325 234.52620235
 234.05497096]

Updated uncertain values: [  0.29306354   0.31323315   0.31334707 ... 252.91875421 234.52518112
 234.07075071]


            Iteration [  12]: Absolute Error = 0.48575195019850526,
            Percentage Error = 0.0159890711219159
            
Optimization Iteration[13/100]

Theta: [0.29306354 0.31323315 0.31334707 ... 1.22137641 1.2010292  1.19878995]

Gamma: [606.33027319 587.45761833 531.85302797 ... 252.91875421 234.52518112
 234.07075071]

Solving the optimization problem...
Set parameter TokenServer to value "licenses.rcc.uchicago.edu"
Read LP format model from file /scratch/local/jobs/50255459/tmpna80bwbi.pyomo.lp
Reading time = 2.17 seconds
x1: 417600 rows, 834801 columns, 2083271 nonzeros
Gurobi Optimizer version 11.0.0 build v11.0.0rc2 (linux64 - "CentOS Linux 8")

CPU model: Intel(R) Xeon(R) Gold 6248R CPU @ 3.00GHz, instruction set [SSE2|AVX|AVX2|AVX512]
Thread count: 48 physical cores, 48 logical processors, using up to 32 threads

Optimize a model with 417600 rows, 834801 columns and 2083271 nonzeros
Model fingerprint: 0xfe34474e
Model has 400 quadratic objective terms
Coefficient statistics:
  Matrix range     [1e+00, 9e+02]
  Objective range  [1e-03, 7e+02]
  QObjective range [2e+03, 2e+05]
  Bounds range     [3e-06, 1e+00]
  RHS range        [9e-11, 4e-01]
Presolve removed 208947 rows and 209294 columns
Presolve time: 0.81s
Presolved: 208653 rows, 625507 columns, 1249571 nonzeros
Presolved model has 400 quadratic objective terms
Ordering time: 1.08s

Barrier statistics:
 AA' NZ     : 6.241e+05
 Factor NZ  : 6.773e+07 (roughly 900 MB of memory)
 Factor Ops : 2.543e+10 (less than 1 second per iteration)
 Threads    : 32

                  Objective                Residual
Iter       Primal          Dual         Primal    Dual     Compl     Time
   0  -3.31163773e+10  1.08047353e+08  1.04e+06 2.85e+02  9.96e+05     5s
   1  -1.62794696e+09  4.09521419e+07  5.01e+04 1.06e-12  5.49e+04     7s
   2  -1.05492648e+07  6.52495714e+06  1.29e+02 1.85e-12  1.57e+02     9s
   3  -1.09191082e+06  1.11898146e+06  1.76e+00 2.83e-12  4.50e+00    11s
   4  -1.89810632e+05  2.59986434e+05  5.90e-02 1.50e-12  5.91e-01    13s
   5  -3.74487606e+04  4.92243807e+04  2.40e-03 1.15e-12  1.05e-01    15s
   6  -7.35093522e+03  8.92733779e+03  9.04e-05 1.39e-12  1.95e-02    17s
   7  -2.52842755e+03  3.33461540e+03  2.24e-05 1.30e-12  7.03e-03    19s
   8  -7.17253121e+02  1.04000817e+03  4.43e-06 5.45e-13  2.11e-03    21s
   9  -6.06710573e+02  9.42375358e+02  3.65e-06 4.54e-13  1.86e-03    23s
  10  -1.36116628e+02  4.09275305e+02  6.02e-07 2.64e-13  6.54e-04    25s
  11   2.41540443e+01  2.16787611e+02  1.40e-07 2.27e-13  2.31e-04    27s
  12   9.15124065e+01  1.51712958e+02  2.34e-08 2.27e-13  7.22e-05    29s
  13   1.07153623e+02  1.37713843e+02  6.12e-09 1.46e-13  3.66e-05    31s
  14   1.16281854e+02  1.30428211e+02  2.24e-09 2.27e-13  1.70e-05    33s
  15   1.20044303e+02  1.27603458e+02  9.06e-10 2.27e-13  9.06e-06    35s
  16   1.21985759e+02  1.26285298e+02  4.48e-10 2.27e-13  5.15e-06    36s
  17   1.23437358e+02  1.25338821e+02  1.12e-10 3.41e-13  2.28e-06    38s
  18   1.24193042e+02  1.24915664e+02  3.36e-11 4.55e-13  8.66e-07    41s
  19   1.24436203e+02  1.24787348e+02  1.00e-11 3.41e-13  4.21e-07    43s
  20   1.24523887e+02  1.24745378e+02  4.76e-12 3.41e-13  2.66e-07    44s
  21   1.24599665e+02  1.24710746e+02  1.54e-12 4.55e-13  1.33e-07    46s
  22   1.24639368e+02  1.24693459e+02  4.20e-13 4.55e-13  6.48e-08    48s
  23   1.24664002e+02  1.24683153e+02  2.48e-14 4.55e-13  2.30e-08    50s
  24   1.24670602e+02  1.24680521e+02  9.03e-15 3.41e-13  1.19e-08    52s
  25   1.24675602e+02  1.24678540e+02  1.76e-15 4.55e-13  3.52e-09    54s
  26   1.24677070e+02  1.24677958e+02  2.60e-15 3.41e-13  1.06e-09    56s
  27   1.24677426e+02  1.24677818e+02  2.17e-15 4.55e-13  4.70e-10    58s
  28   1.24677584e+02  1.24677756e+02  4.32e-15 4.55e-13  2.05e-10    60s
  29   1.24677700e+02  1.24677710e+02  2.91e-15 4.55e-13  1.14e-11    62s
  30   1.24677707e+02  1.24677707e+02  1.36e-15 4.55e-13  4.39e-13    63s

Barrier solved model in 30 iterations and 63.50 seconds (13.84 work units)
Optimal objective 1.24677707e+02

Done! Time elapsed: 94.38517737388611 seconds.
Starting HMC sampling...

                                                                                                                                                                                                                                                                                                                                
Finished sampling! Elapsed Time: 630.371912240982 seconds

Checking sampler transitions treedepth.
34 of 16000 (0.21%) transitions hit the maximum treedepth limit of 10, or 2^10 leapfrog steps.
Trajectories that are prematurely terminated due to this limit will result in slow exploration.
For optimal performance, increase this limit.

Checking sampler transitions for divergences.
No divergent transitions found.

Checking E-BFMI - sampler transitions HMC potential energy.
E-BFMI satisfactory.

The following parameters had fewer than 0.001 effective draws per transition:
  log_precision_v_theta
Such low values indicate that the effective sample size estimators may be biased high and actual performance may be substantially lower than quoted.

The following parameters had rank-normalized split R-hat greater than 1.01:
  log_precision_v_theta
Such high values indicate incomplete mixing and biased estimation.
You should consider regularizing your model with additional prior information or a more effective parameterization.

Processing complete.

Parameters from last iteration: [  0.29306354   0.31323315   0.31334707 ... 252.91875421 234.52518112
 234.07075071]

Parameters from current iteration:
            [  0.28303289   0.30288265   0.30299476 ... 252.8811297  234.51015095
 234.07613333]

Updated uncertain values: [  0.29055588   0.31064553   0.31075899 ... 252.90934808 234.52142358
 234.07209636]


            Iteration [  13]: Absolute Error = 0.36937959473436877,
            Percentage Error = 0.011556100801787907
            
Optimization Iteration[14/100]

Theta: [0.29055588 0.31064553 0.31075899 ... 1.21600687 1.20115615 1.19992987]

Gamma: [606.39135982 587.51388518 531.89823909 ... 252.90934808 234.52142358
 234.07209636]

Solving the optimization problem...
Set parameter TokenServer to value "licenses.rcc.uchicago.edu"
Read LP format model from file /scratch/local/jobs/50255459/tmpapmtr6ch.pyomo.lp
Reading time = 2.16 seconds
x1: 417600 rows, 834801 columns, 2083271 nonzeros
Gurobi Optimizer version 11.0.0 build v11.0.0rc2 (linux64 - "CentOS Linux 8")

CPU model: Intel(R) Xeon(R) Gold 6248R CPU @ 3.00GHz, instruction set [SSE2|AVX|AVX2|AVX512]
Thread count: 48 physical cores, 48 logical processors, using up to 32 threads

Optimize a model with 417600 rows, 834801 columns and 2083271 nonzeros
Model fingerprint: 0x59c3b707
Model has 400 quadratic objective terms
Coefficient statistics:
  Matrix range     [1e+00, 9e+02]
  Objective range  [1e-03, 7e+02]
  QObjective range [2e+03, 2e+05]
  Bounds range     [3e-06, 1e+00]
  RHS range        [9e-11, 4e-01]
Presolve removed 208947 rows and 209294 columns
Presolve time: 0.83s
Presolved: 208653 rows, 625507 columns, 1249571 nonzeros
Presolved model has 400 quadratic objective terms
Ordering time: 1.22s

Barrier statistics:
 AA' NZ     : 6.241e+05
 Factor NZ  : 6.773e+07 (roughly 900 MB of memory)
 Factor Ops : 2.543e+10 (less than 1 second per iteration)
 Threads    : 32

                  Objective                Residual
Iter       Primal          Dual         Primal    Dual     Compl     Time
   0  -1.43565318e+11  1.10640369e+11  1.04e+06 1.12e-13  1.00e+06     6s
   1  -6.46798754e+10  6.33668915e+10  4.43e+04 3.08e+01  4.67e+04     8s
   2  -3.05805779e+10  3.06538963e+10  4.48e+02 1.24e-01  5.43e+02    10s
   3  -1.08845712e+10  1.09727743e+10  3.21e+00 1.34e-12  2.86e+01    12s
   4  -2.40148490e+09  2.49936210e+09  2.67e-01 1.25e-12  5.95e+00    17s
   5  -5.82489273e+08  6.48643548e+08  3.65e-02 2.72e-12  1.46e+00    22s
   6  -9.63050980e+07  1.09576359e+08  2.74e-03 1.59e-12  2.41e-01    27s
   7  -1.41061080e+07  1.68767796e+07  2.74e-09 1.74e-12  3.63e-02    31s
   8  -2.06655206e+06  2.46011344e+06  2.68e-13 1.66e-12  5.30e-03    34s
   9  -3.07213765e+05  3.77780787e+05  4.29e-14 3.21e-13  8.02e-04    36s
  10  -4.60418940e+04  5.45758850e+04  2.01e-14 5.99e-14  1.18e-04    38s
  11  -7.12427772e+03  8.32829373e+03  1.48e-14 9.44e-15  1.81e-05    40s
  12  -1.11188407e+03  1.31700351e+03  1.44e-14 2.00e-15  2.84e-06    42s
  13  -2.64674119e+02  6.94946532e+02  1.05e-15 4.44e-16  1.12e-06    44s
  14   2.17862047e+01  2.16442133e+02  5.40e-16 4.49e-16  2.28e-07    49s
  15   9.19833472e+01  1.39607706e+02  1.15e-16 4.44e-16  5.58e-08    52s
  16   1.13045951e+02  1.30907391e+02  7.39e-17 4.44e-16  2.09e-08    56s
  17   1.20020227e+02  1.26509479e+02  5.88e-17 3.33e-16  7.60e-09    59s
  18   1.22547220e+02  1.25298770e+02  4.19e-17 3.33e-16  3.22e-09    62s
  19   1.23571922e+02  1.24847216e+02  1.55e-16 4.44e-16  1.49e-09    65s
  20   1.23804476e+02  1.24751158e+02  1.64e-16 4.44e-16  1.11e-09    67s
  21   1.24010814e+02  1.24664266e+02  1.31e-16 3.33e-16  7.65e-10    69s
  22   1.24194542e+02  1.24588870e+02  1.71e-16 3.33e-16  4.62e-10    71s
  23   1.24270450e+02  1.24558488e+02  2.03e-16 3.33e-16  3.37e-10    73s
  24   1.24355115e+02  1.24523840e+02  2.07e-16 3.33e-16  1.98e-10    75s
  25   1.24410382e+02  1.24500966e+02  1.29e-16 3.33e-16  1.06e-10    77s
  26   1.24436874e+02  1.24490176e+02  1.63e-16 3.33e-16  6.24e-11    79s
  27   1.24459806e+02  1.24480930e+02  2.57e-16 5.55e-16  2.47e-11    80s
  28   1.24467809e+02  1.24477751e+02  9.55e-16 4.44e-16  1.16e-11    82s
  29   1.24472295e+02  1.24475980e+02  1.47e-15 4.44e-16  4.31e-12    84s
  30   1.24473930e+02  1.24475332e+02  1.22e-15 4.44e-16  1.64e-12    86s
  31   1.24474436e+02  1.24475133e+02  1.52e-15 4.44e-16  8.17e-13    88s
  32   1.24474779e+02  1.24474997e+02  1.83e-15 4.44e-16  2.55e-13    90s
  33   1.24474894e+02  1.24474952e+02  2.25e-15 5.55e-16  6.83e-14    92s
  34   1.24474932e+02  1.24474937e+02  2.14e-15 4.44e-16  6.58e-15    94s

Barrier solved model in 34 iterations and 94.01 seconds (17.77 work units)
Optimal objective 1.24474932e+02

Done! Time elapsed: 125.78600287437439 seconds.
Starting HMC sampling...

                                                                                                                                                                                                                                                                                                                                
Finished sampling! Elapsed Time: 680.145096540451 seconds

Checking sampler transitions treedepth.
33 of 16000 (0.21%) transitions hit the maximum treedepth limit of 10, or 2^10 leapfrog steps.
Trajectories that are prematurely terminated due to this limit will result in slow exploration.
For optimal performance, increase this limit.

Checking sampler transitions for divergences.
30 of 16000 (0.19%) transitions ended with a divergence.
These divergent transitions indicate that HMC is not fully able to explore the posterior distribution.
Try increasing adapt delta closer to 1.
If this doesn't remove all divergences, try to reparameterize the model.

Checking E-BFMI - sampler transitions HMC potential energy.
E-BFMI satisfactory.

The following parameters had fewer than 0.001 effective draws per transition:
  log_precision_v_theta
Such low values indicate that the effective sample size estimators may be biased high and actual performance may be substantially lower than quoted.

The following parameters had rank-normalized split R-hat greater than 1.01:
  log_precision_v_theta
Such high values indicate incomplete mixing and biased estimation.
You should consider regularizing your model with additional prior information or a more effective parameterization.

Processing complete.

Parameters from last iteration: [  0.29055588   0.31064553   0.31075899 ... 252.90934808 234.52142358
 234.07209636]

Parameters from current iteration:
            [  0.28497209   0.30535658   0.3054717  ... 252.93868342 234.58126402
 234.16541881]

Updated uncertain values: [  0.28915993   0.30932329   0.30943717 ... 252.91668191 234.53638369
 234.09542697]


            Iteration [  14]: Absolute Error = 0.27176608319757634,
            Percentage Error = 0.008646519514330344
            
Optimization Iteration[15/100]

Theta: [0.28915993 0.30932329 0.30943717 ... 1.21198023 1.20139544 1.20095655]

Gamma: [606.3715     587.47540055 531.84356359 ... 252.91668191 234.53638369
 234.09542697]

Solving the optimization problem...
Set parameter TokenServer to value "licenses.rcc.uchicago.edu"
Read LP format model from file /scratch/local/jobs/50255459/tmpmlu0jquq.pyomo.lp
Reading time = 2.16 seconds
x1: 417600 rows, 834801 columns, 2083271 nonzeros
Gurobi Optimizer version 11.0.0 build v11.0.0rc2 (linux64 - "CentOS Linux 8")

CPU model: Intel(R) Xeon(R) Gold 6248R CPU @ 3.00GHz, instruction set [SSE2|AVX|AVX2|AVX512]
Thread count: 48 physical cores, 48 logical processors, using up to 32 threads

Optimize a model with 417600 rows, 834801 columns and 2083271 nonzeros
Model fingerprint: 0x6de57cf2
Model has 400 quadratic objective terms
Coefficient statistics:
  Matrix range     [1e+00, 9e+02]
  Objective range  [1e-03, 7e+02]
  QObjective range [2e+03, 2e+05]
  Bounds range     [3e-06, 1e+00]
  RHS range        [9e-11, 4e-01]
Presolve removed 208947 rows and 209294 columns
Presolve time: 0.81s
Presolved: 208653 rows, 625507 columns, 1249571 nonzeros
Presolved model has 400 quadratic objective terms
Ordering time: 1.15s

Barrier statistics:
 AA' NZ     : 6.241e+05
 Factor NZ  : 6.773e+07 (roughly 900 MB of memory)
 Factor Ops : 2.543e+10 (less than 1 second per iteration)
 Threads    : 32

                  Objective                Residual
Iter       Primal          Dual         Primal    Dual     Compl     Time
   0  -1.43564586e+11  1.10640369e+11  1.04e+06 1.13e-13  1.00e+06     5s
   1  -6.46798447e+10  6.33668916e+10  4.43e+04 3.08e+01  4.67e+04     7s
   2  -3.05805776e+10  3.06538964e+10  4.48e+02 1.24e-01  5.43e+02     9s
   3  -1.08845712e+10  1.09727743e+10  3.21e+00 1.47e-12  2.86e+01    11s
   4  -2.40148489e+09  2.49936211e+09  2.67e-01 1.24e-12  5.95e+00    16s
   5  -5.82489274e+08  6.48643555e+08  3.65e-02 7.61e-12  1.46e+00    20s
   6  -9.63050976e+07  1.09576362e+08  2.74e-03 1.70e-12  2.41e-01    25s
   7  -1.41061073e+07  1.68767783e+07  2.74e-09 1.50e-12  3.63e-02    30s
   8  -2.06655200e+06  2.46011480e+06  2.69e-13 1.10e-12  5.30e-03    33s
   9  -3.07213176e+05  3.77777745e+05  4.10e-14 2.96e-13  8.02e-04    35s
  10  -4.60416672e+04  5.45751596e+04  2.35e-14 5.50e-14  1.18e-04    37s
  11  -7.12426822e+03  8.32830602e+03  1.32e-14 1.02e-14  1.81e-05    39s
  12  -1.11215751e+03  1.31788120e+03  1.45e-14 1.47e-15  2.85e-06    40s
  13  -2.65436796e+02  6.96592408e+02  8.66e-16 4.44e-16  1.13e-06    42s
  14   2.23182801e+01  2.14415120e+02  4.39e-16 4.44e-16  2.25e-07    46s
  15   9.10953937e+01  1.40427550e+02  1.70e-16 4.44e-16  5.78e-08    50s
  16   1.12410935e+02  1.31098785e+02  1.16e-16 4.44e-16  2.19e-08    53s
  17   1.21135391e+02  1.25556438e+02  1.10e-16 5.55e-16  5.18e-09    56s
  18   1.22436080e+02  1.25026780e+02  1.41e-16 3.33e-16  3.03e-09    59s
  19   1.23257042e+02  1.24718566e+02  2.47e-16 3.33e-16  1.71e-09    61s
  20   1.23726441e+02  1.24544667e+02  3.92e-16 3.33e-16  9.58e-10    63s
  21   1.23865617e+02  1.24493405e+02  3.51e-16 3.33e-16  7.35e-10    65s
  22   1.24046573e+02  1.24427495e+02  2.58e-16 4.44e-16  4.46e-10    67s
  23   1.24108544e+02  1.24404318e+02  1.90e-16 3.33e-16  3.46e-10    68s
  24   1.24193096e+02  1.24371901e+02  2.89e-16 3.33e-16  2.09e-10    70s
  25   1.24219235e+02  1.24363693e+02  1.61e-16 4.44e-16  1.69e-10    72s
  26   1.24268771e+02  1.24343401e+02  2.50e-16 3.33e-16  8.74e-11    74s
  27   1.24293976e+02  1.24333276e+02  1.86e-16 4.44e-16  4.60e-11    76s
  28   1.24311628e+02  1.24326157e+02  4.63e-16 3.33e-16  1.70e-11    77s
  29   1.24317538e+02  1.24323782e+02  1.59e-15 4.44e-16  7.31e-12    79s
  30   1.24319830e+02  1.24322871e+02  8.13e-16 4.44e-16  3.56e-12    81s
  31   1.24320822e+02  1.24322479e+02  1.34e-15 4.44e-16  1.94e-12    83s
  32   1.24321668e+02  1.24322144e+02  4.11e-15 4.44e-16  5.58e-13    84s
  33   1.24321835e+02  1.24322078e+02  1.31e-15 3.33e-16  2.85e-13    86s
  34   1.24321924e+02  1.24322043e+02  1.86e-15 5.55e-16  1.40e-13    88s
  35   1.24322005e+02  1.24322011e+02  1.76e-15 5.55e-16  6.84e-15    90s

Barrier solved model in 35 iterations and 89.90 seconds (17.96 work units)
Optimal objective 1.24322005e+02

Done! Time elapsed: 121.07625818252563 seconds.
Starting HMC sampling...

                                                                                                                                                                                                                                                                                                                                
Finished sampling! Elapsed Time: 897.7272357940674 seconds

Checking sampler transitions treedepth.
111 of 16000 (0.69%) transitions hit the maximum treedepth limit of 10, or 2^10 leapfrog steps.
Trajectories that are prematurely terminated due to this limit will result in slow exploration.
For optimal performance, increase this limit.

Checking sampler transitions for divergences.
37 of 16000 (0.23%) transitions ended with a divergence.
These divergent transitions indicate that HMC is not fully able to explore the posterior distribution.
Try increasing adapt delta closer to 1.
If this doesn't remove all divergences, try to reparameterize the model.

Checking E-BFMI - sampler transitions HMC potential energy.
E-BFMI satisfactory.

The following parameters had fewer than 0.001 effective draws per transition:
  log_precision_v_theta
Such low values indicate that the effective sample size estimators may be biased high and actual performance may be substantially lower than quoted.

The following parameters had rank-normalized split R-hat greater than 1.01:
  log_precision_v_theta
Such high values indicate incomplete mixing and biased estimation.
You should consider regularizing your model with additional prior information or a more effective parameterization.

Processing complete.

Parameters from last iteration: [  0.28915993   0.30932329   0.30943717 ... 252.91668191 234.53638369
 234.09542697]

Parameters from current iteration:
            [  0.28433334   0.30619629   0.30631977 ... 253.02576108 234.587871
 234.083761  ]

Updated uncertain values: [  0.28795328   0.30854154   0.30865782 ... 252.94395171 234.54925552
 234.09251048]


            Iteration [  15]: Absolute Error = 0.19711115466316187,
            Percentage Error = 0.006712581001326186
            
Optimization Iteration[16/100]

Theta: [0.28795328 0.30854154 0.30865782 ... 1.20878534 1.20134513 1.20148584]

Gamma: [606.24984559 587.38580992 531.79576539 ... 252.94395171 234.54925552
 234.09251048]

Solving the optimization problem...
Set parameter TokenServer to value "licenses.rcc.uchicago.edu"
Read LP format model from file /scratch/local/jobs/50255459/tmpa3tjgi5m.pyomo.lp
Reading time = 2.19 seconds
x1: 417600 rows, 834801 columns, 2083271 nonzeros
Gurobi Optimizer version 11.0.0 build v11.0.0rc2 (linux64 - "CentOS Linux 8")

CPU model: Intel(R) Xeon(R) Gold 6248R CPU @ 3.00GHz, instruction set [SSE2|AVX|AVX2|AVX512]
Thread count: 48 physical cores, 48 logical processors, using up to 32 threads

Optimize a model with 417600 rows, 834801 columns and 2083271 nonzeros
Model fingerprint: 0xd5c1d986
Model has 400 quadratic objective terms
Coefficient statistics:
  Matrix range     [1e+00, 9e+02]
  Objective range  [1e-03, 7e+02]
  QObjective range [2e+03, 2e+05]
  Bounds range     [3e-06, 1e+00]
  RHS range        [9e-11, 4e-01]
Presolve removed 208947 rows and 209294 columns
Presolve time: 0.81s
Presolved: 208653 rows, 625507 columns, 1249571 nonzeros
Presolved model has 400 quadratic objective terms
Ordering time: 1.10s

Barrier statistics:
 AA' NZ     : 6.241e+05
 Factor NZ  : 6.773e+07 (roughly 900 MB of memory)
 Factor Ops : 2.543e+10 (less than 1 second per iteration)
 Threads    : 32

                  Objective                Residual
Iter       Primal          Dual         Primal    Dual     Compl     Time
   0  -3.31135255e+10  1.08047353e+08  1.04e+06 2.85e+02  9.96e+05     6s
   1  -1.62775715e+09  4.09515866e+07  5.01e+04 1.09e-12  5.49e+04     7s
   2  -1.05487310e+07  6.52485987e+06  1.29e+02 2.25e-12  1.57e+02     9s
   3  -1.09188862e+06  1.11896623e+06  1.76e+00 2.49e-12  4.50e+00    11s
   4  -1.89807262e+05  2.59983264e+05  5.90e-02 1.82e-12  5.91e-01    13s
   5  -3.74478695e+04  4.92234806e+04  2.40e-03 1.23e-12  1.05e-01    15s
   6  -7.36168004e+03  8.95118232e+03  9.09e-05 1.97e-12  1.96e-02    17s
   7  -2.52612533e+03  3.33576336e+03  2.24e-05 4.47e-12  7.03e-03    19s
   8  -7.16984653e+02  1.03993194e+03  4.42e-06 1.06e-12  2.11e-03    21s
   9  -6.05805001e+02  9.41591311e+02  3.64e-06 9.50e-13  1.86e-03    22s
  10  -1.36648404e+02  4.08732065e+02  6.09e-07 2.27e-13  6.54e-04    24s
  11   2.49660502e+01  2.14784923e+02  1.37e-07 2.27e-13  2.28e-04    26s
  12   9.13940893e+01  1.50969923e+02  2.24e-08 2.27e-13  7.14e-05    28s
  13   1.07292734e+02  1.36761845e+02  5.46e-09 2.27e-13  3.53e-05    30s
  14   1.16063224e+02  1.29788537e+02  2.00e-09 2.27e-13  1.65e-05    32s
  15   1.19775563e+02  1.27014892e+02  7.83e-10 2.27e-13  8.68e-06    34s
  16   1.22028706e+02  1.25499901e+02  3.03e-10 2.27e-13  4.16e-06    35s
  17   1.22987273e+02  1.24868879e+02  7.75e-11 3.41e-13  2.26e-06    38s
  18   1.23777487e+02  1.24444956e+02  2.02e-11 4.55e-13  8.00e-07    40s
  19   1.24016860e+02  1.24325048e+02  7.03e-12 4.55e-13  3.69e-07    42s
  20   1.24088491e+02  1.24289792e+02  3.17e-12 4.55e-13  2.41e-07    44s
  21   1.24155214e+02  1.24259162e+02  9.17e-13 4.55e-13  1.25e-07    46s
  22   1.24188806e+02  1.24244819e+02  3.96e-13 3.41e-13  6.72e-08    48s
  23   1.24210351e+02  1.24235760e+02  5.01e-14 4.55e-13  3.05e-08    50s
  24   1.24223651e+02  1.24230359e+02  8.86e-15 4.55e-13  8.04e-09    51s
  25   1.24226542e+02  1.24229198e+02  2.96e-15 4.55e-13  3.18e-09    53s
  26   1.24227457e+02  1.24228834e+02  3.61e-15 4.55e-13  1.65e-09    55s
  27   1.24228342e+02  1.24228484e+02  5.47e-15 5.68e-13  1.70e-10    57s
  28   1.24228413e+02  1.24228456e+02  2.15e-15 4.55e-13  5.09e-11    60s
  29   1.24228443e+02  1.24228444e+02  1.19e-15 4.55e-13  2.06e-12    62s
  30   1.24228444e+02  1.24228444e+02  5.95e-16 5.68e-13  3.22e-14    64s

Barrier solved model in 30 iterations and 63.87 seconds (13.84 work units)
Optimal objective 1.24228444e+02

Done! Time elapsed: 95.57707977294922 seconds.
Starting HMC sampling...

                                                                                                                                                                                                                                                                                                                                
Finished sampling! Elapsed Time: 1102.955809354782 seconds

Checking sampler transitions treedepth.
98 of 16000 (0.61%) transitions hit the maximum treedepth limit of 10, or 2^10 leapfrog steps.
Trajectories that are prematurely terminated due to this limit will result in slow exploration.
For optimal performance, increase this limit.

Checking sampler transitions for divergences.
36 of 16000 (0.23%) transitions ended with a divergence.
These divergent transitions indicate that HMC is not fully able to explore the posterior distribution.
Try increasing adapt delta closer to 1.
If this doesn't remove all divergences, try to reparameterize the model.

Checking E-BFMI - sampler transitions HMC potential energy.
E-BFMI satisfactory.

The following parameters had fewer than 0.001 effective draws per transition:
  log_precision_v_theta
Such low values indicate that the effective sample size estimators may be biased high and actual performance may be substantially lower than quoted.

The following parameters had rank-normalized split R-hat greater than 1.01:
  log_precision_v_theta
Such high values indicate incomplete mixing and biased estimation.
You should consider regularizing your model with additional prior information or a more effective parameterization.

Processing complete.

Parameters from last iteration: [  0.28795328   0.30854154   0.30865782 ... 252.94395171 234.54925552
 234.09251048]

Parameters from current iteration:
            [  0.28434766   0.3045242    0.30463816 ... 252.98313428 234.60819587
 234.18329247]

Updated uncertain values: [  0.28705188   0.30753721   0.3076529  ... 252.95374735 234.5639906
 234.11520598]


            Iteration [  16]: Absolute Error = 0.1597956708408219,
            Percentage Error = 0.004534835902405932
            
Terminated. Sampling the final distribution...

                                                                                                                                                                                                                                                                                                                                
Solving the optimization problem...
Set parameter TokenServer to value "licenses.rcc.uchicago.edu"
Read LP format model from file /scratch/local/jobs/50255459/tmpkp2lxem5.pyomo.lp
Reading time = 2.20 seconds
x1: 417600 rows, 834801 columns, 2083271 nonzeros
Gurobi Optimizer version 11.0.0 build v11.0.0rc2 (linux64 - "CentOS Linux 8")

CPU model: Intel(R) Xeon(R) Gold 6248R CPU @ 3.00GHz, instruction set [SSE2|AVX|AVX2|AVX512]
Thread count: 48 physical cores, 48 logical processors, using up to 32 threads

Optimize a model with 417600 rows, 834801 columns and 2083271 nonzeros
Model fingerprint: 0x998721c5
Model has 400 quadratic objective terms
Coefficient statistics:
  Matrix range     [1e+00, 9e+02]
  Objective range  [1e-03, 8e+02]
  QObjective range [2e+03, 2e+05]
  Bounds range     [2e-06, 1e+00]
  RHS range        [6e-10, 4e-01]
Presolve removed 209011 rows and 209422 columns
Presolve time: 0.92s
Presolved: 208589 rows, 625379 columns, 1249315 nonzeros
Presolved model has 400 quadratic objective terms
Ordering time: 1.49s

Barrier statistics:
 AA' NZ     : 6.239e+05
 Factor NZ  : 6.769e+07 (roughly 900 MB of memory)
 Factor Ops : 2.541e+10 (less than 1 second per iteration)
 Threads    : 32

                  Objective                Residual
Iter       Primal          Dual         Primal    Dual     Compl     Time
   0  -3.31082952e+10  1.08047474e+08  1.04e+06 2.79e+02  9.96e+05     6s
   1  -1.43757460e+09  4.01113126e+07  4.41e+04 1.06e-12  4.81e+04     8s
   2  -1.01242370e+07  6.34881873e+06  1.21e+02 2.08e-12  1.47e+02    10s
   3  -1.06083786e+06  1.09129228e+06  1.64e+00 2.74e-12  4.30e+00    12s
   4  -1.91962587e+05  2.61491968e+05  7.48e-02 2.09e-12  6.10e-01    14s
   5  -3.96570005e+04  5.46712924e+04  2.51e-03 1.22e-12  1.14e-01    16s
   6  -7.18403853e+03  8.61102920e+03  1.41e-04 1.31e-12  1.90e-02    18s
   7  -2.91176013e+03  3.78765160e+03  4.46e-05 7.09e-13  8.04e-03    20s
   8  -9.24194054e+02  1.31791087e+03  7.53e-06 6.40e-13  2.69e-03    22s
   9  -4.67220028e+02  7.52480362e+02  3.21e-06 4.19e-13  1.46e-03    24s
  10  -1.69950639e+02  3.60639946e+02  9.38e-07 2.27e-13  6.36e-04    26s
  11   1.19222320e+01  1.36460426e+02  6.74e-09 3.41e-13  1.49e-04    28s
  12   5.04377272e+01  9.86851949e+01  3.43e-10 2.27e-13  5.79e-05    30s
  13   5.94092462e+01  9.13033968e+01  1.75e-10 2.27e-13  3.82e-05    32s
  14   6.84627623e+01  8.47840530e+01  5.04e-11 3.41e-13  1.96e-05    34s
  15   7.37561013e+01  8.10903409e+01  9.04e-12 3.41e-13  8.79e-06    36s
  16   7.54282091e+01  8.00116450e+01  4.01e-12 4.55e-13  5.50e-06    38s
  17   7.71921564e+01  7.90072558e+01  9.57e-13 4.55e-13  2.18e-06    40s
  18   7.78137439e+01  7.86898498e+01  1.59e-13 6.82e-13  1.05e-06    42s
  19   7.79027849e+01  7.86484334e+01  1.19e-13 6.82e-13  8.94e-07    44s
  20   7.81197952e+01  7.85503313e+01  5.70e-14 4.55e-13  5.16e-07    46s
  21   7.81462023e+01  7.85385760e+01  4.85e-14 3.41e-13  4.70e-07    48s
  22   7.82286611e+01  7.85025235e+01  2.29e-14 3.41e-13  3.28e-07    50s
  23   7.83127820e+01  7.84662372e+01  1.05e-14 3.41e-13  1.84e-07    52s
  24   7.83307802e+01  7.84585453e+01  7.85e-15 3.41e-13  1.53e-07    54s
  25   7.83856052e+01  7.84355760e+01  1.17e-15 4.55e-13  5.99e-08    56s
  26   7.84058479e+01  7.84273077e+01  4.22e-16 4.55e-13  2.57e-08    58s
  27   7.84062357e+01  7.84271530e+01  4.04e-16 5.68e-13  2.51e-08    60s
  28   7.84146216e+01  7.84238164e+01  2.23e-16 5.68e-13  1.10e-08    62s
  29   7.84194556e+01  7.84219152e+01  1.58e-15 4.55e-13  2.95e-09    64s
  30   7.84204751e+01  7.84215159e+01  2.09e-14 4.55e-13  1.25e-09    66s
  31   7.84210899e+01  7.84212759e+01  2.08e-14 5.68e-13  2.23e-10    68s
  32   7.84211681e+01  7.84212454e+01  6.44e-15 3.41e-13  9.27e-11    70s
  33   7.84212066e+01  7.84212305e+01  1.98e-15 5.68e-13  2.86e-11    71s
  34   7.84212234e+01  7.84212239e+01  2.72e-15 4.55e-13  6.84e-13    74s
  35   7.84212238e+01  7.84212238e+01  1.54e-15 5.68e-13  7.80e-16    76s

Barrier solved model in 35 iterations and 75.81 seconds (16.06 work units)
Optimal objective 7.84212238e+01

Done! Time elapsed: 108.53330564498901 seconds.
min_result -0.1093914414981278 min_pe 3.7

Program ends Sat May 30 00:29:29 CDT 2026
Exit code: 0
Elapsed time: 23680 seconds
