{
"type": "FeatureCollection",
"name": "gamma_reg",
"crs": { "type": "name", "properties": { "name": "urn:ogc:def:crs:EPSG::5880" } },
"features": [
{ "type": "Feature", "properties": { "X1": 1.0, "log_hist_precip": -0.30460885105835772, "log_hist_temp": -5.9708242854800364, "lat": 2.149666959884772, "lon": -0.25521274340898992, "latlon": -0.54862240224785574, "log_co2e_ha_2017": 6.25611557223354, "id_group": 2 }, "geometry": { "type": "Polygon", "coordinates": [ [ [ 4195640.462282589636743, 10519793.492600748315454 ], [ 4196378.872822144068778, 10587378.923877481371164 ], [ 4263591.306343032978475, 10586630.479284944012761 ], [ 4262915.229710981249809, 10519130.357343144714832 ], [ 4195640.462282589636743, 10519793.492600748315454 ] ] ] } },
{ "type": "Feature", "properties": { "X1": 1.0, "log_hist_precip": -0.35038244076178443, "log_hist_temp": -5.3367925024425755, "lat": 2.1496669598848013, "lon": -0.16770643257254761, "latlon": -0.36051297706135382, "log_co2e_ha_2017": 6.3184820134534565, "id_group": 2 }, "geometry": { "type": "Polygon", "coordinates": [ [ [ 4262915.229710981249809, 10519130.357343144714832 ], [ 4263591.306343032978475, 10586630.479284944012761 ], [ 4330804.435592503286898, 10585947.36465173214674 ], [ 4330190.542804137803614, 10518525.106046583503485 ], [ 4262915.229710981249809, 10519130.357343144714832 ] ] ] } },
{ "type": "Feature", "properties": { "X1": 1.0, "log_hist_precip": -0.20851599002765672, "log_hist_temp": -3.5713872560743165, "lat": 2.1496669598847462, "lon": -0.080200121735903337, "latlon": -0.17240355187440587, "log_co2e_ha_2017": 6.1102809992228737, "id_group": 2 }, "geometry": { "type": "Polygon", "coordinates": [ [ [ 4330190.542804137803614, 10518525.106046583503485 ], [ 4330804.435592503286898, 10585947.36465173214674 ], [ 4398018.197070358321071, 10585329.580623233690858 ], [ 4397466.351758059114218, 10517977.739159176126122 ], [ 4330190.542804137803614, 10518525.106046583503485 ] ] ] } },
{ "type": "Feature", "properties": { "X1": 1.0, "log_hist_precip": 1.4927927140524213, "log_hist_temp": -3.3652079941300874, "lat": 2.0207339645351032, "lon": -0.78025060842811833, "latlon": -1.576678905299878, "log_co2e_ha_2017": 6.3578422665080998, "id_group": 1 }, "geometry": { "type": "Polygon", "coordinates": [ [ [ 3791025.771570963785052, 10456731.173507813364267 ], [ 3792006.105640578083694, 10524987.83683773688972 ], [ 3859276.553221649024636, 10523977.409622833132744 ], [ 3858352.005505103617907, 10455851.180644745007157 ], [ 3791025.771570963785052, 10456731.173507813364267 ] ] ] } },
{ "type": "Feature", "properties": { "X1": 1.0, "log_hist_precip": 0.61443406521027077, "log_hist_temp": -1.880947536054576, "lat": 2.0207339645351374, "lon": -0.43022536508209286, "latlon": -0.86937100762591435, "log_co2e_ha_2017": 6.3807271635793237, "id_group": 1 }, "geometry": { "type": "Polygon", "coordinates": [ [ [ 4060334.39637602167204, 10453513.661099312826991 ], [ 4061092.763634030241519, 10521293.412992656230927 ], [ 4128366.290322554763407, 10520514.511328510940075 ], [ 4127662.963876727037132, 10452835.309054769575596 ], [ 4060334.39637602167204, 10453513.661099312826991 ] ] ] } },
{ "type": "Feature", "properties": { "X1": 1.0, "log_hist_precip": -0.012992002112774077, "log_hist_temp": -2.5956047117159748, "lat": 2.0207339645350797, "lon": -0.34271905424545573, "latlon": -0.69254403320713276, "log_co2e_ha_2017": 6.336080672195723, "id_group": 2 }, "geometry": { "type": "Polygon", "coordinates": [ [ [ 4127662.963876727037132, 10452835.309054769575596 ], [ 4128366.290322554763407, 10520514.511328510940075 ], [ 4195640.462282589636743, 10519793.492600750178099 ], [ 4194992.020408969372511, 10452207.368236225098372 ], [ 4127662.963876727037132, 10452835.309054769575596 ] ] ] } },
{ "type": "Feature", "properties": { "X1": 1.0, "log_hist_precip": -0.78331301743175308, "log_hist_temp": -1.7030008088586914, "lat": 2.0207339645350966, "lon": -0.25521274340900119, "latlon": -0.51571705878874929, "log_co2e_ha_2017": 6.1534810355885918, "id_group": 2 }, "geometry": { "type": "Polygon", "coordinates": [ [ [ 4194992.020408969372511, 10452207.368236225098372 ], [ 4195640.462282589636743, 10519793.492600750178099 ], [ 4262915.229710981249809, 10519130.357343144714832 ], [ 4262321.528228125534952, 10451629.838995704427361 ], [ 4194992.020408969372511, 10452207.368236225098372 ] ] ] } },
{ "type": "Feature", "properties": { "X1": 1.0, "log_hist_precip": -1.2612637192021501, "log_hist_temp": -0.74165188840131169, "lat": 2.0207339645351734, "lon": -0.16770643257259377, "latlon": -0.33889008437046814, "log_co2e_ha_2017": 5.9270530020355929, "id_group": 2 }, "geometry": { "type": "Polygon", "coordinates": [ [ [ 4262321.528228125534952, 10451629.838995704427361 ], [ 4262915.229710981249809, 10519130.357343144714832 ], [ 4330190.542804137803614, 10518525.106046583503485 ], [ 4329651.449589320458472, 10451102.721656953915954 ], [ 4262321.528228125534952, 10451629.838995704427361 ] ] ] } },
{ "type": "Feature", "properties": { "X1": 1.0, "log_hist_precip": -1.0250831036220225, "log_hist_temp": -1.0773207608980826, "lat": 2.0207339645352076, "lon": -0.080200121735844898, "latlon": -0.16206310995148013, "log_co2e_ha_2017": 5.9607547354869936, "id_group": 2 }, "geometry": { "type": "Polygon", "coordinates": [ [ [ 4329651.449589320458472, 10451102.721656953915954 ], [ 4330190.542804137803614, 10518525.106046583503485 ], [ 4397466.351758059114218, 10517977.739159176126122 ], [ 4396981.746747445315123, 10450626.01651550270617 ], [ 4329651.449589320458472, 10451102.721656953915954 ] ] ] } },
{ "type": "Feature", "properties": { "X1": 1.0, "log_hist_precip": 1.9975954170258481, "log_hist_temp": 0.0078006909520301655, "lat": 2.0207339645351614, "lon": 1.0573819191388019, "latlon": 2.1366875574891484, "log_co2e_ha_2017": 5.782285536144145, "id_group": 3 }, "geometry": { "type": "Polygon", "coordinates": [ [ [ 5204960.885362598113716, 10448837.775191839784384 ], [ 5204796.607299598865211, 10515924.42502585798502 ], [ 5272074.330163047648966, 10516129.576733466237783 ], [ 5272292.633009113371372, 10449016.442646771669388 ], [ 5204960.885362598113716, 10448837.775191839784384 ] ] ] } },
{ "type": "Feature", "properties": { "X1": 1.0, "log_hist_precip": 1.6505461382920485, "log_hist_temp": 0.42969300082373529, "lat": 2.0207339645351623, "lon": 1.1448882299752625, "latlon": 2.3135145319075567, "log_co2e_ha_2017": 5.8192064689383054, "id_group": 3 }, "geometry": { "type": "Polygon", "coordinates": [ [ [ 5272292.633009113371372, 10449016.442646771669388 ], [ 5272074.330163047648966, 10516129.576733466237783 ], [ 5339351.851609533652663, 10516392.614623619243503 ], [ 5339624.228008568286896, 10449245.523468531668186 ], [ 5272292.633009113371372, 10449016.442646771669388 ] ] ] } },
{ "type": "Feature", "properties": { "X1": 1.0, "log_hist_precip": 1.5913412358899615, "log_hist_temp": -3.6095944212160989, "lat": 1.8918009614401929, "lon": -0.78025060842814287, "latlon": -1.4760788511886562, "log_co2e_ha_2017": 6.3457388978067177, "id_group": 1 }, "geometry": { "type": "Polygon", "coordinates": [ [ [ 3790181.550735056400299, 10388471.876960724592209 ], [ 3791025.771570963785052, 10456731.173507813364267 ], [ 3858352.005505103617907, 10455851.180644745007157 ], [ 3857555.827740848995745, 10387722.714046034961939 ], [ 3790181.550735056400299, 10388471.876960724592209 ] ] ] } },
{ "type": "Feature", "properties": { "X1": 1.0, "log_hist_precip": 1.3716986962201265, "log_hist_temp": -1.5988345863507689, "lat": 1.8918009614401508, "lon": -0.69274429759158884, "latlon": -1.3105343282159496, "log_co2e_ha_2017": 6.3660170688434157, "id_group": 1 }, "geometry": { "type": "Polygon", "coordinates": [ [ [ 3857555.827740848064423, 10387722.714046034961939 ], [ 3858352.005505102220923, 10455851.180644745007157 ], [ 3925678.879446314182132, 10455021.597316963598132 ], [ 3924930.568274520337582, 10387016.466818468645215 ], [ 3857555.827740848064423, 10387722.714046034961939 ] ] ] } },
{ "type": "Feature", "properties": { "X1": 1.0, "log_hist_precip": 1.2003433053856167, "log_hist_temp": -1.3324908769561565, "lat": 1.8918009614400888, "lon": -0.60523798675509843, "latlon": -1.1449898052433589, "log_co2e_ha_2017": 6.364054639384694, "id_group": 1 }, "geometry": { "type": "Polygon", "coordinates": [ [ [ 3924930.568274521734565, 10387016.466818468645215 ], [ 3925678.879446315579116, 10455021.597316963598132 ], [ 3993006.355651198886335, 10454242.423989553004503 ], [ 3992305.744999882299453, 10386353.135564602911472 ], [ 3924930.568274521734565, 10387016.466818468645215 ] ] ] } },
{ "type": "Feature", "properties": { "X1": 1.0, "log_hist_precip": 0.89929215939887641, "log_hist_temp": -1.8392398261852438, "lat": 1.8918009614401186, "lon": -0.51773167591855873, "latlon": -0.97944528227073324, "log_co2e_ha_2017": 6.4023775273436865, "id_group": 1 }, "geometry": { "type": "Polygon", "coordinates": [ [ [ 3992305.744999882299453, 10386353.135564602911472 ], [ 3993006.355651198886335, 10454242.423989553004503 ], [ 4060334.396376020275056, 10453513.661099312826991 ], [ 4059681.330580565612763, 10385732.720553545281291 ], [ 3992305.744999882299453, 10386353.135564602911472 ] ] ] } },
{ "type": "Feature", "properties": { "X1": 1.0, "log_hist_precip": 0.42363183594110976, "log_hist_temp": -0.21553219052773762, "lat": 1.8918009614402014, "lon": -0.43022536508206416, "latlon": -0.8139007592982106, "log_co2e_ha_2017": 6.432908023973412, "id_group": 1 }, "geometry": { "type": "Polygon", "coordinates": [ [ [ 4059681.330580567009747, 10385732.720553545281291 ], [ 4060334.39637602167204, 10453513.661099312826991 ], [ 4127662.963876727037132, 10452835.309054769575596 ], [ 4127057.297680040821433, 10385155.22203703224659 ], [ 4059681.330580567009747, 10385732.720553545281291 ] ] ] } },
{ "type": "Feature", "properties": { "X1": 1.0, "log_hist_precip": -0.42588948139183308, "log_hist_temp": 0.7937486160274162, "lat": 1.8918009614401632, "lon": -0.34271905424542703, "latlon": -0.64835623632536232, "log_co2e_ha_2017": 6.3261779872339279, "id_group": 2 }, "geometry": { "type": "Polygon", "coordinates": [ [ [ 4127057.297680040821433, 10385155.22203703224659 ], [ 4127662.963876727037132, 10452835.309054769575596 ], [ 4194992.020408969372511, 10452207.368236225098372 ], [ 4194433.618961619213223, 10384620.640249378979206 ], [ 4127057.297680040821433, 10385155.22203703224659 ] ] ] } },
{ "type": "Feature", "properties": { "X1": 1.0, "log_hist_precip": -1.2171053433990502, "log_hist_temp": 1.7114070212878605, "lat": 1.8918009614401552, "lon": -0.25521274340903605, "latlon": -0.482811713352994, "log_co2e_ha_2017": 5.7120812774708964, "id_group": 2 }, "geometry": { "type": "Polygon", "coordinates": [ [ [ 4194433.618961619213223, 10384620.640249378979206 ], [ 4194992.020408969372511, 10452207.368236225098372 ], [ 4262321.528228125534952, 10451629.838995704427361 ], [ 4261810.267088467255235, 10384128.975407486781478 ], [ 4194433.618961619213223, 10384620.640249378979206 ] ] ] } },
{ "type": "Feature", "properties": { "X1": 1.0, "log_hist_precip": -1.4494326259029278, "log_hist_temp": 1.8244383837417806, "lat": 1.8918009614401152, "lon": -0.16770643257258452, "latlon": -0.31726719038050727, "log_co2e_ha_2017": 5.6154368746534349, "id_group": 2 }, "geometry": { "type": "Polygon", "coordinates": [ [ [ 4261810.267088467255235, 10384128.975407486781478 ], [ 4262321.528228125534952, 10451629.838995704427361 ], [ 4329651.449589320458472, 10451102.721656953915954 ], [ 4329187.214723626151681, 10383680.227710830047727 ], [ 4261810.267088467255235, 10384128.975407486781478 ] ] ] } },
{ "type": "Feature", "properties": { "X1": 1.0, "log_hist_precip": -1.7088701731115246, "log_hist_temp": 1.7686590479237803, "lat": 1.8918009614401283, "lon": -0.08020012173588284, "latlon": -0.15172266740755849, "log_co2e_ha_2017": 5.7935216094110702, "id_group": 2 }, "geometry": { "type": "Polygon", "coordinates": [ [ [ 4329187.214723626151681, 10383680.227710830047727 ], [ 4329651.449589320458472, 10451102.721656953915954 ], [ 4396981.746747445315123, 10450626.01651550270617 ], [ 4396564.434530005790293, 10383274.39734148979187 ], [ 4329187.214723626151681, 10383680.227710830047727 ] ] ] } },
{ "type": "Feature", "properties": { "X1": 1.0, "log_hist_precip": 2.2198746809324641, "log_hist_temp": -0.055617199777456522, "lat": 1.8918009614401778, "lon": 1.057381919138767, "latlon": 2.0003561312361797, "log_co2e_ha_2017": 6.4847987093257826, "id_group": 3 }, "geometry": { "type": "Polygon", "coordinates": [ [ [ 5205102.350745547562838, 10381752.02694483473897 ], [ 5204960.885362598113716, 10448837.775191839784384 ], [ 5272292.633009113371372, 10449016.442646771669388 ], [ 5272480.62106797285378, 10381904.130476094782352 ], [ 5205102.350745547562838, 10381752.02694483473897 ] ] ] } },
{ "type": "Feature", "properties": { "X1": 1.0, "log_hist_precip": 1.8940499612347041, "log_hist_temp": 0.54985365174786549, "lat": 1.8918009614402074, "lon": 1.1448882299752821, "latlon": 2.1659006542088157, "log_co2e_ha_2017": 6.1248766073639249, "id_group": 3 }, "geometry": { "type": "Polygon", "coordinates": [ [ [ 5272480.62106797285378, 10381904.130476094782352 ], [ 5272292.633009113371372, 10449016.442646771669388 ], [ 5339624.228008568286896, 10449245.523468531668186 ], [ 5339858.780835879966617, 10382099.152055282145739 ], [ 5272480.62106797285378, 10381904.130476094782352 ] ] ] } },
{ "type": "Feature", "properties": { "X1": 1.0, "log_hist_precip": 1.1675644314519926, "log_hist_temp": -3.1773853712705149, "lat": 1.7628679516751065, "lon": -0.69274429759156531, "latlon": -1.221216720929853, "log_co2e_ha_2017": 6.3696938094984858, "id_group": 1 }, "geometry": { "type": "Polygon", "coordinates": [ [ [ 3856888.112325721420348, 10319592.342493642121553 ], [ 3857555.827740848064423, 10387722.714046034961939 ], [ 3924930.568274520337582, 10387016.466818468645215 ], [ 3924302.997693430632353, 10319009.748561190441251 ], [ 3856888.112325721420348, 10319592.342493642121553 ] ] ] } },
{ "type": "Feature", "properties": { "X1": 1.0, "log_hist_precip": 0.91347450297677613, "log_hist_temp": -1.2286326358473623, "lat": 1.7628679516751413, "lon": -0.60523798675510454, "latlon": -1.0669546499869575, "log_co2e_ha_2017": 6.4198703520700944, "id_group": 1 }, "geometry": { "type": "Polygon", "coordinates": [ [ [ 3924302.997693431563675, 10319009.748561190441251 ], [ 3924930.568274521734565, 10387016.466818468645215 ], [ 3992305.744999882299453, 10386353.135564602911472 ], [ 3991718.179709559772164, 10318462.557037491351366 ], [ 3924302.997693431563675, 10319009.748561190441251 ] ] ] } },
{ "type": "Feature", "properties": { "X1": 1.0, "log_hist_precip": 0.59499299412972562, "log_hist_temp": -0.26861725284177518, "lat": 1.7628679516751342, "lon": -0.51773167591856994, "latlon": -0.91269257904390377, "log_co2e_ha_2017": 6.4530199912808266, "id_group": 1 }, "geometry": { "type": "Polygon", "coordinates": [ [ [ 3991718.179709559772164, 10318462.557037491351366 ], [ 3992305.744999882299453, 10386353.135564602911472 ], [ 4059681.330580565612763, 10385732.720553545281291 ], [ 4059133.639782806392759, 10317950.768073379993439 ], [ 3991718.179709559772164, 10318462.557037491351366 ] ] ] } },
{ "type": "Feature", "properties": { "X1": 1.0, "log_hist_precip": 0.21784657704549798, "log_hist_temp": 0.028385856274808816, "lat": 1.7628679516750487, "lon": -0.43022536508206211, "latlon": -0.75843050810086488, "log_co2e_ha_2017": 6.4688086154026037, "id_group": 1 }, "geometry": { "type": "Polygon", "coordinates": [ [ [ 4059133.639782807789743, 10317950.768073379993439 ], [ 4059681.330580567009747, 10385732.720553545281291 ], [ 4127057.297680040821433, 10385155.22203703224659 ], [ 4126549.359321794472635, 10317474.381810013204813 ], [ 4059133.639782807789743, 10317950.768073379993439 ] ] ] } },
{ "type": "Feature", "properties": { "X1": 1.0, "log_hist_precip": -0.41883118657723617, "log_hist_temp": 1.1785305257987742, "lat": 1.7628679516751473, "lon": -0.34271905424547833, "latlon": -0.60416843715777013, "log_co2e_ha_2017": 6.3749121220455702, "id_group": 2 }, "geometry": { "type": "Polygon", "coordinates": [ [ [ 4126549.359321794472635, 10317474.381810013204813 ], [ 4127057.297680040821433, 10385155.22203703224659 ], [ 4194433.618961619213223, 10384620.640249378979206 ], [ 4193965.31973507348448, 10317033.398378755897284 ], [ 4126549.359321794472635, 10317474.381810013204813 ] ] ] } },
{ "type": "Feature", "properties": { "X1": 1.0, "log_hist_precip": -1.118082218285025, "log_hist_temp": 2.1072933635252511, "lat": 1.7628679516752082, "lon": -0.25521274340902272, "latlon": -0.4499063662148744, "log_co2e_ha_2017": 5.7248203032483262, "id_group": 2 }, "geometry": { "type": "Polygon", "coordinates": [ [ [ 4193965.31973507348448, 10317033.398378755897284 ], [ 4194433.618961619213223, 10384620.640249378979206 ], [ 4261810.267088467255235, 10384128.975407486781478 ], [ 4261381.502431126311421, 10316627.817901238799095 ], [ 4193965.31973507348448, 10317033.398378755897284 ] ] ] } },
{ "type": "Feature", "properties": { "X1": 1.0, "log_hist_precip": -1.4225590830731933, "log_hist_temp": 2.2582289335481978, "lat": 1.7628679516751262, "lon": -0.16770643257251275, "latlon": -0.29564429527184821, "log_co2e_ha_2017": 5.7739376333885275, "id_group": 2 }, "geometry": { "type": "Polygon", "coordinates": [ [ [ 4261381.502431126311421, 10316627.817901238799095 ], [ 4261810.267088467255235, 10384128.975407486781478 ], [ 4329187.214723626151681, 10383680.227710830047727 ], [ 4328797.888818377628922, 10316257.640489304438233 ], [ 4261381.502431126311421, 10316627.817901238799095 ] ] ] } },
{ "type": "Feature", "properties": { "X1": 1.0, "log_hist_precip": -1.5619305455240069, "log_hist_temp": 1.4593228580342783, "lat": 1.7628679516750245, "lon": -0.080200121735891042, "latlon": -0.14138222432863784, "log_co2e_ha_2017": 6.0222362057747354, "id_group": 2 }, "geometry": { "type": "Polygon", "coordinates": [ [ [ 4328797.888818377628922, 10316257.640489304438233 ], [ 4329187.214723626151681, 10383680.227710830047727 ], [ 4396564.434530005790293, 10383274.39734148979187 ], [ 4396214.460305191576481, 10315922.866245049983263 ], [ 4328797.888818377628922, 10316257.640489304438233 ] ] ] } },
{ "type": "Feature", "properties": { "X1": 1.0, "log_hist_precip": 1.2656362216243542, "log_hist_temp": -0.28749603379280808, "lat": 1.7628679516750685, "lon": 0.96987560830219766, "latlon": 1.7097626269873063, "log_co2e_ha_2017": 6.62463766921769, "id_group": 11 }, "geometry": { "type": "Polygon", "coordinates": [ [ [ 5137803.645983322523534, 10314576.97804724611342 ], [ 5137723.997206226922572, 10381642.841523233801126 ], [ 5205102.350745547562838, 10381752.02694483473897 ], [ 5205220.988504033535719, 10314667.046223748475313 ], [ 5137803.645983322523534, 10314576.97804724611342 ] ] ] } },
{ "type": "Feature", "properties": { "X1": 1.0, "log_hist_precip": 1.5973841805958056, "log_hist_temp": -0.13744992606142728, "lat": 1.7628679516750723, "lon": 1.0573819191387916, "latlon": 1.8640246979304584, "log_co2e_ha_2017": 6.6288377876440245, "id_group": 3 }, "geometry": { "type": "Polygon", "coordinates": [ [ [ 5205220.988504033535719, 10314667.046223748475313 ], [ 5205102.350745547562838, 10381752.02694483473897 ], [ 5272480.62106797285378, 10381904.130476094782352 ], [ 5272638.27443029358983, 10314792.518006561324 ], [ 5205220.988504033535719, 10314667.046223748475313 ] ] ] } },
{ "type": "Feature", "properties": { "X1": 1.0, "log_hist_precip": 1.5811715029230355, "log_hist_temp": 0.51358255247630002, "lat": 1.7628679516749985, "lon": 1.1448882299752894, "latlon": 2.0182867688733532, "log_co2e_ha_2017": 6.4316001797266642, "id_group": 3 }, "geometry": { "type": "Polygon", "coordinates": [ [ [ 5272638.27443029358983, 10314792.518006561324 ], [ 5272480.62106797285378, 10381904.130476094782352 ], [ 5339858.780835879966617, 10382099.152055282145739 ], [ 5340055.485170220956206, 10314953.393361074849963 ], [ 5272638.27443029358983, 10314792.518006561324 ] ] ] } },
{ "type": "Feature", "properties": { "X1": 1.0, "log_hist_precip": 1.0070704061316362, "log_hist_temp": -3.3238350008164268, "lat": 1.633934936316322, "lon": -0.69274429759157963, "latlon": -1.1318991097687929, "log_co2e_ha_2017": 6.4231914064346967, "id_group": 7 }, "geometry": { "type": "Polygon", "coordinates": [ [ [ 3856348.936753099784255, 10251460.399512676522136 ], [ 3856888.112325721420348, 10319592.342493642121553 ], [ 3924302.997693430632353, 10319009.748561190441251 ], [ 3923796.239768841769546, 10251001.720535788685083 ], [ 3856348.936753099784255, 10251460.399512676522136 ] ] ] } },
{ "type": "Feature", "properties": { "X1": 1.0, "log_hist_precip": 0.68633147012785123, "log_hist_temp": -2.1654420278306405, "lat": 1.6339349363163407, "lon": -0.60523798675512819, "latlon": -0.98891949134497059, "log_co2e_ha_2017": 6.4518219790001989, "id_group": 7 }, "geometry": { "type": "Polygon", "coordinates": [ [ [ 3923796.23976884316653, 10251001.720535788685083 ], [ 3924302.997693431563675, 10319009.748561190441251 ], [ 3991718.179709559772164, 10318462.557037491351366 ], [ 3991243.72657505935058, 10250570.914284411817789 ], [ 3923796.23976884316653, 10251001.720535788685083 ] ] ] } },
{ "type": "Feature", "properties": { "X1": 1.0, "log_hist_precip": 0.29675618632328704, "log_hist_temp": -0.011280710430535102, "lat": 1.6339349363162945, "lon": -0.51773167591849512, "latlon": -0.84593987292081474, "log_co2e_ha_2017": 6.4531242653909064, "id_group": 7 }, "geometry": { "type": "Polygon", "coordinates": [ [ [ 3991243.72657505935058, 10250570.914284411817789 ], [ 3991718.179709559772164, 10318462.557037491351366 ], [ 4059133.639782806392759, 10317950.768073379993439 ], [ 4058691.385653295554221, 10250167.980832142755389 ], [ 3991243.72657505935058, 10250570.914284411817789 ] ] ] } },
{ "type": "Feature", "properties": { "X1": 1.0, "log_hist_precip": -0.06601107545375863, "log_hist_temp": 0.60494716045967745, "lat": 1.6339349363163322, "lon": -0.43022536508210413, "latlon": -0.70296025449709865, "log_co2e_ha_2017": 6.4573992639057352, "id_group": 7 }, "geometry": { "type": "Polygon", "coordinates": [ [ [ 4058691.385653296951205, 10250167.980832142755389 ], [ 4059133.639782807789743, 10317950.768073379993439 ], [ 4126549.359321794472635, 10317474.381810013204813 ], [ 4126139.205485067795962, 10249792.920247744768858 ], [ 4058691.385653296951205, 10250167.980832142755389 ] ] ] } },
{ "type": "Feature", "properties": { "X1": 1.0, "log_hist_precip": -0.55714539253688877, "log_hist_temp": 1.2252602741000138, "lat": 1.6339349363163411, "lon": -0.34271905424551524, "latlon": -0.5599806360730426, "log_co2e_ha_2017": 6.1386730824662994, "id_group": 8 }, "geometry": { "type": "Polygon", "coordinates": [ [ [ 4126139.205485067795962, 10249792.920247744768858 ], [ 4126549.359321794472635, 10317474.381810013204813 ], [ 4193965.31973507348448, 10317033.398378755897284 ], [ 4193587.174551861360669, 10249445.732595315203071 ], [ 4126139.205485067795962, 10249792.920247744768858 ] ] ] } },
{ "type": "Feature", "properties": { "X1": 1.0, "log_hist_precip": -1.096140626220365, "log_hist_temp": 2.0266760539013631, "lat": 1.6339349363163067, "lon": -0.25521274340901245, "latlon": -0.41700101764911468, "log_co2e_ha_2017": 6.1374073205223043, "id_group": 8 }, "geometry": { "type": "Polygon", "coordinates": [ [ [ 4193587.174551861360669, 10249445.732595315203071 ], [ 4193965.31973507348448, 10317033.398378755897284 ], [ 4261381.502431126311421, 10316627.817901238799095 ], [ 4261035.281335136853158, 10249126.417934142053127 ], [ 4193587.174551861360669, 10249445.732595315203071 ] ] ] } },
{ "type": "Feature", "properties": { "X1": 1.0, "log_hist_precip": -1.2461728301447583, "log_hist_temp": 1.7458425955557366, "lat": 1.6339349363163138, "lon": -0.16770643257247583, "latlon": -0.27402139922514446, "log_co2e_ha_2017": 6.0830233849292981, "id_group": 8 }, "geometry": { "type": "Polygon", "coordinates": [ [ [ 4261035.281335136853158, 10249126.417934142053127 ], [ 4261381.502431126311421, 10316627.817901238799095 ], [ 4328797.888818377628922, 10316257.640489304438233 ], [ 4328483.514316335320473, 10248834.976318741217256 ], [ 4261035.281335136853158, 10249126.417934142053127 ] ] ] } },
{ "type": "Feature", "properties": { "X1": 1.0, "log_hist_precip": -1.5816716762098075, "log_hist_temp": 2.024133867037087, "lat": 1.6339349363163707, "lon": -0.080200121735888988, "latlon": -0.13104178080109494, "log_co2e_ha_2017": 6.0027135392858719, "id_group": 8 }, "geometry": { "type": "Polygon", "coordinates": [ [ [ 4328483.514316335320473, 10248834.976318741217256 ], [ 4328797.888818377628922, 10316257.640489304438233 ], [ 4396214.460305191576481, 10315922.866245049983263 ], [ 4395931.861976869404316, 10248571.407798862084746 ], [ 4328483.514316335320473, 10248834.976318741217256 ] ] ] } },
{ "type": "Feature", "properties": { "X1": 1.0, "log_hist_precip": -0.7843577272340716, "log_hist_temp": -0.62039055306858659, "lat": 1.63393493631634, "lon": 0.44483774328310716, "latlon": 0.72683592974238809, "log_co2e_ha_2017": 6.4131188541975339, "id_group": 10 }, "geometry": { "type": "Polygon", "coordinates": [ [ [ 4733174.917317929677665, 10247671.663041556254029 ], [ 4733299.44352225959301, 10314780.045428225770593 ], [ 4800716.735179650597274, 10314657.691786976531148 ], [ 4800623.711163278669119, 10247575.333873586729169 ], [ 4733174.917317929677665, 10247671.663041556254029 ] ] ] } },
{ "type": "Feature", "properties": { "X1": 1.0, "log_hist_precip": -0.50093789639248432, "log_hist_temp": -0.66415359354816239, "lat": 1.6339349363163436, "lon": 0.5323440541197012, "latlon": 0.86981554816645812, "log_co2e_ha_2017": 6.5283455676272784, "id_group": 10 }, "geometry": { "type": "Polygon", "coordinates": [ [ [ 4800623.711163278669119, 10247575.333873586729169 ], [ 4800716.735179650597274, 10314657.691786976531148 ], [ 4868134.081794029101729, 10314570.741754647344351 ], [ 4868072.53905744291842, 10247506.878016313537955 ], [ 4800623.711163278669119, 10247575.333873586729169 ] ] ] } },
{ "type": "Feature", "properties": { "X1": 1.0, "log_hist_precip": -0.098584065785483108, "log_hist_temp": -0.9475403336763234, "lat": 1.6339349363162885, "lon": 0.61985036495620494, "latlon": 1.012795166590345, "log_co2e_ha_2017": 6.5532144080972667, "id_group": 10 }, "geometry": { "type": "Polygon", "coordinates": [ [ [ 4868072.539057443849742, 10247506.878016313537955 ], [ 4868134.081794030033052, 10314570.741754647344351 ], [ 4935551.464773496612906, 10314519.195355148985982 ], [ 4935521.389481739141047, 10247466.295481380075216 ], [ 4868072.539057443849742, 10247506.878016313537955 ] ] ] } },
{ "type": "Feature", "properties": { "X1": 1.0, "log_hist_precip": 0.45108551210542797, "log_hist_temp": -0.45006262695705862, "lat": 1.6339349363163533, "lon": 0.79486298662927923, "latlon": 1.2987544034383378, "log_co2e_ha_2017": 6.5899736852099293, "id_group": 11 }, "geometry": { "type": "Polygon", "coordinates": [ [ [ 5002970.250917474739254, 10247453.586275739595294 ], [ 5002968.865526143461466, 10314503.052602741867304 ], [ 5070386.265460056252778, 10314522.313501873984933 ], [ 5070419.111845961771905, 10247468.750401532277465 ], [ 5002970.250917474739254, 10247453.586275739595294 ] ] ] } },
{ "type": "Feature", "properties": { "X1": 1.0, "log_hist_precip": 0.66695706498021678, "log_hist_temp": -0.38437659563731252, "lat": 1.633934936316374, "lon": 0.88236929746574411, "latlon": 1.4417340218622143, "log_co2e_ha_2017": 6.5750197303991715, "id_group": 11 }, "geometry": { "type": "Polygon", "coordinates": [ [ [ 5070419.111845961771905, 10247468.750401532277465 ], [ 5070386.265460056252778, 10314522.313501873984933 ], [ 5137803.645983322523534, 10314576.97804724611342 ], [ 5137867.960748508572578, 10247511.787856239825487 ], [ 5070419.111845961771905, 10247468.750401532277465 ] ] ] } },
{ "type": "Feature", "properties": { "X1": 1.0, "log_hist_precip": 0.86105461424407981, "log_hist_temp": -0.10958618824364284, "lat": 1.6339349363163469, "lon": 0.96987560830218023, "latlon": 1.5847136402860011, "log_co2e_ha_2017": 6.6610317714345966, "id_group": 11 }, "geometry": { "type": "Polygon", "coordinates": [ [ [ 5137867.960748508572578, 10247511.787856239825487 ], [ 5137803.645983322523534, 10314576.97804724611342 ], [ 5205220.988504033535719, 10314667.046223748475313 ], [ 5205316.786106426268816, 10247582.69863242097199 ], [ 5137867.960748508572578, 10247511.787856239825487 ] ] ] } },
{ "type": "Feature", "properties": { "X1": 1.0, "log_hist_precip": 1.0982804511635005, "log_hist_temp": -0.19425965111521812, "lat": 1.633934936316342, "lon": 1.0573819191388121, "latlon": 1.7276932587101264, "log_co2e_ha_2017": 6.6606159230156017, "id_group": 12 }, "geometry": { "type": "Polygon", "coordinates": [ [ [ 5205316.786106426268816, 10247582.69863242097199 ], [ 5205220.988504033535719, 10314667.046223748475313 ], [ 5272638.27443029358983, 10314792.518006561324 ], [ 5272765.576401029713452, 10247681.482718018814921 ], [ 5205316.786106426268816, 10247582.69863242097199 ] ] ] } },
{ "type": "Feature", "properties": { "X1": 1.0, "log_hist_precip": 1.224862654568535, "log_hist_temp": 0.51843832134174483, "lat": 1.6339349363163769, "lon": 1.1448882299752945, "latlon": 1.8706728771340522, "log_co2e_ha_2017": 6.5441883973505135, "id_group": 12 }, "geometry": { "type": "Polygon", "coordinates": [ [ [ 5272765.576401029713452, 10247681.482718018814921 ], [ 5272638.27443029358983, 10314792.518006561324 ], [ 5340055.485170220956206, 10314953.393361074849963 ], [ 5340214.320113642141223, 10247808.14009615778923 ], [ 5272765.576401029713452, 10247681.482718018814921 ] ] ] } },
{ "type": "Feature", "properties": { "X1": 1.0, "log_hist_precip": 0.97916921346821717, "log_hist_temp": 1.1093456921138267, "lat": 1.6339349363163544, "lon": 1.2323945408117747, "latlon": 2.0136524955579098, "log_co2e_ha_2017": 5.9740458616772711, "id_group": 12 }, "geometry": { "type": "Polygon", "coordinates": [ [ [ 5340214.320113643072546, 10247808.14009615778923 ], [ 5340055.485170220956206, 10314953.393361074849963 ], [ 5407472.602131953462958, 10315149.672242917120457 ], [ 5407663.005725591443479, 10247962.670745201408863 ], [ 5340214.320113643072546, 10247808.14009615778923 ] ] ] } },
{ "type": "Feature", "properties": { "X1": 1.0, "log_hist_precip": 2.1948615291850722, "log_hist_temp": -0.0051451120728482468, "lat": 1.5050019164406974, "lon": -1.4803010951202902, "latlon": -2.2278559850652999, "log_co2e_ha_2017": 6.2069547363587638, "id_group": 4 }, "geometry": { "type": "Polygon", "coordinates": [ [ [ 3248695.871019242331386, 10187253.101675108075142 ], [ 3249333.380710994824767, 10256842.768457427620888 ], [ 3316778.511287761386484, 10256133.239046987146139 ], [ 3316166.704751082696021, 10186735.572082571685314 ], [ 3248695.871019242331386, 10187253.101675108075142 ] ] ] } },
{ "type": "Feature", "properties": { "X1": 1.0, "log_hist_precip": 2.3736109971594139, "log_hist_temp": 0.093037979529599996, "lat": 1.5050019164406401, "lon": -1.3927947842838049, "latlon": -2.0961588195556544, "log_co2e_ha_2017": 6.2425214045319208, "id_group": 5 }, "geometry": { "type": "Polygon", "coordinates": [ [ [ 3316166.704751078039408, 10186735.572082571685314 ], [ 3316778.511287757195532, 10256133.239046987146139 ], [ 3384223.929319457150996, 10255451.581485744565725 ], [ 3383637.691359591670334, 10186238.372502136975527 ], [ 3316166.704751078039408, 10186735.572082571685314 ] ] ] } },
{ "type": "Feature", "properties": { "X1": 1.0, "log_hist_precip": 2.6721393765465549, "log_hist_temp": 0.20549557135093074, "lat": 1.5050019164406789, "lon": -1.3052884734471308, "latlon": -1.9644616540458602, "log_co2e_ha_2017": 6.2689946525257279, "id_group": 5 }, "geometry": { "type": "Polygon", "coordinates": [ [ [ 3383637.691359591670334, 10186238.372502136975527 ], [ 3384223.929319457150996, 10255451.581485744565725 ], [ 3451669.623287982773036, 10254797.795890066772699 ], [ 3451108.824719025753438, 10185761.502978863194585 ], [ 3383637.691359591670334, 10186238.372502136975527 ] ] ] } },
{ "type": "Feature", "properties": { "X1": 1.0, "log_hist_precip": 2.679560835255935, "log_hist_temp": 0.46710435525319022, "lat": 1.5050019164406443, "lon": -1.2177821626107521, "latlon": -1.8327644885364143, "log_co2e_ha_2017": 6.283816181842643, "id_group": 5 }, "geometry": { "type": "Polygon", "coordinates": [ [ [ 3451108.824719024356455, 10185761.502978863194585 ], [ 3451669.623287981376052, 10254797.795890066772699 ], [ 3519115.581675187684596, 10254171.882371654734015 ], [ 3518580.098703620024025, 10185304.963556120172143 ], [ 3451108.824719024356455, 10185761.502978863194585 ] ] ] } },
{ "type": "Feature", "properties": { "X1": 1.0, "log_hist_precip": 2.473701111232252, "log_hist_temp": 0.66675400693798859, "lat": 1.5050019164406887, "lon": -1.1302758517740823, "latlon": -1.7010673230266256, "log_co2e_ha_2017": 6.2423863273792399, "id_group": 5 }, "geometry": { "type": "Polygon", "coordinates": [ [ [ 3518580.09870361816138, 10185304.963556120172143 ], [ 3519115.581675186287612, 10254171.882371654734015 ], [ 3586561.792962876148522, 10253573.84103736653924 ], [ 3586051.507187598384917, 10184868.754275342449546 ], [ 3518580.09870361816138, 10185304.963556120172143 ] ] ] } },
{ "type": "Feature", "properties": { "X1": 1.0, "log_hist_precip": 0.62977066959554207, "log_hist_temp": -0.77741725909598203, "lat": 1.505001916440708, "lon": -0.69274429759159395, "latlon": -1.0425814954787211, "log_co2e_ha_2017": 6.356666428348122, "id_group": 7 }, "geometry": { "type": "Polygon", "coordinates": [ [ [ 3855938.363601453602314, 10183327.219336157664657 ], [ 3856348.936753099784255, 10251460.399512676522136 ], [ 3923796.239768841769546, 10251001.720535788685083 ], [ 3923410.352695329114795, 10182992.661322290077806 ], [ 3855938.363601453602314, 10183327.219336157664657 ] ] ] } },
{ "type": "Feature", "properties": { "X1": 1.0, "log_hist_precip": 0.33747391295658041, "log_hist_temp": -0.16809032991430087, "lat": 1.5050019164406612, "lon": -0.60523798675510043, "latlon": -0.91088432996911362, "log_co2e_ha_2017": 6.3943699702096781, "id_group": 7 }, "geometry": { "type": "Polygon", "coordinates": [ [ [ 3923410.352695330511779, 10182992.661322290077806 ], [ 3923796.23976884316653, 10251001.720535788685083 ], [ 3991243.72657505935058, 10250570.914284411817789 ], [ 3990882.439533703494817, 10182678.433660306036472 ], [ 3923410.352695330511779, 10182992.661322290077806 ] ] ] } },
{ "type": "Feature", "properties": { "X1": 1.0, "log_hist_precip": 0.018173905416320902, "log_hist_temp": 0.58284546375202406, "lat": 1.5050019164407051, "lon": -0.51773167591860481, "latlon": -0.77918716445955827, "log_co2e_ha_2017": 6.4251162257194601, "id_group": 7 }, "geometry": { "type": "Polygon", "coordinates": [ [ [ 3990882.439533703494817, 10182678.433660306036472 ], [ 3991243.72657505935058, 10250570.914284411817789 ], [ 4058691.385653295554221, 10250167.980832142755389 ], [ 4058354.617990726605058, 10182384.536378754302859 ], [ 3990882.439533703494817, 10182678.433660306036472 ] ] ] } },
{ "type": "Feature", "properties": { "X1": 1.0, "log_hist_precip": -0.26096998803424681, "log_hist_temp": 0.69862744519353348, "lat": 1.5050019164406936, "lon": -0.43022536508201592, "latlon": -0.64748999894983106, "log_co2e_ha_2017": 6.4184305913445776, "id_group": 7 }, "geometry": { "type": "Polygon", "coordinates": [ [ [ 4058354.617990728467703, 10182384.536378754302859 ], [ 4058691.385653296951205, 10250167.980832142755389 ], [ 4126139.205485067795962, 10249792.920247744768858 ], [ 4125826.881940544582903, 10182110.969504302367568 ], [ 4058354.617990728467703, 10182384.536378754302859 ] ] ] } },
{ "type": "Feature", "properties": { "X1": 1.0, "log_hist_precip": -0.69848010580636455, "log_hist_temp": 1.1743370795469439, "lat": 1.505001916440635, "lon": -0.34271905424549676, "latlon": -0.51579283344019455, "log_co2e_ha_2017": 6.2046737987721157, "id_group": 8 }, "geometry": { "type": "Polygon", "coordinates": [ [ [ 4125826.881940544582903, 10182110.969504302367568 ], [ 4126139.205485067795962, 10249792.920247744768858 ], [ 4193587.174551861360669, 10249445.732595315203071 ], [ 4193299.225257291458547, 10181857.733061792328954 ], [ 4125826.881940544582903, 10182110.969504302367568 ] ] ] } },
{ "type": "Feature", "properties": { "X1": 1.0, "log_hist_precip": -1.026331812934586, "log_hist_temp": 1.7680016307695994, "lat": 1.5050019164406367, "lon": -0.25521274340900424, "latlon": -0.38409566793062389, "log_co2e_ha_2017": 6.1031039804066687, "id_group": 8 }, "geometry": { "type": "Polygon", "coordinates": [ [ [ 4193299.225257291458547, 10181857.733061792328954 ], [ 4193587.174551861360669, 10249445.732595315203071 ], [ 4261035.281335136853158, 10249126.417934142053127 ], [ 4260771.641815092414618, 10181624.827074222266674 ], [ 4193299.225257291458547, 10181857.733061792328954 ] ] ] } },
{ "type": "Feature", "properties": { "X1": 1.0, "log_hist_precip": -0.98545069368479465, "log_hist_temp": 1.3602021854140094, "lat": 1.5050019164406936, "lon": -0.16770643257251275, "latlon": -0.25239850242106365, "log_co2e_ha_2017": 6.2071354676047843, "id_group": 8 }, "geometry": { "type": "Polygon", "coordinates": [ [ [ 4260771.641815092414618, 10181624.827074222266674 ], [ 4261035.281335136853158, 10249126.417934142053127 ], [ 4328483.514316335320473, 10248834.976318741217256 ], [ 4328244.125488072633743, 10181412.251562753692269 ], [ 4260771.641815092414618, 10181624.827074222266674 ] ] ] } },
{ "type": "Feature", "properties": { "X1": 1.0, "log_hist_precip": -1.1706868206877328, "log_hist_temp": 0.911543370648488, "lat": 1.5050019164407133, "lon": -0.08020012173591462, "latlon": -0.12070133691133002, "log_co2e_ha_2017": 6.3242214723050187, "id_group": 8 }, "geometry": { "type": "Polygon", "coordinates": [ [ [ 4328244.125488072633743, 10181412.251562753692269 ], [ 4328483.514316335320473, 10248834.976318741217256 ], [ 4395931.861976869404316, 10248571.407798863947392 ], [ 4395716.670150344260037, 10181220.006546629592776 ], [ 4328244.125488072633743, 10181412.251562753692269 ] ] ] } },
{ "type": "Feature", "properties": { "X1": 1.0, "log_hist_precip": -0.98343764265148448, "log_hist_temp": 0.26503561274180992, "lat": 1.5050019164405937, "lon": 0.18231881077359574, "latlon": 0.27439015961743157, "log_co2e_ha_2017": 6.4586785158402753, "id_group": 9 }, "geometry": { "type": "Polygon", "coordinates": [ [ [ 4530661.91793920379132, 10180896.508068472146988 ], [ 4530828.85526152420789, 10248127.890221051871777 ], [ 4598277.477848384529352, 10247947.941238863393664 ], [ 4598134.608813993632793, 10180765.254635840654373 ], [ 4530661.91793920379132, 10180896.508068472146988 ] ] ] } },
{ "type": "Feature", "properties": { "X1": 1.0, "log_hist_precip": -0.85244489313194594, "log_hist_temp": 0.080197015123127435, "lat": 1.5050019164406665, "lon": 0.26982512161011596, "latlon": 0.40608732512706042, "log_co2e_ha_2017": 6.4879030604136156, "id_group": 9 }, "geometry": { "type": "Polygon", "coordinates": [ [ [ 4598134.608813993632793, 10180765.254635840654373 ], [ 4598277.477848384529352, 10247947.941238863393664 ], [ 4665726.169040073640645, 10247795.865503720939159 ], [ 4665607.336174488067627, 10180654.331757348030806 ], [ 4598134.608813993632793, 10180765.254635840654373 ] ] ] } },
{ "type": "Feature", "properties": { "X1": 1.0, "log_hist_precip": -0.75788027550095793, "log_hist_temp": 0.0073041146354033666, "lat": 1.505001916440688, "lon": 0.35733143244663718, "latlon": 0.53778449063668521, "log_co2e_ha_2017": 6.4893706581713388, "id_group": 10 }, "geometry": { "type": "Polygon", "coordinates": [ [ [ 4665607.336174488067627, 10180654.331757348030806 ], [ 4665726.169040073640645, 10247795.865503720939159 ], [ 4733174.917317926883698, 10247671.663041556254029 ], [ 4733080.093894778750837, 10180563.739443019032478 ], [ 4665607.336174488067627, 10180654.331757348030806 ] ] ] } },
{ "type": "Feature", "properties": { "X1": 1.0, "log_hist_precip": -0.78703783780825098, "log_hist_temp": -0.13160886509543201, "lat": 1.5050019164406243, "lon": 0.44483774328313996, "latlon": 0.66948165614624811, "log_co2e_ha_2017": 6.4252987139398252, "id_group": 10 }, "geometry": { "type": "Polygon", "coordinates": [ [ [ 4733080.093894780613482, 10180563.739443019032478 ], [ 4733174.917317929677665, 10247671.663041556254029 ], [ 4800623.711163278669119, 10247575.333873586729169 ], [ 4800552.875848959200084, 10180493.47770107910037 ], [ 4733080.093894780613482, 10180563.739443019032478 ] ] ] } },
{ "type": "Feature", "properties": { "X1": 1.0, "log_hist_precip": -0.64086894439015929, "log_hist_temp": -0.75298643114210417, "lat": 1.5050019164405963, "lon": 0.53234405411968166, "latlon": 0.80117882165587739, "log_co2e_ha_2017": 6.4208938410809546, "id_group": 10 }, "geometry": { "type": "Polygon", "coordinates": [ [ [ 4800552.875848959200084, 10180493.47770107910037 ], [ 4800623.711163278669119, 10247575.333873586729169 ], [ 4868072.53905744291842, 10247506.878016313537955 ], [ 4868025.675911113619804, 10180443.546537980437279 ], [ 4800552.875848959200084, 10180493.47770107910037 ] ] ] } },
{ "type": "Feature", "properties": { "X1": 1.0, "log_hist_precip": -0.25414053777132739, "log_hist_temp": -0.81049359588366621, "lat": 1.5050019164406974, "lon": 0.61985036495619883, "latlon": 0.93287598716554487, "log_co2e_ha_2017": 6.5299516944681644, "id_group": 10 }, "geometry": { "type": "Polygon", "coordinates": [ [ [ 4868025.675911114551127, 10180443.546537980437279 ], [ 4868072.539057443849742, 10247506.878016313537955 ], [ 4935521.389481739141047, 10247466.295481380075216 ], [ 4935498.487955331802368, 10180413.945958191528916 ], [ 4868025.675911114551127, 10180443.546537980437279 ] ] ] } },
{ "type": "Feature", "properties": { "X1": 1.0, "log_hist_precip": 0.03854682087821508, "log_hist_temp": -0.6598573366734265, "lat": 1.505001916440619, "lon": 0.7073566757926093, "latlon": 1.0645731526749427, "log_co2e_ha_2017": 6.5342358298087015, "id_group": 11 }, "geometry": { "type": "Polygon", "coordinates": [ [ [ 4935498.487955331802368, 10180413.945958191528916 ], [ 4935521.389481739141047, 10247466.295481380075216 ], [ 5002970.250917473807931, 10247453.586275739595294 ], [ 5002971.305855696089566, 10180404.675964390859008 ], [ 4935498.487955331802368, 10180413.945958191528916 ] ] ] } },
{ "type": "Feature", "properties": { "X1": 1.0, "log_hist_precip": 0.25810344302105315, "log_hist_temp": -0.72936028622999971, "lat": 1.5050019164405366, "lon": 0.79486298662934896, "latlon": 1.1962703181848189, "log_co2e_ha_2017": 6.5857230899720447, "id_group": 11 }, "geometry": { "type": "Polygon", "coordinates": [ [ [ 5002971.305855697020888, 10180404.675964390859008 ], [ 5002970.250917474739254, 10247453.586275739595294 ], [ 5070419.111845961771905, 10247468.750401532277465 ], [ 5070444.123486294411123, 10180415.736557479947805 ], [ 5002971.305855697020888, 10180404.675964390859008 ] ] ] } },
{ "type": "Feature", "properties": { "X1": 1.0, "log_hist_precip": 0.45312677340583085, "log_hist_temp": -0.6461738185685415, "lat": 1.5050019164406039, "lon": 0.88236929746562409, "latlon": 1.3279674836941135, "log_co2e_ha_2017": 6.6382218288185717, "id_group": 11 }, "geometry": { "type": "Polygon", "coordinates": [ [ [ 5070444.123486294411123, 10180415.736557479947805 ], [ 5070419.111845961771905, 10247468.750401532277465 ], [ 5137867.960748508572578, 10247511.787856239825487 ], [ 5137916.934721210040152, 10180447.127736423164606 ], [ 5070444.123486294411123, 10180415.736557479947805 ] ] ] } },
{ "type": "Feature", "properties": { "X1": 1.0, "log_hist_precip": 0.64422255381956217, "log_hist_temp": -0.20547289377640537, "lat": 1.5050019164406634, "lon": 0.96987560830228481, "latlon": 1.4596646492039929, "log_co2e_ha_2017": 6.6774463273162912, "id_group": 11 }, "geometry": { "type": "Polygon", "coordinates": [ [ [ 5137916.934721210040152, 10180447.127736423164606 ], [ 5137867.960748508572578, 10247511.787856239825487 ], [ 5205316.786106426268816, 10247582.698632422834635 ], [ 5205389.733434528112411, 10180498.849498353898525 ], [ 5137916.934721210040152, 10180447.127736423164606 ] ] ] } },
{ "type": "Feature", "properties": { "X1": 1.0, "log_hist_precip": 0.82268980514892776, "log_hist_temp": -0.10253636805729914, "lat": 1.5050019164406683, "lon": 1.0573819191387865, "latlon": 1.5913618147135855, "log_co2e_ha_2017": 6.6731055829098826, "id_group": 12 }, "geometry": { "type": "Polygon", "coordinates": [ [ [ 5205389.733434528112411, 10180498.849498353898525 ], [ 5205316.786106426268816, 10247582.698632422834635 ], [ 5272765.576401029713452, 10247681.482718018814921 ], [ 5272862.513500335626304, 10180570.901838617399335 ], [ 5205389.733434528112411, 10180498.849498353898525 ] ] ] } },
{ "type": "Feature", "properties": { "X1": 1.0, "log_hist_precip": 0.87524459934841969, "log_hist_temp": 0.47090873653802928, "lat": 1.5050019164406936, "lon": 1.1448882299752883, "latlon": 1.7230589802232024, "log_co2e_ha_2017": 6.6197034063619355, "id_group": 12 }, "geometry": { "type": "Polygon", "coordinates": [ [ [ 5272862.513500335626304, 10180570.901838617399335 ], [ 5272765.576401029713452, 10247681.482718018814921 ], [ 5340214.320113642141223, 10247808.14009615778923 ], [ 5340335.268792721442878, 10180663.284750631079078 ], [ 5272862.513500335626304, 10180570.901838617399335 ] ] ] } },
{ "type": "Feature", "properties": { "X1": 1.0, "log_hist_precip": 0.76070519138125725, "log_hist_temp": 1.2920542901400525, "lat": 1.5050019164406847, "lon": 1.2323945408117756, "latlon": 1.8547561457327599, "log_co2e_ha_2017": 6.0745475003427467, "id_group": 12 }, "geometry": { "type": "Polygon", "coordinates": [ [ [ 5340335.268792722374201, 10180663.284750631079078 ], [ 5340214.320113643072546, 10247808.14009615778923 ], [ 5407663.005725591443479, 10247962.670745201408863 ], [ 5407807.993185775354505, 10180775.998226026073098 ], [ 5340335.268792722374201, 10180663.284750631079078 ] ] ] } },
{ "type": "Feature", "properties": { "X1": 1.0, "log_hist_precip": 0.78271556230433392, "log_hist_temp": 1.3051449153314796, "lat": 1.5050019164406669, "lon": 1.3199008516483524, "latlon": 1.9864533112424387, "log_co2e_ha_2017": 5.972607306126636, "id_group": 12 }, "geometry": { "type": "Polygon", "coordinates": [ [ [ 5407807.993185775354505, 10180775.998226026073098 ], [ 5407663.005725591443479, 10247962.670745201408863 ], [ 5475111.621718216687441, 10248145.074638767167926 ], [ 5475280.680553591810167, 10180909.04225454851985 ], [ 5407807.993185775354505, 10180775.998226026073098 ] ] ] } },
{ "type": "Feature", "properties": { "X1": 1.0, "log_hist_precip": 2.2720430714703301, "log_hist_temp": -0.27563718432667217, "lat": 1.3760688931255525, "lon": -1.5678074059569067, "latlon": -2.1574110017491641, "log_co2e_ha_2017": 6.3402248010995486, "id_group": 4 }, "geometry": { "type": "Polygon", "coordinates": [ [ [ 3180769.693589640315622, 10117998.832455456256866 ], [ 3181225.196289809420705, 10187790.961232714354992 ], [ 3248695.871019242331386, 10187253.101675108075142 ], [ 3248258.114705227315426, 10117660.758939582854509 ], [ 3180769.693589640315622, 10117998.832455456256866 ] ] ] } },
{ "type": "Feature", "properties": { "X1": 1.0, "log_hist_precip": 2.3073160260528129, "log_hist_temp": -0.23848533079256687, "lat": 1.3760688931255491, "lon": -1.4803010951201774, "latlon": -2.0369962894545606, "log_co2e_ha_2017": 6.2467235058065711, "id_group": 4 }, "geometry": { "type": "Polygon", "coordinates": [ [ [ 3248258.114705225918442, 10117660.758939582854509 ], [ 3248695.871019242331386, 10187253.101675108075142 ], [ 3316166.704751082696021, 10186735.572082571685314 ], [ 3315746.598623680882156, 10117335.464049404487014 ], [ 3248258.114705225918442, 10117660.758939582854509 ] ] ] } },
{ "type": "Feature", "properties": { "X1": 1.0, "log_hist_precip": 2.3018081586826242, "log_hist_temp": -0.0050366879119594296, "lat": 1.3760688931255434, "lon": -1.3927947842837762, "latlon": -1.916581577160406, "log_co2e_ha_2017": 6.1509143793242202, "id_group": 5 }, "geometry": { "type": "Polygon", "coordinates": [ [ [ 3315746.598623676225543, 10117335.464049404487014 ], [ 3316166.704751078039408, 10186735.572082571685314 ], [ 3383637.691359591670334, 10186238.372502136975527 ], [ 3383235.1429254245013, 10117022.94779652543366 ], [ 3315746.598623676225543, 10117335.464049404487014 ] ] ] } },
{ "type": "Feature", "properties": { "X1": 1.0, "log_hist_precip": 2.805441578192148, "log_hist_temp": 0.22464349090703598, "lat": 1.37606889312557, "lon": -1.3052884734472068, "latlon": -1.7961668648660629, "log_co2e_ha_2017": 6.1491464979234802, "id_group": 5 }, "geometry": { "type": "Polygon", "coordinates": [ [ [ 3383235.1429254245013, 10117022.94779652543366 ], [ 3383637.691359591670334, 10186238.372502136975527 ], [ 3451108.824719025753438, 10185761.502978863194585 ], [ 3450723.745190884917974, 10116723.210192136466503 ], [ 3383235.1429254245013, 10117022.94779652543366 ] ] ] } },
{ "type": "Feature", "properties": { "X1": 1.0, "log_hist_precip": 2.6422454832552531, "log_hist_temp": 0.53991907362373592, "lat": 1.376068893125675, "lon": -1.2177821626107439, "latlon": -1.6757521525719572, "log_co2e_ha_2017": 6.2240708106783682, "id_group": 5 }, "geometry": { "type": "Polygon", "coordinates": [ [ [ 3450723.745190883055329, 10116723.210192136466503 ], [ 3451108.824719024356455, 10185761.502978863194585 ], [ 3518580.098703620024025, 10185304.963556120172143 ], [ 3518212.403000480495393, 10116436.251247024163604 ], [ 3450723.745190883055329, 10116723.210192136466503 ] ] ] } },
{ "type": "Feature", "properties": { "X1": 1.0, "log_hist_precip": 2.2365683584680971, "log_hist_temp": 1.0369634205683396, "lat": 1.3760688931256013, "lon": -1.1302758517740659, "latlon": -1.555337440277335, "log_co2e_ha_2017": 6.1980914195120977, "id_group": 5 }, "geometry": { "type": "Polygon", "coordinates": [ [ [ 3518212.403000478632748, 10116436.251247024163604 ], [ 3518580.09870361816138, 10185304.963556120172143 ], [ 3586051.507187598384917, 10184868.754275342449546 ], [ 3585701.113934630528092, 10116162.070971477776766 ], [ 3518212.403000478632748, 10116436.251247024163604 ] ] ] } },
{ "type": "Feature", "properties": { "X1": 1.0, "log_hist_precip": 1.1641653665239891, "log_hist_temp": -1.6422960753276523, "lat": 1.3760688931256626, "lon": -0.86775691926474718, "latlon": -1.1940933033947756, "log_co2e_ha_2017": 6.3031552644381401, "id_group": 6 }, "geometry": { "type": "Polygon", "coordinates": [ [ [ 3720678.685498264152557, 10115652.04646785184741 ], [ 3720994.70315055269748, 10184057.326296217739582 ], [ 3788466.478377919644117, 10183682.107671523466706 ], [ 3788167.541288577020168, 10115416.202258056029677 ], [ 3720678.685498264152557, 10115652.04646785184741 ] ] ] } },
{ "type": "Feature", "properties": { "X1": 1.0, "log_hist_precip": 0.90745556853385634, "log_hist_temp": -0.82551166069039261, "lat": 1.3760688931256309, "lon": -0.78025060842803007, "latlon": -1.0736785911001594, "log_co2e_ha_2017": 6.281759785084069, "id_group": 6 }, "geometry": { "type": "Polygon", "coordinates": [ [ [ 3788167.541288575623184, 10115416.202258056029677 ], [ 3788466.478377918247133, 10183682.107671523466706 ], [ 3855938.363601454999298, 10183327.219336157664657 ], [ 3855656.440525102429092, 10115193.136754458770156 ], [ 3788167.541288575623184, 10115416.202258056029677 ] ] ] } },
{ "type": "Feature", "properties": { "X1": 1.0, "log_hist_precip": 0.63714539431473516, "log_hist_temp": -0.035742701551814415, "lat": 1.3760688931255636, "lon": -0.69274429759164735, "latlon": -0.95326387880598418, "log_co2e_ha_2017": 6.3113094847540658, "id_group": 7 }, "geometry": { "type": "Polygon", "coordinates": [ [ [ 3855656.440525100566447, 10115193.136754458770156 ], [ 3855938.363601453602314, 10183327.219336157664657 ], [ 3923410.352695329114795, 10182992.661322290077806 ], [ 3923145.38078825129196, 10114982.849964898079634 ], [ 3855656.440525100566447, 10115193.136754458770156 ] ] ] } },
{ "type": "Feature", "properties": { "X1": 1.0, "log_hist_precip": 0.17476688366072415, "log_hist_temp": 0.47710510476506568, "lat": 1.3760688931255582, "lon": -0.60523798675510765, "latlon": -0.83284916651164231, "log_co2e_ha_2017": 6.3379413673520277, "id_group": 7 }, "geometry": { "type": "Polygon", "coordinates": [ [ [ 3923145.380788252688944, 10114982.849964898079634 ], [ 3923410.352695330511779, 10182992.661322290077806 ], [ 3990882.439533703494817, 10182678.433660306036472 ], [ 3990634.359658434521407, 10114785.341897023841739 ], [ 3923145.380788252688944, 10114982.849964898079634 ] ] ] } },
{ "type": "Feature", "properties": { "X1": 1.0, "log_hist_precip": -0.42153809645349288, "log_hist_temp": 1.0326779467116236, "lat": 1.3760688931256153, "lon": -0.51773167591850022, "latlon": -0.71243445421724039, "log_co2e_ha_2017": 6.3185645256282577, "id_group": 7 }, "geometry": { "type": "Polygon", "coordinates": [ [ [ 3990634.359658434521407, 10114785.341897023841739 ], [ 3990882.439533703494817, 10182678.433660306036472 ], [ 4058354.617990726605058, 10182384.536378754302859 ], [ 4058123.374716057442129, 10114600.612557929009199 ], [ 3990634.359658434521407, 10114785.341897023841739 ] ] ] } },
{ "type": "Feature", "properties": { "X1": 1.0, "log_hist_precip": -0.48683334503564779, "log_hist_temp": 0.65856052162496725, "lat": 1.3760688931256315, "lon": -0.43022536508212567, "latlon": -0.59201974192313134, "log_co2e_ha_2017": 6.2545134624387222, "id_group": 7 }, "geometry": { "type": "Polygon", "coordinates": [ [ [ 4058123.374716058839113, 10114600.612557929009199 ], [ 4058354.617990728467703, 10182384.536378754302859 ], [ 4125826.881940544582903, 10182110.969504302367568 ], [ 4125612.423541528172791, 10114428.661954125389457 ], [ 4058123.374716058839113, 10114600.612557929009199 ] ] ] } },
{ "type": "Feature", "properties": { "X1": 1.0, "log_hist_precip": -0.6405812959365379, "log_hist_temp": 1.5455019186004473, "lat": 1.376068893125596, "lon": -0.34271905424541371, "latlon": -0.47160502962853756, "log_co2e_ha_2017": 6.0837192975549428, "id_group": 8 }, "geometry": { "type": "Polygon", "coordinates": [ [ [ 4125612.423541528172791, 10114428.661954125389457 ], [ 4125826.881940544582903, 10182110.969504302367568 ], [ 4193299.225257291458547, 10181857.733061792328954 ], [ 4193101.503715251106769, 10114269.490091951563954 ], [ 4125612.423541528172791, 10114428.661954125389457 ] ] ] } },
{ "type": "Feature", "properties": { "X1": 1.0, "log_hist_precip": -0.60039835569830813, "log_hist_temp": 1.812750472902821, "lat": 1.3760688931255827, "lon": -0.25521274340899197, "latlon": -0.35119031733435491, "log_co2e_ha_2017": 6.0052407458060415, "id_group": 8 }, "geometry": { "type": "Polygon", "coordinates": [ [ [ 4193101.503715251106769, 10114269.490091951563954 ], [ 4193299.225257291458547, 10181857.733061792328954 ], [ 4260771.641815092414618, 10181624.827074222266674 ], [ 4260590.612817629240453, 10114123.09697694145143 ], [ 4193101.503715251106769, 10114269.490091951563954 ] ] ] } },
{ "type": "Feature", "properties": { "X1": 1.0, "log_hist_precip": -0.66186204729572118, "log_hist_temp": 1.3965615513577767, "lat": 1.3760688931255871, "lon": -0.16770643257263582, "latlon": -0.23077560504026787, "log_co2e_ha_2017": 6.1770258490170749, "id_group": 8 }, "geometry": { "type": "Polygon", "coordinates": [ [ [ 4260590.612817629240453, 10114123.09697694145143 ], [ 4260771.641815092414618, 10181624.827074222266674 ], [ 4328244.125488072633743, 10181412.251562753692269 ], [ 4328079.748429066501558, 10113989.482614373788238 ], [ 4260590.612817629240453, 10114123.09697694145143 ] ] ] } },
{ "type": "Feature", "properties": { "X1": 1.0, "log_hist_precip": -0.94245440932146007, "log_hist_temp": 0.91029135603465716, "lat": 1.3760688931256329, "lon": -0.080200121735910526, "latlon": -0.11036089274567541, "log_co2e_ha_2017": 6.4015533131826716, "id_group": 8 }, "geometry": { "type": "Polygon", "coordinates": [ [ [ 4328079.748429066501558, 10113989.482614373788238 ], [ 4328244.125488072633743, 10181412.251562753692269 ], [ 4395716.670150344260037, 10181220.006546629592776 ], [ 4395568.908129964023829, 10113868.647009111940861 ], [ 4328079.748429066501558, 10113989.482614373788238 ] ] ] } },
{ "type": "Feature", "properties": { "X1": 1.0, "log_hist_precip": -1.0024875127963973, "log_hist_temp": -0.11020192419839178, "lat": 1.3760688931256069, "lon": 0.0073061891005409829, "latlon": 0.010053819548547803, "log_co2e_ha_2017": 6.4161134819316832, "id_group": 9 }, "geometry": { "type": "Polygon", "coordinates": [ [ [ 4395568.908129965886474, 10113868.647009111940861 ], [ 4395716.670150346122682, 10181220.006546629592776 ], [ 4463189.269676020368934, 10181048.092043345794082 ], [ 4463058.089500725269318, 10113760.590165451169014 ], [ 4395568.908129965886474, 10113868.647009111940861 ] ] ] } },
{ "type": "Feature", "properties": { "X1": 1.0, "log_hist_precip": -0.93389026896689287, "log_hist_temp": -0.32810661016088716, "lat": 1.3760688931255864, "lon": 0.09481249993717604, "latlon": 0.13046853184301957, "log_co2e_ha_2017": 6.4716042032146941, "id_group": 9 }, "geometry": { "type": "Polygon", "coordinates": [ [ [ 4463058.089500725269318, 10113760.590165451169014 ], [ 4463189.269676020368934, 10181048.092043345794082 ], [ 4530661.917939202859998, 10180896.508068472146988 ], [ 4530547.29012174718082, 10113665.312087271362543 ], [ 4463058.089500725269318, 10113760.590165451169014 ] ] ] } },
{ "type": "Feature", "properties": { "X1": 1.0, "log_hist_precip": -0.73040943235799816, "log_hist_temp": -0.70361714572607148, "lat": 1.3760688931256144, "lon": 0.18231881077361625, "latlon": 0.25088324413722846, "log_co2e_ha_2017": 6.4405926522810013, "id_group": 9 }, "geometry": { "type": "Polygon", "coordinates": [ [ [ 4530547.290121749043465, 10113665.312087271362543 ], [ 4530661.91793920379132, 10180896.508068472146988 ], [ 4598134.608813993632793, 10180765.254635840654373 ], [ 4598036.507573433220387, 10113582.812778044492006 ], [ 4530547.290121749043465, 10113665.312087271362543 ] ] ] } },
{ "type": "Feature", "properties": { "X1": 1.0, "log_hist_precip": -0.66632903192182102, "log_hist_temp": 0.18549765483814279, "lat": 1.37606889312557, "lon": 0.26982512161009853, "latlon": 0.37129795643148061, "log_co2e_ha_2017": 6.4880527254373996, "id_group": 9 }, "geometry": { "type": "Polygon", "coordinates": [ [ [ 4598036.507573433220387, 10113582.812778044492006 ], [ 4598134.608813993632793, 10180765.254635840654373 ], [ 4665607.336174488067627, 10180654.331757348030806 ], [ 4665525.73943617939949, 10113513.092240592464805 ], [ 4598036.507573433220387, 10113582.812778044492006 ] ] ] } },
{ "type": "Feature", "properties": { "X1": 1.0, "log_hist_precip": -0.55366969057190696, "log_hist_temp": 0.034171207998684623, "lat": 1.3760688931256475, "lon": 0.35733143244651927, "latlon": 0.49171266872568387, "log_co2e_ha_2017": 6.4993919751590843, "id_group": 10 }, "geometry": { "type": "Polygon", "coordinates": [ [ [ 4665525.73943617939949, 10113513.092240592464805 ], [ 4665607.336174488067627, 10180654.331757348030806 ], [ 4733080.093894778750837, 10180563.739443019032478 ], [ 4733014.983290384523571, 10113456.150477478280663 ], [ 4665525.73943617939949, 10113513.092240592464805 ] ] ] } },
{ "type": "Feature", "properties": { "X1": 1.0, "log_hist_precip": -0.50035028951903326, "log_hist_temp": -0.23674846962167712, "lat": 1.3760688931256304, "lon": 0.4448377432832476, "latlon": 0.61212738102028186, "log_co2e_ha_2017": 6.4204777991587338, "id_group": 10 }, "geometry": { "type": "Polygon", "coordinates": [ [ [ 4733014.983290385454893, 10113456.150477478280663 ], [ 4733080.093894780613482, 10180563.739443019032478 ], [ 4800552.875848959200084, 10180493.47770107910037 ], [ 4800504.236716448329389, 10113411.987490775063634 ], [ 4733014.983290385454893, 10113456.150477478280663 ] ] ] } },
{ "type": "Feature", "properties": { "X1": 1.0, "log_hist_precip": -0.41306421438623059, "log_hist_temp": -0.54640971160481222, "lat": 1.3760688931256533, "lon": 0.53234405411957098, "latlon": 0.73254209331434095, "log_co2e_ha_2017": 6.3243476233197233, "id_group": 10 }, "geometry": { "type": "Polygon", "coordinates": [ [ [ 4800504.236716448329389, 10113411.987490775063634 ], [ 4800552.875848959200084, 10180493.47770107910037 ], [ 4868025.675911113619804, 10180443.546537980437279 ], [ 4867993.49729476775974, 10113380.603282066062093 ], [ 4800504.236716448329389, 10113411.987490775063634 ] ] ] } },
{ "type": "Feature", "properties": { "X1": 1.0, "log_hist_precip": -0.19449185419342743, "log_hist_temp": -0.77806750378226375, "lat": 1.376068893125574, "lon": 0.61985036495622137, "latlon": 0.85295680560879061, "log_co2e_ha_2017": 6.5037762708046696, "id_group": 10 }, "geometry": { "type": "Polygon", "coordinates": [ [ [ 4867993.497294768691063, 10113380.603282066062093 ], [ 4868025.675911114551127, 10180443.546537980437279 ], [ 4935498.487955331802368, 10180413.945958191528916 ], [ 4935482.762605739757419, 10113361.997852444648743 ], [ 4867993.497294768691063, 10113380.603282066062093 ] ] ] } },
{ "type": "Feature", "properties": { "X1": 1.0, "log_hist_precip": 0.031612582485578668, "log_hist_temp": -0.73273486308590241, "lat": 1.3760688931255884, "lon": 0.70735667579278461, "latlon": 0.97337151790317289, "log_co2e_ha_2017": 6.5316841958685723, "id_group": 11 }, "geometry": { "type": "Polygon", "coordinates": [ [ [ 4935482.762605739757419, 10113361.997852444648743 ], [ 4935498.487955331802368, 10180413.945958191528916 ], [ 5002971.305855696089566, 10180404.675964390859008 ], [ 5002972.030229763127863, 10113356.171202665194869 ], [ 4935482.762605739757419, 10113361.997852444648743 ] ] ] } },
{ "type": "Feature", "properties": { "X1": 1.0, "log_hist_precip": 0.2363835404882299, "log_hist_temp": -0.64110203763319462, "lat": 1.3760688931256968, "lon": 0.79486298662924948, "latlon": 1.0937862301974968, "log_co2e_ha_2017": 6.5852325166844334, "id_group": 11 }, "geometry": { "type": "Polygon", "coordinates": [ [ [ 5002972.030229764059186, 10113356.171202665194869 ], [ 5002971.305855697020888, 10180404.675964390859008 ], [ 5070444.123486294411123, 10180415.736557479947805 ], [ 5070461.297747234813869, 10113363.123332757502794 ], [ 5002972.030229764059186, 10113356.171202665194869 ] ] ] } },
{ "type": "Feature", "properties": { "X1": 1.0, "log_hist_precip": 0.4156879462182364, "log_hist_temp": -0.68855590417021906, "lat": 1.3760688931256719, "lon": 0.88236929746570203, "latlon": 1.2142009424917053, "log_co2e_ha_2017": 6.6359569232207472, "id_group": 11 }, "geometry": { "type": "Polygon", "coordinates": [ [ [ 5070461.297747234813869, 10113363.123332757502794 ], [ 5070444.123486294411123, 10180415.736557479947805 ], [ 5137916.934721210040152, 10180447.127736423164606 ], [ 5137950.562738550826907, 10113382.854242654517293 ], [ 5070461.297747234813869, 10113363.123332757502794 ] ] ] } },
{ "type": "Feature", "properties": { "X1": 1.0, "log_hist_precip": 0.54329530038003349, "log_hist_temp": -0.062904611741422076, "lat": 1.3760688931255969, "lon": 0.96987560830221509, "latlon": 1.334615654785944, "log_co2e_ha_2017": 6.6701726008889697, "id_group": 11 }, "geometry": { "type": "Polygon", "coordinates": [ [ [ 5137950.562738550826907, 10113382.854242654517293 ], [ 5137916.934721210040152, 10180447.127736423164606 ], [ 5205389.733434528112411, 10180498.849498353898525 ], [ 5205439.822784109041095, 10113415.3639314789325 ], [ 5137950.562738550826907, 10113382.854242654517293 ] ] ] } },
{ "type": "Feature", "properties": { "X1": 1.0, "log_hist_precip": 0.57826712204549258, "log_hist_temp": 0.13570180195153642, "lat": 1.3760688931255598, "lon": 1.0573819191387968, "latlon": 1.4550303670803042, "log_co2e_ha_2017": 6.6845000427455012, "id_group": 12 }, "geometry": { "type": "Polygon", "coordinates": [ [ [ 5205439.822784109041095, 10113415.3639314789325 ], [ 5205389.733434528112411, 10180498.849498353898525 ], [ 5272862.513500335626304, 10180570.901838617399335 ], [ 5272929.075464306399226, 10113460.652398264035583 ], [ 5205439.822784109041095, 10113415.3639314789325 ] ] ] } },
{ "type": "Feature", "properties": { "X1": 1.0, "log_hist_precip": 0.5446799010279334, "log_hist_temp": 0.5536096092561843, "lat": 1.3760688931255627, "lon": 1.1448882299752738, "latlon": 1.5754450793745598, "log_co2e_ha_2017": 6.5119609449070808, "id_group": 12 }, "geometry": { "type": "Polygon", "coordinates": [ [ [ 5272929.075464306399226, 10113460.652398264035583 ], [ 5272862.513500335626304, 10180570.901838617399335 ], [ 5340335.268792721442878, 10180663.284750631079078 ], [ 5340418.318359542638063, 10113518.719641223549843 ], [ 5272929.075464306399226, 10113460.652398264035583 ] ] ] } },
{ "type": "Feature", "properties": { "X1": 1.0, "log_hist_precip": 0.55023244141200112, "log_hist_temp": 1.3598551431560089, "lat": 1.3760688931255372, "lon": 1.2323945408118229, "latlon": 1.6958597916688798, "log_co2e_ha_2017": 5.9998147096720524, "id_group": 12 }, "geometry": { "type": "Polygon", "coordinates": [ [ [ 5340418.318359543569386, 10113518.719641223549843 ], [ 5340335.268792722374201, 10180663.284750631079078 ], [ 5407807.993185775354505, 10180775.998226026073098 ], [ 5407907.549050213769078, 10113589.565658327192068 ], [ 5340418.318359543569386, 10113518.719641223549843 ] ] ] } },
{ "type": "Feature", "properties": { "X1": 1.0, "log_hist_precip": 0.66177549659070312, "log_hist_temp": 1.4051125057439029, "lat": 1.3760688931254925, "lon": 1.319900851648345, "latlon": 1.8162745039631329, "log_co2e_ha_2017": 5.8318824772835169, "id_group": 12 }, "geometry": { "type": "Polygon", "coordinates": [ [ [ 5407907.549050213769078, 10113589.565658327192068 ], [ 5407807.993185775354505, 10180775.998226026073098 ], [ 5475280.680553591810167, 10180909.04225454851985 ], [ 5475396.765116720460355, 10113673.190447051078081 ], [ 5407907.549050213769078, 10113589.565658327192068 ] ] ] } },
{ "type": "Feature", "properties": { "X1": 1.0, "log_hist_precip": 2.2487463443356592, "log_hist_temp": -0.35279147421884882, "lat": 1.2471358674488893, "lon": -1.5678074059567018, "latlon": -1.9552688492206041, "log_co2e_ha_2017": 6.4010238267488093, "id_group": 4 }, "geometry": { "type": "Polygon", "coordinates": [ [ [ 3180522.101240863092244, 10048204.868034152314067 ], [ 3180769.693589640315622, 10117998.832455456256866 ], [ 3248258.114705227315426, 10117660.758939582854509 ], [ 3248020.168813286349177, 10048066.734219036996365 ], [ 3180522.101240863092244, 10048204.868034152314067 ] ] ] } },
{ "type": "Feature", "properties": { "X1": 1.0, "log_hist_precip": 2.3527341080623185, "log_hist_temp": -0.29487074820688852, "lat": 1.2471358674488549, "lon": -1.4803010951202922, "latlon": -1.8461365903483353, "log_co2e_ha_2017": 6.3025397021747311, "id_group": 4 }, "geometry": { "type": "Polygon", "coordinates": [ [ [ 3248020.16881328355521, 10048066.734219036996365 ], [ 3248258.114705225918442, 10117660.758939582854509 ], [ 3315746.598623680882156, 10117335.464049404487014 ], [ 3315518.246869012713432, 10047933.821670465171337 ], [ 3248020.16881328355521, 10048066.734219036996365 ] ] ] } },
{ "type": "Feature", "properties": { "X1": 1.0, "log_hist_precip": 2.4417993906152597, "log_hist_temp": -0.21803164830522809, "lat": 1.2471358674488715, "lon": -1.3927947842838151, "latlon": -1.7370043314760597, "log_co2e_ha_2017": 6.0274143618838263, "id_group": 5 }, "geometry": { "type": "Polygon", "coordinates": [ [ [ 3315518.246869008522481, 10047933.821670465171337 ], [ 3315746.598623676225543, 10117335.464049404487014 ], [ 3383235.1429254245013, 10117022.947796523571014 ], [ 3383016.335004152730107, 10047806.130389004945755 ], [ 3315518.246869008522481, 10047933.821670465171337 ] ] ] } },
{ "type": "Feature", "properties": { "X1": 1.0, "log_hist_precip": 2.5813947997385913, "log_hist_temp": 0.0070634269016313974, "lat": 1.2471358674488409, "lon": -1.3052884734471657, "latlon": -1.6278720726035043, "log_co2e_ha_2017": 6.0237867920714256, "id_group": 5 }, "geometry": { "type": "Polygon", "coordinates": [ [ [ 3383016.335004152730107, 10047806.130389004945755 ], [ 3383235.1429254245013, 10117022.947796523571014 ], [ 3450723.745190884917974, 10116723.210192136466503 ], [ 3450514.432814817875624, 10047683.660375818610191 ], [ 3383016.335004152730107, 10047806.130389004945755 ] ] ] } },
{ "type": "Feature", "properties": { "X1": 1.0, "log_hist_precip": 2.2207204668537579, "log_hist_temp": 0.47530053650675275, "lat": 1.247135867448768, "lon": -1.2177821626107337, "latlon": -1.5187398137311741, "log_co2e_ha_2017": 6.078389534837493, "id_group": 5 }, "geometry": { "type": "Polygon", "coordinates": [ [ [ 3450514.43281481647864, 10047683.660375818610191 ], [ 3450723.745190883055329, 10116723.210192136466503 ], [ 3518212.403000480495393, 10116436.251247024163604 ], [ 3518012.539897123351693, 10047566.411631345748901 ], [ 3450514.43281481647864, 10047683.660375818610191 ] ] ] } },
{ "type": "Feature", "properties": { "X1": 1.0, "log_hist_precip": 1.8285957907942068, "log_hist_temp": 0.9906556233633026, "lat": 1.2471358674488262, "lon": -1.1302758517740576, "latlon": -1.4096075548587004, "log_co2e_ha_2017": 6.2464604115871474, "id_group": 5 }, "geometry": { "type": "Polygon", "coordinates": [ [ [ 3518012.539897122420371, 10047566.411631345748901 ], [ 3518212.403000478632748, 10116436.251247024163604 ], [ 3585701.113934630528092, 10116162.070971477776766 ], [ 3585510.655847179703414, 10047454.384156426414847 ], [ 3518012.539897122420371, 10047566.411631345748901 ] ] ] } },
{ "type": "Feature", "properties": { "X1": 1.0, "log_hist_precip": 1.5890604161637258, "log_hist_temp": 0.7731623764944805, "lat": 1.2471358674489454, "lon": -1.0427695409377855, "latlon": -1.3004752959867838, "log_co2e_ha_2017": 6.3157116001013005, "id_group": 6 }, "geometry": { "type": "Polygon", "coordinates": [ [ [ 3585510.655847178306431, 10047454.384156426414847 ], [ 3585701.113934628665447, 10116162.070971477776766 ], [ 3653189.875573752447963, 10115900.669375291094184 ], [ 3653008.78026109887287, 10047347.577951561659575 ], [ 3585510.655847178306431, 10047454.384156426414847 ] ] ] } },
{ "type": "Feature", "properties": { "X1": 1.0, "log_hist_precip": 1.2508254120506381, "log_hist_temp": -1.8774679183071432, "lat": 1.2471358674488706, "lon": -0.95526323010103775, "latlon": -1.1913430371140679, "log_co2e_ha_2017": 6.3265285721676641, "id_group": 6 }, "geometry": { "type": "Polygon", "coordinates": [ [ [ 3653008.780261097475886, 10047347.577951561659575 ], [ 3653189.87557375151664, 10115900.669375291094184 ], [ 3720678.685498264152557, 10115652.04646785184741 ], [ 3720506.91273499513045, 10047245.993017653003335 ], [ 3653008.780261097475886, 10047347.577951561659575 ] ] ] } },
{ "type": "Feature", "properties": { "X1": 1.0, "log_hist_precip": 0.94468835126880213, "log_hist_temp": -0.49385238291553812, "lat": 1.2471358674487327, "lon": -0.86775691926466514, "latlon": -1.082210778241778, "log_co2e_ha_2017": 6.3232460559279833, "id_group": 6 }, "geometry": { "type": "Polygon", "coordinates": [ [ [ 3720506.91273499513045, 10047245.993017653003335 ], [ 3720678.685498264152557, 10115652.04646785184741 ], [ 3788167.541288577020168, 10115416.202258056029677 ], [ 3788005.052864979486912, 10047149.629355069249868 ], [ 3720506.91273499513045, 10047245.993017653003335 ] ] ] } },
{ "type": "Feature", "properties": { "X1": 1.0, "log_hist_precip": 0.80262967260696172, "log_hist_temp": 1.0255236061192741, "lat": 1.2471358674487782, "lon": -0.78025060842820038, "latlon": -0.97307851936954071, "log_co2e_ha_2017": 6.2283283585248315, "id_group": 6 }, "geometry": { "type": "Polygon", "coordinates": [ [ [ 3788005.052864978089929, 10047149.629355069249868 ], [ 3788167.541288575623184, 10115416.202258056029677 ], [ 3855656.440525102429092, 10115193.136754458770156 ], [ 3855503.200247162953019, 10047058.486964393407106 ], [ 3788005.052864978089929, 10047149.629355069249868 ] ] ] } },
{ "type": "Feature", "properties": { "X1": 1.0, "log_hist_precip": 0.766074738418281, "log_hist_temp": 1.0825640260783855, "lat": 1.2471358674488968, "lon": -0.6927442975915048, "latlon": -0.86394626049705803, "log_co2e_ha_2017": 6.152044617391021, "id_group": 7 }, "geometry": { "type": "Polygon", "coordinates": [ [ [ 3855503.200247161556035, 10047058.486964393407106 ], [ 3855656.440525100566447, 10115193.136754458770156 ], [ 3923145.38078825129196, 10114982.849964898079634 ], [ 3923001.354477658402175, 10046972.565846433863044 ], [ 3855503.200247161556035, 10047058.486964393407106 ] ] ] } },
{ "type": "Feature", "properties": { "X1": 1.0, "log_hist_precip": 0.39521621942552487, "log_hist_temp": 0.16914373195242224, "lat": 1.2471358674489352, "lon": -0.60523798675512819, "latlon": -0.75481400162490397, "log_co2e_ha_2017": 6.1186994020529468, "id_group": 7 }, "geometry": { "type": "Polygon", "coordinates": [ [ [ 3923001.354477659799159, 10046972.565846433863044 ], [ 3923145.380788252688944, 10114982.849964898079634 ], [ 3990634.359658434521407, 10114785.341897023841739 ], [ 3990499.515152580104768, 10046891.866001455113292 ], [ 3923001.354477659799159, 10046972.565846433863044 ] ] ] } },
{ "type": "Feature", "properties": { "X1": 1.0, "log_hist_precip": -0.49904994610852133, "log_hist_temp": 1.1619917994814279, "lat": 1.2471358674488553, "lon": -0.51773167591862124, "latlon": -0.64568174275251933, "log_co2e_ha_2017": 6.11130798964974, "id_group": 7 }, "geometry": { "type": "Polygon", "coordinates": [ [ [ 3990499.515152580104768, 10046891.866001455113292 ], [ 3990634.359658434521407, 10114785.341897023841739 ], [ 4058123.374716057442129, 10114600.612557929009199 ], [ 4057997.681868036277592, 10046816.387429941445589 ], [ 3990499.515152580104768, 10046891.866001455113292 ] ] ] } },
{ "type": "Feature", "properties": { "X1": 1.0, "log_hist_precip": -0.56448664220990663, "log_hist_temp": 1.282336856416918, "lat": 1.247135867448798, "lon": -0.43022536508198106, "latlon": -0.53654948387999224, "log_co2e_ha_2017": 6.0821177550378867, "id_group": 7 }, "geometry": { "type": "Polygon", "coordinates": [ [ [ 4057997.681868037674576, 10046816.387429941445589 ], [ 4058123.374716058839113, 10114600.612557929009199 ], [ 4125612.423541528172791, 10114428.661954125389457 ], [ 4125495.854220142588019, 10046746.130132602527738 ], [ 4057997.681868037674576, 10046816.387429941445589 ] ] ] } },
{ "type": "Feature", "properties": { "X1": 1.0, "log_hist_precip": -0.45061697766465919, "log_hist_temp": 1.4509531530645166, "lat": 1.2471358674488322, "lon": -0.34271905424553883, "latlon": -0.42741722500775348, "log_co2e_ha_2017": 6.0434923767993736, "id_group": 8 }, "geometry": { "type": "Polygon", "coordinates": [ [ [ 4125495.854220142588019, 10046746.130132602527738 ], [ 4125612.423541528172791, 10114428.661954125389457 ], [ 4193101.503715251106769, 10114269.490091951563954 ], [ 4192994.031805009115487, 10046681.09410941042006 ], [ 4125495.854220142588019, 10046746.130132602527738 ] ] ] } },
{ "type": "Feature", "properties": { "X1": 1.0, "log_hist_precip": -0.34161639348827494, "log_hist_temp": 1.5844749873600144, "lat": 1.2471358674488267, "lon": -0.25521274340898581, "latlon": -0.31828496613536034, "log_co2e_ha_2017": 6.1626846702149045, "id_group": 8 }, "geometry": { "type": "Polygon", "coordinates": [ [ [ 4192994.031805009115487, 10046681.09410941042006 ], [ 4193101.503715251106769, 10114269.490091951563954 ], [ 4260590.612817629240453, 10114123.09697694145143 ], [ 4260492.214218746870756, 10046621.279361132532358 ], [ 4192994.031805009115487, 10046681.09410941042006 ] ] ] } },
{ "type": "Feature", "properties": { "X1": 1.0, "log_hist_precip": -0.41014835462426524, "log_hist_temp": 1.3204358955519533, "lat": 1.2471358674487822, "lon": -0.16770643257246662, "latlon": -0.20915270726300386, "log_co2e_ha_2017": 6.3168499630357884, "id_group": 8 }, "geometry": { "type": "Polygon", "coordinates": [ [ [ 4260492.214218746870756, 10046621.279361132532358 ], [ 4260590.612817629240453, 10114123.09697694145143 ], [ 4328079.748429066501558, 10113989.482614373788238 ], [ 4327990.401057470589876, 10046566.68588818795979 ], [ 4260492.214218746870756, 10046621.279361132532358 ] ] ] } },
{ "type": "Feature", "properties": { "X1": 1.0, "log_hist_precip": -0.56307483619724052, "log_hist_temp": 1.0606275284029769, "lat": 1.2471358674487136, "lon": -0.080200121736007934, "latlon": -0.10002044839072868, "log_co2e_ha_2017": 6.3931617538731089, "id_group": 8 }, "geometry": { "type": "Polygon", "coordinates": [ [ [ 4327990.401057470589876, 10046566.68588818795979 ], [ 4328079.748429066501558, 10113989.482614373788238 ], [ 4395568.908129964023829, 10113868.647009111940861 ], [ 4395488.591917287558317, 10046517.313690446317196 ], [ 4327990.401057470589876, 10046566.68588818795979 ] ] ] } },
{ "type": "Feature", "properties": { "X1": 1.0, "log_hist_precip": -0.68115883545684053, "log_hist_temp": 0.63981833667218757, "lat": 1.2471358674488051, "lon": 0.0073061891005809735, "latlon": 0.0091118104816980579, "log_co2e_ha_2017": 6.4194572928789961, "id_group": 9 }, "geometry": { "type": "Polygon", "coordinates": [ [ [ 4395488.591917289420962, 10046517.313690446317196 ], [ 4395568.908129965886474, 10113868.647009111940861 ], [ 4463058.089500725269318, 10113760.590165451169014 ], [ 4462986.786394314840436, 10046473.162768770009279 ], [ 4395488.591917289420962, 10046517.313690446317196 ] ] ] } },
{ "type": "Feature", "properties": { "X1": 1.0, "log_hist_precip": -0.61832861721985544, "log_hist_temp": 0.30127914583073295, "lat": 1.2471358674489139, "lon": 0.094812499937067335, "latlon": 0.11824406935401456, "log_co2e_ha_2017": 6.4470436764975982, "id_group": 9 }, "geometry": { "type": "Polygon", "coordinates": [ [ [ 4462986.786394314840436, 10046473.162768770009279 ], [ 4463058.089500725269318, 10113760.590165451169014 ], [ 4530547.29012174718082, 10113665.312087271362543 ], [ 4530484.984084661118686, 10046434.233122898265719 ], [ 4462986.786394314840436, 10046473.162768770009279 ] ] ] } },
{ "type": "Feature", "properties": { "X1": 1.0, "log_hist_precip": -0.4158273788403406, "log_hist_temp": -0.16386069498138592, "lat": 1.2471358674489326, "lon": 0.1823188107735578, "latlon": 0.2273763282263388, "log_co2e_ha_2017": 6.4290215083318039, "id_group": 9 }, "geometry": { "type": "Polygon", "coordinates": [ [ [ 4530484.984084662050009, 10046434.233122898265719 ], [ 4530547.290121749043465, 10113665.312087271362543 ], [ 4598036.507573433220387, 10113582.812778044492006 ], [ 4597983.184584439732134, 10046400.524753373116255 ], [ 4530484.984084662050009, 10046434.233122898265719 ] ] ] } },
{ "type": "Feature", "properties": { "X1": 1.0, "log_hist_precip": -0.25713677882479813, "log_hist_temp": 0.11581786886778654, "lat": 1.2471358674489208, "lon": 0.26982512161022054, "latlon": 0.33650858709887294, "log_co2e_ha_2017": 6.4570047600576146, "id_group": 9 }, "geometry": { "type": "Polygon", "coordinates": [ [ [ 4597983.184584439732134, 10046400.524753373116255 ], [ 4598036.507573433220387, 10113582.812778044492006 ], [ 4665525.73943617939949, 10113513.092240592464805 ], [ 4665481.387489760294557, 10046372.0376603808254 ], [ 4597983.184584439732134, 10046400.524753373116255 ] ] ] } },
{ "type": "Feature", "properties": { "X1": 1.0, "log_hist_precip": -0.14970634894798274, "log_hist_temp": 0.25182374804026136, "lat": 1.2471358674488526, "lon": 0.35733143244652954, "latlon": 0.44564084597094372, "log_co2e_ha_2017": 6.466454204449362, "id_group": 10 }, "geometry": { "type": "Polygon", "coordinates": [ [ [ 4665481.387489760294557, 10046372.0376603808254 ], [ 4665525.73943617939949, 10113513.092240592464805 ], [ 4733014.983290384523571, 10113456.150477478280663 ], [ 4732979.592396735213697, 10046348.771843941882253 ], [ 4665481.387489760294557, 10046372.0376603808254 ] ] ] } },
{ "type": "Feature", "properties": { "X1": 1.0, "log_hist_precip": -0.071653683739360985, "log_hist_temp": -0.234412725771841, "lat": 1.2471358674488646, "lon": 0.44483774328321174, "latlon": 0.55477310484350362, "log_co2e_ha_2017": 6.3996066244900476, "id_group": 10 }, "geometry": { "type": "Polygon", "coordinates": [ [ [ 4732979.592396738007665, 10046348.771843941882253 ], [ 4733014.983290385454893, 10113456.150477478280663 ], [ 4800504.236716448329389, 10113411.987490775063634 ], [ 4800477.79890148062259, 10046330.727304305881262 ], [ 4732979.592396738007665, 10046348.771843941882253 ] ] ] } },
{ "type": "Feature", "properties": { "X1": 1.0, "log_hist_precip": -0.027826982449830614, "log_hist_temp": -0.62722729678416056, "lat": 1.2471358674488162, "lon": 0.53234405411953201, "latlon": 0.66390536371558206, "log_co2e_ha_2017": 6.3553216097328242, "id_group": 10 }, "geometry": { "type": "Polygon", "coordinates": [ [ [ 4800477.79890148062259, 10046330.727304305881262 ], [ 4800504.236716448329389, 10113411.987490775063634 ], [ 4867993.49729476775974, 10113380.603282066062093 ], [ 4867976.00660010240972, 10046317.90404156036675 ], [ 4800477.79890148062259, 10046330.727304305881262 ] ] ] } },
{ "type": "Feature", "properties": { "X1": 1.0, "log_hist_precip": 0.080701345375219682, "log_hist_temp": -1.0452554138559962, "lat": 1.247135867448854, "lon": 0.6198503649562368, "latlon": 0.77303762258818509, "log_co2e_ha_2017": 6.4584147630913513, "id_group": 10 }, "geometry": { "type": "Polygon", "coordinates": [ [ [ 4867976.006600103341043, 10046317.90404156036675 ], [ 4867993.497294768691063, 10113380.603282066062093 ], [ 4935482.762605739757419, 10113361.997852444648743 ], [ 4935474.215088715776801, 10046310.302055817097425 ], [ 4867976.006600103341043, 10046317.90404156036675 ] ] ] } },
{ "type": "Feature", "properties": { "X1": 1.0, "log_hist_precip": 0.15494891497395996, "log_hist_temp": -0.90191918745199495, "lat": 1.2471358674488995, "lon": 0.70735667579276618, "latlon": 0.8821698814605814, "log_co2e_ha_2017": 6.5281204813614409, "id_group": 11 }, "geometry": { "type": "Polygon", "coordinates": [ [ [ 4935474.215088715776801, 10046310.302055817097425 ], [ 4935482.762605739757419, 10113361.997852444648743 ], [ 5002972.030229763127863, 10113356.171202665194869 ], [ 5002972.423963429406285, 10046307.921347232535481 ], [ 4935474.215088715776801, 10046310.302055817097425 ] ] ] } },
{ "type": "Feature", "properties": { "X1": 1.0, "log_hist_precip": 0.29731974000728728, "log_hist_temp": -0.94119161723362377, "lat": 1.2471358674488553, "lon": 0.79486298662915511, "latlon": 0.99130214033273922, "log_co2e_ha_2017": 6.5497204015910864, "id_group": 11 }, "geometry": { "type": "Polygon", "coordinates": [ [ [ 5002972.423963430337608, 10046307.921347232535481 ], [ 5002972.030229764059186, 10113356.171202665194869 ], [ 5070461.297747234813869, 10113363.123332757502794 ], [ 5070470.632820359431207, 10046310.76191539876163 ], [ 5002972.423963430337608, 10046307.921347232535481 ] ] ] } },
{ "type": "Feature", "properties": { "X1": 1.0, "log_hist_precip": 0.42500734216387526, "log_hist_temp": -0.72474170904455215, "lat": 1.2471358674488144, "lon": 0.88236929746575532, "latlon": 1.1004343992051557, "log_co2e_ha_2017": 6.6095596757014263, "id_group": 11 }, "geometry": { "type": "Polygon", "coordinates": [ [ [ 5070470.632820359431207, 10046310.76191539876163 ], [ 5070461.297747234813869, 10113363.123332757502794 ], [ 5137950.562738550826907, 10113382.854242654517293 ], [ 5137968.841255613602698, 10046318.823760721832514 ], [ 5070470.632820359431207, 10046310.76191539876163 ] ] ] } },
{ "type": "Feature", "properties": { "X1": 1.0, "log_hist_precip": 0.55495258441526818, "log_hist_temp": -0.49274254540008949, "lat": 1.2471358674488782, "lon": 0.96987560830229913, "latlon": 1.2095666580775961, "log_co2e_ha_2017": 6.6577163686014256, "id_group": 11 }, "geometry": { "type": "Polygon", "coordinates": [ [ [ 5137968.84125561453402, 10046318.823760721832514 ], [ 5137950.562738550826907, 10113382.854242654517293 ], [ 5205439.822784109041095, 10113415.3639314789325 ], [ 5205467.048865305259824, 10046332.106883054599166 ], [ 5137968.84125561453402, 10046318.823760721832514 ] ] ] } },
{ "type": "Feature", "properties": { "X1": 1.0, "log_hist_precip": 0.43851139628621311, "log_hist_temp": 0.25573201140806751, "lat": 1.2471358674488351, "lon": 1.057381919138852, "latlon": 1.3186989169499463, "log_co2e_ha_2017": 6.6063145402022423, "id_group": 12 }, "geometry": { "type": "Polygon", "coordinates": [ [ [ 5205467.048865305259824, 10046332.106883054599166 ], [ 5205439.822784109041095, 10113415.3639314789325 ], [ 5272929.075464306399226, 10113460.652398264035583 ], [ 5272965.255245545879006, 10046350.611282287165523 ], [ 5205467.048865305259824, 10046332.106883054599166 ] ] ] } },
{ "type": "Feature", "properties": { "X1": 1.0, "log_hist_precip": 0.16685029081177308, "log_hist_temp": 0.91400330024288301, "lat": 1.2471358674488413, "lon": 1.1448882299751579, "latlon": 1.427831175822037, "log_co2e_ha_2017": 6.3905319882087861, "id_group": 12 }, "geometry": { "type": "Polygon", "coordinates": [ [ [ 5272965.255245545879006, 10046350.611282287165523 ], [ 5272929.075464306399226, 10113460.652398264035583 ], [ 5340418.318359542638063, 10113518.719641223549843 ], [ 5340463.45999244786799, 10046374.336958140134811 ], [ 5272965.255245545879006, 10046350.611282287165523 ] ] ] } },
{ "type": "Feature", "properties": { "X1": 1.0, "log_hist_precip": -0.026375155213715265, "log_hist_temp": 1.3765087475730895, "lat": 1.2471358674489501, "lon": 1.2323945408118875, "latlon": 1.5369634346947838, "log_co2e_ha_2017": 6.1285349093554533, "id_group": 12 }, "geometry": { "type": "Polygon", "coordinates": [ [ [ 5340463.459992448799312, 10046374.336958140134811 ], [ 5340418.318359543569386, 10113518.719641223549843 ], [ 5407907.549050213769078, 10113589.565658327192068 ], [ 5407961.662702122703195, 10046403.283910755068064 ], [ 5340463.459992448799312, 10046374.336958140134811 ] ] ] } },
{ "type": "Feature", "properties": { "X1": 1.0, "log_hist_precip": 0.31943103481512763, "log_hist_temp": 1.4660587691326954, "lat": 1.2471358674489388, "lon": 1.3199008516483144, "latlon": 1.6460956935670137, "log_co2e_ha_2017": 6.1394910703341763, "id_group": 12 }, "geometry": { "type": "Polygon", "coordinates": [ [ [ 5407961.662702122703195, 10046403.283910755068064 ], [ 5407907.549050213769078, 10113589.565658327192068 ], [ 5475396.765116720460355, 10113673.190447051078081 ], [ 5475459.862970681861043, 10046437.452139724045992 ], [ 5407961.662702122703195, 10046403.283910755068064 ] ] ] } },
{ "type": "Feature", "properties": { "X1": 1.0, "log_hist_precip": 2.1178370519359655, "log_hist_temp": -0.22714227119612312, "lat": 1.1182028404881006, "lon": -1.5678074059567673, "latlon": -1.7531266946791377, "log_co2e_ha_2017": 6.4229704989606935, "id_group": 13 }, "geometry": { "type": "Polygon", "coordinates": [ [ [ 3180482.451986758969724, 9978410.153583573177457 ], [ 3180522.101240861229599, 10048204.868034152314067 ], [ 3248020.168813286349177, 10048066.734219036996365 ], [ 3247982.064352496527135, 9978472.022253332659602 ], [ 3180482.451986758969724, 9978410.153583573177457 ] ] ] } },
{ "type": "Feature", "properties": { "X1": 1.0, "log_hist_precip": 2.295855804265293, "log_hist_temp": -0.31833353075881798, "lat": 1.1182028404882234, "lon": -1.4803010951203845, "latlon": -1.6552768893414418, "log_co2e_ha_2017": 6.339760728179507, "id_group": 13 }, "geometry": { "type": "Polygon", "coordinates": [ [ [ 3247982.06435249466449, 9978472.022253332659602 ], [ 3248020.16881328355521, 10048066.734219036996365 ], [ 3315518.246869012713432, 10047933.821670465171337 ], [ 3315481.678821189329028, 9978531.552370682358742 ], [ 3247982.06435249466449, 9978472.022253332659602 ] ] ] } },
{ "type": "Feature", "properties": { "X1": 1.0, "log_hist_precip": 2.4692818216491115, "log_hist_temp": -0.34034932953158392, "lat": 1.1182028404881839, "lon": -1.3927947842837003, "latlon": -1.557427084003161, "log_co2e_ha_2017": 6.105284923903767, "id_group": 14 }, "geometry": { "type": "Polygon", "coordinates": [ [ [ 3315481.67882118653506, 9978531.552370682358742 ], [ 3315518.246869008522481, 10047933.821670465171337 ], [ 3383016.335004150867462, 10047806.130389004945755 ], [ 3382981.295311816502362, 9978588.743935687467456 ], [ 3315481.67882118653506, 9978531.552370682358742 ] ] ] } },
{ "type": "Feature", "properties": { "X1": 1.0, "log_hist_precip": 2.5138595600276044, "log_hist_temp": -0.27021959894547581, "lat": 1.1182028404882465, "lon": -1.3052884734472456, "latlon": -1.4595772786652772, "log_co2e_ha_2017": 6.0053852606960119, "id_group": 14 }, "geometry": { "type": "Polygon", "coordinates": [ [ [ 3382981.295311816502362, 9978588.743935687467456 ], [ 3383016.335004150867462, 10047806.130389004945755 ], [ 3450514.432814817875624, 10047683.660375818610191 ], [ 3450480.913743360899389, 9978643.59694841131568 ], [ 3382981.295311816502362, 9978588.743935687467456 ] ] ] } },
{ "type": "Feature", "properties": { "X1": 1.0, "log_hist_precip": 1.9424850813530745, "log_hist_temp": 0.050734565779148075, "lat": 1.1182028404883297, "lon": -1.2177821626106844, "latlon": -1.3617274733272884, "log_co2e_ha_2017": 6.1243293203210341, "id_group": 14 }, "geometry": { "type": "Polygon", "coordinates": [ [ [ 3450480.913743359036744, 9978643.59694841131568 ], [ 3450514.43281481647864, 10047683.660375818610191 ], [ 3518012.539897123351693, 10047566.411631345748901 ], [ 3517980.534034800715744, 9978696.111408500000834 ], [ 3450480.913743359036744, 9978643.59694841131568 ] ] ] } },
{ "type": "Feature", "properties": { "X1": 1.0, "log_hist_precip": 1.4671147445110455, "log_hist_temp": 0.35712978879983515, "lat": 1.1182028404882489, "lon": -1.1302758517741498, "latlon": -1.2638776679891293, "log_co2e_ha_2017": 6.2761015861789184, "id_group": 14 }, "geometry": { "type": "Polygon", "coordinates": [ [ [ 3517980.534034798853099, 9978696.111408500000834 ], [ 3518012.539897122420371, 10047566.411631345748901 ], [ 3585510.655847179703414, 10047454.384156426414847 ], [ 3585480.156105114147067, 9978746.287315588444471 ], [ 3517980.534034798853099, 9978696.111408500000834 ] ] ] } },
{ "type": "Feature", "properties": { "X1": 1.0, "log_hist_precip": 0.88474496182994256, "log_hist_temp": 0.77469002768873507, "lat": 1.1182028404881033, "lon": -1.042769540937603, "latlon": -1.1660278626509031, "log_co2e_ha_2017": 6.3212696766388179, "id_group": 15 }, "geometry": { "type": "Polygon", "coordinates": [ [ [ 3585480.156105112750083, 9978746.287315588444471 ], [ 3585510.655847178306431, 10047454.384156426414847 ], [ 3653008.78026109887287, 10047347.577951561659575 ], [ 3652979.779873283114284, 9978794.124670574441552 ], [ 3585480.156105112750083, 9978746.287315588444471 ] ] ] } },
{ "type": "Feature", "properties": { "X1": 1.0, "log_hist_precip": 0.46021920618387196, "log_hist_temp": 0.72014627579839952, "lat": 1.118202840488129, "lon": -0.9552632301011813, "latlon": -1.0681780573130062, "log_co2e_ha_2017": 6.28957055100667, "id_group": 15 }, "geometry": { "type": "Polygon", "coordinates": [ [ [ 3652979.7798732817173, 9978794.124670574441552 ], [ 3653008.780261097475886, 10047347.577951561659575 ], [ 3720506.91273499513045, 10047245.993017653003335 ], [ 3720479.405258288607001, 9978839.623472673818469 ], [ 3652979.7798732817173, 9978794.124670574441552 ] ] ] } },
{ "type": "Feature", "properties": { "X1": 1.0, "log_hist_precip": 0.65993062704718841, "log_hist_temp": 0.82942754864629875, "lat": 1.118202840488228, "lon": -0.86775691926462617, "latlon": -0.97032825197501893, "log_co2e_ha_2017": 6.2549799287406627, "id_group": 15 }, "geometry": { "type": "Polygon", "coordinates": [ [ [ 3720479.405258288607001, 9978839.623472673818469 ], [ 3720506.91273499513045, 10047245.993017653003335 ], [ 3788005.052864979486912, 10047149.629355069249868 ], [ 3787979.032179108820856, 9978882.783721935003996 ], [ 3720479.405258288607001, 9978839.623472673818469 ] ] ] } },
{ "type": "Feature", "properties": { "X1": 1.0, "log_hist_precip": 0.94591976172760373, "log_hist_temp": 0.95082727017961854, "lat": 1.1182028404881197, "lon": -0.78025060842818594, "latlon": -0.87247844663698115, "log_co2e_ha_2017": 6.1755518996438683, "id_group": 15 }, "geometry": { "type": "Polygon", "coordinates": [ [ [ 3787979.032179107889533, 9978882.783721935003996 ], [ 3788005.052864978089929, 10047149.629355069249868 ], [ 3855503.200247162953019, 10047058.486964393407106 ], [ 3855478.660554722882807, 9978923.605418410152197 ], [ 3787979.032179107889533, 9978882.783721935003996 ] ] ] } },
{ "type": "Feature", "properties": { "X1": 1.0, "log_hist_precip": 1.1138320197238798, "log_hist_temp": 0.95224993083781773, "lat": 1.1182028404880666, "lon": -0.69274429759157963, "latlon": -0.77462864129881481, "log_co2e_ha_2017": 6.1247528120720718, "id_group": 16 }, "geometry": { "type": "Polygon", "coordinates": [ [ [ 3855478.660554721020162, 9978923.605418410152197 ], [ 3855503.200247161556035, 10047058.486964393407106 ], [ 3923001.354477658402175, 10046972.565846433863044 ], [ 3922978.2903041113168, 9978962.088562143966556 ], [ 3855478.660554721020162, 9978923.605418410152197 ] ] ] } },
{ "type": "Feature", "properties": { "X1": 1.0, "log_hist_precip": 0.67169240035844258, "log_hist_temp": 1.0112079790687041, "lat": 1.1182028404881417, "lon": -0.60523798675507889, "latlon": -0.67677883596085353, "log_co2e_ha_2017": 6.0632022288518206, "id_group": 16 }, "geometry": { "type": "Polygon", "coordinates": [ [ [ 3922978.290304112248123, 9978962.088562143966556 ], [ 3923001.354477659799159, 10046972.565846433863044 ], [ 3990499.515152580104768, 10046891.866001455113292 ], [ 3990477.921346255578101, 9978998.233153184875846 ], [ 3922978.290304112248123, 9978962.088562143966556 ] ] ] } },
{ "type": "Feature", "properties": { "X1": 1.0, "log_hist_precip": 0.34923169241539415, "log_hist_temp": 1.0495558554821669, "lat": 1.1182028404881632, "lon": -0.51773167591858638, "latlon": -0.5789290306228605, "log_co2e_ha_2017": 6.0556861563758346, "id_group": 16 }, "geometry": { "type": "Polygon", "coordinates": [ [ [ 3990477.921346255578101, 9978998.233153184875846 ], [ 3990499.515152580104768, 10046891.866001455113292 ], [ 4057997.681868036277592, 10046816.387429941445589 ], [ 4057977.553600132931024, 9979032.039190717041492 ], [ 3990477.921346255578101, 9978998.233153184875846 ] ] ] } },
{ "type": "Feature", "properties": { "X1": 1.0, "log_hist_precip": 0.12291700548179631, "log_hist_temp": 1.1291528192511, "lat": 1.1182028404881477, "lon": -0.43022536508201797, "latlon": -0.48107922528476282, "log_co2e_ha_2017": 6.0457623724839404, "id_group": 16 }, "geometry": { "type": "Polygon", "coordinates": [ [ [ 4057977.553600134328008, 9979032.039190717041492 ], [ 4057997.681868037674576, 10046816.387429941445589 ], [ 4125495.854220142588019, 10046746.130132602527738 ], [ 4125477.18698472622782, 9979063.506675638258457 ], [ 4057977.553600134328008, 9979032.039190717041492 ] ] ] } },
{ "type": "Feature", "properties": { "X1": 1.0, "log_hist_precip": 0.051044354011723289, "log_hist_temp": 1.2332471326672869, "lat": 1.1182028404881288, "lon": -0.34271905424544141, "latlon": -0.38322941994665766, "log_co2e_ha_2017": 6.0697672645260932, "id_group": 17 }, "geometry": { "type": "Polygon", "coordinates": [ [ [ 4125477.18698472622782, 9979063.506675638258457 ], [ 4125495.854220142588019, 10046746.130132602527738 ], [ 4192994.031805009115487, 10046681.09410941042006 ], [ 4192976.821419012732804, 9979092.635607557371259 ], [ 4125477.18698472622782, 9979063.506675638258457 ] ] ] } },
{ "type": "Feature", "properties": { "X1": 1.0, "log_hist_precip": -0.040496704807355566, "log_hist_temp": 1.3211844101525501, "lat": 1.1182028404880699, "lon": -0.25521274340906475, "latlon": -0.28537961460876915, "log_co2e_ha_2017": 6.1364133554122926, "id_group": 17 }, "geometry": { "type": "Polygon", "coordinates": [ [ [ 4192976.821419012732804, 9979092.635607557371259 ], [ 4192994.031805009115487, 10046681.09410941042006 ], [ 4260492.214218746870756, 10046621.279361132532358 ], [ 4260476.456821972504258, 9979119.42598607763648 ], [ 4192976.821419012732804, 9979092.635607557371259 ] ] ] } },
{ "type": "Feature", "properties": { "X1": 1.0, "log_hist_precip": -0.17283902068564297, "log_hist_temp": 1.0439304631477684, "lat": 1.1182028404882127, "lon": -0.16770643257245943, "latlon": -0.18752980927066906, "log_co2e_ha_2017": 6.3607207834564896, "id_group": 17 }, "geometry": { "type": "Polygon", "coordinates": [ [ [ 4260476.456821972504258, 9979119.42598607763648 ], [ 4260492.214218746870756, 10046621.279361132532358 ], [ 4327990.401057470589876, 10046566.68588818795979 ], [ 4327976.093112586997449, 9979143.877812093123794 ], [ 4260476.456821972504258, 9979119.42598607763648 ] ] ] } },
{ "type": "Feature", "properties": { "X1": 1.0, "log_hist_precip": -0.2444392941590865, "log_hist_temp": 0.89322630555076243, "lat": 1.1182028404882141, "lon": -0.080200121735954616, "latlon": -0.089680003932645011, "log_co2e_ha_2017": 6.4221308016508685, "id_group": 17 }, "geometry": { "type": "Polygon", "coordinates": [ [ [ 4327976.093112586997449, 9979143.877812093123794 ], [ 4327990.401057470589876, 10046566.68588818795979 ], [ 4395488.591917287558317, 10046517.313690446317196 ], [ 4395475.730209834873676, 9979165.991084339097142 ], [ 4327976.093112586997449, 9979143.877812093123794 ] ] ] } },
{ "type": "Feature", "properties": { "X1": 1.0, "log_hist_precip": -0.22219284809853448, "log_hist_temp": 0.6530071382585757, "lat": 1.1182028404880637, "lon": 0.0073061891005020176, "latlon": 0.0081698014053242871, "log_co2e_ha_2017": 6.4454117509720792, "id_group": 18 }, "geometry": { "type": "Polygon", "coordinates": [ [ [ 4395475.730209835804999, 9979165.991084339097142 ], [ 4395488.591917289420962, 10046517.313690446317196 ], [ 4462986.786394314840436, 10046473.162768770009279 ], [ 4462975.368032696656883, 9979185.765803705900908 ], [ 4395475.730209835804999, 9979165.991084339097142 ] ] ] } },
{ "type": "Feature", "properties": { "X1": 1.0, "log_hist_precip": -0.11569004301661157, "log_hist_temp": 0.52135524095683639, "lat": 1.1182028404881441, "lon": 0.094812499937069389, "latlon": 0.10601960674341297, "log_co2e_ha_2017": 6.4281843387726507, "id_group": 18 }, "geometry": { "type": "Polygon", "coordinates": [ [ [ 4462975.368032696656883, 9979185.765803705900908 ], [ 4462986.786394314840436, 10046473.162768770009279 ], [ 4530484.984084661118686, 10046434.233122898265719 ], [ 4530475.006500150077045, 9979203.201970214024186 ], [ 4462975.368032696656883, 9979185.765803705900908 ] ] ] } },
{ "type": "Feature", "properties": { "X1": 1.0, "log_hist_precip": 0.08380890327479551, "log_hist_temp": 0.56404142825808157, "lat": 1.118202840488141, "lon": 0.18231881077357218, "latlon": 0.20386941208142828, "log_co2e_ha_2017": 6.4218223498685898, "id_group": 18 }, "geometry": { "type": "Polygon", "coordinates": [ [ [ 4530475.00650015193969, 9979203.201970214024186 ], [ 4530484.984084662050009, 10046434.233122898265719 ], [ 4597983.184584439732134, 10046400.524753373116255 ], [ 4597974.645531178452075, 9979218.299583025276661 ], [ 4530475.00650015193969, 9979203.201970214024186 ] ] ] } },
{ "type": "Feature", "properties": { "X1": 1.0, "log_hist_precip": 0.27781077544936572, "log_hist_temp": 0.54795085526633946, "lat": 1.1182028404882418, "lon": 0.2698251216101703, "latlon": 0.30171921741957769, "log_co2e_ha_2017": 6.4225981262061254, "id_group": 18 }, "geometry": { "type": "Polygon", "coordinates": [ [ [ 4597974.645531178452075, 9979218.299583025276661 ], [ 4597983.184584439732134, 10046400.524753373116255 ], [ 4665481.387489760294557, 10046372.0376603808254 ], [ 4665474.285044759511948, 9979231.058643018826842 ], [ 4597974.645531178452075, 9979218.299583025276661 ] ] ] } },
{ "type": "Feature", "properties": { "X1": 1.0, "log_hist_precip": 0.39705332405012178, "log_hist_temp": 0.46992876492928698, "lat": 1.1182028404882249, "lon": 0.35733143244655102, "latlon": 0.39956902275745959, "log_co2e_ha_2017": 6.4467434473768321, "id_group": 19 }, "geometry": { "type": "Polygon", "coordinates": [ [ [ 4665474.285044759511948, 9979231.058643018826842 ], [ 4665481.387489760294557, 10046372.0376603808254 ], [ 4732979.592396735213697, 10046348.771843941882253 ], [ 4732973.924959871917963, 9979241.479149345308542 ], [ 4665474.285044759511948, 9979231.058643018826842 ] ] ] } },
{ "type": "Feature", "properties": { "X1": 1.0, "log_hist_precip": 0.44407356842089613, "log_hist_temp": -0.013098869222920107, "lat": 1.1182028404880517, "lon": 0.44483774328329584, "latlon": 0.49741882809567617, "log_co2e_ha_2017": 6.4345179602222338, "id_group": 19 }, "geometry": { "type": "Polygon", "coordinates": [ [ [ 4732973.924959873780608, 9979241.479149345308542 ], [ 4732979.592396738007665, 10046348.771843941882253 ], [ 4800477.79890148062259, 10046330.727304305881262 ], [ 4800473.565195499919355, 9979249.561102882027626 ], [ 4732973.924959873780608, 9979241.479149345308542 ] ] ] } },
{ "type": "Feature", "properties": { "X1": 1.0, "log_hist_precip": 0.39566706860941331, "log_hist_temp": -0.72883047803114698, "lat": 1.1182028404880453, "lon": 0.53234405411953301, "latlon": 0.59526863343338354, "log_co2e_ha_2017": 6.4201971272518623, "id_group": 19 }, "geometry": { "type": "Polygon", "coordinates": [ [ [ 4800473.565195499919355, 9979249.561102882027626 ], [ 4800477.79890148062259, 10046330.727304305881262 ], [ 4867976.00660010240972, 10046317.90404156036675 ], [ 4867973.205670618452132, 9979255.304502775892615 ], [ 4800473.565195499919355, 9979249.561102882027626 ] ] ] } },
{ "type": "Feature", "properties": { "X1": 1.0, "log_hist_precip": 0.41843298580797367, "log_hist_temp": -1.4883168216654863, "lat": 1.1182028404881188, "lon": 0.61985036495622758, "latlon": 0.6931184387716508, "log_co2e_ha_2017": 6.4592417123296508, "id_group": 19 }, "geometry": { "type": "Polygon", "coordinates": [ [ [ 4867973.205670619383454, 9979255.304502775892615 ], [ 4867976.006600103341043, 10046317.90404156036675 ], [ 4935474.215088715776801, 10046310.302055817097425 ], [ 4935472.846304210834205, 9979258.70934989489615 ], [ 4867973.205670619383454, 9979255.304502775892615 ] ] ] } },
{ "type": "Feature", "properties": { "X1": 1.0, "log_hist_precip": 0.38211785759900618, "log_hist_temp": -0.79499863105743651, "lat": 1.1182028404882018, "lon": 0.70735667579269446, "latlon": 0.79096824410968303, "log_co2e_ha_2017": 6.514833071322415, "id_group": 20 }, "geometry": { "type": "Polygon", "coordinates": [ [ [ 4935472.846304210834205, 9979258.70934989489615 ], [ 4935474.215088715776801, 10046310.302055817097425 ], [ 5002972.423963429406285, 10046307.921347232535481 ], [ 5002972.487015253864229, 9979259.77564338222146 ], [ 4935472.846304210834205, 9979258.70934989489615 ] ] ] } },
{ "type": "Feature", "properties": { "X1": 1.0, "log_hist_precip": 0.34933067072313256, "log_hist_temp": -0.37834196598150271, "lat": 1.1182028404880999, "lon": 0.79486298662932742, "latlon": 0.88881804944776854, "log_co2e_ha_2017": 6.5499288787211505, "id_group": 20 }, "geometry": { "type": "Polygon", "coordinates": [ [ [ 5002972.487015253864229, 9979259.77564338222146 ], [ 5002972.423963430337608, 10046307.921347232535481 ], [ 5070470.632820359431207, 10046310.76191539876163 ], [ 5070472.127722729928792, 9979258.503383670002222 ], [ 5002972.487015253864229, 9979259.77564338222146 ] ] ] } },
{ "type": "Feature", "properties": { "X1": 1.0, "log_hist_precip": 0.42652771521817362, "log_hist_temp": -0.012940985571967784, "lat": 1.1182028404880662, "lon": 0.88236929746572046, "latlon": 0.98666785478562802, "log_co2e_ha_2017": 6.6074415026656066, "id_group": 20 }, "geometry": { "type": "Polygon", "coordinates": [ [ [ 5070472.127722729928792, 9979258.503383670002222 ], [ 5070470.632820359431207, 10046310.76191539876163 ], [ 5137968.841255613602698, 10046318.823760721832514 ], [ 5137971.768345617689192, 9979254.89257075637579 ], [ 5070472.127722729928792, 9979258.503383670002222 ] ] ] } },
{ "type": "Feature", "properties": { "X1": 1.0, "log_hist_precip": 0.53304826883727774, "log_hist_temp": -0.24584030686714775, "lat": 1.1182028404881927, "lon": 0.96987560830220787, "latlon": 1.0845176601237427, "log_co2e_ha_2017": 6.613840913394009, "id_group": 20 }, "geometry": { "type": "Polygon", "coordinates": [ [ [ 5137971.768345618620515, 9979254.89257075637579 ], [ 5137968.84125561453402, 10046318.823760721832514 ], [ 5205467.048865305259824, 10046332.106883054599166 ], [ 5205471.408802897669375, 9979248.943204637616873 ], [ 5137971.768345618620515, 9979254.89257075637579 ] ] ] } },
{ "type": "Feature", "properties": { "X1": 1.0, "log_hist_precip": 0.4968697502065425, "log_hist_temp": 0.44401634985824179, "lat": 1.1182028404882773, "lon": 1.0573819191388132, "latlon": 1.1823674654619669, "log_co2e_ha_2017": 6.5483189944652311, "id_group": 21 }, "geometry": { "type": "Polygon", "coordinates": [ [ [ 5205471.408802897669375, 9979248.943204637616873 ], [ 5205467.048865305259824, 10046332.106883054599166 ], [ 5272965.255245545879006, 10046350.611282287165523 ], [ 5272971.049013548530638, 9979240.655284874141216 ], [ 5205471.408802897669375, 9979248.943204637616873 ] ] ] } },
{ "type": "Feature", "properties": { "X1": 1.0, "log_hist_precip": 0.39321240157413417, "log_hist_temp": 1.1892726370816162, "lat": 1.1182028404881885, "lon": 1.144888229975233, "latlon": 1.2802172707997999, "log_co2e_ha_2017": 6.237471951548418, "id_group": 21 }, "geometry": { "type": "Polygon", "coordinates": [ [ [ 5272971.049013548530638, 9979240.655284874141216 ], [ 5272965.255245545879006, 10046350.611282287165523 ], [ 5340463.45999244786799, 10046374.336958140134811 ], [ 5340470.688896550796926, 9979230.028812319040298 ], [ 5272971.049013548530638, 9979240.655284874141216 ] ] ] } },
{ "type": "Feature", "properties": { "X1": 1.0, "log_hist_precip": 0.1850056120553932, "log_hist_temp": 1.3617864934853274, "lat": 1.1182028404880613, "lon": 1.2323945408118742, "latlon": 1.3780670761378178, "log_co2e_ha_2017": 6.2604257622025976, "id_group": 21 }, "geometry": { "type": "Polygon", "coordinates": [ [ [ 5340470.688896551728249, 9979230.028812319040298 ], [ 5340463.459992448799312, 10046374.336958140134811 ], [ 5407961.662702122703195, 10046403.283910755068064 ], [ 5407970.328370884992182, 9979217.063786529004574 ], [ 5340470.688896551728249, 9979230.028812319040298 ] ] ] } },
{ "type": "Feature", "properties": { "X1": 1.0, "log_hist_precip": 0.7317043465773152, "log_hist_temp": 1.5287122760453464, "lat": 1.1182028404881432, "lon": 1.319900851648343, "latlon": 1.4759168814758965, "log_co2e_ha_2017": 6.1916676963126243, "id_group": 21 }, "geometry": { "type": "Polygon", "coordinates": [ [ [ 5407970.328370884992182, 9979217.063786529004574 ], [ 5407961.662702122703195, 10046403.283910755068064 ], [ 5475459.862970681861043, 10046437.452139724045992 ], [ 5475469.967355530709028, 9979201.760207489132881 ], [ 5407970.328370884992182, 9979217.063786529004574 ] ] ] } },
{ "type": "Feature", "properties": { "X1": 1.0, "log_hist_precip": 1.3134809897545885, "log_hist_temp": 1.6244136401713709, "lat": 1.1182028404882798, "lon": 1.4074071624847648, "latlon": 1.5737666868140139, "log_co2e_ha_2017": 5.9652916728039589, "id_group": 22 }, "geometry": { "type": "Polygon", "coordinates": [ [ [ 5475469.967355530709028, 9979201.760207489132881 ], [ 5475459.862970682792366, 10046437.452139724045992 ], [ 5542958.060394237749279, 10046476.841645058244467 ], [ 5542969.605769467540085, 9979184.118075178936124 ], [ 5475469.967355530709028, 9979201.760207489132881 ] ] ] } },
{ "type": "Feature", "properties": { "X1": 1.0, "log_hist_precip": 1.9030252193886565, "log_hist_temp": -0.029546038842495955, "lat": 0.98926981332240738, "lon": -1.5678074059567613, "latlon": -1.5509845398163329, "log_co2e_ha_2017": 6.4073241626050601, "id_group": 13 }, "geometry": { "type": "Polygon", "coordinates": [ [ [ 3180650.751070981379598, 9908615.775063222274184 ], [ 3180482.451986758969724, 9978410.153583573177457 ], [ 3247982.064352496527135, 9978472.022253332659602 ], [ 3248143.80628876760602, 9908877.61809741333127 ], [ 3180650.751070981379598, 9908615.775063222274184 ] ] ] } },
{ "type": "Feature", "properties": { "X1": 1.0, "log_hist_precip": 2.1603632778912805, "log_hist_temp": -0.32626060575264693, "lat": 0.98926981332229336, "lon": -1.4803010951202553, "latlon": -1.4644171880304013, "log_co2e_ha_2017": 6.3129947488908762, "id_group": 13 }, "geometry": { "type": "Polygon", "coordinates": [ [ [ 3248143.806288765743375, 9908877.61809741333127 ], [ 3247982.06435249466449, 9978472.022253332659602 ], [ 3315481.678821189329028, 9978531.552370682358742 ], [ 3315636.899177871644497, 9909129.56386217661202 ], [ 3248143.806288765743375, 9908877.61809741333127 ] ] ] } },
{ "type": "Feature", "properties": { "X1": 1.0, "log_hist_precip": 2.3512795020313884, "log_hist_temp": -0.34552213761092626, "lat": 0.98926981332233066, "lon": -1.3927947842837904, "latlon": -1.3778498362447411, "log_co2e_ha_2017": 6.1791020651142121, "id_group": 14 }, "geometry": { "type": "Polygon", "coordinates": [ [ [ 3315636.899177867919207, 9909129.56386217661202 ], [ 3315481.67882118653506, 9978531.552370682358742 ], [ 3382981.295311816502362, 9978588.743935687467456 ], [ 3383130.028286945074797, 9909371.612351993098855 ], [ 3315636.899177867919207, 9909129.56386217661202 ] ] ] } },
{ "type": "Feature", "properties": { "X1": 1.0, "log_hist_precip": 2.3107453309232007, "log_hist_temp": -0.27097797392800976, "lat": 0.98926981332232999, "lon": -1.3052884734472765, "latlon": -1.2912824844589763, "log_co2e_ha_2017": 6.1912845406898205, "id_group": 14 }, "geometry": { "type": "Polygon", "coordinates": [ [ [ 3383130.028286945074797, 9909371.612351993098855 ], [ 3382981.295311816502362, 9978588.743935687467456 ], [ 3450480.913743360899389, 9978643.59694841131568 ], [ 3450623.192164640873671, 9909603.763561744242907 ], [ 3383130.028286945074797, 9909371.612351993098855 ] ] ] } },
{ "type": "Feature", "properties": { "X1": 1.0, "log_hist_precip": 1.9171945268664305, "log_hist_temp": -0.029516187428729187, "lat": 0.98926981332233033, "lon": -1.217782162610662, "latlon": -1.2047151326731134, "log_co2e_ha_2017": 6.1993004558903984, "id_group": 14 }, "geometry": { "type": "Polygon", "coordinates": [ [ [ 3450623.192164639942348, 9909603.763561744242907 ], [ 3450480.913743359036744, 9978643.59694841131568 ], [ 3517980.534034800715744, 9978696.111408500000834 ], [ 3518116.389359607826918, 9909826.017486408352852 ], [ 3450623.192164639942348, 9909603.763561744242907 ] ] ] } },
{ "type": "Feature", "properties": { "X1": 1.0, "log_hist_precip": 1.3284397448224197, "log_hist_temp": 0.21799332781546182, "lat": 0.98926981332223274, "lon": -1.1302758517740863, "latlon": -1.118147780887178, "log_co2e_ha_2017": 6.2418250945131506, "id_group": 14 }, "geometry": { "type": "Polygon", "coordinates": [ [ [ 3518116.389359606429935, 9909826.017486408352852 ], [ 3517980.534034798853099, 9978696.111408500000834 ], [ 3585480.156105114147067, 9978746.287315588444471 ], [ 3585609.618420493323356, 9910038.374121258035302 ], [ 3518116.389359606429935, 9909826.017486408352852 ] ] ] } },
{ "type": "Feature", "properties": { "X1": 1.0, "log_hist_precip": 0.39134076458701128, "log_hist_temp": 0.55722626036912004, "lat": 0.98926981332222907, "lon": -1.042769540937603, "latlon": -1.031580429101449, "log_co2e_ha_2017": 6.3204566653106422, "id_group": 15 }, "geometry": { "type": "Polygon", "coordinates": [ [ [ 3585609.618420491926372, 9910038.374121258035302 ], [ 3585480.156105112750083, 9978746.287315588444471 ], [ 3652979.779873283114284, 9978794.124670574441552 ], [ 3653102.877895947545767, 9910240.833461662754416 ], [ 3585609.618420491926372, 9910038.374121258035302 ] ] ] } },
{ "type": "Feature", "properties": { "X1": 1.0, "log_hist_precip": 0.13443733921685161, "log_hist_temp": 0.80861577514810878, "lat": 0.98926981332232378, "lon": -0.95526323010115255, "latlon": -0.94501307731584716, "log_co2e_ha_2017": 6.3381970697906436, "id_group": 15 }, "geometry": { "type": "Polygon", "coordinates": [ [ [ 3653102.877895946148783, 9910240.833461662754416 ], [ 3652979.7798732817173, 9978794.124670574441552 ], [ 3720479.405258288607001, 9978839.623472673818469 ], [ 3720596.166334619745612, 9910433.39550318941474 ], [ 3653102.877895946148783, 9910240.833461662754416 ] ] ] } },
{ "type": "Feature", "properties": { "X1": 1.0, "log_hist_precip": 0.55761727320957921, "log_hist_temp": 0.90063606835480559, "lat": 0.9892698133222837, "lon": -0.86775691926466925, "latlon": -0.85844572553007936, "log_co2e_ha_2017": 6.2564300044638834, "id_group": 15 }, "geometry": { "type": "Polygon", "coordinates": [ [ [ 3720596.166334619745612, 9910433.39550318941474 ], [ 3720479.405258288607001, 9978839.623472673818469 ], [ 3787979.032179108820856, 9978882.783721935003996 ], [ 3788089.482285156380385, 9910616.060241904109716 ], [ 3720596.166334619745612, 9910433.39550318941474 ] ] ] } },
{ "type": "Feature", "properties": { "X1": 1.0, "log_hist_precip": 0.88534491722282216, "log_hist_temp": 0.8631437848074105, "lat": 0.98926981332227104, "lon": -0.7802506084281593, "latlon": -0.77187837374431356, "log_co2e_ha_2017": 6.1844863836379904, "id_group": 15 }, "geometry": { "type": "Polygon", "coordinates": [ [ [ 3788089.482285154983401, 9910616.060241904109716 ], [ 3787979.032179107889533, 9978882.783721935003996 ], [ 3855478.660554722882807, 9978923.605418410152197 ], [ 3855582.824296202510595, 9910788.827673660591245 ], [ 3788089.482285154983401, 9910616.060241904109716 ] ] ] } },
{ "type": "Feature", "properties": { "X1": 1.0, "log_hist_precip": 0.91212635942017439, "log_hist_temp": 0.82766471735713287, "lat": 0.98926981332221209, "lon": -0.69274429759153755, "latlon": -0.68531102195840732, "log_co2e_ha_2017": 6.1163318383238146, "id_group": 16 }, "geometry": { "type": "Polygon", "coordinates": [ [ [ 3855582.82429620064795, 9910788.827673660591245 ], [ 3855478.660554721020162, 9978923.605418410152197 ], [ 3922978.2903041113168, 9978962.088562143966556 ], [ 3923076.190916405059397, 9910951.697794917970896 ], [ 3855582.82429620064795, 9910788.827673660591245 ] ] ] } },
{ "type": "Feature", "properties": { "X1": 1.0, "log_hist_precip": 0.61958795606225314, "log_hist_temp": 0.71327945811969562, "lat": 0.98926981332228836, "lon": -0.60523798675518858, "latlon": -0.59874367017286301, "log_co2e_ha_2017": 6.081536997071602, "id_group": 16 }, "geometry": { "type": "Polygon", "coordinates": [ [ [ 3923076.190916406456381, 9910951.697794917970896 ], [ 3922978.290304112248123, 9978962.088562143966556 ], [ 3990477.921346255578101, 9978998.233153184875846 ], [ 3990569.580694411881268, 9911104.67060212418437 ], [ 3923076.190916406456381, 9910951.697794917970896 ] ] ] } },
{ "type": "Feature", "properties": { "X1": 1.0, "log_hist_precip": 0.77311298438947229, "log_hist_temp": 0.64857126385395081, "lat": 0.98926981332227593, "lon": -0.51773167591850433, "latlon": -0.51217631838692779, "log_co2e_ha_2017": 6.1375354946429495, "id_group": 16 }, "geometry": { "type": "Polygon", "coordinates": [ [ [ 3990569.580694411881268, 9911104.67060212418437 ], [ 3990477.921346255578101, 9978998.233153184875846 ], [ 4057977.553600132931024, 9979032.039190717041492 ], [ 4058062.992178864777088, 9911247.746091928333044 ], [ 3990569.580694411881268, 9911104.67060212418437 ] ] ] } },
{ "type": "Feature", "properties": { "X1": 1.0, "log_hist_precip": 0.92458462950576858, "log_hist_temp": 0.74061457460349789, "lat": 0.98926981332219455, "lon": -0.4302253650820026, "latlon": -0.42560896660114572, "log_co2e_ha_2017": 6.213168565901201, "id_group": 16 }, "geometry": { "type": "Polygon", "coordinates": [ [ [ 4058062.992178866174072, 9911247.746091928333044 ], [ 4057977.553600134328008, 9979032.039190717041492 ], [ 4125477.18698472622782, 9979063.506675638258457 ], [ 4125556.423918412066996, 9911380.924261275678873 ], [ 4058062.992178866174072, 9911247.746091928333044 ] ] ] } },
{ "type": "Feature", "properties": { "X1": 1.0, "log_hist_precip": 0.73186933360320527, "log_hist_temp": 0.944549125452394, "lat": 0.98926981332229957, "lon": -0.34271905424556853, "latlon": -0.33904161481550865, "log_co2e_ha_2017": 6.2038180069690814, "id_group": 17 }, "geometry": { "type": "Polygon", "coordinates": [ [ [ 4125556.423918412066996, 9911380.924261275678873 ], [ 4125477.18698472622782, 9979063.506675638258457 ], [ 4192976.821419012732804, 9979092.635607557371259 ], [ 4193049.874461695551872, 9911504.205107409507036 ], [ 4125556.423918412066996, 9911380.924261275678873 ] ] ] } },
{ "type": "Feature", "properties": { "X1": 1.0, "log_hist_precip": 0.26077058219055049, "log_hist_temp": 1.0437534107578108, "lat": 0.98926981332228459, "lon": -0.25521274340897349, "latlon": -0.2524742630296633, "log_co2e_ha_2017": 6.2266132125918769, "id_group": 17 }, "geometry": { "type": "Polygon", "coordinates": [ [ [ 4193049.874461695551872, 9911504.205107409507036 ], [ 4192976.821419012732804, 9979092.635607557371259 ], [ 4260476.456821972504258, 9979119.42598607763648 ], [ 4260543.34235735796392, 9911617.588627561926842 ], [ 4193049.874461695551872, 9911504.205107409507036 ] ] ] } },
{ "type": "Feature", "properties": { "X1": 1.0, "log_hist_precip": 0.013996338263023194, "log_hist_temp": 0.92042156394037888, "lat": 0.98926981332228825, "lon": -0.1677064325725712, "latlon": -0.16590691124401444, "log_co2e_ha_2017": 6.3007608302375493, "id_group": 17 }, "geometry": { "type": "Polygon", "coordinates": [ [ [ 4260543.34235735796392, 9911617.588627561926842 ], [ 4260476.456821972504258, 9979119.42598607763648 ], [ 4327976.093112586997449, 9979143.877812093123794 ], [ 4328036.826154046691954, 9911721.074819266796112 ], [ 4260543.34235735796392, 9911617.588627561926842 ] ] ] } },
{ "type": "Feature", "properties": { "X1": 1.0, "log_hist_precip": 0.03499682299750724, "log_hist_temp": 0.59349802841990196, "lat": 0.98926981332232689, "lon": -0.080200121735829508, "latlon": -0.07933955945803195, "log_co2e_ha_2017": 6.3815928384291221, "id_group": 17 }, "geometry": { "type": "Polygon", "coordinates": [ [ [ 4328036.826154046691954, 9911721.074819266796112 ], [ 4327976.093112586997449, 9979143.877812093123794 ], [ 4395475.730209834873676, 9979165.991084339097142 ], [ 4395530.324400400742888, 9911814.663680456578732 ], [ 4328036.826154046691954, 9911721.074819266796112 ] ] ] } },
{ "type": "Feature", "properties": { "X1": 1.0, "log_hist_precip": 0.066202969780315923, "log_hist_temp": 0.73948797728695914, "lat": 0.98926981332228503, "lon": 0.0073061891004743314, "latlon": 0.0072277923275235554, "log_co2e_ha_2017": 6.4041621868651699, "id_group": 18 }, "geometry": { "type": "Polygon", "coordinates": [ [ [ 4395530.324400401674211, 9911814.663680456578732 ], [ 4395475.730209835804999, 9979165.991084339097142 ], [ 4462975.368032696656883, 9979185.765803705900908 ], [ 4463023.835645065642893, 9911898.355208953842521 ], [ 4395530.324400401674211, 9911814.663680456578732 ] ] ] } },
{ "type": "Feature", "properties": { "X1": 1.0, "log_hist_precip": 0.18535999896326458, "log_hist_temp": 0.66204669307410302, "lat": 0.98926981332229502, "lon": 0.094812499937039649, "latlon": 0.093795144113335324, "log_co2e_ha_2017": 6.4006501008432108, "id_group": 18 }, "geometry": { "type": "Polygon", "coordinates": [ [ [ 4463023.835645065642893, 9911898.355208953842521 ], [ 4462975.368032696656883, 9979185.765803705900908 ], [ 4530475.006500150077045, 9979203.201970214024186 ], [ 4530517.358436681330204, 9911972.149402981624007 ], [ 4463023.835645065642893, 9911898.355208953842521 ] ] ] } },
{ "type": "Feature", "properties": { "X1": 1.0, "log_hist_precip": 0.42185013699129581, "log_hist_temp": 0.70706582383790173, "lat": 0.98926981332229313, "lon": 0.1823188107736583, "latlon": 0.18036249589919942, "log_co2e_ha_2017": 6.4041702631648096, "id_group": 18 }, "geometry": { "type": "Polygon", "coordinates": [ [ [ 4530517.358436683192849, 9911972.149402981624007 ], [ 4530475.00650015193969, 9979203.201970214024186 ], [ 4597974.645531178452075, 9979218.299583025276661 ], [ 4598010.891323894262314, 9912036.046261060982943 ], [ 4530517.358436683192849, 9911972.149402981624007 ] ] ] } },
{ "type": "Feature", "properties": { "X1": 1.0, "log_hist_precip": 0.68331325504447793, "log_hist_temp": 0.78864881939205289, "lat": 0.98926981332224195, "lon": 0.26982512161003291, "latlon": 0.26692984768480849, "log_co2e_ha_2017": 6.4238643438331833, "id_group": 18 }, "geometry": { "type": "Polygon", "coordinates": [ [ [ 4598010.891323894262314, 9912036.046261060982943 ], [ 4597974.645531178452075, 9979218.299583025276661 ], [ 4665474.285044759511948, 9979231.058643018826842 ], [ 4665504.432855342514813, 9912090.045781806111336 ], [ 4598010.891323894262314, 9912036.046261060982943 ] ] ] } },
{ "type": "Feature", "properties": { "X1": 1.0, "log_hist_precip": 0.82326875921314246, "log_hist_temp": 0.87575686755199367, "lat": 0.9892698133221608, "lon": 0.35733143244671206, "latlon": 0.35349719947069913, "log_co2e_ha_2017": 6.4301779045867358, "id_group": 19 }, "geometry": { "type": "Polygon", "coordinates": [ [ [ 4665504.432855342514813, 9912090.045781806111336 ], [ 4665474.285044759511948, 9979231.058643018826842 ], [ 4732973.924959871917963, 9979241.479149345308542 ], [ 4732997.981579668819904, 9912134.147963926196098 ], [ 4665504.432855342514813, 9912090.045781806111336 ] ] ] } },
{ "type": "Feature", "properties": { "X1": 1.0, "log_hist_precip": 0.76947792793287917, "log_hist_temp": 0.15445972986126755, "lat": 0.98926981332224784, "lon": 0.44483774328315534, "latlon": 0.44006455125641708, "log_co2e_ha_2017": 6.4345450659864163, "id_group": 19 }, "geometry": { "type": "Polygon", "coordinates": [ [ [ 4732997.981579670682549, 9912134.147963926196098 ], [ 4732973.924959873780608, 9979241.479149345308542 ], [ 4800473.565195499919355, 9979249.561102882027626 ], [ 4800491.536045517772436, 9912168.352806527167559 ], [ 4732997.981579670682549, 9912134.147963926196098 ] ] ] } },
{ "type": "Feature", "properties": { "X1": 1.0, "log_hist_precip": 0.58104872765643623, "log_hist_temp": -0.66529441489559971, "lat": 0.98926981332231256, "lon": 0.53234405411962937, "latlon": 0.52663190304216878, "log_co2e_ha_2017": 6.4490556522515456, "id_group": 19 }, "geometry": { "type": "Polygon", "coordinates": [ [ [ 4800491.536045517772436, 9912168.352806527167559 ], [ 4800473.565195499919355, 9979249.561102882027626 ], [ 4867973.205670618452132, 9979255.304502775892615 ], [ 4867985.094801527447999, 9912192.660308917984366 ], [ 4800491.536045517772436, 9912168.352806527167559 ] ] ] } },
{ "type": "Feature", "properties": { "X1": 1.0, "log_hist_precip": 0.47341170526544712, "log_hist_temp": -1.4276678047780273, "lat": 0.98926981332231423, "lon": 0.61985036495615375, "latlon": 0.61319925482794257, "log_co2e_ha_2017": 6.4462228367216339, "id_group": 19 }, "geometry": { "type": "Polygon", "coordinates": [ [ [ 4867985.094801527447999, 9912192.660308917984366 ], [ 4867973.205670619383454, 9979255.304502775892615 ], [ 4935472.846304210834205, 9979258.70934989489615 ], [ 4935478.656396339647472, 9912207.070470597594976 ], [ 4867985.094801527447999, 9912192.660308917984366 ] ] ] } },
{ "type": "Feature", "properties": { "X1": 1.0, "log_hist_precip": 0.40651671593270239, "log_hist_temp": -0.98946510380333819, "lat": 0.98926981332234509, "lon": 0.70735667579273032, "latlon": 0.69976660661378887, "log_co2e_ha_2017": 6.5003684663169441, "id_group": 20 }, "geometry": { "type": "Polygon", "coordinates": [ [ [ 4935478.656396339647472, 9912207.070470597594976 ], [ 4935472.846304210834205, 9979258.70934989489615 ], [ 5002972.487015253864229, 9979259.77564338222146 ], [ 5002972.219378598034382, 9912211.583291158080101 ], [ 4935478.656396339647472, 9912207.070470597594976 ] ] ] } },
{ "type": "Feature", "properties": { "X1": 1.0, "log_hist_precip": 0.19429666039700558, "log_hist_temp": -0.063333684952562849, "lat": 0.98926981332235164, "lon": 0.79486298662934896, "latlon": 0.78633395839966291, "log_co2e_ha_2017": 6.5643376061729493, "id_group": 20 }, "geometry": { "type": "Polygon", "coordinates": [ [ [ 5002972.219378598965704, 9912211.583291158080101 ], [ 5002972.487015253864229, 9979259.77564338222146 ], [ 5070472.127722729928792, 9979258.503383670002222 ], [ 5070465.782296943478286, 9912206.19877059943974 ], [ 5002972.219378598965704, 9912211.583291158080101 ] ] ] } },
{ "type": "Feature", "properties": { "X1": 1.0, "log_hist_precip": 0.18181508685635897, "log_hist_temp": -0.58498974224816491, "lat": 0.98926981332234432, "lon": 0.88236929746573067, "latlon": 0.87290131018529149, "log_co2e_ha_2017": 6.567515302528526, "id_group": 20 }, "geometry": { "type": "Polygon", "coordinates": [ [ [ 5070465.782296943478286, 9912206.19877059943974 ], [ 5070472.127722729928792, 9979258.503383670002222 ], [ 5137971.768345617689192, 9979254.89257075637579 ], [ 5137959.34370001591742, 9912190.916909005492926 ], [ 5070465.782296943478286, 9912206.19877059943974 ] ] ] } },
{ "type": "Feature", "properties": { "X1": 1.0, "log_hist_precip": 0.47768839231578775, "log_hist_temp": -0.011195864352429488, "lat": 0.98926981332229769, "lon": 0.96987560830213093, "latlon": 0.95946866197089897, "log_co2e_ha_2017": 6.5261991192343904, "id_group": 20 }, "geometry": { "type": "Polygon", "coordinates": [ [ [ 5137959.343700016848743, 9912190.916909005492926 ], [ 5137971.768345618620515, 9979254.89257075637579 ], [ 5205471.408802897669375, 9979248.943204637616873 ], [ 5205452.902136458083987, 9912165.737706661224365 ], [ 5137959.343700016848743, 9912190.916909005492926 ] ] ] } },
{ "type": "Feature", "properties": { "X1": 1.0, "log_hist_precip": 0.62987878886303938, "log_hist_temp": 0.69002437185261367, "lat": 0.98926981332216846, "lon": 1.0573819191388543, "latlon": 1.0460360137567306, "log_co2e_ha_2017": 6.3451312461395686, "id_group": 21 }, "geometry": { "type": "Polygon", "coordinates": [ [ [ 5205452.902136458083987, 9912165.737706661224365 ], [ 5205471.408802897669375, 9979248.943204637616873 ], [ 5272971.049013548530638, 9979240.655284874141216 ], [ 5272946.456154909916222, 9912130.661164155229926 ], [ 5205452.902136458083987, 9912165.737706661224365 ] ] ] } },
{ "type": "Feature", "properties": { "X1": 1.0, "log_hist_precip": 0.50521897968846163, "log_hist_temp": 0.86671807812470048, "lat": 0.98926981332211938, "lon": 1.1448882299753436, "latlon": 1.1326033655423997, "log_co2e_ha_2017": 6.3185292696056381, "id_group": 21 }, "geometry": { "type": "Polygon", "coordinates": [ [ [ 5272946.456154909916222, 9912130.661164155229926 ], [ 5272971.049013548530638, 9979240.655284874141216 ], [ 5340470.688896550796926, 9979230.028812319040298 ], [ 5340440.004304015077651, 9912085.687282156199217 ], [ 5272946.456154909916222, 9912130.661164155229926 ] ] ] } },
{ "type": "Feature", "properties": { "X1": 1.0, "log_hist_precip": 0.56952787857695875, "log_hist_temp": 0.97473420763593099, "lat": 0.98926981332225172, "lon": 1.2323945408117563, "latlon": 1.2191707173282083, "log_co2e_ha_2017": 6.2796979594327595, "id_group": 21 }, "geometry": { "type": "Polygon", "coordinates": [ [ [ 5340440.004304016008973, 9912085.687282156199217 ], [ 5340470.688896551728249, 9979230.028812319040298 ], [ 5407970.328370884992182, 9979217.063786529004574 ], [ 5407933.54513241443783, 9912030.816061845049262 ], [ 5340440.004304016008973, 9912085.687282156199217 ] ] ] } },
{ "type": "Feature", "properties": { "X1": 1.0, "log_hist_precip": 0.98809312131990057, "log_hist_temp": 1.0632217176395149, "lat": 0.98926981332229391, "lon": 1.3199008516483419, "latlon": 1.3057380691140921, "log_co2e_ha_2017": 6.2422740509703658, "id_group": 21 }, "geometry": { "type": "Polygon", "coordinates": [ [ [ 5407933.54513241443783, 9912030.816061845049262 ], [ 5407970.328370884992182, 9979217.063786529004574 ], [ 5475469.967355530709028, 9979201.760207489132881 ], [ 5475427.07718874886632, 9911966.047504089772701 ], [ 5407933.54513241443783, 9912030.816061845049262 ] ] ] } },
{ "type": "Feature", "properties": { "X1": 1.0, "log_hist_precip": 1.6623782082690581, "log_hist_temp": 1.3760058320865967, "lat": 0.98926981332225949, "lon": 1.4074071624847606, "latlon": 1.3923054208997101, "log_co2e_ha_2017": 6.0797512089783847, "id_group": 22 }, "geometry": { "type": "Polygon", "coordinates": [ [ [ 5475427.077188749797642, 9911966.047504089772701 ], [ 5475469.967355530709028, 9979201.760207489132881 ], [ 5542969.605769467540085, 9979184.118075178936124 ], [ 5542920.599021662957966, 9911891.381610559299588 ], [ 5475427.077188749797642, 9911966.047504089772701 ] ] ] } },
{ "type": "Feature", "properties": { "X1": 1.0, "log_hist_precip": 1.9796630723908524, "log_hist_temp": 1.616772609980005, "lat": 0.9892698133222867, "lon": 1.4949134733214953, "latlon": 1.4788727726857269, "log_co2e_ha_2017": 5.7159306085918482, "id_group": 22 }, "geometry": { "type": "Polygon", "coordinates": [ [ [ 5542920.599021662957966, 9911891.381610559299588 ], [ 5542969.605769467540085, 9979184.118075178936124 ], [ 5610469.243531674146652, 9979164.13738957978785 ], [ 5610414.109179795719683, 9911806.818382820114493 ], [ 5542920.599021662957966, 9911891.381610559299588 ] ] ] } },
{ "type": "Feature", "properties": { "X1": 1.0, "log_hist_precip": 1.7910422388642018, "log_hist_temp": 1.7352888406378353, "lat": 0.98926981332232677, "lon": 1.5824197841578216, "latlon": 1.5654401244713647, "log_co2e_ha_2017": 5.8759250865038144, "id_group": 22 }, "geometry": { "type": "Polygon", "coordinates": [ [ [ 5610414.109179797582328, 9911806.818382820114493 ], [ 5610469.243531675077975, 9979164.13738957978785 ], [ 5677968.880561131983995, 9979141.818151095882058 ], [ 5677907.606211793608963, 9911712.357822526246309 ], [ 5610414.109179797582328, 9911806.818382820114493 ] ] ] } },
{ "type": "Feature", "properties": { "X1": 1.0, "log_hist_precip": 1.148245108744266, "log_hist_temp": 0.8993113560794872, "lat": 0.98926981332226349, "lon": 1.6699260949944197, "latlon": 1.652007476257106, "log_co2e_ha_2017": 5.7952891339421244, "id_group": 22 }, "geometry": { "type": "Polygon", "coordinates": [ [ [ 5677907.606211793608963, 9911712.357822526246309 ], [ 5677968.880561131983995, 9979141.818151095882058 ], [ 5745468.516776820644736, 9979117.160359272733331 ], [ 5745401.08866629563272, 9911607.999931836500764 ], [ 5677907.606211793608963, 9911712.357822526246309 ] ] ] } },
{ "type": "Feature", "properties": { "X1": 1.0, "log_hist_precip": 0.66581470379964214, "log_hist_temp": 0.74705575509378253, "lat": 0.98926981332218533, "lon": 1.7574324058309256, "latlon": 1.7385748280427189, "log_co2e_ha_2017": 5.3216540467272724, "id_group": 23 }, "geometry": { "type": "Polygon", "coordinates": [ [ [ 5745401.08866629563272, 9911607.999931836500764 ], [ 5745468.516776820644736, 9979117.160359272733331 ], [ 5812968.152097717858851, 9979090.164014082401991 ], [ 5812894.555091946385801, 9911493.744712900370359 ], [ 5745401.08866629563272, 9911607.999931836500764 ] ] ] } },
{ "type": "Feature", "properties": { "X1": 1.0, "log_hist_precip": 2.1119168802771449, "log_hist_temp": -0.011498315260448533, "lat": 0.86033678702858307, "lon": -1.4803010951202675, "latlon": -1.2735574880106639, "log_co2e_ha_2017": 6.3722221615626715, "id_group": 13 }, "geometry": { "type": "Polygon", "coordinates": [ [ [ 3248505.373543578200042, 9839284.516665415838361 ], [ 3248143.806288765743375, 9908877.61809741333127 ], [ 3315636.899177871644497, 9909129.56386217661202 ], [ 3315983.887999135069549, 9839728.763728315010667 ], [ 3248505.373543578200042, 9839284.516665415838361 ] ] ] } },
{ "type": "Feature", "properties": { "X1": 1.0, "log_hist_precip": 2.2829295993233814, "log_hist_temp": -0.20369411636870852, "lat": 0.86033678702850314, "lon": -1.3927947842838131, "latlon": -1.1982725897007929, "log_co2e_ha_2017": 6.3186884507582048, "id_group": 14 }, "geometry": { "type": "Polygon", "coordinates": [ [ [ 3315983.887999131344259, 9839728.763728315010667 ], [ 3315636.899177867919207, 9909129.56386217661202 ], [ 3383130.028286945074797, 9909371.612351993098855 ], [ 3383462.515089527703822, 9840155.559437276795506 ], [ 3315983.887999131344259, 9839728.763728315010667 ] ] ] } },
{ "type": "Feature", "properties": { "X1": 1.0, "log_hist_precip": 2.2020318640047831, "log_hist_temp": -0.10549340274623183, "lat": 0.86033678702851435, "lon": -1.3052884734471923, "latlon": -1.1229876913909118, "log_co2e_ha_2017": 6.2751244875145673, "id_group": 14 }, "geometry": { "type": "Polygon", "coordinates": [ [ [ 3383462.515089527703822, 9840155.559437276795506 ], [ 3383130.028286945074797, 9909371.612351993098855 ], [ 3450623.192164640873671, 9909603.763561744242907 ], [ 3450941.250301474239677, 9840564.903763776645064 ], [ 3383462.515089527703822, 9840155.559437276795506 ] ] ] } },
{ "type": "Feature", "properties": { "X1": 1.0, "log_hist_precip": 1.9020481457221612, "log_hist_temp": 0.077448629768715027, "lat": 0.8603367870285783, "lon": -1.217782162610705, "latlon": -1.0477027930812077, "log_co2e_ha_2017": 6.2655319165823986, "id_group": 14 }, "geometry": { "type": "Polygon", "coordinates": [ [ [ 3450941.250301472842693, 9840564.903763776645064 ], [ 3450623.192164639942348, 9909603.763561744242907 ], [ 3518116.389359607826918, 9909826.017486408352852 ], [ 3518420.089121681638062, 9840956.796680441126227 ], [ 3450941.250301472842693, 9840564.903763776645064 ] ] ] } },
{ "type": "Feature", "properties": { "X1": 1.0, "log_hist_precip": 1.4453607988525548, "log_hist_temp": 0.28237378698964927, "lat": 0.86033678702859551, "lon": -1.1302758517740474, "latlon": -0.97241789477129303, "log_co2e_ha_2017": 6.2736355857873987, "id_group": 14 }, "geometry": { "type": "Polygon", "coordinates": [ [ [ 3518420.089121680706739, 9840956.796680441126227 ], [ 3518116.389359606429935, 9909826.017486408352852 ], [ 3585609.618420493323356, 9910038.374121258035302 ], [ 3585899.027036849409342, 9841331.238161109387875 ], [ 3518420.089121680706739, 9840956.796680441126227 ] ] ] } },
{ "type": "Feature", "properties": { "X1": 1.0, "log_hist_precip": 0.91651698965015815, "log_hist_temp": 0.53634075163105566, "lat": 0.86033678702862459, "lon": -1.0427695409377835, "latlon": -0.89713299646172651, "log_co2e_ha_2017": 6.3352035856826703, "id_group": 15 }, "geometry": { "type": "Polygon", "coordinates": [ [ [ 3585899.027036847546697, 9841331.238161109387875 ], [ 3585609.618420491926372, 9910038.374121258035302 ], [ 3653102.877895947545767, 9910240.833461662754416 ], [ 3653378.059533673338592, 9841688.228180652484298 ], [ 3585899.027036847546697, 9841331.238161109387875 ] ] ] } },
{ "type": "Feature", "properties": { "X1": 1.0, "log_hist_precip": 0.67295445813520949, "log_hist_temp": 0.74764834193913321, "lat": 0.86033678702864103, "lon": -0.9552632301010705, "latlon": -0.82184809815175641, "log_co2e_ha_2017": 6.3232521154436396, "id_group": 15 }, "geometry": { "type": "Polygon", "coordinates": [ [ [ 3653378.059533671475947, 9841688.228180652484298 ], [ 3653102.877895946148783, 9910240.833461662754416 ], [ 3720596.166334619745612, 9910433.39550318941474 ], [ 3720857.182098843157291, 9842027.766715213656425 ], [ 3653378.059533671475947, 9841688.228180652484298 ] ] ] } },
{ "type": "Feature", "properties": { "X1": 1.0, "log_hist_precip": 0.84584061484018702, "log_hist_temp": 0.79164514238829919, "lat": 0.86033678702860217, "lon": -0.86775691926471032, "latlon": -0.746563199842039, "log_co2e_ha_2017": 6.3072513130462626, "id_group": 15 }, "geometry": { "type": "Polygon", "coordinates": [ [ [ 3720857.182098843157291, 9842027.766715213656425 ], [ 3720596.166334619745612, 9910433.39550318941474 ], [ 3788089.482285156380385, 9910616.060241904109716 ], [ 3788336.390219038818032, 9842349.853742128238082 ], [ 3720857.182098843157291, 9842027.766715213656425 ] ] ] } },
{ "type": "Feature", "properties": { "X1": 1.0, "log_hist_precip": 1.0842036802291279, "log_hist_temp": 0.76137792916627489, "lat": 0.86033678702852112, "lon": -0.78025060842806493, "latlon": -0.67127830153205015, "log_co2e_ha_2017": 6.230656040643038, "id_group": 15 }, "geometry": { "type": "Polygon", "coordinates": [ [ [ 3788336.390219037421048, 9842349.853742128238082 ], [ 3788089.482285154983401, 9910616.060241904109716 ], [ 3855582.824296202510595, 9910788.827673660591245 ], [ 3855815.679380936548114, 9842654.4892398416996 ], [ 3788336.390219037421048, 9842349.853742128238082 ] ] ] } },
{ "type": "Feature", "properties": { "X1": 1.0, "log_hist_precip": 1.0238837278496395, "log_hist_temp": 0.64397516427243295, "lat": 0.86033678702852789, "lon": -0.69274429759154688, "latlon": -0.59599340322224581, "log_co2e_ha_2017": 6.1770459504691546, "id_group": 16 }, "geometry": { "type": "Polygon", "coordinates": [ [ [ 3855815.67938093515113, 9842654.4892398416996 ], [ 3855582.82429620064795, 9910788.827673660591245 ], [ 3923076.190916405059397, 9910951.697794917970896 ], [ 3923295.045071207918227, 9842941.673187939450145 ], [ 3855815.67938093515113, 9842654.4892398416996 ] ] ] } },
{ "type": "Feature", "properties": { "X1": 1.0, "log_hist_precip": 0.7644860816022917, "log_hist_temp": 0.49482027459039346, "lat": 0.86033678702858962, "lon": -0.6052379867552512, "latlon": -0.52070850491266485, "log_co2e_ha_2017": 6.1589393880710936, "id_group": 16 }, "geometry": { "type": "Polygon", "coordinates": [ [ [ 3923295.045071209780872, 9842941.673187939450145 ], [ 3923076.190916406456381, 9910951.697794917970896 ], [ 3990569.580694411881268, 9911104.67060212418437 ], [ 3990774.48277652123943, 9843211.405567219480872 ], [ 3923295.045071209780872, 9842941.673187939450145 ] ] ] } },
{ "type": "Feature", "properties": { "X1": 1.0, "log_hist_precip": 0.69668036488602758, "log_hist_temp": 0.45307359751845638, "lat": 0.86033678702855965, "lon": -0.51773167591840896, "latlon": -0.44542360660255548, "log_co2e_ha_2017": 6.1429108125232901, "id_group": 16 }, "geometry": { "type": "Polygon", "coordinates": [ [ [ 3990774.48277652123943, 9843211.405567219480872 ], [ 3990569.580694411881268, 9911104.67060212418437 ], [ 4058062.992178864777088, 9911247.746091928333044 ], [ 4058253.987983534112573, 9843463.686359684914351 ], [ 3990774.48277652123943, 9843211.405567219480872 ] ] ] } },
{ "type": "Feature", "properties": { "X1": 1.0, "log_hist_precip": 0.86329745654586754, "log_hist_temp": 0.70748297824406847, "lat": 0.86033678702855365, "lon": -0.43022536508207643, "latlon": -0.37013870829290013, "log_co2e_ha_2017": 6.1629068746590407, "id_group": 16 }, "geometry": { "type": "Polygon", "coordinates": [ [ [ 4058253.987983535043895, 9843463.686359684914351 ], [ 4058062.992178866174072, 9911247.746091928333044 ], [ 4125556.423918412066996, 9911380.924261275678873 ], [ 4125733.556178905069828, 9843698.515548432245851 ], [ 4058253.987983535043895, 9843463.686359684914351 ] ] ] } },
{ "type": "Feature", "properties": { "X1": 1.0, "log_hist_precip": 0.84559343326954561, "log_hist_temp": 0.80979711146605193, "lat": 0.86033678702855942, "lon": -0.34271905424547627, "latlon": -0.29485380998301963, "log_co2e_ha_2017": 6.2426157067006578, "id_group": 17 }, "geometry": { "type": "Polygon", "coordinates": [ [ [ 4125733.556178905069828, 9843698.515548432245851 ], [ 4125556.423918412066996, 9911380.924261275678873 ], [ 4193049.874461695551872, 9911504.205107409507036 ], [ 4193213.18284928612411, 9843915.893117766827345 ], [ 4125733.556178905069828, 9843698.515548432245851 ] ] ] } },
{ "type": "Feature", "properties": { "X1": 1.0, "log_hist_precip": 0.52273317874571046, "log_hist_temp": 0.82487949103700364, "lat": 0.86033678702855754, "lon": -0.25521274340900835, "latlon": -0.21956891167324991, "log_co2e_ha_2017": 6.2735716730943727, "id_group": 17 }, "geometry": { "type": "Polygon", "coordinates": [ [ [ 4193213.18284928612411, 9843915.893117766827345 ], [ 4193049.874461695551872, 9911504.205107409507036 ], [ 4260543.34235735796392, 9911617.588627561926842 ], [ 4260692.863481324166059, 9844115.819053143262863 ], [ 4193213.18284928612411, 9843915.893117766827345 ] ] ] } },
{ "type": "Feature", "properties": { "X1": 1.0, "log_hist_precip": 0.31695114977419669, "log_hist_temp": 0.95318889163826093, "lat": 0.86033678702852456, "lon": -0.16770643257253121, "latlon": -0.14428401336346738, "log_co2e_ha_2017": 6.2971927555753062, "id_group": 17 }, "geometry": { "type": "Polygon", "coordinates": [ [ [ 4260692.863481324166059, 9844115.819053143262863 ], [ 4260543.34235735796392, 9911617.588627561926842 ], [ 4328036.826154046691954, 9911721.074819266796112 ], [ 4328172.593561666086316, 9844298.293341169133782 ], [ 4260692.863481324166059, 9844115.819053143262863 ] ] ] } },
{ "type": "Feature", "properties": { "X1": 1.0, "log_hist_precip": 0.28933736562462409, "log_hist_temp": 0.81724509251224553, "lat": 0.86033678702850491, "lon": -0.080200121735960764, "latlon": -0.068999115053611448, "log_co2e_ha_2017": 6.3716081574896295, "id_group": 17 }, "geometry": { "type": "Polygon", "coordinates": [ [ [ 4328172.593561666086316, 9844298.293341169133782 ], [ 4328036.826154046691954, 9911721.074819266796112 ], [ 4395530.324400400742888, 9911814.663680456578732 ], [ 4395652.368576952256262, 9844463.315969655290246 ], [ 4328172.593561666086316, 9844298.293341169133782 ] ] ] } },
{ "type": "Feature", "properties": { "X1": 1.0, "log_hist_precip": 0.25755850422217741, "log_hist_temp": 0.86495720685213251, "lat": 0.86033678702855665, "lon": 0.0073061891005430334, "latlon": 0.0062857832561842531, "log_co2e_ha_2017": 6.3954645480687526, "id_group": 18 }, "geometry": { "type": "Polygon", "coordinates": [ [ [ 4395652.368576953187585, 9844463.315969655290246 ], [ 4395530.324400401674211, 9911814.663680456578732 ], [ 4463023.835645065642893, 9911898.355208953842521 ], [ 4463132.184013822115958, 9844610.886927565559745 ], [ 4395652.368576953187585, 9844463.315969655290246 ] ] ] } },
{ "type": "Feature", "properties": { "X1": 1.0, "log_hist_precip": 0.30433896144020262, "log_hist_temp": 0.89400632656310142, "lat": 0.86033678702854588, "lon": 0.094812499937108358, "latlon": 0.081570681566036016, "log_co2e_ha_2017": 6.4100595457825822, "id_group": 18 }, "geometry": { "type": "Polygon", "coordinates": [ [ [ 4463132.184013822115958, 9844610.886927565559745 ], [ 4463023.835645065642893, 9911898.355208953842521 ], [ 4530517.358436681330204, 9911972.149402981624007 ], [ 4530612.035358909517527, 9844741.006205018609762 ], [ 4463132.184013822115958, 9844610.886927565559745 ] ] ] } },
{ "type": "Feature", "properties": { "X1": 1.0, "log_hist_precip": 0.52645103362392387, "log_hist_temp": 0.81640859865258208, "lat": 0.86033678702852168, "lon": 0.1823188107735855, "latlon": 0.15685557987580756, "log_co2e_ha_2017": 6.4050051740239482, "id_group": 18 }, "geometry": { "type": "Polygon", "coordinates": [ [ [ 4530612.035358911380172, 9844741.006205018609762 ], [ 4530517.358436683192849, 9911972.149402981624007 ], [ 4598010.891323894262314, 9912036.046261060982943 ], [ 4598091.918098850175738, 9844853.673793384805322 ], [ 4530612.035358911380172, 9844741.006205018609762 ] ] ] } },
{ "type": "Feature", "properties": { "X1": 1.0, "log_hist_precip": 0.86463140599727017, "log_hist_temp": 1.0265308086155316, "lat": 0.86033678702859839, "lon": 0.26982512161005134, "latlon": 0.23214047818559241, "log_co2e_ha_2017": 6.4195387549709846, "id_group": 18 }, "geometry": { "type": "Polygon", "coordinates": [ [ [ 4598091.918098850175738, 9844853.673793384805322 ], [ 4598010.891323894262314, 9912036.046261060982943 ], [ 4665504.432855342514813, 9912090.045781806111336 ], [ 4665571.827720274217427, 9844948.889684973284602 ], [ 4598091.918098850175738, 9844853.673793384805322 ] ] ] } },
{ "type": "Feature", "properties": { "X1": 1.0, "log_hist_precip": 0.98848006531769217, "log_hist_temp": 1.1691549804736796, "lat": 0.86033678702865934, "lon": 0.3573314324466505, "latlon": 0.30742537649549972, "log_co2e_ha_2017": 6.4314976439667957, "id_group": 19 }, "geometry": { "type": "Polygon", "coordinates": [ [ [ 4665571.827720274217427, 9844948.889684973284602 ], [ 4665504.432855342514813, 9912090.045781806111336 ], [ 4732997.981579668819904, 9912134.147963926196098 ], [ 4733051.759709809906781, 9845026.653873572126031 ], [ 4665571.827720274217427, 9844948.889684973284602 ] ] ] } },
{ "type": "Feature", "properties": { "X1": 1.0, "log_hist_precip": 0.84516559237450606, "log_hist_temp": 0.99131449075967315, "lat": 0.86033678702862348, "lon": 0.44483774328321274, "latlon": 0.38271027480534286, "log_co2e_ha_2017": 6.4178651203698172, "id_group": 19 }, "geometry": { "type": "Polygon", "coordinates": [ [ [ 4733051.759709812700748, 9845026.653873572126031 ], [ 4732997.981579670682549, 9912134.147963926196098 ], [ 4800491.536045517772436, 9912168.352806527167559 ], [ 4800531.709554089233279, 9845086.96635390073061 ], [ 4733051.759709812700748, 9845026.653873572126031 ] ] ] } },
{ "type": "Feature", "properties": { "X1": 1.0, "log_hist_precip": 0.3665410170490554, "log_hist_temp": 0.15774101472072524, "lat": 0.86033678702853733, "lon": 0.5323440541196417, "latlon": 0.45799517311503835, "log_co2e_ha_2017": 6.4009674492943835, "id_group": 19 }, "geometry": { "type": "Polygon", "coordinates": [ [ [ 4800531.709554089233279, 9845086.96635390073061 ], [ 4800491.536045517772436, 9912168.352806527167559 ], [ 4867985.094801527447999, 9912192.660308917984366 ], [ 4868011.672739735804498, 9845129.827121995389462 ], [ 4800531.709554089233279, 9845086.96635390073061 ] ] ] } },
{ "type": "Feature", "properties": { "X1": 1.0, "log_hist_precip": 0.10531356605426201, "log_hist_temp": -0.70342727624430001, "lat": 0.86033678702843219, "lon": 0.61985036495624501, "latlon": 0.53328007142485689, "log_co2e_ha_2017": 6.3101991869681369, "id_group": 19 }, "geometry": { "type": "Polygon", "coordinates": [ [ [ 4868011.672739735804498, 9845129.827121995389462 ], [ 4867985.094801527447999, 9912192.660308917984366 ], [ 4935478.656396339647472, 9912207.070470597594976 ], [ 4935491.644753376021981, 9845155.236174872145057 ], [ 4868011.672739735804498, 9845129.827121995389462 ] ] ] } },
{ "type": "Feature", "properties": { "X1": 1.0, "log_hist_precip": -0.10359106034618196, "log_hist_temp": -1.0240399631066459, "lat": 0.86033678702847283, "lon": 0.70735667579267902, "latlon": 0.6085649697346146, "log_co2e_ha_2017": 6.4271679457851478, "id_group": 20 }, "geometry": { "type": "Polygon", "coordinates": [ [ [ 4935491.644753376021981, 9845155.236174872145057 ], [ 4935478.656396339647472, 9912207.070470597594976 ], [ 5002972.219378598034382, 9912211.583291158080101 ], [ 5002971.621081633493304, 9845163.193510873243213 ], [ 4935491.644753376021981, 9845155.236174872145057 ] ] ] } },
{ "type": "Feature", "properties": { "X1": 1.0, "log_hist_precip": -0.14773617437827288, "log_hist_temp": -0.90376535598934127, "lat": 0.86033678702859551, "lon": 0.7948629866292013, "latlon": 0.68384986804452053, "log_co2e_ha_2017": 6.3517788137361109, "id_group": 20 }, "geometry": { "type": "Polygon", "coordinates": [ [ [ 5002971.621081634424627, 9845163.193510873243213 ], [ 5002972.219378598965704, 9912211.583291158080101 ], [ 5070465.782296943478286, 9912206.19877059943974 ], [ 5070451.597211137413979, 9845153.699129538610578 ], [ 5002971.621081634424627, 9845163.193510873243213 ] ] ] } },
{ "type": "Feature", "properties": { "X1": 1.0, "log_hist_precip": -0.69244135073912128, "log_hist_temp": 0.30408136598728558, "lat": 0.86033678702868188, "lon": 0.88236929746567949, "latlon": 0.75913476635437793, "log_co2e_ha_2017": 6.3918833758270006, "id_group": 20 }, "geometry": { "type": "Polygon", "coordinates": [ [ [ 5070451.597211137413979, 9845153.699129538610578 ], [ 5070465.782296943478286, 9912206.19877059943974 ], [ 5137959.34370001591742, 9912190.916909005492926 ], [ 5137931.568628509528935, 9845126.753031458705664 ], [ 5070451.597211137413979, 9845153.699129538610578 ] ] ] } },
{ "type": "Feature", "properties": { "X1": 1.0, "log_hist_precip": 0.078472187930078638, "log_hist_temp": 0.46244488628487795, "lat": 0.86033678702861349, "lon": 0.96987560830236164, "latlon": 0.83441966466427586, "log_co2e_ha_2017": 6.3629907838412576, "id_group": 20 }, "geometry": { "type": "Polygon", "coordinates": [ [ [ 5137931.568628510460258, 9845126.753031458705664 ], [ 5137959.343700016848743, 9912190.916909005492926 ], [ 5205452.902136458083987, 9912165.737706661224365 ], [ 5205411.530820376239717, 9845082.355218416079879 ], [ 5137931.568628510460258, 9845126.753031458705664 ] ] ] } },
{ "type": "Feature", "properties": { "X1": 1.0, "log_hist_precip": 0.64714522390743789, "log_hist_temp": 0.68630640577646185, "lat": 0.86033678702856986, "lon": 1.0573819191387486, "latlon": 0.90970456297393398, "log_co2e_ha_2017": 6.3663794150199617, "id_group": 21 }, "geometry": { "type": "Polygon", "coordinates": [ [ [ 5205411.530820376239717, 9845082.355218416079879 ], [ 5205452.902136458083987, 9912165.737706661224365 ], [ 5272946.456154909916222, 9912130.661164155229926 ], [ 5272891.479273363947868, 9845020.505693353712559 ], [ 5205411.530820376239717, 9845082.355218416079879 ] ] ] } },
{ "type": "Feature", "properties": { "X1": 1.0, "log_hist_precip": 0.48028391861755054, "log_hist_temp": 0.58279685946557236, "lat": 0.86033678702858118, "lon": 1.1448882299753529, "latlon": 0.98498946128383447, "log_co2e_ha_2017": 6.3387939066012118, "id_group": 21 }, "geometry": { "type": "Polygon", "coordinates": [ [ [ 5272891.479273363947868, 9845020.505693353712559 ], [ 5272946.456154909916222, 9912130.661164155229926 ], [ 5340440.004304015077651, 9912085.687282156199217 ], [ 5340371.40947409812361, 9844941.204460537061095 ], [ 5272891.479273363947868, 9845020.505693353712559 ] ] ] } },
{ "type": "Feature", "properties": { "X1": 1.0, "log_hist_precip": 0.51841265352079169, "log_hist_temp": 0.5415139244968481, "lat": 0.86033678702864536, "lon": 1.2323945408117081, "latlon": 1.0602743595935877, "log_co2e_ha_2017": 6.2464671107935228, "id_group": 21 }, "geometry": { "type": "Polygon", "coordinates": [ [ [ 5340371.409474099054933, 9844941.204460537061095 ], [ 5340440.004304016008973, 9912085.687282156199217 ], [ 5407933.54513241443783, 9912030.816061845049262 ], [ 5407851.316909208893776, 9844844.451525086537004 ], [ 5340371.409474099054933, 9844941.204460537061095 ] ] ] } },
{ "type": "Feature", "properties": { "X1": 1.0, "log_hist_precip": 0.87447528551526066, "log_hist_temp": 0.62274785746153893, "lat": 0.86033678702868088, "lon": 1.3199008516484159, "latlon": 1.1355592579036178, "log_co2e_ha_2017": 6.2732972331150885, "id_group": 21 }, "geometry": { "type": "Polygon", "coordinates": [ [ [ 5407851.316909208893776, 9844844.451525086537004 ], [ 5407933.54513241443783, 9912030.816061845049262 ], [ 5475427.07718874886632, 9911966.047504089772701 ], [ 5475331.197065323591232, 9844730.246893627569079 ], [ 5407851.316909208893776, 9844844.451525086537004 ] ] ] } },
{ "type": "Feature", "properties": { "X1": 1.0, "log_hist_precip": 1.3014524632053468, "log_hist_temp": 0.97248621106632427, "lat": 0.86033678702859784, "lon": 1.4074071624847821, "latlon": 1.2108441562131933, "log_co2e_ha_2017": 6.1399329240761125, "id_group": 22 }, "geometry": { "type": "Polygon", "coordinates": [ [ [ 5475331.197065324522555, 9844730.246893627569079 ], [ 5475427.077188749797642, 9911966.047504089772701 ], [ 5542920.599021662957966, 9911891.381610559299588 ], [ 5542811.045429076999426, 9844598.590573757886887 ], [ 5475331.197065324522555, 9844730.246893627569079 ] ] ] } },
{ "type": "Feature", "properties": { "X1": 1.0, "log_hist_precip": 1.1710662471721278, "log_hist_temp": 1.2899152926941162, "lat": 0.86033678702860539, "lon": 1.4949134733213383, "latlon": 1.286129054523053, "log_co2e_ha_2017": 5.852687429462776, "id_group": 22 }, "geometry": { "type": "Polygon", "coordinates": [ [ [ 5542811.045429076999426, 9844598.590573757886887 ], [ 5542920.599021662957966, 9911891.381610559299588 ], [ 5610414.109179795719683, 9911806.818382820114493 ], [ 5610290.857487099245191, 9844449.482574230059981 ], [ 5542811.045429076999426, 9844598.590573757886887 ] ] ] } },
{ "type": "Feature", "properties": { "X1": 1.0, "log_hist_precip": 1.2386652471917763, "log_hist_temp": 0.94819350474018971, "lat": 0.86033678702866123, "lon": 1.5824197841579548, "latlon": 1.3614139528330425, "log_co2e_ha_2017": 5.9356139662945333, "id_group": 22 }, "geometry": { "type": "Polygon", "coordinates": [ [ [ 5610290.857487100176513, 9844449.482574230059981 ], [ 5610414.109179797582328, 9911806.818382820114493 ], [ 5677907.606211793608963, 9911712.357822526246309 ], [ 5677770.628726027905941, 9844282.922905053943396 ], [ 5610290.857487100176513, 9844449.482574230059981 ] ] ] } },
{ "type": "Feature", "properties": { "X1": 1.0, "log_hist_precip": 0.77368142998263267, "log_hist_temp": 0.55903684989335534, "lat": 0.86033678702874394, "lon": 1.6699260949943562, "latlon": 1.4366988511429015, "log_co2e_ha_2017": 5.7340124178625347, "id_group": 22 }, "geometry": { "type": "Polygon", "coordinates": [ [ [ 5677770.628726027905941, 9844282.922905053943396 ], [ 5677907.606211793608963, 9911712.357822526246309 ], [ 5745401.08866629563272, 9911607.999931836500764 ], [ 5745250.354632502421737, 9844098.911577338352799 ], [ 5677770.628726027905941, 9844282.922905053943396 ] ] ] } },
{ "type": "Feature", "properties": { "X1": 1.0, "log_hist_precip": 0.58465199371086729, "log_hist_temp": 0.45867751475734442, "lat": 0.86033678702871907, "lon": 1.7574324058309503, "latlon": 1.5119837494527517, "log_co2e_ha_2017": 5.6373850493875528, "id_group": 23 }, "geometry": { "type": "Polygon", "coordinates": [ [ [ 5745250.354632502421737, 9844098.911577338352799 ], [ 5745401.08866629563272, 9911607.999931836500764 ], [ 5812894.555091946385801, 9911493.744712900370359 ], [ 5812730.030693161301315, 9843897.448603456839919 ], [ 5745250.354632502421737, 9844098.911577338352799 ] ] ] } },
{ "type": "Feature", "properties": { "X1": 1.0, "log_hist_precip": 0.090407286402578016, "log_hist_temp": 0.58755846933256972, "lat": 0.86033678702862104, "lon": 1.8449387166675195, "latlon": 1.5872686477624411, "log_co2e_ha_2017": 5.6611758556074401, "id_group": 23 }, "geometry": { "type": "Polygon", "coordinates": [ [ [ 5812730.030693164095283, 9843897.448603456839919 ], [ 5812894.555091948248446, 9911493.744712900370359 ], [ 5880388.004037390463054, 9911369.592168271541595 ], [ 5880209.652394656091928, 9843678.533996876329184 ], [ 5812730.030693164095283, 9843897.448603456839919 ] ] ] } },
{ "type": "Feature", "properties": { "X1": 1.0, "log_hist_precip": 0.23668037875766035, "log_hist_temp": 0.78862011220886019, "lat": 0.86033678702859662, "lon": 1.9324450275039096, "latlon": 1.6625535460721015, "log_co2e_ha_2017": 5.5361906110072319, "id_group": 23 }, "geometry": { "type": "Polygon", "coordinates": [ [ [ 5880209.652394656091928, 9843678.533996876329184 ], [ 5880388.004037390463054, 9911369.592168271541595 ], [ 5947881.434051271528006, 9911235.542300593107939 ], [ 5947689.215223629027605, 9843442.167772153392434 ], [ 5880209.652394656091928, 9843678.533996876329184 ] ] ] } },
{ "type": "Feature", "properties": { "X1": 1.0, "log_hist_precip": 2.206046747516349, "log_hist_temp": 0.11657449073161084, "lat": 0.73140376268582419, "lon": -1.4803010951202349, "latlon": -1.082697790878886, "log_co2e_ha_2017": 6.3682339807033586, "id_group": 13 }, "geometry": { "type": "Polygon", "coordinates": [ [ [ 3249066.71899934951216, 9769693.712273508310318 ], [ 3248505.373543576803058, 9839284.516665415838361 ], [ 3315983.887999135069549, 9839728.763728315010667 ], [ 3316522.600712295155972, 9770330.059008754789829 ], [ 3249066.71899934951216, 9769693.712273508310318 ] ] ] } },
{ "type": "Feature", "properties": { "X1": 1.0, "log_hist_precip": 2.3299418723406577, "log_hist_temp": 0.037006250594908259, "lat": 0.73140376268580309, "lon": -1.3927947842837987, "latlon": -1.0186953458743317, "log_co2e_ha_2017": 6.3725765907075669, "id_group": 14 }, "geometry": { "type": "Polygon", "coordinates": [ [ [ 3316522.600712290965021, 9770330.059008754789829 ], [ 3315983.887999131344259, 9839728.763728315010667 ], [ 3383462.515089527703822, 9840155.559437276795506 ], [ 3383978.713605343364179, 9770941.408498389646411 ], [ 3316522.600712290965021, 9770330.059008754789829 ] ] ] } },
{ "type": "Feature", "properties": { "X1": 1.0, "log_hist_precip": 2.2152244539335486, "log_hist_temp": 0.084555989201460791, "lat": 0.73140376268586482, "lon": -1.3052884734472558, "latlon": -0.95469290086981151, "log_co2e_ha_2017": 6.3377474693216067, "id_group": 14 }, "geometry": { "type": "Polygon", "coordinates": [ [ [ 3383978.713605343364179, 9770941.408498389646411 ], [ 3383462.515089527703822, 9840155.559437276795506 ], [ 3450941.250301474239677, 9840564.903763776645064 ], [ 3451435.04841522173956, 9771527.760658459737897 ], [ 3383978.713605343364179, 9770941.408498389646411 ] ] ] } },
{ "type": "Feature", "properties": { "X1": 1.0, "log_hist_precip": 1.9764461909433568, "log_hist_temp": 0.20968475677907258, "lat": 0.73140376268579099, "lon": -1.217782162610664, "latlon": -0.89069045586507944, "log_co2e_ha_2017": 6.3064065549499606, "id_group": 14 }, "geometry": { "type": "Polygon", "coordinates": [ [ [ 3451435.04841522173956, 9771527.760658459737897 ], [ 3450941.250301472842693, 9840564.903763776645064 ], [ 3518420.089121681638062, 9840956.796680441126227 ], [ 3518891.595878628082573, 9772089.115408407524228 ], [ 3451435.04841522173956, 9771527.760658459737897 ] ] ] } },
{ "type": "Feature", "properties": { "X1": 1.0, "log_hist_precip": 1.7359269352331177, "log_hist_temp": 0.41634263915013597, "lat": 0.73140376268578633, "lon": -1.1302758517741724, "latlon": -0.8266880108605118, "log_co2e_ha_2017": 6.339749654526905, "id_group": 14 }, "geometry": { "type": "Polygon", "coordinates": [ [ [ 3518891.595878627151251, 9772089.115408407524228 ], [ 3518420.089121680706739, 9840956.796680441126227 ], [ 3585899.027036849409342, 9841331.238161109387875 ], [ 3586348.346732228063047, 9772625.472671231254935 ], [ 3518891.595878627151251, 9772089.115408407524228 ] ] ] } },
{ "type": "Feature", "properties": { "X1": 1.0, "log_hist_precip": 1.5256972889015763, "log_hist_temp": 0.68433381028240015, "lat": 0.73140376268583907, "lon": -1.0427695409376974, "latlon": -0.76268556585601699, "log_co2e_ha_2017": 6.3235651092280856, "id_group": 15 }, "geometry": { "type": "Polygon", "coordinates": [ [ [ 3586348.346732226666063, 9772625.472671231254935 ], [ 3585899.027036847546697, 9841331.238161109387875 ], [ 3653378.059533673338592, 9841688.228180652484298 ], [ 3653805.291712661273777, 9773136.832373213022947 ], [ 3586348.346732226666063, 9772625.472671231254935 ] ] ] } },
{ "type": "Feature", "properties": { "X1": 1.0, "log_hist_precip": 1.2734702597065697, "log_hist_temp": 0.83899106254302624, "lat": 0.73140376268577489, "lon": -0.95526323010105618, "latlon": -0.6986831208512797, "log_co2e_ha_2017": 6.2557470879389143, "id_group": 15 }, "geometry": { "type": "Polygon", "coordinates": [ [ [ 3653805.291712659876794, 9773136.832373213022947 ], [ 3653378.059533671475947, 9841688.228180652484298 ], [ 3720857.182098843157291, 9842027.766715213656425 ], [ 3721262.421556541696191, 9773623.194444147869945 ], [ 3653805.291712659876794, 9773136.832373213022947 ] ] ] } },
{ "type": "Feature", "properties": { "X1": 1.0, "log_hist_precip": 1.420628134167236, "log_hist_temp": 0.82185482129659593, "lat": 0.73140376268578755, "lon": -0.86775691926463239, "latlon": -0.63468067584677934, "log_co2e_ha_2017": 6.2478248872011344, "id_group": 15 }, "geometry": { "type": "Polygon", "coordinates": [ [ [ 3721262.421556541696191, 9773623.194444147869945 ], [ 3720857.182098843157291, 9842027.766715213656425 ], [ 3788336.390219038818032, 9842349.853742128238082 ], [ 3788719.727000455372036, 9774084.558817237615585 ], [ 3721262.421556541696191, 9773623.194444147869945 ] ] ] } },
{ "type": "Feature", "properties": { "X1": 1.0, "log_hist_precip": 1.624670093902455, "log_hist_temp": 0.75877871570902811, "lat": 0.73140376268584406, "lon": -0.78025060842819627, "latlon": -0.57067823084230196, "log_co2e_ha_2017": 6.2364592304773465, "id_group": 15 }, "geometry": { "type": "Polygon", "coordinates": [ [ [ 3788719.72700045350939, 9774084.558817237615585 ], [ 3788336.390219037421048, 9842349.853742128238082 ], [ 3855815.679380936548114, 9842654.4892398416996 ], [ 3856177.198780962731689, 9774520.925429154187441 ], [ 3788719.72700045350939, 9774084.558817237615585 ] ] ] } },
{ "type": "Feature", "properties": { "X1": 1.0, "log_hist_precip": 1.3326499254166582, "log_hist_temp": 0.64918314509053443, "lat": 0.73140376268583951, "lon": -0.69274429759157763, "latlon": -0.50667578583763884, "log_co2e_ha_2017": 6.2192726341475089, "id_group": 16 }, "geometry": { "type": "Polygon", "coordinates": [ [ [ 3856177.198780961334705, 9774520.925429154187441 ], [ 3855815.67938093515113, 9842654.4892398416996 ], [ 3923295.045071207918227, 9842941.673187939450145 ], [ 3923634.827634606510401, 9774932.294219933450222 ], [ 3856177.198780961334705, 9774520.925429154187441 ] ] ] } },
{ "type": "Feature", "properties": { "X1": 1.0, "log_hist_precip": 1.0568798769523362, "log_hist_temp": 0.52857049853707683, "lat": 0.73140376268578677, "lon": -0.60523798675506768, "latlon": -0.4426733408330269, "log_co2e_ha_2017": 6.2094555226836956, "id_group": 16 }, "geometry": { "type": "Polygon", "coordinates": [ [ [ 3923634.827634607907385, 9774932.294219933450222 ], [ 3923295.045071209780872, 9842941.673187939450145 ], [ 3990774.48277652123943, 9843211.405567219480872 ], [ 3991092.604297906160355, 9775318.665133131667972 ], [ 3923634.827634607907385, 9774932.294219933450222 ] ] ] } },
{ "type": "Feature", "properties": { "X1": 1.0, "log_hist_precip": 0.97804275090057025, "log_hist_temp": 0.50892379763439488, "lat": 0.73140376268578333, "lon": -0.51773167591849512, "latlon": -0.37867089582840391, "log_co2e_ha_2017": 6.1834148982165837, "id_group": 16 }, "geometry": { "type": "Polygon", "coordinates": [ [ [ 3991092.604297906160355, 9775318.665133131667972 ], [ 3990774.48277652123943, 9843211.405567219480872 ], [ 4058253.987983534112573, 9843463.686359684914351 ], [ 4058550.519507357850671, 9775680.038115657866001 ], [ 3991092.604297906160355, 9775318.665133131667972 ] ] ] } },
{ "type": "Feature", "properties": { "X1": 1.0, "log_hist_precip": 0.79628661213976637, "log_hist_temp": 0.62684279179046276, "lat": 0.73140376268586915, "lon": -0.43022536508212772, "latlon": -0.31466845082396994, "log_co2e_ha_2017": 6.1967629567307299, "id_group": 16 }, "geometry": { "type": "Polygon", "coordinates": [ [ [ 4058550.519507358781993, 9775680.038115657866001 ], [ 4058253.987983535043895, 9843463.686359684914351 ], [ 4125733.556178905069828, 9843698.515548432245851 ], [ 4126008.563999441917986, 9776016.413117902353406 ], [ 4058550.519507358781993, 9775680.038115657866001 ] ] ] } },
{ "type": "Feature", "properties": { "X1": 1.0, "log_hist_precip": 0.77175012386393171, "log_hist_temp": 0.80835656700769942, "lat": 0.73140376268589158, "lon": -0.3427190542455224, "latlon": -0.25066600581932524, "log_co2e_ha_2017": 6.2020004679715157, "id_group": 17 }, "geometry": { "type": "Polygon", "coordinates": [ [ [ 4126008.563999441917986, 9776016.413117902353406 ], [ 4125733.556178905069828, 9843698.515548432245851 ], [ 4193213.18284928612411, 9843915.893117766827345 ], [ 4193466.728510620072484, 9776327.790093619376421 ], [ 4126008.563999441917986, 9776016.413117902353406 ] ] ] } },
{ "type": "Feature", "properties": { "X1": 1.0, "log_hist_precip": 0.7406105736535199, "log_hist_temp": 0.77030573469130692, "lat": 0.7314037626858253, "lon": -0.25521274340890376, "latlon": -0.18666356081464427, "log_co2e_ha_2017": 6.2816331989426484, "id_group": 17 }, "geometry": { "type": "Polygon", "coordinates": [ [ [ 4193466.728510620072484, 9776327.790093619376421 ], [ 4193213.18284928612411, 9843915.893117766827345 ], [ 4260692.863481324166059, 9844115.819053143262863 ], [ 4260925.003777334466577, 9776614.169000152498484 ], [ 4193466.728510620072484, 9776327.790093619376421 ] ] ] } },
{ "type": "Feature", "properties": { "X1": 1.0, "log_hist_precip": 0.68507252336068314, "log_hist_temp": 0.80064761494065606, "lat": 0.73140376268580864, "lon": -0.1677064325725989, "latlon": -0.12266111581021269, "log_co2e_ha_2017": 6.2714062260608738, "id_group": 17 }, "geometry": { "type": "Polygon", "coordinates": [ [ [ 4260925.003777334466577, 9776614.169000152498484 ], [ 4260692.863481324166059, 9844115.819053143262863 ], [ 4328172.593561666086316, 9844298.293341169133782 ], [ 4328383.380536019802094, 9776875.549798088148236 ], [ 4260925.003777334466577, 9776614.169000152498484 ] ] ] } },
{ "type": "Feature", "properties": { "X1": 1.0, "log_hist_precip": 0.52838460690582123, "log_hist_temp": 1.0096119717874448, "lat": 0.73140376268583174, "lon": -0.080200121735815158, "latlon": -0.058658670805436963, "log_co2e_ha_2017": 6.2620957447098409, "id_group": 17 }, "geometry": { "type": "Polygon", "coordinates": [ [ [ 4328383.380536019802094, 9776875.549798088148236 ], [ 4328172.593561666086316, 9844298.293341169133782 ], [ 4395652.368576952256262, 9844463.315969655290246 ], [ 4395841.849523087032139, 9777111.932451575994492 ], [ 4328383.380536019802094, 9776875.549798088148236 ] ] ] } },
{ "type": "Feature", "properties": { "X1": 1.0, "log_hist_precip": 0.32162151306836306, "log_hist_temp": 0.78644985046537352, "lat": 0.73140376268584262, "lon": 0.0073061891003461553, "latlon": 0.0053437741988874689, "log_co2e_ha_2017": 6.3922015357085424, "id_group": 18 }, "geometry": { "type": "Polygon", "coordinates": [ [ [ 4395841.849523087963462, 9777111.932451575994492 ], [ 4395652.368576953187585, 9844463.315969655290246 ], [ 4463132.184013822115958, 9844610.886927565559745 ], [ 4463300.401474943384528, 9777323.316928120329976 ], [ 4395841.849523087963462, 9777111.932451575994492 ] ] ] } },
{ "type": "Feature", "properties": { "X1": 1.0, "log_hist_precip": 0.23260300459703104, "log_hist_temp": 1.0060922427905565, "lat": 0.73140376268585283, "lon": 0.094812499937199618, "latlon": 0.069346219203719986, "log_co2e_ha_2017": 6.4109801344882227, "id_group": 18 }, "geometry": { "type": "Polygon", "coordinates": [ [ [ 4463300.401474943384528, 9777323.316928120329976 ], [ 4463132.184013822115958, 9844610.886927565559745 ], [ 4530612.035358909517527, 9844741.006205018609762 ], [ 4530759.0271279765293, 9777509.703198740258813 ], [ 4463300.401474943384528, 9777323.316928120329976 ] ] ] } },
{ "type": "Feature", "properties": { "X1": 1.0, "log_hist_precip": 0.32376091908354937, "log_hist_temp": 1.0180719090554611, "lat": 0.73140376268582707, "lon": 0.1823188107735414, "latlon": 0.13334866420817348, "log_co2e_ha_2017": 6.4129282410893715, "id_group": 18 }, "geometry": { "type": "Polygon", "coordinates": [ [ [ 4530759.027127977460623, 9777509.703198740258813 ], [ 4530612.035358911380172, 9844741.006205018609762 ], [ 4598091.918098850175738, 9844853.673793384805322 ], [ 4598217.71721857227385, 9777671.091237822547555 ], [ 4530759.027127977460623, 9777509.703198740258813 ] ] ] } },
{ "type": "Feature", "properties": { "X1": 1.0, "log_hist_precip": 0.6169528058102588, "log_hist_temp": 1.1386592936039661, "lat": 0.73140376268577678, "lon": 0.26982512161016003, "latlon": 0.19735110921281834, "log_co2e_ha_2017": 6.4333312869555934, "id_group": 18 }, "geometry": { "type": "Polygon", "coordinates": [ [ [ 4598217.71721857227385, 9777671.091237822547555 ], [ 4598091.918098850175738, 9844853.673793384805322 ], [ 4665571.827720274217427, 9844948.889684973284602 ], [ 4665676.46248310059309, 9777807.48102318495512 ], [ 4598217.71721857227385, 9777671.091237822547555 ] ] ] } },
{ "type": "Feature", "properties": { "X1": 1.0, "log_hist_precip": 0.71872726254931962, "log_hist_temp": 1.1255377514093945, "lat": 0.73140376268577911, "lon": 0.35733143244664639, "latlon": 0.26135355421737649, "log_co2e_ha_2017": 6.3965083400137601, "id_group": 19 }, "geometry": { "type": "Polygon", "coordinates": [ [ [ 4665676.46248310059309, 9777807.48102318495512 ], [ 4665571.827720274217427, 9844948.889684973284602 ], [ 4733051.759709809906781, 9845026.653873572126031 ], [ 4733135.253657926805317, 9777918.87253612652421 ], [ 4665676.46248310059309, 9777807.48102318495512 ] ] ] } },
{ "type": "Feature", "properties": { "X1": 1.0, "log_hist_precip": 0.35838734716750181, "log_hist_temp": 1.4079571659797125, "lat": 0.73140376268582497, "lon": 0.44483774328312764, "latlon": 0.32535599922195063, "log_co2e_ha_2017": 6.2654529589449712, "id_group": 19 }, "geometry": { "type": "Polygon", "coordinates": [ [ [ 4733135.253657928667963, 9777918.87253612652421 ], [ 4733051.759709812700748, 9845026.653873572126031 ], [ 4800531.709554089233279, 9845086.96635390073061 ], [ 4800594.081479412503541, 9778005.265761306509376 ], [ 4733135.253657928667963, 9777918.87253612652421 ] ] ] } },
{ "type": "Feature", "properties": { "X1": 1.0, "log_hist_precip": -0.2795541396233015, "log_hist_temp": 1.051184896702883, "lat": 0.73140376268587559, "lon": 0.53234405411968888, "latlon": 0.38935844422659383, "log_co2e_ha_2017": 6.1295753451891732, "id_group": 19 }, "geometry": { "type": "Polygon", "coordinates": [ [ [ 4800594.081479412503541, 9778005.265761306509376 ], [ 4800531.709554089233279, 9845086.96635390073061 ], [ 4868011.672739735804498, 9845129.827121995389462 ], [ 4868052.936683909036219, 9778066.660686939954758 ], [ 4800594.081479412503541, 9778005.265761306509376 ] ] ] } },
{ "type": "Feature", "properties": { "X1": 1.0, "log_hist_precip": -0.87324705934184499, "log_hist_temp": 0.89393034283964257, "lat": 0.73140376268591312, "lon": 0.61985036495613111, "latlon": 0.45336088923115075, "log_co2e_ha_2017": 5.9053152214432627, "id_group": 19 }, "geometry": { "type": "Polygon", "coordinates": [ [ [ 4868052.936683909967542, 9778066.660686939954758 ], [ 4868011.672739735804498, 9845129.827121995389462 ], [ 4935491.644753376021981, 9845155.236174872145057 ], [ 4935511.810007767751813, 9778103.057304482907057 ], [ 4868052.936683909967542, 9778066.660686939954758 ] ] ] } },
{ "type": "Feature", "properties": { "X1": 1.0, "log_hist_precip": -1.1186314829858, "log_hist_temp": 0.54153039921100254, "lat": 0.73140376268591367, "lon": 0.70735667579272932, "latlon": 0.51736333423580216, "log_co2e_ha_2017": 5.9158329789737092, "id_group": 20 }, "geometry": { "type": "Polygon", "coordinates": [ [ [ 4935511.810007767751813, 9778103.057304482907057 ], [ 4935491.644753376021981, 9845155.236174872145057 ], [ 5002971.621081633493304, 9845163.193510873243213 ], [ 5002970.692187334410846, 9778114.455609071999788 ], [ 4935511.810007767751813, 9778103.057304482907057 ] ] ] } },
{ "type": "Feature", "properties": { "X1": 1.0, "log_hist_precip": -1.1717644506729528, "log_hist_temp": 0.82289729972041215, "lat": 0.73140376268583229, "lon": 0.79486298662921362, "latlon": 0.58136577924030519, "log_co2e_ha_2017": 5.8270244139868135, "id_group": 20 }, "geometry": { "type": "Polygon", "coordinates": [ [ [ 5002970.692187334410846, 9778114.455609071999788 ], [ 5002971.621081634424627, 9845163.193510873243213 ], [ 5070451.597211137413979, 9845153.699129538610578 ], [ 5070429.573958957567811, 9778100.85559899546206 ], [ 5002970.692187334410846, 9778114.455609071999788 ] ] ] } },
{ "type": "Feature", "properties": { "X1": 1.0, "log_hist_precip": -1.0391356777694702, "log_hist_temp": 0.7731017100002826, "lat": 0.73140376268583018, "lon": 0.88236929746571735, "latlon": 0.64536822424487827, "log_co2e_ha_2017": 6.2170170326152192, "id_group": 20 }, "geometry": { "type": "Polygon", "coordinates": [ [ [ 5070429.573958957567811, 9778100.85559899546206 ], [ 5070451.597211137413979, 9845153.699129538610578 ], [ 5137931.568628509528935, 9845126.753031458705664 ], [ 5137888.446058982983232, 9778062.257276266813278 ], [ 5070429.573958957567811, 9778100.85559899546206 ] ] ] } },
{ "type": "Feature", "properties": { "X1": 1.0, "log_hist_precip": -0.36107537216064034, "log_hist_temp": 0.83677583030350178, "lat": 0.73140376268589535, "lon": 0.96987560830225295, "latlon": 0.7093706692495394, "log_co2e_ha_2017": 6.381616481709651, "id_group": 20 }, "geometry": { "type": "Polygon", "coordinates": [ [ [ 5137888.446058983914554, 9778062.257276266813278 ], [ 5137931.568628510460258, 9845126.753031458705664 ], [ 5205411.530820376239717, 9845082.355218416079879 ], [ 5205347.299223758280277, 9777998.660646054893732 ], [ 5137888.446058983914554, 9778062.257276266813278 ] ] ] } },
{ "type": "Feature", "properties": { "X1": 1.0, "log_hist_precip": 0.26503527711541242, "log_hist_temp": 0.47059113004907571, "lat": 0.73140376268585272, "lon": 1.0573819191388931, "latlon": 0.77337311425417454, "log_co2e_ha_2017": 6.4820560980595427, "id_group": 21 }, "geometry": { "type": "Polygon", "coordinates": [ [ [ 5205347.299223758280277, 9777998.660646054893732 ], [ 5205411.530820376239717, 9845082.355218416079879 ], [ 5272891.479273363947868, 9845020.505693353712559 ], [ 5272806.124189633876085, 9777910.065717209130526 ], [ 5205347.299223758280277, 9777998.660646054893732 ] ] ] } },
{ "type": "Feature", "properties": { "X1": 1.0, "log_hist_precip": 0.2824948956123069, "log_hist_temp": 0.40146521263948082, "lat": 0.7314037626858686, "lon": 1.1448882299752863, "latlon": 0.83737555925868845, "log_co2e_ha_2017": 6.3801818651912798, "id_group": 21 }, "geometry": { "type": "Polygon", "coordinates": [ [ [ 5272806.124189633876085, 9777910.065717209130526 ], [ 5272891.479273363947868, 9845020.505693353712559 ], [ 5340371.40947409812361, 9844941.204460537061095 ], [ 5340264.911692964844406, 9777796.472501819953322 ], [ 5272806.124189633876085, 9777910.065717209130526 ] ] ] } },
{ "type": "Feature", "properties": { "X1": 1.0, "log_hist_precip": 0.53074932586193191, "log_hist_temp": 0.30863173167239871, "lat": 0.73140376268583018, "lon": 1.2323945408117634, "latlon": 0.90137800426319958, "log_co2e_ha_2017": 6.2138901230218098, "id_group": 21 }, "geometry": { "type": "Polygon", "coordinates": [ [ [ 5340264.911692965775728, 9777796.472501819953322 ], [ 5340371.409474099054933, 9844941.204460537061095 ], [ 5407851.316909208893776, 9844844.451525086537004 ], [ 5407723.652470109052956, 9777657.881015488877892 ], [ 5340264.911692965775728, 9777796.472501819953322 ] ] ] } },
{ "type": "Feature", "properties": { "X1": 1.0, "log_hist_precip": 0.74507449519545565, "log_hist_temp": 0.47823399244311721, "lat": 0.7314037626858042, "lon": 1.3199008516483544, "latlon": 0.96538044926780386, "log_co2e_ha_2017": 6.1595269177519976, "id_group": 21 }, "geometry": { "type": "Polygon", "coordinates": [ [ [ 5407723.652470109052956, 9777657.881015488877892 ], [ 5407851.316909208893776, 9844844.451525086537004 ], [ 5475331.197065324522555, 9844730.246893627569079 ], [ 5475182.337257434614003, 9777494.291277261450887 ], [ 5407723.652470109052956, 9777657.881015488877892 ] ] ] } },
{ "type": "Feature", "properties": { "X1": 1.0, "log_hist_precip": 1.0120739049153662, "log_hist_temp": 0.777419403496035, "lat": 0.73140376268583784, "lon": 1.4074071624847433, "latlon": 1.0293828942723395, "log_co2e_ha_2017": 6.0811444515323192, "id_group": 22 }, "geometry": { "type": "Polygon", "coordinates": [ [ [ 5475182.337257434614003, 9777494.291277261450887 ], [ 5475331.197065324522555, 9844730.246893627569079 ], [ 5542811.045429076999426, 9844598.590573757886887 ], [ 5542640.956791313365102, 9777305.703309619799256 ], [ 5475182.337257434614003, 9777494.291277261450887 ] ] ] } },
{ "type": "Feature", "properties": { "X1": 1.0, "log_hist_precip": 0.9871206785795209, "log_hist_temp": 0.75013744586295161, "lat": 0.7314037626858787, "lon": 1.494913473321366, "latlon": 1.0933853392770632, "log_co2e_ha_2017": 6.000897141264578, "id_group": 22 }, "geometry": { "type": "Polygon", "coordinates": [ [ [ 5542640.956791313365102, 9777305.703309619799256 ], [ 5542811.045429076999426, 9844598.590573757886887 ], [ 5610290.857487099245191, 9844449.482574230059981 ], [ 5610099.501808127388358, 9777092.11713845282793 ], [ 5542640.956791313365102, 9777305.703309619799256 ] ] ] } },
{ "type": "Feature", "properties": { "X1": 1.0, "log_hist_precip": 0.66996485807077188, "log_hist_temp": 0.49977371336898191, "lat": 0.73140376268587837, "lon": 1.5824197841579735, "latlon": 1.1573877842817173, "log_co2e_ha_2017": 6.0119011793576167, "id_group": 22 }, "geometry": { "type": "Polygon", "coordinates": [ [ [ 5610099.501808128319681, 9777092.11713845282793 ], [ 5610290.857487100176513, 9844449.482574230059981 ], [ 5677770.628726027905941, 9844282.922905053943396 ], [ 5677557.96304427087307, 9776853.532793113961816 ], [ 5610099.501808128319681, 9777092.11713845282793 ] ] ] } },
{ "type": "Feature", "properties": { "X1": 1.0, "log_hist_precip": 0.24955976817183967, "log_hist_temp": 0.46127646021653024, "lat": 0.73140376268577689, "lon": 1.6699260949944146, "latlon": 1.221390229286081, "log_co2e_ha_2017": 5.7885978055110545, "id_group": 22 }, "geometry": { "type": "Polygon", "coordinates": [ [ [ 5677557.96304427087307, 9776853.532793113961816 ], [ 5677770.628726027905941, 9844282.922905053943396 ], [ 5745250.354632502421737, 9844098.911577338352799 ], [ 5745016.331236147321761, 9776589.950306283310056 ], [ 5677557.96304427087307, 9776853.532793113961816 ] ] ] } },
{ "type": "Feature", "properties": { "X1": 1.0, "log_hist_precip": 0.13148733701025228, "log_hist_temp": 0.25322556496044613, "lat": 0.7314037626857659, "lon": 1.757432405830901, "latlon": 1.285392674290619, "log_co2e_ha_2017": 5.9031263233956057, "id_group": 23 }, "geometry": { "type": "Polygon", "coordinates": [ [ [ 5745016.331236147321761, 9776589.950306283310056 ], [ 5745250.354632502421737, 9844098.911577338352799 ], [ 5812730.030693161301315, 9843897.448603456839919 ], [ 5812474.597120171412826, 9776301.369714245200157 ], [ 5745016.331236147321761, 9776589.950306283310056 ] ] ] } },
{ "type": "Feature", "properties": { "X1": 1.0, "log_hist_precip": 0.23224941166312121, "log_hist_temp": 0.44785036451973886, "lat": 0.73140376268582674, "lon": 1.8449387166674396, "latlon": 1.3493951192953257, "log_co2e_ha_2017": 5.8331079098731218, "id_group": 23 }, "geometry": { "type": "Polygon", "coordinates": [ [ [ 5812474.597120174206793, 9776301.369714245200157 ], [ 5812730.030693164095283, 9843897.448603456839919 ], [ 5880209.652394656091928, 9843678.533996876329184 ], [ 5879932.751432780176401, 9775987.791056588292122 ], [ 5812474.597120174206793, 9776301.369714245200157 ] ] ] } },
{ "type": "Feature", "properties": { "X1": 1.0, "log_hist_precip": 0.87245865952042601, "log_hist_temp": 0.52150992184169698, "lat": 0.73140376268583385, "lon": 1.932445027504007, "latlon": 1.4133975642999603, "log_co2e_ha_2017": 5.6528705740155374, "id_group": 23 }, "geometry": { "type": "Polygon", "coordinates": [ [ [ 5879932.751432780176401, 9775987.791056588292122 ], [ 5880209.652394656091928, 9843678.533996876329184 ], [ 5947689.215223629027605, 9843442.167772153392434 ], [ 5947390.784910416230559, 9775649.214376395568252 ], [ 5879932.751432780176401, 9775987.791056588292122 ] ] ] } },
{ "type": "Feature", "properties": { "X1": 1.0, "log_hist_precip": -0.81615209153980217, "log_hist_temp": 0.81810214901794032, "lat": 0.73140376268580609, "lon": 2.0199513383404368, "latlon": 1.4774000093044253, "log_co2e_ha_2017": 5.5651406046470999, "id_group": 23 }, "geometry": { "type": "Polygon", "coordinates": [ [ [ 5947390.784910416230559, 9775649.214376395568252 ], [ 5947689.215223629958928, 9843442.167772153392434 ], [ 6015168.714666737243533, 9843188.349945170804858 ], [ 6014848.688289541751146, 9775285.639720134437084 ], [ 5947390.784910416230559, 9775649.214376395568252 ] ] ] } },
{ "type": "Feature", "properties": { "X1": 1.0, "log_hist_precip": -1.9467753830467689, "log_hist_temp": 0.97736386653269358, "lat": 0.73140376268588081, "lon": 2.1074576491769892, "latlon": 1.5414024543091909, "log_co2e_ha_2017": 5.3548182711806094, "id_group": 23 }, "geometry": { "type": "Polygon", "coordinates": [ [ [ 6014848.688289541751146, 9775285.639720134437084 ], [ 6015168.714666737243533, 9843188.349945170804858 ], [ 6082648.146210633218288, 9842917.080532900989056 ], [ 6082306.45230663754046, 9774897.067137764766812 ], [ 6014848.688289541751146, 9775285.639720134437084 ] ] ] } },
{ "type": "Feature", "properties": { "X1": 1.0, "log_hist_precip": 2.251014130961559, "log_hist_temp": 0.28630928218796403, "lat": 0.6024707413715642, "lon": -1.4803010951202902, "latlon": -0.89183809823025961, "log_co2e_ha_2017": 6.3928127239864407, "id_group": 24 }, "geometry": { "type": "Polygon", "coordinates": [ [ [ 3249827.769511458929628, 9700106.198184037581086 ], [ 3249066.71899934951216, 9769693.712273508310318 ], [ 3316522.600712295155972, 9770330.059008754789829 ], [ 3317252.968122706282884, 9700934.355784336104989 ], [ 3249827.769511458929628, 9700106.198184037581086 ] ] ] } },
{ "type": "Feature", "properties": { "X1": 1.0, "log_hist_precip": 2.481603979851748, "log_hist_temp": 0.12636337429318723, "lat": 0.60247074137159662, "lon": -1.3927947842837536, "latlon": -0.83911810626592598, "log_co2e_ha_2017": 6.3914834474405691, "id_group": 25 }, "geometry": { "type": "Polygon", "coordinates": [ [ [ 3317252.968122702091932, 9700934.355784336104989 ], [ 3316522.600712290965021, 9770330.059008754789829 ], [ 3383978.713605343364179, 9770941.408498389646411 ], [ 3384678.558455626480281, 9701729.981974136084318 ], [ 3317252.968122702091932, 9700934.355784336104989 ] ] ] } },
{ "type": "Feature", "properties": { "X1": 1.0, "log_hist_precip": 2.2440699381107989, "log_hist_temp": 0.079654550051818637, "lat": 0.60247074137142698, "lon": -1.3052884734472272, "latlon": -0.78639811430132911, "log_co2e_ha_2017": 6.3870676867725438, "id_group": 25 }, "geometry": { "type": "Polygon", "coordinates": [ [ [ 3384678.558455626480281, 9701729.981974136084318 ], [ 3383978.713605343364179, 9770941.408498389646411 ], [ 3451435.04841522173956, 9771527.760658459737897 ], [ 3452104.524814421311021, 9702493.076568219810724 ], [ 3384678.558455626480281, 9701729.981974136084318 ] ] ] } },
{ "type": "Feature", "properties": { "X1": 1.0, "log_hist_precip": 1.9788717893676806, "log_hist_temp": 0.22046225652112039, "lat": 0.60247074137146028, "lon": -1.2177821626106866, "latlon": -0.73367812233700058, "log_co2e_ha_2017": 6.3474438928893733, "id_group": 25 }, "geometry": { "type": "Polygon", "coordinates": [ [ [ 3452104.524814420379698, 9702493.076568219810724 ], [ 3451435.04841522173956, 9771527.760658459737897 ], [ 3518891.595878628082573, 9772089.115408407524228 ], [ 3519530.851503199897707, 9703223.639388930052519 ], [ 3452104.524814420379698, 9702493.076568219810724 ] ] ] } },
{ "type": "Feature", "properties": { "X1": 1.0, "log_hist_precip": 1.9145192652134133, "log_hist_temp": 0.57273952761575397, "lat": 0.60247074137156487, "lon": -1.1302758517741458, "latlon": -0.68095813037274655, "log_co2e_ha_2017": 6.323155322172699, "id_group": 25 }, "geometry": { "type": "Polygon", "coordinates": [ [ [ 3519530.851503198966384, 9703223.639388930052519 ], [ 3518891.595878627151251, 9772089.115408407524228 ], [ 3586348.346732228063047, 9772625.472671231254935 ], [ 3586957.522825986612588, 9703921.670266222208738 ], [ 3519530.851503198966384, 9703223.639388930052519 ] ] ] } },
{ "type": "Feature", "properties": { "X1": 1.0, "log_hist_precip": 1.776633281670239, "log_hist_temp": 0.84862340653996948, "lat": 0.60247074137154055, "lon": -1.0427695409376523, "latlon": -0.6282381384083684, "log_co2e_ha_2017": 6.2725327188987086, "id_group": 26 }, "geometry": { "type": "Polygon", "coordinates": [ [ [ 3586957.522825985215604, 9703921.670266222208738 ], [ 3586348.346732226666063, 9772625.472671231254935 ], [ 3653805.291712661273777, 9773136.832373213022947 ], [ 3654384.523086727596819, 9704587.169037580490112 ], [ 3586957.522825985215604, 9703921.670266222208738 ] ] ] } },
{ "type": "Feature", "properties": { "X1": 1.0, "log_hist_precip": 1.7693427621594111, "log_hist_temp": 0.99122807993562068, "lat": 0.60247074137146828, "lon": -0.95526323010109715, "latlon": -0.57551814644391153, "log_co2e_ha_2017": 6.2286677353574529, "id_group": 26 }, "geometry": { "type": "Polygon", "coordinates": [ [ [ 3654384.523086726199836, 9704587.169037580490112 ], [ 3653805.291712659876794, 9773136.832373213022947 ], [ 3721262.421556541696191, 9773623.194444147869945 ], [ 3721811.836589294951409, 9705220.135548129677773 ], [ 3654384.523086726199836, 9704587.169037580490112 ] ] ] } },
{ "type": "Feature", "properties": { "X1": 1.0, "log_hist_precip": 2.5614385740405892, "log_hist_temp": 1.0027264502520037, "lat": 0.6024707413714232, "lon": -0.86775691926466514, "latlon": -0.52279815447956501, "log_co2e_ha_2017": 6.2216200425471744, "id_group": 26 }, "geometry": { "type": "Polygon", "coordinates": [ [ [ 3721811.836589294951409, 9705220.135548129677773 ], [ 3721262.421556541696191, 9773623.194444147869945 ], [ 3788719.727000455372036, 9774084.558817237615585 ], [ 3789239.447637483477592, 9705820.56965047121048 ], [ 3721811.836589294951409, 9705220.135548129677773 ] ] ] } },
{ "type": "Feature", "properties": { "X1": 1.0, "log_hist_precip": 2.1802120445170177, "log_hist_temp": 0.86561162289733828, "lat": 0.60247074137145762, "lon": -0.78025060842811622, "latlon": -0.47007816251521806, "log_co2e_ha_2017": 6.2433317597339357, "id_group": 26 }, "geometry": { "type": "Polygon", "coordinates": [ [ [ 3789239.447637480683625, 9705820.56965047121048 ], [ 3788719.72700045350939, 9774084.558817237615585 ], [ 3856177.198780962731689, 9774520.925429154187441 ], [ 3856667.340535015333444, 9706388.471204871311784 ], [ 3789239.447637480683625, 9705820.56965047121048 ] ] ] } },
{ "type": "Feature", "properties": { "X1": 1.0, "log_hist_precip": 1.5108165857609299, "log_hist_temp": 0.73982416562736086, "lat": 0.6024707413714997, "lon": -0.69274429759159606, "latlon": -0.4173581705508877, "log_co2e_ha_2017": 6.2489993442790199, "id_group": 27 }, "geometry": { "type": "Polygon", "coordinates": [ [ [ 3856667.34053501393646, 9706388.471204871311784 ], [ 3856177.198780961334705, 9774520.925429154187441 ], [ 3923634.827634606510401, 9774932.294219933450222 ], [ 3924095.499585557729006, 9706923.840079130604863 ], [ 3856667.34053501393646, 9706388.471204871311784 ] ] ] } },
{ "type": "Feature", "properties": { "X1": 1.0, "log_hist_precip": 1.1602547662629894, "log_hist_temp": 0.64667647302023201, "lat": 0.60247074137145806, "lon": -0.60523798675506968, "latlon": -0.36463817858649555, "log_co2e_ha_2017": 6.2397369550700637, "id_group": 27 }, "geometry": { "type": "Polygon", "coordinates": [ [ [ 3924095.499585558660328, 9706923.840079130604863 ], [ 3923634.827634607907385, 9774932.294219933450222 ], [ 3991092.604297906160355, 9775318.665133131667972 ], [ 3991523.909092709422112, 9707426.676148559898138 ], [ 3924095.499585558660328, 9706923.840079130604863 ] ] ] } },
{ "type": "Feature", "properties": { "X1": 1.0, "log_hist_precip": 1.1061084126263951, "log_hist_temp": 0.61410209465802645, "lat": 0.60247074137142587, "lon": -0.51773167591862745, "latlon": -0.31191818662216625, "log_co2e_ha_2017": 6.2075576613737518, "id_group": 27 }, "geometry": { "type": "Polygon", "coordinates": [ [ [ 3991523.909092709422112, 9707426.676148559898138 ], [ 3991092.604297906160355, 9775318.665133131667972 ], [ 4058550.519507357850671, 9775680.038115657866001 ], [ 4058952.553360008634627, 9707896.979296170175076 ], [ 3991523.909092709422112, 9707426.676148559898138 ] ] ] } },
{ "type": "Feature", "properties": { "X1": 1.0, "log_hist_precip": 1.0864451702919706, "log_hist_temp": 0.6909878576820826, "lat": 0.60247074137139556, "lon": -0.43022536508210413, "latlon": -0.25919819465779459, "log_co2e_ha_2017": 6.1900293200464667, "id_group": 27 }, "geometry": { "type": "Polygon", "coordinates": [ [ [ 4058952.553360010497272, 9707896.979296170175076 ], [ 4058550.519507358781993, 9775680.038115657866001 ], [ 4126008.563999441917986, 9776016.413117902353406 ], [ 4126381.416690945625305, 9708334.749412475153804 ], [ 4058952.553360010497272, 9707896.979296170175076 ] ] ] } },
{ "type": "Feature", "properties": { "X1": 1.0, "log_hist_precip": 1.0139759238625725, "log_hist_temp": 0.7300484086519492, "lat": 0.60247074137142098, "lon": -0.34271905424541782, "latlon": -0.20647820269334913, "log_co2e_ha_2017": 6.2092213038331519, "id_group": 28 }, "geometry": { "type": "Polygon", "coordinates": [ [ [ 4126381.416690945625305, 9708334.749412475153804 ], [ 4126008.563999441917986, 9776016.413117902353406 ], [ 4193466.728510620072484, 9776327.790093619376421 ], [ 4193810.483388954307884, 9708739.986395562067628 ], [ 4126381.416690945625305, 9708334.749412475153804 ] ] ] } },
{ "type": "Feature", "properties": { "X1": 1.0, "log_hist_precip": 0.66810023800228668, "log_hist_temp": 0.87722765190589269, "lat": 0.60247074137150758, "lon": -0.25521274340902889, "latlon": -0.15375821072909396, "log_co2e_ha_2017": 6.2213805825477282, "id_group": 28 }, "geometry": { "type": "Polygon", "coordinates": [ [ [ 4193810.483388954307884, 9708739.986395562067628 ], [ 4193466.728510620072484, 9776327.790093619376421 ], [ 4260925.003777334466577, 9776614.169000152498484 ], [ 4261239.737757420167327, 9709112.690151052549481 ], [ 4193810.483388954307884, 9708739.986395562067628 ] ] ] } },
{ "type": "Feature", "properties": { "X1": 1.0, "log_hist_precip": 0.59438060141938776, "log_hist_temp": 0.73884276754484013, "lat": 0.6024707413715108, "lon": -0.16770643257245429, "latlon": -0.10103821876469783, "log_co2e_ha_2017": 6.2487668745846081, "id_group": 28 }, "geometry": { "type": "Polygon", "coordinates": [ [ [ 4261239.737757420167327, 9709112.690151052549481 ], [ 4260925.003777334466577, 9776614.169000152498484 ], [ 4328383.380536019802094, 9776875.549798088148236 ], [ 4328669.164099692367017, 9709452.86059227399528 ], [ 4261239.737757420167327, 9709112.690151052549481 ] ] ] } },
{ "type": "Feature", "properties": { "X1": 1.0, "log_hist_precip": 0.51966474883623537, "log_hist_temp": 0.74967136214457197, "lat": 0.60247074137157786, "lon": -0.080200121735936158, "latlon": -0.048318226800340251, "log_co2e_ha_2017": 6.2957248232830159, "id_group": 28 }, "geometry": { "type": "Polygon", "coordinates": [ [ [ 4328669.164099692367017, 9709452.86059227399528 ], [ 4328383.380536019802094, 9776875.549798088148236 ], [ 4395841.849523087032139, 9777111.932451575994492 ], [ 4396098.746719070710242, 9709760.497639955952764 ], [ 4328669.164099692367017, 9709452.86059227399528 ] ] ] } },
{ "type": "Feature", "properties": { "X1": 1.0, "log_hist_precip": 0.16098223160652422, "log_hist_temp": 1.0055120592219673, "lat": 0.60247074137151679, "lon": 0.0073061891004907375, "latlon": 0.0044017651639731504, "log_co2e_ha_2017": 6.3620221834912174, "id_group": 29 }, "geometry": { "type": "Polygon", "coordinates": [ [ [ 4396098.746719071641564, 9709760.497639955952764 ], [ 4395841.849523087963462, 9777111.932451575994492 ], [ 4463300.401474943384528, 9777323.316928120329976 ], [ 4463528.469918826594949, 9710035.60122250020504 ], [ 4396098.746719071641564, 9709760.497639955952764 ] ] ] } },
{ "type": "Feature", "properties": { "X1": 1.0, "log_hist_precip": -0.01296972441566276, "log_hist_temp": 1.1783622996776648, "lat": 0.60247074137139722, "lon": 0.094812499937116559, "latlon": 0.057121757128390169, "log_co2e_ha_2017": 6.4087529364944631, "id_group": 29 }, "geometry": { "type": "Polygon", "coordinates": [ [ [ 4463528.469918826594949, 9710035.60122250020504 ], [ 4463300.401474943384528, 9777323.316928120329976 ], [ 4530759.0271279765293, 9777509.703198740258813 ], [ 4530958.318002193234861, 9710278.171275908127427 ], [ 4463528.469918826594949, 9710035.60122250020504 ] ] ] } },
{ "type": "Feature", "properties": { "X1": 1.0, "log_hist_precip": -0.11717410385299307, "log_hist_temp": 1.331844279155475, "lat": 0.60247074137147416, "lon": 0.18231881077359471, "latlon": 0.10984174909273312, "log_co2e_ha_2017": 6.3609372863671538, "id_group": 29 }, "geometry": { "type": "Polygon", "coordinates": [ [ [ 4530958.318002195097506, 9710278.171275908127427 ], [ 4530759.027127977460623, 9777509.703198740258813 ], [ 4598217.71721857227385, 9777671.091237822547555 ], [ 4598388.275272379629314, 9710488.207743687555194 ], [ 4530958.318002195097506, 9710278.171275908127427 ] ] ] } },
{ "type": "Feature", "properties": { "X1": 1.0, "log_hist_precip": 0.39668964151942016, "log_hist_temp": 1.4325465801763162, "lat": 0.60247074137150292, "lon": 0.26982512161012517, "latlon": 0.16256174105710805, "log_co2e_ha_2017": 6.3317228465334834, "id_group": 29 }, "geometry": { "type": "Polygon", "coordinates": [ [ [ 4598388.275272379629314, 9710488.207743687555194 ], [ 4598217.71721857227385, 9777671.091237822547555 ], [ 4665676.46248310059309, 9777807.48102318495512 ], [ 4665818.326032563112676, 9710665.710576917976141 ], [ 4598388.275272379629314, 9710488.207743687555194 ] ] ] } },
{ "type": "Feature", "properties": { "X1": 1.0, "log_hist_precip": 0.41486085458094507, "log_hist_temp": 1.6373687599030142, "lat": 0.60247074137151002, "lon": 0.35733143244659205, "latlon": 0.21528173302144196, "log_co2e_ha_2017": 6.0962799704097348, "id_group": 30 }, "geometry": { "type": "Polygon", "coordinates": [ [ [ 4665818.326032563112676, 9710665.710576917976141 ], [ 4665676.46248310059309, 9777807.48102318495512 ], [ 4733135.253657926805317, 9777918.87253612652421 ], [ 4733248.454585904255509, 9710810.679734341800213 ], [ 4665818.326032563112676, 9710665.710576917976141 ] ] ] } },
{ "type": "Feature", "properties": { "X1": 1.0, "log_hist_precip": -0.13034244924522451, "log_hist_temp": 1.3034580373703668, "lat": 0.60247074137148526, "lon": 0.44483774328318609, "latlon": 0.26800172498583957, "log_co2e_ha_2017": 6.1164762945192157, "id_group": 30 }, "geometry": { "type": "Polygon", "coordinates": [ [ [ 4733248.454585906118155, 9710810.679734341800213 ], [ 4733135.253657928667963, 9777918.87253612652421 ], [ 4800594.081479412503541, 9778005.265761306509376 ], [ 4800678.645235545933247, 9710923.115182150155306 ], [ 4733248.454585906118155, 9710810.679734341800213 ] ] ] } },
{ "type": "Feature", "properties": { "X1": 1.0, "log_hist_precip": -0.69186057000853851, "log_hist_temp": 1.0853119444135406, "lat": 0.60247074137143697, "lon": 0.53234405411955144, "latlon": 0.3207217169500825, "log_co2e_ha_2017": 6.1367444086420138, "id_group": 30 }, "geometry": { "type": "Polygon", "coordinates": [ [ [ 4800678.645235545933247, 9710923.115182150155306 ], [ 4800594.081479412503541, 9778005.265761306509376 ], [ 4868052.936683909036219, 9778066.660686939954758 ], [ 4868108.882284611463547, 9711003.016894195228815 ], [ 4800678.645235545933247, 9710923.115182150155306 ] ] ] } },
{ "type": "Feature", "properties": { "X1": 1.0, "log_hist_precip": -0.92460533663493005, "log_hist_temp": 0.80246963229175117, "lat": 0.60247074137151602, "lon": 0.61985036495625312, "latlon": 0.3734417089145986, "log_co2e_ha_2017": 5.7898194669792131, "id_group": 30 }, "geometry": { "type": "Polygon", "coordinates": [ [ [ 4868108.882284612394869, 9711003.016894195228815 ], [ 4868052.936683909967542, 9778066.660686939954758 ], [ 4935511.810007767751813, 9778103.057304482907057 ], [ 4935539.150036219507456, 9711050.384851900860667 ], [ 4868108.882284612394869, 9711003.016894195228815 ] ] ] } },
{ "type": "Feature", "properties": { "X1": 1.0, "log_hist_precip": -1.1380318909789877, "log_hist_temp": 0.60491867267006927, "lat": 0.60247074137148815, "lon": 0.70735667579271388, "latlon": 0.4261617008789077, "log_co2e_ha_2017": 6.0226192741571252, "id_group": 31 }, "geometry": { "type": "Polygon", "coordinates": [ [ [ 4935539.150036219507456, 9711050.384851900860667 ], [ 4935511.810007767751813, 9778103.057304482907057 ], [ 5002970.692187334410846, 9778114.455609071999788 ], [ 5002969.432793474756181, 9711065.21904419735074 ], [ 4935539.150036219507456, 9711050.384851900860667 ] ] ] } },
{ "type": "Feature", "properties": { "X1": 1.0, "log_hist_precip": -1.2765205039860847, "log_hist_temp": 0.32054450570671383, "lat": 0.60247074137139278, "lon": 0.79486298662928023, "latlon": 0.47888169284322191, "log_co2e_ha_2017": 6.4316407788970187, "id_group": 31 }, "geometry": { "type": "Polygon", "coordinates": [ [ [ 5002969.432793475687504, 9711065.21904419735074 ], [ 5002970.692187334410846, 9778114.455609071999788 ], [ 5070429.573958957567811, 9778100.85559899546206 ], [ 5070399.714859486557543, 9711047.519467648118734 ], [ 5002969.432793475687504, 9711065.21904419735074 ] ] ] } },
{ "type": "Feature", "properties": { "X1": 1.0, "log_hist_precip": -1.0081933948433552, "log_hist_temp": 0.24316912998250367, "lat": 0.60247074137138279, "lon": 0.88236929746565484, "latlon": 0.53160168480747927, "log_co2e_ha_2017": 6.6254911231979339, "id_group": 31 }, "geometry": { "type": "Polygon", "coordinates": [ [ [ 5070399.714859486557543, 9711047.519467648118734 ], [ 5070429.573958957567811, 9778100.85559899546206 ], [ 5137888.446058982983232, 9778062.257276266813278 ], [ 5137829.980537356808782, 9710997.286126390099525 ], [ 5070399.714859486557543, 9711047.519467648118734 ] ] ] } },
{ "type": "Feature", "properties": { "X1": 1.0, "log_hist_precip": -0.49603007082086648, "log_hist_temp": 0.4460556673914936, "lat": 0.60247074137147838, "lon": 0.96987560830229502, "latlon": 0.5843216767719972, "log_co2e_ha_2017": 6.631637281107678, "id_group": 31 }, "geometry": { "type": "Polygon", "coordinates": [ [ [ 5137829.980537357740104, 9710997.286126390099525 ], [ 5137888.446058983914554, 9778062.257276266813278 ], [ 5205347.299223758280277, 9777998.660646054893732 ], [ 5205260.214130196720362, 9710914.519032094627619 ], [ 5137829.980537357740104, 9710997.286126390099525 ] ] ] } },
{ "type": "Feature", "properties": { "X1": 1.0, "log_hist_precip": 0.018583665392755286, "log_hist_temp": 0.48322162498752391, "lat": 0.6024707413715007, "lon": 1.0573819191387752, "latlon": 0.63704166873635815, "log_co2e_ha_2017": 6.5597938963992872, "id_group": 32 }, "geometry": { "type": "Polygon", "coordinates": [ [ [ 5205260.214130196720362, 9710914.519032094627619 ], [ 5205347.299223758280277, 9777998.660646054893732 ], [ 5272806.124189633876085, 9777910.065717209130526 ], [ 5272690.399941121228039, 9710799.218204006552696 ], [ 5205260.214130196720362, 9710914.519032094627619 ] ] ] } },
{ "type": "Feature", "properties": { "X1": 1.0, "log_hist_precip": 0.56784481358275385, "log_hist_temp": 0.36367444925904047, "lat": 0.60247074137142831, "lon": 1.1448882299752903, "latlon": 0.68976166070063549, "log_co2e_ha_2017": 6.5059325677467026, "id_group": 32 }, "geometry": { "type": "Polygon", "coordinates": [ [ [ 5272690.399941121228039, 9710799.218204006552696 ], [ 5272806.124189633876085, 9777910.065717209130526 ], [ 5340264.911692964844406, 9777796.472501819953322 ], [ 5340120.522273259237409, 9710651.383669035509229 ], [ 5272690.399941121228039, 9710799.218204006552696 ] ] ] } },
{ "type": "Feature", "properties": { "X1": 1.0, "log_hist_precip": 0.96563286703029372, "log_hist_temp": 0.33781639058134871, "lat": 0.60247074137146639, "lon": 1.2323945408118393, "latlon": 0.74248165266505672, "log_co2e_ha_2017": 6.3546159481968889, "id_group": 32 }, "geometry": { "type": "Polygon", "coordinates": [ [ [ 5340120.522273260168731, 9710651.383669035509229 ], [ 5340264.911692965775728, 9777796.472501819953322 ], [ 5407723.652470109052956, 9777657.881015488877892 ], [ 5407550.56542975269258, 9710471.015461562201381 ], [ 5340120.522273260168731, 9710651.383669035509229 ] ] ] } },
{ "type": "Feature", "properties": { "X1": 1.0, "log_hist_precip": 0.90107773764378996, "log_hist_temp": 0.50878549445621279, "lat": 0.60247074137148904, "lon": 1.3199008516483481, "latlon": 0.7952016446294401, "log_co2e_ha_2017": 6.1959129278448204, "id_group": 32 }, "geometry": { "type": "Polygon", "coordinates": [ [ [ 5407550.56542975269258, 9710471.015461562201381 ], [ 5407723.652470109052956, 9777657.881015488877892 ], [ 5475182.337257434614003, 9777494.291277261450887 ], [ 5474980.513713761232793, 9710258.113623546436429 ], [ 5407550.56542975269258, 9710471.015461562201381 ] ] ] } },
{ "type": "Feature", "properties": { "X1": 1.0, "log_hist_precip": 0.73899019527839027, "log_hist_temp": 0.77826429042156675, "lat": 0.60247074137148204, "lon": 1.4074071624847813, "latlon": 0.84792163659374009, "log_co2e_ha_2017": 5.9120457310309131, "id_group": 33 }, "geometry": { "type": "Polygon", "coordinates": [ [ [ 5474980.513713762164116, 9710258.113623546436429 ], [ 5475182.337257434614003, 9777494.291277261450887 ], [ 5542640.956791313365102, 9777305.703309619799256 ], [ 5542410.351428470574319, 9710012.678204573690891 ], [ 5474980.513713762164116, 9710258.113623546436429 ] ] ] } },
{ "type": "Feature", "properties": { "X1": 1.0, "log_hist_precip": 0.59541117378781283, "log_hist_temp": 0.62488334121491873, "lat": 0.60247074137141776, "lon": 1.4949134733214233, "latlon": 0.90064162855807905, "log_co2e_ha_2017": 6.1823766629536143, "id_group": 33 }, "geometry": { "type": "Polygon", "coordinates": [ [ [ 5542410.351428470574319, 9710012.678204573690891 ], [ 5542640.956791313365102, 9777305.703309619799256 ], [ 5610099.501808127388358, 9777092.11713845282793 ], [ 5609840.062877085991204, 9709734.709261771291494 ], [ 5542410.351428470574319, 9710012.678204573690891 ] ] ] } },
{ "type": "Feature", "properties": { "X1": 1.0, "log_hist_precip": 0.22567522755637334, "log_hist_temp": 0.49701962254741672, "lat": 0.60247074137141876, "lon": 1.5824197841578482, "latlon": 0.95336162052237927, "log_co2e_ha_2017": 6.0792419055232978, "id_group": 33 }, "geometry": { "type": "Polygon", "coordinates": [ [ [ 5609840.062877087853849, 9709734.709261771291494 ], [ 5610099.501808128319681, 9777092.11713845282793 ], [ 5677557.96304427087307, 9776853.532793113961816 ], [ 5677269.632362849079072, 9709424.206859868019819 ], [ 5609840.062877087853849, 9709734.709261771291494 ] ] ] } },
{ "type": "Feature", "properties": { "X1": 1.0, "log_hist_precip": -0.12373316435514338, "log_hist_temp": 0.418161405964666, "lat": 0.60247074137144507, "lon": 1.6699260949945069, "latlon": 1.0060816124868628, "log_co2e_ha_2017": 5.9316242249361952, "id_group": 33 }, "geometry": { "type": "Polygon", "coordinates": [ [ [ 5677269.632362849079072, 9709424.206859868019819 ], [ 5677557.96304427087307, 9776853.532793113961816 ], [ 5745016.331236147321761, 9776589.950306283310056 ], [ 5744699.044189027510583, 9709081.171071100980043 ], [ 5677269.632362849079072, 9709424.206859868019819 ] ] ] } },
{ "type": "Feature", "properties": { "X1": 1.0, "log_hist_precip": -0.155425133161359, "log_hist_temp": 0.1314538441852808, "lat": 0.60247074137142642, "lon": 1.7574324058308128, "latlon": 1.0588016044510593, "log_co2e_ha_2017": 6.0153571160652648, "id_group": 34 }, "geometry": { "type": "Polygon", "coordinates": [ [ [ 5744699.044189027510583, 9709081.171071100980043 ], [ 5745016.331236147321761, 9776589.950306283310056 ], [ 5812474.597120171412826, 9776301.369714245200157 ], [ 5812128.282658929936588, 9708705.601975373923779 ], [ 5744699.044189027510583, 9709081.171071100980043 ] ] ] } },
{ "type": "Feature", "properties": { "X1": 1.0, "log_hist_precip": 0.14182297486567641, "log_hist_temp": 0.24980024568745363, "lat": 0.60247074137154333, "lon": 1.8449387166674971, "latlon": 1.1115215964157308, "log_co2e_ha_2017": 6.0863474918822096, "id_group": 34 }, "geometry": { "type": "Polygon", "coordinates": [ [ [ 5812128.28265893086791, 9708705.601975373923779 ], [ 5812474.597120174206793, 9776301.369714245200157 ], [ 5879932.751432780176401, 9775987.791056588292122 ], [ 5879557.332075907848775, 9708297.499660089612007 ], [ 5812128.28265893086791, 9708705.601975373923779 ] ] ] } },
{ "type": "Feature", "properties": { "X1": 1.0, "log_hist_precip": 0.56776976029777337, "log_hist_temp": 0.62639791240603593, "lat": 0.60247074137147882, "lon": 1.9324450275039926, "latlon": 1.1642415883799582, "log_co2e_ha_2017": 5.6048211932404053, "id_group": 34 }, "geometry": { "type": "Polygon", "coordinates": [ [ [ 5879557.332075907848775, 9708297.499660089612007 ], [ 5879932.751432780176401, 9775987.791056588292122 ], [ 5947390.784910416230559, 9775649.214376395568252 ], [ 5946986.176743349060416, 9707856.864220233634114 ], [ 5879557.332075907848775, 9708297.499660089612007 ] ] ] } },
{ "type": "Feature", "properties": { "X1": 1.0, "log_hist_precip": -0.27370796901053379, "log_hist_temp": 0.81741886887626247, "lat": 0.60247074137145862, "lon": 2.0199513383404031, "latlon": 1.2169615803442126, "log_co2e_ha_2017": 5.4766842079869873, "id_group": 34 }, "geometry": { "type": "Polygon", "coordinates": [ [ [ 5946986.176743349991739, 9707856.864220233634114 ], [ 5947390.784910416230559, 9775649.214376395568252 ], [ 6014848.688289541751146, 9775285.639720134437084 ], [ 6014414.800964696332812, 9707383.695758413523436 ], [ 5946986.176743349991739, 9707856.864220233634114 ] ] ] } },
{ "type": "Feature", "properties": { "X1": 1.0, "log_hist_precip": -1.0825886815412933, "log_hist_temp": 1.0198392555761515, "lat": 0.60247074137144951, "lon": 2.1074576491769892, "latlon": 1.2696815723085928, "log_co2e_ha_2017": 5.4158781552871815, "id_group": 35 }, "geometry": { "type": "Polygon", "coordinates": [ [ [ 6014414.800964696332812, 9707383.695758413523436 ], [ 6014848.688289541751146, 9775285.639720134437084 ], [ 6082306.45230663754046, 9774897.067137764766812 ], [ 6081843.189043438062072, 9706877.994384754449129 ], [ 6014414.800964696332812, 9707383.695758413523436 ] ] ] } },
{ "type": "Feature", "properties": { "X1": 1.0, "log_hist_precip": -0.4489611000604245, "log_hist_temp": 1.4746092853013382, "lat": 0.60247074137145207, "lon": 2.1949639600135513, "latlon": 1.3224015642729825, "log_co2e_ha_2017": 5.0875228463475448, "id_group": 35 }, "geometry": { "type": "Polygon", "coordinates": [ [ [ 6081843.189043438062072, 9706877.994384754449129 ], [ 6082306.452306638471782, 9774897.067137764766812 ], [ 6149764.067698206752539, 9774483.496682591736317 ], [ 6149271.32528312318027, 9706339.760216975584626 ], [ 6081843.189043438062072, 9706877.994384754449129 ] ] ] } },
{ "type": "Feature", "properties": { "X1": 1.0, "log_hist_precip": 1.8515267348385023, "log_hist_temp": 0.67100769786805647, "lat": 0.47353772416321921, "lon": -1.4803010951203353, "latlon": -0.70097841165960462, "log_co2e_ha_2017": 6.4198420233437279, "id_group": 24 }, "geometry": { "type": "Polygon", "coordinates": [ [ [ 3250788.425926873460412, 9630522.966149941086769 ], [ 3249827.769511458929628, 9700106.198184037581086 ], [ 3317252.968122706282884, 9700934.355784336104989 ], [ 3318174.896430512424558, 9631542.55876250565052 ], [ 3250788.425926873460412, 9630522.966149941086769 ] ] ] } },
{ "type": "Feature", "properties": { "X1": 1.0, "log_hist_precip": 2.342376946764436, "log_hist_temp": 0.27822511129806399, "lat": 0.4735377241632609, "lon": -1.3927947842837618, "latlon": -0.65954087237619241, "log_co2e_ha_2017": 6.3891245727786004, "id_group": 25 }, "geometry": { "type": "Polygon", "coordinates": [ [ [ 3318174.896430508233607, 9631542.55876250565052 ], [ 3317252.968122703488916, 9700934.355784336104989 ], [ 3384678.558455626480281, 9701729.981974136084318 ], [ 3385561.961012083105743, 9632522.101059805601835 ], [ 3318174.896430508233607, 9631542.55876250565052 ] ] ] } },
{ "type": "Feature", "properties": { "X1": 1.0, "log_hist_precip": 1.9256020599003911, "log_hist_temp": 0.21222698559158612, "lat": 0.47353772416332068, "lon": -1.3052884734471595, "latlon": -0.61810333309278298, "log_co2e_ha_2017": 6.3873869477523639, "id_group": 25 }, "geometry": { "type": "Polygon", "coordinates": [ [ [ 3385561.961012083105743, 9632522.101059805601835 ], [ 3384678.558455626480281, 9701729.981974136084318 ], [ 3452104.524814421311021, 9702493.076568219810724 ], [ 3452949.59586818376556, 9633461.592695768922567 ], [ 3385561.961012083105743, 9632522.101059805601835 ] ] ] } },
{ "type": "Feature", "properties": { "X1": 1.0, "log_hist_precip": 1.6612328397150298, "log_hist_temp": 0.37821394237204853, "lat": 0.47353772416327988, "lon": -1.2177821626107357, "latlon": -0.57666579380932503, "log_co2e_ha_2017": 6.3340007765358184, "id_group": 25 }, "geometry": { "type": "Polygon", "coordinates": [ [ [ 3452949.595868182368577, 9633461.592695768922567 ], [ 3452104.524814420379698, 9702493.076568219810724 ], [ 3519530.851503199897707, 9703223.639388930052519 ], [ 3520337.777195203118026, 9634361.033338572829962 ], [ 3452949.595868182368577, 9633461.592695768922567 ] ] ] } },
{ "type": "Feature", "properties": { "X1": 1.0, "log_hist_precip": 1.7277700919767096, "log_hist_temp": 0.63067500936926579, "lat": 0.47353772416322776, "lon": -1.1302758517741336, "latlon": -0.53522825452577694, "log_co2e_ha_2017": 6.3068295899814997, "id_group": 25 }, "geometry": { "type": "Polygon", "coordinates": [ [ [ 3520337.777195202186704, 9634361.033338572829962 ], [ 3519530.851503198966384, 9703223.639388930052519 ], [ 3586957.522825986612588, 9703921.670266222208738 ], [ 3587726.481189338490367, 9635220.422670496627688 ], [ 3520337.777195202186704, 9634361.033338572829962 ] ] ] } },
{ "type": "Feature", "properties": { "X1": 1.0, "log_hist_precip": 1.5608677630094645, "log_hist_temp": 0.7910124190053508, "lat": 0.47353772416325679, "lon": -1.0427695409376747, "latlon": -0.49379071524239054, "log_co2e_ha_2017": 6.3244693189830681, "id_group": 26 }, "geometry": { "type": "Polygon", "coordinates": [ [ [ 3587726.481189337093383, 9635220.422670496627688 ], [ 3586957.522825985215604, 9703921.670266222208738 ], [ 3654384.523086727596819, 9704587.169037580490112 ], [ 3655115.684046603739262, 9636039.760388 ], [ 3587726.481189337093383, 9635220.422670496627688 ] ] ] } },
{ "type": "Feature", "properties": { "X1": 1.0, "log_hist_precip": 1.7329317934292383, "log_hist_temp": 0.97841264057258426, "lat": 0.47353772416332296, "lon": -0.95526323010107261, "latlon": -0.45235317595896662, "log_co2e_ha_2017": 6.302692581363659, "id_group": 26 }, "geometry": { "type": "Polygon", "coordinates": [ [ [ 3655115.684046602807939, 9636039.760388 ], [ 3654384.523086726199836, 9704587.169037580490112 ], [ 3721811.836589294951409, 9705220.135548129677773 ], [ 3722505.361962839029729, 9636819.046201597899199 ], [ 3655115.684046602807939, 9636039.760388 ] ] ] } },
{ "type": "Feature", "properties": { "X1": 1.0, "log_hist_precip": 2.115355429086704, "log_hist_temp": 1.0350510231218302, "lat": 0.47353772416333639, "lon": -0.86775691926468979, "latlon": -0.41091563667558922, "log_co2e_ha_2017": 6.2928213589803947, "id_group": 26 }, "geometry": { "type": "Polygon", "coordinates": [ [ [ 3722505.361962839029729, 9636819.046201597899199 ], [ 3721811.836589294951409, 9705220.135548129677773 ], [ 3789239.447637482080609, 9705820.56965047121048 ], [ 3789895.49113371130079, 9637558.279836075380445 ], [ 3722505.361962839029729, 9636819.046201597899199 ] ] ] } },
{ "type": "Feature", "properties": { "X1": 1.0, "log_hist_precip": 1.7625939787497968, "log_hist_temp": 1.0871225546352392, "lat": 0.47353772416330475, "lon": -0.78025060842809368, "latlon": -0.36947809739207332, "log_co2e_ha_2017": 6.2444872668458942, "id_group": 26 }, "geometry": { "type": "Polygon", "coordinates": [ [ [ 3789895.491133709903806, 9637558.279836075380445 ], [ 3789239.447637480683625, 9705820.56965047121048 ], [ 3856667.340535015333444, 9706388.471204871311784 ], [ 3857286.047754729166627, 9638257.46103030629456 ], [ 3789895.491133709903806, 9637558.279836075380445 ] ] ] } },
{ "type": "Feature", "properties": { "X1": 1.0, "log_hist_precip": 1.1459527491922419, "log_hist_temp": 0.89679893821128387, "lat": 0.4735377241632831, "lon": -0.6927442975916166, "latlon": -0.32804055810862626, "log_co2e_ha_2017": 6.2941089615400605, "id_group": 27 }, "geometry": { "type": "Polygon", "coordinates": [ [ [ 3857286.047754727769643, 9638257.46103030629456 ], [ 3856667.34053501393646, 9706388.471204871311784 ], [ 3924095.499585557729006, 9706923.840079130604863 ], [ 3924677.008021253626794, 9638916.589537307620049 ], [ 3857286.047754727769643, 9638257.46103030629456 ] ] ] } },
{ "type": "Feature", "properties": { "X1": 1.0, "log_hist_precip": 0.9068836665961052, "log_hist_temp": 0.7800527397041247, "lat": 0.47353772416337303, "lon": -0.605237986755084, "latlon": -0.28660301882522421, "log_co2e_ha_2017": 6.292567384685043, "id_group": 27 }, "geometry": { "type": "Polygon", "coordinates": [ [ [ 3924677.008021255023777, 9638916.589537307620049 ], [ 3924095.499585558660328, 9706923.840079130604863 ], [ 3991523.909092709422112, 9707426.676148559898138 ], [ 3992068.348128502257168, 9639535.665124231949449 ], [ 3924677.008021255023777, 9638916.589537307620049 ] ] ] } },
{ "type": "Feature", "properties": { "X1": 1.0, "log_hist_precip": 1.0209147341144351, "log_hist_temp": 0.72599596418425072, "lat": 0.47353772416335471, "lon": -0.51773167591850944, "latlon": -0.24516547954173049, "log_co2e_ha_2017": 6.2577831066654328, "id_group": 27 }, "geometry": { "type": "Polygon", "coordinates": [ [ [ 3992068.348128502257168, 9639535.665124231949449 ], [ 3991523.909092709422112, 9707426.676148559898138 ], [ 4058952.553360008634627, 9707896.979296170175076 ], [ 4059460.044271554332227, 9640114.687572427093983 ], [ 3992068.348128502257168, 9639535.665124231949449 ] ] ] } },
{ "type": "Feature", "properties": { "X1": 1.0, "log_hist_precip": 1.1268588143601521, "log_hist_temp": 0.78567211982580831, "lat": 0.4735377241633017, "lon": -0.43022536508207848, "latlon": -0.20372794025829305, "log_co2e_ha_2017": 6.2481158797700553, "id_group": 27 }, "geometry": { "type": "Polygon", "coordinates": [ [ [ 4059460.044271556194872, 9640114.687572427093983 ], [ 4058952.553360010497272, 9707896.979296170175076 ], [ 4126381.416690945625305, 9708334.749412475153804 ], [ 4126852.072645369917154, 9640653.656677350401878 ], [ 4059460.044271556194872, 9640114.687572427093983 ] ] ] } },
{ "type": "Feature", "properties": { "X1": 1.0, "log_hist_precip": 1.0322049345770392, "log_hist_temp": 0.87429380830570735, "lat": 0.47353772416327244, "lon": -0.34271905424551319, "latlon": -0.16229040097480943, "log_co2e_ha_2017": 6.23603746241512, "id_group": 28 }, "geometry": { "type": "Polygon", "coordinates": [ [ [ 4126852.072645369917154, 9640653.656677350401878 ], [ 4126381.416690945625305, 9708334.749412475153804 ], [ 4193810.483388954307884, 9708739.986395562067628 ], [ 4194244.409444785676897, 9641152.572248632088304 ], [ 4126852.072645369917154, 9640653.656677350401878 ] ] ] } },
{ "type": "Feature", "properties": { "X1": 1.0, "log_hist_precip": 0.56880969182987151, "log_hist_temp": 0.93900562448742053, "lat": 0.47353772416328566, "lon": -0.25521274340900629, "latlon": -0.12085286169136943, "log_co2e_ha_2017": 6.1919858514794832, "id_group": 28 }, "geometry": { "type": "Polygon", "coordinates": [ [ [ 4194244.409444785676897, 9641152.572248632088304 ], [ 4193810.483388954307884, 9708739.986395562067628 ], [ 4261239.737757420167327, 9709112.690151052549481 ], [ 4261637.030864531174302, 9641611.434110030531883 ], [ 4194244.409444785676897, 9641152.572248632088304 ] ] ] } },
{ "type": "Feature", "properties": { "X1": 1.0, "log_hist_precip": 0.25739630947684145, "log_hist_temp": 1.021166659086596, "lat": 0.47353772416338991, "lon": -0.16770643257254558, "latlon": -0.079415322407964242, "log_co2e_ha_2017": 6.1942699110726585, "id_group": 28 }, "geometry": { "type": "Polygon", "coordinates": [ [ [ 4261637.030864531174302, 9641611.434110030531883 ], [ 4261239.737757420167327, 9709112.690151052549481 ], [ 4328669.164099692367017, 9709452.86059227399528 ], [ 4329029.913099239580333, 9642030.242099458351731 ], [ 4261637.030864531174302, 9641611.434110030531883 ] ] ] } },
{ "type": "Feature", "properties": { "X1": 1.0, "log_hist_precip": 0.40173180805345021, "log_hist_temp": 1.0289816492077908, "lat": 0.47353772416335582, "lon": -0.080200121735938212, "latlon": -0.03797778312446027, "log_co2e_ha_2017": 6.2539275672358769, "id_group": 28 }, "geometry": { "type": "Polygon", "coordinates": [ [ [ 4329029.913099239580333, 9642030.242099458351731 ], [ 4328669.164099692367017, 9709452.86059227399528 ], [ 4396098.746719070710242, 9709760.497639955952764 ], [ 4396423.032343443483114, 9642408.99606897868216 ], [ 4329029.913099239580333, 9642030.242099458351731 ] ] ] } },
{ "type": "Feature", "properties": { "X1": 1.0, "log_hist_precip": 0.29880482584160128, "log_hist_temp": 1.1766747339646431, "lat": 0.4735377241632866, "lon": 0.0073061891005666178, "latlon": 0.0034597561589889262, "log_co2e_ha_2017": 6.2985135569267765, "id_group": 29 }, "geometry": { "type": "Polygon", "coordinates": [ [ [ 4396423.032343445345759, 9642408.99606897868216 ], [ 4396098.746719071641564, 9709760.497639955952764 ], [ 4463528.469918826594949, 9710035.60122250020504 ], [ 4463816.364791601896286, 9642747.69588478282094 ], [ 4396423.032343445345759, 9642408.99606897868216 ] ] ] } },
{ "type": "Feature", "properties": { "X1": 1.0, "log_hist_precip": -0.02739378669918148, "log_hist_temp": 1.3373400080347582, "lat": 0.47353772416334827, "lon": 0.094812499937073497, "latlon": 0.044897295442439387, "log_co2e_ha_2017": 6.3046147068278362, "id_group": 29 }, "geometry": { "type": "Polygon", "coordinates": [ [ [ 4463816.364791601896286, 9642747.69588478282094 ], [ 4463528.469918826594949, 9710035.60122250020504 ], [ 4530958.318002193234861, 9710278.171275908127427 ], [ 4531209.886638089083135, 9643046.341427287086844 ], [ 4463816.364791601896286, 9642747.69588478282094 ] ] ] } },
{ "type": "Feature", "properties": { "X1": 1.0, "log_hist_precip": -0.21858357079192675, "log_hist_temp": 1.6319970636759349, "lat": 0.47353772416338952, "lon": 0.18231881077356807, "latlon": 0.086334834725891083, "log_co2e_ha_2017": 6.1747983229168559, "id_group": 29 }, "geometry": { "type": "Polygon", "coordinates": [ [ [ 4531209.886638090014458, 9643046.341427287086844 ], [ 4530958.318002195097506, 9710278.171275908127427 ], [ 4598388.275272379629314, 9710488.207743687555194 ], [ 4598603.574077219702303, 9643304.932590937241912 ], [ 4531209.886638090014458, 9643046.341427287086844 ] ] ] } },
{ "type": "Feature", "properties": { "X1": 1.0, "log_hist_precip": 0.43726896892446077, "log_hist_temp": 1.628703709868121, "lat": 0.47353772416335232, "lon": 0.26982512161014877, "latlon": 0.12777237400936961, "log_co2e_ha_2017": 6.2253490578093169, "id_group": 29 }, "geometry": { "type": "Polygon", "coordinates": [ [ [ 4598603.574077219702303, 9643304.932590937241912 ], [ 4598388.275272379629314, 9710488.207743687555194 ], [ 4665818.326032563112676, 9710665.710576917976141 ], [ 4665997.403303245082498, 9643523.469284433871508 ], [ 4598603.574077219702303, 9643304.932590937241912 ] ] ] } },
{ "type": "Feature", "properties": { "X1": 1.0, "log_hist_precip": 0.37187814832005878, "log_hist_temp": 1.4183522197109748, "lat": 0.47353772416334233, "lon": 0.35733143244657156, "latlon": 0.1692099132927766, "log_co2e_ha_2017": 6.3059425043768886, "id_group": 30 }, "geometry": { "type": "Polygon", "coordinates": [ [ [ 4665997.403303245082498, 9643523.469284433871508 ], [ 4665818.326032563112676, 9710665.710576917976141 ], [ 4733248.454585904255509, 9710810.679734341800213 ], [ 4733391.350510368123651, 9643701.951430547982454 ], [ 4665997.403303245082498, 9643523.469284433871508 ] ] ] } },
{ "type": "Feature", "properties": { "X1": 1.0, "log_hist_precip": -0.2382053603421927, "log_hist_temp": 0.92517151386641805, "lat": 0.47353772416339068, "lon": 0.44483774328319942, "latlon": 0.21064745257630488, "log_co2e_ha_2017": 6.410728594083106, "id_group": 30 }, "geometry": { "type": "Polygon", "coordinates": [ [ [ 4733391.350510369986296, 9643701.951430547982454 ], [ 4733248.454585906118155, 9710810.679734341800213 ], [ 4800678.645235545933247, 9710923.115182150155306 ], [ 4800785.391892752610147, 9643840.378966258838773 ], [ 4733391.350510369986296, 9643701.951430547982454 ] ] ] } },
{ "type": "Feature", "properties": { "X1": 1.0, "log_hist_precip": -0.63656296055453687, "log_hist_temp": 0.53194256637270521, "lat": 0.47353772416337669, "lon": 0.53234405411965602, "latlon": 0.25208499185972733, "log_co2e_ha_2017": 6.3180575107342731, "id_group": 30 }, "geometry": { "type": "Polygon", "coordinates": [ [ [ 4800785.391892752610147, 9643840.378966258838773 ], [ 4800678.645235545933247, 9710923.115182150155306 ], [ 4868108.882284611463547, 9711003.016894195228815 ], [ 4868179.503644525073469, 9643938.751842644065619 ], [ 4800785.391892752610147, 9643840.378966258838773 ] ] ] } },
{ "type": "Feature", "properties": { "X1": 1.0, "log_hist_precip": -0.83193819430883731, "log_hist_temp": 0.12570632340008647, "lat": 0.47353772416327933, "lon": 0.61985036495621115, "latlon": 0.29352253114314236, "log_co2e_ha_2017": 6.1339670388911545, "id_group": 30 }, "geometry": { "type": "Polygon", "coordinates": [ [ [ 4868179.503644525073469, 9643938.751842644065619 ], [ 4868108.882284612394869, 9711003.016894195228815 ], [ 4935539.150036219507456, 9711050.384851900860667 ], [ 4935573.66195978783071, 9643997.070025006309152 ], [ 4868179.503644525073469, 9643938.751842644065619 ] ] ] } },
{ "type": "Feature", "properties": { "X1": 1.0, "log_hist_precip": -1.1337703435329325, "log_hist_temp": -0.32073880255748116, "lat": 0.47353772416327394, "lon": 0.70735667579270367, "latlon": 0.33496007042657572, "log_co2e_ha_2017": 6.2716574753186389, "id_group": 31 }, "geometry": { "type": "Polygon", "coordinates": [ [ [ 4935573.66195978783071, 9643997.070025006309152 ], [ 4935539.150036219507456, 9711050.384851900860667 ], [ 5002969.432793474756181, 9711065.21904419735074 ], [ 5002967.843032628297806, 9644015.333492683246732 ], [ 4935573.66195978783071, 9643997.070025006309152 ] ] ] } },
{ "type": "Feature", "properties": { "X1": 1.0, "log_hist_precip": -1.3528963898576942, "log_hist_temp": -0.42462808944871361, "lat": 0.47353772416340206, "lon": 0.79486298662926591, "latlon": 0.37639760971014724, "log_co2e_ha_2017": 6.6010092655056161, "id_group": 31 }, "geometry": { "type": "Polygon", "coordinates": [ [ [ 5002967.843032629229128, 9644015.333492683246732 ], [ 5002969.432793475687504, 9711065.21904419735074 ], [ 5070399.714859486557543, 9711047.519467648118734 ], [ 5070362.023057126440108, 9643993.54223925806582 ], [ 5002967.843032629229128, 9644015.333492683246732 ] ] ] } },
{ "type": "Feature", "properties": { "X1": 1.0, "log_hist_precip": -1.1529855283075257, "log_hist_temp": -0.15673206698573941, "lat": 0.47353772416334966, "lon": 0.8823692974656282, "latlon": 0.41783514899348728, "log_co2e_ha_2017": 6.6529244713981575, "id_group": 31 }, "geometry": { "type": "Polygon", "coordinates": [ [ [ 5070362.023057126440108, 9643993.54223925806582 ], [ 5070399.714859486557543, 9711047.519467648118734 ], [ 5137829.980537356808782, 9710997.286126390099525 ], [ 5137756.178227359429002, 9643931.696272416040301 ], [ 5070362.023057126440108, 9643993.54223925806582 ] ] ] } },
{ "type": "Feature", "properties": { "X1": 1.0, "log_hist_precip": -0.67562950923771425, "log_hist_temp": 0.19913663153587188, "lat": 0.47353772416324591, "lon": 0.9698756083023371, "latlon": 0.45927268827693246, "log_co2e_ha_2017": 6.5711353980279972, "id_group": 31 }, "geometry": { "type": "Polygon", "coordinates": [ [ [ 5137756.178227360360324, 9643931.696272416040301 ], [ 5137829.980537357740104, 9710997.286126390099525 ], [ 5205260.214130196720362, 9710914.519032094627619 ], [ 5205150.284737416543067, 9643829.795614022761583 ], [ 5137756.178227360360324, 9643931.696272416040301 ] ] ] } },
{ "type": "Feature", "properties": { "X1": 1.0, "log_hist_precip": -0.13267151315006606, "log_hist_temp": 0.45922762738883666, "lat": 0.47353772416326961, "lon": 1.0573819191388614, "latlon": 0.50071022756040684, "log_co2e_ha_2017": 6.4519373793342565, "id_group": 32 }, "geometry": { "type": "Polygon", "coordinates": [ [ [ 5205150.284737416543067, 9643829.795614022761583 ], [ 5205260.214130196720362, 9710914.519032094627619 ], [ 5272690.399941121228039, 9710799.218204006552696 ], [ 5272544.318781402893364, 9643687.840300066396594 ], [ 5205150.284737416543067, 9643829.795614022761583 ] ] ] } },
{ "type": "Feature", "properties": { "X1": 1.0, "log_hist_precip": 0.33310190807965018, "log_hist_temp": 0.18326343060055891, "lat": 0.47353772416335344, "lon": 1.1448882299752761, "latlon": 0.5421477668439022, "log_co2e_ha_2017": 6.5747104357284201, "id_group": 32 }, "geometry": { "type": "Polygon", "coordinates": [ [ [ 5272544.318781402893364, 9643687.840300066396594 ], [ 5272690.399941121228039, 9710799.218204006552696 ], [ 5340120.522273259237409, 9710651.383669035509229 ], [ 5339938.256553447805345, 9643505.830380668863654 ], [ 5272544.318781402893364, 9643687.840300066396594 ] ] ] } },
{ "type": "Feature", "properties": { "X1": 1.0, "log_hist_precip": 0.6221035453514091, "log_hist_temp": 0.26597834559890327, "lat": 0.47353772416332779, "lon": 1.2323945408116925, "latlon": 0.58358530612727821, "log_co2e_ha_2017": 6.5404724445243811, "id_group": 32 }, "geometry": { "type": "Polygon", "coordinates": [ [ [ 5339938.256553448736668, 9643505.830380668863654 ], [ 5340120.522273260168731, 9710651.383669035509229 ], [ 5407550.56542975269258, 9710471.015461562201381 ], [ 5407332.074247717857361, 9643283.765920121222734 ], [ 5339938.256553448736668, 9643505.830380668863654 ] ] ] } },
{ "type": "Feature", "properties": { "X1": 1.0, "log_hist_precip": 0.69262556392353802, "log_hist_temp": 0.59401727871615406, "lat": 0.47353772416328244, "lon": 1.3199008516484323, "latlon": 0.62502284541077691, "log_co2e_ha_2017": 6.4777905048113436, "id_group": 32 }, "geometry": { "type": "Polygon", "coordinates": [ [ [ 5407332.074247717857361, 9643283.765920121222734 ], [ 5407550.56542975269258, 9710471.015461562201381 ], [ 5474980.513713761232793, 9710258.113623546436429 ], [ 5474725.748058418743312, 9643021.646996898576617 ], [ 5407332.074247717857361, 9643283.765920121222734 ] ] ] } },
{ "type": "Feature", "properties": { "X1": 1.0, "log_hist_precip": 0.5930909669395138, "log_hist_temp": 0.76228345732782432, "lat": 0.47353772416337508, "lon": 1.4074071624847146, "latlon": 0.66646038469424518, "log_co2e_ha_2017": 6.1757285699966342, "id_group": 33 }, "geometry": { "type": "Polygon", "coordinates": [ [ [ 5474725.748058419674635, 9643021.646996898576617 ], [ 5474980.513713762164116, 9710258.113623546436429 ], [ 5542410.351428470574319, 9710012.678204573690891 ], [ 5542119.25417981017381, 9642719.473703570663929 ], [ 5474725.748058419674635, 9643021.646996898576617 ] ] ] } },
{ "type": "Feature", "properties": { "X1": 1.0, "log_hist_precip": 0.33222452422230853, "log_hist_temp": 0.71236416135013791, "lat": 0.4735377241634286, "lon": 1.4949134733214962, "latlon": 0.70789792397790763, "log_co2e_ha_2017": 6.2548692519398452, "id_group": 33 }, "geometry": { "type": "Polygon", "coordinates": [ [ [ 5542119.25417981017381, 9642719.473703570663929 ], [ 5542410.351428470574319, 9710012.678204573690891 ], [ 5609840.062877085991204, 9709734.709261771291494 ], [ 5609512.568806205876172, 9642377.246146868914366 ], [ 5542119.25417981017381, 9642719.473703570663929 ] ] ] } },
{ "type": "Feature", "properties": { "X1": 1.0, "log_hist_precip": -0.078486128583943313, "log_hist_temp": 0.51448773250462865, "lat": 0.47353772416337536, "lon": 1.5824197841578145, "latlon": 0.74933546326119116, "log_co2e_ha_2017": 6.2175214181497385, "id_group": 33 }, "geometry": { "type": "Polygon", "coordinates": [ [ [ 5609512.568806207738817, 9642377.246146868914366 ], [ 5609840.062877087853849, 9709734.709261771291494 ], [ 5677269.632362849079072, 9709424.206859868019819 ], [ 5676905.668131995014846, 9641994.964447693899274 ], [ 5609512.568806207738817, 9642377.246146868914366 ] ] ] } },
{ "type": "Feature", "properties": { "X1": 1.0, "log_hist_precip": -0.41578881336591855, "log_hist_temp": 0.33902038717417232, "lat": 0.473537724163337, "lon": 1.6699260949945458, "latlon": 0.79077300254468574, "log_co2e_ha_2017": 6.0224020295044909, "id_group": 33 }, "geometry": { "type": "Polygon", "coordinates": [ [ [ 5676905.668131995014846, 9641994.964447693899274 ], [ 5677269.632362849079072, 9709424.206859868019819 ], [ 5744699.044189027510583, 9709081.171071100980043 ], [ 5744298.528351635672152, 9641572.62874105386436 ], [ 5676905.668131995014846, 9641994.964447693899274 ] ] ] } },
{ "type": "Feature", "properties": { "X1": 1.0, "log_hist_precip": -0.55455983835452505, "log_hist_temp": 0.066789889523255486, "lat": 0.47353772416336509, "lon": 1.7574324058307615, "latlon": 0.83221054182804621, "log_co2e_ha_2017": 6.1808739386592961, "id_group": 34 }, "geometry": { "type": "Polygon", "coordinates": [ [ [ 5744298.528351635672152, 9641572.62874105386436 ], [ 5744699.044189027510583, 9709081.171071100980043 ], [ 5812128.282658929936588, 9708705.601975373923779 ], [ 5811691.125659672543406, 9641110.239176178351045 ], [ 5744298.528351635672152, 9641572.62874105386436 ] ] ] } },
{ "type": "Feature", "properties": { "X1": 1.0, "log_hist_precip": -0.47249259553516465, "log_hist_temp": 0.16663521637958212, "lat": 0.47353772416330181, "lon": 1.8449387166674387, "latlon": 0.87364808111146164, "log_co2e_ha_2017": 6.4423172782205436, "id_group": 34 }, "geometry": { "type": "Polygon", "coordinates": [ [ [ 5811691.125659674406052, 9641110.239176178351045 ], [ 5812128.28265893086791, 9708705.601975373923779 ], [ 5879557.332075907848775, 9708297.499660089612007 ], [ 5879083.436250748112798, 9640607.795916352421045 ], [ 5811691.125659674406052, 9641110.239176178351045 ] ] ] } },
{ "type": "Feature", "properties": { "X1": 1.0, "log_hist_precip": -0.24663966923174144, "log_hist_temp": 0.57379229258049091, "lat": 0.47353772416337347, "lon": 1.9324450275040459, "latlon": 0.91508562039509356, "log_co2e_ha_2017": 6.2495224314086766, "id_group": 34 }, "geometry": { "type": "Polygon", "coordinates": [ [ [ 5879083.436250748112798, 9640607.795916352421045 ], [ 5879557.332075907848775, 9708297.499660089612007 ], [ 5946986.176743349060416, 9707856.864220233634114 ], [ 5946475.436319597065449, 9640065.299139089882374 ], [ 5879083.436250748112798, 9640607.795916352421045 ] ] ] } },
{ "type": "Feature", "properties": { "X1": 1.0, "log_hist_precip": -0.48829882229871546, "log_hist_temp": 0.92718907734145206, "lat": 0.4735377241634377, "lon": 2.019951338340404, "latlon": 0.95652315967860502, "log_co2e_ha_2017": 5.3651449324890796, "id_group": 34 }, "geometry": { "type": "Polygon", "coordinates": [ [ [ 5946475.436319597065449, 9640065.299139089882374 ], [ 5946986.176743349991739, 9707856.864220233634114 ], [ 6014414.800964696332812, 9707383.695758413523436 ], [ 6013867.102061070501804, 9639482.749036006629467 ], [ 5946475.436319597065449, 9640065.299139089882374 ] ] ] } },
{ "type": "Feature", "properties": { "X1": 1.0, "log_hist_precip": -0.81385384052216203, "log_hist_temp": 1.4112344900129508, "lat": 0.47353772416337708, "lon": 2.107457649177038, "latlon": 0.99796069896199535, "log_co2e_ha_2017": 5.1962881234287464, "id_group": 35 }, "geometry": { "type": "Polygon", "coordinates": [ [ [ 6013867.102061070501804, 9639482.749036006629467 ], [ 6014414.800964696332812, 9707383.695758413523436 ], [ 6081843.189043438062072, 9706877.994384754449129 ], [ 6081258.409670135006309, 9638860.145812870934606 ], [ 6013867.102061070501804, 9639482.749036006629467 ] ] ] } },
{ "type": "Feature", "properties": { "X1": 1.0, "log_hist_precip": -0.44377575192905644, "log_hist_temp": 1.313265436046531, "lat": 0.47353772416336593, "lon": 2.1949639600135029, "latlon": 1.0393982382454034, "log_co2e_ha_2017": 5.4488713604842625, "id_group": 35 }, "geometry": { "type": "Polygon", "coordinates": [ [ [ 6081258.409670135937631, 9638860.145812870934606 ], [ 6081843.189043438993394, 9706877.994384754449129 ], [ 6149271.32528312318027, 9706339.760216975584626 ], [ 6148649.335341886617243, 9638197.489689599722624 ], [ 6081258.409670135937631, 9638860.145812870934606 ] ] ] } },
{ "type": "Feature", "properties": { "X1": 1.0, "log_hist_precip": 1.5374820162447287, "log_hist_temp": 1.0040065596472891, "lat": 0.34460471213824739, "lon": -1.5678074059567448, "latlon": -0.54027381981793643, "log_co2e_ha_2017": 6.4709275529536585, "id_group": 24 }, "geometry": { "type": "Polygon", "coordinates": [ [ [ 3184609.73056167177856, 9559686.891224892809987 ], [ 3183402.573304370976985, 9629463.323582192882895 ], [ 3250788.425926875323057, 9630522.966149941086769 ], [ 3251948.563109411858022, 9560945.005959739908576 ], [ 3184609.73056167177856, 9559686.891224892809987 ] ] ] } },
{ "type": "Feature", "properties": { "X1": 1.0, "log_hist_precip": 0.87306605710022356, "log_hist_temp": 1.0151848341726177, "lat": 0.3446047121382369, "lon": -1.4803010951203066, "latlon": -0.51011873276185005, "log_co2e_ha_2017": 6.4415067106065589, "id_group": 24 }, "geometry": { "type": "Polygon", "coordinates": [ [ [ 3251948.563109410461038, 9560945.005959739908576 ], [ 3250788.425926873460412, 9630522.966149941086769 ], [ 3318174.896430512424558, 9631542.55876250565052 ], [ 3319288.267253345809877, 9562155.57086343690753 ], [ 3251948.563109410461038, 9560945.005959739908576 ] ] ] } },
{ "type": "Feature", "properties": { "X1": 1.0, "log_hist_precip": 1.1986617842870033, "log_hist_temp": 0.28150301749508755, "lat": 0.34460471213819571, "lon": -1.392794784283774, "latlon": -0.47996364570569033, "log_co2e_ha_2017": 6.4224739079510993, "id_group": 25 }, "geometry": { "type": "Polygon", "coordinates": [ [ [ 3319288.267253341618925, 9562155.57086343690753 ], [ 3318174.896430508233607, 9631542.55876250565052 ], [ 3385561.961012083105743, 9632522.101059805601835 ], [ 3386628.809417211916298, 9563318.585332373157144 ], [ 3319288.267253341618925, 9562155.57086343690753 ] ] ] } },
{ "type": "Feature", "properties": { "X1": 1.0, "log_hist_precip": 1.3290565730464725, "log_hist_temp": 0.1882207814950313, "lat": 0.34460471213818583, "lon": -1.3052884734471779, "latlon": -0.44980855864955677, "log_co2e_ha_2017": 6.4210798769702349, "id_group": 25 }, "geometry": { "type": "Polygon", "coordinates": [ [ [ 3386628.809417211916298, 9563318.585332373157144 ], [ 3385561.961012083105743, 9632522.101059805601835 ], [ 3452949.59586818376556, 9633461.592695768922567 ], [ 3453970.156024335883558, 9564434.048786647617817 ], [ 3386628.809417211916298, 9563318.585332373157144 ] ] ] } },
{ "type": "Feature", "properties": { "X1": 1.0, "log_hist_precip": 1.333729887158595, "log_hist_temp": 0.3891312986184281, "lat": 0.34460471213820848, "lon": -1.2177821626107173, "latlon": -0.41965347159351118, "log_co2e_ha_2017": 6.3932147635426544, "id_group": 25 }, "geometry": { "type": "Polygon", "coordinates": [ [ [ 3453970.156024334952235, 9564434.048786647617817 ], [ 3452949.595868182368577, 9633461.592695768922567 ], [ 3520337.777195203118026, 9634361.033338572829962 ], [ 3521312.273497636429965, 9565501.960670111700892 ], [ 3453970.156024334952235, 9564434.048786647617817 ] ] ] } },
{ "type": "Feature", "properties": { "X1": 1.0, "log_hist_precip": 1.4800356852226466, "log_hist_temp": 0.52118910060854473, "lat": 0.34460471213818505, "lon": -1.1302758517741109, "latlon": -0.38949838453735941, "log_co2e_ha_2017": 6.3900266053292603, "id_group": 25 }, "geometry": { "type": "Polygon", "coordinates": [ [ [ 3521312.273497635032982, 9565501.960670111700892 ], [ 3520337.777195202186704, 9634361.033338572829962 ], [ 3587726.481189338490367, 9635220.422670496627688 ], [ 3588655.128259648568928, 9566522.320450261235237 ], [ 3521312.273497635032982, 9565501.960670111700892 ] ] ] } },
{ "type": "Feature", "properties": { "X1": 1.0, "log_hist_precip": 1.5751756285305027, "log_hist_temp": 0.76213855603931802, "lat": 0.34460471213821009, "lon": -1.042769540937726, "latlon": -0.35934329748133853, "log_co2e_ha_2017": 6.3727701281427356, "id_group": 26 }, "geometry": { "type": "Polygon", "coordinates": [ [ [ 3588655.128259647171944, 9566522.320450261235237 ], [ 3587726.481189337093383, 9635220.422670496627688 ], [ 3655115.684046603739262, 9636039.760388 ], [ 3655998.686732542701066, 9567495.127618342638016 ], [ 3588655.128259647171944, 9566522.320450261235237 ] ] ] } },
{ "type": "Feature", "properties": { "X1": 1.0, "log_hist_precip": 1.5074807010783382, "log_hist_temp": 0.85321998012600841, "lat": 0.34460471213823074, "lon": -0.95526323010107461, "latlon": -0.32918821042521729, "log_co2e_ha_2017": 6.3379134494717722, "id_group": 26 }, "geometry": { "type": "Polygon", "coordinates": [ [ [ 3655998.686732541769743, 9567495.127618342638016 ], [ 3655115.684046602807939, 9636039.760388 ], [ 3722505.361962839029729, 9636819.046201597899199 ], [ 3723342.915338138584048, 9568420.381689313799143 ], [ 3655998.686732541769743, 9567495.127618342638016 ] ] ] } },
{ "type": "Feature", "properties": { "X1": 1.0, "log_hist_precip": 1.2443162558517626, "log_hist_temp": 0.99885571872824319, "lat": 0.34460471213824084, "lon": -0.86775691926471643, "latlon": -0.29903312336918431, "log_co2e_ha_2017": 6.3329992112704225, "id_group": 26 }, "geometry": { "type": "Polygon", "coordinates": [ [ [ 3723342.915338138584048, 9568420.381689313799143 ], [ 3722505.361962839029729, 9636819.046201597899199 ], [ 3789895.49113371130079, 9637558.279836075380445 ], [ 3790687.780497918836772, 9569298.082201823592186 ], [ 3723342.915338138584048, 9568420.381689313799143 ] ] ] } },
{ "type": "Feature", "properties": { "X1": 1.0, "log_hist_precip": 0.86185552862547965, "log_hist_temp": 1.0705025629109282, "lat": 0.34460471213826516, "lon": -0.78025060842806093, "latlon": -0.26887803631305818, "log_co2e_ha_2017": 6.2944227182924033, "id_group": 26 }, "geometry": { "type": "Polygon", "coordinates": [ [ [ 3790687.780497917439789, 9569298.082201823592186 ], [ 3789895.491133709903806, 9637558.279836075380445 ], [ 3857286.047754729166627, 9638257.46103030629456 ], [ 3858033.248633047565818, 9570128.22871826402843 ], [ 3790687.780497917439789, 9569298.082201823592186 ] ] ] } },
{ "type": "Feature", "properties": { "X1": 1.0, "log_hist_precip": 0.31156193757695855, "log_hist_temp": 1.0326039497041637, "lat": 0.34460471213823002, "lon": -0.69274429759159806, "latlon": -0.238722949256953, "log_co2e_ha_2017": 6.2909284508709975, "id_group": 27 }, "geometry": { "type": "Polygon", "coordinates": [ [ [ 3858033.248633046168834, 9570128.22871826402843 ], [ 3857286.047754727769643, 9638257.46103030629456 ], [ 3924677.008021253626794, 9638916.589537307620049 ], [ 3925379.286164393182844, 9570910.820824675261974 ], [ 3858033.248633046168834, 9570128.22871826402843 ] ] ] } },
{ "type": "Feature", "properties": { "X1": 1.0, "log_hist_precip": 0.37289997863959751, "log_hist_temp": 0.9002474384380571, "lat": 0.3446047121381911, "lon": -0.6052379867551374, "latlon": -0.20856786220085244, "log_co2e_ha_2017": 6.3188083081578581, "id_group": 27 }, "geometry": { "type": "Polygon", "coordinates": [ [ [ 3925379.286164394579828, 9570910.820824675261974 ], [ 3924677.008021255023777, 9638916.589537307620049 ], [ 3992068.348128502257168, 9639535.665124231949449 ], [ 3992725.859512538649142, 9571645.858130872249603 ], [ 3925379.286164394579828, 9570910.820824675261974 ] ] ] } },
{ "type": "Feature", "properties": { "X1": 1.0, "log_hist_precip": 0.84486132941430503, "log_hist_temp": 0.92822677823259647, "lat": 0.3446047121382349, "lon": -0.51773167591848179, "latlon": -0.17841277514473433, "log_co2e_ha_2017": 6.2775553816845484, "id_group": 27 }, "geometry": { "type": "Polygon", "coordinates": [ [ [ 3992725.859512538649142, 9571645.858130872249603 ], [ 3992068.348128502257168, 9639535.665124231949449 ], [ 4059460.044271554332227, 9640114.687572427093983 ], [ 4060072.935097794979811, 9572333.340270375832915 ], [ 3992725.859512538649142, 9571645.858130872249603 ] ] ] } },
{ "type": "Feature", "properties": { "X1": 1.0, "log_hist_precip": 1.2034030578319794, "log_hist_temp": 0.92550572286260668, "lat": 0.3446047121382696, "lon": -0.43022536508209697, "latlon": -0.14825768808869796, "log_co2e_ha_2017": 6.2551743944580309, "id_group": 27 }, "geometry": { "type": "Polygon", "coordinates": [ [ [ 4060072.935097796842456, 9572333.340270375832915 ], [ 4059460.044271556194872, 9640114.687572427093983 ], [ 4126852.072645369917154, 9640653.656677350401878 ], [ 4127420.479340230580419, 9572973.26690036803484 ], [ 4060072.935097796842456, 9572333.340270375832915 ] ] ] } },
{ "type": "Feature", "properties": { "X1": 1.0, "log_hist_precip": 1.0536178865498418, "log_hist_temp": 1.0767315341342671, "lat": 0.3446047121382283, "lon": -0.34271905424544552, "latlon": -0.1181026010325376, "log_co2e_ha_2017": 6.1988397400911683, "id_group": 28 }, "geometry": { "type": "Polygon", "coordinates": [ [ [ 4127420.479340230580419, 9572973.26690036803484 ], [ 4126852.072645369917154, 9640653.656677350401878 ], [ 4194244.409444785676897, 9641152.572248632088304 ], [ 4194768.458659674972296, 9573565.637701790779829 ], [ 4127420.479340230580419, 9572973.26690036803484 ] ] ] } },
{ "type": "Feature", "properties": { "X1": 1.0, "log_hist_precip": 0.51651376364238344, "log_hist_temp": 1.2211066486225184, "lat": 0.34460471213816218, "lon": -0.25521274340902989, "latlon": -0.087947513976459391, "log_co2e_ha_2017": 6.13752710764635, "id_group": 28 }, "geometry": { "type": "Polygon", "coordinates": [ [ [ 4194768.458659674972296, 9573565.637701790779829 ], [ 4194244.409444785676897, 9641152.572248632088304 ], [ 4261637.030864531174302, 9641611.434110030531883 ], [ 4262116.839475738815963, 9574110.452379282563925 ], [ 4194768.458659674972296, 9573565.637701790779829 ] ] ] } },
{ "type": "Feature", "properties": { "X1": 1.0, "log_hist_precip": 0.097472727089778513, "log_hist_temp": 1.2535433030364505, "lat": 0.34460471213810812, "lon": -0.16770643257254966, "latlon": -0.057792426920372515, "log_co2e_ha_2017": 6.0670167557163177, "id_group": 28 }, "geometry": { "type": "Polygon", "coordinates": [ [ [ 4262116.839475738815963, 9574110.452379282563925 ], [ 4261637.030864531174302, 9641611.434110030531883 ], [ 4329029.913099239580333, 9642030.242099458351731 ], [ 4329465.588207839988172, 9574607.710661172866821 ], [ 4262116.839475738815963, 9574110.452379282563925 ] ] ] } },
{ "type": "Feature", "properties": { "X1": 1.0, "log_hist_precip": 0.13858526047925915, "log_hist_temp": 1.3244269555372581, "lat": 0.34460471213811528, "lon": -0.080200121735910526, "latlon": -0.027637339864245249, "log_co2e_ha_2017": 6.1398637422005269, "id_group": 28 }, "geometry": { "type": "Polygon", "coordinates": [ [ [ 4329465.588207839988172, 9574607.710661172866821 ], [ 4329029.913099239580333, 9642030.242099458351731 ], [ 4396423.032343443483114, 9642408.99606897868216 ], [ 4396814.671275204978883, 9575057.412299564108253 ], [ 4329465.588207839988172, 9574607.710661172866821 ] ] ] } },
{ "type": "Feature", "properties": { "X1": 1.0, "log_hist_precip": 0.23586409703164785, "log_hist_temp": 1.5136135010640255, "lat": 0.34460471213812621, "lon": 0.0073061891005717448, "latlon": 0.0025177471918292412, "log_co2e_ha_2017": 6.0506544035254084, "id_group": 29 }, "geometry": { "type": "Polygon", "coordinates": [ [ [ 4396814.671275206841528, 9575057.412299564108253 ], [ 4396423.032343445345759, 9642408.99606897868216 ], [ 4463816.364791601896286, 9642747.69588478282094 ], [ 4464164.055096900090575, 9575459.557070203125477 ], [ 4396814.671275206841528, 9575057.412299564108253 ] ] ] } },
{ "type": "Feature", "properties": { "X1": 1.0, "log_hist_precip": 0.084340332261895412, "log_hist_temp": 1.5404158478670509, "lat": 0.34460471213810195, "lon": 0.094812499936955577, "latlon": 0.032672834247868383, "log_co2e_ha_2017": 6.2478662163503378, "id_group": 29 }, "geometry": { "type": "Polygon", "coordinates": [ [ [ 4464164.055096900090575, 9575459.557070203125477 ], [ 4463816.364791601896286, 9642747.69588478282094 ], [ 4531209.886638089083135, 9643046.341427287086844 ], [ 4531513.706091837026179, 9575814.144772555679083 ], [ 4464164.055096900090575, 9575459.557070203125477 ] ] ] } },
{ "type": "Feature", "properties": { "X1": 1.0, "log_hist_precip": -0.15596425908178999, "log_hist_temp": 1.5431776116356481, "lat": 0.34460471213816918, "lon": 0.18231881077361831, "latlon": 0.062827921304016071, "log_co2e_ha_2017": 6.3447802212918933, "id_group": 29 }, "geometry": { "type": "Polygon", "coordinates": [ [ [ 4531513.706091837957501, 9575814.144772555679083 ], [ 4531209.886638090014458, 9643046.341427287086844 ], [ 4598603.574077219702303, 9643304.932590937241912 ], [ 4598863.590678797103465, 9576121.17522986792028 ], [ 4531513.706091837957501, 9575814.144772555679083 ] ] ] } },
{ "type": "Feature", "properties": { "X1": 1.0, "log_hist_precip": 0.22203697802853387, "log_hist_temp": 1.4038592492133175, "lat": 0.34460471213820443, "lon": 0.26982512161018568, "latlon": 0.09298300836013404, "log_co2e_ha_2017": 6.4375870116162721, "id_group": 29 }, "geometry": { "type": "Polygon", "coordinates": [ [ [ 4598863.590678797103465, 9576121.17522986792028 ], [ 4598603.574077219702303, 9643304.932590937241912 ], [ 4665997.403303245082498, 9643523.469284433871508 ], [ 4666213.675276443362236, 9576380.648289045318961 ], [ 4598863.590678797103465, 9576121.17522986792028 ] ] ] } },
{ "type": "Feature", "properties": { "X1": 1.0, "log_hist_precip": 0.084359869099402934, "log_hist_temp": 1.1663276043903668, "lat": 0.34460471213804511, "lon": 0.35733143244660232, "latlon": 0.1231380954161367, "log_co2e_ha_2017": 6.4665042194192504, "id_group": 30 }, "geometry": { "type": "Polygon", "coordinates": [ [ [ 4666213.675276443362236, 9576380.648289045318961 ], [ 4665997.403303245082498, 9643523.469284433871508 ], [ 4733391.350510369054973, 9643701.951430547982454 ], [ 4733563.926303338259459, 9576592.563820660114288 ], [ 4666213.675276443362236, 9576380.648289045318961 ] ] ] } },
{ "type": "Feature", "properties": { "X1": 1.0, "log_hist_precip": -0.32975881752389291, "log_hist_temp": 0.79910463637846829, "lat": 0.34460471213803484, "lon": 0.4448377432831625, "latlon": 0.15329318247222726, "log_co2e_ha_2017": 6.4731514124081873, "id_group": 30 }, "geometry": { "type": "Polygon", "coordinates": [ [ [ 4733563.926303339190781, 9576592.563820660114288 ], [ 4733391.350510369986296, 9643701.951430547982454 ], [ 4800785.39189275354147, 9643840.378966258838773 ], [ 4800914.310177967883646, 9576756.921719115227461 ], [ 4733563.926303339190781, 9576592.563820660114288 ] ] ] } },
{ "type": "Feature", "properties": { "X1": 1.0, "log_hist_precip": -0.63396959090732252, "log_hist_temp": 0.55752442011542735, "lat": 0.3446047121381321, "lon": 0.53234405411962737, "latlon": 0.1834482695283404, "log_co2e_ha_2017": 6.4201969827719401, "id_group": 30 }, "geometry": { "type": "Polygon", "coordinates": [ [ [ 4800914.310177967883646, 9576756.921719115227461 ], [ 4800785.39189275354147, 9643840.378966258838773 ], [ 4868179.503644525073469, 9643938.751842644065619 ], [ 4868264.793318741954863, 9576873.72190241701901 ], [ 4800914.310177967883646, 9576756.921719115227461 ] ] ] } },
{ "type": "Feature", "properties": { "X1": 1.0, "log_hist_precip": -0.92473242010927392, "log_hist_temp": -0.20263725234564348, "lat": 0.34460471213816635, "lon": 0.61985036495621826, "latlon": 0.21360335658447493, "log_co2e_ha_2017": 6.4513752218774414, "id_group": 30 }, "geometry": { "type": "Polygon", "coordinates": [ [ [ 4868264.793318742886186, 9576873.72190241701901 ], [ 4868179.503644525073469, 9643938.751842644065619 ], [ 4935573.66195978783071, 9643997.070025006309152 ], [ 4935615.342144028283656, 9576942.964312344789505 ], [ 4868264.793318742886186, 9576873.72190241701901 ] ] ] } },
{ "type": "Feature", "properties": { "X1": 1.0, "log_hist_precip": -1.2218714570826192, "log_hist_temp": -0.47325821291602249, "lat": 0.34460471213819355, "lon": 0.70735667579268624, "latlon": 0.24375844364056815, "log_co2e_ha_2017": 6.3374088274040021, "id_group": 31 }, "geometry": { "type": "Polygon", "coordinates": [ [ [ 4935615.342144028283656, 9576942.964312344789505 ], [ 4935573.66195978783071, 9643997.070025006309152 ], [ 5002967.843032628297806, 9644015.333492683246732 ], [ 5002965.923072157427669, 9576964.648914355784655 ], [ 4935615.342144028283656, 9576942.964312344789505 ] ] ] } },
{ "type": "Feature", "properties": { "X1": 1.0, "log_hist_precip": -1.4690393477499468, "log_hist_temp": -0.50586974672830931, "lat": 0.34460471213813454, "lon": 0.79486298662923105, "latlon": 0.27391353069662405, "log_co2e_ha_2017": 6.4302064925884839, "id_group": 31 }, "geometry": { "type": "Polygon", "coordinates": [ [ [ 5002965.923072157427669, 9576964.648914355784655 ], [ 5002967.843032629229128, 9644015.333492683246732 ], [ 5070362.023057126440108, 9643993.54223925806582 ], [ 5070316.502521447837353, 9576938.775697657838464 ], [ 5002965.923072157427669, 9576964.648914355784655 ] ] ] } },
{ "type": "Feature", "properties": { "X1": 1.0, "log_hist_precip": -1.258259554916292, "log_hist_temp": -0.60324636814176202, "lat": 0.34460471213820831, "lon": 0.88236929746572967, "latlon": 0.30406861775277089, "log_co2e_ha_2017": 6.4935109031428935, "id_group": 31 }, "geometry": { "type": "Polygon", "coordinates": [ [ [ 5070316.502521447837353, 9576938.775697657838464 ], [ 5070362.023057126440108, 9643993.54223925806582 ], [ 5137756.178227359429002, 9643931.696272416040301 ], [ 5137667.046910216100514, 9576865.344675149768591 ], [ 5070316.502521447837353, 9576938.775697657838464 ] ] ] } },
{ "type": "Feature", "properties": { "X1": 1.0, "log_hist_precip": -0.53660056595886529, "log_hist_temp": -0.39615335127489143, "lat": 0.34460471213821292, "lon": 0.96987560830227959, "latlon": 0.33422370480888119, "log_co2e_ha_2017": 6.3897287383230932, "id_group": 31 }, "geometry": { "type": "Polygon", "coordinates": [ [ [ 5137667.046910217031837, 9576865.344675149768591 ], [ 5137756.178227360360324, 9643931.696272416040301 ], [ 5205150.284737416543067, 9643829.795614022761583 ], [ 5205017.522656797431409, 9576744.355883453041315 ], [ 5137667.046910217031837, 9576865.344675149768591 ] ] ] } },
{ "type": "Feature", "properties": { "X1": 1.0, "log_hist_precip": 0.16810778545539717, "log_hist_temp": -0.4761870257662339, "lat": 0.34460471213820931, "lon": 1.0573819191388285, "latlon": 0.36437879186498329, "log_co2e_ha_2017": 6.460290062802132, "id_group": 32 }, "geometry": { "type": "Polygon", "coordinates": [ [ [ 5205017.522656797431409, 9576744.355883453041315 ], [ 5205150.284737416543067, 9643829.795614022761583 ], [ 5272544.318781402893364, 9643687.840300066396594 ], [ 5272367.896179560571909, 9576575.809382855892181 ], [ 5205017.522656797431409, 9576744.355883453041315 ] ] ] } },
{ "type": "Feature", "properties": { "X1": 1.0, "log_hist_precip": -0.25748551873765563, "log_hist_temp": -0.27738546184718477, "lat": 0.34460471213826677, "lon": 1.1448882299752186, "latlon": 0.39453387892109992, "log_co2e_ha_2017": 6.4017750926049644, "id_group": 32 }, "geometry": { "type": "Polygon", "coordinates": [ [ [ 5272367.896179560571909, 9576575.809382855892181 ], [ 5272544.318781402893364, 9643687.840300066396594 ], [ 5339938.256553447805345, 9643505.830380668863654 ], [ 5339718.133896924555302, 9576359.705257434397936 ], [ 5272367.896179560571909, 9576575.809382855892181 ] ] ] } },
{ "type": "Feature", "properties": { "X1": 1.0, "log_hist_precip": -0.12591640842302379, "log_hist_temp": 0.15311202562257661, "lat": 0.34460471213828392, "lon": 1.2323945408118187, "latlon": 0.42468896597724937, "log_co2e_ha_2017": 6.4567281498925935, "id_group": 32 }, "geometry": { "type": "Polygon", "coordinates": [ [ [ 5339718.133896925486624, 9576359.705257434397936 ], [ 5339938.256553448736668, 9643505.830380668863654 ], [ 5407332.074247717857361, 9643283.765920121222734 ], [ 5407068.20222737826407, 9576096.043614931404591 ], [ 5339718.133896925486624, 9576359.705257434397936 ] ] ] } },
{ "type": "Feature", "properties": { "X1": 1.0, "log_hist_precip": 0.29808457648591946, "log_hist_temp": 0.59802299359233235, "lat": 0.34460471213819727, "lon": 1.3199008516483892, "latlon": 0.45484405303325459, "log_co2e_ha_2017": 6.417513794408908, "id_group": 32 }, "geometry": { "type": "Polygon", "coordinates": [ [ [ 5407068.20222737826407, 9576096.043614931404591 ], [ 5407332.074247717857361, 9643283.765920121222734 ], [ 5474725.748058418743312, 9643021.646996898576617 ], [ 5474418.067589493468404, 9575784.824586819857359 ], [ 5407068.20222737826407, 9576096.043614931404591 ] ] ] } },
{ "type": "Feature", "properties": { "X1": 1.0, "log_hist_precip": 0.40950927977695462, "log_hist_temp": 0.9754751967980495, "lat": 0.3446047121381014, "lon": 1.4074071624847577, "latlon": 0.48499914008916206, "log_co2e_ha_2017": 6.3038521221316204, "id_group": 33 }, "geometry": { "type": "Polygon", "coordinates": [ [ [ 5474418.067589494399726, 9575784.824586819857359 ], [ 5474725.748058419674635, 9643021.646996898576617 ], [ 5542119.25417981017381, 9642719.473703572526574 ], [ 5541767.696401944383979, 9575426.048328250646591 ], [ 5474418.067589494399726, 9575784.824586819857359 ] ] ] } },
{ "type": "Feature", "properties": { "X1": 1.0, "log_hist_precip": 0.017365369203505433, "log_hist_temp": 0.73470259659477655, "lat": 0.34460471213805449, "lon": 1.4949134733214471, "latlon": 0.51515422714523651, "log_co2e_ha_2017": 6.4127628474528597, "id_group": 33 }, "geometry": { "type": "Polygon", "coordinates": [ [ [ 5541767.696401944383979, 9575426.048328250646591 ], [ 5542119.25417981017381, 9642719.473703572526574 ], [ 5609512.568806205876172, 9642377.246146868914366 ], [ 5609117.055083519779146, 9575019.715018110349774 ], [ 5541767.696401944383979, 9575426.048328250646591 ] ] ] } },
{ "type": "Feature", "properties": { "X1": 1.0, "log_hist_precip": -0.41170242827677128, "log_hist_temp": 0.3878207312777614, "lat": 0.34460471213810379, "lon": 1.5824197841578533, "latlon": 0.54530931420135742, "log_co2e_ha_2017": 6.4485476751318771, "id_group": 33 }, "geometry": { "type": "Polygon", "coordinates": [ [ [ 5609117.055083520710468, 9575019.715018110349774 ], [ 5609512.568806207738817, 9642377.246146868914366 ], [ 5676905.668131995014846, 9641994.964447693899274 ], [ 5676466.110053148120642, 9574565.824859054759145 ], [ 5609117.055083520710468, 9575019.715018110349774 ] ] ] } },
{ "type": "Feature", "properties": { "X1": 1.0, "log_hist_precip": -0.79034093988387211, "log_hist_temp": 0.12441101784056473, "lat": 0.34460471213817845, "lon": 1.6699260949944752, "latlon": 0.57546440125760356, "log_co2e_ha_2017": 6.2424093067002371, "id_group": 33 }, "geometry": { "type": "Polygon", "coordinates": [ [ [ 5676466.110053148120642, 9574565.824859054759145 ], [ 5676905.668131995014846, 9641994.964447693899274 ], [ 5744298.528351635672152, 9641572.62874105386436 ], [ 5743814.827729905024171, 9574064.378077337518334 ], [ 5676466.110053148120642, 9574565.824859054759145 ] ] ] } },
{ "type": "Feature", "properties": { "X1": 1.0, "log_hist_precip": -1.0948436778888797, "log_hist_temp": 0.20470101108625063, "lat": 0.34460471213810029, "lon": 1.7574324058308599, "latlon": 0.60561948831351253, "log_co2e_ha_2017": 6.2359459527996002, "id_group": 34 }, "geometry": { "type": "Polygon", "coordinates": [ [ [ 5743814.827729905024171, 9574064.378077337518334 ], [ 5744298.528351635672152, 9641572.62874105386436 ], [ 5811691.125659672543406, 9641110.239176178351045 ], [ 5811163.174533037468791, 9573515.374923003837466 ], [ 5743814.827729905024171, 9574064.378077337518334 ] ] ] } },
{ "type": "Feature", "properties": { "X1": 1.0, "log_hist_precip": -1.1645257722904152, "log_hist_temp": 0.2081143534303744, "lat": 0.34460471213810945, "lon": 1.8449387166675195, "latlon": 0.63577457536966364, "log_co2e_ha_2017": 6.3907830255552325, "id_group": 34 }, "geometry": { "type": "Polygon", "coordinates": [ [ [ 5811163.174533040262759, 9573515.374923003837466 ], [ 5811691.125659674406052, 9641110.239176178351045 ], [ 5879083.436250748112798, 9640607.795916352421045 ], [ 5878511.116881977766752, 9572918.815669810399413 ], [ 5811163.174533040262759, 9573515.374923003837466 ] ] ] } },
{ "type": "Feature", "properties": { "X1": 1.0, "log_hist_precip": -1.0655049542350674, "log_hist_temp": 0.81595683709646438, "lat": 0.34460471213815136, "lon": 1.932445027503884, "latlon": 0.66592966242577789, "log_co2e_ha_2017": 5.8880696908678285, "id_group": 34 }, "geometry": { "type": "Polygon", "coordinates": [ [ [ 5878511.116881977766752, 9572918.815669810399413 ], [ 5879083.436250748112798, 9640607.795916352421045 ], [ 5946475.436319597065449, 9640065.299139089882374 ], [ 5945858.621196353808045, 9572274.700615195557475 ], [ 5878511.116881977766752, 9572918.815669810399413 ] ] ] } },
{ "type": "Feature", "properties": { "X1": 1.0, "log_hist_precip": -0.86691228864463965, "log_hist_temp": 1.3644129937226412, "lat": 0.34460471213814126, "lon": 2.0199513383404502, "latlon": 0.69608474948186405, "log_co2e_ha_2017": 5.1580834818396966, "id_group": 34 }, "geometry": { "type": "Polygon", "coordinates": [ [ [ 5945858.621196354739368, 9572274.700615195557475 ], [ 5946475.436319597065449, 9640065.299139089882374 ], [ 6013867.102061070501804, 9639482.749036006629467 ], [ 6013205.653896018862724, 9571583.030080329626799 ], [ 5945858.621196354739368, 9572274.700615195557475 ] ] ] } },
{ "type": "Feature", "properties": { "X1": 1.0, "log_hist_precip": -1.2504565107270726, "log_hist_temp": 1.6762530035222825, "lat": 0.3446047121381231, "lon": 2.1074576491770496, "latlon": 0.72623983653794277, "log_co2e_ha_2017": 5.1926639130523595, "id_group": 35 }, "geometry": { "type": "Polygon", "coordinates": [ [ [ 6013205.653896018862724, 9571583.030080329626799 ], [ 6013867.102061070501804, 9639482.749036006629467 ], [ 6081258.409670135006309, 9638860.145812870934606 ], [ 6080552.181401057168841, 9570843.804410068318248 ], [ 6013205.653896018862724, 9571583.030080329626799 ] ] ] } },
{ "type": "Feature", "properties": { "X1": 1.0, "log_hist_precip": -0.49285192743295114, "log_hist_temp": 1.5433569879307332, "lat": 0.34460471213808713, "lon": 2.1949639600135153, "latlon": 0.75639492359393323, "log_co2e_ha_2017": 5.5239675774859016, "id_group": 35 }, "geometry": { "type": "Polygon", "coordinates": [ [ [ 6080552.181401058100164, 9570843.804410068318248 ], [ 6081258.409670135937631, 9638860.145812870934606 ], [ 6148649.335341886617243, 9638197.489689599722624 ], [ 6147898.170131808146834, 9570057.023972995579243 ], [ 6080552.181401058100164, 9570843.804410068318248 ] ] ] } },
{ "type": "Feature", "properties": { "X1": 1.0, "log_hist_precip": 1.3131924196264584, "log_hist_temp": 0.6338322918056819, "lat": 0.21567170637258273, "lon": -1.7428200276297974, "latlon": -0.3758769692592302, "log_co2e_ha_2017": 6.5281374439300484, "id_group": 24 }, "geometry": { "type": "Polygon", "coordinates": [ [ [ 3051460.496582522056997, 9486840.181546853855252 ], [ 3049934.814557625446469, 9557028.014794655144215 ], [ 3117271.803185952827334, 9558381.227286200970411 ], [ 3118741.76443304028362, 9488406.248361360281706 ], [ 3051460.496582522056997, 9486840.181546853855252 ] ] ] } },
{ "type": "Feature", "properties": { "X1": 1.0, "log_hist_precip": 1.3668618692554872, "log_hist_temp": 0.80624835510732118, "lat": 0.21567170637263883, "lon": -1.6553137167933327, "latlon": -0.35700433388285308, "log_co2e_ha_2017": 6.5148189756415054, "id_group": 24 }, "geometry": { "type": "Polygon", "coordinates": [ [ [ 3118741.76443304028362, 9488406.248361360281706 ], [ 3117271.803185952827334, 9558381.227286200970411 ], [ 3184609.730561673641205, 9559686.891224892809987 ], [ 3186024.290563371032476, 9489917.289843851700425 ], [ 3118741.76443304028362, 9488406.248361360281706 ] ] ] } },
{ "type": "Feature", "properties": { "X1": 1.0, "log_hist_precip": 1.4489122262127418, "log_hist_temp": 0.95581250658035222, "lat": 0.21567170637256441, "lon": -1.5678074059567182, "latlon": -0.33813169850622921, "log_co2e_ha_2017": 6.4929208340018087, "id_group": 24 }, "geometry": { "type": "Polygon", "coordinates": [ [ [ 3186024.290563369635493, 9489917.289843851700425 ], [ 3184609.73056167177856, 9559686.891224892809987 ], [ 3251948.563109411858022, 9560945.005959739908576 ], [ 3253308.029971589334309, 9491373.304983664304018 ], [ 3186024.290563369635493, 9489917.289843851700425 ] ] ] } },
{ "type": "Feature", "properties": { "X1": 1.0, "log_hist_precip": 0.83589624849501254, "log_hist_temp": 0.87886550631347071, "lat": 0.21567170637258462, "lon": -1.4803010951203373, "latlon": -0.31925906312980884, "log_co2e_ha_2017": 6.4712017878676349, "id_group": 24 }, "geometry": { "type": "Polygon", "coordinates": [ [ [ 3253308.029971587471664, 9491373.304983664304018 ], [ 3251948.563109410461038, 9560945.005959739908576 ], [ 3319288.267253345809877, 9562155.57086343690753 ], [ 3320592.93765495531261, 9492774.292806919664145 ], [ 3253308.029971587471664, 9491373.304983664304018 ] ] ] } },
{ "type": "Feature", "properties": { "X1": 1.0, "log_hist_precip": 0.89306415691524688, "log_hist_temp": 0.31043606506381721, "lat": 0.21567170637267358, "lon": -1.3927947842837496, "latlon": -0.3003864277534361, "log_co2e_ha_2017": 6.480296652176297, "id_group": 25 }, "geometry": { "type": "Polygon", "coordinates": [ [ [ 3320592.937654954381287, 9492774.29280692152679 ], [ 3319288.267253341618925, 9562155.57086343690753 ], [ 3386628.809417211916298, 9563318.585332373157144 ], [ 3387878.968609957955778, 9494120.252376580610871 ], [ 3320592.937654954381287, 9492774.29280692152679 ] ] ] } },
{ "type": "Feature", "properties": { "X1": 1.0, "log_hist_precip": 1.0711944991047651, "log_hist_temp": 0.22018566582338414, "lat": 0.2156717063726358, "lon": -1.3052884734471759, "latlon": -0.28151379237688534, "log_co2e_ha_2017": 6.4280821937199173, "id_group": 25 }, "geometry": { "type": "Polygon", "coordinates": [ [ [ 3387878.968609957955778, 9494120.252376580610871 ], [ 3386628.809417211916298, 9563318.585332373157144 ], [ 3453970.156024335883558, 9564434.048786647617817 ], [ 3455166.077832319308072, 9495411.182792399078608 ], [ 3387878.968609957955778, 9494120.252376580610871 ] ] ] } },
{ "type": "Feature", "properties": { "X1": 1.0, "log_hist_precip": 1.1273354464459187, "log_hist_temp": 0.41801004536533148, "lat": 0.21567170637263183, "lon": -1.2177821626107295, "latlon": -0.26264115700040985, "log_co2e_ha_2017": 6.3881005830153113, "id_group": 25 }, "geometry": { "type": "Polygon", "coordinates": [ [ [ 3455166.077832317911088, 9495411.182792399078608 ], [ 3453970.156024334952235, 9564434.048786647617817 ], [ 3521312.273497636429965, 9565501.960670111700892 ], [ 3522454.220317049883306, 9496647.083190938457847 ], [ 3455166.077832317911088, 9495411.182792399078608 ] ] ] } },
{ "type": "Feature", "properties": { "X1": 1.0, "log_hist_precip": 1.2003603428569851, "log_hist_temp": 0.49838844705162494, "lat": 0.2156717063726632, "lon": -1.1302758517740965, "latlon": -0.24376852162393473, "log_co2e_ha_2017": 6.4055219614477474, "id_group": 25 }, "geometry": { "type": "Polygon", "coordinates": [ [ [ 3522454.220317048020661, 9496647.083190938457847 ], [ 3521312.273497635032982, 9565501.960670111700892 ], [ 3588655.128259648568928, 9566522.320450261235237 ], [ 3589743.351058464497328, 9497827.952745575457811 ], [ 3522454.220317048020661, 9496647.083190938457847 ] ] ] } },
{ "type": "Feature", "properties": { "X1": 1.0, "log_hist_precip": 1.2272278038528437, "log_hist_temp": 0.69303744745352847, "lat": 0.21567170637263147, "lon": -1.0427695409377404, "latlon": -0.22489588624744808, "log_co2e_ha_2017": 6.3893101157256709, "id_group": 26 }, "geometry": { "type": "Polygon", "coordinates": [ [ [ 3589743.351058463566005, 9497827.952745575457811 ], [ 3588655.128259647171944, 9566522.320450261235237 ], [ 3655998.686732542701066, 9567495.127618342638016 ], [ 3657033.425050221849233, 9498953.790666460990906 ], [ 3589743.351058463566005, 9497827.952745575457811 ] ] ] } },
{ "type": "Feature", "properties": { "X1": 1.0, "log_hist_precip": 0.97918577734777812, "log_hist_temp": 0.74745440646846584, "lat": 0.21567170637258426, "lon": -0.95526323010104797, "latlon": -0.20602325087087961, "log_co2e_ha_2017": 6.3799093947941046, "id_group": 26 }, "geometry": { "type": "Polygon", "coordinates": [ [ [ 3657033.425050220452249, 9498953.790666460990906 ], [ 3655998.686732541769743, 9567495.127618342638016 ], [ 3723342.915338138584048, 9568420.381689313799143 ], [ 3724324.397285348270088, 9500024.596200605854392 ], [ 3657033.425050220452249, 9498953.790666460990906 ] ] ] } },
{ "type": "Feature", "properties": { "X1": 1.0, "log_hist_precip": 0.46110501702513151, "log_hist_temp": 0.90540700952583286, "lat": 0.21567170637253646, "lon": -0.86775691926471854, "latlon": -0.18715061549439721, "log_co2e_ha_2017": 6.3568433501549526, "id_group": 26 }, "geometry": { "type": "Polygon", "coordinates": [ [ [ 3724324.397285348270088, 9500024.596200605854392 ], [ 3723342.915338138584048, 9568420.381689313799143 ], [ 3790687.780497918836772, 9569298.082201823592186 ], [ 3791616.222756266593933, 9501040.368631783872843 ], [ 3724324.397285348270088, 9500024.596200605854392 ] ] ] } },
{ "type": "Feature", "properties": { "X1": 1.0, "log_hist_precip": 0.31345275783268634, "log_hist_temp": 0.89884391533773011, "lat": 0.2156717063726207, "lon": -0.78025060842821259, "latlon": -0.16827798011798811, "log_co2e_ha_2017": 6.3223501358101206, "id_group": 26 }, "geometry": { "type": "Polygon", "coordinates": [ [ [ 3791616.222756265662611, 9501040.368631783872843 ], [ 3790687.780497917439789, 9569298.082201823592186 ], [ 3858033.248633047565818, 9570128.22871826402843 ], [ 3858908.85645482968539, 9502001.107280591502786 ], [ 3791616.222756265662611, 9501040.368631783872843 ] ] ] } },
{ "type": "Feature", "properties": { "X1": 1.0, "log_hist_precip": -0.0078999521274441542, "log_hist_temp": 0.900287974639013, "lat": 0.21567170637269076, "lon": -0.69274429759146583, "latlon": -0.14940534474150252, "log_co2e_ha_2017": 6.3163832787772298, "id_group": 27 }, "geometry": { "type": "Polygon", "coordinates": [ [ [ 3858908.856454827822745, 9502001.107280591502786 ], [ 3858033.248633046168834, 9570128.22871826402843 ], [ 3925379.286164393182844, 9570910.820824675261974 ], [ 3926202.253372351638973, 9502906.811504472047091 ], [ 3858908.856454827822745, 9502001.107280591502786 ] ] ] } },
{ "type": "Feature", "properties": { "X1": 1.0, "log_hist_precip": 0.16547048203176559, "log_hist_temp": 0.89882961897041302, "lat": 0.21567170637259539, "lon": -0.60523798675509533, "latlon": -0.13053270936498571, "log_co2e_ha_2017": 6.3108023902082913, "id_group": 27 }, "geometry": { "type": "Polygon", "coordinates": [ [ [ 3926202.253372352570295, 9502906.811504472047091 ], [ 3925379.286164394579828, 9570910.820824675261974 ], [ 3992725.859512538649142, 9571645.858130872249603 ], [ 3993496.368499637115747, 9503757.48069760389626 ], [ 3926202.253372352570295, 9502906.811504472047091 ] ] ] } },
{ "type": "Feature", "properties": { "X1": 1.0, "log_hist_precip": 0.73537375863887922, "log_hist_temp": 0.90448272322403855, "lat": 0.21567170637260294, "lon": -0.51773167591855362, "latlon": -0.11166007398850192, "log_co2e_ha_2017": 6.2932314660895061, "id_group": 27 }, "geometry": { "type": "Polygon", "coordinates": [ [ [ 3993496.368499637115747, 9503757.48069760389626 ], [ 3992725.859512538649142, 9571645.858130872249603 ], [ 4060072.935097794979811, 9572333.340270375832915 ], [ 4060791.156827005092055, 9504553.114291027188301 ], [ 3993496.368499637115747, 9503757.48069760389626 ] ] ] } },
{ "type": "Feature", "properties": { "X1": 1.0, "log_hist_precip": 1.0714925078125281, "log_hist_temp": 1.153750280342005, "lat": 0.21567170637265243, "lon": -0.43022536508207848, "latlon": -0.092787438612049217, "log_co2e_ha_2017": 6.1941911175010098, "id_group": 27 }, "geometry": { "type": "Polygon", "coordinates": [ [ [ 4060791.156827006489038, 9504553.114291027188301 ], [ 4060072.935097796842456, 9572333.340270375832915 ], [ 4127420.479340230580419, 9572973.26690036803484 ], [ 4128086.573344331234694, 9505293.711752589792013 ], [ 4060791.156827006489038, 9504553.114291027188301 ] ] ] } },
{ "type": "Feature", "properties": { "X1": 1.0, "log_hist_precip": 0.89884836270795587, "log_hist_temp": 1.2244964115694108, "lat": 0.21567170637267868, "lon": -0.34271905424545573, "latlon": -0.073914803235548068, "log_co2e_ha_2017": 6.1893508039229141, "id_group": 28 }, "geometry": { "type": "Polygon", "coordinates": [ [ [ 4128086.573344331234694, 9505293.711752589792013 ], [ 4127420.479340230580419, 9572973.26690036803484 ], [ 4194768.458659674972296, 9573565.637701790779829 ], [ 4195382.573041065596044, 9505979.272586951032281 ], [ 4128086.573344331234694, 9505293.711752589792013 ] ] ] } },
{ "type": "Feature", "properties": { "X1": 1.0, "log_hist_precip": 0.53740602865164744, "log_hist_temp": 1.2556476168872193, "lat": 0.21567170637272043, "lon": -0.25521274340899913, "latlon": -0.0550421678590821, "log_co2e_ha_2017": 6.2121783577142464, "id_group": 28 }, "geometry": { "type": "Polygon", "coordinates": [ [ [ 4195382.573041065596044, 9505979.272586951032281 ], [ 4194768.458659674972296, 9573565.637701790779829 ], [ 4262116.839475738815963, 9574110.452379282563925 ], [ 4262679.110906269401312, 9506609.796335566788912 ], [ 4195382.573041065596044, 9505979.272586951032281 ] ] ] } },
{ "type": "Feature", "properties": { "X1": 1.0, "log_hist_precip": 0.17977933197317439, "log_hist_temp": 1.3271547859308799, "lat": 0.2156717063727342, "lon": -0.16770643257256096, "latlon": -0.03616953248260811, "log_co2e_ha_2017": 6.1906742761288189, "id_group": 28 }, "geometry": { "type": "Polygon", "coordinates": [ [ [ 4262679.110906269401312, 9506609.796335566788912 ], [ 4262116.839475738815963, 9574110.452379282563925 ], [ 4329465.588207839988172, 9574607.710661172866821 ], [ 4329976.141928645782173, 9507185.282576695084572 ], [ 4262679.110906269401312, 9506609.796335566788912 ] ] ] } },
{ "type": "Feature", "properties": { "X1": 1.0, "log_hist_precip": -0.1135498184047086, "log_hist_temp": 1.387958053951944, "lat": 0.2156717063727514, "lon": -0.080200121735921795, "latlon": -0.017296897106088643, "log_co2e_ha_2017": 6.2297698043838787, "id_group": 28 }, "geometry": { "type": "Polygon", "coordinates": [ [ [ 4329976.141928645782173, 9507185.282576695084572 ], [ 4329465.588207839988172, 9574607.710661172866821 ], [ 4396814.671275204978883, 9575057.412299564108253 ], [ 4397273.621096565388143, 9507705.730925461277366 ], [ 4329976.141928645782173, 9507185.282576695084572 ] ] ] } },
{ "type": "Feature", "properties": { "X1": 1.0, "log_hist_precip": 0.056579478677479977, "log_hist_temp": 1.4674893271482268, "lat": 0.21567170637279406, "lon": 0.0073061891005553386, "latlon": 0.0015757382703990794, "log_co2e_ha_2017": 6.3197220585911857, "id_group": 29 }, "geometry": { "type": "Polygon", "coordinates": [ [ [ 4397273.621096566319466, 9507705.730925461277366 ], [ 4396814.671275206841528, 9575057.412299564108253 ], [ 4464164.055096900090575, 9575459.557070203125477 ], [ 4464571.503398102708161, 9508171.14103371091187 ], [ 4397273.621096566319466, 9507705.730925461277366 ] ] ] } },
{ "type": "Feature", "properties": { "X1": 1.0, "log_hist_precip": 0.31047895462231373, "log_hist_temp": 1.48279899076513, "lat": 0.21567170637276895, "lon": 0.094812499937081698, "latlon": 0.020448373646898457, "log_co2e_ha_2017": 6.4114520487237989, "id_group": 29 }, "geometry": { "type": "Polygon", "coordinates": [ [ [ 4464571.503398102708161, 9508171.14103371091187 ], [ 4464164.055096900090575, 9575459.557070203125477 ], [ 4531513.706091837026179, 9575814.144772555679083 ], [ 4531869.743821058422327, 9508581.512590188533068 ], [ 4464571.503398102708161, 9508171.14103371091187 ] ] ] } },
{ "type": "Feature", "properties": { "X1": 1.0, "log_hist_precip": 0.37817517922475685, "log_hist_temp": 1.4195533632314945, "lat": 0.21567170637256688, "lon": 0.18231881077357012, "latlon": 0.039321009023352997, "log_co2e_ha_2017": 6.4599987510876709, "id_group": 29 }, "geometry": { "type": "Polygon", "coordinates": [ [ [ 4531869.743821060284972, 9508581.512590188533068 ], [ 4531513.706091837957501, 9575814.144772555679083 ], [ 4598863.590678797103465, 9576121.17522986792028 ], [ 4599168.297352997586131, 9508936.845320422202349 ], [ 4531869.743821060284972, 9508581.512590188533068 ] ] ] } },
{ "type": "Feature", "properties": { "X1": 1.0, "log_hist_precip": 0.40640625761009402, "log_hist_temp": 1.270872658238321, "lat": 0.21567170637259314, "lon": 0.26982512161011696, "latlon": 0.058193644399846381, "log_co2e_ha_2017": 6.4864481225307387, "id_group": 29 }, "geometry": { "type": "Polygon", "coordinates": [ [ [ 4599168.297352997586131, 9508936.845320422202349 ], [ 4598863.590678797103465, 9576121.17522986792028 ], [ 4666213.675276443362236, 9576380.648289045318961 ], [ 4666467.118981272913516, 9509237.138986710458994 ], [ 4599168.297352997586131, 9508936.845320422202349 ] ] ] } },
{ "type": "Feature", "properties": { "X1": 1.0, "log_hist_precip": 0.11194196644258901, "log_hist_temp": 0.9621314262423003, "lat": 0.21567170637277178, "lon": 0.35733143244665566, "latlon": 0.077066279776397059, "log_co2e_ha_2017": 6.5233080081698702, "id_group": 30 }, "geometry": { "type": "Polygon", "coordinates": [ [ [ 4666467.118981272913516, 9509237.138986710458994 ], [ 4666213.675276443362236, 9576380.648289045318961 ], [ 4733563.926303338259459, 9576592.563820660114288 ], [ 4733766.163693057373166, 9509482.3933882471174 ], [ 4666467.118981272913516, 9509237.138986710458994 ] ] ] } },
{ "type": "Feature", "properties": { "X1": 1.0, "log_hist_precip": -0.3006053951937025, "log_hist_temp": 0.93348817302182729, "lat": 0.21567170637275782, "lon": 0.44483774328316972, "latlon": 0.095938915152887994, "log_co2e_ha_2017": 6.3870073404314294, "id_group": 30 }, "geometry": { "type": "Polygon", "coordinates": [ [ [ 4733766.163693059235811, 9509482.3933882471174 ], [ 4733563.926303339190781, 9576592.563820660114288 ], [ 4800914.310177967883646, 9576756.921719115227461 ], [ 4801065.386475380510092, 9509672.608360961079597 ], [ 4733766.163693059235811, 9509482.3933882471174 ] ] ] } },
{ "type": "Feature", "properties": { "X1": 1.0, "log_hist_precip": -0.39570780383269422, "log_hist_temp": 0.58032592674460037, "lat": 0.21567170637264732, "lon": 0.53234405411963559, "latlon": 0.11481155052931472, "log_co2e_ha_2017": 6.3591161414358828, "id_group": 30 }, "geometry": { "type": "Polygon", "coordinates": [ [ [ 4801065.386475380510092, 9509672.608360961079597 ], [ 4800914.310177967883646, 9576756.921719115227461 ], [ 4868264.793318741954863, 9576873.72190241701901 ], [ 4868364.742315143346786, 9509807.783777656033635 ], [ 4801065.386475380510092, 9509672.608360961079597 ] ] ] } },
{ "type": "Feature", "properties": { "X1": 1.0, "log_hist_precip": -0.70736695802153882, "log_hist_temp": -0.32351789276014692, "lat": 0.2156717063726154, "lon": 0.61985036495618751, "latlon": 0.13368418590578937, "log_co2e_ha_2017": 6.4650219806862514, "id_group": 30 }, "geometry": { "type": "Polygon", "coordinates": [ [ [ 4868364.742315144278109, 9509807.783777656033635 ], [ 4868264.793318742886186, 9576873.72190241701901 ], [ 4935615.342144028283656, 9576942.964312344789505 ], [ 4935664.186199166812003, 9509887.919547887519002 ], [ 4868364.742315144278109, 9509807.783777656033635 ] ] ] } },
{ "type": "Feature", "properties": { "X1": 1.0, "log_hist_precip": -1.1216324459016977, "log_hist_temp": -0.94590295836414062, "lat": 0.21567170637262428, "lon": 0.70735667579268724, "latlon": 0.15255682128227604, "log_co2e_ha_2017": 6.4754917506722522, "id_group": 31 }, "geometry": { "type": "Polygon", "coordinates": [ [ [ 4935664.186199166812003, 9509887.919547887519002 ], [ 4935615.342144028283656, 9576942.964312344789505 ], [ 5002965.923072157427669, 9576964.648914355784655 ], [ 5002963.673114206641912, 9509913.015618070960045 ], [ 4935664.186199166812003, 9509887.919547887519002 ] ] ] } },
{ "type": "Feature", "properties": { "X1": 1.0, "log_hist_precip": -1.4137499730865339, "log_hist_temp": -0.71878067345848029, "lat": 0.21567170637266092, "lon": 0.79486298662923616, "latlon": 0.17142945665879691, "log_co2e_ha_2017": 6.4309499994388881, "id_group": 31 }, "geometry": { "type": "Polygon", "coordinates": [ [ [ 5002963.673114206641912, 9509913.015618070960045 ], [ 5002965.923072157427669, 9576964.648914355784655 ], [ 5070316.502521447837353, 9576938.775697657838464 ], [ 5070263.158046994358301, 9509883.071971423923969 ], [ 5002963.673114206641912, 9509913.015618070960045 ] ] ] } },
{ "type": "Feature", "properties": { "X1": 1.0, "log_hist_precip": -1.3632756594219375, "log_hist_temp": -0.79181284880343505, "lat": 0.21567170637264696, "lon": 0.88236929746568249, "latlon": 0.19030209203525744, "log_co2e_ha_2017": 6.500769998564679, "id_group": 31 }, "geometry": { "type": "Polygon", "coordinates": [ [ [ 5070263.158046994358301, 9509883.071971423923969 ], [ 5070316.502521447837353, 9576938.775697657838464 ], [ 5137667.046910216100514, 9576865.344675149768591 ], [ 5137562.595984258688986, 9509798.088627975434065 ], [ 5070263.158046994358301, 9509883.071971423923969 ] ] ] } },
{ "type": "Feature", "properties": { "X1": 1.0, "log_hist_precip": -0.63600923787562103, "log_hist_temp": -1.0616259657788634, "lat": 0.21567170637263014, "lon": 0.96987560830227659, "latlon": 0.20917472741174464, "log_co2e_ha_2017": 6.5874462319385012, "id_group": 31 }, "geometry": { "type": "Polygon", "coordinates": [ [ [ 5137562.595984259620309, 9509798.088627975434065 ], [ 5137667.046910217031837, 9576865.344675149768591 ], [ 5205017.522656797431409, 9576744.355883453041315 ], [ 5204861.941912762820721, 9509658.065644567832351 ], [ 5137562.595984259620309, 9509798.088627975434065 ] ] ] } },
{ "type": "Feature", "properties": { "X1": 1.0, "log_hist_precip": 0.065583780125996846, "log_hist_temp": -1.4256949166143016, "lat": 0.21567170637264244, "lon": 1.0573819191388276, "latlon": 0.22804736278825039, "log_co2e_ha_2017": 6.6216997623746758, "id_group": 32 }, "geometry": { "type": "Polygon", "coordinates": [ [ [ 5204861.941912762820721, 9509658.065644567832351 ], [ 5205017.522656797431409, 9576744.355883453041315 ], [ 5272367.896179560571909, 9576575.809382855892181 ], [ 5272161.150819331407547, 9509463.003114856779575 ], [ 5204861.941912762820721, 9509658.065644567832351 ] ] ] } },
{ "type": "Feature", "properties": { "X1": 1.0, "log_hist_precip": -0.50828275768717779, "log_hist_temp": -0.91131337530036161, "lat": 0.2156717063726005, "lon": 1.144888229975199, "latlon": 0.24691999816465743, "log_co2e_ha_2017": 6.5736600965844607, "id_group": 32 }, "geometry": { "type": "Polygon", "coordinates": [ [ [ 5272161.150819331407547, 9509463.003114856779575 ], [ 5272367.896179560571909, 9576575.809382855892181 ], [ 5339718.133896924555302, 9576359.705257434397936 ], [ 5339460.177690878510475, 9509212.901169283315539 ], [ 5272161.150819331407547, 9509463.003114856779575 ] ] ] } },
{ "type": "Feature", "properties": { "X1": 1.0, "log_hist_precip": -0.64548770241954923, "log_hist_temp": -0.15884830797927185, "lat": 0.21567170637261807, "lon": 1.2323945408118311, "latlon": 0.26579263354118671, "log_co2e_ha_2017": 6.4442306158341109, "id_group": 32 }, "geometry": { "type": "Polygon", "coordinates": [ [ [ 5339460.177690878510475, 9509212.901169283315539 ], [ 5339718.133896925486624, 9576359.705257434397936 ], [ 5407068.20222737826407, 9576096.043614931404591 ], [ 5406758.977514441125095, 9508907.759975159540772 ], [ 5339460.177690878510475, 9509212.901169283315539 ] ] ] } },
{ "type": "Feature", "properties": { "X1": 1.0, "log_hist_precip": -0.27917807095273789, "log_hist_temp": 0.60690282127332951, "lat": 0.2156717063726358, "lon": 1.3199008516484354, "latlon": 0.28466526891771327, "log_co2e_ha_2017": 6.2523518115048446, "id_group": 32 }, "geometry": { "type": "Polygon", "coordinates": [ [ [ 5406758.977514441125095, 9508907.759975159540772 ], [ 5407068.20222737826407, 9576096.043614931404591 ], [ 5474418.067589493468404, 9575784.824586819857359 ], [ 5474057.505277209915221, 9508547.579736575484276 ], [ 5406758.977514441125095, 9508907.759975159540772 ] ] ] } },
{ "type": "Feature", "properties": { "X1": 1.0, "log_hist_precip": -0.14888200511523225, "log_hist_temp": 0.99485686439859622, "lat": 0.21567170637265962, "lon": 1.4074071624847688, "latlon": 0.30353790429419308, "log_co2e_ha_2017": 5.9772301500857488, "id_group": 33 }, "geometry": { "type": "Polygon", "coordinates": [ [ [ 5474057.505277210846543, 9508547.579736575484276 ], [ 5474418.067589494399726, 9575784.824586819857359 ], [ 5541767.696401944383979, 9575426.048328250646591 ], [ 5541355.715966555289924, 9508132.360694421455264 ], [ 5474057.505277210846543, 9508547.579736575484276 ] ] ] } },
{ "type": "Feature", "properties": { "X1": 1.0, "log_hist_precip": -0.44106940359060859, "log_hist_temp": 0.69692064310365176, "lat": 0.2156717063727244, "lon": 1.4949134733214122, "latlon": 0.32241053967080519, "log_co2e_ha_2017": 6.3989045192858498, "id_group": 33 }, "geometry": { "type": "Polygon", "coordinates": [ [ [ 5541355.715966555289924, 9508132.360694421455264 ], [ 5541767.696401944383979, 9575426.048328250646591 ], [ 5609117.055083519779146, 9575019.715018110349774 ], [ 5608653.564570058137178, 9507662.103126429021358 ], [ 5541355.715966555289924, 9508132.360694421455264 ] ] ] } },
{ "type": "Feature", "properties": { "X1": 1.0, "log_hist_precip": -0.84756181048174251, "log_hist_temp": 0.21499775291642281, "lat": 0.21567170637270702, "lon": 1.5824197841578647, "latlon": 0.34128317504725741, "log_co2e_ha_2017": 6.3453784311056829, "id_group": 33 }, "geometry": { "type": "Polygon", "coordinates": [ [ [ 5608653.564570059999824, 9507662.103126429021358 ], [ 5609117.055083520710468, 9575019.715018110349774 ], [ 5676466.110053148120642, 9574565.824859054759145 ], [ 5675951.006075547076762, 9507136.807347120717168 ], [ 5608653.564570059999824, 9507662.103126429021358 ] ] ] } },
{ "type": "Feature", "properties": { "X1": 1.0, "log_hist_precip": -1.282430118649559, "log_hist_temp": 0.0032897440186148599, "lat": 0.21567170637265715, "lon": 1.6699260949944537, "latlon": 0.36015581042368178, "log_co2e_ha_2017": 5.99836702667975, "id_group": 33 }, "geometry": { "type": "Polygon", "coordinates": [ [ [ 5675951.006075547076762, 9507136.807347120717168 ], [ 5676466.110053148120642, 9574565.824859054759145 ], [ 5743814.827729905024171, 9574064.378077337518334 ], [ 5743247.995471118018031, 9506556.473707856610417 ], [ 5675951.006075547076762, 9507136.807347120717168 ] ] ] } },
{ "type": "Feature", "properties": { "X1": 1.0, "log_hist_precip": -1.7288479349186561, "log_hist_temp": -0.2682027059945809, "lat": 0.21567170637267491, "lon": 1.7574324058309112, "latlon": 0.37902844580018791, "log_co2e_ha_2017": 5.8180216883252642, "id_group": 34 }, "geometry": { "type": "Polygon", "coordinates": [ [ [ 5743247.995471118018031, 9506556.473707856610417 ], [ 5743814.827729905024171, 9574064.378077337518334 ], [ 5811163.174533037468791, 9573515.374923003837466 ], [ 5810544.48774516955018, 9505921.10259679146111 ], [ 5743247.995471118018031, 9506556.473707856610417 ] ] ] } },
{ "type": "Feature", "properties": { "X1": 1.0, "log_hist_precip": -1.9881657264195167, "log_hist_temp": -0.049464316380512831, "lat": 0.21567170637272173, "lon": 1.8449387166674827, "latlon": 0.39790108117677536, "log_co2e_ha_2017": 5.767868079187803, "id_group": 34 }, "geometry": { "type": "Polygon", "coordinates": [ [ [ 5810544.487745171412826, 9505921.10259679146111 ], [ 5811163.174533040262759, 9573515.374923003837466 ], [ 5878511.116881977766752, 9572918.815669810399413 ], [ 5877840.437886437401175, 9505230.694438861683011 ], [ 5810544.487745171412826, 9505921.10259679146111 ] ] ] } },
{ "type": "Feature", "properties": { "X1": 1.0, "log_hist_precip": -1.9910504731580705, "log_hist_temp": 0.64869251742299261, "lat": 0.21567170637269437, "lon": 1.9324450275039138, "latlon": 0.41677371655319739, "log_co2e_ha_2017": 5.7174282621966768, "id_group": 34 }, "geometry": { "type": "Polygon", "coordinates": [ [ [ 5877840.437886437401175, 9505230.694438861683011 ], [ 5878511.116881977766752, 9572918.815669810399413 ], [ 5945858.621196353808045, 9572274.700615195557475 ], [ 5945135.800884013064206, 9504485.249695885926485 ], [ 5877840.437886437401175, 9505230.694438861683011 ] ] ] } },
{ "type": "Feature", "properties": { "X1": 1.0, "log_hist_precip": -1.5805560005093904, "log_hist_temp": 1.610938804494612, "lat": 0.21567170637266847, "lon": 2.0199513383404515, "latlon": 0.43564635192964057, "log_co2e_ha_2017": 4.9724140812760576, "id_group": 34 }, "geometry": { "type": "Polygon", "coordinates": [ [ [ 5945135.800884013995528, 9504485.249695885926485 ], [ 5945858.621196354739368, 9572274.700615195557475 ], [ 6013205.653896018862724, 9571583.030080329626799 ], [ 6012430.531727387569845, 9503684.768866434693336 ], [ 5945135.800884013995528, 9504485.249695885926485 ] ] ] } },
{ "type": "Feature", "properties": { "X1": 1.0, "log_hist_precip": -1.5351069655004024, "log_hist_temp": 2.0570429672522135, "lat": 0.2156717063726562, "lon": 2.107457649177074, "latlon": 0.45451898730612622, "log_co2e_ha_2017": 5.1826492803086026, "id_group": 35 }, "geometry": { "type": "Polygon", "coordinates": [ [ [ 6012430.531727387569845, 9503684.768866434693336 ], [ 6013205.653896018862724, 9571583.030080329626799 ], [ 6080552.181401057168841, 9570843.804410068318248 ], [ 6079724.585406468249857, 9502829.252485919743776 ], [ 6012430.531727387569845, 9503684.768866434693336 ] ] ] } },
{ "type": "Feature", "properties": { "X1": 1.0, "log_hist_precip": 1.2051668596083995, "log_hist_temp": 0.27008094349965056, "lat": 0.08673870794266568, "lon": -1.9178326493029405, "latlon": -0.16635032605079653, "log_co2e_ha_2017": 6.5412195906209387, "id_group": 36 }, "geometry": { "type": "Polygon", "coordinates": [ [ [ 2918779.971294015645981, 9412917.818785050883889 ], [ 2916901.915724399499595, 9483542.976148389279842 ], [ 2984180.532012907788157, 9485219.090447764843702 ], [ 2985993.94336158875376, 9414820.973413268104196 ], [ 2918779.971294015645981, 9412917.818785050883889 ] ] ] } },
{ "type": "Feature", "properties": { "X1": 1.0, "log_hist_precip": 1.1683079728001542, "log_hist_temp": 0.32604265728447357, "lat": 0.086738707942672286, "lon": -1.83032633846633, "latlon": -0.15876014171201175, "log_co2e_ha_2017": 6.5326259876739563, "id_group": 36 }, "geometry": { "type": "Polygon", "coordinates": [ [ [ 2985993.943361587822437, 9414820.973413268104196 ], [ 2984180.532012906391174, 9485219.090447764843702 ], [ 3051460.496582523919642, 9486840.181546853855252 ], [ 3053209.655284155160189, 9416661.655184110626578 ], [ 2985993.943361587822437, 9414820.973413268104196 ] ] ] } },
{ "type": "Feature", "properties": { "X1": 1.0, "log_hist_precip": 0.9994716210209682, "log_hist_temp": 0.4097163480906833, "lat": 0.086738707942735929, "lon": -1.7428200276298815, "latlon": -0.15116995737333927, "log_co2e_ha_2017": 6.5438522914333666, "id_group": 37 }, "geometry": { "type": "Polygon", "coordinates": [ [ [ 3053209.655284153297544, 9416661.655184110626578 ], [ 3051460.496582522056997, 9486840.181546853855252 ], [ 3118741.76443304028362, 9488406.248361360281706 ], [ 3120427.0489955637604, 9418439.862507408484817 ], [ 3053209.655284153297544, 9416661.655184110626578 ] ] ] } },
{ "type": "Feature", "properties": { "X1": 1.0, "log_hist_precip": 0.9087135883917975, "log_hist_temp": 0.52293484057524786, "lat": 0.086738707942644155, "lon": -1.6553137167932301, "latlon": -0.14357977303438077, "log_co2e_ha_2017": 6.5352280269969354, "id_group": 37 }, "geometry": { "type": "Polygon", "coordinates": [ [ [ 3120427.0489955637604, 9418439.862507408484817 ], [ 3118741.76443304028362, 9488406.248361360281706 ], [ 3186024.290563371032476, 9489917.289843851700425 ], [ 3187646.066428201738745, 9420155.593847023323178 ], [ 3120427.0489955637604, 9418439.862507408484817 ] ] ] } },
{ "type": "Feature", "properties": { "X1": 1.0, "log_hist_precip": 0.87778681353068222, "log_hist_temp": 0.5605782830443069, "lat": 0.086738707942679849, "lon": -1.5678074059567837, "latlon": -0.13598958869565597, "log_co2e_ha_2017": 6.5199099245191139, "id_group": 37 }, "geometry": { "type": "Polygon", "coordinates": [ [ [ 3187646.066428200341761, 9420155.593847023323178 ], [ 3186024.290563369635493, 9489917.289843851700425 ], [ 3253308.029971589334309, 9491373.304983664304018 ], [ 3254866.649513055570424, 9421808.847720788791776 ], [ 3187646.066428200341761, 9420155.593847023323178 ] ] ] } },
{ "type": "Feature", "properties": { "X1": 1.0, "log_hist_precip": 0.96791993331476756, "log_hist_temp": 0.39980846609503329, "lat": 0.086738707942714405, "lon": -1.4803010951203046, "latlon": -0.1283994043569204, "log_co2e_ha_2017": 6.4930903044149373, "id_group": 37 }, "geometry": { "type": "Polygon", "coordinates": [ [ [ 3254866.649513054639101, 9421808.847720788791776 ], [ 3253308.029971587471664, 9491373.304983664304018 ], [ 3320592.93765495531261, 9492774.292806919664145 ], [ 3322088.740179763175547, 9423399.622700475156307 ], [ 3254866.649513054639101, 9421808.847720788791776 ] ] ] } },
{ "type": "Feature", "properties": { "X1": 1.0, "log_hist_precip": 1.0975512263413374, "log_hist_temp": 0.24777455948689914, "lat": 0.086738707942655105, "lon": -1.3927947842838029, "latlon": -0.1208092200180461, "log_co2e_ha_2017": 6.4685338127940906, "id_group": 38 }, "geometry": { "type": "Polygon", "coordinates": [ [ [ 3322088.740179759450257, 9423399.622700475156307 ], [ 3320592.937654954381287, 9492774.29280692152679 ], [ 3387878.968609957955778, 9494120.252376580610871 ], [ 3389312.28035665396601, 9424927.917411863803864 ], [ 3322088.740179759450257, 9423399.622700475156307 ] ] ] } },
{ "type": "Feature", "properties": { "X1": 1.0, "log_hist_precip": 1.0941799605475411, "log_hist_temp": 0.26507959857432695, "lat": 0.086738707942718943, "lon": -1.3052884734471411, "latlon": -0.11321903567932902, "log_co2e_ha_2017": 6.4442072630790683, "id_group": 38 }, "geometry": { "type": "Polygon", "coordinates": [ [ [ 3389312.28035665396601, 9424927.917411863803864 ], [ 3387878.968609957955778, 9494120.252376580610871 ], [ 3455166.077832319308072, 9495411.182792399078608 ], [ 3456537.211970810778439, 9426393.730534687638283 ], [ 3389312.28035665396601, 9424927.917411863803864 ] ] ] } },
{ "type": "Feature", "properties": { "X1": 1.0, "log_hist_precip": 1.0422144160789899, "log_hist_temp": 0.29602702455729824, "lat": 0.086738707942666998, "lon": -1.2177821626107275, "latlon": -0.10562885134048131, "log_co2e_ha_2017": 6.4137150719081601, "id_group": 38 }, "geometry": { "type": "Polygon", "coordinates": [ [ [ 3456537.211970809381455, 9426393.730534687638283 ], [ 3455166.077832317911088, 9495411.182792399078608 ], [ 3522454.220317049883306, 9496647.083190938457847 ], [ 3523763.476948110386729, 9427797.060802644118667 ], [ 3456537.211970809381455, 9426393.730534687638283 ] ] ] } },
{ "type": "Feature", "properties": { "X1": 1.0, "log_hist_precip": 0.96477729344781171, "log_hist_temp": 0.47921152916811105, "lat": 0.086738707942634524, "lon": -1.1302758517740965, "latlon": -0.098038667001645832, "log_co2e_ha_2017": 6.3845555740686422, "id_group": 38 }, "geometry": { "type": "Polygon", "coordinates": [ [ [ 3523763.476948108524084, 9427797.060802644118667 ], [ 3522454.220317048020661, 9496647.083190938457847 ], [ 3589743.351058464497328, 9497827.952745575457811 ], [ 3590991.017213276587427, 9429137.907003471627831 ], [ 3523763.476948108524084, 9427797.060802644118667 ] ] ] } },
{ "type": "Feature", "properties": { "X1": 1.0, "log_hist_precip": 0.94485637827229096, "log_hist_temp": 0.57328996228951901, "lat": 0.086738707942595805, "lon": -1.0427695409376911, "latlon": -0.090448482662829094, "log_co2e_ha_2017": 6.4047506485942032, "id_group": 39 }, "geometry": { "type": "Polygon", "coordinates": [ [ [ 3590991.017213275656104, 9429137.907003471627831 ], [ 3589743.351058463566005, 9497827.952745575457811 ], [ 3657033.425050221849233, 9498953.790666460990906 ], [ 3658219.774689937476069, 9430416.267978807911277 ], [ 3590991.017213275656104, 9429137.907003471627831 ] ] ] } },
{ "type": "Feature", "properties": { "X1": 1.0, "log_hist_precip": 0.77814846555957506, "log_hist_temp": 0.68696967829388134, "lat": 0.086738707942650567, "lon": -0.95526323010110337, "latlon": -0.082858298324092611, "log_co2e_ha_2017": 6.401906055129043, "id_group": 39 }, "geometry": { "type": "Polygon", "coordinates": [ [ [ 3658219.774689936079085, 9430416.267978807911277 ], [ 3657033.425050220452249, 9498953.790666460990906 ], [ 3724324.397285348270088, 9500024.596200605854392 ], [ 3725449.691300665959716, 9431632.142624296247959 ], [ 3658219.774689936079085, 9430416.267978807911277 ] ] ] } },
{ "type": "Feature", "properties": { "X1": 1.0, "log_hist_precip": 0.49873499119146525, "log_hist_temp": 0.76605217975439188, "lat": 0.08673870794276993, "lon": -0.86775691926471032, "latlon": -0.075268113985419494, "log_co2e_ha_2017": 6.3726378230380121, "id_group": 39 }, "geometry": { "type": "Polygon", "coordinates": [ [ [ 3725449.691300665959716, 9431632.142624296247959 ], [ 3724324.397285348270088, 9500024.596200605854392 ], [ 3791616.222756266593933, 9501040.368631783872843 ], [ 3792680.708967032842338, 9432785.529889613389969 ], [ 3725449.691300665959716, 9431632.142624296247959 ] ] ] } },
{ "type": "Feature", "properties": { "X1": 1.0, "log_hist_precip": 0.49057126927680478, "log_hist_temp": 0.83329920153639325, "lat": 0.086738707942691937, "lon": -0.78025060842814697, "latlon": -0.067677929646556723, "log_co2e_ha_2017": 6.3250280945508806, "id_group": 39 }, "geometry": { "type": "Polygon", "coordinates": [ [ [ 3792680.708967030979693, 9432785.529889613389969 ], [ 3791616.222756265662611, 9501040.368631783872843 ], [ 3858908.85645482968539, 9502001.107280591502786 ], [ 3859912.769609656650573, 9433876.428778337314725 ], [ 3792680.708967030979693, 9432785.529889613389969 ] ] ] } },
{ "type": "Feature", "properties": { "X1": 1.0, "log_hist_precip": 0.57329304981831164, "log_hist_temp": 0.86571701923719668, "lat": 0.08673870794261998, "lon": -0.69274429759152834, "latlon": -0.060087745307706997, "log_co2e_ha_2017": 6.3194522193730425, "id_group": 40 }, "geometry": { "type": "Polygon", "coordinates": [ [ [ 3859912.769609655253589, 9433876.428778337314725 ], [ 3858908.856454827822745, 9502001.107280591502786 ], [ 3926202.253372351638973, 9502906.811504472047091 ], [ 3927145.815148258581758, 9434904.838348073884845 ], [ 3859912.769609655253589, 9433876.428778337314725 ] ] ] } },
{ "type": "Feature", "properties": { "X1": 1.0, "log_hist_precip": 0.52736929687760947, "log_hist_temp": 0.88813805192051254, "lat": 0.086738707942719886, "lon": -0.60523798675511475, "latlon": -0.052497560968991663, "log_co2e_ha_2017": 6.3297514209420012, "id_group": 40 }, "geometry": { "type": "Polygon", "coordinates": [ [ [ 3927145.815148260444403, 9434904.838348073884845 ], [ 3926202.253372352570295, 9502906.811504472047091 ], [ 3993496.368499637115747, 9503757.48069760389626 ], [ 3994379.787501709535718, 9435870.757710412144661 ], [ 3927145.815148260444403, 9434904.838348073884845 ] ] ] } },
{ "type": "Feature", "properties": { "X1": 1.0, "log_hist_precip": 0.64978751675754942, "log_hist_temp": 1.0389242007604573, "lat": 0.086738707942741411, "lon": -0.51773167591856073, "latlon": -0.044907376630206088, "log_co2e_ha_2017": 6.2750173565052441, "id_group": 40 }, "geometry": { "type": "Polygon", "coordinates": [ [ [ 3994379.787501709535718, 9435870.757710412144661 ], [ 3993496.368499637115747, 9503757.48069760389626 ], [ 4060791.156827005092055, 9504553.114291027188301 ], [ 4061614.62858807342127, 9436774.18603090941906 ], [ 3994379.787501709535718, 9435870.757710412144661 ] ] ] } },
{ "type": "Feature", "properties": { "X1": 1.0, "log_hist_precip": 0.71522099924931615, "log_hist_temp": 1.2108815970235847, "lat": 0.086738707942659449, "lon": -0.43022536508205594, "latlon": -0.037317192291376484, "log_co2e_ha_2017": 6.2502206711476953, "id_group": 40 }, "geometry": { "type": "Polygon", "coordinates": [ [ [ 4061614.628588074818254, 9436774.18603090941906 ], [ 4060791.156827006489038, 9504553.114291027188301 ], [ 4128086.573344331234694, 9505293.711752589792013 ], [ 4128850.280324671417475, 9437615.122529098764062 ], [ 4061614.628588074818254, 9436774.18603090941906 ] ] ] } },
{ "type": "Feature", "properties": { "X1": 1.0, "log_hist_precip": 0.73554077752741209, "log_hist_temp": 1.3050304389843768, "lat": 0.086738707942628668, "lon": -0.34271905424547627, "latlon": -0.029727007952572278, "log_co2e_ha_2017": 6.2403671248447834, "id_group": 41 }, "geometry": { "type": "Polygon", "coordinates": [ [ [ 4128850.280324671417475, 9437615.122529098764062 ], [ 4128086.573344331234694, 9505293.711752589792013 ], [ 4195382.573041065596044, 9505979.272586951032281 ], [ 4196086.684628118760884, 9438393.566478541120887 ], [ 4128850.280324671417475, 9437615.122529098764062 ] ] ] } },
{ "type": "Feature", "properties": { "X1": 1.0, "log_hist_precip": 0.63697813889883992, "log_hist_temp": 1.4376742103976043, "lat": 0.086738707942651136, "lon": -0.25521274340901756, "latlon": -0.022136823613797537, "log_co2e_ha_2017": 6.2120639677669498, "id_group": 41 }, "geometry": { "type": "Polygon", "coordinates": [ [ [ 4196086.684628118760884, 9438393.566478541120887 ], [ 4195382.573041065596044, 9505979.272586951032281 ], [ 4262679.110906269401312, 9506609.796335566788912 ], [ 4263323.783414381556213, 9439109.517206748947501 ], [ 4196086.684628118760884, 9438393.566478541120887 ] ] ] } },
{ "type": "Feature", "properties": { "X1": 1.0, "log_hist_precip": 0.39005571655980575, "log_hist_temp": 1.4702768401360902, "lat": 0.086738707942616761, "lon": -0.16770643257253121, "latlon": -0.014546639275006934, "log_co2e_ha_2017": 6.2467835886609606, "id_group": 41 }, "geometry": { "type": "Polygon", "coordinates": [ [ [ 4263323.783414381556213, 9439109.517206748947501 ], [ 4262679.110906269401312, 9506609.796335566788912 ], [ 4329976.141928645782173, 9507185.282576695084572 ], [ 4330561.518598829396069, 9439762.974095217883587 ], [ 4263323.783414381556213, 9439109.517206748947501 ] ] ] } },
{ "type": "Feature", "properties": { "X1": 1.0, "log_hist_precip": -0.0072251353896941994, "log_hist_temp": 1.4721029537568087, "lat": 0.086738707942607129, "lon": -0.080200121735949481, "latlon": -0.0069564549362160603, "log_co2e_ha_2017": 6.3172879926204137, "id_group": 41 }, "geometry": { "type": "Polygon", "coordinates": [ [ [ 4330561.518598829396069, 9439762.974095217883587 ], [ 4329976.141928645782173, 9507185.282576695084572 ], [ 4397273.621096565388143, 9507705.730925461277366 ], [ 4397799.832096277736127, 9440353.936579436063766 ], [ 4330561.518598829396069, 9439762.974095217883587 ] ] ] } },
{ "type": "Feature", "properties": { "X1": 1.0, "log_hist_precip": 0.049055462191778636, "log_hist_temp": 1.4512990862648396, "lat": 0.086738707942672674, "lon": 0.0073061891005132967, "latlon": 0.0006337294025633612, "log_co2e_ha_2017": 6.3811680153013182, "id_group": 42 }, "geometry": { "type": "Polygon", "coordinates": [ [ [ 4397799.832096279598773, 9440353.936579436063766 ], [ 4397273.621096566319466, 9507705.730925461277366 ], [ 4464571.503398102708161, 9508171.14103371091187 ], [ 4465038.665821046568453, 9440882.404148902744055 ], [ 4397799.832096279598773, 9440353.936579436063766 ] ] ] } },
{ "type": "Feature", "properties": { "X1": 1.0, "log_hist_precip": 0.36332050976403429, "log_hist_temp": 1.4025812563436626, "lat": 0.086738707942691937, "lon": 0.094812499937120667, "latlon": 0.0082239137413624066, "log_co2e_ha_2017": 6.4172621677170048, "id_group": 42 }, "geometry": { "type": "Polygon", "coordinates": [ [ [ 4465038.665821046568453, 9440882.404148902744055 ], [ 4464571.503398102708161, 9508171.14103371091187 ], [ 4531869.743821058422327, 9508581.512590188533068 ], [ 4532277.961687001399696, 9441348.376347072422504 ], [ 4465038.665821046568453, 9440882.404148902744055 ] ] ] } },
{ "type": "Feature", "properties": { "X1": 1.0, "log_hist_precip": 0.48728579367173525, "log_hist_temp": 1.274946900250606, "lat": 0.086738707942704205, "lon": 0.18231881077366546, "latlon": 0.015814098080158122, "log_co2e_ha_2017": 6.4615265302151226, "id_group": 42 }, "geometry": { "type": "Polygon", "coordinates": [ [ [ 4532277.961687003262341, 9441348.376347072422504 ], [ 4531869.743821060284972, 9508581.512590188533068 ], [ 4599168.297352997586131, 9508936.845320422202349 ], [ 4599517.661607614718378, 9441751.852771418169141 ], [ 4532277.961687003262341, 9441348.376347072422504 ] ] ] } },
{ "type": "Feature", "properties": { "X1": 1.0, "log_hist_precip": 0.39233978970986733, "log_hist_temp": 1.0451929407020737, "lat": 0.086738707942629792, "lon": 0.2698251216100534, "latlon": 0.023404282418918988, "log_co2e_ha_2017": 6.484122587792271, "id_group": 42 }, "geometry": { "type": "Polygon", "coordinates": [ [ [ 4599517.661607614718378, 9441751.852771418169141 ], [ 4599168.297352997586131, 9508936.845320422202349 ], [ 4666467.118981272913516, 9509237.138986710458994 ], [ 4666757.707496003247797, 9442092.833073357120156 ], [ 4599517.661607614718378, 9441751.852771418169141 ] ] ] } },
{ "type": "Feature", "properties": { "X1": 1.0, "log_hist_precip": 0.161317390260417, "log_hist_temp": 0.98867833866426047, "lat": 0.08673870794261998, "lon": 0.35733143244659821, "latlon": 0.030994466757703523, "log_co2e_ha_2017": 6.5054203457303252, "id_group": 43 }, "geometry": { "type": "Polygon", "coordinates": [ [ [ 4666757.707496003247797, 9442092.833073357120156 ], [ 4666467.118981272913516, 9509237.138986710458994 ], [ 4733766.163693057373166, 9509482.3933882471174 ], [ 4733998.041264990344644, 9442371.316958367824554 ], [ 4666757.707496003247797, 9442092.833073357120156 ] ] ] } },
{ "type": "Feature", "properties": { "X1": 1.0, "log_hist_precip": 0.053817674983459358, "log_hist_temp": 0.74844161832671241, "lat": 0.086738707942669649, "lon": 0.44483774328317993, "latlon": 0.038584651096516001, "log_co2e_ha_2017": 6.4037987662441314, "id_group": 43 }, "geometry": { "type": "Polygon", "coordinates": [ [ [ 4733998.041264991275966, 9442371.316958367824554 ], [ 4733766.163693059235811, 9509482.3933882471174 ], [ 4801065.386475380510092, 9509672.608360961079597 ], [ 4801238.604827147908509, 9442587.304185830056667 ], [ 4733998.041264991275966, 9442371.316958367824554 ] ] ] } },
{ "type": "Feature", "properties": { "X1": 1.0, "log_hist_precip": 0.12892560452576415, "log_hist_temp": -0.2365758152641019, "lat": 0.086738707942702692, "lon": 0.53234405411968377, "latlon": 0.046174835435321568, "log_co2e_ha_2017": 6.525371387312358, "id_group": 43 }, "geometry": { "type": "Polygon", "coordinates": [ [ [ 4801238.604827147908509, 9442587.304185830056667 ], [ 4801065.386475380510092, 9509672.608360961079597 ], [ 4868364.742315143346786, 9509807.783777656033635 ], [ 4868479.3400948503986, 9442740.794569173827767 ], [ 4801238.604827147908509, 9442587.304185830056667 ] ] ] } },
{ "type": "Feature", "properties": { "X1": 1.0, "log_hist_precip": -0.55010397165551572, "log_hist_temp": -0.51110591407428818, "lat": 0.086738707942716667, "lon": 0.61985036495617529, "latlon": 0.053765019774120029, "log_co2e_ha_2017": 6.5311270010691675, "id_group": 43 }, "geometry": { "type": "Polygon", "coordinates": [ [ [ 4868479.340094851329923, 9442740.794569173827767 ], [ 4868364.742315144278109, 9509807.783777656033635 ], [ 4935664.186199166812003, 9509887.919547887519002 ], [ 4935720.188980323262513, 9442831.787975814193487 ], [ 4868479.340094851329923, 9442740.794569173827767 ] ] ] } },
{ "type": "Feature", "properties": { "X1": 1.0, "log_hist_precip": -1.0813311439036914, "log_hist_temp": -0.53584784998511026, "lat": 0.086738707942741036, "lon": 0.70735667579266881, "latlon": 0.061355204112928455, "log_co2e_ha_2017": 6.5414608779572294, "id_group": 44 }, "geometry": { "type": "Polygon", "coordinates": [ [ [ 4935720.188980323262513, 9442831.787975814193487 ], [ 4935664.186199166812003, 9509887.919547887519002 ], [ 5002963.673114206641912, 9509913.015618070960045 ], [ 5002961.093395693227649, 9442860.284327125176787 ], [ 4935720.188980323262513, 9442831.787975814193487 ] ] ] } },
{ "type": "Feature", "properties": { "X1": 1.0, "log_hist_precip": -1.2955084262111849, "log_hist_temp": -0.66541020314511445, "lat": 0.086738707942682111, "lon": 0.79486298662926691, "latlon": 0.06894538845168402, "log_co2e_ha_2017": 6.5176810484099903, "id_group": 44 }, "geometry": { "type": "Polygon", "coordinates": [ [ [ 5002961.093395693227649, 9442860.284327125176787 ], [ 5002963.673114206641912, 9509913.015618070960045 ], [ 5070263.158046994358301, 9509883.071971423923969 ], [ 5070201.995253041386604, 9442826.283598503097892 ], [ 5002961.093395693227649, 9442860.284327125176787 ] ] ] } },
{ "type": "Feature", "properties": { "X1": 1.0, "log_hist_precip": -1.4171040104792967, "log_hist_temp": -1.0246759083052808, "lat": 0.086738707942644905, "lon": 0.8823692974656866, "latlon": 0.076535572790432951, "log_co2e_ha_2017": 6.4923339166161647, "id_group": 44 }, "geometry": { "type": "Polygon", "coordinates": [ [ [ 5070201.995253041386604, 9442826.283598503097892 ], [ 5070263.158046994358301, 9509883.071971423923969 ], [ 5137562.595984258688986, 9509798.088627975434065 ], [ 5137442.836464447900653, 9442729.785819323733449 ], [ 5070201.995253041386604, 9442826.283598503097892 ] ] ] } },
{ "type": "Feature", "properties": { "X1": 1.0, "log_hist_precip": -1.1614164036870054, "log_hist_temp": -1.241673513537537, "lat": 0.086738707942685705, "lon": 0.9698756083022243, "latlon": 0.084125757129261278, "log_co2e_ha_2017": 6.6117405688110091, "id_group": 44 }, "geometry": { "type": "Polygon", "coordinates": [ [ [ 5137442.836464447900653, 9442729.785819323733449 ], [ 5137562.595984259620309, 9509798.088627975434065 ], [ 5204861.941912762820721, 9509658.065644567832351 ], [ 5204683.5589420478791, 9442570.7910729162395 ], [ 5137442.836464447900653, 9442729.785819323733449 ] ] ] } },
{ "type": "Feature", "properties": { "X1": 1.0, "log_hist_precip": -0.81625712285319862, "log_hist_temp": -1.4390944152109064, "lat": 0.086738707942694393, "lon": 1.0573819191388758, "latlon": 0.091715941468072645, "log_co2e_ha_2017": 6.5723186844419468, "id_group": 45 }, "geometry": { "type": "Polygon", "coordinates": [ [ [ 5204683.5589420478791, 9442570.7910729162395 ], [ 5204861.941912762820721, 9509658.065644567832351 ], [ 5272161.150819331407547, 9509463.003114856779575 ], [ 5271924.104598077014089, 9442349.299496686086059 ], [ 5204683.5589420478791, 9442570.7910729162395 ] ] ] } },
{ "type": "Feature", "properties": { "X1": 1.0, "log_hist_precip": -0.91382820859092717, "log_hist_temp": -0.93510945399109102, "lat": 0.086738707942689106, "lon": 1.1448882299751837, "latlon": 0.099306125806839743, "log_co2e_ha_2017": 6.5363552137689176, "id_group": 45 }, "geometry": { "type": "Polygon", "coordinates": [ [ [ 5271924.104598077014089, 9442349.299496686086059 ], [ 5272161.150819331407547, 9509463.003114856779575 ], [ 5339460.177690878510475, 9509212.901169283315539 ], [ 5339164.415344926528633, 9442065.311281928792596 ], [ 5271924.104598077014089, 9442349.299496686086059 ] ] ] } },
{ "type": "Feature", "properties": { "X1": 1.0, "log_hist_precip": -0.83600602610605157, "log_hist_temp": -0.52578578573909818, "lat": 0.086738707942661142, "lon": 1.2323945408118597, "latlon": 0.10689631014560989, "log_co2e_ha_2017": 6.3115251736128197, "id_group": 45 }, "geometry": { "type": "Polygon", "coordinates": [ [ [ 5339164.415344927459955, 9442065.311281928792596 ], [ 5339460.177690878510475, 9509212.901169283315539 ], [ 5406758.977514441125095, 9508907.759975159540772 ], [ 5406404.433095187880099, 9441718.826673997566104 ], [ 5339164.415344927459955, 9442065.311281928792596 ] ] ] } },
{ "type": "Feature", "properties": { "X1": 1.0, "log_hist_precip": -0.6847447472846766, "log_hist_temp": 0.17356611134227617, "lat": 0.08673870794273518, "lon": 1.3199008516483492, "latlon": 0.11448649448449361, "log_co2e_ha_2017": 6.4690332825474881, "id_group": 45 }, "geometry": { "type": "Polygon", "coordinates": [ [ [ 5406404.433095187880099, 9441718.826673997566104 ], [ 5406758.977514441125095, 9508907.759975159540772 ], [ 5474057.505277209915221, 9508547.579736575484276 ], [ 5473644.099761706776917, 9441309.845972206443548 ], [ 5406404.433095187880099, 9441718.826673997566104 ] ] ] } },
{ "type": "Feature", "properties": { "X1": 1.0, "log_hist_precip": -0.7096105790786581, "log_hist_temp": 0.90120088290897249, "lat": 0.086738707942799573, "lon": 1.4074071624847977, "latlon": 0.12207667882337313, "log_co2e_ha_2017": 6.1228066413407642, "id_group": 46 }, "geometry": { "type": "Polygon", "coordinates": [ [ [ 5473644.09976170770824, 9441309.845972206443548 ], [ 5474057.505277210846543, 9508547.579736575484276 ], [ 5541355.715966555289924, 9508132.360694421455264 ], [ 5540883.357257632538676, 9440838.369529871270061 ], [ 5473644.09976170770824, 9441309.845972206443548 ] ] ] } },
{ "type": "Feature", "properties": { "X1": 1.0, "log_hist_precip": -0.93563314259260422, "log_hist_temp": 0.50420093992125126, "lat": 0.086738707942673049, "lon": 1.4949134733214244, "latlon": 0.12966686316199399, "log_co2e_ha_2017": 6.2127481918138816, "id_group": 46 }, "geometry": { "type": "Polygon", "coordinates": [ [ [ 5540883.357257632538676, 9440838.369529871270061 ], [ 5541355.715966555289924, 9508132.360694421455264 ], [ 5608653.564570058137178, 9507662.103126429021358 ], [ 5608122.147496464662254, 9440304.397754278033972 ], [ 5540883.357257632538676, 9440838.369529871270061 ] ] ] } },
{ "type": "Feature", "properties": { "X1": 1.0, "log_hist_precip": -1.3268827506039169, "log_hist_temp": -0.077266062719442682, "lat": 0.086738707942675505, "lon": 1.5824197841578576, "latlon": 0.13725704750078002, "log_co2e_ha_2017": 6.2413473956118128, "id_group": 46 }, "geometry": { "type": "Polygon", "coordinates": [ [ [ 5608122.147496466524899, 9440304.397754278033972 ], [ 5608653.564570059999824, 9507662.103126429021358 ], [ 5675951.006075547076762, 9507136.807347120717168 ], [ 5675360.412392113357782, 9439707.93110672570765 ], [ 5608122.147496466524899, 9440304.397754278033972 ] ] ] } },
{ "type": "Feature", "properties": { "X1": 1.0, "log_hist_precip": -1.7753809960154032, "log_hist_temp": -0.44419896744623871, "lat": 0.086738707942677018, "lon": 1.6699260949944894, "latlon": 0.14484723183958215, "log_co2e_ha_2017": 5.9448414257276712, "id_group": 46 }, "geometry": { "type": "Polygon", "coordinates": [ [ [ 5675360.412392113357782, 9439707.93110672570765 ], [ 5675951.006075547076762, 9507136.807347120717168 ], [ 5743247.995471118018031, 9506556.473707856610417 ], [ 5742598.09385893587023, 9439048.970102483406663 ], [ 5675360.412392113357782, 9439707.93110672570765 ] ] ] } },
{ "type": "Feature", "properties": { "X1": 1.0, "log_hist_precip": -2.2916786827347724, "log_hist_temp": -0.50322769728388861, "lat": 0.086738707942666624, "lon": 1.7574324058308775, "latlon": 0.15243741617834244, "log_co2e_ha_2017": 5.8055447813984813, "id_group": 47 }, "geometry": { "type": "Polygon", "coordinates": [ [ [ 5742598.09385893587023, 9439048.970102483406663 ], [ 5743247.995471118018031, 9506556.473707856610417 ], [ 5810544.48774516955018, 9505921.10259679146111 ], [ 5809835.133811796084046, 9438327.515310809016228 ], [ 5742598.09385893587023, 9439048.970102483406663 ] ] ] } },
{ "type": "Feature", "properties": { "X1": 1.0, "log_hist_precip": -2.7624466187189518, "log_hist_temp": -0.75830246423381187, "lat": 0.086738707942612805, "lon": 1.8449387166674662, "latlon": 0.16002760051703824, "log_co2e_ha_2017": 5.9346935334337028, "id_group": 47 }, "geometry": { "type": "Polygon", "coordinates": [ [ [ 5809835.133811797015369, 9438327.515310809016228 ], [ 5810544.487745171412826, 9505921.10259679146111 ], [ 5877840.437886437401175, 9505230.694438861683011 ], [ 5877071.474166112020612, 9437543.567354954779148 ], [ 5809835.133811797015369, 9438327.515310809016228 ] ] ] } },
{ "type": "Feature", "properties": { "X1": 1.0, "log_hist_precip": -2.7463759386990483, "log_hist_temp": -0.16767252882524344, "lat": 0.08673870794257163, "lon": 1.9324450275039691, "latlon": 0.16761778485574158, "log_co2e_ha_2017": 5.8390809682322038, "id_group": 47 }, "geometry": { "type": "Polygon", "coordinates": [ [ [ 5877071.474166112020612, 9437543.567354954779148 ], [ 5877840.437886437401175, 9505230.694438861683011 ], [ 5945135.800884013064206, 9504485.249695885926485 ], [ 5944307.056837907992303, 9436697.126912148669362 ], [ 5877071.474166112020612, 9437543.567354954779148 ] ] ] } },
{ "type": "Feature", "properties": { "X1": 1.0, "log_hist_precip": -1.9015581389325125, "log_hist_temp": 0.90191149359681555, "lat": 0.086738707942561249, "lon": 2.0199513383404186, "latlon": 0.1752079691944953, "log_co2e_ha_2017": 5.5866936424292932, "id_group": 47 }, "geometry": { "type": "Polygon", "coordinates": [ [ [ 5944307.056837908923626, 9436697.126912148669362 ], [ 5945135.800884013995528, 9504485.249695885926485 ], [ 6012430.531727387569845, 9503684.768866434693336 ], [ 6011541.823743859305978, 9435788.194713635370135 ], [ 5944307.056837908923626, 9436697.126912148669362 ] ] ] } },
{ "type": "Feature", "properties": { "X1": 1.0, "log_hist_precip": 1.0305020737546411, "log_hist_temp": 0.26166490095633038, "lat": -0.042194282076771769, "lon": -2.0053389601394116, "latlon": 0.084613837743662518, "log_co2e_ha_2017": 6.6371575456767511, "id_group": 36 }, "geometry": { "type": "Polygon", "coordinates": [ [ [ 2853758.853110941592604, 9340105.724199524149299 ], [ 2851567.797146100085229, 9410952.192943505942822 ], [ 2918779.971294020302594, 9412917.818785050883889 ], [ 2920897.690940114669502, 9342304.939261928200722 ], [ 2853758.853110941592604, 9340105.724199524149299 ] ] ] } },
{ "type": "Feature", "properties": { "X1": 1.0, "log_hist_precip": 1.111594808281803, "log_hist_temp": 0.048173052548103591, "lat": -0.0421942820767865, "lon": -1.9178326493028952, "latlon": 0.080921571780757123, "log_co2e_ha_2017": 6.6382843609956259, "id_group": 36 }, "geometry": { "type": "Polygon", "coordinates": [ [ [ 2920897.690940110012889, 9342304.939261928200722 ], [ 2918779.971294015645981, 9412917.818785050883889 ], [ 2985993.94336158875376, 9414820.973413268104196 ], [ 2988038.781696205493063, 9344434.264043308794498 ], [ 2920897.690940110012889, 9342304.939261928200722 ] ] ] } },
{ "type": "Feature", "properties": { "X1": 1.0, "log_hist_precip": 1.0532839282177386, "log_hist_temp": 0.078388705195770486, "lat": -0.042194282076852982, "lon": -1.83032633846633, "latlon": 0.07722930581794181, "log_co2e_ha_2017": 6.6085334608660871, "id_group": 36 }, "geometry": { "type": "Polygon", "coordinates": [ [ [ 2988038.781696204096079, 9344434.264043308794498 ], [ 2985993.943361587822437, 9414820.973413268104196 ], [ 3053209.655284155160189, 9416661.655184110626578 ], [ 3055182.052624755539, 9346493.696236338466406 ], [ 2988038.781696204096079, 9344434.264043308794498 ] ] ] } },
{ "type": "Feature", "properties": { "X1": 1.0, "log_hist_precip": 0.93846358711170852, "log_hist_temp": 0.14913130311991432, "lat": -0.042194282076884138, "lon": -1.742820027629898, "latlon": 0.073537039855058925, "log_co2e_ha_2017": 6.603123591475434, "id_group": 37 }, "geometry": { "type": "Polygon", "coordinates": [ [ [ 3055182.052624754142016, 9346493.696236338466406 ], [ 3053209.655284153297544, 9416661.655184110626578 ], [ 3120427.0489955637604, 9418439.862507408484817 ], [ 3122327.430968940258026, 9348483.233609391376376 ], [ 3055182.052624754142016, 9346493.696236338466406 ] ] ] } },
{ "type": "Feature", "properties": { "X1": 1.0, "log_hist_precip": 0.8597528759308527, "log_hist_temp": 0.25871755724386386, "lat": -0.042194282076790469, "lon": -1.6553137167932239, "latlon": 0.069844773891953746, "log_co2e_ha_2017": 6.5777854657429904, "id_group": 37 }, "geometry": { "type": "Polygon", "coordinates": [ [ [ 3122327.430968940258026, 9348483.233609391376376 ], [ 3120427.0489955637604, 9418439.862507408484817 ], [ 3187646.066428201738745, 9420155.593847023323178 ], [ 3189474.843969650566578, 9350402.87400659173727 ], [ 3122327.430968940258026, 9348483.233609391376376 ] ] ] } },
{ "type": "Feature", "properties": { "X1": 1.0, "log_hist_precip": 0.92179811171855641, "log_hist_temp": 0.16670002150722063, "lat": -0.042194282076832207, "lon": -1.5678074059567899, "latlon": 0.066152507929087376, "log_co2e_ha_2017": 6.5189559236255068, "id_group": 37 }, "geometry": { "type": "Polygon", "coordinates": [ [ [ 3189474.843969649169594, 9350402.87400659173727 ], [ 3187646.066428200341761, 9420155.593847023323178 ], [ 3254866.649513055570424, 9421808.847720788791776 ], [ 3256624.218865571543574, 9352252.615347804501653 ], [ 3189474.843969649169594, 9350402.87400659173727 ] ] ] } },
{ "type": "Feature", "properties": { "X1": 1.0, "log_hist_precip": 1.1603604952644246, "log_hist_temp": 0.1823497188369706, "lat": -0.042194282076825976, "lon": -1.480301095120327, "latlon": 0.062460241966141479, "log_co2e_ha_2017": 6.5560048198764926, "id_group": 37 }, "geometry": { "type": "Polygon", "coordinates": [ [ [ 3256624.218865570612252, 9352252.615347804501653 ], [ 3254866.649513054639101, 9421808.847720788791776 ], [ 3322088.740179763175547, 9423399.622700475156307 ], [ 3323775.482893266715109, 9354032.455628640949726 ], [ 3256624.218865570612252, 9352252.615347804501653 ] ] ] } },
{ "type": "Feature", "properties": { "X1": 1.0, "log_hist_precip": 1.3506373871094659, "log_hist_temp": 0.16146159777867325, "lat": -0.042194282076785369, "lon": -1.3927947842837924, "latlon": 0.058767976003145768, "log_co2e_ha_2017": 6.509683614710025, "id_group": 38 }, "geometry": { "type": "Polygon", "coordinates": [ [ [ 3323775.482893262058496, 9354032.455628640949726 ], [ 3322088.740179759450257, 9423399.622700475156307 ], [ 3389312.28035665396601, 9424927.917411863803864 ], [ 3390928.563287247903645, 9355742.392920477315784 ], [ 3323775.482893262058496, 9354032.455628640949726 ] ] ] } },
{ "type": "Feature", "properties": { "X1": 1.0, "log_hist_precip": 1.1673340537127908, "log_hist_temp": 0.12859946198046521, "lat": -0.042194282076806713, "lon": -1.3052884734471555, "latlon": 0.055075710040233705, "log_co2e_ha_2017": 6.468487752215486, "id_group": 38 }, "geometry": { "type": "Polygon", "coordinates": [ [ [ 3390928.563287247903645, 9355742.392920477315784 ], [ 3389312.28035665396601, 9424927.917411863803864 ], [ 3456537.211970810778439, 9426393.730534689500928 ], [ 3458083.387280059978366, 9357382.425370378419757 ], [ 3390928.563287247903645, 9355742.392920477315784 ] ] ] } },
{ "type": "Feature", "properties": { "X1": 1.0, "log_hist_precip": 1.0171834631999015, "log_hist_temp": 0.26525442888957013, "lat": -0.042194282076792926, "lon": -1.2177821626106968, "latlon": 0.051383444077282653, "log_co2e_ha_2017": 6.4136463717207617, "id_group": 38 }, "geometry": { "type": "Polygon", "coordinates": [ [ [ 3458083.387280058581382, 9357382.425370378419757 ], [ 3456537.211970808915794, 9426393.730534689500928 ], [ 3523763.476948110386729, 9427797.060802644118667 ], [ 3525239.882102361880243, 9358952.551201228052378 ], [ 3458083.387280058581382, 9357382.425370378419757 ] ] ] } },
{ "type": "Feature", "properties": { "X1": 1.0, "log_hist_precip": 0.94930852953518396, "log_hist_temp": 0.36120479260187788, "lat": -0.042194282076830882, "lon": -1.1302758517740987, "latlon": 0.047691178114386612, "log_co2e_ha_2017": 6.3994070221915971, "id_group": 38 }, "geometry": { "type": "Polygon", "coordinates": [ [ [ 3525239.882102360483259, 9358952.551201228052378 ], [ 3523763.476948108524084, 9427797.060802644118667 ], [ 3590991.017213276587427, 9429137.907003471627831 ], [ 3592397.974982995539904, 9360452.768711607903242 ], [ 3525239.882102360483259, 9358952.551201228052378 ] ] ] } },
{ "type": "Feature", "properties": { "X1": 1.0, "log_hist_precip": 0.98809312131990534, "log_hist_temp": 0.45737503736209029, "lat": -0.042194282076769507, "lon": -1.0427695409376911, "latlon": 0.043998912151388389, "log_co2e_ha_2017": 6.4266089174639598, "id_group": 39 }, "geometry": { "type": "Polygon", "coordinates": [ [ [ 3592397.974982994608581, 9360452.768711607903242 ], [ 3590991.017213275656104, 9429137.907003471627831 ], [ 3658219.774689937476069, 9430416.267978807911277 ], [ 3659557.593149077612907, 9361883.076275883242488 ], [ 3592397.974982994608581, 9360452.768711607903242 ] ] ] } },
{ "type": "Feature", "properties": { "X1": 1.0, "log_hist_precip": 1.0192026850359408, "log_hist_temp": 0.55554273783233121, "lat": -0.042194282076811619, "lon": -0.9552632301011198, "latlon": 0.040306646188492855, "log_co2e_ha_2017": 6.4175214815163404, "id_group": 39 }, "geometry": { "type": "Polygon", "coordinates": [ [ [ 3659557.593149076215923, 9361883.076275883242488 ], [ 3658219.774689936079085, 9430416.267978807911277 ], [ 3725449.691300665959716, 9431632.142624296247959 ], [ 3726718.663826069794595, 9363243.472344174981117 ], [ 3659557.593149076215923, 9361883.076275883242488 ] ] ] } },
{ "type": "Feature", "properties": { "X1": 1.0, "log_hist_precip": 0.97582558645155382, "log_hist_temp": 0.66451502117907146, "lat": -0.042194282076928519, "lon": -0.867756919264698, "latlon": 0.036614380225661151, "log_co2e_ha_2017": 6.3699772183582715, "id_group": 39 }, "geometry": { "type": "Polygon", "coordinates": [ [ [ 3726718.663826069794595, 9363243.472344174981117 ], [ 3725449.691300665959716, 9431632.142624296247959 ], [ 3792680.708967032842338, 9432785.529889613389969 ], [ 3793881.114237857051194, 9364533.955442324280739 ], [ 3726718.663826069794595, 9363243.472344174981117 ] ] ] } },
{ "type": "Feature", "properties": { "X1": 1.0, "log_hist_precip": 0.81978270233928752, "log_hist_temp": 0.74735472993834562, "lat": -0.042194282076873757, "lon": -0.78025060842813676, "latlon": 0.032922114262669173, "log_co2e_ha_2017": 6.3612810030061802, "id_group": 39 }, "geometry": { "type": "Polygon", "coordinates": [ [ [ 3793881.114237856119871, 9364533.955442324280739 ], [ 3792680.708967030979693, 9432785.529889613389969 ], [ 3859912.769609656650573, 9433876.428778337314725 ], [ 3861044.871606832370162, 9365754.52417198754847 ], [ 3793881.114237856119871, 9364533.955442324280739 ] ] ] } },
{ "type": "Feature", "properties": { "X1": 1.0, "log_hist_precip": 0.79930203241110298, "log_hist_temp": 0.84121514072682635, "lat": -0.042194282076790282, "lon": -0.69274429759154887, "latlon": 0.029229848299665764, "log_co2e_ha_2017": 6.3507603038450524, "id_group": 40 }, "geometry": { "type": "Polygon", "coordinates": [ [ [ 3861044.871606830507517, 9365754.52417198754847 ], [ 3859912.769609655253589, 9433876.428778337314725 ], [ 3927145.815148258581758, 9434904.838348073884845 ], [ 3928209.86315397080034, 9366905.17721051722765 ], [ 3861044.871606830507517, 9365754.52417198754847 ] ] ] } },
{ "type": "Feature", "properties": { "X1": 1.0, "log_hist_precip": 0.58572227811197319, "log_hist_temp": 0.95190017923319181, "lat": -0.042194282076897925, "lon": -0.60523798675510665, "latlon": 0.025537582336798779, "log_co2e_ha_2017": 6.3051706041111277, "id_group": 40 }, "geometry": { "type": "Polygon", "coordinates": [ [ [ 3928209.863153972662985, 9366905.17721051722765 ], [ 3927145.815148260444403, 9434904.838348073884845 ], [ 3994379.787501709535718, 9435870.757710412144661 ], [ 3995376.016098913736641, 9367985.913311088457704 ], [ 3928209.863153972662985, 9366905.17721051722765 ] ] ] } },
{ "type": "Feature", "properties": { "X1": 1.0, "log_hist_precip": 0.40966383230161285, "log_hist_temp": 1.0557852123942575, "lat": -0.042194282076919082, "lon": -0.51773167591856484, "latlon": 0.021845316373863978, "log_co2e_ha_2017": 6.2789453193662998, "id_group": 40 }, "geometry": { "type": "Polygon", "coordinates": [ [ [ 3995376.016098913736641, 9367985.913311088457704 ], [ 3994379.787501709535718, 9435870.757710412144661 ], [ 4061614.62858807342127, 9436774.18603090941906 ], [ 4062543.257660037837923, 9368996.73130258359015 ], [ 3995376.016098913736641, 9367985.913311088457704 ] ] ] } },
{ "type": "Feature", "properties": { "X1": 1.0, "log_hist_precip": 0.33752665286966937, "log_hist_temp": 1.1546836266836775, "lat": -0.04219428207682295, "lon": -0.43022536508206516, "latlon": 0.018153050410876791, "log_co2e_ha_2017": 6.3064077128107607, "id_group": 40 }, "geometry": { "type": "Polygon", "coordinates": [ [ [ 4062543.257660039234906, 9368996.73130258359015 ], [ 4061614.628588074818254, 9436774.18603090941906 ], [ 4128850.280324671417475, 9437615.122529098764062 ], [ 4129711.515054546296597, 9369937.630089696496725 ], [ 4062543.257660039234906, 9368996.73130258359015 ] ] ] } },
{ "type": "Feature", "properties": { "X1": 1.0, "log_hist_precip": 0.55216830472181311, "log_hist_temp": 1.4184231389121922, "lat": -0.042194282076818988, "lon": -0.34271905424545474, "latlon": 0.014460784447933346, "log_co2e_ha_2017": 6.3393689293917168, "id_group": 41 }, "geometry": { "type": "Polygon", "coordinates": [ [ [ 4129711.515054546296597, 9369937.630089696496725 ], [ 4128850.280324671417475, 9437615.122529098764062 ], [ 4196086.684628118760884, 9438393.566478541120887 ], [ 4196880.71549853682518, 9370808.608652865514159 ], [ 4129711.515054546296597, 9369937.630089696496725 ] ] ] } },
{ "type": "Feature", "properties": { "X1": 1.0, "log_hist_precip": 0.75671529015642791, "log_hist_temp": 1.5569148193576765, "lat": -0.042194282076817663, "lon": -0.25521274340904837, "latlon": 0.010768518484999875, "log_co2e_ha_2017": 6.3113022548457343, "id_group": 41 }, "geometry": { "type": "Polygon", "coordinates": [ [ [ 4196880.71549853682518, 9370808.608652865514159 ], [ 4196086.684628118760884, 9438393.566478541120887 ], [ 4263323.783414381556213, 9439109.517206748947501 ], [ 4264050.786207087337971, 9371609.666048275306821 ], [ 4196880.71549853682518, 9370808.608652865514159 ] ] ] } },
{ "type": "Feature", "properties": { "X1": 1.0, "log_hist_precip": 0.65662343996742401, "log_hist_temp": 1.5319083122261312, "lat": -0.042194282076815588, "lon": -0.16770643257247073, "latlon": 0.0070762525220592837, "log_co2e_ha_2017": 6.3219495298162673, "id_group": 41 }, "geometry": { "type": "Polygon", "coordinates": [ [ [ 4264050.786207087337971, 9371609.666048275306821 ], [ 4263323.783414381556213, 9439109.517206748947501 ], [ 4330561.518598829396069, 9439762.974095217883587 ], [ 4331221.654394333250821, 9372340.80140788666904 ], [ 4264050.786207087337971, 9371609.666048275306821 ] ] ] } },
{ "type": "Feature", "properties": { "X1": 1.0, "log_hist_precip": 0.29181694981708167, "log_hist_temp": 1.5093490871196142, "lat": -0.042194282076862426, "lon": -0.080200121735973073, "latlon": 0.0033839865591263531, "log_co2e_ha_2017": 6.3427642448388708, "id_group": 41 }, "geometry": { "type": "Polygon", "coordinates": [ [ [ 4331221.654394333250821, 9372340.80140788666904 ], [ 4330561.518598829396069, 9439762.974095217883587 ], [ 4397799.832096277736127, 9440353.936579436063766 ], [ 4398393.247273543849587, 9373002.01393948122859 ], [ 4331221.654394333250821, 9372340.80140788666904 ] ] ] } },
{ "type": "Feature", "properties": { "X1": 1.0, "log_hist_precip": 0.16453006440311127, "log_hist_temp": 1.3649367152823688, "lat": -0.04219428207693985, "lon": 0.0073061891005409829, "latlon": -0.00030827940381568966, "log_co2e_ha_2017": 6.3758602797668038, "id_group": 42 }, "geometry": { "type": "Polygon", "coordinates": [ [ [ 4398393.247273545712233, 9373002.01393948122859 ], [ 4397799.832096279598773, 9440353.936579436063766 ], [ 4465038.665821046568453, 9440882.404148902744055 ], [ 4465565.492057207040489, 9373593.302926519885659 ], [ 4398393.247273545712233, 9373002.01393948122859 ] ] ] } },
{ "type": "Feature", "properties": { "X1": 1.0, "log_hist_precip": 0.25666150648673086, "log_hist_temp": 1.2858706660583499, "lat": -0.042194282076922857, "lon": 0.094812499937065295, "latlon": -0.0040005453667627637, "log_co2e_ha_2017": 6.4299086834221439, "id_group": 42 }, "geometry": { "type": "Polygon", "coordinates": [ [ [ 4465565.492057207040489, 9373593.302926519885659 ], [ 4465038.665821046568453, 9440882.404148902744055 ], [ 4532277.961687001399696, 9441348.376347072422504 ], [ 4532738.315957098267972, 9374114.667728304862976 ], [ 4465565.492057207040489, 9373593.302926519885659 ] ] ] } },
{ "type": "Feature", "properties": { "X1": 1.0, "log_hist_precip": 0.34167232198810332, "log_hist_temp": 1.0492763979666324, "lat": -0.042194282076826732, "lon": 0.18231881077364701, "latlon": -0.0076928113296948581, "log_co2e_ha_2017": 6.464948755250493, "id_group": 42 }, "geometry": { "type": "Polygon", "coordinates": [ [ [ 4532738.315957099199295, 9374114.667728304862976 ], [ 4532277.961687003262341, 9441348.376347072422504 ], [ 4599517.661607614718378, 9441751.852771418169141 ], [ 4599911.646184371784329, 9374566.107779866084456 ], [ 4532738.315957099199295, 9374114.667728304862976 ] ] ] } },
{ "type": "Feature", "properties": { "X1": 1.0, "log_hist_precip": 0.32079036249621196, "log_hist_temp": 0.98013473522690342, "lat": -0.042194282076773663, "lon": 0.2698251216100821, "latlon": -0.011385077292615561, "log_co2e_ha_2017": 6.4637780828081164, "id_group": 42 }, "geometry": { "type": "Polygon", "coordinates": [ [ [ 4599911.646184371784329, 9374566.107779866084456 ], [ 4599517.661607614718378, 9441751.852771418169141 ], [ 4666757.707496003247797, 9442092.833073357120156 ], [ 4667085.409949628636241, 9374947.622592033818364 ], [ 4599911.646184371784329, 9374566.107779866084456 ] ] ] } },
{ "type": "Feature", "properties": { "X1": 1.0, "log_hist_precip": 0.34381580298620362, "log_hist_temp": 0.87340517528783446, "lat": -0.042194282076822576, "lon": 0.35733143244661153, "latlon": -0.015077343255567397, "log_co2e_ha_2017": 6.4977735053255499, "id_group": 43 }, "geometry": { "type": "Polygon", "coordinates": [ [ [ 4667085.409949628636241, 9374947.622592033818364 ], [ 4666757.707496003247797, 9442092.833073357120156 ], [ 4733998.041264990344644, 9442371.316958367824554 ], [ 4734259.534463000483811, 9375259.211751382797956 ], [ 4667085.409949628636241, 9374947.622592033818364 ] ] ] } },
{ "type": "Feature", "properties": { "X1": 1.0, "log_hist_precip": 0.71093082653734352, "log_hist_temp": 0.70791686621667049, "lat": -0.042194282076843725, "lon": 0.44483774328317582, "latlon": -0.018769609218516916, "log_co2e_ha_2017": 6.540886467693598, "id_group": 43 }, "geometry": { "type": "Polygon", "coordinates": [ [ [ 4734259.534463002346456, 9375259.211751382797956 ], [ 4733998.041264991275966, 9442371.316958367824554 ], [ 4801238.604827147908509, 9442587.304185831919312 ], [ 4801433.946934233419597, 9375500.874920293688774 ], [ 4734259.534463002346456, 9375259.211751382797956 ] ] ] } },
{ "type": "Feature", "properties": { "X1": 1.0, "log_hist_precip": 0.72909122121414738, "log_hist_temp": -0.097351569853141903, "lat": -0.042194282076880363, "lon": 0.53234405411968377, "latlon": -0.022461875181476004, "log_co2e_ha_2017": 6.5944573749670674, "id_group": 43 }, "geometry": { "type": "Polygon", "coordinates": [ [ [ 4801433.946934233419597, 9375500.874920293688774 ], [ 4801238.604827147908509, 9442587.304185831919312 ], [ 4868479.3400948503986, 9442740.794569173827767 ], [ 4868608.574572754092515, 9375672.611836886033416 ], [ 4801433.946934233419597, 9375500.874920293688774 ] ] ] } },
{ "type": "Feature", "properties": { "X1": 1.0, "log_hist_precip": -0.1452906229289006, "log_hist_temp": -0.41862284932867477, "lat": -0.042194282076915113, "lon": 0.61985036495616808, "latlon": -0.026154141144439334, "log_co2e_ha_2017": 6.5728785742691072, "id_group": 43 }, "geometry": { "type": "Polygon", "coordinates": [ [ [ 4868608.574572755023837, 9375672.611836886033416 ], [ 4868479.340094851329923, 9442740.794569173827767 ], [ 4935720.188980323262513, 9442831.787975814193487 ], [ 4935783.344587760977447, 9375774.422315062955022 ], [ 4868608.574572755023837, 9375672.611836886033416 ] ] ] } },
{ "type": "Feature", "properties": { "X1": 1.0, "log_hist_precip": -0.7674049473604968, "log_hist_temp": -0.57834063542410585, "lat": -0.042194282076932675, "lon": 0.70735667579267181, "latlon": -0.029846407107397409, "log_co2e_ha_2017": 6.5588636970561227, "id_group": 44 }, "geometry": { "type": "Polygon", "coordinates": [ [ [ 4935783.344587760977447, 9375774.422315062955022 ], [ 4935720.188980323262513, 9442831.787975814193487 ], [ 5002961.093395693227649, 9442860.284327125176787 ], [ 5002958.184188294224441, 9375806.306244496256113 ], [ 4935783.344587760977447, 9375774.422315062955022 ] ] ] } },
{ "type": "Feature", "properties": { "X1": 1.0, "log_hist_precip": -0.9746110759406198, "log_hist_temp": -0.77263784442133066, "lat": -0.042194282076912656, "lon": 0.79486298662928534, "latlon": -0.033538673070333321, "log_co2e_ha_2017": 6.5376691363386685, "id_group": 44 }, "geometry": { "type": "Polygon", "coordinates": [ [ [ 5002958.184188295155764, 9375806.306244496256113 ], [ 5002961.093395693227649, 9442860.284327125176787 ], [ 5070201.995253041386604, 9442826.283598503097892 ], [ 5070133.02058332413435, 9375768.263590658083558 ], [ 5002958.184188295155764, 9375806.306244496256113 ] ] ] } },
{ "type": "Feature", "properties": { "X1": 1.0, "log_hist_precip": -1.0267903206558799, "log_hist_temp": -0.93686783794883621, "lat": -0.042194282076876588, "lon": 0.88236929746567228, "latlon": -0.037230939033242004, "log_co2e_ha_2017": 6.4879975066831292, "id_group": 44 }, "geometry": { "type": "Polygon", "coordinates": [ [ [ 5070133.02058332413435, 9375768.263590658083558 ], [ 5070201.995253041386604, 9442826.283598503097892 ], [ 5137442.836464447900653, 9442729.785819323733449 ], [ 5137307.780981818214059, 9375660.294394757598639 ], [ 5070133.02058332413435, 9375768.263590658083558 ] ] ] } },
{ "type": "Feature", "properties": { "X1": 1.0, "log_hist_precip": -1.0066022691156027, "log_hist_temp": -1.2129701132936512, "lat": -0.042194282076815963, "lon": 0.96987560830223352, "latlon": -0.040923204996127914, "log_co2e_ha_2017": 6.5757366124246559, "id_group": 44 }, "geometry": { "type": "Polygon", "coordinates": [ [ [ 5137307.780981819145381, 9375660.294394757598639 ], [ 5137442.836464447900653, 9442729.785819323733449 ], [ 5204683.5589420478791, 9442570.7910729162395 ], [ 5204482.392592831514776, 9375482.398773789405823 ], [ 5137307.780981819145381, 9375660.294394757598639 ] ] ] } },
{ "type": "Feature", "properties": { "X1": 1.0, "log_hist_precip": -0.98695026003080832, "log_hist_temp": -1.2559537752467314, "lat": -0.042194282076837869, "lon": 1.0573819191388716, "latlon": -0.044615470959093718, "log_co2e_ha_2017": 6.5390706180287284, "id_group": 45 }, "geometry": { "type": "Polygon", "coordinates": [ [ [ 5204482.392592831514776, 9375482.398773789405823 ], [ 5204683.5589420478791, 9442570.7910729162395 ], [ 5271924.104598077014089, 9442349.299496686086059 ], [ 5271656.782625577412546, 9375234.576920514926314 ], [ 5204482.392592831514776, 9375482.398773789405823 ] ] ] } },
{ "type": "Feature", "properties": { "X1": 1.0, "log_hist_precip": -0.99498765741040474, "log_hist_temp": -0.92123380641653807, "lat": -0.042194282076927388, "lon": 1.1448882299752585, "latlon": -0.048307736922130175, "log_co2e_ha_2017": 6.4498179695866966, "id_group": 45 }, "geometry": { "type": "Polygon", "coordinates": [ [ [ 5271656.782625577412546, 9375234.576920514926314 ], [ 5271924.104598077014089, 9442349.299496686086059 ], [ 5339164.415344926528633, 9442065.311281928792596 ], [ 5338830.878289510495961, 9374916.82910349778831 ], [ 5271656.782625577412546, 9375234.576920514926314 ] ] ] } },
{ "type": "Feature", "properties": { "X1": 1.0, "log_hist_precip": -0.89442984999989372, "log_hist_temp": -0.6217001006690569, "lat": -0.042194282076876206, "lon": 1.2323945408117654, "latlon": -0.052000002885013955, "log_co2e_ha_2017": 6.3849428650158391, "id_group": 45 }, "geometry": { "type": "Polygon", "coordinates": [ [ [ 5338830.878289510495961, 9374916.82910349778831 ], [ 5339164.415344927459955, 9442065.311281928792596 ], [ 5406404.433095187880099, 9441718.826673997566104 ], [ 5406004.606794402934611, 9374529.155667025595903 ], [ 5338830.878289510495961, 9374916.82910349778831 ] ] ] } },
{ "type": "Feature", "properties": { "X1": 1.0, "log_hist_precip": -0.87052725676690934, "log_hist_temp": 0.16082210945079745, "lat": -0.042194282076853544, "lon": 1.3199008516483728, "latlon": -0.055692268847930666, "log_co2e_ha_2017": 6.2747442126751274, "id_group": 45 }, "geometry": { "type": "Polygon", "coordinates": [ [ [ 5406004.606794402934611, 9374529.155667025595903 ], [ 5406404.433095187880099, 9441718.826673997566104 ], [ 5473644.099761706776917, 9441309.845972206443548 ], [ 5473177.895350427366793, 9374071.557031212374568 ], [ 5406004.606794402934611, 9374529.155667025595903 ] ] ] } },
{ "type": "Feature", "properties": { "X1": 1.0, "log_hist_precip": -1.0153795873517442, "log_hist_temp": 0.76239164955151573, "lat": -0.042194282076952506, "lon": 1.4074071624847955, "latlon": -0.059384534811006792, "log_co2e_ha_2017": 6.0853848726232522, "id_group": 46 }, "geometry": { "type": "Polygon", "coordinates": [ [ [ 5473177.895350428298116, 9374071.557031212374568 ], [ 5473644.09976170770824, 9441309.845972206443548 ], [ 5540883.357257632538676, 9440838.369529871270061 ], [ 5540350.67116823233664, 9373544.033691890537739 ], [ 5473177.895350428298116, 9374071.557031212374568 ] ] ] } },
{ "type": "Feature", "properties": { "X1": 1.0, "log_hist_precip": -1.3192689058919949, "log_hist_temp": 0.82847897868200648, "lat": -0.042194282076832769, "lon": 1.4949134733214315, "latlon": -0.063076800773782304, "log_co2e_ha_2017": 6.1135580446707873, "id_group": 46 }, "geometry": { "type": "Polygon", "coordinates": [ [ [ 5540350.67116823233664, 9373544.033691890537739 ], [ 5540883.357257632538676, 9440838.369529871270061 ], [ 5608122.147496464662254, 9440304.397754278033972 ], [ 5607522.861459016799927, 9372946.586220687255263 ], [ 5540350.67116823233664, 9373544.033691890537739 ] ] ] } },
{ "type": "Feature", "properties": { "X1": 1.0, "log_hist_precip": -1.6745798312885258, "log_hist_temp": 0.54163937355758429, "lat": -0.042194282076805763, "lon": 1.5824197841578524, "latlon": -0.066769066736674515, "log_co2e_ha_2017": 5.7199364345972956, "id_group": 46 }, "geometry": { "type": "Polygon", "coordinates": [ [ [ 5607522.861459018662572, 9372946.586220687255263 ], [ 5608122.147496466524899, 9440304.397754278033972 ], [ 5675360.412392113357782, 9439707.931106727570295 ], [ 5674694.393434625118971, 9372279.215265013277531 ], [ 5607522.861459018662572, 9372946.586220687255263 ] ] ] } },
{ "type": "Feature", "properties": { "X1": 1.0, "log_hist_precip": -2.1187742873555431, "log_hist_temp": -0.0047722965207968211, "lat": -0.042194282076796132, "lon": 1.6699260949944956, "latlon": -0.070461332699600407, "log_co2e_ha_2017": 5.5608418745860968, "id_group": 46 }, "geometry": { "type": "Polygon", "coordinates": [ [ [ 5674694.393434625118971, 9372279.215265013277531 ], [ 5675360.412392113357782, 9439707.931106727570295 ], [ 5742598.09385893587023, 9439048.970102483406663 ], [ 5741865.19430760294199, 9371541.921548046171665 ], [ 5674694.393434625118971, 9372279.215265013277531 ] ] ] } },
{ "type": "Feature", "properties": { "X1": 1.0, "log_hist_precip": -2.565489640519441, "log_hist_temp": -0.69938213867418542, "lat": -0.042194282076870357, "lon": 1.7574324058309072, "latlon": -0.074153598662662204, "log_co2e_ha_2017": 5.68791816893728, "id_group": 47 }, "geometry": { "type": "Polygon", "coordinates": [ [ [ 5741865.19430760294199, 9371541.921548046171665 ], [ 5742598.09385893587023, 9439048.970102483406663 ], [ 5809835.133811796084046, 9438327.515310809016228 ], [ 5809035.19129129499197, 9370734.705868685618043 ], [ 5741865.19430760294199, 9371541.921548046171665 ] ] ] } },
{ "type": "Feature", "properties": { "X1": 1.0, "log_hist_precip": -3.302836581607195, "log_hist_temp": -0.87727532538618047, "lat": -0.042194282076853357, "lon": 1.8449387166674571, "latlon": -0.077845864625574523, "log_co2e_ha_2017": 5.6415514168312813, "id_group": 47 }, "geometry": { "type": "Polygon", "coordinates": [ [ [ 5809035.19129129871726, 9370734.705868685618043 ], [ 5809835.133811797015369, 9438327.515310809016228 ], [ 5877071.474166112020612, 9437543.567354954779148 ], [ 5876204.311599920503795, 9369857.56910165399313 ], [ 5809035.19129129871726, 9370734.705868685618043 ] ] ] } },
{ "type": "Feature", "properties": { "X1": 1.0, "log_hist_precip": -3.5908630604174028, "log_hist_temp": -0.22577148150189555, "lat": -0.042194282076822007, "lon": 1.9324450275039784, "latlon": -0.081538130588454924, "log_co2e_ha_2017": 5.7264827889525423, "id_group": 47 }, "geometry": { "type": "Polygon", "coordinates": [ [ [ 5876204.311599920503795, 9369857.56910165399313 ], [ 5877071.474166112020612, 9437543.567354954779148 ], [ 5944307.056837907992303, 9436697.126912148669362 ], [ 5943372.482448638416827, 9368910.512197433039546 ], [ 5876204.311599920503795, 9369857.56910165399313 ] ] ] } },
{ "type": "Feature", "properties": { "X1": 1.0, "log_hist_precip": 0.84792219702943861, "log_hist_temp": 0.051499652793481197, "lat": -0.17112726261188832, "lon": -2.0053389601394196, "latlon": 0.34316816685762952, "log_co2e_ha_2017": 6.6600702667580558, "id_group": 36 }, "geometry": { "type": "Polygon", "coordinates": [ [ [ 2856197.548335584346205, 9269273.999195041134953 ], [ 2853758.853110941592604, 9340105.724199524149299 ], [ 2920897.690940114669502, 9342304.939261928200722 ], [ 2923254.777558670379221, 9271705.796341724693775 ], [ 2856197.548335584346205, 9269273.999195041134953 ] ] ] } },
{ "type": "Feature", "properties": { "X1": 1.0, "log_hist_precip": 0.97609408062936742, "log_hist_temp": -0.10799473727647131, "lat": -0.17112726261185074, "lon": -1.9178326493029076, "latlon": 0.32819345142284012, "log_co2e_ha_2017": 6.6814955590458629, "id_group": 36 }, "geometry": { "type": "Polygon", "coordinates": [ [ [ 2923254.777558666653931, 9271705.796341724693775 ], [ 2920897.690940110012889, 9342304.939261928200722 ], [ 2988038.781696205493063, 9344434.264043308794498 ], [ 2990314.76456504361704, 9274060.317767582833767 ], [ 2923254.777558666653931, 9271705.796341724693775 ] ] ] } },
{ "type": "Feature", "properties": { "X1": 1.0, "log_hist_precip": 0.98405071653080356, "log_hist_temp": -0.18384910056109799, "lat": -0.17112726261173819, "lon": -1.8303263384663526, "latlon": 0.31321873598791272, "log_co2e_ha_2017": 6.670159111154577, "id_group": 36 }, "geometry": { "type": "Polygon", "coordinates": [ [ [ 2990314.764565042220056, 9274060.317767582833767 ], [ 2988038.781696204096079, 9344434.264043308794498 ], [ 3055182.052624755539, 9346493.696236338466406 ], [ 3057377.420303381979465, 9276337.560345988720655 ], [ 2990314.764565042220056, 9274060.317767582833767 ] ] ] } },
{ "type": "Feature", "properties": { "X1": 1.0, "log_hist_precip": 0.90626709591345078, "log_hist_temp": -0.17662511309019108, "lat": -0.17112726261176822, "lon": -1.7428200276298302, "latlon": 0.2982440205532591, "log_co2e_ha_2017": 6.6443725187933138, "id_group": 37 }, "geometry": { "type": "Polygon", "coordinates": [ [ [ 3057377.420303380582482, 9276337.560345988720655 ], [ 3055182.052624754142016, 9346493.696236338466406 ], [ 3122327.430968940258026, 9348483.233609391376376 ], [ 3124442.655718818772584, 9278537.52105288952589 ], [ 3057377.420303380582482, 9276337.560345988720655 ] ] ] } },
{ "type": "Feature", "properties": { "X1": 1.0, "log_hist_precip": 0.84416716561086702, "log_hist_temp": -0.082189951134980968, "lat": -0.17112726261188832, "lon": -1.6553137167932712, "latlon": 0.28326930511874304, "log_co2e_ha_2017": 6.5961863944384325, "id_group": 37 }, "geometry": { "type": "Polygon", "coordinates": [ [ [ 3124442.655718818772584, 9278537.52105288952589 ], [ 3122327.430968940258026, 9348483.233609391376376 ], [ 3189474.843969650566578, 9350402.87400659173727 ], [ 3191510.381753060501069, 9280660.196966897696257 ], [ 3124442.655718818772584, 9278537.52105288952589 ] ] ] } },
{ "type": "Feature", "properties": { "X1": 1.0, "log_hist_precip": 0.8837780748127616, "log_hist_temp": -0.14846815165263882, "lat": -0.17112726261180428, "lon": -1.5678074059567715, "latlon": 0.26829458968389608, "log_co2e_ha_2017": 6.53258688581864, "id_group": 37 }, "geometry": { "type": "Polygon", "coordinates": [ [ [ 3191510.381753059104085, 9280660.196966897696257 ], [ 3189474.843969649169594, 9350402.87400659173727 ], [ 3256624.218865571543574, 9352252.615347804501653 ], [ 3258580.509344503283501, 9282705.585269220173359 ], [ 3191510.381753059104085, 9280660.196966897696257 ] ] ] } },
{ "type": "Feature", "properties": { "X1": 1.0, "log_hist_precip": 0.99561340486389693, "log_hist_temp": -0.0084850818227810484, "lat": -0.17112726261180408, "lon": -1.4803010951203537, "latlon": 0.25331987424920194, "log_co2e_ha_2017": 6.5707689223642909, "id_group": 37 }, "geometry": { "type": "Polygon", "coordinates": [ [ [ 3258580.509344502352178, 9282705.585269220173359 ], [ 3256624.218865570612252, 9352252.615347804501653 ], [ 3323775.482893266715109, 9354032.455628640949726 ], [ 3325652.949428361840546, 9284673.683243719860911 ], [ 3258580.509344502352178, 9282705.585269220173359 ] ] ] } },
{ "type": "Feature", "properties": { "X1": 1.0, "log_hist_precip": 1.1236255900401941, "log_hist_temp": -0.094347739309393636, "lat": -0.17112726261182185, "lon": -1.3927947842837782, "latlon": 0.23834515881450588, "log_co2e_ha_2017": 6.5246356239746301, "id_group": 38 }, "geometry": { "type": "Polygon", "coordinates": [ [ [ 3325652.949428357649595, 9284673.683243719860911 ], [ 3323775.482893262058496, 9354032.455628640949726 ], [ 3390928.563287247903645, 9355742.392920477315784 ], [ 3392727.612936770543456, 9286564.48827688395977 ], [ 3325652.949428357649595, 9284673.683243719860911 ] ] ] } },
{ "type": "Feature", "properties": { "X1": 1.0, "log_hist_precip": 1.0406103410602057, "log_hist_temp": -0.013568731724024096, "lat": -0.17112726261183317, "lon": -1.305288473447143, "latlon": 0.22337044337978806, "log_co2e_ha_2017": 6.4927578130027541, "id_group": 38 }, "geometry": { "type": "Polygon", "coordinates": [ [ [ 3392727.612936770543456, 9286564.48827688395977 ], [ 3390928.563287247903645, 9355742.392920477315784 ], [ 3458083.387280059978366, 9357382.425370378419757 ], [ 3459804.410798920318484, 9288377.997857864946127 ], [ 3392727.612936770543456, 9286564.48827688395977 ] ] ] } },
{ "type": "Feature", "properties": { "X1": 1.0, "log_hist_precip": 0.92737903266636623, "log_hist_temp": 0.15082770695863451, "lat": -0.17112726261181768, "lon": -1.2177821626107295, "latlon": 0.20839572794507358, "log_co2e_ha_2017": 6.4596287058890232, "id_group": 38 }, "geometry": { "type": "Polygon", "coordinates": [ [ [ 3459804.410798919387162, 9288377.997857864946127 ], [ 3458083.387280058581382, 9357382.425370378419757 ], [ 3525239.882102361880243, 9358952.551201228052378 ], [ 3526883.253941161558032, 9290114.209578417241573 ], [ 3459804.410798919387162, 9288377.997857864946127 ] ] ] } },
{ "type": "Feature", "properties": { "X1": 1.0, "log_hist_precip": 0.95776021668636613, "log_hist_temp": 0.205989761570774, "lat": -0.17112726261177047, "lon": -1.1302758517740679, "latlon": 0.19342101251028346, "log_co2e_ha_2017": 6.4525472480095463, "id_group": 38 }, "geometry": { "type": "Polygon", "coordinates": [ [ [ 3526883.253941159695387, 9290114.209578417241573 ], [ 3525239.882102360483259, 9358952.551201228052378 ], [ 3592397.974982995539904, 9360452.768711607903242 ], [ 3593964.05328712798655, 9291773.121132982894778 ], [ 3526883.253941159695387, 9290114.209578417241573 ] ] ] } },
{ "type": "Feature", "properties": { "X1": 1.0, "log_hist_precip": 1.0992629669809837, "log_hist_temp": 0.33452680402494361, "lat": -0.17112726261184413, "lon": -1.0427695409377178, "latlon": 0.17844629707568099, "log_co2e_ha_2017": 6.4561658102906296, "id_group": 39 }, "geometry": { "type": "Polygon", "coordinates": [ [ [ 3593964.053287127055228, 9291773.121132982894778 ], [ 3592397.974982994608581, 9360452.768711607903242 ], [ 3659557.593149077612907, 9361883.076275883242488 ], [ 3661046.719757861457765, 9293354.730318618938327 ], [ 3593964.053287127055228, 9291773.121132982894778 ] ] ] } },
{ "type": "Feature", "properties": { "X1": 1.0, "log_hist_precip": 1.3165553689800007, "log_hist_temp": 0.48039727615824179, "lat": -0.17112726261183073, "lon": -0.95526323010107461, "latlon": 0.16347158164093228, "log_co2e_ha_2017": 6.4493449899858426, "id_group": 39 }, "geometry": { "type": "Polygon", "coordinates": [ [ [ 3661046.719757860526443, 9293354.730318618938327 ], [ 3659557.593149076215923, 9361883.076275883242488 ], [ 3726718.663826069794595, 9363243.472344174981117 ], [ 3728131.164271921850741, 9294859.03503505513072 ], [ 3661046.719757860526443, 9293354.730318618938327 ] ] ] } },
{ "type": "Feature", "properties": { "X1": 1.0, "log_hist_precip": 1.5258566238265756, "log_hist_temp": 0.60674209286794056, "lat": -0.17112726261176406, "lon": -0.86775691926471032, "latlon": 0.14849686620618743, "log_co2e_ha_2017": 6.4181431701293041, "id_group": 39 }, "geometry": { "type": "Polygon", "coordinates": [ [ [ 3728131.164271921850741, 9294859.03503505513072 ], [ 3726718.663826069794595, 9363243.472344174981117 ], [ 3793881.114237857051194, 9364533.955442324280739 ], [ 3795217.297745506279171, 9296286.033284673467278 ], [ 3728131.164271921850741, 9294859.03503505513072 ] ] ] } },
{ "type": "Feature", "properties": { "X1": 1.0, "log_hist_precip": 1.0767123307038318, "log_hist_temp": 0.76504475521158033, "lat": -0.17112726261180844, "lon": -0.78025060842813065, "latlon": 0.13352215077150403, "log_co2e_ha_2017": 6.3748413815998024, "id_group": 39 }, "geometry": { "type": "Polygon", "coordinates": [ [ [ 3795217.297745504416525, 9296286.033284673467278 ], [ 3793881.114237856119871, 9364533.955442324280739 ], [ 3861044.871606832370162, 9365754.52417198754847 ], [ 3862305.031092567369342, 9297635.723172519356012 ], [ 3795217.297745504416525, 9296286.033284673467278 ] ] ] } },
{ "type": "Feature", "properties": { "X1": 1.0, "log_hist_precip": 0.52285426535162871, "log_hist_temp": 0.77107460706617825, "lat": -0.17112726261187358, "lon": -0.69274429759156841, "latlon": 0.11854743533683024, "log_co2e_ha_2017": 6.3671307592720146, "id_group": 40 }, "geometry": { "type": "Polygon", "coordinates": [ [ [ 3862305.031092565972358, 9297635.723172519356012 ], [ 3861044.871606830507517, 9365754.52417198754847 ], [ 3928209.86315397080034, 9366905.17721051722765 ], [ 3929394.275224938523024, 9298908.102906282991171 ], [ 3862305.031092565972358, 9297635.723172519356012 ] ] ] } },
{ "type": "Feature", "properties": { "X1": 1.0, "log_hist_precip": 0.32569206948488366, "log_hist_temp": 0.80841663562639654, "lat": -0.17112726261179087, "lon": -0.60523798675507179, "latlon": 0.10357271990206678, "log_co2e_ha_2017": 6.339170676340907, "id_group": 40 }, "geometry": { "type": "Polygon", "coordinates": [ [ [ 3929394.275224939920008, 9298908.102906282991171 ], [ 3928209.863153972662985, 9366905.17721051722765 ], [ 3995376.016098913736641, 9367985.913311088457704 ], [ 3996484.941052445210516, 9300103.170796329155564 ], [ 3929394.275224939920008, 9298908.102906282991171 ] ] ] } },
{ "type": "Feature", "properties": { "X1": 1.0, "log_hist_precip": 0.082501991587923082, "log_hist_temp": 0.87388360364641826, "lat": -0.17112726261181391, "lon": -0.51773167591856994, "latlon": 0.088598004467371649, "log_co2e_ha_2017": 6.3246487366937316, "id_group": 40 }, "geometry": { "type": "Polygon", "coordinates": [ [ [ 3996484.941052445210516, 9300103.170796329155564 ], [ 3995376.016098913736641, 9367985.913311088457704 ], [ 4062543.257660037837923, 9368996.73130258359015 ], [ 4063576.939483020454645, 9301220.925255674868822 ], [ 3996484.941052445210516, 9300103.170796329155564 ] ] ] } },
{ "type": "Feature", "properties": { "X1": 1.0, "log_hist_precip": -0.23387769137078102, "log_hist_temp": 1.1049756002957667, "lat": -0.17112726261187625, "lon": -0.43022536508208775, "latlon": 0.07362328903269276, "log_co2e_ha_2017": 6.3310527518247497, "id_group": 40 }, "geometry": { "type": "Polygon", "coordinates": [ [ [ 4063576.939483021851629, 9301220.925255674868822 ], [ 4062543.257660039234906, 9368996.73130258359015 ], [ 4129711.515054546296597, 9369937.630089696496725 ], [ 4130670.181422835215926, 9302261.364800043404102 ], [ 4063576.939483021851629, 9301220.925255674868822 ] ] ] } },
{ "type": "Feature", "properties": { "X1": 1.0, "log_hist_precip": 0.30513732136948829, "log_hist_temp": 1.419411322733253, "lat": -0.17112726261183733, "lon": -0.34271905424545474, "latlon": 0.058648573597942455, "log_co2e_ha_2017": 6.3594500278836659, "id_group": 41 }, "geometry": { "type": "Polygon", "coordinates": [ [ [ 4130670.181422835215926, 9302261.364800043404102 ], [ 4129711.515054546296597, 9369937.630089696496725 ], [ 4196880.71549853682518, 9370808.608652865514159 ], [ 4197764.577776402235031, 9303224.488047763705254 ], [ 4130670.181422835215926, 9302261.364800043404102 ] ] ] } },
{ "type": "Feature", "properties": { "X1": 1.0, "log_hist_precip": 0.81952867581299271, "log_hist_temp": 1.5117193055252733, "lat": -0.17112726261184846, "lon": -0.25521274340903194, "latlon": 0.04367385816324771, "log_co2e_ha_2017": 6.3651318958140717, "id_group": 41 }, "geometry": { "type": "Polygon", "coordinates": [ [ [ 4197764.577776402235031, 9303224.488047763705254 ], [ 4196880.71549853682518, 9370808.608652865514159 ], [ 4264050.786207087337971, 9371609.666048275306821 ], [ 4264860.039446705020964, 9304110.29371989518404 ], [ 4197764.577776402235031, 9303224.488047763705254 ] ] ] } },
{ "type": "Feature", "properties": { "X1": 1.0, "log_hist_precip": 0.67040900699050077, "log_hist_temp": 1.4592211312318832, "lat": -0.17112726261185074, "lon": -0.16770643257249224, "latlon": 0.028699142728529518, "log_co2e_ha_2017": 6.3477717168375714, "id_group": 41 }, "geometry": { "type": "Polygon", "coordinates": [ [ [ 4264860.039446705020964, 9304110.29371989518404 ], [ 4264050.786207087337971, 9371609.666048275306821 ], [ 4331221.654394333250821, 9372340.80140788666904 ], [ 4331956.477335312403738, 9304918.780640140175819 ], [ 4264860.039446705020964, 9304110.29371989518404 ] ] ] } },
{ "type": "Feature", "properties": { "X1": 1.0, "log_hist_precip": 0.31036577228986761, "log_hist_temp": 1.3452005721459808, "lat": -0.17112726261184905, "lon": -0.080200121735919755, "latlon": 0.013724427293805002, "log_co2e_ha_2017": 6.3432061333440117, "id_group": 41 }, "geometry": { "type": "Polygon", "coordinates": [ [ [ 4331956.477335312403738, 9304918.780640140175819 ], [ 4331221.654394333250821, 9372340.80140788666904 ], [ 4398393.247273543849587, 9373002.01393948122859 ], [ 4399053.802342493087053, 9305649.947734870016575 ], [ 4331956.477335312403738, 9304918.780640140175819 ] ] ] } },
{ "type": "Feature", "properties": { "X1": 1.0, "log_hist_precip": 0.11970368981008142, "log_hist_temp": 1.2496787852548725, "lat": -0.17112726261176331, "lon": 0.0073061891004876619, "latlon": -0.0012502881408903549, "log_co2e_ha_2017": 6.4030320142564952, "id_group": 42 }, "geometry": { "type": "Polygon", "coordinates": [ [ [ 4399053.802342494949698, 9305649.947734870016575 ], [ 4398393.247273545712233, 9373002.01393948122859 ], [ 4465565.492057207040489, 9373593.302926519885659 ], [ 4466151.925367346033454, 9306303.794033141806722 ], [ 4399053.802342494949698, 9305649.947734870016575 ] ] ] } },
{ "type": "Feature", "properties": { "X1": 1.0, "log_hist_precip": 0.15254018912219347, "log_hist_temp": 1.0449683496597701, "lat": -0.17112726261172326, "lon": 0.094812499937080671, "latlon": -0.0162250035756068, "log_co2e_ha_2017": 6.4608893051363951, "id_group": 42 }, "geometry": { "type": "Polygon", "coordinates": [ [ [ 4466151.925367346033454, 9306303.794033141806722 ], [ 4465565.492057207040489, 9373593.302926519885659 ], [ 4532738.315957098267972, 9374114.667728304862976 ], [ 4533250.757307899184525, 9306880.318666707724333 ], [ 4466151.925367346033454, 9306303.794033141806722 ] ] ] } },
{ "type": "Feature", "properties": { "X1": 1.0, "log_hist_precip": 0.20639755108657712, "log_hist_temp": 1.0517411632567346, "lat": -0.1711272626117733, "lon": 0.18231881077360293, "latlon": -0.031199719010320551, "log_co2e_ha_2017": 6.4648068831449645, "id_group": 42 }, "geometry": { "type": "Polygon", "coordinates": [ [ [ 4533250.75730790104717, 9306880.318666707724333 ], [ 4532738.315957099199295, 9374114.667728304862976 ], [ 4599911.646184371784329, 9374566.107779866084456 ], [ 4600350.209061250090599, 9307379.520869962871075 ], [ 4533250.75730790104717, 9306880.318666707724333 ] ] ] } },
{ "type": "Feature", "properties": { "X1": 1.0, "log_hist_precip": 0.24033066115330734, "log_hist_temp": 1.0659239990942875, "lat": -0.17112726261180219, "lon": 0.2698251216101098, "latlon": -0.046174434445034725, "log_co2e_ha_2017": 6.5048132577895066, "id_group": 42 }, "geometry": { "type": "Polygon", "coordinates": [ [ [ 4600350.209061250090599, 9307379.520869962871075 ], [ 4599911.646184371784329, 9374566.107779866084456 ], [ 4667085.409949628636241, 9374947.622592033818364 ], [ 4667450.191523664630949, 9307801.399980006739497 ], [ 4600350.209061250090599, 9307379.520869962871075 ] ] ] } },
{ "type": "Feature", "properties": { "X1": 1.0, "log_hist_precip": 0.40162125218326283, "log_hist_temp": 0.71803036414930566, "lat": -0.17112726261187322, "lon": 0.35733143244666282, "latlon": -0.061149149879776904, "log_co2e_ha_2017": 6.5458959200017546, "id_group": 43 }, "geometry": { "type": "Polygon", "coordinates": [ [ [ 4667450.191523664630949, 9307801.399980006739497 ], [ 4667085.409949628636241, 9374947.622592033818364 ], [ 4734259.534463000483811, 9375259.211751382797956 ], [ 4734550.615590707398951, 9308145.955436622723937 ], [ 4667450.191523664630949, 9307801.399980006739497 ] ] ] } },
{ "type": "Feature", "properties": { "X1": 1.0, "log_hist_precip": 0.79902737660956846, "log_hist_temp": 0.36651600955258073, "lat": -0.17112726261187641, "lon": 0.44483774328318509, "latlon": -0.076123865314496081, "log_co2e_ha_2017": 6.5702654267265048, "id_group": 43 }, "geometry": { "type": "Polygon", "coordinates": [ [ [ 4734550.615590709261596, 9308145.955436622723937 ], [ 4734259.534463002346456, 9375259.211751382797956 ], [ 4801433.946934233419597, 9375500.874920293688774 ], [ 4801651.392157360911369, 9308413.18678224273026 ], [ 4734550.615590709261596, 9308145.955436622723937 ] ] ] } },
{ "type": "Feature", "properties": { "X1": 1.0, "log_hist_precip": 0.75748148226012069, "log_hist_temp": -0.21844693044827787, "lat": -0.17112726261182865, "lon": 0.53234405411967145, "latlon": -0.091098580749182534, "log_co2e_ha_2017": 6.5653742958489021, "id_group": 43 }, "geometry": { "type": "Polygon", "coordinates": [ [ [ 4801651.392157360911369, 9308413.18678224273026 ], [ 4801433.946934233419597, 9375500.874920293688774 ], [ 4868608.574572754092515, 9375672.611836886033416 ], [ 4868752.432118130847812, 9308603.09366200491786 ], [ 4801651.392157360911369, 9308413.18678224273026 ] ] ] } },
{ "type": "Feature", "properties": { "X1": 1.0, "log_hist_precip": 0.10356175449589468, "log_hist_temp": -0.36366962685907739, "lat": -0.17112726261179653, "lon": 0.61985036495618551, "latlon": -0.10607329618387508, "log_co2e_ha_2017": 6.5685812095758171, "id_group": 43 }, "geometry": { "type": "Polygon", "coordinates": [ [ [ 4868752.432118131779134, 9308603.09366200491786 ], [ 4868608.574572755023837, 9375672.611836886033416 ], [ 4935783.344587760977447, 9375774.422315062955022 ], [ 4935853.646367180161178, 9308715.675823727622628 ], [ 4868752.432118131779134, 9308603.09366200491786 ] ] ] } },
{ "type": "Feature", "properties": { "X1": 1.0, "log_hist_precip": -0.42875626582865745, "log_hist_temp": -0.44732474535078071, "lat": -0.17112726261179256, "lon": 0.70735667579266059, "latlon": -0.12104801161857524, "log_co2e_ha_2017": 6.5558678720638799, "id_group": 44 }, "geometry": { "type": "Polygon", "coordinates": [ [ [ 4935853.646367180161178, 9308715.675823727622628 ], [ 4935783.344587760977447, 9375774.422315062955022 ], [ 5002958.184188294224441, 9375806.306244496256113 ], [ 5002954.945798435248435, 9308750.933117914944887 ], [ 4935853.646367180161178, 9308715.675823727622628 ] ] ] } },
{ "type": "Feature", "properties": { "X1": 1.0, "log_hist_precip": -0.6073456434713409, "log_hist_temp": -0.9342129819464573, "lat": -0.17112726261176953, "lon": 0.79486298662926902, "latlon": -0.13602272705328236, "log_co2e_ha_2017": 6.4182260593307756, "id_group": 44 }, "geometry": { "type": "Polygon", "coordinates": [ [ [ 5002954.945798436179757, 9308750.933117914944887 ], [ 5002958.184188295155764, 9375806.306244496256113 ], [ 5070133.02058332413435, 9375768.263590658083558 ], [ 5070056.241305715404451, 9308708.86549773812294 ], [ 5002954.945798436179757, 9308750.933117914944887 ] ] ] } },
{ "type": "Feature", "properties": { "X1": 1.0, "log_hist_precip": -0.65974951452942132, "log_hist_temp": -1.159050642738116, "lat": -0.17112726261176595, "lon": 0.88236929746566917, "latlon": -0.15099744248796698, "log_co2e_ha_2017": 6.3734655275651573, "id_group": 44 }, "geometry": { "type": "Polygon", "coordinates": [ [ [ 5070056.241305715404451, 9308708.86549773812294 ], [ 5070133.02058332413435, 9375768.263590658083558 ], [ 5137307.780981818214059, 9375660.294394757598639 ], [ 5137157.443782838061452, 9308589.473019070923328 ], [ 5070056.241305715404451, 9308708.86549773812294 ] ] ] } },
{ "type": "Feature", "properties": { "X1": 1.0, "log_hist_precip": -0.67883731580858497, "log_hist_temp": -1.2621625743838745, "lat": -0.17112726261181371, "lon": 0.96987560830226738, "latlon": -0.16597215792273468, "log_co2e_ha_2017": 6.3402027754483079, "id_group": 44 }, "geometry": { "type": "Polygon", "coordinates": [ [ [ 5137157.443782838992774, 9308589.473019070923328 ], [ 5137307.780981819145381, 9375660.294394757598639 ], [ 5204482.392592831514776, 9375482.398773789405823 ], [ 5204258.4641237501055, 9308392.755840454250574 ], [ 5137157.443782838992774, 9308589.473019070923328 ] ] ] } },
{ "type": "Feature", "properties": { "X1": 1.0, "log_hist_precip": -0.72139498884220543, "log_hist_temp": -1.5811671250965385, "lat": -0.17112726261183356, "lon": 1.0573819191388614, "latlon": -0.1809468733574805, "log_co2e_ha_2017": 6.344238034596736, "id_group": 45 }, "geometry": { "type": "Polygon", "coordinates": [ [ [ 5204258.4641237501055, 9308392.755840454250574 ], [ 5204482.392592831514776, 9375482.398773789405823 ], [ 5271656.782625577412546, 9375234.576920514926314 ], [ 5271359.21322263777256, 9308118.714223112910986 ], [ 5204258.4641237501055, 9308392.755840454250574 ] ] ] } },
{ "type": "Feature", "properties": { "X1": 1.0, "log_hist_precip": -0.76840635246269928, "log_hist_temp": -1.5008107954239713, "lat": -0.17112726261178426, "lon": 1.1448882299752945, "latlon": -0.19592158879212307, "log_co2e_ha_2017": 6.2943347585309057, "id_group": 45 }, "geometry": { "type": "Polygon", "coordinates": [ [ [ 5271359.21322263777256, 9308118.714223112910986 ], [ 5271656.782625577412546, 9375234.576920514926314 ], [ 5338830.878289510495961, 9374916.82910349778831 ], [ 5338459.60197404678911, 9307767.348530953750014 ], [ 5271359.21322263777256, 9308118.714223112910986 ] ] ] } },
{ "type": "Feature", "properties": { "X1": 1.0, "log_hist_precip": -0.80947937627093114, "log_hist_temp": -1.5140786670339244, "lat": -0.17112726261183658, "lon": 1.2323945408117285, "latlon": -0.21089630422688241, "log_co2e_ha_2017": 6.4758284933741237, "id_group": 45 }, "geometry": { "type": "Polygon", "coordinates": [ [ [ 5338459.601974047720432, 9307767.348530953750014 ], [ 5338830.878289510495961, 9374916.82910349778831 ], [ 5406004.606794402934611, 9374529.155667025595903 ], [ 5405559.541273002512753, 9307338.659230580553412 ], [ 5338459.601974047720432, 9307767.348530953750014 ] ] ] } },
{ "type": "Feature", "properties": { "X1": 1.0, "log_hist_precip": -0.88438707718912657, "log_hist_temp": -0.60209851749105048, "lat": -0.17112726261187605, "lon": 1.3199008516484221, "latlon": -0.22587101966167838, "log_co2e_ha_2017": 6.2855271738502916, "id_group": 45 }, "geometry": { "type": "Polygon", "coordinates": [ [ [ 5405559.541273002512753, 9307338.659230580553412 ], [ 5406004.606794402934611, 9374529.155667025595903 ], [ 5473177.895350427366793, 9374071.557031212374568 ], [ 5472658.942015128210187, 9306832.646891251206398 ], [ 5405559.541273002512753, 9307338.659230580553412 ] ] ] } },
{ "type": "Feature", "properties": { "X1": 1.0, "log_hist_precip": -1.1367209664486517, "log_hist_temp": 0.32368694162622985, "lat": -0.17112726261189268, "lon": 1.407407162484777, "latlon": -0.24084573509639115, "log_co2e_ha_2017": 6.2026898117417613, "id_group": 46 }, "geometry": { "type": "Polygon", "coordinates": [ [ [ 5472658.94201512914151, 9306832.646891251206398 ], [ 5473177.895350428298116, 9374071.557031212374568 ], [ 5540350.67116823233664, 9373544.033691890537739 ], [ 5539757.715096760541201, 9306249.312184922397137 ], [ 5472658.94201512914151, 9306832.646891251206398 ] ] ] } },
{ "type": "Feature", "properties": { "X1": 1.0, "log_hist_precip": -1.4866941023108782, "log_hist_temp": 0.34264492404298763, "lat": -0.1711272626118685, "lon": 1.4949134733213454, "latlon": -0.25582045053108238, "log_co2e_ha_2017": 5.8760351583692669, "id_group": 46 }, "geometry": { "type": "Polygon", "coordinates": [ [ [ 5539757.715096760541201, 9306249.312184922397137 ], [ 5540350.67116823233664, 9373544.033691890537739 ], [ 5607522.861459016799927, 9372946.586220687255263 ], [ 5606855.771415067836642, 9305588.65588622353971 ], [ 5539757.715096760541201, 9306249.312184922397137 ] ] ] } },
{ "type": "Feature", "properties": { "X1": 1.0, "log_hist_precip": -1.7121348209871816, "log_hist_temp": 0.09980484882395034, "lat": -0.17112726261183769, "lon": 1.5824197841578904, "latlon": -0.27079516596575481, "log_co2e_ha_2017": 5.7757960074752992, "id_group": 46 }, "geometry": { "type": "Polygon", "coordinates": [ [ [ 5606855.771415068767965, 9305588.65588622353971 ], [ 5607522.861459018662572, 9372946.586220687255263 ], [ 5674694.393434625118971, 9372279.215265013277531 ], [ 5673953.021868175826967, 9304850.678872469812632 ], [ 5606855.771415068767965, 9305588.65588622353971 ] ] ] } },
{ "type": "Feature", "properties": { "X1": 1.0, "log_hist_precip": 0.43520006527946609, "log_hist_temp": 0.14620432670195926, "lat": -0.30006023258892067, "lon": -2.0928452709758125, "latlon": 0.62797963878162499, "log_co2e_ha_2017": 6.6809819596173483, "id_group": 36 }, "geometry": { "type": "Polygon", "coordinates": [ [ [ 2791919.589106073603034, 9195710.691276924684644 ], [ 2789143.16594345215708, 9266764.929556807503104 ], [ 2856197.548335585277528, 9269273.999195041134953 ], [ 2858883.535454882308841, 9198458.576705243438482 ], [ 2791919.589106073603034, 9195710.691276924684644 ] ] ] } },
{ "type": "Feature", "properties": { "X1": 1.0, "log_hist_precip": 0.68063055246415249, "log_hist_temp": -0.25994396962916327, "lat": -0.30006023258887365, "lon": -2.005338960139436, "latlon": 0.60172247479896923, "log_co2e_ha_2017": 6.6683339196582736, "id_group": 36 }, "geometry": { "type": "Polygon", "coordinates": [ [ [ 2858883.535454880446196, 9198458.576705243438482 ], [ 2856197.548335584346205, 9269273.999195041134953 ], [ 2923254.777558670379221, 9271705.796341724693775 ], [ 2925850.900647154077888, 9201121.842395730316639 ], [ 2858883.535454880446196, 9198458.576705243438482 ] ] ] } },
{ "type": "Feature", "properties": { "X1": 1.0, "log_hist_precip": 0.80986332051381349, "log_hist_temp": -0.51265751003795401, "lat": -0.30006023258888348, "lon": -1.9178326493029301, "latlon": 0.57546531081639185, "log_co2e_ha_2017": 6.6745482179848024, "id_group": 36 }, "geometry": { "type": "Polygon", "coordinates": [ [ [ 2925850.900647150352597, 9201121.842395730316639 ], [ 2923254.777558666653931, 9271705.796341724693775 ], [ 2990314.76456504361704, 9274060.317767582833767 ], [ 2992821.577752255834639, 9203700.484095783904195 ], [ 2925850.900647150352597, 9201121.842395730316639 ] ] ] } },
{ "type": "Feature", "properties": { "X1": 1.0, "log_hist_precip": 0.88783999803741243, "log_hist_temp": -0.58091572812782355, "lat": -0.30006023258894221, "lon": -1.8303263384663711, "latlon": 0.5492081468338863, "log_co2e_ha_2017": 6.65217661364471, "id_group": 36 }, "geometry": { "type": "Polygon", "coordinates": [ [ [ 2992821.577752254903316, 9203700.484095783904195 ], [ 2990314.764565042220056, 9274060.317767582833767 ], [ 3057377.420303381979465, 9276337.560345988720655 ], [ 3059795.459834267385304, 9206194.49768796376884 ], [ 2992821.577752254903316, 9203700.484095783904195 ] ] ] } },
{ "type": "Feature", "properties": { "X1": 1.0, "log_hist_precip": 0.80656063915913168, "log_hist_temp": -0.55751722975172546, "lat": -0.3000602325889235, "lon": -1.7428200276298016, "latlon": 0.52295098285123232, "log_co2e_ha_2017": 6.6372497067071912, "id_group": 37 }, "geometry": { "type": "Polygon", "coordinates": [ [ [ 3059795.459834265522659, 9206194.49768796376884 ], [ 3057377.420303380582482, 9276337.560345988720655 ], [ 3124442.655718818772584, 9278537.52105288952589 ], [ 3126772.439952150918543, 9208603.879189915955067 ], [ 3059795.459834265522659, 9206194.49768796376884 ] ] ] } },
{ "type": "Feature", "properties": { "X1": 1.0, "log_hist_precip": 0.74061265075083149, "log_hist_temp": -0.40909019543983866, "lat": -0.3000602325888459, "lon": -1.655313716793267, "latlon": 0.49669381886849467, "log_co2e_ha_2017": 6.5905162527968102, "id_group": 37 }, "geometry": { "type": "Polygon", "coordinates": [ [ [ 3126772.439952150918543, 9208603.879189915955067 ], [ 3124442.655718818772584, 9278537.52105288952589 ], [ 3191510.381753060501069, 9280660.196966897696257 ], [ 3193752.411159919574857, 9210928.624754453077912 ], [ 3126772.439952150918543, 9208603.879189915955067 ] ] ] } },
{ "type": "Feature", "properties": { "X1": 1.0, "log_hist_precip": 0.7202062760800324, "log_hist_temp": -0.22694001028317948, "lat": -0.30006023258893955, "lon": -1.5678074059567488, "latlon": 0.47043665488604403, "log_co2e_ha_2017": 6.5366829558596873, "id_group": 37 }, "geometry": { "type": "Polygon", "coordinates": [ [ [ 3193752.411159917712212, 9210928.624754453077912 ], [ 3191510.381753059104085, 9280660.196966897696257 ], [ 3258580.509344503283501, 9282705.585269220173359 ], [ 3260735.266506808809936, 9213168.730669524520636 ], [ 3193752.411159917712212, 9210928.624754453077912 ] ] ] } },
{ "type": "Feature", "properties": { "X1": 1.0, "log_hist_precip": 0.64038574322764419, "log_hist_temp": -0.17131699542375051, "lat": -0.30006023258898734, "lon": -1.4803010951203415, "latlon": 0.44417949090354236, "log_co2e_ha_2017": 6.506649858906373, "id_group": 37 }, "geometry": { "type": "Polygon", "coordinates": [ [ [ 3260735.266506807878613, 9213168.730669524520636 ], [ 3258580.509344502352178, 9282705.585269220173359 ], [ 3325652.949428361840546, 9284673.683243719860911 ], [ 3327720.899037456605583, 9215324.193358203396201 ], [ 3260735.266506807878613, 9213168.730669524520636 ] ] ] } },
{ "type": "Feature", "properties": { "X1": 1.0, "log_hist_precip": 0.7027481696950294, "log_hist_temp": -0.18834634200907371, "lat": -0.30006023258894521, "lon": -1.3927947842838131, "latlon": 0.41792232692087072, "log_co2e_ha_2017": 6.4960634893590985, "id_group": 38 }, "geometry": { "type": "Polygon", "coordinates": [ [ [ 3327720.899037452414632, 9215324.193358203396201 ], [ 3325652.949428357649595, 9284673.683243719860911 ], [ 3392727.612936770543456, 9286564.48827688395977 ], [ 3394709.201792057603598, 9217395.009378768503666 ], [ 3327720.899037452414632, 9215324.193358203396201 ] ] ] } },
{ "type": "Feature", "properties": { "X1": 1.0, "log_hist_precip": 0.73349322822564245, "log_hist_temp": -0.12768619122254801, "lat": -0.30006023258893655, "lon": -1.3052884734471104, "latlon": 0.39166516293819786, "log_co2e_ha_2017": 6.5126545750499139, "id_group": 38 }, "geometry": { "type": "Polygon", "coordinates": [ [ [ 3394709.201792057603598, 9217395.009378768503666 ], [ 3392727.612936770543456, 9286564.48827688395977 ], [ 3459804.410798920318484, 9288377.997857864946127 ], [ 3461700.067806550301611, 9219381.175424601882696 ], [ 3394709.201792057603598, 9217395.009378768503666 ] ] ] } },
{ "type": "Feature", "properties": { "X1": 1.0, "log_hist_precip": 0.66918844945670974, "log_hist_temp": -0.10422583890746885, "lat": -0.30006023258898584, "lon": -1.2177821626107399, "latlon": 0.36540799895569681, "log_co2e_ha_2017": 6.5141757100722364, "id_group": 38 }, "geometry": { "type": "Polygon", "coordinates": [ [ [ 3461700.067806548438966, 9219381.175424601882696 ], [ 3459804.410798919387162, 9288377.997857864946127 ], [ 3526883.253941161558032, 9290114.209578417241573 ], [ 3528693.390112773980945, 9221282.688324294984341 ], [ 3461700.067806548438966, 9219381.175424601882696 ] ] ] } },
{ "type": "Feature", "properties": { "X1": 1.0, "log_hist_precip": 0.7816718955095433, "log_hist_temp": 0.062317979565335586, "lat": -0.30006023258895581, "lon": -1.1302758517741089, "latlon": 0.33915083497301929, "log_co2e_ha_2017": 6.4942177377250294, "id_group": 38 }, "geometry": { "type": "Polygon", "coordinates": [ [ [ 3528693.390112772583961, 9221282.688324294984341 ], [ 3526883.253941159695387, 9290114.209578417241573 ], [ 3593964.05328712798655, 9291773.121132982894778 ], [ 3595689.061738647986203, 9223099.545041581615806 ], [ 3528693.390112772583961, 9221282.688324294984341 ] ] ] } },
{ "type": "Feature", "properties": { "X1": 1.0, "log_hist_precip": 1.0343611239639281, "log_hist_temp": 0.25970925308767961, "lat": -0.30006023258886305, "lon": -1.0427695409376851, "latlon": 0.31289367099034376, "log_co2e_ha_2017": 6.4999604599955614, "id_group": 39 }, "geometry": { "type": "Polygon", "coordinates": [ [ [ 3595689.06173864658922, 9223099.545041581615806 ], [ 3593964.053287127055228, 9291773.121132982894778 ], [ 3661046.719757861457765, 9293354.730318618938327 ], [ 3662686.975708341691643, 9224831.742675399407744 ], [ 3595689.06173864658922, 9223099.545041581615806 ] ] ] } },
{ "type": "Feature", "properties": { "X1": 1.0, "log_hist_precip": 1.3392287679021915, "log_hist_temp": 0.41712428162437631, "lat": -0.30006023258891179, "lon": -0.95526323010108483, "latlon": 0.28663650700776666, "log_co2e_ha_2017": 6.4945960518811923, "id_group": 39 }, "geometry": { "type": "Polygon", "coordinates": [ [ [ 3662686.975708340294659, 9224831.742675399407744 ], [ 3661046.719757860526443, 9293354.730318618938327 ], [ 3728131.164271921850741, 9294859.03503505513072 ], [ 3729687.025042445398867, 9226479.278459832072258 ], [ 3662686.975708340294659, 9224831.742675399407744 ] ] ] } },
{ "type": "Feature", "properties": { "X1": 1.0, "log_hist_precip": 1.6294661309343281, "log_hist_temp": 0.55575855628137327, "lat": -0.30006023258891668, "lon": -0.86775691926474519, "latlon": 0.26037934302522125, "log_co2e_ha_2017": 6.4543720661092188, "id_group": 39 }, "geometry": { "type": "Polygon", "coordinates": [ [ [ 3729687.025042445398867, 9226479.278459832072258 ], [ 3728131.164271921850741, 9294859.03503505513072 ], [ 3795217.297745506279171, 9296286.033284673467278 ], [ 3796689.10275813518092, 9228042.14976417273283 ], [ 3729687.025042445398867, 9226479.278459832072258 ] ] ] } },
{ "type": "Feature", "properties": { "X1": 1.0, "log_hist_precip": 1.0581246379323204, "log_hist_temp": 0.64951831373347124, "lat": -0.30006023258887154, "lon": -0.78025060842809579, "latlon": 0.23412217904254295, "log_co2e_ha_2017": 6.3735077825796225, "id_group": 39 }, "geometry": { "type": "Polygon", "coordinates": [ [ [ 3796689.102758133783937, 9228042.14976417273283 ], [ 3795217.297745504416525, 9296286.033284673467278 ], [ 3862305.031092567369342, 9297635.723172519356012 ], [ 3863693.101869349833578, 9229520.354092888534069 ], [ 3796689.102758133783937, 9228042.14976417273283 ] ] ] } },
{ "type": "Feature", "properties": { "X1": 1.0, "log_hist_precip": 0.36771446821948817, "log_hist_temp": 0.52987600908113308, "lat": -0.30006023258898396, "lon": -0.69274429759155909, "latlon": 0.20786501506001553, "log_co2e_ha_2017": 6.3575392243089803, "id_group": 40 }, "geometry": { "type": "Polygon", "coordinates": [ [ [ 3863693.101869348436594, 9229520.354092888534069 ], [ 3862305.031092565972358, 9297635.723172519356012 ], [ 3929394.275224938523024, 9298908.102906282991171 ], [ 3930698.91538696270436, 9230913.889085657894611 ], [ 3863693.101869348436594, 9229520.354092888534069 ] ] ] } },
{ "type": "Feature", "properties": { "X1": 1.0, "log_hist_precip": 0.16992040388080415, "log_hist_temp": 0.55846745246679264, "lat": -0.30006023258892878, "lon": -0.60523798675515783, "latlon": 0.18160785107740765, "log_co2e_ha_2017": 6.3621390031139367, "id_group": 40 }, "geometry": { "type": "Polygon", "coordinates": [ [ [ 3930698.915386964101344, 9230913.889085657894611 ], [ 3929394.275224939920008, 9298908.102906282991171 ], [ 3996484.941052445210516, 9300103.170796329155564 ], [ 3997706.436318947933614, 9232222.752517331391573 ], [ 3930698.915386964101344, 9230913.889085657894611 ] ] ] } },
{ "type": "Feature", "properties": { "X1": 1.0, "log_hist_precip": 0.0047787532900662776, "log_hist_temp": 0.69618964309114406, "lat": -0.30006023258889347, "lon": -0.51773167591850022, "latlon": 0.15535068709474278, "log_co2e_ha_2017": 6.3189333028200165, "id_group": 40 }, "geometry": { "type": "Polygon", "coordinates": [ [ [ 3997706.436318947933614, 9232222.752517331391573 ], [ 3996484.941052445210516, 9300103.170796329155564 ], [ 4063576.939483020454645, 9301220.925255674868822 ], [ 4064715.557670552749187, 9233446.942297980189323 ], [ 3997706.436318947933614, 9232222.752517331391573 ] ] ] } },
{ "type": "Feature", "properties": { "X1": 1.0, "log_hist_precip": 0.01867146707226235, "log_hist_temp": 0.89640229601686083, "lat": -0.3000602325889386, "lon": -0.43022536508208364, "latlon": 0.12909352311219105, "log_co2e_ha_2017": 6.3012526468644099, "id_group": 40 }, "geometry": { "type": "Polygon", "coordinates": [ [ [ 4064715.557670554146171, 9233446.942297980189323 ], [ 4063576.939483021851629, 9301220.925255674868822 ], [ 4130670.181422835215926, 9302261.364800043404102 ], [ 4131726.172444471158087, 9234586.456472866237164 ], [ 4064715.557670554146171, 9233446.942297980189323 ] ] ] } },
{ "type": "Feature", "properties": { "X1": 1.0, "log_hist_precip": 0.70369212188714081, "log_hist_temp": 1.0474930670031306, "lat": -0.30006023258893333, "lon": -0.34271905424548754, "latlon": 0.10283635912956025, "log_co2e_ha_2017": 6.3592243777747628, "id_group": 41 }, "geometry": { "type": "Polygon", "coordinates": [ [ [ 4131726.172444471158087, 9234586.456472866237164 ], [ 4130670.181422835215926, 9302261.364800043404102 ], [ 4197764.577776402235031, 9303224.488047763705254 ], [ 4198738.173641010187566, 9235641.293222459033132 ], [ 4131726.172444471158087, 9234586.456472866237164 ] ] ] } },
{ "type": "Feature", "properties": { "X1": 1.0, "log_hist_precip": 0.84067598093368379, "log_hist_temp": 1.1560306011799069, "lat": -0.30006023258891368, "lon": -0.2552127434090104, "latlon": 0.076579195146962403, "log_co2e_ha_2017": 6.338349887606582, "id_group": 41 }, "geometry": { "type": "Polygon", "coordinates": [ [ [ 4198738.173641010187566, 9235641.293222459033132 ], [ 4197764.577776402235031, 9303224.488047763705254 ], [ 4264860.039446705020964, 9304110.29371989518404 ], [ 4265751.454258263111115, 9236611.450862446799874 ], [ 4198738.173641010187566, 9235641.293222459033132 ] ] ] } },
{ "type": "Feature", "properties": { "X1": 1.0, "log_hist_precip": 0.48508711193909582, "log_hist_temp": 1.1558257932819846, "lat": -0.30006023258887932, "lon": -0.16770643257253326, "latlon": 0.050322031164365538, "log_co2e_ha_2017": 6.3408731591261844, "id_group": 41 }, "geometry": { "type": "Polygon", "coordinates": [ [ [ 4265751.454258263111115, 9236611.450862446799874 ], [ 4264860.039446705020964, 9304110.29371989518404 ], [ 4331956.477335312403738, 9304918.780640140175819 ], [ 4332765.907292284071445, 9237496.927843730896711 ], [ 4265751.454258263111115, 9236611.450862446799874 ] ] ] } },
{ "type": "Feature", "properties": { "X1": 1.0, "log_hist_precip": -0.031860635354233065, "log_hist_temp": 0.92955060738551187, "lat": -0.30006023258886061, "lon": -0.080200121735891042, "latlon": 0.024064867181726401, "log_co2e_ha_2017": 6.3329418898070022, "id_group": 41 }, "geometry": { "type": "Polygon", "coordinates": [ [ [ 4332765.907292284071445, 9237496.927843730896711 ], [ 4331956.477335312403738, 9304918.780640140175819 ], [ 4399053.802342493087053, 9305649.947734870016575 ], [ 4399781.425737247802317, 9238297.722752394154668 ], [ 4332765.907292284071445, 9237496.927843730896711 ] ] ] } },
{ "type": "Feature", "properties": { "X1": 1.0, "log_hist_precip": -0.10783858376009692, "log_hist_temp": 1.0068055495411457, "lat": -0.30006023258897901, "lon": 0.0073061891004763818, "latlon": -0.0021922968008280066, "log_co2e_ha_2017": 6.3916981657754048, "id_group": 42 }, "geometry": { "type": "Polygon", "coordinates": [ [ [ 4399781.425737249664962, 9238297.722752394154668 ], [ 4399053.802342494949698, 9305649.947734870016575 ], [ 4466151.925367346033454, 9306303.794033141806722 ], [ 4466797.902585636824369, 9239013.834309779107571 ], [ 4399781.425737249664962, 9238297.722752394154668 ] ] ] } },
{ "type": "Feature", "properties": { "X1": 1.0, "log_hist_precip": 0.051627749674232809, "log_hist_temp": 0.87908089599402328, "lat": -0.30006023258902115, "lon": 0.094812499937090927, "latlon": -0.028449460783470056, "log_co2e_ha_2017": 6.437466304369786, "id_group": 42 }, "geometry": { "type": "Polygon", "coordinates": [ [ [ 4466797.902585636824369, 9239013.834309779107571 ], [ 4466151.925367346033454, 9306303.794033141806722 ], [ 4533250.757307899184525, 9306880.318666707724333 ], [ 4533815.230828396044672, 9239645.261372432112694 ], [ 4466797.902585636824369, 9239013.834309779107571 ] ] ] } },
{ "type": "Feature", "properties": { "X1": 1.0, "log_hist_precip": 0.18245978878568209, "log_hist_temp": 0.95446915330290083, "lat": -0.30006023258899112, "lon": 0.18231881077360704, "latlon": -0.054706624766076788, "log_co2e_ha_2017": 6.4227337836067404, "id_group": 42 }, "geometry": { "type": "Polygon", "coordinates": [ [ [ 4533815.230828396975994, 9239645.261372430250049 ], [ 4533250.75730790104717, 9306880.318666707724333 ], [ 4600350.209061250090599, 9307379.520869962871075 ], [ 4600833.303455115295947, 9240192.002932105213404 ], [ 4533815.230828396975994, 9239645.261372430250049 ] ] ] } },
{ "type": "Feature", "properties": { "X1": 1.0, "log_hist_precip": 0.19504833331753416, "log_hist_temp": 0.73362120734445502, "lat": -0.30006023258895542, "lon": 0.26982512161009747, "latlon": -0.080963788748669024, "log_co2e_ha_2017": 6.5132138086216793, "id_group": 42 }, "geometry": { "type": "Polygon", "coordinates": [ [ [ 4600833.303455115295947, 9240192.002932105213404 ], [ 4600350.209061250090599, 9307379.520869962871075 ], [ 4667450.191523664630949, 9307801.399980006739497 ], [ 4667852.013454192318022, 9240654.058115797117352 ], [ 4600833.303455115295947, 9240192.002932105213404 ] ] ] } },
{ "type": "Feature", "properties": { "X1": 1.0, "log_hist_precip": 0.11694290869527127, "log_hist_temp": 0.15580554982286876, "lat": -0.30006023258882225, "lon": 0.35733143244663618, "latlon": -0.10722095273123468, "log_co2e_ha_2017": 6.5518584205347503, "id_group": 43 }, "geometry": { "type": "Polygon", "coordinates": [ [ [ 4667852.013454192318022, 9240654.058115797117352 ], [ 4667450.191523664630949, 9307801.399980006739497 ], [ 4734550.615590707398951, 9308145.955436622723937 ], [ 4734871.253813008777797, 9241031.426185708492994 ], [ 4667852.013454192318022, 9240654.058115797117352 ] ] ] } },
{ "type": "Feature", "properties": { "X1": 1.0, "log_hist_precip": 0.21294172213235041, "log_hist_temp": 0.19019163574464218, "lat": -0.30006023258876996, "lon": 0.44483774328318509, "latlon": -0.13347811671381607, "log_co2e_ha_2017": 6.5365838251545592, "id_group": 43 }, "geometry": { "type": "Polygon", "coordinates": [ [ [ 4734871.253813010640442, 9241031.426185708492994 ], [ 4734550.615590709261596, 9308145.955436622723937 ], [ 4801651.392157360911369, 9308413.18678224273026 ], [ 4801890.91751810349524, 9241324.106539269909263 ], [ 4734871.253813010640442, 9241031.426185708492994 ] ] ] } },
{ "type": "Feature", "properties": { "X1": 1.0, "log_hist_precip": 0.31876482438572956, "log_hist_temp": 0.10318022306328652, "lat": -0.30006023258883813, "lon": 0.53234405411968577, "latlon": -0.15973528069643794, "log_co2e_ha_2017": 6.4518567837963916, "id_group": 43 }, "geometry": { "type": "Polygon", "coordinates": [ [ [ 4801890.91751810349524, 9241324.106539269909263 ], [ 4801651.392157360911369, 9308413.18678224273026 ], [ 4868752.432118130847812, 9308603.09366200491786 ], [ 4868910.89755533169955, 9241532.098709160462022 ], [ 4801890.91751810349524, 9241324.106539269909263 ] ] ] } },
{ "type": "Feature", "properties": { "X1": 1.0, "log_hist_precip": 0.15504996239520813, "log_hist_temp": -0.11940967788138265, "lat": -0.30006023258886949, "lon": 0.61985036495616597, "latlon": -0.1859924446790428, "log_co2e_ha_2017": 6.5134840418310969, "id_group": 43 }, "geometry": { "type": "Polygon", "coordinates": [ [ [ 4868910.897555332630873, 9241532.098709160462022 ], [ 4868752.432118131779134, 9308603.09366200491786 ], [ 4935853.646367180161178, 9308715.675823727622628 ], [ 4935931.086910049431026, 9241655.402363248169422 ], [ 4868910.897555332630873, 9241532.098709160462022 ] ] ] } },
{ "type": "Feature", "properties": { "X1": 1.0, "log_hist_precip": -0.13320024592503932, "log_hist_temp": -0.34695701640755744, "lat": -0.3000602325888897, "lon": 0.70735667579268724, "latlon": -0.21224960866165757, "log_co2e_ha_2017": 6.5641946972449148, "id_group": 44 }, "geometry": { "type": "Polygon", "coordinates": [ [ [ 4935931.086910049431026, 9241655.402363248169422 ], [ 4935853.646367180161178, 9308715.675823727622628 ], [ 5002954.945798435248435, 9308750.933117914944887 ], [ 5002951.378567273728549, 9241694.017304662615061 ], [ 4935931.086910049431026, 9241655.402363248169422 ] ] ] } },
{ "type": "Feature", "properties": { "X1": 1.0, "log_hist_precip": -0.34258695442170523, "log_hist_temp": -0.80547784035671322, "lat": -0.3000602325889114, "lon": 0.79486298662923927, "latlon": -0.2385067726442863, "log_co2e_ha_2017": 6.4807362962593542, "id_group": 44 }, "geometry": { "type": "Polygon", "coordinates": [ [ [ 5002951.378567274659872, 9241694.017304662615061 ], [ 5002954.945798436179757, 9308750.933117914944887 ], [ 5070056.241305715404451, 9308708.86549773812294 ], [ 5069971.665511863306165, 9241647.943471733480692 ], [ 5002951.378567274659872, 9241694.017304662615061 ] ] ] } },
{ "type": "Feature", "properties": { "X1": 1.0, "log_hist_precip": -0.43521853019999734, "log_hist_temp": -1.024545725398929, "lat": -0.30006023258893821, "lon": 0.88236929746571324, "latlon": -0.2647639366268999, "log_co2e_ha_2017": 6.3570780413324597, "id_group": 44 }, "geometry": { "type": "Polygon", "coordinates": [ [ [ 5069971.665511863306165, 9241647.943471733480692 ], [ 5070056.241305715404451, 9308708.86549773812294 ], [ 5137157.443782838061452, 9308589.473019070923328 ], [ 5136991.840728681534529, 9241517.18093803524971 ], [ 5069971.665511863306165, 9241647.943471733480692 ] ] ] } },
{ "type": "Feature", "properties": { "X1": 1.0, "log_hist_precip": -0.42579932852178121, "log_hist_temp": -1.3398506673338157, "lat": -0.30006023258900055, "lon": 0.96987560830229913, "latlon": -0.29102110060958625, "log_co2e_ha_2017": 6.1387306500516194, "id_group": 44 }, "geometry": { "type": "Polygon", "coordinates": [ [ [ 5136991.840728682465851, 9241517.18093803524971 ], [ 5137157.443782838992774, 9308589.473019070923328 ], [ 5204258.4641237501055, 9308392.755840454250574 ], [ 5204011.797202770598233, 9241301.729912362992764 ], [ 5136991.840728682465851, 9241517.18093803524971 ] ] ] } },
{ "type": "Feature", "properties": { "X1": 1.0, "log_hist_precip": -0.47420325382214845, "log_hist_temp": -1.3515839452484257, "lat": -0.30006023258893844, "lon": 1.057381919138803, "latlon": -0.31727826459212732, "log_co2e_ha_2017": 6.0412436817357547, "id_group": 45 }, "geometry": { "type": "Polygon", "coordinates": [ [ [ 5204011.797202770598233, 9241301.729912362992764 ], [ 5204258.4641237501055, 9308392.755840454250574 ], [ 5271359.21322263777256, 9308118.714223112910986 ], [ 5271031.427919520996511, 9241001.590738728642464 ], [ 5204011.797202770598233, 9241301.729912362992764 ] ] ] } },
{ "type": "Feature", "properties": { "X1": 1.0, "log_hist_precip": -0.54141371171179498, "log_hist_temp": -1.1623363724520928, "lat": -0.30006023258887687, "lon": 1.1448882299752769, "latlon": -0.34353542857464914, "log_co2e_ha_2017": 6.0018059813649307, "id_group": 45 }, "geometry": { "type": "Polygon", "coordinates": [ [ [ 5271031.427919520996511, 9241001.590738728642464 ], [ 5271359.21322263777256, 9308118.714223112910986 ], [ 5338459.60197404678911, 9307767.348530953750014 ], [ 5338050.625864845700562, 9240616.763896407559514 ], [ 5271031.427919520996511, 9241001.590738728642464 ] ] ] } },
{ "type": "Feature", "properties": { "X1": 1.0, "log_hist_precip": -0.60742910052650767, "log_hist_temp": -1.3151210615633608, "lat": -0.30006023258883718, "lon": 1.2323945408118659, "latlon": -0.36979259255722169, "log_co2e_ha_2017": 6.1511796159744172, "id_group": 45 }, "geometry": { "type": "Polygon", "coordinates": [ [ [ 5338050.625864846631885, 9240616.763896407559514 ], [ 5338459.601974047720432, 9307767.348530953750014 ], [ 5405559.541273002512753, 9307338.659230580553412 ], [ 5405069.28402534686029, 9240147.249999850988388 ], [ 5338050.625864846631885, 9240616.763896407559514 ] ] ] } },
{ "type": "Feature", "properties": { "X1": 1.0, "log_hist_precip": -0.76331985138524228, "log_hist_temp": -0.79723574177781809, "lat": -0.30006023258890857, "lon": 1.3199008516483646, "latlon": -0.39604975653990676, "log_co2e_ha_2017": 6.16137932118962, "id_group": 45 }, "geometry": { "type": "Polygon", "coordinates": [ [ [ 5405069.28402534686029, 9240147.249999850988388 ], [ 5405559.541273002512753, 9307338.659230580553412 ], [ 5472658.942015128210187, 9306832.646891251206398 ], [ 5472087.295388489961624, 9239593.049798760563135 ], [ 5405069.28402534686029, 9240147.249999850988388 ] ] ] } },
{ "type": "Feature", "properties": { "X1": 1.0, "log_hist_precip": -1.0830833107821953, "log_hist_temp": -0.0081099057443891412, "lat": -0.30006023258878151, "lon": 1.4074071624847679, "latlon": -0.42230692052229646, "log_co2e_ha_2017": 6.0155127995475617, "id_group": 46 }, "geometry": { "type": "Polygon", "coordinates": [ [ [ 5472087.295388489961624, 9239593.049798760563135 ], [ 5472658.94201512914151, 9306832.646891251206398 ], [ 5539757.715096760541201, 9306249.312184922397137 ], [ 5539104.552942771464586, 9238954.164178071543574 ], [ 5472087.295388489961624, 9239593.049798760563135 ] ] ] } },
{ "type": "Feature", "properties": { "X1": 1.0, "log_hist_precip": -1.4780466694653183, "log_hist_temp": 0.14931381730098753, "lat": -0.30006023258879716, "lon": 1.4949134733213476, "latlon": -0.44856408450493018, "log_co2e_ha_2017": 5.8226860034467443, "id_group": 46 }, "geometry": { "type": "Polygon", "coordinates": [ [ [ 5539104.552942771464586, 9238954.164178071543574 ], [ 5539757.715096760541201, 9306249.312184922397137 ], [ 5606855.771415067836642, 9305588.65588622353971 ], [ 5606120.949677892029285, 9238230.594157932326198 ], [ 5539104.552942771464586, 9238954.164178071543574 ] ] ] } },
{ "type": "Feature", "properties": { "X1": 1.0, "log_hist_precip": -1.5449434189969453, "log_hist_temp": -0.32058616459033129, "lat": -0.30006023258889197, "lon": 1.5824197841579304, "latlon": -0.4748212484876928, "log_co2e_ha_2017": 5.5239190470678343, "id_group": 46 }, "geometry": { "type": "Polygon", "coordinates": [ [ [ 5606120.949677893891931, 9238230.594157932326198 ], [ 5606855.771415068767965, 9305588.65588622353971 ], [ 5673953.021868175826967, 9304850.678872469812632 ], [ 5673136.378584928810596, 9237422.340893683955073 ], [ 5606120.949677893891931, 9238230.594157932326198 ] ] ] } },
{ "type": "Feature", "properties": { "X1": 1.0, "log_hist_precip": 0.41448586479527433, "log_hist_temp": -0.43840635006946321, "lat": -0.42899319093627375, "lon": -2.0928452709758867, "latlon": 0.89781637093183608, "log_co2e_ha_2017": 6.6629282207841101, "id_group": 48 }, "geometry": { "type": "Polygon", "coordinates": [ [ [ 2794951.208910620771348, 9124675.566964605823159 ], [ 2791919.589106073603034, 9195710.691276924684644 ], [ 2858883.535454882308841, 9198458.576705243438482 ], [ 2861816.432128577958792, 9127661.007897013798356 ], [ 2794951.208910620771348, 9124675.566964605823159 ] ] ] } },
{ "type": "Feature", "properties": { "X1": 1.0, "log_hist_precip": 0.44098003105260103, "log_hist_temp": -0.60546214185637048, "lat": -0.42899319093622201, "lon": -2.0053389601393889, "latlon": 0.86027675941892179, "log_co2e_ha_2017": 6.5897504277444563, "id_group": 48 }, "geometry": { "type": "Polygon", "coordinates": [ [ [ 2861816.432128575164825, 9127661.007897013798356 ], [ 2858883.535454880446196, 9198458.576705243438482 ], [ 2925850.900647154077888, 9201121.842395730316639 ], [ 2928685.696409439668059, 9130554.522729219868779 ], [ 2861816.432128575164825, 9127661.007897013798356 ] ] ] } },
{ "type": "Feature", "properties": { "X1": 1.0, "log_hist_precip": 0.43491019877406001, "log_hist_temp": -0.8455875151502602, "lat": -0.42899319093624505, "lon": -1.9178326493029569, "latlon": 0.82273714790618813, "log_co2e_ha_2017": 6.5733492865280461, "id_group": 48 }, "geometry": { "type": "Polygon", "coordinates": [ [ [ 2928685.696409435477108, 9130554.522729219868779 ], [ 2925850.900647150352597, 9201121.842395730316639 ], [ 2992821.577752255834639, 9203700.484095783904195 ], [ 2995558.875373551622033, 9133356.105992609634995 ], [ 2928685.696409435477108, 9130554.522729219868779 ] ] ] } },
{ "type": "Feature", "properties": { "X1": 1.0, "log_hist_precip": 0.51158595723293177, "log_hist_temp": -0.82007876254662893, "lat": -0.42899319093624338, "lon": -1.8303263384663095, "latlon": 0.7851975363933128, "log_co2e_ha_2017": 6.602886187079152, "id_group": 48 }, "geometry": { "type": "Polygon", "coordinates": [ [ [ 2995558.875373550225049, 9133356.105992609634995 ], [ 2992821.577752254903316, 9203700.484095783904195 ], [ 3059795.459834267385304, 9206194.49768796376884 ], [ 3062435.842633859720081, 9136065.752392333000898 ], [ 2995558.875373550225049, 9133356.105992609634995 ] ] ] } },
{ "type": "Feature", "properties": { "X1": 1.0, "log_hist_precip": 0.3772828503801785, "log_hist_temp": -0.81534506605095014, "lat": -0.42899319093626359, "lon": -1.7428200276298447, "latlon": 0.74765792488055416, "log_co2e_ha_2017": 6.6277952984118107, "id_group": 49 }, "geometry": { "type": "Polygon", "coordinates": [ [ [ 3062435.842633858323097, 9136065.752392333000898 ], [ 3059795.459834265522659, 9206194.49768796376884 ], [ 3126772.439952148124576, 9208603.879189915955067 ], [ 3129316.471796151250601, 9138683.456807304173708 ], [ 3062435.842633858323097, 9136065.752392333000898 ] ] ] } },
{ "type": "Feature", "properties": { "X1": 1.0, "log_hist_precip": 0.44796705735790454, "log_hist_temp": -0.80101933885087606, "lat": -0.42899319093624716, "lon": -1.6553137167932896, "latlon": 0.71011831336769271, "log_co2e_ha_2017": 6.625514516069007, "id_group": 49 }, "geometry": { "type": "Polygon", "coordinates": [ [ [ 3129316.471796151250601, 9138683.456807304173708 ], [ 3126772.439952148124576, 9208603.879189915955067 ], [ 3193752.411159919574857, 9210928.624754453077912 ], [ 3196200.636459289118648, 9141209.214290160685778 ], [ 3129316.471796151250601, 9138683.456807304173708 ] ] ] } },
{ "type": "Feature", "properties": { "X1": 1.0, "log_hist_precip": 0.48455207851386928, "log_hist_temp": -0.58402650268614065, "lat": -0.42899319093629074, "lon": -1.5678074059567448, "latlon": 0.67257870185493251, "log_co2e_ha_2017": 6.5849928226909054, "id_group": 49 }, "geometry": { "type": "Polygon", "coordinates": [ [ [ 3196200.636459289118648, 9141209.214290160685778 ], [ 3193752.411159917712212, 9210928.624754453077912 ], [ 3260735.266506808809936, 9213168.730669526383281 ], [ 3263088.210215456783772, 9143643.020067362114787 ], [ 3196200.636459289118648, 9141209.214290160685778 ] ] ] } },
{ "type": "Feature", "properties": { "X1": 1.0, "log_hist_precip": 0.44196775552070627, "log_hist_temp": -0.60559990618790527, "lat": -0.4289931909362209, "lon": -1.4803010951203641, "latlon": 0.63503909034206729, "log_co2e_ha_2017": 6.5603333364037812, "id_group": 49 }, "geometry": { "type": "Polygon", "coordinates": [ [ [ 3263088.210215455386788, 9143643.020067362114787 ], [ 3260735.266506807412952, 9213168.730669526383281 ], [ 3327720.899037456605583, 9215324.193358203396201 ], [ 3329979.066650395281613, 9145984.869539137929678 ], [ 3263088.210215455386788, 9143643.020067362114787 ] ] ] } },
{ "type": "Feature", "properties": { "X1": 1.0, "log_hist_precip": 0.39981966346357922, "log_hist_temp": -0.57988083832233717, "lat": -0.42899319093620958, "lon": -1.3927947842837556, "latlon": 0.59749947882919796, "log_co2e_ha_2017": 6.5665044444451839, "id_group": 50 }, "geometry": { "type": "Polygon", "coordinates": [ [ [ 3329979.066650391556323, 9145984.869539137929678 ], [ 3327720.899037452414632, 9215324.193358203396201 ], [ 3394709.201792057603598, 9217395.009378768503666 ], [ 3396873.079343639314175, 9148234.758279498666525 ], [ 3329979.066650391556323, 9145984.869539137929678 ] ] ] } },
{ "type": "Feature", "properties": { "X1": 1.0, "log_hist_precip": 0.32695883800566528, "log_hist_temp": -0.48239396452129835, "lat": -0.42899319093623561, "lon": -1.3052884734471535, "latlon": 0.55995986731638225, "log_co2e_ha_2017": 6.5621369966793601, "id_group": 50 }, "geometry": { "type": "Polygon", "coordinates": [ [ [ 3396873.079343639314175, 9148234.758279498666525 ], [ 3394709.201792057603598, 9217395.009378768503666 ], [ 3461700.067806550301611, 9219381.175424601882696 ], [ 3463770.12186876218766, 9150392.682036262005568 ], [ 3396873.079343639314175, 9148234.758279498666525 ] ] ] } },
{ "type": "Feature", "properties": { "X1": 1.0, "log_hist_precip": 0.22481862702435482, "log_hist_temp": -0.30874927735596819, "lat": -0.42899319093621879, "lon": -1.2177821626107481, "latlon": 0.52242025580359408, "log_co2e_ha_2017": 6.5421584139285098, "id_group": 50 }, "geometry": { "type": "Polygon", "coordinates": [ [ [ 3463770.121868760325015, 9150392.682036262005568 ], [ 3461700.067806548438966, 9219381.175424601882696 ], [ 3528693.390112773980945, 9221282.688324296846986 ], [ 3530670.067793606314808, 9152458.636731054633856 ], [ 3463770.121868760325015, 9150392.682036262005568 ] ] ] } },
{ "type": "Feature", "properties": { "X1": 1.0, "log_hist_precip": 0.48526129747302282, "log_hist_temp": -0.13719689154013462, "lat": -0.42899319093621407, "lon": -1.1302758517741294, "latlon": 0.48488064429073108, "log_co2e_ha_2017": 6.5259608501855455, "id_group": 50 }, "geometry": { "type": "Polygon", "coordinates": [ [ [ 3530670.067793604917824, 9152458.636731054633856 ], [ 3528693.390112772583961, 9221282.688324296846986 ], [ 3595689.061738647986203, 9223099.545041581615806 ], [ 3597572.790680528152734, 9154432.618459336459637 ], [ 3530670.067793604917824, 9152458.636731054633856 ] ] ] } },
{ "type": "Feature", "properties": { "X1": 1.0, "log_hist_precip": 0.78326170676719153, "log_hist_temp": 0.092391322616224986, "lat": -0.42899319093623806, "lon": -1.0427695409376421, "latlon": 0.44734103277795517, "log_co2e_ha_2017": 6.4957485454313177, "id_group": 51 }, "geometry": { "type": "Polygon", "coordinates": [ [ [ 3597572.79068052675575, 9154432.618459336459637 ], [ 3595689.06173864658922, 9223099.545041581615806 ], [ 3662686.975708341691643, 9224831.742675399407744 ], [ 3664478.164086638949811, 9156314.623490367084742 ], [ 3597572.79068052675575, 9154432.618459336459637 ] ] ] } },
{ "type": "Feature", "properties": { "X1": 1.0, "log_hist_precip": 1.0226156794232986, "log_hist_temp": 0.27614854088210927, "lat": -0.42899319093626337, "lon": -0.95526323010114023, "latlon": 0.40980142126517016, "log_co2e_ha_2017": 6.5086257888217851, "id_group": 51 }, "geometry": { "type": "Polygon", "coordinates": [ [ [ 3664478.164086637087166, 9156314.623490367084742 ], [ 3662686.975708340294659, 9224831.742675399407744 ], [ 3729687.025042445398867, 9226479.278459833934903 ], [ 3731386.061564037576318, 9158104.648267244920135 ], [ 3664478.164086637087166, 9156314.623490367084742 ] ] ] } },
{ "type": "Feature", "properties": { "X1": 1.0, "log_hist_precip": 1.1351965901263101, "log_hist_temp": 0.47788336627128386, "lat": -0.42899319093629457, "lon": -0.86775691926466514, "latlon": 0.37226180975239725, "log_co2e_ha_2017": 6.4872329094154431, "id_group": 51 }, "geometry": { "type": "Polygon", "coordinates": [ [ [ 3731386.061564037576318, 9158104.648267244920135 ], [ 3729687.025042445398867, 9226479.278459833934903 ], [ 3796689.10275813518092, 9228042.14976417273283 ], [ 3798296.35666005499661, 9159802.689406916499138 ], [ 3731386.061564037576318, 9158104.648267244920135 ] ] ] } },
{ "type": "Feature", "properties": { "X1": 1.0, "log_hist_precip": 0.83650192609649876, "log_hist_temp": 0.50744932379036045, "lat": -0.42899319093625071, "lon": -0.7802506084281573, "latlon": 0.3347221982395463, "log_co2e_ha_2017": 6.3512225196095269, "id_group": 51 }, "geometry": { "type": "Polygon", "coordinates": [ [ [ 3798296.356660053133965, 9159802.689406918361783 ], [ 3796689.102758133783937, 9228042.14976417273283 ], [ 3863693.101869349833578, 9229520.354092888534069 ], [ 3865208.922917485237122, 9161408.743700174614787 ], [ 3798296.356660053133965, 9159802.689406918361783 ] ] ] } },
{ "type": "Feature", "properties": { "X1": 1.0, "log_hist_precip": 0.41126429576496937, "log_hist_temp": 0.3408799984435617, "lat": -0.42899319093616195, "lon": -0.69274429759155198, "latlon": 0.29718258672663006, "log_co2e_ha_2017": 6.330444030267758, "id_group": 52 }, "geometry": { "type": "Polygon", "coordinates": [ [ [ 3865208.922917483374476, 9161408.743700174614787 ], [ 3863693.101869348436594, 9229520.354092888534069 ], [ 3930698.91538696270436, 9230913.889085659757257 ], [ 3932123.633874835446477, 9162922.808111637830734 ], [ 3865208.922917483374476, 9161408.743700174614787 ] ] ] } },
{ "type": "Feature", "properties": { "X1": 1.0, "log_hist_precip": 0.18225914997494488, "log_hist_temp": 0.28593653597469471, "lat": -0.42899319093625637, "lon": -0.6052379867551394, "latlon": 0.25964297521392293, "log_co2e_ha_2017": 6.3367265276460421, "id_group": 52 }, "geometry": { "type": "Polygon", "coordinates": [ [ [ 3932123.633874837309122, 9162922.808111637830734 ], [ 3930698.915386963635683, 9230913.889085659757257 ], [ 3997706.436318947933614, 9232222.752517331391573 ], [ 3999040.363066560123116, 9164344.879779811948538 ], [ 3932123.633874837309122, 9162922.808111637830734 ] ] ] } },
{ "type": "Feature", "properties": { "X1": 1.0, "log_hist_precip": 0.061724222860125778, "log_hist_temp": 0.38497344310737375, "lat": -0.42899319093625715, "lon": -0.51773167591847868, "latlon": 0.22210336370104433, "log_co2e_ha_2017": 6.2821317056171564, "id_group": 52 }, "geometry": { "type": "Polygon", "coordinates": [ [ [ 3999040.363066560123116, 9164344.879779811948538 ], [ 3997706.436318947933614, 9232222.752517331391573 ], [ 4064715.557670552749187, 9233446.942297980189323 ], [ 4065958.984023293945938, 9165674.956017047166824 ], [ 3999040.363066560123116, 9164344.879779811948538 ] ] ] } },
{ "type": "Feature", "properties": { "X1": 1.0, "log_hist_precip": 0.23006623852170222, "log_hist_temp": 0.49310969122422393, "lat": -0.4289931909362481, "lon": -0.43022536508208054, "latlon": 0.18456375218827403, "log_co2e_ha_2017": 6.283027464996386, "id_group": 52 }, "geometry": { "type": "Polygon", "coordinates": [ [ [ 4065958.984023295342922, 9165674.956017047166824 ], [ 4064715.557670554146171, 9233446.942297980189323 ], [ 4131726.172444471158087, 9234586.456472866237164 ], [ 4132879.370272101834416, 9166913.034309569746256 ], [ 4065958.984023295342922, 9165674.956017047166824 ] ] ] } },
{ "type": "Feature", "properties": { "X1": 1.0, "log_hist_precip": 0.69712916017265314, "log_hist_temp": 0.59406422312818907, "lat": -0.42899319093624694, "lon": -0.34271905424549676, "latlon": 0.14702414067542835, "log_co2e_ha_2017": 6.3697915743245659, "id_group": 53 }, "geometry": { "type": "Polygon", "coordinates": [ [ [ 4132879.370272101834416, 9166913.034309569746256 ], [ 4131726.172444471158087, 9234586.456472866237164 ], [ 4198738.173641010187566, 9235641.293222459033132 ], [ 4199801.395336708985269, 9168059.112317455932498 ], [ 4132879.370272101834416, 9166913.034309569746256 ] ] ] } },
{ "type": "Feature", "properties": { "X1": 1.0, "log_hist_precip": 0.87709820392251059, "log_hist_temp": 0.73600654012240241, "lat": -0.42899319093622751, "lon": -0.25521274340902989, "latlon": 0.10948452916262839, "log_co2e_ha_2017": 6.3965163448396041, "id_group": 53 }, "geometry": { "type": "Polygon", "coordinates": [ [ [ 4199801.395336708985269, 9168059.112317455932498 ], [ 4198738.173641010187566, 9235641.293222459033132 ], [ 4265751.454258263111115, 9236611.450862446799874 ], [ 4266724.932737742550671, 9169113.187874678522348 ], [ 4199801.395336708985269, 9168059.112317455932498 ] ] ] } },
{ "type": "Feature", "properties": { "X1": 1.0, "log_hist_precip": 0.42101218204612284, "log_hist_temp": 0.61568363056695408, "lat": -0.42899319093627225, "lon": -0.16770643257249943, "latlon": 0.07194491764981531, "log_co2e_ha_2017": 6.3893715574552017, "id_group": 53 }, "geometry": { "type": "Polygon", "coordinates": [ [ [ 4266724.932737742550671, 9169113.187874678522348 ], [ 4265751.454258263111115, 9236611.450862446799874 ], [ 4332765.907292284071445, 9237496.927843730896711 ], [ 4333649.855992975644767, 9170075.258989091962576 ], [ 4266724.932737742550671, 9169113.187874678522348 ] ] ] } },
{ "type": "Feature", "properties": { "X1": 1.0, "log_hist_precip": -0.52012884996177133, "log_hist_temp": 0.49898556115725301, "lat": -0.42899319093628474, "lon": -0.080200121735925903, "latlon": 0.034405306136973339, "log_co2e_ha_2017": 6.3322321955682614, "id_group": 53 }, "geometry": { "type": "Polygon", "coordinates": [ [ [ 4333649.855992975644767, 9170075.258989091962576 ], [ 4332765.907292284071445, 9237496.927843730896711 ], [ 4399781.425737247802317, 9238297.722752394154668 ], [ 4400576.038617556914687, 9170945.323842430487275 ], [ 4333649.855992975644767, 9170075.258989091962576 ] ] ] } },
{ "type": "Feature", "properties": { "X1": 1.0, "log_hist_precip": -0.35454813254687578, "log_hist_temp": 0.6901011896794681, "lat": -0.42899319093622351, "lon": 0.0073061891005430334, "latlon": -0.0031343053758254124, "log_co2e_ha_2017": 6.4152568958343634, "id_group": 54 }, "geometry": { "type": "Polygon", "coordinates": [ [ [ 4400576.038617558777332, 9170945.323842430487275 ], [ 4399781.425737249664962, 9238297.722752394154668 ], [ 4466797.902585636824369, 9239013.834309779107571 ], [ 4467503.354124261066318, 9171723.380790313705802 ], [ 4400576.038617558777332, 9170945.323842430487275 ] ] ] } },
{ "type": "Feature", "properties": { "X1": 1.0, "log_hist_precip": 0.004938149893334247, "log_hist_temp": 0.60786495695157194, "lat": -0.42899319093623955, "lon": 0.094812499937067335, "latlon": -0.04067391688864453, "log_co2e_ha_2017": 6.4269816709746204, "id_group": 54 }, "geometry": { "type": "Polygon", "coordinates": [ [ [ 4467503.354124261066318, 9171723.380790313705802 ], [ 4466797.902585636824369, 9239013.834309779107571 ], [ 4533815.230828396044672, 9239645.261372432112694 ], [ 4534431.676023715175688, 9172409.428362242877483 ], [ 4467503.354124261066318, 9171723.380790313705802 ] ] ] } },
{ "type": "Feature", "properties": { "X1": 1.0, "log_hist_precip": 0.33443330873735239, "log_hist_temp": 0.3836340364405586, "lat": -0.42899319093623767, "lon": 0.18231881077361112, "latlon": -0.078213528401471541, "log_co2e_ha_2017": 6.3397738518844502, "id_group": 54 }, "geometry": { "type": "Polygon", "coordinates": [ [ [ 4534431.676023716107011, 9172409.428362242877483 ], [ 4533815.230828396975994, 9239645.261372430250049 ], [ 4600833.303455115295947, 9240192.002932105213404 ], [ 4601360.877824649214745, 9173003.46526163816452 ], [ 4534431.676023716107011, 9172409.428362242877483 ] ] ] } },
{ "type": "Feature", "properties": { "X1": 1.0, "log_hist_precip": 0.29067735461293071, "log_hist_temp": 0.23588629156963167, "lat": -0.4289931909362481, "lon": 0.26982512161007904, "latlon": -0.115753139914269, "log_co2e_ha_2017": 6.4437890007365288, "id_group": 54 }, "geometry": { "type": "Polygon", "coordinates": [ [ [ 4601360.877824649214745, 9173003.46526163816452 ], [ 4600833.303455115295947, 9240192.002932105213404 ], [ 4667852.013454192318022, 9240654.058115797117352 ], [ 4668290.833034127950668, 9173505.490365780889988 ], [ 4601360.877824649214745, 9173003.46526163816452 ] ] ] } },
{ "type": "Feature", "properties": { "X1": 1.0, "log_hist_precip": -0.099220636600799605, "log_hist_temp": 0.049447601150452269, "lat": -0.42899319093631361, "lon": 0.35733143244661053, "latlon": -0.15329275142711524, "log_co2e_ha_2017": 6.5466167315079922, "id_group": 55 }, "geometry": { "type": "Polygon", "coordinates": [ [ [ 4668290.833034127950668, 9173505.490365780889988 ], [ 4667852.013454192318022, 9240654.058115797117352 ], [ 4734871.253813008777797, 9241031.426185708492994 ], [ 4735221.41515779029578, 9173915.502725867554545 ], [ 4668290.833034127950668, 9173505.490365780889988 ] ] ] } },
{ "type": "Feature", "properties": { "X1": 1.0, "log_hist_precip": -0.15880781009353317, "log_hist_temp": 0.13110129706579177, "lat": -0.42899319093634158, "lon": 0.4448377432831902, "latlon": -0.19083236293997691, "log_co2e_ha_2017": 6.5622364527373778, "id_group": 55 }, "geometry": { "type": "Polygon", "coordinates": [ [ [ 4735221.415157792158425, 9173915.502725867554545 ], [ 4734871.253813010640442, 9241031.426185708492994 ], [ 4801890.91751810349524, 9241324.106539269909263 ], [ 4802152.497700097970665, 9174233.501567013561726 ], [ 4735221.415157792158425, 9173915.502725867554545 ] ] ] } },
{ "type": "Feature", "properties": { "X1": 1.0, "log_hist_precip": -0.016013865320404684, "log_hist_temp": 0.21478541639478402, "lat": -0.42899319093629851, "lon": 0.5323440541196971, "latlon": -0.22837197445277443, "log_co2e_ha_2017": 6.4345502343741536, "id_group": 55 }, "geometry": { "type": "Polygon", "coordinates": [ [ [ 4802152.497700097970665, 9174233.501567013561726 ], [ 4801890.91751810349524, 9241324.106539269909263 ], [ 4868910.89755533169955, 9241532.098709160462022 ], [ 4869083.954164556227624, 9174459.486288193613291 ], [ 4802152.497700097970665, 9174233.501567013561726 ] ] ] } },
{ "type": "Feature", "properties": { "X1": 1.0, "log_hist_precip": 0.1566414587256641, "log_hist_temp": 0.035961208724306817, "lat": -0.42899319093621069, "lon": 0.61985036495616708, "latlon": -0.26591158596552084, "log_co2e_ha_2017": 6.4978206385553552, "id_group": 55 }, "geometry": { "type": "Polygon", "coordinates": [ [ [ 4869083.954164557158947, 9174459.486288193613291 ], [ 4868910.897555332630873, 9241532.098709160462022 ], [ 4935931.086910049431026, 9241655.402363248169422 ], [ 4936015.658053972758353, 9174593.456462327390909 ], [ 4869083.954164557158947, 9174459.486288193613291 ] ] ] } },
{ "type": "Feature", "properties": { "X1": 1.0, "log_hist_precip": -0.012504300610477829, "log_hist_temp": -0.29657211439860159, "lat": -0.42899319093622124, "lon": 0.70735667579270667, "latlon": -0.30345119747835136, "log_co2e_ha_2017": 6.55070788474002, "id_group": 56 }, "geometry": { "type": "Polygon", "coordinates": [ [ [ 4936015.658053972758353, 9174593.456462327390909 ], [ 4935931.086910049431026, 9241655.402363248169422 ], [ 5002951.378567273728549, 9241694.017304662615061 ], [ 5002947.48287068028003, 9174635.411836210638285 ], [ 4936015.658053972758353, 9174593.456462327390909 ] ] ] } },
{ "type": "Feature", "properties": { "X1": 1.0, "log_hist_precip": -0.25396050938517373, "log_hist_temp": -0.54426671546095617, "lat": -0.4289931909362345, "lon": 0.79486298662922594, "latlon": -0.34099080899117712, "log_co2e_ha_2017": 6.473893377680997, "id_group": 56 }, "geometry": { "type": "Polygon", "coordinates": [ [ [ 5002947.482870681211352, 9174635.411836210638285 ], [ 5002951.378567274659872, 9241694.017304662615061 ], [ 5069971.665511863306165, 9241647.943471733480692 ], [ 5069879.302116790786386, 9174585.352330546826124 ], [ 5002947.482870681211352, 9174635.411836210638285 ] ] ] } },
{ "type": "Feature", "properties": { "X1": 1.0, "log_hist_precip": -0.3616953461880319, "log_hist_temp": -1.00892108579046, "lat": -0.42899319093623089, "lon": 0.882369297465742, "latlon": -0.378530420503989, "log_co2e_ha_2017": 6.4068074301696019, "id_group": 56 }, "geometry": { "type": "Polygon", "coordinates": [ [ [ 5069879.302116790786386, 9174585.352330546826124 ], [ 5069971.665511863306165, 9241647.943471733480692 ], [ 5136991.840728681534529, 9241517.18093803524971 ], [ 5136810.989294419065118, 9174443.278039943426847 ], [ 5069879.302116790786386, 9174585.352330546826124 ] ] ] } },
{ "type": "Feature", "properties": { "X1": 1.0, "log_hist_precip": -0.4113482731235783, "log_hist_temp": -1.1702363383317964, "lat": -0.42899319093613475, "lon": 0.96987560830226327, "latlon": -0.41607003201671267, "log_co2e_ha_2017": 6.2904521446179933, "id_group": 56 }, "geometry": { "type": "Polygon", "coordinates": [ [ [ 5136810.98929441999644, 9174443.278039943426847 ], [ 5136991.840728682465851, 9241517.18093803524971 ], [ 5204011.797202770598233, 9241301.729912362992764 ], [ 5203742.417905934154987, 9174209.189232921227813 ], [ 5136810.98929441999644, 9174443.278039943426847 ] ] ] } },
{ "type": "Feature", "properties": { "X1": 1.0, "log_hist_precip": -0.47843241194253561, "log_hist_temp": -1.2081997979988743, "lat": -0.42899319093610416, "lon": 1.057381919138769, "latlon": -0.45360964352948219, "log_co2e_ha_2017": 6.2232475281730144, "id_group": 57 }, "geometry": { "type": "Polygon", "coordinates": [ [ [ 5203742.417905934154987, 9174209.189232921227813 ], [ 5204011.797202770598233, 9241301.729912362992764 ], [ 5271031.427919520996511, 9241001.590738728642464 ], [ 5270673.461454193107784, 9173883.086351897567511 ], [ 5203742.417905934154987, 9174209.189232921227813 ] ] ] } },
{ "type": "Feature", "properties": { "X1": 1.0, "log_hist_precip": -0.53564389419611225, "log_hist_temp": -1.1677511186350185, "lat": -0.42899319093618876, "lon": 1.1448882299753262, "latlon": -0.49114925504240031, "log_co2e_ha_2017": 6.1777924318037423, "id_group": 57 }, "geometry": { "type": "Polygon", "coordinates": [ [ [ 5270673.461454193107784, 9173883.086351897567511 ], [ 5271031.427919520996511, 9241001.590738728642464 ], [ 5338050.625864845700562, 9240616.763896407559514 ], [ 5337603.993442780338228, 9173464.970013184472919 ], [ 5270673.461454193107784, 9173883.086351897567511 ] ] ] } },
{ "type": "Feature", "properties": { "X1": 1.0, "log_hist_precip": -0.44865593564759554, "log_hist_temp": -1.6265937266647679, "lat": -0.42899319093629168, "lon": 1.2323945408118668, "latlon": -0.52868886655534875, "log_co2e_ha_2017": 5.9847193899577977, "id_group": 57 }, "geometry": { "type": "Polygon", "coordinates": [ [ [ 5337603.99344278126955, 9173464.970013184472919 ], [ 5338050.625864846631885, 9240616.763896407559514 ], [ 5405069.28402534686029, 9240147.249999850988388 ], [ 5404533.88737624604255, 9172954.841006996110082 ], [ 5337603.99344278126955, 9173464.970013184472919 ] ] ] } },
{ "type": "Feature", "properties": { "X1": 1.0, "log_hist_precip": -0.65905032169218025, "log_hist_temp": -0.48549662470992516, "lat": -0.4289931909361952, "lon": 1.3199008516483419, "latlon": -0.56622847806802379, "log_co2e_ha_2017": 5.8306098444976513, "id_group": 57 }, "geometry": { "type": "Polygon", "coordinates": [ [ [ 5404533.88737624604255, 9172954.841006996110082 ], [ 5405069.28402534686029, 9240147.249999850988388 ], [ 5472087.295388489961624, 9239593.049798760563135 ], [ 5471463.016760348342359, 9172352.70029746927321 ], [ 5404533.88737624604255, 9172954.841006996110082 ] ] ] } },
{ "type": "Feature", "properties": { "X1": 1.0, "log_hist_precip": -0.95353505104083469, "log_hist_temp": 0.11275490705190204, "lat": -0.42899319093629962, "lon": 1.4074071624847699, "latlon": -0.60376808958094452, "log_co2e_ha_2017": 5.873668353470296, "id_group": 58 }, "geometry": { "type": "Polygon", "coordinates": [ [ [ 5471463.016760349273682, 9172352.70029746927321 ], [ 5472087.295388489961624, 9239593.049798760563135 ], [ 5539104.552942771464586, 9238954.164178071543574 ], [ 5538391.255102289840579, 9171658.549022611230612 ], [ 5471463.016760349273682, 9172352.70029746927321 ] ] ] } },
{ "type": "Feature", "properties": { "X1": 1.0, "log_hist_precip": -1.1491282079326131, "log_hist_temp": -0.15457595949692843, "lat": -0.42899319093634797, "lon": 1.4949134733213947, "latlon": -0.64130770109388424, "log_co2e_ha_2017": 5.8534788041340793, "id_group": 58 }, "geometry": { "type": "Polygon", "coordinates": [ [ [ 5538391.255102289840579, 9171658.549022611230612 ], [ 5539104.552942771464586, 9238954.164178071543574 ], [ 5606120.949677892029285, 9238230.594157932326198 ], [ 5605318.475910953246057, 9170872.388494335114956 ], [ 5538391.255102289840579, 9171658.549022611230612 ] ] ] } },
{ "type": "Feature", "properties": { "X1": 1.0, "log_hist_precip": -1.2175769400518686, "log_hist_temp": -0.38574510024823061, "lat": -0.42899319093629945, "lon": 1.5824197841579148, "latlon": -0.67884731260663411, "log_co2e_ha_2017": 5.5089383928633557, "id_group": 58 }, "geometry": { "type": "Polygon", "coordinates": [ [ [ 5605318.47591095417738, 9170872.388494335114956 ], [ 5606120.949677893891931, 9238230.594157932326198 ], [ 5673136.378584928810596, 9237422.340893683955073 ], [ 5672244.552697151899338, 9169994.220198439434171 ], [ 5605318.47591095417738, 9170872.388494335114956 ] ] ] } },
{ "type": "Feature", "properties": { "X1": 1.0, "log_hist_precip": -0.075562336758603771, "log_hist_temp": -0.51687344781115352, "lat": -0.55792613658286061, "lon": -2.0928452709758885, "latlon": 1.1676530765012876, "log_co2e_ha_2017": 6.6816350796213717, "id_group": 48 }, "geometry": { "type": "Polygon", "coordinates": [ [ [ 2798237.587241919711232, 9053661.208237016573548 ], [ 2794951.208910620771348, 9124675.566964605823159 ], [ 2861816.432128577958792, 9127661.007897013798356 ], [ 2864995.821167445275933, 9056882.835606640204787 ], [ 2798237.587241919711232, 9053661.208237016573548 ] ] ] } },
{ "type": "Feature", "properties": { "X1": 1.0, "log_hist_precip": 0.013187857330164122, "log_hist_temp": -0.73771790534425774, "lat": -0.55792613658283796, "lon": -2.0053389601394382, "latlon": 1.1188310185696424, "log_co2e_ha_2017": 6.5606359137477828, "id_group": 48 }, "geometry": { "type": "Polygon", "coordinates": [ [ [ 2864995.821167443878949, 9056882.835606640204787 ], [ 2861816.432128575164825, 9127661.007897013798356 ], [ 2928685.696409439668059, 9130554.522729219868779 ], [ 2931758.767871119081974, 9060005.274910485371947 ], [ 2864995.821167443878949, 9056882.835606640204787 ] ] ] } },
{ "type": "Feature", "properties": { "X1": 1.0, "log_hist_precip": -0.12031386637971966, "log_hist_temp": -0.96725457254643243, "lat": -0.55792613658280776, "lon": -1.9178326493029139, "latlon": 1.0700089606379455, "log_co2e_ha_2017": 6.4843936464590239, "id_group": 48 }, "geometry": { "type": "Polygon", "coordinates": [ [ [ 2931758.767871114425361, 9060005.274910485371947 ], [ 2928685.696409435477108, 9130554.522729219868779 ], [ 2995558.875373551622033, 9133356.105992609634995 ], [ 2998526.279981352388859, 9063028.519256126135588 ], [ 2931758.767871114425361, 9060005.274910485371947 ] ] ] } },
{ "type": "Feature", "properties": { "X1": 1.0, "log_hist_precip": -0.24816049776022386, "log_hist_temp": -1.1355642593357556, "lat": -0.55792613658279488, "lon": -1.8303263384662869, "latlon": 1.0211869027062284, "log_co2e_ha_2017": 6.6569896650432385, "id_group": 48 }, "geometry": { "type": "Polygon", "coordinates": [ [ [ 2998526.279981350991875, 9063028.519256126135588 ], [ 2995558.875373550225049, 9133356.105992609634995 ], [ 3062435.842633859720081, 9136065.752392333000898 ], [ 3065298.210116481408477, 9065952.561970096081495 ], [ 2998526.279981350991875, 9063028.519256126135588 ] ] ] } },
{ "type": "Feature", "properties": { "X1": 1.0, "log_hist_precip": -0.23413874587474853, "log_hist_temp": -1.2436201567156617, "lat": -0.55792613658276924, "lon": -1.7428200276298693, "latlon": 0.97236484477460816, "log_co2e_ha_2017": 6.7033786669763149, "id_group": 49 }, "geometry": { "type": "Polygon", "coordinates": [ [ [ 3065298.210116480011493, 9065952.561970096081495 ], [ 3062435.842633858323097, 9136065.752392333000898 ], [ 3129316.471796151250601, 9138683.456807304173708 ], [ 3132074.410885088145733, 9068777.396597908809781 ], [ 3065298.210116480011493, 9065952.561970096081495 ] ] ] } },
{ "type": "Feature", "properties": { "X1": 1.0, "log_hist_precip": 0.22572623860628024, "log_hist_temp": -1.1852688797898334, "lat": -0.55792613658274959, "lon": -1.6553137167932854, "latlon": 0.92354278684290947, "log_co2e_ha_2017": 6.7014474021705537, "id_group": 49 }, "geometry": { "type": "Polygon", "coordinates": [ [ [ 3132074.410885088145733, 9068777.396597908809781 ], [ 3129316.471796151250601, 9138683.456807304173708 ], [ 3196200.636459289118648, 9141209.214290160685778 ], [ 3198854.734886328224093, 9071503.016904048621655 ], [ 3132074.410885088145733, 9068777.396597908809781 ] ] ] } },
{ "type": "Feature", "properties": { "X1": 1.0, "log_hist_precip": 0.27594261004858772, "log_hist_temp": -0.99703199031336831, "lat": -0.55792613658278312, "lon": -1.567807405956716, "latlon": 0.87472072891130559, "log_co2e_ha_2017": 6.6516024629276957, "id_group": 49 }, "geometry": { "type": "Polygon", "coordinates": [ [ [ 3198854.734886326361448, 9071503.016904048621655 ], [ 3196200.636459289118648, 9141209.214290160685778 ], [ 3263088.210215456783772, 9143643.020067362114787 ], [ 3265639.034710252191871, 9074129.416872041299939 ], [ 3198854.734886326361448, 9071503.016904048621655 ] ] ] } },
{ "type": "Feature", "properties": { "X1": 1.0, "log_hist_precip": 0.32465003324497976, "log_hist_temp": -0.98861599888090024, "lat": -0.55792613658278789, "lon": -1.4803010951203395, "latlon": 0.825898670979761, "log_co2e_ha_2017": 6.6493436043516709, "id_group": 49 }, "geometry": { "type": "Polygon", "coordinates": [ [ [ 3265639.034710250329226, 9074129.416872041299939 ], [ 3263088.210215455386788, 9143643.020067362114787 ], [ 3329979.066650395281613, 9145984.869539137929678 ], [ 3332427.162938140332699, 9076656.590704394504428 ], [ 3265639.034710250329226, 9074129.416872041299939 ] ] ] } },
{ "type": "Feature", "properties": { "X1": 1.0, "log_hist_precip": 0.24971894902508068, "log_hist_temp": -0.98860396589757427, "lat": -0.55792613658284018, "lon": -1.3927947842837434, "latlon": 0.77707661304815923, "log_co2e_ha_2017": 6.6434057117713285, "id_group": 50 }, "geometry": { "type": "Polygon", "coordinates": [ [ [ 3332427.162938136607409, 9076656.590704394504428 ], [ 3329979.066650391556323, 9145984.869539137929678 ], [ 3396873.079343639314175, 9148234.758279498666525 ], [ 3399218.97214281745255, 9079084.532822664827108 ], [ 3332427.162938136607409, 9076656.590704394504428 ] ] ] } },
{ "type": "Feature", "properties": { "X1": 1.0, "log_hist_precip": 0.059920585256940342, "log_hist_temp": -0.86082603540873126, "lat": -0.55792613658277035, "lon": -1.3052884734471923, "latlon": 0.72825455511641402, "log_co2e_ha_2017": 6.6219687011949855, "id_group": 50 }, "geometry": { "type": "Polygon", "coordinates": [ [ [ 3399218.97214281745255, 9079084.532822664827108 ], [ 3396873.079343639314175, 9148234.758279498666525 ], [ 3463770.12186876218766, 9150392.682036262005568 ], [ 3466014.314888986758888, 9081413.237867450341582 ], [ 3399218.97214281745255, 9079084.532822664827108 ] ] ] } },
{ "type": "Feature", "properties": { "X1": 1.0, "log_hist_precip": -0.12928071521339823, "log_hist_temp": -0.53403024138967914, "lat": -0.55792613658275581, "lon": -1.2177821626107317, "latlon": 0.67943249718479881, "log_co2e_ha_2017": 6.5908761811335834, "id_group": 50 }, "geometry": { "type": "Polygon", "coordinates": [ [ [ 3466014.314888985361904, 9081413.237867450341582 ], [ 3463770.121868760325015, 9150392.682036262005568 ], [ 3530670.067793606314808, 9152458.636731054633856 ], [ 3532813.043733548372984, 9083642.70069838501513 ], [ 3466014.314888985361904, 9081413.237867450341582 ] ] ] } },
{ "type": "Feature", "properties": { "X1": 1.0, "log_hist_precip": 0.14164976821093933, "log_hist_temp": -0.1804969063019693, "lat": -0.55792613658279322, "lon": -1.1302758517741232, "latlon": 0.6306104392531624, "log_co2e_ha_2017": 6.5192453151274572, "id_group": 50 }, "geometry": { "type": "Polygon", "coordinates": [ [ [ 3532813.043733546510339, 9083642.70069838501513 ], [ 3530670.067793604917824, 9152458.636731054633856 ], [ 3597572.790680528152734, 9154432.618459336459637 ], [ 3599615.011225927621126, 9085772.916394200176001 ], [ 3532813.043733546510339, 9083642.70069838501513 ] ] ] } },
{ "type": "Feature", "properties": { "X1": 1.0, "log_hist_precip": 0.35094011691997395, "log_hist_temp": 0.073453290922338196, "lat": -0.55792613658279089, "lon": -1.0427695409376296, "latlon": 0.58178838132154209, "log_co2e_ha_2017": 6.4909567826186612, "id_group": 51 }, "geometry": { "type": "Polygon", "coordinates": [ [ [ 3599615.011225926224142, 9085772.916394200176001 ], [ 3597572.79068052675575, 9154432.618459336459637 ], [ 3664478.164086638949811, 9156314.623490367084742 ], [ 3666420.069908404257149, 9087803.880252690985799 ], [ 3599615.011225926224142, 9085772.916394200176001 ] ] ] } },
{ "type": "Feature", "properties": { "X1": 1.0, "log_hist_precip": 0.50565669226224996, "log_hist_temp": 0.2786070403366116, "lat": -0.55792613658273482, "lon": -0.95526323010117509, "latlon": 0.53296632338989269, "log_co2e_ha_2017": 6.486748595246187, "id_group": 51 }, "geometry": { "type": "Polygon", "coordinates": [ [ [ 3666420.069908402860165, 9087803.880252690985799 ], [ 3664478.164086637087166, 9156314.623490367084742 ], [ 3731386.061564037576318, 9158104.648267244920135 ], [ 3733228.072316434234381, 9089735.58779071457684 ], [ 3666420.069908402860165, 9087803.880252690985799 ] ] ] } },
{ "type": "Feature", "properties": { "X1": 1.0, "log_hist_precip": 0.6285734402309282, "log_hist_temp": 0.39544149140439566, "lat": -0.55792613658269929, "lon": -0.86775691926463849, "latlon": 0.48414426545822509, "log_co2e_ha_2017": 6.4279517991198851, "id_group": 51 }, "geometry": { "type": "Polygon", "coordinates": [ [ [ 3733228.072316434234381, 9089735.58779071457684 ], [ 3731386.061564037576318, 9158104.648267244920135 ], [ 3798296.35666005499661, 9159802.689406916499138 ], [ 3800038.870978972874582, 9091568.034744272008538 ], [ 3733228.072316434234381, 9089735.58779071457684 ] ] ] } },
{ "type": "Feature", "properties": { "X1": 1.0, "log_hist_precip": 0.56282467623524468, "log_hist_temp": 0.31667919290573576, "lat": -0.55792613658273671, "lon": -0.78025060842818594, "latlon": 0.4353222075266675, "log_co2e_ha_2017": 6.3183912711434029, "id_group": 51 }, "geometry": { "type": "Polygon", "coordinates": [ [ [ 3800038.870978971011937, 9091568.034744272008538 ], [ 3798296.356660053133965, 9159802.689406918361783 ], [ 3865208.922917485237122, 9161408.743700174614787 ], [ 3866852.318418802227825, 9093301.217068428173661 ], [ 3800038.870978971011937, 9091568.034744272008538 ] ] ] } },
{ "type": "Feature", "properties": { "X1": 1.0, "log_hist_precip": 0.35979653761264913, "log_hist_temp": 0.1702537990879176, "lat": -0.55792613658274592, "lon": -0.69274429759149858, "latlon": 0.38650014959495282, "log_co2e_ha_2017": 6.2512336846663112, "id_group": 52 }, "geometry": { "type": "Polygon", "coordinates": [ [ [ 3866852.318418800830841, 9093301.217068428173661 ], [ 3865208.922917483374476, 9161408.743700174614787 ], [ 3932123.633874835446477, 9162922.808111637830734 ], [ 3933668.267152861692011, 9094935.130937380716205 ], [ 3866852.318418800830841, 9093301.217068428173661 ] ] ] } },
{ "type": "Feature", "properties": { "X1": 1.0, "log_hist_precip": 0.21583330113454749, "log_hist_temp": 0.036950195765199076, "lat": -0.55792613658280199, "lon": -0.60523798675509333, "latlon": 0.33767809166342228, "log_co2e_ha_2017": 6.2513442971174831, "id_group": 52 }, "geometry": { "type": "Polygon", "coordinates": [ [ [ 3933668.267152863088995, 9094935.130937380716205 ], [ 3932123.633874837309122, 9162922.808111637830734 ], [ 3999040.363066560123116, 9164344.879779811948538 ], [ 4000486.569692567922175, 9096469.772744465619326 ], [ 3933668.267152863088995, 9094935.130937380716205 ] ] ] } },
{ "type": "Feature", "properties": { "X1": 1.0, "log_hist_precip": 0.056545590403005823, "log_hist_temp": -0.0056761769185399583, "lat": -0.55792613658278578, "lon": -0.51773167591853309, "latlon": 0.28885603373175806, "log_co2e_ha_2017": 6.274912407506072, "id_group": 52 }, "geometry": { "type": "Polygon", "coordinates": [ [ [ 4000486.569692567922175, 9096469.772744465619326 ], [ 3999040.363066560123116, 9164344.879779811948538 ], [ 4065958.984023293945938, 9165674.956017047166824 ], [ 4067307.078544139396399, 9097905.139102132990956 ], [ 4000486.569692567922175, 9096469.772744465619326 ] ] ] } },
{ "type": "Feature", "properties": { "X1": 1.0, "log_hist_precip": 0.085238953917167792, "log_hist_temp": 0.050369143973145236, "lat": -0.55792613658273915, "lon": -0.43022536508205489, "latlon": 0.24003397580012936, "log_co2e_ha_2017": 6.3278502087878907, "id_group": 52 }, "geometry": { "type": "Polygon", "coordinates": [ [ [ 4067307.078544140793383, 9097905.139102132990956 ], [ 4065958.984023295342922, 9165674.956017047166824 ], [ 4132879.370272101834416, 9166913.034309569746256 ], [ 4134129.646208928897977, 9099241.226841954514384 ], [ 4067307.078544140793383, 9097905.139102132990956 ] ] ] } },
{ "type": "Feature", "properties": { "X1": 1.0, "log_hist_precip": 0.64985651461223282, "log_hist_temp": 0.15223081959136878, "lat": -0.55792613658276857, "lon": -0.34271905424549881, "latlon": 0.19121191786849145, "log_co2e_ha_2017": 6.3363659831671368, "id_group": 53 }, "geometry": { "type": "Polygon", "coordinates": [ [ [ 4134129.646208928897977, 9099241.226841954514384 ], [ 4132879.370272101834416, 9166913.034309569746256 ], [ 4199801.395336708985269, 9168059.112317455932498 ], [ 4200954.125183738768101, 9100478.033014701679349 ], [ 4134129.646208928897977, 9099241.226841954514384 ] ] ] } },
{ "type": "Feature", "properties": { "X1": 1.0, "log_hist_precip": 0.82872044118232291, "log_hist_temp": 0.28432420397474761, "lat": -0.55792613658279222, "lon": -0.25521274340902889, "latlon": 0.14238985993689496, "log_co2e_ha_2017": 6.4304361420361511, "id_group": 53 }, "geometry": { "type": "Polygon", "coordinates": [ [ [ 4200954.125183738768101, 9100478.033014701679349 ], [ 4199801.395336708985269, 9168059.112317455932498 ], [ 4266724.932737742550671, 9169113.187874678522348 ], [ 4267780.367961156181991, 9101615.554890237748623 ], [ 4200954.125183738768101, 9100478.033014701679349 ] ] ] } },
{ "type": "Feature", "properties": { "X1": 1.0, "log_hist_precip": 0.31547985359107888, "log_hist_temp": 0.37572249273735059, "lat": -0.55792613658278623, "lon": -0.16770643257247789, "latlon": 0.09356780200524413, "log_co2e_ha_2017": 6.4664355480188256, "id_group": 53 }, "geometry": { "type": "Polygon", "coordinates": [ [ [ 4267780.367961156181991, 9101615.554890237748623 ], [ 4266724.932737742550671, 9169113.187874678522348 ], [ 4333649.855992975644767, 9170075.258989091962576 ], [ 4334608.227029875852168, 9102653.78995762206614 ], [ 4267780.367961156181991, 9101615.554890237748623 ] ] ] } },
{ "type": "Feature", "properties": { "X1": 1.0, "log_hist_precip": -0.32465964711711792, "log_hist_temp": 0.15261694840333087, "lat": -0.55792613658280543, "lon": -0.080200121735925903, "latlon": 0.044745744073595821, "log_co2e_ha_2017": 6.4645301043054078, "id_group": 53 }, "geometry": { "type": "Polygon", "coordinates": [ [ [ 4334608.227029875852168, 9102653.78995762206614 ], [ 4333649.855992975644767, 9170075.258989091962576 ], [ 4400576.038617556914687, 9170945.323842430487275 ], [ 4401437.554875019937754, 9103592.735925078392029 ], [ 4334608.227029875852168, 9102653.78995762206614 ] ] ] } },
{ "type": "Feature", "properties": { "X1": 1.0, "log_hist_precip": -0.35363213184837794, "log_hist_temp": 0.11413114990608107, "lat": -0.55792613658275336, "lon": 0.0073061891004651026, "latlon": -0.004076313857965517, "log_co2e_ha_2017": 6.4510885723589988, "id_group": 54 }, "geometry": { "type": "Polygon", "coordinates": [ [ [ 4401437.554875021800399, 9103592.735925078392029 ], [ 4400576.038617558777332, 9170945.323842430487275 ], [ 4467503.354124261066318, 9171723.380790313705802 ], [ 4468268.203978476114571, 9104432.390719985589385 ], [ 4401437.554875021800399, 9103592.735925078392029 ] ] ] } },
{ "type": "Feature", "properties": { "X1": 1.0, "log_hist_precip": -0.12786160077383829, "log_hist_temp": 0.4360846108647693, "lat": -0.55792613658269441, "lon": 0.094812499937113479, "latlon": -0.052898371789660677, "log_co2e_ha_2017": 6.4171008085038341, "id_group": 54 }, "geometry": { "type": "Polygon", "coordinates": [ [ [ 4468268.203978476114571, 9104432.390719985589385 ], [ 4467503.354124261066318, 9171723.380790313705802 ], [ 4534431.676023715175688, 9172409.428362242877483 ], [ 4535100.026819206774235, 9105172.75248889438808 ], [ 4468268.203978476114571, 9104432.390719985589385 ] ] ] } },
{ "type": "Feature", "properties": { "X1": 1.0, "log_hist_precip": 0.11231515638024517, "log_hist_temp": 0.51384870645505976, "lat": -0.55792613658274892, "lon": 0.18231881077360293, "latlon": -0.10172042972127754, "log_co2e_ha_2017": 6.3691662758755214, "id_group": 54 }, "geometry": { "type": "Polygon", "coordinates": [ [ [ 4535100.026819207705557, 9105172.75248889438808 ], [ 4534431.676023716107011, 9172409.428362242877483 ], [ 4601360.877824649214745, 9173003.46526163816452 ], [ 4601932.875873589888215, 9105813.819597540423274 ], [ 4535100.026819207705557, 9105172.75248889438808 ] ] ] } },
{ "type": "Feature", "properties": { "X1": 1.0, "log_hist_precip": 0.15353405325842001, "log_hist_temp": 0.18670040982667557, "lat": -0.55792613658274615, "lon": 0.26982512161010058, "latlon": -0.15054248765289308, "log_co2e_ha_2017": 6.3631622774472891, "id_group": 54 }, "geometry": { "type": "Polygon", "coordinates": [ [ [ 4601932.875873589888215, 9105813.819597540423274 ], [ 4601360.877824649214745, 9173003.46526163816452 ], [ 4668290.833034127950668, 9173505.490365780889988 ], [ 4668766.603615734726191, 9106355.590630853548646 ], [ 4601932.875873589888215, 9105813.819597540423274 ] ] ] } },
{ "type": "Feature", "properties": { "X1": 1.0, "log_hist_precip": -0.030505906272810614, "log_hist_temp": -0.21353923472264705, "lat": -0.55792613658271994, "lon": 0.35733143244661258, "latlon": -0.19936454558450775, "log_co2e_ha_2017": 6.4738975096177027, "id_group": 55 }, "geometry": { "type": "Polygon", "coordinates": [ [ [ 4668766.603615734726191, 9106355.590630853548646 ], [ 4668290.833034127950668, 9173505.490365780889988 ], [ 4735221.41515779029578, 9173915.502725867554545 ], [ 4735601.062517812475562, 9106798.064392929896712 ], [ 4668766.603615734726191, 9106355.590630853548646 ] ] ] } },
{ "type": "Feature", "properties": { "X1": 1.0, "log_hist_precip": -0.11835840012807262, "log_hist_temp": 0.18856975346913815, "lat": -0.55792613658270407, "lon": 0.44483774328319431, "latlon": -0.24818660351616131, "log_co2e_ha_2017": 6.4993990390553842, "id_group": 55 }, "geometry": { "type": "Polygon", "coordinates": [ [ [ 4735601.062517814338207, 9106798.064392929896712 ], [ 4735221.415157792158425, 9173915.502725867554545 ], [ 4802152.497700097970665, 9174233.501567013561726 ], [ 4802436.105050382204354, 9107141.239907054230571 ], [ 4735601.062517814338207, 9106798.064392929896712 ] ] ] } },
{ "type": "Feature", "properties": { "X1": 1.0, "log_hist_precip": -0.084178078727837918, "log_hist_temp": 0.39578054203604929, "lat": -0.55792613658273915, "lon": 0.53234405411968888, "latlon": -0.29700866144779065, "log_co2e_ha_2017": 6.4114359009463513, "id_group": 55 }, "geometry": { "type": "Polygon", "coordinates": [ [ [ 4802436.105050382204354, 9107141.239907054230571 ], [ 4802152.497700097970665, 9174233.501567013561726 ], [ 4869083.954164556227624, 9174459.486288193613291 ], [ 4869271.583682708442211, 9107385.116415707394481 ], [ 4802436.105050382204354, 9107141.239907054230571 ] ] ] } },
{ "type": "Feature", "properties": { "X1": 1.0, "log_hist_precip": 0.032074194261236283, "log_hist_temp": 0.27494158571772509, "lat": -0.55792613658275714, "lon": 0.61985036495617218, "latlon": -0.34583071937940918, "log_co2e_ha_2017": 6.4151091888589491, "id_group": 55 }, "geometry": { "type": "Polygon", "coordinates": [ [ [ 4869271.583682709373534, 9107385.116415707394481 ], [ 4869083.954164557158947, 9174459.486288193613291 ], [ 4936015.658053972758353, 9174593.456462327390909 ], [ 4936107.350883101113141, 9107529.693380564451218 ], [ 4869271.583682709373534, 9107385.116415707394481 ] ] ] } },
{ "type": "Feature", "properties": { "X1": 1.0, "log_hist_precip": -0.11943747062204355, "log_hist_temp": -0.20007790387582233, "lat": -0.55792613658275803, "lon": 0.70735667579270878, "latlon": -0.39465277731104853, "log_co2e_ha_2017": 6.484297318248907, "id_group": 56 }, "geometry": { "type": "Polygon", "coordinates": [ [ [ 4936107.350883101113141, 9107529.693380564451218 ], [ 4936015.658053972758353, 9174593.456462327390909 ], [ 5002947.48287068028003, 9174635.411836210638285 ], [ 5002943.259119225665927, 9107574.970482487231493 ], [ 4936107.350883101113141, 9107529.693380564451218 ] ] ] } },
{ "type": "Feature", "properties": { "X1": 1.0, "log_hist_precip": -0.30272006006275193, "log_hist_temp": -0.38478298032545499, "lat": -0.55792613658274892, "lon": 0.79486298662922894, "latlon": -0.4434748352426709, "log_co2e_ha_2017": 6.4186543016226896, "id_group": 56 }, "geometry": { "type": "Polygon", "coordinates": [ [ [ 5002943.25911922659725, 9107574.970482487231493 ], [ 5002947.482870681211352, 9174635.411836210638285 ], [ 5069879.302116790786386, 9174585.352330546826124 ], [ 5069779.160858443006873, 9107520.947621524333954 ], [ 5002943.25911922659725, 9107574.970482487231493 ] ] ] } },
{ "type": "Feature", "properties": { "X1": 1.0, "log_hist_precip": -0.37533257311204826, "log_hist_temp": -0.65905788212482974, "lat": -0.55792613658269441, "lon": 0.88236929746569992, "latlon": -0.4922968931742242, "log_co2e_ha_2017": 6.3323963496745481, "id_group": 56 }, "geometry": { "type": "Polygon", "coordinates": [ [ [ 5069779.160858443006873, 9107520.947621524333954 ], [ 5069879.302116790786386, 9174585.352330546826124 ], [ 5136810.989294419065118, 9174443.278039943426847 ], [ 5136614.908568123355508, 9107367.624916940927505 ], [ 5069779.160858443006873, 9107520.947621524333954 ] ] ] } },
{ "type": "Feature", "properties": { "X1": 1.0, "log_hist_precip": -0.42258056577021641, "log_hist_temp": -1.0713448520551041, "lat": -0.55792613658279622, "lon": 0.96987560830225705, "latlon": -0.54111895110596764, "log_co2e_ha_2017": 6.3329757397864999, "id_group": 56 }, "geometry": { "type": "Polygon", "coordinates": [ [ [ 5136614.908568123355508, 9107367.624916940927505 ], [ 5136810.98929441999644, 9174443.278039943426847 ], [ 5203742.417905934154987, 9174209.189232921227813 ], [ 5203450.354715977795422, 9107115.002707162871957 ], [ 5136614.908568123355508, 9107367.624916940927505 ] ] ] } },
{ "type": "Feature", "properties": { "X1": 1.0, "log_hist_precip": -0.44283390781698612, "log_hist_temp": -1.6176562558350331, "lat": -0.55792613658286461, "lon": 1.0573819191388039, "latlon": -0.58994100903768776, "log_co2e_ha_2017": 6.2395308708030095, "id_group": 57 }, "geometry": { "type": "Polygon", "coordinates": [ [ [ 5203450.354715977795422, 9107115.002707162871957 ], [ 5203742.417905934154987, 9174209.189232921227813 ], [ 5270673.461454193107784, 9173883.086351897567511 ], [ 5270285.351770386099815, 9106763.081549836322665 ], [ 5203450.354715977795422, 9107115.002707162871957 ] ] ] } },
{ "type": "Feature", "properties": { "X1": 1.0, "log_hist_precip": -0.55821427262790968, "log_hist_temp": -1.1299558854526477, "lat": -0.55792613658274426, "lon": 1.1448882299752687, "latlon": -0.63876306696915808, "log_co2e_ha_2017": 6.1061620356040107, "id_group": 57 }, "geometry": { "type": "Polygon", "coordinates": [ [ [ 5270285.351770386099815, 9106763.081549836322665 ], [ 5270673.461454193107784, 9173883.086351897567511 ], [ 5337603.993442780338228, 9173464.970013184472919 ], [ 5337119.752200716175139, 9106311.862221775576472 ], [ 5270285.351770386099815, 9106763.081549836322665 ] ] ] } },
{ "type": "Feature", "properties": { "X1": 1.0, "log_hist_precip": -0.53323565654868488, "log_hist_temp": -1.2813312407465731, "lat": -0.55792613658273194, "lon": 1.2323945408118608, "latlon": -0.68758512490081147, "log_co2e_ha_2017": 5.9351199685113247, "id_group": 57 }, "geometry": { "type": "Polygon", "coordinates": [ [ [ 5337119.752200717106462, 9106311.862221775576472 ], [ 5337603.99344278126955, 9173464.970013184472919 ], [ 5404533.88737624604255, 9172954.841006996110082 ], [ 5403953.40847765468061, 9105761.345719002187252 ], [ 5337119.752200717106462, 9106311.862221775576472 ] ] ] } },
{ "type": "Feature", "properties": { "X1": 1.0, "log_hist_precip": -0.69751951912674426, "log_hist_temp": -0.18849359743267435, "lat": -0.55792613658280776, "lon": 1.3199008516483308, "latlon": -0.73640718283251094, "log_co2e_ha_2017": 5.942930149196644, "id_group": 57 }, "geometry": { "type": "Polygon", "coordinates": [ [ [ 5403953.40847765468061, 9105761.345719002187252 ], [ 5404533.88737624604255, 9172954.841006996110082 ], [ 5471463.016760348342359, 9172352.70029746927321 ], [ 5470786.173073529265821, 9105111.533256726339459 ], [ 5403953.40847765468061, 9105761.345719002187252 ] ] ] } },
{ "type": "Feature", "properties": { "X1": 1.0, "log_hist_precip": -0.83743979835420668, "log_hist_temp": 0.17504030577707055, "lat": -0.55792613658277124, "lon": 1.4074071624848776, "latlon": -0.78522924076410838, "log_co2e_ha_2017": 5.6331692434762077, "id_group": 58 }, "geometry": { "type": "Polygon", "coordinates": [ [ [ 5470786.173073530197144, 9105111.533256726339459 ], [ 5471463.016760349273682, 9172352.70029746927321 ], [ 5538391.255102289840579, 9171658.549022611230612 ], [ 5537617.898462638258934, 9104362.426269318908453 ], [ 5470786.173073530197144, 9105111.533256726339459 ] ] ] } },
{ "type": "Feature", "properties": { "X1": 1.0, "log_hist_precip": -0.91736085854984983, "log_hist_temp": -0.16765832601583217, "lat": -0.55792613658277423, "lon": 1.4949134733213281, "latlon": -0.83405129869570471, "log_co2e_ha_2017": 5.6227058331863855, "id_group": 58 }, "geometry": { "type": "Polygon", "coordinates": [ [ [ 5537617.898462638258934, 9104362.426269318908453 ], [ 5538391.255102289840579, 9171658.549022611230612 ], [ 5605318.475910953246057, 9170872.388494335114956 ], [ 5604448.437121569178998, 9103514.026410367339849 ], [ 5537617.898462638258934, 9104362.426269318908453 ] ] ] } },
{ "type": "Feature", "properties": { "X1": 1.0, "log_hist_precip": -0.84835834620610118, "log_hist_temp": -0.27351259376572007, "lat": -0.68685906845895894, "lon": -2.092845270975829, "latlon": 1.4374897532511954, "log_co2e_ha_2017": 6.7137204345698258, "id_group": 48 }, "geometry": { "type": "Polygon", "coordinates": [ [ [ 2801778.249557506293058, 8982669.256992559880018 ], [ 2798237.587241919711232, 9053661.208237016573548 ], [ 2864995.821167445275933, 9056882.835606640204787 ], [ 2868421.250670673791319, 8986125.593621887266636 ], [ 2801778.249557506293058, 8982669.256992559880018 ] ] ] } },
{ "type": "Feature", "properties": { "X1": 1.0, "log_hist_precip": -0.41671446048810096, "log_hist_temp": -0.63898889195922137, "lat": -0.68685906845902434, "lon": -2.0053389601395017, "latlon": 1.3773852501060067, "log_co2e_ha_2017": 6.6426994109013204, "id_group": 48 }, "geometry": { "type": "Polygon", "coordinates": [ [ [ 2868421.250670672394335, 8986125.593621887266636 ], [ 2864995.821167443878949, 9056882.835606640204787 ], [ 2931758.767871119081974, 9060005.274910485371947 ], [ 2935069.685005106963217, 8989475.528103874996305 ], [ 2868421.250670672394335, 8986125.593621887266636 ] ] ] } },
{ "type": "Feature", "properties": { "X1": 1.0, "log_hist_precip": -0.36265726442382351, "log_hist_temp": -0.94047853213150412, "lat": -0.68685906845900246, "lon": -1.9178326493028912, "latlon": 1.3172807469604446, "log_co2e_ha_2017": 6.6447349889793887, "id_group": 48 }, "geometry": { "type": "Polygon", "coordinates": [ [ [ 2935069.685005102772266, 8989475.528103874996305 ], [ 2931758.767871114425361, 9060005.274910485371947 ], [ 2998526.279981352388859, 9063028.519256126135588 ], [ 3001723.38267935346812, 8992719.051899816840887 ], [ 2935069.685005102772266, 8989475.528103874996305 ] ] ] } },
{ "type": "Feature", "properties": { "X1": 1.0, "log_hist_precip": -0.52551766302521563, "log_hist_temp": -1.3009171828128645, "lat": -0.68685906845897671, "lon": -1.8303263384663402, "latlon": 1.2571762438149201, "log_co2e_ha_2017": 6.731348149073658, "id_group": 48 }, "geometry": { "type": "Polygon", "coordinates": [ [ [ 3001723.382679352536798, 8992719.051899816840887 ], [ 2998526.279981350991875, 9063028.519256126135588 ], [ 3065298.210116481408477, 9065952.561970096081495 ], [ 3068382.173798548057675, 8995856.156742237508297 ], [ 3001723.382679352536798, 8992719.051899816840887 ] ] ] } },
{ "type": "Feature", "properties": { "X1": 1.0, "log_hist_precip": -0.27180970480762695, "log_hist_temp": -1.41422054807235, "lat": -0.68685906845899447, "lon": -1.7428200276298242, "latlon": 1.1970717406695002, "log_co2e_ha_2017": 6.7400253130561936, "id_group": 49 }, "geometry": { "type": "Polygon", "coordinates": [ [ [ 3068382.173798547126353, 8995856.156742237508297 ], [ 3065298.210116480011493, 9065952.561970096081495 ], [ 3132074.410885088145733, 9068777.396597908809781 ], [ 3135045.888454842381179, 8998886.834634901955724 ], [ 3068382.173798547126353, 8995856.156742237508297 ] ] ] } },
{ "type": "Feature", "properties": { "X1": 1.0, "log_hist_precip": 0.11591745045444962, "log_hist_temp": -1.2961352235221371, "lat": -0.68685906845907119, "lon": -1.6553137167932936, "latlon": 1.1369672375241644, "log_co2e_ha_2017": 6.6195660157839793, "id_group": 49 }, "geometry": { "type": "Polygon", "coordinates": [ [ [ 3135045.888454842381179, 8998886.834634901955724 ], [ 3132074.410885088145733, 9068777.396597908809781 ], [ 3198854.734886328224093, 9071503.016904048621655 ], [ 3201714.356727835722268, 9001811.077852860093117 ], [ 3135045.888454842381179, 8998886.834634901955724 ] ] ] } },
{ "type": "Feature", "properties": { "X1": 1.0, "log_hist_precip": 0.13848009239004047, "log_hist_temp": -1.3293006046927871, "lat": -0.68685906845894618, "lon": -1.5678074059567531, "latlon": 1.0768627343784922, "log_co2e_ha_2017": 6.6292163365719912, "id_group": 49 }, "geometry": { "type": "Polygon", "coordinates": [ [ [ 3201714.356727833859622, 9001811.077852860093117 ], [ 3198854.734886326361448, 9071503.016904048621655 ], [ 3265639.034710252191871, 9074129.416872041299939 ], [ 3268387.40868501085788, 9004628.878942454233766 ], [ 3201714.356727833859622, 9001811.077852860093117 ] ] ] } },
{ "type": "Feature", "properties": { "X1": 1.0, "log_hist_precip": 0.28680545483435055, "log_hist_temp": -1.406117559210144, "lat": -0.68685906845900357, "lon": -1.4803010951202573, "latlon": 1.0167582312331427, "log_co2e_ha_2017": 6.6958064463737603, "id_group": 49 }, "geometry": { "type": "Polygon", "coordinates": [ [ [ 3268387.408685009460896, 9004628.878942454233766 ], [ 3265639.034710250329226, 9074129.416872041299939 ], [ 3332427.162938140332699, 9076656.590704394504428 ], [ 3335064.87438217131421, 9007340.230721348896623 ], [ 3268387.408685009460896, 9004628.878942454233766 ] ] ] } },
{ "type": "Feature", "properties": { "X1": 1.0, "log_hist_precip": 0.17743418191583224, "log_hist_temp": -1.4061193051158276, "lat": -0.68685906845897593, "lon": -1.3927947842838089, "latlon": 0.95665372808769733, "log_co2e_ha_2017": 6.7119538446035749, "id_group": 50 }, "geometry": { "type": "Polygon", "coordinates": [ [ [ 3335064.874382168520242, 9007340.230721348896623 ], [ 3332427.162938136607409, 9076656.590704394504428 ], [ 3399218.97214281745255, 9079084.532822664827108 ], [ 3401746.583863864652812, 9009945.126278506591916 ], [ 3335064.874382168520242, 9007340.230721348896623 ] ] ] } },
{ "type": "Feature", "properties": { "X1": 1.0, "log_hist_precip": -0.07331077581530554, "log_hist_temp": -1.1382065182312797, "lat": -0.68685906845898881, "lon": -1.3052884734471617, "latlon": 0.89654922494217304, "log_co2e_ha_2017": 6.6652440337969097, "id_group": 50 }, "geometry": { "type": "Polygon", "coordinates": [ [ [ 3401746.583863864652812, 9009945.126278506591916 ], [ 3399218.97214281745255, 9079084.532822664827108 ], [ 3466014.314888986758888, 9081413.237867450341582 ], [ 3468432.367163827642798, 9012443.558974279090762 ], [ 3401746.583863864652812, 9009945.126278506591916 ] ] ] } },
{ "type": "Feature", "properties": { "X1": 1.0, "log_hist_precip": -0.1781867809625465, "log_hist_temp": -0.71638006396844434, "lat": -0.68685906845901601, "lon": -1.2177821626107501, "latlon": 0.83644472179682583, "log_co2e_ha_2017": 6.5864375313266024, "id_group": 50 }, "geometry": { "type": "Polygon", "coordinates": [ [ [ 3468432.367163826245815, 9012443.558974279090762 ], [ 3466014.314888985361904, 9081413.237867450341582 ], [ 3532813.043733548372984, 9083642.70069838501513 ], [ 3535122.054305407218635, 9014835.522440357133746 ], [ 3468432.367163826245815, 9012443.558974279090762 ] ] ] } },
{ "type": "Feature", "properties": { "X1": 1.0, "log_hist_precip": -0.1675684547163272, "log_hist_temp": -0.29971949177293156, "lat": -0.68685906845896083, "lon": -1.1302758517741212, "latlon": 0.77634021865123137, "log_co2e_ha_2017": 6.5229898406980285, "id_group": 50 }, "geometry": { "type": "Polygon", "coordinates": [ [ [ 3535122.054305406287313, 9014835.522440357133746 ], [ 3532813.043733546510339, 9083642.70069838501513 ], [ 3599615.011225927621126, 9085772.916394200176001 ], [ 3601815.475302003324032, 9017121.010579820722342 ], [ 3535122.054305406287313, 9014835.522440357133746 ] ] ] } },
{ "type": "Feature", "properties": { "X1": 1.0, "log_hist_precip": -0.21116442528495932, "log_hist_temp": -0.037785454255729677, "lat": -0.68685906845897593, "lon": -1.0427695409376214, "latlon": 0.71623571550580867, "log_co2e_ha_2017": 6.5253658957808192, "id_group": 51 }, "geometry": { "type": "Polygon", "coordinates": [ [ [ 3601815.475302001461387, 9017121.010579820722342 ], [ 3599615.011225926224142, 9085772.916394200176001 ], [ 3666420.069908404257149, 9087803.880252690985799 ], [ 3668512.46015749592334, 9019300.017567148432136 ], [ 3601815.475302001461387, 9017121.010579820722342 ] ] ] } },
{ "type": "Feature", "properties": { "X1": 1.0, "log_hist_precip": -0.14808225790340812, "log_hist_temp": 0.20353261491921809, "lat": -0.68685906845905986, "lon": -0.95526323010116276, "latlon": 0.65613121236047722, "log_co2e_ha_2017": 6.5077178956015205, "id_group": 51 }, "geometry": { "type": "Polygon", "coordinates": [ [ [ 3668512.460157494992018, 9019300.017567148432136 ], [ 3666420.069908402860165, 9087803.880252690985799 ], [ 3733228.072316434234381, 9089735.58779071457684 ], [ 3735212.838866686914116, 9021372.53784822113812 ], [ 3668512.460157494992018, 9019300.017567148432136 ] ] ] } },
{ "type": "Feature", "properties": { "X1": 1.0, "log_hist_precip": -0.0086630970031207708, "log_hist_temp": 0.28160573288105017, "lat": -0.6868590684591116, "lon": -0.8677569192646406, "latlon": 0.59602670921505951, "log_co2e_ha_2017": 6.4365319815122328, "id_group": 51 }, "geometry": { "type": "Polygon", "coordinates": [ [ [ 3735212.838866686914116, 9021372.53784822113812 ], [ 3733228.072316434234381, 9089735.58779071457684 ], [ 3800038.870978972874582, 9091568.034744272008538 ], [ 3801916.441415720619261, 9023338.566140353679657 ], [ 3735212.838866686914116, 9021372.53784822113812 ] ] ] } },
{ "type": "Feature", "properties": { "X1": 1.0, "log_hist_precip": 0.10932975068182636, "log_hist_temp": 0.19421508951984298, "lat": -0.68685906845913192, "lon": -0.7802506084281573, "latlon": 0.53592220606963503, "log_co2e_ha_2017": 6.3380911168987586, "id_group": 51 }, "geometry": { "type": "Polygon", "coordinates": [ [ [ 3801916.441415718756616, 9023338.566140353679657 ], [ 3800038.870978971011937, 9091568.034744272008538 ], [ 3866852.318418802227825, 9093301.217068428173661 ], [ 3868623.097782525233924, 9025198.097432309761643 ], [ 3801916.441415718756616, 9023338.566140353679657 ] ] ] } },
{ "type": "Feature", "properties": { "X1": 1.0, "log_hist_precip": 0.17598626525419186, "log_hist_temp": 0.0038124959853785829, "lat": -0.68685906845913569, "lon": -0.69274429759151912, "latlon": 0.47581770292408909, "log_co2e_ha_2017": 6.2410547458885501, "id_group": 52 }, "geometry": { "type": "Polygon", "coordinates": [ [ [ 3868623.097782523836941, 9025198.097432309761643 ], [ 3866852.318418800830841, 9093301.217068428173661 ], [ 3933668.267152861692011, 9094935.130937380716205 ], [ 3935332.637937248218805, 9026951.126984281465411 ], [ 3868623.097782523836941, 9025198.097432309761643 ] ] ] } },
{ "type": "Feature", "properties": { "X1": 1.0, "log_hist_precip": 0.20204466948381863, "log_hist_temp": -0.24544828775749913, "lat": -0.68685906845902545, "lon": -0.60523798675511176, "latlon": 0.41571319977863203, "log_co2e_ha_2017": 6.2862374351196131, "id_group": 52 }, "geometry": { "type": "Polygon", "coordinates": [ [ [ 3935332.637937249615788, 9026951.126984281465411 ], [ 3933668.267152863088995, 9094935.130937380716205 ], [ 4000486.569692567922175, 9096469.772744465619326 ], [ 4002044.891842686571181, 9028597.650327945128083 ], [ 3935332.637937249615788, 9026951.126984281465411 ] ] ] } },
{ "type": "Feature", "properties": { "X1": 1.0, "log_hist_precip": 0.21769789473889209, "log_hist_temp": -0.40855469249342352, "lat": -0.68685906845897104, "lon": -0.51773167591855873, "latlon": 0.35560869663312317, "log_co2e_ha_2017": 6.4016217734464282, "id_group": 52 }, "geometry": { "type": "Polygon", "coordinates": [ [ [ 4002044.891842686571181, 9028597.650327945128083 ], [ 4000486.569692567922175, 9096469.772744465619326 ], [ 4067307.078544139396399, 9097905.139102132990956 ], [ 4068759.689454715233296, 9030137.663266446441412 ], [ 4002044.891842686571181, 9028597.650327945128083 ] ] ] } },
{ "type": "Feature", "properties": { "X1": 1.0, "log_hist_precip": 0.24373020500043371, "log_hist_temp": -0.27129011520948598, "lat": -0.68685906845898881, "lon": -0.43022536508205284, "latlon": 0.29550419348768719, "log_co2e_ha_2017": 6.4159249592911554, "id_group": 52 }, "geometry": { "type": "Polygon", "coordinates": [ [ [ 4068759.68945471663028, 9030137.663266455754638 ], [ 4067307.078544140793383, 9097905.139102132990956 ], [ 4134129.646208928897977, 9099241.226841954514384 ], [ 4135476.860722731798887, 9031571.161874424666166 ], [ 4068759.68945471663028, 9030137.663266455754638 ] ] ] } },
{ "type": "Feature", "properties": { "X1": 1.0, "log_hist_precip": 0.53450484072204274, "log_hist_temp": -0.13348431490204701, "lat": -0.68685906845895028, "lon": -0.34271905424550703, "latlon": 0.2353996903422014, "log_co2e_ha_2017": 6.3692490695862416, "id_group": 53 }, "geometry": { "type": "Polygon", "coordinates": [ [ [ 4135476.860722731798887, 9031571.161874424666166 ], [ 4134129.646208928897977, 9099241.226841954514384 ], [ 4200954.125183738768101, 9100478.033014701679349 ], [ 4202196.235590078867972, 9032898.14249799400568 ], [ 4135476.860722731798887, 9031571.161874424666166 ] ] ] } },
{ "type": "Feature", "properties": { "X1": 1.0, "log_hist_precip": 0.51569036794449341, "log_hist_temp": -0.15018218455601554, "lat": -0.6868590684589605, "lon": -0.25521274340899502, "latlon": 0.17529518719675805, "log_co2e_ha_2017": 6.4470926546039529, "id_group": 53 }, "geometry": { "type": "Polygon", "coordinates": [ [ [ 4202196.235590078867972, 9032898.14249799400568 ], [ 4200954.125183738768101, 9100478.033014701679349 ], [ 4267780.367961156181991, 9101615.554890237748623 ], [ 4268917.64399448223412, 9034118.601754799485207 ], [ 4202196.235590078867972, 9032898.14249799400568 ] ] ] } },
{ "type": "Feature", "properties": { "X1": 1.0, "log_hist_precip": 0.16997232692980221, "log_hist_temp": 0.038806602318894039, "lat": -0.68685906845901257, "lon": -0.16770643257248713, "latlon": 0.11519068405132271, "log_co2e_ha_2017": 6.4922376833699937, "id_group": 53 }, "geometry": { "type": "Polygon", "coordinates": [ [ [ 4268917.64399448223412, 9034118.601754799485207 ], [ 4267780.367961156181991, 9101615.554890237748623 ], [ 4334608.227029875852168, 9102653.78995762206614 ], [ 4335640.915868489071727, 9035232.536533979699016 ], [ 4268917.64399448223412, 9034118.601754799485207 ] ] ] } },
{ "type": "Feature", "properties": { "X1": 1.0, "log_hist_precip": -0.2221680399548682, "log_hist_temp": 0.21666983945217705, "lat": -0.68685906845896161, "lon": -0.080200121735943333, "latlon": 0.055086180905845356, "log_co2e_ha_2017": 6.5063217311114343, "id_group": 53 }, "geometry": { "type": "Polygon", "coordinates": [ [ [ 4335640.915868489071727, 9035232.536533979699016 ], [ 4334608.227029875852168, 9102653.78995762206614 ], [ 4401437.554875019937754, 9103592.735925078392029 ], [ 4402365.881139890290797, 9036239.943996215239167 ], [ 4335640.915868489071727, 9035232.536533979699016 ] ] ] } },
{ "type": "Feature", "properties": { "X1": 1.0, "log_hist_precip": -0.35783121013162256, "log_hist_temp": -0.12765225304009042, "lat": -0.6868590684590874, "lon": 0.0073061891004210094, "latlon": -0.0050183222395011121, "log_co2e_ha_2017": 6.4596905396747566, "id_group": 54 }, "geometry": { "type": "Polygon", "coordinates": [ [ [ 4402365.881139891222119, 9036239.943996215239167 ], [ 4401437.554875021800399, 9103592.735925078392029 ], [ 4468268.203978476114571, 9104432.390719985589385 ], [ 4469092.369732167571783, 9037140.821573704481125 ], [ 4402365.881139891222119, 9036239.943996215239167 ] ] ] } },
{ "type": "Feature", "properties": { "X1": 1.0, "log_hist_precip": -0.32530268089639219, "log_hist_temp": 0.11433733339800972, "lat": -0.68685906845908773, "lon": 0.094812499937120667, "latlon": -0.065122825385088012, "log_co2e_ha_2017": 6.3922323256545859, "id_group": 54 }, "geometry": { "type": "Polygon", "coordinates": [ [ [ 4469092.369732167571783, 9037140.821573704481125 ], [ 4468268.203978476114571, 9104432.390719985589385 ], [ 4535100.026819206774235, 9105172.75248889438808 ], [ 4535820.211564912460744, 9037935.166970184072852 ], [ 4469092.369732167571783, 9037140.821573704481125 ] ] ] } },
{ "type": "Feature", "properties": { "X1": 1.0, "log_hist_precip": -0.22689072118324971, "log_hist_temp": 0.4045480376678865, "lat": -0.68685906845904998, "lon": 0.18231881077360293, "latlon": -0.12522732853051871, "log_co2e_ha_2017": 6.3511005439757522, "id_group": 54 }, "geometry": { "type": "Polygon", "coordinates": [ [ [ 4535820.211564913392067, 9037935.166970184072852 ], [ 4535100.026819207705557, 9105172.75248889438808 ], [ 4601932.875873589888215, 9105813.819597540423274 ], [ 4602549.236554273404181, 9038622.978160921484232 ], [ 4535820.211564913392067, 9037935.166970184072852 ] ] ] } },
{ "type": "Feature", "properties": { "X1": 1.0, "log_hist_precip": -0.14209882450282846, "log_hist_temp": 0.27144138547774965, "lat": -0.68685906845899258, "lon": 0.26982512161005651, "latlon": -0.1853318316759178, "log_co2e_ha_2017": 6.3739523934442017, "id_group": 54 }, "geometry": { "type": "Polygon", "coordinates": [ [ [ 4602549.236554273404181, 9038622.978160921484232 ], [ 4601932.875873589888215, 9105813.819597540423274 ], [ 4668766.603615734726191, 9106355.590630853548646 ], [ 4669279.274613378569484, 9039204.253392746672034 ], [ 4602549.236554273404181, 9038622.978160921484232 ] ] ] } },
{ "type": "Feature", "properties": { "X1": 1.0, "log_hist_precip": -0.023629996927128236, "log_hist_temp": -0.51603456559266869, "lat": -0.68685906845895484, "lon": 0.35733143244661358, "latlon": -0.24543633482138497, "log_co2e_ha_2017": 6.3583547251836423, "id_group": 55 }, "geometry": { "type": "Polygon", "coordinates": [ [ [ 4669279.274613378569484, 9039204.253392746672034 ], [ 4668766.603615734726191, 9106355.590630853548646 ], [ 4735601.062517812475562, 9106798.064392929896712 ], [ 4736010.155652775429189, 9039678.99118404276669 ], [ 4669279.274613378569484, 9039204.253392746672034 ] ] ] } },
{ "type": "Feature", "properties": { "X1": 1.0, "log_hist_precip": 0.047792856848509528, "log_hist_temp": -0.64285095621165944, "lat": -0.68685906845904809, "lon": 0.44483774328322406, "latlon": -0.30554083796694048, "log_co2e_ha_2017": 6.3443576765031553, "id_group": 55 }, "geometry": { "type": "Polygon", "coordinates": [ [ [ 4736010.155652778223157, 9039678.99118404276669 ], [ 4735601.062517814338207, 9106798.064392929896712 ], [ 4802436.105050382204354, 9107141.239907054230571 ], [ 4802741.709580867551267, 9040047.190324740484357 ], [ 4736010.155652778223157, 9039678.99118404276669 ] ] ] } },
{ "type": "Feature", "properties": { "X1": 1.0, "log_hist_precip": 0.094981383934340441, "log_hist_temp": 0.24627478365023633, "lat": -0.68685906845906508, "lon": 0.5323440541196981, "latlon": -0.36564534111237795, "log_co2e_ha_2017": 6.3206864236199882, "id_group": 55 }, "geometry": { "type": "Polygon", "coordinates": [ [ [ 4802741.709580867551267, 9040047.190324740484357 ], [ 4802436.105050382204354, 9107141.239907054230571 ], [ 4869271.583682708442211, 9107385.116415707394481 ], [ 4869473.766304332762957, 9040308.849876331165433 ], [ 4802741.709580867551267, 9040047.190324740484357 ] ] ] } },
{ "type": "Feature", "properties": { "X1": 1.0, "log_hist_precip": -0.0063995274135723616, "log_hist_temp": 0.53472629297085594, "lat": -0.68685906845909761, "lon": 0.61985036495620083, "latlon": -0.42574984425784779, "log_co2e_ha_2017": 6.2219411979673671, "id_group": 55 }, "geometry": { "type": "Polygon", "coordinates": [ [ [ 4869473.766304333694279, 9040308.849876331165433 ], [ 4869271.583682709373534, 9107385.116415707394481 ], [ 4936107.350883101113141, 9107529.693380564451218 ], [ 4936206.155728577636182, 9040463.969171857461333 ], [ 4869473.766304333694279, 9040308.849876331165433 ] ] ] } },
{ "type": "Feature", "properties": { "X1": 1.0, "log_hist_precip": -0.36863625778607623, "log_hist_temp": -0.010353713194717238, "lat": -0.68685906845910738, "lon": 0.70735667579269235, "latlon": -0.48585434740329947, "log_co2e_ha_2017": 6.4054069953009707, "id_group": 56 }, "geometry": { "type": "Polygon", "coordinates": [ [ [ 4936206.155728577636182, 9040463.969171857461333 ], [ 4936107.350883101113141, 9107529.693380564451218 ], [ 5002943.259119225665927, 9107574.970482487231493 ], [ 5002938.707758153788745, 9040512.547815933823586 ], [ 4936206.155728577636182, 9040463.969171857461333 ] ] ] } },
{ "type": "Feature", "properties": { "X1": 1.0, "log_hist_precip": -0.41642885210399472, "log_hist_temp": -0.10628342347609333, "lat": -0.68685906845906319, "lon": 0.79486298662922483, "latlon": -0.54595885054873816, "log_co2e_ha_2017": 6.3207692984718262, "id_group": 56 }, "geometry": { "type": "Polygon", "coordinates": [ [ [ 5002938.707758154720068, 9040512.547815933823586 ], [ 5002943.25911922659725, 9107574.970482487231493 ], [ 5069779.160858443006873, 9107520.947621524333954 ], [ 5069671.252297203056514, 9040454.585684739053249 ], [ 5002938.707758154720068, 9040512.547815933823586 ] ] ] } },
{ "type": "Feature", "properties": { "X1": 1.0, "log_hist_precip": -0.38689055736412165, "log_hist_temp": -0.41937696896134036, "lat": -0.6868590684590965, "lon": 0.88236929746569071, "latlon": -0.60606335369419173, "log_co2e_ha_2017": 6.2537669823453141, "id_group": 56 }, "geometry": { "type": "Polygon", "coordinates": [ [ [ 5069671.252297203056514, 9040454.585684739053249 ], [ 5069779.160858443006873, 9107520.947621524333954 ], [ 5136614.908568123355508, 9107367.624916940927505 ], [ 5136403.619249884039164, 9040290.082926023751497 ], [ 5069671.252297203056514, 9040454.585684739053249 ] ] ] } },
{ "type": "Feature", "properties": { "X1": 1.0, "log_hist_precip": -0.43400662182461586, "log_hist_temp": -0.62759539116141239, "lat": -0.68685906845907641, "lon": 0.96987560830227248, "latlon": -0.66616785683967894, "log_co2e_ha_2017": 6.2396277100413471, "id_group": 56 }, "geometry": { "type": "Polygon", "coordinates": [ [ [ 5136403.619249884039164, 9040290.082926023751497 ], [ 5136614.908568123355508, 9107367.624916940927505 ], [ 5203450.354715977795422, 9107115.002707162871957 ], [ 5203135.638520807027817, 9040019.039959086105227 ], [ 5136403.619249884039164, 9040290.082926023751497 ] ] ] } },
{ "type": "Feature", "properties": { "X1": 1.0, "log_hist_precip": -0.43192024835772569, "log_hist_temp": -1.5106006682487105, "lat": -0.68685906845901146, "lon": 1.0573819191387896, "latlon": -0.72627235998507089, "log_co2e_ha_2017": 6.0884477014954888, "id_group": 57 }, "geometry": { "type": "Polygon", "coordinates": [ [ [ 5203135.638520807027817, 9040019.039959086105227 ], [ 5203450.354715977795422, 9107115.002707162871957 ], [ 5270285.351770386099815, 9106763.081549836322665 ], [ 5269867.140015470795333, 9039641.457474783062935 ], [ 5203135.638520807027817, 9040019.039959086105227 ] ] ] } },
{ "type": "Feature", "properties": { "X1": 1.0, "log_hist_precip": -0.5506471050901065, "log_hist_temp": -0.87755035241145574, "lat": -0.68685906845902167, "lon": 1.1448882299752083, "latlon": -0.78637686313046973, "log_co2e_ha_2017": 5.9541682391952397, "id_group": 57 }, "geometry": { "type": "Polygon", "coordinates": [ [ [ 5269867.140015470795333, 9039641.457474783062935 ], [ 5270285.351770386099815, 9106763.081549836322665 ], [ 5337119.752200716175139, 9106311.862221775576472 ], [ 5336597.953640693798661, 9039157.336435548961163 ], [ 5269867.140015470795333, 9039641.457474783062935 ] ] ] } },
{ "type": "Feature", "properties": { "X1": 1.0, "log_hist_precip": -0.61754312654147436, "log_hist_temp": -0.55265583964949772, "lat": -0.68685906845902622, "lon": 1.2323945408118997, "latlon": -0.84648136627605075, "log_co2e_ha_2017": 5.8178474853075484, "id_group": 57 }, "geometry": { "type": "Polygon", "coordinates": [ [ [ 5336597.953640694729984, 9039157.336435548961163 ], [ 5337119.752200717106462, 9106311.862221775576472 ], [ 5403953.40847765468061, 9105761.345719002187252 ], [ 5403327.909305045381188, 9038566.678075375035405 ], [ 5336597.953640694729984, 9039157.336435548961163 ] ] ] } },
{ "type": "Feature", "properties": { "X1": 1.0, "log_hist_precip": -0.72831671132129105, "log_hist_temp": 0.081217484708199339, "lat": -0.68685906845900691, "lon": 1.3199008516483359, "latlon": -0.90658586942142594, "log_co2e_ha_2017": 5.5766263805172782, "id_group": 57 }, "geometry": { "type": "Polygon", "coordinates": [ [ [ 5403327.909305045381188, 9038566.678075375035405 ], [ 5403953.40847765468061, 9105761.345719002187252 ], [ 5470786.173073529265821, 9105111.533256726339459 ], [ 5470056.836919284425676, 9037869.483899794518948 ], [ 5403327.909305045381188, 9038566.678075375035405 ] ] ] } },
{ "type": "Feature", "properties": { "X1": 1.0, "log_hist_precip": -0.86568433376095488, "log_hist_temp": 0.13861854444502048, "lat": -0.68685906845904099, "lon": 1.4074071624848734, "latlon": -0.96669037256694224, "log_co2e_ha_2017": 5.3172734638367194, "id_group": 58 }, "geometry": { "type": "Polygon", "coordinates": [ [ [ 5470056.836919285356998, 9037869.483899794518948 ], [ 5470786.173073530197144, 9105111.533256726339459 ], [ 5537617.898462638258934, 9104362.426269318908453 ], [ 5536784.566396789625287, 9037065.755685903131962 ], [ 5470056.836919285356998, 9037869.483899794518948 ] ] ] } },
{ "type": "Feature", "properties": { "X1": 1.0, "log_hist_precip": -0.93438534653666216, "log_hist_temp": -0.43400428664498641, "lat": -0.68685906845899669, "lon": 1.4949134733213045, "latlon": -1.0267948757122745, "log_co2e_ha_2017": 5.1976842213373082, "id_group": 58 }, "geometry": { "type": "Polygon", "coordinates": [ [ [ 5536784.566396789625287, 9037065.755685903131962 ], [ 5537617.898462638258934, 9104362.426269318908453 ], [ 5604448.437121569178998, 9103514.026410367339849 ], [ 5603510.92765399068594, 9036155.495482325553894 ], [ 5536784.566396789625287, 9037065.755685903131962 ] ] ] } },
{ "type": "Feature", "properties": { "X1": 1.0, "log_hist_precip": -1.1080257867803442, "log_hist_temp": -0.4693484956265544, "lat": -0.8157919854965755, "lon": -2.0053389601394711, "latlon": 1.6359394518858172, "log_co2e_ha_2017": 6.6813508789000329, "id_group": 48 }, "geometry": { "type": "Polygon", "coordinates": [ [ [ 2872092.234174383338541, 8915390.805968724191189 ], [ 2868421.250670672394335, 8986125.593621887266636 ], [ 2935069.685005106963217, 8989475.528103874996305 ], [ 2938617.984867434483021, 8918966.702407110482454 ], [ 2872092.234174383338541, 8915390.805968724191189 ] ] ] } },
{ "type": "Feature", "properties": { "X1": 1.0, "log_hist_precip": -1.0167130562984044, "log_hist_temp": -0.84833878504750559, "lat": -0.81579198549661858, "lon": -1.9178326493028974, "latlon": 1.5645525048250508, "log_co2e_ha_2017": 6.7347717430244947, "id_group": 48 }, "geometry": { "type": "Polygon", "coordinates": [ [ [ 2938617.984867429826409, 8918966.702407110482454 ], [ 2935069.685005102772266, 8989475.528103874996305 ], [ 3001723.38267935346812, 8992719.051899816840887 ], [ 3005149.743246381171048, 8922429.02353854291141 ], [ 2938617.984867429826409, 8918966.702407110482454 ] ] ] } },
{ "type": "Feature", "properties": { "X1": 1.0, "log_hist_precip": -0.89808757762949321, "log_hist_temp": -1.2550737762113318, "lat": -0.81579198549665677, "lon": -1.8303263384664039, "latlon": 1.4931655577643335, "log_co2e_ha_2017": 6.7658931583330384, "id_group": 48 }, "geometry": { "type": "Polygon", "coordinates": [ [ [ 3005149.743246379774064, 8922429.02353854291141 ], [ 3001723.382679352536798, 8992719.051899816840887 ], [ 3068382.173798548057675, 8995856.156742237508297 ], [ 3071687.315411257557571, 8925777.759272443130612 ], [ 3005149.743246379774064, 8922429.02353854291141 ] ] ] } },
{ "type": "Feature", "properties": { "X1": 1.0, "log_hist_precip": -0.5898613424353123, "log_hist_temp": -1.3392123896915193, "lat": -0.81579198549661258, "lon": -1.7428200276297625, "latlon": 1.4217786107033452, "log_co2e_ha_2017": 6.7611848406376804, "id_group": 49 }, "geometry": { "type": "Polygon", "coordinates": [ [ [ 3071687.315411256626248, 8925777.759272444993258 ], [ 3068382.173798547126353, 8995856.156742237508297 ], [ 3135045.888454842381179, 8998886.834634901955724 ], [ 3138230.507445154711604, 8929012.899849271401763 ], [ 3071687.315411256626248, 8925777.759272444993258 ] ] ] } },
{ "type": "Feature", "properties": { "X1": 1.0, "log_hist_precip": -0.28136882868997221, "log_hist_temp": -1.3691512807222659, "lat": -0.81579198549662957, "lon": -1.6553137167932854, "latlon": 1.3503916636425999, "log_co2e_ha_2017": 6.681673713486151, "id_group": 49 }, "geometry": { "type": "Polygon", "coordinates": [ [ [ 3138230.507445154711604, 8929012.899849271401763 ], [ 3135045.888454842381179, 8998886.834634901955724 ], [ 3201714.356727835722268, 9001811.077852860093117 ], [ 3204779.125414780341089, 8932134.435840524733067 ], [ 3138230.507445154711604, 8929012.899849271401763 ] ] ] } },
{ "type": "Feature", "properties": { "X1": 1.0, "log_hist_precip": -0.082913375127413841, "log_hist_temp": -1.4743209603435863, "lat": -0.81579198549668053, "lon": -1.5678074059568123, "latlon": 1.2790047165819081, "log_co2e_ha_2017": 6.6674359247982142, "id_group": 49 }, "geometry": { "type": "Polygon", "coordinates": [ [ [ 3204779.125414779409766, 8932134.435840524733067 ], [ 3201714.356727833859622, 9001811.077852860093117 ], [ 3268387.40868501085788, 9004628.878942454233766 ], [ 3271332.975371029693633, 8935142.358148824423552 ], [ 3204779.125414779409766, 8932134.435840524733067 ] ] ] } },
{ "type": "Feature", "properties": { "X1": 1.0, "log_hist_precip": 0.14433384961990797, "log_hist_temp": -1.5514930673894167, "lat": -0.81579198549665033, "lon": -1.4803010951202737, "latlon": 1.2076177695210339, "log_co2e_ha_2017": 6.6598297872824865, "id_group": 49 }, "geometry": { "type": "Polygon", "coordinates": [ [ [ 3271332.975371028296649, 8935142.358148824423552 ], [ 3268387.408685009460896, 9004628.878942454233766 ], [ 3335064.87438217131421, 9007340.230721348896623 ], [ 3337891.863349553663284, 8938036.658007888123393 ], [ 3271332.975371028296649, 8935142.358148824423552 ] ] ] } },
{ "type": "Feature", "properties": { "X1": 1.0, "log_hist_precip": -0.028626451138323399, "log_hist_temp": -1.5175860552532872, "lat": -0.8157919854966923, "lon": -1.3927947842837904, "latlon": 1.1362308224603106, "log_co2e_ha_2017": 6.5835907837701892, "id_group": 50 }, "geometry": { "type": "Polygon", "coordinates": [ [ [ 3337891.863349549937993, 8938036.658007888123393 ], [ 3335064.874382168520242, 9007340.230721348896623 ], [ 3401746.583863864652812, 9009945.126278506591916 ], [ 3404455.595371316187084, 8940817.326982568949461 ], [ 3337891.863349549937993, 8938036.658007888123393 ] ] ] } },
{ "type": "Feature", "properties": { "X1": 1.0, "log_hist_precip": -0.34600897607717773, "log_hist_temp": -1.329593391574226, "lat": -0.81579198549664844, "lon": -1.3052884734472046, "latlon": 1.0648438753993843, "log_co2e_ha_2017": 6.6342570186133321, "id_group": 50 }, "geometry": { "type": "Polygon", "coordinates": [ [ [ 3404455.595371316187084, 8940817.326982568949461 ], [ 3401746.583863864652812, 9009945.126278506591916 ], [ 3468432.367163827642798, 9012443.558974279090762 ], [ 3471023.977443166542798, 8943484.356968902051449 ], [ 3404455.595371316187084, 8940817.326982568949461 ] ] ] } },
{ "type": "Feature", "properties": { "X1": 1.0, "log_hist_precip": -0.41088038340043526, "log_hist_temp": -0.77029150602712682, "lat": -0.81579198549659782, "lon": -1.2177821626107275, "latlon": 0.99345692833854615, "log_co2e_ha_2017": 6.5546355523064639, "id_group": 50 }, "geometry": { "type": "Polygon", "coordinates": [ [ [ 3471023.977443165145814, 8943484.356968902051449 ], [ 3468432.367163826245815, 9012443.558974279090762 ], [ 3535122.054305407218635, 9014835.522440357133746 ], [ 3537596.815558400936425, 8946037.740194099023938 ], [ 3471023.977443165145814, 8943484.356968902051449 ] ] ] } },
{ "type": "Feature", "properties": { "X1": 1.0, "log_hist_precip": -0.3845817598366274, "log_hist_temp": -0.28405202754822134, "lat": -0.81579198549674137, "lon": -1.1302758517740823, "latlon": 0.92206998127779916, "log_co2e_ha_2017": 6.5092978179250478, "id_group": 50 }, "geometry": { "type": "Polygon", "coordinates": [ [ [ 3537596.815558399539441, 8946037.740194099023938 ], [ 3535122.054305406287313, 9014835.522440357133746 ], [ 3601815.475302003324032, 9017121.010579820722342 ], [ 3604173.915697326883674, 8948477.469216575846076 ], [ 3537596.815558399539441, 8946037.740194099023938 ] ] ] } },
{ "type": "Feature", "properties": { "X1": 1.0, "log_hist_precip": -0.63074790196718633, "log_hist_temp": -0.013122963411936174, "lat": -0.81579198549671983, "lon": -1.0427695409376605, "latlon": 0.85068303421703717, "log_co2e_ha_2017": 6.5670804191606846, "id_group": 51 }, "geometry": { "type": "Polygon", "coordinates": [ [ [ 3604173.915697325021029, 8948477.469216575846076 ], [ 3601815.475302001461387, 9017121.010579820722342 ], [ 3668512.46015749592334, 9019300.017567148432136 ], [ 3670755.083827833645046, 8950803.536926018074155 ], [ 3604173.915697325021029, 8948477.469216575846076 ] ] ] } },
{ "type": "Feature", "properties": { "X1": 1.0, "log_hist_precip": -0.70240908792657819, "log_hist_temp": 0.20097607328796532, "lat": -0.81579198549658538, "lon": -0.95526323010115666, "latlon": 0.7792960871561041, "log_co2e_ha_2017": 6.5503517664350408, "id_group": 51 }, "geometry": { "type": "Polygon", "coordinates": [ [ [ 3670755.083827832248062, 8950803.536926018074155 ], [ 3668512.460157494992018, 9019300.017567148432136 ], [ 3735212.838866686914116, 9021372.53784822113812 ], [ 3737340.125905955675989, 8953015.936543315649033 ], [ 3670755.083827832248062, 8950803.536926018074155 ] ] ] } },
{ "type": "Feature", "properties": { "X1": 1.0, "log_hist_precip": -0.60967937398372218, "log_hist_temp": 0.26171261486637409, "lat": -0.8157919854965725, "lon": -0.86775691926462206, "latlon": 0.70790914009527495, "log_co2e_ha_2017": 6.4909085398834971, "id_group": 51 }, "geometry": { "type": "Polygon", "coordinates": [ [ [ 3737340.125905955675989, 8953015.936543315649033 ], [ 3735212.838866686914116, 9021372.53784822113812 ], [ 3801916.441415720619261, 9023338.566140353679657 ], [ 3803928.847876433283091, 8955114.661620667204261 ], [ 3737340.125905955675989, 8953015.936543315649033 ] ] ] } },
{ "type": "Feature", "properties": { "X1": 1.0, "log_hist_precip": -0.37294536595959776, "log_hist_temp": 0.19329522974231203, "lat": -0.81579198549660958, "lon": -0.78025060842813476, "latlon": 0.63652219303452573, "log_co2e_ha_2017": 6.3987591384959641, "id_group": 51 }, "geometry": { "type": "Polygon", "coordinates": [ [ [ 3803928.847876431420445, 8955114.661620667204261 ], [ 3801916.441415718756616, 9023338.566140353679657 ], [ 3868623.097782525233924, 9025198.097432309761643 ], [ 3870521.055673282593489, 8957099.706041561439633 ], [ 3803928.847876431420445, 8955114.661620667204261 ] ] ] } },
{ "type": "Feature", "properties": { "X1": 1.0, "log_hist_precip": -0.031279425487664068, "log_hist_temp": -0.045434649008100104, "lat": -0.81579198549658238, "lon": -0.69274429759155609, "latlon": 0.56513524597365083, "log_co2e_ha_2017": 6.3774155263316947, "id_group": 52 }, "geometry": { "type": "Polygon", "coordinates": [ [ [ 3870521.055673281196505, 8957099.706041561439633 ], [ 3868623.097782523836941, 9025198.097432309761643 ], [ 3935332.637937248218805, 9026951.126984281465411 ], [ 3937116.555220363661647, 8958971.064020782709122 ], [ 3870521.055673281196505, 8957099.706041561439633 ] ] ] } },
{ "type": "Feature", "properties": { "X1": 1.0, "log_hist_precip": 0.23928271637565848, "log_hist_temp": -0.41996926837999643, "lat": -0.81579198549664844, "lon": -0.60523798675510765, "latlon": 0.49374829891294347, "log_co2e_ha_2017": 6.393829684545743, "id_group": 52 }, "geometry": { "type": "Polygon", "coordinates": [ [ [ 3937116.555220365524292, 8958971.064020782709122 ], [ 3935332.637937249615788, 9026951.126984281465411 ], [ 4002044.891842686571181, 9028597.650327945128083 ], [ 4003715.152431943453848, 8960728.730104450136423 ], [ 3937116.555220365524292, 8958971.064020782709122 ] ] ] } },
{ "type": "Feature", "properties": { "X1": 1.0, "log_hist_precip": 0.48012482852572919, "log_hist_temp": -0.72172583245367605, "lat": -0.81579198549674703, "lon": -0.51773167591853508, "latlon": 0.42236135185214013, "log_co2e_ha_2017": 6.507760569052512, "id_group": 52 }, "geometry": { "type": "Polygon", "coordinates": [ [ [ 4003715.152431943453848, 8960728.730104450136423 ], [ 4002044.891842686571181, 9028597.650327945128083 ], [ 4068759.689454715233296, 9030137.663266446441412 ], [ 4070316.653213256038725, 8962372.699170026928186 ], [ 4003715.152431943453848, 8960728.730104450136423 ] ] ] } },
{ "type": "Feature", "properties": { "X1": 1.0, "log_hist_precip": 0.36254255199807944, "log_hist_temp": -0.6459932398789423, "lat": -0.8157919854966994, "lon": -0.43022536508209902, "latlon": 0.35097440479136793, "log_co2e_ha_2017": 6.3786808985231787, "id_group": 52 }, "geometry": { "type": "Polygon", "coordinates": [ [ [ 4070316.653213256970048, 8962372.699170026928186 ], [ 4068759.68945471663028, 9030137.663266455754638 ], [ 4135476.860722731798887, 9031571.161874424666166 ], [ 4136920.86346107814461, 8963902.966426337137818 ], [ 4070316.653213256970048, 8962372.699170026928186 ] ] ] } },
{ "type": "Feature", "properties": { "X1": 1.0, "log_hist_precip": 0.26491585083472091, "log_hist_temp": -0.62044573018190252, "lat": -0.81579198549664689, "lon": -0.34271905424552956, "latlon": 0.27958745773049359, "log_co2e_ha_2017": 6.4079043332010146, "id_group": 53 }, "geometry": { "type": "Polygon", "coordinates": [ [ [ 4136920.86346107814461, 8963902.966426337137818 ], [ 4135476.860722731798887, 9031571.161874424666166 ], [ 4202196.235590078867972, 9032898.14249799400568 ], [ 4203527.589064288884401, 8965319.527413578704 ], [ 4136920.86346107814461, 8963902.966426337137818 ] ] ] } },
{ "type": "Feature", "properties": { "X1": 1.0, "log_hist_precip": 0.2000627253353939, "log_hist_temp": -0.48566289954755298, "lat": -0.8157919854966772, "lon": -0.25521274340894373, "latlon": 0.20820051066963621, "log_co2e_ha_2017": 6.4353695267070039, "id_group": 53 }, "geometry": { "type": "Polygon", "coordinates": [ [ [ 4203527.589064288884401, 8965319.527413578704 ], [ 4202196.235590078867972, 9032898.14249799400568 ], [ 4268917.64399448223412, 9034118.601754799485207 ], [ 4270136.635904432274401, 8966622.378003323450685 ], [ 4203527.589064288884401, 8965319.527413578704 ] ] ] } },
{ "type": "Feature", "properties": { "X1": 1.0, "log_hist_precip": -0.0086750219943236007, "log_hist_temp": -0.32665621181343696, "lat": -0.81579198549664733, "lon": -0.16770643257252404, "latlon": 0.13681356360889899, "log_co2e_ha_2017": 6.4839688773052666, "id_group": 53 }, "geometry": { "type": "Polygon", "coordinates": [ [ [ 4270136.635904432274401, 8966622.378003323450685 ], [ 4268917.64399448223412, 9034118.601754799485207 ], [ 4335640.915868489071727, 9035232.536533979699016 ], [ 4336747.809856296516955, 8967811.514398541301489 ], [ 4270136.635904432274401, 8966622.378003323450685 ] ] ] } },
{ "type": "Feature", "properties": { "X1": 1.0, "log_hist_precip": -0.28796232291835522, "log_hist_temp": -0.144345444438959, "lat": -0.81579198549664844, "lon": -0.080200121735942306, "latlon": 0.065426616548037289, "log_co2e_ha_2017": 6.5157465185947006, "id_group": 53 }, "geometry": { "type": "Polygon", "coordinates": [ [ [ 4336747.809856296516955, 8967811.514398541301489 ], [ 4335640.915868489071727, 9035232.536533979699016 ], [ 4402365.881139890290797, 9036239.943996215239167 ], [ 4403360.916788460686803, 8968886.933133630082011 ], [ 4336747.809856296516955, 8967811.514398541301489 ] ] ] } },
{ "type": "Feature", "properties": { "X1": 1.0, "log_hist_precip": -0.47338899976742227, "log_hist_temp": -0.015142323084067532, "lat": -0.81579198549663146, "lon": 0.0073061891005020176, "latlon": -0.0059603305127123888, "log_co2e_ha_2017": 6.436723670566427, "id_group": 54 }, "geometry": { "type": "Polygon", "coordinates": [ [ [ 4403360.916788461618125, 8968886.933133630082011 ], [ 4402365.881139891222119, 9036239.943996215239167 ], [ 4469092.369732167571783, 9037140.821573704481125 ], [ 4469975.762563877739012, 8969848.631074380129576 ], [ 4403360.916788461618125, 8968886.933133630082011 ] ] ] } },
{ "type": "Feature", "properties": { "X1": 1.0, "log_hist_precip": -0.53501377851435139, "log_hist_temp": -0.21188121638694637, "lat": -0.81579198549665066, "lon": 0.094812499937058106, "latlon": -0.077347277573553697, "log_co2e_ha_2017": 6.4032506640091809, "id_group": 54 }, "geometry": { "type": "Polygon", "coordinates": [ [ [ 4469975.762563877739012, 8969848.631074380129576 ], [ 4469092.369732167571783, 9037140.821573704481125 ], [ 4535820.211564912460744, 9037935.166970184072852 ], [ 4536592.153040427714586, 8970696.605418035760522 ], [ 4469975.762563877739012, 8969848.631074380129576 ] ] ] } },
{ "type": "Feature", "properties": { "X1": 1.0, "log_hist_precip": -0.50088566209096752, "log_hist_temp": -0.048904722747911557, "lat": -0.81579198549660614, "lon": 0.18231881077361214, "latlon": -0.14873422463438507, "log_co2e_ha_2017": 6.4085018235663584, "id_group": 54 }, "geometry": { "type": "Polygon", "coordinates": [ [ [ 4536592.153040429577231, 8970696.605418035760522 ], [ 4535820.211564913392067, 9037935.166970184072852 ], [ 4602549.236554273404181, 9038622.978160921484232 ], [ 4603209.894071494229138, 8971430.85369324311614 ], [ 4536592.153040429577231, 8970696.605418035760522 ] ] ] } },
{ "type": "Feature", "properties": { "X1": 1.0, "log_hist_precip": -0.42093244093028476, "log_hist_temp": 0.46206063747503623, "lat": -0.81579198549665677, "lon": 0.26982512161004008, "latlon": -0.22012117169513146, "log_co2e_ha_2017": 6.3423530156722325, "id_group": 54 }, "geometry": { "type": "Polygon", "coordinates": [ [ [ 4603209.894071494229138, 8971430.85369324311614 ], [ 4602549.236554273404181, 9038622.978160921484232 ], [ 4669279.274613378569484, 9039204.253392746672034 ], [ 4669828.791506519541144, 8972051.373760128393769 ], [ 4603209.894071494229138, 8971430.85369324311614 ] ] ] } },
{ "type": "Feature", "properties": { "X1": 1.0, "log_hist_precip": -0.18143771877875947, "log_hist_temp": 0.77086305114360465, "lat": -0.8157919854967145, "lon": 0.35733143244663718, "latlon": -0.29150811875602728, "log_co2e_ha_2017": 6.2909613505732338, "id_group": 55 }, "geometry": { "type": "Polygon", "coordinates": [ [ [ 4669828.791506519541144, 8972051.373760128393769 ], [ 4669279.274613378569484, 9039204.253392746672034 ], [ 4736010.155652775429189, 9039678.99118404276669 ], [ 4736448.651191576384008, 8972558.16381024941802 ], [ 4669828.791506519541144, 8972051.373760128393769 ] ] ] } },
{ "type": "Feature", "properties": { "X1": 1.0, "log_hist_precip": 0.02371964887406218, "log_hist_temp": 0.70818931604357604, "lat": -0.81579198549670395, "lon": 0.44483774328323633, "latlon": -0.36289506581690445, "log_co2e_ha_2017": 6.2952343423940702, "id_group": 55 }, "geometry": { "type": "Polygon", "coordinates": [ [ [ 4736448.651191579177976, 8972558.16381024941802 ], [ 4736010.155652778223157, 9039678.99118404276669 ], [ 4802741.709580867551267, 9040047.190324740484357 ], [ 4803069.278969939798117, 8972951.222366608679295 ], [ 4736448.651191579177976, 8972558.16381024941802 ] ] ] } },
{ "type": "Feature", "properties": { "X1": 1.0, "log_hist_precip": 0.16032418169026949, "log_hist_temp": -0.25344844944233358, "lat": -0.81579198549660392, "lon": 0.53234405411962837, "latlon": -0.43428201287756318, "log_co2e_ha_2017": 6.2577688194031058, "id_group": 55 }, "geometry": { "type": "Polygon", "coordinates": [ [ [ 4803069.278969939798117, 8972951.222366608679295 ], [ 4802741.709580867551267, 9040047.190324740484357 ], [ 4869473.766304332762957, 9040308.849876331165433 ], [ 4869690.480682636611164, 8973230.548283683136106 ], [ 4803069.278969939798117, 8972951.222366608679295 ] ] ] } },
{ "type": "Feature", "properties": { "X1": 1.0, "log_hist_precip": 0.083433745560250336, "log_hist_temp": -0.48568435082560107, "lat": -0.81579198549654153, "lon": 0.61985036495624601, "latlon": -0.50566895993841177, "log_co2e_ha_2017": 6.1547867678817783, "id_group": 55 }, "geometry": { "type": "Polygon", "coordinates": [ [ [ 4869690.480682637542486, 8973230.548283683136106 ], [ 4869473.766304333694279, 9040308.849876331165433 ], [ 4936206.155728577636182, 9040463.969171857461333 ], [ 4936312.062169028446078, 8973396.140747409313917 ], [ 4869690.480682637542486, 8973230.548283683136106 ] ] ] } },
{ "type": "Feature", "properties": { "X1": 1.0, "log_hist_precip": -0.29259310112197789, "log_hist_temp": 0.058429538347495806, "lat": -0.81579198549659937, "lon": 0.70735667579268924, "latlon": -0.57705590699919229, "log_co2e_ha_2017": 6.3021812957243641, "id_group": 56 }, "geometry": { "type": "Polygon", "coordinates": [ [ [ 4936312.062169028446078, 8973396.140747409313917 ], [ 4936206.155728577636182, 9040463.969171857461333 ], [ 5002938.707758153788745, 9040512.547815933823586 ], [ 5002933.829267363063991, 8973447.999275168403983 ], [ 4936312.062169028446078, 8973396.140747409313917 ] ] ] } },
{ "type": "Feature", "properties": { "X1": 1.0, "log_hist_precip": -0.32599805227871526, "log_hist_temp": 0.063078073169126544, "lat": -0.81579198549665066, "lon": 0.79486298662922594, "latlon": -0.64844285406005397, "log_co2e_ha_2017": 6.279194695327182, "id_group": 56 }, "geometry": { "type": "Polygon", "coordinates": [ [ [ 5002933.829267363995314, 8973447.999275168403983 ], [ 5002938.707758154720068, 9040512.547815933823586 ], [ 5069671.252297203056514, 9040454.585684739053249 ], [ 5069555.587815356440842, 8973386.123715851455927 ], [ 5002933.829267363995314, 8973447.999275168403983 ] ] ] } },
{ "type": "Feature", "properties": { "X1": 1.0, "log_hist_precip": -0.31775037444233045, "log_hist_temp": -0.2207380574937467, "lat": -0.81579198549670506, "lon": 0.88236929746574611, "latlon": -0.71982980112091377, "log_co2e_ha_2017": 6.1434330737459115, "id_group": 56 }, "geometry": { "type": "Polygon", "coordinates": [ [ [ 5069555.587815356440842, 8973386.123715851455927 ], [ 5069671.252297203056514, 9040454.585684739053249 ], [ 5136403.619249884039164, 9040290.082926023751497 ], [ 5136177.143650740385056, 8973210.514249760657549 ], [ 5069555.587815356440842, 8973386.123715851455927 ] ] ] } },
{ "type": "Feature", "properties": { "X1": 1.0, "log_hist_precip": -0.40298739411878504, "log_hist_temp": -0.31810991867851046, "lat": -0.81579198549671261, "lon": 0.96987560830219555, "latlon": -0.79121674818168009, "log_co2e_ha_2017": 6.1121663202901031, "id_group": 56 }, "geometry": { "type": "Polygon", "coordinates": [ [ [ 5136177.143650741316378, 8973210.514249760657549 ], [ 5136403.619249884039164, 9040290.082926023751497 ], [ 5203135.638520807027817, 9040019.039959086105227 ], [ 5202798.302611842751503, 8972921.171388717368245 ], [ 5136177.143650741316378, 8973210.514249760657549 ] ] ] } },
{ "type": "Feature", "properties": { "X1": 1.0, "log_hist_precip": -0.48093853135677611, "log_hist_temp": -0.61920838546266876, "lat": -0.81579198549665444, "lon": 1.0573819191387865, "latlon": -0.86260369524249358, "log_co2e_ha_2017": 5.9065578719178049, "id_group": 57 }, "geometry": { "type": "Polygon", "coordinates": [ [ [ 5202798.302611842751503, 8972921.171388717368245 ], [ 5203135.638520807027817, 9040019.039959086105227 ], [ 5269867.140015470795333, 9039641.457474783062935 ], [ 5269418.870538148097694, 8972518.095975957810879 ], [ 5202798.302611842751503, 8972921.171388717368245 ] ] ] } },
{ "type": "Feature", "properties": { "X1": 1.0, "log_hist_precip": -0.59129519169423406, "log_hist_temp": -0.71221835425450142, "lat": -0.81579198549667786, "lon": 1.144888229975233, "latlon": -0.93399064230327244, "log_co2e_ha_2017": 5.8882647505857157, "id_group": 57 }, "geometry": { "type": "Polygon", "coordinates": [ [ [ 5269418.870538148097694, 8972518.095975957810879 ], [ 5269867.140015470795333, 9039641.457474783062935 ], [ 5336597.953640693798661, 9039157.336435548961163 ], [ 5336038.653270861133933, 8972001.289186220616102 ], [ 5269418.870538148097694, 8972518.095975957810879 ] ] ] } },
{ "type": "Feature", "properties": { "X1": 1.0, "log_hist_precip": -0.70999510843711555, "log_hist_temp": -0.22517472330918351, "lat": -0.81579198549659626, "lon": 1.2323945408118187, "latlon": -1.0053775893640395, "log_co2e_ha_2017": 5.7108904861155789, "id_group": 57 }, "geometry": { "type": "Polygon", "coordinates": [ [ [ 5336038.653270862065256, 8972001.289186220616102 ], [ 5336597.953640694729984, 9039157.336435548961163 ], [ 5403327.909305045381188, 9038566.678075375035405 ], [ 5402657.456653476692736, 8971370.752525676041842 ], [ 5336038.653270862065256, 8972001.289186220616102 ] ] ] } },
{ "type": "Feature", "properties": { "X1": 1.0, "log_hist_precip": -0.86238952116475853, "log_hist_temp": 0.11986413661086188, "lat": -0.81579198549655851, "lon": 1.3199008516483759, "latlon": -1.0767645364248271, "log_co2e_ha_2017": 5.5531089875311679, "id_group": 57 }, "geometry": { "type": "Polygon", "coordinates": [ [ [ 5402657.456653476692736, 8971370.752525676041842 ], [ 5403327.909305045381188, 9038566.678075375035405 ], [ 5470056.836919284425676, 9037869.483899794518948 ], [ 5469275.086532341316342, 8970626.487831966951489 ], [ 5402657.456653476692736, 8971370.752525676041842 ] ] ] } },
{ "type": "Feature", "properties": { "X1": 1.0, "log_hist_precip": -1.0867736291908574, "log_hist_temp": -0.83815683863759827, "lat": -0.81579198549666654, "lon": 1.494913473321327, "latlon": -1.2195384305465233, "log_co2e_ha_2017": 5.3161163539107523, "id_group": 58 }, "geometry": { "type": "Polygon", "coordinates": [ [ [ 5535891.348757226020098, 8969768.497274167835712 ], [ 5536784.566396789625287, 9037065.755685903131962 ], [ 5603510.92765399068594, 9036155.495482325553894 ], [ 5602506.049181883223355, 8968796.783352809026837 ], [ 5535891.348757226020098, 8969768.497274167835712 ] ] ] } },
{ "type": "Feature", "properties": { "X1": 1.0, "log_hist_precip": -1.3630766276301058, "log_hist_temp": -0.48619103513554596, "lat": -0.94472488662858978, "lon": -2.005338960139428, "latlon": 1.8944936217696153, "log_co2e_ha_2017": 6.738341958789503, "id_group": 59 }, "geometry": { "type": "Polygon", "coordinates": [ [ [ 2876008.250811172649264, 8844679.986203154549003 ], [ 2872092.234174383338541, 8915390.805968724191189 ], [ 2938617.984867434483021, 8918966.702407110482454 ], [ 2942403.171743127983063, 8848480.20819329470396 ], [ 2876008.250811172649264, 8844679.986203154549003 ] ] ] } },
{ "type": "Feature", "properties": { "X1": 1.0, "log_hist_precip": -1.2976267487169384, "log_hist_temp": -0.80133317228143919, "lat": -0.94472488662857923, "lon": -1.9178326493029159, "latlon": 1.8118242321852849, "log_co2e_ha_2017": 6.8264664350754289, "id_group": 59 }, "geometry": { "type": "Polygon", "coordinates": [ [ [ 2942403.171743123792112, 8848480.20819329470396 ], [ 2938617.984867429826409, 8918966.702407110482454 ], [ 3005149.743246381171048, 8922429.02353854291141 ], [ 3008804.890269462019205, 8852159.744778797030449 ], [ 2942403.171743123792112, 8848480.20819329470396 ] ] ] } },
{ "type": "Feature", "properties": { "X1": 1.0, "log_hist_precip": -1.1681026202405524, "log_hist_temp": -1.2130801678540368, "lat": -0.944724886628583, "lon": -1.8303263384663526, "latlon": 1.7291548426009344, "log_co2e_ha_2017": 6.8032681429023372, "id_group": 59 }, "geometry": { "type": "Polygon", "coordinates": [ [ [ 3008804.89026946015656, 8852159.744778797030449 ], [ 3005149.743246379774064, 8922429.02353854291141 ], [ 3071687.315411257557571, 8925777.759272443130612 ], [ 3075213.187021668069065, 8855718.583803741261363 ], [ 3008804.89026946015656, 8852159.744778797030449 ] ] ] } },
{ "type": "Feature", "properties": { "X1": 1.0, "log_hist_precip": -0.85986597436841194, "log_hist_temp": -1.210304493473966, "lat": -0.94472488662864451, "lon": -1.7428200276297934, "latlon": 1.6464854530166877, "log_co2e_ha_2017": 6.7896729400644249, "id_group": 60 }, "geometry": { "type": "Polygon", "coordinates": [ [ [ 3075213.187021666672081, 8855718.583803741261363 ], [ 3071687.315411256626248, 8925777.759272444993258 ], [ 3138230.507445154711604, 8929012.899849271401763 ], [ 3141627.842609507031739, 8859156.713510936126113 ], [ 3075213.187021666672081, 8855718.583803741261363 ] ] ] } },
{ "type": "Feature", "properties": { "X1": 1.0, "log_hist_precip": -0.62959152225385717, "log_hist_temp": -1.3531521987344688, "lat": -0.94472488662859966, "lon": -1.6553137167932752, "latlon": 1.5638160634322928, "log_co2e_ha_2017": 6.7192170359778105, "id_group": 60 }, "geometry": { "type": "Polygon", "coordinates": [ [ [ 3141627.842609507031739, 8859156.713510936126113 ], [ 3138230.507445154711604, 8929012.899849271401763 ], [ 3204779.125414780341089, 8932134.435840524733067 ], [ 3208048.637621727772057, 8862474.122541980817914 ], [ 3141627.842609507031739, 8859156.713510936126113 ] ] ] } },
{ "type": "Feature", "properties": { "X1": 1.0, "log_hist_precip": -0.52146852882719685, "log_hist_temp": -1.4526760533694187, "lat": -0.94472488662852294, "lon": -1.567807405956831, "latlon": 1.4811466738479258, "log_co2e_ha_2017": 6.6779608717980175, "id_group": 60 }, "geometry": { "type": "Polygon", "coordinates": [ [ [ 3208048.637621726375073, 8862474.122541980817914 ], [ 3204779.125414779409766, 8932134.435840524733067 ], [ 3271332.975371029693633, 8935142.358148824423552 ], [ 3274475.352626797743142, 8865670.799937294796109 ], [ 3208048.637621726375073, 8862474.122541980817914 ] ] ] } },
{ "type": "Feature", "properties": { "X1": 1.0, "log_hist_precip": -0.48297289532302734, "log_hist_temp": -1.535225099127506, "lat": -0.94472488662851117, "lon": -1.4803010951202882, "latlon": 1.3984772842635751, "log_co2e_ha_2017": 6.674712103929453, "id_group": 60 }, "geometry": { "type": "Polygon", "coordinates": [ [ [ 3274475.352626795880497, 8865670.799937294796109 ], [ 3271332.975371028296649, 8935142.358148824423552 ], [ 3337891.863349553663284, 8938036.658007888123393 ], [ 3340907.768173630814999, 8868746.735136160627007 ], [ 3274475.352626795880497, 8865670.799937294796109 ] ] ] } },
{ "type": "Feature", "properties": { "X1": 1.0, "log_hist_precip": -0.62358687540632296, "log_hist_temp": -1.5304989863813425, "lat": -0.94472488662854026, "lon": -1.3927947842837289, "latlon": 1.315807894679268, "log_co2e_ha_2017": 6.6387942798573727, "id_group": 61 }, "geometry": { "type": "Polygon", "coordinates": [ [ [ 3340907.768173626624048, 8868746.735136160627007 ], [ 3337891.863349549937993, 8938036.658007888123393 ], [ 3404455.595371316187084, 8940817.326982568949461 ], [ 3407345.66479230299592, 8871701.917976727709174 ], [ 3340907.768173626624048, 8868746.735136160627007 ] ] ] } },
{ "type": "Feature", "properties": { "X1": 1.0, "log_hist_precip": -0.90567497391854834, "log_hist_temp": -1.2784731696416607, "lat": -0.94472488662859966, "lon": -1.3052884734472538, "latlon": 1.2331385050950747, "log_co2e_ha_2017": 6.5487938108289327, "id_group": 61 }, "geometry": { "type": "Polygon", "coordinates": [ [ [ 3407345.66479230299592, 8871701.917976727709174 ], [ 3404455.595371316187084, 8940817.326982568949461 ], [ 3471023.977443166542798, 8943484.356968902051449 ], [ 3473788.822994786314666, 8874536.338696097955108 ], [ 3407345.66479230299592, 8871701.917976727709174 ] ] ] } },
{ "type": "Feature", "properties": { "X1": 1.0, "log_hist_precip": -0.95379362321464467, "log_hist_temp": -0.73340415939893167, "lat": -0.94472488662867737, "lon": -1.2177821626106577, "latlon": 1.1504691155107791, "log_co2e_ha_2017": 6.4522354213523441, "id_group": 61 }, "geometry": { "type": "Polygon", "coordinates": [ [ [ 3473788.822994785383344, 8874536.338696097955108 ], [ 3471023.977443165145814, 8943484.356968902051449 ], [ 3537596.815558400936425, 8946037.740194099023938 ], [ 3540237.023275670595467, 8877249.987930312752724 ], [ 3473788.822994785383344, 8874536.338696097955108 ] ] ] } },
{ "type": "Feature", "properties": { "X1": 1.0, "log_hist_precip": -0.73249906775376361, "log_hist_temp": -0.17851672191448784, "lat": -0.94472488662854404, "lon": -1.1302758517740534, "latlon": 1.0677997259262237, "log_co2e_ha_2017": 6.5599263897673978, "id_group": 61 }, "geometry": { "type": "Polygon", "coordinates": [ [ [ 3540237.023275668732822, 8877249.987930312752724 ], [ 3537596.815558399539441, 8946037.740194099023938 ], [ 3604173.915697326883674, 8948477.469216575846076 ], [ 3606690.046112881973386, 8879842.856714405119419 ], [ 3540237.023275668732822, 8877249.987930312752724 ] ] ] } },
{ "type": "Feature", "properties": { "X1": 1.0, "log_hist_precip": -0.72613826006018489, "log_hist_temp": 0.22575132551535931, "lat": -0.94472488662855614, "lon": -1.0427695409376747, "latlon": 0.98513033634205627, "log_co2e_ha_2017": 6.5672321032773349, "id_group": 62 }, "geometry": { "type": "Polygon", "coordinates": [ [ [ 3606690.046112881042063, 8879842.856714405119419 ], [ 3604173.915697325021029, 8948477.469216575846076 ], [ 3670755.083827833645046, 8950803.536926018074155 ], [ 3673147.671968422830105, 8882314.936482433229685 ], [ 3606690.046112881042063, 8879842.856714405119419 ] ] ] } },
{ "type": "Feature", "properties": { "X1": 1.0, "log_hist_precip": -0.88215614723311664, "log_hist_temp": 0.43410461087888397, "lat": -0.9447248866285769, "lon": -0.95526323010122027, "latlon": 0.90246094675782351, "log_co2e_ha_2017": 6.5267804427768032, "id_group": 62 }, "geometry": { "type": "Polygon", "coordinates": [ [ [ 3673147.671968421433121, 8882314.936482433229685 ], [ 3670755.083827832248062, 8950803.536926018074155 ], [ 3737340.125905955675989, 8953015.936543315649033 ], [ 3739609.68128908611834, 8884666.21906747110188 ], [ 3673147.671968421433121, 8882314.936482433229685 ] ] ] } },
{ "type": "Feature", "properties": { "X1": 1.0, "log_hist_precip": -1.1480245183141673, "log_hist_temp": 0.47735804450498281, "lat": -0.94472488662853538, "lon": -0.86775691926460163, "latlon": 0.81979155717337793, "log_co2e_ha_2017": 6.5335875567439743, "id_group": 62 }, "geometry": { "type": "Polygon", "coordinates": [ [ [ 3739609.68128908611834, 8884666.21906747110188 ], [ 3737340.125905955675989, 8953015.936543315649033 ], [ 3803928.847876433283091, 8955114.661620667204261 ], [ 3806075.854507181793451, 8886896.696701712906361 ], [ 3739609.68128908611834, 8884666.21906747110188 ] ] ] } },
{ "type": "Feature", "properties": { "X1": 1.0, "log_hist_precip": -0.76836127545841559, "log_hist_temp": 0.25297194731440603, "lat": -0.94472488662854637, "lon": -0.78025060842812444, "latlon": 0.7371221675891142, "log_co2e_ha_2017": 6.4535654031168734, "id_group": 62 }, "geometry": { "type": "Polygon", "coordinates": [ [ [ 3806075.854507180862129, 8886896.696701712906361 ], [ 3803928.847876431420445, 8955114.661620667204261 ], [ 3870521.055673282593489, 8957099.706041561439633 ], [ 3872545.972041262779385, 8889006.362016413360834 ], [ 3806075.854507180862129, 8886896.696701712906361 ] ] ] } },
{ "type": "Feature", "properties": { "X1": 1.0, "log_hist_precip": -0.33896092079981144, "log_hist_temp": -0.23072716988555714, "lat": -0.9447248866285558, "lon": -0.69274429759157552, "latlon": 0.65445277800477974, "log_co2e_ha_2017": 6.4601179274294456, "id_group": 63 }, "geometry": { "type": "Polygon", "coordinates": [ [ [ 3872545.972041261382401, 8889006.362016413360834 ], [ 3870521.055673281196505, 8957099.706041561439633 ], [ 3937116.555220363661647, 8958971.064020782709122 ], [ 3939019.814296853728592, 8890995.208041960373521 ], [ 3872545.972041261382401, 8889006.362016413360834 ] ] ] } },
{ "type": "Feature", "properties": { "X1": 1.0, "log_hist_precip": -0.010577393962483871, "log_hist_temp": -0.47763834974490404, "lat": -0.94472488662846699, "lon": -0.60523798675510454, "latlon": 0.57178338842045773, "log_co2e_ha_2017": 6.2764067269457788, "id_group": 63 }, "geometry": { "type": "Polygon", "coordinates": [ [ [ 3939019.814296855125576, 8890995.208041960373521 ], [ 3937116.555220365524292, 8958971.064020782709122 ], [ 4003715.152431943453848, 8960728.730104450136423 ], [ 4005497.161667175590992, 8892863.22820788808167 ], [ 3939019.814296855125576, 8890995.208041960373521 ] ] ] } },
{ "type": "Feature", "properties": { "X1": 1.0, "log_hist_precip": 0.26959116292478796, "log_hist_temp": -0.88796766385602821, "lat": -0.94472488662841458, "lon": -0.51773167591850744, "latlon": 0.489113998836051, "log_co2e_ha_2017": 6.4502196988622256, "id_group": 63 }, "geometry": { "type": "Polygon", "coordinates": [ [ [ 4005497.161667175590992, 8892863.22820788808167 ], [ 4003715.152431943453848, 8960728.730104450136423 ], [ 4070316.653213256038725, 8962372.699170026928186 ], [ 4071977.794533863663673, 8894610.416342904791236 ], [ 4005497.161667175590992, 8892863.22820788808167 ] ] ] } },
{ "type": "Feature", "properties": { "X1": 1.0, "log_hist_precip": 0.20506707863601117, "log_hist_temp": -1.0467542432891417, "lat": -0.94472488662847842, "lon": -0.43022536508210618, "latlon": 0.40644460925188852, "log_co2e_ha_2017": 6.3936081729739476, "id_group": 63 }, "geometry": { "type": "Polygon", "coordinates": [ [ [ 4071977.794533865060657, 8894610.416342904791236 ], [ 4070316.653213256970048, 8962372.699170026928186 ], [ 4136920.86346107814461, 8963902.966426337137818 ], [ 4138461.493267706595361, 8896236.76667489670217 ], [ 4071977.794533865060657, 8894610.416342904791236 ] ] ] } },
{ "type": "Feature", "properties": { "X1": 1.0, "log_hist_precip": -0.020445847049869858, "log_hist_temp": -1.0531846291746048, "lat": -0.94472488662858833, "lon": -0.34271905424548038, "latlon": 0.32377521966751849, "log_co2e_ha_2017": 6.5506903258334503, "id_group": 64 }, "geometry": { "type": "Polygon", "coordinates": [ [ [ 4138461.493267706595361, 8896236.76667489670217 ], [ 4136920.86346107814461, 8963902.966426337137818 ], [ 4203527.589064288884401, 8965319.527413578704 ], [ 4204948.038229358382523, 8897742.273830963298678 ], [ 4138461.493267706595361, 8896236.76667489670217 ] ] ] } },
{ "type": "Feature", "properties": { "X1": 1.0, "log_hist_precip": -0.031691375500036333, "log_hist_temp": -0.89147325716652859, "lat": -0.94472488662852216, "lon": -0.25521274340901245, "latlon": 0.24110583008323341, "log_co2e_ha_2017": 6.5345183851413138, "id_group": 64 }, "geometry": { "type": "Polygon", "coordinates": [ [ [ 4204948.038229358382523, 8897742.273830963298678 ], [ 4203527.589064288884401, 8965319.527413578704 ], [ 4270136.635904432274401, 8966622.378003323450685 ], [ 4271437.209770071320236, 8899126.932837422937155 ], [ 4204948.038229358382523, 8897742.273830963298678 ] ] ] } },
{ "type": "Feature", "properties": { "X1": 1.0, "log_hist_precip": -0.18828090242414391, "log_hist_temp": -0.63068905541632947, "lat": -0.94472488662850063, "lon": -0.16770643257249224, "latlon": 0.158436440498918, "log_co2e_ha_2017": 6.4824232915136735, "id_group": 64 }, "geometry": { "type": "Polygon", "coordinates": [ [ [ 4271437.209770071320236, 8899126.932837422937155 ], [ 4270136.635904432274401, 8966622.378003323450685 ], [ 4336747.809856296516955, 8967811.514398541301489 ], [ 4337928.788232424296439, 8900390.739119831472635 ], [ 4271437.209770071320236, 8899126.932837422937155 ] ] ] } },
{ "type": "Feature", "properties": { "X1": 1.0, "log_hist_precip": -0.43861606980666484, "log_hist_temp": -0.43174902101130358, "lat": -0.94472488662860377, "lon": -0.080200121735903337, "latlon": 0.075767050914551506, "log_co2e_ha_2017": 6.4472584999973259, "id_group": 64 }, "geometry": { "type": "Polygon", "coordinates": [ [ [ 4337928.788232424296439, 8900390.739119831472635 ], [ 4336747.809856296516955, 8967811.514398541301489 ], [ 4403360.916788460686803, 8968886.933133630082011 ], [ 4404422.553951039910316, 8901533.688503010198474 ], [ 4337928.788232424296439, 8900390.739119831472635 ] ] ] } },
{ "type": "Feature", "properties": { "X1": 1.0, "log_hist_precip": -0.55461636060946629, "log_hist_temp": -0.25182951439117174, "lat": -0.94472488662853771, "lon": 0.0073061891005225255, "latlon": -0.0069023386696778011, "log_co2e_ha_2017": 6.2869840198150539, "id_group": 65 }, "geometry": { "type": "Polygon", "coordinates": [ [ [ 4404422.553951040841639, 8901533.688503010198474 ], [ 4403360.916788461618125, 8968886.933133630082011 ], [ 4469975.762563877739012, 8969848.631074380129576 ], [ 4470918.287253316491842, 8902555.777211043983698 ], [ 4404422.553951040841639, 8901533.688503010198474 ] ] ] } },
{ "type": "Feature", "properties": { "X1": 1.0, "log_hist_precip": -0.69972623312572568, "log_hist_temp": -0.36085218240134409, "lat": -0.94472488662851273, "lon": 0.094812499937036582, "latlon": -0.089571728253982755, "log_co2e_ha_2017": 6.3921516787295687, "id_group": 65 }, "geometry": { "type": "Polygon", "coordinates": [ [ [ 4470918.287253316491842, 8902555.777211043983698 ], [ 4469975.762563877739012, 8969848.631074380129576 ], [ 4536592.153040427714586, 8970696.605418035760522 ], [ 4537415.768460152670741, 8903457.001867309212685 ], [ 4470918.287253316491842, 8902555.777211043983698 ] ] ] } },
{ "type": "Feature", "properties": { "X1": 1.0, "log_hist_precip": -0.60990796766314881, "log_hist_temp": -0.11804707707345861, "lat": -0.94472488662851883, "lon": 0.18231881077360704, "latlon": -0.17224111783834228, "log_co2e_ha_2017": 6.3244291113031617, "id_group": 65 }, "geometry": { "type": "Polygon", "coordinates": [ [ [ 4537415.768460154533386, 8903457.001867309212685 ], [ 4536592.153040429577231, 8970696.605418035760522 ], [ 4603209.894071494229138, 8971430.85369324311614 ], [ 4603914.777886672876775, 8904237.359494462609291 ], [ 4537415.768460154533386, 8903457.001867309212685 ] ] ] } },
{ "type": "Feature", "properties": { "X1": 1.0, "log_hist_precip": -0.32249681547447967, "log_hist_temp": 0.22795904875175466, "lat": -0.94472488662847576, "lon": 0.26982512161004418, "latlon": -0.25491050742256366, "log_co2e_ha_2017": 6.2584592781027313, "id_group": 65 }, "geometry": { "type": "Polygon", "coordinates": [ [ [ 4603914.777886672876775, 8904237.359494462609291 ], [ 4603209.894071494229138, 8971430.85369324311614 ], [ 4669828.791506519541144, 8972051.373760128393769 ], [ 4670415.095842951908708, 8904896.847514478489757 ], [ 4603914.777886672876775, 8904237.359494462609291 ] ] ] } },
{ "type": "Feature", "properties": { "X1": 1.0, "log_hist_precip": -0.035982101144385978, "log_hist_temp": 0.64749372751997802, "lat": -0.94472488662848708, "lon": 0.35733143244668536, "latlon": -0.3375798970069897, "log_co2e_ha_2017": 6.1469059086607656, "id_group": 66 }, "geometry": { "type": "Polygon", "coordinates": [ [ [ 4670415.095842951908708, 8904896.847514478489757 ], [ 4669828.791506519541144, 8972051.373760128393769 ], [ 4736448.651191576384008, 8972558.16381024941802 ], [ 4736916.502634738571942, 8905435.46374861523509 ], [ 4670415.095842951908708, 8904896.847514478489757 ] ] ] } },
{ "type": "Feature", "properties": { "X1": 1.0, "log_hist_precip": 0.12575617732788891, "log_hist_temp": 0.96744155536248688, "lat": -0.94472488662848364, "lon": 0.44483774328320252, "latlon": -0.42024928659129401, "log_co2e_ha_2017": 6.2056381640163147, "id_group": 66 }, "geometry": { "type": "Polygon", "coordinates": [ [ [ 4736916.502634740434587, 8905435.46374861523509 ], [ 4736448.651191579177976, 8972558.16381024941802 ], [ 4803069.278969939798117, 8972951.222366608679295 ], [ 4803418.778564194217324, 8905853.206417493522167 ], [ 4736916.502634740434587, 8905435.46374861523509 ] ] ] } },
{ "type": "Feature", "properties": { "X1": 1.0, "log_hist_precip": 0.13083737389020042, "log_hist_temp": 0.6775186137400111, "lat": -0.94472488662846821, "lon": 0.53234405411958119, "latlon": -0.50291867617546049, "log_co2e_ha_2017": 6.1808953630739367, "id_group": 66 }, "geometry": { "type": "Polygon", "coordinates": [ [ [ 4803418.778564194217324, 8905853.206417493522167 ], [ 4803069.278969939798117, 8972951.222366608679295 ], [ 4869690.480682636611164, 8973230.548283683136106 ], [ 4869921.70393059682101, 8906150.074141023680568 ], [ 4803418.778564194217324, 8905853.206417493522167 ] ] ] } },
{ "type": "Feature", "properties": { "X1": 1.0, "log_hist_precip": 0.24358385707954519, "log_hist_temp": 0.11540889647551374, "lat": -0.94472488662854182, "lon": 0.61985036495625723, "latlon": -0.58558806575996036, "log_co2e_ha_2017": 5.9653708489283286, "id_group": 66 }, "geometry": { "type": "Polygon", "coordinates": [ [ [ 4869921.703930597752333, 8906150.074141023680568 ], [ 4869690.480682637542486, 8973230.548283683136106 ], [ 4936312.062169028446078, 8973396.140747409313917 ], [ 4936425.059031087905169, 8906326.065938448533416 ], [ 4869921.703930597752333, 8906150.074141023680568 ] ] ] } },
{ "type": "Feature", "properties": { "X1": 1.0, "log_hist_precip": 0.058839527849341329, "log_hist_temp": 0.13342841062683247, "lat": -0.94472488662855691, "lon": 0.70735667579272821, "latlon": -0.66825745534423808, "log_co2e_ha_2017": 6.1388538759571967, "id_group": 67 }, "geometry": { "type": "Polygon", "coordinates": [ [ [ 4936425.059031087905169, 8906326.065938448533416 ], [ 4936312.062169028446078, 8973396.140747409313917 ], [ 5002933.829267363063991, 8973447.999275168403983 ], [ 5002928.624161382205784, 8906381.181228367611766 ], [ 4936425.059031087905169, 8906326.065938448533416 ] ] ] } },
{ "type": "Feature", "properties": { "X1": 1.0, "log_hist_precip": -0.038885015963479708, "log_hist_temp": 0.091366783597886747, "lat": -0.94472488662854526, "lon": 0.79486298662921562, "latlon": -0.75092684492851258, "log_co2e_ha_2017": 6.1321641685677699, "id_group": 67 }, "geometry": { "type": "Polygon", "coordinates": [ [ [ 5002928.624161383137107, 8906381.181228367611766 ], [ 5002933.829267363995314, 8973447.999275168403983 ], [ 5069555.587815356440842, 8973386.123715851455927 ], [ 5069432.179616508074105, 8906315.419828686863184 ], [ 5002928.624161383137107, 8906381.181228367611766 ] ] ] } },
{ "type": "Feature", "properties": { "X1": 1.0, "log_hist_precip": -0.15211803400204058, "log_hist_temp": -0.15427430182519447, "lat": -0.94472488662848553, "lon": 0.88236929746575332, "latlon": -0.83359623451279019, "log_co2e_ha_2017": 6.0475807130998147, "id_group": 67 }, "geometry": { "type": "Polygon", "coordinates": [ [ [ 5069432.179616508074105, 8906315.419828686863184 ], [ 5069555.587815356440842, 8973386.123715851455927 ], [ 5136177.143650740385056, 8973210.514249760657549 ], [ 5135935.505691520869732, 8906128.781956661492586 ], [ 5069432.179616508074105, 8906315.419828686863184 ] ] ] } },
{ "type": "Feature", "properties": { "X1": 1.0, "log_hist_precip": -0.35694553692953235, "log_hist_temp": -0.032071194976645172, "lat": -0.9447248866284168, "lon": 0.96987560830214836, "latlon": -0.91626562409691392, "log_co2e_ha_2017": 5.9969534238787183, "id_group": 67 }, "geometry": { "type": "Polygon", "coordinates": [ [ [ 5135935.505691520869732, 8906128.781956661492586 ], [ 5136177.143650741316378, 8973210.514249760657549 ], [ 5202798.302611842751503, 8972921.171388717368245 ], [ 5202438.382682233117521, 8905821.268228879198432 ], [ 5135935.505691520869732, 8906128.781956661492586 ] ] ] } },
{ "type": "Feature", "properties": { "X1": 1.0, "log_hist_precip": -0.52343230431755727, "log_hist_temp": -0.20267731774070352, "lat": -0.94472488662849352, "lon": 1.05738191913885, "latlon": -0.99893501368146898, "log_co2e_ha_2017": 5.6379609282370513, "id_group": 68 }, "geometry": { "type": "Polygon", "coordinates": [ [ [ 5202438.382682233117521, 8905821.268228879198432 ], [ 5202798.302611842751503, 8972921.171388717368245 ], [ 5269418.870538148097694, 8972518.095975957810879 ], [ 5268940.590885944664478, 8905392.879661267623305 ], [ 5202438.382682233117521, 8905821.268228879198432 ] ] ] } },
{ "type": "Feature", "properties": { "X1": 1.0, "log_hist_precip": -0.67256705000572814, "log_hist_temp": -0.48317664784579023, "lat": -0.94472488662858678, "lon": 1.1448882299752472, "latlon": -1.0816044032657688, "log_co2e_ha_2017": 5.8426184733441966, "id_group": 68 }, "geometry": { "type": "Polygon", "coordinates": [ [ [ 5268940.590885944664478, 8905392.879661267623305 ], [ 5269418.870538148097694, 8972518.095975957810879 ], [ 5336038.653270861133933, 8972001.289186220616102 ], [ 5335441.91060216166079, 8904843.617669064551592 ], [ 5268940.590885944664478, 8905392.879661267623305 ] ] ] } },
{ "type": "Feature", "properties": { "X1": 1.0, "log_hist_precip": -0.85405584461495865, "log_hist_temp": 0.24465632164350951, "lat": -0.94472488662858711, "lon": 1.2323945408117614, "latlon": -1.164273792850081, "log_co2e_ha_2017": 5.7432201781542638, "id_group": 68 }, "geometry": { "type": "Polygon", "coordinates": [ [ [ 5335441.910602162592113, 8904843.617669064551592 ], [ 5336038.653270862065256, 8972001.289186220616102 ], [ 5402657.456653476692736, 8971370.752525676041842 ], [ 5401942.122133327648044, 8904173.484066851437092 ], [ 5335441.910602162592113, 8904843.617669064551592 ] ] ] } },
{ "type": "Feature", "properties": { "X1": 1.0, "log_hist_precip": -0.99861819345430136, "log_hist_temp": 0.17643470847295942, "lat": -0.94472488662854825, "lon": 1.319900851648383, "latlon": -1.246943182434443, "log_co2e_ha_2017": 5.7749137987633672, "id_group": 68 }, "geometry": { "type": "Polygon", "coordinates": [ [ [ 5401942.122133327648044, 8904173.484066851437092 ], [ 5402657.456653476692736, 8971370.752525676041842 ], [ 5469275.086532341316342, 8970626.487831966951489 ], [ 5468441.005785546265543, 8903382.481068516150117 ], [ 5401942.122133327648044, 8904173.484066851437092 ] ] ] } },
{ "type": "Feature", "properties": { "X1": 1.0, "log_hist_precip": -1.002334515016212, "log_hist_temp": -1.1684976199717938, "lat": -1.0736577707893351, "lon": -1.8303263384663053, "latlon": 1.9651440963747395, "log_co2e_ha_2017": 6.8077560780089881, "id_group": 59 }, "geometry": { "type": "Polygon", "coordinates": [ [ [ 3012688.32128599844873, 8781912.51661353930831 ], [ 3008804.89026946015656, 8852159.744778797030449 ], [ 3075213.187021668069065, 8855718.583803741261363 ], [ 3078959.311162071768194, 8785679.835699234157801 ], [ 3012688.32128599844873, 8781912.51661353930831 ] ] ] } },
{ "type": "Feature", "properties": { "X1": 1.0, "log_hist_precip": -0.82711177890500809, "log_hist_temp": -1.2074069761480564, "lat": -1.0736577707893173, "lon": -1.7428200276298282, "latlon": 1.8711922657520179, "log_co2e_ha_2017": 6.7853674032727493, "id_group": 60 }, "geometry": { "type": "Polygon", "coordinates": [ [ [ 3078959.311162070371211, 8785679.835699234157801 ], [ 3075213.187021666672081, 8855718.583803741261363 ], [ 3141627.842609507031739, 8859156.713510936126113 ], [ 3145237.44063253281638, 8789319.388713665306568 ], [ 3078959.311162070371211, 8785679.835699234157801 ] ] ] } },
{ "type": "Feature", "properties": { "X1": 1.0, "log_hist_precip": -0.80419216605343824, "log_hist_temp": -1.3501171194482515, "lat": -1.0736577707893191, "lon": -1.6553137167932712, "latlon": 1.7772404351292459, "log_co2e_ha_2017": 6.6960575310094494, "id_group": 60 }, "geometry": { "type": "Polygon", "coordinates": [ [ [ 3145237.44063253281638, 8789319.388713665306568 ], [ 3141627.842609507031739, 8859156.713510936126113 ], [ 3208048.637621727772057, 8862474.122541980817914 ], [ 3211522.463373103644699, 8792831.16213034838438 ], [ 3145237.44063253281638, 8789319.388713665306568 ] ] ] } },
{ "type": "Feature", "properties": { "X1": 1.0, "log_hist_precip": -0.93949435812275583, "log_hist_temp": -1.4505667271868508, "lat": -1.0736577707894106, "lon": -1.5678074059568268, "latlon": 1.6832886045067352, "log_co2e_ha_2017": 6.7005047656675352, "id_group": 60 }, "geometry": { "type": "Polygon", "coordinates": [ [ [ 3211522.463373102247715, 8792831.16213034838438 ], [ 3208048.637621726375073, 8862474.122541980817914 ], [ 3274475.352626797743142, 8865670.799937294796109 ], [ 3277814.133033884689212, 8796215.142897695302963 ], [ 3211522.463373102247715, 8792831.16213034838438 ] ] ] } },
{ "type": "Feature", "properties": { "X1": 1.0, "log_hist_precip": -1.0827828437066187, "log_hist_temp": -1.3919980332929904, "lat": -1.0736577707894237, "lon": -1.4803010951202902, "latlon": 1.5893367738839934, "log_co2e_ha_2017": 6.6985753047241419, "id_group": 60 }, "geometry": { "type": "Polygon", "coordinates": [ [ [ 3277814.133033883292228, 8796215.142897695302963 ], [ 3274475.352626795880497, 8865670.799937294796109 ], [ 3340907.768173630814999, 8868746.735136160627007 ], [ 3344112.203240280039608, 8799471.318439055234194 ], [ 3277814.133033883292228, 8796215.142897695302963 ] ] ] } },
{ "type": "Feature", "properties": { "X1": 1.0, "log_hist_precip": -1.1334181376613359, "log_hist_temp": -1.3268282309866513, "lat": -1.0736577707893735, "lon": -1.3927947842837187, "latlon": 1.4953849432611239, "log_co2e_ha_2017": 6.6527087397514588, "id_group": 61 }, "geometry": { "type": "Polygon", "coordinates": [ [ [ 3344112.203240276314318, 8799471.318439055234194 ], [ 3340907.768173626624048, 8868746.735136160627007 ], [ 3407345.66479230299592, 8871701.917976727709174 ], [ 3410416.427593894302845, 8802599.67665277980268 ], [ 3344112.203240276314318, 8799471.318439055234194 ] ] ] } },
{ "type": "Feature", "properties": { "X1": 1.0, "log_hist_precip": -1.3472845715418802, "log_hist_temp": -0.98757492327695728, "lat": -1.0736577707894348, "lon": -1.3052884734471841, "latlon": 1.4014331126384481, "log_co2e_ha_2017": 6.5456383512086331, "id_group": 61 }, "geometry": { "type": "Polygon", "coordinates": [ [ [ 3410416.427593894302845, 8802599.67665277980268 ], [ 3407345.66479230299592, 8871701.917976727709174 ], [ 3473788.822994786314666, 8874536.338696097955108 ], [ 3476726.559673473238945, 8805600.205912236124277 ], [ 3410416.427593894302845, 8802599.67665277980268 ] ] ] } },
{ "type": "Feature", "properties": { "X1": 1.0, "log_hist_precip": -1.4093254131886959, "log_hist_temp": -0.45794508922924831, "lat": -1.0736577707894068, "lon": -1.2177821626106866, "latlon": 1.3074812820156927, "log_co2e_ha_2017": 6.3240692515659127, "id_group": 61 }, "geometry": { "type": "Polygon", "coordinates": [ [ [ 3476726.5596734713763, 8805600.205912236124277 ], [ 3473788.822994785383344, 8874536.338696097955108 ], [ 3540237.023275670595467, 8877249.987930312752724 ], [ 3543042.353035797830671, 8808472.89506589435041 ], [ 3476726.5596734713763, 8805600.205912236124277 ] ] ] } },
{ "type": "Feature", "properties": { "X1": 1.0, "log_hist_precip": -1.1023848923361879, "log_hist_temp": 0.09832512527618259, "lat": -1.0736577707894541, "lon": -1.1302758517740823, "latlon": 1.2135294513929127, "log_co2e_ha_2017": 6.458451282255278, "id_group": 61 }, "geometry": { "type": "Polygon", "coordinates": [ [ [ 3543042.353035796433687, 8808472.89506589435041 ], [ 3540237.023275668732822, 8877249.987930312752724 ], [ 3606690.046112881973386, 8879842.856714405119419 ], [ 3609363.561216609552503, 8811217.733437329530716 ], [ 3543042.353035796433687, 8808472.89506589435041 ] ] ] } },
{ "type": "Feature", "properties": { "X1": 1.0, "log_hist_precip": -1.1648701651340774, "log_hist_temp": 0.78035059125405437, "lat": -1.0736577707894412, "lon": -0.86775691926460163, "latlon": 0.9316739595247453, "log_co2e_ha_2017": 6.4639817644470234, "id_group": 62 }, "geometry": { "type": "Polygon", "coordinates": [ [ [ 3742021.236076967325062, 8816323.817503701895475 ], [ 3739609.68128908611834, 8884666.21906747110188 ], [ 3806075.854507181793451, 8886896.696701712906361 ], [ 3808357.209731041453779, 8818685.044221758842468 ], [ 3742021.236076967325062, 8816323.817503701895475 ] ] ] } },
{ "type": "Feature", "properties": { "X1": 1.0, "log_hist_precip": -0.92596104732280704, "log_hist_temp": 0.23985817433039869, "lat": -1.0736577707893531, "lon": -0.78025060842808347, "latlon": 0.83772212890193254, "log_co2e_ha_2017": 6.4679675320975649, "id_group": 62 }, "geometry": { "type": "Polygon", "coordinates": [ [ [ 3808357.209731040522456, 8818685.044221758842468 ], [ 3806075.854507180862129, 8886896.696701712906361 ], [ 3872545.972041262779385, 8889006.362016413360834 ], [ 3874697.612154493108392, 8820918.38220389187336 ], [ 3808357.209731040522456, 8818685.044221758842468 ] ] ] } },
{ "type": "Feature", "properties": { "X1": 1.0, "log_hist_precip": -0.45512298984298261, "log_hist_temp": -0.16475353213125266, "lat": -1.0736577707894008, "lon": -0.69274429759157763, "latlon": 0.74377029827924257, "log_co2e_ha_2017": 6.1126358054400205, "id_group": 63 }, "geometry": { "type": "Polygon", "coordinates": [ [ [ 3874697.612154491245747, 8820918.38220389187336 ], [ 3872545.972041261382401, 8889006.362016413360834 ], [ 3939019.814296853728592, 8890995.208041960373521 ], [ 3941042.196791605092585, 8823023.823149858042598 ], [ 3874697.612154491245747, 8820918.38220389187336 ] ] ] } },
{ "type": "Feature", "properties": { "X1": 1.0, "log_hist_precip": -0.30759448289419061, "log_hist_temp": -0.719592597762443, "lat": -1.0736577707894563, "lon": -0.60523798675513218, "latlon": 0.64981846765661377, "log_co2e_ha_2017": 6.1731462278634206, "id_group": 63 }, "geometry": { "type": "Polygon", "coordinates": [ [ [ 3941042.19679160695523, 8823023.823149858042598 ], [ 3939019.814296855125576, 8890995.208041960373521 ], [ 4005497.161667175590992, 8892863.22820788808167 ], [ 4007390.717071119695902, 8825001.359234716743231 ], [ 3941042.19679160695523, 8823023.823149858042598 ] ] ] } },
{ "type": "Feature", "properties": { "X1": 1.0, "log_hist_precip": -0.33480368795670967, "log_hist_temp": -1.0638508899368992, "lat": -1.0736577707894694, "lon": -0.51773167591851155, "latlon": 0.55586663703376515, "log_co2e_ha_2017": 6.3277443119012702, "id_group": 63 }, "geometry": { "type": "Polygon", "coordinates": [ [ [ 4007390.717071119695902, 8825001.359234716743231 ], [ 4005497.161667175590992, 8892863.22820788808167 ], [ 4071977.794533863663673, 8894610.416342904791236 ], [ 4073742.926407146267593, 8826850.98310892097652 ], [ 4007390.717071119695902, 8825001.359234716743231 ] ] ] } },
{ "type": "Feature", "properties": { "X1": 1.0, "log_hist_precip": -0.19016105655096335, "log_hist_temp": -1.2401504800683407, "lat": -1.0736577707894095, "lon": -0.43022536508210002, "latlon": 0.46191480641110738, "log_co2e_ha_2017": 6.3280475195689627, "id_group": 63 }, "geometry": { "type": "Polygon", "coordinates": [ [ [ 4073742.926407147198915, 8826850.98310892097652 ], [ 4071977.794533865060657, 8894610.416342904791236 ], [ 4138461.493267706595361, 8896236.76667489670217 ], [ 4140098.578200089745224, 8828572.68789829313755 ], [ 4073742.926407147198915, 8826850.98310892097652 ] ] ] } },
{ "type": "Feature", "properties": { "X1": 1.0, "log_hist_precip": -0.17522740975665851, "log_hist_temp": -1.6173381752401521, "lat": -1.0736577707893713, "lon": -0.3427190542454342, "latlon": 0.36796297578819448, "log_co2e_ha_2017": 6.5449508273757138, "id_group": 64 }, "geometry": { "type": "Polygon", "coordinates": [ [ [ 4140098.578200089745224, 8828572.68789829313755 ], [ 4138461.493267706595361, 8896236.76667489670217 ], [ 4204948.038229358382523, 8897742.273830963298678 ], [ 4206457.425837555900216, 8830166.467204079031944 ], [ 4140098.578200089745224, 8828572.68789829313755 ] ] ] } },
{ "type": "Feature", "properties": { "X1": 1.0, "log_hist_precip": -0.1992335869439997, "log_hist_temp": -1.2040731872504613, "lat": -1.0736577707894666, "lon": -0.25521274340903194, "latlon": 0.27401114516560537, "log_co2e_ha_2017": 6.5431539919306534, "id_group": 64 }, "geometry": { "type": "Polygon", "coordinates": [ [ [ 4206457.425837555900216, 8830166.467204079031944 ], [ 4204948.038229358382523, 8897742.273830963298678 ], [ 4271437.209770071320236, 8899126.932837422937155 ], [ 4272819.222695276141167, 8831632.315102951601148 ], [ 4206457.425837555900216, 8830166.467204079031944 ] ] ] } },
{ "type": "Feature", "properties": { "X1": 1.0, "log_hist_precip": -0.35057023637921103, "log_hist_temp": -0.9793581633389643, "lat": -1.0736577707895185, "lon": -0.16770643257244713, "latlon": 0.18005931454279628, "log_co2e_ha_2017": 6.520265852719076, "id_group": 64 }, "geometry": { "type": "Polygon", "coordinates": [ [ [ 4272819.222695276141167, 8831632.315102951601148 ], [ 4271437.209770071320236, 8899126.932837422937155 ], [ 4337928.788232424296439, 8900390.739119831472635 ], [ 4339183.722138021141291, 8832970.226147061213851 ], [ 4272819.222695276141167, 8831632.315102951601148 ] ] ] } },
{ "type": "Feature", "properties": { "X1": 1.0, "log_hist_precip": -0.55018215943566817, "log_hist_temp": -0.96042861135747393, "lat": -1.0736577707893933, "lon": -0.080200121735965899, "latlon": 0.086107483920075112, "log_co2e_ha_2017": 6.4441141529027863, "id_group": 64 }, "geometry": { "type": "Polygon", "coordinates": [ [ [ 4339183.722138021141291, 8832970.226147061213851 ], [ 4337928.788232424296439, 8900390.739119831472635 ], [ 4404422.553951039910316, 8901533.688503010198474 ], [ 4405550.677520515397191, 8834180.195364028215408 ], [ 4339183.722138021141291, 8832970.226147061213851 ] ] ] } },
{ "type": "Feature", "properties": { "X1": 1.0, "log_hist_precip": -0.58288338227616898, "log_hist_temp": -0.68272423366283097, "lat": -1.0736577707893282, "lon": 0.0073061891004897123, "latlon": -0.0078443467025970711, "log_co2e_ha_2017": 6.3553007222685327, "id_group": 65 }, "geometry": { "type": "Polygon", "coordinates": [ [ [ 4405550.677520516328514, 8834180.195364028215408 ], [ 4404422.553951040841639, 8901533.688503010198474 ], [ 4470918.287253316491842, 8902555.777211043983698 ], [ 4471919.842188358306885, 8835262.218256963416934 ], [ 4405550.677520516328514, 8834180.195364028215408 ] ] ] } },
{ "type": "Feature", "properties": { "X1": 1.0, "log_hist_precip": -0.54596514368620241, "log_hist_temp": -0.4678532631663036, "lat": -1.0736577707893531, "lon": 0.094812499937067335, "latlon": -0.10179617732539739, "log_co2e_ha_2017": 6.2204055538210374, "id_group": 65 }, "geometry": { "type": "Polygon", "coordinates": [ [ [ 4471919.842188358306885, 8835262.218256963416934 ], [ 4470918.287253316491842, 8902555.777211043983698 ], [ 4537415.768460152670741, 8903457.001867309212685 ], [ 4538290.969478935003281, 8836216.290804514661431 ], [ 4471919.842188358306885, 8835262.218256963416934 ] ] ] } },
{ "type": "Feature", "properties": { "X1": 1.0, "log_hist_precip": -0.42233601793204867, "log_hist_temp": -0.4778425941137312, "lat": -1.0736577707894084, "lon": 0.18231881077361625, "latlon": -0.19574800794817679, "log_co2e_ha_2017": 6.2087745615740975, "id_group": 65 }, "geometry": { "type": "Polygon", "coordinates": [ [ [ 4538290.969478935934603, 8836216.290804514661431 ], [ 4537415.768460154533386, 8903457.001867309212685 ], [ 4603914.777886672876775, 8904237.359494462609291 ], [ 4604663.812722340226173, 8837042.409460835158825 ], [ 4538290.969478935934603, 8836216.290804514661431 ] ] ] } },
{ "type": "Feature", "properties": { "X1": 1.0, "log_hist_precip": -0.058360594127111386, "log_hist_temp": -0.27260586405443205, "lat": -1.073657770789473, "lon": 0.26982512161005134, "latlon": -0.28969983857084619, "log_co2e_ha_2017": 6.2435725347246764, "id_group": 65 }, "geometry": { "type": "Polygon", "coordinates": [ [ [ 4604663.812722340226173, 8837042.409460835158825 ], [ 4603914.777886672876775, 8904237.359494462609291 ], [ 4670415.095842951908708, 8904896.847514478489757 ], [ 4671038.125242290087044, 8837740.571155641227961 ], [ 4604663.812722340226173, 8837042.409460835158825 ] ] ] } },
{ "type": "Feature", "properties": { "X1": 1.0, "log_hist_precip": -0.020840241999126031, "log_hist_temp": 0.2933843212169035, "lat": -1.0736577707894566, "lon": 0.35733143244667409, "latlon": -0.38365166919369942, "log_co2e_ha_2017": 6.1184318233712078, "id_group": 66 }, "geometry": { "type": "Polygon", "coordinates": [ [ [ 4671038.125242290087044, 8837740.571155641227961 ], [ 4670415.095842951908708, 8904896.847514478489757 ], [ 4736916.502634738571942, 8905435.46374861523509 ], [ 4737413.660357036627829, 8838310.773294202983379 ], [ 4671038.125242290087044, 8837740.571155641227961 ] ] ] } },
{ "type": "Feature", "properties": { "X1": 1.0, "log_hist_precip": -0.064182149057050414, "log_hist_temp": 0.68999841116009142, "lat": -1.0736577707893837, "lon": 0.44483774328310816, "latlon": -0.47760349981632205, "log_co2e_ha_2017": 5.934076695184423, "id_group": 66 }, "geometry": { "type": "Polygon", "coordinates": [ [ [ 4737413.660357039421797, 8838310.773294202983379 ], [ 4736916.502634740434587, 8905435.46374861523509 ], [ 4803418.778564194217324, 8905853.206417493522167 ], [ 4803790.171380296349525, 8838753.013757340610027 ], [ 4737413.660357039421797, 8838310.773294202983379 ] ] ] } },
{ "type": "Feature", "properties": { "X1": 1.0, "log_hist_precip": -0.073230322752734486, "log_hist_temp": 0.88842706158877138, "lat": -1.0736577707893891, "lon": 0.53234405411967145, "latlon": -0.57155533043911233, "log_co2e_ha_2017": 5.9417777123929296, "id_group": 66 }, "geometry": { "type": "Polygon", "coordinates": [ [ [ 4803790.171380296349525, 8838753.013757340610027 ], [ 4803418.778564194217324, 8905853.206417493522167 ], [ 4869921.70393059682101, 8906150.074141023680568 ], [ 4870167.4116221498698, 8839067.290901465341449 ], [ 4803790.171380296349525, 8838753.013757340610027 ] ] ] } },
{ "type": "Feature", "properties": { "X1": 1.0, "log_hist_precip": 0.12583760704037394, "log_hist_temp": 0.68123797371672545, "lat": -1.0736577707894768, "lon": 0.61985036495622758, "latlon": -0.66550716106194696, "log_co2e_ha_2017": 5.9092791685697375, "id_group": 66 }, "geometry": { "type": "Polygon", "coordinates": [ [ [ 4870167.411622150801122, 8839067.290901465341449 ], [ 4869921.703930597752333, 8906150.074141023680568 ], [ 4936425.059031087905169, 8906326.065938448533416 ], [ 4936545.134389972314239, 8839253.603558557108045 ], [ 4870167.411622150801122, 8839067.290901465341449 ] ] ] } },
{ "type": "Feature", "properties": { "X1": 1.0, "log_hist_precip": 0.18890259434047077, "log_hist_temp": -0.11711314402673177, "lat": -1.0736577707894295, "lon": 0.70735667579273442, "latlon": -0.75945899168464848, "log_co2e_ha_2017": 5.7869352508306697, "id_group": 67 }, "geometry": { "type": "Polygon", "coordinates": [ [ [ 4936545.134389972314239, 8839253.603558557108045 ], [ 4936425.059031087905169, 8906326.065938448533416 ], [ 5002928.624161382205784, 8906381.181228367611766 ], [ 5002923.092989343218505, 8839311.951036173850298 ], [ 4936545.134389972314239, 8839253.603558557108045 ] ] ] } },
{ "type": "Feature", "properties": { "X1": 1.0, "log_hist_precip": 0.21640533056206193, "log_hist_temp": -0.070652597081880264, "lat": -1.0736577707894288, "lon": 0.79486298662920229, "latlon": -0.85341082230733689, "log_co2e_ha_2017": 5.9581468071834989, "id_group": 67 }, "geometry": { "type": "Polygon", "coordinates": [ [ [ 5002923.092989343218505, 8839311.951036173850298 ], [ 5002928.624161383137107, 8906381.181228367611766 ], [ 5069432.179616508074105, 8906315.419828686863184 ], [ 5069301.040724968537688, 8839242.333117466419935 ], [ 5002923.092989343218505, 8839311.951036173850298 ] ] ] } },
{ "type": "Feature", "properties": { "X1": 1.0, "log_hist_precip": -0.027290877880534452, "log_hist_temp": 0.00022658048755662885, "lat": -1.0736577707894619, "lon": 0.8823692974657471, "latlon": -0.94736265293013766, "log_co2e_ha_2017": 5.9993478826644235, "id_group": 67 }, "geometry": { "type": "Polygon", "coordinates": [ [ [ 5069301.040724968537688, 8839242.333117466419935 ], [ 5069432.179616508074105, 8906315.419828686863184 ], [ 5135935.505691520869732, 8906128.781956661492586 ], [ 5135678.730901592411101, 8839044.750061180442572 ], [ 5069301.040724968537688, 8839242.333117466419935 ] ] ] } },
{ "type": "Feature", "properties": { "X1": 1.0, "log_hist_precip": -0.30144864478967714, "log_hist_temp": 0.16812688467575862, "lat": -1.0736577707894719, "lon": 0.96987560830218023, "latlon": -1.0413144835528019, "log_co2e_ha_2017": 5.9117077833970582, "id_group": 67 }, "geometry": { "type": "Polygon", "coordinates": [ [ [ 5135678.730901593342423, 8839044.750061180442572 ], [ 5135935.505691520869732, 8906128.781956661492586 ], [ 5202438.382682233117521, 8905821.268228879198432 ], [ 5202055.916824917308986, 8838719.202601630240679 ], [ 5135678.730901593342423, 8839044.750061180442572 ] ] ] } },
{ "type": "Feature", "properties": { "X1": 1.0, "log_hist_precip": -0.63107248155062245, "log_hist_temp": 0.25591618649682546, "lat": -1.0736577707894375, "lon": 1.0573819191388438, "latlon": -1.1352663141756683, "log_co2e_ha_2017": 5.8299414171020274, "id_group": 68 }, "geometry": { "type": "Polygon", "coordinates": [ [ [ 5202055.916824917308986, 8838719.202601630240679 ], [ 5202438.382682233117521, 8905821.268228879198432 ], [ 5268940.590885944664478, 8905392.879661267623305 ], [ 5268432.351802517659962, 8838265.691948726773262 ], [ 5202055.916824917308986, 8838719.202601630240679 ] ] ] } },
{ "type": "Feature", "properties": { "X1": 1.0, "log_hist_precip": -0.84693838664882459, "log_hist_temp": 0.37353066234702598, "lat": -1.0736577707893955, "lon": 1.1448882299752872, "latlon": -1.2292181447982835, "log_co2e_ha_2017": 5.8025889507462018, "id_group": 68 }, "geometry": { "type": "Polygon", "coordinates": [ [ [ 5268432.351802517659962, 8838265.691948726773262 ], [ 5268940.590885944664478, 8905392.879661267623305 ], [ 5335441.91060216166079, 8904843.617669064551592 ], [ 5334807.789144762791693, 8837684.219787945970893 ], [ 5268432.351802517659962, 8838265.691948726773262 ] ] ] } },
{ "type": "Feature", "properties": { "X1": 1.0, "log_hist_precip": -1.0396154620126183, "log_hist_temp": 0.57372051875501406, "lat": -1.0736577707895005, "lon": 1.2323945408117818, "latlon": -1.3231699754211277, "log_co2e_ha_2017": 5.7171853638368209, "id_group": 68 }, "geometry": { "type": "Polygon", "coordinates": [ [ [ 5334807.789144763723016, 8837684.219787945970893 ], [ 5335441.910602162592113, 8904843.617669064551592 ], [ 5401942.122133327648044, 8904173.484066851437092 ], [ 5401181.982165725901723, 8836974.788280349224806 ], [ 5334807.789144763723016, 8837684.219787945970893 ] ] ] } },
{ "type": "Feature", "properties": { "X1": 1.0, "log_hist_precip": -0.61535538340001383, "log_hist_temp": -1.5061691056957054, "lat": -1.2025906369151689, "lon": -1.6553137167932834, "latlon": 1.9906647769728503, "log_co2e_ha_2017": 6.6975435750439507, "id_group": 60 }, "geometry": { "type": "Polygon", "coordinates": [ [ [ 3149058.820254900958389, 8719502.029864074662328 ], [ 3145237.44063253281638, 8789319.388713665306568 ], [ 3211522.463373103644699, 8792831.16213034838438 ], [ 3215200.146156226284802, 8723206.570807909592986 ], [ 3149058.820254900958389, 8719502.029864074662328 ] ] ] } },
{ "type": "Feature", "properties": { "X1": 1.0, "log_hist_precip": -1.0894042477543904, "log_hist_temp": -1.5120767244864797, "lat": -1.2025906369151329, "lon": -1.5678074059567899, "latlon": 1.8854305068898383, "log_co2e_ha_2017": 6.6836607155858827, "id_group": 60 }, "geometry": { "type": "Polygon", "coordinates": [ [ [ 3215200.146156225353479, 8723206.570807909592986 ], [ 3211522.463373102247715, 8792831.16213034838438 ], [ 3277814.133033884689212, 8796215.142897695302963 ], [ 3281348.883998948149383, 8726776.318334646522999 ], [ 3215200.146156225353479, 8723206.570807909592986 ] ] ] } },
{ "type": "Feature", "properties": { "X1": 1.0, "log_hist_precip": -1.5359897770705528, "log_hist_temp": -1.3710915833390451, "lat": -1.2025906369151362, "lon": -1.4803010951203128, "latlon": 1.7801962368069106, "log_co2e_ha_2017": 6.6105640855193517, "id_group": 60 }, "geometry": { "type": "Polygon", "coordinates": [ [ [ 3281348.88399894721806, 8726776.318334646522999 ], [ 3277814.133033883292228, 8796215.142897695302963 ], [ 3344112.203240280039608, 8799471.318439055234194 ], [ 3347504.759079679381102, 8730211.257619788870215 ], [ 3281348.88399894721806, 8726776.318334646522999 ] ] ] } },
{ "type": "Feature", "properties": { "X1": 1.0, "log_hist_precip": -1.3459097767801937, "log_hist_temp": -0.85621851288628925, "lat": -1.2025906369151043, "lon": -1.3927947842837474, "latlon": 1.6749619667238269, "log_co2e_ha_2017": 6.5216981512318588, "id_group": 61 }, "geometry": { "type": "Polygon", "coordinates": [ [ [ 3347504.759079675655812, 8730211.257619788870215 ], [ 3344112.203240276314318, 8799471.318439055234194 ], [ 3410416.427593894302845, 8802599.67665277980268 ], [ 3413667.496665389277041, 8733511.374398682266474 ], [ 3347504.759079675655812, 8730211.257619788870215 ] ] ] } },
{ "type": "Feature", "properties": { "X1": 1.0, "log_hist_precip": -1.3451478480267414, "log_hist_temp": -0.57958977964034897, "lat": -1.2025906369150705, "lon": -1.3052884734471328, "latlon": 1.5697276966406877, "log_co2e_ha_2017": 6.4606374976660552, "id_group": 61 }, "geometry": { "type": "Polygon", "coordinates": [ [ [ 3413667.496665389277041, 8733511.374398682266474 ], [ 3410416.427593894302845, 8802599.67665277980268 ], [ 3476726.559673473238945, 8805600.205912236124277 ], [ 3479836.821994552854449, 8736676.654966535046697 ], [ 3413667.496665389277041, 8733511.374398682266474 ] ] ] } },
{ "type": "Feature", "properties": { "X1": 1.0, "log_hist_precip": -1.4327913640444714, "log_hist_temp": -0.21285973419432117, "lat": -1.202590636915136, "lon": -1.2177821626107133, "latlon": 1.4644934265579095, "log_co2e_ha_2017": 6.3738670028267901, "id_group": 61 }, "geometry": { "type": "Polygon", "coordinates": [ [ [ 3479836.821994551457465, 8736676.654966535046697 ], [ 3476726.5596734713763, 8805600.205912236124277 ], [ 3543042.353035797830671, 8808472.89506589435041 ], [ 3546012.460278283804655, 8739707.086178541183472 ], [ 3479836.821994551457465, 8736676.654966535046697 ] ] ] } },
{ "type": "Feature", "properties": { "X1": 1.0, "log_hist_precip": -1.1555340429965066, "log_hist_temp": 1.0775586123908589, "lat": -1.202590636915168, "lon": -0.86775691926462006, "latlon": 1.0435563462259834, "log_co2e_ha_2017": 6.4287432948376324, "id_group": 62 }, "geometry": { "type": "Polygon", "coordinates": [ [ [ 3744574.504581631161273, 8747989.160631641745567 ], [ 3742021.236076967325062, 8816323.817503701895475 ], [ 3808357.209731041453779, 8818685.044221758842468 ], [ 3810772.646287572570145, 8750480.074172900989652 ], [ 3744574.504581631161273, 8747989.160631641745567 ] ] ] } },
{ "type": "Feature", "properties": { "X1": 1.0, "log_hist_precip": -1.1505717526287664, "log_hist_temp": 0.22538413550213543, "lat": -1.2025906369152093, "lon": -0.78025060842809779, "latlon": 0.93832207614302565, "log_co2e_ha_2017": 6.5142403271388831, "id_group": 62 }, "geometry": { "type": "Polygon", "coordinates": [ [ [ 3810772.646287571173161, 8750480.074172900989652 ], [ 3808357.209731040522456, 8818685.044221758842468 ], [ 3874697.612154493108392, 8820918.38220389187336 ], [ 3876975.726633234880865, 8752836.08103528060019 ], [ 3810772.646287571173161, 8750480.074172900989652 ] ] ] } },
{ "type": "Feature", "properties": { "X1": 1.0, "log_hist_precip": -0.94991126856838648, "log_hist_temp": -0.97693139768041204, "lat": -1.2025906369151576, "lon": -0.6927442975915632, "latlon": 0.83308780605998145, "log_co2e_ha_2017": 6.5039033940690842, "id_group": 63 }, "geometry": { "type": "Polygon", "coordinates": [ [ [ 3876975.726633233018219, 8752836.08103528060019 ], [ 3874697.612154491245747, 8820918.38220389187336 ], [ 3941042.196791605092585, 8823023.823149858042598 ], [ 3943183.470689555630088, 8755057.171434724703431 ], [ 3876975.726633233018219, 8752836.08103528060019 ] ] ] } },
{ "type": "Feature", "properties": { "X1": 1.0, "log_hist_precip": -0.81730866329459639, "log_hist_temp": -1.5571649514618646, "lat": -1.2025906369151076, "lon": -0.6052379867551394, "latlon": 0.72785353597708058, "log_co2e_ha_2017": 6.5371476471685659, "id_group": 63 }, "geometry": { "type": "Polygon", "coordinates": [ [ [ 3943183.47068955656141, 8755057.171434724703431 ], [ 3941042.19679160695523, 8823023.823149858042598 ], [ 4007390.717071119695902, 8825001.359234716743231 ], [ 4009395.603508105501533, 8757143.336147453635931 ], [ 3943183.47068955656141, 8755057.171434724703431 ] ] ] } },
{ "type": "Feature", "properties": { "X1": 1.0, "log_hist_precip": -0.9004009173518891, "log_hist_temp": -1.4585706938129379, "lat": -1.2025906369151058, "lon": -0.51773167591849723, "latlon": 0.62261926589395078, "log_co2e_ha_2017": 6.3323878173234895, "id_group": 63 }, "geometry": { "type": "Polygon", "coordinates": [ [ [ 4009395.603508105501533, 8757143.336147453635931 ], [ 4007390.717071119695902, 8825001.359234716743231 ], [ 4073742.926407146267593, 8826850.98310892097652 ], [ 4075611.850122225470841, 8759094.566510021686554 ], [ 4009395.603508105501533, 8757143.336147453635931 ] ] ] } },
{ "type": "Feature", "properties": { "X1": 1.0, "log_hist_precip": -0.38768796198069833, "log_hist_temp": -1.6142943143381321, "lat": -1.2025906369150969, "lon": -0.43022536508208364, "latlon": 0.5173849958110931, "log_co2e_ha_2017": 5.9603153382117631, "id_group": 63 }, "geometry": { "type": "Polygon", "coordinates": [ [ [ 4075611.850122226867825, 8759094.566510021686554 ], [ 4073742.926407147198915, 8826850.98310892097652 ], [ 4140098.578200089745224, 8828572.68789829313755 ], [ 4141831.935548177920282, 8760910.854419330134988 ], [ 4075611.850122226867825, 8759094.566510021686554 ] ] ] } },
{ "type": "Feature", "properties": { "X1": 1.0, "log_hist_precip": -0.23049754949651174, "log_hist_temp": -1.821564895363412, "lat": -1.2025906369151043, "lon": -0.34271905424547111, "latlon": 0.41215072572800326, "log_co2e_ha_2017": 6.4104254062701953, "id_group": 64 }, "geometry": { "type": "Polygon", "coordinates": [ [ [ 4141831.935548177920282, 8760910.854419330134988 ], [ 4140098.578200089745224, 8828572.68789829313755 ], [ 4206457.425837555900216, 8830166.467204079031944 ], [ 4208055.584786279127002, 8762592.192332666367292 ], [ 4141831.935548177920282, 8760910.854419330134988 ] ] ] } },
{ "type": "Feature", "properties": { "X1": 1.0, "log_hist_precip": -0.34211771554724763, "log_hist_temp": -1.4928731335090799, "lat": -1.2025906369150952, "lon": -0.25521274340893862, "latlon": 0.30691645564500425, "log_co2e_ha_2017": 6.4591943513418322, "id_group": 64 }, "geometry": { "type": "Polygon", "coordinates": [ [ [ 4208055.584786279127002, 8762592.192332666367292 ], [ 4206457.425837555900216, 8830166.467204079031944 ], [ 4272819.222695276141167, 8831632.315102951601148 ], [ 4274282.522822046652436, 8764138.573267756029963 ], [ 4208055.584786279127002, 8762592.192332666367292 ] ] ] } },
{ "type": "Feature", "properties": { "X1": 1.0, "log_hist_precip": -0.4838756836252765, "log_hist_temp": -1.4300595150258466, "lat": -1.2025906369150527, "lon": -0.16770643257253839, "latlon": 0.2016821855621603, "log_co2e_ha_2017": 6.5189930792152282, "id_group": 64 }, "geometry": { "type": "Polygon", "coordinates": [ [ [ 4274282.522822046652436, 8764138.573267756029963 ], [ 4272819.222695276141167, 8831632.315102951601148 ], [ 4339183.722138021141291, 8832970.226147061213851 ], [ 4340512.474627342075109, 8765549.990802766755223 ], [ 4274282.522822046652436, 8764138.573267756029963 ] ] ] } },
{ "type": "Feature", "properties": { "X1": 1.0, "log_hist_precip": -0.60881076784771204, "log_hist_temp": -1.6291052978768132, "lat": -1.2025906369150645, "lon": -0.080200121735951535, "latlon": 0.096447915479103669, "log_co2e_ha_2017": 6.5236618169573717, "id_group": 64 }, "geometry": { "type": "Polygon", "coordinates": [ [ [ 4340512.474627342075109, 8765549.990802766755223 ], [ 4339183.722138021141291, 8832970.226147061213851 ], [ 4405550.677520515397191, 8834180.195364028215408 ], [ 4406745.16516150906682, 8766826.439076341688633 ], [ 4340512.474627342075109, 8765549.990802766755223 ] ] ] } },
{ "type": "Feature", "properties": { "X1": 1.0, "log_hist_precip": -0.60087909347591717, "log_hist_temp": -1.5118555050665927, "lat": -1.2025906369151296, "lon": 0.0073061891004763818, "latlon": -0.0087863546037642692, "log_co2e_ha_2017": 6.4120816429852701, "id_group": 65 }, "geometry": { "type": "Polygon", "coordinates": [ [ [ 4406745.165161509998143, 8766826.439076341688633 ], [ 4405550.677520516328514, 8834180.195364028215408 ], [ 4471919.842188358306885, 8835262.218256963416934 ], [ 4472980.319372519850731, 8767967.91278762370348 ], [ 4406745.165161509998143, 8766826.439076341688633 ] ] ] } },
{ "type": "Feature", "properties": { "X1": 1.0, "log_hist_precip": -0.54476966079733768, "log_hist_temp": -0.89645946877170568, "lat": -1.2025906369151156, "lon": 0.0948124999370899, "latlon": -0.11402062468685929, "log_co2e_ha_2017": 6.2819031610340614, "id_group": 65 }, "geometry": { "type": "Polygon", "coordinates": [ [ [ 4472980.319372519850731, 8767967.91278762370348 ], [ 4471919.842188358306885, 8835262.218256963416934 ], [ 4538290.969478935003281, 8836216.290804514661431 ], [ 4539217.662198112346232, 8768974.40719629265368 ], [ 4472980.319372519850731, 8767967.91278762370348 ] ] ] } },
{ "type": "Feature", "properties": { "X1": 1.0, "log_hist_precip": -0.41249064416870856, "log_hist_temp": -0.84178645995644941, "lat": -1.2025906369151242, "lon": 0.18231881077363984, "latlon": -0.21925489476987955, "log_co2e_ha_2017": 6.2467316089494611, "id_group": 65 }, "geometry": { "type": "Polygon", "coordinates": [ [ [ 4539217.662198113277555, 8768974.40719629265368 ], [ 4538290.969478935934603, 8836216.290804514661431 ], [ 4604663.812722340226173, 8837042.409460835158825 ], [ 4605456.918566940352321, 8769845.918122567236423 ], [ 4539217.662198113277555, 8768974.40719629265368 ] ] ] } },
{ "type": "Feature", "properties": { "X1": 1.0, "log_hist_precip": -0.31024135426564686, "log_hist_temp": -0.82172889881020283, "lat": -1.2025906369151285, "lon": 0.26982512161007288, "latlon": -0.32448916485275953, "log_co2e_ha_2017": 6.1727502961804834, "id_group": 65 }, "geometry": { "type": "Polygon", "coordinates": [ [ [ 4605456.918566940352321, 8769845.918122567236423 ], [ 4604663.812722340226173, 8837042.409460835158825 ], [ 4671038.125242290087044, 8837740.571155641227961 ], [ 4671697.813399706035852, 8770582.44194720685482 ], [ 4605456.918566940352321, 8769845.918122567236423 ] ] ] } },
{ "type": "Feature", "properties": { "X1": 1.0, "log_hist_precip": -0.3719943721420082, "log_hist_temp": -0.56148246297033477, "lat": -1.2025906369150789, "lon": 0.35733143244660742, "latlon": -0.42972343493574311, "log_co2e_ha_2017": 6.0827038281760979, "id_group": 66 }, "geometry": { "type": "Polygon", "coordinates": [ [ [ 4671697.813399706035852, 8770582.44194720685482 ], [ 4671038.125242290087044, 8837740.571155641227961 ], [ 4737413.660357036627829, 8838310.773294202983379 ], [ 4737940.071610311046243, 8771183.97561159171164 ], [ 4671697.813399706035852, 8770582.44194720685482 ] ] ] } },
{ "type": "Feature", "properties": { "X1": 1.0, "log_hist_precip": -0.50068978794301977, "log_hist_temp": -0.062635916066832192, "lat": -1.2025906369151529, "lon": 0.44483774328312764, "latlon": -0.53495770501875572, "log_co2e_ha_2017": 5.9707159501354798, "id_group": 66 }, "geometry": { "type": "Polygon", "coordinates": [ [ [ 4737940.071610311977565, 8771183.97561159171164 ], [ 4737413.660357039421797, 8838310.773294202983379 ], [ 4803790.171380296349525, 8838753.013757340610027 ], [ 4804183.418106993660331, 8771650.516617642715573 ], [ 4737940.071610311977565, 8771183.97561159171164 ] ] ] } },
{ "type": "Feature", "properties": { "X1": 1.0, "log_hist_precip": -0.46159171874550364, "log_hist_temp": 0.051929755876079238, "lat": -1.2025906369151982, "lon": 0.53234405411968788, "latlon": -0.64019197510181414, "log_co2e_ha_2017": 5.9383304277136242, "id_group": 66 }, "geometry": { "type": "Polygon", "coordinates": [ [ [ 4804183.418106993660331, 8771650.516617642715573 ], [ 4803790.171380296349525, 8838753.013757340610027 ], [ 4870167.4116221498698, 8839067.290901465341449 ], [ 4870427.577793472446501, 8771982.06302791647613 ], [ 4804183.418106993660331, 8771650.516617642715573 ] ] ] } },
{ "type": "Feature", "properties": { "X1": 1.0, "log_hist_precip": -0.31356167376365923, "log_hist_temp": -0.24628777833687815, "lat": -1.2025906369150752, "lon": 0.61985036495619272, "latlon": -0.74542624518470957, "log_co2e_ha_2017": 6.029574570613689, "id_group": 66 }, "geometry": { "type": "Polygon", "coordinates": [ [ [ 4870427.577793473377824, 8771982.06302791647613 ], [ 4870167.411622150801122, 8839067.290901465341449 ], [ 4936545.134389972314239, 8839253.603558557108045 ], [ 4936672.275570089928806, 8772178.613465551286936 ], [ 4870427.577793473377824, 8771982.06302791647613 ] ] ] } },
{ "type": "Feature", "properties": { "X1": 1.0, "log_hist_precip": -0.093526201863625466, "log_hist_temp": -0.40563253945811129, "lat": -1.2025906369150463, "lon": 0.7073566757927201, "latlon": -0.85066051526767716, "log_co2e_ha_2017": 5.9918635794212136, "id_group": 67 }, "geometry": { "type": "Polygon", "coordinates": [ [ [ 4936672.275570089928806, 8772178.613465551286936 ], [ 4936545.134389972314239, 8839253.603558557108045 ], [ 5002923.092989343218505, 8839311.951036173850298 ], [ 5002917.236334951594472, 8772240.16711431927979 ], [ 4936672.275570089928806, 8772178.613465551286936 ] ] ] } },
{ "type": "Feature", "properties": { "X1": 1.0, "log_hist_precip": 0.02356865001206131, "log_hist_temp": -0.36310177919471753, "lat": -1.2025906369150581, "lon": 0.79486298662922283, "latlon": -0.95589478535064243, "log_co2e_ha_2017": 6.0162542974958679, "id_group": 67 }, "geometry": { "type": "Polygon", "coordinates": [ [ [ 5002917.236334952525795, 8772240.16711431927979 ], [ 5002923.092989343218505, 8839311.951036173850298 ], [ 5069301.040724968537688, 8839242.333117466419935 ], [ 5069162.184985076077282, 8772166.723718592897058 ], [ 5002917.236334952525795, 8772240.16711431927979 ] ] ] } },
{ "type": "Feature", "properties": { "X1": 1.0, "log_hist_precip": -0.15380807704685662, "log_hist_temp": -0.15572491982832021, "lat": -1.2025906369150698, "lon": 0.88236929746575743, "latlon": -1.0611290554336479, "log_co2e_ha_2017": 5.9894790868194834, "id_group": 67 }, "geometry": { "type": "Polygon", "coordinates": [ [ [ 5069162.184985076077282, 8772166.723718592897058 ], [ 5069301.040724968537688, 8839242.333117466419935 ], [ 5135678.730901592411101, 8839044.750061180442572 ], [ 5135406.846417525783181, 8771958.283583367243409 ], [ 5069162.184985076077282, 8772166.723718592897058 ] ] ] } },
{ "type": "Feature", "properties": { "X1": 1.0, "log_hist_precip": -0.45757893417967793, "log_hist_temp": 0.20251403833000323, "lat": -1.2025906369150789, "lon": 0.96987560830218222, "latlon": -1.1663633255165209, "log_co2e_ha_2017": 5.7655273920552688, "id_group": 67 }, "geometry": { "type": "Polygon", "coordinates": [ [ [ 5135406.846417525783181, 8771958.283583367243409 ], [ 5135678.730901593342423, 8839044.750061180442572 ], [ 5202055.916824917308986, 8838719.202601630240679 ], [ 5201650.94553055986762, 8771614.847574267536402 ], [ 5135406.846417525783181, 8771958.283583367243409 ] ] ] } },
{ "type": "Feature", "properties": { "X1": 1.0, "log_hist_precip": -0.87622012678018057, "log_hist_temp": 0.96774457702892924, "lat": -1.2025906369150752, "lon": 1.0573819191388143, "latlon": -1.2715975955996313, "log_co2e_ha_2017": 5.6549168886482004, "id_group": 68 }, "geometry": { "type": "Polygon", "coordinates": [ [ [ 5201650.94553055986762, 8771614.847574267536402 ], [ 5202055.916824917308986, 8838719.202601630240679 ], [ 5268432.351802517659962, 8838265.691948726773262 ], [ 5267894.207224772311747, 8771136.417117509990931 ], [ 5201650.94553055986762, 8771614.847574267536402 ] ] ] } },
{ "type": "Feature", "properties": { "X1": 1.0, "log_hist_precip": -1.1514077754744207, "log_hist_temp": 1.0941760212997333, "lat": -1.2025906369150752, "lon": 1.1448882299752872, "latlon": -1.3768318656825536, "log_co2e_ha_2017": 5.6662397398826254, "id_group": 68 }, "geometry": { "type": "Polygon", "coordinates": [ [ [ 5267894.207224772311747, 8771136.417117509990931 ], [ 5268432.351802517659962, 8838265.691948726773262 ], [ 5334807.789144762791693, 8837684.219787945970893 ], [ 5334136.356404233723879, 8770522.994199924170971 ], [ 5267894.207224772311747, 8771136.417117509990931 ] ] ] } },
{ "type": "Feature", "properties": { "X1": 1.0, "log_hist_precip": -1.2791127049503166, "log_hist_temp": 1.1171923109175044, "lat": -1.2025906369149992, "lon": 1.2323945408117993, "latlon": -1.4820661357654297, "log_co2e_ha_2017": 5.7659092356702848, "id_group": 68 }, "geometry": { "type": "Polygon", "coordinates": [ [ [ 5334136.356404234655201, 8770522.994199924170971 ], [ 5334807.789144763723016, 8837684.219787945970893 ], [ 5401181.982165725901723, 8836974.788280349224806 ], [ 5400377.117977635934949, 8769774.581368945538998 ], [ 5334136.356404234655201, 8770522.994199924170971 ] ] ] } },
{ "type": "Feature", "properties": { "X1": 1.0, "log_hist_precip": -1.409834991414556, "log_hist_temp": 1.0965310923913634, "lat": -1.3315234839432764, "lon": -0.86775691926459952, "latlon": 1.1554387163550839, "log_co2e_ha_2017": 6.3072562795174569, "id_group": 62 }, "geometry": { "type": "Polygon", "coordinates": [ [ [ 3747269.184414098970592, 8679662.673734147101641 ], [ 3744574.504581631161273, 8747989.160631641745567 ], [ 3810772.646287572570145, 8750480.074172900989652 ], [ 3813321.881274714600295, 8682282.153534347191453 ], [ 3747269.184414098970592, 8679662.673734147101641 ] ] ] } },
{ "type": "Feature", "properties": { "X1": 1.0, "log_hist_precip": -1.4672598630307294, "log_hist_temp": 0.53201694916915965, "lat": -1.331523483943267, "lon": -0.78025060842818805, "latlon": 1.0389220084831547, "log_co2e_ha_2017": 6.4660646976662859, "id_group": 62 }, "geometry": { "type": "Polygon", "coordinates": [ [ [ 3813321.881274713203311, 8682282.153534347191453 ], [ 3810772.646287571173161, 8750480.074172900989652 ], [ 3876975.726633234880865, 8752836.08103528060019 ], [ 3879380.051486486569047, 8684759.770384546369314 ], [ 3813321.881274713203311, 8682282.153534347191453 ] ] ] } },
{ "type": "Feature", "properties": { "X1": 1.0, "log_hist_precip": -1.5281061624094276, "log_hist_temp": -0.24929212919061428, "lat": -1.331523483943245, "lon": -0.69274429759152323, "latlon": 0.92240530061088111, "log_co2e_ha_2017": 6.4731337558745397, "id_group": 63 }, "geometry": { "type": "Polygon", "coordinates": [ [ [ 3879380.051486485172063, 8684759.770384546369314 ], [ 3876975.726633233018219, 8752836.08103528060019 ], [ 3943183.470689555630088, 8755057.171434724703431 ], [ 3945443.390367332845926, 8687095.512857152149081 ], [ 3879380.051486485172063, 8684759.770384546369314 ] ] ] } },
{ "type": "Feature", "properties": { "X1": 1.0, "log_hist_precip": -1.4115339315558597, "log_hist_temp": -1.0462577135643472, "lat": -1.3315234839432999, "lon": -0.60523798675517637, "latlon": 0.8058885927390812, "log_co2e_ha_2017": 6.4515970169645449, "id_group": 63 }, "geometry": { "type": "Polygon", "coordinates": [ [ [ 3945443.39036733424291, 8687095.512857152149081 ], [ 3943183.47068955656141, 8755057.171434724703431 ], [ 4009395.603508105501533, 8757143.336147453635931 ], [ 4011511.593211330473423, 8689289.370178960263729 ], [ 3945443.39036733424291, 8687095.512857152149081 ] ] ] } },
{ "type": "Feature", "properties": { "X1": 1.0, "log_hist_precip": -1.3467146962453707, "log_hist_temp": -1.4318552359303349, "lat": -1.3315234839432746, "lon": -0.51773167591848179, "latlon": 0.68937188486676726, "log_co2e_ha_2017": 6.3698404772567754, "id_group": 63 }, "geometry": { "type": "Polygon", "coordinates": [ [ [ 4011511.593211330473423, 8689289.370178960263729 ], [ 4009395.603508105501533, 8757143.336147453635931 ], [ 4075611.850122225470841, 8759094.566510021686554 ], [ 4077584.355290118139237, 8691341.332231165841222 ], [ 4011511.593211330473423, 8689289.370178960263729 ] ] ] } },
{ "type": "Feature", "properties": { "X1": 1.0, "log_hist_precip": -0.86729882604591935, "log_hist_temp": -1.5035333810285083, "lat": -1.3315234839433157, "lon": -0.43022536508207232, "latlon": 0.57285517699486588, "log_co2e_ha_2017": 6.0770743648143464, "id_group": 63 }, "geometry": { "type": "Polygon", "coordinates": [ [ [ 4077584.355290119536221, 8691341.332231165841222 ], [ 4075611.850122226867825, 8759094.566510021686554 ], [ 4141831.935548177920282, 8760910.854419330134988 ], [ 4143661.371854313649237, 8693251.389549449086189 ], [ 4077584.355290119536221, 8691341.332231165841222 ] ] ] } },
{ "type": "Feature", "properties": { "X1": 1.0, "log_hist_precip": -0.58560893560696425, "log_hist_temp": -1.5960202755683457, "lat": -1.3315234839432692, "lon": -0.34271905424546906, "latlon": 0.45633846912266923, "log_co2e_ha_2017": 6.0146495676112393, "id_group": 64 }, "geometry": { "type": "Polygon", "coordinates": [ [ [ 4143661.371854313649237, 8693251.389549449086189 ], [ 4141831.935548177920282, 8760910.854419330134988 ], [ 4208055.584786279127002, 8762592.192332668229938 ], [ 4209742.338134904392064, 8695019.533323992043734 ], [ 4143661.371854313649237, 8693251.389549449086189 ] ] ] } },
{ "type": "Feature", "properties": { "X1": 1.0, "log_hist_precip": -0.52761082324904607, "log_hist_temp": -1.8095276741483473, "lat": -1.3315234839432428, "lon": -0.25521274340896938, "latlon": 0.3398217612506238, "log_co2e_ha_2017": 6.2182862074811416, "id_group": 64 }, "geometry": { "type": "Polygon", "coordinates": [ [ [ 4209742.338134904392064, 8695019.533323992043734 ], [ 4208055.584786279127002, 8762592.192332668229938 ], [ 4274282.522822046652436, 8764138.573267756029963 ], [ 4275826.94934466201812, 8696645.755399534478784 ], [ 4209742.338134904392064, 8695019.533323992043734 ] ] ] } },
{ "type": "Feature", "properties": { "X1": 1.0, "log_hist_precip": -0.61050281321518562, "log_hist_temp": -2.0693950054302213, "lat": -1.3315234839432726, "lon": -0.16770643257255891, "latlon": 0.22330505337871118, "log_co2e_ha_2017": 6.4139270193613065, "id_group": 64 }, "geometry": { "type": "Polygon", "coordinates": [ [ [ 4275826.94934466201812, 8696645.755399534478784 ], [ 4274282.522822046652436, 8764138.573267756029963 ], [ 4340512.474627342075109, 8765549.990802766755223 ], [ 4341914.900679551064968, 8698130.048275403678417 ], [ 4275826.94934466201812, 8696645.755399534478784 ] ] ] } },
{ "type": "Feature", "properties": { "X1": 1.0, "log_hist_precip": -0.68640931552306772, "log_hist_temp": -2.0332243218767987, "lat": -1.3315234839433079, "lon": -0.080200121735894109, "latlon": 0.10678834550645513, "log_co2e_ha_2017": 6.4006385255506286, "id_group": 64 }, "geometry": { "type": "Polygon", "coordinates": [ [ [ 4341914.900679551064968, 8698130.048275403678417 ], [ 4340512.474627342075109, 8765549.990802766755223 ], [ 4406745.16516150906682, 8766826.439076341688633 ], [ 4408005.887320124544203, 8699472.405105551704764 ], [ 4341914.900679551064968, 8698130.048275403678417 ] ] ] } },
{ "type": "Feature", "properties": { "X1": 1.0, "log_hist_precip": -0.68396758338315322, "log_hist_temp": -1.6945933094137211, "lat": -1.331523483943341, "lon": 0.0073061891004856105, "latlon": -0.0097283623654274651, "log_co2e_ha_2017": 6.2673416372109596, "id_group": 65 }, "geometry": { "type": "Polygon", "coordinates": [ [ [ 4408005.887320125475526, 8699472.405105551704764 ], [ 4406745.165161509998143, 8766826.439076341688633 ], [ 4472980.319372519850731, 8767967.91278762370348 ], [ 4474099.604432940483093, 8700672.819698574021459 ], [ 4408005.887320125475526, 8699472.405105551704764 ] ] ] } },
{ "type": "Feature", "properties": { "X1": 1.0, "log_hist_precip": -0.56432016561008269, "log_hist_temp": -1.1889155700490164, "lat": -1.3315234839433807, "lon": 0.094812499937095021, "latlon": -0.12624507023762233, "log_co2e_ha_2017": 6.1001831820114507, "id_group": 65 }, "geometry": { "type": "Polygon", "coordinates": [ [ [ 4474099.604432940483093, 8700672.819698574021459 ], [ 4472980.319372519850731, 8767967.91278762370348 ], [ 4539217.662198112346232, 8768974.40719629265368 ], [ 4540195.747171957045794, 8701731.286517774686217 ], [ 4474099.604432940483093, 8700672.819698574021459 ] ] ] } },
{ "type": "Feature", "properties": { "X1": 1.0, "log_hist_precip": -0.51157806389538762, "log_hist_temp": -0.93570315357481226, "lat": -1.3315234839433092, "lon": 0.18231881077359266, "latlon": -0.24276177810965505, "log_co2e_ha_2017": 6.1755194423625168, "id_group": 65 }, "geometry": { "type": "Polygon", "coordinates": [ [ [ 4540195.747171957977116, 8701731.286517774686217 ], [ 4539217.662198113277555, 8768974.40719629265368 ], [ 4605456.918566940352321, 8769845.918122567236423 ], [ 4606294.010679951868951, 8702647.800681153312325 ], [ 4540195.747171957977116, 8701731.286517774686217 ] ] ] } },
{ "type": "Feature", "properties": { "X1": 1.0, "log_hist_precip": -0.45654926458316186, "log_hist_temp": -0.80617810223466069, "lat": -1.3315234839433145, "lon": 0.26982512161005651, "latlon": -0.35927848598165096, "log_co2e_ha_2017": 6.0825348408592843, "id_group": 65 }, "geometry": { "type": "Polygon", "coordinates": [ [ [ 4606294.010679951868951, 8702647.800681153312325 ], [ 4605456.918566940352321, 8769845.918122567236423 ], [ 4671697.813399706035852, 8770582.441947208717465 ], [ 4672394.090089915320277, 8703422.357961451634765 ], [ 4606294.010679951868951, 8702647.800681153312325 ] ] ] } },
{ "type": "Feature", "properties": { "X1": 1.0, "log_hist_precip": -0.54770617508906716, "log_hist_temp": -1.0941227667192879, "lat": -1.3315234839434298, "lon": 0.35733143244666898, "latlon": -0.47579519385388502, "log_co2e_ha_2017": 6.105365373121181, "id_group": 66 }, "geometry": { "type": "Polygon", "coordinates": [ [ [ 4672394.090089915320277, 8703422.357961451634765 ], [ 4671697.813399706035852, 8770582.441947208717465 ], [ 4737940.071610311046243, 8771183.97561159171164 ], [ 4738495.680526463314891, 8704054.954786138609052 ], [ 4672394.090089915320277, 8703422.357961451634765 ] ] ] } },
{ "type": "Feature", "properties": { "X1": 1.0, "log_hist_precip": -0.7352236487849475, "log_hist_temp": -1.0766856637271489, "lat": -1.3315234839433301, "lon": 0.4448377432831912, "latlon": -0.59231190172592341, "log_co2e_ha_2017": 6.0506375088661901, "id_group": 66 }, "geometry": { "type": "Polygon", "coordinates": [ [ [ 4738495.680526466108859, 8704054.954786138609052 ], [ 4737940.071610311977565, 8771183.97561159171164 ], [ 4804183.418106993660331, 8771650.516617642715573 ], [ 4804598.477107248269022, 8704545.588237475603819 ], [ 4738495.680526466108859, 8704054.954786138609052 ] ] ] } },
{ "type": "Feature", "properties": { "X1": 1.0, "log_hist_precip": -0.86197262596199342, "log_hist_temp": -0.76057507135491265, "lat": -1.3315234839433225, "lon": 0.53234405411965091, "latlon": -0.70882860959791028, "log_co2e_ha_2017": 6.0047624883929931, "id_group": 66 }, "geometry": { "type": "Polygon", "coordinates": [ [ [ 4804598.477107248269022, 8704545.588237475603819 ], [ 4804183.418106993660331, 8771650.516617642715573 ], [ 4870427.577793472446501, 8771982.06302791647613 ], [ 4870702.174944348633289, 8704894.256052505224943 ], [ 4804598.477107248269022, 8704545.588237475603819 ] ] ] } },
{ "type": "Feature", "properties": { "X1": 1.0, "log_hist_precip": -0.77678149774781013, "log_hist_temp": -0.73071294043983259, "lat": -1.3315234839432983, "lon": 0.619850364956124, "latlon": -0.82534531746990314, "log_co2e_ha_2017": 6.1371246957134469, "id_group": 66 }, "geometry": { "type": "Polygon", "coordinates": [ [ [ 4870702.174944349564612, 8704894.256052505224943 ], [ 4870427.577793473377824, 8771982.06302791647613 ], [ 4936672.275570089928806, 8772178.613465551286936 ], [ 4936806.469145693816245, 8705100.956623056903481 ], [ 4870702.174944349564612, 8704894.256052505224943 ] ] ] } },
{ "type": "Feature", "properties": { "X1": 1.0, "log_hist_precip": -0.58200757096423017, "log_hist_temp": -0.75496042776036898, "lat": -1.3315234839432575, "lon": 0.70735667579273442, "latlon": -0.94186202534206298, "log_co2e_ha_2017": 6.0209123057507234, "id_group": 67 }, "geometry": { "type": "Polygon", "coordinates": [ [ [ 4936806.469145693816245, 8705100.956623056903481 ], [ 4936672.275570089928806, 8772178.613465551286936 ], [ 5002917.236334951594472, 8772240.16711431927979 ], [ 5002911.054816462099552, 8705165.688995745033026 ], [ 4936806.469145693816245, 8705100.956623056903481 ] ] ] } },
{ "type": "Feature", "properties": { "X1": 1.0, "log_hist_precip": -0.52219982797738596, "log_hist_temp": -0.71822413474858915, "lat": -1.3315234839433192, "lon": 0.79486298662925869, "latlon": -1.0583787332141825, "log_co2e_ha_2017": 5.9776358215910452, "id_group": 67 }, "geometry": { "type": "Polygon", "coordinates": [ [ [ 5002911.054816463030875, 8705165.688995745033026 ], [ 5002917.236334952525795, 8772240.16711431927979 ], [ 5069162.184985076077282, 8772166.723718592897058 ], [ 5069015.627060485072434, 8705088.452872019261122 ], [ 5002911.054816463030875, 8705165.688995745033026 ] ] ] } },
{ "type": "Feature", "properties": { "X1": 1.0, "log_hist_precip": -0.6667948791732069, "log_hist_temp": -0.47115639845509394, "lat": -1.331523483943285, "lon": 0.88236929746570403, "latlon": -1.174895441086123, "log_co2e_ha_2017": 5.9517426033872693, "id_group": 67 }, "geometry": { "type": "Polygon", "coordinates": [ [ [ 5069015.627060485072434, 8705088.452872019261122 ], [ 5069162.184985076077282, 8772166.723718592897058 ], [ 5135406.846417525783181, 8771958.283583367243409 ], [ 5135119.880981655791402, 8704869.24860811047256 ], [ 5069015.627060485072434, 8705088.452872019261122 ] ] ] } },
{ "type": "Feature", "properties": { "X1": 1.0, "log_hist_precip": -0.96970888492547991, "log_hist_temp": -0.14233567843688447, "lat": -1.3315234839432466, "lon": 0.96987560830221708, "latlon": -1.2914121489581436, "log_co2e_ha_2017": 5.8670797292982755, "id_group": 67 }, "geometry": { "type": "Polygon", "coordinates": [ [ [ 5135119.880981656722724, 8704869.24860811047256 ], [ 5135406.846417525783181, 8771958.283583367243409 ], [ 5201650.94553055986762, 8771614.847574267536402 ], [ 5201223.511685337871313, 8704508.077215056866407 ], [ 5135119.880981656722724, 8704869.24860811047256 ] ] ] } },
{ "type": "Feature", "properties": { "X1": 1.0, "log_hist_precip": -1.2540005015794871, "log_hist_temp": 0.67171186305380814, "lat": -1.3315234839433236, "lon": 1.0573819191388347, "latlon": -1.4079288568304189, "log_co2e_ha_2017": 5.6860166605359126, "id_group": 68 }, "geometry": { "type": "Polygon", "coordinates": [ [ [ 5201223.511685337871313, 8704508.077215056866407 ], [ 5201650.94553055986762, 8771614.847574267536402 ], [ 5267894.207224772311747, 8771136.417117509990931 ], [ 5267326.214279768057168, 8704004.940358713269234 ], [ 5201223.511685337871313, 8704508.077215056866407 ] ] ] } },
{ "type": "Feature", "properties": { "X1": 1.0, "log_hist_precip": -1.4416780981360351, "log_hist_temp": 1.5136818442325441, "lat": -1.3315234839433232, "lon": 1.1448882299752707, "latlon": -1.5244455647023771, "log_co2e_ha_2017": 5.6263913410435613, "id_group": 68 }, "geometry": { "type": "Polygon", "coordinates": [ [ [ 5267326.214279768057168, 8704004.940358713269234 ], [ 5267894.207224772311747, 8771136.417117509990931 ], [ 5334136.356404233723879, 8770522.994199924170971 ], [ 5333427.683877465315163, 8703359.840359700843692 ], [ 5267326.214279768057168, 8704004.940358713269234 ] ] ] } },
{ "type": "Feature", "properties": { "X1": 1.0, "log_hist_precip": -1.6420758298220719, "log_hist_temp": 1.1502221087292077, "lat": -1.460456310812996, "lon": -0.86775691926460163, "latlon": 1.267321068991631, "log_co2e_ha_2017": 6.1984545195290259, "id_group": 69 }, "geometry": { "type": "Polygon", "coordinates": [ [ [ 3750104.956534928642213, 8611344.778405560180545 ], [ 3747269.184414098970592, 8679662.673734147101641 ], [ 3813321.881274714600295, 8682282.153534347191453 ], [ 3816004.616193056106567, 8614091.646107189357281 ], [ 3750104.956534928642213, 8611344.778405560180545 ] ] ] } },
{ "type": "Feature", "properties": { "X1": 1.0, "log_hist_precip": -1.7395372996933669, "log_hist_temp": 0.59295326996136333, "lat": -1.4604563108130013, "lon": -0.78025060842819005, "latlon": 1.139521925094634, "log_co2e_ha_2017": 6.3247290854831162, "id_group": 69 }, "geometry": { "type": "Polygon", "coordinates": [ [ [ 3816004.616193055175245, 8614091.646107189357281 ], [ 3813321.881274713203311, 8682282.153534347191453 ], [ 3879380.051486486569047, 8684759.770384546369314 ], [ 3881910.308150571770966, 8616689.759428089484572 ], [ 3816004.616193055175245, 8614091.646107189357281 ] ] ] } },
{ "type": "Feature", "properties": { "X1": 1.0, "log_hist_precip": -1.748588355649707, "log_hist_temp": 0.051210651999446001, "lat": -1.4604563108130153, "lon": -0.69274429759150791, "latlon": 1.0117227811972473, "log_co2e_ha_2017": 6.3082059445849561, "id_group": 70 }, "geometry": { "type": "Polygon", "coordinates": [ [ [ 3881910.308150570373982, 8616689.759428089484572 ], [ 3879380.051486485172063, 8684759.770384546369314 ], [ 3945443.390367332845926, 8687095.512857152149081 ], [ 3947821.696626719553024, 8619139.105131227523088 ], [ 3881910.308150570373982, 8616689.759428089484572 ] ] ] } },
{ "type": "Feature", "properties": { "X1": 1.0, "log_hist_precip": -1.6971499769507901, "log_hist_temp": -0.37265856711592082, "lat": -1.4604563108130231, "lon": -0.60523798675514251, "latlon": 0.88392363730031676, "log_co2e_ha_2017": 6.2555654683941615, "id_group": 70 }, "geometry": { "type": "Polygon", "coordinates": [ [ [ 3947821.696626720950007, 8619139.105131227523088 ], [ 3945443.39036733424291, 8687095.512857152149081 ], [ 4011511.593211330473423, 8689289.370178960263729 ], [ 4013738.445811721961945, 8621439.670737512409687 ], [ 3947821.696626720950007, 8619139.105131227523088 ] ] ] } },
{ "type": "Feature", "properties": { "X1": 1.0, "log_hist_precip": -1.6026838972766013, "log_hist_temp": -0.85745040250958537, "lat": -1.4604563108130137, "lon": -0.51773167591853719, "latlon": 0.75612449340302568, "log_co2e_ha_2017": 6.2421498913715689, "id_group": 70 }, "geometry": { "type": "Polygon", "coordinates": [ [ [ 4013738.445811721961945, 8621439.670737512409687 ], [ 4011511.593211330473423, 8689289.370178960263729 ], [ 4077584.355290118139237, 8691341.332231165841222 ], [ 4079660.219868484884501, 8623591.444525863975286 ], [ 4013738.445811721961945, 8621439.670737512409687 ] ] ] } },
{ "type": "Feature", "properties": { "X1": 1.0, "log_hist_precip": -1.4343357404877275, "log_hist_temp": -1.9094034658580288, "lat": -1.4604563108129895, "lon": -0.43022536508208054, "latlon": 0.62832534950594687, "log_co2e_ha_2017": 6.0806140969904128, "id_group": 70 }, "geometry": { "type": "Polygon", "coordinates": [ [ [ 4079660.219868486281484, 8623591.444525863975286 ], [ 4077584.355290119536221, 8691341.332231165841222 ], [ 4143661.371854313649237, 8693251.389549449086189 ], [ 4145586.68293431866914, 8625594.415533283725381 ], [ 4079660.219868486281484, 8623591.444525863975286 ] ] ] } },
{ "type": "Feature", "properties": { "X1": 1.0, "log_hist_precip": -1.3070988533319288, "log_hist_temp": -1.7226195953571315, "lat": -1.4604563108130466, "lon": -0.34271905424545268, "latlon": 0.50052620560865024, "log_co2e_ha_2017": 6.0922781721592161, "id_group": 71 }, "geometry": { "type": "Polygon", "coordinates": [ [ [ 4145586.68293431866914, 8625594.415533283725381 ], [ 4143661.371854313649237, 8693251.389549449086189 ], [ 4209742.338134904392064, 8695019.533323992043734 ], [ 4211517.499122640118003, 8627448.573554888367653 ], [ 4145586.68293431866914, 8625594.415533283725381 ] ] ] } },
{ "type": "Feature", "properties": { "X1": 1.0, "log_hist_precip": -1.0838413372174902, "log_hist_temp": -1.564793548311467, "lat": -1.4604563108130606, "lon": -0.25521274340899397, "latlon": 0.3727270617115796, "log_co2e_ha_2017": 6.1067179023464551, "id_group": 71 }, "geometry": { "type": "Polygon", "coordinates": [ [ [ 4211517.499122640118003, 8627448.573554888367653 ], [ 4209742.338134904392064, 8695019.533323992043734 ], [ 4275826.94934466201812, 8696645.755399534478784 ], [ 4277452.332524687051773, 8629153.909144001081586 ], [ 4211517.499122640118003, 8627448.573554888367653 ] ] ] } },
{ "type": "Feature", "properties": { "X1": 1.0, "log_hist_precip": -0.75942775233189197, "log_hist_temp": -2.2015552450353484, "lat": -1.4604563108130213, "lon": -0.16770643257254045, "latlon": 0.24492791781450513, "log_co2e_ha_2017": 6.1830692705563859, "id_group": 71 }, "geometry": { "type": "Polygon", "coordinates": [ [ [ 4277452.332524687051773, 8629153.909144001081586 ], [ 4275826.94934466201812, 8696645.755399534478784 ], [ 4341914.900679551064968, 8698130.048275403678417 ], [ 4343390.847211233340204, 8630710.41361216083169 ], [ 4277452.332524687051773, 8629153.909144001081586 ] ] ] } },
{ "type": "Feature", "properties": { "X1": 1.0, "log_hist_precip": -0.63269567106097291, "log_hist_temp": -2.2724158125190081, "lat": -1.4604563108129902, "lon": -0.080200121735907445, "latlon": 0.11712877391717609, "log_co2e_ha_2017": 6.2302416889179053, "id_group": 71 }, "geometry": { "type": "Polygon", "coordinates": [ [ [ 4343390.847211233340204, 8630710.41361216083169 ], [ 4341914.900679551064968, 8698130.048275403678417 ], [ 4408005.887320124544203, 8699472.405105551704764 ], [ 4409332.707234293222427, 8632118.079029189422727 ], [ 4343390.847211233340204, 8630710.41361216083169 ] ] ] } },
{ "type": "Feature", "properties": { "X1": 1.0, "log_hist_precip": -0.66706955932016165, "log_hist_temp": -1.908363523863345, "lat": -1.4604563108129212, "lon": 0.0073061891004763818, "latlon": -0.010670369979783311, "log_co2e_ha_2017": 6.1703931661845557, "id_group": 72 }, "geometry": { "type": "Polygon", "coordinates": [ [ [ 4409332.707234295085073, 8632118.079029189422727 ], [ 4408005.887320125475526, 8699472.405105551704764 ], [ 4474099.604432940483093, 8700672.819698574021459 ], [ 4475277.576628842391074, 8633376.898223202675581 ], [ 4409332.707234295085073, 8632118.079029189422727 ] ] ] } },
{ "type": "Feature", "properties": { "X1": 1.0, "log_hist_precip": -0.52924007639931514, "log_hist_temp": -1.4119117588178436, "lat": -1.4604563108129245, "lon": 0.094812499937131936, "latlon": -0.13846951387713435, "log_co2e_ha_2017": 6.034839917642838, "id_group": 72 }, "geometry": { "type": "Polygon", "coordinates": [ [ [ 4475277.576628842391074, 8633376.898223202675581 ], [ 4474099.604432940483093, 8700672.819698574021459 ], [ 4540195.747171957045794, 8701731.286517774686217 ], [ 4541225.119414516724646, 8634486.864780694246292 ], [ 4475277.576628842391074, 8633376.898223202675581 ] ] ] } },
{ "type": "Feature", "properties": { "X1": 1.0, "log_hist_precip": -0.36635560194036398, "log_hist_temp": -1.2146740917949397, "lat": -1.4604563108129971, "lon": 0.18231881077355575, "latlon": -0.26626865777416014, "log_co2e_ha_2017": 6.0620544332861384, "id_group": 72 }, "geometry": { "type": "Polygon", "coordinates": [ [ [ 4541225.119414518587291, 8634486.864780694246292 ], [ 4540195.747171957977116, 8701731.286517774686217 ], [ 4606294.010679951868951, 8702647.800681153312325 ], [ 4607174.999597339890897, 8635447.973046537488699 ], [ 4541225.119414518587291, 8634486.864780694246292 ] ] ] } },
{ "type": "Feature", "properties": { "X1": 1.0, "log_hist_precip": -0.24019791262646426, "log_hist_temp": -1.4347732298121616, "lat": -1.4604563108130111, "lon": 0.26982512161010774, "latlon": -0.39406780167137001, "log_co2e_ha_2017": 6.0998618247347558, "id_group": 72 }, "geometry": { "type": "Polygon", "coordinates": [ [ [ 4607174.999597339890897, 8635447.973046537488699 ], [ 4606294.010679951868951, 8702647.800681153312325 ], [ 4672394.090089915320277, 8703422.357961451634765 ], [ 4673126.881171418353915, 8636260.218123996630311 ], [ 4607174.999597339890897, 8635447.973046537488699 ] ] ] } },
{ "type": "Feature", "properties": { "X1": 1.0, "log_hist_precip": -0.058788247949830882, "log_hist_temp": -1.5251023536088355, "lat": -1.460456310812946, "lon": 0.35733143244665361, "latlon": -0.52186694556854518, "log_co2e_ha_2017": 5.9533216806571225, "id_group": 73 }, "geometry": { "type": "Polygon", "coordinates": [ [ [ 4673126.881171418353915, 8636260.218123996630311 ], [ 4672394.090089915320277, 8703422.357961451634765 ], [ 4738495.680526463314891, 8704054.954786138609052 ], [ 4739080.428120668046176, 8636923.59587480686605 ], [ 4673126.881171418353915, 8636260.218123996630311 ] ] ] } },
{ "type": "Feature", "properties": { "X1": 1.0, "log_hist_precip": -0.31625413276756809, "log_hist_temp": -1.5416121423446985, "lat": -1.4604563108129147, "lon": 0.44483774328315839, "latlon": -0.64966608946566395, "log_co2e_ha_2017": 5.9958896079692554, "id_group": 73 }, "geometry": { "type": "Polygon", "coordinates": [ [ [ 4739080.428120669908822, 8636923.59587480686605 ], [ 4738495.680526466108859, 8704054.954786138609052 ], [ 4804598.477107248269022, 8704545.588237475603819 ], [ 4805035.30442051962018, 8637438.102919138967991 ], [ 4739080.428120669908822, 8636923.59587480686605 ] ] ] } },
{ "type": "Feature", "properties": { "X1": 1.0, "log_hist_precip": -0.73988351048617118, "log_hist_temp": -1.2677201121487394, "lat": -1.4604563108129711, "lon": 0.53234405411971653, "latlon": -0.77746523336290185, "log_co2e_ha_2017": 5.958006711456683, "id_group": 73 }, "geometry": { "type": "Polygon", "coordinates": [ [ [ 4805035.30442051962018, 8637438.102919138967991 ], [ 4804598.477107248269022, 8704545.588237475603819 ], [ 4870702.174944348633289, 8704894.256052505224943 ], [ 4870991.17403962649405, 8637803.736635645851493 ], [ 4805035.30442051962018, 8637438.102919138967991 ] ] ] } },
{ "type": "Feature", "properties": { "X1": 1.0, "log_hist_precip": -1.014932435828954, "log_hist_temp": -1.3612835953709868, "lat": -1.4604563108130764, "lon": 0.61985036495614443, "latlon": -0.90526437725998965, "log_co2e_ha_2017": 6.0736136161212952, "id_group": 73 }, "geometry": { "type": "Polygon", "coordinates": [ [ [ 4870991.17403962649405, 8637803.736635645851493 ], [ 4870702.174944349564612, 8704894.256052505224943 ], [ 4936806.469145693816245, 8705100.956623056903481 ], [ 4936947.70094158500433, 8638020.495161477476358 ], [ 4870991.17403962649405, 8637803.736635645851493 ] ] ] } },
{ "type": "Feature", "properties": { "X1": 1.0, "log_hist_precip": -0.9909158742272407, "log_hist_temp": -1.3123761740394753, "lat": -1.4604563108130759, "lon": 0.70735667579268724, "latlon": -1.033063521157189, "log_co2e_ha_2017": 6.0738183063422451, "id_group": 74 }, "geometry": { "type": "Polygon", "coordinates": [ [ [ 4936947.70094158500433, 8638020.495161477476358 ], [ 4936806.469145693816245, 8705100.956623056903481 ], [ 5002911.054816462099552, 8705165.688995745033026 ], [ 5002904.549086640588939, 8638088.377392280846834 ], [ 4936947.70094158500433, 8638020.495161477476358 ] ] ] } },
{ "type": "Feature", "properties": { "X1": 1.0, "log_hist_precip": -1.0051064702270103, "log_hist_temp": -1.1651297220158201, "lat": -1.4604563108129067, "lon": 0.79486298662922794, "latlon": -1.1608626650542511, "log_co2e_ha_2017": 5.9202262926299669, "id_group": 74 }, "geometry": { "type": "Polygon", "coordinates": [ [ [ 5002904.549086640588939, 8638088.377392280846834 ], [ 5002911.054816463030875, 8705165.688995745033026 ], [ 5069015.627060485072434, 8705088.452872019261122 ], [ 5068861.38243340421468, 8638007.382982194423676 ], [ 5002904.549086640588939, 8638088.377392280846834 ] ] ] } },
{ "type": "Feature", "properties": { "X1": 1.0, "log_hist_precip": -1.1416657585835133, "log_hist_temp": -0.87748385746956237, "lat": -1.460456310812914, "lon": 0.88236929746571846, "latlon": -1.288661808951366, "log_co2e_ha_2017": 5.8986582015584927, "id_group": 74 }, "geometry": { "type": "Polygon", "coordinates": [ [ [ 5068861.38243340421468, 8638007.382982194423676 ], [ 5069015.627060485072434, 8705088.452872019261122 ], [ 5135119.880981655791402, 8704869.24860811047256 ], [ 5134817.86494056135416, 8637777.512343874201179 ], [ 5068861.38243340421468, 8638007.382982194423676 ] ] ] } },
{ "type": "Feature", "properties": { "X1": 1.0, "log_hist_precip": -1.3727764402945726, "log_hist_temp": -0.35247171227744933, "lat": -1.460456310813014, "lon": 0.96987560830229913, "latlon": -1.4164609528487035, "log_co2e_ha_2017": 5.8556115933369917, "id_group": 74 }, "geometry": { "type": "Polygon", "coordinates": [ [ [ 5134817.864940562285483, 8637777.512343874201179 ], [ 5135119.880981656722724, 8704869.24860811047256 ], [ 5201223.511685337871313, 8704508.077215056866407 ], [ 5200773.660568583756685, 8637398.766648495569825 ], [ 5134817.864940562285483, 8637777.512343874201179 ] ] ] } },
{ "type": "Feature", "properties": { "X1": 1.0, "log_hist_precip": -1.393213496449236, "log_hist_temp": 0.012436968245635531, "lat": -1.4604563108130164, "lon": 1.057381919138807, "latlon": -1.5442600967458493, "log_co2e_ha_2017": 5.7675458229759613, "id_group": 75 }, "geometry": { "type": "Polygon", "coordinates": [ [ [ 5200773.660568583756685, 8637398.766648495569825 ], [ 5201223.511685337871313, 8704508.077215056866407 ], [ 5267326.214279768057168, 8704004.940358713269234 ], [ 5266728.433281444013119, 8636871.147825704887509 ], [ 5200773.660568583756685, 8637398.766648495569825 ] ] ] } },
{ "type": "Feature", "properties": { "X1": 1.0, "log_hist_precip": -1.5002438619944358, "log_hist_temp": 1.0178819746222283, "lat": -1.4604563108129713, "lon": 1.1448882299752678, "latlon": -1.6720592406428725, "log_co2e_ha_2017": 5.3136619961959344, "id_group": 75 }, "geometry": { "type": "Polygon", "coordinates": [ [ [ 5266728.433281444013119, 8636871.147825704887509 ], [ 5267326.214279768057168, 8704004.940358713269234 ], [ 5333427.683877465315163, 8703359.840359700843692 ], [ 5332681.847048326395452, 8636194.658563654869795 ], [ 5266728.433281444013119, 8636871.147825704887509 ] ] ] } },
{ "type": "Feature", "properties": { "X1": 1.0, "log_hist_precip": -1.8432161152574, "log_hist_temp": 0.76997826181964213, "lat": -1.5893891164647898, "lon": -0.78025060842815319, "latlon": 1.2401218251507371, "log_co2e_ha_2017": 6.2266845435945744, "id_group": 69 }, "geometry": { "type": "Polygon", "coordinates": [ [ [ 3818820.53699248097837, 8545908.912350514903665 ], [ 3816004.616193055175245, 8614091.646107189357281 ], [ 3881910.308150571770966, 8616689.759428089484572 ], [ 3884566.203529805410653, 8548626.3545056078583 ], [ 3818820.53699248097837, 8545908.912350514903665 ] ] ] } },
{ "type": "Feature", "properties": { "X1": 1.0, "log_hist_precip": -2.0033234954223818, "log_hist_temp": 0.27493160429894481, "lat": -1.5893891164648479, "lon": -0.69274429759150069, "latlon": 1.1010402470850169, "log_co2e_ha_2017": 6.1984235690714211, "id_group": 70 }, "geometry": { "type": "Polygon", "coordinates": [ [ [ 3884566.203529804013669, 8548626.3545056078583 ], [ 3881910.308150570373982, 8616689.759428089484572 ], [ 3947821.696626719553024, 8619139.105131227523088 ], [ 3950318.116729929111898, 8551188.203608619049191 ], [ 3884566.203529804013669, 8548626.3545056078583 ] ] ] } },
{ "type": "Feature", "properties": { "X1": 1.0, "log_hist_precip": -1.9653078291904427, "log_hist_temp": -0.12682650288645944, "lat": -1.5893891164648664, "lon": -0.60523798675513329, "latlon": 0.96195866901971583, "log_co2e_ha_2017": 6.1298220915599302, "id_group": 70 }, "geometry": { "type": "Polygon", "coordinates": [ [ [ 3950318.116729930043221, 8551188.203608619049191 ], [ 3947821.696626720950007, 8619139.105131227523088 ], [ 4013738.445811721961945, 8621439.670737512409687 ], [ 4016075.908368372824043, 8553594.445312675088644 ], [ 3950318.116729930043221, 8551188.203608619049191 ] ] ] } },
{ "type": "Feature", "properties": { "X1": 1.0, "log_hist_precip": -1.8206031348877854, "log_hist_temp": -0.50227436276457427, "lat": -1.5893891164648537, "lon": -0.51773167591856284, "latlon": 0.82287709095407258, "log_co2e_ha_2017": 6.1320387025712257, "id_group": 70 }, "geometry": { "type": "Polygon", "coordinates": [ [ [ 4016075.908368372824043, 8553594.445312675088644 ], [ 4013738.445811721961945, 8621439.670737512409687 ], [ 4079660.219868484884501, 8623591.444525863975286 ], [ 4081839.210187734104693, 8555845.066142311319709 ], [ 4016075.908368372824043, 8553594.445312675088644 ] ] ] } },
{ "type": "Feature", "properties": { "X1": 1.0, "log_hist_precip": -1.770668928095152, "log_hist_temp": -0.877434297318606, "lat": -1.5893891164648291, "lon": -0.43022536508208975, "latlon": 0.68379551288858109, "log_co2e_ha_2017": 6.0877626383882415, "id_group": 70 }, "geometry": { "type": "Polygon", "coordinates": [ [ [ 4081839.210187735036016, 8555845.066142311319709 ], [ 4079660.219868486281484, 8623591.444525863975286 ], [ 4145586.68293431866914, 8625594.415533283725381 ], [ 4147607.653899755328894, 8557940.053493574261665 ], [ 4081839.210187735036016, 8555845.066142311319709 ] ] ] } },
{ "type": "Feature", "properties": { "X1": 1.0, "log_hist_precip": -1.6826286538509871, "log_hist_temp": -1.4697420795550937, "lat": -1.5893891164647234, "lon": -0.34271905424547627, "latlon": 0.54471393482284314, "log_co2e_ha_2017": 6.2510953782935736, "id_group": 71 }, "geometry": { "type": "Polygon", "coordinates": [ [ [ 4147607.653899755328894, 8557940.053493574261665 ], [ 4145586.68293431866914, 8625594.415533283725381 ], [ 4211517.499122640118003, 8627448.573554888367653 ], [ 4213380.871187381446362, 8559879.395634101703763 ], [ 4147607.653899755328894, 8557940.053493574261665 ] ] ] } },
{ "type": "Feature", "properties": { "X1": 1.0, "log_hist_precip": -1.4305365227845999, "log_hist_temp": -1.5868311349830457, "lat": -1.5893891164646803, "lon": -0.25521274340899197, "latlon": 0.40563235675734488, "log_co2e_ha_2017": 6.138243044034235, "id_group": 71 }, "geometry": { "type": "Polygon", "coordinates": [ [ [ 4213380.871187381446362, 8559879.395634101703763 ], [ 4211517.499122640118003, 8627448.573554888367653 ], [ 4277452.332524687051773, 8629153.909144001081586 ], [ 4279158.493706823326647, 8561663.081703174859285 ], [ 4213380.871187381446362, 8559879.395634101703763 ] ] ] } },
{ "type": "Feature", "properties": { "X1": 1.0, "log_hist_precip": -0.71199089849722508, "log_hist_temp": -2.6209745107434825, "lat": -1.5893891164647898, "lon": -0.16770643257249224, "latlon": 0.26655077869185528, "log_co2e_ha_2017": 6.0028165354442065, "id_group": 71 }, "geometry": { "type": "Polygon", "coordinates": [ [ [ 4279158.493706823326647, 8561663.081703174859285 ], [ 4277452.332524687051773, 8629153.909144001081586 ], [ 4343390.847211233340204, 8630710.41361216083169 ], [ 4344940.153089625760913, 8563291.101711768656969 ], [ 4279158.493706823326647, 8561663.081703174859285 ] ] ] } },
{ "type": "Feature", "properties": { "X1": 1.0, "log_hist_precip": -0.50489610860635437, "log_hist_temp": -2.3467856269854561, "lat": -1.589389116464865, "lon": -0.080200121735919755, "latlon": 0.12746920062622813, "log_co2e_ha_2017": 5.9250014698858342, "id_group": 71 }, "geometry": { "type": "Polygon", "coordinates": [ [ [ 4344940.153089625760913, 8563291.101711768656969 ], [ 4343390.847211233340204, 8630710.41361216083169 ], [ 4409332.707234293222427, 8632118.079029189422727 ], [ 4410725.480944719165564, 8564763.446542635560036 ], [ 4344940.153089625760913, 8563291.101711768656969 ] ] ] } },
{ "type": "Feature", "properties": { "X1": 1.0, "log_hist_precip": -0.40457790134517768, "log_hist_temp": -1.6394989893351215, "lat": -1.5893891164648133, "lon": 0.094812499937125788, "latlon": -0.15069395550488851, "log_co2e_ha_2017": 5.9659553698761458, "id_group": 72 }, "geometry": { "type": "Polygon", "coordinates": [ [ [ 4476514.108860498294234, 8566080.107950346544385 ], [ 4475277.576628842391074, 8633376.898223202675581 ], [ 4541225.119414516724646, 8634486.864780694246292 ], [ 4542305.668406868353486, 8567241.078561305999756 ], [ 4476514.108860498294234, 8566080.107950346544385 ] ] ] } },
{ "type": "Feature", "properties": { "X1": 1.0, "log_hist_precip": -0.2712464168824415, "log_hist_temp": -1.7333836808640302, "lat": -1.5893891164647924, "lon": 0.1823188107736019, "latlon": -0.28977553357036678, "log_co2e_ha_2017": 5.9464415429783797, "id_group": 72 }, "geometry": { "type": "Polygon", "coordinates": [ [ [ 4542305.668406870216131, 8567241.078561305999756 ], [ 4541225.119414518587291, 8634486.864780694246292 ], [ 4607174.999597339890897, 8635447.973046537488699 ], [ 4608099.791137325577438, 8568246.351873833686113 ], [ 4542305.668406870216131, 8567241.078561305999756 ] ] ] } },
{ "type": "Feature", "properties": { "X1": 1.0, "log_hist_precip": -0.18307535437446493, "log_hist_temp": -1.6968545319290513, "lat": -1.5893891164648593, "lon": 0.26982512161012312, "latlon": -0.42885711163593676, "log_co2e_ha_2017": 6.0425908515902567, "id_group": 72 }, "geometry": { "type": "Polygon", "coordinates": [ [ [ 4608099.791137325577438, 8568246.351873833686113 ], [ 4607174.999597339890897, 8635447.973046537488699 ], [ 4673126.881171418353915, 8636260.218123996630311 ], [ 4673896.108591004274786, 8569095.922258207574487 ], [ 4608099.791137325577438, 8568246.351873833686113 ] ] ] } },
{ "type": "Feature", "properties": { "X1": 1.0, "log_hist_precip": -0.019723717686468425, "log_hist_temp": -1.6472549810015891, "lat": -1.5893891164648823, "lon": 0.35733143244660848, "latlon": -0.56793868970144579, "log_co2e_ha_2017": 5.996327211654239, "id_group": 73 }, "geometry": { "type": "Polygon", "coordinates": [ [ [ 4673896.108591004274786, 8569095.922258207574487 ], [ 4673126.881171418353915, 8636260.218123996630311 ], [ 4739080.428120668046176, 8636923.59587480686605 ], [ 4739694.252294749952853, 8569789.784956637769938 ], [ 4673896.108591004274786, 8569095.922258207574487 ] ] ] } },
{ "type": "Feature", "properties": { "X1": 1.0, "log_hist_precip": -0.19789812382845057, "log_hist_temp": -1.8207801144111051, "lat": -1.5893891164649083, "lon": 0.44483774328320252, "latlon": -0.707020267767133, "log_co2e_ha_2017": 5.9124053386154456, "id_group": 73 }, "geometry": { "type": "Polygon", "coordinates": [ [ [ 4739694.252294751815498, 8569789.784956637769938 ], [ 4739080.428120669908822, 8636923.59587480686605 ], [ 4805035.30442051962018, 8637438.102919138967991 ], [ 4805493.853765185922384, 8570327.936083361506462 ], [ 4739694.252294751815498, 8569789.784956637769938 ] ] ] } },
{ "type": "Feature", "properties": { "X1": 1.0, "log_hist_precip": -0.66983059849499871, "log_hist_temp": -1.8560882805645029, "lat": -1.5893891164648257, "lon": 0.53234405411965191, "latlon": -0.84610184583253689, "log_co2e_ha_2017": 5.9596228070213924, "id_group": 73 }, "geometry": { "type": "Polygon", "coordinates": [ [ [ 4805493.853765185922384, 8570327.936083361506462 ], [ 4805035.30442051962018, 8637438.102919138967991 ], [ 4870991.17403962649405, 8637803.736635645851493 ], [ 4871294.544510764069855, 8570710.372624611482024 ], [ 4805493.853765185922384, 8570327.936083361506462 ] ] ] } },
{ "type": "Feature", "properties": { "X1": 1.0, "log_hist_precip": -1.0268375987622669, "log_hist_temp": -1.8375605318507091, "lat": -1.5893891164647675, "lon": 0.61985036495621826, "latlon": -0.98518342389812741, "log_co2e_ha_2017": 5.9091541450853766, "id_group": 73 }, "geometry": { "type": "Polygon", "coordinates": [ [ [ 4871294.544510765001178, 8570710.372624611482024 ], [ 4870991.17403962649405, 8637803.736635645851493 ], [ 4936947.70094158500433, 8638020.495161477476358 ], [ 4937095.95603384077549, 8570937.092438656836748 ], [ 4871294.544510765001178, 8570710.372624611482024 ] ] ] } },
{ "type": "Feature", "properties": { "X1": 1.0, "log_hist_precip": -1.1947670032166982, "log_hist_temp": -1.7419149777599132, "lat": -1.5893891164648362, "lon": 0.70735667579266881, "latlon": -1.1242650019636133, "log_co2e_ha_2017": 5.9323588729032162, "id_group": 74 }, "geometry": { "type": "Polygon", "coordinates": [ [ [ 4937095.95603384077549, 8570937.092438656836748 ], [ 4936947.70094158500433, 8638020.495161477476358 ], [ 5002904.549086640588939, 8638088.377392280846834 ], [ 5002897.719832732342184, 8571008.094255834817886 ], [ 4937095.95603384077549, 8570937.092438656836748 ] ] ] } },
{ "type": "Feature", "properties": { "X1": 1.0, "log_hist_precip": -1.3074405906152513, "log_hist_temp": -1.6191794613542672, "lat": -1.5893891164649514, "lon": 0.79486298662921362, "latlon": -1.2633465800292982, "log_co2e_ha_2017": 5.9154960235889051, "id_group": 74 }, "geometry": { "type": "Polygon", "coordinates": [ [ [ 5002897.719832732342184, 8571008.094255834817886 ], [ 5002904.549086640588939, 8638088.377392280846834 ], [ 5068861.38243340421468, 8638007.382982194423676 ], [ 5068699.467403787188232, 8570923.377678509801626 ], [ 5002897.719832732342184, 8571008.094255834817886 ] ] ] } },
{ "type": "Feature", "properties": { "X1": 1.0, "log_hist_precip": -1.4672598630307294, "log_hist_temp": -1.2022551012766922, "lat": -1.5893891164649472, "lon": 0.88236929746572867, "latlon": -1.4024281580948506, "log_co2e_ha_2017": 5.7064463259535803, "id_group": 74 }, "geometry": { "type": "Polygon", "coordinates": [ [ [ 5068699.467403787188232, 8570923.377678509801626 ], [ 5068861.38243340421468, 8638007.382982194423676 ], [ 5134817.86494056135416, 8637777.512343874201179 ], [ 5134500.83024344034493, 8570682.943181114271283 ], [ 5068699.467403787188232, 8570923.377678509801626 ] ] ] } },
{ "type": "Feature", "properties": { "X1": 1.0, "log_hist_precip": -1.5486018978061815, "log_hist_temp": -0.76015598710257781, "lat": -1.5893891164648108, "lon": 0.96987560830226116, "latlon": -1.5415097361603018, "log_co2e_ha_2017": 5.8189296618430388, "id_group": 74 }, "geometry": { "type": "Polygon", "coordinates": [ [ [ 5134500.830243441276252, 8570682.943181114271283 ], [ 5134817.864940562285483, 8637777.512343874201179 ], [ 5200773.660568583756685, 8637398.766648495569825 ], [ 5200301.439850283786654, 8570286.792110130190849 ], [ 5134500.830243441276252, 8570682.943181114271283 ] ] ] } },
{ "type": "Feature", "properties": { "X1": 1.0, "log_hist_precip": -1.6100710796627711, "log_hist_temp": -0.3133626136255383, "lat": -1.5893891164648006, "lon": 1.0573819191388418, "latlon": -1.680591314225939, "log_co2e_ha_2017": 5.7213425697169829, "id_group": 75 }, "geometry": { "type": "Polygon", "coordinates": [ [ [ 5200301.439850283786654, 8570286.792110130190849 ], [ 5200773.660568583756685, 8637398.766648495569825 ], [ 5266728.433281444013119, 8636871.147825704887509 ], [ 5266100.927727126516402, 8569734.926684096455574 ], [ 5200301.439850283786654, 8570286.792110130190849 ] ] ] } },
{ "type": "Feature", "properties": { "X1": 1.0, "log_hist_precip": -1.6717660275561794, "log_hist_temp": 0.69764419864968774, "lat": -1.5893891164648635, "lon": 1.1448882299752472, "latlon": -1.8196728922913796, "log_co2e_ha_2017": 5.0528637065543958, "id_group": 75 }, "geometry": { "type": "Polygon", "coordinates": [ [ [ 5266100.927727126516402, 8569734.926684096455574 ], [ 5266728.433281444013119, 8636871.147825704887509 ], [ 5332681.847048326395452, 8636194.658563654869795 ], [ 5331898.925383060239255, 8569027.34999356046319 ], [ 5266100.927727126516402, 8569734.926684096455574 ] ] ] } },
{ "type": "Feature", "properties": { "X1": 1.0, "log_hist_precip": -2.0700455923796834, "log_hist_temp": -0.35657522202120534, "lat": -1.7183218998407348, "lon": -0.51773167591855773, "latlon": 0.88962967697210371, "log_co2e_ha_2017": 6.0548887508159197, "id_group": 70 }, "geometry": { "type": "Polygon", "coordinates": [ [ [ 4018523.715400543995202, 8485753.899382067844272 ], [ 4016075.908368372824043, 8553594.445312675088644 ], [ 4081839.210187734104693, 8555845.066142311319709 ], [ 4084121.080978489946574, 8488102.358250260353088 ], [ 4018523.715400543995202, 8485753.899382067844272 ] ] ] } },
{ "type": "Feature", "properties": { "X1": 1.0, "log_hist_precip": -1.9785356587293341, "log_hist_temp": -0.37574459841023183, "lat": -1.7183218998407634, "lon": -0.43022536508208054, "latlon": 0.73926566668752669, "log_co2e_ha_2017": 6.0335325942504143, "id_group": 70 }, "geometry": { "type": "Polygon", "coordinates": [ [ [ 4084121.080978491343558, 8488102.358250260353088 ], [ 4081839.210187735036016, 8555845.066142311319709 ], [ 4147607.653899755328894, 8557940.053493574261665 ], [ 4149724.05918135214597, 8490288.423376746475697 ], [ 4084121.080978491343558, 8488102.358250260353088 ] ] ] } },
{ "type": "Feature", "properties": { "X1": 1.0, "log_hist_precip": -1.7083414851663203, "log_hist_temp": -0.44341054738756736, "lat": -1.7183218998408447, "lon": -0.34271905424550703, "latlon": 0.58890165640279712, "log_co2e_ha_2017": 6.1031622887673693, "id_group": 71 }, "geometry": { "type": "Polygon", "coordinates": [ [ [ 4149724.05918135214597, 8490288.423376746475697 ], [ 4147607.653899755328894, 8557940.053493574261665 ], [ 4213380.871187381446362, 8559879.395634101703763 ], [ 4215332.247985562309623, 8492312.081365037709475 ], [ 4149724.05918135214597, 8490288.423376746475697 ] ] ] } },
{ "type": "Feature", "properties": { "X1": 1.0, "log_hist_precip": -1.1441354360496521, "log_hist_temp": -0.7929594793592023, "lat": -1.7183218998408538, "lon": -0.25521274340898581, "latlon": 0.43853764611812485, "log_co2e_ha_2017": 5.9268697146815912, "id_group": 71 }, "geometry": { "type": "Polygon", "coordinates": [ [ [ 4215332.247985562309623, 8492312.081365037709475 ], [ 4213380.871187381446362, 8559879.395634101703763 ], [ 4279158.493706823326647, 8561663.081703174859285 ], [ 4280945.24533561989665, 8494173.319813894107938 ], [ 4215332.247985562309623, 8492312.081365037709475 ] ] ] } },
{ "type": "Feature", "properties": { "X1": 1.0, "log_hist_precip": -0.78946493516731753, "log_hist_temp": -1.5057667967056623, "lat": -1.7183218998408216, "lon": -0.16770643257244508, "latlon": 0.28817363583341049, "log_co2e_ha_2017": 6.0084080931303507, "id_group": 71 }, "geometry": { "type": "Polygon", "coordinates": [ [ [ 4280945.24533561989665, 8494173.319813894107938 ], [ 4279158.493706823326647, 8561663.081703174859285 ], [ 4344940.153089625760913, 8563291.101711768656969 ], [ 4346562.649146564304829, 8495872.1273173969239 ], [ 4280945.24533561989665, 8494173.319813894107938 ] ] ] } },
{ "type": "Feature", "properties": { "X1": 1.0, "log_hist_precip": -0.56235982583418587, "log_hist_temp": -2.8382312751616041, "lat": -1.7183218998407699, "lon": -0.08020012173595667, "latlon": 0.13780962554879009, "log_co2e_ha_2017": 5.9737270831904983, "id_group": 71 }, "geometry": { "type": "Polygon", "coordinates": [ [ [ 4346562.649146564304829, 8495872.1273173969239 ], [ 4344940.153089625760913, 8563291.101711768656969 ], [ 4410725.480944719165564, 8564763.446542635560036 ], [ 4412184.057306420989335, 8497408.493465043604374 ], [ 4346562.649146564304829, 8495872.1273173969239 ] ] ] } },
{ "type": "Feature", "properties": { "X1": 1.0, "log_hist_precip": -0.31112393201199762, "log_hist_temp": -2.2439122034040833, "lat": -1.7183218998408269, "lon": 0.18231881077360704, "latlon": -0.31328240530522466, "log_co2e_ha_2017": 5.9024731892713076, "id_group": 72 }, "geometry": { "type": "Polygon", "coordinates": [ [ [ 4543437.278104777447879, 8499993.865028074011207 ], [ 4542305.668406870216131, 8567241.078561305999756 ], [ 4608099.791137325577438, 8568246.351873833686113 ], [ 4609068.286406496539712, 8501042.854599956423044 ], [ 4543437.278104777447879, 8499993.865028074011207 ] ] ] } },
{ "type": "Feature", "properties": { "X1": 1.0, "log_hist_precip": -0.34238572629013231, "log_hist_temp": -1.8672338976858198, "lat": -1.7183218998407612, "lon": 0.2698251216101139, "latlon": -0.46364641558985537, "log_co2e_ha_2017": 5.8790394342717409, "id_group": 72 }, "geometry": { "type": "Polygon", "coordinates": [ [ [ 4609068.286406496539712, 8501042.854599956423044 ], [ 4608099.791137325577438, 8568246.351873833686113 ], [ 4673896.108591004274786, 8569095.922258207574487 ], [ 4674701.690388507209718, 8501929.371129103004932 ], [ 4609068.286406496539712, 8501042.854599956423044 ] ] ] } },
{ "type": "Feature", "properties": { "X1": 1.0, "log_hist_precip": -0.38788801659578775, "log_hist_temp": -1.7772253551579509, "lat": -1.7183218998406868, "lon": 0.35733143244658389, "latlon": -0.61401042587440802, "log_co2e_ha_2017": 5.9572864319932188, "id_group": 73 }, "geometry": { "type": "Polygon", "coordinates": [ [ [ 4674701.690388507209718, 8501929.371129103004932 ], [ 4673896.108591004274786, 8569095.922258207574487 ], [ 4739694.252294749952853, 8569789.784956637769938 ], [ 4740337.087840789929032, 8502653.40918280556798 ], [ 4674701.690388507209718, 8501929.371129103004932 ] ] ] } },
{ "type": "Feature", "properties": { "X1": 1.0, "log_hist_precip": -0.49689383914996726, "log_hist_temp": -2.0999475170737112, "lat": -1.7183218998407612, "lon": 0.44483774328325071, "latlon": -0.76437443615935219, "log_co2e_ha_2017": 5.9782956202985709, "id_group": 73 }, "geometry": { "type": "Polygon", "coordinates": [ [ [ 4740337.087840790860355, 8502653.40918280556798 ], [ 4739694.252294751815498, 8569789.784956637769938 ], [ 4805493.853765185922384, 8570327.936083361506462 ], [ 4805974.076541108079255, 8503214.96432407386601 ], [ 4740337.087840790860355, 8502653.40918280556798 ] ] ] } },
{ "type": "Feature", "properties": { "X1": 1.0, "log_hist_precip": -0.78692220144207881, "log_hist_temp": -2.2663015995122233, "lat": -1.7183218998407994, "lon": 0.53234405411957508, "latlon": -0.91473844644370161, "log_co2e_ha_2017": 5.8996416131211298, "id_group": 73 }, "geometry": { "type": "Polygon", "coordinates": [ [ [ 4805974.076541108079255, 8503214.96432407386601 ], [ 4805493.853765185922384, 8570327.936083361506462 ], [ 4871294.544510764069855, 8570710.372624611482024 ], [ 4871612.254257473163307, 8503614.033111624419689 ], [ 4805974.076541108079255, 8503214.96432407386601 ] ] ] } },
{ "type": "Feature", "properties": { "X1": 1.0, "log_hist_precip": -1.0644036695096062, "log_hist_temp": -2.3861839293535279, "lat": -1.7183218998407619, "lon": 0.61985036495620294, "latlon": -1.0651024567285323, "log_co2e_ha_2017": 5.9007561395033576, "id_group": 73 }, "geometry": { "type": "Polygon", "coordinates": [ [ [ 4871612.254257474094629, 8503614.033111624419689 ], [ 4871294.544510765001178, 8570710.372624611482024 ], [ 4937095.95603384077549, 8570937.092438656836748 ], [ 4937251.218750610947609, 8503850.613099910318851 ], [ 4871612.254257474094629, 8503614.033111624419689 ] ] ] } },
{ "type": "Feature", "properties": { "X1": 1.0, "log_hist_precip": -1.254896866337379, "log_hist_temp": -2.2557044536781778, "lat": -1.7183218998407668, "lon": 0.70735667579273231, "latlon": -1.2154664670132171, "log_co2e_ha_2017": 5.6838631738872696, "id_group": 74 }, "geometry": { "type": "Polygon", "coordinates": [ [ [ 4937251.218750610947609, 8503850.613099910318851 ], [ 4937095.95603384077549, 8570937.092438656836748 ], [ 5002897.719832732342184, 8571008.094255834817886 ], [ 5002890.567776427604258, 8503924.702839141711593 ], [ 4937251.218750610947609, 8503850.613099910318851 ] ] ] } },
{ "type": "Feature", "properties": { "X1": 1.0, "log_hist_precip": -1.4116420639513689, "log_hist_temp": -2.0780013366908823, "lat": -1.7183218998407672, "lon": 0.79486298662923205, "latlon": -1.3658304772978485, "log_co2e_ha_2017": 5.6308890209719369, "id_group": 74 }, "geometry": { "type": "Polygon", "coordinates": [ [ [ 5002890.567776428535581, 8503924.702839141711593 ], [ 5002897.719832732342184, 8571008.094255834817886 ], [ 5068699.467403787188232, 8570923.377678509801626 ], [ 5068529.899088469333947, 8503836.301875287666917 ], [ 5002890.567776428535581, 8503924.702839141711593 ] ] ] } },
{ "type": "Feature", "properties": { "X1": 1.0, "log_hist_precip": -1.5679669172291681, "log_hist_temp": -1.5908027012745831, "lat": -1.7183218998408005, "lon": 0.88236929746573067, "latlon": -1.5161944875825069, "log_co2e_ha_2017": 5.7300513884615025, "id_group": 74 }, "geometry": { "type": "Polygon", "coordinates": [ [ [ 5068529.899088469333947, 8503836.301875287666917 ], [ 5068699.467403787188232, 8570923.377678509801626 ], [ 5134500.83024344034493, 8570682.943181114271283 ], [ 5134168.810440392233431, 8503585.410750074312091 ], [ 5068529.899088469333947, 8503836.301875287666917 ] ] ] } },
{ "type": "Feature", "properties": { "X1": 1.0, "log_hist_precip": -1.7363709196467454, "log_hist_temp": -1.1725748654195125, "lat": -1.7183218998408625, "lon": 0.96987560830226116, "latlon": -1.6665584978672536, "log_co2e_ha_2017": 5.7341696516880161, "id_group": 74 }, "geometry": { "type": "Polygon", "coordinates": [ [ [ 5134168.810440393164754, 8503585.410750074312091 ], [ 5134500.830243441276252, 8570682.943181114271283 ], [ 5200301.439850283786654, 8570286.792110130190849 ], [ 5199806.899588427506387, 8503172.031000999733806 ], [ 5134168.810440393164754, 8503585.410750074312091 ] ] ] } },
{ "type": "Feature", "properties": { "X1": 1.0, "log_hist_precip": -1.8196270536497565, "log_hist_temp": -0.72517636104375593, "lat": -1.7183218998408563, "lon": 1.0573819191388347, "latlon": -1.8169225081520131, "log_co2e_ha_2017": 5.6535073374921909, "id_group": 75 }, "geometry": { "type": "Polygon", "coordinates": [ [ [ 5199806.899588427506387, 8503172.031000999733806 ], [ 5200301.439850283786654, 8570286.792110130190849 ], [ 5266100.927727126516402, 8569734.926684096455574 ], [ 5265443.764293842948973, 8502596.165161307901144 ], [ 5199806.899588427506387, 8503172.031000999733806 ] ] ] } },
{ "type": "Feature", "properties": { "X1": 1.0, "log_hist_precip": -1.4590568155805579, "log_hist_temp": -1.4056357171700193, "lat": -1.8472546598846755, "lon": -0.25521274340902889, "latlon": 0.47144292952428063, "log_co2e_ha_2017": 5.9884230675202694, "id_group": 71 }, "geometry": { "type": "Polygon", "coordinates": [ [ [ 4217371.413413004018366, 8424746.71170886605978 ], [ 4215332.247985562309623, 8492312.081365037709475 ], [ 4280945.24533561989665, 8494173.319813894107938 ], [ 4282812.390973026864231, 8426684.6697265971452 ], [ 4217371.413413004018366, 8424746.71170886605978 ] ] ] } },
{ "type": "Feature", "properties": { "X1": 1.0, "log_hist_precip": -1.1758354675914431, "log_hist_temp": -0.81641585853637677, "lat": -1.8472546598846162, "lon": -0.16770643257246662, "latlon": 0.30979648906211416, "log_co2e_ha_2017": 6.0665970292860436, "id_group": 71 }, "geometry": { "type": "Polygon", "coordinates": [ [ [ 4282812.390973026864231, 8426684.6697265971452 ], [ 4280945.24533561989665, 8494173.319813894107938 ], [ 4346562.649146564304829, 8495872.1273173969239 ], [ 4348258.158193156123161, 8428453.505009688436985 ], [ 4282812.390973026864231, 8426684.6697265971452 ] ] ] } },
{ "type": "Feature", "properties": { "X1": 1.0, "log_hist_precip": -0.89062584777742537, "log_hist_temp": -2.2868688576084901, "lat": -1.8472546598846016, "lon": -0.080200121735980248, "latlon": 0.14815004860010184, "log_co2e_ha_2017": 5.9719137948682777, "id_group": 71 }, "geometry": { "type": "Polygon", "coordinates": [ [ [ 4348258.158193156123161, 8428453.505009688436985 ], [ 4346562.649146564304829, 8495872.1273173969239 ], [ 4412184.057306420989335, 8497408.493465043604374 ], [ 4413708.278000891208649, 8430053.205745164304972 ], [ 4348258.158193156123161, 8428453.505009688436985 ] ] ] } },
{ "type": "Feature", "properties": { "X1": 1.0, "log_hist_precip": -0.53297380510087855, "log_hist_temp": -2.6751286458999841, "lat": -1.8472546598846333, "lon": 0.2698251216100585, "latlon": -0.49843571324811847, "log_co2e_ha_2017": 5.8195086212843856, "id_group": 72 }, "geometry": { "type": "Polygon", "coordinates": [ [ [ 4610080.381806242279708, 8433837.399479752406478 ], [ 4609068.286406496539712, 8501042.854599956423044 ], [ 4674701.690388507209718, 8501929.371129103004932 ], [ 4675543.540701839141548, 8434760.466486964374781 ], [ 4610080.381806242279708, 8433837.399479752406478 ] ] ] } },
{ "type": "Feature", "properties": { "X1": 1.0, "log_hist_precip": -0.75997465920946372, "log_hist_temp": -2.1595693382350345, "lat": -1.8472546598846895, "lon": 0.35733143244662691, "latlon": -0.66008215371030265, "log_co2e_ha_2017": 5.8405005578887099, "id_group": 73 }, "geometry": { "type": "Polygon", "coordinates": [ [ [ 4675543.540701839141548, 8434760.466486964374781 ], [ 4674701.690388507209718, 8501929.371129103004932 ], [ 4740337.087840789929032, 8502653.40918280556798 ], [ 4741008.866444909013808, 8435514.356826197355986 ], [ 4675543.540701839141548, 8434760.466486964374781 ] ] ] } },
{ "type": "Feature", "properties": { "X1": 1.0, "log_hist_precip": -0.92833435720683355, "log_hist_temp": -2.2822761557228421, "lat": -1.8472546598846693, "lon": 0.44483774328321479, "latlon": -0.82172859417249877, "log_co2e_ha_2017": 5.8090706606542755, "id_group": 73 }, "geometry": { "type": "Polygon", "coordinates": [ [ [ 4741008.86644490994513, 8435514.356826197355986 ], [ 4740337.087840790860355, 8502653.40918280556798 ], [ 4805974.076541108079255, 8503214.96432407386601 ], [ 4806475.921832337975502, 8436099.065462674945593 ], [ 4741008.86644490994513, 8435514.356826197355986 ] ] ] } },
{ "type": "Feature", "properties": { "X1": 1.0, "log_hist_precip": -1.2545817212068926, "log_hist_temp": -3.2072189434882641, "lat": -1.8472546598846287, "lon": 0.70735667579269745, "latlon": -1.306667915558561, "log_co2e_ha_2017": 5.7347347854777233, "id_group": 74 }, "geometry": { "type": "Polygon", "coordinates": [ [ [ 4937413.472672951407731, 8436760.923137599602342 ], [ 4937251.218750610947609, 8503850.613099910318851 ], [ 5002890.567776427604258, 8503924.702839141711593 ], [ 5002883.093673822470009, 8436838.067755905911326 ], [ 4937413.472672951407731, 8436760.923137599602342 ] ] ] } },
{ "type": "Feature", "properties": { "X1": 1.0, "log_hist_precip": -1.4412886657753297, "log_hist_temp": -2.4751450919924678, "lat": -1.8472546598846726, "lon": 0.79486298662929666, "latlon": -1.4683143560208165, "log_co2e_ha_2017": 5.5370061291977084, "id_group": 74 }, "geometry": { "type": "Polygon", "coordinates": [ [ [ 5002883.093673823401332, 8436838.067755905911326 ], [ 5002890.567776428535581, 8503924.702839141711593 ], [ 5068529.899088469333947, 8503836.301875287666917 ], [ 5068352.695420266129076, 8436746.021831188350916 ], [ 5002883.093673823401332, 8436838.067755905911326 ] ] ] } },
{ "type": "Feature", "properties": { "X1": 1.0, "log_hist_precip": -1.6756663735303239, "log_hist_temp": -1.9882281110873787, "lat": -1.8472546598846915, "lon": 0.88236929746570403, "latlon": -1.6299607964827032, "log_co2e_ha_2017": 5.5643075281308301, "id_group": 74 }, "geometry": { "type": "Polygon", "coordinates": [ [ [ 5068352.695420266129076, 8436746.021831188350916 ], [ 5068529.899088469333947, 8503836.301875287666917 ], [ 5134168.810440392233431, 8503585.410750074312091 ], [ 5133821.840680602937937, 8436484.785978177562356 ], [ 5068352.695420266129076, 8436746.021831188350916 ] ] ] } },
{ "type": "Feature", "properties": { "X1": 1.0, "log_hist_precip": -1.6023692048831457, "log_hist_temp": -1.3426365793546295, "lat": -1.9761873955417577, "lon": -0.16770643257249634, "latlon": 0.33141933820104097, "log_co2e_ha_2017": 5.994344654872247, "id_group": 76 }, "geometry": { "type": "Polygon", "coordinates": [ [ [ 4284759.725316806696355, 8359197.177184293977916 ], [ 4282812.390973026864231, 8426684.6697265971452 ], [ 4348258.158193156123161, 8428453.505009688436985 ], [ 4350026.495035173371434, 8361035.249199837446213 ], [ 4284759.725316806696355, 8359197.177184293977916 ] ] ] } },
{ "type": "Feature", "properties": { "X1": 1.0, "log_hist_precip": -1.396332436980547, "log_hist_temp": -1.0350976514165415, "lat": -1.9761873955417686, "lon": -0.080200121735954616, "latlon": 0.15849046969550892, "log_co2e_ha_2017": 5.9411460485448684, "id_group": 76 }, "geometry": { "type": "Polygon", "coordinates": [ [ [ 4350026.495035173371434, 8361035.249199837446213 ], [ 4348258.158193156123161, 8428453.505009688436985 ], [ 4413708.278000891208649, 8430053.205745164304972 ], [ 4415297.977548847906291, 8362697.569467225112021 ], [ 4350026.495035173371434, 8361035.249199837446213 ] ] ] } },
{ "type": "Feature", "properties": { "X1": 1.0, "log_hist_precip": -1.0779098492000538, "log_hist_temp": -3.0591248672579465, "lat": -1.9761873955417566, "lon": 0.0073061891005604656, "latlon": -0.014438398809972155, "log_co2e_ha_2017": 5.8913679305696967, "id_group": 77 }, "geometry": { "type": "Polygon", "coordinates": [ [ [ 4415297.977548849768937, 8362697.569467225112021 ], [ 4413708.278000893071294, 8430053.205745164304972 ], [ 4479162.313294666819274, 8431483.761249594390392 ], [ 4480573.699590642005205, 8364184.125933382660151 ], [ 4415297.977548849768937, 8362697.569467225112021 ] ] ] } },
{ "type": "Feature", "properties": { "X1": 1.0, "log_hist_precip": -1.0437525982042286, "log_hist_temp": -2.4460169652123644, "lat": -1.9761873955418192, "lon": 0.18231881077355575, "latlon": -0.36029613582087489, "log_co2e_ha_2017": 5.6069916334409236, "id_group": 77 }, "geometry": { "type": "Polygon", "coordinates": [ [ [ 4545853.18786261882633, 8365494.907819664105773 ], [ 4544619.826946766115725, 8432745.161969162523746 ], [ 4610080.381806242279708, 8433837.399479754269123 ], [ 4611135.969039536081254, 8366629.905621912330389 ], [ 4545853.18786261882633, 8365494.907819664105773 ] ] ] } },
{ "type": "Feature", "properties": { "X1": 1.0, "log_hist_precip": -1.2012230691756089, "log_hist_temp": -2.0517886701172601, "lat": -1.9761873955417839, "lon": 0.2698251216100585, "latlon": -0.53322500432632658, "log_co2e_ha_2017": 5.6775745820551142, "id_group": 77 }, "geometry": { "type": "Polygon", "coordinates": [ [ [ 4611135.969039536081254, 8366629.905621912330389 ], [ 4610080.381806242279708, 8433837.399479754269123 ], [ 4675543.540701839141548, 8434760.466486964374781 ], [ 4676421.569772277958691, 8367589.11111054290086 ], [ 4611135.969039536081254, 8366629.905621912330389 ] ] ] } },
{ "type": "Feature", "properties": { "X1": 1.0, "log_hist_precip": -1.4649973270605199, "log_hist_temp": -1.8696711939326123, "lat": -1.9761873955417404, "lon": 0.35733143244664639, "latlon": -0.70615387283193742, "log_co2e_ha_2017": 5.7381898325012779, "id_group": 78 }, "geometry": { "type": "Polygon", "coordinates": [ [ [ 4676421.569772277958691, 8367589.11111054290086 ], [ 4675543.540701839141548, 8434760.466486964374781 ], [ 4741008.866444909013808, 8435514.356826197355986 ], [ 4741709.516691281460226, 8368372.517330602742732 ], [ 4676421.569772277958691, 8367589.11111054290086 ] ] ] } },
{ "type": "Feature", "properties": { "X1": 1.0, "log_hist_precip": -2.0765367300982263, "log_hist_temp": -0.64013479589676325, "lat": -2.1051201057585325, "lon": -0.16770643257250764, "latlon": 0.3530421830734235, "log_co2e_ha_2017": 5.8003544842809482, "id_group": 76 }, "geometry": { "type": "Polygon", "coordinates": [ [ [ 4286787.034219801425934, 8291710.887401776388288 ], [ 4284759.725316806696355, 8359197.177184293977916 ], [ 4350026.495035173371434, 8361035.249199837446213 ], [ 4351867.466489165090024, 8293617.37412279099226 ], [ 4286787.034219801425934, 8291710.887401776388288 ] ] ] } },
{ "type": "Feature", "properties": { "X1": 1.0, "log_hist_precip": -1.8135945754850964, "log_hist_temp": -0.21547500753766879, "lat": -2.1051201057585676, "lon": -0.080200121735912566, "latlon": 0.16883088875055424, "log_co2e_ha_2017": 5.8650999328467144, "id_group": 76 }, "geometry": { "type": "Polygon", "coordinates": [ [ [ 4351867.466489165090024, 8293617.37412279099226 ], [ 4350026.495035173371434, 8361035.249199837446213 ], [ 4415297.977548847906291, 8362697.569467225112021 ], [ 4416952.983323612250388, 8295341.570856714621186 ], [ 4351867.466489165090024, 8293617.37412279099226 ] ] ] } },
{ "type": "Feature", "properties": { "X1": 1.0, "log_hist_precip": -1.589101326713358, "log_hist_temp": -1.4626121450927343, "lat": -2.1051201057585693, "lon": 0.0073061891005112454, "latlon": -0.01538040557196034, "log_co2e_ha_2017": 5.832994206136207, "id_group": 77 }, "geometry": { "type": "Polygon", "coordinates": [ [ [ 4416952.98332361318171, 8295341.570856714621186 ], [ 4415297.977548849768937, 8362697.569467225112021 ], [ 4480573.699590642005205, 8364184.125933382660151 ], [ 4482043.074130744673312, 8296883.46407731436193 ], [ 4416952.98332361318171, 8295341.570856714621186 ] ] ] } },
{ "type": "Feature", "properties": { "X1": 1.0, "log_hist_precip": -1.5063083057879683, "log_hist_temp": -2.1180882260648413, "lat": -2.1051201057585227, "lon": 0.094812499937109385, "latlon": -0.19959169989483763, "log_co2e_ha_2017": 5.5701137924706181, "id_group": 77 }, "geometry": { "type": "Polygon", "coordinates": [ [ [ 4482043.074130744673312, 8296883.46407731436193 ], [ 4480573.699590642005205, 8364184.125933382660151 ], [ 4545853.187862616963685, 8365494.907819664105773 ], [ 4547137.228282277472317, 8298243.041688516736031 ], [ 4482043.074130744673312, 8296883.46407731436193 ] ] ] } },
{ "type": "Feature", "properties": { "X1": 1.0, "log_hist_precip": -1.7575453273930099, "log_hist_temp": -1.2763642997649791, "lat": -2.1051201057585058, "lon": 0.18231881077357012, "latlon": -0.38380299421742292, "log_co2e_ha_2017": 5.5887229994668584, "id_group": 77 }, "geometry": { "type": "Polygon", "coordinates": [ [ [ 4547137.22828227840364, 8298243.041688516736031 ], [ 4545853.18786261882633, 8365494.907819664105773 ], [ 4611135.969039536081254, 8366629.905621912330389 ], [ 4612234.935118052177131, 8299420.293024512939155 ], [ 4547137.22828227840364, 8298243.041688516736031 ] ] ] } },
{ "type": "Feature", "properties": { "X1": 1.0, "log_hist_precip": -2.0898290521863365, "log_hist_temp": -1.2325059472813813, "lat": -2.1051201057585751, "lon": 0.26982512161006778, "latlon": -0.56801428854010627, "log_co2e_ha_2017": 5.7519925624180379, "id_group": 77 }, "geometry": { "type": "Polygon", "coordinates": [ [ [ 4612234.935118052177131, 8299420.293024512939155 ], [ 4611135.969039536081254, 8366629.905621912330389 ], [ 4676421.569772277958691, 8367589.11111054290086 ], [ 4677335.6839500349015, 8300415.208849824965 ], [ 4612234.935118052177131, 8299420.293024512939155 ] ] ] } },
{ "type": "Feature", "properties": { "X1": 1.0, "log_hist_precip": -2.5341072554735482, "log_hist_temp": -2.2153731869229301, "lat": -2.1051201057585849, "lon": 0.35733143244661153, "latlon": -0.75222558286287744, "log_co2e_ha_2017": 5.6743980336300899, "id_group": 78 }, "geometry": { "type": "Polygon", "coordinates": [ [ [ 4677335.6839500349015, 8300415.208849824965 ], [ 4676421.569772277958691, 8367589.11111054290086 ], [ 4741709.516691281460226, 8368372.517330602742732 ], [ 4742438.96406633220613, 8301227.781359395012259 ], [ 4677335.6839500349015, 8300415.208849824965 ] ] ] } },
{ "type": "Feature", "properties": { "X1": 1.0, "log_hist_precip": -2.3775573361307885, "log_hist_temp": 0.17321469581927254, "lat": -2.2340527894829574, "lon": -0.16770643257249634, "latlon": 0.37466502350282094, "log_co2e_ha_2017": 5.6949072270695265, "id_group": 76 }, "geometry": { "type": "Polygon", "coordinates": [ [ [ 4288894.094710052013397, 8224225.845045127905905 ], [ 4286787.034219801425934, 8291710.887401776388288 ], [ 4351867.466489165090024, 8293617.37412279099226 ], [ 4353780.871399311348796, 8226199.893830535002053 ], [ 4288894.094710052013397, 8224225.845045127905905 ] ] ] } },
{ "type": "Feature", "properties": { "X1": 1.0, "log_hist_precip": -2.0039633131845864, "log_hist_temp": 0.03979903053390986, "lat": -2.2340527894829894, "lon": -0.080200121735873611, "latlon": 0.17917130568090378, "log_co2e_ha_2017": 5.6651697957906828, "id_group": 76 }, "geometry": { "type": "Polygon", "coordinates": [ [ [ 4353780.871399311348796, 8226199.893830535002053 ], [ 4351867.466489165090024, 8293617.37412279099226 ], [ 4416952.983323612250388, 8295341.570856714621186 ], [ 4418673.115565089508891, 8227985.196286144666374 ], [ 4353780.871399311348796, 8226199.893830535002053 ] ] ] } },
{ "type": "Feature", "properties": { "X1": 1.0, "log_hist_precip": -1.8438075952043067, "log_hist_temp": -0.56605013956719807, "lat": -2.2340527894830298, "lon": 0.007306189100509195, "latlon": -0.016322412140483075, "log_co2e_ha_2017": 5.6664824963553242, "id_group": 77 }, "geometry": { "type": "Polygon", "coordinates": [ [ [ 4418673.115565090440214, 8227985.196286144666374 ], [ 4416952.98332361318171, 8295341.570856714621186 ], [ 4482043.074130744673312, 8296883.46407731436193 ], [ 4483570.278172538615763, 8229581.737307016737759 ], [ 4418673.115565090440214, 8227985.196286144666374 ] ] ] } },
{ "type": "Feature", "properties": { "X1": 1.0, "log_hist_precip": -1.9545584091764441, "log_hist_temp": 0.0048774058520394473, "lat": -2.234052789482988, "lon": 0.094812499937046837, "latlon": -0.21181612996221511, "log_co2e_ha_2017": 5.4758271704727903, "id_group": 77 }, "geometry": { "type": "Polygon", "coordinates": [ [ [ 4483570.278172538615763, 8229581.737307016737759 ], [ 4482043.074130744673312, 8296883.46407731436193 ], [ 4547137.228282277472317, 8298243.041688516736031 ], [ 4548471.810145195573568, 8230989.503385270014405 ], [ 4483570.278172538615763, 8229581.737307016737759 ] ] ] } },
{ "type": "Feature", "properties": { "X1": 1.0, "log_hist_precip": -2.2520484575641238, "log_hist_temp": -0.52414349994367082, "lat": -2.2340527894829512, "lon": 0.1823188107736419, "latlon": -0.40730984778406903, "log_co2e_ha_2017": 5.4659482079319872, "id_group": 77 }, "geometry": { "type": "Polygon", "coordinates": [ [ [ 4548471.810145196504891, 8230989.503385270014405 ], [ 4547137.22828227840364, 8298243.041688516736031 ], [ 4612234.935118052177131, 8299420.293024512939155 ], [ 4613377.162369632162154, 8232208.482610201463103 ], [ 4548471.810145196504891, 8230989.503385270014405 ] ] ] } },
{ "type": "Feature", "properties": { "X1": 1.0, "log_hist_precip": -2.5172803453833086, "log_hist_temp": -1.6615948457086549, "lat": -2.2340527894829547, "lon": 0.26982512161004724, "latlon": -0.60280356560550352, "log_co2e_ha_2017": 5.5412376085216284, "id_group": 77 }, "geometry": { "type": "Polygon", "coordinates": [ [ [ 4613377.162369632162154, 8232208.482610201463103 ], [ 4612234.935118052177131, 8299420.293024512939155 ], [ 4677335.6839500349015, 8300415.208849824965 ], [ 4678285.785700095817447, 8233238.664668375626206 ], [ 4613377.162369632162154, 8232208.482610201463103 ] ] ] } },
{ "type": "Feature", "properties": { "X1": 1.0, "log_hist_precip": -2.4703730542588342, "log_hist_temp": -0.029776435126602125, "lat": -2.362985445664687, "lon": -0.16770643257249943, "latlon": 0.39628785931316235, "log_co2e_ha_2017": 5.2237285095569641, "id_group": 76 }, "geometry": { "type": "Polygon", "coordinates": [ [ [ 4291080.675011773593724, 8156742.094211461953819 ], [ 4288894.094710052013397, 8224225.845045127905905 ], [ 4353780.871399311348796, 8226199.893830535002053 ], [ 4355766.500654999166727, 8158782.822185505181551 ], [ 4291080.675011773593724, 8156742.094211461953819 ] ] ] } },
{ "type": "Feature", "properties": { "X1": 1.0, "log_hist_precip": -1.9743525129036874, "log_hist_temp": 0.21557745917820448, "lat": -2.3629854456646386, "lon": -0.080200121735879759, "latlon": 0.1895117204024161, "log_co2e_ha_2017": 5.4232085144164248, "id_group": 76 }, "geometry": { "type": "Polygon", "coordinates": [ [ [ 4355766.500654999166727, 8158782.822185505181551 ], [ 4353780.871399311348796, 8226199.893830535002053 ], [ 4418673.115565089508891, 8227985.196286144666374 ], [ 4420458.18739437777549, 8160628.432280785404146 ], [ 4355766.500654999166727, 8158782.822185505181551 ] ] ] } },
{ "type": "Feature", "properties": { "X1": 1.0, "log_hist_precip": -1.9220003547385642, "log_hist_temp": 0.60852504379661487, "lat": -2.3629854456645565, "lon": 0.0073061891005532873, "latlon": -0.017264418507880436, "log_co2e_ha_2017": 5.7235306342381049, "id_group": 77 }, "geometry": { "type": "Polygon", "coordinates": [ [ [ 4420458.187394379638135, 8160628.432280785404146 ], [ 4418673.115565090440214, 8227985.196286144666374 ], [ 4483570.278172538615763, 8229581.737307016737759 ], [ 4485155.14667902700603, 8162278.907706336118281 ], [ 4420458.187394379638135, 8160628.432280785404146 ] ] ] } },
{ "type": "Feature", "properties": { "X1": 1.0, "log_hist_precip": -2.1818491874254802, "log_hist_temp": 0.95585741409103497, "lat": -2.3629854456646888, "lon": 0.094812499937065295, "latlon": -0.22404055741836951, "log_co2e_ha_2017": 5.1333444480886952, "id_group": 77 }, "geometry": { "type": "Polygon", "coordinates": [ [ [ 4485155.14667902700603, 8162278.907706336118281 ], [ 4483570.278172538615763, 8229581.737307016737759 ], [ 4548471.810145195573568, 8230989.503385270014405 ], [ 4549856.7899100901559, 8163734.233446496538818 ], [ 4485155.14667902700603, 8162278.907706336118281 ] ] ] } },
{ "type": "Feature", "properties": { "X1": 1.0, "log_hist_precip": -2.5406871906365183, "log_hist_temp": 0.11335156387680653, "lat": -2.3629854456646751, "lon": 0.1823188107735855, "latlon": -0.43081669632887448, "log_co2e_ha_2017": 5.2392178876068938, "id_group": 77 }, "geometry": { "type": "Polygon", "coordinates": [ [ [ 4549856.789910091087222, 8163734.233446496538818 ], [ 4548471.810145196504891, 8230989.503385270014405 ], [ 4613377.162369632162154, 8232208.482610201463103 ], [ 4614562.52844610158354, 8164994.396261029876769 ], [ 4549856.789910091087222, 8163734.233446496538818 ] ] ] } }
]
}
