5.713626176676756351e-06,6.879936051081551583e-12,9.344422832675377990e-06,7.527699986533631221e-15,1.350808594858509071e-06,3.758076324676173007e-06,8.963860708499652916e-06,3.291399588292281966e-12,7.103931877261220076e-06,2.542923868739154842e-06,3.581562510725420083e-06,1.156720891226338874e-04,0.000000000000000000e+00,2.187066296188103061e-06,8.018454473622540303e-06,1.838754281763956580e-11,6.906061320203579199e-12,9.171067314766905294e-06,3.579978957003468812e-04,3.623797683951497216e-04,9.853172151963785516e-05,7.610777529616516601e-13,2.280792780362819115e-13,1.539652745615904776e-05,3.023567021709018434e-05,3.668585101967538936e-05,2.987237264921435763e-05,3.556503093843733549e-12,2.864601737804480853e-04,7.620081569708083129e-04,1.048023919524846814e-03,1.466554979511726191e-03,7.171174582253162123e-13,2.747755080867600001e-13,1.263785342930248814e-13,1.677498316108572748e-06,2.222895748250189904e-05,1.378117359081986394e-05,8.298240941297291475e-13,3.370081267159018904e-13,1.300192536961819767e-09,6.768862294044488033e-05,4.296675631843068117e-04,5.432444089964828587e-04,8.046465130916488249e-13,1.227898280723612698e-13,9.675955514493762291e-14,2.309230868889654623e-04,2.370302530359697532e-04,3.837206691173186733e-04,1.420025924428217567e-04,3.651928262139646094e-12,4.227123241636247092e-04,2.281718208033663826e-10,1.680706005120412649e-09,1.297540570572092075e-11,2.273107627973393241e-13,7.333986414723132597e-14,1.933988214438128482e-06,8.247649887807561046e-05,2.757842136236731134e-12,9.686437762378833673e-04,1.129702475821865874e-12,1.226145424267551312e-03,1.127216067666807866e-12,1.519445819331981502e-13,2.721407812669030160e-13,1.588103517880761090e-13,1.357549859682693443e-12,1.086883015970359955e-13,1.009130945073967297e-13,1.174250600961725611e-13,5.521964270878018122e-14,1.287140802456164360e-13,1.299142261867152052e-13,1.369221529433261334e-14,4.730100442870741202e-14,5.962460079397780512e-14
1.084713265677576352e-12,1.476893821585562126e-04,1.507473352369491331e-12,9.688515560863193606e-15,7.609879792951337292e-13,1.961060164385839136e-12,2.337841681458119555e-12,6.253071856710727770e-04,1.477142236228975176e-12,9.561415741340474203e-13,5.187854304216529758e-13,1.072778186873196583e-12,8.879720017243826347e-15,2.010258845169420825e-12,1.923673203018219538e-12,2.678548272135801195e-05,6.352391848737863719e-05,1.296250318175673554e-12,1.949842313438977043e-12,1.096998827580257442e-12,1.819031271510729734e-12,4.728191822827977307e-12,4.378566884065411006e-13,8.497794790222159530e-13,2.174350202070654039e-12,2.371354936807331164e-12,5.756713746875279351e-12,2.934335496600442672e-04,2.737531785331927879e-12,2.441674319848218684e-12,1.583441685695373955e-12,1.522200803405259208e-12,3.976933394298828115e-12,5.768691280936046448e-13,1.989089867758314736e-13,6.946879876269724168e-13,8.571809987085953288e-13,3.683356832336874286e-12,6.413580994068442513e-12,7.753323128772826221e-13,9.499314691611599501e-05,2.059664619250157676e-12,8.593976440429461415e-13,1.944159339786433124e-12,5.672454714370314760e-12,1.916363815279479435e-13,1.404209699547480466e-13,7.763630969695789006e-13,5.751624414486104075e-13,1.473431244059968390e-12,7.629794214402915220e-12,6.425730330825184028e-04,2.704427206163656381e-12,1.433286634715463597e-04,7.759312032917215591e-04,1.129985925850409106e-04,4.357551906265244111e-13,9.947496079561233768e-14,3.517154851070935740e-13,6.493322443832688617e-13,1.443602706586450367e-03,7.069008341380441009e-12,3.398857509407703006e-03,6.040959528843555975e-12,1.880801462858347115e-04,2.545075641244305544e-13,5.692324442305240671e-13,2.699913280312325374e-13,3.595400582701740490e-05,1.630467079592549520e-13,1.482101016737530051e-13,1.804954690078411410e-13,7.103039805672633671e-14,2.037078910843320627e-13,2.061946358609280899e-13,1.484758756730930114e-14,5.935434550538634009e-14,7.767159826537774495e-14
4.090039822258744562e-13,1.910449059877579032e-12,5.158591323057125701e-13,1.111867983485502895e-14,8.325829343205509272e-13,6.076077135276830186e-13,6.745721173624907884e-13,2.485790604397423803e-12,5.065492058162090421e-13,3.756157720910670599e-13,2.288864679568024836e-13,4.052765590501092631e-13,1.016805675189833420e-14,6.144805178642932486e-13,6.008914752384298846e-13,1.667408482817267136e-12,1.896514148216605401e-12,4.641319714977325250e-13,6.012501147867817505e-13,4.112519291632773592e-13,5.767408798716732751e-13,7.131831745467453760e-04,9.148990642527185063e-13,3.399165014055567964e-13,6.401113351600681616e-13,6.731819600409185466e-13,1.010818592665731133e-12,2.382240714385640361e-12,7.281144559463905476e-13,6.848237828933011840e-13,5.271028857095777589e-13,5.138759820490642770e-13,1.084168025531565731e-03,1.363093973136661643e-12,3.260233906510098387e-13,2.883277464265399275e-13,3.414584204375237128e-13,8.420708372320847060e-13,9.385053739675225176e-06,1.942833197369555092e-12,1.505980482635080903e-12,6.205771475220889297e-13,3.424139290864586203e-13,5.991414828653044632e-13,2.574056445037152443e-03,3.107198806482796660e-13,2.066304674580379578e-13,3.157754424761278098e-13,2.483216515285825559e-13,5.018663767733529422e-13,1.110485792463841021e-12,2.345795123403850372e-12,7.220561964637411685e-13,1.524871248701711815e-12,1.503846181353822391e-12,1.717801113446514388e-12,9.088602088436023384e-13,1.349677360935983672e-13,1.636162900345928129e-13,2.736460362596308422e-13,2.782941994349136040e-12,1.086944420477036935e-12,1.041337149922072933e-09,1.028310237164122084e-12,2.452816382164296760e-03,4.550610275822111598e-13,1.342003576935902507e-12,4.925596733524709794e-13,1.058726460937696152e-11,2.503437467090155509e-13,2.214635281037926567e-13,2.864120698159336656e-13,9.094962192234318054e-14,3.363097461736560184e-13,3.416964688624297479e-13,1.596217085009293515e-14,7.403269580361357786e-14,1.007774304108634693e-13
2.509394010903195649e-13,8.801333968013254391e-13,3.074764287776657753e-13,1.241410472634471384e-14,4.550779047774815065e-13,3.545205391687075331e-13,3.856035919813821782e-13,1.098999667202303950e-12,3.019890365870444923e-13,2.327067384114216270e-13,1.479186191098508801e-13,2.488482940937332470e-13,1.132290706219468653e-14,3.616660645069091582e-13,3.503927997409354384e-13,7.804273496539919478e-13,8.708129033723184829e-13,2.797948581243489988e-13,3.490075800502774762e-13,2.517037285107673303e-13,3.374245443933926195e-13,4.872315426914819486e-11,5.806656092483586669e-12,2.122543283257056051e-13,3.675196280176904009e-13,3.838781560226316796e-13,5.318214168511376970e-13,1.059892841411850877e-12,4.091934163843619492e-13,3.893700457059903443e-13,3.115499836769862971e-13,3.049210453563086897e-13,1.421336263431506033e-03,3.630545932571721014e-03,7.181993067364323971e-13,1.835160832713741232e-13,2.126943178860355425e-13,4.592373793880001569e-13,1.680802142738362647e-11,3.339265546653295364e-05,7.093258613829618534e-13,3.577218383559344940e-13,2.134040563547478019e-13,3.471514152049312896e-13,2.505803738647639815e-11,6.646701186517130325e-13,3.509620777298296479e-13,1.978944104744162320e-13,1.590598704701492012e-13,2.979297335319814555e-13,5.692508274249388281e-13,1.043329342983958842e-12,4.054692934513083162e-13,7.161200899232773356e-13,7.075019567726873540e-13,7.972828875241696503e-13,5.688239560668893294e-12,1.974576022900908007e-13,1.077232723063947227e-13,1.735648724634780223e-13,1.199099097280094331e-12,5.594446147044457474e-13,6.566447677911716172e-12,5.366775509756420545e-13,6.661416756669251777e-12,1.339400097927361433e-12,6.531622975733914838e-04,1.571848306603497375e-12,3.054026539246579023e-12,4.662857433672029784e-13,3.884548921660256891e-13,5.781466282855145267e-13,1.216659417887419506e-13,7.560351753398764363e-13,7.764588018877366432e-13,1.715712871001960854e-14,9.542235123213131906e-14,1.374400078157269561e-13
1.658680302882816249e-13,4.342321154391862428e-13,1.968158917079251419e-13,1.357756650734133847e-14,2.645001075699474057e-13,2.208515023874022525e-13,2.356638055672373308e-13,5.042896240271082212e-13,1.931674721113708268e-13,1.552901103955869914e-13,1.042255567118433609e-13,1.648101052176069465e-13,1.235581531383354346e-14,2.255654679213134852e-13,2.187029061002739766e-13,3.972860427265317653e-13,4.287076640744271855e-13,1.814673759733049481e-13,2.174553587856467497e-13,1.661434111217287703e-13,2.119359556928957677e-13,1.745289472669078773e-12,1.062176582448334967e-03,1.434434719404822987e-13,2.264311233921831522e-13,2.348026030552518292e-13,3.012639665590727423e-13,4.919101496740348555e-13,2.467148300702926485e-13,2.374771746344240334e-13,1.979504336373151679e-13,1.945482023071456537e-13,1.890972404365741478e-12,1.737418386873952579e-10,2.078914476874522365e-12,1.261235674508584350e-13,1.434027859206221809e-13,2.686630246526963429e-13,1.482730365857477529e-12,6.716113582980793837e-12,3.685929908778294479e-13,2.213656659473751825e-13,1.439464875371920270e-13,2.159955397569293205e-13,1.605752494483747699e-12,1.801814749007401328e-12,6.139280142824147354e-13,1.344649504180213009e-13,1.109791076134477881e-13,1.903002543737742867e-13,3.151896322688009416e-13,4.852162615210031589e-13,2.443758570591155673e-13,3.706061123147082617e-13,3.674187323116462680e-13,4.017900093113452135e-13,2.824844158765097389e-03,2.860091856375756338e-13,7.776314326612707031e-14,1.197027095289994153e-13,5.300500858419736118e-13,3.110414873325499530e-13,1.164128203038852331e-12,3.020252647140690365e-13,1.171542638799255155e-12,1.824731198920541021e-11,8.134691919937345368e-04,1.858009429845602185e-04,8.853451129203164648e-13,9.418677608834538387e-13,7.132641938694354390e-13,1.364024560368522256e-12,1.605470554960271684e-13,2.298863072661203282e-12,2.426886494137623143e-12,1.826875024219849071e-14,1.213262289250116802e-13,1.847833730616822470e-13
1.181014879559931294e-13,2.551903832865282244e-13,1.367346290651437876e-13,1.461673245682998131e-14,1.741522428028716382e-13,1.502646819639811519e-13,1.581911400337794301e-13,2.841358164219012247e-13,1.340202751878528238e-13,1.113979145717648385e-13,7.834977133687855516e-14,1.175867476719581744e-13,1.327753215689056021e-14,1.532057201921959238e-13,1.490520152985790089e-13,2.379529324178365369e-13,2.514283381476308415e-13,1.273034020955889933e-13,1.480469699397632255e-13,1.182045082344693150e-13,1.451675288630195527e-13,6.235327652152109187e-13,2.936525665901611167e-12,1.040274735556627481e-13,1.528982780779593537e-13,1.577651035160556362e-13,1.923244418048929411e-13,2.788715566131677227e-13,1.641094528059984650e-13,1.592492980290537251e-13,1.367085588233293050e-13,1.347873468909671076e-13,6.479964259714412564e-13,2.041222327054672000e-12,4.738951611006003407e-12,9.259531160277717176e-14,1.037806956450941939e-13,1.750068468872008896e-13,5.657138724461891482e-13,1.265452680634733688e-12,2.236980228144967502e-13,1.499419729438911205e-13,1.042207958289532637e-13,1.468734067328161011e-13,5.902710495177224699e-13,4.038998042753782866e-12,9.470944287867741642e-13,9.794044917043815536e-14,8.270586891390898489e-14,1.319239496846224125e-13,1.982581416508275948e-13,2.752855008595767279e-13,1.624721297026387390e-13,2.242781912714299308e-13,2.228732614620443401e-13,2.390593090174839952e-13,2.948451577812067260e-12,3.871842216606367155e-13,5.975492482880354040e-14,8.830128110249817691e-14,2.925306438153564920e-13,1.961654473226148320e-13,4.876998622619750965e-13,1.919370109353809850e-13,4.903855181537670954e-13,2.441497432657382081e-03,2.094854331941595674e-12,1.806355510927606369e-03,4.140314511524831540e-13,1.603676131005093426e-12,1.141272093490763535e-12,2.634305477334568366e-12,2.040444766292414355e-13,5.314009278438493556e-12,5.654668613640946399e-12,1.927329039488138172e-14,1.498720334897233887e-13,2.376542018548365076e-13
9.318634254442307116e-14,1.844909520775827507e-13,1.065918048954395290e-13,1.564381581089612333e-14,1.326346977559780450e-13,1.158677383958995069e-13,1.210742905555474853e-13,2.017045571991080079e-13,1.042035585019012054e-13,8.821438976410500703e-14,6.370374924265633719e-14,9.294036261278132371e-14,1.418307309376591761e-14,1.179946918947199852e-13,1.150080233453722056e-13,1.731927042977807897e-13,1.811693893279509880e-13,9.960295227131859664e-14,1.140839583241645912e-13,9.322168641375720905e-14,1.122792669267931417e-13,3.893767260415361385e-13,1.495170457952039666e-12,8.287258978276717451e-14,1.172959987486938660e-13,1.208235463425957928e-13,1.437778944214410573e-13,1.983830545593988897e-13,1.250393734093257074e-13,1.218539856239040961e-13,1.060309483911707123e-13,1.047259406989236918e-13,3.999895766841441217e-13,1.053172508524126781e-12,3.009933443004450841e-04,7.417277708772173616e-14,8.250780898128935855e-14,1.318091183737666292e-13,3.566316364381525312e-13,7.092461240954782190e-13,1.634454875399372084e-13,1.151598992357978303e-13,8.291023922760046792e-14,1.129968114076072298e-13,3.692120713013194313e-13,7.798412434381258619e-04,1.824863581399476756e-12,7.809330607575389267e-14,6.684655637572387411e-14,1.024096513261562788e-13,1.469359135716034374e-13,1.956229889483985400e-13,1.236397265772867218e-13,1.635433776366546182e-13,1.627191982581986352e-13,1.731872057820336705e-13,1.495935961872739285e-12,5.743902451836670531e-13,4.916312490487741135e-14,7.089093715662356476e-14,2.053830180003506114e-13,1.455405974908624668e-13,3.147856814084986355e-13,1.429509952384669624e-13,3.167235414955193550e-13,7.691637983334567502e-04,1.072645722425604548e-12,3.210417193132992331e-11,2.755124438408879859e-13,4.034508721229299210e-12,2.411900190453766607e-12,1.151432487172727015e-11,2.737365149097734273e-13,1.263981560517350158e-03,5.027787552518973207e-04,2.034896933851640737e-14,1.927771371158059842e-13,3.245214969806820878e-13
7.684872493814612757e-14,1.428491241920657174e-13,8.713042359163786265e-14,1.662077604324643575e-14,1.066229812651175622e-13,9.391830501396810245e-14,9.756737580429789740e-14,1.540447171630730947e-13,8.492924021023515024e-14,7.293667214423889593e-14,5.378864482748811209e-14,7.677345216958958956e-14,1.504239867740895981e-14,9.554000961248718913e-14,9.326551705047796835e-14,1.346917399048158860e-13,1.397856924894081406e-13,8.158516794094677662e-14,9.238562473924390535e-14,7.684535802390171387e-14,9.120680824822677538e-14,2.731697070522773146e-13,8.532538962585555152e-13,6.884202607752461884e-14,9.465160098302006701e-14,9.741172821979030781e-14,1.139032229182582137e-13,1.517146146245356570e-13,1.004194726443275362e-13,9.818464465121968570e-14,8.624929206857825310e-14,8.530766756760411590e-14,2.781821835129094584e-13,6.345598083819802418e-13,4.156313467640985574e-11,6.185566246143171563e-14,6.839893494849332775e-14,1.048898346611717518e-13,2.511907600314873666e-13,4.554202715460082455e-13,1.273757157068780156e-13,9.298933135247165154e-14,6.878032449456580836e-14,9.134914726129054078e-14,2.589579794192426962e-13,3.066481699936938945e-03,3.415417926645162087e-12,6.486875230164175798e-14,5.614635021954963938e-14,8.331454521076983454e-14,1.155765353822090381e-13,1.494042529016697983e-13,9.915677702974643969e-14,1.272244054042464525e-13,1.267096156320634000e-13,1.341204814918993505e-13,8.503338258538219063e-13,8.631837240349832417e-13,4.189102618056376431e-14,5.919815615651964055e-14,1.554412748732558979e-13,1.145613606072712601e-13,2.255411516867134824e-13,1.128520351931667792e-13,2.270966208755245729e-13,5.598202374860670830e-12,6.424095763823444590e-13,4.076130636384142931e-12,2.013089452675101640e-13,8.182803803206398433e-12,4.883790571530741566e-12,2.355977213041512243e-11,3.741479569214269135e-13,2.533465304456086160e-11,2.109911476858603555e-11,2.141477182913593970e-14,2.516135273103921816e-13,4.504388245055006614e-13
6.636525500210973084e-14,1.188298658241881942e-13,7.487276361664944108e-14,1.761464703823116847e-14,9.072516391718131332e-14,8.024411450453773759e-14,8.299936751495733606e-14,1.269267354870340480e-13,7.271309111640189713e-14,6.306479615736101992e-14,4.716603487950012416e-14,6.641012949508119027e-14,1.591136882100249218e-14,8.158740334666287048e-14,7.970197358515409394e-14,1.122238506984921316e-13,1.157766667585873463e-13,7.010612838470853741e-14,7.881563919094757644e-14,6.633587537502779620e-14,7.801223064939161255e-14,2.155521180260505956e-13,6.221219132880689364e-13,5.970922779841048841e-14,8.053826015445645439e-14,8.289858102203476768e-14,9.588390912612579587e-14,1.250752865275940722e-13,8.523101624164266098e-14,8.353252082172088647e-14,7.373757513237097143e-14,7.300774264481886617e-14,2.180439250813298597e-13,4.700876880635720729e-13,2.813896267293880386e-11,5.373691505766423022e-14,5.919436754957329166e-14,8.839223604155725945e-14,1.976858325595464182e-13,3.440354182667251768e-13,1.060918782191416548e-13,7.912752133199123888e-14,5.957393398252528315e-14,7.777354783182755069e-14,2.035463224387783894e-13,6.143174731771872316e-05,2.293523397963207540e-11,5.617948640190599953e-14,4.901470709253000372e-14,7.116315463255441193e-14,9.669407524426101725e-14,1.229273201195934237e-13,8.400823057334015841e-14,1.057803075669938702e-13,1.054358742662225834e-13,1.112754874767728316e-13,6.173354564273662997e-13,1.699109464125588133e-12,3.691837663018525530e-14,5.143461063368803170e-14,1.270596630846703541e-13,9.587701639904595630e-14,1.791911316781558477e-13,9.464902677928574109e-14,1.806237985655374143e-13,3.148979549079384248e-12,4.741490342583411815e-13,2.410368167418151074e-12,1.616119595523956832e-13,1.003991487219891687e-03,7.768820510298241446e-04,6.627826865719998800e-04,5.838776188671128720e-13,1.622558249603177978e-11,1.333006327650857642e-11,2.257321152598575147e-14,3.588964605408404837e-13,7.264058863142741346e-13
5.848874020197392391e-14,1.013838047655126065e-13,6.571567265521011496e-14,1.856944844005214836e-14,7.891983819051338954e-14,7.006140690719985383e-14,7.217226789114578299e-14,1.073183453528200012e-13,6.356730080615087547e-14,5.563261395517359895e-14,4.214127610094830372e-14,5.862885600569259959e-14,1.674485464361440593e-14,7.120806294733199386e-14,6.959877102887200790e-14,9.585767120381515622e-14,9.832581923271305605e-14,6.149834624121207945e-14,6.869928391480888152e-14,5.843953189293565641e-14,6.817176550772918560e-14,1.753639052619757785e-13,4.606288562139200753e-13,5.281984012341833586e-14,7.002921416582038802e-14,7.210973206806610513e-14,8.261435093660743436e-14,1.057976327115334885e-13,7.395933931436356379e-14,7.264562662549148804e-14,6.437677674765969643e-14,6.380098873238597649e-14,1.762259434667276254e-13,3.570088622024226432e-13,5.172910158579033953e-12,4.759381455063968904e-14,5.224373478286913104e-14,7.618605465059200883e-14,1.603219025125976165e-13,2.671859678873044311e-13,9.055142069060294016e-14,6.879606008752655060e-14,5.262552882712416422e-14,6.764582893902764764e-14,1.649339303013682633e-13,7.134465275466955261e-12,1.033201788585914969e-03,4.960410256755898302e-14,4.360098730883131106e-14,6.205597657343276894e-14,8.281228564811854119e-14,1.037632982438594519e-13,7.275831954842863820e-14,9.012610139086695168e-14,8.990175199754389179e-14,9.463818476562589702e-14,4.551215982359265732e-13,4.334451258914191326e-12,3.312439175697018713e-14,4.554317154913096496e-14,1.065936733713709927e-13,8.213407709255339345e-14,1.466671714990358126e-13,8.124316886476179493e-14,1.480028181288309676e-13,1.647610481654028211e-12,3.587292280086869008e-13,1.369220908127479477e-12,1.334968498096301030e-13,1.963985919985944940e-11,9.800257999267904252e-04,9.277456530999777207e-12,1.028435746037299569e-12,4.272954833968367166e-12,3.969938613318225365e-12,2.372365992343328303e-14,5.486933297755092213e-13,1.332238150764209599e-12
5.258775792343242174e-14,8.881519115522678101e-14,5.890934909778811489e-14,1.950726694985992839e-14,7.021163616609300410e-14,6.251639846504637776e-14,6.415423136969855114e-14,9.323390394313668601e-14,5.673115165714585013e-14,5.004724536581331413e-14,3.832595451684435628e-14,5.280891888065458735e-14,1.756151401659631618e-14,6.352887205970895415e-14,6.210631761978908092e-14,8.400946156934936714e-14,8.570119172329199569e-14,5.505798257738033934e-14,6.118048389338855263e-14,5.252210636329473050e-14,6.086166614660670248e-14,1.478167396603673615e-13,3.601806914288096108e-13,4.762926790139917789e-14,6.222473273359751850e-14,6.412142968497120301e-14,7.288512475265696052e-14,9.193224588102715886e-14,6.562383626321036343e-14,6.458832481002237469e-14,5.738380457499346951e-14,5.692040800600685500e-14,1.475749576762021331e-13,2.847130259835246498e-13,2.416662360733441170e-12,4.293826453384974186e-14,4.699397316670589327e-14,6.716706403458353996e-14,1.344955617768120509e-13,2.164150158454511570e-13,7.923875476466015038e-14,6.111004712909879309e-14,4.738321013057544903e-14,6.010102540813638943e-14,1.383264451930796311e-13,2.876311858645674947e-12,2.128340737738896524e-11,4.461963883698121117e-14,3.948266212589027265e-14,5.522846641731965588e-14,7.262117860494158238e-14,8.995180839262726859e-14,6.442040655433690732e-14,7.872179251336288123e-14,7.858496564458999690e-14,8.256209306339626938e-14,3.541824727637065373e-13,1.562776066688520687e-03,3.021440708152214810e-14,4.105867231746485648e-14,9.187816587493684237e-14,7.203854204616902375e-14,1.240153457688950850e-13,7.138775338837177987e-14,1.252979724824317038e-13,1.038432133394095635e-12,2.850714976054492229e-13,9.040739827424057639e-13,1.137184974540265144e-13,5.620171126411916643e-12,1.298581654197803041e-11,3.487566004781836978e-12,2.723793054461497379e-12,2.113160413115215268e-12,2.030060689735145340e-12,2.489619388825593785e-14,1.001721384116776658e-12,3.882858436485243040e-12
4.778756094899550520e-14,7.872026697248362331e-14,5.338462039792953361e-14,2.038228760309876136e-14,6.314030780174563980e-14,5.639378559096296098e-14,5.765263419134880684e-14,8.194342359191999868e-14,5.117146309002182116e-14,4.549886986223532270e-14,3.522022131128504808e-14,4.807889769622616670e-14,1.832483102761203661e-14,5.730327047777051253e-14,5.602767358674858008e-14,7.448042727346405442e-14,7.555848137907840932e-14,4.981860225765486659e-14,5.507514235641152950e-14,4.770755598836657755e-14,5.492781598912052377e-14,1.261213420231635765e-13,2.837285616976457331e-13,4.340173147917546428e-14,5.588859951554608059e-14,5.764131967457779621e-14,6.502301230783578757e-14,8.081463344122525606e-14,5.886718508596882578e-14,5.805493299192681437e-14,5.169670847769289989e-14,5.132445517246010400e-14,1.250958124954128918e-13,2.292450839431472455e-13,1.261606057894074235e-12,3.914147301449532942e-14,4.271274585962933286e-14,5.986587729336982813e-14,1.142185898855318205e-13,1.771686679599120364e-13,7.013534866535224403e-14,5.486809578560349621e-14,4.311063271896731646e-14,5.397138881224733553e-14,1.174421285928569381e-13,1.381849985677388104e-12,3.909206122083647770e-12,4.055126022132277944e-14,3.612320383878233230e-14,4.967104342399645414e-14,6.439581650412932818e-14,7.888181579847316476e-14,5.765887281906494263e-14,6.954742376999451513e-14,6.947870150310256591e-14,7.285601073381901628e-14,2.777644344737213151e-13,2.427093622236105319e-04,2.784301981200734986e-14,3.739619931613494114e-14,8.011600513961280190e-14,6.388830025717872375e-14,1.061587237793319279e-13,6.342578194268384344e-14,1.073866660805095454e-13,6.720924052064706541e-13,2.287245051759461977e-13,6.086765333622816311e-13,9.804341243739055120e-14,2.101088932724340668e-12,3.127705730450298877e-12,1.573366710785720192e-12,7.934491522644500708e-04,1.137357101676473619e-12,1.118495136030687469e-12,2.600985757511418507e-14,2.401018705155567411e-12,1.593915456811211852e-04
4.355847602746878287e-14,6.981533064505079939e-14,4.850443366840790209e-14,2.112123729117740855e-14,5.686218795413293290e-14,5.098883421470851423e-14,5.192433794690908948e-14,7.204267996176868158e-14,4.628135320919870070e-14,4.149833583838481333e-14,3.250602817033807947e-14,4.390754110349415223e-14,1.897638633088473331e-14,5.180560900394926241e-14,5.066318918622012931e-14,6.609560844378959221e-14,6.667270218123135278e-14,4.520587806885462091e-14,4.969783572150639356e-14,4.346707117819892671e-14,4.969326674168790002e-14,1.072715244301641195e-13,2.200865042981937616e-13,3.968599931334347819e-14,5.031391886069968208e-14,5.192993538385442008e-14,5.810440630969699862e-14,7.107050915716756986e-14,5.291702605291250666e-14,5.229571092844492417e-14,4.669663313842109440e-14,4.640294753469357176e-14,1.057361051257192605e-13,1.824897043877720785e-13,6.847835669464571518e-13,3.581732095458497655e-14,3.895573737200594815e-14,5.346660725832269888e-14,9.682232056312447904e-14,1.440048852742663785e-13,6.216045985817947268e-14,4.938151880896025255e-14,3.935847304507441345e-14,4.858612631195336749e-14,9.949991311917869670e-14,7.128343438154092526e-13,1.305734213288572058e-12,3.698767734248592833e-14,3.318625963301062282e-14,4.479774596688653265e-14,5.720029916753356008e-14,6.921563137198054880e-14,5.171939067527026329e-14,6.152764473510435010e-14,6.151323269727229232e-14,6.436118268498510693e-14,2.147123535874755962e-13,3.524652455920164089e-12,2.578762499808984730e-14,3.419437774964931002e-14,6.990158749556323684e-14,5.675984347152201632e-14,9.076359247945276373e-14,5.645187090698643245e-14,9.190949266675010882e-14,4.322013732339117382e-13,1.814929491669034644e-13,4.046972946170063854e-13,8.446881549571260471e-14,9.237890458052474609e-13,1.150936357351344596e-12,7.750980457360280166e-13,9.742871060083138938e-04,6.310303412044695872e-13,6.300631131762662178e-13,2.693890874579278942e-14,4.853214685003822111e-12,1.256030823261296243e-11
4.040719002530992941e-14,6.346812297779751319e-14,4.491107436581043103e-14,2.187007051050774945e-14,5.227736600862707125e-14,4.701256887545224650e-14,4.769994065628519333e-14,6.496538698070832816e-14,4.262918073394867607e-14,3.849981596809222513e-14,3.044791445695760859e-14,4.081363621100601083e-14,1.963463880921025883e-14,4.777104655865734189e-14,4.671234836459895549e-14,6.006397803804043972e-14,6.025614481400910955e-14,4.176411811957343476e-14,4.571376394400164763e-14,4.030415531223801792e-14,4.582838376588083136e-14,9.451363802538070424e-14,1.828012266092575552e-13,3.689402115196564387e-14,4.617991335044068611e-14,4.771961856603441044e-14,5.305083233161371145e-14,6.409017507364258393e-14,4.853199733662861619e-14,4.805407258420398789e-14,4.296143747733459743e-14,4.272711204912124586e-14,9.256434578781401023e-14,1.538070246991102523e-13,4.853294564549103709e-13,3.328909588511657200e-14,3.611384699285731756e-14,4.872761597258435516e-14,8.481212339165668824e-14,1.225942074572143565e-13,5.635751240416635205e-14,4.529987516438694748e-14,3.652856521709406316e-14,4.457113575219960797e-14,8.716935670581665791e-14,4.927158962263733697e-13,8.134597295971672169e-13,3.427420050623212716e-14,3.094511196326276627e-14,4.112956535468389785e-14,5.190300257557781993e-14,6.224982614549001392e-14,4.731613639064864917e-14,5.567419239860589376e-14,5.570267974128232712e-14,5.819709136286502974e-14,1.775532042469674234e-13,1.877877846376198116e-12,2.419920009617366098e-14,3.174148783836985620e-14,6.253125050317466510e-14,5.150665813424669088e-14,8.004393113227759566e-14,5.131522422419010813e-14,8.115887746579207076e-14,3.245998237550030588e-13,1.524873698760357427e-13,3.096112488955816516e-13,7.492270062239625089e-14,6.082467475608019945e-13,7.275753708172196381e-13,5.276175830369215072e-13,1.744223950480775344e-04,4.479108282634738214e-13,4.515126576161635835e-13,2.791609554073506866e-14,5.741312268402212716e-04,7.066034644396993359e-12
3.773212133924686545e-14,5.812690163384216126e-14,4.186586943311905163e-14,2.253130279421716855e-14,4.838413660797356421e-14,4.364208370296472021e-14,4.411862570947138940e-14,5.902071582137804325e-14,3.952579628297176144e-14,3.595221254307289410e-14,2.870363393836763127e-14,3.819065798239129377e-14,2.022131527484202770e-14,4.435230549943520073e-14,4.336310384798615073e-14,5.498210491367844981e-14,5.485512936154852659e-14,3.884021453246474153e-14,4.233297775785972714e-14,3.761862016961258318e-14,4.255055029061945727e-14,8.398705553041390158e-14,1.536673346166052666e-13,3.452219271607229044e-14,4.267188634489128544e-14,4.414996945029295525e-14,4.877733651051568443e-14,5.822536203965499994e-14,4.481538149065923710e-14,4.445866066323134347e-14,3.978746779542643220e-14,3.960360109597029799e-14,8.173644239455286865e-14,1.310496157971872696e-13,3.575292925099356870e-13,3.113729721000326217e-14,3.369541482298884854e-14,4.471305040856165198e-14,7.492616301440230822e-14,1.054138424736393623e-13,5.146400352785518760e-14,4.183475027026990559e-14,3.412209260608803027e-14,4.116144959330888416e-14,7.702213989606276928e-14,3.559741260578292080e-13,5.399458025589025467e-13,3.196261737727226017e-14,2.903920047445915511e-14,3.800933993152222789e-14,4.742590485784391229e-14,5.639924783887272520e-14,4.358181819299133982e-14,5.073926642471898770e-14,5.080307313347492836e-14,5.300499561238718427e-14,1.486393042974687036e-13,1.051208709282700379e-12,2.285188273782501304e-14,2.965091631195734622e-14,5.635661614727119541e-14,4.706606986765073203e-14,7.117543898747097044e-14,4.697087312140118873e-14,7.225885118340755855e-14,2.504095226358165006e-13,1.295412461555639882e-13,2.425087107750432793e-13,6.698712537608067118e-14,4.225651048295144885e-13,4.895946309461013803e-13,3.764274154379580906e-13,6.064128538646761817e-12,3.302598039697319834e-13,3.354508554683470761e-13,2.877707358358056212e-14,6.079245552065685749e-04,2.611983885593230514e-12
3.568690589710513514e-14,5.415678203567719216e-14,3.956365427465208068e-14,2.320081778895507898e-14,4.544599077258426946e-14,4.108548651078811465e-14,4.138620559114591597e-14,5.455862152143383868e-14,3.713193101767611486e-14,3.399187663795030455e-14,2.735713996011143790e-14,3.619962496041808781e-14,2.081399815515305058e-14,4.176534833028451179e-14,4.081987758987962753e-14,5.116729954841848523e-14,5.076727352024520917e-14,3.659291192453393515e-14,3.974382403192461616e-14,3.556227800617346970e-14,4.005536423975781039e-14,7.635376113849577383e-14,1.342021252743965579e-13,3.269594774838139107e-14,3.997774679181140827e-14,4.142815229516073719e-14,4.553182078526027582e-14,5.381406965474724904e-14,4.197768743651112816e-14,4.171991086481205603e-14,3.733614421017123342e-14,3.719339963735169033e-14,7.381433037616036434e-14,1.154289685203362658e-13,2.883740285166749829e-13,2.945743712662437643e-14,3.181497240106686171e-14,4.161734297943911258e-14,6.760437076920738169e-14,9.320436202820750153e-14,4.774122991393090783e-14,3.916370059055134282e-14,3.225875560061918916e-14,3.852737588610868646e-14,6.953633651922272236e-14,2.825008281852687018e-13,4.110711891500525180e-13,3.015197336152338599e-14,2.755098343832264785e-14,3.557687991456511912e-14,4.398298568886996267e-14,5.196482101152418182e-14,4.070734715719371452e-14,4.696851947470140030e-14,4.706325603987761079e-14,4.905825017931077927e-14,1.291858503059508091e-13,7.465730692645661914e-13,2.179136350147987636e-14,2.800523158965040900e-14,5.165545627793249822e-14,4.364801639559193309e-14,6.458174710408703669e-14,4.363254606998629601e-14,6.566085802535843684e-14,2.062093083801387014e-13,1.137490544486074770e-13,2.020463877323188723e-13,6.105462632398160438e-14,3.280931113256291549e-13,3.743238217047436212e-13,2.965626589889260920e-13,3.177531094281721752e-12,2.653512025526738786e-13,2.714550465871829550e-13,2.967411832679853402e-14,4.644539865943730721e-04,1.651696089549163145e-12
3.411635214442875455e-14,5.116761872087875082e-14,3.781721742371377657e-14,2.388216141281823603e-14,4.321108464343353288e-14,3.913253980079106645e-14,3.927962764319505871e-14,5.114367657412250766e-14,3.526596453741794625e-14,3.247495072681487898e-14,2.631804885905410802e-14,3.468602921762456335e-14,2.141572285737207271e-14,3.979469711934842621e-14,3.887472098512351408e-14,4.826115550460454747e-14,4.761374766372830405e-14,3.485169525269875662e-14,3.774057363514484785e-14,3.397981628399275862e-14,3.814158609734339780e-14,7.065420438749754642e-14,1.204322543759253998e-13,3.128371263192356079e-14,3.788378588349117511e-14,3.933164363413527554e-14,4.303342350862205998e-14,5.043023033873469134e-14,3.978584835208638377e-14,3.961273776451405819e-14,3.542136693483539599e-14,3.531358870847071645e-14,6.782253775605103078e-14,1.041549711407728575e-13,2.454430225002807287e-13,2.813679168304719051e-14,3.034145974517683879e-14,3.919071575554374873e-14,6.199948034430007741e-14,8.412581789031233601e-14,4.485817911083362295e-14,3.707832719786081399e-14,3.080672572611763480e-14,3.646581033997348318e-14,6.382855993890394559e-14,2.367604882861707220e-13,3.363083414915738363e-13,2.872079428226624459e-14,2.638328322673367493e-14,3.365462564002232234e-14,4.128612995607112186e-14,4.852964855710478846e-14,3.846326232376053201e-14,4.403114705484566620e-14,4.415446940057101213e-14,4.599994595125016615e-14,1.152997561315130255e-13,5.885475651657924395e-13,2.095472111282114846e-14,2.669840474885940894e-14,4.798700626800346584e-14,4.096802165053208584e-14,5.952890405211913902e-14,4.102216711601254111e-14,6.062277646133671535e-14,1.769671944788539580e-13,1.023042206375590001e-13,1.751610591086831216e-13,5.649465231803326509e-14,2.709580766638616732e-13,3.064029601472342709e-13,2.472904606466195576e-13,2.213018312900358678e-12,2.243804376126089973e-13,2.312191790324075681e-13,3.060934337611217466e-14,3.180844651820091771e-04,1.232781399592783108e-12
3.291610146596316198e-14,4.891274095984326470e-14,3.650217912728081500e-14,2.457890914223969466e-14,4.151494610815835586e-14,3.764453615268597991e-14,3.765209968274629289e-14,4.850199269511347309e-14,3.380672125240488210e-14,3.130424467220450412e-14,2.552374246667049385e-14,3.354600630575018626e-14,2.202950496209389817e-14,3.829849684316282498e-14,3.739028978476521254e-14,4.603538563237181877e-14,4.515372110796233698e-14,3.350244845964390207e-14,3.618710720257502989e-14,3.276678322518737630e-14,3.667601448848637563e-14,6.632198935093738611e-14,1.103225917786379219e-13,3.019613290812917902e-14,3.624886846531610402e-14,3.771401400591516397e-14,4.110005771831316802e-14,4.780534840489580169e-14,3.808687763809112599e-14,3.798913427854210507e-14,3.391912411173910745e-14,3.384217625426857240e-14,6.318470819447526619e-14,9.573982705669780977e-14,2.165844447406027164e-13,2.709813250024682940e-14,2.918576462060046389e-14,3.726959956936976608e-14,5.760421290103606859e-14,7.715170801910416629e-14,4.260239025417459509e-14,3.544071361362431820e-14,2.967643522478791944e-14,3.484208079869751866e-14,5.937202993055820677e-14,2.056665424735089496e-13,2.877115030457891282e-13,2.758607809348307010e-14,2.546897161965665922e-14,3.212375802780583067e-14,3.914838844597692356e-14,4.583018987698237605e-14,3.669858930851411495e-14,4.171462419155138828e-14,4.186545777924258911e-14,4.360210237667320496e-14,1.049799226174061899e-13,4.923184556435709757e-13,2.029757998119929219e-14,2.565745014856722784e-14,4.507337656643396394e-14,3.884130942387869275e-14,5.557253694823638718e-14,3.895892781715083574e-14,5.669592604194628609e-14,1.562774292026089838e-13,9.371017720742528134e-14,1.561614835155958575e-13,5.292077594462025023e-14,2.327693130319991447e-13,2.617414996864158611e-13,2.139663795961754298e-13,1.732785536632235212e-12,1.963254379525086130e-13,2.038729837902227119e-13,3.158493672708996374e-14,1.687573875464580704e-04,9.992125817658252822e-13
3.201333677220211887e-14,4.722879122220380383e-14,3.553266557359946424e-14,2.529457435411169169e-14,4.024565079556222764e-14,3.652617309603001756e-14,3.640304204319486419e-14,4.645265556261027307e-14,3.267019506334633608e-14,3.041163245375660716e-14,2.492936913328937879e-14,3.270712554082115081e-14,2.265826737216775443e-14,3.717954162889604396e-14,3.627222052282018785e-14,4.433774786578244064e-14,4.322661760815701025e-14,3.246586708464228123e-14,3.498974071809193513e-14,3.185030682400163542e-14,3.556697012791092727e-14,6.300134147110873102e-14,1.027224198788815874e-13,2.937033484193678767e-14,3.497596030923639172e-14,3.647490882303935279e-14,3.960846576715378793e-14,4.576180068823227127e-14,3.677617886744254821e-14,3.674777974595981907e-14,3.274353116506286786e-14,3.269462334768994365e-14,5.953794383527249757e-14,8.931691002107309308e-14,1.962148313202204760e-13,2.628669337654591865e-14,2.828511076575655318e-14,3.574226020455895761e-14,5.409555478304567198e-14,7.166275113130327016e-14,4.083115422970142254e-14,3.415585889429382258e-14,2.880484479940442856e-14,3.356329264265577108e-14,5.583253619122540997e-14,1.832579878095806424e-13,2.537774412872875211e-13,2.668911680082386649e-14,2.476012956530114090e-14,3.090166528700609728e-14,3.744301337006396200e-14,4.369150794609956505e-14,3.530984860362470730e-14,3.987604575385105797e-14,4.005416342494220904e-14,4.171217180268629226e-14,9.709051958690244837e-14,4.279865052425185300e-13,1.978766350223121845e-14,2.483042387348930945e-14,4.273035110057184333e-14,3.714249067247130683e-14,5.242741316598311465e-14,3.732005210651207742e-14,5.359271240905206476e-14,1.409417992864079183e-13,8.709456008500015121e-14,1.421662123770411203e-13,5.008258644705764922e-14,2.055154361191333503e-13,2.302289107047204975e-13,1.900149111387433624e-13,1.447516922939763824e-12,1.760473368843671132e-13,1.843435706415567201e-13,3.260282166533576170e-14,1.641301231720596106e-05,8.511789133081544410e-13
3.108262969380024277e-14,4.541824545944307132e-14,3.451059923557683370e-14,2.584404601130169847e-14,3.889686710050065791e-14,3.535605248427228552e-14,3.511246009039020709e-14,4.431435513845720047e-14,3.151558958436279512e-14,2.950203687750719937e-14,2.433481173876412986e-14,3.183091126294533381e-14,2.315361078674701157e-14,3.600241660899831389e-14,3.510492645656624282e-14,4.254957373205148505e-14,4.123900246792421756e-14,3.140634066988542558e-14,3.375956512566250878e-14,3.090802255183819935e-14,3.441428859418193587e-14,5.945086203456894300e-14,9.436963481703879817e-14,2.853085001891101947e-14,3.367536695239381826e-14,3.519274990736177599e-14,3.806200476274752320e-14,4.363738017140162348e-14,3.542476318764132916e-14,3.546121253731261649e-14,3.155183383541868702e-14,3.152950003068937220e-14,5.575734987825525220e-14,8.240000027439508746e-14,1.726395829417745074e-13,2.547937546976513038e-14,2.738226087892908266e-14,3.419888842689279220e-14,5.053205583121392846e-14,6.601830003354441902e-14,3.901385217654650569e-14,3.285092408328913760e-14,2.792607056564429475e-14,3.226890451365640914e-14,5.221240640557035017e-14,1.590078090449018167e-13,2.150926585714874014e-13,2.579935556103729255e-14,2.405834544415945073e-14,2.968022834492216329e-14,3.571991713596900652e-14,4.150457298993252253e-14,3.389871184385690291e-14,3.800668986391645452e-14,3.820811202311565147e-14,3.977596035377988570e-14,8.867860288303743598e-14,3.452716723951847842e-13,1.929599207637010962e-14,2.401663904398371668e-14,4.036899778291724218e-14,3.542826024067024570e-14,4.921383357647045347e-14,3.565937535391366210e-14,5.039835455080010036e-14,1.246685840748301746e-13,8.007610606990623302e-14,1.268804857933242856e-13,4.717853891211945492e-14,1.760044114944502677e-13,1.955283084786952897e-13,1.641253180977062425e-13,9.307877514621397068e-13,1.538862195066201493e-13,1.622233932851804654e-13,3.334979624600915423e-14,4.087570170352330046e-12,6.193601990694274782e-13
3.035234428633747393e-14,4.398766853360236704e-14,3.371875037038795847e-14,2.637945360423052306e-14,3.783411774075665799e-14,3.443382352496417314e-14,3.407777555691683630e-14,4.257678678035021120e-14,3.058096095438496190e-14,2.878099113897589416e-14,2.387608581577046485e-14,3.115579976063505391e-14,2.363779759618732133e-14,3.507769953554068418e-14,3.418360746316621294e-14,4.111627425424457602e-14,3.961335819187534086e-14,3.055897646857116550e-14,3.277080492287062918e-14,3.016589741129719442e-14,3.350154629893776261e-14,5.658284459720619171e-14,8.773108260569256822e-14,2.786886684932788988e-14,3.262106966232359673e-14,3.416634188158575260e-14,3.681427983989290026e-14,4.190680485382751604e-14,3.433632936930080899e-14,3.443268806041226203e-14,3.058314289873628869e-14,3.058523515137680847e-14,5.265165344631870063e-14,7.684247573342659543e-14,1.549514386675039241e-13,2.482810625026285963e-14,2.665405193211741601e-14,3.292508201632844274e-14,4.757440002938882619e-14,6.139026259241335516e-14,3.752607881259327885e-14,3.178673220186934565e-14,2.722374461030812517e-14,3.121033654979890797e-14,4.921820599404499497e-14,1.407038925649466650e-13,1.869150944806577332e-13,2.507338222087552278e-14,2.349770947080112756e-14,2.867116326576930076e-14,3.429282173374917806e-14,3.970005748431438098e-14,3.274420866631283482e-14,3.646365112638383063e-14,3.668789129281729250e-14,3.818558762384983858e-14,8.193175200249443914e-14,2.891314025558741952e-13,1.890638541585816705e-14,2.335076850719112355e-14,3.839853353921111517e-14,3.400712202281312445e-14,4.655371677893236597e-14,3.428888604781820800e-14,4.776494245946659101e-14,1.120377241598230942e-13,7.441018779887835921e-14,1.150182962429507840e-13,4.477626772459674552e-14,1.540408448967145664e-13,1.700330895726718717e-13,1.446689019240505792e-13,6.774792219153328422e-13,1.370633349257433847e-13,1.455045395305934317e-13,3.407620399173414532e-14,1.961168006417901582e-12,4.835104441732461458e-13
2.981582244893781353e-14,4.292112129946477852e-14,3.315045034795220430e-14,2.692360008132876588e-14,3.704814051348345756e-14,3.375086241739061289e-14,3.328805717908623609e-14,4.121564807547667260e-14,2.985620255138676285e-14,2.824156363271841376e-14,2.354863067400931307e-14,3.067616809661459436e-14,2.412926510849366242e-14,3.439705110113153073e-14,3.349951964823709678e-14,4.002068844484226665e-14,3.832706065912309739e-14,2.991524000607817854e-14,3.201300134085421635e-14,2.961701135903230056e-14,3.281994177892959805e-14,5.434386837895896822e-14,8.258512826806778272e-14,2.737807789836809423e-14,3.180127890376162418e-14,3.338498145194945489e-14,3.585081304576891960e-14,4.054562927225353051e-14,3.349894461956897896e-14,3.365150971472902082e-14,2.982668003095750412e-14,2.985152634082704809e-14,5.015484000404546086e-14,7.247788367263581304e-14,1.418942723763135135e-13,2.432604218388789620e-14,2.609284103953730981e-14,3.190424153243108633e-14,4.515815353469212230e-14,5.764635612990369321e-14,3.634774853336096800e-14,3.095102080491572918e-14,2.669076837295427455e-14,3.037520105904864167e-14,4.678543947475339589e-14,1.269373598873366607e-13,1.663956446693925579e-13,2.450315883908758669e-14,2.307228324719176925e-14,2.786223515487139654e-14,3.314181585404071374e-14,3.825021804892776576e-14,3.183243052169803212e-14,3.522486058240783632e-14,3.547213891545917697e-14,3.691858828793578033e-14,7.661187867132915394e-14,2.506091754532879154e-13,1.861419237956473970e-14,2.282530490417889150e-14,3.678516324913071173e-14,3.285918310920278530e-14,4.439389754654414026e-14,3.319013429357557951e-14,4.564136339544217227e-14,1.023037815497334590e-13,6.992014879083022269e-14,1.059366646240285032e-13,4.283122216714150082e-14,1.376890209264572219e-13,1.512704012682914857e-13,1.300772622597228355e-13,5.368802695104758310e-13,1.243799727477369437e-13,1.330363417797055777e-13,3.481947326041952921e-14,1.307923250342428341e-12,3.996227673976538574e-13
2.944092294413472906e-14,4.215031192991337797e-14,3.276745348565369014e-14,2.747701663263401519e-14,3.649015015014829076e-14,3.326581167228778317e-14,3.270078616210897162e-14,4.015916509013355083e-14,2.930588212159173834e-14,2.785400992500171892e-14,2.333212145910523600e-14,3.035938269134861630e-14,2.462856602140121349e-14,3.391817975633020182e-14,3.301177078432882950e-14,3.920028712055658076e-14,3.731639105817679919e-14,2.944105765867881657e-14,3.144651148750007100e-14,2.922934760507453039e-14,3.232984919843415675e-14,5.260060435976966173e-14,7.855158232361440556e-14,2.703076634342380493e-14,3.117548490556506796e-14,3.280613133227996128e-14,3.512066379259363733e-14,3.948355224579675543e-14,3.286877233883853781e-14,3.307468797755974064e-14,2.924646181229916313e-14,2.929278250367699568e-14,4.813532832824960981e-14,6.901380882004481339e-14,1.319959406484007924e-13,2.394960490739992550e-14,2.567167164690907238e-14,3.109130328110758790e-14,4.316682172809586341e-14,5.457668061742438874e-14,3.542183137527819150e-14,3.030438826548021955e-14,2.629978548192555875e-14,2.972507130587206977e-14,4.479330002137597532e-14,1.162453165087246036e-13,1.508405970474124627e-13,2.406375284731272804e-14,2.276111125655935571e-14,2.721945545850795793e-14,3.221653622179840977e-14,3.708706301848282311e-14,3.112090625340110452e-14,3.423388733122503345e-14,3.450455395703788276e-14,3.591459694283196413e-14,7.235250435496094526e-14,2.226081199641495993e-13,1.840513618443965457e-14,2.241816208053861867e-14,3.545877784121720635e-14,3.193464287450071145e-14,4.262959456826030859e-14,3.231397115044457337e-14,4.392132226345554122e-14,9.460512348684568547e-14,6.631565052086890407e-14,9.882334630980440101e-14,4.124990810966741006e-14,1.250686096817681860e-13,1.369149528831284316e-13,1.187615855016220104e-13,4.474636704597925156e-13,1.145274284223358341e-13,1.234821924315775507e-13,3.558013925049735796e-14,9.903763342039978477e-13,3.427140160464493869e-13
2.920257263760265354e-14,4.162373283942988105e-14,3.254002538450710746e-14,2.804015617163336012e-14,3.612263710432853355e-14,3.294676535525937783e-14,3.228336341566779623e-14,3.935390394495283957e-14,2.890271449479124198e-14,2.759513766449950976e-14,2.321041177429451113e-14,3.017989482152879403e-14,2.513617528640466841e-14,3.360845242764202298e-14,3.268880292467805093e-14,3.860796028980693602e-14,3.653374061435457866e-14,2.911004998647480206e-14,3.104087796664725674e-14,2.897795154442554081e-14,3.200067660602391915e-14,5.125694322560341669e-14,7.537355105402958477e-14,2.680522579917807901e-14,3.071268404673613258e-14,3.239716655101619805e-14,3.458517464368892050e-14,3.866822450491630917e-14,3.241229867188597274e-14,3.266924693311486093e-14,2.881483726073166765e-14,2.888161398530365901e-14,4.649861713404215360e-14,6.624943727878060609e-14,1.243588446733407891e-13,2.368035184360176808e-14,2.536954762722884313e-14,3.045213938926937001e-14,4.151625288829686228e-14,5.203424619686160140e-14,3.470549807112566897e-14,2.981670129202671470e-14,2.602944077206287940e-14,2.923055724845989535e-14,4.315467930239915744e-14,1.077355279524765459e-13,1.386914579589554689e-13,2.373575811912024507e-14,2.254768835821242429e-14,2.671677843144352683e-14,3.147906820999469657e-14,3.616008471962883582e-14,3.057729708384837414e-14,3.344843855122329993e-14,3.374291115224397289e-14,3.512844884429417313e-14,6.890559955837707666e-14,2.013991174935062137e-13,1.826783528456560419e-14,2.211209097243008342e-14,3.436747972023562539e-14,3.119600367898697224e-14,4.118470985279012870e-14,3.162332217941561192e-14,4.252764204187392781e-14,8.839326838941858053e-14,6.339730279251405673e-14,9.315899412580697751e-14,3.996402203332810726e-14,1.150568613916243493e-13,1.256040122839932576e-13,1.097593486356093592e-13,3.856082493973159323e-13,1.067000160289976049e-13,1.160206353847756912e-13,3.635868214407430544e-14,8.025810381101723156e-13,3.016147620852233347e-13
2.908083524755022747e-14,4.130159226082947645e-14,3.244458712654737457e-14,2.861343872976895369e-14,3.591613712165766933e-14,3.276860484066505465e-14,3.201026987483753273e-14,3.875915538524309866e-14,2.862527540667332033e-14,2.744651546251773336e-14,2.317045900904382013e-14,3.011732411102110719e-14,2.565252801738588447e-14,3.344214789222781625e-14,3.250575355584528365e-14,3.820738877864210101e-14,3.594277293263849396e-14,2.890138897994243942e-14,3.077221673625681666e-14,2.884299233705678609e-14,3.180831800061887607e-14,5.024170103622765977e-14,7.287119109975891122e-14,2.668413995213614123e-14,3.038866804482092816e-14,3.213254301728745203e-14,3.421437126209300459e-14,3.805976856556821714e-14,3.210336000040332672e-14,3.240935287538834501e-14,2.851013787917055086e-14,2.859652514723381993e-14,4.517512061905278730e-14,6.404233498515963327e-14,1.184045765998216246e-13,2.350359574846301371e-14,2.516981385161986154e-14,2.996040269019353695e-14,4.014423075735708423e-14,4.991317813984346256e-14,3.416590344795021618e-14,2.946446770062618688e-14,2.586274937782126415e-14,2.886873852627480244e-14,4.180524929210210840e-14,1.008331755108214903e-13,1.289843642956913898e-13,2.350380099320180306e-14,2.241878482130112364e-14,2.633388008932541688e-14,3.090030871955799258e-14,3.543095841627649572e-14,3.017648471498887071e-14,3.283616760503632556e-14,3.315487987661917062e-14,3.452563322399096044e-14,6.609746382116095980e-14,1.848354717347950665e-13,1.819306539806170531e-14,2.189338951677291898e-14,3.347206669164348145e-14,3.061447755235844018e-14,4.000268749760667693e-14,3.108965978876431215e-14,4.140295615192749492e-14,8.330270097700188555e-14,6.102376868890094936e-14,8.859636363695992015e-14,3.892253782123955961e-14,1.069422977020236581e-13,1.164864117242087812e-13,1.024537294624248974e-13,3.403005029545707657e-13,1.003749398104434136e-13,1.101190460301172926e-13,3.715558550968277454e-14,6.785146055893691918e-13,2.705811127411587724e-13
2.905957452683616660e-14,4.115248107732291680e-14,3.246210851985857333e-14,2.919725641056487304e-14,3.584705038901319429e-14,3.271116537251355405e-14,3.186113496566812356e-14,3.834322841531228552e-14,2.845642589745422828e-14,2.739322913237360177e-14,2.320156098722220273e-14,3.015513970958194199e-14,2.617802628773469024e-14,3.339860862286941176e-14,3.244266091068527473e-14,3.796996027564152669e-14,3.551515746344534753e-14,2.879832268706636990e-14,3.062143819392955716e-14,2.880843045530950970e-14,3.173341701936494901e-14,4.950082763934694918e-14,7.091468650558958718e-14,2.665345246895405603e-14,3.018416431412154599e-14,3.199185882057907535e-14,3.398453015337480771e-14,3.762715608766730571e-14,3.192112835437770312e-14,3.227437259453366035e-14,2.831506837738805700e-14,2.842033146034902422e-14,4.411245649218651295e-14,6.228863267258136796e-14,1.137436129139206366e-13,2.340743817038458263e-14,2.505902324542929583e-14,2.959537227168889117e-14,3.900378976449043325e-14,4.813533747351968810e-14,3.377734374086321345e-14,2.922901517490268009e-14,2.578596537497499434e-14,2.862140827104794422e-14,4.069650142276238408e-14,9.515135900354999263e-14,1.210912886217964348e-13,2.335549551533877019e-14,2.236362129802141702e-14,2.605462548471988135e-14,3.045750563064228402e-14,3.487002674845448002e-14,2.989858842183190152e-14,3.237185937230818485e-14,3.271522621957598687e-14,3.407925054305998912e-14,6.380290063758727064e-14,1.715939181159051925e-13,1.817323640569615408e-14,2.175099479713386597e-14,3.274237992112311880e-14,3.016756021415894552e-14,3.904063470127293697e-14,3.069062240461026218e-14,4.050372135789772033e-14,7.908057581894559235e-14,5.909211201422355548e-14,8.489457677452886904e-14,3.808655321878546088e-14,1.002522011271129096e-13,1.090030795560726437e-13,9.643127227796888231e-14,3.057110651607481388e-13,9.519828637167158212e-14,1.054172455863801312e-13,3.797134473879289981e-14,5.904778242553711248e-13,2.463561001520452708e-13
2.912553322544901330e-14,4.115114065829506316e-14,3.257700676292219421e-14,2.979198023037201117e-14,3.589616068081302587e-14,3.275799537142486291e-14,3.181941204497657212e-14,3.808095507562175762e-14,2.838221972291201927e-14,2.742302257433811807e-14,2.329482405979771102e-14,3.027974951459725487e-14,2.671304613907283400e-14,3.346097598671085351e-14,3.248323574835269162e-14,3.787269791545039368e-14,3.522838271006639156e-14,2.878715448770513023e-14,3.057301865435751007e-14,2.886109321299657332e-14,3.176017446525475268e-14,4.899233698221029379e-14,6.940776249319486924e-14,2.670158233230866127e-14,3.008355837537519524e-14,3.195853515514870947e-14,3.387652587235552508e-14,3.734576205234303449e-14,3.184872577523199561e-14,3.224753759791849568e-14,2.821558489203032282e-14,2.833905801917809351e-14,4.327039230667898572e-14,6.091068480097305587e-14,1.101036693840084968e-13,2.338208805444349416e-14,2.502614467202157596e-14,2.934046810252884077e-14,3.805882553721550798e-14,4.664183110208404966e-14,3.351932545170569904e-14,2.909524294938552478e-14,2.578778843975388524e-14,2.847385088667781962e-14,3.979116117745698625e-14,9.042015807431192589e-14,1.145855534232797710e-13,2.328070328366860949e-14,2.237328358207428993e-14,2.586599325060069063e-14,3.013256239588899916e-14,3.445391276608634912e-14,2.972759227741266356e-14,3.203550240521277745e-14,3.240389328784652713e-14,3.376793985317999400e-14,6.192939488628541908e-14,1.608143344706170870e-13,1.820201731410474502e-14,2.167583567995585613e-14,3.215482610963813158e-14,2.983735554665988735e-14,3.826541191314663200e-14,3.040837035421071061e-14,3.979624375234133373e-14,7.554646459521496191e-14,5.752556840483235834e-14,8.188131981575618659e-14,3.742585556959386710e-14,9.466022377620006789e-14,1.027716520115163653e-13,9.140449539532096835e-14,2.784645633184142502e-13,9.092200959630214522e-14,1.016628227119709759e-13,3.880646970276191140e-14,5.248051858201437104e-13,2.269546901326515768e-13
2.926768718804124517e-14,4.127694870973017541e-14,3.277637852798318618e-14,3.039796439230367325e-14,3.604761490077688791e-14,3.289549539193818295e-14,3.187145879048873249e-14,3.795198641278073379e-14,2.839113711702940524e-14,2.752569329395501528e-14,2.344278277934743510e-14,3.047986058983721828e-14,2.725794238762247588e-14,3.361531412343861706e-14,3.261400875704336534e-14,3.789684460780655635e-14,3.506424605680062007e-14,2.885652835889001891e-14,3.061414512633541765e-14,2.899002729145496040e-14,3.187551974216043223e-14,4.868293840921551262e-14,6.827727634906799562e-14,2.681887064200402951e-14,3.007400132525923837e-14,3.201889940438580296e-14,3.387468922975261476e-14,3.719569126082453449e-14,3.187226300828636889e-14,3.231501877047045819e-14,2.820010836171706158e-14,2.834116747213795372e-14,4.261746109472578198e-14,5.984915532018286356e-14,1.072882882081415890e-13,2.341937755073496867e-14,2.506200195252897785e-14,2.918220943042296498e-14,3.728113130967945088e-14,4.538745712434567682e-14,3.337522822549515114e-14,2.905074538962342286e-14,2.585880427560224290e-14,2.841398468654846476e-14,3.906010195175617659e-14,8.644559229433416291e-14,1.091672078911067778e-13,2.327100642176007185e-14,2.244030587824292784e-14,2.575731407474523944e-14,2.991085323247391345e-14,3.416387396858912345e-14,2.965038544823604728e-14,3.181094967766026222e-14,3.220466979018958969e-14,3.357444576666650285e-14,6.040708935018863885e-14,1.519134703999398569e-13,1.827406587170975416e-14,2.166036939185433183e-14,3.169066490765964258e-14,2.960940420318860055e-14,3.765098409877600849e-14,3.022843836971121664e-14,3.925398991603476650e-14,7.256822124099215848e-14,5.626569121620508598e-14,7.943006788350936066e-14,3.691658131001023053e-14,8.993383180438730309e-14,9.752179649421711847e-14,8.716735896874901478e-14,2.564707629540176002e-13,8.736717626587658275e-14,9.867351208657411072e-14,3.966148608721217248e-14,4.739735802152799497e-13,2.110978771912012047e-13
2.947678399806237084e-14,4.151286878911026651e-14,3.304945176031125880e-14,3.101554975230975132e-14,3.628820512303347678e-14,3.311230880424443579e-14,3.200588828786896584e-14,3.793960766477219042e-14,2.847353976195466879e-14,2.769266058826703876e-14,2.363912336960761350e-14,3.074601933875869456e-14,2.781305260178171150e-14,3.384999024418490473e-14,3.282372723153577206e-14,3.802687844665138824e-14,3.500779578223938972e-14,2.899692058562203983e-14,3.073411011329692617e-14,2.918603653872680086e-14,3.206852425611566776e-14,4.854574918299576927e-14,6.746643214479825953e-14,2.699718403385411157e-14,3.014477754842960944e-14,3.216153822108481894e-14,3.396600607653402820e-14,3.716061229761314332e-14,3.198016146468099876e-14,3.246527371840749652e-14,2.825896442512547974e-14,2.841701061502086669e-14,4.212863651135313035e-14,5.905778264216080804e-14,1.051517332341294193e-13,2.351241352296710145e-14,2.515887139393199186e-14,2.910947287408056008e-14,3.664834762907065524e-14,4.433696439573282508e-14,3.333136416390510343e-14,2.908518910383482696e-14,2.599108371147744853e-14,2.843175120504696676e-14,3.848021394647411187e-14,8.308473318946044365e-14,1.046193156303975971e-13,2.331932722882156006e-14,2.255836971908967091e-14,2.571972318989845543e-14,2.978038028580903415e-14,3.398464482362013070e-14,2.965608073168456548e-14,3.168497118944040731e-14,3.210424952828759782e-14,3.348460999537648268e-14,5.918221763721995784e-14,1.444819240919629943e-13,1.838483133533039542e-14,2.169824540620076734e-14,3.133479911332092104e-14,2.947184954747013839e-14,3.717658126379943110e-14,3.013892049001490175e-14,3.885572344467270516e-14,7.004689848239248755e-14,5.526714615227971202e-14,7.744579429616986315e-14,3.653958436213752948e-14,8.590288885807740642e-14,9.305701808204893403e-14,8.356838560113106669e-14,2.383658563740623033e-13,8.440152664077251736e-14,9.631424312493524157e-14,4.053693634527282461e-14,4.334985494377212439e-13,1.979243292455171171e-13
2.974500623368185763e-14,4.184470427455521276e-14,3.338718394188392211e-14,3.164506671058332427e-14,3.660685049131780036e-14,3.339888109843793341e-14,3.221310346724395403e-14,3.802990191218705395e-14,2.862127775299789935e-14,2.791665147815865929e-14,2.387847819707651715e-14,3.107027216739465779e-14,2.837870044633177800e-14,3.415522605773701144e-14,3.310291898067050070e-14,3.824981557430364131e-14,3.504657912645024127e-14,2.920027233591950915e-14,3.092387659427415579e-14,2.944134523724054199e-14,3.232997771414812610e-14,4.855871315650232482e-14,6.693024109299968235e-14,2.722962485969742689e-14,3.028685056952159075e-14,3.237683324471605561e-14,3.413954629843364077e-14,3.722693293709693773e-14,3.216266753493495261e-14,3.268857833172913840e-14,2.838397942705831825e-14,2.855843016367450035e-14,4.178370232607021732e-14,5.849982869298026058e-14,1.035831807238406992e-13,2.365532347685317680e-14,2.531018916369419671e-14,2.911295702709534571e-14,3.614251288113126434e-14,4.346246989308071681e-14,3.337630680285885833e-14,2.918986453591052194e-14,2.617789099830330819e-14,2.851867477451331773e-14,3.803290066159832831e-14,8.023000565286016969e-14,1.007811744086250051e-13,2.341965059394649217e-14,2.272208332026294984e-14,2.574576203187872442e-14,2.973116553439088806e-14,3.390361006950561879e-14,2.973552445972552299e-14,3.164657409021463275e-14,3.209155761713407386e-14,3.348665151525611992e-14,5.821267836411844972e-14,1.382239577414957567e-13,1.853040848840158318e-14,2.178405908623112176e-14,3.107490430572933045e-14,2.941483527950224593e-14,3.682539489283192874e-14,3.012988319070074577e-14,3.858418825127994244e-14,6.790698649677384377e-14,5.449416891152063230e-14,7.585569033819115551e-14,3.627927699932695202e-14,8.244007980509403926e-14,8.923110307612500065e-14,8.049377333617744376e-14,2.232219992710590763e-13,8.192523772901423470e-14,9.448259371512623919e-14,4.143338052697375472e-14,4.005402237501276270e-13,1.868327397079767782e-13
3.006571960047883763e-14,4.226055456139881047e-14,3.378195927122064365e-14,3.228683765255125850e-14,3.699421258046132349e-14,3.374713336850173064e-14,3.248495683738801350e-14,3.821115114140943557e-14,2.882740201462797027e-14,2.819146750616304386e-14,2.415626923898716975e-14,3.144590795358381501e-14,2.895519851620919863e-14,3.452276446348940168e-14,3.344356944987693783e-14,3.855470680877561241e-14,3.517010094937170614e-14,2.945971909952964795e-14,3.117575987061442245e-14,2.974934704785497544e-14,3.265207505198540706e-14,4.870348990125602090e-14,6.663241847093728431e-14,2.751031473384075496e-14,3.049253211971927568e-14,3.265662147003264056e-14,3.438605008481101367e-14,3.738320893306494755e-14,3.241149877042340140e-14,3.297668390054318688e-14,2.856818513085931739e-14,2.875847093101162686e-14,4.156608874203628385e-14,5.814561929075014528e-14,1.024964466552984121e-13,2.384306763356868757e-14,2.551033538818098885e-14,2.918479174138032392e-14,3.574901886555261112e-14,4.274163560094882777e-14,3.350040643387546560e-14,2.935735906524789994e-14,2.641346778967064115e-14,2.866754109499712954e-14,3.770299826619010260e-14,7.779894746810892590e-14,9.753127613159824262e-14,2.356681911280397215e-14,2.292681723339359460e-14,2.582908542675942037e-14,2.975480686733371344e-14,3.391020659904085703e-14,2.988093976531004600e-14,3.168650887307902591e-14,3.215726197202266251e-14,3.357064639875954420e-14,5.746497884936140153e-14,1.329207091574966431e-13,1.870742785074525657e-14,2.191316924180235981e-14,3.090079280910109028e-14,2.943006522161388779e-14,3.658363804340910515e-14,3.019293795490488297e-14,3.842516299311183070e-14,6.608990280911921080e-14,5.391809922949332607e-14,7.460295878509975806e-14,3.612279318811116291e-14,7.944827472474297240e-14,8.593304617251854123e-14,7.785641834634069375e-14,2.103859446878492968e-13,7.986158855362870924e-14,9.309927037187566451e-14,4.235139707429541073e-14,3.732124382596631821e-13,1.773906044006580682e-13
3.043327957671376546e-14,4.275040732030146171e-14,3.422735381003068789e-14,3.294117902207639741e-14,3.744240142799248873e-14,3.415021391410234738e-14,3.281449648945346857e-14,3.847340082200253505e-14,2.908595033301725488e-14,2.851180747093300255e-14,2.446858577173877827e-14,3.186725705011445504e-14,2.954285074851275017e-14,3.494561490383074266e-14,3.383887632277725543e-14,3.893226604748786158e-14,3.536942906989557562e-14,2.976938719714873371e-14,3.148319023411384993e-14,3.010441303740462855e-14,3.302817921807472061e-14,4.896466194144194032e-14,6.654322448547112249e-14,2.783422892288296049e-14,3.075523705868201747e-14,3.299394134886381193e-14,3.469762250101192741e-14,3.761971416992037013e-14,3.271958113355640236e-14,3.332256047973774159e-14,2.880559967943281786e-14,2.901116442419937427e-14,4.146202975692230159e-14,5.797081067871678566e-14,1.018231375814525093e-13,2.407129760249278638e-14,2.575447214683245386e-14,2.931825008608284438e-14,3.545584559999000164e-14,4.215635604807948822e-14,3.369543569901125663e-14,2.958131542296296636e-14,2.669286990157556528e-14,2.887215969640388627e-14,3.747798643889611032e-14,7.572733245326182801e-14,9.477610712385785310e-14,2.375637998031696085e-14,2.316857960436009808e-14,2.596424428382699465e-14,2.984415074522932371e-14,3.399548594764722597e-14,3.008566366705434998e-14,3.179690693108423643e-14,3.229341527916449940e-14,3.372814763873604055e-14,5.691207989246918202e-14,1.284068292460190988e-13,1.891297156094699267e-14,2.208156150799671963e-14,3.080394274059760204e-14,2.951047838203922215e-14,3.643985769199018806e-14,3.032092675118896093e-14,3.836677284062130558e-14,6.454953506616069305e-14,5.351563078887998918e-14,7.364255698140147711e-14,3.605937668957273719e-14,7.685212167763476013e-14,8.307709723917850851e-14,7.558856608718551532e-14,1.993844367895847778e-13,7.815066261840598115e-14,9.210170790582207615e-14,4.329158361879386306e-14,3.502132438880426649e-13,1.692789050551640971e-13
3.084287904177081932e-14,4.330582385262148556e-14,3.471794843502608637e-14,3.360840308958843255e-14,3.794474462326629565e-14,3.460230409858581603e-14,3.319577198066099667e-14,3.880813797194011181e-14,2.939178512377703641e-14,2.887312926822635747e-14,2.481208637215353850e-14,3.232953030640750586e-14,3.014195448178252254e-14,3.541785336705507695e-14,3.428305792692136320e-14,3.937458912107718727e-14,3.563690263646600652e-14,3.012423710267532346e-14,3.184053192674329540e-14,3.050174100917290451e-14,3.345263663899740572e-14,4.932915938191286738e-14,6.663793900499153873e-14,2.819706638868404307e-14,3.106929846335589366e-14,3.338283836652059075e-14,3.506750316322261413e-14,3.792812327538915780e-14,3.308084957650794430e-14,3.372020004269117920e-14,2.909106231901267767e-14,2.931136577019552591e-14,4.145994566066713132e-14,5.795515016190274731e-14,1.015079864164241827e-13,2.433624806426582898e-14,2.603841951732296194e-14,2.950753384547660784e-14,3.525299257774753280e-14,4.169179685398153889e-14,3.395432699205078771e-14,2.985625035200563140e-14,2.701184113893851797e-14,2.912718589279886413e-14,3.734740426972310531e-14,7.396443370101224230e-14,9.244257718015913686e-14,2.398446891474951774e-14,2.344391945528919743e-14,2.614652273641364802e-14,2.999304861726067456e-14,3.415179107648343255e-14,3.034395057069192593e-14,3.197101189014543526e-14,3.249318979240406050e-14,3.395190406150099188e-14,5.653184864693024562e-14,1.245551531527565497e-13,1.914450755979186418e-14,2.228574471458071003e-14,3.077714548134815580e-14,2.965000695612404606e-14,3.638442551604440241e-14,3.050768825266641815e-14,3.839898297381888598e-14,6.324911799050870615e-14,5.326754887547060933e-14,7.293821338498033071e-14,3.607992866698085693e-14,7.459230363336267201e-14,8.059600670957496145e-14,7.363676360853008985e-14,1.898662129690886652e-13,7.674499225031568190e-14,9.143966869432593109e-14,4.425455779934638832e-14,3.306149017985523194e-13,1.622572211641399133e-13
3.129042521090824000e-14,4.391968961195396549e-14,3.524917642656889648e-14,3.428881946468058884e-14,3.849560139067617207e-14,3.509846268452392392e-14,3.362368223668744615e-14,3.920804847267630573e-14,2.974046776545423387e-14,2.927153948427584546e-14,2.518391859661387557e-14,3.282868728111906573e-14,3.075280221868949248e-14,3.593446128723284114e-14,3.477119976736852717e-14,3.987493547806678539e-14,3.596591328334928973e-14,3.051993980487952469e-14,3.224294167302435917e-14,3.093723426359192473e-14,3.392062993273272851e-14,4.978583428269590441e-14,6.689576912543602366e-14,2.859514525953506993e-14,3.142982512968913502e-14,3.381821236366113630e-14,3.548988841677483370e-14,3.830127307444942587e-14,3.349009303901720562e-14,3.416446160590669493e-14,2.942010621465978935e-14,2.965462764268920638e-14,4.154998599880850414e-14,5.808157911840887068e-14,1.015056192509048481e-13,2.463465198084424850e-14,2.635855865156792726e-14,2.974761200081890098e-14,3.513205083692587931e-14,4.133567945915966325e-14,3.427097490584012023e-14,3.017741599722178525e-14,2.736671341603652566e-14,2.942798510081782202e-14,3.730241310234786508e-14,7.246968701844741028e-14,9.047277405749443965e-14,2.424772065340087026e-14,2.374984996051029358e-14,2.637181473527733944e-14,3.019617400003862995e-14,3.437251523542551979e-14,3.065082299608927966e-14,3.220297839395588462e-14,3.275067860577179565e-14,3.423564981897626533e-14,5.630593126248451348e-14,1.212663540651511107e-13,1.939983692350843271e-14,2.252267107233331350e-14,3.081423944773000744e-14,2.984339450538709320e-14,3.640915706344767862e-14,3.074788216836499052e-14,3.851322233240497525e-14,6.215899979389958769e-14,5.315780752428980147e-14,7.246029803186070164e-14,3.617667019254386675e-14,7.262152343497409868e-14,7.843633060315598889e-14,7.195831314242233409e-14,1.815650849340376704e-13,7.560647934964433454e-14,9.107216009614969883e-14,4.524095810971432918e-14,3.137384232740025646e-13,1.561409763319113756e-13
3.177243810065729111e-14,4.458601168654827855e-14,3.581719702194920159e-14,3.498273639388815105e-14,3.909020961913360105e-14,3.563449820841816807e-14,3.409385340526843299e-14,3.966683008467413269e-14,3.012815899169896524e-14,2.970370309720239127e-14,2.558165188721188228e-14,3.336132648338659598e-14,3.137568313738820667e-14,3.649119297351213092e-14,3.529912880229760863e-14,4.042755425391227164e-14,3.635073793453918362e-14,3.095277686587426714e-14,3.268625540898268615e-14,3.140740186500175637e-14,3.442805759828478369e-14,5.032513891657897820e-14,6.729905591203692938e-14,2.902531685834643813e-14,3.183258921243729717e-14,3.429569465440053129e-14,3.595979063981287470e-14,3.873297961775866887e-14,3.394283099043166626e-14,3.465094634649853458e-14,2.978885842490376660e-14,3.003710055786959160e-14,4.172368837553115312e-14,5.833557658464924820e-14,1.017782787122232233e-13,2.496367267803336655e-14,2.671175423269510409e-14,3.003409752127167525e-14,3.508587767616358888e-14,4.107774173738734915e-14,3.464008495797461078e-14,3.054069175581474911e-14,2.775432580679900190e-14,2.977052744670138155e-14,3.733546637313763655e-14,7.121029336208584082e-14,8.882024916121196148e-14,2.454319858647035427e-14,2.408378616867966291e-14,2.663652930672069485e-14,3.044888371207330277e-14,3.465192011543220270e-14,3.100195601956505849e-14,3.248771963217569509e-14,3.306074472778007916e-14,3.457394435845472985e-14,5.621892116248146395e-14,1.184617850248313547e-13,1.967705076549556359e-14,2.278967359895229682e-14,3.090990758533735581e-14,3.008605803358948671e-14,3.650702462290874758e-14,3.103685556198307407e-14,3.870210179503466529e-14,6.125501517328904080e-14,5.317284736223441449e-14,7.218427908230539960e-14,3.634288849194614061e-14,7.090163868595421596e-14,7.655509733744760579e-14,7.051872985875638641e-14,1.742756691829669156e-13,7.470417609251662769e-14,9.096524178497494602e-14,4.625144478221755777e-14,2.990754335355476539e-13,1.507861633539494906e-13
3.228596532078580128e-14,4.529975128532727305e-14,3.641878912146793884e-14,3.569046187735644131e-14,3.972455797446857983e-14,3.620686245644832531e-14,3.460253852512893643e-14,4.017904496135429796e-14,3.055153809289885458e-14,3.016676813972166823e-14,2.600322069549217782e-14,3.392459281904088278e-14,3.201088439177038769e-14,3.708446468486897795e-14,3.586330854704451412e-14,4.102754241694540479e-14,3.678640843589831143e-14,3.141955785406297691e-14,3.316689548965046622e-14,3.190927510697125315e-14,3.497143382807722774e-14,5.093887670550015174e-14,6.783268968415188999e-14,2.948489366350771448e-14,3.227393554074847676e-14,3.481154690106074772e-14,3.647292423444698589e-14,3.921789466109350587e-14,3.443521277460585432e-14,3.517589467047320659e-14,3.019395942827182404e-14,3.045545218648236539e-14,4.197372166068014848e-14,5.870467357820619300e-14,1.022941964908586773e-13,2.532084821197218695e-14,2.709529102384218013e-14,3.036315191612196926e-14,3.510834733107519288e-14,4.090932642800584397e-14,3.505705539518413452e-14,3.094249800444948805e-14,2.817195750657861953e-14,3.015130415143750959e-14,3.744005842223780423e-14,7.015946498572688349e-14,8.744733598907067519e-14,2.486833825814003484e-14,2.444349335415292206e-14,2.693751667456695298e-14,3.074711133606801526e-14,3.498499697332753606e-14,3.139358591720038051e-14,3.282079018813413941e-14,3.341890462512046095e-14,3.496204861360536458e-14,5.625773917107882713e-14,1.160784168693597845e-13,1.997449422779649940e-14,2.308441607502458606e-14,3.105952240393787357e-14,3.037398217494431054e-14,3.667193925278843970e-14,3.137053958086855836e-14,3.895920136350466035e-14,6.051728050600483232e-14,5.330108674210909921e-14,7.208958992973249572e-14,3.657274472397193388e-14,6.940157942503559188e-14,7.491739626752960436e-14,6.928988633644963897e-14,1.678369823723640268e-13,7.401265804778954023e-14,9.109044585836889917e-14,4.728670071201187504e-14,2.862377606377051588e-13,1.460788281056639964e-13
3.282850966293965300e-14,4.605668324630085826e-14,3.705126114321462779e-14,3.641230463260639920e-14,4.039527775871540781e-14,3.681256034407206164e-14,3.514653352331055236e-14,4.074000054511978463e-14,3.100773594779173613e-14,3.065830184215143993e-14,2.644687575577849399e-14,3.451609889773812075e-14,3.265869223221065349e-14,3.771126069732522001e-14,3.646075034783071674e-14,4.167072676691087826e-14,3.726860763874547765e-14,3.191755087143066431e-14,3.368179314526547971e-14,3.244033658391928612e-14,3.554780382933826246e-14,5.162000461867335151e-14,6.848367154444393166e-14,2.997158806745299879e-14,3.275070679783513674e-14,3.536257632973467324e-14,3.702561123664053400e-14,3.975139044679024011e-14,3.496393383403118360e-14,3.573609982081339079e-14,3.063249693167577530e-14,3.090680061914679596e-14,4.229369106764807921e-14,5.917808939487717836e-14,1.030264112224568693e-13,2.570404484592696223e-14,2.750682086714063855e-14,3.073140995396939559e-14,3.519415860203248612e-14,4.082306393890690112e-14,3.551788280689731923e-14,3.137972572237066584e-14,2.861727128856940966e-14,3.056725971746415661e-14,3.761053222401403884e-14,6.929512170236586000e-14,8.632318031297884782e-14,2.522090101592267211e-14,2.482704337841265310e-14,2.727200960221071451e-14,3.108728423694542307e-14,3.536735896738763886e-14,3.182243633050025646e-14,3.319829453179990536e-14,3.382123669558771430e-14,3.539582729510433831e-14,5.641116765463417204e-14,1.140651880259089393e-13,2.029073585361223156e-14,2.340485217334562426e-14,3.125902674416954564e-14,3.070363690566582253e-14,3.689858427191389346e-14,3.174536826194737698e-14,3.927890802018608466e-14,5.992928841083664408e-14,5.353253915380215702e-14,7.215878899152990799e-14,3.686112721653763505e-14,6.809580957832384897e-14,7.349460325127272979e-14,6.824863606962080453e-14,1.621210796541898115e-13,7.351081376201409361e-14,9.142362542683822237e-14,4.834743242595015254e-14,2.749239102117046389e-13,1.419276672503139252e-13
3.339796703412779671e-14,4.685327709586505983e-14,3.771237416089232113e-14,3.714857492909196507e-14,4.109955078148255846e-14,3.744907297956518656e-14,3.572310581957461854e-14,4.134565124522381385e-14,3.149427847295288439e-14,3.117623587177223309e-14,2.691114204786140768e-14,3.513385779204891684e-14,3.331939297433072400e-14,3.836905312731889842e-14,3.708893761571237845e-14,4.235356424936598096e-14,3.779358469776293940e-14,3.244442325982559287e-14,3.422832263238875003e-14,3.299845938851234667e-14,3.615467149201575337e-14,5.236247264281657438e-14,6.924077800843474272e-14,3.048345977314384438e-14,3.326018058527324240e-14,3.594606361239577169e-14,3.761470175436300439e-14,4.032946510926670671e-14,3.552616479200050603e-14,3.632883435329654708e-14,3.110195032541161460e-14,3.138865810913019198e-14,4.267798873444834418e-14,5.974645540497098352e-14,1.039518942954798313e-13,2.611141745097422809e-14,2.794431763034464947e-14,3.113591909377641743e-14,3.533868564508966187e-14,4.081262584376987068e-14,3.601908506549311441e-14,3.184967786403322736e-14,2.908826511849075342e-14,3.101573574221612264e-14,3.784193142365004256e-14,6.859890760408568132e-14,8.542227051881158919e-14,2.559893519960587432e-14,2.523277726171926740e-14,2.763757588541231519e-14,3.146625782253751847e-14,3.579515621004707521e-14,3.228565728978922722e-14,3.361681418772046384e-14,3.426430785655656655e-14,3.587167011564033670e-14,5.666949790351489157e-14,1.123803259483530379e-13,2.062454116156926626e-14,2.374919138433525473e-14,3.150484152269441191e-14,3.107191250590182185e-14,3.718228724202441654e-14,3.215821342655731019e-14,3.965629088753536697e-14,5.947721822645916949e-14,5.385852346184421277e-14,7.237693116044778926e-14,3.720353836958887150e-14,6.696317309511469097e-14,7.226305479393703459e-14,6.737577717704975385e-14,1.570250150183923068e-13,7.318093261417777387e-14,9.194410622717484113e-14,4.943437109949749803e-14,2.648961745153505427e-13,1.382587142022956171e-13
3.399257297286527961e-14,4.768659576667524378e-14,3.840027618117723602e-14,3.789958531366332673e-14,4.183503052665469809e-14,3.811429160500634957e-14,3.632993297855208457e-14,4.199251571106519831e-14,3.200903814794639815e-14,3.171881899890635552e-14,2.739478238046557720e-14,3.577622543499796354e-14,3.399327383897548383e-14,3.905573317198949095e-14,3.774576073674284351e-14,4.307305679892287514e-14,3.835808456110963488e-14,3.299819047169454007e-14,3.480424464064980057e-14,3.358185466916334312e-14,3.678993717311447071e-14,5.316109058470228004e-14,7.009429879225068811e-14,3.101887030087070822e-14,3.380001564384504268e-14,3.655970088334349650e-14,3.823750596646771034e-14,4.094866343532981016e-14,3.611949064080333040e-14,3.695178694365074081e-14,3.160014328108014481e-14,3.189888290467409951e-14,4.312167781621442792e-14,6.040160180648181965e-14,1.050508899651839665e-13,2.654137532181202438e-14,2.840603837651419316e-14,3.157408972986079950e-14,3.553786175054169586e-14,4.087253203725789305e-14,3.655763708381288690e-14,3.235001961656071979e-14,2.958323031073521130e-14,3.149442345673425042e-14,3.812988585889213871e-14,6.805543973567714930e-14,8.472332574538663420e-14,2.600074304986584314e-14,2.565927271812019459e-14,2.803207907911943509e-14,3.188126246356081916e-14,3.626500741790021561e-14,3.278077385410184131e-14,3.407334857471569220e-14,3.474511340628544771e-14,3.638642690290755794e-14,5.702426145574438488e-14,1.109893503309669013e-13,2.097484960174730374e-14,2.411587006457734127e-14,3.179379388706457241e-14,3.147606720033178545e-14,3.751892081255224678e-14,3.260633138228659893e-14,4.008700387114626625e-14,5.914940470268118263e-14,5.427144276382194045e-14,7.273109402219438222e-14,3.759600651129666009e-14,6.598601673360763833e-14,7.120304345218133452e-14,6.665526168987729388e-14,1.524650428097264929e-13,7.300800996098402634e-14,9.263405418767626446e-14,5.054827362504147891e-14,2.559646369719080889e-13,1.350114565461004476e-13
3.461085642842087950e-14,4.855420908155922927e-14,3.911344588568864769e-14,3.866565124368643659e-14,4.259977455109913012e-14,3.880646069886540085e-14,3.696504960709724971e-14,4.267760615370859091e-14,3.255019199429805118e-14,3.228457598173429693e-14,2.789676577918554043e-14,3.644185122998208032e-14,3.468062368310783272e-14,3.976955199919384328e-14,3.842946096510655785e-14,4.382667805170225258e-14,3.895928818072729581e-14,3.357717167866943636e-14,3.540765724793828487e-14,3.418902624056020721e-14,3.745184396414855960e-14,5.401141560456645620e-14,7.103582701528226131e-14,3.157644348504403280e-14,3.436820534739646797e-14,3.720153809892194208e-14,3.889173541956749478e-14,4.160600936554283758e-14,3.674185811985567294e-14,3.760300772476819721e-14,3.212520276264858803e-14,3.243563751929305588e-14,4.362040127000981337e-14,6.113638983056503294e-14,1.063064057275412583e-13,2.699255235846916329e-14,2.889048955605128800e-14,3.204365348454762546e-14,3.578808847873025736e-14,4.099799908955362559e-14,3.713091626530997832e-14,3.287873556311482822e-14,3.010071508262917543e-14,3.200132297777909876e-14,3.847052244884800251e-14,6.765172725709821837e-14,8.420844423811109242e-14,2.642485206926477677e-14,2.610531577495092055e-14,2.845364538289070627e-14,3.232985976426738366e-14,3.677394377257834361e-14,3.330564212172737285e-14,3.456526594852608601e-14,3.526102673807870794e-14,3.693735306774644844e-14,5.746802396242372408e-14,1.098635632110248808e-13,2.134075431280058118e-14,2.450352643699504487e-14,3.212306080873817837e-14,3.191368416290190291e-14,3.790482521604805333e-14,3.308731839020640319e-14,4.056720856156662275e-14,5.893592434907653044e-14,5.476461412343676475e-14,7.321001811832285756e-14,3.803501624572105516e-14,6.514951479848178136e-14,7.029804686887772927e-14,6.607358478640491101e-14,1.483723637123473426e-13,7.297921305199917855e-14,9.347799764320832613e-14,5.168992373539726455e-14,2.479757641071084286e-13,1.321359540710509365e-13
3.525159977097718605e-14,4.945411975602056580e-14,3.985064447754840905e-14,3.944709164234615902e-14,4.339218647913909657e-14,3.952412890619542618e-14,3.762680118362506016e-14,4.339836726654816762e-14,3.311618486546850761e-14,3.287227175959117843e-14,2.841624002900399412e-14,3.712963570969525314e-14,3.538173363815947400e-14,4.050906989305926351e-14,3.913858198823684764e-14,4.461230999133757456e-14,3.959476104337266387e-14,3.417995107241031419e-14,3.603695319340403400e-14,3.481873123706876154e-14,3.813893119314795935e-14,5.490965597206753508e-14,7.205808750337062422e-14,3.215503110443912896e-14,3.496303714790360605e-14,3.786993642792473500e-14,3.957545201640735252e-14,4.229894774586632032e-14,3.739152991258342757e-14,3.828086082581209526e-14,3.267552324211968573e-14,3.299735227922069539e-14,4.417030884968950028e-14,6.194457694154784471e-14,1.077038091493407601e-13,2.746378087089755941e-14,2.939639736857630472e-14,3.254262759833150206e-14,3.608616435043161287e-14,4.118482054122708975e-14,3.773665548410838894e-14,3.343409237634535345e-14,3.063949267185152669e-14,3.253470787587575243e-14,3.886039530309271280e-14,6.737671773176084643e-14,8.386244387991017448e-14,2.686998995078131961e-14,2.656987584040286585e-14,2.890063521839794761e-14,3.280990581275859360e-14,3.731936187047084455e-14,3.385841105305866704e-14,3.509026191931573142e-14,3.580975650687440270e-14,3.752206296526769287e-14,5.799422576622032330e-14,1.089788924553005541e-13,2.172148425846747885e-14,2.491097872294838833e-14,3.249012433601718200e-14,3.238263550027614429e-14,3.833674698938746306e-14,3.359907275137700541e-14,4.109351208984098641e-14,5.882827050553421190e-14,5.533213605611256896e-14,7.380383164556958177e-14,3.851745250473789613e-14,6.444114332947087819e-14,6.953412910821307648e-14,6.561930772668186066e-14,1.446899555506664897e-13,7.308346755260528409e-14,9.446246066175607154e-14,5.286013318555791591e-14,2.408041196157088301e-13,1.295906686385489624e-13
3.591380419242333650e-14,5.038470010397426077e-14,4.061087449630382096e-14,4.024422938827580061e-14,4.421096624723280503e-14,4.026610671790449085e-14,3.831380382238852211e-14,4.415262302273730101e-14,3.370569721906301381e-14,3.348088023874411351e-14,2.895250783392548898e-14,3.783869426764181349e-14,3.609689766939241669e-14,4.127311251258225747e-14,3.987192810631867623e-14,4.542818805760566502e-14,4.026240835472476614e-14,3.480534405901968031e-14,3.669078254643088928e-14,3.546994599534523745e-14,3.884999416556796414e-14,5.585258791448522904e-14,7.315479335223849639e-14,3.275368296172602020e-14,3.558305701958905411e-14,3.856352766949056559e-14,4.028702351450713370e-14,4.302529359090018890e-14,3.806704464437830202e-14,3.898398309203951694e-14,3.324973525795071357e-14,3.358269331118723251e-14,4.476799756626669424e-14,6.282070621098330078e-14,1.092305012772753281e-13,2.795406846479618570e-14,2.992268167076600782e-14,3.306928404935021140e-14,3.642922862965563772e-14,4.142927214749284228e-14,3.837290208956972806e-14,3.401460607114663521e-14,3.119853338305390570e-14,3.309309407900965688e-14,3.929643037336929846e-14,6.722093950011133763e-14,8.367234671077761521e-14,2.733506244905542825e-14,2.705208374073105564e-14,2.937161846760973812e-14,3.331951972508683541e-14,3.789898355423043042e-14,3.443748901478435816e-14,3.564632376457067023e-14,3.638930956995665024e-14,3.813848943530295444e-14,5.859705738545027838e-14,1.083149956144984473e-13,2.211638842622523738e-14,2.533720582983523747e-14,3.289273563460294708e-14,3.288105151092249023e-14,3.881178983964010938e-14,3.413976200632540114e-14,4.166291606203895111e-14,5.881909619208478494e-14,5.596878402511029295e-14,7.450383780806210299e-14,3.904055477389934857e-14,6.385026628693636870e-14,6.889947070696325552e-14,6.528268142682927669e-14,1.413701792304463459e-13,7.331113563116157354e-14,9.557567645407790803e-14,5.405974299712299368e-14,2.343462469289453232e-13,1.273408084917006591e-13
3.659665979163635014e-14,5.134463793376930521e-14,4.139334463304418247e-14,4.105739175019528572e-14,4.505506745909053876e-14,4.103142999603912095e-14,3.902490918299400823e-14,4.493853010289089610e-14,3.431761674623921676e-14,3.410955708384338413e-14,2.950500613678903170e-14,3.856832612809719493e-14,3.682641306696314725e-14,4.206073330072547752e-14,4.062852814453109346e-14,4.627285355274839796e-14,4.096043570077201421e-14,3.545236771072285639e-14,3.736802005110031356e-14,3.614183648783156675e-14,3.958404932091827521e-14,5.683748332533552005e-14,7.432052399629218910e-14,3.337162084553951298e-14,3.622703819109732978e-14,3.928117889869294903e-14,4.102508462998364178e-14,4.378318761593681831e-14,3.876718189357199632e-14,3.971124816586628965e-14,3.384667768244696528e-14,3.419053434537688130e-14,4.541046216499081166e-14,6.376001365763414796e-14,1.108756463015655620e-13,2.846257759728647227e-14,3.046843295613359689e-14,3.362212244269199977e-14,3.681471673910516923e-14,4.172803671283116275e-14,3.903798187403108140e-14,3.461901311439561292e-14,3.177698006101851004e-14,3.367521241115439730e-14,3.977588108443493693e-14,6.717621761245031719e-14,8.362697279523932703e-14,2.781913374425800276e-14,2.755121235265048847e-14,2.986535264696856408e-14,3.385705629220533190e-14,3.851082107476594131e-14,3.504151426792638300e-14,3.623169928911572081e-14,3.699795852808143353e-14,3.878484832383353369e-14,5.927136106282214101e-14,1.078545583331636925e-13,2.252492184195670208e-14,2.578133018354576130e-14,3.332888564076615463e-14,3.340729401281302062e-14,3.932737459551281468e-14,3.470779419176301491e-14,4.227277376407419374e-14,5.890200936751390458e-14,5.666992671853916887e-14,7.530234868083315547e-14,3.960187891133425478e-14,6.336780664930095045e-14,6.838399603725924597e-14,6.505534672623549198e-14,1.383729472906781798e-13,7.365376424245105826e-14,9.680735877536398945e-14,5.528962476870774489e-14,2.285160857461158639e-13,1.253570496899079380e-13
3.729951973874839087e-14,5.233289034710123417e-14,4.219743971101792843e-14,4.188691077535969566e-14,4.592366086444861570e-14,4.181932856955246159e-14,3.975917387478046990e-14,4.575453701604570013e-14,3.495101336697428703e-14,3.475761602074562352e-14,3.007328820304331133e-14,3.931798783197400228e-14,3.757058087609855335e-14,4.287118121709722850e-14,4.140760434526270823e-14,4.714511238632432250e-14,4.168731433747193209e-14,3.612021494793578054e-14,3.806773655978358648e-14,3.683373272713120415e-14,4.034030410596944342e-14,5.786204668999425845e-14,7.555062013321902359e-14,3.400821589106928143e-14,3.689395361254907547e-14,4.002196167790524269e-14,4.178850302316006237e-14,4.457105712092756656e-14,3.949093157971447363e-14,4.046173524799694993e-14,3.446537321352788260e-14,3.481993184684050620e-14,4.609505313283221229e-14,6.475834921066903508e-14,1.126299436673003802e-13,2.898860747500164120e-14,3.103289203058390192e-14,3.419984599296092284e-14,3.724032461629455861e-14,4.207814435128043193e-14,3.973046723712416279e-14,3.524624486570097677e-14,3.237412657605548443e-14,3.427998424996832070e-14,4.029629223772140473e-14,6.723544675639684171e-14,8.371661817038694916e-14,2.832140896379685521e-14,2.806665952484822166e-14,3.038076350507145149e-14,3.442108189074648888e-14,3.915314649462958706e-14,3.566932882990197648e-14,3.684486935544799925e-14,3.763421304017127597e-14,3.945960713642852493e-14,6.001255175998197234e-14,1.075827400831600440e-13,2.294663319972598730e-14,2.624260240491250393e-14,3.379678069145242780e-14,3.395993288891474736e-14,3.988120596656353117e-14,3.530179241132499211e-14,4.292075361858722750e-14,5.907140915808296674e-14,5.743145776395571837e-14,7.619255359039255383e-14,4.019926469665783448e-14,6.298598259428059663e-14,6.797907506523432907e-14,6.493009378917602970e-14,1.356643065689969843e-13,7.410388762665766898e-14,9.814851566030521582e-14,5.655068205707623195e-14,2.232414917274707210e-13,1.236145377517843166e-13
3.802187799723739770e-14,5.334864433044753407e-14,4.302269510543407785e-14,4.273312364120150203e-14,4.681610310523255289e-14,4.262919922084083057e-14,4.051583280344451360e-14,4.659934817939390133e-14,3.560511719850350673e-14,3.542450822406152428e-14,3.065700812092975256e-14,4.008727061540004337e-14,3.832970627446153544e-14,4.370387307787188931e-14,4.220854558774515383e-14,4.804399934578833851e-14,4.244175047392579051e-14,3.680823200193758062e-14,3.878917406117949695e-14,3.754510663665622592e-14,4.111813095884662349e-14,5.892435998269876620e-14,7.684109227749040272e-14,3.466296892081367796e-14,3.758295170808880099e-14,4.078512526934491513e-14,4.257634956506770653e-14,4.538758152103300660e-14,4.023746719640031010e-14,4.123470195599064021e-14,3.510500670391332543e-14,3.547010307994209099e-14,4.681944045901455427e-14,6.581210826510679040e-14,1.144854332050957402e-13,2.953157802373033202e-14,3.161543207297262263e-14,3.480134011585385356e-14,3.770397991545697784e-14,4.247692489917593133e-14,4.044914897425061049e-14,3.589540493814834878e-14,3.298939896813005194e-14,3.490649990875880658e-14,4.085547014421484004e-14,6.739240883699661631e-14,8.393279817399559445e-14,2.884121860296763946e-14,2.859793302939021751e-14,3.091692767570055037e-14,3.501035306521234169e-14,3.982446456475819937e-14,3.631995527666990758e-14,3.748452346233116416e-14,3.829679431886833924e-14,4.016145720802775675e-14,6.081655266301646415e-14,1.074867328793696175e-13,2.338115387547577325e-14,2.672038760456840547e-14,3.429482191217577566e-14,3.453772525135655175e-14,4.047124442901899317e-14,3.592057218950083352e-14,4.360480745462991529e-14,5.932235442280784828e-14,5.824973895822160534e-14,7.716841311646246628e-14,4.083080781056447666e-14,6.269809407042791406e-14,6.767728258800928765e-14,6.490066761681551010e-14,1.332153297083551012e-13,7.465487188486273053e-14,9.959129446018880161e-14,5.784385183319246827e-14,2.184615613059037503e-13,1.220921005284887815e-13
3.876335014634881236e-14,5.439128319341628521e-14,4.386877496765795855e-14,4.359637297471275593e-14,4.773191001777288375e-14,4.346058246325548166e-14,4.129427597823696223e-14,4.747189234940680217e-14,3.627929915777980878e-14,3.610980441236295944e-14,3.125590740994861751e-14,4.087588113418700872e-14,3.910409892100150539e-14,4.455836987705017606e-14,4.303088436097011512e-14,4.896874718674907119e-14,4.322265805097294051e-14,3.751589876310778449e-14,3.953172387181058434e-14,3.827555294207986448e-14,4.191704486858567648e-14,6.002283449732630143e-14,7.818854066590420117e-14,3.533549341816542309e-14,3.829333503216292491e-14,4.157007335417214100e-14,4.338787236733519777e-14,4.623166195527051339e-14,4.100612242815878541e-14,4.202956077042564450e-14,3.576490600367874626e-14,3.614040676932838165e-14,4.758158188357712136e-14,6.691817170684053928e-14,1.164353267526002158e-13,3.009101570880253083e-14,3.221554281227535249e-14,3.542565327170439580e-14,3.820381843983752414e-14,4.292196988610925479e-14,4.119301124015452184e-14,3.656574914081509602e-14,3.362233893867039522e-14,3.555399942450491325e-14,4.145145745447092020e-14,6.764162589012795814e-14,8.426804212498337569e-14,2.937800463394180351e-14,2.914463731511530454e-14,3.147305711248766735e-14,3.562379735587958547e-14,4.052348852270977860e-14,3.699257613744816315e-14,3.814953791976743260e-14,3.898461236794568255e-14,4.088928892348315384e-14,6.167974154287921727e-14,1.075554076682657553e-13,2.382818826551251493e-14,2.721415311844002608e-14,3.482158746218774316e-14,3.513959679714653143e-14,4.109568200718330831e-14,3.656312121797169404e-14,4.432314256720397537e-14,5.965045804377681647e-14,5.912155215429773751e-14,7.822457214376620554e-14,4.149483535699921931e-14,6.249834878659111214e-14,6.747220233015564040e-14,6.496160991216896726e-14,1.310012397806278808e-13,7.530079228409433423e-14,1.011288504530644887e-13,5.917010601804278412e-14,2.141245529320027722e-13,1.207716229797121547e-13
3.952365689012885052e-14,5.546035806081938010e-14,4.473545370693142588e-14,4.447700714350603493e-14,4.867073393561538449e-14,4.431314262903641585e-14,4.209402834697003820e-14,4.837129488431045615e-14,3.697305390287373984e-14,3.681317930974057845e-14,3.186980345980148617e-14,4.168362503828209698e-14,3.989407330965810889e-14,4.543435652969128244e-14,4.387427697860505728e-14,4.991875991152603036e-14,4.402913460352739545e-14,3.824281165949286813e-14,4.029490760565070324e-14,3.902477268336830944e-14,4.273668403345001863e-14,6.115616873450462471e-14,7.959008471202259881e-14,3.602550080258857568e-14,3.902454149262649838e-14,4.237634381580788935e-14,4.422247411634755129e-14,4.710239449021804013e-14,4.179637073852180350e-14,4.284585861011046682e-14,3.644452503241431343e-14,3.683032606041862697e-14,4.837969473403338998e-14,6.807385290199266682e-14,1.184738617054633425e-13,3.066654103393159100e-14,3.283281658117381708e-14,3.607197978266035266e-14,3.873816453520564412e-14,4.341110198482830377e-14,4.196120931665988271e-14,3.725666771112141234e-14,3.427258940947403916e-14,3.622185548223874591e-14,4.208251154631446676e-14,6.797824118843962106e-14,8.471572873527826984e-14,2.993130812121845835e-14,2.970646185704505010e-14,3.204848509149641820e-14,3.626049605725368227e-14,4.124911840311541555e-14,3.768651558891618645e-14,3.883895627791721177e-14,3.969674562060378744e-14,4.164216961941897913e-14,6.259890527533983995e-14,1.077790296192350483e-13,2.428750530105184284e-14,2.772345752664057105e-14,3.537581696885760040e-14,3.576462503062919470e-14,4.175292105549591963e-14,3.722858119393268713e-14,4.507419683783950485e-14,6.005180180428948893e-14,6.004405773821862005e-14,7.935628711393612253e-14,4.218988382663002255e-14,6.238171933502951171e-14,6.735826639520242500e-14,6.510812991761988238e-14,1.290007130137469777e-13,7.603633600787406920e-14,1.027552336911365407e-13,6.053045310334760297e-14,2.101862559651558281e-13,1.196375468911073842e-13
4.030260980843711941e-14,5.655556336519151699e-14,4.562260016950967188e-14,4.537538045815703797e-14,4.963234431267305341e-14,4.518665078189350105e-14,4.291473228093641287e-14,4.929685341471991150e-14,3.768598480052002203e-14,3.753439813793471070e-14,3.249857954871556298e-14,4.251039296762932503e-14,4.069994891134871629e-14,4.633162451324984429e-14,4.473848661610057060e-14,5.089358972776222918e-14,4.486043987824333981e-14,3.898866876404940562e-14,4.107836061087046410e-14,3.979255902229040721e-14,4.357679322377910645e-14,6.232331142923001964e-14,8.104330041696295813e-14,3.673278760209579664e-14,3.977612786582523461e-14,4.320359122956079398e-14,4.507969233715619809e-14,4.799904653664248992e-14,4.260780759251019924e-14,4.368325916528955526e-14,3.714342885160369069e-14,3.753945354038183785e-14,4.921223073065802993e-14,6.927685060795885069e-14,1.205961730216953028e-13,3.125785750966862784e-14,3.346693604623058532e-14,3.673964439009733830e-14,3.930551421568729271e-14,4.394235018173099095e-14,4.275304989232287273e-14,3.796766960364933799e-14,3.493988192147717333e-14,3.690955826566228392e-14,4.274708564760205235e-14,6.839792296797064978e-14,8.526995413353912616e-14,3.050075818653740567e-14,3.028317093000477736e-14,3.264265362413440005e-14,3.691966868143591469e-14,4.200042156550839871e-14,3.840122321751728103e-14,3.955197175893964879e-14,4.043242272716359252e-14,4.241932388622124669e-14,6.357120057185744947e-14,1.081490283563955399e-13,2.475893107303421619e-14,2.824794079402628877e-14,3.595639764706790726e-14,3.641202408295699898e-14,4.244155541008720637e-14,3.791623153502950511e-14,4.585661641839942637e-14,6.052286780150905786e-14,6.101475823053461439e-14,8.055936380233190488e-14,4.291467939693401984e-14,6.234382517851197964e-14,6.733062283702512052e-14,6.533599856368034863e-14,1.271953199840472763e-13,7.685672459491602792e-14,1.044652902508953156e-13,6.192593986204170124e-14,2.066087041646885057e-13,1.186764605024654826e-13
4.110009939443185126e-14,5.767671731529817864e-14,4.653016492320207501e-14,4.629185364102858465e-14,5.061661231076396041e-14,4.608097064990835144e-14,4.375613274995531735e-14,5.024801686554400809e-14,3.841779109394192574e-14,3.827330530814631290e-14,3.314217653004587612e-14,4.335614893075367304e-14,4.152205080356595989e-14,4.725005754429739839e-14,4.562336905630692699e-14,5.189291744998869445e-14,4.571597733800866410e-14,3.975325717953549811e-14,4.188181784604816010e-14,4.057878529583581479e-14,4.443720976865059363e-14,6.352343008103938228e-14,8.254616755650711449e-14,3.745722453670346708e-14,4.054775566832156589e-14,4.405157199671813044e-14,4.595918253072365152e-14,4.892103643233636551e-14,4.344013528391825628e-14,4.454152788508743478e-14,3.786128079836598393e-14,3.826747836634050133e-14,5.007785362248289666e-14,7.052520710473724084e-14,1.227981731933656470e-13,3.186474221364321758e-14,3.411766371940046100e-14,3.742808878038620555e-14,3.990452164336534287e-14,4.451393022378251258e-14,4.356797398990546715e-14,3.869836898462272680e-14,3.562402592019693588e-14,3.761670232455009491e-14,4.344381237545382671e-14,6.889678680017087325e-14,8.592542300375388308e-14,3.108606245881400961e-14,3.087459488999450613e-14,3.325510241979147241e-14,3.760065928034622161e-14,4.277661553583565585e-14,3.913625994035990897e-14,4.028791183719894582e-14,4.119100657844777829e-14,4.322011640842148357e-14,6.459411993272972432e-14,1.086578065360782836e-13,2.524234160232726233e-14,2.878731567096899427e-14,3.656235212977211564e-14,3.708113134327483897e-14,4.316035377271684350e-14,3.862547506120452035e-14,4.666923592100208387e-14,6.106048327736699249e-14,6.203146630962264489e-14,8.183010507181382322e-14,4.366812028327163577e-14,6.238083349465178789e-14,6.738502567572712853e-14,6.564146076635883160e-14,1.255690603766222211e-13,7.775765229488752307e-14,1.062545694842373878e-13,6.335765316196463658e-14,2.033590927328567698e-13,1.178767113552002269e-13
4.191608440238354413e-14,5.882374294553765868e-14,4.745816805084238410e-14,4.722679369052898420e-14,5.162349489551946937e-14,4.699604537286014355e-14,4.461806373315863379e-14,5.122436638711350077e-14,3.916825594665667999e-14,3.902981386423164312e-14,3.380058508166725492e-14,4.422091996026006370e-14,4.236070938739149151e-14,4.818961839896320976e-14,4.652885988420120983e-14,5.291653508826744126e-14,4.659527684527427025e-14,4.053644139377876541e-14,4.270510096411931834e-14,4.138339415791203406e-14,4.531785092593097657e-14,6.475588233854349750e-14,8.409701840518979269e-14,3.819874694122792735e-14,4.133917803731252771e-14,4.492013082967476482e-14,4.686070283281860935e-14,4.986791478705591876e-14,4.429314908811638246e-14,4.542051844575800166e-14,3.859783051996506312e-14,3.901417432312173902e-14,5.097541826379574845e-14,7.181727065706513396e-14,1.250764680104975934e-13,3.248703677594908174e-14,3.478483209514568020e-14,3.813685870458907807e-14,4.053398561465253653e-14,4.512422709323358081e-14,4.440554093146956896e-14,3.944847245575371853e-14,3.632489879713276678e-14,3.834297426312234454e-14,4.417148831533861433e-14,6.947133220579373483e-14,8.667736786872275074e-14,3.168699801988806648e-14,3.148062197934939840e-14,3.388545833481500196e-14,3.830292334701123695e-14,4.357705182698591831e-14,3.989128483352319633e-14,4.104622359993820139e-14,4.197197931582050155e-14,4.404403580130321720e-14,6.566546058462559575e-14,1.092985964819903014e-13,2.573765785430499363e-14,2.934135965333822983e-14,3.719282677687259203e-14,3.777139474652761351e-14,4.390824395238536531e-14,3.935582449617224473e-14,4.751105977280801134e-14,6.166177605591359777e-14,6.309227544599250908e-14,8.316526144445536819e-14,4.444926062081352374e-14,6.248937894650870393e-14,6.751774368953241987e-14,6.602116521521028348e-14,1.241080107471586689e-13,7.873523509463168512e-14,1.081192567518279428e-13,6.482672186674764487e-14,2.004090219002078971e-13,1.172282390920561968e-13
4.275058313989941708e-14,5.999665435077678935e-14,4.840669019765478758e-14,4.818057432973473318e-14,5.265302407400191175e-14,4.793188741071907829e-14,4.550043719183322475e-14,5.222559938028779122e-14,3.993723669895347848e-14,3.980389712556728517e-14,3.447383962483973440e-14,4.510478781392414698e-14,4.321626096778903163e-14,4.915033860199868926e-14,4.745496411768719704e-14,5.396433140191505210e-14,4.749798032205743474e-14,4.133815386221537850e-14,4.354810772596089288e-14,4.220638882422247040e-14,4.621870363211839992e-14,6.602019226861692885e-14,8.569449697453761805e-14,3.895734669152448481e-14,4.215022897461930793e-14,4.580918971735024466e-14,4.778410136422072702e-14,5.083934881657337901e-14,4.516672587933502275e-14,4.632016162665624837e-14,3.935290408221254520e-14,3.977938998833185551e-14,5.190395233148415504e-14,7.315166207674131022e-14,1.274282629542338337e-13,3.312464017460451579e-14,3.546833564529213569e-14,3.886559322280109749e-14,4.119283911952085770e-14,4.577178159132603707e-14,4.526541506305229328e-14,4.021776863861711006e-14,3.704243783080096249e-14,3.908814251509722366e-14,4.492906062801813322e-14,7.011839178348895304e-14,8.752147757111772089e-14,3.230340393322494815e-14,3.210119170184700124e-14,3.453342652354815809e-14,3.902601674929002326e-14,4.440120214862262220e-14,4.066604417531947453e-14,4.182646139713359166e-14,4.277492963512498429e-14,4.489068110681012159e-14,6.678329729003406461e-14,1.100653319387575971e-13,2.624484011797136833e-14,2.990990818850823370e-14,3.784708160520461965e-14,3.848236192110585170e-14,4.468429918308182487e-14,4.010689102155317267e-14,4.838124600342209847e-14,6.232413861047588282e-14,6.419553402407712322e-14,8.456199028843243995e-14,4.525729604064972037e-14,6.266649381449420812e-14,6.772548364995607260e-14,6.647210464182924170e-14,1.228000094860905452e-13,7.978596971394561868e-14,1.100560991708195005e-13,6.633431886174698147e-14,1.977337724872365015e-13,1.167223001345526057e-13
4.360366575765336715e-14,6.119554397611336880e-14,4.937586439278995018e-14,4.915357615766763234e-14,5.370529677036285571e-14,4.888856936757674952e-14,4.640323329296681107e-14,5.325151533135529185e-14,4.072465603333635004e-14,4.059558118293225499e-14,3.516201289153832361e-14,4.600788172153324953e-14,4.408904781937169044e-14,5.013230931844609946e-14,4.840174716713811378e-14,5.503627933027354928e-14,4.842382878917190789e-14,4.215838663555240904e-14,4.441080263188904979e-14,4.304782538132850533e-14,4.713981552352975190e-14,6.731602913328287066e-14,8.733752119249742935e-14,3.973306508869204364e-14,4.298081371658270079e-14,4.671873820490541032e-14,4.872930505560747723e-14,5.183510840430235290e-14,4.606081405738194418e-14,4.724045555599523331e-14,4.012639509325436588e-14,4.056303993058916524e-14,5.286263955337342909e-14,7.452724489044125211e-14,1.298512878557270768e-13,3.377750216455884997e-14,3.616812360149079155e-14,3.961401481130617310e-14,4.188013905729422360e-14,4.645527831439546799e-14,4.614735373579629046e-14,4.100611872963393388e-14,3.777663299218266426e-14,3.985204810727590624e-14,4.571561462876447551e-14,7.083508996326845726e-14,8.845384232714442332e-14,3.293517443341773266e-14,3.273628885859932097e-14,3.519878230937077061e-14,3.976958552367377201e-14,4.524864580664470214e-14,4.146036155613836691e-14,4.262827552867827632e-14,4.359954125505876051e-14,4.575974952100977332e-14,6.794595752143498120e-14,1.109525489466718275e-13,2.676388368313056519e-14,3.049284846006498908e-14,3.852448079180180154e-14,3.921367013433612033e-14,4.548772540067322309e-14,4.087837384572882244e-14,4.927909133898263013e-14,6.304519908183383651e-14,6.533982168825973624e-14,8.601781782681981054e-14,4.609155022995292321e-14,6.290955033859992570e-14,6.800532616106830787e-14,6.699156758586263646e-14,1.216344071361859712e-13,8.090669919434347009e-14,1.120623444129603900e-13,6.788166319010860614e-14,1.953117588363372069e-13,1.163512770607491762e-13
4.447544774852829887e-14,6.242057210606013849e-14,5.036586922939534585e-14,5.014618683046672781e-14,5.478046626520231282e-14,4.986621630079222721e-14,4.732649197965714453e-14,5.430200346001029483e-14,4.153049432281591800e-14,4.140493845926559233e-14,3.586521127695488985e-14,4.693037226844150685e-14,4.497941843478556493e-14,5.113567362912872665e-14,4.936932710688014822e-14,5.613242518927923057e-14,4.937265096715562271e-14,4.299718411964333579e-14,4.529320880196380143e-14,4.390780618872735095e-14,4.808128724385054730e-14,6.864318914426725947e-14,8.902524993900286127e-14,4.052598685866293620e-14,4.383090033040568422e-14,4.764882500604697319e-14,4.969630996349868719e-14,5.285505390245174079e-14,4.697542481916132640e-14,4.818145730492037383e-14,4.091825692447026232e-14,4.136509701472804309e-14,5.385080450314124027e-14,7.594309868857173107e-14,1.323437310342489937e-13,3.444561752808279610e-14,3.688419364883792944e-14,4.038192055344596251e-14,4.259505705404541884e-14,4.717353528622205226e-14,4.705119671790219603e-14,4.181344820627719163e-14,3.852752069569744771e-14,4.063459651448246572e-14,4.653036238051361096e-14,7.161880961877621637e-14,8.947090911754472089e-14,3.358225291737598240e-14,3.338593834614013299e-14,3.588136391790795491e-14,4.053335670785310105e-14,4.611905842446907918e-14,4.227412916270963056e-14,4.345140213664890349e-14,4.444558265324198582e-14,4.665102552073987609e-14,6.915199885827215219e-14,1.119553049466446446e-13,2.729481499080473493e-14,3.109011390947626886e-14,3.922448397233406390e-14,3.996503728922751700e-14,4.631784959050815494e-14,4.167005088961355536e-14,5.020401769090268808e-14,6.382279773078591930e-14,6.652392782084931271e-14,8.753060490935497718e-14,4.695146283689187520e-14,6.321621202191953663e-14,6.835467173356764252e-14,6.757709872782200963e-14,1.206018577830768496e-13,8.209458373346936000e-14,1.141356859897767040e-13,6.947002231430582716e-14,1.931240743943707265e-13,1.161085233481756039e-13
4.536608442471858232e-14,6.367195795510518998e-14,5.137692310966124229e-14,5.115880123969096959e-14,5.587873496601018432e-14,5.086499917578328893e-14,4.827030572975320567e-14,5.537703200405531708e-14,4.235478298770234734e-14,4.223208218239380880e-14,3.658357087237871501e-14,4.787246625128193501e-14,4.588772770566842265e-14,5.216061999032118544e-14,5.035786810969837107e-14,5.725287944529044958e-14,5.034435328919570928e-14,4.385463684399075461e-14,4.619540097778899271e-14,4.478647425136785940e-14,4.904326589386614007e-14,7.000157972300541281e-14,9.075705420291016771e-14,4.133623498666033040e-14,4.470051241573854247e-14,4.859955080674359449e-14,5.068517292180695952e-14,5.389912550674213450e-14,4.791062463350799882e-14,4.914327568582300170e-14,4.172849592455221522e-14,4.218558570884148126e-14,5.486789886252785135e-14,7.739849541819690356e-14,1.349041817019612592e-13,3.512902105442836421e-14,3.761658643969990232e-14,4.116917431172216065e-14,4.333687101880102598e-14,4.792549480094084680e-14,4.797685690550021170e-14,4.263973957656236644e-14,3.929517840146854737e-14,4.143575051226132458e-14,4.737263221578762200e-14,7.246716501872777743e-14,9.056944547378458833e-14,3.424462665668353831e-14,3.405020064001883728e-14,3.658106600877175872e-14,4.131713013825615995e-14,4.701220188768096296e-14,4.310730013099287666e-14,4.429565421002340972e-14,4.531289797145707533e-14,4.756437127073007342e-14,7.040018839379439030e-14,1.130691131015629953e-13,2.783768821872290446e-14,3.170167939689764410e-14,3.994663825314726523e-14,4.073625386014570668e-14,4.717410913366009948e-14,4.248177050944592693e-14,5.115555995464592307e-14,6.465496771071700310e-14,6.774683198101680470e-14,8.909851598985646914e-14,4.783657875130120418e-14,6.358439253650981441e-14,6.877119545704107995e-14,6.822646639196836921e-14,1.196941444038273425e-13,8.334707554259369801e-14,1.162742143297116774e-13,7.110071451093703461e-14,1.911541145837552042e-13,1.159882306809427357e-13
4.627576620694938935e-14,6.494997214880821792e-14,5.240927939531280112e-14,5.219182168957496945e-14,5.700034831431542778e-14,5.188512929246406541e-14,4.923481333130816963e-14,5.647663892273112047e-14,4.319759872730981068e-14,4.307716164466882371e-14,3.731725407653479392e-14,4.883440233465429163e-14,4.681433708455738187e-14,5.320737669214984023e-14,5.136757486230777561e-14,5.839780882566511548e-14,5.133891115217486509e-14,4.473087609623287278e-14,4.711749948749948708e-14,4.568400841500424652e-14,5.002593944783102992e-14,7.139120586688315204e-14,9.253249179767183542e-14,4.216396627185530083e-14,4.558972276511495270e-14,4.957106208663907402e-14,5.169600434124336459e-14,5.496733400132105034e-14,4.886652874946753103e-14,5.012606507639018998e-14,4.255716550034861940e-14,4.302457626215419194e-14,5.591348901866109941e-14,7.889287831322945739e-14,1.375315797662145088e-13,3.582778316738122515e-14,3.836538082080022058e-14,4.197569977771513315e-14,4.410495733619398278e-14,4.871021519621360708e-14,4.892431217488229762e-14,4.348502604008773911e-14,4.007971995116157520e-14,4.225552390653478732e-14,4.824185909618254539e-14,7.337797984081147564e-14,9.174650992825457500e-14,3.492232214610344153e-14,3.472916787300146492e-14,3.729783392200947618e-14,4.212077111709249979e-14,4.792791538639160077e-14,4.395988183877354728e-14,4.516091358514010069e-14,4.620139896205670109e-14,4.849971816430370510e-14,7.168948393587036679e-14,1.142898890635977887e-13,2.839258233054154980e-14,3.232755692376983771e-14,4.069057086744708941e-14,4.152717566573914102e-14,4.805604206508563660e-14,4.331344414675903168e-14,5.213335500044374025e-14,6.553991922411696051e-14,6.900768611807907407e-14,9.071999093315561146e-14,4.874653818777461768e-14,6.401222107762214059e-14,6.925280892699247637e-14,6.893763601603208060e-14,1.189040319776611851e-13,8.466189678904728004e-14,1.184763731634252279e-13,7.277511140798590706e-14,1.893872620701951551e-13,1.159853158169352003e-13
4.720471459622989508e-14,6.625493039158429688e-14,5.346322232438161806e-14,5.324565806387391552e-14,5.814558963853530845e-14,5.292685354871191785e-14,5.022019453612982872e-14,5.760092383438115174e-14,4.405905849950977615e-14,4.394035813611186423e-14,3.806644670247440553e-14,4.981644739050189857e-14,4.775961474203384096e-14,5.427620716706347768e-14,5.239868782012829627e-14,5.956742957833729988e-14,5.235636126054609922e-14,4.562606930540294109e-14,4.805966504605859959e-14,4.660061926767771542e-14,5.102953199434336911e-14,7.281215835679489339e-14,9.435128522867172914e-14,4.300936751708858403e-14,4.649864786135914220e-14,5.056354581867931763e-14,5.272896200431254839e-14,5.605975270608211773e-14,4.984329560122718238e-14,5.113002012818207328e-14,4.340436095831072117e-14,4.388217964464181250e-14,5.698724488306898069e-14,8.042584319914710405e-14,1.402251721049750309e-13,3.654200611556730839e-14,3.913068968368739629e-14,4.280147430854468348e-14,4.489878361646462005e-14,4.952686334985406359e-14,4.989359824302875724e-14,4.434938595107800697e-14,4.088129154039365051e-14,4.309397603790552353e-14,4.913757573982232683e-14,7.434926918915027121e-14,9.299942766143926117e-14,3.561540101558672267e-14,3.542296043195270285e-14,3.803165856646027330e-14,4.294420386553194867e-14,4.886610744729178020e-14,4.483193002848003972e-14,4.604712384115322983e-14,4.711105786564144999e-14,4.945705937193451645e-14,7.301901683918457774e-14,1.156139078330384879e-13,2.895959850148727746e-14,3.296779185324955993e-14,4.145598242866856683e-14,4.233771740091658072e-14,4.896327817332261455e-14,4.416503980963182078e-14,5.313713175409436025e-14,6.647602630393720817e-14,7.030579840953355894e-14,9.239371935269689986e-14,4.968106770105527158e-14,6.449801319626074334e-14,6.979762831870820009e-14,6.970874853907726154e-14,1.182251433509025360e-13,8.603701990859892658e-14,1.207409206456847809e-13,7.449464067454780737e-14,1.878106235379131740e-13,1.160953228317229384e-13
4.815317874865992004e-14,6.758718814206473022e-14,5.453906357904595333e-14,5.432072798751922080e-14,5.931477581208497690e-14,5.399045042644120376e-14,5.122666547269574187e-14,5.875004103359960647e-14,4.493931516524380377e-14,4.482188145916227139e-14,3.883135551064141410e-14,5.081889341374900810e-14,4.872393572241437926e-14,5.536740602219687512e-14,5.345147917879244083e-14,6.076200171912504338e-14,5.339679493617994852e-14,4.654041607346564163e-14,4.902209427992663969e-14,4.753654564693339524e-14,5.205429968469799986e-14,7.426460358744269278e-14,9.621330237069957257e-14,4.387265227159811610e-14,4.742744310742916624e-14,5.157722492675340100e-14,5.378424572418166787e-14,5.717651047911776260e-14,5.084112199127517406e-14,5.215537123772105881e-14,4.427021501449486106e-14,4.475854315420425193e-14,5.808892983138625605e-14,8.199712193387715348e-14,1.429844745402463320e-13,3.727182065601107646e-14,3.991265636132293735e-14,4.364652347000478844e-14,4.571790195543147189e-14,5.037470775993218525e-14,5.088480242051406910e-14,4.523293798768828069e-14,4.170006824436480082e-14,4.395120697149144594e-14,5.005940446449848884e-14,7.537922475850727057e-14,9.432577017326869559e-14,3.632395644263498882e-14,3.613172400800966312e-14,3.878257188579084239e-14,4.378740568941557445e-14,4.982674885818151384e-14,4.572354366451782770e-14,4.695428400078121516e-14,4.804190112216718523e-14,5.043644328749466512e-14,7.438807634149323312e-14,1.170377687181210312e-13,2.953885787830972047e-14,3.362245957591231383e-14,4.224264074639626675e-14,4.316784686172732151e-14,4.989553088319231565e-14,4.503657630074557228e-14,5.416670227716408130e-14,6.746181561735214908e-14,7.164061859749184554e-14,9.411861726862556316e-14,5.063997203820333891e-14,6.504024630247442593e-14,7.040394768841312358e-14,7.053810282412056052e-14,1.176518538021181829e-13,8.747064978998195398e-14,1.230668948105192805e-13,7.626078887327811449e-14,1.864128078757403061e-13,1.163143394050914786e-13
4.912143256791592640e-14,6.894713613804347380e-14,5.563713940310016733e-14,5.541745698237404768e-14,6.050825359265735645e-14,5.507622659321574081e-14,5.225447471446684797e-14,5.992419344928451514e-14,4.583855371608881368e-14,4.572196694475268725e-14,3.961220610758794411e-14,5.184205492693115818e-14,4.970768209569349588e-14,5.648129568760910908e-14,5.452624945808969342e-14,6.198182412663333365e-14,5.446035227873430928e-14,4.747414476764961919e-14,5.000501587927519551e-14,4.849205166692029497e-14,5.310052728700065652e-14,7.574877480697657104e-14,9.811853962094435835e-14,4.475405804980839998e-14,4.837629869546400428e-14,5.261235439700118774e-14,5.486209275175357737e-14,5.831778564259626011e-14,5.186023894753767695e-14,5.320238067415564865e-14,4.515489389091621744e-14,4.565384660712415386e-14,5.921839166777627677e-14,8.360656776361713163e-14,1.458092388311457784e-13,3.801738317022848046e-14,4.071145150239199492e-14,4.451091621227178233e-14,4.656194266497275802e-14,5.125311210620062413e-14,5.189805815179818891e-14,4.613583694249487165e-14,4.253625102404575589e-14,4.482735329145223454e-14,5.100704969898432547e-14,7.646620244447724348e-14,9.572333804965043826e-14,3.704811000744697634e-14,3.685562704255188164e-14,3.955064284278232855e-14,4.465040178808341788e-14,5.080986639465166080e-14,4.663486043864789376e-14,4.788244295370051866e-14,4.899400382570716555e-14,5.143796777163341965e-14,7.579609528915583406e-14,1.185583667592334662e-13,3.013049963244411205e-14,3.429166257537440867e-14,4.305037516585750572e-14,4.401757979780008632e-14,5.085258986569677784e-14,4.592811811413833835e-14,5.522195376037008821e-14,6.849595681493310599e-14,7.301172470620113284e-14,9.589380590080243726e-14,5.162312679275395655e-14,6.563753916175284240e-14,7.107021672724325060e-14,7.142414136689293956e-14,1.171792010598466210e-13,8.896120746573592823e-14,1.254535828963376974e-13,7.807510448735627754e-14,1.851837385689342049e-13,1.166389252011466377e-13
5.010977223991675046e-14,7.033519663918368687e-14,5.675780818436428414e-14,5.653627861886585386e-14,6.172639654001247147e-14,5.618451402804820981e-14,5.330389991379874772e-14,6.112362742318291104e-14,4.675698801028639959e-14,4.664087290108371305e-14,4.040924115888944089e-14,5.288626680061949482e-14,5.071124310476237170e-14,5.761822358901253335e-14,5.562332460911557957e-14,6.322723036450733590e-14,5.554721707502985120e-14,4.842750959813469932e-14,5.100868729343289849e-14,4.946742419095386645e-14,5.416852525944786197e-14,7.726496457909146209e-14,1.000671072292693018e-13,4.565384395885372398e-14,4.934543603373166760e-14,5.366921795277344917e-14,5.596277383063569222e-14,5.948380071622555913e-14,5.290090816427912975e-14,5.427133927205664141e-14,4.605859392551708702e-14,4.656829903844343306e-14,6.037555452413798828e-14,8.525414239253485314e-14,1.486994240613782405e-13,3.877887315911693726e-14,4.152727036322389777e-14,4.539476061100341447e-14,4.743060844534509795e-14,5.216152922394824363e-14,5.293354024967101959e-14,4.705827005892528366e-14,4.339006414950387719e-14,4.572258442912813509e-14,5.198029112035033728e-14,7.760871183791802737e-14,9.719014609432456477e-14,3.778800893965757547e-14,3.759485851849660462e-14,4.033597386781744498e-14,4.553326064279087879e-14,5.181553726647730450e-14,4.756605284665615922e-14,4.883169452656212018e-14,4.996748484188277025e-14,5.246177510213678790e-14,7.724263715017337360e-14,1.201728692638440734e-13,3.073467927061766905e-14,3.497552784995483472e-14,4.387907139733589192e-14,4.488697533157835170e-14,5.183431432322507595e-14,4.683977092958446051e-14,5.630284134956578431e-14,6.957725405489047609e-14,7.441881103248679983e-14,9.771859243182701616e-14,5.263047180386763586e-14,6.628863480881607641e-14,7.179502230872679351e-14,7.236543865923730028e-14,1.168028081657311857e-13,9.050731505357748393e-14,1.279004941636625761e-13,7.993920113423112959e-14,1.841144942498538534e-13,1.170660503788355604e-13
5.111851414480001675e-14,7.175182027636432705e-14,5.790144843044378560e-14,5.767763466677883319e-14,6.296960242514437127e-14,5.731566759299174669e-14,5.437524492323684965e-14,6.234862820203437280e-14,4.769485795152702733e-14,4.757887843501112140e-14,4.122271887125209071e-14,5.395188242626927180e-14,5.173501530794889098e-14,5.877855976617762377e-14,5.674305356756188720e-14,6.449858512718593477e-14,5.665761236585953499e-14,4.940078811468669971e-14,5.203339189623439938e-14,5.046297068570609788e-14,5.525862726760248019e-14,7.881351830338543277e-14,1.020592165375033263e-13,4.657228867657392852e-14,5.033510465926803584e-14,5.474812521445553227e-14,5.708658981205842822e-14,6.067481785564300970e-14,5.396341894777660121e-14,5.536256361014316977e-14,4.698153863152042018e-14,4.750213584712387464e-14,6.156041161010696804e-14,8.693990458160232923e-14,1.516551718563879533e-13,3.955649106956735059e-14,4.236033046416652596e-14,4.629820011233953386e-14,4.832366897591344330e-14,5.309949544267907098e-14,5.399146073998168993e-14,4.800045384612171615e-14,4.426175298493319737e-14,4.663709946057144351e-14,5.297897737682014248e-14,7.880540715804288744e-14,9.872441026125821968e-14,3.854382371085127572e-14,3.834962605239378090e-14,4.113869772212757967e-14,4.643608992586760972e-14,5.284388420772566820e-14,4.851732476739296460e-14,4.980217313081303621e-14,5.096250251389139133e-14,5.350804754960983912e-14,7.872738422005975481e-14,1.218786963424891891e-13,3.135156717083361187e-14,3.567420464890810893e-14,4.472866680267001266e-14,4.577613188802950972e-14,5.284062689986903911e-14,4.777167763998859197e-14,5.740938172862223326e-14,7.070463841901658603e-14,7.586167730709497932e-14,9.959245258548930293e-14,5.366200523501600888e-14,6.699238638363299142e-14,7.257707326201760801e-14,7.336069167604030105e-14,1.165188170269075754e-13,9.210778176798775948e-14,1.304073358468182793e-13,8.185476097960207086e-14,1.831971725626164520e-13,1.175930425649777898e-13
5.214799309116294880e-14,7.319748341365254288e-14,5.906845707658949666e-14,5.884197524958126096e-14,6.423829105616613701e-14,5.847006298435573692e-14,5.546883733648935476e-14,6.359951604982860775e-14,4.865242705339426944e-14,4.853628159418527590e-14,4.205291170526469134e-14,5.503927218731866009e-14,5.277940271731836242e-14,5.996269486983757672e-14,5.788580618730963650e-14,6.579628121951635105e-14,5.779179658954981195e-14,5.039427906467323397e-14,5.307943655677185493e-14,5.147901740173774593e-14,5.637118808113837479e-14,8.039482865068305760e-14,1.040951688911495754e-13,4.750968873031957242e-14,5.134557957303696547e-14,5.584940927645501272e-14,5.823386875346165496e-14,6.189113490531627510e-14,5.504808559793125990e-14,5.647639360729550752e-14,4.792397614919008409e-14,4.845561632848335629e-14,6.277301873458979273e-14,8.866400010891726499e-14,1.546767849407173885e-13,4.035045641114833968e-14,4.321086956360773316e-14,4.722141022631221395e-14,4.924095590339299339e-14,5.406662525802225193e-14,5.507206524261351473e-14,4.896263131262937592e-14,4.515158208655260167e-14,4.757112431638228923e-14,5.400302035767065387e-14,8.005507927571107462e-14,1.003245359568771136e-13,3.931574593162347956e-14,3.912015424837864835e-14,4.195897473068623823e-14,4.735903287653552191e-14,5.389507114148959987e-14,4.948890848318449266e-14,5.079404992502417968e-14,5.197925089072439888e-14,5.457700350526331085e-14,8.025012693102997432e-14,1.236735045450727370e-13,3.198134731511107891e-14,3.638786248703893953e-14,4.559914610748518099e-14,4.668518358283180909e-14,5.387150816936306734e-14,4.872401485257326526e-14,5.854164738830728503e-14,7.187716100841591410e-14,7.734021893068491911e-14,1.015150148787114375e-13,5.471777826905930247e-14,6.774774546003203454e-14,7.341518787803643655e-14,7.440871204081090498e-14,1.163238309238752016e-13,9.376159087760331453e-14,1.329739919097227339e-13,8.382353836618933009e-14,1.824247734189099671e-13,1.182175409586788926e-13
5.319856082515978796e-14,7.467268594287860202e-14,6.025924807451453569e-14,6.002975898940182100e-14,6.553290245710374207e-14,5.964809500678700501e-14,5.658502639048396561e-14,6.487664289822803430e-14,4.962998033876548892e-14,4.951339778473216741e-14,4.290010528576590951e-14,5.614882218275212738e-14,5.384481693273493947e-14,6.117103847966176997e-14,5.905197149776632448e-14,6.712073699303061772e-14,5.895006023051558768e-14,5.140830056235791971e-14,5.414714956021829711e-14,5.251590783315232587e-14,5.750658179477524426e-14,8.200933078760542023e-14,1.061753460125411216e-13,4.846635703373405285e-14,5.237715894228750443e-14,5.697342464236501556e-14,5.940496343410296240e-14,6.313308198661717549e-14,5.615524516626640969e-14,5.761319047670477024e-14,4.888617703988234066e-14,4.942902154381156763e-14,6.401348852547761649e-14,9.042665293973096618e-14,1.577647086083085031e-13,4.116100612595620292e-14,4.407914390852389402e-14,4.816459561845286956e-14,5.018235820760212508e-14,5.506260631501734493e-14,5.617562982238155342e-14,4.994506956651287560e-14,4.605983357147674584e-14,4.852490935337131303e-14,5.505238997275306144e-14,8.135664855953044853e-14,1.019891073906967480e-13,4.010398651680666199e-14,3.990668327963130026e-14,4.279699034394555448e-14,4.830226509421389375e-14,5.496929935668463038e-14,5.048106208716438537e-14,5.180752943497867832e-14,5.301795641768859616e-14,5.566889409564464026e-14,8.181075417935070479e-14,1.255551728748447325e-13,3.262421619413966803e-14,3.711668940543866598e-14,4.649053750787401233e-14,4.761429702157958785e-14,5.492699165460381399e-14,4.969698981125002565e-14,5.969976151535629073e-14,7.309398656272431788e-14,7.885441819279625421e-14,1.034860464111534595e-13,5.579789036280163704e-14,6.855375249010433798e-14,7.430828371803707495e-14,7.550841950160349122e-14,1.162148645450658778e-13,9.546788752036749335e-14,1.356005043072092531e-13,8.584736367296449950e-14,1.817910984620737405e-13,1.189374565252409579e-13
5.427058477369778780e-14,7.617794944365662919e-14,6.147425121799817744e-14,6.124145314728195593e-14,6.685389534527626420e-14,6.085017612176170999e-14,5.772418117764317445e-14,6.618038946362362730e-14,5.062782253018622826e-14,5.051055842581183607e-14,4.376459748106947459e-14,5.728093316386315828e-14,5.493167727214256687e-14,6.240401769459782719e-14,6.024195623687403326e-14,6.847239417292918605e-14,6.013272290964595500e-14,5.244318852664054470e-14,5.523687883042329188e-14,5.357400141574307441e-14,5.866520032578258744e-14,8.365749828266585385e-14,1.083002016519648725e-13,4.944262164492932363e-14,5.343016212153720124e-14,5.812054546798735763e-14,6.060024923054119281e-14,6.440101855141080837e-14,5.728525553841943231e-14,5.877333498731375107e-14,4.986843237876768687e-14,5.042265248303384876e-14,6.528198527986524644e-14,9.222815746910978058e-14,1.609195147238086421e-13,4.198839317945458327e-14,4.496542672565399927e-14,4.912798755427591546e-14,5.114781792541037738e-14,5.608719468729116771e-14,5.730245825189196317e-14,5.094805773542997043e-14,4.698680572049814156e-14,4.949872724340733567e-14,5.612710940560056487e-14,8.270915834315981572e-14,1.037168777392272785e-13,4.090877408639776842e-14,4.070946766753564946e-14,4.365295299196822268e-14,4.926599170458566753e-14,5.606680414004740016e-14,5.149406722981403539e-14,5.284284658026130288e-14,5.407887503558720890e-14,5.678400022597779989e-14,8.340924459000283361e-14,1.275217906081021395e-13,3.328038186164397537e-14,3.786089044966033987e-14,4.740290914173440412e-14,4.856366846675429887e-14,5.600715933542614940e-14,5.069083769215888073e-14,6.088389344102064200e-14,7.435438749181350653e-14,8.040433638867559754e-14,1.055054400661313682e-13,5.690248500649485269e-14,6.940952903329422850e-14,7.525536934742895250e-14,7.665883641500271419e-14,1.161893003690414326e-13,9.722596731409349522e-14,1.382870564776163620e-13,8.792814742186316919e-14,1.812906641260992613e-13,1.197509374496751733e-13
5.536444698718406902e-14,7.771381565155597163e-14,6.271391116856402670e-14,6.247753375927938965e-14,6.820174586124406549e-14,6.207673522980746262e-14,5.888668912501577184e-14,6.751116276861099717e-14,5.164627649280610385e-14,5.152810980731425705e-14,4.464669762662932430e-14,5.843601965116140221e-14,5.604041089825932363e-14,6.366207595408108394e-14,6.145618361831304935e-14,6.985171601880605954e-14,6.134013086084110136e-14,5.349929534946430179e-14,5.634899041243071840e-14,5.465367242859403139e-14,5.984745214725599295e-14,8.533983959985132456e-14,1.104702543529977613e-13,5.043882471429276902e-14,5.450492795022147973e-14,5.929116406817460672e-14,6.182012230196373550e-14,6.569533084034278370e-14,5.843849379643403438e-14,5.995722598846921241e-14,5.087105210730679434e-14,5.143682848202387268e-14,6.657872038162564550e-14,9.406887171451007534e-14,1.641418879216048548e-13,4.283288534363685720e-14,4.587000692167579598e-14,5.011184165636561082e-14,5.213732621347505791e-14,5.714021044095279564e-14,5.845287963471605683e-14,5.197190516598861168e-14,4.793281178323768636e-14,5.049287113979058444e-14,5.722725080492244377e-14,8.411176886597183588e-14,1.055067599545234936e-13,4.173035357340031897e-14,4.152877523231681071e-14,4.452709219760590213e-14,5.025044485780907377e-14,5.718785181256078198e-14,5.252822716226684715e-14,5.390026406106566509e-14,5.516228964077780395e-14,5.792263000055532086e-14,8.504565864155367751e-14,1.295716464744984372e-13,3.395006311919710164e-14,3.862068633955090770e-14,4.833636589638228400e-14,4.953352133289883038e-14,5.711213760332161166e-14,5.170581922971164122e-14,6.209425459296217541e-14,7.565773824236148958e-14,8.199010675278888915e-14,1.075732030019498624e-13,5.803174593922871283e-14,7.031427147787219594e-14,7.625553766489507146e-14,7.785908299435216304e-14,1.162448504197722396e-13,9.903526571609118836e-14,1.410339588186206893e-13,9.006788465052660141e-14,1.809186261435085490e-13,1.206563391737514201e-13
5.648054325198020923e-14,7.928084518578109469e-14,6.397868664938604899e-14,6.373848576881056305e-14,6.957694651208555981e-14,6.332821665057024311e-14,6.007295470196223589e-14,6.886939401322169644e-14,5.268568189625906883e-14,5.256641212178660525e-14,4.554672587195466165e-14,5.961450920320963540e-14,5.717145294138143232e-14,6.494567205441344179e-14,6.269509229808185994e-14,7.125918577029887469e-14,6.257265474457361710e-14,5.457698876264943551e-14,5.748386717888461331e-14,5.575530906951829722e-14,6.105376122255987621e-14,8.705689509863222006e-14,1.126860811893665677e-13,5.145532159472520799e-14,5.560181328978595161e-14,6.048568965011929569e-14,6.306499804216324691e-14,6.701642969251019828e-14,5.961535482176851512e-14,6.116527916009721681e-14,5.189436361195388418e-14,5.247188586087694898e-14,6.790394822916100267e-14,9.594921134763134331e-14,1.674326137108891384e-13,4.369476414778307061e-14,4.679318796516132972e-14,5.111643593764429285e-14,5.315091973056037160e-14,5.822153347326761985e-14,5.962724634350045451e-14,5.301693986651482005e-14,4.889817895749426055e-14,5.150765308642927883e-14,5.835293138108704827e-14,8.556375158097119521e-14,1.073578181013290550e-13,4.256898501314541564e-14,4.236488619240297238e-14,4.541965691940441860e-14,5.125588152233000232e-14,5.833273712408052055e-14,5.358386503903701742e-14,5.498007006406694993e-14,5.626850786341040041e-14,5.908511647415119531e-14,8.672013157805923830e-14,1.317032188586885986e-13,3.463348881439344530e-14,3.939631230795102311e-14,4.929104652474150050e-14,5.052410397458145169e-14,5.824209362404737223e-14,5.274221863491436127e-14,6.333109489925994285e-14,7.700350994732525746e-14,8.361192813404979865e-14,1.096894463205069625e-13,5.918589377499689495e-14,7.126724599796366530e-14,7.730796053822266990e-14,7.910837312807202185e-14,1.163795225885343384e-13,1.008953480941951000e-13,1.438416359230387849e-13,9.226865957106048863e-14,1.806707137281179271e-13,1.216521984571006045e-13
5.761928234729032249e-14,8.087961649534348150e-14,6.526904978092036704e-14,6.502480315536769209e-14,7.098000529430142018e-14,6.460507927100577827e-14,6.128339832419858175e-14,7.025553674877338353e-14,5.374639406608435846e-14,5.362583864560199707e-14,4.646501263271912148e-14,6.081684181324720281e-14,5.832524661847141781e-14,6.625527933056542020e-14,6.395913550994477878e-14,7.269530533581375970e-14,6.383068775537680204e-14,5.567665087531350302e-14,5.864190772875450735e-14,5.687931267826435179e-14,6.228456611058301298e-14,8.880923446991570829e-14,1.149483123473026459e-13,5.249248009085170368e-14,5.672119176833643936e-14,6.170454724035849635e-14,6.433530976107637764e-14,6.836474865976772017e-14,6.081625010555801389e-14,6.239792595567616400e-14,5.293871049932842203e-14,5.352817675372087565e-14,6.925796262038434932e-14,9.786964446733266534e-14,1.707925682320863765e-13,4.457432397464233498e-14,4.773528692561279270e-14,5.214206907865889132e-14,5.418867732007141290e-14,5.933109961752846616e-14,6.082593223319879933e-14,5.408350716196653678e-14,4.988324751900548643e-14,5.254340263921389274e-14,5.950430987502347332e-14,8.706448375620680098e-14,1.092692591439484968e-13,4.342494249165760925e-14,4.321809239245908978e-14,4.633091409761411796e-14,5.228258154119497100e-14,5.950178096548290526e-14,5.466132244746688961e-14,5.608257625013059213e-14,5.739786012573730390e-14,6.027181569403913001e-14,8.843286703921126191e-14,1.339151667690419155e-13,3.533089723769832671e-14,4.018801708779299983e-14,5.026712104428084919e-14,5.153568773456622261e-14,5.939723207160052247e-14,5.380034177151163593e-14,6.459469959752222448e-14,7.839126532485365323e-14,8.527005934208547481e-14,1.118543758064771403e-13,6.036518299886814428e-14,7.226778452088841420e-14,7.841188449688942878e-14,8.040601061690493604e-14,1.165915908442792194e-13,1.028059004773859034e-13,1.467106153726882440e-13,9.453265053642735131e-14,1.805431719603573949e-13,1.227372109840396082e-13
5.878108542453649298e-14,8.251072498908088603e-14,6.658548553547011967e-14,6.633698905913223462e-14,7.241144496831255809e-14,6.590779583606570391e-14,6.251845542579018725e-14,7.167006531314783418e-14,5.482878299916184134e-14,5.470677504767560515e-14,4.740189813235407703e-14,6.204346941351496075e-14,5.950224334843348050e-14,6.759138497759724853e-14,6.524878034439540826e-14,7.416059418846539888e-14,6.511464398541645764e-14,5.679867735746349654e-14,5.982352545160028212e-14,5.802609708580925579e-14,6.354031921659078533e-14,9.059745454751970706e-14,1.172576264440098511e-13,5.355067982687462964e-14,5.786345270471610617e-14,6.294817677777674013e-14,6.563150756327549587e-14,6.974074238536957747e-14,6.204160673679167527e-14,6.365561271008372623e-14,5.400445154210913666e-14,5.460606810448636380e-14,7.064109354702633162e-14,9.983068702500080547e-14,1.742227094433741595e-13,4.547187128302522322e-14,4.869663364911888216e-14,5.318905891979223054e-14,5.525071697369385691e-14,6.046889700530266923e-14,6.204933109413415203e-14,5.517196853319889143e-14,5.088837008050715690e-14,5.360046567239553060e-14,6.068158336887161064e-14,8.861344332105528674e-14,1.112404251318719782e-13,4.429851323300003395e-14,4.408869664286701016e-14,4.726114737953039159e-14,5.333084592138992003e-14,6.069532836096817651e-14,5.576095813472830281e-14,5.720811599109279002e-14,5.855069794692922581e-14,6.148310499649162296e-14,9.018413134382127195e-14,1.362063213894913068e-13,3.604253560462323109e-14,4.099606202914366885e-14,5.126478839413484759e-14,5.256856522342595335e-14,6.057779219943001860e-14,5.488051455980589999e-14,6.588538640624548885e-14,7.982065380613540352e-14,8.696481410025219925e-14,1.140682836374235423e-13,6.156989929318956717e-14,7.331528150883991628e-14,7.956662726571141628e-14,8.175138571479532465e-14,1.168795687761068341e-13,1.047667209564078445e-13,1.496415179101895601e-13,9.686213533839618963e-14,1.805327111437063110e-13,1.239102121149362628e-13
5.996638549024810759e-14,8.417478231788428121e-14,6.792849129028174884e-14,6.767555589932634149e-14,7.387180245899974862e-14,6.723685235904703506e-14,6.377857567495226038e-14,7.311347349119132646e-14,5.593323252040138491e-14,5.580961880692917441e-14,4.835773201961331597e-14,6.329485546907728440e-14,6.070290286294923602e-14,6.895448949021168935e-14,6.656450714923503872e-14,7.565558843847798623e-14,6.642495701100077878e-14,5.794347674913847316e-14,6.102914773369850189e-14,5.919608807073296715e-14,6.482148616629502720e-14,9.242217743914536526e-14,1.196147464787834613e-13,5.463031171554956599e-14,5.902900018756909090e-14,6.421703234850272555e-14,6.695405739587087763e-14,7.114488521133991135e-14,6.329186654349237809e-14,6.493879988822604633e-14,5.509195977271548721e-14,5.570594080621914782e-14,7.205370435443302924e-14,1.018328988254421419e-13,1.777240695185310637e-13,4.638772393953230766e-14,4.967757005185854676e-14,5.425774114277590703e-14,5.633719305682985213e-14,6.163496267610954734e-14,6.329785531411189831e-14,5.628270061657972388e-14,5.191391096216477882e-14,5.467920334621282406e-14,6.188498440913845112e-14,9.021020392496715037e-14,1.132707857490234646e-13,4.518999680806968898e-14,4.497701215529425808e-14,4.821065600314881627e-14,5.440099532926976360e-14,6.191374670804636439e-14,5.688314690710369042e-14,5.835704282578911811e-14,5.972739246414743382e-14,6.271938152608789290e-14,9.197424836590196411e-14,1.385756780782798761e-13,3.676865961061862853e-14,4.182072033025275737e-14,5.228427432722135213e-14,5.362304880369495795e-14,6.178404521685242317e-14,5.598308158060919846e-14,6.720350301969144552e-14,8.129140687987153468e-14,8.869655654459670668e-14,1.163315409665469854e-13,6.280035718962153772e-14,7.440919138457002804e-14,8.077157495458742953e-14,8.314397188558528435e-14,1.172421860038193600e-13,1.067777117024710332e-13,1.526350488089520205e-13,9.925949686256274121e-14,1.806364621943259699e-13,1.251701603984059403e-13
6.117562697647723692e-14,8.587241578957743556e-14,6.929857646605414723e-14,6.904102549337856352e-14,7.536162836323389794e-14,6.859274763359437866e-14,6.506422230926158319e-14,7.458627336656210116e-14,5.706013956133796371e-14,5.693477872140456489e-14,4.933287304915207701e-14,6.457147464633589965e-14,6.192769331315816489e-14,7.034510619606907654e-14,6.790680902801685387e-14,7.718084004996796993e-14,6.776207866912852906e-14,5.911146987387387708e-14,6.225921528248142237e-14,6.038972290284728748e-14,6.612854528143444076e-14,9.428404893613525994e-14,1.220204363475812695e-13,5.573177751261929255e-14,6.021825228550580761e-14,6.551158153767113663e-14,6.830344023720808456e-14,7.257766997914489830e-14,6.456748536114656946e-14,6.624796144955623214e-14,5.620162170305016344e-14,5.682818896192948471e-14,7.349618922445535128e-14,1.038768800239795681e-13,1.812977483670880757e-13,4.732221064481393231e-14,5.067844951390684452e-14,5.534846811721923711e-14,5.744829377768383993e-14,6.282937942531943135e-14,6.457193471944923781e-14,5.741609434047764830e-14,5.296024565540543966e-14,5.577999121305219434e-14,6.311477841346101512e-14,9.185443019199620335e-14,1.153599312204543302e-13,4.609970444852866874e-14,4.588336205989843869e-14,4.917975381891421991e-14,5.549336876700478638e-14,6.315742423342372959e-14,5.802827867697061689e-14,5.952972910740743037e-14,6.092833314130835342e-14,6.398106094714096830e-14,9.380359494243186385e-14,1.410223887401407427e-13,3.750953305224464038e-14,4.266227636878382592e-14,5.332582951609489069e-14,5.469946925581413433e-14,6.301629193984604070e-14,5.710840485358143241e-14,6.854942488862608497e-14,8.280333364646392367e-14,9.046569720966499449e-14,1.186445913063267307e-13,6.405689792780619875e-14,7.554902646059402402e-14,8.202617975298506867e-14,8.458332271901384725e-14,1.176783670426810674e-13,1.088388715791456301e-13,1.556919903511680318e-13,1.017272291283318411e-13,1.808519369409913920e-13,1.265161251592596670e-13
6.240926538642929109e-14,8.760426788911984609e-14,7.069626223350279831e-14,7.043392916534913524e-14,7.688148655034780746e-14,6.997599283256903522e-14,6.637587158134856604e-14,7.608899434701433215e-14,5.820991354576910883e-14,5.808267449947497044e-14,5.032768881938834384e-14,6.587381254799604496e-14,6.317709137282900686e-14,7.176376087978849046e-14,6.927619143167720213e-14,7.873691619435376968e-14,6.912647800799071392e-14,6.030308934769876022e-14,6.351418155991827114e-14,6.160744996914866649e-14,6.746198714934340981e-14,9.618373716195074828e-14,1.244754978340507074e-13,5.685548944608824046e-14,6.143164037643395229e-14,6.683230489020428110e-14,6.968015141598199752e-14,7.403960700868045564e-14,6.586893241934337820e-14,6.758358432132186503e-14,5.733383665850883262e-14,5.797321925612229653e-14,7.496897095417828590e-14,1.059632680816265071e-13,1.849449080045890424e-13,4.827567044323951776e-14,5.169963636344905681e-14,5.646160789584976887e-14,5.858423888326081826e-14,6.405227288170517341e-14,6.587201557872014679e-14,5.857255418560102682e-14,5.402776037154861173e-14,5.690321844867394573e-14,6.437126133997974012e-14,9.354587316683425650e-14,1.175075655482289952e-13,4.702795845489827338e-14,4.680807899600854379e-14,5.016876843619953638e-14,5.660832241273771531e-14,6.442676864505379412e-14,5.919675764353107980e-14,6.072656482400585497e-14,6.215392664781439816e-14,6.526857632940785409e-14,9.567259677627805367e-14,1.435457544957966039e-13,3.826542750118756098e-14,4.352102512184110549e-14,5.438972785391122204e-14,5.579817460641670189e-14,6.427486069407697911e-14,5.825686277330807012e-14,6.992355326218929829e-14,8.435631658504776028e-14,9.227268946406474095e-14,1.210079446264317165e-13,6.533988762428039126e-14,7.673435524733482556e-14,8.332995800065181806e-14,8.606906895947129588e-14,1.181872123168315270e-13,1.109502893223223196e-13,1.588131952019025428e-13,1.042679437446743619e-13,1.811769929624448151e-13,1.279472738500207536e-13
6.366776699851976849e-14,8.937099588538575464e-14,7.212208127533209274e-14,7.185480785189310383e-14,7.843195383531582135e-14,7.138711117399081604e-14,6.771401228763694310e-14,7.762218232657402583e-14,5.938297586324798565e-14,5.925373641447762593e-14,5.134255555339045576e-14,6.720236549593802294e-14,6.445158233305901637e-14,7.321099147053844272e-14,7.067317181714911056e-14,8.032439870190271874e-14,7.051864037742733598e-14,6.151877916275374133e-14,6.479451230002984358e-14,6.284972845924399996e-14,6.882231426130605106e-14,9.812193141820331432e-14,1.269807680115742613e-13,5.800186990396827323e-14,6.266960857221561268e-14,6.817969545365263024e-14,7.108470003026522092e-14,7.553122321691129885e-14,6.719668981785263203e-14,6.894616795148034115e-14,5.848901620392971915e-14,5.914145041469346693e-14,7.647249898686915095e-14,1.080927350959172470e-13,1.886667677654896708e-13,4.924845230219867147e-14,5.274150543425844770e-14,5.759754333522675346e-14,5.974527756157168471e-14,6.530380879912357459e-14,6.719855973906895869e-14,5.975249754642099901e-14,5.511685165762599405e-14,5.804928718623493724e-14,6.565475758868433145e-14,9.528436593623394506e-14,1.197135000811813378e-13,4.797509168277645081e-14,4.775150476184627424e-14,5.117804047515325315e-14,5.774622860003025188e-14,6.572220594875207748e-14,6.038900158293544792e-14,6.194795656468566256e-14,6.340459587902995276e-14,6.658237717780021080e-14,9.758172476444483153e-14,1.461452186241445555e-13,3.903662202701218074e-14,4.439727166054275623e-14,5.547626492789136475e-14,5.691952909600679709e-14,6.556010543814912435e-14,5.942884917787539036e-14,7.132631345303863870e-14,8.595030752160644641e-14,9.411802633199795210e-14,1.234221720864412130e-13,6.664971559477888884e-14,7.796480103927100111e-14,8.468248852522112191e-14,8.760091561840211763e-14,1.187679810392447941e-13,1.131121372419040299e-13,1.619995806351397244e-13,1.068843768146167111e-13,1.816098021232546504e-13,1.294628622799442815e-13
6.495160862343518730e-14,9.117327151264791324e-14,7.357657759562835826e-14,7.330421220144445443e-14,8.001361971144524166e-14,7.282663764727357213e-14,6.907914537317115930e-14,7.918639897170153949e-14,6.057975941905190418e-14,6.044840501602777351e-14,5.237785791820276726e-14,6.855764035685011215e-14,6.575166019233971407e-14,7.468734778700675353e-14,7.209827936639229520e-14,8.194388360547633274e-14,7.193906664560027966e-14,6.275899433646302876e-14,6.610068510157959946e-14,6.411702810544143398e-14,7.021004071356919677e-14,1.000993412036829859e-13,1.295371170054744969e-13,5.917135117419500763e-14,6.393261322773557473e-14,6.955425839501632487e-14,7.251760845683488307e-14,7.705306136411553304e-14,6.855125208484578697e-14,7.033622393552409292e-14,5.966758365193812798e-14,6.033331274377018726e-14,7.800724767231983052e-14,1.102659854729492781e-13,1.924646001797397228e-13,5.024091475146336545e-14,5.380444168778458392e-14,5.875667132845357867e-14,6.093168653570570759e-14,6.658419055414539783e-14,6.855204388114035212e-14,6.095635418215619964e-14,5.622792607141585393e-14,5.921861194174702370e-14,6.696561811623683455e-14,9.706981943497037844e-14,1.219776474123121770e-13,4.894144709869996892e-14,4.871399001657299828e-14,5.220792291285837359e-14,5.890747492220095210e-14,6.704417941325744102e-14,6.160544123620111963e-14,6.319432661633588676e-14,6.468077910359387082e-14,6.792292859093487642e-14,9.953149172215414185e-14,1.488203597577649759e-13,3.982340295942813941e-14,4.529133071123386420e-14,5.658575665046693042e-14,5.806391227202055523e-14,6.687240408825320734e-14,6.062477253604274589e-14,7.275815330491322626e-14,8.758532380383641200e-14,9.600223766871058851e-14,1.258879013452525354e-13,6.798679288086416790e-14,7.924004069887140584e-14,8.608341116793742581e-14,8.917863915672104329e-14,1.194200757212214751e-13,1.153246654282587715e-13,1.652521234868309349e-13,1.095793963247554365e-13,1.821488223546781324e-13,1.310622266857283753e-13
6.626127740365164685e-14,9.301178071210949212e-14,7.506030636688314525e-14,7.478270266566480427e-14,8.162708612922829918e-14,7.429511878820621826e-14,7.047178359857923864e-14,8.078222111106493384e-14,6.180070825004739740e-14,6.166713088787446290e-14,5.343398887539091347e-14,6.994015440230579658e-14,6.707782774025076273e-14,7.619339132886056450e-14,7.355205475454994504e-14,8.359598075828885605e-14,7.338827252319321309e-14,6.402420061574626558e-14,6.743318908370803407e-14,6.540982896695316034e-14,7.162569195929160858e-14,1.021166953794099792e-13,1.321454460637833011e-13,6.036437522795172958e-14,6.522112252169523546e-14,7.095651067866172432e-14,7.397941193549499136e-14,7.860567940701648927e-14,6.993312580263547428e-14,7.175427570328286722e-14,6.086997364077413946e-14,6.154924773503594447e-14,7.957371472876904938e-14,1.124837538950910008e-13,1.963397274296841082e-13,5.125342557301459358e-14,5.488883988995189757e-14,5.993940213495467767e-14,6.214376833322005050e-14,6.789365683689667747e-14,6.993295887549406015e-14,6.218456574429107025e-14,5.736139990608881819e-14,6.041161911787208583e-14,6.830421874251966357e-14,9.890221843370497666e-14,1.243000155985545495e-13,4.992737739558297889e-14,4.969589402625483067e-14,5.325878051132409861e-14,6.009246344576047456e-14,6.839314866391355521e-14,6.284651978041146701e-14,6.446611217372753802e-14,6.598292922053373663e-14,6.929071053049427863e-14,1.015224494572628452e-13,1.515708853216085849e-13,4.062606368432528159e-14,4.620352627371673934e-14,5.771853803258419994e-14,5.923171819058389465e-14,6.821215702215896733e-14,6.184505523725017924e-14,7.421954183812549482e-14,8.926144467913000783e-14,9.792588764950826771e-14,1.284058123829400706e-13,6.935155094639962229e-14,8.055980357216139861e-14,8.753242543035638285e-14,9.080208472721260460e-14,1.201430281268877754e-13,1.175881964271022727e-13,1.685718557317273405e-13,1.123560100594499076e-13,1.827927722510916770e-13,1.327447773849709525e-13
6.759727064718444923e-14,9.488722342187775227e-14,7.657383380645897201e-14,7.629084958267845182e-14,8.327296731529945910e-14,7.579311249322483601e-14,7.189245125890246167e-14,8.241024021323357730e-14,6.304627719598932536e-14,6.291037444438180907e-14,5.451134955697118064e-14,7.135043519568559103e-14,6.843059663376091636e-14,7.772969510562334937e-14,7.503504995804928224e-14,8.528131351338769915e-14,7.486678797921528045e-14,6.531487422677054493e-14,6.879252459380221276e-14,6.672862125017750373e-14,7.306980460194269480e-14,1.041747414570396520e-13,1.348066858931483603e-13,6.158139353792876634e-14,6.653561609756451830e-14,7.238698079490276792e-14,7.547065821623220219e-14,8.018964994312414808e-14,7.134282928999937110e-14,7.320085825538268978e-14,6.209663177136065324e-14,6.278970772749766109e-14,8.117241988240352286e-14,1.147468035454902397e-13,2.002935183059348327e-13,5.228636153446403212e-14,5.599510433413819143e-14,6.114615879450853790e-14,6.338184971550473480e-14,6.923247952314951820e-14,7.134180922567321120e-14,6.343758536917648275e-14,5.851769895632901731e-14,6.162874657447958298e-14,6.967095862963140065e-14,1.007816177102119840e-13,1.266807026993912637e-13,5.093324465909180973e-14,5.069758444677295829e-14,5.433098931635654716e-14,6.130161001892090000e-14,6.976958888835579180e-14,6.411269237147236517e-14,6.576376464806815960e-14,6.731151311103414588e-14,7.068621718609389603e-14,1.035551861579746453e-13,1.543966252144997862e-13,4.144490446822072759e-14,4.713419128883416908e-14,5.887496208407735905e-14,6.042335471334437259e-14,6.957978574318275331e-14,6.309013297066427666e-14,7.571096805164856868e-14,9.097880787303337460e-14,9.988957253705361923e-14,1.309766337801356567e-13,7.074444052369076990e-14,8.192387048489393219e-14,8.902928919224075357e-14,9.247116347418709990e-14,1.209364865118407502e-13,1.199031203526183182e-13,1.719598606111277476e-13,1.152173740832105311e-13,1.835406081045877948e-13,1.345099937744929026e-13
6.896009568880270213e-14,9.680031340527236954e-14,7.811773707569267716e-14,7.782923325138292261e-14,8.495188962504217572e-14,7.732118786469112512e-14,7.334168394499899528e-14,8.407106193802313654e-14,6.431693161701930894e-14,6.417860575827509191e-14,5.561034916145716753e-14,7.278902049995286510e-14,6.981048746520546452e-14,7.929684349483928842e-14,7.654782809443871601e-14,8.700051845308783015e-14,7.637515673509614691e-14,6.663150166222928325e-14,7.017920295852086885e-14,6.807390515785478220e-14,7.454292622209218263e-14,1.062742449902385189e-13,1.375217952203273007e-13,6.282286692509474037e-14,6.787658475510166578e-14,7.384620852988320601e-14,7.699190725831594848e-14,8.180555973173294129e-14,7.278089233136902274e-14,7.467651794044993708e-14,6.334801429393118310e-14,6.405515561625349617e-14,8.280390366293128613e-14,1.170559245545644300e-13,2.043273855856737457e-13,5.334010815964712914e-14,5.712364860279798855e-14,6.237737661367193820e-14,6.464628025270554059e-14,7.060096171558425387e-14,7.277911258520839945e-14,6.471587732559909967e-14,5.969725831862166630e-14,6.287044325609862242e-14,7.106625891557183207e-14,1.027081384043424766e-13,1.291198916278106825e-13,5.195942007756952953e-14,5.171943713746889546e-14,5.542493621789287362e-14,6.253534366278433816e-14,7.117399013933367667e-14,6.540442574724644398e-14,6.708774906049749291e-14,6.866701107190199662e-14,7.210995642182088014e-14,1.056303240602424598e-13,1.572975257351494299e-13,4.228023230632582818e-14,4.808366734792222824e-14,6.005539882708759675e-14,6.163924288835880840e-14,7.097573168648835195e-14,6.436045418119705545e-14,7.723293986287105008e-14,9.273760636441820136e-14,1.018939186955770525e-13,1.336011394044981448e-13,7.216593059163285282e-14,8.333207278067421015e-14,9.057381746430128921e-14,9.418584989261601568e-14,1.218002040145085123e-13,1.222698904079138401e-13,1.754172692525662557e-13,1.181668018380828262e-13,1.843915030663567560e-13,1.363574204461435001e-13
7.035026977255674713e-14,9.875177810994623659e-14,7.969260419571040525e-14,7.939844399556839136e-14,8.666449141914511064e-14,7.887992508030126433e-14,7.482002833915273318e-14,8.576530574941382397e-14,6.561314714915631066e-14,6.547230441345430606e-14,5.673140486559702920e-14,7.425645820053217581e-14,7.121802982104190514e-14,8.089543212272015328e-14,7.809096328685946915e-14,8.875424515878291995e-14,7.791393582452251516e-14,6.797457949884549765e-14,7.159374627007807525e-14,6.944619076102233332e-14,7.604561523043692540e-14,1.084159890516088358e-13,1.402917595372900764e-13,6.408926542800849486e-14,6.924453018363272839e-14,7.533474476894672104e-14,7.854373097188850878e-14,8.345400927931685703e-14,7.424785594424345658e-14,7.618181226464007557e-14,6.462458783629456334e-14,6.534606460050002642e-14,8.446872633593063037e-14,1.194119326382545333e-13,2.084427837800587861e-13,5.441505952950522134e-14,5.827489536095172243e-14,6.363350271474679518e-14,6.593743103085363394e-14,7.199943594227408391e-14,7.424539933701573047e-14,6.601991670845312890e-14,6.090052221928350782e-14,6.413716886717202069e-14,7.249056148603383498e-14,1.046819645562734983e-13,1.316178453064663038e-13,5.300628368845985132e-14,5.276183599996058673e-14,5.654101856289366579e-14,6.379410603421190457e-14,7.260685672113674584e-14,6.672219788201131188e-14,6.843854350895018562e-14,7.004991631885745609e-14,7.356244929256604164e-14,1.077485173635705457e-13,1.602736437557401465e-13,4.313236078971905280e-14,4.905230443842639124e-14,6.126023441014620698e-14,6.287981640304255537e-14,7.240045515146823537e-14,6.565647959155066622e-14,7.878598316763550005e-14,9.453808535248183795e-14,1.039395808230496161e-13,1.362801454587384378e-13,7.361650746764100815e-14,8.478429137304947903e-14,9.216588114984273120e-14,9.594617925032704511e-14,1.227340280899389581e-13,1.246890187827976162e-13,1.789452577049125989e-13,1.212077739085404056e-13,1.853448281706463507e-13,1.382866642442992457e-13
7.176831995009310554e-14,1.007423585251580331e-13,8.129903397460340107e-14,8.099908221671506955e-14,8.841142295748390752e-14,8.046991528065397153e-14,7.632804203799848369e-14,8.749360457876510372e-14,6.693540949086464958e-14,6.679195937702027285e-14,5.787494174747152937e-14,7.575330623880523881e-14,7.265376233071822418e-14,8.252606776107084787e-14,7.966504054696074729e-14,9.054315601209887779e-14,7.948369520854064662e-14,6.934461423874699874e-14,7.303668720045072403e-14,7.084599788788150639e-14,7.757844074059603403e-14,1.106007737804792989e-13,1.431175899950329200e-13,6.538106818949534985e-14,7.063996472948456549e-14,7.685315132608262503e-14,8.012671299377321184e-14,8.513561247824538254e-14,7.574427217708569388e-14,7.771730972686069877e-14,6.592682916618854378e-14,6.666291796345050452e-14,8.616746695457154092e-14,1.218156679019606467e-13,2.126412071733147924e-13,5.551161810770552124e-14,5.944927617572465416e-14,6.491499563766071928e-14,6.725569347824491175e-14,7.342826250090859390e-14,7.574121222506234168e-14,6.735018917077904167e-14,6.212794386474958364e-14,6.542939358741570008e-14,7.394432786951626127e-14,1.067033398272151464e-13,1.341749021199928485e-13,5.407422415532379678e-14,5.382517283724382177e-14,5.767964381328437459e-14,6.507835095008500837e-14,7.406870664806912521e-14,6.806649768350465654e-14,6.981663869765804421e-14,7.146073454920744827e-14,7.504422961920844465e-14,1.099104503671827077e-13,1.633251411464576002e-13,4.400160998857781386e-14,5.004046072045936917e-14,6.248987031239452756e-14,6.414552109948043578e-14,7.385443434587173993e-14,6.697868178052976391e-14,8.037064100547749096e-14,9.638053941013446385e-14,1.060272403755978015e-13,1.390145078507279798e-13,7.509667399823465160e-14,8.628045579213813587e-14,9.380540579909443215e-14,9.775224507735583260e-14,1.237378908958930980e-13,1.271610729004482406e-13,1.825450443309954571e-13,1.243439485103936361e-13,1.864001349964875627e-13,1.402973920950575957e-13
7.321478298975508385e-14,1.027728090739544030e-13,8.293763594109200200e-14,8.263175843429241088e-14,9.019334630391787339e-14,8.209176046890961803e-14,7.786629339574539424e-14,8.925660452873673122e-14,6.828421421395275848e-14,6.813806888564070361e-14,5.904139271741153460e-14,7.728013255129376628e-14,7.411823270410928067e-14,8.418936823505877004e-14,8.127065567057804642e-14,9.236792601953156140e-14,8.108501743595348355e-14,7.074212216911710514e-14,7.450856883729303479e-14,7.227385602485910636e-14,7.914198245598746588e-14,1.128294159868147784e-13,1.460003224534967867e-13,6.669876335565351932e-14,7.206341119059848415e-14,7.840200079319804233e-14,8.174144848968133501e-14,8.685099628869378447e-14,7.727070393085853270e-14,7.928358967276122441e-14,6.725522498108544125e-14,6.800620887776646944e-14,8.790072251473471216e-14,1.242679937859513451e-13,2.169241881255398312e-13,5.663019458592603087e-14,6.064723135635204739e-14,6.622232498663164629e-14,6.860147829929466500e-14,7.488782793685251429e-14,7.726710602918748639e-14,6.870719068665354238e-14,6.337998530871381111e-14,6.674759781975478393e-14,7.542803824161819982e-14,1.087725643983104546e-13,1.367914716525316395e-13,5.516363856985272423e-14,5.490984722854239365e-14,5.884122924154638626e-14,6.638854396413784551e-14,7.556007116368311125e-14,6.943782472497588754e-14,7.122253751953368451e-14,7.289998355447955800e-14,7.655584361298493578e-14,1.121168358006038018e-13,1.664522794528158910e-13,4.488830634949821087e-14,5.104850232722439990e-14,6.374472262678670298e-14,6.543681454263199890e-14,7.533816452770857822e-14,6.832754480889091469e-14,8.198747281538277515e-14,9.826530981578585073e-14,1.081576041591768510e-13,1.418051198421603164e-13,7.660694883564218241e-14,8.782054321234354165e-14,9.549237034545932568e-14,9.960419672715903404e-14,1.248118005588905377e-13,1.296866719832316385e-13,1.862178875132102324e-13,1.275791727662048910e-13,1.875571397880240078e-13,1.423893295209695483e-13
7.469020529179029864e-14,1.048438975137014853e-13,8.460903028082626842e-14,8.429709331189931109e-14,9.201093523669597862e-14,8.374607341760962507e-14,7.943536138226377759e-14,9.105496460883652635e-14,6.966006659341954691e-14,6.951114034136421664e-14,6.023119845321297022e-14,7.883751501070346130e-14,7.561199775631930045e-14,8.588596233657956713e-14,8.290841514094655896e-14,9.422924265374442165e-14,8.271849734042391086e-14,7.216762923471835628e-14,7.600994453552225814e-14,7.373030422497775396e-14,8.073683056553218172e-14,1.151027487991734193e-13,1.489410166463475795e-13,6.804284798311294731e-14,7.351540263203018849e-14,7.998187640324536763e-14,8.338854397642643368e-14,8.860080045497832000e-14,7.882772479811206933e-14,8.088124216211904014e-14,6.861027171948510003e-14,6.937644023060904682e-14,8.966910719931743442e-14,1.267697961307917602e-13,2.212932955878642992e-13,5.777120774419772754e-14,6.186920980992016197e-14,6.755597111395866112e-14,6.997521450460368707e-14,7.637854364436391755e-14,7.882364727479445058e-14,7.009142733885618284e-14,6.465711733161910767e-14,6.809227196467777282e-14,7.694219052567393090e-14,1.108899920442901060e-13,1.394680306984323778e-13,5.627493227374015355e-14,5.601626641577755972e-14,6.002620165792836600e-14,6.772516198803113004e-14,7.708149431154998127e-14,7.083668900536838216e-14,7.265675468287296860e-14,7.436819287427279398e-14,7.809784954022996442e-14,1.143684133246792180e-13,1.696554148254410657e-13,4.579278261068316824e-14,5.207680318540073296e-14,6.502522141269807046e-14,6.675416563354057398e-14,7.685215723296587731e-14,6.970356388466402756e-14,8.363705376994566584e-14,1.001927820567074786e-13,1.103314030693481705e-13,1.446529099449273995e-13,7.814786578558845739e-14,8.940457745424429002e-14,9.722680581971336289e-14,1.015022370143157343e-13,1.259558332553251310e-13,1.322664839109786273e-13,1.899650836234627291e-13,1.309174948355432660e-13,1.888157088727136009e-13,1.445622596751253334e-13
7.619514280538704605e-14,1.069564048363062533e-13,8.631384777267368957e-14,8.599571766804330533e-14,9.386487515936691997e-14,8.543347757783523042e-14,8.103583545049064448e-14,9.288935649511148085e-14,7.106348145383145179e-14,7.091169021283041509e-14,6.144480733650207431e-14,8.042604136509393102e-14,7.713562341865494390e-14,8.761648973917385515e-14,8.457893603511990453e-14,9.612780570486986275e-14,8.438474176649702757e-14,7.362167091883020298e-14,7.754137777963187787e-14,7.521589101965775286e-14,8.236358564344896941e-14,1.174216213460740851e-13,1.519407554367591672e-13,6.941382795029433788e-14,7.499648221684304315e-14,8.159337190231300136e-14,8.506861715774191439e-14,9.038567724834184039e-14,8.041591891393609166e-14,8.251086784410325212e-14,6.999247538837018594e-14,7.077412446318529722e-14,9.147325169874349487e-14,1.293219823437135449e-13,2.257501337899479352e-13,5.893508432203887173e-14,6.311566890840989517e-14,6.891642483421817148e-14,7.137734852684437057e-14,7.790084457988246356e-14,8.041141397013023551e-14,7.150341512530263652e-14,6.595981932830946154e-14,6.946391621493419399e-14,7.848729957814804378e-14,1.130560273763889786e-13,1.422051195335685107e-13,5.740851869610846407e-14,5.714484519820591114e-14,6.123499716322911475e-14,6.908869294914488973e-14,7.863353254837211131e-14,7.226361073150602806e-14,7.411981637475711893e-14,7.586590348402921929e-14,7.967081741982134906e-14,1.166659481827793435e-13,1.729349932015372548e-13,4.671537771928899754e-14,5.312574485131016942e-14,6.633181010882725783e-14,6.809805425970728987e-14,7.839693957777147220e-14,7.110724506090831339e-14,8.531997417619300567e-14,1.021633834947029979e-13,1.125493909588819947e-13,1.475588400334934297e-13,7.971997321215126489e-14,9.103262795914874162e-14,9.900879404137993402e-14,1.034466199326980288e-13,1.271701260583172352e-13,1.349012223462220952e-13,1.937879652186229492e-13,1.343631769760372050e-13,1.901758452473024544e-13,1.468160227529902222e-13
7.773016094354578453e-14,1.091111251640822299e-13,8.805272972004380560e-14,8.772827246988501475e-14,9.575586300765667819e-14,8.715460698631769054e-14,8.266831540833949343e-14,9.476046430660219776e-14,7.249498302257542687e-14,7.234024393784352046e-14,6.268267538740751632e-14,8.204630917137465794e-14,7.868968473402411386e-14,8.938160090977092483e-14,8.628284592914808995e-14,9.806432713660566509e-14,8.608436931762025270e-14,7.510479212815458001e-14,7.910344205191786188e-14,7.673117432998258196e-14,8.402285854909450387e-14,1.197868984609513725e-13,1.550006441464794351e-13,7.081221786903007650e-14,7.650720304720538517e-14,8.323709142556118259e-14,8.678229676866121970e-14,9.220629122911351546e-14,8.203588081376902438e-14,8.417307783606687586e-14,7.140235140182195636e-14,7.219978341992346364e-14,9.331380259643260586e-14,1.319254806487110238e-13,2.302963410619970802e-13,6.012225889660742545e-14,6.438707436282961926e-14,7.030418716259695333e-14,7.280834341279911938e-14,7.945518807750030015e-14,8.203099536454848601e-14,7.294367977911999065e-14,6.728857919981790553e-14,7.086304036550924262e-14,8.006389644798567116e-14,1.152711232481009487e-13,1.450033384324674124e-13,5.856481920208314370e-14,5.829600583139347820e-14,6.246806092194328614e-14,7.047963547855689176e-14,8.021675439189484086e-14,7.371912011660365825e-14,7.561225995372927143e-14,7.739366750938522144e-14,8.127532874619109427e-14,1.190102299814965657e-13,1.762915457335505651e-13,4.765643675007735409e-14,5.419571635892262433e-14,6.766494499833344464e-14,6.946897097622587354e-14,7.997305362485110474e-14,7.253910495925947693e-14,8.703683893255301922e-14,1.041775811858798544e-13,1.148123436158145151e-13,1.505239036455815345e-13,8.132383348419654924e-14,9.270480873574513749e-14,1.008384662901227083e-13,1.054376484567732564e-13,1.284548705060613309e-13,1.375916441012940359e-13,1.976878994225856628e-13,1.379207096171417637e-13,1.916376762249164051e-13,1.491505156855463699e-13
7.929583449273550232e-14,1.113088656364515934e-13,8.982632786155270147e-14,8.949540880789281558e-14,9.768460714817766708e-14,8.891010616657727270e-14,8.433341129106892705e-14,9.666898439267992580e-14,7.395510478676315910e-14,7.379733582385866753e-14,6.394526619468948476e-14,8.369892571853229926e-14,8.027476583533878676e-14,9.118195701383438979e-14,8.802078279805974093e-14,1.000395309415100768e-13,8.781801011953735841e-14,7.661754707776671512e-14,8.069672070209431821e-14,7.827672137392541977e-14,8.571527032244132189e-14,1.221994604015604381e-13,1.581218099408731980e-13,7.223854099308968656e-14,7.804812801098729449e-14,8.491364937298333833e-14,8.853022242293531697e-14,9.406331902190957745e-14,8.368821529361733013e-14,8.586849360122750314e-14,7.284042442621470106e-14,7.365394820278578615e-14,9.519142180776515451e-14,1.345812394055518297e-13,2.349335887522437489e-13,6.133317376429143998e-14,6.568390010079891320e-14,7.171976907164935198e-14,7.426867808238100313e-14,8.104205275650204307e-14,8.368299172150011122e-14,7.441275659732342421e-14,6.864389324582657503e-14,7.229016363363445039e-14,8.167252769968794231e-14,1.175357783167150693e-13,1.478633444165341502e-13,5.974426294886336237e-14,5.947017792766971347e-14,6.372584695080041779e-14,7.189849862277666156e-14,8.183174009623162008e-14,7.520375718989918792e-14,7.713463366542529047e-14,7.895204796107305069e-14,8.291197623123857732e-14,1.214020715843816757e-13,1.797256844589044226e-13,4.861631082373761388e-14,5.528711407586853905e-14,6.902509471841519417e-14,7.086741671098323457e-14,8.158105580466355355e-14,7.399967051332924347e-14,8.878826703287006290e-14,1.062358798442986425e-13,1.171210578356485005e-13,1.535491244455565337e-13,8.296002244498115469e-14,9.442127728161317669e-14,1.027160019599227771e-13,1.074756724279119653e-13,1.298103068545880508e-13,1.403385467241730817e-13,2.016662864576629303e-13,1.415948265390450219e-13,1.932014420553305323e-13,1.515656919933729853e-13
8.089274751643670318e-14,1.135504462827790825e-13,9.163530428499622321e-14,9.129778784994723982e-14,9.965182726445875473e-14,9.070063001921842619e-14,8.603174322947012902e-14,9.861562512502356004e-14,7.544438934976046883e-14,7.528350894298166530e-14,6.523305083886358895e-14,8.538450793863768522e-14,8.189145990456310999e-14,9.301822980992250789e-14,8.979339490711370091e-14,1.020541529912950475e-13,8.958630559345357395e-14,7.816049917221437836e-14,8.232180681444699612e-14,7.985310856617627982e-14,8.744145207205301029e-14,1.246602025751720897e-13,1.613054012547554577e-13,7.369332911982934698e-14,7.961982962941718951e-14,8.662367028055977852e-14,9.031304445933220078e-14,9.595744909768415431e-14,8.537353726808417452e-14,8.759774682125563832e-14,7.430722822793696132e-14,7.513715902667991572e-14,9.710678606368885585e-14,1.372902264831358907e-13,2.396635802139078738e-13,6.256827882211849793e-14,6.700662814395134855e-14,7.316369126121828723e-14,7.575884664620975194e-14,8.266193751163574212e-14,8.536801410079091292e-14,7.591119027368048773e-14,7.002626605417993508e-14,7.374581448454338198e-14,8.331375479111060383e-14,1.198505347520252727e-13,1.507858482186088281e-13,6.094728674552778283e-14,6.066779835479140442e-14,6.500881791825764323e-14,7.334580157351591646e-14,8.347908134777173712e-14,7.671807161263177758e-14,7.868749637519409828e-14,8.054161848415584753e-14,8.458136355933645282e-14,1.238423081015427501e-13,1.832380982037236306e-13,4.959535702456947786e-14,5.640034156395555037e-14,7.041273980737090689e-14,7.229390248823896893e-14,8.322151638263815844e-14,7.548947872642544992e-14,9.057489110822411381e-14,1.083388199403882742e-13,1.194763505734802445e-13,1.566355548269162189e-13,8.462912888622105221e-14,9.618223348350031658e-14,1.046416272030582118e-13,1.095610865261669002e-13,1.312367189814268775e-13,1.431427662807486575e-13,2.057245582986061484e-13,1.453905212567378743e-13,1.948674854534054403e-13,1.540615615687876375e-13
8.252149324599233968e-14,1.158366998769820795e-13,9.348033132236266360e-14,9.313608077286593011e-14,1.016582542269357357e-13,9.252684369781391642e-14,8.776394131078419890e-14,1.006011066893381486e-13,7.696338828378113966e-14,7.679931501855478024e-14,6.654650780577987211e-14,8.710368230447575595e-14,8.354036911051975959e-14,9.489110153005718507e-14,9.160134069037150208e-14,1.041089408773871655e-13,9.138990823313626006e-14,7.973422087917250581e-14,8.397930306825302013e-14,8.146092140737735671e-14,8.920204485198292865e-14,1.271700352624624821e-13,1.645525872447202892e-13,7.517712248166967328e-14,8.122288990165588250e-14,8.836778868308788595e-14,9.213142378190056179e-14,9.788938155731814195e-14,8.709247162259490220e-14,8.936147926042966971e-14,7.580330551938730195e-14,7.664996507194288422e-14,9.906058642941595866e-14,1.400534286752861978e-13,2.444880498239026043e-13,6.382803144619247495e-14,6.835574848155680156e-14,7.463648393636310821e-14,7.727935777347774728e-14,8.431536057695122277e-14,8.708668414476832196e-14,7.743953473133627621e-14,7.143621038403905655e-14,7.523053045843579063e-14,8.498815349702253018e-14,1.222159760844329320e-13,1.537716114484900470e-13,6.217433491341552061e-14,6.188931112982444813e-14,6.631744495033196784e-14,7.482207341014458950e-14,8.515938097582866245e-14,7.826262249593285130e-14,8.027141731193664127e-14,8.216296311634226979e-14,8.628410514972302172e-14,1.263317959610185913e-13,1.868295487112155131e-13,5.059393831521228305e-14,5.753580944033785701e-14,7.182837228267854690e-14,7.374894916529758079e-14,8.489501896434633063e-14,7.700907643819663918e-14,9.239735699878725456e-14,1.104869759236579603e-13,1.218790581623268111e-13,1.597842746331987084e-13,8.633175400656591923e-14,9.798791850100276212e-14,1.066156135685906245e-13,1.116943283271481955e-13,1.327344299104297829e-13,1.460051753128222416e-13,2.098641774150330260e-13,1.493130647207744094e-13,1.966362419566170080e-13,1.566381901398978422e-13
8.418267395212339955e-14,1.181684717690571837e-13,9.536209142421763138e-14,9.501096866972063713e-14,1.037046299444594862e-13,9.438942246612569631e-14,8.953064542840084987e-14,1.026261608710892644e-13,7.851266197476470421e-14,7.834531430086638685e-14,6.788612288848558649e-14,8.885708471089684235e-14,8.522210452268867312e-14,9.680126474188208114e-14,9.344528861299764281e-14,1.062046537383312527e-13,9.322948138118840259e-14,8.133929359165300415e-14,8.566982158797718858e-14,8.310075435954187106e-14,9.099769952492751670e-14,1.297298833336867701e-13,1.678645572556739693e-13,7.669046962399610430e-14,8.285790014188723536e-14,9.014664896457874769e-14,9.398603169028143894e-14,9.985982791170548355e-14,8.884565305600007587e-14,9.116034261736374484e-14,7.732920779950293652e-14,7.819292432999437201e-14,1.010535278494997579e-13,1.428718511460854299e-13,2.494087619987220229e-13,6.511289636443050998e-14,6.973175893703518177e-14,7.613868658856385910e-14,7.883073410247397567e-14,8.600285865420375223e-14,8.883963386313165436e-14,7.899835295092788280e-14,7.287424703956855163e-14,7.674485799433984648e-14,8.669631337026864050e-14,1.246327251825678114e-13,1.568214439432427577e-13,6.342585914403202438e-14,6.313516730530311945e-14,6.765220743882361369e-14,7.632785284951393059e-14,8.687325267183808025e-14,7.983797821589953100e-14,8.188697581781266898e-14,8.381667604993942194e-14,8.802082592069113333e-14,1.288714120476707846e-13,1.905008669828949690e-13,5.161242344594594085e-14,5.869393523656593567e-14,7.327249524438192532e-14,7.523308717776916568e-14,8.660216003061312387e-14,7.855902009531562235e-14,9.425632334752289608e-14,1.126809545597798362e-13,1.243300355845479365e-13,1.629963899773630679e-13,8.806851084440527104e-14,9.983861363870470062e-14,1.086382766413170184e-13,1.138758764422370146e-13,1.343037979280160800e-13,1.489266809519416981e-13,2.140866355740577974e-13,1.533680244576367491e-13,1.985082311010038075e-13,1.592956981852108508e-13
8.587690079633366349e-14,1.205466196879139576e-13,9.728127700933812548e-14,9.692314243081368416e-14,1.057917071957966888e-13,9.628905153274633199e-14,9.133250511712021989e-14,1.046915308321513157e-13,8.009277945609375397e-14,7.992207542985837309e-14,6.925238907517453207e-14,9.064536033676797665e-14,8.693728599832274544e-14,9.874942218882288106e-14,9.532591701304837075e-14,1.083420620698619415e-13,9.510569899839446866e-14,8.297630747526068067e-14,8.739398377872119288e-14,8.477321070438000255e-14,9.282907660890061300e-14,1.323406859533110058e-13,1.712425202900047427e-13,7.823392726622487111e-14,8.452546080491875969e-14,9.196090519217479773e-14,9.587754969518231934e-14,1.018695108528438597e-13,9.063372590951711061e-14,9.299499836123893381e-14,7.888549518465299085e-14,7.976660343808799352e-14,1.030863287111090808e-13,1.457465168921827069e-13,2.544275101705466424e-13,6.642334552137713626e-14,7.113516502383313498e-14,7.767084777516132355e-14,8.041351168603697608e-14,8.772498609685975215e-14,9.062750541132525530e-14,8.058821678979373616e-14,7.434090473038861955e-14,7.828935224661374987e-14,8.843883723180012624e-14,1.271014423507597329e-13,1.599362012869101190e-13,6.470231835150073420e-14,6.440582484467476538e-14,6.901359284754249871e-14,7.786368799800911788e-14,8.862132071117963342e-14,8.144471622175982022e-14,8.353476109835464084e-14,8.550336139203510100e-14,8.979216104982212987e-14,1.314620528962948610e-13,1.942529498214089510e-13,5.265118685685744253e-14,5.987514325377823502e-14,7.474562249832285593e-14,7.674685628903708240e-14,8.834354849519532654e-14,8.013987552090288300e-14,9.615246120827018843e-14,1.149213933703841541e-13,1.268301557838256294e-13,1.662730321423499546e-13,8.984002370112324103e-14,1.017346392116483928e-13,1.107099746863180317e-13,1.161062487394105255e-13,1.359452132633605832e-13,1.519082231696040890e-13,2.183934526747678903e-13,1.575612852860081999e-13,2.004840483511671983e-13,1.620342590835666626e-13
8.760479366179004402e-14,1.229720135085365092e-13,9.923859028428376394e-14,9.887330259616839950e-14,1.079202494402313209e-13,9.822642586067944086e-14,9.317017937003576358e-14,1.067979708740658688e-13,8.170431822943825085e-14,8.153017528304769224e-14,7.064580642103222282e-14,9.246916348833848867e-14,8.868654204040540792e-14,1.007362866039845819e-13,9.724391391927222827e-14,1.105219475126413746e-13,9.701924542092997209e-14,8.464586129678591067e-14,8.915242014337146569e-14,8.647890238115856520e-14,9.469684610450780325e-14,1.350033962717064147e-13,1.746877044705228852e-13,7.980806014374687646e-14,8.622618129591715118e-14,9.381122092927162200e-14,9.780666931437371970e-14,1.039191640097388597e-13,9.245734397824941646e-14,9.486611754828545561e-14,8.047273622627102734e-14,8.137157749963215855e-14,1.051597204158589220e-13,1.486784662079437746e-13,2.595461156765983382e-13,6.775985793165760358e-14,7.256647978772981431e-14,7.923352489268368747e-14,8.202823946423366186e-14,8.948231414079297955e-14,9.245095085678242792e-14,8.220970678844564884e-14,7.583671991605216674e-14,7.986457689010592305e-14,9.021634068205627841e-14,1.296228235347158062e-13,1.631167824813021398e-13,6.600417851644566558e-14,6.570174848457423305e-14,7.040209651291247261e-14,7.943013610075843578e-14,9.040421967166409660e-14,8.308342283242494748e-14,8.521537196745052829e-14,8.722363291736466378e-14,9.159875572537929837e-14,1.341046339238545161e-13,1.980867565580807157e-13,5.371060857069512053e-14,6.107986441154038116e-14,7.624827819428194891e-14,7.829080534059157969e-14,9.011980527701922500e-14,8.175221767795938430e-14,9.808645365985134026e-14,1.172089591636375492e-13,1.293803090034326064e-13,1.696153565443399661e-13,9.164692762014281582e-14,1.036763534088397102e-13,1.128311073023854490e-13,1.183860006413824140e-13,1.376590953038580971e-13,1.549507731439358557e-13,2.227861755849753398e-13,1.618990717594369677e-13,2.025643577615766315e-13,1.648540968559478772e-13
8.936698096743959212e-14,1.254455349749296854e-13,1.012347430242326957e-13,1.008621591765220620e-13,1.100910306057288704e-13,1.002022499523373558e-13,9.504433643266967726e-14,1.089462461806075329e-13,8.334786407165409054e-14,8.317019880564414461e-14,7.206688190188307936e-14,9.432915742457564952e-14,9.047050962522224479e-14,1.027625804980959878e-13,9.919997684384961018e-14,1.127451026119761618e-13,9.897081510032949308e-14,8.634856223448947156e-14,9.094577007911275025e-14,8.821844980222034368e-14,9.660168729863319650e-14,1.377189811049141770e-13,1.782013564903209726e-13,8.141344083123416115e-14,8.796067976294751464e-14,9.569826902628003752e-14,9.977409184595122562e-14,1.060095316835640136e-13,9.431717030055261022e-14,9.677438061438006422e-14,8.209150771255141782e-14,8.300842988799317077e-14,1.072744469517057028e-13,1.516687561381417834e-13,2.647664264957253591e-13,6.912291952404140814e-14,7.402622363511289253e-14,8.082728394142964423e-14,8.367547875776289426e-14,9.127543017316026293e-14,9.431063193016378876e-14,8.386341196236487221e-14,7.736223663445652851e-14,8.147110391219017189e-14,9.202945162587847261e-14,1.321975986212765293e-13,1.663641277471169664e-13,6.733191251842271199e-14,6.702340958379232207e-14,7.181822143693059452e-14,8.102776328460628669e-14,9.222259414316713181e-14,8.475469301877284414e-14,8.692941658358952166e-14,8.897811381068304022e-14,9.344126488441473387e-14,1.368000886844503727e-13,2.020033059467432259e-13,5.479107407155097939e-14,6.230853608834795337e-14,7.778099647316669256e-14,7.986549199917748515e-14,9.193156287975313263e-14,8.339663042390072229e-14,1.000589954197394987e-13,1.195443466421626916e-13,1.319814021368179620e-13,1.730245417425279745e-13,9.348986805297751239e-14,1.056641511580461414e-13,1.150021140879349691e-13,1.207157234955917874e-13,1.394458903168095151e-13,1.580553317204001720e-13,2.272663769491202787e-13,1.663879725027781856e-13,2.047498853629763093e-13,1.677554850147551400e-13
9.116409948849837971e-14,1.279680773714311012e-13,1.032704563049750819e-13,1.028904314338516200e-13,1.123048348503076532e-13,1.022172376167673309e-13,9.695565357034127638e-14,1.111371325275728113e-13,8.502401082933858028e-14,8.484273881478645338e-14,7.351612924643432332e-14,9.622601414654380819e-14,9.228983400491039599e-14,1.048290359298507679e-13,1.011948125569860469e-13,1.150123305421077422e-13,1.009611123255281430e-13,8.808502567578579721e-14,9.277468165708786469e-14,8.999248164826335409e-14,9.854428853649946760e-14,1.404884205946871195e-13,1.817847410439062636e-13,8.305064955147717199e-14,8.972958287583179703e-14,9.762273139264736075e-14,1.017805281210731119e-13,1.081413685583285238e-13,9.621387692351588715e-14,9.872047714091516115e-14,8.374239445639383868e-14,8.467775203712805984e-14,1.094312644589100940e-13,1.547184599081978666e-13,2.700903157281477600e-13,7.051302297061657129e-14,7.551492415129609536e-14,8.245269928327249622e-14,8.535580277808361406e-14,9.310493703166320116e-14,9.620721976226213423e-14,8.554992958265706242e-14,7.891800631882975849e-14,8.310951339477128280e-14,9.387880980842307133e-14,1.348265298163921555e-13,1.696792164262883968e-13,6.868599995286069784e-14,6.837128596240208014e-14,7.326247807451709207e-14,8.265714429508268085e-14,9.407709842669064183e-14,8.645913017338820371e-14,8.867751217763559807e-14,9.076743639830585046e-14,9.532035294044597218e-14,1.395493681285668174e-13,2.060036731973143774e-13,5.589297415545765999e-14,6.356160195271361811e-14,7.934432111759226799e-14,8.147148249543098099e-14,9.377946497538657485e-14,8.507370625740754664e-14,1.020707924546764007e-13,1.219282770761501113e-13,1.346343580811267466e-13,1.765017884494919960e-13,9.536950085300167404e-14,1.076984629941878655e-13,1.172234733199729175e-13,1.230960430101468084e-13,1.413060696442552296e-13,1.612229279459811999e-13,2.318356539421491943e-13,1.710349666285298930e-13,2.070414132142844962e-13,1.707387481566726586e-13
9.299679415343035796e-14,1.305405451405795457e-13,1.053464601816568260e-13,1.049588475956603381e-13,1.145624562676529883e-13,1.042721117234619116e-13,9.890481680998324685e-14,1.133714159507446339e-13,8.673336021972548043e-14,8.654839575883270630e-14,7.499406874575948023e-14,9.816041412568848501e-14,9.414516849270179065e-14,1.069363942664903679e-13,1.032291368512562025e-13,1.173244447959291813e-13,1.029908509318878591e-13,8.985587500621498655e-14,9.463981139083882932e-14,9.180163465015903268e-14,1.005253469551864530e-13,1.433127078374862872e-13,1.854391402211099557e-13,8.472027396851206048e-14,9.153352559579191162e-14,9.958529875750494250e-14,1.038266982428814618e-13,1.103154393916797367e-13,9.814814464729858818e-14,1.007051055966796703e-13,8.542598907358315741e-14,8.638014322301502923e-14,1.116309407950304865e-13,1.578286663411092820e-13,2.755196798516572724e-13,7.193066748669594193e-14,7.703311591080403548e-14,8.411035339404234604e-14,8.706979615348558707e-14,9.497145233378223485e-14,9.814139461160152509e-14,8.726986494853237553e-14,8.050458760652912258e-14,8.478039328866504822e-14,9.576506636124606277e-14,1.375104101001561041e-13,1.730630649641304759e-13,7.006692693067041281e-14,6.974586173309796857e-14,7.473538411560496876e-14,8.431886222915927507e-14,9.596839622597949811e-14,8.819734587104199575e-14,9.046028477459756762e-14,9.259224187267118562e-14,9.723669350326148202e-14,1.423534398652139695e-13,2.100889871245571266e-13,5.701670474415001705e-14,6.483951179028638099e-14,8.093880518923393633e-14,8.310935134583705832e-14,9.566416599230726878e-14,8.678404605984760872e-14,1.041225615903852955e-13,1.243614970430451372e-13,1.373401150974920848e-13,1.800483186155947262e-13,9.728649252731404224e-14,1.097797539396066207e-13,1.194957006400164460e-13,1.255276177528150004e-13,1.432401283430514301e-13,1.644546176607540004e-13,2.364956269758561488e-13,1.758474524390567883e-13,2.094397740898450896e-13,1.738042615835222146e-13
9.486571776849621340e-14,1.331638534963304979e-13,1.074634933495579738e-13,1.070681444568842025e-13,1.168646985627202257e-13,1.063676039549156096e-13,1.008925206559017070e-13,1.156498923845049024e-13,8.847652155368289688e-14,8.828777744051980679e-14,7.650122704433833955e-14,1.001330459969006656e-13,9.603717424748137160e-14,1.090854058605185617e-13,1.053036742361028105e-13,1.196822688414854972e-13,1.050607539811302065e-13,9.166174133289306031e-14,9.654182395860682533e-14,9.364655333264256821e-14,1.025455681848121543e-13,1.461928485525617971e-13,1.891658530255129722e-13,8.642290896368738137e-14,9.337315089495796212e-14,1.015866703777251105e-13,1.059133312809494034e-13,1.125325186803344349e-13,1.001206627425187738e-13,1.027289730507756664e-13,8.714289172700321522e-14,8.811621030328543375e-14,1.138742551028632929e-13,1.610004793027084884e-13,2.810564372478916458e-13,7.337635859929709779e-14,7.858134024055945049e-14,8.580083657795491472e-14,8.881805446659850639e-14,9.687560785189339239e-14,1.001138455528099154e-13,8.902383111295938511e-14,8.212254609546225786e-14,8.648433914381460241e-14,9.768888335048150068e-14,1.402500618263881832e-13,1.765167251320107019e-13,7.147518586604047291e-14,7.114762709131816894e-14,7.623746423372233419e-14,8.601350824158733053e-14,9.789716032127633726e-14,8.996995959520487583e-14,9.227836888664166853e-14,9.445317998607598597e-14,9.919096905687598815e-14,1.452132874906189153e-13,2.142604276789453615e-13,5.816266664657860881e-14,6.614272127599563974e-14,8.256501068342743421e-14,8.477968105976540865e-14,9.758633070556237669e-14,8.852825880131645146e-14,1.062150301093026732e-13,1.268447773040298300e-13,1.400996262157107031e-13,1.836653745967622951e-13,9.924152032139452244e-14,1.119085224614950152e-13,1.218193478573829059e-13,1.280111378058078517e-13,1.452485842292050779e-13,1.677514822448610016e-13,2.412479386787364399e-13,1.808332786434430442e-13,2.119458465684046237e-13,1.769524309427116499e-13
9.677154817182491096e-14,1.358389516108075753e-13,1.096223193341111026e-13,1.092190784001607281e-13,1.192123998658735785e-13,1.085044777762026666e-13,1.029194856520096842e-13,1.179733928823774967e-13,9.025412771672639326e-14,9.006151292393106019e-14,7.803814668557258955e-14,1.021446237045362576e-13,9.796653885252214725e-14,1.112768484359619153e-13,1.074191754207254348e-13,1.220866606790273428e-13,1.071715741893500116e-13,9.350327733603905917e-14,9.848140792620033250e-14,9.552790418152572610e-14,1.046056842203773337e-13,1.491299072136088056e-13,1.929662490854027856e-13,8.815917231322470471e-14,9.524912487081919043e-14,1.036275711436155716e-13,1.080411844639392725e-13,1.147934138700947405e-13,1.021321463823350010e-13,1.047928131057906579e-13,8.889372355493825718e-14,8.988658122760349844e-14,1.161620251839173685e-13,1.642350700249469438e-13,2.867026454679819272e-13,7.485061862445755330e-14,8.016015578900899634e-14,8.752476089170435150e-14,9.060120261873216938e-14,9.881807315604182596e-14,1.021252888741758008e-13,9.081246296200289096e-14,8.377246556933521297e-14,8.822196755907916041e-14,9.965095507285194372e-14,1.430463938837229747e-13,1.800413329071714070e-13,7.291128496100654634e-14,7.257708683375732628e-14,7.776926101831510994e-14,8.774169601650007757e-14,9.986409148513271257e-14,9.177761344875644615e-14,9.413242396376232159e-14,9.635092602937236950e-14,1.011838893598917789e-13,1.481299599696804308e-13,2.185192987867669271e-13,5.933127006302445464e-14,6.747170093074346991e-14,8.422352518644747319e-14,8.648307829660192075e-14,9.954665502118018838e-14,9.030697645524669086e-14,1.083489591926958784e-13,1.293789570116051458e-13,1.429139026241699831e-13,1.873542939255111855e-13,1.012352886604045331e-13,1.140853292523017727e-13,1.241950467543098696e-13,1.305473590853364092e-13,1.473319801363225469e-13,1.711147035845984450e-13,2.460943435560577491e-13,1.860007790276820076e-13,2.145604647169059499e-13,1.801837114259934870e-13
9.871491792227322053e-14,1.385667290195141582e-13,1.118236611384759750e-13,1.114123798529963408e-13,1.216063312445587292e-13,1.106834349258277209e-13,1.049863860686252158e-13,1.203426805114981605e-13,9.206676958269540225e-14,9.187019538491076981e-14,7.960534639280231275e-14,1.041958162702067425e-13,9.993390068482374690e-14,1.135114513688251995e-13,1.095763452265696307e-13,1.245384122842699279e-13,1.093240099529191203e-13,9.538109994283827787e-14,1.004592107955972840e-13,9.744631697704927635e-14,1.067063799940282115e-13,1.521248189094193902e-13,1.968415494431562727e-13,8.992964082794954690e-14,9.716207429223949717e-14,1.057086810208138260e-13,1.102109641855601738e-13,1.170988701586299466e-13,1.041832648215461357e-13,1.068973120556040240e-13,9.067907105308998070e-14,9.169184908534730324e-14,1.184949952935094182e-13,1.675334643188136303e-13,2.924601072078077072e-13,7.635394345352948926e-14,8.177009455704698145e-14,8.928270254598371368e-14,9.241981881747118020e-14,1.007994577372529939e-13,1.041763923263864257e-13,9.263635897526003714e-14,8.545490133905658153e-14,8.999386050390565593e-14,1.016519202824479830e-13,1.459001658788507531e-13,1.836379075135684851e-13,7.437570878191996162e-14,7.403472475315902590e-14,7.933128954549664968e-14,8.950400192392623899e-14,1.018698406082399576e-13,9.362091134027408139e-14,9.602306652303125877e-14,9.828611082363988606e-14,1.032161156934226574e-13,1.511043701587729269e-13,2.228667285922773451e-13,6.052291575886249662e-14,6.882689910029653756e-14,8.591489326777125442e-14,8.822010747174138495e-14,1.015457803629250231e-13,9.212079237157829980e-14,1.105250476507080094e-13,1.319647610664056244e-13,1.457838365349875954e-13,1.911162028952285996e-13,1.032684772816797257e-13,1.163106768858998243e-13,1.266233274427924049e-13,1.331369594902886390e-13,1.494908753655218457e-13,1.745452568248373996e-13,2.510363861211400459e-13,1.913588068677161278e-13,2.172847757406893364e-13,1.834990296007648529e-13
1.006965180846010265e-13,1.413481536722975522e-13,1.140682975058044454e-13,1.136488201186607460e-13,1.240473467086812062e-13,1.129052539004298799e-13,1.070939565719479061e-13,1.227586027066688294e-13,9.391509281032510897e-14,9.371446627364133575e-14,8.120337943786480700e-14,1.062873513067426414e-13,1.019399608500071674e-13,1.157900073549877450e-13,1.117759488938909334e-13,1.270383981482270702e-13,1.115188293353897457e-13,9.729587479970803053e-14,1.024759347800005922e-13,9.940247123813441455e-14,1.088484016609861128e-13,1.551786687429011001e-13,2.007931523363173125e-13,9.173494458292794284e-14,9.911267868252155023e-14,1.078307391216281955e-13,1.124234425886184355e-13,1.194497111295835618e-13,1.062747473476356987e-13,1.090432178168923548e-13,9.249956803965886416e-14,9.353265456309522058e-14,1.208740019264737136e-13,1.708968577620078154e-13,2.983309227127294162e-13,7.788686613890240667e-14,8.341172661322083511e-14,9.107528679471438408e-14,9.427454651754090652e-14,1.028204551323160412e-13,1.062678869134026299e-13,9.449616707129759284e-14,8.717044893096900093e-14,9.180064737133678412e-14,1.036924916312721413e-13,1.488123362297064330e-13,1.873076445992891041e-13,7.586897623095337230e-14,7.552105597546779104e-14,8.092410425370033361e-14,9.130105322637559535e-14,1.039151236285109552e-13,9.550050864507342959e-14,9.795097025228919442e-14,1.002594239958175697e-13,1.052883726473934456e-13,1.541375930291209939e-13,2.273041072701808713e-13,6.173802263907322100e-14,7.020879639406492642e-14,8.763971762292870898e-14,8.999138871022349472e-14,1.035844199733158883e-13,9.397035213126563643e-14,1.127440740770167990e-13,1.346030693010931356e-13,1.487104632525880901e-13,1.949524727960854086e-13,1.053418119293332952e-13,1.185851865936441586e-13,1.291048861782392128e-13,1.357807501868148657e-13,1.517258542073962550e-13,1.780443657625695795e-13,2.560758600008356307e-13,1.969167792098368630e-13,2.201196791887189178e-13,1.868990304578513623e-13
1.027170288909013840e-13,1.441841786640044845e-13,1.163569976536432295e-13,1.159291664323752458e-13,1.265362833260141776e-13,1.151706970132731565e-13,1.092429211878041737e-13,1.252219899882050055e-13,9.579973329158363685e-14,9.559495917151693667e-14,8.283279461851314618e-14,1.084199459471777260e-13,1.039854079255001911e-13,1.181132979209866194e-13,1.140187411902567119e-13,1.295874764205072216e-13,1.137567876046572048e-13,9.924825993377576206e-14,1.045322729894259048e-13,1.013970385656839436e-13,1.110324844463274679e-13,1.582925059356888942e-13,2.048224153269863847e-13,9.357570369771951447e-14,1.011016089748912266e-13,1.099944743625129219e-13,1.146793799469771953e-13,1.218467452337304540e-13,1.084073127354617305e-13,1.112312673790566284e-13,9.435584104495767435e-14,9.540963099490150127e-14,1.232998636828715183e-13,1.743264064918952688e-13,3.043171012814861399e-13,7.944991442408832338e-14,8.508561690555857630e-14,9.290313140697057527e-14,9.616601990134686548e-14,1.048817469833826242e-13,1.084004925111244727e-13,9.639252741823263221e-14,8.891969824269660937e-14,9.364295031191906468e-14,1.057733695884557836e-13,1.517838305659745195e-13,1.910517198638742855e-13,7.739160186505443773e-14,7.703659198232239761e-14,8.254825436266413262e-14,9.313346936409861521e-14,1.060006451068164431e-13,9.741705250280146628e-14,9.991679940443845384e-14,1.022715452653662156e-13,1.074013737487181852e-13,1.572306678033486473e-13,2.318327944708212910e-13,6.297700902358777641e-14,7.161786929165611451e-14,8.939859176341852314e-14,9.179753264990792894e-14,1.056632749378371027e-13,9.585629306665676457e-14,1.150068023686010911e-13,1.372947374098292576e-13,1.516947872209675738e-13,1.988644162485288338e-13,1.074560089638898695e-13,1.209094795297551722e-13,1.316404066244313668e-13,1.384795335516251710e-13,1.540375228743116284e-13,1.816132002850480345e-13,2.612144920727606714e-13,2.026847185342987192e-13,2.230662041477093749e-13,1.903843710840182752e-13
1.047771360750653224e-13,1.470757648057455534e-13,1.186905370993853620e-13,1.182541923606274004e-13,1.290739848730499222e-13,1.174805326646239716e-13,1.114340099780736889e-13,1.277336800009675810e-13,9.772133233918630797e-14,9.751231297591135536e-14,8.449414525914290878e-14,1.105943231397676456e-13,1.060709359806282565e-13,1.204821109107440236e-13,1.163054830221423263e-13,1.321865123229709002e-13,1.160386466617652223e-13,1.012389188788912009e-13,1.066289243424933025e-13,1.034306960630578001e-13,1.132593696274929274e-13,1.614673883234827598e-13,2.089307076535645498e-13,9.545254337353872996e-14,1.031295418434146494e-13,1.122006217039758868e-13,1.169795429069051590e-13,1.242907878922380188e-13,1.105816857962844904e-13,1.134622038367628281e-13,9.624852202534550248e-14,9.732341715573012213e-14,1.257734073941029953e-13,1.778232773948987235e-13,3.104206701888733916e-13,8.104362065090920713e-14,8.679233524711868497e-14,9.476685986860096015e-14,9.809488140614349721e-14,1.069840256731698371e-13,1.105749353468678741e-13,9.832608577558712810e-14,9.070324415432134129e-14,9.552139697437807606e-14,1.078952627546129641e-13,1.548155968751008969e-13,1.948713355701419111e-13,7.894410484509008571e-14,7.858184863802300075e-14,8.420429421596707510e-14,9.500187568375138289e-14,1.081271162122567504e-13,9.937119576149149889e-14,1.019212244172625012e-13,1.043231605668844739e-13,1.095558389471874288e-13,1.603846453179154227e-13,2.364541885342611805e-13,6.424029699983480895e-14,7.305459860999265940e-14,9.119211588120510649e-14,9.363915579768175830e-14,1.077830539949446149e-13,9.777925840973282257e-14,1.173140040721801852e-13,1.400406394284199768e-13,1.547378235897521345e-13,2.028533602091317868e-13,1.096117895804216389e-13,1.232842047128464513e-13,1.342306022169828484e-13,1.412341366412420911e-13,1.564265104315015692e-13,1.852529489190069427e-13,2.664540255697790521e-13,2.086733016782703446e-13,2.261254122402581630e-13,1.939557686999675833e-13
1.068775302926955907e-13,1.500238798647550198e-13,1.210696970026228359e-13,1.206246770161766264e-13,1.316613011330853818e-13,1.198355347969105490e-13,1.136679584439173364e-13,1.302945168173468497e-13,9.968053614269854082e-14,9.946717133411502114e-14,8.618798874903152565e-14,1.128112110009408183e-13,1.081972440843644453e-13,1.228972398012950544e-13,1.186369407851032090e-13,1.348363774376057301e-13,1.183651744331478998e-13,1.032685201035534172e-13,1.087665929880858792e-13,1.055041257752704480e-13,1.155298039007187107e-13,1.647043816381583392e-13,2.131194093468592661e-13,9.736609341691519317e-14,1.051971591393262996e-13,1.144499215391370421e-13,1.193247038606811579e-13,1.267826608470579805e-13,1.127985967899512340e-13,1.157367757823907068e-13,9.817824784785546842e-14,9.927465673345506128e-14,1.282954674748499707e-13,1.813886472380099324e-13,3.166436736907999317e-13,8.266852130381739326e-14,8.853245583245779759e-14,9.666710086901480063e-14,1.000617811789350658e-13,1.091279936996633673e-13,1.127919474106188135e-13,1.002974929572409394e-13,9.252168601975732349e-14,9.743661998444297075e-14,1.100588872780447846e-13,1.579086043823549026e-13,1.987677190996967291e-13,8.052700851711217668e-14,8.015734575041455189e-14,8.589278282377931394e-14,9.690690293294947010e-14,1.102952541589034992e-13,1.013635964470819002e-13,1.039649213731736018e-13,1.064149614974100285e-13,1.117524940284284985e-13,1.636005871937127154e-13,2.411697246266698364e-13,6.552831198819922191e-14,7.451946908623222375e-14,9.302089636529614745e-14,9.551688003105727685e-14,1.099444729668235701e-13,9.973989676668031322e-14,1.196664577695669422e-13,1.428416668053143129e-13,1.578405974310775216e-13,2.069206449893240180e-13,1.118098798573778627e-13,1.257100380975954804e-13,1.368762151425996717e-13,1.440454101171957338e-13,1.588934695514690740e-13,1.889648177159323372e-13,2.717962191563518209e-13,2.148939127322769436e-13,2.292983959457981153e-13,1.976139945930457654e-13
1.090189065049088008e-13,1.530294975669919340e-13,1.234952633375523997e-13,1.230414042614017190e-13,1.342990870596065191e-13,1.222364821819904955e-13,1.159455068177364602e-13,1.329053501049120156e-13,1.016779952062210549e-13,1.014601819985218730e-13,8.791488600074823629e-14,1.150713420628225668e-13,1.103650356607877644e-13,1.253594829721287303e-13,1.210138856562898714e-13,1.375379488528372757e-13,1.207371441562946334e-13,1.053377364041092202e-13,1.109459876567108947e-13,1.076180140497095123e-13,1.178445386400895732e-13,1.680045585196350636e-13,2.173899099263960455e-13,9.931698765719047137e-14,1.073051472702299659e-13,1.167431190095724956e-13,1.217156402287952471e-13,1.293231913828854776e-13,1.150587807309821518e-13,1.180557365877954461e-13,1.001456597076656991e-13,1.012639977426089637e-13,1.308668851389474869e-13,1.850237015331999333e-13,3.229881709402062138e-13,8.432515649854933213e-14,9.030655671997074005e-14,9.860448773642438443e-14,1.020673764582744739e-13,1.113143629534201345e-13,1.150522657850428835e-13,1.023074042424404409e-13,9.437562712388774881e-14,9.938925637402722919e-14,1.122649661832884566e-13,1.610638422468049411e-13,2.027421212368407754e-13,8.214083991978437376e-14,8.176360660166213387e-14,8.761428336429193703e-14,9.884918669096087935e-14,1.125057815442102112e-13,1.033949171636713902e-13,1.060485713850053682e-13,1.085476446863406147e-13,1.139920699536214869e-13,1.668795647662736789e-13,2.459808724621644708e-13,6.684148229493105474e-14,7.601296894579188744e-14,9.488554522665821702e-14,9.743133202202778069e-14,1.121482540917501582e-13,1.017388615329968625e-13,1.220649483567023326e-13,1.456987272937897577e-13,1.610041427422290471e-13,2.110676229467148398e-13,1.140510111462774096e-13,1.281876815320178558e-13,1.395780151346661368e-13,1.469142270111206715e-13,1.614390774046661817e-13,1.927500288531704432e-13,2.772428452244417313e-13,2.213587010388736550e-13,2.325862778219361431e-13,2.013598794530498761e-13
1.112019632522905685e-13,1.560935964720969547e-13,1.259680259767567063e-13,1.255051618400197026e-13,1.369882018433578343e-13,1.246841575821182409e-13,1.182673992478829721e-13,1.355670341966472598e-13,1.037143636638591398e-13,1.034919961233190436e-13,8.967540083632791318e-14,1.173754524663721302e-13,1.125750177160182396e-13,1.278696428302893967e-13,1.234370927511372694e-13,1.402921081852328710e-13,1.231553335480329327e-13,1.074472441872127507e-13,1.131678208960039430e-13,1.097730507852108793e-13,1.202043290645033055e-13,1.713689973794592392e-13,2.217436069119586401e-13,1.013058632680102731e-13,1.094541964693492972e-13,1.190809631961250766e-13,1.241531336150224838e-13,1.319132114259845597e-13,1.173629765863602716e-13,1.204198435745938030e-13,1.021514024479888437e-13,1.032920918363756667e-13,1.334885075025907721e-13,1.887296332227964115e-13,3.294562331275010078e-13,8.601406941853124861e-14,9.211521922622629820e-14,1.005796577824207119e-13,1.041123308886210073e-13,1.135438539347581630e-13,1.173566318621193996e-13,1.043564786859428168e-13,9.626567404407191605e-14,1.013799469142367427e-13,1.145142286150225229e-13,1.642823182144228771e-13,2.067958144239719139e-13,8.378612923002896056e-14,8.340115740109037282e-14,8.936936260727547785e-14,1.008293667114722732e-13,1.147594255864164061e-13,1.054658243936725388e-13,1.081728598843143157e-13,1.107219110636635209e-13,1.162753020886961734e-13,1.702226578986397992e-13,2.508891340036358497e-13,6.818023864655912042e-14,7.753558940355177589e-14,9.678667947767621304e-14,9.938314259487814454e-14,1.143951252686947689e-13,1.037768102142725391e-13,1.245102662162292547e-13,1.486127437866874377e-13,1.642295013125333930e-13,2.152956569778666527e-13,1.163359201552798496e-13,1.307178616959748409e-13,1.423367982817687064e-13,1.498414814668597990e-13,1.640640366719888928e-13,1.966098191520853101e-13,2.827956877356058187e-13,2.280806448639684744e-13,2.359902101955788256e-13,2.051943149236306347e-13
1.134274018022920227e-13,1.592171587368478058e-13,1.284887776933401516e-13,1.280167404179828353e-13,1.397295078608277849e-13,1.271793467866544407e-13,1.206343828927285602e-13,1.382804270661654346e-13,1.057902985064251044e-13,1.055632674841582741e-13,9.147009930277910489e-14,1.197242810647318046e-13,1.148278999618449067e-13,1.304285248093589384e-13,1.259073401617673412e-13,1.430997404948998154e-13,1.256205238753331738e-13,1.095977226493010877e-13,1.154328082054851071e-13,1.119699285846509332e-13,1.226099333152609531e-13,1.747987811203026093e-13,2.261819041505645541e-13,1.033333599960819244e-13,1.116449999670417956e-13,1.214642062020909491e-13,1.266379688544285154e-13,1.345535565418650047e-13,1.197119263777690751e-13,1.228298570860674631e-13,1.041961237925906374e-13,1.053595935279418248e-13,1.361611865970176308e-13,1.925076412343991698e-13,3.360499403197491827e-13,8.773580568354646429e-14,9.395902723567207198e-14,1.025932515627712964e-13,1.061973137763301486e-13,1.158171949236420627e-13,1.197057904615219644e-13,1.064453783357487710e-13,9.819243592129571281e-14,1.034093353597144744e-13,1.168074090094516036e-13,1.675650572498885286e-13,2.109300909938213192e-13,8.546340914826362507e-14,8.507052666081070968e-14,9.115859026341189087e-14,1.028480861867601205e-13,1.170569172764160549e-13,1.075769877096508143e-13,1.103384758243137941e-13,1.129384650391468514e-13,1.186029293363739917e-13,1.736309537060293360e-13,2.558960411526137878e-13,6.954501368354014833e-14,7.908782410460988007e-14,9.872492045306392668e-14,1.013729460141115613e-13,1.166858192278149336e-13,1.058544036622239352e-13,1.270032063007437714e-13,1.515846531193525198e-13,1.675177214889466440e-13,2.196061189101007383e-13,1.186653484911341899e-13,1.333013290322233693e-13,1.451533858288528035e-13,1.528280874679632835e-13,1.667690766409207280e-13,2.005454385284134813e-13,2.884565397807091959e-13,2.350736213859955985e-13,2.395113752453661271e-13,2.091182492353474776e-13
1.156959252111423670e-13,1.624011687755790487e-13,1.310583130841982102e-13,1.305769325307232583e-13,1.425238695320803813e-13,1.297228375302171327e-13,1.230472069395509343e-13,1.410463892214573913e-13,1.079064587321564329e-13,1.076746516252551537e-13,9.329954892308491613e-14,1.221185684449307721e-13,1.171243938614695766e-13,1.330369362817271981e-13,1.284254079118721531e-13,1.459617331179845622e-13,1.281334989495732974e-13,1.117898528777720397e-13,1.177416670937798553e-13,1.142093418322912057e-13,1.250621114556435639e-13,1.782949957173734528e-13,2.307062099638389662e-13,1.054001193107810006e-13,1.138782530860958709e-13,1.238936021562343293e-13,1.291709329792128677e-13,1.372450648529681862e-13,1.221063742086471519e-13,1.252865394840902249e-13,1.062804735079593376e-13,1.074671593391988128e-13,1.388857783083601664e-13,1.963589289460982002e-13,3.427713793640014979e-13,8.949091265429622213e-14,9.583856644152824236e-14,1.046459120700014137e-13,1.083229992957928334e-13,1.181351211085455219e-13,1.221004888716317939e-13,1.085747673778365473e-13,1.001565236592152132e-13,1.054780676217571149e-13,1.191452462063021591e-13,1.709131001425318408e-13,2.151462613797448236e-13,8.717321422556111715e-14,8.677224450753944231e-14,9.298253827110976711e-14,1.049059909462819301e-13,1.193989904594707784e-13,1.097290789149873238e-13,1.125461108126914376e-13,1.151980136099667419e-13,1.209756931920447590e-13,1.771055452040174062e-13,2.610031534368578964e-13,7.093624141247134824e-14,8.067016850754136173e-14,1.007008930754569054e-13,1.034013792059304142e-13,1.190210726390777426e-13,1.079723052413355489e-13,1.295445671448958893e-13,1.546154048453939806e-13,1.708698568648825432e-13,2.240003877486498421e-13,1.210400420044783442e-13,1.359388566697887794e-13,1.480286229719431111e-13,1.558749775494840070e-13,1.695549543623448151e-13,2.045581483688444941e-13,2.942272016123467191e-13,2.423524837331070294e-13,2.431509854530793675e-13,2.131326866473991922e-13
1.180082372666732826e-13,1.656466117667204109e-13,1.336774273682920268e-13,1.331865314049893099e-13,1.453721520215904862e-13,1.323154183093093975e-13,1.255066215063610895e-13,1.438657824616265954e-13,1.100635043925758725e-13,1.098268048997303626e-13,9.516431785835952012e-14,1.245590558187780712e-13,1.194652115624309208e-13,1.356956853436058287e-13,1.309920767894715821e-13,1.488789743548030418e-13,1.306950440074280628e-13,1.140243168498371100e-13,1.200951160282935342e-13,1.164919856634086016e-13,1.275616243460628779e-13,1.818587286269986345e-13,2.353179350916437262e-13,1.075067834531779649e-13,1.161546522351942067e-13,1.263699061008628718e-13,1.317528140640035843e-13,1.399885758310867767e-13,1.245470651781646787e-13,1.277906540270445748e-13,1.084051024715126142e-13,1.096154468538794177e-13,1.416631412080760188e-13,2.002847024815768937e-13,3.496226407703488090e-13,9.127993865198062797e-14,9.775442350164975620e-14,1.067382838391601608e-13,1.104900656282111857e-13,1.204983736537017695e-13,1.245414757827461459e-13,1.107453111859382009e-13,1.021585490327661703e-13,1.075867908502350751e-13,1.215284824783328365e-13,1.743275020553934677e-13,2.194456522447437694e-13,8.891608011495385894e-14,8.850684191695159568e-14,9.484178000671487026e-14,1.070037285703263747e-13,1.217863808177518436e-13,1.119227710890021942e-13,1.147964581498824558e-13,1.175012653686593108e-13,1.233943366937255111e-13,1.806475298226094118e-13,2.662120556265523054e-13,7.235435658866470658e-14,8.228311919531186666e-14,1.027152250441938415e-13,1.054690808896449343e-13,1.214016251338732011e-13,1.101311799062819824e-13,1.321351497757600476e-13,1.577059599550716445e-13,1.742869648385013081e-13,2.284798477618901526e-13,1.234607496962805137e-13,1.386312393265546352e-13,1.509633776326884196e-13,1.589831014733382889e-13,1.724224558342910437e-13,2.086492197980257978e-13,3.001094780610409473e-13,2.499331458949426630e-13,2.469102843583659832e-13,2.172386833952143984e-13
1.203650413231316379e-13,1.689544720043162982e-13,1.363469150594888222e-13,1.358463296482553927e-13,1.482752197957829984e-13,1.349578770735257590e-13,1.280133764264777185e-13,1.467394684994136862e-13,1.122620955363110380e-13,1.120203834043949137e-13,9.706497398003585458e-14,1.270464837900532915e-13,1.218510647174455835e-13,1.384055794752541950e-13,1.336081270593679182e-13,1.518523520172727316e-13,1.333059444764441559e-13,1.163017963284421738e-13,1.224938732759694388e-13,1.188185548257717579e-13,1.301092323964920174e-13,1.854910670244962553e-13,2.400184904237671702e-13,1.096539943844718904e-13,1.184748937991734204e-13,1.288938727650412729e-13,1.343843999530589082e-13,1.427849289636652569e-13,1.270347441807387811e-13,1.303429636281201898e-13,1.105706616435800686e-13,1.118051136731001443e-13,1.444941352699395354e-13,2.042861688356690731e-13,3.566058152689120142e-13,9.310343209317112729e-14,9.970718510781889017e-14,1.088710119638632681e-13,1.126991940284353894e-13,1.229076986988871172e-13,1.270295001130117630e-13,1.129576752740058257e-13,1.041991237048918372e-13,1.097361524218859736e-13,1.239578624743915171e-13,1.778093310095713967e-13,2.238296045212796013e-13,9.069254274358124806e-14,9.027484986903904360e-14,9.673688941554397846e-14,1.091419474154911319e-13,1.242198247506995064e-13,1.141587375346128118e-13,1.170902117710539316e-13,1.198489294125217963e-13,1.258596032678333557e-13,1.842580077824337977e-13,2.715243552732623949e-13,7.379979403515116009e-14,8.392717311306936431e-14,1.047685459461878860e-13,1.075766906185960550e-13,1.238282182357411166e-13,1.123316931863569448e-13,1.347757565180761211e-13,1.608572895278965143e-13,1.777701050378611420e-13,2.330458863878505677e-13,1.259282224157276565e-13,1.413792921874636440e-13,1.539585392064237691e-13,1.621534248614803960e-13,1.753723971877899468e-13,2.128199318243340131e-13,3.061051756736625115e-13,2.578326764463554441e-13,2.507905475730180536e-13,2.214373446991596575e-13
1.227670390280709780e-13,1.723257310748938750e-13,1.390675684986135739e-13,1.385571177908936926e-13,1.512339350240927283e-13,1.376509997791105615e-13,1.305682199024587858e-13,1.496683074352033437e-13,1.145028910409344418e-13,1.142560417993117188e-13,9.900208384259777391e-14,1.295815909817486483e-13,1.242826631819993823e-13,1.411674240597832394e-13,1.362743370396972775e-13,1.548827518186892715e-13,1.359669846113554007e-13,1.186229716431195774e-13,1.249386556221799141e-13,1.211897424202973356e-13,1.327056941833161053e-13,1.891930958570441894e-13,2.448092845011148873e-13,1.118423926238275481e-13,1.208396729131940945e-13,1.314662552076014757e-13,1.370664768534010807e-13,1.456349622783164980e-13,1.295701545767284401e-13,1.329442294804105122e-13,1.127778009319815208e-13,1.140368162620000225e-13,1.473796204590396671e-13,2.083645338068210524e-13,3.637229898593825457e-13,9.496194053320197628e-14,1.016974369582059842e-13,1.110447410119239396e-13,1.149510678093668418e-13,1.253638462810230109e-13,1.295653097123750242e-13,1.152125241402524975e-13,1.062788581407262410e-13,1.119267988240344001e-13,1.264341320637664525e-13,1.813596662890031369e-13,2.282994713410734380e-13,9.250313739800884590e-14,9.207679841591673242e-14,9.866844005422945485e-14,1.113212955402269674e-13,1.267000581403267001e-13,1.164376506161838354e-13,1.194280650803876180e-13,1.222417141411116650e-13,1.283722354565939491e-13,1.879380803157350491e-13,2.769416801451837581e-13,7.527298788929354116e-14,8.560282672609367131e-14,1.068614862808487283e-13,1.097248477227213206e-13,1.263015941877133326e-13,1.145745100663754320e-13,1.374671896800015979e-13,1.640703733056925157e-13,1.813203375924467956e-13,2.376998919441890186e-13,1.284432113900024208e-13,1.441838497511306146e-13,1.570150172754263837e-13,1.653869277760599462e-13,1.784056258499144913e-13,2.170715693474553301e-13,3.122160994768016254e-13,2.660694021494049445e-13,2.547930840104470356e-13,2.257298220527570813e-13
1.252149288954649678e-13,1.757613658388451019e-13,1.418401762264622992e-13,1.413196826712979029e-13,1.542491558015083584e-13,1.403955687889192459e-13,1.331718970115154078e-13,1.526531560614462041e-13,1.167865473221610720e-13,1.165344319976707464e-13,1.009762115454183003e-13,1.321651125094813125e-13,1.267607135725198018e-13,1.439820207386041024e-13,1.389914815219887825e-13,1.579710555825831696e-13,1.386789459824748138e-13,1.209885203393960689e-13,1.274301769503667706e-13,1.236062385043426305e-13,1.353517649125857833e-13,1.929658956929070937e-13,2.496917207609914846e-13,1.140726159625619198e-13,1.232496821056475837e-13,1.340878033081713628e-13,1.397998277738619025e-13,1.485395107055340615e-13,1.321540367177524054e-13,1.355952095296529962e-13,1.150271679354879604e-13,1.163112086727934610e-13,1.503204551737852847e-13,2.125209997038367855e-13,3.709762428659815710e-13,9.685600960743075647e-14,1.037257626213144184e-13,1.132601138276987239e-13,1.172463712325538558e-13,1.278675691651759540e-13,1.321496499277337750e-13,1.175105199880208540e-13,1.083983604061789669e-13,1.141593744200248509e-13,1.289580370681313103e-13,1.849795967508459203e-13,2.328566158292738724e-13,9.434839771266403665e-14,9.391321565122026132e-14,1.006370040337892198e-13,1.135424195181178990e-13,1.292278149860866812e-13,1.187601804722919920e-13,1.218107096633665196e-13,1.246803259267734972e-13,1.309329735097018799e-13,1.916888477084371806e-13,2.824656755270695852e-13,7.677437077199997484e-14,8.731057508899208008e-14,1.089946763891034219e-13,1.119141901408343556e-13,1.288224946623643385e-13,1.168602937478932106e-13,1.402102501031156649e-13,1.673461981692529261e-13,1.849387212281209178e-13,2.424432511233861775e-13,1.310064665499144895e-13,1.470457646355487491e-13,1.601337402725666176e-13,1.686846032321382422e-13,1.815230216591038867e-13,2.214054210084396988e-13,3.184440491235022973e-13,2.746630226467831299e-13,2.589192372766396619e-13,2.301173084098890344e-13
1.277094047574579296e-13,1.792623462260808759e-13,1.446655212073799915e-13,1.441348056793910432e-13,1.573217342311936323e-13,1.431923611248054354e-13,1.358251480812651718e-13,1.556948660245730660e-13,1.191137169422074850e-13,1.188562017416683495e-13,1.029879174909676540e-13,1.347977783340598235e-13,1.292859176923417607e-13,1.468501656224432526e-13,1.417603300510941775e-13,1.611181393027356966e-13,1.414426058312595464e-13,1.233991157069670694e-13,1.299691466919952891e-13,1.260687285712700594e-13,1.380481947521238290e-13,1.968105403502456341e-13,2.546671945208898813e-13,1.163452980620213600e-13,1.257056098184462216e-13,1.367592621288013806e-13,1.425852308275142457e-13,1.514994043001246350e-13,1.347871263425145689e-13,1.382966568151632925e-13,1.173194065728730788e-13,1.186289411522116865e-13,1.533174945546439437e-13,2.167567628661971854e-13,3.783676400229311420e-13,9.878618187830369728e-14,1.057927422948736519e-13,1.155177702251033719e-13,1.195857883065308746e-13,1.304196215871912780e-13,1.347832620400829572e-13,1.198523213305878958e-13,1.105582348562722758e-13,1.164345201023131983e-13,1.315303218852975807e-13,1.886702190388699763e-13,2.375024087889199432e-13,9.622885456313299115e-14,9.578462658351173738e-14,1.026431508653091310e-13,1.158059631451917700e-13,1.318038259187008878e-13,1.211269936116257609e-13,1.242388338831527909e-13,1.271654676656124246e-13,1.335425538504176205e-13,1.955114071841123323e-13,2.880980014140204356e-13,7.830437287180875854e-14,8.905091083035454400e-14,1.111687452903933685e-13,1.141453531508380009e-13,1.313916593607094827e-13,1.191897042995711761e-13,1.430057355860585295e-13,1.706857565223396510e-13,1.886263112057899692e-13,2.472773462535368589e-13,1.336187350928552111e-13,1.499659063406015971e-13,1.633156540990762265e-13,1.720474556410248314e-13,1.847254979200256618e-13,2.258227768632812060e-13,3.247908155265855391e-13,2.836347376303128367e-13,2.631703872109886273e-13,2.346010397602411588e-13
1.302511540501105723e-13,1.828296327991310968e-13,1.475443788644352464e-13,1.470032608171971155e-13,1.604525142938768922e-13,1.460421465374725246e-13,1.385287068903816589e-13,1.587942817874551711e-13,1.214850470591383497e-13,1.212219930263792319e-13,1.050377570126627886e-13,1.374803114345393840e-13,1.318589707917461184e-13,1.497726473077892271e-13,1.445816450191181274e-13,1.643248709896658599e-13,1.442587352509400518e-13,1.258554251510814444e-13,1.325562681134243981e-13,1.285778918654414779e-13,1.407957269828928093e-13,2.007280942630890714e-13,2.597370896602821310e-13,1.186610669055260051e-13,1.282081387683656027e-13,1.394813700994792432e-13,1.454234573511674048e-13,1.545154662710964580e-13,1.374701528006791692e-13,1.410493176312841651e-13,1.196551555672081940e-13,1.209906586023264190e-13,1.563715886176734551e-13,2.210730109149253580e-13,3.858992294144869902e-13,1.007529955619369723e-13,1.078989514353818938e-13,1.178183455436010566e-13,1.219700014716659208e-13,1.330207578847609271e-13,1.374668815362758160e-13,1.222385814494941948e-13,1.127590806858043490e-13,1.187528718046531112e-13,1.341517279778909736e-13,1.924326356730849074e-13,2.422382262130661955e-13,9.814503484618558571e-14,9.769155189269127280e-14,1.046874461872351378e-13,1.181125660142098396e-13,1.344288165591360014e-13,1.235387513628359808e-13,1.267131213312267498e-13,1.296978371772873852e-13,1.362017073799635939e-13,1.994068505737612855e-13,2.938403295245091963e-13,7.986342093876531849e-14,9.082432303953659400e-14,1.133843194047190453e-13,1.164189679697599012e-13,1.340098244704178596e-13,1.215633971680563797e-13,1.458544391458365457e-13,1.740900445520319221e-13,1.923841570476139647e-13,2.522035523125898999e-13,1.362807598328566213e-13,1.529451599520002828e-13,1.665617206748626460e-13,1.754764991619262655e-13,1.880140023645527409e-13,2.303249258681856152e-13,3.312581767519819677e-13,2.930073880682596381e-13,2.675479514951330305e-13,2.391822933068683881e-13
1.328408559335545007e-13,1.864641740768017947e-13,1.504775149214094411e-13,1.499258125631124614e-13,1.636423294998989099e-13,1.489456853883226240e-13,1.412832986922919401e-13,1.619522383921520658e-13,1.239011777255368730e-13,1.236324403697211220e-13,1.071262788684293239e-13,1.402134258018565098e-13,1.344805596581159622e-13,1.527502446980988981e-13,1.474561795722376784e-13,1.675921083047387548e-13,1.471280971880775747e-13,1.283581084034661615e-13,1.351922364341483282e-13,1.311343995299539940e-13,1.435950959688999865e-13,2.047196096314395576e-13,2.649027749820070027e-13,1.210205431003489210e-13,1.307579441480301470e-13,1.422548570244824837e-13,1.483152698389277540e-13,1.575885108173412488e-13,1.402038371017197469e-13,1.438539295078111017e-13,1.220350467798558738e-13,1.233969988894049581e-13,1.594835802085552643e-13,2.254709197342820955e-13,3.935730360226292178e-13,1.027569831283978560e-13,1.100449592528441834e-13,1.201624690647848103e-13,1.243996901651961046e-13,1.356717310112900905e-13,1.402012362109933603e-13,1.246699466991726054e-13,1.150014903371041568e-13,1.211150588683755718e-13,1.368229922205670067e-13,1.962679530059573407e-13,2.470654466181591812e-13,1.000974601419658576e-13,9.963450656436056765e-14,1.067704503690536336e-13,1.204628619507396637e-13,1.371035057177929793e-13,1.259961081726117399e-13,1.292342491269878819e-13,1.322781254482345992e-13,1.389111576158508075e-13,2.033762617675026395e-13,2.996943401258945360e-13,8.145193717948339481e-14,9.263129604643868803e-14,1.156420211506205659e-13,1.187356602199399293e-13,1.366777209785577300e-13,1.239820215438996530e-13,1.487571471116232670e-13,1.775600603591688670e-13,1.962133000470635836e-13,2.572232336677314327e-13,1.389932774789571696e-13,1.559844247793952498e-13,1.698729164156565586e-13,1.789727559531441132e-13,1.913895180148230158e-13,2.349131531611446811e-13,3.378478935199032489e-13,3.028056133026466000e-13,2.720533872950669863e-13,2.438623862573221813e-13
1.354791792284609308e-13,1.901669035938065469e-13,1.534656830317739817e-13,1.529032135140662002e-13,1.668920003039632803e-13,1.519037263249239431e-13,1.440896380447063474e-13,1.651695590027715921e-13,1.263627400227989286e-13,1.260881689130283665e-13,1.092540235872967485e-13,1.429978242342893003e-13,1.371513605198738604e-13,1.557837246100531028e-13,1.503846753107911877e-13,1.709206959602464274e-13,1.500514442489587152e-13,1.309078155579015823e-13,1.378777367604606685e-13,1.337389125746061699e-13,1.464470249272476337e-13,2.087861232926165649e-13,2.701656002199344541e-13,1.234243380156291467e-13,1.333556916519758160e-13,1.450804418919654182e-13,1.512614196723763730e-13,1.607193407511701545e-13,1.429888897722887137e-13,1.467112189916490067e-13,1.244597033837837243e-13,1.258485909851319499e-13,1.626543027613485812e-13,2.299516501610530224e-13,4.013910557532673117e-13,1.047986697633297301e-13,1.122313270592028998e-13,1.225507622764356116e-13,1.268755292564603984e-13,1.383732909214991407e-13,1.429870440833865929e-13,1.271470546474462473e-13,1.172860477524573187e-13,1.235217022471096782e-13,1.395448450940818578e-13,2.001772790295292752e-13,2.519854481674651801e-13,1.020866452466511467e-13,1.016139983916566489e-13,1.088927169806712799e-13,1.228574772989525217e-13,1.398286034199106106e-13,1.284997097378807032e-13,1.318028860530829443e-13,1.349070147047244823e-13,1.416716186489236855e-13,2.074207139282407681e-13,3.056617186326406353e-13,8.307033804153850790e-14,9.447230808020699842e-14,1.179424674167805523e-13,1.210960482470101094e-13,1.393960728253810930e-13,1.264462185693137141e-13,1.517146370363610440e-13,1.810968019448626501e-13,2.001147705445232730e-13,2.623377404989919576e-13,1.417570168695200782e-13,1.590846129167459535e-13,1.732502306224136931e-13,1.825372543062656916e-13,1.948530639227905117e-13,2.395887371118998925e-13,3.445617042234829002e-13,3.130560260989732680e-13,2.766881928871699152e-13,2.486426762935666585e-13
1.381667801594919787e-13,1.939387367151129926e-13,1.565096222026301558e-13,1.559362018382692313e-13,1.702023313029586984e-13,1.549170037522938079e-13,1.469484264086879717e-13,1.684470521908828364e-13,1.288703540227532320e-13,1.285897923318780464e-13,1.114215216451162022e-13,1.458341959128101172e-13,1.398720367636572418e-13,1.588738391084065584e-13,1.533678597326827701e-13,1.743114628357011618e-13,1.530295162666246023e-13,1.335051848925263283e-13,1.406134417947327555e-13,1.363920796264191200e-13,1.493522234649959661e-13,2.129286533309795971e-13,2.755268917392808069e-13,1.258730517528323631e-13,1.360020352891709820e-13,1.479588304433018410e-13,1.542626446004986871e-13,1.639087448613395057e-13,1.458260084849490304e-13,1.496218991910292848e-13,1.269297378444035903e-13,1.283460529125260550e-13,1.658845778104344952e-13,2.345163442705334949e-13,4.093552488462472992e-13,1.068785716963622370e-13,1.144586064434868573e-13,1.249838369534116654e-13,1.293981873220341892e-13,1.411261827947689243e-13,1.458250110866188877e-13,1.296705320177099369e-13,1.196133264414761497e-13,1.259734125228804179e-13,1.423180086873926917e-13,2.041617210006600909e-13,2.569996056723853827e-13,1.041130965590104610e-13,1.036305263224674583e-13,1.110547911038938076e-13,1.252970290273281155e-13,1.426048087200250904e-13,1.310501909395248670e-13,1.344196904921460996e-13,1.375851762793560509e-13,1.444837928777511456e-13,2.115412664028183155e-13,3.117441521048875035e-13,8.471903288631482668e-14,9.634782979902327066e-14,1.202862679002312097e-13,1.235007412836053560e-13,1.421655948637208134e-13,1.289566193559253030e-13,1.547276753800866226e-13,1.847012649918449743e-13,2.040895848862134252e-13,2.675484049468335862e-13,1.445726971465035585e-13,1.622466477382221637e-13,1.766946637832939728e-13,1.861710266862630018e-13,1.984056957802193907e-13,2.443529461207535021e-13,3.514013195630624520e-13,3.237874080349875980e-13,2.814539092603002931e-13,2.535245614013984493e-13
1.409042998632639688e-13,1.977805670108237992e-13,1.596100538866393665e-13,1.590254984240131355e-13,1.735741081179791886e-13,1.579862349814390686e-13,1.498603495451275344e-13,1.717855089762774885e-13,1.314246265336070966e-13,1.311379105482893482e-13,1.136292914787841688e-13,1.487232137413767973e-13,1.426432363650954131e-13,1.620213226641830190e-13,1.564064434978184643e-13,1.777652188616134686e-13,1.560630376804273372e-13,1.361508405287869001e-13,1.434000093691229789e-13,1.390945345004009225e-13,1.523113848992272033e-13,2.171481952230338907e-13,2.809879475702938971e-13,1.283672708775699539e-13,1.386976150283821917e-13,1.508907125615078090e-13,1.573196660316502377e-13,1.671574950706385127e-13,1.487158754905151126e-13,1.525866671171710724e-13,1.294457497352460512e-13,1.308899895288891119e-13,1.691752123219925447e-13,2.391661214706075974e-13,4.174675322797140750e-13,1.089971943562012463e-13,1.167273373003555630e-13,1.274622930858323872e-13,1.319683247873775599e-13,1.439311451262534778e-13,1.487158285826923124e-13,1.322409924711426425e-13,1.219838873962943246e-13,1.284707877662828961e-13,1.451431945528300303e-13,2.082223828514859427e-13,2.621092869727135303e-13,1.061773103177472152e-13,1.056845786696973502e-13,1.132572075038011005e-13,1.277821226811757582e-13,1.454328073420625064e-13,1.336481736103499981e-13,1.370853082004035230e-13,1.403132683102928226e-13,1.473483685739238636e-13,2.157389613964657911e-13,3.179433249492831426e-13,8.639842253018814785e-14,9.825832266545747687e-14,1.226740232650244327e-13,1.259503374160242814e-13,1.449869906588194396e-13,1.315138428458412139e-13,1.577970150248220903e-13,1.883744405286124285e-13,2.081387422054755178e-13,2.728565366751273860e-13,1.474410251881894578e-13,1.654714621940051077e-13,1.802072256816926594e-13,1.898751074854388724e-13,2.020485063147742180e-13,2.492070350529547965e-13,3.583684162306933211e-13,3.350309280132143635e-13,2.863521214671244290e-13,2.585094593693955959e-13
1.436923617768219179e-13,2.016932625412826811e-13,1.627676789560672050e-13,1.621718038811016807e-13,1.770080941240526282e-13,1.611121173111016726e-13,1.528260746897277250e-13,1.751856996553396532e-13,1.340261487148357602e-13,1.337331072785595628e-13,1.158778373327036003e-13,1.516655315125465854e-13,1.454655892426458550e-13,1.652268890082094719e-13,1.595011174104738099e-13,1.812827516343329764e-13,1.591527146825153739e-13,1.388453898601984425e-13,1.462380797458660569e-13,1.418468935438186393e-13,1.553251833604012355e-13,2.214457179517753365e-13,2.865500325144974756e-13,1.309075660789492913e-13,1.414430542223983615e-13,1.538767594060818709e-13,1.604331860678169189e-13,1.704663433445085203e-13,1.516591548279209254e-13,1.556062007931686743e-13,1.320083233602426752e-13,1.334809901062769958e-13,1.725269958033534438e-13,2.439020741987028978e-13,4.257297737853562713e-13,1.111550304077680348e-13,1.190380456782534762e-13,1.299867166268206913e-13,1.345865919349455999e-13,1.467889076984780692e-13,1.516601706503033454e-13,1.348590341852008648e-13,1.243982768109653052e-13,1.310144112029670537e-13,1.480211013917239471e-13,2.123603625948643716e-13,2.673158497425813766e-13,1.082797707015429115e-13,1.077766311599738761e-13,1.155004886428157921e-13,1.303133501633346398e-13,1.483132691227691348e-13,1.362942641056044762e-13,1.398003698901863631e-13,1.430919332399849657e-13,1.502660172248399526e-13,2.200148204399648714e-13,3.242609153225573398e-13,8.810889766921211809e-14,1.002042372328856287e-13,1.251063232232115590e-13,1.284454214567594338e-13,1.478609501188315644e-13,1.341184934862238731e-13,1.609233925768545547e-13,1.921173124568802387e-13,2.122632209163793463e-13,2.782634185259219240e-13,1.503626957843129045e-13,1.687599972088528802e-13,1.837889335949511716e-13,1.936505309085070786e-13,2.057826256864979692e-13,2.541522416795745657e-13,3.654646317819272044e-13,3.468203870459805870e-13,2.913844601732706560e-13,2.635988378267407273e-13
1.465315686585873330e-13,2.056776615798268501e-13,1.659831742750891637e-13,1.653757951444860005e-13,1.805050266846078042e-13,1.642953246809600566e-13,1.558462473989893747e-13,1.786483702166654608e-13,1.366754933828354106e-13,1.363759472662027653e-13,1.181676468609941167e-13,1.546617806900020450e-13,1.483397042383591363e-13,1.684912276794723877e-13,1.626525491015241093e-13,1.848648226268115932e-13,1.622992320523684108e-13,1.415894207286086271e-13,1.491282726370834610e-13,1.446497526971868254e-13,1.583942705390801238e-13,2.258221594477103831e-13,2.922143723624143819e-13,1.334944894974184657e-13,1.442389567677381238e-13,1.569176202521928499e-13,1.636038842255676315e-13,1.738360182495709950e-13,1.546564892168513895e-13,1.586811560319162826e-13,1.346180251237569601e-13,1.361196256603395504e-13,1.759406970882133294e-13,2.487252631636666176e-13,4.341437835347758129e-13,1.133525575375912177e-13,1.213912414101967132e-13,1.325576770049123952e-13,1.372536266884429629e-13,1.497001893112066301e-13,1.546586910863777791e-13,1.375252371833632970e-13,1.268570235722228771e-13,1.336048486396713206e-13,1.509524124862021359e-13,2.165767492962211781e-13,2.726206374296998140e-13,1.104209477105183441e-13,1.099071447859637964e-13,1.177851424896956933e-13,1.328912872773957091e-13,1.512468451720003975e-13,1.389890506158572245e-13,1.425654885531355059e-13,1.459217950462338976e-13,1.532373905991654183e-13,2.243698403886533258e-13,3.306985903938188604e-13,8.985083712121726067e-14,1.021860112186630132e-13,1.275837443404366017e-13,1.309865625172908870e-13,1.507881468581339239e-13,1.367711586596676910e-13,1.641075253763231333e-13,1.959308547756675304e-13,2.164639748205457723e-13,2.837703013380614579e-13,1.533383903905351009e-13,1.721131997743117571e-13,1.874408101505634313e-13,1.974983284416006135e-13,2.096092215514532386e-13,2.591897824837769454e-13,3.726915576600468779e-13,3.591924930488475360e-13,2.965526027619514912e-13,2.687942157388670041e-13
1.494224993448796320e-13,2.097345680457677573e-13,1.692571889964125612e-13,1.686381218275871651e-13,1.840656130720005775e-13,1.675365040903894590e-13,1.589214881326242830e-13,1.821742384708917762e-13,1.393732121000487605e-13,1.390669732730027879e-13,1.204991885171297125e-13,1.577125668987073972e-13,1.512661658888113724e-13,1.718150002712687024e-13,1.658613794223117732e-13,1.885121630887344997e-13,1.655032497380599200e-13,1.443834983533025524e-13,1.520711839716058200e-13,1.475036843019319759e-13,1.615192721540866049e-13,2.302784216945317500e-13,2.979821477588073818e-13,1.361285718420935497e-13,1.470859040245135688e-13,1.600139190612148734e-13,1.668324138843346029e-13,1.772672212380614597e-13,1.577084966922417362e-13,1.618121629437126562e-13,1.372754006801845662e-13,1.388064460534436097e-13,1.794170608853648281e-13,2.536367122475671742e-13,4.427113063799650846e-13,1.155902360479907110e-13,1.237874155391475413e-13,1.351757244330825902e-13,1.399700522387121110e-13,1.526656953628044192e-13,1.577120201640526309e-13,1.402401604401020787e-13,1.293606365306381580e-13,1.362426456742070335e-13,1.539377929432567536e-13,2.208726198983917920e-13,2.780249751153457572e-13,1.126012948695020046e-13,1.120765634688640679e-13,1.201116601464689369e-13,1.355164910743259888e-13,1.542341648112995654e-13,1.417331002579973656e-13,1.453812565700066649e-13,1.488034562510425666e-13,1.562631175748420789e-13,2.288049891658569816e-13,3.372580015970557188e-13,9.162460592968036699e-14,1.042040674154414474e-13,1.301068476817543762e-13,1.335743113923472721e-13,1.537692353665970193e-13,1.394724059055313635e-13,1.673501082810114845e-13,1.998160286525092730e-13,2.207419289441534960e-13,2.893783984640899987e-13,1.563687752361642743e-13,1.755320209822881604e-13,1.911638811014219074e-13,2.014195262369333869e-13,2.135294989988565132e-13,2.643208482591587327e-13,3.800507324280744243e-13,3.721871699145528026e-13,3.018582743414696216e-13,2.740971689379876941e-13
1.523657051215142361e-13,2.138647465842432614e-13,1.725903405678811889e-13,1.719594022398221975e-13,1.876905259502288593e-13,1.708362716822528573e-13,1.620523885310356658e-13,1.857639898421046397e-13,1.421198319525149499e-13,1.418067027837841540e-13,1.228729086997908269e-13,1.608184660658783183e-13,1.542455309140456422e-13,1.751988363192263692e-13,1.691282184972241152e-13,1.922254695901104485e-13,1.687653991404067382e-13,1.472281619648687901e-13,1.550673823628600058e-13,1.504092336086434406e-13,1.647007840989798093e-13,2.348153653247597451e-13,3.038544875059283246e-13,1.388103192107144318e-13,1.499844514512010190e-13,1.631662507339998642e-13,1.701193984150142504e-13,1.807606226142383329e-13,1.608157669396605987e-13,1.649998221317085176e-13,1.399809718222678730e-13,1.415419768282643872e-13,1.829568040457343483e-13,2.586374030080191847e-13,4.514340141487399108e-13,1.178685062059380190e-13,1.262270374935674032e-13,1.378413869743611929e-13,1.427364744755443084e-13,1.556861152423314209e-13,1.608207611035100602e-13,1.430043387183128201e-13,1.319096015025163926e-13,1.389283246478665648e-13,1.569778867126549152e-13,2.252490357934746210e-13,2.835301650932627146e-13,1.148212467262352446e-13,1.142853114901482126e-13,1.224805132568254200e-13,1.381894969648327558e-13,1.572758322501955846e-13,1.445269559034101631e-13,1.482482425664922498e-13,1.517374946664869219e-13,1.593438006869397512e-13,2.333212011751134026e-13,3.439407795902189781e-13,9.343055327177180269e-14,1.062588113927057748e-13,1.326761762344588294e-13,1.362091976908427483e-13,1.568048479456822782e-13,1.422227798933227847e-13,1.706518101824698631e-13,2.037737792768870794e-13,2.250979750489849678e-13,2.950888798473020827e-13,1.594544971104459380e-13,1.790174139219161011e-13,1.949591729182567441e-13,2.054151423153529411e-13,2.175447002486919592e-13,2.695465993345649574e-13,3.875436347195380527e-13,3.858479058727582028e-13,3.073032485522618390e-13,2.795093369235806328e-13
1.553617055261194551e-13,2.180689172499536809e-13,1.759832105451061051e-13,1.753402190870226470e-13,1.913803983372734334e-13,1.741952083491243501e-13,1.652395073316437938e-13,1.894182727651219957e-13,1.449158517910315965e-13,1.445956244486436398e-13,1.252892286409333316e-13,1.639800202532582733e-13,1.572783243235546310e-13,1.786433287675532706e-13,1.724536413694533814e-13,1.960053991304371450e-13,1.720862789984434540e-13,1.501239210864667688e-13,1.581174052092166085e-13,1.533669149308386718e-13,1.679393682558363531e-13,2.394338033193660322e-13,3.098324608867392221e-13,1.415402095179564800e-13,1.529351248853009528e-13,1.663751769756982602e-13,1.734654269053691936e-13,1.843168570724673077e-13,1.639788572626235806e-13,1.682447005124860342e-13,1.427352330448455428e-13,1.443267157102590509e-13,1.865606113746768323e-13,2.637282684323753053e-13,4.603134993095700389e-13,1.201877853205108077e-13,1.287105519639958485e-13,1.405551672940633660e-13,1.455534791063769027e-13,1.587621193640223012e-13,1.639854861633034045e-13,1.458182790728867761e-13,1.345043779597010867e-13,1.416623812757221521e-13,1.600733132405149018e-13,2.297070388330546130e-13,2.891374817713330831e-13,1.170812161192722601e-13,1.165337906533157660e-13,1.248921511418746862e-13,1.409108155205397898e-13,1.603724228974816072e-13,1.473711326716230281e-13,1.511669879279475534e-13,1.547244597884023130e-13,1.624800122996582466e-13,2.379193720309796880e-13,3.507485281860951979e-13,9.526901022814732925e-14,1.083506288908059688e-13,1.352922520554472993e-13,1.388917266210654011e-13,1.598955912810191869e-13,1.450227990704849912e-13,1.740132701107569921e-13,2.078050321425693404e-13,2.295329665066983256e-13,3.009028650176167843e-13,1.625961762079029569e-13,1.825703311843151627e-13,1.988277100616457995e-13,2.094861832816579377e-13,2.216561039962483353e-13,2.748681601513771289e-13,3.951716762285299978e-13,4.002221469895865398e-13,3.128893475409979465e-13,2.850324887317885273e-13
1.584109822308515141e-13,2.223477475347692011e-13,1.794363388986664873e-13,1.787811145738015800e-13,1.951358154926533460e-13,1.776138530711635782e-13,1.684833643775521919e-13,1.931376911870755903e-13,1.477617367650419092e-13,1.474341929089872417e-13,1.277485402555907528e-13,1.671977313360369189e-13,1.603650336838802114e-13,1.821490276127487467e-13,1.758381818793949287e-13,1.998525615811397316e-13,1.754664489950836274e-13,1.530712504111747891e-13,1.612217531312907893e-13,1.563772063222110791e-13,1.712355463370586988e-13,2.441344903483365175e-13,3.159170635619997921e-13,1.443186871887437945e-13,1.559384152187634770e-13,1.696412203631679627e-13,1.768710478185127121e-13,1.879365166446535988e-13,1.671982866560638863e-13,1.715473252065028145e-13,1.455386466652365390e-13,1.471611276753826014e-13,1.902291282638127509e-13,2.689101808147739688e-13,4.693512508417383946e-13,1.225484635987568100e-13,1.312383747094774730e-13,1.433175378967026057e-13,1.484216266694540570e-13,1.618943534618986057e-13,1.672067307007609415e-13,1.486824558530536065e-13,1.371453945899793371e-13,1.444452798413010748e-13,1.632246616532829513e-13,2.342476415255184615e-13,2.948481583791475958e-13,1.193815903997938699e-13,1.188223766028610029e-13,1.273469967730688118e-13,1.436809276730957220e-13,1.635244775309487665e-13,1.502661128227754296e-13,1.541380014812139498e-13,1.577648673012934343e-13,1.656722887396393491e-13,2.426003477644547258e-13,3.576828059028183533e-13,9.714028782859173517e-14,1.104798822807275085e-13,1.379555714792986036e-13,1.416223739001948284e-13,1.630420406132376640e-13,1.478729506712917431e-13,1.774350906327503679e-13,2.119106843259739421e-13,2.340477081582393190e-13,3.068214094297334718e-13,1.657943930288965721e-13,1.861917195043471374e-13,2.027705078774637620e-13,2.136336372975954564e-13,2.258650207379022970e-13,2.802866065405706869e-13,4.029361793399510220e-13,4.153617428961694256e-13,3.186184344045443574e-13,2.906685832681892275e-13
1.615139875744136052e-13,2.267018546255193564e-13,1.829502232188788709e-13,1.822825862932155678e-13,1.989573292854497476e-13,1.810927063772462033e-13,1.717844486024901137e-13,1.969228176758196866e-13,1.506579261299789009e-13,1.503228353103367294e-13,1.302512096443379306e-13,1.704720700176582897e-13,1.635061108395885571e-13,1.857164469559387030e-13,1.792823395452906558e-13,2.037675315130386261e-13,1.789064393320067994e-13,1.560705950160066926e-13,1.643808964782347868e-13,1.594405552433988368e-13,1.745898082725729760e-13,2.489181408845825953e-13,3.221092379310080439e-13,1.471461662694435127e-13,1.589947846105800159e-13,1.729648714596581826e-13,1.803367774414988777e-13,1.916201619100385083e-13,1.704745436596367555e-13,1.749081916100563674e-13,1.483916483287216390e-13,1.500456503830876828e-13,1.939629748329214457e-13,2.741839787644911134e-13,4.785485177566921660e-13,1.249509086554566762e-13,1.338108962882369536e-13,1.461289469747522084e-13,1.513414615864138248e-13,1.650834510664699806e-13,1.704850014635151028e-13,1.515973164381163668e-13,1.398330532742308408e-13,1.472774586347424202e-13,1.664325014669433816e-13,2.388718550619160354e-13,3.006634130051694633e-13,1.217227350730245929e-13,1.211514214911549315e-13,1.298454509754431406e-13,1.465002910338080653e-13,1.667325112700598499e-13,1.532123520219352214e-13,1.571617669028743094e-13,1.608592067415552389e-13,1.689211386059007976e-13,2.473649514377480460e-13,3.647451719955403450e-13,9.904467514580696374e-14,1.126469139687538556e-13,1.406666132149365946e-13,1.444015936918626747e-13,1.662447501202738201e-13,1.507736971662713632e-13,1.809178495653597762e-13,2.160916289906701301e-13,2.386429796249024957e-13,3.128455346352425841e-13,1.690495944579982846e-13,1.898825310688987830e-13,2.067885920797773104e-13,2.178584880787392359e-13,2.301728103353939747e-13,2.858029992045822031e-13,4.108383137870693340e-13,4.313234513609627218e-13,3.244924462310732778e-13,2.964178434988774075e-13
1.646711195095210186e-13,2.311317857703959016e-13,1.865253065248351312e-13,1.858450801895514747e-13,2.028454205376322901e-13,1.846322125033760286e-13,1.751431925020542837e-13,2.007741581056778595e-13,1.536048103420655392e-13,1.532619297229581475e-13,1.327975617526320233e-13,1.738034485492749492e-13,1.667019579094384146e-13,1.893460396988261361e-13,1.827865550868512806e-13,2.077508139843920305e-13,1.824067227503776694e-13,1.591223505562611663e-13,1.675952528630375939e-13,1.625573575681797110e-13,1.780025856119139331e-13,2.537853834306353327e-13,3.284098204063067025e-13,1.500230155712884173e-13,1.621046450790905648e-13,1.763465646408437791e-13,1.838630731458820726e-13,1.953682902856442335e-13,1.738080612446453133e-13,1.783277374426216303e-13,1.512946275901554369e-13,1.529806746928865858e-13,1.977627107580146887e-13,2.795504055595812492e-13,4.879065400738048973e-13,1.273954495456042452e-13,1.364284664779907056e-13,1.489897990871020290e-13,1.543134891246618561e-13,1.683300049845289291e-13,1.738207513118581555e-13,1.545632612942432618e-13,1.425677125266468476e-13,1.501593108815018258e-13,1.696973554966467338e-13,2.435806338471155078e-13,3.065843964366119518e-13,1.241049794331944108e-13,1.235212409839807066e-13,1.323878768988124725e-13,1.493693199850602315e-13,1.699969879418547612e-13,1.562102585110656345e-13,1.602387201927596996e-13,1.640079181787991068e-13,1.722270177468343492e-13,2.522139253365817669e-13,3.719371017227373867e-13,1.009824345917400326e-13,1.148520333781428772e-13,1.434258170100959962e-13,1.472297965362242558e-13,1.695042260230269823e-13,1.537254556650217428e-13,1.844620695084490792e-13,2.203487062226838804e-13,2.433194831214805057e-13,3.189761612961954577e-13,1.723622756573359418e-13,1.936436993248215860e-13,2.108829605760462545e-13,2.221616844609381258e-13,2.345808527106790281e-13,2.914183151844133552e-13,4.188792012405474337e-13,4.481695144647286594e-13,3.305133451141424877e-13,3.022821859151763219e-13
1.678827285309911369e-13,2.356380189207674196e-13,1.901619751787958150e-13,1.894689858688586198e-13,2.068005110521441122e-13,1.882327616760653807e-13,1.785599782498952716e-13,2.046921624607836878e-13,1.566027374014717265e-13,1.562518100595281057e-13,1.353878826139453826e-13,1.771922277934180569e-13,1.699529279690119036e-13,1.930382026118784455e-13,1.863512154092521754e-13,2.118028539638531259e-13,1.859677222000769945e-13,1.622268669549928436e-13,1.708651919921482114e-13,1.657279616167261787e-13,1.814742579453436891e-13,2.587367764115767707e-13,3.348195590755144015e-13,1.529495608699535828e-13,1.652683631371936497e-13,1.797866833998059472e-13,1.874503399030567832e-13,1.991813450984547831e-13,1.771992228445362022e-13,1.818063489105097554e-13,1.542479319868744328e-13,1.559665486473034446e-13,2.016288473032473781e-13,2.850101327424370753e-13,4.974264236890429153e-13,1.298823801353614112e-13,1.390913968009674004e-13,1.519004596467330233e-13,1.573381830668349407e-13,1.716345782015593058e-13,1.772143857577988152e-13,1.575806482514696265e-13,1.453496901772122628e-13,1.530911887892680030e-13,1.730197089359475737e-13,2.483749012773361815e-13,3.126122162695043421e-13,1.265286191113972265e-13,1.259321158832293477e-13,1.349746030913803497e-13,1.522883906326935575e-13,1.733183273611738865e-13,1.592601978800738030e-13,1.633692555484826975e-13,1.672113982831321648e-13,1.755903358555365230e-13,2.571479546947645386e-13,3.792600293339592586e-13,1.029537993749461531e-13,1.170955194148230054e-13,1.462335905036219753e-13,1.501073559349753946e-13,1.728209353210719715e-13,1.567286029330607572e-13,1.880682276681746760e-13,2.246827252557294353e-13,2.480778639501032174e-13,3.252141364491324126e-13,1.757329021871642493e-13,1.974761491456535742e-13,2.150546014226038445e-13,2.265441529561681520e-13,2.390905636354365215e-13,2.971334785664622697e-13,4.270598591197691603e-13,4.659683132892786536e-13,3.366831476843615289e-13,3.082634086839449125e-13
1.711491103562548394e-13,2.402209527512193815e-13,1.938605515785147188e-13,1.931546299963155797e-13,2.108229539496228278e-13,1.918946818272165466e-13,1.820351303188011390e-13,2.086772158456437475e-13,1.596520062947107461e-13,1.592927597195561654e-13,1.380224141146428543e-13,1.806387095357671644e-13,1.732593178229137221e-13,1.967932683687590809e-13,1.899766459447850629e-13,2.159240271268449875e-13,1.895898030734320646e-13,1.653844419805493847e-13,1.741910287503232750e-13,1.689526614854536125e-13,1.850051453295915092e-13,2.637727956623821964e-13,3.413390971516388239e-13,1.559260783355192641e-13,1.684862531873479106e-13,1.832855529751985981e-13,1.910989224727774856e-13,2.030597070489896038e-13,1.806483550519545986e-13,1.853443531648679291e-13,1.572518609802323557e-13,1.590035713341811680e-13,2.055618386658941451e-13,2.905637461016113384e-13,5.071091083893903065e-13,1.324119540203645034e-13,1.417999552462242396e-13,1.548612490684531888e-13,1.604159798545044423e-13,1.749976973436749056e-13,1.806662557115413037e-13,1.606497863093429841e-13,1.481792577759063520e-13,1.560733975920943057e-13,1.764000025266837005e-13,2.532555389685250052e-13,3.187479224551841402e-13,1.289939113679509013e-13,1.283842874529027627e-13,1.376059185029219215e-13,1.552578349457040838e-13,1.766968982981623964e-13,1.623624867683603122e-13,1.665537188938089221e-13,1.704699936311594057e-13,1.790114493267033456e-13,2.621676554289900647e-13,3.867153284820373059e-13,1.049589708006195121e-13,1.193776161295934811e-13,1.490903035765891147e-13,1.530346022959379724e-13,1.761952989067811686e-13,1.597834692811716623e-13,1.917367480355792209e-13,2.290944548657812347e-13,2.529186988898530910e-13,3.315602179511921044e-13,1.791618964434114476e-13,2.013807907923736640e-13,2.193044850066626093e-13,2.310067898499849869e-13,2.437033892485675227e-13,3.029493463234920316e-13,4.353811731605837503e-13,4.847951176025327961e-13,3.430039170011863942e-13,3.143632290115328722e-13
1.744704994357497802e-13,2.448808981836670540e-13,1.976212873911341215e-13,1.969022693534189633e-13,2.149130259113075359e-13,1.956182316497854346e-13,1.855689091222117695e-13,2.127296313355053858e-13,1.627528612708725416e-13,1.623850060467965221e-13,1.407013491430327752e-13,1.841431300334516306e-13,1.766213618234055254e-13,2.006114984383128393e-13,1.936631038377686483e-13,2.201146322240181019e-13,1.932732668202354040e-13,1.685953154433695658e-13,1.775730171233181703e-13,1.722316910484874241e-13,1.885955017574696636e-13,2.688938247934632045e-13,3.479689610814765175e-13,1.589527889125024168e-13,1.717585717322513159e-13,1.868434338971199311e-13,1.948090987390814377e-13,2.070036872816496978e-13,1.841557213466213686e-13,1.889420117928536252e-13,1.603066606190056683e-13,1.620919874481498567e-13,2.095620755377305615e-13,2.962117360299669678e-13,5.169553525040990611e-13,1.349843800200585648e-13,1.445543614169789661e-13,1.578724377403761478e-13,1.635472741793165589e-13,1.784198481649097826e-13,1.841766514140121585e-13,1.637709302036776653e-13,1.510566354374417450e-13,1.591061903193214608e-13,1.798386274306502199e-13,2.582233808029826076e-13,3.249924996033039296e-13,1.315010708605541663e-13,1.308779530071650052e-13,1.402820680533835329e-13,1.582779358153376596e-13,1.801330127814515185e-13,1.655173874250339216e-13,1.697924024890454307e-13,1.737839951233288091e-13,1.824906553192830098e-13,2.672735661408794584e-13,3.943043031728496582e-13,1.069981147214326821e-13,1.216985287312430489e-13,1.519962840122139863e-13,1.560118180318209293e-13,1.796276863083849261e-13,1.628903333771970452e-13,1.954679953887308509e-13,2.335846177990302142e-13,2.578424883590737788e-13,3.380150639368415873e-13,1.826496259942775787e-13,2.053585160773515705e-13,2.236335599269032070e-13,2.355504562069815613e-13,2.484208037026336158e-13,3.088667001617317721e-13,4.438438836904666192e-13,5.047329449842789788e-13,3.494777599618796568e-13,3.205833346907295886e-13
1.778470624263878070e-13,2.496180692084165853e-13,2.014443561192609219e-13,2.007120834117885175e-13,2.190709189770260601e-13,1.994035933189282262e-13,1.891615042428925250e-13,2.168496423537322792e-13,1.659054860179232371e-13,1.655287143483315107e-13,1.434248263841778718e-13,1.877056529522206601e-13,1.800392253356790865e-13,2.044930755670450610e-13,1.974107707352042921e-13,2.243748829606631975e-13,1.970183442178808555e-13,1.718596630683714739e-13,1.810113437715984021e-13,1.755652175887859379e-13,1.922455081440539173e-13,2.741001453079790282e-13,3.547095482751639893e-13,1.620298524681871738e-13,1.750855112650783635e-13,1.904605151615023624e-13,1.985810726666131193e-13,2.110135200656943156e-13,1.877215154320313428e-13,1.925995138902813190e-13,1.634125178978149932e-13,1.652319815454955583e-13,2.136298783965725230e-13,3.019544875651381572e-13,5.269657162957812523e-13,1.375998173857754400e-13,1.473547814055538856e-13,1.609342407321624260e-13,1.667324143951126035e-13,1.819014708903206484e-13,1.877457960468383018e-13,1.669442746765713077e-13,1.539819863942413275e-13,1.621897622795236539e-13,1.833359198962232974e-13,2.632792068594344153e-13,3.313468590851516535e-13,1.340502651226201259e-13,1.334132612461292940e-13,1.430032479617421065e-13,1.613489218572162204e-13,1.836269201088022156e-13,1.687251019678128239e-13,1.730855392624624537e-13,1.771536321096048237e-13,1.860281855157600450e-13,2.724661398955814354e-13,4.020281788008547382e-13,1.090713577432203774e-13,1.240584194348270645e-13,1.549518129040721729e-13,1.590392324163459262e-13,1.831184102026880300e-13,1.660494167872025438e-13,1.992622690321550209e-13,2.381538851648658718e-13,2.628496483545726039e-13,3.445792221720359809e-13,1.861963940873546799e-13,2.094101944895236248e-13,2.280427486051520285e-13,2.401759728186532263e-13,2.532443065322334810e-13,3.148862380556653753e-13,4.524485713792993348e-13,5.258735484134947365e-13,3.561068249237022508e-13,3.269253796086822791e-13
1.812788912316572872e-13,2.544325729131489562e-13,2.053298450746005093e-13,2.045841663738801766e-13,2.232967317803633277e-13,2.032508646875005974e-13,1.928130271451111578e-13,2.210373944695848775e-13,1.691099974380934798e-13,1.687239814805355882e-13,1.461929247289815003e-13,1.913263618294837544e-13,1.835129977024266926e-13,2.084380957111379762e-13,2.012197450476483489e-13,2.287048992431758102e-13,2.008251881356528712e-13,1.751775899362374297e-13,1.845061211331783998e-13,1.789533349581839061e-13,1.959552647787379892e-13,2.793919261087402758e-13,3.615611139574180861e-13,1.651573615560449182e-13,1.784671937196959692e-13,1.941369069008528580e-13,2.024149667277598743e-13,2.150893549152340978e-13,1.913458540669251813e-13,1.963169686053388968e-13,1.665695547081083906e-13,1.684236718869509044e-13,2.177654902924082776e-13,3.077922696430583400e-13,5.371405431987119726e-13,1.402583706882535266e-13,1.502013223160960426e-13,1.640468121282764937e-13,1.699716975932575279e-13,1.854429552054437093e-13,1.913738388720212331e-13,1.701699483381430992e-13,1.569554111725438922e-13,1.653242451541029133e-13,1.868921555323574644e-13,2.684237368825172640e-13,3.378118304592256321e-13,1.366416097116163959e-13,1.359903072774197981e-13,1.457696007514627542e-13,1.644709618408450490e-13,1.871788004142249595e-13,1.719857662263839701e-13,1.764332967305158932e-13,1.805790660863004016e-13,1.896241994253010778e-13,2.777457353739899883e-13,4.098880923815874926e-13,1.111787831831164872e-13,1.264574030336662789e-13,1.579571197582584642e-13,1.621170160922850653e-13,1.866677205225969063e-13,1.692608781260691448e-13,2.031197960704085578e-13,2.428028703868595449e-13,2.679405017701015372e-13,3.512531186088305271e-13,1.898024328604385091e-13,2.135366689847672394e-13,2.325329426029362678e-13,2.448841147372848678e-13,2.581754196388261643e-13,3.210085651871467479e-13,4.611956415678642260e-13,5.483185548786864144e-13,3.628932985462548810e-13,3.333909838929709174e-13
1.847659955594274380e-13,2.593243987624007464e-13,2.092777467485242709e-13,2.085185186518108312e-13,2.275904601819266078e-13,2.071600509028407051e-13,1.965235033597714248e-13,2.252929366153200574e-13,1.723664390045712208e-13,1.719708289953669699e-13,1.490056572878944782e-13,1.950052520204666775e-13,1.870426846757330766e-13,2.124465593665639104e-13,2.050900336365381505e-13,2.331046977851538068e-13,2.046938657726962883e-13,1.785491234491605308e-13,1.880573800235086614e-13,1.823960562377155355e-13,1.997247832421538524e-13,2.847692122816915238e-13,3.685237570818909339e-13,1.683353347373882104e-13,1.819036634462198557e-13,1.978726325162660433e-13,2.063108137739997302e-13,2.192312481348248291e-13,1.950287693769299243e-13,2.000943971397769823e-13,1.697778213544224485e-13,1.716671038371169403e-13,2.219690691122774211e-13,3.137252235515786637e-13,5.474799392618918471e-13,1.429600843655998849e-13,1.530940263982123165e-13,1.672102389592598806e-13,1.732653643249820460e-13,1.890446348795948348e-13,1.950608478745015223e-13,1.734480070879146676e-13,1.599769413518951030e-13,1.685097006687887371e-13,1.905075431734128643e-13,2.736576232658838109e-13,3.443881522592859721e-13,1.392751630212984942e-13,1.386091272870476154e-13,1.485812099052705843e-13,1.676441587239861978e-13,1.907887577733259275e-13,1.752994431431690665e-13,1.798357704832054619e-13,1.840603839409840730e-13,1.932787772038271148e-13,2.831126073909798197e-13,4.178850820218569895e-13,1.133204267577975846e-13,1.288955421790018981e-13,1.610123772676604117e-13,1.652452752146990359e-13,1.902757981442839821e-13,1.725248067917422156e-13,2.070407241984251397e-13,2.475321226938094170e-13,2.731152690812953740e-13,3.580370451862501635e-13,1.934678977429633635e-13,2.177387514174599334e-13,2.371049975419487265e-13,2.496756053773259588e-13,2.632156838018641998e-13,3.272341842481547029e-13,4.700853073183966431e-13,5.721807821345496453e-13,3.698394019534116788e-13,3.399817360093124177e-13
1.883082949031560704e-13,2.642934071320653640e-13,2.132879495522220736e-13,2.125150377631500132e-13,2.319519872694039894e-13,2.111310554235618849e-13,2.002928641385742976e-13,2.296162117181121907e-13,1.756747736759501361e-13,1.752691958319554997e-13,1.518629649988381265e-13,1.987422221271727443e-13,1.906282003076293357e-13,2.165183622770552704e-13,2.090215429090240247e-13,2.375741820701034896e-13,2.086243503663061709e-13,1.819742058017174700e-13,1.916650617193314417e-13,1.858933058858351679e-13,2.035539777761447054e-13,2.902319131431256153e-13,3.755974052821179566e-13,1.715637094349568101e-13,1.853948796997234518e-13,2.016676202570874591e-13,2.102685483404754015e-13,2.234391537891366909e-13,1.987702006408881533e-13,2.039317242026339440e-13,1.730372896264086105e-13,1.749622428084703277e-13,2.262406793268436911e-13,3.197533505953697495e-13,5.579837509617365593e-13,1.457049369136001304e-13,1.560328647747690291e-13,1.704245347200731420e-13,1.766135929685540806e-13,1.927067820214620957e-13,1.988068018996261419e-13,1.767784270825599526e-13,1.630465328886367295e-13,1.717461138306481796e-13,1.941822183319948545e-13,2.789814435425916448e-13,3.510764621613484324e-13,1.419509207520591449e-13,1.412696928411832524e-13,1.514380941579663658e-13,1.708685432852160040e-13,1.944568128454062073e-13,1.786661157236907294e-13,1.832929772286231060e-13,1.875975907384051805e-13,1.969919119817841145e-13,2.885668967890428655e-13,4.260200756465671385e-13,1.154962719828982300e-13,1.313728423519394562e-13,1.641176957514305318e-13,1.684240452172393946e-13,1.939427481535756072e-13,1.758412162732369507e-13,2.110251140062799075e-13,2.523421201530186038e-13,2.783740584051321202e-13,3.649311468515155192e-13,1.971928617343162344e-13,2.220172175976615822e-13,2.417597276322480611e-13,2.545511101757232478e-13,2.683666546859927925e-13,3.335634851081955844e-13,4.791175712782364379e-13,5.975857663516357190e-13,3.769473860705547883e-13,3.466991909612020309e-13
1.919056100437461691e-13,2.693393170808201573e-13,2.173602280002655915e-13,2.165735086205432867e-13,2.363810726948960930e-13,2.151636704240507505e-13,2.041209375660915276e-13,2.340070467329920530e-13,1.790348763166832007e-13,1.786189305358574645e-13,1.547647098174269526e-13,2.025370648553487143e-13,1.942693582908043878e-13,2.206532855132363198e-13,2.130140693152667197e-13,2.421131316588118594e-13,2.126165123680044743e-13,1.854526859509351902e-13,1.953290095222656851e-13,1.894449113668324925e-13,2.074426560911258787e-13,2.957797895029633841e-13,3.827817988358462207e-13,1.748423343025125683e-13,1.889407086368260269e-13,2.055216942445821985e-13,2.142879973805374530e-13,2.277129140911672427e-13,2.025699855451032244e-13,2.078287689065445671e-13,1.763478454218426030e-13,1.783089667448765166e-13,2.305802832180153238e-13,3.258764989758032014e-13,5.686515413970595928e-13,1.484928347041330925e-13,1.590177307578977792e-13,1.736896324735292005e-13,1.800164937381905325e-13,1.964296009635785490e-13,2.026115822831404930e-13,1.801610972464309934e-13,1.661640589978236055e-13,1.750333857267936095e-13,1.979162362389787847e-13,2.843956923721788428e-13,3.578772865173939831e-13,1.446688100319359452e-13,1.439719048132162871e-13,1.543402014239127061e-13,1.741440673517069418e-13,1.981828950498583162e-13,1.820856795322090222e-13,1.868048473937190275e-13,1.911906020447747820e-13,2.007635016981125826e-13,2.941086197052579550e-13,4.342938789650999352e-13,1.177062452495673414e-13,1.338892465162043685e-13,1.672731172486711627e-13,1.716532841881637682e-13,1.976685926892112443e-13,1.792100370314955055e-13,2.150729307985024531e-13,2.572332622373535661e-13,2.837168549356216484e-13,3.719354077868653306e-13,2.009773089363700921e-13,2.263728019534730208e-13,2.464978997801995817e-13,2.595112297961408888e-13,2.736298982873688476e-13,3.399967338346697086e-13,4.882922063557514807e-13,6.246735403662264884e-13,3.842195262116078354e-13,3.535448646487225132e-13
1.955576540096250194e-13,2.744616933355251518e-13,2.214942321703627482e-13,2.206935931865262189e-13,2.408773413204662961e-13,2.192575665741337375e-13,2.080074391141643815e-13,2.384651420581144578e-13,1.824465256643059110e-13,1.820197829868100294e-13,1.577106674755710736e-13,2.063894572668592069e-13,1.979658627393151533e-13,2.248509849128354787e-13,2.170672892367748010e-13,2.467211908206279761e-13,2.166701100777617101e-13,1.889843110788305356e-13,1.990489597928412695e-13,1.930505942479651620e-13,2.113905095903351085e-13,3.014124401199554666e-13,3.900764736308523815e-13,1.781709611017577905e-13,1.925409148144473424e-13,2.094345649272529154e-13,2.183688704201495108e-13,2.320522491975726987e-13,2.064278508907922665e-13,2.117852350908901101e-13,1.797092809139478168e-13,1.817070581388315446e-13,2.349877315813832697e-13,3.320943498762227394e-13,5.794825648594722497e-13,1.513236054181063837e-13,1.620484327482314947e-13,1.770053775336998828e-13,1.834741023292939233e-13,2.002132217665762855e-13,2.064749639674754215e-13,1.835958113193795624e-13,1.693293025873515325e-13,1.783713258796570372e-13,2.017095644659895107e-13,2.899007730033845668e-13,3.647910292379579750e-13,1.474286831790879347e-13,1.467155869305704438e-13,1.572874023553650306e-13,1.774705966179686610e-13,2.019668342699323980e-13,1.855579347266959394e-13,1.903712172774595989e-13,1.948392357862921706e-13,2.045933404350653661e-13,2.997376561998062858e-13,4.427071626571503987e-13,1.199502106276025990e-13,1.364446294287419798e-13,1.704786092592233925e-13,1.749328658455820498e-13,2.014532633588897211e-13,1.826311089467885641e-13,2.191840359225615123e-13,2.622058619120466295e-13,2.891435097485623419e-13,3.790496367924995360e-13,2.048211272131089787e-13,2.308061917745569142e-13,2.513202272330656594e-13,2.645564928579136096e-13,2.790069858110089851e-13,3.465340610480294954e-13,4.976087351802022799e-13,6.536007108900847575e-13,3.916581157504838562e-13,3.605202264919025199e-13
1.992640224774682956e-13,2.796599324753164168e-13,2.256894765424682052e-13,2.248748194827238819e-13,2.454402711732794903e-13,2.234122821868810574e-13,2.119519616268660739e-13,2.429900603196625663e-13,1.859093958310343701e-13,1.854713956243094922e-13,1.607005197984675908e-13,2.102989504214725764e-13,2.017172984014113966e-13,2.291109798694411932e-13,2.211807482547184802e-13,2.513978564743070004e-13,2.207847797294359738e-13,1.925687175416843323e-13,2.028245324459352746e-13,1.967099607534180881e-13,2.153971029962121740e-13,3.071292873389058867e-13,3.974807431269252583e-13,1.815492360803215196e-13,1.961951521838270339e-13,2.134058189612673064e-13,2.225107491224102989e-13,2.364567464005450984e-13,2.103434027449758751e-13,2.158007010595629799e-13,1.831212862563247274e-13,1.851561955759959663e-13,2.394627538974026621e-13,3.384064027415155669e-13,5.904757398262985426e-13,1.541969910952522477e-13,1.651246867137517890e-13,1.803715197269175055e-13,1.869863731949215817e-13,2.040576933355444685e-13,2.103966060983838642e-13,1.870822594368857096e-13,1.725419482394752169e-13,1.817596441550957726e-13,2.055620751252174650e-13,2.954969881911372513e-13,3.718179600148876745e-13,1.502303111001705249e-13,1.495004789378619591e-13,1.602794835289719528e-13,1.808479030519680733e-13,2.058083520790382610e-13,1.890825776269956820e-13,1.939918207511038916e-13,1.985432036357390053e-13,2.084811092494534008e-13,3.054537382368561780e-13,4.512604487637960380e-13,1.222279643246069610e-13,1.390387916200269789e-13,1.737340581360449290e-13,1.782625721069188054e-13,2.052965932220279385e-13,1.861041733301668740e-13,2.233581776016875256e-13,2.672601372244663528e-13,2.946537279683088416e-13,3.862734518387745403e-13,2.087240999777326525e-13,2.353180210137373854e-13,2.562273627477087885e-13,2.696873481729825126e-13,2.844994878679365972e-13,3.531754495987528949e-13,5.070664083153039119e-13,6.845428938429843942e-13,3.992654588334690042e-13,3.676266894058562673e-13
2.030241835972064417e-13,2.849332482100400594e-13,2.299453281353331678e-13,2.291165698762495962e-13,2.500691807004549018e-13,2.276272116826424771e-13,2.159539647356143056e-13,2.475812145333165082e-13,1.894230473162152878e-13,1.889732941703671234e-13,1.637338465758062373e-13,2.142649584100228034e-13,2.055231202575585775e-13,2.334326414698013727e-13,2.253538497981423286e-13,2.561424654398386357e-13,2.249600250301693701e-13,1.962054213047832787e-13,2.066552209095231278e-13,2.004224917742105393e-13,2.194618633781841134e-13,3.129295618708072787e-13,4.049936792001206066e-13,1.849766908217460936e-13,1.999029545802740127e-13,2.174349085141597606e-13,2.267130762630713813e-13,2.409258487214827980e-13,2.143161160342875120e-13,2.198746087326997941e-13,1.865834408261842853e-13,1.886559448060903333e-13,2.440049479789172575e-13,3.448119597786863958e-13,6.016296196021257971e-13,1.571126407951743706e-13,1.682461082464252369e-13,1.837877052298286752e-13,1.905531724510058304e-13,2.079629761443296113e-13,2.143760421036073349e-13,1.906200192426224664e-13,1.758015737378938582e-13,1.851979422225022325e-13,2.094735366487943319e-13,3.011845305771420128e-13,3.789582016580859650e-13,1.530733763231482957e-13,1.523262293746564076e-13,1.633161402597212505e-13,1.842756568896495336e-13,2.097070524918321538e-13,1.926591918181352779e-13,1.976662805078994157e-13,2.023021019298293902e-13,2.124263665021288686e-13,3.112564370397890915e-13,4.599540960309420719e-13,1.245392288597420191e-13,1.416714530502214104e-13,1.770392621050206509e-13,1.816420852567794940e-13,2.091983083427475515e-13,1.896288644994021900e-13,2.275949812773063411e-13,2.723962023982257649e-13,3.002470563138441413e-13,3.936062638244084908e-13,2.126858970776173758e-13,2.399088635879485780e-13,2.612198912677167199e-13,2.749041564161346075e-13,2.901089679933687184e-13,3.599207215970479856e-13,5.166641805857304807e-13,7.176975805687397006e-13,4.070438619934722951e-13,3.748655921894879064e-13
2.068374671916825099e-13,2.902806559345412905e-13,2.342609940383344634e-13,2.334180688244813183e-13,2.547632150745223644e-13,2.319015934535064016e-13,2.200127636182003295e-13,2.522378555002955934e-13,1.929869174704844816e-13,1.925248777608308680e-13,1.668101169391094256e-13,2.182867466441686585e-13,2.093826425826803102e-13,2.378151799133110021e-13,2.295858431076343343e-13,2.609541808727109311e-13,2.291952060840260205e-13,1.998938078238038556e-13,2.105403814905997463e-13,2.041875322730206208e-13,2.235840684764163421e-13,3.188122866740375799e-13,4.126140920356547875e-13,1.884527326100479309e-13,2.036637256652189032e-13,2.215211399313454439e-13,2.309751440470245990e-13,2.454588428118713494e-13,2.183453235037408395e-13,2.240062521253996165e-13,1.900952039627167907e-13,1.922057493008352971e-13,2.486137690159277046e-13,3.513101095242424939e-13,6.129423634855115465e-13,1.600701027844848227e-13,1.714122041710505965e-13,1.872534679541531121e-13,1.941742703715769333e-13,2.119289345096945058e-13,2.184126692000381550e-13,1.942085464965437729e-13,1.791076411104190905e-13,1.886857045338565237e-13,2.134436051007858268e-13,3.069634722942366031e-13,3.862117169324828616e-13,1.559574656259266654e-13,1.551923879470152218e-13,1.663969690195193592e-13,1.877534181816142695e-13,2.136624121828318715e-13,1.962872387438076020e-13,2.013940988177878111e-13,2.061154020698305646e-13,2.164285376380394822e-13,3.171451496336431445e-13,4.687882844824030047e-13,1.268836469211881675e-13,1.443422463946782240e-13,1.803939238362344724e-13,1.850709796192579510e-13,2.131580188575392754e-13,1.932047008840815022e-13,2.318939394005964806e-13,2.776140583200107834e-13,3.059228699086867868e-13,4.010472592003117389e-13,2.167060675314374922e-13,2.445792261359323504e-13,2.662983218679557643e-13,2.802071812305364796e-13,2.958369751575520070e-13,3.667695244433750901e-13,5.264006876074678986e-13,7.532875247247759462e-13,4.149956243428171683e-13,3.822382125970131529e-13
2.107030536068520397e-13,2.957009564785203460e-13,2.386355082883058224e-13,2.377783699273586089e-13,2.595213322778662714e-13,2.362344971520154009e-13,2.241275173545416181e-13,2.569590588747771758e-13,1.966003106929011360e-13,1.961254087726923234e-13,1.699286803940992060e-13,2.223634198252326389e-13,2.132950274683811293e-13,2.422576313473809942e-13,2.338758106560284354e-13,2.658319782424751163e-13,2.334895278996616203e-13,2.036331214665681589e-13,2.144792222925878404e-13,2.080042802445035719e-13,2.277628346345141355e-13,3.247762603891118361e-13,4.203405093651027066e-13,1.919766343646096863e-13,2.074767284390631413e-13,2.256636619185527791e-13,2.352960819490314098e-13,2.500548464290452433e-13,2.224302042676194652e-13,2.281947654014781528e-13,1.936559053280079137e-13,1.958049204147416206e-13,2.532885182421831766e-13,3.578997098396091884e-13,6.244117044395598680e-13,1.630688165138888252e-13,1.746223637829216556e-13,1.907682205760650034e-13,1.978493335882948227e-13,2.159553285725776650e-13,2.225057374805705363e-13,1.978471652851760792e-13,1.824594872690903096e-13,1.922222889219916009e-13,2.174718151542797249e-13,3.128337544517884498e-13,3.935782949709735642e-13,1.588820623975069550e-13,1.580983975570418042e-13,1.695214595395552266e-13,1.912806280072990529e-13,2.176737703488272097e-13,1.999660479219104038e-13,2.051746479211495982e-13,2.099824405462558542e-13,2.204869045508054583e-13,3.231190851161379931e-13,4.777629998307017064e-13,1.292607749440694231e-13,1.470507101136670061e-13,1.837976428925082842e-13,1.885487130757678938e-13,2.171752097232994327e-13,1.968310757698954218e-13,2.362544008444222024e-13,2.829135826647497618e-13,3.116803586425437311e-13,4.085953826290377683e-13,2.207840294873737362e-13,2.493295405084722905e-13,2.714630796228425339e-13,2.855965800763508300e-13,3.016850360143824716e-13,3.737213169141831980e-13,5.362742200046458920e-13,7.915647615617730503e-13,4.231230275511728836e-13,3.897457503091022090e-13
2.146199617420401541e-13,3.011927188621431600e-13,2.430677179878962359e-13,2.421963422343640194e-13,2.643422879606933250e-13,2.406248101847543728e-13,2.282972165828723774e-13,2.617437113404936955e-13,2.002623879122089407e-13,1.997740019512370263e-13,1.730887573226346570e-13,2.264939089822549200e-13,2.172592726605222024e-13,2.467588440564687909e-13,2.382226549380974931e-13,2.707746304318106489e-13,2.378420283014665273e-13,2.074224544329595942e-13,2.184707915685831900e-13,2.118717750719750123e-13,2.319971039401469773e-13,3.308200394675484652e-13,4.281711541084296396e-13,1.955475239489483819e-13,2.113410742447950067e-13,2.298614531222493849e-13,2.396748439248643828e-13,2.547127952133956243e-13,2.265697717005092007e-13,2.324391102198274264e-13,1.972647347777726541e-13,1.994526270569847482e-13,2.580283310361107110e-13,3.645793701266432979e-13,6.360349145993170201e-13,1.661081040409809571e-13,1.778758496667298933e-13,1.943312451452115088e-13,2.015779168942007527e-13,2.200418058259543934e-13,2.266543384678854568e-13,2.015350577637774182e-13,1.858563141984942891e-13,1.958069167514054114e-13,2.215575706404079233e-13,3.187951755625331585e-13,4.010575361672570396e-13,1.618465385620669713e-13,1.610435859467288279e-13,1.726889865380288985e-13,1.948565992621228807e-13,2.217403180521053387e-13,2.036948066710664975e-13,2.090071599551401853e-13,2.139024084757795542e-13,2.246005944479895933e-13,3.291772500342331248e-13,4.868780156224275884e-13,1.316700763663077202e-13,1.497962810821042489e-13,1.872499075664217772e-13,1.920746179224224064e-13,2.212492309969754792e-13,2.005072476039521544e-13,2.406755598127026430e-13,2.882945194130637783e-13,3.175185129014366418e-13,4.162493178506997585e-13,2.249190587895126132e-13,2.541601553261625340e-13,2.767144963251965235e-13,2.910723940349857932e-13,3.076546455614765302e-13,3.807753537847774749e-13,5.462826959915509236e-13,8.328153989953393151e-13,4.314283230693880696e-13,3.973893037077161144e-13
2.185870367008329483e-13,3.067542624183418824e-13,2.475562688695622066e-13,2.466706560281834946e-13,2.692246198874262310e-13,2.450712237260188551e-13,2.325206706411692264e-13,2.665904962981557872e-13,2.039721557609288782e-13,2.034696131546495572e-13,1.762894290890501477e-13,2.306769580714089386e-13,2.212741989454149227e-13,2.513174639284633018e-13,2.426250845913156434e-13,2.757806922065452560e-13,2.422515652983885609e-13,2.112607351310190181e-13,2.225139655277818374e-13,2.157888853483913437e-13,2.362856308570343783e-13,3.369419198499479362e-13,4.361039215562657336e-13,1.991643731044088287e-13,2.152557112533770030e-13,2.341133091133089036e-13,2.441101950204938524e-13,2.594314288908167284e-13,2.307628608115492348e-13,2.367380625386619607e-13,2.009207317808881261e-13,2.031478848910884938e-13,2.628321644725483224e-13,3.713474326255447721e-13,6.478087707138198112e-13,1.691871611837552993e-13,1.811717880917567974e-13,1.979416832648898175e-13,2.053594546404185432e-13,2.241878921949346512e-13,2.308573931376767221e-13,2.052712534220145967e-13,1.892971786819234781e-13,1.994386626160365588e-13,2.257001346316399687e-13,3.248473795299991630e-13,4.086488369379283665e-13,1.648501461958215409e-13,1.640271569629309686e-13,1.758988010815295649e-13,1.984805070357737887e-13,2.258610870973789554e-13,2.074725493773866271e-13,2.128907164264724043e-13,2.178743406652888466e-13,2.287685681911851977e-13,3.353184331036721023e-13,4.961328754146657532e-13,1.341109146036752353e-13,1.525782869714396293e-13,1.907500865217040515e-13,1.956478915035318208e-13,2.253792876712998835e-13,2.042323298589457139e-13,2.451564442262531801e-13,2.937564677004583891e-13,3.234361085700643651e-13,4.240074683626681148e-13,2.291102783504366852e-13,2.590713271741993906e-13,2.820528008570564492e-13,2.966345373118886206e-13,3.137472571425042352e-13,3.879306701569349909e-13,5.564236339034056159e-13,8.773653555567090222e-13,4.399137186875989735e-13,4.051698609585827555e-13
2.226029374065810570e-13,3.123836388831655450e-13,2.520995907260478789e-13,2.511997685766495682e-13,2.741666325253466101e-13,2.495722186286802956e-13,2.367964949322258339e-13,2.714978799723593562e-13,2.077284558523067499e-13,2.072110281940287576e-13,1.795296281473337057e-13,2.349111106559895367e-13,2.253384374037173014e-13,2.559319201471744935e-13,2.470816007300332459e-13,2.808484850638257627e-13,2.467168048421252254e-13,2.151467167148063872e-13,2.266074363525281433e-13,2.197542968224412187e-13,2.406269690406174910e-13,3.431399188481007162e-13,4.441363571280533114e-13,2.028259863019403190e-13,2.192194131707917912e-13,2.384178296051318316e-13,2.486006982878225368e-13,2.642092779130410561e-13,2.350081158586690799e-13,2.410901996473171772e-13,2.046227750179592472e-13,2.068895457112117888e-13,2.676987855247454736e-13,3.782019549205037241e-13,6.597295213447136981e-13,1.723050487271585355e-13,1.845091595046217948e-13,2.015985265112018540e-13,2.091932525326942528e-13,2.283929836379847050e-13,2.351136402840196081e-13,2.090546185599510571e-13,1.927809821237198956e-13,2.031164442370367288e-13,2.298986200243059338e-13,3.309898443720197237e-13,4.163513757182592670e-13,1.678920092184197722e-13,1.670481818582295196e-13,1.791500220973094461e-13,2.021513792524275756e-13,2.300349392923969929e-13,2.112981469928170541e-13,2.168242379982174883e-13,2.218971049974246315e-13,2.329896089969357242e-13,3.415411910270743582e-13,5.055268767657434182e-13,1.365825459194975077e-13,1.553959386792214936e-13,1.942974206452460891e-13,1.992675870248582866e-13,2.295644299815516670e-13,2.080052811652531062e-13,2.496959046562203600e-13,2.992988715914584016e-13,3.294316930865976239e-13,4.318679388413007045e-13,2.333566475884641904e-13,2.640632119547767273e-13,2.874781098346035627e-13,3.022827871168180668e-13,3.199642724011065838e-13,3.951860666749641270e-13,5.666941263630529317e-13,9.255872672276073391e-13,4.485813657249418092e-13,4.130882850536000408e-13
2.266661219479386754e-13,3.180786114106990593e-13,2.566958807280132402e-13,2.557819077939080124e-13,2.791663783111513224e-13,2.541260492110066069e-13,2.411230955826320314e-13,2.764640939586174907e-13,2.115299519560927007e-13,2.109968495226558070e-13,1.828081265515366101e-13,2.391946939473330602e-13,2.294504148894851098e-13,2.606004079247571570e-13,2.515904804739844427e-13,2.859760784343352741e-13,2.512362055679420048e-13,2.190789633999899935e-13,2.307496977425581013e-13,2.237664980476598473e-13,2.450194553899393511e-13,3.494117532249853806e-13,4.522656284556834748e-13,2.065309879888068875e-13,2.232307655889416973e-13,2.427734029818008492e-13,2.531446987566911520e-13,2.690446467084727395e-13,2.393039752827344861e-13,2.454938844218228632e-13,2.083695698836536580e-13,2.106762846963294189e-13,2.726267555271969853e-13,3.851406862140408120e-13,6.717928455664172706e-13,1.754606820451915138e-13,1.878867873225100662e-13,2.053006047424848313e-13,2.130784768408509370e-13,2.326563345775654901e-13,2.394216221301505150e-13,2.128838435804071688e-13,1.963064585508652482e-13,2.068390102781159229e-13,2.341519771410201915e-13,3.372218658999424537e-13,4.241640914729763700e-13,1.709711135982477230e-13,1.701055891922591092e-13,1.824416261991690525e-13,2.058680851486905573e-13,2.342605529551554144e-13,2.151702942787478920e-13,2.208064718336573557e-13,2.259693892881550086e-13,2.372623084002294050e-13,3.478438289183958065e-13,5.150590446469566918e-13,1.390841115853335268e-13,1.582483214276382659e-13,1.978910127819185985e-13,2.029326022843914480e-13,2.338035407917758457e-13,2.118248931986837157e-13,2.542925999645883559e-13,3.049210049178008369e-13,3.355035662094890042e-13,4.398285108709644205e-13,2.376569512637351525e-13,2.691358528899168567e-13,2.929904143188071769e-13,3.080167694744657093e-13,3.263070263661311395e-13,4.025400889468468018e-13,5.770908063302585102e-13,9.779088429214850733e-13,4.574333364515545399e-13,4.211453051235266146e-13
2.307748343526850046e-13,3.238366352363205307e-13,2.613430877150729574e-13,2.604150568616051359e-13,2.842216410061139883e-13,2.587307281226949262e-13,2.454986558355751882e-13,2.814871202767237810e-13,2.153751184455939465e-13,2.148254842347150582e-13,1.861235253198333762e-13,2.435258044054640509e-13,2.336083403454509218e-13,2.653208730276431881e-13,2.561497621874042241e-13,2.911612733162662621e-13,2.558080056397864364e-13,2.230558381383383494e-13,2.349390320245527130e-13,2.278237673920227655e-13,2.494611958225940339e-13,3.557548197967887132e-13,4.604885015335525995e-13,2.102778106563518789e-13,2.272881538567769389e-13,2.471781925282378071e-13,2.577403093446580086e-13,2.739355993079081461e-13,2.436486583789277365e-13,2.499472513489370907e-13,2.121596373302324575e-13,2.145065890106750563e-13,2.776144174718031890e-13,3.921610485232273614e-13,6.839938172871857943e-13,1.786528216927249807e-13,1.913033277460038626e-13,2.090465758312598133e-13,2.170141454678488216e-13,2.369770486487119953e-13,2.437796718342657065e-13,2.167574317010726434e-13,1.998721636901643400e-13,2.106049295169210593e-13,2.384589835367660402e-13,3.435425451028842068e-13,4.320856679551175526e-13,1.740862984669318094e-13,1.731981555179254225e-13,1.857724386029719574e-13,2.096293252372103990e-13,2.385364113833613660e-13,2.190874985432252825e-13,2.248359806392951202e-13,2.300896898983593995e-13,2.415850541245159539e-13,3.542243850214132606e-13,5.247281131620341321e-13,1.416146302809953608e-13,1.611343866804128988e-13,2.015298189669486608e-13,2.066416698690691137e-13,2.380953251349294880e-13,2.156897801008392712e-13,2.589449853933726825e-13,3.106219598413704912e-13,3.416497649822504013e-13,4.478866230390711132e-13,2.420097879210506578e-13,2.742891704356573292e-13,2.985895689545949218e-13,3.138359476913093131e-13,3.327767747577183523e-13,4.099910114470452575e-13,5.876098190420899282e-13,1.034823032297829991e-12,4.664716072140923818e-13,4.293414970138165194e-13
2.349270911191300778e-13,3.296548379992118598e-13,2.660388961845006991e-13,2.650969384748194277e-13,2.893299186542515152e-13,2.633840109462841266e-13,2.499211222874336981e-13,2.865646762974794564e-13,2.192622286743654512e-13,2.186951319103402254e-13,1.894742436344122385e-13,2.479022931071232404e-13,2.378101908720876766e-13,2.700909960733706888e-13,2.607572305108592015e-13,2.964015857242378393e-13,2.604302094994750834e-13,2.270754901409414178e-13,2.391734971153579448e-13,2.319241598661027067e-13,2.539500508611303303e-13,3.621661757907782779e-13,4.688013167488844356e-13,2.140646827003469770e-13,2.313897508285099819e-13,2.516301224960361157e-13,2.623853966199798982e-13,2.788799448604482569e-13,2.480401518242502158e-13,2.544481923827536084e-13,2.159913025992823088e-13,2.183787462846566944e-13,2.826598832530809231e-13,3.992601177914296686e-13,6.963268678115370716e-13,1.818800638874941643e-13,1.947572594531875544e-13,2.128349153135914633e-13,2.209991189174383031e-13,2.413540693007880888e-13,2.481859009000391814e-13,2.206736875595249104e-13,2.034764639099259563e-13,2.144125799156277867e-13,2.428182337303014284e-13,3.499507751514570340e-13,4.401145176642081273e-13,1.772362471383545508e-13,1.763244959483279681e-13,1.891411239572960077e-13,2.134336211936434948e-13,2.428607912542849102e-13,2.230480682785658579e-13,2.289111316319717795e-13,2.342563002646333120e-13,2.459560178659549794e-13,3.606806153212699075e-13,5.345325068825300078e-13,1.441729903628004978e-13,1.640529439675700850e-13,2.052126395486432445e-13,2.103933471872508752e-13,2.424382996869050225e-13,2.195983678180223698e-13,2.636513005980567685e-13,3.164006351317840361e-13,3.478680486379496775e-13,4.560393509187203571e-13,2.464135574963032852e-13,2.795229516778539734e-13,3.042752805418791667e-13,3.197396104244372227e-13,3.393746801430898387e-13,4.175368211815978166e-13,5.982467929268682179e-13,1.096900471058442146e-12,4.756980399659737983e-13,4.376772601043817949e-13
2.391206665788694782e-13,3.355299984539092501e-13,2.707807091680734682e-13,2.698249980198703856e-13,2.944884049641945687e-13,2.680833797073610052e-13,2.543881897440386678e-13,2.916941978660892393e-13,2.231893422979609791e-13,2.226037713613116883e-13,1.928585072236200498e-13,2.523217497352473545e-13,2.420536968848090141e-13,2.749081752950092839e-13,2.654103999469340268e-13,3.016942282702841137e-13,2.651005730915934334e-13,2.311358412724337047e-13,2.434509122289758266e-13,2.360654927723907028e-13,2.584836197980230879e-13,3.686425172962134857e-13,4.771999620531609154e-13,2.178896154735218170e-13,2.355335034209483098e-13,2.561268627971555943e-13,2.670775650681715539e-13,2.838752214352084716e-13,2.524761948424775637e-13,2.589943413829788275e-13,2.198626828964658175e-13,2.222908320252194228e-13,2.877610190046294167e-13,4.064346018774981892e-13,7.087857446882227624e-13,1.851408301951306860e-13,1.982468724390941628e-13,2.166639049721344341e-13,2.250320898745793619e-13,2.457861686629116902e-13,2.526381851961587982e-13,2.246307047179421812e-13,2.071175242397768055e-13,2.182601366431842683e-13,2.472281273767428158e-13,3.564452255671080718e-13,4.482487616649667514e-13,1.804194773817343507e-13,1.794830540202820572e-13,1.925461763223211486e-13,2.172793046469101015e-13,2.472317496287951757e-13,2.270501006625801364e-13,2.330300842690635443e-13,2.384672981527711431e-13,2.503731416962469246e-13,3.672099754108668233e-13,5.444703162964316331e-13,1.467579417822757555e-13,1.670026520489759660e-13,2.089381092353643349e-13,2.141860054808385908e-13,2.468307807268388739e-13,2.235488823061320812e-13,2.684095560003009218e-13,3.222557217146658373e-13,3.541558808087528845e-13,4.642833841745114443e-13,2.508664488879074569e-13,2.848368376005271003e-13,3.100470941755771703e-13,3.257268573222616155e-13,3.461017946645002042e-13,4.251751982704675933e-13,6.089968068422838401e-13,1.164804808702515586e-12,4.851143573702263388e-13,4.461527981582416463e-13
2.433530788635101506e-13,3.414585259879929225e-13,2.755656316015278381e-13,2.745963873790785496e-13,2.996939715778990585e-13,2.728260268989626189e-13,2.588972868981191593e-13,2.968728235698323285e-13,2.271542932137690114e-13,2.265491480039376462e-13,1.962743371675461058e-13,2.567814872759985337e-13,2.463363276789955019e-13,2.797695101409344595e-13,2.701064992500666125e-13,3.070360928620275084e-13,2.698165900724046840e-13,2.352345731040150103e-13,2.477688443341444093e-13,2.402453320066681526e-13,2.630592256669647033e-13,3.751801588681913399e-13,4.856798480525602835e-13,2.217503907337185760e-13,2.397171199027010891e-13,2.606658145070135487e-13,2.718141422739438557e-13,2.889186809239282610e-13,2.569542651941499415e-13,2.635830593873687561e-13,2.237716757165392707e-13,2.262406976794999418e-13,2.929154316768582308e-13,4.136808206505966754e-13,7.213634750912528593e-13,1.884333576864112048e-13,2.017702573609728350e-13,2.205316220917551444e-13,2.291115735215347342e-13,2.502719372521218903e-13,2.571341518688814177e-13,2.286263538523084706e-13,2.107932969231280765e-13,2.221455607515704877e-13,2.516868583603357668e-13,3.630243275439546694e-13,4.564862115473751467e-13,1.836343321432698113e-13,1.826720919570846744e-13,1.959859096700736789e-13,2.211645066584392237e-13,2.516471118579281028e-13,2.310914697749711065e-13,2.371907787702910144e-13,2.427205337324066851e-13,2.548341253580435872e-13,3.738096041038980503e-13,5.545392762214854163e-13,1.493680881768630588e-13,1.699820104653731837e-13,2.127046877234433466e-13,2.180178194985468232e-13,2.512708730213808435e-13,2.275393384557236710e-13,2.732175202248524324e-13,3.281856894498896467e-13,3.605104134902526075e-13,4.726150055349918283e-13,2.553664282870904529e-13,2.902303106694669193e-13,3.159043798501448431e-13,3.317965853969764034e-13,3.529590425668819097e-13,4.329034981959363548e-13,6.198543609957071532e-13,1.239311715540552834e-12,4.947221185673856905e-13,4.547680984313862677e-13
2.476215749747065794e-13,3.474364388343048767e-13,2.803904528306464248e-13,2.794079479038471289e-13,3.049431489609386811e-13,2.776088386836576931e-13,2.634455608544072896e-13,3.020973774736139441e-13,2.311546766785794339e-13,2.305287603345218556e-13,1.997195380640144101e-13,2.612785255798938276e-13,2.506552763231434090e-13,2.846717835964786079e-13,2.748424546146708684e-13,3.124237318110109447e-13,2.745754767138811115e-13,2.393691130442940433e-13,2.521245935719965950e-13,2.444609773969283977e-13,2.676738990292979361e-13,3.817750116118062987e-13,4.942358806404797353e-13,2.256445475124514468e-13,2.439380561957580326e-13,2.652440942252652735e-13,2.765921628425446319e-13,2.940072724732931300e-13,2.614715640273794983e-13,2.682114186993589530e-13,2.277159462975042854e-13,2.302259578183867538e-13,2.981204539125325947e-13,4.209946832447515833e-13,7.340523262524348688e-13,1.917556884605496704e-13,2.053252942001241880e-13,2.244359278122342186e-13,2.332358965629150926e-13,2.548097720340607848e-13,2.616711650705565482e-13,2.326582700291867036e-13,2.145015092323138765e-13,2.260665869818118511e-13,2.561924024599253969e-13,3.696862565680136584e-13,4.648243473335628172e-13,1.868789696673284741e-13,1.858896803862975725e-13,1.994584476768106968e-13,2.250871462594357273e-13,2.561044582775570435e-13,2.351698138631988895e-13,2.413909235771699536e-13,2.470136165580433142e-13,2.593364123771801708e-13,3.804763046186630107e-13,5.647367384099055498e-13,1.520018787308628783e-13,1.729893505608992194e-13,2.165106494048054062e-13,2.218867563023655433e-13,2.557564573402897682e-13,2.315675280508696716e-13,2.780727060388451776e-13,3.341887713115425913e-13,3.669284686075412193e-13,4.810300672118058112e-13,2.599112275702219713e-13,2.957026802349772676e-13,3.218463166297179679e-13,3.379474729582023457e-13,3.599471990545401282e-13,4.407187312189387610e-13,6.308133446541592264e-13,1.321332619180226494e-12,5.045226881321827709e-13,4.635229162351050694e-13
2.519231166479284638e-13,3.534593432507611748e-13,2.852516297857838424e-13,2.842561936506578162e-13,3.102321084012970321e-13,2.824283788571511836e-13,2.680298626105763788e-13,3.073643531524068238e-13,2.351878372073447657e-13,2.345398471700251339e-13,2.031916867487352516e-13,2.658095757913967836e-13,2.550074451920703287e-13,2.896114454745466118e-13,2.796148738020318854e-13,3.178533402047035062e-13,2.793741579105481425e-13,2.435366212615887869e-13,2.565151795552608567e-13,2.487094488294123502e-13,2.723243627071569324e-13,3.884225626979529840e-13,5.028624358106095475e-13,2.295693695724704080e-13,2.481935030343892689e-13,2.698585193794929041e-13,2.814083533681033212e-13,2.991376271482564284e-13,2.660250016857058065e-13,2.728761879456671475e-13,2.316929158460278317e-13,2.342439780972682386e-13,3.033731302425248503e-13,4.283716677215827379e-13,7.468437618871535037e-13,1.951056597610352380e-13,2.089096415527289598e-13,2.283744562539433583e-13,2.374031870062244697e-13,2.593978653127487751e-13,2.662463126973103373e-13,2.367238407859168414e-13,2.182396519455775581e-13,2.300207123401496394e-13,2.607425059741631250e-13,3.764289161110933358e-13,4.732602969817190365e-13,1.901513541742247132e-13,1.891336885792486884e-13,2.029617141346526318e-13,2.290449197693161436e-13,2.606011119022458430e-13,2.392825234387571882e-13,2.456279837020689647e-13,2.513439034747945556e-13,2.638771771768815522e-13,3.872065275990987595e-13,5.750596464443729976e-13,1.546576003201523168e-13,1.760228270071476032e-13,2.203540737336497878e-13,2.257905648258266138e-13,2.602851789501444052e-13,2.356310085485841193e-13,2.829723574531070409e-13,3.402629487258386237e-13,3.734065213552246566e-13,4.895239693711817290e-13,2.644983300877478072e-13,3.012530681139624377e-13,3.278718771426374663e-13,3.441779641515855341e-13,3.670668685726468826e-13,4.486175434776751753e-13,6.418670023996338472e-13,1.411944578183152915e-12,5.145172048403928703e-13,4.724167333004709308e-13
2.562543673526711565e-13,3.595224144776202642e-13,2.901452713860224879e-13,2.891372964954386768e-13,3.155566455670591310e-13,2.872808739566292558e-13,2.726467340055975038e-13,3.126698995432057256e-13,2.392508575511277445e-13,2.385793760681830181e-13,2.066881219256397983e-13,2.703710261336118253e-13,2.593894324722906652e-13,2.945845972925311988e-13,2.844200317850258442e-13,3.233207401795222477e-13,2.842092547849842061e-13,2.477339788445162399e-13,2.609373290303195641e-13,2.529874736425569035e-13,2.770070179976492876e-13,3.951178568474568560e-13,5.115533375307305719e-13,2.335218737496069173e-13,2.524803744236752014e-13,2.745055949983030784e-13,2.862591189938588729e-13,3.043060443753245931e-13,2.706111849728490005e-13,2.775738186361850982e-13,2.356997509260849913e-13,2.382918643978912473e-13,3.086702050459938408e-13,4.358068035807583525e-13,7.597284143067001133e-13,1.984808949618968319e-13,2.125207268874957009e-13,2.323446047665491437e-13,2.416113649652403579e-13,2.640341946938335104e-13,2.708563945990593553e-13,2.408201954146461422e-13,2.220049688586541961e-13,2.340051858192879209e-13,2.653346756402171085e-13,3.832499226016972149e-13,4.817908187925299051e-13,1.934492473753370543e-13,1.924017755044017349e-13,2.064934242727525592e-13,2.330352912338885297e-13,2.651341275300910998e-13,2.434267306038808982e-13,2.498991703528313669e-13,2.557084878574105490e-13,2.684533136402067044e-13,3.939963563688896983e-13,5.855045142887769225e-13,1.573333701502259590e-13,1.790804100531059593e-13,2.242328364544580107e-13,2.297267664290487596e-13,2.648544374364546810e-13,2.397270930458196581e-13,2.879134384076474513e-13,3.464059382773955000e-13,3.799406858447531178e-13,4.980916412386969176e-13,2.691249610629493862e-13,3.068803945031705923e-13,3.339798125152592704e-13,3.504862543916815153e-13,3.743184625589260016e-13,4.565962001337032858e-13,6.530079112821622072e-13,1.512428191355112012e-12,5.247065507482556676e-13,4.814487444280587042e-13
2.606116789656971160e-13,3.656203771750233827e-13,2.950671227358352398e-13,2.940470707650136568e-13,3.209121634150763570e-13,2.921621982049606133e-13,2.772923940623930497e-13,3.180098058853771949e-13,2.433405473401700094e-13,2.426440313368507016e-13,2.102059335844224785e-13,2.749589271434980590e-13,2.637975185928931665e-13,2.995869764802976748e-13,2.892538557754529944e-13,3.288213642689368323e-13,2.890770715072663595e-13,2.519577755338699573e-13,2.653874630137491278e-13,2.572914735758943237e-13,2.817179302731408461e-13,4.018554771527883132e-13,5.203018341878157150e-13,2.374987982249037893e-13,2.567952955933527956e-13,2.791814998921891295e-13,2.911405292749709954e-13,3.095084774932886597e-13,2.752264038133884231e-13,2.823004310999436261e-13,2.397333524189670627e-13,2.423664515429292092e-13,3.140081092761523318e-13,4.432946523460143535e-13,7.726960490636427255e-13,2.018787943075195859e-13,2.161557365263063573e-13,2.363435236646580588e-13,2.458581324208360455e-13,2.687165116164286274e-13,2.754979100975360978e-13,2.449441937790023759e-13,2.257944459970429302e-13,2.380169976750308855e-13,2.699661674463095550e-13,3.901465879178497590e-13,4.904122798227628929e-13,1.967701997334280149e-13,1.956913807086980729e-13,2.100510757120762020e-13,2.370554822935273372e-13,2.697002800720826026e-13,2.475992978694083941e-13,2.542014299099472992e-13,2.601041881924197100e-13,2.730614229608076002e-13,4.008414903330029099e-13,5.960673990556711623e-13,1.600271285014341588e-13,1.821598775625603334e-13,2.281446001982168954e-13,2.336926449768612167e-13,2.694613755056007511e-13,2.438528396810608446e-13,2.928926203925117762e-13,3.526151760423047308e-13,3.865266989609057345e-13,5.067275204125762677e-13,2.737880763566338478e-13,3.125833617144964760e-13,3.401686348973761414e-13,3.568702734552624509e-13,3.817021731839773937e-13,4.646505661534305489e-13,6.642279523955606095e-13,1.624316129204862253e-12,5.350913127735029936e-13,4.906178276776484079e-13
2.649910798594024414e-13,3.717474879186120255e-13,3.000125508459059831e-13,2.989809594338363036e-13,3.262936570086866917e-13,2.970678599656915148e-13,2.819627269672480474e-13,3.233794886302937267e-13,2.474534330202576728e-13,2.467302034049906570e-13,2.137419535188281139e-13,2.795689784909530082e-13,2.682276539731348962e-13,3.046139423690626662e-13,2.941119119573272496e-13,3.343502408259104998e-13,2.939735838249220226e-13,2.562042988683302025e-13,2.698616854571538727e-13,2.616175531761336873e-13,2.864528162509719233e-13,4.086295282397673486e-13,5.291005783591729611e-13,2.414965919673090372e-13,2.611345924008047519e-13,2.838820744769413307e-13,2.960483057893708316e-13,3.147405212060575929e-13,2.798666195306827677e-13,2.870518020956530980e-13,2.437903457903384318e-13,2.464642933429055623e-13,3.193829489539261976e-13,4.508292910835806749e-13,7.857355355938419380e-13,2.052965266997494866e-13,2.198116067499825840e-13,2.403681071861637101e-13,2.501409639555237804e-13,2.734423308427759420e-13,2.801670470908727519e-13,2.490924164710322757e-13,2.296048020356011108e-13,2.420528699787687257e-13,2.746339767034038716e-13,3.971159029343705996e-13,4.991206363039888846e-13,2.001115426919801832e-13,1.989997161783321286e-13,2.136319404362957664e-13,2.411024632511737612e-13,2.742960543634353817e-13,2.517968083294268161e-13,2.585314342637399970e-13,2.645275380870794005e-13,2.776978030403090667e-13,4.077372306014442086e-13,6.067438762497407726e-13,1.627366321388480231e-13,1.852588079078123997e-13,2.320868059963209603e-13,2.376852380360510510e-13,2.741028691058407942e-13,2.480050423190555297e-13,2.979062716704709688e-13,3.588878030625298324e-13,3.931599064669140391e-13,5.154255348991904762e-13,2.784843522900983244e-13,3.183604379840065991e-13,3.464366001626398868e-13,3.633276691872549167e-13,3.892179459600182425e-13,4.727760890184884227e-13,6.755182872994225898e-13,1.749455865362722794e-12,5.456717431823885356e-13,4.999225143976621758e-13
2.693882638460568470e-13,3.778975189122382867e-13,3.049765313915448159e-13,3.039340213569223004e-13,3.316956992936720016e-13,3.019929892292506727e-13,2.866532708290460349e-13,3.287739791338685277e-13,2.515857485130250238e-13,2.508339789168229093e-13,2.172927465326363325e-13,2.841965166240946828e-13,2.726754477201296870e-13,3.096604630626677807e-13,2.989893930750827947e-13,3.399019803244530807e-13,2.988944282596399856e-13,2.604695240739645675e-13,2.743557726652254069e-13,2.659614889865565106e-13,2.912070320777137875e-13,4.154336206621809080e-13,5.379416078761098025e-13,2.455114050213088614e-13,2.654942814333264884e-13,2.886028093924688471e-13,3.009778105351570018e-13,3.199973997704415909e-13,2.845274538854086430e-13,2.918233532218949186e-13,2.478670720036058442e-13,2.505816533113757208e-13,3.247904940307429539e-13,4.584042966269163993e-13,7.988348208373509916e-13,2.087310220477910268e-13,2.234850155331487625e-13,2.444149849612488254e-13,2.544570974719971583e-13,2.782089196829513501e-13,2.848596718045490639e-13,2.532611556076281509e-13,2.334324793998903649e-13,2.461092477765712490e-13,2.793348282382030217e-13,4.041545202444674074e-13,5.079114129026309822e-13,2.034703814282410221e-13,2.023237588030067667e-13,2.172330572344869204e-13,2.451729445918991539e-13,2.789176354749524411e-13,2.560155564528131480e-13,2.628855716601905977e-13,2.689747768289703927e-13,2.823584384859632698e-13,4.146784658789527571e-13,6.175290129789375045e-13,1.654594482849561805e-13,1.883745733381724900e-13,2.360566650307382812e-13,2.417013285504365276e-13,2.787755177659707039e-13,2.521802217495355920e-13,3.029504468714772042e-13,3.652206500893871084e-13,3.998352494007530090e-13,5.241790857696118418e-13,2.832101765898803778e-13,3.242098400629151205e-13,3.527816893257162551e-13,3.698557901835069840e-13,3.968654493624165176e-13,4.809677811937943808e-13,6.868693361800514799e-13,1.890091606352767089e-12,5.564477149979319783e-13,5.093609631605480597e-13
2.737985806464599581e-13,3.840637438115367260e-13,3.099536371719933891e-13,3.089009198505435614e-13,3.371124288033556061e-13,3.069323268346307750e-13,2.913592079852034167e-13,3.341879131047811287e-13,2.557334271987907843e-13,2.549511321839473808e-13,2.208546028281265186e-13,2.888365040294328497e-13,2.771361578859529941e-13,3.147211040345588215e-13,3.038811076767364546e-13,3.454707635459567348e-13,3.038348927892876036e-13,2.647491053446844912e-13,2.788651641735689775e-13,2.703187201924053523e-13,2.959755630243593829e-13,4.222608576270333238e-13,5.468163297454549860e-13,2.495390801628466181e-13,2.698700614766628513e-13,2.933388356837264252e-13,3.059240359369354839e-13,3.252739568309036887e-13,2.892041796290804289e-13,2.966101409163269793e-13,2.519595796790992281e-13,2.547144966586200763e-13,3.302261685571282869e-13,4.660127320315755281e-13,8.119809022558875866e-13,2.121789646685983866e-13,2.271723754147623018e-13,2.484805145704997772e-13,2.588035254993077890e-13,2.830132876464217749e-13,2.895713199382333389e-13,2.574464068833643029e-13,2.372736365927580959e-13,2.501822914421874587e-13,2.840651674189895109e-13,4.112587370550883915e-13,5.167796821155158326e-13,2.068435885676841896e-13,2.056602438750691568e-13,2.208512250891639645e-13,2.492633695341177595e-13,2.835609002528023995e-13,2.602515401215174235e-13,2.672599387106060677e-13,2.734418411786074335e-13,2.870389919432961596e-13,4.216596598640935067e-13,6.284173410080890731e-13,1.681929494001421905e-13,1.915043342133992004e-13,2.400511511379705334e-13,2.457374375408172597e-13,2.834756358656217962e-13,2.563746180112134987e-13,3.080208777883150100e-13,3.716102225902249637e-13,4.065472520091091694e-13,5.329810318355247306e-13,2.879616384006119286e-13,3.301295151983847807e-13,3.592015893845234548e-13,3.764516682505784268e-13,4.046440421344466846e-13,4.892202036220416680e-13,6.982707561325749313e-13,2.048972510630233894e-12,5.674186736968105310e-13,5.189309180167322724e-13
2.782170292100184246e-13,3.902389279625727555e-13,3.149380298637702423e-13,3.138759149915386210e-13,3.425375411694027471e-13,3.118802168056376582e-13,2.960753585939923967e-13,3.396155238937161709e-13,2.598920964257849019e-13,2.590771193791563765e-13,2.244235326555117187e-13,2.934835217577493605e-13,2.816046844511081992e-13,3.197900204002128055e-13,3.087814728567478367e-13,3.510503339326349709e-13,3.087899108731335334e-13,2.690383699694180067e-13,2.833849566908462544e-13,2.746843422436056347e-13,3.007530165691288554e-13,4.291038263285886273e-13,5.557155105866268494e-13,2.535751469285263621e-13,2.742573078642271575e-13,2.980849182894329538e-13,3.108815983380019943e-13,3.305646489866019832e-13,2.938917142895198834e-13,3.014068498309750771e-13,2.560636198438012504e-13,2.588584849320047676e-13,3.356850442419417616e-13,4.736471385177440322e-13,8.251598179550565973e-13,2.156367887303510295e-13,2.308698286151630845e-13,2.525607764990531469e-13,2.631769884867828228e-13,2.878521781045557298e-13,2.942971909241408636e-13,2.616438642733099306e-13,2.411241429508654302e-13,2.542678715484999067e-13,2.888211536691593669e-13,4.184244804756702006e-13,5.257200481833820613e-13,2.102277998147381456e-13,2.090056605537434331e-13,2.244829985648254650e-13,2.533699089313365570e-13,2.882214117376352945e-13,2.645004553413630944e-13,2.716503350578035167e-13,2.779243599484335523e-13,2.917347984532105783e-13,4.286748428239056702e-13,6.394028353727648057e-13,1.709343093140254427e-13,1.946450349108614189e-13,2.440669951033420722e-13,2.497898189619012014e-13,2.881992464889728151e-13,2.605841852255740907e-13,3.131129672712587135e-13,3.780526882071767451e-13,4.132900139264396005e-13,5.418236795544167785e-13,2.927345227733338880e-13,3.361171240009103565e-13,3.656936752107670042e-13,3.831120026637698818e-13,4.125527400506557052e-13,4.975274530552731227e-13,7.097114320001264265e-13,2.229497409161492850e-12,5.785835891716720347e-13,5.286296822993601518e-13
2.826382525960747423e-13,3.964153208746024627e-13,3.199234537253093539e-13,3.188528576612761806e-13,3.479642824581828211e-13,3.168306006047767844e-13,3.007961755374281942e-13,3.450506370502823314e-13,2.640570732677201338e-13,2.632070739893193590e-13,2.279952621915370890e-13,2.981317634870868535e-13,2.860755640898950493e-13,3.248609507511010334e-13,3.136845084928710580e-13,3.566339914277671194e-13,3.137540565062640979e-13,2.733323137264973374e-13,2.879098993030664822e-13,2.790531018477121484e-13,3.055336169022243996e-13,4.359545913837618099e-13,5.646292690248287090e-13,2.576148171846648000e-13,2.786510679731286094e-13,3.028354508785774363e-13,3.158447327879667549e-13,3.358635405076442240e-13,2.985846152182931700e-13,3.062077875630407148e-13,2.601746417422203510e-13,2.630089717620244346e-13,3.411618344727915710e-13,4.812995283410286468e-13,8.383566374935462866e-13,2.191006746836346483e-13,2.345732432151194226e-13,2.566515698904449963e-13,2.675739680382562272e-13,2.927220595105147077e-13,2.990321431895895927e-13,2.658489157722993426e-13,2.449795745655752731e-13,2.583615647180765478e-13,2.935986540923738031e-13,4.256472915704059063e-13,5.347266287824264869e-13,2.136194104554406725e-13,2.123562483702926063e-13,2.281246839565754727e-13,2.574884568641356251e-13,2.928944143192945967e-13,2.687576919392861289e-13,2.760522588122445650e-13,2.824176494240910271e-13,2.964408607228396025e-13,4.357176034100362357e-13,6.504788892873204465e-13,1.736805003724247512e-13,1.977934005410884565e-13,2.481006793503970025e-13,2.538544553344808211e-13,2.929420755414278267e-13,2.648045872263882678e-13,3.182217836097066248e-13,3.845438630607558583e-13,4.200572026164539945e-13,5.506987737209535660e-13,2.975243056880660695e-13,3.421700216835780244e-13,3.722549897212830748e-13,3.898331429473421455e-13,4.205901786963721101e-13,5.058831488979531487e-13,7.211794672844745151e-13,2.435910964483105356e-12,5.899409003897534521e-13,5.384540843149640024e-13
2.870565360082934734e-13,4.025846534129835031e-13,3.249032329622606431e-13,3.238251872042428374e-13,3.533854466132044737e-13,3.217770149406559319e-13,3.055157426760471986e-13,3.504866685497438848e-13,2.682233629618941043e-13,2.673358051434699855e-13,2.315652318987413012e-13,3.027750330842720063e-13,2.905429680958665300e-13,3.299272148156549614e-13,3.185838351198094317e-13,3.622145904770231772e-13,3.187215425058460029e-13,2.776255992404904598e-13,2.924343918144948157e-13,2.834193951022903260e-13,3.103112029345221813e-13,4.428046930947293441e-13,5.735470743096055384e-13,2.616529834286242031e-13,2.830460596405867099e-13,3.075844540728854024e-13,3.208072913289655114e-13,3.411643016497073150e-13,3.032770779125681903e-13,3.110068828380505837e-13,2.642877912842380223e-13,2.671610013155003221e-13,3.466508913282323146e-13,4.889613825907605742e-13,8.515554627133074480e-13,2.225665478476085524e-13,2.382782116931659389e-13,2.607484106426478923e-13,2.719906817845571149e-13,2.976191180824012222e-13,3.037706924474246174e-13,2.700566418055302607e-13,2.488352127701682154e-13,2.624586520070924677e-13,2.983932392015413724e-13,4.329223109994752435e-13,5.437930393175918539e-13,2.170145738536762210e-13,2.157079958476092176e-13,2.317723374428741186e-13,2.616146284865775679e-13,2.975748315985036273e-13,2.730183319234752964e-13,2.804609045298113909e-13,2.869167114637412822e-13,3.011518473058267429e-13,4.427810840331976794e-13,6.616382919103349903e-13,1.764282922160261798e-13,2.009459353682945170e-13,2.521484343279035104e-13,2.579270555255129816e-13,2.976995481116758847e-13,2.690311956234899705e-13,3.233420576718163283e-13,3.910791996899760268e-13,4.268420494231544106e-13,5.595974927866873152e-13,3.023261513289967026e-13,3.482852395560705041e-13,3.788822244218199058e-13,3.966110726516949041e-13,4.287545745625066592e-13,5.142804230664054897e-13,7.326621826158420787e-13,2.673573545258399100e-12,6.014884576729415071e-13,5.484004426010501878e-13
2.914658082791919516e-13,4.087381401849707821e-13,3.298702731839740832e-13,3.287859331019723000e-13,3.587933773576827071e-13,3.267125935149647989e-13,3.102277766724783282e-13,3.559166270092960578e-13,2.723856602444656089e-13,2.714577990469304941e-13,2.351285975975343150e-13,3.074067459333676002e-13,2.950007038313853407e-13,3.349817152442961141e-13,3.234726757175541027e-13,3.677845424329744505e-13,3.236862221612482613e-13,2.819125575213774282e-13,2.969524864347388782e-13,2.877772690168251710e-13,3.150792300708407758e-13,4.496451508953255071e-13,5.824577514184966488e-13,2.656842201218656635e-13,2.874366726779819772e-13,3.123255772839353497e-13,3.257627449850547554e-13,3.464602107231779178e-13,3.079629378158609281e-13,3.157976873754848874e-13,2.683979122960643896e-13,2.713093096320973545e-13,3.521462055905604480e-13,4.966236539423872735e-13,8.647394390219867678e-13,2.260300793265993344e-13,2.419800520015070506e-13,2.648465319569569426e-13,2.764230798734205134e-13,3.025392519849737772e-13,3.085070131484180744e-13,2.742618164670341416e-13,2.526860453954251551e-13,2.665541199697820841e-13,3.032001807320884700e-13,4.402442660627078807e-13,5.529123793918048669e-13,2.204092020798590240e-13,2.190566414261406367e-13,2.354217653548883008e-13,2.657437602136414724e-13,3.022572670334881527e-13,2.772771506499811745e-13,2.848711638231190525e-13,2.914162343850609996e-13,3.058620938066233688e-13,4.498579797257946240e-13,6.728732082689372153e-13,1.791742523761340291e-13,2.040989231987141448e-13,2.562062366451044191e-13,2.620030547861950979e-13,3.024667870769869696e-13,2.732590904041106353e-13,3.284681828206750971e-13,3.976537764256136609e-13,4.336373491610706794e-13,5.685104488452710364e-13,3.071349120128020630e-13,3.544594666331333193e-13,3.855717001618019742e-13,4.034413939582947637e-13,4.370436841108653674e-13,5.227119127238927043e-13,7.441461218634963104e-13,2.949338693326186950e-12,6.132234617184832164e-13,5.584645312916332925e-13
2.958596465709043059e-13,4.148664865815050094e-13,3.348170667481204342e-13,3.337277203232754405e-13,3.641799741298182689e-13,3.316300725015125864e-13,3.149256318224621513e-13,3.613331191158174141e-13,2.765383533030337738e-13,2.755672231352059452e-13,2.386802340365673957e-13,3.120199335973264094e-13,2.994422195704561884e-13,3.400169429605967138e-13,3.283438608774371654e-13,3.733358215994573875e-13,3.286415935068694969e-13,2.861871922578503985e-13,3.014578922993942066e-13,2.921204260128164354e-13,3.198307752154953972e-13,4.564664712741401791e-13,5.913494910017629050e-13,2.697027879488177248e-13,2.918169729754295410e-13,3.170521036106625060e-13,3.307041888031279257e-13,3.517441591097702230e-13,3.126356750232455686e-13,3.205733808655094970e-13,2.724995501278830545e-13,2.754483284016961021e-13,3.576414087063357327e-13,5.042767728159355188e-13,8.778907732826721261e-13,2.294866889065254845e-13,2.456738108682253716e-13,2.689408868310604628e-13,2.808668423444555406e-13,3.074780660583350152e-13,3.132349424228364634e-13,2.784589111052197896e-13,2.565267704715965809e-13,2.706426639416223956e-13,3.080144506993870253e-13,4.476074578383207627e-13,5.620772188541275938e-13,2.237989683855472978e-13,2.223976764774114314e-13,2.390685261883241812e-13,2.698709117079039440e-13,3.069360066546022089e-13,2.815286202794780798e-13,2.892776279876329866e-13,2.959105960037091528e-13,3.105656064224243916e-13,4.569405391210471894e-13,6.841751577063563298e-13,1.819147486808616900e-13,2.072484294446504983e-13,2.602698085215386837e-13,2.660776166513786187e-13,3.072386131465614225e-13,2.774830625207395908e-13,3.335942167112205268e-13,4.042622869004720167e-13,4.404354618500132435e-13,5.774276906205967920e-13,3.119451303766425903e-13,3.606890304138958909e-13,3.923193471028589914e-13,4.103193118461458552e-13,4.454547595224165767e-13,5.311697543014445060e-13,7.556170625794209367e-13,3.272090867701434616e-12,6.251423965007829358e-13,5.686415419957904120e-13
3.002312867361614700e-13,4.209599046340065479e-13,3.397357048995667319e-13,3.386427815640835169e-13,3.695367055691503596e-13,3.365218023876028098e-13,3.196023111361242631e-13,3.667283621214152838e-13,2.806755325460967172e-13,2.796579355213432445e-13,2.422147429418984081e-13,3.166072550817096033e-13,3.038606149501011286e-13,3.450249897051376279e-13,3.331898407763465122e-13,3.788599791520927089e-13,3.335808097244252852e-13,2.904431895723579894e-13,3.059439858174533292e-13,2.964422342240901005e-13,3.245585483235391115e-13,4.632586645337667400e-13,6.002098712887659835e-13,2.737026428649656630e-13,2.961807120289093961e-13,3.217569610542218758e-13,3.356243534607150951e-13,3.570086631196947412e-13,3.172884250983695197e-13,3.253267823941755174e-13,2.765869601370794158e-13,2.795721937400811466e-13,3.631297806861111820e-13,5.119106631485879214e-13,8.909907742788443794e-13,2.329315518858324363e-13,2.493542713897657603e-13,2.730261549729774277e-13,2.853173801221757297e-13,3.124308702076695593e-13,3.179479897473385747e-13,2.826421028684762647e-13,2.603518046035804247e-13,2.747186960261236877e-13,3.128307248907750061e-13,4.550057528451960291e-13,5.712795913740633711e-13,2.271793133084497521e-13,2.257263521189834878e-13,2.427079363475503052e-13,2.739908721746937612e-13,3.116050269947929778e-13,2.857669182046835455e-13,2.936745954802089273e-13,3.003938717705094877e-13,3.152560710169259949e-13,4.640205726884528705e-13,6.955350015545527000e-13,1.846459544362291094e-13,2.103903063472161890e-13,2.643346205724687069e-13,2.701456388198667539e-13,3.120095495079585426e-13,2.816976210924550728e-13,3.387138885849654123e-13,4.108990340340720822e-13,4.472283217953966336e-13,5.863387157601471650e-13,3.167510471104146096e-13,3.669698799519142419e-13,3.991206872450490541e-13,4.172396219412821189e-13,4.539845048478779974e-13,5.396455843694476343e-13,7.670600434495456156e-13,3.653527514917716716e-12,6.372409637758101453e-13,5.789260519539993036e-13
3.045736378474859973e-13,4.270081349781920262e-13,3.446178949980927553e-13,3.435229743076347167e-13,3.748546282697750946e-13,3.413797646861577509e-13,3.242504813071267893e-13,3.720942003873482073e-13,2.847910027065650676e-13,2.837234979597641968e-13,2.457264643117811896e-13,3.211610125684891770e-13,3.082486558470994845e-13,3.499975652577706137e-13,3.380027015658362562e-13,3.843481617691328392e-13,3.384966928984706025e-13,2.946739313387906928e-13,3.104038246780843246e-13,3.007357416744672812e-13,3.292549081574419808e-13,4.700112672872195996e-13,6.090258861546718461e-13,2.776774489333245754e-13,3.005213397992284644e-13,3.264327376968041790e-13,3.405156208098957518e-13,3.622458796119301957e-13,3.219139936377000050e-13,3.300503658997801717e-13,2.806541191983813445e-13,2.836747581032111843e-13,3.686042606098853345e-13,5.195147624423356536e-13,9.040199015993039966e-13,2.363596085627889041e-13,2.530159634878424308e-13,2.770967522103144874e-13,2.897698372427175402e-13,3.173926786663294846e-13,3.226393497979146417e-13,2.868052862618941664e-13,2.641552945026986799e-13,2.787763559279745753e-13,3.176433880050105097e-13,4.624325751523017542e-13,5.805109878080335801e-13,2.305454531453400024e-13,2.290376887181667136e-13,2.463350781291054337e-13,2.780981689703795646e-13,3.162580056664490867e-13,2.899859384132866981e-13,2.980560819801940935e-13,3.048598456636872809e-13,3.199268651842378799e-13,4.710894636708202952e-13,7.069429293940757921e-13,1.873638559279930127e-13,2.135202003559217189e-13,2.683958963198064113e-13,2.742017614140455360e-13,3.167738283454607593e-13,2.858970031519552739e-13,3.438206089675013574e-13,4.175579244589028150e-13,4.540074493933475798e-13,5.952324869429935203e-13,3.215466113035648730e-13,3.732975683732257385e-13,4.059708164571353175e-13,4.241966982389771704e-13,4.626290289164278340e-13,5.481305423045795477e-13,7.784593971622845646e-13,4.109323315647781696e-12,6.495140111422355513e-13,5.893119876078634395e-13
3.088793056801000188e-13,4.330004835186998932e-13,3.494549885014200105e-13,3.483598086732672373e-13,3.801244178637766713e-13,3.461955988014849279e-13,3.288624982481216361e-13,3.774221340257233312e-13,2.888783026291888363e-13,2.877571974846640952e-13,2.492094948758213045e-13,3.256731777046233004e-13,3.125987980697072107e-13,3.549260268555213221e-13,3.427741932740403160e-13,3.897911437239500226e-13,3.433817584338667791e-13,2.988725176117675266e-13,3.148301716940344306e-13,3.049937000991441509e-13,3.339118890236622626e-13,4.767133797368447541e-13,6.177839947349506754e-13,2.816205985431892442e-13,3.048320267440020594e-13,3.310717075920012836e-13,3.453700506720052860e-13,3.674476334913614450e-13,3.265048812004294073e-13,3.347362865414460244e-13,2.846947453969099187e-13,2.877496105765635851e-13,3.740574679928672837e-13,5.270780591085464670e-13,9.169578502242129327e-13,2.397655798467631863e-13,2.566531813825695677e-13,2.811468474875092358e-13,2.942190999538869203e-13,3.223582165223668992e-13,3.273019252283983090e-13,2.909420930866093955e-13,2.679311361713939513e-13,2.828095297287494380e-13,3.224465470801789906e-13,4.698809080834594908e-13,5.897623660063792911e-13,2.338923943355383501e-13,2.323264914634614238e-13,2.499448139675581495e-13,2.821870836969005835e-13,3.208883411295955320e-13,2.941793113123656123e-13,3.024158389163083566e-13,3.093020299540657330e-13,3.245710799643905984e-13,4.781381924950411845e-13,7.183884661438292021e-13,1.900642639019315281e-13,2.166335644627655943e-13,2.724486224530302451e-13,2.782403818271812786e-13,3.215254058164371169e-13,2.900751913648527384e-13,3.489074893433773853e-13,4.242324723704816049e-13,4.607639765977349164e-13,6.040974652926711738e-13,3.263254964276934096e-13,3.796672412937525630e-13,4.128643927976746264e-13,4.311844894422810182e-13,4.713838022270837634e-13,5.566152864405615824e-13,7.897988112287488571e-13,4.660910156089791178e-12,6.619554682791441456e-13,5.997925926886213469e-13
3.131406115830169430e-13,4.389258466973384817e-13,3.542380028035553840e-13,3.531444670396249579e-13,3.853363920394407685e-13,3.509606238224877067e-13,3.334304233196205185e-13,3.827033352913210177e-13,2.929307200859567243e-13,2.917520617175059449e-13,2.526577026877345191e-13,3.301354110775068530e-13,3.169032074145895491e-13,3.598013986657133867e-13,3.474957482873946917e-13,3.951793461290313832e-13,3.482282278769775962e-13,3.030317818592962618e-13,3.192155101360851856e-13,3.092085815842312941e-13,3.385212185094666945e-13,4.833536902547671705e-13,6.264701433145404374e-13,2.855252299715662815e-13,3.091056776086417032e-13,3.356658473002758967e-13,3.501793969069884066e-13,3.726054323625425280e-13,3.310532988397735462e-13,3.393763975180034308e-13,2.887023106130862088e-13,2.917900900328637516e-13,3.794817091168721828e-13,5.345891064138679287e-13,9.297835732179675532e-13,2.431439790500446883e-13,2.602599960314224321e-13,2.851703721511652317e-13,2.986597953510609293e-13,3.273219137414302360e-13,3.319283389253283530e-13,2.950459047547905659e-13,2.716729887065991310e-13,2.868118614289472482e-13,3.272340326677210428e-13,4.773432767094462194e-13,5.990241219331773559e-13,2.372149434946901610e-13,2.355873624230163653e-13,2.535317950659216271e-13,2.862516601580292069e-13,3.254891616335093057e-13,2.983404154589974694e-13,3.067473625912218785e-13,3.137136752650556326e-13,3.291815309332684765e-13,4.851573407874318416e-13,7.298604264616020153e-13,1.927428243300909987e-13,2.197256676107417094e-13,2.764875527962400012e-13,2.822556636832341773e-13,3.262579651567343903e-13,2.942259233486911438e-13,3.539673483653312071e-13,4.309157846072390708e-13,4.674886516950179685e-13,6.129216178590280334e-13,3.310810997487641522e-13,3.860736107765541032e-13,4.197956099853190171e-13,4.381964957436289558e-13,4.802435952168342063e-13,5.650899864884445056e-13,8.010613370503002976e-13,5.338283494985009681e-12,6.745582444148269307e-13,6.103603213393627086e-13
3.173496296676859286e-13,4.447727691325303558e-13,3.589576656603353975e-13,3.578678492223156657e-13,3.904805597289292866e-13,3.556658809909968290e-13,3.379460628854358104e-13,3.879286927271384612e-13,2.969413228416395082e-13,2.957008927452105763e-13,2.560647562325659373e-13,3.345391040069018549e-13,3.211537972532101299e-13,3.646144176921659751e-13,3.521585247897688390e-13,4.005028865665571837e-13,3.530280663818328550e-13,3.071443257492336976e-13,3.235520805870506449e-13,3.133726157491943249e-13,3.430743592173718723e-13,4.899205327379400996e-13,6.350698400864660897e-13,2.893842594527079841e-13,3.133349654236333990e-13,3.402068759214529842e-13,3.549351486533157602e-13,3.777105086892830285e-13,3.355512066245401603e-13,3.439622909397600855e-13,2.926700710147317036e-13,2.957893165378840805e-13,3.848690104059215876e-13,5.420360789924313893e-13,9.424754151535348369e-13,2.464891365093918434e-13,2.638302823582395185e-13,2.891610464331698872e-13,3.030863077543815886e-13,3.322779189504883896e-13,3.365109690014884535e-13,2.991098831120688385e-13,2.753743041821540158e-13,2.907767820306020832e-13,3.319994211031847189e-13,4.848117584768516297e-13,6.082861136306967301e-13,2.405077300151755071e-13,2.388147249646030620e-13,2.570904838388214108e-13,2.902857295935236963e-13,3.300533558768667329e-13,3.024624081993127898e-13,3.110439229469935577e-13,3.180878011317574129e-13,3.337507916051708764e-13,4.921371300950916012e-13,7.413469378285083540e-13,1.953950366544094877e-13,2.227916143374918887e-13,2.805072260092273910e-13,2.862415606301657917e-13,3.309649409495358718e-13,2.983427192225057944e-13,3.589927426363164528e-13,4.376005730368249509e-13,4.741718790792780060e-13,6.216924694858611259e-13,3.358065709522587212e-13,3.925109488828684032e-13,4.267581912539494411e-13,4.452257727747323847e-13,4.892024362649371213e-13,5.735443529402943521e-13,8.122294864336751014e-13,6.184588388009911089e-12,6.873141665293581269e-13,6.210068515872156018e-13
3.214982281572772906e-13,4.505295065807333222e-13,3.636044648664299789e-13,3.625206201278895429e-13,3.955466751918820368e-13,3.603021811059403536e-13,3.424010112927266789e-13,3.930888580662025050e-13,3.009029927740597307e-13,2.995963043588455453e-13,2.594241571551507615e-13,3.388754247696771024e-13,3.253422708986002296e-13,3.693555842453086711e-13,3.567534544827220029e-13,4.057516324435148895e-13,3.577730226049459221e-13,3.112025574915885959e-13,3.278319212168136652e-13,3.174778308507768439e-13,3.475625543018764116e-13,4.964019477198868399e-13,6.435682304720110289e-13,2.931904172637114600e-13,3.175123685718967467e-13,3.446862987914920565e-13,3.596285749110543943e-13,3.827538645320911193e-13,3.399903554239249054e-13,3.484853422839013265e-13,2.965911004068968079e-13,2.997402257579262706e-13,3.902111526549255056e-13,5.494068302599413119e-13,9.550112286132936307e-13,2.497952268704036719e-13,2.673577494810129265e-13,2.931124081123475968e-13,3.074927955238126210e-13,3.372201129214692372e-13,3.410419862787177725e-13,3.031270040451365773e-13,2.790283608497154438e-13,2.946975412693531392e-13,3.367360573235115884e-13,4.922779913578234071e-13,6.175376761256583997e-13,2.437652310883485459e-13,2.420028511745076207e-13,2.606151785321563290e-13,2.942829378107298251e-13,3.345736054357308759e-13,3.065382589041471559e-13,3.152985943203441378e-13,3.224172286892002551e-13,3.382712291027789139e-13,4.990674602158497525e-13,7.528354497997617576e-13,1.980162746067752488e-13,2.258263666759982786e-13,2.845019844439628352e-13,2.901918420203815480e-13,3.356395441747167648e-13,3.024189112835824579e-13,3.639759985657273256e-13,4.442791650301792119e-13,4.808037589506837908e-13,6.303971531786678782e-13,3.404948109215082082e-13,3.989730785106215901e-13,4.337453806331064344e-13,4.522649319942680272e-13,4.982535634740288589e-13,5.819676639819789431e-13,8.232853129940347709e-13,7.263939505171880903e-12,7.002139023593829847e-13,6.317229059719190030e-13
3.255781142032505407e-13,4.561840927631213471e-13,3.681687022350812862e-13,3.670932608765478538e-13,4.005242957520031117e-13,3.648601558906393110e-13,3.467866952276724265e-13,3.981742937749127206e-13,3.048084623424428049e-13,3.034307614463698963e-13,2.627292755196701794e-13,3.431353681797733132e-13,3.294601679651873403e-13,3.740152142399519201e-13,3.612712920240204779e-13,4.109152555166017144e-13,3.624546684558916565e-13,3.151987316165775129e-13,3.320469092339749113e-13,3.215160968769131539e-13,3.519768750003963178e-13,5.027857454140126295e-13,6.519501699024780321e-13,2.969362872253397087e-13,3.216302087210130883e-13,3.490954524051928203e-13,3.642507698665573375e-13,3.877263162224406874e-13,3.443623298203232149e-13,3.529367562879697855e-13,3.004583245662927627e-13,3.036356044300497722e-13,3.954997032440245565e-13,5.566889460096022919e-13,9.673684759420727634e-13,2.530562983357215123e-13,2.708359723814028409e-13,2.970178413854154101e-13,3.118732063381734910e-13,3.421421197365435466e-13,3.455133917503005113e-13,3.070900918222538767e-13,2.826282979781054312e-13,2.985672400430008218e-13,3.414370758551938180e-13,4.997331773039081810e-13,6.267676269126156621e-13,2.469817980923745424e-13,2.451458910570580537e-13,2.641000385082779106e-13,2.982367722663190377e-13,3.390424166384394502e-13,3.105607827569652414e-13,3.195042859842323745e-13,3.266946132079663686e-13,3.427350395503010144e-13,5.059379437858405762e-13,7.643127282448097823e-13,2.006018096846451546e-13,2.288247678677060100e-13,2.884659933678851594e-13,2.941001196876011432e-13,3.402747857576939460e-13,3.064476737318307859e-13,3.689092425777760783e-13,4.509435092504004690e-13,4.873741230667029413e-13,6.390224557810942537e-13,3.451384795226259629e-13,4.054533610247172952e-13,4.407499306627553579e-13,4.593061366981790371e-13,5.073893699663955066e-13,5.903487868246566189e-13,8.342104817459812231e-13,8.675457743840948248e-12,7.132468690820827489e-13,6.424981419487860216e-13
3.295808860261156123e-13,4.617244158589566060e-13,3.726405558263325028e-13,3.715761262676208689e-13,4.054028487198498502e-13,3.693303166601273591e-13,3.510944252820152757e-13,4.031753280854709588e-13,3.086503570188097586e-13,3.071966259257667830e-13,2.659733908976769436e-13,3.473098133914809342e-13,3.334989175143481947e-13,3.785834998533202275e-13,3.657026723724505617e-13,4.159832950756919277e-13,3.670644453430616018e-13,3.191249951015244779e-13,3.361888089905155295e-13,3.254791756100253765e-13,3.563082759716479663e-13,5.090595768065212713e-13,6.602003035987947845e-13,3.006143519455699531e-13,3.256806948685251740e-13,3.534255565231453973e-13,3.687927054706482729e-13,3.926185462117962980e-13,3.486585979812643522e-13,3.573076202834727548e-13,3.042645611718072041e-13,3.074681315724942475e-13,4.007260540589790945e-13,5.638698051641406519e-13,9.795243116551229689e-13,2.562663069202842472e-13,2.742584286801018916e-13,3.008706106622224394e-13,3.162212964315347421e-13,3.470373217813422656e-13,3.499170601874462622e-13,3.109918590280292710e-13,2.861671562724836774e-13,3.023788681647278358e-13,3.460954263709497743e-13,5.071680884227125572e-13,6.359642737040160802e-13,2.501516874540541803e-13,2.482379064297198954e-13,2.675391138682586985e-13,3.021405939200315616e-13,3.434521579539358681e-13,3.145226801072110982e-13,3.236537779436307544e-13,3.309124821343145077e-13,3.471342893506902083e-13,5.127379462065292356e-13,7.757648491138043028e-13,2.031468386560408354e-13,2.317815701595399418e-13,2.923932641037363926e-13,2.979598793221035221e-13,3.448635048773818343e-13,3.104220574730983945e-13,3.737844368023201927e-13,4.575851849392959283e-13,4.938725763002762918e-13,6.475548678242505846e-13,3.497300328999100635e-13,4.119446856834970764e-13,4.477640917708914659e-13,4.663411003133564925e-13,5.166013476628847978e-13,5.986762020750163497e-13,8.449863313893263359e-13,1.058011306197535503e-11,7.264011364817932381e-13,6.533211040458180412e-13
3.334981021650550394e-13,4.671383183066364479e-13,3.770101607413771813e-13,3.759595226352546854e-13,4.101717193611645370e-13,3.737031298614039723e-13,3.553154683075308254e-13,4.080822307282989340e-13,3.124212529050877051e-13,3.108862204906058499e-13,2.691497497875355257e-13,3.513896016060793546e-13,3.374499062547264884e-13,3.830505935770972477e-13,3.700381906796621508e-13,4.209452441598381248e-13,3.715937312245108495e-13,3.229734529971735951e-13,3.402493405037330323e-13,3.293587908080251516e-13,3.605476715523947977e-13,5.152110270702836000e-13,6.683031739151038611e-13,3.042170518353889789e-13,3.296559869856012338e-13,3.576677877644384587e-13,3.732453058910805227e-13,3.974211764903032072e-13,3.528705821962558691e-13,3.615889788044198139e-13,3.080025779622547128e-13,3.112304381919203536e-13,4.058814791756432008e-13,5.709366634230997177e-13,9.914556917355591745e-13,2.594191644113894660e-13,2.776185518769194130e-13,3.046639119291164061e-13,3.205306660133244712e-13,3.518988904474193179e-13,3.542448040912598033e-13,3.148249650627183284e-13,2.896379356855611375e-13,3.061253600824505367e-13,3.507039169799628880e-13,5.145730883101673316e-13,6.451154492693428229e-13,2.532691061294625376e-13,2.512729196329965907e-13,2.709263905962823068e-13,3.059876865399917402e-13,3.477951165263329317e-13,3.184165944931507177e-13,3.277397753818975822e-13,3.350632922548226470e-13,3.514609765292549601e-13,5.194566449092041362e-13,7.871772230468451208e-13,2.056465210678726090e-13,2.346914744276396108e-13,2.962776897732768069e-13,3.017645256481783095e-13,3.493984151417664779e-13,3.143350430289257160e-13,3.785934342730382450e-13,4.641954272220253968e-13,5.002885587436594040e-13,6.559806551979308428e-13,3.542618127789343329e-13,4.184394713951550513e-13,4.547796140655750038e-13,4.733611002857950853e-13,5.258800406824455327e-13,6.069380459610385488e-13,8.555939714831683841e-13,1.325636472222308579e-11,7.396633452040876038e-13,6.641785404292465457e-13
3.373212570229236821e-13,4.724135691429805073e-13,3.812676006439062654e-13,3.802337548836069164e-13,4.148202068695142151e-13,3.779689993616363701e-13,3.594409867327658447e-13,4.128851420754367608e-13,3.161136467097623301e-13,3.144917862960325880e-13,2.722515316252347042e-13,3.553654972499243129e-13,3.413044683224164115e-13,3.874065443132773686e-13,3.742683402404041624e-13,4.257904775330526299e-13,3.760337662019762659e-13,3.267361158587067539e-13,3.442201197517147013e-13,3.331465765556731770e-13,3.646858799613749655e-13,5.212275414105771087e-13,6.762430659333004803e-13,3.077367768515919163e-13,3.335481366999649496e-13,3.618132164955702227e-13,3.775993780990038611e-13,4.021246915976756326e-13,3.569895965582370269e-13,3.657717717934672531e-13,3.116650387882001008e-13,3.149150535793547069e-13,4.109570429520819191e-13,5.778765155010269776e-13,1.003139764351571876e-12,2.625087101315907855e-13,2.809096893707191222e-13,3.083908137045847217e-13,3.247946838923480395e-13,3.567197007782759289e-13,3.584883026007033525e-13,3.185819592508349210e-13,2.930335522115267849e-13,3.097995396916549059e-13,3.552551317559066307e-13,5.219379909444751327e-13,6.542083035029500767e-13,2.563281722124709432e-13,2.542448808065440769e-13,2.742557430761416875e-13,3.097711947431061411e-13,3.520634251561646460e-13,3.222350528585564814e-13,3.317548411403241738e-13,3.391393612556967437e-13,3.557069582798753393e-13,5.260829017143909640e-13,7.985342669690079160e-13,2.080959833075255360e-13,2.375491063000153683e-13,3.001130000373997674e-13,3.055073422467226869e-13,3.538720251884929171e-13,3.181794778009452953e-13,3.833278934523239703e-13,4.707650012437645653e-13,5.066112217412423077e-13,6.642856811069651248e-13,3.587265922218083347e-13,4.249295589019828816e-13,4.617876272209650374e-13,4.803568482494778009e-13,5.352148666188477924e-13,6.151219372743854942e-13,8.660144575550646327e-13,1.722848171040085339e-11,7.530183756180063330e-13,6.750611583802750410e-13
3.410419339975426379e-13,4.775380349670910550e-13,3.854030486152662294e-13,3.843891586070453581e-13,4.193377275058225046e-13,3.821184160910259898e-13,3.634622411551316224e-13,4.175742793077109104e-13,3.197200922056404965e-13,3.180056540741319855e-13,2.752720038934444707e-13,3.592283794720846785e-13,3.450540191019319549e-13,3.916415262784607563e-13,3.783837320680317268e-13,4.305084827172484489e-13,3.803758520729259931e-13,3.304050837816942977e-13,3.480928537738112255e-13,3.368342710201864172e-13,3.687138295192537560e-13,5.270966271895120597e-13,6.840042501225139541e-13,3.111659833212062108e-13,3.373492719874384579e-13,3.658530142823829985e-13,3.818458242217890924e-13,4.067196497876729832e-13,3.610070471970700268e-13,3.698470425807149690e-13,3.152446736310751060e-13,3.185145782227068125e-13,4.159437864264844639e-13,5.846763340062748444e-13,1.014552914189643244e-12,2.655288353772935104e-13,2.841252532086913598e-13,3.120444164505811567e-13,3.290066251004359016e-13,3.614924625782631962e-13,3.626392939731824108e-13,3.222554533128325855e-13,2.963469991721274409e-13,3.133942859057549657e-13,3.597415876795247971e-13,5.292521776425213984e-13,6.632294222874355267e-13,2.593230483378866763e-13,2.571478020721867043e-13,2.775210721995372509e-13,3.134842814625157863e-13,3.562492405314418413e-13,3.259706392616439231e-13,3.356915671780450816e-13,3.431330451685476159e-13,3.598641391157636457e-13,5.326054530011924991e-13,8.098195565632023897e-13,2.104903782660269848e-13,2.403491191580088333e-13,3.038928681249019443e-13,3.091816131889968430e-13,3.582767992213384323e-13,3.219482412947290756e-13,3.879794594250443460e-13,4.772843331679721733e-13,5.128296288549404771e-13,6.724556059742522265e-13,3.631165224017814541e-13,4.314062773302553776e-13,4.687787096033039796e-13,4.873185872083105696e-13,5.445941151508644125e-13,6.232151347729457303e-13,8.762282400784919955e-13,2.361056274422099947e-11,7.664493202450934558e-13,6.859534469561965729e-13
3.446518055658131702e-13,4.824996901018015347e-13,3.894067872637884556e-13,3.884161723820629134e-13,4.237138044691811103e-13,3.861419697922370039e-13,3.673705544862950266e-13,4.221398947515079127e-13,3.232331907328862341e-13,3.214202224574537802e-13,2.782045063365834971e-13,3.629692303739759251e-13,3.486900706248977959e-13,3.957458049281480211e-13,3.823750607438376101e-13,4.350888200553906092e-13,3.846113023941828582e-13,3.339725159992784041e-13,3.518593042562849807e-13,3.404136882734339349e-13,3.726225290731943764e-13,5.328058232751640790e-13,6.915708871474729885e-13,3.144972076513898913e-13,3.410515595663729980e-13,3.697784161445193663e-13,3.859755983705590264e-13,4.111966332912805898e-13,3.649143942017797761e-13,3.738059018294885032e-13,3.187342442076902028e-13,3.220216501905108612e-13,4.208326614664013298e-13,5.913229789737046268e-13,1.025671252808868601e-12,2.684734706955018902e-13,2.872586957116410341e-13,3.156178117554536114e-13,3.331596133719064708e-13,3.662096555431655990e-13,3.666895273904183350e-13,3.258380844643447532e-13,2.995713231094452495e-13,3.169024965436361320e-13,3.641556725420278244e-13,5.365044949888887145e-13,6.721646684402502488e-13,2.622479170655660628e-13,2.599757406232177386e-13,2.807162736501110234e-13,3.171200839159966643e-13,3.603446915150603129e-13,3.296159550226988887e-13,3.395425268806813836e-13,3.470366905773427156e-13,3.639244207089735699e-13,5.390128213607285812e-13,8.210155695050383220e-13,2.128249007187463393e-13,2.430861834266045564e-13,3.076108824635487227e-13,3.127806007940474944e-13,3.626050979956838261e-13,3.256342012821627640e-13,3.925397017114113328e-13,4.837434168626620943e-13,5.189326685076665918e-13,6.804757666783355722e-13,3.674236659120713142e-13,4.378603644463488339e-13,4.757428006719737326e-13,4.942359944867433083e-13,5.540048127052347115e-13,6.312044148966044635e-13,8.862154127830577438e-13,3.527292584470497664e-11,7.799372332246903745e-13,6.968392936314872766e-13
3.481442113221757660e-13,4.872896591835342868e-13,3.932712133459253538e-13,3.923073309609135488e-13,4.279404288151263543e-13,3.900323135543437021e-13,3.711590978041017337e-13,4.265746060742187705e-13,3.266469757656989365e-13,3.247293367098021883e-13,2.810434973225805240e-13,3.665808872563471918e-13,3.522058432544416633e-13,3.997118084631319807e-13,3.862350403351515945e-13,4.395236053042667866e-13,3.887333846065149847e-13,3.374321146535268744e-13,3.555129286187338696e-13,3.438782623621982445e-13,3.764049072053428139e-13,5.383463684835728666e-13,6.989331476185804716e-13,3.177243826320991370e-13,3.446487462698539037e-13,3.735825298902275144e-13,3.899816705084105642e-13,4.155484625213214107e-13,3.687049127148062869e-13,3.776413759309230973e-13,3.221278942766686400e-13,3.254303236180509424e-13,4.256168293932896634e-13,5.978076839344990915e-13,1.036483945736063172e-12,2.713375537540502915e-13,2.903046145448154370e-13,3.191054004788204553e-13,3.372480682076428530e-13,3.708652633906918727e-13,3.706325327211916650e-13,3.293239235729424922e-13,3.027008249298503830e-13,3.203184212495799572e-13,3.684913712683428532e-13,5.436869106844959879e-13,6.810049211666596950e-13,2.650979046469005007e-13,2.627237110743453667e-13,2.838362874488969673e-13,3.206730417498470127e-13,3.643435831635392545e-13,3.331650575511155789e-13,3.433017938354447551e-13,3.508442209092842661e-13,3.678814434796303511e-13,5.452970366825973401e-13,8.321122182472260972e-13,2.150954064502053106e-13,2.457557817670635560e-13,3.112617847741590223e-13,3.162988332356528231e-13,3.668508934107914343e-13,3.292316144376842402e-13,3.970021216761302486e-13,4.901347997032263338e-13,5.249125131006577958e-13,6.883370683706548878e-13,3.716418067220885478e-13,4.442844013439151679e-13,4.826720690331584891e-13,5.011012885486512457e-13,5.634365727668319774e-13,6.390811294218579286e-13,8.959656822171926433e-13,6.308509922278536226e-11,7.934687731662516034e-13,7.077075040373278030e-13
3.515752063638191857e-13,4.920218992146667737e-13,3.970687770966945865e-13,3.961348433588413320e-13,4.321042892207980028e-13,3.938607853185172734e-13,3.748924028017265730e-13,4.309651658683503026e-13,3.300106904909095185e-13,3.279814815489626106e-13,2.838244240205450757e-13,3.701257630663171466e-13,3.556587485249905618e-13,4.036147348549506896e-13,3.900336768120996869e-13,4.439049235396887352e-13,3.928136054327480600e-13,3.408365987301425007e-13,3.591126814956409405e-13,3.472827270056012462e-13,3.801272732088433358e-13,5.438592232700224549e-13,7.063337342547414647e-13,3.208936803266085114e-13,3.481961332855990546e-13,3.773307758439221461e-13,3.939357831852940802e-13,4.198573314365357556e-13,3.724423007589629418e-13,3.814203655944649119e-13,3.254735508730825279e-13,3.287895447755995469e-13,4.303831387218982595e-13,6.043063463553802130e-13,1.047535678366572309e-12,2.741541725864234745e-13,2.933013091738683086e-13,3.225543393667109219e-13,3.413252218118203335e-13,3.755243321425657215e-13,3.745329848831908359e-13,3.327632454140567090e-13,3.057773183957330463e-13,3.236894828713698357e-13,3.728128984139582810e-13,5.509440207175554841e-13,6.899809990976316041e-13,2.679045859256526686e-13,2.654225396869820790e-13,2.869178053243330938e-13,3.241908599354983164e-13,3.683084437431076862e-13,3.366695213641128215e-13,3.470244814858000227e-13,3.546133118837433091e-13,3.717989362547533834e-13,5.516037443157674390e-13,8.434578225247675140e-13,2.173217534025625439e-13,2.483846876591507592e-13,3.148903846968249610e-13,3.197825785880961879e-13,3.710777749596042612e-13,3.327908894713535027e-13,4.014417623010805934e-13,4.965750842029460087e-13,5.309037299403695494e-13,6.962751996063945001e-13,3.758361423093447407e-13,4.507728356746609148e-13,4.896789038960289254e-13,5.080364111944911649e-13,5.730428441924244730e-13,6.470475850783410862e-13,9.058838801166900534e-13,2.790700936455683214e-10,8.073562518116343524e-13,7.188062202964669465e-13
3.545335820771777371e-13,4.958951637653342771e-13,4.002760262306703835e-13,3.993776652600744357e-13,4.355863063930483794e-13,3.971122842435117224e-13,3.781033698592317332e-13,4.346954830437974739e-13,3.329615557731252440e-13,3.308183251046579773e-13,2.862781812247158878e-13,3.731485181832128893e-13,3.586280504371784265e-13,4.069138742363553254e-13,3.932657506709577490e-13,4.475795740966009890e-13,3.963393360347371165e-13,3.437992551179051686e-13,3.622296409119980047e-13,3.502257584020678701e-13,3.833095358817415383e-13,5.483661892468404976e-13,7.121262821597752731e-13,3.236619583075245063e-13,3.512902290531994804e-13,3.805500154053313821e-13,3.973225537291891246e-13,4.235382381519647586e-13,3.756654750817510988e-13,3.846595094789286183e-13,3.284182287348183231e-13,3.317391802581030999e-13,4.345164642256647876e-13,6.096116219835465454e-13,1.055216028601345012e-12,2.766720461274322313e-13,2.959615781635788932e-13,3.256177540160837433e-13,3.450022348665104994e-13,3.797164892825220301e-13,3.779245059100926298e-13,3.357872044419277041e-13,3.084889245693194240e-13,3.266664830679087756e-13,3.766573338884868450e-13,5.572670271561860215e-13,6.975147861424837868e-13,2.704278559931845165e-13,2.678365438475301900e-13,2.896857489698831862e-13,3.273230973994568767e-13,3.717879677493580507e-13,3.397518423696525465e-13,3.503095734555173860e-13,3.579254140903856386e-13,3.752171931122169757e-13,5.569249779991651087e-13,8.526964555174107678e-13,2.193451736762665724e-13,2.507661493873083197e-13,3.181655455539699441e-13,3.228907645703358213e-13,3.748272486135749720e-13,3.359429858405415857e-13,4.053229375941049344e-13,5.022440522691563531e-13,5.359724125566472978e-13,7.026878913966742911e-13,3.795365625721972076e-13,4.566467525423547790e-13,4.959632713822174591e-13,5.141818472201323178e-13,5.817241756589887589e-13,6.537169749081862195e-13,9.132653158868513607e-13,2.109457033190903456e-05,8.194246532890308811e-13,7.284148794382477853e-13
3.566822158296940997e-13,4.982566630213722141e-13,4.024651118069413988e-13,4.016096708985470674e-13,4.378808763162958292e-13,3.993653129520314491e-13,3.804089895290564861e-13,4.372606052715728086e-13,3.352010095671558158e-13,3.329455692503180293e-13,2.881835497433798563e-13,3.752765613901526548e-13,3.607689861000672001e-13,4.091671810636765077e-13,3.955178464725681340e-13,4.500136380401401528e-13,3.988892152901348125e-13,3.460025116249703174e-13,3.645117426443168292e-13,3.523782825725165747e-13,3.855585308856216747e-13,5.510691291988688480e-13,7.149724406302113057e-13,3.257473285097858749e-13,3.535993075604542527e-13,3.828524071257553653e-13,3.997194722869060923e-13,4.261112728635706142e-13,3.779961272308305728e-13,3.869627016350963004e-13,3.306712594737045621e-13,3.339828543751301037e-13,4.375091093350051424e-13,6.127361513814330943e-13,1.056624511910141236e-12,2.786837819499569039e-13,2.980487160012043002e-13,3.280090392920304359e-13,3.479545679977321016e-13,3.830480585977376565e-13,3.804234057223143615e-13,3.380920313805757786e-13,3.105790281087361062e-13,3.289615506281826161e-13,3.796400235688589968e-13,5.618117437931951485e-13,7.022950395363331879e-13,2.724692121175302428e-13,2.697713167385909129e-13,2.919124003357952290e-13,3.297798429400015050e-13,3.744097241716816706e-13,3.421009940738843202e-13,3.528259655918394840e-13,3.604353290857012718e-13,3.777576109219126962e-13,5.604301384982090340e-13,8.578742938620499681e-13,2.210343178318616170e-13,2.527289068096424621e-13,3.208115691237729699e-13,3.253410131107150435e-13,3.777189771385223404e-13,3.383831069575286077e-13,4.082030777642622911e-13,5.064551016820126486e-13,5.393493689173166236e-13,7.062624553267031267e-13,3.823539103877548434e-13,4.613293461577695237e-13,5.008470491864623594e-13,5.188140496663172423e-13,5.885306640646404986e-13,6.579419905088152124e-13,9.159195758514105380e-13,8.267232973498945907e-05,8.278046734056534339e-13,7.350744085824275235e-13
3.590525377545959543e-13,5.011244924994601896e-13,4.049501868453090759e-13,4.041397203158678152e-13,4.405449301787686719e-13,4.019141715554751705e-13,3.829833719546606409e-13,4.402140255481272146e-13,3.376398341160142824e-13,3.352615088309450652e-13,2.902125000030725050e-13,3.776517525699268856e-13,3.631368047853050489e-13,4.117332966501162167e-13,3.980592535600326768e-13,4.528524868663084197e-13,4.017550210647020212e-13,3.484168868242839773e-13,3.670366551282755452e-13,3.547468694833952623e-13,3.880802812868657386e-13,5.544405952337321489e-13,7.190451804592311831e-13,3.280095146238214164e-13,3.561372984319004160e-13,3.854272188419674132e-13,4.024235297986643943e-13,4.290513944978083022e-13,3.805935289374658590e-13,3.895449742262157725e-13,3.331188236406839884e-13,3.364246553343308087e-13,4.409160067865381231e-13,6.167400785600816542e-13,1.060915534430574818e-12,2.808178177317004398e-13,3.002819622637970522e-13,3.306000394146111546e-13,3.511625358694074350e-13,3.867073328602996700e-13,3.832041187809299892e-13,3.406043260543657428e-13,3.128288624078834025e-13,3.314516923198557478e-13,3.829295459319475658e-13,5.671412289169112820e-13,7.083377800271878674e-13,2.746292125903734824e-13,2.718155151567217494e-13,2.942874818095516479e-13,3.324423426035156400e-13,3.773110433970565441e-13,3.446657861290026368e-13,3.555830941455893881e-13,3.631967570810324276e-13,3.805781332825914904e-13,5.646759157584082567e-13,8.649937897195324777e-13,2.227835923616765393e-13,2.547892613668860989e-13,3.236616714159815161e-13,3.279909252803332743e-13,3.809099700253768172e-13,3.410393880347754757e-13,4.114349128160775091e-13,5.112894982778790810e-13,5.434019713719169851e-13,7.110689917580304838e-13,3.854744899235117026e-13,4.665409306590902025e-13,5.063601865395152558e-13,5.241149345748658961e-13,5.962553219355339813e-13,6.632485870497593106e-13,9.207138629216648390e-13,1.278544173733491788e-04,8.380420341440651423e-13,7.431681365048686925e-13
3.614832104998841725e-13,5.041820063675284360e-13,4.075246144003881867e-13,4.067625665203692365e-13,4.433345725066164193e-13,4.045564233863863068e-13,3.856436442959261218e-13,4.433155437300970021e-13,3.401368290733535748e-13,3.376258347301231821e-13,2.922593095134060511e-13,3.800945495876060868e-13,3.655661966449819451e-13,4.143990971183077404e-13,4.006911802281650257e-13,4.558397890413303901e-13,4.047375116380478406e-13,3.508910411239381669e-13,3.696366088250329247e-13,3.571738841614942053e-13,3.906862395280663941e-13,5.580981308712657302e-13,7.237008988272896782e-13,3.303142416837192475e-13,3.587468397288640636e-13,3.880890522675913220e-13,4.052331730431173538e-13,4.321307573672866765e-13,3.832774091915676278e-13,3.922168829063982138e-13,3.356234588797201712e-13,3.389241990721246224e-13,4.445004278829924376e-13,6.211553600740677817e-13,1.066662800845432124e-12,2.829763582089973334e-13,3.025493401369582700e-13,3.332564820242567286e-13,3.544778412691238725e-13,3.905158725985713698e-13,3.860854390185297426e-13,3.431805825847232582e-13,3.151165282093408068e-13,3.340012048881558506e-13,3.863488042979759152e-13,5.728756477736839645e-13,7.150455743034611529e-13,2.768145452386927676e-13,2.738771352189028502e-13,2.967045195522449554e-13,3.351752268831136834e-13,3.803175032901839007e-13,3.472995090347243956e-13,3.584258467887751495e-13,3.660475901123747708e-13,3.835004752446596720e-13,5.692756755850886177e-13,8.731640369908030797e-13,2.245310451129170309e-13,2.568670450404643646e-13,3.265890905329041672e-13,3.307090332807356311e-13,3.842244346476993828e-13,3.437689931616656517e-13,4.148122417067380825e-13,5.164379787404636871e-13,5.477713959782351368e-13,7.164902954179930217e-13,3.887176808083542739e-13,4.720283076069182958e-13,5.122043701469219351e-13,5.297620514916331583e-13,6.044959009486765567e-13,6.691091269616568670e-13,9.265918477021042243e-13,1.551045703699595801e-04,8.493438092989752876e-13,7.520581080107721198e-13
3.640013990256867204e-13,5.074821948870744876e-13,4.102225962819727190e-13,4.095126554898457128e-13,4.462905973481688693e-13,4.073262132666226278e-13,3.884216625417607316e-13,4.466081234942808494e-13,3.427168091939446372e-13,3.400626043810324164e-13,2.943416310946807533e-13,3.826346354573734104e-13,3.680848446730785851e-13,4.172005872862111876e-13,4.034474748039456932e-13,4.590199210303018309e-13,4.078729577281837180e-13,3.534512881830167335e-13,3.723409997527200291e-13,3.596862034801999424e-13,3.934086156804957668e-13,5.621095225021193696e-13,7.290562095723391806e-13,3.326842461313770290e-13,3.614558961378060872e-13,3.908701656547400554e-13,4.081839195979284105e-13,4.353904489738247766e-13,3.860794278704968414e-13,3.950112753060922474e-13,3.382096585414551202e-13,3.415063810997366207e-13,4.483078518746106911e-13,6.260696070427786555e-13,1.074112401078551356e-12,2.851763914206124833e-13,3.048704632740261367e-13,3.360030609171688275e-13,3.579298108555045227e-13,3.945099970661104278e-13,3.891003689479458138e-13,3.458465481798785385e-13,3.174631624319005288e-13,3.366345332565393697e-13,3.899325639605465073e-13,5.790968212048089269e-13,7.225466550109115882e-13,2.790417094885602939e-13,2.759720001929649476e-13,2.991828791708473917e-13,3.380036725926403444e-13,3.834616845026624097e-13,3.500286779448683133e-13,3.613830105370559205e-13,3.690177497109757940e-13,3.865574205659020106e-13,5.743055496030212206e-13,8.825784436715852286e-13,2.262869561220663986e-13,2.589762902589285062e-13,3.296180713497687461e-13,3.335196707464989463e-13,3.876965005706734929e-13,3.465982794088072045e-13,4.183745352175883214e-13,5.219663438698625865e-13,5.525277089454633033e-13,7.226466284861563529e-13,3.921178994103714308e-13,4.778477654643947366e-13,5.184462449454562541e-13,5.358261192102582884e-13,6.133504716457126190e-13,6.756326087747419408e-13,9.337474126819989758e-13,1.627737742224316165e-04,8.619097505939445250e-13,7.618956265190757084e-13
3.666219860653116147e-13,5.110542423684506094e-13,4.130628068611520389e-13,4.124088755206815326e-13,4.494353881250851160e-13,4.102423077922766318e-13,3.913349997892108813e-13,4.501157866974927314e-13,3.453935225079956410e-13,3.425850110622562999e-13,2.964690495951505298e-13,3.852881621321615225e-13,3.707079062239195220e-13,4.201574660365980350e-13,4.063466873877602004e-13,4.624174391989491052e-13,4.111816622592856165e-13,3.561121069341522680e-13,3.751660509174814801e-13,3.622985352347708857e-13,3.962650884681319853e-13,5.665129989917971824e-13,7.351782173622664758e-13,3.351320043848100598e-13,3.642799562671433119e-13,3.937883406894577186e-13,4.112954446967753282e-13,4.388534549753712913e-13,3.890170873671581735e-13,3.979462509202337784e-13,3.408909814049276728e-13,3.441849676131918045e-13,4.523643065300032273e-13,6.315333480342797439e-13,1.083408585167689661e-12,2.874272512449190861e-13,3.072561214803806532e-13,3.388535641829821103e-13,3.615352290992512093e-13,3.987108260780955279e-13,3.922673539081214213e-13,3.486165101134754755e-13,3.198803692947720001e-13,3.393652496736474421e-13,3.937007499054270203e-13,5.858546847050518810e-13,7.309200995461411205e-13,2.813197825826432318e-13,2.781087616326668025e-13,3.017333079537847193e-13,3.409417830979501425e-13,3.867619397566070414e-13,3.528680394482744587e-13,3.644707335393675249e-13,3.721240031890713809e-13,3.897673427411617055e-13,5.798101408867910626e-13,8.933590967432348598e-13,2.280569025464577113e-13,2.611247015799673645e-13,3.327623511174568195e-13,3.364365034619868678e-13,3.913456519712790954e-13,3.495419891144175288e-13,4.221442819879197305e-13,5.279142108993339518e-13,5.577116875306818356e-13,7.296092717170770058e-13,3.956948553016278145e-13,4.840337327112386259e-13,5.251269168104798137e-13,5.423503628232901064e-13,6.228827472563439321e-13,6.828850030835961111e-13,9.422951518500804792e-13,1.490918573054075586e-04,8.758750119573396788e-13,7.727798915562758223e-13
3.693674504852733141e-13,5.149420822837944310e-13,4.160735335086813689e-13,4.154796161872766706e-13,4.528028213197125668e-13,4.133329512969302455e-13,3.944096064847315905e-13,4.538736825823996179e-13,3.481873101092598312e-13,3.452127341867509425e-13,2.986560362500412334e-13,3.880796888676590512e-13,3.734582925748040772e-13,4.232992031914453306e-13,4.094164605101367256e-13,4.660687787675192593e-13,4.146930408152529155e-13,3.588948721660358889e-13,3.781356158063093022e-13,3.650327901621048077e-13,3.992820300261964340e-13,5.713649168150055473e-13,7.421651909819072374e-13,3.376763287249341779e-13,3.672416550620837263e-13,3.968698085790156634e-13,4.145966292850362359e-13,4.425532427784089419e-13,3.921161295814536548e-13,4.010485908475157115e-13,3.436872308352298504e-13,3.469801050168268467e-13,4.567068530624372775e-13,6.376196888149183758e-13,1.094770854104301245e-12,2.897428388073851685e-13,3.097222221354287961e-13,3.418278770051875400e-13,3.653178093945998487e-13,4.031480200024175058e-13,3.956130914205060518e-13,3.515112706470378708e-13,3.223853253386189145e-13,3.422130884845700792e-13,3.976815362089419695e-13,5.932187458879687074e-13,7.402762259869516726e-13,2.836621120484175797e-13,2.803003136306376624e-13,3.043714045427190556e-13,3.440098148863334280e-13,3.902446008618741255e-13,3.558389964314600938e-13,3.677122223956165173e-13,3.753904946117078918e-13,3.931567335646252761e-13,5.858528108371823684e-13,9.056778969015004068e-13,2.298494245650984296e-13,2.633237494447827582e-13,3.360415968195535169e-13,3.394793114613520476e-13,3.951995237917479227e-13,3.526213490382540430e-13,4.261535101207985035e-13,5.343368174800773304e-13,5.633813327379534578e-13,7.374803073372842634e-13,3.994766368174034377e-13,4.906338049659663604e-13,5.323032234013097946e-13,5.493945396027033546e-13,6.331807064373969376e-13,6.909592250710018972e-13,9.524039357689073849e-13,1.121590615957846333e-04,8.914283142773023618e-13,7.848466125661101248e-13
3.724491079930102908e-13,5.195579459580468506e-13,4.195230388662179783e-13,4.189925599065333956e-13,4.567109696903823125e-13,4.168630662389582050e-13,3.978869039787499158e-13,4.582024949246496147e-13,3.512862358241616236e-13,3.481304098238916788e-13,3.010405669938921494e-13,3.912423735502840004e-13,3.765520256831595051e-13,4.269036726087781967e-13,4.129167498780041514e-13,4.703115881448328772e-13,4.186747488924465469e-13,3.619993231084922795e-13,3.814715895626214033e-13,3.680954418109299247e-13,4.027066632296069242e-13,5.771753368163040276e-13,7.508850582362399991e-13,3.404937911102799287e-13,3.705503801831069385e-13,4.003590138359144183e-13,4.183545249975793623e-13,4.467947226901040554e-13,3.956152587797083189e-13,4.045678941358421506e-13,3.467817275660694058e-13,3.500786153338259290e-13,4.616617513288871356e-13,6.449678803646441304e-13,1.110111910258525823e-12,2.922531791838980235e-13,3.124174410174596710e-13,3.451076124419440437e-13,3.694860517423138044e-13,4.080764849605894527e-13,3.993810500279266968e-13,3.547226870540739833e-13,3.251390787191137295e-13,3.453598890891040159e-13,4.021221677784300708e-13,6.017492812601472249e-13,7.514933971435514800e-13,2.861933928724039363e-13,2.826682948081656193e-13,3.072409546570869834e-13,3.473918232849056641e-13,3.941468909439209534e-13,3.591382485576856182e-13,3.713178798170346612e-13,3.790364836783427312e-13,3.969661631037185374e-13,5.929744702657418310e-13,9.208632095737262151e-13,2.317462028238026841e-13,2.656808009278419825e-13,3.396317033473022768e-13,3.428272945940476625e-13,3.995020664093715370e-13,3.560297090683599287e-13,4.306858955891406795e-13,5.416866711091919929e-13,5.700359241232644155e-13,7.471221791925530144e-13,4.037124446933220419e-13,4.980307497271019665e-13,5.404269843772980984e-13,5.574391249869622072e-13,6.448944880042027898e-13,7.006153868728452916e-13,9.655190584897366791e-13,4.993776372064705985e-05,9.098825389405548348e-13,7.990990299536736279e-13
3.752246711721118184e-13,5.236538855123786090e-13,4.225969601161459512e-13,4.221352643888779836e-13,4.601948790388525909e-13,4.200283610060989318e-13,4.010337314612253877e-13,4.621302568777785046e-13,3.541184667050368945e-13,3.507766353414919051e-13,3.032028663092945511e-13,3.940677668990370481e-13,3.793326698789374389e-13,4.301274419407789365e-13,4.160583061092712312e-13,4.741223280041908716e-13,4.223147620056706940e-13,3.648184012241775665e-13,3.844999028960685486e-13,3.708590234477585630e-13,4.057881767245271712e-13,5.824043618106395888e-13,7.587373875137932394e-13,3.430474000222986880e-13,3.735699095041149376e-13,4.035136903156431086e-13,4.217586545355888592e-13,4.506535237593041237e-13,3.987895703188652765e-13,4.077462664623074352e-13,3.496170819398742955e-13,3.529125244160987403e-13,4.662417499931786286e-13,6.516562940194538353e-13,1.123779338110730211e-12,2.945622913942649627e-13,3.148893362952620314e-13,3.481404436882969131e-13,3.734063341633731565e-13,4.127237452529773004e-13,4.028321496151039755e-13,3.576675404799317093e-13,3.276517478631504657e-13,3.482527147885355250e-13,4.062727455517106610e-13,6.097735842212812109e-13,7.619701203167213801e-13,2.885337304945786350e-13,2.848423243121483844e-13,3.099040080917065394e-13,3.505280545570577570e-13,3.977486976837675151e-13,3.621679306490194364e-13,3.746484476951849548e-13,3.823959826808701591e-13,4.004653531409521584e-13,5.995496237092209953e-13,9.350227290456956910e-13,2.334982710357041770e-13,2.678683859274476915e-13,3.429972575313232504e-13,3.459353011994055785e-13,4.035131804876288500e-13,3.591792907628875192e-13,4.348818494156786040e-13,5.486064634697081129e-13,5.761726985609031399e-13,7.559608560037209388e-13,4.076467854842472288e-13,5.050763163396714257e-13,5.481476695427454927e-13,5.650475211236515980e-13,6.561077069506173410e-13,7.095892778910992286e-13,9.773555175266207007e-13,1.345385718815541887e-09,9.274503586852932880e-13,8.126056228865882768e-13
3.766868561716542084e-13,5.252651769342922750e-13,4.240181222535880768e-13,4.236322286429187207e-13,4.617387839169202757e-13,4.215658479339300394e-13,4.026971201148638066e-13,4.641221861458870569e-13,3.557843081194873416e-13,3.522703998690173850e-13,3.044858705623703787e-13,3.954460527938603145e-13,3.807709227319882247e-13,4.316463685331569122e-13,4.176017954199158792e-13,4.758888684905672591e-13,4.243303332763829386e-13,3.663982826911159930e-13,3.861604159527773658e-13,3.723391063776569258e-13,4.073474838437914545e-13,5.846113283075897494e-13,7.615627009489375010e-13,3.444949426926548730e-13,3.752985483790925330e-13,4.051666696758237936e-13,4.235326524746196816e-13,4.526696251887342162e-13,4.004983701032854832e-13,4.093921265077747133e-13,3.513157444822684310e-13,3.545879935978705192e-13,4.688760139627538408e-13,6.546157939564644494e-13,1.126617248042700766e-12,2.960480464746335966e-13,3.164268183136728059e-13,3.500538639520500492e-13,3.760673505515833761e-13,4.158509550826963277e-13,4.047993619373791389e-13,3.594269220354336129e-13,3.291540944975299519e-13,3.500200752993264924e-13,4.089379485799159743e-13,6.145729624883237168e-13,7.674588708393673471e-13,2.900853364592009670e-13,2.862411445220251281e-13,3.116694264091216565e-13,3.525330852006750637e-13,3.999098450460972759e-13,3.639853315368901854e-13,3.766928821555849861e-13,3.844162341084689558e-13,4.025000756377461492e-13,6.029718180596206864e-13,9.417415597010490868e-13,2.347153351867382917e-13,2.693712139071953621e-13,3.452871550962395657e-13,3.479408324689630219e-13,4.060550576408974975e-13,3.611412047557316495e-13,4.373753666273764473e-13,5.528990499127635996e-13,5.793870961726720200e-13,7.598461471026795811e-13,4.100782944601759856e-13,5.098968169868245987e-13,5.532586513382163043e-13,5.698811304096313879e-13,6.636294402867029716e-13,7.142098415074678743e-13,9.809789414667441417e-13,8.456530751034914809e-11,9.377452633048069616e-13,8.204892100464589333e-13
3.783504926613220500e-13,5.273392626966319297e-13,4.257080993092843212e-13,4.254007361826278413e-13,4.636194444611708334e-13,4.233730610005753917e-13,4.046063509699449412e-13,4.664719783672931986e-13,3.576321793742861809e-13,3.539357123738961069e-13,3.058800324602441203e-13,3.970481819599553971e-13,3.824152707299147507e-13,4.334502341128251148e-13,4.194090489110845621e-13,4.780266593891116729e-13,4.266369451722033132e-13,3.681707180051127979e-13,3.880429681370279931e-13,3.740156959475993634e-13,4.091555454488010772e-13,5.874368321221260017e-13,7.655321526503079878e-13,3.461029662507563828e-13,3.772367145071717668e-13,4.070688008756897423e-13,4.255884111091049881e-13,4.550241287804288306e-13,4.024514308615461948e-13,4.112931693193138915e-13,3.531920560108145545e-13,3.564443904267949781e-13,4.718947968183994840e-13,6.583968319592404193e-13,1.132147051113149724e-12,2.976441904408346058e-13,3.180968471894569962e-13,3.521498485962900336e-13,3.789617160242022040e-13,4.192791065658213300e-13,4.070258060553342064e-13,3.613760575103059587e-13,3.308014945332160620e-13,3.519656774499818389e-13,4.118858055123814568e-13,6.201149221275517958e-13,7.741554732767531871e-13,2.917438778604801649e-13,2.877384298061540667e-13,3.135693497696341113e-13,3.547262369992963197e-13,4.023284350253666855e-13,3.660001660492562613e-13,3.789583199334364291e-13,3.866675773534623517e-13,4.047926005175054980e-13,6.070891113936518718e-13,9.503384731934857026e-13,2.359851995950819060e-13,2.709612371311184383e-13,3.477626151929281037e-13,3.501287539886478782e-13,4.088726691042487602e-13,3.633010903538156221e-13,4.401943167618324565e-13,5.577767597073912196e-13,5.832340866556530336e-13,7.648942954900598830e-13,4.127900513876357962e-13,5.152079190937630077e-13,5.589592570055552211e-13,5.753439600453283202e-13,6.720199769925518616e-13,7.198577865004257989e-13,9.866152243173511864e-13,4.941947229990738623e-11,9.498683291479178945e-13,8.297677045906491311e-13
3.798759524011412125e-13,5.292086046671201519e-13,4.272345174624372061e-13,4.270091602930665113e-13,4.653233414763070741e-13,4.250229548353648753e-13,4.063724236792225815e-13,4.686610681014909605e-13,3.593595736862905248e-13,3.554761371916124948e-13,3.071649671849778317e-13,3.984992020927987677e-13,3.839184096076411490e-13,4.350910170237813965e-13,4.210611659117469168e-13,4.799899617133656122e-13,4.288021255712760184e-13,3.698145287791650692e-13,3.897902413146211791e-13,3.755569445954332332e-13,4.108141711275579309e-13,5.900532718459738219e-13,7.692342199689848846e-13,3.475881957999398589e-13,3.790471793081760172e-13,4.088261788692086020e-13,4.274950286830308679e-13,4.572240730583666568e-13,4.042640519708782226e-13,4.130471480016460566e-13,3.549510638093578681e-13,3.581811739718923156e-13,4.747689397108435471e-13,6.619609887638519066e-13,1.137257834168552203e-12,2.991424950000753894e-13,3.196609460998870490e-13,3.541354578224129365e-13,3.817502458900273197e-13,4.225925329115560069e-13,4.091183564879830912e-13,3.632059965007563447e-13,3.323356189096634992e-13,3.537967329952928286e-13,4.147147966352323283e-13,6.254862939799579012e-13,7.806322564802469823e-13,2.933094026540709392e-13,2.891397335831943500e-13,3.153722958840779263e-13,3.568102940424349424e-13,4.046208690274450241e-13,3.678954686522049636e-13,3.811048969241588443e-13,3.887959153290051351e-13,4.069542992195466668e-13,6.110223385679653884e-13,9.586611395422012200e-13,2.371780793982268591e-13,2.724664826309664585e-13,3.501383115021239186e-13,3.522096411572889725e-13,4.115702544588671856e-13,3.653469003483142055e-13,4.428789117813573638e-13,5.625017779615165093e-13,5.869025290536851235e-13,7.697030354339657449e-13,4.153776396019996692e-13,5.203814333838033358e-13,5.645096147489806580e-13,5.806511846146221993e-13,6.802132985941886494e-13,7.252968779731524441e-13,9.919142040051967750e-13,3.311514928251727836e-11,9.616962468516965552e-13,8.388082154924958210e-13
3.812807376382774855e-13,5.309004802389621029e-13,4.286181771080891801e-13,4.284780611577850526e-13,4.668734639874714663e-13,4.265358091650730537e-13,4.080139576069991421e-13,4.707112098219648145e-13,3.609819177948398849e-13,3.569074767311647201e-13,3.083540827350861919e-13,3.998181194835041563e-13,3.852981936200251583e-13,4.365897624332206397e-13,4.225781668012407882e-13,4.818021035580247383e-13,4.308447559592386729e-13,3.713461768815711808e-13,3.914197517826956105e-13,3.769800403369886742e-13,4.123426272147366482e-13,5.924904418722035654e-13,7.727106370717230077e-13,3.489660610813315568e-13,3.807464864146739687e-13,4.104576321192237390e-13,4.292721833732871018e-13,4.592903264116296996e-13,4.059545521403501340e-13,4.146731950295990464e-13,3.566078000495524549e-13,3.598136803749250677e-13,4.775181317934040457e-13,6.653408346260467384e-13,1.142023876151146051e-12,3.005550971849643065e-13,3.211324113789029358e-13,3.560248251288603305e-13,3.844457512360263564e-13,4.258048426926271321e-13,4.110947131966491616e-13,3.649320958493108229e-13,3.337707276455870558e-13,3.555279324286911936e-13,4.174401043428427540e-13,6.307084514050201496e-13,7.869204684596621407e-13,2.947934213121672627e-13,2.904568858065583046e-13,3.170903762902693070e-13,3.587991976337892617e-13,4.068037645686215904e-13,3.696866909233967434e-13,3.831480687274233149e-13,3.908173332747761962e-13,4.090024600793890030e-13,6.147981864462021206e-13,9.667507491094925361e-13,2.383031749702321200e-13,2.738972798144798667e-13,3.524264802020709455e-13,3.541970988212678163e-13,4.141633143957968060e-13,3.672933397754248788e-13,4.454471153691008291e-13,5.670928643433875415e-13,5.904181150041260731e-13,7.743100058931006089e-13,4.178572937565288416e-13,5.254297786488548217e-13,5.699242392798920239e-13,5.858202590314913091e-13,6.882187030576817439e-13,7.305577501680670888e-13,9.969339767645456273e-13,2.405768148734148847e-11,9.732469987801327621e-13,8.476337024814544034e-13
3.825835912774400453e-13,5.324425925787988723e-13,4.298809778540432590e-13,4.298290711821909668e-13,4.682936830296206455e-13,4.279329735944120072e-13,4.095506567584137417e-13,4.726448699535539274e-13,3.625158618489123153e-13,3.582468025373718678e-13,3.094621521736866659e-13,4.010251566620985029e-13,3.865737140710992766e-13,4.379685316521573627e-13,4.239811368930932095e-13,4.834871188430914893e-13,4.327846228430356192e-13,3.727833343348021314e-13,3.929501508779455335e-13,3.783033985858822942e-13,4.137612841519416200e-13,5.947778402955154247e-13,7.760002754080666972e-13,3.502532965273066977e-13,3.823523268774960334e-13,4.119830645070234777e-13,4.309405219102975273e-13,4.612445224334051218e-13,4.075423282425260165e-13,4.161915084263714916e-13,3.581785063142100370e-13,3.613584546573498661e-13,4.801626137854993971e-13,6.685676498956085387e-13,1.146508134078136230e-12,3.018954484053593115e-13,3.225258307664491735e-13,3.578332510215750833e-13,3.870620421954218156e-13,4.289304424402026409e-13,4.129735721630839734e-13,3.665708912358685721e-13,3.351223717432752698e-13,3.571751626355121501e-13,4.200777821443467239e-13,6.358018094241046717e-13,7.930480996471459272e-13,2.962087361078171489e-13,2.917030424207562977e-13,3.187369487947733807e-13,3.607080347786610704e-13,4.088947174874642803e-13,3.713904396171392387e-13,3.851043677123903169e-13,3.927489737101210198e-13,4.109553618094369156e-13,6.184426129380541646e-13,9.746416651543172954e-13,2.393709846289899689e-13,2.752652538191542621e-13,3.546404899729336563e-13,3.561058993783901682e-13,4.166682481457044955e-13,3.691562467892567201e-13,4.479176460888968299e-13,5.715685063463640201e-13,5.938060824451251608e-13,7.787498595844222072e-13,4.202461670829713210e-13,5.303654586601929592e-13,5.752173351544923403e-13,5.908681616168793145e-13,6.960438136651841706e-13,7.356687319544389137e-13,1.001725092060785521e-12,1.841845520737900633e-11,9.845319081875386481e-13,8.562630085191900213e-13
3.838065306474162653e-13,5.338666555126592744e-13,4.310483906551238802e-13,4.310873679472872825e-13,4.696116197792533850e-13,4.292393244931304493e-13,4.110056054318759354e-13,4.744881607068259937e-13,3.639811490472738152e-13,3.595142858389845764e-13,3.105067495105419225e-13,4.021439525640514874e-13,3.877673664382664356e-13,4.392529688364897187e-13,4.252946565494367163e-13,4.850727924984432894e-13,4.346449496705364296e-13,3.741468441800240300e-13,3.944033686999641977e-13,3.795486669472755434e-13,4.150939466058617201e-13,5.969490309490591745e-13,7.791461593606175096e-13,3.514696974680350258e-13,3.838855906117037908e-13,4.134257749561070936e-13,4.325241657774913722e-13,4.631118781344311983e-13,4.090501343137195034e-13,4.176257097153328766e-13,3.596824753171051739e-13,3.628351181250112343e-13,4.827262101071499970e-13,6.716768060893882183e-13,1.150776527662880672e-12,3.031797025445224275e-13,3.238586309217203814e-13,3.595790508013314461e-13,3.896160520508790684e-13,4.319870585200382347e-13,4.147769656811680485e-13,3.681420124814264379e-13,3.364090373745634189e-13,3.587573430775654319e-13,4.226471820807217877e-13,6.407907285416648243e-13,7.990471238972954102e-13,2.975707944333280950e-13,2.928939982936651993e-13,3.203281468120611174e-13,3.625549137484759704e-13,4.109146097187580147e-13,3.730264359245929626e-13,3.869934907905565297e-13,3.946111918036845641e-13,4.128345972129988997e-13,6.219855335346444816e-13,9.823718707391016420e-13,2.403942612267896924e-13,2.765845279872818068e-13,3.567966701211134089e-13,3.579538129219706436e-13,4.191047450052173106e-13,3.709545383980983685e-13,4.503126728848113827e-13,5.759510119287796474e-13,5.970955866310231665e-13,7.830612921015649880e-13,4.225647308776514667e-13,5.352046654609376807e-13,5.804069248108803695e-13,5.958157216653479172e-13,7.037003216465428571e-13,7.406621800983865128e-13,1.006341660363672865e-12,1.462903965513748816e-11,9.955661890181460132e-13,8.647188954366426175e-13
3.849764113414925470e-13,5.352109736083763143e-13,4.321513082159486893e-13,4.322835314881763889e-13,4.708607565814757752e-13,4.304851121756762569e-13,4.124070172033939457e-13,4.762730245381529932e-13,3.654020844860463009e-13,3.607346293570697347e-13,3.115094044655820043e-13,4.032032292014474149e-13,3.889064360031397081e-13,4.404742165212489318e-13,4.265486299897142552e-13,4.865929010084598969e-13,4.364543220467276167e-13,3.754622446021995750e-13,3.958062637662765665e-13,3.807422718298294460e-13,4.163696178436897007e-13,5.990447569380575165e-13,7.822002929611613163e-13,3.526395001179824046e-13,3.853719595594778595e-13,4.148142216483719398e-13,4.340526046588480594e-13,4.649233049748704827e-13,4.105058226324916012e-13,4.190046323918862623e-13,3.611435032162367662e-13,3.642678364107594267e-13,4.852386144800301356e-13,6.747115667155981111e-13,1.154907262879200119e-12,3.044278500827278731e-13,3.251523230724036228e-13,3.612850230001425625e-13,3.921295271948966890e-13,4.349977130431567155e-13,4.165320595313340264e-13,3.696696883782103462e-13,3.376534544694990388e-13,3.602978783970473811e-13,4.251728463294788515e-13,6.457071190545828406e-13,8.049586186016628937e-13,2.988988031587563648e-13,2.940492654032883573e-13,3.218841252767175582e-13,3.643624559075321597e-13,4.128893961076975156e-13,3.746190528139102477e-13,3.888399346051046925e-13,3.964292339464713898e-13,4.146668634298839869e-13,6.254642128048213578e-13,9.899901466969357308e-13,2.413888335395801737e-13,2.778727314049211422e-13,3.589157860986484454e-13,3.597630693859629791e-13,4.214976462308873474e-13,3.727117468892816215e-13,4.526598739482662461e-13,5.802695637525191253e-13,6.003228774106333693e-13,7.872919435601924244e-13,4.248386510390132304e-13,5.399700475422583851e-13,5.855179713418161123e-13,6.006908567491665710e-13,7.112082494764475376e-13,7.455789839237815173e-13,1.010848781632483976e-12,1.194156965572786968e-11,1.006376315967284139e-12,8.730339633987566077e-13
3.861261947503026036e-13,5.365223070454376963e-13,4.332274796954793565e-13,4.334549894252741719e-13,4.720820322365719200e-13,4.317074042808039609e-13,4.137896288757816015e-13,4.780389086505094653e-13,3.668087600561855769e-13,3.619382556107581888e-13,3.124965993023735091e-13,4.042381132608236255e-13,3.900243772096095326e-13,4.416703953084208961e-13,4.277797164907242385e-13,4.880889000342326399e-13,4.382482130015641287e-13,3.767610206204630533e-13,3.971919571319861398e-13,3.819166759664621479e-13,4.176238944297902123e-13,6.011151492485409412e-13,7.852268102826842626e-13,3.537925353834706925e-13,3.868432126910943040e-13,4.161834241281321542e-13,4.355621845224986249e-13,4.667170426838485689e-13,4.119437365040839294e-13,4.203637378952733598e-13,3.625911055426519334e-13,3.656865435728202290e-13,4.877371689576327151e-13,6.777257189052970344e-13,1.158996133503888846e-12,3.056647161256453385e-13,3.264335768529498997e-13,3.629796899542246378e-13,3.946304513002638679e-13,4.379923499066319663e-13,4.182725986096918308e-13,3.711839995820471303e-13,3.388837083129268381e-13,3.618258793373998230e-13,4.276860554206235153e-13,6.505930920663061004e-13,8.108362495623161020e-13,3.002167173646930331e-13,2.951930277717091697e-13,3.234301494696831718e-13,3.661590568183968624e-13,4.148515573448267380e-13,3.761985920580312876e-13,3.906743482805706772e-13,3.982346154444720210e-13,4.164854082092802232e-13,6.289257130572904970e-13,9.975606466041735875e-13,2.423743742927432162e-13,2.791519132289860044e-13,3.610243086137023988e-13,3.615616020608260257e-13,4.238784678200730256e-13,3.744573060521239600e-13,4.549940740280730722e-13,5.845625367276139798e-13,6.035336168687726001e-13,7.915016698774964139e-13,4.271002951726533504e-13,5.446928973017726194e-13,5.905847828703783870e-13,6.055310248154671647e-13,7.185991101780770404e-13,7.504716825344253890e-13,1.015327032004765533e-12,9.958049977867576638e-12,1.017004891037420323e-12,8.812545312333429904e-13
3.872963849093964487e-13,5.378578733008198406e-13,4.343231050286860888e-13,4.346476247902667129e-13,4.733255948023393818e-13,4.329516948104884152e-13,4.151962674631409794e-13,4.798346130340749615e-13,3.682384573164678195e-13,3.631626668417213528e-13,3.135009281653818606e-13,4.052916214769282260e-13,3.911622606810296460e-13,4.428882451518933631e-13,4.290329269571823465e-13,4.896117734812666944e-13,4.400706902347638709e-13,3.780820288182688359e-13,3.986013408692721342e-13,3.831118049319313177e-13,4.189005296295243680e-13,6.032220698882204261e-13,7.883051565242355472e-13,3.549655530195544737e-13,3.883387087171770462e-13,4.175765371158044376e-13,4.370977690943599236e-13,4.685404696162927742e-13,4.134062779268083781e-13,4.217467029111979550e-13,3.640619110648669404e-13,3.671283432242915058e-13,4.902688359473208256e-13,6.807863259050958050e-13,1.163161393480183479e-12,3.069211280210856514e-13,3.277354661339867711e-13,3.646987232331130523e-13,3.971546756900492250e-13,4.410096769441484533e-13,4.200405355897344205e-13,3.727223111761719215e-13,3.401345223476597775e-13,3.633775638526440867e-13,4.302265806258665006e-13,6.555038101251010126e-13,8.167498667698457877e-13,3.015543995497622988e-13,2.963552613063144119e-13,3.249978628178420365e-13,3.679803351032397384e-13,4.168417430707317067e-13,3.778027427329301766e-13,3.925350743785888911e-13,4.000666851207103250e-13,4.183316616791262823e-13,6.324295096745740629e-13,1.005167441025341163e-12,2.433753186754479670e-13,2.804496235892772585e-13,3.631558797219664653e-13,3.633844800051816057e-13,4.262871243923519815e-13,3.762280235866641544e-13,4.573590768860225393e-13,5.888800286849896900e-13,6.067853682785515146e-13,7.957658859705014458e-13,4.293904596429039424e-13,5.494155764862013900e-13,5.956536497250592585e-13,6.103858946547894196e-13,7.259193000456373078e-13,7.554077148483453637e-13,1.019876767428878102e-12,8.448604818463423845e-12,1.027515584414517285e-12,8.894448074967627704e-13
3.885368841331540753e-13,5.392878947511236224e-13,4.354948855686009117e-13,4.359178451833091130e-13,4.746530468689488627e-13,4.342739723862722356e-13,4.166798660831098503e-13,4.817206518156267728e-13,3.697374595749481386e-13,3.644542037181818296e-13,3.145626042993105238e-13,4.064165763388162985e-13,3.923706411333684624e-13,4.441852331709244409e-13,4.303636766144589461e-13,4.912243960245042586e-13,4.419766047937291049e-13,3.794733367689077507e-13,4.000850213834820691e-13,3.843768889826322337e-13,4.202534450906825838e-13,6.054420716167326220e-13,7.915340355053043077e-13,3.562039359075051476e-13,3.899072971568440791e-13,4.190468748960758734e-13,4.387148724015117093e-13,4.704524181913710278e-13,4.149459242308250586e-13,4.232074604519298035e-13,3.656014619099144868e-13,3.686393179188718446e-13,4.928927115997046626e-13,6.839771784742010471e-13,1.167549621704510010e-12,3.082354318368174920e-13,3.290990840269361487e-13,3.664867822691724905e-13,3.997480103922867002e-13,4.440995180232237060e-13,4.218881225878448638e-13,3.743311210240395834e-13,3.414489200526045941e-13,3.649980660386772994e-13,4.328449269654574891e-13,6.605110595497841978e-13,8.227899590079515760e-13,3.029491244002653149e-13,2.975731901663182906e-13,3.266269279529160762e-13,3.698709998731870021e-13,4.189108808754792183e-13,3.794784616333427538e-13,3.944701312959940586e-13,4.019746372681983893e-13,4.202573317191454433e-13,6.360507817172069455e-13,1.012920069714016732e-12,2.444220653258366448e-13,2.818003193903349849e-13,3.653532000139979343e-13,3.652757549955725316e-13,4.287741371761644094e-13,3.780699782835493906e-13,4.598100076524524574e-13,5.932870516536928798e-13,6.101507359239868768e-13,8.001797128663906908e-13,4.317606120685204187e-13,5.541945736703745150e-13,6.007861571457092853e-13,6.153207020997691544e-13,7.332342980988834423e-13,7.604734626310150989e-13,1.024623370978303660e-12,7.271884380793829091e-12,1.037999142317321493e-12,8.976921097175502043e-13
3.899095128332685878e-13,5.408990447008024126e-13,4.368128066978583614e-13,4.373353900393047277e-13,4.761404920326216991e-13,4.357435233486743969e-13,4.183061964241966510e-13,4.837724458872251456e-13,3.713635071296600822e-13,3.658704329322979392e-13,3.157315092878682269e-13,4.076782105790575211e-13,3.937120909746246080e-13,4.456324138296146500e-13,4.318405698533006407e-13,4.930047323257618408e-13,4.440345489264018371e-13,3.809947169926019518e-13,4.017059528064598327e-13,3.857729632917350092e-13,4.217494605725932280e-13,6.078703866300440275e-13,7.950366940477447549e-13,3.575640256596614370e-13,3.916099060864855486e-13,4.206606550018597037e-13,4.404825462125431504e-13,4.725263043886847846e-13,4.166279602865180437e-13,4.248129668843312683e-13,3.672666512026220537e-13,3.702769799106192846e-13,4.956834091004933822e-13,6.874034274336453713e-13,1.172343539283938031e-12,3.096555491345364057e-13,3.305757319542002525e-13,3.683999990287622541e-13,4.024690353072385569e-13,4.473259683602930886e-13,4.238807384848280187e-13,3.760685614077221478e-13,3.428804789577152328e-13,3.667438839001882623e-13,4.356053503409391102e-13,6.657080142159131375e-13,8.290735650216534907e-13,3.044476174144106953e-13,2.988932625789363927e-13,3.283672456069146215e-13,3.718873725641946697e-13,4.211230229041584428e-13,3.812845172652929434e-13,3.965398905007897051e-13,4.040202295960641401e-13,4.223272346575843628e-13,6.398848231360820322e-13,1.020960878739088835e-12,2.455526051888496435e-13,2.832472689750354028e-13,3.676705715617249465e-13,3.672909561991721038e-13,4.314036064961995467e-13,3.800410832758595113e-13,4.624164680095006292e-13,5.978677943170560335e-13,6.137215780812530673e-13,8.048635143716228319e-13,4.342759210603238420e-13,5.591045696191579310e-13,6.060635930148999771e-13,6.204207168282600199e-13,7.406341960720293089e-13,7.657796429443943326e-13,1.029724244348239400e-12,6.336611919579106487e-12,1.048581250961157089e-12,9.061137935955531336e-13
3.914915248538011307e-13,5.427992195112963864e-13,4.383640151618196080e-13,4.389872323908781037e-13,4.778827712228133881e-13,4.374468405628823032e-13,4.201576693880431868e-13,4.860847345653394807e-13,3.731892123461749992e-13,3.674834721114690965e-13,3.170700491133904283e-13,4.091578035462527225e-13,3.952647346413578932e-13,4.473184005614864452e-13,4.335492702266378429e-13,4.950502618397549222e-13,4.463309483258889498e-13,3.827211176610298992e-13,4.035431006688658844e-13,3.873763516191969862e-13,4.234720947095672840e-13,6.106264202363901927e-13,7.989681185786271016e-13,3.591163661504313560e-13,3.935231389335491543e-13,4.225008106712304202e-13,4.424873831242054438e-13,4.748544500422139642e-13,4.185342771424477474e-13,4.266470493059634755e-13,3.691291098085646725e-13,3.721136772617709124e-13,4.987356999208898428e-13,6.911978708175556164e-13,1.177772622398890618e-12,3.112418368839411285e-13,3.322299626021774726e-13,3.705094230043688885e-13,4.053929784047681492e-13,4.507717296574092308e-13,4.261008065158471175e-13,3.780078735297614921e-13,3.444964664990333217e-13,3.686862777710740227e-13,4.385900151270921619e-13,6.712156369239983012e-13,8.357521513547659163e-13,3.061088851842222079e-13,3.003738985424569617e-13,3.302820310641297734e-13,3.741008809167816146e-13,4.235592873225587093e-13,3.832950217283788503e-13,3.988207875467548506e-13,4.062815522066164135e-13,4.246232152622998811e-13,6.440530232799554609e-13,1.029474702321668931e-12,2.468147808488646274e-13,2.848451965637010950e-13,3.701774136114121339e-13,3.695005478176959038e-13,4.342573140546684655e-13,3.822146397496555009e-13,4.652668785277394282e-13,6.027313671181971979e-13,6.176147250729459119e-13,8.099703852464363412e-13,4.370193639084609120e-13,5.642439555708787482e-13,6.115928861889888788e-13,6.257972790121039138e-13,7.482409717423565664e-13,7.714685572889835992e-13,1.035378252972547622e-12,5.581501869898806514e-12,1.059432594904085524e-12,9.148668755012511875e-13
3.933805153764292782e-13,5.451243595056353617e-13,4.402582913835546180e-13,4.409830575732756745e-13,4.799994130137490735e-13,4.394931169237230992e-13,4.223385860756385942e-13,4.887777511978449475e-13,3.753068178566012414e-13,3.693846146411303828e-13,3.186571588512208485e-13,4.109577321160583040e-13,3.971272342866258329e-13,4.493549433504371553e-13,4.355979079491756784e-13,4.974842169465397002e-13,4.489757347986182886e-13,3.847474699552557741e-13,4.056964947369815404e-13,3.892834961719516440e-13,4.255268302216720177e-13,6.138616110981187875e-13,8.035255434092972733e-13,3.609502770648489468e-13,3.957442349130307122e-13,4.246722823512188762e-13,4.448390894706554510e-13,4.775541266269839682e-13,4.207686140338118083e-13,4.288157350005483163e-13,3.712798937205100302e-13,3.742413085468276969e-13,5.021710054216949844e-13,6.955301040074667362e-13,1.184127899102881553e-12,3.130710818685392634e-13,3.341438257592651813e-13,3.729057703753130233e-13,4.086169694064905974e-13,4.545439772160549004e-13,4.286531985872821683e-13,3.802422060296753797e-13,3.463822108481793353e-13,3.709159688939311372e-13,4.419046642985792670e-13,6.771918726058353116e-13,8.430232445677490481e-13,3.080081633525681171e-13,3.020893412238923963e-13,3.324520917622802009e-13,3.766028651077154237e-13,4.263232554047278474e-13,3.856042992527040634e-13,4.014104073370724764e-13,4.088581902241421382e-13,4.272495474814571424e-13,6.487114788608324024e-13,1.038703400805155263e-12,2.482695074798051505e-13,2.866639763997808262e-13,3.729631111312037342e-13,3.719947175409971898e-13,4.374403147695937499e-13,3.846842235801395794e-13,4.684744945321367217e-13,6.080199822670886973e-13,6.219802042483409153e-13,8.156970726775823632e-13,4.400968352897785578e-13,5.697424307338804384e-13,6.175149244207016242e-13,6.315963326240511597e-13,7.562189392824364664e-13,7.777246522278036804e-13,1.041839160391883612e-12,4.964107046803766694e-12,1.070784309021147412e-12,9.241559129974308323e-13
3.957019569448165064e-13,5.480487361862198408e-13,4.426363922830613807e-13,4.434636882571177672e-13,4.826438166380294086e-13,4.420226360490465230e-13,4.249834346411459033e-13,4.920068201094051199e-13,3.778354697998399660e-13,3.716914598074152677e-13,3.205943613732625163e-13,4.132093672102758421e-13,3.994263175804717693e-13,4.518855786555981726e-13,4.381255156989518940e-13,5.004652067763365247e-13,4.521112806655027000e-13,3.871962164033163139e-13,4.082952293469979568e-13,3.916185239301269566e-13,4.280494039538300638e-13,6.177712117162891779e-13,8.089638621620523178e-13,3.631806979679565826e-13,3.983988978146887557e-13,4.273103379350524895e-13,4.476792183058303857e-13,4.807769710923226192e-13,4.234648552613455644e-13,4.314556500205863913e-13,3.738367861072036585e-13,3.767786775187120331e-13,5.061475098729006248e-13,7.006200728914438569e-13,1.191785492817317244e-12,3.152425615631065239e-13,3.364233365775993095e-13,3.757068543461471114e-13,4.122685165091963694e-13,4.587839082320013095e-13,4.316737965853165310e-13,3.828921343104971964e-13,3.486478054271631757e-13,3.735504666183885059e-13,4.456877481231168967e-13,6.838454516263529602e-13,8.511473688401182167e-13,3.102429105089982415e-13,3.041354662571583057e-13,3.349823419649767441e-13,3.795121210894502190e-13,4.295496014394401671e-13,3.883345422768808123e-13,4.044355736170563143e-13,4.118794607827251367e-13,4.303415031845924676e-13,6.540638999459513115e-13,1.048966670841302034e-12,2.499955078610590228e-13,2.887942264382320574e-13,3.761444603465869404e-13,3.748907172532591331e-13,4.410899381601806581e-13,3.875713864546057963e-13,4.721868927126600311e-13,6.139214351036132309e-13,6.270136066322665282e-13,8.222999690035906568e-13,4.436469340644954420e-13,5.757729676582419290e-13,6.240174183155035166e-13,6.380114343162788044e-13,7.647904616077708816e-13,7.847900434168576089e-13,1.049436320553189228e-12,4.454287469922722337e-12,1.082949639502353582e-12,9.342595005315639257e-13
3.986201089860844898e-13,5.517999049889161808e-13,4.456821320443510678e-13,4.466132240675748879e-13,4.860163895394520874e-13,4.452188894743449775e-13,4.282685147370991638e-13,4.959759018791137595e-13,3.809318023996811509e-13,3.745582367551975330e-13,3.230147287015812952e-13,4.160843131878714073e-13,4.023278047311624117e-13,4.550979204449400884e-13,4.413139604825025783e-13,5.042009056148534565e-13,4.559248631301051547e-13,3.902279673538054418e-13,4.115086431827313651e-13,3.945439720488666841e-13,4.312174759430162014e-13,6.226113816583769069e-13,8.156181654239674073e-13,3.659583376694731085e-13,4.016522727445738299e-13,4.305922543301190245e-13,4.511934380364849744e-13,4.847222314082288410e-13,4.267986270059983822e-13,4.347458067739225310e-13,3.769547073675226381e-13,3.798819573067522236e-13,5.108742686486760937e-13,7.067576591954283700e-13,1.201239166871957064e-12,3.178868856706955200e-13,3.392079510285075622e-13,3.790681124086830169e-13,4.165170737544310440e-13,4.636795555181901674e-13,4.353413893450926298e-13,3.861162943747536594e-13,3.514378475515634974e-13,3.767444926042888521e-13,4.501228354025180871e-13,6.914553399790830136e-13,8.604723045718809465e-13,3.129415694417140093e-13,3.066383459355994419e-13,3.380113526202105717e-13,3.829855509681139558e-13,4.334159762463968819e-13,3.916465963822984375e-13,4.080635783366909129e-13,4.155158050989349940e-13,4.340772326424405439e-13,6.603800301639816058e-13,1.060692004297260979e-12,2.520963683543776785e-13,2.913554448240710817e-13,3.798764633106424232e-13,3.783435217193909840e-13,4.453880571883037978e-13,3.910364699469373126e-13,4.765991058146395539e-13,6.206864782540023509e-13,6.329736997655940520e-13,8.301183627312248146e-13,4.478529019565604467e-13,5.825680618800847804e-13,6.313525760889364273e-13,6.453018618059671445e-13,7.742574414107775688e-13,7.929868555180201205e-13,1.058603808547847893e-12,4.030249336195946673e-12,1.096354456113777950e-12,9.455523081430780206e-13
4.023551419838095882e-13,5.566822974825631703e-13,4.496414421486929559e-13,4.506781951064443540e-13,4.903853760058807554e-13,4.493277125207796384e-13,4.324304828153836536e-13,5.009591599072886415e-13,3.848064341862230001e-13,3.781919287548235472e-13,3.260967335550978366e-13,4.198122190579037193e-13,4.060538689499938173e-13,4.592432052003231538e-13,4.454069422919777170e-13,5.089698058324245355e-13,4.606685877982287895e-13,3.940583934350567583e-13,4.155641747089546892e-13,3.982777888954114159e-13,4.352692199118884387e-13,6.287261597456142669e-13,8.239392416159761941e-13,3.694854116902217359e-13,4.057264207324711003e-13,4.347559563887611084e-13,4.556311056227270712e-13,4.896578859585858325e-13,4.310058154618904300e-13,4.389264060269425227e-13,3.808420975861781440e-13,3.837611894784850127e-13,5.166337611803142553e-13,7.143336431138788529e-13,1.213152453229730474e-12,3.211798685753354172e-13,3.426852347997546216e-13,3.831991958065704894e-13,4.215925699315504541e-13,4.694865283792196703e-13,4.398967134740313177e-13,3.901282020091452155e-13,3.549466142592074588e-13,3.807063964649114188e-13,4.554586219460061371e-13,7.004016976576481593e-13,8.714715760081455787e-13,3.162772414089861374e-13,3.097675453124320933e-13,3.417260721210473099e-13,3.872349619859050218e-13,4.381620768464353596e-13,3.957570474068257720e-13,4.125201033013222537e-13,4.199970250454280149e-13,4.386967923310513336e-13,6.680248619913770163e-13,1.074462192217729605e-12,2.547115075013728997e-13,2.945087795684819946e-13,3.843690333330374328e-13,3.825623713694264358e-13,4.505808426096840344e-13,3.952957426247608365e-13,4.819746658877829036e-13,6.286566127663262397e-13,6.402103930178742543e-13,8.396110858500082471e-13,4.529623466347140913e-13,5.904459106041681101e-13,6.398654532687418967e-13,6.538215688340073319e-13,7.850358921932488212e-13,8.027525366196433852e-13,1.069926771271887106e-12,3.676067479878665474e-12,1.111586109835918515e-12,9.585478824672810682e-13
4.072107537501160694e-13,5.631151747054220908e-13,4.548530422300121709e-13,4.559983829802236941e-13,4.961203504360303173e-13,4.546880611270454240e-13,4.377961364968934640e-13,5.073355848300827366e-13,3.897506232859254502e-13,3.828783358955805413e-13,3.300866750289573387e-13,4.247094450552562682e-13,4.109108676495163783e-13,4.646677008771157484e-13,4.507405160461600900e-13,5.151561712361939286e-13,4.666913497985854340e-13,3.989854017975497732e-13,4.207760273585002138e-13,4.031206931301115351e-13,4.405331946639981937e-13,6.365908164962499753e-13,8.345506187134058074e-13,3.740410852819278206e-13,4.109283963751471660e-13,4.401299434822235326e-13,4.613366872392432647e-13,4.959545350581364938e-13,4.364122983175411603e-13,4.443290336447040617e-13,3.857873303526358481e-13,3.887068698269954952e-13,5.238180315912511383e-13,7.238894157241102366e-13,1.228442394109760894e-12,3.253647512119052786e-13,3.471146277856033802e-13,3.883907035273466539e-13,4.278151304188829137e-13,4.765611686045925224e-13,4.456729916782130343e-13,3.952233274588407251e-13,3.594426012444098447e-13,3.857246151214096108e-13,4.620409500589702040e-13,7.112154327492828950e-13,8.848060684917404153e-13,3.204896475703849306e-13,3.137575554258422225e-13,3.463857055382020422e-13,3.925541327075832578e-13,4.441202108668987417e-13,4.009657154853041262e-13,4.181179937463557328e-13,4.256415359579546659e-13,4.445326545319980145e-13,6.775054915698556678e-13,1.091091347078867728e-12,2.580338332385501215e-13,2.984775620026717557e-13,3.899140452928691666e-13,3.878375367390397631e-13,4.570103915486154244e-13,4.006489710353658627e-13,4.886793262330895168e-13,6.383085508394638250e-13,6.492095893172224870e-13,8.514153365856315575e-13,4.593190186613419749e-13,5.998522130437999433e-13,6.500392518769316739e-13,6.640654793685244160e-13,7.977110337243765374e-13,8.146964729567404327e-13,1.084215864028530851e-12,3.380122082720179172e-12,1.129471252029872493e-12,9.739666059428595170e-13
4.136206918302872772e-13,5.716966142764472481e-13,4.618001449618218122e-13,4.630587755791330046e-13,5.037486741893353244e-13,4.617838832477087272e-13,4.448326041368903079e-13,5.156473408460685713e-13,3.961811424271169540e-13,3.890259631597323784e-13,3.353364590006782947e-13,4.312273763356257458e-13,4.173362354067073441e-13,4.718656503189383076e-13,4.577945362332968935e-13,5.233089408711450124e-13,4.744926811952619526e-13,4.054349199728960952e-13,4.275934721374960370e-13,4.095022717956633836e-13,4.474786849474107767e-13,6.468849077770880688e-13,8.483446796350393851e-13,3.800243215938801658e-13,4.176975486784052218e-13,4.471837226724085190e-13,4.688027067356377466e-13,5.041425102262224122e-13,4.434840433108880177e-13,4.514275480982609063e-13,3.922031888753676107e-13,3.951347197569044336e-13,5.329895677055674347e-13,7.362007336725675065e-13,1.248420624622861382e-12,3.307897443433826376e-13,3.528674394984671734e-13,3.950591863678672896e-13,4.356451013489478720e-13,4.854163680551055700e-13,4.531473821938096919e-13,4.018246913133917620e-13,3.653098356840494588e-13,3.922122225424444553e-13,4.703667270025948439e-13,7.246616110269391410e-13,9.014277575586763122e-13,3.259222075613019499e-13,3.189439387124465494e-13,3.523618819398819600e-13,3.993643723985094286e-13,4.517667800751395457e-13,4.077019566177695167e-13,4.253057161638134380e-13,4.329056403652659217e-13,4.520611053488986291e-13,6.895500286532117112e-13,1.111752870893941302e-12,2.623395224141041576e-13,3.035818337455128817e-13,3.969308285197064953e-13,3.945853492597868260e-13,4.651679897792547537e-13,4.075258420603392110e-13,4.972378574786093687e-13,6.503290676645841260e-13,6.606687265439309191e-13,8.664457476002563274e-13,4.674162674372184331e-13,6.114304989489574108e-13,6.625715417743420699e-13,6.767473966322836109e-13,8.131299422411885925e-13,8.296953093755499127e-13,1.102632650900096132e-12,3.134147989912904001e-12,1.151206696532891054e-12,9.928496548570203347e-13
4.222315631826489784e-13,5.833174202340479548e-13,4.712025028387599476e-13,4.725820512554230458e-13,5.140559921297856654e-13,4.713364567676301424e-13,4.542366778344696645e-13,5.267036107375998514e-13,4.047201469456929434e-13,3.972441333352126597e-13,3.423708388027395533e-13,4.400384256604577866e-13,4.259819600273104594e-13,4.815735135779128138e-13,4.672842292800502094e-13,5.342465805955182971e-13,4.848185856990980956e-13,4.140423862189988266e-13,4.366868205220286886e-13,4.180630340274801116e-13,4.568053100944518162e-13,6.606223014590833717e-13,8.666537246634851931e-13,3.880301520859944078e-13,4.266897078524811927e-13,4.566175758196785739e-13,4.787639873492727394e-13,5.150135148250627845e-13,4.529162776531365007e-13,4.609286569028308593e-13,4.007060237341385521e-13,4.036653704806601425e-13,5.449896352938227471e-13,7.524267628831546691e-13,1.275044452098384277e-12,3.379748133711964500e-13,3.604980331020127641e-13,4.038272389317780775e-13,4.457720613750933429e-13,4.968208833327323374e-13,4.630325453592568104e-13,4.105640142659616560e-13,3.731214075375217023e-13,4.007862167364630488e-13,4.811798697768695051e-13,7.418878514957410154e-13,9.227642598657181665e-13,3.330879996257647945e-13,3.258276463273575536e-13,3.602101382409484630e-13,4.082955993014072709e-13,4.618139024043113784e-13,4.166070673085617522e-13,4.347535961088612138e-13,4.424712191684168007e-13,4.619937177589617536e-13,7.052480205174267944e-13,1.138207113781395466e-12,2.680410024151245544e-13,3.102998717230944473e-13,4.060471183480399261e-13,4.034283370835520009e-13,4.757888912015545815e-13,4.165685786157010667e-13,5.084351192277339742e-13,6.657481520693593217e-13,6.756311934136029542e-13,8.860706726892811226e-13,4.779921269152119858e-13,6.261472428815350141e-13,6.785098553333718217e-13,6.929386114564608477e-13,8.325663414687195432e-13,8.490625480877965985e-13,1.126912792521901230e-12,2.932761606625872844e-12,1.178592161155983941e-12,1.016761495873526977e-12
4.340606753143458551e-13,5.993782435011565791e-13,4.841918489583946618e-13,4.857048589172754060e-13,5.282777868040181710e-13,4.844803974295582591e-13,4.671050954354740112e-13,5.417785387200478873e-13,4.163474149334680824e-13,4.084918869879322750e-13,3.520155844006057678e-13,4.521999743255667062e-13,4.378736992730610625e-13,4.949496026738134660e-13,4.803347402399301020e-13,5.492569413216086333e-13,4.988442200726716291e-13,4.258080823754297945e-13,4.491113022035023565e-13,4.298108154714563452e-13,4.696138281019905493e-13,6.793990243137462005e-13,8.915760467605344031e-13,3.989950593158177028e-13,4.389376607875463100e-13,4.695336681907679639e-13,4.923772910316452196e-13,5.298143704380058664e-13,4.658034592271402256e-13,4.739445679071581987e-13,4.122666434588397960e-13,4.152762562351926221e-13,5.611447973281138405e-13,7.743941936129744747e-13,1.311395482594104541e-12,3.477389968118109713e-13,3.708795155342336430e-13,4.156761762480922701e-13,4.592845179169015132e-13,5.119886794933728853e-13,4.764511895288251748e-13,4.224364055112018091e-13,3.837796320573333222e-13,4.124186582942567301e-13,4.956542140126498196e-13,7.647072535260648709e-13,9.510706866945234865e-13,3.427954962976271640e-13,3.351976178835566459e-13,3.708061868775562145e-13,4.203408994432136616e-13,4.753840688816098336e-13,4.286913660810513134e-13,4.475182109035114018e-13,4.554128934307796012e-13,4.754517210683573804e-13,7.263181449164737196e-13,1.173235417478514688e-12,2.757879203616578133e-13,3.193854492463456808e-13,4.182533814380833150e-13,4.153479869690230427e-13,4.900330025848127908e-13,4.287894272391071401e-13,5.235087347448311536e-13,6.861928893460259787e-13,6.957425819530381881e-13,9.124482420610852137e-13,4.922106324197345025e-13,6.455304179298867898e-13,6.995102250154569721e-13,7.143321753790755995e-13,8.580348601556765511e-13,8.748718793820617531e-13,1.159791474850024130e-12,2.773483361469456887e-12,1.214474118003078049e-12,1.048176231122631279e-12
4.508245388316481855e-13,6.222414020489538247e-13,5.026770046151628659e-13,5.043446864970153653e-13,5.484980134383887442e-13,5.031299574415919142e-13,4.852889585020846907e-13,5.630232500008542580e-13,4.327172429108442742e-13,4.243878975095400926e-13,3.656642430984031188e-13,4.694955352587244616e-13,4.547419244780930982e-13,5.139479241527702136e-13,4.988443975053945635e-13,5.705132127795559430e-13,5.185541661435630078e-13,4.424204441279291493e-13,4.666481622440614987e-13,4.464462980124040020e-13,4.877616201561846848e-13,7.059091131254536176e-13,9.266546409430279715e-13,4.144995579561685073e-13,4.561851847381032536e-13,4.877921833247641913e-13,5.115952189867128256e-13,5.506503040322127144e-13,4.839930564851711113e-13,4.923523316558213012e-13,4.285244077181702552e-13,4.316177885281314476e-13,5.836968762832174822e-13,8.051886809521499231e-13,1.362675859993118123e-12,3.614654206050030658e-13,3.854861874551307294e-13,4.322638801635338455e-13,4.780232769196324426e-13,5.329732406950058670e-13,4.952994130072008418e-13,4.391223658791467028e-13,3.988077946574826973e-13,4.287512918561274828e-13,5.157743685763961052e-13,7.961876845499523743e-13,9.901624006218633841e-13,3.564103143041999359e-13,3.483859812264538225e-13,3.856296078061248623e-13,4.371783036043007698e-13,4.943737505207968180e-13,4.456611843717134095e-13,4.653846271920415744e-13,4.735460172345837725e-13,4.943289878554128077e-13,7.556655491302902740e-13,1.221544066213878569e-12,2.866773643402771747e-13,3.321119601869875359e-13,4.352241879887718872e-13,4.320028042710935541e-13,5.098610919705132030e-13,4.458985192314353749e-13,5.445502316279763734e-13,7.144161959573873267e-13,7.237841956868787142e-13,9.492260121840470011e-13,5.120397035576696204e-13,6.721664080215511680e-13,7.283757231326192980e-13,7.437933228706176916e-13,8.929458231904710819e-13,9.106304674467581599e-13,1.205889030646408438e-12,2.657520235094847065e-12,1.263670621546888452e-12,1.091284824378161047e-12
4.757079759220764060e-13,6.562885466803616279e-13,5.301985696319010379e-13,5.320587452332599843e-13,5.785823301823070088e-13,5.308365713115106000e-13,5.122236022980475612e-13,5.944306846343154814e-13,4.569006015369194959e-13,4.479361363136069164e-13,3.859027313621406929e-13,4.952334074996003534e-13,4.797971960365709961e-13,5.421933650709400057e-13,5.263351805006400003e-13,6.020477927940704044e-13,5.476330310680098578e-13,4.670131219400196384e-13,4.926033784350267004e-13,4.711251570987067599e-13,5.146949731697854932e-13,7.451524980940600914e-13,9.784665920744396692e-13,4.374766700066454411e-13,4.816692976126391235e-13,5.148452025163080896e-13,5.400417324780968183e-13,5.814293795077545948e-13,5.109139613131030115e-13,5.196352144826510128e-13,4.525228209482502351e-13,4.557538000081834782e-13,6.168102069227979253e-13,8.505401032873326682e-13,1.438541051348892318e-12,3.817219814219904039e-13,4.070550206057553053e-13,4.566693238174547667e-13,5.054095301542840633e-13,5.635917045258135030e-13,5.230976727163037033e-13,4.637419253173967353e-13,4.210333374010317397e-13,4.528324259855711459e-13,5.452281058060928049e-13,8.420329722749200124e-13,1.047132456845995149e-12,3.764682922662325936e-13,3.678657048539088282e-13,4.074283923336677645e-13,4.619245661438823858e-13,5.223051201792047549e-13,4.706847097988821639e-13,4.916680620698460447e-13,5.002417834278521646e-13,5.221422204862564507e-13,7.986876268927450900e-13,1.291883093754548194e-12,3.027462164995167440e-13,3.508442354553070366e-13,4.600711764757394370e-13,4.564733990373466674e-13,5.389162335153099747e-13,4.710718510018152710e-13,5.754447812747184358e-13,7.555361263495774956e-13,7.649229242346349908e-13,1.003180021572660523e-12,5.411346367679532244e-13,7.108650901192776795e-13,7.703191547440094616e-13,7.866498191455633647e-13,9.436410330085651770e-13,9.628567696270494975e-13,1.273785222350536497e-12,2.592216124929166016e-12,1.335140452113533466e-12,1.153880775735931413e-12
5.154922115448991395e-13,7.108462031610131281e-13,5.742931398446480540e-13,5.764200820587345738e-13,6.267596127203113829e-13,5.751613436535340123e-13,5.552250881246936644e-13,6.445059691279786689e-13,4.954393957310200297e-13,4.855339997267041895e-13,4.182376448397814734e-13,5.364559436998661090e-13,5.198750904104539620e-13,5.874028411901901621e-13,5.703056888657189686e-13,6.524468731339293340e-13,5.939308366824120910e-13,5.062601157063014657e-13,5.340181109999123024e-13,5.105668954678460634e-13,5.577518694675296936e-13,8.077775623269167217e-13,1.061022064819297142e-12,4.741723995119545126e-13,5.222854527154929787e-13,5.580442419819989204e-13,5.854351112142551575e-13,6.304765955081758333e-13,5.538691118962803663e-13,5.632109022524496583e-13,4.907457681537537197e-13,4.942111020514410390e-13,6.693611320901411899e-13,9.226576808370180661e-13,1.559555329476714398e-12,4.139795446278173120e-13,4.414166872529731502e-13,4.954541351358998759e-13,5.487392922503968142e-13,6.119858553185186285e-13,5.673465456453327356e-13,5.029422891957355870e-13,4.564787233014748435e-13,4.911569386333108964e-13,5.918785222613205619e-13,9.144112579992810652e-13,1.137111336749416548e-12,4.083728953600105916e-13,3.989049265132237979e-13,4.420591439323540936e-13,5.012225589051498223e-13,5.666844747834765112e-13,5.105121454045141387e-13,5.334336674734991372e-13,5.426840774154237278e-13,5.663847590103424725e-13,8.668906662776665416e-13,1.402918766205724651e-12,3.283341859665594835e-13,3.806218686790936136e-13,4.994290080372986566e-13,4.953258387677141574e-13,5.849654033333729279e-13,5.110777842376875262e-13,6.244737503302964979e-13,8.204707588519041586e-13,8.301728449299514460e-13,1.088754071895680130e-12,5.872876695946270168e-13,7.718903344422853134e-13,8.364641145975969528e-13,8.542689785961890874e-13,1.023654046133894638e-12,1.045452211021422953e-12,1.381761743807606544e-12,2.598371647892412974e-12,1.448000031791253302e-12,1.252595256689292704e-12
5.881932013882663201e-13,8.106812490584930199e-13,6.549755752803620970e-13,6.575444938069264368e-13,7.148844866784263278e-13,6.561893284374563388e-13,6.337354577984244363e-13,7.358564914197569404e-13,5.657249908451900768e-13,5.541822550213446289e-13,4.773008316207112819e-13,6.118664312024189967e-13,5.931341073439593510e-13,6.700734383332359912e-13,6.506758887520092045e-13,7.445225506558932374e-13,6.783197889522118544e-13,5.778988128929555351e-13,6.096060162926699453e-13,5.826247680945089648e-13,6.364275403015510136e-13,9.220825699877050529e-13,1.211562691620132585e-12,5.411842302480925699e-13,5.963642985192188234e-13,6.369248074875799565e-13,6.682880683682384453e-13,7.199229976628651374e-13,6.322678464248390210e-13,6.427898562518603974e-13,5.604322205941669997e-13,5.643414006120373137e-13,7.649663018720583659e-13,1.054009809156495334e-12,1.780369132619818081e-12,4.727845475031481843e-13,5.040728510824840937e-13,5.660719700493783169e-13,6.274386817574622259e-13,6.998390023881469699e-13,6.479901578260434556e-13,5.743976922875682420e-13,5.211520772403238158e-13,5.609957937003561658e-13,6.766561103153653577e-13,1.045736862724750537e-12,1.300398585966081588e-12,4.664947077668594675e-13,4.555093472981162840e-13,5.051014824586912001e-13,5.727447326501650947e-13,6.474787423268198683e-13,5.830930348476795243e-13,6.094746299536176183e-13,6.199798433940902544e-13,6.469842795681862976e-13,9.908943785901493811e-13,1.604372779638397054e-12,3.749807927996001091e-13,4.348496061978317674e-13,5.709583154585888299e-13,5.660290950172348867e-13,6.686801719970831872e-13,5.839197345615677478e-13,7.136710946461570477e-13,9.383028725643559771e-13,9.488408549843079564e-13,1.244379140255725050e-12,6.712357290463650341e-13,8.825972207651683867e-13,9.564553966281322419e-13,9.769384087479482909e-13,1.169064352256243724e-12,1.195429727309227079e-12,1.578434258608838806e-12,2.736865891637344852e-12,1.653207738613232721e-12,1.431769035084395844e-12
7.677177237673532465e-13,1.057291981585209656e-12,8.542808219705034552e-13,8.579165316581343277e-13,9.325447750678578026e-13,8.562929436502690615e-13,8.275578142195619892e-13,9.613262527987177008e-13,7.392021697979301577e-13,7.236641494682478124e-13,6.231373140545661776e-13,7.981343050434870155e-13,7.740519710532545718e-13,8.742476638057160064e-13,8.491465974456863905e-13,9.718633036260469343e-13,8.865731328796786058e-13,7.547497011341510724e-13,7.961996762271006225e-13,7.605497822350619472e-13,8.306982937127208409e-13,1.204228378788224148e-12,1.583042917193884200e-12,7.066349000175349672e-13,7.792039323108819551e-13,8.316667984033132161e-13,8.728142124190524224e-13,9.406783239416501023e-13,8.257983974041423070e-13,8.392622283575489996e-13,7.324178177440841316e-13,7.374310379665680461e-13,1.000816786759245155e-12,1.378071201169785948e-12,2.325299435187721082e-12,6.179165036607680304e-13,6.587154963692062880e-13,7.403122929313973618e-13,8.215822180245424963e-13,9.165777933616078617e-13,8.469974323686445042e-13,7.507414918241748433e-13,6.807954242616256591e-13,7.333408680277696241e-13,8.857858841469123699e-13,1.369765547599825173e-12,1.703231917843086427e-12,6.099209176771352500e-13,5.952211489621781470e-13,6.606486276330996941e-13,7.492046741465672588e-13,8.468188088373273914e-13,7.622050883596452626e-13,7.970914608003415744e-13,8.107014575906077428e-13,8.458671703628370925e-13,1.296760444963330044e-12,2.101392386296965117e-12,4.901137759872028793e-13,5.686600720049411313e-13,7.474145893794639750e-13,7.404669361273170212e-13,8.751911657474758392e-13,7.636470210804888614e-13,9.337176726589415967e-13,1.229026739878986991e-12,1.241557019520506935e-12,1.628221745770322912e-12,8.783587683976911367e-13,1.155995786575525412e-12,1.252745571327442237e-12,1.279704710923794200e-12,1.529046199086888388e-12,1.565348085948722217e-12,2.063629913123009287e-12,3.261335456952456799e-12,2.161424468827375969e-12,1.874688416919120995e-12
0.000000000000000000e+00,0.000000000000000000e+00,0.000000000000000000e+00,0.000000000000000000e+00,0.000000000000000000e+00,0.000000000000000000e+00,0.000000000000000000e+00,0.000000000000000000e+00,0.000000000000000000e+00,0.000000000000000000e+00,0.000000000000000000e+00,0.000000000000000000e+00,0.000000000000000000e+00,0.000000000000000000e+00,0.000000000000000000e+00,0.000000000000000000e+00,0.000000000000000000e+00,0.000000000000000000e+00,0.000000000000000000e+00,0.000000000000000000e+00,0.000000000000000000e+00,0.000000000000000000e+00,0.000000000000000000e+00,0.000000000000000000e+00,0.000000000000000000e+00,0.000000000000000000e+00,0.000000000000000000e+00,0.000000000000000000e+00,0.000000000000000000e+00,0.000000000000000000e+00,0.000000000000000000e+00,0.000000000000000000e+00,0.000000000000000000e+00,0.000000000000000000e+00,0.000000000000000000e+00,0.000000000000000000e+00,0.000000000000000000e+00,0.000000000000000000e+00,0.000000000000000000e+00,0.000000000000000000e+00,0.000000000000000000e+00,0.000000000000000000e+00,0.000000000000000000e+00,0.000000000000000000e+00,0.000000000000000000e+00,0.000000000000000000e+00,0.000000000000000000e+00,0.000000000000000000e+00,0.000000000000000000e+00,0.000000000000000000e+00,0.000000000000000000e+00,0.000000000000000000e+00,0.000000000000000000e+00,0.000000000000000000e+00,0.000000000000000000e+00,0.000000000000000000e+00,0.000000000000000000e+00,0.000000000000000000e+00,0.000000000000000000e+00,0.000000000000000000e+00,0.000000000000000000e+00,0.000000000000000000e+00,0.000000000000000000e+00,0.000000000000000000e+00,0.000000000000000000e+00,0.000000000000000000e+00,0.000000000000000000e+00,0.000000000000000000e+00,0.000000000000000000e+00,0.000000000000000000e+00,0.000000000000000000e+00,0.000000000000000000e+00,0.000000000000000000e+00,0.000000000000000000e+00,0.000000000000000000e+00,0.000000000000000000e+00,0.000000000000000000e+00,0.000000000000000000e+00
