1.889855110655215054e+00,5.155670591796419622e-01,6.315210837031520752e-01,4.338650425407549194e-01,1.891208567646561312e+00,9.538490320044544779e-01,3.365047024031508460e+00,2.400952266919204714e+00,2.145516655170915943e+00,3.098417811260615551e+00,4.200431160915515605e+00,2.420392362609772086e+00,9.429181430498978500e-01,3.643292783595649453e+00,3.713040269533752546e+00,2.830884698544899436e+00,3.511466172923987106e+00,4.372924906967555536e+00,3.748873637042389628e+00,3.698210849213227736e+00,3.024859830137546446e+00,8.545085630582675007e-01,3.553572848414352503e-01,1.301027316504484999e+00,4.163600133104297996e+00,3.757055898405157190e+00,3.551633653850543304e+00,3.055152538972842002e+00,3.336234306636050029e+00,2.953521734076365757e+00,3.656462271988428103e+00,3.440124852529627297e+00,2.094965545714008393e+00,1.127075159906467450e+00,1.195233827398612947e-01,2.968195890857913355e+00,5.045324139435408028e+00,4.583390380896503302e+00,4.341215179235213384e+00,3.848734454473882405e+00,3.789789700550484586e+00,4.367781681985693609e+00,4.548741759781650629e+00,4.195799600543858254e+00,2.552799272631493199e+00,6.223393868602107304e-01,2.719151895272453046e-01,4.290956186846480946e+00,5.392090933694002608e+00,4.879683979764311452e+00,4.379528084815000000e+00,3.441118076516969104e+00,3.966130493895582809e+00,4.071534200364653522e+00,3.598597032885545222e+00,3.883245069957321771e+00,1.278777121423055219e+00,1.359084721028384901e-01,7.252484414373235877e-01,2.951911122947802557e+00,1.718408165564703882e+00,1.878514207222545362e+00,1.960140679710580924e+00,3.643057894610690184e+00,2.262215408570966702e+00,1.584740183231113875e+00,2.148563461687405862e+00,4.870276006065839547e-01,2.214916676959147734e-01,8.649199052634589657e-01,1.140285982698861611e+00,8.133352375585671812e-01,8.367992796450678394e-01,1.187809926752265488e+00,1.079502240932837254e-01,2.283641724157404185e-01,2.779585784150652161e-01,3.289546174761724673e-02
1.889855110651170733e+00,5.155670591758814147e-01,6.315210836992056764e-01,4.341677028248393522e-01,1.891208567642686189e+00,9.538490320005010847e-01,3.365047024027515654e+00,2.400952266915320266e+00,2.145516655166824105e+00,3.098417811256517940e+00,4.200431160911315409e+00,2.420392362605768177e+00,9.434157629153095970e-01,3.643292783591715267e+00,3.713040269529791715e+00,2.830884698541048738e+00,3.511466172920028939e+00,4.372924906963487679e+00,3.748873637038362627e+00,3.698210849209174533e+00,3.024859830133564742e+00,8.545085630545623534e-01,3.553572848378692139e-01,1.301027316500372066e+00,4.163600133100247014e+00,3.757055898401169713e+00,3.551633653846591354e+00,3.055152538968935794e+00,3.336234306632052338e+00,2.953521734072387162e+00,3.656462271984326051e+00,3.440124852525532795e+00,2.094965545710087973e+00,1.127075159902776624e+00,1.195233827365451001e-01,2.968195890853689178e+00,5.045324139431230925e+00,4.583390380892394589e+00,4.341215179231111776e+00,3.848734454469800337e+00,3.789789700546492668e+00,4.367781681981607989e+00,4.548741759777502836e+00,4.195799600539752205e+00,2.552799272627459093e+00,6.223393868562464570e-01,2.719151895233749006e-01,4.290956186842243447e+00,5.392090933689758891e+00,4.879683979760119250e+00,4.379528084810894839e+00,3.441118076512954538e+00,3.966130493891506070e+00,4.071534200360600764e+00,3.598597032881509783e+00,3.883245069953320971e+00,1.278777121419247820e+00,1.359084720989622297e-01,7.252484414329585238e-01,2.951911122943517096e+00,1.718408165560567191e+00,1.878514207218430210e+00,1.960140679706553923e+00,3.643057894606604563e+00,2.262215408567003649e+00,1.584740183227127064e+00,2.148563461683591580e+00,4.870276006029183868e-01,2.214916676919026217e-01,8.649199052592929648e-01,1.140285982694728029e+00,8.133352375545201962e-01,8.367992796406454881e-01,1.187809926748461420e+00,1.079502240898205651e-01,2.283641723987247518e-01,2.779585784106306523e-01,3.289546174341456686e-02
1.890007005928200590e+00,5.155670593027178450e-01,6.317412043736406746e-01,4.341677028020273221e-01,1.891237805034919228e+00,9.539382358120345184e-01,3.365270430807986379e+00,2.400952266982574468e+00,2.145717707023187426e+00,3.098490248559985893e+00,4.200549066888164873e+00,2.423315053016710685e+00,9.434157628920069039e-01,3.643343451427624391e+00,3.713232454732743992e+00,2.830884698924157394e+00,3.511466173080071584e+00,4.373176279659060306e+00,3.758186743794552864e+00,3.707962548918331436e+00,3.027282566593229696e+00,8.545085630637407892e-01,3.553572848371487902e-01,1.301475608800820138e+00,4.164411191640622789e+00,3.757964358417388073e+00,3.552342126419771873e+00,3.055152539043948234e+00,3.343419851423925060e+00,2.972190311840976040e+00,3.686534571180664521e+00,3.481783853626043257e+00,2.094965545721555689e+00,1.127075159903161206e+00,1.195233827342041255e-01,2.968253030035553408e+00,5.046031921759734473e+00,4.583789433632599497e+00,4.341215179249609868e+00,3.848734454473977440e+00,3.789789732965433533e+00,4.369681401700922230e+00,4.561866491278284919e+00,4.211473035708286794e+00,2.552799272643441419e+00,6.223393868542390628e-01,2.719151895206848857e-01,4.299005309526494401e+00,5.400430561459113932e+00,4.892175227394487180e+00,4.383619882578406290e+00,3.441118076601359377e+00,3.977856463014868726e+00,4.071534206497839925e+00,3.598597077144509715e+00,3.883245070275063604e+00,1.278777121419129026e+00,1.359084720957721981e-01,7.253315361248704463e-01,2.955011947568012776e+00,1.718408165638172669e+00,1.906811897793143862e+00,1.960140679730811408e+00,3.677471000768381959e+00,2.262215408589094867e+00,1.584740183225870069e+00,2.148563461684399378e+00,4.870276006012290160e-01,2.214916677214623375e-01,8.649199052572851265e-01,1.140285982692417877e+00,8.133352375525191302e-01,8.367992796370470332e-01,1.187809926746375311e+00,1.079502240875451907e-01,2.283641723816110525e-01,2.779585784066583853e-01,3.289546173988421029e-02
1.890152064820007638e+00,5.183753183386435870e-01,6.319514180208225529e-01,4.341677027850994741e-01,1.891265726543778447e+00,9.540234248368076875e-01,3.365483782684838054e+00,2.414507106247039125e+00,2.145909710096792544e+00,3.098559425674543011e+00,4.200661666238520553e+00,2.426106200716994010e+00,9.434157628746926427e-01,3.643391838881405054e+00,3.713415990222376006e+00,2.831448709695204791e+00,3.512976619663374489e+00,4.373416338754750221e+00,3.767080691749637111e+00,3.717275349870554635e+00,3.029596261994335737e+00,8.545085631533654302e-01,3.553572848418996011e-01,1.301903724648406646e+00,4.165185746591395954e+00,3.758831931055848674e+00,3.553018712610654717e+00,3.061681022240135608e+00,3.350281993494778288e+00,2.990018665260534281e+00,3.715253394002150156e+00,3.521567890860007655e+00,2.094965545818482600e+00,1.127075159912092062e+00,1.195233827334234444e-01,2.968307597553824451e+00,5.046707848662812523e+00,4.584170526147160807e+00,4.341215179442920125e+00,3.848734454496980373e+00,3.792158625772965141e+00,4.371495620005728888e+00,4.574400512580583111e+00,4.226441050147059286e+00,2.552799272800678754e+00,6.223393868552639097e-01,2.719151895197033375e-01,4.306692162040384630e+00,5.408394844168635807e+00,4.904104276322741818e+00,4.387527519329234238e+00,3.457415110223514443e+00,3.989054676665946264e+00,4.075392062354040945e+00,3.619033968491782272e+00,3.886083674516412234e+00,1.278777121426043717e+00,1.359084720935165858e-01,7.254108909542344996e-01,2.957973212118868211e+00,1.761294477544082637e+00,1.933835982699021239e+00,2.045793236541249449e+00,3.710335262183245053e+00,2.266593615036317733e+00,1.584740183229147226e+00,2.148563461694832810e+00,4.870276006029032323e-01,2.223858063841603616e-01,8.649199052584727321e-01,1.140285982692755162e+00,8.133352375536314627e-01,8.367992796344951856e-01,1.187809926747000588e+00,1.079502240871733909e-01,2.283641723643960730e-01,2.779585784032651552e-01,3.289546173722598943e-02
1.890290594996619999e+00,5.210571849334028061e-01,6.321521705070399788e-01,4.341677027704060055e-01,1.891292391395295258e+00,9.541047797378358064e-01,3.365687532161798945e+00,2.427451877302478245e+00,2.146093071622456439e+00,3.098625489316296555e+00,4.200769197790346077e+00,2.428771726086960125e+00,9.434157628596624434e-01,3.643438048554794140e+00,3.713591265268183506e+00,2.831987335834647457e+00,3.514419084996641018e+00,4.373645593423596267e+00,3.775574346122199110e+00,3.726169005745419760e+00,3.031805823962375079e+00,8.667636210008419217e-01,3.553572848581646459e-01,1.302312572118225376e+00,4.165925440843554206e+00,3.759660456509611226e+00,3.553664847430265894e+00,3.067915675342891557e+00,3.356835288314334864e+00,3.007044610613123670e+00,3.742679656889989825e+00,3.559561351473734980e+00,2.118507164731772363e+00,1.127075159941316462e+00,1.195233827352476241e-01,2.968359709138562952e+00,5.047353353854338032e+00,4.584534466697093968e+00,4.341472758923307751e+00,3.848734454567124263e+00,3.794420900878307190e+00,4.373228185053174677e+00,4.586370410007035936e+00,4.240735392980067076e+00,2.617400347665982174e+00,6.223393868612068225e-01,2.719151895212418291e-01,4.314033049211372983e+00,5.416000675117300212e+00,4.915496429623149588e+00,4.391259283486624199e+00,3.472978656565536060e+00,3.999748887698755251e+00,4.079076286135182805e+00,3.638551048248493291e+00,3.888794520564210710e+00,1.278777121447681075e+00,1.359084720925367584e-01,7.254866742344836528e-01,2.960801197819947106e+00,1.802250587537372661e+00,1.959643783458892896e+00,2.127590819508863085e+00,3.741720388207232517e+00,2.327872430807357507e+00,1.584740183240542999e+00,2.148563461728048907e+00,4.870276006107597810e-01,2.232397024407757891e-01,8.649199052645405450e-01,1.140285982697029743e+00,8.133352375596738515e-01,8.367992796332728300e-01,1.187809926752120937e+00,1.079502240899985616e-01,2.283641723470820062e-01,2.779585784005945137e-01,3.289546173569817683e-02
1.890422890294392699e+00,5.236183476643013757e-01,6.323438876497410321e-01,4.341677027569365577e-01,1.891317856140165787e+00,9.541824730730761317e-01,3.365882111410827271e+00,2.439814037711256933e+00,2.146268180528087655e+00,3.098688579610505478e+00,4.200871889629450351e+00,2.431317283058852308e+00,9.434157628458899048e-01,3.643482178458168352e+00,3.713758651645348241e+00,2.832501719820405217e+00,3.515796628715722516e+00,4.373864529939829104e+00,3.783685723084639019e+00,3.734662381174625345e+00,3.033915939267966433e+00,8.784671112229849310e-01,3.553572849501248632e-01,1.302703018426385029e+00,4.166631843379652977e+00,3.760451692184290096e+00,3.554281901404691357e+00,3.073869722855431252e+00,3.363093636290669597e+00,3.023304262203544202e+00,3.768871534618024821e+00,3.595844824684508723e+00,2.171852124426784769e+00,1.183211272710793516e+00,1.195233827430389195e-01,2.968409475321388324e+00,5.047969806532750958e+00,4.584882027236862889e+00,4.341718745878274888e+00,3.849569098759887620e+00,3.796581356848631295e+00,4.374882771837813600e+00,4.597801573310500878e+00,4.254386384416876332e+00,2.679093895838439821e+00,6.223393868778811511e-01,2.719151895271398889e-01,4.321043542040741592e+00,5.423264187288737936e+00,4.926375851572844411e+00,4.394823090605582294e+00,3.487841727960049099e+00,4.009961779958985950e+00,4.082594692550161497e+00,3.657189714734703667e+00,3.891383358461219188e+00,1.278777121564389052e+00,1.359084720934597423e-01,7.255590467093773199e-01,2.963501903203830334e+00,1.841363368967555036e+00,1.984290041861425768e+00,2.205706904960706094e+00,3.771692950885421336e+00,2.386393245702197685e+00,1.584740183276438286e+00,2.160065907330495527e+00,4.870276006389958612e-01,2.240551669195773865e-01,8.649199052798112186e-01,1.140285982708290735e+00,8.133352375758383657e-01,8.367992796338333816e-01,1.187809926767601221e+00,1.079502241003426621e-01,2.283641723296718495e-01,2.779585783988647862e-01,3.289546173572790999e-02
1.890549231326804414e+00,5.260642390916009381e-01,6.325269761037312088e-01,4.341677027442530923e-01,1.891342174787929986e+00,9.542566696369306767e-01,3.366067933156400294e+00,2.451619809259030891e+00,2.146435408239665055e+00,3.098748830377616947e+00,4.200969959577316892e+00,2.433748271097872617e+00,9.434157628329299383e-01,3.643524322193412157e+00,3.713918504399257081e+00,2.832992952721027358e+00,3.517112172764047973e+00,4.374073612694089341e+00,3.791432027951164851e+00,3.742773491743570879e+00,3.035931083745100789e+00,8.896438576449822166e-01,3.694115814438375667e-01,1.303075891759550409e+00,4.167306452569928155e+00,3.761207316392688682e+00,3.554871183382073418e+00,3.079555794097060595e+00,3.369070312214358154e+00,3.038832108928643194e+00,3.793884583666890187e+00,3.630495272600143597e+00,2.222796165476605079e+00,1.236820846898499804e+00,1.195233827686536937e-01,2.968457001660790961e+00,5.048558514274299469e+00,4.585213944982822198e+00,4.341953661636781092e+00,3.850366177943374879e+00,3.798644576291375863e+00,4.376462889955748281e+00,4.608718249518536147e+00,4.267422980036308822e+00,2.738010776987030770e+00,6.223393869242365151e-01,2.719151895407713182e-01,4.327738510721166776e+00,5.430200787564151810e+00,4.936765618880468942e+00,4.398226499990724569e+00,3.502035850958833407e+00,4.019715016355405623e+00,4.085954744600499566e+00,3.674989503051157680e+00,3.893855679468831266e+00,1.326672669205139599e+00,1.359084720971748539e-01,7.256281618891262664e-01,2.966081056826394224e+00,1.878715785266510618e+00,2.007827035917094438e+00,2.280307187443448402e+00,3.800316526034505760e+00,2.442280190080268643e+00,1.584740183656189627e+00,2.185376170784543604e+00,4.895232461315822126e-01,2.248339294725438253e-01,8.649199053138904025e-01,1.140285982732512471e+00,8.133352376162767960e-01,8.367992796367492714e-01,1.187809926815320605e+00,1.079502241348767044e-01,2.283641723121670741e-01,2.779585783983392622e-01,3.289546173786511707e-02
1.890669886078636175e+00,5.284000472751454458e-01,6.327018242225229683e-01,4.341677027321197979e-01,1.891365398919464536e+00,9.543275268083259988e-01,3.366245391549137267e+00,2.462894233564810964e+00,2.146595109467645202e+00,3.098806369416117867e+00,4.201063615652428140e+00,2.436069846654183024e+00,9.434157628205426249e-01,3.643564569151104493e+00,3.714071162597105680e+00,2.833462076503599381e+00,3.518368507582222193e+00,4.374273285177204151e+00,3.798829691670898789e+00,3.750519542203754497e+00,3.037855531783495877e+00,9.003175676238138747e-01,3.828333304351820288e-01,1.303431983030700181e+00,4.167950699348653032e+00,3.761928931912871921e+00,3.555433943305564171e+00,3.084985949981977171e+00,3.374777993413982102e+00,3.053661087431011278e+00,3.817771860065195533e+00,3.663586193464442253e+00,2.271447346993664240e+00,1.288017592817483514e+00,1.195233828350133753e-01,2.968502388965156946e+00,5.049120725805551047e+00,4.585530923973928807e+00,4.342178004459559482e+00,3.851127382685253675e+00,3.800614935567552699e+00,4.377971891047056197e+00,4.619143594363595895e+00,4.279872832203255761e+00,2.794275961688530874e+00,6.223393870371802805e-01,2.719151895663141638e-01,4.334132156177345152e+00,5.436825189401561786e+00,4.946687769633288490e+00,4.401476730725867093e+00,3.515591133193928908e+00,4.029029284807472244e+00,4.089163569402678888e+00,3.691988168931103154e+00,3.896216727706810268e+00,1.372412562154018634e+00,1.359084721046715794e-01,7.256941663753548877e-01,2.968544129416873290e+00,1.914387065909412433e+00,2.030304690742211537e+00,2.351549904139794034e+00,3.827651828091572117e+00,2.495651807626459995e+00,1.631016633980022945e+00,2.209547284769311393e+00,5.161692174138365896e-01,2.255776419467005744e-01,8.649199053798781733e-01,1.140285982777401008e+00,8.133352377035156788e-01,8.367992796426447777e-01,1.187809926937513305e+00,1.079502242257978639e-01,2.283641722945671804e-01,2.779585783993010484e-01,3.289546174270820134e-02
1.890785110473971686e+00,5.306307267756791290e-01,6.328688028815446787e-01,4.341677027203948436e-01,1.891387577795178521e+00,9.543951948838269583e-01,3.366414863000962043e+00,2.473661225192075541e+00,2.146747622958714796e+00,3.098861318773203699e+00,4.201153056511262918e+00,2.438286934100027725e+00,9.434157628085835245e-01,3.643603004699444092e+00,3.714216950046404175e+00,2.833910086240951642e+00,3.519568298022878405e+00,4.374463970920348110e+00,3.805894405679353998e+00,3.757916962965916596e+00,3.039693365394472213e+00,9.105108815248794674e-01,3.956510012323726788e-01,1.303772047556394309e+00,4.168565950248464880e+00,3.762618069386999498e+00,3.555971374863037937e+00,3.090171708596766820e+00,3.380228786645436134e+00,3.067822651961128688e+00,3.840584031927781528e+00,3.695187777556160569e+00,2.317908864650786160e+00,1.336910105613242417e+00,1.222108825299722812e-01,2.968545733506261275e+00,5.049657633651699840e+00,4.585833636563627635e+00,4.342392250201345227e+00,3.851854327587446392e+00,3.802496614071588343e+00,4.379412975904189764e+00,4.629099721399058787e+00,4.291762348722184761e+00,2.848008795937165605e+00,6.356765065913044799e-01,2.719151896151852932e-01,4.340238040187654356e+00,5.443151444044723952e+00,4.956163350042186444e+00,4.404580676984418020e+00,3.528536327234018444e+00,4.037924342126082422e+00,4.092227973302400734e+00,3.708221768822090869e+00,3.898471511273081003e+00,1.416093820829533723e+00,1.359084721178558386e-01,7.257572001718444188e-01,2.970896345481649714e+00,1.948452874462109241e+00,2.051770684454584881e+00,2.419586170398742464e+00,3.853756838895613157e+00,2.546621306692771647e+00,1.689789128491711701e+00,2.232630519438544958e+00,5.416159228659295222e-01,2.262878818519847568e-01,8.649199055276073356e-01,1.140285982866665826e+00,8.133352380006654281e-01,8.367992796525621779e-01,1.206131879737526891e+00,1.131390044896761760e-01,2.283641722768725568e-01,2.779585784021947892e-01,3.289546175128185007e-02
1.890895148918639634e+00,5.327610091625286648e-01,6.330282662643290648e-01,4.341677027089849150e-01,1.891408758458729578e+00,9.544598173958313003e-01,3.366576706982807199e+00,2.483943622372395854e+00,2.146893272213743487e+00,3.098913795003264138e+00,4.201238471869437774e+00,2.440404236174601227e+00,9.434157627969570470e-01,3.643639710364721118e+00,3.714356175981215813e+00,2.834337932220809986e+00,3.520714089001206748e+00,4.374646074392916084e+00,3.812641155181425656e+00,3.764981444950727951e+00,3.041448482868865266e+00,9.202454207313041090e-01,4.078917818242583371e-01,1.304096806658552765e+00,4.169153510298250431e+00,3.763276190567318658e+00,3.556484618018004973e+00,3.095124069629474839e+00,3.385434253771200996e+00,3.081346841095336409e+00,3.862369486928978191e+00,3.725367056071420269e+00,2.362279269553163363e+00,1.383602092853404297e+00,1.247774251841661658e-01,2.968587127223140776e+00,5.050170376665692906e+00,4.586122724844940990e+00,4.342596853302725712e+00,3.852548554590375929e+00,3.804293603094775822e+00,4.380789201260560262e+00,4.638607748904668426e+00,4.303116748850926321e+00,2.899323254275367745e+00,7.008574063068638837e-01,2.719151897080082647e-01,4.346069114150125756e+00,5.449192970327429997e+00,4.965212459082859908e+00,4.407544922651444708e+00,3.540898891569868923e+00,4.046419055919559860e+00,4.095154456310004853e+00,3.723724736364843135e+00,3.900624812864702751e+00,1.457809099025729305e+00,1.359084721396826845e-01,7.258173969813084270e-01,2.973142694385797480e+00,1.980985469070120519e+00,2.072270549303809162e+00,2.484560300260323817e+00,3.878686930673517885e+00,2.595296800417989935e+00,1.745916425116762261e+00,2.254674837419378797e+00,5.659173379650824787e-01,2.269661557002884411e-01,8.649199058408998386e-01,1.140285983046260165e+00,8.133352387223934388e-01,8.367992796680199241e-01,1.223629209189367240e+00,1.180942513893394746e-01,2.283641722590832313e-01,2.779585784076387123e-01,3.289546176508530151e-02
1.891000234818547510e+00,5.347954130496545000e-01,6.331805526136917717e-01,4.341677026978266740e-01,1.891428985836679066e+00,9.545215314169089860e-01,3.366731266786969101e+00,2.493763235448043680e+00,2.147032366173860396e+00,3.098963909415029416e+00,4.201320042904068686e+00,2.442426243959113119e+00,9.434157627855982442e-01,3.643674764004131816e+00,3.714489135717972346e+00,2.834746521961242660e+00,3.521808310892758698e+00,4.374819981860358808e+00,3.819084250936897185e+00,3.771727972871253165e+00,3.043124607045712970e+00,9.295418335046760072e-01,4.195816365440514506e-01,1.304406949194401921e+00,4.169714625791140605e+00,3.763904691416605885e+00,3.556974761427444953e+00,3.099853537701075634e+00,3.390405436284460894e+00,3.094262341451551546e+00,3.883174434939230313e+00,3.754188043305748845e+00,2.404652677276934547e+00,1.428192594500094614e+00,1.272284546413134099e-01,2.968626657917034617e+00,5.050660042443802844e+00,4.586398802012246811e+00,4.342792247752516488e+00,3.853211536239273372e+00,3.806009714291075152e+00,4.382103486274145254e+00,4.647687844681157365e+00,4.313960116793965405e+00,2.948328181547528626e+00,7.641553096499636988e-01,2.719151901090195445e-01,4.351637746554015251e+00,5.454962583136585330e+00,4.973854291128308347e+00,4.410375755288728605e+00,3.552705048857083714e+00,4.054531444614225322e+00,4.097949225887572489e+00,3.738529955431344920e+00,3.902681199922314992e+00,1.497646880435977712e+00,1.359084721790916050e-01,7.258748844889445495e-01,2.975287940936116815e+00,2.012053855727335527e+00,2.091847768251027695e+00,2.546610112563904238e+00,3.902494983491769265e+00,2.641781536049107704e+00,1.799517577325128626e+00,2.275726997662328888e+00,5.891250092459607846e-01,2.276139022001558987e-01,8.861016637690803943e-01,1.155361104550226115e+00,8.256679096163660470e-01,8.367992796923304777e-01,1.240339029325398634e+00,1.228264755773879197e-01,2.283641722412001751e-01,2.779585784168122076e-01,3.289546178755278771e-02
1.891100591074673876e+00,5.367382536800097137e-01,6.333259849490848747e-01,4.341677026868747680e-01,1.891448302833645512e+00,9.545804678504289376e-01,3.366878870255136214e+00,2.503140893134346179e+00,2.147165199875639807e+00,3.099011768307579295e+00,4.201397942638007699e+00,2.444357246402884876e+00,9.434157627744602648e-01,3.643708239970803842e+00,3.714616111281756616e+00,2.835136722135402021e+00,3.522853284688319597e+00,4.374986062203394255e+00,3.825237359615349941e+00,3.778170857017439932e+00,3.044725293208775163e+00,9.384198387820228415e-01,4.307453611383898484e-01,1.304703133017549366e+00,4.170250486927936429e+00,3.764504905069053997e+00,3.557442844750812405e+00,3.104370144646880547e+00,3.395152878729440715e+00,3.106596548537293501e+00,3.903043006042302476e+00,3.781711872436858357e+00,2.445118967499935181e+00,1.470776192983653141e+00,1.295691696466051701e-01,2.968664409437541174e+00,5.051127669632478501e+00,4.586662453661750405e+00,4.342978848007259529e+00,3.853844678804779988e+00,3.807648587761900849e+00,4.383358618719267241e+00,4.656359268828769160e+00,4.324315452788121128e+00,2.995127523773486455e+00,8.246043381735078670e-01,2.860073623431398926e-01,4.356955749214933782e+00,5.460472520594236379e+00,4.982107176662537107e+00,4.413079179471298019e+00,3.563979841537533666e+00,4.062278715673735441e+00,4.100618210115521300e+00,3.752668829875691170e+00,3.904645034318018126e+00,1.535691666332630101e+00,1.359084722647418420e-01,7.259297846332187776e-01,2.977336635487844774e+00,2.041723934646539451e+00,2.110543867201892798e+00,2.605867223279634715e+00,3.925231497421937110e+00,2.686174113941850461e+00,1.850706280315919106e+00,2.295831654619396645e+00,6.112881632753924821e-01,2.282324953078666840e-01,9.063300859628363737e-01,1.188774787725398019e+00,8.374455190578489194e-01,8.367992797326577747e-01,1.256296783730146194e+00,1.273457146327070522e-01,2.283641722232239990e-01,2.779585784318450159e-01,3.289546182636694793e-02
1.891196430555851737e+00,5.385936520787125703e-01,6.334648717517438188e-01,4.341677026760962788e-01,1.891466750423286936e+00,9.546367517081989496e-01,3.367019830473759967e+00,2.512096486700135856e+00,2.147292055076885475e+00,3.099057473195796941e+00,4.201472336306831146e+00,2.446201339420768228e+00,9.434157627635084697e-01,3.643740209271481678e+00,3.714737372004494276e+00,2.835509360409817603e+00,3.523851226916996371e+00,4.375144667700429757e+00,3.831113532784975906e+00,3.784323763610143665e+00,3.046253936627744352e+00,9.468982680022252074e-01,4.414066353622830285e-01,1.304985986373360607e+00,4.170762230341646948e+00,3.765078104657999969e+00,3.557889860855261155e+00,3.108683470795354786e+00,3.399686651067769905e+00,3.118375624859200279e+00,3.922017344141074613e+00,3.807996925196287741e+00,2.483763974648414141e+00,1.511443213824449350e+00,1.318045351436033519e-01,2.968700461860454887e+00,5.051574250131431576e+00,4.586914239033578866e+00,4.343157049870197461e+00,3.854449325265580484e+00,3.809213699777218576e+00,4.384557260899809350e+00,4.664640414600490281e+00,4.334204721889104661e+00,3.039820548631832153e+00,8.823327122930906263e-01,2.994652826371569931e-01,4.362034402329271643e+00,5.465734470016247570e+00,4.989988621161940863e+00,4.415660929523894218e+00,3.574747184957674850e+00,4.069677302098384963e+00,4.103167070266815486e+00,3.766171350145822050e+00,3.906520481607443251e+00,1.572024154805326868e+00,1.533856586204824790e-01,7.259822138644989042e-01,2.979293123596547410e+00,2.070058640042530484e+00,2.128398503088533733e+00,2.662457324683456417e+00,3.946944699658061051e+00,2.728568696705141239e+00,1.899591112178255825e+00,2.315031452961908709e+00,6.324538110674678970e-01,2.288232471416871139e-01,9.256480793024515208e-01,1.220684607680153411e+00,8.486930488196773315e-01,8.367992798171560720e-01,1.271536320906003326e+00,1.316615544452916509e-01,2.283641722051553968e-01,2.779585784579733931e-01,3.289546191482711074e-02
1.891287956550266713e+00,5.403655437942428419e-01,6.335975076189908073e-01,4.341677026654657823e-01,1.891484367735176697e+00,9.546905023756009356e-01,3.367154446438115123e+00,2.520649012159732028e+00,2.147413200854245474e+00,3.099101121025672256e+00,4.201543381709317515e+00,2.447962434581105740e+00,9.434157627527161027e-01,3.643770739717113294e+00,3.714853175096208382e+00,2.835865227199934946e+00,3.524804254347709609e+00,4.375296134774766976e+00,3.836725234596669143e+00,3.790199743788988940e+00,3.047713779760037323e+00,9.549951050498962646e-01,4.515880732065188918e-01,1.305256109231529571e+00,4.171250941508406918e+00,3.765625506016378132e+00,3.558316757921604179e+00,3.112802665289212900e+00,3.404016370038184913e+00,3.129624555417178655e+00,3.940137696350379137e+00,3.833098955704849153e+00,2.520669669963196302e+00,1.550279917225021675e+00,1.339392926308946297e-01,2.968734891657592190e+00,5.052000731197558991e+00,4.587154692197953132e+00,4.343327231330641247e+00,3.855026758156650413e+00,3.810708370149126445e+00,4.385701955296280374e+00,4.672548847416586604e+00,4.343648900562311788e+00,3.082502056019789105e+00,9.374628816022430033e-01,3.123174967937277779e-01,4.366884478400980818e+00,5.470759592702644447e+00,4.997515342226732216e+00,4.418126481684183204e+00,3.585029918096132029e+00,4.076742897281660838e+00,4.105601212815219725e+00,3.779066156897229245e+00,3.908311519865391492e+00,1.606721411931793408e+00,1.727905635500969761e-01,7.260322833920451746e-01,2.981161555235602112e+00,2.097118073623930545e+00,2.145449547987174022e+00,2.716500451967131191e+00,3.967680646812944634e+00,2.769055208932490242e+00,1.946275764186854218e+00,2.333367118035118537e+00,6.526668477943824431e-01,2.293874107649338800e-01,9.440966197620210831e-01,1.251158249217743546e+00,8.594343563818096499e-01,8.503192581339334977e-01,1.286089965938964408e+00,1.357831494796279681e-01,2.283641721869938412e-01,2.779585785117103525e-01,3.502336786807727642e-02
1.891375363196642789e+00,5.420576872462417040e-01,6.337241738890989629e-01,4.341677026549600193e-01,1.891501192137783338e+00,9.547418338648054892e-01,3.367283003686491583e+00,2.528816610566001710e+00,2.147528894173942771e+00,3.099142804379922289e+00,4.201611229542138837e+00,2.449644267402679265e+00,9.434157627420587389e-01,3.643799896066667099e+00,3.714963766190581218e+00,2.836205077346666936e+00,3.525714388479111783e+00,4.375440784708179542e+00,3.842084368222141055e+00,3.795811261295570116e+00,3.049107919128462463e+00,9.627275244015560673e-01,4.613112708648069438e-01,1.305514074558679072e+00,4.171717657049898165e+00,3.766148270255643915e+00,3.558724441455509258e+00,3.116736465491943608e+00,3.408151219554897970e+00,3.140367200700917572e+00,3.957442498366506189e+00,3.857071208734574874e+00,2.555914335371600288e+00,1.587368681039392770e+00,1.359779702096351184e-01,2.968767771858987992e+00,5.052408017454193434e+00,4.587384323188002710e+00,4.343489753365658679e+00,3.855578202289533518e+00,3.812135769273590657e+00,4.386795129958734663e+00,4.680101342123195174e+00,4.352668021176694602e+00,3.123262579136433459e+00,9.901117845690613484e-01,3.245912660442109021e-01,4.371516265091481834e+00,5.475558547612217275e+00,5.004703305041190653e+00,4.420481065718564473e+00,3.594849852008197288e+00,4.083490488298014753e+00,4.107925800903124980e+00,3.791380601743593370e+00,3.910021948123833635e+00,1.639857035245114281e+00,1.913221039288153513e-01,7.260800994198890468e-01,2.982945893598832221e+00,2.122959632076924841e+00,2.161733169449850056e+00,2.768111237848910111e+00,3.987483322610377634e+00,2.807719527944052551e+00,1.990859260742696257e+00,2.350877542241963880e+00,6.719701480139559369e-01,2.299261828438348698e-01,9.617148391424147347e-01,1.280260350976391237e+00,8.696922254814895004e-01,8.798321040587866460e-01,1.299988589053299171e+00,1.397192421857930966e-01,2.283641721687359738e-01,2.779585786216357546e-01,3.705550244434603624e-02
1.891458835896050905e+00,5.436736716976495742e-01,6.338451392380635152e-01,4.341677026445606158e-01,1.891517259317752719e+00,9.547908550566240882e-01,3.367405774905874782e+00,2.536616606489994652e+00,2.147639380436847212e+00,3.099182611674382137e+00,4.201676023719524089e+00,2.451250405278256217e+00,9.434157627315170602e-01,3.643827740164511830e+00,3.715069379865991284e+00,2.836529631717537470e+00,3.526583559827486614e+00,4.375578924322408803e+00,3.847202301102162991e+00,3.801170218910733034e+00,3.050439311889379113e+00,9.701119275550526000e-01,4.705968525423721571e-01,1.305760429533712852e+00,4.172163366932174711e+00,3.766647506228665954e+00,3.559113776208218560e+00,3.120493215520962149e+00,3.412099970187931319e+00,3.150626347301206387e+00,3.973968455994486781e+00,3.879964532648033870e+00,2.589572729533964779e+00,1.622788175507683173e+00,1.379248921862246680e-01,2.968799172207808645e+00,5.052796972809934672e+00,4.587603619081628281e+00,4.343644960705820068e+00,3.856104827350465225e+00,3.813498924855307504e+00,4.387839103657011464e+00,4.687313918574036897e+00,4.361281214496122161e+00,3.162188576515808425e+00,1.040391096571271490e+00,3.363126246912332973e-01,4.375939587041192347e+00,5.480141513971605427e+00,5.011567756237973903e+00,4.422729676015229039e+00,3.604227816090034953e+00,4.089934387692475859e+00,4.110145765293292008e+00,3.803140805273250269e+00,3.911655394430192612e+00,1.671501309844170224e+00,2.090195876181148160e-01,7.261257633721132088e-01,2.984649923506983882e+00,2.147638128811363512e+00,2.177283907220665338e+00,2.817399155724951587e+00,4.006394731180533242e+00,2.844643665943991984e+00,2.033436169417058181e+00,2.367599867539221137e+00,6.904046566124949491e-01,2.304407061858640693e-01,9.785401080415199182e-01,1.308052642406510868e+00,8.794884144291139627e-01,9.109887238179296132e-01,1.313261671088996829e+00,1.434781815419900741e-01,2.283641721503790467e-01,2.849439082572530757e-01,3.899617599228182019e-02
1.891538551705152393e+00,5.452169248679826774e-01,6.339606602494817222e-01,4.341677026342500856e-01,1.891532603355582376e+00,9.548376699314388150e-01,3.367523020510330589e+00,2.544065544768642440e+00,2.147744893998987159e+00,3.099220627345532719e+00,4.201737901678503917e+00,2.452784255041494443e+00,9.434157627210728592e-01,3.643854331071574304e+00,3.715170240143065516e+00,2.836839578735707690e+00,3.527413612021595313e+00,4.375710846629960571e+00,3.852089889058406769e+00,3.806287983701950317e+00,3.051710782105199193e+00,9.771639778192663384e-01,4.794645142024023254e-01,1.305995696708439402e+00,4.172589016565498632e+00,3.767124272881727354e+00,3.559485588010774748e+00,3.124080883946558806e+00,3.415870997766647932e+00,3.160423756243322835e+00,3.989750623006003138e+00,3.901827487254503790e+00,2.621716246416702312e+00,1.656613530126036071e+00,1.397841882418515147e-01,2.968829159308274068e+00,5.053168422291108186e+00,4.587813045034635273e+00,4.343793182566320965e+00,3.856607750381232158e+00,3.814800728329835966e+00,4.388836090799133949e+00,4.694201875610654717e+00,4.369506750258270067e+00,3.199362615416974975e+00,1.088407466768065435e+00,3.475064353037674580e-01,4.380163826708879604e+00,5.484518212866795750e+00,5.018123256238248509e+00,4.424877082177893328e+00,3.613183702260579278e+00,4.096088263839451571e+00,4.112265814827623878e+00,3.814371712454424745e+00,3.913215323542882818e+00,1.701721357477437246e+00,2.259205533434477109e-01,7.261693721079748309e-01,2.986277259435820675e+00,2.171205910227301583e+00,2.192134746499181830e+00,2.864468751876997565e+00,4.024454986156330349e+00,2.879905943979286675e+00,2.074096801540017410e+00,2.383569564220346049e+00,7.080094756532308020e-01,2.309320721637249385e-01,9.946081151059920078e-01,1.334594074679181785e+00,8.888437022515860431e-01,9.407430647955838943e-01,1.325937366030623288e+00,1.470679407611458489e-01,2.283641721319184525e-01,2.990113318631686390e-01,4.084950487677275338e-02
1.891614679711763891e+00,5.466907202039928970e-01,6.340709819588058460e-01,4.341677026240136072e-01,1.891547256797916576e+00,9.548823777897640364e-01,3.367634989193382111e+00,2.551179225598582789e+00,2.147845658668650515e+00,3.099256932029603728e+00,4.201796994670440100e+00,2.454249070193296856e+00,9.434157627107102595e-01,3.643879725190622754e+00,3.715266560959861852e+00,2.837135575840217694e+00,3.528206305713266211e+00,4.375836831455622189e+00,3.856757499320105698e+00,3.811175411134401614e+00,3.052925026734608416e+00,9.838986335380994763e-01,4.879330653438417320e-01,1.306220375115979104e+00,4.172995508809681731e+00,3.767579581500698716e+00,3.559840665525725090e+00,3.127507080694313046e+00,3.419472301146012416e+00,3.169780209145093064e+00,4.004822475493144296e+00,3.922706446811843772e+00,2.652413066728484203e+00,1.688916493006366926e+00,1.415598021919541594e-01,2.968857796766937174e+00,5.053523153791753764e+00,4.588013045267393508e+00,4.343934733345300003e+00,3.857088038148582587e+00,3.816043940996725059e+00,4.389788206128366177e+00,4.700779823513315137e+00,4.377362075927188734e+00,3.234863546960247582e+00,1.134262744316855143e+00,3.581964414528225338e-01,4.384197944273123149e+00,5.488697927862847159e+00,5.024383710136299364e+00,4.426927839142773102e+00,3.621736507154968532e+00,4.101965169935185784e+00,4.114290446415256319e+00,3.825097145546859423e+00,3.914705044280531343e+00,1.730581278917227239e+00,2.420608503151456814e-01,7.262110181273595533e-01,2.987831353182916150e+00,2.193712966748738058e+00,2.206317187906458699e+00,2.909419867229059875e+00,4.041702395759831035e+00,2.913581158069181498e+00,2.112927403762796974e+00,2.398820506152736343e+00,7.248219473170028904e-01,2.314013230303060831e-01,1.009952942730715009e+00,1.359940945728101092e+00,8.977779327668691245e-01,9.691582398842111257e-01,1.338042560725469121e+00,1.504961342030274318e-01,2.283641721133501112e-01,3.180965275586608576e-01,4.261942024240986115e-02
1.891687381393510892e+00,5.480981838230789549e-01,6.341763383730919523e-01,4.341677026138389128e-01,1.891561250726575993e+00,9.549250734628711434e-01,3.367741918455516625e+00,2.557972738050484640e+00,2.147941888181109427e+00,3.099291602733611928e+00,4.201853428039420635e+00,2.455647957802918668e+00,9.434157627004162716e-01,3.643903976385899579e+00,3.715358546625656011e+00,2.837418250880498150e+00,3.528963322311963413e+00,4.375957146030004630e+00,3.861215032514331291e+00,3.815842868096865015e+00,3.054084621353173823e+00,9.903301798191096461e-01,4.960204688988025246e-01,1.306434941329275290e+00,4.173383705889164297e+00,3.768014397856106257e+00,3.560179761919974428e+00,3.130779073186757078e+00,3.422911519173228889e+00,3.178715552297482816e+00,4.019215982875679494e+00,3.942645698392504450e+00,2.681728302540639763e+00,1.719765583063680214e+00,1.432555003512688552e-01,2.968885145327595954e+00,5.053861919744850439e+00,4.588204044007081706e+00,4.344069913290695695e+00,3.857546709406928898e+00,3.817231199876593983e+00,4.390697469208863168e+00,4.707061714991366053e+00,4.384863853701705949e+00,3.268766673380968601e+00,1.178054194408332478e+00,3.684053180734140343e-01,4.388050496638051357e+00,5.492689524695576253e+00,5.030362397194092949e+00,4.428886296840205183e+00,3.629904372418943481e+00,4.107577571685332884e+00,4.116223954571098353e+00,3.835339854632010770e+00,3.916127716540418913e+00,1.758142289925948454e+00,2.574747142649278508e-01,7.262507897669828738e-01,2.989315501189374391e+00,2.215207038859991595e+00,2.219861314302082889e+00,2.952347849123388102e+00,4.058173544059106241e+00,2.945740737857552194e+00,2.150010340998164349e+00,2.413385042628691579e+00,7.408777331098380659e-01,2.318494541294217892e-01,1.024607139350902640e+00,1.384147019663474643e+00,9.063100566745638798e-01,9.962945214609438827e-01,1.349602931913702175e+00,1.537700335250026529e-01,2.283641720946704423e-01,3.401928123254981950e-01,4.430967631035878651e-02
1.891756810960341539e+00,5.494423011441968985e-01,6.342769529673575324e-01,4.341677026037162879e-01,1.891574614824484302e+00,9.549658475139346514e-01,3.367844035107952383e+00,2.564460492074984277e+00,2.148033786651975863e+00,3.099324712998698494e+00,4.201907321488133285e+00,2.456983885098475540e+00,9.434157626901802374e-01,3.643927136097370401e+00,3.715446392254304619e+00,2.837688203448115232e+00,3.529686267551277012e+00,4.376072045556376189e+00,3.865471943666546117e+00,3.820300254891276559e+00,3.055192025616478624e+00,9.964722588341284881e-01,5.037438793343219645e-01,1.306639850471967401e+00,4.173754431221911254e+00,3.768429644251654942e+00,3.560503596462345932e+00,3.133903801758544105e+00,3.426195946890757682e+00,3.187248738761237377e+00,4.032961675712479099e+00,3.961687535822346007e+00,2.709724135398575484e+00,1.749226235353848580e+00,1.448748795225694441e-01,2.968911263000138856e+00,5.054185438718326928e+00,4.588386446387526796e+00,4.344199009137094336e+00,3.857984737059232838e+00,3.818365023304597372e+00,4.391565808709435359e+00,4.713060874778799203e+00,4.392027995858182265e+00,3.301143907755628604e+00,1.219874704578732816e+00,3.781547195607256051e-01,4.391729655583675118e+00,5.496501470076965212e+00,5.036071999008367328e+00,4.430756609421425907e+00,3.637704623189701891e+00,4.112937373746386349e+00,4.118070440525062992e+00,3.845121565869017211e+00,3.917486358001035729e+00,1.784462851102905478e+00,2.721948400634523479e-01,7.262887713877623774e-01,2.990732851532020398e+00,2.235733718369660394e+00,2.232795854593939922e+00,2.993343753564950749e+00,4.073903368567945549e+00,2.976452898124745339e+00,2.185424271127319074e+00,2.427294066982568665e+00,7.562108895057023661e-01,2.322774160070587290e-01,1.038601788481268606e+00,1.407263640812392191e+00,9.144581717525842590e-01,1.022209469207336019e+00,1.360643000692002058e+00,1.568965831060771809e-01,2.283641720758762261e-01,3.633478348167145100e-01,4.592385833647271570e-02
1.891823115681624534e+00,5.507259232203305377e-01,6.343730391586001049e-01,4.341677025936386269e-01,1.891587377438626705e+00,9.550047864301275391e-01,3.367941555753733773e+00,2.570656249068117738e+00,2.148121549010157949e+00,3.099356333056119794e+00,4.201958789331763811e+00,2.458259685760832980e+00,9.434157626799939411e-01,3.643949253449833225e+00,3.715530284178107490e+00,2.837946006148583500e+00,3.530376674894892375e+00,4.376181773751974369e+00,3.869537262255979382e+00,3.824557026232596080e+00,3.056249588477381707e+00,1.002337898756130663e+00,5.111196790392702471e-01,1.306835537183767659e+00,4.174108471165983936e+00,3.768826201480557803e+00,3.560812856049246911e+00,3.136887894377828445e+00,3.429332551010074503e+00,3.195397868568862876e+00,4.046088710460920446e+00,3.979872349391508912e+00,2.736459948217162097e+00,1.777360939870125556e+00,1.464213746259133975e-01,2.968936205183588584e+00,5.054494396939237078e+00,4.588560639308538747e+00,4.344322294713923505e+00,3.858403050220645003e+00,3.819447816272151019e+00,4.392395066494507283e+00,4.718790027897799000e+00,4.398869698502580583e+00,3.332063926539134524e+00,1.259812981736641024e+00,3.874653257018106922e-01,4.395243225099328299e+00,5.500141849654197834e+00,5.041524626409995768e+00,4.432542744070079088e+00,3.645153804844833978e+00,4.118055944977046856e+00,4.119833820921321887e+00,3.854463027578791223e+00,3.918783850522981282e+00,1.809598791887047531e+00,2.862524510701536795e-01,7.263250435537575989e-01,2.992086410600890201e+00,2.255336545116953584e+00,2.245148244676077987e+00,3.032494538363423420e+00,4.088925234353004257e+00,3.005782783480266396e+00,2.219244311843737272e+00,2.440577082119668617e+00,7.708539401848045758e-01,2.326861164276043392e-01,1.051966574648141695e+00,1.429339842626811574e+00,9.222395612448346380e-01,1.046958052195845701e+00,1.371186184526009155e+00,1.598824147767953785e-01,2.283641720569648259e-01,3.856604031683577016e-01,4.746539021465170927e-02
1.891886436198518151e+00,5.519517727859436507e-01,6.344648007584733351e-01,4.341677025835953829e-01,1.891599565640166736e+00,9.550419728060615121e-01,3.368034687247163816e+00,2.576573151061071432e+00,2.148205361411317682e+00,3.099386529976207338e+00,4.202007940740474901e+00,2.459478065934209923e+00,9.434157626698462806e-01,3.643970375357109326e+00,3.715610400343031028e+00,2.838192205815925462e+00,3.531036008789261160e+00,4.376286563364956805e+00,3.873419611368351667e+00,3.828622211303514877e+00,3.057259553168449884e+00,1.007939541393714000e+00,5.181635130735492423e-01,1.307022416542381826e+00,4.174446576687500965e+00,3.769204910693804589e+00,3.561108196661654457e+00,3.139737680705055656e+00,3.432327984688988476e+00,3.203180227117211842e+00,4.058624931321637597e+00,3.997238711527624222e+00,2.761992451239832391e+00,1.804229374092758631e+00,1.478982659844592928e-01,2.968960024783603213e+00,5.054789449749332420e+00,4.588726992256570547e+00,4.344440031526255019e+00,3.858802536189241739e+00,3.820481875528225935e+00,4.393187001530949765e+00,4.724261326650209369e+00,4.405403473803430892e+00,3.361592315236751727e+00,1.297953740322049354e+00,3.963568855399192126e-01,4.398598657936969580e+00,5.503618385160387483e+00,5.046731845152674367e+00,4.434248489417133676e+00,3.652267718097268911e+00,4.122944142553085278e+00,4.121517836126022516e+00,3.863384054253975464e+00,3.920022946261761287e+00,1.833603428978641814e+00,2.996773653615947275e-01,7.263596832030508876e-01,2.993379049476181386e+00,2.274057099325510478e+00,2.256944685623902380e+00,3.069883247582338548e+00,4.103271004805566058e+00,3.033792606543208148e+00,2.251542199987748738e+00,2.453262263095812301e+00,7.848379450205943408e-01,2.330764222993163270e-01,1.064729846354035336e+00,1.450422451689755921e+00,9.296707305210679673e-01,1.070592765479185138e+00,1.381254846921764479e+00,1.627338618861304820e-01,2.283641720379295803e-01,4.069687405679900949e-01,4.893754173706606897e-02
1.891946906822294494e+00,5.531224500322744486e-01,6.345524324056049936e-01,4.341677025735757867e-01,1.891611205281875208e+00,9.550774855189879675e-01,3.368123627132576736e+00,2.582223748596204960e+00,2.148285401632742175e+00,3.099415367810637978e+00,4.202054879970969381e+00,2.460641609966282672e+00,9.434157626597258206e-01,3.643990546621559634e+00,3.715686910686164968e+00,2.838427324672589069e+00,3.531665667769896988e+00,4.376386636668097907e+00,3.877127225986604753e+00,3.832504432906569836e+00,3.058224061960164164e+00,1.013289068581858521e+00,5.248903223533954998e-01,1.307200884943949815e+00,4.174769464953550724e+00,3.769566575184363444e+00,3.561390244756548196e+00,3.142459205519034349e+00,3.435188601643891282e+00,3.210612321832132299e+00,4.070596929299804323e+00,4.013823458613113182e+00,2.786375802328629359e+00,1.829888529572956779e+00,1.493086862825551142e-01,2.968982772324701536e+00,5.055071222995134228e+00,4.588885858088451286e+00,4.344552469309506115e+00,3.859184042328129838e+00,3.821469394451071810e+00,4.393943293619092749e+00,4.729486376394203440e+00,4.411643180774095896e+00,3.389791707519773212e+00,1.334377881997177884e+00,4.048482592650771705e-01,4.401803071419468694e+00,5.506938450793416706e+00,5.051704700445440288e+00,4.435877463577082125e+00,3.659061452510718571e+00,4.127612334996878296e+00,4.123126058161115104e+00,3.871903568588149103e+00,3.921206273505488671e+00,1.856527679431180244e+00,3.124980589801177322e-01,7.263927638109473062e-01,2.994613510018203861e+00,2.291935089800641645e+00,2.268210199270179750e+00,3.105589187686693897e+00,4.116971109228083847e+00,3.060541779903572568e+00,2.282386443710076929e+00,2.465376516880440239e+00,7.981925659619830693e-01,2.334491615131654985e-01,1.076918676208832970e+00,1.470556187041017537e+00,9.367674420871462404e-01,1.093163741447984005e+00,1.390870344861810048e+00,1.654569727354509578e-01,2.283641720187635227e-01,4.273180448279334520e-01,5.034343553227645790e-02
1.892004655819231829e+00,5.542404381226889720e-01,6.346361199784510410e-01,4.341677025635695131e-01,1.891622321052967015e+00,9.551113998961066054e-01,3.368208564063357890e+00,2.587620027348432661e+00,2.148361839450430466e+00,3.099442907728297669e+00,4.202099706587631545e+00,2.461752785889929296e+00,9.434157626496220139e-01,3.644009810029117613e+00,3.715759977496178035e+00,2.838651861437150981e+00,3.532266987427855831e+00,4.376482205930257940e+00,3.880667970458401950e+00,3.836211925754263952e+00,3.059145160704959565e+00,1.018397827384892151e+00,5.313143753430635829e-01,1.307371320943854887e+00,4.175077820853389632e+00,3.769911962091074376e+00,3.561659598595708243e+00,3.145058241538721155e+00,3.437920469626838837e+00,3.217709917182933754e+00,4.082030098608225188e+00,4.029661769120091996e+00,2.809661721840289950e+00,1.854392832819607095e+00,1.506556272105687155e-01,2.969004496057431997e+00,5.055340314355439624e+00,4.589037573779847001e+00,4.344659846559166816e+00,3.859548377862816793e+00,3.822412467700663008e+00,4.394665546955804913e+00,4.734476260160802141e+00,4.417602054669593770e+00,3.416721918079930642e+00,1.369162667249717913e+00,4.129574582190329579e-01,4.404863262537410229e+00,5.510109088857598536e+00,5.056453740381043893e+00,4.437433121822452975e+00,3.665549418506664381e+00,4.132070424170430023e+00,4.124661898281085648e+00,3.880039641613397094e+00,3.922336342249836072e+00,1.878420168653271771e+00,3.247417263352335715e-01,7.264243555458252954e-01,2.995792410683231655e+00,2.309008438157027943e+00,2.278968681279698760e+00,3.139688095762596998e+00,4.130054607378805365e+00,3.086087042144338266e+00,2.311842467786798583e+00,2.476945539429900034e+00,8.109461299503035736e-01,2.338051246989023835e-01,1.088558918354373573e+00,1.489783755032180190e+00,9.435447490193935582e-01,1.114718856165531458e+00,1.400053074106190953e+00,1.680575234077645863e-01,2.283641719994599917e-01,4.467514795417815709e-01,5.168605368809991302e-02
1.892059805682682505e+00,5.553081084598014971e-01,6.347160409895666877e-01,4.341677025535666257e-01,1.891632936531468578e+00,9.551437878743430643e-01,3.368289678202099235e+00,2.592773433548445361e+00,2.148434836999211228e+00,3.099469208145027022e+00,4.202142515673718215e+00,2.462813950658259365e+00,9.434157626395245355e-01,3.644028206440038886e+00,3.715829755757555475e+00,2.838866292382163703e+00,3.532841243242703211e+00,4.376573473866631758e+00,3.884049355177463969e+00,3.839752553935992463e+00,3.060024803176751185e+00,1.023276654165132138e+00,5.374492983201459850e-01,1.307534086059688461e+00,4.175372298451190289e+00,3.770241804025848076e+00,3.561916829514708560e+00,3.147540301667930418e+00,3.440529383296067056e+00,3.224488068120936912e+00,4.092948690531865275e+00,4.044787238228625625e+00,2.831899602332054844e+00,1.877794260745193178e+00,1.519419458106497645e-01,2.969025242060717495e+00,5.055597294609073700e+00,4.589182461140027591e+00,4.344762391036667282e+00,3.859896315597676875e+00,3.823313095661755590e+00,4.395355293537209995e+00,4.739241562162468391e+00,4.423292735060348591e+00,3.442440069504372424e+00,1.402381879272656562e+00,4.207016830996864742e-01,4.407785722366412529e+00,5.513137024701348032e+00,5.060989038309864796e+00,4.438918763912895749e+00,3.671745377930788923e+00,4.136327866278552534e+00,4.126128614208687040e+00,3.887809531031387600e+00,3.923415549522068613e+00,1.899327333549646335e+00,3.364343378865220502e-01,7.264545254179718414e-01,2.996918252077600542e+00,2.325313359255547052e+00,2.289242951835178008e+00,3.172252300165774752e+00,4.142549251111416808e+00,3.110482578191600123e+00,2.339972752394043898e+00,2.487993870192009460e+00,8.231256890045380858e-01,2.341450669020862796e-01,1.099675263304508599e+00,1.508145939912466149e+00,9.500170268941555696e-01,1.135303830918187762e+00,1.408822512454575904e+00,1.705410300195494555e-01,2.283641719800126868e-01,4.653102656254852199e-01,5.296824407665172429e-02
1.892112473392896232e+00,5.563277257155357924e-01,6.347923649621329822e-01,4.341677025435574655e-01,1.891643074234228061e+00,9.551747181529354203e-01,3.368367141602747861e+00,2.597694898261698526e+00,2.148504549116649898e+00,3.099494324847525739e+00,4.202183398033038308e+00,2.463827355144023734e+00,9.434157626294235044e-01,3.644045774875574129e+00,3.715896393479337423e+00,2.839071072344392821e+00,3.533389653287976273e+00,4.376660634068734623e+00,3.887278552514119134e+00,3.843133827598829377e+00,3.060864855215150726e+00,1.027935897568260870e+00,5.433081042787315518e-01,1.307689525538076936e+00,4.175653522373396598e+00,3.770556800627636207e+00,3.562162483134794666e+00,3.149910650688938940e+00,3.443020876507237649e+00,3.230961152013043680e+00,4.103375864868072043e+00,4.059231949086608005e+00,2.853136613329901206e+00,1.900142450915792258e+00,1.531703705368905044e-01,2.969045054339593648e+00,5.055842708845590394e+00,4.589320827494467459e+00,4.344860320252498020e+00,3.860228593555170118e+00,3.824173188686967428e+00,4.396013996408257185e+00,4.743792390243639190e+00,4.428727292642413715e+00,3.467000713440326898e+00,1.434105980468303843e+00,4.280973604460510118e-01,4.410576649835575402e+00,5.516028680982543619e+00,5.065320214206837868e+00,4.440337541094423024e+00,3.677662473243696883e+00,4.140393691926735897e+00,4.127529317045002699e+00,3.895229717819276072e+00,3.924446184465460341e+00,1.919293521020051463e+00,3.476006952304115383e-01,7.264833374217196660e-01,2.997993422261827412e+00,2.340884438019846581e+00,2.299054804041931188e+00,3.203350873939712518e+00,4.154481543240440722e+00,3.133780134248060456e+00,2.366836965636816004e+00,2.498544944157510717e+00,8.347570776022699146e-01,2.344697091856362825e-01,1.110291290316964607e+00,1.525681690337566287e+00,9.561980042803036595e-01,1.154962329195917903e+00,1.417197261061267755e+00,1.729127604211672942e-01,2.283641719604155296e-01,4.830337687497436305e-01,5.419272639489795818e-02
1.892162770665150040e+00,5.573014526347954689e-01,6.348652537895362880e-01,4.341677025335327067e-01,1.891652755664674945e+00,9.552042563391526242e-01,3.368441118575554505e+00,2.602394860574666957e+00,2.148571123671480620e+00,3.099518311111685520e+00,4.202222440382563207e+00,2.464795148914016742e+00,9.434157626193091506e-01,3.644062552600732197e+00,3.715960032009066882e+00,2.839266635689583484e+00,3.533913380814879268e+00,4.376743871415036402e+00,3.890362412028861794e+00,3.846362918877556769e+00,3.061667098683159782e+00,1.032385440474188787e+00,5.489032205317081470e-01,1.307837969086994123e+00,4.175922089133636383e+00,3.770857620046457637e+00,3.562397080520216530e+00,3.152174316429797063e+00,3.445400234051485544e+00,3.237142899138057306e+00,4.113333739051613591e+00,4.073026540862421108e+00,2.873417801381429104e+00,1.921484806839005355e+00,1.543435070427370270e-01,2.969063974918549231e+00,5.056077077621480065e+00,4.589452966336720507e+00,4.344953841927568838e+00,3.860545916541284761e+00,3.824994571148892408e+00,4.396643052766029847e+00,4.748138397320817994e+00,4.433917254841031941e+00,3.490455946306458390e+00,1.464402261908483771e+00,4.351601774811298395e-01,4.413241964876234213e+00,5.518790191291849112e+00,5.069456455076710277e+00,4.441692462783617401e+00,3.683313255397834496e+00,4.144276525276280765e+00,4.128866977868508314e+00,3.902315941188060133e+00,3.925430433194875057e+00,1.938361082024968818e+00,3.582644837076623956e-01,7.265108526711872017e-01,2.999020201816005482e+00,2.355754702795604505e+00,2.308425050153965596e+00,3.233049781328838801e+00,4.165876793757263385e+00,3.156029127553660274e+00,2.392492090113033321e+00,2.508621141568825763e+00,8.458649674780687189e-01,2.347797401593011701e-01,1.120429517408092490e+00,1.542428201984940905e+00,9.621007918593563746e-01,1.173736049308198526e+00,1.425195083890737680e+00,1.751777453706741816e-01,2.283641719406627468e-01,4.999595828389922225e-01,5.536209793341075741e-02
1.892210804186709838e+00,5.582313546229351608e-01,6.349348620787645947e-01,4.341677025234834675e-01,1.891662001358429768e+00,9.552324650874549627e-01,3.368511766035595656e+00,2.606883289737545351e+00,2.148634701877253583e+00,3.099541217815592109e+00,4.202259725536359625e+00,2.465719384788593427e+00,9.434157626091723703e-01,3.644078575203327119e+00,3.716020806332604121e+00,2.839453397233808740e+00,3.534413536719693827e+00,4.376823362463107436e+00,3.893307475001186901e+00,3.849446677107721815e+00,3.062433235246739827e+00,1.036634720959967337e+00,5.542465150707572841e-01,1.307979731575114934e+00,4.176178568398007940e+00,3.771144900360631436e+00,3.562621119283476467e+00,3.154336100429022682e+00,3.447672502865168465e+00,3.243046421810444446e+00,4.122843435068719309e+00,4.086200273734713839e+00,2.892786185605629168e+00,1.941866598513149800e+00,1.554638437079261803e-01,2.969082043930664216e+00,5.056300898064331584e+00,4.589579157950962163e+00,4.345043154433818167e+00,3.860848957640520496e+00,3.825778985309838731e+00,4.397243796923391734e+00,4.752288801857702971e+00,4.438873630261852554e+00,3.512855519796355797e+00,1.493334986067911707e+00,4.419051153866091486e-01,4.415787320978929564e+00,5.521427413162877329e+00,5.073406534440907834e+00,4.442986402951008884e+00,3.688709710459742386e+00,4.147984602337292159e+00,4.130144434037124945e+00,3.909083231967559247e+00,3.926370383433804623e+00,1.956570461417676876e+00,3.684483226431333747e-01,7.265371295299080101e-01,3.000000768677221430e+00,2.369955695408076490e+00,2.317373565719562212e+00,3.261412017697529198e+00,4.176759173516016332e+00,3.177276751206170147e+00,2.416992543781253833e+00,2.518243835391548391e+00,8.564729199555437544e-01,2.350758174402919343e-01,1.130111449116587341e+00,1.558420996450825990e+00,9.677379102349837892e-01,1.191664812831610520e+00,1.432832945397368940e+00,1.773407892047290102e-01,2.283641719207488430e-01,5.161236098127831573e-01,5.647883908552003840e-02
1.892256675843126956e+00,5.591194041267599779e-01,6.350013374783483044e-01,4.341677025134008661e-01,1.891670830926862612e+00,9.552594042323914181e-01,3.368579233835611308e+00,2.611169706310364269e+00,2.148695418591866080e+00,3.099563093547444304e+00,4.202295332581251763e+00,2.466602023195976212e+00,9.434157625990041707e-01,3.644093876669459497e+00,3.716078845360449634e+00,2.839631753123348812e+00,3.534891181900138957e+00,4.376899275824125191e+00,3.896119988304520110e+00,3.852391643353994866e+00,3.063164889984271166e+00,1.040692752319213543e+00,5.593493217399544415e-01,1.308115113699693355e+00,4.176423504193415681e+00,3.771419250930225786e+00,3.562835074640829269e+00,3.156400588120308104e+00,3.449842502735095628e+00,3.248684242193311089e+00,4.131925124259645088e+00,4.098781090957168693e+00,2.911282848942200907e+00,1.961331058450995979e+00,1.565337569166697640e-01,2.969099299702736783e+00,5.056514644927315949e+00,4.589699670006507581e+00,4.345128447214979595e+00,3.861138359643591755e+00,3.826528095017398101e+00,4.397817503139236806e+00,4.756252407418786632e+00,4.443606932041658908e+00,3.534246946408541312e+00,1.520965523133513297e+00,4.483464810799465683e-01,4.418218117185216620e+00,5.523945940496805207e+00,5.077178830947351784e+00,4.444222106217153190e+00,3.693863285034106880e+00,4.151525788438367393e+00,4.131364395206638562e+00,3.915545944488817209e+00,3.927268028942711986e+00,1.973960283733206422e+00,3.781738133243910394e-01,7.265622237346279766e-01,3.000937202759249800e+00,2.383517538066535213e+00,2.325919331739976670e+00,3.288497743151720609e+00,4.187151765503194234e+00,3.197568074264077520e+00,2.440390295388458419e+00,2.527433436649368925e+00,8.666034359240676332e-01,2.353585690481752035e-01,1.139357622117490587e+00,1.573693996596293720e+00,9.731213164908802948e-01,1.208786649076676101e+00,1.440127046509335207e+00,1.794064800292327344e-01,2.283641719006685999e-01,5.315601357383833436e-01,5.754531860852957897e-02
1.892300482934350159e+00,5.599674848183483489e-01,6.350648209915411568e-01,4.341677025032763537e-01,1.891679263098688724e+00,9.552851309155157011e-01,3.368643665083859595e+00,2.615263202357371419e+00,2.148753402603615470e+00,3.099583984708615070e+00,4.202329337044572455e+00,2.467444936330585925e+00,9.434157625887956700e-01,3.644108489455608169e+00,3.716134272201176980e+00,2.839802081674967837e+00,3.535347329505675429e+00,4.376971772520514392e+00,3.898805917656671394e+00,3.855204064284643017e+00,3.063863614833562288e+00,1.044568142180512860e+00,5.642224642763706832e-01,1.308244402624380687e+00,4.176657416061525296e+00,3.771681253689592506e+00,3.563039400420280778e+00,3.158372158558838017e+00,3.451914836521939645e+00,3.254068318859586917e+00,4.140598070104787531e+00,4.110795678129883335e+00,2.928947025293972661e+00,1.979919473381719808e+00,1.575555160982822778e-01,2.969115778836578734e+00,5.056718771596192319e+00,4.589814758125572602e+00,4.345209901188418655e+00,3.861414736410869963e+00,3.827243489233691509e+00,4.398365388321368918e+00,4.760037621342889658e+00,4.448127200148137561e+00,3.554675600226853138e+00,1.547352481178816186e+00,4.544979375612559491e-01,4.420539509539756828e+00,5.526351115427787342e+00,5.080781346142689614e+00,4.445402193674337532e+00,3.698784910543543969e+00,4.154907594910007163e+00,4.132529449078240269e+00,3.921717787031563152e+00,3.928125273748062085e+00,1.990567435116155748e+00,3.874615848209290170e-01,7.265861885135288523e-01,3.001831490364328392e+00,2.396468997257514832e+00,2.334080474930687377e+00,3.314364410146561468e+00,4.197076613799770151e+00,3.216946137344102397e+00,2.462734974702726731e+00,2.536209437718590642e+00,8.762780035661780209e-01,2.356285947369863576e-01,1.148187648783224990e+00,1.588279598502181145e+00,9.782624295533376424e-01,1.225137875753083083e+00,1.447092858992938158e+00,1.813791994513143935e-01,2.283641718804170773e-01,5.463019035560158221e-01,5.856379864814872244e-02
1.892342318381111221e+00,5.607773955905718255e-01,6.351254472754067626e-01,4.341677024931016593e-01,1.891687315759694510e+00,9.553096997065899654e-01,3.368705196447670414e+00,2.619172460732520857e+00,2.148808776904373108e+00,3.099603935612072814e+00,4.202361811054364793e+00,2.468249912124214074e+00,9.434157625785385415e-01,3.644122444557469365e+00,3.716187204422564783e+00,2.839964744178373746e+00,3.535782947086532513e+00,4.377041006327503148e+00,3.901370960273923050e+00,3.857889905421551191e+00,3.064530891883716635e+00,1.048269110765353451e+00,5.688762792686690162e-01,1.308367872588336533e+00,4.176880800160779117e+00,3.771931464381726329e+00,3.563234530024213864e+00,3.160254993709851856e+00,3.453893899923521360e+00,3.259210072157762816e+00,4.148880669085111883e+00,4.122269519803108295e+00,2.945816182747271306e+00,1.997671271825592010e+00,1.585312885409429773e-01,2.969131516286651618e+00,5.056913711051003624e+00,4.589924666425481803e+00,4.345287689128881858e+00,3.861678674174463755e+00,3.827926685405766971e+00,4.398888614607722403e+00,4.763652472576260344e+00,4.452444022675998703e+00,3.574184813164956509e+00,1.572551830479527846e+00,4.603725328943593098e-01,4.422756422026977496e+00,5.528648039654336266e+00,5.084221721444651010e+00,4.446529168446264890e+00,3.703485026415610726e+00,4.158137195017151733e+00,4.133642066887385447e+00,3.927611850901310930e+00,3.928943936181017449e+00,2.006427141561148986e+00,3.963313377411847860e-01,7.266090746991317184e-01,3.002685528396372039e+00,2.408837544762385097e+00,2.341874306170590447e+00,3.339066885350770786e+00,4.206554770339644200e+00,3.235452043916112963e+00,2.484073977784626575e+00,2.544590453674072883e+00,8.855171439368922925e-01,2.358864672673875729e-01,1.156620258784060606e+00,1.602208740185516733e+00,9.831721544123149803e-01,1.240753176004389280e+00,1.453745158270295823e+00,1.832631318733055348e-01,2.283641718599895842e-01,5.603801825309624451e-01,5.953643953679301631e-02
1.892382270922021492e+00,5.615508543727877333e-01,6.351833449264429055e-01,4.341677024828687337e-01,1.891695005990674305e+00,9.553331627193337727e-01,3.368763958443332207e+00,2.622905773496965853e+00,2.148861658950467657e+00,3.099622988576376859e+00,4.202392823492377971e+00,2.469018658038466985e+00,9.434157625682243475e-01,3.644135771575705895e+00,3.716237754300971030e+00,2.840120085662562133e+00,3.536198958646008972e+00,4.377107124099294033e+00,3.903820556955587939e+00,3.860454863793892688e+00,3.065168136518841013e+00,1.051803508324316017e+00,5.733206380823933079e-01,1.308485785487926822e+00,4.177094130318812937e+00,3.772170413737067740e+00,3.563420877348694393e+00,3.162053087319152134e+00,3.455783890798671099e+00,3.264120408435977616e+00,4.156790489703551472e+00,4.133226953533393200e+00,2.961926103046756520e+00,2.014624107727154723e+00,1.594631439888033742e-01,2.969146545434209195e+00,5.057099876784483250e+00,4.590029628036473852e+00,4.345361976034978646e+00,3.861930732781694076e+00,3.828579132684309272e+00,4.399388291831409781e+00,4.767104628703036973e+00,4.456566556184605510e+00,3.592815966879143730e+00,1.596617022233993044e+00,4.659827278834766662e-01,4.424873557015504666e+00,5.530841585260709792e+00,5.087507254350518870e+00,4.447605420997519765e+00,3.707973602226230625e+00,4.161221439174642711e+00,4.134704608645619395e+00,3.933240638197770256e+00,3.929725752734360977e+00,2.021573043631892386e+00,4.048018860201677560e-01,7.266309308361194041e-01,3.003501128384558072e+00,2.420649415928682213e+00,2.349317357220691793e+00,3.362657566026197475e+00,4.215606339563612082e+00,3.253125047489098698e+00,2.504452567520612849e+00,2.552594261774299600e+00,8.943404544916153665e-01,2.361327336215693629e-01,1.164673338816255121e+00,1.615510967223199756e+00,9.878609052523820155e-01,1.255665671975601416e+00,1.460098054759993103e+00,1.850622733684175458e-01,2.283641718393816245e-01,5.738248345798280248e-01,6.046530437592920887e-02
1.892420425301797327e+00,5.622895017747960855e-01,6.352386367533523481e-01,4.341677024725694722e-01,1.891702350103661168e+00,9.553555697219641152e-01,3.368820075712934070e+00,2.626471059507634376e+00,2.148912160911824465e+00,3.099641184015437645e+00,4.202422440140169968e+00,2.469752804686519809e+00,9.434157625578449835e-01,3.644148498778732037e+00,3.716286029059485685e+00,2.840268435627666843e+00,3.536596246600407945e+00,4.377170266080563366e+00,3.906159903624673024e+00,3.862904380022289974e+00,3.065776700420264511e+00,1.055178831788506466e+00,5.775649677984572294e-01,1.308598391432240327e+00,4.177297859037509831e+00,3.772398608599255354e+00,3.563598837661398733e+00,3.163770253384373010e+00,3.457588818071451797e+00,3.268809743175847160e+00,4.164344309750154238e+00,4.143691221506805356e+00,2.977310957493294996e+00,2.030813940324282640e+00,1.603530590321907146e-01,2.969160898158103912e+00,5.057277663679127677e+00,4.590129865596202841e+00,4.345432919479158329e+00,3.862171446882606496e+00,3.829202214997481590e+00,4.399865479874828900e+00,4.770401412209229974e+00,4.460503545120267255e+00,3.610608580544374391e+00,1.619599101940349950e+00,4.713404225042608364e-01,4.426895405232514236e+00,5.532936405051254170e+00,5.090644913916096748e+00,4.448633234204060649e+00,3.712260158846500957e+00,4.164166869477866406e+00,4.135719328146470808e+00,3.938616088333477538e+00,3.930472381745829580e+00,2.036037267817318863e+00,4.128911968263345167e-01,7.266518032843053421e-01,3.004280020325822864e+00,2.431929665318799838e+00,2.356425415790190492e+00,3.385186491169438927e+00,4.224250521063586561e+00,3.270002634873121483e+00,2.523913969631674803e+00,2.560237839169327678e+00,9.027666506549694159e-01,2.363679161634726356e-01,1.172363970542130929e+00,1.628214495422126706e+00,9.923386275425990499e-01,1.269906995069671529e+00,1.466165023807169288e+00,1.867804401569475858e-01,2.283641718185890623e-01,5.866643776116412523e-01,6.135236341218302386e-02
1.892456862451014965e+00,5.629949045667927976e-01,6.352914400375352377e-01,4.341677024621962699e-01,1.891709363676525646e+00,9.553769682427589727e-01,3.368873667288748042e+00,2.629875881214184030e+00,2.148960389909891244e+00,3.099658560524241047e+00,4.202450723818641265e+00,2.470453909291865369e+00,9.434157625473926778e-01,3.644160653162674013e+00,3.716332131095366087e+00,2.840410108743873785e+00,3.536975653650758389e+00,4.377230566203939688e+00,3.908393962349129502e+00,3.865243649859102515e+00,3.066357874433636610e+00,1.058402240671551642e+00,5.816182712092461404e-01,1.308705929273602964e+00,4.177492418452811940e+00,3.772616533000206385e+00,3.563768788440027979e+00,3.165410134244981410e+00,3.459312510234621829e+00,3.273288023085095144e+00,4.171558151890029542e+00,4.153684519838722444e+00,2.992003379425874687e+00,2.046275110422551169e+00,1.612029213002196260e-01,2.969174604902404369e+00,5.057447448844794025e+00,4.590225591721980081e+00,4.345500669941946725e+00,3.862401327064033829e+00,3.829797253986421346e+00,4.400321190917813041e+00,4.773549816014686975e+00,4.464263340364379218e+00,3.627600394679745044e+00,1.641546817670874292e+00,4.764569811452396553e-01,4.428826255289164848e+00,5.534936942419625083e+00,5.093641355538012228e+00,4.449614788195506598e+00,3.716353788637734468e+00,4.166979733579416312e+00,4.136688377746054357e+00,3.943749603358887690e+00,3.931185406915670200e+00,2.049850494676179302e+00,4.206164286723602652e-01,7.266717363169684640e-01,3.005023856354415823e+00,2.442702219854070211e+00,2.363213559024323285e+00,3.406701447651260484e+00,4.232505650307499145e+00,3.286120605693869212e+00,2.542499464360887362e+00,2.567537398911597712e+00,9.108136055187180391e-01,2.365925137467921602e-01,1.179708466822569246e+00,1.640346270668698869e+00,9.966148191321883010e-01,1.283507353041934085e+00,1.471958934266531571e+00,1.884212767009925404e-01,2.283641717976080121e-01,5.989260460181451418e-01,6.219949821649110866e-02
1.892491659657774550e+00,5.636685590026990766e-01,6.353418667818588883e-01,4.341677024517414107e-01,1.891716061586018682e+00,9.553974036708718920e-01,3.368924846845712917e+00,2.633127460699971945e+00,2.149006448244858092e+00,3.099675154960713108e+00,4.202477734521289143e+00,2.471123458991393296e+00,9.434157625368594369e-01,3.644172260508630856e+00,3.716376158197232549e+00,2.840545405518879019e+00,3.537337984570298133e+00,4.377288152374087637e+00,3.910527471867062399e+00,3.867477635209310982e+00,3.066912891306981415e+00,1.061480572255886878e+00,5.854891459147455457e-01,1.308808627114215195e+00,4.177678221251344581e+00,3.772824649186814483e+00,3.563931090172990146e+00,3.166976208308165841e+00,3.460958623470382634e+00,3.277564747195852224e+00,4.178447317649564674e+00,4.163228045654771670e+00,3.006034533441287682e+00,2.061040413236685520e+00,1.620145334647055124e-01,2.969187694740971217e+00,5.057609592418601530e+00,4.590317009461765352e+00,4.345565371131133503e+00,3.862620860932619582e+00,3.830365511808618173e+00,4.400756391584600635e+00,4.776556518306021459e+00,4.467853916946762816e+00,3.643827451201186562e+00,1.662506723473175407e+00,4.813432567132066575e-01,4.430670202777321265e+00,5.536847440773819962e+00,5.096502935070700957e+00,4.450552164979480807e+00,3.720263174737576506e+00,4.169665997941200075e+00,4.137613812928505830e+00,3.948652072147654124e+00,3.931866340665878479e+00,2.063042023914618994e+00,4.279939678106426948e-01,7.266907722147626369e-01,3.005734214246297942e+00,2.452989929566977256e+00,2.369696185485012929e+00,3.427248071578955280e+00,4.240389237531286604e+00,3.301513148328457437e+00,2.560248474034339417e+00,2.574508424345991031e+00,9.184983877529897534e-01,2.368070027731113414e-01,1.186722406318774015e+00,1.651932026084658389e+00,1.000698550396744935e+00,1.296495594074797753e+00,1.477492075798919835e+00,1.899882634348409038e-01,2.283641717764348378e-01,6.106358484415786991e-01,6.300850567516126655e-02
1.892524890731638543e+00,5.643118939939156808e-01,6.353900239482308532e-01,4.341677024411974561e-01,1.891722458039326593e+00,9.554169193526076409e-01,3.368973722942551596e+00,2.636232695001059501e+00,2.149050433612648359e+00,3.099691002523899730e+00,4.202503529541456118e+00,2.471762873989807208e+00,9.434157625262378222e-01,3.644183345437361776e+00,3.716418203752493099e+00,2.840674612935304211e+00,3.537684007911503503e+00,4.377343146739018920e+00,3.912564957638228424e+00,3.869611074655385341e+00,3.067442928305522898e+00,1.064420356095546971e+00,5.891858025592018322e-01,1.308906702789987220e+00,4.177855661545775590e+00,3.773023398601435652e+00,3.564086087124042290e+00,3.168471797427002468e+00,3.462530649405628935e+00,3.281648987013377372e+00,4.185026419873017822e+00,4.172342042052770594e+00,3.019434181498421133e+00,2.075141167953608257e+00,1.627896170638718221e-01,2.969200195439126500e+00,5.057764438328828049e+00,4.590404312724852609e+00,4.345627160286595903e+00,3.862830514149095507e+00,3.830908193815119045e+00,4.401172004994172937e+00,4.779427896701935019e+00,4.471282890961771450e+00,3.659324169871203125e+00,1.682523278117572296e+00,4.860096136536903311e-01,4.432431158956850581e+00,5.538671952537018051e+00,5.099235722308031349e+00,4.451447352857831774e+00,3.723996609478104514e+00,4.172231360490107122e+00,4.138497596665936307e+00,3.953333893493387929e+00,3.932516627348249916e+00,2.075639836534783012e+00,4.350394629907393118e-01,7.267089513553988134e-01,3.006412600765815846e+00,2.462814616069135099e+00,2.375887045692146593e+00,3.446869945096644461e+00,4.247918004880452791e+00,3.316212912423563086e+00,2.577198646681170935e+00,2.581165701952080838e+00,9.258372978112148211e-01,2.370118382024135328e-01,1.193420666536699537e+00,1.662996336610489179e+00,1.004598483477718629e+00,1.308899267968602009e+00,1.482776184939325059e+00,1.914847241474395556e-01,2.283641717550660977e-01,6.218186229424844669e-01,6.378110180130606988e-02
1.892556626160191602e+00,5.649262741402362176e-01,6.354360136844788842e-01,4.341677024305570787e-01,1.891728566604206518e+00,9.554355566833655500e-01,3.369020399252040221e+00,2.639198170735753468e+00,2.149092439312144887e+00,3.099706136828628278e+00,4.202528163593858501e+00,2.472373510572069666e+00,9.434157625155202842e-01,3.644193931461509273e+00,3.716458356945429031e+00,2.840798005059424813e+00,3.538014457636293297e+00,4.377395665949174841e+00,3.914510741443144148e+00,3.871648493508451416e+00,3.067949109708820732e+00,1.067227827866226830e+00,5.927160822469995649e-01,1.309000364332598254e+00,4.178025115710777726e+00,3.773213202818247680e+00,3.564234108062519724e+00,3.169900073946553043e+00,3.464031922518160389e+00,3.285549405757937969e+00,4.191309413718311561e+00,4.181045841041054700e+00,3.032230746047358316e+00,2.088607284164633704e+00,1.635298161539623374e-01,2.969212133512547425e+00,5.057912315024431393e+00,4.590487686693185410e+00,4.345686168471401878e+00,3.863030731416012387e+00,3.831426451107237785e+00,4.401568912718315296e+00,4.782170041781006020e+00,4.474557535723047152e+00,3.674123421307800008e+00,1.701638939400106576e+00,4.904659499353324903e-01,4.434112859051926314e+00,5.540414347743308987e+00,5.101845513858147108e+00,4.452302250644084580e+00,3.727562011974975498e+00,4.174681262704070583e+00,4.139341603582160189e+00,3.957804998166891686e+00,3.933137646308041635e+00,2.087670654186272845e+00,4.417678586524620976e-01,7.267263122992920765e-01,3.007060454861750554e+00,2.472197118837852869e+00,2.381799271290272912e+00,3.465608688828849537e+00,4.255107921879976551e+00,3.330251078149700117e+00,2.593385935890093030e+00,2.587523352708235080e+00,9.328459025055723108e-01,2.372074545181124816e-01,1.199817455384234233e+00,1.673562671132158286e+00,1.008322890655976023e+00,1.320744684578432970e+00,1.487822469991653351e+00,1.929138330325949058e-01,2.283641717334987109e-01,6.324980896845572298e-01,6.451892537473430389e-02
1.892586933258553872e+00,5.655130026243456731e-01,6.354799335410208361e-01,4.341677024198129509e-01,1.891734400237764957e+00,9.554533551954443871e-01,3.369064974780910493e+00,2.642030178075701397e+00,2.149132554443089482e+00,3.099720589976809659e+00,4.202551688930645568e+00,2.472956663980263592e+00,9.434157625046996065e-01,3.644204041035470354e+00,3.716496702946368025e+00,2.840915843622501935e+00,3.538330034672858559e+00,4.377445821404862158e+00,3.916368950550161543e+00,3.873594213407084208e+00,3.068432509195519131e+00,1.069908942591983658e+00,5.960874731746939048e-01,1.309089810410758892e+00,4.178186943181377622e+00,3.773394464437463292e+00,3.564375466960700400e+00,3.171264067432831180e+00,3.465465627209551425e+00,3.289274276740659086e+00,4.197309626257802684e+00,4.189357904544254829e+00,3.044451370317208472e+00,2.101467325307719403e+00,1.642367007965039594e-01,2.969223534283508936e+00,5.058053536171731146e+00,4.590567308214145825e+00,4.345742520849814383e+00,3.863221937421010832e+00,3.831921382978196178e+00,4.401947956651546257e+00,4.784788770000617752e+00,4.477684797191194832e+00,3.688256596707473634e+00,1.719894254201217887e+00,4.947217180448059137e-01,4.435718870173944062e+00,5.542078322246558386e+00,5.104337845438848831e+00,4.453118671691079555e+00,3.730966944924929418e+00,4.177020901154175903e+00,4.140147623929023801e+00,3.962074869980656278e+00,3.933730714809748896e+00,2.099159995846347826e+00,4.481934266250371945e-01,7.267428918713526587e-01,3.007679150719518635e+00,2.481157339419459262e+00,2.387445402902577563e+00,3.483504050163415577e+00,4.261974239307814827e+00,3.343657422338542240e+00,2.608844677071767038e+00,2.593594862044105831e+00,9.395390680262848404e-01,2.373942666486494324e-01,1.205926341308077188e+00,1.683653442261769495e+00,1.011879671898416655e+00,1.332056969620849740e+00,1.492641634803040240e+00,1.942786214218627239e-01,2.283641717117297909e-01,6.426969012482854904e-01,6.522354141802071126e-02
1.892615876312165435e+00,5.660733239760458169e-01,6.355218766777818162e-01,4.341677024089579118e-01,1.891739971313942448e+00,9.554703526418959481e-01,3.369107544079858574e+00,2.644734724088193989e+00,2.149170864095074407e+00,3.099734392625530521e+00,4.202574155452231786e+00,2.473513571160973257e+00,9.434157624937684616e-01,3.644213695603028658e+00,3.716533323092340968e+00,2.841028378575948476e+00,3.538631408402425294e+00,4.377493719492548507e+00,3.918143526469956228e+00,3.875452361484081010e+00,3.068894152120761998e+00,1.072469387276641983e+00,5.993071265144790383e-01,1.309175230751614682e+00,4.178341487215357475e+00,3.773567567939300815e+00,3.564510463659781525e+00,3.172566671098919766e+00,3.466834804559697947e+00,3.292831500912326348e+00,4.203039784746782637e+00,4.197295863563516249e+00,3.056121975890532028e+00,2.113748569254346510e+00,1.649117703886167075e-01,2.969234421934595414e+00,5.058188401319734240e+00,4.590643346175673933e+00,4.345796336952776784e+00,3.863404537737642475e+00,3.832394039244870765e+00,4.402309940796889087e+00,4.787289636034450346e+00,4.480671308707094624e+00,3.701753674430145580e+00,1.737327944491114939e+00,4.987859450368055669e-01,4.437252598887838850e+00,5.543667405559803640e+00,5.106718003619596935e+00,4.453898347737335506e+00,3.734218630647286208e+00,4.179255238527281868e+00,4.140917367383767811e+00,3.966152565905297855e+00,3.934297090831198940e+00,2.110132231949094272e+00,4.543297963995677757e-01,7.267587252390966812e-01,3.008270000676006362e+00,2.489714283643150505e+00,2.392837416731230071e+00,3.500593987561049669e+00,4.268531521543847518e+00,3.356460381643574298e+00,2.623607660288813648e+00,2.599393108445033018e+00,9.459309914748009751e-01,2.375726708476114946e-01,1.211760282074232808e+00,1.693290053877717805e+00,1.015276371614862283e+00,1.342860117968896372e+00,1.497243901468145122e+00,1.955819842144078669e-01,2.283641716897567009e-01,6.524366906801071231e-01,6.589644451612711173e-02
1.892643516713144569e+00,5.666084267120696794e-01,6.355619320617985624e-01,4.341677023979849670e-01,1.891745291649759686e+00,9.554865850766041113e-01,3.369148197444095327e+00,2.647317545477954948e+00,2.149207449528029557e+00,3.099747574052079901e+00,4.202595610813141924e+00,2.474045413389017067e+00,9.434157624827197441e-01,3.644222915642837624e+00,3.716568295059607951e+00,2.841135848621510807e+00,3.538919218079102258e+00,4.377539461810521892e+00,3.919838233316001119e+00,3.877226879120664105e+00,3.069335017691109169e+00,1.074914592966690341e+00,6.023818715827826686e-01,1.309256806543182217e+00,4.178489075621355298e+00,3.773732880499518494e+00,3.564639384505883690e+00,3.173810647941861962e+00,3.468142358777352996e+00,3.296228623622361908e+00,4.208512043619695220e+00,4.204876555574218244e+00,3.067267317686494632e+00,2.125477066169544571e+00,1.655564568434352568e-01,2.969244819559996085e+00,5.058317196535523586e+00,4.590715961864501260e+00,4.345847730931457598e+00,3.863578919685645374e+00,3.832845422474595587e+00,4.402655632971270272e+00,4.789677944554686206e+00,4.483523405062108225e+00,3.714643283587284461e+00,1.753976989464264946e+00,5.026672516816418357e-01,4.438717298437866887e+00,5.545184968341830611e+00,5.108991037035031546e+00,4.454642932580299863e+00,3.737323966403449660e+00,4.181389014152546935e+00,4.141652466675481925e+00,3.970046735280608807e+00,3.934837975731890314e+00,2.120610636078387401e+00,4.601899840390114016e-01,7.267738459872408185e-01,3.008834258003209250e+00,2.497886101934901681e+00,2.397986749960509645e+00,3.516914751070305378e+00,4.274793677462881192e+00,3.368687112858046451e+00,2.637706199807935192e+00,2.604930390769037984e+00,9.520352309777498911e-01,2.377430455342380844e-01,1.217331652253168528e+00,1.702492946525184125e+00,1.018520194660761158e+00,1.353177044548440344e+00,1.501639032011584884e+00,1.968266860174728572e-01,2.283641716675770539e-01,6.617381173789975701e-01,6.653906198661613258e-02
1.892669913090508249e+00,5.671194458570850694e-01,6.356001846559313773e-01,4.341677023868871776e-01,1.891750372530382585e+00,9.555020869307601084e-01,3.369187021104878887e+00,2.649784120755465100e+00,2.149242388344585031e+00,3.099760162216052439e+00,4.202616100523092868e+00,2.474553318773086819e+00,9.434157624715463486e-01,3.644231720711857747e+00,3.716601693028421582e+00,2.841238481717586417e+00,3.539194074185822547e+00,4.377583145384392971e+00,3.921456665788754847e+00,3.878921530306678633e+00,3.069756041041565631e+00,1.077249746271259800e+00,6.053182303261611663e-01,1.309334710818673475e+00,4.178630021454190491e+00,3.773890752768241708e+00,3.564762502957428136e+00,3.174998636603349134e+00,3.469391063360342642e+00,3.299472850623523357e+00,4.213738010271322665e+00,4.212116060240514770e+00,3.077911036469366479e+00,2.136677693767781161e+00,1.661721276273882553e-01,2.969254749214489841e+00,5.058440195011042029e+00,4.590785309308259343e+00,4.345896811799379478e+00,3.863745453152500176e+00,3.833276490111741541e+00,4.402985766434161619e+00,4.791958761483927631e+00,4.486247135935018449e+00,3.726952764768087789e+00,1.769876703977223187e+00,5.063738707510493375e-01,4.440116075648175453e+00,5.546634229546786088e+00,5.111161767093801878e+00,4.455354005584273303e+00,3.740289539026924182e+00,4.183426754054178076e+00,4.142354481048343473e+00,3.973765638161963043e+00,3.935354516801238045e+00,2.130617434334278748e+00,4.657864197869943657e-01,7.267882861889402024e-01,3.009373119566592703e+00,2.505690127816952995e+00,2.402904325016609555e+00,3.532500959218796144e+00,4.280773989937235235e+00,3.380363550518173721e+00,2.651170200521669074e+00,2.610218454334349403e+00,9.578647344455455404e-01,2.379057520960985717e-01,1.222652269467938035e+00,1.711281640773273161e+00,1.021618021619650873e+00,1.363029632943802527e+00,1.505836349094496818e+00,1.980153670104797814e-01,2.283641716451888237e-01,6.706209109178218331e-01,6.715275690718217061e-02
1.892695121434532668e+00,5.676074653512335200e-01,6.356367155990811924e-01,4.341677023756575493e-01,1.891755224733060681e+00,9.555168910858957698e-01,3.369224097412420793e+00,2.652139681857614839e+00,2.149275754654676795e+00,3.099772183818652938e+00,4.202635668043527950e+00,2.475038364648619815e+00,9.434157624602410586e-01,3.644240129486842505e+00,3.716633587840372233e+00,2.841336495562754472e+00,3.539456559729261986e+00,4.377624862872901090e+00,3.923002256800503851e+00,3.880539909624521222e+00,3.070158115219126849e+00,1.079479800363615905e+00,6.081224311552223538e-01,1.309409108823522683e+00,4.178764623678892676e+00,3.774041519613740903e+00,3.564880080165179432e+00,3.176133156966633564e+00,3.470583566978529433e+00,3.302571063356268155e+00,4.218728769677622559e+00,4.219029733522456915e+00,3.088075708993755164e+00,2.147374210081930190e+00,1.667600886607772115e-01,2.969264231960226930e+00,5.058557657642567484e+00,4.590851535602197053e+00,4.345943683663648471e+00,3.863904491378010508e+00,3.833688156508583855e+00,4.403301041442922781e+00,4.794136924740702632e+00,4.488848278724211660e+00,3.738708228032537662e+00,1.785060813456177842e+00,5.099136644810001728e-01,4.441451897512787461e+00,5.548018263252015636e+00,5.113234798205422926e+00,4.456033075030457091e+00,3.743121638894873815e+00,4.185372780551736227e+00,4.143024899568978903e+00,3.977317162841003118e+00,3.935847809692126553e+00,2.140173852477535110e+00,4.711309744340246852e-01,7.268020764738197803e-01,3.009887728363801251e+00,2.513142914674535433e+00,2.407600572735564715e+00,3.547385672443730709e+00,4.286485144011496828e+00,3.391514461913763157e+00,2.664028221380676520e+00,2.615268515832797291e+00,9.634318670366397441e-01,2.380611356556433800e-01,1.227733419460943054e+00,1.719674778620755351e+00,1.024576423397800085e+00,1.372438781815770836e+00,1.509844755789151005e+00,1.991505485452041979e-01,2.283641716225901785e-01,6.791039128924011292e-01,6.773883100692093540e-02
1.892719195215515571e+00,5.680735203493136876e-01,6.356716023782960079e-01,4.341677023642893651e-01,1.891759858549987072e+00,9.555310289436292903e-01,3.369259505010560929e+00,2.654389225245344264e+00,2.149307619232743605e+00,3.099783664359332391e+00,4.202654354879800991e+00,2.475501579862969592e+00,9.434157624487972127e-01,3.644248159803950671e+00,3.716664047148652728e+00,2.841430098057542875e+00,3.539707231476473481e+00,4.377664702764452187e+00,3.924478284757030533e+00,3.882085449873727612e+00,3.070542093077051948e+00,1.081609485487504685e+00,6.108004221559193425e-01,1.309480158365893709e+00,4.178893167804850428e+00,3.774185500832730522e+00,3.564992365526181040e+00,3.177216615501537778e+00,3.471722399091992539e+00,3.305529833545215013e+00,4.223494907908451168e+00,4.225632240248043736e+00,3.097782895892926547e+00,2.157589303857244900e+00,1.673215870878082268e-01,2.969273287911403436e+00,5.058669833584112929e+00,4.590914781221184349e+00,4.345988445945782708e+00,3.864056371703572523e+00,3.834081294864767120e+00,4.403602126738139333e+00,4.796217054501335397e+00,4.491332350802312412e+00,3.749934608294339888e+00,1.799561525433100551e+00,5.132941412485593213e-01,4.442727597489001035e+00,5.549340005178593493e+00,5.115214527546845247e+00,4.456681581316212615e+00,3.745826273270851381e+00,4.187231221428358019e+00,4.143665144284979895e+00,3.980708842577762585e+00,3.936318900744937732e+00,2.149300160952324124e+00,4.762349844970299451e-01,7.268152460929440117e-01,3.010379175949111641e+00,2.520260270867817898e+00,2.412085454488455571e+00,3.561600463217534873e+00,4.291939253809197830e+00,3.402163499622956611e+00,2.676307535971106155e+00,2.620091287121919965e+00,9.687484373856809494e-01,2.382095258022546014e-01,1.232585880032507131e+00,1.727690163038246407e+00,1.027401675161980776e+00,1.381424449230461260e+00,1.513672754463561754e+00,2.002346384938997748e-01,2.283641715997795640e-01,6.872051168870624283e-01,6.829852742747073713e-02
1.892742185497194640e+00,5.685185994164829726e-01,6.357049189931318622e-01,4.341677023527757417e-01,1.891764283810128733e+00,9.555445304922730587e-01,3.369293319003583420e+00,2.656537522501807747e+00,2.149338049667850026e+00,3.099794628189878054e+00,4.202672200669218761e+00,2.475943946957730901e+00,9.434157624372080386e-01,3.644255828696580934e+00,3.716693135561560446e+00,2.841519487745413741e+00,3.539946621135864557e+00,4.377702749564818419e+00,3.925887880511548911e+00,3.883561429352404559e+00,3.070908789083880208e+00,1.083643318990632931e+00,6.133578837062383382e-01,1.309548010151412756e+00,4.179015926491411292e+00,3.774323001828701063e+00,3.565099597212759708e+00,3.178251310368901628e+00,3.472809975316354159e+00,3.308355437138651212e+00,4.228046534582034610e+00,4.231937585219288422e+00,3.107053187411799922e+00,2.167344642677227373e+00,1.678578139219518706e-01,2.969281936276928491e+00,5.058776960775911213e+00,4.590975180317680149e+00,4.346031193592594377e+00,3.864201416287720292e+00,3.834456739079476595e+00,4.403889660962112096e+00,4.798203562999963090e+00,4.493704621219272610e+00,3.760655718211215692e+00,1.813409597862240652e+00,5.165224714981598853e-01,4.443945881507525009e+00,5.550602258918378773e+00,5.117105154389455457e+00,4.457300900010341849e+00,3.748409179047013318e+00,4.189006018686334265e+00,4.144276573241250539e+00,3.983947871579725408e+00,3.936768789206978703e+00,2.158015717882540763e+00,4.811092762656296595e-01,7.268278229808617930e-01,3.010848504748764753e+00,2.527057293263559767e+00,2.416368483310809001e+00,3.575175483017299261e+00,4.297147888228499468e+00,3.412333251682519997e+00,2.688034190365525600e+00,2.624696997946250221e+00,9.738257226512108122e-01,2.383512372913491051e-01,1.237219943902033492e+00,1.735344795730695333e+00,1.030099769649937658e+00,1.390005694993049934e+00,1.517328464816148692e+00,2.012699363567176936e-01,2.283641715767557312e-01,6.949417066414408373e-01,6.883303335988195937e-02
1.892764141045059967e+00,5.689436466251366342e-01,6.357367361126153860e-01,4.341677023411099623e-01,1.891768509900076056e+00,9.555574243704421100e-01,3.369325611115522534e+00,2.658589130453539617e+00,2.149367110507049983e+00,3.099805098566065009e+00,4.202689243265112395e+00,2.476366404252841935e+00,9.434157624254666530e-01,3.644263152431504782e+00,3.716720914779539253e+00,2.841604854233901190e+00,3.540175236485020083e+00,4.377739083976387668e+00,3.927234034005665730e+00,3.884970978810938558e+00,3.071258981051027348e+00,1.085585614906567908e+00,6.158002405250411204e-01,1.309612808102834425e+00,4.179133160126228042e+00,3.774454314259722221e+00,3.565202002677721360e+00,3.179239436295286936e+00,3.473848602546624420e+00,3.311053867620660451e+00,4.232393304308825321e+00,4.237959142918283462e+00,3.115906247081617675e+00,2.176660918923479571e+00,1.683699065722421284e-01,2.969290195401165899e+00,5.058879266449121559e+00,4.591032861006290489e+00,4.346072017277587740e+00,3.864339932789468079e+00,3.834815285520251749e+00,4.404164254013503310e+00,4.800100663887470809e+00,4.495970121878727355e+00,3.770894298694742908e+00,1.826634404361868524e+00,5.196055029510759926e-01,4.445109333712125022e+00,5.551807701880810519e+00,5.118910689006292536e+00,4.457892344770852056e+00,3.750875834912834161e+00,4.190700936908625884e+00,4.144860483360607084e+00,3.987041120261696658e+00,3.937198429352017914e+00,2.166339010132985354e+00,4.857641887661466873e-01,7.268398338148600590e-01,3.011296710272091559e+00,2.533548399257588457e+00,2.420458744081025237e+00,3.588139526280100799e+00,4.302122095481371922e+00,3.422045289500097009e+00,2.699233058370134053e+00,2.629095417635974652e+00,9.786744924360291087e-01,2.384865707120166489e-01,1.241645440540243728e+00,1.742654913200279099e+00,1.032676429881788538e+00,1.398200721076174879e+00,1.520819641098705599e+00,2.022586381392543764e-01,2.283641715535175976e-01,7.023300924994941852e-01,6.934348256280792322e-02
1.892785108429792640e+00,5.693495635574125080e-01,6.357671212251427839e-01,4.341677023292854209e-01,1.891772545783952708e+00,9.555697379278015324e-01,3.369356449842298318e+00,2.660548400836095784e+00,2.149394863392301236e+00,3.099815097696986044e+00,4.202705518817133168e+00,2.476769847836885141e+00,9.434157624135660614e-01,3.644270146543365119e+00,3.716747443726055256e+00,2.841686378596793627e+00,3.540393562447770037e+00,4.377773783069337732e+00,3.928519600611449114e+00,3.886317088092735794e+00,3.071593411782627570e+00,1.087440493105382044e+00,6.181326731786218609e-01,1.309674689665322189e+00,4.179245117377581309e+00,3.774579716657085804e+00,3.565299799136808279e+00,3.180183089228287852e+00,3.474840483850432982e+00,3.313630848724106404e+00,4.236544437170228328e+00,4.243709685876265958e+00,3.124360853428930884e+00,2.185557893667017471e+00,1.688589512558733297e-01,2.969298082802847460e+00,5.058976967607813791e+00,4.591087945635511147e+00,4.346111003593289723e+00,3.864472215020894996e+00,3.835157694712187926e+00,4.404426488341012913e+00,4.801912381169215038e+00,4.498133658211343366e+00,3.780672067146879201e+00,1.839263996519658884e+00,5.225497751303582739e-01,4.446220421940938472e+00,5.552958890972053752e+00,5.120634961178378575e+00,4.458457170131401526e+00,3.753231472976144456e+00,4.192319571244050636e+00,4.145418113194723198e+00,3.989995149818879039e+00,3.937608732504429998e+00,2.174287692522481219e+00,4.902095956920682895e-01,7.268513040715494089e-01,3.011724743223121781e+00,2.539747357356029411e+00,2.424364912790619275e+00,3.600520091479867624e+00,4.306872426528334685e+00,3.431320213610056680e+00,2.709927894285439010e+00,2.633295875828991495e+00,9.833050316309647210e-01,2.386158131246094993e-01,1.245871757018802484e+00,1.749636021186200541e+00,1.035137121299317675e+00,1.406026910228759697e+00,1.524153688564207965e+00,2.032028410105735927e-01,2.283641715300644692e-01,7.093859462180411857e-01,6.983095776735856464e-02
1.892805132126047507e+00,5.697372112175671521e-01,6.357961387816315479e-01,4.341677023172953453e-01,1.891776400022429305e+00,9.555814972830776188e-01,3.369385900597006156e+00,2.662419489524667782e+00,2.149421367191217236e+00,3.099824646792159744e+00,4.202721061847929818e+00,2.477155133467814796e+00,9.434157624014998245e-01,3.644276825867631242e+00,3.716772778672581268e+00,2.841764233758216296e+00,3.540602062122776061e+00,4.377806920445118877e+00,3.929747307188052652e+00,3.887602612476082076e+00,3.071912790651122549e+00,1.089211888032449060e+00,6.203601290693818715e-01,1.309733786097987851e+00,4.179352035721833225e+00,3.774699475016111805e+00,3.565393194029444324e+00,3.181084270782316814e+00,3.475787723141032792e+00,3.316091846571438406e+00,4.240508738275623912e+00,4.249201411765872294e+00,3.132434939807371421e+00,2.194054438584152500e+00,1.693259853022123507e-01,2.969305615212231242e+00,5.059070271489266801e+00,4.591140551047248941e+00,4.346148235234918999e+00,3.864598543570358924e+00,3.835484692951111718e+00,4.404676920178831168e+00,4.803642557740476882e+00,4.500199819367779241e+00,3.790009763525479691e+00,1.851325163393868767e+00,5.253615332320383802e-01,4.447281502961089927e+00,5.554058268018534861e+00,5.122281628318194890e+00,4.458996574162331861e+00,3.755481089861131050e+00,4.193865355033072895e+00,4.145950645551264913e+00,3.992816226144046521e+00,3.938000568972234827e+00,2.181878625272112515e+00,4.944549263474735668e-01,7.268622580809037670e-01,3.012133511517156137e+00,2.545667316380152201e+00,2.428095274947164928e+00,3.612343439455327765e+00,4.311408957458459312e+00,3.440177697369988685e+00,2.720141383292312476e+00,2.637307282260324293e+00,9.877271622305080490e-01,2.387392386696358670e-01,1.249907857921554566e+00,1.756302927554439730e+00,1.037487063358910389e+00,1.413500862847153927e+00,1.527337679174346929e+00,2.041045477515828765e-01,2.283641715063959021e-01,7.161242342086582280e-01,7.029649297371799721e-02
1.892824254606789491e+00,5.701074118582820649e-01,6.358238503322294344e-01,4.341677023051330742e-01,1.891780080790883112e+00,9.555927273794601051e-01,3.369414025848666672e+00,2.664206365349251371e+00,2.149446678121929910e+00,3.099833766106518063e+00,4.202735905326375310e+00,2.477523078388130795e+00,9.434157623892610589e-01,3.644283204572065671e+00,3.716796973357957334e+00,2.841838584859426309e+00,3.540801177765826591e+00,4.377838566392570741e+00,3.930919757865750430e+00,3.888830278730571965e+00,3.072217795101932936e+00,1.090903557053930495e+00,6.224873329299340785e-01,1.309790222752309052e+00,4.179454141947149814e+00,3.774813843360357524e+00,3.565482385458739856e+00,3.181944892484298570e+00,3.476692329639981427e+00,3.318442081269068478e+00,4.244294616439190371e+00,4.254445969274036621e+00,3.140145632436699863e+00,2.202168575985846921e+00,1.697719993531133231e-01,2.969312808606589638e+00,5.059159376003545816e+00,4.591190788824659030e+00,4.346183791175800337e+00,3.864719186397663986e+00,3.835796973844153079e+00,4.404916080726484218e+00,4.805294863537757699e+00,4.502172987952891781e+00,3.798927194336532587e+00,1.862843488336521913e+00,5.280467413720267844e-01,4.448294827467710100e+00,5.555108164946391369e+00,5.123854183227542158e+00,4.459511701011935614e+00,3.757629457306845389e+00,4.195341567090382640e+00,4.146459210002780615e+00,3.995510333118342139e+00,3.938374769893139060e+00,2.189127909768013858e+00,4.985091856478514605e-01,7.268727190778671021e-01,3.012523882206573411e+00,2.551320833356785389e+00,2.431657743148964990e+00,3.623634649112768447e+00,4.315741310862104996e+00,3.448636528690534053e+00,2.729895189570302971e+00,2.641138145660864467e+00,9.919502641665775000e-01,2.388571091492484033e-01,1.253762304359610447e+00,1.762669773707224552e+00,1.039731240602718820e+00,1.420638432186797750e+00,1.530378366600107620e+00,2.049656710032001783e-01,2.283641714825117297e-01,7.225592492834439495e-01,7.074107564439713336e-02
1.892842516433385081e+00,5.704609507247708766e-01,6.358503146568710296e-01,4.341677022927920571e-01,1.891783595896737724e+00,9.556034520375097374e-01,3.369440885254731288e+00,2.665912818513067606e+00,2.149470849872339162e+00,3.099842474983370177e+00,4.202750080737498450e+00,2.477874463058361343e+00,9.434157623768431034e-01,3.644289296186776550e+00,3.716820079102375107e+00,2.841909589609099118e+00,3.540991331727918467e+00,4.377868788037010184e+00,3.932039439569647410e+00,3.890002690900949744e+00,3.072509072090413351e+00,1.092519088426652463e+00,6.245187968448943083e-01,1.309844119338017254e+00,4.179551652634545533e+00,3.774923064280435892e+00,3.565567562611696495e+00,3.182766779828272607e+00,3.477556222138969311e+00,3.320686537979917308e+00,4.247910102016122735e+00,4.259454482810416387e+00,3.147509286729813116e+00,2.209917517045452140e+00,1.701979394642017251e-01,2.969319678244098260e+00,5.059244470153292816e+00,4.591238765528825816e+00,4.346217746834871498e+00,3.864834399402437004e+00,3.836095199780977349e+00,4.405144477275582560e+00,4.806872803323208210e+00,4.504057349321822556e+00,3.807443274646409304e+00,1.873843403259127571e+00,5.306110952368023881e-01,4.449262544857959689e+00,5.556110808727793504e+00,5.125355961506246061e+00,4.460003643333349643e+00,3.759681132288704930e+00,4.196751338659697517e+00,4.146944885282683124e+00,3.998083185303892506e+00,3.938732128997489923e+00,2.196050922714567477e+00,5.023809732207338286e-01,7.268827092516383370e-01,3.012896683319968183e+00,2.556719900153451075e+00,2.435059873868735902e+00,3.634417670621758578e+00,4.319878676241720505e+00,3.456714649887061341e+00,2.739210002250261677e+00,2.644796591805529395e+00,9.959832952046125953e-01,2.389696745825616864e-01,1.257443272130609246e+00,1.768750064578838321e+00,1.041874413231545171e+00,1.427454757989103706e+00,1.533282200547211094e+00,2.057880373233216820e-01,2.283641714584121185e-01,7.287046409719890594e-01,7.116564879877390615e-02
1.892859956341637506e+00,5.707985777203903321e-01,6.358755878899573499e-01,4.341677022802656327e-01,1.891786952796024712e+00,9.556136940056850770e-01,3.369466535787622785e+00,2.667542468632090102e+00,2.149493933713991112e+00,3.099850791895433222e+00,4.202763618149267799e+00,2.478210032812524055e+00,9.434157623642392965e-01,3.644295113632916028e+00,3.716842144916237434e+00,2.841977398617850259e+00,3.541172927351123878e+00,4.377897649482618725e+00,3.933108727294779783e+00,3.891122335830641266e+00,3.072787239454130237e+00,1.094061908909280678e+00,6.264588298216171580e-01,1.309895590177018621e+00,4.179644774617284675e+00,3.775027369448583858e+00,3.565648906160497233e+00,3.183551676147512666e+00,3.478381233069834266e+00,3.322829977497614884e+00,4.251362863936098968e+00,4.264237576103758975e+00,3.154541521984769670e+00,2.217317698305914409e+00,1.706047091115852621e-01,2.969326238696201159e+00,5.059325734434631627e+00,4.591284582924793689e+00,4.346250174236660158e+00,3.864944426966925306e+00,3.836380003338804467e+00,4.405362594285850086e+00,4.808379724118695187e+00,4.505856900457701819e+00,3.815576068203260007e+00,1.884348240456041212e+00,5.330600341647266927e-01,4.450186707790193985e+00,5.557068326104650957e+00,5.126790148627410559e+00,4.460473444602219395e+00,3.761640466684447404e+00,4.198097660055553959e+00,4.147408701573380263e+00,4.000540240065159736e+00,3.939073404291883573e+00,2.202662348750456189e+00,5.060785016466576858e-01,7.268922497927376991e-01,3.013252705618508109e+00,2.561875968914725465e+00,2.438308883481896228e+00,3.644715376216669966e+00,4.323829829504014732e+00,3.464429195737720679e+00,2.748105579298764312e+00,2.648290380749119599e+00,9.998348099441953796e-01,2.390771737359763116e-01,1.260958569060681933e+00,1.774556697281398199e+00,1.043921127201865140e+00,1.433964298594876174e+00,1.536055340436804251e+00,2.065733910611956825e-01,2.283641714340974849e-01,7.345734444738578617e-01,7.157111301336356590e-02
1.892876611323951686e+00,5.711210089972865722e-01,6.358997236394250407e-01,4.341677022675472508e-01,1.891790158609198746e+00,9.556234750085947915e-01,3.369491031855582630e+00,2.669098772412739518e+00,2.149515978610831102e+00,3.099858734484014278e+00,4.202776546276369096e+00,2.478530499439079549e+00,9.434157623514429769e-01,3.644300669250088553e+00,3.716863217604115199e+00,2.842042155717700247e+00,3.541346349824129991e+00,4.377925211948415551e+00,3.934129889143799019e+00,3.892191588436679339e+00,3.073052887223378882e+00,1.095535291030933944e+00,6.283115469301789879e-01,1.309944744445884712e+00,4.179733705419600653e+00,3.775126980110069752e+00,3.565726588645738104e+00,3.184301246312369216e+00,3.479169112391395924e+00,3.324876946344779594e+00,4.254660225970098963e+00,4.268805394736251202e+00,3.161257254515412285e+00,2.224384816543887311e+00,1.709931711082477435e-01,2.969332503878519880e+00,5.059403341220019001e+00,4.591328338197428138e+00,4.346281142164056810e+00,3.865049502474364296e+00,3.836651988624188991e+00,4.405570894412733196e+00,4.809818822305287789e+00,4.507575458449786687e+00,3.823342825752642060e+00,1.894380282095388779e+00,5.353987526836095912e-01,4.451069276537920949e+00,5.557982748099722592e+00,5.128159786694229894e+00,4.460922101330047518e+00,3.763511616505046398e+00,4.199383387006162316e+00,4.147851642691433582e+00,4.002886709144744870e+00,3.939399319666999411e+00,2.208976211596748840e+00,5.096096138791502694e-01,7.269013609379540997e-01,3.013592704273244660e+00,2.566799976353773438e+00,2.441411663573468616e+00,3.654549608711753272e+00,4.327603151574829887e+00,3.471796529828609756e+00,2.756600789427407161e+00,2.651626923286436899e+00,1.003512977964502895e+00,2.391798346296342137e-01,1.264315651565897980e+00,1.780101988461358031e+00,1.045875723868410878e+00,1.440180861612390117e+00,1.538703668470416952e+00,2.073233980574213930e-01,2.283641714095685504e-01,7.401781083079941315e-01,7.195832833206207424e-02
1.892892516707799677e+00,5.714289284754483500e-01,6.359227731004556405e-01,4.341677022546302500e-01,1.891793220136240183e+00,9.556328157930791267e-01,3.369514425418076886e+00,2.670585030984016228e+00,2.149537031323062841e+00,3.099866319596430664e+00,4.202788892541114762e+00,2.478836542690729949e+00,9.434157623384473723e-01,3.644305974822524608e+00,3.716883341864026136e+00,2.842103998267161646e+00,3.541511966999276506e+00,4.377951533898106540e+00,3.935105091137919953e+00,3.893212716747222135e+00,3.073306578872715633e+00,1.096942360032657993e+00,6.300808780319929747e-01,1.309991686407431910e+00,4.179818633675671080e+00,3.775222107552482775e+00,3.565800774842406984e+00,3.185017080261682398e+00,3.479921531301351401e+00,3.326831786416804881e+00,4.257809182265112291e+00,4.273167627663663204e+00,3.167670729290871900e+00,2.231133862064697215e+00,1.713641494341913152e-01,2.969338487080368960e+00,5.059477455123876588e+00,4.591370124157552191e+00,4.346310716304211397e+00,3.865149848804013910e+00,3.836911732554410204e+00,4.405769819488751793e+00,4.811193150403208385e+00,4.509216668590014798e+00,3.830760021628666578e+00,1.903960807482531159e+00,5.376322115289988712e-01,4.451912123147807598e+00,5.558856014324682349e+00,5.129467780892702500e+00,4.461350565177931493e+00,3.765298550710169057e+00,4.200611246710790780e+00,4.148274648174367307e+00,4.005127569718190728e+00,3.939710566433068717e+00,2.215005903803096032e+00,5.129817998806844859e-01,7.269100620132710189e-01,3.013917400466933127e+00,2.571502366950581653e+00,2.444374795556055524e+00,3.663941227832674397e+00,4.331206646176208430e+00,3.478832279263130989e+00,2.764713652115872833e+00,2.654813296671573397e+00,1.007025601153079819e+00,2.392778750210800554e-01,1.267521640468323163e+00,1.785397700424766532e+00,1.047742349192766653e+00,1.446117633205180608e+00,1.541232802106901278e+00,2.080396491774200163e-01,2.283641713848263421e-01,7.455305207176977644e-01,7.232811609041435441e-02
1.892907706230654963e+00,5.717229892933944901e-01,6.359447851640674942e-01,4.341677022415080245e-01,1.891796143871079749e+00,9.556417361722157056e-01,3.369536766096010272e+00,2.672004396899643641e+00,2.149557136506334842e+00,3.099873563321744907e+00,4.202800683131609816e+00,2.479128811726265535e+00,9.434157623252459324e-01,3.644311041604074930e+00,3.716902560382245202e+00,2.842163057442596230e+00,3.541670130172820397e+00,4.377976671164098832e+00,3.936036401811344732e+00,3.894187886712344948e+00,3.073548852516164054e+00,1.098286100496480122e+00,6.317705761155721911e-01,1.310036515631876286e+00,4.179899739529737701e+00,3.775312953553905615e+00,3.565871622109396455e+00,3.185700696375257213e+00,3.480640085781111726e+00,3.328698644191599776e+00,4.260816412179657675e+00,4.277333527766921328e+00,3.173795550151055078e+00,2.237579150498793190e+00,1.717184309842083867e-01,2.969344200992944494e+00,5.059548233351753410e+00,4.591410029438812934e+00,4.346338959387865408e+00,3.865245678803915119e+00,3.837159786081191903e+00,4.405959791460684727e+00,4.812505623546636357e+00,4.510784012105162333e+00,3.837843388698268132e+00,1.913110138196326027e+00,5.397651481665655115e-01,4.452717035410540092e+00,5.559689977094298463e+00,5.130716905653915916e+00,4.461759744975164033e+00,3.767005059626871155e+00,4.201783843624522063e+00,4.148678615273548864e+00,4.007267574951240086e+00,3.940007804786236800e+00,2.220764215155120347e+00,5.162022125098927328e-01,7.269183714748582714e-01,3.014227482923757861e+00,2.575993115106100628e+00,2.447204564629896328e+00,3.672910154462790455e+00,4.334647956803359570e+00,3.485551367809173851e+00,2.772461375833664476e+00,2.657856259629716167e+00,1.010380130254687758e+00,2.393715028671541400e-01,1.270583336100236993e+00,1.790455066086696245e+00,1.049524962537508932e+00,1.451787206061661673e+00,1.543648105977813323e+00,2.087236636858736671e-01,2.283641713598722478e-01,7.506420348871828407e-01,7.268126065777712197e-02
1.892922212111554092e+00,5.720038151935675774e-01,6.359658065208203537e-01,4.341677022281739684e-01,1.891798936015373078e+00,9.556502550673466878e-01,3.369558101276978856e+00,2.673359880825052048e+00,2.149576336806459764e+00,3.099880481024891665e+00,4.202811943057298549e+00,2.479407926487519287e+00,9.434157623118319957e-01,3.644315880342085201e+00,3.716920913923847714e+00,2.842219458516454633e+00,3.541821174830082075e+00,4.378000677065926105e+00,3.936925796598899296e+00,3.895119166798311383e+00,3.073780222048626776e+00,1.099569362676108497e+00,6.333842252571214582e-01,1.310079327208036215e+00,4.179977195018212299e+00,3.775399710810909859e+00,3.565939280723280813e+00,3.186353544694549011e+00,3.481326299981090777e+00,3.330481479524824096e+00,4.263688294451600136e+00,4.281311931478708033e+00,3.179644708662213048e+00,2.243734353167117224e+00,1.720567672369911483e-01,2.969349657736244374e+00,5.059615826033782682e+00,4.591448138685688463e+00,4.346365931322410781e+00,3.865337195742369669e+00,3.837396675359346698e+00,4.406141213284580083e+00,4.813759025667101454e+00,4.512280813540988866e+00,3.844607951732725404e+00,1.921847681193918911e+00,5.418020868409029189e-01,4.453485720652971658e+00,5.560486405355440809e+00,5.131909810538987315e+00,4.462150508646979929e+00,3.768634762989389042e+00,4.202903664982647669e+00,4.149064400857381152e+00,4.009311264081937054e+00,3.940291665208925931e+00,2.226263359803267505e+00,5.192776826937401946e-01,7.269263069482212458e-01,3.014523609370207691e+00,2.580281746299289303e+00,2.449906973114621245e+00,3.681475412898012944e+00,4.337934382937540967e+00,3.491968047554427468e+00,2.779860394541573410e+00,2.660762266693308842e+00,1.013583680675334220e+00,2.394609167650967041e-01,1.273507232728551042e+00,1.795284812797761864e+00,1.051227345064544849e+00,1.457201606105907654e+00,1.545954703266516406e+00,2.093768924692894495e-01,2.283641713347080160e-01,7.555234930232025414e-01,7.301851110107117349e-02
1.892936065119437350e+00,5.722720018453755220e-01,6.359858817598523784e-01,4.341677022146213649e-01,1.891801602491654410e+00,9.556583905482131103e-01,3.369578476215784324e+00,2.674654357923406778e+00,2.149594672949871832e+00,3.099887087379270323e+00,4.202822696202018093e+00,2.479674479014343014e+00,9.434157622981987901e-01,3.644320501300189807e+00,3.716938441419179284e+00,2.842273321123000240e+00,3.541965421357055721e+00,4.378023602523348323e+00,3.937775162026195819e+00,3.896008532375067279e+00,3.074001178235925114e+00,1.100794868542702254e+00,6.349252482228435746e-01,1.310120211945026814e+00,4.180051164434595456e+00,3.775482563347292153e+00,3.566003894197075308e+00,3.186977009998397392e+00,3.481981629453633431e+00,3.332184074049275413e+00,4.266430920728309317e+00,4.285111277526721274e+00,3.185230611673796730e+00,2.249612526079808994e+00,1.723798758491186245e-01,2.969354868884776621e+00,5.059680376543130187e+00,4.591484532733023372e+00,4.346391689318965135e+00,3.865424593739099191e+00,3.837622902862818375e+00,4.406314469780474141e+00,4.814956015398573541e+00,4.513710247814047172e+00,3.851068059277216182e+00,1.930191969975501909e+00,5.437473481720566104e-01,4.454219809359585724e+00,5.561246988439256356e+00,5.133049025859141246e+00,4.462523685055543865e+00,3.770191117617081034e+00,4.203973086076431720e+00,4.149432823228837108e+00,4.011262972048957209e+00,3.940562749807175802e+00,2.231515002170657347e+00,5.222147339168348168e-01,7.269338852655864436e-01,3.014806407930201715e+00,2.584377357291930632e+00,2.452487753180975893e+00,3.689655171199891281e+00,4.341072895529232589e+00,3.498095929136970650e+00,2.786926402550315096e+00,2.663537481892980008e+00,1.016643047575002345e+00,2.395463063737993947e-01,1.276299532330017916e+00,1.799897185098269237e+00,1.052853107755463924e+00,1.462372318006249561e+00,1.548157486575139963e+00,2.100007211135242191e-01,2.283641713093356451e-01,7.601852493528231669e-01,7.334058277365293477e-02
1.892949294638414770e+00,5.725281181086860904e-01,6.360050534634594799e-01,4.341677022008436082e-01,1.891804148955899878e+00,9.556661598712833383e-01,3.369597934130426964e+00,2.675890573954212481e+00,2.149612183830012846e+00,3.099893396397866763e+00,4.202832965374651231e+00,2.479929034700406820e+00,9.434157622843395430e-01,3.644324914280083316e+00,3.716955180046429774e+00,2.842324759512065757e+00,3.542103175719987895e+00,4.378045496164357786e+00,3.938586299711208216e+00,3.896857869906265037e+00,3.074212189755780145e+00,1.101965217558536825e+00,6.363969137290851341e-01,1.310159256564880081e+00,4.180121804677959574e+00,3.775561686904413516e+00,3.566065599584643753e+00,3.187572414740325932e+00,3.482607464240437878e+00,3.333810039196237529e+00,4.269050108487856043e+00,4.288739624833347364e+00,3.190565107635046527e+00,2.255226137629754657e+00,1.726884421773024758e-01,2.969359845492109518e+00,5.059742021800103018e+00,4.591519288777497820e+00,4.346416288013718265e+00,3.865508058176998052e+00,3.837838948450497778e+00,4.406479928448646000e+00,4.816099131716781834e+00,4.515075346946106016e+00,3.857237414086004179e+00,1.938160703896352421e+00,5.456050583201376147e-01,4.454920858630975644e+00,5.561973339644463721e+00,5.134136968042837701e+00,4.462880065758077386e+00,3.771677424746804785e+00,4.204994375291422060e+00,4.149784663861186829e+00,4.013126838686599029e+00,3.940821633587789030e+00,2.236530281694888433e+00,5.250195960586143684e-01,7.269411225016048084e-01,3.015076478457427989e+00,2.588288635424083495e+00,2.454952379009522900e+00,3.697466779732507369e+00,4.344070151784459988e+00,3.503948010615257846e+00,2.793674387810267667e+00,2.666187791832280940e+00,1.019564720281095571e+00,2.396278528160970811e-01,1.278966157746456611e+00,1.804301966448258465e+00,1.054405699070913638e+00,1.467310309535797108e+00,1.550261128302443669e+00,2.105964728427980048e-01,2.283641712837575222e-01,7.646371920861280147e-01,7.364815883267464280e-02
1.892961928730093168e+00,5.727727072404549258e-01,6.360233622974179601e-01,4.341677021868339259e-01,1.891806580809524574e+00,9.556735795163562308e-01,3.369616516293776343e+00,2.677071151097440538e+00,2.149628906589832411e+00,3.099899421462978921e+00,4.202842772357512580e+00,2.480172133492472675e+00,9.434157622702474821e-01,3.644329128642309623e+00,3.716971165310495095e+00,2.842373882791393580e+00,3.542234730114377061e+00,4.378066404428325953e+00,3.939360930185741960e+00,3.897668980950705908e+00,3.074413704191940155e+00,1.103082892190812681e+00,6.378023433757225025e-01,1.310196543886492870e+00,4.180189265585757319e+00,3.775637249313970489e+00,3.566124527771410868e+00,3.188141021853646340e+00,3.483205131821018430e+00,3.335362823855811065e+00,4.271551413378670503e+00,4.292204669609716916e+00,3.195659511727142021e+00,2.260587095039718442e+00,1.729831207321206044e-01,2.969364598114319520e+00,5.059800892562582142e+00,4.591552480541367665e+00,4.346439779583828766e+00,3.865587766095356148e+00,3.838045270384067287e+00,4.406637940249141572e+00,4.817190799324724715e+00,4.516379006495472304e+00,3.863129102187818464e+00,1.945770785709538098e+00,5.473791577374614858e-01,4.455590355486664045e+00,5.562666999659378497e+00,5.135175944761337874e+00,4.463220406685857178e+00,3.773096837035284423e+00,4.205969698918996080e+00,4.150120669055610279e+00,4.014906817505922376e+00,3.941068865678000410e+00,2.241319836456280967e+00,5.276982186077543435e-01,7.269480340074486735e-01,3.015334393807708846e+00,2.592023877041095048e+00,2.457306078402113680e+00,3.704926807964922020e+00,4.346932509285622359e+00,3.509536705038745374e+00,2.800118663702920951e+00,2.668718818173959395e+00,1.022354896053172979e+00,2.397057290629537873e-01,1.281512765247893260e+00,1.808508499979534889e+00,1.055888412265246545e+00,1.472026054836554687e+00,1.552270090554602300e+00,2.111654113264300470e-01,2.283641712579764227e-01,7.688887643904360747e-01,7.394189168815228086e-02
1.892973994193098086e+00,5.730062880470467856e-01,6.360408470972425121e-01,4.341677021725856567e-01,1.891808903210838944e+00,9.556806652215172893e-01,3.369634262121116830e+00,2.678198593515521253e+00,2.149644876700570251e+00,3.099905175354601639e+00,4.202852137952553413e+00,2.480404291035694708e+00,9.434157622559159462e-01,3.644333153326119401e+00,3.716986431118286749e+00,2.842420795158069780e+00,3.542360363584756922e+00,4.378086371664507759e+00,3.940100696544916126e+00,3.898443585983688120e+00,3.074606148983565213e+00,1.104150263177301028e+00,6.391445182674937442e-01,1.310232153001297695e+00,4.180253690251642062e+00,3.775709410853989034e+00,3.566180803751984651e+00,3.188684037430305374e+00,3.483775899928470032e+00,3.336845721692471400e+00,4.273940141003810922e+00,4.295513761680398446e+00,3.200524629864218262e+00,2.265706769619160621e+00,1.732645365663219028e-01,2.969369136832379574e+00,5.059857113703371212e+00,4.591584178428838925e+00,4.346462213858092838e+00,3.865663886565383400e+00,3.838242306300035267e+00,4.406788840346199443e+00,4.818233333795786777e+00,4.517623991698863861e+00,3.868755620643076210e+00,1.953038357418922510e+00,5.490734095267758574e-01,4.456229720019268647e+00,5.563329439829918677e+00,5.136168159823586876e+00,4.463545429747648008e+00,3.774452365246315999e+00,4.206901125751358883e+00,4.150441551524199468e+00,4.016606684080678669e+00,3.941304970490245196e+00,2.245893825742667271e+00,5.302562832818318306e-01,7.269546344433729379e-01,3.015580701054107138e+00,2.595591005091263170e+00,2.459553843870756928e+00,3.712051079617242788e+00,4.349666039476773882e+00,3.514873866777632472e+00,2.806272899401478504e+00,2.671135929564258049e+00,1.025019493228165990e+00,2.397801003003572629e-01,1.283944756530268627e+00,1.812525708313703632e+00,1.057304392371954282e+00,1.476529556636481555e+00,1.554188634609930508e+00,2.117087433592508006e-01,2.283641712319954276e-01,7.729489844205259530e-01,7.422240438681471097e-02
1.892985516619918318e+00,5.732293559846933784e-01,6.360575449505613266e-01,4.341677021580919171e-01,1.891811121085991365e+00,9.556874320165208436e-01,3.369651209253750945e+00,2.679275292665009633e+00,2.149660128036997353e+00,3.099910670277534752e+00,4.202861082025478368e+00,2.480625999767371859e+00,9.434157622413380517e-01,3.644336996868430933e+00,3.717001009850654292e+00,2.842465596119537530e+00,3.542480342616587397e+00,4.378105440226113032e+00,3.940807167932386612e+00,3.899183328046365471e+00,3.074789932331884135e+00,1.105169594554995749e+00,6.404262853373209330e-01,1.310266159441025202e+00,4.180315215328994860e+00,3.775778324588794810e+00,3.566234546895289625e+00,3.189202613279170873e+00,3.484320979238498595e+00,3.338261878131372651e+00,4.276221358174861820e+00,4.298673920073364130e+00,3.205170781614159470e+00,2.270596020884307897e+00,1.735332866006468744e-01,2.969373471273544229e+00,5.059910804475074464e+00,4.591614449675406995e+00,4.346483638422644624e+00,3.865736581048830445e+00,3.838430474138022408e+00,4.406932948819181739e+00,4.819228946485383247e+00,4.518812943336842025e+00,3.874128904051820754e+00,1.959978834518518953e+00,5.506914074233058010e-01,4.456840308406711415e+00,5.563962065280526836e+00,5.137115717850790908e+00,4.463855824360969393e+00,3.775746884637003475e+00,4.207790631469727316e+00,4.150747991901720724e+00,4.018230044055806971e+00,3.941530448834511535e+00,2.250261951598607535e+00,5.326992160790094966e-01,7.269609378098123020e-01,3.015815922647342440e+00,2.598997585931472010e+00,2.461700443227406332e+00,3.718854706224854034e+00,4.352276540541972771e+00,3.519970816667572056e+00,2.812150148865008248e+00,2.673444253020536898e+00,1.027564163773965200e+00,2.398511242797007059e-01,1.286267290173158662e+00,1.816362112488246749e+00,1.058656642874705511e+00,1.480830367466618558e+00,1.556020829957625473e+00,2.122276214213757173e-01,2.283641712058180062e-01,7.768264644473510394e-01,7.449029193366928092e-02
1.892996520451190490e+00,5.734423842104220403e-01,6.360734912757838311e-01,4.341677021433459904e-01,1.891813239139416458e+00,9.556938942546706617e-01,3.369667393638844377e+00,2.680303532369183728e+00,2.149674692949268717e+00,3.099915917887270833e+00,4.202869623547891287e+00,2.480837729961474558e+00,9.434157622265069154e-01,3.644340667421936519e+00,3.717014932431067731e+00,2.842508380704667825e+00,3.542594921701507360e+00,4.378123650560143076e+00,3.941481842868710839e+00,3.899889776230857752e+00,3.074965444066044107e+00,1.106143048462440603e+00,6.416503633850372257e-01,1.310298635337918238e+00,4.180373971320777038e+00,3.775844136693683240e+00,3.566285871197763857e+00,3.189697849369171667e+00,3.484841525937426354e+00,3.339614297030216949e+00,4.278399903659322767e+00,4.301691847908288402e+00,3.209607822087784612e+00,2.275265219592643273e+00,1.737899408899766518e-01,2.969377610631770192e+00,5.059962078763040161e+00,4.591643358490471449e+00,4.346504098721885256e+00,3.865806003740472452e+00,3.838610173027267702e+00,4.407070571341506593e+00,4.820179749221539467e+00,4.519948383335265163e+00,3.879260349868610902e+00,1.966606938690820261e+00,5.522365834175473331e-01,4.457423415788853482e+00,5.564566217894628686e+00,5.138020628740593843e+00,4.464152248914437848e+00,3.776983141056562854e+00,4.208640102835016883e+00,4.151040640189326503e+00,4.019780340795492179e+00,3.941745778980624948e+00,2.254433479404724050e+00,5.350321987873053464e-01,7.269669574770777354e-01,3.016040557523977039e+00,2.602250845376446353e+00,2.463750429697128652e+00,3.725352119192011369e+00,4.354769549704006870e+00,3.524838366022678304e+00,2.817762878527636516e+00,2.675648684806361643e+00,1.029994305278001843e+00,2.399189516523945187e-01,1.288485292581814656e+00,1.820025850030785985e+00,1.059948032078136482e+00,1.484937609923287161e+00,1.557770562929699620e+00,2.127231461227700460e-01,2.283641711794479889e-01,7.805294291258203510e-01,7.474612255408723260e-02
1.893007029027540922e+00,5.736458245856856930e-01,6.360887198972283718e-01,4.341677021283409377e-01,1.891815261863813991e+00,9.557000656432650398e-01,3.369682849605673436e+00,2.681285493662343811e+00,2.149688602331541354e+00,3.099920929314719409e+00,4.202877780637531480e+00,2.481039930726155696e+00,9.434157622114154318e-01,3.644344172772397084e+00,3.717028228391210831e+00,2.842549239665326688e+00,3.542704343877144169e+00,4.378141041293181601e+00,3.942126152429910935e+00,3.900564429008505307e+00,3.075133056469990134e+00,1.107072689725914216e+00,6.428193488443258996e-01,1.310329649577733457e+00,4.180430082856349649e+00,3.775906986764978157e+00,3.566334885525159315e+00,3.190170796162479228e+00,3.485338644174619471e+00,3.340905847050839039e+00,4.280480398444278300e+00,4.304573946614759450e+00,3.213845162842859704e+00,2.279724269740674991e+00,1.740350438324958227e-01,2.969381563687217618e+00,5.060011045326935353e+00,4.591670966193532877e+00,4.346523638154883962e+00,3.865872301895176388e+00,3.838781784133233455e+00,4.407201999829021943e+00,4.821087758784362798e+00,4.521032720114630976e+00,3.884160842578048278e+00,1.972936729033461178e+00,5.537122150349800265e-01,4.457980279014656766e+00,5.565143179160945586e+00,5.138884811930346075e+00,4.464435332164301329e+00,3.778163756770637871e+00,4.209451341689911530e+00,4.151320117133297849e+00,4.021260862686999893e+00,3.941951417672721725e+00,2.258417257530817679e+00,5.372601799758592866e-01,7.269727062137165685e-01,3.016255082164728929e+00,2.605357684025676690e+00,2.465708151576103457e+00,3.731557100402783878e+00,4.357150354969582473e+00,3.529486839567775647e+00,2.823122993741529196e+00,2.677753900817136490e+00,1.032315072396254640e+00,2.399837262894182754e-01,1.290603468436727352e+00,1.823524692219869126e+00,1.061181299191910066e+00,1.488859996018338849e+00,1.559441544944410563e+00,2.131963685377901152e-01,2.283641711528896501e-01,7.840657329403947218e-01,7.499043889908596494e-02
1.893017064639094027e+00,5.738401086348209335e-01,6.361032631168676010e-01,4.341677021130698755e-01,1.891817193549678588e+00,9.557059592726718789e-01,3.369697609938441030e+00,2.682223259416073979e+00,2.149701885687506753e+00,3.099925715189815634e+00,4.202885570596704312e+00,2.481233030956372154e+00,9.434157621960568285e-01,3.644347520355155634e+00,3.717040925933623896e+00,2.842588259668873629e+00,3.542808841242629736e+00,4.378157649313331845e+00,3.942741463282977588e+00,3.901208717408329196e+00,3.075293125072128042e+00,1.107960490239203288e+00,6.439357212901036798e-01,1.310359267945857331e+00,4.180483668955831789e+00,3.775967008116132728e+00,3.566381693843462042e+00,3.190622456842678645e+00,3.485813388404535473e+00,3.342139267744021591e+00,4.282467255538136008e+00,4.307326329510575924e+00,3.217891791847273364e+00,2.283982629571639222e+00,1.742691153244340374e-01,2.969385338824872989e+00,5.060057808031432458e+00,4.591697331344257726e+00,4.346542298167427099e+00,3.865935616140247610e+00,3.838945671466112319e+00,4.407327513059197344e+00,4.821954901183902464e+00,4.522068253698655838e+00,3.888840776782230613e+00,1.978981631880448067e+00,5.551214322881372620e-01,4.458512079265712025e+00,5.565694172891705094e+00,5.139710100468485088e+00,4.464705674568115512e+00,3.779291236023475609e+00,4.210226068780815289e+00,4.151587015541730707e+00,4.022674750115792008e+00,3.942147801098065951e+00,2.262221736104445657e+00,5.393878854915121757e-01,7.269781962135962727e-01,3.016459951605150458e+00,2.608324691900515635e+00,2.467577761454944341e+00,3.737482811454277520e+00,4.359424006345903102e+00,3.533926097338521810e+00,2.828241864029738650e+00,2.679764366498305073e+00,1.034531387786966183e+00,2.400455855864902510e-01,1.292626310672887024e+00,1.826866060568894223e+00,1.062359060140946276e+00,1.492605845658500963e+00,1.561037320378678261e+00,2.136482924346530810e-01,2.283641711261476248e-01,7.874428768655010735e-01,7.522375919636448138e-02
1.893026648572753601e+00,5.740256484603700748e-01,6.361171517828456690e-01,4.341677020975257539e-01,1.891819038294400457e+00,9.557115876440949176e-01,3.369711705945818814e+00,2.683118818757295632e+00,2.149714571192970158e+00,3.099930285664068919e+00,4.202893009948984293e+00,2.481417440243627759e+00,9.434157621804240001e-01,3.644350717270910422e+00,3.717053051991522139e+00,2.842625523481993266e+00,3.542908635450913390e+00,4.378173509848457989e+00,3.943329080584753843e+00,3.901824008052433790e+00,3.075445989399450131e+00,1.108808333146254155e+00,6.450018486980323429e-01,1.310387553266845861e+00,4.180534843282550206e+00,3.776024328060506807e+00,3.566426395439417529e+00,3.191053789442655386e+00,3.486266765623363906e+00,3.343317175360451365e+00,4.284364689331203735e+00,4.309954834768912058e+00,3.221756292543722644e+00,2.288049331637701744e+00,1.744926518628356904e-01,2.969388944052336221e+00,5.060102466066524585e+00,4.591722509866692725e+00,4.346560118339935386e+00,3.865996080773720589e+00,3.839102182652936790e+00,4.407447377262449173e+00,4.822783015745476298e+00,4.523057180592937598e+00,3.893310079249094002e+00,1.984754469281215572e+00,5.564672243157826603e-01,4.459019944561680937e+00,5.566220367818511150e+00,5.140498244902679481e+00,4.464963849558393427e+00,3.780367970349765905e+00,4.210965927407786857e+00,4.151841901541962976e+00,4.024025002126697004e+00,3.942335345812260972e+00,2.265854984934775995e+00,5.414198284829597752e-01,7.269834391217695480e-01,3.016655600400820258e+00,2.611158162422495099e+00,2.469363225026900643e+00,3.743141821574148320e+00,4.361595326552402341e+00,3.538165555595869094e+00,2.833130347202485133e+00,2.681684346317158241e+00,1.036647952552260943e+00,2.401046607555023527e-01,1.294558110009899288e+00,1.830057042568134396e+00,1.063483813114150411e+00,1.496183104293014043e+00,1.562561274086182284e+00,2.140798764045638569e-01,2.283641710992269924e-01,7.906680242761047195e-01,7.544657834953388820e-02
1.893035801157354037e+00,5.742028376172052528e-01,6.361304153549109941e-01,4.341677020817015231e-01,1.891820800010956427e+00,9.557169626960908548e-01,3.369725167527354959e+00,2.683974071287469343e+00,2.149726685755617428e+00,3.099934650432094152e+00,4.202900114474261706e+00,2.481593549744770755e+00,9.434157621645099523e-01,3.644353770300774009e+00,3.717064632285926429e+00,2.842661110146256220e+00,3.543003938178919121e+00,4.378188656540906720e+00,3.943890250750348603e+00,3.902411606054796422e+00,3.075591973697716419e+00,1.109618016835573595e+00,6.460199924673118987e-01,1.310414565537683540e+00,4.180583714384140670e+00,3.776079068181413589e+00,3.566469085131130257e+00,3.191465708876711549e+00,3.486699737504999064e+00,3.344442068400136581e+00,4.286176724534984217e+00,4.312465037801863410e+00,3.225446862056344344e+00,2.291933001959213900e+00,1.747061275986965811e-01,2.969392387016806190e+00,5.060145114157919011e+00,4.591746555167889099e+00,4.346577136471414526e+00,3.866053824049221266e+00,3.839251649674946254e+00,4.407561846686852469e+00,4.823573859011125897e+00,4.524001598444035821e+00,3.897578229968419627e+00,1.990267486197910385e+00,5.577524457232737598e-01,4.459504952152974155e+00,5.566722880071380608e+00,5.141250916992970765e+00,4.465210404758932050e+00,3.781396243647405786e+00,4.211672486910196689e+00,4.152085315781402386e+00,4.025314482785292469e+00,3.942514449622817274e+00,2.269324710629733399e+00,5.433603189737465922e-01,7.269884460591751196e-01,3.016842443549093034e+00,2.613864105762518264e+00,2.471068329499621630e+00,3.748546134281618869e+00,4.363668921250384969e+00,3.542214206799213283e+00,2.837798812388030001e+00,2.683517912808341510e+00,1.038669256209813430e+00,2.401610771028379887e-01,1.296402964053176676e+00,1.833104406718254697e+00,1.064557943863404965e+00,1.499599359766994322e+00,1.564016638577091500e+00,2.144920358950156702e-01,2.283641710721332485e-01,7.937480161421877067e-01,7.565936898787432863e-02
1.893044541806781167e+00,5.743720519473106689e-01,6.361430819669046111e-01,4.341677020655900776e-01,1.891822482436209762e+00,9.557220958298920932e-01,3.369738023236895419e+00,2.684790831111907750e+00,2.149738255072086712e+00,3.099938818752176584e+00,4.202906899242213612e+00,2.481761733011691007e+00,9.434157621483073575e-01,3.644356685920659089e+00,3.717075691380220537e+00,2.842695095145775674e+00,3.543094951576538421e+00,4.378203121518872365e+00,3.944426164096948018e+00,3.902972757789588520e+00,3.075731387619223600e+00,1.110391258754851895e+00,6.469923122174119356e-01,1.310440362055045549e+00,4.180630385922789571e+00,3.776131344590015981e+00,3.566509853469187696e+00,3.191859088881222384e+00,3.487113222440879845e+00,3.345516332912060520e+00,4.287907204719116905e+00,4.314862263086643779e+00,3.228971328577915134e+00,2.295641878321657003e+00,1.749099953427019905e-01,2.969395675021299752e+00,5.060185842767964459e+00,4.591769518251182625e+00,4.346593388659635515e+00,3.866108968448011218e+00,3.839394389571761934e+00,4.407671164137429543e+00,4.824329108465477134e+00,4.524903510488863745e+00,3.901654282260164752e+00,1.995532376478598602e+00,5.589798226375630730e-01,4.459968130805749276e+00,5.567202775546203242e+00,5.141969713257806163e+00,4.465445863146398686e+00,3.782378237021952749e+00,4.212347245995511358e+00,4.152317774574315834e+00,4.026545927252970891e+00,3.942685492432959737e+00,2.272638272942749005e+00,5.452134730044031485e-01,7.269932276462263143e-01,3.017020877369366527e+00,2.616448261589237934e+00,2.472696691628334165e+00,3.753707212848552910e+00,4.365649188812250614e+00,3.546080638680606523e+00,2.842257162026985196e+00,2.685268955212247732e+00,1.040599586215716910e+00,2.402149542951639016e-01,1.298164785985509440e+00,1.836014616887209572e+00,1.065583730764070980e+00,1.502861858416271845e+00,1.565406500874650941e+00,2.148856451515769317e-01,2.283641710448724438e-01,7.966893855393637480e-01,7.586258246884501621e-02
1.893052889061151767e+00,5.745336503769946646e-01,6.361551784864356573e-01,4.341677020491842565e-01,1.891824089138837151e+00,9.557269979335909493e-01,3.369750300343151928e+00,2.685570830687732169e+00,2.149749303682478629e+00,3.099942799465909005e+00,4.202913378644269393e+00,2.481922346783674183e+00,9.434157621318089992e-01,3.644359470315012395e+00,3.717086252732253460e+00,2.842727550567318850e+00,3.543181868695418402e+00,4.378216935464539716e+00,3.944937957368641168e+00,3.903508653534903061e+00,3.075864526879617866e+00,1.111129699053899911e+00,6.479208703689144366e-01,1.310464997536831877e+00,4.180674956895116701e+00,3.776181268171613592e+00,3.566548786928728898e+00,3.192234763867948910e+00,3.487508097488019931e+00,3.346542247555312599e+00,4.289559800464116002e+00,4.317151595459517210e+00,3.232337167974499437e+00,2.299183827749091247e+00,1.751046875256986601e-01,2.969398815040143358e+00,5.060224738287530499e+00,4.591791447824382644e+00,4.346608909377700058e+00,3.866161630938787841e+00,3.839530705113872511e+00,4.407775561491179772e+00,4.825050366093909915e+00,4.525764829803820888e+00,3.905546881977766560e+00,2.000560307661484849e+00,5.601519584896783588e-01,4.460410462984058633e+00,5.567661072165650538e+00,5.142656158360465746e+00,4.465670724159630289e+00,3.783316033413044899e+00,4.212991635918244882e+00,4.152539770996998669e+00,4.027721947588582374e+00,3.942848837047450150e+00,2.275802700383783961e+00,5.469832213631199425e-01,7.269977940253390392e-01,3.017191280343726412e+00,2.618916111243663192e+00,2.474251765387464719e+00,3.758636004614590131e+00,4.367540329651030895e+00,3.549773052460489353e+00,2.846514852876719015e+00,2.686941187724616764e+00,1.042443037058752742e+00,2.402664066132589871e-01,1.299847312867451254e+00,1.838793846020972733e+00,1.066563349647726033e+00,1.505977520437839168e+00,1.566733809063171501e+00,2.152615390722832922e-01,2.283641710174509343e-01,7.994983715064073460e-01,7.605664983547390234e-02
1.893060860626139430e+00,5.746879756782203863e-01,6.361667305718712306e-01,4.341677020324767877e-01,1.891825623526897537e+00,9.557316794052342912e-01,3.369762024887541063e+00,2.686315724498649971e+00,2.149759855022405741e+00,3.099946601016948300e+00,4.202919566424137443e+00,2.482075731744092906e+00,9.434157621150076611e-01,3.644362129389935756e+00,3.717096338744096506e+00,2.842758545253214919e+00,3.543264873898451128e+00,4.378230127679167971e+00,3.945426716147603319e+00,3.904020429997494546e+00,3.075991673885148714e+00,1.111834904063626395e+00,6.488076365181836280e-01,1.310488524238230035e+00,4.180717521842157502e+00,3.776228944820844369e+00,3.566585968092869763e+00,3.192593530693934589e+00,3.487885200229366323e+00,3.347521988432427875e+00,4.291138017147155814e+00,4.319337890901416621e+00,3.235551519642759555e+00,2.302566363191166143e+00,1.752906171159387683e-01,2.969401813733767437e+00,5.060261883219257406e+00,4.591812390403082311e+00,4.346623731547163416e+00,3.866211923225788105e+00,3.839660885444847072e+00,4.407875260188916400e+00,4.825739161780584041e+00,4.526587383362683958e+00,3.909264285847155129e+00,2.005361944662758855e+00,5.612713395369492986e-01,4.460832886933786767e+00,5.568098742038326776e+00,5.143311708343075495e+00,4.465885464759015377e+00,3.784211622012592535e+00,4.213607023515851147e+00,4.152751775933658962e+00,4.028845038288962677e+00,3.943004829942145406e+00,2.278824705127741268e+00,5.486733179234759561e-01,7.270021548824445734e-01,3.017354013919756550e+00,2.621272889365818592e+00,2.475736849296982456e+00,3.763342964207922137e+00,4.369346355130028670e+00,3.553299280243577662e+00,2.850580916070405202e+00,2.688538157374841475e+00,1.044203518945349574e+00,2.403155431944195008e-01,1.301454113564124437e+00,1.841447989237183336e+00,1.067498878417395103e+00,1.508952954568516969e+00,1.568001378541312718e+00,2.156205149785683506e-01,2.283641709898756589e-01,8.021809322790911523e-01,7.624198273065775633e-02
1.893068473410530306e+00,5.748353551956705276e-01,6.361777627267614088e-01,4.341677020154603439e-01,1.891827088855062122e+00,9.557361501748794508e-01,3.369773221739421842e+00,2.687027092564334918e+00,2.149769931472703899e+00,3.099950231468922013e+00,4.202925475706957847e+00,2.482222213243040265e+00,9.434157620978959047e-01,3.644364668785711636e+00,3.717105970809561732e+00,2.842788144947376416e+00,3.543344143250831468e+00,4.378242726145242791e+00,3.945893477156764195e+00,3.904509172723884092e+00,3.076113098331690665e+00,1.112508369618435689e+00,6.496544916151442139e-01,1.310510992062556834e+00,4.180758171049901328e+00,3.776274475666302255e+00,3.566621475827874033e+00,3.192936150351748825e+00,3.488245330550421741e+00,3.348457633705193448e+00,4.292645202377449287e+00,4.321425786838130279e+00,3.238621201653578474e+00,2.305796659459096620e+00,1.754681784950409551e-01,2.969404677462833320e+00,5.060297356352556619e+00,4.591832390409329889e+00,4.346637886607871870e+00,3.866259951985730137e+00,3.839785206694652064e+00,4.407970471704973470e+00,4.826396956553531403e+00,4.527372915911865192e+00,3.912814378980378649e+00,2.009947472398310619e+00,5.623403401366922072e-01,4.461236298672797140e+00,5.568516713520743622e+00,5.143937753715073669e+00,4.466090540438187872e+00,3.785066902484120810e+00,4.214194714107960316e+00,4.152954239075221210e+00,4.029917581580095387e+00,3.943153801998919850e+00,2.281710697251887243e+00,5.502873476069081171e-01,7.270063194675352447e-01,3.017509423277221714e+00,2.623523594998117492e+00,2.477155093419002085e+00,3.767838075720962188e+00,4.371071096071456275e+00,3.556666801631807484e+00,2.854463976273267534e+00,2.690063251549694723e+00,1.045884766093657214e+00,2.403624682639536048e-01,1.302988596315261427e+00,1.843982676329481318e+00,1.068392301455062032e+00,1.511794472102971909e+00,1.569211897993920690e+00,2.159633343064893962e-01,2.283641709621539728e-01,8.047427579284035515e-01,7.641897427031184298e-02
1.893075743562090185e+00,5.749761015410900233e-01,6.361882983518143408e-01,4.341677019981273755e-01,1.891828488231517058e+00,9.557404197256571532e-01,3.369783914648848189e+00,2.687706443791860078e+00,2.149779554406905380e+00,3.099953698522535550e+00,4.202931119027141449e+00,2.482362101987443559e+00,9.434157620804661804e-01,3.644367093888767783e+00,3.717115169359579863e+00,2.842816412434753026e+00,3.543419844893513027e+00,4.378254757585827939e+00,3.946339230458834280e+00,3.904975918402951329e+00,3.076229057776804332e+00,1.113151524229093470e+00,6.504632319530286866e-01,1.310532448667109717e+00,4.180796990740797803e+00,3.776317957285044269e+00,3.566655385450436810e+00,3.193263349583651767e+00,3.488589252335910995e+00,3.349351168002708601e+00,4.294084553096975121e+00,4.323419711976902668e+00,3.241552725214098540e+00,2.308881568444397736e+00,1.756377482945265800e-01,2.969407412301724225e+00,5.060331232930729506e+00,4.591851490265851155e+00,4.346651404584639167e+00,3.866305819094088214e+00,3.839903932565357003e+00,4.408061397995772346e+00,4.827025145683686347e+00,4.528123093671251098e+00,3.916204691600983612e+00,2.014326617387306229e+00,5.633612277825403858e-01,4.461621553891506942e+00,5.568915873186481846e+00,5.144535622402661268e+00,4.466286386190188473e+00,3.785883688992213170e+00,4.214755954265144489e+00,4.153147589873184664e+00,4.030941852470132147e+00,3.943296069207510079e+00,2.284466798332489113e+00,5.518287339868096497e-01,7.270102966142845125e-01,3.017657838060235687e+00,2.625673002189000904e+00,2.478509506039488386e+00,3.772130873887941327e+00,4.372718210882125867e+00,3.559882759589573453e+00,2.858172269976650970e+00,2.691519705178429867e+00,1.047490344654321559e+00,2.404072813562573852e-01,1.304454015964539026e+00,1.846403283709053822e+00,1.069245513830809013e+00,1.514508100280817393e+00,1.570367935095089207e+00,2.162907242218354009e-01,2.283641709342938420e-01,8.071892824299509162e-01,7.658799987722149372e-02
1.893082686501814438e+00,5.751105132563767430e-01,6.361983597945323199e-01,4.341677019804704996e-01,1.891829824624556178e+00,9.557444971138863155e-01,3.369794126296944636e+00,2.688355219176293165e+00,2.149788744236574622e+00,3.099957009531903118e+00,4.202936508354956580e+00,2.482495694700114441e+00,9.434157620627109386e-01,3.644369409843102314e+00,3.717123953905538514e+00,2.842843407674504164e+00,3.543492139399861074e+00,4.378266247521252374e+00,3.946764921556361827e+00,3.905421657064890084e+00,3.076339798186049190e+00,1.113765732112790063e+00,6.512355729785557212e-01,1.310552939564253005e+00,4.180834063256648747e+00,3.776359481907443527e+00,3.566687768887444765e+00,3.193575822423114108e+00,3.488917695090082649e+00,3.350204486631047640e+00,4.295459122361620530e+00,4.325323895700318388e+00,3.244352308478866576e+00,2.311827633652665970e+00,1.757996861947057343e-01,2.969410024051430508e+00,5.060363584810570359e+00,4.591869730486035195e+00,4.346664314150940456e+00,3.866349621841185247e+00,3.840017314890482591e+00,4.408148231928198157e+00,4.827625061644449822e+00,4.528839507868480219e+00,3.919442415016626047e+00,2.018508668383434124e+00,5.643361679141017939e-01,4.461989469767918770e+00,5.569297067706742155e+00,5.145106582565515119e+00,4.466473417430148807e+00,3.786663714050594542e+00,4.215291934453055056e+00,4.153332238450547997e+00,4.031920023574992129e+00,3.943431933335770800e+00,2.287098854429494121e+00,5.533007465503886335e-01,7.270140947587845348e-01,3.017799573076483277e+00,2.627725670119334556e+00,2.479802960049233729e+00,3.776230464309359380e+00,4.374291193313418091e+00,3.562953975594914446e+00,2.861713662968724314e+00,2.692910607594499517e+00,1.049023660274770009e+00,2.404500775259406642e-01,1.305853480863537808e+00,1.848714945808724419e+00,1.070060325322513606e+00,1.517099595071198737e+00,1.571471941954539986e+00,2.166033791625430194e-01,2.283641709063037040e-01,8.095256951901496079e-01,7.674941807736411492e-02
1.893089316956639401e+00,5.752388754468300558e-01,6.362079683966140875e-01,4.341677019624820555e-01,1.891831100868878179e+00,9.557483909882842354e-01,3.369803878344016290e+00,2.688974794857240003e+00,2.149797520454602928e+00,3.099960171520151242e+00,4.202941655121919418e+00,2.482623274749137465e+00,9.434157620446224080e-01,3.644371621561194541e+00,3.717132343080667312e+00,2.842869187927183017e+00,3.543561180116248099e+00,4.378277220323240293e+00,3.947171453397269492e+00,3.905847334181194341e+00,3.076445554454710685e+00,1.114352296086826843e+00,6.519731529306230788e-01,1.310572508217957788e+00,4.180869467233259584e+00,3.776399137612822088e+00,3.566718694828539871e+00,3.193874231666953722e+00,3.489231355484084141e+00,3.351019399593460069e+00,4.296771825817120138e+00,4.327142377037388243e+00,3.247025889739372673e+00,2.314641104083232204e+00,1.759543356876074327e-01,2.969412518251855371e+00,5.060394480614785806e+00,4.591887149759865672e+00,4.346676642689732084e+00,3.866391453138557033e+00,3.840125594169173429e+00,4.408231157688694779e+00,4.828197976938039204e+00,4.529523678114149021e+00,3.922534416872800467e+00,2.022502496077600131e+00,5.652672285101472127e-01,4.462340826700965657e+00,5.569661105646240173e+00,5.145651845286725035e+00,4.466652030876437252e+00,3.787408632197027725e+00,4.215803791557563684e+00,4.153508576471732106e+00,4.032854169726767246e+00,3.943561682569766358e+00,2.289612448486809448e+00,5.547065076336884504e-01,7.270177219574405214e-01,3.017934928964969288e+00,2.629685952773043844e+00,2.481038199037644443e+00,3.780145542766184974e+00,4.375793379871998567e+00,3.565886964108782475e+00,2.865095667018870973e+00,2.694238909088446210e+00,1.050487965323045669e+00,2.404909475494506066e-01,1.307189959464971407e+00,1.850922565973772471e+00,1.070838464254632028e+00,1.519574453381973722e+00,1.572526260318876989e+00,2.169019623116927586e-01,2.283641708781925239e-01,8.117569520536522809e-01,7.690357126039078228e-02
1.893095648990679392e+00,5.753614603858958620e-01,6.362171445392231783e-01,4.341677019441542718e-01,1.891832319671599150e+00,9.557521096083111400e-01,3.369813191475493408e+00,2.689566485037820254e+00,2.149805901676557163e+00,3.099963191194311296e+00,4.202946570245044811e+00,2.482745112748932392e+00,9.434157620261930388e-01,3.644373733734425524e+00,3.717140354679562275e+00,2.842893807876194057e+00,3.543627113487321623e+00,4.378287699266608435e+00,3.947559688290128932e+00,3.906253852670131810e+00,3.076546550906044342e+00,1.114912460332067257e+00,6.526775363152315101e-01,1.310591196135992842e+00,4.180903277767243686e+00,3.776437008516279281e+00,3.566748228871821080e+00,3.194159210281218186e+00,3.489530898833697048e+00,3.351797635429629274e+00,4.298025447883535577e+00,4.328879013230872097e+00,3.249579140019962953e+00,2.317327947484127293e+00,1.761020248055722437e-01,2.969414900193564133e+00,5.060423985877551267e+00,4.591903785035992058e+00,4.346688416351534023e+00,3.866431401716030614e+00,3.840229000076329946e+00,4.408310351173950536e+00,4.828745106794637643e+00,4.530177055625111748e+00,3.925487255720037538e+00,2.026316571913852282e+00,5.661563844750702179e-01,4.462676369965843826e+00,5.570008759178286972e+00,5.146172567141661602e+00,4.466822605392152923e+00,3.788120023502808298e+00,4.216292611296248438e+00,4.153676977973353779e+00,4.033746272374723496e+00,3.943685592125050654e+00,2.292012912174473449e+00,5.560489990444812403e-01,7.270211859040590641e-01,3.018064192833713744e+00,2.631558008172495633e+00,2.482217843112262123e+00,3.783884413664770019e+00,4.377227956896995842e+00,3.568687946393087618e+00,2.868325455811159497e+00,2.695507427165864556e+00,1.051886365786516064e+00,2.405299781176206964e-01,1.308466286619173857e+00,1.853030826862587244e+00,1.071581581164205765e+00,1.521937924719392488e+00,1.573533126538745330e+00,2.171871070042091512e-01,2.283641708499698220e-01,8.138877858153585887e-01,7.705078640588061689e-02
1.893101696035059289e+00,5.754785280926965063e-01,6.362259076862192275e-01,4.341677019254793768e-01,1.891833483617993750e+00,9.557556608616899485e-01,3.369822085445809190e+00,2.690131544772269567e+00,2.149813905680165504e+00,3.099966074959549456e+00,4.202951264149998423e+00,2.482861467134263478e+00,9.434157620074149486e-01,3.644375750843029227e+00,3.717148005695930291e+00,2.842917319743780258e+00,3.543690079366635270e+00,4.378297706578631043e+00,3.947930449733231928e+00,3.906642074811952359e+00,3.076643001767096930e+00,1.115447413032011337e+00,6.533502172240120975e-01,1.310609042957969983e+00,4.180935566575309181e+00,3.776473174947110323e+00,3.566776433662986356e+00,3.194431362743789027e+00,3.489816960510558452e+00,3.352540844882136994e+00,4.299222647661381735e+00,4.330537487919006168e+00,3.252017475106842248e+00,2.319893863010474178e+00,1.762430668170529013e-01,2.969417174929007253e+00,5.060452163183516205e+00,4.591919671600096287e+00,4.346699660109899277e+00,3.866469552309932389e+00,3.840327751949778268e+00,4.408385980363997980e+00,4.829267611750057476e+00,4.530801026302701651e+00,3.928307194925467538e+00,2.029958986058447934e+00,5.670055218279244080e-01,4.462996811294838828e+00,5.570340765722667342e+00,5.146669852651227117e+00,4.466985502788748619e+00,3.788799396924309448e+00,4.216759430521345386e+00,4.153837800157611504e+00,4.034598223788219862e+00,3.943803924830435736e+00,2.294305337197843908e+00,5.573310683870817961e-01,7.270244939461681932e-01,3.018187638868746525e+00,2.633345807198222310e+00,2.483344394456363347e+00,3.787455007651613581e+00,4.378597967318654582e+00,3.571362863706829316e+00,2.871409880160689099e+00,2.696718852523706023e+00,1.053221827860088666e+00,2.405672520195536734e-01,1.309685169587196718e+00,1.855044200379212693e+00,1.072291252301871500e+00,1.524195022323003412e+00,1.574494676312429453e+00,2.174594180702490998e-01,2.283641708216458122e-01,8.159227162593081228e-01,7.719137577690812768e-02
1.893107470916402635e+00,5.755903268835652620e-01,6.362342764254431682e-01,4.341677019064494880e-01,1.891834595176979716e+00,9.557590522811370004e-01,3.369830579120298708e+00,2.690671172628078089e+00,2.149821549443025948e+00,3.099968828932750498e+00,4.202955746793214153e+00,2.482972584708412978e+00,9.434157619882800327e-01,3.644377677165595131e+00,3.717155312358634056e+00,2.842939773401797598e+00,3.543750211313293264e+00,4.378307263486193257e+00,3.948284524161341569e+00,3.907012824077901403e+00,3.076735111623107866e+00,1.115958288893091233e+00,6.539926225033948493e-01,1.310626086539423696e+00,4.180966402146379934e+00,3.776507713619195794e+00,3.566803369028210824e+00,3.194691266326561419e+00,3.490090147289871769e+00,3.353250604397910006e+00,4.300365964571934541e+00,4.332121318948996880e+00,3.254346067035683632e+00,2.322344293313161945e+00,1.763777608910986894e-01,2.969419347283236199e+00,5.060479072300558379e+00,4.591934843149747536e+00,4.346710397814383064e+00,3.866505985842826565e+00,3.840422059255514942e+00,4.408458205678522646e+00,4.829766600107397778e+00,4.531396913672419480e+00,3.931000215958263766e+00,2.033437464560182484e+00,5.678164417029223365e-01,4.463302830387005926e+00,5.570657829509809034e+00,5.147144756624695283e+00,4.467141068593477371e+00,3.789448193503678564e+00,4.217205239419054230e+00,4.153991384149954946e+00,4.035411831070462085e+00,3.943916931685489402e+00,2.296494586097786339e+00,5.585554351024984987e-01,7.270276531006019116e-01,3.018305528915692815e+00,2.635053142011692273e+00,2.484420242636425247e+00,3.790864898435322594e+00,4.379906317112795655e+00,3.573917389908303210e+00,2.874355482545087881e+00,2.697875754757612654e+00,1.054497184237908503e+00,2.406028483182283406e-01,1.310849193783272693e+00,1.856966957158856735e+00,1.072968982975300856e+00,1.526350533799406772e+00,1.575412949215956759e+00,2.177194731181276433e-01,2.283641707932311804e-01,8.178660597457482195e-01,7.732563758239505147e-02
1.893112985884039867e+00,5.756970938987591158e-01,6.362422685081453588e-01,4.341677018870565563e-01,1.891835656706355007e+00,9.557622910603400523e-01,3.369838690515217561e+00,2.691186513228311483e+00,2.149828849178617940e+00,3.099971458955494086e+00,4.202960027683013244e+00,2.483078701166686386e+00,9.434157619687802976e-01,3.644379516788143647e+00,3.717162290166117877e+00,2.842961216477498443e+00,3.543807636875252243e+00,4.378316390260809321e+00,3.948622662613825440e+00,3.907366886876912915e+00,3.076823075851463418e+00,1.116446171551537470e+00,6.546061147811411685e-01,1.310642363032108237e+00,4.180995849886868676e+00,3.776540697793723922e+00,3.566829092101049703e+00,3.194939472319913598e+00,3.490351038637455883e+00,3.353928419472074207e+00,4.301457823743684017e+00,4.333633865838844024e+00,3.256569855062207530e+00,2.324684436083437777e+00,1.765063927319331927e-01,2.969421421864140154e+00,5.060504770306555322e+00,4.591949331865871287e+00,4.346720652241135241e+00,3.866540779595160071e+00,3.840512122032013753e+00,4.408527180317133976e+00,4.830243130287898978e+00,4.531965981691302048e+00,3.933572031077139375e+00,2.036759385738373673e+00,5.685908641698829147e-01,4.463595076349903046e+00,5.570960623074547868e+00,5.147598286397101042e+00,4.467289632782303954e+00,3.790067789425483280e+00,4.217630983609851114e+00,4.154138055722658152e+00,4.036188819991614274e+00,3.944024852392937319e+00,2.298585302564777333e+00,5.597246962367316003e-01,7.270306700683843992e-01,3.018418113035183481e+00,2.636683634098992091e+00,2.485447669670717286e+00,3.794121318851465308e+00,4.381155781464783239e+00,3.576356943490115015e+00,2.877168510981983118e+00,2.698980587812368714e+00,1.055715140121881834e+00,2.406368425182027204e-01,1.311960828258825318e+00,1.858803175626480231e+00,1.073616210742159405e+00,1.528409031277409902e+00,1.576289893029311440e+00,2.179678237595028267e-01,2.283641707647374175e-01,8.197219383667131432e-01,7.745385660965135866e-02
1.893118252635989984e+00,5.757990556054646270e-01,6.362499008866374650e-01,4.341677018672924215e-01,1.891836670457798908e+00,9.557653840692172942e-01,3.369846436835955750e+00,2.691678659679511476e+00,2.149835820370693540e+00,3.099973970606444862e+00,4.202964115899769482e+00,2.483180041596352083e+00,9.434157619489076385e-01,3.644381273612794736e+00,3.717168953919280483e+00,2.842981694454553843e+00,3.543862477859862192e+00,4.378325106261625521e+00,3.948945582327711090e+00,3.907705014223687545e+00,3.076907081036119873e+00,1.116912095871914978e+00,6.551919953566605059e-01,1.310657906960680741e+00,4.181023972259417576e+00,3.776572197434584499e+00,3.566853657443622705e+00,3.195176507202071026e+00,3.490600187938872168e+00,3.354575727841313526e+00,4.302500541156359049e+00,4.335078336903329443e+00,3.258693556139008241e+00,2.326919255077905646e+00,1.766292351849711728e-01,2.969423403072217749e+00,5.060529311710459055e+00,4.591963168481012048e+00,4.346730445141208321e+00,3.866574007369186994e+00,3.840598131314533425e+00,4.408593050584324047e+00,4.830698213075997671e+00,4.532509437428951848e+00,3.936028095446813424e+00,2.039931795833266559e+00,5.693304318827299149e-01,4.463874169076436083e+00,5.571249788682665738e+00,5.148031403965934949e+00,4.467431510479825896e+00,3.790659498935780913e+00,4.218037566154283269e+00,4.154278125985826797e+00,4.036930838649387177e+00,3.944127915867104317e+00,2.300581921288791243e+00,5.608413319494565119e-01,7.270335512489436436e-01,3.018525630033265461e+00,2.638240741952482704e+00,2.486428854869766614e+00,3.797231176204383996e+00,4.382349010656064969e+00,3.578686699072529454e+00,2.879854932281885382e+00,2.700035695187049889e+00,1.056878278959772155e+00,2.406693067257694441e-01,1.313022430939658980e+00,1.860556750647682778e+00,1.074234308459359521e+00,1.530374881106126184e+00,1.577127367867936503e+00,2.182049967794178480e-01,2.283641707361764861e-01,8.214942886895332252e-01,7.757630482844726783e-02
1.893123282343774250e+00,5.758964282781656729e-01,6.362571897502510287e-01,4.341677018471488680e-01,1.891837638581647774e+00,9.557683378684891373e-01,3.369853834513532487e+00,2.692148655890319819e+00,2.149842477806121366e+00,3.099976369213185201e+00,4.202968020115173786e+00,2.483276820954081199e+00,9.434157619286536178e-01,3.644382951366042178e+00,3.717175317752869468e+00,2.843001250769533694e+00,3.543914850592240207e+00,4.378333429976482449e+00,3.949253968259041070e+00,3.908027923331696130e+00,3.076987305363370950e+00,1.117357050142210317e+00,6.557515069612399605e-01,1.310672751295931526e+00,4.181050828915384265e+00,3.776602279356773284e+00,3.566877117162349897e+00,3.195402873755833983e+00,3.490838123673227322e+00,3.355193902533500694e+00,4.303496328553428008e+00,4.336457796059281833e+00,3.260721674920840751e+00,2.329053490647321034e+00,1.767465488155603448e-01,2.969425295109912710e+00,5.060552748567912928e+00,4.591976382344522101e+00,4.346739797286695683e+00,3.866605739645511353e+00,3.840680269540330372e+00,4.408655956199796222e+00,4.831132813763338696e+00,4.533028433627885434e+00,3.938373618709147816e+00,2.042961423952054378e+00,5.700367135637813831e-01,4.464140700559733332e+00,5.571525939693223073e+00,5.148445028031667370e+00,4.467567002627699679e+00,3.791224577129812534e+00,4.218425849468473210e+00,4.154411892047305876e+00,4.037639460964878246e+00,3.944226340719473090e+00,2.302488677365875258e+00,5.619077107747747490e-01,7.270363027536850264e-01,3.018628307967943680e+00,2.639727768406729513e+00,2.487365879458968809e+00,3.800201066918514226e+00,4.383488535685773790e+00,3.580911598379534322e+00,2.882420444704595131e+00,2.701043314905898995e+00,1.057989067925039439e+00,2.407003098019027676e-01,1.314036253627434592e+00,1.862231401790235497e+00,1.074824587195073677e+00,1.532252253116586083e+00,1.577927150128289657e+00,2.184314952536828280e-01,2.283641707075611815e-01,8.231868701068225658e-01,7.769324196789748060e-02
1.893128085676111461e+00,5.759894184573902676e-01,6.362641505596769997e-01,4.341677018266175692e-01,1.891838563131456041e+00,9.557711587235943052e-01,3.369860899239449203e+00,2.692597498785750165e+00,2.149848835606249953e+00,3.099978659863517283e+00,4.202971748610624836e+00,2.483369244521902885e+00,9.434157619080099089e-01,3.644384553606659694e+00,3.717181395165463531e+00,2.843019926904038375e+00,3.543964866162009120e+00,4.378341379061131633e+00,3.949548474535758302e+00,3.908336299134486325e+00,3.077063918999804581e+00,1.117781978170123036e+00,6.562858363940452522e-01,1.310686927524721490e+00,4.181076476821370846e+00,3.776631007368115966e+00,3.566899521018475294e+00,3.195619052135048044e+00,3.491065350534151790e+00,3.355784254780074249e+00,4.304447298133506905e+00,4.337775169324555868e+00,3.262658513319597553e+00,2.331091669791509613e+00,1.768585824616754343e-01,2.969427101990526285e+00,5.060575130591669968e+00,4.591989001484814814e+00,4.346748728514791438e+00,3.866636043732587069e+00,3.840758710935629594e+00,4.408716030594830748e+00,4.831547854196283076e+00,4.533524071148662848e+00,3.940613576033496379e+00,2.045854696342215728e+00,5.707112073312200495e-01,4.464395236148841484e+00,5.571789661859572362e+00,5.148840035946435023e+00,4.467696396622974575e+00,3.791764222614227631e+00,4.218796657153426999e+00,4.154539637642883143e+00,4.038316190021061125e+00,3.944320335722388826e+00,2.304309615281354695e+00,5.629260946451924985e-01,7.270389304189553981e-01,3.018726364632920323e+00,2.641147867644252578e+00,2.488260730993146375e+00,3.803037290530285830e+00,4.384576773639316194e+00,3.583036360720900593e+00,2.884870490045973401e+00,2.702005584265473548e+00,1.059049863150045567e+00,2.407299175083220943e-01,1.315004446776043334e+00,1.863830681213782814e+00,1.075388299009685245e+00,1.534045129466508284e+00,1.578690936255815691e+00,2.186477996159661985e-01,2.283641706789048542e-01,8.248032728106552414e-01,7.780491606738136612e-02
1.893132672821549400e+00,5.760782233878108949e-01,6.362707980797602803e-01,4.341677018056900317e-01,1.891839446068352970e+00,9.557738526179800909e-01,3.369867645998972705e+00,2.693026140421797443e+00,2.149854907256862457e+00,3.099980847416253571e+00,4.202975309294797235e+00,2.483457508342629794e+00,9.434157618869679629e-01,3.644386083733250015e+00,3.717187199048104684e+00,2.843037762472688801e+00,3.544012630658935681e+00,4.378348970376682914e+00,3.949829725845197537e+00,3.908630795738516017e+00,3.077137084453251958e+00,1.118187781285008509e+00,6.567961170394797099e-01,1.310700465716768015e+00,4.181100970380062343e+00,3.776658442404611904e+00,3.566920916533617536e+00,3.195825500883076487e+00,3.491282350500317655e+00,3.356348036797336842e+00,4.305355467030612004e+00,4.339033251024512872e+00,3.264508179629242779e+00,2.333038115761741249e+00,1.769655737617369662e-01,2.969428827546731764e+00,5.060596505257039190e+00,4.592001052668816641e+00,4.346757257769870542e+00,3.866664983909489095e+00,3.840833621885184623e+00,4.408773401195309916e+00,4.831944214731271892e+00,4.533997401304953989e+00,3.942752718669704670e+00,2.048617750022447836e+00,5.713553438768027570e-01,4.464638315747908592e+00,5.572041514571824727e+00,5.149217265575022573e+00,4.467819966927701003e+00,3.792279580049489063e+00,4.219150775741995929e+00,4.154661633738132132e+00,4.038962461251034419e+00,3.944410100251891649e+00,2.306048597488729257e+00,5.638986436894825038e-01,7.270414398184216198e-01,3.018820008019566625e+00,2.642504051885973482e+00,2.489115307572418168e+00,3.805745863050284505e+00,4.385616032815333298e+00,3.585065493002468351e+00,2.887210265180721436e+00,2.702924544368140669e+00,1.060062914723727712e+00,2.407581926469812561e-01,1.315929064053007913e+00,1.865357981204448956e+00,1.075926639611577640e+00,1.535757313086991038e+00,1.579420346343337389e+00,2.188543686768587571e-01,2.283641706502216873e-01,8.263469254078431581e-01,7.791156400266768811e-02
1.893137053510074663e+00,5.761630314366272820e-01,6.362771464108180064e-01,4.341677017843575959e-01,1.891840289265201536e+00,9.557764252657934279e-01,3.369874089102920856e+00,2.693435490004879806e+00,2.149860705636780889e+00,3.099982936511522347e+00,4.202978709720415651e+00,2.483541799635695657e+00,9.434157618655191202e-01,3.644387544991452010e+00,3.717192741711642157e+00,2.843054795307153881e+00,3.544058245397959883e+00,4.378356220025371393e+00,3.950098318759131644e+00,3.908912037810603035e+00,3.077206956917485137e+00,1.118575320249717953e+00,6.572834312712452220e-01,1.310713394588428171e+00,4.181124361545618839e+00,3.776684642659688063e+00,3.566941349090569702e+00,3.196022657905431164e+00,3.491489583857784851e+00,3.356886444442571449e+00,4.306222761592774617e+00,4.340234709719149819e+00,3.266274597240049982e+00,2.334896957230925718e+00,1.770677496586740562e-01,2.969430475438702643e+00,5.060616917902589940e+00,4.592012561458742148e+00,4.346765403143667328e+00,3.866692621562255461e+00,3.840905161285201430e+00,4.408828189692007626e+00,4.832322736102178773e+00,4.534449428093520140e+00,3.944795584026149715e+00,2.051256445800107020e+00,5.719704895005494061e-01,4.464870454961395119e+00,5.572282032043386124e+00,5.149577517072088995e+00,4.467937975651101290e+00,3.792771742577850880e+00,4.219488956367224652e+00,4.154778139103165735e+00,4.039579645482764825e+00,3.944495824710622767e+00,2.307709312602453711e+00,5.648274208146071285e-01,7.270438362748942174e-01,3.018909436758099307e+00,2.643799197780539512e+00,2.489931421868325057e+00,3.808332529724015370e+00,4.386608517621914061e+00,3.587003299285901115e+00,2.889444733085648309e+00,2.703802144451525891e+00,1.061030371464337652e+00,2.407851951932800383e-01,1.316812066695585592e+00,1.866816541370331928e+00,1.076440750893391307e+00,1.537392435749037389e+00,1.580116927567488228e+00,2.190516405970725222e-01,2.283641706215266409e-01,8.278211021924715141e-01,7.801341198835974600e-02
1.893141237033751700e+00,5.762440224931174582e-01,6.362832090185476241e-01,4.341677017626116020e-01,1.891841094510572141e+00,9.557788821240019717e-01,3.369880242218018740e+00,2.693826415820383513e+00,2.149866243045184699e+00,3.099984931580612280e+00,4.202981957100275778e+00,2.483622297194270523e+00,9.434157618436546100e-01,3.644388940480827177e+00,3.717198034912846172e+00,2.843071061536396105e+00,3.544101807134095949e+00,4.378363143384710554e+00,3.950354822999179394e+00,3.909180621902926589e+00,3.077273684601405712e+00,1.118945417086391947e+00,6.577488127482019609e-01,1.310725741563609104e+00,4.181146699933875333e+00,3.776709663707636278e+00,3.566960862029561419e+00,3.196210941398627714e+00,3.491687490176326847e+00,3.357400619750617654e+00,4.307051021468079277e+00,4.341382093863480840e+00,3.267961512960643855e+00,2.336672137051081233e+00,1.771653268813010440e-01,2.969432049161876641e+00,5.060636411826317627e+00,4.592023552266319086e+00,4.346773181913655471e+00,3.866719015314097341e+00,3.840973480880377267e+00,4.408880512298710030e+00,4.832684221203619401e+00,4.534881110323824238e+00,3.946746505294190133e+00,2.053776380702764914e+00,5.725579490088485990e-01,4.465092146187734201e+00,5.572511724444100700e+00,5.149921554579398375e+00,4.468050673105540049e+00,3.793241754142062661e+00,4.219811916355597603e+00,4.154889400861523363e+00,4.040169051846794979e+00,3.944577690931690750e+00,2.309295283221984185e+00,5.657143960814203787e-01,7.270461248716167946e-01,3.018994840538901769e+00,2.645036052506080981e+00,2.490710804968748526e+00,3.810802777218340154e+00,4.387556333252440766e+00,3.588853889918176332e+00,2.891578633366811424e+00,2.704640246023111150e+00,1.061954285477374027e+00,2.408109824232800011e-01,1.317655327670816501e+00,1.868209455513146100e+00,1.076931723354131565e+00,1.538953965767029475e+00,1.580782157470481453e+00,2.192400338168384588e-01,2.283641705928353971e-01,8.292289300911154237e-01,7.811067605772681333e-02
1.893145232266432609e+00,5.763213683502080853e-01,6.362889987625899302e-01,4.341677017404432237e-01,1.891841863512534694e+00,9.557812284039687301e-01,3.369886118395885255e+00,2.694199747074415008e+00,2.149871531227698807e+00,3.099986836855371131e+00,4.202985058322544099e+00,2.483699171764506719e+00,9.434157618213655505e-01,3.644390273161433491e+00,3.717203089879342670e+00,2.843086595663306237e+00,3.544143408267667272e+00,4.378369755140112396e+00,3.950599782645262792e+00,3.909437117718394195e+00,3.077337409043415573e+00,1.119298856820079902e+00,6.581932486068970967e-01,1.310737532831939056e+00,4.181168032927588207e+00,3.776733558621490960e+00,3.566979496740191546e+00,3.196390750737237774e+00,3.491876489241817261e+00,3.357891653356279704e+00,4.307842003506810791e+00,4.342477837213151837e+00,3.269572504965481574e+00,2.338367420616652925e+00,1.772585124040281790e-01,2.969433552054371095e+00,5.060655028377486708e+00,4.592034048404562085e+00,4.346780610579692450e+00,3.866744221149746252e+00,3.841038725585772085e+00,4.408930479998718788e+00,4.833029436793997213e+00,4.535293363651793364e+00,3.948609620639445872e+00,2.056182899850256263e+00,5.731189684821271779e-01,4.465303859663779740e+00,5.572731078982384290e+00,5.150250107846672698e+00,4.468158298337468359e+00,3.793690611699708448e+00,4.220120340748589882e+00,4.154995655014352529e+00,4.040731930553085327e+00,3.944655872564365673e+00,2.310809873403685266e+00,5.665614508834310170e-01,7.270483104630491855e-01,3.019076400514883574e+00,2.646217239597342896e+00,2.491455110049780153e+00,3.813161845259433580e+00,4.388461490150982414e+00,3.590621190250182782e+00,2.893616492312854227e+00,2.705440626808738536e+00,1.062836616508373133e+00,2.408356090351947143e-01,1.318460635648337265e+00,1.869539678190591525e+00,1.077400598412262545e+00,1.540445215355488395e+00,1.581417447094176421e+00,2.194199479434741917e-01,2.283641705641644704e-01,8.305733952954709176e-01,7.820356252093960125e-02
1.893149047682579855e+00,5.763952330688698611e-01,6.362945279238061413e-01,4.341677017178434128e-01,1.891842597902283707e+00,9.557834690825064428e-01,3.369891730100721627e+00,2.694556275652657984e+00,2.149876581401305664e+00,3.099988656377180352e+00,4.202988019965367528e+00,2.483772586407711369e+00,9.434157617986429489e-01,3.644391545860102610e+00,3.717207917333432032e+00,2.843101430637887894e+00,3.544183137040294973e+00,4.378376069316035846e+00,3.950833717289674141e+00,3.909682069319059039e+00,3.077398265411638523e+00,1.119636389143883193e+00,6.586176815554141140e-01,1.310748793404317381e+00,4.181188405776935291e+00,3.776756378085607491e+00,3.566997292749217952e+00,3.196562467321016676e+00,3.492056981946653149e+00,3.358360586807708437e+00,4.308597385487962228e+00,4.343524263986757283e+00,3.271110990384638928e+00,2.339986403851417318e+00,1.773475038858821629e-01,2.969434987304062190e+00,5.060672807044338306e+00,4.592044072137229094e+00,4.346787704899018223e+00,3.866768292534205287e+00,3.841101033794194208e+00,4.408978198780266311e+00,4.833359115121904637e+00,4.535687062522049118e+00,3.950388881979404854e+00,2.058481107792393239e+00,5.736547379179535167e-01,4.465506044462242308e+00,5.572940560938661747e+00,5.150563873779480772e+00,4.468261079634474164e+00,3.794119267337889845e+00,4.220414883755730706e+00,4.155097126940997754e+00,4.041269475542882184e+00,3.944730535442414254e+00,2.312256295796442540e+00,5.673703819374906754e-01,7.270503976851636629e-01,3.019154289685730408e+00,2.647345264510556628e+00,2.492165915882330829e+00,3.815414737746943619e+00,4.389325908276719090e+00,3.592308948962916748e+00,2.895562632495874311e+00,2.706204984523407742e+00,1.063679236099791980e+00,2.408591272654119209e-01,1.319229698794389005e+00,1.870810030983365069e+00,1.077848370614695517e+00,1.541869347654724498e+00,1.582024143973085994e+00,2.195917645990048406e-01,2.283641705355313190e-01,8.318573495964671771e-01,7.829226840268163623e-02
1.893152691375242114e+00,5.764657733261129291e-01,6.362998082303269465e-01,4.341677016948030654e-01,1.891843299237596865e+00,9.557856089124336929e-01,3.369897089235745824e+00,2.694896757800067988e+00,2.149881404278142227e+00,3.099990394005529559e+00,4.202990848310824923e+00,2.483842696846225273e+00,9.434157617754774794e-01,3.644392761276437742e+00,3.717212527514830001e+00,2.843115597927151406e+00,3.544221077722074398e+00,4.378382099305733632e+00,3.951057123139197547e+00,3.909915996280147077e+00,3.077456382790630496e+00,1.119958730009154690e+00,6.590230118729829556e-01,1.310759547165967653e+00,4.181207861695503070e+00,3.776778170503168663e+00,3.567014287804402883e+00,3.196726455383901655e+00,3.492229351140101024e+00,3.358808414775666495e+00,4.309318769678034400e+00,4.344523593795823757e+00,3.272580232552005253e+00,2.341532520835921449e+00,1.774324900897674973e-01,2.969436357955347550e+00,5.060689785537848984e+00,4.592053644726043160e+00,4.346794479919681820e+00,3.866791280526154395e+00,3.841160537669748631e+00,4.409023769861326159e+00,4.833673955479316220e+00,4.536063042022719038e+00,3.952088063365966075e+00,2.060675879336400396e+00,5.741663937551821917e-01,4.465699129444226756e+00,5.573140614652288605e+00,5.150863517917477985e+00,4.468359235009510044e+00,3.794528630292728799e+00,4.220696170142271164e+00,4.155194031877060823e+00,4.041782827021221713e+00,3.944801837935851374e+00,2.313637618456121814e+00,5.681429050948713089e-01,7.270523909652788497e-01,3.019228673264857221e+00,2.648422519937846165e+00,2.492844730180914681e+00,3.817566233367936324e+00,4.390151421176435420e+00,3.593920746018935741e+00,2.897421181940175394e+00,2.706934940472355500e+00,1.064483931560801011e+00,2.408815869992941838e-01,1.319964148395067927e+00,1.872023208480113610e+00,1.078275989746357189e+00,1.543229383440283708e+00,1.582603534992679029e+00,2.197558482296344262e-01,2.283641705069542616e-01,8.330835164332982545e-01,7.837698186006505918e-02
1.893156171073219873e+00,5.765331387473199287e-01,6.363048508824299399e-01,4.341677016713128556e-01,1.891843969006139936e+00,9.557876524326563983e-01,3.369902207168441244e+00,2.695221915724971051e+00,2.149886010088217780e+00,3.099992053426201988e+00,4.202993549358258640e+00,2.483909651793726692e+00,9.434157617518598160e-01,3.644393921988539287e+00,3.717216930202389857e+00,2.843129127581856430e+00,3.544257310790319249e+00,4.378387857899665114e+00,3.951270474067634098e+00,3.910139394792146117e+00,3.077511884455183200e+00,1.120266563144128202e+00,6.594100993195927130e-01,1.310769816927100484e+00,4.181226441951944928e+00,3.776798982098853674e+00,3.567030517954576929e+00,3.196883062766601835e+00,3.492393962440371258e+00,3.359236087163356199e+00,4.310007686229655910e+00,4.345477946352900744e+00,3.273983347927247767e+00,2.343009051091626382e+00,1.775136512828580371e-01,2.969437666915604179e+00,5.060705999871720984e+00,4.592062786475790581e+00,4.346800950012456255e+00,3.866813233886253975e+00,3.841217363428175435e+00,4.409067289904314180e+00,4.833974625684883897e+00,4.536422099656777007e+00,3.953710768990712054e+00,2.062771869887035869e+00,5.746550212844929728e-01,4.465883524168909879e+00,5.573331664464054924e+00,5.151149675846098397e+00,4.468452972663332190e+00,3.794919568877980431e+00,4.220964796554392606e+00,4.155286575370948476e+00,4.042273073875458422e+00,3.944869931286869136e+00,2.314956771353330112e+00,5.688806589808154124e-01,7.270542945314507621e-01,3.019299709029851453e+00,2.649451290882450571e+00,2.493492992801713992e+00,3.819620895733127686e+00,4.390939779873714421e+00,3.595460000255939814e+00,2.899196082878361835e+00,2.707632042990061549e+00,1.065252409758405960e+00,2.409030358769921887e-01,1.320665542316499907e+00,1.873181783993015825e+00,1.078684362844810174e+00,1.544528207530415864e+00,1.583156849119036202e+00,2.199125468787852533e-01,2.283641704784525606e-01,8.342544966702023501e-01,7.845788258173699847e-02
1.893159494157460099e+00,5.765974722236212324e-01,6.363096665762962845e-01,4.341677016473635131e-01,1.891844608628622249e+00,9.557896039777955544e-01,3.369907094754671650e+00,2.695532439130963187e+00,2.149890408601114355e+00,3.099993638159092679e+00,4.202996128836993250e+00,2.483973593270677682e+00,9.434157617277807439e-01,3.644395030458474238e+00,3.717221134734843169e+00,2.843142048300256075e+00,3.544291913100267699e+00,4.378393357312619472e+00,3.951474222620949828e+00,3.910352738713293252e+00,3.077564888131810505e+00,1.120560541504197261e+00,6.597797649596586211e-01,1.310779624471297256e+00,4.181244185957516457e+00,3.776818857016889019e+00,3.567046017626105847e+00,3.197032621654414708e+00,3.492551165010143510e+00,3.359644511121293142e+00,4.310665596427239343e+00,4.346389345967759610e+00,3.275323312706244216e+00,2.344419126537212961e+00,1.775911596189676533e-01,2.969438916961355091e+00,5.060721484438772677e+00,4.592071516777393114e+00,4.346807128901322592e+00,3.866834199180573250e+00,3.841271631604569414e+00,4.409108851221117398e+00,4.834261763500466103e+00,4.536764997033648328e+00,3.955260440829882818e+00,2.064773525321326630e+00,5.751216569504381537e-01,4.466059619762267729e+00,5.573514115616268860e+00,5.151422954544718991e+00,4.468542491426114260e+00,3.795292912326842405e+00,4.221221332784772073e+00,4.155374953719861431e+00,4.042741255984942939e+00,3.944934959930636253e+00,2.316216552588271416e+00,5.695852084702802687e-01,7.270561124214409698e-01,3.019367547657137774e+00,2.650433759505521625e+00,2.494112078796706822e+00,3.821583083056918184e+00,4.391692656583095378e+00,3.596929976638584936e+00,2.900891100113343501e+00,2.708297770724473974e+00,1.065986300737942205e+00,2.409235193944960496e-01,1.321335368309285219e+00,1.874288215016123749e+00,1.079074356124200662e+00,1.545768574905161730e+00,1.583685260005652795e+00,2.200621929253445686e-01,2.283641704500464498e-01,8.353727741132440654e-01,7.853514216902314493e-02
1.893162667676711042e+00,5.766589102149866086e-01,6.363142655266993408e-01,4.341677016229453789e-01,1.891845219461809613e+00,9.557914676873814352e-01,3.369911762361704533e+00,2.695828986679863704e+00,2.149894609146711044e+00,3.099995151565674956e+00,4.202998592218489371e+00,2.484034656905564020e+00,9.434157617032303822e-01,3.644396089037497344e+00,3.717225150030607495e+00,2.843154387488967760e+00,3.544324958048101326e+00,4.378398609209631864e+00,3.951668800977186091e+00,3.910556480574690852e+00,3.077615506248458033e+00,1.120841288656920565e+00,6.601327929036088227e-01,1.310788990601716275e+00,4.181261131349676141e+00,3.776837837414682486e+00,3.567060819695913487e+00,3.197175449281836723e+00,3.492701292297186733e+00,3.360034552971492783e+00,4.311293895786567631e+00,4.347259725841222000e+00,3.276602969133991294e+00,2.345765738131799338e+00,1.776651795037116344e-01,2.969440110744157479e+00,5.060736272083890874e+00,4.592079854149034190e+00,4.346813029692580876e+00,3.866854220879361925e+00,3.841323457309052003e+00,4.409148541968905377e+00,4.834535977983910549e+00,4.537092461484687256e+00,3.956740365945267346e+00,2.066685091418871689e+00,5.755672905498800951e-01,4.466227789746707977e+00,5.573688355112328630e+00,5.151683933674142679e+00,4.468627981179199793e+00,3.795649452550870162e+00,4.221466322981192398e+00,4.155459354386171533e+00,4.043188366426745617e+00,3.944997061801668981e+00,2.317419634325895927e+00,5.702580480072475533e-01,7.270578484912811890e-01,3.019432333041584204e+00,2.651372009754778158e+00,2.494703301330337020e+00,3.823456957401746958e+00,4.392411648257062318e+00,3.598333793183909002e+00,2.902509829003984798e+00,2.708933535773421220e+00,1.066687161180619237e+00,2.409430810001383649e-01,1.321975047164216432e+00,1.875344848438036616e+00,1.079446796812616016e+00,1.546953116550034979e+00,1.584189888482914643e+00,2.202051037886848806e-01,2.283641704217571067e-01,8.364407207787999399e-01,7.860892449991717379e-02
1.893165698362475613e+00,5.767175830396746861e-01,6.363186574886714464e-01,4.341677015980487941e-01,1.891845802801403353e+00,9.557932475146342366e-01,3.369916219890203291e+00,2.696112187388827408e+00,2.149898620634972168e+00,3.099996596856129383e+00,4.203000944727953936e+00,2.484092972222585072e+00,9.434157616781992939e-01,3.644397099971038667e+00,3.717228984606706810e+00,2.843166171321108049e+00,3.544356515726630352e+00,4.378403624730722754e+00,3.951854621863166717e+00,3.910751052540186734e+00,3.077663846172980833e+00,1.121109400104693288e+00,6.604699319710882754e-01,1.310797935185219032e+00,4.181277314071915718e+00,3.776855963552245399e+00,3.567074955561218452e+00,3.197311848605458806e+00,3.492844662741649397e+00,3.360407040045057414e+00,4.311893917014863575e+00,4.348090932165738387e+00,3.277825031533387001e+00,2.347051742219169679e+00,1.777358679432331501e-01,2.969441250796229337e+00,5.060750394173696876e+00,4.592087816275442158e+00,4.346818664902650120e+00,3.866873341451378732e+00,3.841372950470935521e+00,4.409186446337119314e+00,4.834797850780945261e+00,4.537405187605941137e+00,3.958153683456503202e+00,2.068510622867709259e+00,5.759928673314834713e-01,4.466388390833359701e+00,5.573854752537611645e+00,5.151933166806139219e+00,4.468709623257862695e+00,3.795989945819727041e+00,4.221700286800753155e+00,4.155539956395053025e+00,4.043615353582103999e+00,3.945056368626406851e+00,2.318568568463919011e+00,5.709006047746388868e-01,7.270595064234524063e-01,3.019494202601722410e+00,2.652268031784843494e+00,2.495267914464911918e+00,3.825246493506384571e+00,4.393098279973402853e+00,3.599674427575067615e+00,2.904055703091345197e+00,2.709540686679857924e+00,1.067356477705450057e+00,2.409617621867540527e-01,1.322585935725965500e+00,1.876353925519965937e+00,1.079802474906746079e+00,1.548084345036695897e+00,1.584671804935529282e+00,2.203415826019529677e-01,2.283641703936069023e-01,8.374606019249231093e-01,7.867938607668785445e-02
1.893168592643287962e+00,5.767736151506558384e-01,6.363228517781955862e-01,4.341677015726640443e-01,1.891846359884787665e+00,9.557949472348494790e-01,3.369920476795227771e+00,2.696382641964572446e+00,2.149902451574847273e+00,3.099997977096155211e+00,4.203003191355417556e+00,2.484148662916389583e+00,9.434157616526773760e-01,3.644398065403466003e+00,3.717232646596833945e+00,2.843177424791807795e+00,3.544386653073966276e+00,4.378408414514528779e+00,3.952032079429949718e+00,3.910936867323049793e+00,3.077710010440882993e+00,1.121365444547887336e+00,6.607918972793058732e-01,1.310806477194509823e+00,4.181292768450004971e+00,3.776873273877590087e+00,3.567088455206130160e+00,3.197442108946578987e+00,3.492981580451509860e+00,3.360762762437054629e+00,4.312466932837645928e+00,4.348884728041411130e+00,3.278992092062675390e+00,2.348279866586458375e+00,1.778033748772342160e-01,2.969442339535819375e+00,5.060763880663080805e+00,4.592095420045401610e+00,4.346824046484617732e+00,3.866891601453971372e+00,3.841420216071897542e+00,4.409222644726051854e+00,4.835047937358927683e+00,4.537703838731490080e+00,3.959503391199570732e+00,2.070253991864853038e+00,5.763992900007142151e-01,4.466541763678706367e+00,5.574013660843410989e+00,5.152171182597644616e+00,4.468787590835944457e+00,3.796315114365334420e+00,4.221923720512128497e+00,4.155616930714220558e+00,4.044023123148067889e+00,3.945113006202622508e+00,2.319665792045737529e+00,5.715142417215627324e-01,7.270610897346961865e-01,3.019553287571230538e+00,2.653123726178625574e+00,2.495807115820637190e+00,3.826955487216888940e+00,4.393754008170090763e+00,3.600954723477396868e+00,2.905532001381679663e+00,2.710120511292307910e+00,1.067995670022569676e+00,2.409796025796921981e-01,1.323169329771134661e+00,1.877317586649751346e+00,1.080142144847571206e+00,1.549164659852451331e+00,1.585132031572956679e+00,2.204719188550559039e-01,2.283641703656192068e-01,8.384345808562597702e-01,7.874667635784138309e-02
1.893171356658349902e+00,5.768271253995934655e-01,6.363268572919653643e-01,4.341677015467810818e-01,1.891846891893654847e+00,9.557965704534057139e-01,3.369924542106288889e+00,2.696640924077560619e+00,2.149906110092318023e+00,3.099999295213471395e+00,4.203005336866323383e+00,2.484201847114448913e+00,9.434157616266546365e-01,3.644398987382635458e+00,3.717236143768605228e+00,2.843188171771232398e+00,3.544415434015510513e+00,4.378412988720869592e+00,3.952201550088871862e+00,3.911114319061392397e+00,3.077754096972810327e+00,1.121609965091140859e+00,6.610993717598931951e-01,1.310814634748380447e+00,4.181307527264796597e+00,3.776889805108281539e+00,3.567101347265249967e+00,3.197566506604890613e+00,3.493112335847632810e+00,3.361102474682415853e+00,4.313014158698346812e+00,4.349642797215766521e+00,3.280106626213760812e+00,2.349452716250156392e+00,1.778678434970180910e-01,2.969443379272335370e+00,5.060776760158741894e+00,4.592102681587574509e+00,4.346829185853589905e+00,3.866909039619106814e+00,3.841465354368660545e+00,4.409257213917384455e+00,4.835286768185064865e+00,4.537989048340457465e+00,3.960792352085604318e+00,2.071918896329742132e+00,5.767874206345989796e-01,4.466688233607162495e+00,5.574165417095594321e+00,5.152398485912112136e+00,4.468862049293178984e+00,3.796625647913821400e+00,4.222137098048224679e+00,4.155690440616573333e+00,4.044412540058606176e+00,3.945167094666254481e+00,2.320713632429727724e+00,5.721002604543121706e-01,7.270626017834740384e-01,3.019609713277297658e+00,2.653940907978709518e+00,2.496322049115930142e+00,3.828587563538101701e+00,4.394380223734595248e+00,3.602177396570208412e+00,2.906941855301650612e+00,2.710674239496562610e+00,1.068606093944630686e+00,2.409966400208666815e-01,1.323726466756770748e+00,1.878237875881910490e+00,1.080466527120633957e+00,1.550196352489890517e+00,1.585571544597650817e+00,2.205963890087081491e-01,2.283641703378186949e-01,8.393647235127081885e-01,7.881093807514276406e-02
1.893173996270553383e+00,5.768782272889442231e-01,6.363306825262573518e-01,4.341677015203898038e-01,1.891847399956511744e+00,9.557981206134119612e-01,3.369928424446502202e+00,2.696887581578828907e+00,2.149909603947638193e+00,3.100000554004026743e+00,4.203007385811632801e+00,2.484252637627622384e+00,9.434157616001210833e-01,3.644399867864232867e+00,3.717239483540035749e+00,2.843198435055210638e+00,3.544442919599545494e+00,4.378417357052296843e+00,3.952363393309968664e+00,3.911283784154188314e+00,3.077796199282253120e+00,1.121843480395355641e+00,6.613930076074947539e-01,1.310822425150142134e+00,4.181321621821761703e+00,3.776905592309322213e+00,3.567113659084410138e+00,3.197685305444552650e+00,3.493237206279790730e+00,3.361426897356405874e+00,4.313536755336432549e+00,4.350366747655207256e+00,3.281170998063056565e+00,2.350572778981696587e+00,1.779294105492170708e-01,2.969444372211245131e+00,5.060789059979862614e+00,4.592109616304714592e+00,4.346834093910910468e+00,3.866925692935524683e+00,3.841508461105651140e+00,4.409290227237054438e+00,4.835514849851606733e+00,4.538261421400710205e+00,3.962023300173510343e+00,2.073508867748024453e+00,5.771580825103059809e-01,4.466828111301132331e+00,5.574310343189566197e+00,5.152615558890394354e+00,4.468933156565986664e+00,3.796922205148527407e+00,4.222340872011450585e+00,4.155760642026515406e+00,4.044784430319244173e+00,3.945218748746234461e+00,2.321714312225882093e+00,5.726599039972460892e-01,7.270640457770912723e-01,3.019663599406460008e+00,2.654721310537307755e+00,2.496813806593396912e+00,3.830146184322769987e+00,4.394978254954136965e+00,3.603345040307109670e+00,2.908288255340503170e+00,2.711203045824433833e+00,1.069189044262663701e+00,2.410129106490241091e-01,1.324258528445178662e+00,1.879116745273351929e+00,1.080776309784285072e+00,1.551181611307447028e+00,1.585991276275717787e+00,2.207152570808416092e-01,2.283641703102311793e-01,8.402530028515545757e-01,7.887230753636900737e-02
1.893176517078915655e+00,5.769270292127124389e-01,6.363343355949515612e-01,4.341677014934799406e-01,1.891847885151073161e+00,9.557996010030114231e-01,3.369932132050878604e+00,2.697123137662055026e+00,2.149912940551790275e+00,3.100001756137932052e+00,4.203009342537479931e+00,2.484301142189443645e+00,9.434157615730661695e-01,3.644400708715924253e+00,3.717242672995274777e+00,2.843208236413590217e+00,3.544469168126727521e+00,4.378421528774672389e+00,3.952517952384457356e+00,3.911445622059666505e+00,3.077836406673900793e+00,1.122066485777847511e+00,6.616734276631599521e-01,1.310829864924327959e+00,4.181335082017393567e+00,3.776920668967529426e+00,3.567125416778676783e+00,3.197798757453879315e+00,3.493356456614959082e+00,3.361736718603059337e+00,4.314035831249487529e+00,4.351058114955726808e+00,3.282187465286010575e+00,2.351642430584353516e+00,1.779882066258505480e-01,2.969445320458753201e+00,5.060800806216062320e+00,4.592116238906334580e+00,4.346838781067280166e+00,3.866941596727197172e+00,3.841549627718086946e+00,4.409321754710786578e+00,4.835732666150395431e+00,4.538521535652076722e+00,3.963198846469274006e+00,2.075027278662310071e+00,5.775120618514262283e-01,4.466961693460007154e+00,5.574448746533049004e+00,5.152822861973432644e+00,4.469001063482476610e+00,3.797205415107157478e+00,4.222535474633750674e+00,4.155827683850700893e+00,4.045139582759134100e+00,3.945268078007840185e+00,2.322669954010265325e+00,5.731943594294107713e-01,7.270654247784997803e-01,3.019715060258471251e+00,2.655466589192930993e+00,2.497283431336629889e+00,3.831634655614600593e+00,4.395549370333162287e+00,3.604460131417068780e+00,2.909574057393294222e+00,2.711708051945092901e+00,1.069745757492502669e+00,2.410284489763988847e-01,1.324766643410597355e+00,1.879956059023950798e+00,1.081072149929147130e+00,1.552122526171200834e+00,1.586392116914375761e+00,2.208287752066231679e-01,2.283641702828836939e-01,8.411013030323795103e-01,7.893091491443623986e-02
1.893178924430456433e+00,5.769736346863675314e-01,6.363378242467429002e-01,4.341677014660410561e-01,1.891848348506548261e+00,9.558010147623556829e-01,3.369935672783791691e+00,2.697348091973322148e+00,2.149916126982208020e+00,3.100002904165122253e+00,4.203011211194390029e+00,2.484347463684638324e+00,9.434157615454794588e-01,3.644401511721314879e+00,3.717245718899631068e+00,2.843217596636414601e+00,3.544494235273751848e+00,4.378425512736827230e+00,3.952665555152905519e+00,3.911600176057770106e+00,3.077874804433069045e+00,1.122279454262979925e+00,6.619412267354728430e-01,1.310836969851744138e+00,4.181347936402620036e+00,3.776935067062563878e+00,3.567136645287743768e+00,3.197907103279842289e+00,3.493470339799135793e+00,3.362032595594827367e+00,4.314512445044484501e+00,4.351718365600112826e+00,3.283158183945935615e+00,2.352663939932639003e+00,1.780443564413282664e-01,2.969446226026268398e+00,5.060812023782729874e+00,4.592122563439912319e+00,4.346843257264840332e+00,3.866956784728254437e+00,3.841588941525920564e+00,4.409351863212628508e+00,4.835940679099052453e+00,4.538769942831806681e+00,3.964321484464253142e+00,2.076477349825786689e+00,5.778501094956595141e-01,4.467089263429505408e+00,5.574580920698140929e+00,5.153020834878909717e+00,4.469065914082372970e+00,3.797475878516055392e+00,4.222721318693428927e+00,4.155891708293877329e+00,4.045478750704269544e+00,3.945315187085098874e+00,2.323582584827282194e+00,5.737047604024938519e-01,7.270667417127955057e-01,3.019764204988747647e+00,2.656178324781583555e+00,2.497731919482724550e+00,3.833056134660821623e+00,4.396094781284012321e+00,3.605525035157886027e+00,2.910801988818628949e+00,2.712190329044281700e+00,1.070277414497601276e+00,2.410432879619182345e-01,1.325251889433056940e+00,1.880757597430765538e+00,1.081354675071892757e+00,1.553021092887764354e+00,1.586774916750416820e+00,2.209371841732672426e-01,2.283641702558047437e-01,8.419114234136139130e-01,7.898688452351379508e-02
1.893181223431538829e+00,5.770181425664151487e-01,6.363411558815768032e-01,4.341677014380626032e-01,1.891848791005823927e+00,9.558023648902659319e-01,3.369939054155659086e+00,2.697562921670934255e+00,2.149919169997787094e+00,3.100004000520764968e+00,4.203012995746084002e+00,2.484391700367355682e+00,9.434157615173502931e-01,3.644402278583734223e+00,3.717248627713924058e+00,2.843226535578018854e+00,3.544518174211447992e+00,4.378429317389327835e+00,3.952806514700624163e+00,3.911747773978299314e+00,3.077911474006601367e+00,1.122482837585512261e+00,6.621969728622203455e-01,1.310843755002942590e+00,4.181360212243365737e+00,3.776948817134764269e+00,3.567147368428833509e+00,3.198010572738513968e+00,3.493579097393871180e+00,3.362315155926526966e+00,4.314967607683236395e+00,4.352348900068554016e+00,3.284085213067310605e+00,2.353639473784889358e+00,1.780979790969861865e-01,2.969447090834671954e+00,5.060822736473879147e+00,4.592128603320681179e+00,4.346847531998260905e+00,3.866971289154540692e+00,3.841626485919060308e+00,4.409380616606800807e+00,4.836139329920980501e+00,4.539007169844884615e+00,3.965393595424205664e+00,2.077862157033869117e+00,5.781729424874416656e-01,4.467211091802687051e+00,5.574707146044016071e+00,5.153209897533953310e+00,4.469127845922545639e+00,3.797734169064424403e+00,4.222898798390700925e+00,4.155952851160524375e+00,4.045802653575385932e+00,3.945360175902729694e+00,2.324454140489307985e+00,5.741921895454510372e-01,7.270679993734225910e-01,3.019811137839902848e+00,2.656858026989928678e+00,2.498160222335221725e+00,3.834413636609128151e+00,4.396615644696491465e+00,3.606542010333224635e+00,2.911974654223753678e+00,2.712650900096441386e+00,1.070785142993801120e+00,2.410574590811127016e-01,1.325715295784495096e+00,1.881523060664286762e+00,1.081624484486291005e+00,1.553879217437655891e+00,1.587140487753673446e+00,2.210407139307777602e-01,2.283641702290241937e-01,8.426850823692186854e-01,7.904033508271138264e-02
1.893183418958702013e+00,5.770606472600843251e-01,6.363443375663456747e-01,4.341677014095338683e-01,1.891849213587548650e+00,9.558036542505931044e-01,3.369942283338874134e+00,2.697768082437533188e+00,2.149922076053221609e+00,3.100005047530427493e+00,4.203014699977884128e+00,2.484433946069579235e+00,9.434157614886681253e-01,3.644403010929849529e+00,3.717251405608188009e+00,2.843235072199145730e+00,3.544541035717562849e+00,4.378432950802402246e+00,3.952941130021762284e+00,3.911888728896281808e+00,3.077946493175629072e+00,1.122677067148790009e+00,6.624412085152771024e-01,1.310850234770188694e+00,4.181371935578384935e+00,3.776961948349927045e+00,3.567157608947215230e+00,3.198109385302539742e+00,3.493682960088655864e+00,3.362584998946555714e+00,4.315402284626774332e+00,4.352951055809247904e+00,3.284970519003246547e+00,2.354571101379251630e+00,1.781491883337165405e-01,2.969447916718388036e+00,5.060832967012613537e+00,4.592134371360090839e+00,4.346851614334882541e+00,3.866985140771947105e+00,3.841662340534248710e+00,4.409408075883157530e+00,4.836329039981255740e+00,4.539233719881663021e+00,3.966417453440275409e+00,2.079184637648373801e+00,5.784812455988919133e-01,4.467327436993917544e+00,5.574827690311606965e+00,5.153390450965855685e+00,4.469186990368783974e+00,3.797980834621200508e+00,4.223068290183852547e+00,4.156011242142912288e+00,4.046111978413952315e+00,3.945403139888098654e+00,2.325286469682810164e+00,5.746576807609078408e-01,7.270692004280989718e-01,3.019855958362857695e+00,2.657507137557536314e+00,2.498569248381949048e+00,3.835710040903212992e+00,4.397113065391783593e+00,3.607513214083834630e+00,2.913094540989277448e+00,2.713090742034578895e+00,1.071270019941370277e+00,2.410709923928799348e-01,1.326157845411980007e+00,1.882254072374727860e+00,1.081882150474347659e+00,1.554698720018140357e+00,1.587489605349314381e+00,2.211395840797030221e-01,2.283641702025733244e-01,8.434239209335869791e-01,7.909137996789815384e-02
1.893185515669003172e+00,5.771012389255784081e-01,6.363473760498787879e-01,4.341677013804439711e-01,1.891849617148124274e+00,9.558048855782933506e-01,3.369945367183017737e+00,2.697964009446663702e+00,2.149924851312696727e+00,3.100006047415008403e+00,4.203016327504744964e+00,2.484474290400155994e+00,9.434157614594218533e-01,3.644403710313114608e+00,3.717254058474758871e+00,2.843243224607163278e+00,3.544562868284469648e+00,4.378436420683058827e+00,3.953069686653515991e+00,3.912023339796047328e+00,3.077979936220554880e+00,1.122862554939809243e+00,6.626744517512607180e-01,1.310856422897987761e+00,4.181383131274493792e+00,3.776974488561170684e+00,3.567167388564452590e+00,3.198203750566667836e+00,3.493782148190241799e+00,3.362842697028188610e+00,4.315817397883227713e+00,4.353526110075305766e+00,3.285815979606384829e+00,2.355460798822814006e+00,1.781980927732274567e-01,2.969448705429279745e+00,5.060842737099330968e+00,4.592139879792979329e+00,4.346855512933945676e+00,3.866998368961670707e+00,3.841696581423983847e+00,4.409434299286558279e+00,4.836510211680403515e+00,4.539450073485197024e+00,3.967395230252644733e+00,2.080447596828057577e+00,5.787756727823065717e-01,4.467438545786999171e+00,5.574942809191519189e+00,5.153562878152706972e+00,4.469243472874440570e+00,3.798216398397155302e+00,4.223230153587754998e+00,4.156067005096196532e+00,4.046407381339475862e+00,3.945444170173632248e+00,2.326081337889657874e+00,5.751022214182055503e-01,7.270703474244747389e-01,3.019898761628005079e+00,2.658127033335005773e+00,2.498959865222045718e+00,3.836948097390454393e+00,4.397588098465927686e+00,3.608440706463139858e+00,2.914164024545239595e+00,2.713510787822470238e+00,1.071733073829379324e+00,2.410839166032436032e-01,1.326580477022674120e+00,1.882952183136004098e+00,1.082128219580234196e+00,1.555481338904110222e+00,1.587823010062626716e+00,2.212340043369377673e-01,2.283641701764849985e-01,8.441295062823979123e-01,7.914012745218808320e-02
1.893187518009897374e+00,5.771400036633126396e-01,6.363502777772573893e-01,4.341677013507819205e-01,1.891850002543607578e+00,9.558060614852285086e-01,3.369948312229388510e+00,2.698151118285833316e+00,2.149927501662963092e+00,3.100007002295448899e+00,4.203017881778920994e+00,2.484512818934871525e+00,9.434157614296004857e-01,3.644404378217065865e+00,3.717256591940773625e+00,2.843251010094473674e+00,3.544583718222022117e+00,4.378439734391429639e+00,3.953192457281789807e+00,3.912151892205413262e+00,3.078011874078612209e+00,1.123039694403096034e+00,6.628971973103993109e-01,1.310862332512240158e+00,4.181393823079318395e+00,3.776986464368016438e+00,3.567176728024477050e+00,3.198293868692327901e+00,3.493876872089942687e+00,3.363088796783659351e+00,4.316213827963522931e+00,4.354075282633978361e+00,3.286623388212074559e+00,2.356310453283194217e+00,1.782447961484442400e-01,2.969449458640361694e+00,5.060852067457746628e+00,4.592145140303526496e+00,4.346859236064961607e+00,3.867011001782536095e+00,3.841729281217837411e+00,4.409459342440410268e+00,4.836683229307940479e+00,4.539656689570541026e+00,3.968328999857084760e+00,2.081653713478734513e+00,5.790568485572794577e-01,4.467544653858633197e+00,5.575052746866384190e+00,5.153727544835744467e+00,4.469297413246539286e+00,3.798441360054694904e+00,4.223384731936441483e+00,4.156120258301132075e+00,4.046689488941222379e+00,3.945483353790120606e+00,2.326840431131945941e+00,5.755267544477438157e-01,7.270714427955360382e-01,3.019939638426862860e+00,2.658719029204450912e+00,2.499332901406256635e+00,3.838130432154710281e+00,4.398041751527817844e+00,3.609326454806885298e+00,2.915185373409715286e+00,2.713911928433606402e+00,1.072175286857264487e+00,2.410962591262428290e-01,1.326984087074956742e+00,1.883618873734707044e+00,1.082363213749581332e+00,1.556228734135201242e+00,1.588141409089767642e+00,2.213241749805610059e-01,2.283641701507937716e-01,8.448033350568061595e-01,7.918668093560174426e-02
1.893189430228670256e+00,5.771770236985441782e-01,6.363530489034859849e-01,4.341677013205365587e-01,1.891850370591525721e+00,9.558071844657068938e-01,3.369951124724877900e+00,2.698329805838030282e+00,2.149930032725822393e+00,3.100007914197231429e+00,4.203019366097287879e+00,2.484549613397965651e+00,9.434157613991928093e-01,3.644405016058469116e+00,3.717259011380105171e+00,2.843258445175191884e+00,3.544603629755787910e+00,4.378442898956388163e+00,3.953309702319599328e+00,3.912274658801328631e+00,3.078042374494331934e+00,1.123208861275254433e+00,6.631099176659425165e-01,1.310867976148083258e+00,4.181404033671664244e+00,3.776997901172808536e+00,3.567185647137588678e+00,3.198379930832201179e+00,3.493967332709903673e+00,3.363323820223597771e+00,4.316592415749064493e+00,4.354599738353946314e+00,3.287394457442278650e+00,2.357121866991474413e+00,1.782893975235408102e-01,2.969450177949349179e+00,5.060860977878856026e+00,4.592150164050035954e+00,4.346862791625250466e+00,3.867023066030512712e+00,3.841760509276511026e+00,4.409483258464655719e+00,4.836848459857505667e+00,4.539854006398166497e+00,3.969220742904180366e+00,2.082805545935594971e+00,5.793253693353916933e-01,4.467645986278319548e+00,5.575157736528804087e+00,5.153884800295133850e+00,4.469348925899897296e+00,3.798656196767712157e+00,4.223532353111370874e+00,4.156171114714963366e+00,4.046958899607294491e+00,3.945520773851322716e+00,2.327565359548274149e+00,5.759321803410628604e-01,7.270724888647662754e-01,3.019978675464657591e+00,2.659284380868540687e+00,2.499689148194399468e+00,3.839259553086594945e+00,4.398474986836477640e+00,3.610172337906120799e+00,2.916160754000647781e+00,2.714295014741063383e+00,1.072597597018204674e+00,2.411080461420809506e-01,1.327369531679932768e+00,1.884255558311053402e+00,1.082587631436596531e+00,1.556942491036957588e+00,1.588445477797824745e+00,2.214102872746526174e-01,2.283641701255358647e-01,8.454468365380192196e-01,7.923113916439165905e-02
1.893191256381447474e+00,5.772123775557840286e-01,6.363556953065471200e-01,4.341677012896966725e-01,1.891850722072610180e+00,9.558082569017739560e-01,3.369953810635220037e+00,2.698500451123563959e+00,2.149932449870053386e+00,3.100008785054675808e+00,4.203020783608337752e+00,2.484584751835479555e+00,9.434157613681874999e-01,3.644405625190323850e+00,3.717261321924762107e+00,2.843265545620174084e+00,3.544622645120855342e+00,4.378445921090455606e+00,3.953421670459443149e+00,3.912391899988255428e+00,3.078071502163238993e+00,1.123370414381955840e+00,6.633130640263397160e-01,1.310873365776478838e+00,4.181413784709620884e+00,3.777008823234597301e+00,3.567194164822476754e+00,3.198462119535679715e+00,3.494053721929282208e+00,3.363548265864284126e+00,4.316953964275360711e+00,4.355100589676163203e+00,3.288130822838272405e+00,2.357896761064976143e+00,1.783319915040681436e-01,2.969450864882048791e+00,5.060869487262912969e+00,4.592154961688604153e+00,4.346866187156694039e+00,3.867034587295551162e+00,3.841790331838959460e+00,4.409506098088443515e+00,4.837006253805302691e+00,4.540042442503578357e+00,3.970072350900553992e+00,2.083905537389778129e+00,5.795818046852806438e-01,4.467742757985763369e+00,5.575258000875984443e+00,5.154034978090848540e+00,4.469398120099816296e+00,3.798861364233736992e+00,4.223673330236902501e+00,4.156219682211016675e+00,4.047216184793892779e+00,3.945556509730262285e+00,2.328257660809066376e+00,5.763193590609066996e-01,7.270734878510739518e-01,3.020015955544236963e+00,2.659824287514013896e+00,2.500029361233733205e+00,3.840337855203050488e+00,4.398888723342140317e+00,3.610980149992369714e+00,2.917092235231109498e+00,2.714660859322319819e+00,1.073000900088731058e+00,2.411193026526574079e-01,1.327737628417360538e+00,1.884863587358464043e+00,1.082801948661351155e+00,1.557624123583521758e+00,1.588735861157357432e+00,2.214925238749902159e-01,2.283641701007494418e-01,8.460613756789933104e-01,7.927359644049626619e-02
1.893193000341798493e+00,5.772461402253565854e-01,6.363582225998700714e-01,4.341677012582506601e-01,1.891851057732453212e+00,9.558092810682643492e-01,3.369956375657645609e+00,2.698663416104020829e+00,2.149934758222798781e+00,3.100009616715041716e+00,4.203022137318856544e+00,2.484618308780803808e+00,9.434157613365729000e-01,3.644406206904734713e+00,3.717263528475772905e+00,2.843272326490470903e+00,3.544640804651420396e+00,4.378448807204039284e+00,3.953528599200814231e+00,3.912503864450525892e+00,3.078099318869078616e+00,1.123524696399055056e+00,6.635070672923145674e-01,1.310878512829606324e+00,4.181423096876502932e+00,3.777019253720595326e+00,3.567202299146348121e+00,3.198540609136079738e+00,3.494136222991250484e+00,3.363762609785069468e+00,4.317299240435366947e+00,4.355578898973490709e+00,3.288834046329847993e+00,2.358636779157980090e+00,1.783726684376253369e-01,2.969451520895593610e+00,5.060877613659517493e+00,4.592159543395725407e+00,4.346869429861731859e+00,3.867045590015864232e+00,3.841818812162892893e+00,4.409527909757733788e+00,4.837156945853505086e+00,4.540222397585075065e+00,3.970885630221006934e+00,2.084956021070706544e+00,5.798266985407715124e-01,4.467835174246788554e+00,5.575353752582105749e+00,5.154178396770185522e+00,4.469445100193849107e+00,3.799057297640530351e+00,4.223807962344476863e+00,4.156266063807524169e+00,4.047461890237449289e+00,3.945590637227586406e+00,2.328918803378177582e+00,5.766891118653187931e-01,7.270744418734996772e-01,3.020051557741705750e+00,2.660339894355314705e+00,2.500354262161786689e+00,3.841367625727498680e+00,4.399283838635463795e+00,3.611751604543432137e+00,2.917981792897744953e+00,2.715010238182842706e+00,1.073386051528788521e+00,2.411300525346000700e-01,1.328089158069846398e+00,1.885444250588143467e+00,1.083006620019483668e+00,1.558275077608974657e+00,1.589013175110468135e+00,2.215710592164864823e-01,2.283641700764744153e-01,8.466482559996829638e-01,7.931414282156712403e-02
1.893194665808952681e+00,5.772783833224655048e-01,6.363606361442375459e-01,4.341677012261870860e-01,1.891851378283089247e+00,9.558102591376280710e-01,3.369958825232967747e+00,2.698819046450030790e+00,2.149936962680442321e+00,3.100010410942449113e+00,4.203023430100301994e+00,2.484650355412773681e+00,9.434157613043374635e-01,3.644406762435650649e+00,3.717265635713584260e+00,2.843278802169272979e+00,3.544658146866340065e+00,4.378451563419028858e+00,3.953630715353966263e+00,3.912610789679831669e+00,3.078125883614868830e+00,1.123672034579452417e+00,6.636923389708622167e-01,1.310883428225111835e+00,4.181431989924723425e+00,3.777029214755318609e+00,3.567210067363250303e+00,3.198615566120424081e+00,3.494215010891679185e+00,3.363967306638204313e+00,4.317628976606167512e+00,4.356035680804136057e+00,3.289505619548375837e+00,2.359343490948138111e+00,1.784115146054990331e-01,2.969452147381534513e+00,5.060885374305905238e+00,4.592163918889871965e+00,4.346872526618641430e+00,3.867056097529763647e+00,3.841846010658955368e+00,4.409548739738061052e+00,4.837300855640210173e+00,4.540394253351571763e+00,3.971662305940080184e+00,2.085959225195179290e+00,5.800605703546339864e-01,4.467923431088733466e+00,5.575445194749431899e+00,5.154315360543451519e+00,4.469489965833133738e+00,3.799244412589177333e+00,4.223936535006904691e+00,4.156310357886128237e+00,4.047696537112213555e+00,3.945623228732351162e+00,2.329550189627700441e+00,5.770422230496417004e-01,7.270753529557105743e-01,3.020085557574157420e+00,2.660832295063746411e+00,2.500664540137049752e+00,3.842351048941350378e+00,4.399661170809018529e+00,3.612488337917904246e+00,2.918831313871700139e+00,2.715343892402099168e+00,1.073753868296281500e+00,2.411403185899108070e-01,1.328424866278989480e+00,1.885998779664728620e+00,1.083202079646457650e+00,1.558896733874145069e+00,1.589278007877297227e+00,2.216460598831890838e-01,2.283641700527526963e-01,8.472087223519806365e-01,7.935286431199317647e-02
1.893196256315645920e+00,5.773091752390987486e-01,6.363629410591565838e-01,4.341677011934941821e-01,1.891851684404505463e+00,9.558111931845377773e-01,3.369961164557121691e+00,2.698967672274482421e+00,2.149939067918992475e+00,3.100011169421618806e+00,4.203024664694893886e+00,2.484680959706648817e+00,9.434157612714693109e-01,3.644407292961483691e+00,3.717267648107986933e+00,2.843284986392420777e+00,3.544674708550835884e+00,4.378454195581784170e+00,3.953728235521008383e+00,3.912712902478976407e+00,3.078151252748054567e+00,1.123812741447240304e+00,6.638692720481119691e-01,1.310888122389265442e+00,4.181440482717687424e+00,3.777038727467514345e+00,3.567217485950671563e+00,3.198687149482585035e+00,3.494290252750326342e+00,3.364162790613215659e+00,4.317943872202450351e+00,4.356471904063663025e+00,3.290146966990755040e+00,2.360018395465969476e+00,1.784486124056776091e-01,2.969452745668791138e+00,5.060892785663504867e+00,4.592168097452114850e+00,4.346875483996123890e+00,3.867066132125161815e+00,3.841871985018862734e+00,4.409568632212664596e+00,4.837438288417426513e+00,4.540558374332250402e+00,3.972404025491170110e+00,2.086917277693719264e+00,5.802839162004108653e-01,4.468007715716252548e+00,5.575532521339117586e+00,5.154446159929233495e+00,4.469532812183767412e+00,3.799423105975632264e+00,4.224059320944100193e+00,4.156352658400568778e+00,4.047920623135726537e+00,3.945654353375567691e+00,2.330153158812585890e+00,5.773794416101116767e-01,7.270762230302935114e-01,3.020118027159855334e+00,2.661302534087292671e+00,2.500960853300769227e+00,3.843290210817156716e+00,4.400021520234997041e+00,3.613191912826112517e+00,2.919642600100930796e+00,2.715662529705485273e+00,1.074105130579950940e+00,2.411501225943316895e-01,1.328745465126988323e+00,1.886528350818815758e+00,1.083388742138421179e+00,1.559490410995387322e+00,1.589530921203716973e+00,2.217176849616278311e-01,2.283641700296283605e-01,8.477439635602148638e-01,7.938984304532767378e-02
1.893197775235614166e+00,5.773385812890966529e-01,6.363651422337179842e-01,4.341677011601600134e-01,1.891851976746083519e+00,9.558120851902899284e-01,3.369963398592186188e+00,2.699109608832734875e+00,2.149941078404002948e+00,3.100011893761445148e+00,4.203025843721430732e+00,2.484710186578296565e+00,9.434157612379566737e-01,3.644407799607607856e+00,3.717269569927597050e+00,2.843290892277538173e+00,3.544690524834522183e+00,4.378456709275534209e+00,3.953821366555349215e+00,3.912810419442956711e+00,3.078175480080026727e+00,1.123947115460609547e+00,6.640382418229027195e-01,1.310892605279077250e+00,4.181448593269807112e+00,3.777047812034978858e+00,3.567224570644488946e+00,3.198755511060531465e+00,3.494362108165320890e+00,3.364349476357883173e+00,4.318244595160053656e+00,4.356888494040150661e+00,3.290759449040962625e+00,2.360662924274504970e+00,1.784840405276283959e-01,2.969453317026470529e+00,5.060899863452859471e+00,4.592172087945807668e+00,4.346878308267242197e+00,3.867075715086850440e+00,3.841896790337775425e+00,4.409587629376209961e+00,4.837569535698560408e+00,4.540715108649775900e+00,3.973112362160956312e+00,2.087832210724198667e+00,5.804972098246572454e-01,4.468088206908404025e+00,5.575615917582627645e+00,5.154571072370629281e+00,4.469573730128666433e+00,3.799593756832587932e+00,4.224176580601558761e+00,4.156393055075970899e+00,4.048134623624550343e+00,3.945684077176839111e+00,2.330728989911381888e+00,5.777014828325806040e-01,7.270770539428536017e-01,3.020149035371205937e+00,2.661751608866035568e+00,2.501243830172956262e+00,3.844187103443238662e+00,4.400365651262906574e+00,3.613863821644831997e+00,2.920417372432372094e+00,2.715966825965505649e+00,1.074440583454259857e+00,2.411594853435342356e-01,1.329051634647063107e+00,1.887034087341903144e+00,1.083567003431621156e+00,1.560057368241543951e+00,1.589772451552869725e+00,2.217860863782585013e-01,2.283641700071478708e-01,8.482551149428061432e-01,7.942515745850443898e-02
1.893199225790749729e+00,5.773666638466923295e-01,6.363672443369663423e-01,4.341677011261727004e-01,1.891852255927977788e+00,9.558129370470073161e-01,3.369965532076909298e+00,2.699245157191320299e+00,2.149942998400041994e+00,3.100012585498410633e+00,4.203026969680846214e+00,2.484738098021889385e+00,9.434157612037873397e-01,3.644408283448746566e+00,3.717271405248910199e+00,2.843296532351859085e+00,3.544705629265918478e+00,4.378459109832220975e+00,3.953910306000459229e+00,3.912903547418387529e+00,3.078198617000263315e+00,1.124075441644919016e+00,6.641996067028425044e-01,1.310896886403417616e+00,4.181456338784713900e+00,3.777056487727358025e+00,3.567231336472348691e+00,3.198820795858397403e+00,3.494430729551692760e+00,3.364527759857759648e+00,4.318531783352752562e+00,4.357286334376855308e+00,3.291344364855609328e+00,2.361278444505825025e+00,1.785178741192085528e-01,2.969453862666560973e+00,5.060906622686972334e+00,4.592175898835384906e+00,4.346881005422722488e+00,3.867084866741647087e+00,3.841920479231162755e+00,4.409605771524290674e+00,4.837694875876752398e+00,4.540864788758711690e+00,3.973788818426551295e+00,2.088705964982317642e+00,5.807009036518196998e-01,4.468165075397858566e+00,5.575695560374637871e+00,5.154690362823736827e+00,4.469612806460342647e+00,3.799756727133455136e+00,4.224288562702797734e+00,4.156431633599162012e+00,4.048338992502476863e+00,3.945712463184395169e+00,2.331278904339119329e+00,5.780090298097333434e-01,7.270778474559295157e-01,3.020178647980845010e+00,2.662180471947857008e+00,2.501514070985560778e+00,3.845043629249173200e+00,4.400694293840858862e+00,3.614505489582817255e+00,2.921157274262089487e+00,2.716257426635391603e+00,1.074760938459795367e+00,2.411684266972297930e-01,1.329344024265896040e+00,1.887517061969042453e+00,1.083737241642237281e+00,1.560598808205023946e+00,1.590003111243078138e+00,2.218514092217192535e-01,2.283641699853600493e-01,8.487432607204291601e-01,7.945888245821323970e-02
1.893200611057934912e+00,5.773934824788149456e-01,6.363692518278041277e-01,4.341677010915201418e-01,1.891852522542430082e+00,9.558137505616525198e-01,3.369967569536759466e+00,2.699374604866542349e+00,2.149944831979742066e+00,3.100013246099842412e+00,4.203028044961512499e+00,2.484764753241400115e+00,9.434157611689493184e-01,3.644408745511251713e+00,3.717273157964949615e+00,2.843301918578798659e+00,3.544720053883612554e+00,4.378461402343807762e+00,3.953995242508888008e+00,3.912992483942250743e+00,3.078220712585335139e+00,1.124197992197272455e+00,6.643537089645391580e-01,1.310900974843186573e+00,4.181463735691743011e+00,3.777064772947020366e+00,3.567237797785539843e+00,3.198883142354053355e+00,3.494496262464664493e+00,3.364698019276113339e+00,4.318806045945270178e+00,4.357666268946532639e+00,3.291902955119626384e+00,2.361866261760929397e+00,1.785501849460638946e-01,2.969454383746501502e+00,5.060913077703146357e+00,4.592179538204318234e+00,4.346883581183662137e+00,3.867093606501510461e+00,3.841943101946406980e+00,4.409623097138897663e+00,4.837814574815388902e+00,4.541007732150700527e+00,3.974434829142458714e+00,2.089540393818082098e+00,5.808954297438901904e-01,4.468238484233053143e+00,5.575771618648249550e+00,5.154804284319665975e+00,4.469650124065000618e+00,3.799912362560157408e+00,4.224395504776931709e+00,4.156468475800427775e+00,4.048534163263359353e+00,3.945739571608827045e+00,2.331804068538096075e+00,5.783027348900184883e-01,7.270786052527317134e-01,3.020206927801153185e+00,2.662590033008921164e+00,2.501772148955643704e+00,3.845861605041099640e+00,4.401008145063888932e+00,3.615118277703861516e+00,2.921863875021140089e+00,2.716534948118193071e+00,1.075066875112542286e+00,2.411769656212947588e-01,1.329623254181152792e+00,1.887978299154254858e+00,1.083899817868416937e+00,1.561115879352661606e+00,1.590223389534541898e+00,2.219137920505831751e-01,2.283641699643161327e-01,8.492094363157908221e-01,7.949108957978688605e-02
1.893201933975568796e+00,5.774190940714397646e-01,6.363711689644493408e-01,4.341677010561900696e-01,1.891852777155026422e+00,9.558145274598606189e-01,3.369969515293524953e+00,2.699498226434338566e+00,2.149946583032434688e+00,3.100013876967028459e+00,4.203029071844305520e+00,2.484790208776184173e+00,9.434157611334301752e-01,3.644409186775280585e+00,3.717274831793522694e+00,2.843307062383327644e+00,3.544733829284216320e+00,4.378463591673082078e+00,3.954076356242420598e+00,3.913077417660900004e+00,3.078241813703002538e+00,1.124315027063885086e+00,6.645008754796150052e-01,1.310904879270575085e+00,4.181470799680792716e+00,3.777072685268088925e+00,3.567243968289437461e+00,3.198942682792839776e+00,3.494558845908393607e+00,3.364860615756060547e+00,4.319067964685402217e+00,4.358029103641410273e+00,3.292436404677923534e+00,2.362427622879093470e+00,1.785810415438534304e-01,2.969454881371636379e+00,5.060919242193401502e+00,4.592183013772264566e+00,4.346886041013666713e+00,3.867101952904715922e+00,3.841964706469384261e+00,4.409639642970047291e+00,4.837928886412029783e+00,4.541144242027906230e+00,3.975051764584090375e+00,2.090337267167004853e+00,5.810812007168665305e-01,4.468308589124035279e+00,5.575844253733323264e+00,5.154913078501250467e+00,4.469685762098349002e+00,3.800060993236367146e+00,4.224497633662501528e+00,4.156503659827082586e+00,4.048720549890615139e+00,3.945765459950802967e+00,2.332305596452058261e+00,5.785832210613672810e-01,7.270793289407132542e-01,3.020233934817487143e+00,2.662981160783219892e+00,2.502018611501248824e+00,3.846642765855411206e+00,4.401307870652587440e+00,3.615703485813796192e+00,2.922538673504547546e+00,2.716799979074251414e+00,1.075359042345227278e+00,2.411851202279997608e-01,1.329889916677005512e+00,1.888418777243533464e+00,1.084055076956213171e+00,1.561609678461769457e+00,1.590433753667123140e+00,2.219733671872596292e-01,2.283641699440701056e-01,8.496546305498996476e-01,7.952184713893729884e-02
1.893203197349800471e+00,5.774435529502506270e-01,6.363729998134679544e-01,4.341677010201702158e-01,1.891853020305896749e+00,9.558152693895999308e-01,3.369971373474480281e+00,2.699616284112694498e+00,2.149948255272402964e+00,3.100014479438185422e+00,4.203030052507445546e+00,2.484814518620906298e+00,9.434157610972176977e-01,3.644409608176876425e+00,3.717276430285107125e+00,2.843311974676209442e+00,3.544746984687267677e+00,4.378465682463969166e+00,3.954153819254225155e+00,3.913158528730203312e+00,3.078261965111628751e+00,1.124426794491464543e+00,6.646414184080448040e-01,1.310908607967460782e+00,4.181477545735593715e+00,3.777080241473722122e+00,3.567249861072572248e+00,3.198999543468075579e+00,3.494618612630818966e+00,3.365015894186599077e+00,4.319318095137976599e+00,4.358375608082585728e+00,3.292945845048604880e+00,2.362963718582579364e+00,1.786105093636227159e-01,2.969455356597561213e+00,5.060925129233512010e+00,4.592186332911436075e+00,4.346888390130438040e+00,3.867109923655180026e+00,3.841985338626250801e+00,4.409655444113731448e+00,4.838038053136962446e+00,4.541274607946147235e+00,3.975640933354303908e+00,2.091098275304378085e+00,5.812586106159671751e-01,4.468375538772743738e+00,5.575913619698678048e+00,5.155016976135603279e+00,4.469719796153501790e+00,3.800202934427743262e+00,4.224595165988633383e+00,4.156537260309231208e+00,4.048898547735339193e+00,3.945790183123033756e+00,2.332784551889022673e+00,5.788510832726346811e-01,7.270800200549790704e-01,3.020259726315415172e+00,2.663354684905273828e+00,2.502253981402547289e+00,3.847388768638999590e+00,4.401594106365180004e+00,3.616262355217553015e+00,2.923183101050445654e+00,2.717053081669827286e+00,1.075638059883792463e+00,2.411929078144283700e-01,1.330144577380447224e+00,1.888839430550048215e+00,1.084203348231049135e+00,1.562081252946550425e+00,1.590634649851425664e+00,2.220302609986677944e-01,2.283641699246787282e-01,8.500797877394887792e-01,7.955122037666235990e-02
1.893204403860480722e+00,5.774669109958723290e-01,6.363747482583997916e-01,4.341677009834480905e-01,1.891853252510860228e+00,9.558159779246671039e-01,3.369973148021141895e+00,2.699729028317840118e+00,2.149949852246758386e+00,3.100015054791301239e+00,4.203030989031114828e+00,2.484837734340070270e+00,9.434157610602993405e-01,3.644410010609952177e+00,3.717277956830382202e+00,2.843316665877139382e+00,3.544759547997207161e+00,4.378467679151382796e+00,3.954227795853801464e+00,3.913235989197678233e+00,3.078281209555117748e+00,1.124533531553775889e+00,6.647756358602896487e-01,1.310912168842975456e+00,4.181483988165500598e+00,3.777087457591710606e+00,3.567255488634391902e+00,3.199053844988943851e+00,3.494675689405238650e+00,3.365164183934164388e+00,4.319556967863288577e+00,4.358706517252504575e+00,3.293432356823069895e+00,2.363475686002319609e+00,1.786386509106343279e-01,2.969455810432361176e+00,5.060930751310746878e+00,4.592189502662241019e+00,4.346890633516843572e+00,3.867117535660009597e+00,3.842005042180645091e+00,4.409670534086362004e+00,4.838142306547513094e+00,4.541399106429081733e+00,3.976203585159126863e+00,2.091825032430573383e+00,5.814280357514534092e-01,4.468439475188427323e+00,5.575979863678893089e+00,5.155116197603605954e+00,4.469752298421322934e+00,3.800338487210653149e+00,4.224688308634534373e+00,4.156569348518070584e+00,4.049068534354891113e+00,3.945813793566750327e+00,2.333241950777758422e+00,5.791068896955652301e-01,7.270806800615423615e-01,3.020284357002231523e+00,2.663711397669898950e+00,2.502478757910727047e+00,3.848101195763859561e+00,4.401867459346060052e+00,3.616796071352137432e+00,2.923798524576140867e+00,2.717294792769531675e+00,1.075904519561917017e+00,2.412003448991663079e-01,1.330387776461061433e+00,1.889241151335948832e+00,1.084344946196261539e+00,1.562531603079801990e+00,1.590826504215266946e+00,2.220845941642778931e-01,2.283641699062019248e-01,8.504858097000378425e-01,7.957927159763091007e-02
1.893205556066846373e+00,5.774892177539161509e-01,6.363764180079958255e-01,4.341677009460112036e-01,1.891853474262519930e+00,9.558166545680255588e-01,3.369974842697628592e+00,2.699836698195419160e+00,2.149951377342965486e+00,3.100015604246843637e+00,4.203031883401871838e+00,2.484859905177394523e+00,9.434157610226624469e-01,3.644410394928188079e+00,3.717279414667420845e+00,2.843321145936850591e+00,3.544771545862568374e+00,4.378469585970631073e+00,3.954298442955503035e+00,3.913309963367428423e+00,3.078299587853580377e+00,1.124635464654505590e+00,6.649038125296292678e-01,1.310915569450279650e+00,4.181490140635836461e+00,3.777094348928474510e+00,3.567260862911777242e+00,3.199105702536317875e+00,3.494730197299210417e+00,3.365305799541258747e+00,4.319785089542481415e+00,4.359022533053950710e+00,3.293896971958092390e+00,2.363964611089922396e+00,1.786655258769499766e-01,2.969456243838748843e+00,5.060936120350354450e+00,4.592192529748215790e+00,4.346892775931483044e+00,3.867124805065367266e+00,3.842023858926516766e+00,4.409684944895862380e+00,4.838241867779210281e+00,4.541518001554754491e+00,3.976740913458549187e+00,2.092519080094977113e+00,5.815898354968340733e-01,4.468500533988867041e+00,5.576043126186400301e+00,5.155210953367365789e+00,4.469783337843551863e+00,3.800467939110794280e+00,4.224777259168314814e+00,4.156599992517063136e+00,4.049230870313754060e+00,3.945836341362939148e+00,2.333678763322707184e+00,5.793511829299621274e-01,7.270813103604342187e-01,3.020307879122996031e+00,2.664052055712768929e+00,2.502693417806969745e+00,3.848781558383516099e+00,4.402128509413618218e+00,3.617305766301100345e+00,2.924386249477524569e+00,2.717525625075087436e+00,1.076158986576376542e+00,2.412074472573398909e-01,1.330620029776795388e+00,1.889624791704972218e+00,1.084480171200204568e+00,1.562961684114630767e+00,1.591009723707552670e+00,2.221364819320886530e-01,2.283641698887028948e-01,8.508735576586443639e-01,7.960606030233924324e-02
1.893206656412949274e+00,5.775105205400729025e-01,6.363780126040852192e-01,4.341677009078470095e-01,1.891853686031307547e+00,9.558173007549938260e-01,3.369976461098644016e+00,2.699939522127746017e+00,2.149952833796027640e+00,3.100016128970350060e+00,4.203032737516865680e+00,2.484881078160263268e+00,9.434157609842945824e-01,3.644410761946840882e+00,3.717280806888557887e+00,2.843325424358218001e+00,3.544783003732502991e+00,4.378471406966402135e+00,3.954365910411373086e+00,3.913380608148653295e+00,3.078317138989918877e+00,1.124732810007496031e+00,6.650262202960340874e-01,1.310918817002585834e+00,4.181496016196888377e+00,3.777100930101531251e+00,3.567265995304360171e+00,3.199155226107078587e+00,3.494782251931354278e+00,3.365441041393640642e+00,4.320002944052293792e+00,4.359324325798878519e+00,3.294340675964740672e+00,2.364431530921122793e+00,1.786911912680453351e-01,2.969456657736107896e+00,5.060941247740856852e+00,4.592195420590288180e+00,4.346894821918783514e+00,3.867131747290715627e+00,3.842041828776777468e+00,4.409698707109560800e+00,4.838336948014845262e+00,4.541631545515737223e+00,3.977254057998012016e+00,2.093181890465824146e+00,5.817443530511451355e-01,4.468558844688033993e+00,5.576103541409529463e+00,5.155301444416633849e+00,4.469812980259038504e+00,3.800591564713075243e+00,4.224862206266052134e+00,4.156629257306312830e+00,4.049385899948332757e+00,3.945857874338570159e+00,2.334095916061917020e+00,5.795844811546138065e-01,7.270819122886732488e-01,3.020330342571351689e+00,2.664377381615342877e+00,2.502898416413769311e+00,3.849431299638378601e+00,4.402377810290120763e+00,3.617792521195839051e+00,2.924947522397995048e+00,2.717746068212836708e+00,1.076402000685900306e+00,2.412142299540770696e-01,1.330841829968163470e+00,1.889991165409869112e+00,1.084609310073329391e+00,1.563372408310671480e+00,1.591184696961470024e+00,2.221860343630837342e-01,2.283641698722480573e-01,8.512438540808022758e-01,7.963164331331987200e-02
1.893207707232839487e+00,5.775308645404760854e-01,6.363795354290878725e-01,4.341677008689428519e-01,1.891853888266481043e+00,9.558179178562896672e-01,3.369978006657104341e+00,2.700037718218238236e+00,2.149954224695348248e+00,3.100016630074898583e+00,4.203033553187856874e+00,2.484901298199480024e+00,9.434157609451827575e-01,3.644411112444475354e+00,3.717282136446950158e+00,2.843329510216416001e+00,3.544793945910761135e+00,4.378473146001343075e+00,3.954430341329000953e+00,3.913448073388474668e+00,3.078333900192515848e+00,1.124825774095362219e+00,6.651431188028598118e-01,1.310921918388457286e+00,4.181501627311577707e+00,3.777107215070501400e+00,3.567270896698702565e+00,3.199202520747430167e+00,3.494831963716594547e+00,3.365570196357480004e+00,4.320210993491421014e+00,4.359612535630232877e+00,3.294764409998776955e+00,2.364877435895557323e+00,1.787157015237264002e-01,2.969457053002441782e+00,5.060946144358208443e+00,4.592198181320394923e+00,4.346896775818637870e+00,3.867138377061527965e+00,3.842058989847960682e+00,4.409711849919031756e+00,4.838427748932414119e+00,4.541739979154068685e+00,3.977744107225960501e+00,2.093814869452863103e+00,5.818919161669207085e-01,4.468614530970813625e+00,5.576161237497140100e+00,5.155387862695133272e+00,4.469841288543393354e+00,3.800709626244046735e+00,4.224943330112003181e+00,4.156657204960434449e+00,4.049533952097339018e+00,3.945878438168044067e+00,2.334494293832354295e+00,5.798072792264209463e-01,7.270824871231016395e-01,3.020351794995356887e+00,2.664688065437554876e+00,2.503094188560729627e+00,3.850051797716839808e+00,4.402615890776226060e+00,3.618257368508821958e+00,2.925483533872753394e+00,2.717956589772306142e+00,1.076634077356072305e+00,2.412207073764626730e-01,1.331053647503203985e+00,1.890341049578482702e+00,1.084732636736589484e+00,1.563764646869111763e+00,1.591351795118830736e+00,2.222333565646858466e-01,2.283641698569076617e-01,8.515974844149611922e-01,7.965607489566960131e-02
1.893208710755517776e+00,5.775502929075471137e-01,6.363809897131890159e-01,4.341677008292860185e-01,1.891854081397077891e+00,9.558185071809377487e-01,3.369979482651416447e+00,2.700131494754042016e+00,2.149955552991284158e+00,3.100017108623471351e+00,4.203034332145064944e+00,2.484920608184529200e+00,9.434157609053142046e-01,3.644411447164614071e+00,3.717283406162839476e+00,2.843333412178168373e+00,3.544804395607243030e+00,4.378474806764250715e+00,3.954491872375073935e+00,3.913512502189782527e+00,3.078349907014199971e+00,1.124914554107470543e+00,6.652547560075851019e-01,1.310924880186420394e+00,4.181506985881905614e+00,3.777113217166717440e+00,3.567275577491391125e+00,3.199247686775718691e+00,3.494879438100364055e+00,3.365693538387843464e+00,4.320409679160690075e+00,4.359887773879780326e+00,3.295169072856976467e+00,2.365303271837535970e+00,1.787391086336036772e-01,2.969457430476236226e+00,5.060950820588863586e+00,4.592200817794489964e+00,4.346898641775611694e+00,3.867144708440521494e+00,3.842075378541072173e+00,4.409724401202008259e+00,4.838514463132910670e+00,4.541843532472105593e+00,3.978212100602589896e+00,2.094419359689479787e+00,5.820328378454004969e-01,4.468667710955350536e+00,5.576216336830443154e+00,5.155470391507694927e+00,4.469868322742359013e+00,3.800822374128120185e+00,4.225020802780795393e+00,4.156683894760225151e+00,4.049675340799306689e+00,3.945898076470074400e+00,2.334874741646759677e+00,5.800200497300540547e-01,7.270830360830936590e-01,3.020372281898555222e+00,2.664984766181527132e+00,2.503281149506898728e+00,3.850644368778596061e+00,4.402843255872639361e+00,3.618701294243600763e+00,2.925995420854091034e+00,2.718157636298027313e+00,1.076855708852703097e+00,2.412268932640554420e-01,1.331255931675404458e+00,1.890675186362141380e+00,1.084850412782463636e+00,1.564139231780628192e+00,1.591511372617313125e+00,2.222785489137037995e-01,2.283641698427559541e-01,8.519351987585680464e-01,7.967940687215326057e-02
1.893209669109662041e+00,5.775688468515284280e-01,6.363823785411912848e-01,4.341677007888637418e-01,1.891854265832825233e+00,9.558190699790463096e-01,3.369980892212436796e+00,2.700221050647836574e+00,2.149956821501403326e+00,3.100017565631206118e+00,4.203035076040835705e+00,2.484939049074548212e+00,9.434157608646761561e-01,3.644411766817313936e+00,3.717284618729534973e+00,2.843337138520131369e+00,3.544814374987231620e+00,4.378476392777900017e+00,3.954550634065263193e+00,3.913574031214773985e+00,3.078365193407658129e+00,1.124999338358202650e+00,6.653613687077635230e-01,1.310927708678918391e+00,4.181512103274191539e+00,3.777118949121503810e+00,3.567280047611088634e+00,3.199290819995220136e+00,3.494924775782269677e+00,3.365811329109787309e+00,4.320599422499118880e+00,4.360150624364826477e+00,3.295555522883594435e+00,2.365709942002261812e+00,1.787614622473691073e-01,2.969457790958238697e+00,5.060955286351810578e+00,4.592203335604965631e+00,4.346900423747732667e+00,3.867150754857485939e+00,3.842091029618803333e+00,4.409736387581519423e+00,4.838597274548854799e+00,4.541942425120396365e+00,3.978659030804679642e+00,2.094996643380602652e+00,5.821674170004470517e-01,4.468718497443600057e+00,5.576268956282586231e+00,5.155549205909070842e+00,4.469894140199174082e+00,3.800930047518752186e+00,4.225094788602421048e+00,4.156709383318405671e+00,4.049810365958705916e+00,3.945916830900209060e+00,2.335238066486036601e+00,5.802232439803692854e-01,7.270835603331419206e-01,3.020391846736490749e+00,2.665268113189397603e+00,2.503459695821588227e+00,3.851210269746397685e+00,4.403060387851290614e+00,3.619125240026257018e+00,2.926484269123015292e+00,2.718349634236715051e+00,1.077067365285991452e+00,2.412328007380314943e-01,1.331449111556714859e+00,1.890994284509860623e+00,1.084962888029829653e+00,1.564496957590148174e+00,1.591663767942270935e+00,2.223217072692451890e-01,2.283641698298712608e-01,8.522577134491244877e-01,7.970168873312682978e-02
1.893210584328143709e+00,5.775865657278951293e-01,6.363837048590572643e-01,4.341677007476631989e-01,1.891854441965008515e+00,9.558196074444590407e-01,3.369982238330106572e+00,2.700306575859755753e+00,2.149958032916461370e+00,3.100018002067552736e+00,4.203035786453144240e+00,2.484956659985209981e+00,9.434157608232560666e-01,3.644412072080673859e+00,3.717285776719127188e+00,2.843340697146449880e+00,3.544823905218406068e+00,4.378477907406512770e+00,3.954606751041067625e+00,3.913632790974835185e+00,3.078379791797453802e+00,1.125080306686397025e+00,6.654631830433019868e-01,1.310930409865637802e+00,4.181516990343186357e+00,3.777124423093178862e+00,3.567284316539592659e+00,3.199332011897352501e+00,3.494968072929688141e+00,3.365923818373298904e+00,4.320780625977844736e+00,4.360401644626566764e+00,3.295924579791031039e+00,2.366098308991756216e+00,1.787828097801098248e-01,2.969458135213157046e+00,5.060959551119604605e+00,4.592205740092513366e+00,4.346902125514888304e+00,3.867156529137770082e+00,3.842105976279265089e+00,4.409747834482359963e+00,4.838676358834436364e+00,4.542036866863583100e+00,3.979085845831193069e+00,2.095547945022432135e+00,5.822959390925824819e-01,4.468766998160589310e+00,5.576319207466557515e+00,5.155624473075254066e+00,4.469918795676205647e+00,3.801032874805718276e+00,4.225165444510803781e+00,4.156733724699702925e+00,4.049939313982082290e+00,3.945934741239186305e+00,2.335585039010963371e+00,5.804172929797075664e-01,7.270840609853278513e-01,3.020410531008887123e+00,2.665538707478243730e+00,2.503630206225549770e+00,3.851750700972152774e+00,4.403267747278298394e+00,3.619530105102715112e+00,2.926951115592337338e+00,2.718532990841820318e+00,1.077269495607691363e+00,2.412384423290160618e-01,1.331633596907665140e+00,1.891299020871695324e+00,1.085070301053863151e+00,1.564838583082187817e+00,1.591809304344707243e+00,2.223629231760464176e-01,2.283641698183364599e-01,8.525657125836345607e-01,7.972296774151310661e-02
1.893211458352338949e+00,5.776034871208336474e-01,6.363849714801592672e-01,4.341677007056717330e-01,1.891854610167301942e+00,9.558201207172870584e-01,3.369983523859799046e+00,2.700388251800318162e+00,2.149959189806109894e+00,3.100018418858327518e+00,4.203036464888946888e+00,2.484973478271692127e+00,9.434157607810409463e-01,3.644412363602273608e+00,3.717286882587941932e+00,2.843344095605522259e+00,3.544833006515743179e+00,4.378479353862896772e+00,3.954660342334193057e+00,3.913688906107370968e+00,3.078393733148804490e+00,1.125157630836810307e+00,6.655604149761350508e-01,1.310932989476233601e+00,4.181521657455096630e+00,3.777129650692846674e+00,3.567288393331950136e+00,3.199371349855740121e+00,3.495009421381751302e+00,3.366031244783264764e+00,4.320953673953818353e+00,4.360641367112709332e+00,3.296277026398549470e+00,2.366469196584553014e+00,1.788031965128818457e-01,2.969458463971279993e+00,5.060963623938470768e+00,4.592208036357454226e+00,4.346903750686842649e+00,3.867162043529487558e+00,3.842120250226407130e+00,4.409758766185019496e+00,4.838751883738106052e+00,4.542127058025344333e+00,3.979493451014112892e+00,2.096074433999760345e+00,5.824186767344885496e-01,4.468813315982921530e+00,5.576367196971933282e+00,5.155696352658075021e+00,4.469942341471107028e+00,3.801131074099561857e+00,4.225232920376678969e+00,4.156756970535532503e+00,4.050062458385561115e+00,3.945951845477315700e+00,2.335916395196869111e+00,5.806026083321086384e-01,7.270845391016803605e-01,3.020428374347670530e+00,2.665797123014916892e+00,2.503793042394292900e+00,3.852266808783033181e+00,4.403465773990888898e+00,3.619916748246167160e+00,2.927396950506103490e+00,2.718708095037369432e+00,1.077462528563398525e+00,2.412438300036627570e-01,1.331809779046523534e+00,1.891590041834429581e+00,1.085172879692087200e+00,1.565164832890334035e+00,1.591948290526932874e+00,2.224022840586515060e-01,2.283641698082392868e-01,8.528598494696665311e-01,7.974328903305291649e-02
1.893212293036247607e+00,5.776196469229627484e-01,6.363861810912462280e-01,4.341677006628765767e-01,1.891854770796561391e+00,9.558206108863274153e-01,3.369984751528372513e+00,2.700466251715222477e+00,2.149960294624346790e+00,3.100018816887676998e+00,4.203037112787375129e+00,2.484989539607910913e+00,9.434157607380179167e-01,3.644412642000546043e+00,3.717287938681752113e+00,2.843347341106014170e+00,3.544841698184395096e+00,4.378480735215257269e+00,3.954711521619035608e+00,3.913742495640178731e+00,3.078407047033262955e+00,1.125231474824410771e+00,6.656532707483080458e-01,1.310935452982483929e+00,4.181526114509571457e+00,3.777134643009025350e+00,3.567292286635662002e+00,3.199408917311546752e+00,3.495048908844148094e+00,3.366133836205581265e+00,4.321118933485079694e+00,4.360870300306867620e+00,3.296613610292743246e+00,2.366823391483045214e+00,1.788226656887575150e-01,2.969458777930028326e+00,5.060967513447482524e+00,4.592210229270556887e+00,4.346905302710892371e+00,3.867167309729493851e+00,3.842133881737265888e+00,4.409769205877185350e+00,4.838824009458389419e+00,4.542213189913308469e+00,3.979882710938767776e+00,2.096577227066393156e+00,5.825358902692546748e-01,4.468857549156989073e+00,5.576413026590969046e+00,5.155764997123849724e+00,4.469964827527749485e+00,3.801224853694233907e+00,4.225297359325484337e+00,4.156779170133509282e+00,4.050180060375014435e+00,3.945968179895061212e+00,2.336232837894736125e+00,5.807795831163784506e-01,7.270849956964283711e-01,3.020445414601037104e+00,2.666043907933504098e+00,2.503948549725246941e+00,3.852759687912988174e+00,4.403654888030350989e+00,3.620285989578643004e+00,2.927822719540037255e+00,2.718875318242921946e+00,1.077646873601977529e+00,2.412489751900366297e-01,1.331978031679334595e+00,1.891867964692649284e+00,1.085270841527647079e+00,1.565476399034291477e+00,1.592081021297365506e+00,2.224398734068512573e-01,2.283641697996725561e-01,8.531407480111051767e-01,7.976269571204400166e-02
1.893213090150424938e+00,5.776350794114667453e-01,6.363873362581429216e-01,4.341677006192650179e-01,1.891854924193580922e+00,9.558210789913729188e-01,3.369985923939955885e+00,2.700540741052827709e+00,2.149961349714720527e+00,3.100019196999955096e+00,4.203037731522786480e+00,2.485004878062191391e+00,9.434157606941743213e-01,3.644412907866089402e+00,3.717288947240752428e+00,2.843350440532146362e+00,3.544849998660639212e+00,4.378482054393709078e+00,3.954760397453801701e+00,3.913793673243921134e+00,3.078419761691442158e+00,1.125301995282276923e+00,6.657419473194449155e-01,1.310937805609894813e+00,4.181530370960701681e+00,3.777139410631165983e+00,3.567296004709027635e+00,3.199444793950464661e+00,3.495086619075160606e+00,3.366231810250489342e+00,4.321276755109332512e+00,4.361088929807122483e+00,3.296935045413264653e+00,2.367161644982184399e+00,1.788412586045496910e-01,2.969459077755431942e+00,5.060971227896891023e+00,4.592212323483368053e+00,4.346906784879180918e+00,3.867172338908200224e+00,3.842146899726185172e+00,4.409779175702927212e+00,4.838892888983690632e+00,4.542295445224840300e+00,3.980254451277737360e+00,2.097057390713935821e+00,5.826478283226006472e-01,4.468899791507367603e+00,5.576456793534513068e+00,5.155830552076777984e+00,4.469986301542157925e+00,3.801314412508912444e+00,4.225358898040953548e+00,4.156800370582041104e+00,4.050292369400112946e+00,3.945983779139995651e+00,2.336535038322041125e+00,5.809485927198621003e-01,7.270854317381526544e-01,3.020461687913732263e+00,2.666279585697993948e+00,2.504097058070395398e+00,3.853230383824823413e+00,4.403835490533003494e+00,3.620638612310601356e+00,2.928229325807442329e+00,2.719035015161404889e+00,1.077822921744058027e+00,2.412538888018544714e-01,1.332138711692599564e+00,1.892133378958107182e+00,1.085364394350833095e+00,1.565773942387747919e+00,1.592207778195857237e+00,2.224757709527764027e-01,2.283641697927348557e-01,8.534090040315361891e-01,7.978122894277128729e-02
1.893213851385737501e+00,5.776498173208024500e-01,6.363884394311924986e-01,4.341677005748245666e-01,1.891855070683815754e+00,9.558215260254173673e-01,3.369987043581473607e+00,2.700611877815088491e+00,2.149962357315302608e+00,3.100019560001512797e+00,4.203038322407683047e+00,2.485019526169530479e+00,9.434157606494975035e-01,3.644413161762919628e+00,3.717289910404312892e+00,2.843353400458297653e+00,3.544857925550981559e+00,4.378483314196486731e+00,3.954807073510770987e+00,3.913842547473238564e+00,3.078431904092917559e+00,1.125369341793837297e+00,6.658266327845256960e-01,1.310940052348786189e+00,4.181534435837074959e+00,3.777143963672116023e+00,3.567299555438661507e+00,3.199479055871738087e+00,3.495122632063326851e+00,3.366325374734155496e+00,4.321427473587486467e+00,4.361297719356040048e+00,3.297242013567188490e+00,2.367484674563077984e+00,1.788590146984080920e-01,2.969459364083545161e+00,5.060974775165625772e+00,4.592214323438079226e+00,4.346908200335678707e+00,3.867177141733265433e+00,3.842159331806150213e+00,4.409788696809665787e+00,4.838958668416800002e+00,4.542373998434567461e+00,3.980609460542212208e+00,2.097515943433963859e+00,5.827547283302452197e-01,4.468940132635831120e+00,5.576498590638203190e+00,5.155893156567789681e+00,4.470006809063684194e+00,3.801399940509937014e+00,4.225417667055037185e+00,4.156820616850209760e+00,4.050399623683443195e+00,3.945998676300293884e+00,2.336823637486497240e+00,5.811099956346905682e-01,7.270858481518401861e-01,3.020477228803720937e+00,2.666504656212615121e+00,2.504238882435937619e+00,3.853679894927766192e+00,4.404007964581054146e+00,3.620975364402221786e+00,2.928617631774827146e+00,2.719187524531482492e+00,1.077991046411441944e+00,2.412585812616344916e-01,1.332292159910282159e+00,1.892386847610156630e+00,1.085453736599831354e+00,1.566058094080176710e+00,1.592328830090879999e+00,2.225100528400201505e-01,2.283641697875307131e-01,8.536651865380681103e-01,7.979892803682199498e-02
1.893214578356950284e+00,5.776638919121324101e-01,6.363894929504542164e-01,4.341677005295426217e-01,1.891855210578072599e+00,9.558219529367618650e-01,3.369988112827919657e+00,2.700679812892699871e+00,2.149963319563434450e+00,3.100019906662407898e+00,4.203038886695494192e+00,2.485033515000610205e+00,9.434157606039748067e-01,3.644413404229668529e+00,3.717290830215514319e+00,2.843356227162950667e+00,3.544865495669505595e+00,4.378484517295885503e+00,3.954851648796202657e+00,3.913889221997006285e+00,3.078443499993432919e+00,1.125433657210155758e+00,6.659075067728611463e-01,1.310942197964875877e+00,4.181538317760924883e+00,3.777148311789569224e+00,3.567302946356221138e+00,3.199511775749580789e+00,3.495157024197107720e+00,3.366414728119477395e+00,4.321571408613724685e+00,4.361497111824331974e+00,3.297535165875216112e+00,2.367793165414865175e+00,1.788759716334727135e-01,2.969459637521793649e+00,5.060978162778004830e+00,4.592216233376951173e+00,4.346909552082855122e+00,3.867181728392224738e+00,3.842171204347355484e+00,4.409797789393030243e+00,4.839021487284798084e+00,4.542449016164466613e+00,3.980948491754533691e+00,2.097953857878381179e+00,5.828568170415391325e-01,4.468978658111409707e+00,5.576538506559385766e+00,5.155952943389493726e+00,4.470026393591620462e+00,3.801481619113753929e+00,4.225473791024778158e+00,4.156839951883152473e+00,4.050502050725806491e+00,3.946012902974917580e+00,2.337099247545717962e+00,5.812641342181906756e-01,7.270862458208461332e-01,3.020492070235401449e+00,2.666719596882197507e+00,2.504374323650456535e+00,3.854109174695226070e+00,4.404172676015170929e+00,3.621296960149930744e+00,2.928988461091312612e+00,2.719333169846067211e+00,1.078151604219180770e+00,2.412630625228038006e-01,1.332438701816739846e+00,1.892628908289906153e+00,1.085539057781638839e+00,1.566329456835546363e+00,1.592444433749830024e+00,2.225427917851489912e-01,2.283641697841711227e-01,8.539098389282719914e-01,7.981583053647021975e-02
1.893215272606151078e+00,5.776773330396347550e-01,6.363904990506666914e-01,4.341677004834068043e-01,1.891855344173169584e+00,9.558223606310268794e-01,3.369989133947393967e+00,2.700744690385156854e+00,2.149964238500260638e+00,3.100020237718040139e+00,4.203039425583234845e+00,2.485046874227699210e+00,9.434157605575939076e-01,3.644413635780723748e+00,3.717291708625483526e+00,2.843358926642010509e+00,3.544872725073536568e+00,4.378485666243927099e+00,3.954894217860339456e+00,3.913933795818232309e+00,3.078454573989532594e+00,1.125495077952939793e+00,6.659847408291111881e-01,1.310944247009388608e+00,4.181542024966417692e+00,3.777152464206551041e+00,3.567306184654383205e+00,3.199543022987327845e+00,3.495189868426915591e+00,3.366500059937050260e+00,4.321708865493624430e+00,4.361687530150244463e+00,3.297815124152788879e+00,2.368087771888092607e+00,1.788921653777626741e-01,2.969459898650264940e+00,5.060981397919696256e+00,4.592218057351311167e+00,4.346910842988045864e+00,3.867186108614097506e+00,3.842182542533140399e+00,4.409806472739697725e+00,4.839081478835012717e+00,4.542520657537289175e+00,3.981272264045454978e+00,2.098372062922543524e+00,5.829543110004310469e-01,4.469015449651889682e+00,5.576576625965168788e+00,5.156010039357845187e+00,4.470045096667467632e+00,3.801559621571723113e+00,4.225527388996731304e+00,4.156858416693157032e+00,4.050599867788782227e+00,3.946026489340639820e+00,2.337362453105685134e+00,5.814113354190714178e-01,7.270866255887676877e-01,3.020506243689530024e+00,2.666924863624815956e+00,2.504503669003019795e+00,3.854519133687239751e+00,4.404329974210480003e+00,3.621604081701518929e+00,2.929342600335703484e+00,2.719472260038491740e+00,1.078304935732004699e+00,2.412673420908110766e-01,1.332578648247121134e+00,1.892860074440627649e+00,1.085620538874031871e+00,1.566588606250779225e+00,1.592554834383667073e+00,2.225740572319443999e-01,2.283641697827740735e-01,8.541434801428011703e-01,7.983197229430988306e-02
1.893215935606021638e+00,5.776901692138282085e-01,6.363914598659883293e-01,4.341677004364049575e-01,1.891855471752564855e+00,9.558227499730724830e-01,3.369990109105915899e+00,2.700806647906408120e+00,2.149965116075058358e+00,3.100020553870710849e+00,4.203039940214045700e+00,2.485059632187595735e+00,9.434157605103425936e-01,3.644413856907321225e+00,3.717292547497532684e+00,2.843361504621520819e+00,3.544879629097699159e+00,4.378486763477772215e+00,3.954934870997961927e+00,3.913976363484054311e+00,3.078465149570733583e+00,1.125553734303907705e+00,6.660584987771533960e-01,1.310946203828709855e+00,4.181545565317124513e+00,3.777156429730982534e+00,3.567309277202100226e+00,3.199572863864649452e+00,3.495221234419853218e+00,3.366581551187187937e+00,4.321840135791747528e+00,4.361869378236666428e+00,3.298082482229043766e+00,2.368369118882680979e+00,1.789076302804691321e-01,2.969460148022937229e+00,5.060984487452957481e+00,4.592219799230145227e+00,4.346912075789534313e+00,3.867190291690026260e+00,3.842193370413407916e+00,4.409814765268301961e+00,4.839138770317655158e+00,4.542589074514083336e+00,3.981581464179511975e+00,2.098771445635529087e+00,5.830474170047862392e-01,4.469050585297154043e+00,5.576613029712012448e+00,5.156064565581139902e+00,4.470062957963049755e+00,3.801634113337608589e+00,4.225578574659472508e+00,4.156876050446652648e+00,4.050693282355569025e+00,3.946039464216055670e+00,2.337613812460776597e+00,5.815519114709256643e-01,7.270869882612336355e-01,3.020519779229995372e+00,2.667120891838850483e+00,2.504627192852554973e+00,3.854910641481891442e+00,4.404480192817635142e+00,3.621897380503068753e+00,2.929680800684925313e+00,2.719605090137797276e+00,1.078451366186705451e+00,2.412714290432890207e-01,1.332712296046688838e+00,1.893080836396840105e+00,1.085698352709445258e+00,1.566836092016670623e+00,1.592660266167039262e+00,2.226039154987024260e-01,2.283641697834651596e-01,8.543666057661339908e-01,7.984738754930288673e-02
1.893216568762962515e+00,5.777024276620459364e-01,6.363923774345242590e-01,4.341677003885250352e-01,1.891855593586958983e+00,9.558231217888334408e-01,3.369991040372017022e+00,2.700865816876753644e+00,2.149965954149372749e+00,3.100020855791111973e+00,4.203040431679616162e+00,2.485071815941729767e+00,9.434157604622086524e-01,3.644414068078588809e+00,3.717293348611109494e+00,2.843363966569810053e+00,3.544886222386447017e+00,4.378487811324890622e+00,3.954973694439916088e+00,3.914017015286287648e+00,3.078475249169350558e+00,1.125609750681134225e+00,6.661289370675763655e-01,1.310948072573605128e+00,4.181548946322693361e+00,3.777160216774361867e+00,3.567312230559171571e+00,3.199601361678138467e+00,3.495251188707487966e+00,3.366659374723847353e+00,4.321965497950088775e+00,4.362043041807861066e+00,3.298337807206402683e+00,2.368637803173421208e+00,1.789223991448146978e-01,2.969460386168855326e+00,5.060987437931196098e+00,4.592221462708306667e+00,4.346913253102361097e+00,3.867194286492981803e+00,3.842203710955636620e+00,4.409822684568498907e+00,4.839193483255732176e+00,4.542654412216522886e+00,3.981876748011746070e+00,2.099152853161730725e+00,5.831363325450328317e-01,4.469084139574710512e+00,5.576647795017235509e+00,5.156116637716904094e+00,4.470080015364664483e+00,3.801705252418527969e+00,4.225627456584745367e+00,4.156892890547289277e+00,4.050782492571080695e+00,3.946051855122708396e+00,2.337853858777983795e+00,5.816861605545199376e-01,7.270873346076129895e-01,3.020532705567588128e+00,2.667308097326524852e+00,2.504745157209804507e+00,3.855284528519803189e+00,4.404623650470536944e+00,3.622177478680759233e+00,2.930003779507373451e+00,2.719731941894531158e+00,1.078591206182008211e+00,2.412753320493093157e-01,1.332839928700468413e+00,1.893291662424373856e+00,1.085772664341573268e+00,1.567072439083855517e+00,1.592760952734999513e+00,2.226324299189039180e-01,2.283641697863783571e-01,8.545796890777749288e-01,7.986210899940469898e-02
1.893217173420074895e+00,5.777141343861894596e-01,6.363932537026496528e-01,4.341677003397554357e-01,1.891855709934868290e+00,9.558234768670710313e-01,3.369991929721129154e+00,2.700922322801606157e+00,2.149966754500965749e+00,3.100021144119748495e+00,4.203040901022502496e+00,2.485083451333566451e+00,9.434157604131804264e-01,3.644414269742537904e+00,3.717294113665574162e+00,2.843366317709092428e+00,3.544892518925123692e+00,4.378488812007999442e+00,3.955010770536020015e+00,3.914055837452946829e+00,3.078484894208076472e+00,1.125663245902958076e+00,6.661962051095318138e-01,1.310949857208024483e+00,4.181552175154783946e+00,3.777163833369607371e+00,3.567315050990155001e+00,3.199628576875572339e+00,3.495279794826972264e+00,3.366733695621274780e+00,4.322085217878686159e+00,4.362208889227640718e+00,3.298581640663473813e+00,2.368894394675813420e+00,1.789365032976334424e-01,2.969460613593253751e+00,5.060990255612864530e+00,4.592223051314353377e+00,4.346914377423869880e+00,3.867198101496586382e+00,3.842213586093597755e+00,4.409830247438280004e+00,4.839245733702813190e+00,4.542716809234728537e+00,3.982158741878857544e+00,2.099517094517763471e+00,5.832212462230657035e-01,4.469116183657776631e+00,5.576680995622806059e+00,5.156166366217216357e+00,4.470096305053447239e+00,3.801773189710107470e+00,4.225674138457764073e+00,4.156908972715276818e+00,4.050867687662241146e+00,3.946063688343468101e+00,2.338083101227830696e+00,5.818143674302752588e-01,7.270876653626474617e-01,3.020545050120899688e+00,2.667486877175881510e+00,2.504857812293084685e+00,3.855641587865612507e+00,4.404760651462200194e+00,3.622444970360477967e+00,2.930312221884546542e+00,2.719853084378378139e+00,1.078724752337391957e+00,2.412790593877709999e-01,1.332961816934557842e+00,1.893492999713625391e+00,1.085843631395470243e+00,1.567298148776300470e+00,1.592857107657364990e+00,2.226596609755532308e-01,2.283641697916564406e-01,8.547831820561436755e-01,7.987616787092116644e-02
1.893217750860010540e+00,5.777253142178812029e-01,6.363940905291379790e-01,4.341677002900846127e-01,1.891855821043173957e+00,9.558238159610463747e-01,3.369992779039775233e+00,2.700976285537703525e+00,2.149967518827586410e+00,3.100021419468298678e+00,4.203041349238336721e+00,2.485094563043423577e+00,9.434157603632464806e-01,3.644414462327017823e+00,3.717294844283801858e+00,2.843368563026542173e+00,3.544898532069629571e+00,4.378489767649775821e+00,3.955046177929738338e+00,3.914092912331144536e+00,3.078494105145424431e+00,1.125714333440011261e+00,6.662604455876517395e-01,1.310951561517510688e+00,4.181555258662278618e+00,3.777167287188096800e+00,3.567317744477657371e+00,3.199654567184129661e+00,3.495307113455815795e+00,3.366804671524151971e+00,4.322199549519658568e+00,4.362367272280716080e+00,3.298814499803814027e+00,2.369139437654935065e+00,1.789499726558194947e-01,2.969460830778626104e+00,5.060992946474740961e+00,4.592224568418029840e+00,4.346915451139005349e+00,3.867201744793086426e+00,3.842223016773880229e+00,4.409837469919605013e+00,4.839295632489196919e+00,4.542776397921239884e+00,3.982428043927752626e+00,2.099864942308496740e+00,5.833023381522961515e-01,4.469146785516245224e+00,5.576712701951754170e+00,5.156213856562994025e+00,4.470111861582111601e+00,3.801838069316550328e+00,4.225718719297137049e+00,4.156924331063147626e+00,4.050949048339361092e+00,3.946074988978280906e+00,2.338302026064393413e+00,5.819368040422830957e-01,7.270879812280096610e-01,3.020556839074481914e+00,2.667657610603055840e+00,2.504965397059031762e+00,3.855982576890169433e+00,4.404891486390194011e+00,3.622700422928043285e+00,2.930606782064197446e+00,2.719968774548890522e+00,1.078852287922259734e+00,2.412826189649610320e-01,1.333078219290373623e+00,1.893685275328108819e+00,1.085911404401894709e+00,1.567513699854678366e+00,1.592948934891727619e+00,2.226856664294708799e-01,2.283641697994520936e-01,8.549775163372824727e-01,7.988959398474380913e-02
1.893218302307692280e+00,5.777359908711370284e-01,6.363948896891041818e-01,4.341677002395015195e-01,1.891855927147645611e+00,9.558241397901179326e-01,3.369993590129570560e+00,2.701027819547342723e+00,2.149968248750571576e+00,3.100021682420909919e+00,4.203041777277940483e+00,2.485105174640821701e+00,9.434157603123957125e-01,3.644414646240619504e+00,3.717295542015627063e+00,2.843370707284873955e+00,3.544904274574749437e+00,4.378490680277359992e+00,3.955079991724998134e+00,3.914128318561764797e+00,3.078502901519123647e+00,1.125763121655906751e+00,6.663217947647016581e-01,1.310953189117228579e+00,4.181558203385807637e+00,3.777170585555938764e+00,3.567320316735024033e+00,3.199679387732837554e+00,3.495333202540589657e+00,3.366872452981981123e+00,4.322308735385842482e+00,4.362518526918874429e+00,3.299036878552983776e+00,2.369373451879899672e+00,1.789628357897847521e-01,2.969461038185751356e+00,5.060995516224600976e+00,4.592226017237418745e+00,4.346916476525374051e+00,3.867205224110516593e+00,3.842232023000320851e+00,4.409844367332421911e+00,4.839343285456997101e+00,4.542833304671750838e+00,3.982685225384292149e+00,2.100197134365852758e+00,5.833797803396967296e-01,4.469176010060864179e+00,5.576742981257555520e+00,5.156259209487728867e+00,4.470126717948243567e+00,3.801900028856303848e+00,4.225761293664901608e+00,4.156938998168119959e+00,4.051026747179445664e+00,3.946085780997408587e+00,2.338511097656707616e+00,5.820537300951349469e-01,7.270882828737913472e-01,3.020568097434387589e+00,2.667820659756646062e+00,2.505068139709462294e+00,3.856308218877019023e+00,4.405016432773043888e+00,3.622944378232704654e+00,2.930888084848079167e+00,2.720079257800536610e+00,1.078974083456791799e+00,2.412860183313249307e-01,1.333189382673053203e+00,1.893868897110313920e+00,1.085976127116605516e+00,1.567719549531884082e+00,1.593036629216075806e+00,2.227105014418122031e-01,2.283641698099284079e-01,8.551631041304139647e-01,7.990241581960415285e-02
1.893218828932911713e+00,5.777461869926655558e-01,6.363956528777693356e-01,4.341677001879954978e-01,1.891856028473441587e+00,9.558244490412675098e-01,3.369994364711044188e+00,2.701077034141166511e+00,2.149968945818286681e+00,3.100021933535438201e+00,4.203042186049342988e+00,2.485115308634477049e+00,9.434157602606173532e-01,3.644414821873545485e+00,3.717296208341129393e+00,2.843372755032445909e+00,3.544909758621208162e+00,4.378491551826658501e+00,3.955112283645491722e+00,3.914162131246266885e+00,3.078511301987559179e+00,1.125809714037090625e+00,6.663803827706125116e-01,1.310954743459634031e+00,4.181561015571626072e+00,3.777173735469511850e+00,3.567322773218456700e+00,3.199703091169507907e+00,3.495358117419839594e+00,3.366937183768420550e+00,4.322413007075201818e+00,4.362662973973584712e+00,3.299249248606231699e+00,2.369596933726357157e+00,1.789751199840607654e-01,2.969461236254669068e+00,5.060997970313330541e+00,4.592227400845764862e+00,4.346917455758071647e+00,3.867208546829093763e+00,3.842240623876436167e+00,4.409850954307172444e+00,4.839388793684647361e+00,4.542887650193210725e+00,3.982930831764937896e+00,2.100514375313847992e+00,5.834537370506518439e-01,4.469203919280912096e+00,5.576771897766775510e+00,5.156302521191161503e+00,4.470140905664292674e+00,3.801959199753962793e+00,4.225801951867102169e+00,4.156953005141193813e+00,4.051100948992255368e+00,3.946096087292273680e+00,2.338710759473761058e+00,5.821653936047905820e-01,7.270885709399257379e-01,3.020578849081211104e+00,2.667976370485878324e+00,2.505166258175418381e+00,3.856619204556584801e+00,4.405135755638885264e+00,3.623177353736477979e+00,2.931156726917234501e+00,2.720184768483213666e+00,1.079090397285754177e+00,2.412892646974821864e-01,1.333295542875172490e+00,1.894044254546796369e+00,1.086037936825287264e+00,1.567916134442845388e+00,1.593120376641944835e+00,2.227342186910715172e-01,2.283641698232603268e-01,8.553403390922922345e-01,7.991466057248093613e-02
1.893219331852812104e+00,5.777559242099057357e-01,6.363963817140574353e-01,4.341677001355563337e-01,1.891856125235585662e+00,9.558247443705577551e-01,3.369995104427288890e+00,2.701124033710030403e+00,2.149969611509409351e+00,3.100022173344633369e+00,4.203042576419703025e+00,2.485124986520048651e+00,9.434157602079012994e-01,3.644414989598435906e+00,3.717296844673774636e+00,2.843374710612904810e+00,3.544914995841508265e+00,4.378492384146444927e+00,3.955143122186814075e+00,3.914194422105988558e+00,3.078519324369351384e+00,1.125854209412352258e+00,6.664363338785035396e-01,1.310956227841796773e+00,4.181563701184858317e+00,3.777176743610306087e+00,3.567325119138588185e+00,3.199725727772412487e+00,3.495381910941467218e+00,3.366999001186247842e+00,4.322512585762073201e+00,4.362800919836519853e+00,3.299452060429024502e+00,2.369810357229373832e+00,1.789868512951728330e-01,2.969461425405614197e+00,5.061000313946485640e+00,4.592228722177994271e+00,4.346918390914296992e+00,3.867211719996870745e+00,3.842248837645941162e+00,4.409857244815816202e+00,4.839432253701303033e+00,4.542939549759862139e+00,3.983165384033866552e+00,2.100817338063194040e+00,5.835243651573858159e-01,4.469230572375693100e+00,5.576799512815313165e+00,5.156343883543327067e+00,4.470154454824416312e+00,3.802015707519041943e+00,4.225840780145341924e+00,4.156966381693144363e+00,4.051171811169891335e+00,3.946105929724014860e+00,2.338901435025148690e+00,5.822720314246535578e-01,7.270888460375437568e-01,3.020589116820743492e+00,2.668125073074199882e+00,2.505259960579430789e+00,3.856916193571301221e+00,4.405249708087621840e+00,3.623399843611752935e+00,2.931413278097635189e+00,2.720285530399336515e+00,1.079201476126483872e+00,2.412923649495210821e-01,1.333396925076895334e+00,1.894211719594329768e+00,1.086096964634751805e+00,1.568103871570682761e+00,1.593200354808971930e+00,2.227568684848203751e-01,2.283641698396353670e-01,8.555095971622018736e-01,7.992635421628878356e-02
1.893219812134256053e+00,5.777652231769015989e-01,6.363970777440286497e-01,4.341677000821743682e-01,1.891856217639424909e+00,9.558250264045238254e-01,3.369995810847445483e+00,2.701168917946425996e+00,2.149970247236065557e+00,3.100022402357266227e+00,4.203042949217150159e+00,2.485134228825729430e+00,9.434157601542377813e-01,3.644415149771158990e+00,3.717297452363411026e+00,2.843376578174402702e+00,3.544919997344603058e+00,4.378493179002285629e+00,3.955172572761750605e+00,3.914225259634275922e+00,3.078526985681149686e+00,1.125896702162452634e+00,6.664897667682821991e-01,1.310957645412394124e+00,4.181566265922158188e+00,3.777179616359095604e+00,3.567327359471534010e+00,3.199747345556926081e+00,3.495404633574826558e+00,3.367058036358598461e+00,4.322607682666309792e+00,4.362932657109457324e+00,3.299645744212541754e+00,2.370014175088922315e+00,1.789980546069096234e-01,2.969461606039908830e+00,5.061002552095331453e+00,4.592229984036938717e+00,4.346919283977764614e+00,3.867214750344685648e+00,3.842256681731450296e+00,4.409863252201471795e+00,4.839473757691590272e+00,4.542989113457752026e+00,3.983389379708004885e+00,2.101106665238632765e+00,5.835918144717108236e-01,4.469256025880102179e+00,5.576825884978493519e+00,5.156383384279433102e+00,4.470167394168309549e+00,3.802069672012197810e+00,4.225877860859712953e+00,4.156979156197541769e+00,4.051239484020641157e+00,3.946115329169858299e+00,2.339083528759394959e+00,5.823738697479690085e-01,7.270891087502711070e-01,3.020598922432346622e+00,2.668267082939854262e+00,2.505349445676972486e+00,3.857199815874802429e+00,4.405358531827785029e+00,3.623612319789497160e+00,2.931658282568860852e+00,2.720381757278552026e+00,1.079307555592208034e+00,2.412953256636052035e-01,1.333493744323609009e+00,1.894371647468876318e+00,1.086153335751033122e+00,1.568283159131188098e+00,1.593276733361693953e+00,2.227784988664169019e-01,2.283641698592549785e-01,8.556712373593753362e-01,7.993752155497042822e-02
1.893220270796090343e+00,5.777741036181119894e-01,6.363977424441593644e-01,4.341677000278404974e-01,1.891856305881063571e+00,9.558252957415021012e-01,3.369996485470032166e+00,2.701211782055945143e+00,2.149970854346825888e+00,3.100022621059209893e+00,4.203043305232545102e+00,2.485143055155793146e+00,9.434157600996176951e-01,3.644415302731566886e+00,3.717298032699135391e+00,2.843378361678392530e+00,3.544924773739461354e+00,4.378493938080283421e+00,3.955200697839026169e+00,3.914254709241766328e+00,3.078534302173729476e+00,1.125937282420318875e+00,6.665407947783805742e-01,1.310958999178389428e+00,4.181568715223783705e+00,3.777182359809471812e+00,3.567329498969447510e+00,3.199767990377377025e+00,3.495426333517776651e+00,3.367114414507093922e+00,4.322698499501304248e+00,4.363058465224922244e+00,3.299830710786172183e+00,2.370208819630121422e+00,1.790087536831049542e-01,2.969461778540811281e+00,5.061004689507391241e+00,4.592231189099283739e+00,4.346920136842904014e+00,3.867217644300440682e+00,3.842264172771431063e+00,4.409868989206720435e+00,4.839513393691145637e+00,4.543036446418239116e+00,3.983603293912330034e+00,2.101382970542029049e+00,5.836562280627973776e-01,4.469280333784547032e+00,5.576851070195320226e+00,5.156421107185948927e+00,4.470179751142170588e+00,3.802121207699467487e+00,4.225913272663491149e+00,4.156991355750935035e+00,4.051304111087808302e+00,3.946124305567400015e+00,2.339257426921841354e+00,5.824711245876101895e-01,7.270893596354666144e-01,3.020608286715149582e+00,2.668402701304926072e+00,2.505434903278047631e+00,3.857470673068138733e+00,4.405462457689230504e+00,3.623815232960286625e+00,2.931892260018376994e+00,2.720473653231089806e+00,1.079408860691812855e+00,2.412981531199223650e-01,1.333586205982066453e+00,1.894524377399048332e+00,1.086207169744966894e+00,1.568454377417493273e+00,1.593349674309387121e+00,2.227991557169121950e-01,2.283641698823359878e-01,8.558256025445216686e-01,7.994818627610926487e-02
1.893220708811305997e+00,5.777825843702494302e-01,6.363983772244736770e-01,4.341676999725463948e-01,1.891856390147780953e+00,9.558255529528999483e-01,3.369997129726124196e+00,2.701252716959221978e+00,2.149971434129564152e+00,3.100022829914469202e+00,4.203043645221153035e+00,2.485151484232175356e+00,9.434157600440327140e-01,3.644415448804215973e+00,3.717298586912024749e+00,2.843380064908033855e+00,3.544929335157569916e+00,4.378494662990653374e+00,3.955227557075810640e+00,3.914282833395133387e+00,3.078541289366460099e+00,1.125976036262229085e+00,6.665895261461614041e-01,1.310960292011410955e+00,4.181571054285145195e+00,3.777184979780770391e+00,3.567331542170601111e+00,3.199787706024309397e+00,3.495447056798916208e+00,3.367168255217455108e+00,4.322785228901852683e+00,4.363178611038909693e+00,3.300007352488936174e+00,2.370394703720254626e+00,1.790189712180443593e-01,2.969461943274331883e+00,5.061006730716514745e+00,4.592232339921244133e+00,4.346920951318884008e+00,3.867220408002734811e+00,3.842271326655495756e+00,4.409874468000631431e+00,4.839551245773348498e+00,4.543081649040992431e+00,3.983807580387672687e+00,2.101646840054115284e+00,5.837177425606439041e-01,4.469303547649466246e+00,5.576875121887125530e+00,5.156457132278332800e+00,4.470191551956914644e+00,3.802170423895070872e+00,4.225947090669973427e+00,4.157003006230328701e+00,4.051365829454180556e+00,3.946132877956896490e+00,2.339423498373926602e+00,5.825640022342706281e-01,7.270895992254039486e-01,3.020617229532166714e+00,2.668532215834273913e+00,2.505516514649803295e+00,3.857729339675853630e+00,4.405561706112760767e+00,3.624009013530280487e+00,2.932115706743860795e+00,2.720561413180705213e+00,1.079505606307116672e+00,2.413008533160059810e-01,1.333674506175995367e+00,1.894670233345656873e+00,1.086258580805816054e+00,1.568617889606722882e+00,1.593419332369709229e+00,2.228188828523702536e-01,2.283641699091120969e-01,8.559730201470795441e-01,7.995837100117415830e-02
1.893221127109103064e+00,5.777906834222350518e-01,6.363989834315346705e-01,4.341676999162844552e-01,1.891856470618427100e+00,9.558257985844073046e-01,3.369997744982386578e+00,2.701291809484788420e+00,2.149971987814192964e+00,3.100023029366167471e+00,4.203043969904245003e+00,2.485159533934186538e+00,9.434157599874752886e-01,3.644415588299055653e+00,3.717299116177749330e+00,2.843381691476216222e+00,3.544933691274423371e+00,4.378495355271141420e+00,3.955253207444259456e+00,3.914309691749589426e+00,3.078547962080224742e+00,1.126013045890390307e+00,6.666360642375042111e-01,1.310961526653842801e+00,4.181573288067819583e+00,3.777187481830413418e+00,3.567333493409010625e+00,3.199806534317367834e+00,3.495466847375215291e+00,3.367219672693158916e+00,4.322868054832754936e+00,4.363293349396911935e+00,3.300176044001689846e+00,2.370572221644516642e+00,1.790287288846026947e-01,2.969462100590008813e+00,5.061008680052494491e+00,4.592233438943986279e+00,4.346921729133446988e+00,3.867223047313886219e+00,3.842278158558108281e+00,4.409879700204577979e+00,4.839587394227654826e+00,4.543124817206951604e+00,3.984002672453164084e+00,2.101898833477645834e+00,5.837764884458873649e-01,4.469325716714696917e+00,5.576898091070887631e+00,5.156491535970756601e+00,4.470202821643772140e+00,3.802217424993276307e+00,4.225979386611802724e+00,4.157014132348071378e+00,4.051424770032806322e+00,3.946141064521652364e+00,2.339582095375591475e+00,5.826526996940344372e-01,7.270898280284011639e-01,3.020625769852430142e+00,2.668655901245705397e+00,2.505594452901021896e+00,3.857976364364628097e+00,4.405656487617706674e+00,3.624194072534169919e+00,2.932329096705915017e+00,2.720645223278141067e+00,1.079597997648663821e+00,2.413034319794566118e-01,1.333758832202103672e+00,1.894809524688876978e+00,1.086307677983481490e+00,1.568774042530342028e+00,1.593485855296878029e+00,2.228377221168079680e-01,2.283641699398356317e-01,8.561138028597392591e-01,7.996809733350268568e-02
1.893221526576860825e+00,5.777984179533556253e-01,6.363995623513003519e-01,4.341676998590480174e-01,1.891856547463802940e+00,9.558260331571547530e-01,3.369998332543976183e+00,2.701329142553249074e+00,2.149972516575268777e+00,3.100023219837483079e+00,4.203044279970632680e+00,2.485167221336435528e+00,9.434157599299387575e-01,3.644415721512086037e+00,3.717299621619066130e+00,2.843383244833223689e+00,3.544937851330048684e+00,4.378496016390283074e+00,3.955277703352358731e+00,3.914335341275418489e+00,3.078554334468858400e+00,1.126048389807301264e+00,6.666805077660580281e-01,1.310962705724642019e+00,4.181575421310076202e+00,3.777189871265698162e+00,3.567335356823631010e+00,3.199824515194004348e+00,3.495485747225256734e+00,3.367268775997679597e+00,4.322947152979035756e+00,4.363402923674488676e+00,3.300337143141873764e+00,2.370741749942346654e+00,1.790380473802153372e-01,2.969462250821647498e+00,5.061010541650252215e+00,4.592234488498805334e+00,4.346922471936577104e+00,3.867225567832366817e+00,3.842284682970769527e+00,4.409884696916883229e+00,4.839621915729898305e+00,4.543166042481704636e+00,3.984188983925361693e+00,2.102139485324605150e+00,5.838325903265696448e-01,4.469346888003919105e+00,5.576920026467442781e+00,5.156524391238185956e+00,4.470213584107383120e+00,3.802262310689836777e+00,4.226010228993120066e+00,4.157024757704272488e+00,4.051481057844676492e+00,3.946148882626590026e+00,2.339733554332466436e+00,5.827374051062533811e-01,7.270900465298986148e-01,3.020633925791226027e+00,2.668774019892691474e+00,2.505668883349307041e+00,3.858212271107074098e+00,4.405747003248469795e+00,3.624370802507039357e+00,2.932532882533403829e+00,2.720725261295976694e+00,1.079686230691002891e+00,2.413058945800912181e-01,1.333839362927361494e+00,1.894942546884484047e+00,1.086354565419812346e+00,1.568923167409832509e+00,1.593549384195076524e+00,2.228557134709518439e-01,2.283641699747795961e-01,8.562482493017063989e-01,7.997738590412499515e-02
1.893221908062020509e+00,5.778058043697033019e-01,6.364001152118522464e-01,4.341676998008312527e-01,1.891856620847023551e+00,9.558262571688185272e-01,3.369998893657308425e+00,2.701364795353168091e+00,2.149973021534485440e+00,3.100023401732549200e+00,4.203044576078125871e+00,2.485174562745048554e+00,9.434157598714172366e-01,3.644415848725985452e+00,3.717300104308200570e+00,2.843384728274051199e+00,3.544941824148604148e+00,4.378496647750519166e+00,3.955301096759333390e+00,3.914359836378821011e+00,3.078560420049167856e+00,1.126082142982268053e+00,6.667229510026267958e-01,1.310963831724893947e+00,4.181577458536928305e+00,3.777192153155056076e+00,3.567337136367132455e+00,3.199841686794189677e+00,3.495503796438274691e+00,3.367315669285828150e+00,4.323022691118589833e+00,4.363507566293495010e+00,3.300490991622492043e+00,2.370903648206118319e+00,1.790469464707804548e-01,2.969462394288031160e+00,5.061012319458606079e+00,4.592235490812074161e+00,4.346923181303996131e+00,3.867227974904676291e+00,3.842290913732755886e+00,4.409889468736367668e+00,4.839654883504933558e+00,4.543205412309708535e+00,3.984366909996011508e+00,2.102369306049975961e+00,5.838861672024490135e-01,4.469367106424400049e+00,5.576940974604828405e+00,5.156555767771174636e+00,4.470223862176503360e+00,3.802305176193458536e+00,4.226039683234875888e+00,4.157034904836861777e+00,4.051534812283911435e+00,3.946156348855081042e+00,2.339878196509438180e+00,5.828182981426153209e-01,7.270902551934893543e-01,3.020641714648518938e+00,2.668886822320851948e+00,2.505739963871746134e+00,3.858437560293153989e+00,4.405833445000965298e+00,3.624539578316984034e+00,2.932727496483538143e+00,2.720801697005708508e+00,1.079770492588376873e+00,2.413082463415454904e-01,1.333916269168401447e+00,1.895069582090555649e+00,1.086399342569503990e+00,1.569065580559258377e+00,1.593610053817755334e+00,2.228728950770004491e-01,2.283641700142398645e-01,8.563766446521127174e-01,7.998625641552507826e-02
1.893222272373883408e+00,5.778128583389752215e-01,6.364006431859993151e-01,4.341676997416294981e-01,1.891856690923862772e+00,9.558264710946769993e-01,3.369999429512700928e+00,2.701398843509037917e+00,2.149973503763053184e+00,3.100023575437312218e+00,4.203044858854931398e+00,2.485181573732255345e+00,9.434157598119061738e-01,3.644415970210709954e+00,3.717300565269120227e+00,2.843386144945395877e+00,3.544945618157095968e+00,4.378497250691171239e+00,3.955323437285858557e+00,3.914383229017316612e+00,3.078566231729605640e+00,1.126114377010422052e+00,6.667634839751301890e-01,1.310964907043117300e+00,4.181579404069732497e+00,3.777194332338801974e+00,3.567338835814288345e+00,3.199858085541314789e+00,3.495521033299192393e+00,3.367360452024676043e+00,4.323094829478063339e+00,4.363607499215079955e+00,3.300637915776931219e+00,2.371058259843883409e+00,1.790554450325851088e-01,2.969462531293596719e+00,5.061014017248653296e+00,4.592236448009963112e+00,4.346923858740510127e+00,3.867230273636684590e+00,3.842296864060474881e+00,4.409894025784825367e+00,4.839686367481955465e+00,4.543243010199773835e+00,3.984536828070303294e+00,2.102588783134484274e+00,5.839373327174142148e-01,4.469386414862245971e+00,5.576960979916978367e+00,5.156585732123685872e+00,4.470233677652425186e+00,3.802346112427751113e+00,4.226067811813591035e+00,4.157044595269397291e+00,4.051586147371011748e+00,3.946163479044125122e+00,2.340016328712091198e+00,5.828955503882523592e-01,7.270904544619023468e-01,3.020649152945647398e+00,2.668994547799398820e+00,2.505807845239788723e+00,3.858652709791571933e+00,4.405915996229868625e+00,3.624700757960257924e+00,2.932913351358751530e+00,2.720874692537858852e+00,1.079850962071700282e+00,2.413104922523540141e-01,1.333989714053844367e+00,1.895190899765967218e+00,1.086442104411056153e+00,1.569201584056209464e+00,1.593667992853462057e+00,2.228893033795714407e-01,2.283641700585379020e-01,8.564992612549200413e-01,7.999472768343265927e-02
1.893222620285327062e+00,5.778195948237068169e-01,6.364011473937668528e-01,4.341676996814392009e-01,1.891856757843084269e+00,9.558266753886180966e-01,3.369999941246899944e+00,2.701431359241688757e+00,2.149973964283971029e+00,3.100023741320347082e+00,4.203045128900977367e+00,2.485188269169421371e+00,9.434157597514021276e-01,3.644416086224068430e+00,3.717301005479707765e+00,2.843387497852332135e+00,3.544949241403253737e+00,4.378497826491284606e+00,3.955344772319311808e+00,3.914405568809951053e+00,3.078571781837648569e+00,1.126145160264584444e+00,6.668021926595651960e-01,1.310965933960330787e+00,4.181581262035351187e+00,3.777196413439401379e+00,3.567340458769979517e+00,3.199873746219448201e+00,3.495537494369828746e+00,3.367403219204542442e+00,4.323163721072718069e+00,4.363702934410495615e+00,3.300778227251156771e+00,2.371205912807785587e+00,1.790635610923446419e-01,2.969462662129080055e+00,5.061015638621761070e+00,4.592237362122949307e+00,4.346924505683197992e+00,3.867232468904461484e+00,3.842302546575499189e+00,4.409898377728494800e+00,4.839716434442825843e+00,4.543278915902194903e+00,3.984699098567394682e+00,2.102798382118612697e+00,5.839861954005389766e-01,4.469404854273374639e+00,5.576980084837968477e+00,5.156614347854262093e+00,4.470243051355223152e+00,3.802385206224089487e+00,4.226094674393881867e+00,4.157053849556718639e+00,4.051635171994711904e+00,3.946170288317940145e+00,2.340148243937486328e+00,5.829693257056955957e-01,7.270906447579412735e-01,3.020656256460369615e+00,2.669097424828656973e+00,2.505872671439052457e+00,3.858858175963399972e+00,4.405994832037536391e+00,3.624854683320630322e+00,2.933090841382310465e+00,2.720944402725875566e+00,1.079927809827674334e+00,2.413126370765317774e-01,1.334059853370316961e+00,1.895306757241949525e+00,1.086482941648234224e+00,1.569331466382550389e+00,1.593723324198807800e+00,2.229049731830057557e-01,2.283641701080234843e-01,8.566163591965981761e-01,8.000281767673403377e-02
1.893222952534445280e+00,5.778260281130098708e-01,6.364016289047714769e-01,4.341676996202582517e-01,1.891856821746757733e+00,9.558268704841027530e-01,3.370000429945491760e+00,2.701462411521479812e+00,2.149974404074197487e+00,3.100023899733643340e+00,4.203045386789197480e+00,2.485194663258591508e+00,9.434157596899029885e-01,3.644416197012264380e+00,3.717301425873835274e+00,2.843388789864683464e+00,3.544952701572601672e+00,4.378498376372335521e+00,3.955365147114289215e+00,3.914426903142547154e+00,3.078577082145946608e+00,1.126174558040293761e+00,6.668391591623727965e-01,1.310966914654891680e+00,4.181583036374910023e+00,3.777198400871275563e+00,3.567342008676841925e+00,3.199888702047119615e+00,3.495553214566450961e+00,3.367444061540477485e+00,4.323229512030994037e+00,4.363794074310719751e+00,3.300912223664758560e+00,2.371346920289693294e+00,1.790713118654397584e-01,2.969462787072133292e+00,5.061017187017209373e+00,4.592238235090125187e+00,4.346925123504463251e+00,3.867234565364620735e+00,3.842307973331338111e+00,4.409902533798566004e+00,4.839745148163730804e+00,4.543313205577915070e+00,3.984854065684912960e+00,2.102998547590072764e+00,5.840328588962863110e-01,4.469422463770383658e+00,5.576998329892028927e+00,5.156641675660841528e+00,4.470252003167916044e+00,3.802422540505793425e+00,4.226120327955016798e+00,4.157062687328547668e+00,4.051681990142947498e+00,3.946176791120042271e+00,2.340274221995645831e+00,5.830397805824506507e-01,7.270908264853821468e-01,3.020663040260328280e+00,2.669195671624743582e+00,2.505934579974735232e+00,3.859054394630080154e+00,4.406070119645422167e+00,3.625001680894567535e+00,2.933260343034513440e+00,2.721010975434554613e+00,1.080001198860833789e+00,2.413146853636794764e-01,1.334126835892896379e+00,1.895417400267923824e+00,1.086521940902464900e+00,1.569455503036328414e+00,1.593776165219146890e+00,2.229199377251924463e-01,2.283641701630783061e-01,8.567281868578031645e-01,8.001054355558671893e-02
1.893223269826113109e+00,5.778321718528816042e-01,6.364020887404908677e-01,4.341676995580859844e-01,1.891856882770559967e+00,9.558270567950845065e-01,3.370000896645203081e+00,2.701492066214593812e+00,2.149974824066720913e+00,3.100024051013348991e+00,4.203045633066738063e+00,2.485200769562614820e+00,9.434157596274082014e-01,3.644416302810424835e+00,3.717301827343345355e+00,2.843390023723112225e+00,3.544956006004758908e+00,4.378498901500829987e+00,3.955384604888595224e+00,3.914447277268215952e+00,3.078582143897294898e+00,1.126202632694306871e+00,6.668744618945972036e-01,1.310967851207116341e+00,4.181584730852155651e+00,3.777200298850166948e+00,3.567343488822568798e+00,3.199902984747779122e+00,3.495568227233837089e+00,3.367483065664683028e+00,4.323292341904471314e+00,4.363881112235834081e+00,3.301040189242238743e+00,2.371481581385519899e+00,1.790787137924330363e-01,2.969462906387914103e+00,5.061018665719489995e+00,4.592239068763311671e+00,4.346925713514941059e+00,3.867236567464195307e+00,3.842313155839005123e+00,4.409906502810757800e+00,4.839772569550455650e+00,4.543345951960071183e+00,3.985002058129041735e+00,2.103189704126835480e+00,5.840774221843531011e-01,4.469439280705515216e+00,5.577015753779501317e+00,5.156667773509506780e+00,4.470260552078641147e+00,3.802458194464021446e+00,4.226144826911775176e+00,4.157071127331123606e+00,4.051726701123428143e+00,3.946183001243884991e+00,2.340394530103068416e+00,5.831070644629283706e-01,7.270910000298296261e-01,3.020669518735012105e+00,2.669289496582436083e+00,2.505993702163284986e+00,3.859241781997860610e+00,4.406142018748778533e+00,3.625142062483776684e+00,2.933422215851258397e+00,2.721074551873682523e+00,1.080071284839303258e+00,2.413166414586340458e-01,1.334190803700682215e+00,1.895523063532769781e+00,1.086559184896572106e+00,1.569573957116141782e+00,1.593826627997525280e+00,2.229342287480708118e-01,2.283641702241199500e-01,8.568349814402262954e-01,8.001792170781862890e-02
1.893223572833483193e+00,5.778380390751491902e-01,6.364025278764297022e-01,4.341676994949232871e-01,1.891856941044062879e+00,9.558272347168871308e-01,3.370001342336103267e+00,2.701520386222748815e+00,2.149975225152541025e+00,3.100024195480484135e+00,4.203045868256122475e+00,2.485206601033912666e+00,9.434157595639187655e-01,3.644416403843094621e+00,3.717302210739941604e+00,2.843391202044932786e+00,3.544959161709009710e+00,4.378499402990772005e+00,3.955403186914915104e+00,3.914466734403343473e+00,3.078586977828481341e+00,1.126229443776865624e+00,6.669081757382058218e-01,1.310968745603693586e+00,4.181586349061439556e+00,3.777202111402078177e+00,3.567344902346884172e+00,3.199916624617089589e+00,3.495582564216004329e+00,3.367520314310271434e+00,4.323352343963875910e+00,4.363964232805088272e+00,3.301162395415891737e+00,2.371610181729647771e+00,1.790857825739415321e-01,2.969463020329647485e+00,5.061020077865267197e+00,4.592239864910985681e+00,4.346926276966281755e+00,3.867238479450072486e+00,3.842318105091434788e+00,4.409910293184015728e+00,4.839798756767575760e+00,4.543377224508272860e+00,3.985143389811752090e+00,2.103372257197719364e+00,5.841199797896191592e-01,4.469455340749886041e+00,5.577032393458925874e+00,5.156692696757439798e+00,4.470268716220930472e+00,3.802492243725744014e+00,4.226168223229870513e+00,4.157079187466967696e+00,4.051769399774279634e+00,3.946188931862116611e+00,2.340509423449531390e+00,5.831713200654362605e-01,7.270911657595351407e-01,3.020675705626278962e+00,2.669379098717203025e+00,2.506050163410936893e+00,3.859420735540624481e+00,4.406210681855387001e+00,3.625276125856577547e+00,2.933576803186664250e+00,2.721135266897560800e+00,1.080138216424989972e+00,2.413185095106847589e-01,1.334251892478165669e+00,1.895623971162631261e+00,1.086594752630242633e+00,1.569687079879207747e+00,1.593874819572423274e+00,2.229478765649595129e-01,2.283641702916060778e-01,8.569369694697310802e-01,8.002496778368910213e-02
1.893223862199412855e+00,5.778436422251135296e-01,6.364029472441898871e-01,4.341676994307727688e-01,1.891856996691008819e+00,9.558274046270439639e-01,3.370001767963702211e+00,2.701547431616622141e+00,2.149975608182557618e+00,3.100024333441622648e+00,4.203046092856357774e+00,2.485212170041953605e+00,9.434157594994374563e-01,3.644416500324713759e+00,3.717302576876997833e+00,2.843392327329661295e+00,3.544962175379171132e+00,4.378499881906028790e+00,3.955420932608359141e+00,3.914485315819260958e+00,3.078591594193059944e+00,1.126255048158011807e+00,6.669403722049245253e-01,1.310969599741897973e+00,4.181587894435344843e+00,3.777203842371815057e+00,3.567346252248203786e+00,3.199929650587185037e+00,3.495596255923755002e+00,3.367555886486754080e+00,4.323409645481763874e+00,4.364043612328496025e+00,3.301279101401549454e+00,2.371732994100796077e+00,1.790925332039401408e-01,2.969463129139162660e+00,5.061021426450036387e+00,4.592240625222033579e+00,4.346926815053807402e+00,3.867240305378001342e+00,3.842322831586800991e+00,4.409913912958375981e+00,4.839823765361831676e+00,4.543407089555931755e+00,3.985278360516651297e+00,2.103546594022444260e+00,5.841606219826477320e-01,4.469470677969150429e+00,5.577048284225436525e+00,5.156716498270340843e+00,4.470276512912175093e+00,3.802524760514160107e+00,4.226190566536176085e+00,4.157086884832857265e+00,4.051810176665214591e+00,3.946194595554520124e+00,2.340619145739383455e+00,5.832326836849042184e-01,7.270913240261781540e-01,3.020681614057502351e+00,2.669464668087345061e+00,2.506104083479718803e+00,3.859591634842985730e+00,4.406276254609051257e+00,3.625404155379511995e+00,2.933724432941373195e+00,2.721193249291049998e+00,1.080202135588915313e+00,2.413202934823746315e-01,1.334310231803034652e+00,1.895720337196319383e+00,1.086628719547596544e+00,1.569795111274312926e+00,1.593920842164799678e+00,2.229609101248554159e-01,2.283641703660399813e-01,8.570343672768450105e-01,8.003169672908537480e-02
1.893224138537828116e+00,5.778489931879461361e-01,6.364033477334463118e-01,4.341676993656391481e-01,1.891857049829571924e+00,9.558275668860987118e-01,3.370002174430957620e+00,2.701573259763266233e+00,2.149975973969376231e+00,3.100024465189543221e+00,4.203046307343992538e+00,2.485217488399490193e+00,9.434157594339691588e-01,3.644416592460073545e+00,3.717302926531281138e+00,2.843393401964321221e+00,3.544965053407790556e+00,4.378500339262589414e+00,3.955437879610067320e+00,3.914503060929785949e+00,3.078596002783100971e+00,1.126279500148215762e+00,6.669711195879237664e-01,1.310970415433614589e+00,4.181589370251963977e+00,3.777205495431140481e+00,3.567347541389994880e+00,3.199942090288042440e+00,3.495609331399181841e+00,3.367589857647629970e+00,4.323464368002485791e+00,4.364119419180817694e+00,3.301390554748412587e+00,2.371850279000622397e+00,1.790989800015660161e-01,2.969463233047408668e+00,5.061022714334473704e+00,4.592241351309329644e+00,4.346927328919043987e+00,3.867242049121195624e+00,3.842327345350783574e+00,4.409917369812013987e+00,4.839847648379951295e+00,4.543435610450968554e+00,3.985407256534865272e+00,2.103713084392975219e+00,5.841994349711616685e-01,4.469485324895758005e+00,5.577063459785629007e+00,5.156739228534563679e+00,4.470283958690359327e+00,3.802555813801891560e+00,4.226211904223989180e+00,4.157094235756091827e+00,4.051849118289638341e+00,3.946200004334697642e+00,2.340723929708473428e+00,5.832912854819838344e-01,7.270914751656123443e-01,3.020687256561409573e+00,2.669546386197133359e+00,2.506155576741481816e+00,3.859754842405439756e+00,4.406338876098527813e+00,3.625526422620520606e+00,2.933865418258071678e+00,2.721248622042740095e+00,1.080263177912355488e+00,2.413219971579056988e-01,1.334365945421026156e+00,1.895812366039317132e+00,1.086661157697213609e+00,1.569898280450776618e+00,1.593964793394915702e+00,2.229733570738383630e-01,2.283641704479766332e-01,8.571273814556251702e-01,8.003812281722501309e-02
1.893224402435025988e+00,5.778541033139001915e-01,6.364037301938340052e-01,4.341676992995290862e-01,1.891857100572610806e+00,9.558277218383701701e-01,3.370002562600189489e+00,2.701597925447793980e+00,2.149976323289032099e+00,3.100024591003849750e+00,4.203046512174133831e+00,2.485222567387615822e+00,9.434157593675207565e-01,3.644416680444750423e+00,3.717303260444601243e+00,2.843394428228503745e+00,3.544967801899706394e+00,4.378500776030718633e+00,3.955454063867052561e+00,3.914520007374823862e+00,3.078600212949962334e+00,1.126302851613576461e+00,6.670004831066776996e-01,1.310971194409183305e+00,4.181590779641852329e+00,3.777207074086563754e+00,3.567348772506848675e+00,3.199953970106087286e+00,3.495621818377271151e+00,3.367622299850433709e+00,4.323516627599997442e+00,4.364191814158702165e+00,3.301496991864135033e+00,2.371962285206280274e+00,1.791051366414915802e-01,2.969463332274942413e+00,5.061023944250506723e+00,4.592242044713159999e+00,4.346927819652141700e+00,3.867243714378550301e+00,3.842331655957834879e+00,4.409920671077532717e+00,4.839870456481168759e+00,4.543462847690180162e+00,3.985530351272300820e+00,2.103872081457902166e+00,5.842365010829012606e-01,4.469499312597959850e+00,5.577077952329051236e+00,5.156760935764205911e+00,4.470291069349135782e+00,3.802585469457283818e+00,4.226232281553562231e+00,4.157101255829124042e+00,4.051886307248113717e+00,3.946205169675553126e+00,2.340823997617814456e+00,5.833472497591374317e-01,7.270916194985782566e-01,3.020692645106666685e+00,2.669624426381804749e+00,2.506204752420499116e+00,3.859910704413275884e+00,4.406398679152548681e+00,3.625643186924976558e+00,2.934000058185708415e+00,2.721301502605824929e+00,1.080321472874427036e+00,2.413236241511661218e-01,1.334419151508406731e+00,1.895900252897350313e+00,1.086692135884958832e+00,1.569996806244507548e+00,1.594006766489400650e+00,2.229852438137125969e-01,2.283641705380299869e-01,8.572162093018727003e-01,8.004425967893162575e-02
1.893224654450919253e+00,5.778589834423859539e-01,6.364040954367508052e-01,4.341676992324517981e-01,1.891857149027907026e+00,9.558278698126829731e-01,3.370002933294909742e+00,2.701621480989585322e+00,2.149976656882634618e+00,3.100024711151563750e+00,4.203046707781404656e+00,2.485227417779693582e+00,9.434157593001016862e-01,3.644416764465521208e+00,3.717303579325383467e+00,2.843395408299203453e+00,3.544970426684997289e+00,4.378501193137013026e+00,3.955469519708447734e+00,3.914536191100208562e+00,3.078604233624123054e+00,1.126325152085836612e+00,6.670285250453035220e-01,1.310971938321068730e+00,4.181592125594672638e+00,3.777208581686776867e+00,3.567349948210283284e+00,3.199965315240163477e+00,3.495633743344732203e+00,3.367653281909579910e+00,4.323566535124070853e+00,4.364260950821761575e+00,3.301598638516276996e+00,2.372069250298111331e+00,1.791110161829304603e-01,2.969463427032396741e+00,5.061025118807109813e+00,4.592242706904491101e+00,4.346928288294194864e+00,3.867245304682487284e+00,3.842335772551490169e+00,4.409923823757519123e+00,4.839892238044678940e+00,4.543488859047562833e+00,3.985647905829574178e+00,2.104023922471514929e+00,5.842718989402535534e-01,4.469512670745709570e+00,5.577091792596489128e+00,5.156781666003375619e+00,4.470297859971331000e+00,3.802613790384121728e+00,4.226251741748102475e+00,4.157107959942632824e+00,4.051921822423570241e+00,3.946210102533627140e+00,2.340919561725030018e+00,5.834006952243001587e-01,7.270917573313836479e-01,3.020697791123261755e+00,2.669698954175228067e+00,2.506251714825145083e+00,3.860059551470881978e+00,4.406455790621573776e+00,3.625754695965792251e+00,2.934128638313817206e+00,2.721352003147239351e+00,1.080377144126730027e+00,2.413251779133958885e-01,1.334469962922641750e+00,1.895984184190446564e+00,1.086721719819927934e+00,1.570090897642184791e+00,1.594046850478999078e+00,2.229965955580085757e-01,2.283641706368811641e-01,8.573010392316234851e-01,8.005012033154779161e-02
1.893224895120222406e+00,5.778636439249625889e-01,6.364044442370785370e-01,4.341676991644188854e-01,1.891857195298394023e+00,9.558280111230653686e-01,3.370003287301570172e+00,2.701643976353262921e+00,2.149976975457942974e+00,3.100024825887693236e+00,4.203046894580870330e+00,2.485232049864208648e+00,9.434157592317237162e-01,3.644416844700758773e+00,3.717303883850171520e+00,2.843396344255439079e+00,3.544972933331348219e+00,4.378501591466370080e+00,3.955484279918323409e+00,3.914551646433947152e+00,3.078608073334128115e+00,1.126346448867446615e+00,6.670553048846744604e-01,1.310972648747364744e+00,4.181593410965531277e+00,3.777210021429759923e+00,3.567351070994282392e+00,3.199976149754983012e+00,3.495645131596178512e+00,3.367682869542326873e+00,4.323614196435417334e+00,4.364326975818290322e+00,3.301695710311189025e+00,2.372171401163582605e+00,1.791166310973381082e-01,2.969463517520927631e+00,5.061026240495838380e+00,4.592243339288088144e+00,4.346928735839440172e+00,3.867246823406448097e+00,3.842339703863760114e+00,4.409926834539392715e+00,4.839913039272259354e+00,4.543513699696858588e+00,3.985760169555844445e+00,2.104168929509167008e+00,5.843057036270201676e-01,4.469525427673594287e+00,5.577105009945167780e+00,5.156801463223859905e+00,4.470304344960934984e+00,3.802640836655057477e+00,4.226270326085455942e+00,4.157114362317110512e+00,4.051955739148624502e+00,3.946214813372340036e+00,2.341010824734581330e+00,5.834517352426757952e-01,7.270918889565536336e-01,3.020702705526753906e+00,2.669770127661026837e+00,2.506296563569147651e+00,3.860201699303003053e+00,4.406510331646853906e+00,3.625861186268767078e+00,2.934251431378291031e+00,2.721400230785576468e+00,1.080430309755629814e+00,2.413266617405076531e-01,1.334518487441780588e+00,1.896064337948357048e+00,1.086749972253827190e+00,1.570180754224546060e+00,1.594085130387416838e+00,2.230074363854646080e-01,2.283641707452888081e-01,8.573820511808041278e-01,8.005571720654680590e-02
1.893225124953588301e+00,5.778680946472958269e-01,6.364047773348269210e-01,4.341676990954447812e-01,1.891857239482375608e+00,9.558281460694149079e-01,3.370003625371229106e+00,2.701665459254674939e+00,2.149977279690864496e+00,3.100024935455770958e+00,4.203047072968920439e+00,2.485236473466591267e+00,9.434157591624016126e-01,3.644416921320811742e+00,3.717304174665063243e+00,2.843397238082659317e+00,3.544975327155861056e+00,4.378501971863862252e+00,3.955498375805227784e+00,3.914566406159035505e+00,3.078611740224677540e+00,1.126366787131899860e+00,6.670808794285876253e-01,1.310973327195143368e+00,4.181594638481039183e+00,3.777211396369563268e+00,3.567352143240585249e+00,3.199986496632170940e+00,3.495656007287782696e+00,3.367711125508173531e+00,4.323659712630237628e+00,4.364390029196323795e+00,3.301788413151341750e+00,2.372268954478547354e+00,1.791219932948657223e-01,2.969463603932642304e+00,5.061027311696110864e+00,4.592243943205494894e+00,4.346929163237376770e+00,3.867248273772049938e+00,3.842343458233655085e+00,4.409929709809594200e+00,4.839932904286266435e+00,4.543537422328582487e+00,3.985867380577713170e+00,2.104307410150437985e+00,5.843379868476814565e-01,4.469537610440939446e+00,5.577117632411021653e+00,5.156820369418391614e+00,4.470310538073657192e+00,3.802666665639032217e+00,4.226288073985663196e+00,4.157120476533027187e+00,4.051988129365369673e+00,3.946219312184182648e+00,2.341097980227730968e+00,5.835004780771997357e-01,7.270920146534514128e-01,3.020707398741425465e+00,2.669838097807893718e+00,2.506339393782882397e+00,3.860337449424432243e+00,4.406562417917391450e+00,3.625962883714290097e+00,2.934368697839891293e+00,2.721446287818304111e+00,1.080481082532734449e+00,2.413280787800780036e-01,1.334564827993068414e+00,1.896140884188181275e+00,1.086776953114077182e+00,1.570266566589725299e+00,1.594121687411668153e+00,2.230177892911012205e-01,2.283641708641008239e-01,8.574594169868999805e-01,8.006106217590171215e-02
1.893225344438689728e+00,5.778723450501263015e-01,6.364050954367030943e-01,4.341676990255469160e-01,1.891857281673734903e+00,9.558282749381356025e-01,3.370003948221146128e+00,2.701685975262106520e+00,2.149977570226889956e+00,3.100025040088373984e+00,4.203047243324106397e+00,2.485240697970057866e+00,9.434157590921530279e-01,3.644416994488365535e+00,3.717304452387080183e+00,2.843398091676958561e+00,3.544977613236333092e+00,4.378502335136534640e+00,3.955511837268596675e+00,3.914580501582996863e+00,3.078615242073903691e+00,1.126386210019550971e+00,6.671053029242521859e-01,1.310973975103650657e+00,4.181595810745093011e+00,3.777212709422787196e+00,3.567353167223739074e+00,3.199996377819013471e+00,3.495666393488513712e+00,3.367738109741978736e+00,4.323703180254655720e+00,4.364450244700704751e+00,3.301876943672072517e+00,2.372362117166844975e+00,1.791271141496234010e-01,2.969463686451005113e+00,5.061028334680260699e+00,4.592244519937880298e+00,4.346929571394769098e+00,3.867249658855920202e+00,3.842347043624871450e+00,4.409932455667130213e+00,4.839951875223230005e+00,4.543560077261793673e+00,3.985969766304325645e+00,2.104439658131552982e+00,5.843688170794909542e-01,4.469549244889206463e+00,5.577129686768166117e+00,5.156838424689725642e+00,4.470316452446102318e+00,3.802691332122964951e+00,4.226305023094575120e+00,4.157126315559633412e+00,4.052019061777976106e+00,3.946223608511914893e+00,2.341181213073153966e+00,5.835470271181796287e-01,7.270921346888707948e-01,3.020711880722392273e+00,2.669903008789815679e+00,2.506380296315158240e+00,3.860467089779567651e+00,4.406612159915327176e+00,3.626060004016463001e+00,2.934480686436720998e+00,2.721490271938750816e+00,1.080529570154098007e+00,2.413294320380241498e-01,1.334609082871270003e+00,1.896213985274996627e+00,1.086802719630927561e+00,1.570348516757537283e+00,1.594156599094304960e+00,2.230276762349970854e-01,2.283641709942688947e-01,8.575333007534456931e-01,8.006616657726753350e-02
1.893225554041254810e+00,5.778764041492959747e-01,6.364053992176115226e-01,4.341676989547460508e-01,1.891857321962133742e+00,9.558283980027452165e-01,3.370004256536302645e+00,2.701705567892936699e+00,2.149977847682463139e+00,3.100025140007615754e+00,4.203047406007946130e+00,2.485244732335515128e+00,9.434157590209991673e-01,3.644417064358786984e+00,3.717304717605479425e+00,2.843398906849096353e+00,3.544979796422027096e+00,4.378502682055111173e+00,3.955524692862173008e+00,3.914593962604285604e+00,3.078618586309869620e+00,1.126404758729123268e+00,6.671286271773552157e-01,1.310974593847360481e+00,4.181596930244400490e+00,3.777213963374765893e+00,3.567354145115924524e+00,3.200005814275010518e+00,3.495676312229071048e+00,3.367763879481092903e+00,4.323744691509510574e+00,4.364507750056767499e+00,3.301961489658675752e+00,2.372451086839210799e+00,1.791320045238063985e-01,2.969463765251227905e+00,5.061029311618350235e+00,4.592245070708758092e+00,4.346929961177582236e+00,3.867250981596221049e+00,3.842350467642685619e+00,4.409935077936514070e+00,4.839969992323226222e+00,4.543581712550824214e+00,3.986067543909733946e+00,2.104565953968437153e+00,5.843982597177254101e-01,4.469560355696801324e+00,5.577141198585686688e+00,5.156855667335699778e+00,4.470322100623634221e+00,3.802714888427960460e+00,4.226321209363707254e+00,4.157131891782473332e+00,4.052048601998423649e+00,3.946227711468806465e+00,2.341260699819069924e+00,5.835914811026001736e-01,7.270922493176027457e-01,3.020716160976721465e+00,2.669964998291887159e+00,2.506419357925919300e+00,3.860590895353181118e+00,4.406659663150295003e+00,3.626152753180657218e+00,2.934587634711832038e+00,2.721532276443326737e+00,1.080575875468659852e+00,2.413307243849801831e-01,1.334651345947164947e+00,1.896283796266257093e+00,1.086827326458850385e+00,1.570426778555566116e+00,1.594189939487896668e+00,2.230371181888693433e-01,2.283641711368659122e-01,8.576038591981107739e-01,8.007104123803017448e-02
1.893225754206055544e+00,5.778802805548709509e-01,6.364056893220850775e-01,4.341676988830663886e-01,1.891857360433202961e+00,9.558285155244555797e-01,3.370004550970855828e+00,2.701724278705944560e+00,2.149978112646287798e+00,3.100025235425617254e+00,4.203047561365691465e+00,2.485248585120566123e+00,9.434157589489647888e-01,3.644417131080455174e+00,3.717304970882999715e+00,2.843399685328339199e+00,3.544981881343959085e+00,4.378503013355633300e+00,3.955536969854575702e+00,3.914606817775710290e+00,3.078621780026324917e+00,1.126422472605097536e+00,6.671509016619489030e-01,1.310975184738889965e+00,4.181597999353751760e+00,3.777215160885479150e+00,3.567355078991562234e+00,3.200014826016333913e+00,3.495685784548614006e+00,3.367788489386766670e+00,4.323784334445924138e+00,4.364562667241267846e+00,3.302042230444721227e+00,2.372536052212439017e+00,1.791366747907356671e-01,2.969463840500642604e+00,5.061030244582783055e+00,4.592245596686578502e+00,4.346930333412811542e+00,3.867252244798883964e+00,3.842353737550085135e+00,4.409937582180116777e+00,4.839987294015235086e+00,4.543602374087210016e+00,3.986160920793556439e+00,2.104686565551727728e+00,5.844263772143964975e-01,4.469570966431425596e+00,5.577152192281874754e+00,5.156872133930470170e+00,4.470327494586989303e+00,3.802737384520292974e+00,4.226336667126490809e+00,4.157137217029655218e+00,4.052076812685670326e+00,3.946231629757968040e+00,2.341336609067726116e+00,5.836339343235581456e-01,7.270923587829758450e-01,3.020720248583597112e+00,2.670024197802359556e+00,2.506456661470273684e+00,3.860709128753696540e+00,4.406705028383216316e+00,3.626241327940483483e+00,2.934689769517084379e+00,2.721572390429416899e+00,1.080620096696400578e+00,2.413319585623864283e-01,1.334691706866661276e+00,1.896350465240690619e+00,1.086850825792469832e+00,1.570501517987876738e+00,1.594221779312104070e+00,2.230461351805578807e-01,2.283641712931065715e-01,8.576712419851187930e-01,8.007569649827282754e-02
1.893225945357850160e+00,5.778839824894055344e-01,6.364059663656527199e-01,4.341676988105361845e-01,1.891857397168724031e+00,9.558286277527273667e-01,3.370004832149525953e+00,2.701742147389462279e+00,2.149978365680577763e+00,3.100025326544957771e+00,4.203047709727062653e+00,2.485252264497663344e+00,9.434157588760784252e-01,3.644417194795076753e+00,3.717305212757058719e+00,2.843400428766128751e+00,3.544983872424719795e+00,4.378503329741018746e+00,3.955548694287137845e+00,3.914619094364996776e+00,3.078624829997752776e+00,1.126439389221165488e+00,6.671721736253917179e-01,1.310975749031783932e+00,4.181599020341061568e+00,3.777216304495192745e+00,3.567355970831713741e+00,3.200023432158285441e+00,3.495694830539388231e+00,3.367811991660094151e+00,4.323822193152071947e+00,4.364615112741106806e+00,3.302119337292445778e+00,2.372617193509673594e+00,1.791411348568612283e-01,2.969463912359054714e+00,5.061031135552690685e+00,4.592246098987208036e+00,4.346930688890236816e+00,3.867253451143559229e+00,3.842356860283175024e+00,4.409939973709965599e+00,4.840003816998653008e+00,4.543622105697033398e+00,3.986250095020897000e+00,2.104801748715004361e+00,5.844532292107214033e-01,4.469581099600065777e+00,5.577162691176025255e+00,5.156887859402092822e+00,4.470332645777689962e+00,3.802758868117389834e+00,4.226351429171107732e+00,4.157142302596940731e+00,4.052103753678563791e+00,3.946235371690811178e+00,2.341409101833025197e+00,5.836744768302700725e-01,7.270924633173725393e-01,3.020724152213579039e+00,2.670080732891544795e+00,2.506492286074243125e+00,3.860822040770218511e+00,4.406748351840030331e+00,3.626325916175087372e+00,2.934787307494332254e+00,2.721610698984370469e+00,1.080662327636679354e+00,2.413331371883045418e-01,1.334730251240946020e+00,1.896414133612394082e+00,1.086873267477274307e+00,1.570572893587131702e+00,1.594252186103687574e+00,2.230547463365072924e-01,2.283641714643736276e-01,8.577355920427053304e-01,8.008014223270887300e-02
1.893226127902285505e+00,5.778875178053837214e-01,6.364062309361457892e-01,4.341676987371877461e-01,1.891857432246803361e+00,9.558287349257988952e-01,3.370005100668922449e+00,2.701759211845558006e+00,2.149978607322248880e+00,3.100025413559105658e+00,4.203047851406942037e+00,2.485255778271444616e+00,9.434157588023730501e-01,3.644417255637984354e+00,3.717305443740890780e+00,2.843401138739586109e+00,3.544985773887858294e+00,4.378503631882555425e+00,3.955559891029145181e+00,3.914630818412625501e+00,3.078627742693740288e+00,1.126455544459931124e+00,6.671924881885670233e-01,1.310976287923173667e+00,4.181599995372176082e+00,3.777217396629846569e+00,3.567356822528284788e+00,3.200031650955842633e+00,3.495703469389346729e+00,3.367834436152738142e+00,4.323858347931541779e+00,4.364665197800417396e+00,3.302192973756022276e+00,2.372694682842688252e+00,1.791453941827754193e-01,2.969463980979083484e+00,5.061031986418138118e+00,4.592246578676300928e+00,4.346931028364101834e+00,3.867254603189302031e+00,3.842359842465890463e+00,4.409942257599015036e+00,4.840019596321136319e+00,4.543640949233885173e+00,3.986335255742468053e+00,2.104911747777449271e+00,5.844788726636289677e-01,4.469590776696732881e+00,5.577172717537895785e+00,5.156902877106607441e+00,4.470337565122309620e+00,3.802779384789046091e+00,4.226365526810033302e+00,4.157147159271707082e+00,4.052129482122764692e+00,3.946238945204679549e+00,2.341478331882058228e+00,5.837131946190801113e-01,7.270925631427228586e-01,3.020727880146993893e+00,2.670134723478168048e+00,2.506526307302596734e+00,3.860929870904489913e+00,4.406789725415802828e+00,3.626406697307665628e+00,2.934880455534949473e+00,2.721647283365982162e+00,1.080702657867196548e+00,2.413342627629712078e-01,1.334767060828079277e+00,1.896474936430792457e+00,1.086894699115344753e+00,1.570641056750860631e+00,1.594281224359760385e+00,2.230629699223368734e-01,2.283641716522497034e-01,8.577970458662877995e-01,8.008438787162754091e-02
1.893226302226757918e+00,5.778908940018747664e-01,6.364064835949440058e-01,4.341676986630578217e-01,1.891857465742037725e+00,9.558288372711921665e-01,3.370005357098809551e+00,2.701775508270432447e+00,2.149978838084058541e+00,3.100025496652826895e+00,4.203047986706048178e+00,2.485259133895285633e+00,9.434157587278859669e-01,3.644417313738426589e+00,3.717305664324637604e+00,2.843401816754855371e+00,3.544987589766837921e+00,4.378503920421326967e+00,3.955570583830589015e+00,3.914642014787069080e+00,3.078630524292700787e+00,1.126470972589020958e+00,6.672118884415907392e-01,1.310976802556317544e+00,4.181600926515470107e+00,3.777218439606203404e+00,3.567357635888037226e+00,3.200039499842379342e+00,3.495711719422847530e+00,3.367855870472673985e+00,4.323892875473673847e+00,4.364713028656528770e+00,3.302263296028481232e+00,2.372768684576957554e+00,1.791494618032803132e-01,2.969464046506486987e+00,5.061032798984127723e+00,4.592247036771553326e+00,4.346931352554712191e+00,3.867255703380001020e+00,3.842362690424047322e+00,4.409944438691906221e+00,4.840034665452945362e+00,4.543658944667639865e+00,3.986416583595807861e+00,2.105016796062078921e+00,5.845033619665739311e-01,4.469600018248055306e+00,5.577182292634947913e+00,5.156917218898792399e+00,4.470342263055651522e+00,3.802798978054087176e+00,4.226378989946457665e+00,4.157151797355823852e+00,4.052154052591963485e+00,3.946242357879683027e+00,2.341544446061264217e+00,5.837501698158691354e-01,7.270926584709747065e-01,3.020731440291498870e+00,2.670186284083730044e+00,2.506558797319138332e+00,3.861032847878906882e+00,4.406829236869648447e+00,3.626483842686049730e+00,2.934969411218672164e+00,2.721682221174851701e+00,1.080741172933999961e+00,2.413353376741016465e-01,1.334802213706413054e+00,1.896533002667095902e+00,1.086915166166327218e+00,1.570706152062594008e+00,1.594308955674596850e+00,2.230708233815848207e-01,2.283641718585567304e-01,8.578557338079905170e-01,8.008844242089695198e-02
1.893226468701234344e+00,5.778941182404413457e-01,6.364067248781678510e-01,4.341676985881882667e-01,1.891857497725673243e+00,9.558289350061954792e-01,3.370005601983313781e+00,2.701791071231196106e+00,2.149979058455693259e+00,3.100025576002579886e+00,4.203048115911571792e+00,2.485262338487112643e+00,9.434157586526595862e-01,3.644417369219841607e+00,3.717305874976387425e+00,2.843402464250299744e+00,3.544989323913594337e+00,4.378504195969568080e+00,3.955580795372541036e+00,3.914652707237541218e+00,3.078633180694980265e+00,1.126485706333771430e+00,6.672304155352112298e-01,1.310977294023025319e+00,4.181601815746232909e+00,3.777219435636759215e+00,3.567358412636421949e+00,3.200046995466647282e+00,3.495719598139524820e+00,3.367876340085172782e+00,4.323925849016226231e+00,4.364758706765310414e+00,3.302330453273016442e+00,2.372839355680299356e+00,1.791533463465521114e-01,2.969464109080469427e+00,5.061033574974433513e+00,4.592247474244865124e+00,4.346931662149964737e+00,3.867256754049560818e+00,3.842365410198759879e+00,4.409946521615241366e+00,4.840049056357936585e+00,4.543676130169239435e+00,3.986494251088433138e+00,2.105117116390656573e+00,5.845267490649127540e-01,4.469608843856818226e+00,5.577191436777455991e+00,5.156930915199732013e+00,4.470346749542886577e+00,3.802817689472675067e+00,4.226391847137711544e+00,4.157156226687510170e+00,4.052177517203636725e+00,3.946245616954779933e+00,2.341607584607913406e+00,5.837854808502555004e-01,7.270927495045446110e-01,3.020734840198857185e+00,2.670235524075424749e+00,2.506589825039772457e+00,3.861131190121673384e+00,4.406866970010876905e+00,3.626557515946156052e+00,2.935054363232696417e+00,2.721715586518985042e+00,1.080777954532938789e+00,2.413363642019547006e-01,1.334835784440206341e+00,1.896588455487866032e+00,1.086934712043856832e+00,1.570768317598544739e+00,1.594335438870281729e+00,2.230783233727085813e-01,2.283641720854064083e-01,8.579117803531385311e-01,8.009231448106679530e-02
1.893226627679037710e+00,5.778971973603289625e-01,6.364069552978152133e-01,4.341676985126258770e-01,1.891857528265755928e+00,9.558290283383249486e-01,3.370005835842079911e+00,2.701805933739191978e+00,2.149979268904807839e+00,3.100025651776886715e+00,4.203048239297785926e+00,2.485265398844499263e+00,9.434157585767416476e-01,3.644417422200118661e+00,3.717306076143168880e+00,2.843403082599553322e+00,3.544990980006706316e+00,4.378504459111966618e+00,3.955590547315264160e+00,3.914662918444372419e+00,3.078635717535373573e+00,1.126499776946643605e+00,6.672481087680960377e-01,1.310977763365975157e+00,4.181602664950857751e+00,3.777220386834440724e+00,3.567359154421240408e+00,3.200054153728087325e+00,3.495727122251405472e+00,3.367895888409236704e+00,4.323957338500721725e+00,4.364802329016373328e+00,3.302394587939381676e+00,2.372906846055823582e+00,1.791570560524429478e-01,2.969464168833978235e+00,5.061034316035251557e+00,4.592247892024404976e+00,4.346931957806805080e+00,3.867257757426854958e+00,3.842368007559256338e+00,4.409948510787400799e+00,4.840062799561364315e+00,4.543692542191658745e+00,3.986568422963755243e+00,2.105212921556324002e+00,5.845490835660869244e-01,4.469617272243546324e+00,5.577200169361591797e+00,5.156943995061347152e+00,4.470351034100684906e+00,3.802835558734465771e+00,4.226404125655842670e+00,4.157160456662198911e+00,4.052199925729599528e+00,3.946248729343128314e+00,2.341667881447567989e+00,5.838192026219548580e-01,7.270928364367466035e-01,3.020738087080953704e+00,2.670282547898120473e+00,2.506619456278685654e+00,3.861225106230111503e+00,4.406903004876766339e+00,3.626627873359081544e+00,2.935135491771904359e+00,2.721747450170986848e+00,1.080813080682953009e+00,2.413373445241698279e-01,1.334867844237786150e+00,1.896641412516268277e+00,1.086953378207645482e+00,1.570827685220485437e+00,1.594360730121479941e+00,2.230854858044200306e-01,2.283641723352639319e-01,8.579653043843080695e-01,8.009601226561122167e-02
1.893226779497596768e+00,5.779001378929744526e-01,6.364071753428477418e-01,4.341676984364233327e-01,1.891857557427277348e+00,9.558291174657644884e-01,3.370006059171373192e+00,2.701820127320015086e+00,2.149979469878018357e+00,3.100025724136694638e+00,4.203048357126625056e+00,2.485268321459084717e+00,9.434157585001853308e-01,3.644417472791848578e+00,3.717306268251897805e+00,2.843403673114434760e+00,3.544992561559196620e+00,4.378504710406902589e+00,3.955599860344157115e+00,3.914672670067117721e+00,3.078638140195073980e+00,1.126513214273515251e+00,6.672650056701903143e-01,1.310978211580924313e+00,4.181603475930847580e+00,3.777221295217083608e+00,3.567359862816137817e+00,3.200060989810557643e+00,3.495734307718361134e+00,3.367914556909700874e+00,4.323987410720805613e+00,4.364843987938585634e+00,3.302455836066044981e+00,2.372971298859898770e+00,1.791605987899590469e-01,2.969464225893986065e+00,5.061035023738697625e+00,4.592248290996574056e+00,4.346932240152621141e+00,3.867258715640451872e+00,3.842370488015115715e+00,4.409950410427913248e+00,4.840075924214627179e+00,4.543708215547227702e+00,3.986639256550519317e+00,2.105304414774967547e+00,5.845704128448470094e-01,4.469625321286208042e+00,5.577208508910559637e+00,5.156956486228014391e+00,4.470355125817408570e+00,3.802852623742795313e+00,4.226415851545463731e+00,4.157164496252470975e+00,4.052221325701572674e+00,3.946251701646753318e+00,2.341725464478157548e+00,5.838514066596524055e-01,7.270929194522030015e-01,3.020741187825094709e+00,2.670327455295902208e+00,2.506647753887948582e+00,3.861314795413128831e+00,4.406937417902335952e+00,3.626695064162573257e+00,2.935212968921085963e+00,2.721777879718180859e+00,1.080846625891562107e+00,2.413382807203864611e-01,1.334898461102590472e+00,1.896691986081566750e+00,1.086971204251423462e+00,1.570884380855445350e+00,1.594384883074591697e+00,2.230923258694302580e-01,2.283641726110303416e-01,8.580164194334917172e-01,8.009954361835069925e-02
1.893226924479161744e+00,5.779029460758595693e-01,6.364073854802284602e-01,4.341676983596391426e-01,1.891857585272312070e+00,9.558292025777869183e-01,3.370006272445132289e+00,2.701833682080384325e+00,2.149979661801848074e+00,3.100025793235714922e+00,4.203048469648244634e+00,2.485271112530345494e+00,9.434157584230501437e-01,3.644417521102563562e+00,3.717306451710283621e+00,2.843404237047729044e+00,3.544994071925986923e+00,4.378504950387634764e+00,3.955608754213631784e+00,3.914681982790499948e+00,3.078640453813091149e+00,1.126526046816986648e+00,6.672811420823224760e-01,1.310978639618823216e+00,4.181604250406630641e+00,3.777222162711716624e+00,3.567360539323943147e+00,3.200067518214537721e+00,3.495741169781959368e+00,3.367932385185183897e+00,4.324016129463923441e+00,4.364883771896340470e+00,3.302514327568745411e+00,2.373032850805804728e+00,1.791639820739521771e-01,2.969464280381759913e+00,5.061035699586139636e+00,4.592248672007890775e+00,4.346932509786579857e+00,3.867259630723129948e+00,3.842372856827954042e+00,4.409952224566406009e+00,4.840088458157105755e+00,4.543723183481472638e+00,3.986706902096522676e+00,2.105391790116263540e+00,5.845907821437413832e-01,4.469633008058141677e+00,5.577216473113895567e+00,5.156968415195416711e+00,4.470359033372382385e+00,3.802868920695079868e+00,4.226427049678997072e+00,4.157168354027081847e+00,4.052241762512008627e+00,3.946254540170548442e+00,2.341780455841266484e+00,5.838821612727255195e-01,7.270929987272362061e-01,3.020744149008616652e+00,2.670370341523644608e+00,2.506674777890832484e+00,3.861400447913765799e+00,4.406970282082469659e+00,3.626759230877585782e+00,2.935286959019952402e+00,2.721806939705969874e+00,1.080878661312905331e+00,2.413391747766555073e-01,1.334927699977411786e+00,1.896740283457389653e+00,1.086988227986922739e+00,1.570938524762818034e+00,1.594407948961543697e+00,2.230988580766756768e-01,2.283641729161506317e-01,8.580652339229147829e-01,8.010291603008977412e-02
1.893227062931489124e+00,5.779056278657421775e-01,6.364075861559126412e-01,4.341676982823384212e-01,1.891857611860149779e+00,9.558292838551556425e-01,3.370006476115974259e+00,2.701846626772003379e+00,2.149979845083635155e+00,3.100025859220751023e+00,4.203048577101552219e+00,2.485273777978744381e+00,9.434157583454020335e-01,3.644417567234965460e+00,3.717306626907697087e+00,2.843404775595846701e+00,3.544995514311011675e+00,4.378505179563431327e+00,3.955617247789014801e+00,3.914690876368286609e+00,3.078642663297150861e+00,1.126538301796839114e+00,6.672965522322285015e-01,1.310979048387831414e+00,4.181604990021216217e+00,3.777222991158645904e+00,3.567361185379857247e+00,3.200073752787890413e+00,3.495747722997793794e+00,3.367949411052082009e+00,4.324043555646623460e+00,4.364921765276986498e+00,3.302570186516062378e+00,2.373091632453721900e+00,1.791672130810601227e-01,2.969464332413119134e+00,5.061036345011382664e+00,4.592249035866782236e+00,4.346932767280887511e+00,3.867260504616192307e+00,3.842375119022586993e+00,4.409953957051154561e+00,4.840100427975210451e+00,4.543737477743635012e+00,3.986771503087309210e+00,2.105475232915328565e+00,5.846102346690816853e-01,4.469640348864269974e+00,5.577224078864984946e+00,5.156979807266749205e+00,4.470362765054312071e+00,3.802884484159593015e+00,4.226437743809429826e+00,4.157172038169142603e+00,4.052261279510370962e+00,3.946257250935651939e+00,2.341832972181215666e+00,5.839115316961365210e-01,7.270930744302430693e-01,3.020746976912838111e+00,2.670411297549057039e+00,2.506700585609128229e+00,3.861482245412727110e+00,4.407001667126752231e+00,3.626820509610583887e+00,2.935357619011722541e+00,2.721834691774747128e+00,1.080909254898669847e+00,2.413400285896523112e-01,1.334955622882149529e+00,1.896786407089270599e+00,1.087004485524080799e+00,1.570990231789447300e+00,1.594429976708458430e+00,2.231050962820937678e-01,2.283641732547565528e-01,8.581118513950132254e-01,8.010613665450583287e-02
1.893227195148493580e+00,5.779081889512912573e-01,6.364077777957936055e-01,4.341676982045930000e-01,1.891857637247421842e+00,9.558293614705078989e-01,3.370006670616155109e+00,2.701858988852546606e+00,2.149980020112393309e+00,3.100025922232009012e+00,4.203048679714710190e+00,2.485276323458288861e+00,9.434157582673140530e-01,3.644417611287143366e+00,3.717306794215992749e+00,2.843405289901359989e+00,3.544996891774016667e+00,4.378505398420649009e+00,3.955625359086562653e+00,3.914699369665187945e+00,3.078644773334103579e+00,1.126550005207773708e+00,6.673112688071530796e-01,1.310979438755244697e+00,4.181605696343675405e+00,3.777223782315361156e+00,3.567361802354495737e+00,3.200079706755230458e+00,3.495753981266359389e+00,3.367965670624782692e+00,4.324069747443767930e+00,4.364958048669830504e+00,3.302623531392581135e+00,2.373147768487664955e+00,1.791702986649295615e-01,2.969464382098681465e+00,5.061036961383710064e+00,4.592249383345304636e+00,4.346933013182015415e+00,3.867261339173581280e+00,3.842377279397686252e+00,4.409955611557244914e+00,4.840111859058776389e+00,4.543751128654015758e+00,3.986833196550523262e+00,2.105554920165838784e+00,5.846288116825893999e-01,4.469647359275684906e+00,5.577231342296893324e+00,5.156990686606384600e+00,4.470366328778860421e+00,3.802899347148792852e+00,4.226447956620702051e+00,4.157175556493474033e+00,4.052279918095091915e+00,3.946259839692216609e+00,2.341883124892478296e+00,5.839395802288054327e-01,7.270931467220519417e-01,3.020749677536382904e+00,2.670450410245640782e+00,2.506725231784732166e+00,3.861560361413752140e+00,4.407031639607330575e+00,3.626879030342244459e+00,2.935425098776021535e+00,2.721861194790644145e+00,1.080938471542225221e+00,2.413408439707000197e-01,1.334982289045363313e+00,1.896830454811949673e+00,1.087020011347634929e+00,1.571039611613232134e+00,1.594451013039433374e+00,2.231110537180135966e-01,2.283641736318610949e-01,8.581563707320606360e-01,8.010921232332290920e-02
1.893227321410872355e+00,5.779106347651543629e-01,6.364079608066072202e-01,4.341676981264822044e-01,1.891857661488220765e+00,9.558294355887222427e-01,3.370006856358488179e+00,2.701870794543901333e+00,2.149980187259640907e+00,3.100025982403395108e+00,4.203048777705625128e+00,2.485278754368524190e+00,9.434157581888663602e-01,3.644417653352781894e+00,3.717306953990300311e+00,2.843405781055428960e+00,3.544998207237047172e+00,4.378505607423766044e+00,3.955633105311679554e+00,3.914707480696874242e+00,3.078646788399868051e+00,1.126561181874547790e+00,6.673253230231844801e-01,1.310979811549335627e+00,4.181606370872469114e+00,3.777224537860263798e+00,3.567362391556798684e+00,3.200085392745979807e+00,3.495759957862536016e+00,3.367981198392271391e+00,4.324094760411930416e+00,4.364992699037070878e+00,3.302674475350214411e+00,2.373201377979956561e+00,1.791732453707538530e-01,2.969464429544097950e+00,5.061037550010790476e+00,4.592249715180775738e+00,4.346933248011850104e+00,3.867262136165813047e+00,3.842379342535960252e+00,4.409957191594367387e+00,4.840122775654920773e+00,4.543764165168290070e+00,3.986892113346561572e+00,2.105631020895457173e+00,5.846465525889176229e-01,4.469654054162673695e+00,5.577238278816594175e+00,5.157001076291133579e+00,4.470369732105437421e+00,3.802913541189342883e+00,4.226457709775818472e+00,4.157178916463184493e+00,4.052297717801375043e+00,3.946262311931608924e+00,2.341931020355963788e+00,5.839663663657539416e-01,7.270932157562649545e-01,3.020752256607904584e+00,2.670487762576959412e+00,2.506748768695762575e+00,3.861634961611638328e+00,4.407060263100126107e+00,3.626934917203164854e+00,2.935489541446794970e+00,2.721886504970391751e+00,1.080966373216271759e+00,2.413416226496118699e-01,1.335007755029903542e+00,1.896872520056893663e+00,1.087034838390269265e+00,1.571086768975768377e+00,1.594471102575649946e+00,2.231167430212238068e-01,2.283641740536260234e-01,8.581988863659099076e-01,8.011214956080235650e-02
1.893227441986700788e+00,5.779129704954806268e-01,6.364081355767937653e-01,4.341676980480930204e-01,1.891857684634216108e+00,9.558295063672676006e-01,3.370007033737218993e+00,2.701882068887787369e+00,2.149980346880187021e+00,3.100026039862802119e+00,4.203048871282407006e+00,2.485281075865988232e+00,9.434157581101473289e-01,3.644417693521360135e+00,3.717307106569777808e+00,2.843406250100114718e+00,3.544999463490649205e+00,4.378505807016368934e+00,3.955640502895409583e+00,3.914715226668188386e+00,3.078648712768925932e+00,1.126571855504632680e+00,6.673387446914681442e-01,1.310980167561109910e+00,4.181607015038631303e+00,3.777225259396225443e+00,3.567362954236804828e+00,3.200090822821155534e+00,3.495765665463749006e+00,3.367996027291283667e+00,4.324118647607239296e+00,4.365025789877049256e+00,3.302723126448214419e+00,2.373252574643794688e+00,1.791760594491565994e-01,2.969464474850277202e+00,5.061038112141449830e+00,4.592250032077343391e+00,4.346933472268807108e+00,3.867262897283732848e+00,3.842381312813874406e+00,4.409958700514263974e+00,4.840133200919471967e+00,4.543776614938925817e+00,3.986948378446149022e+00,2.105703696524365842e+00,5.846634950192330926e-01,4.469660447726265140e+00,5.577244903137642318e+00,5.157010998359192300e+00,4.470372982253240757e+00,3.802927096388987849e+00,4.226467023962801939e+00,4.157182125205500789e+00,4.052314716385062354e+00,3.946264672898055270e+00,2.341976760164665272e+00,5.839919469243026739e-01,7.270932816795834253e-01,3.020754719598238047e+00,2.670523433772614919e+00,2.506771246267448294e+00,3.861706204243702700e+00,4.407087598319685107e+00,3.626988288737156285e+00,2.935551083715914000e+00,2.721910676000566021e+00,1.080993019104292241e+00,2.413423662783605594e-01,1.335032074852889217e+00,1.896912692050477300e+00,1.087048998102468245e+00,1.571131803904518343e+00,1.594490287930020456e+00,2.231221762597770386e-01,2.283641745277403823e-01,8.582394884782957867e-01,8.011495459758126436e-02
1.893227557132001637e+00,5.779152010969257347e-01,6.364083024773233843e-01,4.341676979695207605e-01,1.891857706734763722e+00,9.558295739565377813e-01,3.370007203128861040e+00,2.701892835798874515e+00,2.149980499312885485e+00,3.100026094732379001e+00,4.203048960643811505e+00,2.485283292875148486e+00,9.434157580312534375e-01,3.644417731878343503e+00,3.717307252278330143e+00,2.843406698030590540e+00,3.545000663199784352e+00,4.378505997622091250e+00,3.955647567529292363e+00,3.914722624009640217e+00,3.078650550523387874e+00,1.126582048738500763e+00,6.673515622814404358e-01,1.310980507545985052e+00,4.181607630208802107e+00,3.777225948453990068e+00,3.567363491588306346e+00,3.200096008498951594e+00,3.495771116176857429e+00,3.368010188776170644e+00,4.324141459697919743e+00,4.365057391380153362e+00,3.302769587882380176e+00,2.373301467074454330e+00,1.791787468694503727e-01,2.969464518113599905e+00,5.061038648968319897e+00,4.592250334707477677e+00,4.346933686428882559e+00,3.867263624142100564e+00,3.842383194410933900e+00,4.409960141517837329e+00,4.840143156966087545e+00,4.543788504373838855e+00,3.987002111195415477e+00,2.105773101207657039e+00,5.846796749110374503e-01,4.469666553528350406e+00,5.577251229311388059e+00,5.157020473856888998e+00,4.470376086116561787e+00,3.802940041500414647e+00,4.226475918938573884e+00,4.157185189526884983e+00,4.052330949902716917e+00,3.946266927599766827e+00,2.342020441339154324e+00,5.840163761645877916e-01,7.270933446321191651e-01,3.020757071732003585e+00,2.670557499496305276e+00,2.506792712178027127e+00,3.861774240425425830e+00,4.407113703247961922e+00,3.627039258152696011e+00,2.935609856123119865e+00,2.721933759151463850e+00,1.081018465726089506e+00,2.413430764345824431e-01,1.335055300100284503e+00,1.896951056003242320e+00,1.087062520519228137e+00,1.571174811924982651e+00,1.594508609797576026e+00,2.231273649585882035e-01,2.283641750639710255e-01,8.582782631921211935e-01,8.011763338388806777e-02
1.893227667091287758e+00,5.779173313011625179e-01,6.364084618624820111e-01,4.341676978908694529e-01,1.891857727837011227e+00,9.558296385001714413e-01,3.370007364892996460e+00,2.701903118115509983e+00,2.149980644881352987e+00,3.100026147128789322e+00,4.203049045979663667e+00,2.485285410098847070e+00,9.434157579522900461e-01,3.644417768505363142e+00,3.717307391425297869e+00,2.843407125797252188e+00,3.545001808909488794e+00,4.378506179645513363e+00,3.955654314198644439e+00,3.914729688412258657e+00,3.078652305561651481e+00,1.126591783197649521e+00,6.673638029812163364e-01,1.310980832225392412e+00,4.181608217688124185e+00,3.777226606495419858e+00,3.567364004751378825e+00,3.200100960779173942e+00,3.495776321563836664e+00,3.368023712885618970e+00,4.324163245071761530e+00,4.365087570577694365e+00,3.302813958203949962e+00,2.373348158979633915e+00,1.791813133322986140e-01,2.969464559426122641e+00,5.061039161630370486e+00,4.592250623713396429e+00,4.346933890946666601e+00,3.867264318283017310e+00,3.842384991318550380e+00,4.409961517661938224e+00,4.840152664913160763e+00,4.543799858692405103e+00,3.987053425569045295e+00,2.105839382162318252e+00,5.846951265843952639e-01,4.469672384520448460e+00,5.577257270756782681e+00,5.157029522883324724e+00,4.470379050279414734e+00,3.802952403982239549e+00,4.226484413570862131e+00,4.157188115927474392e+00,4.052346452788103903e+00,3.946269080819563069e+00,2.342062156533372796e+00,5.840397059046538164e-01,7.270934047476924622e-01,3.020759317998690907e+00,2.670590032006316505e+00,2.506813211959877385e+00,3.861839214470986104e+00,4.407138633257309479e+00,3.627087933563055699e+00,2.935665983332913953e+00,2.721955803385853745e+00,1.081042767057671439e+00,2.413437546249240506e-01,1.335077480036319653e+00,1.896987693290641985e+00,1.087075434323764522e+00,1.571215884263321705e+00,1.594526107041786434e+00,2.231323201238805953e-01,2.283641756749884288e-01,8.583152927541354282e-01,8.012019160216317382e-02
1.893227772098081019e+00,5.779193656269164814e-01,6.364086140706243233e-01,4.341676978122523956e-01,1.891857747985997928e+00,9.558297001353558420e-01,3.370007519373037219e+00,2.701912937648160540e+00,2.149980783894655190e+00,3.100026197163462172e+00,4.203049127471255808e+00,2.485287432028277621e+00,9.434157578733718408e-01,3.644417803480389573e+00,3.717307524306112665e+00,2.843407534307735851e+00,3.545002903050265441e+00,4.378506353473022195e+00,3.955660757214347623e+00,3.914736434860873526e+00,3.078653981606672918e+00,1.126601079530463068e+00,6.673754927552594252e-01,1.310981142288308199e+00,4.181608778723017394e+00,3.777227234916597620e+00,3.567364494814801112e+00,3.200105690166568539e+00,3.495781292666300555e+00,3.368036628306365188e+00,4.324184049938761376e+00,4.365116391484093583e+00,3.302856331528642553e+00,2.373392749399430457e+00,1.791837642818077947e-01,2.969464598875773298e+00,5.061039651215323509e+00,4.592250899708428591e+00,4.346934086256306173e+00,3.867264981179195260e+00,3.842386707348506736e+00,4.409962831865852806e+00,4.840161744928614063e+00,4.543810701978960864e+00,3.987102430412035492e+00,2.105902679979497538e+00,5.847098828147309080e-01,4.469677953071180099e+00,5.577263040288836571e+00,5.157038164633009458e+00,4.470381881029498850e+00,3.802964210057255379e+00,4.226492525878223105e+00,4.157190910614867008e+00,4.052361257925228166e+00,3.946271137125016981e+00,2.342101994231164497e+00,5.840619856303668200e-01,7.270934621541159659e-01,3.020761463163240013e+00,2.670621100308792961e+00,2.506832789096099301e+00,3.861901264199370409e+00,4.407162441227927552e+00,3.627134418215623324e+00,2.935719584398988058e+00,2.721976855462833633e+00,1.081065974645742056e+00,2.413444022882378914e-01,1.335098661707986967e+00,1.897022681625647467e+00,1.087087766908352515e+00,1.571255108039857129e+00,1.594542816776993499e+00,2.231370522665316602e-01,2.283641763776582678e-01,8.583506557093893985e-01,8.012263467911147352e-02
1.893227872375408349e+00,5.779213083895522463e-01,6.364087594248908353e-01,4.341676977337925458e-01,1.891857767224751186e+00,9.558297589931190608e-01,3.370007666896955634e+00,2.701922315225675941e+00,2.149980916647964424e+00,3.100026244942826192e+00,4.203049205291740087e+00,2.485289362952510572e+00,9.434157577946232776e-01,3.644417836877899219e+00,3.717307651202924834e+00,2.843407924428842382e+00,3.545003947943245137e+00,4.378506519473630121e+00,3.955666910243202938e+00,3.914742877665901677e+00,3.078655582213861486e+00,1.126609957456010891e+00,6.673866563994558243e-01,1.310981438392714526e+00,4.181609314503816677e+00,3.777227835050787075e+00,3.567364962818364127e+00,3.200110206693107529e+00,3.495786040028925346e+00,3.368048962434046167e+00,4.324203918429141424e+00,4.365143915232664540e+00,3.302896797736287748e+00,2.373435332916419949e+00,1.791861049170753450e-01,2.969464636546539804e+00,5.061040118761961359e+00,4.592251163278317172e+00,4.346934272772426056e+00,3.867265614237080484e+00,3.842388346141043964e+00,4.409964086917493198e+00,4.840170416272682630e+00,4.543821057233881966e+00,3.987149229670567951e+00,2.105963128922718308e+00,5.847239749023497302e-01,4.469683270992502067e+00,5.577268550145807247e+00,5.157046417436572661e+00,4.470384584371538850e+00,3.802975484768050585e+00,4.226500273068261038e+00,4.157193579517288740e+00,4.052375396718087330e+00,3.946273100878142426e+00,2.342140038933961499e+00,5.840832626003797934e-01,7.270935169734654702e-01,3.020763511776149990e+00,2.670650770304109134e+00,2.506851485112748357e+00,3.861960521226707854e+00,4.407185177660036146e+00,3.627178810710907086e+00,2.935770773016752599e+00,2.721996960037011970e+00,1.081088137717038711e+00,2.413450207986343465e-01,1.335118890044832085e+00,1.897056095223587757e+00,1.087099544432430065e+00,1.571292566453866835e+00,1.594558774447137006e+00,2.231415714243681070e-01,2.283641771951615551e-01,8.583844270678394617e-01,8.012496779721209328e-02
1.893227968136274697e+00,5.779231637102260066e-01,6.364088982338937939e-01,4.341676976556227419e-01,1.891857785594377006e+00,9.558298151986075464e-01,3.370007807777978037e+00,2.701931270739469593e+00,2.149981043423184524e+00,3.100026290568535625e+00,4.203049279606489996e+00,2.485291206967592981e+00,9.434157577161789154e-01,3.644417868769032065e+00,3.717307772385201048e+00,2.843408296988374939e+00,3.545004945805105834e+00,4.378506677999755681e+00,3.955672786336920321e+00,3.914749030493700932e+00,3.078657110778624251e+00,1.126618435805874618e+00,6.673973175937100155e-01,1.310981721166996072e+00,4.181609826167299815e+00,3.777228408171260821e+00,3.567365409755077099e+00,3.200114519939265101e+00,3.495790573721814898e+00,3.368060741431306848e+00,4.324222892686951703e+00,4.365170200205285234e+00,3.302935442661474319e+00,2.373475999856278662e+00,1.791883402032177774e-01,2.969464672518645543e+00,5.061040565262331370e+00,4.592251414982459146e+00,4.346934450891007273e+00,3.867266218799838118e+00,3.842389911172582551e+00,4.409965285479313657e+00,4.840178697338760827e+00,4.543830946422374950e+00,3.987193922612492614e+00,2.106020857212667075e+00,5.847374327388293880e-01,4.469688349564764351e+00,5.577273812015157262e+00,5.157054298799649494e+00,4.470387166040019622e+00,3.802986252030128522e+00,4.226507671574124991e+00,4.157196128296170023e+00,4.052388899157284285e+00,3.946274976244647625e+00,2.342176371340022989e+00,5.841035819463740175e-01,7.270935693223391505e-01,3.020765468183130853e+00,2.670679104926650727e+00,2.506869339666915941e+00,3.862017111245442891e+00,4.407206890780981823e+00,3.627221205211678345e+00,2.935819657764500601e+00,2.722016159753226638e+00,1.081109303282748568e+00,2.413456114683966980e-01,1.335138207954254863e+00,1.897088004959568863e+00,1.087110791878084237e+00,1.571328338960058302e+00,1.594574013900935006e+00,2.231458871834577085e-01,2.283641781607052279e-01,8.584166784634525982e-01,8.012719590571200368e-02
1.893228059584114664e+00,5.779249355246280917e-01,6.364090307923718770e-01,4.341676975778867020e-01,1.891857803134147531e+00,9.558298688713519065e-01,3.370007942315250471e+00,2.701939823185711465e+00,2.149981164489548568e+00,3.100026334137686579e+00,4.203049350573451193e+00,2.485292967985234913e+00,9.434157576381835275e-01,3.644417899221743973e+00,3.717307888110297664e+00,2.843408652776898471e+00,3.545005898752776829e+00,4.378506829387974975e+00,3.955678397959802695e+00,3.914754906395558454e+00,3.078658570543564732e+00,1.126626532564092509e+00,6.674074989521731061e-01,1.310981991211271902e+00,4.181610314799101502e+00,3.777228955494002616e+00,3.567365836573272997e+00,3.200118639054341685e+00,3.495794903361860939e+00,3.368071990283297179e+00,4.324241012959466168e+00,4.365195302156232415e+00,3.302972348275616365e+00,2.373514836479375667e+00,1.791904748819024285e-01,2.969464706868721215e+00,5.061040991663848132e+00,4.592251655355091167e+00,4.346934620990229092e+00,3.867266796150198527e+00,3.842391405763095680e+00,4.409966430093953171e+00,4.840186605692423427e+00,4.543840390521066475e+00,3.987236604037890597e+00,2.106075987299167451e+00,5.847502848704234646e-01,4.469693199560633268e+00,5.577278837058342376e+00,5.157061825440008462e+00,4.470389631511347162e+00,3.802996534682636653e+00,4.226514737089370755e+00,4.157198562358151328e+00,4.052401793883641190e+00,3.946276767202770763e+00,2.342211068515607231e+00,5.841229867687890431e-01,7.270936193121051438e-01,3.020767336534321945e+00,2.670706164278308314e+00,2.506886390630850503e+00,3.862071154290946495e+00,4.407227626647546970e+00,3.627261691642704289e+00,2.935866342333714574e+00,2.722034495337000148e+00,1.081129516238225285e+00,2.413461755507641249e-01,1.335156656412522569e+00,1.897118478518809326e+00,1.087121533103040605e+00,1.571362501437103321e+00,1.594588567463680828e+00,2.231500086984423425e-01,2.283641793245915763e-01,8.584474783061504244e-01,8.012932373112151285e-02
1.893228146913224608e+00,5.779266275913307327e-01,6.364091573818154712e-01,4.341676975007389139e-01,1.891857819881584746e+00,9.558299201255204824e-01,3.370008070794474175e+00,2.701947990705621194e+00,2.149981280104190429e+00,3.100026375743024420e+00,4.203049418343479893e+00,2.485294649741107698e+00,9.434157575607935442e-01,3.644417928300947906e+00,3.717307998624004739e+00,2.843408992549413039e+00,3.545006808807928511e+00,4.378506973959733095e+00,3.955683757015186153e+00,3.914760517835374376e+00,3.078659964605364507e+00,1.126634264905305827e+00,6.674172220712101256e-01,1.310982249098669117e+00,4.181610781436008395e+00,3.777229478180285316e+00,3.567366244178621137e+00,3.200122572775870200e+00,3.495799038133140968e+00,3.368082732850667060e+00,4.324258317682549091e+00,4.365219274330447874e+00,3.303007592860826680e+00,2.373551925163742915e+00,1.791925134814051634e-01,2.969464739669966935e+00,5.061041398871302555e+00,4.592251884906424664e+00,4.346934783431268379e+00,3.867267347513178244e+00,3.842392833083152048e+00,4.409967523189633809e+00,4.840194158108680256e+00,4.543849409562498387e+00,3.987277364480154240e+00,2.106128636120911946e+00,5.847625585586112562e-01,4.469697831267945176e+00,5.577283635934489503e+00,5.157069013323013706e+00,4.470391986015469499e+00,3.803006354536809575e+00,4.226521484601244438e+00,4.157200886866554868e+00,4.052414108248947322e+00,3.946278477551719455e+00,2.342244204058437695e+00,5.841415182282435614e-01,7.270936670491375819e-01,3.020769120793093343e+00,2.670732005755962035e+00,2.506902674172285295e+00,3.862122764996127167e+00,4.407247429243632553e+00,3.627300355881489580e+00,2.935910925749011025e+00,2.722052005680924314e+00,1.081148819458217947e+00,2.413467142425896328e-01,1.335174274551683027e+00,1.897147580540208711e+00,1.087131790891268768e+00,1.571395126348585025e+00,1.594602466005808683e+00,2.231539447119561537e-01,2.283641807694313242e-01,8.584768919269152310e-01,8.013135578723905306e-02
1.893228230309174531e+00,5.779282434997609075e-01,6.364092782710640828e-01,4.341676974243450227e-01,1.891857835872540416e+00,9.558299690701616003e-01,3.370008193488509107e+00,2.701955790623947973e+00,2.149981390512690105e+00,3.100026415473136954e+00,4.203049483060660840e+00,2.485296255802768250e+00,9.434157574841760541e-01,3.644417956068654707e+00,3.717308104161068716e+00,2.843409317026956096e+00,3.545007677901260035e+00,4.378507112022026249e+00,3.955688874870686433e+00,3.914765876716099768e+00,3.078661295921349073e+00,1.126641649231188369e+00,6.674265075752090493e-01,1.310982495376538992e+00,4.181611227068168013e+00,3.777229977339134681e+00,3.567366633436048318e+00,3.200126329448146567e+00,3.495802986806400448e+00,3.368092991920179635e+00,4.324274843562187165e+00,4.365242167576472099e+00,3.303041251175961257e+00,2.373587344579808800e+00,1.791944603262153601e-01,2.969464770992307212e+00,5.061041787748782994e+00,4.592252104123727641e+00,4.346934938559065209e+00,3.867267874058679222e+00,3.842394196160638931e+00,4.409968567085306823e+00,4.840201370607562836e+00,4.543858022677617292e+00,3.987316290398021934e+00,2.106178915353503545e+00,5.847742798379222950e-01,4.469702254511525474e+00,5.577288218823004406e+00,5.157075877695486810e+00,4.470394234546967382e+00,3.803015732422233786e+00,4.226527928422474822e+00,4.157203106752333177e+00,4.052425868373979334e+00,3.946280110919726969e+00,2.342275848253814630e+00,5.841592156328418994e-01,7.270937126350414115e-01,3.020770824744454686e+00,2.670756684173224205e+00,2.506918224831157893e+00,3.862172052834583091e+00,4.407266340573557706e+00,3.627337279940433756e+00,2.935953502578182661e+00,2.722068727927154708e+00,1.081167253887813873e+00,2.413472286868783567e-01,1.335191099742569110e+00,1.897175372753453715e+00,1.087141587001308363e+00,1.571426282896702720e+00,1.594615739008373945e+00,2.231577035731696079e-01,2.283641826498653271e-01,8.585049817163641350e-01,8.013329638472442562e-02
1.893228309949200883e+00,5.779297866778132509e-01,6.364093937168759929e-01,4.341676973488823310e-01,1.891857851141271585e+00,9.558300158094346077e-01,3.370008310657953920e+00,2.701963239485718926e+00,2.149981495949594645e+00,3.100026453412645377e+00,4.203049544862612841e+00,2.485297789577225469e+00,9.434157574085099141e-01,3.644417982584103211e+00,3.717308204945689365e+00,2.843409626898134146e+00,3.545008507876594273e+00,4.378507243868052790e+00,3.955693762382311185e+00,3.914770994404983551e+00,3.078662567315761933e+00,1.126648701205237080e+00,6.674353751603274709e-01,1.310982730567616494e+00,4.181611652641179511e+00,3.777230454029680828e+00,3.567367005171572458e+00,3.200129917039933769e+00,3.495806757757655259e+00,3.368102789253044183e+00,4.324290625652345454e+00,4.365264030454307331e+00,3.303073394615192893e+00,2.373621169857270008e+00,1.791963195462086544e-01,2.969464800902538837e+00,5.061042159121509343e+00,4.592252313472354963e+00,4.346935086703054729e+00,3.867268376903967297e+00,3.842395497887187705e+00,4.409969563995574049e+00,4.840208258488100768e+00,4.543866248136358088e+00,3.987353464358967869e+00,2.106226931646331568e+00,5.847854735711580654e-01,4.469706478674029704e+00,5.577292595445164203e+00,5.157082433118051590e+00,4.470396381875649361e+00,3.803024688231029682e+00,4.226534082221632183e+00,4.157205226724529190e+00,4.052437099203905824e+00,3.946281670771748740e+00,2.342306068223698912e+00,5.841761165215505480e-01,7.270937561668685545e-01,3.020772452003079867e+00,2.670780251876709421e+00,2.506933075592872484e+00,3.862219122352807066e+00,4.407284400751157349e+00,3.627372542140790301e+00,2.935994163132788604e+00,2.722084697546195198e+00,1.081184858629287815e+00,2.413477199752116220e-01,1.335207167674065998e+00,1.897201914109954313e+00,1.087150942212421700e+00,1.571456037169056463e+00,1.594628414625585577e+00,2.231612932554989104e-01,2.283641853452508530e-01,8.585318072570871095e-01,8.013514964024132103e-02
1.893228386002586028e+00,5.779312603991250130e-01,6.364095039644758200e-01,4.341676972745424079e-01,1.891857865720515619e+00,9.558300604428332514e-01,3.370008422551701521e+00,2.701970353091333710e+00,2.149981596638916859e+00,3.100026489642384142e+00,4.203049603880782747e+00,2.485299254318170004e+00,9.434157573339881919e-01,3.644418007903887702e+00,3.717308301191998510e+00,2.843409922820582469e+00,3.545009300494791571e+00,4.378507369777836722e+00,3.955698429917490433e+00,3.914775881757686093e+00,3.078663781485756257e+00,1.126655435785998804e+00,6.674438436362746252e-01,1.310982955171132058e+00,4.181612059058107178e+00,3.777230909263408876e+00,3.567367360174056756e+00,3.200133343161362998e+00,3.495810358985961486e+00,3.368112145631076082e+00,4.324305697429322137e+00,4.365284909338414288e+00,3.303104091359450933e+00,2.373653472744453374e+00,1.791980950854131505e-01,2.969464829464474320e+00,5.061042513777578300e+00,4.592252513396742231e+00,4.346935228177864374e+00,3.867268857116045400e+00,3.842396741024306284e+00,4.409970516035385479e+00,4.840214836360774875e+00,4.543874103386392527e+00,3.987388965214339276e+00,2.106272786848796930e+00,5.847961635021320381e-01,4.469710512715846740e+00,5.577296775084736424e+00,5.157088693496017839e+00,4.470398432556667245e+00,3.803033240960048023e+00,4.226539959052121986e+00,4.157207251280266469e+00,4.052447824561198786e+00,3.946283160416814706e+00,2.342334928069088829e+00,5.841922567438270208e-01,7.270937977373241878e-01,3.020774006020978231e+00,2.670802758857067527e+00,2.506947257958267006e+00,3.862264073391947772e+00,4.407301648084867018e+00,3.627406217278799083e+00,2.936032993659720258e+00,2.722099948412136872e+00,1.081201671025046940e+00,2.413481891500636745e-01,1.335222512428813291e+00,1.897227260907889290e+00,1.087159876368670286e+00,1.571484452278830934e+00,1.594640519744527252e+00,2.231647213735235835e-01,2.283641919172948731e-01,8.585574254500323299e-01,8.013691948519173491e-02
1.893228458631001976e+00,5.779326677900002984e-01,6.364096092480588940e-01,4.341676972015159341e-01,1.891857879641543727e+00,9.558301030653810759e-01,3.370008529407451103e+00,2.701977146530066154e+00,2.149981692794596722e+00,3.100026524239558157e+00,4.203049660240711027e+00,2.485300653132860749e+00,9.434157572608038445e-01,3.644418032082063164e+00,3.717308393104498343e+00,2.843410205422344905e+00,3.545010057437468998e+00,4.378507490018808568e+00,3.955702887377053223e+00,3.914780549141291921e+00,3.078664941007103195e+00,1.126661867258778926e+00,6.674519309661827160e-01,1.310983169663856751e+00,4.181612447181381143e+00,3.777231344006286573e+00,3.567367699196867914e+00,3.200136615080060309e+00,3.495813798130367189e+00,3.368121080900763786e+00,4.324320090862743271e+00,4.365304848516071701e+00,3.303133406521024718e+00,2.373684321760482163e+00,1.791997907103350385e-01,2.969464856739066683e+00,5.061042852469631370e+00,4.592252704321332146e+00,4.346935363283973786e+00,3.867269315713899758e+00,3.842397928209223767e+00,4.409971425224514796e+00,4.840221118178498649e+00,4.543881605090129838e+00,3.987422868266596421e+00,2.106316578226321568e+00,5.848063723060084040e-01,4.469714365194093375e+00,5.577300766607664606e+00,5.157094672108863520e+00,4.470400390940169721e+00,3.803041408751149266e+00,4.226545571379857869e+00,4.157209184714275807e+00,4.052458067196152314e+00,3.946284583015033043e+00,2.342362489005965553e+00,5.842076705356310518e-01,7.270938374349545930e-01,3.020775490094806504e+00,2.670824252855009018e+00,2.506960802010418821e+00,3.862307001299571052e+00,4.407318119158968983e+00,3.627438376784321683e+00,2.936070076524123440e+00,2.722114512874489467e+00,1.081217726736812157e+00,2.413486372069988395e-01,1.335237166555481636e+00,1.897251466911603845e+00,1.087168408420988275e+00,1.571511588498644807e+00,1.594652080042165077e+00,2.231679951991041577e-01,2.286668092236587291e-01,8.585818906351723179e-01,8.013860967402942903e-02
1.893228527988840781e+00,5.779340118360204448e-01,6.364097097912709833e-01,4.341676971299769372e-01,1.891857892934208030e+00,9.558301437678171641e-01,3.370008631452197978e+00,2.701983634212050678e+00,2.149981784620944136e+00,3.100026557277898220e+00,4.203049714062291997e+00,2.485301988988700028e+00,9.434157571891363947e-01,3.644418055170242976e+00,3.717308480878480204e+00,2.843410475303188356e+00,3.545010780310552168e+00,4.378507604846361367e+00,3.955707144216210835e+00,3.914785006456285910e+00,3.078666048339637307e+00,1.126668009265920922e+00,6.674596543046824593e-01,1.310983374501102361e+00,4.181612817834610141e+00,3.777231759180801784e+00,3.567368022959459317e+00,3.200139739736547639e+00,3.495817082486100791e+00,3.368129614015350271e+00,4.324333836483363669e+00,4.365323890281299413e+00,3.303161402281658887e+00,2.373713782340591383e+00,1.792014100179092628e-01,2.969464882784526694e+00,5.061043175916434045e+00,4.592252886651461807e+00,4.346935492308333870e+00,3.867269753670650623e+00,3.842399061960470430e+00,4.409972293491827067e+00,4.840227117266198142e+00,4.543888769160043140e+00,3.987455245429027961e+00,2.106358398666647869e+00,5.848161216373766180e-01,4.469718044280755365e+00,5.577304578480860364e+00,5.157100381638392683e+00,4.470402261180513648e+00,3.803049208929672798e+00,4.226550931109693821e+00,4.157211031127988399e+00,4.052467848835124897e+00,3.946285941584279922e+00,2.342388809495122626e+00,5.842223905920167493e-01,7.270938753443269009e-01,3.020776907372851205e+00,2.670844779462558272e+00,2.506973736478443904e+00,3.862347997131890587e+00,4.407333848911180851e+00,3.627469088872341096e+00,2.936105490384087968e+00,2.722128421826781608e+00,1.081233059821238518e+00,2.413490650967694273e-01,1.335251161137798404e+00,1.897274583465635267e+00,1.087176556467362998e+00,1.571537503388379164e+00,1.594663120039789828e+00,2.231711216767743033e-01,2.301417780066064289e-01,8.586052547067406504e-01,8.014022379220091252e-02
1.893228594223571370e+00,5.779352953884218103e-01,6.364098058077194420e-01,4.341676970601183738e-01,1.891857905627045033e+00,9.558301826368238441e-01,3.370008728902748274e+00,2.701989829898887585e+00,2.149981872313099895e+00,3.100026588827840435e+00,4.203049765460045606e+00,2.485303264719560978e+00,9.434157571191837954e-01,3.644418077217744578e+00,3.717308564700472218e+00,2.843410733035913740e+00,3.545011470647715601e+00,4.378507714504419113e+00,3.955711209464649158e+00,3.914789263157584465e+00,3.078667105832509243e+00,1.126673874835791622e+00,6.674670300343524820e-01,1.310983570117713493e+00,4.181613171804363205e+00,3.777232155667949787e+00,3.567368332148930676e+00,3.200142723758999885e+00,3.495820219020079112e+00,3.368137763075068847e+00,4.324346963447855963e+00,4.365342075024600810e+00,3.303188138024488296e+00,2.373741916974976718e+00,1.792029564432209843e-01,2.969464907656471198e+00,5.061043484804426562e+00,4.592253060774253548e+00,4.346935615525007179e+00,3.867270171915646149e+00,3.842400144683250307e+00,4.409973122679400781e+00,4.840232846349106666e+00,4.543895610792458406e+00,3.987486165378316461e+00,2.106398336876909028e+00,5.848254321762416108e-01,4.469721557780042431e+00,5.577308218790186345e+00,5.157105834195661487e+00,4.470404047245106760e+00,3.803056658041214178e+00,4.226556049610705301e+00,4.157212794438269299e+00,4.052477190226657200e+00,3.946287239006630809e+00,2.342413945366214723e+00,5.842364481365541762e-01,7.270939115462262681e-01,3.020778260861726849e+00,2.670864382219786393e+00,2.506986088798460965e+00,3.862387147846943147e+00,4.407348870706789157e+00,3.627498418687687298e+00,2.936139310357535503e+00,2.722141704772135018e+00,1.081247702802212940e+00,2.413494737273639834e-01,1.335264525860518026e+00,1.897296659603661562e+00,1.087184337791265332e+00,1.571562251917319131e+00,1.594673663155084853e+00,2.231741074385497348e-01,2.333844909904108644e-01,8.586275672233768530e-01,8.014176526381142085e-02
1.893228657476048848e+00,5.779365211701389393e-01,6.364098975014211845e-01,4.341676969921489104e-01,1.891857917747330919e+00,9.558302197552064339e-01,3.370008821966175017e+00,2.701995746732827719e+00,2.149981956057445576e+00,3.100026618956675417e+00,4.203049814543362572e+00,2.485304483031796519e+00,9.434157570511588764e-01,3.644418098271690276e+00,3.717308644748631430e+00,2.843410979167565689e+00,3.545012129913632126e+00,4.378507819225949227e+00,3.955715091745674261e+00,3.914793328274585704e+00,3.078668115729164878e+00,1.126679476410411107e+00,6.674740738004613094e-01,1.310983756928987720e+00,4.181613509841831444e+00,3.777232534309098444e+00,3.567368627421481975e+00,3.200145573477298999e+00,3.495823214385679112e+00,3.368145545365533344e+00,4.324359499600647361e+00,4.365359441318630296e+00,3.303213670459989704e+00,2.373768785341338727e+00,1.792044332667819262e-01,2.969464931408036801e+00,5.061043779789181407e+00,4.592253227059427623e+00,4.346935733195743445e+00,3.867270571336428819e+00,3.842401178674539342e+00,4.409973914546432283e+00,4.840238317579752092e+00,4.543902144499773144e+00,3.987515693700208530e+00,2.106436477571782984e+00,5.848343236718800409e-01,4.469724913144943024e+00,5.577311695257606061e+00,5.157111041346662539e+00,4.470405752922817832e+00,3.803063771886720623e+00,4.226560937740297952e+00,4.157214478385718337e+00,4.052486111185472417e+00,3.946288478034470693e+00,2.342437949936174491e+00,5.842498729875476027e-01,7.270939461178249630e-01,3.020779553432750841e+00,2.670883102707160006e+00,2.506997885171782237e+00,3.862424536489031279e+00,4.407363216409419415e+00,3.627526428443215600e+00,2.936171608181546322e+00,2.722154389885835801e+00,1.081261686739833028e+00,2.413498639659285294e-01,1.335277289072380080e+00,1.897317742152502484e+00,1.087191768898303934e+00,1.571585886580742608e+00,1.594683731751789679e+00,2.231769588179859931e-01,2.387063021988734546e-01,8.586488755132356543e-01,8.014323735887808609e-02
1.893228717880816703e+00,5.779376917815831627e-01,6.364099850672387815e-01,4.341676969262951435e-01,1.891857929321142162e+00,9.558302552020704335e-01,3.370008910840257332e+00,2.702001397264650606e+00,2.149982036032000998e+00,3.100026647728691742e+00,4.203049861416737087e+00,2.485305646509979649e+00,9.434157569852916758e-01,3.644418118377109828e+00,3.717308721193124388e+00,2.843411214220596950e+00,3.545012759507080169e+00,4.378507919233463497e+00,3.955718799294507093e+00,3.914797210430326135e+00,3.078669080172106831e+00,1.126684825871845153e+00,6.674808005441565939e-01,1.310983935331557326e+00,4.181613832664421437e+00,3.777232895907775667e+00,3.567368909403806132e+00,3.200148294936464133e+00,3.495826074936855488e+00,3.368152977394403003e+00,4.324371471532987066e+00,4.365376026000012288e+00,3.303238053746275771e+00,2.373794444431468698e+00,1.792058436214941930e-01,2.969464954089993558e+00,5.061044061496789759e+00,4.592253385860090020e+00,4.346935845570534696e+00,3.867270952780618831e+00,3.842402166127960150e+00,4.409974670772965233e+00,4.840243542563731793e+00,4.543908384141245982e+00,3.987543893028631103e+00,2.106472901653183349e+00,5.848428149847321178e-01,4.469728117493028563e+00,5.577315015257561903e+00,5.157116014136854609e+00,4.470407381832011140e+00,3.803070565556004201e+00,4.226565605867238951e+00,4.157216086542606881e+00,4.052494630634512873e+00,3.946289661296333851e+00,2.342460874122304304e+00,5.842626936212864663e-01,7.270939791328455692e-01,3.020780787828034608e+00,2.670900980633740929e+00,2.507009150620493010e+00,3.862460242364874397e+00,4.407376916448623838e+00,3.627553177551765540e+00,2.936202452364524262e+00,2.722166504075103077e+00,1.081275041296292816e+00,2.413502366406063970e-01,1.335289477846241191e+00,1.897337875831444531e+00,1.087198865551235460e+00,1.571608457511270762e+00,1.594693347187138066e+00,2.231796818636166968e-01,2.461236549529643436e-01,8.586692247743780149e-01,8.014464320026729038e-02
1.893228775566391464e+00,5.779388097061599616e-01,6.364100686912945726e-01,4.341676968628036537e-01,1.891857940373413038e+00,9.558302890529911666e-01,3.370008995713902333e+00,2.702006793480288493e+00,2.149982112406800816e+00,3.100026675205311832e+00,4.203049906179984418e+00,2.485306757622387952e+00,9.434157569218311057e-01,3.644418137577034589e+00,3.717308794196488186e+00,2.843411438693976390e+00,3.545013360763911159e+00,4.378508014739485255e+00,3.955722339975749513e+00,3.914800917859769136e+00,3.078670001207437057e+00,1.126689934567412399e+00,6.674872245341597621e-01,1.310984105704231073e+00,4.181614140957283787e+00,3.777233241231373828e+00,3.567369178694419496e+00,3.200150893909471606e+00,3.495828806741614780e+00,3.368160074926399350e+00,4.324382904639348268e+00,4.365391864247477827e+00,3.303261339603969393e+00,2.373818948672137719e+00,1.792071904992998399e-01,2.969464975750852886e+00,5.061044330525188428e+00,4.592253537513482975e+00,4.346935952888146382e+00,3.867271317057709989e+00,3.842403109138433415e+00,4.409975392963457530e+00,4.840248532384334723e+00,4.543914342952394492e+00,3.987570823178544277e+00,2.106507686381865252e+00,5.848509241264080449e-01,4.469731177621552476e+00,5.577318185832616848e+00,5.157120763114595441e+00,4.470408937428225649e+00,3.803077053459751333e+00,4.226570063893651863e+00,4.157217622320453998e+00,4.052502766645075027e+00,3.946290791302479395e+00,2.342482766550280981e+00,5.842749372324480550e-01,7.270940106617175269e-01,3.020781966666298946e+00,2.670918053921412572e+00,2.507019909040524297e+00,3.862494341211827109e+00,4.407389999884425258e+00,3.627578722752187623e+00,2.936231908331512486e+00,2.722178073036160217e+00,1.081287794798801105e+00,2.413505925422949894e-01,1.335301118036499979e+00,1.897357103347097285e+00,1.087205642803399153e+00,1.571630012585205183e+00,1.594702529857159323e+00,2.231822823517861931e-01,2.553459611361150183e-01,8.586886581706426602e-01,8.014598577031910309e-02
1.893228830655536266e+00,5.779398773155398628e-01,6.364101485513671275e-01,4.341676968019428928e-01,1.891857950927989807e+00,9.558303213801752074e-01,3.370009076767546574e+00,2.702011946826250011e+00,2.149982185344255559e+00,3.100026701445224298e+00,4.203049948928457624e+00,2.485307818726241624e+00,9.434157568610465061e-01,3.644418155912593882e+00,3.717308863913977746e+00,2.843411653064249034e+00,3.545013934959883706e+00,4.378508105947005014e+00,3.955725721300070941e+00,3.914804458427274980e+00,3.078670880789200481e+00,1.126694813333753542e+00,6.674933593970338030e-01,1.310984268408798226e+00,4.181614435374757299e+00,3.777233571012777791e+00,3.567369435864933269e+00,3.200153375909504216e+00,3.495831415594889968e+00,3.368166853016747009e+00,4.324393823171292617e+00,4.365406989656483105e+00,3.303283577425912831e+00,2.373842350040544780e+00,1.792084767575319038e-01,2.969464996436969706e+00,5.061044587445433507e+00,4.592253682341695509e+00,4.346936055376621866e+00,3.867271664940786557e+00,3.842404009706624102e+00,4.409976082650183038e+00,4.840253297626047058e+00,4.543920033573067840e+00,3.987596541272818929e+00,2.106540905541303577e+00,5.848586682978940132e-01,4.469734100021867995e+00,5.577321213708395398e+00,5.157125298353516740e+00,4.470410423011501599e+00,3.803083249360089901e+00,4.226574321276020285e+00,4.157219088977264221e+00,4.052510536475139702e+00,3.946291870450214123e+00,2.342503673657297281e+00,5.842866297917831409e-01,7.270940407717263465e-01,3.020783092448428686e+00,2.670934358785317375e+00,2.507030183252339395e+00,3.862526905358528495e+00,4.407402494468958487e+00,3.627603118229691059e+00,2.936260038562968688e+00,2.722189121308742799e+00,1.081299974299668953e+00,2.413509324263233002e-01,1.335312234333938086e+00,1.897375465483979839e+00,1.087212115030648407e+00,1.571650597524082205e+00,1.594711299239943703e+00,2.231847657989051437e-01,2.657621670076258380e-01,8.587072169232045082e-01,8.014726791717421972e-02
1.893228883265529294e+00,5.779408968746991837e-01,6.364102248172773812e-01,4.341676967440120105e-01,1.891857961007689992e+00,9.558303522526219176e-01,3.370009154173545962e+00,2.702016868233907854e+00,2.149982254999504239e+00,3.100026726504514496e+00,4.203049989753255389e+00,2.485308832072709695e+00,9.434157568032348617e-01,3.644418173423108698e+00,3.717308930493901542e+00,2.843411857786557029e+00,3.545014483313378317e+00,4.378508193049912123e+00,3.955728950440143166e+00,3.914807839643288823e+00,3.078671720783536792e+00,1.126699472519829381e+00,6.674992181461024687e-01,1.310984423790802822e+00,4.181614716541771415e+00,3.777233885951928993e+00,3.567369681461272535e+00,3.200155746201652551e+00,3.495833907030839516e+00,3.368173326043115257e+00,4.324404250288918838e+00,4.365421434310476911e+00,3.303304814381941679e+00,2.373864698174579679e+00,1.792097051249983142e-01,2.969465016192646800e+00,5.061044832802912730e+00,4.592253820652354435e+00,4.346936153253770918e+00,3.867271997168171271e+00,3.842404869743189622e+00,4.409976741296488534e+00,4.840257848397012452e+00,4.543925468074262675e+00,3.987621101863406015e+00,2.106572629594207768e+00,5.848660639260505612e-01,4.469736890893201142e+00,5.577324105307849500e+00,5.157129629473891974e+00,4.470411841733388236e+00,3.803089166399785892e+00,4.226578387045251795e+00,4.157220489624442905e+00,4.052517956605989013e+00,3.946292901028986666e+00,2.342523639790573320e+00,5.842977961012183474e-01,7.270940695271591592e-01,3.020784167562780009e+00,2.670949929810679802e+00,2.507039995049345826e+00,3.862558003878326485e+00,4.407414426705340560e+00,3.627626415730787812e+00,2.936286902727302195e+00,2.722199672328159625e+00,1.081311605633705097e+00,2.413512570140605440e-01,1.335322850318099164e+00,1.897393001191038708e+00,1.087218295961851489e+00,1.571670255991663545e+00,1.594719673936968451e+00,2.231871374731703161e-01,2.764259459142429654e-01,8.587249403980256046e-01,8.014849236082847994e-02
1.893228933508391165e+00,5.779418705466964346e-01,6.364102976512251431e-01,4.341676966893184830e-01,1.891857970634327035e+00,9.558303817362464594e-01,3.370009228096519038e+00,2.702021568142662478e+00,2.149982321520721218e+00,3.100026750436762235e+00,4.203050028741395217e+00,2.485309799811662668e+00,9.434157567487013729e-01,3.644418190146152092e+00,3.717308994077915596e+00,2.843412053295579778e+00,3.545015006987957129e+00,4.378508276233391783e+00,3.955732034245833528e+00,3.914811068680250639e+00,3.078672522972616843e+00,1.126703922008841507e+00,6.675048132090128927e-01,1.310984572180256658e+00,4.181614985055145617e+00,3.777234186717285169e+00,3.567369916004812236e+00,3.200158009814055848e+00,3.495836286334563781e+00,3.368179507736090539e+00,4.324414208109967461e+00,4.365435228848934202e+00,3.303325095518916399e+00,2.373886040478075721e+00,1.792108782077123652e-01,2.969465035060210312e+00,5.061045067118484120e+00,4.592253952739259404e+00,4.346936246727613806e+00,3.867272314444966774e+00,3.842405691072812601e+00,4.409977370299878352e+00,4.840262194350450464e+00,4.543930657983710653e+00,3.987644557047028471e+00,2.106602925831951190e+00,5.848731266984156241e-01,4.469739556155786886e+00,5.577326866764872548e+00,5.157133765663028058e+00,4.470413196603606920e+00,3.803094817130100669e+00,4.226582269825814642e+00,4.157221827233375855e+00,4.052525042777141984e+00,3.946293885225222287e+00,2.342542707301388027e+00,5.843084598464167723e-01,7.270940969894277295e-01,3.020785194290233289e+00,2.670964800026145003e+00,2.507049365244102379e+00,3.862587702735771344e+00,4.407425821903867558e+00,3.627648664673026602e+00,2.936312557807412293e+00,2.722209748474972102e+00,1.081322713472974817e+00,2.413515669944239217e-01,1.335332988507277996e+00,1.897409747664233759e+00,1.087224198707982259e+00,1.571689029686518024e+00,1.594727671712517392e+00,2.231894024056888248e-01,2.866097950035518815e-01,8.587418661893062577e-01,8.014966169885978653e-02
1.893228981491085872e+00,5.779428003972091332e-01,6.364103672080915208e-01,4.341676966381374236e-01,1.891857979828710290e+00,9.558304098939787163e-01,3.370009298693658284e+00,2.702026056522039532e+00,2.149982385049398204e+00,3.100026773293124371e+00,4.203050065975970639e+00,2.485310723996196902e+00,9.434157566977227072e-01,3.644418206117586934e+00,3.717309054801281043e+00,2.843412240006407021e+00,3.545015507094792184e+00,4.378508355674279429e+00,3.955734979258698658e+00,3.914814152387772861e+00,3.078673289058382778e+00,1.126708171239140022e+00,6.675101564540258936e-01,1.310984713892306752e+00,4.181615241484824885e+00,3.777234473947201909e+00,3.567370139993440326e+00,3.200160171548529942e+00,3.495838558553275188e+00,3.368185411208264313e+00,4.324423717756701535e+00,4.365448402532311256e+00,3.303344463856226820e+00,2.373906422221302215e+00,1.792119984943154054e-01,2.969465053080072359e+00,5.061045290889556902e+00,4.592254078882970880e+00,4.346936335996785417e+00,3.867272617444515337e+00,3.842406475438031599e+00,4.409977970994942709e+00,4.840266344705103307e+00,4.543935614310295357e+00,3.987666956575647070e+00,2.106631858517252098e+00,5.848798715964136363e-01,4.469742101463393347e+00,5.577329503937278332e+00,5.157137715694723568e+00,4.470414490496403381e+00,3.803100213537375485e+00,4.226585977853996923e+00,4.157223104641695421e+00,4.052531810019704750e+00,3.946294825126919648e+00,2.342560916634859769e+00,5.843186436469364198e-01,7.270941232171761470e-01,3.020786174809003910e+00,2.670979000973807693e+00,2.507058313712431818e+00,3.862616064926497117e+00,4.407436704235670355e+00,3.627669912249777529e+00,2.936337058221502705e+00,2.722219371122412745e+00,1.081333321379064571e+00,2.413518630253021491e-01,1.335342670406239218e+00,1.897425740425387586e+00,1.087229835789881305e+00,1.571706958430412859e+00,1.594735309531298162e+00,2.231915654010602490e-01,2.963352965885427404e-01,8.587580301991448728e-01,8.015077841186662999e-02
1.893229027315790347e+00,5.779436883989754747e-01,6.364104336358160641e-01,4.341676965907600994e-01,1.891857988610742503e+00,9.558304367859448147e-01,3.370009366115106708e+00,2.702030342892889347e+00,2.149982445720683533e+00,3.100026795122479140e+00,4.203050101536359051e+00,2.485311606587031541e+00,9.434157566505898540e-01,3.644418221371691136e+00,3.717309112793199422e+00,2.843412418315477641e+00,3.545015984695071065e+00,4.378508431541476398e+00,3.955737791725903563e+00,3.914817097307211835e+00,3.078674020666204658e+00,1.126712229224310136e+00,6.675152592152769904e-01,1.310984849227941007e+00,4.181615486375125812e+00,3.777234748251330210e+00,3.567370353902665325e+00,3.200162235990798631e+00,3.495840728507051409e+00,3.368191048982091207e+00,4.324432799400752536e+00,4.365460983304150666e+00,3.303362960477095545e+00,2.373925886637059612e+00,1.792130683614852893e-01,2.969465070290849162e+00,5.061045504591172417e+00,4.592254199351443411e+00,4.346936421250999771e+00,3.867272906809871458e+00,3.842407224502982555e+00,4.409978544656229182e+00,4.840270308264826404e+00,4.543940347567441584e+00,3.987688347962036417e+00,2.106659489020551224e+00,5.848863129272208194e-01,4.469744532215349508e+00,5.577332022419255075e+00,5.157141487947912495e+00,4.470415726156684144e+00,3.803105367068500442e+00,4.226589518995415240e+00,4.157224324559344097e+00,4.052538272688294363e+00,3.946295722728127675e+00,2.342578306415804779e+00,5.843283691043184014e-01,7.270941482664299294e-01,3.020787111199292330e+00,2.670992562776152823e+00,2.507066859435620021e+00,3.862643150610888032e+00,4.407447096784022911e+00,3.627690203530381741e+00,2.936360455938578085e+00,2.722228560681787091e+00,1.081343451853146176e+00,2.413521457349965815e-01,1.335351916551892115e+00,1.897441013397597853e+00,1.087235219164878641e+00,1.571724080252859146e+00,1.594742603594507813e+00,2.231936310476798913e-01,3.056230792009627106e-01,8.587734667138062772e-01,8.015184486882719062e-02
1.893229071080098747e+00,5.779445364359631077e-01,6.364104970756973012e-01,4.341676965474816074e-01,1.891857996999448011e+00,9.558304624695811436e-01,3.370009430504266490e+00,2.702034436347569013e+00,2.149982503663655731e+00,3.100026815971522076e+00,4.203050135498381579e+00,2.485312449456655859e+00,9.434157566075974666e-01,3.644418235941215389e+00,3.717309168177074685e+00,2.843412588601403002e+00,3.545016440802233326e+00,4.378508503996299872e+00,3.955740477613459039e+00,3.914819909685530064e+00,3.078674719348314603e+00,1.126716104572274224e+00,6.675201323167954115e-01,1.310984978474617035e+00,4.181615720245882351e+00,3.777235010211897670e+00,3.567370558186607976e+00,3.200164207520208137e+00,3.495842800799046746e+00,3.368196433016437119e+00,4.324441472305889711e+00,4.365472997850344150e+00,3.303380624615707362e+00,2.373944475012364830e+00,1.792140900789461755e-01,2.969465086729431658e+00,5.061045708677005983e+00,4.592254314400586068e+00,4.346936502671442604e+00,3.867273183155155447e+00,3.842407939856917753e+00,4.409979092500936559e+00,4.840274093437249903e+00,4.543944867795405962e+00,3.987708776580553227e+00,2.106685875950170761e+00,5.848924643540905910e-01,4.469746853567986733e+00,5.577334427553230611e+00,5.157145090424425149e+00,4.470416906205822549e+00,3.803110288655183524e+00,4.226592900761688476e+00,4.157225489574308597e+00,4.052544444491478437e+00,3.946296579933160409e+00,2.342594913530644529e+00,5.843376568478794164e-01,7.270941721907069333e-01,3.020788005447686775e+00,2.671005514199940478e+00,2.507075020540664223e+00,3.862669017241675107e+00,4.407457021593290669e+00,3.627709581555738083e+00,2.936382800588657638e+00,2.722237336645751515e+00,1.081353126383681751e+00,2.413524157235411305e-01,1.335360746556836453e+00,1.897455598977173530e+00,1.087240360252140547e+00,1.571740431471759347e+00,1.594749569374177334e+00,2.231956037274437643e-01,3.144928432059853618e-01,8.587882084764200119e-01,8.015286333210018543e-02
1.893229112877228282e+00,5.779453463073637165e-01,6.364105576626906124e-01,4.341676965085997097e-01,1.891858005013010269e+00,9.558304869997545916e-01,3.370009491998100071e+00,2.702038345569225175e+00,2.149982559001598847e+00,3.100026835884860610e+00,4.203050167934460291e+00,2.485313254393299420e+00,9.434157565690427516e-01,3.644418249857454217e+00,3.717309221070771663e+00,2.843412751225769419e+00,3.545016876384118110e+00,4.378508573192818609e+00,3.955743042618874661e+00,3.914822595488545165e+00,3.078675386587097940e+00,1.126719805503548333e+00,6.675247860954616197e-01,1.310985101906869010e+00,4.181615943593544493e+00,3.777235260384943505e+00,3.567370753278964912e+00,3.200166090319015222e+00,3.495844779825253212e+00,3.368201574731946923e+00,4.324449754868883389e+00,4.365484471655732612e+00,3.303397493740427127e+00,2.373962226776024309e+00,1.792150658142812325e-01,2.969465102431064985e+00,5.061045903580330574e+00,4.592254424274798907e+00,4.346936580431150610e+00,3.867273447066852832e+00,3.842408623017572911e+00,4.409979615691490551e+00,4.840277708251613298e+00,4.543949184582571021e+00,3.987728285763380232e+00,2.106711075276628264e+00,5.848983389253331611e-01,4.469749070445577566e+00,5.577336724441192217e+00,5.157148530765962136e+00,4.470418033147224968e+00,3.803114988737136049e+00,4.226596130326370826e+00,4.157226602158107021e+00,4.052550338520847895e+00,3.946297398560636438e+00,2.342610773205648034e+00,5.843465265784679730e-01,7.270941950411291543e-01,3.020788859451376318e+00,2.671017882717221958e+00,2.507082814338724930e+00,3.862693719685799110e+00,4.407466499715692265e+00,3.627728087429594073e+00,2.936404139568046912e+00,2.722245717629657058e+00,1.081362365492003264e+00,2.413526735639731913e-01,1.335369179150961205e+00,1.897469528102352809e+00,1.087245269956889970e+00,1.571756046770441229e+00,1.594756221645988070e+00,2.231974876250414630e-01,3.229634024102581713e-01,8.588022867564318874e-01,8.015383596222289131e-02
1.893229152796215509e+00,5.779461197314075260e-01,6.364106155256927799e-01,4.341676964744135558e-01,1.891858012668810263e+00,9.558305104288774556e-01,3.370009550727417480e+00,2.702042078850210416e+00,2.149982611852259584e+00,3.100026854905108209e+00,4.203050198913774516e+00,2.485314023104724157e+00,9.434157565352238040e-01,3.644418263150305926e+00,3.717309271586864750e+00,2.843412906533901996e+00,3.545017292365016282e+00,4.378508639278179793e+00,3.955745492183243783e+00,3.914825160413583305e+00,3.078676023798236017e+00,1.126723339868676899e+00,6.675292304229315521e-01,1.310985219786888312e+00,4.181616156892228986e+00,3.777235499301492272e+00,3.567370939593925261e+00,3.200167888381256098e+00,3.495846669783821969e+00,3.368206485035263320e+00,4.324457664658527101e+00,4.365495429058163346e+00,3.303413603633273965e+00,2.373979179582266674e+00,1.792159976375286845e-01,2.969465117429417766e+00,5.061046089714925422e+00,4.592254529207493441e+00,4.346936654695377378e+00,3.867273699105058693e+00,3.842409275434385929e+00,4.409980115338012929e+00,4.840281160375793590e+00,4.543953307085782711e+00,3.987746916892436655e+00,2.106735140451356347e+00,5.849039491019925041e-01,4.469751187550773608e+00,5.577338917955514397e+00,5.157151816270300060e+00,4.470419109371634114e+00,3.803119477284213179e+00,4.226599214540162741e+00,4.157227664671032663e+00,4.052555967278784088e+00,3.946298180347332707e+00,2.342625919081648078e+00,5.843549971102520724e-01,7.270942168665287531e-01,3.020789675022171217e+00,2.671029694563607837e+00,2.507090257361839214e+00,3.862717310340789911e+00,4.407475551255947366e+00,3.627745760405733932e+00,2.936424518139870266e+00,2.722253721411035166e+00,1.081371188775838377e+00,2.413529198035473111e-01,1.335377232221173882e+00,1.897482830318925728e+00,1.087249958693536245e+00,1.571770959271226342e+00,1.594762574520611098e+00,2.231992867368306210e-01,3.310527239086867857e-01,8.588157314159307054e-01,8.015476482249320189e-02
1.893229190922101512e+00,5.779468583490057210e-01,6.364106707878137703e-01,4.341676964452225729e-01,1.891858019983460037e+00,9.558305328070157980e-01,3.370009606817155223e+00,2.702045644109670519e+00,2.149982662328095095e+00,3.100026873072971867e+00,4.203050228502401175e+00,2.485314757221843252e+00,9.434157565064382744e-01,3.644418275848339217e+00,3.717309319832874603e+00,2.843413054855597366e+00,3.545017689627628865e+00,4.378508702392919893e+00,3.955747831502780087e+00,3.914827609901561090e+00,3.078676632333706920e+00,1.126726715164883652e+00,6.675334747265736501e-01,1.310985332365078193e+00,4.181616360594727411e+00,3.777235727468681414e+00,3.567371117527049051e+00,3.200169605521215654e+00,3.495848474683969531e+00,3.368211174342162550e+00,4.324465218452894888e+00,4.365505893300108298e+00,3.303428988465818783e+00,2.373995369390609067e+00,1.792168875255707172e-01,2.969465131756653609e+00,5.061046267475961535e+00,4.592254629421584688e+00,4.346936725621945996e+00,3.867273939804663385e+00,3.842409898491568221e+00,4.409980592500668983e+00,4.840284457132564278e+00,4.543957244049768640e+00,3.987764709487155113e+00,2.106758122520079546e+00,5.849093067842758842e-01,4.469753209374582426e+00,5.577341012749288396e+00,5.157154953906768924e+00,4.470420137162197882e+00,3.803123763817562342e+00,4.226602159945443304e+00,4.157228679367154456e+00,4.052561342704978031e+00,3.946298926951867347e+00,2.342640383285397032e+00,5.843630864106248435e-01,7.270942377135503065e-01,3.020790453890346505e+00,2.671040974793919442e+00,2.507097365397988664e+00,3.862739839245905582e+00,4.407484195413926109e+00,3.627762637971236881e+00,2.936443979530078519e+00,2.722261364967301311e+00,1.081379614950877865e+00,2.413531549648944285e-01,1.335384922849339739e+00,1.897495533842903592e+00,1.087254436407765423e+00,1.571785200605684940e+00,1.594768641473637505e+00,2.232010048793119650e-01,3.387779661702414180e-01,8.588285709729889250e-01,8.015565188334562718e-02
1.893229227336111986e+00,5.779475637272296629e-01,6.364107235666354168e-01,4.341676964213248557e-01,1.891858026972837115e+00,9.558305541819950291e-01,3.370009660386635186e+00,2.702049048910341256e+00,2.149982710536510133e+00,3.100026890427337811e+00,4.203050256763451564e+00,2.485315458302180147e+00,9.434157564829824816e-01,3.644418287978848259e+00,3.717309365911495078e+00,2.843413196505820029e+00,3.545018069014936657e+00,4.378508762671261323e+00,3.955750065539840765e+00,3.914829949148523891e+00,3.078677213484651176e+00,1.126729938551971122e+00,6.675375280094640873e-01,1.310985439880582470e+00,4.181616555133458313e+00,3.777235945370834624e+00,3.567371287456102547e+00,3.200171245381516982e+00,3.495850198354476746e+00,3.368215652599644283e+00,4.324472432274935052e+00,4.365515886577966853e+00,3.303443680871664068e+00,2.374010830542131689e+00,1.792177373663249307e-01,2.969465145443497711e+00,5.061046437240830365e+00,4.592254725129961024e+00,4.346936793361577678e+00,3.867274169676485851e+00,3.842410493511039693e+00,4.409981048191921715e+00,4.840287605515133151e+00,4.543961003825690348e+00,3.987781701288305225e+00,2.106780070231089041e+00,5.849144233367953305e-01,4.469755140205891486e+00,5.577343013266191640e+00,5.157157950331035856e+00,4.470421118699314356e+00,3.803127857429815073e+00,4.226604972790143577e+00,4.157229648399098920e+00,4.052566476201753254e+00,3.946299639958217309e+00,2.342654196497711006e+00,5.843708116383153905e-01,7.270942576267477309e-01,3.020791197708308840e+00,2.671051747335329019e+00,2.507104153524584600e+00,3.862761354188271934e+00,4.407492450525367644e+00,3.627778755925992638e+00,2.936462565019136051e+00,2.722268664511768410e+00,1.081387661890473861e+00,2.413533795471290710e-01,1.335392267348513684e+00,1.897507665620368877e+00,1.087258712597634958e+00,1.571798800981731636e+00,1.594774435374159971e+00,2.232026456972230621e-01,3.461555154213916130e-01,8.588408326621539413e-01,8.015649902653056158e-02
1.893229262115827094e+00,5.779482373626326774e-01,6.364107739744595538e-01,4.341676964030166119e-01,1.891858033652116022e+00,9.558305745994984948e-01,3.370009711549819542e+00,2.702052300474587998e+00,2.149982756580084864e+00,3.100026907005350996e+00,4.203050283757210792e+00,2.485316127833169464e+00,9.434157564651503014e-01,3.644418299567909969e+00,3.717309409920808161e+00,2.843413331785368037e+00,3.545018431331988129e+00,4.378508820241393984e+00,3.955752199033448324e+00,3.914832183116668141e+00,3.078677768484108679e+00,1.126733016867507597e+00,6.675413988694821610e-01,1.310985542561791339e+00,4.181616740921390019e+00,3.777236153470486357e+00,3.567371449741859823e+00,3.200172811440847198e+00,3.495851844451810742e+00,3.368219929307029403e+00,4.324479321426450085e+00,4.365525430089141956e+00,3.303457712015664072e+00,2.374025595832318647e+00,1.792185489627475814e-01,2.969465158519299930e+00,5.061046599369948495e+00,4.592254816535934481e+00,4.346936858058215059e+00,3.867274389208356311e+00,3.842411061755232282e+00,4.409981483378669687e+00,4.840290612201970433e+00,4.543964594388850031e+00,3.987797928338046027e+00,2.106801030138641728e+00,5.849193096126731328e-01,4.469756984140563105e+00,5.577344923749910421e+00,5.157160811899217379e+00,4.470422056065252114e+00,3.803131766804373370e+00,4.226607659040999110e+00,4.157230573822616293e+00,4.052571378658251788e+00,3.946300320879075230e+00,2.342667388018545793e+00,5.843781891797842354e-01,7.270942766486770958e-01,3.020791908054100805e+00,2.671062035038112903e+00,2.507110636140448712e+00,3.862781900804244106e+00,4.407500334100772577e+00,3.627794148458634904e+00,2.936480314029583205e+00,2.722275635528035309e+00,1.081395346663550194e+00,2.413535940269068425e-01,1.335399281297543039e+00,1.897519251384631511e+00,1.087262796333720694e+00,1.571811789247700819e+00,1.594779968512069823e+00,2.232042126712680263e-01,3.532010203970350481e-01,8.588525424922158757e-01,8.015730804910585483e-02
1.893229295335345563e+00,5.779488806844234050e-01,6.364108221185447167e-01,4.341676963905911624e-01,1.891858040035798716e+00,9.558305941031637332e-01,3.370009760415550115e+00,2.702055405699723689e+00,2.149982800556789808e+00,3.100026922842493260e+00,4.203050309541258578e+00,2.485316767235311808e+00,9.434157564532326123e-01,3.644418310640438197e+00,3.717309451954491806e+00,2.843413460981512486e+00,3.545018777347606065e+00,4.378508875225747943e+00,3.955754236509343880e+00,3.914834316544863579e+00,3.078678298509632594e+00,1.126735956641327974e+00,6.675450955175459278e-01,1.310985640626825655e+00,4.181616918352909273e+00,3.777236352209362824e+00,3.567371604728865275e+00,3.200174307021333320e+00,3.495853416467878727e+00,3.368224013536108341e+00,4.324485900520555148e+00,4.365534544077005918e+00,3.303471111660027937e+00,2.374039696580620529e+00,1.792193240366565521e-01,2.969465171012096061e+00,5.061046754207515264e+00,4.592254903833674184e+00,4.346936919849325065e+00,3.867274598866152324e+00,3.842411604429765593e+00,4.409981898984302262e+00,4.840293483570972555e+00,4.543968023355608565e+00,3.987813425056375038e+00,2.106821046701710554e+00,5.849239759765623159e-01,4.469758745090120833e+00,5.577346748253142472e+00,5.157163544681366396e+00,4.470422951248567145e+00,3.803135500233826960e+00,4.226610224396204707e+00,4.157231457600937041e+00,4.052576060473529473e+00,3.946300971159057536e+00,2.342679985829146716e+00,5.843852346839815137e-01,7.270942948199866640e-01,3.020792586434748461e+00,2.671071859724118980e+00,2.507116826996354852e+00,3.862801522676206911e+00,4.407507862862546588e+00,3.627808848219060689e+00,2.936497264209654290e+00,2.722282292802827630e+00,1.081402685570806765e+00,2.413537988594349759e-01,1.335405979574112445e+00,1.897530315710812099e+00,1.087266696278356815e+00,1.571824192953538146e+00,1.594785252624124405e+00,2.232057091254996128e-01,3.599294255297891820e-01,8.588637253013767792e-01,8.015808066724899872e-02
1.893229327065440337e+00,5.779494950574963763e-01,6.364108681013325164e-01,4.341676963843386083e-01,1.891858046137745220e+00,9.558306127346740677e-01,3.370009807087778420e+00,2.702058371172638029e+00,2.149982842560193230e+00,3.100026937972658825e+00,4.203050334170590041e+00,2.485317377865184252e+00,9.434157564475164071e-01,3.644418321220235679e+00,3.717309492102017110e+00,2.843413584368602809e+00,3.545019107796016478e+00,4.378508927741250112e+00,3.955756182289583034e+00,3.914836353958704773e+00,3.078678804685787362e+00,1.126738764109384672e+00,6.675486257950286051e-01,1.310985734283997006e+00,4.181617087804660571e+00,3.777236542009317244e+00,3.567371752746164582e+00,3.200175735295589075e+00,3.495854917737434508e+00,3.368227913950381236e+00,4.324492183512675503e+00,4.365543247873834964e+00,3.303483908227449195e+00,2.374053162696884822e+00,1.792200642323829585e-01,2.969465182948667792e+00,5.061046902082248167e+00,4.592254987208615802e+00,4.346936978866190238e+00,3.867274799094785553e+00,3.842412122686003961e+00,4.409982295890654491e+00,4.840296225712990008e+00,4.543971297999542358e+00,3.987828224314139636e+00,2.106840162378287751e+00,5.849284323266324970e-01,4.469760426790047703e+00,5.577348490646190093e+00,5.157166154474341901e+00,4.470423806148322576e+00,3.803139065637543670e+00,4.226612674297499872e+00,4.157232301608937419e+00,4.052580531578611200e+00,3.946301592177768214e+00,2.342692016651399811e+00,5.843919630955406452e-01,7.270943121795019337e-01,3.020793234289455231e+00,2.671081242233054098e+00,2.507122739224194152e+00,3.862820261425019552e+00,4.407515052780467180e+00,3.627822886387684242e+00,2.936513451513137696e+00,2.722288650457364234e+00,1.081409694179295666e+00,2.413539944794375891e-01,1.335412376386302169e+00,1.897540882067970891e+00,1.087270420704010032e+00,1.571836038409238689e+00,1.594790298918843607e+00,2.232071382343695787e-01,3.663550026467884968e-01,8.588744048099368200e-01,8.015881851989857532e-02
1.893229357373708011e+00,5.779500817853260308e-01,6.364109120206649095e-01,4.341676963845462200e-01,1.891858051971201826e+00,9.558306305338463149e-01,3.370009851665785483e+00,2.702061203183770743e+00,2.149982882679659646e+00,3.100026952428224014e+00,4.203050357697736494e+00,2.485317961018318478e+00,9.434157564482857916e-01,3.644418331330043781e+00,3.717309530448838384e+00,2.843413702208649863e+00,3.545019423378406920e+00,4.378508977899572052e+00,3.955758040501705874e+00,3.914838299680110545e+00,3.078679288086533461e+00,1.126741445226974170e+00,6.675519971903909333e-01,1.310985823732250255e+00,4.181617249636344624e+00,3.777236723273226016e+00,3.567371894108001928e+00,3.200177099293445959e+00,3.495856351445151056e+00,3.368231638823435681e+00,4.324498183730143275e+00,4.365551559941818205e+00,3.303496128861396652e+00,2.374066022744802495e+00,1.792207711202588871e-01,2.969465194354597326e+00,5.061047043308076532e+00,4.592255066837855004e+00,4.346937035234187618e+00,3.867274990319148120e+00,3.842412617623498505e+00,4.409982674939882052e+00,4.840298844444750337e+00,4.543974425266869233e+00,3.987842357502759949e+00,2.106858417715443910e+00,5.849326881155658686e-01,4.469762032807709673e+00,5.577350154625170475e+00,5.157168646814105806e+00,4.470424622578113016e+00,3.803142470578466661e+00,4.226615013941714238e+00,4.157233107637117620e+00,4.052584801457561170e+00,3.946302185252726691e+00,2.342703506004513159e+00,5.843983886864797528e-01,7.270943287643081288e-01,3.020793852992656348e+00,2.671090202466688712e+00,2.507128385364832290e+00,3.862838156798297895e+00,4.407521919105560571e+00,3.627836292741576152e+00,2.936528910275637561e+00,2.722294721977309262e+00,1.081416387355441433e+00,2.413541813020785576e-01,1.335418485302726888e+00,1.897550972868889962e+00,1.087273977510828660e+00,1.571847350740656291e+00,1.594795118100284625e+00,2.232085030294623240e-01,3.724913812406093205e-01,8.588846036706100362e-01,8.015952317223237755e-02
1.893229386324714048e+00,5.779506421127327265e-01,6.364109539699913665e-01,4.341676963914991583e-01,1.891858057548830185e+00,9.558306475387162715e-01,3.370009894244394122e+00,2.702063907740453796e+00,2.149982921000539893e+00,3.100026966240119197e+00,4.203050380172874689e+00,2.485318517931949689e+00,9.434157564558225406e-01,3.644418340991592231e+00,3.717309567076574783e+00,2.843413814751883706e+00,3.545019724764415514e+00,4.378509025807370669e+00,3.955759815087492193e+00,3.914840157836490420e+00,3.078679749737505134e+00,1.126744005681370009e+00,6.675552168550662469e-01,1.310985909161586527e+00,4.181617404191481313e+00,3.777236896385842257e+00,3.567372029114488363e+00,3.200178401908378323e+00,3.495857720632377763e+00,3.368235196056497571e+00,4.324503913900473506e+00,4.365559497912217424e+00,3.303507799483687002e+00,2.374078304002493756e+00,1.792214461999489805e-01,2.969465205254325113e+00,5.061047178184809425e+00,4.592255142890524056e+00,4.346937089073060534e+00,3.867275172945014994e+00,3.842413090292321254e+00,4.409983036936244716e+00,4.840301345321193160e+00,4.543977411791184196e+00,3.987855854600815153e+00,2.106875851435336955e+00,5.849367523706097138e-01,4.469763566549922018e+00,5.577351743719858312e+00,5.157171026987470874e+00,4.470425402269916582e+00,3.803145722279158925e+00,4.226617248291788975e+00,4.157233877395396959e+00,4.052588879167597469e+00,3.946302751642161155e+00,2.342714478259147803e+00,5.844045250864757790e-01,7.270943446098299123e-01,3.020794443856935185e+00,2.671098759431073333e+00,2.507133777394709107e+00,3.862855246754727467e+00,4.407528476402452711e+00,3.627849095717624817e+00,2.936543673287407952e+00,2.722300520241379918e+00,1.081422779296576486e+00,2.413543597238430871e-01,1.335424319281319328e+00,1.897560609517615626e+00,1.087277374243401429e+00,1.571858153942800929e+00,1.594799720390749131e+00,2.232098064059263309e-01,3.783515773782088476e-01,8.588943435165762308e-01,8.016019611898898833e-02
1.893229413980129561e+00,5.779511772285237381e-01,6.364109940385688224e-01,4.341676964054826948e-01,1.891858062882734837e+00,9.558306637856200938e-01,3.370009934914171890e+00,2.702066490579655422e+00,2.149982957604355871e+00,3.100026979437892738e+00,4.203050401643933398e+00,2.485319049787641621e+00,9.434157564704085397e-01,3.644418350225643533e+00,3.717309602063183060e+00,2.843413922237282510e+00,3.545020012593552039e+00,4.378509071566513811e+00,3.955761509811324128e+00,3.914841932369503841e+00,3.078680190618187318e+00,1.126746450903888030e+00,6.675582916186310056e-01,1.310985990753466890e+00,4.181617551798141541e+00,3.777237061714614708e+00,3.567372158052238618e+00,3.200179645903643788e+00,3.495859028203591290e+00,3.368238593195189257e+00,4.324509386178359449e+00,4.365567078622767383e+00,3.303518944849474170e+00,2.374090032520371096e+00,1.792220909036331966e-01,2.969465215671201808e+00,5.061047306998773365e+00,4.592255215528152412e+00,4.346937140497170837e+00,3.867275347359906856e+00,3.842413541695294477e+00,4.409983382647814310e+00,4.840303733647255413e+00,4.543980263907529960e+00,3.987868744237636598e+00,2.106892500517349998e+00,5.849406337127276423e-01,4.469765031270177325e+00,5.577353261301174037e+00,5.157173300043313091e+00,4.470426146877771068e+00,3.803148827637124363e+00,4.226619382087307031e+00,4.157234612516749195e+00,4.052592773358306033e+00,3.946303292547681085e+00,2.342724956689114180e+00,5.844103853117785796e-01,7.270943597499081035e-01,3.020795008135809034e+00,2.671106931276853835e+00,2.507138926751245833e+00,3.862871567544582163e+00,4.407534738580261013e+00,3.627861322472857530e+00,2.936557771862907007e+00,2.722306057548663283e+00,1.081428883561057486e+00,2.413545301233813445e-01,1.335429890696818278e+00,1.897569812454863003e+00,1.087280618106763352e+00,1.571868470930738892e+00,1.594804115552468593e+00,2.232110511286172494e-01,3.839480213090183947e-01,8.589036450073714857e-01,8.016083878764243553e-02
1.893229440398866092e+00,5.779516882680179046e-01,6.364110323116535239e-01,4.341676964267852656e-01,1.891858067984492298e+00,9.558306793092745668e-01,3.370009973761623367e+00,2.702068957180153053e+00,2.149982992568973739e+00,3.100026992049779828e+00,4.203050422156701771e+00,2.485319557713793426e+00,9.434157564923285610e-01,3.644418359052043588e+00,3.717309635483128538e+00,2.843414024893085479e+00,3.545020287476557286e+00,4.378509115274298757e+00,3.955763128268172668e+00,3.914843627043420593e+00,3.078680611663997535e+00,1.126748786081409159e+00,6.675612280032950929e-01,1.310986068681201377e+00,4.181617692769644457e+00,3.777237219610469321e+00,3.567372281194983064e+00,3.200180833918148338e+00,3.495860276932560851e+00,3.368241837445541176e+00,4.324514612171455497e+00,4.365574318153396582e+00,3.303529588599760203e+00,2.374101233176400427e+00,1.792227065990476542e-01,2.969465225627542004e+00,5.061047430023421612e+00,4.592255284905015777e+00,4.346937189615745822e+00,3.867275513933916553e+00,3.842413972790119203e+00,4.409983712808109857e+00,4.840306014489129005e+00,4.543982987665842188e+00,3.987881053754036564e+00,2.106908400276533477e+00,5.849443403748897374e-01,4.469766430075552854e+00,5.577354710588333653e+00,5.157175470803285755e+00,4.470426857981282254e+00,3.803151793239441414e+00,4.226621419854547312e+00,4.157235314560664641e+00,4.052596492289991303e+00,3.946303809116828543e+00,2.342734963520742397e+00,5.844159817928240575e-01,7.270943742168751722e-01,3.020795547026392747e+00,2.671114735337776214e+00,2.507143844357110130e+00,3.862887153786617400e+00,4.407540718922104084e+00,3.627872998942047733e+00,2.936571235907223798e+00,2.722311345644711444e+00,1.081434713097028766e+00,2.413546928623153676e-01,1.335435211367021591e+00,1.897578601201377113e+00,1.087283715981684162e+00,1.571878323588203008e+00,1.594808312908315040e+00,2.232122398379659256e-01,3.892925838306441344e-01,8.589125278727146595e-01,8.016145254143469678e-02
1.893229465637204623e+00,5.779521763154580327e-01,6.364110688706861030e-01,4.341676964557037444e-01,1.891858072865178819e+00,9.558306941428553749e-01,3.370010010869382455e+00,2.702071312774159573e+00,2.149983025968776218e+00,3.100027004102764216e+00,4.203050441754928812e+00,2.485320042788041750e+00,9.434157565218760366e-01,3.644418367489766108e+00,3.717309667407545426e+00,2.843414122937280464e+00,3.545020549996706016e+00,4.378509157023666276e+00,3.955764673891231098e+00,3.914845245453111744e+00,3.078681013768271857e+00,1.126751016167387265e+00,6.675640322377407454e-01,1.310986143110319802e+00,4.181617827405228027e+00,3.777237370408557560e+00,3.567372398804152578e+00,3.200181968472046723e+00,3.495861469468235949e+00,3.368244935689278741e+00,4.324519602965007259e+00,4.365581231860335087e+00,3.303539753311546701e+00,2.374111929728873971e+00,1.792232945923909193e-01,2.969465235144676196e+00,5.061047547519922141e+00,4.592255351168464728e+00,4.346937236533118920e+00,3.867275673020500903e+00,3.842414384491413593e+00,4.409984028117657218e+00,4.840308192685008670e+00,4.543985588843783674e+00,3.987892809260308535e+00,2.106923584438519459e+00,5.849478802195419158e-01,4.469767765933303494e+00,5.577356094655685936e+00,5.157177543872052183e+00,4.470427537088982994e+00,3.803154625376742093e+00,4.226623365916094777e+00,4.157235985016465740e+00,4.052600043851205314e+00,3.946304302445518442e+00,2.342744519980033413e+00,5.844213264006075104e-01,7.270943880416288474e-01,3.020796061671940702e+00,2.671122188167459832e+00,2.507148540643387769e+00,3.862902038541507821e+00,4.407546430113283620e+00,3.627884149892733223e+00,2.936584093979518251e+00,2.722316395746459783e+00,1.081440280269891696e+00,2.413548482860116695e-01,1.335440292577860344e+00,1.897586994399347304e+00,1.087286674439269074e+00,1.571887732814019056e+00,1.594812321361583018e+00,2.232133750555845009e-01,3.943966014680361232e-01,8.589210109543633509e-01,8.016203868227353424e-02
1.893229489748923022e+00,5.779526424063177181e-01,6.364111037934718773e-01,4.341676964925512139e-01,1.891858077535402582e+00,9.558307083180745956e-01,3.370010046316392227e+00,2.702073562358427772e+00,2.149983057874827352e+00,3.100027015622646154e+00,4.203050460480422856e+00,2.485320506039550015e+00,9.434157565593606076e-01,3.644418375556959688e+00,3.717309697904397581e+00,2.843414216578072473e+00,3.545020800711049080e+00,4.378509196903401346e+00,3.955766149959201172e+00,3.914846791031682205e+00,3.078681397784171381e+00,1.126753145892363417e+00,6.675667102703426448e-01,1.310986214198931687e+00,4.181617955990692970e+00,3.777237514428977594e+00,3.567372511129440760e+00,3.200183051972098180e+00,3.495862608340373434e+00,3.368247894498427986e+00,4.324524369145370528e+00,4.365587834408701795e+00,3.303549460545731620e+00,2.374122144866814832e+00,1.792238561311020328e-01,2.969465244243004065e+00,5.061047659737716309e+00,4.592255414459248897e+00,4.346937281348957072e+00,3.867275824957239649e+00,3.842414777672660264e+00,4.409984329245480339e+00,4.840310272855364637e+00,4.543988072959010083e+00,3.987904035691617999e+00,2.106938085211067513e+00,5.849512607552922461e-01,4.469769041677166044e+00,5.577357416439241433e+00,5.157179523647061004e+00,4.470428185641539542e+00,3.803157330056563090e+00,4.226625224400017089e+00,4.157236625306470756e+00,4.052603435575482749e+00,3.946304773580370462e+00,2.342753646337690121e+00,5.844264304718717051e-01,7.270944012537052803e-01,3.020796553164282638e+00,2.671129305574517776e+00,2.507153025571718263e+00,3.862916253381983189e+00,4.407551884268196218e+00,3.627894798977755908e+00,2.936596373353605571e+00,2.722321218566027490e+00,1.081445596888542360e+00,2.413549967243219796e-01,1.335445145107346798e+00,1.897595009851956949e+00,1.087289499754905409e+00,1.571896718566442974e+00,1.594816149414882478e+00,2.232144591896229324e-01,3.992709005194929328e-01,8.589291122460889216e-01,8.016259845350318103e-02
1.893229512785420399e+00,5.779530875295089132e-01,6.364111371543561546e-01,4.341676965376689568e-01,1.891858082005336561e+00,9.558307218652589698e-01,3.370010080178085232e+00,2.702075710704861855e+00,2.149983088355034599e+00,3.100027026634105898e+00,4.203050478373151932e+00,2.485320948451203993e+00,9.434157566051200039e-01,3.644418383270999318e+00,3.717309727038629497e+00,2.843414306014339310e+00,3.545021040151608904e+00,4.378509234998336552e+00,3.955767559603261319e+00,3.914848267057763564e+00,3.078681764526498998e+00,1.126755179774011184e+00,6.675692677817964826e-01,1.310986282098072886e+00,4.181618078799017368e+00,3.777237651977461308e+00,3.567372618409346163e+00,3.200184086716782339e+00,3.495863695964913642e+00,3.368250720149268407e+00,4.324528920822479527e+00,4.365594139803615548e+00,3.303558730892856676e+00,2.374131900258113159e+00,1.792243924065179961e-01,2.969465252942049105e+00,5.061047766915061530e+00,4.592255474911823399e+00,4.346937324158484550e+00,3.867275970066561097e+00,3.842415153168070585e+00,4.409984616830535664e+00,4.840312259412754337e+00,4.543990445280882362e+00,3.987914756860907683e+00,2.106951933352394057e+00,5.849544891528500878e-01,4.469770260013380181e+00,5.577358678742910136e+00,5.157181414327885349e+00,4.470428805014819318e+00,3.803159913016098237e+00,4.226626999248626504e+00,4.157237236789030455e+00,4.052606674657336150e+00,3.946305223520941041e+00,2.342762361952125616e+00,5.844313048331666316e-01,7.270944138813532076e-01,3.020797022546150234e+00,2.671136102656102018e+00,2.507157308655435290e+00,3.862929828459808590e+00,4.407557092956043476e+00,3.627904968785449213e+00,2.936608100075823291e+00,2.722325824333452271e+00,1.081450674230431952e+00,2.413551384922948961e-01,1.335449779248447877e+00,1.897602664561159891e+00,1.087292197921586823e+00,1.571905299905508757e+00,1.594819805188186779e+00,2.232154945398886758e-01,4.039258200204803306e-01,8.589368489318570665e-01,8.016313304255438810e-02
1.893229534795843882e+00,5.779535126294959024e-01,6.364111690243990926e-01,4.341676965914434416e-01,1.891858086284756046e+00,9.558307348134313930e-01,3.370010112526559798e+00,2.702077762370656444e+00,2.149983117474310923e+00,3.100027037160773435e+00,4.203050495471349457e+00,2.485321370961713683e+00,9.434157566595378075e-01,3.644418390648538342e+00,3.717309754872325289e+00,2.843414391436068112e+00,3.545021268826524796e+00,4.378509271389546598e+00,3.955768905813724423e+00,3.914849676662485400e+00,3.078682114773447331e+00,1.126757122126736288e+00,6.675717101971859746e-01,1.310986346952041748e+00,4.181618196090954420e+00,3.777237783346042654e+00,3.567372720871693659e+00,3.200185074901190863e+00,3.495864734649123839e+00,3.368253418635659635e+00,4.324533267651307078e+00,4.365600161419921577e+00,3.303567584016797287e+00,2.374141216595505810e+00,1.792249045564179577e-01,2.969465261260517686e+00,5.061047869279552636e+00,4.592255532654654360e+00,4.346937365052702340e+00,3.867276108656447775e+00,3.842415511774373016e+00,4.409984891483083480e+00,4.840314156571197124e+00,4.543992710841662230e+00,3.987924995509422921e+00,2.106965158236431268e+00,5.849575722602545769e-01,4.469771423526445631e+00,5.577359884244465604e+00,5.157183219925148165e+00,4.470429396522830778e+00,3.803162379734388310e+00,4.226628694226864269e+00,4.157237820761418234e+00,4.052609767967534360e+00,3.946305653221859888e+00,2.342770685310544110e+00,5.844359598238326736e-01,7.270944259516117780e-01,3.020797470813406438e+00,2.671142593829943568e+00,2.507161398979764311e+00,3.862942792569758588e+00,4.407562067225391012e+00,3.627914680887565524e+00,2.936619299020293727e+00,2.722330222818405421e+00,1.081455523065504964e+00,2.413552738908619211e-01,1.335454204830937686e+00,1.897609974763762031e+00,1.087294774662643571e+00,1.571913495033475439e+00,1.594823296436074012e+00,2.232164833027426298e-01,4.083712336739573900e-01,8.589442374222965304e-01,8.016364358348193608e-02
1.893229555827218746e+00,5.779539186083249014e-01,6.364111994715530018e-01,4.341676966543343563e-01,1.891858090383087054e+00,9.558307471903987329e-01,3.370010143430760330e+00,2.702079721707989268e+00,2.149983145294738218e+00,3.100027047225306198e+00,4.203050511811615486e+00,2.485321774467629474e+00,9.434157567230707642e-01,3.644418397705571078e+00,3.717309781464865459e+00,2.843414473024784783e+00,3.545021487221155621e+00,4.378509306154547254e+00,3.955770191446409179e+00,3.914851022836144168e+00,3.078682449268274279e+00,1.126758977070855261e+00,6.675740426975168562e-01,1.310986408898733524e+00,4.181618308115614191e+00,3.777237908813702472e+00,3.567372818734145579e+00,3.200186018621711703e+00,3.495865726596516954e+00,3.368255995681785020e+00,4.324537418852374415e+00,4.365605912030593672e+00,3.303576038696502071e+00,2.374150113640494997e+00,1.792253936674635673e-01,2.969465269216366110e+00,5.061047967048634355e+00,4.592255587810519124e+00,4.346937404118611958e+00,3.867276241021115002e+00,3.842415854252528185e+00,4.409985153786009526e+00,4.840315968355141329e+00,4.543994874447215615e+00,3.987934773354979701e+00,2.106977787915164768e+00,5.849605166174279836e-01,4.469772534684632426e+00,5.577361035501254172e+00,5.157184944269058491e+00,4.470429961420530063e+00,3.803164735443968603e+00,4.226630312930317324e+00,4.157238378462612793e+00,4.052612722067704176e+00,3.946306063594884339e+00,2.342778634068181987e+00,5.844404053179597103e-01,7.270944374903944851e-01,3.020797898917185087e+00,2.671148792864962207e+00,2.507165305221120910e+00,3.862955173210723903e+00,4.407566817627626143e+00,3.627923955885061336e+00,2.936629993941715977e+00,2.722334423350944999e+00,1.081460153679072222e+00,2.413554032075033717e-01,1.335458431242275701e+00,1.897616955965891528e+00,1.087297235443910548e+00,1.571921321333466848e+00,1.594826630564203374e+00,2.232174275757850268e-01,4.126165707937191618e-01,8.589512933895372404e-01,8.016413115939900746e-02
1.893229575924592067e+00,5.779543063275817127e-01,6.364112285608494179e-01,4.341676967269184617e-01,1.891858094309469385e+00,9.558307590228547479e-01,3.370010172956667382e+00,2.702081592873298632e+00,2.149983171875744947e+00,3.100027056849482321e+00,4.203050527429042837e+00,2.485322159825289479e+00,9.434157567962933033e-01,3.644418404457509642e+00,3.717309806873095201e+00,2.843414550953986097e+00,3.545021695799158046e+00,4.378509339367505859e+00,3.955771419228739649e+00,3.914852308434589645e+00,3.078682768720924834e+00,1.126760748541379309e+00,6.675762702307515006e-01,1.310986468069975652e+00,4.181618415111032938e+00,3.777238028647003532e+00,3.567372912204705759e+00,3.200186919880519731e+00,3.495866673911571798e+00,3.368258456754335217e+00,4.324541383231347069e+00,4.365611403833861814e+00,3.303584112865870726e+00,2.374158610265309388e+00,1.792258607775477075e-01,2.969465276826881883e+00,5.061048060430101359e+00,4.592255640496809121e+00,4.346937441439444605e+00,3.867276367441681462e+00,3.842416181329387115e+00,4.409985404296106637e+00,4.840317698608046726e+00,4.543996940687248909e+00,3.987944111138074010e+00,2.106989849178178886e+00,5.849633284700936908e-01,4.469773595845261127e+00,5.577362134955662576e+00,5.157186591017576482e+00,4.470430500906537041e+00,3.803166985142012457e+00,4.226631858792879726e+00,4.157238911075974208e+00,4.052615543224289851e+00,3.946306455510875555e+00,2.342786225085801810e+00,5.844446507453768813e-01,7.270944485225887544e-01,3.020798307765951485e+00,2.671154712910517759e+00,2.507169035665560042e+00,3.862966996644083384e+00,4.407571354239388839e+00,3.627932813451838268e+00,2.936640207525798019e+00,2.722338434841348853e+00,1.081464575893670732e+00,2.413555267169028018e-01,1.335462467447565027e+00,1.897623622975933788e+00,1.087299585485366871e+00,1.571928795406389856e+00,1.594829814645069233e+00,2.232183293623490050e-01,4.166708363051792041e-01,8.589580318005004544e-01,8.016459680482115879e-02
1.893229595131205478e+00,5.779546766102943156e-01,6.364112563546134860e-01,4.341676968099674738e-01,1.891858098072851435e+00,9.558307703365126473e-01,3.370010201167513930e+00,2.702083379836172750e+00,2.149983197274307312e+00,3.100027066054320102e+00,4.203050542357366304e+00,2.485322527852709573e+00,9.434157568799750315e-01,3.644418410919294082e+00,3.717309831151522914e+00,2.843414625389578898e+00,3.545021895003542589e+00,4.378509371099474023e+00,3.955772591765607693e+00,3.914853536185358251e+00,3.078683073809612036e+00,1.126762440296436463e+00,6.675783975223799072e-01,1.310986524591884361e+00,4.181618517304758420e+00,3.777238143100733136e+00,3.567373001482240014e+00,3.200187780589899500e+00,3.495867578604271664e+00,3.368260807074182406e+00,4.324545169197795857e+00,4.365616648479170969e+00,3.303591823651868875e+00,2.374166724493012026e+00,1.792263068780726998e-01,2.969465284108798286e+00,5.061048149622621395e+00,4.592255690825858494e+00,4.346937477094910740e+00,3.867276488186843775e+00,3.842416493699311708e+00,4.409985643545327072e+00,4.840319351000609949e+00,4.543998913945119789e+00,3.987953028665952804e+00,2.107001367609559583e+00,5.849660137831030893e-01,4.469774609259778764e+00,5.577363184940374197e+00,5.157188163664253366e+00,4.470431016125746559e+00,3.803169133601008944e+00,4.226633335094121868e+00,4.157239419731822316e+00,4.052618237421923730e+00,3.946306829801724092e+00,2.342793474465532988e+00,5.844487051117336351e-01,7.270944590721852840e-01,3.020798698227510126e+00,2.671160366524378382e+00,2.507172598226427684e+00,3.862978287949486944e+00,4.407575686684018557e+00,3.627941272376554949e+00,2.936649961437454603e+00,2.722342265799093664e+00,1.081468799089977617e+00,2.413556446816072787e-01,1.335466322008648454e+00,1.897629989936023165e+00,1.087301829772288286e+00,1.571935933106228811e+00,1.594832855433081065e+00,2.232191905758271755e-01,4.205426298460300805e-01,8.589644669487267459e-01,8.016504150794118155e-02
1.893229613488732532e+00,5.779550302428259068e-01,6.364112829127428483e-01,4.341676969045966672e-01,1.891858101682157622e+00,9.558307811563069301e-01,3.370010228124066032e+00,2.702085086387921997e+00,2.149983221545218370e+00,3.100027074860272069e+00,4.203050556629182033e+00,2.485322879331467227e+00,9.434157569752298356e-01,3.644418417105569574e+00,3.717309854352582210e+00,2.843414696490384586e+00,3.545022085257764743e+00,4.378509401418686053e+00,3.955773711545046645e+00,3.914854708693606078e+00,3.078683365182403708e+00,1.126764055925391972e+00,6.675804290855918977e-01,1.310986578585279005e+00,4.181618614914476062e+00,3.777238252418592346e+00,3.567373086757043676e+00,3.200188602576449881e+00,3.495868442594516345e+00,3.368263051627599758e+00,4.324548784783182498e+00,4.365621657092036756e+00,3.303599187411008220e+00,2.374174473535877627e+00,1.792267329162009204e-01,2.969465291078478675e+00,5.061048234816301949e+00,4.592255738905329565e+00,4.346937511161526047e+00,3.867276603513598143e+00,3.842416792025795669e+00,4.409985872042067712e+00,4.840320929038699482e+00,4.544000798407287434e+00,3.987961544854779827e+00,2.107012367642314921e+00,5.849685782532386691e-01,4.469775577078687334e+00,5.577364187683468089e+00,5.157189665545788948e+00,4.470431508171913038e+00,3.803171185379033314e+00,4.226634744966388801e+00,4.157239905509991118e+00,4.052620810376269311e+00,3.946307187262263483e+00,2.342800397585178107e+00,5.844525770177542157e-01,7.270944691624776635e-01,3.020799071130989777e+00,2.671165765699508921e+00,2.507176000461295740e+00,3.862989071078200887e+00,4.407579824152120018e+00,3.627949350602624801e+00,2.936659276366913041e+00,2.722345924351052382e+00,1.081472832226856307e+00,2.413557573527336519e-01,1.335470003102422254e+00,1.897636070352192172e+00,1.087303973065972595e+00,1.571942749573829845e+00,1.594835759379040319e+00,2.232200130438787011e-01,4.242401640073386049e-01,8.589706124848510704e-01,8.016546621287923280e-02
1.893229631037699923e+00,5.779553679768735241e-01,6.364113082931651677e-01,4.341676970125980528e-01,1.891858105146636326e+00,9.558307915067776328e-01,3.370010253885085572e+00,2.702086716149951329e+00,2.149983244741538346e+00,3.100027083287600238e+00,4.203050570276347209e+00,2.485323215008689690e+00,9.434157570838486162e-01,3.644418423031048793e+00,3.717309876527075119e+00,2.843414764408803475e+00,3.545022266966954216e+00,4.378509430391035018e+00,3.955774780943841051e+00,3.914855828447966868e+00,3.078683643458928643e+00,1.126765598856793504e+00,6.675823692311827484e-01,1.310986630166271816e+00,4.181618708148807428e+00,3.777238356834042854e+00,3.567373168211577905e+00,3.200189387585293144e+00,3.495869267716526174e+00,3.368265195177170046e+00,4.324552237658222609e+00,4.365626440297975641e+00,3.303606219764374963e+00,2.374181873832236445e+00,1.792271397971959834e-01,2.969465297752281074e+00,5.061048316193427432e+00,4.592255784838773280e+00,4.346937543713108809e+00,3.867276713668121424e+00,3.842417076943203558e+00,4.409986090272576931e+00,4.840322436071126333e+00,4.544002598072523824e+00,3.987969677770093480e+00,2.107022872610539110e+00,5.849710273216367495e-01,4.469776501356430565e+00,5.577365145313472716e+00,5.157191099849445237e+00,4.470431978090299907e+00,3.803173144829751440e+00,4.226636091401784867e+00,4.157240369442451566e+00,4.052623267546477948e+00,3.946307528652287289e+00,2.342807009131164797e+00,5.844562746778196871e-01,7.270944788164439565e-01,3.020799427268940018e+00,2.671170921889844507e+00,2.507179249588327163e+00,3.862999368904249664e+00,4.407583775421386463e+00,3.627957065266614212e+00,2.936668172073937821e+00,2.722349418259068177e+00,1.081476683860695287e+00,2.413558649708364146e-01,1.335473518538523585e+00,1.897641877123362519e+00,1.087306019914180411e+00,1.571949259269364241e+00,1.594838532644161644e+00,2.232207985126395955e-01,4.277712817538974477e-01,8.589764814459067699e-01,8.016587182202947193e-02
1.893229647818536421e+00,5.779556905320240023e-01,6.364113325529234810e-01,4.341676971374072158e-01,1.891858108476843325e+00,9.558308014130849628e-01,3.370010278508418278e+00,2.702088272582405803e+00,2.149983266915671098e+00,3.100027091357384634e+00,4.203050583331014778e+00,2.485323535599600397e+00,9.434157572092674027e-01,3.644418428711508007e+00,3.717309897725241452e+00,2.843414829292104429e+00,3.545022440519742357e+00,4.378509458081178529e+00,3.955775802233530758e+00,3.914856897826795024e+00,3.078683909232652560e+00,1.126767072366607891e+00,6.675842220776626590e-01,1.310986679447476266e+00,4.181618797208717986e+00,3.777238456571767600e+00,3.567373246021821931e+00,3.200190137284739667e+00,3.495870055723699021e+00,3.368267242272852791e+00,4.324555535150128804e+00,4.365631008246010580e+00,3.303612935631735414e+00,2.374188941082310045e+00,1.792275283873081826e-01,2.969465304147563600e+00,5.061048393929811873e+00,4.592255828726822919e+00,4.346937574821909678e+00,3.867276818887274814e+00,3.842417349059084941e+00,4.409986298702951224e+00,4.840323875297710465e+00,4.544004316761359519e+00,3.987977444666100713e+00,2.107032904799889916e+00,5.849733661863096845e-01,4.469777384056727421e+00,5.577366059864852232e+00,5.157192469620773601e+00,4.470432426880868171e+00,3.803175016112622320e+00,4.226637377259480743e+00,4.157240812516468154e+00,4.052625614147738808e+00,3.946307854699130591e+00,2.342813323130670700e+00,5.844598059383744326e-01,7.270944880577634439e-01,3.020799767399978908e+00,2.671175846035559243e+00,2.507182352502558498e+00,3.863009203273905623e+00,4.407587548876192862e+00,3.627964432735561573e+00,2.936676667430727417e+00,2.722352754937390262e+00,1.081480362164527476e+00,2.413559677673899062e-01,1.335476875776883565e+00,1.897647422569694209e+00,1.087307974661766208e+00,1.571955476004002650e+00,1.594841181114118100e+00,2.232215486513946523e-01,4.311434730612818678e-01,8.589820862839818716e-01,8.016625919896605557e-02
