5.713628934761565577e-06,1.476893937465045055e-04,9.344426290023148695e-06,5.770929400978702751e-07,1.350812047242953849e-06,3.758080485774173190e-06,8.963865424485230229e-06,6.253071947267982390e-04,7.103935333340407323e-06,2.542926411305254182e-06,3.581564117650438191e-06,1.156720918408968800e-04,8.521239077835020561e-07,2.187070535565061758e-06,8.018458580218518897e-06,2.678550539495797172e-05,6.352393014856061275e-05,9.171070457588335575e-06,3.579978998547131853e-04,3.623797711735249078e-04,9.853172546322789790e-05,7.131832333392987755e-04,1.062176598537365900e-03,1.539652977737020656e-05,3.023567470354796623e-05,3.668585576082632909e-05,2.987238150647079796e-05,2.934335588127973127e-04,2.864601790221853054e-04,7.620081618069286409e-04,1.048023923144826780e-03,1.466554983030863646e-03,2.505504298582404872e-03,3.630546115127898221e-03,3.009934347421813782e-04,1.677500344874387039e-06,2.222895984025000359e-05,1.378118008155897603e-05,9.385082155257761340e-06,3.339267025352241693e-05,9.499445112957398342e-05,6.768862727610427531e-05,4.296675655363258904e-04,5.432444131700980882e-04,2.574056481091862875e-03,3.907754713870180245e-03,1.033201850958963969e-03,2.309230891001140442e-04,2.370302547934338819e-04,3.837206725936014116e-04,1.420026034327702912e-04,6.425730423107159275e-04,4.227123293882077367e-04,1.433288957264073466e-04,7.759328880314888491e-04,1.129986099972766806e-04,2.824844174910850093e-03,1.805485450413915919e-03,1.933989422476655922e-06,8.247650082578159079e-05,1.443602715707997201e-03,9.686437866233932022e-04,3.398858562153504563e-03,1.226145433495722708e-03,2.640896539930064416e-03,3.210661266963465293e-03,1.466631498544911658e-03,1.992156500752607917e-03,3.595402398489008485e-05,1.003991536193392072e-03,1.756907883689506813e-03,6.627827461972998031e-04,1.942158685500673188e-03,1.263981622725933061e-03,5.027788099922600625e-04,8.606905049079218968e-04,2.149764669184671406e-03,1.593915881617865465e-04
2.764931567641614239e-12,1.476893868754701109e-04,3.464887896748095519e-12,3.287243245275376071e-14,3.460442362335394184e-12,4.168594108741473114e-12,4.723196181625256387e-12,6.253071914434575173e-04,3.462586557626736634e-12,2.549040319980779112e-12,1.612667005802493998e-12,2.725395771310673154e-12,2.993667933510361419e-14,4.247020029533886218e-12,4.114033854505174372e-12,2.678548701564572248e-05,6.352392324999120985e-05,3.149500711525232945e-12,4.161351614590515989e-12,2.785145042851606597e-12,3.950878026552988277e-12,7.131832325878940861e-04,1.062176598321395429e-03,2.327568736068294980e-12,4.493254615846131270e-12,4.748398226158652268e-12,8.864756084741591811e-12,2.934335552641959585e-04,5.248914010110875392e-12,4.843391892959984866e-12,3.626364651485394810e-12,3.525699767265043466e-12,2.505504297873374382e-03,3.630546114863805653e-03,3.009934346325218637e-04,2.034347245585323074e-12,2.363652074119305807e-12,6.497125576809007724e-12,9.385081332159585013e-06,3.339266992386479005e-05,9.499315094424147087e-05,4.342211854019183547e-12,2.358092585475170086e-12,4.180047101950695537e-12,2.574056480294400085e-03,3.907754713757872513e-03,1.033201850874957166e-03,2.216625753339830972e-12,1.762895812151541783e-12,3.482082981004486439e-12,1.099635691666315402e-11,6.425730386659145614e-04,5.231191848776088445e-12,1.433286675613628172e-04,7.759312073323860635e-04,1.129985970290389637e-04,2.824844174693639295e-03,1.805485450356175865e-03,1.212611086059796403e-12,1.952836679876947523e-12,1.443602712956349116e-03,1.039194950632682670e-11,3.398858561031017043e-03,9.234970526084791715e-12,2.640896538810449164e-03,3.210661266821163325e-03,1.466631498282547743e-03,1.992156500606129168e-03,3.595402263460132790e-05,1.003991536093596466e-03,1.756907883598204630e-03,6.627827460896541399e-04,1.942158685457130761e-03,1.263981622609069945e-03,5.027788098774499913e-04,8.606905049476143215e-04,2.149764669153774680e-03,1.593915881163304488e-04
1.687460884984695086e-12,4.726341130959461170e-12,1.965403659139862883e-12,6.701923770373019781e-14,2.707991003211496242e-12,2.215464836794970193e-12,2.392967253249607793e-12,5.780899624171142328e-12,1.992303430908834106e-12,1.599738621723698972e-12,1.099956463080291502e-12,1.660174612884670509e-12,6.096058551617381797e-14,2.244852271416537842e-12,2.198228152475379339e-12,4.302987423508123778e-12,4.770500145501410151e-12,1.860301773693737495e-12,2.218862394435073636e-12,1.695315029870546526e-12,2.139553448471943033e-12,7.131832278699382424e-04,1.062176597896259808e-03,1.484508765152427936e-12,2.326069169518729607e-12,2.384697541325772047e-12,3.115957064705011384e-12,5.612476284284245511e-12,2.518952267532205338e-12,2.409438892554240801e-12,2.049701191939051347e-12,2.010336479273786235e-12,2.505504293904843149e-03,3.630546114297816124e-03,3.009934344510978689e-04,1.345543589899323388e-12,1.512694747946526962e-12,2.820478205342599113e-12,9.385074925592925321e-06,3.339266915617867057e-05,4.035710889654292632e-12,2.289446405172350319e-12,1.505144370832685771e-12,2.242629316869908454e-12,2.574056474629710881e-03,3.907754713577096112e-03,1.033201850747764855e-03,1.446020702038198002e-12,1.193459324272621131e-12,2.014739479404469842e-12,3.373293954033481620e-12,5.590889420041972195e-12,2.533726255921909401e-12,4.096936971699256107e-12,4.047931041553033027e-12,4.451538006063922826e-12,2.824844174268668906e-03,1.805485450272840183e-03,8.657177722393234784e-13,1.308900139693361771e-12,6.376445925536023566e-12,3.329595086837196352e-12,1.051631062934296441e-09,3.200894700246398437e-12,2.452816392532546422e-03,3.210661266576735149e-03,1.466631497723552618e-03,1.992156500348931259e-03,1.681518701445228666e-11,1.003991535939721723e-03,1.756907883459861951e-03,6.627827459192986567e-04,1.942158685398097905e-03,1.263981622417715417e-03,5.027788096870214806e-04,8.606905049870751606e-04,2.149764669111243164e-03,1.593915880532442752e-04
1.286121098508040426e-12,2.825879991974620663e-12,1.458013682881201045e-12,8.893711144116819594e-14,1.884451124090237799e-12,1.616252035932077603e-12,1.726435761826203674e-12,3.304070355674339324e-12,1.492986295477462266e-12,1.231352253537175039e-12,8.774989081584323167e-13,1.262909086618679645e-12,8.084127673664935416e-14,1.638940257571262528e-12,1.605662321771757190e-12,2.644774417379652707e-12,2.882290325733344500e-12,1.403616743750384075e-12,1.625375168158888500e-12,1.291646458498080438e-12,1.570964662018637296e-12,5.333394402687945405e-11,1.062176596994645955e-03,1.151696556702879630e-12,1.693512306231394938e-12,1.719602118774073737e-12,2.113492843151226997e-12,3.239006805214664640e-12,1.798828753937496447e-12,1.732774242622893636e-12,1.529740827620645479e-12,1.503668809236343459e-12,1.421336268381972068e-03,3.630546112946240155e-03,3.009934341433957630e-04,1.063419555616477669e-12,1.177798632117903008e-12,1.985457451070188390e-12,2.119324016655319385e-11,3.339266722130610675e-05,2.537716043635507534e-12,1.676136035463022808e-12,1.169538840865629910e-12,1.650584796022957988e-12,2.960040564541100855e-11,3.907754713277592634e-03,1.033201850554848642e-03,1.136305783765354683e-12,9.511785830779356467e-13,1.519268640779160304e-12,2.269874428054438759e-12,3.252951367414414685e-12,1.818998697228783673e-12,2.579546930451722943e-12,2.551706996118342010e-12,2.741667792588017336e-12,2.824844173370777770e-03,1.805485450154579530e-03,7.071880134183126541e-13,1.040929667172129655e-12,3.600359624953641539e-12,2.249634016548214114e-12,1.030178642229016825e-11,2.179817545552371515e-12,1.037681893689302068e-11,3.210661266131975902e-03,1.466631496392113970e-03,1.992156499869763772e-03,6.235890047851844288e-12,1.003991535698869897e-03,1.756907883248587160e-03,6.627827456433765764e-04,1.942158685319457902e-03,1.263981622094247385e-03,5.027788093618152558e-04,8.606905050263786820e-04,2.149764669054464797e-03,1.593915879674870546e-04
1.043296823138458700e-12,1.956335569642035318e-12,1.159521474785438653e-12,1.057653648998492819e-13,1.438954031653721237e-12,1.270623348557822322e-12,1.349329612593593432e-12,2.214523576081088894e-12,1.198626282007249708e-12,1.006290675883794151e-12,7.363871809767303470e-13,1.022558526162663333e-12,9.609567102448020181e-14,1.286355144999073429e-12,1.264085620326784582e-12,1.874072420427924052e-12,2.020224377348508890e-12,1.131690769769373117e-12,1.284567368523516842e-12,1.047969100434947876e-12,1.242168442334572255e-12,4.622165902168214000e-12,1.062176591201991404e-03,9.469572265415587599e-13,1.333961862995712991e-12,1.344271919592256851e-12,1.590494514801313602e-12,2.188361067507707388e-12,1.398074992136843693e-12,1.352030798826046436e-12,1.225720599542023148e-12,1.206350476687864338e-12,4.959973779056542269e-12,1.803866038606833084e-10,3.009934334444114355e-04,8.864463365471303742e-13,9.720266782649581620e-13,1.533630900847594277e-12,4.392867845029468480e-12,1.176306798696974081e-11,1.836799983450679485e-12,1.326071525982900488e-12,9.633255115430593975e-13,1.310907622912657745e-12,4.550636384519177942e-12,3.907754712624727719e-03,1.033201850218114963e-03,9.447926591246272884e-13,7.984945219792033997e-13,1.228060163453418969e-12,1.708044000998944936e-12,2.217877235159230184e-12,1.421247689662801143e-12,1.871289065572187226e-12,1.852220437184923156e-12,1.952729971134436653e-12,2.824844167694104662e-03,1.805485449974425461e-03,6.048320021025128802e-13,8.733367955544274186e-13,2.408433271198260880e-12,1.697520844543567618e-12,3.743585076397961680e-12,1.650742928118739465e-12,3.724233133620399303e-12,3.210661264803195067e-03,8.134691988298698188e-04,1.992156498311943059e-03,3.190217041727106610e-12,1.003991535242395412e-03,1.756907882870680036e-03,6.627827450760763548e-04,1.942158685210438772e-03,1.263981621351516855e-03,5.027788086026033351e-04,8.606905050654614598e-04,2.149764668976745716e-03,1.593915878455193517e-04
8.860261031854076957e-13,1.533335422640863719e-12,9.722420470752487692e-13,1.195998491462933950e-13,1.184611315908129616e-12,1.059195264547276319e-12,1.122650484001377143e-12,1.720208529987529078e-12,1.013510175326722902e-12,8.590893471030488626e-13,6.393722357140948534e-13,8.667677992141213612e-13,1.086351857455590875e-13,1.070419134575815665e-12,1.054723412536974049e-12,1.487076645484191871e-12,1.600732673729621948e-12,9.585421708944426280e-13,1.075777352206211632e-12,8.903254489618771258e-13,1.039369742212485606e-12,2.888886617635309187e-12,8.768421623888464784e-12,8.114671853228064720e-13,1.115941028347732796e-12,1.118509458980734577e-12,1.298552730933316767e-12,1.706202692370960147e-12,1.160277830187204724e-12,1.123679008113403605e-12,1.035711467158926246e-12,1.019824424318801943e-12,3.078818745192725655e-12,6.657789383895959629e-12,3.009934313856801576e-04,7.672258989606917965e-13,8.359292077313045797e-13,1.272760382945671323e-12,2.918124805177922467e-12,5.055598380413680072e-12,1.477066258148881495e-12,1.112777966304485219e-12,8.269770472880981459e-13,1.102786712184174233e-12,2.953532852694142469e-12,3.907754710835057745e-03,1.033201849618951233e-03,8.170493010028042609e-13,6.942475298019466104e-13,1.044825870623327747e-12,1.400648773562276281e-12,1.741336375379765018e-12,1.185003565935535070e-12,1.508947736378899108e-12,1.493232971674555204e-12,1.559723297352373411e-12,8.941162719192037156e-12,1.805485449706347801e-03,5.327344208884030647e-13,7.599202803591796109e-13,1.885888450016946770e-12,1.394178304228811693e-12,2.588091853884074619e-12,1.356711778653910409e-12,2.561954702831603512e-12,3.210661246566800034e-03,6.847826768906261472e-12,1.806355555341939041e-03,2.313629898355637291e-12,1.003991534310633800e-03,1.756907882168311534e-03,6.627827437232909581e-04,1.942158685062871050e-03,1.263981619066469270e-03,5.027788061938058897e-04,8.606905051044193376e-04,2.149764668873585180e-03,1.593915876766786345e-04
7.770379201362600929e-13,1.290066331661403284e-12,8.456364653266183218e-13,1.314297642443638078e-13,1.021233542910063426e-12,9.189231690485369731e-13,9.739642424266671746e-13,1.446602329401797650e-12,8.879910573182073707e-13,7.562539276005273841e-13,5.686645169725626459e-13,7.587599398043743860e-13,1.193587244572912424e-13,9.274302662915079166e-13,9.155737473093761953e-13,1.260017475375638825e-12,1.359018347322978032e-12,8.400376662355726745e-13,9.368924006971337560e-13,7.811269714241222391e-13,9.038839169140092409e-13,2.278036476975186780e-12,5.847460878180632145e-12,7.158615296473460617e-13,9.719227813280352341e-13,9.703101260268427504e-13,1.116082739172930169e-12,1.437619421276415937e-12,1.005595923924660101e-12,9.740879270894884753e-13,9.073820777965959733e-13,8.935057726780796666e-13,2.441121550751961793e-12,4.630255998398533316e-12,3.009934266679551405e-04,6.819167381200782163e-13,7.398614806233487754e-13,1.105950451915714761e-12,2.360751924039073727e-12,3.799152982108598458e-12,1.262704753983775922e-12,9.713491443881185542e-13,7.307885294495361003e-13,9.642133584747819330e-13,2.372309625407759856e-12,3.907754706808648330e-03,1.033201848687206317e-03,7.261918144258868909e-13,6.186531345411444426e-13,9.203331055258994538e-13,1.210580717616340174e-12,1.475170821084777391e-12,1.031102456938058288e-12,1.293360529870681739e-12,1.279231663933464968e-12,1.329912096965766950e-12,6.005338133063683024e-12,1.805485449337757009e-03,4.789622147054196956e-13,6.782385018712300571e-13,1.601212739886977246e-12,1.206100478181569434e-12,2.109435003281809886e-12,1.173183316456286477e-12,2.081289383777135480e-12,7.691638139204207613e-04,4.765214183603402997e-12,4.442963115006169992e-11,1.908782196680677207e-12,1.003991532717441208e-03,1.756907881038348006e-03,6.627827411006694371e-04,1.942158684872163574e-03,1.263981613766860645e-03,5.027788005581038068e-04,8.606905051433749385e-04,2.149764668742355951e-03,1.593915874554567493e-04
6.935176399486500051e-13,1.118237886469689478e-12,7.498104085328246657e-13,1.417395790181452560e-13,9.000346056719568441e-13,8.136584034752315990e-13,8.629511904192402909e-13,1.256019795742023597e-12,7.927683188980815889e-13,6.771084083006952619e-13,5.130641156092872941e-13,6.759992044492319399e-13,1.287122268857385825e-13,8.202824366574765684e-13,8.110702788796320214e-13,1.098365014746130439e-12,1.188093346720381498e-12,7.497466450648770852e-13,8.325011499850103749e-13,6.974533511253016116e-13,8.018696616139501208e-13,1.902060890923811004e-12,4.368691985301932285e-12,6.419116112578139885e-13,8.640078630890176729e-13,8.596146289887913876e-13,9.827281474262331143e-13,1.250096793624401895e-12,8.905289204279373113e-13,8.624623278653630039e-13,8.101968381834637498e-13,7.977245975158713928e-13,2.051941075642265814e-12,3.591479057349896992e-12,8.238988055311338810e-11,6.154377112471294878e-13,6.655010268937259359e-13,9.827675645582455567e-13,2.012833117461199695e-12,3.099295100219116762e-12,1.109103818620394140e-12,8.651721179127327209e-13,6.563740201223201584e-13,8.599693305432975951e-13,2.012565686119462730e-12,3.127913463383628304e-03,1.033201846878294789e-03,6.555655906173679479e-13,5.593222457647227482e-13,8.257421427482349008e-13,1.072254396989875327e-12,1.289139482539380908e-12,9.165013063232803356e-13,1.138960485219264439e-12,1.125852559684448406e-12,1.166467182420069761e-12,4.522625974969157417e-12,1.805485448782657423e-03,4.361191568973852336e-13,6.143209731588856961e-13,1.404053442531388099e-12,1.069059432316313929e-12,1.804122962723433564e-12,1.039080849538234236e-12,1.774768576595910600e-12,1.559887442327714624e-11,3.705399538204050335e-12,1.234148606691521294e-11,1.642903726103415646e-12,1.003991528693761598e-03,1.756907878638145791e-03,6.627827295984282203e-04,1.942158684612133946e-03,5.326452054052960192e-11,4.532612472189184121e-11,8.606905051822719924e-04,2.149764668568714034e-03,1.593915871478775647e-04
6.269269648912675733e-13,9.888486584849543735e-13,6.741296758474104801e-13,1.508710657425051374e-13,8.055569246653100162e-13,7.309976479516999371e-13,7.760400959835676371e-13,1.113729838828799262e-12,7.173314618211550957e-13,6.137817866079625081e-13,4.678717383872375378e-13,6.100501324161337070e-13,1.370069952058646566e-13,7.362649802059278071e-13,7.289549726234798918e-13,9.759063875208123605e-13,1.059117212021249471e-12,6.780216001311724351e-13,7.503753292973325360e-13,6.307362625914196738e-13,7.215527932673862450e-13,1.643061073401871590e-12,3.532733527680724393e-12,5.825276813198010555e-13,7.792718962855253218e-13,7.729325113016368860e-13,8.798563898505542574e-13,1.109853170931802939e-12,8.006641017163919831e-13,7.751162676772692271e-13,7.332904223938146472e-13,7.218693060963098383e-13,1.785108195875226338e-12,2.972066692820199501e-12,4.085034664054948533e-11,5.617095116752316185e-13,6.057122876102512594e-13,8.869599338265713290e-13,1.770746577174721994e-12,2.653662917360094326e-12,9.921137691948764086e-13,7.816660472050148534e-13,5.965839616480509562e-13,7.778548819734552264e-13,1.763519302566148260e-12,6.143176346032810779e-05,1.033201843479460407e-03,5.985722300006771915e-13,5.111221061531687262e-13,7.506575505376388766e-13,9.657324773039342660e-13,1.149827782873278430e-12,8.268809121694338363e-13,1.021359819587898517e-12,1.008980650481997072e-12,1.042614784404260073e-12,3.686147236674565858e-12,1.805485447939500065e-03,4.009068655694050853e-13,5.624720047450453169e-13,1.257225171558187832e-12,9.634344512263205112e-13,1.588510463847910526e-12,9.355446863411823133e-13,1.558385914985508760e-12,1.001303560013775849e-11,3.076444865702820457e-12,8.282157185247066482e-12,1.451705327293526480e-12,1.003991520522214392e-03,1.756907873766419071e-03,6.627827060512252958e-04,1.942158684252067802e-03,2.794553518737269914e-11,2.424796790679883022e-11,8.606905052211342435e-04,2.149764668336743775e-03,1.593915867149127300e-04
5.714533014349126321e-13,8.843364939964202969e-13,6.114407352270434763e-13,1.590033732937913107e-13,7.277387172015022973e-13,6.627126956786853460e-13,7.043332703602562593e-13,9.992338850346711818e-13,6.546561878622216832e-13,5.609050392549366163e-13,4.298281012424572999e-13,5.551557336356591534e-13,1.444113981003984923e-13,6.669244545478094160e-13,6.610951031750581401e-13,8.766582715453240312e-13,9.547525198443803330e-13,6.183610951589327669e-13,6.824253193667720725e-13,5.751492950944837612e-13,6.550997000568292206e-13,1.442502066993571377e-12,2.928863543294739590e-12,5.328485148959816012e-13,7.092194730745038547e-13,7.014069385429097467e-13,7.956540963520382713e-13,9.969006534538044920e-13,7.266099385365011657e-13,7.030751703828235372e-13,6.694254235436480527e-13,6.588550462157624468e-13,1.578986443029850507e-12,2.517927592150638187e-12,1.273632543735744534e-11,5.165613397283901752e-13,5.556210498166112810e-13,8.081342636806130654e-13,1.582577277722779642e-12,2.319835685780536140e-12,8.969840325565190401e-13,7.125547877408001978e-13,5.465276998944015694e-13,7.098289730949309836e-13,1.570352886544699813e-12,1.615668842911661557e-11,1.033201820561494488e-03,5.507020186108064855e-13,4.705119131396098102e-13,6.881608277952050905e-13,8.785652338991927638e-13,1.037525154456194777e-12,7.529390741637156467e-13,9.257136165148396122e-13,9.139115710882243018e-13,9.421669701124289519e-13,3.083335499772208973e-12,1.805485446261196085e-03,3.710482273897840660e-13,5.187854582003941980e-13,1.139189665714568377e-12,8.769571703569899007e-13,1.419729149861421765e-12,8.507080420520243833e-13,1.389018127984301851e-12,6.876924012662055545e-12,2.616411954124934509e-12,5.889413832271038987e-12,1.300708736539252838e-12,3.331395346209929220e-11,9.800258227491288453e-04,1.949223442568026090e-11,1.942158683682656964e-03,1.173631599927018995e-11,1.093997252516448548e-11,8.606905052598852555e-04,2.149764667998014297e-03,1.593915860065353086e-04
5.245329950311403004e-13,7.981919173296339042e-13,5.586953723040921541e-13,1.663140842238298756e-13,6.625426322717423646e-13,6.053612698845956257e-13,6.441330224654355339e-13,9.050680199475860395e-13,6.017076100805077174e-13,5.160768239377528156e-13,3.973696723791309037e-13,5.087824103142200217e-13,1.510867027053762135e-13,6.087384818410240019e-13,6.040787094044834039e-13,7.945713872803664920e-13,8.684803561230390394e-13,5.679328739481114402e-13,6.252380724119913428e-13,5.281214614168469852e-13,5.992025851605623700e-13,1.283012232132084401e-12,2.487508928849218696e-12,4.906687307125485282e-13,6.502836918401973274e-13,6.413574730100875492e-13,7.254156549983182836e-13,9.039210457800006285e-13,6.644915362825575615e-13,6.426185109760468396e-13,6.154850155602412962e-13,6.056237336911848058e-13,1.415290008207585043e-12,2.177720302723768337e-12,7.589789500628651842e-12,4.780462847966346614e-13,5.130047896628364503e-13,7.420289885350089749e-13,1.432206239283093896e-12,2.063299206982679316e-12,8.180084722000243158e-13,6.543422106045054094e-13,5.039815187622262661e-13,6.524762768624693791e-13,1.416293349328330283e-12,9.036873668141646163e-12,3.199361527781862242e-11,5.098677941128146908e-13,4.358026044667245252e-13,6.352342157652408598e-13,8.057806138903744650e-13,9.449516149842483997e-13,6.908109796049921387e-13,8.462635355369655990e-13,8.349388515988607757e-13,8.589516592600072929e-13,2.643445189796845148e-12,1.805485441948375801e-03,3.453876770566471433e-13,4.814133455518471417e-13,1.042054337259772763e-12,8.047141004395855628e-13,1.283980532692492776e-12,7.798044527827306108e-13,1.252845904063253658e-12,5.242708988306153548e-12,2.272499263678357798e-12,4.538689088649854761e-12,1.178361870631757444e-12,1.368612058846938316e-11,2.283529038924162833e-11,1.022831581660791603e-11,1.942158682669108127e-03,7.480454342415111014e-12,6.993282523356153529e-12,8.606905052985480134e-04,2.149764667470031258e-03,1.593915846929044638e-04
4.842351109931398308e-13,7.256039901204414747e-13,5.135967259522281476e-13,1.729220893348384918e-13,6.069291822809734512e-13,5.563565675018245450e-13,5.926751887181752199e-13,8.257561744699086156e-13,5.562129343271849695e-13,4.774898532560071873e-13,3.693220243149521228e-13,4.690185280395728145e-13,1.571423721910869276e-13,5.590595742839976315e-13,5.553451094702103419e-13,7.251825320312781398e-13,7.955156390695200127e-13,5.246098984099945433e-13,5.762581783113546121e-13,4.877172924949001548e-13,5.513790237469226105e-13,1.152011390245971899e-12,2.147694177166435801e-12,4.543286550880640541e-13,5.997989011584019254e-13,5.900291181270059301e-13,6.656467631049693706e-13,8.255476582693816419e-13,6.114162942726064052e-13,5.909631193817189255e-13,5.691368259426299856e-13,5.598856538212895449e-13,1.280888172832942663e-12,1.910716439399138957e-12,5.201032279425817956e-12,4.447065033227716256e-13,4.761951393609487254e-13,6.854881338832205006e-13,1.308119012269388790e-12,1.857997224854348734e-12,7.509982805104310099e-13,6.044185149821580963e-13,4.672747157801307800e-13,6.032478008271004609e-13,1.289363311123905852e-12,6.175808048638564312e-12,1.072896526527047805e-11,4.745063475622192458e-13,4.057285040079369208e-13,5.896256415955381118e-13,7.437179061135299296e-13,8.667891850823280982e-13,6.376199165318473498e-13,7.787927406295483053e-13,7.678798794872860792e-13,7.884449529010131343e-13,2.305242389762486140e-12,2.427093752823597094e-04,3.230648617117227444e-13,4.489737338648465448e-13,9.600928957116382803e-13,7.430870746607215976e-13,1.171421473439066476e-12,7.193155888806545981e-13,1.139987328961956374e-12,4.218223705825954111e-12,2.002985902722420413e-12,3.654032894529589642e-12,1.076359294836053274e-12,8.078407219352120759e-12,9.862946735198270414e-12,6.754810982459707150e-12,1.942158679960615626e-03,5.385152597206734075e-12,4.987725060380564726e-12,8.606905053371156867e-04,2.149764666489581161e-03,1.593915808292578921e-04
4.495040324803392320e-13,6.641672726888864778e-13,4.749176504421664242e-13,1.789668079031204218e-13,5.593206865723848752e-13,5.143279561201856777e-13,5.484893346573855851e-13,7.585540012474252403e-13,5.169335190151688520e-13,4.441472623774996360e-13,3.450106557826947903e-13,4.348241702105167622e-13,1.627016198875914757e-13,5.164877303368492063e-13,5.135314641605450566e-13,6.662289296454683981e-13,7.334191127254303566e-13,4.872324136390272129e-13,5.341153658970117615e-13,4.528779779533647980e-13,5.103016099033420037e-13,1.043711170641835440e-12,1.885495482748159809e-12,4.229049119243935206e-13,5.563367689862339608e-13,5.459603194261928982e-13,6.145276873931322288e-13,7.590799714421495895e-13,5.658501001912690723e-13,5.466326036934021788e-13,5.291114324265086913e-13,5.203936169138624383e-13,1.169646988450352417e-12,1.700145035444926055e-12,3.968959668491918936e-12,4.157135912097496517e-13,4.442567901193814405e-13,6.368262578610710462e-13,1.204790423617175353e-12,1.692428354298622319e-12,6.937845937951050971e-13,5.613763736496467388e-13,4.354735894658274538e-13,5.607633655442993524e-13,1.183868378776315932e-12,4.809823728762419633e-12,6.839302833573914219e-12,4.437300378370201497e-13,3.795609474138034504e-13,5.500935601346408577e-13,6.904425089999123350e-13,8.003323253735078044e-13,5.918259422832163117e-13,7.211056444777505681e-13,7.105601822718363016e-13,7.283155708534677278e-13,2.044248443634691920e-12,1.308217985633518064e-11,3.035650737152064243e-13,4.206702733709100120e-13,8.903772578175023333e-13,6.901611872214318214e-13,1.077287067327695926e-12,6.673813238162034553e-13,1.045684595174107817e-12,3.560653958896478987e-12,1.790604050318857910e-12,3.065747211816064557e-12,9.906304437727081317e-13,5.990221367739053296e-12,6.749201663920078583e-12,5.196047985334125216e-12,1.148709527711905135e-03,4.266455027307769219e-12,3.895061352201943216e-12,8.606905053756622181e-04,2.149764664110413552e-03,3.516798043770850526e-11
4.198136770064882419e-13,6.127608173783174239e-13,4.420676017536667027e-13,1.846433559802959312e-13,5.189837865449024905e-13,4.786096219149676074e-13,5.108487432936982865e-13,7.021227721150232627e-13,4.832382126559373253e-13,4.155413952800057082e-13,3.240785793119034628e-13,4.056900212818401863e-13,1.679302908627774075e-13,4.803487090369406441e-13,4.779747365895121826e-13,6.166237916144981662e-13,6.809777859983203696e-13,4.552153407751492243e-13,4.981253545517068855e-13,4.230734707149795780e-13,4.753200998168870272e-13,9.553316223713022655e-13,1.688178086529183885e-12,3.959252941449216110e-13,5.191765973528264239e-13,5.084295303762900917e-13,5.711631935216026168e-13,7.031931318801803055e-13,5.270319012462569612e-13,5.089008347835833589e-13,4.947589494450769235e-13,4.865112441862228897e-13,1.078486529253914226e-12,1.537352930074072673e-12,3.315439033905052567e-12,3.906256041849496700e-13,4.166991225796084699e-13,5.951747938172091498e-13,1.119365069071397317e-12,1.560534332968531025e-12,6.452804637574741888e-13,5.244979435867609357e-13,4.080939777443954444e-13,5.243143924043085374e-13,1.096896511482265234e-12,4.113499665355168575e-12,5.553927003282402747e-12,4.170630089465281798e-13,3.569077435140245674e-13,5.159831799477943683e-13,6.449567792457563908e-13,7.442144755246840097e-13,5.526443367855672105e-13,6.720831651282592707e-13,6.618761770223360508e-13,6.773922155155865536e-13,1.847141720162850463e-12,9.581898988843322348e-12,2.865961519869470119e-13,3.960684567556909555e-13,8.313860088396630592e-13,6.449460854226923578e-13,9.991474373174669001e-13,6.230479670271286862e-13,9.675407906526779228e-13,3.143576642465906407e-12,1.626283110617963362e-12,2.682467488153859357e-12,9.191088907016832114e-13,5.079795772605473088e-12,5.612729396648160066e-12,4.436116777134886559e-12,1.744224217197805208e-04,3.654922202903649114e-12,3.292234407507510337e-12,8.606905054143875345e-04,2.149764659279650159e-03,2.262816506633321360e-11
3.941306764621310380e-13,5.688963426120190344e-13,4.138126668973649921e-13,1.899899613261613009e-13,4.842851881621792830e-13,4.478243565061261921e-13,4.782964160149598629e-13,6.536914564355062050e-13,4.539279293812920472e-13,3.907101386697930636e-13,3.059032825879454709e-13,3.805866945161114257e-13,1.728658017617180487e-13,4.492327538209157424e-13,4.473121230121824530e-13,5.740721887143316809e-13,6.357676854504553618e-13,4.274293515445234696e-13,4.669389884268351249e-13,3.972697498478721146e-13,4.451137006897547562e-13,8.808490507493077827e-13,1.529465259222159131e-12,3.725051954442313380e-13,4.869190445582565968e-13,4.759831258078597494e-13,5.337372436594676769e-13,6.551733945771459425e-13,4.934424932700033993e-13,4.762984985299193506e-13,4.648521651230866775e-13,4.570313840477731393e-13,1.001260304389153099e-12,1.404330326904125463e-12,2.863216285395327253e-12,3.686774556950401104e-13,3.926407783019513975e-13,5.589077963804567916e-13,1.046483476517015908e-12,1.450587742237786100e-12,6.033566894128301978e-13,4.924165067442996259e-13,3.842498189160118773e-13,4.925671187071436666e-13,1.022867636284588863e-12,3.637967228665416736e-12,4.761676398560178956e-12,3.936844529605025745e-13,3.371032854418931770e-13,4.861194670310385630e-13,6.053957931799441395e-13,6.957738942694233794e-13,5.185770226914393765e-13,6.295956869819070532e-13,6.197113578898134357e-13,6.333853732331573032e-13,1.688076439598283550e-12,7.729372632258507565e-12,2.717146703419825269e-13,3.744458426247158022e-13,7.803025828211741315e-13,6.055990146819493789e-13,9.323602587267756779e-13,5.845136898143217117e-13,9.008683099848246802e-13,2.834730115988359223e-12,1.491844641976182956e-12,2.395358850409739298e-12,8.578017716852732757e-13,4.485390395658882196e-12,4.900140703324023030e-12,3.924252670899850985e-12,2.668836698814896518e-11,3.227388461665283446e-12,2.869448409250454839e-12,8.606905054532600855e-04,1.575633432462501034e-03,1.558329486385471294e-11
3.720214892855181374e-13,5.316358579109319952e-13,3.896549161905766366e-13,1.951333904266495571e-13,4.545918111879055751e-13,4.214161456095598056e-13,4.502355015268907292e-13,6.121804118693084664e-13,4.284924680295446052e-13,3.692412861783217759e-13,2.902026195152719321e-13,3.590885741221552040e-13,1.776157970533692020e-13,4.225755897061871040e-13,4.209912820823346778e-13,5.376822004059827536e-13,5.968191873024696443e-13,4.033974037092553705e-13,4.399965000750619375e-13,3.750314221730649021e-13,4.191428536520135102e-13,8.181018835233601000e-13,1.401289144530196199e-12,3.522622263443563352e-13,4.589793222571358764e-13,4.480271249012876430e-13,5.015185364282385104e-13,6.139559268294068715e-13,4.644589751565993012e-13,4.482268083792424378e-13,4.388674326810653318e-13,4.314400169919663850e-13,9.356675061392137022e-13,1.295217576328847097e-12,2.540758914898214648e-12,3.495231654082762751e-13,3.716916078469472194e-13,5.273357617997560990e-13,9.840491843407512351e-13,1.358385209100945523e-12,5.671471499190078224e-13,4.645538493596017333e-13,3.635530594247732607e-13,4.649529284483863483e-13,9.596313340957834114e-13,3.299880190844279885e-12,4.243829180659279784e-12,3.732216979736430427e-13,3.198418050458899954e-13,4.599849520983345203e-13,5.709734110646561380e-13,6.539349796753927076e-13,4.889934802843766056e-13,5.927621981693390894e-13,5.831939344848478196e-13,5.953650206583281589e-13,1.558856828650775233e-12,6.704536668185921307e-12,2.587023295711364079e-13,3.554665819832303276e-13,7.359598154529385777e-13,5.713406640475699520e-13,8.751088162818305980e-13,5.510222961956924843e-13,8.438569205878346100e-13,2.600732607069924663e-12,1.381278952334151164e-12,2.176499420877212613e-12,8.051354447806613236e-13,4.077163329828392446e-12,4.426075878858043179e-12,3.564190455578188426e-12,2.064137944155960324e-11,2.918429555726734008e-12,2.564305779600239355e-12,8.606905054924106260e-04,9.677088772796479726e-04,1.299316797128643333e-11
3.528963977748928185e-13,4.996736775088045993e-13,3.688978372278044024e-13,2.000988601641825823e-13,4.290044728475468476e-13,3.986182789727978141e-13,4.258620264791575885e-13,5.761601631936546922e-13,4.062601753157491657e-13,3.505844701546535143e-13,2.766079837942954986e-13,3.406052948332031188e-13,1.822051354022731051e-13,3.995942325262909507e-13,3.982530059099077639e-13,5.062434252738343752e-13,5.628653958775149679e-13,3.824822935589815735e-13,4.165486337552648108e-13,3.557689801512515346e-13,3.966702244494332429e-13,7.642676967617016179e-13,1.294068381882249153e-12,3.346865258931713632e-13,4.345841273911670146e-13,4.237589646737935020e-13,4.735270738497801455e-13,5.781381528249372464e-13,4.392469456687987340e-13,4.238750234459994143e-13,4.161191909640268053e-13,4.090614813596072095e-13,8.788469913309544421e-13,1.202946455250108289e-12,2.289552608404316138e-12,3.327204605929901129e-13,3.533460522921966873e-13,4.995751275775830309e-13,9.295270282460032147e-13,1.278984152247764200e-12,5.355246869273381807e-13,4.401539166355736187e-13,3.454946177507864345e-13,4.407327414203197681e-13,9.045604908226223697e-13,3.036002747099062608e-12,3.855788118222926407e-12,3.552026460963996425e-13,3.047339274320595329e-13,4.369225470963985223e-13,5.406901169008894992e-13,6.173220351056344401e-13,4.630722092724882983e-13,5.604566507186385034e-13,5.512037973651624566e-13,5.621282755985725720e-13,1.450074519755741849e-12,5.985403680640719508e-12,2.472940679882243884e-13,3.387119747687184093e-13,6.969137791411968008e-13,5.411824062951963509e-13,8.251540846347092749e-13,5.216043172440667916e-13,7.942463205519130694e-13,2.411625398956339662e-12,1.287484313472938226e-12,1.999314560240327651e-12,7.591449816089024619e-13,3.763925041141487821e-12,4.067847137737226597e-12,3.284631629072411740e-12,1.748148056997976319e-11,2.675350508519209254e-12,2.324838295189960334e-12,8.606905055318174718e-04,5.032548907096567100e-04,1.136404597842187850e-11
3.363171313082876420e-13,4.720896008004689312e-13,3.510267560398374738e-13,2.049031848445744251e-13,4.068713610531817843e-13,3.788702692134105038e-13,4.045926492392070037e-13,5.446357716197171112e-13,3.867395070078932742e-13,3.343303966037313860e-13,2.648377792756378581e-13,3.246958205115798969e-13,1.866512462441595009e-13,3.797168718429570842e-13,3.785421904662472312e-13,4.789012518857894612e-13,5.330178320652436903e-13,3.642149419399304523e-13,3.960497204518830673e-13,3.390447794235075287e-13,3.771562422857405034e-13,7.174834421788569180e-13,1.202197592977348171e-12,3.193967850711406368e-13,4.131724235814047696e-13,4.025960441111566877e-13,4.490618378193732607e-13,5.467429054106572599e-13,4.172030492066009339e-13,4.026547853249249875e-13,3.961067637130419552e-13,3.894016070843900238e-13,8.289143049697742330e-13,1.123241035287520226e-12,2.083510533644797308e-12,3.179384018395762151e-13,3.372280496209604918e-13,4.749920064255766839e-13,8.812302164013052643e-13,1.209283214465774641e-12,5.076927068274544400e-13,4.186680693336233479e-13,3.296951019114678794e-13,4.193697940966720222e-13,8.559125622379739813e-13,2.818636490390055753e-12,3.543486134550055500e-12,3.392757902499422928e-13,2.914856709804308536e-13,4.164524984038525565e-13,5.138347086539122026e-13,5.849766072810988667e-13,4.402204446737874422e-13,5.318839347874835289e-13,5.229495757012965523e-13,5.328290391111625580e-13,1.356216473042073220e-12,5.425412672853488859e-12,2.372862050387265950e-13,3.238686406894496433e-13,6.621621313311249875e-13,5.144203288609284453e-13,7.809920679466061514e-13,4.955683297812185666e-13,7.505193340937190465e-13,2.252483461103131547e-12,1.206167627311344723e-12,1.850296171541815661e-12,7.184969390403852557e-13,3.508359825377473964e-12,3.778127967020325774e-12,3.055012087119880134e-12,1.528660090069298876e-11,2.474263639146617797e-12,2.127389048135793537e-12,8.606905055714602400e-04,1.851704255527195726e-04,1.015458192586397039e-11
3.219447906168154136e-13,4.482031357548777578e-13,3.356443569670160100e-13,2.095552108986928698e-13,3.876986523141016623e-13,3.617448132616035095e-13,3.859871753455668573e-13,5.168841020959040754e-13,3.695577046849257944e-13,3.201631493178384486e-13,2.546688118793535076e-13,3.110163644745592273e-13,1.909646435761808796e-13,3.625075966865463687e-13,3.614357451035327307e-13,4.550251014008480676e-13,5.066275355634946828e-13,3.482369435435152327e-13,3.780869650698077453e-13,3.245209843515499318e-13,3.601896765184642122e-13,6.764506905533785033e-13,1.122107713728500377e-12,3.060970088763062873e-13,3.943219273570876885e-13,3.840983747597890726e-13,4.276007863562276864e-13,5.190597722538244677e-13,3.978737478474001280e-13,3.841217429376409655e-13,3.784514628491383802e-13,3.720859305412271384e-13,7.845620865159636832e-13,1.053314449974413367e-12,1.908702133815007869e-12,3.049212251396721299e-13,3.230483430683837628e-13,4.531154168043205183e-13,8.379801892264226080e-13,1.147208716036523043e-12,4.830657915432805156e-13,3.996838080883254516e-13,3.158616843724167691e-13,4.004604864766543643e-13,8.124727240102525763e-13,2.633171275985111632e-12,3.280804141698972233e-12,3.251711844854438527e-13,2.798677292835596462e-13,3.982131633701766213e-13,4.898826490678302998e-13,5.562035448603100553e-13,4.199949155208330212e-13,5.064610219693217422e-13,4.978504860638757411e-13,5.068483278987597919e-13,1.273772566952556928e-12,4.962818806620844263e-12,2.285174161476633821e-13,3.106950027811013993e-13,6.309810060496819160e-13,4.905350759178821303e-13,7.415639189407850512e-13,4.724031140078970089e-13,7.116080111171403110e-13,2.114789082945327460e-12,1.134533952991500575e-12,1.721630099392670770e-12,6.822448437938832827e-13,3.291543707857083336e-12,3.533683558574155153e-12,2.859413571993138974e-12,1.357247619507079132e-11,2.302305703128246073e-12,1.959175288157472720e-12,8.606905056113149698e-04,1.641303803204909162e-05,9.179457207727182963e-12
3.095070857601502804e-13,4.274877393646587041e-13,3.224305979311496098e-13,2.140560651090215051e-13,3.710959002388455342e-13,3.469028605891830002e-13,3.697010442820507354e-13,4.923594771019457406e-13,3.544226805473239548e-13,3.078300856389372874e-13,2.459177535536419659e-13,2.992876163541917863e-13,1.951492646339426212e-13,3.476200794235560598e-13,3.465981034444849537e-13,4.341305873135489510e-13,4.832037709377095081e-13,3.342646618645020326e-13,3.623368370601382688e-13,3.119268033226141118e-13,3.454446990734814554e-13,6.402230808981508039e-13,1.051379700042034889e-12,2.945490291957165763e-13,3.777039820991093525e-13,3.679211773262780406e-13,4.087406773453471547e-13,4.945529736483015042e-13,3.809056938187819841e-13,3.679274978568172392e-13,3.628575799244115119e-13,3.568213143301121026e-13,7.448460149114375963e-13,9.912465489851126686e-13,1.756781643813151738e-12,2.934651859935090318e-13,3.105773648238607026e-13,4.335848016496503754e-13,7.989221602341624999e-13,1.091307306935555399e-12,4.611989857722268135e-13,3.828809806217482885e-13,3.037606881778097908e-13,3.836918026293177580e-13,7.733609951129224496e-13,2.470959507169749840e-12,3.053128216644910885e-12,3.126755495078906368e-13,2.696955865002393701e-13,3.819242558516700104e-13,4.684352971195608983e-13,5.304816985693916852e-13,4.020535037129095237e-13,4.837466680862886630e-13,4.754663795593602849e-13,4.837179804673402520e-13,1.200369792289313084e-12,4.565778436517318990e-12,2.208561637243789053e-13,2.989997354081923941e-13,6.028310527439979736e-13,4.691319226876052298e-13,7.060964215787110583e-13,4.517189542607889756e-13,6.767319736721255231e-13,1.993224209009267796e-12,1.070661708304176005e-12,1.608385576474059324e-12,6.496926930341951083e-13,3.102565081642178894e-12,3.321390712710947873e-12,2.688494634813133031e-12,1.214415845286686355e-11,2.151754339463295892e-12,1.812489333565131821e-12,8.606905056513558571e-04,2.574137274503076960e-11,8.353164799962718980e-12
2.990498150930499806e-13,4.101024974291156573e-13,3.114534987692576885e-13,2.185877261517893070e-13,3.571684460254081585e-13,3.344182386785113355e-13,3.558034163588538097e-13,4.711925386353699994e-13,3.413788248066845321e-13,2.973677868324227449e-13,2.385957575924026455e-13,2.895596269285263776e-13,1.993538311770238727e-13,3.351341927682034622e-13,3.341009909304776654e-13,4.163440462919154533e-13,4.628457146360454399e-13,3.223444461097370269e-13,3.488590934414736189e-13,3.013068668451178220e-13,3.329879913619401040e-13,6.090896768277108942e-13,9.908534959525854361e-13,2.847841577729858197e-13,3.633751377342339141e-13,3.541347556790421625e-13,3.925690283523534558e-13,4.733445417808291800e-13,3.663688363867626393e-13,3.541443602848410537e-13,3.493683268031895128e-13,3.436518710757173713e-13,7.099460710784905755e-13,9.376019958446039766e-13,1.631094943297742127e-12,2.835861939988889026e-13,2.998389097434079273e-13,4.164473762626512263e-13,7.641433078467159690e-13,1.041767168428366989e-12,4.421746309024164960e-13,3.683086794978023712e-13,2.934195640598064897e-13,3.691080915547249953e-13,7.386953172271948200e-13,2.333881980116579878e-12,2.865259539796815187e-12,3.018034937663658813e-13,2.609793582236543518e-13,3.676117490220403623e-13,4.495425967014072886e-13,5.078972022945678040e-13,3.864491708927196508e-13,4.638064526512263386e-13,4.558672983069097300e-13,4.635213245434096158e-13,1.136588672668007963e-12,4.252729431926913308e-12,2.142969628524664544e-13,2.887899740981501914e-13,5.777618030166048921e-13,4.502580718969000304e-13,6.746959932802230593e-13,4.335702720575819396e-13,6.460249122913175546e-13,1.888763797124354961e-12,1.015010806191074281e-12,1.511927542533091704e-12,6.209455027740922771e-13,2.943705309073403813e-12,3.144464125744112848e-12,2.544225766352620695e-12,1.123312464253507177e-11,2.024548694306117146e-12,1.690030936098327866e-12,8.606905056918688060e-04,2.168107350115762536e-11,7.759518500089850052e-12
2.903835265779575204e-13,3.956886726785369431e-13,3.024892494391285577e-13,2.231792994222501516e-13,3.456460799654476857e-13,3.240571009313258794e-13,3.440598342751010333e-13,4.530190766264449836e-13,3.302280809924489561e-13,2.886016528748067910e-13,2.325727667681942711e-13,2.816358240078497785e-13,2.036040038557953399e-13,3.248105921147296084e-13,3.237130806063690715e-13,4.013385566524372610e-13,4.452263444105091938e-13,3.122820076277255581e-13,3.374336738596683239e-13,2.924732655025708390e-13,3.225953472559632197e-13,5.824211137640960512e-13,9.388993812895396919e-13,2.766368055710825202e-13,3.511133851287987670e-13,3.425042232834154665e-13,3.788138331265509736e-13,4.550772121356242361e-13,3.540237322698636860e-13,3.425347717549083431e-13,3.377838589259323161e-13,3.323790214530815280e-13,6.792328742998321711e-13,8.910908407053051549e-13,1.525894550500034189e-12,2.751447273075615596e-13,2.906760213968705774e-13,4.014625391822733590e-13,7.330706761592320457e-13,9.976055875575335868e-13,4.256959596744950019e-13,3.557514386548309685e-13,2.846774407879044889e-13,3.564989487557613701e-13,7.078873293151469991e-13,2.216033488162652241e-12,2.706743911532636581e-12,2.924102492295072158e-13,2.535913161092788925e-13,3.550878712039403757e-13,4.329390968539985332e-13,4.881035975246817759e-13,3.729524340077788952e-13,4.463467797336680483e-13,4.387602223922724961e-13,4.459466676484478885e-13,1.080823052032272478e-12,3.997155411085427127e-12,2.087476080928565476e-13,2.799358283026241438e-13,5.554134619825475679e-13,4.336506792185696887e-13,6.468470349384948000e-13,4.176972886140614060e-13,6.189676338822278342e-13,1.797804530170073972e-12,9.662862324042376089e-13,1.428908688528680544e-12,5.955400471080010182e-13,2.807442363460238098e-12,2.993726463867067409e-12,2.420207759740111649e-12,1.057597172410931793e-11,1.915409030376770974e-12,1.586509335872356843e-12,8.606905057328917636e-04,1.974793807181674653e-11,7.302580013414058181e-12
2.833186696494808503e-13,3.838920818947069957e-13,2.953121392677434359e-13,2.278368715905955530e-13,3.362578734182767924e-13,3.155862520535163890e-13,3.342402680916716197e-13,4.374932876069452709e-13,3.207777520095222940e-13,2.813583018427743821e-13,2.277183399395628382e-13,2.753176007554577427e-13,2.079066625478227540e-13,3.164097513778782449e-13,3.152039572624753015e-13,3.887960098095230021e-13,4.300368963492616724e-13,3.038858562179625655e-13,3.278450652183869506e-13,2.852384937884496038e-13,3.140439998070132999e-13,5.596341329076371019e-13,8.941050037211439352e-13,2.699420013560025725e-13,3.407035083239616738e-13,3.327987289364875347e-13,3.672111625586650708e-13,4.394128659630244301e-13,3.436367912745900272e-13,3.328649953811590838e-13,3.279107743177056519e-13,3.228098591869621511e-13,6.521418937022260471e-13,8.505873927867770791e-13,1.436686404093145289e-12,2.680043711878397681e-13,2.829352255982536062e-13,3.884036076304639757e-13,7.051961055395954776e-13,9.579730483250823977e-13,4.114821793742880163e-13,3.450018793955167233e-13,2.773756974019082092e-13,3.456625874370921093e-13,6.804131375367070681e-13,2.112919584132968195e-12,2.569978778645942762e-12,2.843560047459022409e-13,2.474057893746267850e-13,3.441746774534395167e-13,4.183771362226595030e-13,4.707796987491029524e-13,3.613438276205618382e-13,4.310935276715372566e-13,4.238704770573494043e-13,4.307012895170170254e-13,1.031705335154653357e-12,3.781499678605821863e-12,2.041175834929472444e-13,2.723122915032360815e-13,5.354596401438328312e-13,4.190648161460873208e-13,6.220866598211100740e-13,4.038559778218106976e-13,5.950907597625742804e-13,1.717490175710177657e-12,9.233695753179791423e-13,1.356625934651064079e-12,5.730566043097576463e-13,2.688191172910386223e-12,2.862474634339528138e-12,2.311611428544745288e-12,1.006000872508028149e-11,1.820256575287823515e-12,1.497784938882521856e-12,8.606905057744238625e-04,1.846883191046027042e-11,6.930419718214622603e-12
2.776914509225857080e-13,3.744157471084858668e-13,2.897269469195976496e-13,2.325658622262481732e-13,3.287721800445739560e-13,3.088062239201108794e-13,3.261505916599075721e-13,4.243345949221174489e-13,3.128655888694543890e-13,2.754885086849840662e-13,2.239178368024093501e-13,2.704321337939114863e-13,2.122678871034519726e-13,3.097263537119233673e-13,3.083765661950638392e-13,3.784522258249740638e-13,4.170273461191545008e-13,2.969928121676304466e-13,3.199113386368203688e-13,2.794408325858608879e-13,3.071436510771773013e-13,5.402703426131881506e-13,8.554321924651122184e-13,2.645570195144262921e-13,3.319655043177544346e-13,3.248232155333121602e-13,3.575413113980690645e-13,4.260777282304719290e-13,3.350119626129987335e-13,3.249373646913227318e-13,3.195870247204534977e-13,3.147821860023184638e-13,6.282383861538686016e-13,8.152550085817511082e-13,1.360442979319669948e-12,2.620484236013377291e-13,2.764857109193480346e-13,3.770858264949253678e-13,6.801280482685873210e-13,9.222306962186280416e-13,3.993048578252038182e-13,3.358874893774530674e-13,2.713782124025556388e-13,3.364315035100961663e-13,6.558692615322153336e-13,2.021510532743258956e-12,2.450057724042514674e-12,2.775225722880625982e-13,2.423141724356169038e-13,3.347254400892384109e-13,4.056568293162650849e-13,4.556692605619624693e-13,3.514420495870441519e-13,4.178258845638005365e-13,4.109761286916704367e-13,4.175487590491479534e-13,9.882342863602761520e-13,3.595305437490801399e-12,2.003277242849517520e-13,2.658136001646894319e-13,5.176433359228336604e-13,4.063029242445701038e-13,6.000558808377146995e-13,3.918482809044535879e-13,5.740293227472605837e-13,1.645827703653276245e-12,8.854320488995922673e-13,1.293188945358208406e-12,5.531673904755583546e-13,2.582248237493904410e-12,2.746332220787009342e-12,2.215197996878685807e-12,9.634072802421980355e-12,1.736323268927392362e-12,1.421053655539123666e-12,8.606905058164629344e-04,1.750808150075999189e-11,6.616092837476702381e-12
2.733574658884727867e-13,3.670040568436677581e-13,2.855616437480089774e-13,2.373711684224303134e-13,3.229864259935791971e-13,3.035425849659515970e-13,3.196228776665538769e-13,4.133089268934856584e-13,3.063516266685589354e-13,2.708610527081963122e-13,2.210688668361386654e-13,2.668264503471940730e-13,2.166931146947158879e-13,3.045805085222796730e-13,3.030585781223552942e-13,3.700817280580178203e-13,4.059898599397886525e-13,2.914605633173602395e-13,3.134751071230618689e-13,2.749378891349051435e-13,3.017280179044833167e-13,5.239581813350886134e-13,8.220919856987670815e-13,2.603558585619699578e-13,3.247450080152227634e-13,3.184087695396597620e-13,3.496165169345704815e-13,4.148439883956703565e-13,3.279804945354456189e-13,3.185805759405665266e-13,3.126734823780856446e-13,3.081562682156839742e-13,6.071796820975970512e-13,7.844533128474379185e-13,1.295025730017343111e-12,2.571747969176327657e-13,2.712134231080646377e-13,3.673550646201500804e-13,6.575589534232373634e-13,8.898872503188918441e-13,3.889733279053870918e-13,3.282611744963721428e-13,2.665655813020968467e-13,3.286632210917785814e-13,6.339385448693629690e-13,1.939670581468755835e-12,2.343635130335721181e-12,2.718077583424146985e-13,2.382206386850959012e-13,3.266164236751357836e-13,3.946132087878104199e-13,4.425629776712030685e-13,3.430935722434096520e-13,4.063617608759485070e-13,3.998934663624417213e-13,4.062932747755967150e-13,9.496559313045524083e-13,3.431847940788487811e-12,1.973074632025181164e-13,2.603482793489497406e-13,5.017583810610071521e-13,3.952021087745374342e-13,5.804704809676692060e-13,3.815096342033191768e-13,5.554930681902867474e-13,1.581374044656780861e-12,8.518428359338047530e-13,1.237226397010480724e-12,5.356108596973065717e-13,2.487034058029449952e-12,2.642286930475403607e-12,2.128692787133404179e-12,9.270623166148132811e-12,1.661648464340103878e-12,1.354330012045461379e-12,8.606905058590093045e-04,1.673596076629213777e-11,6.343825688767012472e-12
2.701875160182211478e-13,3.614325443369929496e-13,2.826627381436635398e-13,2.422572540591625199e-13,3.187205082599799922e-13,2.996402180805726344e-13,3.145088477492481997e-13,4.042159209826129142e-13,3.011125305065316037e-13,2.673586034977685444e-13,2.190789687380449803e-13,2.643636357388872152e-13,2.211872469268485488e-13,3.008120922294671515e-13,2.990967287751064438e-13,3.634875823398970084e-13,3.967472978095089685e-13,2.871626280431708779e-13,3.083973772116998889e-13,2.716023341680913604e-13,2.976492447091007909e-13,5.103875880373503695e-13,7.934660770574853608e-13,2.572255620008303960e-13,3.189066711819814776e-13,3.134061193210215535e-13,3.432726028436444895e-13,4.055171743383100943e-13,3.223939642048746449e-13,3.136431768738973827e-13,3.070480623266362738e-13,3.028091202158655198e-13,5.886896584855089120e-13,7.576786975768391356e-13,1.238862918864448296e-12,2.532924685389704288e-13,2.670169660377667329e-13,3.590797833885116892e-13,6.372430404414307872e-13,8.605576852963019893e-13,3.803245079935950657e-13,3.219946375115936304e-13,2.628311753568035026e-13,3.222337820662029938e-13,6.143669677702053757e-13,1.865840462244441498e-12,2.248331416183741806e-12,2.671213658442279620e-13,2.350391906568363697e-13,3.197409829171994577e-13,3.851070878692615203e-13,4.312858853241239380e-13,3.361653501809137623e-13,3.965475025821934536e-13,3.904667976847822740e-13,3.967687134157893050e-13,9.153885329648588649e-13,3.286551982924015346e-12,1.949929575700110756e-13,2.558355915883172824e-13,4.876364019297175261e-13,3.856251008982885016e-13,5.631010227712443149e-13,3.727001402420644475e-13,5.392460945072686201e-13,1.523053014549056614e-12,8.221102958896330986e-13,1.187712962686751057e-12,5.201739377797058381e-13,2.400681875364282281e-12,2.548179038292228599e-12,2.050439492699543434e-12,8.953133407344444352e-12,1.594795712900802913e-12,1.296156485457996004e-12,8.606905059020587443e-04,1.608876753345556109e-11,6.103590157544278090e-12
2.680649288957133060e-13,3.575013849511528373e-13,2.808923468001464850e-13,2.472282256438091837e-13,3.158126697714422124e-13,2.969596688263683893e-13,3.106755169217653324e-13,3.968801575515162989e-13,2.970377269625409473e-13,2.648750295185709647e-13,2.178641310913329901e-13,2.629204490191626236e-13,2.257547397020495355e-13,2.982771514517510363e-13,2.963531799710524170e-13,3.584946967005311353e-13,3.891452204100829071e-13,2.839850062433179616e-13,3.045534243787315292e-13,2.693191481094454103e-13,2.947742838553856919e-13,4.992929262438951193e-13,7.690555725046443136e-13,2.550638288366096013e-13,3.143296314215300402e-13,3.096813357606628436e-13,3.383633529724825172e-13,3.979274410786218681e-13,3.181195875968068148e-13,3.099892635654473558e-13,3.026016535855008862e-13,2.986305777247428731e-13,5.725409777094123849e-13,7.345247603487693009e-13,1.190757963725399114e-12,2.503190481110821243e-13,2.638048029193595804e-13,3.521452949362054513e-13,6.189807413672408942e-13,8.339352679720243898e-13,3.732157839013037828e-13,3.169737785838898260e-13,2.600785047870858346e-13,3.170331752296227211e-13,5.969474177286958095e-13,1.798849371536273472e-12,2.162397041859296820e-12,2.633823765520099354e-13,2.326916696928601300e-13,3.140053097863014336e-13,3.770184894694195765e-13,4.216884047587852897e-13,3.305397047455983352e-13,3.882505535161747445e-13,3.825612013477823858e-13,3.888309086144707275e-13,8.849733657505701353e-13,3.156168372617598002e-12,1.933258121812704586e-13,2.522030087032949066e-13,4.751374462702592536e-13,3.774537437159168796e-13,5.477587528291977771e-13,3.652982578114989645e-13,5.250925422259720173e-13,1.470042512400604941e-12,7.958428207551804995e-13,1.143861973618187783e-12,5.066794569746715150e-13,2.321798919073672829e-12,2.462409297869856650e-12,1.979196775893557055e-12,8.670907374674580721e-12,1.534683507077111025e-12,1.245429190297281495e-12,8.606905059456110372e-04,1.553049997153919799e-11,5.888616798552868294e-12
2.668838656201672536e-13,3.550313190286408246e-13,2.801263506937992051e-13,2.522878945223242846e-13,3.141169475927462260e-13,2.953748439110319832e-13,3.080023536588416328e-13,3.911451936896330381e-13,2.940268036640396199e-13,2.633136735456178839e-13,2.173478556682996253e-13,2.623858125567390786e-13,2.303996776268357507e-13,2.968456480502527048e-13,2.947032181126775193e-13,3.549454717585861715e-13,3.830463229004633035e-13,2.818239996615966870e-13,3.018300820920128977e-13,2.679838753670061139e-13,2.929825945987328604e-13,4.904414434257341975e-13,7.484466258955859623e-13,2.537774917648211794e-13,3.109044555359647762e-13,3.071130381700466162e-13,3.347567797230565366e-13,3.919235896936368000e-13,3.150371228138607926e-13,3.074956962867817814e-13,2.992353475503962872e-13,2.955206477282380203e-13,5.585424666502664087e-13,7.146552767176048021e-13,1.149769848102084341e-12,2.481791483290335409e-13,2.614933833771047019e-13,3.464496519899265517e-13,6.026075250989985136e-13,8.097720610848253100e-13,3.675200422009817790e-13,3.130955285037942876e-13,2.582194967917192062e-13,3.129621614626189276e-13,5.815080581987517979e-13,1.737797866153976758e-12,2.084510968160196721e-12,2.605169969933427347e-13,2.311064475797399897e-13,3.093253789019070885e-13,3.702418937431106601e-13,4.136399279572048187e-13,3.261107674841030160e-13,3.813541974846626916e-13,3.760573722958940855e-13,3.823522016733705659e-13,8.580413102861340888e-13,3.038310674871164793e-12,1.922522465481957006e-13,2.493844386525142518e-13,4.641431160017781039e-13,3.705842688641970320e-13,5.342854521417910701e-13,3.591962872820631539e-13,5.128663479769637378e-13,1.421701945673252683e-12,7.727219468759749828e-13,1.105055851211248251e-12,4.949770975160512599e-13,2.249320044230110266e-12,2.383762237181874749e-12,1.914012245955136006e-12,8.416625202917348395e-12,1.480478985931521761e-12,1.201288298458371468e-12,8.606905059896622799e-04,1.503882289847984518e-11,5.694122937906437349e-12
2.665482459116845709e-13,3.538610903604120561e-13,2.802531802543994381e-13,2.574398291927641180e-13,3.135015771957439965e-13,2.947715528550038385e-13,3.063794656464692826e-13,3.868695585402218815e-13,2.919878011505017983e-13,2.625862646104389064e-13,2.174605517371532790e-13,2.626598036183189265e-13,2.351258367350017702e-13,2.964000337576328096e-13,2.940338005278723788e-13,3.526970271694227231e-13,3.783266004449065653e-13,2.805848228434968861e-13,3.001239980051590616e-13,2.675015200269843947e-13,2.921646908998295678e-13,4.836255208400112309e-13,7.312869553953001496e-13,2.532815556255923313e-13,3.085311219812055078e-13,3.055906140666498521e-13,3.323326997290010125e-13,3.873690098249003525e-13,3.130368685139664122e-13,3.060503300064755985e-13,2.968585895413650274e-13,2.933877596285751288e-13,5.465299968280346729e-13,6.977853415950542879e-13,1.115135566849950077e-12,2.468033238290042896e-13,2.600059218529625719e-13,3.419007253327657148e-13,5.879856885146021863e-13,7.878649628851877537e-13,3.631222430601649475e-13,3.102657104805124461e-13,2.571733961826755209e-13,3.099301056897668218e-13,5.679038134346953242e-13,1.681981772990783425e-12,2.013653701312296720e-12,2.584573327643321950e-13,2.302175884992992308e-13,3.056247741854035936e-13,3.646828021247309553e-13,4.070242129609472291e-13,3.227820457670457261e-13,3.757537977529130374e-13,3.708479718577058673e-13,3.772176200886491659e-13,8.342895000251221644e-13,2.931178195371896814e-12,1.917225662702958760e-13,2.473190076567804053e-13,4.545514559398138835e-13,3.649238691865672227e-13,5.225459920686026709e-13,3.542971559006910675e-13,5.024238045881979560e-13,1.377523762757509364e-12,7.524833835260546776e-13,1.070799320629556756e-12,4.849367647010119953e-13,2.182413918831296575e-12,2.311294125060299667e-12,1.854140954160265871e-12,8.185058201620908911e-12,1.431528344024176156e-12,1.163046239529054884e-12,8.606905060342109545e-04,1.459892540612789619e-11,5.516606685226508994e-12
2.669710307115930789e-13,3.538457758620370427e-13,2.811729284135116276e-13,2.626873994908716235e-13,3.138479226844055518e-13,2.950465461856893180e-13,3.057064545078935022e-13,3.839241215518836843e-13,2.908361192141464522e-13,2.626122253926449267e-13,2.181391123607945604e-13,2.636529015686765928e-13,2.399367375246312620e-13,2.968342959047448235e-13,2.942426040907373582e-13,3.516194510087921507e-13,3.748727555976842510e-13,2.801807266698172828e-13,2.993405313467513727e-13,2.677858226264375704e-13,2.922212040768978088e-13,4.786575476287479361e-13,7.172696575135311444e-13,2.534985750724688427e-13,3.071177225186450730e-13,3.050130947442142464e-13,3.309811909618867225e-13,3.841389822805968001e-13,3.120183949187833844e-13,3.055508957695242632e-13,2.953879788508416581e-13,2.921476411253702296e-13,5.363598308762525485e-13,6.836680469151661592e-13,1.086218467987429458e-12,2.461274001218083996e-13,2.592716215624923279e-13,3.384141571511310289e-13,5.749982127352218648e-13,7.680454736466852185e-13,3.599171011171525398e-13,3.083976333286861228e-13,2.568660727728635082e-13,3.078535330228225005e-13,5.560100323101979450e-13,1.630840958629685423e-12,1.949024009799540051e-12,2.571405154803569359e-13,2.299643227590902069e-13,3.028331705415736913e-13,3.602552747505586179e-13,4.017361009955349227e-13,3.204647957521064302e-13,3.713541358768369674e-13,3.668350783934927760e-13,3.733222383806435693e-13,8.134645967395754050e-13,2.833381953859586473e-12,1.916908339848786627e-13,2.459502480412741950e-13,4.462731096843006766e-13,3.603882308161973163e-13,5.124228059180858587e-13,3.505121600109443939e-13,4.936381220032559404e-13,1.337100040728329672e-12,7.349033458919839341e-13,1.040686965677865491e-12,4.764437112438855067e-13,2.120420621437631504e-12,2.244259123659359009e-12,1.798990751040893932e-12,7.972342458725307226e-12,1.387309633724365866e-12,1.130139121374831456e-12,8.606905060792508812e-04,1.420048223994293675e-11,5.353429303460534468e-12
2.680736867673580898e-13,3.548555890251508494e-13,2.827966038010144912e-13,2.680338140096593454e-13,3.150496567832774026e-13,2.961068149053840852e-13,3.058916807981137995e-13,3.821904041427020985e-13,2.904938298264273129e-13,2.633182035693266551e-13,2.193265739846197204e-13,2.652853385476554549e-13,2.448356899070139240e-13,2.980532363354486230e-13,2.952373404136685223e-13,3.515946764794008045e-13,3.725804899523997683e-13,2.805324322369425983e-13,2.993930524820702793e-13,2.687587389123081406e-13,2.930622286166719749e-13,4.753666003200820205e-13,7.061220671586523347e-13,2.543582169976192055e-13,3.065796440538815280e-13,3.052884282422508385e-13,3.306016187907763594e-13,3.821189306824115045e-13,3.118897410948874075e-13,3.059042718259837743e-13,2.947465102631817856e-13,2.917226111804952461e-13,5.279037572040617071e-13,6.720850358869636558e-13,1.062473300508687301e-12,2.460920577558104015e-13,2.592251889893596408e-13,3.359119615646791048e-13,5.635440959520460514e-13,7.501720381980049177e-13,3.578075574155274421e-13,3.074111924784742417e-13,2.572295769725432983e-13,3.066551961668239214e-13,5.457177204500572155e-13,1.583923768243611514e-12,1.889982379592028293e-12,2.565081473420714155e-13,2.302907140824383439e-13,3.008853014618143956e-13,3.568801956638300732e-13,3.976792115774245487e-13,3.190769667924293767e-13,3.680675644252659779e-13,3.639284457234087411e-13,3.705693980192321765e-13,7.953505877033504937e-13,2.743830803272025691e-12,1.921146624117343577e-13,2.452255761368563810e-13,4.392284149548384340e-13,3.568997844170672643e-13,5.038117564480956759e-13,3.477594144718315575e-13,4.863954535966215176e-13,1.300098806561923833e-12,7.197885634242310357e-13,1.014380163194721510e-12,4.693949442787284641e-13,2.062808807382777491e-12,2.182058988244334026e-12,1.748084511489018219e-12,7.775542910213851987e-12,1.347399766924283708e-12,1.102093069282645908e-12,8.606905061247807588e-04,1.383600924804798553e-11,5.202555227098973700e-12
2.697857227263011858e-13,3.567748942855862202e-13,2.850454188860028139e-13,2.734821518534772816e-13,3.170120275332616659e-13,2.978690006918259655e-13,3.068517565757016131e-13,3.815595157647198779e-13,2.908892420782537983e-13,2.646377108156509165e-13,2.209717992193990320e-13,2.674864699544439225e-13,2.498258313747235019e-13,2.999718375496617688e-13,2.969351863238123724e-13,3.525157094379552336e-13,3.713534110796258537e-13,2.815677326372332667e-13,3.002024730921625322e-13,2.703500045688524995e-13,2.946067986769147797e-13,4.735963339413767423e-13,6.975981740294735239e-13,2.557969052548146953e-13,3.068390526148788591e-13,3.063329687143680900e-13,3.311020041078984917e-13,3.812033151983155891e-13,3.125668860764843362e-13,3.070259630725885636e-13,2.948631007270263170e-13,2.920411348686600003e-13,5.210455515428012400e-13,6.628398406602103481e-13,1.043422453082340132e-12,2.466425712903895139e-13,2.598065238646088761e-13,3.343215981648487665e-13,5.535347699673716549e-13,7.341242132360818085e-13,3.567038027710320877e-13,3.072323088667866887e-13,2.582018306973414652e-13,3.062634910771655239e-13,5.369299323044214004e-13,1.540861675514799689e-12,1.836011467783271644e-12,2.565059588487922386e-13,2.311454347836467807e-13,2.997202817904831848e-13,3.544840822423623340e-13,3.947643627138083363e-13,3.185425371587114836e-13,3.658127600100898376e-13,3.620443488999257453e-13,3.688695431348625346e-13,7.797597667025356980e-13,2.661654295112767062e-12,1.929550732717179916e-13,2.450959697667153690e-13,4.333452122324478950e-13,3.543864965390889051e-13,4.966190468891900183e-13,3.459628201881311275e-13,4.805920177874984443e-13,1.266246842212555763e-12,7.069689151181295758e-13,9.915903717923155946e-13,4.636965980350702086e-13,2.009145502048062850e-12,2.124207829211438072e-12,1.701033316625273677e-12,7.592378777911188360e-12,1.311450826586609663e-12,1.078500540525822042e-12,8.606905061707926727e-04,1.349990971782244782e-11,5.062383302469621197e-12
2.720442341591989995e-13,3.595012824675763033e-13,2.878500646799075455e-13,2.790353896313719632e-13,3.196511267794819855e-13,3.002588301649721926e-13,3.085111429139040919e-13,3.819314784447942795e-13,2.919566076206129908e-13,2.665107964184160907e-13,2.230291510516947417e-13,2.701941278788769555e-13,2.549101594671643613e-13,3.025146368375958876e-13,2.992622415056828607e-13,3.542860226537464449e-13,3.711023501308165615e-13,2.832211676799430714e-13,3.016968891542360549e-13,2.724967176351542272e-13,2.967824030989211394e-13,4.732036495298953752e-13,6.914735584497845665e-13,2.577574854130015727e-13,3.078245499815915925e-13,3.080710620948213758e-13,3.323985741504463962e-13,3.812949384994130121e-13,3.139733600968295333e-13,3.088396698329774679e-13,2.956722853175968420e-13,2.930375270203380747e-13,5.156784382605687298e-13,6.557532487583342133e-13,1.028639890659633528e-12,2.477286306832952636e-13,2.609605021548988126e-13,3.335753826179138274e-13,5.448913324221148014e-13,7.197981581505465821e-13,3.565226695704794653e-13,3.077925777934274162e-13,2.597263773719101875e-13,3.066120964763552297e-13,5.295590423208424030e-13,1.501350780952239724e-12,1.786687716528204617e-12,2.570835998019589151e-13,2.324815897163031658e-13,2.992811825559243050e-13,3.529982966493947039e-13,3.929085230010042980e-13,3.187911035767244517e-13,3.645139115515876127e-13,3.611048468780609491e-13,3.681394847963522833e-13,7.665260238166612790e-13,2.586148863108802095e-12,1.941763833725018489e-13,2.455157750050078481e-13,4.285572053983870110e-13,3.527810625915422414e-13,4.907589282787315050e-13,3.450514026468846896e-13,4.761320479807643618e-13,1.235316923705505026e-12,6.962919945693654062e-13,9.720668692340496224e-13,4.592620420708887599e-13,1.959074291228613246e-12,2.070306815365715198e-12,1.657516963004817516e-12,7.421043615237578185e-12,1.279172666904062671e-12,1.059003546182518519e-12,8.606905062172828282e-04,1.318789020479373013e-11,4.931633342270336828e-12
2.747934285131716108e-13,3.629446358203709090e-13,2.911499595738332400e-13,2.846964244439703886e-13,3.228931262127831305e-13,3.032105317095715127e-13,3.108017763733056732e-13,3.832147697939852026e-13,2.936358896772011662e-13,2.688837147970087520e-13,2.254581461664692891e-13,2.733539499014702881e-13,2.600915594295524674e-13,3.056150746635245441e-13,3.021529700877632752e-13,3.568190035594534112e-13,3.717449358245753678e-13,2.854337134800103581e-13,3.038112613152455429e-13,2.751429046667030391e-13,2.995244906197154017e-13,4.740578231320372118e-13,6.875420934431970888e-13,2.601888768469788760e-13,3.094709129349318233e-13,3.104346549273086989e-13,3.344153902876037795e-13,3.823044949587076391e-13,3.160399087395350365e-13,3.112768747993679845e-13,2.971139998454622446e-13,2.946517259496380256e-13,5.117033091846946627e-13,6.506601525202000731e-13,1.017740452866626240e-12,2.493041955268186460e-13,2.626367961654018680e-13,3.336101274528581995e-13,5.375424074943164513e-13,7.071031083461116816e-13,3.571872535975466606e-13,3.090290342466717883e-13,2.617521436596987726e-13,3.076397444125948375e-13,5.235246957739835882e-13,1.465138020813073087e-12,1.741660502796553014e-12,2.581945043434566392e-13,2.342565511727081323e-13,2.995147763904358140e-13,3.523585466491142558e-13,3.920341443430259615e-13,3.197576216745821580e-13,3.641002140186637754e-13,3.610373290934287874e-13,3.683019493285020798e-13,7.554998534096555254e-13,2.516739290851714870e-12,1.957460933031780920e-13,2.464425888348782507e-13,4.248027548374155730e-13,3.520203915907209169e-13,4.861520228265319093e-13,3.449589058543824453e-13,4.729263698320336358e-13,1.207118164570211697e-12,6.876191241677991040e-13,9.555876993526001623e-13,4.560105518550721852e-13,1.912299243334007324e-12,2.020025618608641298e-12,1.617269497596220156e-12,7.260083352322497598e-12,1.250319879217206068e-12,1.043281791793106350e-12,8.606905062642446116e-04,1.289658636981710601e-11,4.809267564752940268e-12
2.779841229162447460e-13,3.670261612992339552e-13,2.948924799252668029e-13,2.904680934919515400e-13,3.266734778194582921e-13,3.066662228374402785e-13,3.136626832141478681e-13,3.853259676987922106e-13,2.958725464823097230e-13,2.717085690541395712e-13,2.282230872561006427e-13,2.769186917280190399e-13,2.653728278143169658e-13,3.092148119408650874e-13,3.055496125485494274e-13,3.600373943842852226e-13,3.732053117367945198e-13,2.881524562122083304e-13,3.064870895293682557e-13,2.782390596495409586e-13,3.027759468134641350e-13,4.760398764467425140e-13,6.856138510725294755e-13,2.630456998120923899e-13,3.117188567536828712e-13,3.133628878251383651e-13,3.370839886355908379e-13,3.841502436242657936e-13,3.187041586031261080e-13,3.142764117996507513e-13,2.991333946022188799e-13,2.968290862355562229e-13,5.090275132115648360e-13,6.474074710399658363e-13,1.010372873300752422e-12,2.513273508443878125e-13,2.647896969963165102e-13,3.343669298721779800e-13,5.314225007117121774e-13,6.959585949369516635e-13,3.586266641775458593e-13,3.108839696465200503e-13,2.642331872520435219e-13,3.092900553836587872e-13,5.187522922628325524e-13,1.432010690147312051e-12,1.700636505027558840e-12,2.597957881283290544e-13,2.364317832887857929e-13,3.003713900844982122e-13,3.525045860103682650e-13,3.920687559182430730e-13,3.213822232254044194e-13,3.645055657193113062e-13,3.617742431360302476e-13,3.692853008081478325e-13,7.465446674865638444e-13,2.452950481795934801e-12,1.976347650948148519e-13,2.478371787993652234e-13,4.220240107690794803e-13,3.520452947902278949e-13,4.827241263013063076e-13,3.456235515017006861e-13,4.708914488452900495e-13,1.181488580144591691e-12,6.808224733726789940e-13,9.419529954170399001e-13,4.538664062673066835e-13,1.868572834392017084e-12,1.973088539292775432e-12,1.580068277506606829e-12,7.108311261257812971e-12,1.224681868513927234e-12,1.031044387127561248e-12,8.606905063116719514e-04,1.262331427879889028e-11,4.694434781922846355e-12
2.815732204502196870e-13,3.716773992180170542e-13,2.990321888992800496e-13,2.963531908338725644e-13,3.309360930283097232e-13,3.105752732552888558e-13,3.170395644250191038e-13,3.881894222173279234e-13,2.986173013758742417e-13,2.749429275447231187e-13,2.312926808327213586e-13,2.808475389636441447e-13,2.707566926553632382e-13,3.132630263070317507e-13,3.094015718413635496e-13,3.638726995525361701e-13,3.754139179123071185e-13,2.913302383543538464e-13,3.096720620447124110e-13,2.817416585184482332e-13,3.064865427563400639e-13,4.790420446324273462e-13,6.855137910902192621e-13,2.662878779081598896e-13,3.145147890705711983e-13,3.168016588970373027e-13,3.403430001120505167e-13,3.867577255863868007e-13,3.219102591796315280e-13,3.177840037366258203e-13,3.016806452458835888e-13,2.995201609734531368e-13,5.075640684415921268e-13,6.458528279358305353e-13,1.006215326100728853e-12,2.537601474412460290e-13,2.673779206326548224e-13,3.357910436071289069e-13,5.264707482886120893e-13,6.862922443903357185e-13,3.607758314160106862e-13,3.133047579886516636e-13,2.671284203914748879e-13,3.115113932922471643e-13,5.151718890976658238e-13,1.401788346139557456e-12,1.663367764270899109e-12,2.618481500316815449e-13,2.389726464082432998e-13,3.018048163445167141e-13,3.533800437162532926e-13,3.929447261081676073e-13,3.236100598762781209e-13,3.656683904943650136e-13,3.632529261198173267e-13,3.710233569773384253e-13,7.395341141353030841e-13,2.394386346465597569e-12,1.998158831211181856e-13,2.496634129297428650e-13,4.201663128942910151e-13,3.528003084037624790e-13,4.804053812008368042e-13,3.469878947239451064e-13,4.699487826412228090e-13,1.158289273571802688e-12,6.757830225997051342e-13,9.309800984460093415e-13,4.527583031292129578e-13,1.827686725085487165e-12,1.929263949563491034e-12,1.545725551277974633e-12,6.964747191967502500e-12,1.202075202817133737e-12,1.022024164354317700e-12,8.606905063595567161e-04,1.236589984068125621e-11,4.586429856852983965e-12
2.855231764868034270e-13,3.768392275610511356e-13,3.035300818880085530e-13,3.023544817374422081e-13,3.356325209078216905e-13,3.148936570313673824e-13,3.208843502424093869e-13,3.917369125337661142e-13,3.018258872835317069e-13,2.785494190574600926e-13,2.346396497938544116e-13,2.851054343737277996e-13,2.762458307400693814e-13,3.177157039901140196e-13,3.136647863210879288e-13,3.682645579607758040e-13,3.783072854978613087e-13,2.949252778375077205e-13,3.133196742948425996e-13,2.856126592021568670e-13,3.106123652825331695e-13,4.829672549209814128e-13,6.870809197732917485e-13,2.698802233029878660e-13,3.178105381231175618e-13,3.207031574987854842e-13,3.441377378098729366e-13,3.900594778106960631e-13,3.256084933788927710e-13,3.217517716655373411e-13,3.047107430675691752e-13,3.026804596484571473e-13,5.072311773169089874e-13,6.458637389037832297e-13,1.004972618912351568e-12,2.565684199180994693e-13,2.703643903961291424e-13,3.378317891606682827e-13,5.226299843800332169e-13,6.780380384868618973e-13,3.635753241408962733e-13,3.162436672944466378e-13,2.704013087706591257e-13,3.142567128637070708e-13,5.127174346298177674e-13,1.374316454678436322e-12,1.629642418011856711e-12,2.643157621361930076e-13,2.418481798714560358e-13,3.037722502081196452e-13,3.549323276341248663e-13,3.945991213718592668e-13,3.263911421420746261e-13,3.675315261670260526e-13,3.654154839742941934e-13,3.734552422154973536e-13,7.343501733330065962e-13,2.340713715658784404e-12,2.022656978429028416e-13,2.518881831765391999e-13,4.191777953716601015e-13,3.542335962696402608e-13,4.791297325923956364e-13,3.489987263063058966e-13,4.700245364104070864e-13,1.137399829913009643e-12,6.723891713387916306e-13,9.225000473976596882e-13,4.526190040738923577e-13,1.789464606372504685e-12,1.888356132289793729e-12,1.514081876867335816e-12,6.828573213557911183e-12,1.182337664903015672e-12,1.015973890981294201e-12,8.606905064078944605e-04,1.212255865853678304e-11,4.484663670128046847e-12
2.898014682241264654e-13,3.824608855519061270e-13,3.083528647034657990e-13,3.084747149975326075e-13,3.407211457550836239e-13,3.195833097143643055e-13,3.251547316475279247e-13,3.959072701480009844e-13,3.054587637057695119e-13,2.824953162430360724e-13,2.382403502200601360e-13,2.896624348450531494e-13,2.818428824246596654e-13,3.225349446814708679e-13,3.183011048095481652e-13,3.731600903144578482e-13,3.818278147006325831e-13,2.989007672501104206e-13,3.173888225015585675e-13,2.898189995613473927e-13,3.151152426015104641e-13,4.877285723215580443e-13,6.901676961021855705e-13,2.737920149395871988e-13,3.215630516339929514e-13,3.250253769091155219e-13,3.484197530019011487e-13,3.939947189945422541e-13,3.297548600378684960e-13,3.261377247331045623e-13,3.081832583842767016e-13,3.062701785133589433e-13,5.079519485104242059e-13,6.473171200439284461e-13,1.006374387619128135e-12,2.597215822278195038e-13,2.737159960118673032e-13,3.404424713798892112e-13,5.198460649850571535e-13,6.711349465026612040e-13,3.669711516040185787e-13,3.196576454480571278e-13,2.740195511861816638e-13,3.174833853545280671e-13,5.113262575047720644e-13,1.349461337988291978e-12,1.599277407767926451e-12,2.671661402671571991e-13,2.450308665540860044e-13,3.062342268484740335e-13,3.571125626164314722e-13,3.969736102374499271e-13,3.296801570408692356e-13,3.700421376957735455e-13,3.682086809754769596e-13,3.765252411850644756e-13,7.308818506649858318e-13,2.291649874840240407e-12,2.049630552071315523e-13,2.544813133011396628e-13,4.190091459680908299e-13,3.562968920126186298e-13,4.788345936630474007e-13,3.516069868251917017e-13,4.710493401700951122e-13,1.118714628553466564e-12,6.705358288818787457e-13,9.163551201762416894e-13,4.533851366731574186e-13,1.753756569492490959e-12,1.850198878207029004e-12,1.485000900008303258e-12,6.699100618065745286e-12,1.165323609716977276e-12,1.012663831044344885e-12,8.606905064566726079e-04,1.189180940767958484e-11,4.388640480389652033e-12
2.943800794852857425e-13,3.884990377972208376e-13,3.134722768566379615e-13,3.147166335364471402e-13,3.461664211914507206e-13,3.246115050478258903e-13,3.298136802560706910e-13,4.006459650544540989e-13,3.094808106011540687e-13,2.867521179069890329e-13,2.420744006937711956e-13,2.944931087461607465e-13,2.875504643680555270e-13,3.276882945334739467e-13,3.232776783292578578e-13,3.785132370769597415e-13,3.859235223375605182e-13,3.032244631185095059e-13,3.218433814107730361e-13,2.943321051758593478e-13,3.199621791787421986e-13,4.932485978848839702e-13,6.946395350566826432e-13,2.779965801715871794e-13,3.257340700736168059e-13,3.297316179568250480e-13,3.531463684630003249e-13,3.985089993956980272e-13,3.343106374849439201e-13,3.309052436681629704e-13,3.120620782834019300e-13,3.102539069852474937e-13,5.096542493211811612e-13,6.500989758848203597e-13,1.010173835385773731e-12,2.631924046946138715e-13,2.774033339390734096e-13,3.435802851690112947e-13,5.180673977283077308e-13,6.655258627705538219e-13,3.709145364221475897e-13,3.235080785193322078e-13,2.779547479569430080e-13,3.211529977973394148e-13,5.109387497524152372e-13,1.327106111950837461e-12,1.572112674598881806e-12,2.703699933331405375e-13,2.484963849454909127e-13,3.091545466490929053e-13,3.598755352656257536e-13,4.000143768469320728e-13,3.334362582456127093e-13,3.731516277244490077e-13,3.715838164361152134e-13,3.801826324173875241e-13,7.290243233439829295e-13,2.246952757282626355e-12,2.078892161173312841e-13,2.574154478599287867e-13,4.196134763758865632e-13,3.589454521037751556e-13,4.794606604286069020e-13,3.547676710088834153e-13,4.729581839800781041e-13,1.102139868024414890e-12,6.701238558901994362e-13,9.123971726209687964e-13,4.549970962348563343e-13,1.720434615538284481e-12,1.814650392709011145e-12,1.458365156410102469e-12,6.575744964372669502e-12,1.150900345453390528e-12,1.011880230369262127e-12,8.606905065058829182e-04,1.167241010639362994e-11,4.297940589494400005e-12
2.992350104818963937e-13,3.949168954728044852e-13,3.188644679743510344e-13,3.210829835530291382e-13,3.519381533608089342e-13,3.299502630674979753e-13,3.348289687172210583e-13,4.059046609975096025e-13,3.138610067032610613e-13,2.912951399380581089e-13,2.461243306035769725e-13,2.995759806295779115e-13,2.933711805007040829e-13,3.331481187589103403e-13,3.285663804061463400e-13,3.842841033164296069e-13,3.905477562176380774e-13,3.078682756387657859e-13,3.266517770152097214e-13,2.991274170135238154e-13,3.251248118481898394e-13,4.994588231594634639e-13,7.003743152906220730e-13,2.824708889865289994e-13,3.302897819928141214e-13,3.347899959374312950e-13,3.582802008703443332e-13,4.035538170592264855e-13,3.392419393358510170e-13,3.360225704519908387e-13,3.163151242371294713e-13,3.146003170588872722e-13,5.122706299991190985e-13,6.541041666188192279e-13,1.016146708430458782e-12,2.669567783941624342e-13,2.814004356802727715e-13,3.472061993470704758e-13,5.172446343089776936e-13,6.611567970629625071e-13,3.753616561986643905e-13,3.277605252464926625e-13,2.821820666613262391e-13,3.252311272089854842e-13,5.114981913542813406e-13,1.307147391013194233e-12,1.548006499821929970e-12,2.739010535793955704e-13,2.522233553501442484e-13,3.125001804811861430e-13,3.631796277382088116e-13,4.036720217997957229e-13,3.376228295862664994e-13,3.768155285892261870e-13,3.754965766910271845e-13,3.843814927149061247e-13,7.286784185589537690e-13,2.206413125402960826e-12,2.110276708725283142e-13,2.606659227708678120e-13,4.209462679281950572e-13,3.621380011450950070e-13,4.809518259323138636e-13,3.584397105965585275e-13,4.756903628087202966e-13,1.087591155054080077e-12,6.710597493570629912e-13,9.104865711563054889e-13,4.573990026358840041e-13,1.689389028170306797e-12,1.781589191472122332e-12,1.434072656785426060e-12,6.458006920933930799e-12,1.138945332245895205e-12,1.013424398417633430e-12,8.606905065555168263e-04,1.146331038360287928e-11,4.212206879587749761e-12
3.043458194784583637e-13,4.016834055003139609e-13,3.245094315239604341e-13,3.275765224459147831e-13,3.580108412196907444e-13,3.355757979498660408e-13,3.401727025477503120e-13,4.116407505472580077e-13,3.185721007906731146e-13,2.961031228695835157e-13,2.503752519349314315e-13,3.048930268325649852e-13,2.993076314973729562e-13,3.388910214328524414e-13,3.341432645709863039e-13,3.904383248300450225e-13,3.956588804519043106e-13,3.128078681146743365e-13,3.317865645668696713e-13,3.041839464925812144e-13,3.305788962964104465e-13,5.062989542122922363e-13,7.072618418755073655e-13,2.871951680099169682e-13,3.352004705243630928e-13,3.401729616917522987e-13,3.637886842886530834e-13,4.090862086975691278e-13,3.445192734900539032e-13,3.414623150484345798e-13,3.209140570427914386e-13,3.192818439926420859e-13,5.157382769976328948e-13,6.592361877319738226e-13,1.024090318333100480e-12,2.709934733327159217e-13,2.856844912559446519e-13,3.512848153538898848e-13,5.173304882846236812e-13,6.579762748196906408e-13,3.802733575294315888e-13,3.323844342922266841e-13,2.866799130269242448e-13,3.296870947757897071e-13,5.129506724952952233e-13,1.289492600385880440e-12,1.526831745864602685e-12,2.777358920124593004e-13,2.561930865183620954e-13,3.162411532315896059e-13,3.669867309746730195e-13,4.079014384256788510e-13,3.422072268553265588e-13,3.809933684575751958e-13,3.799068586131012734e-13,3.890804712564500130e-13,7.297503252361253109e-13,2.169848266400204950e-12,2.143639532355029968e-13,2.642106203125073173e-13,4.229653636338795471e-13,3.658366586707592820e-13,4.832551541624323464e-13,3.625858313245534793e-13,4.791894363280520624e-13,1.074991549621626396e-12,6.732554846197701541e-13,9.104915521513362010e-13,4.605386791028796712e-13,1.660525408120920146e-12,1.750910752220098932e-12,1.412034080179466048e-12,6.345457362649723323e-12,1.129344042895217711e-12,1.017112139697674209e-12,8.606905066055585028e-04,1.126361515599912381e-11,4.131134220238193443e-12
3.096952006426953434e-13,4.087725135564699089e-13,3.303904968533432088e-13,3.342000257020864520e-13,3.643630778542949807e-13,3.414680106895676271e-13,3.458208722080290873e-13,4.178168821561375343e-13,3.235902840320796150e-13,3.011578619834910167e-13,2.548145572392403665e-13,3.104292227843788346e-13,3.053624229803779598e-13,3.448973165883336527e-13,3.399880644762360035e-13,3.969464668102808719e-13,4.012199394424431759e-13,3.180222735277299777e-13,3.372240205713831963e-13,3.094838629033012560e-13,3.363038300934909179e-13,5.137162223863505906e-13,7.152032455929500000e-13,2.921525393619370833e-13,3.404401599312526102e-13,3.458568454294475553e-13,3.696436053749247917e-13,4.150683259576093952e-13,3.501171138032893706e-13,3.472009876018911823e-13,3.258339768843339028e-13,3.242743663321891249e-13,5.199989655385906395e-13,6.654069221005250882e-13,1.033822508644103600e-12,2.752838964935355855e-13,2.902355745116702635e-13,3.557842020267495416e-13,5.182796458831567142e-13,6.559349107852235118e-13,3.856148494716302881e-13,3.373528519345533103e-13,2.914296134401383045e-13,3.344937066882268391e-13,5.152450776048735735e-13,1.274057778419965170e-12,1.508472819364195080e-12,2.818537241579569806e-13,2.603893281381215766e-13,3.203504070522064379e-13,3.712621337168343339e-13,4.126616602657041146e-13,3.471605048349124765e-13,3.856485103745800422e-13,3.847785662878553902e-13,3.942425373134594577e-13,7.321514587705636165e-13,2.137096863125832470e-12,2.178854581485232889e-13,2.680298126159094030e-13,4.256309836790902220e-13,3.700068428047986785e-13,4.863208829793327435e-13,3.671723847060546072e-13,4.834031804697305436e-13,1.064269985544285590e-12,6.766284469501221035e-13,9.122878721594713977e-13,4.643676298822794907e-13,1.633762221094636142e-12,1.722524751792927034e-12,1.392170448015786340e-12,6.237725636790384274e-12,1.121988363681203022e-12,1.022773355860988238e-12,8.606905066559999247e-04,1.107255659228540612e-11,4.054461032591702768e-12
3.152686000960766729e-13,4.161625025504061838e-13,3.364938781897717459e-13,3.409562929121301322e-13,3.709770135391464448e-13,3.476100288668528593e-13,3.517529318326932728e-13,4.244004907386410751e-13,3.288948703722958681e-13,3.064438638430330032e-13,2.594316449560537446e-13,3.161721407849178611e-13,3.115381726478895725e-13,3.511505518408881183e-13,3.460837392587045384e-13,4.037834629063356148e-13,4.071983096741906370e-13,3.234935336444040214e-13,3.429437554173903061e-13,3.150121158983644084e-13,3.422822157614108862e-13,5.216646989474481202e-13,7.241103203438702234e-13,2.973286874767318657e-13,3.459862699259397193e-13,3.518214293947698252e-13,3.758206587955850074e-13,4.214670080358372102e-13,3.560134918434323068e-13,3.532185619158751434e-13,3.310531256584487676e-13,3.295568923179993886e-13,5.249989929779722094e-13,6.725363450153011756e-13,1.045180525404285833e-12,2.798118549477720026e-13,2.950363758746625675e-13,3.606757104016265416e-13,5.200487421544496526e-13,6.549851242295719665e-13,3.913553848480272740e-13,3.426421276670385612e-13,2.964151139499131858e-13,3.396269886136457346e-13,5.183331026584931039e-13,1.260765782350680003e-12,1.492823225060277494e-12,2.862362113638573664e-13,2.647980334835973945e-13,3.248036478439966232e-13,3.759743878331091978e-13,4.179156807568763903e-13,3.524571369442164762e-13,3.907479669532332153e-13,3.900793856759964104e-13,3.998347081741000713e-13,7.357984150093925882e-13,2.108014794898761779e-12,2.215812662934550074e-13,2.721059980823661811e-13,4.289057472377422312e-13,3.746171504302815870e-13,4.901024334847080851e-13,3.721691583674758768e-13,4.882835169725676154e-13,1.055360005321463774e-12,6.811014021477360864e-13,9.157586405698834880e-13,4.688410021521648400e-13,1.609028748590895955e-12,1.696352761847269391e-12,1.374411184848097605e-12,6.134490222610228938e-12,1.116775435878168829e-12,1.030251696593368273e-12,8.606905067068253709e-04,1.088947219589079906e-11,3.981962495048316673e-12
3.210538703956416408e-13,4.238354050472437588e-13,3.428082776176732737e-13,3.478481530496122829e-13,3.778378789060917693e-13,3.539877935635385537e-13,3.579514087461805802e-13,4.313633415876044793e-13,3.344679904546018427e-13,3.119480313744017977e-13,2.642176720813321138e-13,3.221115956120873996e-13,3.178375164961406036e-13,3.576370836259812021e-13,3.524160645685840093e-13,4.109280993816350955e-13,4.135653482787211209e-13,3.292063641513827774e-13,3.489283512404357504e-13,3.207560939205703627e-13,3.484994651565358464e-13,5.301046285864436730e-13,7.339048118251792348e-13,3.027115553366313674e-13,3.518192839167178080e-13,3.580495531576386149e-13,3.822990290038138091e-13,4.282533605006251343e-13,3.621896139818176027e-13,3.594980736676652082e-13,3.365525975456542505e-13,3.351112583222472676e-13,5.306890832188422363e-13,6.805521770823084531e-13,1.058019791138305707e-12,2.845633281529423407e-13,3.000719469212719965e-13,3.659337738509528239e-13,5.225963792093078117e-13,6.550809674676309693e-13,3.974679376721787174e-13,3.482316242774191128e-13,3.016226990855239890e-13,3.450659202797309255e-13,5.221692840211166206e-13,1.249544831799864381e-12,1.479783611029802831e-12,2.908672623838061519e-13,2.694071353432042258e-13,3.295791794742916488e-13,3.810951530932129100e-13,4.236302493291149483e-13,3.580747344325717652e-13,3.962621956947969640e-13,3.957805436263945250e-13,4.058277648688417298e-13,7.406129649428454010e-13,2.082471688808436429e-12,2.254419778272954837e-13,2.764237349849043202e-13,4.327546884891961621e-13,3.796392163328634822e-13,4.945564103663015585e-13,3.775491703111146516e-13,4.937864144410786743e-13,1.048198761146544311e-12,6.866024703508868399e-13,9.207942507762570911e-13,4.739175242327494399e-13,1.586263358739868439e-12,1.672326308470246561e-12,1.358692496006165580e-12,6.035471221727148259e-12,1.113606854146788421e-12,1.039404183516347635e-12,8.606905067580279027e-04,1.071378747198465917e-11,3.913445012438916669e-12
3.270409623768578667e-13,4.317764859250372043e-13,3.493245380474374230e-13,3.548784691323201357e-13,3.849335650600792575e-13,3.605896919028069457e-13,3.644015459285415250e-13,4.386810952541466901e-13,3.402943030798527377e-13,3.176593781833356465e-13,2.691653333132215810e-13,3.282393344501744228e-13,3.242631142833677289e-13,3.643457016332653924e-13,3.589732680470318887e-13,4.183625464069310884e-13,4.202960463119811886e-13,3.351478476639751169e-13,3.551630277697637967e-13,3.267053180453021493e-13,3.549434447473252314e-13,5.390017935646296032e-13,7.445176759250335072e-13,3.082910702774448429e-13,3.579224356785765105e-13,3.645267533507374140e-13,3.890610023270970915e-13,4.354023483987763305e-13,3.686295070869166790e-13,3.660252548405889408e-13,3.423160624488677258e-13,3.409218434750664290e-13,5.370242589587328707e-13,6.893894893822315719e-13,1.072212604604598036e-12,2.895262524826171476e-13,3.053294598633666092e-13,3.715356992379846921e-13,5.258831675919412742e-13,6.561780423871432192e-13,4.039288840659904240e-13,3.541034377294536021e-13,3.070407324356754498e-13,3.507921756622937959e-13,5.267110232085861659e-13,1.240327339176493865e-12,1.469260227753850130e-12,2.957328392244720675e-13,2.742063372661193327e-13,3.346577304543837320e-13,3.865990259477698852e-13,4.297756497785968347e-13,3.639937710496973089e-13,4.021648808902787865e-13,4.018565579536458187e-13,4.121959631590843171e-13,7.465220550493022148e-13,2.060348088541940516e-12,2.294595568291274636e-13,2.809694760122843508e-13,4.371452590649031958e-13,3.850475553884779251e-13,4.996425836845267932e-13,3.832884529945937357e-13,4.998717597329077582e-13,1.042726242906873536e-12,6.930650797947322043e-13,9.272923478508808898e-13,4.795594172053362285e-13,1.565412034575880038e-12,1.650385224493352550e-12,1.344956009843148860e-12,5.940424264863716950e-12,1.112388149299604619e-12,1.050100766886427489e-12,8.606905068095873539e-04,1.054500207540420979e-11,3.848741667885538877e-12
3.332216523787943442e-13,4.399737901999049558e-13,3.560353416724366376e-13,3.620501423575960700e-13,3.922542565581388166e-13,3.674062326790138729e-13,3.710909780138599707e-13,4.463328987947156903e-13,3.463607267473634727e-13,3.235687716917829289e-13,2.742686652217742292e-13,3.345487671705740676e-13,3.308176543626659181e-13,3.712672990672625269e-13,3.657457069196025815e-13,4.260719364677980770e-13,4.273686932171077511e-13,3.413071551344480508e-13,3.616353373796551127e-13,3.328511697287875198e-13,3.616041601616128884e-13,5.483269168638355300e-13,7.558883263108710079e-13,3.140588985623186433e-13,3.642814174057498668e-13,3.712409381253457939e-13,3.960916114295930508e-13,4.428924097444749037e-13,3.753196944176026949e-13,3.727882043277781080e-13,3.483295055840758940e-13,3.469753032562735396e-13,5.439636830989061293e-13,6.989902706878826176e-13,1.087646798791506781e-12,2.946903200446699466e-13,3.107979839319959066e-13,3.774614544926856077e-13,5.298717759127144985e-13,6.582334825031191578e-13,4.107176927237695330e-13,3.602421308446280908e-13,3.126594198101489541e-13,3.567898731204793094e-13,5.319185972239685548e-13,1.233048986206350614e-12,1.461163738383129145e-12,3.008207703854319602e-13,2.791869212463315113e-13,3.400222775392018393e-13,3.924633573865548905e-13,4.363254672986445979e-13,3.701973179045847047e-13,4.084327081301175698e-13,4.082849848928519217e-13,4.189167464399828042e-13,7.534577898400214914e-13,2.041533140505467334e-12,2.336271876302721387e-13,2.857314068506494866e-13,4.420473126666714238e-13,3.908193925550249161e-13,5.053238473047809237e-13,3.893658329116816550e-13,5.065032020609763774e-13,1.038884699990923227e-12,7.004278873611322761e-13,9.351577897502904928e-13,4.857322805091544408e-13,1.546427112301396534e-12,1.630476240687239168e-12,1.333147644931395549e-12,5.849135525700895515e-12,1.113028491934830798e-12,1.062223800678357637e-12,8.606905068614863772e-04,1.038267863415489086e-11,3.787708445543558934e-12
3.395893022746054921e-13,4.484177501935103168e-13,3.629349493068375700e-13,3.693661157899604832e-13,3.997921124900518845e-13,3.744297620730830337e-13,3.780094402259199906e-13,4.543010067792657071e-13,3.526561926607423341e-13,3.296687039019335367e-13,2.795228736306748420e-13,3.410347328486621590e-13,3.375038579473194147e-13,3.783945848183925242e-13,3.727255846777369402e-13,4.340439883536074943e-13,4.347645573690332599e-13,3.476752951879184907e-13,3.683348893715687372e-13,3.391866503160116469e-13,3.684734775891782410e-13,5.580551095968470242e-13,7.679638890377292775e-13,3.200082272339169120e-13,3.708841107857866051e-13,3.781820954560225591e-13,4.033783127062649165e-13,4.507050935758106266e-13,3.822489019943507161e-13,3.797770935524439473e-13,3.545809853111646395e-13,3.532603236359644651e-13,5.514704735111626878e-13,7.093029689319313823e-13,1.104224391475926840e-12,3.000467929266520507e-13,3.164682796872992936e-13,3.836934573491256596e-13,5.345269775867460606e-13,6.612059808405444550e-13,4.178166295449495316e-13,3.666344835341946237e-13,3.184705949349609606e-13,3.630453386598460456e-13,5.377551484949032236e-13,1.227648012622871044e-12,1.455408327573706638e-12,3.061205737827042094e-13,2.843415722228066039e-13,3.456578701607340628e-13,3.986680648571121933e-13,4.432563503215032379e-13,3.766707919961813157e-13,4.150451369645006730e-13,4.150461694058463280e-13,4.259704660654605673e-13,7.613573827047592737e-13,2.025922719960999353e-12,2.379391431063527156e-13,2.906992911972533400e-13,4.474330703371776372e-13,3.969344854747514370e-13,5.115661527540148580e-13,3.957627107263416729e-13,5.136479743384978276e-13,1.036618227730347774e-12,7.086346605271546967e-13,9.443025749491657500e-13,4.924049542162529075e-13,1.529266193497575042e-12,1.612551775078871596e-12,1.323216671610321881e-12,5.761417608426365034e-12,1.115440561279626942e-12,1.075667438962388816e-12,8.606905069137121790e-04,1.022643365171567696e-11,3.730221061126412511e-12
3.461386494281172992e-13,4.571008458940461130e-13,3.700189760153931679e-13,3.768293776041250804e-13,4.075409901313708460e-13,3.816542158481679216e-13,3.851485088076888776e-13,4.625704337578885939e-13,3.591714195471494573e-13,3.359530880925692519e-13,2.849241822177271532e-13,3.476932984935364797e-13,3.443244827855257572e-13,3.857218334442211196e-13,3.799067034636934629e-13,4.422686741930327404e-13,4.424675860925251798e-13,3.542448902180289653e-13,3.752531026439336020e-13,3.457061698003212240e-13,3.755448791691363164e-13,5.681653652954937762e-13,7.806984791535707437e-13,3.261335713074612912e-13,3.777203416712738419e-13,3.853420336338850613e-13,4.109106960354403664e-13,4.588247250815646927e-13,3.894077947488882347e-13,3.869839051954877653e-13,3.610604102887736721e-13,3.597673963771564234e-13,5.595114968748615257e-13,7.202820194108979129e-13,1.121860259233653570e-12,3.055883330953536737e-13,3.223326115312477026e-13,3.902163691514819364e-13,5.398156869465462461e-13,6.650558468024267366e-13,4.252104796813970054e-13,3.732692612428317424e-13,3.244675269996686552e-13,3.695468844537232134e-13,5.441866518806246186e-13,1.224064687579605851e-12,1.451911062890958988e-12,3.116232908901178691e-13,2.896642192129885101e-13,3.515514589168321972e-13,4.051954427462000954e-13,4.505477726345860220e-13,3.834017207590138471e-13,4.219841764564867101e-13,4.221230027821197416e-13,4.333401133513585946e-13,7.701630686502116212e-13,2.013417935650437619e-12,2.423906647018292988e-13,2.958643239422859946e-13,4.532770668647123918e-13,4.033749441520315408e-13,5.183384197990969410e-13,4.024628461615700616e-13,5.212766973193585451e-13,1.035872492109313239e-12,7.176341208895929226e-13,9.546457220916520832e-13,4.995493633161973085e-13,1.513891203813820026e-12,1.596568889451811916e-12,1.315114943590630673e-12,5.677106130391681993e-12,1.119540531001573991e-12,1.090336966634817227e-12,8.606905069662444847e-04,1.007593004025835884e-11,3.676172272658292254e-12
3.528656157479717106e-13,4.660172941937326388e-13,3.772841862184267999e-13,3.844429502309356723e-13,4.154961958390115383e-13,3.890748918557514242e-13,3.925013625342381007e-13,4.711286274690507710e-13,3.658987023580418564e-13,3.424170729046117569e-13,2.904696952232673351e-13,3.545215784295886519e-13,3.512823169687937978e-13,3.932446605993327361e-13,3.872842401074166380e-13,4.507379148670190883e-13,4.504641161132994315e-13,3.610099706057628170e-13,3.823829776127076545e-13,3.524053552101891931e-13,3.828132407013298421e-13,5.786400815842063046e-13,7.940524733656773556e-13,3.324305967031306796e-13,3.847816502928369270e-13,3.927141431170715449e-13,4.186802159659987578e-13,4.672380879339725969e-13,3.967887326564096392e-13,3.944021942856809023e-13,3.677593298054145427e-13,3.664886088297555905e-13,5.680571377166157705e-13,7.318873525150807293e-13,1.140480826733755291e-12,3.113088427503253224e-13,3.283845724841908279e-13,3.970168894965252925e-13,5.457069694414124972e-13,6.697450693884180670e-13,4.328862789480410325e-13,3.801369942394862633e-13,3.306447432620769383e-13,3.762845972700554992e-13,5.511818519641237418e-13,1.222240934002378241e-12,1.450591480940712836e-12,3.173213281804731676e-13,2.951498880826376146e-13,3.576917252378698102e-13,4.120299679113866794e-13,4.581817918662245921e-13,3.903795168342118597e-13,4.292341592001396100e-13,4.295006831923149203e-13,4.410110565625029787e-13,7.798219641553529181e-13,2.003923989589372689e-12,2.469778486869002495e-13,3.012189893479049529e-13,4.595560742212036662e-13,4.101250448928394358e-13,5.256124190241306052e-13,4.094521442206672455e-13,5.293631631997082493e-13,1.036594566307404456e-12,7.273797393361248008e-13,9.661130686276820447e-13,5.071403433070542679e-13,1.500267580856747154e-12,1.582488390138234335e-12,1.308796283561982243e-12,5.596056864223941426e-12,1.125248121325291735e-12,1.106148068126733528e-12,8.606905070190667062e-04,9.930870943558859493e-12,3.625469575633391801e-12
3.597671719068079561e-13,4.751628516942846008e-13,3.847283646087984020e-13,3.922099330547293345e-13,4.236543061863704835e-13,3.966882967273869594e-13,4.000626045124484611e-13,4.799652163611160125e-13,3.728317509950618637e-13,3.490569042960004339e-13,2.961572972104011163e-13,3.615176089061079358e-13,3.583802101138610617e-13,4.009598610666974030e-13,3.948545842831700269e-13,4.594453569059715644e-13,4.587426500637967461e-13,3.679658195295562399e-13,3.897189230378078971e-13,3.592809098192487780e-13,3.902746705546627103e-13,5.894647077451886179e-13,8.079919701461720227e-13,3.388959942391052819e-13,3.920611143882272406e-13,4.002932197148881545e-13,4.266799892037565378e-13,4.759341777216414708e-13,4.043855861318694534e-13,4.020269099665928569e-13,3.746707681939386348e-13,3.734174793127747095e-13,5.770810980330271373e-13,7.440839827011662788e-13,1.160022974999544646e-12,3.172033389022296773e-13,3.346189480369253592e-13,4.040835898661958651e-13,5.521720790386593032e-13,6.752374184551636106e-13,4.408331050871026293e-13,3.872298075510555896e-13,3.369978928259896509e-13,3.832501692182039209e-13,5.587122053066695884e-13,1.222120096646082412e-12,1.451371295681372869e-12,3.232083296578879925e-13,3.007945864234084751e-13,3.640689401591977314e-13,4.191581391223977812e-13,4.661428491075762237e-13,3.975952984861152426e-13,4.367815569867929275e-13,4.371665191522327832e-13,4.489708326198895812e-13,7.902859444474046775e-13,1.997349214617626510e-12,2.516975657836966363e-13,3.067569462950197205e-13,4.662490335866854716e-13,4.171710745019723884e-13,5.333626672221955779e-13,4.167184776462059050e-13,5.378841485160126353e-13,1.038732866160305305e-12,7.378295561668233581e-13,9.786371272332393375e-13,5.151554776550730727e-13,1.488363558010798291e-12,1.570274051766582177e-12,1.304215986297638834e-12,5.518143329741713556e-12,1.132486728749144712e-12,1.123026140363729274e-12,8.606905070721593276e-04,9.790994628566344691e-12,3.578033346763467806e-12
3.668411773867625619e-13,4.845345479181576076e-13,3.923501406959881108e-13,4.001334656073643657e-13,4.320129683368291316e-13,4.044919525610383585e-13,4.078280599972854712e-13,4.890717233277795106e-13,3.799655057557027118e-13,3.558697689561956139e-13,3.019855386101162239e-13,3.686801992209526906e-13,3.656210485329031067e-13,4.088652248586701781e-13,4.026151528053690951e-13,4.683861156338379339e-13,4.672935912529925260e-13,3.751087985430474860e-13,3.972565619940424377e-13,3.663304538668245743e-13,3.979263238654805932e-13,6.006273196228567985e-13,8.224880830515621805e-13,3.455273284068981600e-13,3.995531487564006423e-13,4.080752629254665939e-13,4.349045639817251407e-13,4.849039196663078333e-13,4.121935276621003594e-13,4.098541946893469024e-13,3.817890412927220447e-13,3.805487746578838025e-13,5.865601369426708614e-13,7.568415065878811621e-13,1.180432802064546329e-12,3.232678149481727379e-13,3.410315639082583373e-13,4.114067166065711508e-13,5.591844092834772586e-13,6.814984911636304004e-13,4.490418314630732440e-13,3.945412226387014189e-13,3.435235959963171865e-13,3.904367080926130905e-13,5.667517668877500657e-13,1.223646803877973074e-12,1.454174323525198890e-12,3.292790343761183240e-13,3.065951775848489088e-13,3.706748022522670204e-13,4.265682824368408899e-13,4.744175315455990308e-13,4.050416871898341532e-13,4.446147609421490868e-13,4.451097037713362710e-13,4.572089004894506028e-13,8.015114129960671323e-13,1.993604515484479451e-12,2.565473585031386519e-13,3.124728985164380795e-13,4.733369425706659555e-13,4.245011426915675899e-13,5.415662676993935323e-13,4.242514836511487896e-13,5.468191746291684436e-13,1.042237147391845589e-12,7.489459023240540106e-13,9.921567404387750291e-13,5.235749003082095570e-13,1.478149565899862837e-12,1.559891956891852017e-12,1.301330464292771739e-12,5.443254752355832367e-12,1.141183522520351030e-12,1.140905490173538266e-12,8.606905071254973040e-04,9.656070150042926309e-12,3.533795014641445495e-12
3.740862692625027517e-13,4.941305196701800001e-13,4.001488806537304368e-13,4.082167429520736211e-13,4.405707591602647854e-13,4.124842692895411923e-13,4.157946286788486486e-13,4.984413490741700380e-13,3.872959991048624297e-13,3.628536806083939231e-13,3.079535542075444011e-13,3.760088310767097633e-13,3.730077667586409983e-13,4.169594078104262767e-13,4.105642587337633232e-13,4.775565914594113622e-13,4.761090431540423505e-13,3.824362189246067731e-13,4.049925876957527698e-13,3.735524102653533371e-13,4.057662711385347720e-13,6.121183122908794678e-13,8.375164223861389567e-13,3.523229319360450743e-13,4.072533541947437778e-13,4.160573296383779416e-13,4.433497501293992208e-13,4.941399540209606259e-13,4.202088774682314601e-13,4.178812377242068810e-13,3.891096143071367218e-13,3.878783701417279744e-13,5.964738490143577374e-13,7.701336918350267814e-13,1.201664621339183149e-12,3.294991337995550903e-13,3.476191701753047069e-13,4.189780343654269134e-13,5.667194706674782991e-13,6.884957797487741530e-13,4.575049395408698907e-13,4.020660077792300021e-13,3.502193309970534938e-13,3.978385885807000013e-13,5.752770860542295353e-13,1.226766926334868241e-12,1.458926461154976154e-12,3.355291640780661388e-13,3.125492841345901402e-13,3.775023058169655729e-13,4.342503934779554402e-13,4.829943792976639729e-13,4.127126493808444875e-13,4.527239055605612635e-13,4.533211330182229371e-13,4.657164496963602221e-13,8.134590960542627861e-13,1.992602913323202104e-12,2.615253696335172968e-13,3.183624915051137018e-13,4.808027557384371646e-13,4.321050277987864228e-13,5.502027698796023692e-13,4.320423983364703350e-13,5.561503045635683436e-13,1.047058559944567832e-12,7.606951561696314172e-13,1.006616800393857703e-12,5.323811181363792452e-13,1.469597707837516517e-12,1.551309933174667069e-12,1.300096979758873415e-12,5.371294320926936713e-12,1.151269565228196303e-12,1.159728607086744636e-12,8.606905071790616618e-04,9.525893726692843343e-12,3.492695557205059091e-12
3.815017601596573958e-13,5.039498554725384819e-13,4.081245855911711840e-13,4.164630179078565771e-13,4.493270567036590704e-13,4.206644256993053527e-13,4.239601489738277511e-13,5.080687710556094183e-13,3.948202270888938386e-13,3.700073757116690152e-13,3.140609885646756989e-13,3.835035667493776302e-13,3.805433500260899423e-13,4.252418141397011347e-13,4.187009919326399587e-13,4.869543013353337767e-13,4.851826194915749475e-13,3.899462235332490442e-13,4.129246309867189418e-13,3.809459003030933991e-13,4.137933779511913275e-13,6.239301125468926310e-13,8.530565925513056898e-13,3.592818083479631753e-13,4.151583772674033271e-13,4.242373996865570435e-13,4.520124622710038699e-13,5.036364356852344248e-13,4.284289613822037670e-13,4.261061410989500375e-13,3.966289699436742392e-13,3.954031199210091539e-13,6.068044391989925631e-13,7.839380751013381971e-13,1.223680017856530336e-12,3.358949286444900365e-13,3.543793338968101090e-13,4.267906755694056356e-13,5.747548418275728016e-13,6.961987168127442874e-13,4.662163412599655421e-13,4.098000373116255211e-13,3.570833299448612964e-13,4.054513129593316214e-13,5.842670855648297668e-13,1.231427601918789584e-12,1.465555756568076635e-12,3.419553178556208710e-13,3.186551990046733529e-13,3.845456146929409291e-13,4.421959833725856158e-13,4.918636983674067937e-13,4.206033481313193885e-13,4.611006986555178024e-13,4.617932324790193819e-13,4.744862175979938498e-13,8.260938079578385153e-13,1.994259292994320652e-12,2.666302742031312383e-13,3.244222152685961384e-13,4.886312745548496413e-13,4.399740260072290072e-13,5.592540176208517759e-13,4.400838983926205622e-13,5.658619379521290082e-13,1.053149736899988771e-12,7.730474806209862782e-13,1.021967917987070224e-12,5.415588316978071276e-13,1.462681319002413818e-12,1.544497083220088819e-12,1.300473471754796779e-12,5.302177693366086427e-12,1.162679907202712335e-12,1.179445444682990446e-12,8.606905072328232360e-04,9.400285664641190180e-12,3.454684169632785649e-12
3.890875506089306542e-13,5.139924633007695210e-13,4.162778052437049623e-13,4.248756030919433599e-13,4.582819309389437856e-13,4.290322676557702433e-13,4.323232800664971977e-13,5.179499660789073939e-13,4.025360359785666125e-13,3.773302230103225518e-13,3.203079317686649558e-13,3.911649710860101141e-13,3.882308363970692907e-13,4.337124961534675821e-13,4.270251166417208474e-13,4.965777331540421321e-13,4.945092742957292840e-13,3.976376839232372938e-13,4.210511447006201151e-13,3.885106538233219895e-13,4.220072014623314634e-13,6.360569261632759093e-13,8.690917379676758003e-13,3.664035475606776581e-13,4.232657866556914017e-13,4.326142591708227508e-13,4.608905828621178629e-13,5.133888564596503426e-13,4.368519867324551896e-13,4.345278034491122360e-13,4.043444914812453674e-13,4.031207426050764416e-13,6.175365063385717521e-13,7.982355881274143912e-13,1.246446995190506649e-12,3.424535151147934732e-13,3.613103443299883078e-13,4.348390027373220181e-13,5.832701068260853114e-13,7.045787036205613315e-13,4.751712198219218489e-13,4.177401663321119841e-13,3.641144878832446483e-13,4.132713864239724281e-13,5.937029331469719865e-13,1.237577311010117386e-12,1.473992533180020689e-12,3.485548776422840244e-13,3.249118073245327669e-13,3.917999466500978272e-13,4.503979357516081708e-13,5.010173879570232723e-13,4.287100104018580979e-13,4.697382651062584823e-13,4.705197994944074430e-13,4.835123240393124727e-13,8.393842055603537230e-13,1.998490294572341795e-12,2.718612191733917821e-13,3.306493164893774045e-13,4.968090346161236822e-13,4.481008108373824618e-13,5.687039962912897570e-13,4.483699562000741287e-13,5.759406147049727253e-13,1.060464904487003376e-12,7.859765585551125337e-13,1.038166075141259633e-12,5.510947616824730761e-13,1.457374599344631131e-12,1.539423398614316026e-12,1.302418460757926468e-12,5.235831705606003837e-12,1.175353651943526202e-12,1.200012733483060108e-12,8.606905072867605594e-04,9.279087732434972476e-12,3.419717073166539855e-12
3.968440538596235959e-13,5.242589584072115421e-13,4.246095648402828706e-13,4.334578728458331035e-13,4.674360510970071073e-13,4.375882210494178492e-13,4.408833996202853038e-13,5.280820543151749518e-13,4.104420226219793047e-13,3.848221452819261712e-13,3.266948641747193136e-13,3.989940453199793222e-13,3.960733187365955189e-13,4.423720687609908846e-13,4.355369837903129134e-13,5.064262202317441532e-13,5.040851504901038597e-13,4.055101109594108645e-13,4.293713029967729314e-13,3.962469320068699560e-13,4.304079015353102047e-13,6.484945164266558282e-13,8.856081354278524203e-13,3.736882529812776688e-13,4.315739644675870310e-13,4.411873994354308292e-13,4.699828428750741514e-13,5.233938879789586549e-13,4.454769342331722337e-13,4.431458196004329449e-13,4.122543594329537132e-13,4.110297205124619330e-13,6.286568374110030211e-13,8.130102130862631562e-13,1.269939210272965732e-12,3.491738138353053795e-13,3.684111295100801975e-13,4.431184832854983903e-13,5.922467811248105618e-13,7.136091206957835806e-13,4.843658876132267419e-13,4.258841195512192920e-13,3.713122834266149772e-13,4.212962059647239287e-13,6.035679088030479514e-13,1.245165985746628063e-12,1.484169545123294366e-12,3.553259237590626069e-13,3.313185178350049556e-13,3.992614680871103584e-13,4.588503749913311866e-13,5.104487821617020873e-13,4.370298087208473536e-13,4.786310042097023994e-13,4.794958601316693818e-13,4.927901225148429175e-13,8.533025377410773667e-13,2.005214319405264334e-12,2.772177704099023139e-13,3.370417195200703428e-13,5.053241924346211756e-13,4.564793031937549368e-13,5.785386813796725999e-13,4.568957079916299381e-13,5.863748291367221786e-13,1.068960001036557394e-12,7.994593314365543970e-13,1.055172269018133477e-12,5.609774823394948710e-13,1.453652314690569842e-12,1.536059451392520096e-12,1.305891018130564288e-12,5.172193249345284379e-12,1.189233987492959728e-12,1.221393332845219036e-12,8.606905073408464184e-04,9.162160909646904151e-12,3.387756447670248699e-12
4.047721314903443541e-13,5.347505683648065089e-13,4.331213032409009298e-13,4.422132650721001979e-13,4.767906070417465231e-13,4.463332174591190387e-13,4.496405152729125567e-13,5.384631625565810095e-13,4.185374470629054985e-13,3.924835517662814169e-13,3.332226089650411899e-13,4.069921710048805218e-13,4.040739466049544796e-13,4.512216367272229776e-13,4.442374560652395157e-13,5.164998333345167258e-13,5.139074455137329571e-13,4.135635773303694821e-13,4.378849139330861265e-13,4.041554611121629643e-13,4.389961645451611036e-13,6.612400107775616941e-13,9.025948302306370747e-13,3.811364786769992880e-13,4.400820109626596177e-13,4.499569297808737954e-13,4.792887181142999236e-13,5.336492433920824434e-13,4.543034640398368701e-13,4.519603939351794554e-13,4.203574605009106361e-13,4.191292112240250357e-13,6.401542139683427869e-13,8.282486673488021560e-13,1.294135291399928066e-12,3.560552822574348011e-13,3.756811830275504973e-13,4.516255762810519847e-13,6.016682288576981356e-13,7.232653211348197971e-13,4.937976599163732906e-13,4.342303930394606221e-13,3.786767096899861533e-13,4.295239616715800673e-13,6.138472707149300768e-13,1.254145139288456050e-12,1.496022145402828181e-12,3.622671597122226195e-13,3.378752028539122820e-13,4.069271986060053464e-13,4.675485455790761991e-13,5.201525057315047671e-13,4.455607561104482129e-13,4.877744601856849631e-13,4.887175402482717937e-13,5.023160667990906648e-13,8.678243951185393686e-13,2.014351623275795654e-12,2.826998660600515842e-13,3.435979556036574086e-13,5.141664136824021470e-13,4.651045519872035863e-13,5.887458908788324083e-13,4.656573345269548890e-13,5.971548556827507080e-13,1.078592795064678324e-12,8.134757451446564515e-13,1.072952155778039762e-12,5.711972638482465045e-13,1.451489560890395847e-12,1.534376156563563020e-12,1.310850788313185047e-12,5.111208290218096721e-12,1.204268182114631172e-12,1.243555626463896733e-12,8.606905073950490460e-04,9.049383446066499239e-12,3.358769471754579419e-12
4.128730383754412025e-13,5.454690527881874994e-13,4.418148206778105228e-13,4.511452830004248979e-13,4.863472425948136655e-13,4.552686307895816536e-13,4.585951881998882331e-13,5.490923046590787966e-13,4.268221560988103526e-13,4.003152799182044352e-13,3.398922914810104502e-13,4.151610625816176722e-13,4.122359280668487996e-13,4.602627328593013500e-13,4.531278439751557719e-13,5.267992879611303003e-13,5.239742924516654012e-13,4.217986505015554999e-13,4.465923436873208317e-13,4.122373757048337819e-13,4.477731381637284443e-13,6.742917324717263144e-13,9.200433129247399570e-13,3.887491753324658833e-13,4.487896612375070640e-13,4.589235021820699708e-13,4.888083393026112000e-13,5.441535558976239790e-13,4.633318342805698958e-13,4.609722657809209191e-13,4.286533075666218122e-13,4.274189701196077533e-13,6.520192316192582349e-13,8.439401170233545838e-13,1.319018233615699552e-12,3.630978547810545729e-13,3.831204999031855100e-13,4.603576304559537822e-13,6.115195739045422182e-13,7.335246078664933995e-13,5.034647430245311689e-13,4.427781676092696803e-13,3.862082142867921195e-13,4.379535493493095554e-13,6.245281221301381567e-13,1.264468003162025341e-12,1.509488452193628233e-12,3.693778454316452147e-13,3.445821458375166525e-13,4.147949249161539643e-13,4.764887022665396827e-13,5.301243433405363579e-13,4.543016130644493039e-13,4.971652051891657550e-13,4.981819497552875404e-13,5.120875919034106807e-13,8.829284641768837983e-13,2.025824471635028565e-12,2.883077756753504987e-13,3.503170996836385626e-13,5.233267644103567637e-13,4.739726251056538950e-13,5.993151431575913991e-13,4.746519535794218665e-13,6.082725868121590031e-13,1.089322994900893341e-12,8.280085060201132285e-13,1.091475700216244775e-12,5.817459245032506685e-13,1.450861585991578645e-12,1.534344599439973616e-12,1.317258052187505452e-12,5.052831003041786016e-12,1.220407545201209668e-12,1.266472963897558852e-12,8.606905074493432888e-04,8.940649179278398862e-12,3.332727459999022878e-12
4.211483757258040838e-13,5.564166355555332899e-13,4.506922346749601547e-13,4.602574969012530574e-13,4.961079991006483335e-13,4.643962233533917373e-13,4.677484672168050086e-13,5.599692772571093920e-13,4.352965165595835134e-13,4.083185452744871929e-13,3.467053044143644060e-13,4.235027273106534324e-13,4.205625314274431907e-13,4.694972655609717631e-13,4.622098513772414025e-13,5.373258648569373859e-13,5.342846551880124609e-13,4.302163348053214911e-13,4.554944509948586196e-13,4.204941700922941536e-13,4.567403756273394967e-13,6.876490543748787528e-13,9.379472332854405404e-13,3.965276438330167234e-13,4.576972125269196852e-13,4.680882464736443083e-13,4.985424142576309617e-13,5.549062723537037931e-13,4.725628305386218221e-13,4.701826452610691813e-13,4.371419695456576993e-13,4.358992826827107277e-13,6.642441329220516687e-13,8.600759180939225588e-13,1.344574865159352726e-12,3.703018902819372698e-13,3.907295205501221388e-13,4.693127927146489089e-13,6.217876070526757409e-13,7.443661966142033558e-13,5.133661354099036707e-13,4.515272326492438736e-13,3.939076473011392172e-13,4.465844933566524659e-13,6.355992811690910196e-13,1.276089662975469187e-12,1.524509502049101313e-12,3.766577381643775326e-13,3.514399956657884279e-13,4.228631234543171647e-13,4.856680105175206549e-13,5.403611216322825427e-13,4.632518054275333706e-13,5.068007340640583863e-13,5.078870791185412541e-13,5.221030081811208790e-13,8.985962891266709760e-13,2.039557334683269395e-12,2.940420644483817320e-13,3.571987141655465372e-13,5.327976063995180890e-13,4.830805103301149073e-13,6.102375215777654061e-13,4.838775234462667697e-13,6.197213833416884428e-13,1.101112344364695241e-12,8.430428492973076864e-13,1.110716836281909227e-12,5.926166932371745391e-13,1.451743665398518541e-12,1.535935921451661024e-12,1.325073820837199748e-12,4.997023004845497368e-12,1.237607356167695027e-12,1.290123148708310178e-12,8.606905075036952110e-04,8.835866068508723719e-12,3.309605087087084668e-12
4.296000510757602367e-13,5.675959476616066640e-13,4.597559429193215736e-13,4.695535457629048219e-13,5.060752677214216035e-13,4.737181000543065870e-13,4.771018320583235841e-13,5.710945689879224230e-13,4.439613571837288202e-13,4.164948983741760787e-13,3.536632780585259643e-13,4.320194314814743429e-13,4.290570869018734199e-13,4.789274743995476712e-13,4.714855291359578766e-13,5.480813419773882893e-13,5.448382361605753947e-13,4.388180215027958978e-13,4.645925305204854562e-13,4.289276568410406729e-13,4.658997881801748480e-13,7.013122722437926664e-13,9.563021480942941131e-13,4.044734954574154804e-13,4.668054608923033059e-13,4.774527146331619807e-13,5.084921606490880835e-13,5.659075602963974775e-13,4.819977049176477622e-13,4.795931582263117775e-13,4.458240100175729282e-13,4.445709054573750908e-13,6.768226536787862672e-13,8.766493836178551439e-13,1.370795378429848199e-12,3.776681262162593049e-13,3.985090818957454923e-13,4.784899263326148976e-13,6.324606912667473663e-13,7.557711666254279838e-13,5.235015406464246258e-13,4.604779192986007659e-13,4.017762162504067719e-13,4.554168786391123472e-13,6.470511550536902567e-13,1.288967184948622694e-12,1.541029381953408659e-12,3.841070402698166767e-13,3.584497268613520613e-13,4.311308910694952874e-13,4.950844566559953246e-13,5.508606032128469266e-13,4.724113520692411488e-13,5.166793700051944918e-13,5.178317071046548847e-13,5.323614074096221677e-13,9.148120439861164289e-13,2.055477103080336978e-12,2.999035619847153510e-13,3.642427989948908098e-13,5.425724974865737512e-13,4.924260256781235956e-13,6.215055467036514329e-13,4.933327566469740481e-13,6.314959370328012437e-13,1.113924700847980136e-12,8.585663213502557269e-13,1.130653142230613235e-12,6.038040825982511298e-13,1.454111024824808495e-12,1.539121257993217838e-12,1.334259949872635575e-12,4.943752669676769784e-12,1.255826765242166800e-12,1.314487972545590361e-12,8.606905075580713110e-04,8.734954909777009132e-12,3.289379690496751046e-12
4.382302442383881344e-13,5.790099791040186018e-13,4.690085920378201767e-13,4.790371389427822276e-13,5.162517491781037174e-13,4.832366695116788176e-13,4.866571446301961401e-13,5.824692816223345017e-13,4.528179180741650590e-13,4.248461877959028338e-13,3.607680549229476156e-13,4.407136719575777540e-13,4.377229882296443708e-13,4.885558925160314530e-13,4.809572357550932173e-13,5.590679363369238586e-13,5.556353953835857943e-13,4.476054457861559116e-13,4.738882640229408049e-13,4.375399313929184046e-13,4.752536045516724705e-13,7.152824950917162192e-13,9.751052993839002744e-13,4.125886177859114765e-13,4.761156461798405294e-13,4.870188329572159767e-13,5.186592479912259153e-13,5.771582268409838763e-13,4.916381234705020937e-13,4.892057990506197002e-13,4.547004336335981983e-13,4.534350146422678157e-13,6.897498823295745982e-13,8.936555752270133386e-13,1.397672919007861348e-12,3.851976385542985027e-13,4.064603748223157895e-13,4.878885380341351371e-13,6.435286667889781471e-13,7.677224013475721905e-13,5.338712908599829723e-13,4.696310419325249437e-13,4.098154471592648398e-13,4.644512909863534698e-13,6.588756198729475737e-13,1.303059727711032098e-12,1.558995334994202803e-12,3.917263532105281762e-13,3.656126050274502627e-13,4.395978831162140279e-13,5.047367670562581122e-13,5.616213917055576654e-13,4.817808013271354110e-13,5.268001802662928650e-13,5.280153187817029991e-13,5.428625797087913139e-13,9.315623166355624192e-13,2.073513308227482092e-12,3.058933350808859943e-13,3.714497474434749816e-13,5.526460974300401514e-13,5.020077385778592573e-13,6.331130566162825451e-13,5.030170429655978338e-13,6.435921451200137624e-13,1.127726093768696028e-12,8.745685765669296518e-13,1.151265533045620738e-12,6.153037720369560164e-13,1.457938805684824467e-12,1.543871721707220315e-12,1.344779265593391574e-12,4.892994511822584229e-12,1.275028670695844557e-12,1.339552793528079800e-12,8.606905076124358100e-04,8.637848203373449904e-12,3.272030645525831478e-12
4.470413783841813428e-13,5.906620384368880609e-13,4.784530513848602781e-13,4.887120577988795616e-13,5.266404198311992817e-13,4.929546111230549492e-13,4.964166071756925314e-13,5.940950616566857710e-13,4.618678068178971294e-13,4.333745284914461499e-13,3.680216681061124279e-13,4.495881522616980397e-13,4.465636942442052560e-13,4.983853148750273694e-13,4.906276039843255765e-13,5.702882543770530563e-13,5.666770795043018552e-13,4.565806498130632712e-13,4.833836783037953206e-13,4.463333419307243751e-13,4.848043364800533810e-13,7.295615504964578694e-13,9.943554199685681036e-13,4.208751455476031624e-13,4.856294042480186289e-13,4.967888610731284847e-13,5.290457476770607781e-13,5.886596480725672270e-13,5.014861209133229699e-13,4.990228902297300285e-13,4.637726393973241839e-13,4.624931614082461828e-13,7.030221319423463213e-13,9.110911170539048754e-13,1.425203226588569135e-12,3.928918068606426487e-13,4.145849071703848858e-13,4.975087131542118468e-13,6.549827574860310667e-13,7.802045212162339789e-13,5.444762795722137635e-13,4.789878470177975369e-13,4.180271509684899179e-13,4.736887646217270222e-13,6.710659066608273966e-13,1.318328635632122899e-12,1.578357836819965564e-12,3.995166370821760231e-13,3.729301568695227324e-13,4.482642583065997938e-13,5.146243356953416753e-13,5.726428469688837869e-13,4.913611752611349319e-13,5.371629010536141998e-13,5.384380328220310565e-13,5.536069402169514118e-13,9.488359059651845935e-13,2.093598334212773880e-12,3.120126640332680444e-13,3.788203070327642554e-13,5.630140796576391267e-13,5.118248932439087797e-13,6.450550955671109039e-13,5.129303810057021565e-13,6.560069962539603609e-13,1.142484762681018175e-12,8.910411891721828544e-13,1.172537971819157544e-12,6.271125011822341276e-13,1.463202067411692297e-12,1.550158424511841290e-12,1.356595695434433192e-12,4.844728626293230356e-12,1.295179577260993088e-12,1.365306156615671556e-12,8.606905076667561820e-04,8.544489149578091429e-12,3.257538808232551786e-12
4.560360955118346356e-13,6.025557188280025276e-13,4.880923910827994952e-13,4.985821572478814436e-13,5.372445031535626872e-13,5.028748472048357730e-13,5.063827264292631530e-13,6.059740410725425786e-13,4.711129604500284313e-13,4.420822746992889200e-13,3.754263229013119696e-13,4.586457625128510333e-13,4.555827304073696538e-13,5.084187714916968698e-13,5.004995125410200191e-13,5.817452496705402876e-13,5.779647597634801583e-13,4.657459509733793274e-13,4.930811090517481659e-13,4.553104637563397969e-13,4.945547494267158360e-13,7.441519029361532149e-13,1.014052563291196207e-12,4.293354357297980046e-13,4.953487255693078399e-13,5.067653568609094508e-13,5.396540900049015762e-13,6.004137076736184078e-13,5.115440616727700937e-13,5.090470478515252333e-13,4.730423800045351272e-13,4.717472331219918196e-13,7.166368241543934634e-13,9.289540301990917700e-13,1.453384322048677822e-12,4.007522839126727713e-13,4.228844716282652792e-13,5.073510581213376649e-13,6.668154795743350338e-13,7.932038106097796862e-13,5.553179028933849875e-13,4.885499684866606659e-13,4.264133945910881296e-13,4.831307363060514255e-13,6.836164942759439554e-13,1.334737511531409674e-12,1.599070642046287979e-12,4.074791750793428219e-13,3.804041442320229863e-13,4.571306296984808448e-13,5.247471593815179213e-13,5.839250095902515035e-13,5.011539208482039866e-13,5.477678707722788619e-13,5.491005371924266016e-13,5.645954645119508822e-13,9.666236327272202252e-13,2.115667611535972136e-12,3.182630220515147352e-13,3.863555450648040219e-13,5.736730490453205444e-13,5.218773456108777653e-13,6.573278109896271063e-13,5.230733174599494418e-13,6.687384672248437005e-13,1.158171175373750708e-12,9.079774799266906474e-13,1.194457200996880816e-12,6.392279726646315746e-13,1.469875821093553332e-12,1.557952531692671973e-12,1.369674396407616269e-12,4.798940177225159718e-12,1.316249440391011033e-12,1.391739453272935954e-12,8.606905077209893841e-04,8.454830752365968248e-12,3.245886023175408542e-12
4.652172356824951014e-13,6.146948696297577375e-13,4.979298636650531978e-13,5.086513673166434622e-13,5.480674457855873274e-13,5.130005194706718511e-13,5.165582829489728260e-13,6.181087861164848750e-13,4.805556125333683526e-13,4.509719968138565777e-13,3.829843811837156452e-13,4.678895626375661220e-13,4.647836903132332589e-13,5.186595049002375857e-13,5.105760622054326034e-13,5.934421869316041288e-13,5.895003778355182679e-13,4.751039146922936824e-13,5.029831698048975737e-13,4.644740775432211867e-13,5.045078377427223796e-13,7.590565834700207346e-13,1.034197954846538656e-12,4.379720463650173747e-13,5.052759194093634282e-13,5.169511464820731432e-13,5.504870272733765749e-13,6.124227436643485356e-13,5.218146064327210958e-13,5.192811521351684805e-13,4.825117265094651897e-13,4.811994197465029058e-13,7.305923843257802121e-13,9.472435858683744900e-13,1.482216235305862599e-12,4.087809693065739629e-13,4.313611179059844962e-13,5.174166495420991019e-13,6.790205535896112394e-13,8.067081408424478700e-13,5.663980081148285573e-13,4.983193888608796147e-13,4.349764760127112212e-13,4.927790052130970715e-13,6.965230093396422346e-13,1.352252267932261197e-12,1.621090801284830776e-12,4.156155423489227028e-13,3.880365416482712416e-13,4.661980212285970666e-13,5.351057799872610513e-13,5.954685337994734866e-13,5.111608673254753425e-13,5.586159708260878221e-13,5.600040323832662587e-13,5.758296318412927440e-13,9.849181642777997130e-13,2.139659785561170707e-12,3.246460573979968176e-13,3.940568182721360036e-13,5.846204657338761872e-13,5.321655051881769387e-13,6.699283587210055986e-13,5.334468933387078039e-13,6.817854297741280881e-13,1.174758027073751697e-12,9.253723573540777788e-13,1.217012493769159558e-12,6.516487639612279287e-13,1.477935088834940315e-12,1.567225341512238462e-12,1.383981876478861406e-12,4.755618926371492992e-12,1.338211500709330263e-12,1.418846617489758050e-12,8.606905077750930241e-04,8.368835014075640188e-12,3.237054693658512843e-12
4.745878194765538217e-13,6.270835726208244224e-13,5.079688887745456457e-13,5.189236946852976078e-13,5.591128974823829958e-13,5.233349692145941833e-13,5.269463049227410268e-13,6.305022530768593177e-13,4.901982647120011961e-13,4.600464616697188952e-13,3.906983481867512308e-13,4.773227683569296826e-13,4.741702371715672146e-13,5.291109512344532636e-13,5.208605556564251909e-13,6.053826114450796465e-13,6.012862986219292571e-13,4.846573311583214392e-13,5.130927253480953588e-13,4.738271509162771957e-13,5.146668036525703214e-13,7.742791292733201670e-13,1.054793862685356312e-12,4.467877184844488240e-13,5.154135828817853835e-13,5.273492988131397793e-13,5.615476021385696460e-13,6.246895022542508928e-13,5.323006834494573486e-13,5.297283223351676290e-13,4.921830376707257220e-13,4.908521847732953636e-13,7.448881471283599187e-13,9.659601753932494138e-13,1.511700769114034948e-12,4.169799865663526994e-13,4.400171286595212798e-13,5.277069892160446023e-13,6.915928202443551879e-13,8.207068908608896217e-13,5.777188488428189825e-13,5.082984054380469564e-13,4.437189029053671133e-13,5.026356979071210785e-13,7.097821332970862732e-13,1.370841157080491662e-12,1.644378650636269443e-12,4.239275787340548495e-13,3.958295169605432429e-13,4.754678292377413444e-13,5.457012330454008622e-13,6.072746279907922097e-13,5.213841889669158983e-13,5.697085732247815363e-13,5.711501813843545973e-13,5.873113753066297893e-13,1.003713853084614436e-12,2.165516855135104168e-12,3.311635779182326351e-13,4.019257461387936577e-13,5.958545748746291723e-13,5.426902832182350132e-13,6.828548161600827783e-13,5.440525964535913362e-13,6.951475667629380201e-13,1.192220222413292398e-12,9.432221729196877499e-13,1.240195425409505386e-12,6.643742476864961426e-13,1.487354983367741469e-12,1.577948384044436466e-12,1.399486105041226694e-12,4.714758795154139803e-12,1.361042112557415576e-12,1.446623855152656620e-12,8.606905078290241675e-04,8.286472206609305965e-12,3.231027412619199167e-12
4.841510332092399873e-13,6.397261222039614339e-13,5.182130404488582989e-13,5.294032242270489826e-13,5.703846943637303738e-13,5.338817206561461640e-13,5.375500458367917932e-13,6.431577501653320904e-13,5.000436621681136224e-13,4.693086157687453053e-13,3.985708613301001229e-13,4.869487395296973950e-13,4.837461052718760989e-13,5.397767243817649637e-13,5.313564805002008191e-13,6.175703231464037100e-13,6.133252691715362363e-13,4.944091954484278280e-13,5.234128689533308580e-13,4.833728228830370119e-13,5.250350395061011159e-13,7.898235317254618205e-13,1.075843484734219418e-12,4.557853608002155009e-13,5.257645742568095104e-13,5.379631036791014897e-13,5.728391205279911092e-13,6.372170979168844941e-13,5.430054639980999527e-13,5.403918954068362695e-13,5.020589333968947454e-13,5.007082401144727372e-13,7.595242717681375152e-13,9.851051954395397082e-13,1.541841294403349456e-12,4.253516633209187488e-13,4.488549986954332908e-13,5.382239644601215593e-13,7.045281606115250303e-13,8.351908670763051398e-13,5.892830459038979693e-13,5.184896009270843975e-13,4.526433742933235148e-13,5.127032378235216036e-13,7.233915165224107677e-13,1.390474780743659205e-12,1.668897776253256394e-12,4.324173649601106516e-13,4.037854146183631172e-13,4.849417884756526395e-13,5.565350020984723058e-13,6.193450020924278006e-13,5.318263726521081071e-13,5.810474942995623606e-13,5.825410656828446523e-13,5.990430382201645011e-13,1.023006588622709616e-12,2.193184278974568709e-12,3.378175376638266550e-13,4.099641874880923110e-13,6.073743421137405697e-13,5.534530465534247232e-13,6.961061030073242901e-13,5.548923195022022204e-13,7.088252969601439977e-13,1.210534842165919503e-12,9.615245894544782943e-13,1.263999663990432923e-12,6.774045197337268707e-13,1.498110802653365610e-12,1.590093533339808771e-12,1.416156609741361502e-12,4.676357454814416762e-12,1.384720570037027507e-12,1.475069403794931531e-12,8.606905078827395547e-04,8.207720206922221175e-12,3.227786652467555707e-12
4.939102165050239292e-13,6.526270089533933596e-13,5.286660365978720405e-13,5.400941205409931744e-13,5.818868449684879869e-13,5.446444669830549138e-13,5.483729654747463680e-13,6.560789047078038824e-13,5.100947724832389993e-13,4.787615710451020409e-13,4.066046808094321961e-13,4.967709704944436036e-13,4.935151014347380073e-13,5.506606027545251130e-13,5.420674950291486850e-13,6.300093546904720134e-13,6.256203829856643672e-13,5.043626905877311532e-13,5.339469029431578843e-13,4.931143907120843028e-13,5.356161128311915974e-13,8.056941919094473767e-13,1.097350850904575769e-12,4.649680367343569650e-13,5.363319899772152286e-13,5.487960533592147846e-13,5.843651284973049644e-13,6.500089789011988317e-13,5.539323413936550413e-13,5.512754079064445484e-13,5.121422717821736903e-13,5.107705244529797193e-13,7.745016660471941498e-13,1.004680946830591910e-12,1.572642573233360643e-12,4.338985141685217944e-13,4.578774170382018130e-13,5.489698131748744931e-13,7.178234209127307779e-13,8.501522235378957032e-13,6.010935533308457410e-13,5.288958179876752222e-13,4.617527648650072211e-13,5.229843187128246616e-13,7.373496992803727710e-13,1.411126081397663276e-12,1.694614957051339316e-12,4.410872018617069813e-13,4.119067413125991807e-13,4.946219421145297120e-13,5.676089782340222003e-13,6.316818210782004348e-13,5.424901896549449925e-13,5.926349538876249837e-13,5.941791466214439097e-13,6.110273359315562544e-13,1.042793662115771714e-12,2.222611049212497963e-12,3.446100253476906051e-13,4.181742199681880765e-13,6.191793945608268788e-13,5.644555766971291187e-13,7.096819091640922212e-13,5.659683231573155413e-13,7.228197077264042779e-13,1.229681096930544687e-12,9.802784620210574375e-13,1.288420779660839554e-12,6.907403346582639560e-13,1.510178134585609723e-12,1.603633127520382865e-12,1.433964557937151268e-12,4.640415940197869974e-12,1.409228933426474188e-12,1.504183319844155837e-12,8.606905079361885534e-04,8.132563886375636229e-12,3.227314512106882503e-12
5.038688518911163261e-13,6.657909059961606171e-13,5.393317303370340076e-13,5.510006294844166430e-13,5.936235186869883260e-13,5.556270586938266056e-13,5.594187137877563500e-13,6.692696349553870820e-13,5.203547674646857540e-13,4.884085928142645861e-13,4.148026816975547365e-13,5.067930821054663787e-13,5.034811064520293971e-13,5.617665182864474073e-13,5.529974163082719755e-13,6.427039529419219061e-13,6.381750490517557523e-13,5.145211731435837388e-13,5.446983221291946945e-13,5.030552989061192652e-13,5.464137537801508113e-13,8.218958825250623686e-13,1.119320738174389026e-12,4.743389534669061779e-13,5.471191449038566787e-13,5.598518269115143563e-13,5.961293924953504393e-13,6.630688974890141798e-13,5.650849131037500211e-13,5.623825806748327530e-13,5.224361292797986913e-13,5.210421846069984316e-13,7.898219184978606252e-13,1.024690545523927052e-12,1.604110605861803355e-12,4.426232258916217687e-13,4.670872514964890895e-13,5.599470931350029180e-13,7.314763420488567625e-13,8.655843834311487931e-13,6.131536288165650395e-13,5.395201371922599192e-13,4.710501115791922372e-13,5.334818815729432869e-13,7.516560392679149728e-13,1.432770316766125385e-12,1.721500088884623136e-12,4.499395922919560044e-13,4.201961536437002715e-13,5.045106153427893303e-13,5.789254242769427892e-13,6.442876639750958159e-13,5.533786711424887056e-13,6.044735393958117023e-13,6.060672315179235970e-13,6.232673224893890036e-13,1.063073643454445011e-12,2.253749732890996897e-12,3.515432543993162575e-13,4.265581221069114526e-13,6.312699669517030649e-13,5.757000334963546374e-13,7.235826293445346672e-13,5.772832036144642064e-13,7.371324948976764827e-13,1.249640269982156475e-12,9.994837303666587831e-13,1.313456071488668883e-12,7.043830477119958249e-13,1.523532967302638269e-12,1.618540091997735751e-12,1.452882821904571988e-12,4.606938283497724954e-12,1.434551858316116065e-12,1.533967290626770004e-12,8.606905079893253019e-04,8.060994545029629792e-12,3.229592519110966407e-12
5.140305561146050133e-13,6.792226577920865287e-13,5.502141028906132247e-13,5.621270797016332868e-13,6.055990362128403382e-13,5.668334939020006135e-13,5.706911172389925519e-13,6.827341259075191343e-13,5.308270075528726336e-13,4.982530896038143220e-13,4.231678473409779126e-13,5.170188152061773877e-13,5.136480765197570047e-13,5.730985473205919782e-13,5.641502102483484323e-13,6.556585633947719652e-13,6.509929650215727845e-13,5.248881610078040883e-13,5.556707997333548676e-13,5.131991299705712897e-13,5.574318446267492823e-13,8.384337153518301833e-13,1.141758597033584288e-12,4.839014527191329260e-13,5.581295553686448250e-13,5.711342769213279667e-13,6.081358825738231209e-13,6.764008843856649261e-13,5.764669655335767833e-13,5.737173059120421563e-13,5.329437836177107093e-13,5.315265595209016455e-13,8.054872378524319065e-13,1.045137844415892808e-12,1.636252498834100488e-12,4.515286447238391901e-13,4.764875354078274999e-13,5.711586550355776852e-13,7.454854939038264234e-13,8.814819626822284526e-13,6.254668080879223508e-13,5.503658579817535413e-13,4.805386022589029141e-13,5.441990946429872382e-13,7.663106454144876861e-13,1.455385019891140158e-12,1.749526093508960140e-12,4.589772253951767960e-13,4.286564475607189769e-13,5.146103921457445847e-13,5.904869431555001783e-13,6.571654877715138935e-13,5.644950869305425518e-13,6.165661742122391888e-13,6.182084440051619530e-13,6.357663615713045218e-13,1.083846269555900238e-12,2.286556483259181410e-12,3.586195544174406116e-13,4.351183576405204255e-13,6.436468526880790906e-13,5.871889230105205958e-13,7.378093039316549467e-13,5.888398641040971434e-13,7.517659091989065540e-13,1.270395651451404538e-12,1.019141322096067344e-12,1.339104410764468387e-12,7.183345629559183237e-13,1.538151801140088834e-12,1.634788061651913121e-12,1.472886027652720085e-12,4.575931165050251280e-12,1.460676429341547260e-12,1.564424468589920222e-12,8.606905080420926626e-04,7.993009383331123346e-12,3.234601484692022744e-12
5.243990729317664863e-13,6.929272709352704157e-13,5.613172578225294211e-13,5.734778841556127451e-13,6.178178617031183760e-13,5.782679103059318245e-13,5.821941672733676469e-13,6.964768086149213378e-13,5.415150284709438114e-13,5.082986046001324984e-13,4.317032638674872070e-13,5.274520253174132903e-13,5.240200446595677285e-13,5.846609031033734185e-13,5.755299833719677397e-13,6.688778170994527988e-13,6.640780940168986739e-13,5.354673230633298776e-13,5.668681754513725719e-13,5.235495967162180721e-13,5.686744110119597968e-13,8.553131134985500768e-13,1.164670487846251830e-12,4.936590030244715738e-13,5.693669246678157653e-13,5.826474183332525038e-13,6.203887581362454710e-13,6.900092267133763635e-13,5.880824611151533048e-13,5.852836363037156721e-13,5.436686991031232630e-13,5.422271665409822504e-13,8.215003991524536111e-13,1.066027364754535432e-12,1.669076351353148641e-12,4.606177654092507913e-13,4.860814562776557390e-13,5.826076188697789405e-13,7.598502143637101772e-13,8.978406962691074049e-13,6.380368827177136477e-13,5.614364822399617873e-13,4.902215659024923377e-13,5.551393360829798507e-13,7.813143175749987236e-13,1.478949946982639648e-12,1.778668815554123138e-12,4.682029629566057761e-13,4.372905493383221147e-13,5.249240949212896550e-13,6.022964499974820457e-13,6.703185956908598663e-13,5.758429270940818057e-13,6.289160899790492626e-13,6.306061981036849151e-13,6.485281011732062349e-13,1.105112343381935590e-12,2.320991023449596127e-12,3.658413638457751596e-13,4.438575618500726165e-13,6.563113594236478879e-13,5.989250691189499519e-13,7.523635656035859737e-13,6.006414899214781488e-13,7.667227085656484390e-13,1.291932465864922201e-12,1.039253065700195577e-12,1.365366099605823838e-12,7.325972868345194423e-13,1.554011758796433675e-12,1.652351498478432747e-12,1.493950587751508997e-12,4.547403578890751684e-12,1.487591999935343061e-12,1.595559325359708186e-12,8.606905080944339320e-04,7.928611004616855124e-12,3.242321408833418809e-12
5.349782671599652130e-13,7.069099066842847762e-13,5.726454163984030358e-13,5.850575416595570005e-13,6.302845963970773617e-13,5.899345785900090011e-13,5.939320106273737863e-13,7.105023425105039729e-13,5.524225298284430936e-13,5.185488084907546952e-13,4.404121156487992625e-13,5.380966783639105012e-13,5.346011221421196676e-13,5.964579296556694311e-13,5.871409760320463686e-13,6.823665197474350816e-13,6.774346446153855396e-13,5.462624704843458626e-13,5.782944453723660296e-13,5.341105358842080302e-13,5.801456146938744300e-13,8.725397878061090449e-13,1.188063025920270963e-12,5.036151932849908878e-13,5.808351306801743333e-13,5.943954190827648575e-13,6.328923558879098550e-13,7.038984491413103628e-13,5.999355273945366220e-13,5.970857759195261776e-13,5.546145140190299294e-13,5.531476896841710120e-13,8.378646958589970469e-13,1.087364236087011073e-12,1.702591157569642246e-12,4.698937218274346489e-13,4.958723460738018940e-13,5.942973532633394839e-13,7.745705529262720960e-13,9.146573676801214029e-13,6.508678809525823449e-13,5.727357001599077679e-13,5.001024644885572048e-13,5.663061790116083215e-13,7.966684917403681511e-13,1.503447015265696465e-12,1.808906910518380647e-12,4.776198275818823583e-13,4.461015078956432631e-13,5.354547666162106996e-13,6.143571475568846904e-13,6.837506093478692817e-13,5.874258860850240576e-13,6.415268022980109013e-13,6.432641755993620405e-13,6.615564516151988182e-13,1.126873642833717643e-12,2.357016605623143556e-12,3.732112237110935535e-13,4.527785296735474106e-13,6.692652688695699369e-13,6.109115884770973814e-13,7.672475912797733425e-13,6.126915265781058752e-13,7.820061157984137871e-13,1.314237794906406171e-12,1.059821612611371250e-12,1.392242743721678254e-12,7.471740868471475731e-13,1.571090690854962893e-12,1.671205801913085088e-12,1.516054719061044836e-12,4.521366511410437692e-12,1.515290039157198721e-12,1.627377523497797259e-12,8.606905081462968513e-04,7.867806943176234961e-12,3.252731427970086531e-12
5.457721197993559706e-13,7.211758749275825229e-13,5.842029138924522756e-13,5.968706384093041627e-13,6.430039734553729458e-13,6.018378970295760306e-13,6.059089412073063579e-13,7.248156003499228647e-13,5.635533654132120576e-13,5.290074934983823527e-13,4.492976815748370056e-13,5.489568472657523795e-13,5.453954998985624394e-13,6.084940967963988661e-13,5.989875568552935110e-13,6.961296425850124161e-13,6.910670536064752764e-13,5.572775494327960579e-13,5.899537534901549748e-13,5.448859028887588240e-13,5.918497475706525365e-13,8.901197168088246886e-13,1.211943334106759009e-12,5.137737274203109545e-13,5.925382153216786627e-13,6.063825922624079284e-13,6.456511796705008980e-13,7.180732977355876967e-13,6.120304478309894802e-13,6.091280726181592251e-13,5.657850298319271929e-13,5.642919696316327019e-13,8.545838973514989545e-13,1.109154143737339192e-12,1.736806722641439357e-12,4.793597789775730604e-13,5.058636729526610666e-13,6.062314574194150449e-13,7.896472187358294658e-13,9.319297418247618648e-13,6.639640511720953849e-13,5.842673781036640459e-13,5.101848860628792514e-13,5.777033786029299364e-13,8.123751903691582148e-13,1.528860232935489896e-12,1.840221726486218787e-12,4.872309924784215542e-13,4.550924882740153302e-13,5.462056550904043261e-13,6.266725046021651687e-13,6.974654443431093513e-13,5.992478490363930172e-13,6.544020894695486554e-13,6.561863063295728587e-13,6.748555664532581880e-13,1.149132838737340617e-12,2.394599948842857007e-12,3.807317722895710155e-13,4.618842053769967436e-13,6.825108004871380367e-13,6.231518684497486784e-13,7.824640589266377156e-13,6.249936607101784978e-13,7.976197810017445018e-13,1.337300497049609377e-12,1.080850367467462311e-12,1.419737138136916682e-12,7.620682546492421448e-13,1.589367274366963043e-12,1.691327409674555747e-12,1.539178446506258315e-12,4.497832631923051717e-12,1.543763986313214488e-12,1.659885803960181413e-12,8.606905081976188622e-04,7.810609213065679182e-12,3.265809807784192930e-12
5.567847240762204819e-13,7.357306293772674322e-13,5.959941966998572960e-13,6.089218495109759635e-13,6.559808538359457680e-13,6.139823871290017606e-13,6.181293933235986592e-13,7.394216554206787755e-13,5.749115349527228500e-13,5.396785684412186476e-13,4.583633320265587971e-13,5.600367092721076210e-13,5.564074499300012454e-13,6.207739961535983136e-13,6.110742182347488250e-13,7.101723148993994446e-13,7.049799711680644833e-13,5.685166349618558274e-13,6.018503845889386988e-13,5.558797675227975069e-13,6.037912267954505458e-13,9.080591297755882956e-13,1.236319001995251681e-12,5.241384199614705520e-13,6.044803755959146453e-13,6.186133896095527619e-13,6.586698919267289368e-13,7.325387261750469135e-13,6.243716540764900857e-13,6.214150117507108219e-13,5.771842019821406017e-13,5.756639952225576661e-13,8.716622112708811081e-13,1.131403282940271568e-12,1.771733590734313571e-12,4.890193261485256236e-13,5.160590342333817437e-13,6.184137453713918654e-13,8.050815328282548674e-13,9.496565015809612783e-13,6.773298476505350530e-13,5.960355482050542283e-13,5.204725389372008217e-13,5.893348609848327681e-13,8.284369774591549726e-13,1.555175623152228905e-12,1.872597181980854972e-12,4.970397726426834257e-13,4.642667661238634698e-13,5.571801994582645222e-13,6.392462369392187768e-13,7.114672889069849929e-13,6.113128799807850486e-13,6.675459739189189812e-13,6.693767510349255929e-13,6.884298259475099723e-13,1.171893421151856559e-12,2.433711159045623889e-12,3.884057405785391702e-13,4.711776736007285616e-13,6.960505787531385391e-13,6.356495477008140920e-13,7.980161088062310775e-13,6.375518034238807677e-13,8.135677483213157567e-13,1.361111125499439261e-12,1.102343425836757292e-12,1.447853164784924826e-12,7.772834732760256321e-13,1.608821102757977918e-12,1.712693887589415748e-12,1.563303594287490358e-12,4.476815994467910591e-12,1.573009113796942330e-12,1.693091887476783495e-12,8.606905082483293831e-04,7.757033873949631207e-12,3.281533974433689783e-12
5.680202822669040562e-13,7.505797637975641409e-13,6.080238201266370019e-13,6.212159405068157943e-13,6.692202230472858539e-13,6.263726901375435596e-13,6.305979360852773804e-13,7.543257707112212599e-13,5.865011771496827181e-13,5.505660546751822993e-13,4.676125264453399012e-13,5.713405439191281206e-13,5.676413267129284298e-13,6.333023380113647045e-13,6.234055727153133515e-13,7.244998178489984545e-13,7.191782481557886778e-13,5.799839259580326312e-13,6.139887583135484314e-13,5.670963104848359291e-13,6.159745908232224178e-13,9.263644924079120495e-13,1.261198050842485880e-12,5.347131924519677016e-13,6.166659560273578807e-13,6.310923961295694698e-13,6.719533065680168865e-13,7.472998840193417104e-13,6.369637195312196527e-13,6.339512109777805071e-13,5.888161320483047163e-13,5.872678962503492678e-13,8.891042501978201100e-13,1.154118318847833467e-12,1.807382983360809245e-12,4.988758711184836851e-13,5.264621504531772292e-13,6.308482322737122150e-13,8.208753843644363757e-13,9.678371880781330454e-13,6.909699183303940416e-13,6.080443994879562354e-13,5.309692468461340803e-13,6.012047137139475247e-13,8.448569179779849584e-13,1.582381143847852904e-12,1.906019642025905578e-12,5.070496172809239276e-13,4.736277230643769413e-13,5.683820181746451965e-13,6.520822907717104516e-13,7.257605852390611987e-13,6.236252117423771812e-13,6.809627059954126549e-13,6.828398864714020010e-13,7.022838227709783685e-13,1.195159633280025944e-12,2.474323634377361666e-12,3.962359484694315442e-13,4.806621516167411910e-13,7.098876036967636043e-13,6.484084991438434316e-13,8.139073087614309795e-13,6.503700757920644402e-13,8.298544265263948827e-13,1.385661845675315007e-12,1.124305518687676425e-12,1.476595700900231334e-12,7.928237880387740891e-13,1.629432765819482497e-12,1.735284007424026918e-12,1.588413766007684677e-12,4.458331750537937047e-12,1.603022398372638004e-12,1.727004388239501003e-12,8.606905082983696501e-04,7.707100610848969809e-12,3.299880579405341597e-12
5.794831031871673332e-13,7.657290090993462446e-13,6.202964467528137116e-13,6.337577688990104905e-13,6.827271886546381648e-13,6.390135643097251283e-13,6.433192687946862427e-13,7.695333897750489914e-13,5.983265638215110681e-13,5.616740827907685890e-13,4.770488114111734285e-13,5.828727315165186443e-13,5.791015685973138115e-13,6.460839488656399981e-13,6.359863501373397622e-13,7.391175794392077353e-13,7.336669252321112874e-13,5.916837409750708704e-13,6.263734242587345379e-13,5.785398206049688542e-13,6.284044962514066904e-13,9.450424948183063922e-13,1.286588903478741837e-12,5.455020705400130201e-13,6.290994422913074776e-13,6.438243256900564931e-13,6.855063830483198387e-13,7.623621067583717537e-13,6.498113539944955744e-13,6.467414160373568440e-13,6.006850611064469595e-13,5.991079373870856859e-13,9.069150022067719448e-13,1.177306351704502862e-12,1.843766746672706447e-12,5.089330352530980303e-13,5.370768603625210461e-13,6.435391224869580523e-13,8.370311906050756702e-13,9.864721447268225147e-13,7.048890943494934139e-13,6.202982703057164056e-13,5.416789449317678251e-13,6.133171776233690227e-13,8.616385412924263258e-13,1.610466604878309940e-12,1.940477794168796502e-12,5.172641033060043290e-13,4.831788428010852059e-13,5.798148986628941766e-13,6.651848281344241834e-13,7.403500132309063393e-13,6.361892372864790591e-13,6.946567498656166058e-13,6.965802925058228322e-13,7.164223496828889569e-13,1.218936412287163766e-12,2.516413958984474766e-12,4.042253015332046081e-13,4.903409826471719408e-13,7.240252244191816486e-13,6.614328149877896642e-13,8.301416231616157908e-13,6.634527962473953544e-13,8.464845630278915332e-13,1.410946353245840643e-12,1.146741962943636936e-12,1.505970537199385078e-12,8.086935807099577976e-13,1.651183919012969803e-12,1.759077812223331675e-12,1.614494315237372469e-12,4.442395872829459266e-12,1.633802400932771690e-12,1.761632738470158460e-12,8.606905083476591072e-04,7.660832325307818536e-12,3.320825593000610492e-12
5.911776002472261695e-13,7.811842311742672614e-13,6.328168452766350461e-13,6.465522856680320451e-13,6.965069784184843278e-13,6.519098827955606487e-13,6.562982171938954746e-13,7.850501290589197740e-13,6.103920949929870845e-13,5.730068899570758097e-13,4.866758191555546908e-13,5.946377520796983567e-13,5.907926991987496553e-13,6.591237695787712360e-13,6.488213954245963054e-13,7.540311704755438299e-13,7.484512235960071278e-13,6.036205148327403049e-13,6.390090579328870220e-13,5.902146926685617677e-13,6.410857153355412090e-13,9.641000414761064733e-13,1.312500358539822854e-12,5.565091816608213419e-13,6.417854558775371270e-13,6.568140174470067650e-13,6.993342214751257493e-13,7.777309074009932236e-13,6.629193992594142757e-13,6.597904973277343092e-13,6.127953641247532915e-13,6.111885130842616313e-13,9.250998048788522651e-13,1.200974886565575780e-12,1.880897306489072214e-12,5.191945493822937225e-13,5.479071167318065204e-13,6.564907992416088864e-13,8.535518603800140400e-13,1.005562464952059207e-12,7.190923810959031584e-13,6.328016419284317966e-13,5.526056764390292413e-13,6.256766398706684278e-13,8.787858082452763001e-13,1.639423583863926423e-12,1.975962525908106015e-12,5.276869297786857986e-13,4.929237078968550081e-13,5.914827883016347606e-13,6.785582141592827747e-13,7.552404762876994766e-13,6.490095023419090574e-13,7.086327712503579383e-13,7.106027409552685083e-13,7.308503889193535610e-13,1.243229336380812278e-12,2.559961788091170546e-12,4.123767883355163043e-13,5.002176301143578693e-13,7.384671153211937203e-13,6.747267936424296251e-13,8.467233851578895798e-13,6.768044696423728439e-13,8.634632209575965001e-13,1.436959793560999782e-12,1.169658617515508360e-12,1.535984304913285365e-12,8.248975466440459087e-13,1.674057341711531035e-12,1.784056669073395579e-12,1.641532308021883973e-12,4.429024890371947699e-12,1.665349154599929860e-12,1.796987122586443236e-12,8.606905083961308590e-04,7.618254736116772752e-12,3.344344421431343711e-12
6.031082899859358943e-13,7.969514293435901882e-13,6.455898897631320412e-13,6.596045367855509486e-13,7.105649389630920423e-13,6.650666320656028977e-13,6.695397304436314202e-13,8.008817714930279752e-13,6.227022948111148766e-13,5.845688178162170180e-13,4.964972664430813144e-13,6.066401846351242036e-13,6.027193287804626798e-13,6.724268540417009968e-13,6.619156669177046668e-13,7.692463013490108781e-13,7.635365371041704655e-13,6.157987958717854915e-13,6.519004574718020476e-13,6.021254257462766179e-13,6.540231340782691158e-13,9.835442428351635807e-13,1.338941568449161767e-12,5.677387532218291540e-13,6.547287496480250199e-13,6.700664329815737199e-13,7.134420586096752859e-13,7.934119693979716849e-13,6.762928255145121512e-13,6.731034471838143311e-13,6.251515452556180551e-13,6.235141433173059866e-13,9.436643223898640023e-13,1.225131807007195078e-12,1.918787630001934091e-12,5.296642503505133585e-13,5.589569828610064874e-13,6.697078156913596681e-13,8.704407608001063906e-13,1.025109943538903375e-12,7.335849505927106742e-13,6.455591331249688719e-13,5.637535900227974172e-13,6.382876280260851158e-13,8.963030815557269331e-13,1.669245341836836982e-12,2.012466804690130610e-12,5.383219131676260004e-13,5.028659971076450202e-13,6.033897866067198565e-13,6.922070059609872384e-13,7.704370890008610924e-13,6.620906991278633119e-13,7.228956267848865072e-13,7.249121859546642881e-13,7.455731030848709328e-13,1.268044577549466505e-12,2.604949726916140832e-12,4.206934782161079932e-13,5.102956727079442017e-13,7.532172547873061021e-13,6.882949282656348464e-13,8.636572719225678509e-13,6.904297777757335791e-13,8.807957589740146244e-13,1.463698683121903021e-12,1.193061844243177987e-12,1.566644410794153648e-12,8.414406745199566398e-13,1.698036984338190340e-12,1.810203309536890811e-12,1.669516478753744331e-12,4.418235635669241570e-12,1.697664060961350135e-12,1.833078419795777828e-12,8.606905084437063008e-04,7.579395988271536865e-12,3.370412042572106261e-12
6.152797910114314382e-13,8.130367353303121921e-13,6.586205592334756722e-13,6.729196647169580732e-13,7.249065348908114392e-13,6.784889107860810116e-13,6.830488787250214493e-13,8.170342611672701039e-13,6.352618081704333747e-13,5.963643108505689014e-13,5.065169537666582028e-13,6.188847068415455882e-13,6.148861556256066938e-13,6.859983682614320847e-13,6.752742351693514076e-13,7.847688195296399639e-13,7.789284255993897874e-13,6.282232437695485815e-13,6.650525409964085692e-13,6.142766219546450656e-13,6.672217508050889316e-13,1.003382408414479316e-12,1.365922020657261251e-12,5.791951112173221662e-13,6.679342041627726633e-13,6.835866540435742807e-13,7.278352646272055606e-13,8.094111407160601792e-13,6.899367284399480246e-13,6.866853777476838990e-13,6.377582339032790423e-13,6.360894700592591562e-13,9.626145253347418405e-13,1.249785352340419706e-12,1.957451193230858930e-12,5.403460781500192577e-13,5.702306296948292066e-13,6.831948871817737978e-13,8.877016869685555494e-13,1.045117031456080252e-12,7.483721350376367901e-13,6.585754956091274337e-13,5.751269375800697536e-13,6.511548050684975565e-13,9.141950992335734213e-13,1.699926739638873931e-12,2.049985561374439523e-12,5.491729833284024373e-13,5.130094832048494819e-13,6.155401384635504031e-13,7.061359429507835238e-13,7.859451664474378895e-13,6.754376610428991986e-13,7.374503548027387254e-13,7.395137556598485309e-13,7.605958273536679378e-13,1.293388859398076494e-12,2.651363205671095706e-12,4.291785194674561424e-13,5.205788001632646756e-13,7.682799060925406171e-13,7.021418967617756747e-13,8.809482825717269954e-13,7.043335712049144666e-13,8.984878134879077942e-13,1.491160833608384575e-12,1.216958473242059874e-12,1.597958979289611641e-12,8.583282284168805806e-13,1.723108004657627011e-12,1.837501858281403575e-12,1.698437180758144563e-12,4.410045004673241807e-12,1.730749794119899331e-12,1.869918154102591590e-12,8.606905084903039007e-04,7.544286269357161903e-12,3.399003155544627752e-12
6.276968232838066465e-13,8.294464126634911715e-13,6.719139375358332810e-13,6.865029099131849074e-13,7.395373482693264987e-13,6.921819290753685129e-13,6.968308513736295915e-13,8.335136989432584557e-13,6.480753979489923137e-13,6.083979151481530163e-13,5.167387648075036930e-13,6.313760948722345319e-13,6.272979673953380658e-13,6.998435898074369044e-13,6.889022821282225910e-13,8.006047076583902368e-13,7.946326092853060450e-13,6.408986278345296928e-13,6.784703445183987191e-13,6.266729855806012032e-13,6.806866751519888836e-13,1.023622041112579654e-12,1.393451521742041677e-12,5.908826792050060985e-13,6.814068246685055584e-13,6.973798808107389585e-13,7.425193405310801378e-13,8.257344289038668711e-13,7.038563268938789756e-13,7.005415193397418408e-13,6.506201814618307485e-13,6.489192543799540559e-13,9.819566729801853793e-13,1.274944097891032106e-12,1.996901953456538594e-12,5.512440735554671035e-13,5.817323334601871349e-13,6.969568845861542190e-13,9.053388344488259617e-13,1.065586794006948302e-12,7.634594213440573114e-13,6.718556102307323960e-13,5.867300725302017722e-13,6.642829651665436962e-13,9.324669507202233123e-13,1.731464155811690556e-12,2.088515577860147757e-12,5.602441801003880139e-13,5.233580312145408694e-13,6.279382282818035711e-13,7.203499384086294478e-13,8.017702149160639562e-13,6.890553581866311963e-13,7.523021673696780726e-13,7.544127451225490925e-13,7.759240628123431895e-13,1.319269419569025290e-12,2.699190352564137652e-12,4.378351378654927632e-13,5.310708096603658413e-13,7.836596003091608606e-13,7.162725530584296271e-13,8.986017184985716376e-13,7.185208621828607959e-13,9.165452830356124019e-13,1.519345278819308652e-12,1.241355772174886048e-12,1.629936801143952811e-12,8.755657319671545180e-13,1.749256793655968514e-12,1.865937850609872829e-12,1.728286332799378154e-12,4.404469730535537850e-12,1.764610212187815869e-12,1.907518450828812606e-12,8.606905085358373562e-04,7.512957432969108565e-12,3.430092339550542080e-12
6.403642076842565768e-13,8.461868564407415231e-13,6.854752134550217057e-13,7.003596122862386724e-13,7.544630784281686193e-13,7.061510080754003556e-13,7.108909554649776892e-13,8.503263388644606523e-13,6.611479427681403383e-13,6.206742775086086412e-13,5.271666661174088028e-13,6.441192235156949140e-13,6.399596424723121354e-13,7.139679075578164107e-13,7.028051006495713539e-13,8.167600821486966892e-13,8.106549640034181522e-13,6.538298257056970952e-13,6.921590203138873259e-13,6.393193225123812931e-13,6.944231273967747779e-13,1.044270832583885513e-12,1.421540183926727708e-12,6.028059775910124387e-13,6.951517386538375028e-13,7.114514305845065208e-13,7.574999161174077396e-13,8.423879970122002669e-13,7.180569611039850267e-13,7.146772192575808744e-13,6.637422586285417429e-13,6.620083740835882829e-13,1.001697297660310468e-12,1.300616937958376820e-12,2.037154325914562602e-12,5.623623761910433454e-13,5.934664737504983265e-13,7.109988285712172194e-13,9.233567742610417256e-13,1.086522872129027086e-12,7.788524465473588860e-13,6.854044838109958571e-13,5.985674484780281487e-13,6.776770301388566226e-13,9.511240554905680335e-13,1.763855406578824178e-12,2.128055379345020903e-12,5.715396504457917912e-13,5.339155970149851661e-13,6.405885749534050384e-13,7.348540721565458171e-13,8.179179238852733788e-13,7.029488936016942671e-13,7.674564434088936267e-13,7.696146101792763575e-13,7.915634707913017095e-13,1.345693976266749930e-12,2.748421866439383024e-12,4.466666355051419035e-13,5.417756027611640482e-13,7.993611210115856860e-13,7.306919195071765016e-13,9.166231658593327305e-13,7.329968185815574598e-13,9.349743145488751520e-13,1.548252204785733859e-12,1.266261419038084742e-12,1.662587287746457955e-12,8.931589543543684122e-13,1.776470991650339714e-12,1.895498239743501980e-12,1.759057362594124582e-12,4.401526172165981014e-12,1.799250275824929079e-12,1.945891998840044632e-12,8.606905085802165701e-04,7.485442629310102090e-12,3.463654217493089265e-12
6.532868658261701273e-13,8.632645933889285190e-13,6.993096810182022160e-13,7.144952126684006218e-13,7.696895420149649000e-13,7.204015797901659105e-13,7.252346147796390535e-13,8.674785852532092815e-13,6.744844351996110261e-13,6.331981448324749914e-13,5.378047069871121156e-13,6.571190664556114096e-13,6.528761512833450122e-13,7.283768216941302295e-13,7.169880942776177066e-13,8.332411922112242138e-13,8.270015172884654389e-13,6.670218223964732180e-13,7.061238356910678980e-13,6.522205399262808100e-13,7.084364380825994227e-13,1.065336659515986405e-12,1.450198413693500367e-12,6.149696231698309258e-13,7.091741938880253582e-13,7.258067368549997064e-13,7.727827484140490320e-13,8.593781602439877336e-13,7.325440912855605326e-13,7.290979409325735761e-13,6.771294532097063956e-13,6.753618218056917195e-13,1.021843191070473252e-12,1.326813071107675613e-12,2.078223164158770780e-12,5.737052229656462753e-13,6.054375319917833845e-13,7.253258846737134250e-13,9.417604301840471851e-13,1.107929446656072484e-12,7.945569939588593488e-13,6.992272465296603402e-13,6.106436181995841855e-13,6.913420464980829469e-13,9.701721438652878137e-13,1.797099668357897908e-12,2.168605131547250061e-12,5.830636460503182226e-13,5.446862262371637331e-13,6.534958275138115806e-13,7.496535842015266250e-13,8.343941590895553589e-13,7.171235001352138174e-13,7.829187227790072631e-13,7.851249622281946585e-13,8.075198680562506292e-13,1.372670698462075398e-12,2.799050890395551773e-12,4.556763898417207157e-13,5.526971828159240320e-13,8.153894905945116806e-13,7.454051802710131623e-13,9.350184799855658996e-13,7.477667586675562053e-13,9.537812912996262115e-13,1.577882883206241744e-12,1.291683478060632478e-12,1.695920430607196607e-12,9.111138979457744684e-13,1.804739495346781450e-12,1.926171394784826632e-12,1.790745148286353033e-12,4.401230118632180164e-12,1.834675973381088506e-12,1.985052017764813009e-12,8.606905086233487346e-04,7.461775943335010211e-12,3.499663620418966862e-12
6.664698200629365535e-13,8.806862821681571822e-13,7.134227399634266312e-13,7.289152542454198497e-13,7.852226732630310681e-13,7.349391871405096808e-13,7.398673690880374270e-13,8.849769903861175809e-13,6.880899803456673658e-13,6.459743637502524131e-13,5.486570194680132718e-13,6.703806966959686264e-13,6.660525576006203787e-13,7.430759438987826315e-13,7.314567772521659782e-13,8.500544192372044573e-13,8.436784450917584494e-13,6.804797096248734495e-13,7.203701720919978760e-13,6.653816461853248152e-13,7.227320478793064787e-13,1.086827580673193531e-12,1.479436902198334899e-12,6.273783288808599558e-13,7.234795568693850165e-13,7.404513486731951406e-13,7.883737205105696488e-13,8.767113832292323687e-13,7.473232966193257379e-13,7.438092633870351034e-13,6.907868683482036189e-13,6.889847034996445057e-13,1.042401392229414113e-12,1.353541987495035546e-12,2.120123743558586446e-12,5.852769468235331098e-13,6.176500902322934297e-13,7.399433590777741706e-13,9.605550581533364020e-13,1.129811205349656008e-12,8.105789899592420768e-13,7.133291497825493074e-13,6.229632329021410554e-13,7.052831829994296609e-13,9.896172398049779534e-13,1.831197403130731424e-12,2.210166543054505780e-12,5.948205213246470947e-13,5.556740534227551435e-13,6.666647614110129183e-13,7.647538692184511616e-13,8.512049565409063367e-13,7.315845378336003586e-13,7.986947011787444793e-13,8.009495637692746065e-13,8.237992227368162145e-13,1.400208179366496930e-12,2.851072887465684463e-12,4.648678529334488101e-13,5.638396527725227610e-13,8.317499580289857386e-13,7.604176755719327652e-13,9.537937715064389086e-13,7.628361466234130026e-13,9.729728223205459699e-13,1.608239608273912642e-12,1.317630378366413174e-12,1.729946765401140173e-12,9.294367873835326156e-13,1.834052456647662889e-12,1.957947090336597895e-12,1.823345958695310467e-12,4.403596610407425710e-12,1.870894252190955821e-12,2.025012229579463059e-12,8.606905086651368136e-04,7.441992041324691547e-12,3.538095749302036480e-12
6.799181936617050957e-13,8.984587138699418100e-13,7.278198963362413371e-13,7.436253839648916820e-13,8.010685244318451552e-13,7.497694841990505959e-13,7.547948737020116945e-13,9.028282526618743810e-13,7.019697947388481447e-13,6.590078804479189722e-13,5.597278185188941298e-13,6.839092871045087666e-13,6.794940198162714162e-13,7.580709977184650139e-13,7.462167746991665496e-13,8.672062764750082006e-13,8.606920690709216658e-13,6.942086853836307128e-13,7.349035244714893903e-13,6.788077509123700437e-13,7.373155076441248361e-13,1.108751834588188885e-12,1.509266617229771238e-12,6.400369037393370007e-13,7.380733116214334153e-13,7.553909302806566132e-13,8.042788407222707847e-13,8.943942778262635345e-13,7.624002745305388738e-13,7.588168809381959330e-13,7.047197211050372144e-13,7.028822372522578001e-13,1.063379176903546746e-12,1.380813457951560024e-12,2.162871747498748658e-12,5.970819757588893864e-13,6.301088302054178642e-13,7.548566950009594034e-13,9.797462275569485416e-13,1.152173312495934598e-12,8.269245013378261518e-13,7.277155644421097298e-13,6.355310417093892676e-13,7.195057286120553835e-13,1.009465645478060522e-12,1.866150286876915141e-12,2.252742772871201760e-12,6.068147317447473278e-13,5.668833013962017005e-13,6.801002753028434816e-13,7.801604717670155187e-13,8.683565173677399559e-13,7.463374917889847825e-13,8.147902257667028584e-13,8.170943246058797174e-13,8.404076508924001557e-13,1.428315412820102634e-12,2.904485519203985553e-12,4.742445508643863806e-13,5.752072133299755137e-13,8.484479879015381616e-13,7.757348966902043645e-13,9.729553939884819593e-13,7.782105887085360265e-13,9.925557331131384240e-13,1.639325636901152689e-12,1.344110895080792571e-12,1.764677340060290186e-12,9.481340599797994266e-13,1.864401274050037129e-12,1.990816488747591307e-12,1.856857393041351922e-12,4.408639778346748479e-12,1.907912955585028360e-12,2.065786834000364040e-12,8.606905087054703271e-04,7.426125826863233212e-12,3.578926331116175345e-12
6.936372111072187576e-13,9.165888126693344900e-13,7.425067631556710767e-13,7.586313539091706975e-13,8.172332663834889872e-13,7.648982365654118172e-13,7.700228992418611426e-13,9.210392151792172348e-13,7.161292055074978074e-13,6.723037406525581920e-13,5.710214022522634921e-13,6.977101110490403136e-13,6.932057921841856999e-13,7.733678190575691358e-13,7.612738229647934242e-13,8.847034089474272978e-13,8.780488543618825278e-13,7.082140537054829670e-13,7.497295009014067352e-13,6.925040652018631409e-13,7.521924786405612846e-13,1.131117837793926690e-12,1.539698796479179339e-12,6.529502529115603452e-13,7.529610587739942759e-13,7.706312609443057516e-13,8.205042420253282347e-13,9.124336013688377422e-13,7.777808402140910881e-13,7.741266031065916087e-13,7.189333413375238648e-13,7.170597523726343346e-13,1.084784048308517494e-12,1.408637524583888700e-12,2.206483255896804548e-12,6.091248320529616443e-13,6.428185326174818637e-13,7.700714695970866747e-13,9.993398042401116101e-13,1.175021380878703508e-12,8.435997330956780503e-13,7.423919794511016481e-13,6.483518913337200486e-13,7.340150908548863663e-13,1.029723927398581461e-12,1.901961141193477309e-12,2.296338343118266597e-12,6.190508324803081220e-13,5.783182808157054609e-13,6.938073883019539824e-13,7.958790821393893123e-13,8.858552033651723567e-13,7.613879703685348622e-13,8.312112913969564992e-13,8.335652986082154710e-13,8.573514136167372303e-13,1.457001772258231672e-12,2.959288527811345333e-12,4.838100833201422492e-13,5.868041613864899535e-13,8.654892505875871745e-13,7.913624816124723125e-13,9.925099329159909679e-13,7.938958299691781678e-13,1.012537057485733278e-12,1.671145132279092673e-12,1.371134132585897696e-12,1.800123686447291820e-12,9.672123573022333367e-13,1.895778577455916820e-12,2.024772115926259315e-12,1.891278320702169706e-12,4.416372701152119650e-12,1.945740765159256607e-12,2.107390487208203404e-12,8.606905087442459504e-04,7.414212107605759499e-12,3.622131766695051569e-12
7.076321985031520001e-13,9.350836365943064668e-13,7.574890611544422011e-13,7.739390226306470317e-13,8.337231892683809115e-13,7.803313218534301182e-13,7.855573315770986488e-13,9.396168646523952368e-13,7.305736497608610678e-13,6.858670897461997845e-13,5.825421522567507492e-13,7.117885431050910454e-13,7.071932260271202059e-13,7.889723567686906780e-13,7.766337700634659262e-13,9.025525935574503966e-13,8.957554077501818935e-13,7.225012245826264950e-13,7.648538223616998674e-13,7.064759019389255839e-13,7.673687328784751424e-13,1.153934183507899243e-12,1.570744941929993086e-12,6.661233779018836043e-13,7.681485148812910846e-13,7.861782349586967670e-13,8.370561817117546812e-13,9.308362552775091990e-13,7.934709263610198562e-13,7.897443546815134065e-13,7.334331708258938057e-13,7.315226887062288919e-13,1.106623728920634270e-12,1.437024492671756580e-12,2.250974735719897182e-12,6.214101316931698384e-13,6.557840766216078095e-13,7.855933913003609879e-13,1.019341935041100903e-12,1.198361445921937162e-12,8.606110266332589220e-13,7.573640006967019614e-13,6.614307258978645230e-13,7.488167944289767474e-13,1.050398903959461377e-12,1.938633868142003067e-12,2.340959056777062900e-12,6.315334772620185061e-13,5.899833898661374325e-13,7.077912376060940558e-13,8.119155327496757071e-13,9.037075331508036762e-13,7.767417037629600726e-13,8.479640373750604490e-13,8.503686809551989554e-13,8.746369145988498696e-13,1.486276991949363602e-12,3.015483622263588855e-12,4.935681232823857257e-13,5.986348887322105678e-13,8.828796134281101261e-13,8.073062112367550069e-13,1.012464195844683144e-12,8.098977514170273614e-13,1.032924030363011674e-12,1.703703110684911564e-12,1.398709509662281709e-12,1.836297795182466693e-12,9.866785178628554023e-13,1.928178207201591266e-12,2.059807831627162901e-12,1.926608821476911488e-12,4.426807281869008618e-12,1.984387147861954766e-12,2.149838283467620001e-12,8.606905087813456140e-04,7.406285274252944873e-12,3.667689268703782371e-12
7.219085840468090150e-13,9.539503783766068001e-13,7.727726195672857927e-13,7.895543564375986394e-13,8.505447032871091414e-13,7.960747302631512790e-13,8.014041719008969360e-13,9.585683305948451566e-13,7.453086741537791118e-13,6.997031729738555747e-13,5.942945339747655278e-13,7.261500598117443201e-13,7.214617708998723495e-13,8.048906733154077088e-13,7.923025762064171131e-13,9.207607393399326404e-13,9.138184761729499502e-13,7.370757140097292952e-13,7.802823226703008483e-13,7.207286761983649293e-13,7.828501535495888488e-13,1.177209640681913180e-12,1.602416815183312646e-12,6.795613768275981802e-13,7.836415119271896899e-13,8.020378617749532330e-13,8.539410412174495237e-13,9.496092839702329407e-13,8.094765830379474060e-13,8.056761759115700687e-13,7.482247625928313734e-13,7.462765961280967824e-13,1.128906153241931334e-12,1.465984923668391680e-12,2.296363033242148238e-12,6.339425839389926148e-13,6.690104394384529774e-13,8.014282975407019468e-13,1.039759033693599825e-12,1.222199941814151343e-12,8.779648582562262108e-13,7.726373501119794871e-13,6.747725868738891429e-13,7.639164800993671592e-13,1.071497634189043069e-12,1.976173388297562848e-12,2.386611920295887638e-12,6.442674174446818965e-13,6.018831140671833714e-13,7.220570764482553044e-13,8.282757949794581496e-13,9.219201788296292159e-13,7.924045427964054839e-13,8.650547446561831733e-13,8.675108057761669406e-13,8.922706980610936867e-13,1.516151150224651848e-12,3.073074368723279651e-12,5.035224168117116973e-13,6.107038809473623937e-13,9.006251327798174173e-13,8.235720060536928756e-13,1.032825203583744866e-12,8.262223675962616099e-13,1.053724081439049353e-12,1.737005391387365026e-12,1.426846746270060729e-12,1.873212093236524049e-12,1.006539570871594905e-12,1.961595188081880455e-12,2.095918795042739641e-12,1.962850126707050705e-12,4.439954143724905133e-12,2.023862307485448104e-12,2.193145739281525465e-12,8.606905088166517904e-04,7.402378993336961652e-12,3.715576988917214929e-12
7.364718985598634855e-13,9.731963663548367979e-13,7.883633769414712684e-13,8.054834306246224557e-13,8.677043395022061299e-13,8.121345652055582431e-13,8.175695368999707916e-13,9.779008847183481208e-13,7.603399345885943838e-13,7.138173357187121504e-13,6.062830971133479617e-13,7.408002404465005140e-13,7.360169757023548966e-13,8.211289454765215780e-13,8.082863143841323234e-13,9.393348878110794763e-13,9.322449454826847887e-13,7.519431441139018356e-13,7.960209485216911406e-13,7.352679056959018376e-13,7.986427355182128628e-13,1.200953153344377497e-12,1.634726433558781857e-12,6.932694447556474706e-13,7.994459969757144931e-13,8.182162662204879351e-13,8.711653260786684998e-13,9.687598740055091157e-13,8.258039776832550077e-13,8.219282227766234305e-13,7.633137803797662800e-13,7.613271341737644962e-13,1.151639461378042409e-12,1.495529629126320991e-12,2.342665367835840322e-12,6.467269909998838591e-13,6.825026960908913561e-13,8.175821527601646468e-13,1.060597767933642477e-12,1.246543679424025013e-12,8.956678379365238918e-13,7.882178649530425027e-13,6.883826131081662031e-13,7.793199037706069960e-13,1.093027407579044738e-12,2.014585581921281579e-12,2.433305070835508157e-12,6.572575012242379484e-13,6.140220261652933138e-13,7.366102723115121394e-13,8.449659764094336538e-13,9.404999630843282402e-13,8.083824579430374107e-13,8.824898334079222788e-13,8.849981441191134996e-13,9.102594470093602884e-13,1.546634654439573367e-12,3.132066085397619262e-12,5.136767828967835642e-13,6.230157164672267326e-13,9.187320468280903514e-13,8.401659232251532482e-13,1.053600182261928835e-12,8.428758244772369508e-13,1.074944829543492897e-12,1.771058549497490503e-12,1.455555851749595984e-12,1.910879423927265596e-12,1.026802731027946624e-12,1.996025699061262560e-12,2.133101426453349352e-12,2.000004561523670169e-12,4.455822545378875283e-12,2.064177140131909539e-12,2.237328779757099768e-12,8.606905088500450005e-04,7.402525915424419938e-12,3.765774134779187267e-12
7.513277760577690409e-13,9.928290653976869783e-13,8.042673819439278621e-13,8.217324306300668679e-13,8.852087506648121940e-13,8.285170439579049581e-13,8.340596589810177593e-13,9.976219404791142525e-13,7.756731960203495527e-13,7.282150238121167970e-13,6.185124760697531163e-13,7.557447678008622439e-13,7.508644897311493174e-13,8.376934650729418799e-13,8.245911709774288551e-13,9.582822133771772758e-13,9.510418394157581799e-13,7.671092433452587870e-13,8.120757595953656658e-13,7.500992112672110453e-13,8.147525858394743165e-13,1.225173840153315820e-12,1.667686066824743272e-12,7.072528740779600718e-13,8.155680319299252998e-13,8.347196887797272916e-13,8.887356659772084255e-13,9.882953534001657736e-13,8.424593951786340972e-13,8.385067673148349540e-13,7.787059982379361979e-13,7.766800717746353041e-13,1.174831993304081283e-12,1.525669665383148635e-12,2.389899327169013129e-12,6.597682477914612115e-13,6.962660192208448410e-13,8.340610466796860984e-13,1.081865047670620705e-12,1.271399825827163159e-12,9.137267082728232371e-13,8.041114972178409684e-13,7.022660409078142146e-13,7.950329357173730466e-13,1.114995734835233171e-12,2.053877233141777354e-12,2.481047707887588506e-12,6.705086729710549822e-13,6.264047860880315464e-13,7.514563053574820137e-13,8.619923183608252251e-13,9.594538566127618356e-13,8.246815385073074253e-13,9.002758608687339075e-13,9.028373021843492070e-13,9.286099817252304157e-13,1.577738227431948044e-12,3.192465741883387980e-12,5.240351133431291459e-13,6.355750657724347286e-13,9.372067690465674280e-13,8.570941539863662449e-13,1.074796556153726815e-12,8.598643976080489807e-13,1.096594077606924935e-12,1.805869871576098493e-12,1.484847114241026598e-12,1.949313028995615604e-12,1.047475394297179836e-12,2.031467039342098037e-12,2.171353365623191205e-12,2.038075488413891957e-12,4.474420315335651487e-12,2.105343193267919320e-12,2.282403726916281603e-12,8.606905088813838643e-04,7.406757400329449670e-12,3.818261075993435579e-12
7.664819543323012022e-13,1.012856077815696899e-12,8.204907941439642794e-13,8.383076531099189462e-13,9.030647120165237213e-13,8.452284983176026499e-13,8.508808865229048292e-13,1.017739052717648911e-12,7.913143323240250236e-13,7.429017838437702270e-13,6.309873903474194400e-13,7.709894289208678102e-13,7.660100636576468608e-13,8.545906396899185263e-13,8.412234463714307746e-13,9.776100237581098083e-13,9.702163187088832824e-13,7.825798466993272105e-13,8.284529287043117243e-13,7.652283173487200962e-13,8.311859242719622000e-13,1.249880994082658165e-12,1.701308234420565654e-12,7.215170549015171360e-13,8.320137933577958011e-13,8.515544859006851678e-13,9.066588148370839294e-13,1.008223191067186242e-12,8.594492379591012972e-13,8.554181979624301654e-13,7.944073001944125876e-13,7.923412870577081526e-13,1.198492283697244518e-12,1.556416328879506805e-12,2.438082863718276780e-12,6.730713417403948395e-13,7.103056789598811660e-13,8.508711927519472897e-13,1.103568014076771821e-12,1.296775885265329674e-12,9.321483435968575611e-13,8.203243131560620134e-13,7.164282041570718775e-13,8.110615599209672457e-13,1.137410339424775261e-12,2.094055976977551923e-12,2.529850028972770549e-12,6.840259726420630619e-13,6.390361409321858847e-13,7.666007670199115859e-13,8.793611936892911667e-13,9.787889758394743487e-13,8.413079919180571023e-13,9.184195194387998828e-13,9.210350197597856134e-13,9.473292584500329873e-13,1.609472895255884185e-12,3.254281862945573689e-12,5.346013726734654176e-13,6.483866906701991145e-13,9.560558822032902270e-13,8.743630213013847277e-13,1.096421941148261709e-12,8.771944904728895316e-13,1.118679808128121179e-12,1.841447313806557685e-12,1.514731091137364550e-12,1.988526532455953427e-12,1.068565134485707177e-12,2.067917591347263233e-12,2.210673427524841055e-12,2.077067252222672456e-12,4.495753805008923007e-12,2.147372627982488423e-12,2.328387289719349804e-12,8.606905089105323144e-04,7.415103260826677077e-12,3.873019441383548826e-12
7.819402755002883215e-13,1.033285144237549620e-12,8.370398847493560450e-13,8.552155068975407488e-13,9.212791220202072412e-13,8.622753752166082225e-13,8.680396841155168391e-13,1.038259917334808087e-12,8.072693261827661572e-13,7.578832634388320854e-13,6.437126449424689045e-13,7.865401157735919757e-13,7.814595504159235443e-13,8.718269933661865936e-13,8.581895555405924056e-13,9.973257603911257776e-13,9.897756803110183144e-13,7.983608959360426245e-13,8.451587419480374089e-13,7.806610524345232316e-13,8.479490837460149856e-13,1.275084082142757283e-12,1.735605703023285417e-12,7.360674754214108277e-13,8.487895723483875446e-13,8.687271302971939926e-13,9.249416509355764503e-13,1.028550996324363844e-12,8.767800261257017757e-13,8.726690198779534549e-13,8.104236799581413874e-13,8.083167671728003126e-13,1.222629057232118319e-12,1.587781151977037378e-12,2.487234292634892629e-12,6.866413525950347762e-13,7.246270428158901607e-13,8.680189267529947951e-13,1.125714029465589828e-12,1.322679681365579701e-12,9.509397491737453634e-13,8.368624928341363323e-13,7.308745344373426672e-13,8.274118734733330425e-13,1.160279149788746123e-12,2.135130249029106605e-12,2.579723169116695718e-12,6.978145352344012004e-13,6.519209249576155176e-13,7.820493587100356636e-13,8.970791047642262409e-13,9.985125808327492065e-13,8.582681430928297177e-13,9.369276349422246403e-13,9.395981688014933139e-13,9.664243681949457878e-13,1.641849976000984974e-12,3.317524436595271933e-12,5.453795980067750441e-13,6.614554436245564101e-13,9.752861328092875226e-13,8.919789777035225162e-13,1.118484138747161638e-12,8.948726329919546305e-13,1.141210179036906589e-12,1.877799462517600235e-12,1.545218600410678769e-12,2.028533925952948704e-12,1.090079700159423275e-12,2.105376781137903720e-12,2.251061555913532767e-12,2.116985126649933166e-12,4.519827859620708401e-12,2.190278184089342480e-12,2.375296555611964673e-12,8.606905089373436584e-04,7.427591526263685125e-12,3.930032203017650623e-12
7.977086864270246580e-13,1.054124144441491614e-12,8.539210373055199159e-13,8.724625138301261520e-13,9.398590029757319929e-13,8.796642372635377521e-13,8.855426327541439186e-13,1.059192370967336803e-12,8.235442689274102315e-13,7.731652114798121490e-13,6.566931306758717203e-13,8.024028258262757918e-13,7.972189059857700018e-13,8.894091671836427026e-13,8.754960285498663823e-13,1.017436998776703715e-12,1.009727356629494823e-12,8.144584397350521648e-13,8.621995988165895662e-13,7.964033494647426887e-13,8.650485107719342602e-13,1.300792745043105766e-12,1.770591484337793614e-12,7.509097222372409081e-13,8.659017743387623911e-13,8.862442111897177141e-13,9.435911769707528545e-13,1.049286518417845862e-12,8.944583975224370432e-13,8.902658552158580643e-13,8.267612406094400909e-13,8.246126080950580089e-13,1.247251224237359935e-12,1.619775899171145484e-12,2.537372291113014076e-12,7.004834522068284439e-13,7.392355755249150224e-13,8.855107054343499681e-13,1.148310667827948641e-12,1.349119340457681046e-12,9.701080604319885763e-13,8.537323296902150146e-13,7.456105610924387050e-13,8.440900859820023474e-13,1.183610292092821605e-12,2.177109237649911707e-12,2.630679143799151376e-12,7.118795902504899971e-13,6.650640595416526760e-13,7.978078905759096825e-13,9.151526815609729836e-13,1.018632073355461200e-12,8.755684338141760674e-13,9.558071649852885068e-13,9.585337520898436458e-13,9.859025356094123904e-13,1.674881069527450659e-12,3.382204826272469774e-12,5.563738989432765764e-13,6.747862670901246370e-13,9.949044259296713008e-13,9.099486032545964187e-13,1.140991130485536899e-12,9.129054800979700626e-13,1.164193519857691697e-12,1.914935496853694690e-12,1.576320712651929309e-12,2.069349555325253080e-12,1.112027011139250684e-12,2.143845036701404335e-12,2.292518775192484393e-12,2.157835262252126235e-12,4.546645805835418956e-12,2.234073147746316323e-12,2.423148983384944929e-12,8.606905089616651320e-04,7.444248227150774299e-12,3.989283740627984575e-12
8.137932390021351121e-13,1.075381098163281434e-12,8.711407484022363168e-13,8.900553094551130930e-13,9.588115015196904138e-13,8.974017631824858022e-13,9.033964299545629919e-13,1.080544390665268679e-12,8.401453602749939701e-13,7.887534782869990972e-13,6.699338244539048317e-13,8.185836625697251314e-13,8.132941900773902349e-13,9.073439196852780224e-13,8.931495108944680858e-13,1.037951448747489078e-12,1.030078914743679113e-12,8.308786337244591110e-13,8.795820121799038472e-13,8.124612460928114356e-13,8.824907657768540296e-13,1.327016796763959891e-12,1.806278832964777909e-12,7.660494805802792106e-13,8.833569188443216349e-13,9.041124344183653510e-13,9.626145200216573685e-13,1.070437646008764573e-12,9.124911077318188566e-13,9.082154433064178701e-13,8.434261942145315819e-13,8.412350143378213493e-13,1.272367876606840491e-12,1.652412563589130385e-12,2.588515899225759367e-12,7.146029042751871335e-13,7.541368388120971194e-13,9.033531051723263977e-13,1.171365705896586913e-12,1.376103275824698702e-12,9.896605421466317097e-13,8.709402300150103132e-13,7.606419111838096080e-13,8.611025189141413064e-13,1.207412083396110599e-12,2.220002838430586523e-12,2.682730795080831494e-12,7.262264611409254959e-13,6.784705530413253619e-13,8.138822802500582592e-13,9.335886797940818569e-13,1.039154994971453268e-12,8.932154220516765573e-13,9.750651973395163980e-13,9.778489018855469878e-13,1.005771117829189756e-12,1.708578047992999382e-12,3.448335686879768992e-12,5.675884574508422132e-13,6.883841928114813401e-13,1.014917820266875198e-12,9.282786035756159890e-13,1.163951072665114213e-12,9.312998103134407176e-13,1.187638328070394892e-12,1.952865153382675916e-12,1.608048743693136665e-12,2.110988108290642042e-12,1.134415153948337793e-12,2.183323744489872235e-12,2.335047140862504735e-12,2.199624635918249443e-12,4.576209454767073810e-12,2.278771321312478862e-12,2.471962397062643752e-12,8.606905089833405019e-04,7.465097201627169043e-12,4.050759888683281396e-12
8.302000908977896544e-13,1.097064166587492956e-12,8.887056289253804023e-13,9.080006440854592365e-13,9.781438898376313264e-13,9.154947488953912548e-13,9.216078903512961559e-13,1.102324094390715839e-12,8.570789085625354634e-13,8.046540162108252286e-13,6.834397897195857359e-13,8.350888365484607436e-13,8.296915673058946859e-13,9.256381278411184313e-13,9.111567643477357728e-13,1.058876955461634764e-12,1.050838056315429948e-12,8.476277409255358630e-13,8.973126087340686466e-13,8.288408853045144623e-13,9.002825239316111383e-13,1.353766225564569386e-12,1.842681246044207735e-12,7.814925349841063227e-13,9.011616396598108929e-13,9.223386230557284287e-13,9.820189320946643743e-13,1.092012407422632203e-12,9.308850305616650098e-13,9.265246413285354148e-13,8.604248618416741559e-13,8.581902990690499966e-13,1.297988284978338718e-12,1.685703365676002269e-12,2.640684524723893129e-12,7.290050644151080199e-13,7.693364914576436449e-13,9.215528211396085256e-13,1.194887115445780316e-12,1.403640173841205552e-12,1.009604588264313151e-12,8.884927128905842792e-13,7.759743097607203560e-13,8.784556053848954617e-13,1.231693026059827689e-12,2.263821613481554065e-12,2.735891742635898751e-12,7.408605650070043564e-13,6.921455008785052526e-13,8.302785519908617146e-13,9.523939796242211569e-13,1.060089025891619539e-12,9.112157817632110611e-13,9.947089489533003841e-13,9.975508792143483259e-13,1.026037604005165477e-12,1.742953048962659475e-12,3.515930887484012202e-12,5.790275279834914241e-13,7.022543414307697846e-13,1.035333524134352871e-12,9.469758085233979442e-13,1.187372292177905209e-12,9.500625248912099332e-13,1.211553266555488311e-12,1.991598694598361736e-12,1.640414249426336012e-12,2.153464605703129438e-12,1.157252377103539987e-12,2.223815206089934866e-12,2.378649691351543964e-12,2.242361003523268707e-12,4.608519118723089905e-12,2.324386998298209013e-12,2.521754982888702633e-12,8.606905090021958618e-04,7.490159922183223046e-12,4.114448014977120951e-12
8.469354887298909939e-13,1.119181629930817383e-12,9.066223886874926852e-13,9.263053732112745066e-13,9.978635417464427194e-13,9.339500847451021560e-13,9.401839286133325008e-13,1.124539716094089874e-12,8.743513145956089247e-13,8.208728660495608025e-13,6.972161671898005866e-13,8.519246489763382712e-13,8.464172890067684461e-13,9.442987696644035580e-13,9.295246503258046731e-13,1.080221475756292344e-12,1.072012596932123907e-12,8.647121182625455238e-13,9.153981136399607434e-13,8.455485017991837778e-13,9.184305579564520692e-13,1.381051147844800619e-12,1.879812407992431545e-12,7.972447535430543361e-13,9.193226698422696737e-13,9.409297008547901271e-13,1.001811771399211268e-12,1.114018947552700464e-12,9.496471409850161877e-13,9.452004069478412339e-13,8.777636600159755923e-13,8.754848705971565130e-13,1.324121868329173363e-12,1.719660699171730043e-12,2.693897830508036986e-12,7.436953694516992765e-13,7.848402786621800715e-13,9.401166524056608620e-13,1.218883037125757610e-12,1.431738956421867492e-12,1.029947703200297928e-12,9.063963959242749296e-13,7.916135687898863590e-13,8.961558763654972062e-13,1.256461780733538898e-12,2.308576693563305733e-12,2.790176286423638911e-12,7.557874026222373306e-13,7.060940769594598097e-13,8.470028247433413058e-13,9.715755697408438833e-13,1.081441964735794279e-12,9.295762878489571686e-13,1.014745748365729674e-12,1.017647056024534645e-12,1.046709596295160890e-12,1.778018418794460379e-12,3.585005361944421433e-12,5.906954332259602881e-13,7.164019128500625426e-13,1.056158874471522841e-12,9.660471543541740130e-13,1.211263261389073916e-12,9.692006318954720046e-13,1.235947137419625108e-12,2.031146833123305060e-12,1.673428976912860299e-12,2.196794317201638095e-12,1.180547067314848481e-12,2.265322563085375433e-12,2.423330353382543205e-12,2.286052817386246297e-12,4.643573637430870494e-12,2.370934863291851211e-12,2.572545197075560737e-12,8.606905090180523186e-04,7.519455432213184714e-12,4.180337111858922794e-12
8.640058169447589718e-13,1.141741953482508992e-12,9.248978821598033700e-13,9.449764890145752445e-13,1.017978003169105962e-12,9.527748217040493182e-13,9.591316088184354766e-13,1.147199675710021882e-12,8.919691166251531253e-13,8.374161963831997324e-13,7.112682023548202603e-13,8.690975403873827729e-13,8.634777468223890957e-13,9.633329756686315326e-13,9.482601789460347598e-13,1.101993146728019266e-12,1.093610522332913354e-12,8.821382554779708051e-13,9.338453946141432982e-13,8.625904621718578219e-13,9.369417885587843846e-13,1.408881939315509032e-12,1.917686343149466663e-12,8.133121326508906624e-13,9.378468838471981909e-13,9.598927401904524278e-13,1.022000555865143320e-12,1.136465591992307421e-12,9.687845640240286265e-13,9.642498487502059969e-13,8.954491382105272376e-13,8.931252701527910310e-13,1.350778266095806056e-12,1.754297272123615482e-12,2.748175941001960592e-12,7.586793668150771184e-13,8.006540617768621375e-13,9.590515397531508454e-13,1.243361823422635950e-12,1.460408832174706101e-12,1.050697552426465821e-12,9.246580343107497115e-13,8.075656188804348881e-13,9.142099978871613987e-13,1.281727219261943860e-12,2.354279893324654763e-12,2.845599493267594388e-12,7.710125848980963581e-13,7.203215578824480010e-13,8.640613418565533098e-13,9.911405862218921469e-13,1.103221779581376207e-12,9.483038568412316977e-13,1.035183080220177908e-12,1.038144961413716667e-12,1.067794860094887366e-12,1.813786840671275043e-12,3.655575233160502804e-12,6.025965765003767063e-13,7.308322109502065332e-13,1.077401379000718223e-12,9.854997273510609967e-13,1.235632651141119456e-12,9.887212866728244238e-13,1.260828943716754838e-12,2.071520820984949836e-12,1.707104977433080595e-12,2.240992962537282318e-12,1.204307770249588250e-12,2.307849827824529377e-12,2.469094007020849960e-12,2.330709274158101244e-12,4.681370421400267208e-12,2.418430173516140496e-12,2.624351949745641694e-12,8.606905090307240399e-04,7.552999959328940321e-12,4.248416722344234370e-12
8.814175498780170057e-13,1.164753723129585489e-12,9.435390639557499299e-13,9.640210902337503248e-13,1.038494923484391826e-12,9.719761063871116875e-13,9.784580958162670427e-13,1.170312509495003008e-12,9.099389453065564621e-13,8.542902648795014937e-13,7.256012185892435819e-13,8.866140434392411154e-13,8.808794204123212698e-13,9.827479788067951098e-13,9.673704611700628191e-13,1.124200218494782390e-12,1.115639931496839137e-12,8.999127366610675203e-13,9.526614182889880845e-13,8.799732256128965863e-13,9.558232351422078064e-13,1.437269104948169261e-12,1.956317261116904259e-12,8.297007528467441153e-13,9.567412553486533749e-13,9.792349148652632527e-13,1.042592910189816188e-12,1.159360782805750498e-12,9.883045263868950462e-13,9.836801766903130926e-13,9.134879410100254139e-13,9.111181339454461707e-13,1.377967260265421728e-12,1.789625962383010096e-12,2.803539229206720249e-12,7.739626848008446363e-13,8.167837883488911194e-13,9.783645258716396220e-13,1.268331981185291536e-12,1.489659219480539511e-12,1.071861911055729051e-12,9.432844812320778450e-13,8.238364777296530430e-13,9.326247330224168453e-13,1.307498361056695540e-12,2.400943520457072863e-12,2.902177021934161646e-12,7.865418055195357352e-13,7.348332985875910192e-13,8.814604393695877361e-13,1.011096270830556009e-12,1.125436554274757250e-12,9.674055054233475285e-13,1.056028538445156701e-12,1.059052233594243883e-12,1.089301272408124206e-12,1.850271193419494123e-12,3.727657547241426662e-12,6.147354290022948634e-13,7.455506176672928177e-13,1.099068666162390343e-12,1.005340717217706527e-12,1.260489269596794442e-12,1.008631749325361625e-12,1.286207822448561790e-12,2.112732302062119404e-12,1.741454483266273320e-12,2.286076493560198081e-12,1.228543154774640920e-12,2.351401758586115430e-12,2.515946318044205813e-12,2.376340176027526796e-12,4.721905495945305079e-12,2.466888531890787864e-12,2.677194409361041374e-12,8.606905090400184715e-04,7.590807078174801154e-12,4.318677827461979792e-12
8.991772674608907647e-13,1.188225667030097435e-12,9.625530038004646517e-13,9.834463914098894401e-13,1.059422078090796638e-12,9.915612025815767248e-13,9.981706706657492477e-13,1.193886891809531520e-12,9.282675376573992167e-13,8.715014306107104450e-13,7.402206257134200620e-13,9.044807985298349503e-13,8.986288949352619161e-13,1.002551130960399999e-12,9.868627244180772833e-13,1.146851075981000179e-12,1.138109053769811969e-12,9.180422523300782015e-13,9.718532639050995655e-13,8.977033565292067990e-13,9.750820317597263059e-13,1.466223320606875359e-12,1.995719604591489419e-12,8.464167933410168526e-13,9.760128701393373212e-13,9.989635151447682657e-13,1.063596582563998089e-12,1.182713098369247439e-12,1.008214371668942768e-12,1.003498717925756709e-12,9.318868194149182724e-13,9.294702046351079670e-13,1.405698795973449641e-12,1.825659861099092124e-12,2.860008415738166469e-12,7.895510414625935746e-13,8.332355010518591229e-13,9.980627662304576073e-13,1.293802180255128155e-12,1.519499754267239386e-12,1.093448679141668279e-12,9.622826996082445142e-13,8.404322598259197356e-13,9.514069529543338587e-13,1.333784386059974788e-12,2.448580388209312499e-12,2.959925123384881289e-12,8.023808486113020316e-13,7.496347395910837261e-13,8.992065543271116270e-13,1.031449981934884748e-12,1.148094503273010685e-12,9.868883625955792579e-13,1.077289839138170673e-12,1.080376633478715538e-12,1.111236836852291944e-12,1.887484587611944208e-12,3.801270268607463989e-12,6.271165329899417781e-13,7.605626001519048017e-13,1.121168495536343684e-12,1.025577429524255360e-12,1.285842076009490824e-12,1.028939396397289475e-12,1.312093062014253601e-12,2.154793321995053825e-12,1.776489940094800353e-12,2.332061152777933332e-12,1.253262029429022885e-12,2.395983836316642049e-12,2.563893722851042953e-12,2.422955916930028446e-12,4.765173554229207269e-12,2.516325930299196191e-12,2.731092074410722079e-12,8.606905090457232180e-04,7.632887536144684352e-12,4.391112851398282472e-12
9.172916549913893328e-13,1.212166655319582524e-12,9.819468861832553811e-13,1.003259722649382265e-12,1.080767368212465023e-12,1.011537490958247577e-12,1.018276730013748192e-12,1.217931633909395135e-12,9.469617362297559546e-13,8.890561534742192069e-13,7.551319196878066605e-13,9.227045535521016627e-13,9.167328608163957480e-13,1.022749902688312153e-12,1.006744312246734780e-12,1.169954238315251824e-12,1.161026247381270791e-12,9.365335988303548070e-13,9.914281226399544298e-13,9.157875241977566448e-13,9.947254266707928851e-13,1.495755432002784509e-12,2.035908046885233673e-12,8.634665315945562399e-13,9.956689252089112924e-13,1.019085947190478563e-12,1.085019443904452995e-12,1.206531252079086990e-12,1.028521559628333691e-12,1.023712916268000704e-12,9.506526298437225772e-13,9.481883304239081596e-13,1.433982977290835929e-12,1.862412268696080420e-12,2.917604564348174546e-12,8.054502437362302554e-13,8.500153368712863721e-13,1.018153527206898158e-12,1.319781245505911345e-12,1.549940276623467074e-12,1.115465880210493814e-12,9.816597609580197669e-13,8.573591758213925923e-13,9.705636357214844740e-13,1.360594628450886651e-12,2.497203777823687710e-12,3.018860597875956359e-12,8.185355876071781931e-13,7.647314063157987420e-13,9.173062230379470729e-13,1.052209192201710709e-12,1.171203969252822179e-12,1.006759668385175034e-12,1.098974818440070072e-12,1.102126042778499199e-12,1.133609681897384819e-12,1.925440357211295677e-12,3.876432211160701225e-12,6.397445009398726932e-13,7.758737095464418915e-13,1.143708753057530020e-12,1.046217283311937715e-12,1.311700175652002353e-12,1.049651718933428975e-12,1.338494098384644126e-12,2.197716299019641870e-12,1.812224000195999006e-12,2.378963463398261370e-12,1.278473343615438975e-12,2.441602214068372086e-12,2.612943373829547411e-12,2.470567437484778522e-12,4.811168013258732275e-12,2.566758726164566432e-12,2.786064767094781778e-12,8.606905090476202466e-04,7.679249188989410945e-12,4.465715606199441177e-12
9.357675028124285532e-13,1.236585699729114936e-12,1.001728010008742100e-12,1.023468529416399521e-12,1.102538820661995866e-12,1.031912468656405204e-12,1.038783785336549404e-12,1.242455682635727122e-12,9.660284881685537958e-13,9.069609935562599752e-13,7.703406821681514127e-13,9.412921636508032709e-13,9.351981133952230988e-13,1.043351882940243080e-12,1.027022683966899292e-12,1.193518358125415962e-12,1.184399997832214556e-12,9.553936776614472921e-13,1.011393296829007647e-12,9.342325022974949368e-13,1.014760781806330516e-12,1.525876453501736168e-12,2.076897489229426583e-12,8.808563427707510919e-13,1.015716727725322794e-12,1.039609732393369893e-12,1.106869486978783535e-12,1.230824090930636005e-12,1.049233665320729971e-12,1.044330331497576453e-12,9.697923330009236396e-13,9.672794640323847871e-13,1.462830062927460701e-12,1.899896690856858989e-12,2.976349076308088200e-12,8.216661864727946471e-13,8.671295261925511866e-13,1.038644184103052052e-12,1.346278148844001298e-12,1.580990817518082074e-12,1.137921659677098144e-12,1.001422844156533234e-12,8.746235318149457609e-13,9.901018648555759797e-13,1.387938570299020524e-12,2.546827401713922346e-12,3.079000753188526539e-12,8.350119839578240271e-13,7.801289083193201393e-13,9.357660792075041844e-13,1.073381486155949510e-12,1.194773420584176802e-12,1.027026772425673856e-12,1.121091430284602516e-12,1.124308461976828057e-12,1.156428058997576572e-12,1.964152051272407183e-12,3.953162971238329310e-12,6.526240147440888930e-13,7.914895796590455753e-13,1.166697446135476003e-12,1.067267808570168413e-12,1.338072814652022425e-12,1.070776320417468587e-12,1.365420511188555166e-12,2.241513995436100536e-12,1.848669515671501910e-12,2.426800219397016438e-12,1.304186187179764518e-12,2.488263665762308081e-12,2.663103084358626928e-12,2.519186180564470744e-12,4.859881071229710669e-12,2.618203619584350750e-12,2.842132626152177803e-12,8.606905090454732010e-04,7.729896954128977714e-12,4.542481240216657582e-12
9.546117055098794240e-13,1.261491952806101201e-12,1.021903787991670908e-12,1.044080371980956710e-12,1.124744587098461302e-12,1.052693748421886182e-12,1.059699461738584801e-12,1.267468118593864787e-12,9.854748437878911825e-13,9.252226101705138541e-13,7.858525797782982725e-13,9.602505906499106476e-13,9.540315522108758721e-13,1.064364778243941496e-12,1.047705413751527865e-12,1.217552220324472931e-12,1.208238915728712807e-12,9.746294943412812315e-13,1.031756198702794467e-12,9.530451680164096445e-13,1.035195571846012166e-12,1.556597566103449828e-12,2.118703057058940428e-12,8.985926987901676299e-13,1.036163693522202427e-12,1.060542506207661394e-12,1.129154824999740949e-12,1.255600593532175396e-12,1.070358377774047287e-12,1.065358638229501242e-12,9.893129922934414324e-13,9.867506612173813251e-13,1.492250461255612683e-12,1.938126833545624443e-12,3.036263683004212319e-12,8.382048511399935980e-13,8.845843914796757480e-13,1.059542218665299629e-12,1.373302000672572719e-12,1.612661584975058872e-12,1.160824282712067323e-12,1.021579233708844793e-12,8.922317282210004229e-13,1.010028827542938609e-12,1.415825834620165504e-12,2.597465366135522998e-12,3.140363362654628735e-12,8.518160855048493115e-13,7.958329381647385083e-13,9.545928516352204596e-13,1.094974557245659828e-12,1.218811448251902978e-12,1.047697132055630931e-12,1.143647743616294402e-12,1.146932007767436164e-12,1.179700340164686113e-12,2.003633424792880895e-12,4.031482860318192126e-12,6.657598247491640249e-13,8.074159252886620798e-13,1.190142698267269429e-12,1.088736643232743874e-12,1.364969374241894655e-12,1.092320914202741250e-12,1.392882019160427968e-12,2.286199488531301766e-12,1.885839530816289073e-12,2.475588474588556288e-12,1.330409787185040946e-12,2.535975533539800634e-12,2.714381272265773388e-12,2.568824046486119258e-12,4.911303763880378686e-12,2.670677629620981412e-12,2.899316098000795316e-12,8.606905090390486526e-04,7.784832779969946736e-12,4.621406160353953815e-12
9.738312608880015125e-13,1.286894706974396225e-12,1.042481745912348080e-12,1.065102924630094006e-12,1.147392943132707485e-12,1.073889057593476258e-12,1.081031496602060332e-12,1.292978154176904798e-12,1.005307954925155256e-12,9.438477607358335605e-13,8.016733632300669412e-13,9.795869023400908196e-13,9.732401801371968145e-13,1.085796411719917819e-12,1.068800189571709546e-12,1.242064740767990640e-12,1.232551734417616690e-12,9.942481570615757324e-13,1.052524348935125049e-12,9.722325009965624204e-13,1.056037383153782751e-12,1.587930115245980882e-12,2.161340095991098458e-12,9.166821672235750274e-13,1.057017345380499563e-12,1.081892016802407793e-12,1.151883690037658695e-12,1.280869867944821361e-12,1.091903498490430746e-12,1.086805624622669719e-12,1.009221772042989889e-12,1.006609079084494838e-12,1.522254725136181275e-12,1.977116597961877475e-12,3.097370439613189999e-12,8.550723043235563615e-13,9.023863457421468348e-13,1.080855216365574909e-12,1.400862041120811996e-12,1.644962950102613186e-12,1.184182131895072971e-12,1.042136317805863335e-12,9.101902584330077184e-13,1.030351812563915235e-12,1.444266178198657424e-12,2.649132134303243053e-12,3.202966623641002135e-12,8.689540246596722780e-13,8.118492700895105568e-13,9.737933616701532204e-13,1.116996204658638815e-12,1.243326762557599986e-12,1.068778310197623192e-12,1.166651939377342127e-12,1.170004910266442781e-12,1.203435015312203974e-12,2.043898429523292690e-12,4.111412838670215976e-12,6.791567486186639613e-13,8.236585403304885749e-13,1.214052743408698565e-12,1.110631529936948480e-12,1.392399364772306784e-12,1.114293320703739404e-12,1.420888475364285763e-12,2.331786141747185406e-12,1.923747274384135558e-12,2.525345531654038535e-12,1.357153502661980836e-12,2.584745674253682144e-12,2.766786902750773370e-12,2.619493348308150382e-12,4.965426017930968107e-12,2.724198070979513415e-12,2.957635928119879678e-12,8.606905090280892118e-04,7.844055628016010272e-12,4.702487939401609983e-12
9.934332691809330359e-13,1.312803393802248452e-12,1.063469521969784819e-12,1.086543974857756242e-12,1.170492287839421429e-12,1.095506237348418237e-12,1.102787738491665453e-12,1.318995132009052667e-12,1.025535073482495640e-12,9.628432997952072172e-13,8.178088665127192650e-13,9.993082719899466234e-13,9.928311026806699698e-13,1.107654722400674522e-12,1.090314812409396235e-12,1.267064965347534617e-12,1.257347307941458285e-12,1.014256875511179014e-12,1.073705375402933926e-12,9.918015824625504271e-13,1.077293912971151236e-12,1.619885609378834058e-12,2.204824168505578704e-12,9.351314103675710751e-13,1.078285311493648717e-12,1.103666123965174906e-12,1.175064431733979799e-12,1.306641149914013234e-12,1.113876940204760186e-12,1.108679191366144049e-12,1.029525935832853053e-12,1.026861974539593874e-12,1.552853547246120075e-12,2.016880076731669723e-12,3.159691722698629273e-12,8.722746962755326208e-13,9.205418910699789573e-13,1.102590863809601942e-12,1.428967631544326215e-12,1.677905433635180198e-12,1.208003705127275208e-12,1.063101586529468231e-12,9.285057075815404545e-13,1.051078208359947078e-12,1.473269484754660197e-12,2.701842491551889653e-12,3.266829117777830763e-12,8.864320166090546712e-13,8.281837586978933568e-13,9.933745207167198719e-13,1.139454330278397442e-12,1.268328190080266200e-12,1.090277973402587532e-12,1.190112307686202419e-12,1.193535510435271177e-12,1.227640689855744752e-12,2.084961205974559482e-12,4.192974452139131270e-12,6.928196700816742321e-13,8.402232958846247034e-13,1.238435920516100874e-12,1.132960312938998069e-12,1.420372420047137459e-12,1.136701464743760359e-12,1.449449862806574592e-12,2.378287577378215519e-12,1.962406152874420433e-12,2.576088932659035703e-12,1.384426818714375466e-12,2.634582405922797807e-12,2.820329432128327510e-12,2.671206768009475682e-12,5.022236700194246411e-12,2.778782532856616230e-12,3.017113155152652283e-12,8.606905090123237196e-04,7.907561464879907592e-12,4.785725222733086203e-12
1.013424931127427986e-12,1.339227581992250971e-12,1.084874865198370171e-12,1.108411421701022503e-12,1.194051141699726021e-12,1.117553240679645187e-12,1.124976144780668168e-12,1.345528521605674231e-12,1.046163548778192123e-12,9.822161769904066229e-13,8.342650053260723587e-13,1.019421976698479720e-12,1.012811526215837638e-12,1.129947763305650054e-12,1.112257194255729002e-12,1.292562067428269264e-12,1.282634607434217889e-12,1.034662958641439984e-12,1.095307010768120882e-12,1.011759593313097266e-12,1.098972967355339569e-12,1.652475715903160982e-12,2.249171047629303594e-12,9.539471832823029732e-13,1.099975322756588488e-12,1.125872796767735947e-12,1.198705514623673215e-12,1.332923799410140768e-12,1.136286724360405134e-12,1.130987349379902009e-12,1.050232843765471150e-12,1.047516701662520018e-12,1.584057753218844845e-12,2.057431546541974009e-12,3.223250219894920101e-12,8.898182585761630905e-13,9.390576162748020458e-13,1.124756944928762058e-12,1.457628244209994125e-12,1.711499690170454005e-12,1.232297612105361889e-12,1.084482628910021101e-12,9.471847503871390297e-13,1.072215499977554927e-12,1.502845756173156190e-12,2.755611505803914652e-12,3.331969767085083797e-12,9.042563566519937662e-13,8.448423369067446906e-13,1.013343326720317674e-12,1.162356934352525824e-12,1.293824669077278274e-12,1.112203888689163683e-12,1.214037243622693520e-12,1.217532256099635138e-12,1.252326080838636514e-12,2.126836071763791572e-12,4.276189762986383050e-12,7.067535371946867624e-13,8.571161375344415700e-13,1.263300666528045716e-12,1.155730933651090340e-12,1.448898289805832032e-12,1.159553371616285803e-12,1.478576288115883044e-12,2.425717645393081944e-12,2.001829740558810117e-12,2.627836445058052859e-12,1.412239338816492346e-12,2.685494450570102980e-12,2.875018746837128805e-12,2.723977309573255193e-12,5.081723659075995283e-12,2.834448852517529896e-12,3.077769098584214553e-12,8.606905089914633445e-04,7.975343263977490873e-12,4.871117622963985184e-12
1.033813546027188483e-12,1.366176975285576040e-12,1.106705633762948386e-12,1.130713273867059029e-12,1.218078144597438394e-12,1.140038130368877749e-12,1.147604779200909449e-12,1.372587916001087096e-12,1.067200824808169837e-12,1.001973434934271922e-12,8.510477753903618202e-13,1.039935395705987785e-12,1.033188756168708353e-12,1.152683699491140547e-12,1.134635356068522354e-12,1.318565345289661044e-12,1.308422717414727682e-12,1.055473812330663774e-12,1.117337089960957337e-12,1.032113812127857896e-12,1.121082459059528956e-12,1.685712257317718902e-12,2.294396710670546812e-12,9.731363317726296484e-13,1.122095209931944176e-12,1.148520111156907992e-12,1.222815515399437349e-12,1.359727297110751783e-12,1.159140978494817089e-12,1.153738217445481518e-12,1.071349949569893390e-12,1.068580708936446431e-12,1.615878294669860184e-12,2.098785461024449528e-12,3.288068920766475013e-12,9.077093016385858007e-13,9.579401943788513040e-13,1.147361336980262019e-12,1.486853451701436852e-12,1.745756492169439826e-12,1.257072570679885962e-12,1.106287129840361739e-12,9.662341488821526298e-13,1.093771265853191501e-12,1.533005103505875523e-12,2.810454488471895791e-12,3.398407790157172104e-12,9.224334173381944372e-13,8.618310137345726713e-13,1.033706860436325585e-12,1.185712110948266333e-12,1.319825244718590049e-12,1.134563920229284899e-12,1.238435242838871463e-12,1.242003697812395131e-12,1.277500012931675356e-12,2.169537510118963677e-12,4.361081281377242396e-12,7.209633603889883378e-13,8.743430824338720098e-13,1.288655509093072590e-12,1.178951425991719231e-12,1.477986831993606527e-12,1.182857162964071394e-12,1.508277975069633576e-12,2.474090392425560285e-12,2.042031769590659804e-12,2.680606048051837759e-12,1.440600777012658651e-12,2.737490876088616519e-12,2.930865101998954661e-12,2.777818251780733835e-12,5.143873757687050538e-12,2.891215089468591171e-12,3.139625347106011857e-12,8.606905089652008237e-04,8.047391011231962698e-12,4.958665612522383763e-12
1.054606509361996736e-12,1.393661409835573243e-12,1.128969792823141970e-12,1.153457647403365018e-12,1.242582053302372904e-12,1.162969076486263940e-12,1.170681808865263226e-12,1.400183027705611986e-12,1.088654437001693502e-12,1.022122206631562455e-12,8.681632503914216906e-13,1.060856008278860282e-12,1.053970194767756192e-12,1.175870805617148042e-12,1.157457425242539135e-12,1.345084218967096108e-12,1.334720831420709062e-12,1.076696936569939905e-12,1.139803547149503378e-12,1.052871612725167870e-12,1.143630404920313302e-12,1.719607206555639988e-12,2.340517331859920980e-12,9.927057899423554785e-13,1.144652900280817753e-12,1.171616247025505436e-12,1.247403119607630491e-12,1.387061240210158581e-12,1.182447933086317021e-12,1.176940019316845550e-12,1.092884797186762804e-12,1.090061535968520313e-12,1.648326241296977877e-12,2.140956442489632781e-12,3.354171106101530437e-12,9.259542117735856934e-13,9.771963796460091946e-13,1.170412005934774923e-12,1.516652915366199876e-12,1.780686712813962984e-12,1.282337402578328109e-12,1.128522866439418746e-12,9.856607496868334705e-13,1.115753174045537154e-12,1.563757737033754982e-12,2.866386953680600441e-12,3.466162656506714335e-12,9.409696451364958428e-13,8.791558716844396820e-13,1.054472281144481514e-12,1.209528042755441207e-12,1.346339063606557593e-12,1.157366025460635873e-12,1.263314896504853130e-12,1.266958484060563647e-12,1.303171413768653930e-12,2.213080157086153166e-12,4.447671894634943762e-12,7.354542101752344043e-13,8.919102159384073508e-13,1.314509058501061249e-12,1.202629911078277310e-12,1.507648004142432458e-12,1.206621052020893681e-12,1.538565257256990477e-12,2.523420029236948930e-12,2.083026118912728239e-12,2.734415917437154348e-12,1.469520949726932378e-12,2.790581035906660110e-12,2.987879057722864599e-12,2.832743099342651600e-12,5.208672896596559227e-12,2.949099497925354020e-12,3.202703745353646749e-12,8.606905089332241238e-04,8.123691712501957961e-12,5.048370410733302620e-12
1.075811309826860421e-12,1.421690850897806266e-12,1.151675411860110742e-12,1.176652762821045253e-12,1.267571738276700192e-12,1.186354353285660121e-12,1.194215500618839304e-12,1.428323683787880614e-12,1.110532008333721945e-12,1.042669712332671898e-12,8.856175794691573198e-13,1.082191391047607859e-12,1.075163338251669224e-12,1.199517462878954008e-12,1.180731632448006217e-12,1.372128226312122432e-12,1.361538246790400355e-12,1.098339922044198016e-12,1.162714412050899213e-12,1.074040461148003985e-12,1.166624922612462863e-12,1.754172681234078509e-12,2.387549273565099167e-12,1.012662577202318016e-12,1.167656413511360619e-12,1.195169484614828105e-12,1.272477117607596930e-12,1.414935337354507656e-12,1.206215917708325912e-12,1.200601080159886592e-12,1.114845016695485703e-12,1.111966809562202557e-12,1.681412771773471947e-12,2.183959272086797010e-12,3.421580335128070337e-12,9.445594477096457861e-13,9.968330040458151166e-13,1.193917001093769161e-12,1.547036372543670780e-12,1.816301307363258677e-12,1.308101028312766099e-12,1.151197703729673843e-12,1.005471480735045740e-12,1.138168977779271120e-12,1.595113955112614256e-12,2.923424575054656820e-12,3.535254038274973535e-12,9.598715565227207191e-13,8.968230636317987188e-13,1.075646821673597726e-12,1.233812995067576216e-12,1.373375367373664663e-12,1.180618250477498966e-12,1.288684885408950532e-12,1.292405355639753247e-12,1.329349308436304587e-12,2.257478786981914625e-12,4.535984793057886879e-12,7.502312144482878381e-13,9.098236876836409246e-13,1.340869998606682235e-12,1.226774591091133397e-12,1.537891853611753162e-12,1.230853338056101711e-12,1.569448569632311841e-12,2.573720896017083121e-12,2.124826801552303894e-12,2.789284408419210398e-12,1.499009767088872857e-12,2.844774505967862527e-12,3.046071412515920170e-12,2.888765531780722457e-12,5.276106024534455996e-12,3.008120496858725276e-12,3.267026378454731533e-12,8.606905088951937810e-04,8.204229399466106741e-12,5.140233864396573287e-12
1.097435526622650540e-12,1.450275389667948215e-12,1.174830662021819057e-12,1.200306942160386877e-12,1.293056180995192184e-12,1.210202336302778009e-12,1.218214217623037631e-12,1.457019821401442920e-12,1.132841245594943920e-12,1.063623256523414623e-12,9.034169847335219865e-13,1.103949215641642777e-12,1.096775774178013987e-12,1.223632156239786602e-12,1.204466308731449855e-12,1.399707019524908691e-12,1.388884359694406653e-12,1.120410446822658233e-12,1.186077806403750052e-12,1.095627912802766536e-12,1.190074227676967713e-12,1.789420938710772696e-12,2.435509078120131592e-12,1.033013795435226438e-12,1.191113857844289016e-12,1.219188201149483732e-12,1.298046400800550536e-12,1.443359403941325866e-12,1.230453357403728730e-12,1.224729823246702716e-12,1.137238320294961084e-12,1.134304239854024096e-12,1.715149164985961214e-12,2.227808881220712572e-12,3.490320437421931866e-12,9.635315371052435158e-13,1.016856973699690698e-12,1.217884449701460703e-12,1.578013623692908149e-12,1.852611294518419950e-12,1.334372462267352530e-12,1.174319590372942411e-12,1.025673348019930275e-12,1.161026511018828057e-12,1.627084133071564933e-12,2.981583143625814160e-12,3.605701762485337822e-12,9.791457339878051406e-13,9.148388096502911875e-13,1.097237783331253881e-12,1.258575309750926823e-12,1.400943486418283917e-12,1.204328725491187007e-12,1.314553974121084410e-12,1.318353140123026604e-12,1.356042814117684523e-12,2.302748298881698145e-12,4.626043397419324009e-12,7.652995555418355787e-13,9.280897075728217109e-13,1.367747077691119063e-12,1.251393743179689586e-12,1.568728507903439600e-12,1.255562400848947141e-12,1.600938440282014134e-12,2.625007428457935723e-12,2.167447952778873733e-12,2.845230039522167413e-12,1.529077224643743445e-12,2.900081020724751016e-12,3.105453136586371394e-12,2.945899351928196607e-12,5.346157137209835578e-12,3.068296641519685640e-12,3.332615559711341767e-12,8.606905088507539603e-04,8.288985131296420686e-12,5.234258327774925389e-12
1.119486825401468853e-12,1.479425238649983773e-12,1.198443812378906161e-12,1.224428604997955178e-12,1.319044469511430615e-12,1.234521498070802697e-12,1.242686414424621263e-12,1.486281481235564578e-12,1.155589934217453182e-12,1.084990223678073629e-12,9.215677578452624392e-13,1.126137245003568903e-12,1.118815177559061257e-12,1.248223470178698730e-12,1.228669881164518867e-12,1.427830359776743096e-12,1.416768658272375477e-12,1.142916271747919642e-12,1.209901939009281735e-12,1.117641608336404354e-12,1.213986629083937532e-12,1.825364368360245770e-12,2.484413456286276079e-12,1.053766624937513465e-12,1.215033424618115472e-12,1.243680865972428583e-12,1.324119956189724859e-12,1.472343355402400268e-12,1.255168767513444641e-12,1.249334765123828830e-12,1.160072496914705731e-12,1.157081615098418939e-12,1.749546788551694834e-12,2.272520338861455568e-12,3.560415496453355805e-12,9.828770719602730864e-13,1.037275264192376687e-12,1.242322549999184289e-12,1.609594517043891715e-12,1.889627734603854684e-12,1.361160806013971695e-12,1.197896552972339844e-12,1.046273431206538591e-12,1.184333682622092271e-12,1.659678709565564374e-12,3.040878519501606695e-12,3.677525757029253570e-12,9.987988209375062615e-13,9.332093928759472388e-13,1.119252529504417625e-12,1.283823397554697014e-12,1.429052831683018623e-12,1.228505658790694238e-12,1.340931003396681268e-12,1.344810744574882871e-12,1.383261132913902430e-12,2.348903698702910454e-12,4.717871277490896793e-12,7.806644666656183336e-13,9.467145407009639052e-13,1.395149097289649880e-12,1.276495711645524459e-12,1.600168162580403920e-12,1.280756693529749628e-12,1.633045479762834484e-12,2.677294118530160142e-12,2.210903814300630809e-12,2.902271471381884086e-12,1.559733393170745369e-12,2.956510404159332832e-12,3.166035299020743585e-12,3.004158429663380846e-12,5.418809260522081493e-12,3.129646588613745125e-12,3.399493810971433909e-12,8.606905087995151077e-04,8.377936988767939866e-12,5.330446525169094806e-12
1.141972953914023492e-12,1.509150726605651173e-12,1.222523225799639869e-12,1.249026263993570161e-12,1.345545793770277893e-12,1.259320403500795726e-12,1.267640631633946503e-12,1.516118800529893516e-12,1.178785932679285242e-12,1.106778073645593887e-12,9.400762562654819985e-13,1.148763329428434139e-12,1.141289306655882825e-12,1.273300084127736394e-12,1.253350868161521985e-12,1.456508111487804713e-12,1.445200715251650587e-12,1.165865235421591416e-12,1.234195100363869128e-12,1.140089269165606987e-12,1.238370524456460754e-12,1.862015483550774392e-12,2.534279274956785434e-12,1.074928320035174709e-12,1.239423382445531366e-12,1.268656035291439985e-12,1.350706860524761575e-12,1.501897200012476666e-12,1.280370748096576787e-12,1.274424510405031324e-12,1.183355406355727144e-12,1.180306795992954972e-12,1.784617086568007423e-12,2.318108838303934576e-12,3.631889833190198868e-12,1.002602703604364932e-12,1.058094915440414624e-12,1.267239563689157666e-12,1.641788932193496832e-12,1.927361706471162119e-12,1.388475241099431435e-12,1.221936689874113823e-12,1.067278878832013979e-12,1.208098469981550154e-12,1.692908171970301221e-12,3.101326581873866160e-12,3.750745994385683713e-12,1.018837516106141446e-12,9.519411549593467600e-13,1.141698478675041687e-12,1.309565729775023273e-12,1.457712885793116750e-12,1.253157330185532206e-12,1.367824881957703413e-12,1.371787147669777411e-12,1.411013544094056535e-12,2.395960080423572319e-12,4.811492068028796564e-12,7.963312279107686049e-13,9.657045017876112042e-13,1.423084900183259716e-12,1.302088899497809612e-12,1.632221068311917087e-12,1.306444734819391719e-12,1.665780369676398471e-12,2.730595473704740487e-12,2.255208717634835233e-12,2.960427484503029626e-12,1.590988407662283626e-12,3.014072498040066351e-12,3.227828992433473811e-12,3.063556643298929087e-12,5.494044418765284070e-12,3.192189060159767729e-12,3.467683842382772654e-12,8.606905087410775864e-04,8.471060057634056824e-12,5.428801405173149232e-12
1.164901736984299950e-12,1.539462292695108335e-12,1.247077354167985451e-12,1.274108519745036343e-12,1.372569440187155750e-12,1.284607704546793724e-12,1.293085489821300551e-12,1.546542005096302905e-12,1.202437166118893220e-12,1.128994336357384177e-12,9.589488989402393015e-13,1.171835401970293079e-12,1.164205998122697906e-12,1.298870767189873486e-12,1.278517874073802550e-12,1.485750235736395137e-12,1.474190179556145046e-12,1.189265248460040443e-12,1.258965656507810904e-12,1.162978692336394187e-12,1.263234394567061758e-12,1.899386912421945212e-12,2.585123543157909551e-12,1.096506204041275668e-12,1.264292070546537982e-12,1.294122346146694920e-12,1.377816273593792706e-12,1.532031030689211405e-12,1.306067977538374103e-12,1.300007745788931084e-12,1.207094972624791971e-12,1.203987709206679643e-12,1.820371565876778190e-12,2.364589682199437082e-12,3.704767987250623447e-12,1.022715136995233154e-12,1.079323025845530874e-12,1.292643807423413465e-12,1.674606762029530141e-12,1.965824282312930769e-12,1.416325020852032379e-12,1.246448164127303326e-12,1.088696902818075326e-12,1.232328911801142282e-12,1.726783040181656311e-12,3.162943175538600062e-12,3.825382431301856705e-12,1.039268567224003691e-12,9.710404908798173203e-13,1.164583096539720981e-12,1.335810828864820276e-12,1.486933193061027245e-12,1.278292083558105720e-12,1.395244577220988261e-12,1.399291390781318640e-12,1.439309395316470162e-12,2.443932605175948947e-12,4.906929379509809315e-12,8.123051617084857287e-13,9.850659488710322009e-13,1.451563357048152193e-12,1.328181758947867042e-12,1.664897516441995531e-12,1.332635100260170379e-12,1.699153849859087567e-12,2.784925973115314239e-12,2.300377065534093902e-12,3.019716954477993377e-12,1.622852454901782137e-12,3.072777086264199934e-12,3.290845253510009201e-12,3.124107817391095186e-12,5.571843586407333050e-12,3.255942804134785843e-12,3.537208529477132824e-12,8.606905086750182322e-04,8.568326398467511444e-12,5.529325984087130274e-12
1.188281070606490030e-12,1.570370479587552334e-12,1.272114732790934107e-12,1.299684054812796799e-12,1.400124785217232968e-12,1.310392133952426376e-12,1.319029682394669639e-12,1.577561400017865562e-12,1.226551618933845924e-12,1.151646605661719594e-12,9.781921612829741038e-13,1.195361473013420656e-12,1.187573161331173363e-12,1.324944371924610648e-12,1.304179582847020971e-12,1.515566782511358076e-12,1.503746766613852397e-12,1.213124286824834056e-12,1.284222041880970586e-12,1.186317744518681261e-12,1.288586796880832405e-12,1.937491387061203354e-12,2.636963395818371023e-12,1.118507663375834939e-12,1.289647891039640192e-12,1.320088509379734811e-12,1.405457430411546914e-12,1.562755015474597267e-12,1.332269205114601393e-12,1.326093233070361293e-12,1.231299176251986065e-12,1.228132339922259559e-12,1.856821780417896064e-12,2.411978265219578199e-12,3.779074694328097926e-12,1.043221124162752174e-12,1.100966745564074778e-12,1.318543643083806624e-12,1.708057892602736932e-12,2.005026499870710609e-12,1.444719460939714838e-12,1.271439195381504526e-12,1.110534772130884508e-12,1.257033099809154447e-12,1.761313848421865100e-12,3.225744052864722211e-12,3.901454943272290198e-12,1.060098763770432280e-12,9.905138429839434955e-13,1.187913887038195077e-12,1.362567257746710769e-12,1.516723348056211529e-12,1.303918318301152736e-12,1.423199104695033657e-12,1.427332567774342291e-12,1.468158092541017360e-12,2.492836477522596424e-12,5.004206701906222225e-12,8.285916276618114082e-13,1.004805276103270454e-12,1.480593351445316539e-12,1.354782780575894854e-12,1.698207822710073105e-12,1.359336412202982475e-12,1.733176703803187640e-12,2.840300019769259923e-12,2.346423310856652138e-12,3.080158823895004036e-12,1.655335759074463401e-12,3.132633814495934646e-12,3.355094978453231912e-12,3.185825656109093825e-12,5.652186622243859283e-12,3.320926550881581970e-12,3.608090886564862154e-12,8.606905086008751751e-04,8.669704999741052243e-12,5.632023174028508564e-12
1.212118915923013595e-12,1.601885926272813084e-12,1.297643974470306317e-12,1.325761627347333728e-12,1.428221288984376905e-12,1.336682498759616564e-12,1.345481968286531837e-12,1.609187360216099827e-12,1.251137327098491307e-12,1.174742532924465539e-12,9.978125698922352850e-13,1.219349624780143062e-12,1.211398772409346625e-12,1.351529828053957988e-12,1.330344751557151832e-12,1.545967882942785455e-12,1.533880248346513682e-12,1.237450384874319481e-12,1.309972751921267825e-12,1.210114355798185176e-12,1.314436358971177756e-12,1.976341732650208798e-12,2.689816077113463125e-12,1.140940141453683274e-12,1.315499300906200391e-12,1.346563302401115241e-12,1.433639633212964952e-12,1.594079387806905877e-12,1.358983243328124545e-12,1.352689801980395443e-12,1.255976046225806911e-12,1.252748724018296515e-12,1.893979315031822525e-12,2.460290056835227499e-12,3.854834865971380191e-12,1.064127457264361908e-12,1.123033269381788254e-12,1.344947467518564138e-12,1.742152181879219541e-12,2.044979333301298316e-12,1.473667929561557901e-12,1.296918051381799737e-12,1.132799806100942567e-12,1.282219170035494700e-12,1.796511126129370763e-12,3.289744814132823860e-12,3.978983256889892600e-12,1.081334929253736126e-12,1.010367694628063476e-12,1.211698382799308733e-12,1.389843608522320400e-12,1.547092983661482637e-12,1.330044480336527463e-12,1.451697516851730299e-12,1.455919814311947627e-12,1.497569089517932073e-12,2.542686921331018769e-12,5.103347306393192233e-12,8.451960168731352653e-13,1.024928906072357441e-12,1.510183763975055776e-12,1.381900481946480496e-12,1.732162310164965142e-12,1.386557329253740930e-12,1.767859743478951892e-12,2.896731891226639497e-12,2.393361935018959115e-12,3.141772073544799711e-12,1.688448566050916852e-12,3.193652106544668182e-12,3.420588835595963318e-12,3.248723673797010410e-12,5.735052187069775542e-12,3.387158968468646196e-12,3.680354041333405448e-12,8.606905085181620419e-04,8.775161713755680486e-12,5.736895596650282637e-12
1.236423291581679895e-12,1.634019359068659307e-12,1.323673762220253721e-12,1.352350063259386966e-12,1.456868486923734172e-12,1.363487672201589978e-12,1.372451162893437612e-12,1.641430318677087529e-12,1.276202368724481507e-12,1.198289819147287248e-12,1.017816696134413657e-12,1.243808004312520447e-12,1.235690866883957536e-12,1.378636134504543997e-12,1.357022202303286703e-12,1.576963739433132314e-12,1.564600440975527649e-12,1.262251626887917698e-12,1.336226333994125996e-12,1.234376512005358356e-12,1.340791770259487080e-12,2.015950853557655543e-12,2.743698919781812185e-12,1.163811131105214426e-12,1.341854802237875681e-12,1.373555560246308777e-12,1.462372241543989521e-12,1.626014434509404824e-12,1.386218958466333645e-12,1.379806341284643179e-12,1.281133650289507864e-12,1.277844938633057865e-12,1.931855766090950767e-12,2.509540579737434779e-12,3.932073560232427191e-12,1.085440960238815380e-12,1.145529828196120234e-12,1.371863700378180562e-12,1.776899435350603399e-12,2.085693659996041351e-12,1.503179835568225066e-12,1.322893037750078315e-12,1.155499366367694706e-12,1.307895292373294408e-12,1.832385375710354060e-12,3.354960840161312816e-12,4.057986873213055992e-12,1.102983912078189231e-12,1.030608562616287302e-12,1.235944133910587509e-12,1.417648489141434971e-12,1.578051756802485291e-12,1.356679051335072425e-12,1.480748889879271022e-12,1.485062295072248256e-12,1.527551875134426302e-12,2.593499150678623861e-12,5.204374134531359381e-12,8.621237453597337670e-13,1.045443280724418922e-12,1.540343453782262197e-12,1.409543394041908131e-12,1.766771289146477250e-12,1.414306533744173382e-12,1.803213791274352952e-12,2.954235683813069890e-12,2.441207422014338414e-12,3.204575687705098380e-12,1.722201125554325632e-12,3.255841073704758958e-12,3.487337169972445458e-12,3.312815118584498672e-12,5.820417641147758057e-12,3.454658610576970421e-12,3.754021200969709000e-12,8.606905084263669807e-04,8.884659169651855427e-12,5.843945425418315635e-12
1.261202265413320031e-12,1.666781581855311018e-12,1.350212841356000352e-12,1.379458247676729217e-12,1.486075980771459019e-12,1.390816584873032272e-12,1.399946128205987357e-12,1.674300753682493656e-12,1.301754853780882389e-12,1.222296206355975835e-12,1.038211149095646156e-12,1.268744815847499425e-12,1.260457531651729929e-12,1.406272350753445184e-12,1.384220813378308288e-12,1.608564614976453951e-12,1.595917191715716623e-12,1.287536137781434649e-12,1.362991377476334414e-12,1.259112246333567535e-12,1.367661773038569849e-12,2.056331718356549165e-12,2.798629322701545155e-12,1.187128166322156608e-12,1.368722931559577316e-12,1.401074165816628110e-12,1.491664661468512635e-12,1.658570482729382582e-12,1.413985260308121028e-12,1.407451789092519223e-12,1.306780084300867128e-12,1.303429091819859175e-12,1.970462720397401095e-12,2.559745386516727050e-12,4.010815949983723114e-12,1.107168479644636452e-12,1.168463679641581989e-12,1.399300770766480687e-12,1.812309379470165639e-12,2.127180224666310129e-12,1.533264615480812090e-12,1.349372486773844229e-12,1.178640848026216196e-12,1.334069659125041705e-12,1.868947048276905581e-12,3.421407220573310713e-12,4.138484986362398459e-12,1.125052575505056580e-12,1.051242988864067258e-12,1.260658695577426812e-12,1.445990508789027730e-12,1.609609332848517105e-12,1.383830536900136616e-12,1.510362309170300928e-12,1.514769189747926678e-12,1.558115959570581786e-12,2.645288338406418477e-12,5.307309681394084471e-12,8.793802467779929553e-13,1.066354851394287409e-12,1.571081238419532535e-12,1.437720046459347986e-12,1.802045035441426491e-12,1.442592717989663871e-12,1.839249660287091196e-12,3.012825252842688854e-12,2.489974230230944546e-12,3.268588616754929341e-12,1.756603666590927642e-12,3.319209419014333297e-12,3.555349902668658468e-12,3.378112891266005182e-12,5.908258923085016595e-12,3.523443860667838551e-12,3.829115615814731664e-12,8.606905083249368317e-04,8.998156663588860282e-12,5.953174146203759329e-12
1.286463945049490855e-12,1.700183465063597620e-12,1.377270010474265229e-12,1.407095115313819177e-12,1.515853428464010874e-12,1.418678214751809333e-12,1.427975761788510893e-12,1.707809174576269561e-12,1.327802912559139902e-12,1.246769467982198923e-12,1.059002567696613257e-12,1.294168312284338265e-12,1.285706895918435200e-12,1.434447587118533253e-12,1.411949509372191379e-12,1.640780821240594447e-12,1.627840363924952967e-12,1.313312072701956318e-12,1.390276502658386437e-12,1.284329629956073872e-12,1.395055152447330106e-12,2.097497342971642613e-12,2.854624725653215916e-12,1.210898812957477469e-12,1.396112247884052083e-12,1.429128038954858497e-12,1.521526333494640605e-12,1.691757885361778552e-12,1.442291090622141653e-12,1.435635122030896728e-12,1.332923460341569852e-12,1.329509310978943357e-12,2.009811731748580575e-12,2.610920033710937209e-12,4.091087285831636621e-12,1.129316874409904469e-12,1.191842097600683368e-12,1.427267102358502940e-12,1.848391632386564635e-12,2.169449600001133720e-12,1.563931718996367914e-12,1.376364744880013248e-12,1.202231669708489650e-12,1.360750472207544986e-12,1.906206516823833226e-12,3.489098676047465705e-12,4.220496394971079515e-12,1.147547786455567172e-12,1.072277531059535545e-12,1.285849614361805034e-12,1.474878261612755572e-12,1.641775368239667781e-12,1.411507453373941333e-12,1.540546853157774240e-12,1.545049677439817663e-12,1.589270858854853991e-12,2.698069581308766572e-12,5.412175869197412527e-12,8.969709643174520342e-13,1.087670067650144416e-12,1.602405871525699131e-12,1.466438950909223519e-12,1.837993766082197810e-12,1.471424568972349437e-12,1.875978132426642390e-12,3.072514147719632056e-12,2.539676761219077387e-12,3.333829735624937448e-12,1.791666367406402112e-12,3.383765334986810390e-12,3.624636423290081711e-12,3.444629457868192191e-12,5.998550408895780158e-12,3.593532870733410862e-12,3.905660537802168560e-12,8.606905082132817889e-04,9.115610023310520539e-12,6.064582299052156141e-12
1.312216467339939801e-12,1.734235933225889685e-12,1.404854111376444742e-12,1.435269639609782712e-12,1.546210532736917166e-12,1.447081575895751007e-12,1.456548984345095288e-12,1.741966105702046231e-12,1.354354682662769815e-12,1.271717398061866015e-12,1.080197611835502566e-12,1.320086785582487546e-12,1.311447120949814323e-12,1.463170993736707033e-12,1.440217249949850281e-12,1.673622705082074732e-12,1.660379820354165272e-12,1.339587605277334536e-12,1.418090348213416972e-12,1.310036761428918730e-12,1.422980725185541373e-12,2.139460771636084142e-12,2.911702580803580841e-12,1.235130658219052945e-12,1.424031319239901853e-12,1.457726124084284278e-12,1.551966718924559569e-12,1.725587004576708344e-12,1.471145410193312374e-12,1.464365343022513723e-12,1.359571893327945748e-12,1.356093729820907423e-12,2.049914294606783370e-12,2.663080052340823821e-12,4.172912851455285213e-12,1.151893004334753937e-12,1.215672360395205771e-12,1.455771096682558826e-12,1.885155671459009782e-12,2.212512143228430369e-12,1.595190592643012551e-12,1.403878158520936946e-12,1.226279262398165382e-12,1.387945928749891261e-12,1.944174046300233671e-12,3.558049473419856697e-12,4.304039405376544293e-12,1.170476402967030233e-12,1.093718752163687180e-12,1.311524412754227753e-12,1.504320308470805230e-12,1.674559490962668308e-12,1.439718312987413433e-12,1.571311575147172916e-12,1.575912919102274499e-12,1.621026077464327925e-12,2.751857861054688810e-12,5.518993909796598800e-12,9.149013416590988892e-13,1.109395364788307365e-12,1.634326017962228292e-12,1.495708582722348052e-12,1.874627612295249671e-12,1.500810751131627479e-12,1.913409933827347955e-12,3.133315540764931628e-12,2.590329324561855540e-12,3.400317797313555000e-12,1.827399320564785674e-12,3.449516393987550849e-12,3.695205474471563841e-12,3.512376755061420997e-12,6.091264750466158233e-12,3.664943493496865092e-12,3.983679172182536171e-12,8.606905080907787612e-04,9.236971444718303154e-12,6.178169189149989500e-12
1.338467987243259072e-12,1.768949951479613284e-12,1.432974018238130095e-12,1.463990821051310949e-12,1.577157029272722710e-12,1.476035706190451866e-12,1.485674726436304996e-12,1.776782069311721684e-12,1.381418295136883013e-12,1.297147799697096318e-12,1.101802952856716811e-12,1.346508556672571617e-12,1.337686388890474113e-12,1.492451748870040150e-12,1.469033017914508987e-12,1.707100634263578538e-12,1.693545405142718344e-12,1.366370915001475845e-12,1.446441557750761231e-12,1.336241755353069213e-12,1.451447327522416102e-12,2.182235056753084920e-12,2.969880322102811263e-12,1.259831299305859997e-12,1.452488708170693858e-12,1.486877376998200900e-12,1.582995285242596770e-12,1.760068194193072105e-12,1.500557184928038811e-12,1.493651468242575627e-12,1.386733486560950967e-12,1.383190474311559707e-12,2.090781815762671289e-12,2.716240916584327733e-12,4.256317913351590710e-12,1.174903717694211887e-12,1.239961738022288314e-12,1.484821115024002663e-12,1.922610798141169745e-12,2.256377949373512622e-12,1.627050662187253025e-12,1.431921058950350320e-12,1.250791057390430607e-12,1.415664205534385628e-12,1.982859761285755567e-12,3.628273335368278171e-12,4.389131728407821843e-12,1.193845260569687504e-12,1.115573209043677608e-12,1.337690572423630525e-12,1.534325157159588296e-12,1.707971279471847414e-12,1.468471607824875570e-12,1.602665483677377757e-12,1.607368038586877686e-12,1.653391089565709407e-12,2.806668002433853191e-12,5.627784159165186683e-12,9.331768131406061942e-13,1.131537150288250445e-12,1.666850226884975827e-12,1.525537360890470179e-12,1.911956590270205569e-12,1.530759887745147342e-12,1.951555708340171471e-12,3.195242151374393761e-12,2.641946100267863374e-12,3.468071383128365586e-12,1.863812497648539726e-12,3.516469431933916944e-12,3.767065029626645710e-12,3.581366089177542759e-12,6.186372694533108368e-12,3.737693209893472138e-12,4.063194625047661457e-12,8.606905079567501223e-04,9.362189301491562665e-12,6.293932568715008493e-12
1.365226665055940758e-12,1.804336509626445608e-12,1.461638624559505961e-12,1.493267673944594711e-12,1.608702672792774892e-12,1.505549653148441244e-12,1.515361912794596670e-12,1.812267565279890413e-12,1.409001858524899575e-12,1.323068471595405241e-12,1.123825262502946185e-12,1.373441963593584644e-12,1.364432889759987613e-12,1.522299044981229402e-12,1.498405805057122431e-12,1.741224980271343123e-12,1.727346922708763975e-12,1.393670172540718689e-12,1.475338764071192157e-12,1.362952729084107260e-12,1.480463801065997215e-12,2.225833235476574726e-12,3.029175330042049889e-12,1.285008330250428203e-12,1.481492954848275275e-12,1.516590749288239893e-12,1.614621488872433890e-12,1.795211778828019609e-12,1.530535369497545911e-12,1.523502511682117452e-12,1.414416314985169878e-12,1.410807646375427822e-12,2.132425581384534087e-12,2.770418006246767294e-12,4.341327654061124297e-12,1.198355837086998752e-12,1.264717477490480117e-12,1.514425457593101443e-12,1.960766098195025770e-12,2.301056798542039707e-12,1.659521312091986833e-12,1.460501744578575353e-12,1.275774472389791676e-12,1.443913441018194247e-12,2.022273609023484377e-12,3.699783339630622298e-12,4.475790364201865609e-12,1.217661156671301044e-12,1.137847439481434193e-12,1.364355515066700131e-12,1.564901239686953896e-12,1.742020238249253190e-12,1.497775791240192961e-12,1.634617519824486752e-12,1.639424100667141197e-12,1.686375317184787937e-12,2.862514624636877739e-12,5.738565955399542958e-12,9.518027927319784003e-13,1.154101788452274234e-12,1.699986901275402783e-12,1.555933625264833392e-12,1.949990567623056867e-12,1.561280539455615209e-12,1.990425986812865082e-12,3.258306160773914262e-12,2.694541094775275397e-12,3.537108845571764325e-12,1.900915716771859053e-12,3.584630421976934850e-12,3.840222160143299432e-12,3.651608025275879374e-12,6.283842879235228607e-12,3.811799046933629182e-12,4.144229839111274233e-12,8.606905078104768294e-04,9.491207921360828102e-12,6.411868165474327388e-12
1.392500618553154165e-12,1.840406572825526218e-12,1.490856806347334626e-12,1.523109186695559074e-12,1.640857174312679072e-12,1.535632431597860932e-12,1.545619406232167848e-12,1.848432994743078735e-12,1.437113407577870725e-12,1.349487162604652601e-12,1.146271178775046322e-12,1.400895313373623026e-12,1.391694785143697707e-12,1.552722033238461043e-12,1.528344558014510273e-12,1.776006047684067924e-12,1.761794067730470041e-12,1.421493491449750093e-12,1.504790535899590904e-12,1.390177756220587587e-12,1.510038938647554862e-12,2.270268245336297927e-12,3.089604820106450832e-12,1.310669303067820746e-12,1.511052523153005002e-12,1.546875132782233526e-12,1.646854713285592461e-12,1.831027979453383470e-12,1.561088850327349364e-12,1.553927428721671521e-12,1.442628374805864339e-12,1.438953273956693729e-12,2.174856656163052506e-12,2.825626457064515340e-12,4.427966906957458532e-12,1.222256119693946027e-12,1.289946761003382199e-12,1.544592306067828721e-12,1.999630348250068145e-12,2.346558033563668122e-12,1.692611819984565483e-12,1.489628427904748810e-12,1.301236869512977005e-12,1.472701682986253253e-12,2.062425263947376462e-12,3.772591685616696293e-12,4.564031329685591892e-12,1.241930809865553952e-12,1.160547926953339711e-12,1.391526553410658179e-12,1.596056851038489480e-12,1.776715725544429521e-12,1.527639222250797479e-12,1.667176492139717208e-12,1.672090046040521097e-12,1.719988062654731966e-12,2.919411981393164557e-12,5.851357213956223020e-12,9.707846526808502467e-13,1.177095561971592507e-12,1.733744223499490186e-12,1.586905574120583437e-12,1.988739174045147002e-12,1.592381143945752797e-12,2.030031096758537889e-12,3.322519005484887312e-12,2.748127995205320665e-12,3.607448142776622364e-12,1.938718596658499349e-12,3.654004268092021263e-12,3.914682793183377073e-12,3.723112187420878161e-12,6.383641510730632916e-12,3.887277357910631178e-12,4.226807352412977860e-12,8.606905076511887735e-04,9.623967153469181562e-12,6.531968922681484505e-12
1.420298003977689395e-12,1.877171153671080494e-12,1.520637469202005559e-12,1.553524373924309905e-12,1.673630316561084200e-12,1.566293084568955322e-12,1.576456098341517917e-12,1.885288789545238844e-12,1.465760981076458040e-12,1.376411640432312786e-12,1.169147353232086879e-12,1.428876963999038001e-12,1.419480256270832463e-12,1.583729920698172620e-12,1.558858270508266999e-12,1.811454200247027233e-12,1.796896534619445468e-12,1.449849001442643938e-12,1.534805460993230542e-12,1.417924940078355597e-12,1.540181574484066396e-12,2.315553066255832468e-12,3.151186014132260948e-12,1.336821783744491547e-12,1.541175881099490638e-12,1.577739449994967230e-12,1.679704370765535523e-12,1.867527036480154287e-12,1.592226536451051773e-12,1.584935208890267386e-12,1.471377654229252892e-12,1.467635382342221675e-12,2.218086034098672527e-12,2.881881436923559981e-12,4.516260978749246352e-12,1.246611308405512944e-12,1.315656760745060215e-12,1.575329798043635253e-12,2.039212116534042474e-12,2.392890692127950630e-12,1.726331455655838154e-12,1.519309310426091721e-12,1.327185613714047910e-12,1.502036959999407758e-12,2.103324246138451903e-12,3.846709954324087304e-12,4.653869973578251238e-12,1.266660907359484769e-12,1.183681143469089095e-12,1.419210948168368589e-12,1.627800226684551015e-12,1.812067055707824800e-12,1.558070243790214370e-12,1.700351165369489529e-12,1.705374782854916348e-12,1.754238608237172385e-12,2.977374219627795823e-12,5.966174940388972551e-12,9.901277299550863596e-13,1.200524715115396576e-12,1.768130239544297110e-12,1.618461345357987130e-12,2.028211915919798702e-12,1.624070096027165036e-12,2.070381291676245733e-12,3.387891624147869214e-12,2.802720406765393328e-12,3.679107072521472433e-12,1.977230811310835490e-12,3.724594880768904583e-12,3.990451865129163780e-12,3.795887375367104204e-12,6.485732418857107424e-12,3.964144114614629944e-12,4.310949921884218115e-12,8.606905074780569738e-04,9.760402624355706469e-12,6.654228629777586832e-12
1.448626899661021835e-12,1.914641197814227227e-12,1.550989466828250960e-12,1.584522188482481600e-12,1.707031799002638767e-12,1.597540584489001594e-12,1.607880776304273443e-12,1.922845228046960278e-12,1.494952500999284703e-12,1.403849586104259626e-12,1.192460373561869527e-12,1.457395209016949935e-12,1.447797421439546131e-12,1.615331835069501421e-12,1.589955852547447948e-12,1.847579687995251279e-12,1.832663851965503707e-12,1.478744735515794575e-12,1.565392020642347117e-12,1.446202304010327263e-12,1.570900454941585419e-12,2.361700514185916284e-12,3.213935874583733451e-12,1.363473261161460524e-12,1.571871375243894922e-12,1.609192521622324065e-12,1.713179754253002468e-12,1.904719031003095909e-12,1.623957224538454920e-12,1.616534741209733884e-12,1.500672018050549383e-12,1.496861879264103150e-12,2.262124401872735870e-12,2.939197770907631926e-12,4.606234707738402403e-12,1.271428042692661882e-12,1.341854544849254352e-12,1.606645897736020276e-12,2.079519560720968115e-12,2.440063241836318117e-12,1.760689327572239543e-12,1.549552460774352814e-12,1.353627976950354763e-12,1.531927162216297138e-12,2.144979707836095849e-12,3.922148597866808438e-12,4.745320375621316475e-12,1.291858016079282176e-12,1.207253471872132954e-12,1.447415800689112440e-12,1.660139405493894814e-12,1.848083332644386236e-12,1.589077055101183906e-12,1.734150112049505949e-12,1.739287037242715588e-12,1.789136058814370297e-12,3.036414994268751537e-12,6.083034319819742088e-12,1.009837289716760148e-12,1.224395369865597919e-12,1.803152695910351590e-12,1.650608875284090222e-12,2.068417975023569223e-12,1.656355611031875495e-12,2.111486541713705239e-12,3.454433998820736645e-12,2.858331501158208011e-12,3.752102887207298613e-12,2.016461777680317507e-12,3.796404800852895715e-12,4.067532849240086948e-12,3.869941178343649262e-12,6.590076488339560168e-12,4.042414404156599596e-12,4.396679761024007336e-12,8.606905072901940108e-04,9.900444880642339672e-12,6.778637808546672654e-12
1.477495319604790632e-12,1.952827592107812521e-12,1.581921604361032205e-12,1.616111524995017670e-12,1.741071263535183714e-12,1.629383838679131690e-12,1.639902138146466621e-12,1.961112459227651807e-12,1.524695781783222458e-12,1.431808603944597083e-12,1.216216768441648024e-12,1.486458294083823654e-12,1.476654338679613528e-12,1.647536843881506835e-12,1.621646147619450393e-12,1.884392673630661607e-12,1.869105398173064655e-12,1.508188639687141351e-12,1.596558601859679948e-12,1.475017802986397319e-12,1.602204255444674659e-12,2.408723265098061743e-12,3.277871125150338753e-12,1.390631151948519616e-12,1.603147240588803187e-12,1.641243081549442960e-12,1.747290054551365782e-12,1.942613905679818075e-12,1.656289613373495237e-12,1.648734830451279717e-12,1.530519214341511419e-12,1.526640562244193555e-12,2.306982156047046474e-12,2.997589997650710886e-12,4.697912599974445459e-12,1.296712860945814943e-12,1.368547080623315761e-12,1.638548399443109544e-12,2.120560420948493035e-12,2.488083571295412335e-12,1.795694395355877362e-12,1.580365821820876388e-12,1.380571143537187287e-12,1.562380046898242018e-12,2.187400435246275335e-12,3.998916929128510066e-12,4.838395336568770120e-12,1.317528582494612512e-12,1.231271206674096018e-12,1.476148052109280281e-12,1.693082232264229824e-12,1.884773459241557686e-12,1.620667719040286571e-12,1.768581718993568850e-12,1.773835361590121714e-12,1.824689353128740390e-12,3.096547506608651198e-12,6.201948730860136729e-12,1.029918516867023776e-12,1.248713523953308203e-12,1.838819036095926224e-12,1.683355901967141585e-12,2.109366212562891740e-12,1.689245729569442086e-12,2.153356545728827919e-12,3.522155154201550463e-12,2.914974052226253184e-12,3.826452315216994114e-12,2.056420614720169108e-12,3.869435107167011621e-12,4.145927683759554059e-12,3.945279906970963507e-12,6.696631467666631850e-12,4.122102446193132033e-12,4.484018637261391243e-12,8.606905070866249698e-04,1.004401920731056267e-11,6.905183785417914537e-12
1.506911190527777469e-12,1.991741137724280656e-12,1.613442616463451589e-12,1.648301195749510249e-12,1.775758269264466061e-12,1.661831665160333361e-12,1.672528766020601488e-12,2.000100468403661333e-12,1.554998502649030241e-12,1.460296198128190819e-12,1.240422988321171626e-12,1.516074395681490897e-12,1.506058983834004963e-12,1.680353930685390921e-12,1.653937908507595128e-12,1.921903203452669597e-12,1.906230366231739156e-12,1.538188547879242905e-12,1.628313470623039969e-12,1.504379300716518647e-12,1.634101555916379605e-12,2.456633814067032666e-12,3.343008190580541844e-12,1.418302778130607312e-12,1.635011572008682682e-12,1.673899750399550676e-12,1.782044331227657868e-12,1.981221429912262886e-12,1.689232276096130395e-12,1.681544170834872288e-12,1.560926846107923865e-12,1.556979090947874963e-12,2.352669349393290424e-12,3.057072308746045707e-12,4.791318760308167183e-12,1.322472175979244280e-12,1.395741209488666510e-12,1.671044892776152262e-12,2.162341956531339122e-12,2.536958908080621479e-12,1.831355435457364088e-12,1.611757180901408984e-12,1.408022186286302225e-12,1.593403208114581513e-12,2.230594789083796849e-12,4.077022970600599553e-12,4.933106202536955666e-12,1.343678906165900774e-12,1.255740531697119154e-12,1.505414451279891441e-12,1.726636320012501068e-12,1.922146096917459359e-12,1.652850130821476060e-12,1.803654149583864201e-12,1.809028097954055321e-12,1.860907227421438773e-12,3.157784426114679220e-12,6.322929504724014052e-12,1.050376496255501812e-12,1.273485024645072081e-12,1.875136350746998557e-12,1.716709926978662695e-12,2.151065114811765488e-12,1.722748281748500439e-12,2.196000681113357803e-12,3.591063029121084471e-12,2.972660365259281647e-12,3.902171466483595361e-12,2.097116083382119637e-12,3.943685238906785228e-12,4.225636583462529618e-12,4.021908430826985043e-12,6.805351656736543177e-12,4.203221463635625653e-12,4.572987784065027312e-12,8.606905068663279904e-04,1.019104523872137292e-11,7.033850503233226314e-12
1.536882326608360148e-12,2.031392519764024406e-12,1.645561142469561330e-12,1.681099904243170898e-12,1.811102264578728225e-12,1.694892765706387365e-12,1.705769096172793831e-12,2.039819038709369899e-12,1.585868176946247478e-12,1.489319746476827155e-12,1.265085383926432309e-12,1.546251597369001726e-12,1.536019226000927829e-12,1.713791968327465638e-12,1.686839770149055824e-12,1.960121174520760517e-12,1.944047724223004250e-12,1.568752153871443752e-12,1.660664741913173583e-12,1.534294544021751769e-12,1.666600813143158222e-12,2.505444429958924351e-12,3.409363130073083461e-12,1.446495342245181846e-12,1.667472292301272193e-12,1.707171005862786436e-12,1.817451479935007738e-12,2.020551160706172582e-12,1.722793629029624334e-12,1.714971316448638603e-12,1.591902339642082190e-12,1.587884956310987333e-12,2.399195630970004430e-12,3.117658480554211855e-12,4.886476811095907937e-12,1.348712247887553888e-12,1.423443619087028551e-12,1.704142723929890825e-12,2.204870876040138599e-12,2.586695728423673727e-12,1.867681002741756123e-12,1.643734136587840585e-12,1.435988039923440378e-12,1.625004042950690845e-12,2.274570638617266992e-12,4.156473289340270309e-12,5.029462672924967539e-12,1.370315110260304859e-12,1.280667495240760008e-12,1.535221519116763991e-12,1.760809007987615337e-12,1.960209620444832255e-12,1.685631983112366140e-12,1.839375301712549723e-12,1.844873337212460530e-12,1.897798174789050373e-12,3.220137803232167845e-12,6.445985662809397863e-12,1.071216190946017240e-12,1.298715539730024196e-12,1.912111322664836390e-12,1.750678173008506256e-12,2.193522732700687678e-12,1.756870847293837076e-12,2.239427947831828256e-12,3.661164335705813547e-12,3.031402198032062850e-12,3.979275727845730660e-12,2.138556532900329067e-12,4.019152804411824237e-12,4.306657837139800923e-12,4.099830002107122562e-12,6.916187571719079432e-12,4.285783540345027903e-12,4.663607802579829412e-12,8.606905066281702980e-04,1.034143653282985380e-11,7.164618199752764672e-12
1.567416401660017942e-12,2.071792273497317063e-12,1.678285698948437006e-12,1.714516216105157328e-12,1.847112556373246532e-12,1.728575695927226240e-12,1.739631385646269994e-12,2.080277708413017713e-12,1.617312118336396278e-12,1.518886471504789709e-12,1.290210182475016840e-12,1.576997863611250331e-12,1.566542800226113040e-12,1.747859689280459020e-12,1.720360219510802274e-12,1.999056298220496255e-12,1.982566171513545109e-12,1.599886980208636594e-12,1.693620346478679619e-12,1.564771134420817601e-12,1.699710330193393316e-12,2.555167105485791391e-12,3.476951563541686696e-12,1.475215899745614804e-12,1.700537116765847049e-12,1.741065149779997017e-12,1.853520196138496411e-12,2.060612399235628784e-12,1.756981897111015102e-12,1.749024648446397706e-12,1.623452909449507322e-12,1.619365446322675281e-12,2.446570179818466256e-12,3.179361798447842962e-12,4.983409797974586023e-12,1.375439154065552278e-12,1.451660812398049142e-12,1.737848952813718782e-12,2.248153260472691929e-12,2.637299658350698760e-12,1.904679387887925057e-12,1.676304061860469387e-12,1.464475471652690916e-12,1.657189714075577084e-12,2.319335288980802937e-12,4.237272817519871751e-12,5.127472591318281501e-12,1.397443108928125800e-12,1.306057982599330737e-12,1.565575509169021740e-12,1.795607315221561463e-12,1.998972067923568309e-12,1.719020727350922521e-12,1.875752761206316521e-12,1.881378873816077921e-12,1.935370400132230850e-12,3.283618973087125357e-12,6.571123632002763691e-12,1.092442418291219420e-12,1.324410525507172291e-12,1.949750166240867310e-12,1.785267537077039205e-12,2.236746615147964074e-12,1.791620711391281520e-12,2.283646906511642619e-12,3.732464405933014888e-12,3.091210673470240224e-12,4.057779647784964914e-12,2.180749848685420061e-12,4.095833376005580465e-12,4.388987589978753014e-12,4.179046064891295341e-12,7.029085586955041223e-12,4.369799465057329346e-12,4.755898551369996010e-12,8.606905063709566683e-04,1.049510011002040257e-11,7.297463065074769736e-12
1.598520918291350023e-12,2.112950747046059098e-12,1.711624649326796746e-12,1.748558526957504674e-12,1.883798276072439992e-12,1.762888832089479174e-12,1.774123675445359836e-12,2.121485723734322015e-12,1.649337403352718959e-12,1.549003408439022935e-12,1.315803461377863752e-12,1.608321010942011310e-12,1.597637277226143450e-12,1.782565652729998601e-12,1.754507562190528801e-12,2.038718059962448698e-12,2.021794090257035338e-12,1.631600343733266588e-12,1.727187994007653722e-12,1.595816496656081943e-12,1.733438222622721813e-12,2.605813501962804053e-12,3.545788589884235805e-12,1.504471328413913235e-12,1.734213513956187397e-12,1.775590271648975690e-12,1.890258934922657741e-12,2.101414142761938613e-12,1.791805075631116391e-12,1.783712338752009363e-12,1.655585519409300364e-12,1.651427608122938445e-12,2.494801631761966804e-12,3.242194972939239028e-12,5.082140082721128843e-12,1.402658756077600992e-12,1.480399073524422377e-12,1.772170305637067734e-12,2.292194478963643012e-12,2.688775365622661266e-12,1.942358570221685169e-12,1.709474063321380158e-12,1.493491048526284167e-12,1.689967108295167374e-12,2.364895401202831198e-12,4.319424657582034475e-12,5.227141718104248876e-12,1.425068571254380067e-12,1.331917685618652944e-12,1.596482364025435180e-12,1.831037889202026128e-12,2.038441085483066052e-12,1.753023530923356509e-12,1.912793750326124151e-12,1.918552155723337953e-12,1.973631770281471947e-12,3.348238449379643008e-12,6.698346936077804581e-12,1.114059823500131012e-12,1.350575191403780487e-12,1.988058560852509353e-12,1.820484538895291052e-12,2.280743735615789971e-12,1.827004815854892034e-12,2.328665610085075185e-12,3.804967024704479620e-12,3.152096183269727755e-12,4.137696809373752671e-12,2.223703394726651146e-12,4.173720270099723757e-12,4.472619610105289264e-12,4.259556049041957454e-12,7.143987553986632844e-12,4.455278560487221934e-12,4.849879023315923455e-12,8.606905060933573272e-04,1.065193595637236481e-11,7.432356861837241178e-12
1.630203173728833703e-12,2.154878060117391766e-12,1.745586170269899590e-12,1.783235026815960266e-12,1.921168342029134781e-12,1.797840334332784135e-12,1.809253749793956432e-12,2.163451986663235696e-12,1.681950829931752785e-12,1.579677369849302724e-12,1.341871119148044981e-12,1.640228676078401799e-12,1.629310029856826576e-12,1.817918208105872567e-12,1.789289885407352884e-12,2.079115674602748185e-12,2.061739491751887845e-12,1.663899317391300529e-12,1.761375132348718128e-12,1.627437843852914867e-12,1.767792381109252517e-12,2.657394888111565407e-12,3.615888696398640912e-12,1.534268294465546479e-12,1.768508662227333057e-12,1.810754208218343656e-12,1.927675866493917749e-12,2.142965031439510658e-12,1.827270887902722510e-12,1.819042309902650467e-12,1.688306839801696187e-12,1.684078206044722089e-12,2.543897998648373704e-12,3.306170046943907178e-12,5.182689222617279547e-12,1.430376662999658188e-12,1.509664429805983156e-12,1.807113122511651439e-12,2.336999096389231947e-12,2.741126441729361161e-12,1.980726165528554992e-12,1.743250936055198202e-12,1.523041101303623084e-12,1.723342790697344882e-12,2.411256904284853527e-12,4.402929870811064915e-12,5.328473483342789572e-12,1.453196881421160879e-12,1.358252068977590966e-12,1.627947667154725454e-12,1.867106949200802532e-12,2.078623866200939438e-12,1.787647229795834031e-12,1.950505070871029745e-12,1.956400229071697361e-12,2.012589758845454534e-12,3.414005807516095765e-12,6.827655861340755692e-12,1.136072850397726911e-12,1.377214460860376258e-12,2.027041577627081110e-12,1.856335263860215553e-12,2.325520411270302524e-12,1.863029705159210922e-12,2.374491528373767184e-12,3.878674248399068767e-12,3.214068281668521354e-12,4.219039690241618636e-12,2.267423946682517739e-12,4.252804311661907186e-12,4.557545038279805202e-12,4.341357147696235313e-12,7.260830397764283174e-12,4.542228496302976095e-12,4.945567208577261851e-12,8.606905057939531626e-04,1.081183649159595777e-11,7.569266501912395649e-12
1.662470221950357154e-12,2.197584058329058422e-12,1.780178214593661957e-12,1.818553660632641236e-12,1.959231417864853468e-12,1.833438105904672924e-12,1.845029091041764981e-12,2.206184997226669651e-12,1.715158871512250594e-12,1.610914906489506202e-12,1.368418843198417831e-12,1.672728280592824693e-12,1.661568195964513279e-12,1.853925454704655727e-12,1.824715017036315704e-12,2.120258037105275483e-12,2.102409957122478748e-12,1.696790687951096642e-12,1.796188902377979486e-12,1.659642138953221845e-12,1.802780430099084973e-12,2.709922072240400081e-12,3.687265658413156078e-12,1.564613214986347372e-12,1.803429401654262854e-12,1.846564498757138039e-12,1.965778826939153147e-12,2.185273289478291208e-12,1.863386738423160559e-12,1.855022190610811367e-12,1.721623199769166443e-12,1.717323675200192549e-12,2.593866579328126604e-12,3.371298293285439139e-12,5.285077835376793265e-12,1.458598190855788975e-12,1.539462609903570408e-12,1.842683299581289763e-12,2.382570772167123757e-12,2.794355273128224689e-12,2.019789368358736763e-12,1.777641113704603499e-12,1.553131684442004588e-12,1.757322953943502503e-12,2.458424898634314248e-12,4.487787248089351153e-12,5.431468718281763212e-12,1.481833094685706392e-12,1.385066332873314060e-12,1.659976589729845085e-12,1.903820223736247747e-12,2.119527082669806739e-12,1.822898276141948737e-12,1.988893041345755485e-12,1.994929677046510344e-12,2.052251385246596694e-12,3.480929555993310405e-12,6.959047094646232076e-12,1.158485709076692227e-12,1.404332928093709620e-12,2.066703598966227119e-12,1.892825300150707053e-12,2.371082214059664893e-12,1.899701466840694595e-12,2.421131464951905346e-12,3.953586207795277943e-12,3.277135568412636301e-12,4.301819508266682346e-12,2.311917614576587999e-12,4.333073582219329340e-12,4.643752119784377330e-12,4.424444077245410860e-12,7.379545690090283300e-12,4.630655084610997366e-12,5.042979942309377876e-12,8.606905054711907295e-04,1.097468600192137827e-11,7.708153585697671267e-12
1.695328831732893480e-12,2.241078262605596578e-12,1.815408469924238578e-12,1.854522084545004346e-12,1.997995866297833986e-12,1.869689747983895225e-12,1.881456829754912978e-12,2.249692789595407903e-12,1.748967626224784493e-12,1.642722263934115688e-12,1.395452074188899793e-12,1.705826991744105487e-12,1.694418637239238971e-12,1.890595196995073057e-12,1.860790480257998264e-12,2.162153667923339534e-12,2.143812571738200463e-12,1.730280909210417709e-12,1.831636088055104250e-12,1.692436052023825149e-12,1.838409682009248058e-12,2.763405327085689833e-12,3.759932428122817546e-12,1.595512216325120643e-12,1.838982180848937514e-12,1.883028335550947356e-12,2.004575263729378221e-12,2.228346660055196597e-12,1.900159661035088238e-12,1.891659266571864842e-12,1.755540534758190626e-12,1.751170070138877384e-12,2.644713861547101015e-12,3.437590101464825141e-12,5.389325448458772099e-12,1.487328317739274475e-12,1.569798997431624659e-12,1.878886225141438319e-12,2.428912149513467981e-12,2.848462900879819490e-12,2.059554888245080552e-12,1.812650613272361627e-12,1.583768531827153949e-12,1.791913362230778669e-12,2.506403550064920282e-12,4.573993061588496374e-12,5.536125363909806476e-12,1.510981888737836981e-12,1.412365371747361975e-12,1.692573831954195977e-12,1.941182881603790420e-12,2.161156812576678017e-12,1.858782680454347989e-12,2.027963427618965024e-12,2.034146552378334293e-12,2.092623147375523760e-12,3.549016994884919910e-12,7.092513331806617974e-12,1.181302340196720637e-12,1.431934810340204248e-12,2.107048230160428632e-12,1.929959669333350950e-12,2.417433872963031335e-12,1.937025665708730730e-12,2.468591465533694309e-12,4.029700894230573353e-12,3.341305559913214263e-12,4.386046051635123640e-12,2.357189755136210228e-12,4.414513150505565822e-12,4.731225917543705400e-12,4.508808818687124555e-12,7.500059200569728922e-12,4.720562056464859767e-12,5.142132735640577133e-12,8.606905051233742273e-04,1.114036003880798058e-11,7.848973909876261517e-12
1.728785440141789239e-12,2.285369813111622391e-12,1.851284313113132916e-12,1.891147617400994147e-12,2.037469697960195257e-12,1.906602509632269234e-12,1.918543689449118363e-12,2.293982861364921521e-12,1.783382760672622317e-12,1.675105334555421047e-12,1.422975966539140857e-12,1.739531679074291555e-12,1.727867893635417495e-12,1.927934895129231223e-12,1.897523443344108719e-12,2.204810652496792318e-12,2.185953852712321787e-12,1.764376050208720875e-12,1.867723061145526677e-12,1.725825912982264666e-12,1.874687086495885835e-12,2.817854306542082822e-12,3.833901011529784017e-12,1.626971088007688669e-12,1.875172998129766941e-12,1.920152509099955163e-12,2.044072175408352004e-12,2.272192333312590374e-12,1.937596261543113597e-12,1.928960425989466476e-12,1.790064328389345318e-12,1.785623008068126969e-12,2.696445413891177702e-12,3.505054852574201684e-12,5.495450331453576059e-12,1.516571634171642113e-12,1.600678579692842382e-12,1.915726709152440125e-12,2.476024734346345333e-12,2.903448867767920191e-12,2.100028879209511682e-12,1.848284974101657541e-12,1.614957007793172384e-12,1.827119289360424504e-12,2.555195973528134242e-12,4.661540796082444350e-12,5.642438154833545576e-12,1.540647509960305590e-12,1.440153728634684327e-12,1.725743558342811488e-12,1.979199455838593742e-12,2.203518456590596871e-12,1.895305947567275565e-12,2.067721366405334522e-12,2.074056302816024551e-12,2.133710947193823645e-12,3.618274060260270776e-12,7.228042854418045964e-12,1.204526375455517464e-12,1.460023895125881763e-12,2.148078202390909865e-12,1.967742749857936401e-12,2.464579166601617382e-12,1.975007271244616301e-12,2.516876717072004350e-12,4.107013927814630799e-12,3.406584547447086785e-12,4.471727491772219171e-12,2.403244873902511620e-12,4.497104784949545525e-12,4.819948005532272725e-12,4.594440339229468410e-12,7.622290425555149738e-12,4.811950817851574597e-12,5.243039588362431115e-12,8.606905047486553082e-04,1.130872478433461914e-11,7.991676944969013185e-12
1.762846100992862785e-12,2.330467407103890086e-12,1.887812759745058602e-12,1.928437187049999007e-12,2.077660514650245246e-12,1.944183232350212767e-12,1.956295925397349339e-12,2.339062095286711876e-12,1.818409447727538775e-12,1.708069604339321823e-12,1.450995344699827218e-12,1.773848866316784930e-12,1.761922132887147192e-12,1.965951610128254515e-12,1.934920664045095813e-12,2.248236574231994469e-12,2.228839668749220513e-12,1.799081737910572225e-12,1.904455720041136744e-12,1.759817659244536926e-12,1.911619174254986347e-12,2.873277953431234926e-12,3.909182332255493411e-12,1.658995231709773857e-12,1.912007336448758986e-12,1.957943347442140200e-12,2.084276044822352441e-12,2.316816866704305834e-12,1.975702654191700664e-12,1.966932099250306563e-12,1.825199548198812278e-12,1.820687606055009964e-12,2.749065766808926079e-12,3.573700781146522306e-12,5.603469310009785044e-12,1.546332288211580550e-12,1.632105890985284766e-12,1.953208905475449046e-12,2.523908762996013108e-12,2.959311051970030835e-12,2.141216861854817948e-12,1.884549190428822404e-12,1.646702052928558453e-12,1.862945450314250733e-12,2.604804105674627338e-12,4.750420858557453597e-12,5.750398276809933408e-12,1.570833714083551863e-12,1.468435544683702940e-12,1.759489326361898577e-12,2.017873759914507969e-12,2.246616647798150685e-12,1.932473005962200987e-12,2.108171280861283703e-12,2.114663688863829289e-12,2.175520008567921844e-12,3.688705153213635018e-12,7.365619073071410371e-12,1.228161093981078553e-12,1.488603482075860000e-12,2.189795266387712034e-12,2.006178192756171380e-12,2.512520805330307377e-12,2.013650577510001552e-12,2.565991436675666533e-12,4.185518306462737841e-12,3.472977441189389257e-12,4.558870177567516560e-12,2.450086517176415227e-12,4.580826647209269586e-12,4.909896141581814117e-12,4.681324293030688853e-12,7.746152095582788550e-12,4.904820183529271136e-12,5.345712781702422194e-12,8.606905043450079236e-04,1.147963638460126275e-11,8.136205285937607111e-12
1.797516427747163502e-12,2.376379229977722889e-12,1.925000408122922708e-12,1.966397270763306337e-12,2.118575446461998114e-12,1.982438288620946056e-12,1.994719256874633223e-12,2.384936672678837328e-12,1.854052297723070936e-12,1.741620094018812149e-12,1.479514654732423354e-12,1.808784678128805988e-12,1.796587094551510407e-12,2.004651943152545434e-12,1.972988427980909680e-12,2.292438440266697996e-12,2.272475151573192162e-12,1.834403093766477280e-12,1.941839422043759691e-12,1.794416777743042890e-12,1.949211994771043467e-12,2.929684397340868188e-12,3.985786080780378792e-12,1.691589604733265836e-12,1.949490091420602304e-12,1.996406648975250506e-12,2.125192765218826487e-12,2.362226096901944753e-12,2.014484391354403790e-12,2.005580192121417420e-12,1.860950574598659874e-12,1.856368411591945506e-12,2.802578281715855738e-12,3.643534822662330118e-12,5.713397559247081622e-12,1.576613924797578572e-12,1.664084949928763860e-12,1.991336226135159298e-12,2.572563057827560295e-12,3.016045486318834631e-12,2.183123637285133142e-12,1.921447636847536155e-12,1.679008124116780587e-12,1.899395925675962298e-12,2.655228565295054765e-12,4.840620264838444617e-12,5.859992995860796767e-12,1.601543700668654937e-12,1.497214503342506812e-12,1.793814007785054657e-12,2.057208795451186783e-12,2.290455151868767756e-12,1.970288129672457126e-12,2.149316787530672464e-12,2.155972693022098722e-12,2.218054786556319563e-12,3.760312952188923309e-12,7.505220034624037428e-12,1.252209374087932012e-12,1.517676318729893763e-12,2.232200075944465133e-12,2.045268828831397560e-12,2.561260301893903628e-12,2.052959114831090752e-12,2.615938749393330415e-12,4.265204134559046177e-12,3.540487598810157457e-12,4.647478409183123072e-12,2.497717153535563763e-12,4.665652965985544534e-12,5.001043918827258088e-12,4.769442699878396236e-12,7.871549662268331393e-12,4.999166087060687281e-12,5.450162649145283106e-12,8.606905039102060980e-04,1.165294025265231179e-11,8.282494090367622046e-12
1.832801530199808486e-12,2.423112878965805371e-12,1.962853377300624141e-12,2.005033829400245204e-12,2.160221081991189651e-12,2.021373513882124198e-12,2.033818792139599125e-12,2.431611977572430635e-12,1.890315282303857453e-12,1.775761293847273934e-12,1.508537910679537393e-12,1.844344780995542531e-12,1.831868028082937706e-12,2.044041968229667012e-12,2.011732480403771181e-12,2.337422599212104243e-12,2.316864598062850558e-12,1.870344663514611895e-12,1.979878908430037146e-12,1.829628240711936606e-12,1.987471047333502529e-12,2.987080841486315355e-12,4.063720547747122600e-12,1.724758657466817664e-12,1.987625491751613739e-12,2.035547608084994546e-12,2.166827558450221639e-12,2.408425042370165232e-12,2.053946385707545740e-12,2.044910011764244277e-12,1.897321122373887429e-12,1.892669325839098664e-12,2.856985007046171510e-12,3.714562445257380635e-12,5.825248373966304048e-12,1.607419618664404591e-12,1.696619190203975904e-12,2.030111246825794197e-12,2.621984869845394214e-12,3.073646162103638053e-12,2.225753192035380917e-12,1.958983985972303309e-12,1.711879128221000584e-12,1.936474078181869433e-12,2.706468500628098091e-12,4.932122301629057804e-12,5.971205257699871360e-12,1.632780040792929538e-12,1.526493768669583187e-12,1.828719702070500257e-12,2.097206650604875209e-12,2.335036757036180303e-12,2.008754852041182738e-12,2.191160593791155330e-12,2.197986419689952391e-12,2.261318867302541622e-12,3.833098206975730090e-12,7.646817891857798621e-12,1.276673640059439523e-12,1.547244529721652319e-12,2.275292060300342646e-12,2.085016566400041447e-12,2.610797829636788893e-12,2.092935552462024759e-12,2.666720553841075460e-12,4.346058329941488127e-12,3.609116637193130888e-12,4.737554189365576763e-12,2.546138039614339048e-12,4.751553690434546403e-12,5.093360394648393314e-12,4.858773600785472174e-12,7.998380765096358515e-12,5.094981264936054666e-12,5.556397323351298281e-12,8.606905034418031123e-04,1.182847034254123829e-11,8.430470437035464550e-12
1.868705944478375648e-12,2.470675278554623121e-12,2.001377238392941593e-12,2.044352234424800115e-12,2.202603391218055949e-12,2.060994131185192992e-12,2.073598945403742421e-12,2.479092490787705998e-12,1.927201650400631935e-12,1.810497091511134040e-12,1.538068635222363585e-12,1.880534317890946412e-12,1.867769624257867138e-12,2.084127157669121338e-12,2.051157950566566965e-12,2.383194650061873680e-12,2.362011362139035353e-12,1.906910339465135761e-12,2.018578221512301851e-12,1.865456434567376918e-12,2.026401204678270421e-12,3.045473437604415308e-12,4.142992439725200357e-12,1.758506264188051679e-12,2.026417011234545388e-12,2.075370732779152101e-12,2.209184884428728143e-12,2.455417795655151432e-12,2.094092824121129516e-12,2.084926184834045256e-12,1.934314153937235158e-12,1.929593518768264083e-12,2.912286520038764876e-12,3.786787463966000338e-12,5.939032915111143888e-12,1.638751800401224894e-12,1.729711383988663840e-12,2.069535602788092195e-12,2.672169707238758657e-12,3.132104816365425811e-12,2.269108593059041663e-12,1.997161117465335986e-12,1.745318348711085327e-12,1.974182460582066420e-12,2.758521422385580016e-12,5.024906163153544223e-12,6.084013255739381271e-12,1.664544597328533297e-12,1.556275917140841061e-12,1.864207640974953482e-12,2.137868388262748913e-12,2.380363152928252052e-12,2.047875870490500082e-12,2.233704384871856325e-12,2.240706984800360290e-12,2.305314857545106522e-12,3.907059512976707495e-12,7.790378334093471945e-12,1.301555803339080502e-12,1.577309538846725169e-12,2.319069284869522966e-12,2.125422279071949789e-12,2.661132067176398516e-12,2.133581591324991387e-12,2.718337374492975853e-12,4.428064307855503323e-12,3.678864225697675100e-12,4.829096950926230592e-12,2.595349073500987690e-12,4.838494123060515387e-12,5.186809697383537671e-12,4.949290689836794319e-12,8.126534680845619938e-12,5.192254913653795202e-12,5.664422457392715094e-12,8.606905029370973516e-04,1.200604839880645512e-11,8.580052666593308411e-12
1.905233555365474308e-12,2.519072586570305101e-12,2.040576938328713021e-12,2.084357186978395787e-12,2.245727639778955101e-12,2.101304667650974246e-12,2.114063344927936386e-12,2.527381672732185637e-12,1.964713835219553332e-12,1.845830692250893688e-12,1.568109793956012756e-12,1.917357835726755982e-12,1.904295939138234385e-12,2.124912299440861646e-12,2.091269267960472681e-12,2.429759341274436808e-12,2.407917735448971753e-12,1.944103274557574329e-12,2.057940612905488504e-12,1.901905081155383654e-12,2.066006628364864173e-12,3.104867147284128000e-12,4.223606675289766572e-12,1.792835646412040858e-12,2.065867271528392847e-12,2.115879753549227964e-12,2.252268340973111575e-12,2.503207404371107818e-12,2.134927072390792851e-12,2.125632566795874024e-12,1.971931783559660409e-12,1.967143335440614256e-12,2.968481753113244172e-12,3.860211836082393394e-12,6.054759929880832416e-12,1.670612174687281634e-12,1.763363557426996529e-12,2.109609874242310499e-12,2.723111149035105885e-12,3.191410701812851161e-12,2.313191871886057211e-12,2.035981017653637082e-12,1.779328364564337984e-12,2.012522714026256416e-12,2.811383021571104334e-12,5.118946560618328642e-12,6.198389965037456687e-12,1.696838437039223820e-12,1.586562862340399876e-12,1.900278083663199230e-12,2.179193923180537050e-12,2.426434797259171105e-12,2.087652941484052791e-12,2.276948699546734472e-12,2.284135394281461489e-12,2.350044262863778108e-12,3.982193063986854899e-12,7.935859975195375435e-12,1.326857197559137295e-12,1.607871983140890277e-12,2.363528298918774728e-12,2.166485682220891250e-12,2.712260028554296148e-12,2.174897845983959692e-12,2.770788199622770018e-12,4.511201641059734748e-12,3.749727859631235041e-12,4.922103257429256490e-12,2.645348636626803278e-12,4.926434530995875447e-12,5.281350609251011318e-12,5.040962920646892992e-12,8.255891755730372124e-12,5.290972317061593050e-12,5.774240917371773884e-12,8.606905023931115967e-04,1.218548318157017253e-11,8.731149715534845944e-12
1.942387510330898117e-12,2.568310090091798833e-12,2.080456715371293270e-12,2.125052628288998977e-12,2.289598294010995963e-12,2.142308861940208485e-12,2.155214731310236123e-12,2.576481833855323671e-12,2.002853351566964836e-12,1.881764530512241975e-12,1.598663722652212324e-12,1.954819204994381120e-12,1.941450309865727169e-12,2.166401405577653969e-12,2.132070069487710671e-12,2.477120458987599384e-12,2.454584815662573388e-12,1.981925787256555060e-12,2.097968442041998764e-12,1.938977150536188585e-12,2.106290675063464999e-12,3.165265588608489653e-12,4.305566159752663389e-12,1.827749288093508708e-12,2.105977934721488912e-12,2.157077522466824925e-12,2.296080552983261171e-12,2.551795739685159202e-12,2.176451569847760335e-12,2.167032141532977569e-12,2.010175171622534181e-12,2.005320192473672121e-12,3.025567803349146403e-12,3.934835435550438305e-12,6.172435442413395175e-12,1.703001630113282835e-12,1.797576897264038659e-12,2.150333460320316246e-12,2.774800642659222229e-12,3.251550338103501369e-12,2.358003896791579741e-12,2.075444668724021317e-12,1.813910960592088573e-12,2.051495455979330888e-12,2.865046970723237192e-12,5.214213303505177583e-12,6.314302641338529787e-12,1.729661733738602067e-12,1.617355771774344044e-12,1.936930201372228438e-12,2.221181886987473472e-12,2.473250769195349546e-12,2.128086764648721418e-12,2.320892793371229652e-12,2.328271410212950762e-12,2.395507353457103469e-12,4.058492381911013001e-12,8.083213698630437667e-12,1.352578506886174617e-12,1.638931618358599066e-12,2.408663969493991634e-12,2.208205197440259700e-12,2.764176877553771765e-12,2.216883714764088922e-12,2.824070303479260873e-12,4.595445694532316879e-12,3.821702611969006245e-12,5.016566475451519732e-12,2.696133420558435224e-12,5.015329735939266943e-12,5.376936125774130883e-12,5.133754087160946773e-12,8.386322823238107486e-12,5.391114442502004153e-12,5.885852443760557462e-12,8.606905018065272132e-04,1.236656967266338572e-11,8.883660411245500195e-12
1.980170123801392376e-12,2.618392089199527495e-12,2.121020004919432716e-12,2.166441639776445012e-12,2.334218914793746294e-12,2.184009561211252455e-12,2.197054844237821671e-12,2.626393990515593107e-12,2.041620681917258618e-12,1.918300171640603160e-12,1.629732046355872508e-12,1.992921530015806772e-12,1.979235260953802381e-12,2.208597609890678887e-12,2.173563095890679053e-12,2.525280702234831504e-12,2.502012360389864589e-12,2.020379255803176758e-12,2.138663063294428065e-12,1.976674763831458894e-12,2.147255792041268286e-12,3.226670865467547723e-12,4.388871534688822384e-12,1.863248841402478891e-12,2.146749584049991305e-12,2.198965900818188583e-12,2.340623049084813025e-12,2.601183350159292796e-12,2.218667712107439154e-12,2.209126909499362881e-12,2.049044407389397916e-12,2.044124463185215063e-12,3.083539722655444854e-12,4.010655802789942675e-12,6.292062408230123899e-12,1.735920139299343426e-12,1.832351647368351241e-12,2.191704439924088104e-12,2.827227283709211299e-12,3.312507242702901035e-12,2.403544231113374536e-12,2.115551925932702795e-12,1.849067027876926714e-12,2.091100156146552477e-12,2.919504706635012509e-12,5.310670850168108419e-12,6.431712281093966766e-12,1.763013661287889467e-12,1.648654974693644585e-12,1.974161950286812817e-12,2.263829479448469249e-12,2.520808607471007686e-12,2.169176854450372707e-12,2.365534487703396043e-12,2.373113402882964871e-12,2.441703015580154543e-12,4.135948019850278077e-12,8.232381954278650304e-12,1.378719686826043920e-12,1.670487214688869030e-12,2.454469299933457340e-12,2.250577803283502561e-12,2.816875724211963413e-12,2.259537236369895491e-12,2.878179050506726902e-12,4.680767232407469907e-12,3.894780860170092913e-12,5.112476414286278752e-12,2.747698236956658546e-12,5.105128681705108799e-12,5.473512990425940459e-12,5.227622376849038719e-12,8.517688608700961229e-12,5.492657502092816542e-12,5.999253275367166189e-12,8.606905011736565043e-04,1.254908826363395274e-11,9.037472741081647449e-12
2.018582772517963847e-12,2.669321769708896393e-12,2.162269336165535383e-12,2.208526333198096154e-12,2.379592041798540914e-12,2.226408608115626915e-12,2.239584298768695708e-12,2.677117707924116519e-12,2.081015151936876099e-12,1.955438204366268589e-12,1.661315590706361587e-12,2.031667050934270895e-12,2.017652401437703077e-12,2.251503056243073368e-12,2.215750078576686729e-12,2.574241546897217887e-12,2.550198627954916332e-12,2.059464002534007705e-12,2.180024702599509306e-12,2.014999086930554483e-12,2.188903402991706729e-12,3.289083381024583276e-12,4.473520904855820222e-12,1.899335023371159618e-12,2.188181593579919855e-12,2.241545636314415298e-12,2.385896126945948395e-12,2.651369302449641101e-12,2.261575722992288561e-12,2.251917765541084570e-12,2.088538380927178608e-12,2.083555352064481049e-12,3.142390290407963608e-12,4.087667873410353616e-12,6.413640332683629727e-12,1.769366649703835663e-12,1.867686995527775293e-12,2.233719420151279668e-12,2.880377579157018488e-12,3.374261643090179010e-12,2.449810978772118275e-12,2.156301383518490526e-12,1.884796454792276308e-12,2.131335001020248148e-12,2.974745195913575583e-12,5.408277831190827317e-12,6.550573047673346692e-12,1.796892276708896713e-12,1.680459861149379871e-12,2.011969933004950224e-12,2.307132306672134342e-12,2.569104134333534030e-12,2.210921400149700339e-12,2.410870005380751123e-12,2.418658189668395289e-12,2.488628589690924836e-12,4.214547241557520501e-12,8.383298015327093001e-12,1.405279877265384129e-12,1.702536442935024644e-12,2.500935233745390164e-12,2.293598872983692325e-12,2.870347404804083139e-12,2.302854933734646437e-12,2.933107683096580838e-12,4.767132000513574599e-12,3.968951990977426807e-12,5.209818935725694255e-12,2.800035808311259421e-12,5.195773982346823983e-12,5.571021207842933689e-12,5.322519899293857324e-12,8.649839127252982026e-12,5.595572482422759724e-12,6.114435737805091421e-12,8.606905004903937046e-04,1.273280393849214930e-11,9.192463078353729829e-12
2.057625779036797266e-12,2.721101061182672864e-12,2.204206216969695270e-12,2.251307728389479114e-12,2.425719064276666171e-12,2.269506715062220837e-12,2.282802447843925993e-12,2.728650925789261792e-12,2.121034792674363534e-12,1.993178121386606415e-12,1.693414283451934594e-12,2.071057034400278554e-12,2.056702310504951467e-12,2.295118773981493601e-12,2.258631613547356222e-12,2.624003094127987305e-12,2.599140201216508722e-12,2.099179165482388661e-12,2.222052320505127549e-12,2.053950212273183551e-12,2.231233780931738561e-12,3.352501630424649479e-12,4.559509535210855164e-12,1.936007501169369357e-12,2.230271983831672778e-12,2.284816226599620078e-12,2.431898703665236309e-12,2.702351004677364933e-12,2.305174512320033833e-12,2.295404363020248731e-12,2.128654641424005152e-12,2.123610755808927656e-12,3.202109763847627708e-12,4.165863678192349572e-12,6.537164847185770763e-12,1.803338962934222237e-12,1.903580948227728779e-12,2.276373369448754005e-12,2.934235190785129097e-12,3.436790166722503009e-12,2.496800613465633576e-12,2.197690226445552876e-12,1.921098006220170832e-12,2.172196744278611943e-12,3.030754679624978505e-12,5.506986540387756751e-12,6.670831656118275231e-12,1.831294391333479362e-12,1.712768770343618862e-12,2.050349246252673122e-12,2.351084203357315389e-12,2.618131261731965825e-12,2.253317111076643788e-12,2.456893789820218405e-12,2.464900857414808857e-12,2.536279691755328874e-12,4.294273670557708651e-12,8.535885184923489448e-12,1.432257306530354509e-12,1.735075749236125649e-12,2.548050441022257512e-12,2.337261996253800406e-12,2.924580241579709085e-12,2.346831642104103994e-12,2.988847088646691713e-12,4.854500279414813705e-12,4.044202076687399639e-12,5.308575526433681540e-12,2.853136539852391922e-12,5.287201448730355669e-12,5.669393532939695890e-12,5.418392186610002480e-12,8.782613075005348838e-12,5.699824635756018615e-12,6.231387788903702177e-12,8.606904997521295456e-04,1.291746544893384304e-11,9.348495389855795605e-12
2.097298282084203950e-12,2.773730478523003838e-12,2.246831005605342368e-12,2.294785617395113149e-12,2.472600076990967016e-12,2.313303324305067462e-12,2.326707229523929835e-12,2.780989764837856074e-12,2.161676188000970098e-12,2.031518186746055139e-12,1.726027045089218515e-12,2.111091651633185510e-12,2.096384410321292824e-12,2.339444539056626049e-12,2.302207020977890455e-12,2.674563901493723492e-12,2.648831792742488116e-12,2.139522555899674285e-12,2.264743460183120298e-12,2.093527027392825673e-12,2.274245906697300933e-12,3.416921970496735722e-12,4.646829514878135803e-12,1.973264764792961963e-12,2.273017261908968524e-12,2.328775767571034457e-12,2.478628149629512401e-12,2.754124010680704167e-12,2.349461518043484193e-12,2.339584962751153572e-12,2.169389240553046772e-12,2.164287109566038642e-12,3.262685604378806174e-12,4.245232011641945545e-12,6.662627241671107793e-12,1.837833601421878351e-12,1.940030192219842766e-12,2.319659434126759796e-12,2.988780657738610355e-12,3.500065507744572064e-12,2.544507789937912871e-12,2.239714066583812775e-12,1.957969189750239765e-12,2.213680541678800356e-12,3.087516395622469823e-12,5.606742392655386369e-12,6.792426715014328248e-12,1.866215428863687418e-12,1.745578867206629079e-12,2.089293313637020912e-12,2.395677037710199652e-12,2.667881778163298558e-12,2.296359045798359887e-12,2.503598306059683418e-12,2.511834566802856241e-12,2.584650016132130183e-12,4.375106906671940020e-12,8.690055951365894422e-12,1.459649185624355522e-12,1.768100217278529331e-12,2.595801086216643141e-12,2.381558783865691010e-12,2.979559780753326463e-12,2.391460319938074478e-12,3.045385544229754925e-12,4.942826407061370475e-12,4.120513520615703035e-12,5.408722829950280970e-12,2.906988272486618302e-12,5.379339594220959346e-12,5.768554936498943150e-12,5.515177665479415907e-12,8.915837217224712387e-12,5.805372930717305184e-12,6.350092518776826517e-12,8.606904989536877208e-04,1.310280448781335366e-11,9.505420432662371060e-12
2.137598093390062544e-12,2.827208946618845352e-12,2.290142768792302086e-12,2.338958414235346826e-12,2.520233720909132827e-12,2.357796453231411639e-12,2.371294998613378868e-12,2.834128314019044086e-12,2.202934306865037105e-12,2.070455289631329955e-12,1.759151668161844480e-12,2.151769843607715584e-12,2.136696825412472884e-12,2.384478720554920841e-12,2.346474190133942788e-12,2.725920796674266041e-12,2.699266031042101804e-12,2.180490501264624676e-12,2.308094080019708836e-12,2.133727069814776693e-12,2.317937312750103571e-12,3.482338365898241474e-12,4.735469387640270390e-12,2.011103986553551154e-12,2.316412245706008412e-12,2.373420786145213713e-12,2.526080105519193539e-12,2.806681804909761364e-12,2.394432532382544730e-12,2.384456266405286868e-12,2.210736560421013568e-12,2.205579217927296717e-12,3.324102179779741986e-12,4.325758069417378278e-12,6.790013949571093849e-12,1.872845662015259198e-12,1.977029942371393524e-12,2.363568737829257742e-12,3.043991098387711962e-12,3.564056071132208285e-12,2.592925136970759463e-12,2.282366762887740757e-12,1.995406108363390980e-12,2.255779769992266119e-12,3.145010278633138307e-12,5.707483350686891251e-12,6.915288028201722298e-12,1.901649269870495568e-12,1.778886006687970953e-12,2.128793703004353887e-12,2.440900498673609138e-12,2.718345115893108231e-12,2.340040424760332532e-12,2.550973823394367479e-12,2.559450338343412575e-12,2.633731119676113076e-12,4.457022110388961904e-12,8.845711096563293673e-12,1.487451592016390590e-12,1.801603417560835450e-12,2.644170577147559143e-12,2.426478654633535813e-12,3.035268508737950464e-12,2.436731842242020574e-12,3.102708438775998110e-12,5.032058272831999278e-12,4.197864672177929472e-12,5.510232138225389798e-12,2.961576014241969778e-12,5.472109122101297504e-12,5.868422050091972267e-12,5.612807102971803601e-12,9.049325779941027436e-12,5.912169463485673278e-12,6.470527602455006348e-12,8.606904980892252479e-04,1.328853487198826943e-11,9.663074930800855226e-12
2.178521538810411580e-12,2.881533605082120740e-12,2.334139123777056164e-12,2.383822987865298329e-12,2.568617005887606946e-12,2.402982522580284833e-12,2.416560340137347594e-12,2.888058395263634494e-12,2.244802318230395081e-12,2.109984782446268355e-12,1.792784683520438759e-12,2.193089171050133236e-12,2.177636226609791054e-12,2.430218110007597620e-12,2.391429407066586703e-12,2.778068670593938192e-12,2.750433225058371838e-12,2.222077671557485559e-12,2.352098368377912624e-12,2.174546366097141285e-12,2.362303909768932727e-12,3.548742108007571279e-12,4.825413743700646312e-12,2.049520865522233240e-12,2.360449869860624297e-12,2.418746054936906024e-12,2.574248279726782727e-12,2.860015564912962616e-12,2.440081509422419504e-12,2.430013231824642644e-12,2.252689123974224214e-12,2.247480068513933509e-12,3.386340439247129993e-12,4.407423049752955279e-12,6.919305975631737814e-12,1.908368654756401516e-12,2.014573773957948849e-12,2.408090161853775026e-12,3.099839889737889672e-12,3.628725592593766404e-12,2.642043029488911324e-12,2.325640223355874633e-12,2.033403297679889331e-12,2.298485827850479180e-12,3.203212635855461088e-12,5.809139318836512908e-12,7.039335853137585123e-12,1.937588081071376173e-12,1.812684584139584143e-12,2.168839926614610343e-12,2.486741863371995615e-12,2.769508096015591445e-12,2.384352424146760189e-12,2.599008177278265036e-12,2.607736817588564441e-12,2.683512184496272323e-12,4.539989551120332197e-12,9.002738754112632704e-12,1.515659341809815007e-12,1.835577242206745089e-12,2.693139293496814645e-12,2.472008602776297718e-12,3.091685544266847911e-12,2.482634774140637522e-12,3.160797969975593145e-12,5.122136781090441164e-12,4.276229407612399292e-12,5.613068837906955259e-12,3.016881647718152112e-12,5.565422395287042030e-12,5.968902590727395431e-12,5.711203025511466885e-12,9.182879848725386629e-12,6.020158826028708341e-12,6.592664697270359099e-12,8.606904971521312040e-04,1.347435173921309915e-11,9.821280737953661262e-12
2.220063282028377572e-12,2.936699590808407372e-12,2.378816062695828855e-12,2.429374476261256499e-12,2.617745113284372233e-12,2.448856165774478803e-12,2.462495862575938748e-12,2.942769303318426465e-12,2.287271386973476720e-12,2.150100301405867837e-12,1.826921212046775653e-12,2.235045647392427590e-12,2.219197657938155406e-12,2.476657731351276486e-12,2.437067162990343431e-12,2.831000247513519814e-12,2.802321104631906031e-12,2.264276886904927097e-12,2.396748538513419262e-12,2.215979253137073169e-12,2.407339793978606994e-12,3.616121503833914084e-12,4.916642768947751221e-12,2.088509455390199717e-12,2.405120971471900115e-12,2.464744386752026339e-12,2.623124223957658169e-12,2.914113898973565209e-12,2.486400352066420548e-12,2.476248868122259205e-12,2.295237386004806751e-12,2.289980626288957683e-12,3.449377558874778170e-12,4.490203715684882561e-12,7.050478257037349591e-12,1.944394325376235943e-12,2.052653437762031379e-12,2.453210104523117558e-12,3.156296323014132099e-12,3.694032733032017170e-12,2.691849337605644158e-12,2.369524186888609502e-12,2.071953546070734471e-12,2.341787916672552119e-12,3.262095796262848079e-12,5.911631503639462603e-12,7.164480114319985005e-12,1.974022127923432504e-12,1.846967370354466695e-12,2.209419222588194625e-12,2.533185742991423477e-12,2.821354649261910685e-12,2.429283949038267013e-12,2.647686508526917834e-12,2.656680017529369148e-12,2.733979757198912366e-12,4.623974116600425261e-12,9.161013415739922984e-12,1.544265849276314576e-12,1.870011724036258868e-12,2.742684293479190071e-12,2.518132944054139708e-12,3.148786304510768392e-12,2.529155122805560226e-12,3.219632813678967130e-12,5.212995283344958498e-12,4.355576673479860143e-12,5.717191808114611139e-12,3.072883610348151628e-12,5.659182889609292968e-12,6.069894766434188953e-12,5.810279111213880812e-12,9.316286779082297311e-12,6.129277429365388772e-12,6.716468778020086556e-12,8.606904961348745041e-04,1.365993076519462442e-11,9.979843973522660562e-12
2.262216132758494726e-12,2.992699800896219747e-12,2.424167760500767144e-12,2.475606084375405564e-12,2.667611181734475257e-12,2.495410020453246849e-12,2.509091974493878247e-12,2.998247525720343307e-12,2.330330452877614418e-12,2.190793572283465603e-12,1.861554803548152285e-12,2.277633557691722991e-12,2.261374347167113776e-12,2.523790635310936845e-12,2.483379946947879879e-12,2.884705837067969538e-12,2.854914541604960322e-12,2.307078909465537682e-12,2.442034606979102235e-12,2.258018184582801227e-12,2.453037038759606365e-12,3.684461538228941114e-12,5.009131758398851337e-12,2.128061976507659502e-12,2.450414058875066535e-12,2.511406412485732799e-12,2.672697091128370047e-12,2.968962564000950491e-12,2.533378682024336475e-12,2.523154014271818551e-12,2.338369507695384806e-12,2.333069611519544650e-12,3.513186564518805303e-12,4.574071927375754017e-12,7.183498985663413933e-12,1.980912463402953765e-12,2.091258660149561597e-12,2.498912222998519351e-12,3.213325241496059535e-12,3.759930655648886364e-12,2.742329156855392211e-12,2.414005988175136734e-12,2.111047699891574980e-12,2.385672804710522849e-12,3.321627740041616800e-12,6.014871753653963724e-12,7.290619591621090605e-12,2.010939572537591630e-12,1.881725332861127943e-12,2.250516320232976190e-12,2.580213810777975712e-12,2.873865517249440438e-12,2.474821389217639475e-12,2.696990983896217587e-12,2.706263042292301129e-12,2.785117469008398727e-12,4.708934792952958923e-12,9.320394914505017587e-12,1.573262973797506989e-12,1.904894841553298032e-12,2.792779002312776767e-12,2.564833043596018014e-12,3.206542151148866847e-12,2.576276071406367709e-12,3.279187771953372042e-12,5.304558991675951033e-12,4.435870002755797609e-12,5.822552778227403539e-12,3.129556555688867488e-12,5.753284641854326555e-12,6.171286675080886137e-12,5.909939567723450798e-12,9.449319637505543646e-12,6.239452793438974670e-12,6.841897431776804684e-12,8.606904950288534134e-04,1.384492743604188313e-11,1.013855419622611998e-11
2.304970830421603958e-12,3.049524623681788698e-12,2.470186358108546110e-12,2.522508855514684366e-12,2.718206063329028173e-12,2.542634494055315283e-12,2.556336632255184655e-12,3.054476427008653105e-12,2.373965983783320328e-12,2.232054191555705681e-12,1.896677255547552189e-12,2.320845252450961838e-12,2.304157493186972444e-12,2.571607665267892589e-12,2.530358010328645437e-12,2.939173052242917225e-12,2.908195237357271101e-12,2.350472209265745863e-12,2.487944144070213579e-12,2.300653511993072282e-12,2.499385458294860670e-12,3.753743494401156250e-12,5.102850569923711064e-12,2.168168605739017903e-12,2.496315052362978724e-12,2.558720330176301607e-12,2.722953362085811671e-12,3.024544148033889353e-12,2.581003580521088945e-12,2.570717088643974339e-12,2.382071104693777413e-12,2.376733251303147495e-12,3.577735914350191513e-12,4.658994117826386079e-12,7.318328831038012259e-12,2.017910688469615040e-12,2.130376919982141759e-12,2.545177147225697452e-12,3.270886648172924528e-12,3.826366570985364547e-12,2.793464506533593370e-12,2.459070295161620379e-12,2.150674445263777380e-12,2.430124564170115176e-12,3.381771693749775440e-12,6.118761858614279830e-12,7.417641049801171798e-12,2.048326249667341192e-12,1.916947436764966783e-12,2.292113180949815058e-12,2.627804501547645983e-12,2.927017920888634269e-12,2.520948346795587462e-12,2.746900486168436131e-12,2.756465779914653070e-12,2.836905723641307206e-12,4.794824092150488867e-12,9.480727338580290823e-12,1.602640851026211871e-12,1.940212303539187555e-12,2.843392873357821622e-12,2.612087016131289287e-12,3.264920002243979631e-12,2.623977684140458217e-12,3.339433383961821743e-12,5.396744352448149238e-12,4.517066979762038526e-12,5.929095621769332773e-12,3.186870981119112089e-12,5.847611680607085503e-12,6.272955682583083641e-12,6.010078479167653896e-12,9.581736658169416684e-12,6.350602779948348720e-12,6.968900063286439501e-12,8.606904938241777313e-04,1.402897634077528280e-11,1.029718355226976137e-11
2.348315806506823058e-12,3.107161641869316222e-12,2.516861722934269928e-12,2.570071419369164060e-12,2.769518055341304116e-12,2.590517505562136037e-12,2.604215064064756685e-12,3.111435904593432062e-12,2.418161706379047287e-12,2.273869386834076323e-12,1.932278414478850098e-12,2.364670920798535996e-12,2.347536031761586412e-12,2.620097199991732347e-12,2.577989108372449015e-12,2.994386500489293212e-12,2.962141383472166117e-12,2.394442708106357065e-12,2.534462001102935921e-12,2.343873244818495453e-12,2.546372348379942463e-12,3.823944538378820185e-12,5.197763028788702874e-12,2.208817245706989470e-12,2.542807001606743442e-12,2.606671630365447234e-12,2.773876547039479308e-12,3.080837724725132413e-12,2.629259305019839702e-12,2.618923814822862193e-12,2.426324972961976159e-12,2.420955008880913330e-12,3.642989051036151827e-12,4.744930726352637476e-12,7.454920091105266250e-12,2.055374217738877691e-12,2.169993205543001863e-12,2.591982170902863427e-12,3.328935291678090340e-12,3.893281261037883212e-12,2.845234002222708897e-12,2.504698823631492835e-12,2.190820069679939616e-12,2.475124285794756777e-12,3.442485700196752813e-12,6.223192825648505841e-12,7.545418336187727458e-12,2.086165423730835107e-12,1.952620427536846674e-12,2.334188718524332810e-12,2.675932688000431977e-12,2.980785202681590218e-12,2.567645340487678230e-12,2.797390279579381141e-12,2.807264570100205043e-12,2.889321359204206720e-12,4.881587440925218539e-12,9.641837914297076585e-12,1.632387708607153910e-12,1.975947315853897841e-12,2.894491027375817315e-12,2.659869403158281512e-12,3.323881918346675000e-12,2.672236587592530714e-12,3.400335508450708829e-12,5.489458397855607975e-12,4.599118667904178072e-12,6.036755599643317642e-12,3.244792827648803539e-12,5.942037454761192773e-12,6.374767797056935658e-12,6.110579138674396851e-12,9.713280739170758231e-12,6.462634785129753371e-12,7.097417034780626540e-12,8.606904925094219184e-04,1.421169052841205005e-11,1.045548594159833500e-11
2.392236921831893968e-12,3.165595302442897674e-12,2.564181182906789615e-12,2.618279712613391460e-12,2.821532602391879055e-12,2.639044199536585827e-12,2.652709465866794735e-12,3.169102010849002677e-12,2.462898311196115536e-12,2.316223752892964979e-12,1.968345956328853251e-12,2.409098338705054885e-12,2.391496376294298133e-12,2.669244868357306735e-12,2.626258214004464968e-12,3.050327442244973479e-12,3.016727290864760160e-12,2.438973497727022846e-12,2.581570010371158890e-12,2.387662785259963740e-12,2.593982199836417640e-12,3.895037261313546702e-12,5.293826274403739843e-12,2.249993270424426673e-12,2.589869775836874965e-12,2.655242793294590322e-12,2.825446856950118566e-12,3.137818474556795962e-12,2.678126977537027047e-12,2.667756919111526368e-12,2.471110788876851025e-12,2.465715287143478113e-12,3.708903918751858045e-12,4.831835581700578176e-12,7.593215755770857655e-12,2.093285611698814741e-12,2.210089748469599326e-12,2.639300916223387116e-12,3.387420228209215458e-12,3.960608580312895457e-12,2.897612498206594115e-12,2.550870025292396259e-12,2.231468200197091284e-12,2.520649767507558802e-12,3.503722159841231863e-12,6.328044131044073150e-12,7.673811442228327168e-12,2.124437524348637241e-12,1.988728593147591123e-12,2.376718496167256952e-12,2.724569330676111733e-12,3.035136438911655501e-12,2.614889482889200032e-12,2.848431646962178750e-12,2.858631843113528101e-12,2.942337279932850591e-12,4.969162525256487833e-12,9.803535853203132598e-12,1.662489664854850246e-12,2.012080328239781541e-12,2.946033867750310356e-12,2.708150824171860535e-12,3.383384659373358192e-12,2.721025625017756582e-12,3.461854873521187487e-12,5.582598073016068452e-12,4.681968994095348427e-12,6.145458545969578540e-12,3.303283049555504501e-12,6.036424261291120244e-12,6.476577040250396703e-12,6.211313366388070823e-12,9.843678982523068862e-12,6.575444888319933992e-12,7.227378728025033749e-12,8.606904910713303021e-04,1.439266093278950037e-11,1.061319620759031864e-11
2.436717176047691420e-12,3.224806549397916211e-12,2.612129230911073102e-12,2.667116668928726290e-12,2.874231965607819630e-12,2.688196629518139131e-12,2.701798666146608054e-12,3.227446538160433811e-12,2.508153129587032099e-12,2.359098960781669725e-12,2.004865144589158113e-12,2.454112589272428141e-12,2.436022130995822274e-12,2.719033232718808240e-12,2.675147200795929468e-12,3.106973413202752927e-12,3.071922984602007670e-12,2.484044529617647086e-12,2.629246655016628691e-12,2.432004635241369593e-12,2.642196381451448692e-12,3.966989175594547143e-12,5.390990044009921372e-12,2.291679245050077863e-12,2.637479724255875136e-12,2.704412954937302813e-12,2.877640841770555307e-12,3.195457269653597113e-12,2.727584241689561557e-12,2.717195796697127361e-12,2.516404781336996332e-12,2.510991104000626535e-12,3.775432442938013779e-12,4.919655230842775445e-12,7.733148472241357049e-12,2.131624496558825993e-12,2.250645732693163261e-12,2.687102970588824953e-12,3.446284359245546966e-12,4.028274934427638940e-12,2.950570697195104878e-12,2.597558747098331772e-12,2.272599515995773464e-12,2.566675174980853441e-12,3.565427342817040402e-12,6.433182950249305638e-12,7.802665531029786141e-12,2.163119858779964916e-12,2.025253503767273011e-12,2.419674398818135856e-12,2.773681099901064049e-12,3.090036019637507396e-12,2.662654128510638659e-12,2.899991496611075869e-12,2.910535727654187711e-12,2.995922055342933245e-12,5.057478588474522529e-12,9.965611166892320821e-12,1.692930509153081061e-12,2.048588759815276624e-12,2.997976671099085917e-12,2.756897600515247415e-12,3.443379211102859800e-12,2.770313481641163056e-12,3.523946591769399223e-12,5.676049540537883371e-12,4.765554087591582345e-12,6.255119993942672805e-12,3.362297151614506197e-12,6.130622676875710307e-12,6.578224821154912489e-12,6.312140816619761596e-12,9.972642286191029809e-12,6.688916956681191116e-12,7.358704521347579485e-12,8.606904894943865399e-04,1.457145587639894562e-11,1.077002934741227969e-11
2.481736389553363002e-12,3.284772419524760798e-12,2.660687199314968078e-12,2.716561879167560251e-12,2.927594859375829732e-12,2.737953410281722137e-12,2.751457761252738856e-12,3.286436569454275344e-12,2.553899783455240014e-12,2.402473441042348796e-12,2.041818565933067180e-12,2.499695755862266071e-12,2.481093775881047156e-12,2.769441442269602559e-12,2.724634496397384121e-12,3.164297812485656117e-12,3.127693767173259587e-12,2.529632277697854512e-12,2.677466710339859857e-12,2.476878076520043677e-12,2.690992793807257846e-12,4.039762165689211998e-12,5.489195897031445613e-12,2.333854619404521843e-12,2.685609308368858790e-12,2.754157543442468592e-12,2.930430997504298992e-12,3.253720225003043486e-12,2.777604890170935293e-12,2.767216148043644540e-12,2.562179377452323072e-12,2.556755741110566296e-12,3.842519977947691691e-12,5.008328219390304344e-12,7.874639427397337163e-12,2.170367264139206013e-12,2.291636979433427962e-12,2.735353497617103947e-12,3.505463950710312015e-12,4.096198743713700722e-12,3.004074729905001746e-12,2.644735863580698477e-12,2.314191436244468551e-12,2.613170675941919861e-12,3.627540877113492722e-12,6.538463378505500882e-12,7.931809948959224104e-12,2.202186302495514864e-12,2.062173729700141231e-12,2.463024282575855399e-12,2.823229972446523199e-12,3.145443199766104790e-12,2.710908494567685753e-12,2.952031941724618791e-12,2.962939630447160514e-12,3.050039489596141007e-12,5.146455690313400599e-12,1.012783347493063846e-11,1.723691463874938499e-12,2.085446704268976832e-12,3.050269156571976221e-12,2.806071353929621615e-12,3.503810286185935099e-12,2.820064283503987449e-12,3.586559645445950894e-12,5.769687474207862666e-12,4.849801580394297507e-12,6.365644248676178972e-12,3.421784699591953453e-12,6.224471005311748183e-12,6.679539324483200782e-12,6.412908286766799107e-12,1.009986500571407542e-11,6.802921716902901087e-12,7.491301695386015593e-12,8.606904877603220420e-04,1.474762068250085250e-11,1.092567978701492060e-11
2.527270850601641094e-12,3.345465590188771744e-12,2.709832896799483148e-12,2.766591212682233505e-12,2.981596045479465505e-12,2.788289331750748248e-12,2.801657711725999156e-12,3.346033982692555840e-12,2.600107801247065506e-12,2.446322033406475793e-12,2.079185837689369197e-12,2.545826579058082563e-12,2.526688317414472926e-12,2.820444845902883568e-12,2.774694696441578512e-12,3.222269444350000429e-12,3.183999740088288136e-12,2.575709365880987838e-12,2.726200847773354920e-12,2.522258815627335151e-12,2.740345484306927286e-12,4.113311881940903863e-12,5.588376361888438457e-12,2.376495389902485489e-12,2.734226697967863073e-12,2.804447876436911896e-12,2.983785331850521495e-12,3.312568204753925384e-12,2.828158453292766761e-12,2.817789575768920126e-12,2.608402814494401605e-12,2.602978358504959319e-12,3.910104711657445020e-12,5.097784306195095862e-12,8.017597105543455109e-12,2.209486743899201135e-12,2.333035602177049916e-12,2.784012815558755554e-12,3.564888127293289078e-12,4.164289885227445824e-12,3.058085695196746652e-12,2.692367874624069184e-12,2.356217776675303030e-12,2.660102041063301733e-12,3.689995204922926121e-12,6.643725634954424276e-12,8.061057205754358252e-12,2.241606962778410941e-12,2.099464532466989893e-12,2.506731595784157562e-12,2.873172796053555190e-12,3.201311612440118202e-12,2.759617246806322638e-12,3.004509844502163448e-12,3.015801779247879759e-12,3.104648151977547159e-12,5.236003913708124084e-12,1.028995078520818327e-11,1.754750925266638620e-12,2.122624610559643434e-12,3.102855029180987964e-12,2.855628574154761572e-12,3.564615791537316102e-12,2.870237162520530552e-12,3.649636331787887006e-12,5.863374333421527390e-12,4.934629855293488876e-12,6.476923392525454798e-12,3.481688795341670579e-12,6.317794738417195666e-12,6.780334911356218085e-12,6.513449022689492417e-12,1.022502468350326590e-11,6.917315782888756311e-12,7.625064235550430462e-12,8.606904858474894110e-04,1.492067738482084348e-11,1.107982069492224068e-11
2.573292928029216896e-12,3.406853879281776024e-12,2.759540207070311632e-12,2.817176400077349323e-12,3.036205885503020498e-12,2.839174934211542597e-12,2.852364901685380676e-12,3.406194912679711105e-12,2.646742201543827748e-12,2.490615604313762271e-12,2.116943287701728615e-12,2.592480078413178558e-12,2.572778904354300192e-12,2.872014566096198213e-12,2.825298140494499055e-12,3.280852016049954702e-12,3.240795287408873403e-12,2.622244162093449536e-12,2.775415203460592849e-12,2.568118594892925674e-12,2.790224225040351121e-12,4.187587078998175329e-12,5.688454010412453774e-12,2.419573729784084788e-12,2.783295332985030314e-12,2.855250721151220285e-12,3.037666890895446502e-12,3.371956287181006339e-12,2.879209750791461661e-12,2.868883143961292732e-12,2.655038720229893396e-12,2.649623577103008375e-12,3.978117033759813521e-12,5.187943620085624538e-12,8.161915932379014189e-12,2.248951848490530569e-12,2.374809633124497538e-12,2.833035946264072183e-12,3.624478349124240073e-12,4.232449122569871501e-12,3.112559164122650217e-12,2.740416471056988887e-12,2.398648376162458921e-12,2.707430213860735157e-12,3.752715014231135275e-12,6.748795265780483373e-12,8.190201945208073133e-12,2.281347817109584847e-12,2.137097530051161484e-12,2.550754974357720765e-12,2.923460825445945485e-12,3.257588749079641350e-12,2.808740053029396355e-12,3.057376328682618127e-12,3.069074732891577965e-12,3.159700872162409876e-12,5.326022529113071386e-12,1.045168827754359299e-11,1.786084183310606052e-12,2.160088940729783783e-12,3.155671501707692645e-12,2.905520158637775394e-12,3.625726268469680898e-12,2.920785791122474025e-12,3.713111674557025269e-12,5.956959632925731084e-12,5.019947250974456989e-12,6.588836232691386521e-12,3.541945520212284380e-12,6.410406044647456920e-12,6.880411547583217204e-12,6.613582036019945018e-12,1.034778186538751669e-11,7.031940653655577290e-12,7.759871543862325731e-12,8.606904837299826118e-04,1.509012456757296635e-11,1.123210336417210854e-11
2.619770646105137515e-12,3.468899691595066385e-12,2.809778645223911849e-12,2.868284573253512935e-12,3.091389846505082881e-12,2.890576040884331244e-12,2.903540657580578318e-12,3.466869166450204721e-12,2.693763041842052548e-12,2.535320629173333897e-12,2.155063603903338453e-12,2.639627134736633624e-12,2.619334405328041601e-12,2.924117029161780491e-12,2.876410445730644306e-12,3.340003586958412336e-12,3.298028518301448779e-12,2.669200335655525941e-12,2.825070908154811275e-12,2.614424766005926674e-12,2.840594049443564762e-12,4.262528893863110871e-12,5.789340453816300250e-12,2.463057584889030275e-12,2.832773448423963880e-12,2.906527813611914602e-12,3.092033243104675689e-12,3.431833184786332371e-12,2.930718403417352249e-12,2.920458896083019928e-12,2.702045659320345698e-12,2.696651026643810645e-12,4.046478866511755784e-12,5.278715754736103698e-12,8.307474794315716094e-12,2.288727191077785638e-12,2.416922619043252351e-12,2.882372133340887804e-12,3.684147872291091530e-12,4.300567526306794619e-12,3.167444645264207160e-12,2.788838065781188152e-12,2.441448690810378338e-12,2.755110847602906968e-12,3.815616646269021979e-12,6.853482352465705588e-12,8.319019912287842085e-12,2.321370324998384432e-12,2.175040334485077909e-12,2.595047810389686041e-12,2.974039228839622229e-12,3.314215404441193857e-12,2.858231102152718418e-12,3.110576258990171407e-12,3.122704856533215039e-12,3.215144198009206862e-12,5.416399115874059334e-12,1.061274709866469980e-11,1.817663119437489007e-12,2.197801803858584719e-12,3.208648795950126729e-12,2.955690923618073647e-12,3.687064305654326263e-12,2.971657885036891884e-12,3.776912800727518586e-12,6.050279212667987432e-12,5.105651223070964789e-12,6.701247190164624956e-12,3.602483346877968063e-12,6.502103292792374070e-12,6.979554267322801153e-12,6.713111440180041234e-12,1.046778001404583866e-11,7.146621685042759279e-12,7.895587054179824614e-12,8.606904813765306516e-04,1.525543734770178081e-11,1.138215667554056469e-11
2.666667218506141052e-12,3.531559406338479861e-12,2.860512867668636778e-12,2.919877758952353008e-12,3.147107955615757789e-12,2.942453244292057254e-12,2.955140723510500437e-12,3.527999589460822429e-12,2.741124930845508434e-12,2.580398736948277266e-12,2.193515451401573059e-12,2.687234029238933449e-12,2.666318945021392241e-12,2.976713447905462486e-12,2.927991994740721719e-12,3.399675965020861191e-12,3.355640666946517871e-12,2.716536375646169808e-12,2.875123575964312471e-12,2.661139823199016173e-12,2.891414744382965438e-12,4.338070059614795587e-12,5.890935255947461343e-12,2.506910232650246535e-12,2.882613560467982367e-12,2.958235333984774675e-12,3.146835917796179384e-12,3.492140617186726239e-12,2.982638301751154412e-12,2.972473328402403135e-12,2.749376644330029734e-12,2.744014857366486945e-12,4.115102958494873261e-12,5.369998799963955497e-12,8.454135424694607934e-12,2.328772673335689900e-12,2.459333185158544516e-12,2.931964329179348253e-12,3.743801196319267759e-12,4.368525889370120681e-12,3.222685009934214807e-12,2.837583289072709038e-12,2.484579353703632863e-12,2.803093808149230012e-12,3.878607481053884816e-12,6.957580733911571704e-12,8.447266926427570409e-12,2.361631012643607606e-12,2.213256160503854863e-12,2.639557793971352655e-12,3.024846565024715592e-12,3.371125086409464939e-12,2.908038587603475315e-12,3.164047687175985429e-12,3.176631761443544322e-12,3.270917814847412472e-12,5.507008642692601657e-12,1.077280318191526760e-11,1.849455881309554907e-12,2.235720565874406984e-12,3.261709625260520724e-12,3.006079086873134349e-12,3.748543926555873765e-12,3.022794673831928644e-12,3.840958282909528116e-12,6.143154515149980439e-12,5.191627462447366506e-12,6.814005131788746791e-12,3.663222520352985004e-12,6.592670619982806652e-12,7.077532682119796739e-12,6.811825814331667543e-12,1.058464553068360603e-11,7.261167041829118957e-12,8.032056748023067567e-12,8.606904787490246914e-04,1.541606751455015053e-11,1.152958665548988467e-11
2.713940540660198246e-12,3.594782704043681007e-12,2.911702133909328741e-12,2.971912324665038840e-12,3.203314202267980212e-12,2.994761345105189044e-12,3.007114693703749558e-12,3.589521384192370726e-12,2.788776505028003375e-12,2.625806217324739668e-12,2.232263056865018448e-12,2.735261938688752756e-12,2.713691397744964611e-12,3.029759256216879233e-12,2.979997377245531946e-12,3.459814050955427022e-12,3.413565452293415766e-12,2.764205070812983372e-12,2.925522752729701081e-12,2.708220896008052274e-12,2.942640297662769516e-12,4.414134055119757872e-12,5.993124767353033652e-12,2.551089803674112596e-12,2.932761915086899939e-12,3.010323338598302739e-12,3.202019799141575959e-12,3.552812638922006264e-12,3.034917033131171342e-12,3.024876819418663154e-12,2.796978612817926212e-12,2.791663216738000978e-12,4.183892147294736388e-12,5.461678315166410690e-12,8.601740661189501187e-12,2.369043045139204714e-12,2.501994568102570356e-12,2.981748653717710272e-12,3.803333505766047558e-12,4.436194146696759111e-12,3.278215879663177976e-12,2.886596449788714130e-12,2.527995700932639349e-12,2.851322644629110958e-12,3.941585307906627375e-12,7.060867257670989476e-12,8.574677881624226284e-12,2.402081032035482499e-12,2.251703405954627390e-12,2.684226430772586655e-12,3.075814234497306932e-12,3.428243394266444724e-12,2.958104157113185853e-12,3.217721267975743872e-12,3.230787712398310202e-12,3.326953929142328171e-12,5.597712515987287865e-12,1.093150611924450711e-11,1.881426534911626667e-12,2.273797436804067263e-12,3.314768663249673281e-12,3.056615725202999242e-12,3.810069957456769187e-12,3.074130342255557208e-12,3.905157452883613447e-12,6.235391884082629748e-12,5.277748978876049218e-12,6.926942155198109190e-12,3.724074411550867223e-12,6.681877557772734698e-12,7.174100550017774498e-12,6.909497610541330647e-12,1.069798790074042130e-11,7.375366644607897555e-12,8.169107579828293956e-12,8.606904758004454850e-04,1.557144385085164296e-11,1.167397615122060163e-11
2.761542634739754309e-12,3.658511822536707604e-12,2.963299712725938185e-12,3.024338369274792868e-12,3.259955879354774545e-12,3.047448737121354423e-12,3.059405395324012173e-12,3.651361373745519097e-12,2.836659865588085424e-12,2.671493484962555973e-12,2.271265755684686724e-12,2.783666378774790177e-12,2.761404832998905474e-12,3.083203486847254757e-12,3.032374777678740264e-12,3.520355120750619884e-12,3.471728391772543030e-12,2.812152945394715535e-12,2.976211317936318882e-12,2.755619195175213681e-12,2.994218293391967073e-12,4.490634182196190831e-12,6.095780867922182441e-12,2.595548761859514894e-12,2.983157893909174692e-12,3.062735141639036851e-12,3.257522468463246258e-12,3.613774915049496934e-12,3.087495260180918790e-12,3.077613008017334153e-12,2.844791866207555886e-12,2.839537686637195806e-12,4.252738587196261040e-12,5.553626235979644744e-12,8.750112547874143423e-12,2.409487433010195911e-12,2.544854114312375701e-12,3.031653821974627803e-12,3.862630106108615458e-12,4.503430800196649654e-12,3.333964970722366433e-12,2.935814958168713307e-12,2.571647259514060033e-12,2.899734024143824552e-12,4.004437679685088911e-12,7.163101064397359111e-12,8.700965773567561293e-12,2.442665692111143837e-12,2.290335200926454170e-12,2.728988533355315848e-12,3.126865902057996324e-12,3.485487361590726171e-12,3.008362324676244463e-12,3.271519641524612506e-12,3.285096998704585978e-12,3.383176611818314512e-12,5.688357592752983851e-12,1.108847808540905839e-11,1.913534692652747249e-12,2.311979033935447973e-12,3.367731999030615179e-12,3.107224205102537686e-12,3.871537374264185666e-12,3.125591439155060608e-12,3.969409682727013544e-12,6.326781886768004638e-12,5.363875145508994912e-12,7.039872322408467880e-12,3.784940840881044112e-12,6.769478721634681938e-12,7.268995410750891862e-12,7.005882608488635608e-12,1.080739996854799300e-11,7.488991112772360744e-12,8.306545795109331364e-12,8.606904724721103732e-04,1.572097263707412933e-11,1.181488462622885484e-11
2.809419047548068861e-12,3.722680741207192141e-12,3.015252231800699104e-12,3.077099058207578198e-12,3.316972863048590169e-12,3.100456737970345916e-12,3.111948223748132086e-12,3.713437214280484442e-12,2.884709978049921264e-12,2.717404502372369229e-12,2.310477502612104539e-12,2.832396595641842618e-12,2.809405912612291691e-12,3.136988093019970150e-12,3.085065309645213934e-12,3.581228048577952292e-12,3.530046073736663817e-12,2.860319652799940815e-12,3.027124842468883326e-12,2.803279412806570796e-12,3.046089256487527027e-12,4.567472572708944768e-12,6.198759625427489929e-12,2.640233343377072468e-12,3.033733380387319659e-12,3.115406648549442704e-12,3.313273497645073824e-12,3.674943948947352438e-12,3.140306053504326953e-12,3.130618122318248517e-12,2.892749473592830743e-12,2.887572683906930095e-12,4.321522950834476235e-12,5.645699723994386986e-12,8.899050291649353932e-12,2.450048839677505890e-12,2.587852746298183083e-12,3.081600545256415274e-12,3.921565863849079734e-12,4.570082361311611668e-12,3.389851400278926818e-12,2.985168713722978413e-12,2.615477199125359575e-12,2.948257134199244983e-12,4.067041260594731153e-12,7.264022924877510276e-12,8.825820780564694894e-12,2.483323965053538691e-12,2.329098927488840280e-12,2.773771690545025075e-12,3.177916896508734057e-12,3.542764770004480658e-12,3.058739848618047632e-12,3.325356787815976575e-12,3.339475274132978930e-12,3.439501106384660872e-12,5.778775171142404219e-12,1.124331284951862865e-11,1.945735118613257469e-12,2.350205923869217051e-12,3.420496586133514455e-12,3.157819591765300821e-12,3.932830637120148686e-12,3.177096259111134054e-12,4.033603641912398864e-12,6.417098677986679624e-12,5.449850716567715849e-12,7.152590357041426784e-12,3.845713378012329771e-12,6.855213579985246171e-12,7.361938304416458108e-12,7.100719436492315227e-12,1.091245835780175750e-11,7.601790723212039896e-12,8.444155156783011750e-12,8.606904686896377742e-04,1.586403836511618021e-11,1.195184810361143049e-11
2.857508191211599972e-12,3.787214274449429735e-12,3.067498957682634824e-12,3.130129890164609719e-12,3.374296815724272932e-12,3.153718854124855434e-12,3.164670416925640359e-12,3.775656541532075043e-12,2.932854027133969541e-12,2.763476151009797346e-12,2.349846337603917023e-12,2.881394891920999361e-12,2.857634229934595045e-12,3.191047197320788874e-12,3.138002281892527144e-12,3.642352452095990778e-12,3.588425375943144674e-12,2.908637316159649864e-12,3.078190890107091073e-12,2.851139064580278229e-12,3.098185931995769988e-12,4.644539108997084593e-12,6.301899843583925061e-12,2.685082947420010131e-12,3.084412075491234381e-12,3.168265627427791343e-12,3.369193679271312899e-12,3.736226247566068688e-12,3.193274165561783353e-12,3.183820245133776227e-12,2.940776631416301058e-12,2.935694814818192181e-12,4.390113593752031617e-12,5.737739939631000334e-12,9.048328027068659713e-12,2.490663609080521657e-12,2.630924389478985157e-12,3.131500898615341912e-12,3.980004646250154269e-12,4.635982806961284457e-12,3.445784942662077469e-12,3.034579448971433489e-12,2.659421739105434567e-12,2.996813044456180377e-12,4.129261160700328810e-12,7.363354626841059652e-12,8.948909383902188965e-12,2.523987962393690395e-12,2.367935704095172139e-12,2.818495709504877659e-12,3.228873580399510101e-12,3.599973424116150261e-12,3.109155066497527246e-12,3.379137344499947025e-12,3.393828856283657361e-12,3.495833091032576410e-12,5.868779946919866904e-12,1.139557485433764835e-11,1.977977308859616174e-12,2.388412140043608596e-12,3.472949682784815933e-12,3.208308031866163893e-12,3.993823005409548509e-12,3.228554188773708706e-12,4.097616520277564971e-12,6.506099400604464627e-12,5.535504804710203026e-12,7.264870290390248311e-12,3.906272617985662266e-12,6.938806302083955417e-12,7.452633573832534697e-12,7.193729155359799778e-12,1.101272403543666769e-11,7.713494377549613172e-12,8.581695047162724097e-12,8.606904643572108873e-04,1.600000464961856386e-11,1.208437926576418660e-11
2.905740650562652118e-12,3.852027114823686095e-12,3.119971032834624884e-12,3.183357926249993793e-12,3.431850345416176983e-12,3.207160005402519981e-12,3.217490306339827281e-12,3.837916097656447518e-12,2.981010752148791539e-12,2.809637579427538699e-12,2.389313828097220921e-12,2.930595916903210957e-12,2.906021611978554604e-12,3.245306306578964762e-12,3.191110433264847351e-12,3.703637807112742417e-12,3.646762675173366668e-12,2.957029847409126420e-12,3.129328298231277606e-12,2.899127805196715275e-12,3.150432535465314808e-12,4.721710305072820264e-12,6.405021585266752309e-12,2.730029497058035968e-12,3.135108797989507301e-12,3.221230956125884078e-12,3.425194235297637972e-12,3.797517472401617200e-12,3.246315283755818202e-12,3.237138554155455755e-12,2.988790010874110103e-12,2.983822215271552418e-12,4.458365738243661703e-12,5.829570816688774599e-12,9.197692549812131872e-12,2.531260878362019014e-12,2.673995385024516896e-12,3.181257688881575795e-12,4.037798804729846748e-12,4.700953099103392610e-12,3.501665277866626786e-12,3.083960062540452841e-12,2.703409537052335572e-12,3.045314060239093241e-12,4.190950306329854034e-12,7.460798481215476122e-12,9.069873647143432417e-12,2.564582404338560027e-12,2.406779855207743631e-12,2.863072058337578101e-12,3.279632725653402597e-12,3.657000431316208694e-12,3.159517221846238473e-12,3.432755927478977978e-12,3.448054025540028110e-12,3.552067937388716995e-12,5.958169008053864304e-12,1.154479851883470281e-11,2.010205057308168322e-12,2.426524694614936609e-12,3.524968314181113237e-12,3.258586139105924654e-12,4.054375880962603793e-12,3.279865054310746960e-12,4.161313268769996763e-12,6.593523691465992236e-12,5.620649890822113872e-12,7.376464142995700162e-12,3.966487484140729623e-12,7.019965736782170795e-12,7.540768804849409452e-12,7.284614973121575056e-12,1.110774307127678034e-11,7.823808660893740859e-12,8.718898587375699482e-12,8.606904593490430702e-04,1.612821543387777398e-11,1.221196788600324224e-11
2.954038434938382100e-12,3.917022786020490739e-12,3.172590643491363163e-12,3.236700950600782202e-12,3.489546087595158862e-12,3.260695685250214101e-12,3.270316512228007979e-12,3.900100800629756642e-12,3.029089744323454697e-12,2.855809503749821197e-12,2.428814469058154649e-12,2.979925890533859637e-12,2.954491365138164371e-12,3.299681454901923565e-12,3.244305101224705859e-12,3.764982488410591155e-12,3.704943013938420926e-12,3.005412218340409163e-12,3.180446408150295985e-12,2.947166688820702050e-12,3.202743940926618703e-12,4.798848109619195706e-12,6.507924605546901361e-12,2.774996754819830707e-12,3.185728741951832011e-12,3.274211812221684295e-12,3.481175968920941449e-12,3.858701537689906397e-12,3.299335230913479489e-12,3.290482503303681576e-12,3.036697069404353078e-12,3.031863852515278295e-12,4.526120639741348933e-12,5.920997780584072397e-12,9.346860867081164241e-12,2.571762001908092297e-12,2.716983869971894815e-12,3.230763801025063814e-12,4.094788678742515478e-12,4.764800741899709938e-12,3.557381201138884542e-12,3.133213917060642507e-12,2.747361038076143324e-12,3.093663044859284651e-12,4.251948818177758024e-12,7.556036914758654242e-12,9.188330585766556414e-12,2.605024067364737296e-12,2.445558351186673174e-12,2.907403292409561081e-12,3.330080872782430947e-12,3.713721457238095802e-12,3.209725757637002628e-12,3.486096428215454822e-12,3.502036296142705115e-12,3.608089935505267475e-12,6.046720823351452444e-12,1.169048767161509784e-11,2.042356002275486529e-12,2.464463073917332801e-12,3.576418742920262422e-12,3.308540366502813987e-12,4.114338151272628033e-12,3.330918446086409827e-12,4.224545824497334924e-12,6.679093256782229765e-12,5.705080819319064344e-12,7.487100590895899745e-12,4.026214518872701066e-12,7.098385498137934284e-12,7.626014880304106374e-12,7.373062057683872622e-12,1.119704756057490397e-11,7.932416950318690411e-12,8.855470659122525844e-12,8.606904534961717142e-04,1.624799641807758212e-11,1.233408136591142963e-11
3.002314170710659724e-12,3.982092492614710033e-12,3.225270108949633488e-12,3.290066557319782999e-12,3.547285702558673467e-12,3.314231050710132037e-12,3.323047079063217787e-12,3.962082753710125159e-12,3.076990705509774328e-12,2.901903457298404736e-12,2.468275037819691194e-12,3.029301755141936267e-12,3.002957459182030039e-12,3.354078268108347550e-12,3.297491318072978994e-12,3.826272730917877062e-12,3.762839222930641399e-12,3.053689680781491550e-12,3.231444241855802480e-12,2.995167370116844821e-12,3.255024801232131508e-12,4.875798626287914457e-12,6.610386686348919384e-12,2.819899590566861276e-12,3.236166689542724985e-12,3.327106801670982504e-12,3.537028355868077610e-12,3.919649653558577003e-12,3.352229109744592351e-12,3.343750940706671365e-12,3.084395325190536481e-12,3.079718786944126787e-12,4.593204738720930868e-12,6.011806412504925074e-12,9.495517574332472644e-12,2.612079947408906698e-12,2.759799123895414911e-12,3.279901523822593480e-12,4.150802125096557240e-12,4.827319383022862440e-12,3.612809792629601948e-12,3.182234101037597312e-12,2.791187782988324577e-12,3.141752710462201754e-12,4.312083401533479647e-12,7.648732160999421971e-12,9.303871632893439806e-12,2.645221210441506726e-12,2.484190217972459579e-12,2.951382465875678540e-12,3.380093675214157879e-12,3.769999957839305637e-12,3.259669575889430134e-12,3.539031288617724625e-12,3.555649659709264580e-12,3.663771484809473786e-12,6.134194232097664598e-12,1.183211512300874835e-11,2.074361154033337025e-12,2.502138719049776986e-12,3.627155952458108706e-12,3.358046368280969547e-12,4.173545536523376337e-12,3.381593021421833222e-12,4.287152322634356034e-12,6.762511527374834833e-12,5.788573784435133875e-12,7.596483622705207142e-12,4.085297232996359004e-12,7.173744164410808687e-12,7.708026157012221314e-12,7.458737454333947312e-12,1.128015671570902779e-11,8.038978585446200340e-12,8.991085841558832924e-12,8.606904465655414909e-04,1.635865671797972603e-11,1.245016579293006635e-11
3.050470253755157814e-12,4.047113897091419242e-12,3.277910912665601959e-12,3.343351187677859347e-12,3.604958813380911951e-12,3.367659962412993958e-12,3.375568580112587594e-12,4.023720230879529388e-12,3.124602689745373060e-12,2.947821012111813623e-12,2.507613920613517251e-12,3.078630276797226724e-12,3.051323666586417287e-12,3.408390977809535447e-12,3.350562862640496152e-12,3.887381546027847626e-12,3.820311034631749710e-12,3.101756960680454852e-12,3.282209652810515572e-12,3.043031269689231612e-12,3.307168628055678638e-12,4.952390790446106053e-12,6.712161942557957268e-12,2.864643217562720201e-12,3.286306206878720264e-12,3.379803054966579746e-12,3.592628607148116211e-12,3.980219351429983038e-12,3.404880420666457085e-12,3.396831192360123171e-12,3.131771620338866957e-12,3.127275419513052264e-12,4.659428842721390415e-12,6.101761120560267890e-12,9.643312185061322601e-12,2.652118682322501115e-12,2.802340903028227511e-12,3.328541882881799094e-12,4.205654107745201765e-12,4.888288498251119968e-12,3.667815580430707582e-12,3.230902681672061263e-12,2.834791696637719274e-12,3.189464903738780864e-12,4.371166787742626055e-12,7.738526103634052742e-12,9.416062293668006609e-12,2.685072999763747951e-12,2.522585933779527534e-12,2.994892551723019874e-12,3.429535258043907800e-12,3.825686423110565985e-12,3.309226291595607799e-12,3.591420785350608850e-12,3.608755833468929644e-12,3.718972284972111373e-12,6.220327492423921212e-12,1.196912249468917010e-11,2.106144413350065276e-12,2.539454508444638629e-12,3.677023169839748690e-12,3.406968376374777251e-12,4.231819978602839302e-12,3.431755815023868520e-12,4.348956336393295738e-12,6.843463445856645825e-12,5.870885364659072248e-12,7.704291260053498635e-12,4.143565526236596772e-12,7.245705629333223736e-12,7.786440806064235703e-12,7.541290160688431002e-12,1.135657816035932949e-11,8.143128168493517677e-12,9.125386377651903968e-12,8.606904382249661901e-04,1.645949081574004893e-11,1.255964739549207550e-11
3.098397962263749301e-12,4.111949819477034162e-12,3.330402671871083063e-12,3.396439117112155439e-12,3.662441882100672025e-12,3.420863975396191946e-12,3.427755191047997343e-12,4.084856639953876223e-12,3.171803331066516941e-12,2.993452972510827374e-12,2.546740411056560488e-12,3.127807093400789141e-12,3.099482657954108541e-12,3.462501382763788613e-12,3.403401265892039228e-12,3.948167591465213807e-12,3.877204190794073187e-12,3.149497427220740825e-12,3.332618451691927568e-12,3.090648703446126944e-12,3.359056830058838931e-12,5.028435006807375616e-12,6.812979106596898874e-12,2.909122399630848235e-12,3.336018825027332387e-12,3.432175290877367665e-12,3.647840703786334370e-12,4.040253493501359598e-12,3.457160153595518922e-12,3.449598110963809567e-12,3.178701375363526252e-12,3.174410727117918022e-12,4.724587344628157685e-12,6.190603826090568655e-12,9.789856473747682111e-12,2.691772553647113444e-12,2.844498764592675204e-12,3.376543985415268525e-12,4.259146354250131530e-12,4.947473166064160841e-12,3.722249700011326120e-12,3.279089951596174529e-12,2.878064358296294836e-12,3.236669889871173524e-12,4.428997233272597585e-12,7.825040284172723048e-12,9.524441997759169436e-12,2.724468935399965932e-12,2.560646815507090895e-12,3.037805874863092722e-12,3.478257595947796863e-12,3.880617636864995423e-12,3.358261484141910378e-12,3.643112327950319735e-12,3.661203517209948433e-12,3.773538530315459436e-12,6.304837399553349263e-12,1.210092031844711667e-11,2.137622082910370122e-12,2.576304246480427140e-12,3.725851434967146655e-12,3.455158597543244895e-12,4.288969078207249766e-12,3.481261561427794338e-12,4.409766150688133388e-12,6.921615395030928066e-12,5.951751614605792299e-12,7.810174357814454933e-12,4.200835134711474111e-12,7.313919611073052635e-12,7.860881323375452700e-12,7.620351367095179666e-12,1.142580942555530298e-11,8.244475010760528002e-12,9.257980205535485604e-12,8.606904279812989476e-04,1.654978079895076001e-11,1.266193426397290452e-11
3.145976532640660758e-12,4.176446869014660285e-12,3.382622053424306756e-12,3.449201392040515428e-12,3.719597027234825852e-12,3.473711288633629304e-12,3.479467737509225631e-12,4.145319472632311870e-12,3.218458062865924925e-12,3.038678543401875607e-12,2.585553981911518005e-12,3.176715710343760840e-12,3.147315060577400359e-12,3.516277760598719665e-12,3.455874773922682298e-12,4.008474001459617211e-12,3.933349552577012677e-12,3.196782241140690179e-12,3.382533512071096084e-12,3.137897978831119956e-12,3.410557712684827461e-12,5.103721762300788205e-12,6.912539822928830469e-12,2.953220635943225262e-12,3.385163211833827108e-12,3.484084852631954420e-12,3.702514409867051259e-12,4.099579275624502957e-12,3.508925859146790044e-12,3.501913094690570129e-12,3.225047840380180934e-12,3.220989491160653164e-12,4.788457491390027401e-12,6.278052689012282280e-12,9.934721909249611346e-12,2.730925664394295985e-12,2.886151385433837902e-12,3.423754383731265705e-12,4.311067088397416710e-12,5.004623943199952549e-12,3.775949058086244369e-12,3.326653675450074573e-12,2.920886257734675853e-12,3.283225640690476257e-12,4.485358087710481813e-12,7.907876091891613942e-12,9.628524176888332411e-12,2.763288283922904953e-12,2.598264398035228742e-12,3.079983564084135293e-12,3.526099917779368825e-12,3.934615962000700920e-12,3.406627952640481304e-12,3.693939778892336522e-12,3.712827667093598400e-12,3.827302116297284953e-12,6.387418497045190695e-12,1.222688843832443424e-11,2.168702373183248434e-12,2.612572162143339027e-12,3.773459224930096286e-12,3.502456638922845246e-12,4.344785591141856503e-12,3.529952036840722394e-12,4.469374081735111240e-12,6.996615283817241496e-12,6.030887235671025697e-12,7.913755517495465929e-12,4.256907033378183433e-12,7.378022327006196752e-12,7.930955219160890085e-12,7.695534877951928123e-12,1.148733964461846432e-11,8.342602753726440972e-12,9.388439102569610537e-12,8.606904150629174138e-04,1.662879888188197846e-11,1.275641973750875137e-11
3.193072261031298755e-12,4.240434074394771036e-12,3.434431690562312396e-12,3.501494683487588921e-12,3.776270869410965696e-12,3.526055719207683895e-12,3.530552799022087266e-12,4.204919334599002306e-12,3.264419389374537467e-12,3.083364541755538597e-12,2.623943592017656888e-12,3.225226517225356478e-12,3.194688540253147839e-12,3.569573818758465766e-12,3.507837354631335590e-12,4.068127273057777494e-12,3.988562301286670795e-12,3.243469558154890381e-12,3.431803936526491853e-12,3.184644534812540519e-12,3.461525521126656842e-12,5.178020323702704907e-12,7.010517099967017629e-12,2.996809371281260996e-12,3.433584412989213233e-12,3.535378800898165817e-12,3.756484351974250558e-12,4.158007316258556469e-12,3.560020781796544098e-12,3.553623159784495867e-12,3.270661416134215323e-12,3.266863593077161607e-12,4.850798798361636727e-12,6.363801017594630620e-12,1.007743587062318661e-11,2.769451299807845723e-12,2.927165939930908543e-12,3.470006530189535765e-12,4.361190911780406627e-12,5.059476918302377557e-12,3.828735585526647940e-12,3.373438411294354475e-12,2.963126104645446610e-12,3.328977199913631335e-12,4.540017511928143197e-12,7.986615257057549249e-12,9.727796676075467586e-12,2.801399575987282385e-12,2.635319864233336824e-12,3.121275086688402731e-12,3.572888210839013165e-12,3.987488733639307848e-12,3.454165051176286760e-12,3.743722873973128950e-12,3.763448866427406932e-12,3.880079942280304353e-12,6.467742510279480398e-12,1.234637689927239163e-11,2.199284946101813141e-12,2.648132463900070389e-12,3.819652192594813235e-12,3.548689023025053115e-12,4.399047064945444211e-12,3.577655495631836245e-12,4.527555931728538949e-12,7.068092896500330180e-12,6.107984947890218111e-12,8.014628284965080750e-12,4.311565753980299348e-12,7.437637405341585363e-12,7.996255976380357039e-12,7.766437800379644919e-12,1.154065155565246378e-11,8.437069324776602396e-12,9.516296203137015406e-12,8.606903981739480241e-04,1.669581040296258892e-11,1.284247367307211180e-11
3.239537574781820169e-12,4.303721507575236262e-12,3.485679069321870402e-12,3.553160294931317056e-12,3.832293318299177396e-12,3.577735639014852819e-12,3.580841776588039083e-12,4.263448970994356667e-12,3.309526160869733784e-12,3.127364576284089182e-12,2.661786946424698773e-12,3.273195743347093162e-12,3.241456842443949868e-12,3.622227573112716568e-12,3.559127640942091845e-12,4.126936110167951227e-12,4.042641142194660011e-12,3.289403694999367469e-12,3.480264188771063127e-12,3.230740028269503708e-12,3.511799433375775733e-12,5.251077458255140960e-12,7.106553888237459050e-12,3.039747190503326237e-12,3.481113072700787727e-12,3.585888964252907585e-12,3.809569067583565033e-12,4.215330742508225597e-12,3.610272962948457724e-12,3.604559971207408119e-12,3.315378961064914906e-12,3.311871291133312524e-12,4.911352532528167840e-12,6.447516262497962582e-12,1.021748072021947466e-11,2.807211353470651620e-12,2.967397458423915876e-12,3.515120245668691889e-12,4.409278766755273204e-12,5.111753877207222533e-12,3.880415491697744466e-12,3.419274822270889011e-12,3.004640107489308681e-12,3.373756043623211845e-12,4.592728274836915540e-12,8.060820562217295576e-12,9.821722593430095936e-12,2.838660101794696374e-12,2.671683452999282336e-12,3.161517794654974547e-12,3.618434748917381205e-12,4.039027680951527225e-12,3.500698020488607717e-12,3.792266663137303936e-12,3.812872711462867013e-12,3.931673224840753385e-12,6.545457914789534827e-12,1.245870735274991673e-11,2.229260459170143246e-12,2.682848910378050904e-12,3.864222976832572571e-12,3.593668746823436272e-12,4.451515544203517979e-12,3.624186122211911726e-12,4.584070501310466702e-12,7.135660424268112122e-12,6.182714978286788493e-12,8.112356558898101409e-12,4.364580159177162630e-12,7.492376985453370085e-12,8.056364210303397875e-12,7.832641460057054207e-12,1.158522370147790145e-11,8.527407132786041351e-12,9.641045464737760045e-12,8.606903749044001687e-04,1.675007714436853624e-11,1.291945537913548838e-11
3.285210145905829148e-12,4.366098927793656642e-12,3.536195433672056531e-12,3.604023113205891625e-12,3.887476402821903489e-12,3.628572952224931513e-12,3.630150039358869775e-12,4.320682397995738847e-12,3.353602921957511608e-12,3.170518290118350893e-12,2.698949808700914763e-12,3.320464448668248417e-12,3.287458872304001861e-12,3.674060284369950543e-12,3.609567937506308017e-12,4.184690346164628672e-12,4.095367626370768723e-12,3.334414372060881302e-12,3.527733309292281884e-12,3.276021483852072167e-12,3.561202616557882428e-12,5.322616264729279273e-12,7.200261854478193586e-12,3.081879054449069733e-12,3.527564747628122078e-12,3.635431069129195265e-12,3.861570144411868442e-12,4.271324389733891038e-12,3.659494429603019306e-12,3.654538949407046903e-12,3.359023191625164842e-12,3.355836587317443113e-12,4.969841370370625280e-12,6.528839228582299749e-12,1.035429174027091419e-11,2.844055822203397177e-12,3.006688265613509635e-12,3.558901303977027087e-12,4.455078067740216775e-12,5.161162661732596227e-12,3.930778634664124724e-12,3.463979087144831169e-12,3.045271325971479974e-12,3.417379541667790977e-12,4.643227723993325331e-12,8.130036860644666366e-12,9.909741471984546785e-12,2.874915492124577632e-12,2.707213936534816726e-12,3.200536575449181341e-12,3.662537744659912379e-12,4.089008483969086353e-12,3.546037424366152895e-12,3.839361077695468318e-12,3.860889320582444094e-12,3.981866934510502346e-12,6.620189756829106347e-12,1.256317494670060161e-11,2.258510164926094412e-12,2.716574455436718640e-12,3.906951147229715871e-12,3.637194952989893806e-12,4.501937441184286516e-12,3.669343602757659666e-12,4.638659265308854061e-12,7.198913267878794372e-12,6.254724781208981417e-12,8.206474317555344943e-12,4.415703239049591315e-12,7.541843044075612744e-12,8.110849084295084876e-12,7.893712583715853246e-12,1.162053288470107649e-11,8.613123617776851318e-12,9.762140588780744360e-12,8.606903399739774651e-04,1.679086102990562975e-11,1.298671477503284775e-11
3.329910536942415848e-12,4.427331516555469384e-12,3.585792794388625043e-12,3.653888675600544370e-12,3.941610861120893117e-12,3.678370229112185370e-12,3.678274418600389930e-12,4.376371871288203638e-12,3.396458004346284724e-12,3.212649338640199882e-12,2.735284360830839721e-12,3.366855864705981731e-12,3.332516272513523242e-12,3.724873443569893770e-12,3.658961414057693780e-12,4.241157531224222159e-12,4.146503696888070065e-12,3.378314596523303542e-12,3.574012622572094782e-12,3.320309014252876347e-12,3.609539566509143830e-12,5.392331536099582400e-12,7.291214332771733906e-12,3.123034330079099739e-12,3.572737817655618375e-12,3.683802193364213109e-12,3.912269541362491986e-12,4.325741956260819004e-12,3.707478759426078061e-12,3.703356660565133444e-12,3.401400866116252409e-12,3.398567347903702399e-12,5.025966971953135255e-12,6.607379078235165106e-12,1.048724219203745452e-11,2.879821444431800759e-12,3.044866432109873118e-12,3.601139847944329814e-12,4.498321570654783348e-12,5.207395999211331671e-12,3.979596282287709186e-12,3.507351042278698924e-12,3.084847938068946526e-12,3.459649225496522092e-12,4.691236228455990440e-12,8.193788730943514074e-12,9.991265131253745651e-12,2.909998492569154095e-12,2.741757290411824664e-12,3.238142587921056795e-12,3.704979829679947720e-12,4.137188799958670634e-12,3.589977291751840085e-12,3.884779141179299606e-12,3.907271419162631841e-12,4.030427656533722832e-12,6.691536040141588478e-12,1.265904214193094620e-11,2.286904975125608995e-12,2.749150209050826861e-12,3.947602074591963525e-12,3.679051466175401151e-12,4.550041885597210089e-12,3.712911450987412735e-12,4.691044241362378703e-12,7.257428121690544309e-12,6.323635572061770224e-12,8.296479813497755613e-12,4.464670214131131425e-12,7.585626493290778703e-12,8.159267083385102561e-12,7.949201635681327738e-12,1.164605292240019245e-11,8.693697097482207159e-12,9.878984404600666378e-12,8.606902772328581990e-04,1.681742037213411752e-11,1.304358896289982345e-11
3.373378908452382805e-12,4.487036040177529488e-12,3.634183094170747497e-12,3.702462766549912162e-12,3.994370611448942251e-12,3.726831331799342383e-12,3.724921319446610879e-12,4.430153247968723022e-12,3.437827975231630510e-12,3.253510289865682533e-12,2.770587789079319774e-12,3.412105111995974875e-12,3.376368623510459858e-12,3.774365260981463905e-12,3.707014141311478565e-12,4.295982243071412126e-12,4.195713114425337880e-12,3.420841195007144768e-12,3.618819773635563150e-12,3.363343972594724333e-12,3.656522104376608435e-12,5.459739285741307299e-12,7.378693011475702467e-12,3.162974088709940809e-12,3.616351560511906666e-12,3.730707908871287062e-12,3.961350293834892890e-12,4.378226188006920590e-12,3.753930173259228733e-12,3.750716376066743835e-12,3.442248702803404615e-12,3.439800081331788080e-12,5.079316290077599890e-12,6.682528305845309391e-12,1.061508625010486131e-11,2.914293312609191868e-12,3.081701790758839084e-12,3.641557511199363765e-12,4.538668910098280955e-12,5.250060975519755489e-12,4.026549668920723994e-12,3.549117694283530494e-12,3.123135366032272562e-12,3.500297376015934947e-12,4.736387187121427714e-12,8.251428904143895253e-12,1.006543892566123412e-11,2.943692354901405904e-12,2.775110618606397760e-12,3.274091429320484954e-12,3.745474730078886633e-12,4.183239417039333668e-12,3.632237343827066497e-12,3.928215804414963828e-12,3.951710411941465443e-12,4.077033267329148181e-12,6.758914283996919162e-12,1.274518196639527584e-11,2.314281275770176275e-12,2.780374037276311161e-12,3.985877055245656620e-12,3.718955013380950671e-12,4.595471261792109422e-12,3.754600727476325703e-12,4.740846448201829214e-12,7.310639812910363101e-12,6.388900014897601965e-12,8.381590892448653797e-12,4.511127118055479021e-12,7.623206447795747600e-12,8.201043008806315935e-12,7.998514216703878510e-12,1.166109228166195074e-11,8.768366574131961764e-12,9.990513121062343003e-12,8.606899985082023218e-04,1.682868622639831177e-11,1.308914456780332018e-11
3.415740984842913623e-12,4.545593340281820647e-12,3.681572254748244634e-12,3.749942932341885628e-12,4.046016439906723718e-12,3.774146200294527448e-12,3.770237075327284658e-12,4.482247401064134258e-12,3.477788833605388917e-12,3.293188423370839032e-12,2.804905989047308904e-12,3.456375343885852499e-12,3.419150217781468793e-12,3.822744787421426993e-12,3.753908715817358339e-12,4.349429483199923077e-12,4.243144588898915346e-12,3.462093208357225522e-12,3.662275486118192204e-12,3.405243780161202617e-12,3.702314305864741907e-12,5.525293506518279938e-12,7.463573613284430903e-12,3.201779414928347196e-12,3.658504020318534278e-12,3.776299524388333160e-12,4.008982309075378025e-12,4.428974795263118520e-12,3.798987124231508930e-12,3.796776965850697996e-12,3.481633548714527409e-12,3.479608215315427285e-12,5.130062936361948649e-12,6.754844021090657006e-12,1.074010611935223913e-11,2.947488717177763777e-12,3.117230800999262144e-12,3.680200981480188825e-12,4.576148808054669759e-12,5.289214756277857525e-12,4.071760163416922946e-12,3.589351601135652301e-12,3.160189176095059919e-12,3.539382999068937867e-12,4.778754076240668267e-12,8.303292178173385824e-12,1.013295087064477094e-11,2.976002118521105284e-12,2.807288116208690901e-12,3.308394579269519406e-12,3.784065032243887606e-12,4.227257494898704132e-12,3.672891366050007251e-12,3.969743539537292159e-12,3.994291975480169325e-12,4.121795593375547037e-12,6.822714337256255355e-12,1.282278245602159962e-11,2.340619212615341740e-12,2.810233798634544937e-12,4.021789243308063550e-12,3.756942221852632715e-12,4.638303094435080137e-12,3.794468985684975811e-12,4.788196125981684379e-12,7.358778588531477124e-12,6.450869842508597455e-12,8.462581313557544784e-12,4.555165708537375741e-12,7.654724497652724050e-12,8.236383327183020907e-12,8.041893267003025087e-12,1.166604815703725693e-11,8.837720552428766608e-12,1.009830134680438104e-11,8.395954285231689357e-04,1.682575110545835938e-11,1.312414753614217915e-11
3.457438394729128945e-12,4.604009360806150114e-12,3.728570649160162985e-12,3.796929423567713878e-12,4.097289644798037229e-12,3.820902939902437123e-12,3.814728674046009818e-12,4.533355177061254946e-12,3.516695319903690847e-12,3.332045380108659668e-12,2.838488477836357774e-12,3.500180200330544129e-12,3.461318684610352055e-12,3.870639335477284682e-12,3.800217998951327838e-12,4.402272423719519331e-12,4.289345350737887754e-12,3.502466675574228759e-12,3.704831043087270480e-12,3.446433940195069282e-12,3.747450746861092095e-12,5.590216146930591829e-12,7.548033819493401193e-12,3.239793703619484257e-12,3.699604178209395441e-12,3.821093699266459569e-12,4.055734733233228356e-12,4.478641042945412147e-12,3.843144190260189536e-12,3.842070698438405390e-12,3.519893439781494815e-12,3.518341823774072666e-12,5.178864926359405121e-12,6.825838745076583037e-12,1.086743879788256475e-11,2.979615656025741054e-12,3.151708820605780948e-12,3.717384852216219245e-12,4.611097828686447094e-12,5.325291355961949696e-12,4.115710955300445918e-12,3.628409293090690282e-12,3.196302908760987411e-12,3.577233766039145006e-12,4.818775884783828705e-12,8.350537048267405980e-12,1.019577436266863254e-11,3.007115242311438499e-12,2.838482075368253926e-12,3.341274517423351681e-12,3.821064743656088736e-12,4.269691689604176549e-12,3.712304267259436778e-12,4.009746008146917673e-12,4.035426495574919261e-12,4.165183529090014980e-12,6.884128933934046051e-12,1.289495762376664307e-11,2.366016792172818216e-12,2.838873762471645386e-12,4.055610953705922288e-12,3.793313921148886138e-12,4.678975641503083046e-12,3.832859342786286232e-12,4.833644153497147936e-12,7.402741822763617312e-12,6.510638673586283564e-12,8.541503791109074306e-12,4.597246436649144158e-12,7.680886437724516088e-12,8.266158702893397050e-12,8.080288213736643773e-12,1.166226095370375589e-11,8.903466949026811592e-12,1.020607178486693444e-11,7.569230991364838020e-04,1.681156985639093104e-11,1.315080880401738631e-11
3.497868927200575992e-12,4.661262967725608472e-12,3.774463206703673515e-12,3.842701862254761990e-12,4.147363606033555422e-12,3.866383313334304770e-12,3.857716127551276263e-12,4.582610812828866961e-12,3.553978463450800988e-12,3.369531871261976420e-12,2.870900815671933797e-12,3.542879750209009924e-12,3.502264141655250959e-12,3.917305872842235595e-12,3.845233407180302239e-12,4.453626937304803274e-12,4.333557357294285083e-12,3.541374287793970958e-12,3.745847089150217822e-12,3.486320869944300098e-12,3.791247567018658104e-12,5.653245901224606187e-12,7.630072487459493033e-12,3.276488105767451410e-12,3.739033984688501907e-12,3.864405018277075885e-12,4.100866727828556425e-12,4.526389909799708484e-12,3.885723661900069712e-12,3.885902078205686178e-12,3.556467321976429246e-12,3.555433965066740424e-12,5.224811715759772591e-12,6.893953412974278700e-12,1.099309111798639274e-11,3.010241680494142578e-12,3.184659572937878759e-12,3.752539095248308195e-12,4.642860892612272219e-12,5.357525647565897865e-12,4.157697368933070903e-12,3.665707684349199189e-12,3.230976330813352977e-12,3.613287443884237301e-12,4.855710563962269569e-12,8.391749228410007262e-12,1.025185786896649037e-11,3.036606838608773931e-12,2.868284306112225389e-12,3.372251960746497681e-12,3.855893941970690171e-12,4.309839963075556268e-12,3.749879071833451280e-12,4.047584307571345366e-12,4.074457392626188601e-12,4.206494581370642153e-12,6.941781071850347196e-12,1.295881430759411604e-11,2.390167106169178081e-12,2.865910686711479424e-12,4.086769667967652308e-12,3.827500774504516028e-12,4.716757395251679454e-12,3.869173839637709711e-12,4.876375208370694522e-12,7.441335318537305732e-12,6.566919462918493356e-12,8.616330748592566657e-12,4.636630310264877997e-12,7.700671348283068413e-12,8.289203197988952769e-12,8.112458107778113860e-12,1.164827775648873676e-11,8.963776782312729541e-12,1.031068302958608033e-11,6.290686821128384232e-04,1.678355550579264875e-11,1.316695412506795494e-11
3.536574217593344582e-12,4.716629294920387526e-12,3.818722863560912597e-12,3.886726407606904254e-12,4.195636120431587568e-12,3.910052831284818027e-12,3.898684184154855044e-12,4.629369220389406388e-12,3.589194061914130246e-12,3.405222270920455084e-12,2.901799186301826813e-12,3.583995639280967096e-12,3.541524399614775521e-12,3.962195598127281778e-12,3.888426555789408279e-12,4.502845296450253009e-12,4.375203608606916697e-12,3.578363046581300348e-12,3.784834438422420965e-12,3.524451275628491992e-12,3.833191119548757777e-12,5.713482156538611553e-12,7.708309069215311679e-12,3.311451620551157427e-12,3.776315687380456390e-12,3.905715242633455133e-12,4.143820364176610500e-12,4.571595069898713359e-12,3.926210091513759565e-12,3.927746701525192826e-12,3.590915457944172334e-12,3.590441727583956716e-12,5.267211725816915491e-12,6.958074910413807748e-12,1.111447904901327690e-11,3.039017943369882573e-12,3.215703724001641720e-12,3.785212661064853861e-12,4.670918527734427682e-12,5.385318739141781856e-12,4.197178345306968531e-12,3.700790876467240012e-12,3.263815400021631794e-12,3.647101638847441085e-12,4.888978522435784925e-12,8.425881624864368399e-12,1.029973251606803834e-11,3.064131716319721725e-12,2.896364637788259358e-12,3.400940225085624477e-12,3.888093064579725523e-12,4.347158007066362326e-12,3.785149179144991761e-12,4.082758575289901610e-12,4.110873659391864734e-12,4.245187260867644731e-12,6.994660945279949651e-12,1.301233707582370528e-11,2.412813402053343432e-12,2.891028871474610561e-12,4.114806590359056449e-12,3.859050154117119728e-12,4.751077471571768271e-12,3.902941702335863639e-12,4.915763181242081267e-12,7.473661477975655356e-12,6.618764474030076327e-12,8.685630299534994229e-12,4.672742981828065199e-12,7.713304381141005389e-12,8.304641433913924117e-12,8.137474194189139865e-12,1.162304690840599565e-11,9.017331216629996680e-12,1.041002797054803666e-11,4.739641120939718042e-04,1.673991567408087547e-11,1.317104261746658332e-11
3.573048736146150589e-12,4.769304133373915920e-12,3.860765933418749013e-12,3.928412523866762624e-12,4.241440318427500668e-12,3.951320809314606054e-12,3.937065051038226653e-12,4.672919750700921369e-12,3.621855127024880070e-12,3.438648357080465661e-12,2.930805568057059912e-12,3.622998662193928478e-12,3.578589299352613638e-12,4.004701130786333093e-12,3.929213368494937265e-12,4.549211417529847579e-12,4.413650529059253732e-12,3.612934640253873976e-12,3.821254722178156544e-12,3.560325276041788478e-12,3.872714260989504791e-12,5.769929164892484771e-12,7.781214664388302267e-12,3.344232238886062950e-12,3.810924720304690990e-12,3.944453018877185628e-12,4.183980828374882542e-12,4.613567222941300243e-12,3.964035986628297690e-12,3.967026212063843723e-12,3.622756091866417829e-12,3.622879454132803653e-12,5.305308540683258077e-12,7.016975308031006870e-12,1.122873349957504117e-11,3.065563569308891726e-12,3.244426200194241200e-12,3.814913612439559284e-12,4.694709171834632457e-12,5.408023231506540555e-12,4.233560419340692610e-12,3.733159508574852641e-12,3.294387821367369715e-12,3.678192445843342198e-12,4.917950254318114033e-12,8.451792151348106798e-12,1.033778447431694406e-11,3.089313949115613617e-12,2.922362229956915921e-12,3.426918827546949520e-12,3.917161597092913275e-12,4.381050957418817660e-12,3.817603785635658871e-12,4.114722987403970074e-12,4.144116537412131383e-12,4.280668403133407073e-12,7.041660557203295187e-12,1.305330075425501400e-11,2.433676436885612963e-12,2.913885560989529104e-12,4.139225456152170470e-12,3.887469652493746381e-12,4.781315021020958354e-12,3.933649154408757372e-12,4.951124213293764231e-12,7.498743924864469463e-12,6.665133801768373277e-12,8.747823583451262538e-12,4.704958798911378909e-12,7.717947736540420560e-12,8.311523962806931238e-12,8.154326754394607629e-12,1.158541807391348637e-11,9.062682488370951850e-12,1.050177080058979639e-11,3.111903382240042851e-04,1.667865958418480036e-11,1.316137723557596843e-11
3.606749651394190662e-12,4.818421782673050344e-12,3.899963905089257097e-12,3.967125066038637723e-12,4.284058735840757583e-12,3.989552458794334564e-12,3.972250225870590925e-12,4.712502152355436369e-12,3.651441521300421090e-12,3.469308386906212522e-12,2.957514451389779883e-12,3.659319165851462124e-12,3.612910652594309186e-12,4.044169208148358371e-12,3.966966207057065785e-12,4.591956703340248076e-12,4.448221934767854456e-12,3.644555412837079886e-12,3.854531478121150541e-12,3.593406303056538202e-12,3.909208017507637251e-12,5.821520047795359342e-12,7.847152743969901916e-12,3.374345458681140828e-12,3.842300505136213003e-12,3.980005816659849424e-12,4.220689635615964136e-12,4.651569555618870973e-12,3.998593692644798794e-12,4.003120389790074802e-12,3.651475117757160633e-12,3.652228487110120873e-12,5.338298859377678473e-12,7.069343856721762197e-12,1.133277996805240107e-11,3.089472575560998934e-12,3.270384033620284985e-12,3.841119244816241325e-12,4.713641726894789957e-12,5.424958497143870029e-12,4.266210572352630444e-12,3.762280933933045874e-12,3.322231282210343569e-12,3.706044233315491040e-12,4.941960763145076592e-12,8.468275045357560601e-12,1.036430205155193032e-11,3.111753791395719488e-12,2.945891993831565967e-12,3.449741660773222455e-12,3.942568495197538981e-12,4.410886449928190757e-12,3.846698413941068231e-12,4.142897408773229604e-12,4.173591490235422714e-12,4.312306079558989776e-12,7.081602667159547526e-12,1.307933833050599863e-11,2.452458870898800142e-12,2.934116984818988384e-12,4.159502952581450436e-12,3.912237174268609854e-12,4.806813307014077680e-12,3.960750151210979640e-12,4.981732489872550130e-12,7.515553373789530780e-12,6.704922130102971392e-12,8.801228505705781594e-12,4.732614686055188752e-12,7.713722940204589042e-12,8.308853073390383511e-12,8.161952570679132652e-12,1.153417679949704047e-11,9.098294445880242048e-12,1.058341329901162895e-11,1.620984812724101949e-04,1.659766199018584507e-11,1.313615630119331176e-11
3.637087121141251881e-12,4.863034802701187849e-12,3.935630453995661335e-12,4.002171661199047098e-12,4.322707870221388356e-12,4.024056469415761145e-12,4.003579994000262916e-12,4.747292828325453546e-12,3.677392209293420229e-12,3.496659104222797065e-12,2.981486846903458516e-12,3.692335841464961440e-12,3.643892213633297823e-12,4.079887667694341806e-12,4.001001957347035095e-12,4.630244582866433588e-12,4.478188242984390142e-12,3.672647895880271091e-12,3.884040745510999167e-12,3.623111934168336016e-12,3.942010361563901238e-12,5.867093595720378196e-12,7.904339822164689940e-12,3.401266479084505673e-12,3.869837923272515293e-12,4.011709269995569879e-12,4.253233137808713495e-12,4.684804972981210012e-12,4.029225199518234990e-12,4.035356144008164643e-12,3.676518838044854645e-12,3.677929678950745543e-12,5.365320264182659196e-12,7.113759798757077986e-12,1.142324221015991227e-11,3.110308795850370925e-12,3.293100509748451614e-12,3.863269451432339609e-12,4.727088821629835088e-12,5.435402379219301893e-12,4.294446580510998121e-12,3.787581694952651010e-12,3.346846841904474445e-12,3.730102655451574968e-12,4.960301118420611891e-12,8.474040861736783917e-12,1.037744257906094156e-11,3.131023115297599452e-12,2.966539820634915299e-12,3.468931915023806138e-12,3.963745620097279352e-12,4.435985747909246813e-12,3.871847290520767425e-12,4.166659610560480090e-12,4.198659922206840647e-12,4.339420275799706199e-12,7.113219797453103768e-12,1.308788786451073578e-11,2.468842173316655397e-12,2.951334498339077754e-12,4.175082893810602160e-12,3.932794478263012245e-12,4.826871223995890291e-12,3.983659270645891293e-12,5.006809794663810243e-12,7.522991841545035058e-12,6.736939327614178899e-12,8.844024145060636461e-12,4.755001203105198579e-12,7.699698121629364339e-12,8.295567356870473358e-12,8.159218449976794067e-12,1.146802033407925762e-11,9.122513388778933114e-12,1.065222831874585822e-11,4.993942003177445524e-05,1.649460869822313909e-11,1.309343636179085693e-11
3.663233599876048107e-12,4.901740537194819610e-12,3.966778369316059983e-12,4.032560578528326244e-12,4.356250330570548808e-12,4.053845671797491969e-12,4.030126098934749380e-12,4.776116975773233250e-12,3.698936615519107910e-12,3.519949517656911200e-12,3.002125890172840987e-12,3.721164589120139951e-12,3.670694554011658540e-12,4.110834078110512621e-12,4.030347170695864710e-12,4.662866020288930984e-12,4.502526815113968262e-12,3.696411118713627114e-12,3.908911505688893677e-12,3.648627618203302694e-12,3.970183102666293238e-12,5.904935835660776934e-12,7.950068006873841332e-12,3.424271209835367915e-12,3.892699427011272529e-12,4.038627023138085535e-12,4.280602341381971027e-12,4.712142649481109024e-12,4.055007489358347548e-12,4.062782641166666371e-12,3.697129678524250492e-12,3.699215840579920662e-12,5.385161054006840519e-12,7.148121930501639586e-12,1.149472833449593536e-11,3.127489446816714684e-12,3.311931876680259770e-12,3.880604665468615620e-12,4.734202349075002357e-12,5.438366291094508765e-12,4.317319094382291233e-12,3.808275689174293875e-12,3.367554246692536651e-12,3.749611943875920401e-12,4.971999358327927429e-12,8.467225304603074491e-12,1.037446251437579121e-11,3.146553957964592150e-12,2.983753504575534296e-12,3.483853850934439992e-12,3.979923727788563976e-12,4.455412183961366522e-12,3.892247312693229233e-12,4.185157568384003599e-12,4.218443386268451946e-12,4.361067852117368390e-12,7.134674679240034322e-12,1.307503264472317757e-11,2.482413514637233693e-12,2.965028764396508284e-12,4.185220252039005820e-12,3.948387610072380944e-12,4.840526833825832110e-12,4.001579178111268953e-12,5.025273175468362212e-12,7.519495270025578656e-12,6.759467230209295608e-12,8.873485860362865415e-12,4.771141074090185760e-12,7.674553252209096602e-12,8.270146980840456669e-12,8.144500561552778237e-12,1.138499536609404625e-11,9.132898781042291528e-12,1.070397146699786619e-11,1.656667739530658228e-09,1.636587111522105571e-11,1.303026379601147365e-11
3.684973701883198554e-12,4.934331829134518385e-12,3.993196383987283344e-12,4.058075437816245732e-12,4.384471048623684145e-12,4.078701114065718618e-12,4.051662445541855083e-12,4.798736350960551896e-12,3.715852204475193549e-12,3.538964159948882173e-12,3.019232567268704829e-12,3.745595306637129443e-12,3.693103529847856467e-12,4.136791412084902546e-12,4.054782322738457857e-12,4.689594365934903145e-12,4.520998268609037430e-12,3.715624471409993765e-12,3.928918338580600837e-12,3.669737105269792002e-12,3.993505444616924874e-12,5.934820860590194701e-12,7.984158472635535024e-12,3.443147140357948890e-12,3.910657933709740334e-12,4.060533432063938480e-12,4.302566227041609135e-12,4.733342948561634889e-12,4.075712517881916606e-12,4.085174604021863896e-12,3.713084815289092394e-12,3.715864288384944651e-12,5.397570790664448138e-12,7.172200580508700573e-12,1.154735811268222803e-11,3.140809935776188912e-12,3.326666883592576724e-12,3.892898323654969533e-12,4.734754911248513501e-12,5.433621798133122276e-12,4.334591300309000784e-12,3.824137106096146472e-12,3.384140821467151013e-12,3.764347832909359013e-12,4.976816308240831359e-12,8.447619490133369883e-12,1.035519158347911597e-11,3.158142212938719326e-12,2.997333577961454173e-12,3.494293629019437123e-12,3.990874952107455835e-12,4.468926308941514559e-12,3.907670510644236393e-12,4.198157276224646550e-12,4.232706709147101910e-12,4.377010780133947554e-12,7.145721464578986805e-12,1.304071296600771610e-11,2.492995926045510301e-12,2.975004023142610814e-12,4.189691820679770902e-12,3.958790035730730098e-12,4.847539928925168017e-12,4.014280113081699620e-12,5.036875807114505162e-12,7.504841317839623024e-12,6.772256715527698928e-12,8.889411861221327861e-12,4.780792052874160450e-12,7.638110292229100431e-12,8.232414756098544135e-12,8.117599744623939054e-12,1.128506291935508004e-11,9.129241690902212184e-12,1.073858862186791474e-11,3.116398405965528163e-10,1.621160229853265816e-11,1.294660567575043117e-11
3.703073676669885799e-12,4.962521587115172244e-12,4.015917479067175051e-12,4.079743699992042685e-12,4.408634359066761484e-12,4.099636121047013584e-12,4.069089800550052355e-12,4.816418043902484436e-12,3.728796329594043511e-12,3.554346699436233003e-12,3.033246242753277127e-12,3.766498159039649351e-12,3.711907719405365121e-12,4.158834357100333442e-12,4.075297175299391517e-12,4.711780364333506160e-12,4.534622293777720072e-12,3.730998697840962688e-12,3.944872058372232136e-12,3.687183797013643950e-12,4.012907310807091044e-12,5.958920254123114035e-12,8.010533231598962625e-12,3.458502439551920514e-12,3.924466616448290383e-12,4.078343416250861917e-12,4.320142889610346010e-12,4.749598762086872125e-12,4.092227824637764138e-12,4.103471039046347791e-12,3.725020226337803025e-12,3.728526671436602620e-12,5.403849350619780694e-12,7.188794619819065255e-12,1.159029133856083919e-11,3.150673055656696517e-12,3.337788788837173169e-12,3.900780791210785053e-12,4.729521091908781836e-12,5.422170835301165501e-12,4.347171605715041399e-12,3.835840123263907850e-12,3.397144416017320523e-12,3.774939944931651573e-12,4.975695219574752546e-12,8.417721766667986613e-12,1.032368714844923060e-11,3.166168452499549517e-12,3.007647109469925499e-12,3.500715670643111657e-12,3.997242202338287825e-12,4.477410452145825921e-12,3.918812949617286014e-12,4.206418674558155302e-12,4.242249066242822925e-12,4.388144735947953331e-12,7.148694244661676761e-12,1.299125918612479654e-11,2.500791842196514767e-12,2.981568541016445103e-12,4.189115277443460354e-12,3.964623632575611861e-12,4.848834023566143346e-12,4.022444913011811524e-12,5.042718359724351438e-12,7.480994401182495206e-12,6.777436776494546542e-12,8.895710232326866171e-12,4.784897250954950902e-12,7.592062186440652968e-12,8.184396282632153187e-12,8.080648306907735751e-12,1.117137585472955018e-11,9.114980105520161200e-12,1.076288323108501495e-11,2.274332306221916344e-10,1.603834048751370743e-11,1.284730099289381956e-11
3.716775235071360077e-12,4.985062655509001958e-12,4.034041388871239312e-12,4.096664486439072808e-12,4.427716059756927511e-12,4.115755819020055521e-12,4.081570704430333261e-12,4.828127236751481888e-12,3.737070926949147390e-12,3.565408374268161770e-12,3.043607680832242961e-12,3.783061254722296723e-12,3.726337143119766952e-12,4.176036680904311153e-12,4.091009165731571172e-12,4.728348898706347191e-12,4.542496436029917535e-12,3.741804544313547961e-12,3.955985305697268772e-12,3.700221705129068624e-12,4.027537653242525260e-12,5.975755718934749787e-12,8.026936911012742951e-12,3.469670232469358361e-12,3.933370954459229278e-12,4.091211918564311674e-12,4.332429795027946417e-12,4.759914236369219145e-12,4.103722712456381326e-12,4.116813915588716582e-12,3.732251050350054288e-12,3.736508411901518764e-12,5.402963333415398836e-12,7.196147783072567190e-12,1.161916723847265341e-11,3.156542069910823166e-12,3.344707554218217219e-12,3.903575966081876133e-12,4.717783255627376729e-12,5.403196472971546165e-12,4.354218954461564029e-12,3.842677384394317722e-12,3.405940217417186104e-12,3.780708385804411648e-12,4.967810575285296877e-12,8.376070115480611584e-12,1.027782023694288543e-11,3.170112736851520767e-12,3.014181396756483845e-12,3.502548272579106565e-12,3.998345269194304756e-12,4.480044383540404821e-12,3.924954996972902065e-12,4.209190055748498320e-12,4.246294243872132632e-12,4.393637465892390069e-12,7.142078545171074850e-12,1.292369795952775345e-11,2.505410959593047892e-12,2.984254453307188527e-12,4.182845956823427593e-12,3.965221830066943900e-12,4.843586090437357661e-12,4.025366215193218969e-12,5.041870542065178004e-12,7.446712131632481470e-12,6.773579908899075445e-12,8.890173633246590391e-12,4.782614121277581739e-12,7.535393804305479164e-12,8.124926154680118833e-12,8.032382082175600908e-12,1.104253799938649005e-11,9.088176821892445148e-12,1.077343356862025412e-11,1.783731568928355014e-10,1.584353977961827137e-11,1.273018613341870913e-11
3.725648469046476504e-12,5.001357336711839941e-12,4.047085567945044556e-12,4.108354810409492357e-12,4.441190072025680685e-12,4.126579257741193131e-12,4.088646209098789009e-12,4.833337359454467775e-12,3.740272898754360341e-12,3.571747551787707952e-12,3.049969405903555958e-12,3.794834232678079785e-12,3.735957334061017045e-12,4.187906236418539628e-12,4.101441826516763470e-12,4.738757014991770712e-12,4.544142934817688080e-12,3.747624734488444656e-12,3.961818536287668402e-12,3.708425934760926161e-12,4.036931616590599139e-12,5.984662356744365235e-12,8.032510737896635620e-12,3.476257570209848152e-12,3.936945609466910036e-12,4.098677026587132160e-12,4.338944851647392855e-12,4.763777082301725267e-12,4.109741358462981971e-12,4.124736348075147448e-12,3.734380494456741186e-12,3.739408120739417075e-12,5.394404671362587144e-12,7.193532975528786158e-12,1.163271173084789249e-11,3.158082775395625983e-12,3.347065161799059982e-12,3.900896199958978118e-12,4.699163758004126850e-12,5.376299883039034705e-12,4.355278247375754761e-12,3.844243769088710004e-12,3.410154045860873316e-12,3.781260007897909973e-12,4.952737743782443684e-12,8.322121932902469564e-12,1.021689633174870380e-11,3.169650504877123752e-12,3.016612164881642051e-12,3.499447527276392344e-12,3.993797460266911185e-12,4.476386639477655307e-12,3.925687629682146653e-12,4.206054875086041953e-12,4.244414723099944714e-12,4.393039041829670807e-12,7.125236396015479453e-12,1.283721847923397771e-11,2.506588240514596652e-12,2.982762123376990576e-12,4.170523836831194666e-12,3.960204051345885808e-12,4.831367319024063868e-12,4.022644061571296130e-12,5.033858280546032278e-12,7.401495017413326686e-12,6.760066213879138007e-12,8.871992629163141806e-12,4.773501767067121054e-12,7.467725757540560792e-12,8.053586898625936726e-12,7.972328842233101569e-12,1.089822960564103076e-11,9.048133710020261421e-12,1.076915473352378068e-11,1.456179275778599062e-10,1.562679195525670029e-11,1.259474341714005799e-11
3.729237555873063704e-12,5.010766332114987135e-12,4.054535068004420259e-12,4.114300507088624662e-12,4.448495287431548364e-12,4.131595221572152591e-12,4.089831353054070500e-12,4.831493384335538960e-12,3.737978959971678028e-12,3.572940196843017971e-12,3.051964228835097569e-12,3.801337172131392184e-12,3.740307021728103387e-12,4.193919067783426160e-12,4.106088979538766819e-12,4.742428452703651881e-12,4.539060693066528735e-12,3.748019158655141666e-12,3.961908173261039145e-12,3.711346468106905560e-12,4.040596150016158868e-12,5.984935788242507422e-12,8.026345244324518845e-12,3.477849364634102761e-12,3.934743582794712236e-12,4.100250344592786395e-12,4.339179102738655240e-12,4.760648281854146318e-12,4.109802892645057521e-12,4.126744345211625039e-12,3.730992598599073429e-12,3.736804491951007739e-12,5.377645357316785268e-12,7.180186405964953549e-12,1.162956099403493055e-11,3.154945455058461679e-12,3.344486315368272514e-12,3.892337943529069042e-12,4.673275523484099335e-12,5.341073722482239637e-12,4.349872686711095332e-12,3.840114899667597676e-12,3.409392324291560200e-12,3.776183671292777102e-12,4.930039221195882212e-12,8.255322997603244703e-12,1.014020106645314073e-11,3.164443378151179000e-12,3.014599526930228612e-12,3.491056140030453801e-12,3.983197156830936058e-12,4.465977407461656662e-12,3.920582866846518552e-12,4.196579354590788084e-12,4.236164494090707904e-12,4.385879091479070110e-12,7.097504973720530966e-12,1.273098427936641300e-11,2.504046766601226673e-12,2.976779937021829959e-12,4.151778470524745923e-12,3.949175355534963234e-12,4.811734846469159066e-12,4.013861951906879856e-12,5.018189300486082556e-12,7.344833142834590471e-12,6.736250937711756858e-12,8.840321537442059106e-12,4.757103418824116827e-12,7.388675995957618116e-12,7.969957042378653905e-12,7.900008951887910682e-12,1.073813357281935082e-11,8.994129645707356275e-12,1.074889811317646581e-11,1.219205002498967255e-10,1.538768715926669984e-11,1.244044834704596337e-11
3.727062521615926079e-12,5.012612339878483656e-12,4.055844715275420476e-12,4.113958484436952117e-12,4.449038273003408556e-12,4.130264492302913537e-12,4.084617320831639073e-12,4.822014859154272878e-12,3.729747293665078468e-12,3.568541445132846746e-12,3.049206332941979154e-12,3.802062453083931937e-12,3.738899916390124703e-12,4.193521778783797461e-12,4.104416978999772342e-12,4.738756731026456687e-12,4.526727783807255289e-12,3.742526624217737838e-12,3.955768591806516141e-12,3.708509917479594842e-12,4.038012150157510967e-12,5.975837139862653682e-12,8.007489222620667272e-12,3.474009861058954012e-12,3.926298102753385431e-12,4.095419177934139142e-12,4.332599174300171138e-12,4.749964974112305685e-12,4.103403553875482628e-12,4.122319033178662267e-12,3.721653862089914516e-12,3.728257960708260700e-12,5.352140466465145718e-12,7.155314053315900956e-12,1.160828169130302229e-11,3.146765954876099671e-12,3.336579708810272971e-12,3.877483335632015001e-12,4.639723549641791995e-12,5.297103888215696557e-12,4.337506030757576407e-12,3.829848857901316075e-12,3.403243454241477561e-12,3.765051856938121432e-12,4.899266654039645240e-12,8.175111727348539510e-12,1.004700783246057537e-11,3.154140187147308680e-12,3.007788977291521593e-12,3.477004622701280498e-12,3.966129403277969993e-12,4.448340682583618505e-12,3.909195537284901327e-12,4.180314366137015088e-12,4.221081044525280704e-12,4.371669018710936042e-12,7.058201764293548664e-12,1.260414501950770624e-11,2.497498340019086528e-12,2.965985141565595929e-12,4.126230309885042227e-12,3.931727957832163141e-12,4.784233818232705242e-12,3.998588554580991058e-12,4.994355704228551409e-12,7.276209516365560681e-12,6.701469261294750690e-12,8.794287087050603049e-12,4.732948597647157794e-12,7.297861735285282433e-12,7.873613672274168980e-12,7.814938572832904940e-12,1.056193844502077302e-11,8.925427426816476906e-12,1.071146665168081756e-11,1.038624361696646968e-10,1.512582223499292173e-11,1.226677624501829044e-11
3.718619109405362287e-12,5.006180323223831751e-12,4.050439021316809189e-12,4.106756683791090021e-12,4.442193319095369893e-12,4.122019823561222459e-12,4.072471419018837460e-12,4.804296093622547950e-12,3.715117394722943263e-12,3.558085446787944628e-12,3.041291024732207996e-12,3.796474601775029133e-12,3.731224576357716551e-12,4.186131520605799419e-12,4.095864687411446597e-12,4.727105351539425711e-12,4.506601466550456112e-12,3.730664739110865669e-12,3.942892054559621834e-12,3.699419402408121541e-12,4.028634420792268438e-12,5.956593807202742573e-12,7.974951759967632870e-12,3.464282458587106188e-12,3.911122524441766423e-12,4.083646515811216794e-12,4.318647321270117866e-12,4.731140592810106045e-12,4.090016664166104995e-12,4.110916645520671682e-12,3.705913073329140062e-12,3.713310548615382829e-12,5.317328087607677296e-12,7.118092751356824588e-12,1.156737710473892407e-11,3.133165407903547415e-12,3.322937793198149478e-12,3.855899936618072514e-12,4.598104169865422511e-12,5.243968595699174086e-12,4.317662542306277466e-12,3.812986024835182668e-12,3.391277618204812148e-12,3.747420469813149097e-12,4.859960332169005145e-12,8.080918265329257457e-12,9.936577817467962752e-12,3.138376656382803373e-12,2.995811117888935653e-12,3.456910944631981327e-12,3.942165595499230556e-12,4.422984100222120356e-12,3.891063116715881049e-12,4.156795215222061849e-12,4.198685193885635413e-12,4.349901915576859208e-12,7.006624915950714682e-12,1.245583739339450649e-11,2.486643156121051104e-12,2.950043482829956177e-12,4.093490118525644249e-12,3.907440889396599802e-12,4.748396972648738415e-12,3.976377463631209287e-12,4.961833799830783651e-12,7.195099093640651397e-12,6.655036619906634929e-12,8.732989908264544741e-12,4.700552815011392442e-12,7.194897551871878795e-12,7.764130610973359326e-12,7.716628283554869736e-12,1.036933541967780897e-11,8.841274100305979979e-12,1.065561898918360821e-11,8.959371561668755170e-11,1.484079816928983338e-11,1.207320053322763778e-11
3.703377161866865837e-12,4.990715384651372660e-12,4.037710387847879520e-12,4.092092302386239867e-12,4.427300521187604758e-12,4.106264171937310771e-12,4.052835348846585561e-12,4.777704172422413643e-12,3.693608440456593882e-12,3.541083819175216552e-12,3.027793378390101084e-12,3.784008596096695590e-12,3.716742779647823414e-12,4.171134185683893676e-12,4.079841721253213014e-12,4.706805849063067951e-12,4.478116247893303622e-12,3.711928302490031087e-12,3.922747026452137699e-12,3.683552948082897129e-12,4.011889950339190655e-12,5.926397154833586533e-12,7.927699432531852180e-12,3.448188196016304070e-12,3.888708635251578013e-12,4.064369301140651750e-12,4.296739614790705762e-12,4.703562887073266341e-12,4.069090891824619078e-12,4.091966782437424172e-12,3.683299670183598390e-12,3.691484233270896907e-12,5.272626835005407160e-12,7.067667372124348215e-12,1.150528401274761490e-11,3.113748805906013280e-12,3.303135287889237052e-12,3.827138924111462592e-12,4.548002454493582956e-12,5.181235273891078705e-12,4.289805104483305463e-12,3.789047391040244570e-12,3.373045286315311924e-12,3.722827153905662279e-12,4.811646625603768005e-12,7.972159633825372129e-12,9.808154519660914019e-12,3.116773934976518033e-12,2.978280300246414075e-12,3.430378869119503077e-12,3.910861591251837072e-12,4.389396897892002592e-12,3.865703992609513078e-12,4.125539713065986666e-12,4.168479184000231100e-12,4.320050630313546845e-12,6.942049988502407479e-12,1.228517835277796393e-11,2.471168639168916334e-12,2.928607786015439723e-12,4.053156771415857732e-12,3.875878105183203337e-12,4.703742215013395131e-12,3.946765348542202713e-12,4.920081745621957154e-12,7.100964454427406085e-12,6.596245659789945287e-12,8.655500873957326443e-12,4.659415261665602199e-12,7.079390440840440100e-12,7.641073179710601828e-12,7.604578154005001365e-12,1.016001082229211694e-11,8.740896442746575200e-12,1.058006602215283050e-11,7.801217086867382373e-11,1.453220980553652968e-11,1.185918462738117693e-11
3.680777727264907247e-12,4.965418846865250640e-12,4.017015928124970268e-12,4.069328596175322419e-12,4.403662307860661772e-12,4.082367492681002818e-12,4.025122036178501507e-12,4.741575196266603642e-12,3.664716349347865499e-12,3.517022870035034909e-12,3.008265860951086228e-12,3.764066887223536646e-12,3.694886619389435744e-12,4.147881145240137546e-12,4.055725267785626577e-12,4.677154133245279473e-12,4.440680287983929922e-12,3.685786389302525231e-12,3.894775094024323752e-12,3.660360607684428635e-12,3.987174782544176976e-12,5.884397922447942491e-12,7.864650161521743926e-12,3.425223049436549410e-12,3.858523566532777347e-12,4.036995254907981197e-12,4.266262576659247074e-12,4.666590196962513147e-12,4.040047057990221657e-12,4.064869216392021476e-12,3.653320785731405130e-12,3.662278003354941246e-12,5.217431346679026033e-12,7.003145129481813713e-12,1.142036409421636402e-11,3.088102486102964203e-12,3.276726533765946705e-12,3.790731900697875310e-12,4.488987947832005929e-12,5.108455557173185146e-12,4.253371761949484532e-12,3.757531505920307846e-12,3.348074547247034770e-12,3.690788270059714765e-12,4.753833628612952273e-12,7.848231819465547996e-12,9.660954255697053368e-12,3.088936032057687235e-12,2.954792239951654539e-12,3.396995063479248703e-12,3.871754395854132048e-12,4.347046250998034603e-12,3.832614333071302711e-12,4.086044735281725087e-12,4.129943239744899844e-12,4.281564243265140905e-12,6.863723918909333040e-12,1.209125311434709550e-11,2.450747440517646123e-12,2.901315513240574474e-12,4.004813580632960850e-12,3.836585182910154072e-12,4.649768438024497732e-12,3.909268666098982063e-12,4.868535338270954856e-12,6.993248786879242977e-12,6.524360569730654125e-12,8.560853765919321072e-12,4.609014793727525676e-12,6.950932362261636980e-12,7.503990200671550630e-12,7.478269986206355553e-12,9.933635101100027094e-12,8.623492857072274756e-12,1.048346261835157151e-11,6.841361499651699992e-11,1.419963025560834099e-11,1.162416958806257925e-11
3.650228618851230769e-12,4.929442262290057824e-12,3.987672631327977339e-12,4.037789985912904449e-12,4.370538133769678182e-12,4.049661820795689117e-12,3.988710738839735220e-12,4.695208456882322489e-12,3.627909257784807992e-12,3.485359325597128697e-12,2.982234693870849946e-12,3.736014867714754519e-12,3.665054052632364908e-12,4.115684252747670355e-12,4.022855195260277447e-12,4.637404832283357574e-12,4.393669863505514492e-12,3.651677858405117123e-12,3.858386212668043999e-12,3.629260039603266093e-12,3.953849202449988313e-12,5.829699049105921101e-12,7.784663506131403662e-12,3.394853779081976761e-12,3.820005036151116777e-12,4.000897975242045335e-12,4.226567975610609416e-12,4.619545690605928274e-12,4.002273205881531531e-12,4.028988963494182631e-12,3.615456711350404888e-12,3.625163330482537121e-12,5.151105471328741880e-12,6.923586723824087345e-12,1.131088999259101523e-11,3.055790287787973976e-12,3.243241434848625062e-12,3.746186044813461597e-12,4.420608466261042826e-12,5.025158090204864117e-12,4.207770402474778769e-12,3.717909794930820458e-12,3.315867005423325647e-12,3.650794268546939961e-12,4.686004725705874583e-12,7.708498506665719516e-12,9.494152440705393621e-12,3.054445914701444910e-12,2.924920364225225146e-12,3.356324729855988708e-12,3.824357153571503397e-12,4.295371697632623097e-12,3.791263286682918445e-12,4.037780989163622125e-12,4.082530319712493260e-12,4.233862665834705350e-12,6.770855910566365710e-12,1.187309785762996237e-11,2.425034388414160518e-12,2.867785065745109735e-12,3.948022880937353820e-12,3.789084344273251241e-12,4.585949303116704934e-12,3.863378661578121827e-12,4.806601651314986428e-12,6.871365886590149876e-12,6.438608491411203268e-12,8.448034032305328583e-12,4.548803880363789654e-12,6.809089984960387914e-12,7.352402949152332268e-12,7.337156433094071917e-12,9.689848065247034550e-12,8.488221431402724857e-12,1.036439443012486509e-11,6.032372119878041998e-11,1.384258988202314207e-11,1.136755701223812461e-11
3.611097889853665111e-12,4.881878635829643873e-12,3.948950277566501332e-12,3.996754868326604789e-12,4.327136696974965958e-12,4.007434044769883536e-12,3.942939857832628628e-12,4.637857892782697886e-12,3.582620900215480196e-12,3.445514055794011079e-12,2.949194508019965627e-12,3.699174228811287880e-12,3.626602361211117771e-12,4.073808509002998172e-12,3.980526867970674102e-12,4.586762975364447616e-12,4.336421283241043068e-12,3.609004757420769739e-12,3.812951729044798096e-12,3.589630007300066334e-12,3.911230660681293239e-12,5.761345120029163017e-12,7.686526401979042042e-12,3.356511828826273008e-12,3.772554382175684192e-12,3.955409735073984534e-12,4.176965184711399845e-12,4.561708923649219050e-12,3.955117361341646952e-12,3.983649039345261166e-12,3.569154268493866668e-12,3.579577545052735124e-12,5.072972484402703545e-12,6.827993447832315692e-12,1.117502469148233470e-11,3.016347944111998945e-12,3.202179526364592467e-12,3.692977097602370369e-12,4.342381420070858534e-12,4.930838558799415273e-12,4.152370999970620728e-12,3.669619725152503056e-12,3.275891766271013315e-12,3.602302949114960966e-12,4.607609498078747524e-12,7.552275637526235229e-12,9.306864650381604151e-12,3.012859841934361435e-12,2.888210471772397129e-12,3.307905301135242687e-12,3.768151934471575618e-12,4.233777079842726965e-12,3.741085987667717606e-12,3.980185447255438180e-12,4.025658504268170350e-12,4.176328786376599410e-12,6.662604427760979881e-12,1.162967595632107338e-11,2.393662038728685202e-12,2.827610432613788136e-12,3.882318376660722026e-12,3.732867294139303063e-12,4.511724404171619858e-12,3.808554137410768223e-12,4.733649904233338792e-12,6.734686417555670755e-12,6.338167216217240468e-12,8.315962646643389078e-12,4.478199866870464871e-12,6.653390931311255106e-12,7.185790307750391121e-12,7.180646226647067198e-12,9.428239496895159734e-12,8.334183224822471794e-12,1.022135858122296817e-11,5.340949549374870772e-11,1.346054869696744732e-11,1.108868594397566598e-11
3.562704426915095870e-12,4.821749769590214963e-12,3.900061214523873606e-12,3.945445236573290731e-12,4.272604712869013919e-12,3.954915487294835878e-12,3.887096599978296125e-12,4.568719844655688913e-12,3.528241134748185954e-12,3.396863048240670314e-12,2.908600644639130820e-12,3.652813375439104862e-12,3.578838723021218980e-12,4.021461482578189893e-12,3.927980786935487239e-12,4.524372012975999616e-12,4.268219356287176674e-12,3.557122846945903899e-12,3.757794360031241879e-12,3.540801014111040667e-12,3.858583576138265901e-12,5.678307210799132354e-12,7.568932766786175406e-12,3.309584547792119560e-12,3.715526590313337462e-12,3.899811121525118415e-12,4.116710204016868470e-12,4.492303763215349978e-12,3.897877136047626255e-12,3.928120033788163164e-12,3.513817341152183092e-12,3.524914361586221359e-12,4.982301340494600057e-12,6.715288883528748207e-12,1.101079183335602670e-11,2.969275075729023627e-12,3.153001494380833712e-12,3.630539439644943625e-12,4.253781859083614763e-12,4.824946064069831387e-12,4.086494559497302970e-12,3.612055054239788374e-12,3.227576808862279026e-12,3.544729862869531129e-12,4.518051102064413747e-12,7.378810506818837151e-12,9.098120875774785214e-12,2.963699314107314914e-12,2.844173093443865176e-12,3.251237536108238711e-12,3.702579565353617927e-12,4.161619151209183874e-12,3.681473591565140462e-12,3.912650645498101288e-12,3.958700203317328076e-12,4.108297308042620782e-12,6.538059028751306845e-12,1.135984581021832519e-11,2.356234323407058976e-12,2.780353608357431860e-12,3.807194513024117304e-12,3.667385134897940418e-12,4.426486950841896097e-12,3.744211220016716797e-12,4.648998634355487949e-12,6.582519270126690555e-12,6.222147950024621271e-12,8.163473488214491535e-12,4.396572640355063991e-12,6.483305446428860929e-12,7.003568953521872126e-12,7.008084318253465078e-12,9.148323740759790431e-12,8.160399289856990406e-12,1.005273616800163242e-11,4.742920222269868535e-11,1.305286023627503590e-11,1.078680190989792803e-11
3.504304541188852045e-12,4.747988255492579481e-12,3.840145758561414579e-12,3.883011877732414957e-12,4.206010914439625334e-12,3.891267048687553711e-12,3.820402307953660540e-12,4.486915780539476307e-12,3.464102550198625139e-12,3.338724585369222281e-12,2.859858196640721855e-12,3.596133735891127733e-12,3.521006761527264991e-12,3.957778243848917271e-12,3.864387844887556734e-12,4.449296825354122381e-12,4.188281177631346623e-12,3.495328159410556305e-12,3.692173987279348651e-12,3.482041973888751412e-12,3.795104823142517278e-12,5.579461492807856217e-12,7.430454971869556533e-12,3.253402700102200219e-12,3.648216203556985894e-12,3.833316331359560406e-12,4.044990118468824812e-12,4.410481377388954145e-12,3.829784994345961942e-12,3.861605305851727134e-12,3.448793525140826595e-12,3.460510500724171635e-12,4.878287628618478617e-12,6.584293469073557059e-12,1.081603411324789472e-11,2.914023898084151925e-12,3.095117203381649894e-12,3.558252215215112696e-12,4.154226119767975134e-12,4.706864611096972269e-12,4.009397575015483458e-12,3.544552095317946775e-12,3.170296766842766152e-12,3.477434815007178790e-12,4.416668914393403678e-12,7.187253745572873865e-12,8.866831064748884266e-12,2.906439769044354676e-12,2.792272697427423987e-12,3.185773081695536953e-12,3.627025454763841335e-12,4.078191668882228100e-12,3.611759260694230724e-12,3.834509727208662131e-12,3.880967043520181803e-12,4.029039094734260967e-12,6.396215419991538286e-12,1.106231807481049139e-11,2.312317592964760848e-12,2.725533967469436027e-12,3.722091833601821493e-12,3.592034312297395739e-12,4.329566772060082826e-12,3.669709050832166696e-12,4.551897906426275727e-12,6.414086514370916334e-12,6.089571586877632598e-12,7.989282248487203535e-12,4.303227604624110331e-12,6.298222014747894967e-12,6.805067031536702805e-12,6.818725345959388818e-12,8.849506542366959819e-12,7.965779565080989870e-12,9.856754105984356811e-12,4.220237121914358867e-11,1.261872484758319448e-11,1.046101523311444376e-11
3.435072814803291111e-12,4.659411430869762736e-12,3.768251220381473929e-12,3.808513238196194610e-12,4.126323025677178861e-12,3.815557916040212213e-12,3.741991568619615039e-12,4.391467656167558333e-12,3.389461490668384907e-12,3.270340972131601920e-12,2.802306350336637786e-12,3.528250135623858763e-12,3.452267286108508372e-12,3.881799695986253609e-12,3.788828181680000716e-12,4.360499289037361457e-12,4.095733173045618360e-12,3.422837877518458376e-12,3.615267469063336416e-12,3.412541179751288471e-12,3.719902987842580850e-12,5.463558446772603490e-12,7.269502540583055951e-12,3.187222641161525212e-12,3.569837360590256208e-12,3.755052196928499355e-12,3.960900936045369320e-12,4.315296019497283289e-12,3.749987307074503300e-12,3.783219861566810245e-12,3.373355240858361924e-12,3.385626741126450398e-12,4.760026814402785658e-12,6.433687959575018125e-12,1.058835391622989960e-11,2.849983246765132699e-12,3.027868730075474996e-12,3.475419856151575469e-12,4.043049337538818767e-12,4.575887773047492399e-12,3.920250078429336556e-12,3.466370310423461704e-12,3.103355562185314806e-12,3.399702820402699548e-12,4.302714517203082522e-12,6.976620574061017266e-12,8.611736830581310712e-12,2.840494646697300060e-12,2.731912379189071608e-12,3.110897016887561348e-12,3.540799754334820083e-12,3.982703098700313622e-12,3.531198392756489260e-12,3.745015475912095007e-12,3.791688645683162084e-12,3.937739117028693930e-12,6.235940195712049081e-12,1.073559544590517992e-11,2.261427940561926580e-12,2.662613327348814086e-12,3.626376697346492096e-12,3.506136955875971689e-12,4.220206737459577589e-12,3.584329707739053913e-12,4.441504397120185765e-12,6.228488801603458076e-12,5.939335121415345796e-12,7.791942181755855946e-12,4.197383187284021300e-12,6.097414352574391704e-12,6.589488334832981363e-12,6.611697265798289619e-12,8.531040192735410349e-12,7.749079212264875815e-12,9.631430797394725538e-12,3.759095737224179583e-11,1.215712535357959468e-11,1.011025354749987617e-11
3.354074658274369985e-12,4.554684141114003493e-12,3.683301741508785900e-12,3.720884915799813500e-12,4.032374747358741651e-12,3.726735058914677631e-12,3.650882297226014681e-12,4.281262915411033096e-12,3.303471107726495069e-12,3.190852475284762676e-12,2.735196081984637214e-12,3.448162540583194132e-12,3.371670721590960419e-12,3.792441520202204233e-12,3.700260871602918189e-12,4.256803459861538785e-12,3.989578485367255332e-12,3.338763015569608612e-12,3.526139751950513710e-12,3.331379026078553178e-12,3.631968601459893327e-12,5.329179399990572013e-12,7.084264617038346407e-12,3.110200944329719672e-12,3.479495329489609203e-12,3.664028167803554364e-12,3.863415957774272532e-12,4.205670653713676800e-12,3.657514385710613193e-12,3.691960102150662736e-12,3.286672909823853255e-12,3.299420974516038200e-12,4.626476679397838600e-12,6.261962659805030650e-12,1.032502855017106407e-11,2.776455962295490658e-12,2.950506329878899484e-12,3.381244566226596938e-12,3.919473937232932047e-12,4.431183245684295786e-12,3.818104419582903814e-12,3.376664740973741530e-12,3.025961716216481640e-12,3.310717105553137895e-12,4.175317931855856728e-12,6.745737759179972289e-12,8.331345902510923000e-12,2.765192910651147044e-12,2.662412181258578777e-12,3.025903314590546885e-12,3.443109376017689739e-12,3.874245007052641986e-12,3.438940547962460887e-12,3.643310612674750894e-12,3.689982499105289687e-12,3.833465131717763809e-12,6.055922020379030094e-12,1.037789168624369085e-11,2.203013253536496586e-12,2.590974886160083941e-12,3.519312967679224969e-12,3.408913243669653536e-12,4.097529537840103655e-12,3.487249802081639992e-12,4.316846309700860409e-12,6.024657786795989967e-12,5.770165044012918233e-12,7.569783136411275900e-12,4.078136753854835300e-12,5.879995950917798159e-12,6.355863157597514321e-12,6.385951468473027888e-12,8.191962737187583140e-12,7.508838860832410237e-12,9.374499730385160189e-12,3.348703093416676695e-11,1.166674142541518534e-11,9.733181110716854436e-12
3.260226625690645126e-12,4.432264621931944075e-12,3.584054561283330076e-12,3.618895570001240252e-12,3.922817920498000100e-12,3.623579110410530956e-12,3.545932727220599045e-12,4.155004220848072718e-12,3.205142563028530927e-12,3.099259649829353673e-12,2.657657800313325908e-12,3.354715141048364194e-12,3.278117177689025388e-12,3.688449234046403877e-12,3.597480142388607344e-12,4.136845275436932498e-12,3.868650349167714011e-12,3.242069097973603413e-12,3.423702389481924553e-12,3.237488639173190683e-12,3.530131216545122330e-12,5.174673751936796498e-12,6.872626812572759730e-12,3.021357656628463022e-12,3.376145692890460435e-12,3.559093125071619907e-12,3.751340317118181092e-12,4.080347655832966611e-12,3.551237459451849006e-12,3.586660284780495659e-12,3.187776439327746377e-12,3.200909499864133215e-12,4.476403970219260841e-12,6.067344461115221728e-12,1.002288870533721324e-11,2.692626396391434221e-12,2.862153799275699622e-12,3.274787025623712279e-12,3.782565312774269571e-12,4.271743273073781508e-12,3.701850684503194128e-12,3.274446494488699189e-12,2.937192731327723968e-12,3.209520417224487382e-12,4.033440064214088939e-12,6.493169130777832131e-12,8.023839561702928699e-12,2.679746792539922948e-12,2.582977835905725217e-12,2.929959672656855800e-12,3.333018107096056513e-12,3.751747151842049247e-12,3.333989267336371553e-12,3.528385517681504097e-12,3.574811065088450084e-12,3.715123032079172591e-12,5.854602148427264844e-12,9.987017158632367571e-12,2.136427430852884590e-12,2.509893102198147754e-12,3.400021758538724230e-12,3.299441902654547199e-12,3.960490812699953429e-12,3.377499965885078002e-12,4.176773607855531361e-12,5.801289385376554931e-12,5.580550955194737695e-12,7.320824416911893029e-12,3.944417828423966951e-12,5.644856979797456219e-12,6.102979910847557549e-12,6.140193069673415752e-12,7.831014043731685990e-12,7.243299952731885965e-12,9.083300218251967603e-12,2.980442807302250939e-11,1.114583075052303705e-11,9.328097767584099358e-12
3.152238007188299248e-12,4.290324559807454453e-12,3.469035407387828840e-12,3.501081867556369016e-12,3.796051895124870153e-12,3.504639315523996125e-12,3.425778173125374195e-12,4.011135711362153452e-12,3.093288278540583290e-12,2.994368078989695247e-12,2.568653842716449096e-12,3.246535936560706622e-12,3.170297634070914472e-12,3.568331877636322633e-12,3.479050831522255592e-12,3.998998511019557310e-12,3.731543827110523725e-12,3.131518430122781100e-12,3.306652605871042976e-12,3.129597945671352890e-12,3.412996174543421657e-12,4.998066813768696853e-12,6.632049514725228050e-12,2.919522373689229953e-12,3.258534525923802454e-12,3.438871863382602655e-12,3.623244189634226361e-12,3.937816549069586100e-12,3.429805470072801460e-12,3.465928466642533711e-12,3.075498904630647686e-12,3.088910378164787598e-12,4.308306713349703883e-12,5.847690374807719191e-12,9.678140249703387835e-12,2.597512820771547140e-12,2.761757864897203459e-12,3.154909138056799828e-12,3.631167670576633132e-12,4.096312931726943755e-12,3.570151440361189578e-12,3.158524965978229643e-12,2.835942930779565671e-12,3.094958514822858790e-12,3.875803657863492116e-12,6.217108215942391010e-12,7.686939196416800910e-12,2.583204695141875393e-12,2.492655035112573349e-12,2.822056393479575282e-12,3.209388568895653764e-12,3.613911938359622616e-12,3.215143348500508034e-12,3.399016560099511992e-12,3.444919128075262159e-12,3.581391564906905391e-12,5.630073520676947804e-12,9.560214062598338402e-12,2.060892664625161126e-12,2.418489732305300075e-12,3.267423225755215969e-12,3.176602830992699002e-12,3.807811021748976522e-12,3.253905793005529786e-12,4.019885539747713063e-12,5.556747476788450396e-12,5.368649064484304521e-12,7.042648201154336458e-12,3.794920039858153967e-12,5.390573556458054457e-12,5.829286802561994305e-12,5.872780525458707035e-12,7.446515738777644699e-12,6.950282363096882198e-12,8.754618021219676135e-12,2.647287791215996595e-11,1.059205929262878233e-11,8.892792602113521592e-12
3.028522579979807401e-12,4.126628044361962635e-12,3.336440670239607336e-12,3.365650080452019256e-12,3.650116646255556412e-12,3.368135201646599824e-12,3.288735664657143957e-12,3.847731974685017189e-12,2.966436500657813796e-12,2.874704996110371302e-12,2.466906769994931449e-12,3.121945287248978297e-12,3.046605036231729005e-12,3.430261720431219502e-12,3.343210847913626267e-12,3.841262983484636540e-12,3.576513197844334107e-12,3.005583067420765343e-12,3.173381459576592245e-12,3.006142190779728319e-12,3.278849099303770998e-12,4.796920910249558050e-12,6.359384826969550025e-12,2.803252855948425245e-12,3.125108354332547538e-12,3.301669284109067186e-12,3.477362129345185062e-12,3.776205269962088610e-12,3.291549818808127756e-12,3.328049858804019357e-12,2.948391829031515095e-12,2.961958183440860143e-12,4.120297894911238309e-12,5.600327741744487618e-12,9.286095775058878627e-12,2.489895958332896935e-12,2.648012019668805301e-12,3.020188132879312970e-12,3.463808297229395483e-12,3.903283282624579480e-12,3.421343673287155067e-12,3.027420958505278441e-12,2.720844872103926305e-12,2.965595246233018571e-12,3.700790153084145854e-12,5.915218542141446405e-12,7.317707702407275127e-12,2.474380524209338224e-12,2.390260634038229668e-12,2.700929699021449891e-12,3.070795209745702085e-12,3.459116135785355664e-12,3.080908587505222020e-12,3.253673600057091080e-12,3.298739778971498906e-12,3.430624305135250168e-12,5.379929875847360110e-12,9.093911422928768409e-12,1.975442738766037769e-12,2.315667847790190162e-12,3.120149547714941357e-12,3.038991084529602075e-12,3.637873593242412797e-12,3.114999234766472128e-12,3.844422115157593477e-12,5.288920614902737128e-12,5.132137795455701474e-12,6.732210148582480752e-12,3.627999101807276321e-12,5.115273110695308849e-12,5.532745920043430672e-12,5.581576472301647699e-12,7.036193692590289593e-12,6.627001940631769456e-12,8.384446118788430642e-12,2.343369123527087951e-11,1.000225047670218138e-11,8.424326263023722634e-12
2.887060669935967579e-12,3.938342022769620485e-12,3.183984235442183403e-12,3.210322120814380890e-12,3.482525492709357240e-12,3.211802812686005086e-12,3.132655057640537337e-12,3.662324893703861141e-12,2.822698108999182017e-12,2.738389099330590248e-12,2.350787337338385953e-12,2.978812772621522416e-12,2.904995281978095587e-12,3.271917357304355938e-12,3.187718663935851558e-12,3.661089866173821338e-12,3.401312105252881813e-12,2.862308981168547111e-12,3.021830527901228319e-12,2.865127240052773833e-12,3.125506628816132878e-12,4.568118614911723567e-12,6.050591243419485689e-12,2.670707933697878105e-12,2.973873769109376942e-12,3.145320793059176178e-12,3.311435970021411912e-12,3.593110664168939681e-12,3.134335720842558846e-12,3.170835887644824761e-12,2.804593165585468580e-12,2.818171118472381481e-12,3.909924712517324606e-12,5.321805553854303979e-12,8.840755850435032795e-12,2.368207594738226466e-12,2.519237812341199524e-12,2.868782945372152984e-12,3.278549150474308831e-12,3.690525861635349138e-12,3.253286051613341777e-12,2.879231333197161555e-12,2.590146756105694718e-12,2.819580293465470019e-12,3.506279661223314667e-12,5.584386510926749532e-12,6.912242046038669620e-12,2.351743661446939230e-12,2.274275399404728892e-12,2.564942473464131983e-12,2.915389036481167950e-12,3.285258016117186241e-12,2.929360325041192359e-12,3.090376112981804618e-12,3.134248119708327335e-12,3.260697058812986157e-12,5.101031487244840808e-12,8.583345987622938790e-12,1.878834663109683657e-12,2.200009233862727305e-12,2.956409902291452526e-12,2.884783175146934386e-12,3.448566819706917205e-12,2.958880769404252052e-12,3.648095476452698781e-12,4.995000229749354978e-12,4.867993513870423148e-12,6.385545258709755117e-12,3.441514260220498219e-12,4.816426344556947419e-12,5.210607730050398130e-12,5.263717050361686364e-12,6.596904351035578406e-12,6.269787751925253181e-12,7.967612404057583424e-12,2.063639735515175404e-11,9.371998657111728209e-12,7.918694590044932508e-12
2.725173638481145530e-12,3.721726054555394177e-12,3.008646794961699717e-12,3.032083660351035089e-12,3.289991387737393760e-12,3.032643241033343327e-12,2.954675797409261927e-12,3.451620959680267246e-12,2.659549221653577288e-12,2.582917862267290468e-12,2.218131400922351984e-12,2.814322960796352221e-12,2.742759892441109119e-12,3.090227043708838435e-12,3.009603932352783690e-12,3.455096158239049984e-12,3.202932765820004443e-12,2.699094191148677887e-12,2.849257840357831753e-12,2.703906136772317874e-12,2.950072392570680501e-12,4.307508717675074712e-12,5.700268007455343279e-12,2.519439834815645354e-12,2.802168274933423046e-12,2.966947874571307569e-12,3.122458239963229761e-12,3.385321831027733586e-12,2.955319435644028093e-12,2.991377558282516986e-12,2.641611870501698894e-12,2.655034133864121370e-12,3.673874125860182144e-12,5.007488993154468457e-12,8.334125379508172615e-12,2.230348831136935573e-12,2.373191111869096002e-12,2.698216403970356000e-12,3.072745396278033361e-12,3.455123508936225548e-12,3.063109765329053141e-12,2.711408178464496364e-12,2.441512255724580018e-12,2.654433441925693345e-12,3.289390490154834420e-12,5.220319703166534165e-12,6.465173452348374220e-12,2.213239530477079185e-12,2.142668958342888321e-12,2.411889889531825863e-12,2.740677185581723309e-12,3.089508201424721266e-12,2.757919226667953546e-12,2.906458669341320195e-12,2.948722744240297322e-12,3.068759009873831789e-12,4.789123711026445408e-12,8.021946066430630108e-12,1.769404495007292400e-12,2.069607090031228047e-12,2.773770680678679107e-12,2.711519218010779519e-12,3.237026440569741120e-12,2.782994723335866028e-12,3.427815192454058074e-12,4.671120068499416611e-12,4.572125277075282991e-12,5.997288843597682570e-12,3.232570019113942141e-12,4.490509310638274960e-12,4.859044781616984653e-12,4.915237057711025612e-12,6.124190787107255644e-12,5.873622140377912196e-12,7.497172623145059141e-12,1.803585002930162449e-11,8.695042232170056225e-12,7.370282457387908080e-12
2.539132841929464058e-12,3.471594003790779360e-12,2.806240895560443378e-12,2.826747216713301655e-12,3.067952090815050364e-12,2.826486501108682943e-12,2.750805304162980083e-12,3.211011448927387565e-12,2.473454551307331017e-12,2.404798856738157284e-12,2.065922485420276865e-12,2.624569035454493259e-12,2.556131762472869185e-12,2.880923496219746440e-12,2.804735003088827272e-12,3.218569623336643461e-12,2.977154229139806429e-12,2.512304229977211302e-12,2.651832217110673317e-12,2.518791686930318711e-12,2.748513882729129785e-12,4.009292650332395430e-12,5.300848428862899407e-12,2.346034178905487458e-12,2.606263260539739174e-12,2.762534394235289109e-12,2.906227466702609824e-12,3.148340810949656693e-12,2.750527523476149316e-12,2.785617899890661504e-12,2.455954711077064508e-12,2.469023181735616749e-12,3.407463162656776485e-12,4.650857310053816801e-12,7.755028996368496724e-12,2.073375237718901832e-12,2.206726470660671307e-12,2.504998089096031699e-12,2.842627638815312720e-12,3.192904725808530030e-12,2.846786956983902155e-12,2.520376283684245811e-12,2.271673641222615914e-12,2.466670928982915603e-12,3.046028411242676976e-12,4.816852093696513378e-12,5.968802876878915938e-12,2.055978845435333877e-12,1.992596515823145016e-12,2.238662873038781949e-12,2.543141307476419409e-12,2.867878277336070644e-12,2.562962921871782949e-12,2.698164873140267634e-12,2.738332710438158676e-12,2.850801748587118292e-12,4.438176821616188051e-12,7.400265837714382305e-12,1.644817612802632275e-12,1.921776329884199620e-12,2.568775158298944267e-12,2.515725795312848332e-12,2.999190152193374763e-12,2.583740240623447110e-12,3.179212740129643221e-12,4.311732526503665810e-12,4.238742650734755383e-12,5.559847447429489925e-12,2.997068950620959469e-12,4.132419042148519697e-12,4.472518258869330835e-12,4.530421653428985685e-12,5.611515336283010562e-12,5.431345028341012616e-12,6.963359112873009403e-12,1.558930405349077826e-11,7.962180194379827170e-12,6.770918945705299455e-12
2.323426615828571543e-12,3.180304763724954333e-12,2.570595442533961668e-12,2.588133053137735921e-12,2.809679955574750387e-12,2.587173948048790421e-12,2.515128734749008203e-12,2.933654431121791103e-12,2.259161548633203111e-12,2.198858723907167440e-12,1.889696771382535286e-12,2.403790897703178250e-12,2.339546093675410795e-12,2.637709260958622089e-12,2.567008186319074617e-12,2.944540816112886169e-12,2.717695827683058903e-12,2.296551422188190105e-12,2.423872963357950221e-12,2.304330255676292572e-12,2.514869287489787630e-12,3.664874533196202000e-12,4.841088189435075637e-12,2.145435197796121298e-12,2.380619927506736076e-12,2.526132446237890548e-12,2.656514712342932064e-12,2.875484325180620071e-12,2.514068273890534132e-12,2.547550568002387165e-12,2.242426892139598691e-12,2.254901040545418308e-12,3.103683855647627088e-12,4.242188165547093332e-12,7.086890974513292324e-12,1.892906825721714725e-12,2.015168119805181265e-12,2.283917621179730629e-12,2.582519053305295025e-12,2.897571050662264246e-12,2.598321977163840776e-12,2.300816285055370453e-12,2.075781673443946872e-12,2.251105236284894869e-12,2.770042056683009213e-12,4.364641871937192673e-12,5.411480830602515243e-12,1.875655281525522239e-12,1.819830475140988859e-12,2.040617482158371341e-12,2.317522480724752451e-12,2.614412441112820537e-12,2.339098229951710532e-12,2.459886461197402894e-12,2.497363574836552885e-12,2.600851669672993132e-12,4.039149020540458133e-12,6.703988107848107198e-12,1.501600713278191962e-12,1.752510700555528291e-12,2.336230785195790744e-12,2.292209251872129401e-12,2.728962839860730795e-12,2.355742292502764439e-12,2.895750476734327464e-12,3.908439813934736440e-12,3.859171144314058880e-12,5.061845380977707575e-12,2.728873139086092225e-12,3.734378153331294050e-12,4.042590597284038879e-12,4.100591260763831017e-12,5.048820993330813559e-12,4.932162874736360315e-12,6.351610799415075356e-12,1.325269695738089436e-11,7.159241012233457482e-12,6.108102341840862031e-12
2.069231977083111381e-12,2.835658171228223027e-12,2.291855555130309208e-12,2.306361475781495365e-12,2.504425979581925636e-12,2.304853716299543821e-12,2.238161249046713261e-12,2.608560508472730871e-12,2.008228406424814914e-12,1.956802296395732962e-12,1.682302461251766703e-12,2.142786739877900444e-12,2.084099495050408587e-12,2.350516628121624975e-12,2.286657433925483585e-12,2.621848283672511715e-12,2.414451694932745536e-12,2.043192057722686914e-12,2.156264491616376782e-12,2.051787631130005225e-12,2.239593765277570213e-12,3.260463405064412863e-12,4.302913035608104679e-12,1.909538775983691484e-12,2.116337641057930902e-12,2.248206476131135312e-12,2.363325663096315340e-12,2.556010587448212422e-12,2.236487391312501698e-12,2.267548882549383538e-12,1.992673539745530662e-12,2.004248830248020533e-12,2.751210818969634037e-12,3.765813612234896844e-12,6.303105809195168888e-12,1.681897527294647606e-12,1.790998221768849691e-12,2.026570541230132021e-12,2.283201442365073503e-12,2.558875433899547234e-12,2.308064709350992935e-12,2.044169658467145113e-12,1.846049954988068494e-12,1.999384737284794320e-12,2.451460442405987601e-12,3.848452478111172535e-12,4.774224797913032373e-12,1.665330901484319314e-12,1.617575132102907905e-12,1.810259452250445920e-12,2.055329510613863826e-12,2.319501350953128083e-12,2.077643328997773515e-12,2.182576144221033487e-12,2.216603067044232832e-12,2.309285577400796427e-12,3.577405547136157393e-12,5.909754009473010329e-12,1.334165759740865291e-12,1.555350414480879127e-12,2.067721957256930551e-12,2.032581424345413998e-12,2.416474790951597745e-12,2.090331093327382667e-12,2.566862792305936548e-12,3.447553533116354939e-12,3.419380869263119575e-12,4.484883833677109638e-12,2.418056166535592978e-12,3.283646549015655552e-12,3.555445083315504673e-12,3.611563899938286834e-12,4.419524556380271393e-12,4.358536550566148738e-12,5.638464211388006922e-12,1.097445597848281142e-11,6.262837264900599745e-12,5.361297454806687498e-12
1.760700082622747229e-12,2.415782931417348884e-12,1.952351709066714606e-12,1.963703052592386410e-12,2.132910168442312988e-12,1.961838290786969246e-12,1.902842358187080436e-12,2.215938236028375957e-12,1.705444420078213338e-12,1.663709821854408922e-12,1.430884093101072971e-12,1.825053474535412242e-12,1.773805162717777638e-12,2.001279185041712990e-12,1.946146378184095725e-12,2.230435945442702962e-12,2.049196802500215160e-12,1.736672730857268814e-12,1.832601875879143104e-12,1.745468751508593582e-12,1.905540099602091021e-12,2.771244085637493143e-12,3.653753463237760930e-12,1.623772316554753109e-12,1.797380715898398208e-12,1.911607958514715102e-12,2.008675428380365726e-12,2.170564138522553926e-12,1.900770270010447297e-12,1.928303992363950090e-12,1.691632517265952529e-12,1.701894845031815617e-12,2.329552150095521522e-12,3.193444905790961185e-12,5.355782838094203706e-12,1.427642367924337754e-12,1.520666753290967515e-12,1.717771612072715151e-12,1.927935455456621877e-12,2.158183981009232760e-12,1.958608083007558242e-12,1.735002586572366681e-12,1.568458678961326358e-12,1.696441516557657001e-12,2.072201393883758692e-12,3.240525585272720885e-12,4.022476263037086095e-12,1.412481470218808917e-12,1.373584137725951831e-12,1.534043293879624087e-12,1.741208898366494571e-12,1.965779410155665327e-12,1.762935832262135022e-12,1.849885823587705345e-12,1.879413621843250216e-12,1.958733200303670104e-12,3.026436026535772186e-12,4.974998717136936790e-12,1.132435942059937783e-12,1.318627065233134321e-12,1.747988680104560791e-12,1.721671870120601866e-12,2.043841200153320218e-12,1.771842373211382281e-12,2.173432055250774034e-12,2.904147091697630845e-12,2.893971227860161081e-12,3.795652754175383428e-12,2.046646827595855283e-12,2.756940280822147013e-12,2.985836408782016287e-12,3.037468302848434213e-12,3.693176600561184568e-12,3.678600788895488577e-12,4.781557845317732475e-12,8.681930949423979459e-12,5.230002105405019993e-12,4.492902219503371544e-12
1.363446710265426032e-12,1.873307186987219726e-12,1.513807654168869770e-12,1.521724315625857139e-12,1.653355097168331485e-12,1.519771733438058000e-12,1.472119453408491092e-12,1.712760820161859105e-12,1.317727814868172685e-12,1.287179311875948149e-12,1.107536335481847175e-12,1.414833730000063728e-12,1.373991275282503398e-12,1.550834264299935525e-12,1.507441446006111404e-12,1.726781056210670594e-12,1.582265962448803633e-12,1.343203484370224995e-12,1.417241055654401819e-12,1.351313127120782857e-12,1.475504550412461541e-12,2.143307197703179227e-12,2.822773418166645263e-12,1.256494088774273316e-12,1.388876388394105471e-12,1.479098670882057491e-12,1.553489789853416848e-12,1.677048455034681571e-12,1.469948029042199698e-12,1.492235797036177241e-12,1.306531062767150555e-12,1.314838153209185543e-12,1.793990459290216486e-12,2.463458119262929539e-12,4.140853791904919562e-12,1.102493009154084111e-12,1.174696377144086237e-12,1.324420951095157513e-12,1.480086387343958054e-12,1.654670118175581351e-12,1.512060083484033654e-12,1.339725651973866503e-12,1.212533611851924942e-12,1.309469792360280182e-12,1.592733858551629877e-12,2.479956190132660715e-12,3.080453328889209134e-12,1.089826972473267648e-12,1.061219828461818411e-12,1.182434756625039126e-12,1.341673722882593334e-12,1.515388482889699974e-12,1.360877967097636036e-12,1.426178577469796795e-12,1.449542537671675673e-12,1.511361955033713155e-12,2.328337113426879405e-12,3.806318615450155698e-12,8.744803340644583206e-13,1.016911774058447300e-12,1.343672012428820482e-12,1.326387140332068437e-12,1.571986515790354896e-12,1.366132772543039666e-12,1.673738815312928058e-12,2.223547565284766902e-12,2.227487279386305614e-12,2.921431463216936217e-12,1.575407007142188342e-12,2.103044019792878449e-12,2.278246367756641746e-12,2.321480508733472877e-12,2.802569306246621854e-12,2.822593121528536003e-12,3.688615627153603890e-12,6.241059675590452951e-12,3.965866407559091765e-12,3.420082417228875121e-12
7.678061022726895446e-13,1.057416715374333350e-12,8.543440232078211890e-13,8.579496569469032991e-13,9.326926783275937867e-13,8.563812006275739318e-13,8.276821895276333567e-13,9.614982814053333613e-13,7.392849628807447063e-13,7.237522687237030053e-13,6.232029174867315040e-13,7.982409568545684435e-13,7.741144262135712473e-13,8.743898877638243781e-13,8.492801246909117902e-13,9.720403390940446517e-13,8.867215121224035077e-13,7.548542002177178961e-13,7.963162880052698892e-13,7.606540055206893189e-13,8.308215981481183063e-13,1.204478319053972893e-12,1.583475625172126201e-12,7.066921373427101856e-13,7.793160440579808834e-13,8.317948040404161854e-13,8.729565688367976071e-13,9.408460635631263331e-13,8.259230243092265475e-13,8.393907123802903735e-13,7.325154339655141763e-13,7.375303166423583101e-13,1.001014023284539990e-12,1.378468547671495313e-12,2.325895811920108042e-12,6.179736889866816068e-13,6.587937123059005197e-13,7.404139655673488229e-13,8.217127806221924621e-13,9.167445081389787735e-13,8.471323970214401666e-13,7.508453621929870742e-13,6.808790800923715344e-13,7.334397822620508628e-13,8.859390492397333879e-13,1.370165429871885591e-12,1.703715628519549940e-12,6.099840865043275119e-13,5.952839028391792053e-13,6.607280796915441225e-13,7.493089540988228790e-13,8.469541583103638427e-13,7.623120753092591186e-13,7.972104793490113896e-13,8.108246397736737566e-13,8.460024925930936596e-13,1.297109382202410991e-12,2.102237892270256211e-12,4.901098266608794313e-13,5.687050796940438793e-13,7.475051826076406319e-13,7.405539586835550342e-13,8.753389492651667356e-13,7.637556371306794822e-13,9.338874169550104940e-13,1.229349205579466669e-12,1.241876690166633255e-12,1.628754321658399518e-12,8.783238215245542328e-13,1.156226827988565987e-12,1.253062960073839689e-12,1.279989906008063230e-12,1.529553491559511312e-12,1.565871273723139692e-12,2.064108540825893860e-12,3.262816923940291432e-12,2.162444515709072230e-12,1.874396192635779429e-12
